Reveal,position,thisN,thisTrialN,thisRepN,key_resp_19.keys,key_resp_19.rt,key_resp_19.duration,key_resp_8.keys,key_resp_8.rt,key_resp_8.duration,trial_number,itemno,item_HU,item_EN,categoryno,category,subcategory,mean,frequency,aoa_stanford,aoa_kupermann,aoa_childes,positions,key_resp.keys,key_resp.rt,key_resp.duration,key_resp_6.keys,key_resp_6.rt,key_resp_6.duration,practice_loop.thisRepN,practice_loop.thisTrialN,practice_loop.thisN,practice_loop.thisIndex,practice_aperture.thisRepN,practice_aperture.thisTrialN,practice_aperture.thisN,practice_aperture.thisIndex,run_loop.thisRepN,run_loop.thisTrialN,run_loop.thisN,run_loop.thisIndex,trial_loop.thisRepN,trial_loop.thisTrialN,trial_loop.thisN,trial_loop.thisIndex,aperture_loop.thisRepN,aperture_loop.thisTrialN,aperture_loop.thisN,aperture_loop.thisIndex,thisRow.t,notes,piloting,intro_pic.started,Story_Beg.started,key_resp_4.started,S1.started,intro_pic.stopped,key_resp_4.keys,Story1.started,Story_1.started,key_resp_9.started,S1_2.started,Story1.stopped,key_resp_9.keys,Story2.started,Story_2.started,key_resp_10.started,S1_3.started,S1_3.stopped,Story2.stopped,key_resp_10.keys,key_resp_10.rt,key_resp_10.duration,Story4.started,Story_4.started,key_resp_12.started,S1_4.started,S1_4.stopped,Story4.stopped,key_resp_12.keys,key_resp_12.rt,key_resp_12.duration,Story5.started,Story_5.started,key_resp_13.started,S1_5.started,S1_5.stopped,Story5.stopped,key_resp_13.keys,key_resp_13.rt,key_resp_13.duration,Story6.started,Story_6.started,key_resp_14.started,S1_6.started,S1_6.stopped,Story6.stopped,key_resp_14.keys,key_resp_14.rt,key_resp_14.duration,Story7.started,Story.started,key_resp_20.started,S1_7.started,S1_7.stopped,Story7.stopped,key_resp_20.keys,key_resp_20.rt,key_resp_20.duration,Story8.started,Story_7.started,key_resp_21.started,S1_8.started,Story8.stopped,key_resp_21.keys,key_resp_21.rt,key_resp_21.duration,trial3.started,image_7.started,aperture_3.started,key_resp_19.started,trial3.stopped,practice_aperture.key_resp_19.keys,practice_aperture.key_resp_19.rt,practice_aperture.key_resp_19.duration,reveal.started,dots.started,sound_1.started,reveal.stopped,change_prac.started,image_10.started,sound_4.started,sound_4.stopped,change_prac.stopped,ISI.started,text.started,key_resp_8.started,ISI.stopped,practice_loop.key_resp_8.keys,practice_loop.key_resp_8.rt,practice_loop.key_resp_8.duration,S1_8.stopped,trial.started,image.started,aperture.started,key_resp.started,trial.stopped,aperture_loop.key_resp.keys,aperture_loop.key_resp.rt,aperture_loop.key_resp.duration,changee.started,image_2.started,sound_2.started,sound_2.stopped,changee.stopped,trial_loop.key_resp_8.keys,trial_loop.key_resp_8.rt,trial_loop.key_resp_8.duration,image.stopped,aperture.stopped,key_resp.stopped,inter_end_pic.started,image_8.started,key_resp_6.started,S1_9.started,S1_9.stopped,inter_end_pic.stopped,run_loop.key_resp_6.keys,run_loop.key_resp_6.rt,run_loop.key_resp_6.duration,EndStory.started,EndStory.stopped,key_resp_15.keys,EndStory2.started,EndStory2.stopped,key_resp_16.keys,EndStory3.started,EndStory3.stopped,key_resp_17.keys,participant,Version,Stimuli,RunNo,date,expName,expVersion,psychopyVersion,frameRate,expStart,
,,,,,,,,,,,,,,,,,,,,,,,,,,,,,,,,,,,,,,,,,,,,,,,,,,,,False,0.007517800000641728,0.143388500000583,0.143388500000583,0.023792866668615412,0.008052299999690149,None,,,,,,,,,,,,,,,,,,,,,,,,,,,,,,,,,,,,,,,,,,,,,,,,,,,,,,,,,,,,,,,,,,,,,,,,,,,,,,,,,,,,,,,,,,,,,,,,,,,,,,,,,,,,,,,,,,,,,,,,,,P2887,Bar_MIC,3,1,2026-05-11_17h28.42.991,MIC_task,,2026.1.2,59.486276515657686,2026-05-11 17h28.44.439398 +0200,
,,,,,,,,,,,,,,,,,,,,,,,,,,,,,,,,,,,,,,,,,,,,,,,,,,,,,,,,,,,0.028210000000399305,0.143388500000583,0.143388500000583,0.04045953333528208,0.02863710000019637,None,,,,,,,,,,,,,,,,,,,,,,,,,,,,,,,,,,,,,,,,,,,,,,,,,,,,,,,,,,,,,,,,,,,,,,,,,,,,,,,,,,,,,,,,,,,,,,,,,,,,,,,,,,,,,,,,,,,,P2887,Bar_MIC,3,1,2026-05-11_17h28.42.991,MIC_task,,2026.1.2,59.486276515657686,2026-05-11 17h28.44.439398 +0200,
,,,,,,,,,,,,,,,,,,,,,,,,,,,,,,,,,,,,,,,,,,,,,,,,,,,,,,,,,,,,,,,,,0.12212940000244998,0.143388500000583,0.143388500000583,0.12379286666861541,5.082314700001007,7.754148600000917,space,7.597678800000722,None,,,,,,,,,,,,,,,,,,,,,,,,,,,,,,,,,,,,,,,,,,,,,,,,,,,,,,,,,,,,,,,,,,,,,,,,,,,,,,,,,,,,,,,,,,,,,,,,,,,,,,,,,,,P2887,Bar_MIC,3,1,2026-05-11_17h28.42.991,MIC_task,,2026.1.2,59.486276515657686,2026-05-11 17h28.44.439398 +0200,
,,,,,,,,,,,,,,,,,,,,,,,,,,,,,,,,,,,,,,,,,,,,,,,,,,,,,,,,,,,,,,,,,,,,,,,,,,7.840883800003212,7.850952200002212,7.850952200002212,7.853203000000212,9.640117300001293,11.576782700001786,space,3.7160188000016205,None,,,,,,,,,,,,,,,,,,,,,,,,,,,,,,,,,,,,,,,,,,,,,,,,,,,,,,,,,,,,,,,,,,,,,,,,,,,,,,,,,,,,,,,,,,,,,,,,,,P2887,Bar_MIC,3,1,2026-05-11_17h28.42.991,MIC_task,,2026.1.2,59.486276515657686,2026-05-11 17h28.44.439398 +0200,
,,,,,,,,,,,,,,,,,,,,,,,,,,,,,,,,,,,,,,,,,,,,,,,,,,,,,,,,,,,,,,,,,,,,,,,,,,,,,,,,,,,11.647424800001318,11.657304800002748,11.657304800002748,11.659166233335176,13.295083400000294,15.849754000002577,space,4.180760899998859,None,,,,,,,,,,,,,,,,,,,,,,,,,,,,,,,,,,,,,,,,,,,,,,,,,,,,,,,,,,,,,,,,,,,,,,,,,,,,,,,,,,,,,,,,,P2887,Bar_MIC,3,1,2026-05-11_17h28.42.991,MIC_task,,2026.1.2,59.486276515657686,2026-05-11 17h28.44.439398 +0200,
,,,,,,,,,,,,,,,,,,,,,,,,,,,,,,,,,,,,,,,,,,,,,,,,,,,,,,,,,,,,,,,,,,,,,,,,,,,,,,,,,,,,,,,,,,,,15.918668800000887,15.9412504000029,15.9412504000029,15.93226103333412,17.835040500001924,21.858707100000174,space,5.913713300000381,None,,,,,,,,,,,,,,,,,,,,,,,,,,,,,,,,,,,,,,,,,,,,,,,,,,,,,,,,,,,,,,,,,,,,,,,,,,,,,,,,P2887,Bar_MIC,3,1,2026-05-11_17h28.42.991,MIC_task,,2026.1.2,59.486276515657686,2026-05-11 17h28.44.439398 +0200,
,,,,,,,,,,,,,,,,,,,,,,,,,,,,,,,,,,,,,,,,,,,,,,,,,,,,,,,,,,,,,,,,,,,,,,,,,,,,,,,,,,,,,,,,,,,,,,,,,,,,,21.94342090000282,21.96073080000133,21.96073080000133,21.95774200000014,33.54279790000146,43.642214700001205,space,21.675828100000217,None,,,,,,,,,,,,,,,,,,,,,,,,,,,,,,,,,,,,,,,,,,,,,,,,,,,,,,,,,,,,,,,,,,,,,,,P2887,Bar_MIC,3,1,2026-05-11_17h28.42.991,MIC_task,,2026.1.2,59.486276515657686,2026-05-11 17h28.44.439398 +0200,
,,,,,,,,,,,,,,,,,,,,,,,,,,,,,,,,,,,,,,,,,,,,,,,,,,,,,,,,,,,,,,,,,,,,,,,,,,,,,,,,,,,,,,,,,,,,,,,,,,,,,,,,,,,,,,43.72549419999996,43.74221250000119,43.74221250000119,43.74130290000321,46.196152399999846,space,2.448815100000502,None,,,,,,,,,,,,,,,,,,,,,,,,,,,,,,,,,,,,,,,,,,,,,,,,,,,,,,,,,,,,,,,P2887,Bar_MIC,3,1,2026-05-11_17h28.42.991,MIC_task,,2026.1.2,59.486276515657686,2026-05-11 17h28.44.439398 +0200,
MRnGO_prac_stimuli/wizard.png,"(0, -0.1)",0,0,0,None,,,,,,,,,,,,,,,,,,,,,,,,,0,0,0,0,0,0,0,0,,,,,,,,,,,,,46.219886900002166,,,,,,,,,,,,,,,,,,,,,,,,,,,,,,,,,,,,,,,,,,,,,,,,,,,,,,,,,,,,,,,,,,,,46.214727100003074,46.219886900002166,46.219886900002166,46.219886900002166,46.41282930000307,None,,,,,,,,,,,,,,,,,,,,,,,,,,,,,,,,,,,,,,,,,,,,,,,,,,,,,,,,,P2887,Bar_MIC,3,1,2026-05-11_17h28.42.991,MIC_task,,2026.1.2,59.486276515657686,2026-05-11 17h28.44.439398 +0200,
MRnGO_prac_stimuli/wizard.png,"(0, -0.1)",0,0,0,None,,,,,,,,,,,,,,,,,,,,,,,,,0,0,0,0,0,0,0,0,,,,,,,,,,,,,46.42897040000025,,,,,,,,,,,,,,,,,,,,,,,,,,,,,,,,,,,,,,,,,,,,,,,,,,,,,,,,,,,,,,,,,,,,46.41632370000298,46.42897040000025,46.42897040000025,46.42897040000025,46.61299810000128,None,,,,,,,,,,,,,,,,,,,,,,,,,,,,,,,,,,,,,,,,,,,,,,,,,,,,,,,,,P2887,Bar_MIC,3,1,2026-05-11_17h28.42.991,MIC_task,,2026.1.2,59.486276515657686,2026-05-11 17h28.44.439398 +0200,
MRnGO_prac_stimuli/wizard.png,"(0, -0.1)",1,0,1,None,,,,,,,,,,,,,,,,,,,,,,,,,0,0,0,0,1,0,1,0,,,,,,,,,,,,,46.628650800001196,,,,,,,,,,,,,,,,,,,,,,,,,,,,,,,,,,,,,,,,,,,,,,,,,,,,,,,,,,,,,,,,,,,,46.616326900002605,46.628650800001196,46.628650800001196,46.628650800001196,46.813628300002165,None,,,,,,,,,,,,,,,,,,,,,,,,,,,,,,,,,,,,,,,,,,,,,,,,,,,,,,,,,P2887,Bar_MIC,3,1,2026-05-11_17h28.42.991,MIC_task,,2026.1.2,59.486276515657686,2026-05-11 17h28.44.439398 +0200,
MRnGO_prac_stimuli/wizard.png,"(0, -0.1)",2,0,2,None,,,,,,,,,,,,,,,,,,,,,,,,,0,0,0,0,2,0,2,0,,,,,,,,,,,,,46.82971440000256,,,,,,,,,,,,,,,,,,,,,,,,,,,,,,,,,,,,,,,,,,,,,,,,,,,,,,,,,,,,,,,,,,,,46.81672840000101,46.82971440000256,46.82971440000256,46.82971440000256,47.01404879999973,None,,,,,,,,,,,,,,,,,,,,,,,,,,,,,,,,,,,,,,,,,,,,,,,,,,,,,,,,,P2887,Bar_MIC,3,1,2026-05-11_17h28.42.991,MIC_task,,2026.1.2,59.486276515657686,2026-05-11 17h28.44.439398 +0200,
MRnGO_prac_stimuli/wizard.png,"(0, -0.1)",3,0,3,None,,,,,,,,,,,,,,,,,,,,,,,,,0,0,0,0,3,0,3,0,,,,,,,,,,,,,47.029407199999696,,,,,,,,,,,,,,,,,,,,,,,,,,,,,,,,,,,,,,,,,,,,,,,,,,,,,,,,,,,,,,,,,,,,47.017488700003014,47.029407199999696,47.029407199999696,47.029407199999696,47.21344670000326,None,,,,,,,,,,,,,,,,,,,,,,,,,,,,,,,,,,,,,,,,,,,,,,,,,,,,,,,,,P2887,Bar_MIC,3,1,2026-05-11_17h28.42.991,MIC_task,,2026.1.2,59.486276515657686,2026-05-11 17h28.44.439398 +0200,
MRnGO_prac_stimuli/wizard.png,"(0, -0.1)",4,0,4,None,,,,,,,,,,,,,,,,,,,,,,,,,0,0,0,0,4,0,4,0,,,,,,,,,,,,,47.22975040000165,,,,,,,,,,,,,,,,,,,,,,,,,,,,,,,,,,,,,,,,,,,,,,,,,,,,,,,,,,,,,,,,,,,,47.216862900000706,47.22975040000165,47.22975040000165,47.22975040000165,47.413998100000754,None,,,,,,,,,,,,,,,,,,,,,,,,,,,,,,,,,,,,,,,,,,,,,,,,,,,,,,,,,P2887,Bar_MIC,3,1,2026-05-11_17h28.42.991,MIC_task,,2026.1.2,59.486276515657686,2026-05-11 17h28.44.439398 +0200,
MRnGO_prac_stimuli/wizard.png,"(0, -0.1)",5,0,5,None,,,,,,,,,,,,,,,,,,,,,,,,,0,0,0,0,5,0,5,0,,,,,,,,,,,,,47.43004850000216,,,,,,,,,,,,,,,,,,,,,,,,,,,,,,,,,,,,,,,,,,,,,,,,,,,,,,,,,,,,,,,,,,,,47.417400800000905,47.43004850000216,47.43004850000216,47.43004850000216,47.61514830000306,None,,,,,,,,,,,,,,,,,,,,,,,,,,,,,,,,,,,,,,,,,,,,,,,,,,,,,,,,,P2887,Bar_MIC,3,1,2026-05-11_17h28.42.991,MIC_task,,2026.1.2,59.486276515657686,2026-05-11 17h28.44.439398 +0200,
MRnGO_prac_stimuli/wizard.png,"(0, -0.1)",6,0,6,None,,,,,,,,,,,,,,,,,,,,,,,,,0,0,0,0,6,0,6,0,,,,,,,,,,,,,47.63061569999991,,,,,,,,,,,,,,,,,,,,,,,,,,,,,,,,,,,,,,,,,,,,,,,,,,,,,,,,,,,,,,,,,,,,47.61788770000203,47.63061569999991,47.63061569999991,47.63061569999991,47.81424010000046,None,,,,,,,,,,,,,,,,,,,,,,,,,,,,,,,,,,,,,,,,,,,,,,,,,,,,,,,,,P2887,Bar_MIC,3,1,2026-05-11_17h28.42.991,MIC_task,,2026.1.2,59.486276515657686,2026-05-11 17h28.44.439398 +0200,
MRnGO_prac_stimuli/wizard.png,"(0, -0.1)",7,0,7,None,,,,,,,,,,,,,,,,,,,,,,,,,0,0,0,0,7,0,7,0,,,,,,,,,,,,,47.83083570000235,,,,,,,,,,,,,,,,,,,,,,,,,,,,,,,,,,,,,,,,,,,,,,,,,,,,,,,,,,,,,,,,,,,,47.817765900002996,47.83083570000235,47.83083570000235,47.83083570000235,48.014771199999814,None,,,,,,,,,,,,,,,,,,,,,,,,,,,,,,,,,,,,,,,,,,,,,,,,,,,,,,,,,P2887,Bar_MIC,3,1,2026-05-11_17h28.42.991,MIC_task,,2026.1.2,59.486276515657686,2026-05-11 17h28.44.439398 +0200,
MRnGO_prac_stimuli/wizard.png,"(0, -0.1)",8,0,8,None,,,,,,,,,,,,,,,,,,,,,,,,,0,0,0,0,8,0,8,0,,,,,,,,,,,,,48.03122350000194,,,,,,,,,,,,,,,,,,,,,,,,,,,,,,,,,,,,,,,,,,,,,,,,,,,,,,,,,,,,,,,,,,,,48.017831100001786,48.03122350000194,48.03122350000194,48.03122350000194,48.21518310000101,None,,,,,,,,,,,,,,,,,,,,,,,,,,,,,,,,,,,,,,,,,,,,,,,,,,,,,,,,,P2887,Bar_MIC,3,1,2026-05-11_17h28.42.991,MIC_task,,2026.1.2,59.486276515657686,2026-05-11 17h28.44.439398 +0200,
MRnGO_prac_stimuli/wizard.png,"(0, -0.1)",9,0,9,None,,,,,,,,,,,,,,,,,,,,,,,,,0,0,0,0,9,0,9,0,,,,,,,,,,,,,48.23166500000298,,,,,,,,,,,,,,,,,,,,,,,,,,,,,,,,,,,,,,,,,,,,,,,,,,,,,,,,,,,,,,,,,,,,48.21846120000191,48.23166500000298,48.23166500000298,48.23166500000298,48.41575880000164,None,,,,,,,,,,,,,,,,,,,,,,,,,,,,,,,,,,,,,,,,,,,,,,,,,,,,,,,,,P2887,Bar_MIC,3,1,2026-05-11_17h28.42.991,MIC_task,,2026.1.2,59.486276515657686,2026-05-11 17h28.44.439398 +0200,
MRnGO_prac_stimuli/wizard.png,"(0, -0.1)",10,0,10,None,,,,,,,,,,,,,,,,,,,,,,,,,0,0,0,0,10,0,10,0,,,,,,,,,,,,,48.43199079999977,,,,,,,,,,,,,,,,,,,,,,,,,,,,,,,,,,,,,,,,,,,,,,,,,,,,,,,,,,,,,,,,,,,,48.41931630000181,48.43199079999977,48.43199079999977,48.43199079999977,48.616267600002175,None,,,,,,,,,,,,,,,,,,,,,,,,,,,,,,,,,,,,,,,,,,,,,,,,,,,,,,,,,P2887,Bar_MIC,3,1,2026-05-11_17h28.42.991,MIC_task,,2026.1.2,59.486276515657686,2026-05-11 17h28.44.439398 +0200,
MRnGO_prac_stimuli/wizard.png,"(0, -0.1)",11,0,11,None,,,,,,,,,,,,,,,,,,,,,,,,,0,0,0,0,11,0,11,0,,,,,,,,,,,,,48.63230930000282,,,,,,,,,,,,,,,,,,,,,,,,,,,,,,,,,,,,,,,,,,,,,,,,,,,,,,,,,,,,,,,,,,,,48.61991610000041,48.63230930000282,48.63230930000282,48.63230930000282,48.817046899999696,None,,,,,,,,,,,,,,,,,,,,,,,,,,,,,,,,,,,,,,,,,,,,,,,,,,,,,,,,,P2887,Bar_MIC,3,1,2026-05-11_17h28.42.991,MIC_task,,2026.1.2,59.486276515657686,2026-05-11 17h28.44.439398 +0200,
MRnGO_prac_stimuli/wizard.png,"(0, -0.1)",12,0,12,None,,,,,,,,,,,,,,,,,,,,,,,,,0,0,0,0,12,0,12,0,,,,,,,,,,,,,48.832706600001984,,,,,,,,,,,,,,,,,,,,,,,,,,,,,,,,,,,,,,,,,,,,,,,,,,,,,,,,,,,,,,,,,,,,48.820239700002276,48.832706600001984,48.832706600001984,48.832706600001984,49.01723920000222,None,,,,,,,,,,,,,,,,,,,,,,,,,,,,,,,,,,,,,,,,,,,,,,,,,,,,,,,,,P2887,Bar_MIC,3,1,2026-05-11_17h28.42.991,MIC_task,,2026.1.2,59.486276515657686,2026-05-11 17h28.44.439398 +0200,
MRnGO_prac_stimuli/wizard.png,"(0, -0.1)",13,0,13,None,,,,,,,,,,,,,,,,,,,,,,,,,0,0,0,0,13,0,13,0,,,,,,,,,,,,,49.03307180000047,,,,,,,,,,,,,,,,,,,,,,,,,,,,,,,,,,,,,,,,,,,,,,,,,,,,,,,,,,,,,,,,,,,,49.02059500000178,49.03307180000047,49.03307180000047,49.03307180000047,49.217157200000656,None,,,,,,,,,,,,,,,,,,,,,,,,,,,,,,,,,,,,,,,,,,,,,,,,,,,,,,,,,P2887,Bar_MIC,3,1,2026-05-11_17h28.42.991,MIC_task,,2026.1.2,59.486276515657686,2026-05-11 17h28.44.439398 +0200,
MRnGO_prac_stimuli/wizard.png,"(0, -0.1)",14,0,14,None,,,,,,,,,,,,,,,,,,,,,,,,,0,0,0,0,14,0,14,0,,,,,,,,,,,,,49.2327320000004,,,,,,,,,,,,,,,,,,,,,,,,,,,,,,,,,,,,,,,,,,,,,,,,,,,,,,,,,,,,,,,,,,,,49.220172000001185,49.2327320000004,49.2327320000004,49.2327320000004,49.41762130000279,None,,,,,,,,,,,,,,,,,,,,,,,,,,,,,,,,,,,,,,,,,,,,,,,,,,,,,,,,,P2887,Bar_MIC,3,1,2026-05-11_17h28.42.991,MIC_task,,2026.1.2,59.486276515657686,2026-05-11 17h28.44.439398 +0200,
MRnGO_prac_stimuli/wizard.png,"(0, -0.1)",15,0,15,None,,,,,,,,,,,,,,,,,,,,,,,,,0,0,0,0,15,0,15,0,,,,,,,,,,,,,49.43312230000083,,,,,,,,,,,,,,,,,,,,,,,,,,,,,,,,,,,,,,,,,,,,,,,,,,,,,,,,,,,,,,,,,,,,49.42097660000218,49.43312230000083,49.43312230000083,49.43312230000083,49.616773800000374,None,,,,,,,,,,,,,,,,,,,,,,,,,,,,,,,,,,,,,,,,,,,,,,,,,,,,,,,,,P2887,Bar_MIC,3,1,2026-05-11_17h28.42.991,MIC_task,,2026.1.2,59.486276515657686,2026-05-11 17h28.44.439398 +0200,
MRnGO_prac_stimuli/wizard.png,"(0, -0.1)",16,0,16,None,,,,,,,,,,,,,,,,,,,,,,,,,0,0,0,0,16,0,16,0,,,,,,,,,,,,,49.63342499999999,,,,,,,,,,,,,,,,,,,,,,,,,,,,,,,,,,,,,,,,,,,,,,,,,,,,,,,,,,,,,,,,,,,,49.619842700001755,49.63342499999999,49.63342499999999,49.63342499999999,49.81838680000146,None,,,,,,,,,,,,,,,,,,,,,,,,,,,,,,,,,,,,,,,,,,,,,,,,,,,,,,,,,P2887,Bar_MIC,3,1,2026-05-11_17h28.42.991,MIC_task,,2026.1.2,59.486276515657686,2026-05-11 17h28.44.439398 +0200,
MRnGO_prac_stimuli/wizard.png,"(0, -0.1)",17,0,17,None,,,,,,,,,,,,,,,,,,,,,,,,,0,0,0,0,17,0,17,0,,,,,,,,,,,,,49.83381759999975,,,,,,,,,,,,,,,,,,,,,,,,,,,,,,,,,,,,,,,,,,,,,,,,,,,,,,,,,,,,,,,,,,,,49.821453700002166,49.83381759999975,49.83381759999975,49.83381759999975,50.01757050000015,None,,,,,,,,,,,,,,,,,,,,,,,,,,,,,,,,,,,,,,,,,,,,,,,,,,,,,,,,,P2887,Bar_MIC,3,1,2026-05-11_17h28.42.991,MIC_task,,2026.1.2,59.486276515657686,2026-05-11 17h28.44.439398 +0200,
MRnGO_prac_stimuli/wizard.png,"(0, -0.1)",18,0,18,None,,,,,,,,,,,,,,,,,,,,,,,,,0,0,0,0,18,0,18,0,,,,,,,,,,,,,50.03420530000221,,,,,,,,,,,,,,,,,,,,,,,,,,,,,,,,,,,,,,,,,,,,,,,,,,,,,,,,,,,,,,,,,,,,50.02061289999983,50.03420530000221,50.03420530000221,50.03420530000221,50.2180791000028,None,,,,,,,,,,,,,,,,,,,,,,,,,,,,,,,,,,,,,,,,,,,,,,,,,,,,,,,,,P2887,Bar_MIC,3,1,2026-05-11_17h28.42.991,MIC_task,,2026.1.2,59.486276515657686,2026-05-11 17h28.44.439398 +0200,
MRnGO_prac_stimuli/wizard.png,"(0, -0.1)",19,0,19,None,,,,,,,,,,,,,,,,,,,,,,,,,0,0,0,0,19,0,19,0,,,,,,,,,,,,,50.23461170000155,,,,,,,,,,,,,,,,,,,,,,,,,,,,,,,,,,,,,,,,,,,,,,,,,,,,,,,,,,,,,,,,,,,,50.22149030000219,50.23461170000155,50.23461170000155,50.23461170000155,50.419069200001104,None,,,,,,,,,,,,,,,,,,,,,,,,,,,,,,,,,,,,,,,,,,,,,,,,,,,,,,,,,P2887,Bar_MIC,3,1,2026-05-11_17h28.42.991,MIC_task,,2026.1.2,59.486276515657686,2026-05-11 17h28.44.439398 +0200,
MRnGO_prac_stimuli/wizard.png,"(0, -0.1)",20,0,20,None,,,,,,,,,,,,,,,,,,,,,,,,,0,0,0,0,20,0,20,0,,,,,,,,,,,,,50.43491020000147,,,,,,,,,,,,,,,,,,,,,,,,,,,,,,,,,,,,,,,,,,,,,,,,,,,,,,,,,,,,,,,,,,,,50.42227340000318,50.43491020000147,50.43491020000147,50.43491020000147,50.61886930000037,None,,,,,,,,,,,,,,,,,,,,,,,,,,,,,,,,,,,,,,,,,,,,,,,,,,,,,,,,,P2887,Bar_MIC,3,1,2026-05-11_17h28.42.991,MIC_task,,2026.1.2,59.486276515657686,2026-05-11 17h28.44.439398 +0200,
MRnGO_prac_stimuli/wizard.png,"(0, -0.1)",21,0,21,None,,,,,,,,,,,,,,,,,,,,,,,,,0,0,0,0,21,0,21,0,,,,,,,,,,,,,50.6352779000008,,,,,,,,,,,,,,,,,,,,,,,,,,,,,,,,,,,,,,,,,,,,,,,,,,,,,,,,,,,,,,,,,,,,50.62251120000292,50.6352779000008,50.6352779000008,50.6352779000008,50.81930690000081,None,,,,,,,,,,,,,,,,,,,,,,,,,,,,,,,,,,,,,,,,,,,,,,,,,,,,,,,,,P2887,Bar_MIC,3,1,2026-05-11_17h28.42.991,MIC_task,,2026.1.2,59.486276515657686,2026-05-11 17h28.44.439398 +0200,
MRnGO_prac_stimuli/wizard.png,"(0, -0.1)",22,0,22,None,,,,,,,,,,,,,,,,,,,,,,,,,0,0,0,0,22,0,22,0,,,,,,,,,,,,,50.83572009999989,,,,,,,,,,,,,,,,,,,,,,,,,,,,,,,,,,,,,,,,,,,,,,,,,,,,,,,,,,,,,,,,,,,,50.8227704000019,50.83572009999989,50.83572009999989,50.83572009999989,51.01967450000302,None,,,,,,,,,,,,,,,,,,,,,,,,,,,,,,,,,,,,,,,,,,,,,,,,,,,,,,,,,P2887,Bar_MIC,3,1,2026-05-11_17h28.42.991,MIC_task,,2026.1.2,59.486276515657686,2026-05-11 17h28.44.439398 +0200,
MRnGO_prac_stimuli/wizard.png,"(0, -0.1)",23,0,23,None,,,,,,,,,,,,,,,,,,,,,,,,,0,0,0,0,23,0,23,0,,,,,,,,,,,,,51.036003600002005,,,,,,,,,,,,,,,,,,,,,,,,,,,,,,,,,,,,,,,,,,,,,,,,,,,,,,,,,,,,,,,,,,,,51.023143100002926,51.036003600002005,51.036003600002005,51.036003600002005,51.22009310000067,None,,,,,,,,,,,,,,,,,,,,,,,,,,,,,,,,,,,,,,,,,,,,,,,,,,,,,,,,,P2887,Bar_MIC,3,1,2026-05-11_17h28.42.991,MIC_task,,2026.1.2,59.486276515657686,2026-05-11 17h28.44.439398 +0200,
MRnGO_prac_stimuli/wizard.png,"(0, -0.1)",24,0,24,None,,,,,,,,,,,,,,,,,,,,,,,,,0,0,0,0,24,0,24,0,,,,,,,,,,,,,51.2364058000021,,,,,,,,,,,,,,,,,,,,,,,,,,,,,,,,,,,,,,,,,,,,,,,,,,,,,,,,,,,,,,,,,,,,51.223166499999934,51.2364058000021,51.2364058000021,51.2364058000021,51.41960720000134,None,,,,,,,,,,,,,,,,,,,,,,,,,,,,,,,,,,,,,,,,,,,,,,,,,,,,,,,,,P2887,Bar_MIC,3,1,2026-05-11_17h28.42.991,MIC_task,,2026.1.2,59.486276515657686,2026-05-11 17h28.44.439398 +0200,
MRnGO_prac_stimuli/wizard.png,"(0, -0.1)",25,0,25,None,,,,,,,,,,,,,,,,,,,,,,,,,0,0,0,0,25,0,25,0,,,,,,,,,,,,,51.436784700003045,,,,,,,,,,,,,,,,,,,,,,,,,,,,,,,,,,,,,,,,,,,,,,,,,,,,,,,,,,,,,,,,,,,,51.42284380000274,51.436784700003045,51.436784700003045,51.436784700003045,51.62105800000063,None,,,,,,,,,,,,,,,,,,,,,,,,,,,,,,,,,,,,,,,,,,,,,,,,,,,,,,,,,P2887,Bar_MIC,3,1,2026-05-11_17h28.42.991,MIC_task,,2026.1.2,59.486276515657686,2026-05-11 17h28.44.439398 +0200,
MRnGO_prac_stimuli/wizard.png,"(0, -0.1)",26,0,26,None,,,,,,,,,,,,,,,,,,,,,,,,,0,0,0,0,26,0,26,0,,,,,,,,,,,,,51.63646470000094,,,,,,,,,,,,,,,,,,,,,,,,,,,,,,,,,,,,,,,,,,,,,,,,,,,,,,,,,,,,,,,,,,,,51.624109399999725,51.63646470000094,51.63646470000094,51.63646470000094,51.821362200000294,None,,,,,,,,,,,,,,,,,,,,,,,,,,,,,,,,,,,,,,,,,,,,,,,,,,,,,,,,,P2887,Bar_MIC,3,1,2026-05-11_17h28.42.991,MIC_task,,2026.1.2,59.486276515657686,2026-05-11 17h28.44.439398 +0200,
MRnGO_prac_stimuli/wizard.png,"(0, -0.1)",27,0,27,None,,,,,,,,,,,,,,,,,,,,,,,,,0,0,0,0,27,0,27,0,,,,,,,,,,,,,51.83681350000188,,,,,,,,,,,,,,,,,,,,,,,,,,,,,,,,,,,,,,,,,,,,,,,,,,,,,,,,,,,,,,,,,,,,51.82474900000307,51.83681350000188,51.83681350000188,51.83681350000188,52.02176300000065,None,,,,,,,,,,,,,,,,,,,,,,,,,,,,,,,,,,,,,,,,,,,,,,,,,,,,,,,,,P2887,Bar_MIC,3,1,2026-05-11_17h28.42.991,MIC_task,,2026.1.2,59.486276515657686,2026-05-11 17h28.44.439398 +0200,
MRnGO_prac_stimuli/wizard.png,"(0, -0.1)",28,0,28,None,,,,,,,,,,,,,,,,,,,,,,,,,0,0,0,0,28,0,28,0,,,,,,,,,,,,,52.03717470000265,,,,,,,,,,,,,,,,,,,,,,,,,,,,,,,,,,,,,,,,,,,,,,,,,,,,,,,,,,,,,,,,,,,,52.0248829000011,52.03717470000265,52.03717470000265,52.03717470000265,52.220900500000425,None,,,,,,,,,,,,,,,,,,,,,,,,,,,,,,,,,,,,,,,,,,,,,,,,,,,,,,,,,P2887,Bar_MIC,3,1,2026-05-11_17h28.42.991,MIC_task,,2026.1.2,59.486276515657686,2026-05-11 17h28.44.439398 +0200,
MRnGO_prac_stimuli/wizard.png,"(0, -0.1)",29,0,29,None,,,,,,,,,,,,,,,,,,,,,,,,,0,0,0,0,29,0,29,0,,,,,,,,,,,,,52.23751270000139,,,,,,,,,,,,,,,,,,,,,,,,,,,,,,,,,,,,,,,,,,,,,,,,,,,,,,,,,,,,,,,,,,,,52.22476280000046,52.23751270000139,52.23751270000139,52.23751270000139,52.42206890000307,None,,,,,,,,,,,,,,,,,,,,,,,,,,,,,,,,,,,,,,,,,,,,,,,,,,,,,,,,,P2887,Bar_MIC,3,1,2026-05-11_17h28.42.991,MIC_task,,2026.1.2,59.486276515657686,2026-05-11 17h28.44.439398 +0200,
MRnGO_prac_stimuli/wizard.png,"(0, -0.1)",30,0,30,None,,,,,,,,,,,,,,,,,,,,,,,,,0,0,0,0,30,0,30,0,,,,,,,,,,,,,52.43793220000225,,,,,,,,,,,,,,,,,,,,,,,,,,,,,,,,,,,,,,,,,,,,,,,,,,,,,,,,,,,,,,,,,,,,52.425603700001375,52.43793220000225,52.43793220000225,52.43793220000225,52.62168380000003,None,,,,,,,,,,,,,,,,,,,,,,,,,,,,,,,,,,,,,,,,,,,,,,,,,,,,,,,,,P2887,Bar_MIC,3,1,2026-05-11_17h28.42.991,MIC_task,,2026.1.2,59.486276515657686,2026-05-11 17h28.44.439398 +0200,
MRnGO_prac_stimuli/wizard.png,"(0, -0.1)",31,0,31,None,,,,,,,,,,,,,,,,,,,,,,,,,0,0,0,0,31,0,31,0,,,,,,,,,,,,,52.63833780000277,,,,,,,,,,,,,,,,,,,,,,,,,,,,,,,,,,,,,,,,,,,,,,,,,,,,,,,,,,,,,,,,,,,,52.62508730000263,52.63833780000277,52.63833780000277,52.63833780000277,52.82225290000133,None,,,,,,,,,,,,,,,,,,,,,,,,,,,,,,,,,,,,,,,,,,,,,,,,,,,,,,,,,P2887,Bar_MIC,3,1,2026-05-11_17h28.42.991,MIC_task,,2026.1.2,59.486276515657686,2026-05-11 17h28.44.439398 +0200,
MRnGO_prac_stimuli/wizard.png,"(0, -0.1)",32,0,32,None,,,,,,,,,,,,,,,,,,,,,,,,,0,0,0,0,32,0,32,0,,,,,,,,,,,,,52.83874690000084,,,,,,,,,,,,,,,,,,,,,,,,,,,,,,,,,,,,,,,,,,,,,,,,,,,,,,,,,,,,,,,,,,,,52.82526570000118,52.83874690000084,52.83874690000084,52.83874690000084,53.00603880000199,None,,,,,,,,,,,,,,,,,,,,,,,,,,,,,,,,,,,,,,,,,,,,,,,,,,,,,,,,,P2887,Bar_MIC,3,1,2026-05-11_17h28.42.991,MIC_task,,2026.1.2,59.486276515657686,2026-05-11 17h28.44.439398 +0200,
MRnGO_prac_stimuli/wizard.png,"(0, -0.1)",33,0,33,None,,,,,,,,,,,,,,,,,,,,,,,,,0,0,0,0,33,0,33,0,,,,,,,,,,,,,53.022269200002484,,,,,,,,,,,,,,,,,,,,,,,,,,,,,,,,,,,,,,,,,,,,,,,,,,,,,,,,,,,,,,,,,,,,53.00894760000301,53.022269200002484,53.022269200002484,53.022269200002484,53.206743599999754,None,,,,,,,,,,,,,,,,,,,,,,,,,,,,,,,,,,,,,,,,,,,,,,,,,,,,,,,,,P2887,Bar_MIC,3,1,2026-05-11_17h28.42.991,MIC_task,,2026.1.2,59.486276515657686,2026-05-11 17h28.44.439398 +0200,
MRnGO_prac_stimuli/wizard.png,"(0, -0.1)",34,0,34,None,,,,,,,,,,,,,,,,,,,,,,,,,0,0,0,0,34,0,34,0,,,,,,,,,,,,,53.22261940000317,,,,,,,,,,,,,,,,,,,,,,,,,,,,,,,,,,,,,,,,,,,,,,,,,,,,,,,,,,,,,,,,,,,,53.210297400000854,53.22261940000317,53.22261940000317,53.22261940000317,53.407035899999755,None,,,,,,,,,,,,,,,,,,,,,,,,,,,,,,,,,,,,,,,,,,,,,,,,,,,,,,,,,P2887,Bar_MIC,3,1,2026-05-11_17h28.42.991,MIC_task,,2026.1.2,59.486276515657686,2026-05-11 17h28.44.439398 +0200,
MRnGO_prac_stimuli/wizard.png,"(0, -0.1)",35,0,35,space,0.12827829999878304,None,,,,,,,,,,,,,,,,,,,,,,,0,0,0,0,35,0,35,0,,,,,,,,,,,,,53.42292280000038,,,,,,,,,,,,,,,,,,,,,,,,,,,,,,,,,,,,,,,,,,,,,,,,,,,,,,,,,,,,,,,,,,,,53.410493600000336,53.42292280000038,53.42292280000038,53.42292280000038,53.557622500000434,space,0.12827829999878304,None,,,,,,,,,,,,,,,,,,,,,,,,,,,,,,,,,,,,,,,,,,,,,,,,,,,,,,,P2887,Bar_MIC,3,1,2026-05-11_17h28.42.991,MIC_task,,2026.1.2,59.486276515657686,2026-05-11 17h28.44.439398 +0200,
MRnGO_prac_stimuli/wizard.png,"(0, -0.1)",0,0,0,,,,space,4.983107599997311,None,,,,,,,,,,,,,,,,,,,,0,0,0,0,,,,,,,,,,,,,,,,,,,,,,,,,,,,,,,,,,,,,,,,,,,,,,,,,,,,,,,,,,,,,,,,,,,,,,,,,,,,,,,,,,,,,,,,,,,,,53.614046300001064,53.620409400002245,53.62323546666909,55.56255630000305,55.5916928000006,55.59698700000081,55.595767333336454,57.495516700000735,57.56319749999966,57.56324040000254,57.58546280000155,57.58546280000155,62.57084920000125,space,4.983107599997311,None,,,,,,,,,,,,,,,,,,,,,,,,,,,,,,,,,,,,,,,P2887,Bar_MIC,3,1,2026-05-11_17h28.42.991,MIC_task,,2026.1.2,59.486276515657686,2026-05-11 17h28.44.439398 +0200,
MRnGO_prac_stimuli/clover.png,"(0.1, 0.1)",0,0,0,None,,,,,,,,,,,,,,,,,,,,,,,,,0,1,1,1,0,0,0,0,,,,,,,,,,,,,62.60075280000092,,,,,,,,,,,,,,,,,,,,,,,,,,,,,,,,,,,,,,,,,,,,,,,,,,,,,,,,,,,,,,,,,,,,62.59547730000122,62.60075280000092,62.60075280000092,62.60075280000092,62.787438700001076,None,,,,,,,,,,,,,,,,,,,,,,,,,,,,,,,,,,,,,,,,,,,,,,,,,,,,,,,,,P2887,Bar_MIC,3,1,2026-05-11_17h28.42.991,MIC_task,,2026.1.2,59.486276515657686,2026-05-11 17h28.44.439398 +0200,
MRnGO_prac_stimuli/clover.png,"(0.1, 0.1)",0,0,0,None,,,,,,,,,,,,,,,,,,,,,,,,,0,1,1,1,0,0,0,0,,,,,,,,,,,,,62.80393400000321,,,,,,,,,,,,,,,,,,,,,,,,,,,,,,,,,,,,,,,,,,,,,,,,,,,,,,,,,,,,,,,,,,,,62.79074530000071,62.80393400000321,62.80393400000321,62.80393400000321,62.97125109999979,None,,,,,,,,,,,,,,,,,,,,,,,,,,,,,,,,,,,,,,,,,,,,,,,,,,,,,,,,,P2887,Bar_MIC,3,1,2026-05-11_17h28.42.991,MIC_task,,2026.1.2,59.486276515657686,2026-05-11 17h28.44.439398 +0200,
MRnGO_prac_stimuli/clover.png,"(0.1, 0.1)",1,0,1,None,,,,,,,,,,,,,,,,,,,,,,,,,0,1,1,1,1,0,1,0,,,,,,,,,,,,,62.987503399999696,,,,,,,,,,,,,,,,,,,,,,,,,,,,,,,,,,,,,,,,,,,,,,,,,,,,,,,,,,,,,,,,,,,,62.97415499999988,62.987503399999696,62.987503399999696,62.987503399999696,63.171947900002124,None,,,,,,,,,,,,,,,,,,,,,,,,,,,,,,,,,,,,,,,,,,,,,,,,,,,,,,,,,P2887,Bar_MIC,3,1,2026-05-11_17h28.42.991,MIC_task,,2026.1.2,59.486276515657686,2026-05-11 17h28.44.439398 +0200,
MRnGO_prac_stimuli/clover.png,"(0.1, 0.1)",2,0,2,None,,,,,,,,,,,,,,,,,,,,,,,,,0,1,1,1,2,0,2,0,,,,,,,,,,,,,63.18800570000167,,,,,,,,,,,,,,,,,,,,,,,,,,,,,,,,,,,,,,,,,,,,,,,,,,,,,,,,,,,,,,,,,,,,63.17477350000263,63.18800570000167,63.18800570000167,63.18800570000167,63.3722622000023,None,,,,,,,,,,,,,,,,,,,,,,,,,,,,,,,,,,,,,,,,,,,,,,,,,,,,,,,,,P2887,Bar_MIC,3,1,2026-05-11_17h28.42.991,MIC_task,,2026.1.2,59.486276515657686,2026-05-11 17h28.44.439398 +0200,
MRnGO_prac_stimuli/clover.png,"(0.1, 0.1)",3,0,3,None,,,,,,,,,,,,,,,,,,,,,,,,,0,1,1,1,3,0,3,0,,,,,,,,,,,,,63.38838930000202,,,,,,,,,,,,,,,,,,,,,,,,,,,,,,,,,,,,,,,,,,,,,,,,,,,,,,,,,,,,,,,,,,,,63.37545240000327,63.38838930000202,63.38838930000202,63.38838930000202,63.57245719999992,None,,,,,,,,,,,,,,,,,,,,,,,,,,,,,,,,,,,,,,,,,,,,,,,,,,,,,,,,,P2887,Bar_MIC,3,1,2026-05-11_17h28.42.991,MIC_task,,2026.1.2,59.486276515657686,2026-05-11 17h28.44.439398 +0200,
MRnGO_prac_stimuli/clover.png,"(0.1, 0.1)",4,0,4,None,,,,,,,,,,,,,,,,,,,,,,,,,0,1,1,1,4,0,4,0,,,,,,,,,,,,,63.58797730000151,,,,,,,,,,,,,,,,,,,,,,,,,,,,,,,,,,,,,,,,,,,,,,,,,,,,,,,,,,,,,,,,,,,,63.57580820000294,63.58797730000151,63.58797730000151,63.58797730000151,63.77275450000161,None,,,,,,,,,,,,,,,,,,,,,,,,,,,,,,,,,,,,,,,,,,,,,,,,,,,,,,,,,P2887,Bar_MIC,3,1,2026-05-11_17h28.42.991,MIC_task,,2026.1.2,59.486276515657686,2026-05-11 17h28.44.439398 +0200,
MRnGO_prac_stimuli/clover.png,"(0.1, 0.1)",5,0,5,None,,,,,,,,,,,,,,,,,,,,,,,,,0,1,1,1,5,0,5,0,,,,,,,,,,,,,63.78833870000017,,,,,,,,,,,,,,,,,,,,,,,,,,,,,,,,,,,,,,,,,,,,,,,,,,,,,,,,,,,,,,,,,,,,63.775775400001294,63.78833870000017,63.78833870000017,63.78833870000017,63.972040200002084,None,,,,,,,,,,,,,,,,,,,,,,,,,,,,,,,,,,,,,,,,,,,,,,,,,,,,,,,,,P2887,Bar_MIC,3,1,2026-05-11_17h28.42.991,MIC_task,,2026.1.2,59.486276515657686,2026-05-11 17h28.44.439398 +0200,
MRnGO_prac_stimuli/clover.png,"(0.1, 0.1)",6,0,6,None,,,,,,,,,,,,,,,,,,,,,,,,,0,1,1,1,6,0,6,0,,,,,,,,,,,,,63.98865180000212,,,,,,,,,,,,,,,,,,,,,,,,,,,,,,,,,,,,,,,,,,,,,,,,,,,,,,,,,,,,,,,,,,,,63.97509050000008,63.98865180000212,63.98865180000212,63.98865180000212,64.17275800000061,None,,,,,,,,,,,,,,,,,,,,,,,,,,,,,,,,,,,,,,,,,,,,,,,,,,,,,,,,,P2887,Bar_MIC,3,1,2026-05-11_17h28.42.991,MIC_task,,2026.1.2,59.486276515657686,2026-05-11 17h28.44.439398 +0200,
MRnGO_prac_stimuli/clover.png,"(0.1, 0.1)",7,0,7,None,,,,,,,,,,,,,,,,,,,,,,,,,0,1,1,1,7,0,7,0,,,,,,,,,,,,,64.1890553000012,,,,,,,,,,,,,,,,,,,,,,,,,,,,,,,,,,,,,,,,,,,,,,,,,,,,,,,,,,,,,,,,,,,,64.17597220000243,64.1890553000012,64.1890553000012,64.1890553000012,64.37288620000254,None,,,,,,,,,,,,,,,,,,,,,,,,,,,,,,,,,,,,,,,,,,,,,,,,,,,,,,,,,P2887,Bar_MIC,3,1,2026-05-11_17h28.42.991,MIC_task,,2026.1.2,59.486276515657686,2026-05-11 17h28.44.439398 +0200,
MRnGO_prac_stimuli/clover.png,"(0.1, 0.1)",8,0,8,None,,,,,,,,,,,,,,,,,,,,,,,,,0,1,1,1,8,0,8,0,,,,,,,,,,,,,64.38947400000325,,,,,,,,,,,,,,,,,,,,,,,,,,,,,,,,,,,,,,,,,,,,,,,,,,,,,,,,,,,,,,,,,,,,64.37593150000248,64.38947400000325,64.38947400000325,64.38947400000325,64.57359770000039,None,,,,,,,,,,,,,,,,,,,,,,,,,,,,,,,,,,,,,,,,,,,,,,,,,,,,,,,,,P2887,Bar_MIC,3,1,2026-05-11_17h28.42.991,MIC_task,,2026.1.2,59.486276515657686,2026-05-11 17h28.44.439398 +0200,
MRnGO_prac_stimuli/clover.png,"(0.1, 0.1)",9,0,9,None,,,,,,,,,,,,,,,,,,,,,,,,,0,1,1,1,9,0,9,0,,,,,,,,,,,,,64.58982920000199,,,,,,,,,,,,,,,,,,,,,,,,,,,,,,,,,,,,,,,,,,,,,,,,,,,,,,,,,,,,,,,,,,,,64.57676450000145,64.58982920000199,64.58982920000199,64.58982920000199,64.77360810000027,None,,,,,,,,,,,,,,,,,,,,,,,,,,,,,,,,,,,,,,,,,,,,,,,,,,,,,,,,,P2887,Bar_MIC,3,1,2026-05-11_17h28.42.991,MIC_task,,2026.1.2,59.486276515657686,2026-05-11 17h28.44.439398 +0200,
MRnGO_prac_stimuli/clover.png,"(0.1, 0.1)",10,0,10,None,,,,,,,,,,,,,,,,,,,,,,,,,0,1,1,1,10,0,10,0,,,,,,,,,,,,,64.79015270000309,,,,,,,,,,,,,,,,,,,,,,,,,,,,,,,,,,,,,,,,,,,,,,,,,,,,,,,,,,,,,,,,,,,,64.77678490000108,64.79015270000309,64.79015270000309,64.79015270000309,64.97447260000263,None,,,,,,,,,,,,,,,,,,,,,,,,,,,,,,,,,,,,,,,,,,,,,,,,,,,,,,,,,P2887,Bar_MIC,3,1,2026-05-11_17h28.42.991,MIC_task,,2026.1.2,59.486276515657686,2026-05-11 17h28.44.439398 +0200,
MRnGO_prac_stimuli/clover.png,"(0.1, 0.1)",11,0,11,None,,,,,,,,,,,,,,,,,,,,,,,,,0,1,1,1,11,0,11,0,,,,,,,,,,,,,64.99055200000294,,,,,,,,,,,,,,,,,,,,,,,,,,,,,,,,,,,,,,,,,,,,,,,,,,,,,,,,,,,,,,,,,,,,64.97765080000318,64.99055200000294,64.99055200000294,64.99055200000294,65.17482510000264,None,,,,,,,,,,,,,,,,,,,,,,,,,,,,,,,,,,,,,,,,,,,,,,,,,,,,,,,,,P2887,Bar_MIC,3,1,2026-05-11_17h28.42.991,MIC_task,,2026.1.2,59.486276515657686,2026-05-11 17h28.44.439398 +0200,
MRnGO_prac_stimuli/clover.png,"(0.1, 0.1)",12,0,12,None,,,,,,,,,,,,,,,,,,,,,,,,,0,1,1,1,12,0,12,0,,,,,,,,,,,,,65.19091090000074,,,,,,,,,,,,,,,,,,,,,,,,,,,,,,,,,,,,,,,,,,,,,,,,,,,,,,,,,,,,,,,,,,,,65.17799840000225,65.19091090000074,65.19091090000074,65.19091090000074,65.37501210000119,None,,,,,,,,,,,,,,,,,,,,,,,,,,,,,,,,,,,,,,,,,,,,,,,,,,,,,,,,,P2887,Bar_MIC,3,1,2026-05-11_17h28.42.991,MIC_task,,2026.1.2,59.486276515657686,2026-05-11 17h28.44.439398 +0200,
MRnGO_prac_stimuli/clover.png,"(0.1, 0.1)",13,0,13,None,,,,,,,,,,,,,,,,,,,,,,,,,0,1,1,1,13,0,13,0,,,,,,,,,,,,,65.39125070000227,,,,,,,,,,,,,,,,,,,,,,,,,,,,,,,,,,,,,,,,,,,,,,,,,,,,,,,,,,,,,,,,,,,,65.37784340000144,65.39125070000227,65.39125070000227,65.39125070000227,65.57531440000093,None,,,,,,,,,,,,,,,,,,,,,,,,,,,,,,,,,,,,,,,,,,,,,,,,,,,,,,,,,P2887,Bar_MIC,3,1,2026-05-11_17h28.42.991,MIC_task,,2026.1.2,59.486276515657686,2026-05-11 17h28.44.439398 +0200,
MRnGO_prac_stimuli/clover.png,"(0.1, 0.1)",14,0,14,None,,,,,,,,,,,,,,,,,,,,,,,,,0,1,1,1,14,0,14,0,,,,,,,,,,,,,65.59087500000169,,,,,,,,,,,,,,,,,,,,,,,,,,,,,,,,,,,,,,,,,,,,,,,,,,,,,,,,,,,,,,,,,,,,65.57853020000039,65.59087500000169,65.59087500000169,65.59087500000169,65.77625050000279,None,,,,,,,,,,,,,,,,,,,,,,,,,,,,,,,,,,,,,,,,,,,,,,,,,,,,,,,,,P2887,Bar_MIC,3,1,2026-05-11_17h28.42.991,MIC_task,,2026.1.2,59.486276515657686,2026-05-11 17h28.44.439398 +0200,
MRnGO_prac_stimuli/clover.png,"(0.1, 0.1)",15,0,15,None,,,,,,,,,,,,,,,,,,,,,,,,,0,1,1,1,15,0,15,0,,,,,,,,,,,,,65.79204540000137,,,,,,,,,,,,,,,,,,,,,,,,,,,,,,,,,,,,,,,,,,,,,,,,,,,,,,,,,,,,,,,,,,,,65.77934650000316,65.79204540000137,65.79204540000137,65.79204540000137,65.97512920000008,None,,,,,,,,,,,,,,,,,,,,,,,,,,,,,,,,,,,,,,,,,,,,,,,,,,,,,,,,,P2887,Bar_MIC,3,1,2026-05-11_17h28.42.991,MIC_task,,2026.1.2,59.486276515657686,2026-05-11 17h28.44.439398 +0200,
MRnGO_prac_stimuli/clover.png,"(0.1, 0.1)",16,0,16,None,,,,,,,,,,,,,,,,,,,,,,,,,0,1,1,1,16,0,16,0,,,,,,,,,,,,,65.9917260000002,,,,,,,,,,,,,,,,,,,,,,,,,,,,,,,,,,,,,,,,,,,,,,,,,,,,,,,,,,,,,,,,,,,,65.97787460000109,65.9917260000002,65.9917260000002,65.9917260000002,66.17571680000037,None,,,,,,,,,,,,,,,,,,,,,,,,,,,,,,,,,,,,,,,,,,,,,,,,,,,,,,,,,P2887,Bar_MIC,3,1,2026-05-11_17h28.42.991,MIC_task,,2026.1.2,59.486276515657686,2026-05-11 17h28.44.439398 +0200,
MRnGO_prac_stimuli/clover.png,"(0.1, 0.1)",17,0,17,None,,,,,,,,,,,,,,,,,,,,,,,,,0,1,1,1,17,0,17,0,,,,,,,,,,,,,66.19202330000189,,,,,,,,,,,,,,,,,,,,,,,,,,,,,,,,,,,,,,,,,,,,,,,,,,,,,,,,,,,,,,,,,,,,66.17880620000142,66.19202330000189,66.19202330000189,66.19202330000189,66.37701930000185,None,,,,,,,,,,,,,,,,,,,,,,,,,,,,,,,,,,,,,,,,,,,,,,,,,,,,,,,,,P2887,Bar_MIC,3,1,2026-05-11_17h28.42.991,MIC_task,,2026.1.2,59.486276515657686,2026-05-11 17h28.44.439398 +0200,
MRnGO_prac_stimuli/clover.png,"(0.1, 0.1)",18,0,18,None,,,,,,,,,,,,,,,,,,,,,,,,,0,1,1,1,18,0,18,0,,,,,,,,,,,,,66.39239559999987,,,,,,,,,,,,,,,,,,,,,,,,,,,,,,,,,,,,,,,,,,,,,,,,,,,,,,,,,,,,,,,,,,,,66.38003110000136,66.39239559999987,66.39239559999987,66.39239559999987,66.57643650000318,None,,,,,,,,,,,,,,,,,,,,,,,,,,,,,,,,,,,,,,,,,,,,,,,,,,,,,,,,,P2887,Bar_MIC,3,1,2026-05-11_17h28.42.991,MIC_task,,2026.1.2,59.486276515657686,2026-05-11 17h28.44.439398 +0200,
MRnGO_prac_stimuli/clover.png,"(0.1, 0.1)",19,0,19,None,,,,,,,,,,,,,,,,,,,,,,,,,0,1,1,1,19,0,19,0,,,,,,,,,,,,,66.59278310000082,,,,,,,,,,,,,,,,,,,,,,,,,,,,,,,,,,,,,,,,,,,,,,,,,,,,,,,,,,,,,,,,,,,,66.57940020000024,66.59278310000082,66.59278310000082,66.59278310000082,66.77720980000231,None,,,,,,,,,,,,,,,,,,,,,,,,,,,,,,,,,,,,,,,,,,,,,,,,,,,,,,,,,P2887,Bar_MIC,3,1,2026-05-11_17h28.42.991,MIC_task,,2026.1.2,59.486276515657686,2026-05-11 17h28.44.439398 +0200,
MRnGO_prac_stimuli/clover.png,"(0.1, 0.1)",20,0,20,None,,,,,,,,,,,,,,,,,,,,,,,,,0,1,1,1,20,0,20,0,,,,,,,,,,,,,66.79314920000252,,,,,,,,,,,,,,,,,,,,,,,,,,,,,,,,,,,,,,,,,,,,,,,,,,,,,,,,,,,,,,,,,,,,66.78065300000162,66.79314920000252,66.79314920000252,66.79314920000252,66.97727460000169,None,,,,,,,,,,,,,,,,,,,,,,,,,,,,,,,,,,,,,,,,,,,,,,,,,,,,,,,,,P2887,Bar_MIC,3,1,2026-05-11_17h28.42.991,MIC_task,,2026.1.2,59.486276515657686,2026-05-11 17h28.44.439398 +0200,
MRnGO_prac_stimuli/clover.png,"(0.1, 0.1)",21,0,21,None,,,,,,,,,,,,,,,,,,,,,,,,,0,1,1,1,21,0,21,0,,,,,,,,,,,,,66.9935684000011,,,,,,,,,,,,,,,,,,,,,,,,,,,,,,,,,,,,,,,,,,,,,,,,,,,,,,,,,,,,,,,,,,,,66.98013800000263,66.9935684000011,66.9935684000011,66.9935684000011,67.17750290000185,None,,,,,,,,,,,,,,,,,,,,,,,,,,,,,,,,,,,,,,,,,,,,,,,,,,,,,,,,,P2887,Bar_MIC,3,1,2026-05-11_17h28.42.991,MIC_task,,2026.1.2,59.486276515657686,2026-05-11 17h28.44.439398 +0200,
MRnGO_prac_stimuli/clover.png,"(0.1, 0.1)",22,0,22,None,,,,,,,,,,,,,,,,,,,,,,,,,0,1,1,1,22,0,22,0,,,,,,,,,,,,,67.19385970000076,,,,,,,,,,,,,,,,,,,,,,,,,,,,,,,,,,,,,,,,,,,,,,,,,,,,,,,,,,,,,,,,,,,,67.18087050000031,67.19385970000076,67.19385970000076,67.19385970000076,67.37823370000115,None,,,,,,,,,,,,,,,,,,,,,,,,,,,,,,,,,,,,,,,,,,,,,,,,,,,,,,,,,P2887,Bar_MIC,3,1,2026-05-11_17h28.42.991,MIC_task,,2026.1.2,59.486276515657686,2026-05-11 17h28.44.439398 +0200,
MRnGO_prac_stimuli/clover.png,"(0.1, 0.1)",23,0,23,None,,,,,,,,,,,,,,,,,,,,,,,,,0,1,1,1,23,0,23,0,,,,,,,,,,,,,67.3942687000017,,,,,,,,,,,,,,,,,,,,,,,,,,,,,,,,,,,,,,,,,,,,,,,,,,,,,,,,,,,,,,,,,,,,67.38195450000057,67.3942687000017,67.3942687000017,67.3942687000017,67.57884040000135,None,,,,,,,,,,,,,,,,,,,,,,,,,,,,,,,,,,,,,,,,,,,,,,,,,,,,,,,,,P2887,Bar_MIC,3,1,2026-05-11_17h28.42.991,MIC_task,,2026.1.2,59.486276515657686,2026-05-11 17h28.44.439398 +0200,
MRnGO_prac_stimuli/clover.png,"(0.1, 0.1)",24,0,24,None,,,,,,,,,,,,,,,,,,,,,,,,,0,1,1,1,24,0,24,0,,,,,,,,,,,,,67.59470510000028,,,,,,,,,,,,,,,,,,,,,,,,,,,,,,,,,,,,,,,,,,,,,,,,,,,,,,,,,,,,,,,,,,,,67.5818016000012,67.59470510000028,67.59470510000028,67.59470510000028,67.77860700000019,None,,,,,,,,,,,,,,,,,,,,,,,,,,,,,,,,,,,,,,,,,,,,,,,,,,,,,,,,,P2887,Bar_MIC,3,1,2026-05-11_17h28.42.991,MIC_task,,2026.1.2,59.486276515657686,2026-05-11 17h28.44.439398 +0200,
MRnGO_prac_stimuli/clover.png,"(0.1, 0.1)",25,0,25,space,0.10452510000322945,None,,,,,,,,,,,,,,,,,,,,,,,0,1,1,1,25,0,25,0,,,,,,,,,,,,,67.79421900000307,,,,,,,,,,,,,,,,,,,,,,,,,,,,,,,,,,,,,,,,,,,,,,,,,,,,,,,,,,,,,,,,,,,,67.78177500000311,67.79421900000307,67.79421900000307,67.79421900000307,67.91316250000091,space,0.10452510000322945,None,,,,,,,,,,,,,,,,,,,,,,,,,,,,,,,,,,,,,,,,,,,,,,,,,,,,,,,P2887,Bar_MIC,3,1,2026-05-11_17h28.42.991,MIC_task,,2026.1.2,59.486276515657686,2026-05-11 17h28.44.439398 +0200,
MRnGO_prac_stimuli/clover.png,"(0.1, 0.1)",1,1,0,,,,space,14.097722300000896,None,,,,,,,,,,,,,,,,,,,,0,1,1,1,,,,,,,,,,,,,,,,,,,,,,,,,,,,,,,,,,,,,,,,,,,,,,,,,,,,,,,,,,,,,,,,,,,,,,,,,,,,,,,,,,,,,,,,,,,,,67.9715784,67.97705020000285,67.97893156666856,69.91533230000277,69.94036590000178,69.9454865000007,69.94851033333592,71.83418450000318,71.91765170000144,71.91770120000001,71.93465060000017,71.93465060000017,86.04113300000245,space,14.097722300000896,None,,,,,,,,,,,,,,,,,,,,,,,,,,,,,,,,,,,,,,,P2887,Bar_MIC,3,1,2026-05-11_17h28.42.991,MIC_task,,2026.1.2,59.486276515657686,2026-05-11 17h28.44.439398 +0200,
MRnGO_prac_stimuli/king.png,"(0, 0)",0,0,0,None,,,,,,,,,,,,,,,,,,,,,,,,,0,2,2,2,0,0,0,0,,,,,,,,,,,,,86.06723820000116,,,,,,,,,,,,,,,,,,,,,,,,,,,,,,,,,,,,,,,,,,,,,,,,,,,,,,,,,,,,,,,,,,,,86.06207820000054,86.06723820000116,86.06723820000116,86.06723820000116,86.25611410000056,None,,,,,,,,,,,,,,,,,,,,,,,,,,,,,,,,,,,,,,,,,,,,,,,,,,,,,,,,,P2887,Bar_MIC,3,1,2026-05-11_17h28.42.991,MIC_task,,2026.1.2,59.486276515657686,2026-05-11 17h28.44.439398 +0200,
MRnGO_prac_stimuli/king.png,"(0, 0)",0,0,0,None,,,,,,,,,,,,,,,,,,,,,,,,,0,2,2,2,0,0,0,0,,,,,,,,,,,,,86.27286890000323,,,,,,,,,,,,,,,,,,,,,,,,,,,,,,,,,,,,,,,,,,,,,,,,,,,,,,,,,,,,,,,,,,,,86.25932330000069,86.27286890000323,86.27286890000323,86.27286890000323,86.45671060000313,None,,,,,,,,,,,,,,,,,,,,,,,,,,,,,,,,,,,,,,,,,,,,,,,,,,,,,,,,,P2887,Bar_MIC,3,1,2026-05-11_17h28.42.991,MIC_task,,2026.1.2,59.486276515657686,2026-05-11 17h28.44.439398 +0200,
MRnGO_prac_stimuli/king.png,"(0, 0)",1,0,1,None,,,,,,,,,,,,,,,,,,,,,,,,,0,2,2,2,1,0,1,0,,,,,,,,,,,,,86.47318030000315,,,,,,,,,,,,,,,,,,,,,,,,,,,,,,,,,,,,,,,,,,,,,,,,,,,,,,,,,,,,,,,,,,,,86.45979590000206,86.47318030000315,86.47318030000315,86.47318030000315,86.65701850000187,None,,,,,,,,,,,,,,,,,,,,,,,,,,,,,,,,,,,,,,,,,,,,,,,,,,,,,,,,,P2887,Bar_MIC,3,1,2026-05-11_17h28.42.991,MIC_task,,2026.1.2,59.486276515657686,2026-05-11 17h28.44.439398 +0200,
MRnGO_prac_stimuli/king.png,"(0, 0)",2,0,2,None,,,,,,,,,,,,,,,,,,,,,,,,,0,2,2,2,2,0,2,0,,,,,,,,,,,,,86.67355900000257,,,,,,,,,,,,,,,,,,,,,,,,,,,,,,,,,,,,,,,,,,,,,,,,,,,,,,,,,,,,,,,,,,,,86.66076390000308,86.67355900000257,86.67355900000257,86.67355900000257,86.85768640000242,None,,,,,,,,,,,,,,,,,,,,,,,,,,,,,,,,,,,,,,,,,,,,,,,,,,,,,,,,,P2887,Bar_MIC,3,1,2026-05-11_17h28.42.991,MIC_task,,2026.1.2,59.486276515657686,2026-05-11 17h28.44.439398 +0200,
MRnGO_prac_stimuli/king.png,"(0, 0)",3,0,3,None,,,,,,,,,,,,,,,,,,,,,,,,,0,2,2,2,3,0,3,0,,,,,,,,,,,,,86.87390250000317,,,,,,,,,,,,,,,,,,,,,,,,,,,,,,,,,,,,,,,,,,,,,,,,,,,,,,,,,,,,,,,,,,,,86.86107410000113,86.87390250000317,86.87390250000317,86.87390250000317,87.05789809999987,None,,,,,,,,,,,,,,,,,,,,,,,,,,,,,,,,,,,,,,,,,,,,,,,,,,,,,,,,,P2887,Bar_MIC,3,1,2026-05-11_17h28.42.991,MIC_task,,2026.1.2,59.486276515657686,2026-05-11 17h28.44.439398 +0200,
MRnGO_prac_stimuli/king.png,"(0, 0)",4,0,4,None,,,,,,,,,,,,,,,,,,,,,,,,,0,2,2,2,4,0,4,0,,,,,,,,,,,,,87.07420770000317,,,,,,,,,,,,,,,,,,,,,,,,,,,,,,,,,,,,,,,,,,,,,,,,,,,,,,,,,,,,,,,,,,,,87.06148700000267,87.07420770000317,87.07420770000317,87.07420770000317,87.24146680000194,None,,,,,,,,,,,,,,,,,,,,,,,,,,,,,,,,,,,,,,,,,,,,,,,,,,,,,,,,,P2887,Bar_MIC,3,1,2026-05-11_17h28.42.991,MIC_task,,2026.1.2,59.486276515657686,2026-05-11 17h28.44.439398 +0200,
MRnGO_prac_stimuli/king.png,"(0, 0)",5,0,5,None,,,,,,,,,,,,,,,,,,,,,,,,,0,2,2,2,5,0,5,0,,,,,,,,,,,,,87.25784700000077,,,,,,,,,,,,,,,,,,,,,,,,,,,,,,,,,,,,,,,,,,,,,,,,,,,,,,,,,,,,,,,,,,,,87.24499600000127,87.25784700000077,87.25784700000077,87.25784700000077,87.44204970000283,None,,,,,,,,,,,,,,,,,,,,,,,,,,,,,,,,,,,,,,,,,,,,,,,,,,,,,,,,,P2887,Bar_MIC,3,1,2026-05-11_17h28.42.991,MIC_task,,2026.1.2,59.486276515657686,2026-05-11 17h28.44.439398 +0200,
MRnGO_prac_stimuli/king.png,"(0, 0)",6,0,6,None,,,,,,,,,,,,,,,,,,,,,,,,,0,2,2,2,6,0,6,0,,,,,,,,,,,,,87.45816920000289,,,,,,,,,,,,,,,,,,,,,,,,,,,,,,,,,,,,,,,,,,,,,,,,,,,,,,,,,,,,,,,,,,,,87.44517550000091,87.45816920000289,87.45816920000289,87.45816920000289,87.64276679999966,None,,,,,,,,,,,,,,,,,,,,,,,,,,,,,,,,,,,,,,,,,,,,,,,,,,,,,,,,,P2887,Bar_MIC,3,1,2026-05-11_17h28.42.991,MIC_task,,2026.1.2,59.486276515657686,2026-05-11 17h28.44.439398 +0200,
MRnGO_prac_stimuli/king.png,"(0, 0)",7,0,7,None,,,,,,,,,,,,,,,,,,,,,,,,,0,2,2,2,7,0,7,0,,,,,,,,,,,,,87.65863340000215,,,,,,,,,,,,,,,,,,,,,,,,,,,,,,,,,,,,,,,,,,,,,,,,,,,,,,,,,,,,,,,,,,,,87.6464240000023,87.65863340000215,87.65863340000215,87.65863340000215,87.8428675000032,None,,,,,,,,,,,,,,,,,,,,,,,,,,,,,,,,,,,,,,,,,,,,,,,,,,,,,,,,,P2887,Bar_MIC,3,1,2026-05-11_17h28.42.991,MIC_task,,2026.1.2,59.486276515657686,2026-05-11 17h28.44.439398 +0200,
MRnGO_prac_stimuli/king.png,"(0, 0)",8,0,8,None,,,,,,,,,,,,,,,,,,,,,,,,,0,2,2,2,8,0,8,0,,,,,,,,,,,,,87.85905810000258,,,,,,,,,,,,,,,,,,,,,,,,,,,,,,,,,,,,,,,,,,,,,,,,,,,,,,,,,,,,,,,,,,,,87.84582290000253,87.85905810000258,87.85905810000258,87.85905810000258,88.04327790000025,None,,,,,,,,,,,,,,,,,,,,,,,,,,,,,,,,,,,,,,,,,,,,,,,,,,,,,,,,,P2887,Bar_MIC,3,1,2026-05-11_17h28.42.991,MIC_task,,2026.1.2,59.486276515657686,2026-05-11 17h28.44.439398 +0200,
MRnGO_prac_stimuli/king.png,"(0, 0)",9,0,9,None,,,,,,,,,,,,,,,,,,,,,,,,,0,2,2,2,9,0,9,0,,,,,,,,,,,,,88.05869600000005,,,,,,,,,,,,,,,,,,,,,,,,,,,,,,,,,,,,,,,,,,,,,,,,,,,,,,,,,,,,,,,,,,,,88.04650440000114,88.05869600000005,88.05869600000005,88.05869600000005,88.24370780000027,None,,,,,,,,,,,,,,,,,,,,,,,,,,,,,,,,,,,,,,,,,,,,,,,,,,,,,,,,,P2887,Bar_MIC,3,1,2026-05-11_17h28.42.991,MIC_task,,2026.1.2,59.486276515657686,2026-05-11 17h28.44.439398 +0200,
MRnGO_prac_stimuli/king.png,"(0, 0)",10,0,10,None,,,,,,,,,,,,,,,,,,,,,,,,,0,2,2,2,10,0,10,0,,,,,,,,,,,,,88.25917850000042,,,,,,,,,,,,,,,,,,,,,,,,,,,,,,,,,,,,,,,,,,,,,,,,,,,,,,,,,,,,,,,,,,,,88.24695840000277,88.25917850000042,88.25917850000042,88.25917850000042,88.44406330000129,None,,,,,,,,,,,,,,,,,,,,,,,,,,,,,,,,,,,,,,,,,,,,,,,,,,,,,,,,,P2887,Bar_MIC,3,1,2026-05-11_17h28.42.991,MIC_task,,2026.1.2,59.486276515657686,2026-05-11 17h28.44.439398 +0200,
MRnGO_prac_stimuli/king.png,"(0, 0)",11,0,11,None,,,,,,,,,,,,,,,,,,,,,,,,,0,2,2,2,11,0,11,0,,,,,,,,,,,,,88.45944370000143,,,,,,,,,,,,,,,,,,,,,,,,,,,,,,,,,,,,,,,,,,,,,,,,,,,,,,,,,,,,,,,,,,,,88.44736540000304,88.45944370000143,88.45944370000143,88.45944370000143,88.64462990000175,None,,,,,,,,,,,,,,,,,,,,,,,,,,,,,,,,,,,,,,,,,,,,,,,,,,,,,,,,,P2887,Bar_MIC,3,1,2026-05-11_17h28.42.991,MIC_task,,2026.1.2,59.486276515657686,2026-05-11 17h28.44.439398 +0200,
MRnGO_prac_stimuli/king.png,"(0, 0)",12,0,12,None,,,,,,,,,,,,,,,,,,,,,,,,,0,2,2,2,12,0,12,0,,,,,,,,,,,,,88.65975790000084,,,,,,,,,,,,,,,,,,,,,,,,,,,,,,,,,,,,,,,,,,,,,,,,,,,,,,,,,,,,,,,,,,,,88.64790130000256,88.65975790000084,88.65975790000084,88.65975790000084,88.84351620000234,None,,,,,,,,,,,,,,,,,,,,,,,,,,,,,,,,,,,,,,,,,,,,,,,,,,,,,,,,,P2887,Bar_MIC,3,1,2026-05-11_17h28.42.991,MIC_task,,2026.1.2,59.486276515657686,2026-05-11 17h28.44.439398 +0200,
MRnGO_prac_stimuli/king.png,"(0, 0)",13,0,13,None,,,,,,,,,,,,,,,,,,,,,,,,,0,2,2,2,13,0,13,0,,,,,,,,,,,,,88.86011580000195,,,,,,,,,,,,,,,,,,,,,,,,,,,,,,,,,,,,,,,,,,,,,,,,,,,,,,,,,,,,,,,,,,,,88.84668860000238,88.86011580000195,88.86011580000195,88.86011580000195,89.04394970000067,None,,,,,,,,,,,,,,,,,,,,,,,,,,,,,,,,,,,,,,,,,,,,,,,,,,,,,,,,,P2887,Bar_MIC,3,1,2026-05-11_17h28.42.991,MIC_task,,2026.1.2,59.486276515657686,2026-05-11 17h28.44.439398 +0200,
MRnGO_prac_stimuli/king.png,"(0, 0)",14,0,14,space,0.017627100001845974,None,,,,,,,,,,,,,,,,,,,,,,,0,2,2,2,14,0,14,0,,,,,,,,,,,,,89.06048710000323,,,,,,,,,,,,,,,,,,,,,,,,,,,,,,,,,,,,,,,,,,,,,,,,,,,,,,,,,,,,,,,,,,,,89.04712010000003,89.06048710000323,89.06048710000323,89.06048710000323,89.09475890000249,space,0.017627100001845974,None,,,,,,,,,,,,,,,,,,,,,,,,,,,,,,,,,,,,,,,,,,,,,,,,,,,,,,,P2887,Bar_MIC,3,1,2026-05-11_17h28.42.991,MIC_task,,2026.1.2,59.486276515657686,2026-05-11 17h28.44.439398 +0200,
MRnGO_prac_stimuli/king.png,"(0, 0)",2,2,0,,,,space,10.732238700002199,None,,,,,,,,,,,,,,,,,,,,0,2,2,2,,,,,,,,,,,,,,,,,,,,,,,,,,,,,,,,,,,,,,,,,,,,,,,,,,,,,,,,,,,,,,,,,,,,,,,,,,,,,,,,,,,,,,,,,,,,,89.1529111000018,89.15826620000007,89.16067126666991,91.0971282999999,91.12736280000172,91.13250420000259,91.13033473333465,93.01618840000083,93.10012389999974,93.10016750000068,93.11695790000158,93.11695790000158,103.85159100000237,space,10.732238700002199,None,,,,,,,,,,,,,,,,,,,,,,,,,,,,,,,,,,,,,,,P2887,Bar_MIC,3,1,2026-05-11_17h28.42.991,MIC_task,,2026.1.2,59.486276515657686,2026-05-11 17h28.44.439398 +0200,
,,,,,,,,,,,,,,,,,,,,,,,,,,,,,,,,,,,,,,,,,,,,,,,,,,,,,,,,,,,,,,,,,,,,,,,,,,,,,,,,,,,,,,,,,,,,,,,,,,,,,,,,,,,,,,103.91505220000181,103.92287920000308,103.92287920000308,103.91738486666969,109.30904240000018,space,5.374224800001684,None,,,,,,,,,,,,,,,,,,,,,,,,,109.05734339999981,,,,,,,,,,,,,,,,,,,,,,,,,,,,,,,,,,,,,,P2887,Bar_MIC,3,1,2026-05-11_17h28.42.991,MIC_task,,2026.1.2,59.486276515657686,2026-05-11 17h28.44.439398 +0200,
,,0,0,0,,,,,,,3,ty16,mágnes,magnet,9,toys,gadget,5.6,6,None,73,None,"(0.1, 0.1)",None,,,,,,,,,,,,,,0,0,0,0,0,0,0,0,0,0,0,0,109.34699810000166,,,,,,,,,,,,,,,,,,,,,,,,,,,,,,,,,,,,,,,,,,,,,,,,,,,,,,,,,,,,,,,,,,,,,,,,,,,,,,,,,,,,,,,,,,,,,109.34137220000048,109.34699810000166,109.34699810000166,109.34699810000166,109.5255599000011,None,,,,,,,,,,,,,,,,,,,,,,,,,,,,,,,,P2887,Bar_MIC,3,1,2026-05-11_17h28.42.991,MIC_task,,2026.1.2,59.486276515657686,2026-05-11 17h28.44.439398 +0200,
,,0,0,0,,,,,,,3,ty16,mágnes,magnet,9,toys,gadget,5.6,6,None,73,None,"(0.1, 0.1)",None,,,,,,,,,,,,,,0,0,0,0,0,0,0,0,0,0,0,0,109.54190880000169,,,,,,,,,,,,,,,,,,,,,,,,,,,,,,,,,,,,,,,,,,,,,,,,,,,,,,,,,,,,,,,,,,,,,,,,,,,,,,,,,,,,,,,,,,,,,109.52910270000211,109.54190880000169,109.54190880000169,109.54190880000169,109.70937950000007,None,,,,,,,,,,,,,,,,,,,,,,,,,,,,,,,,P2887,Bar_MIC,3,1,2026-05-11_17h28.42.991,MIC_task,,2026.1.2,59.486276515657686,2026-05-11 17h28.44.439398 +0200,
,,1,0,1,,,,,,,3,ty16,mágnes,magnet,9,toys,gadget,5.6,6,None,73,None,"(0.1, 0.1)",None,,,,,,,,,,,,,,0,0,0,0,0,0,0,0,1,0,1,0,109.72551510000267,,,,,,,,,,,,,,,,,,,,,,,,,,,,,,,,,,,,,,,,,,,,,,,,,,,,,,,,,,,,,,,,,,,,,,,,,,,,,,,,,,,,,,,,,,,,,109.7126758000013,109.72551510000267,109.72551510000267,109.72551510000267,109.90958010000031,None,,,,,,,,,,,,,,,,,,,,,,,,,,,,,,,,P2887,Bar_MIC,3,1,2026-05-11_17h28.42.991,MIC_task,,2026.1.2,59.486276515657686,2026-05-11 17h28.44.439398 +0200,
,,2,0,2,,,,,,,3,ty16,mágnes,magnet,9,toys,gadget,5.6,6,None,73,None,"(0.1, 0.1)",None,,,,,,,,,,,,,,0,0,0,0,0,0,0,0,2,0,2,0,109.92582670000047,,,,,,,,,,,,,,,,,,,,,,,,,,,,,,,,,,,,,,,,,,,,,,,,,,,,,,,,,,,,,,,,,,,,,,,,,,,,,,,,,,,,,,,,,,,,,109.91314950000015,109.92582670000047,109.92582670000047,109.92582670000047,110.11018239999976,None,,,,,,,,,,,,,,,,,,,,,,,,,,,,,,,,P2887,Bar_MIC,3,1,2026-05-11_17h28.42.991,MIC_task,,2026.1.2,59.486276515657686,2026-05-11 17h28.44.439398 +0200,
,,3,0,3,,,,,,,3,ty16,mágnes,magnet,9,toys,gadget,5.6,6,None,73,None,"(0.1, 0.1)",None,,,,,,,,,,,,,,0,0,0,0,0,0,0,0,3,0,3,0,110.12628320000294,,,,,,,,,,,,,,,,,,,,,,,,,,,,,,,,,,,,,,,,,,,,,,,,,,,,,,,,,,,,,,,,,,,,,,,,,,,,,,,,,,,,,,,,,,,,,110.11359620000076,110.12628320000294,110.12628320000294,110.12628320000294,110.31042060000254,None,,,,,,,,,,,,,,,,,,,,,,,,,,,,,,,,P2887,Bar_MIC,3,1,2026-05-11_17h28.42.991,MIC_task,,2026.1.2,59.486276515657686,2026-05-11 17h28.44.439398 +0200,
,,4,0,4,,,,,,,3,ty16,mágnes,magnet,9,toys,gadget,5.6,6,None,73,None,"(0.1, 0.1)",None,,,,,,,,,,,,,,0,0,0,0,0,0,0,0,4,0,4,0,110.32599060000211,,,,,,,,,,,,,,,,,,,,,,,,,,,,,,,,,,,,,,,,,,,,,,,,,,,,,,,,,,,,,,,,,,,,,,,,,,,,,,,,,,,,,,,,,,,,,110.31375340000159,110.32599060000211,110.32599060000211,110.32599060000211,110.50996529999975,None,,,,,,,,,,,,,,,,,,,,,,,,,,,,,,,,P2887,Bar_MIC,3,1,2026-05-11_17h28.42.991,MIC_task,,2026.1.2,59.486276515657686,2026-05-11 17h28.44.439398 +0200,
,,5,0,5,,,,,,,3,ty16,mágnes,magnet,9,toys,gadget,5.6,6,None,73,None,"(0.1, 0.1)",None,,,,,,,,,,,,,,0,0,0,0,0,0,0,0,5,0,5,0,110.52638050000314,,,,,,,,,,,,,,,,,,,,,,,,,,,,,,,,,,,,,,,,,,,,,,,,,,,,,,,,,,,,,,,,,,,,,,,,,,,,,,,,,,,,,,,,,,,,,110.51345240000228,110.52638050000314,110.52638050000314,110.52638050000314,110.71128650000173,None,,,,,,,,,,,,,,,,,,,,,,,,,,,,,,,,P2887,Bar_MIC,3,1,2026-05-11_17h28.42.991,MIC_task,,2026.1.2,59.486276515657686,2026-05-11 17h28.44.439398 +0200,
,,6,0,6,,,,,,,3,ty16,mágnes,magnet,9,toys,gadget,5.6,6,None,73,None,"(0.1, 0.1)",None,,,,,,,,,,,,,,0,0,0,0,0,0,0,0,6,0,6,0,110.72675640000307,,,,,,,,,,,,,,,,,,,,,,,,,,,,,,,,,,,,,,,,,,,,,,,,,,,,,,,,,,,,,,,,,,,,,,,,,,,,,,,,,,,,,,,,,,,,,110.71481590000258,110.72675640000307,110.72675640000307,110.72675640000307,110.91072500000155,None,,,,,,,,,,,,,,,,,,,,,,,,,,,,,,,,P2887,Bar_MIC,3,1,2026-05-11_17h28.42.991,MIC_task,,2026.1.2,59.486276515657686,2026-05-11 17h28.44.439398 +0200,
,,7,0,7,,,,,,,3,ty16,mágnes,magnet,9,toys,gadget,5.6,6,None,73,None,"(0.1, 0.1)",None,,,,,,,,,,,,,,0,0,0,0,0,0,0,0,7,0,7,0,110.92708790000324,,,,,,,,,,,,,,,,,,,,,,,,,,,,,,,,,,,,,,,,,,,,,,,,,,,,,,,,,,,,,,,,,,,,,,,,,,,,,,,,,,,,,,,,,,,,,110.91389770000023,110.92708790000324,110.92708790000324,110.92708790000324,111.11110080000071,None,,,,,,,,,,,,,,,,,,,,,,,,,,,,,,,,P2887,Bar_MIC,3,1,2026-05-11_17h28.42.991,MIC_task,,2026.1.2,59.486276515657686,2026-05-11 17h28.44.439398 +0200,
,,8,0,8,,,,,,,3,ty16,mágnes,magnet,9,toys,gadget,5.6,6,None,73,None,"(0.1, 0.1)",None,,,,,,,,,,,,,,0,0,0,0,0,0,0,0,8,0,8,0,111.12746800000241,,,,,,,,,,,,,,,,,,,,,,,,,,,,,,,,,,,,,,,,,,,,,,,,,,,,,,,,,,,,,,,,,,,,,,,,,,,,,,,,,,,,,,,,,,,,,111.11436930000127,111.12746800000241,111.12746800000241,111.12746800000241,111.31122200000027,None,,,,,,,,,,,,,,,,,,,,,,,,,,,,,,,,P2887,Bar_MIC,3,1,2026-05-11_17h28.42.991,MIC_task,,2026.1.2,59.486276515657686,2026-05-11 17h28.44.439398 +0200,
,,9,0,9,,,,,,,3,ty16,mágnes,magnet,9,toys,gadget,5.6,6,None,73,None,"(0.1, 0.1)",None,,,,,,,,,,,,,,0,0,0,0,0,0,0,0,9,0,9,0,111.32778840000174,,,,,,,,,,,,,,,,,,,,,,,,,,,,,,,,,,,,,,,,,,,,,,,,,,,,,,,,,,,,,,,,,,,,,,,,,,,,,,,,,,,,,,,,,,,,,111.31469540000035,111.32778840000174,111.32778840000174,111.32778840000174,111.51206600000296,None,,,,,,,,,,,,,,,,,,,,,,,,,,,,,,,,P2887,Bar_MIC,3,1,2026-05-11_17h28.42.991,MIC_task,,2026.1.2,59.486276515657686,2026-05-11 17h28.44.439398 +0200,
,,10,0,10,,,,,,,3,ty16,mágnes,magnet,9,toys,gadget,5.6,6,None,73,None,"(0.1, 0.1)",None,,,,,,,,,,,,,,0,0,0,0,0,0,0,0,10,0,10,0,111.52814740000031,,,,,,,,,,,,,,,,,,,,,,,,,,,,,,,,,,,,,,,,,,,,,,,,,,,,,,,,,,,,,,,,,,,,,,,,,,,,,,,,,,,,,,,,,,,,,111.5149977000001,111.52814740000031,111.52814740000031,111.52814740000031,111.71239770000102,None,,,,,,,,,,,,,,,,,,,,,,,,,,,,,,,,P2887,Bar_MIC,3,1,2026-05-11_17h28.42.991,MIC_task,,2026.1.2,59.486276515657686,2026-05-11 17h28.44.439398 +0200,
,,11,0,11,,,,,,,3,ty16,mágnes,magnet,9,toys,gadget,5.6,6,None,73,None,"(0.1, 0.1)",None,,,,,,,,,,,,,,0,0,0,0,0,0,0,0,11,0,11,0,111.72856470000261,,,,,,,,,,,,,,,,,,,,,,,,,,,,,,,,,,,,,,,,,,,,,,,,,,,,,,,,,,,,,,,,,,,,,,,,,,,,,,,,,,,,,,,,,,,,,111.71538280000095,111.72856470000261,111.72856470000261,111.72856470000261,111.91250779999973,None,,,,,,,,,,,,,,,,,,,,,,,,,,,,,,,,P2887,Bar_MIC,3,1,2026-05-11_17h28.42.991,MIC_task,,2026.1.2,59.486276515657686,2026-05-11 17h28.44.439398 +0200,
,,12,0,12,,,,,,,3,ty16,mágnes,magnet,9,toys,gadget,5.6,6,None,73,None,"(0.1, 0.1)",None,,,,,,,,,,,,,,0,0,0,0,0,0,0,0,12,0,12,0,111.92886170000202,,,,,,,,,,,,,,,,,,,,,,,,,,,,,,,,,,,,,,,,,,,,,,,,,,,,,,,,,,,,,,,,,,,,,,,,,,,,,,,,,,,,,,,,,,,,,111.91570570000113,111.92886170000202,111.92886170000202,111.92886170000202,112.11300180000035,None,,,,,,,,,,,,,,,,,,,,,,,,,,,,,,,,P2887,Bar_MIC,3,1,2026-05-11_17h28.42.991,MIC_task,,2026.1.2,59.486276515657686,2026-05-11 17h28.44.439398 +0200,
,,13,0,13,,,,,,,3,ty16,mágnes,magnet,9,toys,gadget,5.6,6,None,73,None,"(0.1, 0.1)",None,,,,,,,,,,,,,,0,0,0,0,0,0,0,0,13,0,13,0,112.12922150000304,,,,,,,,,,,,,,,,,,,,,,,,,,,,,,,,,,,,,,,,,,,,,,,,,,,,,,,,,,,,,,,,,,,,,,,,,,,,,,,,,,,,,,,,,,,,,112.11643720000211,112.12922150000304,112.12922150000304,112.12922150000304,112.31390250000186,None,,,,,,,,,,,,,,,,,,,,,,,,,,,,,,,,P2887,Bar_MIC,3,1,2026-05-11_17h28.42.991,MIC_task,,2026.1.2,59.486276515657686,2026-05-11 17h28.44.439398 +0200,
,,14,0,14,,,,,,,3,ty16,mágnes,magnet,9,toys,gadget,5.6,6,None,73,None,"(0.1, 0.1)",None,,,,,,,,,,,,,,0,0,0,0,0,0,0,0,14,0,14,0,112.32968090000213,,,,,,,,,,,,,,,,,,,,,,,,,,,,,,,,,,,,,,,,,,,,,,,,,,,,,,,,,,,,,,,,,,,,,,,,,,,,,,,,,,,,,,,,,,,,,112.3170323000013,112.32968090000213,112.32968090000213,112.32968090000213,112.51379860000088,None,,,,,,,,,,,,,,,,,,,,,,,,,,,,,,,,P2887,Bar_MIC,3,1,2026-05-11_17h28.42.991,MIC_task,,2026.1.2,59.486276515657686,2026-05-11 17h28.44.439398 +0200,
,,15,0,15,,,,,,,3,ty16,mágnes,magnet,9,toys,gadget,5.6,6,None,73,None,"(0.1, 0.1)",None,,,,,,,,,,,,,,0,0,0,0,0,0,0,0,15,0,15,0,112.52928020000036,,,,,,,,,,,,,,,,,,,,,,,,,,,,,,,,,,,,,,,,,,,,,,,,,,,,,,,,,,,,,,,,,,,,,,,,,,,,,,,,,,,,,,,,,,,,,112.51676399999997,112.52928020000036,112.52928020000036,112.52928020000036,112.71428420000302,None,,,,,,,,,,,,,,,,,,,,,,,,,,,,,,,,P2887,Bar_MIC,3,1,2026-05-11_17h28.42.991,MIC_task,,2026.1.2,59.486276515657686,2026-05-11 17h28.44.439398 +0200,
,,16,0,16,,,,,,,3,ty16,mágnes,magnet,9,toys,gadget,5.6,6,None,73,None,"(0.1, 0.1)",None,,,,,,,,,,,,,,0,0,0,0,0,0,0,0,16,0,16,0,112.72963470000104,,,,,,,,,,,,,,,,,,,,,,,,,,,,,,,,,,,,,,,,,,,,,,,,,,,,,,,,,,,,,,,,,,,,,,,,,,,,,,,,,,,,,,,,,,,,,112.71737589999975,112.72963470000104,112.72963470000104,112.72963470000104,112.91463480000311,None,,,,,,,,,,,,,,,,,,,,,,,,,,,,,,,,P2887,Bar_MIC,3,1,2026-05-11_17h28.42.991,MIC_task,,2026.1.2,59.486276515657686,2026-05-11 17h28.44.439398 +0200,
,,17,0,17,,,,,,,3,ty16,mágnes,magnet,9,toys,gadget,5.6,6,None,73,None,"(0.1, 0.1)",None,,,,,,,,,,,,,,0,0,0,0,0,0,0,0,17,0,17,0,112.93007920000309,,,,,,,,,,,,,,,,,,,,,,,,,,,,,,,,,,,,,,,,,,,,,,,,,,,,,,,,,,,,,,,,,,,,,,,,,,,,,,,,,,,,,,,,,,,,,112.91820010000083,112.93007920000309,112.93007920000309,112.93007920000309,113.11497930000041,None,,,,,,,,,,,,,,,,,,,,,,,,,,,,,,,,P2887,Bar_MIC,3,1,2026-05-11_17h28.42.991,MIC_task,,2026.1.2,59.486276515657686,2026-05-11 17h28.44.439398 +0200,
,,18,0,18,,,,,,,3,ty16,mágnes,magnet,9,toys,gadget,5.6,6,None,73,None,"(0.1, 0.1)",None,,,,,,,,,,,,,,0,0,0,0,0,0,0,0,18,0,18,0,113.13040600000022,,,,,,,,,,,,,,,,,,,,,,,,,,,,,,,,,,,,,,,,,,,,,,,,,,,,,,,,,,,,,,,,,,,,,,,,,,,,,,,,,,,,,,,,,,,,,113.11836930000209,113.13040600000022,113.13040600000022,113.13040600000022,113.31425890000173,None,,,,,,,,,,,,,,,,,,,,,,,,,,,,,,,,P2887,Bar_MIC,3,1,2026-05-11_17h28.42.991,MIC_task,,2026.1.2,59.486276515657686,2026-05-11 17h28.44.439398 +0200,
,,19,0,19,,,,,,,3,ty16,mágnes,magnet,9,toys,gadget,5.6,6,None,73,None,"(0.1, 0.1)",None,,,,,,,,,,,,,,0,0,0,0,0,0,0,0,19,0,19,0,113.3308081000032,,,,,,,,,,,,,,,,,,,,,,,,,,,,,,,,,,,,,,,,,,,,,,,,,,,,,,,,,,,,,,,,,,,,,,,,,,,,,,,,,,,,,,,,,,,,,113.31758059999993,113.3308081000032,113.3308081000032,113.3308081000032,113.51462689999971,None,,,,,,,,,,,,,,,,,,,,,,,,,,,,,,,,P2887,Bar_MIC,3,1,2026-05-11_17h28.42.991,MIC_task,,2026.1.2,59.486276515657686,2026-05-11 17h28.44.439398 +0200,
,,20,0,20,,,,,,,3,ty16,mágnes,magnet,9,toys,gadget,5.6,6,None,73,None,"(0.1, 0.1)",None,,,,,,,,,,,,,,0,0,0,0,0,0,0,0,20,0,20,0,113.5311952000011,,,,,,,,,,,,,,,,,,,,,,,,,,,,,,,,,,,,,,,,,,,,,,,,,,,,,,,,,,,,,,,,,,,,,,,,,,,,,,,,,,,,,,,,,,,,,113.51778130000093,113.5311952000011,113.5311952000011,113.5311952000011,113.71538270000019,None,,,,,,,,,,,,,,,,,,,,,,,,,,,,,,,,P2887,Bar_MIC,3,1,2026-05-11_17h28.42.991,MIC_task,,2026.1.2,59.486276515657686,2026-05-11 17h28.44.439398 +0200,
,,21,0,21,,,,,,,3,ty16,mágnes,magnet,9,toys,gadget,5.6,6,None,73,None,"(0.1, 0.1)",None,,,,,,,,,,,,,,0,0,0,0,0,0,0,0,21,0,21,0,113.73153290000118,,,,,,,,,,,,,,,,,,,,,,,,,,,,,,,,,,,,,,,,,,,,,,,,,,,,,,,,,,,,,,,,,,,,,,,,,,,,,,,,,,,,,,,,,,,,,113.71881290000238,113.73153290000118,113.73153290000118,113.73153290000118,113.91594560000158,None,,,,,,,,,,,,,,,,,,,,,,,,,,,,,,,,P2887,Bar_MIC,3,1,2026-05-11_17h28.42.991,MIC_task,,2026.1.2,59.486276515657686,2026-05-11 17h28.44.439398 +0200,
,,22,0,22,,,,,,,3,ty16,mágnes,magnet,9,toys,gadget,5.6,6,None,73,None,"(0.1, 0.1)",None,,,,,,,,,,,,,,0,0,0,0,0,0,0,0,22,0,22,0,113.9318346,,,,,,,,,,,,,,,,,,,,,,,,,,,,,,,,,,,,,,,,,,,,,,,,,,,,,,,,,,,,,,,,,,,,,,,,,,,,,,,,,,,,,,,,,,,,,113.91913840000052,113.9318346,113.9318346,113.9318346,114.11604460000308,None,,,,,,,,,,,,,,,,,,,,,,,,,,,,,,,,P2887,Bar_MIC,3,1,2026-05-11_17h28.42.991,MIC_task,,2026.1.2,59.486276515657686,2026-05-11 17h28.44.439398 +0200,
,,23,0,23,,,,,,,3,ty16,mágnes,magnet,9,toys,gadget,5.6,6,None,73,None,"(0.1, 0.1)",None,,,,,,,,,,,,,,0,0,0,0,0,0,0,0,23,0,23,0,114.13225120000061,,,,,,,,,,,,,,,,,,,,,,,,,,,,,,,,,,,,,,,,,,,,,,,,,,,,,,,,,,,,,,,,,,,,,,,,,,,,,,,,,,,,,,,,,,,,,114.11920939999982,114.13225120000061,114.13225120000061,114.13225120000061,114.31635620000088,None,,,,,,,,,,,,,,,,,,,,,,,,,,,,,,,,P2887,Bar_MIC,3,1,2026-05-11_17h28.42.991,MIC_task,,2026.1.2,59.486276515657686,2026-05-11 17h28.44.439398 +0200,
,,24,0,24,,,,,,,3,ty16,mágnes,magnet,9,toys,gadget,5.6,6,None,73,None,"(0.1, 0.1)",None,,,,,,,,,,,,,,0,0,0,0,0,0,0,0,24,0,24,0,114.33268990000215,,,,,,,,,,,,,,,,,,,,,,,,,,,,,,,,,,,,,,,,,,,,,,,,,,,,,,,,,,,,,,,,,,,,,,,,,,,,,,,,,,,,,,,,,,,,,114.31966550000288,114.33268990000215,114.33268990000215,114.33268990000215,114.5164474000012,None,,,,,,,,,,,,,,,,,,,,,,,,,,,,,,,,P2887,Bar_MIC,3,1,2026-05-11_17h28.42.991,MIC_task,,2026.1.2,59.486276515657686,2026-05-11 17h28.44.439398 +0200,
,,25,0,25,,,,,,,3,ty16,mágnes,magnet,9,toys,gadget,5.6,6,None,73,None,"(0.1, 0.1)",None,,,,,,,,,,,,,,0,0,0,0,0,0,0,0,25,0,25,0,114.53303390000292,,,,,,,,,,,,,,,,,,,,,,,,,,,,,,,,,,,,,,,,,,,,,,,,,,,,,,,,,,,,,,,,,,,,,,,,,,,,,,,,,,,,,,,,,,,,,114.51978080000117,114.53303390000292,114.53303390000292,114.53303390000292,114.7171679000021,None,,,,,,,,,,,,,,,,,,,,,,,,,,,,,,,,P2887,Bar_MIC,3,1,2026-05-11_17h28.42.991,MIC_task,,2026.1.2,59.486276515657686,2026-05-11 17h28.44.439398 +0200,
,,26,0,26,,,,,,,3,ty16,mágnes,magnet,9,toys,gadget,5.6,6,None,73,None,"(0.1, 0.1)",None,,,,,,,,,,,,,,0,0,0,0,0,0,0,0,26,0,26,0,114.73261540000021,,,,,,,,,,,,,,,,,,,,,,,,,,,,,,,,,,,,,,,,,,,,,,,,,,,,,,,,,,,,,,,,,,,,,,,,,,,,,,,,,,,,,,,,,,,,,114.72046690000207,114.73261540000021,114.73261540000021,114.73261540000021,114.91640610000104,None,,,,,,,,,,,,,,,,,,,,,,,,,,,,,,,,P2887,Bar_MIC,3,1,2026-05-11_17h28.42.991,MIC_task,,2026.1.2,59.486276515657686,2026-05-11 17h28.44.439398 +0200,
,,27,0,27,,,,,,,3,ty16,mágnes,magnet,9,toys,gadget,5.6,6,None,73,None,"(0.1, 0.1)",None,,,,,,,,,,,,,,0,0,0,0,0,0,0,0,27,0,27,0,114.93299410000327,,,,,,,,,,,,,,,,,,,,,,,,,,,,,,,,,,,,,,,,,,,,,,,,,,,,,,,,,,,,,,,,,,,,,,,,,,,,,,,,,,,,,,,,,,,,,114.9196946000011,114.93299410000327,114.93299410000327,114.93299410000327,115.11807899999985,None,,,,,,,,,,,,,,,,,,,,,,,,,,,,,,,,P2887,Bar_MIC,3,1,2026-05-11_17h28.42.991,MIC_task,,2026.1.2,59.486276515657686,2026-05-11 17h28.44.439398 +0200,
,,28,0,28,,,,,,,3,ty16,mágnes,magnet,9,toys,gadget,5.6,6,None,73,None,"(0.1, 0.1)",None,,,,,,,,,,,,,,0,0,0,0,0,0,0,0,28,0,28,0,115.13346640000236,,,,,,,,,,,,,,,,,,,,,,,,,,,,,,,,,,,,,,,,,,,,,,,,,,,,,,,,,,,,,,,,,,,,,,,,,,,,,,,,,,,,,,,,,,,,,115.12116030000107,115.13346640000236,115.13346640000236,115.13346640000236,115.31716280000182,None,,,,,,,,,,,,,,,,,,,,,,,,,,,,,,,,P2887,Bar_MIC,3,1,2026-05-11_17h28.42.991,MIC_task,,2026.1.2,59.486276515657686,2026-05-11 17h28.44.439398 +0200,
,,29,0,29,,,,,,,3,ty16,mágnes,magnet,9,toys,gadget,5.6,6,None,73,None,"(0.1, 0.1)",None,,,,,,,,,,,,,,0,0,0,0,0,0,0,0,29,0,29,0,115.3337743000011,,,,,,,,,,,,,,,,,,,,,,,,,,,,,,,,,,,,,,,,,,,,,,,,,,,,,,,,,,,,,,,,,,,,,,,,,,,,,,,,,,,,,,,,,,,,,115.3201332000026,115.3337743000011,115.3337743000011,115.3337743000011,115.51755680000133,None,,,,,,,,,,,,,,,,,,,,,,,,,,,,,,,,P2887,Bar_MIC,3,1,2026-05-11_17h28.42.991,MIC_task,,2026.1.2,59.486276515657686,2026-05-11 17h28.44.439398 +0200,
,,30,0,30,,,,,,,3,ty16,mágnes,magnet,9,toys,gadget,5.6,6,None,73,None,"(0.1, 0.1)",None,,,,,,,,,,,,,,0,0,0,0,0,0,0,0,30,0,30,0,115.53413790000195,,,,,,,,,,,,,,,,,,,,,,,,,,,,,,,,,,,,,,,,,,,,,,,,,,,,,,,,,,,,,,,,,,,,,,,,,,,,,,,,,,,,,,,,,,,,,115.52079480000248,115.53413790000195,115.53413790000195,115.53413790000195,115.71799269999974,None,,,,,,,,,,,,,,,,,,,,,,,,,,,,,,,,P2887,Bar_MIC,3,1,2026-05-11_17h28.42.991,MIC_task,,2026.1.2,59.486276515657686,2026-05-11 17h28.44.439398 +0200,
,,31,0,31,,,,,,,3,ty16,mágnes,magnet,9,toys,gadget,5.6,6,None,73,None,"(0.1, 0.1)",None,,,,,,,,,,,,,,0,0,0,0,0,0,0,0,31,0,31,0,115.73447050000323,,,,,,,,,,,,,,,,,,,,,,,,,,,,,,,,,,,,,,,,,,,,,,,,,,,,,,,,,,,,,,,,,,,,,,,,,,,,,,,,,,,,,,,,,,,,,115.72089830000186,115.73447050000323,115.73447050000323,115.73447050000323,115.91854840000087,None,,,,,,,,,,,,,,,,,,,,,,,,,,,,,,,,P2887,Bar_MIC,3,1,2026-05-11_17h28.42.991,MIC_task,,2026.1.2,59.486276515657686,2026-05-11 17h28.44.439398 +0200,
,,32,0,32,,,,,,,3,ty16,mágnes,magnet,9,toys,gadget,5.6,6,None,73,None,"(0.1, 0.1)",None,,,,,,,,,,,,,,0,0,0,0,0,0,0,0,32,0,32,0,115.93489279999994,,,,,,,,,,,,,,,,,,,,,,,,,,,,,,,,,,,,,,,,,,,,,,,,,,,,,,,,,,,,,,,,,,,,,,,,,,,,,,,,,,,,,,,,,,,,,115.92178210000202,115.93489279999994,115.93489279999994,115.93489279999994,116.11871340000289,None,,,,,,,,,,,,,,,,,,,,,,,,,,,,,,,,P2887,Bar_MIC,3,1,2026-05-11_17h28.42.991,MIC_task,,2026.1.2,59.486276515657686,2026-05-11 17h28.44.439398 +0200,
,,33,0,33,,,,,,,3,ty16,mágnes,magnet,9,toys,gadget,5.6,6,None,73,None,"(0.1, 0.1)",space,0.11872540000331355,None,,,,,,,,,,,,0,0,0,0,0,0,0,0,33,0,33,0,116.13514990000112,,,,,,,,,,,,,,,,,,,,,,,,,,,,,,,,,,,,,,,,,,,,,,,,,,,,,,,,,,,,,,,,,,,,,,,,,,,,,,,,,,,,,,,,,,,,,116.12170830000105,116.13514990000112,116.13514990000112,116.13514990000112,116.26969310000277,space,0.11872540000331355,None,,,,,,,,,,,,,,,,,,,,,,,,,,,,,,P2887,Bar_MIC,3,1,2026-05-11_17h28.42.991,MIC_task,,2026.1.2,59.486276515657686,2026-05-11 17h28.44.439398 +0200,
,,0,0,0,,,,space,6.486635400000523,None,3,ty16,mágnes,magnet,9,toys,gadget,5.6,6,None,73,None,"(0.1, 0.1)",,,,,,,,,,,,,,,0,0,0,0,0,0,0,0,,,,,,,,,,,,,,,,,,,,,,,,,,,,,,,,,,,,,,,,,,,,,,,,,,,,,,,,,,,,,,,,,,,,,,,,,,,,,,,,,116.33126180000181,116.33741860000009,116.33547296666899,118.27178180000192,,,,,,120.27589520000038,120.29138380000222,120.29138380000222,126.78589439999996,,,,,,,,,,,,,118.29567940000197,118.30091390000234,118.30499003333583,120.19121630000154,120.27584710000156,space,6.486635400000523,None,,,,,,,,,,,,,,,,,,,,,,P2887,Bar_MIC,3,1,2026-05-11_17h28.42.991,MIC_task,,2026.1.2,59.486276515657686,2026-05-11 17h28.44.439398 +0200,
,,0,0,0,,,,,,,3,a20,zsiráf,giraffe,1,animal,mammal,6.6,12,23,60,None,"(0, 0)",None,,,,,,,,,,,,,,0,0,0,0,0,1,1,1,0,0,0,0,126.81567240000004,,,,,,,,,,,,,,,,,,,,,,,,,,,,,,,,,,,,,,,,,,,,,,,,,,,,,,,,,,,,,,,,,,,,,,,,,,,,,,,,,,,,,,,,,,,,,126.81041410000034,126.81567240000004,126.81567240000004,126.81567240000004,127.00227160000213,None,,,,,,,,,,,,,,,,,,,,,,,,,,,,,,,,P2887,Bar_MIC,3,1,2026-05-11_17h28.42.991,MIC_task,,2026.1.2,59.486276515657686,2026-05-11 17h28.44.439398 +0200,
,,0,0,0,,,,,,,3,a20,zsiráf,giraffe,1,animal,mammal,6.6,12,23,60,None,"(0, 0)",None,,,,,,,,,,,,,,0,0,0,0,0,1,1,1,0,0,0,0,127.01849330000186,,,,,,,,,,,,,,,,,,,,,,,,,,,,,,,,,,,,,,,,,,,,,,,,,,,,,,,,,,,,,,,,,,,,,,,,,,,,,,,,,,,,,,,,,,,,,127.00538060000326,127.01849330000186,127.01849330000186,127.01849330000186,127.20282410000073,None,,,,,,,,,,,,,,,,,,,,,,,,,,,,,,,,P2887,Bar_MIC,3,1,2026-05-11_17h28.42.991,MIC_task,,2026.1.2,59.486276515657686,2026-05-11 17h28.44.439398 +0200,
,,1,0,1,,,,,,,3,a20,zsiráf,giraffe,1,animal,mammal,6.6,12,23,60,None,"(0, 0)",None,,,,,,,,,,,,,,0,0,0,0,0,1,1,1,1,0,1,0,127.21893470000214,,,,,,,,,,,,,,,,,,,,,,,,,,,,,,,,,,,,,,,,,,,,,,,,,,,,,,,,,,,,,,,,,,,,,,,,,,,,,,,,,,,,,,,,,,,,,127.20606920000137,127.21893470000214,127.21893470000214,127.21893470000214,127.38638920000085,None,,,,,,,,,,,,,,,,,,,,,,,,,,,,,,,,P2887,Bar_MIC,3,1,2026-05-11_17h28.42.991,MIC_task,,2026.1.2,59.486276515657686,2026-05-11 17h28.44.439398 +0200,
,,2,0,2,,,,,,,3,a20,zsiráf,giraffe,1,animal,mammal,6.6,12,23,60,None,"(0, 0)",None,,,,,,,,,,,,,,0,0,0,0,0,1,1,1,2,0,2,0,127.40258870000253,,,,,,,,,,,,,,,,,,,,,,,,,,,,,,,,,,,,,,,,,,,,,,,,,,,,,,,,,,,,,,,,,,,,,,,,,,,,,,,,,,,,,,,,,,,,,127.38965880000251,127.40258870000253,127.40258870000253,127.40258870000253,127.58654310000202,None,,,,,,,,,,,,,,,,,,,,,,,,,,,,,,,,P2887,Bar_MIC,3,1,2026-05-11_17h28.42.991,MIC_task,,2026.1.2,59.486276515657686,2026-05-11 17h28.44.439398 +0200,
,,3,0,3,,,,,,,3,a20,zsiráf,giraffe,1,animal,mammal,6.6,12,23,60,None,"(0, 0)",None,,,,,,,,,,,,,,0,0,0,0,0,1,1,1,3,0,3,0,127.60576600000059,,,,,,,,,,,,,,,,,,,,,,,,,,,,,,,,,,,,,,,,,,,,,,,,,,,,,,,,,,,,,,,,,,,,,,,,,,,,,,,,,,,,,,,,,,,,,127.59142900000006,127.60576600000059,127.60576600000059,127.60576600000059,127.790111600003,None,,,,,,,,,,,,,,,,,,,,,,,,,,,,,,,,P2887,Bar_MIC,3,1,2026-05-11_17h28.42.991,MIC_task,,2026.1.2,59.486276515657686,2026-05-11 17h28.44.439398 +0200,
,,4,0,4,,,,,,,3,a20,zsiráf,giraffe,1,animal,mammal,6.6,12,23,60,None,"(0, 0)",None,,,,,,,,,,,,,,0,0,0,0,0,1,1,1,4,0,4,0,127.80493550000028,,,,,,,,,,,,,,,,,,,,,,,,,,,,,,,,,,,,,,,,,,,,,,,,,,,,,,,,,,,,,,,,,,,,,,,,,,,,,,,,,,,,,,,,,,,,,127.793660000003,127.80493550000028,127.80493550000028,127.80493550000028,127.98643770000126,None,,,,,,,,,,,,,,,,,,,,,,,,,,,,,,,,P2887,Bar_MIC,3,1,2026-05-11_17h28.42.991,MIC_task,,2026.1.2,59.486276515657686,2026-05-11 17h28.44.439398 +0200,
,,5,0,5,,,,,,,3,a20,zsiráf,giraffe,1,animal,mammal,6.6,12,23,60,None,"(0, 0)",None,,,,,,,,,,,,,,0,0,0,0,0,1,1,1,5,0,5,0,128.00300590000188,,,,,,,,,,,,,,,,,,,,,,,,,,,,,,,,,,,,,,,,,,,,,,,,,,,,,,,,,,,,,,,,,,,,,,,,,,,,,,,,,,,,,,,,,,,,,127.99005940000279,128.00300590000188,128.00300590000188,128.00300590000188,128.18792210000174,None,,,,,,,,,,,,,,,,,,,,,,,,,,,,,,,,P2887,Bar_MIC,3,1,2026-05-11_17h28.42.991,MIC_task,,2026.1.2,59.486276515657686,2026-05-11 17h28.44.439398 +0200,
,,6,0,6,,,,,,,3,a20,zsiráf,giraffe,1,animal,mammal,6.6,12,23,60,None,"(0, 0)",None,,,,,,,,,,,,,,0,0,0,0,0,1,1,1,6,0,6,0,128.20339090000198,,,,,,,,,,,,,,,,,,,,,,,,,,,,,,,,,,,,,,,,,,,,,,,,,,,,,,,,,,,,,,,,,,,,,,,,,,,,,,,,,,,,,,,,,,,,,128.19150860000082,128.20339090000198,128.20339090000198,128.20339090000198,128.38710790000187,None,,,,,,,,,,,,,,,,,,,,,,,,,,,,,,,,P2887,Bar_MIC,3,1,2026-05-11_17h28.42.991,MIC_task,,2026.1.2,59.486276515657686,2026-05-11 17h28.44.439398 +0200,
,,7,0,7,,,,,,,3,a20,zsiráf,giraffe,1,animal,mammal,6.6,12,23,60,None,"(0, 0)",None,,,,,,,,,,,,,,0,0,0,0,0,1,1,1,7,0,7,0,128.40368800000215,,,,,,,,,,,,,,,,,,,,,,,,,,,,,,,,,,,,,,,,,,,,,,,,,,,,,,,,,,,,,,,,,,,,,,,,,,,,,,,,,,,,,,,,,,,,,128.3905123000004,128.40368800000215,128.40368800000215,128.40368800000215,128.58757500000138,None,,,,,,,,,,,,,,,,,,,,,,,,,,,,,,,,P2887,Bar_MIC,3,1,2026-05-11_17h28.42.991,MIC_task,,2026.1.2,59.486276515657686,2026-05-11 17h28.44.439398 +0200,
,,8,0,8,,,,,,,3,a20,zsiráf,giraffe,1,animal,mammal,6.6,12,23,60,None,"(0, 0)",None,,,,,,,,,,,,,,0,0,0,0,0,1,1,1,8,0,8,0,128.60412510000242,,,,,,,,,,,,,,,,,,,,,,,,,,,,,,,,,,,,,,,,,,,,,,,,,,,,,,,,,,,,,,,,,,,,,,,,,,,,,,,,,,,,,,,,,,,,,128.5906900000009,128.60412510000242,128.60412510000242,128.60412510000242,128.78797930000292,None,,,,,,,,,,,,,,,,,,,,,,,,,,,,,,,,P2887,Bar_MIC,3,1,2026-05-11_17h28.42.991,MIC_task,,2026.1.2,59.486276515657686,2026-05-11 17h28.44.439398 +0200,
,,9,0,9,,,,,,,3,a20,zsiráf,giraffe,1,animal,mammal,6.6,12,23,60,None,"(0, 0)",None,,,,,,,,,,,,,,0,0,0,0,0,1,1,1,9,0,9,0,128.80451090000133,,,,,,,,,,,,,,,,,,,,,,,,,,,,,,,,,,,,,,,,,,,,,,,,,,,,,,,,,,,,,,,,,,,,,,,,,,,,,,,,,,,,,,,,,,,,,128.7912378000001,128.80451090000133,128.80451090000133,128.80451090000133,128.98874030000297,None,,,,,,,,,,,,,,,,,,,,,,,,,,,,,,,,P2887,Bar_MIC,3,1,2026-05-11_17h28.42.991,MIC_task,,2026.1.2,59.486276515657686,2026-05-11 17h28.44.439398 +0200,
,,10,0,10,,,,,,,3,a20,zsiráf,giraffe,1,animal,mammal,6.6,12,23,60,None,"(0, 0)",None,,,,,,,,,,,,,,0,0,0,0,0,1,1,1,10,0,10,0,129.00487290000092,,,,,,,,,,,,,,,,,,,,,,,,,,,,,,,,,,,,,,,,,,,,,,,,,,,,,,,,,,,,,,,,,,,,,,,,,,,,,,,,,,,,,,,,,,,,,128.9920278000027,129.00487290000092,129.00487290000092,129.00487290000092,129.18893270000262,None,,,,,,,,,,,,,,,,,,,,,,,,,,,,,,,,P2887,Bar_MIC,3,1,2026-05-11_17h28.42.991,MIC_task,,2026.1.2,59.486276515657686,2026-05-11 17h28.44.439398 +0200,
,,11,0,11,,,,,,,3,a20,zsiráf,giraffe,1,animal,mammal,6.6,12,23,60,None,"(0, 0)",None,,,,,,,,,,,,,,0,0,0,0,0,1,1,1,11,0,11,0,129.2051947,,,,,,,,,,,,,,,,,,,,,,,,,,,,,,,,,,,,,,,,,,,,,,,,,,,,,,,,,,,,,,,,,,,,,,,,,,,,,,,,,,,,,,,,,,,,,129.19226619999972,129.2051947,129.2051947,129.2051947,129.38919850000093,None,,,,,,,,,,,,,,,,,,,,,,,,,,,,,,,,P2887,Bar_MIC,3,1,2026-05-11_17h28.42.991,MIC_task,,2026.1.2,59.486276515657686,2026-05-11 17h28.44.439398 +0200,
,,12,0,12,,,,,,,3,a20,zsiráf,giraffe,1,animal,mammal,6.6,12,23,60,None,"(0, 0)",None,,,,,,,,,,,,,,0,0,0,0,0,1,1,1,12,0,12,0,129.40546440000253,,,,,,,,,,,,,,,,,,,,,,,,,,,,,,,,,,,,,,,,,,,,,,,,,,,,,,,,,,,,,,,,,,,,,,,,,,,,,,,,,,,,,,,,,,,,,129.3922816000013,129.40546440000253,129.40546440000253,129.40546440000253,129.58980410000004,None,,,,,,,,,,,,,,,,,,,,,,,,,,,,,,,,P2887,Bar_MIC,3,1,2026-05-11_17h28.42.991,MIC_task,,2026.1.2,59.486276515657686,2026-05-11 17h28.44.439398 +0200,
,,13,0,13,,,,,,,3,a20,zsiráf,giraffe,1,animal,mammal,6.6,12,23,60,None,"(0, 0)",None,,,,,,,,,,,,,,0,0,0,0,0,1,1,1,13,0,13,0,129.60588690000077,,,,,,,,,,,,,,,,,,,,,,,,,,,,,,,,,,,,,,,,,,,,,,,,,,,,,,,,,,,,,,,,,,,,,,,,,,,,,,,,,,,,,,,,,,,,,129.59295740000016,129.60588690000077,129.60588690000077,129.60588690000077,129.78972440000143,None,,,,,,,,,,,,,,,,,,,,,,,,,,,,,,,,P2887,Bar_MIC,3,1,2026-05-11_17h28.42.991,MIC_task,,2026.1.2,59.486276515657686,2026-05-11 17h28.44.439398 +0200,
,,14,0,14,,,,,,,3,a20,zsiráf,giraffe,1,animal,mammal,6.6,12,23,60,None,"(0, 0)",None,,,,,,,,,,,,,,0,0,0,0,0,1,1,1,14,0,14,0,129.80559580000045,,,,,,,,,,,,,,,,,,,,,,,,,,,,,,,,,,,,,,,,,,,,,,,,,,,,,,,,,,,,,,,,,,,,,,,,,,,,,,,,,,,,,,,,,,,,,129.7929303000019,129.80559580000045,129.80559580000045,129.80559580000045,129.99038970000038,None,,,,,,,,,,,,,,,,,,,,,,,,,,,,,,,,P2887,Bar_MIC,3,1,2026-05-11_17h28.42.991,MIC_task,,2026.1.2,59.486276515657686,2026-05-11 17h28.44.439398 +0200,
,,15,0,15,,,,,,,3,a20,zsiráf,giraffe,1,animal,mammal,6.6,12,23,60,None,"(0, 0)",None,,,,,,,,,,,,,,0,0,0,0,0,1,1,1,15,0,15,0,130.00589930000206,,,,,,,,,,,,,,,,,,,,,,,,,,,,,,,,,,,,,,,,,,,,,,,,,,,,,,,,,,,,,,,,,,,,,,,,,,,,,,,,,,,,,,,,,,,,,129.9938566000019,130.00589930000206,130.00589930000206,130.00589930000206,130.1898129000001,None,,,,,,,,,,,,,,,,,,,,,,,,,,,,,,,,P2887,Bar_MIC,3,1,2026-05-11_17h28.42.991,MIC_task,,2026.1.2,59.486276515657686,2026-05-11 17h28.44.439398 +0200,
,,16,0,16,,,,,,,3,a20,zsiráf,giraffe,1,animal,mammal,6.6,12,23,60,None,"(0, 0)",None,,,,,,,,,,,,,,0,0,0,0,0,1,1,1,16,0,16,0,130.20637530000022,,,,,,,,,,,,,,,,,,,,,,,,,,,,,,,,,,,,,,,,,,,,,,,,,,,,,,,,,,,,,,,,,,,,,,,,,,,,,,,,,,,,,,,,,,,,,130.19280080000317,130.20637530000022,130.20637530000022,130.20637530000022,130.39004750000095,None,,,,,,,,,,,,,,,,,,,,,,,,,,,,,,,,P2887,Bar_MIC,3,1,2026-05-11_17h28.42.991,MIC_task,,2026.1.2,59.486276515657686,2026-05-11 17h28.44.439398 +0200,
,,17,0,17,,,,,,,3,a20,zsiráf,giraffe,1,animal,mammal,6.6,12,23,60,None,"(0, 0)",None,,,,,,,,,,,,,,0,0,0,0,0,1,1,1,17,0,17,0,130.40674370000124,,,,,,,,,,,,,,,,,,,,,,,,,,,,,,,,,,,,,,,,,,,,,,,,,,,,,,,,,,,,,,,,,,,,,,,,,,,,,,,,,,,,,,,,,,,,,130.39364970000315,130.40674370000124,130.40674370000124,130.40674370000124,130.59050510000088,None,,,,,,,,,,,,,,,,,,,,,,,,,,,,,,,,P2887,Bar_MIC,3,1,2026-05-11_17h28.42.991,MIC_task,,2026.1.2,59.486276515657686,2026-05-11 17h28.44.439398 +0200,
,,18,0,18,,,,,,,3,a20,zsiráf,giraffe,1,animal,mammal,6.6,12,23,60,None,"(0, 0)",None,,,,,,,,,,,,,,0,0,0,0,0,1,1,1,18,0,18,0,130.60707860000184,,,,,,,,,,,,,,,,,,,,,,,,,,,,,,,,,,,,,,,,,,,,,,,,,,,,,,,,,,,,,,,,,,,,,,,,,,,,,,,,,,,,,,,,,,,,,130.59360930000184,130.60707860000184,130.60707860000184,130.60707860000184,130.79099040000074,None,,,,,,,,,,,,,,,,,,,,,,,,,,,,,,,,P2887,Bar_MIC,3,1,2026-05-11_17h28.42.991,MIC_task,,2026.1.2,59.486276515657686,2026-05-11 17h28.44.439398 +0200,
,,19,0,19,,,,,,,3,a20,zsiráf,giraffe,1,animal,mammal,6.6,12,23,60,None,"(0, 0)",None,,,,,,,,,,,,,,0,0,0,0,0,1,1,1,19,0,19,0,130.80746020000151,,,,,,,,,,,,,,,,,,,,,,,,,,,,,,,,,,,,,,,,,,,,,,,,,,,,,,,,,,,,,,,,,,,,,,,,,,,,,,,,,,,,,,,,,,,,,130.79401780000262,130.80746020000151,130.80746020000151,130.80746020000151,130.99138310000126,None,,,,,,,,,,,,,,,,,,,,,,,,,,,,,,,,P2887,Bar_MIC,3,1,2026-05-11_17h28.42.991,MIC_task,,2026.1.2,59.486276515657686,2026-05-11 17h28.44.439398 +0200,
,,20,0,20,,,,,,,3,a20,zsiráf,giraffe,1,animal,mammal,6.6,12,23,60,None,"(0, 0)",None,,,,,,,,,,,,,,0,0,0,0,0,1,1,1,20,0,20,0,131.00785090000136,,,,,,,,,,,,,,,,,,,,,,,,,,,,,,,,,,,,,,,,,,,,,,,,,,,,,,,,,,,,,,,,,,,,,,,,,,,,,,,,,,,,,,,,,,,,,130.99473070000022,131.00785090000136,131.00785090000136,131.00785090000136,131.1917831000028,None,,,,,,,,,,,,,,,,,,,,,,,,,,,,,,,,P2887,Bar_MIC,3,1,2026-05-11_17h28.42.991,MIC_task,,2026.1.2,59.486276515657686,2026-05-11 17h28.44.439398 +0200,
,,21,0,21,,,,,,,3,a20,zsiráf,giraffe,1,animal,mammal,6.6,12,23,60,None,"(0, 0)",None,,,,,,,,,,,,,,0,0,0,0,0,1,1,1,21,0,21,0,131.20819870000196,,,,,,,,,,,,,,,,,,,,,,,,,,,,,,,,,,,,,,,,,,,,,,,,,,,,,,,,,,,,,,,,,,,,,,,,,,,,,,,,,,,,,,,,,,,,,131.19530230000237,131.20819870000196,131.20819870000196,131.20819870000196,131.39198030000261,None,,,,,,,,,,,,,,,,,,,,,,,,,,,,,,,,P2887,Bar_MIC,3,1,2026-05-11_17h28.42.991,MIC_task,,2026.1.2,59.486276515657686,2026-05-11 17h28.44.439398 +0200,
,,22,0,22,,,,,,,3,a20,zsiráf,giraffe,1,animal,mammal,6.6,12,23,60,None,"(0, 0)",space,0.14934120000179973,None,,,,,,,,,,,,0,0,0,0,0,1,1,1,22,0,22,0,131.40857400000095,,,,,,,,,,,,,,,,,,,,,,,,,,,,,,,,,,,,,,,,,,,,,,,,,,,,,,,,,,,,,,,,,,,,,,,,,,,,,,,,,,,,,,,,,,,,,131.39527350000208,131.40857400000095,131.40857400000095,131.40857400000095,131.55962100000033,space,0.14934120000179973,None,,,,,,,,,,,,,,,,,,,,,,,,,,,,,,P2887,Bar_MIC,3,1,2026-05-11_17h28.42.991,MIC_task,,2026.1.2,59.486276515657686,2026-05-11 17h28.44.439398 +0200,
,,1,1,0,,,,space,2.1004754999994475,None,3,a20,zsiráf,giraffe,1,animal,mammal,6.6,12,23,60,None,"(0, 0)",,,,,,,,,,,,,,,0,0,0,0,0,1,1,1,,,,,,,,,,,,,,,,,,,,,,,,,,,,,,,,,,,,,,,,,,,,,,,,,,,,,,,,,,,,,,,,,,,,,,,,,,,,,,,,,131.6160806000007,131.62151580000136,131.62546656666845,133.5623403999998,,,,,,135.5659424000005,135.58136130000275,135.58136130000275,137.68617110000196,,,,,,,,,,,,,133.5881087000016,133.59331020000172,133.59556393333384,135.4821729000032,135.565896600001,space,2.1004754999994475,None,,,,,,,,,,,,,,,,,,,,,,P2887,Bar_MIC,3,1,2026-05-11_17h28.42.991,MIC_task,,2026.1.2,59.486276515657686,2026-05-11 17h28.44.439398 +0200,
,,0,0,0,,,,,,,3,f18,dinnye,melon,4,food,fruit,6.4,22,25,50,None,"(0.1, 0)",None,,,,,,,,,,,,,,0,0,0,0,0,2,2,2,0,0,0,0,137.71199669999987,,,,,,,,,,,,,,,,,,,,,,,,,,,,,,,,,,,,,,,,,,,,,,,,,,,,,,,,,,,,,,,,,,,,,,,,,,,,,,,,,,,,,,,,,,,,,137.70662090000042,137.71199669999987,137.71199669999987,137.71199669999987,137.90243639999971,None,,,,,,,,,,,,,,,,,,,,,,,,,,,,,,,,P2887,Bar_MIC,3,1,2026-05-11_17h28.42.991,MIC_task,,2026.1.2,59.486276515657686,2026-05-11 17h28.44.439398 +0200,
,,0,0,0,,,,,,,3,f18,dinnye,melon,4,food,fruit,6.4,22,25,50,None,"(0.1, 0)",None,,,,,,,,,,,,,,0,0,0,0,0,2,2,2,0,0,0,0,137.91806250000081,,,,,,,,,,,,,,,,,,,,,,,,,,,,,,,,,,,,,,,,,,,,,,,,,,,,,,,,,,,,,,,,,,,,,,,,,,,,,,,,,,,,,,,,,,,,,137.90559790000043,137.91806250000081,137.91806250000081,137.91806250000081,138.10301299999992,None,,,,,,,,,,,,,,,,,,,,,,,,,,,,,,,,P2887,Bar_MIC,3,1,2026-05-11_17h28.42.991,MIC_task,,2026.1.2,59.486276515657686,2026-05-11 17h28.44.439398 +0200,
,,1,0,1,,,,,,,3,f18,dinnye,melon,4,food,fruit,6.4,22,25,50,None,"(0.1, 0)",None,,,,,,,,,,,,,,0,0,0,0,0,2,2,2,1,0,1,0,138.11843620000218,,,,,,,,,,,,,,,,,,,,,,,,,,,,,,,,,,,,,,,,,,,,,,,,,,,,,,,,,,,,,,,,,,,,,,,,,,,,,,,,,,,,,,,,,,,,,138.10631240000293,138.11843620000218,138.11843620000218,138.11843620000218,138.28656540000156,None,,,,,,,,,,,,,,,,,,,,,,,,,,,,,,,,P2887,Bar_MIC,3,1,2026-05-11_17h28.42.991,MIC_task,,2026.1.2,59.486276515657686,2026-05-11 17h28.44.439398 +0200,
,,2,0,2,,,,,,,3,f18,dinnye,melon,4,food,fruit,6.4,22,25,50,None,"(0.1, 0)",None,,,,,,,,,,,,,,0,0,0,0,0,2,2,2,2,0,2,0,138.3020632000007,,,,,,,,,,,,,,,,,,,,,,,,,,,,,,,,,,,,,,,,,,,,,,,,,,,,,,,,,,,,,,,,,,,,,,,,,,,,,,,,,,,,,,,,,,,,,138.2897374000022,138.3020632000007,138.3020632000007,138.3020632000007,138.48618590000115,None,,,,,,,,,,,138.50245410000207,138.50245410000207,138.50245410000207,,,,,,,,,,,,,,,,,,,P2887,Bar_MIC,3,1,2026-05-11_17h28.42.991,MIC_task,,2026.1.2,59.486276515657686,2026-05-11 17h28.44.439398 +0200,
,,3,0,3,,,,,,,3,f18,dinnye,melon,4,food,fruit,6.4,22,25,50,None,"(0.1, 0)",None,,,,,,,,,,,,,,0,0,0,0,0,2,2,2,3,0,3,0,138.50245410000207,,,,,,,,,,,,,,,,,,,,,,,,,,,,,,,,,,,,,,,,,,,,,,,,,,,,,,,,,,,,,,,,,,,,,,,,,,,,,,,,,,,,,,,,,,,,,138.48897240000224,138.50245410000207,138.50245410000207,138.50245410000207,138.68661260000226,None,,,,,,,,,,,138.70278800000233,138.70278800000233,138.70278800000233,,,,,,,,,,,,,,,,,,,P2887,Bar_MIC,3,1,2026-05-11_17h28.42.991,MIC_task,,2026.1.2,59.486276515657686,2026-05-11 17h28.44.439398 +0200,
,,4,0,4,,,,,,,3,f18,dinnye,melon,4,food,fruit,6.4,22,25,50,None,"(0.1, 0)",None,,,,,,,,,,,,,,0,0,0,0,0,2,2,2,4,0,4,0,138.70278800000233,,,,,,,,,,,,,,,,,,,,,,,,,,,,,,,,,,,,,,,,,,,,,,,,,,,,,,,,,,,,,,,,,,,,,,,,,,,,,,,,,,,,,,,,,,,,,138.6896665000022,138.70278800000233,138.70278800000233,138.70278800000233,138.88652320000256,None,,,,,,,,,,,,,,,,,,,,,,,,,,,,,,,,P2887,Bar_MIC,3,1,2026-05-11_17h28.42.991,MIC_task,,2026.1.2,59.486276515657686,2026-05-11 17h28.44.439398 +0200,
,,5,0,5,,,,,,,3,f18,dinnye,melon,4,food,fruit,6.4,22,25,50,None,"(0.1, 0)",None,,,,,,,,,,,,,,0,0,0,0,0,2,2,2,5,0,5,0,138.90314280000166,,,,,,,,,,,,,,,,,,,,,,,,,,,,,,,,,,,,,,,,,,,,,,,,,,,,,,,,,,,,,,,,,,,,,,,,,,,,,,,,,,,,,,,,,,,,,138.89009390000138,138.90314280000166,138.90314280000166,138.90314280000166,139.08696530000088,None,,,,,,,,,,,,,,,,,,,,,,,,,,,,,,,,P2887,Bar_MIC,3,1,2026-05-11_17h28.42.991,MIC_task,,2026.1.2,59.486276515657686,2026-05-11 17h28.44.439398 +0200,
,,6,0,6,,,,,,,3,f18,dinnye,melon,4,food,fruit,6.4,22,25,50,None,"(0.1, 0)",None,,,,,,,,,,,,,,0,0,0,0,0,2,2,2,6,0,6,0,139.10348800000065,,,,,,,,,,,,,,,,,,,,,,,,,,,,,,,,,,,,,,,,,,,,,,,,,,,,,,,,,,,,,,,,,,,,,,,,,,,,,,,,,,,,,,,,,,,,,139.08994119999988,139.10348800000065,139.10348800000065,139.10348800000065,139.28790769999978,None,,,,,,,,,,,,,,,,,,,,,,,,,,,,,,,,P2887,Bar_MIC,3,1,2026-05-11_17h28.42.991,MIC_task,,2026.1.2,59.486276515657686,2026-05-11 17h28.44.439398 +0200,
,,7,0,7,,,,,,,3,f18,dinnye,melon,4,food,fruit,6.4,22,25,50,None,"(0.1, 0)",None,,,,,,,,,,,,,,0,0,0,0,0,2,2,2,7,0,7,0,139.3038615000005,,,,,,,,,,,,,,,,,,,,,,,,,,,,,,,,,,,,,,,,,,,,,,,,,,,,,,,,,,,,,,,,,,,,,,,,,,,,,,,,,,,,,,,,,,,,,139.29083710000123,139.3038615000005,139.3038615000005,139.3038615000005,139.48817210000198,None,,,,,,,,,,,,,,,,,,,,,,,,,,,,,,,,P2887,Bar_MIC,3,1,2026-05-11_17h28.42.991,MIC_task,,2026.1.2,59.486276515657686,2026-05-11 17h28.44.439398 +0200,
,,8,0,8,,,,,,,3,f18,dinnye,melon,4,food,fruit,6.4,22,25,50,None,"(0.1, 0)",None,,,,,,,,,,,,,,0,0,0,0,0,2,2,2,8,0,8,0,139.50420430000304,,,,,,,,,,,,,,,,,,,,,,,,,,,,,,,,,,,,,,,,,,,,,,,,,,,,,,,,,,,,,,,,,,,,,,,,,,,,,,,,,,,,,,,,,,,,,139.49114330000157,139.50420430000304,139.50420430000304,139.50420430000304,139.6880016000032,None,,,,,,,,,,,,,,,,,,,,,,,,,,,,,,,,P2887,Bar_MIC,3,1,2026-05-11_17h28.42.991,MIC_task,,2026.1.2,59.486276515657686,2026-05-11 17h28.44.439398 +0200,
,,9,0,9,,,,,,,3,f18,dinnye,melon,4,food,fruit,6.4,22,25,50,None,"(0.1, 0)",None,,,,,,,,,,,,,,0,0,0,0,0,2,2,2,9,0,9,0,139.7044788000021,,,,,,,,,,,,,,,,,,,,,,,,,,,,,,,,,,,,,,,,,,,,,,,,,,,,,,,,,,,,,,,,,,,,,,,,,,,,,,,,,,,,,,,,,,,,,139.6909839,139.7044788000021,139.7044788000021,139.7044788000021,139.8889702000015,None,,,,,,,,,,,,,,,,,,,,,,,,,,,,,,,,P2887,Bar_MIC,3,1,2026-05-11_17h28.42.991,MIC_task,,2026.1.2,59.486276515657686,2026-05-11 17h28.44.439398 +0200,
,,10,0,10,,,,,,,3,f18,dinnye,melon,4,food,fruit,6.4,22,25,50,None,"(0.1, 0)",None,,,,,,,,,,,,,,0,0,0,0,0,2,2,2,10,0,10,0,139.90500480000264,,,,,,,,,,,,,,,,,,,,,,,,,,,,,,,,,,,,,,,,,,,,,,,,,,,,,,,,,,,,,,,,,,,,,,,,,,,,,,,,,,,,,,,,,,,,,139.89203930000076,139.90500480000264,139.90500480000264,139.90500480000264,140.08899200000087,None,,,,,,,,,,,,,,,,,,,,,,,,,,,,,,,,P2887,Bar_MIC,3,1,2026-05-11_17h28.42.991,MIC_task,,2026.1.2,59.486276515657686,2026-05-11 17h28.44.439398 +0200,
,,11,0,11,,,,,,,3,f18,dinnye,melon,4,food,fruit,6.4,22,25,50,None,"(0.1, 0)",None,,,,,,,,,,,,,,0,0,0,0,0,2,2,2,11,0,11,0,140.10460890000104,,,,,,,,,,,,,,,,,,,,,,,,,,,,,,,,,,,,,,,,,,,,,,,,,,,,,,,,,,,,,,,,,,,,,,,,,,,,,,,,,,,,,,,,,,,,,140.09207610000158,140.10460890000104,140.10460890000104,140.10460890000104,140.28949950000242,None,,,,,,,,,,,,,,,,,,,,,,,,,,,,,,,,P2887,Bar_MIC,3,1,2026-05-11_17h28.42.991,MIC_task,,2026.1.2,59.486276515657686,2026-05-11 17h28.44.439398 +0200,
,,12,0,12,,,,,,,3,f18,dinnye,melon,4,food,fruit,6.4,22,25,50,None,"(0.1, 0)",None,,,,,,,,,,,,,,0,0,0,0,0,2,2,2,12,0,12,0,140.3057039000014,,,,,,,,,,,,,,,,,,,,,,,,,,,,,,,,,,,,,,,,,,,,,,,,,,,,,,,,,,,,,,,,,,,,,,,,,,,,,,,,,,,,,,,,,,,,,140.29292780000105,140.3057039000014,140.3057039000014,140.3057039000014,140.48981220000132,None,,,,,,,,,,,,,,,,,,,,,,,,,,,,,,,,P2887,Bar_MIC,3,1,2026-05-11_17h28.42.991,MIC_task,,2026.1.2,59.486276515657686,2026-05-11 17h28.44.439398 +0200,
,,13,0,13,,,,,,,3,f18,dinnye,melon,4,food,fruit,6.4,22,25,50,None,"(0.1, 0)",None,,,,,,,,,,,,,,0,0,0,0,0,2,2,2,13,0,13,0,140.5053904000015,,,,,,,,,,,,,,,,,,,,,,,,,,,,,,,,,,,,,,,,,,,,,,,,,,,,,,,,,,,,,,,,,,,,,,,,,,,,,,,,,,,,,,,,,,,,,140.49290410000322,140.5053904000015,140.5053904000015,140.5053904000015,140.69026160000067,None,,,,,,,,,,,,,,,,,,,,,,,,,,,,,,,,P2887,Bar_MIC,3,1,2026-05-11_17h28.42.991,MIC_task,,2026.1.2,59.486276515657686,2026-05-11 17h28.44.439398 +0200,
,,14,0,14,,,,,,,3,f18,dinnye,melon,4,food,fruit,6.4,22,25,50,None,"(0.1, 0)",None,,,,,,,,,,,,,,0,0,0,0,0,2,2,2,14,0,14,0,140.70574470000065,,,,,,,,,,,,,,,,,,,,,,,,,,,,,,,,,,,,,,,,,,,,,,,,,,,,,,,,,,,,,,,,,,,,,,,,,,,,,,,,,,,,,,,,,,,,,140.6937805000016,140.70574470000065,140.70574470000065,140.70574470000065,140.88974589999998,None,,,,,,,,,,,,,,,,,,,,,,,,,,,,,,,,P2887,Bar_MIC,3,1,2026-05-11_17h28.42.991,MIC_task,,2026.1.2,59.486276515657686,2026-05-11 17h28.44.439398 +0200,
,,15,0,15,,,,,,,3,f18,dinnye,melon,4,food,fruit,6.4,22,25,50,None,"(0.1, 0)",None,,,,,,,,,,,,,,0,0,0,0,0,2,2,2,15,0,15,0,140.90606430000116,,,,,,,,,,,,,,,,,,,,,,,,,,,,,,,,,,,,,,,,,,,,,,,,,,,,,,,,,,,,,,,,,,,,,,,,,,,,,,,,,,,,,,,,,,,,,140.89288870000019,140.90606430000116,140.90606430000116,140.90606430000116,141.09016710000287,None,,,,,,,,,,,,,,,,,,,,,,,,,,,,,,,,P2887,Bar_MIC,3,1,2026-05-11_17h28.42.991,MIC_task,,2026.1.2,59.486276515657686,2026-05-11 17h28.44.439398 +0200,
,,16,0,16,,,,,,,3,f18,dinnye,melon,4,food,fruit,6.4,22,25,50,None,"(0.1, 0)",None,,,,,,,,,,,,,,0,0,0,0,0,2,2,2,16,0,16,0,141.10647919999974,,,,,,,,,,,,,,,,,,,,,,,,,,,,,,,,,,,,,,,,,,,,,,,,,,,,,,,,,,,,,,,,,,,,,,,,,,,,,,,,,,,,,,,,,,,,,141.0934128000008,141.10647919999974,141.10647919999974,141.10647919999974,141.29053770000246,None,,,,,,,,,,,,,,,,,,,,,,,,,,,,,,,,P2887,Bar_MIC,3,1,2026-05-11_17h28.42.991,MIC_task,,2026.1.2,59.486276515657686,2026-05-11 17h28.44.439398 +0200,
,,17,0,17,,,,,,,3,f18,dinnye,melon,4,food,fruit,6.4,22,25,50,None,"(0.1, 0)",None,,,,,,,,,,,,,,0,0,0,0,0,2,2,2,17,0,17,0,141.30682979999983,,,,,,,,,,,,,,,,,,,,,,,,,,,,,,,,,,,,,,,,,,,,,,,,,,,,,,,,,,,,,,,,,,,,,,,,,,,,,,,,,,,,,,,,,,,,,141.29386910000176,141.30682979999983,141.30682979999983,141.30682979999983,141.49062310000227,None,,,,,,,,,,,,,,,,,,,,,,,,,,,,,,,,P2887,Bar_MIC,3,1,2026-05-11_17h28.42.991,MIC_task,,2026.1.2,59.486276515657686,2026-05-11 17h28.44.439398 +0200,
,,18,0,18,,,,,,,3,f18,dinnye,melon,4,food,fruit,6.4,22,25,50,None,"(0.1, 0)",None,,,,,,,,,,,,,,0,0,0,0,0,2,2,2,18,0,18,0,141.50719850000314,,,,,,,,,,,,,,,,,,,,,,,,,,,,,,,,,,,,,,,,,,,,,,,,,,,,,,,,,,,,,,,,,,,,,,,,,,,,,,,,,,,,,,,,,,,,,141.49362090000068,141.50719850000314,141.50719850000314,141.50719850000314,141.69139690000156,None,,,,,,,,,,,,,,,,,,,,,,,,,,,,,,,,P2887,Bar_MIC,3,1,2026-05-11_17h28.42.991,MIC_task,,2026.1.2,59.486276515657686,2026-05-11 17h28.44.439398 +0200,
,,19,0,19,,,,,,,3,f18,dinnye,melon,4,food,fruit,6.4,22,25,50,None,"(0.1, 0)",None,,,,,,,,,,,,,,0,0,0,0,0,2,2,2,19,0,19,0,141.7076108000001,,,,,,,,,,,,,,,,,,,,,,,,,,,,,,,,,,,,,,,,,,,,,,,,,,,,,,,,,,,,,,,,,,,,,,,,,,,,,,,,,,,,,,,,,,,,,141.69435530000192,141.7076108000001,141.7076108000001,141.7076108000001,141.89139799999975,None,,,,,,,,,,,,,,,,,,,,,,,,,,,,,,,,P2887,Bar_MIC,3,1,2026-05-11_17h28.42.991,MIC_task,,2026.1.2,59.486276515657686,2026-05-11 17h28.44.439398 +0200,
,,20,0,20,,,,,,,3,f18,dinnye,melon,4,food,fruit,6.4,22,25,50,None,"(0.1, 0)",None,,,,,,,,,,,,,,0,0,0,0,0,2,2,2,20,0,20,0,141.90784600000188,,,,,,,,,,,,,,,,,,,,,,,,,,,,,,,,,,,,,,,,,,,,,,,,,,,,,,,,,,,,,,,,,,,,,,,,,,,,,,,,,,,,,,,,,,,,,141.8944818000018,141.90784600000188,141.90784600000188,141.90784600000188,142.09229020000203,None,,,,,,,,,,,,,,,,,,,,,,,,,,,,,,,,P2887,Bar_MIC,3,1,2026-05-11_17h28.42.991,MIC_task,,2026.1.2,59.486276515657686,2026-05-11 17h28.44.439398 +0200,
,,21,0,21,,,,,,,3,f18,dinnye,melon,4,food,fruit,6.4,22,25,50,None,"(0.1, 0)",None,,,,,,,,,,,,,,0,0,0,0,0,2,2,2,21,0,21,0,142.10827000000063,,,,,,,,,,,,,,,,,,,,,,,,,,,,,,,,,,,,,,,,,,,,,,,,,,,,,,,,,,,,,,,,,,,,,,,,,,,,,,,,,,,,,,,,,,,,,142.09534910000002,142.10827000000063,142.10827000000063,142.10827000000063,142.29234720000022,None,,,,,,,,,,,,,,,,,,,,,,,,,,,,,,,,P2887,Bar_MIC,3,1,2026-05-11_17h28.42.991,MIC_task,,2026.1.2,59.486276515657686,2026-05-11 17h28.44.439398 +0200,
,,22,0,22,,,,,,,3,f18,dinnye,melon,4,food,fruit,6.4,22,25,50,None,"(0.1, 0)",space,0.14928890000010142,None,,,,,,,,,,,,0,0,0,0,0,2,2,2,22,0,22,0,142.3078886000003,,,,,,,,,,,,,,,,,,,,,,,,,,,,,,,,,,,,,,,,,,,,,,,,,,,,,,,,,,,,,,,,,,,,,,,,,,,,,,,,,,,,,,,,,,,,,142.29537010000058,142.3078886000003,142.3078886000003,142.3078886000003,142.46052060000147,space,0.14928890000010142,None,,,,,,,,,,,,,,,,,,,,,,,,,,,,,,P2887,Bar_MIC,3,1,2026-05-11_17h28.42.991,MIC_task,,2026.1.2,59.486276515657686,2026-05-11 17h28.44.439398 +0200,
,,2,2,0,,,,space,0.6373353000017232,None,3,f18,dinnye,melon,4,food,fruit,6.4,22,25,50,None,"(0.1, 0)",,,,,,,,,,,,,,,0,0,0,0,0,2,2,2,,,,,,,,,,,,,,,,,,,,,,,,,,,,,,,,,,,,,,,,,,,,,,,,,,,,,,,,,,,,,,,,,,,,,,,,,,,,,,,,,142.51629719999983,142.52192610000202,142.52626046666873,144.46264930000325,,,,,,146.4686354000005,146.48505010000008,146.48505010000008,147.13709160000144,,,,,,,,,,,,,144.48566330000176,144.4901757000007,144.49585733333566,146.38278800000262,146.46856470000057,space,0.6373353000017232,None,,,,,,,,,,,,,,,,,,,,,,P2887,Bar_MIC,3,1,2026-05-11_17h28.42.991,MIC_task,,2026.1.2,59.486276515657686,2026-05-11 17h28.44.439398 +0200,
,,0,0,0,,,,,,,3,p04,bohóc,clown,6,people,entertainment,6.8,14,19,44,None,"(0.1, 0.1)",None,,,,,,,,,,,,,,0,0,0,0,0,3,3,3,0,0,0,0,147.1555429,,,,,,,,,,,,,,,,,,,,,,,,,,,,,,,,,,,,,,,,,,,,,,,,,,,,,,,,,,,,,,,,,,,,,,,,,,,,,,,,,,,,,,,,,,,,,147.14266810000117,147.1555429,147.1555429,147.1555429,147.3506363000015,None,,,,,,,,,,,,,,,,,,,,,,,,,,,,,,,,P2887,Bar_MIC,3,1,2026-05-11_17h28.42.991,MIC_task,,2026.1.2,59.486276515657686,2026-05-11 17h28.44.439398 +0200,
,,0,0,0,,,,,,,3,p04,bohóc,clown,6,people,entertainment,6.8,14,19,44,None,"(0.1, 0.1)",None,,,,,,,,,,,,,,0,0,0,0,0,3,3,3,0,0,0,0,147.36603040000045,,,,,,,,,,,,,,,,,,,,,,,,,,,,,,,,,,,,,,,,,,,,,,,,,,,,,,,,,,,,,,,,,,,,,,,,,,,,,,,,,,,,,,,,,,,,,147.35414370000217,147.36603040000045,147.36603040000045,147.36603040000045,147.54986850000205,None,,,,,,,,,,,,,,,,,,,,,,,,,,,,,,,,P2887,Bar_MIC,3,1,2026-05-11_17h28.42.991,MIC_task,,2026.1.2,59.486276515657686,2026-05-11 17h28.44.439398 +0200,
,,1,0,1,,,,,,,3,p04,bohóc,clown,6,people,entertainment,6.8,14,19,44,None,"(0.1, 0.1)",None,,,,,,,,,,,,,,0,0,0,0,0,3,3,3,1,0,1,0,147.56639520000317,,,,,,,,,,,,,,,,,,,,,,,,,,,,,,,,,,,,,,,,,,,,,,,,,,,,,,,,,,,,,,,,,,,,,,,,,,,,,,,,,,,,,,,,,,,,,147.55307020000328,147.56639520000317,147.56639520000317,147.56639520000317,147.75035330000173,None,,,,,,,,,,,,,,,,,,,,,,,,,,,,,,,,P2887,Bar_MIC,3,1,2026-05-11_17h28.42.991,MIC_task,,2026.1.2,59.486276515657686,2026-05-11 17h28.44.439398 +0200,
,,2,0,2,,,,,,,3,p04,bohóc,clown,6,people,entertainment,6.8,14,19,44,None,"(0.1, 0.1)",None,,,,,,,,,,,,,,0,0,0,0,0,3,3,3,2,0,2,0,147.76677370000107,,,,,,,,,,,,,,,,,,,,,,,,,,,,,,,,,,,,,,,,,,,,,,,,,,,,,,,,,,,,,,,,,,,,,,,,,,,,,,,,,,,,,,,,,,,,,147.75395670000216,147.76677370000107,147.76677370000107,147.76677370000107,147.9508698000027,None,,,,,,,,,,,,,,,,,,,,,,,,,,,,,,,,P2887,Bar_MIC,3,1,2026-05-11_17h28.42.991,MIC_task,,2026.1.2,59.486276515657686,2026-05-11 17h28.44.439398 +0200,
,,3,0,3,,,,,,,3,p04,bohóc,clown,6,people,entertainment,6.8,14,19,44,None,"(0.1, 0.1)",None,,,,,,,,,,,,,,0,0,0,0,0,3,3,3,3,0,3,0,147.96711370000048,,,,,,,,,,,,,,,,,,,,,,,,,,,,,,,,,,,,,,,,,,,,,,,,,,,,,,,,,,,,,,,,,,,,,,,,,,,,,,,,,,,,,,,,,,,,,147.95436530000006,147.96711370000048,147.96711370000048,147.96711370000048,148.1517242000009,None,,,,,,,,,,,,,,,,,,,,,,,,,,,,,,,,P2887,Bar_MIC,3,1,2026-05-11_17h28.42.991,MIC_task,,2026.1.2,59.486276515657686,2026-05-11 17h28.44.439398 +0200,
,,4,0,4,,,,,,,3,p04,bohóc,clown,6,people,entertainment,6.8,14,19,44,None,"(0.1, 0.1)",None,,,,,,,,,,,,,,0,0,0,0,0,3,3,3,4,0,4,0,148.16741730000285,,,,,,,,,,,,,,,,,,,,,,,,,,,,,,,,,,,,,,,,,,,,,,,,,,,,,,,,,,,,,,,,,,,,,,,,,,,,,,,,,,,,,,,,,,,,,148.15509450000172,148.16741730000285,148.16741730000285,148.16741730000285,148.3522402000017,None,,,,,,,,,,,,,,,,,,,,,,,,,,,,,,,,P2887,Bar_MIC,3,1,2026-05-11_17h28.42.991,MIC_task,,2026.1.2,59.486276515657686,2026-05-11 17h28.44.439398 +0200,
,,5,0,5,,,,,,,3,p04,bohóc,clown,6,people,entertainment,6.8,14,19,44,None,"(0.1, 0.1)",None,,,,,,,,,,,,,,0,0,0,0,0,3,3,3,5,0,5,0,148.3672512000012,,,,,,,,,,,,,,,,,,,,,,,,,,,,,,,,,,,,,,,,,,,,,,,,,,,,,,,,,,,,,,,,,,,,,,,,,,,,,,,,,,,,,,,,,,,,,148.35551560000022,148.3672512000012,148.3672512000012,148.3672512000012,148.55259760000263,None,,,,,,,,,,,,,,,,,,,,,,,,,,,,,,,,P2887,Bar_MIC,3,1,2026-05-11_17h28.42.991,MIC_task,,2026.1.2,59.486276515657686,2026-05-11 17h28.44.439398 +0200,
,,6,0,6,,,,,,,3,p04,bohóc,clown,6,people,entertainment,6.8,14,19,44,None,"(0.1, 0.1)",None,,,,,,,,,,,,,,0,0,0,0,0,3,3,3,6,0,6,0,148.56823630000144,,,,,,,,,,,,,,,,,,,,,,,,,,,,,,,,,,,,,,,,,,,,,,,,,,,,,,,,,,,,,,,,,,,,,,,,,,,,,,,,,,,,,,,,,,,,,148.55607059999966,148.56823630000144,148.56823630000144,148.56823630000144,148.7520179000021,None,,,,,,,,,,,,,,,,,,,,,,,,,,,,,,,,P2887,Bar_MIC,3,1,2026-05-11_17h28.42.991,MIC_task,,2026.1.2,59.486276515657686,2026-05-11 17h28.44.439398 +0200,
,,7,0,7,,,,,,,3,p04,bohóc,clown,6,people,entertainment,6.8,14,19,44,None,"(0.1, 0.1)",None,,,,,,,,,,,,,,0,0,0,0,0,3,3,3,7,0,7,0,148.76787270000204,,,,,,,,,,,,,,,,,,,,,,,,,,,,,,,,,,,,,,,,,,,,,,,,,,,,,,,,,,,,,,,,,,,,,,,,,,,,,,,,,,,,,,,,,,,,,148.7552906000019,148.76787270000204,148.76787270000204,148.76787270000204,148.9527734000003,None,,,,,,,,,,,,,,,,,,,,,,,,,,,,,,,,P2887,Bar_MIC,3,1,2026-05-11_17h28.42.991,MIC_task,,2026.1.2,59.486276515657686,2026-05-11 17h28.44.439398 +0200,
,,8,0,8,,,,,,,3,p04,bohóc,clown,6,people,entertainment,6.8,14,19,44,None,"(0.1, 0.1)",None,,,,,,,,,,,,,,0,0,0,0,0,3,3,3,8,0,8,0,148.96832619999986,,,,,,,,,,,,,,,,,,,,,,,,,,,,,,,,,,,,,,,,,,,,,,,,,,,,,,,,,,,,,,,,,,,,,,,,,,,,,,,,,,,,,,,,,,,,,148.95610360000137,148.96832619999986,148.96832619999986,148.96832619999986,149.15316000000166,None,,,,,,,,,,,,,,,,,,,,,,,,,,,,,,,,P2887,Bar_MIC,3,1,2026-05-11_17h28.42.991,MIC_task,,2026.1.2,59.486276515657686,2026-05-11 17h28.44.439398 +0200,
,,9,0,9,,,,,,,3,p04,bohóc,clown,6,people,entertainment,6.8,14,19,44,None,"(0.1, 0.1)",None,,,,,,,,,,,,,,0,0,0,0,0,3,3,3,9,0,9,0,149.16863040000317,,,,,,,,,,,,,,,,,,,,,,,,,,,,,,,,,,,,,,,,,,,,,,,,,,,,,,,,,,,,,,,,,,,,,,,,,,,,,,,,,,,,,,,,,,,,,149.15645720000248,149.16863040000317,149.16863040000317,149.16863040000317,149.3536034000026,None,,,,,,,,,,,,,,,,,,,,,,,,,,,,,,,,P2887,Bar_MIC,3,1,2026-05-11_17h28.42.991,MIC_task,,2026.1.2,59.486276515657686,2026-05-11 17h28.44.439398 +0200,
,,10,0,10,,,,,,,3,p04,bohóc,clown,6,people,entertainment,6.8,14,19,44,None,"(0.1, 0.1)",None,,,,,,,,,,,,,,0,0,0,0,0,3,3,3,10,0,10,0,149.36901520000174,,,,,,,,,,,,,,,,,,,,,,,,,,,,,,,,,,,,,,,,,,,,,,,,,,,,,,,,,,,,,,,,,,,,,,,,,,,,,,,,,,,,,,,,,,,,,149.35681390000173,149.36901520000174,149.36901520000174,149.36901520000174,149.55279370000062,None,,,,,,,,,,,,,,,,,,,,,,,,,,,,,,,,P2887,Bar_MIC,3,1,2026-05-11_17h28.42.991,MIC_task,,2026.1.2,59.486276515657686,2026-05-11 17h28.44.439398 +0200,
,,11,0,11,,,,,,,3,p04,bohóc,clown,6,people,entertainment,6.8,14,19,44,None,"(0.1, 0.1)",None,,,,,,,,,,,,,,0,0,0,0,0,3,3,3,11,0,11,0,149.5693850000025,,,,,,,,,,,,,,,,,,,,,,,,,,,,,,,,,,,,,,,,,,,,,,,,,,,,,,,,,,,,,,,,,,,,,,,,,,,,,,,,,,,,,,,,,,,,,149.5558600000004,149.5693850000025,149.5693850000025,149.5693850000025,149.75324280000132,None,,,,,,,,,,,,,,,,,,,,,,,,,,,,,,,,P2887,Bar_MIC,3,1,2026-05-11_17h28.42.991,MIC_task,,2026.1.2,59.486276515657686,2026-05-11 17h28.44.439398 +0200,
,,12,0,12,,,,,,,3,p04,bohóc,clown,6,people,entertainment,6.8,14,19,44,None,"(0.1, 0.1)",None,,,,,,,,,,,,,,0,0,0,0,0,3,3,3,12,0,12,0,149.76977550000083,,,,,,,,,,,,,,,,,,,,,,,,,,,,,,,,,,,,,,,,,,,,,,,,,,,,,,,,,,,,,,,,,,,,,,,,,,,,,,,,,,,,,,,,,,,,,149.75662680000096,149.76977550000083,149.76977550000083,149.76977550000083,149.95368600000074,None,,,,,,,,,,,,,,,,,,,,,,,,,,,,,,,,P2887,Bar_MIC,3,1,2026-05-11_17h28.42.991,MIC_task,,2026.1.2,59.486276515657686,2026-05-11 17h28.44.439398 +0200,
,,13,0,13,,,,,,,3,p04,bohóc,clown,6,people,entertainment,6.8,14,19,44,None,"(0.1, 0.1)",None,,,,,,,,,,,,,,0,0,0,0,0,3,3,3,13,0,13,0,149.97016540000186,,,,,,,,,,,,,,,,,,,,,,,,,,,,,,,,,,,,,,,,,,,,,,,,,,,,,,,,,,,,,,,,,,,,,,,,,,,,,,,,,,,,,,,,,,,,,149.9567999000028,149.97016540000186,149.97016540000186,149.97016540000186,150.15406340000118,None,,,,,,,,,,,,,,,,,,,,,,,,,,,,,,,,P2887,Bar_MIC,3,1,2026-05-11_17h28.42.991,MIC_task,,2026.1.2,59.486276515657686,2026-05-11 17h28.44.439398 +0200,
,,14,0,14,,,,,,,3,p04,bohóc,clown,6,people,entertainment,6.8,14,19,44,None,"(0.1, 0.1)",None,,,,,,,,,,,,,,0,0,0,0,0,3,3,3,14,0,14,0,150.17038370000228,,,,,,,,,,,,,,,,,,,,,,,,,,,,,,,,,,,,,,,,,,,,,,,,,,,,,,,,,,,,,,,,,,,,,,,,,,,,,,,,,,,,,,,,,,,,,150.15763119999974,150.17038370000228,150.17038370000228,150.17038370000228,150.33771630000047,None,,,,,,,,,,,,,,,,,,,,,,,,,,,,,,,,P2887,Bar_MIC,3,1,2026-05-11_17h28.42.991,MIC_task,,2026.1.2,59.486276515657686,2026-05-11 17h28.44.439398 +0200,
,,15,0,15,,,,,,,3,p04,bohóc,clown,6,people,entertainment,6.8,14,19,44,None,"(0.1, 0.1)",None,,,,,,,,,,,,,,0,0,0,0,0,3,3,3,15,0,15,0,150.35408220000318,,,,,,,,,,,,,,,,,,,,,,,,,,,,,,,,,,,,,,,,,,,,,,,,,,,,,,,,,,,,,,,,,,,,,,,,,,,,,,,,,,,,,,,,,,,,,150.3408307000027,150.35408220000318,150.35408220000318,150.35408220000318,150.53831280000304,None,,,,,,,,,,,,,,,,,,,,,,,,,,,,,,,,P2887,Bar_MIC,3,1,2026-05-11_17h28.42.991,MIC_task,,2026.1.2,59.486276515657686,2026-05-11 17h28.44.439398 +0200,
,,16,0,16,,,,,,,3,p04,bohóc,clown,6,people,entertainment,6.8,14,19,44,None,"(0.1, 0.1)",None,,,,,,,,,,,,,,0,0,0,0,0,3,3,3,16,0,16,0,150.55435370000123,,,,,,,,,,,,,,,,,,,,,,,,,,,,,,,,,,,,,,,,,,,,,,,,,,,,,,,,,,,,,,,,,,,,,,,,,,,,,,,,,,,,,,,,,,,,,150.5414148000018,150.55435370000123,150.55435370000123,150.55435370000123,150.73847000000023,None,,,,,,,,,,,,,,,,,,,,,,,,,,,,,,,,P2887,Bar_MIC,3,1,2026-05-11_17h28.42.991,MIC_task,,2026.1.2,59.486276515657686,2026-05-11 17h28.44.439398 +0200,
,,17,0,17,,,,,,,3,p04,bohóc,clown,6,people,entertainment,6.8,14,19,44,None,"(0.1, 0.1)",None,,,,,,,,,,,,,,0,0,0,0,0,3,3,3,17,0,17,0,150.75401010000132,,,,,,,,,,,,,,,,,,,,,,,,,,,,,,,,,,,,,,,,,,,,,,,,,,,,,,,,,,,,,,,,,,,,,,,,,,,,,,,,,,,,,,,,,,,,,150.74192320000293,150.75401010000132,150.75401010000132,150.75401010000132,150.93930140000157,None,,,,,,,,,,,,,,,,,,,,,,,,,,,,,,,,P2887,Bar_MIC,3,1,2026-05-11_17h28.42.991,MIC_task,,2026.1.2,59.486276515657686,2026-05-11 17h28.44.439398 +0200,
,,18,0,18,,,,,,,3,p04,bohóc,clown,6,people,entertainment,6.8,14,19,44,None,"(0.1, 0.1)",None,,,,,,,,,,,,,,0,0,0,0,0,3,3,3,18,0,18,0,150.95521830000143,,,,,,,,,,,,,,,,,,,,,,,,,,,,,,,,,,,,,,,,,,,,,,,,,,,,,,,,,,,,,,,,,,,,,,,,,,,,,,,,,,,,,,,,,,,,,150.94293079999989,150.95521830000143,150.95521830000143,150.95521830000143,151.13894680000158,None,,,,,,,,,,,,,,,,,,,,,,,,,,,,,,,,P2887,Bar_MIC,3,1,2026-05-11_17h28.42.991,MIC_task,,2026.1.2,59.486276515657686,2026-05-11 17h28.44.439398 +0200,
,,19,0,19,,,,,,,3,p04,bohóc,clown,6,people,entertainment,6.8,14,19,44,None,"(0.1, 0.1)",None,,,,,,,,,,,,,,0,0,0,0,0,3,3,3,19,0,19,0,151.15483190000305,,,,,,,,,,,,,,,,,,,,,,,,,,,,,,,,,,,,,,,,,,,,,,,,,,,,,,,,,,,,,,,,,,,,,,,,,,,,,,,,,,,,,,,,,,,,,151.14200379999966,151.15483190000305,151.15483190000305,151.15483190000305,151.33989870000005,None,,,,,,,,,,,,,,,,,,,,,,,,,,,,,,,,P2887,Bar_MIC,3,1,2026-05-11_17h28.42.991,MIC_task,,2026.1.2,59.486276515657686,2026-05-11 17h28.44.439398 +0200,
,,20,0,20,,,,,,,3,p04,bohóc,clown,6,people,entertainment,6.8,14,19,44,None,"(0.1, 0.1)",None,,,,,,,,,,,,,,0,0,0,0,0,3,3,3,20,0,20,0,151.3552380000001,,,,,,,,,,,,,,,,,,,,,,,,,,,,,,,,,,,,,,,,,,,,,,,,,,,,,,,,,,,,,,,,,,,,,,,,,,,,,,,,,,,,,,,,,,,,,151.34321420000197,151.3552380000001,151.3552380000001,151.3552380000001,151.54008870000325,None,,,,,,,,,,,,,,,,,,,,,,,,,,,,,,,,P2887,Bar_MIC,3,1,2026-05-11_17h28.42.991,MIC_task,,2026.1.2,59.486276515657686,2026-05-11 17h28.44.439398 +0200,
,,21,0,21,,,,,,,3,p04,bohóc,clown,6,people,entertainment,6.8,14,19,44,None,"(0.1, 0.1)",None,,,,,,,,,,,,,,0,0,0,0,0,3,3,3,21,0,21,0,151.55555020000247,,,,,,,,,,,,,,,,,,,,,,,,,,,,,,,,,,,,,,,,,,,,,,,,,,,,,,,,,,,,,,,,,,,,,,,,,,,,,,,,,,,,,,,,,,,,,151.5433217000027,151.55555020000247,151.55555020000247,151.55555020000247,151.7394346000001,None,,,,,,,,,,,,,,,,,,,,,,,,,,,,,,,,P2887,Bar_MIC,3,1,2026-05-11_17h28.42.991,MIC_task,,2026.1.2,59.486276515657686,2026-05-11 17h28.44.439398 +0200,
,,22,0,22,,,,,,,3,p04,bohóc,clown,6,people,entertainment,6.8,14,19,44,None,"(0.1, 0.1)",None,,,,,,,,,,,,,,0,0,0,0,0,3,3,3,22,0,22,0,151.75594460000138,,,,,,,,,,,,,,,,,,,,,,,,,,,,,,,,,,,,,,,,,,,,,,,,,,,,,,,,,,,,,,,,,,,,,,,,,,,,,,,,,,,,,,,,,,,,,151.7426368000015,151.75594460000138,151.75594460000138,151.75594460000138,151.93974309999976,None,,,,,,,,,,,,,,,,,,,,,,,,,,,,,,,,P2887,Bar_MIC,3,1,2026-05-11_17h28.42.991,MIC_task,,2026.1.2,59.486276515657686,2026-05-11 17h28.44.439398 +0200,
,,23,0,23,,,,,,,3,p04,bohóc,clown,6,people,entertainment,6.8,14,19,44,None,"(0.1, 0.1)",None,,,,,,,,,,,,,,0,0,0,0,0,3,3,3,23,0,23,0,151.95631680000224,,,,,,,,,,,,,,,,,,,,,,,,,,,,,,,,,,,,,,,,,,,,,,,,,,,,,,,,,,,,,,,,,,,,,,,,,,,,,,,,,,,,,,,,,,,,,151.94331870000315,151.95631680000224,151.95631680000224,151.95631680000224,152.14037989999997,None,,,,,,,,,,,,,,,,,,,,,,,,,,,,,,,,P2887,Bar_MIC,3,1,2026-05-11_17h28.42.991,MIC_task,,2026.1.2,59.486276515657686,2026-05-11 17h28.44.439398 +0200,
,,24,0,24,,,,,,,3,p04,bohóc,clown,6,people,entertainment,6.8,14,19,44,None,"(0.1, 0.1)",None,,,,,,,,,,,,,,0,0,0,0,0,3,3,3,24,0,24,0,152.15673919999972,,,,,,,,,,,,,,,,,,,,,,,,,,,,,,,,,,,,,,,,,,,,,,,,,,,,,,,,,,,,,,,,,,,,,,,,,,,,,,,,,,,,,,,,,,,,,152.14368390000163,152.15673919999972,152.15673919999972,152.15673919999972,152.3406317000008,None,,,,,,,,,,,,,,,,,,,,,,,,,,,,,,,,P2887,Bar_MIC,3,1,2026-05-11_17h28.42.991,MIC_task,,2026.1.2,59.486276515657686,2026-05-11 17h28.44.439398 +0200,
,,25,0,25,,,,,,,3,p04,bohóc,clown,6,people,entertainment,6.8,14,19,44,None,"(0.1, 0.1)",None,,,,,,,,,,,,,,0,0,0,0,0,3,3,3,25,0,25,0,152.35714120000193,,,,,,,,,,,,,,,,,,,,,,,,,,,,,,,,,,,,,,,,,,,,,,,,,,,,,,,,,,,,,,,,,,,,,,,,,,,,,,,,,,,,,,,,,,,,,152.34414990000005,152.35714120000193,152.35714120000193,152.35714120000193,152.54168390000268,None,,,,,,,,,,,,,,,,,,,,,,,,,,,,,,,,P2887,Bar_MIC,3,1,2026-05-11_17h28.42.991,MIC_task,,2026.1.2,59.486276515657686,2026-05-11 17h28.44.439398 +0200,
,,26,0,26,,,,,,,3,p04,bohóc,clown,6,people,entertainment,6.8,14,19,44,None,"(0.1, 0.1)",None,,,,,,,,,,,,,,0,0,0,0,0,3,3,3,26,0,26,0,152.5575009000022,,,,,,,,,,,,,,,,,,,,,,,,,,,,,,,,,,,,,,,,,,,,,,,,,,,,,,,,,,,,,,,,,,,,,,,,,,,,,,,,,,,,,,,,,,,,,152.5449374000018,152.5575009000022,152.5575009000022,152.5575009000022,152.7416239000013,None,,,,,,,,,,,,,,,,,,,,,,,,,,,,,,,,P2887,Bar_MIC,3,1,2026-05-11_17h28.42.991,MIC_task,,2026.1.2,59.486276515657686,2026-05-11 17h28.44.439398 +0200,
,,27,0,27,,,,,,,3,p04,bohóc,clown,6,people,entertainment,6.8,14,19,44,None,"(0.1, 0.1)",None,,,,,,,,,,,,,,0,0,0,0,0,3,3,3,27,0,27,0,152.75790490000145,,,,,,,,,,,,,,,,,,,,,,,,,,,,,,,,,,,,,,,,,,,,,,,,,,,,,,,,,,,,,,,,,,,,,,,,,,,,,,,,,,,,,,,,,,,,,152.74514290000297,152.75790490000145,152.75790490000145,152.75790490000145,152.94159440000294,None,,,,,,,,,,,,,,,,,,,,,,,,,,,,,,,,P2887,Bar_MIC,3,1,2026-05-11_17h28.42.991,MIC_task,,2026.1.2,59.486276515657686,2026-05-11 17h28.44.439398 +0200,
,,28,0,28,,,,,,,3,p04,bohóc,clown,6,people,entertainment,6.8,14,19,44,None,"(0.1, 0.1)",None,,,,,,,,,,,,,,0,0,0,0,0,3,3,3,28,0,28,0,152.9581618000011,,,,,,,,,,,,,,,,,,,,,,,,,,,,,,,,,,,,,,,,,,,,,,,,,,,,,,,,,,,,,,,,,,,,,,,,,,,,,,,,,,,,,,,,,,,,,152.94493839999996,152.9581618000011,152.9581618000011,152.9581618000011,153.14224220000324,None,,,,,,,,,,,,,,,,,,,,,,,,,,,,,,,,P2887,Bar_MIC,3,1,2026-05-11_17h28.42.991,MIC_task,,2026.1.2,59.486276515657686,2026-05-11 17h28.44.439398 +0200,
,,29,0,29,,,,,,,3,p04,bohóc,clown,6,people,entertainment,6.8,14,19,44,None,"(0.1, 0.1)",None,,,,,,,,,,,,,,0,0,0,0,0,3,3,3,29,0,29,0,153.15853980000247,,,,,,,,,,,,,,,,,,,,,,,,,,,,,,,,,,,,,,,,,,,,,,,,,,,,,,,,,,,,,,,,,,,,,,,,,,,,,,,,,,,,,,,,,,,,,153.14589909999995,153.15853980000247,153.15853980000247,153.15853980000247,153.34295589999965,None,,,,,,,,,,,,,,,,,,,,,,,,,,,,,,,,P2887,Bar_MIC,3,1,2026-05-11_17h28.42.991,MIC_task,,2026.1.2,59.486276515657686,2026-05-11 17h28.44.439398 +0200,
,,30,0,30,,,,,,,3,p04,bohóc,clown,6,people,entertainment,6.8,14,19,44,None,"(0.1, 0.1)",None,,,,,,,,,,,,,,0,0,0,0,0,3,3,3,30,0,30,0,153.3582361000008,,,,,,,,,,,,,,,,,,,,,,,,,,,,,,,,,,,,,,,,,,,,,,,,,,,,,,,,,,,,,,,,,,,,,,,,,,,,,,,,,,,,,,,,,,,,,153.34612430000197,153.3582361000008,153.3582361000008,153.3582361000008,153.54338090000238,None,,,,,,,,,,,,,,,,,,,,,,,,,,,,,,,,P2887,Bar_MIC,3,1,2026-05-11_17h28.42.991,MIC_task,,2026.1.2,59.486276515657686,2026-05-11 17h28.44.439398 +0200,
,,31,0,31,,,,,,,3,p04,bohóc,clown,6,people,entertainment,6.8,14,19,44,None,"(0.1, 0.1)",None,,,,,,,,,,,,,,0,0,0,0,0,3,3,3,31,0,31,0,153.55862460000208,,,,,,,,,,,,,,,,,,,,,,,,,,,,,,,,,,,,,,,,,,,,,,,,,,,,,,,,,,,,,,,,,,,,,,,,,,,,,,,,,,,,,,,,,,,,,153.54660200000217,153.55862460000208,153.55862460000208,153.55862460000208,153.7430611000018,None,,,,,,,,,,,,,,,,,,,,,,,,,,,,,,,,P2887,Bar_MIC,3,1,2026-05-11_17h28.42.991,MIC_task,,2026.1.2,59.486276515657686,2026-05-11 17h28.44.439398 +0200,
,,32,0,32,,,,,,,3,p04,bohóc,clown,6,people,entertainment,6.8,14,19,44,None,"(0.1, 0.1)",None,,,,,,,,,,,,,,0,0,0,0,0,3,3,3,32,0,32,0,153.75899260000006,,,,,,,,,,,,,,,,,,,,,,,,,,,,,,,,,,,,,,,,,,,,,,,,,,,,,,,,,,,,,,,,,,,,,,,,,,,,,,,,,,,,,,,,,,,,,153.74634260000312,153.75899260000006,153.75899260000006,153.75899260000006,153.9429065000004,None,,,,,,,,,,,,,,,,,,,,,,,,,,,,,,,,P2887,Bar_MIC,3,1,2026-05-11_17h28.42.991,MIC_task,,2026.1.2,59.486276515657686,2026-05-11 17h28.44.439398 +0200,
,,33,0,33,,,,,,,3,p04,bohóc,clown,6,people,entertainment,6.8,14,19,44,None,"(0.1, 0.1)",None,,,,,,,,,,,,,,0,0,0,0,0,3,3,3,33,0,33,0,153.95938110000134,,,,,,,,,,,,,,,,,,,,,,,,,,,,,,,,,,,,,,,,,,,,,,,,,,,,,,,,,,,,,,,,,,,,,,,,,,,,,,,,,,,,,,,,,,,,,153.94616210000095,153.95938110000134,153.95938110000134,153.95938110000134,154.14348520000203,None,,,,,,,,,,,,,,,,,,,,,,,,,,,,,,,,P2887,Bar_MIC,3,1,2026-05-11_17h28.42.991,MIC_task,,2026.1.2,59.486276515657686,2026-05-11 17h28.44.439398 +0200,
,,34,0,34,,,,,,,3,p04,bohóc,clown,6,people,entertainment,6.8,14,19,44,None,"(0.1, 0.1)",None,,,,,,,,,,,,,,0,0,0,0,0,3,3,3,34,0,34,0,154.15970190000007,,,,,,,,,,,,,,,,,,,,,,,,,,,,,,,,,,,,,,,,,,,,,,,,,,,,,,,,,,,,,,,,,,,,,,,,,,,,,,,,,,,,,,,,,,,,,154.1465840000019,154.15970190000007,154.15970190000007,154.15970190000007,154.3434343000008,None,,,,,,,,,,,,,,,,,,,,,,,,,,,,,,,,P2887,Bar_MIC,3,1,2026-05-11_17h28.42.991,MIC_task,,2026.1.2,59.486276515657686,2026-05-11 17h28.44.439398 +0200,
,,35,0,35,,,,,,,3,p04,bohóc,clown,6,people,entertainment,6.8,14,19,44,None,"(0.1, 0.1)",space,0.14569119999941904,None,,,,,,,,,,,,0,0,0,0,0,3,3,3,35,0,35,0,154.36010309999983,,,,,,,,,,,,,,,,,,,,,,,,,,,,,,,,,,,,,,,,,,,,,,,,,,,,,,,,,,,,,,,,,,,,,,,,,,,,,,,,,,,,,,,,,,,,,154.34696720000284,154.36010309999983,154.36010309999983,154.36010309999983,154.51119070000277,space,0.14569119999941904,None,,,,,,,,,,,,,,,,,,,,,,,,,,,,,,P2887,Bar_MIC,3,1,2026-05-11_17h28.42.991,MIC_task,,2026.1.2,59.486276515657686,2026-05-11 17h28.44.439398 +0200,
,,3,3,0,,,,space,0.6216229999990901,None,3,p04,bohóc,clown,6,people,entertainment,6.8,14,19,44,None,"(0.1, 0.1)",,,,,,,,,,,,,,,0,0,0,0,0,3,3,3,,,,,,,,,,,,,,,,,,,,,,,,,,,,,,,,,,,,,,,,,,,,,,,,,,,,,,,,,,,,,,,,,,,,,,,,,,,,,,,,,154.57292840000082,154.57899340000222,154.57687856666698,156.51389370000106,,,,,,158.51756840000235,158.53287150000324,158.53287150000324,159.16883580000285,,,,,,,,,,,,,156.5381843000032,156.54355360000045,156.5471227333333,158.4331725000011,158.51752269999997,space,0.6216229999990901,None,,,,,,,,,,,,,,,,,,,,,,P2887,Bar_MIC,3,1,2026-05-11_17h28.42.991,MIC_task,,2026.1.2,59.486276515657686,2026-05-11 17h28.44.439398 +0200,
,,0,0,0,,,,,,,3,c27,póló,t-shirt,3,clothes,tops,6.8,43,23,None,None,"(0.1, -0.1)",None,,,,,,,,,,,,,,0,0,0,0,0,4,4,4,0,0,0,0,159.19451720000143,,,,,,,,,,,,,,,,,,,,,,,,,,,,,,,,,,,,,,,,,,,,,,,,,,,,,,,,,,,,,,,,,,,,,,,,,,,,,,,,,,,,,,,,,,,,,159.18927450000047,159.19451720000143,159.19451720000143,159.19451720000143,159.38504720000128,None,,,,,,,,,,,,,,,,,,,,,,,,,,,,,,,,P2887,Bar_MIC,3,1,2026-05-11_17h28.42.991,MIC_task,,2026.1.2,59.486276515657686,2026-05-11 17h28.44.439398 +0200,
,,0,0,0,,,,,,,3,c27,póló,t-shirt,3,clothes,tops,6.8,43,23,None,None,"(0.1, -0.1)",None,,,,,,,,,,,,,,0,0,0,0,0,4,4,4,0,0,0,0,159.40133140000034,,,,,,,,,,,,,,,,,,,,,,,,,,,,,,,,,,,,,,,,,,,,,,,,,,,,,,,,,,,,,,,,,,,,,,,,,,,,,,,,,,,,,,,,,,,,,159.38838320000286,159.40133140000034,159.40133140000034,159.40133140000034,159.58561730000292,None,,,,,,,,,,,,,,,,,,,,,,,,,,,,,,,,P2887,Bar_MIC,3,1,2026-05-11_17h28.42.991,MIC_task,,2026.1.2,59.486276515657686,2026-05-11 17h28.44.439398 +0200,
,,1,0,1,,,,,,,3,c27,póló,t-shirt,3,clothes,tops,6.8,43,23,None,None,"(0.1, -0.1)",None,,,,,,,,,,,,,,0,0,0,0,0,4,4,4,1,0,1,0,159.60171629999968,,,,,,,,,,,,,,,,,,,,,,,,,,,,,,,,,,,,,,,,,,,,,,,,,,,,,,,,,,,,,,,,,,,,,,,,,,,,,,,,,,,,,,,,,,,,,159.58889190000264,159.60171629999968,159.60171629999968,159.60171629999968,159.76901870000074,None,,,,,,,,,,,,,,,,,,,,,,,,,,,,,,,,P2887,Bar_MIC,3,1,2026-05-11_17h28.42.991,MIC_task,,2026.1.2,59.486276515657686,2026-05-11 17h28.44.439398 +0200,
,,2,0,2,,,,,,,3,c27,póló,t-shirt,3,clothes,tops,6.8,43,23,None,None,"(0.1, -0.1)",None,,,,,,,,,,,,,,0,0,0,0,0,4,4,4,2,0,2,0,159.7853165000015,,,,,,,,,,,,,,,,,,,,,,,,,,,,,,,,,,,,,,,,,,,,,,,,,,,,,,,,,,,,,,,,,,,,,,,,,,,,,,,,,,,,,,,,,,,,,159.7719713000006,159.7853165000015,159.7853165000015,159.7853165000015,159.96947230000296,None,,,,,,,,,,,,,,,,,,,,,,,,,,,,,,,,P2887,Bar_MIC,3,1,2026-05-11_17h28.42.991,MIC_task,,2026.1.2,59.486276515657686,2026-05-11 17h28.44.439398 +0200,
,,3,0,3,,,,,,,3,c27,póló,t-shirt,3,clothes,tops,6.8,43,23,None,None,"(0.1, -0.1)",None,,,,,,,,,,,,,,0,0,0,0,0,4,4,4,3,0,3,0,159.9857312000022,,,,,,,,,,,,,,,,,,,,,,,,,,,,,,,,,,,,,,,,,,,,,,,,,,,,,,,,,,,,,,,,,,,,,,,,,,,,,,,,,,,,,,,,,,,,,159.9727950000015,159.9857312000022,159.9857312000022,159.9857312000022,160.16989450000256,None,,,,,,,,,,,,,,,,,,,,,,,,,,,,,,,,P2887,Bar_MIC,3,1,2026-05-11_17h28.42.991,MIC_task,,2026.1.2,59.486276515657686,2026-05-11 17h28.44.439398 +0200,
,,4,0,4,,,,,,,3,c27,póló,t-shirt,3,clothes,tops,6.8,43,23,None,None,"(0.1, -0.1)",None,,,,,,,,,,,,,,0,0,0,0,0,4,4,4,4,0,4,0,160.18541940000068,,,,,,,,,,,,,,,,,,,,,,,,,,,,,,,,,,,,,,,,,,,,,,,,,,,,,,,,,,,,,,,,,,,,,,,,,,,,,,,,,,,,,,,,,,,,,160.17275340000197,160.18541940000068,160.18541940000068,160.18541940000068,160.3702591000001,None,,,,,,,,,,,,,,,,,,,,,,,,,,,,,,,,P2887,Bar_MIC,3,1,2026-05-11_17h28.42.991,MIC_task,,2026.1.2,59.486276515657686,2026-05-11 17h28.44.439398 +0200,
,,5,0,5,,,,,,,3,c27,póló,t-shirt,3,clothes,tops,6.8,43,23,None,None,"(0.1, -0.1)",None,,,,,,,,,,,,,,0,0,0,0,0,4,4,4,5,0,5,0,160.38569570000254,,,,,,,,,,,,,,,,,,,,,,,,,,,,,,,,,,,,,,,,,,,,,,,,,,,,,,,,,,,,,,,,,,,,,,,,,,,,,,,,,,,,,,,,,,,,,160.37347580000278,160.38569570000254,160.38569570000254,160.38569570000254,160.57072700000208,None,,,,,,,,,,,,,,,,,,,,,,,,,,,,,,,,P2887,Bar_MIC,3,1,2026-05-11_17h28.42.991,MIC_task,,2026.1.2,59.486276515657686,2026-05-11 17h28.44.439398 +0200,
,,6,0,6,,,,,,,3,c27,póló,t-shirt,3,clothes,tops,6.8,43,23,None,None,"(0.1, -0.1)",None,,,,,,,,,,,,,,0,0,0,0,0,4,4,4,6,0,6,0,160.58609630000137,,,,,,,,,,,,,,,,,,,,,,,,,,,,,,,,,,,,,,,,,,,,,,,,,,,,,,,,,,,,,,,,,,,,,,,,,,,,,,,,,,,,,,,,,,,,,160.5736426000003,160.58609630000137,160.58609630000137,160.58609630000137,160.76991220000127,None,,,,,,,,,,,,,,,,,,,,,,,,,,,,,,,,P2887,Bar_MIC,3,1,2026-05-11_17h28.42.991,MIC_task,,2026.1.2,59.486276515657686,2026-05-11 17h28.44.439398 +0200,
,,7,0,7,,,,,,,3,c27,póló,t-shirt,3,clothes,tops,6.8,43,23,None,None,"(0.1, -0.1)",None,,,,,,,,,,,,,,0,0,0,0,0,4,4,4,7,0,7,0,160.78644870000062,,,,,,,,,,,,,,,,,,,,,,,,,,,,,,,,,,,,,,,,,,,,,,,,,,,,,,,,,,,,,,,,,,,,,,,,,,,,,,,,,,,,,,,,,,,,,160.77274650000254,160.78644870000062,160.78644870000062,160.78644870000062,160.9702670000006,None,,,,,,,,,,,,,,,,,,,,,,,,,,,,,,,,P2887,Bar_MIC,3,1,2026-05-11_17h28.42.991,MIC_task,,2026.1.2,59.486276515657686,2026-05-11 17h28.44.439398 +0200,
,,8,0,8,,,,,,,3,c27,póló,t-shirt,3,clothes,tops,6.8,43,23,None,None,"(0.1, -0.1)",None,,,,,,,,,,,,,,0,0,0,0,0,4,4,4,8,0,8,0,160.98692290000326,,,,,,,,,,,,,,,,,,,,,,,,,,,,,,,,,,,,,,,,,,,,,,,,,,,,,,,,,,,,,,,,,,,,,,,,,,,,,,,,,,,,,,,,,,,,,160.97319419999985,160.98692290000326,160.98692290000326,160.98692290000326,161.17064860000028,None,,,,,,,,,,,,,,,,,,,,,,,,,,,,,,,,P2887,Bar_MIC,3,1,2026-05-11_17h28.42.991,MIC_task,,2026.1.2,59.486276515657686,2026-05-11 17h28.44.439398 +0200,
,,9,0,9,,,,,,,3,c27,póló,t-shirt,3,clothes,tops,6.8,43,23,None,None,"(0.1, -0.1)",None,,,,,,,,,,,,,,0,0,0,0,0,4,4,4,9,0,9,0,161.1871796000014,,,,,,,,,,,,,,,,,,,,,,,,,,,,,,,,,,,,,,,,,,,,,,,,,,,,,,,,,,,,,,,,,,,,,,,,,,,,,,,,,,,,,,,,,,,,,161.17389280000134,161.1871796000014,161.1871796000014,161.1871796000014,161.37128210000083,None,,,,,,,,,,,,,,,,,,,,,,,,,,,,,,,,P2887,Bar_MIC,3,1,2026-05-11_17h28.42.991,MIC_task,,2026.1.2,59.486276515657686,2026-05-11 17h28.44.439398 +0200,
,,10,0,10,,,,,,,3,c27,póló,t-shirt,3,clothes,tops,6.8,43,23,None,None,"(0.1, -0.1)",None,,,,,,,,,,,,,,0,0,0,0,0,4,4,4,10,0,10,0,161.38753500000166,,,,,,,,,,,,,,,,,,,,,,,,,,,,,,,,,,,,,,,,,,,,,,,,,,,,,,,,,,,,,,,,,,,,,,,,,,,,,,,,,,,,,,,,,,,,,161.37465950000114,161.38753500000166,161.38753500000166,161.38753500000166,161.57159730000058,None,,,,,,,,,,,,,,,,,,,,,,,,,,,,,,,,P2887,Bar_MIC,3,1,2026-05-11_17h28.42.991,MIC_task,,2026.1.2,59.486276515657686,2026-05-11 17h28.44.439398 +0200,
,,11,0,11,,,,,,,3,c27,póló,t-shirt,3,clothes,tops,6.8,43,23,None,None,"(0.1, -0.1)",None,,,,,,,,,,,,,,0,0,0,0,0,4,4,4,11,0,11,0,161.58786710000277,,,,,,,,,,,,,,,,,,,,,,,,,,,,,,,,,,,,,,,,,,,,,,,,,,,,,,,,,,,,,,,,,,,,,,,,,,,,,,,,,,,,,,,,,,,,,161.5750457000031,161.58786710000277,161.58786710000277,161.58786710000277,161.77198920000228,None,,,,,,,,,,,,,,,,,,,,,,,,,,,,,,,,P2887,Bar_MIC,3,1,2026-05-11_17h28.42.991,MIC_task,,2026.1.2,59.486276515657686,2026-05-11 17h28.44.439398 +0200,
,,12,0,12,,,,,,,3,c27,póló,t-shirt,3,clothes,tops,6.8,43,23,None,None,"(0.1, -0.1)",None,,,,,,,,,,,,,,0,0,0,0,0,4,4,4,12,0,12,0,161.78833040000245,,,,,,,,,,,,,,,,,,,,,,,,,,,,,,,,,,,,,,,,,,,,,,,,,,,,,,,,,,,,,,,,,,,,,,,,,,,,,,,,,,,,,,,,,,,,,161.77497230000154,161.78833040000245,161.78833040000245,161.78833040000245,161.97207420000268,None,,,,,,,,,,,,,,,,,,,,,,,,,,,,,,,,P2887,Bar_MIC,3,1,2026-05-11_17h28.42.991,MIC_task,,2026.1.2,59.486276515657686,2026-05-11 17h28.44.439398 +0200,
,,13,0,13,,,,,,,3,c27,póló,t-shirt,3,clothes,tops,6.8,43,23,None,None,"(0.1, -0.1)",None,,,,,,,,,,,,,,0,0,0,0,0,4,4,4,13,0,13,0,161.98792500000127,,,,,,,,,,,,,,,,,,,,,,,,,,,,,,,,,,,,,,,,,,,,,,,,,,,,,,,,,,,,,,,,,,,,,,,,,,,,,,,,,,,,,,,,,,,,,161.97512330000245,161.98792500000127,161.98792500000127,161.98792500000127,162.1729477000008,None,,,,,,,,,,,,,,,,,,,,,,,,,,,,,,,,P2887,Bar_MIC,3,1,2026-05-11_17h28.42.991,MIC_task,,2026.1.2,59.486276515657686,2026-05-11 17h28.44.439398 +0200,
,,14,0,14,,,,,,,3,c27,póló,t-shirt,3,clothes,tops,6.8,43,23,None,None,"(0.1, -0.1)",None,,,,,,,,,,,,,,0,0,0,0,0,4,4,4,14,0,14,0,162.18909030000214,,,,,,,,,,,,,,,,,,,,,,,,,,,,,,,,,,,,,,,,,,,,,,,,,,,,,,,,,,,,,,,,,,,,,,,,,,,,,,,,,,,,,,,,,,,,,162.1760092000004,162.18909030000214,162.18909030000214,162.18909030000214,162.3723325000028,None,,,,,,,,,,,,,,,,,,,,,,,,,,,,,,,,P2887,Bar_MIC,3,1,2026-05-11_17h28.42.991,MIC_task,,2026.1.2,59.486276515657686,2026-05-11 17h28.44.439398 +0200,
,,15,0,15,,,,,,,3,c27,póló,t-shirt,3,clothes,tops,6.8,43,23,None,None,"(0.1, -0.1)",None,,,,,,,,,,,,,,0,0,0,0,0,4,4,4,15,0,15,0,162.38870990000214,,,,,,,,,,,,,,,,,,,,,,,,,,,,,,,,,,,,,,,,,,,,,,,,,,,,,,,,,,,,,,,,,,,,,,,,,,,,,,,,,,,,,,,,,,,,,162.37551870000243,162.38870990000214,162.38870990000214,162.38870990000214,162.57382860000143,None,,,,,,,,,,,,,,,,,,,,,,,,,,,,,,,,P2887,Bar_MIC,3,1,2026-05-11_17h28.42.991,MIC_task,,2026.1.2,59.486276515657686,2026-05-11 17h28.44.439398 +0200,
,,16,0,16,,,,,,,3,c27,póló,t-shirt,3,clothes,tops,6.8,43,23,None,None,"(0.1, -0.1)",None,,,,,,,,,,,,,,0,0,0,0,0,4,4,4,16,0,16,0,162.58905140000206,,,,,,,,,,,,,,,,,,,,,,,,,,,,,,,,,,,,,,,,,,,,,,,,,,,,,,,,,,,,,,,,,,,,,,,,,,,,,,,,,,,,,,,,,,,,,162.5767863000001,162.58905140000206,162.58905140000206,162.58905140000206,162.7728272000022,None,,,,,,,,,,,,,,,,,,,,,,,,,,,,,,,,P2887,Bar_MIC,3,1,2026-05-11_17h28.42.991,MIC_task,,2026.1.2,59.486276515657686,2026-05-11 17h28.44.439398 +0200,
,,17,0,17,,,,,,,3,c27,póló,t-shirt,3,clothes,tops,6.8,43,23,None,None,"(0.1, -0.1)",None,,,,,,,,,,,,,,0,0,0,0,0,4,4,4,17,0,17,0,162.7895212000003,,,,,,,,,,,,,,,,,,,,,,,,,,,,,,,,,,,,,,,,,,,,,,,,,,,,,,,,,,,,,,,,,,,,,,,,,,,,,,,,,,,,,,,,,,,,,162.77628879999975,162.7895212000003,162.7895212000003,162.7895212000003,162.97441450000042,None,,,,,,,,,,,,,,,,,,,,,,,,,,,,,,,,P2887,Bar_MIC,3,1,2026-05-11_17h28.42.991,MIC_task,,2026.1.2,59.486276515657686,2026-05-11 17h28.44.439398 +0200,
,,18,0,18,,,,,,,3,c27,póló,t-shirt,3,clothes,tops,6.8,43,23,None,None,"(0.1, -0.1)",None,,,,,,,,,,,,,,0,0,0,0,0,4,4,4,18,0,18,0,162.98980860000302,,,,,,,,,,,,,,,,,,,,,,,,,,,,,,,,,,,,,,,,,,,,,,,,,,,,,,,,,,,,,,,,,,,,,,,,,,,,,,,,,,,,,,,,,,,,,162.97743860000264,162.98980860000302,162.98980860000302,162.98980860000302,163.17366590000165,None,,,,,,,,,,,,,,,,,,,,,,,,,,,,,,,,P2887,Bar_MIC,3,1,2026-05-11_17h28.42.991,MIC_task,,2026.1.2,59.486276515657686,2026-05-11 17h28.44.439398 +0200,
,,19,0,19,,,,,,,3,c27,póló,t-shirt,3,clothes,tops,6.8,43,23,None,None,"(0.1, -0.1)",None,,,,,,,,,,,,,,0,0,0,0,0,4,4,4,19,0,19,0,163.19019480000134,,,,,,,,,,,,,,,,,,,,,,,,,,,,,,,,,,,,,,,,,,,,,,,,,,,,,,,,,,,,,,,,,,,,,,,,,,,,,,,,,,,,,,,,,,,,,163.17679839999983,163.19019480000134,163.19019480000134,163.19019480000134,163.3739910000004,None,,,,,,,,,,,,,,,,,,,,,,,,,,,,,,,,P2887,Bar_MIC,3,1,2026-05-11_17h28.42.991,MIC_task,,2026.1.2,59.486276515657686,2026-05-11 17h28.44.439398 +0200,
,,20,0,20,,,,,,,3,c27,póló,t-shirt,3,clothes,tops,6.8,43,23,None,None,"(0.1, -0.1)",None,,,,,,,,,,,,,,0,0,0,0,0,4,4,4,20,0,20,0,163.39060600000084,,,,,,,,,,,,,,,,,,,,,,,,,,,,,,,,,,,,,,,,,,,,,,,,,,,,,,,,,,,,,,,,,,,,,,,,,,,,,,,,,,,,,,,,,,,,,163.376869300002,163.39060600000084,163.39060600000084,163.39060600000084,163.57477760000256,None,,,,,,,,,,,,,,,,,,,,,,,,,,,,,,,,P2887,Bar_MIC,3,1,2026-05-11_17h28.42.991,MIC_task,,2026.1.2,59.486276515657686,2026-05-11 17h28.44.439398 +0200,
,,21,0,21,,,,,,,3,c27,póló,t-shirt,3,clothes,tops,6.8,43,23,None,None,"(0.1, -0.1)",None,,,,,,,,,,,,,,0,0,0,0,0,4,4,4,21,0,21,0,163.59104690000095,,,,,,,,,,,,,,,,,,,,,,,,,,,,,,,,,,,,,,,,,,,,,,,,,,,,,,,,,,,,,,,,,,,,,,,,,,,,,,,,,,,,,,,,,,,,,163.57812620000186,163.59104690000095,163.59104690000095,163.59104690000095,163.77538840000125,None,,,,,,,,,,,,,,,,,,,,,,,,,,,,,,,,P2887,Bar_MIC,3,1,2026-05-11_17h28.42.991,MIC_task,,2026.1.2,59.486276515657686,2026-05-11 17h28.44.439398 +0200,
,,22,0,22,,,,,,,3,c27,póló,t-shirt,3,clothes,tops,6.8,43,23,None,None,"(0.1, -0.1)",None,,,,,,,,,,,,,,0,0,0,0,0,4,4,4,22,0,22,0,163.79140879999977,,,,,,,,,,,,,,,,,,,,,,,,,,,,,,,,,,,,,,,,,,,,,,,,,,,,,,,,,,,,,,,,,,,,,,,,,,,,,,,,,,,,,,,,,,,,,163.7786240000023,163.79140879999977,163.79140879999977,163.79140879999977,163.9753337000002,None,,,,,,,,,,,,,,,,,,,,,,,,,,,,,,,,P2887,Bar_MIC,3,1,2026-05-11_17h28.42.991,MIC_task,,2026.1.2,59.486276515657686,2026-05-11 17h28.44.439398 +0200,
,,23,0,23,,,,,,,3,c27,póló,t-shirt,3,clothes,tops,6.8,43,23,None,None,"(0.1, -0.1)",None,,,,,,,,,,,,,,0,0,0,0,0,4,4,4,23,0,23,0,163.99156960000255,,,,,,,,,,,,,,,,,,,,,,,,,,,,,,,,,,,,,,,,,,,,,,,,,,,,,,,,,,,,,,,,,,,,,,,,,,,,,,,,,,,,,,,,,,,,,163.97820219999994,163.99156960000255,163.99156960000255,163.99156960000255,164.17547510000077,None,,,,,,,,,,,,,,,,,,,,,,,,,,,,,,,,P2887,Bar_MIC,3,1,2026-05-11_17h28.42.991,MIC_task,,2026.1.2,59.486276515657686,2026-05-11 17h28.44.439398 +0200,
,,24,0,24,,,,,,,3,c27,póló,t-shirt,3,clothes,tops,6.8,43,23,None,None,"(0.1, -0.1)",None,,,,,,,,,,,,,,0,0,0,0,0,4,4,4,24,0,24,0,164.1920097000002,,,,,,,,,,,,,,,,,,,,,,,,,,,,,,,,,,,,,,,,,,,,,,,,,,,,,,,,,,,,,,,,,,,,,,,,,,,,,,,,,,,,,,,,,,,,,164.1787172000004,164.1920097000002,164.1920097000002,164.1920097000002,164.37628949999998,None,,,,,,,,,,,,,,,,,,,,,,,,,,,,,,,,P2887,Bar_MIC,3,1,2026-05-11_17h28.42.991,MIC_task,,2026.1.2,59.486276515657686,2026-05-11 17h28.44.439398 +0200,
,,25,0,25,,,,,,,3,c27,póló,t-shirt,3,clothes,tops,6.8,43,23,None,None,"(0.1, -0.1)",None,,,,,,,,,,,,,,0,0,0,0,0,4,4,4,25,0,25,0,164.39237140000114,,,,,,,,,,,,,,,,,,,,,,,,,,,,,,,,,,,,,,,,,,,,,,,,,,,,,,,,,,,,,,,,,,,,,,,,,,,,,,,,,,,,,,,,,,,,,164.37951330000215,164.39237140000114,164.39237140000114,164.39237140000114,164.57541599999968,None,,,,,,,,,,,,,,,,,,,,,,,,,,,,,,,,P2887,Bar_MIC,3,1,2026-05-11_17h28.42.991,MIC_task,,2026.1.2,59.486276515657686,2026-05-11 17h28.44.439398 +0200,
,,26,0,26,,,,,,,3,c27,póló,t-shirt,3,clothes,tops,6.8,43,23,None,None,"(0.1, -0.1)",None,,,,,,,,,,,,,,0,0,0,0,0,4,4,4,26,0,26,0,164.59208130000115,,,,,,,,,,,,,,,,,,,,,,,,,,,,,,,,,,,,,,,,,,,,,,,,,,,,,,,,,,,,,,,,,,,,,,,,,,,,,,,,,,,,,,,,,,,,,164.5783330000013,164.59208130000115,164.59208130000115,164.59208130000115,164.77691990000312,None,,,,,,,,,,,,,,,,,,,,,,,,,,,,,,,,P2887,Bar_MIC,3,1,2026-05-11_17h28.42.991,MIC_task,,2026.1.2,59.486276515657686,2026-05-11 17h28.44.439398 +0200,
,,27,0,27,,,,,,,3,c27,póló,t-shirt,3,clothes,tops,6.8,43,23,None,None,"(0.1, -0.1)",None,,,,,,,,,,,,,,0,0,0,0,0,4,4,4,27,0,27,0,164.79248360000202,,,,,,,,,,,,,,,,,,,,,,,,,,,,,,,,,,,,,,,,,,,,,,,,,,,,,,,,,,,,,,,,,,,,,,,,,,,,,,,,,,,,,,,,,,,,,164.77999980000095,164.79248360000202,164.79248360000202,164.79248360000202,164.9773380000006,None,,,,,,,,,,,,,,,,,,,,,,,,,,,,,,,,P2887,Bar_MIC,3,1,2026-05-11_17h28.42.991,MIC_task,,2026.1.2,59.486276515657686,2026-05-11 17h28.44.439398 +0200,
,,28,0,28,,,,,,,3,c27,póló,t-shirt,3,clothes,tops,6.8,43,23,None,None,"(0.1, -0.1)",None,,,,,,,,,,,,,,0,0,0,0,0,4,4,4,28,0,28,0,164.99291319999975,,,,,,,,,,,,,,,,,,,,,,,,,,,,,,,,,,,,,,,,,,,,,,,,,,,,,,,,,,,,,,,,,,,,,,,,,,,,,,,,,,,,,,,,,,,,,164.98050680000233,164.99291319999975,164.99291319999975,164.99291319999975,165.1764914000014,None,,,,,,,,,,,,,,,,,,,,,,,,,,,,,,,,P2887,Bar_MIC,3,1,2026-05-11_17h28.42.991,MIC_task,,2026.1.2,59.486276515657686,2026-05-11 17h28.44.439398 +0200,
,,29,0,29,,,,,,,3,c27,póló,t-shirt,3,clothes,tops,6.8,43,23,None,None,"(0.1, -0.1)",None,,,,,,,,,,,,,,0,0,0,0,0,4,4,4,29,0,29,0,165.19311840000228,,,,,,,,,,,,,,,,,,,,,,,,,,,,,,,,,,,,,,,,,,,,,,,,,,,,,,,,,,,,,,,,,,,,,,,,,,,,,,,,,,,,,,,,,,,,,165.17932100000326,165.19311840000228,165.19311840000228,165.19311840000228,165.37686580000081,None,,,,,,,,,,,,,,,,,,,,,,,,,,,,,,,,P2887,Bar_MIC,3,1,2026-05-11_17h28.42.991,MIC_task,,2026.1.2,59.486276515657686,2026-05-11 17h28.44.439398 +0200,
,,30,0,30,,,,,,,3,c27,póló,t-shirt,3,clothes,tops,6.8,43,23,None,None,"(0.1, -0.1)",None,,,,,,,,,,,,,,0,0,0,0,0,4,4,4,30,0,30,0,165.3934842000017,,,,,,,,,,,,,,,,,,,,,,,,,,,,,,,,,,,,,,,,,,,,,,,,,,,,,,,,,,,,,,,,,,,,,,,,,,,,,,,,,,,,,,,,,,,,,165.38054530000227,165.3934842000017,165.3934842000017,165.3934842000017,165.57734379999965,None,,,,,,,,,,,,,,,,,,,,,,,,,,,,,,,,P2887,Bar_MIC,3,1,2026-05-11_17h28.42.991,MIC_task,,2026.1.2,59.486276515657686,2026-05-11 17h28.44.439398 +0200,
,,31,0,31,,,,,,,3,c27,póló,t-shirt,3,clothes,tops,6.8,43,23,None,None,"(0.1, -0.1)",None,,,,,,,,,,,,,,0,0,0,0,0,4,4,4,31,0,31,0,165.59389450000162,,,,,,,,,,,,,,,,,,,,,,,,,,,,,,,,,,,,,,,,,,,,,,,,,,,,,,,,,,,,,,,,,,,,,,,,,,,,,,,,,,,,,,,,,,,,,165.58024790000127,165.59389450000162,165.59389450000162,165.59389450000162,165.7779186000007,None,,,,,,,,,,,,,,,,,,,,,,,,,,,,,,,,P2887,Bar_MIC,3,1,2026-05-11_17h28.42.991,MIC_task,,2026.1.2,59.486276515657686,2026-05-11 17h28.44.439398 +0200,
,,32,0,32,,,,,,,3,c27,póló,t-shirt,3,clothes,tops,6.8,43,23,None,None,"(0.1, -0.1)",None,,,,,,,,,,,,,,0,0,0,0,0,4,4,4,32,0,32,0,165.7943180000002,,,,,,,,,,,,,,,,,,,,,,,,,,,,,,,,,,,,,,,,,,,,,,,,,,,,,,,,,,,,,,,,,,,,,,,,,,,,,,,,,,,,,,,,,,,,,165.78100970000014,165.7943180000002,165.7943180000002,165.7943180000002,165.97808440000153,None,,,,,,,,,,,,,,,,,,,,,,,,,,,,,,,,P2887,Bar_MIC,3,1,2026-05-11_17h28.42.991,MIC_task,,2026.1.2,59.486276515657686,2026-05-11 17h28.44.439398 +0200,
,,33,0,33,,,,,,,3,c27,póló,t-shirt,3,clothes,tops,6.8,43,23,None,None,"(0.1, -0.1)",None,,,,,,,,,,,,,,0,0,0,0,0,4,4,4,33,0,33,0,165.99454530000003,,,,,,,,,,,,,,,,,,,,,,,,,,,,,,,,,,,,,,,,,,,,,,,,,,,,,,,,,,,,,,,,,,,,,,,,,,,,,,,,,,,,,,,,,,,,,165.98097600000256,165.99454530000003,165.99454530000003,165.99454530000003,166.17857820000063,None,,,,,,,,,,,,,,,,,,,,,,,,,,,,,,,,P2887,Bar_MIC,3,1,2026-05-11_17h28.42.991,MIC_task,,2026.1.2,59.486276515657686,2026-05-11 17h28.44.439398 +0200,
,,34,0,34,,,,,,,3,c27,póló,t-shirt,3,clothes,tops,6.8,43,23,None,None,"(0.1, -0.1)",None,,,,,,,,,,,,,,0,0,0,0,0,4,4,4,34,0,34,0,166.19506780000302,,,,,,,,,,,,,,,,,,,,,,,,,,,,,,,,,,,,,,,,,,,,,,,,,,,,,,,,,,,,,,,,,,,,,,,,,,,,,,,,,,,,,,,,,,,,,166.18179150000287,166.19506780000302,166.19506780000302,166.19506780000302,166.37899870000183,None,,,,,,,,,,,,,,,,,,,,,,,,,,,,,,,,P2887,Bar_MIC,3,1,2026-05-11_17h28.42.991,MIC_task,,2026.1.2,59.486276515657686,2026-05-11 17h28.44.439398 +0200,
,,35,0,35,,,,,,,3,c27,póló,t-shirt,3,clothes,tops,6.8,43,23,None,None,"(0.1, -0.1)",None,,,,,,,,,,,,,,0,0,0,0,0,4,4,4,35,0,35,0,166.39541640000243,,,,,,,,,,,,,,,,,,,,,,,,,,,,,,,,,,,,,,,,,,,,,,,,,,,,,,,,,,,,,,,,,,,,,,,,,,,,,,,,,,,,,,,,,,,,,166.3815641000001,166.39541640000243,166.39541640000243,166.39541640000243,166.5798156000019,None,,,,,,,,,,,,,,,,,,,,,,,,,,,,,,,,P2887,Bar_MIC,3,1,2026-05-11_17h28.42.991,MIC_task,,2026.1.2,59.486276515657686,2026-05-11 17h28.44.439398 +0200,
,,36,0,36,,,,,,,3,c27,póló,t-shirt,3,clothes,tops,6.8,43,23,None,None,"(0.1, -0.1)",None,,,,,,,,,,,,,,0,0,0,0,0,4,4,4,36,0,36,0,166.59580210000058,,,,,,,,,,,,,,,,,,,,,,,,,,,,,,,,,,,,,,,,,,,,,,,,,,,,,,,,,,,,,,,,,,,,,,,,,,,,,,,,,,,,,,,,,,,,,166.58290300000226,166.59580210000058,166.59580210000058,166.59580210000058,166.77978000000076,None,,,,,,,,,,,,,,,,,,,,,,,,,,,,,,,,P2887,Bar_MIC,3,1,2026-05-11_17h28.42.991,MIC_task,,2026.1.2,59.486276515657686,2026-05-11 17h28.44.439398 +0200,
,,37,0,37,,,,,,,3,c27,póló,t-shirt,3,clothes,tops,6.8,43,23,None,None,"(0.1, -0.1)",None,,,,,,,,,,,,,,0,0,0,0,0,4,4,4,37,0,37,0,166.79534480000075,,,,,,,,,,,,,,,,,,,,,,,,,,,,,,,,,,,,,,,,,,,,,,,,,,,,,,,,,,,,,,,,,,,,,,,,,,,,,,,,,,,,,,,,,,,,,166.7830642000008,166.79534480000075,166.79534480000075,166.79534480000075,166.97977470000114,None,,,,,,,,,,,,,,,,,,,,,,,,,,,,,,,,P2887,Bar_MIC,3,1,2026-05-11_17h28.42.991,MIC_task,,2026.1.2,59.486276515657686,2026-05-11 17h28.44.439398 +0200,
,,38,0,38,,,,,,,3,c27,póló,t-shirt,3,clothes,tops,6.8,43,23,None,None,"(0.1, -0.1)",None,,,,,,,,,,,,,,0,0,0,0,0,4,4,4,38,0,38,0,166.99579350000204,,,,,,,,,,,,,,,,,,,,,,,,,,,,,,,,,,,,,,,,,,,,,,,,,,,,,,,,,,,,,,,,,,,,,,,,,,,,,,,,,,,,,,,,,,,,,166.98290120000092,166.99579350000204,166.99579350000204,166.99579350000204,167.1806323000019,None,,,,,,,,,,,,,,,,,,,,,,,,,,,,,,,,P2887,Bar_MIC,3,1,2026-05-11_17h28.42.991,MIC_task,,2026.1.2,59.486276515657686,2026-05-11 17h28.44.439398 +0200,
,,39,0,39,,,,,,,3,c27,póló,t-shirt,3,clothes,tops,6.8,43,23,None,None,"(0.1, -0.1)",None,,,,,,,,,,,,,,0,0,0,0,0,4,4,4,39,0,39,0,167.1960822000001,,,,,,,,,,,,,,,,,,,,,,,,,,,,,,,,,,,,,,,,,,,,,,,,,,,,,,,,,,,,,,,,,,,,,,,,,,,,,,,,,,,,,,,,,,,,,167.18345820000104,167.1960822000001,167.1960822000001,167.1960822000001,167.38002010000127,None,,,,,,,,,,,,,,,,,,,,,,,,,,,,,,,,P2887,Bar_MIC,3,1,2026-05-11_17h28.42.991,MIC_task,,2026.1.2,59.486276515657686,2026-05-11 17h28.44.439398 +0200,
,,40,0,40,,,,,,,3,c27,póló,t-shirt,3,clothes,tops,6.8,43,23,None,None,"(0.1, -0.1)",space,0.03399840000201948,None,,,,,,,,,,,,0,0,0,0,0,4,4,4,40,0,40,0,167.39649590000045,,,,,,,,,,,,,,,,,,,,,,,,,,,,,,,,,,,,,,,,,,,,,,,,,,,,,,,,,,,,,,,,,,,,,,,,,,,,,,,,,,,,,,,,,,,,,167.38291690000187,167.39649590000045,167.39649590000045,167.39649590000045,167.43179070000042,space,0.03399840000201948,None,,,,,,,,,,,,,,,,,,,,,,,,,,,,,,P2887,Bar_MIC,3,1,2026-05-11_17h28.42.991,MIC_task,,2026.1.2,59.486276515657686,2026-05-11 17h28.44.439398 +0200,
,,4,4,0,,,,space,0.3419936000027519,None,3,c27,póló,t-shirt,3,clothes,tops,6.8,43,23,None,None,"(0.1, -0.1)",,,,,,,,,,,,,,,0,0,0,0,0,4,4,4,,,,,,,,,,,,,,,,,,,,,,,,,,,,,,,,,,,,,,,,,,,,,,,,,,,,,,,,,,,,,,,,,,,,,,,,,,,,,,,,,167.4956243000015,167.50128990000303,167.49746426666852,169.43307920000007,,,,,,171.43737370000235,171.45274970000173,171.45274970000173,171.8042899000029,,,,,,,,,,,,,169.45568710000225,169.46045580000282,169.46629063333654,171.35292550000304,171.4373239000015,space,0.3419936000027519,None,,,,,,,,,,,,,,,,,,,,,,P2887,Bar_MIC,3,1,2026-05-11_17h28.42.991,MIC_task,,2026.1.2,59.486276515657686,2026-05-11 17h28.44.439398 +0200,
,,0,0,0,,,,,,,3,pl03,kukorica,corn,7,plants,field,4.8,76,None,115,None,"(0, 0.1)",None,,,,,,,,,,,,,,0,0,0,0,0,5,5,5,0,0,0,0,171.8300702000015,,,,,,,,,,,,,,,,,,,,,,,,,,,,,,,,,,,,,,,,,,,,,,,,,,,,,,,,,,,,,,,,,,,,,,,,,,,,,,,,,,,,,,,,,,,,,171.82411930000308,171.8300702000015,171.8300702000015,171.8300702000015,172.02047640000092,None,,,,,,,,,,,,,,,,,,,,,,,,,,,,,,,,P2887,Bar_MIC,3,1,2026-05-11_17h28.42.991,MIC_task,,2026.1.2,59.486276515657686,2026-05-11 17h28.44.439398 +0200,
,,0,0,0,,,,,,,3,pl03,kukorica,corn,7,plants,field,4.8,76,None,115,None,"(0, 0.1)",None,,,,,,,,,,,,,,0,0,0,0,0,5,5,5,0,0,0,0,172.03705400000035,,,,,,,,,,,,,,,,,,,,,,,,,,,,,,,,,,,,,,,,,,,,,,,,,,,,,,,,,,,,,,,,,,,,,,,,,,,,,,,,,,,,,,,,,,,,,172.02342470000076,172.03705400000035,172.03705400000035,172.03705400000035,172.22092429999975,None,,,,,,,,,,,,,,,,,,,,,,,,,,,,,,,,P2887,Bar_MIC,3,1,2026-05-11_17h28.42.991,MIC_task,,2026.1.2,59.486276515657686,2026-05-11 17h28.44.439398 +0200,
,,1,0,1,,,,,,,3,pl03,kukorica,corn,7,plants,field,4.8,76,None,115,None,"(0, 0.1)",None,,,,,,,,,,,,,,0,0,0,0,0,5,5,5,1,0,1,0,172.23743200000172,,,,,,,,,,,,,,,,,,,,,,,,,,,,,,,,,,,,,,,,,,,,,,,,,,,,,,,,,,,,,,,,,,,,,,,,,,,,,,,,,,,,,,,,,,,,,172.22398000000248,172.23743200000172,172.23743200000172,172.23743200000172,172.40466150000066,None,,,,,,,,,,,,,,,,,,,,,,,,,,,,,,,,P2887,Bar_MIC,3,1,2026-05-11_17h28.42.991,MIC_task,,2026.1.2,59.486276515657686,2026-05-11 17h28.44.439398 +0200,
,,2,0,2,,,,,,,3,pl03,kukorica,corn,7,plants,field,4.8,76,None,115,None,"(0, 0.1)",None,,,,,,,,,,,,,,0,0,0,0,0,5,5,5,2,0,2,0,172.42101410000032,,,,,,,,,,,,,,,,,,,,,,,,,,,,,,,,,,,,,,,,,,,,,,,,,,,,,,,,,,,,,,,,,,,,,,,,,,,,,,,,,,,,,,,,,,,,,172.40787060000002,172.42101410000032,172.42101410000032,172.42101410000032,172.6050976000006,None,,,,,,,,,,,,,,,,,,,,,,,,,,,,,,,,P2887,Bar_MIC,3,1,2026-05-11_17h28.42.991,MIC_task,,2026.1.2,59.486276515657686,2026-05-11 17h28.44.439398 +0200,
,,3,0,3,,,,,,,3,pl03,kukorica,corn,7,plants,field,4.8,76,None,115,None,"(0, 0.1)",None,,,,,,,,,,,,,,0,0,0,0,0,5,5,5,3,0,3,0,172.62141300000076,,,,,,,,,,,,,,,,,,,,,,,,,,,,,,,,,,,,,,,,,,,,,,,,,,,,,,,,,,,,,,,,,,,,,,,,,,,,,,,,,,,,,,,,,,,,,172.60841150000124,172.62141300000076,172.62141300000076,172.62141300000076,172.8054400000001,None,,,,,,,,,,,,,,,,,,,,,,,,,,,,,,,,P2887,Bar_MIC,3,1,2026-05-11_17h28.42.991,MIC_task,,2026.1.2,59.486276515657686,2026-05-11 17h28.44.439398 +0200,
,,4,0,4,,,,,,,3,pl03,kukorica,corn,7,plants,field,4.8,76,None,115,None,"(0, 0.1)",None,,,,,,,,,,,,,,0,0,0,0,0,5,5,5,4,0,4,0,172.82180830000289,,,,,,,,,,,,,,,,,,,,,,,,,,,,,,,,,,,,,,,,,,,,,,,,,,,,,,,,,,,,,,,,,,,,,,,,,,,,,,,,,,,,,,,,,,,,,172.80839540000306,172.82180830000289,172.82180830000289,172.82180830000289,173.0058893000023,None,,,,,,,,,,,,,,,,,,,,,,,,,,,,,,,,P2887,Bar_MIC,3,1,2026-05-11_17h28.42.991,MIC_task,,2026.1.2,59.486276515657686,2026-05-11 17h28.44.439398 +0200,
,,5,0,5,,,,,,,3,pl03,kukorica,corn,7,plants,field,4.8,76,None,115,None,"(0, 0.1)",None,,,,,,,,,,,,,,0,0,0,0,0,5,5,5,5,0,5,0,173.02220000000307,,,,,,,,,,,,,,,,,,,,,,,,,,,,,,,,,,,,,,,,,,,,,,,,,,,,,,,,,,,,,,,,,,,,,,,,,,,,,,,,,,,,,,,,,,,,,173.0094123000017,173.02220000000307,173.02220000000307,173.02220000000307,173.20622000000003,None,,,,,,,,,,,,,,,,,,,,,,,,,,,,,,,,P2887,Bar_MIC,3,1,2026-05-11_17h28.42.991,MIC_task,,2026.1.2,59.486276515657686,2026-05-11 17h28.44.439398 +0200,
,,6,0,6,,,,,,,3,pl03,kukorica,corn,7,plants,field,4.8,76,None,115,None,"(0, 0.1)",None,,,,,,,,,,,,,,0,0,0,0,0,5,5,5,6,0,6,0,173.2225268000002,,,,,,,,,,,,,,,,,,,,,,,,,,,,,,,,,,,,,,,,,,,,,,,,,,,,,,,,,,,,,,,,,,,,,,,,,,,,,,,,,,,,,,,,,,,,,173.20955790000153,173.2225268000002,173.2225268000002,173.2225268000002,173.40551080000296,None,,,,,,,,,,,,,,,,,,,,,,,,,,,,,,,,P2887,Bar_MIC,3,1,2026-05-11_17h28.42.991,MIC_task,,2026.1.2,59.486276515657686,2026-05-11 17h28.44.439398 +0200,
,,7,0,7,,,,,,,3,pl03,kukorica,corn,7,plants,field,4.8,76,None,115,None,"(0, 0.1)",None,,,,,,,,,,,,,,0,0,0,0,0,5,5,5,7,0,7,0,173.42218810000122,,,,,,,,,,,,,,,,,,,,,,,,,,,,,,,,,,,,,,,,,,,,,,,,,,,,,,,,,,,,,,,,,,,,,,,,,,,,,,,,,,,,,,,,,,,,,173.4085253000012,173.42218810000122,173.42218810000122,173.42218810000122,173.6070135000009,None,,,,,,,,,,,,,,,,,,,,,,,,,,,,,,,,P2887,Bar_MIC,3,1,2026-05-11_17h28.42.991,MIC_task,,2026.1.2,59.486276515657686,2026-05-11 17h28.44.439398 +0200,
,,8,0,8,,,,,,,3,pl03,kukorica,corn,7,plants,field,4.8,76,None,115,None,"(0, 0.1)",None,,,,,,,,,,,,,,0,0,0,0,0,5,5,5,8,0,8,0,173.62257820000013,,,,,,,,,,,,,,,,,,,,,,,,,,,,,,,,,,,,,,,,,,,,,,,,,,,,,,,,,,,,,,,,,,,,,,,,,,,,,,,,,,,,,,,,,,,,,173.61001140000008,173.62257820000013,173.62257820000013,173.62257820000013,173.80752430000211,None,,,,,,,,,,,,,,,,,,,,,,,,,,,,,,,,P2887,Bar_MIC,3,1,2026-05-11_17h28.42.991,MIC_task,,2026.1.2,59.486276515657686,2026-05-11 17h28.44.439398 +0200,
,,9,0,9,,,,,,,3,pl03,kukorica,corn,7,plants,field,4.8,76,None,115,None,"(0, 0.1)",None,,,,,,,,,,,,,,0,0,0,0,0,5,5,5,9,0,9,0,173.82290300000022,,,,,,,,,,,,,,,,,,,,,,,,,,,,,,,,,,,,,,,,,,,,,,,,,,,,,,,,,,,,,,,,,,,,,,,,,,,,,,,,,,,,,,,,,,,,,173.81039280000186,173.82290300000022,173.82290300000022,173.82290300000022,174.00667200000316,None,,,,,,,,,,,,,,,,,,,,,,,,,,,,,,,,P2887,Bar_MIC,3,1,2026-05-11_17h28.42.991,MIC_task,,2026.1.2,59.486276515657686,2026-05-11 17h28.44.439398 +0200,
,,10,0,10,,,,,,,3,pl03,kukorica,corn,7,plants,field,4.8,76,None,115,None,"(0, 0.1)",None,,,,,,,,,,,,,,0,0,0,0,0,5,5,5,10,0,10,0,174.0233268000011,,,,,,,,,,,,,,,,,,,,,,,,,,,,,,,,,,,,,,,,,,,,,,,,,,,,,,,,,,,,,,,,,,,,,,,,,,,,,,,,,,,,,,,,,,,,,174.00958739999987,174.0233268000011,174.0233268000011,174.0233268000011,174.20832110000265,None,,,,,,,,,,,,,,,,,,,,,,,,,,,,,,,,P2887,Bar_MIC,3,1,2026-05-11_17h28.42.991,MIC_task,,2026.1.2,59.486276515657686,2026-05-11 17h28.44.439398 +0200,
,,11,0,11,,,,,,,3,pl03,kukorica,corn,7,plants,field,4.8,76,None,115,None,"(0, 0.1)",None,,,,,,,,,,,,,,0,0,0,0,0,5,5,5,11,0,11,0,174.22367719999966,,,,,,,,,,,,,,,,,,,,,,,,,,,,,,,,,,,,,,,,,,,,,,,,,,,,,,,,,,,,,,,,,,,,,,,,,,,,,,,,,,,,,,,,,,,,,174.21165190000102,174.22367719999966,174.22367719999966,174.22367719999966,174.40758240000287,None,,,,,,,,,,,,,,,,,,,,,,,,,,,,,,,,P2887,Bar_MIC,3,1,2026-05-11_17h28.42.991,MIC_task,,2026.1.2,59.486276515657686,2026-05-11 17h28.44.439398 +0200,
,,12,0,12,,,,,,,3,pl03,kukorica,corn,7,plants,field,4.8,76,None,115,None,"(0, 0.1)",None,,,,,,,,,,,,,,0,0,0,0,0,5,5,5,12,0,12,0,174.4240974000022,,,,,,,,,,,,,,,,,,,,,,,,,,,,,,,,,,,,,,,,,,,,,,,,,,,,,,,,,,,,,,,,,,,,,,,,,,,,,,,,,,,,,,,,,,,,,174.4108757000031,174.4240974000022,174.4240974000022,174.4240974000022,174.60792570000194,None,,,,,,,,,,,,,,,,,,,,,,,,,,,,,,,,P2887,Bar_MIC,3,1,2026-05-11_17h28.42.991,MIC_task,,2026.1.2,59.486276515657686,2026-05-11 17h28.44.439398 +0200,
,,13,0,13,,,,,,,3,pl03,kukorica,corn,7,plants,field,4.8,76,None,115,None,"(0, 0.1)",None,,,,,,,,,,,,,,0,0,0,0,0,5,5,5,13,0,13,0,174.62444560000222,,,,,,,,,,,,,,,,,,,,,,,,,,,,,,,,,,,,,,,,,,,,,,,,,,,,,,,,,,,,,,,,,,,,,,,,,,,,,,,,,,,,,,,,,,,,,174.61085319999984,174.62444560000222,174.62444560000222,174.62444560000222,174.80864290000318,None,,,,,,,,,,,,,,,,,,,,,,,,,,,,,,,,P2887,Bar_MIC,3,1,2026-05-11_17h28.42.991,MIC_task,,2026.1.2,59.486276515657686,2026-05-11 17h28.44.439398 +0200,
,,14,0,14,,,,,,,3,pl03,kukorica,corn,7,plants,field,4.8,76,None,115,None,"(0, 0.1)",None,,,,,,,,,,,,,,0,0,0,0,0,5,5,5,14,0,14,0,174.82472000000053,,,,,,,,,,,,,,,,,,,,,,,,,,,,,,,,,,,,,,,,,,,,,,,,,,,,,,,,,,,,,,,,,,,,,,,,,,,,,,,,,,,,,,,,,,,,,174.81182180000178,174.82472000000053,174.82472000000053,174.82472000000053,175.00884060000317,None,,,,,,,,,,,,,,,,,,,,,,,,,,,,,,,,P2887,Bar_MIC,3,1,2026-05-11_17h28.42.991,MIC_task,,2026.1.2,59.486276515657686,2026-05-11 17h28.44.439398 +0200,
,,15,0,15,,,,,,,3,pl03,kukorica,corn,7,plants,field,4.8,76,None,115,None,"(0, 0.1)",None,,,,,,,,,,,,,,0,0,0,0,0,5,5,5,15,0,15,0,175.0250909000024,,,,,,,,,,,,,,,,,,,,,,,,,,,,,,,,,,,,,,,,,,,,,,,,,,,,,,,,,,,,,,,,,,,,,,,,,,,,,,,,,,,,,,,,,,,,,175.01190960000167,175.0250909000024,175.0250909000024,175.0250909000024,175.20920320000005,None,,,,,,,,,,,,,,,,,,,,,,,,,,,,,,,,P2887,Bar_MIC,3,1,2026-05-11_17h28.42.991,MIC_task,,2026.1.2,59.486276515657686,2026-05-11 17h28.44.439398 +0200,
,,16,0,16,,,,,,,3,pl03,kukorica,corn,7,plants,field,4.8,76,None,115,None,"(0, 0.1)",None,,,,,,,,,,,,,,0,0,0,0,0,5,5,5,16,0,16,0,175.22544030000063,,,,,,,,,,,,,,,,,,,,,,,,,,,,,,,,,,,,,,,,,,,,,,,,,,,,,,,,,,,,,,,,,,,,,,,,,,,,,,,,,,,,,,,,,,,,,175.21216730000015,175.22544030000063,175.22544030000063,175.22544030000063,175.40995840000323,None,,,,,,,,,,,,,,,,,,,,,,,,,,,,,,,,P2887,Bar_MIC,3,1,2026-05-11_17h28.42.991,MIC_task,,2026.1.2,59.486276515657686,2026-05-11 17h28.44.439398 +0200,
,,17,0,17,,,,,,,3,pl03,kukorica,corn,7,plants,field,4.8,76,None,115,None,"(0, 0.1)",None,,,,,,,,,,,,,,0,0,0,0,0,5,5,5,17,0,17,0,175.4259082000026,,,,,,,,,,,,,,,,,,,,,,,,,,,,,,,,,,,,,,,,,,,,,,,,,,,,,,,,,,,,,,,,,,,,,,,,,,,,,,,,,,,,,,,,,,,,,175.41341540000212,175.4259082000026,175.4259082000026,175.4259082000026,175.6102200000023,None,,,,,,,,,,,,,,,,,,,,,,,,,,,,,,,,P2887,Bar_MIC,3,1,2026-05-11_17h28.42.991,MIC_task,,2026.1.2,59.486276515657686,2026-05-11 17h28.44.439398 +0200,
,,18,0,18,,,,,,,3,pl03,kukorica,corn,7,plants,field,4.8,76,None,115,None,"(0, 0.1)",None,,,,,,,,,,,,,,0,0,0,0,0,5,5,5,18,0,18,0,175.6254810999999,,,,,,,,,,,,,,,,,,,,,,,,,,,,,,,,,,,,,,,,,,,,,,,,,,,,,,,,,,,,,,,,,,,,,,,,,,,,,,,,,,,,,,,,,,,,,175.6134888000015,175.6254810999999,175.6254810999999,175.6254810999999,175.81040140000187,None,,,,,,,,,,,,,,,,,,,,,,,,,,,,,,,,P2887,Bar_MIC,3,1,2026-05-11_17h28.42.991,MIC_task,,2026.1.2,59.486276515657686,2026-05-11 17h28.44.439398 +0200,
,,19,0,19,,,,,,,3,pl03,kukorica,corn,7,plants,field,4.8,76,None,115,None,"(0, 0.1)",None,,,,,,,,,,,,,,0,0,0,0,0,5,5,5,19,0,19,0,175.8258679999999,,,,,,,,,,,,,,,,,,,,,,,,,,,,,,,,,,,,,,,,,,,,,,,,,,,,,,,,,,,,,,,,,,,,,,,,,,,,,,,,,,,,,,,,,,,,,175.8135196000003,175.8258679999999,175.8258679999999,175.8258679999999,176.01094690000173,None,,,,,,,,,,,,,,,,,,,,,,,,,,,,,,,,P2887,Bar_MIC,3,1,2026-05-11_17h28.42.991,MIC_task,,2026.1.2,59.486276515657686,2026-05-11 17h28.44.439398 +0200,
,,20,0,20,,,,,,,3,pl03,kukorica,corn,7,plants,field,4.8,76,None,115,None,"(0, 0.1)",None,,,,,,,,,,,,,,0,0,0,0,0,5,5,5,20,0,20,0,176.02639890000137,,,,,,,,,,,,,,,,,,,,,,,,,,,,,,,,,,,,,,,,,,,,,,,,,,,,,,,,,,,,,,,,,,,,,,,,,,,,,,,,,,,,,,,,,,,,,176.01413460000185,176.02639890000137,176.02639890000137,176.02639890000137,176.20996310000191,None,,,,,,,,,,,,,,,,,,,,,,,,,,,,,,,,P2887,Bar_MIC,3,1,2026-05-11_17h28.42.991,MIC_task,,2026.1.2,59.486276515657686,2026-05-11 17h28.44.439398 +0200,
,,21,0,21,,,,,,,3,pl03,kukorica,corn,7,plants,field,4.8,76,None,115,None,"(0, 0.1)",None,,,,,,,,,,,,,,0,0,0,0,0,5,5,5,21,0,21,0,176.2266234000017,,,,,,,,,,,,,,,,,,,,,,,,,,,,,,,,,,,,,,,,,,,,,,,,,,,,,,,,,,,,,,,,,,,,,,,,,,,,,,,,,,,,,,,,,,,,,176.21322770000188,176.2266234000017,176.2266234000017,176.2266234000017,176.41058429999975,None,,,,,,,,,,,,,,,,,,,,,,,,,,,,,,,,P2887,Bar_MIC,3,1,2026-05-11_17h28.42.991,MIC_task,,2026.1.2,59.486276515657686,2026-05-11 17h28.44.439398 +0200,
,,22,0,22,,,,,,,3,pl03,kukorica,corn,7,plants,field,4.8,76,None,115,None,"(0, 0.1)",None,,,,,,,,,,,,,,0,0,0,0,0,5,5,5,22,0,22,0,176.42702040000222,,,,,,,,,,,,,,,,,,,,,,,,,,,,,,,,,,,,,,,,,,,,,,,,,,,,,,,,,,,,,,,,,,,,,,,,,,,,,,,,,,,,,,,,,,,,,176.41389990000243,176.42702040000222,176.42702040000222,176.42702040000222,176.61088780000136,None,,,,,,,,,,,,,,,,,,,,,,,,,,,,,,,,P2887,Bar_MIC,3,1,2026-05-11_17h28.42.991,MIC_task,,2026.1.2,59.486276515657686,2026-05-11 17h28.44.439398 +0200,
,,23,0,23,,,,,,,3,pl03,kukorica,corn,7,plants,field,4.8,76,None,115,None,"(0, 0.1)",None,,,,,,,,,,,,,,0,0,0,0,0,5,5,5,23,0,23,0,176.62736530000257,,,,,,,,,,,,,,,,,,,,,,,,,,,,,,,,,,,,,,,,,,,,,,,,,,,,,,,,,,,,,,,,,,,,,,,,,,,,,,,,,,,,,,,,,,,,,176.61408890000166,176.62736530000257,176.62736530000257,176.62736530000257,176.81126850000146,None,,,,,,,,,,,,,,,,,,,,,,,,,,,,,,,,P2887,Bar_MIC,3,1,2026-05-11_17h28.42.991,MIC_task,,2026.1.2,59.486276515657686,2026-05-11 17h28.44.439398 +0200,
,,24,0,24,,,,,,,3,pl03,kukorica,corn,7,plants,field,4.8,76,None,115,None,"(0, 0.1)",None,,,,,,,,,,,,,,0,0,0,0,0,5,5,5,24,0,24,0,176.82770750000054,,,,,,,,,,,,,,,,,,,,,,,,,,,,,,,,,,,,,,,,,,,,,,,,,,,,,,,,,,,,,,,,,,,,,,,,,,,,,,,,,,,,,,,,,,,,,176.8146732000023,176.82770750000054,176.82770750000054,176.82770750000054,177.0119190000005,None,,,,,,,,,,,,,,,,,,,,,,,,,,,,,,,,P2887,Bar_MIC,3,1,2026-05-11_17h28.42.991,MIC_task,,2026.1.2,59.486276515657686,2026-05-11 17h28.44.439398 +0200,
,,25,0,25,,,,,,,3,pl03,kukorica,corn,7,plants,field,4.8,76,None,115,None,"(0, 0.1)",None,,,,,,,,,,,,,,0,0,0,0,0,5,5,5,25,0,25,0,177.0280832999997,,,,,,,,,,,,,,,,,,,,,,,,,,,,,,,,,,,,,,,,,,,,,,,,,,,,,,,,,,,,,,,,,,,,,,,,,,,,,,,,,,,,,,,,,,,,,177.01474770000277,177.0280832999997,177.0280832999997,177.0280832999997,177.2121920000027,None,,,,,,,,,,,,,,,,,,,,,,,,,,,,,,,,P2887,Bar_MIC,3,1,2026-05-11_17h28.42.991,MIC_task,,2026.1.2,59.486276515657686,2026-05-11 17h28.44.439398 +0200,
,,26,0,26,,,,,,,3,pl03,kukorica,corn,7,plants,field,4.8,76,None,115,None,"(0, 0.1)",None,,,,,,,,,,,,,,0,0,0,0,0,5,5,5,26,0,26,0,177.22849660000065,,,,,,,,,,,,,,,,,,,,,,,,,,,,,,,,,,,,,,,,,,,,,,,,,,,,,,,,,,,,,,,,,,,,,,,,,,,,,,,,,,,,,,,,,,,,,177.21558730000106,177.22849660000065,177.22849660000065,177.22849660000065,177.4126434000027,None,,,,,,,,,,,,,,,,,,,,,,,,,,,,,,,,P2887,Bar_MIC,3,1,2026-05-11_17h28.42.991,MIC_task,,2026.1.2,59.486276515657686,2026-05-11 17h28.44.439398 +0200,
,,27,0,27,,,,,,,3,pl03,kukorica,corn,7,plants,field,4.8,76,None,115,None,"(0, 0.1)",None,,,,,,,,,,,,,,0,0,0,0,0,5,5,5,27,0,27,0,177.42886010000075,,,,,,,,,,,,,,,,,,,,,,,,,,,,,,,,,,,,,,,,,,,,,,,,,,,,,,,,,,,,,,,,,,,,,,,,,,,,,,,,,,,,,,,,,,,,,177.41551320000144,177.42886010000075,177.42886010000075,177.42886010000075,177.61279320000176,None,,,,,,,,,,,,,,,,,,,,,,,,,,,,,,,,P2887,Bar_MIC,3,1,2026-05-11_17h28.42.991,MIC_task,,2026.1.2,59.486276515657686,2026-05-11 17h28.44.439398 +0200,
,,28,0,28,,,,,,,3,pl03,kukorica,corn,7,plants,field,4.8,76,None,115,None,"(0, 0.1)",None,,,,,,,,,,,,,,0,0,0,0,0,5,5,5,28,0,28,0,177.6292338000021,,,,,,,,,,,,,,,,,,,,,,,,,,,,,,,,,,,,,,,,,,,,,,,,,,,,,,,,,,,,,,,,,,,,,,,,,,,,,,,,,,,,,,,,,,,,,177.61561110000184,177.6292338000021,177.6292338000021,177.6292338000021,177.81326750000153,None,,,,,,,,,,,,,,,,,,,,,,,,,,,,,,,,P2887,Bar_MIC,3,1,2026-05-11_17h28.42.991,MIC_task,,2026.1.2,59.486276515657686,2026-05-11 17h28.44.439398 +0200,
,,29,0,29,,,,,,,3,pl03,kukorica,corn,7,plants,field,4.8,76,None,115,None,"(0, 0.1)",None,,,,,,,,,,,,,,0,0,0,0,0,5,5,5,29,0,29,0,177.82949590000135,,,,,,,,,,,,,,,,,,,,,,,,,,,,,,,,,,,,,,,,,,,,,,,,,,,,,,,,,,,,,,,,,,,,,,,,,,,,,,,,,,,,,,,,,,,,,177.81626410000172,177.82949590000135,177.82949590000135,177.82949590000135,178.0137229000029,None,,,,,,,,,,,,,,,,,,,,,,,,,,,,,,,,P2887,Bar_MIC,3,1,2026-05-11_17h28.42.991,MIC_task,,2026.1.2,59.486276515657686,2026-05-11 17h28.44.439398 +0200,
,,30,0,30,,,,,,,3,pl03,kukorica,corn,7,plants,field,4.8,76,None,115,None,"(0, 0.1)",space,0.1357501999991655,None,,,,,,,,,,,,0,0,0,0,0,5,5,5,30,0,30,0,178.0292554000007,,,,,,,,,,,,,,,,,,,,,,,,,,,,,,,,,,,,,,,,,,,,,,,,,,,,,,,,,,,,,,,,,,,,,,,,,,,,,,,,,,,,,,,,,,,,,178.01680409999972,178.0292554000007,178.0292554000007,178.0292554000007,178.1811697000012,space,0.1357501999991655,None,,,,,,,,,,,,,,,,,,,,,,,,,,,,,,P2887,Bar_MIC,3,1,2026-05-11_17h28.42.991,MIC_task,,2026.1.2,59.486276515657686,2026-05-11 17h28.44.439398 +0200,
,,5,5,0,,,,space,0.7204034999995201,None,3,pl03,kukorica,corn,7,plants,field,4.8,76,None,115,None,"(0, 0.1)",,,,,,,,,,,,,,,0,0,0,0,0,5,5,5,,,,,,,,,,,,,,,,,,,,,,,,,,,,,,,,,,,,,,,,,,,,,,,,,,,,,,,,,,,,,,,,,,,,,,,,,,,,,,,,,178.2404372000019,178.24556289999964,178.24695106666795,180.18313200000193,,,,,,182.1863953000029,182.20311290000245,182.20311290000245,182.93841430000248,,,,,,,,,,,,,180.20518630000151,180.21033200000238,180.21630353333654,182.1026337000003,182.1863482000008,space,0.7204034999995201,None,,,,,,,,,,,,,,,,,,,,,,P2887,Bar_MIC,3,1,2026-05-11_17h28.42.991,MIC_task,,2026.1.2,59.486276515657686,2026-05-11 17h28.44.439398 +0200,
,,0,0,0,,,,,,,3,t26,gitár,guitar,8,tools,instrument,6.4,19,None,63,None,"(0.1, 0.1)",None,,,,,,,,,,,,,,0,0,0,0,0,6,6,6,0,0,0,0,182.95317510000314,,,,,,,,,,,,,,,,,,,,,,,,,,,,,,,,,,,,,,,,,,,,,,,,,,,,,,,,,,,,,,,,,,,,,,,,,,,,,,,,,,,,,,,,,,,,,182.94243520000236,182.95317510000314,182.95317510000314,182.95317510000314,183.13856320000195,None,,,,,,,,,,,183.15361530000155,183.15361530000155,183.15361530000155,,,,,,,,,,,,,,,,,,,P2887,Bar_MIC,3,1,2026-05-11_17h28.42.991,MIC_task,,2026.1.2,59.486276515657686,2026-05-11 17h28.44.439398 +0200,
,,0,0,0,,,,,,,3,t26,gitár,guitar,8,tools,instrument,6.4,19,None,63,None,"(0.1, 0.1)",None,,,,,,,,,,,,,,0,0,0,0,0,6,6,6,0,0,0,0,183.15361530000155,,,,,,,,,,,,,,,,,,,,,,,,,,,,,,,,,,,,,,,,,,,,,,,,,,,,,,,,,,,,,,,,,,,,,,,,,,,,,,,,,,,,,,,,,,,,,183.14160059999995,183.15361530000155,183.15361530000155,183.15361530000155,183.33896269999968,None,,,,,,,,,,,183.35393340000155,183.35393340000155,183.35393340000155,,,,,,,,,,,,,,,,,,,P2887,Bar_MIC,3,1,2026-05-11_17h28.42.991,MIC_task,,2026.1.2,59.486276515657686,2026-05-11 17h28.44.439398 +0200,
,,1,0,1,,,,,,,3,t26,gitár,guitar,8,tools,instrument,6.4,19,None,63,None,"(0.1, 0.1)",None,,,,,,,,,,,,,,0,0,0,0,0,6,6,6,1,0,1,0,183.35393340000155,,,,,,,,,,,,,,,,,,,,,,,,,,,,,,,,,,,,,,,,,,,,,,,,,,,,,,,,,,,,,,,,,,,,,,,,,,,,,,,,,,,,,,,,,,,,,183.34168510000018,183.35393340000155,183.35393340000155,183.35393340000155,183.53885530000116,None,,,,,,,,,,,,,,,,,,,,,,,,,,,,,,,,P2887,Bar_MIC,3,1,2026-05-11_17h28.42.991,MIC_task,,2026.1.2,59.486276515657686,2026-05-11 17h28.44.439398 +0200,
,,2,0,2,,,,,,,3,t26,gitár,guitar,8,tools,instrument,6.4,19,None,63,None,"(0.1, 0.1)",None,,,,,,,,,,,,,,0,0,0,0,0,6,6,6,2,0,2,0,183.55439860000115,,,,,,,,,,,,,,,,,,,,,,,,,,,,,,,,,,,,,,,,,,,,,,,,,,,,,,,,,,,,,,,,,,,,,,,,,,,,,,,,,,,,,,,,,,,,,183.54176050000024,183.55439860000115,183.55439860000115,183.55439860000115,183.73927130000084,None,,,,,,,,,,,,,,,,,,,,,,,,,,,,,,,,P2887,Bar_MIC,3,1,2026-05-11_17h28.42.991,MIC_task,,2026.1.2,59.486276515657686,2026-05-11 17h28.44.439398 +0200,
,,3,0,3,,,,,,,3,t26,gitár,guitar,8,tools,instrument,6.4,19,None,63,None,"(0.1, 0.1)",None,,,,,,,,,,,,,,0,0,0,0,0,6,6,6,3,0,3,0,183.75467870000284,,,,,,,,,,,,,,,,,,,,,,,,,,,,,,,,,,,,,,,,,,,,,,,,,,,,,,,,,,,,,,,,,,,,,,,,,,,,,,,,,,,,,,,,,,,,,183.74221850000322,183.75467870000284,183.75467870000284,183.75467870000284,183.9389529,None,,,,,,,,,,,183.95508370000243,183.95508370000243,183.95508370000243,,,,,,,,,,,,,,,,,,,P2887,Bar_MIC,3,1,2026-05-11_17h28.42.991,MIC_task,,2026.1.2,59.486276515657686,2026-05-11 17h28.44.439398 +0200,
,,4,0,4,,,,,,,3,t26,gitár,guitar,8,tools,instrument,6.4,19,None,63,None,"(0.1, 0.1)",None,,,,,,,,,,,,,,0,0,0,0,0,6,6,6,4,0,4,0,183.95508370000243,,,,,,,,,,,,,,,,,,,,,,,,,,,,,,,,,,,,,,,,,,,,,,,,,,,,,,,,,,,,,,,,,,,,,,,,,,,,,,,,,,,,,,,,,,,,,183.94229910000286,183.95508370000243,183.95508370000243,183.95508370000243,184.1388438000031,None,,,,,,,,,,,,,,,,,,,,,,,,,,,,,,,,P2887,Bar_MIC,3,1,2026-05-11_17h28.42.991,MIC_task,,2026.1.2,59.486276515657686,2026-05-11 17h28.44.439398 +0200,
,,5,0,5,,,,,,,3,t26,gitár,guitar,8,tools,instrument,6.4,19,None,63,None,"(0.1, 0.1)",None,,,,,,,,,,,,,,0,0,0,0,0,6,6,6,5,0,5,0,184.1555068000016,,,,,,,,,,,,,,,,,,,,,,,,,,,,,,,,,,,,,,,,,,,,,,,,,,,,,,,,,,,,,,,,,,,,,,,,,,,,,,,,,,,,,,,,,,,,,184.14197860000058,184.1555068000016,184.1555068000016,184.1555068000016,184.3393038000031,None,,,,,,,,,,,,,,,,,,,,,,,,,,,,,,,,P2887,Bar_MIC,3,1,2026-05-11_17h28.42.991,MIC_task,,2026.1.2,59.486276515657686,2026-05-11 17h28.44.439398 +0200,
,,6,0,6,,,,,,,3,t26,gitár,guitar,8,tools,instrument,6.4,19,None,63,None,"(0.1, 0.1)",None,,,,,,,,,,,,,,0,0,0,0,0,6,6,6,6,0,6,0,184.35589940000136,,,,,,,,,,,,,,,,,,,,,,,,,,,,,,,,,,,,,,,,,,,,,,,,,,,,,,,,,,,,,,,,,,,,,,,,,,,,,,,,,,,,,,,,,,,,,184.3424597000012,184.35589940000136,184.35589940000136,184.35589940000136,184.5399877000018,None,,,,,,,,,,,,,,,,,,,,,,,,,,,,,,,,P2887,Bar_MIC,3,1,2026-05-11_17h28.42.991,MIC_task,,2026.1.2,59.486276515657686,2026-05-11 17h28.44.439398 +0200,
,,7,0,7,,,,,,,3,t26,gitár,guitar,8,tools,instrument,6.4,19,None,63,None,"(0.1, 0.1)",None,,,,,,,,,,,,,,0,0,0,0,0,6,6,6,7,0,7,0,184.5562854000018,,,,,,,,,,,,,,,,,,,,,,,,,,,,,,,,,,,,,,,,,,,,,,,,,,,,,,,,,,,,,,,,,,,,,,,,,,,,,,,,,,,,,,,,,,,,,184.54265640000085,184.5562854000018,184.5562854000018,184.5562854000018,184.7402258000002,None,,,,,,,,,,,,,,,,,,,,,,,,,,,,,,,,P2887,Bar_MIC,3,1,2026-05-11_17h28.42.991,MIC_task,,2026.1.2,59.486276515657686,2026-05-11 17h28.44.439398 +0200,
,,8,0,8,,,,,,,3,t26,gitár,guitar,8,tools,instrument,6.4,19,None,63,None,"(0.1, 0.1)",None,,,,,,,,,,,,,,0,0,0,0,0,6,6,6,8,0,8,0,184.7565899000001,,,,,,,,,,,,,,,,,,,,,,,,,,,,,,,,,,,,,,,,,,,,,,,,,,,,,,,,,,,,,,,,,,,,,,,,,,,,,,,,,,,,,,,,,,,,,184.7431596000024,184.7565899000001,184.7565899000001,184.7565899000001,184.94074150000233,None,,,,,,,,,,,,,,,,,,,,,,,,,,,,,,,,P2887,Bar_MIC,3,1,2026-05-11_17h28.42.991,MIC_task,,2026.1.2,59.486276515657686,2026-05-11 17h28.44.439398 +0200,
,,9,0,9,,,,,,,3,t26,gitár,guitar,8,tools,instrument,6.4,19,None,63,None,"(0.1, 0.1)",None,,,,,,,,,,,,,,0,0,0,0,0,6,6,6,9,0,9,0,184.95690939999986,,,,,,,,,,,,,,,,,,,,,,,,,,,,,,,,,,,,,,,,,,,,,,,,,,,,,,,,,,,,,,,,,,,,,,,,,,,,,,,,,,,,,,,,,,,,,184.94396980000238,184.95690939999986,184.95690939999986,184.95690939999986,185.1417345000009,None,,,,,,,,,,,,,,,,,,,,,,,,,,,,,,,,P2887,Bar_MIC,3,1,2026-05-11_17h28.42.991,MIC_task,,2026.1.2,59.486276515657686,2026-05-11 17h28.44.439398 +0200,
,,10,0,10,,,,,,,3,t26,gitár,guitar,8,tools,instrument,6.4,19,None,63,None,"(0.1, 0.1)",None,,,,,,,,,,,,,,0,0,0,0,0,6,6,6,10,0,10,0,185.15727530000004,,,,,,,,,,,,,,,,,,,,,,,,,,,,,,,,,,,,,,,,,,,,,,,,,,,,,,,,,,,,,,,,,,,,,,,,,,,,,,,,,,,,,,,,,,,,,185.14478760000202,185.15727530000004,185.15727530000004,185.15727530000004,185.34133819999988,None,,,,,,,,,,,,,,,,,,,,,,,,,,,,,,,,P2887,Bar_MIC,3,1,2026-05-11_17h28.42.991,MIC_task,,2026.1.2,59.486276515657686,2026-05-11 17h28.44.439398 +0200,
,,11,0,11,,,,,,,3,t26,gitár,guitar,8,tools,instrument,6.4,19,None,63,None,"(0.1, 0.1)",None,,,,,,,,,,,,,,0,0,0,0,0,6,6,6,11,0,11,0,185.35686510000232,,,,,,,,,,,,,,,,,,,,,,,,,,,,,,,,,,,,,,,,,,,,,,,,,,,,,,,,,,,,,,,,,,,,,,,,,,,,,,,,,,,,,,,,,,,,,185.34419720000005,185.35686510000232,185.35686510000232,185.35686510000232,185.54179370000202,None,,,,,,,,,,,,,,,,,,,,,,,,,,,,,,,,P2887,Bar_MIC,3,1,2026-05-11_17h28.42.991,MIC_task,,2026.1.2,59.486276515657686,2026-05-11 17h28.44.439398 +0200,
,,12,0,12,,,,,,,3,t26,gitár,guitar,8,tools,instrument,6.4,19,None,63,None,"(0.1, 0.1)",None,,,,,,,,,,,,,,0,0,0,0,0,6,6,6,12,0,12,0,185.5580630000004,,,,,,,,,,,,,,,,,,,,,,,,,,,,,,,,,,,,,,,,,,,,,,,,,,,,,,,,,,,,,,,,,,,,,,,,,,,,,,,,,,,,,,,,,,,,,185.54472130000067,185.5580630000004,185.5580630000004,185.5580630000004,185.7421712000032,None,,,,,,,,,,,,,,,,,,,,,,,,,,,,,,,,P2887,Bar_MIC,3,1,2026-05-11_17h28.42.991,MIC_task,,2026.1.2,59.486276515657686,2026-05-11 17h28.44.439398 +0200,
,,13,0,13,,,,,,,3,t26,gitár,guitar,8,tools,instrument,6.4,19,None,63,None,"(0.1, 0.1)",None,,,,,,,,,,,,,,0,0,0,0,0,6,6,6,13,0,13,0,185.7577154999999,,,,,,,,,,,,,,,,,,,,,,,,,,,,,,,,,,,,,,,,,,,,,,,,,,,,,,,,,,,,,,,,,,,,,,,,,,,,,,,,,,,,,,,,,,,,,185.74508030000288,185.7577154999999,185.7577154999999,185.7577154999999,185.94260180000128,None,,,,,,,,,,,,,,,,,,,,,,,,,,,,,,,,P2887,Bar_MIC,3,1,2026-05-11_17h28.42.991,MIC_task,,2026.1.2,59.486276515657686,2026-05-11 17h28.44.439398 +0200,
,,14,0,14,,,,,,,3,t26,gitár,guitar,8,tools,instrument,6.4,19,None,63,None,"(0.1, 0.1)",None,,,,,,,,,,,,,,0,0,0,0,0,6,6,6,14,0,14,0,185.95807630000127,,,,,,,,,,,,,,,,,,,,,,,,,,,,,,,,,,,,,,,,,,,,,,,,,,,,,,,,,,,,,,,,,,,,,,,,,,,,,,,,,,,,,,,,,,,,,185.94551219999994,185.95807630000127,185.95807630000127,185.95807630000127,186.142972200003,None,,,,,,,,,,,,,,,,,,,,,,,,,,,,,,,,P2887,Bar_MIC,3,1,2026-05-11_17h28.42.991,MIC_task,,2026.1.2,59.486276515657686,2026-05-11 17h28.44.439398 +0200,
,,15,0,15,,,,,,,3,t26,gitár,guitar,8,tools,instrument,6.4,19,None,63,None,"(0.1, 0.1)",None,,,,,,,,,,,,,,0,0,0,0,0,6,6,6,15,0,15,0,186.15844579999975,,,,,,,,,,,,,,,,,,,,,,,,,,,,,,,,,,,,,,,,,,,,,,,,,,,,,,,,,,,,,,,,,,,,,,,,,,,,,,,,,,,,,,,,,,,,,186.1459431000003,186.15844579999975,186.15844579999975,186.15844579999975,186.34219630000007,None,,,,,,,,,,,,,,,,,,,,,,,,,,,,,,,,P2887,Bar_MIC,3,1,2026-05-11_17h28.42.991,MIC_task,,2026.1.2,59.486276515657686,2026-05-11 17h28.44.439398 +0200,
,,16,0,16,,,,,,,3,t26,gitár,guitar,8,tools,instrument,6.4,19,None,63,None,"(0.1, 0.1)",None,,,,,,,,,,,,,,0,0,0,0,0,6,6,6,16,0,16,0,186.35882700000002,,,,,,,,,,,,,,,,,,,,,,,,,,,,,,,,,,,,,,,,,,,,,,,,,,,,,,,,,,,,,,,,,,,,,,,,,,,,,,,,,,,,,,,,,,,,,186.34521350000068,186.35882700000002,186.35882700000002,186.35882700000002,186.5425165000015,None,,,,,,,,,,,,,,,,,,,,,,,,,,,,,,,,P2887,Bar_MIC,3,1,2026-05-11_17h28.42.991,MIC_task,,2026.1.2,59.486276515657686,2026-05-11 17h28.44.439398 +0200,
,,17,0,17,,,,,,,3,t26,gitár,guitar,8,tools,instrument,6.4,19,None,63,None,"(0.1, 0.1)",None,,,,,,,,,,,,,,0,0,0,0,0,6,6,6,17,0,17,0,186.55915730000197,,,,,,,,,,,,,,,,,,,,,,,,,,,,,,,,,,,,,,,,,,,,,,,,,,,,,,,,,,,,,,,,,,,,,,,,,,,,,,,,,,,,,,,,,,,,,186.5459843000026,186.55915730000197,186.55915730000197,186.55915730000197,186.74315470000147,None,,,,,,,,,,,,,,,,,,,,,,,,,,,,,,,,P2887,Bar_MIC,3,1,2026-05-11_17h28.42.991,MIC_task,,2026.1.2,59.486276515657686,2026-05-11 17h28.44.439398 +0200,
,,18,0,18,,,,,,,3,t26,gitár,guitar,8,tools,instrument,6.4,19,None,63,None,"(0.1, 0.1)",None,,,,,,,,,,,,,,0,0,0,0,0,6,6,6,18,0,18,0,186.7595762000019,,,,,,,,,,,,,,,,,,,,,,,,,,,,,,,,,,,,,,,,,,,,,,,,,,,,,,,,,,,,,,,,,,,,,,,,,,,,,,,,,,,,,,,,,,,,,186.74633290000202,186.7595762000019,186.7595762000019,186.7595762000019,186.94348360000004,None,,,,,,,,,,,,,,,,,,,,,,,,,,,,,,,,P2887,Bar_MIC,3,1,2026-05-11_17h28.42.991,MIC_task,,2026.1.2,59.486276515657686,2026-05-11 17h28.44.439398 +0200,
,,19,0,19,,,,,,,3,t26,gitár,guitar,8,tools,instrument,6.4,19,None,63,None,"(0.1, 0.1)",None,,,,,,,,,,,,,,0,0,0,0,0,6,6,6,19,0,19,0,186.96001650000107,,,,,,,,,,,,,,,,,,,,,,,,,,,,,,,,,,,,,,,,,,,,,,,,,,,,,,,,,,,,,,,,,,,,,,,,,,,,,,,,,,,,,,,,,,,,,186.94662919999973,186.96001650000107,186.96001650000107,186.96001650000107,187.14389310000115,None,,,,,,,,,,,,,,,,,,,,,,,,,,,,,,,,P2887,Bar_MIC,3,1,2026-05-11_17h28.42.991,MIC_task,,2026.1.2,59.486276515657686,2026-05-11 17h28.44.439398 +0200,
,,20,0,20,,,,,,,3,t26,gitár,guitar,8,tools,instrument,6.4,19,None,63,None,"(0.1, 0.1)",None,,,,,,,,,,,,,,0,0,0,0,0,6,6,6,20,0,20,0,187.16018330000225,,,,,,,,,,,,,,,,,,,,,,,,,,,,,,,,,,,,,,,,,,,,,,,,,,,,,,,,,,,,,,,,,,,,,,,,,,,,,,,,,,,,,,,,,,,,,187.1468399000005,187.16018330000225,187.16018330000225,187.16018330000225,187.3442845000027,None,,,,,,,,,,,,,,,,,,,,,,,,,,,,,,,,P2887,Bar_MIC,3,1,2026-05-11_17h28.42.991,MIC_task,,2026.1.2,59.486276515657686,2026-05-11 17h28.44.439398 +0200,
,,21,0,21,,,,,,,3,t26,gitár,guitar,8,tools,instrument,6.4,19,None,63,None,"(0.1, 0.1)",None,,,,,,,,,,,,,,0,0,0,0,0,6,6,6,21,0,21,0,187.36066230000142,,,,,,,,,,,,,,,,,,,,,,,,,,,,,,,,,,,,,,,,,,,,,,,,,,,,,,,,,,,,,,,,,,,,,,,,,,,,,,,,,,,,,,,,,,,,,187.34746989999985,187.36066230000142,187.36066230000142,187.36066230000142,187.54446570000073,None,,,,,,,,,,,,,,,,,,,,,,,,,,,,,,,,P2887,Bar_MIC,3,1,2026-05-11_17h28.42.991,MIC_task,,2026.1.2,59.486276515657686,2026-05-11 17h28.44.439398 +0200,
,,22,0,22,,,,,,,3,t26,gitár,guitar,8,tools,instrument,6.4,19,None,63,None,"(0.1, 0.1)",None,,,,,,,,,,,,,,0,0,0,0,0,6,6,6,22,0,22,0,187.560269900001,,,,,,,,,,,,,,,,,,,,,,,,,,,,,,,,,,,,,,,,,,,,,,,,,,,,,,,,,,,,,,,,,,,,,,,,,,,,,,,,,,,,,,,,,,,,,187.54721750000317,187.560269900001,187.560269900001,187.560269900001,187.74525429999994,None,,,,,,,,,,,,,,,,,,,,,,,,,,,,,,,,P2887,Bar_MIC,3,1,2026-05-11_17h28.42.991,MIC_task,,2026.1.2,59.486276515657686,2026-05-11 17h28.44.439398 +0200,
,,23,0,23,,,,,,,3,t26,gitár,guitar,8,tools,instrument,6.4,19,None,63,None,"(0.1, 0.1)",None,,,,,,,,,,,,,,0,0,0,0,0,6,6,6,23,0,23,0,187.76062060000186,,,,,,,,,,,,,,,,,,,,,,,,,,,,,,,,,,,,,,,,,,,,,,,,,,,,,,,,,,,,,,,,,,,,,,,,,,,,,,,,,,,,,,,,,,,,,187.7483065000015,187.76062060000186,187.76062060000186,187.76062060000186,187.94557230000282,None,,,,,,,,,,,,,,,,,,,,,,,,,,,,,,,,P2887,Bar_MIC,3,1,2026-05-11_17h28.42.991,MIC_task,,2026.1.2,59.486276515657686,2026-05-11 17h28.44.439398 +0200,
,,24,0,24,,,,,,,3,t26,gitár,guitar,8,tools,instrument,6.4,19,None,63,None,"(0.1, 0.1)",None,,,,,,,,,,,,,,0,0,0,0,0,6,6,6,24,0,24,0,187.96099890000187,,,,,,,,,,,,,,,,,,,,,,,,,,,,,,,,,,,,,,,,,,,,,,,,,,,,,,,,,,,,,,,,,,,,,,,,,,,,,,,,,,,,,,,,,,,,,187.9488721000016,187.96099890000187,187.96099890000187,187.96099890000187,188.1459754000025,None,,,,,,,,,,,,,,,,,,,,,,,,,,,,,,,,P2887,Bar_MIC,3,1,2026-05-11_17h28.42.991,MIC_task,,2026.1.2,59.486276515657686,2026-05-11 17h28.44.439398 +0200,
,,25,0,25,,,,,,,3,t26,gitár,guitar,8,tools,instrument,6.4,19,None,63,None,"(0.1, 0.1)",space,0.08217240000158199,None,,,,,,,,,,,,0,0,0,0,0,6,6,6,25,0,25,0,188.1614460000019,,,,,,,,,,,,,,,,,,,,,,,,,,,,,,,,,,,,,,,,,,,,,,,,,,,,,,,,,,,,,,,,,,,,,,,,,,,,,,,,,,,,,,,,,,,,,188.14941730000282,188.1614460000019,188.1614460000019,188.1614460000019,188.24633670000185,space,0.08217240000158199,None,,,,,,,,,,,,,,,,,,,,,,,,,,,,,,P2887,Bar_MIC,3,1,2026-05-11_17h28.42.991,MIC_task,,2026.1.2,59.486276515657686,2026-05-11 17h28.44.439398 +0200,
,,6,6,0,,,,space,0.7273687000015343,None,3,t26,gitár,guitar,8,tools,instrument,6.4,19,None,63,None,"(0.1, 0.1)",,,,,,,,,,,,,,,0,0,0,0,0,6,6,6,,,,,,,,,,,,,,,,,,,,,,,,,,,,,,,,,,,,,,,,,,,,,,,,,,,,,,,,,,,,,,,,,,,,,,,,,,,,,,,,,188.30546700000195,188.31068500000038,188.31218836666912,190.24828720000005,,,,,,192.2513420000032,192.2680806999997,192.2680806999997,193.0032308000009,,,,,,,,,,,,,190.2799175,190.28468240000075,190.28145763333356,192.1841658000012,192.25129200000083,space,0.7273687000015343,None,,,,,,,,,,,,,,,,,,,,,,P2887,Bar_MIC,3,1,2026-05-11_17h28.42.991,MIC_task,,2026.1.2,59.486276515657686,2026-05-11 17h28.44.439398 +0200,
,,0,0,0,,,,,,,3,v07,hajó,ship,10,vehicles,watercraft,7,None,None,46,21,"(0, -0.1)",None,,,,,,,,,,,,,,0,0,0,0,0,7,7,7,0,0,0,0,193.0353627000004,,,,,,,,,,,,,,,,,,,,,,,,,,,,,,,,,,,,,,,,,,,,,,,,,,,,,,,,,,,,,,,,,,,,,,,,,,,,,,,,,,,,,,,,,,,,,193.03020010000182,193.0353627000004,193.0353627000004,193.0353627000004,193.21986760000073,None,,,,,,,,,,,,,,,,,,,,,,,,,,,,,,,,P2887,Bar_MIC,3,1,2026-05-11_17h28.42.991,MIC_task,,2026.1.2,59.486276515657686,2026-05-11 17h28.44.439398 +0200,
,,0,0,0,,,,,,,3,v07,hajó,ship,10,vehicles,watercraft,7,None,None,46,21,"(0, -0.1)",None,,,,,,,,,,,,,,0,0,0,0,0,7,7,7,0,0,0,0,193.23624480000217,,,,,,,,,,,,,,,,,,,,,,,,,,,,,,,,,,,,,,,,,,,,,,,,,,,,,,,,,,,,,,,,,,,,,,,,,,,,,,,,,,,,,,,,,,,,,193.22308090000297,193.23624480000217,193.23624480000217,193.23624480000217,193.40373550000004,None,,,,,,,,,,,,,,,,,,,,,,,,,,,,,,,,P2887,Bar_MIC,3,1,2026-05-11_17h28.42.991,MIC_task,,2026.1.2,59.486276515657686,2026-05-11 17h28.44.439398 +0200,
,,1,0,1,,,,,,,3,v07,hajó,ship,10,vehicles,watercraft,7,None,None,46,21,"(0, -0.1)",None,,,,,,,,,,,,,,0,0,0,0,0,7,7,7,1,0,1,0,193.41978709999967,,,,,,,,,,,,,,,,,,,,,,,,,,,,,,,,,,,,,,,,,,,,,,,,,,,,,,,,,,,,,,,,,,,,,,,,,,,,,,,,,,,,,,,,,,,,,193.40680280000015,193.41978709999967,193.41978709999967,193.41978709999967,193.60394700000325,None,,,,,,,,,,,,,,,,,,,,,,,,,,,,,,,,P2887,Bar_MIC,3,1,2026-05-11_17h28.42.991,MIC_task,,2026.1.2,59.486276515657686,2026-05-11 17h28.44.439398 +0200,
,,2,0,2,,,,,,,3,v07,hajó,ship,10,vehicles,watercraft,7,None,None,46,21,"(0, -0.1)",None,,,,,,,,,,,,,,0,0,0,0,0,7,7,7,2,0,2,0,193.6201946000001,,,,,,,,,,,,,,,,,,,,,,,,,,,,,,,,,,,,,,,,,,,,,,,,,,,,,,,,,,,,,,,,,,,,,,,,,,,,,,,,,,,,,,,,,,,,,193.60723670000152,193.6201946000001,193.6201946000001,193.6201946000001,193.8046955000027,None,,,,,,,,,,,,,,,,,,,,,,,,,,,,,,,,P2887,Bar_MIC,3,1,2026-05-11_17h28.42.991,MIC_task,,2026.1.2,59.486276515657686,2026-05-11 17h28.44.439398 +0200,
,,3,0,3,,,,,,,3,v07,hajó,ship,10,vehicles,watercraft,7,None,None,46,21,"(0, -0.1)",None,,,,,,,,,,,,,,0,0,0,0,0,7,7,7,3,0,3,0,193.82053860000087,,,,,,,,,,,,,,,,,,,,,,,,,,,,,,,,,,,,,,,,,,,,,,,,,,,,,,,,,,,,,,,,,,,,,,,,,,,,,,,,,,,,,,,,,,,,,193.8078925000009,193.82053860000087,193.82053860000087,193.82053860000087,194.0048061000016,None,,,,,,,,,,,,,,,,,,,,,,,,,,,,,,,,P2887,Bar_MIC,3,1,2026-05-11_17h28.42.991,MIC_task,,2026.1.2,59.486276515657686,2026-05-11 17h28.44.439398 +0200,
,,4,0,4,,,,,,,3,v07,hajó,ship,10,vehicles,watercraft,7,None,None,46,21,"(0, -0.1)",None,,,,,,,,,,,,,,0,0,0,0,0,7,7,7,4,0,4,0,194.02097990000038,,,,,,,,,,,,,,,,,,,,,,,,,,,,,,,,,,,,,,,,,,,,,,,,,,,,,,,,,,,,,,,,,,,,,,,,,,,,,,,,,,,,,,,,,,,,,194.00780490000034,194.02097990000038,194.02097990000038,194.02097990000038,194.20560850000038,None,,,,,,,,,,,,,,,,,,,,,,,,,,,,,,,,P2887,Bar_MIC,3,1,2026-05-11_17h28.42.991,MIC_task,,2026.1.2,59.486276515657686,2026-05-11 17h28.44.439398 +0200,
,,5,0,5,,,,,,,3,v07,hajó,ship,10,vehicles,watercraft,7,None,None,46,21,"(0, -0.1)",None,,,,,,,,,,,,,,0,0,0,0,0,7,7,7,5,0,5,0,194.22064780000073,,,,,,,,,,,,,,,,,,,,,,,,,,,,,,,,,,,,,,,,,,,,,,,,,,,,,,,,,,,,,,,,,,,,,,,,,,,,,,,,,,,,,,,,,,,,,194.20897940000214,194.22064780000073,194.22064780000073,194.22064780000073,194.40490300000238,None,,,,,,,,,,,,,,,,,,,,,,,,,,,,,,,,P2887,Bar_MIC,3,1,2026-05-11_17h28.42.991,MIC_task,,2026.1.2,59.486276515657686,2026-05-11 17h28.44.439398 +0200,
,,6,0,6,,,,,,,3,v07,hajó,ship,10,vehicles,watercraft,7,None,None,46,21,"(0, -0.1)",None,,,,,,,,,,,,,,0,0,0,0,0,7,7,7,6,0,6,0,194.42097900000226,,,,,,,,,,,,,,,,,,,,,,,,,,,,,,,,,,,,,,,,,,,,,,,,,,,,,,,,,,,,,,,,,,,,,,,,,,,,,,,,,,,,,,,,,,,,,194.40843830000085,194.42097900000226,194.42097900000226,194.42097900000226,194.60485210000115,None,,,,,,,,,,,,,,,,,,,,,,,,,,,,,,,,P2887,Bar_MIC,3,1,2026-05-11_17h28.42.991,MIC_task,,2026.1.2,59.486276515657686,2026-05-11 17h28.44.439398 +0200,
,,7,0,7,,,,,,,3,v07,hajó,ship,10,vehicles,watercraft,7,None,None,46,21,"(0, -0.1)",None,,,,,,,,,,,,,,0,0,0,0,0,7,7,7,7,0,7,0,194.62138130000312,,,,,,,,,,,,,,,,,,,,,,,,,,,,,,,,,,,,,,,,,,,,,,,,,,,,,,,,,,,,,,,,,,,,,,,,,,,,,,,,,,,,,,,,,,,,,194.607847700001,194.62138130000312,194.62138130000312,194.62138130000312,194.805124100003,None,,,,,,,,,,,,,,,,,,,,,,,,,,,,,,,,P2887,Bar_MIC,3,1,2026-05-11_17h28.42.991,MIC_task,,2026.1.2,59.486276515657686,2026-05-11 17h28.44.439398 +0200,
,,8,0,8,,,,,,,3,v07,hajó,ship,10,vehicles,watercraft,7,None,None,46,21,"(0, -0.1)",None,,,,,,,,,,,,,,0,0,0,0,0,7,7,7,8,0,8,0,194.82175290000305,,,,,,,,,,,,,,,,,,,,,,,,,,,,,,,,,,,,,,,,,,,,,,,,,,,,,,,,,,,,,,,,,,,,,,,,,,,,,,,,,,,,,,,,,,,,,194.80802170000243,194.82175290000305,194.82175290000305,194.82175290000305,195.0056050000021,None,,,,,,,,,,,,,,,,,,,,,,,,,,,,,,,,P2887,Bar_MIC,3,1,2026-05-11_17h28.42.991,MIC_task,,2026.1.2,59.486276515657686,2026-05-11 17h28.44.439398 +0200,
,,9,0,9,,,,,,,3,v07,hajó,ship,10,vehicles,watercraft,7,None,None,46,21,"(0, -0.1)",None,,,,,,,,,,,,,,0,0,0,0,0,7,7,7,9,0,9,0,195.0221143000017,,,,,,,,,,,,,,,,,,,,,,,,,,,,,,,,,,,,,,,,,,,,,,,,,,,,,,,,,,,,,,,,,,,,,,,,,,,,,,,,,,,,,,,,,,,,,195.00859200000195,195.0221143000017,195.0221143000017,195.0221143000017,195.20600520000153,None,,,,,,,,,,,,,,,,,,,,,,,,,,,,,,,,P2887,Bar_MIC,3,1,2026-05-11_17h28.42.991,MIC_task,,2026.1.2,59.486276515657686,2026-05-11 17h28.44.439398 +0200,
,,10,0,10,,,,,,,3,v07,hajó,ship,10,vehicles,watercraft,7,None,None,46,21,"(0, -0.1)",None,,,,,,,,,,,,,,0,0,0,0,0,7,7,7,10,0,10,0,195.22240600000077,,,,,,,,,,,,,,,,,,,,,,,,,,,,,,,,,,,,,,,,,,,,,,,,,,,,,,,,,,,,,,,,,,,,,,,,,,,,,,,,,,,,,,,,,,,,,195.20950070000254,195.22240600000077,195.22240600000077,195.22240600000077,195.4063636000028,None,,,,,,,,,,,,,,,,,,,,,,,,,,,,,,,,P2887,Bar_MIC,3,1,2026-05-11_17h28.42.991,MIC_task,,2026.1.2,59.486276515657686,2026-05-11 17h28.44.439398 +0200,
,,11,0,11,,,,,,,3,v07,hajó,ship,10,vehicles,watercraft,7,None,None,46,21,"(0, -0.1)",None,,,,,,,,,,,,,,0,0,0,0,0,7,7,7,11,0,11,0,195.42292700000326,,,,,,,,,,,,,,,,,,,,,,,,,,,,,,,,,,,,,,,,,,,,,,,,,,,,,,,,,,,,,,,,,,,,,,,,,,,,,,,,,,,,,,,,,,,,,195.4097494000016,195.42292700000326,195.42292700000326,195.42292700000326,195.60693770000216,None,,,,,,,,,,,,,,,,,,,,,,,,,,,,,,,,P2887,Bar_MIC,3,1,2026-05-11_17h28.42.991,MIC_task,,2026.1.2,59.486276515657686,2026-05-11 17h28.44.439398 +0200,
,,12,0,12,,,,,,,3,v07,hajó,ship,10,vehicles,watercraft,7,None,None,46,21,"(0, -0.1)",None,,,,,,,,,,,,,,0,0,0,0,0,7,7,7,12,0,12,0,195.62317800000164,,,,,,,,,,,,,,,,,,,,,,,,,,,,,,,,,,,,,,,,,,,,,,,,,,,,,,,,,,,,,,,,,,,,,,,,,,,,,,,,,,,,,,,,,,,,,195.61000120000244,195.62317800000164,195.62317800000164,195.62317800000164,195.80719490000047,None,,,,,,,,,,,,,,,,,,,,,,,,,,,,,,,,P2887,Bar_MIC,3,1,2026-05-11_17h28.42.991,MIC_task,,2026.1.2,59.486276515657686,2026-05-11 17h28.44.439398 +0200,
,,13,0,13,,,,,,,3,v07,hajó,ship,10,vehicles,watercraft,7,None,None,46,21,"(0, -0.1)",None,,,,,,,,,,,,,,0,0,0,0,0,7,7,7,13,0,13,0,195.82346170000164,,,,,,,,,,,,,,,,,,,,,,,,,,,,,,,,,,,,,,,,,,,,,,,,,,,,,,,,,,,,,,,,,,,,,,,,,,,,,,,,,,,,,,,,,,,,,195.81043760000102,195.82346170000164,195.82346170000164,195.82346170000164,196.00772169999982,None,,,,,,,,,,,,,,,,,,,,,,,,,,,,,,,,P2887,Bar_MIC,3,1,2026-05-11_17h28.42.991,MIC_task,,2026.1.2,59.486276515657686,2026-05-11 17h28.44.439398 +0200,
,,14,0,14,,,,,,,3,v07,hajó,ship,10,vehicles,watercraft,7,None,None,46,21,"(0, -0.1)",None,,,,,,,,,,,,,,0,0,0,0,0,7,7,7,14,0,14,0,196.0239926000031,,,,,,,,,,,,,,,,,,,,,,,,,,,,,,,,,,,,,,,,,,,,,,,,,,,,,,,,,,,,,,,,,,,,,,,,,,,,,,,,,,,,,,,,,,,,,196.01092190000054,196.0239926000031,196.0239926000031,196.0239926000031,196.2083319000012,None,,,,,,,,,,,,,,,,,,,,,,,,,,,,,,,,P2887,Bar_MIC,3,1,2026-05-11_17h28.42.991,MIC_task,,2026.1.2,59.486276515657686,2026-05-11 17h28.44.439398 +0200,
,,15,0,15,,,,,,,3,v07,hajó,ship,10,vehicles,watercraft,7,None,None,46,21,"(0, -0.1)",None,,,,,,,,,,,,,,0,0,0,0,0,7,7,7,15,0,15,0,196.22359169999982,,,,,,,,,,,,,,,,,,,,,,,,,,,,,,,,,,,,,,,,,,,,,,,,,,,,,,,,,,,,,,,,,,,,,,,,,,,,,,,,,,,,,,,,,,,,,196.2115709000027,196.22359169999982,196.22359169999982,196.22359169999982,196.4085894000018,None,,,,,,,,,,,,,,,,,,,,,,,,,,,,,,,,P2887,Bar_MIC,3,1,2026-05-11_17h28.42.991,MIC_task,,2026.1.2,59.486276515657686,2026-05-11 17h28.44.439398 +0200,
,,16,0,16,,,,,,,3,v07,hajó,ship,10,vehicles,watercraft,7,None,None,46,21,"(0, -0.1)",None,,,,,,,,,,,,,,0,0,0,0,0,7,7,7,16,0,16,0,196.4239714000032,,,,,,,,,,,,,,,,,,,,,,,,,,,,,,,,,,,,,,,,,,,,,,,,,,,,,,,,,,,,,,,,,,,,,,,,,,,,,,,,,,,,,,,,,,,,,196.41168540000217,196.4239714000032,196.4239714000032,196.4239714000032,196.60945300000094,None,,,,,,,,,,,,,,,,,,,,,,,,,,,,,,,,P2887,Bar_MIC,3,1,2026-05-11_17h28.42.991,MIC_task,,2026.1.2,59.486276515657686,2026-05-11 17h28.44.439398 +0200,
,,17,0,17,,,,,,,3,v07,hajó,ship,10,vehicles,watercraft,7,None,None,46,21,"(0, -0.1)",None,,,,,,,,,,,,,,0,0,0,0,0,7,7,7,17,0,17,0,196.62434940000094,,,,,,,,,,,,,,,,,,,,,,,,,,,,,,,,,,,,,,,,,,,,,,,,,,,,,,,,,,,,,,,,,,,,,,,,,,,,,,,,,,,,,,,,,,,,,196.6127312000026,196.62434940000094,196.62434940000094,196.62434940000094,196.80805950000286,None,,,,,,,,,,,,,,,,,,,,,,,,,,,,,,,,P2887,Bar_MIC,3,1,2026-05-11_17h28.42.991,MIC_task,,2026.1.2,59.486276515657686,2026-05-11 17h28.44.439398 +0200,
,,18,0,18,,,,,,,3,v07,hajó,ship,10,vehicles,watercraft,7,None,None,46,21,"(0, -0.1)",None,,,,,,,,,,,,,,0,0,0,0,0,7,7,7,18,0,18,0,196.82477020000078,,,,,,,,,,,,,,,,,,,,,,,,,,,,,,,,,,,,,,,,,,,,,,,,,,,,,,,,,,,,,,,,,,,,,,,,,,,,,,,,,,,,,,,,,,,,,196.8114994000025,196.82477020000078,196.82477020000078,196.82477020000078,197.00858940000035,None,,,,,,,,,,,,,,,,,,,,,,,,,,,,,,,,P2887,Bar_MIC,3,1,2026-05-11_17h28.42.991,MIC_task,,2026.1.2,59.486276515657686,2026-05-11 17h28.44.439398 +0200,
,,19,0,19,,,,,,,3,v07,hajó,ship,10,vehicles,watercraft,7,None,None,46,21,"(0, -0.1)",None,,,,,,,,,,,,,,0,0,0,0,0,7,7,7,19,0,19,0,197.02503550000256,,,,,,,,,,,,,,,,,,,,,,,,,,,,,,,,,,,,,,,,,,,,,,,,,,,,,,,,,,,,,,,,,,,,,,,,,,,,,,,,,,,,,,,,,,,,,197.01154450000104,197.02503550000256,197.02503550000256,197.02503550000256,197.20912520000275,None,,,,,,,,,,,,,,,,,,,,,,,,,,,,,,,,P2887,Bar_MIC,3,1,2026-05-11_17h28.42.991,MIC_task,,2026.1.2,59.486276515657686,2026-05-11 17h28.44.439398 +0200,
,,20,0,20,,,,,,,3,v07,hajó,ship,10,vehicles,watercraft,7,None,None,46,21,"(0, -0.1)",None,,,,,,,,,,,,,,0,0,0,0,0,7,7,7,20,0,20,0,197.2255249000009,,,,,,,,,,,,,,,,,,,,,,,,,,,,,,,,,,,,,,,,,,,,,,,,,,,,,,,,,,,,,,,,,,,,,,,,,,,,,,,,,,,,,,,,,,,,,197.21243510000204,197.2255249000009,197.2255249000009,197.2255249000009,197.40934410000045,None,,,,,,,,,,,,,,,,,,,,,,,,,,,,,,,,P2887,Bar_MIC,3,1,2026-05-11_17h28.42.991,MIC_task,,2026.1.2,59.486276515657686,2026-05-11 17h28.44.439398 +0200,
,,21,0,21,,,,,,,3,v07,hajó,ship,10,vehicles,watercraft,7,None,None,46,21,"(0, -0.1)",None,,,,,,,,,,,,,,0,0,0,0,0,7,7,7,21,0,21,0,197.42582380000022,,,,,,,,,,,,,,,,,,,,,,,,,,,,,,,,,,,,,,,,,,,,,,,,,,,,,,,,,,,,,,,,,,,,,,,,,,,,,,,,,,,,,,,,,,,,,197.4127944000029,197.42582380000022,197.42582380000022,197.42582380000022,197.61046080000233,None,,,,,,,,,,,,,,,,,,,,,,,,,,,,,,,,P2887,Bar_MIC,3,1,2026-05-11_17h28.42.991,MIC_task,,2026.1.2,59.486276515657686,2026-05-11 17h28.44.439398 +0200,
,,22,0,22,,,,,,,3,v07,hajó,ship,10,vehicles,watercraft,7,None,None,46,21,"(0, -0.1)",None,,,,,,,,,,,,,,0,0,0,0,0,7,7,7,22,0,22,0,197.62627010000142,,,,,,,,,,,,,,,,,,,,,,,,,,,,,,,,,,,,,,,,,,,,,,,,,,,,,,,,,,,,,,,,,,,,,,,,,,,,,,,,,,,,,,,,,,,,,197.61391730000105,197.62627010000142,197.62627010000142,197.62627010000142,197.81052140000247,None,,,,,,,,,,,,,,,,,,,,,,,,,,,,,,,,P2887,Bar_MIC,3,1,2026-05-11_17h28.42.991,MIC_task,,2026.1.2,59.486276515657686,2026-05-11 17h28.44.439398 +0200,
,,23,0,23,,,,,,,3,v07,hajó,ship,10,vehicles,watercraft,7,None,None,46,21,"(0, -0.1)",None,,,,,,,,,,,,,,0,0,0,0,0,7,7,7,23,0,23,0,197.8264827000021,,,,,,,,,,,,,,,,,,,,,,,,,,,,,,,,,,,,,,,,,,,,,,,,,,,,,,,,,,,,,,,,,,,,,,,,,,,,,,,,,,,,,,,,,,,,,197.81342640000003,197.8264827000021,197.8264827000021,197.8264827000021,198.01053460000185,None,,,,,,,,,,,,,,,,,,,,,,,,,,,,,,,,P2887,Bar_MIC,3,1,2026-05-11_17h28.42.991,MIC_task,,2026.1.2,59.486276515657686,2026-05-11 17h28.44.439398 +0200,
,,24,0,24,,,,,,,3,v07,hajó,ship,10,vehicles,watercraft,7,None,None,46,21,"(0, -0.1)",None,,,,,,,,,,,,,,0,0,0,0,0,7,7,7,24,0,24,0,198.02683980000074,,,,,,,,,,,,,,,,,,,,,,,,,,,,,,,,,,,,,,,,,,,,,,,,,,,,,,,,,,,,,,,,,,,,,,,,,,,,,,,,,,,,,,,,,,,,,198.013923100003,198.02683980000074,198.02683980000074,198.02683980000074,198.21118580000257,None,,,,,,,,,,,,,,,,,,,,,,,,,,,,,,,,P2887,Bar_MIC,3,1,2026-05-11_17h28.42.991,MIC_task,,2026.1.2,59.486276515657686,2026-05-11 17h28.44.439398 +0200,
,,25,0,25,,,,,,,3,v07,hajó,ship,10,vehicles,watercraft,7,None,None,46,21,"(0, -0.1)",None,,,,,,,,,,,,,,0,0,0,0,0,7,7,7,25,0,25,0,198.22725520000313,,,,,,,,,,,,,,,,,,,,,,,,,,,,,,,,,,,,,,,,,,,,,,,,,,,,,,,,,,,,,,,,,,,,,,,,,,,,,,,,,,,,,,,,,,,,,198.2144788000005,198.22725520000313,198.22725520000313,198.22725520000313,198.41125230000034,None,,,,,,,,,,,,,,,,,,,,,,,,,,,,,,,,P2887,Bar_MIC,3,1,2026-05-11_17h28.42.991,MIC_task,,2026.1.2,59.486276515657686,2026-05-11 17h28.44.439398 +0200,
,,26,0,26,,,,,,,3,v07,hajó,ship,10,vehicles,watercraft,7,None,None,46,21,"(0, -0.1)",None,,,,,,,,,,,,,,0,0,0,0,0,7,7,7,26,0,26,0,198.42763900000136,,,,,,,,,,,,,,,,,,,,,,,,,,,,,,,,,,,,,,,,,,,,,,,,,,,,,,,,,,,,,,,,,,,,,,,,,,,,,,,,,,,,,,,,,,,,,198.41437730000325,198.42763900000136,198.42763900000136,198.42763900000136,198.6118017000008,None,,,,,,,,,,,,,,,,,,,,,,,,,,,,,,,,P2887,Bar_MIC,3,1,2026-05-11_17h28.42.991,MIC_task,,2026.1.2,59.486276515657686,2026-05-11 17h28.44.439398 +0200,
,,27,0,27,,,,,,,3,v07,hajó,ship,10,vehicles,watercraft,7,None,None,46,21,"(0, -0.1)",None,,,,,,,,,,,,,,0,0,0,0,0,7,7,7,27,0,27,0,198.62727120000272,,,,,,,,,,,,,,,,,,,,,,,,,,,,,,,,,,,,,,,,,,,,,,,,,,,,,,,,,,,,,,,,,,,,,,,,,,,,,,,,,,,,,,,,,,,,,198.61511510000128,198.62727120000272,198.62727120000272,198.62727120000272,198.8113271000002,None,,,,,,,,,,,,,,,,,,,,,,,,,,,,,,,,P2887,Bar_MIC,3,1,2026-05-11_17h28.42.991,MIC_task,,2026.1.2,59.486276515657686,2026-05-11 17h28.44.439398 +0200,
,,28,0,28,,,,,,,3,v07,hajó,ship,10,vehicles,watercraft,7,None,None,46,21,"(0, -0.1)",None,,,,,,,,,,,,,,0,0,0,0,0,7,7,7,28,0,28,0,198.8276748999997,,,,,,,,,,,,,,,,,,,,,,,,,,,,,,,,,,,,,,,,,,,,,,,,,,,,,,,,,,,,,,,,,,,,,,,,,,,,,,,,,,,,,,,,,,,,,198.81458430000202,198.8276748999997,198.8276748999997,198.8276748999997,199.0126401000016,None,,,,,,,,,,,,,,,,,,,,,,,,,,,,,,,,P2887,Bar_MIC,3,1,2026-05-11_17h28.42.991,MIC_task,,2026.1.2,59.486276515657686,2026-05-11 17h28.44.439398 +0200,
,,29,0,29,,,,,,,3,v07,hajó,ship,10,vehicles,watercraft,7,None,None,46,21,"(0, -0.1)",None,,,,,,,,,,,,,,0,0,0,0,0,7,7,7,29,0,29,0,199.02810310000132,,,,,,,,,,,,,,,,,,,,,,,,,,,,,,,,,,,,,,,,,,,,,,,,,,,,,,,,,,,,,,,,,,,,,,,,,,,,,,,,,,,,,,,,,,,,,199.01593010000215,199.02810310000132,199.02810310000132,199.02810310000132,199.21296989999973,None,,,,,,,,,,,,,,,,,,,,,,,,,,,,,,,,P2887,Bar_MIC,3,1,2026-05-11_17h28.42.991,MIC_task,,2026.1.2,59.486276515657686,2026-05-11 17h28.44.439398 +0200,
,,30,0,30,,,,,,,3,v07,hajó,ship,10,vehicles,watercraft,7,None,None,46,21,"(0, -0.1)",None,,,,,,,,,,,,,,0,0,0,0,0,7,7,7,30,0,30,0,199.22841960000005,,,,,,,,,,,,,,,,,,,,,,,,,,,,,,,,,,,,,,,,,,,,,,,,,,,,,,,,,,,,,,,,,,,,,,,,,,,,,,,,,,,,,,,,,,,,,199.21627010000157,199.22841960000005,199.22841960000005,199.22841960000005,199.41250010000294,None,,,,,,,,,,,,,,,,,,,,,,,,,,,,,,,,P2887,Bar_MIC,3,1,2026-05-11_17h28.42.991,MIC_task,,2026.1.2,59.486276515657686,2026-05-11 17h28.44.439398 +0200,
,,31,0,31,,,,,,,3,v07,hajó,ship,10,vehicles,watercraft,7,None,None,46,21,"(0, -0.1)",None,,,,,,,,,,,,,,0,0,0,0,0,7,7,7,31,0,31,0,199.42878270000074,,,,,,,,,,,,,,,,,,,,,,,,,,,,,,,,,,,,,,,,,,,,,,,,,,,,,,,,,,,,,,,,,,,,,,,,,,,,,,,,,,,,,,,,,,,,,199.4157976000024,199.42878270000074,199.42878270000074,199.42878270000074,199.61294770000313,None,,,,,,,,,,,,,,,,,,,,,,,,,,,,,,,,P2887,Bar_MIC,3,1,2026-05-11_17h28.42.991,MIC_task,,2026.1.2,59.486276515657686,2026-05-11 17h28.44.439398 +0200,
,,32,0,32,,,,,,,3,v07,hajó,ship,10,vehicles,watercraft,7,None,None,46,21,"(0, -0.1)",space,0.046517600003426196,None,,,,,,,,,,,,0,0,0,0,0,7,7,7,32,0,32,0,199.62916770000083,,,,,,,,,,,,,,,,,,,,,,,,,,,,,,,,,,,,,,,,,,,,,,,,,,,,,,,,,,,,,,,,,,,,,,,,,,,,,,,,,,,,,,,,,,,,,199.61602830000265,199.62916770000083,199.62916770000083,199.62916770000083,199.68039750000025,space,0.046517600003426196,None,,,,,,,,,,,,,,,,,,,,,,,,,,,,,,P2887,Bar_MIC,3,1,2026-05-11_17h28.42.991,MIC_task,,2026.1.2,59.486276515657686,2026-05-11 17h28.44.439398 +0200,
,,7,7,0,,,,space,0.6278542000000016,None,3,v07,hajó,ship,10,vehicles,watercraft,7,None,None,46,21,"(0, -0.1)",,,,,,,,,,,,,,,0,0,0,0,0,7,7,7,,,,,,,,,,,,,,,,,,,,,,,,,,,,,,,,,,,,,,,,,,,,,,,,,,,,,,,,,,,,,,,,,,,,,,,,,,,,,,,,,199.7415985000007,199.74736219999977,199.74606866666826,201.68259300000136,,,,,,203.68602690000262,203.7034132000008,203.7034132000008,204.33700350000072,,,,,,,,,,,,,201.70815690000018,201.71449190000203,201.71580633333411,203.60296759999983,203.68597030000092,space,0.6278542000000016,None,,,,,,,,,,,,,,,,,,,,,,P2887,Bar_MIC,3,1,2026-05-11_17h28.42.991,MIC_task,,2026.1.2,59.486276515657686,2026-05-11 17h28.44.439398 +0200,
,,0,0,0,,,,,,,3,l05,medence,pool,5,location,facilities,6.6,145,None,61,None,"(-0.1, 0.1)",None,,,,,,,,,,,,,,0,0,0,0,0,8,8,8,0,0,0,0,204.36171640000248,,,,,,,,,,,,,,,,,,,,,,,,,,,,,,,,,,,,,,,,,,,,,,,,,,,,,,,,,,,,,,,,,,,,,,,,,,,,,,,,,,,,,,,,,,,,,204.35685139999987,204.36171640000248,204.36171640000248,204.36171640000248,204.53764890000093,None,,,,,,,,,,,,,,,,,,,,,,,,,,,,,,,,P2887,Bar_MIC,3,1,2026-05-11_17h28.42.991,MIC_task,,2026.1.2,59.486276515657686,2026-05-11 17h28.44.439398 +0200,
,,0,0,0,,,,,,,3,l05,medence,pool,5,location,facilities,6.6,145,None,61,None,"(-0.1, 0.1)",None,,,,,,,,,,,,,,0,0,0,0,0,8,8,8,0,0,0,0,204.55317090000244,,,,,,,,,,,,,,,,,,,,,,,,,,,,,,,,,,,,,,,,,,,,,,,,,,,,,,,,,,,,,,,,,,,,,,,,,,,,,,,,,,,,,,,,,,,,,204.54072150000138,204.55317090000244,204.55317090000244,204.55317090000244,204.73800980000306,None,,,,,,,,,,,,,,,,,,,,,,,,,,,,,,,,P2887,Bar_MIC,3,1,2026-05-11_17h28.42.991,MIC_task,,2026.1.2,59.486276515657686,2026-05-11 17h28.44.439398 +0200,
,,1,0,1,,,,,,,3,l05,medence,pool,5,location,facilities,6.6,145,None,61,None,"(-0.1, 0.1)",None,,,,,,,,,,,,,,0,0,0,0,0,8,8,8,1,0,1,0,204.7535194000011,,,,,,,,,,,,,,,,,,,,,,,,,,,,,,,,,,,,,,,,,,,,,,,,,,,,,,,,,,,,,,,,,,,,,,,,,,,,,,,,,,,,,,,,,,,,,204.74141870000312,204.7535194000011,204.7535194000011,204.7535194000011,204.93727790000048,None,,,,,,,,,,,,,,,,,,,,,,,,,,,,,,,,P2887,Bar_MIC,3,1,2026-05-11_17h28.42.991,MIC_task,,2026.1.2,59.486276515657686,2026-05-11 17h28.44.439398 +0200,
,,2,0,2,,,,,,,3,l05,medence,pool,5,location,facilities,6.6,145,None,61,None,"(-0.1, 0.1)",None,,,,,,,,,,,,,,0,0,0,0,0,8,8,8,2,0,2,0,204.9539076000001,,,,,,,,,,,,,,,,,,,,,,,,,,,,,,,,,,,,,,,,,,,,,,,,,,,,,,,,,,,,,,,,,,,,,,,,,,,,,,,,,,,,,,,,,,,,,204.94038490000094,204.9539076000001,204.9539076000001,204.9539076000001,205.1379001000023,None,,,,,,,,,,,,,,,,,,,,,,,,,,,,,,,,P2887,Bar_MIC,3,1,2026-05-11_17h28.42.991,MIC_task,,2026.1.2,59.486276515657686,2026-05-11 17h28.44.439398 +0200,
,,3,0,3,,,,,,,3,l05,medence,pool,5,location,facilities,6.6,145,None,61,None,"(-0.1, 0.1)",None,,,,,,,,,,,,,,0,0,0,0,0,8,8,8,3,0,3,0,205.15428030000112,,,,,,,,,,,,,,,,,,,,,,,,,,,,,,,,,,,,,,,,,,,,,,,,,,,,,,,,,,,,,,,,,,,,,,,,,,,,,,,,,,,,,,,,,,,,,205.14137610000034,205.15428030000112,205.15428030000112,205.15428030000112,205.33812380000018,None,,,,,,,,,,,,,,,,,,,,,,,,,,,,,,,,P2887,Bar_MIC,3,1,2026-05-11_17h28.42.991,MIC_task,,2026.1.2,59.486276515657686,2026-05-11 17h28.44.439398 +0200,
,,4,0,4,,,,,,,3,l05,medence,pool,5,location,facilities,6.6,145,None,61,None,"(-0.1, 0.1)",None,,,,,,,,,,,,,,0,0,0,0,0,8,8,8,4,0,4,0,205.35459620000256,,,,,,,,,,,,,,,,,,,,,,,,,,,,,,,,,,,,,,,,,,,,,,,,,,,,,,,,,,,,,,,,,,,,,,,,,,,,,,,,,,,,,,,,,,,,,205.34111880000273,205.35459620000256,205.35459620000256,205.35459620000256,205.53877960000318,None,,,,,,,,,,,,,,,,,,,,,,,,,,,,,,,,P2887,Bar_MIC,3,1,2026-05-11_17h28.42.991,MIC_task,,2026.1.2,59.486276515657686,2026-05-11 17h28.44.439398 +0200,
,,5,0,5,,,,,,,3,l05,medence,pool,5,location,facilities,6.6,145,None,61,None,"(-0.1, 0.1)",None,,,,,,,,,,,,,,0,0,0,0,0,8,8,8,5,0,5,0,205.55499540000164,,,,,,,,,,,,,,,,,,,,,,,,,,,,,,,,,,,,,,,,,,,,,,,,,,,,,,,,,,,,,,,,,,,,,,,,,,,,,,,,,,,,,,,,,,,,,205.54178550000142,205.55499540000164,205.55499540000164,205.55499540000164,205.73938120000093,None,,,,,,,,,,,,,,,,,,,,,,,,,,,,,,,,P2887,Bar_MIC,3,1,2026-05-11_17h28.42.991,MIC_task,,2026.1.2,59.486276515657686,2026-05-11 17h28.44.439398 +0200,
,,6,0,6,,,,,,,3,l05,medence,pool,5,location,facilities,6.6,145,None,61,None,"(-0.1, 0.1)",None,,,,,,,,,,,,,,0,0,0,0,0,8,8,8,6,0,6,0,205.7553586000031,,,,,,,,,,,,,,,,,,,,,,,,,,,,,,,,,,,,,,,,,,,,,,,,,,,,,,,,,,,,,,,,,,,,,,,,,,,,,,,,,,,,,,,,,,,,,205.7426914000025,205.7553586000031,205.7553586000031,205.7553586000031,205.9399336000024,None,,,,,,,,,,,,,,,,,,,,,,,,,,,,,,,,P2887,Bar_MIC,3,1,2026-05-11_17h28.42.991,MIC_task,,2026.1.2,59.486276515657686,2026-05-11 17h28.44.439398 +0200,
,,7,0,7,,,,,,,3,l05,medence,pool,5,location,facilities,6.6,145,None,61,None,"(-0.1, 0.1)",None,,,,,,,,,,,,,,0,0,0,0,0,8,8,8,7,0,7,0,205.95572410000023,,,,,,,,,,,,,,,,,,,,,,,,,,,,,,,,,,,,,,,,,,,,,,,,,,,,,,,,,,,,,,,,,,,,,,,,,,,,,,,,,,,,,,,,,,,,,205.9429267000014,205.95572410000023,205.95572410000023,205.95572410000023,206.1398119000005,None,,,,,,,,,,,,,,,,,,,,,,,,,,,,,,,,P2887,Bar_MIC,3,1,2026-05-11_17h28.42.991,MIC_task,,2026.1.2,59.486276515657686,2026-05-11 17h28.44.439398 +0200,
,,8,0,8,,,,,,,3,l05,medence,pool,5,location,facilities,6.6,145,None,61,None,"(-0.1, 0.1)",None,,,,,,,,,,,,,,0,0,0,0,0,8,8,8,8,0,8,0,206.15601700000116,,,,,,,,,,,,,,,,,,,,,,,,,,,,,,,,,,,,,,,,,,,,,,,,,,,,,,,,,,,,,,,,,,,,,,,,,,,,,,,,,,,,,,,,,,,,,206.14291109999976,206.15601700000116,206.15601700000116,206.15601700000116,206.34030610000264,None,,,,,,,,,,,,,,,,,,,,,,,,,,,,,,,,P2887,Bar_MIC,3,1,2026-05-11_17h28.42.991,MIC_task,,2026.1.2,59.486276515657686,2026-05-11 17h28.44.439398 +0200,
,,9,0,9,,,,,,,3,l05,medence,pool,5,location,facilities,6.6,145,None,61,None,"(-0.1, 0.1)",None,,,,,,,,,,,,,,0,0,0,0,0,8,8,8,9,0,9,0,206.3564718000016,,,,,,,,,,,,,,,,,,,,,,,,,,,,,,,,,,,,,,,,,,,,,,,,,,,,,,,,,,,,,,,,,,,,,,,,,,,,,,,,,,,,,,,,,,,,,206.3438094000012,206.3564718000016,206.3564718000016,206.3564718000016,206.54068310000002,None,,,,,,,,,,,,,,,,,,,,,,,,,,,,,,,,P2887,Bar_MIC,3,1,2026-05-11_17h28.42.991,MIC_task,,2026.1.2,59.486276515657686,2026-05-11 17h28.44.439398 +0200,
,,10,0,10,,,,,,,3,l05,medence,pool,5,location,facilities,6.6,145,None,61,None,"(-0.1, 0.1)",None,,,,,,,,,,,,,,0,0,0,0,0,8,8,8,10,0,10,0,206.5561873000006,,,,,,,,,,,,,,,,,,,,,,,,,,,,,,,,,,,,,,,,,,,,,,,,,,,,,,,,,,,,,,,,,,,,,,,,,,,,,,,,,,,,,,,,,,,,,206.54402400000254,206.5561873000006,206.5561873000006,206.5561873000006,206.73985160000302,None,,,,,,,,,,,,,,,,,,,,,,,,,,,,,,,,P2887,Bar_MIC,3,1,2026-05-11_17h28.42.991,MIC_task,,2026.1.2,59.486276515657686,2026-05-11 17h28.44.439398 +0200,
,,11,0,11,,,,,,,3,l05,medence,pool,5,location,facilities,6.6,145,None,61,None,"(-0.1, 0.1)",None,,,,,,,,,,,,,,0,0,0,0,0,8,8,8,11,0,11,0,206.75658070000281,,,,,,,,,,,,,,,,,,,,,,,,,,,,,,,,,,,,,,,,,,,,,,,,,,,,,,,,,,,,,,,,,,,,,,,,,,,,,,,,,,,,,,,,,,,,,206.74348720000125,206.75658070000281,206.75658070000281,206.75658070000281,206.9415876000021,None,,,,,,,,,,,,,,,,,,,,,,,,,,,,,,,,P2887,Bar_MIC,3,1,2026-05-11_17h28.42.991,MIC_task,,2026.1.2,59.486276515657686,2026-05-11 17h28.44.439398 +0200,
,,12,0,12,,,,,,,3,l05,medence,pool,5,location,facilities,6.6,145,None,61,None,"(-0.1, 0.1)",None,,,,,,,,,,,,,,0,0,0,0,0,8,8,8,12,0,12,0,206.95689120000316,,,,,,,,,,,,,,,,,,,,,,,,,,,,,,,,,,,,,,,,,,,,,,,,,,,,,,,,,,,,,,,,,,,,,,,,,,,,,,,,,,,,,,,,,,,,,206.94463560000077,206.95689120000316,206.95689120000316,206.95689120000316,207.14080920000197,None,,,,,,,,,,,,,,,,,,,,,,,,,,,,,,,,P2887,Bar_MIC,3,1,2026-05-11_17h28.42.991,MIC_task,,2026.1.2,59.486276515657686,2026-05-11 17h28.44.439398 +0200,
,,13,0,13,,,,,,,3,l05,medence,pool,5,location,facilities,6.6,145,None,61,None,"(-0.1, 0.1)",None,,,,,,,,,,,,,,0,0,0,0,0,8,8,8,13,0,13,0,207.15723080000316,,,,,,,,,,,,,,,,,,,,,,,,,,,,,,,,,,,,,,,,,,,,,,,,,,,,,,,,,,,,,,,,,,,,,,,,,,,,,,,,,,,,,,,,,,,,,207.14381030000004,207.15723080000316,207.15723080000316,207.15723080000316,207.34121109999978,None,,,,,,,,,,,,,,,,,,,,,,,,,,,,,,,,P2887,Bar_MIC,3,1,2026-05-11_17h28.42.991,MIC_task,,2026.1.2,59.486276515657686,2026-05-11 17h28.44.439398 +0200,
,,14,0,14,,,,,,,3,l05,medence,pool,5,location,facilities,6.6,145,None,61,None,"(-0.1, 0.1)",None,,,,,,,,,,,,,,0,0,0,0,0,8,8,8,14,0,14,0,207.35761480000292,,,,,,,,,,,,,,,,,,,,,,,,,,,,,,,,,,,,,,,,,,,,,,,,,,,,,,,,,,,,,,,,,,,,,,,,,,,,,,,,,,,,,,,,,,,,,207.34427080000023,207.35761480000292,207.35761480000292,207.35761480000292,207.54199060000246,None,,,,,,,,,,,,,,,,,,,,,,,,,,,,,,,,P2887,Bar_MIC,3,1,2026-05-11_17h28.42.991,MIC_task,,2026.1.2,59.486276515657686,2026-05-11 17h28.44.439398 +0200,
,,15,0,15,,,,,,,3,l05,medence,pool,5,location,facilities,6.6,145,None,61,None,"(-0.1, 0.1)",None,,,,,,,,,,,,,,0,0,0,0,0,8,8,8,15,0,15,0,207.55792360000123,,,,,,,,,,,,,,,,,,,,,,,,,,,,,,,,,,,,,,,,,,,,,,,,,,,,,,,,,,,,,,,,,,,,,,,,,,,,,,,,,,,,,,,,,,,,,207.54565520000324,207.55792360000123,207.55792360000123,207.55792360000123,207.74175070000274,None,,,,,,,,,,,,,,,,,,,,,,,,,,,,,,,,P2887,Bar_MIC,3,1,2026-05-11_17h28.42.991,MIC_task,,2026.1.2,59.486276515657686,2026-05-11 17h28.44.439398 +0200,
,,16,0,16,,,,,,,3,l05,medence,pool,5,location,facilities,6.6,145,None,61,None,"(-0.1, 0.1)",None,,,,,,,,,,,,,,0,0,0,0,0,8,8,8,16,0,16,0,207.758307600001,,,,,,,,,,,,,,,,,,,,,,,,,,,,,,,,,,,,,,,,,,,,,,,,,,,,,,,,,,,,,,,,,,,,,,,,,,,,,,,,,,,,,,,,,,,,,207.74519650000002,207.758307600001,207.758307600001,207.758307600001,207.94245680000313,None,,,,,,,,,,,,,,,,,,,,,,,,,,,,,,,,P2887,Bar_MIC,3,1,2026-05-11_17h28.42.991,MIC_task,,2026.1.2,59.486276515657686,2026-05-11 17h28.44.439398 +0200,
,,17,0,17,,,,,,,3,l05,medence,pool,5,location,facilities,6.6,145,None,61,None,"(-0.1, 0.1)",None,,,,,,,,,,,,,,0,0,0,0,0,8,8,8,17,0,17,0,207.95870750000176,,,,,,,,,,,,,,,,,,,,,,,,,,,,,,,,,,,,,,,,,,,,,,,,,,,,,,,,,,,,,,,,,,,,,,,,,,,,,,,,,,,,,,,,,,,,,207.94550880000315,207.95870750000176,207.95870750000176,207.95870750000176,208.14278000000195,None,,,,,,,,,,,,,,,,,,,,,,,,,,,,,,,,P2887,Bar_MIC,3,1,2026-05-11_17h28.42.991,MIC_task,,2026.1.2,59.486276515657686,2026-05-11 17h28.44.439398 +0200,
,,18,0,18,,,,,,,3,l05,medence,pool,5,location,facilities,6.6,145,None,61,None,"(-0.1, 0.1)",None,,,,,,,,,,,,,,0,0,0,0,0,8,8,8,18,0,18,0,208.15832200000295,,,,,,,,,,,,,,,,,,,,,,,,,,,,,,,,,,,,,,,,,,,,,,,,,,,,,,,,,,,,,,,,,,,,,,,,,,,,,,,,,,,,,,,,,,,,,208.14606730000014,208.15832200000295,208.15832200000295,208.15832200000295,208.34282130000065,None,,,,,,,,,,,,,,,,,,,,,,,,,,,,,,,,P2887,Bar_MIC,3,1,2026-05-11_17h28.42.991,MIC_task,,2026.1.2,59.486276515657686,2026-05-11 17h28.44.439398 +0200,
,,19,0,19,,,,,,,3,l05,medence,pool,5,location,facilities,6.6,145,None,61,None,"(-0.1, 0.1)",None,,,,,,,,,,,,,,0,0,0,0,0,8,8,8,19,0,19,0,208.35951120000027,,,,,,,,,,,,,,,,,,,,,,,,,,,,,,,,,,,,,,,,,,,,,,,,,,,,,,,,,,,,,,,,,,,,,,,,,,,,,,,,,,,,,,,,,,,,,208.3462802000031,208.35951120000027,208.35951120000027,208.35951120000027,208.54390630000125,None,,,,,,,,,,,,,,,,,,,,,,,,,,,,,,,,P2887,Bar_MIC,3,1,2026-05-11_17h28.42.991,MIC_task,,2026.1.2,59.486276515657686,2026-05-11 17h28.44.439398 +0200,
,,20,0,20,,,,,,,3,l05,medence,pool,5,location,facilities,6.6,145,None,61,None,"(-0.1, 0.1)",None,,,,,,,,,,,,,,0,0,0,0,0,8,8,8,20,0,20,0,208.55912570000146,,,,,,,,,,,,,,,,,,,,,,,,,,,,,,,,,,,,,,,,,,,,,,,,,,,,,,,,,,,,,,,,,,,,,,,,,,,,,,,,,,,,,,,,,,,,,208.5473275000004,208.55912570000146,208.55912570000146,208.55912570000146,208.74407310000242,None,,,,,,,,,,,,,,,,,,,,,,,,,,,,,,,,P2887,Bar_MIC,3,1,2026-05-11_17h28.42.991,MIC_task,,2026.1.2,59.486276515657686,2026-05-11 17h28.44.439398 +0200,
,,21,0,21,,,,,,,3,l05,medence,pool,5,location,facilities,6.6,145,None,61,None,"(-0.1, 0.1)",None,,,,,,,,,,,,,,0,0,0,0,0,8,8,8,21,0,21,0,208.7595061000029,,,,,,,,,,,,,,,,,,,,,,,,,,,,,,,,,,,,,,,,,,,,,,,,,,,,,,,,,,,,,,,,,,,,,,,,,,,,,,,,,,,,,,,,,,,,,208.74711700000262,208.7595061000029,208.7595061000029,208.7595061000029,208.94433520000166,None,,,,,,,,,,,,,,,,,,,,,,,,,,,,,,,,P2887,Bar_MIC,3,1,2026-05-11_17h28.42.991,MIC_task,,2026.1.2,59.486276515657686,2026-05-11 17h28.44.439398 +0200,
,,22,0,22,,,,,,,3,l05,medence,pool,5,location,facilities,6.6,145,None,61,None,"(-0.1, 0.1)",None,,,,,,,,,,,,,,0,0,0,0,0,8,8,8,22,0,22,0,208.95984030000182,,,,,,,,,,,,,,,,,,,,,,,,,,,,,,,,,,,,,,,,,,,,,,,,,,,,,,,,,,,,,,,,,,,,,,,,,,,,,,,,,,,,,,,,,,,,,208.9474098999999,208.95984030000182,208.95984030000182,208.95984030000182,209.1447874000005,None,,,,,,,,,,,,,,,,,,,,,,,,,,,,,,,,P2887,Bar_MIC,3,1,2026-05-11_17h28.42.991,MIC_task,,2026.1.2,59.486276515657686,2026-05-11 17h28.44.439398 +0200,
,,23,0,23,,,,,,,3,l05,medence,pool,5,location,facilities,6.6,145,None,61,None,"(-0.1, 0.1)",None,,,,,,,,,,,,,,0,0,0,0,0,8,8,8,23,0,23,0,209.16022800000064,,,,,,,,,,,,,,,,,,,,,,,,,,,,,,,,,,,,,,,,,,,,,,,,,,,,,,,,,,,,,,,,,,,,,,,,,,,,,,,,,,,,,,,,,,,,,209.14833120000185,209.16022800000064,209.16022800000064,209.16022800000064,209.34409779999987,None,,,,,,,,,,,,,,,,,,,,,,,,,,,,,,,,P2887,Bar_MIC,3,1,2026-05-11_17h28.42.991,MIC_task,,2026.1.2,59.486276515657686,2026-05-11 17h28.44.439398 +0200,
,,24,0,24,,,,,,,3,l05,medence,pool,5,location,facilities,6.6,145,None,61,None,"(-0.1, 0.1)",None,,,,,,,,,,,,,,0,0,0,0,0,8,8,8,24,0,24,0,209.360598700001,,,,,,,,,,,,,,,,,,,,,,,,,,,,,,,,,,,,,,,,,,,,,,,,,,,,,,,,,,,,,,,,,,,,,,,,,,,,,,,,,,,,,,,,,,,,,209.34716330000083,209.360598700001,209.360598700001,209.360598700001,209.54490250000163,None,,,,,,,,,,,,,,,,,,,,,,,,,,,,,,,,P2887,Bar_MIC,3,1,2026-05-11_17h28.42.991,MIC_task,,2026.1.2,59.486276515657686,2026-05-11 17h28.44.439398 +0200,
,,25,0,25,,,,,,,3,l05,medence,pool,5,location,facilities,6.6,145,None,61,None,"(-0.1, 0.1)",None,,,,,,,,,,,,,,0,0,0,0,0,8,8,8,25,0,25,0,209.5610011000026,,,,,,,,,,,,,,,,,,,,,,,,,,,,,,,,,,,,,,,,,,,,,,,,,,,,,,,,,,,,,,,,,,,,,,,,,,,,,,,,,,,,,,,,,,,,,209.54804920000242,209.5610011000026,209.5610011000026,209.5610011000026,209.74509740000212,None,,,,,,,,,,,,,,,,,,,,,,,,,,,,,,,,P2887,Bar_MIC,3,1,2026-05-11_17h28.42.991,MIC_task,,2026.1.2,59.486276515657686,2026-05-11 17h28.44.439398 +0200,
,,26,0,26,,,,,,,3,l05,medence,pool,5,location,facilities,6.6,145,None,61,None,"(-0.1, 0.1)",None,,,,,,,,,,,,,,0,0,0,0,0,8,8,8,26,0,26,0,209.76135960000101,,,,,,,,,,,,,,,,,,,,,,,,,,,,,,,,,,,,,,,,,,,,,,,,,,,,,,,,,,,,,,,,,,,,,,,,,,,,,,,,,,,,,,,,,,,,,209.74822760000097,209.76135960000101,209.76135960000101,209.76135960000101,209.94550080000045,None,,,,,,,,,,,,,,,,,,,,,,,,,,,,,,,,P2887,Bar_MIC,3,1,2026-05-11_17h28.42.991,MIC_task,,2026.1.2,59.486276515657686,2026-05-11 17h28.44.439398 +0200,
,,27,0,27,,,,,,,3,l05,medence,pool,5,location,facilities,6.6,145,None,61,None,"(-0.1, 0.1)",None,,,,,,,,,,,,,,0,0,0,0,0,8,8,8,27,0,27,0,209.96170150000034,,,,,,,,,,,,,,,,,,,,,,,,,,,,,,,,,,,,,,,,,,,,,,,,,,,,,,,,,,,,,,,,,,,,,,,,,,,,,,,,,,,,,,,,,,,,,209.94855820000157,209.96170150000034,209.96170150000034,209.96170150000034,210.14607190000243,None,,,,,,,,,,,,,,,,,,,,,,,,,,,,,,,,P2887,Bar_MIC,3,1,2026-05-11_17h28.42.991,MIC_task,,2026.1.2,59.486276515657686,2026-05-11 17h28.44.439398 +0200,
,,28,0,28,,,,,,,3,l05,medence,pool,5,location,facilities,6.6,145,None,61,None,"(-0.1, 0.1)",None,,,,,,,,,,,,,,0,0,0,0,0,8,8,8,28,0,28,0,210.1619630000023,,,,,,,,,,,,,,,,,,,,,,,,,,,,,,,,,,,,,,,,,,,,,,,,,,,,,,,,,,,,,,,,,,,,,,,,,,,,,,,,,,,,,,,,,,,,,210.1494464000025,210.1619630000023,210.1619630000023,210.1619630000023,210.34618300000147,None,,,,,,,,,,,,,,,,,,,,,,,,,,,,,,,,P2887,Bar_MIC,3,1,2026-05-11_17h28.42.991,MIC_task,,2026.1.2,59.486276515657686,2026-05-11 17h28.44.439398 +0200,
,,29,0,29,,,,,,,3,l05,medence,pool,5,location,facilities,6.6,145,None,61,None,"(-0.1, 0.1)",None,,,,,,,,,,,,,,0,0,0,0,0,8,8,8,29,0,29,0,210.36233370000264,,,,,,,,,,,,,,,,,,,,,,,,,,,,,,,,,,,,,,,,,,,,,,,,,,,,,,,,,,,,,,,,,,,,,,,,,,,,,,,,,,,,,,,,,,,,,210.3496436000023,210.36233370000264,210.36233370000264,210.36233370000264,210.546875,None,,,,,,,,,,,,,,,,,,,,,,,,,,,,,,,,P2887,Bar_MIC,3,1,2026-05-11_17h28.42.991,MIC_task,,2026.1.2,59.486276515657686,2026-05-11 17h28.44.439398 +0200,
,,30,0,30,,,,,,,3,l05,medence,pool,5,location,facilities,6.6,145,None,61,None,"(-0.1, 0.1)",None,,,,,,,,,,,,,,0,0,0,0,0,8,8,8,30,0,30,0,210.56284190000224,,,,,,,,,,,,,,,,,,,,,,,,,,,,,,,,,,,,,,,,,,,,,,,,,,,,,,,,,,,,,,,,,,,,,,,,,,,,,,,,,,,,,,,,,,,,,210.55001260000063,210.56284190000224,210.56284190000224,210.56284190000224,210.74691440000242,None,,,,,,,,,,,,,,,,,,,,,,,,,,,,,,,,P2887,Bar_MIC,3,1,2026-05-11_17h28.42.991,MIC_task,,2026.1.2,59.486276515657686,2026-05-11 17h28.44.439398 +0200,
,,31,0,31,,,,,,,3,l05,medence,pool,5,location,facilities,6.6,145,None,61,None,"(-0.1, 0.1)",None,,,,,,,,,,,,,,0,0,0,0,0,8,8,8,31,0,31,0,210.76316910000241,,,,,,,,,,,,,,,,,,,,,,,,,,,,,,,,,,,,,,,,,,,,,,,,,,,,,,,,,,,,,,,,,,,,,,,,,,,,,,,,,,,,,,,,,,,,,210.7501547000029,210.76316910000241,210.76316910000241,210.76316910000241,210.9478040000031,None,,,,,,,,,,,,,,,,,,,,,,,,,,,,,,,,P2887,Bar_MIC,3,1,2026-05-11_17h28.42.991,MIC_task,,2026.1.2,59.486276515657686,2026-05-11 17h28.44.439398 +0200,
,,32,0,32,,,,,,,3,l05,medence,pool,5,location,facilities,6.6,145,None,61,None,"(-0.1, 0.1)",None,,,,,,,,,,,,,,0,0,0,0,0,8,8,8,32,0,32,0,210.9627950000031,,,,,,,,,,,,,,,,,,,,,,,,,,,,,,,,,,,,,,,,,,,,,,,,,,,,,,,,,,,,,,,,,,,,,,,,,,,,,,,,,,,,,,,,,,,,,210.95126140000139,210.9627950000031,210.9627950000031,210.9627950000031,211.1477715000001,None,,,,,,,,,,,,,,,,,,,,,,,,,,,,,,,,P2887,Bar_MIC,3,1,2026-05-11_17h28.42.991,MIC_task,,2026.1.2,59.486276515657686,2026-05-11 17h28.44.439398 +0200,
,,33,0,33,,,,,,,3,l05,medence,pool,5,location,facilities,6.6,145,None,61,None,"(-0.1, 0.1)",None,,,,,,,,,,,,,,0,0,0,0,0,8,8,8,33,0,33,0,211.16323750000083,,,,,,,,,,,,,,,,,,,,,,,,,,,,,,,,,,,,,,,,,,,,,,,,,,,,,,,,,,,,,,,,,,,,,,,,,,,,,,,,,,,,,,,,,,,,,211.1511840000021,211.16323750000083,211.16323750000083,211.16323750000083,211.34745060000205,None,,,,,,,,,,,,,,,,,,,,,,,,,,,,,,,,P2887,Bar_MIC,3,1,2026-05-11_17h28.42.991,MIC_task,,2026.1.2,59.486276515657686,2026-05-11 17h28.44.439398 +0200,
,,34,0,34,,,,,,,3,l05,medence,pool,5,location,facilities,6.6,145,None,61,None,"(-0.1, 0.1)",None,,,,,,,,,,,,,,0,0,0,0,0,8,8,8,34,0,34,0,211.36359650000304,,,,,,,,,,,,,,,,,,,,,,,,,,,,,,,,,,,,,,,,,,,,,,,,,,,,,,,,,,,,,,,,,,,,,,,,,,,,,,,,,,,,,,,,,,,,,211.35114870000325,211.36359650000304,211.36359650000304,211.36359650000304,211.54784530000325,None,,,,,,,,,,,,,,,,,,,,,,,,,,,,,,,,P2887,Bar_MIC,3,1,2026-05-11_17h28.42.991,MIC_task,,2026.1.2,59.486276515657686,2026-05-11 17h28.44.439398 +0200,
,,35,0,35,,,,,,,3,l05,medence,pool,5,location,facilities,6.6,145,None,61,None,"(-0.1, 0.1)",None,,,,,,,,,,,,,,0,0,0,0,0,8,8,8,35,0,35,0,211.5640271000011,,,,,,,,,,,,,,,,,,,,,,,,,,,,,,,,,,,,,,,,,,,,,,,,,,,,,,,,,,,,,,,,,,,,,,,,,,,,,,,,,,,,,,,,,,,,,211.55141350000122,211.5640271000011,211.5640271000011,211.5640271000011,211.74765620000107,None,,,,,,,,,,,,,,,,,,,,,,,,,,,,,,,,P2887,Bar_MIC,3,1,2026-05-11_17h28.42.991,MIC_task,,2026.1.2,59.486276515657686,2026-05-11 17h28.44.439398 +0200,
,,36,0,36,,,,,,,3,l05,medence,pool,5,location,facilities,6.6,145,None,61,None,"(-0.1, 0.1)",space,None,None,,,,,,,,,,,,0,0,0,0,0,8,8,8,36,0,36,0,211.76435590000256,,,,,,,,,,,,,,,,,,,,,,,,,,,,,,,,,,,,,,,,,,,,,,,,,,,,,,,,,,,,,,,,,,,,,,,,,,,,,,,,,,,,,,,,,,,,,211.75078540000322,211.76435590000256,211.76435590000256,211.76435590000256,211.8988532000003,space,None,None,,,,,,,,,,,,,,,,,,,,,,,,,,,,,,P2887,Bar_MIC,3,1,2026-05-11_17h28.42.991,MIC_task,,2026.1.2,59.486276515657686,2026-05-11 17h28.44.439398 +0200,
,,8,8,0,,,,space,0.626387699998304,None,3,l05,medence,pool,5,location,facilities,6.6,145,None,61,None,"(-0.1, 0.1)",,,,,,,,,,,,,,,0,0,0,0,0,8,8,8,,,,,,,,,,,,,,,,,,,,,,,,,,,,,,,,,,,,,,,,,,,,,,,,,,,,,,,,,,,,,,,,,,,,,,,,,,,,,,,,,211.95925830000124,211.96526170000288,211.96456146666705,213.90069690000018,,,,,,215.90497490000052,215.9216077000019,215.9216077000019,216.5567101000015,,,,,,,,,,,,,213.9298787000007,213.93492940000215,213.9339088333332,215.83743909999976,215.90492970000196,space,0.626387699998304,None,,,,,,,,,,,,,,,,,,,,,,P2887,Bar_MIC,3,1,2026-05-11_17h28.42.991,MIC_task,,2026.1.2,59.486276515657686,2026-05-11 17h28.44.439398 +0200,
,,0,0,0,,,,,,,3,b03,fül,ear,2,bodypart,face,6.6,14,19,43,None,"(-0.1, 0.1)",None,,,,,,,,,,,,,,0,0,0,0,0,9,9,9,0,0,0,0,216.58213620000242,,,,,,,,,,,,,,,,,,,,,,,,,,,,,,,,,,,,,,,,,,,,,,,,,,,,,,,,,,,,,,,,,,,,,,,,,,,,,,,,,,,,,,,,,,,,,216.57675030000246,216.58213620000242,216.58213620000242,216.58213620000242,216.7724417999998,None,,,,,,,,,,,,,,,,,,,,,,,,,,,,,,,,P2887,Bar_MIC,3,1,2026-05-11_17h28.42.991,MIC_task,,2026.1.2,59.486276515657686,2026-05-11 17h28.44.439398 +0200,
,,0,0,0,,,,,,,3,b03,fül,ear,2,bodypart,face,6.6,14,19,43,None,"(-0.1, 0.1)",None,,,,,,,,,,,,,,0,0,0,0,0,9,9,9,0,0,0,0,216.78880290000234,,,,,,,,,,,,,,,,,,,,,,,,,,,,,,,,,,,,,,,,,,,,,,,,,,,,,,,,,,,,,,,,,,,,,,,,,,,,,,,,,,,,,,,,,,,,,216.7753573000009,216.78880290000234,216.78880290000234,216.78880290000234,216.9734325999998,None,,,,,,,,,,,,,,,,,,,,,,,,,,,,,,,,P2887,Bar_MIC,3,1,2026-05-11_17h28.42.991,MIC_task,,2026.1.2,59.486276515657686,2026-05-11 17h28.44.439398 +0200,
,,1,0,1,,,,,,,3,b03,fül,ear,2,bodypart,face,6.6,14,19,43,None,"(-0.1, 0.1)",None,,,,,,,,,,,,,,0,0,0,0,0,9,9,9,1,0,1,0,216.98917300000176,,,,,,,,,,,,,,,,,,,,,,,,,,,,,,,,,,,,,,,,,,,,,,,,,,,,,,,,,,,,,,,,,,,,,,,,,,,,,,,,,,,,,,,,,,,,,216.97654300000067,216.98917300000176,216.98917300000176,216.98917300000176,217.1734032000022,None,,,,,,,,,,,,,,,,,,,,,,,,,,,,,,,,P2887,Bar_MIC,3,1,2026-05-11_17h28.42.991,MIC_task,,2026.1.2,59.486276515657686,2026-05-11 17h28.44.439398 +0200,
,,2,0,2,,,,,,,3,b03,fül,ear,2,bodypart,face,6.6,14,19,43,None,"(-0.1, 0.1)",None,,,,,,,,,,,,,,0,0,0,0,0,9,9,9,2,0,2,0,217.18959480000194,,,,,,,,,,,,,,,,,,,,,,,,,,,,,,,,,,,,,,,,,,,,,,,,,,,,,,,,,,,,,,,,,,,,,,,,,,,,,,,,,,,,,,,,,,,,,217.1765458000009,217.18959480000194,217.18959480000194,217.18959480000194,217.3570901000021,None,,,,,,,,,,,,,,,,,,,,,,,,,,,,,,,,P2887,Bar_MIC,3,1,2026-05-11_17h28.42.991,MIC_task,,2026.1.2,59.486276515657686,2026-05-11 17h28.44.439398 +0200,
,,3,0,3,,,,,,,3,b03,fül,ear,2,bodypart,face,6.6,14,19,43,None,"(-0.1, 0.1)",None,,,,,,,,,,,,,,0,0,0,0,0,9,9,9,3,0,3,0,217.37321050000173,,,,,,,,,,,,,,,,,,,,,,,,,,,,,,,,,,,,,,,,,,,,,,,,,,,,,,,,,,,,,,,,,,,,,,,,,,,,,,,,,,,,,,,,,,,,,217.3602759000023,217.37321050000173,217.37321050000173,217.37321050000173,217.5572850000026,None,,,,,,,,,,,,,,,,,,,,,,,,,,,,,,,,P2887,Bar_MIC,3,1,2026-05-11_17h28.42.991,MIC_task,,2026.1.2,59.486276515657686,2026-05-11 17h28.44.439398 +0200,
,,4,0,4,,,,,,,3,b03,fül,ear,2,bodypart,face,6.6,14,19,43,None,"(-0.1, 0.1)",None,,,,,,,,,,,,,,0,0,0,0,0,9,9,9,4,0,4,0,217.5735722999998,,,,,,,,,,,,,,,,,,,,,,,,,,,,,,,,,,,,,,,,,,,,,,,,,,,,,,,,,,,,,,,,,,,,,,,,,,,,,,,,,,,,,,,,,,,,,217.56024610000168,217.5735722999998,217.5735722999998,217.5735722999998,217.75767350000024,None,,,,,,,,,,,,,,,,,,,,,,,,,,,,,,,,P2887,Bar_MIC,3,1,2026-05-11_17h28.42.991,MIC_task,,2026.1.2,59.486276515657686,2026-05-11 17h28.44.439398 +0200,
,,5,0,5,,,,,,,3,b03,fül,ear,2,bodypart,face,6.6,14,19,43,None,"(-0.1, 0.1)",None,,,,,,,,,,,,,,0,0,0,0,0,9,9,9,5,0,5,0,217.7732102000009,,,,,,,,,,,,,,,,,,,,,,,,,,,,,,,,,,,,,,,,,,,,,,,,,,,,,,,,,,,,,,,,,,,,,,,,,,,,,,,,,,,,,,,,,,,,,217.7605629000027,217.7732102000009,217.7732102000009,217.7732102000009,217.95808810000017,None,,,,,,,,,,,,,,,,,,,,,,,,,,,,,,,,P2887,Bar_MIC,3,1,2026-05-11_17h28.42.991,MIC_task,,2026.1.2,59.486276515657686,2026-05-11 17h28.44.439398 +0200,
,,6,0,6,,,,,,,3,b03,fül,ear,2,bodypart,face,6.6,14,19,43,None,"(-0.1, 0.1)",None,,,,,,,,,,,,,,0,0,0,0,0,9,9,9,6,0,6,0,217.97362470000007,,,,,,,,,,,,,,,,,,,,,,,,,,,,,,,,,,,,,,,,,,,,,,,,,,,,,,,,,,,,,,,,,,,,,,,,,,,,,,,,,,,,,,,,,,,,,217.9614032999998,217.97362470000007,217.97362470000007,217.97362470000007,218.15850550000323,None,,,,,,,,,,,,,,,,,,,,,,,,,,,,,,,,P2887,Bar_MIC,3,1,2026-05-11_17h28.42.991,MIC_task,,2026.1.2,59.486276515657686,2026-05-11 17h28.44.439398 +0200,
,,7,0,7,,,,,,,3,b03,fül,ear,2,bodypart,face,6.6,14,19,43,None,"(-0.1, 0.1)",None,,,,,,,,,,,,,,0,0,0,0,0,9,9,9,7,0,7,0,218.17390460000024,,,,,,,,,,,,,,,,,,,,,,,,,,,,,,,,,,,,,,,,,,,,,,,,,,,,,,,,,,,,,,,,,,,,,,,,,,,,,,,,,,,,,,,,,,,,,218.16135380000196,218.17390460000024,218.17390460000024,218.17390460000024,218.35770500000217,None,,,,,,,,,,,,,,,,,,,,,,,,,,,,,,,,P2887,Bar_MIC,3,1,2026-05-11_17h28.42.991,MIC_task,,2026.1.2,59.486276515657686,2026-05-11 17h28.44.439398 +0200,
,,8,0,8,,,,,,,3,b03,fül,ear,2,bodypart,face,6.6,14,19,43,None,"(-0.1, 0.1)",None,,,,,,,,,,,,,,0,0,0,0,0,9,9,9,8,0,8,0,218.37432980000085,,,,,,,,,,,,,,,,,,,,,,,,,,,,,,,,,,,,,,,,,,,,,,,,,,,,,,,,,,,,,,,,,,,,,,,,,,,,,,,,,,,,,,,,,,,,,218.36087680000128,218.37432980000085,218.37432980000085,218.37432980000085,218.55842490000214,None,,,,,,,,,,,,,,,,,,,,,,,,,,,,,,,,P2887,Bar_MIC,3,1,2026-05-11_17h28.42.991,MIC_task,,2026.1.2,59.486276515657686,2026-05-11 17h28.44.439398 +0200,
,,9,0,9,,,,,,,3,b03,fül,ear,2,bodypart,face,6.6,14,19,43,None,"(-0.1, 0.1)",None,,,,,,,,,,,,,,0,0,0,0,0,9,9,9,9,0,9,0,218.5747205000007,,,,,,,,,,,,,,,,,,,,,,,,,,,,,,,,,,,,,,,,,,,,,,,,,,,,,,,,,,,,,,,,,,,,,,,,,,,,,,,,,,,,,,,,,,,,,218.56160610000006,218.5747205000007,218.5747205000007,218.5747205000007,218.75855969999975,None,,,,,,,,,,,,,,,,,,,,,,,,,,,,,,,,P2887,Bar_MIC,3,1,2026-05-11_17h28.42.991,MIC_task,,2026.1.2,59.486276515657686,2026-05-11 17h28.44.439398 +0200,
,,10,0,10,,,,,,,3,b03,fül,ear,2,bodypart,face,6.6,14,19,43,None,"(-0.1, 0.1)",None,,,,,,,,,,,,,,0,0,0,0,0,9,9,9,10,0,10,0,218.77507820000028,,,,,,,,,,,,,,,,,,,,,,,,,,,,,,,,,,,,,,,,,,,,,,,,,,,,,,,,,,,,,,,,,,,,,,,,,,,,,,,,,,,,,,,,,,,,,218.7614119000027,218.77507820000028,218.77507820000028,218.77507820000028,218.95903420000104,None,,,,,,,,,,,,,,,,,,,,,,,,,,,,,,,,P2887,Bar_MIC,3,1,2026-05-11_17h28.42.991,MIC_task,,2026.1.2,59.486276515657686,2026-05-11 17h28.44.439398 +0200,
,,11,0,11,,,,,,,3,b03,fül,ear,2,bodypart,face,6.6,14,19,43,None,"(-0.1, 0.1)",None,,,,,,,,,,,,,,0,0,0,0,0,9,9,9,11,0,11,0,218.97541550000096,,,,,,,,,,,,,,,,,,,,,,,,,,,,,,,,,,,,,,,,,,,,,,,,,,,,,,,,,,,,,,,,,,,,,,,,,,,,,,,,,,,,,,,,,,,,,218.96235900000102,218.97541550000096,218.97541550000096,218.97541550000096,219.15946059999987,None,,,,,,,,,,,,,,,,,,,,,,,,,,,,,,,,P2887,Bar_MIC,3,1,2026-05-11_17h28.42.991,MIC_task,,2026.1.2,59.486276515657686,2026-05-11 17h28.44.439398 +0200,
,,12,0,12,,,,,,,3,b03,fül,ear,2,bodypart,face,6.6,14,19,43,None,"(-0.1, 0.1)",None,,,,,,,,,,,,,,0,0,0,0,0,9,9,9,12,0,12,0,219.17575300000317,,,,,,,,,,,,,,,,,,,,,,,,,,,,,,,,,,,,,,,,,,,,,,,,,,,,,,,,,,,,,,,,,,,,,,,,,,,,,,,,,,,,,,,,,,,,,219.162374800002,219.17575300000317,219.17575300000317,219.17575300000317,219.36014820000128,None,,,,,,,,,,,,,,,,,,,,,,,,,,,,,,,,P2887,Bar_MIC,3,1,2026-05-11_17h28.42.991,MIC_task,,2026.1.2,59.486276515657686,2026-05-11 17h28.44.439398 +0200,
,,13,0,13,,,,,,,3,b03,fül,ear,2,bodypart,face,6.6,14,19,43,None,"(-0.1, 0.1)",None,,,,,,,,,,,,,,0,0,0,0,0,9,9,9,13,0,13,0,219.37614519999988,,,,,,,,,,,,,,,,,,,,,,,,,,,,,,,,,,,,,,,,,,,,,,,,,,,,,,,,,,,,,,,,,,,,,,,,,,,,,,,,,,,,,,,,,,,,,219.36292890000186,219.37614519999988,219.37614519999988,219.37614519999988,219.5599512000008,None,,,,,,,,,,,,,,,,,,,,,,,,,,,,,,,,P2887,Bar_MIC,3,1,2026-05-11_17h28.42.991,MIC_task,,2026.1.2,59.486276515657686,2026-05-11 17h28.44.439398 +0200,
,,14,0,14,,,,,,,3,b03,fül,ear,2,bodypart,face,6.6,14,19,43,None,"(-0.1, 0.1)",None,,,,,,,,,,,,,,0,0,0,0,0,9,9,9,14,0,14,0,219.57579130000158,,,,,,,,,,,,,,,,,,,,,,,,,,,,,,,,,,,,,,,,,,,,,,,,,,,,,,,,,,,,,,,,,,,,,,,,,,,,,,,,,,,,,,,,,,,,,219.5632003000028,219.57579130000158,219.57579130000158,219.57579130000158,219.76122750000286,None,,,,,,,,,,,,,,,,,,,,,,,,,,,,,,,,P2887,Bar_MIC,3,1,2026-05-11_17h28.42.991,MIC_task,,2026.1.2,59.486276515657686,2026-05-11 17h28.44.439398 +0200,
,,15,0,15,,,,,,,3,b03,fül,ear,2,bodypart,face,6.6,14,19,43,None,"(-0.1, 0.1)",None,,,,,,,,,,,,,,0,0,0,0,0,9,9,9,15,0,15,0,219.7769412000016,,,,,,,,,,,,,,,,,,,,,,,,,,,,,,,,,,,,,,,,,,,,,,,,,,,,,,,,,,,,,,,,,,,,,,,,,,,,,,,,,,,,,,,,,,,,,219.7643061000017,219.7769412000016,219.7769412000016,219.7769412000016,219.96119499999986,None,,,,,,,,,,,,,,,,,,,,,,,,,,,,,,,,P2887,Bar_MIC,3,1,2026-05-11_17h28.42.991,MIC_task,,2026.1.2,59.486276515657686,2026-05-11 17h28.44.439398 +0200,
,,16,0,16,,,,,,,3,b03,fül,ear,2,bodypart,face,6.6,14,19,43,None,"(-0.1, 0.1)",None,,,,,,,,,,,,,,0,0,0,0,0,9,9,9,16,0,16,0,219.97655190000296,,,,,,,,,,,,,,,,,,,,,,,,,,,,,,,,,,,,,,,,,,,,,,,,,,,,,,,,,,,,,,,,,,,,,,,,,,,,,,,,,,,,,,,,,,,,,219.96442450000177,219.97655190000296,219.97655190000296,219.97655190000296,220.1615352000008,None,,,,,,,,,,,,,,,,,,,,,,,,,,,,,,,,P2887,Bar_MIC,3,1,2026-05-11_17h28.42.991,MIC_task,,2026.1.2,59.486276515657686,2026-05-11 17h28.44.439398 +0200,
,,17,0,17,,,,,,,3,b03,fül,ear,2,bodypart,face,6.6,14,19,43,None,"(-0.1, 0.1)",None,,,,,,,,,,,,,,0,0,0,0,0,9,9,9,17,0,17,0,220.17694420000043,,,,,,,,,,,,,,,,,,,,,,,,,,,,,,,,,,,,,,,,,,,,,,,,,,,,,,,,,,,,,,,,,,,,,,,,,,,,,,,,,,,,,,,,,,,,,220.1644492000014,220.17694420000043,220.17694420000043,220.17694420000043,220.36061610000252,None,,,,,,,,,,,,,,,,,,,,,,,,,,,,,,,,P2887,Bar_MIC,3,1,2026-05-11_17h28.42.991,MIC_task,,2026.1.2,59.486276515657686,2026-05-11 17h28.44.439398 +0200,
,,18,0,18,,,,,,,3,b03,fül,ear,2,bodypart,face,6.6,14,19,43,None,"(-0.1, 0.1)",None,,,,,,,,,,,,,,0,0,0,0,0,9,9,9,18,0,18,0,220.37726800000019,,,,,,,,,,,,,,,,,,,,,,,,,,,,,,,,,,,,,,,,,,,,,,,,,,,,,,,,,,,,,,,,,,,,,,,,,,,,,,,,,,,,,,,,,,,,,220.36356620000151,220.37726800000019,220.37726800000019,220.37726800000019,220.56223840000166,None,,,,,,,,,,,,,,,,,,,,,,,,,,,,,,,,P2887,Bar_MIC,3,1,2026-05-11_17h28.42.991,MIC_task,,2026.1.2,59.486276515657686,2026-05-11 17h28.44.439398 +0200,
,,19,0,19,,,,,,,3,b03,fül,ear,2,bodypart,face,6.6,14,19,43,None,"(-0.1, 0.1)",None,,,,,,,,,,,,,,0,0,0,0,0,9,9,9,19,0,19,0,220.57774070000232,,,,,,,,,,,,,,,,,,,,,,,,,,,,,,,,,,,,,,,,,,,,,,,,,,,,,,,,,,,,,,,,,,,,,,,,,,,,,,,,,,,,,,,,,,,,,220.5655009000002,220.57774070000232,220.57774070000232,220.57774070000232,220.76187960000243,None,,,,,,,,,,,,,,,,,,,,,,,,,,,,,,,,P2887,Bar_MIC,3,1,2026-05-11_17h28.42.991,MIC_task,,2026.1.2,59.486276515657686,2026-05-11 17h28.44.439398 +0200,
,,20,0,20,,,,,,,3,b03,fül,ear,2,bodypart,face,6.6,14,19,43,None,"(-0.1, 0.1)",None,,,,,,,,,,,,,,0,0,0,0,0,9,9,9,20,0,20,0,220.7780589000031,,,,,,,,,,,,,,,,,,,,,,,,,,,,,,,,,,,,,,,,,,,,,,,,,,,,,,,,,,,,,,,,,,,,,,,,,,,,,,,,,,,,,,,,,,,,,220.76480420000007,220.7780589000031,220.7780589000031,220.7780589000031,220.962126800001,None,,,,,,,,,,,,,,,,,,,,,,,,,,,,,,,,P2887,Bar_MIC,3,1,2026-05-11_17h28.42.991,MIC_task,,2026.1.2,59.486276515657686,2026-05-11 17h28.44.439398 +0200,
,,21,0,21,,,,,,,3,b03,fül,ear,2,bodypart,face,6.6,14,19,43,None,"(-0.1, 0.1)",None,,,,,,,,,,,,,,0,0,0,0,0,9,9,9,21,0,21,0,220.97843680000005,,,,,,,,,,,,,,,,,,,,,,,,,,,,,,,,,,,,,,,,,,,,,,,,,,,,,,,,,,,,,,,,,,,,,,,,,,,,,,,,,,,,,,,,,,,,,220.96561610000208,220.97843680000005,220.97843680000005,220.97843680000005,221.16234240000267,None,,,,,,,,,,,,,,,,,,,,,,,,,,,,,,,,P2887,Bar_MIC,3,1,2026-05-11_17h28.42.991,MIC_task,,2026.1.2,59.486276515657686,2026-05-11 17h28.44.439398 +0200,
,,22,0,22,,,,,,,3,b03,fül,ear,2,bodypart,face,6.6,14,19,43,None,"(-0.1, 0.1)",None,,,,,,,,,,,,,,0,0,0,0,0,9,9,9,22,0,22,0,221.17873610000242,,,,,,,,,,,,,,,,,,,,,,,,,,,,,,,,,,,,,,,,,,,,,,,,,,,,,,,,,,,,,,,,,,,,,,,,,,,,,,,,,,,,,,,,,,,,,221.16526140000133,221.17873610000242,221.17873610000242,221.17873610000242,221.3630340000018,None,,,,,,,,,,,,,,,,,,,,,,,,,,,,,,,,P2887,Bar_MIC,3,1,2026-05-11_17h28.42.991,MIC_task,,2026.1.2,59.486276515657686,2026-05-11 17h28.44.439398 +0200,
,,23,0,23,,,,,,,3,b03,fül,ear,2,bodypart,face,6.6,14,19,43,None,"(-0.1, 0.1)",None,,,,,,,,,,,,,,0,0,0,0,0,9,9,9,23,0,23,0,221.3791020000026,,,,,,,,,,,,,,,,,,,,,,,,,,,,,,,,,,,,,,,,,,,,,,,,,,,,,,,,,,,,,,,,,,,,,,,,,,,,,,,,,,,,,,,,,,,,,221.36610510000173,221.3791020000026,221.3791020000026,221.3791020000026,221.56315820000236,None,,,,,,,,,,,,,,,,,,,,,,,,,,,,,,,,P2887,Bar_MIC,3,1,2026-05-11_17h28.42.991,MIC_task,,2026.1.2,59.486276515657686,2026-05-11 17h28.44.439398 +0200,
,,24,0,24,,,,,,,3,b03,fül,ear,2,bodypart,face,6.6,14,19,43,None,"(-0.1, 0.1)",space,0.04643469999791705,None,,,,,,,,,,,,0,0,0,0,0,9,9,9,24,0,24,0,221.57956190000186,,,,,,,,,,,,,,,,,,,,,,,,,,,,,,,,,,,,,,,,,,,,,,,,,,,,,,,,,,,,,,,,,,,,,,,,,,,,,,,,,,,,,,,,,,,,,221.56636470000012,221.57956190000186,221.57956190000186,221.57956190000186,221.63008080000145,space,0.04643469999791705,None,,,,,,,,,,,,,,,,,,,,,,,,,,,,,,P2887,Bar_MIC,3,1,2026-05-11_17h28.42.991,MIC_task,,2026.1.2,59.486276515657686,2026-05-11 17h28.44.439398 +0200,
,,9,9,0,,,,space,0.47118069999851286,None,3,b03,fül,ear,2,bodypart,face,6.6,14,19,43,None,"(-0.1, 0.1)",,,,,,,,,,,,,,,0,0,0,0,0,9,9,9,,,,,,,,,,,,,,,,,,,,,,,,,,,,,,,,,,,,,,,,,,,,,,,,,,,,,,,,,,,,,,,,,,,,,,,,,,,,,,,,,221.69049650000306,221.6958416000016,221.6957363666671,223.6329070000029,,,,,,225.63632810000126,225.6530641999998,225.6530641999998,226.13771940000152,,,,,,,,,,,,,223.65711400000146,223.66249640000024,223.66612523333657,225.56886289999966,225.63627840000117,space,0.47118069999851286,None,,,,,,,,,,,,,,,,,,,,,,P2887,Bar_MIC,3,1,2026-05-11_17h28.42.991,MIC_task,,2026.1.2,59.486276515657686,2026-05-11 17h28.44.439398 +0200,
,,0,0,0,,,,,,,3,c19,kalap,hat,3,clothes,headwear,6.8,10,29,None,None,"(0.1, 0.1)",None,,,,,,,,,,,,,,0,0,0,0,0,10,10,10,0,0,0,0,226.16332980000152,,,,,,,,,,,,,,,,,,,,,,,,,,,,,,,,,,,,,,,,,,,,,,,,,,,,,,,,,,,,,,,,,,,,,,,,,,,,,,,,,,,,,,,,,,,,,226.15781810000044,226.16332980000152,226.16332980000152,226.16332980000152,226.35383900000306,None,,,,,,,,,,,,,,,,,,,,,,,,,,,,,,,,P2887,Bar_MIC,3,1,2026-05-11_17h28.42.991,MIC_task,,2026.1.2,59.486276515657686,2026-05-11 17h28.44.439398 +0200,
,,0,0,0,,,,,,,3,c19,kalap,hat,3,clothes,headwear,6.8,10,29,None,None,"(0.1, 0.1)",None,,,,,,,,,,,,,,0,0,0,0,0,10,10,10,0,0,0,0,226.3701789000006,,,,,,,,,,,,,,,,,,,,,,,,,,,,,,,,,,,,,,,,,,,,,,,,,,,,,,,,,,,,,,,,,,,,,,,,,,,,,,,,,,,,,,,,,,,,,226.3566561000007,226.3701789000006,226.3701789000006,226.3701789000006,226.554214900003,None,,,,,,,,,,,,,,,,,,,,,,,,,,,,,,,,P2887,Bar_MIC,3,1,2026-05-11_17h28.42.991,MIC_task,,2026.1.2,59.486276515657686,2026-05-11 17h28.44.439398 +0200,
,,1,0,1,,,,,,,3,c19,kalap,hat,3,clothes,headwear,6.8,10,29,None,None,"(0.1, 0.1)",None,,,,,,,,,,,,,,0,0,0,0,0,10,10,10,1,0,1,0,226.57058080000206,,,,,,,,,,,,,,,,,,,,,,,,,,,,,,,,,,,,,,,,,,,,,,,,,,,,,,,,,,,,,,,,,,,,,,,,,,,,,,,,,,,,,,,,,,,,,226.55710370000088,226.57058080000206,226.57058080000206,226.57058080000206,226.75464680000005,None,,,,,,,,,,,,,,,,,,,,,,,,,,,,,,,,P2887,Bar_MIC,3,1,2026-05-11_17h28.42.991,MIC_task,,2026.1.2,59.486276515657686,2026-05-11 17h28.44.439398 +0200,
,,2,0,2,,,,,,,3,c19,kalap,hat,3,clothes,headwear,6.8,10,29,None,None,"(0.1, 0.1)",None,,,,,,,,,,,,,,0,0,0,0,0,10,10,10,2,0,2,0,226.77094510000097,,,,,,,,,,,,,,,,,,,,,,,,,,,,,,,,,,,,,,,,,,,,,,,,,,,,,,,,,,,,,,,,,,,,,,,,,,,,,,,,,,,,,,,,,,,,,226.75777150000067,226.77094510000097,226.77094510000097,226.77094510000097,226.937959400002,None,,,,,,,,,,,,,,,,,,,,,,,,,,,,,,,,P2887,Bar_MIC,3,1,2026-05-11_17h28.42.991,MIC_task,,2026.1.2,59.486276515657686,2026-05-11 17h28.44.439398 +0200,
,,3,0,3,,,,,,,3,c19,kalap,hat,3,clothes,headwear,6.8,10,29,None,None,"(0.1, 0.1)",None,,,,,,,,,,,,,,0,0,0,0,0,10,10,10,3,0,3,0,226.95457560000068,,,,,,,,,,,,,,,,,,,,,,,,,,,,,,,,,,,,,,,,,,,,,,,,,,,,,,,,,,,,,,,,,,,,,,,,,,,,,,,,,,,,,,,,,,,,,226.9410671000005,226.95457560000068,226.95457560000068,226.95457560000068,227.1387007000012,None,,,,,,,,,,,,,,,,,,,,,,,,,,,,,,,,P2887,Bar_MIC,3,1,2026-05-11_17h28.42.991,MIC_task,,2026.1.2,59.486276515657686,2026-05-11 17h28.44.439398 +0200,
,,4,0,4,,,,,,,3,c19,kalap,hat,3,clothes,headwear,6.8,10,29,None,None,"(0.1, 0.1)",None,,,,,,,,,,,,,,0,0,0,0,0,10,10,10,4,0,4,0,227.1542490000029,,,,,,,,,,,,,,,,,,,,,,,,,,,,,,,,,,,,,,,,,,,,,,,,,,,,,,,,,,,,,,,,,,,,,,,,,,,,,,,,,,,,,,,,,,,,,227.14189270000134,227.1542490000029,227.1542490000029,227.1542490000029,227.33913130000292,None,,,,,,,,,,,,,,,,,,,,,,,,,,,,,,,,P2887,Bar_MIC,3,1,2026-05-11_17h28.42.991,MIC_task,,2026.1.2,59.486276515657686,2026-05-11 17h28.44.439398 +0200,
,,5,0,5,,,,,,,3,c19,kalap,hat,3,clothes,headwear,6.8,10,29,None,None,"(0.1, 0.1)",None,,,,,,,,,,,,,,0,0,0,0,0,10,10,10,5,0,5,0,227.35462069999994,,,,,,,,,,,,,,,,,,,,,,,,,,,,,,,,,,,,,,,,,,,,,,,,,,,,,,,,,,,,,,,,,,,,,,,,,,,,,,,,,,,,,,,,,,,,,227.34234560000186,227.35462069999994,227.35462069999994,227.35462069999994,227.53948670000318,None,,,,,,,,,,,,,,,,,,,,,,,,,,,,,,,,P2887,Bar_MIC,3,1,2026-05-11_17h28.42.991,MIC_task,,2026.1.2,59.486276515657686,2026-05-11 17h28.44.439398 +0200,
,,6,0,6,,,,,,,3,c19,kalap,hat,3,clothes,headwear,6.8,10,29,None,None,"(0.1, 0.1)",None,,,,,,,,,,,,,,0,0,0,0,0,10,10,10,6,0,6,0,227.55491510000138,,,,,,,,,,,,,,,,,,,,,,,,,,,,,,,,,,,,,,,,,,,,,,,,,,,,,,,,,,,,,,,,,,,,,,,,,,,,,,,,,,,,,,,,,,,,,227.54257420000067,227.55491510000138,227.55491510000138,227.55491510000138,227.73985900000116,None,,,,,,,,,,,,,,,,,,,,,,,,,,,,,,,,P2887,Bar_MIC,3,1,2026-05-11_17h28.42.991,MIC_task,,2026.1.2,59.486276515657686,2026-05-11 17h28.44.439398 +0200,
,,7,0,7,,,,,,,3,c19,kalap,hat,3,clothes,headwear,6.8,10,29,None,None,"(0.1, 0.1)",None,,,,,,,,,,,,,,0,0,0,0,0,10,10,10,7,0,7,0,227.75528880000275,,,,,,,,,,,,,,,,,,,,,,,,,,,,,,,,,,,,,,,,,,,,,,,,,,,,,,,,,,,,,,,,,,,,,,,,,,,,,,,,,,,,,,,,,,,,,227.74274880000303,227.75528880000275,227.75528880000275,227.75528880000275,227.93906060000154,None,,,,,,,,,,,,,,,,,,,,,,,,,,,,,,,,P2887,Bar_MIC,3,1,2026-05-11_17h28.42.991,MIC_task,,2026.1.2,59.486276515657686,2026-05-11 17h28.44.439398 +0200,
,,8,0,8,,,,,,,3,c19,kalap,hat,3,clothes,headwear,6.8,10,29,None,None,"(0.1, 0.1)",None,,,,,,,,,,,,,,0,0,0,0,0,10,10,10,8,0,8,0,227.9556345000019,,,,,,,,,,,,,,,,,,,,,,,,,,,,,,,,,,,,,,,,,,,,,,,,,,,,,,,,,,,,,,,,,,,,,,,,,,,,,,,,,,,,,,,,,,,,,227.94180849999975,227.9556345000019,227.9556345000019,227.9556345000019,228.1395717000014,None,,,,,,,,,,,,,,,,,,,,,,,,,,,,,,,,P2887,Bar_MIC,3,1,2026-05-11_17h28.42.991,MIC_task,,2026.1.2,59.486276515657686,2026-05-11 17h28.44.439398 +0200,
,,9,0,9,,,,,,,3,c19,kalap,hat,3,clothes,headwear,6.8,10,29,None,None,"(0.1, 0.1)",None,,,,,,,,,,,,,,0,0,0,0,0,10,10,10,9,0,9,0,228.15606110000226,,,,,,,,,,,,,,,,,,,,,,,,,,,,,,,,,,,,,,,,,,,,,,,,,,,,,,,,,,,,,,,,,,,,,,,,,,,,,,,,,,,,,,,,,,,,,228.14272320000237,228.15606110000226,228.15606110000226,228.15606110000226,228.3399621000026,None,,,,,,,,,,,,,,,,,,,,,,,,,,,,,,,,P2887,Bar_MIC,3,1,2026-05-11_17h28.42.991,MIC_task,,2026.1.2,59.486276515657686,2026-05-11 17h28.44.439398 +0200,
,,10,0,10,,,,,,,3,c19,kalap,hat,3,clothes,headwear,6.8,10,29,None,None,"(0.1, 0.1)",None,,,,,,,,,,,,,,0,0,0,0,0,10,10,10,10,0,10,0,228.35642470000312,,,,,,,,,,,,,,,,,,,,,,,,,,,,,,,,,,,,,,,,,,,,,,,,,,,,,,,,,,,,,,,,,,,,,,,,,,,,,,,,,,,,,,,,,,,,,228.34299550000287,228.35642470000312,228.35642470000312,228.35642470000312,228.54010879999987,None,,,,,,,,,,,,,,,,,,,,,,,,,,,,,,,,P2887,Bar_MIC,3,1,2026-05-11_17h28.42.991,MIC_task,,2026.1.2,59.486276515657686,2026-05-11 17h28.44.439398 +0200,
,,11,0,11,,,,,,,3,c19,kalap,hat,3,clothes,headwear,6.8,10,29,None,None,"(0.1, 0.1)",None,,,,,,,,,,,,,,0,0,0,0,0,10,10,10,11,0,11,0,228.55667230000108,,,,,,,,,,,,,,,,,,,,,,,,,,,,,,,,,,,,,,,,,,,,,,,,,,,,,,,,,,,,,,,,,,,,,,,,,,,,,,,,,,,,,,,,,,,,,228.54292230000283,228.55667230000108,228.55667230000108,228.55667230000108,228.74106390000088,None,,,,,,,,,,,,,,,,,,,,,,,,,,,,,,,,P2887,Bar_MIC,3,1,2026-05-11_17h28.42.991,MIC_task,,2026.1.2,59.486276515657686,2026-05-11 17h28.44.439398 +0200,
,,12,0,12,,,,,,,3,c19,kalap,hat,3,clothes,headwear,6.8,10,29,None,None,"(0.1, 0.1)",None,,,,,,,,,,,,,,0,0,0,0,0,10,10,10,12,0,12,0,228.75709270000152,,,,,,,,,,,,,,,,,,,,,,,,,,,,,,,,,,,,,,,,,,,,,,,,,,,,,,,,,,,,,,,,,,,,,,,,,,,,,,,,,,,,,,,,,,,,,228.74378129999968,228.75709270000152,228.75709270000152,228.75709270000152,228.94171110000025,None,,,,,,,,,,,,,,,,,,,,,,,,,,,,,,,,P2887,Bar_MIC,3,1,2026-05-11_17h28.42.991,MIC_task,,2026.1.2,59.486276515657686,2026-05-11 17h28.44.439398 +0200,
,,13,0,13,,,,,,,3,c19,kalap,hat,3,clothes,headwear,6.8,10,29,None,None,"(0.1, 0.1)",None,,,,,,,,,,,,,,0,0,0,0,0,10,10,10,13,0,13,0,228.95748110000204,,,,,,,,,,,,,,,,,,,,,,,,,,,,,,,,,,,,,,,,,,,,,,,,,,,,,,,,,,,,,,,,,,,,,,,,,,,,,,,,,,,,,,,,,,,,,228.94444300000032,228.95748110000204,228.95748110000204,228.95748110000204,229.14177610000115,None,,,,,,,,,,,,,,,,,,,,,,,,,,,,,,,,P2887,Bar_MIC,3,1,2026-05-11_17h28.42.991,MIC_task,,2026.1.2,59.486276515657686,2026-05-11 17h28.44.439398 +0200,
,,14,0,14,,,,,,,3,c19,kalap,hat,3,clothes,headwear,6.8,10,29,None,None,"(0.1, 0.1)",None,,,,,,,,,,,,,,0,0,0,0,0,10,10,10,14,0,14,0,229.15790330000164,,,,,,,,,,,,,,,,,,,,,,,,,,,,,,,,,,,,,,,,,,,,,,,,,,,,,,,,,,,,,,,,,,,,,,,,,,,,,,,,,,,,,,,,,,,,,229.144862000001,229.15790330000164,229.15790330000164,229.15790330000164,229.34204390000014,None,,,,,,,,,,,,,,,,,,,,,,,,,,,,,,,,P2887,Bar_MIC,3,1,2026-05-11_17h28.42.991,MIC_task,,2026.1.2,59.486276515657686,2026-05-11 17h28.44.439398 +0200,
,,15,0,15,,,,,,,3,c19,kalap,hat,3,clothes,headwear,6.8,10,29,None,None,"(0.1, 0.1)",None,,,,,,,,,,,,,,0,0,0,0,0,10,10,10,15,0,15,0,229.3574851000012,,,,,,,,,,,,,,,,,,,,,,,,,,,,,,,,,,,,,,,,,,,,,,,,,,,,,,,,,,,,,,,,,,,,,,,,,,,,,,,,,,,,,,,,,,,,,229.34507890000168,229.3574851000012,229.3574851000012,229.3574851000012,229.54259530000127,None,,,,,,,,,,,,,,,,,,,,,,,,,,,,,,,,P2887,Bar_MIC,3,1,2026-05-11_17h28.42.991,MIC_task,,2026.1.2,59.486276515657686,2026-05-11 17h28.44.439398 +0200,
,,16,0,16,,,,,,,3,c19,kalap,hat,3,clothes,headwear,6.8,10,29,None,None,"(0.1, 0.1)",None,,,,,,,,,,,,,,0,0,0,0,0,10,10,10,16,0,16,0,229.55786400000216,,,,,,,,,,,,,,,,,,,,,,,,,,,,,,,,,,,,,,,,,,,,,,,,,,,,,,,,,,,,,,,,,,,,,,,,,,,,,,,,,,,,,,,,,,,,,229.54565790000197,229.55786400000216,229.55786400000216,229.55786400000216,229.74285919999966,None,,,,,,,,,,,,,,,,,,,,,,,,,,,,,,,,P2887,Bar_MIC,3,1,2026-05-11_17h28.42.991,MIC_task,,2026.1.2,59.486276515657686,2026-05-11 17h28.44.439398 +0200,
,,17,0,17,,,,,,,3,c19,kalap,hat,3,clothes,headwear,6.8,10,29,None,None,"(0.1, 0.1)",None,,,,,,,,,,,,,,0,0,0,0,0,10,10,10,17,0,17,0,229.7583580999999,,,,,,,,,,,,,,,,,,,,,,,,,,,,,,,,,,,,,,,,,,,,,,,,,,,,,,,,,,,,,,,,,,,,,,,,,,,,,,,,,,,,,,,,,,,,,229.74559290000252,229.7583580999999,229.7583580999999,229.7583580999999,229.94245530000262,None,,,,,,,,,,,,,,,,,,,,,,,,,,,,,,,,P2887,Bar_MIC,3,1,2026-05-11_17h28.42.991,MIC_task,,2026.1.2,59.486276515657686,2026-05-11 17h28.44.439398 +0200,
,,18,0,18,,,,,,,3,c19,kalap,hat,3,clothes,headwear,6.8,10,29,None,None,"(0.1, 0.1)",None,,,,,,,,,,,,,,0,0,0,0,0,10,10,10,18,0,18,0,229.95869220000168,,,,,,,,,,,,,,,,,,,,,,,,,,,,,,,,,,,,,,,,,,,,,,,,,,,,,,,,,,,,,,,,,,,,,,,,,,,,,,,,,,,,,,,,,,,,,229.94549400000324,229.95869220000168,229.95869220000168,229.95869220000168,230.14250670000183,None,,,,,,,,,,,,,,,,,,,,,,,,,,,,,,,,P2887,Bar_MIC,3,1,2026-05-11_17h28.42.991,MIC_task,,2026.1.2,59.486276515657686,2026-05-11 17h28.44.439398 +0200,
,,19,0,19,,,,,,,3,c19,kalap,hat,3,clothes,headwear,6.8,10,29,None,None,"(0.1, 0.1)",None,,,,,,,,,,,,,,0,0,0,0,0,10,10,10,19,0,19,0,230.15908750000017,,,,,,,,,,,,,,,,,,,,,,,,,,,,,,,,,,,,,,,,,,,,,,,,,,,,,,,,,,,,,,,,,,,,,,,,,,,,,,,,,,,,,,,,,,,,,230.14530500000183,230.15908750000017,230.15908750000017,230.15908750000017,230.34294880000016,None,,,,,,,,,,,,,,,,,,,,,,,,,,,,,,,,P2887,Bar_MIC,3,1,2026-05-11_17h28.42.991,MIC_task,,2026.1.2,59.486276515657686,2026-05-11 17h28.44.439398 +0200,
,,20,0,20,,,,,,,3,c19,kalap,hat,3,clothes,headwear,6.8,10,29,None,None,"(0.1, 0.1)",None,,,,,,,,,,,,,,0,0,0,0,0,10,10,10,20,0,20,0,230.35938650000026,,,,,,,,,,,,,,,,,,,,,,,,,,,,,,,,,,,,,,,,,,,,,,,,,,,,,,,,,,,,,,,,,,,,,,,,,,,,,,,,,,,,,,,,,,,,,230.3461621000024,230.35938650000026,230.35938650000026,230.35938650000026,230.54321900000286,None,,,,,,,,,,,,,,,,,,,,,,,,,,,,,,,,P2887,Bar_MIC,3,1,2026-05-11_17h28.42.991,MIC_task,,2026.1.2,59.486276515657686,2026-05-11 17h28.44.439398 +0200,
,,21,0,21,,,,,,,3,c19,kalap,hat,3,clothes,headwear,6.8,10,29,None,None,"(0.1, 0.1)",None,,,,,,,,,,,,,,0,0,0,0,0,10,10,10,21,0,21,0,230.55967260000034,,,,,,,,,,,,,,,,,,,,,,,,,,,,,,,,,,,,,,,,,,,,,,,,,,,,,,,,,,,,,,,,,,,,,,,,,,,,,,,,,,,,,,,,,,,,,230.5458181000031,230.55967260000034,230.55967260000034,230.55967260000034,230.74384629999986,None,,,,,,,,,,,,,,,,,,,,,,,,,,,,,,,,P2887,Bar_MIC,3,1,2026-05-11_17h28.42.991,MIC_task,,2026.1.2,59.486276515657686,2026-05-11 17h28.44.439398 +0200,
,,22,0,22,,,,,,,3,c19,kalap,hat,3,clothes,headwear,6.8,10,29,None,None,"(0.1, 0.1)",None,,,,,,,,,,,,,,0,0,0,0,0,10,10,10,22,0,22,0,230.7600904000028,,,,,,,,,,,,,,,,,,,,,,,,,,,,,,,,,,,,,,,,,,,,,,,,,,,,,,,,,,,,,,,,,,,,,,,,,,,,,,,,,,,,,,,,,,,,,230.74683030000233,230.7600904000028,230.7600904000028,230.7600904000028,230.94441930000175,None,,,,,,,,,,,,,,,,,,,,,,,,,,,,,,,,P2887,Bar_MIC,3,1,2026-05-11_17h28.42.991,MIC_task,,2026.1.2,59.486276515657686,2026-05-11 17h28.44.439398 +0200,
,,23,0,23,,,,,,,3,c19,kalap,hat,3,clothes,headwear,6.8,10,29,None,None,"(0.1, 0.1)",None,,,,,,,,,,,,,,0,0,0,0,0,10,10,10,23,0,23,0,230.96044220000113,,,,,,,,,,,,,,,,,,,,,,,,,,,,,,,,,,,,,,,,,,,,,,,,,,,,,,,,,,,,,,,,,,,,,,,,,,,,,,,,,,,,,,,,,,,,,230.9472029000026,230.96044220000113,230.96044220000113,230.96044220000113,231.14424050000162,None,,,,,,,,,,,,,,,,,,,,,,,,,,,,,,,,P2887,Bar_MIC,3,1,2026-05-11_17h28.42.991,MIC_task,,2026.1.2,59.486276515657686,2026-05-11 17h28.44.439398 +0200,
,,24,0,24,,,,,,,3,c19,kalap,hat,3,clothes,headwear,6.8,10,29,None,None,"(0.1, 0.1)",None,,,,,,,,,,,,,,0,0,0,0,0,10,10,10,24,0,24,0,231.16009340000164,,,,,,,,,,,,,,,,,,,,,,,,,,,,,,,,,,,,,,,,,,,,,,,,,,,,,,,,,,,,,,,,,,,,,,,,,,,,,,,,,,,,,,,,,,,,,231.14730530000088,231.16009340000164,231.16009340000164,231.16009340000164,231.344995200001,None,,,,,,,,,,,,,,,,,,,,,,,,,,,,,,,,P2887,Bar_MIC,3,1,2026-05-11_17h28.42.991,MIC_task,,2026.1.2,59.486276515657686,2026-05-11 17h28.44.439398 +0200,
,,25,0,25,,,,,,,3,c19,kalap,hat,3,clothes,headwear,6.8,10,29,None,None,"(0.1, 0.1)",None,,,,,,,,,,,,,,0,0,0,0,0,10,10,10,25,0,25,0,231.36053230000107,,,,,,,,,,,,,,,,,,,,,,,,,,,,,,,,,,,,,,,,,,,,,,,,,,,,,,,,,,,,,,,,,,,,,,,,,,,,,,,,,,,,,,,,,,,,,231.34820400000172,231.36053230000107,231.36053230000107,231.36053230000107,231.5452636000009,None,,,,,,,,,,,,,,,,,,,,,,,,,,,,,,,,P2887,Bar_MIC,3,1,2026-05-11_17h28.42.991,MIC_task,,2026.1.2,59.486276515657686,2026-05-11 17h28.44.439398 +0200,
,,26,0,26,,,,,,,3,c19,kalap,hat,3,clothes,headwear,6.8,10,29,None,None,"(0.1, 0.1)",None,,,,,,,,,,,,,,0,0,0,0,0,10,10,10,26,0,26,0,231.56082980000065,,,,,,,,,,,,,,,,,,,,,,,,,,,,,,,,,,,,,,,,,,,,,,,,,,,,,,,,,,,,,,,,,,,,,,,,,,,,,,,,,,,,,,,,,,,,,231.5480795000003,231.56082980000065,231.56082980000065,231.56082980000065,231.7450084000011,None,,,,,,,,,,,,,,,,,,,,,,,,,,,,,,,,P2887,Bar_MIC,3,1,2026-05-11_17h28.42.991,MIC_task,,2026.1.2,59.486276515657686,2026-05-11 17h28.44.439398 +0200,
,,27,0,27,,,,,,,3,c19,kalap,hat,3,clothes,headwear,6.8,10,29,None,None,"(0.1, 0.1)",None,,,,,,,,,,,,,,0,0,0,0,0,10,10,10,27,0,27,0,231.76132260000304,,,,,,,,,,,,,,,,,,,,,,,,,,,,,,,,,,,,,,,,,,,,,,,,,,,,,,,,,,,,,,,,,,,,,,,,,,,,,,,,,,,,,,,,,,,,,231.74778450000304,231.76132260000304,231.76132260000304,231.76132260000304,231.94509780000226,None,,,,,,,,,,,,,,,,,,,,,,,,,,,,,,,,P2887,Bar_MIC,3,1,2026-05-11_17h28.42.991,MIC_task,,2026.1.2,59.486276515657686,2026-05-11 17h28.44.439398 +0200,
,,28,0,28,,,,,,,3,c19,kalap,hat,3,clothes,headwear,6.8,10,29,None,None,"(0.1, 0.1)",None,,,,,,,,,,,,,,0,0,0,0,0,10,10,10,28,0,28,0,231.96167770000102,,,,,,,,,,,,,,,,,,,,,,,,,,,,,,,,,,,,,,,,,,,,,,,,,,,,,,,,,,,,,,,,,,,,,,,,,,,,,,,,,,,,,,,,,,,,,231.947823100003,231.96167770000102,231.96167770000102,231.96167770000102,232.14544060000117,None,,,,,,,,,,,,,,,,,,,,,,,,,,,,,,,,P2887,Bar_MIC,3,1,2026-05-11_17h28.42.991,MIC_task,,2026.1.2,59.486276515657686,2026-05-11 17h28.44.439398 +0200,
,,29,0,29,,,,,,,3,c19,kalap,hat,3,clothes,headwear,6.8,10,29,None,None,"(0.1, 0.1)",None,,,,,,,,,,,,,,0,0,0,0,0,10,10,10,29,0,29,0,232.16199860000052,,,,,,,,,,,,,,,,,,,,,,,,,,,,,,,,,,,,,,,,,,,,,,,,,,,,,,,,,,,,,,,,,,,,,,,,,,,,,,,,,,,,,,,,,,,,,232.14883570000165,232.16199860000052,232.16199860000052,232.16199860000052,232.34575940000286,None,,,,,,,,,,,,,,,,,,,,,,,,,,,,,,,,P2887,Bar_MIC,3,1,2026-05-11_17h28.42.991,MIC_task,,2026.1.2,59.486276515657686,2026-05-11 17h28.44.439398 +0200,
,,30,0,30,,,,,,,3,c19,kalap,hat,3,clothes,headwear,6.8,10,29,None,None,"(0.1, 0.1)",None,,,,,,,,,,,,,,0,0,0,0,0,10,10,10,30,0,30,0,232.36236070000086,,,,,,,,,,,,,,,,,,,,,,,,,,,,,,,,,,,,,,,,,,,,,,,,,,,,,,,,,,,,,,,,,,,,,,,,,,,,,,,,,,,,,,,,,,,,,232.34877039999992,232.36236070000086,232.36236070000086,232.36236070000086,232.54625430000306,None,,,,,,,,,,,,,,,,,,,,,,,,,,,,,,,,P2887,Bar_MIC,3,1,2026-05-11_17h28.42.991,MIC_task,,2026.1.2,59.486276515657686,2026-05-11 17h28.44.439398 +0200,
,,31,0,31,,,,,,,3,c19,kalap,hat,3,clothes,headwear,6.8,10,29,None,None,"(0.1, 0.1)",None,,,,,,,,,,,,,,0,0,0,0,0,10,10,10,31,0,31,0,232.56277899999986,,,,,,,,,,,,,,,,,,,,,,,,,,,,,,,,,,,,,,,,,,,,,,,,,,,,,,,,,,,,,,,,,,,,,,,,,,,,,,,,,,,,,,,,,,,,,232.54933800000072,232.56277899999986,232.56277899999986,232.56277899999986,232.74699640000108,None,,,,,,,,,,,,,,,,,,,,,,,,,,,,,,,,P2887,Bar_MIC,3,1,2026-05-11_17h28.42.991,MIC_task,,2026.1.2,59.486276515657686,2026-05-11 17h28.44.439398 +0200,
,,32,0,32,,,,,,,3,c19,kalap,hat,3,clothes,headwear,6.8,10,29,None,None,"(0.1, 0.1)",None,,,,,,,,,,,,,,0,0,0,0,0,10,10,10,32,0,32,0,232.76303760000155,,,,,,,,,,,,,,,,,,,,,,,,,,,,,,,,,,,,,,,,,,,,,,,,,,,,,,,,,,,,,,,,,,,,,,,,,,,,,,,,,,,,,,,,,,,,,232.7501235000018,232.76303760000155,232.76303760000155,232.76303760000155,232.947432500001,None,,,,,,,,,,,,,,,,,,,,,,,,,,,,,,,,P2887,Bar_MIC,3,1,2026-05-11_17h28.42.991,MIC_task,,2026.1.2,59.486276515657686,2026-05-11 17h28.44.439398 +0200,
,,33,0,33,,,,,,,3,c19,kalap,hat,3,clothes,headwear,6.8,10,29,None,None,"(0.1, 0.1)",None,,,,,,,,,,,,,,0,0,0,0,0,10,10,10,33,0,33,0,232.96355010000116,,,,,,,,,,,,,,,,,,,,,,,,,,,,,,,,,,,,,,,,,,,,,,,,,,,,,,,,,,,,,,,,,,,,,,,,,,,,,,,,,,,,,,,,,,,,,232.9505902000019,232.96355010000116,232.96355010000116,232.96355010000116,233.14740600000005,None,,,,,,,,,,,,,,,,,,,,,,,,,,,,,,,,P2887,Bar_MIC,3,1,2026-05-11_17h28.42.991,MIC_task,,2026.1.2,59.486276515657686,2026-05-11 17h28.44.439398 +0200,
,,34,0,34,,,,,,,3,c19,kalap,hat,3,clothes,headwear,6.8,10,29,None,None,"(0.1, 0.1)",None,,,,,,,,,,,,,,0,0,0,0,0,10,10,10,34,0,34,0,233.16375510000216,,,,,,,,,,,,,,,,,,,,,,,,,,,,,,,,,,,,,,,,,,,,,,,,,,,,,,,,,,,,,,,,,,,,,,,,,,,,,,,,,,,,,,,,,,,,,233.15044219999982,233.16375510000216,233.16375510000216,233.16375510000216,233.34790000000066,None,,,,,,,,,,,,,,,,,,,,,,,,,,,,,,,,P2887,Bar_MIC,3,1,2026-05-11_17h28.42.991,MIC_task,,2026.1.2,59.486276515657686,2026-05-11 17h28.44.439398 +0200,
,,35,0,35,,,,,,,3,c19,kalap,hat,3,clothes,headwear,6.8,10,29,None,None,"(0.1, 0.1)",None,,,,,,,,,,,,,,0,0,0,0,0,10,10,10,35,0,35,0,233.3641658000015,,,,,,,,,,,,,,,,,,,,,,,,,,,,,,,,,,,,,,,,,,,,,,,,,,,,,,,,,,,,,,,,,,,,,,,,,,,,,,,,,,,,,,,,,,,,,233.35076750000007,233.3641658000015,233.3641658000015,233.3641658000015,233.54828660000203,None,,,,,,,,,,,,,,,,,,,,,,,,,,,,,,,,P2887,Bar_MIC,3,1,2026-05-11_17h28.42.991,MIC_task,,2026.1.2,59.486276515657686,2026-05-11 17h28.44.439398 +0200,
,,36,0,36,,,,,,,3,c19,kalap,hat,3,clothes,headwear,6.8,10,29,None,None,"(0.1, 0.1)",None,,,,,,,,,,,,,,0,0,0,0,0,10,10,10,36,0,36,0,233.5646013000005,,,,,,,,,,,,,,,,,,,,,,,,,,,,,,,,,,,,,,,,,,,,,,,,,,,,,,,,,,,,,,,,,,,,,,,,,,,,,,,,,,,,,,,,,,,,,233.5510800000011,233.5646013000005,233.5646013000005,233.5646013000005,233.7486710000012,None,,,,,,,,,,,,,,,,,,,,,,,,,,,,,,,,P2887,Bar_MIC,3,1,2026-05-11_17h28.42.991,MIC_task,,2026.1.2,59.486276515657686,2026-05-11 17h28.44.439398 +0200,
,,37,0,37,,,,,,,3,c19,kalap,hat,3,clothes,headwear,6.8,10,29,None,None,"(0.1, 0.1)",space,0.01646650000111549,None,,,,,,,,,,,,0,0,0,0,0,10,10,10,37,0,37,0,233.76422770000136,,,,,,,,,,,,,,,,,,,,,,,,,,,,,,,,,,,,,,,,,,,,,,,,,,,,,,,,,,,,,,,,,,,,,,,,,,,,,,,,,,,,,,,,,,,,,233.75171310000223,233.76422770000136,233.76422770000136,233.76422770000136,233.78275710000162,space,0.01646650000111549,None,,,,,,,,,,,,,,,,,,,,,,,,,,,,,,P2887,Bar_MIC,3,1,2026-05-11_17h28.42.991,MIC_task,,2026.1.2,59.486276515657686,2026-05-11 17h28.44.439398 +0200,
,,10,10,0,,,,space,0.894882199998392,None,3,c19,kalap,hat,3,clothes,headwear,6.8,10,29,None,None,"(0.1, 0.1)",,,,,,,,,,,,,,,0,0,0,0,0,10,10,10,,,,,,,,,,,,,,,,,,,,,,,,,,,,,,,,,,,,,,,,,,,,,,,,,,,,,,,,,,,,,,,,,,,,,,,,,,,,,,,,,233.84453960000246,233.84980670000004,233.8484147666687,235.78406330000143,,,,,,237.78836070000034,237.80510680000225,237.80510680000225,238.70702260000326,,,,,,,,,,,,,235.81052710000222,235.81586850000167,235.81727503333656,237.70389520000026,237.78831510000236,space,0.894882199998392,None,,,,,,,,,,,,,,,,,,,,,,P2887,Bar_MIC,3,1,2026-05-11_17h28.42.991,MIC_task,,2026.1.2,59.486276515657686,2026-05-11 17h28.44.439398 +0200,
,,0,0,0,,,,,,,3,t01,fogkefe,toothbrush,8,tools,bathroom,6.8,17,None,51,None,"(0.1, 0)",None,,,,,,,,,,,,,,0,0,0,0,0,11,11,11,0,0,0,0,238.73170800000298,,,,,,,,,,,,,,,,,,,,,,,,,,,,,,,,,,,,,,,,,,,,,,,,,,,,,,,,,,,,,,,,,,,,,,,,,,,,,,,,,,,,,,,,,,,,,238.7264353999999,238.73170800000298,238.73170800000298,238.73170800000298,238.92335420000018,None,,,,,,,,,,,,,,,,,,,,,,,,,,,,,,,,P2887,Bar_MIC,3,1,2026-05-11_17h28.42.991,MIC_task,,2026.1.2,59.486276515657686,2026-05-11 17h28.44.439398 +0200,
,,0,0,0,,,,,,,3,t01,fogkefe,toothbrush,8,tools,bathroom,6.8,17,None,51,None,"(0.1, 0)",None,,,,,,,,,,,,,,0,0,0,0,0,11,11,11,0,0,0,0,238.93880310000168,,,,,,,,,,,,,,,,,,,,,,,,,,,,,,,,,,,,,,,,,,,,,,,,,,,,,,,,,,,,,,,,,,,,,,,,,,,,,,,,,,,,,,,,,,,,,238.92639210000198,238.93880310000168,238.93880310000168,238.93880310000168,239.1237899000007,None,,,,,,,,,,,,,,,,,,,,,,,,,,,,,,,,P2887,Bar_MIC,3,1,2026-05-11_17h28.42.991,MIC_task,,2026.1.2,59.486276515657686,2026-05-11 17h28.44.439398 +0200,
,,1,0,1,,,,,,,3,t01,fogkefe,toothbrush,8,tools,bathroom,6.8,17,None,51,None,"(0.1, 0)",None,,,,,,,,,,,,,,0,0,0,0,0,11,11,11,1,0,1,0,239.13923480000085,,,,,,,,,,,,,,,,,,,,,,,,,,,,,,,,,,,,,,,,,,,,,,,,,,,,,,,,,,,,,,,,,,,,,,,,,,,,,,,,,,,,,,,,,,,,,239.12683820000166,239.13923480000085,239.13923480000085,239.13923480000085,239.3074140000026,None,,,,,,,,,,,,,,,,,,,,,,,,,,,,,,,,P2887,Bar_MIC,3,1,2026-05-11_17h28.42.991,MIC_task,,2026.1.2,59.486276515657686,2026-05-11 17h28.44.439398 +0200,
,,2,0,2,,,,,,,3,t01,fogkefe,toothbrush,8,tools,bathroom,6.8,17,None,51,None,"(0.1, 0)",None,,,,,,,,,,,,,,0,0,0,0,0,11,11,11,2,0,2,0,239.32287260000157,,,,,,,,,,,,,,,,,,,,,,,,,,,,,,,,,,,,,,,,,,,,,,,,,,,,,,,,,,,,,,,,,,,,,,,,,,,,,,,,,,,,,,,,,,,,,239.3099027999997,239.32287260000157,239.32287260000157,239.32287260000157,239.50710230000186,None,,,,,,,,,,,239.52329910000117,239.52329910000117,239.52329910000117,,,,,,,,,,,,,,,,,,,P2887,Bar_MIC,3,1,2026-05-11_17h28.42.991,MIC_task,,2026.1.2,59.486276515657686,2026-05-11 17h28.44.439398 +0200,
,,3,0,3,,,,,,,3,t01,fogkefe,toothbrush,8,tools,bathroom,6.8,17,None,51,None,"(0.1, 0)",None,,,,,,,,,,,,,,0,0,0,0,0,11,11,11,3,0,3,0,239.52329910000117,,,,,,,,,,,,,,,,,,,,,,,,,,,,,,,,,,,,,,,,,,,,,,,,,,,,,,,,,,,,,,,,,,,,,,,,,,,,,,,,,,,,,,,,,,,,,239.50980360000176,239.52329910000117,239.52329910000117,239.52329910000117,239.70742800000153,None,,,,,,,,,,,239.72366810000312,239.72366810000312,239.72366810000312,,,,,,,,,,,,,,,,,,,P2887,Bar_MIC,3,1,2026-05-11_17h28.42.991,MIC_task,,2026.1.2,59.486276515657686,2026-05-11 17h28.44.439398 +0200,
,,4,0,4,,,,,,,3,t01,fogkefe,toothbrush,8,tools,bathroom,6.8,17,None,51,None,"(0.1, 0)",None,,,,,,,,,,,,,,0,0,0,0,0,11,11,11,4,0,4,0,239.72366810000312,,,,,,,,,,,,,,,,,,,,,,,,,,,,,,,,,,,,,,,,,,,,,,,,,,,,,,,,,,,,,,,,,,,,,,,,,,,,,,,,,,,,,,,,,,,,,239.70993420000013,239.72366810000312,239.72366810000312,239.72366810000312,239.90752659999998,None,,,,,,,,,,,,,,,,,,,,,,,,,,,,,,,,P2887,Bar_MIC,3,1,2026-05-11_17h28.42.991,MIC_task,,2026.1.2,59.486276515657686,2026-05-11 17h28.44.439398 +0200,
,,5,0,5,,,,,,,3,t01,fogkefe,toothbrush,8,tools,bathroom,6.8,17,None,51,None,"(0.1, 0)",None,,,,,,,,,,,,,,0,0,0,0,0,11,11,11,5,0,5,0,239.92399300000034,,,,,,,,,,,,,,,,,,,,,,,,,,,,,,,,,,,,,,,,,,,,,,,,,,,,,,,,,,,,,,,,,,,,,,,,,,,,,,,,,,,,,,,,,,,,,239.91038550000303,239.92399300000034,239.92399300000034,239.92399300000034,240.10787720000008,None,,,,,,,,,,,,,,,,,,,,,,,,,,,,,,,,P2887,Bar_MIC,3,1,2026-05-11_17h28.42.991,MIC_task,,2026.1.2,59.486276515657686,2026-05-11 17h28.44.439398 +0200,
,,6,0,6,,,,,,,3,t01,fogkefe,toothbrush,8,tools,bathroom,6.8,17,None,51,None,"(0.1, 0)",None,,,,,,,,,,,,,,0,0,0,0,0,11,11,11,6,0,6,0,240.12429450000127,,,,,,,,,,,,,,,,,,,,,,,,,,,,,,,,,,,,,,,,,,,,,,,,,,,,,,,,,,,,,,,,,,,,,,,,,,,,,,,,,,,,,,,,,,,,,240.11060569999972,240.12429450000127,240.12429450000127,240.12429450000127,240.30846060000113,None,,,,,,,,,,,,,,,,,,,,,,,,,,,,,,,,P2887,Bar_MIC,3,1,2026-05-11_17h28.42.991,MIC_task,,2026.1.2,59.486276515657686,2026-05-11 17h28.44.439398 +0200,
,,7,0,7,,,,,,,3,t01,fogkefe,toothbrush,8,tools,bathroom,6.8,17,None,51,None,"(0.1, 0)",None,,,,,,,,,,,,,,0,0,0,0,0,11,11,11,7,0,7,0,240.3246579000006,,,,,,,,,,,,,,,,,,,,,,,,,,,,,,,,,,,,,,,,,,,,,,,,,,,,,,,,,,,,,,,,,,,,,,,,,,,,,,,,,,,,,,,,,,,,,240.31116490000204,240.3246579000006,240.3246579000006,240.3246579000006,240.5086803000013,None,,,,,,,,,,,,,,,,,,,,,,,,,,,,,,,,P2887,Bar_MIC,3,1,2026-05-11_17h28.42.991,MIC_task,,2026.1.2,59.486276515657686,2026-05-11 17h28.44.439398 +0200,
,,8,0,8,,,,,,,3,t01,fogkefe,toothbrush,8,tools,bathroom,6.8,17,None,51,None,"(0.1, 0)",None,,,,,,,,,,,,,,0,0,0,0,0,11,11,11,8,0,8,0,240.52488910000102,,,,,,,,,,,,,,,,,,,,,,,,,,,,,,,,,,,,,,,,,,,,,,,,,,,,,,,,,,,,,,,,,,,,,,,,,,,,,,,,,,,,,,,,,,,,,240.5116259000024,240.52488910000102,240.52488910000102,240.52488910000102,240.7091373000003,None,,,,,,,,,,,,,,,,,,,,,,,,,,,,,,,,P2887,Bar_MIC,3,1,2026-05-11_17h28.42.991,MIC_task,,2026.1.2,59.486276515657686,2026-05-11 17h28.44.439398 +0200,
,,9,0,9,,,,,,,3,t01,fogkefe,toothbrush,8,tools,bathroom,6.8,17,None,51,None,"(0.1, 0)",None,,,,,,,,,,,,,,0,0,0,0,0,11,11,11,9,0,9,0,240.72543310000037,,,,,,,,,,,,,,,,,,,,,,,,,,,,,,,,,,,,,,,,,,,,,,,,,,,,,,,,,,,,,,,,,,,,,,,,,,,,,,,,,,,,,,,,,,,,,240.7120277000031,240.72543310000037,240.72543310000037,240.72543310000037,240.90952319999997,None,,,,,,,,,,,,,,,,,,,,,,,,,,,,,,,,P2887,Bar_MIC,3,1,2026-05-11_17h28.42.991,MIC_task,,2026.1.2,59.486276515657686,2026-05-11 17h28.44.439398 +0200,
,,10,0,10,,,,,,,3,t01,fogkefe,toothbrush,8,tools,bathroom,6.8,17,None,51,None,"(0.1, 0)",None,,,,,,,,,,,,,,0,0,0,0,0,11,11,11,10,0,10,0,240.92585180000242,,,,,,,,,,,,,,,,,,,,,,,,,,,,,,,,,,,,,,,,,,,,,,,,,,,,,,,,,,,,,,,,,,,,,,,,,,,,,,,,,,,,,,,,,,,,,240.9124378000015,240.92585180000242,240.92585180000242,240.92585180000242,241.1101122,None,,,,,,,,,,,,,,,,,,,,,,,,,,,,,,,,P2887,Bar_MIC,3,1,2026-05-11_17h28.42.991,MIC_task,,2026.1.2,59.486276515657686,2026-05-11 17h28.44.439398 +0200,
,,11,0,11,,,,,,,3,t01,fogkefe,toothbrush,8,tools,bathroom,6.8,17,None,51,None,"(0.1, 0)",None,,,,,,,,,,,,,,0,0,0,0,0,11,11,11,11,0,11,0,241.12549880000006,,,,,,,,,,,,,,,,,,,,,,,,,,,,,,,,,,,,,,,,,,,,,,,,,,,,,,,,,,,,,,,,,,,,,,,,,,,,,,,,,,,,,,,,,,,,,241.11306040000272,241.12549880000006,241.12549880000006,241.12549880000006,241.31041540000297,None,,,,,,,,,,,,,,,,,,,,,,,,,,,,,,,,P2887,Bar_MIC,3,1,2026-05-11_17h28.42.991,MIC_task,,2026.1.2,59.486276515657686,2026-05-11 17h28.44.439398 +0200,
,,12,0,12,,,,,,,3,t01,fogkefe,toothbrush,8,tools,bathroom,6.8,17,None,51,None,"(0.1, 0)",None,,,,,,,,,,,,,,0,0,0,0,0,11,11,11,12,0,12,0,241.32585720000134,,,,,,,,,,,,,,,,,,,,,,,,,,,,,,,,,,,,,,,,,,,,,,,,,,,,,,,,,,,,,,,,,,,,,,,,,,,,,,,,,,,,,,,,,,,,,241.31332889999976,241.32585720000134,241.32585720000134,241.32585720000134,241.51074680000238,None,,,,,,,,,,,,,,,,,,,,,,,,,,,,,,,,P2887,Bar_MIC,3,1,2026-05-11_17h28.42.991,MIC_task,,2026.1.2,59.486276515657686,2026-05-11 17h28.44.439398 +0200,
,,13,0,13,,,,,,,3,t01,fogkefe,toothbrush,8,tools,bathroom,6.8,17,None,51,None,"(0.1, 0)",None,,,,,,,,,,,,,,0,0,0,0,0,11,11,11,13,0,13,0,241.52624339999966,,,,,,,,,,,,,,,,,,,,,,,,,,,,,,,,,,,,,,,,,,,,,,,,,,,,,,,,,,,,,,,,,,,,,,,,,,,,,,,,,,,,,,,,,,,,,241.51343290000295,241.52624339999966,241.52624339999966,241.52624339999966,241.70994620000056,None,,,,,,,,,,,,,,,,,,,,,,,,,,,,,,,,P2887,Bar_MIC,3,1,2026-05-11_17h28.42.991,MIC_task,,2026.1.2,59.486276515657686,2026-05-11 17h28.44.439398 +0200,
,,14,0,14,,,,,,,3,t01,fogkefe,toothbrush,8,tools,bathroom,6.8,17,None,51,None,"(0.1, 0)",None,,,,,,,,,,,,,,0,0,0,0,0,11,11,11,14,0,14,0,241.72658850000153,,,,,,,,,,,,,,,,,,,,,,,,,,,,,,,,,,,,,,,,,,,,,,,,,,,,,,,,,,,,,,,,,,,,,,,,,,,,,,,,,,,,,,,,,,,,,241.71328030000222,241.72658850000153,241.72658850000153,241.72658850000153,241.9106298000006,None,,,,,,,,,,,,,,,,,,,,,,,,,,,,,,,,P2887,Bar_MIC,3,1,2026-05-11_17h28.42.991,MIC_task,,2026.1.2,59.486276515657686,2026-05-11 17h28.44.439398 +0200,
,,15,0,15,,,,,,,3,t01,fogkefe,toothbrush,8,tools,bathroom,6.8,17,None,51,None,"(0.1, 0)",None,,,,,,,,,,,,,,0,0,0,0,0,11,11,11,15,0,15,0,241.92696870000145,,,,,,,,,,,,,,,,,,,,,,,,,,,,,,,,,,,,,,,,,,,,,,,,,,,,,,,,,,,,,,,,,,,,,,,,,,,,,,,,,,,,,,,,,,,,,241.91359130000274,241.92696870000145,241.92696870000145,241.92696870000145,242.11094140000205,None,,,,,,,,,,,,,,,,,,,,,,,,,,,,,,,,P2887,Bar_MIC,3,1,2026-05-11_17h28.42.991,MIC_task,,2026.1.2,59.486276515657686,2026-05-11 17h28.44.439398 +0200,
,,16,0,16,,,,,,,3,t01,fogkefe,toothbrush,8,tools,bathroom,6.8,17,None,51,None,"(0.1, 0)",None,,,,,,,,,,,,,,0,0,0,0,0,11,11,11,16,0,16,0,242.12733160000062,,,,,,,,,,,,,,,,,,,,,,,,,,,,,,,,,,,,,,,,,,,,,,,,,,,,,,,,,,,,,,,,,,,,,,,,,,,,,,,,,,,,,,,,,,,,,242.11387970000214,242.12733160000062,242.12733160000062,242.12733160000062,242.31145390000165,None,,,,,,,,,,,,,,,,,,,,,,,,,,,,,,,,P2887,Bar_MIC,3,1,2026-05-11_17h28.42.991,MIC_task,,2026.1.2,59.486276515657686,2026-05-11 17h28.44.439398 +0200,
,,17,0,17,,,,,,,3,t01,fogkefe,toothbrush,8,tools,bathroom,6.8,17,None,51,None,"(0.1, 0)",None,,,,,,,,,,,,,,0,0,0,0,0,11,11,11,17,0,17,0,242.3276748999997,,,,,,,,,,,,,,,,,,,,,,,,,,,,,,,,,,,,,,,,,,,,,,,,,,,,,,,,,,,,,,,,,,,,,,,,,,,,,,,,,,,,,,,,,,,,,242.3145347000027,242.3276748999997,242.3276748999997,242.3276748999997,242.51175839999996,None,,,,,,,,,,,,,,,,,,,,,,,,,,,,,,,,P2887,Bar_MIC,3,1,2026-05-11_17h28.42.991,MIC_task,,2026.1.2,59.486276515657686,2026-05-11 17h28.44.439398 +0200,
,,18,0,18,,,,,,,3,t01,fogkefe,toothbrush,8,tools,bathroom,6.8,17,None,51,None,"(0.1, 0)",None,,,,,,,,,,,,,,0,0,0,0,0,11,11,11,18,0,18,0,242.52808480000022,,,,,,,,,,,,,,,,,,,,,,,,,,,,,,,,,,,,,,,,,,,,,,,,,,,,,,,,,,,,,,,,,,,,,,,,,,,,,,,,,,,,,,,,,,,,,242.51465550000285,242.52808480000022,242.52808480000022,242.52808480000022,242.71189420000155,None,,,,,,,,,,,,,,,,,,,,,,,,,,,,,,,,P2887,Bar_MIC,3,1,2026-05-11_17h28.42.991,MIC_task,,2026.1.2,59.486276515657686,2026-05-11 17h28.44.439398 +0200,
,,19,0,19,,,,,,,3,t01,fogkefe,toothbrush,8,tools,bathroom,6.8,17,None,51,None,"(0.1, 0)",None,,,,,,,,,,,,,,0,0,0,0,0,11,11,11,19,0,19,0,242.72848650000014,,,,,,,,,,,,,,,,,,,,,,,,,,,,,,,,,,,,,,,,,,,,,,,,,,,,,,,,,,,,,,,,,,,,,,,,,,,,,,,,,,,,,,,,,,,,,242.71448480000254,242.72848650000014,242.72848650000014,242.72848650000014,242.9128195000012,None,,,,,,,,,,,,,,,,,,,,,,,,,,,,,,,,P2887,Bar_MIC,3,1,2026-05-11_17h28.42.991,MIC_task,,2026.1.2,59.486276515657686,2026-05-11 17h28.44.439398 +0200,
,,20,0,20,,,,,,,3,t01,fogkefe,toothbrush,8,tools,bathroom,6.8,17,None,51,None,"(0.1, 0)",None,,,,,,,,,,,,,,0,0,0,0,0,11,11,11,20,0,20,0,242.92870250000124,,,,,,,,,,,,,,,,,,,,,,,,,,,,,,,,,,,,,,,,,,,,,,,,,,,,,,,,,,,,,,,,,,,,,,,,,,,,,,,,,,,,,,,,,,,,,242.91557470000043,242.92870250000124,242.92870250000124,242.92870250000124,243.11287860000084,None,,,,,,,,,,,,,,,,,,,,,,,,,,,,,,,,P2887,Bar_MIC,3,1,2026-05-11_17h28.42.991,MIC_task,,2026.1.2,59.486276515657686,2026-05-11 17h28.44.439398 +0200,
,,21,0,21,,,,,,,3,t01,fogkefe,toothbrush,8,tools,bathroom,6.8,17,None,51,None,"(0.1, 0)",None,,,,,,,,,,,,,,0,0,0,0,0,11,11,11,21,0,21,0,243.12915870000143,,,,,,,,,,,,,,,,,,,,,,,,,,,,,,,,,,,,,,,,,,,,,,,,,,,,,,,,,,,,,,,,,,,,,,,,,,,,,,,,,,,,,,,,,,,,,243.11546920000183,243.12915870000143,243.12915870000143,243.12915870000143,243.31351110000105,None,,,,,,,,,,,,,,,,,,,,,,,,,,,,,,,,P2887,Bar_MIC,3,1,2026-05-11_17h28.42.991,MIC_task,,2026.1.2,59.486276515657686,2026-05-11 17h28.44.439398 +0200,
,,22,0,22,,,,,,,3,t01,fogkefe,toothbrush,8,tools,bathroom,6.8,17,None,51,None,"(0.1, 0)",None,,,,,,,,,,,,,,0,0,0,0,0,11,11,11,22,0,22,0,243.32880149999983,,,,,,,,,,,,,,,,,,,,,,,,,,,,,,,,,,,,,,,,,,,,,,,,,,,,,,,,,,,,,,,,,,,,,,,,,,,,,,,,,,,,,,,,,,,,,243.31643430000258,243.32880149999983,243.32880149999983,243.32880149999983,243.51370510000197,None,,,,,,,,,,,,,,,,,,,,,,,,,,,,,,,,P2887,Bar_MIC,3,1,2026-05-11_17h28.42.991,MIC_task,,2026.1.2,59.486276515657686,2026-05-11 17h28.44.439398 +0200,
,,23,0,23,,,,,,,3,t01,fogkefe,toothbrush,8,tools,bathroom,6.8,17,None,51,None,"(0.1, 0)",None,,,,,,,,,,,,,,0,0,0,0,0,11,11,11,23,0,23,0,243.52914910000254,,,,,,,,,,,,,,,,,,,,,,,,,,,,,,,,,,,,,,,,,,,,,,,,,,,,,,,,,,,,,,,,,,,,,,,,,,,,,,,,,,,,,,,,,,,,,243.5166672000014,243.52914910000254,243.52914910000254,243.52914910000254,243.71290670000235,None,,,,,,,,,,,,,,,,,,,,,,,,,,,,,,,,P2887,Bar_MIC,3,1,2026-05-11_17h28.42.991,MIC_task,,2026.1.2,59.486276515657686,2026-05-11 17h28.44.439398 +0200,
,,24,0,24,,,,,,,3,t01,fogkefe,toothbrush,8,tools,bathroom,6.8,17,None,51,None,"(0.1, 0)",None,,,,,,,,,,,,,,0,0,0,0,0,11,11,11,24,0,24,0,243.72953710000002,,,,,,,,,,,,,,,,,,,,,,,,,,,,,,,,,,,,,,,,,,,,,,,,,,,,,,,,,,,,,,,,,,,,,,,,,,,,,,,,,,,,,,,,,,,,,243.7155296000019,243.72953710000002,243.72953710000002,243.72953710000002,243.9136247000024,None,,,,,,,,,,,,,,,,,,,,,,,,,,,,,,,,P2887,Bar_MIC,3,1,2026-05-11_17h28.42.991,MIC_task,,2026.1.2,59.486276515657686,2026-05-11 17h28.44.439398 +0200,
,,25,0,25,,,,,,,3,t01,fogkefe,toothbrush,8,tools,bathroom,6.8,17,None,51,None,"(0.1, 0)",None,,,,,,,,,,,,,,0,0,0,0,0,11,11,11,25,0,25,0,243.9299570000003,,,,,,,,,,,,,,,,,,,,,,,,,,,,,,,,,,,,,,,,,,,,,,,,,,,,,,,,,,,,,,,,,,,,,,,,,,,,,,,,,,,,,,,,,,,,,243.91651550000097,243.9299570000003,243.9299570000003,243.9299570000003,244.1137946000017,None,,,,,,,,,,,,,,,,,,,,,,,,,,,,,,,,P2887,Bar_MIC,3,1,2026-05-11_17h28.42.991,MIC_task,,2026.1.2,59.486276515657686,2026-05-11 17h28.44.439398 +0200,
,,26,0,26,,,,,,,3,t01,fogkefe,toothbrush,8,tools,bathroom,6.8,17,None,51,None,"(0.1, 0)",None,,,,,,,,,,,,,,0,0,0,0,0,11,11,11,26,0,26,0,244.1303454000008,,,,,,,,,,,,,,,,,,,,,,,,,,,,,,,,,,,,,,,,,,,,,,,,,,,,,,,,,,,,,,,,,,,,,,,,,,,,,,,,,,,,,,,,,,,,,244.11667090000265,244.1303454000008,244.1303454000008,244.1303454000008,244.31458080000084,None,,,,,,,,,,,,,,,,,,,,,,,,,,,,,,,,P2887,Bar_MIC,3,1,2026-05-11_17h28.42.991,MIC_task,,2026.1.2,59.486276515657686,2026-05-11 17h28.44.439398 +0200,
,,27,0,27,,,,,,,3,t01,fogkefe,toothbrush,8,tools,bathroom,6.8,17,None,51,None,"(0.1, 0)",None,,,,,,,,,,,,,,0,0,0,0,0,11,11,11,27,0,27,0,244.33071810000183,,,,,,,,,,,,,,,,,,,,,,,,,,,,,,,,,,,,,,,,,,,,,,,,,,,,,,,,,,,,,,,,,,,,,,,,,,,,,,,,,,,,,,,,,,,,,244.3174426000005,244.33071810000183,244.33071810000183,244.33071810000183,244.51453120000224,None,,,,,,,,,,,,,,,,,,,,,,,,,,,,,,,,P2887,Bar_MIC,3,1,2026-05-11_17h28.42.991,MIC_task,,2026.1.2,59.486276515657686,2026-05-11 17h28.44.439398 +0200,
,,28,0,28,,,,,,,3,t01,fogkefe,toothbrush,8,tools,bathroom,6.8,17,None,51,None,"(0.1, 0)",None,,,,,,,,,,,,,,0,0,0,0,0,11,11,11,28,0,28,0,244.53105700000015,,,,,,,,,,,,,,,,,,,,,,,,,,,,,,,,,,,,,,,,,,,,,,,,,,,,,,,,,,,,,,,,,,,,,,,,,,,,,,,,,,,,,,,,,,,,,244.51709699999992,244.53105700000015,244.53105700000015,244.53105700000015,244.71528899999976,None,,,,,,,,,,,,,,,,,,,,,,,,,,,,,,,,P2887,Bar_MIC,3,1,2026-05-11_17h28.42.991,MIC_task,,2026.1.2,59.486276515657686,2026-05-11 17h28.44.439398 +0200,
,,29,0,29,,,,,,,3,t01,fogkefe,toothbrush,8,tools,bathroom,6.8,17,None,51,None,"(0.1, 0)",None,,,,,,,,,,,,,,0,0,0,0,0,11,11,11,29,0,29,0,244.73138370000015,,,,,,,,,,,,,,,,,,,,,,,,,,,,,,,,,,,,,,,,,,,,,,,,,,,,,,,,,,,,,,,,,,,,,,,,,,,,,,,,,,,,,,,,,,,,,244.71815740000238,244.73138370000015,244.73138370000015,244.73138370000015,244.9156303000018,None,,,,,,,,,,,,,,,,,,,,,,,,,,,,,,,,P2887,Bar_MIC,3,1,2026-05-11_17h28.42.991,MIC_task,,2026.1.2,59.486276515657686,2026-05-11 17h28.44.439398 +0200,
,,30,0,30,,,,,,,3,t01,fogkefe,toothbrush,8,tools,bathroom,6.8,17,None,51,None,"(0.1, 0)",None,,,,,,,,,,,,,,0,0,0,0,0,11,11,11,30,0,30,0,244.93166070000007,,,,,,,,,,,,,,,,,,,,,,,,,,,,,,,,,,,,,,,,,,,,,,,,,,,,,,,,,,,,,,,,,,,,,,,,,,,,,,,,,,,,,,,,,,,,,244.91841100000238,244.93166070000007,244.93166070000007,244.93166070000007,245.11600380000164,None,,,,,,,,,,,,,,,,,,,,,,,,,,,,,,,,P2887,Bar_MIC,3,1,2026-05-11_17h28.42.991,MIC_task,,2026.1.2,59.486276515657686,2026-05-11 17h28.44.439398 +0200,
,,31,0,31,,,,,,,3,t01,fogkefe,toothbrush,8,tools,bathroom,6.8,17,None,51,None,"(0.1, 0)",None,,,,,,,,,,,,,,0,0,0,0,0,11,11,11,31,0,31,0,245.13209560000178,,,,,,,,,,,,,,,,,,,,,,,,,,,,,,,,,,,,,,,,,,,,,,,,,,,,,,,,,,,,,,,,,,,,,,,,,,,,,,,,,,,,,,,,,,,,,245.11882120000155,245.13209560000178,245.13209560000178,245.13209560000178,245.31589470000108,None,,,,,,,,,,,,,,,,,,,,,,,,,,,,,,,,P2887,Bar_MIC,3,1,2026-05-11_17h28.42.991,MIC_task,,2026.1.2,59.486276515657686,2026-05-11 17h28.44.439398 +0200,
,,32,0,32,,,,,,,3,t01,fogkefe,toothbrush,8,tools,bathroom,6.8,17,None,51,None,"(0.1, 0)",None,,,,,,,,,,,,,,0,0,0,0,0,11,11,11,32,0,32,0,245.33248300000196,,,,,,,,,,,,,,,,,,,,,,,,,,,,,,,,,,,,,,,,,,,,,,,,,,,,,,,,,,,,,,,,,,,,,,,,,,,,,,,,,,,,,,,,,,,,,245.31853290000072,245.33248300000196,245.33248300000196,245.33248300000196,245.51678480000191,None,,,,,,,,,,,,,,,,,,,,,,,,,,,,,,,,P2887,Bar_MIC,3,1,2026-05-11_17h28.42.991,MIC_task,,2026.1.2,59.486276515657686,2026-05-11 17h28.44.439398 +0200,
,,33,0,33,,,,,,,3,t01,fogkefe,toothbrush,8,tools,bathroom,6.8,17,None,51,None,"(0.1, 0)",None,,,,,,,,,,,,,,0,0,0,0,0,11,11,11,33,0,33,0,245.53277330000128,,,,,,,,,,,,,,,,,,,,,,,,,,,,,,,,,,,,,,,,,,,,,,,,,,,,,,,,,,,,,,,,,,,,,,,,,,,,,,,,,,,,,,,,,,,,,245.51938070000324,245.53277330000128,245.53277330000128,245.53277330000128,245.71696050000173,None,,,,,,,,,,,,,,,,,,,,,,,,,,,,,,,,P2887,Bar_MIC,3,1,2026-05-11_17h28.42.991,MIC_task,,2026.1.2,59.486276515657686,2026-05-11 17h28.44.439398 +0200,
,,34,0,34,,,,,,,3,t01,fogkefe,toothbrush,8,tools,bathroom,6.8,17,None,51,None,"(0.1, 0)",None,,,,,,,,,,,,,,0,0,0,0,0,11,11,11,34,0,34,0,245.73252490000232,,,,,,,,,,,,,,,,,,,,,,,,,,,,,,,,,,,,,,,,,,,,,,,,,,,,,,,,,,,,,,,,,,,,,,,,,,,,,,,,,,,,,,,,,,,,,245.71997280000141,245.73252490000232,245.73252490000232,245.73252490000232,245.91744110000218,None,,,,,,,,,,,,,,,,,,,,,,,,,,,,,,,,P2887,Bar_MIC,3,1,2026-05-11_17h28.42.991,MIC_task,,2026.1.2,59.486276515657686,2026-05-11 17h28.44.439398 +0200,
,,35,0,35,,,,,,,3,t01,fogkefe,toothbrush,8,tools,bathroom,6.8,17,None,51,None,"(0.1, 0)",None,,,,,,,,,,,,,,0,0,0,0,0,11,11,11,35,0,35,0,245.93293900000208,,,,,,,,,,,,,,,,,,,,,,,,,,,,,,,,,,,,,,,,,,,,,,,,,,,,,,,,,,,,,,,,,,,,,,,,,,,,,,,,,,,,,,,,,,,,,245.92034790000253,245.93293900000208,245.93293900000208,245.93293900000208,246.11664400000154,None,,,,,,,,,,,,,,,,,,,,,,,,,,,,,,,,P2887,Bar_MIC,3,1,2026-05-11_17h28.42.991,MIC_task,,2026.1.2,59.486276515657686,2026-05-11 17h28.44.439398 +0200,
,,36,0,36,,,,,,,3,t01,fogkefe,toothbrush,8,tools,bathroom,6.8,17,None,51,None,"(0.1, 0)",None,,,,,,,,,,,,,,0,0,0,0,0,11,11,11,36,0,36,0,246.1332429000031,,,,,,,,,,,,,,,,,,,,,,,,,,,,,,,,,,,,,,,,,,,,,,,,,,,,,,,,,,,,,,,,,,,,,,,,,,,,,,,,,,,,,,,,,,,,,246.11943610000162,246.1332429000031,246.1332429000031,246.1332429000031,246.31716620000225,None,,,,,,,,,,,,,,,,,,,,,,,,,,,,,,,,P2887,Bar_MIC,3,1,2026-05-11_17h28.42.991,MIC_task,,2026.1.2,59.486276515657686,2026-05-11 17h28.44.439398 +0200,
,,37,0,37,,,,,,,3,t01,fogkefe,toothbrush,8,tools,bathroom,6.8,17,None,51,None,"(0.1, 0)",None,,,,,,,,,,,,,,0,0,0,0,0,11,11,11,37,0,37,0,246.33362910000142,,,,,,,,,,,,,,,,,,,,,,,,,,,,,,,,,,,,,,,,,,,,,,,,,,,,,,,,,,,,,,,,,,,,,,,,,,,,,,,,,,,,,,,,,,,,,246.31976570000188,246.33362910000142,246.33362910000142,246.33362910000142,246.51759140000286,None,,,,,,,,,,,,,,,,,,,,,,,,,,,,,,,,P2887,Bar_MIC,3,1,2026-05-11_17h28.42.991,MIC_task,,2026.1.2,59.486276515657686,2026-05-11 17h28.44.439398 +0200,
,,38,0,38,,,,,,,3,t01,fogkefe,toothbrush,8,tools,bathroom,6.8,17,None,51,None,"(0.1, 0)",None,,,,,,,,,,,,,,0,0,0,0,0,11,11,11,38,0,38,0,246.53402060000008,,,,,,,,,,,,,,,,,,,,,,,,,,,,,,,,,,,,,,,,,,,,,,,,,,,,,,,,,,,,,,,,,,,,,,,,,,,,,,,,,,,,,,,,,,,,,246.52056470000025,246.53402060000008,246.53402060000008,246.53402060000008,246.71803139999975,None,,,,,,,,,,,,,,,,,,,,,,,,,,,,,,,,P2887,Bar_MIC,3,1,2026-05-11_17h28.42.991,MIC_task,,2026.1.2,59.486276515657686,2026-05-11 17h28.44.439398 +0200,
,,39,0,39,,,,,,,3,t01,fogkefe,toothbrush,8,tools,bathroom,6.8,17,None,51,None,"(0.1, 0)",None,,,,,,,,,,,,,,0,0,0,0,0,11,11,11,39,0,39,0,246.7344273000017,,,,,,,,,,,,,,,,,,,,,,,,,,,,,,,,,,,,,,,,,,,,,,,,,,,,,,,,,,,,,,,,,,,,,,,,,,,,,,,,,,,,,,,,,,,,,246.72092560000237,246.7344273000017,246.7344273000017,246.7344273000017,246.91828650000025,None,,,,,,,,,,,,,,,,,,,,,,,,,,,,,,,,P2887,Bar_MIC,3,1,2026-05-11_17h28.42.991,MIC_task,,2026.1.2,59.486276515657686,2026-05-11 17h28.44.439398 +0200,
,,40,0,40,,,,,,,3,t01,fogkefe,toothbrush,8,tools,bathroom,6.8,17,None,51,None,"(0.1, 0)",space,0.12031869999918854,None,,,,,,,,,,,,0,0,0,0,0,11,11,11,40,0,40,0,246.93475890000263,,,,,,,,,,,,,,,,,,,,,,,,,,,,,,,,,,,,,,,,,,,,,,,,,,,,,,,,,,,,,,,,,,,,,,,,,,,,,,,,,,,,,,,,,,,,,246.92144370000096,246.93475890000263,246.93475890000263,246.93475890000263,247.06901130000188,space,0.12031869999918854,None,,,,,,,,,,,,,,,,,,,,,,,,,,,,,,P2887,Bar_MIC,3,1,2026-05-11_17h28.42.991,MIC_task,,2026.1.2,59.486276515657686,2026-05-11 17h28.44.439398 +0200,
,,11,11,0,,,,space,1.6579830000009679,None,3,t01,fogkefe,toothbrush,8,tools,bathroom,6.8,17,None,51,None,"(0.1, 0)",,,,,,,,,,,,,,,0,0,0,0,0,11,11,11,,,,,,,,,,,,,,,,,,,,,,,,,,,,,,,,,,,,,,,,,,,,,,,,,,,,,,,,,,,,,,,,,,,,,,,,,,,,,,,,,247.13212250000288,247.13707100000101,247.1348286666699,249.0719405000018,,,,,,251.0753392000006,251.09075310000117,251.09075310000117,252.7612442000027,,,,,,,,,,,,,249.09735960000035,249.10284030000184,249.1051520333354,250.9912514000025,251.07529419999992,space,1.6579830000009679,None,,,,,,,,,,,,,,,,,,,,,,P2887,Bar_MIC,3,1,2026-05-11_17h28.42.991,MIC_task,,2026.1.2,59.486276515657686,2026-05-11 17h28.44.439398 +0200,
,,0,0,0,,,,,,,3,b01,orr,nose,2,bodypart,face,7,73,19,35,None,"(-0.1, 0.1)",None,,,,,,,,,,,,,,0,0,0,0,0,12,12,12,0,0,0,0,252.78598179999972,,,,,,,,,,,,,,,,,,,,,,,,,,,,,,,,,,,,,,,,,,,,,,,,,,,,,,,,,,,,,,,,,,,,,,,,,,,,,,,,,,,,,,,,,,,,,252.78122260000237,252.78598179999972,252.78598179999972,252.78598179999972,252.97742690000086,None,,,,,,,,,,,,,,,,,,,,,,,,,,,,,,,,P2887,Bar_MIC,3,1,2026-05-11_17h28.42.991,MIC_task,,2026.1.2,59.486276515657686,2026-05-11 17h28.44.439398 +0200,
,,0,0,0,,,,,,,3,b01,orr,nose,2,bodypart,face,7,73,19,35,None,"(-0.1, 0.1)",None,,,,,,,,,,,,,,0,0,0,0,0,12,12,12,0,0,0,0,252.99419630000193,,,,,,,,,,,,,,,,,,,,,,,,,,,,,,,,,,,,,,,,,,,,,,,,,,,,,,,,,,,,,,,,,,,,,,,,,,,,,,,,,,,,,,,,,,,,,252.980639100002,252.99419630000193,252.99419630000193,252.99419630000193,253.17818040000202,None,,,,,,,,,,,,,,,,,,,,,,,,,,,,,,,,P2887,Bar_MIC,3,1,2026-05-11_17h28.42.991,MIC_task,,2026.1.2,59.486276515657686,2026-05-11 17h28.44.439398 +0200,
,,1,0,1,,,,,,,3,b01,orr,nose,2,bodypart,face,7,73,19,35,None,"(-0.1, 0.1)",None,,,,,,,,,,,,,,0,0,0,0,0,12,12,12,1,0,1,0,253.194319000002,,,,,,,,,,,,,,,,,,,,,,,,,,,,,,,,,,,,,,,,,,,,,,,,,,,,,,,,,,,,,,,,,,,,,,,,,,,,,,,,,,,,,,,,,,,,,253.18125220000002,253.194319000002,253.194319000002,253.194319000002,253.36170230000062,None,,,,,,,,,,,,,,,,,,,,,,,,,,,,,,,,P2887,Bar_MIC,3,1,2026-05-11_17h28.42.991,MIC_task,,2026.1.2,59.486276515657686,2026-05-11 17h28.44.439398 +0200,
,,2,0,2,,,,,,,3,b01,orr,nose,2,bodypart,face,7,73,19,35,None,"(-0.1, 0.1)",None,,,,,,,,,,,,,,0,0,0,0,0,12,12,12,2,0,2,0,253.3778867000001,,,,,,,,,,,,,,,,,,,,,,,,,,,,,,,,,,,,,,,,,,,,,,,,,,,,,,,,,,,,,,,,,,,,,,,,,,,,,,,,,,,,,,,,,,,,,253.3648772000015,253.3778867000001,253.3778867000001,253.3778867000001,253.56220700000267,None,,,,,,,,,,,,,,,,,,,,,,,,,,,,,,,,P2887,Bar_MIC,3,1,2026-05-11_17h28.42.991,MIC_task,,2026.1.2,59.486276515657686,2026-05-11 17h28.44.439398 +0200,
,,3,0,3,,,,,,,3,b01,orr,nose,2,bodypart,face,7,73,19,35,None,"(-0.1, 0.1)",None,,,,,,,,,,,,,,0,0,0,0,0,12,12,12,3,0,3,0,253.57832130000315,,,,,,,,,,,,,,,,,,,,,,,,,,,,,,,,,,,,,,,,,,,,,,,,,,,,,,,,,,,,,,,,,,,,,,,,,,,,,,,,,,,,,,,,,,,,,253.56517290000193,253.57832130000315,253.57832130000315,253.57832130000315,253.76262510000015,None,,,,,,,,,,,,,,,,,,,,,,,,,,,,,,,,P2887,Bar_MIC,3,1,2026-05-11_17h28.42.991,MIC_task,,2026.1.2,59.486276515657686,2026-05-11 17h28.44.439398 +0200,
,,4,0,4,,,,,,,3,b01,orr,nose,2,bodypart,face,7,73,19,35,None,"(-0.1, 0.1)",None,,,,,,,,,,,,,,0,0,0,0,0,12,12,12,4,0,4,0,253.77856760000213,,,,,,,,,,,,,,,,,,,,,,,,,,,,,,,,,,,,,,,,,,,,,,,,,,,,,,,,,,,,,,,,,,,,,,,,,,,,,,,,,,,,,,,,,,,,,253.76598970000123,253.77856760000213,253.77856760000213,253.77856760000213,253.96266280000054,None,,,,,,,,,,,,,,,,,,,,,,,,,,,,,,,,P2887,Bar_MIC,3,1,2026-05-11_17h28.42.991,MIC_task,,2026.1.2,59.486276515657686,2026-05-11 17h28.44.439398 +0200,
,,5,0,5,,,,,,,3,b01,orr,nose,2,bodypart,face,7,73,19,35,None,"(-0.1, 0.1)",None,,,,,,,,,,,,,,0,0,0,0,0,12,12,12,5,0,5,0,253.97900010000012,,,,,,,,,,,,,,,,,,,,,,,,,,,,,,,,,,,,,,,,,,,,,,,,,,,,,,,,,,,,,,,,,,,,,,,,,,,,,,,,,,,,,,,,,,,,,253.9660640000002,253.97900010000012,253.97900010000012,253.97900010000012,254.1637496000003,None,,,,,,,,,,,,,,,,,,,,,,,,,,,,,,,,P2887,Bar_MIC,3,1,2026-05-11_17h28.42.991,MIC_task,,2026.1.2,59.486276515657686,2026-05-11 17h28.44.439398 +0200,
,,6,0,6,,,,,,,3,b01,orr,nose,2,bodypart,face,7,73,19,35,None,"(-0.1, 0.1)",None,,,,,,,,,,,,,,0,0,0,0,0,12,12,12,6,0,6,0,254.17867699999988,,,,,,,,,,,,,,,,,,,,,,,,,,,,,,,,,,,,,,,,,,,,,,,,,,,,,,,,,,,,,,,,,,,,,,,,,,,,,,,,,,,,,,,,,,,,,254.16690940000262,254.17867699999988,254.17867699999988,254.17867699999988,254.36362999999983,None,,,,,,,,,,,,,,,,,,,,,,,,,,,,,,,,P2887,Bar_MIC,3,1,2026-05-11_17h28.42.991,MIC_task,,2026.1.2,59.486276515657686,2026-05-11 17h28.44.439398 +0200,
,,7,0,7,,,,,,,3,b01,orr,nose,2,bodypart,face,7,73,19,35,None,"(-0.1, 0.1)",None,,,,,,,,,,,,,,0,0,0,0,0,12,12,12,7,0,7,0,254.3790826000004,,,,,,,,,,,,,,,,,,,,,,,,,,,,,,,,,,,,,,,,,,,,,,,,,,,,,,,,,,,,,,,,,,,,,,,,,,,,,,,,,,,,,,,,,,,,,254.36675970000215,254.3790826000004,254.3790826000004,254.3790826000004,254.56392340000093,None,,,,,,,,,,,,,,,,,,,,,,,,,,,,,,,,P2887,Bar_MIC,3,1,2026-05-11_17h28.42.991,MIC_task,,2026.1.2,59.486276515657686,2026-05-11 17h28.44.439398 +0200,
,,8,0,8,,,,,,,3,b01,orr,nose,2,bodypart,face,7,73,19,35,None,"(-0.1, 0.1)",None,,,,,,,,,,,,,,0,0,0,0,0,12,12,12,8,0,8,0,254.57944950000092,,,,,,,,,,,,,,,,,,,,,,,,,,,,,,,,,,,,,,,,,,,,,,,,,,,,,,,,,,,,,,,,,,,,,,,,,,,,,,,,,,,,,,,,,,,,,254.56725180000285,254.57944950000092,254.57944950000092,254.57944950000092,254.76309720000063,None,,,,,,,,,,,,,,,,,,,,,,,,,,,,,,,,P2887,Bar_MIC,3,1,2026-05-11_17h28.42.991,MIC_task,,2026.1.2,59.486276515657686,2026-05-11 17h28.44.439398 +0200,
,,9,0,9,,,,,,,3,b01,orr,nose,2,bodypart,face,7,73,19,35,None,"(-0.1, 0.1)",None,,,,,,,,,,,,,,0,0,0,0,0,12,12,12,9,0,9,0,254.77976390000185,,,,,,,,,,,,,,,,,,,,,,,,,,,,,,,,,,,,,,,,,,,,,,,,,,,,,,,,,,,,,,,,,,,,,,,,,,,,,,,,,,,,,,,,,,,,,254.76626709999982,254.77976390000185,254.77976390000185,254.77976390000185,254.96474959999978,None,,,,,,,,,,,,,,,,,,,,,,,,,,,,,,,,P2887,Bar_MIC,3,1,2026-05-11_17h28.42.991,MIC_task,,2026.1.2,59.486276515657686,2026-05-11 17h28.44.439398 +0200,
,,10,0,10,,,,,,,3,b01,orr,nose,2,bodypart,face,7,73,19,35,None,"(-0.1, 0.1)",None,,,,,,,,,,,,,,0,0,0,0,0,12,12,12,10,0,10,0,254.98015000000305,,,,,,,,,,,,,,,,,,,,,,,,,,,,,,,,,,,,,,,,,,,,,,,,,,,,,,,,,,,,,,,,,,,,,,,,,,,,,,,,,,,,,,,,,,,,,254.9677382000009,254.98015000000305,254.98015000000305,254.98015000000305,255.16414710000026,None,,,,,,,,,,,,,,,,,,,,,,,,,,,,,,,,P2887,Bar_MIC,3,1,2026-05-11_17h28.42.991,MIC_task,,2026.1.2,59.486276515657686,2026-05-11 17h28.44.439398 +0200,
,,11,0,11,,,,,,,3,b01,orr,nose,2,bodypart,face,7,73,19,35,None,"(-0.1, 0.1)",None,,,,,,,,,,,,,,0,0,0,0,0,12,12,12,11,0,11,0,255.18059840000205,,,,,,,,,,,,,,,,,,,,,,,,,,,,,,,,,,,,,,,,,,,,,,,,,,,,,,,,,,,,,,,,,,,,,,,,,,,,,,,,,,,,,,,,,,,,,255.16725850000148,255.18059840000205,255.18059840000205,255.18059840000205,255.36449619999985,None,,,,,,,,,,,,,,,,,,,,,,,,,,,,,,,,P2887,Bar_MIC,3,1,2026-05-11_17h28.42.991,MIC_task,,2026.1.2,59.486276515657686,2026-05-11 17h28.44.439398 +0200,
,,12,0,12,,,,,,,3,b01,orr,nose,2,bodypart,face,7,73,19,35,None,"(-0.1, 0.1)",None,,,,,,,,,,,,,,0,0,0,0,0,12,12,12,12,0,12,0,255.38101470000038,,,,,,,,,,,,,,,,,,,,,,,,,,,,,,,,,,,,,,,,,,,,,,,,,,,,,,,,,,,,,,,,,,,,,,,,,,,,,,,,,,,,,,,,,,,,,255.3673815000002,255.38101470000038,255.38101470000038,255.38101470000038,255.5647839000012,None,,,,,,,,,,,,,,,,,,,,,,,,,,,,,,,,P2887,Bar_MIC,3,1,2026-05-11_17h28.42.991,MIC_task,,2026.1.2,59.486276515657686,2026-05-11 17h28.44.439398 +0200,
,,13,0,13,,,,,,,3,b01,orr,nose,2,bodypart,face,7,73,19,35,None,"(-0.1, 0.1)",None,,,,,,,,,,,,,,0,0,0,0,0,12,12,12,13,0,13,0,255.58142280000175,,,,,,,,,,,,,,,,,,,,,,,,,,,,,,,,,,,,,,,,,,,,,,,,,,,,,,,,,,,,,,,,,,,,,,,,,,,,,,,,,,,,,,,,,,,,,255.5680554999999,255.58142280000175,255.58142280000175,255.58142280000175,255.76536080000005,None,,,,,,,,,,,,,,,,,,,,,,,,,,,,,,,,P2887,Bar_MIC,3,1,2026-05-11_17h28.42.991,MIC_task,,2026.1.2,59.486276515657686,2026-05-11 17h28.44.439398 +0200,
,,14,0,14,,,,,,,3,b01,orr,nose,2,bodypart,face,7,73,19,35,None,"(-0.1, 0.1)",None,,,,,,,,,,,,,,0,0,0,0,0,12,12,12,14,0,14,0,255.78158220000114,,,,,,,,,,,,,,,,,,,,,,,,,,,,,,,,,,,,,,,,,,,,,,,,,,,,,,,,,,,,,,,,,,,,,,,,,,,,,,,,,,,,,,,,,,,,,255.76825830000234,255.78158220000114,255.78158220000114,255.78158220000114,255.9657350000016,None,,,,,,,,,,,,,,,,,,,,,,,,,,,,,,,,P2887,Bar_MIC,3,1,2026-05-11_17h28.42.991,MIC_task,,2026.1.2,59.486276515657686,2026-05-11 17h28.44.439398 +0200,
,,15,0,15,,,,,,,3,b01,orr,nose,2,bodypart,face,7,73,19,35,None,"(-0.1, 0.1)",None,,,,,,,,,,,,,,0,0,0,0,0,12,12,12,15,0,15,0,255.9819755000026,,,,,,,,,,,,,,,,,,,,,,,,,,,,,,,,,,,,,,,,,,,,,,,,,,,,,,,,,,,,,,,,,,,,,,,,,,,,,,,,,,,,,,,,,,,,,255.96862500000134,255.9819755000026,255.9819755000026,255.9819755000026,256.166298600001,None,,,,,,,,,,,,,,,,,,,,,,,,,,,,,,,,P2887,Bar_MIC,3,1,2026-05-11_17h28.42.991,MIC_task,,2026.1.2,59.486276515657686,2026-05-11 17h28.44.439398 +0200,
,,16,0,16,,,,,,,3,b01,orr,nose,2,bodypart,face,7,73,19,35,None,"(-0.1, 0.1)",None,,,,,,,,,,,,,,0,0,0,0,0,12,12,12,16,0,16,0,256.18239350000295,,,,,,,,,,,,,,,,,,,,,,,,,,,,,,,,,,,,,,,,,,,,,,,,,,,,,,,,,,,,,,,,,,,,,,,,,,,,,,,,,,,,,,,,,,,,,256.16917300000205,256.18239350000295,256.18239350000295,256.18239350000295,256.3665804000011,None,,,,,,,,,,,,,,,,,,,,,,,,,,,,,,,,P2887,Bar_MIC,3,1,2026-05-11_17h28.42.991,MIC_task,,2026.1.2,59.486276515657686,2026-05-11 17h28.44.439398 +0200,
,,17,0,17,,,,,,,3,b01,orr,nose,2,bodypart,face,7,73,19,35,None,"(-0.1, 0.1)",None,,,,,,,,,,,,,,0,0,0,0,0,12,12,12,17,0,17,0,256.38276320000296,,,,,,,,,,,,,,,,,,,,,,,,,,,,,,,,,,,,,,,,,,,,,,,,,,,,,,,,,,,,,,,,,,,,,,,,,,,,,,,,,,,,,,,,,,,,,256.36919560000024,256.38276320000296,256.38276320000296,256.38276320000296,256.5665012999998,None,,,,,,,,,,,,,,,,,,,,,,,,,,,,,,,,P2887,Bar_MIC,3,1,2026-05-11_17h28.42.991,MIC_task,,2026.1.2,59.486276515657686,2026-05-11 17h28.44.439398 +0200,
,,18,0,18,,,,,,,3,b01,orr,nose,2,bodypart,face,7,73,19,35,None,"(-0.1, 0.1)",None,,,,,,,,,,,,,,0,0,0,0,0,12,12,12,18,0,18,0,256.5824250000005,,,,,,,,,,,,,,,,,,,,,,,,,,,,,,,,,,,,,,,,,,,,,,,,,,,,,,,,,,,,,,,,,,,,,,,,,,,,,,,,,,,,,,,,,,,,,256.56965800000035,256.5824250000005,256.5824250000005,256.5824250000005,256.76731780000046,None,,,,,,,,,,,,,,,,,,,,,,,,,,,,,,,,P2887,Bar_MIC,3,1,2026-05-11_17h28.42.991,MIC_task,,2026.1.2,59.486276515657686,2026-05-11 17h28.44.439398 +0200,
,,19,0,19,,,,,,,3,b01,orr,nose,2,bodypart,face,7,73,19,35,None,"(-0.1, 0.1)",None,,,,,,,,,,,,,,0,0,0,0,0,12,12,12,19,0,19,0,256.7828205000005,,,,,,,,,,,,,,,,,,,,,,,,,,,,,,,,,,,,,,,,,,,,,,,,,,,,,,,,,,,,,,,,,,,,,,,,,,,,,,,,,,,,,,,,,,,,,256.77047440000024,256.7828205000005,256.7828205000005,256.7828205000005,256.9664875000017,None,,,,,,,,,,,,,,,,,,,,,,,,,,,,,,,,P2887,Bar_MIC,3,1,2026-05-11_17h28.42.991,MIC_task,,2026.1.2,59.486276515657686,2026-05-11 17h28.44.439398 +0200,
,,20,0,20,,,,,,,3,b01,orr,nose,2,bodypart,face,7,73,19,35,None,"(-0.1, 0.1)",None,,,,,,,,,,,,,,0,0,0,0,0,12,12,12,20,0,20,0,256.9831697000009,,,,,,,,,,,,,,,,,,,,,,,,,,,,,,,,,,,,,,,,,,,,,,,,,,,,,,,,,,,,,,,,,,,,,,,,,,,,,,,,,,,,,,,,,,,,,256.9695172000029,256.9831697000009,256.9831697000009,256.9831697000009,257.1681645000026,None,,,,,,,,,,,,,,,,,,,,,,,,,,,,,,,,P2887,Bar_MIC,3,1,2026-05-11_17h28.42.991,MIC_task,,2026.1.2,59.486276515657686,2026-05-11 17h28.44.439398 +0200,
,,21,0,21,,,,,,,3,b01,orr,nose,2,bodypart,face,7,73,19,35,None,"(-0.1, 0.1)",None,,,,,,,,,,,,,,0,0,0,0,0,12,12,12,21,0,21,0,257.1834663000009,,,,,,,,,,,,,,,,,,,,,,,,,,,,,,,,,,,,,,,,,,,,,,,,,,,,,,,,,,,,,,,,,,,,,,,,,,,,,,,,,,,,,,,,,,,,,257.1712757000023,257.1834663000009,257.1834663000009,257.1834663000009,257.3676317000027,None,,,,,,,,,,,,,,,,,,,,,,,,,,,,,,,,P2887,Bar_MIC,3,1,2026-05-11_17h28.42.991,MIC_task,,2026.1.2,59.486276515657686,2026-05-11 17h28.44.439398 +0200,
,,22,0,22,,,,,,,3,b01,orr,nose,2,bodypart,face,7,73,19,35,None,"(-0.1, 0.1)",None,,,,,,,,,,,,,,0,0,0,0,0,12,12,12,22,0,22,0,257.3839340000013,,,,,,,,,,,,,,,,,,,,,,,,,,,,,,,,,,,,,,,,,,,,,,,,,,,,,,,,,,,,,,,,,,,,,,,,,,,,,,,,,,,,,,,,,,,,,257.37049200000183,257.3839340000013,257.3839340000013,257.3839340000013,257.5676439000017,None,,,,,,,,,,,,,,,,,,,,,,,,,,,,,,,,P2887,Bar_MIC,3,1,2026-05-11_17h28.42.991,MIC_task,,2026.1.2,59.486276515657686,2026-05-11 17h28.44.439398 +0200,
,,23,0,23,,,,,,,3,b01,orr,nose,2,bodypart,face,7,73,19,35,None,"(-0.1, 0.1)",None,,,,,,,,,,,,,,0,0,0,0,0,12,12,12,23,0,23,0,257.5843418000004,,,,,,,,,,,,,,,,,,,,,,,,,,,,,,,,,,,,,,,,,,,,,,,,,,,,,,,,,,,,,,,,,,,,,,,,,,,,,,,,,,,,,,,,,,,,,257.5707951000004,257.5843418000004,257.5843418000004,257.5843418000004,257.7682894000027,None,,,,,,,,,,,,,,,,,,,,,,,,,,,,,,,,P2887,Bar_MIC,3,1,2026-05-11_17h28.42.991,MIC_task,,2026.1.2,59.486276515657686,2026-05-11 17h28.44.439398 +0200,
,,24,0,24,,,,,,,3,b01,orr,nose,2,bodypart,face,7,73,19,35,None,"(-0.1, 0.1)",None,,,,,,,,,,,,,,0,0,0,0,0,12,12,12,24,0,24,0,257.78466010000193,,,,,,,,,,,,,,,,,,,,,,,,,,,,,,,,,,,,,,,,,,,,,,,,,,,,,,,,,,,,,,,,,,,,,,,,,,,,,,,,,,,,,,,,,,,,,257.7713941000002,257.78466010000193,257.78466010000193,257.78466010000193,257.9684535000015,None,,,,,,,,,,,,,,,,,,,,,,,,,,,,,,,,P2887,Bar_MIC,3,1,2026-05-11_17h28.42.991,MIC_task,,2026.1.2,59.486276515657686,2026-05-11 17h28.44.439398 +0200,
,,25,0,25,,,,,,,3,b01,orr,nose,2,bodypart,face,7,73,19,35,None,"(-0.1, 0.1)",None,,,,,,,,,,,,,,0,0,0,0,0,12,12,12,25,0,25,0,257.98487650000243,,,,,,,,,,,,,,,,,,,,,,,,,,,,,,,,,,,,,,,,,,,,,,,,,,,,,,,,,,,,,,,,,,,,,,,,,,,,,,,,,,,,,,,,,,,,,257.97209980000116,257.98487650000243,257.98487650000243,257.98487650000243,258.16922440000053,None,,,,,,,,,,,,,,,,,,,,,,,,,,,,,,,,P2887,Bar_MIC,3,1,2026-05-11_17h28.42.991,MIC_task,,2026.1.2,59.486276515657686,2026-05-11 17h28.44.439398 +0200,
,,26,0,26,,,,,,,3,b01,orr,nose,2,bodypart,face,7,73,19,35,None,"(-0.1, 0.1)",None,,,,,,,,,,,,,,0,0,0,0,0,12,12,12,26,0,26,0,258.18529820000185,,,,,,,,,,,,,,,,,,,,,,,,,,,,,,,,,,,,,,,,,,,,,,,,,,,,,,,,,,,,,,,,,,,,,,,,,,,,,,,,,,,,,,,,,,,,,258.1721722000002,258.18529820000185,258.18529820000185,258.18529820000185,258.36938960000043,None,,,,,,,,,,,,,,,,,,,,,,,,,,,,,,,,P2887,Bar_MIC,3,1,2026-05-11_17h28.42.991,MIC_task,,2026.1.2,59.486276515657686,2026-05-11 17h28.44.439398 +0200,
,,27,0,27,,,,,,,3,b01,orr,nose,2,bodypart,face,7,73,19,35,None,"(-0.1, 0.1)",None,,,,,,,,,,,,,,0,0,0,0,0,12,12,12,27,0,27,0,258.3856452,,,,,,,,,,,,,,,,,,,,,,,,,,,,,,,,,,,,,,,,,,,,,,,,,,,,,,,,,,,,,,,,,,,,,,,,,,,,,,,,,,,,,,,,,,,,,258.3725833999997,258.3856452,258.3856452,258.3856452,258.5703730000023,None,,,,,,,,,,,,,,,,,,,,,,,,,,,,,,,,P2887,Bar_MIC,3,1,2026-05-11_17h28.42.991,MIC_task,,2026.1.2,59.486276515657686,2026-05-11 17h28.44.439398 +0200,
,,28,0,28,,,,,,,3,b01,orr,nose,2,bodypart,face,7,73,19,35,None,"(-0.1, 0.1)",None,,,,,,,,,,,,,,0,0,0,0,0,12,12,12,28,0,28,0,258.58605460000035,,,,,,,,,,,,,,,,,,,,,,,,,,,,,,,,,,,,,,,,,,,,,,,,,,,,,,,,,,,,,,,,,,,,,,,,,,,,,,,,,,,,,,,,,,,,,258.5734397000015,258.58605460000035,258.58605460000035,258.58605460000035,258.77006910000273,None,,,,,,,,,,,,,,,,,,,,,,,,,,,,,,,,P2887,Bar_MIC,3,1,2026-05-11_17h28.42.991,MIC_task,,2026.1.2,59.486276515657686,2026-05-11 17h28.44.439398 +0200,
,,29,0,29,,,,,,,3,b01,orr,nose,2,bodypart,face,7,73,19,35,None,"(-0.1, 0.1)",None,,,,,,,,,,,,,,0,0,0,0,0,12,12,12,29,0,29,0,258.7857573000001,,,,,,,,,,,,,,,,,,,,,,,,,,,,,,,,,,,,,,,,,,,,,,,,,,,,,,,,,,,,,,,,,,,,,,,,,,,,,,,,,,,,,,,,,,,,,258.77292450000095,258.7857573000001,258.7857573000001,258.7857573000001,258.9704914000031,None,,,,,,,,,,,,,,,,,,,,,,,,,,,,,,,,P2887,Bar_MIC,3,1,2026-05-11_17h28.42.991,MIC_task,,2026.1.2,59.486276515657686,2026-05-11 17h28.44.439398 +0200,
,,30,0,30,,,,,,,3,b01,orr,nose,2,bodypart,face,7,73,19,35,None,"(-0.1, 0.1)",None,,,,,,,,,,,,,,0,0,0,0,0,12,12,12,30,0,30,0,258.98622070000056,,,,,,,,,,,,,,,,,,,,,,,,,,,,,,,,,,,,,,,,,,,,,,,,,,,,,,,,,,,,,,,,,,,,,,,,,,,,,,,,,,,,,,,,,,,,,258.9735599000014,258.98622070000056,258.98622070000056,258.98622070000056,259.1698378000001,None,,,,,,,,,,,,,,,,,,,,,,,,,,,,,,,,P2887,Bar_MIC,3,1,2026-05-11_17h28.42.991,MIC_task,,2026.1.2,59.486276515657686,2026-05-11 17h28.44.439398 +0200,
,,31,0,31,,,,,,,3,b01,orr,nose,2,bodypart,face,7,73,19,35,None,"(-0.1, 0.1)",None,,,,,,,,,,,,,,0,0,0,0,0,12,12,12,31,0,31,0,259.1864573000021,,,,,,,,,,,,,,,,,,,,,,,,,,,,,,,,,,,,,,,,,,,,,,,,,,,,,,,,,,,,,,,,,,,,,,,,,,,,,,,,,,,,,,,,,,,,,259.17295800000284,259.1864573000021,259.1864573000021,259.1864573000021,259.37148460000026,None,,,,,,,,,,,,,,,,,,,,,,,,,,,,,,,,P2887,Bar_MIC,3,1,2026-05-11_17h28.42.991,MIC_task,,2026.1.2,59.486276515657686,2026-05-11 17h28.44.439398 +0200,
,,32,0,32,,,,,,,3,b01,orr,nose,2,bodypart,face,7,73,19,35,None,"(-0.1, 0.1)",None,,,,,,,,,,,,,,0,0,0,0,0,12,12,12,32,0,32,0,259.38691670000117,,,,,,,,,,,,,,,,,,,,,,,,,,,,,,,,,,,,,,,,,,,,,,,,,,,,,,,,,,,,,,,,,,,,,,,,,,,,,,,,,,,,,,,,,,,,,259.37448460000087,259.38691670000117,259.38691670000117,259.38691670000117,259.57102360000135,None,,,,,,,,,,,,,,,,,,,,,,,,,,,,,,,,P2887,Bar_MIC,3,1,2026-05-11_17h28.42.991,MIC_task,,2026.1.2,59.486276515657686,2026-05-11 17h28.44.439398 +0200,
,,33,0,33,,,,,,,3,b01,orr,nose,2,bodypart,face,7,73,19,35,None,"(-0.1, 0.1)",None,,,,,,,,,,,,,,0,0,0,0,0,12,12,12,33,0,33,0,259.58737760000076,,,,,,,,,,,,,,,,,,,,,,,,,,,,,,,,,,,,,,,,,,,,,,,,,,,,,,,,,,,,,,,,,,,,,,,,,,,,,,,,,,,,,,,,,,,,,259.574462200002,259.58737760000076,259.58737760000076,259.58737760000076,259.771240500002,None,,,,,,,,,,,,,,,,,,,,,,,,,,,,,,,,P2887,Bar_MIC,3,1,2026-05-11_17h28.42.991,MIC_task,,2026.1.2,59.486276515657686,2026-05-11 17h28.44.439398 +0200,
,,34,0,34,,,,,,,3,b01,orr,nose,2,bodypart,face,7,73,19,35,None,"(-0.1, 0.1)",None,,,,,,,,,,,,,,0,0,0,0,0,12,12,12,34,0,34,0,259.7876087000004,,,,,,,,,,,,,,,,,,,,,,,,,,,,,,,,,,,,,,,,,,,,,,,,,,,,,,,,,,,,,,,,,,,,,,,,,,,,,,,,,,,,,,,,,,,,,259.7741163999999,259.7876087000004,259.7876087000004,259.7876087000004,259.97164970000085,None,,,,,,,,,,,,,,,,,,,,,,,,,,,,,,,,P2887,Bar_MIC,3,1,2026-05-11_17h28.42.991,MIC_task,,2026.1.2,59.486276515657686,2026-05-11 17h28.44.439398 +0200,
,,35,0,35,,,,,,,3,b01,orr,nose,2,bodypart,face,7,73,19,35,None,"(-0.1, 0.1)",None,,,,,,,,,,,,,,0,0,0,0,0,12,12,12,35,0,35,0,259.98801930000263,,,,,,,,,,,,,,,,,,,,,,,,,,,,,,,,,,,,,,,,,,,,,,,,,,,,,,,,,,,,,,,,,,,,,,,,,,,,,,,,,,,,,,,,,,,,,259.97442779999983,259.98801930000263,259.98801930000263,259.98801930000263,260.17255210000076,None,,,,,,,,,,,,,,,,,,,,,,,,,,,,,,,,P2887,Bar_MIC,3,1,2026-05-11_17h28.42.991,MIC_task,,2026.1.2,59.486276515657686,2026-05-11 17h28.44.439398 +0200,
,,36,0,36,,,,,,,3,b01,orr,nose,2,bodypart,face,7,73,19,35,None,"(-0.1, 0.1)",None,,,,,,,,,,,,,,0,0,0,0,0,12,12,12,36,0,36,0,260.1884583000028,,,,,,,,,,,,,,,,,,,,,,,,,,,,,,,,,,,,,,,,,,,,,,,,,,,,,,,,,,,,,,,,,,,,,,,,,,,,,,,,,,,,,,,,,,,,,260.17575820000275,260.1884583000028,260.1884583000028,260.1884583000028,260.3778820000007,None,,,,,,,,,,,,,,,,,,,,,,,,,,,,,,,,P2887,Bar_MIC,3,1,2026-05-11_17h28.42.991,MIC_task,,2026.1.2,59.486276515657686,2026-05-11 17h28.44.439398 +0200,
,,37,0,37,,,,,,,3,b01,orr,nose,2,bodypart,face,7,73,19,35,None,"(-0.1, 0.1)",None,,,,,,,,,,,,,,0,0,0,0,0,12,12,12,37,0,37,0,260.38827650000167,,,,,,,,,,,,,,,,,,,,,,,,,,,,,,,,,,,,,,,,,,,,,,,,,,,,,,,,,,,,,,,,,,,,,,,,,,,,,,,,,,,,,,,,,,,,,260.38098620000164,260.38827650000167,260.38827650000167,260.38827650000167,260.57271050000054,None,,,,,,,,,,,,,,,,,,,,,,,,,,,,,,,,P2887,Bar_MIC,3,1,2026-05-11_17h28.42.991,MIC_task,,2026.1.2,59.486276515657686,2026-05-11 17h28.44.439398 +0200,
,,38,0,38,,,,,,,3,b01,orr,nose,2,bodypart,face,7,73,19,35,None,"(-0.1, 0.1)",None,,,,,,,,,,,,,,0,0,0,0,0,12,12,12,38,0,38,0,260.5890400999997,,,,,,,,,,,,,,,,,,,,,,,,,,,,,,,,,,,,,,,,,,,,,,,,,,,,,,,,,,,,,,,,,,,,,,,,,,,,,,,,,,,,,,,,,,,,,260.57589700000244,260.5890400999997,260.5890400999997,260.5890400999997,260.7730346000026,None,,,,,,,,,,,,,,,,,,,,,,,,,,,,,,,,P2887,Bar_MIC,3,1,2026-05-11_17h28.42.991,MIC_task,,2026.1.2,59.486276515657686,2026-05-11 17h28.44.439398 +0200,
,,39,0,39,,,,,,,3,b01,orr,nose,2,bodypart,face,7,73,19,35,None,"(-0.1, 0.1)",None,,,,,,,,,,,,,,0,0,0,0,0,12,12,12,39,0,39,0,260.78933959999995,,,,,,,,,,,,,,,,,,,,,,,,,,,,,,,,,,,,,,,,,,,,,,,,,,,,,,,,,,,,,,,,,,,,,,,,,,,,,,,,,,,,,,,,,,,,,260.7764016000001,260.78933959999995,260.78933959999995,260.78933959999995,260.97352580000006,None,,,,,,,,,,,,,,,,,,,,,,,,,,,,,,,,P2887,Bar_MIC,3,1,2026-05-11_17h28.42.991,MIC_task,,2026.1.2,59.486276515657686,2026-05-11 17h28.44.439398 +0200,
,,40,0,40,,,,,,,3,b01,orr,nose,2,bodypart,face,7,73,19,35,None,"(-0.1, 0.1)",None,,,,,,,,,,,,,,0,0,0,0,0,12,12,12,40,0,40,0,260.9890518000029,,,,,,,,,,,,,,,,,,,,,,,,,,,,,,,,,,,,,,,,,,,,,,,,,,,,,,,,,,,,,,,,,,,,,,,,,,,,,,,,,,,,,,,,,,,,,260.97655769999983,260.9890518000029,260.9890518000029,260.9890518000029,261.1745948000025,None,,,,,,,,,,,,,,,,,,,,,,,,,,,,,,,,P2887,Bar_MIC,3,1,2026-05-11_17h28.42.991,MIC_task,,2026.1.2,59.486276515657686,2026-05-11 17h28.44.439398 +0200,
,,41,0,41,,,,,,,3,b01,orr,nose,2,bodypart,face,7,73,19,35,None,"(-0.1, 0.1)",None,,,,,,,,,,,,,,0,0,0,0,0,12,12,12,41,0,41,0,261.1894917000027,,,,,,,,,,,,,,,,,,,,,,,,,,,,,,,,,,,,,,,,,,,,,,,,,,,,,,,,,,,,,,,,,,,,,,,,,,,,,,,,,,,,,,,,,,,,,261.17717910000283,261.1894917000027,261.1894917000027,261.1894917000027,261.3735764000012,None,,,,,,,,,,,,,,,,,,,,,,,,,,,,,,,,P2887,Bar_MIC,3,1,2026-05-11_17h28.42.991,MIC_task,,2026.1.2,59.486276515657686,2026-05-11 17h28.44.439398 +0200,
,,42,0,42,,,,,,,3,b01,orr,nose,2,bodypart,face,7,73,19,35,None,"(-0.1, 0.1)",None,,,,,,,,,,,,,,0,0,0,0,0,12,12,12,42,0,42,0,261.3898319,,,,,,,,,,,,,,,,,,,,,,,,,,,,,,,,,,,,,,,,,,,,,,,,,,,,,,,,,,,,,,,,,,,,,,,,,,,,,,,,,,,,,,,,,,,,,261.3765213000006,261.3898319,261.3898319,261.3898319,261.5738222,None,,,,,,,,,,,,,,,,,,,,,,,,,,,,,,,,P2887,Bar_MIC,3,1,2026-05-11_17h28.42.991,MIC_task,,2026.1.2,59.486276515657686,2026-05-11 17h28.44.439398 +0200,
,,43,0,43,,,,,,,3,b01,orr,nose,2,bodypart,face,7,73,19,35,None,"(-0.1, 0.1)",None,,,,,,,,,,,,,,0,0,0,0,0,12,12,12,43,0,43,0,261.59026650000305,,,,,,,,,,,,,,,,,,,,,,,,,,,,,,,,,,,,,,,,,,,,,,,,,,,,,,,,,,,,,,,,,,,,,,,,,,,,,,,,,,,,,,,,,,,,,261.5768495000011,261.59026650000305,261.59026650000305,261.59026650000305,261.7738962000003,None,,,,,,,,,,,,,,,,,,,,,,,,,,,,,,,,P2887,Bar_MIC,3,1,2026-05-11_17h28.42.991,MIC_task,,2026.1.2,59.486276515657686,2026-05-11 17h28.44.439398 +0200,
,,44,0,44,,,,,,,3,b01,orr,nose,2,bodypart,face,7,73,19,35,None,"(-0.1, 0.1)",None,,,,,,,,,,,,,,0,0,0,0,0,12,12,12,44,0,44,0,261.79058870000154,,,,,,,,,,,,,,,,,,,,,,,,,,,,,,,,,,,,,,,,,,,,,,,,,,,,,,,,,,,,,,,,,,,,,,,,,,,,,,,,,,,,,,,,,,,,,261.77685120000024,261.79058870000154,261.79058870000154,261.79058870000154,261.97483040000225,None,,,,,,,,,,,,,,,,,,,,,,,,,,,,,,,,P2887,Bar_MIC,3,1,2026-05-11_17h28.42.991,MIC_task,,2026.1.2,59.486276515657686,2026-05-11 17h28.44.439398 +0200,
,,45,0,45,,,,,,,3,b01,orr,nose,2,bodypart,face,7,73,19,35,None,"(-0.1, 0.1)",None,,,,,,,,,,,,,,0,0,0,0,0,12,12,12,45,0,45,0,261.9909518000022,,,,,,,,,,,,,,,,,,,,,,,,,,,,,,,,,,,,,,,,,,,,,,,,,,,,,,,,,,,,,,,,,,,,,,,,,,,,,,,,,,,,,,,,,,,,,261.9776918000025,261.9909518000022,261.9909518000022,261.9909518000022,262.17494480000096,None,,,,,,,,,,,,,,,,,,,,,,,,,,,,,,,,P2887,Bar_MIC,3,1,2026-05-11_17h28.42.991,MIC_task,,2026.1.2,59.486276515657686,2026-05-11 17h28.44.439398 +0200,
,,46,0,46,,,,,,,3,b01,orr,nose,2,bodypart,face,7,73,19,35,None,"(-0.1, 0.1)",None,,,,,,,,,,,,,,0,0,0,0,0,12,12,12,46,0,46,0,262.19132940000054,,,,,,,,,,,,,,,,,,,,,,,,,,,,,,,,,,,,,,,,,,,,,,,,,,,,,,,,,,,,,,,,,,,,,,,,,,,,,,,,,,,,,,,,,,,,,262.1781020000017,262.19132940000054,262.19132940000054,262.19132940000054,262.3759483000031,None,,,,,,,,,,,,,,,,,,,,,,,,,,,,,,,,P2887,Bar_MIC,3,1,2026-05-11_17h28.42.991,MIC_task,,2026.1.2,59.486276515657686,2026-05-11 17h28.44.439398 +0200,
,,47,0,47,,,,,,,3,b01,orr,nose,2,bodypart,face,7,73,19,35,None,"(-0.1, 0.1)",None,,,,,,,,,,,,,,0,0,0,0,0,12,12,12,47,0,47,0,262.3916766000002,,,,,,,,,,,,,,,,,,,,,,,,,,,,,,,,,,,,,,,,,,,,,,,,,,,,,,,,,,,,,,,,,,,,,,,,,,,,,,,,,,,,,,,,,,,,,262.3789020000004,262.3916766000002,262.3916766000002,262.3916766000002,262.5756747000014,None,,,,,,,,,,,,,,,,,,,,,,,,,,,,,,,,P2887,Bar_MIC,3,1,2026-05-11_17h28.42.991,MIC_task,,2026.1.2,59.486276515657686,2026-05-11 17h28.44.439398 +0200,
,,48,0,48,,,,,,,3,b01,orr,nose,2,bodypart,face,7,73,19,35,None,"(-0.1, 0.1)",None,,,,,,,,,,,,,,0,0,0,0,0,12,12,12,48,0,48,0,262.59206710000217,,,,,,,,,,,,,,,,,,,,,,,,,,,,,,,,,,,,,,,,,,,,,,,,,,,,,,,,,,,,,,,,,,,,,,,,,,,,,,,,,,,,,,,,,,,,,262.5787027000006,262.59206710000217,262.59206710000217,262.59206710000217,262.7760369000025,None,,,,,,,,,,,,,,,,,,,,,,,,,,,,,,,,P2887,Bar_MIC,3,1,2026-05-11_17h28.42.991,MIC_task,,2026.1.2,59.486276515657686,2026-05-11 17h28.44.439398 +0200,
,,49,0,49,,,,,,,3,b01,orr,nose,2,bodypart,face,7,73,19,35,None,"(-0.1, 0.1)",None,,,,,,,,,,,,,,0,0,0,0,0,12,12,12,49,0,49,0,262.7924414000008,,,,,,,,,,,,,,,,,,,,,,,,,,,,,,,,,,,,,,,,,,,,,,,,,,,,,,,,,,,,,,,,,,,,,,,,,,,,,,,,,,,,,,,,,,,,,262.7792033000005,262.7924414000008,262.7924414000008,262.7924414000008,262.9766025000026,None,,,,,,,,,,,,,,,,,,,,,,,,,,,,,,,,P2887,Bar_MIC,3,1,2026-05-11_17h28.42.991,MIC_task,,2026.1.2,59.486276515657686,2026-05-11 17h28.44.439398 +0200,
,,50,0,50,,,,,,,3,b01,orr,nose,2,bodypart,face,7,73,19,35,None,"(-0.1, 0.1)",None,,,,,,,,,,,,,,0,0,0,0,0,12,12,12,50,0,50,0,262.99281060000067,,,,,,,,,,,,,,,,,,,,,,,,,,,,,,,,,,,,,,,,,,,,,,,,,,,,,,,,,,,,,,,,,,,,,,,,,,,,,,,,,,,,,,,,,,,,,262.9794447000022,262.99281060000067,262.99281060000067,262.99281060000067,263.1764404000023,None,,,,,,,,,,,,,,,,,,,,,,,,,,,,,,,,P2887,Bar_MIC,3,1,2026-05-11_17h28.42.991,MIC_task,,2026.1.2,59.486276515657686,2026-05-11 17h28.44.439398 +0200,
,,51,0,51,,,,,,,3,b01,orr,nose,2,bodypart,face,7,73,19,35,None,"(-0.1, 0.1)",None,,,,,,,,,,,,,,0,0,0,0,0,12,12,12,51,0,51,0,263.1931525,,,,,,,,,,,,,,,,,,,,,,,,,,,,,,,,,,,,,,,,,,,,,,,,,,,,,,,,,,,,,,,,,,,,,,,,,,,,,,,,,,,,,,,,,,,,,263.1791653,263.1931525,263.1931525,263.1931525,263.3773908000003,None,,,,,,,,,,,,,,,,,,,,,,,,,,,,,,,,P2887,Bar_MIC,3,1,2026-05-11_17h28.42.991,MIC_task,,2026.1.2,59.486276515657686,2026-05-11 17h28.44.439398 +0200,
,,52,0,52,,,,,,,3,b01,orr,nose,2,bodypart,face,7,73,19,35,None,"(-0.1, 0.1)",None,,,,,,,,,,,,,,0,0,0,0,0,12,12,12,52,0,52,0,263.3928304000001,,,,,,,,,,,,,,,,,,,,,,,,,,,,,,,,,,,,,,,,,,,,,,,,,,,,,,,,,,,,,,,,,,,,,,,,,,,,,,,,,,,,,,,,,,,,,263.38079690000086,263.3928304000001,263.3928304000001,263.3928304000001,263.5765678000025,None,,,,,,,,,,,,,,,,,,,,,,,,,,,,,,,,P2887,Bar_MIC,3,1,2026-05-11_17h28.42.991,MIC_task,,2026.1.2,59.486276515657686,2026-05-11 17h28.44.439398 +0200,
,,53,0,53,,,,,,,3,b01,orr,nose,2,bodypart,face,7,73,19,35,None,"(-0.1, 0.1)",None,,,,,,,,,,,,,,0,0,0,0,0,12,12,12,53,0,53,0,263.5931973000006,,,,,,,,,,,,,,,,,,,,,,,,,,,,,,,,,,,,,,,,,,,,,,,,,,,,,,,,,,,,,,,,,,,,,,,,,,,,,,,,,,,,,,,,,,,,,263.5794958000006,263.5931973000006,263.5931973000006,263.5931973000006,263.7613560000027,None,,,,,,,,,,,,,,,,,,,,,,,,,,,,,,,,P2887,Bar_MIC,3,1,2026-05-11_17h28.42.991,MIC_task,,2026.1.2,59.486276515657686,2026-05-11 17h28.44.439398 +0200,
,,54,0,54,,,,,,,3,b01,orr,nose,2,bodypart,face,7,73,19,35,None,"(-0.1, 0.1)",None,,,,,,,,,,,,,,0,0,0,0,0,12,12,12,54,0,54,0,263.776730900001,,,,,,,,,,,,,,,,,,,,,,,,,,,,,,,,,,,,,,,,,,,,,,,,,,,,,,,,,,,,,,,,,,,,,,,,,,,,,,,,,,,,,,,,,,,,,263.7645422000023,263.776730900001,263.776730900001,263.776730900001,263.96099270000195,None,,,,,,,,,,,263.97722700000304,263.97722700000304,263.97722700000304,,,,,,,,,,,,,,,,,,,P2887,Bar_MIC,3,1,2026-05-11_17h28.42.991,MIC_task,,2026.1.2,59.486276515657686,2026-05-11 17h28.44.439398 +0200,
,,55,0,55,,,,,,,3,b01,orr,nose,2,bodypart,face,7,73,19,35,None,"(-0.1, 0.1)",None,,,,,,,,,,,,,,0,0,0,0,0,12,12,12,55,0,55,0,263.97722700000304,,,,,,,,,,,,,,,,,,,,,,,,,,,,,,,,,,,,,,,,,,,,,,,,,,,,,,,,,,,,,,,,,,,,,,,,,,,,,,,,,,,,,,,,,,,,,263.9638907000008,263.97722700000304,263.97722700000304,263.97722700000304,264.1614726000007,None,,,,,,,,,,,264.1775282000017,264.1775282000017,264.1775282000017,,,,,,,,,,,,,,,,,,,P2887,Bar_MIC,3,1,2026-05-11_17h28.42.991,MIC_task,,2026.1.2,59.486276515657686,2026-05-11 17h28.44.439398 +0200,
,,56,0,56,,,,,,,3,b01,orr,nose,2,bodypart,face,7,73,19,35,None,"(-0.1, 0.1)",None,,,,,,,,,,,,,,0,0,0,0,0,12,12,12,56,0,56,0,264.1775282000017,,,,,,,,,,,,,,,,,,,,,,,,,,,,,,,,,,,,,,,,,,,,,,,,,,,,,,,,,,,,,,,,,,,,,,,,,,,,,,,,,,,,,,,,,,,,,264.164309900003,264.1775282000017,264.1775282000017,264.1775282000017,264.3614052000012,None,,,,,,,,,,,,,,,,,,,,,,,,,,,,,,,,P2887,Bar_MIC,3,1,2026-05-11_17h28.42.991,MIC_task,,2026.1.2,59.486276515657686,2026-05-11 17h28.44.439398 +0200,
,,57,0,57,,,,,,,3,b01,orr,nose,2,bodypart,face,7,73,19,35,None,"(-0.1, 0.1)",None,,,,,,,,,,,,,,0,0,0,0,0,12,12,12,57,0,57,0,264.37788550000187,,,,,,,,,,,,,,,,,,,,,,,,,,,,,,,,,,,,,,,,,,,,,,,,,,,,,,,,,,,,,,,,,,,,,,,,,,,,,,,,,,,,,,,,,,,,,264.36417820000133,264.37788550000187,264.37788550000187,264.37788550000187,264.5623400000004,None,,,,,,,,,,,,,,,,,,,,,,,,,,,,,,,,P2887,Bar_MIC,3,1,2026-05-11_17h28.42.991,MIC_task,,2026.1.2,59.486276515657686,2026-05-11 17h28.44.439398 +0200,
,,58,0,58,,,,,,,3,b01,orr,nose,2,bodypart,face,7,73,19,35,None,"(-0.1, 0.1)",None,,,,,,,,,,,,,,0,0,0,0,0,12,12,12,58,0,58,0,264.57824710000205,,,,,,,,,,,,,,,,,,,,,,,,,,,,,,,,,,,,,,,,,,,,,,,,,,,,,,,,,,,,,,,,,,,,,,,,,,,,,,,,,,,,,,,,,,,,,264.56568790000165,264.57824710000205,264.57824710000205,264.57824710000205,264.7622626000011,None,,,,,,,,,,,,,,,,,,,,,,,,,,,,,,,,P2887,Bar_MIC,3,1,2026-05-11_17h28.42.991,MIC_task,,2026.1.2,59.486276515657686,2026-05-11 17h28.44.439398 +0200,
,,59,0,59,,,,,,,3,b01,orr,nose,2,bodypart,face,7,73,19,35,None,"(-0.1, 0.1)",None,,,,,,,,,,,,,,0,0,0,0,0,12,12,12,59,0,59,0,264.77863750000324,,,,,,,,,,,,,,,,,,,,,,,,,,,,,,,,,,,,,,,,,,,,,,,,,,,,,,,,,,,,,,,,,,,,,,,,,,,,,,,,,,,,,,,,,,,,,264.7651330000008,264.77863750000324,264.77863750000324,264.77863750000324,264.9625711000008,None,,,,,,,,,,,,,,,,,,,,,,,,,,,,,,,,P2887,Bar_MIC,3,1,2026-05-11_17h28.42.991,MIC_task,,2026.1.2,59.486276515657686,2026-05-11 17h28.44.439398 +0200,
,,60,0,60,,,,,,,3,b01,orr,nose,2,bodypart,face,7,73,19,35,None,"(-0.1, 0.1)",None,,,,,,,,,,,,,,0,0,0,0,0,12,12,12,60,0,60,0,264.97890220000045,,,,,,,,,,,,,,,,,,,,,,,,,,,,,,,,,,,,,,,,,,,,,,,,,,,,,,,,,,,,,,,,,,,,,,,,,,,,,,,,,,,,,,,,,,,,,264.9651789000018,264.97890220000045,264.97890220000045,264.97890220000045,265.16316650000226,None,,,,,,,,,,,,,,,,,,,,,,,,,,,,,,,,P2887,Bar_MIC,3,1,2026-05-11_17h28.42.991,MIC_task,,2026.1.2,59.486276515657686,2026-05-11 17h28.44.439398 +0200,
,,61,0,61,,,,,,,3,b01,orr,nose,2,bodypart,face,7,73,19,35,None,"(-0.1, 0.1)",space,0.15300120000028983,None,,,,,,,,,,,,0,0,0,0,0,12,12,12,61,0,61,0,265.179249300003,,,,,,,,,,,,,,,,,,,,,,,,,,,,,,,,,,,,,,,,,,,,,,,,,,,,,,,,,,,,,,,,,,,,,,,,,,,,,,,,,,,,,,,,,,,,,265.165866000003,265.179249300003,265.179249300003,265.179249300003,265.34687459999986,space,0.15300120000028983,None,,,,,,,,,,,,,,,,,,,,,,,,,,,,,,P2887,Bar_MIC,3,1,2026-05-11_17h28.42.991,MIC_task,,2026.1.2,59.486276515657686,2026-05-11 17h28.44.439398 +0200,
,,12,12,0,,,,space,1.7006129000001238,None,3,b01,orr,nose,2,bodypart,face,7,73,19,35,None,"(-0.1, 0.1)",,,,,,,,,,,,,,,0,0,0,0,0,12,12,12,,,,,,,,,,,,,,,,,,,,,,,,,,,,,,,,,,,,,,,,,,,,,,,,,,,,,,,,,,,,,,,,,,,,,,,,,,,,,,,,,265.409566600003,265.4151149999998,265.41284766666746,267.34986500000014,,,,,,269.35381800000323,269.3690099000014,269.3690099000014,271.07312380000076,,,,,,,,,,,,,267.3810024000013,267.3860370000002,267.3830787333359,269.28543900000295,269.35377190000145,space,1.7006129000001238,None,,,,,,,,,,,,,,,,,,,,,,P2887,Bar_MIC,3,1,2026-05-11_17h28.42.991,MIC_task,,2026.1.2,59.486276515657686,2026-05-11 17h28.44.439398 +0200,
,,0,0,0,,,,,,,3,l09,kastély,castle,5,location,facilities,5.8,10,None,114,None,"(-0.1, 0)",None,,,,,,,,,,,,,,0,0,0,0,0,13,13,13,0,0,0,0,271.08841700000266,,,,,,,,,,,,,,,,,,,,,,,,,,,,,,,,,,,,,,,,,,,,,,,,,,,,,,,,,,,,,,,,,,,,,,,,,,,,,,,,,,,,,,,,,,,,,271.0772113000021,271.08841700000266,271.08841700000266,271.08841700000266,271.27313219999996,None,,,,,,,,,,,271.28822410000066,271.28822410000066,271.28822410000066,,,,,,,,,,,,,,,,,,,P2887,Bar_MIC,3,1,2026-05-11_17h28.42.991,MIC_task,,2026.1.2,59.486276515657686,2026-05-11 17h28.44.439398 +0200,
,,0,0,0,,,,,,,3,l09,kastély,castle,5,location,facilities,5.8,10,None,114,None,"(-0.1, 0)",None,,,,,,,,,,,,,,0,0,0,0,0,13,13,13,0,0,0,0,271.28822410000066,,,,,,,,,,,,,,,,,,,,,,,,,,,,,,,,,,,,,,,,,,,,,,,,,,,,,,,,,,,,,,,,,,,,,,,,,,,,,,,,,,,,,,,,,,,,,271.27637160000086,271.28822410000066,271.28822410000066,271.28822410000066,271.47337870000047,None,,,,,,,,,,,271.4884897000011,271.4884897000011,271.4884897000011,,,,,,,,,,,,,,,,,,,P2887,Bar_MIC,3,1,2026-05-11_17h28.42.991,MIC_task,,2026.1.2,59.486276515657686,2026-05-11 17h28.44.439398 +0200,
,,1,0,1,,,,,,,3,l09,kastély,castle,5,location,facilities,5.8,10,None,114,None,"(-0.1, 0)",None,,,,,,,,,,,,,,0,0,0,0,0,13,13,13,1,0,1,0,271.4884897000011,,,,,,,,,,,,,,,,,,,,,,,,,,,,,,,,,,,,,,,,,,,,,,,,,,,,,,,,,,,,,,,,,,,,,,,,,,,,,,,,,,,,,,,,,,,,,271.4764473000032,271.4884897000011,271.4884897000011,271.4884897000011,271.6733658000012,None,,,,,,,,,,,,,,,,,,,,,,,,,,,,,,,,P2887,Bar_MIC,3,1,2026-05-11_17h28.42.991,MIC_task,,2026.1.2,59.486276515657686,2026-05-11 17h28.44.439398 +0200,
,,2,0,2,,,,,,,3,l09,kastély,castle,5,location,facilities,5.8,10,None,114,None,"(-0.1, 0)",None,,,,,,,,,,,,,,0,0,0,0,0,13,13,13,2,0,2,0,271.6888142000025,,,,,,,,,,,,,,,,,,,,,,,,,,,,,,,,,,,,,,,,,,,,,,,,,,,,,,,,,,,,,,,,,,,,,,,,,,,,,,,,,,,,,,,,,,,,,271.67656460000217,271.6888142000025,271.6888142000025,271.6888142000025,271.87375729999985,None,,,,,,,,,,,,,,,,,,,,,,,,,,,,,,,,P2887,Bar_MIC,3,1,2026-05-11_17h28.42.991,MIC_task,,2026.1.2,59.486276515657686,2026-05-11 17h28.44.439398 +0200,
,,3,0,3,,,,,,,3,l09,kastély,castle,5,location,facilities,5.8,10,None,114,None,"(-0.1, 0)",None,,,,,,,,,,,,,,0,0,0,0,0,13,13,13,3,0,3,0,271.8892147000006,,,,,,,,,,,,,,,,,,,,,,,,,,,,,,,,,,,,,,,,,,,,,,,,,,,,,,,,,,,,,,,,,,,,,,,,,,,,,,,,,,,,,,,,,,,,,271.8772177000028,271.8892147000006,271.8892147000006,271.8892147000006,272.0742547000009,None,,,,,,,,,,,,,,,,,,,,,,,,,,,,,,,,P2887,Bar_MIC,3,1,2026-05-11_17h28.42.991,MIC_task,,2026.1.2,59.486276515657686,2026-05-11 17h28.44.439398 +0200,
,,4,0,4,,,,,,,3,l09,kastély,castle,5,location,facilities,5.8,10,None,114,None,"(-0.1, 0)",None,,,,,,,,,,,,,,0,0,0,0,0,13,13,13,4,0,4,0,272.08961350000027,,,,,,,,,,,,,,,,,,,,,,,,,,,,,,,,,,,,,,,,,,,,,,,,,,,,,,,,,,,,,,,,,,,,,,,,,,,,,,,,,,,,,,,,,,,,,272.0773756000017,272.08961350000027,272.08961350000027,272.08961350000027,272.2734289,None,,,,,,,,,,,,,,,,,,,,,,,,,,,,,,,,P2887,Bar_MIC,3,1,2026-05-11_17h28.42.991,MIC_task,,2026.1.2,59.486276515657686,2026-05-11 17h28.44.439398 +0200,
,,5,0,5,,,,,,,3,l09,kastély,castle,5,location,facilities,5.8,10,None,114,None,"(-0.1, 0)",None,,,,,,,,,,,,,,0,0,0,0,0,13,13,13,5,0,5,0,272.2899421000002,,,,,,,,,,,,,,,,,,,,,,,,,,,,,,,,,,,,,,,,,,,,,,,,,,,,,,,,,,,,,,,,,,,,,,,,,,,,,,,,,,,,,,,,,,,,,272.2776365999998,272.2899421000002,272.2899421000002,272.2899421000002,272.4738565000007,None,,,,,,,,,,,,,,,,,,,,,,,,,,,,,,,,P2887,Bar_MIC,3,1,2026-05-11_17h28.42.991,MIC_task,,2026.1.2,59.486276515657686,2026-05-11 17h28.44.439398 +0200,
,,6,0,6,,,,,,,3,l09,kastély,castle,5,location,facilities,5.8,10,None,114,None,"(-0.1, 0)",None,,,,,,,,,,,,,,0,0,0,0,0,13,13,13,6,0,6,0,272.4903532999997,,,,,,,,,,,,,,,,,,,,,,,,,,,,,,,,,,,,,,,,,,,,,,,,,,,,,,,,,,,,,,,,,,,,,,,,,,,,,,,,,,,,,,,,,,,,,272.47728850000203,272.4903532999997,272.4903532999997,272.4903532999997,272.6741202000012,None,,,,,,,,,,,,,,,,,,,,,,,,,,,,,,,,P2887,Bar_MIC,3,1,2026-05-11_17h28.42.991,MIC_task,,2026.1.2,59.486276515657686,2026-05-11 17h28.44.439398 +0200,
,,7,0,7,,,,,,,3,l09,kastély,castle,5,location,facilities,5.8,10,None,114,None,"(-0.1, 0)",None,,,,,,,,,,,,,,0,0,0,0,0,13,13,13,7,0,7,0,272.6906525000013,,,,,,,,,,,,,,,,,,,,,,,,,,,,,,,,,,,,,,,,,,,,,,,,,,,,,,,,,,,,,,,,,,,,,,,,,,,,,,,,,,,,,,,,,,,,,272.6774641000011,272.6906525000013,272.6906525000013,272.6906525000013,272.87466790000326,None,,,,,,,,,,,,,,,,,,,,,,,,,,,,,,,,P2887,Bar_MIC,3,1,2026-05-11_17h28.42.991,MIC_task,,2026.1.2,59.486276515657686,2026-05-11 17h28.44.439398 +0200,
,,8,0,8,,,,,,,3,l09,kastély,castle,5,location,facilities,5.8,10,None,114,None,"(-0.1, 0)",None,,,,,,,,,,,,,,0,0,0,0,0,13,13,13,8,0,8,0,272.89098800000284,,,,,,,,,,,,,,,,,,,,,,,,,,,,,,,,,,,,,,,,,,,,,,,,,,,,,,,,,,,,,,,,,,,,,,,,,,,,,,,,,,,,,,,,,,,,,272.8781455999997,272.89098800000284,272.89098800000284,272.89098800000284,273.07506600000124,None,,,,,,,,,,,,,,,,,,,,,,,,,,,,,,,,P2887,Bar_MIC,3,1,2026-05-11_17h28.42.991,MIC_task,,2026.1.2,59.486276515657686,2026-05-11 17h28.44.439398 +0200,
,,9,0,9,,,,,,,3,l09,kastély,castle,5,location,facilities,5.8,10,None,114,None,"(-0.1, 0)",None,,,,,,,,,,,,,,0,0,0,0,0,13,13,13,9,0,9,0,273.0914130000019,,,,,,,,,,,,,,,,,,,,,,,,,,,,,,,,,,,,,,,,,,,,,,,,,,,,,,,,,,,,,,,,,,,,,,,,,,,,,,,,,,,,,,,,,,,,,273.0780881000028,273.0914130000019,273.0914130000019,273.0914130000019,273.2755337000017,None,,,,,,,,,,,,,,,,,,,,,,,,,,,,,,,,P2887,Bar_MIC,3,1,2026-05-11_17h28.42.991,MIC_task,,2026.1.2,59.486276515657686,2026-05-11 17h28.44.439398 +0200,
,,10,0,10,,,,,,,3,l09,kastély,castle,5,location,facilities,5.8,10,None,114,None,"(-0.1, 0)",None,,,,,,,,,,,,,,0,0,0,0,0,13,13,13,10,0,10,0,273.29191020000144,,,,,,,,,,,,,,,,,,,,,,,,,,,,,,,,,,,,,,,,,,,,,,,,,,,,,,,,,,,,,,,,,,,,,,,,,,,,,,,,,,,,,,,,,,,,,273.27877400000216,273.29191020000144,273.29191020000144,273.29191020000144,273.47601120000036,None,,,,,,,,,,,,,,,,,,,,,,,,,,,,,,,,P2887,Bar_MIC,3,1,2026-05-11_17h28.42.991,MIC_task,,2026.1.2,59.486276515657686,2026-05-11 17h28.44.439398 +0200,
,,11,0,11,,,,,,,3,l09,kastély,castle,5,location,facilities,5.8,10,None,114,None,"(-0.1, 0)",None,,,,,,,,,,,,,,0,0,0,0,0,13,13,13,11,0,11,0,273.4913836000014,,,,,,,,,,,,,,,,,,,,,,,,,,,,,,,,,,,,,,,,,,,,,,,,,,,,,,,,,,,,,,,,,,,,,,,,,,,,,,,,,,,,,,,,,,,,,273.4791898000003,273.4913836000014,273.4913836000014,273.4913836000014,273.6763523000009,None,,,,,,,,,,,,,,,,,,,,,,,,,,,,,,,,P2887,Bar_MIC,3,1,2026-05-11_17h28.42.991,MIC_task,,2026.1.2,59.486276515657686,2026-05-11 17h28.44.439398 +0200,
,,12,0,12,,,,,,,3,l09,kastély,castle,5,location,facilities,5.8,10,None,114,None,"(-0.1, 0)",None,,,,,,,,,,,,,,0,0,0,0,0,13,13,13,12,0,12,0,273.6918267000001,,,,,,,,,,,,,,,,,,,,,,,,,,,,,,,,,,,,,,,,,,,,,,,,,,,,,,,,,,,,,,,,,,,,,,,,,,,,,,,,,,,,,,,,,,,,,273.6798041000002,273.6918267000001,273.6918267000001,273.6918267000001,273.8766792000024,None,,,,,,,,,,,,,,,,,,,,,,,,,,,,,,,,P2887,Bar_MIC,3,1,2026-05-11_17h28.42.991,MIC_task,,2026.1.2,59.486276515657686,2026-05-11 17h28.44.439398 +0200,
,,13,0,13,,,,,,,3,l09,kastély,castle,5,location,facilities,5.8,10,None,114,None,"(-0.1, 0)",None,,,,,,,,,,,,,,0,0,0,0,0,13,13,13,13,0,13,0,273.8922175000007,,,,,,,,,,,,,,,,,,,,,,,,,,,,,,,,,,,,,,,,,,,,,,,,,,,,,,,,,,,,,,,,,,,,,,,,,,,,,,,,,,,,,,,,,,,,,273.8803801000031,273.8922175000007,273.8922175000007,273.8922175000007,274.0772339000032,None,,,,,,,,,,,,,,,,,,,,,,,,,,,,,,,,P2887,Bar_MIC,3,1,2026-05-11_17h28.42.991,MIC_task,,2026.1.2,59.486276515657686,2026-05-11 17h28.44.439398 +0200,
,,14,0,14,,,,,,,3,l09,kastély,castle,5,location,facilities,5.8,10,None,114,None,"(-0.1, 0)",None,,,,,,,,,,,,,,0,0,0,0,0,13,13,13,14,0,14,0,274.09260760000325,,,,,,,,,,,,,,,,,,,,,,,,,,,,,,,,,,,,,,,,,,,,,,,,,,,,,,,,,,,,,,,,,,,,,,,,,,,,,,,,,,,,,,,,,,,,,274.08079329999964,274.09260760000325,274.09260760000325,274.09260760000325,274.2762822000004,None,,,,,,,,,,,,,,,,,,,,,,,,,,,,,,,,P2887,Bar_MIC,3,1,2026-05-11_17h28.42.991,MIC_task,,2026.1.2,59.486276515657686,2026-05-11 17h28.44.439398 +0200,
,,15,0,15,,,,,,,3,l09,kastély,castle,5,location,facilities,5.8,10,None,114,None,"(-0.1, 0)",None,,,,,,,,,,,,,,0,0,0,0,0,13,13,13,15,0,15,0,274.29290440000113,,,,,,,,,,,,,,,,,,,,,,,,,,,,,,,,,,,,,,,,,,,,,,,,,,,,,,,,,,,,,,,,,,,,,,,,,,,,,,,,,,,,,,,,,,,,,274.2799238000007,274.29290440000113,274.29290440000113,274.29290440000113,274.4767086000029,None,,,,,,,,,,,,,,,,,,,,,,,,,,,,,,,,P2887,Bar_MIC,3,1,2026-05-11_17h28.42.991,MIC_task,,2026.1.2,59.486276515657686,2026-05-11 17h28.44.439398 +0200,
,,16,0,16,,,,,,,3,l09,kastély,castle,5,location,facilities,5.8,10,None,114,None,"(-0.1, 0)",None,,,,,,,,,,,,,,0,0,0,0,0,13,13,13,16,0,16,0,274.49333079999997,,,,,,,,,,,,,,,,,,,,,,,,,,,,,,,,,,,,,,,,,,,,,,,,,,,,,,,,,,,,,,,,,,,,,,,,,,,,,,,,,,,,,,,,,,,,,274.4799546000031,274.49333079999997,274.49333079999997,274.49333079999997,274.6771152000001,None,,,,,,,,,,,,,,,,,,,,,,,,,,,,,,,,P2887,Bar_MIC,3,1,2026-05-11_17h28.42.991,MIC_task,,2026.1.2,59.486276515657686,2026-05-11 17h28.44.439398 +0200,
,,17,0,17,,,,,,,3,l09,kastély,castle,5,location,facilities,5.8,10,None,114,None,"(-0.1, 0)",None,,,,,,,,,,,,,,0,0,0,0,0,13,13,13,17,0,17,0,274.6936889000026,,,,,,,,,,,,,,,,,,,,,,,,,,,,,,,,,,,,,,,,,,,,,,,,,,,,,,,,,,,,,,,,,,,,,,,,,,,,,,,,,,,,,,,,,,,,,274.6803871000011,274.6936889000026,274.6936889000026,274.6936889000026,274.8779226000006,None,,,,,,,,,,,,,,,,,,,,,,,,,,,,,,,,P2887,Bar_MIC,3,1,2026-05-11_17h28.42.991,MIC_task,,2026.1.2,59.486276515657686,2026-05-11 17h28.44.439398 +0200,
,,18,0,18,,,,,,,3,l09,kastély,castle,5,location,facilities,5.8,10,None,114,None,"(-0.1, 0)",None,,,,,,,,,,,,,,0,0,0,0,0,13,13,13,18,0,18,0,274.89409570000134,,,,,,,,,,,,,,,,,,,,,,,,,,,,,,,,,,,,,,,,,,,,,,,,,,,,,,,,,,,,,,,,,,,,,,,,,,,,,,,,,,,,,,,,,,,,,274.8814560999999,274.89409570000134,274.89409570000134,274.89409570000134,275.07818260000204,None,,,,,,,,,,,,,,,,,,,,,,,,,,,,,,,,P2887,Bar_MIC,3,1,2026-05-11_17h28.42.991,MIC_task,,2026.1.2,59.486276515657686,2026-05-11 17h28.44.439398 +0200,
,,19,0,19,,,,,,,3,l09,kastély,castle,5,location,facilities,5.8,10,None,114,None,"(-0.1, 0)",space,0.11127370000031078,None,,,,,,,,,,,,0,0,0,0,0,13,13,13,19,0,19,0,275.09432690000176,,,,,,,,,,,,,,,,,,,,,,,,,,,,,,,,,,,,,,,,,,,,,,,,,,,,,,,,,,,,,,,,,,,,,,,,,,,,,,,,,,,,,,,,,,,,,275.0816040999998,275.09432690000176,275.09432690000176,275.09432690000176,275.211992200002,space,0.11127370000031078,None,,,,,,,,,,,,,,,,,,,,,,,,,,,,,,P2887,Bar_MIC,3,1,2026-05-11_17h28.42.991,MIC_task,,2026.1.2,59.486276515657686,2026-05-11 17h28.44.439398 +0200,
,,13,13,0,,,,space,0.4841195000008156,None,3,l09,kastély,castle,5,location,facilities,5.8,10,None,114,None,"(-0.1, 0)",,,,,,,,,,,,,,,0,0,0,0,0,13,13,13,,,,,,,,,,,,,,,,,,,,,,,,,,,,,,,,,,,,,,,,,,,,,,,,,,,,,,,,,,,,,,,,,,,,,,,,,,,,,,,,,275.2730507000015,275.2786889000017,275.27771996666803,277.21481490000224,,,,,,279.218260200003,279.23375099999976,279.23375099999976,279.71967460000087,,,,,,,,,,,,,277.2420180000008,277.24711110000135,277.248024633333,279.1338746000001,279.218212900003,space,0.4841195000008156,None,,,,,,,,,,,,,,,,,,,,,,P2887,Bar_MIC,3,1,2026-05-11_17h28.42.991,MIC_task,,2026.1.2,59.486276515657686,2026-05-11 17h28.44.439398 +0200,
,,0,0,0,,,,,,,3,p19,rendőr,police officier,6,people,professions,6.8,179,25,53,None,"(-0.1, 0)",None,,,,,,,,,,,,,,0,0,0,0,0,14,14,14,0,0,0,0,279.7517321000014,,,,,,,,,,,,,,,,,,,,,,,,,,,,,,,,,,,,,,,,,,,,,,,,,,,,,,,,,,,,,,,,,,,,,,,,,,,,,,,,,,,,,,,,,,,,,279.7465768000002,279.7517321000014,279.7517321000014,279.7517321000014,279.93585750000057,None,,,,,,,,,,,,,,,,,,,,,,,,,,,,,,,,P2887,Bar_MIC,3,1,2026-05-11_17h28.42.991,MIC_task,,2026.1.2,59.486276515657686,2026-05-11 17h28.44.439398 +0200,
,,0,0,0,,,,,,,3,p19,rendőr,police officier,6,people,professions,6.8,179,25,53,None,"(-0.1, 0)",None,,,,,,,,,,,,,,0,0,0,0,0,14,14,14,0,0,0,0,279.95136670000284,,,,,,,,,,,,,,,,,,,,,,,,,,,,,,,,,,,,,,,,,,,,,,,,,,,,,,,,,,,,,,,,,,,,,,,,,,,,,,,,,,,,,,,,,,,,,279.93931500000326,279.95136670000284,279.95136670000284,279.95136670000284,280.1362781000025,None,,,,,,,,,,,,,,,,,,,,,,,,,,,,,,,,P2887,Bar_MIC,3,1,2026-05-11_17h28.42.991,MIC_task,,2026.1.2,59.486276515657686,2026-05-11 17h28.44.439398 +0200,
,,1,0,1,,,,,,,3,p19,rendőr,police officier,6,people,professions,6.8,179,25,53,None,"(-0.1, 0)",None,,,,,,,,,,,,,,0,0,0,0,0,14,14,14,1,0,1,0,280.1517887000009,,,,,,,,,,,,,,,,,,,,,,,,,,,,,,,,,,,,,,,,,,,,,,,,,,,,,,,,,,,,,,,,,,,,,,,,,,,,,,,,,,,,,,,,,,,,,280.13918320000084,280.1517887000009,280.1517887000009,280.1517887000009,280.3198592000008,None,,,,,,,,,,,,,,,,,,,,,,,,,,,,,,,,P2887,Bar_MIC,3,1,2026-05-11_17h28.42.991,MIC_task,,2026.1.2,59.486276515657686,2026-05-11 17h28.44.439398 +0200,
,,2,0,2,,,,,,,3,p19,rendőr,police officier,6,people,professions,6.8,179,25,53,None,"(-0.1, 0)",None,,,,,,,,,,,,,,0,0,0,0,0,14,14,14,2,0,2,0,280.3354505000025,,,,,,,,,,,,,,,,,,,,,,,,,,,,,,,,,,,,,,,,,,,,,,,,,,,,,,,,,,,,,,,,,,,,,,,,,,,,,,,,,,,,,,,,,,,,,280.32280770000216,280.3354505000025,280.3354505000025,280.3354505000025,280.5202755999999,None,,,,,,,,,,,,,,,,,,,,,,,,,,,,,,,,P2887,Bar_MIC,3,1,2026-05-11_17h28.42.991,MIC_task,,2026.1.2,59.486276515657686,2026-05-11 17h28.44.439398 +0200,
,,3,0,3,,,,,,,3,p19,rendőr,police officier,6,people,professions,6.8,179,25,53,None,"(-0.1, 0)",None,,,,,,,,,,,,,,0,0,0,0,0,14,14,14,3,0,3,0,280.53574760000265,,,,,,,,,,,,,,,,,,,,,,,,,,,,,,,,,,,,,,,,,,,,,,,,,,,,,,,,,,,,,,,,,,,,,,,,,,,,,,,,,,,,,,,,,,,,,280.52350730000035,280.53574760000265,280.53574760000265,280.53574760000265,280.72001790000286,None,,,,,,,,,,,280.73611230000097,280.73611230000097,280.73611230000097,,,,,,,,,,,,,,,,,,,P2887,Bar_MIC,3,1,2026-05-11_17h28.42.991,MIC_task,,2026.1.2,59.486276515657686,2026-05-11 17h28.44.439398 +0200,
,,4,0,4,,,,,,,3,p19,rendőr,police officier,6,people,professions,6.8,179,25,53,None,"(-0.1, 0)",None,,,,,,,,,,,,,,0,0,0,0,0,14,14,14,4,0,4,0,280.73611230000097,,,,,,,,,,,,,,,,,,,,,,,,,,,,,,,,,,,,,,,,,,,,,,,,,,,,,,,,,,,,,,,,,,,,,,,,,,,,,,,,,,,,,,,,,,,,,280.7230165000001,280.73611230000097,280.73611230000097,280.73611230000097,280.91981719999967,None,,,,,,,,,,,,,,,,,,,,,,,,,,,,,,,,P2887,Bar_MIC,3,1,2026-05-11_17h28.42.991,MIC_task,,2026.1.2,59.486276515657686,2026-05-11 17h28.44.439398 +0200,
,,5,0,5,,,,,,,3,p19,rendőr,police officier,6,people,professions,6.8,179,25,53,None,"(-0.1, 0)",None,,,,,,,,,,,,,,0,0,0,0,0,14,14,14,5,0,5,0,280.93645990000005,,,,,,,,,,,,,,,,,,,,,,,,,,,,,,,,,,,,,,,,,,,,,,,,,,,,,,,,,,,,,,,,,,,,,,,,,,,,,,,,,,,,,,,,,,,,,280.9230705000009,280.93645990000005,280.93645990000005,280.93645990000005,281.1203858000008,None,,,,,,,,,,,,,,,,,,,,,,,,,,,,,,,,P2887,Bar_MIC,3,1,2026-05-11_17h28.42.991,MIC_task,,2026.1.2,59.486276515657686,2026-05-11 17h28.44.439398 +0200,
,,6,0,6,,,,,,,3,p19,rendőr,police officier,6,people,professions,6.8,179,25,53,None,"(-0.1, 0)",None,,,,,,,,,,,,,,0,0,0,0,0,14,14,14,6,0,6,0,281.1368552000022,,,,,,,,,,,,,,,,,,,,,,,,,,,,,,,,,,,,,,,,,,,,,,,,,,,,,,,,,,,,,,,,,,,,,,,,,,,,,,,,,,,,,,,,,,,,,281.12333760000183,281.1368552000022,281.1368552000022,281.1368552000022,281.3208680000025,None,,,,,,,,,,,,,,,,,,,,,,,,,,,,,,,,P2887,Bar_MIC,3,1,2026-05-11_17h28.42.991,MIC_task,,2026.1.2,59.486276515657686,2026-05-11 17h28.44.439398 +0200,
,,7,0,7,,,,,,,3,p19,rendőr,police officier,6,people,professions,6.8,179,25,53,None,"(-0.1, 0)",None,,,,,,,,,,,,,,0,0,0,0,0,14,14,14,7,0,7,0,281.3372068000026,,,,,,,,,,,,,,,,,,,,,,,,,,,,,,,,,,,,,,,,,,,,,,,,,,,,,,,,,,,,,,,,,,,,,,,,,,,,,,,,,,,,,,,,,,,,,281.32379850000143,281.3372068000026,281.3372068000026,281.3372068000026,281.5214054999997,None,,,,,,,,,,,,,,,,,,,,,,,,,,,,,,,,P2887,Bar_MIC,3,1,2026-05-11_17h28.42.991,MIC_task,,2026.1.2,59.486276515657686,2026-05-11 17h28.44.439398 +0200,
,,8,0,8,,,,,,,3,p19,rendőr,police officier,6,people,professions,6.8,179,25,53,None,"(-0.1, 0)",None,,,,,,,,,,,,,,0,0,0,0,0,14,14,14,8,0,8,0,281.53765530000237,,,,,,,,,,,,,,,,,,,,,,,,,,,,,,,,,,,,,,,,,,,,,,,,,,,,,,,,,,,,,,,,,,,,,,,,,,,,,,,,,,,,,,,,,,,,,281.5242393000008,281.53765530000237,281.53765530000237,281.53765530000237,281.7219729999997,None,,,,,,,,,,,,,,,,,,,,,,,,,,,,,,,,P2887,Bar_MIC,3,1,2026-05-11_17h28.42.991,MIC_task,,2026.1.2,59.486276515657686,2026-05-11 17h28.44.439398 +0200,
,,9,0,9,,,,,,,3,p19,rendőr,police officier,6,people,professions,6.8,179,25,53,None,"(-0.1, 0)",None,,,,,,,,,,,,,,0,0,0,0,0,14,14,14,9,0,9,0,281.7379458000032,,,,,,,,,,,,,,,,,,,,,,,,,,,,,,,,,,,,,,,,,,,,,,,,,,,,,,,,,,,,,,,,,,,,,,,,,,,,,,,,,,,,,,,,,,,,,281.7253612000022,281.7379458000032,281.7379458000032,281.7379458000032,281.9220086000023,None,,,,,,,,,,,,,,,,,,,,,,,,,,,,,,,,P2887,Bar_MIC,3,1,2026-05-11_17h28.42.991,MIC_task,,2026.1.2,59.486276515657686,2026-05-11 17h28.44.439398 +0200,
,,10,0,10,,,,,,,3,p19,rendőr,police officier,6,people,professions,6.8,179,25,53,None,"(-0.1, 0)",None,,,,,,,,,,,,,,0,0,0,0,0,14,14,14,10,0,10,0,281.93838160000087,,,,,,,,,,,,,,,,,,,,,,,,,,,,,,,,,,,,,,,,,,,,,,,,,,,,,,,,,,,,,,,,,,,,,,,,,,,,,,,,,,,,,,,,,,,,,281.9252782000003,281.93838160000087,281.93838160000087,281.93838160000087,282.12311110000155,None,,,,,,,,,,,,,,,,,,,,,,,,,,,,,,,,P2887,Bar_MIC,3,1,2026-05-11_17h28.42.991,MIC_task,,2026.1.2,59.486276515657686,2026-05-11 17h28.44.439398 +0200,
,,11,0,11,,,,,,,3,p19,rendőr,police officier,6,people,professions,6.8,179,25,53,None,"(-0.1, 0)",None,,,,,,,,,,,,,,0,0,0,0,0,14,14,14,11,0,11,0,282.1387332000013,,,,,,,,,,,,,,,,,,,,,,,,,,,,,,,,,,,,,,,,,,,,,,,,,,,,,,,,,,,,,,,,,,,,,,,,,,,,,,,,,,,,,,,,,,,,,282.12638210000296,282.1387332000013,282.1387332000013,282.1387332000013,282.32279090000156,None,,,,,,,,,,,,,,,,,,,,,,,,,,,,,,,,P2887,Bar_MIC,3,1,2026-05-11_17h28.42.991,MIC_task,,2026.1.2,59.486276515657686,2026-05-11 17h28.44.439398 +0200,
,,12,0,12,,,,,,,3,p19,rendőr,police officier,6,people,professions,6.8,179,25,53,None,"(-0.1, 0)",None,,,,,,,,,,,,,,0,0,0,0,0,14,14,14,12,0,12,0,282.33831590000045,,,,,,,,,,,,,,,,,,,,,,,,,,,,,,,,,,,,,,,,,,,,,,,,,,,,,,,,,,,,,,,,,,,,,,,,,,,,,,,,,,,,,,,,,,,,,282.325756000002,282.33831590000045,282.33831590000045,282.33831590000045,282.52318280000327,None,,,,,,,,,,,,,,,,,,,,,,,,,,,,,,,,P2887,Bar_MIC,3,1,2026-05-11_17h28.42.991,MIC_task,,2026.1.2,59.486276515657686,2026-05-11 17h28.44.439398 +0200,
,,13,0,13,,,,,,,3,p19,rendőr,police officier,6,people,professions,6.8,179,25,53,None,"(-0.1, 0)",None,,,,,,,,,,,,,,0,0,0,0,0,14,14,14,13,0,13,0,282.53878930000064,,,,,,,,,,,,,,,,,,,,,,,,,,,,,,,,,,,,,,,,,,,,,,,,,,,,,,,,,,,,,,,,,,,,,,,,,,,,,,,,,,,,,,,,,,,,,282.52615960000185,282.53878930000064,282.53878930000064,282.53878930000064,282.7237638000006,None,,,,,,,,,,,,,,,,,,,,,,,,,,,,,,,,P2887,Bar_MIC,3,1,2026-05-11_17h28.42.991,MIC_task,,2026.1.2,59.486276515657686,2026-05-11 17h28.44.439398 +0200,
,,14,0,14,,,,,,,3,p19,rendőr,police officier,6,people,professions,6.8,179,25,53,None,"(-0.1, 0)",None,,,,,,,,,,,,,,0,0,0,0,0,14,14,14,14,0,14,0,282.73911950000183,,,,,,,,,,,,,,,,,,,,,,,,,,,,,,,,,,,,,,,,,,,,,,,,,,,,,,,,,,,,,,,,,,,,,,,,,,,,,,,,,,,,,,,,,,,,,282.72686850000173,282.73911950000183,282.73911950000183,282.73911950000183,282.9240495000013,None,,,,,,,,,,,,,,,,,,,,,,,,,,,,,,,,P2887,Bar_MIC,3,1,2026-05-11_17h28.42.991,MIC_task,,2026.1.2,59.486276515657686,2026-05-11 17h28.44.439398 +0200,
,,15,0,15,,,,,,,3,p19,rendőr,police officier,6,people,professions,6.8,179,25,53,None,"(-0.1, 0)",None,,,,,,,,,,,,,,0,0,0,0,0,14,14,14,15,0,15,0,282.9394519000016,,,,,,,,,,,,,,,,,,,,,,,,,,,,,,,,,,,,,,,,,,,,,,,,,,,,,,,,,,,,,,,,,,,,,,,,,,,,,,,,,,,,,,,,,,,,,282.9269622000029,282.9394519000016,282.9394519000016,282.9394519000016,283.12323900000047,None,,,,,,,,,,,,,,,,,,,,,,,,,,,,,,,,P2887,Bar_MIC,3,1,2026-05-11_17h28.42.991,MIC_task,,2026.1.2,59.486276515657686,2026-05-11 17h28.44.439398 +0200,
,,16,0,16,,,,,,,3,p19,rendőr,police officier,6,people,professions,6.8,179,25,53,None,"(-0.1, 0)",None,,,,,,,,,,,,,,0,0,0,0,0,14,14,14,16,0,16,0,283.1398687000001,,,,,,,,,,,,,,,,,,,,,,,,,,,,,,,,,,,,,,,,,,,,,,,,,,,,,,,,,,,,,,,,,,,,,,,,,,,,,,,,,,,,,,,,,,,,,283.12649059999967,283.1398687000001,283.1398687000001,283.1398687000001,283.3236659000031,None,,,,,,,,,,,,,,,,,,,,,,,,,,,,,,,,P2887,Bar_MIC,3,1,2026-05-11_17h28.42.991,MIC_task,,2026.1.2,59.486276515657686,2026-05-11 17h28.44.439398 +0200,
,,17,0,17,,,,,,,3,p19,rendőr,police officier,6,people,professions,6.8,179,25,53,None,"(-0.1, 0)",None,,,,,,,,,,,,,,0,0,0,0,0,14,14,14,17,0,17,0,283.34020750000127,,,,,,,,,,,,,,,,,,,,,,,,,,,,,,,,,,,,,,,,,,,,,,,,,,,,,,,,,,,,,,,,,,,,,,,,,,,,,,,,,,,,,,,,,,,,,283.3269958000019,283.34020750000127,283.34020750000127,283.34020750000127,283.5240752000027,None,,,,,,,,,,,,,,,,,,,,,,,,,,,,,,,,P2887,Bar_MIC,3,1,2026-05-11_17h28.42.991,MIC_task,,2026.1.2,59.486276515657686,2026-05-11 17h28.44.439398 +0200,
,,18,0,18,,,,,,,3,p19,rendőr,police officier,6,people,professions,6.8,179,25,53,None,"(-0.1, 0)",None,,,,,,,,,,,,,,0,0,0,0,0,14,14,14,18,0,18,0,283.54056240000136,,,,,,,,,,,,,,,,,,,,,,,,,,,,,,,,,,,,,,,,,,,,,,,,,,,,,,,,,,,,,,,,,,,,,,,,,,,,,,,,,,,,,,,,,,,,,283.52742650000073,283.54056240000136,283.54056240000136,283.54056240000136,283.72469170000113,None,,,,,,,,,,,,,,,,,,,,,,,,,,,,,,,,P2887,Bar_MIC,3,1,2026-05-11_17h28.42.991,MIC_task,,2026.1.2,59.486276515657686,2026-05-11 17h28.44.439398 +0200,
,,19,0,19,,,,,,,3,p19,rendőr,police officier,6,people,professions,6.8,179,25,53,None,"(-0.1, 0)",None,,,,,,,,,,,,,,0,0,0,0,0,14,14,14,19,0,19,0,283.7408716000027,,,,,,,,,,,,,,,,,,,,,,,,,,,,,,,,,,,,,,,,,,,,,,,,,,,,,,,,,,,,,,,,,,,,,,,,,,,,,,,,,,,,,,,,,,,,,283.7277736000033,283.7408716000027,283.7408716000027,283.7408716000027,283.9249622000025,None,,,,,,,,,,,,,,,,,,,,,,,,,,,,,,,,P2887,Bar_MIC,3,1,2026-05-11_17h28.42.991,MIC_task,,2026.1.2,59.486276515657686,2026-05-11 17h28.44.439398 +0200,
,,20,0,20,,,,,,,3,p19,rendőr,police officier,6,people,professions,6.8,179,25,53,None,"(-0.1, 0)",None,,,,,,,,,,,,,,0,0,0,0,0,14,14,14,20,0,20,0,283.94117400000323,,,,,,,,,,,,,,,,,,,,,,,,,,,,,,,,,,,,,,,,,,,,,,,,,,,,,,,,,,,,,,,,,,,,,,,,,,,,,,,,,,,,,,,,,,,,,283.9280695000016,283.94117400000323,283.94117400000323,283.94117400000323,284.1256884000031,None,,,,,,,,,,,,,,,,,,,,,,,,,,,,,,,,P2887,Bar_MIC,3,1,2026-05-11_17h28.42.991,MIC_task,,2026.1.2,59.486276515657686,2026-05-11 17h28.44.439398 +0200,
,,21,0,21,,,,,,,3,p19,rendőr,police officier,6,people,professions,6.8,179,25,53,None,"(-0.1, 0)",None,,,,,,,,,,,,,,0,0,0,0,0,14,14,14,21,0,21,0,284.1416143000024,,,,,,,,,,,,,,,,,,,,,,,,,,,,,,,,,,,,,,,,,,,,,,,,,,,,,,,,,,,,,,,,,,,,,,,,,,,,,,,,,,,,,,,,,,,,,284.1288604000001,284.1416143000024,284.1416143000024,284.1416143000024,284.3257291000009,None,,,,,,,,,,,,,,,,,,,,,,,,,,,,,,,,P2887,Bar_MIC,3,1,2026-05-11_17h28.42.991,MIC_task,,2026.1.2,59.486276515657686,2026-05-11 17h28.44.439398 +0200,
,,22,0,22,,,,,,,3,p19,rendőr,police officier,6,people,professions,6.8,179,25,53,None,"(-0.1, 0)",None,,,,,,,,,,,,,,0,0,0,0,0,14,14,14,22,0,22,0,284.34204520000276,,,,,,,,,,,,,,,,,,,,,,,,,,,,,,,,,,,,,,,,,,,,,,,,,,,,,,,,,,,,,,,,,,,,,,,,,,,,,,,,,,,,,,,,,,,,,284.3290476000002,284.34204520000276,284.34204520000276,284.34204520000276,284.52641180000137,None,,,,,,,,,,,,,,,,,,,,,,,,,,,,,,,,P2887,Bar_MIC,3,1,2026-05-11_17h28.42.991,MIC_task,,2026.1.2,59.486276515657686,2026-05-11 17h28.44.439398 +0200,
,,23,0,23,,,,,,,3,p19,rendőr,police officier,6,people,professions,6.8,179,25,53,None,"(-0.1, 0)",None,,,,,,,,,,,,,,0,0,0,0,0,14,14,14,23,0,23,0,284.5417253000014,,,,,,,,,,,,,,,,,,,,,,,,,,,,,,,,,,,,,,,,,,,,,,,,,,,,,,,,,,,,,,,,,,,,,,,,,,,,,,,,,,,,,,,,,,,,,284.52974750000067,284.5417253000014,284.5417253000014,284.5417253000014,284.7266430000018,None,,,,,,,,,,,,,,,,,,,,,,,,,,,,,,,,P2887,Bar_MIC,3,1,2026-05-11_17h28.42.991,MIC_task,,2026.1.2,59.486276515657686,2026-05-11 17h28.44.439398 +0200,
,,24,0,24,,,,,,,3,p19,rendőr,police officier,6,people,professions,6.8,179,25,53,None,"(-0.1, 0)",space,0.023726900002657203,None,,,,,,,,,,,,0,0,0,0,0,14,14,14,24,0,24,0,284.74211480000304,,,,,,,,,,,,,,,,,,,,,,,,,,,,,,,,,,,,,,,,,,,,,,,,,,,,,,,,,,,,,,,,,,,,,,,,,,,,,,,,,,,,,,,,,,,,,284.72945360000085,284.74211480000304,284.74211480000304,284.74211480000304,284.77768090000245,space,0.023726900002657203,None,,,,,,,,,,,,,,,,,,,,,,,,,,,,,,P2887,Bar_MIC,3,1,2026-05-11_17h28.42.991,MIC_task,,2026.1.2,59.486276515657686,2026-05-11 17h28.44.439398 +0200,
,,14,14,0,,,,space,0.5917549999976472,None,3,p19,rendőr,police officier,6,people,professions,6.8,179,25,53,None,"(-0.1, 0)",,,,,,,,,,,,,,,0,0,0,0,0,14,14,14,,,,,,,,,,,,,,,,,,,,,,,,,,,,,,,,,,,,,,,,,,,,,,,,,,,,,,,,,,,,,,,,,,,,,,,,,,,,,,,,,284.83913590000157,284.84451380000246,284.84347176666876,286.7787723000001,,,,,,288.7828479000018,288.79824230000304,288.79824230000304,289.400543300002,,,,,,,,,,,,,286.8020292000001,286.8067353000006,286.81195123333646,288.698568900003,288.78280240000095,space,0.5917549999976472,None,,,,,,,,,,,,,,,,,,,,,,P2887,Bar_MIC,3,1,2026-05-11_17h28.42.991,MIC_task,,2026.1.2,59.486276515657686,2026-05-11 17h28.44.439398 +0200,
,,0,0,0,,,,,,,3,f26,méz,honey,4,food,sweets,7,51,None,65,None,"(0, -0.1)",None,,,,,,,,,,,,,,0,0,0,0,0,15,15,15,0,0,0,0,289.45638880000115,,,,,,,,,,,,,,,,,,,,,,,,,,,,,,,,,,,,,,,,,,,,,,,,,,,,,,,,,,,,,,,,,,,,,,,,,,,,,,,,,,,,,,,,,,,,,289.451088400001,289.45638880000115,289.45638880000115,289.45638880000115,289.61690369999997,None,,,,,,,,,,,,,,,,,,,,,,,,,,,,,,,,P2887,Bar_MIC,3,1,2026-05-11_17h28.42.991,MIC_task,,2026.1.2,59.486276515657686,2026-05-11 17h28.44.439398 +0200,
,,0,0,0,,,,,,,3,f26,méz,honey,4,food,sweets,7,51,None,65,None,"(0, -0.1)",None,,,,,,,,,,,,,,0,0,0,0,0,15,15,15,0,0,0,0,289.6331783000023,,,,,,,,,,,,,,,,,,,,,,,,,,,,,,,,,,,,,,,,,,,,,,,,,,,,,,,,,,,,,,,,,,,,,,,,,,,,,,,,,,,,,,,,,,,,,289.62015390000306,289.6331783000023,289.6331783000023,289.6331783000023,289.80111840000245,None,,,,,,,,,,,,,,,,,,,,,,,,,,,,,,,,P2887,Bar_MIC,3,1,2026-05-11_17h28.42.991,MIC_task,,2026.1.2,59.486276515657686,2026-05-11 17h28.44.439398 +0200,
,,1,0,1,,,,,,,3,f26,méz,honey,4,food,sweets,7,51,None,65,None,"(0, -0.1)",None,,,,,,,,,,,,,,0,0,0,0,0,15,15,15,1,0,1,0,289.8169276000008,,,,,,,,,,,,,,,,,,,,,,,,,,,,,,,,,,,,,,,,,,,,,,,,,,,,,,,,,,,,,,,,,,,,,,,,,,,,,,,,,,,,,,,,,,,,,289.80424910000147,289.8169276000008,289.8169276000008,289.8169276000008,290.00102470000274,None,,,,,,,,,,,,,,,,,,,,,,,,,,,,,,,,P2887,Bar_MIC,3,1,2026-05-11_17h28.42.991,MIC_task,,2026.1.2,59.486276515657686,2026-05-11 17h28.44.439398 +0200,
,,2,0,2,,,,,,,3,f26,méz,honey,4,food,sweets,7,51,None,65,None,"(0, -0.1)",None,,,,,,,,,,,,,,0,0,0,0,0,15,15,15,2,0,2,0,290.0172571000003,,,,,,,,,,,,,,,,,,,,,,,,,,,,,,,,,,,,,,,,,,,,,,,,,,,,,,,,,,,,,,,,,,,,,,,,,,,,,,,,,,,,,,,,,,,,,290.0039424000024,290.0172571000003,290.0172571000003,290.0172571000003,290.20133160000114,None,,,,,,,,,,,,,,,,,,,,,,,,,,,,,,,,P2887,Bar_MIC,3,1,2026-05-11_17h28.42.991,MIC_task,,2026.1.2,59.486276515657686,2026-05-11 17h28.44.439398 +0200,
,,3,0,3,,,,,,,3,f26,méz,honey,4,food,sweets,7,51,None,65,None,"(0, -0.1)",None,,,,,,,,,,,,,,0,0,0,0,0,15,15,15,3,0,3,0,290.2176242000023,,,,,,,,,,,,,,,,,,,,,,,,,,,,,,,,,,,,,,,,,,,,,,,,,,,,,,,,,,,,,,,,,,,,,,,,,,,,,,,,,,,,,,,,,,,,,290.2047768000011,290.2176242000023,290.2176242000023,290.2176242000023,290.4016614000029,None,,,,,,,,,,,,,,,,,,,,,,,,,,,,,,,,P2887,Bar_MIC,3,1,2026-05-11_17h28.42.991,MIC_task,,2026.1.2,59.486276515657686,2026-05-11 17h28.44.439398 +0200,
,,4,0,4,,,,,,,3,f26,méz,honey,4,food,sweets,7,51,None,65,None,"(0, -0.1)",None,,,,,,,,,,,,,,0,0,0,0,0,15,15,15,4,0,4,0,290.41808700000183,,,,,,,,,,,,,,,,,,,,,,,,,,,,,,,,,,,,,,,,,,,,,,,,,,,,,,,,,,,,,,,,,,,,,,,,,,,,,,,,,,,,,,,,,,,,,290.40520860000106,290.41808700000183,290.41808700000183,290.41808700000183,290.60211450000133,None,,,,,,,,,,,,,,,,,,,,,,,,,,,,,,,,P2887,Bar_MIC,3,1,2026-05-11_17h28.42.991,MIC_task,,2026.1.2,59.486276515657686,2026-05-11 17h28.44.439398 +0200,
,,5,0,5,,,,,,,3,f26,méz,honey,4,food,sweets,7,51,None,65,None,"(0, -0.1)",None,,,,,,,,,,,,,,0,0,0,0,0,15,15,15,5,0,5,0,290.6177895000001,,,,,,,,,,,,,,,,,,,,,,,,,,,,,,,,,,,,,,,,,,,,,,,,,,,,,,,,,,,,,,,,,,,,,,,,,,,,,,,,,,,,,,,,,,,,,290.60563150000235,290.6177895000001,290.6177895000001,290.6177895000001,290.80260350000026,None,,,,,,,,,,,,,,,,,,,,,,,,,,,,,,,,P2887,Bar_MIC,3,1,2026-05-11_17h28.42.991,MIC_task,,2026.1.2,59.486276515657686,2026-05-11 17h28.44.439398 +0200,
,,6,0,6,,,,,,,3,f26,méz,honey,4,food,sweets,7,51,None,65,None,"(0, -0.1)",None,,,,,,,,,,,,,,0,0,0,0,0,15,15,15,6,0,6,0,290.81805400000303,,,,,,,,,,,,,,,,,,,,,,,,,,,,,,,,,,,,,,,,,,,,,,,,,,,,,,,,,,,,,,,,,,,,,,,,,,,,,,,,,,,,,,,,,,,,,290.80588440000065,290.81805400000303,290.81805400000303,290.81805400000303,291.001717500003,None,,,,,,,,,,,,,,,,,,,,,,,,,,,,,,,,P2887,Bar_MIC,3,1,2026-05-11_17h28.42.991,MIC_task,,2026.1.2,59.486276515657686,2026-05-11 17h28.44.439398 +0200,
,,7,0,7,,,,,,,3,f26,méz,honey,4,food,sweets,7,51,None,65,None,"(0, -0.1)",None,,,,,,,,,,,,,,0,0,0,0,0,15,15,15,7,0,7,0,291.0185909000029,,,,,,,,,,,,,,,,,,,,,,,,,,,,,,,,,,,,,,,,,,,,,,,,,,,,,,,,,,,,,,,,,,,,,,,,,,,,,,,,,,,,,,,,,,,,,291.0052794000003,291.0185909000029,291.0185909000029,291.0185909000029,291.2020760000014,None,,,,,,,,,,,,,,,,,,,,,,,,,,,,,,,,P2887,Bar_MIC,3,1,2026-05-11_17h28.42.991,MIC_task,,2026.1.2,59.486276515657686,2026-05-11 17h28.44.439398 +0200,
,,8,0,8,,,,,,,3,f26,méz,honey,4,food,sweets,7,51,None,65,None,"(0, -0.1)",None,,,,,,,,,,,,,,0,0,0,0,0,15,15,15,8,0,8,0,291.2188262000018,,,,,,,,,,,,,,,,,,,,,,,,,,,,,,,,,,,,,,,,,,,,,,,,,,,,,,,,,,,,,,,,,,,,,,,,,,,,,,,,,,,,,,,,,,,,,291.20525869999983,291.2188262000018,291.2188262000018,291.2188262000018,291.40245830000276,None,,,,,,,,,,,,,,,,,,,,,,,,,,,,,,,,P2887,Bar_MIC,3,1,2026-05-11_17h28.42.991,MIC_task,,2026.1.2,59.486276515657686,2026-05-11 17h28.44.439398 +0200,
,,9,0,9,,,,,,,3,f26,méz,honey,4,food,sweets,7,51,None,65,None,"(0, -0.1)",None,,,,,,,,,,,,,,0,0,0,0,0,15,15,15,9,0,9,0,291.41913660000137,,,,,,,,,,,,,,,,,,,,,,,,,,,,,,,,,,,,,,,,,,,,,,,,,,,,,,,,,,,,,,,,,,,,,,,,,,,,,,,,,,,,,,,,,,,,,291.40546160000304,291.41913660000137,291.41913660000137,291.41913660000137,291.6030696000016,None,,,,,,,,,,,,,,,,,,,,,,,,,,,,,,,,P2887,Bar_MIC,3,1,2026-05-11_17h28.42.991,MIC_task,,2026.1.2,59.486276515657686,2026-05-11 17h28.44.439398 +0200,
,,10,0,10,,,,,,,3,f26,méz,honey,4,food,sweets,7,51,None,65,None,"(0, -0.1)",None,,,,,,,,,,,,,,0,0,0,0,0,15,15,15,10,0,10,0,291.6194800000012,,,,,,,,,,,,,,,,,,,,,,,,,,,,,,,,,,,,,,,,,,,,,,,,,,,,,,,,,,,,,,,,,,,,,,,,,,,,,,,,,,,,,,,,,,,,,291.6065851000021,291.6194800000012,291.6194800000012,291.6194800000012,291.8036248000026,None,,,,,,,,,,,,,,,,,,,,,,,,,,,,,,,,P2887,Bar_MIC,3,1,2026-05-11_17h28.42.991,MIC_task,,2026.1.2,59.486276515657686,2026-05-11 17h28.44.439398 +0200,
,,11,0,11,,,,,,,3,f26,méz,honey,4,food,sweets,7,51,None,65,None,"(0, -0.1)",None,,,,,,,,,,,,,,0,0,0,0,0,15,15,15,11,0,11,0,291.81979010000214,,,,,,,,,,,,,,,,,,,,,,,,,,,,,,,,,,,,,,,,,,,,,,,,,,,,,,,,,,,,,,,,,,,,,,,,,,,,,,,,,,,,,,,,,,,,,291.8071108000004,291.81979010000214,291.81979010000214,291.81979010000214,292.0038045000001,None,,,,,,,,,,,,,,,,,,,,,,,,,,,,,,,,P2887,Bar_MIC,3,1,2026-05-11_17h28.42.991,MIC_task,,2026.1.2,59.486276515657686,2026-05-11 17h28.44.439398 +0200,
,,12,0,12,,,,,,,3,f26,méz,honey,4,food,sweets,7,51,None,65,None,"(0, -0.1)",None,,,,,,,,,,,,,,0,0,0,0,0,15,15,15,12,0,12,0,292.0201444000013,,,,,,,,,,,,,,,,,,,,,,,,,,,,,,,,,,,,,,,,,,,,,,,,,,,,,,,,,,,,,,,,,,,,,,,,,,,,,,,,,,,,,,,,,,,,,292.00705970000126,292.0201444000013,292.0201444000013,292.0201444000013,292.20448190000025,None,,,,,,,,,,,,,,,,,,,,,,,,,,,,,,,,P2887,Bar_MIC,3,1,2026-05-11_17h28.42.991,MIC_task,,2026.1.2,59.486276515657686,2026-05-11 17h28.44.439398 +0200,
,,13,0,13,,,,,,,3,f26,méz,honey,4,food,sweets,7,51,None,65,None,"(0, -0.1)",None,,,,,,,,,,,,,,0,0,0,0,0,15,15,15,13,0,13,0,292.22048310000173,,,,,,,,,,,,,,,,,,,,,,,,,,,,,,,,,,,,,,,,,,,,,,,,,,,,,,,,,,,,,,,,,,,,,,,,,,,,,,,,,,,,,,,,,,,,,292.2077535000026,292.22048310000173,292.22048310000173,292.22048310000173,292.4052182000014,None,,,,,,,,,,,,,,,,,,,,,,,,,,,,,,,,P2887,Bar_MIC,3,1,2026-05-11_17h28.42.991,MIC_task,,2026.1.2,59.486276515657686,2026-05-11 17h28.44.439398 +0200,
,,14,0,14,,,,,,,3,f26,méz,honey,4,food,sweets,7,51,None,65,None,"(0, -0.1)",None,,,,,,,,,,,,,,0,0,0,0,0,15,15,15,14,0,14,0,292.42096230000243,,,,,,,,,,,,,,,,,,,,,,,,,,,,,,,,,,,,,,,,,,,,,,,,,,,,,,,,,,,,,,,,,,,,,,,,,,,,,,,,,,,,,,,,,,,,,292.40852480000103,292.42096230000243,292.42096230000243,292.42096230000243,292.6055679000019,None,,,,,,,,,,,,,,,,,,,,,,,,,,,,,,,,P2887,Bar_MIC,3,1,2026-05-11_17h28.42.991,MIC_task,,2026.1.2,59.486276515657686,2026-05-11 17h28.44.439398 +0200,
,,15,0,15,,,,,,,3,f26,méz,honey,4,food,sweets,7,51,None,65,None,"(0, -0.1)",None,,,,,,,,,,,,,,0,0,0,0,0,15,15,15,15,0,15,0,292.6213166000016,,,,,,,,,,,,,,,,,,,,,,,,,,,,,,,,,,,,,,,,,,,,,,,,,,,,,,,,,,,,,,,,,,,,,,,,,,,,,,,,,,,,,,,,,,,,,292.6091360999999,292.6213166000016,292.6213166000016,292.6213166000016,292.80595410000024,None,,,,,,,,,,,,,,,,,,,,,,,,,,,,,,,,P2887,Bar_MIC,3,1,2026-05-11_17h28.42.991,MIC_task,,2026.1.2,59.486276515657686,2026-05-11 17h28.44.439398 +0200,
,,16,0,16,,,,,,,3,f26,méz,honey,4,food,sweets,7,51,None,65,None,"(0, -0.1)",None,,,,,,,,,,,,,,0,0,0,0,0,15,15,15,16,0,16,0,292.8209960000022,,,,,,,,,,,,,,,,,,,,,,,,,,,,,,,,,,,,,,,,,,,,,,,,,,,,,,,,,,,,,,,,,,,,,,,,,,,,,,,,,,,,,,,,,,,,,292.80962100000033,292.8209960000022,292.8209960000022,292.8209960000022,293.00591350000104,None,,,,,,,,,,,,,,,,,,,,,,,,,,,,,,,,P2887,Bar_MIC,3,1,2026-05-11_17h28.42.991,MIC_task,,2026.1.2,59.486276515657686,2026-05-11 17h28.44.439398 +0200,
,,17,0,17,,,,,,,3,f26,méz,honey,4,food,sweets,7,51,None,65,None,"(0, -0.1)",None,,,,,,,,,,,,,,0,0,0,0,0,15,15,15,17,0,17,0,293.02129940000304,,,,,,,,,,,,,,,,,,,,,,,,,,,,,,,,,,,,,,,,,,,,,,,,,,,,,,,,,,,,,,,,,,,,,,,,,,,,,,,,,,,,,,,,,,,,,293.0092917000002,293.02129940000304,293.02129940000304,293.02129940000304,293.20632840000326,None,,,,,,,,,,,,,,,,,,,,,,,,,,,,,,,,P2887,Bar_MIC,3,1,2026-05-11_17h28.42.991,MIC_task,,2026.1.2,59.486276515657686,2026-05-11 17h28.44.439398 +0200,
,,18,0,18,,,,,,,3,f26,méz,honey,4,food,sweets,7,51,None,65,None,"(0, -0.1)",None,,,,,,,,,,,,,,0,0,0,0,0,15,15,15,18,0,18,0,293.2217672000006,,,,,,,,,,,,,,,,,,,,,,,,,,,,,,,,,,,,,,,,,,,,,,,,,,,,,,,,,,,,,,,,,,,,,,,,,,,,,,,,,,,,,,,,,,,,,293.21000000000276,293.2217672000006,293.2217672000006,293.2217672000006,293.40657439999995,None,,,,,,,,,,,,,,,,,,,,,,,,,,,,,,,,P2887,Bar_MIC,3,1,2026-05-11_17h28.42.991,MIC_task,,2026.1.2,59.486276515657686,2026-05-11 17h28.44.439398 +0200,
,,19,0,19,,,,,,,3,f26,méz,honey,4,food,sweets,7,51,None,65,None,"(0, -0.1)",None,,,,,,,,,,,,,,0,0,0,0,0,15,15,15,19,0,19,0,293.4220435000025,,,,,,,,,,,,,,,,,,,,,,,,,,,,,,,,,,,,,,,,,,,,,,,,,,,,,,,,,,,,,,,,,,,,,,,,,,,,,,,,,,,,,,,,,,,,,293.4096438000015,293.4220435000025,293.4220435000025,293.4220435000025,293.6060225000001,None,,,,,,,,,,,,,,,,,,,,,,,,,,,,,,,,P2887,Bar_MIC,3,1,2026-05-11_17h28.42.991,MIC_task,,2026.1.2,59.486276515657686,2026-05-11 17h28.44.439398 +0200,
,,20,0,20,,,,,,,3,f26,méz,honey,4,food,sweets,7,51,None,65,None,"(0, -0.1)",None,,,,,,,,,,,,,,0,0,0,0,0,15,15,15,20,0,20,0,293.6224927000003,,,,,,,,,,,,,,,,,,,,,,,,,,,,,,,,,,,,,,,,,,,,,,,,,,,,,,,,,,,,,,,,,,,,,,,,,,,,,,,,,,,,,,,,,,,,,293.6089933000003,293.6224927000003,293.6224927000003,293.6224927000003,293.8063135000011,None,,,,,,,,,,,,,,,,,,,,,,,,,,,,,,,,P2887,Bar_MIC,3,1,2026-05-11_17h28.42.991,MIC_task,,2026.1.2,59.486276515657686,2026-05-11 17h28.44.439398 +0200,
,,21,0,21,,,,,,,3,f26,méz,honey,4,food,sweets,7,51,None,65,None,"(0, -0.1)",None,,,,,,,,,,,,,,0,0,0,0,0,15,15,15,21,0,21,0,293.82286190000013,,,,,,,,,,,,,,,,,,,,,,,,,,,,,,,,,,,,,,,,,,,,,,,,,,,,,,,,,,,,,,,,,,,,,,,,,,,,,,,,,,,,,,,,,,,,,293.80940740000005,293.82286190000013,293.82286190000013,293.82286190000013,294.00683260000005,None,,,,,,,,,,,,,,,,,,,,,,,,,,,,,,,,P2887,Bar_MIC,3,1,2026-05-11_17h28.42.991,MIC_task,,2026.1.2,59.486276515657686,2026-05-11 17h28.44.439398 +0200,
,,22,0,22,,,,,,,3,f26,méz,honey,4,food,sweets,7,51,None,65,None,"(0, -0.1)",None,,,,,,,,,,,,,,0,0,0,0,0,15,15,15,22,0,22,0,294.02322260000074,,,,,,,,,,,,,,,,,,,,,,,,,,,,,,,,,,,,,,,,,,,,,,,,,,,,,,,,,,,,,,,,,,,,,,,,,,,,,,,,,,,,,,,,,,,,,294.01003649999984,294.02322260000074,294.02322260000074,294.02322260000074,294.20746190000136,None,,,,,,,,,,,,,,,,,,,,,,,,,,,,,,,,P2887,Bar_MIC,3,1,2026-05-11_17h28.42.991,MIC_task,,2026.1.2,59.486276515657686,2026-05-11 17h28.44.439398 +0200,
,,23,0,23,,,,,,,3,f26,méz,honey,4,food,sweets,7,51,None,65,None,"(0, -0.1)",None,,,,,,,,,,,,,,0,0,0,0,0,15,15,15,23,0,23,0,294.22357750000083,,,,,,,,,,,,,,,,,,,,,,,,,,,,,,,,,,,,,,,,,,,,,,,,,,,,,,,,,,,,,,,,,,,,,,,,,,,,,,,,,,,,,,,,,,,,,294.2104638000019,294.22357750000083,294.22357750000083,294.22357750000083,294.4079397000023,None,,,,,,,,,,,,,,,,,,,,,,,,,,,,,,,,P2887,Bar_MIC,3,1,2026-05-11_17h28.42.991,MIC_task,,2026.1.2,59.486276515657686,2026-05-11 17h28.44.439398 +0200,
,,24,0,24,,,,,,,3,f26,méz,honey,4,food,sweets,7,51,None,65,None,"(0, -0.1)",None,,,,,,,,,,,,,,0,0,0,0,0,15,15,15,24,0,24,0,294.42388930000016,,,,,,,,,,,,,,,,,,,,,,,,,,,,,,,,,,,,,,,,,,,,,,,,,,,,,,,,,,,,,,,,,,,,,,,,,,,,,,,,,,,,,,,,,,,,,294.41125880000254,294.42388930000016,294.42388930000016,294.42388930000016,294.6084711000003,None,,,,,,,,,,,,,,,,,,,,,,,,,,,,,,,,P2887,Bar_MIC,3,1,2026-05-11_17h28.42.991,MIC_task,,2026.1.2,59.486276515657686,2026-05-11 17h28.44.439398 +0200,
,,25,0,25,,,,,,,3,f26,méz,honey,4,food,sweets,7,51,None,65,None,"(0, -0.1)",None,,,,,,,,,,,,,,0,0,0,0,0,15,15,15,25,0,25,0,294.62365820000196,,,,,,,,,,,,,,,,,,,,,,,,,,,,,,,,,,,,,,,,,,,,,,,,,,,,,,,,,,,,,,,,,,,,,,,,,,,,,,,,,,,,,,,,,,,,,294.61171540000214,294.62365820000196,294.62365820000196,294.62365820000196,294.80893060000017,None,,,,,,,,,,,,,,,,,,,,,,,,,,,,,,,,P2887,Bar_MIC,3,1,2026-05-11_17h28.42.991,MIC_task,,2026.1.2,59.486276515657686,2026-05-11 17h28.44.439398 +0200,
,,26,0,26,,,,,,,3,f26,méz,honey,4,food,sweets,7,51,None,65,None,"(0, -0.1)",None,,,,,,,,,,,,,,0,0,0,0,0,15,15,15,26,0,26,0,294.8246472000028,,,,,,,,,,,,,,,,,,,,,,,,,,,,,,,,,,,,,,,,,,,,,,,,,,,,,,,,,,,,,,,,,,,,,,,,,,,,,,,,,,,,,,,,,,,,,294.8121440000032,294.8246472000028,294.8246472000028,294.8246472000028,295.0094979000023,None,,,,,,,,,,,,,,,,,,,,,,,,,,,,,,,,P2887,Bar_MIC,3,1,2026-05-11_17h28.42.991,MIC_task,,2026.1.2,59.486276515657686,2026-05-11 17h28.44.439398 +0200,
,,27,0,27,,,,,,,3,f26,méz,honey,4,food,sweets,7,51,None,65,None,"(0, -0.1)",None,,,,,,,,,,,,,,0,0,0,0,0,15,15,15,27,0,27,0,295.0250345000022,,,,,,,,,,,,,,,,,,,,,,,,,,,,,,,,,,,,,,,,,,,,,,,,,,,,,,,,,,,,,,,,,,,,,,,,,,,,,,,,,,,,,,,,,,,,,295.012670600001,295.0250345000022,295.0250345000022,295.0250345000022,295.20938300000125,None,,,,,,,,,,,,,,,,,,,,,,,,,,,,,,,,P2887,Bar_MIC,3,1,2026-05-11_17h28.42.991,MIC_task,,2026.1.2,59.486276515657686,2026-05-11 17h28.44.439398 +0200,
,,28,0,28,,,,,,,3,f26,méz,honey,4,food,sweets,7,51,None,65,None,"(0, -0.1)",None,,,,,,,,,,,,,,0,0,0,0,0,15,15,15,28,0,28,0,295.2247239000026,,,,,,,,,,,,,,,,,,,,,,,,,,,,,,,,,,,,,,,,,,,,,,,,,,,,,,,,,,,,,,,,,,,,,,,,,,,,,,,,,,,,,,,,,,,,,295.21266710000054,295.2247239000026,295.2247239000026,295.2247239000026,295.4084296000001,None,,,,,,,,,,,,,,,,,,,,,,,,,,,,,,,,P2887,Bar_MIC,3,1,2026-05-11_17h28.42.991,MIC_task,,2026.1.2,59.486276515657686,2026-05-11 17h28.44.439398 +0200,
,,29,0,29,,,,,,,3,f26,méz,honey,4,food,sweets,7,51,None,65,None,"(0, -0.1)",None,,,,,,,,,,,,,,0,0,0,0,0,15,15,15,29,0,29,0,295.4250525000025,,,,,,,,,,,,,,,,,,,,,,,,,,,,,,,,,,,,,,,,,,,,,,,,,,,,,,,,,,,,,,,,,,,,,,,,,,,,,,,,,,,,,,,,,,,,,295.41164240000217,295.4250525000025,295.4250525000025,295.4250525000025,295.6087843000023,None,,,,,,,,,,,,,,,,,,,,,,,,,,,,,,,,P2887,Bar_MIC,3,1,2026-05-11_17h28.42.991,MIC_task,,2026.1.2,59.486276515657686,2026-05-11 17h28.44.439398 +0200,
,,30,0,30,,,,,,,3,f26,méz,honey,4,food,sweets,7,51,None,65,None,"(0, -0.1)",None,,,,,,,,,,,,,,0,0,0,0,0,15,15,15,30,0,30,0,295.6254747000021,,,,,,,,,,,,,,,,,,,,,,,,,,,,,,,,,,,,,,,,,,,,,,,,,,,,,,,,,,,,,,,,,,,,,,,,,,,,,,,,,,,,,,,,,,,,,295.6118341000001,295.6254747000021,295.6254747000021,295.6254747000021,295.81037880000076,None,,,,,,,,,,,,,,,,,,,,,,,,,,,,,,,,P2887,Bar_MIC,3,1,2026-05-11_17h28.42.991,MIC_task,,2026.1.2,59.486276515657686,2026-05-11 17h28.44.439398 +0200,
,,31,0,31,,,,,,,3,f26,méz,honey,4,food,sweets,7,51,None,65,None,"(0, -0.1)",None,,,,,,,,,,,,,,0,0,0,0,0,15,15,15,31,0,31,0,295.82580830000006,,,,,,,,,,,,,,,,,,,,,,,,,,,,,,,,,,,,,,,,,,,,,,,,,,,,,,,,,,,,,,,,,,,,,,,,,,,,,,,,,,,,,,,,,,,,,295.8137897000015,295.82580830000006,295.82580830000006,295.82580830000006,296.0098031000016,None,,,,,,,,,,,,,,,,,,,,,,,,,,,,,,,,P2887,Bar_MIC,3,1,2026-05-11_17h28.42.991,MIC_task,,2026.1.2,59.486276515657686,2026-05-11 17h28.44.439398 +0200,
,,32,0,32,,,,,,,3,f26,méz,honey,4,food,sweets,7,51,None,65,None,"(0, -0.1)",None,,,,,,,,,,,,,,0,0,0,0,0,15,15,15,32,0,32,0,296.0261877000012,,,,,,,,,,,,,,,,,,,,,,,,,,,,,,,,,,,,,,,,,,,,,,,,,,,,,,,,,,,,,,,,,,,,,,,,,,,,,,,,,,,,,,,,,,,,,296.01314400000047,296.0261877000012,296.0261877000012,296.0261877000012,296.2107885000005,None,,,,,,,,,,,,,,,,,,,,,,,,,,,,,,,,P2887,Bar_MIC,3,1,2026-05-11_17h28.42.991,MIC_task,,2026.1.2,59.486276515657686,2026-05-11 17h28.44.439398 +0200,
,,33,0,33,,,,,,,3,f26,méz,honey,4,food,sweets,7,51,None,65,None,"(0, -0.1)",None,,,,,,,,,,,,,,0,0,0,0,0,15,15,15,33,0,33,0,296.22661690000314,,,,,,,,,,,,,,,,,,,,,,,,,,,,,,,,,,,,,,,,,,,,,,,,,,,,,,,,,,,,,,,,,,,,,,,,,,,,,,,,,,,,,,,,,,,,,296.21423450000293,296.22661690000314,296.22661690000314,296.22661690000314,296.41051380000135,None,,,,,,,,,,,,,,,,,,,,,,,,,,,,,,,,P2887,Bar_MIC,3,1,2026-05-11_17h28.42.991,MIC_task,,2026.1.2,59.486276515657686,2026-05-11 17h28.44.439398 +0200,
,,34,0,34,,,,,,,3,f26,méz,honey,4,food,sweets,7,51,None,65,None,"(0, -0.1)",None,,,,,,,,,,,,,,0,0,0,0,0,15,15,15,34,0,34,0,296.42696090000027,,,,,,,,,,,,,,,,,,,,,,,,,,,,,,,,,,,,,,,,,,,,,,,,,,,,,,,,,,,,,,,,,,,,,,,,,,,,,,,,,,,,,,,,,,,,,296.4135182000027,296.42696090000027,296.42696090000027,296.42696090000027,296.6109862000012,None,,,,,,,,,,,,,,,,,,,,,,,,,,,,,,,,P2887,Bar_MIC,3,1,2026-05-11_17h28.42.991,MIC_task,,2026.1.2,59.486276515657686,2026-05-11 17h28.44.439398 +0200,
,,35,0,35,,,,,,,3,f26,méz,honey,4,food,sweets,7,51,None,65,None,"(0, -0.1)",space,0.06868120000217459,None,,,,,,,,,,,,0,0,0,0,0,15,15,15,35,0,35,0,296.6273104000029,,,,,,,,,,,,,,,,,,,,,,,,,,,,,,,,,,,,,,,,,,,,,,,,,,,,,,,,,,,,,,,,,,,,,,,,,,,,,,,,,,,,,,,,,,,,,296.6142768999998,296.6273104000029,296.6273104000029,296.6273104000029,296.71133440000267,space,0.06868120000217459,None,,,,,,,,,,,,,,,,,,,,,,,,,,,,,,P2887,Bar_MIC,3,1,2026-05-11_17h28.42.991,MIC_task,,2026.1.2,59.486276515657686,2026-05-11 17h28.44.439398 +0200,
,,15,15,0,,,,space,1.1925951000011992,None,3,f26,méz,honey,4,food,sweets,7,51,None,65,None,"(0, -0.1)",,,,,,,,,,,,,,,0,0,0,0,0,15,15,15,,,,,,,,,,,,,,,,,,,,,,,,,,,,,,,,,,,,,,,,,,,,,,,,,,,,,,,,,,,,,,,,,,,,,,,,,,,,,,,,,296.77371530000164,296.7792346000024,296.77709366666846,298.71463140000196,,,,,,300.71766110000317,300.7341219000009,300.7341219000009,301.93702450000274,,,,,,,,,,,,,298.74302920000264,298.748669800003,298.7478351333343,300.63326750000124,300.71762149999995,space,1.1925951000011992,None,,,,,,,,,,,,,,,,,,,,,,P2887,Bar_MIC,3,1,2026-05-11_17h28.42.991,MIC_task,,2026.1.2,59.486276515657686,2026-05-11 17h28.44.439398 +0200,
,,0,0,0,,,,,,,3,ty27,labda,ball,9,toys,sport,7,148,18,34,None,"(0, -0.1)",None,,,,,,,,,,,,,,0,0,0,0,0,16,16,16,0,0,0,0,301.96229470000253,,,,,,,,,,,,,,,,,,,,,,,,,,,,,,,,,,,,,,,,,,,,,,,,,,,,,,,,,,,,,,,,,,,,,,,,,,,,,,,,,,,,,,,,,,,,,301.95683340000323,301.96229470000253,301.96229470000253,301.96229470000253,302.152820000003,None,,,,,,,,,,,,,,,,,,,,,,,,,,,,,,,,P2887,Bar_MIC,3,1,2026-05-11_17h28.42.991,MIC_task,,2026.1.2,59.486276515657686,2026-05-11 17h28.44.439398 +0200,
,,0,0,0,,,,,,,3,ty27,labda,ball,9,toys,sport,7,148,18,34,None,"(0, -0.1)",None,,,,,,,,,,,,,,0,0,0,0,0,16,16,16,0,0,0,0,302.16908460000195,,,,,,,,,,,,,,,,,,,,,,,,,,,,,,,,,,,,,,,,,,,,,,,,,,,,,,,,,,,,,,,,,,,,,,,,,,,,,,,,,,,,,,,,,,,,,302.1555079000027,302.16908460000195,302.16908460000195,302.16908460000195,302.35337570000047,None,,,,,,,,,,,,,,,,,,,,,,,,,,,,,,,,P2887,Bar_MIC,3,1,2026-05-11_17h28.42.991,MIC_task,,2026.1.2,59.486276515657686,2026-05-11 17h28.44.439398 +0200,
,,1,0,1,,,,,,,3,ty27,labda,ball,9,toys,sport,7,148,18,34,None,"(0, -0.1)",None,,,,,,,,,,,,,,0,0,0,0,0,16,16,16,1,0,1,0,302.3687478000029,,,,,,,,,,,,,,,,,,,,,,,,,,,,,,,,,,,,,,,,,,,,,,,,,,,,,,,,,,,,,,,,,,,,,,,,,,,,,,,,,,,,,,,,,,,,,302.35637690000294,302.3687478000029,302.3687478000029,302.3687478000029,302.5535871000029,None,,,,,,,,,,,,,,,,,,,,,,,,,,,,,,,,P2887,Bar_MIC,3,1,2026-05-11_17h28.42.991,MIC_task,,2026.1.2,59.486276515657686,2026-05-11 17h28.44.439398 +0200,
,,2,0,2,,,,,,,3,ty27,labda,ball,9,toys,sport,7,148,18,34,None,"(0, -0.1)",None,,,,,,,,,,,,,,0,0,0,0,0,16,16,16,2,0,2,0,302.5698881999997,,,,,,,,,,,,,,,,,,,,,,,,,,,,,,,,,,,,,,,,,,,,,,,,,,,,,,,,,,,,,,,,,,,,,,,,,,,,,,,,,,,,,,,,,,,,,302.55653200000233,302.5698881999997,302.5698881999997,302.5698881999997,302.754010800003,None,,,,,,,,,,,,,,,,,,,,,,,,,,,,,,,,P2887,Bar_MIC,3,1,2026-05-11_17h28.42.991,MIC_task,,2026.1.2,59.486276515657686,2026-05-11 17h28.44.439398 +0200,
,,3,0,3,,,,,,,3,ty27,labda,ball,9,toys,sport,7,148,18,34,None,"(0, -0.1)",None,,,,,,,,,,,,,,0,0,0,0,0,16,16,16,3,0,3,0,302.7695589000032,,,,,,,,,,,,,,,,,,,,,,,,,,,,,,,,,,,,,,,,,,,,,,,,,,,,,,,,,,,,,,,,,,,,,,,,,,,,,,,,,,,,,,,,,,,,,302.75727630000256,302.7695589000032,302.7695589000032,302.7695589000032,302.9376439000007,None,,,,,,,,,,,,,,,,,,,,,,,,,,,,,,,,P2887,Bar_MIC,3,1,2026-05-11_17h28.42.991,MIC_task,,2026.1.2,59.486276515657686,2026-05-11 17h28.44.439398 +0200,
,,4,0,4,,,,,,,3,ty27,labda,ball,9,toys,sport,7,148,18,34,None,"(0, -0.1)",None,,,,,,,,,,,,,,0,0,0,0,0,16,16,16,4,0,4,0,302.95318410000255,,,,,,,,,,,,,,,,,,,,,,,,,,,,,,,,,,,,,,,,,,,,,,,,,,,,,,,,,,,,,,,,,,,,,,,,,,,,,,,,,,,,,,,,,,,,,302.9411618000013,302.95318410000255,302.95318410000255,302.95318410000255,303.13798000000315,None,,,,,,,,,,,,,,,,,,,,,,,,,,,,,,,,P2887,Bar_MIC,3,1,2026-05-11_17h28.42.991,MIC_task,,2026.1.2,59.486276515657686,2026-05-11 17h28.44.439398 +0200,
,,5,0,5,,,,,,,3,ty27,labda,ball,9,toys,sport,7,148,18,34,None,"(0, -0.1)",None,,,,,,,,,,,,,,0,0,0,0,0,16,16,16,5,0,5,0,303.15358370000104,,,,,,,,,,,,,,,,,,,,,,,,,,,,,,,,,,,,,,,,,,,,,,,,,,,,,,,,,,,,,,,,,,,,,,,,,,,,,,,,,,,,,,,,,,,,,303.1413242000017,303.15358370000104,303.15358370000104,303.15358370000104,303.33729700000185,None,,,,,,,,,,,,,,,,,,,,,,,,,,,,,,,,P2887,Bar_MIC,3,1,2026-05-11_17h28.42.991,MIC_task,,2026.1.2,59.486276515657686,2026-05-11 17h28.44.439398 +0200,
,,6,0,6,,,,,,,3,ty27,labda,ball,9,toys,sport,7,148,18,34,None,"(0, -0.1)",None,,,,,,,,,,,,,,0,0,0,0,0,16,16,16,6,0,6,0,303.3539275000003,,,,,,,,,,,,,,,,,,,,,,,,,,,,,,,,,,,,,,,,,,,,,,,,,,,,,,,,,,,,,,,,,,,,,,,,,,,,,,,,,,,,,,,,,,,,,303.34059850000267,303.3539275000003,303.3539275000003,303.3539275000003,303.5378395000007,None,,,,,,,,,,,,,,,,,,,,,,,,,,,,,,,,P2887,Bar_MIC,3,1,2026-05-11_17h28.42.991,MIC_task,,2026.1.2,59.486276515657686,2026-05-11 17h28.44.439398 +0200,
,,7,0,7,,,,,,,3,ty27,labda,ball,9,toys,sport,7,148,18,34,None,"(0, -0.1)",None,,,,,,,,,,,,,,0,0,0,0,0,16,16,16,7,0,7,0,303.554257900003,,,,,,,,,,,,,,,,,,,,,,,,,,,,,,,,,,,,,,,,,,,,,,,,,,,,,,,,,,,,,,,,,,,,,,,,,,,,,,,,,,,,,,,,,,,,,303.54093080000166,303.554257900003,303.554257900003,303.554257900003,303.73812030000045,None,,,,,,,,,,,,,,,,,,,,,,,,,,,,,,,,P2887,Bar_MIC,3,1,2026-05-11_17h28.42.991,MIC_task,,2026.1.2,59.486276515657686,2026-05-11 17h28.44.439398 +0200,
,,8,0,8,,,,,,,3,ty27,labda,ball,9,toys,sport,7,148,18,34,None,"(0, -0.1)",None,,,,,,,,,,,,,,0,0,0,0,0,16,16,16,8,0,8,0,303.7546594000014,,,,,,,,,,,,,,,,,,,,,,,,,,,,,,,,,,,,,,,,,,,,,,,,,,,,,,,,,,,,,,,,,,,,,,,,,,,,,,,,,,,,,,,,,,,,,303.74124200000006,303.7546594000014,303.7546594000014,303.7546594000014,303.93888620000143,None,,,,,,,,,,,,,,,,,,,,,,,,,,,,,,,,P2887,Bar_MIC,3,1,2026-05-11_17h28.42.991,MIC_task,,2026.1.2,59.486276515657686,2026-05-11 17h28.44.439398 +0200,
,,9,0,9,,,,,,,3,ty27,labda,ball,9,toys,sport,7,148,18,34,None,"(0, -0.1)",None,,,,,,,,,,,,,,0,0,0,0,0,16,16,16,9,0,9,0,303.9551139000032,,,,,,,,,,,,,,,,,,,,,,,,,,,,,,,,,,,,,,,,,,,,,,,,,,,,,,,,,,,,,,,,,,,,,,,,,,,,,,,,,,,,,,,,,,,,,303.9419732000024,303.9551139000032,303.9551139000032,303.9551139000032,304.1389087000025,None,,,,,,,,,,,,,,,,,,,,,,,,,,,,,,,,P2887,Bar_MIC,3,1,2026-05-11_17h28.42.991,MIC_task,,2026.1.2,59.486276515657686,2026-05-11 17h28.44.439398 +0200,
,,10,0,10,,,,,,,3,ty27,labda,ball,9,toys,sport,7,148,18,34,None,"(0, -0.1)",None,,,,,,,,,,,,,,0,0,0,0,0,16,16,16,10,0,10,0,304.15531300000293,,,,,,,,,,,,,,,,,,,,,,,,,,,,,,,,,,,,,,,,,,,,,,,,,,,,,,,,,,,,,,,,,,,,,,,,,,,,,,,,,,,,,,,,,,,,,304.1418685999997,304.15531300000293,304.15531300000293,304.15531300000293,304.3393219000027,None,,,,,,,,,,,,,,,,,,,,,,,,,,,,,,,,P2887,Bar_MIC,3,1,2026-05-11_17h28.42.991,MIC_task,,2026.1.2,59.486276515657686,2026-05-11 17h28.44.439398 +0200,
,,11,0,11,,,,,,,3,ty27,labda,ball,9,toys,sport,7,148,18,34,None,"(0, -0.1)",None,,,,,,,,,,,,,,0,0,0,0,0,16,16,16,11,0,11,0,304.3556419000015,,,,,,,,,,,,,,,,,,,,,,,,,,,,,,,,,,,,,,,,,,,,,,,,,,,,,,,,,,,,,,,,,,,,,,,,,,,,,,,,,,,,,,,,,,,,,304.3425626999997,304.3556419000015,304.3556419000015,304.3556419000015,304.53985230000035,None,,,,,,,,,,,,,,,,,,,,,,,,,,,,,,,,P2887,Bar_MIC,3,1,2026-05-11_17h28.42.991,MIC_task,,2026.1.2,59.486276515657686,2026-05-11 17h28.44.439398 +0200,
,,12,0,12,,,,,,,3,ty27,labda,ball,9,toys,sport,7,148,18,34,None,"(0, -0.1)",None,,,,,,,,,,,,,,0,0,0,0,0,16,16,16,12,0,12,0,304.556081900002,,,,,,,,,,,,,,,,,,,,,,,,,,,,,,,,,,,,,,,,,,,,,,,,,,,,,,,,,,,,,,,,,,,,,,,,,,,,,,,,,,,,,,,,,,,,,304.54292890000215,304.556081900002,304.556081900002,304.556081900002,304.7402390000025,None,,,,,,,,,,,,,,,,,,,,,,,,,,,,,,,,P2887,Bar_MIC,3,1,2026-05-11_17h28.42.991,MIC_task,,2026.1.2,59.486276515657686,2026-05-11 17h28.44.439398 +0200,
,,13,0,13,,,,,,,3,ty27,labda,ball,9,toys,sport,7,148,18,34,None,"(0, -0.1)",None,,,,,,,,,,,,,,0,0,0,0,0,16,16,16,13,0,13,0,304.7564893000017,,,,,,,,,,,,,,,,,,,,,,,,,,,,,,,,,,,,,,,,,,,,,,,,,,,,,,,,,,,,,,,,,,,,,,,,,,,,,,,,,,,,,,,,,,,,,304.7431596000024,304.7564893000017,304.7564893000017,304.7564893000017,304.9411801000024,None,,,,,,,,,,,,,,,,,,,,,,,,,,,,,,,,P2887,Bar_MIC,3,1,2026-05-11_17h28.42.991,MIC_task,,2026.1.2,59.486276515657686,2026-05-11 17h28.44.439398 +0200,
,,14,0,14,,,,,,,3,ty27,labda,ball,9,toys,sport,7,148,18,34,None,"(0, -0.1)",None,,,,,,,,,,,,,,0,0,0,0,0,16,16,16,14,0,14,0,304.9568289000017,,,,,,,,,,,,,,,,,,,,,,,,,,,,,,,,,,,,,,,,,,,,,,,,,,,,,,,,,,,,,,,,,,,,,,,,,,,,,,,,,,,,,,,,,,,,,304.9443425000027,304.9568289000017,304.9568289000017,304.9568289000017,305.1409863000008,None,,,,,,,,,,,,,,,,,,,,,,,,,,,,,,,,P2887,Bar_MIC,3,1,2026-05-11_17h28.42.991,MIC_task,,2026.1.2,59.486276515657686,2026-05-11 17h28.44.439398 +0200,
,,15,0,15,,,,,,,3,ty27,labda,ball,9,toys,sport,7,148,18,34,None,"(0, -0.1)",None,,,,,,,,,,,,,,0,0,0,0,0,16,16,16,15,0,15,0,305.1565257000002,,,,,,,,,,,,,,,,,,,,,,,,,,,,,,,,,,,,,,,,,,,,,,,,,,,,,,,,,,,,,,,,,,,,,,,,,,,,,,,,,,,,,,,,,,,,,305.1438491000008,305.1565257000002,305.1565257000002,305.1565257000002,305.34136639999997,None,,,,,,,,,,,,,,,,,,,,,,,,,,,,,,,,P2887,Bar_MIC,3,1,2026-05-11_17h28.42.991,MIC_task,,2026.1.2,59.486276515657686,2026-05-11 17h28.44.439398 +0200,
,,16,0,16,,,,,,,3,ty27,labda,ball,9,toys,sport,7,148,18,34,None,"(0, -0.1)",space,0.06579649999912363,None,,,,,,,,,,,,0,0,0,0,0,16,16,16,16,0,16,0,305.356940200003,,,,,,,,,,,,,,,,,,,,,,,,,,,,,,,,,,,,,,,,,,,,,,,,,,,,,,,,,,,,,,,,,,,,,,,,,,,,,,,,,,,,,,,,,,,,,305.3443170999999,305.356940200003,305.356940200003,305.356940200003,305.4248813000013,space,0.06579649999912363,None,,,,,,,,,,,,,,,,,,,,,,,,,,,,,,P2887,Bar_MIC,3,1,2026-05-11_17h28.42.991,MIC_task,,2026.1.2,59.486276515657686,2026-05-11 17h28.44.439398 +0200,
,,16,16,0,,,,space,0.26751319999675616,None,3,ty27,labda,ball,9,toys,sport,7,148,18,34,None,"(0, -0.1)",,,,,,,,,,,,,,,0,0,0,0,0,16,16,16,,,,,,,,,,,,,,,,,,,,,,,,,,,,,,,,,,,,,,,,,,,,,,,,,,,,,,,,,,,,,,,,,,,,,,,,,,,,,,,,,305.4847151000031,305.4904443000014,305.49081576666964,307.4270374000007,,,,,,309.43384060000244,309.4502156000017,309.4502156000017,309.73206480000226,,,,,,,,,,,,,307.4517500000002,307.4563436000026,307.460260633336,309.34677960000045,309.433771400003,space,0.26751319999675616,None,,,,,,,,,,,,,,,,,,,,,,P2887,Bar_MIC,3,1,2026-05-11_17h28.42.991,MIC_task,,2026.1.2,59.486276515657686,2026-05-11 17h28.44.439398 +0200,
,,0,0,0,,,,,,,3,a21,elefánt,elephant,1,animal,mammal,6.4,14,21,57,None,"(-0.1, 0.1)",None,,,,,,,,,,,,,,0,0,0,0,0,17,17,17,0,0,0,0,309.745515300001,,,,,,,,,,,,,,,,,,,,,,,,,,,,,,,,,,,,,,,,,,,,,,,,,,,,,,,,,,,,,,,,,,,,,,,,,,,,,,,,,,,,,,,,,,,,,309.74021950000315,309.745515300001,309.745515300001,309.745515300001,309.9320633000025,None,,,,,,,,,,,309.9471655000016,309.9471655000016,309.9471655000016,,,,,,,,,,,,,,,,,,,P2887,Bar_MIC,3,1,2026-05-11_17h28.42.991,MIC_task,,2026.1.2,59.486276515657686,2026-05-11 17h28.44.439398 +0200,
,,0,0,0,,,,,,,3,a21,elefánt,elephant,1,animal,mammal,6.4,14,21,57,None,"(-0.1, 0.1)",None,,,,,,,,,,,,,,0,0,0,0,0,17,17,17,0,0,0,0,309.9471655000016,,,,,,,,,,,,,,,,,,,,,,,,,,,,,,,,,,,,,,,,,,,,,,,,,,,,,,,,,,,,,,,,,,,,,,,,,,,,,,,,,,,,,,,,,,,,,309.9353112000026,309.9471655000016,309.9471655000016,309.9471655000016,310.1325590000015,None,,,,,,,,,,,310.1475602999999,310.1475602999999,310.1475602999999,,,,,,,,,,,,,,,,,,,P2887,Bar_MIC,3,1,2026-05-11_17h28.42.991,MIC_task,,2026.1.2,59.486276515657686,2026-05-11 17h28.44.439398 +0200,
,,1,0,1,,,,,,,3,a21,elefánt,elephant,1,animal,mammal,6.4,14,21,57,None,"(-0.1, 0.1)",None,,,,,,,,,,,,,,0,0,0,0,0,17,17,17,1,0,1,0,310.1475602999999,,,,,,,,,,,,,,,,,,,,,,,,,,,,,,,,,,,,,,,,,,,,,,,,,,,,,,,,,,,,,,,,,,,,,,,,,,,,,,,,,,,,,,,,,,,,,310.1353194000003,310.1475602999999,310.1475602999999,310.1475602999999,310.33173100000204,None,,,,,,,,,,,310.3478563000026,310.3478563000026,310.3478563000026,,,,,,,,,,,,,,,,,,,P2887,Bar_MIC,3,1,2026-05-11_17h28.42.991,MIC_task,,2026.1.2,59.486276515657686,2026-05-11 17h28.44.439398 +0200,
,,2,0,2,,,,,,,3,a21,elefánt,elephant,1,animal,mammal,6.4,14,21,57,None,"(-0.1, 0.1)",None,,,,,,,,,,,,,,0,0,0,0,0,17,17,17,2,0,2,0,310.3478563000026,,,,,,,,,,,,,,,,,,,,,,,,,,,,,,,,,,,,,,,,,,,,,,,,,,,,,,,,,,,,,,,,,,,,,,,,,,,,,,,,,,,,,,,,,,,,,310.3345450000015,310.3478563000026,310.3478563000026,310.3478563000026,310.53214769999977,None,,,,,,,,,,,310.54832180000085,310.54832180000085,310.54832180000085,,,,,,,,,,,,,,,,,,,P2887,Bar_MIC,3,1,2026-05-11_17h28.42.991,MIC_task,,2026.1.2,59.486276515657686,2026-05-11 17h28.44.439398 +0200,
,,3,0,3,,,,,,,3,a21,elefánt,elephant,1,animal,mammal,6.4,14,21,57,None,"(-0.1, 0.1)",None,,,,,,,,,,,,,,0,0,0,0,0,17,17,17,3,0,3,0,310.54832180000085,,,,,,,,,,,,,,,,,,,,,,,,,,,,,,,,,,,,,,,,,,,,,,,,,,,,,,,,,,,,,,,,,,,,,,,,,,,,,,,,,,,,,,,,,,,,,310.5349376000013,310.54832180000085,310.54832180000085,310.54832180000085,310.7325180000007,None,,,,,,,,,,,310.7486252000017,310.7486252000017,310.7486252000017,,,,,,,,,,,,,,,,,,,P2887,Bar_MIC,3,1,2026-05-11_17h28.42.991,MIC_task,,2026.1.2,59.486276515657686,2026-05-11 17h28.44.439398 +0200,
,,4,0,4,,,,,,,3,a21,elefánt,elephant,1,animal,mammal,6.4,14,21,57,None,"(-0.1, 0.1)",None,,,,,,,,,,,,,,0,0,0,0,0,17,17,17,4,0,4,0,310.7486252000017,,,,,,,,,,,,,,,,,,,,,,,,,,,,,,,,,,,,,,,,,,,,,,,,,,,,,,,,,,,,,,,,,,,,,,,,,,,,,,,,,,,,,,,,,,,,,310.73538720000215,310.7486252000017,310.7486252000017,310.7486252000017,310.9326572000027,None,,,,,,,,,,,,,,,,,,,,,,,,,,,,,,,,P2887,Bar_MIC,3,1,2026-05-11_17h28.42.991,MIC_task,,2026.1.2,59.486276515657686,2026-05-11 17h28.44.439398 +0200,
,,5,0,5,,,,,,,3,a21,elefánt,elephant,1,animal,mammal,6.4,14,21,57,None,"(-0.1, 0.1)",None,,,,,,,,,,,,,,0,0,0,0,0,17,17,17,5,0,5,0,310.9490736000007,,,,,,,,,,,,,,,,,,,,,,,,,,,,,,,,,,,,,,,,,,,,,,,,,,,,,,,,,,,,,,,,,,,,,,,,,,,,,,,,,,,,,,,,,,,,,310.9356684000013,310.9490736000007,310.9490736000007,310.9490736000007,311.1333940000004,None,,,,,,,,,,,,,,,,,,,,,,,,,,,,,,,,P2887,Bar_MIC,3,1,2026-05-11_17h28.42.991,MIC_task,,2026.1.2,59.486276515657686,2026-05-11 17h28.44.439398 +0200,
,,6,0,6,,,,,,,3,a21,elefánt,elephant,1,animal,mammal,6.4,14,21,57,None,"(-0.1, 0.1)",None,,,,,,,,,,,,,,0,0,0,0,0,17,17,17,6,0,6,0,311.14931360000264,,,,,,,,,,,,,,,,,,,,,,,,,,,,,,,,,,,,,,,,,,,,,,,,,,,,,,,,,,,,,,,,,,,,,,,,,,,,,,,,,,,,,,,,,,,,,311.1368540000003,311.14931360000264,311.14931360000264,311.14931360000264,311.3335592000003,None,,,,,,,,,,,,,,,,,,,,,,,,,,,,,,,,P2887,Bar_MIC,3,1,2026-05-11_17h28.42.991,MIC_task,,2026.1.2,59.486276515657686,2026-05-11 17h28.44.439398 +0200,
,,7,0,7,,,,,,,3,a21,elefánt,elephant,1,animal,mammal,6.4,14,21,57,None,"(-0.1, 0.1)",None,,,,,,,,,,,,,,0,0,0,0,0,17,17,17,7,0,7,0,311.34981230000267,,,,,,,,,,,,,,,,,,,,,,,,,,,,,,,,,,,,,,,,,,,,,,,,,,,,,,,,,,,,,,,,,,,,,,,,,,,,,,,,,,,,,,,,,,,,,311.3365233000004,311.34981230000267,311.34981230000267,311.34981230000267,311.53389470000184,None,,,,,,,,,,,,,,,,,,,,,,,,,,,,,,,,P2887,Bar_MIC,3,1,2026-05-11_17h28.42.991,MIC_task,,2026.1.2,59.486276515657686,2026-05-11 17h28.44.439398 +0200,
,,8,0,8,,,,,,,3,a21,elefánt,elephant,1,animal,mammal,6.4,14,21,57,None,"(-0.1, 0.1)",None,,,,,,,,,,,,,,0,0,0,0,0,17,17,17,8,0,8,0,311.5501359000009,,,,,,,,,,,,,,,,,,,,,,,,,,,,,,,,,,,,,,,,,,,,,,,,,,,,,,,,,,,,,,,,,,,,,,,,,,,,,,,,,,,,,,,,,,,,,311.5373052000032,311.5501359000009,311.5501359000009,311.5501359000009,311.73378680000314,None,,,,,,,,,,,,,,,,,,,,,,,,,,,,,,,,P2887,Bar_MIC,3,1,2026-05-11_17h28.42.991,MIC_task,,2026.1.2,59.486276515657686,2026-05-11 17h28.44.439398 +0200,
,,9,0,9,,,,,,,3,a21,elefánt,elephant,1,animal,mammal,6.4,14,21,57,None,"(-0.1, 0.1)",None,,,,,,,,,,,,,,0,0,0,0,0,17,17,17,9,0,9,0,311.7505025999999,,,,,,,,,,,,,,,,,,,,,,,,,,,,,,,,,,,,,,,,,,,,,,,,,,,,,,,,,,,,,,,,,,,,,,,,,,,,,,,,,,,,,,,,,,,,,311.73688330000004,311.7505025999999,311.7505025999999,311.7505025999999,311.93458530000134,None,,,,,,,,,,,,,,,,,,,,,,,,,,,,,,,,P2887,Bar_MIC,3,1,2026-05-11_17h28.42.991,MIC_task,,2026.1.2,59.486276515657686,2026-05-11 17h28.44.439398 +0200,
,,10,0,10,,,,,,,3,a21,elefánt,elephant,1,animal,mammal,6.4,14,21,57,None,"(-0.1, 0.1)",None,,,,,,,,,,,,,,0,0,0,0,0,17,17,17,10,0,10,0,311.9508139000027,,,,,,,,,,,,,,,,,,,,,,,,,,,,,,,,,,,,,,,,,,,,,,,,,,,,,,,,,,,,,,,,,,,,,,,,,,,,,,,,,,,,,,,,,,,,,311.9380955000015,311.9508139000027,311.9508139000027,311.9508139000027,312.13506690000213,None,,,,,,,,,,,,,,,,,,,,,,,,,,,,,,,,P2887,Bar_MIC,3,1,2026-05-11_17h28.42.991,MIC_task,,2026.1.2,59.486276515657686,2026-05-11 17h28.44.439398 +0200,
,,11,0,11,,,,,,,3,a21,elefánt,elephant,1,animal,mammal,6.4,14,21,57,None,"(-0.1, 0.1)",None,,,,,,,,,,,,,,0,0,0,0,0,17,17,17,11,0,11,0,312.1504792000014,,,,,,,,,,,,,,,,,,,,,,,,,,,,,,,,,,,,,,,,,,,,,,,,,,,,,,,,,,,,,,,,,,,,,,,,,,,,,,,,,,,,,,,,,,,,,312.1382859000005,312.1504792000014,312.1504792000014,312.1504792000014,312.3356238000015,None,,,,,,,,,,,,,,,,,,,,,,,,,,,,,,,,P2887,Bar_MIC,3,1,2026-05-11_17h28.42.991,MIC_task,,2026.1.2,59.486276515657686,2026-05-11 17h28.44.439398 +0200,
,,12,0,12,,,,,,,3,a21,elefánt,elephant,1,animal,mammal,6.4,14,21,57,None,"(-0.1, 0.1)",None,,,,,,,,,,,,,,0,0,0,0,0,17,17,17,12,0,12,0,312.35086070000034,,,,,,,,,,,,,,,,,,,,,,,,,,,,,,,,,,,,,,,,,,,,,,,,,,,,,,,,,,,,,,,,,,,,,,,,,,,,,,,,,,,,,,,,,,,,,312.3387728000016,312.35086070000034,312.35086070000034,312.35086070000034,312.53579790000003,None,,,,,,,,,,,,,,,,,,,,,,,,,,,,,,,,P2887,Bar_MIC,3,1,2026-05-11_17h28.42.991,MIC_task,,2026.1.2,59.486276515657686,2026-05-11 17h28.44.439398 +0200,
,,13,0,13,,,,,,,3,a21,elefánt,elephant,1,animal,mammal,6.4,14,21,57,None,"(-0.1, 0.1)",None,,,,,,,,,,,,,,0,0,0,0,0,17,17,17,13,0,13,0,312.5512015000022,,,,,,,,,,,,,,,,,,,,,,,,,,,,,,,,,,,,,,,,,,,,,,,,,,,,,,,,,,,,,,,,,,,,,,,,,,,,,,,,,,,,,,,,,,,,,312.53943020000224,312.5512015000022,312.5512015000022,312.5512015000022,312.7350308000023,None,,,,,,,,,,,,,,,,,,,,,,,,,,,,,,,,P2887,Bar_MIC,3,1,2026-05-11_17h28.42.991,MIC_task,,2026.1.2,59.486276515657686,2026-05-11 17h28.44.439398 +0200,
,,14,0,14,,,,,,,3,a21,elefánt,elephant,1,animal,mammal,6.4,14,21,57,None,"(-0.1, 0.1)",None,,,,,,,,,,,,,,0,0,0,0,0,17,17,17,14,0,14,0,312.7515992000008,,,,,,,,,,,,,,,,,,,,,,,,,,,,,,,,,,,,,,,,,,,,,,,,,,,,,,,,,,,,,,,,,,,,,,,,,,,,,,,,,,,,,,,,,,,,,312.73851680000007,312.7515992000008,312.7515992000008,312.7515992000008,312.9354917000019,None,,,,,,,,,,,,,,,,,,,,,,,,,,,,,,,,P2887,Bar_MIC,3,1,2026-05-11_17h28.42.991,MIC_task,,2026.1.2,59.486276515657686,2026-05-11 17h28.44.439398 +0200,
,,15,0,15,,,,,,,3,a21,elefánt,elephant,1,animal,mammal,6.4,14,21,57,None,"(-0.1, 0.1)",None,,,,,,,,,,,,,,0,0,0,0,0,17,17,17,15,0,15,0,312.9520483000015,,,,,,,,,,,,,,,,,,,,,,,,,,,,,,,,,,,,,,,,,,,,,,,,,,,,,,,,,,,,,,,,,,,,,,,,,,,,,,,,,,,,,,,,,,,,,312.9389246000028,312.9520483000015,312.9520483000015,312.9520483000015,313.13586730000316,None,,,,,,,,,,,,,,,,,,,,,,,,,,,,,,,,P2887,Bar_MIC,3,1,2026-05-11_17h28.42.991,MIC_task,,2026.1.2,59.486276515657686,2026-05-11 17h28.44.439398 +0200,
,,16,0,16,,,,,,,3,a21,elefánt,elephant,1,animal,mammal,6.4,14,21,57,None,"(-0.1, 0.1)",None,,,,,,,,,,,,,,0,0,0,0,0,17,17,17,16,0,16,0,313.1524126000004,,,,,,,,,,,,,,,,,,,,,,,,,,,,,,,,,,,,,,,,,,,,,,,,,,,,,,,,,,,,,,,,,,,,,,,,,,,,,,,,,,,,,,,,,,,,,313.1394524000025,313.1524126000004,313.1524126000004,313.1524126000004,313.3366566000004,None,,,,,,,,,,,,,,,,,,,,,,,,,,,,,,,,P2887,Bar_MIC,3,1,2026-05-11_17h28.42.991,MIC_task,,2026.1.2,59.486276515657686,2026-05-11 17h28.44.439398 +0200,
,,17,0,17,,,,,,,3,a21,elefánt,elephant,1,animal,mammal,6.4,14,21,57,None,"(-0.1, 0.1)",None,,,,,,,,,,,,,,0,0,0,0,0,17,17,17,17,0,17,0,313.35274480000226,,,,,,,,,,,,,,,,,,,,,,,,,,,,,,,,,,,,,,,,,,,,,,,,,,,,,,,,,,,,,,,,,,,,,,,,,,,,,,,,,,,,,,,,,,,,,313.33981010000207,313.35274480000226,313.35274480000226,313.35274480000226,313.5372662000009,None,,,,,,,,,,,,,,,,,,,,,,,,,,,,,,,,P2887,Bar_MIC,3,1,2026-05-11_17h28.42.991,MIC_task,,2026.1.2,59.486276515657686,2026-05-11 17h28.44.439398 +0200,
,,18,0,18,,,,,,,3,a21,elefánt,elephant,1,animal,mammal,6.4,14,21,57,None,"(-0.1, 0.1)",None,,,,,,,,,,,,,,0,0,0,0,0,17,17,17,18,0,18,0,313.5532731000021,,,,,,,,,,,,,,,,,,,,,,,,,,,,,,,,,,,,,,,,,,,,,,,,,,,,,,,,,,,,,,,,,,,,,,,,,,,,,,,,,,,,,,,,,,,,,313.5403404000026,313.5532731000021,313.5532731000021,313.5532731000021,313.7373742000018,None,,,,,,,,,,,,,,,,,,,,,,,,,,,,,,,,P2887,Bar_MIC,3,1,2026-05-11_17h28.42.991,MIC_task,,2026.1.2,59.486276515657686,2026-05-11 17h28.44.439398 +0200,
,,19,0,19,,,,,,,3,a21,elefánt,elephant,1,animal,mammal,6.4,14,21,57,None,"(-0.1, 0.1)",None,,,,,,,,,,,,,,0,0,0,0,0,17,17,17,19,0,19,0,313.75337560000116,,,,,,,,,,,,,,,,,,,,,,,,,,,,,,,,,,,,,,,,,,,,,,,,,,,,,,,,,,,,,,,,,,,,,,,,,,,,,,,,,,,,,,,,,,,,,313.7407211000027,313.75337560000116,313.75337560000116,313.75337560000116,313.9375242000024,None,,,,,,,,,,,,,,,,,,,,,,,,,,,,,,,,P2887,Bar_MIC,3,1,2026-05-11_17h28.42.991,MIC_task,,2026.1.2,59.486276515657686,2026-05-11 17h28.44.439398 +0200,
,,20,0,20,,,,,,,3,a21,elefánt,elephant,1,animal,mammal,6.4,14,21,57,None,"(-0.1, 0.1)",space,0.14457409999886295,None,,,,,,,,,,,,0,0,0,0,0,17,17,17,20,0,20,0,313.9537539000012,,,,,,,,,,,,,,,,,,,,,,,,,,,,,,,,,,,,,,,,,,,,,,,,,,,,,,,,,,,,,,,,,,,,,,,,,,,,,,,,,,,,,,,,,,,,,313.94085290000294,313.9537539000012,313.9537539000012,313.9537539000012,314.10523000000103,space,0.14457409999886295,None,,,,,,,,,,,,,,,,,,,,,,,,,,,,,,P2887,Bar_MIC,3,1,2026-05-11_17h28.42.991,MIC_task,,2026.1.2,59.486276515657686,2026-05-11 17h28.44.439398 +0200,
,,17,17,0,,,,space,0.45532810000077006,None,3,a21,elefánt,elephant,1,animal,mammal,6.4,14,21,57,None,"(-0.1, 0.1)",,,,,,,,,,,,,,,0,0,0,0,0,17,17,17,,,,,,,,,,,,,,,,,,,,,,,,,,,,,,,,,,,,,,,,,,,,,,,,,,,,,,,,,,,,,,,,,,,,,,,,,,,,,,,,,314.16571190000104,314.171667300001,314.1709265666696,316.1078180000004,,,,,,318.1102252000019,318.1271772,318.1271772,318.59452690000035,,,,,,,,,,,,,316.13264530000015,316.137567400001,316.1410249333353,318.0261276000019,318.1101785999999,space,0.45532810000077006,None,,,,,,,,,,,,,,,,,,,,,,P2887,Bar_MIC,3,1,2026-05-11_17h28.42.991,MIC_task,,2026.1.2,59.486276515657686,2026-05-11 17h28.44.439398 +0200,
,,0,0,0,,,,,,,3,v12,busz,bus,10,vehicles,wheels,6.8,None,None,None,19,"(0, 0)",None,,,,,,,,,,,,,,0,0,0,0,0,18,18,18,0,0,0,0,318.63369729999977,,,,,,,,,,,,,,,,,,,,,,,,,,,,,,,,,,,,,,,,,,,,,,,,,,,,,,,,,,,,,,,,,,,,,,,,,,,,,,,,,,,,,,,,,,,,,318.62849760000245,318.63369729999977,318.63369729999977,318.63369729999977,318.7954310000023,None,,,,,,,,,,,,,,,,,,,,,,,,,,,,,,,,P2887,Bar_MIC,3,1,2026-05-11_17h28.42.991,MIC_task,,2026.1.2,59.486276515657686,2026-05-11 17h28.44.439398 +0200,
,,0,0,0,,,,,,,3,v12,busz,bus,10,vehicles,wheels,6.8,None,None,None,19,"(0, 0)",None,,,,,,,,,,,,,,0,0,0,0,0,18,18,18,0,0,0,0,318.8109381000031,,,,,,,,,,,,,,,,,,,,,,,,,,,,,,,,,,,,,,,,,,,,,,,,,,,,,,,,,,,,,,,,,,,,,,,,,,,,,,,,,,,,,,,,,,,,,318.7984490000017,318.8109381000031,318.8109381000031,318.8109381000031,318.99507820000144,None,,,,,,,,,,,319.01122560000294,319.01122560000294,319.01122560000294,,,,,,,,,,,,,,,,,,,P2887,Bar_MIC,3,1,2026-05-11_17h28.42.991,MIC_task,,2026.1.2,59.486276515657686,2026-05-11 17h28.44.439398 +0200,
,,1,0,1,,,,,,,3,v12,busz,bus,10,vehicles,wheels,6.8,None,None,None,19,"(0, 0)",None,,,,,,,,,,,,,,0,0,0,0,0,18,18,18,1,0,1,0,319.01122560000294,,,,,,,,,,,,,,,,,,,,,,,,,,,,,,,,,,,,,,,,,,,,,,,,,,,,,,,,,,,,,,,,,,,,,,,,,,,,,,,,,,,,,,,,,,,,,318.99804920000315,319.01122560000294,319.01122560000294,319.01122560000294,319.19504320000124,None,,,,,,,,,,,,,,,,,,,,,,,,,,,,,,,,P2887,Bar_MIC,3,1,2026-05-11_17h28.42.991,MIC_task,,2026.1.2,59.486276515657686,2026-05-11 17h28.44.439398 +0200,
,,2,0,2,,,,,,,3,v12,busz,bus,10,vehicles,wheels,6.8,None,None,None,19,"(0, 0)",None,,,,,,,,,,,,,,0,0,0,0,0,18,18,18,2,0,2,0,319.2115109000006,,,,,,,,,,,,,,,,,,,,,,,,,,,,,,,,,,,,,,,,,,,,,,,,,,,,,,,,,,,,,,,,,,,,,,,,,,,,,,,,,,,,,,,,,,,,,319.1984814000025,319.2115109000006,319.2115109000006,319.2115109000006,319.39541570000074,None,,,,,,,,,,,,,,,,,,,,,,,,,,,,,,,,P2887,Bar_MIC,3,1,2026-05-11_17h28.42.991,MIC_task,,2026.1.2,59.486276515657686,2026-05-11 17h28.44.439398 +0200,
,,3,0,3,,,,,,,3,v12,busz,bus,10,vehicles,wheels,6.8,None,None,None,19,"(0, 0)",None,,,,,,,,,,,,,,0,0,0,0,0,18,18,18,3,0,3,0,319.4119133000022,,,,,,,,,,,,,,,,,,,,,,,,,,,,,,,,,,,,,,,,,,,,,,,,,,,,,,,,,,,,,,,,,,,,,,,,,,,,,,,,,,,,,,,,,,,,,319.3985816000022,319.4119133000022,319.4119133000022,319.4119133000022,319.59600550000323,None,,,,,,,,,,,,,,,,,,,,,,,,,,,,,,,,P2887,Bar_MIC,3,1,2026-05-11_17h28.42.991,MIC_task,,2026.1.2,59.486276515657686,2026-05-11 17h28.44.439398 +0200,
,,4,0,4,,,,,,,3,v12,busz,bus,10,vehicles,wheels,6.8,None,None,None,19,"(0, 0)",None,,,,,,,,,,,,,,0,0,0,0,0,18,18,18,4,0,4,0,319.61239320000095,,,,,,,,,,,,,,,,,,,,,,,,,,,,,,,,,,,,,,,,,,,,,,,,,,,,,,,,,,,,,,,,,,,,,,,,,,,,,,,,,,,,,,,,,,,,,319.59939000000304,319.61239320000095,319.61239320000095,319.61239320000095,319.7962206000011,None,,,,,,,,,,,,,,,,,,,,,,,,,,,,,,,,P2887,Bar_MIC,3,1,2026-05-11_17h28.42.991,MIC_task,,2026.1.2,59.486276515657686,2026-05-11 17h28.44.439398 +0200,
,,5,0,5,,,,,,,3,v12,busz,bus,10,vehicles,wheels,6.8,None,None,None,19,"(0, 0)",None,,,,,,,,,,,,,,0,0,0,0,0,18,18,18,5,0,5,0,319.81264809999993,,,,,,,,,,,,,,,,,,,,,,,,,,,,,,,,,,,,,,,,,,,,,,,,,,,,,,,,,,,,,,,,,,,,,,,,,,,,,,,,,,,,,,,,,,,,,319.7993698999999,319.81264809999993,319.81264809999993,319.81264809999993,319.9968391000002,None,,,,,,,,,,,,,,,,,,,,,,,,,,,,,,,,P2887,Bar_MIC,3,1,2026-05-11_17h28.42.991,MIC_task,,2026.1.2,59.486276515657686,2026-05-11 17h28.44.439398 +0200,
,,6,0,6,,,,,,,3,v12,busz,bus,10,vehicles,wheels,6.8,None,None,None,19,"(0, 0)",None,,,,,,,,,,,,,,0,0,0,0,0,18,18,18,6,0,6,0,320.01306340000156,,,,,,,,,,,,,,,,,,,,,,,,,,,,,,,,,,,,,,,,,,,,,,,,,,,,,,,,,,,,,,,,,,,,,,,,,,,,,,,,,,,,,,,,,,,,,320.00028510000266,320.01306340000156,320.01306340000156,320.01306340000156,320.19781160000275,None,,,,,,,,,,,,,,,,,,,,,,,,,,,,,,,,P2887,Bar_MIC,3,1,2026-05-11_17h28.42.991,MIC_task,,2026.1.2,59.486276515657686,2026-05-11 17h28.44.439398 +0200,
,,7,0,7,,,,,,,3,v12,busz,bus,10,vehicles,wheels,6.8,None,None,None,19,"(0, 0)",None,,,,,,,,,,,,,,0,0,0,0,0,18,18,18,7,0,7,0,320.2126147000017,,,,,,,,,,,,,,,,,,,,,,,,,,,,,,,,,,,,,,,,,,,,,,,,,,,,,,,,,,,,,,,,,,,,,,,,,,,,,,,,,,,,,,,,,,,,,320.2013469000012,320.2126147000017,320.2126147000017,320.2126147000017,320.39760860000024,None,,,,,,,,,,,,,,,,,,,,,,,,,,,,,,,,P2887,Bar_MIC,3,1,2026-05-11_17h28.42.991,MIC_task,,2026.1.2,59.486276515657686,2026-05-11 17h28.44.439398 +0200,
,,8,0,8,,,,,,,3,v12,busz,bus,10,vehicles,wheels,6.8,None,None,None,19,"(0, 0)",None,,,,,,,,,,,,,,0,0,0,0,0,18,18,18,8,0,8,0,320.4137762999999,,,,,,,,,,,,,,,,,,,,,,,,,,,,,,,,,,,,,,,,,,,,,,,,,,,,,,,,,,,,,,,,,,,,,,,,,,,,,,,,,,,,,,,,,,,,,320.4006663,320.4137762999999,320.4137762999999,320.4137762999999,320.5978947000003,None,,,,,,,,,,,,,,,,,,,,,,,,,,,,,,,,P2887,Bar_MIC,3,1,2026-05-11_17h28.42.991,MIC_task,,2026.1.2,59.486276515657686,2026-05-11 17h28.44.439398 +0200,
,,9,0,9,,,,,,,3,v12,busz,bus,10,vehicles,wheels,6.8,None,None,None,19,"(0, 0)",None,,,,,,,,,,,,,,0,0,0,0,0,18,18,18,9,0,9,0,320.61341390000234,,,,,,,,,,,,,,,,,,,,,,,,,,,,,,,,,,,,,,,,,,,,,,,,,,,,,,,,,,,,,,,,,,,,,,,,,,,,,,,,,,,,,,,,,,,,,320.6010167000022,320.61341390000234,320.61341390000234,320.61341390000234,320.79823020000185,None,,,,,,,,,,,,,,,,,,,,,,,,,,,,,,,,P2887,Bar_MIC,3,1,2026-05-11_17h28.42.991,MIC_task,,2026.1.2,59.486276515657686,2026-05-11 17h28.44.439398 +0200,
,,10,0,10,,,,,,,3,v12,busz,bus,10,vehicles,wheels,6.8,None,None,None,19,"(0, 0)",None,,,,,,,,,,,,,,0,0,0,0,0,18,18,18,10,0,10,0,320.81378550000227,,,,,,,,,,,,,,,,,,,,,,,,,,,,,,,,,,,,,,,,,,,,,,,,,,,,,,,,,,,,,,,,,,,,,,,,,,,,,,,,,,,,,,,,,,,,,320.80184290000034,320.81378550000227,320.81378550000227,320.81378550000227,320.9987589000011,None,,,,,,,,,,,,,,,,,,,,,,,,,,,,,,,,P2887,Bar_MIC,3,1,2026-05-11_17h28.42.991,MIC_task,,2026.1.2,59.486276515657686,2026-05-11 17h28.44.439398 +0200,
,,11,0,11,,,,,,,3,v12,busz,bus,10,vehicles,wheels,6.8,None,None,None,19,"(0, 0)",None,,,,,,,,,,,,,,0,0,0,0,0,18,18,18,11,0,11,0,321.0142033000011,,,,,,,,,,,,,,,,,,,,,,,,,,,,,,,,,,,,,,,,,,,,,,,,,,,,,,,,,,,,,,,,,,,,,,,,,,,,,,,,,,,,,,,,,,,,,321.0017246000025,321.0142033000011,321.0142033000011,321.0142033000011,321.1980121000015,None,,,,,,,,,,,,,,,,,,,,,,,,,,,,,,,,P2887,Bar_MIC,3,1,2026-05-11_17h28.42.991,MIC_task,,2026.1.2,59.486276515657686,2026-05-11 17h28.44.439398 +0200,
,,12,0,12,,,,,,,3,v12,busz,bus,10,vehicles,wheels,6.8,None,None,None,19,"(0, 0)",None,,,,,,,,,,,,,,0,0,0,0,0,18,18,18,12,0,12,0,321.21455760000026,,,,,,,,,,,,,,,,,,,,,,,,,,,,,,,,,,,,,,,,,,,,,,,,,,,,,,,,,,,,,,,,,,,,,,,,,,,,,,,,,,,,,,,,,,,,,321.2009891000016,321.21455760000026,321.21455760000026,321.21455760000026,321.3982967000011,None,,,,,,,,,,,,,,,,,,,,,,,,,,,,,,,,P2887,Bar_MIC,3,1,2026-05-11_17h28.42.991,MIC_task,,2026.1.2,59.486276515657686,2026-05-11 17h28.44.439398 +0200,
,,13,0,13,,,,,,,3,v12,busz,bus,10,vehicles,wheels,6.8,None,None,None,19,"(0, 0)",None,,,,,,,,,,,,,,0,0,0,0,0,18,18,18,13,0,13,0,321.4149901000019,,,,,,,,,,,,,,,,,,,,,,,,,,,,,,,,,,,,,,,,,,,,,,,,,,,,,,,,,,,,,,,,,,,,,,,,,,,,,,,,,,,,,,,,,,,,,321.40172480000183,321.4149901000019,321.4149901000019,321.4149901000019,321.59878000000026,None,,,,,,,,,,,,,,,,,,,,,,,,,,,,,,,,P2887,Bar_MIC,3,1,2026-05-11_17h28.42.991,MIC_task,,2026.1.2,59.486276515657686,2026-05-11 17h28.44.439398 +0200,
,,14,0,14,,,,,,,3,v12,busz,bus,10,vehicles,wheels,6.8,None,None,None,19,"(0, 0)",None,,,,,,,,,,,,,,0,0,0,0,0,18,18,18,14,0,14,0,321.61527209999986,,,,,,,,,,,,,,,,,,,,,,,,,,,,,,,,,,,,,,,,,,,,,,,,,,,,,,,,,,,,,,,,,,,,,,,,,,,,,,,,,,,,,,,,,,,,,321.60224500000186,321.61527209999986,321.61527209999986,321.61527209999986,321.7993146000008,None,,,,,,,,,,,,,,,,,,,,,,,,,,,,,,,,P2887,Bar_MIC,3,1,2026-05-11_17h28.42.991,MIC_task,,2026.1.2,59.486276515657686,2026-05-11 17h28.44.439398 +0200,
,,15,0,15,,,,,,,3,v12,busz,bus,10,vehicles,wheels,6.8,None,None,None,19,"(0, 0)",None,,,,,,,,,,,,,,0,0,0,0,0,18,18,18,15,0,15,0,321.8156420000014,,,,,,,,,,,,,,,,,,,,,,,,,,,,,,,,,,,,,,,,,,,,,,,,,,,,,,,,,,,,,,,,,,,,,,,,,,,,,,,,,,,,,,,,,,,,,321.80276440000307,321.8156420000014,321.8156420000014,321.8156420000014,321.9998235000021,None,,,,,,,,,,,,,,,,,,,,,,,,,,,,,,,,P2887,Bar_MIC,3,1,2026-05-11_17h28.42.991,MIC_task,,2026.1.2,59.486276515657686,2026-05-11 17h28.44.439398 +0200,
,,16,0,16,,,,,,,3,v12,busz,bus,10,vehicles,wheels,6.8,None,None,None,19,"(0, 0)",None,,,,,,,,,,,,,,0,0,0,0,0,18,18,18,16,0,16,0,322.01602280000225,,,,,,,,,,,,,,,,,,,,,,,,,,,,,,,,,,,,,,,,,,,,,,,,,,,,,,,,,,,,,,,,,,,,,,,,,,,,,,,,,,,,,,,,,,,,,322.0031737999998,322.01602280000225,322.01602280000225,322.01602280000225,322.2004949000002,None,,,,,,,,,,,,,,,,,,,,,,,,,,,,,,,,P2887,Bar_MIC,3,1,2026-05-11_17h28.42.991,MIC_task,,2026.1.2,59.486276515657686,2026-05-11 17h28.44.439398 +0200,
,,17,0,17,,,,,,,3,v12,busz,bus,10,vehicles,wheels,6.8,None,None,None,19,"(0, 0)",None,,,,,,,,,,,,,,0,0,0,0,0,18,18,18,17,0,17,0,322.216355200002,,,,,,,,,,,,,,,,,,,,,,,,,,,,,,,,,,,,,,,,,,,,,,,,,,,,,,,,,,,,,,,,,,,,,,,,,,,,,,,,,,,,,,,,,,,,,322.20375870000134,322.216355200002,322.216355200002,322.216355200002,322.4008251000014,None,,,,,,,,,,,,,,,,,,,,,,,,,,,,,,,,P2887,Bar_MIC,3,1,2026-05-11_17h28.42.991,MIC_task,,2026.1.2,59.486276515657686,2026-05-11 17h28.44.439398 +0200,
,,18,0,18,,,,,,,3,v12,busz,bus,10,vehicles,wheels,6.8,None,None,None,19,"(0, 0)",None,,,,,,,,,,,,,,0,0,0,0,0,18,18,18,18,0,18,0,322.41595060000327,,,,,,,,,,,,,,,,,,,,,,,,,,,,,,,,,,,,,,,,,,,,,,,,,,,,,,,,,,,,,,,,,,,,,,,,,,,,,,,,,,,,,,,,,,,,,322.4038610000025,322.41595060000327,322.41595060000327,322.41595060000327,322.60078520000025,None,,,,,,,,,,,,,,,,,,,,,,,,,,,,,,,,P2887,Bar_MIC,3,1,2026-05-11_17h28.42.991,MIC_task,,2026.1.2,59.486276515657686,2026-05-11 17h28.44.439398 +0200,
,,19,0,19,,,,,,,3,v12,busz,bus,10,vehicles,wheels,6.8,None,None,None,19,"(0, 0)",None,,,,,,,,,,,,,,0,0,0,0,0,18,18,18,19,0,19,0,322.61702490000243,,,,,,,,,,,,,,,,,,,,,,,,,,,,,,,,,,,,,,,,,,,,,,,,,,,,,,,,,,,,,,,,,,,,,,,,,,,,,,,,,,,,,,,,,,,,,322.6044187000007,322.61702490000243,322.61702490000243,322.61702490000243,322.8014828000014,None,,,,,,,,,,,,,,,,,,,,,,,,,,,,,,,,P2887,Bar_MIC,3,1,2026-05-11_17h28.42.991,MIC_task,,2026.1.2,59.486276515657686,2026-05-11 17h28.44.439398 +0200,
,,20,0,20,,,,,,,3,v12,busz,bus,10,vehicles,wheels,6.8,None,None,None,19,"(0, 0)",None,,,,,,,,,,,,,,0,0,0,0,0,18,18,18,20,0,20,0,322.81676470000093,,,,,,,,,,,,,,,,,,,,,,,,,,,,,,,,,,,,,,,,,,,,,,,,,,,,,,,,,,,,,,,,,,,,,,,,,,,,,,,,,,,,,,,,,,,,,322.804956400003,322.81676470000093,322.81676470000093,322.81676470000093,323.00163910000265,None,,,,,,,,,,,,,,,,,,,,,,,,,,,,,,,,P2887,Bar_MIC,3,1,2026-05-11_17h28.42.991,MIC_task,,2026.1.2,59.486276515657686,2026-05-11 17h28.44.439398 +0200,
,,21,0,21,,,,,,,3,v12,busz,bus,10,vehicles,wheels,6.8,None,None,None,19,"(0, 0)",None,,,,,,,,,,,,,,0,0,0,0,0,18,18,18,21,0,21,0,323.01716840000154,,,,,,,,,,,,,,,,,,,,,,,,,,,,,,,,,,,,,,,,,,,,,,,,,,,,,,,,,,,,,,,,,,,,,,,,,,,,,,,,,,,,,,,,,,,,,323.0051407000028,323.01716840000154,323.01716840000154,323.01716840000154,323.20203550000224,None,,,,,,,,,,,,,,,,,,,,,,,,,,,,,,,,P2887,Bar_MIC,3,1,2026-05-11_17h28.42.991,MIC_task,,2026.1.2,59.486276515657686,2026-05-11 17h28.44.439398 +0200,
,,22,0,22,,,,,,,3,v12,busz,bus,10,vehicles,wheels,6.8,None,None,None,19,"(0, 0)",None,,,,,,,,,,,,,,0,0,0,0,0,18,18,18,22,0,22,0,323.21757720000096,,,,,,,,,,,,,,,,,,,,,,,,,,,,,,,,,,,,,,,,,,,,,,,,,,,,,,,,,,,,,,,,,,,,,,,,,,,,,,,,,,,,,,,,,,,,,323.2053360000027,323.21757720000096,323.21757720000096,323.21757720000096,323.4012881000017,None,,,,,,,,,,,,,,,,,,,,,,,,,,,,,,,,P2887,Bar_MIC,3,1,2026-05-11_17h28.42.991,MIC_task,,2026.1.2,59.486276515657686,2026-05-11 17h28.44.439398 +0200,
,,23,0,23,,,,,,,3,v12,busz,bus,10,vehicles,wheels,6.8,None,None,None,19,"(0, 0)",None,,,,,,,,,,,,,,0,0,0,0,0,18,18,18,23,0,23,0,323.4178673000024,,,,,,,,,,,,,,,,,,,,,,,,,,,,,,,,,,,,,,,,,,,,,,,,,,,,,,,,,,,,,,,,,,,,,,,,,,,,,,,,,,,,,,,,,,,,,323.404672800003,323.4178673000024,323.4178673000024,323.4178673000024,323.60210650000226,None,,,,,,,,,,,,,,,,,,,,,,,,,,,,,,,,P2887,Bar_MIC,3,1,2026-05-11_17h28.42.991,MIC_task,,2026.1.2,59.486276515657686,2026-05-11 17h28.44.439398 +0200,
,,24,0,24,,,,,,,3,v12,busz,bus,10,vehicles,wheels,6.8,None,None,None,19,"(0, 0)",None,,,,,,,,,,,,,,0,0,0,0,0,18,18,18,24,0,24,0,323.61830120000013,,,,,,,,,,,,,,,,,,,,,,,,,,,,,,,,,,,,,,,,,,,,,,,,,,,,,,,,,,,,,,,,,,,,,,,,,,,,,,,,,,,,,,,,,,,,,323.6055972000031,323.61830120000013,323.61830120000013,323.61830120000013,323.8022635000016,None,,,,,,,,,,,,,,,,,,,,,,,,,,,,,,,,P2887,Bar_MIC,3,1,2026-05-11_17h28.42.991,MIC_task,,2026.1.2,59.486276515657686,2026-05-11 17h28.44.439398 +0200,
,,25,0,25,,,,,,,3,v12,busz,bus,10,vehicles,wheels,6.8,None,None,None,19,"(0, 0)",None,,,,,,,,,,,,,,0,0,0,0,0,18,18,18,25,0,25,0,323.8186386000016,,,,,,,,,,,,,,,,,,,,,,,,,,,,,,,,,,,,,,,,,,,,,,,,,,,,,,,,,,,,,,,,,,,,,,,,,,,,,,,,,,,,,,,,,,,,,323.8054897000002,323.8186386000016,323.8186386000016,323.8186386000016,324.00292230000196,None,,,,,,,,,,,,,,,,,,,,,,,,,,,,,,,,P2887,Bar_MIC,3,1,2026-05-11_17h28.42.991,MIC_task,,2026.1.2,59.486276515657686,2026-05-11 17h28.44.439398 +0200,
,,26,0,26,,,,,,,3,v12,busz,bus,10,vehicles,wheels,6.8,None,None,None,19,"(0, 0)",None,,,,,,,,,,,,,,0,0,0,0,0,18,18,18,26,0,26,0,324.0190395000027,,,,,,,,,,,,,,,,,,,,,,,,,,,,,,,,,,,,,,,,,,,,,,,,,,,,,,,,,,,,,,,,,,,,,,,,,,,,,,,,,,,,,,,,,,,,,324.00627350000286,324.0190395000027,324.0190395000027,324.0190395000027,324.2034248000018,None,,,,,,,,,,,,,,,,,,,,,,,,,,,,,,,,P2887,Bar_MIC,3,1,2026-05-11_17h28.42.991,MIC_task,,2026.1.2,59.486276515657686,2026-05-11 17h28.44.439398 +0200,
,,27,0,27,,,,,,,3,v12,busz,bus,10,vehicles,wheels,6.8,None,None,None,19,"(0, 0)",None,,,,,,,,,,,,,,0,0,0,0,0,18,18,18,27,0,27,0,324.21933940000235,,,,,,,,,,,,,,,,,,,,,,,,,,,,,,,,,,,,,,,,,,,,,,,,,,,,,,,,,,,,,,,,,,,,,,,,,,,,,,,,,,,,,,,,,,,,,324.20650770000066,324.21933940000235,324.21933940000235,324.21933940000235,324.4031490000016,None,,,,,,,,,,,,,,,,,,,,,,,,,,,,,,,,P2887,Bar_MIC,3,1,2026-05-11_17h28.42.991,MIC_task,,2026.1.2,59.486276515657686,2026-05-11 17h28.44.439398 +0200,
,,28,0,28,,,,,,,3,v12,busz,bus,10,vehicles,wheels,6.8,None,None,None,19,"(0, 0)",None,,,,,,,,,,,,,,0,0,0,0,0,18,18,18,28,0,28,0,324.4196695000028,,,,,,,,,,,,,,,,,,,,,,,,,,,,,,,,,,,,,,,,,,,,,,,,,,,,,,,,,,,,,,,,,,,,,,,,,,,,,,,,,,,,,,,,,,,,,324.4062900000026,324.4196695000028,324.4196695000028,324.4196695000028,324.60372460000144,None,,,,,,,,,,,,,,,,,,,,,,,,,,,,,,,,P2887,Bar_MIC,3,1,2026-05-11_17h28.42.991,MIC_task,,2026.1.2,59.486276515657686,2026-05-11 17h28.44.439398 +0200,
,,29,0,29,,,,,,,3,v12,busz,bus,10,vehicles,wheels,6.8,None,None,None,19,"(0, 0)",None,,,,,,,,,,,,,,0,0,0,0,0,18,18,18,29,0,29,0,324.6193187000026,,,,,,,,,,,,,,,,,,,,,,,,,,,,,,,,,,,,,,,,,,,,,,,,,,,,,,,,,,,,,,,,,,,,,,,,,,,,,,,,,,,,,,,,,,,,,324.60680370000046,324.6193187000026,324.6193187000026,324.6193187000026,324.8040903000001,None,,,,,,,,,,,,,,,,,,,,,,,,,,,,,,,,P2887,Bar_MIC,3,1,2026-05-11_17h28.42.991,MIC_task,,2026.1.2,59.486276515657686,2026-05-11 17h28.44.439398 +0200,
,,30,0,30,,,,,,,3,v12,busz,bus,10,vehicles,wheels,6.8,None,None,None,19,"(0, 0)",None,,,,,,,,,,,,,,0,0,0,0,0,18,18,18,30,0,30,0,324.8196757000005,,,,,,,,,,,,,,,,,,,,,,,,,,,,,,,,,,,,,,,,,,,,,,,,,,,,,,,,,,,,,,,,,,,,,,,,,,,,,,,,,,,,,,,,,,,,,324.80742889999965,324.8196757000005,324.8196757000005,324.8196757000005,325.0051557000006,None,,,,,,,,,,,,,,,,,,,,,,,,,,,,,,,,P2887,Bar_MIC,3,1,2026-05-11_17h28.42.991,MIC_task,,2026.1.2,59.486276515657686,2026-05-11 17h28.44.439398 +0200,
,,31,0,31,,,,,,,3,v12,busz,bus,10,vehicles,wheels,6.8,None,None,None,19,"(0, 0)",None,,,,,,,,,,,,,,0,0,0,0,0,18,18,18,31,0,31,0,325.0200530000002,,,,,,,,,,,,,,,,,,,,,,,,,,,,,,,,,,,,,,,,,,,,,,,,,,,,,,,,,,,,,,,,,,,,,,,,,,,,,,,,,,,,,,,,,,,,,325.00838860000295,325.0200530000002,325.0200530000002,325.0200530000002,325.20492340000055,None,,,,,,,,,,,,,,,,,,,,,,,,,,,,,,,,P2887,Bar_MIC,3,1,2026-05-11_17h28.42.991,MIC_task,,2026.1.2,59.486276515657686,2026-05-11 17h28.44.439398 +0200,
,,32,0,32,,,,,,,3,v12,busz,bus,10,vehicles,wheels,6.8,None,None,None,19,"(0, 0)",None,,,,,,,,,,,,,,0,0,0,0,0,18,18,18,32,0,32,0,325.2204090000014,,,,,,,,,,,,,,,,,,,,,,,,,,,,,,,,,,,,,,,,,,,,,,,,,,,,,,,,,,,,,,,,,,,,,,,,,,,,,,,,,,,,,,,,,,,,,325.2081926999999,325.2204090000014,325.2204090000014,325.2204090000014,325.40533770000184,None,,,,,,,,,,,,,,,,,,,,,,,,,,,,,,,,P2887,Bar_MIC,3,1,2026-05-11_17h28.42.991,MIC_task,,2026.1.2,59.486276515657686,2026-05-11 17h28.44.439398 +0200,
,,33,0,33,,,,,,,3,v12,busz,bus,10,vehicles,wheels,6.8,None,None,None,19,"(0, 0)",None,,,,,,,,,,,,,,0,0,0,0,0,18,18,18,33,0,33,0,325.4209064000024,,,,,,,,,,,,,,,,,,,,,,,,,,,,,,,,,,,,,,,,,,,,,,,,,,,,,,,,,,,,,,,,,,,,,,,,,,,,,,,,,,,,,,,,,,,,,325.4090174000012,325.4209064000024,325.4209064000024,325.4209064000024,325.6047228000025,None,,,,,,,,,,,,,,,,,,,,,,,,,,,,,,,,P2887,Bar_MIC,3,1,2026-05-11_17h28.42.991,MIC_task,,2026.1.2,59.486276515657686,2026-05-11 17h28.44.439398 +0200,
,,34,0,34,,,,,,,3,v12,busz,bus,10,vehicles,wheels,6.8,None,None,None,19,"(0, 0)",None,,,,,,,,,,,,,,0,0,0,0,0,18,18,18,34,0,34,0,325.6212403000027,,,,,,,,,,,,,,,,,,,,,,,,,,,,,,,,,,,,,,,,,,,,,,,,,,,,,,,,,,,,,,,,,,,,,,,,,,,,,,,,,,,,,,,,,,,,,325.60800850000305,325.6212403000027,325.6212403000027,325.6212403000027,325.8061553000007,None,,,,,,,,,,,,,,,,,,,,,,,,,,,,,,,,P2887,Bar_MIC,3,1,2026-05-11_17h28.42.991,MIC_task,,2026.1.2,59.486276515657686,2026-05-11 17h28.44.439398 +0200,
,,35,0,35,,,,,,,3,v12,busz,bus,10,vehicles,wheels,6.8,None,None,None,19,"(0, 0)",None,,,,,,,,,,,,,,0,0,0,0,0,18,18,18,35,0,35,0,325.82156250000116,,,,,,,,,,,,,,,,,,,,,,,,,,,,,,,,,,,,,,,,,,,,,,,,,,,,,,,,,,,,,,,,,,,,,,,,,,,,,,,,,,,,,,,,,,,,,325.8092123000024,325.82156250000116,325.82156250000116,325.82156250000116,326.00553779999973,None,,,,,,,,,,,,,,,,,,,,,,,,,,,,,,,,P2887,Bar_MIC,3,1,2026-05-11_17h28.42.991,MIC_task,,2026.1.2,59.486276515657686,2026-05-11 17h28.44.439398 +0200,
,,36,0,36,,,,,,,3,v12,busz,bus,10,vehicles,wheels,6.8,None,None,None,19,"(0, 0)",None,,,,,,,,,,,,,,0,0,0,0,0,18,18,18,36,0,36,0,326.02197920000253,,,,,,,,,,,,,,,,,,,,,,,,,,,,,,,,,,,,,,,,,,,,,,,,,,,,,,,,,,,,,,,,,,,,,,,,,,,,,,,,,,,,,,,,,,,,,326.00855480000246,326.02197920000253,326.02197920000253,326.02197920000253,326.2062502000008,None,,,,,,,,,,,,,,,,,,,,,,,,,,,,,,,,P2887,Bar_MIC,3,1,2026-05-11_17h28.42.991,MIC_task,,2026.1.2,59.486276515657686,2026-05-11 17h28.44.439398 +0200,
,,37,0,37,,,,,,,3,v12,busz,bus,10,vehicles,wheels,6.8,None,None,None,19,"(0, 0)",None,,,,,,,,,,,,,,0,0,0,0,0,18,18,18,37,0,37,0,326.22229890000017,,,,,,,,,,,,,,,,,,,,,,,,,,,,,,,,,,,,,,,,,,,,,,,,,,,,,,,,,,,,,,,,,,,,,,,,,,,,,,,,,,,,,,,,,,,,,326.20956970000043,326.22229890000017,326.22229890000017,326.22229890000017,326.40695810000034,None,,,,,,,,,,,,,,,,,,,,,,,,,,,,,,,,P2887,Bar_MIC,3,1,2026-05-11_17h28.42.991,MIC_task,,2026.1.2,59.486276515657686,2026-05-11 17h28.44.439398 +0200,
,,38,0,38,,,,,,,3,v12,busz,bus,10,vehicles,wheels,6.8,None,None,None,19,"(0, 0)",None,,,,,,,,,,,,,,0,0,0,0,0,18,18,18,38,0,38,0,326.42269910000323,,,,,,,,,,,,,,,,,,,,,,,,,,,,,,,,,,,,,,,,,,,,,,,,,,,,,,,,,,,,,,,,,,,,,,,,,,,,,,,,,,,,,,,,,,,,,326.4101502000012,326.42269910000323,326.42269910000323,326.42269910000323,326.60666570000103,None,,,,,,,,,,,,,,,,,,,,,,,,,,,,,,,,P2887,Bar_MIC,3,1,2026-05-11_17h28.42.991,MIC_task,,2026.1.2,59.486276515657686,2026-05-11 17h28.44.439398 +0200,
,,39,0,39,,,,,,,3,v12,busz,bus,10,vehicles,wheels,6.8,None,None,None,19,"(0, 0)",None,,,,,,,,,,,,,,0,0,0,0,0,18,18,18,39,0,39,0,326.62298139999984,,,,,,,,,,,,,,,,,,,,,,,,,,,,,,,,,,,,,,,,,,,,,,,,,,,,,,,,,,,,,,,,,,,,,,,,,,,,,,,,,,,,,,,,,,,,,326.60997270000007,326.62298139999984,326.62298139999984,326.62298139999984,326.8068286000016,None,,,,,,,,,,,,,,,,,,,,,,,,,,,,,,,,P2887,Bar_MIC,3,1,2026-05-11_17h28.42.991,MIC_task,,2026.1.2,59.486276515657686,2026-05-11 17h28.44.439398 +0200,
,,40,0,40,,,,,,,3,v12,busz,bus,10,vehicles,wheels,6.8,None,None,None,19,"(0, 0)",None,,,,,,,,,,,,,,0,0,0,0,0,18,18,18,40,0,40,0,326.82265250000273,,,,,,,,,,,,,,,,,,,,,,,,,,,,,,,,,,,,,,,,,,,,,,,,,,,,,,,,,,,,,,,,,,,,,,,,,,,,,,,,,,,,,,,,,,,,,326.8098521000029,326.82265250000273,326.82265250000273,326.82265250000273,327.0072018999999,None,,,,,,,,,,,,,,,,,,,,,,,,,,,,,,,,P2887,Bar_MIC,3,1,2026-05-11_17h28.42.991,MIC_task,,2026.1.2,59.486276515657686,2026-05-11 17h28.44.439398 +0200,
,,41,0,41,,,,,,,3,v12,busz,bus,10,vehicles,wheels,6.8,None,None,None,19,"(0, 0)",None,,,,,,,,,,,,,,0,0,0,0,0,18,18,18,41,0,41,0,327.0238707999997,,,,,,,,,,,,,,,,,,,,,,,,,,,,,,,,,,,,,,,,,,,,,,,,,,,,,,,,,,,,,,,,,,,,,,,,,,,,,,,,,,,,,,,,,,,,,327.01061090000076,327.0238707999997,327.0238707999997,327.0238707999997,327.20794220000244,None,,,,,,,,,,,,,,,,,,,,,,,,,,,,,,,,P2887,Bar_MIC,3,1,2026-05-11_17h28.42.991,MIC_task,,2026.1.2,59.486276515657686,2026-05-11 17h28.44.439398 +0200,
,,42,0,42,,,,,,,3,v12,busz,bus,10,vehicles,wheels,6.8,None,None,None,19,"(0, 0)",None,,,,,,,,,,,,,,0,0,0,0,0,18,18,18,42,0,42,0,327.22341470000174,,,,,,,,,,,,,,,,,,,,,,,,,,,,,,,,,,,,,,,,,,,,,,,,,,,,,,,,,,,,,,,,,,,,,,,,,,,,,,,,,,,,,,,,,,,,,327.21107219999976,327.22341470000174,327.22341470000174,327.22341470000174,327.4082006000026,None,,,,,,,,,,,,,,,,,,,,,,,,,,,,,,,,P2887,Bar_MIC,3,1,2026-05-11_17h28.42.991,MIC_task,,2026.1.2,59.486276515657686,2026-05-11 17h28.44.439398 +0200,
,,43,0,43,,,,,,,3,v12,busz,bus,10,vehicles,wheels,6.8,None,None,None,19,"(0, 0)",None,,,,,,,,,,,,,,0,0,0,0,0,18,18,18,43,0,43,0,327.4237377999998,,,,,,,,,,,,,,,,,,,,,,,,,,,,,,,,,,,,,,,,,,,,,,,,,,,,,,,,,,,,,,,,,,,,,,,,,,,,,,,,,,,,,,,,,,,,,327.4113447000018,327.4237377999998,327.4237377999998,327.4237377999998,327.6086968000018,None,,,,,,,,,,,,,,,,,,,,,,,,,,,,,,,,P2887,Bar_MIC,3,1,2026-05-11_17h28.42.991,MIC_task,,2026.1.2,59.486276515657686,2026-05-11 17h28.44.439398 +0200,
,,44,0,44,,,,,,,3,v12,busz,bus,10,vehicles,wheels,6.8,None,None,None,19,"(0, 0)",space,0.014612700000725454,None,,,,,,,,,,,,0,0,0,0,0,18,18,18,44,0,44,0,327.6242388999999,,,,,,,,,,,,,,,,,,,,,,,,,,,,,,,,,,,,,,,,,,,,,,,,,,,,,,,,,,,,,,,,,,,,,,,,,,,,,,,,,,,,,,,,,,,,,327.61173220000273,327.6242388999999,327.6242388999999,327.6242388999999,327.6418306000014,space,0.014612700000725454,None,,,,,,,,,,,,,,,,,,,,,,,,,,,,,,P2887,Bar_MIC,3,1,2026-05-11_17h28.42.991,MIC_task,,2026.1.2,59.486276515657686,2026-05-11 17h28.44.439398 +0200,
,,18,18,0,,,,space,0.6459065999988525,None,3,v12,busz,bus,10,vehicles,wheels,6.8,None,None,None,19,"(0, 0)",,,,,,,,,,,,,,,0,0,0,0,0,18,18,18,,,,,,,,,,,,,,,,,,,,,,,,,,,,,,,,,,,,,,,,,,,,,,,,,,,,,,,,,,,,,,,,,,,,,,,,,,,,,,,,,327.7027521000018,327.7086706000009,327.70762316666975,329.6441461000031,,,,,,331.6482247000022,331.66505080000206,331.66505080000206,332.3159751000021,,,,,,,,,,,,,329.6721385000019,329.6768813000017,329.6773164333358,331.56375560000015,331.64815590000217,space,0.6459065999988525,None,,,,,,,,,,,,,,,,,,,,,,P2887,Bar_MIC,3,1,2026-05-11_17h28.42.991,MIC_task,,2026.1.2,59.486276515657686,2026-05-11 17h28.44.439398 +0200,
,,0,0,0,,,,,,,3,pl04,rózsa,rose,7,plants,flower,6.8,69,None,73,None,"(0.1, 0)",None,,,,,,,,,,,,,,0,0,0,0,0,19,19,19,0,0,0,0,332.34226050000143,,,,,,,,,,,,,,,,,,,,,,,,,,,,,,,,,,,,,,,,,,,,,,,,,,,,,,,,,,,,,,,,,,,,,,,,,,,,,,,,,,,,,,,,,,,,,332.3371444000004,332.34226050000143,332.34226050000143,332.34226050000143,332.53257289999965,None,,,,,,,,,,,,,,,,,,,,,,,,,,,,,,,,P2887,Bar_MIC,3,1,2026-05-11_17h28.42.991,MIC_task,,2026.1.2,59.486276515657686,2026-05-11 17h28.44.439398 +0200,
,,0,0,0,,,,,,,3,pl04,rózsa,rose,7,plants,flower,6.8,69,None,73,None,"(0.1, 0)",None,,,,,,,,,,,,,,0,0,0,0,0,19,19,19,0,0,0,0,332.54892870000185,,,,,,,,,,,,,,,,,,,,,,,,,,,,,,,,,,,,,,,,,,,,,,,,,,,,,,,,,,,,,,,,,,,,,,,,,,,,,,,,,,,,,,,,,,,,,332.5356064000007,332.54892870000185,332.54892870000185,332.54892870000185,332.7166458000029,None,,,,,,,,,,,,,,,,,,,,,,,,,,,,,,,,P2887,Bar_MIC,3,1,2026-05-11_17h28.42.991,MIC_task,,2026.1.2,59.486276515657686,2026-05-11 17h28.44.439398 +0200,
,,1,0,1,,,,,,,3,pl04,rózsa,rose,7,plants,flower,6.8,69,None,73,None,"(0.1, 0)",None,,,,,,,,,,,,,,0,0,0,0,0,19,19,19,1,0,1,0,332.7325665000026,,,,,,,,,,,,,,,,,,,,,,,,,,,,,,,,,,,,,,,,,,,,,,,,,,,,,,,,,,,,,,,,,,,,,,,,,,,,,,,,,,,,,,,,,,,,,332.7202128000026,332.7325665000026,332.7325665000026,332.7325665000026,332.9166464000009,None,,,,,,,,,,,,,,,,,,,,,,,,,,,,,,,,P2887,Bar_MIC,3,1,2026-05-11_17h28.42.991,MIC_task,,2026.1.2,59.486276515657686,2026-05-11 17h28.44.439398 +0200,
,,2,0,2,,,,,,,3,pl04,rózsa,rose,7,plants,flower,6.8,69,None,73,None,"(0.1, 0)",None,,,,,,,,,,,,,,0,0,0,0,0,19,19,19,2,0,2,0,332.93222100000276,,,,,,,,,,,,,,,,,,,,,,,,,,,,,,,,,,,,,,,,,,,,,,,,,,,,,,,,,,,,,,,,,,,,,,,,,,,,,,,,,,,,,,,,,,,,,332.9199937000012,332.93222100000276,332.93222100000276,332.93222100000276,333.1171394000012,None,,,,,,,,,,,,,,,,,,,,,,,,,,,,,,,,P2887,Bar_MIC,3,1,2026-05-11_17h28.42.991,MIC_task,,2026.1.2,59.486276515657686,2026-05-11 17h28.44.439398 +0200,
,,3,0,3,,,,,,,3,pl04,rózsa,rose,7,plants,flower,6.8,69,None,73,None,"(0.1, 0)",None,,,,,,,,,,,,,,0,0,0,0,0,19,19,19,3,0,3,0,333.1326072000011,,,,,,,,,,,,,,,,,,,,,,,,,,,,,,,,,,,,,,,,,,,,,,,,,,,,,,,,,,,,,,,,,,,,,,,,,,,,,,,,,,,,,,,,,,,,,333.12042900000233,333.1326072000011,333.1326072000011,333.1326072000011,333.31774270000096,None,,,,,,,,,,,,,,,,,,,,,,,,,,,,,,,,P2887,Bar_MIC,3,1,2026-05-11_17h28.42.991,MIC_task,,2026.1.2,59.486276515657686,2026-05-11 17h28.44.439398 +0200,
,,4,0,4,,,,,,,3,pl04,rózsa,rose,7,plants,flower,6.8,69,None,73,None,"(0.1, 0)",None,,,,,,,,,,,,,,0,0,0,0,0,19,19,19,4,0,4,0,333.3330341000001,,,,,,,,,,,,,,,,,,,,,,,,,,,,,,,,,,,,,,,,,,,,,,,,,,,,,,,,,,,,,,,,,,,,,,,,,,,,,,,,,,,,,,,,,,,,,333.32091020000007,333.3330341000001,333.3330341000001,333.3330341000001,333.51801270000215,None,,,,,,,,,,,,,,,,,,,,,,,,,,,,,,,,P2887,Bar_MIC,3,1,2026-05-11_17h28.42.991,MIC_task,,2026.1.2,59.486276515657686,2026-05-11 17h28.44.439398 +0200,
,,5,0,5,,,,,,,3,pl04,rózsa,rose,7,plants,flower,6.8,69,None,73,None,"(0.1, 0)",None,,,,,,,,,,,,,,0,0,0,0,0,19,19,19,5,0,5,0,333.53330800000185,,,,,,,,,,,,,,,,,,,,,,,,,,,,,,,,,,,,,,,,,,,,,,,,,,,,,,,,,,,,,,,,,,,,,,,,,,,,,,,,,,,,,,,,,,,,,333.52076370000214,333.53330800000185,333.53330800000185,333.53330800000185,333.7171135999997,None,,,,,,,,,,,,,,,,,,,,,,,,,,,,,,,,P2887,Bar_MIC,3,1,2026-05-11_17h28.42.991,MIC_task,,2026.1.2,59.486276515657686,2026-05-11 17h28.44.439398 +0200,
,,6,0,6,,,,,,,3,pl04,rózsa,rose,7,plants,flower,6.8,69,None,73,None,"(0.1, 0)",None,,,,,,,,,,,,,,0,0,0,0,0,19,19,19,6,0,6,0,333.7337398000018,,,,,,,,,,,,,,,,,,,,,,,,,,,,,,,,,,,,,,,,,,,,,,,,,,,,,,,,,,,,,,,,,,,,,,,,,,,,,,,,,,,,,,,,,,,,,333.72048429999995,333.7337398000018,333.7337398000018,333.7337398000018,333.9176789000012,None,,,,,,,,,,,,,,,,,,,,,,,,,,,,,,,,P2887,Bar_MIC,3,1,2026-05-11_17h28.42.991,MIC_task,,2026.1.2,59.486276515657686,2026-05-11 17h28.44.439398 +0200,
,,7,0,7,,,,,,,3,pl04,rózsa,rose,7,plants,flower,6.8,69,None,73,None,"(0.1, 0)",None,,,,,,,,,,,,,,0,0,0,0,0,19,19,19,7,0,7,0,333.93404999999984,,,,,,,,,,,,,,,,,,,,,,,,,,,,,,,,,,,,,,,,,,,,,,,,,,,,,,,,,,,,,,,,,,,,,,,,,,,,,,,,,,,,,,,,,,,,,333.92075380000097,333.93404999999984,333.93404999999984,333.93404999999984,334.11775390000184,None,,,,,,,,,,,,,,,,,,,,,,,,,,,,,,,,P2887,Bar_MIC,3,1,2026-05-11_17h28.42.991,MIC_task,,2026.1.2,59.486276515657686,2026-05-11 17h28.44.439398 +0200,
,,8,0,8,,,,,,,3,pl04,rózsa,rose,7,plants,flower,6.8,69,None,73,None,"(0.1, 0)",None,,,,,,,,,,,,,,0,0,0,0,0,19,19,19,8,0,8,0,334.1345075999998,,,,,,,,,,,,,,,,,,,,,,,,,,,,,,,,,,,,,,,,,,,,,,,,,,,,,,,,,,,,,,,,,,,,,,,,,,,,,,,,,,,,,,,,,,,,,334.1207549999999,334.1345075999998,334.1345075999998,334.1345075999998,334.3184379000013,None,,,,,,,,,,,,,,,,,,,,,,,,,,,,,,,,P2887,Bar_MIC,3,1,2026-05-11_17h28.42.991,MIC_task,,2026.1.2,59.486276515657686,2026-05-11 17h28.44.439398 +0200,
,,9,0,9,,,,,,,3,pl04,rózsa,rose,7,plants,flower,6.8,69,None,73,None,"(0.1, 0)",None,,,,,,,,,,,,,,0,0,0,0,0,19,19,19,9,0,9,0,334.3347317000007,,,,,,,,,,,,,,,,,,,,,,,,,,,,,,,,,,,,,,,,,,,,,,,,,,,,,,,,,,,,,,,,,,,,,,,,,,,,,,,,,,,,,,,,,,,,,334.3216601000022,334.3347317000007,334.3347317000007,334.3347317000007,334.51887780000106,None,,,,,,,,,,,,,,,,,,,,,,,,,,,,,,,,P2887,Bar_MIC,3,1,2026-05-11_17h28.42.991,MIC_task,,2026.1.2,59.486276515657686,2026-05-11 17h28.44.439398 +0200,
,,10,0,10,,,,,,,3,pl04,rózsa,rose,7,plants,flower,6.8,69,None,73,None,"(0.1, 0)",None,,,,,,,,,,,,,,0,0,0,0,0,19,19,19,10,0,10,0,334.53512310000224,,,,,,,,,,,,,,,,,,,,,,,,,,,,,,,,,,,,,,,,,,,,,,,,,,,,,,,,,,,,,,,,,,,,,,,,,,,,,,,,,,,,,,,,,,,,,334.5222648000017,334.53512310000224,334.53512310000224,334.53512310000224,334.71983040000123,None,,,,,,,,,,,,,,,,,,,,,,,,,,,,,,,,P2887,Bar_MIC,3,1,2026-05-11_17h28.42.991,MIC_task,,2026.1.2,59.486276515657686,2026-05-11 17h28.44.439398 +0200,
,,11,0,11,,,,,,,3,pl04,rózsa,rose,7,plants,flower,6.8,69,None,73,None,"(0.1, 0)",None,,,,,,,,,,,,,,0,0,0,0,0,19,19,19,11,0,11,0,334.7355282999997,,,,,,,,,,,,,,,,,,,,,,,,,,,,,,,,,,,,,,,,,,,,,,,,,,,,,,,,,,,,,,,,,,,,,,,,,,,,,,,,,,,,,,,,,,,,,334.72326240000257,334.7355282999997,334.7355282999997,334.7355282999997,334.91997210000045,None,,,,,,,,,,,,,,,,,,,,,,,,,,,,,,,,P2887,Bar_MIC,3,1,2026-05-11_17h28.42.991,MIC_task,,2026.1.2,59.486276515657686,2026-05-11 17h28.44.439398 +0200,
,,12,0,12,,,,,,,3,pl04,rózsa,rose,7,plants,flower,6.8,69,None,73,None,"(0.1, 0)",None,,,,,,,,,,,,,,0,0,0,0,0,19,19,19,12,0,12,0,334.93590440000116,,,,,,,,,,,,,,,,,,,,,,,,,,,,,,,,,,,,,,,,,,,,,,,,,,,,,,,,,,,,,,,,,,,,,,,,,,,,,,,,,,,,,,,,,,,,,334.92292350000207,334.93590440000116,334.93590440000116,334.93590440000116,335.12018810000154,None,,,,,,,,,,,,,,,,,,,,,,,,,,,,,,,,P2887,Bar_MIC,3,1,2026-05-11_17h28.42.991,MIC_task,,2026.1.2,59.486276515657686,2026-05-11 17h28.44.439398 +0200,
,,13,0,13,,,,,,,3,pl04,rózsa,rose,7,plants,flower,6.8,69,None,73,None,"(0.1, 0)",None,,,,,,,,,,,,,,0,0,0,0,0,19,19,19,13,0,13,0,335.13553390000015,,,,,,,,,,,,,,,,,,,,,,,,,,,,,,,,,,,,,,,,,,,,,,,,,,,,,,,,,,,,,,,,,,,,,,,,,,,,,,,,,,,,,,,,,,,,,335.1238129000012,335.13553390000015,335.13553390000015,335.13553390000015,335.32053440000163,None,,,,,,,,,,,,,,,,,,,,,,,,,,,,,,,,P2887,Bar_MIC,3,1,2026-05-11_17h28.42.991,MIC_task,,2026.1.2,59.486276515657686,2026-05-11 17h28.44.439398 +0200,
,,14,0,14,,,,,,,3,pl04,rózsa,rose,7,plants,flower,6.8,69,None,73,None,"(0.1, 0)",None,,,,,,,,,,,,,,0,0,0,0,0,19,19,19,14,0,14,0,335.33592690000296,,,,,,,,,,,,,,,,,,,,,,,,,,,,,,,,,,,,,,,,,,,,,,,,,,,,,,,,,,,,,,,,,,,,,,,,,,,,,,,,,,,,,,,,,,,,,335.32374290000007,335.33592690000296,335.33592690000296,335.33592690000296,335.52095140000165,None,,,,,,,,,,,,,,,,,,,,,,,,,,,,,,,,P2887,Bar_MIC,3,1,2026-05-11_17h28.42.991,MIC_task,,2026.1.2,59.486276515657686,2026-05-11 17h28.44.439398 +0200,
,,15,0,15,,,,,,,3,pl04,rózsa,rose,7,plants,flower,6.8,69,None,73,None,"(0.1, 0)",None,,,,,,,,,,,,,,0,0,0,0,0,19,19,19,15,0,15,0,335.5363462000023,,,,,,,,,,,,,,,,,,,,,,,,,,,,,,,,,,,,,,,,,,,,,,,,,,,,,,,,,,,,,,,,,,,,,,,,,,,,,,,,,,,,,,,,,,,,,335.52428169999985,335.5363462000023,335.5363462000023,335.5363462000023,335.72117179999987,None,,,,,,,,,,,,,,,,,,,,,,,,,,,,,,,,P2887,Bar_MIC,3,1,2026-05-11_17h28.42.991,MIC_task,,2026.1.2,59.486276515657686,2026-05-11 17h28.44.439398 +0200,
,,16,0,16,,,,,,,3,pl04,rózsa,rose,7,plants,flower,6.8,69,None,73,None,"(0.1, 0)",None,,,,,,,,,,,,,,0,0,0,0,0,19,19,19,16,0,16,0,335.73669940000036,,,,,,,,,,,,,,,,,,,,,,,,,,,,,,,,,,,,,,,,,,,,,,,,,,,,,,,,,,,,,,,,,,,,,,,,,,,,,,,,,,,,,,,,,,,,,335.72467680000045,335.73669940000036,335.73669940000036,335.73669940000036,335.9215569000007,None,,,,,,,,,,,,,,,,,,,,,,,,,,,,,,,,P2887,Bar_MIC,3,1,2026-05-11_17h28.42.991,MIC_task,,2026.1.2,59.486276515657686,2026-05-11 17h28.44.439398 +0200,
,,17,0,17,,,,,,,3,pl04,rózsa,rose,7,plants,flower,6.8,69,None,73,None,"(0.1, 0)",None,,,,,,,,,,,,,,0,0,0,0,0,19,19,19,17,0,17,0,335.9370251,,,,,,,,,,,,,,,,,,,,,,,,,,,,,,,,,,,,,,,,,,,,,,,,,,,,,,,,,,,,,,,,,,,,,,,,,,,,,,,,,,,,,,,,,,,,,335.92496010000104,335.9370251,335.9370251,335.9370251,336.12095970000155,None,,,,,,,,,,,,,,,,,,,,,,,,,,,,,,,,P2887,Bar_MIC,3,1,2026-05-11_17h28.42.991,MIC_task,,2026.1.2,59.486276515657686,2026-05-11 17h28.44.439398 +0200,
,,18,0,18,,,,,,,3,pl04,rózsa,rose,7,plants,flower,6.8,69,None,73,None,"(0.1, 0)",None,,,,,,,,,,,,,,0,0,0,0,0,19,19,19,18,0,18,0,336.1374211000002,,,,,,,,,,,,,,,,,,,,,,,,,,,,,,,,,,,,,,,,,,,,,,,,,,,,,,,,,,,,,,,,,,,,,,,,,,,,,,,,,,,,,,,,,,,,,336.124265800001,336.1374211000002,336.1374211000002,336.1374211000002,336.32128379999995,None,,,,,,,,,,,,,,,,,,,,,,,,,,,,,,,,P2887,Bar_MIC,3,1,2026-05-11_17h28.42.991,MIC_task,,2026.1.2,59.486276515657686,2026-05-11 17h28.44.439398 +0200,
,,19,0,19,,,,,,,3,pl04,rózsa,rose,7,plants,flower,6.8,69,None,73,None,"(0.1, 0)",None,,,,,,,,,,,,,,0,0,0,0,0,19,19,19,19,0,19,0,336.33776690000013,,,,,,,,,,,,,,,,,,,,,,,,,,,,,,,,,,,,,,,,,,,,,,,,,,,,,,,,,,,,,,,,,,,,,,,,,,,,,,,,,,,,,,,,,,,,,336.3247235000017,336.33776690000013,336.33776690000013,336.33776690000013,336.52219049999985,None,,,,,,,,,,,,,,,,,,,,,,,,,,,,,,,,P2887,Bar_MIC,3,1,2026-05-11_17h28.42.991,MIC_task,,2026.1.2,59.486276515657686,2026-05-11 17h28.44.439398 +0200,
,,20,0,20,,,,,,,3,pl04,rózsa,rose,7,plants,flower,6.8,69,None,73,None,"(0.1, 0)",None,,,,,,,,,,,,,,0,0,0,0,0,19,19,19,20,0,20,0,336.5381527999998,,,,,,,,,,,,,,,,,,,,,,,,,,,,,,,,,,,,,,,,,,,,,,,,,,,,,,,,,,,,,,,,,,,,,,,,,,,,,,,,,,,,,,,,,,,,,336.5256509999999,336.5381527999998,336.5381527999998,336.5381527999998,336.7222416000004,None,,,,,,,,,,,,,,,,,,,,,,,,,,,,,,,,P2887,Bar_MIC,3,1,2026-05-11_17h28.42.991,MIC_task,,2026.1.2,59.486276515657686,2026-05-11 17h28.44.439398 +0200,
,,21,0,21,,,,,,,3,pl04,rózsa,rose,7,plants,flower,6.8,69,None,73,None,"(0.1, 0)",None,,,,,,,,,,,,,,0,0,0,0,0,19,19,19,21,0,21,0,336.7384028000015,,,,,,,,,,,,,,,,,,,,,,,,,,,,,,,,,,,,,,,,,,,,,,,,,,,,,,,,,,,,,,,,,,,,,,,,,,,,,,,,,,,,,,,,,,,,,336.7252797000001,336.7384028000015,336.7384028000015,336.7384028000015,336.92262250000203,None,,,,,,,,,,,,,,,,,,,,,,,,,,,,,,,,P2887,Bar_MIC,3,1,2026-05-11_17h28.42.991,MIC_task,,2026.1.2,59.486276515657686,2026-05-11 17h28.44.439398 +0200,
,,22,0,22,,,,,,,3,pl04,rózsa,rose,7,plants,flower,6.8,69,None,73,None,"(0.1, 0)",None,,,,,,,,,,,,,,0,0,0,0,0,19,19,19,22,0,22,0,336.938738300003,,,,,,,,,,,,,,,,,,,,,,,,,,,,,,,,,,,,,,,,,,,,,,,,,,,,,,,,,,,,,,,,,,,,,,,,,,,,,,,,,,,,,,,,,,,,,336.92555110000103,336.938738300003,336.938738300003,336.938738300003,337.1229194000007,None,,,,,,,,,,,,,,,,,,,,,,,,,,,,,,,,P2887,Bar_MIC,3,1,2026-05-11_17h28.42.991,MIC_task,,2026.1.2,59.486276515657686,2026-05-11 17h28.44.439398 +0200,
,,23,0,23,,,,,,,3,pl04,rózsa,rose,7,plants,flower,6.8,69,None,73,None,"(0.1, 0)",None,,,,,,,,,,,,,,0,0,0,0,0,19,19,19,23,0,23,0,337.13916640000025,,,,,,,,,,,,,,,,,,,,,,,,,,,,,,,,,,,,,,,,,,,,,,,,,,,,,,,,,,,,,,,,,,,,,,,,,,,,,,,,,,,,,,,,,,,,,337.1258990000024,337.13916640000025,337.13916640000025,337.13916640000025,337.3234846000014,None,,,,,,,,,,,,,,,,,,,,,,,,,,,,,,,,P2887,Bar_MIC,3,1,2026-05-11_17h28.42.991,MIC_task,,2026.1.2,59.486276515657686,2026-05-11 17h28.44.439398 +0200,
,,24,0,24,,,,,,,3,pl04,rózsa,rose,7,plants,flower,6.8,69,None,73,None,"(0.1, 0)",None,,,,,,,,,,,,,,0,0,0,0,0,19,19,19,24,0,24,0,337.33953960000144,,,,,,,,,,,,,,,,,,,,,,,,,,,,,,,,,,,,,,,,,,,,,,,,,,,,,,,,,,,,,,,,,,,,,,,,,,,,,,,,,,,,,,,,,,,,,337.3264737000027,337.33953960000144,337.33953960000144,337.33953960000144,337.52378880000106,None,,,,,,,,,,,,,,,,,,,,,,,,,,,,,,,,P2887,Bar_MIC,3,1,2026-05-11_17h28.42.991,MIC_task,,2026.1.2,59.486276515657686,2026-05-11 17h28.44.439398 +0200,
,,25,0,25,,,,,,,3,pl04,rózsa,rose,7,plants,flower,6.8,69,None,73,None,"(0.1, 0)",None,,,,,,,,,,,,,,0,0,0,0,0,19,19,19,25,0,25,0,337.53929130000324,,,,,,,,,,,,,,,,,,,,,,,,,,,,,,,,,,,,,,,,,,,,,,,,,,,,,,,,,,,,,,,,,,,,,,,,,,,,,,,,,,,,,,,,,,,,,337.52672350000284,337.53929130000324,337.53929130000324,337.53929130000324,337.72415230000115,None,,,,,,,,,,,,,,,,,,,,,,,,,,,,,,,,P2887,Bar_MIC,3,1,2026-05-11_17h28.42.991,MIC_task,,2026.1.2,59.486276515657686,2026-05-11 17h28.44.439398 +0200,
,,26,0,26,,,,,,,3,pl04,rózsa,rose,7,plants,flower,6.8,69,None,73,None,"(0.1, 0)",space,0.14091689999986556,None,,,,,,,,,,,,0,0,0,0,0,19,19,19,26,0,26,0,337.73958480000147,,,,,,,,,,,,,,,,,,,,,,,,,,,,,,,,,,,,,,,,,,,,,,,,,,,,,,,,,,,,,,,,,,,,,,,,,,,,,,,,,,,,,,,,,,,,,337.7271717000003,337.73958480000147,337.73958480000147,337.73958480000147,337.89170920000106,space,0.14091689999986556,None,,,,,,,,,,,,,,,,,,,,,,,,,,,,,,P2887,Bar_MIC,3,1,2026-05-11_17h28.42.991,MIC_task,,2026.1.2,59.486276515657686,2026-05-11 17h28.44.439398 +0200,
,,19,19,0,,,,space,0.48553869999886956,None,3,pl04,rózsa,rose,7,plants,flower,6.8,69,None,73,None,"(0.1, 0)",,,,,,,,,,,,,,,0,0,0,0,0,19,19,19,,,,,,,,,,,,,,,,,,,,,,,,,,,,,,,,,,,,,,,,,,,,,,,,,,,,,,,,,,,,,,,,,,,,,,,,,,,,,,,,,337.9535044000004,337.9594408000012,337.9574328666686,339.8940840000032,,,,,,341.8968507000027,341.9136094000023,341.9136094000023,342.41496650000045,,,,,,,,,,,,,339.9209031999999,339.9260666000009,339.92729443333565,341.8294661,341.896804,space,0.48553869999886956,None,,,,,,,,,,,,,,,,,,,,,,P2887,Bar_MIC,3,1,2026-05-11_17h28.42.991,MIC_task,,2026.1.2,59.486276515657686,2026-05-11 17h28.44.439398 +0200,
,,0,0,0,,,,,,,3,f08,sajt,cheese,4,food,dairy,7,10486,21,51,None,"(-0.1, 0)",None,,,,,,,,,,,,,,0,0,0,0,0,20,20,20,0,0,0,0,342.4409188999998,,,,,,,,,,,,,,,,,,,,,,,,,,,,,,,,,,,,,,,,,,,,,,,,,,,,,,,,,,,,,,,,,,,,,,,,,,,,,,,,,,,,,,,,,,,,,342.4356246000025,342.4409188999998,342.4409188999998,342.4409188999998,342.6312448000026,None,,,,,,,,,,,,,,,,,,,,,,,,,,,,,,,,P2887,Bar_MIC,3,1,2026-05-11_17h28.42.991,MIC_task,,2026.1.2,59.486276515657686,2026-05-11 17h28.44.439398 +0200,
,,0,0,0,,,,,,,3,f08,sajt,cheese,4,food,dairy,7,10486,21,51,None,"(-0.1, 0)",None,,,,,,,,,,,,,,0,0,0,0,0,20,20,20,0,0,0,0,342.64759310000227,,,,,,,,,,,,,,,,,,,,,,,,,,,,,,,,,,,,,,,,,,,,,,,,,,,,,,,,,,,,,,,,,,,,,,,,,,,,,,,,,,,,,,,,,,,,,342.63479630000074,342.64759310000227,342.64759310000227,342.64759310000227,342.8151013000024,None,,,,,,,,,,,,,,,,,,,,,,,,,,,,,,,,P2887,Bar_MIC,3,1,2026-05-11_17h28.42.991,MIC_task,,2026.1.2,59.486276515657686,2026-05-11 17h28.44.439398 +0200,
,,1,0,1,,,,,,,3,f08,sajt,cheese,4,food,dairy,7,10486,21,51,None,"(-0.1, 0)",None,,,,,,,,,,,,,,0,0,0,0,0,20,20,20,1,0,1,0,342.83123160000105,,,,,,,,,,,,,,,,,,,,,,,,,,,,,,,,,,,,,,,,,,,,,,,,,,,,,,,,,,,,,,,,,,,,,,,,,,,,,,,,,,,,,,,,,,,,,342.81811260000177,342.83123160000105,342.83123160000105,342.83123160000105,343.01544360000116,None,,,,,,,,,,,,,,,,,,,,,,,,,,,,,,,,P2887,Bar_MIC,3,1,2026-05-11_17h28.42.991,MIC_task,,2026.1.2,59.486276515657686,2026-05-11 17h28.44.439398 +0200,
,,2,0,2,,,,,,,3,f08,sajt,cheese,4,food,dairy,7,10486,21,51,None,"(-0.1, 0)",None,,,,,,,,,,,,,,0,0,0,0,0,20,20,20,2,0,2,0,343.03155909999987,,,,,,,,,,,,,,,,,,,,,,,,,,,,,,,,,,,,,,,,,,,,,,,,,,,,,,,,,,,,,,,,,,,,,,,,,,,,,,,,,,,,,,,,,,,,,343.0184568000004,343.03155909999987,343.03155909999987,343.03155909999987,343.2156496000025,None,,,,,,,,,,,,,,,,,,,,,,,,,,,,,,,,P2887,Bar_MIC,3,1,2026-05-11_17h28.42.991,MIC_task,,2026.1.2,59.486276515657686,2026-05-11 17h28.44.439398 +0200,
,,3,0,3,,,,,,,3,f08,sajt,cheese,4,food,dairy,7,10486,21,51,None,"(-0.1, 0)",None,,,,,,,,,,,,,,0,0,0,0,0,20,20,20,3,0,3,0,343.2312184000002,,,,,,,,,,,,,,,,,,,,,,,,,,,,,,,,,,,,,,,,,,,,,,,,,,,,,,,,,,,,,,,,,,,,,,,,,,,,,,,,,,,,,,,,,,,,,343.2192861000003,343.2312184000002,343.2312184000002,343.2312184000002,343.41614370000025,None,,,,,,,,,,,,,,,,,,,,,,,,,,,,,,,,P2887,Bar_MIC,3,1,2026-05-11_17h28.42.991,MIC_task,,2026.1.2,59.486276515657686,2026-05-11 17h28.44.439398 +0200,
,,4,0,4,,,,,,,3,f08,sajt,cheese,4,food,dairy,7,10486,21,51,None,"(-0.1, 0)",None,,,,,,,,,,,,,,0,0,0,0,0,20,20,20,4,0,4,0,343.43155950000073,,,,,,,,,,,,,,,,,,,,,,,,,,,,,,,,,,,,,,,,,,,,,,,,,,,,,,,,,,,,,,,,,,,,,,,,,,,,,,,,,,,,,,,,,,,,,343.4197148000021,343.43155950000073,343.43155950000073,343.43155950000073,343.61648640000203,None,,,,,,,,,,,,,,,,,,,,,,,,,,,,,,,,P2887,Bar_MIC,3,1,2026-05-11_17h28.42.991,MIC_task,,2026.1.2,59.486276515657686,2026-05-11 17h28.44.439398 +0200,
,,5,0,5,,,,,,,3,f08,sajt,cheese,4,food,dairy,7,10486,21,51,None,"(-0.1, 0)",None,,,,,,,,,,,,,,0,0,0,0,0,20,20,20,5,0,5,0,343.6319371999998,,,,,,,,,,,,,,,,,,,,,,,,,,,,,,,,,,,,,,,,,,,,,,,,,,,,,,,,,,,,,,,,,,,,,,,,,,,,,,,,,,,,,,,,,,,,,343.6197358999998,343.6319371999998,343.6319371999998,343.6319371999998,343.8168353000001,None,,,,,,,,,,,,,,,,,,,,,,,,,,,,,,,,P2887,Bar_MIC,3,1,2026-05-11_17h28.42.991,MIC_task,,2026.1.2,59.486276515657686,2026-05-11 17h28.44.439398 +0200,
,,6,0,6,,,,,,,3,f08,sajt,cheese,4,food,dairy,7,10486,21,51,None,"(-0.1, 0)",None,,,,,,,,,,,,,,0,0,0,0,0,20,20,20,6,0,6,0,343.83228299999973,,,,,,,,,,,,,,,,,,,,,,,,,,,,,,,,,,,,,,,,,,,,,,,,,,,,,,,,,,,,,,,,,,,,,,,,,,,,,,,,,,,,,,,,,,,,,343.82042450000154,343.83228299999973,343.83228299999973,343.83228299999973,344.01639360000263,None,,,,,,,,,,,,,,,,,,,,,,,,,,,,,,,,P2887,Bar_MIC,3,1,2026-05-11_17h28.42.991,MIC_task,,2026.1.2,59.486276515657686,2026-05-11 17h28.44.439398 +0200,
,,7,0,7,,,,,,,3,f08,sajt,cheese,4,food,dairy,7,10486,21,51,None,"(-0.1, 0)",None,,,,,,,,,,,,,,0,0,0,0,0,20,20,20,7,0,7,0,344.03273620000255,,,,,,,,,,,,,,,,,,,,,,,,,,,,,,,,,,,,,,,,,,,,,,,,,,,,,,,,,,,,,,,,,,,,,,,,,,,,,,,,,,,,,,,,,,,,,344.0197296000006,344.03273620000255,344.03273620000255,344.03273620000255,344.21673680000094,None,,,,,,,,,,,,,,,,,,,,,,,,,,,,,,,,P2887,Bar_MIC,3,1,2026-05-11_17h28.42.991,MIC_task,,2026.1.2,59.486276515657686,2026-05-11 17h28.44.439398 +0200,
,,8,0,8,,,,,,,3,f08,sajt,cheese,4,food,dairy,7,10486,21,51,None,"(-0.1, 0)",None,,,,,,,,,,,,,,0,0,0,0,0,20,20,20,8,0,8,0,344.23304530000314,,,,,,,,,,,,,,,,,,,,,,,,,,,,,,,,,,,,,,,,,,,,,,,,,,,,,,,,,,,,,,,,,,,,,,,,,,,,,,,,,,,,,,,,,,,,,344.2196165000023,344.23304530000314,344.23304530000314,344.23304530000314,344.41748910000024,None,,,,,,,,,,,,,,,,,,,,,,,,,,,,,,,,P2887,Bar_MIC,3,1,2026-05-11_17h28.42.991,MIC_task,,2026.1.2,59.486276515657686,2026-05-11 17h28.44.439398 +0200,
,,9,0,9,,,,,,,3,f08,sajt,cheese,4,food,dairy,7,10486,21,51,None,"(-0.1, 0)",None,,,,,,,,,,,,,,0,0,0,0,0,20,20,20,9,0,9,0,344.433480300002,,,,,,,,,,,,,,,,,,,,,,,,,,,,,,,,,,,,,,,,,,,,,,,,,,,,,,,,,,,,,,,,,,,,,,,,,,,,,,,,,,,,,,,,,,,,,344.4204271000017,344.433480300002,344.433480300002,344.433480300002,344.61741299999994,None,,,,,,,,,,,,,,,,,,,,,,,,,,,,,,,,P2887,Bar_MIC,3,1,2026-05-11_17h28.42.991,MIC_task,,2026.1.2,59.486276515657686,2026-05-11 17h28.44.439398 +0200,
,,10,0,10,,,,,,,3,f08,sajt,cheese,4,food,dairy,7,10486,21,51,None,"(-0.1, 0)",None,,,,,,,,,,,,,,0,0,0,0,0,20,20,20,10,0,10,0,344.63374960000147,,,,,,,,,,,,,,,,,,,,,,,,,,,,,,,,,,,,,,,,,,,,,,,,,,,,,,,,,,,,,,,,,,,,,,,,,,,,,,,,,,,,,,,,,,,,,344.6206388999999,344.63374960000147,344.63374960000147,344.63374960000147,344.8180754000023,None,,,,,,,,,,,,,,,,,,,,,,,,,,,,,,,,P2887,Bar_MIC,3,1,2026-05-11_17h28.42.991,MIC_task,,2026.1.2,59.486276515657686,2026-05-11 17h28.44.439398 +0200,
,,11,0,11,,,,,,,3,f08,sajt,cheese,4,food,dairy,7,10486,21,51,None,"(-0.1, 0)",None,,,,,,,,,,,,,,0,0,0,0,0,20,20,20,11,0,11,0,344.83410600000207,,,,,,,,,,,,,,,,,,,,,,,,,,,,,,,,,,,,,,,,,,,,,,,,,,,,,,,,,,,,,,,,,,,,,,,,,,,,,,,,,,,,,,,,,,,,,344.8210512000005,344.83410600000207,344.83410600000207,344.83410600000207,345.01880620000156,None,,,,,,,,,,,,,,,,,,,,,,,,,,,,,,,,P2887,Bar_MIC,3,1,2026-05-11_17h28.42.991,MIC_task,,2026.1.2,59.486276515657686,2026-05-11 17h28.44.439398 +0200,
,,12,0,12,,,,,,,3,f08,sajt,cheese,4,food,dairy,7,10486,21,51,None,"(-0.1, 0)",None,,,,,,,,,,,,,,0,0,0,0,0,20,20,20,12,0,12,0,345.0345371000003,,,,,,,,,,,,,,,,,,,,,,,,,,,,,,,,,,,,,,,,,,,,,,,,,,,,,,,,,,,,,,,,,,,,,,,,,,,,,,,,,,,,,,,,,,,,,345.02202390000093,345.0345371000003,345.0345371000003,345.0345371000003,345.21857600000294,None,,,,,,,,,,,,,,,,,,,,,,,,,,,,,,,,P2887,Bar_MIC,3,1,2026-05-11_17h28.42.991,MIC_task,,2026.1.2,59.486276515657686,2026-05-11 17h28.44.439398 +0200,
,,13,0,13,,,,,,,3,f08,sajt,cheese,4,food,dairy,7,10486,21,51,None,"(-0.1, 0)",None,,,,,,,,,,,,,,0,0,0,0,0,20,20,20,13,0,13,0,345.23488350000116,,,,,,,,,,,,,,,,,,,,,,,,,,,,,,,,,,,,,,,,,,,,,,,,,,,,,,,,,,,,,,,,,,,,,,,,,,,,,,,,,,,,,,,,,,,,,345.22202480000124,345.23488350000116,345.23488350000116,345.23488350000116,345.4185563000028,None,,,,,,,,,,,,,,,,,,,,,,,,,,,,,,,,P2887,Bar_MIC,3,1,2026-05-11_17h28.42.991,MIC_task,,2026.1.2,59.486276515657686,2026-05-11 17h28.44.439398 +0200,
,,14,0,14,,,,,,,3,f08,sajt,cheese,4,food,dairy,7,10486,21,51,None,"(-0.1, 0)",None,,,,,,,,,,,,,,0,0,0,0,0,20,20,20,14,0,14,0,345.43452190000244,,,,,,,,,,,,,,,,,,,,,,,,,,,,,,,,,,,,,,,,,,,,,,,,,,,,,,,,,,,,,,,,,,,,,,,,,,,,,,,,,,,,,,,,,,,,,345.4222808000013,345.43452190000244,345.43452190000244,345.43452190000244,345.6194596000023,None,,,,,,,,,,,,,,,,,,,,,,,,,,,,,,,,P2887,Bar_MIC,3,1,2026-05-11_17h28.42.991,MIC_task,,2026.1.2,59.486276515657686,2026-05-11 17h28.44.439398 +0200,
,,15,0,15,,,,,,,3,f08,sajt,cheese,4,food,dairy,7,10486,21,51,None,"(-0.1, 0)",None,,,,,,,,,,,,,,0,0,0,0,0,20,20,20,15,0,15,0,345.63488270000016,,,,,,,,,,,,,,,,,,,,,,,,,,,,,,,,,,,,,,,,,,,,,,,,,,,,,,,,,,,,,,,,,,,,,,,,,,,,,,,,,,,,,,,,,,,,,345.6228520000004,345.63488270000016,345.63488270000016,345.63488270000016,345.81978690000324,None,,,,,,,,,,,,,,,,,,,,,,,,,,,,,,,,P2887,Bar_MIC,3,1,2026-05-11_17h28.42.991,MIC_task,,2026.1.2,59.486276515657686,2026-05-11 17h28.44.439398 +0200,
,,16,0,16,,,,,,,3,f08,sajt,cheese,4,food,dairy,7,10486,21,51,None,"(-0.1, 0)",space,0.11320160000104806,None,,,,,,,,,,,,0,0,0,0,0,20,20,20,16,0,16,0,345.8353311000028,,,,,,,,,,,,,,,,,,,,,,,,,,,,,,,,,,,,,,,,,,,,,,,,,,,,,,,,,,,,,,,,,,,,,,,,,,,,,,,,,,,,,,,,,,,,,345.82313670000076,345.8353311000028,345.8353311000028,345.8353311000028,345.9537528000001,space,0.11320160000104806,None,,,,,,,,,,,,,,,,,,,,,,,,,,,,,,P2887,Bar_MIC,3,1,2026-05-11_17h28.42.991,MIC_task,,2026.1.2,59.486276515657686,2026-05-11 17h28.44.439398 +0200,
,,20,20,0,,,,space,0.7269319000006362,None,3,f08,sajt,cheese,4,food,dairy,7,10486,21,51,None,"(-0.1, 0)",,,,,,,,,,,,,,,0,0,0,0,0,20,20,20,,,,,,,,,,,,,,,,,,,,,,,,,,,,,,,,,,,,,,,,,,,,,,,,,,,,,,,,,,,,,,,,,,,,,,,,,,,,,,,,,346.0111293000009,346.0168307000022,346.0194896666699,347.9556009000007,,,,,,349.9588655000007,349.9757782000015,349.9757782000015,350.710701400003,,,,,,,,,,,,,347.98330870000063,347.98867000000246,347.9888136333361,349.8747938000015,349.9588266000028,space,0.7269319000006362,None,,,,,,,,,,,,,,,,,,,,,,P2887,Bar_MIC,3,1,2026-05-11_17h28.42.991,MIC_task,,2026.1.2,59.486276515657686,2026-05-11 17h28.44.439398 +0200,
,,0,0,0,,,,,,,3,a09,pingvin,penguin,1,animal,bird,6,13,25,68,None,"(-0.1, -0.1)",None,,,,,,,,,,,,,,0,0,0,0,0,21,21,21,0,0,0,0,350.76316980000047,,,,,,,,,,,,,,,,,,,,,,,,,,,,,,,,,,,,,,,,,,,,,,,,,,,,,,,,,,,,,,,,,,,,,,,,,,,,,,,,,,,,,,,,,,,,,350.7580992000003,350.76316980000047,350.76316980000047,350.76316980000047,350.9273067000031,None,,,,,,,,,,,,,,,,,,,,,,,,,,,,,,,,P2887,Bar_MIC,3,1,2026-05-11_17h28.42.991,MIC_task,,2026.1.2,59.486276515657686,2026-05-11 17h28.44.439398 +0200,
,,0,0,0,,,,,,,3,a09,pingvin,penguin,1,animal,bird,6,13,25,68,None,"(-0.1, -0.1)",None,,,,,,,,,,,,,,0,0,0,0,0,21,21,21,0,0,0,0,350.943548700001,,,,,,,,,,,,,,,,,,,,,,,,,,,,,,,,,,,,,,,,,,,,,,,,,,,,,,,,,,,,,,,,,,,,,,,,,,,,,,,,,,,,,,,,,,,,,350.930626100002,350.943548700001,350.943548700001,350.943548700001,351.110933400003,None,,,,,,,,,,,,,,,,,,,,,,,,,,,,,,,,P2887,Bar_MIC,3,1,2026-05-11_17h28.42.991,MIC_task,,2026.1.2,59.486276515657686,2026-05-11 17h28.44.439398 +0200,
,,1,0,1,,,,,,,3,a09,pingvin,penguin,1,animal,bird,6,13,25,68,None,"(-0.1, -0.1)",None,,,,,,,,,,,,,,0,0,0,0,0,21,21,21,1,0,1,0,351.1272654000022,,,,,,,,,,,,,,,,,,,,,,,,,,,,,,,,,,,,,,,,,,,,,,,,,,,,,,,,,,,,,,,,,,,,,,,,,,,,,,,,,,,,,,,,,,,,,351.1138092000001,351.1272654000022,351.1272654000022,351.1272654000022,351.31133220000265,None,,,,,,,,,,,,,,,,,,,,,,,,,,,,,,,,P2887,Bar_MIC,3,1,2026-05-11_17h28.42.991,MIC_task,,2026.1.2,59.486276515657686,2026-05-11 17h28.44.439398 +0200,
,,2,0,2,,,,,,,3,a09,pingvin,penguin,1,animal,bird,6,13,25,68,None,"(-0.1, -0.1)",None,,,,,,,,,,,,,,0,0,0,0,0,21,21,21,2,0,2,0,351.3269259000008,,,,,,,,,,,,,,,,,,,,,,,,,,,,,,,,,,,,,,,,,,,,,,,,,,,,,,,,,,,,,,,,,,,,,,,,,,,,,,,,,,,,,,,,,,,,,351.31426770000326,351.3269259000008,351.3269259000008,351.3269259000008,351.5111665000004,None,,,,,,,,,,,,,,,,,,,,,,,,,,,,,,,,P2887,Bar_MIC,3,1,2026-05-11_17h28.42.991,MIC_task,,2026.1.2,59.486276515657686,2026-05-11 17h28.44.439398 +0200,
,,3,0,3,,,,,,,3,a09,pingvin,penguin,1,animal,bird,6,13,25,68,None,"(-0.1, -0.1)",None,,,,,,,,,,,,,,0,0,0,0,0,21,21,21,3,0,3,0,351.5273472000008,,,,,,,,,,,,,,,,,,,,,,,,,,,,,,,,,,,,,,,,,,,,,,,,,,,,,,,,,,,,,,,,,,,,,,,,,,,,,,,,,,,,,,,,,,,,,351.514380800003,351.5273472000008,351.5273472000008,351.5273472000008,351.71226500000193,None,,,,,,,,,,,,,,,,,,,,,,,,,,,,,,,,P2887,Bar_MIC,3,1,2026-05-11_17h28.42.991,MIC_task,,2026.1.2,59.486276515657686,2026-05-11 17h28.44.439398 +0200,
,,4,0,4,,,,,,,3,a09,pingvin,penguin,1,animal,bird,6,13,25,68,None,"(-0.1, -0.1)",None,,,,,,,,,,,,,,0,0,0,0,0,21,21,21,4,0,4,0,351.7277087000002,,,,,,,,,,,,,,,,,,,,,,,,,,,,,,,,,,,,,,,,,,,,,,,,,,,,,,,,,,,,,,,,,,,,,,,,,,,,,,,,,,,,,,,,,,,,,351.7155762000002,351.7277087000002,351.7277087000002,351.7277087000002,351.91143130000273,None,,,,,,,,,,,,,,,,,,,,,,,,,,,,,,,,P2887,Bar_MIC,3,1,2026-05-11_17h28.42.991,MIC_task,,2026.1.2,59.486276515657686,2026-05-11 17h28.44.439398 +0200,
,,5,0,5,,,,,,,3,a09,pingvin,penguin,1,animal,bird,6,13,25,68,None,"(-0.1, -0.1)",None,,,,,,,,,,,,,,0,0,0,0,0,21,21,21,5,0,5,0,351.9280073000009,,,,,,,,,,,,,,,,,,,,,,,,,,,,,,,,,,,,,,,,,,,,,,,,,,,,,,,,,,,,,,,,,,,,,,,,,,,,,,,,,,,,,,,,,,,,,351.914335700003,351.9280073000009,351.9280073000009,351.9280073000009,352.11298069999975,None,,,,,,,,,,,,,,,,,,,,,,,,,,,,,,,,P2887,Bar_MIC,3,1,2026-05-11_17h28.42.991,MIC_task,,2026.1.2,59.486276515657686,2026-05-11 17h28.44.439398 +0200,
,,6,0,6,,,,,,,3,a09,pingvin,penguin,1,animal,bird,6,13,25,68,None,"(-0.1, -0.1)",None,,,,,,,,,,,,,,0,0,0,0,0,21,21,21,6,0,6,0,352.12837880000006,,,,,,,,,,,,,,,,,,,,,,,,,,,,,,,,,,,,,,,,,,,,,,,,,,,,,,,,,,,,,,,,,,,,,,,,,,,,,,,,,,,,,,,,,,,,,352.1163807000012,352.12837880000006,352.12837880000006,352.12837880000006,352.3122861000011,None,,,,,,,,,,,,,,,,,,,,,,,,,,,,,,,,P2887,Bar_MIC,3,1,2026-05-11_17h28.42.991,MIC_task,,2026.1.2,59.486276515657686,2026-05-11 17h28.44.439398 +0200,
,,7,0,7,,,,,,,3,a09,pingvin,penguin,1,animal,bird,6,13,25,68,None,"(-0.1, -0.1)",None,,,,,,,,,,,,,,0,0,0,0,0,21,21,21,7,0,7,0,352.32876190000025,,,,,,,,,,,,,,,,,,,,,,,,,,,,,,,,,,,,,,,,,,,,,,,,,,,,,,,,,,,,,,,,,,,,,,,,,,,,,,,,,,,,,,,,,,,,,352.315680300002,352.32876190000025,352.32876190000025,352.32876190000025,352.51277550000304,None,,,,,,,,,,,,,,,,,,,,,,,,,,,,,,,,P2887,Bar_MIC,3,1,2026-05-11_17h28.42.991,MIC_task,,2026.1.2,59.486276515657686,2026-05-11 17h28.44.439398 +0200,
,,8,0,8,,,,,,,3,a09,pingvin,penguin,1,animal,bird,6,13,25,68,None,"(-0.1, -0.1)",None,,,,,,,,,,,,,,0,0,0,0,0,21,21,21,8,0,8,0,352.5292119000005,,,,,,,,,,,,,,,,,,,,,,,,,,,,,,,,,,,,,,,,,,,,,,,,,,,,,,,,,,,,,,,,,,,,,,,,,,,,,,,,,,,,,,,,,,,,,352.51570020000145,352.5292119000005,352.5292119000005,352.5292119000005,352.71335060000274,None,,,,,,,,,,,,,,,,,,,,,,,,,,,,,,,,P2887,Bar_MIC,3,1,2026-05-11_17h28.42.991,MIC_task,,2026.1.2,59.486276515657686,2026-05-11 17h28.44.439398 +0200,
,,9,0,9,,,,,,,3,a09,pingvin,penguin,1,animal,bird,6,13,25,68,None,"(-0.1, -0.1)",None,,,,,,,,,,,,,,0,0,0,0,0,21,21,21,9,0,9,0,352.7295543,,,,,,,,,,,,,,,,,,,,,,,,,,,,,,,,,,,,,,,,,,,,,,,,,,,,,,,,,,,,,,,,,,,,,,,,,,,,,,,,,,,,,,,,,,,,,352.71625880000283,352.7295543,352.7295543,352.7295543,352.91372820000106,None,,,,,,,,,,,,,,,,,,,,,,,,,,,,,,,,P2887,Bar_MIC,3,1,2026-05-11_17h28.42.991,MIC_task,,2026.1.2,59.486276515657686,2026-05-11 17h28.44.439398 +0200,
,,10,0,10,,,,,,,3,a09,pingvin,penguin,1,animal,bird,6,13,25,68,None,"(-0.1, -0.1)",None,,,,,,,,,,,,,,0,0,0,0,0,21,21,21,10,0,10,0,352.9298454000018,,,,,,,,,,,,,,,,,,,,,,,,,,,,,,,,,,,,,,,,,,,,,,,,,,,,,,,,,,,,,,,,,,,,,,,,,,,,,,,,,,,,,,,,,,,,,352.9167651000025,352.9298454000018,352.9298454000018,352.9298454000018,353.1144592000019,None,,,,,,,,,,,,,,,,,,,,,,,,,,,,,,,,P2887,Bar_MIC,3,1,2026-05-11_17h28.42.991,MIC_task,,2026.1.2,59.486276515657686,2026-05-11 17h28.44.439398 +0200,
,,11,0,11,,,,,,,3,a09,pingvin,penguin,1,animal,bird,6,13,25,68,None,"(-0.1, -0.1)",None,,,,,,,,,,,,,,0,0,0,0,0,21,21,21,11,0,11,0,353.12945970000146,,,,,,,,,,,,,,,,,,,,,,,,,,,,,,,,,,,,,,,,,,,,,,,,,,,,,,,,,,,,,,,,,,,,,,,,,,,,,,,,,,,,,,,,,,,,,353.1175515000032,353.12945970000146,353.12945970000146,353.12945970000146,353.3143342000003,None,,,,,,,,,,,,,,,,,,,,,,,,,,,,,,,,P2887,Bar_MIC,3,1,2026-05-11_17h28.42.991,MIC_task,,2026.1.2,59.486276515657686,2026-05-11 17h28.44.439398 +0200,
,,12,0,12,,,,,,,3,a09,pingvin,penguin,1,animal,bird,6,13,25,68,None,"(-0.1, -0.1)",None,,,,,,,,,,,,,,0,0,0,0,0,21,21,21,12,0,12,0,353.329773700003,,,,,,,,,,,,,,,,,,,,,,,,,,,,,,,,,,,,,,,,,,,,,,,,,,,,,,,,,,,,,,,,,,,,,,,,,,,,,,,,,,,,,,,,,,,,,353.3175145000023,353.329773700003,353.329773700003,353.329773700003,353.5147093000014,None,,,,,,,,,,,,,,,,,,,,,,,,,,,,,,,,P2887,Bar_MIC,3,1,2026-05-11_17h28.42.991,MIC_task,,2026.1.2,59.486276515657686,2026-05-11 17h28.44.439398 +0200,
,,13,0,13,,,,,,,3,a09,pingvin,penguin,1,animal,bird,6,13,25,68,None,"(-0.1, -0.1)",None,,,,,,,,,,,,,,0,0,0,0,0,21,21,21,13,0,13,0,353.53020950000064,,,,,,,,,,,,,,,,,,,,,,,,,,,,,,,,,,,,,,,,,,,,,,,,,,,,,,,,,,,,,,,,,,,,,,,,,,,,,,,,,,,,,,,,,,,,,353.51834390000295,353.53020950000064,353.53020950000064,353.53020950000064,353.71547199999986,None,,,,,,,,,,,,,,,,,,,,,,,,,,,,,,,,P2887,Bar_MIC,3,1,2026-05-11_17h28.42.991,MIC_task,,2026.1.2,59.486276515657686,2026-05-11 17h28.44.439398 +0200,
,,14,0,14,,,,,,,3,a09,pingvin,penguin,1,animal,bird,6,13,25,68,None,"(-0.1, -0.1)",None,,,,,,,,,,,,,,0,0,0,0,0,21,21,21,14,0,14,0,353.7306607999999,,,,,,,,,,,,,,,,,,,,,,,,,,,,,,,,,,,,,,,,,,,,,,,,,,,,,,,,,,,,,,,,,,,,,,,,,,,,,,,,,,,,,,,,,,,,,353.71885060000204,353.7306607999999,353.7306607999999,353.7306607999999,353.91549490000034,None,,,,,,,,,,,,,,,,,,,,,,,,,,,,,,,,P2887,Bar_MIC,3,1,2026-05-11_17h28.42.991,MIC_task,,2026.1.2,59.486276515657686,2026-05-11 17h28.44.439398 +0200,
,,15,0,15,,,,,,,3,a09,pingvin,penguin,1,animal,bird,6,13,25,68,None,"(-0.1, -0.1)",None,,,,,,,,,,,,,,0,0,0,0,0,21,21,21,15,0,15,0,353.93093990000125,,,,,,,,,,,,,,,,,,,,,,,,,,,,,,,,,,,,,,,,,,,,,,,,,,,,,,,,,,,,,,,,,,,,,,,,,,,,,,,,,,,,,,,,,,,,,353.9188337000014,353.93093990000125,353.93093990000125,353.93093990000125,354.1150318,None,,,,,,,,,,,,,,,,,,,,,,,,,,,,,,,,P2887,Bar_MIC,3,1,2026-05-11_17h28.42.991,MIC_task,,2026.1.2,59.486276515657686,2026-05-11 17h28.44.439398 +0200,
,,16,0,16,,,,,,,3,a09,pingvin,penguin,1,animal,bird,6,13,25,68,None,"(-0.1, -0.1)",None,,,,,,,,,,,,,,0,0,0,0,0,21,21,21,16,0,16,0,354.13135220000186,,,,,,,,,,,,,,,,,,,,,,,,,,,,,,,,,,,,,,,,,,,,,,,,,,,,,,,,,,,,,,,,,,,,,,,,,,,,,,,,,,,,,,,,,,,,,354.118008700003,354.13135220000186,354.13135220000186,354.13135220000186,354.3152001000017,None,,,,,,,,,,,,,,,,,,,,,,,,,,,,,,,,P2887,Bar_MIC,3,1,2026-05-11_17h28.42.991,MIC_task,,2026.1.2,59.486276515657686,2026-05-11 17h28.44.439398 +0200,
,,17,0,17,,,,,,,3,a09,pingvin,penguin,1,animal,bird,6,13,25,68,None,"(-0.1, -0.1)",None,,,,,,,,,,,,,,0,0,0,0,0,21,21,21,17,0,17,0,354.33172000000195,,,,,,,,,,,,,,,,,,,,,,,,,,,,,,,,,,,,,,,,,,,,,,,,,,,,,,,,,,,,,,,,,,,,,,,,,,,,,,,,,,,,,,,,,,,,,354.3184570000012,354.33172000000195,354.33172000000195,354.33172000000195,354.51555980000194,None,,,,,,,,,,,,,,,,,,,,,,,,,,,,,,,,P2887,Bar_MIC,3,1,2026-05-11_17h28.42.991,MIC_task,,2026.1.2,59.486276515657686,2026-05-11 17h28.44.439398 +0200,
,,18,0,18,,,,,,,3,a09,pingvin,penguin,1,animal,bird,6,13,25,68,None,"(-0.1, -0.1)",None,,,,,,,,,,,,,,0,0,0,0,0,21,21,21,18,0,18,0,354.5321857000017,,,,,,,,,,,,,,,,,,,,,,,,,,,,,,,,,,,,,,,,,,,,,,,,,,,,,,,,,,,,,,,,,,,,,,,,,,,,,,,,,,,,,,,,,,,,,354.51867330000096,354.5321857000017,354.5321857000017,354.5321857000017,354.71613640000214,None,,,,,,,,,,,,,,,,,,,,,,,,,,,,,,,,P2887,Bar_MIC,3,1,2026-05-11_17h28.42.991,MIC_task,,2026.1.2,59.486276515657686,2026-05-11 17h28.44.439398 +0200,
,,19,0,19,,,,,,,3,a09,pingvin,penguin,1,animal,bird,6,13,25,68,None,"(-0.1, -0.1)",None,,,,,,,,,,,,,,0,0,0,0,0,21,21,21,19,0,19,0,354.7325063999997,,,,,,,,,,,,,,,,,,,,,,,,,,,,,,,,,,,,,,,,,,,,,,,,,,,,,,,,,,,,,,,,,,,,,,,,,,,,,,,,,,,,,,,,,,,,,354.7196924000018,354.7325063999997,354.7325063999997,354.7325063999997,354.9164348000013,None,,,,,,,,,,,,,,,,,,,,,,,,,,,,,,,,P2887,Bar_MIC,3,1,2026-05-11_17h28.42.991,MIC_task,,2026.1.2,59.486276515657686,2026-05-11 17h28.44.439398 +0200,
,,20,0,20,,,,,,,3,a09,pingvin,penguin,1,animal,bird,6,13,25,68,None,"(-0.1, -0.1)",None,,,,,,,,,,,,,,0,0,0,0,0,21,21,21,20,0,20,0,354.9328400000013,,,,,,,,,,,,,,,,,,,,,,,,,,,,,,,,,,,,,,,,,,,,,,,,,,,,,,,,,,,,,,,,,,,,,,,,,,,,,,,,,,,,,,,,,,,,,354.91936930000156,354.9328400000013,354.9328400000013,354.9328400000013,355.1171974000026,None,,,,,,,,,,,,,,,,,,,,,,,,,,,,,,,,P2887,Bar_MIC,3,1,2026-05-11_17h28.42.991,MIC_task,,2026.1.2,59.486276515657686,2026-05-11 17h28.44.439398 +0200,
,,21,0,21,,,,,,,3,a09,pingvin,penguin,1,animal,bird,6,13,25,68,None,"(-0.1, -0.1)",None,,,,,,,,,,,,,,0,0,0,0,0,21,21,21,21,0,21,0,355.1330691000003,,,,,,,,,,,,,,,,,,,,,,,,,,,,,,,,,,,,,,,,,,,,,,,,,,,,,,,,,,,,,,,,,,,,,,,,,,,,,,,,,,,,,,,,,,,,,355.1203998000019,355.1330691000003,355.1330691000003,355.1330691000003,355.31780080000317,None,,,,,,,,,,,,,,,,,,,,,,,,,,,,,,,,P2887,Bar_MIC,3,1,2026-05-11_17h28.42.991,MIC_task,,2026.1.2,59.486276515657686,2026-05-11 17h28.44.439398 +0200,
,,22,0,22,,,,,,,3,a09,pingvin,penguin,1,animal,bird,6,13,25,68,None,"(-0.1, -0.1)",None,,,,,,,,,,,,,,0,0,0,0,0,21,21,21,22,0,22,0,355.3335762000024,,,,,,,,,,,,,,,,,,,,,,,,,,,,,,,,,,,,,,,,,,,,,,,,,,,,,,,,,,,,,,,,,,,,,,,,,,,,,,,,,,,,,,,,,,,,,355.3210856000005,355.3335762000024,355.3335762000024,355.3335762000024,355.5181150000026,None,,,,,,,,,,,,,,,,,,,,,,,,,,,,,,,,P2887,Bar_MIC,3,1,2026-05-11_17h28.42.991,MIC_task,,2026.1.2,59.486276515657686,2026-05-11 17h28.44.439398 +0200,
,,23,0,23,,,,,,,3,a09,pingvin,penguin,1,animal,bird,6,13,25,68,None,"(-0.1, -0.1)",None,,,,,,,,,,,,,,0,0,0,0,0,21,21,21,23,0,23,0,355.5339724000005,,,,,,,,,,,,,,,,,,,,,,,,,,,,,,,,,,,,,,,,,,,,,,,,,,,,,,,,,,,,,,,,,,,,,,,,,,,,,,,,,,,,,,,,,,,,,355.5211150000032,355.5339724000005,355.5339724000005,355.5339724000005,355.7177184000029,None,,,,,,,,,,,,,,,,,,,,,,,,,,,,,,,,P2887,Bar_MIC,3,1,2026-05-11_17h28.42.991,MIC_task,,2026.1.2,59.486276515657686,2026-05-11 17h28.44.439398 +0200,
,,24,0,24,,,,,,,3,a09,pingvin,penguin,1,animal,bird,6,13,25,68,None,"(-0.1, -0.1)",None,,,,,,,,,,,,,,0,0,0,0,0,21,21,21,24,0,24,0,355.73431530000016,,,,,,,,,,,,,,,,,,,,,,,,,,,,,,,,,,,,,,,,,,,,,,,,,,,,,,,,,,,,,,,,,,,,,,,,,,,,,,,,,,,,,,,,,,,,,355.72086590000254,355.73431530000016,355.73431530000016,355.73431530000016,355.9185467000025,None,,,,,,,,,,,,,,,,,,,,,,,,,,,,,,,,P2887,Bar_MIC,3,1,2026-05-11_17h28.42.991,MIC_task,,2026.1.2,59.486276515657686,2026-05-11 17h28.44.439398 +0200,
,,25,0,25,,,,,,,3,a09,pingvin,penguin,1,animal,bird,6,13,25,68,None,"(-0.1, -0.1)",None,,,,,,,,,,,,,,0,0,0,0,0,21,21,21,25,0,25,0,355.9339562000023,,,,,,,,,,,,,,,,,,,,,,,,,,,,,,,,,,,,,,,,,,,,,,,,,,,,,,,,,,,,,,,,,,,,,,,,,,,,,,,,,,,,,,,,,,,,,355.92126540000027,355.9339562000023,355.9339562000023,355.9339562000023,356.11884660000214,None,,,,,,,,,,,,,,,,,,,,,,,,,,,,,,,,P2887,Bar_MIC,3,1,2026-05-11_17h28.42.991,MIC_task,,2026.1.2,59.486276515657686,2026-05-11 17h28.44.439398 +0200,
,,26,0,26,,,,,,,3,a09,pingvin,penguin,1,animal,bird,6,13,25,68,None,"(-0.1, -0.1)",None,,,,,,,,,,,,,,0,0,0,0,0,21,21,21,26,0,26,0,356.13430270000026,,,,,,,,,,,,,,,,,,,,,,,,,,,,,,,,,,,,,,,,,,,,,,,,,,,,,,,,,,,,,,,,,,,,,,,,,,,,,,,,,,,,,,,,,,,,,356.12188779999997,356.13430270000026,356.13430270000026,356.13430270000026,356.3192826000013,None,,,,,,,,,,,,,,,,,,,,,,,,,,,,,,,,P2887,Bar_MIC,3,1,2026-05-11_17h28.42.991,MIC_task,,2026.1.2,59.486276515657686,2026-05-11 17h28.44.439398 +0200,
,,27,0,27,,,,,,,3,a09,pingvin,penguin,1,animal,bird,6,13,25,68,None,"(-0.1, -0.1)",None,,,,,,,,,,,,,,0,0,0,0,0,21,21,21,27,0,27,0,356.3346909000029,,,,,,,,,,,,,,,,,,,,,,,,,,,,,,,,,,,,,,,,,,,,,,,,,,,,,,,,,,,,,,,,,,,,,,,,,,,,,,,,,,,,,,,,,,,,,356.32291460000124,356.3346909000029,356.3346909000029,356.3346909000029,356.51971250000133,None,,,,,,,,,,,,,,,,,,,,,,,,,,,,,,,,P2887,Bar_MIC,3,1,2026-05-11_17h28.42.991,MIC_task,,2026.1.2,59.486276515657686,2026-05-11 17h28.44.439398 +0200,
,,28,0,28,,,,,,,3,a09,pingvin,penguin,1,animal,bird,6,13,25,68,None,"(-0.1, -0.1)",space,0.16140939999968396,None,,,,,,,,,,,,0,0,0,0,0,21,21,21,28,0,28,0,356.5350698000002,,,,,,,,,,,,,,,,,,,,,,,,,,,,,,,,,,,,,,,,,,,,,,,,,,,,,,,,,,,,,,,,,,,,,,,,,,,,,,,,,,,,,,,,,,,,,356.52311010000267,356.5350698000002,356.5350698000002,356.5350698000002,356.7027577000008,space,0.16140939999968396,None,,,,,,,,,,,,,,,,,,,,,,,,,,,,,,P2887,Bar_MIC,3,1,2026-05-11_17h28.42.991,MIC_task,,2026.1.2,59.486276515657686,2026-05-11 17h28.44.439398 +0200,
,,21,21,0,,,,space,0.9231844999994792,None,3,a09,pingvin,penguin,1,animal,bird,6,13,25,68,None,"(-0.1, -0.1)",,,,,,,,,,,,,,,0,0,0,0,0,21,21,21,,,,,,,,,,,,,,,,,,,,,,,,,,,,,,,,,,,,,,,,,,,,,,,,,,,,,,,,,,,,,,,,,,,,,,,,,,,,,,,,,356.76356830000077,356.7693268000003,356.7685907666683,358.705704400003,,,,,,360.70927590000065,360.72461960000146,360.72461960000146,361.6606678999997,,,,,,,,,,,,,358.7361772000004,358.74138510000193,358.73893313333656,360.62482360000286,360.70923740000217,space,0.9231844999994792,None,,,,,,,,,,,,,,,,,,,,,,P2887,Bar_MIC,3,1,2026-05-11_17h28.42.991,MIC_task,,2026.1.2,59.486276515657686,2026-05-11 17h28.44.439398 +0200,
,,0,0,0,,,,,,,3,l18,lépcső,stairs,5,location,house,6.4,21,24,78,None,"(0.1, -0.1)",None,,,,,,,,,,,,,,0,0,0,0,0,22,22,22,0,0,0,0,361.68636700000206,,,,,,,,,,,,,,,,,,,,,,,,,,,,,,,,,,,,,,,,,,,,,,,,,,,,,,,,,,,,,,,,,,,,,,,,,,,,,,,,,,,,,,,,,,,,,361.6810557000026,361.68636700000206,361.68636700000206,361.68636700000206,361.86114520000046,None,,,,,,,,,,,,,,,,,,,,,,,,,,,,,,,,P2887,Bar_MIC,3,1,2026-05-11_17h28.42.991,MIC_task,,2026.1.2,59.486276515657686,2026-05-11 17h28.44.439398 +0200,
,,0,0,0,,,,,,,3,l18,lépcső,stairs,5,location,house,6.4,21,24,78,None,"(0.1, -0.1)",None,,,,,,,,,,,,,,0,0,0,0,0,22,22,22,0,0,0,0,361.87654939999993,,,,,,,,,,,,,,,,,,,,,,,,,,,,,,,,,,,,,,,,,,,,,,,,,,,,,,,,,,,,,,,,,,,,,,,,,,,,,,,,,,,,,,,,,,,,,361.86405920000107,361.87654939999993,361.87654939999993,361.87654939999993,362.0608551000005,None,,,,,,,,,,,362.0769919000013,362.0769919000013,362.0769919000013,,,,,,,,,,,,,,,,,,,P2887,Bar_MIC,3,1,2026-05-11_17h28.42.991,MIC_task,,2026.1.2,59.486276515657686,2026-05-11 17h28.44.439398 +0200,
,,1,0,1,,,,,,,3,l18,lépcső,stairs,5,location,house,6.4,21,24,78,None,"(0.1, -0.1)",None,,,,,,,,,,,,,,0,0,0,0,0,22,22,22,1,0,1,0,362.0769919000013,,,,,,,,,,,,,,,,,,,,,,,,,,,,,,,,,,,,,,,,,,,,,,,,,,,,,,,,,,,,,,,,,,,,,,,,,,,,,,,,,,,,,,,,,,,,,362.06390530000135,362.0769919000013,362.0769919000013,362.0769919000013,362.26100390000283,None,,,,,,,,,,,,,,,,,,,,,,,,,,,,,,,,P2887,Bar_MIC,3,1,2026-05-11_17h28.42.991,MIC_task,,2026.1.2,59.486276515657686,2026-05-11 17h28.44.439398 +0200,
,,2,0,2,,,,,,,3,l18,lépcső,stairs,5,location,house,6.4,21,24,78,None,"(0.1, -0.1)",None,,,,,,,,,,,,,,0,0,0,0,0,22,22,22,2,0,2,0,362.2773651000025,,,,,,,,,,,,,,,,,,,,,,,,,,,,,,,,,,,,,,,,,,,,,,,,,,,,,,,,,,,,,,,,,,,,,,,,,,,,,,,,,,,,,,,,,,,,,362.2642670000023,362.2773651000025,362.2773651000025,362.2773651000025,362.4613391000021,None,,,,,,,,,,,,,,,,,,,,,,,,,,,,,,,,P2887,Bar_MIC,3,1,2026-05-11_17h28.42.991,MIC_task,,2026.1.2,59.486276515657686,2026-05-11 17h28.44.439398 +0200,
,,3,0,3,,,,,,,3,l18,lépcső,stairs,5,location,house,6.4,21,24,78,None,"(0.1, -0.1)",None,,,,,,,,,,,,,,0,0,0,0,0,22,22,22,3,0,3,0,362.4776942999997,,,,,,,,,,,,,,,,,,,,,,,,,,,,,,,,,,,,,,,,,,,,,,,,,,,,,,,,,,,,,,,,,,,,,,,,,,,,,,,,,,,,,,,,,,,,,362.4641902000003,362.4776942999997,362.4776942999997,362.4776942999997,362.6617187000011,None,,,,,,,,,,,,,,,,,,,,,,,,,,,,,,,,P2887,Bar_MIC,3,1,2026-05-11_17h28.42.991,MIC_task,,2026.1.2,59.486276515657686,2026-05-11 17h28.44.439398 +0200,
,,4,0,4,,,,,,,3,l18,lépcső,stairs,5,location,house,6.4,21,24,78,None,"(0.1, -0.1)",None,,,,,,,,,,,,,,0,0,0,0,0,22,22,22,4,0,4,0,362.6779689000032,,,,,,,,,,,,,,,,,,,,,,,,,,,,,,,,,,,,,,,,,,,,,,,,,,,,,,,,,,,,,,,,,,,,,,,,,,,,,,,,,,,,,,,,,,,,,362.6645505000015,362.6779689000032,362.6779689000032,362.6779689000032,362.8620406000009,None,,,,,,,,,,,,,,,,,,,,,,,,,,,,,,,,P2887,Bar_MIC,3,1,2026-05-11_17h28.42.991,MIC_task,,2026.1.2,59.486276515657686,2026-05-11 17h28.44.439398 +0200,
,,5,0,5,,,,,,,3,l18,lépcső,stairs,5,location,house,6.4,21,24,78,None,"(0.1, -0.1)",None,,,,,,,,,,,,,,0,0,0,0,0,22,22,22,5,0,5,0,362.878325200003,,,,,,,,,,,,,,,,,,,,,,,,,,,,,,,,,,,,,,,,,,,,,,,,,,,,,,,,,,,,,,,,,,,,,,,,,,,,,,,,,,,,,,,,,,,,,362.86528640000324,362.878325200003,362.878325200003,362.878325200003,363.06257090000145,None,,,,,,,,,,,,,,,,,,,,,,,,,,,,,,,,P2887,Bar_MIC,3,1,2026-05-11_17h28.42.991,MIC_task,,2026.1.2,59.486276515657686,2026-05-11 17h28.44.439398 +0200,
,,6,0,6,,,,,,,3,l18,lépcső,stairs,5,location,house,6.4,21,24,78,None,"(0.1, -0.1)",None,,,,,,,,,,,,,,0,0,0,0,0,22,22,22,6,0,6,0,363.07878520000304,,,,,,,,,,,,,,,,,,,,,,,,,,,,,,,,,,,,,,,,,,,,,,,,,,,,,,,,,,,,,,,,,,,,,,,,,,,,,,,,,,,,,,,,,,,,,363.06576080000013,363.07878520000304,363.07878520000304,363.07878520000304,363.2625186000005,None,,,,,,,,,,,,,,,,,,,,,,,,,,,,,,,,P2887,Bar_MIC,3,1,2026-05-11_17h28.42.991,MIC_task,,2026.1.2,59.486276515657686,2026-05-11 17h28.44.439398 +0200,
,,7,0,7,,,,,,,3,l18,lépcső,stairs,5,location,house,6.4,21,24,78,None,"(0.1, -0.1)",None,,,,,,,,,,,,,,0,0,0,0,0,22,22,22,7,0,7,0,363.27917450000314,,,,,,,,,,,,,,,,,,,,,,,,,,,,,,,,,,,,,,,,,,,,,,,,,,,,,,,,,,,,,,,,,,,,,,,,,,,,,,,,,,,,,,,,,,,,,363.2657164000011,363.27917450000314,363.27917450000314,363.27917450000314,363.4634640000004,None,,,,,,,,,,,,,,,,,,,,,,,,,,,,,,,,P2887,Bar_MIC,3,1,2026-05-11_17h28.42.991,MIC_task,,2026.1.2,59.486276515657686,2026-05-11 17h28.44.439398 +0200,
,,8,0,8,,,,,,,3,l18,lépcső,stairs,5,location,house,6.4,21,24,78,None,"(0.1, -0.1)",None,,,,,,,,,,,,,,0,0,0,0,0,22,22,22,8,0,8,0,363.4788980000012,,,,,,,,,,,,,,,,,,,,,,,,,,,,,,,,,,,,,,,,,,,,,,,,,,,,,,,,,,,,,,,,,,,,,,,,,,,,,,,,,,,,,,,,,,,,,363.4663758000024,363.4788980000012,363.4788980000012,363.4788980000012,363.66388370000277,None,,,,,,,,,,,,,,,,,,,,,,,,,,,,,,,,P2887,Bar_MIC,3,1,2026-05-11_17h28.42.991,MIC_task,,2026.1.2,59.486276515657686,2026-05-11 17h28.44.439398 +0200,
,,9,0,9,,,,,,,3,l18,lépcső,stairs,5,location,house,6.4,21,24,78,None,"(0.1, -0.1)",None,,,,,,,,,,,,,,0,0,0,0,0,22,22,22,9,0,9,0,363.67924400000265,,,,,,,,,,,,,,,,,,,,,,,,,,,,,,,,,,,,,,,,,,,,,,,,,,,,,,,,,,,,,,,,,,,,,,,,,,,,,,,,,,,,,,,,,,,,,363.66705880000154,363.67924400000265,363.67924400000265,363.67924400000265,363.86293410000144,None,,,,,,,,,,,,,,,,,,,,,,,,,,,,,,,,P2887,Bar_MIC,3,1,2026-05-11_17h28.42.991,MIC_task,,2026.1.2,59.486276515657686,2026-05-11 17h28.44.439398 +0200,
,,10,0,10,,,,,,,3,l18,lépcső,stairs,5,location,house,6.4,21,24,78,None,"(0.1, -0.1)",None,,,,,,,,,,,,,,0,0,0,0,0,22,22,22,10,0,10,0,363.8795476000014,,,,,,,,,,,,,,,,,,,,,,,,,,,,,,,,,,,,,,,,,,,,,,,,,,,,,,,,,,,,,,,,,,,,,,,,,,,,,,,,,,,,,,,,,,,,,363.86631150000176,363.8795476000014,363.8795476000014,363.8795476000014,364.0632493000012,None,,,,,,,,,,,,,,,,,,,,,,,,,,,,,,,,P2887,Bar_MIC,3,1,2026-05-11_17h28.42.991,MIC_task,,2026.1.2,59.486276515657686,2026-05-11 17h28.44.439398 +0200,
,,11,0,11,,,,,,,3,l18,lépcső,stairs,5,location,house,6.4,21,24,78,None,"(0.1, -0.1)",None,,,,,,,,,,,,,,0,0,0,0,0,22,22,22,11,0,11,0,364.0799020000013,,,,,,,,,,,,,,,,,,,,,,,,,,,,,,,,,,,,,,,,,,,,,,,,,,,,,,,,,,,,,,,,,,,,,,,,,,,,,,,,,,,,,,,,,,,,,364.06660060000286,364.0799020000013,364.0799020000013,364.0799020000013,364.2637399000014,None,,,,,,,,,,,,,,,,,,,,,,,,,,,,,,,,P2887,Bar_MIC,3,1,2026-05-11_17h28.42.991,MIC_task,,2026.1.2,59.486276515657686,2026-05-11 17h28.44.439398 +0200,
,,12,0,12,,,,,,,3,l18,lépcső,stairs,5,location,house,6.4,21,24,78,None,"(0.1, -0.1)",None,,,,,,,,,,,,,,0,0,0,0,0,22,22,22,12,0,12,0,364.28027629999997,,,,,,,,,,,,,,,,,,,,,,,,,,,,,,,,,,,,,,,,,,,,,,,,,,,,,,,,,,,,,,,,,,,,,,,,,,,,,,,,,,,,,,,,,,,,,364.2667623000016,364.28027629999997,364.28027629999997,364.28027629999997,364.464159500003,None,,,,,,,,,,,,,,,,,,,,,,,,,,,,,,,,P2887,Bar_MIC,3,1,2026-05-11_17h28.42.991,MIC_task,,2026.1.2,59.486276515657686,2026-05-11 17h28.44.439398 +0200,
,,13,0,13,,,,,,,3,l18,lépcső,stairs,5,location,house,6.4,21,24,78,None,"(0.1, -0.1)",None,,,,,,,,,,,,,,0,0,0,0,0,22,22,22,13,0,13,0,364.4806101000031,,,,,,,,,,,,,,,,,,,,,,,,,,,,,,,,,,,,,,,,,,,,,,,,,,,,,,,,,,,,,,,,,,,,,,,,,,,,,,,,,,,,,,,,,,,,,364.4676494000014,364.4806101000031,364.4806101000031,364.4806101000031,364.6646333000026,None,,,,,,,,,,,,,,,,,,,,,,,,,,,,,,,,P2887,Bar_MIC,3,1,2026-05-11_17h28.42.991,MIC_task,,2026.1.2,59.486276515657686,2026-05-11 17h28.44.439398 +0200,
,,14,0,14,,,,,,,3,l18,lépcső,stairs,5,location,house,6.4,21,24,78,None,"(0.1, -0.1)",None,,,,,,,,,,,,,,0,0,0,0,0,22,22,22,14,0,14,0,364.6809342000015,,,,,,,,,,,,,,,,,,,,,,,,,,,,,,,,,,,,,,,,,,,,,,,,,,,,,,,,,,,,,,,,,,,,,,,,,,,,,,,,,,,,,,,,,,,,,364.66773420000027,364.6809342000015,364.6809342000015,364.6809342000015,364.8649686000026,None,,,,,,,,,,,,,,,,,,,,,,,,,,,,,,,,P2887,Bar_MIC,3,1,2026-05-11_17h28.42.991,MIC_task,,2026.1.2,59.486276515657686,2026-05-11 17h28.44.439398 +0200,
,,15,0,15,,,,,,,3,l18,lépcső,stairs,5,location,house,6.4,21,24,78,None,"(0.1, -0.1)",None,,,,,,,,,,,,,,0,0,0,0,0,22,22,22,15,0,15,0,364.88172260000283,,,,,,,,,,,,,,,,,,,,,,,,,,,,,,,,,,,,,,,,,,,,,,,,,,,,,,,,,,,,,,,,,,,,,,,,,,,,,,,,,,,,,,,,,,,,,364.8679482000007,364.88172260000283,364.88172260000283,364.88172260000283,365.066060000001,None,,,,,,,,,,,,,,,,,,,,,,,,,,,,,,,,P2887,Bar_MIC,3,1,2026-05-11_17h28.42.991,MIC_task,,2026.1.2,59.486276515657686,2026-05-11 17h28.44.439398 +0200,
,,16,0,16,,,,,,,3,l18,lépcső,stairs,5,location,house,6.4,21,24,78,None,"(0.1, -0.1)",None,,,,,,,,,,,,,,0,0,0,0,0,22,22,22,16,0,16,0,365.0817844000012,,,,,,,,,,,,,,,,,,,,,,,,,,,,,,,,,,,,,,,,,,,,,,,,,,,,,,,,,,,,,,,,,,,,,,,,,,,,,,,,,,,,,,,,,,,,,365.0693710000014,365.0817844000012,365.0817844000012,365.0817844000012,365.2657883000029,None,,,,,,,,,,,,,,,,,,,,,,,,,,,,,,,,P2887,Bar_MIC,3,1,2026-05-11_17h28.42.991,MIC_task,,2026.1.2,59.486276515657686,2026-05-11 17h28.44.439398 +0200,
,,17,0,17,,,,,,,3,l18,lépcső,stairs,5,location,house,6.4,21,24,78,None,"(0.1, -0.1)",None,,,,,,,,,,,,,,0,0,0,0,0,22,22,22,17,0,17,0,365.2821307000013,,,,,,,,,,,,,,,,,,,,,,,,,,,,,,,,,,,,,,,,,,,,,,,,,,,,,,,,,,,,,,,,,,,,,,,,,,,,,,,,,,,,,,,,,,,,,365.2691037000004,365.2821307000013,365.2821307000013,365.2821307000013,365.46631630000047,None,,,,,,,,,,,,,,,,,,,,,,,,,,,,,,,,P2887,Bar_MIC,3,1,2026-05-11_17h28.42.991,MIC_task,,2026.1.2,59.486276515657686,2026-05-11 17h28.44.439398 +0200,
,,18,0,18,,,,,,,3,l18,lépcső,stairs,5,location,house,6.4,21,24,78,None,"(0.1, -0.1)",None,,,,,,,,,,,,,,0,0,0,0,0,22,22,22,18,0,18,0,365.48250929999995,,,,,,,,,,,,,,,,,,,,,,,,,,,,,,,,,,,,,,,,,,,,,,,,,,,,,,,,,,,,,,,,,,,,,,,,,,,,,,,,,,,,,,,,,,,,,365.46952969999984,365.48250929999995,365.48250929999995,365.48250929999995,365.66665280000234,None,,,,,,,,,,,,,,,,,,,,,,,,,,,,,,,,P2887,Bar_MIC,3,1,2026-05-11_17h28.42.991,MIC_task,,2026.1.2,59.486276515657686,2026-05-11 17h28.44.439398 +0200,
,,19,0,19,,,,,,,3,l18,lépcső,stairs,5,location,house,6.4,21,24,78,None,"(0.1, -0.1)",None,,,,,,,,,,,,,,0,0,0,0,0,22,22,22,19,0,19,0,365.6821662000002,,,,,,,,,,,,,,,,,,,,,,,,,,,,,,,,,,,,,,,,,,,,,,,,,,,,,,,,,,,,,,,,,,,,,,,,,,,,,,,,,,,,,,,,,,,,,365.66959690000294,365.6821662000002,365.6821662000002,365.6821662000002,365.86713580000287,None,,,,,,,,,,,,,,,,,,,,,,,,,,,,,,,,P2887,Bar_MIC,3,1,2026-05-11_17h28.42.991,MIC_task,,2026.1.2,59.486276515657686,2026-05-11 17h28.44.439398 +0200,
,,20,0,20,,,,,,,3,l18,lépcső,stairs,5,location,house,6.4,21,24,78,None,"(0.1, -0.1)",None,,,,,,,,,,,,,,0,0,0,0,0,22,22,22,20,0,20,0,365.8825155000013,,,,,,,,,,,,,,,,,,,,,,,,,,,,,,,,,,,,,,,,,,,,,,,,,,,,,,,,,,,,,,,,,,,,,,,,,,,,,,,,,,,,,,,,,,,,,365.87041970000064,365.8825155000013,365.8825155000013,365.8825155000013,366.0674128000028,None,,,,,,,,,,,,,,,,,,,,,,,,,,,,,,,,P2887,Bar_MIC,3,1,2026-05-11_17h28.42.991,MIC_task,,2026.1.2,59.486276515657686,2026-05-11 17h28.44.439398 +0200,
,,21,0,21,,,,,,,3,l18,lépcső,stairs,5,location,house,6.4,21,24,78,None,"(0.1, -0.1)",None,,,,,,,,,,,,,,0,0,0,0,0,22,22,22,21,0,21,0,366.082871300001,,,,,,,,,,,,,,,,,,,,,,,,,,,,,,,,,,,,,,,,,,,,,,,,,,,,,,,,,,,,,,,,,,,,,,,,,,,,,,,,,,,,,,,,,,,,,366.0707199999997,366.082871300001,366.082871300001,366.082871300001,366.26793210000324,None,,,,,,,,,,,,,,,,,,,,,,,,,,,,,,,,P2887,Bar_MIC,3,1,2026-05-11_17h28.42.991,MIC_task,,2026.1.2,59.486276515657686,2026-05-11 17h28.44.439398 +0200,
,,22,0,22,,,,,,,3,l18,lépcső,stairs,5,location,house,6.4,21,24,78,None,"(0.1, -0.1)",None,,,,,,,,,,,,,,0,0,0,0,0,22,22,22,22,0,22,0,366.2832748000001,,,,,,,,,,,,,,,,,,,,,,,,,,,,,,,,,,,,,,,,,,,,,,,,,,,,,,,,,,,,,,,,,,,,,,,,,,,,,,,,,,,,,,,,,,,,,366.2711522999998,366.2832748000001,366.2832748000001,366.2832748000001,366.4672698000031,None,,,,,,,,,,,,,,,,,,,,,,,,,,,,,,,,P2887,Bar_MIC,3,1,2026-05-11_17h28.42.991,MIC_task,,2026.1.2,59.486276515657686,2026-05-11 17h28.44.439398 +0200,
,,23,0,23,,,,,,,3,l18,lépcső,stairs,5,location,house,6.4,21,24,78,None,"(0.1, -0.1)",None,,,,,,,,,,,,,,0,0,0,0,0,22,22,22,23,0,23,0,366.4836348000026,,,,,,,,,,,,,,,,,,,,,,,,,,,,,,,,,,,,,,,,,,,,,,,,,,,,,,,,,,,,,,,,,,,,,,,,,,,,,,,,,,,,,,,,,,,,,366.4704053000023,366.4836348000026,366.4836348000026,366.4836348000026,366.6682612000004,None,,,,,,,,,,,,,,,,,,,,,,,,,,,,,,,,P2887,Bar_MIC,3,1,2026-05-11_17h28.42.991,MIC_task,,2026.1.2,59.486276515657686,2026-05-11 17h28.44.439398 +0200,
,,24,0,24,,,,,,,3,l18,lépcső,stairs,5,location,house,6.4,21,24,78,None,"(0.1, -0.1)",None,,,,,,,,,,,,,,0,0,0,0,0,22,22,22,24,0,24,0,366.68410530000256,,,,,,,,,,,,,,,,,,,,,,,,,,,,,,,,,,,,,,,,,,,,,,,,,,,,,,,,,,,,,,,,,,,,,,,,,,,,,,,,,,,,,,,,,,,,,366.6711369000004,366.68410530000256,366.68410530000256,366.68410530000256,366.8679606000005,None,,,,,,,,,,,,,,,,,,,,,,,,,,,,,,,,P2887,Bar_MIC,3,1,2026-05-11_17h28.42.991,MIC_task,,2026.1.2,59.486276515657686,2026-05-11 17h28.44.439398 +0200,
,,25,0,25,,,,,,,3,l18,lépcső,stairs,5,location,house,6.4,21,24,78,None,"(0.1, -0.1)",None,,,,,,,,,,,,,,0,0,0,0,0,22,22,22,25,0,25,0,366.88444000000163,,,,,,,,,,,,,,,,,,,,,,,,,,,,,,,,,,,,,,,,,,,,,,,,,,,,,,,,,,,,,,,,,,,,,,,,,,,,,,,,,,,,,,,,,,,,,366.8709247000006,366.88444000000163,366.88444000000163,366.88444000000163,367.06836250000197,None,,,,,,,,,,,,,,,,,,,,,,,,,,,,,,,,P2887,Bar_MIC,3,1,2026-05-11_17h28.42.991,MIC_task,,2026.1.2,59.486276515657686,2026-05-11 17h28.44.439398 +0200,
,,26,0,26,,,,,,,3,l18,lépcső,stairs,5,location,house,6.4,21,24,78,None,"(0.1, -0.1)",None,,,,,,,,,,,,,,0,0,0,0,0,22,22,22,26,0,26,0,367.08465700000306,,,,,,,,,,,,,,,,,,,,,,,,,,,,,,,,,,,,,,,,,,,,,,,,,,,,,,,,,,,,,,,,,,,,,,,,,,,,,,,,,,,,,,,,,,,,,367.07151650000014,367.08465700000306,367.08465700000306,367.08465700000306,367.26906040000176,None,,,,,,,,,,,,,,,,,,,,,,,,,,,,,,,,P2887,Bar_MIC,3,1,2026-05-11_17h28.42.991,MIC_task,,2026.1.2,59.486276515657686,2026-05-11 17h28.44.439398 +0200,
,,27,0,27,,,,,,,3,l18,lépcső,stairs,5,location,house,6.4,21,24,78,None,"(0.1, -0.1)",None,,,,,,,,,,,,,,0,0,0,0,0,22,22,22,27,0,27,0,367.28511170000274,,,,,,,,,,,,,,,,,,,,,,,,,,,,,,,,,,,,,,,,,,,,,,,,,,,,,,,,,,,,,,,,,,,,,,,,,,,,,,,,,,,,,,,,,,,,,367.2721657000002,367.28511170000274,367.28511170000274,367.28511170000274,367.4692042000024,None,,,,,,,,,,,,,,,,,,,,,,,,,,,,,,,,P2887,Bar_MIC,3,1,2026-05-11_17h28.42.991,MIC_task,,2026.1.2,59.486276515657686,2026-05-11 17h28.44.439398 +0200,
,,28,0,28,,,,,,,3,l18,lépcső,stairs,5,location,house,6.4,21,24,78,None,"(0.1, -0.1)",None,,,,,,,,,,,,,,0,0,0,0,0,22,22,22,28,0,28,0,367.4846983000025,,,,,,,,,,,,,,,,,,,,,,,,,,,,,,,,,,,,,,,,,,,,,,,,,,,,,,,,,,,,,,,,,,,,,,,,,,,,,,,,,,,,,,,,,,,,,367.4722511,367.4846983000025,367.4846983000025,367.4846983000025,367.66954960000294,None,,,,,,,,,,,,,,,,,,,,,,,,,,,,,,,,P2887,Bar_MIC,3,1,2026-05-11_17h28.42.991,MIC_task,,2026.1.2,59.486276515657686,2026-05-11 17h28.44.439398 +0200,
,,29,0,29,,,,,,,3,l18,lépcső,stairs,5,location,house,6.4,21,24,78,None,"(0.1, -0.1)",None,,,,,,,,,,,,,,0,0,0,0,0,22,22,22,29,0,29,0,367.68584190000183,,,,,,,,,,,,,,,,,,,,,,,,,,,,,,,,,,,,,,,,,,,,,,,,,,,,,,,,,,,,,,,,,,,,,,,,,,,,,,,,,,,,,,,,,,,,,367.67273019999993,367.68584190000183,367.68584190000183,367.68584190000183,367.86965430000055,None,,,,,,,,,,,,,,,,,,,,,,,,,,,,,,,,P2887,Bar_MIC,3,1,2026-05-11_17h28.42.991,MIC_task,,2026.1.2,59.486276515657686,2026-05-11 17h28.44.439398 +0200,
,,30,0,30,,,,,,,3,l18,lépcső,stairs,5,location,house,6.4,21,24,78,None,"(0.1, -0.1)",None,,,,,,,,,,,,,,0,0,0,0,0,22,22,22,30,0,30,0,367.8855395999999,,,,,,,,,,,,,,,,,,,,,,,,,,,,,,,,,,,,,,,,,,,,,,,,,,,,,,,,,,,,,,,,,,,,,,,,,,,,,,,,,,,,,,,,,,,,,367.87284900000304,367.8855395999999,367.8855395999999,367.8855395999999,368.07038020000255,None,,,,,,,,,,,,,,,,,,,,,,,,,,,,,,,,P2887,Bar_MIC,3,1,2026-05-11_17h28.42.991,MIC_task,,2026.1.2,59.486276515657686,2026-05-11 17h28.44.439398 +0200,
,,31,0,31,,,,,,,3,l18,lépcső,stairs,5,location,house,6.4,21,24,78,None,"(0.1, -0.1)",None,,,,,,,,,,,,,,0,0,0,0,0,22,22,22,31,0,31,0,368.08594710000034,,,,,,,,,,,,,,,,,,,,,,,,,,,,,,,,,,,,,,,,,,,,,,,,,,,,,,,,,,,,,,,,,,,,,,,,,,,,,,,,,,,,,,,,,,,,,368.0735622000029,368.08594710000034,368.08594710000034,368.08594710000034,368.2709297000001,None,,,,,,,,,,,,,,,,,,,,,,,,,,,,,,,,P2887,Bar_MIC,3,1,2026-05-11_17h28.42.991,MIC_task,,2026.1.2,59.486276515657686,2026-05-11 17h28.44.439398 +0200,
,,32,0,32,,,,,,,3,l18,lépcső,stairs,5,location,house,6.4,21,24,78,None,"(0.1, -0.1)",space,0.09717390000150772,None,,,,,,,,,,,,0,0,0,0,0,22,22,22,32,0,32,0,368.28624409999975,,,,,,,,,,,,,,,,,,,,,,,,,,,,,,,,,,,,,,,,,,,,,,,,,,,,,,,,,,,,,,,,,,,,,,,,,,,,,,,,,,,,,,,,,,,,,368.2737405000007,368.28624409999975,368.28624409999975,368.28624409999975,368.3881255000015,space,0.09717390000150772,None,,,,,,,,,,,,,,,,,,,,,,,,,,,,,,P2887,Bar_MIC,3,1,2026-05-11_17h28.42.991,MIC_task,,2026.1.2,59.486276515657686,2026-05-11 17h28.44.439398 +0200,
,,22,22,0,,,,space,0.733096400002978,None,3,l18,lépcső,stairs,5,location,house,6.4,21,24,78,None,"(0.1, -0.1)",,,,,,,,,,,,,,,0,0,0,0,0,22,22,22,,,,,,,,,,,,,,,,,,,,,,,,,,,,,,,,,,,,,,,,,,,,,,,,,,,,,,,,,,,,,,,,,,,,,,,,,,,,,,,,,368.44768850000037,368.4533142,368.45373926666895,370.39043110000057,,,,,,372.39325120000285,372.4102948,372.4102948,373.1449218000016,,,,,,,,,,,,,370.42188890000034,370.4267182000003,370.4236121333347,372.325778800001,372.39320399999997,space,0.733096400002978,None,,,,,,,,,,,,,,,,,,,,,,P2887,Bar_MIC,3,1,2026-05-11_17h28.42.991,MIC_task,,2026.1.2,59.486276515657686,2026-05-11 17h28.44.439398 +0200,
,,0,0,0,,,,,,,3,ty14,lufi,balloon,9,toys,gadget,6.6,148,18,None,None,"(-0.1, 0.1)",None,,,,,,,,,,,,,,0,0,0,0,0,23,23,23,0,0,0,0,373.17002890000003,,,,,,,,,,,,,,,,,,,,,,,,,,,,,,,,,,,,,,,,,,,,,,,,,,,,,,,,,,,,,,,,,,,,,,,,,,,,,,,,,,,,,,,,,,,,,373.1649040000011,373.17002890000003,373.17002890000003,373.17002890000003,373.361314400001,None,,,,,,,,,,,,,,,,,,,,,,,,,,,,,,,,P2887,Bar_MIC,3,1,2026-05-11_17h28.42.991,MIC_task,,2026.1.2,59.486276515657686,2026-05-11 17h28.44.439398 +0200,
,,0,0,0,,,,,,,3,ty14,lufi,balloon,9,toys,gadget,6.6,148,18,None,None,"(-0.1, 0.1)",None,,,,,,,,,,,,,,0,0,0,0,0,23,23,23,0,0,0,0,373.3777598000015,,,,,,,,,,,,,,,,,,,,,,,,,,,,,,,,,,,,,,,,,,,,,,,,,,,,,,,,,,,,,,,,,,,,,,,,,,,,,,,,,,,,,,,,,,,,,373.36441209999975,373.3777598000015,373.3777598000015,373.3777598000015,373.54544220000025,None,,,,,,,,,,,,,,,,,,,,,,,,,,,,,,,,P2887,Bar_MIC,3,1,2026-05-11_17h28.42.991,MIC_task,,2026.1.2,59.486276515657686,2026-05-11 17h28.44.439398 +0200,
,,1,0,1,,,,,,,3,ty14,lufi,balloon,9,toys,gadget,6.6,148,18,None,None,"(-0.1, 0.1)",None,,,,,,,,,,,,,,0,0,0,0,0,23,23,23,1,0,1,0,373.56065370000215,,,,,,,,,,,,,,,,,,,,,,,,,,,,,,,,,,,,,,,,,,,,,,,,,,,,,,,,,,,,,,,,,,,,,,,,,,,,,,,,,,,,,,,,,,,,,373.54850200000146,373.56065370000215,373.56065370000215,373.56065370000215,373.7453884000024,None,,,,,,,,,,,,,,,,,,,,,,,,,,,,,,,,P2887,Bar_MIC,3,1,2026-05-11_17h28.42.991,MIC_task,,2026.1.2,59.486276515657686,2026-05-11 17h28.44.439398 +0200,
,,2,0,2,,,,,,,3,ty14,lufi,balloon,9,toys,gadget,6.6,148,18,None,None,"(-0.1, 0.1)",None,,,,,,,,,,,,,,0,0,0,0,0,23,23,23,2,0,2,0,373.7617788000025,,,,,,,,,,,,,,,,,,,,,,,,,,,,,,,,,,,,,,,,,,,,,,,,,,,,,,,,,,,,,,,,,,,,,,,,,,,,,,,,,,,,,,,,,,,,,373.7482720000007,373.7617788000025,373.7617788000025,373.7617788000025,373.94586640000125,None,,,,,,,,,,,,,,,,,,,,,,,,,,,,,,,,P2887,Bar_MIC,3,1,2026-05-11_17h28.42.991,MIC_task,,2026.1.2,59.486276515657686,2026-05-11 17h28.44.439398 +0200,
,,3,0,3,,,,,,,3,ty14,lufi,balloon,9,toys,gadget,6.6,148,18,None,None,"(-0.1, 0.1)",None,,,,,,,,,,,,,,0,0,0,0,0,23,23,23,3,0,3,0,373.961441200001,,,,,,,,,,,,,,,,,,,,,,,,,,,,,,,,,,,,,,,,,,,,,,,,,,,,,,,,,,,,,,,,,,,,,,,,,,,,,,,,,,,,,,,,,,,,,373.9487833000021,373.961441200001,373.961441200001,373.961441200001,374.14521070000046,None,,,,,,,,,,,,,,,,,,,,,,,,,,,,,,,,P2887,Bar_MIC,3,1,2026-05-11_17h28.42.991,MIC_task,,2026.1.2,59.486276515657686,2026-05-11 17h28.44.439398 +0200,
,,4,0,4,,,,,,,3,ty14,lufi,balloon,9,toys,gadget,6.6,148,18,None,None,"(-0.1, 0.1)",None,,,,,,,,,,,,,,0,0,0,0,0,23,23,23,4,0,4,0,374.1617929000022,,,,,,,,,,,,,,,,,,,,,,,,,,,,,,,,,,,,,,,,,,,,,,,,,,,,,,,,,,,,,,,,,,,,,,,,,,,,,,,,,,,,,,,,,,,,,374.1483427000021,374.1617929000022,374.1617929000022,374.1617929000022,374.3469366999998,None,,,,,,,,,,,,,,,,,,,,,,,,,,,,,,,,P2887,Bar_MIC,3,1,2026-05-11_17h28.42.991,MIC_task,,2026.1.2,59.486276515657686,2026-05-11 17h28.44.439398 +0200,
,,5,0,5,,,,,,,3,ty14,lufi,balloon,9,toys,gadget,6.6,148,18,None,None,"(-0.1, 0.1)",None,,,,,,,,,,,,,,0,0,0,0,0,23,23,23,5,0,5,0,374.3622495000018,,,,,,,,,,,,,,,,,,,,,,,,,,,,,,,,,,,,,,,,,,,,,,,,,,,,,,,,,,,,,,,,,,,,,,,,,,,,,,,,,,,,,,,,,,,,,374.34949570000026,374.3622495000018,374.3622495000018,374.3622495000018,374.5471572000024,None,,,,,,,,,,,,,,,,,,,,,,,,,,,,,,,,P2887,Bar_MIC,3,1,2026-05-11_17h28.42.991,MIC_task,,2026.1.2,59.486276515657686,2026-05-11 17h28.44.439398 +0200,
,,6,0,6,,,,,,,3,ty14,lufi,balloon,9,toys,gadget,6.6,148,18,None,None,"(-0.1, 0.1)",None,,,,,,,,,,,,,,0,0,0,0,0,23,23,23,6,0,6,0,374.5625772000021,,,,,,,,,,,,,,,,,,,,,,,,,,,,,,,,,,,,,,,,,,,,,,,,,,,,,,,,,,,,,,,,,,,,,,,,,,,,,,,,,,,,,,,,,,,,,374.54989520000163,374.5625772000021,374.5625772000021,374.5625772000021,374.7463362000017,None,,,,,,,,,,,,,,,,,,,,,,,,,,,,,,,,P2887,Bar_MIC,3,1,2026-05-11_17h28.42.991,MIC_task,,2026.1.2,59.486276515657686,2026-05-11 17h28.44.439398 +0200,
,,7,0,7,,,,,,,3,ty14,lufi,balloon,9,toys,gadget,6.6,148,18,None,None,"(-0.1, 0.1)",None,,,,,,,,,,,,,,0,0,0,0,0,23,23,23,7,0,7,0,374.7629053000019,,,,,,,,,,,,,,,,,,,,,,,,,,,,,,,,,,,,,,,,,,,,,,,,,,,,,,,,,,,,,,,,,,,,,,,,,,,,,,,,,,,,,,,,,,,,,374.74920190000194,374.7629053000019,374.7629053000019,374.7629053000019,374.94679460000043,None,,,,,,,,,,,,,,,,,,,,,,,,,,,,,,,,P2887,Bar_MIC,3,1,2026-05-11_17h28.42.991,MIC_task,,2026.1.2,59.486276515657686,2026-05-11 17h28.44.439398 +0200,
,,8,0,8,,,,,,,3,ty14,lufi,balloon,9,toys,gadget,6.6,148,18,None,None,"(-0.1, 0.1)",None,,,,,,,,,,,,,,0,0,0,0,0,23,23,23,8,0,8,0,374.96333030000096,,,,,,,,,,,,,,,,,,,,,,,,,,,,,,,,,,,,,,,,,,,,,,,,,,,,,,,,,,,,,,,,,,,,,,,,,,,,,,,,,,,,,,,,,,,,,374.9498488999998,374.96333030000096,374.96333030000096,374.96333030000096,375.1471885000028,None,,,,,,,,,,,,,,,,,,,,,,,,,,,,,,,,P2887,Bar_MIC,3,1,2026-05-11_17h28.42.991,MIC_task,,2026.1.2,59.486276515657686,2026-05-11 17h28.44.439398 +0200,
,,9,0,9,,,,,,,3,ty14,lufi,balloon,9,toys,gadget,6.6,148,18,None,None,"(-0.1, 0.1)",None,,,,,,,,,,,,,,0,0,0,0,0,23,23,23,9,0,9,0,375.1636357000025,,,,,,,,,,,,,,,,,,,,,,,,,,,,,,,,,,,,,,,,,,,,,,,,,,,,,,,,,,,,,,,,,,,,,,,,,,,,,,,,,,,,,,,,,,,,,375.1503438,375.1636357000025,375.1636357000025,375.1636357000025,375.34759940000004,None,,,,,,,,,,,,,,,,,,,,,,,,,,,,,,,,P2887,Bar_MIC,3,1,2026-05-11_17h28.42.991,MIC_task,,2026.1.2,59.486276515657686,2026-05-11 17h28.44.439398 +0200,
,,10,0,10,,,,,,,3,ty14,lufi,balloon,9,toys,gadget,6.6,148,18,None,None,"(-0.1, 0.1)",None,,,,,,,,,,,,,,0,0,0,0,0,23,23,23,10,0,10,0,375.36401710000064,,,,,,,,,,,,,,,,,,,,,,,,,,,,,,,,,,,,,,,,,,,,,,,,,,,,,,,,,,,,,,,,,,,,,,,,,,,,,,,,,,,,,,,,,,,,,375.3508989000002,375.36401710000064,375.36401710000064,375.36401710000064,375.5477580000006,None,,,,,,,,,,,,,,,,,,,,,,,,,,,,,,,,P2887,Bar_MIC,3,1,2026-05-11_17h28.42.991,MIC_task,,2026.1.2,59.486276515657686,2026-05-11 17h28.44.439398 +0200,
,,11,0,11,,,,,,,3,ty14,lufi,balloon,9,toys,gadget,6.6,148,18,None,None,"(-0.1, 0.1)",None,,,,,,,,,,,,,,0,0,0,0,0,23,23,23,11,0,11,0,375.5643444000016,,,,,,,,,,,,,,,,,,,,,,,,,,,,,,,,,,,,,,,,,,,,,,,,,,,,,,,,,,,,,,,,,,,,,,,,,,,,,,,,,,,,,,,,,,,,,375.5509660000025,375.5643444000016,375.5643444000016,375.5643444000016,375.7484209000031,None,,,,,,,,,,,,,,,,,,,,,,,,,,,,,,,,P2887,Bar_MIC,3,1,2026-05-11_17h28.42.991,MIC_task,,2026.1.2,59.486276515657686,2026-05-11 17h28.44.439398 +0200,
,,12,0,12,,,,,,,3,ty14,lufi,balloon,9,toys,gadget,6.6,148,18,None,None,"(-0.1, 0.1)",None,,,,,,,,,,,,,,0,0,0,0,0,23,23,23,12,0,12,0,375.7648111000017,,,,,,,,,,,,,,,,,,,,,,,,,,,,,,,,,,,,,,,,,,,,,,,,,,,,,,,,,,,,,,,,,,,,,,,,,,,,,,,,,,,,,,,,,,,,,375.7515252000012,375.7648111000017,375.7648111000017,375.7648111000017,375.9488108000005,None,,,,,,,,,,,,,,,,,,,,,,,,,,,,,,,,P2887,Bar_MIC,3,1,2026-05-11_17h28.42.991,MIC_task,,2026.1.2,59.486276515657686,2026-05-11 17h28.44.439398 +0200,
,,13,0,13,,,,,,,3,ty14,lufi,balloon,9,toys,gadget,6.6,148,18,None,None,"(-0.1, 0.1)",None,,,,,,,,,,,,,,0,0,0,0,0,23,23,23,13,0,13,0,375.96441830000185,,,,,,,,,,,,,,,,,,,,,,,,,,,,,,,,,,,,,,,,,,,,,,,,,,,,,,,,,,,,,,,,,,,,,,,,,,,,,,,,,,,,,,,,,,,,,375.95188800000324,375.96441830000185,375.96441830000185,375.96441830000185,376.1492504000016,None,,,,,,,,,,,,,,,,,,,,,,,,,,,,,,,,P2887,Bar_MIC,3,1,2026-05-11_17h28.42.991,MIC_task,,2026.1.2,59.486276515657686,2026-05-11 17h28.44.439398 +0200,
,,14,0,14,,,,,,,3,ty14,lufi,balloon,9,toys,gadget,6.6,148,18,None,None,"(-0.1, 0.1)",None,,,,,,,,,,,,,,0,0,0,0,0,23,23,23,14,0,14,0,376.1655497000029,,,,,,,,,,,,,,,,,,,,,,,,,,,,,,,,,,,,,,,,,,,,,,,,,,,,,,,,,,,,,,,,,,,,,,,,,,,,,,,,,,,,,,,,,,,,,376.15209790000154,376.1655497000029,376.1655497000029,376.1655497000029,376.34972840000046,None,,,,,,,,,,,,,,,,,,,,,,,,,,,,,,,,P2887,Bar_MIC,3,1,2026-05-11_17h28.42.991,MIC_task,,2026.1.2,59.486276515657686,2026-05-11 17h28.44.439398 +0200,
,,15,0,15,,,,,,,3,ty14,lufi,balloon,9,toys,gadget,6.6,148,18,None,None,"(-0.1, 0.1)",None,,,,,,,,,,,,,,0,0,0,0,0,23,23,23,15,0,15,0,376.36520660000315,,,,,,,,,,,,,,,,,,,,,,,,,,,,,,,,,,,,,,,,,,,,,,,,,,,,,,,,,,,,,,,,,,,,,,,,,,,,,,,,,,,,,,,,,,,,,376.35286720000295,376.36520660000315,376.36520660000315,376.36520660000315,376.5500191000028,None,,,,,,,,,,,,,,,,,,,,,,,,,,,,,,,,P2887,Bar_MIC,3,1,2026-05-11_17h28.42.991,MIC_task,,2026.1.2,59.486276515657686,2026-05-11 17h28.44.439398 +0200,
,,16,0,16,,,,,,,3,ty14,lufi,balloon,9,toys,gadget,6.6,148,18,None,None,"(-0.1, 0.1)",None,,,,,,,,,,,,,,0,0,0,0,0,23,23,23,16,0,16,0,376.5655751000013,,,,,,,,,,,,,,,,,,,,,,,,,,,,,,,,,,,,,,,,,,,,,,,,,,,,,,,,,,,,,,,,,,,,,,,,,,,,,,,,,,,,,,,,,,,,,376.55311410000286,376.5655751000013,376.5655751000013,376.5655751000013,376.7505412000028,None,,,,,,,,,,,,,,,,,,,,,,,,,,,,,,,,P2887,Bar_MIC,3,1,2026-05-11_17h28.42.991,MIC_task,,2026.1.2,59.486276515657686,2026-05-11 17h28.44.439398 +0200,
,,17,0,17,,,,,,,3,ty14,lufi,balloon,9,toys,gadget,6.6,148,18,None,None,"(-0.1, 0.1)",None,,,,,,,,,,,,,,0,0,0,0,0,23,23,23,17,0,17,0,376.76590209999995,,,,,,,,,,,,,,,,,,,,,,,,,,,,,,,,,,,,,,,,,,,,,,,,,,,,,,,,,,,,,,,,,,,,,,,,,,,,,,,,,,,,,,,,,,,,,376.75354080000034,376.76590209999995,376.76590209999995,376.76590209999995,376.9499567000021,None,,,,,,,,,,,,,,,,,,,,,,,,,,,,,,,,P2887,Bar_MIC,3,1,2026-05-11_17h28.42.991,MIC_task,,2026.1.2,59.486276515657686,2026-05-11 17h28.44.439398 +0200,
,,18,0,18,,,,,,,3,ty14,lufi,balloon,9,toys,gadget,6.6,148,18,None,None,"(-0.1, 0.1)",None,,,,,,,,,,,,,,0,0,0,0,0,23,23,23,18,0,18,0,376.9664010000015,,,,,,,,,,,,,,,,,,,,,,,,,,,,,,,,,,,,,,,,,,,,,,,,,,,,,,,,,,,,,,,,,,,,,,,,,,,,,,,,,,,,,,,,,,,,,376.95309330000237,376.9664010000015,376.9664010000015,376.9664010000015,377.1502963000021,None,,,,,,,,,,,,,,,,,,,,,,,,,,,,,,,,P2887,Bar_MIC,3,1,2026-05-11_17h28.42.991,MIC_task,,2026.1.2,59.486276515657686,2026-05-11 17h28.44.439398 +0200,
,,19,0,19,,,,,,,3,ty14,lufi,balloon,9,toys,gadget,6.6,148,18,None,None,"(-0.1, 0.1)",None,,,,,,,,,,,,,,0,0,0,0,0,23,23,23,19,0,19,0,377.1667731000016,,,,,,,,,,,,,,,,,,,,,,,,,,,,,,,,,,,,,,,,,,,,,,,,,,,,,,,,,,,,,,,,,,,,,,,,,,,,,,,,,,,,,,,,,,,,,377.15317060000234,377.1667731000016,377.1667731000016,377.1667731000016,377.3518266000028,None,,,,,,,,,,,,,,,,,,,,,,,,,,,,,,,,P2887,Bar_MIC,3,1,2026-05-11_17h28.42.991,MIC_task,,2026.1.2,59.486276515657686,2026-05-11 17h28.44.439398 +0200,
,,20,0,20,,,,,,,3,ty14,lufi,balloon,9,toys,gadget,6.6,148,18,None,None,"(-0.1, 0.1)",None,,,,,,,,,,,,,,0,0,0,0,0,23,23,23,20,0,20,0,377.36706630000117,,,,,,,,,,,,,,,,,,,,,,,,,,,,,,,,,,,,,,,,,,,,,,,,,,,,,,,,,,,,,,,,,,,,,,,,,,,,,,,,,,,,,,,,,,,,,377.35457040000256,377.36706630000117,377.36706630000117,377.36706630000117,377.55123230000027,None,,,,,,,,,,,,,,,,,,,,,,,,,,,,,,,,P2887,Bar_MIC,3,1,2026-05-11_17h28.42.991,MIC_task,,2026.1.2,59.486276515657686,2026-05-11 17h28.44.439398 +0200,
,,21,0,21,,,,,,,3,ty14,lufi,balloon,9,toys,gadget,6.6,148,18,None,None,"(-0.1, 0.1)",None,,,,,,,,,,,,,,0,0,0,0,0,23,23,23,21,0,21,0,377.5673368000025,,,,,,,,,,,,,,,,,,,,,,,,,,,,,,,,,,,,,,,,,,,,,,,,,,,,,,,,,,,,,,,,,,,,,,,,,,,,,,,,,,,,,,,,,,,,,377.55393110000296,377.5673368000025,377.5673368000025,377.5673368000025,377.75119690000065,None,,,,,,,,,,,,,,,,,,,,,,,,,,,,,,,,P2887,Bar_MIC,3,1,2026-05-11_17h28.42.991,MIC_task,,2026.1.2,59.486276515657686,2026-05-11 17h28.44.439398 +0200,
,,22,0,22,,,,,,,3,ty14,lufi,balloon,9,toys,gadget,6.6,148,18,None,None,"(-0.1, 0.1)",None,,,,,,,,,,,,,,0,0,0,0,0,23,23,23,22,0,22,0,377.7676406999999,,,,,,,,,,,,,,,,,,,,,,,,,,,,,,,,,,,,,,,,,,,,,,,,,,,,,,,,,,,,,,,,,,,,,,,,,,,,,,,,,,,,,,,,,,,,,377.75400300000183,377.7676406999999,377.7676406999999,377.7676406999999,377.95179540000026,None,,,,,,,,,,,,,,,,,,,,,,,,,,,,,,,,P2887,Bar_MIC,3,1,2026-05-11_17h28.42.991,MIC_task,,2026.1.2,59.486276515657686,2026-05-11 17h28.44.439398 +0200,
,,23,0,23,,,,,,,3,ty14,lufi,balloon,9,toys,gadget,6.6,148,18,None,None,"(-0.1, 0.1)",None,,,,,,,,,,,,,,0,0,0,0,0,23,23,23,23,0,23,0,377.9680991000023,,,,,,,,,,,,,,,,,,,,,,,,,,,,,,,,,,,,,,,,,,,,,,,,,,,,,,,,,,,,,,,,,,,,,,,,,,,,,,,,,,,,,,,,,,,,,377.9550150000032,377.9680991000023,377.9680991000023,377.9680991000023,378.1526601000005,None,,,,,,,,,,,,,,,,,,,,,,,,,,,,,,,,P2887,Bar_MIC,3,1,2026-05-11_17h28.42.991,MIC_task,,2026.1.2,59.486276515657686,2026-05-11 17h28.44.439398 +0200,
,,24,0,24,,,,,,,3,ty14,lufi,balloon,9,toys,gadget,6.6,148,18,None,None,"(-0.1, 0.1)",None,,,,,,,,,,,,,,0,0,0,0,0,23,23,23,24,0,24,0,378.16849880000154,,,,,,,,,,,,,,,,,,,,,,,,,,,,,,,,,,,,,,,,,,,,,,,,,,,,,,,,,,,,,,,,,,,,,,,,,,,,,,,,,,,,,,,,,,,,,378.15592670000115,378.16849880000154,378.16849880000154,378.16849880000154,378.3525664000008,None,,,,,,,,,,,,,,,,,,,,,,,,,,,,,,,,P2887,Bar_MIC,3,1,2026-05-11_17h28.42.991,MIC_task,,2026.1.2,59.486276515657686,2026-05-11 17h28.44.439398 +0200,
,,25,0,25,,,,,,,3,ty14,lufi,balloon,9,toys,gadget,6.6,148,18,None,None,"(-0.1, 0.1)",None,,,,,,,,,,,,,,0,0,0,0,0,23,23,23,25,0,25,0,378.36811730000045,,,,,,,,,,,,,,,,,,,,,,,,,,,,,,,,,,,,,,,,,,,,,,,,,,,,,,,,,,,,,,,,,,,,,,,,,,,,,,,,,,,,,,,,,,,,,378.35530290000315,378.36811730000045,378.36811730000045,378.36811730000045,378.5532133000015,None,,,,,,,,,,,,,,,,,,,,,,,,,,,,,,,,P2887,Bar_MIC,3,1,2026-05-11_17h28.42.991,MIC_task,,2026.1.2,59.486276515657686,2026-05-11 17h28.44.439398 +0200,
,,26,0,26,,,,,,,3,ty14,lufi,balloon,9,toys,gadget,6.6,148,18,None,None,"(-0.1, 0.1)",None,,,,,,,,,,,,,,0,0,0,0,0,23,23,23,26,0,26,0,378.56856210000115,,,,,,,,,,,,,,,,,,,,,,,,,,,,,,,,,,,,,,,,,,,,,,,,,,,,,,,,,,,,,,,,,,,,,,,,,,,,,,,,,,,,,,,,,,,,,378.5562005000029,378.56856210000115,378.56856210000115,378.56856210000115,378.7534678000011,None,,,,,,,,,,,,,,,,,,,,,,,,,,,,,,,,P2887,Bar_MIC,3,1,2026-05-11_17h28.42.991,MIC_task,,2026.1.2,59.486276515657686,2026-05-11 17h28.44.439398 +0200,
,,27,0,27,,,,,,,3,ty14,lufi,balloon,9,toys,gadget,6.6,148,18,None,None,"(-0.1, 0.1)",None,,,,,,,,,,,,,,0,0,0,0,0,23,23,23,27,0,27,0,378.7689120000032,,,,,,,,,,,,,,,,,,,,,,,,,,,,,,,,,,,,,,,,,,,,,,,,,,,,,,,,,,,,,,,,,,,,,,,,,,,,,,,,,,,,,,,,,,,,,378.7566871000017,378.7689120000032,378.7689120000032,378.7689120000032,378.9526885000014,None,,,,,,,,,,,,,,,,,,,,,,,,,,,,,,,,P2887,Bar_MIC,3,1,2026-05-11_17h28.42.991,MIC_task,,2026.1.2,59.486276515657686,2026-05-11 17h28.44.439398 +0200,
,,28,0,28,,,,,,,3,ty14,lufi,balloon,9,toys,gadget,6.6,148,18,None,None,"(-0.1, 0.1)",None,,,,,,,,,,,,,,0,0,0,0,0,23,23,23,28,0,28,0,378.96929400000226,,,,,,,,,,,,,,,,,,,,,,,,,,,,,,,,,,,,,,,,,,,,,,,,,,,,,,,,,,,,,,,,,,,,,,,,,,,,,,,,,,,,,,,,,,,,,378.9560711000013,378.96929400000226,378.96929400000226,378.96929400000226,379.1529597000008,None,,,,,,,,,,,,,,,,,,,,,,,,,,,,,,,,P2887,Bar_MIC,3,1,2026-05-11_17h28.42.991,MIC_task,,2026.1.2,59.486276515657686,2026-05-11 17h28.44.439398 +0200,
,,29,0,29,,,,,,,3,ty14,lufi,balloon,9,toys,gadget,6.6,148,18,None,None,"(-0.1, 0.1)",None,,,,,,,,,,,,,,0,0,0,0,0,23,23,23,29,0,29,0,379.169640600001,,,,,,,,,,,,,,,,,,,,,,,,,,,,,,,,,,,,,,,,,,,,,,,,,,,,,,,,,,,,,,,,,,,,,,,,,,,,,,,,,,,,,,,,,,,,,379.1557638000013,379.169640600001,379.169640600001,379.169640600001,379.35351960000116,None,,,,,,,,,,,,,,,,,,,,,,,,,,,,,,,,P2887,Bar_MIC,3,1,2026-05-11_17h28.42.991,MIC_task,,2026.1.2,59.486276515657686,2026-05-11 17h28.44.439398 +0200,
,,30,0,30,,,,,,,3,ty14,lufi,balloon,9,toys,gadget,6.6,148,18,None,None,"(-0.1, 0.1)",None,,,,,,,,,,,,,,0,0,0,0,0,23,23,23,30,0,30,0,379.3699953000032,,,,,,,,,,,,,,,,,,,,,,,,,,,,,,,,,,,,,,,,,,,,,,,,,,,,,,,,,,,,,,,,,,,,,,,,,,,,,,,,,,,,,,,,,,,,,379.3567812000001,379.3699953000032,379.3699953000032,379.3699953000032,379.55393320000076,None,,,,,,,,,,,,,,,,,,,,,,,,,,,,,,,,P2887,Bar_MIC,3,1,2026-05-11_17h28.42.991,MIC_task,,2026.1.2,59.486276515657686,2026-05-11 17h28.44.439398 +0200,
,,31,0,31,,,,,,,3,ty14,lufi,balloon,9,toys,gadget,6.6,148,18,None,None,"(-0.1, 0.1)",None,,,,,,,,,,,,,,0,0,0,0,0,23,23,23,31,0,31,0,379.57036940000035,,,,,,,,,,,,,,,,,,,,,,,,,,,,,,,,,,,,,,,,,,,,,,,,,,,,,,,,,,,,,,,,,,,,,,,,,,,,,,,,,,,,,,,,,,,,,379.55718400000114,379.57036940000035,379.57036940000035,379.57036940000035,379.75456600000325,None,,,,,,,,,,,,,,,,,,,,,,,,,,,,,,,,P2887,Bar_MIC,3,1,2026-05-11_17h28.42.991,MIC_task,,2026.1.2,59.486276515657686,2026-05-11 17h28.44.439398 +0200,
,,32,0,32,,,,,,,3,ty14,lufi,balloon,9,toys,gadget,6.6,148,18,None,None,"(-0.1, 0.1)",None,,,,,,,,,,,,,,0,0,0,0,0,23,23,23,32,0,32,0,379.77070509999976,,,,,,,,,,,,,,,,,,,,,,,,,,,,,,,,,,,,,,,,,,,,,,,,,,,,,,,,,,,,,,,,,,,,,,,,,,,,,,,,,,,,,,,,,,,,,379.75755090000166,379.77070509999976,379.77070509999976,379.77070509999976,379.95516940000016,None,,,,,,,,,,,,,,,,,,,,,,,,,,,,,,,,P2887,Bar_MIC,3,1,2026-05-11_17h28.42.991,MIC_task,,2026.1.2,59.486276515657686,2026-05-11 17h28.44.439398 +0200,
,,33,0,33,,,,,,,3,ty14,lufi,balloon,9,toys,gadget,6.6,148,18,None,None,"(-0.1, 0.1)",None,,,,,,,,,,,,,,0,0,0,0,0,23,23,23,33,0,33,0,379.9711425000023,,,,,,,,,,,,,,,,,,,,,,,,,,,,,,,,,,,,,,,,,,,,,,,,,,,,,,,,,,,,,,,,,,,,,,,,,,,,,,,,,,,,,,,,,,,,,379.9584281000025,379.9711425000023,379.9711425000023,379.9711425000023,380.1557838000008,None,,,,,,,,,,,,,,,,,,,,,,,,,,,,,,,,P2887,Bar_MIC,3,1,2026-05-11_17h28.42.991,MIC_task,,2026.1.2,59.486276515657686,2026-05-11 17h28.44.439398 +0200,
,,34,0,34,,,,,,,3,ty14,lufi,balloon,9,toys,gadget,6.6,148,18,None,None,"(-0.1, 0.1)",None,,,,,,,,,,,,,,0,0,0,0,0,23,23,23,34,0,34,0,380.1714944000014,,,,,,,,,,,,,,,,,,,,,,,,,,,,,,,,,,,,,,,,,,,,,,,,,,,,,,,,,,,,,,,,,,,,,,,,,,,,,,,,,,,,,,,,,,,,,380.15872500000114,380.1714944000014,380.1714944000014,380.1714944000014,380.3556802000021,None,,,,,,,,,,,,,,,,,,,,,,,,,,,,,,,,P2887,Bar_MIC,3,1,2026-05-11_17h28.42.991,MIC_task,,2026.1.2,59.486276515657686,2026-05-11 17h28.44.439398 +0200,
,,35,0,35,,,,,,,3,ty14,lufi,balloon,9,toys,gadget,6.6,148,18,None,None,"(-0.1, 0.1)",None,,,,,,,,,,,,,,0,0,0,0,0,23,23,23,35,0,35,0,380.371086500003,,,,,,,,,,,,,,,,,,,,,,,,,,,,,,,,,,,,,,,,,,,,,,,,,,,,,,,,,,,,,,,,,,,,,,,,,,,,,,,,,,,,,,,,,,,,,380.3584873,380.371086500003,380.371086500003,380.371086500003,380.55554400000256,None,,,,,,,,,,,,,,,,,,,,,,,,,,,,,,,,P2887,Bar_MIC,3,1,2026-05-11_17h28.42.991,MIC_task,,2026.1.2,59.486276515657686,2026-05-11 17h28.44.439398 +0200,
,,36,0,36,,,,,,,3,ty14,lufi,balloon,9,toys,gadget,6.6,148,18,None,None,"(-0.1, 0.1)",None,,,,,,,,,,,,,,0,0,0,0,0,23,23,23,36,0,36,0,380.57141550000233,,,,,,,,,,,,,,,,,,,,,,,,,,,,,,,,,,,,,,,,,,,,,,,,,,,,,,,,,,,,,,,,,,,,,,,,,,,,,,,,,,,,,,,,,,,,,380.5583673000001,380.57141550000233,380.57141550000233,380.57141550000233,380.75625520000176,None,,,,,,,,,,,,,,,,,,,,,,,,,,,,,,,,P2887,Bar_MIC,3,1,2026-05-11_17h28.42.991,MIC_task,,2026.1.2,59.486276515657686,2026-05-11 17h28.44.439398 +0200,
,,37,0,37,,,,,,,3,ty14,lufi,balloon,9,toys,gadget,6.6,148,18,None,None,"(-0.1, 0.1)",None,,,,,,,,,,,,,,0,0,0,0,0,23,23,23,37,0,37,0,380.77179340000293,,,,,,,,,,,,,,,,,,,,,,,,,,,,,,,,,,,,,,,,,,,,,,,,,,,,,,,,,,,,,,,,,,,,,,,,,,,,,,,,,,,,,,,,,,,,,380.75916580000194,380.77179340000293,380.77179340000293,380.77179340000293,380.95657100000244,None,,,,,,,,,,,,,,,,,,,,,,,,,,,,,,,,P2887,Bar_MIC,3,1,2026-05-11_17h28.42.991,MIC_task,,2026.1.2,59.486276515657686,2026-05-11 17h28.44.439398 +0200,
,,38,0,38,,,,,,,3,ty14,lufi,balloon,9,toys,gadget,6.6,148,18,None,None,"(-0.1, 0.1)",None,,,,,,,,,,,,,,0,0,0,0,0,23,23,23,38,0,38,0,380.97215580000193,,,,,,,,,,,,,,,,,,,,,,,,,,,,,,,,,,,,,,,,,,,,,,,,,,,,,,,,,,,,,,,,,,,,,,,,,,,,,,,,,,,,,,,,,,,,,380.95959030000085,380.97215580000193,380.97215580000193,380.97215580000193,381.15591530000165,None,,,,,,,,,,,,,,,,,,,,,,,,,,,,,,,,P2887,Bar_MIC,3,1,2026-05-11_17h28.42.991,MIC_task,,2026.1.2,59.486276515657686,2026-05-11 17h28.44.439398 +0200,
,,39,0,39,,,,,,,3,ty14,lufi,balloon,9,toys,gadget,6.6,148,18,None,None,"(-0.1, 0.1)",None,,,,,,,,,,,,,,0,0,0,0,0,23,23,23,39,0,39,0,381.1725824000023,,,,,,,,,,,,,,,,,,,,,,,,,,,,,,,,,,,,,,,,,,,,,,,,,,,,,,,,,,,,,,,,,,,,,,,,,,,,,,,,,,,,,,,,,,,,,381.15895610000007,381.1725824000023,381.1725824000023,381.1725824000023,381.35642500000176,None,,,,,,,,,,,,,,,,,,,,,,,,,,,,,,,,P2887,Bar_MIC,3,1,2026-05-11_17h28.42.991,MIC_task,,2026.1.2,59.486276515657686,2026-05-11 17h28.44.439398 +0200,
,,40,0,40,,,,,,,3,ty14,lufi,balloon,9,toys,gadget,6.6,148,18,None,None,"(-0.1, 0.1)",None,,,,,,,,,,,,,,0,0,0,0,0,23,23,23,40,0,40,0,381.372979900003,,,,,,,,,,,,,,,,,,,,,,,,,,,,,,,,,,,,,,,,,,,,,,,,,,,,,,,,,,,,,,,,,,,,,,,,,,,,,,,,,,,,,,,,,,,,,381.359197400001,381.372979900003,381.372979900003,381.372979900003,381.55751489999966,None,,,,,,,,,,,,,,,,,,,,,,,,,,,,,,,,P2887,Bar_MIC,3,1,2026-05-11_17h28.42.991,MIC_task,,2026.1.2,59.486276515657686,2026-05-11 17h28.44.439398 +0200,
,,41,0,41,,,,,,,3,ty14,lufi,balloon,9,toys,gadget,6.6,148,18,None,None,"(-0.1, 0.1)",space,0.024819900001602946,None,,,,,,,,,,,,0,0,0,0,0,23,23,23,41,0,41,0,381.57335090000197,,,,,,,,,,,,,,,,,,,,,,,,,,,,,,,,,,,,,,,,,,,,,,,,,,,,,,,,,,,,,,,,,,,,,,,,,,,,,,,,,,,,,,,,,,,,,381.56090640000184,381.57335090000197,381.57335090000197,381.57335090000197,381.6079445000032,space,0.024819900001602946,None,,,,,,,,,,,,,,,,,,,,,,,,,,,,,,P2887,Bar_MIC,3,1,2026-05-11_17h28.42.991,MIC_task,,2026.1.2,59.486276515657686,2026-05-11 17h28.44.439398 +0200,
,,23,23,0,,,,space,4.538608700000623,None,3,ty14,lufi,balloon,9,toys,gadget,6.6,148,18,None,None,"(-0.1, 0.1)",,,,,,,,,,,,,,,0,0,0,0,0,23,23,23,,,,,,,,,,,,,,,,,,,,,,,,,,,,,,,,,,,,,,,,,,,,,,,,,,,,,,,,,,,,,,,,,,,,,,,,,,,,,,,,,381.66886160000286,381.67456049999964,381.6736211666694,383.6099408000009,,,,,,385.6129811000028,385.6298960000022,385.6298960000022,390.1703955000012,,,,,,,,,,,,,383.6316813000012,383.63679030000276,383.64316353333606,385.53034470000057,385.61293410000144,space,4.538608700000623,None,,,,,,,,,,,,,,,,,,,,,,P2887,Bar_MIC,3,1,2026-05-11_17h28.42.991,MIC_task,,2026.1.2,59.486276515657686,2026-05-11 17h28.44.439398 +0200,
,,0,0,0,,,,,,,3,v10,bicikli,bicycle,10,vehicles,wheels,7,None,None,57,19,"(0, 0.1)",None,,,,,,,,,,,,,,0,0,0,0,0,24,24,24,0,0,0,0,390.18635030000223,,,,,,,,,,,,,,,,,,,,,,,,,,,,,,,,,,,,,,,,,,,,,,,,,,,,,,,,,,,,,,,,,,,,,,,,,,,,,,,,,,,,,,,,,,,,,390.17433300000266,390.18635030000223,390.18635030000223,390.18635030000223,390.3712762000032,None,,,,,,,,,,,,,,,,,,,,,,,,,,,,,,,,P2887,Bar_MIC,3,1,2026-05-11_17h28.42.991,MIC_task,,2026.1.2,59.486276515657686,2026-05-11 17h28.44.439398 +0200,
,,0,0,0,,,,,,,3,v10,bicikli,bicycle,10,vehicles,wheels,7,None,None,57,19,"(0, 0.1)",None,,,,,,,,,,,,,,0,0,0,0,0,24,24,24,0,0,0,0,390.3867406999998,,,,,,,,,,,,,,,,,,,,,,,,,,,,,,,,,,,,,,,,,,,,,,,,,,,,,,,,,,,,,,,,,,,,,,,,,,,,,,,,,,,,,,,,,,,,,390.3747159000013,390.3867406999998,390.3867406999998,390.3867406999998,390.5709493000031,None,,,,,,,,,,,390.5871055000025,390.5871055000025,390.5871055000025,,,,,,,,,,,,,,,,,,,P2887,Bar_MIC,3,1,2026-05-11_17h28.42.991,MIC_task,,2026.1.2,59.486276515657686,2026-05-11 17h28.44.439398 +0200,
,,1,0,1,,,,,,,3,v10,bicikli,bicycle,10,vehicles,wheels,7,None,None,57,19,"(0, 0.1)",None,,,,,,,,,,,,,,0,0,0,0,0,24,24,24,1,0,1,0,390.5871055000025,,,,,,,,,,,,,,,,,,,,,,,,,,,,,,,,,,,,,,,,,,,,,,,,,,,,,,,,,,,,,,,,,,,,,,,,,,,,,,,,,,,,,,,,,,,,,390.5736667000019,390.5871055000025,390.5871055000025,390.5871055000025,390.7710143000004,None,,,,,,,,,,,,,,,,,,,,,,,,,,,,,,,,P2887,Bar_MIC,3,1,2026-05-11_17h28.42.991,MIC_task,,2026.1.2,59.486276515657686,2026-05-11 17h28.44.439398 +0200,
,,2,0,2,,,,,,,3,v10,bicikli,bicycle,10,vehicles,wheels,7,None,None,57,19,"(0, 0.1)",None,,,,,,,,,,,,,,0,0,0,0,0,24,24,24,2,0,2,0,390.78749620000235,,,,,,,,,,,,,,,,,,,,,,,,,,,,,,,,,,,,,,,,,,,,,,,,,,,,,,,,,,,,,,,,,,,,,,,,,,,,,,,,,,,,,,,,,,,,,390.77424710000196,390.78749620000235,390.78749620000235,390.78749620000235,390.9719189000025,None,,,,,,,,,,,,,,,,,,,,,,,,,,,,,,,,P2887,Bar_MIC,3,1,2026-05-11_17h28.42.991,MIC_task,,2026.1.2,59.486276515657686,2026-05-11 17h28.44.439398 +0200,
,,3,0,3,,,,,,,3,v10,bicikli,bicycle,10,vehicles,wheels,7,None,None,57,19,"(0, 0.1)",None,,,,,,,,,,,,,,0,0,0,0,0,24,24,24,3,0,3,0,390.9877155000031,,,,,,,,,,,,,,,,,,,,,,,,,,,,,,,,,,,,,,,,,,,,,,,,,,,,,,,,,,,,,,,,,,,,,,,,,,,,,,,,,,,,,,,,,,,,,390.97504390000176,390.9877155000031,390.9877155000031,390.9877155000031,391.17185950000203,None,,,,,,,,,,,,,,,,,,,,,,,,,,,,,,,,P2887,Bar_MIC,3,1,2026-05-11_17h28.42.991,MIC_task,,2026.1.2,59.486276515657686,2026-05-11 17h28.44.439398 +0200,
,,4,0,4,,,,,,,3,v10,bicikli,bicycle,10,vehicles,wheels,7,None,None,57,19,"(0, 0.1)",None,,,,,,,,,,,,,,0,0,0,0,0,24,24,24,4,0,4,0,391.1881355000005,,,,,,,,,,,,,,,,,,,,,,,,,,,,,,,,,,,,,,,,,,,,,,,,,,,,,,,,,,,,,,,,,,,,,,,,,,,,,,,,,,,,,,,,,,,,,391.17482400000154,391.1881355000005,391.1881355000005,391.1881355000005,391.3724644000031,None,,,,,,,,,,,,,,,,,,,,,,,,,,,,,,,,P2887,Bar_MIC,3,1,2026-05-11_17h28.42.991,MIC_task,,2026.1.2,59.486276515657686,2026-05-11 17h28.44.439398 +0200,
,,5,0,5,,,,,,,3,v10,bicikli,bicycle,10,vehicles,wheels,7,None,None,57,19,"(0, 0.1)",None,,,,,,,,,,,,,,0,0,0,0,0,24,24,24,5,0,5,0,391.3886037000011,,,,,,,,,,,,,,,,,,,,,,,,,,,,,,,,,,,,,,,,,,,,,,,,,,,,,,,,,,,,,,,,,,,,,,,,,,,,,,,,,,,,,,,,,,,,,391.3756304000017,391.3886037000011,391.3886037000011,391.3886037000011,391.5725721000017,None,,,,,,,,,,,,,,,,,,,,,,,,,,,,,,,,P2887,Bar_MIC,3,1,2026-05-11_17h28.42.991,MIC_task,,2026.1.2,59.486276515657686,2026-05-11 17h28.44.439398 +0200,
,,6,0,6,,,,,,,3,v10,bicikli,bicycle,10,vehicles,wheels,7,None,None,57,19,"(0, 0.1)",None,,,,,,,,,,,,,,0,0,0,0,0,24,24,24,6,0,6,0,391.5888660000019,,,,,,,,,,,,,,,,,,,,,,,,,,,,,,,,,,,,,,,,,,,,,,,,,,,,,,,,,,,,,,,,,,,,,,,,,,,,,,,,,,,,,,,,,,,,,391.5759923000005,391.5888660000019,391.5888660000019,391.5888660000019,391.7729287000002,None,,,,,,,,,,,,,,,,,,,,,,,,,,,,,,,,P2887,Bar_MIC,3,1,2026-05-11_17h28.42.991,MIC_task,,2026.1.2,59.486276515657686,2026-05-11 17h28.44.439398 +0200,
,,7,0,7,,,,,,,3,v10,bicikli,bicycle,10,vehicles,wheels,7,None,None,57,19,"(0, 0.1)",None,,,,,,,,,,,,,,0,0,0,0,0,24,24,24,7,0,7,0,391.78852370000095,,,,,,,,,,,,,,,,,,,,,,,,,,,,,,,,,,,,,,,,,,,,,,,,,,,,,,,,,,,,,,,,,,,,,,,,,,,,,,,,,,,,,,,,,,,,,391.77608540000074,391.78852370000095,391.78852370000095,391.78852370000095,391.97353590000057,None,,,,,,,,,,,,,,,,,,,,,,,,,,,,,,,,P2887,Bar_MIC,3,1,2026-05-11_17h28.42.991,MIC_task,,2026.1.2,59.486276515657686,2026-05-11 17h28.44.439398 +0200,
,,8,0,8,,,,,,,3,v10,bicikli,bicycle,10,vehicles,wheels,7,None,None,57,19,"(0, 0.1)",None,,,,,,,,,,,,,,0,0,0,0,0,24,24,24,8,0,8,0,391.9891607000027,,,,,,,,,,,,,,,,,,,,,,,,,,,,,,,,,,,,,,,,,,,,,,,,,,,,,,,,,,,,,,,,,,,,,,,,,,,,,,,,,,,,,,,,,,,,,391.9763743000003,391.9891607000027,391.9891607000027,391.9891607000027,392.173791600002,None,,,,,,,,,,,,,,,,,,,,,,,,,,,,,,,,P2887,Bar_MIC,3,1,2026-05-11_17h28.42.991,MIC_task,,2026.1.2,59.486276515657686,2026-05-11 17h28.44.439398 +0200,
,,9,0,9,,,,,,,3,v10,bicikli,bicycle,10,vehicles,wheels,7,None,None,57,19,"(0, 0.1)",None,,,,,,,,,,,,,,0,0,0,0,0,24,24,24,9,0,9,0,392.18936759999997,,,,,,,,,,,,,,,,,,,,,,,,,,,,,,,,,,,,,,,,,,,,,,,,,,,,,,,,,,,,,,,,,,,,,,,,,,,,,,,,,,,,,,,,,,,,,392.1770680000009,392.18936759999997,392.18936759999997,392.18936759999997,392.374225800002,None,,,,,,,,,,,,,,,,,,,,,,,,,,,,,,,,P2887,Bar_MIC,3,1,2026-05-11_17h28.42.991,MIC_task,,2026.1.2,59.486276515657686,2026-05-11 17h28.44.439398 +0200,
,,10,0,10,,,,,,,3,v10,bicikli,bicycle,10,vehicles,wheels,7,None,None,57,19,"(0, 0.1)",None,,,,,,,,,,,,,,0,0,0,0,0,24,24,24,10,0,10,0,392.3897149000004,,,,,,,,,,,,,,,,,,,,,,,,,,,,,,,,,,,,,,,,,,,,,,,,,,,,,,,,,,,,,,,,,,,,,,,,,,,,,,,,,,,,,,,,,,,,,392.37736310000037,392.3897149000004,392.3897149000004,392.3897149000004,392.57341910000105,None,,,,,,,,,,,,,,,,,,,,,,,,,,,,,,,,P2887,Bar_MIC,3,1,2026-05-11_17h28.42.991,MIC_task,,2026.1.2,59.486276515657686,2026-05-11 17h28.44.439398 +0200,
,,11,0,11,,,,,,,3,v10,bicikli,bicycle,10,vehicles,wheels,7,None,None,57,19,"(0, 0.1)",None,,,,,,,,,,,,,,0,0,0,0,0,24,24,24,11,0,11,0,392.59005570000227,,,,,,,,,,,,,,,,,,,,,,,,,,,,,,,,,,,,,,,,,,,,,,,,,,,,,,,,,,,,,,,,,,,,,,,,,,,,,,,,,,,,,,,,,,,,,392.57693760000257,392.59005570000227,392.59005570000227,392.59005570000227,392.77383550000013,None,,,,,,,,,,,,,,,,,,,,,,,,,,,,,,,,P2887,Bar_MIC,3,1,2026-05-11_17h28.42.991,MIC_task,,2026.1.2,59.486276515657686,2026-05-11 17h28.44.439398 +0200,
,,12,0,12,,,,,,,3,v10,bicikli,bicycle,10,vehicles,wheels,7,None,None,57,19,"(0, 0.1)",None,,,,,,,,,,,,,,0,0,0,0,0,24,24,24,12,0,12,0,392.79042830000253,,,,,,,,,,,,,,,,,,,,,,,,,,,,,,,,,,,,,,,,,,,,,,,,,,,,,,,,,,,,,,,,,,,,,,,,,,,,,,,,,,,,,,,,,,,,,392.7770562000005,392.79042830000253,392.79042830000253,392.79042830000253,392.97424890000184,None,,,,,,,,,,,,,,,,,,,,,,,,,,,,,,,,P2887,Bar_MIC,3,1,2026-05-11_17h28.42.991,MIC_task,,2026.1.2,59.486276515657686,2026-05-11 17h28.44.439398 +0200,
,,13,0,13,,,,,,,3,v10,bicikli,bicycle,10,vehicles,wheels,7,None,None,57,19,"(0, 0.1)",None,,,,,,,,,,,,,,0,0,0,0,0,24,24,24,13,0,13,0,392.99075190000076,,,,,,,,,,,,,,,,,,,,,,,,,,,,,,,,,,,,,,,,,,,,,,,,,,,,,,,,,,,,,,,,,,,,,,,,,,,,,,,,,,,,,,,,,,,,,392.9773780000032,392.99075190000076,392.99075190000076,392.99075190000076,393.1748468000005,None,,,,,,,,,,,,,,,,,,,,,,,,,,,,,,,,P2887,Bar_MIC,3,1,2026-05-11_17h28.42.991,MIC_task,,2026.1.2,59.486276515657686,2026-05-11 17h28.44.439398 +0200,
,,14,0,14,,,,,,,3,v10,bicikli,bicycle,10,vehicles,wheels,7,None,None,57,19,"(0, 0.1)",None,,,,,,,,,,,,,,0,0,0,0,0,24,24,24,14,0,14,0,393.1910819000004,,,,,,,,,,,,,,,,,,,,,,,,,,,,,,,,,,,,,,,,,,,,,,,,,,,,,,,,,,,,,,,,,,,,,,,,,,,,,,,,,,,,,,,,,,,,,393.17794910000157,393.1910819000004,393.1910819000004,393.1910819000004,393.3752308000003,None,,,,,,,,,,,,,,,,,,,,,,,,,,,,,,,,P2887,Bar_MIC,3,1,2026-05-11_17h28.42.991,MIC_task,,2026.1.2,59.486276515657686,2026-05-11 17h28.44.439398 +0200,
,,15,0,15,,,,,,,3,v10,bicikli,bicycle,10,vehicles,wheels,7,None,None,57,19,"(0, 0.1)",None,,,,,,,,,,,,,,0,0,0,0,0,24,24,24,15,0,15,0,393.391558000003,,,,,,,,,,,,,,,,,,,,,,,,,,,,,,,,,,,,,,,,,,,,,,,,,,,,,,,,,,,,,,,,,,,,,,,,,,,,,,,,,,,,,,,,,,,,,393.3785232000009,393.391558000003,393.391558000003,393.391558000003,393.5755319000018,None,,,,,,,,,,,,,,,,,,,,,,,,,,,,,,,,P2887,Bar_MIC,3,1,2026-05-11_17h28.42.991,MIC_task,,2026.1.2,59.486276515657686,2026-05-11 17h28.44.439398 +0200,
,,16,0,16,,,,,,,3,v10,bicikli,bicycle,10,vehicles,wheels,7,None,None,57,19,"(0, 0.1)",None,,,,,,,,,,,,,,0,0,0,0,0,24,24,24,16,0,16,0,393.59187680000105,,,,,,,,,,,,,,,,,,,,,,,,,,,,,,,,,,,,,,,,,,,,,,,,,,,,,,,,,,,,,,,,,,,,,,,,,,,,,,,,,,,,,,,,,,,,,393.57895330000247,393.59187680000105,393.59187680000105,393.59187680000105,393.7760690000032,None,,,,,,,,,,,,,,,,,,,,,,,,,,,,,,,,P2887,Bar_MIC,3,1,2026-05-11_17h28.42.991,MIC_task,,2026.1.2,59.486276515657686,2026-05-11 17h28.44.439398 +0200,
,,17,0,17,,,,,,,3,v10,bicikli,bicycle,10,vehicles,wheels,7,None,None,57,19,"(0, 0.1)",None,,,,,,,,,,,,,,0,0,0,0,0,24,24,24,17,0,17,0,393.79223600000114,,,,,,,,,,,,,,,,,,,,,,,,,,,,,,,,,,,,,,,,,,,,,,,,,,,,,,,,,,,,,,,,,,,,,,,,,,,,,,,,,,,,,,,,,,,,,393.77897590000066,393.79223600000114,393.79223600000114,393.79223600000114,393.9770697000022,None,,,,,,,,,,,,,,,,,,,,,,,,,,,,,,,,P2887,Bar_MIC,3,1,2026-05-11_17h28.42.991,MIC_task,,2026.1.2,59.486276515657686,2026-05-11 17h28.44.439398 +0200,
,,18,0,18,,,,,,,3,v10,bicikli,bicycle,10,vehicles,wheels,7,None,None,57,19,"(0, 0.1)",None,,,,,,,,,,,,,,0,0,0,0,0,24,24,24,18,0,18,0,393.9926688000014,,,,,,,,,,,,,,,,,,,,,,,,,,,,,,,,,,,,,,,,,,,,,,,,,,,,,,,,,,,,,,,,,,,,,,,,,,,,,,,,,,,,,,,,,,,,,393.980066600001,393.9926688000014,393.9926688000014,393.9926688000014,394.17708440000206,None,,,,,,,,,,,,,,,,,,,,,,,,,,,,,,,,P2887,Bar_MIC,3,1,2026-05-11_17h28.42.991,MIC_task,,2026.1.2,59.486276515657686,2026-05-11 17h28.44.439398 +0200,
,,19,0,19,,,,,,,3,v10,bicikli,bicycle,10,vehicles,wheels,7,None,None,57,19,"(0, 0.1)",None,,,,,,,,,,,,,,0,0,0,0,0,24,24,24,19,0,19,0,394.1922000000013,,,,,,,,,,,,,,,,,,,,,,,,,,,,,,,,,,,,,,,,,,,,,,,,,,,,,,,,,,,,,,,,,,,,,,,,,,,,,,,,,,,,,,,,,,,,,394.18030759999965,394.1922000000013,394.1922000000013,394.1922000000013,394.3773352999997,None,,,,,,,,,,,,,,,,,,,,,,,,,,,,,,,,P2887,Bar_MIC,3,1,2026-05-11_17h28.42.991,MIC_task,,2026.1.2,59.486276515657686,2026-05-11 17h28.44.439398 +0200,
,,20,0,20,,,,,,,3,v10,bicikli,bicycle,10,vehicles,wheels,7,None,None,57,19,"(0, 0.1)",None,,,,,,,,,,,,,,0,0,0,0,0,24,24,24,20,0,20,0,394.3926868000017,,,,,,,,,,,,,,,,,,,,,,,,,,,,,,,,,,,,,,,,,,,,,,,,,,,,,,,,,,,,,,,,,,,,,,,,,,,,,,,,,,,,,,,,,,,,,394.3805926000023,394.3926868000017,394.3926868000017,394.3926868000017,394.57657200000176,None,,,,,,,,,,,,,,,,,,,,,,,,,,,,,,,,P2887,Bar_MIC,3,1,2026-05-11_17h28.42.991,MIC_task,,2026.1.2,59.486276515657686,2026-05-11 17h28.44.439398 +0200,
,,21,0,21,,,,,,,3,v10,bicikli,bicycle,10,vehicles,wheels,7,None,None,57,19,"(0, 0.1)",space,0.12869209999917075,None,,,,,,,,,,,,0,0,0,0,0,24,24,24,21,0,21,0,394.5930128,,,,,,,,,,,,,,,,,,,,,,,,,,,,,,,,,,,,,,,,,,,,,,,,,,,,,,,,,,,,,,,,,,,,,,,,,,,,,,,,,,,,,,,,,,,,,394.57957220000026,394.5930128,394.5930128,394.5930128,394.72855990000244,space,0.12869209999917075,None,,,,,,,,,,,,,,,,,,,,,,,,,,,,,,P2887,Bar_MIC,3,1,2026-05-11_17h28.42.991,MIC_task,,2026.1.2,59.486276515657686,2026-05-11 17h28.44.439398 +0200,
,,24,24,0,,,,space,0.6101517999995849,None,3,v10,bicikli,bicycle,10,vehicles,wheels,7,None,None,57,19,"(0, 0.1)",,,,,,,,,,,,,,,0,0,0,0,0,24,24,24,,,,,,,,,,,,,,,,,,,,,,,,,,,,,,,,,,,,,,,,,,,,,,,,,,,,,,,,,,,,,,,,,,,,,,,,,,,,,,,,,394.7893991000019,394.7951079000013,394.79429976666967,396.7302087999997,,,,,,398.73376500000086,398.7497790000016,398.7497790000016,399.3683846000022,,,,,,,,,,,,,396.7523954999997,396.7585031000017,396.7634180333339,398.6493771000023,398.7337144000012,space,0.6101517999995849,None,,,,,,,,,,,,,,,,,,,,,,P2887,Bar_MIC,3,1,2026-05-11_17h28.42.991,MIC_task,,2026.1.2,59.486276515657686,2026-05-11 17h28.44.439398 +0200,
,,0,0,0,,,,,,,3,pl29,brokkoli,broccoli,7,plants,vegetable,5.4,15,None,62,None,"(0, 0.1)",None,,,,,,,,,,,,,,0,0,0,0,0,25,25,25,0,0,0,0,399.39389180000217,,,,,,,,,,,,,,,,,,,,,,,,,,,,,,,,,,,,,,,,,,,,,,,,,,,,,,,,,,,,,,,,,,,,,,,,,,,,,,,,,,,,,,,,,,,,,399.38892940000005,399.39389180000217,399.39389180000217,399.39389180000217,399.5842975000014,None,,,,,,,,,,,,,,,,,,,,,,,,,,,,,,,,P2887,Bar_MIC,3,1,2026-05-11_17h28.42.991,MIC_task,,2026.1.2,59.486276515657686,2026-05-11 17h28.44.439398 +0200,
,,0,0,0,,,,,,,3,pl29,brokkoli,broccoli,7,plants,vegetable,5.4,15,None,62,None,"(0, 0.1)",None,,,,,,,,,,,,,,0,0,0,0,0,25,25,25,0,0,0,0,399.60084070000084,,,,,,,,,,,,,,,,,,,,,,,,,,,,,,,,,,,,,,,,,,,,,,,,,,,,,,,,,,,,,,,,,,,,,,,,,,,,,,,,,,,,,,,,,,,,,399.58820040000137,399.60084070000084,399.60084070000084,399.60084070000084,399.78470110000126,None,,,,,,,,,,,,,,,,,,,,,,,,,,,,,,,,P2887,Bar_MIC,3,1,2026-05-11_17h28.42.991,MIC_task,,2026.1.2,59.486276515657686,2026-05-11 17h28.44.439398 +0200,
,,1,0,1,,,,,,,3,pl29,brokkoli,broccoli,7,plants,vegetable,5.4,15,None,62,None,"(0, 0.1)",None,,,,,,,,,,,,,,0,0,0,0,0,25,25,25,1,0,1,0,399.80117280000195,,,,,,,,,,,,,,,,,,,,,,,,,,,,,,,,,,,,,,,,,,,,,,,,,,,,,,,,,,,,,,,,,,,,,,,,,,,,,,,,,,,,,,,,,,,,,399.7882113000014,399.80117280000195,399.80117280000195,399.80117280000195,399.98519790000137,None,,,,,,,,,,,,,,,,,,,,,,,,,,,,,,,,P2887,Bar_MIC,3,1,2026-05-11_17h28.42.991,MIC_task,,2026.1.2,59.486276515657686,2026-05-11 17h28.44.439398 +0200,
,,2,0,2,,,,,,,3,pl29,brokkoli,broccoli,7,plants,vegetable,5.4,15,None,62,None,"(0, 0.1)",None,,,,,,,,,,,,,,0,0,0,0,0,25,25,25,2,0,2,0,400.0015647,,,,,,,,,,,,,,,,,,,,,,,,,,,,,,,,,,,,,,,,,,,,,,,,,,,,,,,,,,,,,,,,,,,,,,,,,,,,,,,,,,,,,,,,,,,,,399.98832680000123,400.0015647,400.0015647,400.0015647,400.1687837000027,None,,,,,,,,,,,,,,,,,,,,,,,,,,,,,,,,P2887,Bar_MIC,3,1,2026-05-11_17h28.42.991,MIC_task,,2026.1.2,59.486276515657686,2026-05-11 17h28.44.439398 +0200,
,,3,0,3,,,,,,,3,pl29,brokkoli,broccoli,7,plants,vegetable,5.4,15,None,62,None,"(0, 0.1)",None,,,,,,,,,,,,,,0,0,0,0,0,25,25,25,3,0,3,0,400.1852138000031,,,,,,,,,,,,,,,,,,,,,,,,,,,,,,,,,,,,,,,,,,,,,,,,,,,,,,,,,,,,,,,,,,,,,,,,,,,,,,,,,,,,,,,,,,,,,400.1717807000023,400.1852138000031,400.1852138000031,400.1852138000031,400.36913240000285,None,,,,,,,,,,,,,,,,,,,,,,,,,,,,,,,,P2887,Bar_MIC,3,1,2026-05-11_17h28.42.991,MIC_task,,2026.1.2,59.486276515657686,2026-05-11 17h28.44.439398 +0200,
,,4,0,4,,,,,,,3,pl29,brokkoli,broccoli,7,plants,vegetable,5.4,15,None,62,None,"(0, 0.1)",None,,,,,,,,,,,,,,0,0,0,0,0,25,25,25,4,0,4,0,400.38548150000133,,,,,,,,,,,,,,,,,,,,,,,,,,,,,,,,,,,,,,,,,,,,,,,,,,,,,,,,,,,,,,,,,,,,,,,,,,,,,,,,,,,,,,,,,,,,,400.37254790000225,400.38548150000133,400.38548150000133,400.38548150000133,400.56969240000035,None,,,,,,,,,,,,,,,,,,,,,,,,,,,,,,,,P2887,Bar_MIC,3,1,2026-05-11_17h28.42.991,MIC_task,,2026.1.2,59.486276515657686,2026-05-11 17h28.44.439398 +0200,
,,5,0,5,,,,,,,3,pl29,brokkoli,broccoli,7,plants,vegetable,5.4,15,None,62,None,"(0, 0.1)",None,,,,,,,,,,,,,,0,0,0,0,0,25,25,25,5,0,5,0,400.5858309000032,,,,,,,,,,,,,,,,,,,,,,,,,,,,,,,,,,,,,,,,,,,,,,,,,,,,,,,,,,,,,,,,,,,,,,,,,,,,,,,,,,,,,,,,,,,,,400.57278210000004,400.5858309000032,400.5858309000032,400.5858309000032,400.77025760000106,None,,,,,,,,,,,,,,,,,,,,,,,,,,,,,,,,P2887,Bar_MIC,3,1,2026-05-11_17h28.42.991,MIC_task,,2026.1.2,59.486276515657686,2026-05-11 17h28.44.439398 +0200,
,,6,0,6,,,,,,,3,pl29,brokkoli,broccoli,7,plants,vegetable,5.4,15,None,62,None,"(0, 0.1)",None,,,,,,,,,,,,,,0,0,0,0,0,25,25,25,6,0,6,0,400.7862707000022,,,,,,,,,,,,,,,,,,,,,,,,,,,,,,,,,,,,,,,,,,,,,,,,,,,,,,,,,,,,,,,,,,,,,,,,,,,,,,,,,,,,,,,,,,,,,400.77327420000074,400.7862707000022,400.7862707000022,400.7862707000022,400.9706194999999,None,,,,,,,,,,,,,,,,,,,,,,,,,,,,,,,,P2887,Bar_MIC,3,1,2026-05-11_17h28.42.991,MIC_task,,2026.1.2,59.486276515657686,2026-05-11 17h28.44.439398 +0200,
,,7,0,7,,,,,,,3,pl29,brokkoli,broccoli,7,plants,vegetable,5.4,15,None,62,None,"(0, 0.1)",None,,,,,,,,,,,,,,0,0,0,0,0,25,25,25,7,0,7,0,400.986602500001,,,,,,,,,,,,,,,,,,,,,,,,,,,,,,,,,,,,,,,,,,,,,,,,,,,,,,,,,,,,,,,,,,,,,,,,,,,,,,,,,,,,,,,,,,,,,400.97407600000224,400.986602500001,400.986602500001,400.986602500001,401.1708061999998,None,,,,,,,,,,,,,,,,,,,,,,,,,,,,,,,,P2887,Bar_MIC,3,1,2026-05-11_17h28.42.991,MIC_task,,2026.1.2,59.486276515657686,2026-05-11 17h28.44.439398 +0200,
,,8,0,8,,,,,,,3,pl29,brokkoli,broccoli,7,plants,vegetable,5.4,15,None,62,None,"(0, 0.1)",None,,,,,,,,,,,,,,0,0,0,0,0,25,25,25,8,0,8,0,401.18627540000307,,,,,,,,,,,,,,,,,,,,,,,,,,,,,,,,,,,,,,,,,,,,,,,,,,,,,,,,,,,,,,,,,,,,,,,,,,,,,,,,,,,,,,,,,,,,,401.1743604000003,401.18627540000307,401.18627540000307,401.18627540000307,401.37116740000056,None,,,,,,,,,,,,,,,,,,,,,,,,,,,,,,,,P2887,Bar_MIC,3,1,2026-05-11_17h28.42.991,MIC_task,,2026.1.2,59.486276515657686,2026-05-11 17h28.44.439398 +0200,
,,9,0,9,,,,,,,3,pl29,brokkoli,broccoli,7,plants,vegetable,5.4,15,None,62,None,"(0, 0.1)",None,,,,,,,,,,,,,,0,0,0,0,0,25,25,25,9,0,9,0,401.38670990000173,,,,,,,,,,,,,,,,,,,,,,,,,,,,,,,,,,,,,,,,,,,,,,,,,,,,,,,,,,,,,,,,,,,,,,,,,,,,,,,,,,,,,,,,,,,,,401.3747175000026,401.38670990000173,401.38670990000173,401.38670990000173,401.5715274000031,None,,,,,,,,,,,,,,,,,,,,,,,,,,,,,,,,P2887,Bar_MIC,3,1,2026-05-11_17h28.42.991,MIC_task,,2026.1.2,59.486276515657686,2026-05-11 17h28.44.439398 +0200,
,,10,0,10,,,,,,,3,pl29,brokkoli,broccoli,7,plants,vegetable,5.4,15,None,62,None,"(0, 0.1)",None,,,,,,,,,,,,,,0,0,0,0,0,25,25,25,10,0,10,0,401.58705720000216,,,,,,,,,,,,,,,,,,,,,,,,,,,,,,,,,,,,,,,,,,,,,,,,,,,,,,,,,,,,,,,,,,,,,,,,,,,,,,,,,,,,,,,,,,,,,401.57510639999964,401.58705720000216,401.58705720000216,401.58705720000216,401.77087460000257,None,,,,,,,,,,,,,,,,,,,,,,,,,,,,,,,,P2887,Bar_MIC,3,1,2026-05-11_17h28.42.991,MIC_task,,2026.1.2,59.486276515657686,2026-05-11 17h28.44.439398 +0200,
,,11,0,11,,,,,,,3,pl29,brokkoli,broccoli,7,plants,vegetable,5.4,15,None,62,None,"(0, 0.1)",None,,,,,,,,,,,,,,0,0,0,0,0,25,25,25,11,0,11,0,401.7874279000025,,,,,,,,,,,,,,,,,,,,,,,,,,,,,,,,,,,,,,,,,,,,,,,,,,,,,,,,,,,,,,,,,,,,,,,,,,,,,,,,,,,,,,,,,,,,,401.7743459000012,401.7874279000025,401.7874279000025,401.7874279000025,401.97131680000166,None,,,,,,,,,,,,,,,,,,,,,,,,,,,,,,,,P2887,Bar_MIC,3,1,2026-05-11_17h28.42.991,MIC_task,,2026.1.2,59.486276515657686,2026-05-11 17h28.44.439398 +0200,
,,12,0,12,,,,,,,3,pl29,brokkoli,broccoli,7,plants,vegetable,5.4,15,None,62,None,"(0, 0.1)",None,,,,,,,,,,,,,,0,0,0,0,0,25,25,25,12,0,12,0,401.98781080000117,,,,,,,,,,,,,,,,,,,,,,,,,,,,,,,,,,,,,,,,,,,,,,,,,,,,,,,,,,,,,,,,,,,,,,,,,,,,,,,,,,,,,,,,,,,,,401.9748768999998,401.98781080000117,401.98781080000117,401.98781080000117,402.17234480000116,None,,,,,,,,,,,,,,,,,,,,,,,,,,,,,,,,P2887,Bar_MIC,3,1,2026-05-11_17h28.42.991,MIC_task,,2026.1.2,59.486276515657686,2026-05-11 17h28.44.439398 +0200,
,,13,0,13,,,,,,,3,pl29,brokkoli,broccoli,7,plants,vegetable,5.4,15,None,62,None,"(0, 0.1)",None,,,,,,,,,,,,,,0,0,0,0,0,25,25,25,13,0,13,0,402.1881835000022,,,,,,,,,,,,,,,,,,,,,,,,,,,,,,,,,,,,,,,,,,,,,,,,,,,,,,,,,,,,,,,,,,,,,,,,,,,,,,,,,,,,,,,,,,,,,402.1758179000026,402.1881835000022,402.1881835000022,402.1881835000022,402.3722127000001,None,,,,,,,,,,,,,,,,,,,,,,,,,,,,,,,,P2887,Bar_MIC,3,1,2026-05-11_17h28.42.991,MIC_task,,2026.1.2,59.486276515657686,2026-05-11 17h28.44.439398 +0200,
,,14,0,14,,,,,,,3,pl29,brokkoli,broccoli,7,plants,vegetable,5.4,15,None,62,None,"(0, 0.1)",None,,,,,,,,,,,,,,0,0,0,0,0,25,25,25,14,0,14,0,402.38853820000077,,,,,,,,,,,,,,,,,,,,,,,,,,,,,,,,,,,,,,,,,,,,,,,,,,,,,,,,,,,,,,,,,,,,,,,,,,,,,,,,,,,,,,,,,,,,,402.37531110000054,402.38853820000077,402.38853820000077,402.38853820000077,402.5729889000031,None,,,,,,,,,,,,,,,,,,,,,,,,,,,,,,,,P2887,Bar_MIC,3,1,2026-05-11_17h28.42.991,MIC_task,,2026.1.2,59.486276515657686,2026-05-11 17h28.44.439398 +0200,
,,15,0,15,,,,,,,3,pl29,brokkoli,broccoli,7,plants,vegetable,5.4,15,None,62,None,"(0, 0.1)",None,,,,,,,,,,,,,,0,0,0,0,0,25,25,25,15,0,15,0,402.58882540000195,,,,,,,,,,,,,,,,,,,,,,,,,,,,,,,,,,,,,,,,,,,,,,,,,,,,,,,,,,,,,,,,,,,,,,,,,,,,,,,,,,,,,,,,,,,,,402.5763532000019,402.58882540000195,402.58882540000195,402.58882540000195,402.7728879000024,None,,,,,,,,,,,,,,,,,,,,,,,,,,,,,,,,P2887,Bar_MIC,3,1,2026-05-11_17h28.42.991,MIC_task,,2026.1.2,59.486276515657686,2026-05-11 17h28.44.439398 +0200,
,,16,0,16,,,,,,,3,pl29,brokkoli,broccoli,7,plants,vegetable,5.4,15,None,62,None,"(0, 0.1)",None,,,,,,,,,,,,,,0,0,0,0,0,25,25,25,16,0,16,0,402.7892896000012,,,,,,,,,,,,,,,,,,,,,,,,,,,,,,,,,,,,,,,,,,,,,,,,,,,,,,,,,,,,,,,,,,,,,,,,,,,,,,,,,,,,,,,,,,,,,402.77643610000086,402.7892896000012,402.7892896000012,402.7892896000012,402.973801600001,None,,,,,,,,,,,,,,,,,,,,,,,,,,,,,,,,P2887,Bar_MIC,3,1,2026-05-11_17h28.42.991,MIC_task,,2026.1.2,59.486276515657686,2026-05-11 17h28.44.439398 +0200,
,,17,0,17,,,,,,,3,pl29,brokkoli,broccoli,7,plants,vegetable,5.4,15,None,62,None,"(0, 0.1)",None,,,,,,,,,,,,,,0,0,0,0,0,25,25,25,17,0,17,0,402.989637900002,,,,,,,,,,,,,,,,,,,,,,,,,,,,,,,,,,,,,,,,,,,,,,,,,,,,,,,,,,,,,,,,,,,,,,,,,,,,,,,,,,,,,,,,,,,,,402.97728070000085,402.989637900002,402.989637900002,402.989637900002,403.17372109999997,None,,,,,,,,,,,,,,,,,,,,,,,,,,,,,,,,P2887,Bar_MIC,3,1,2026-05-11_17h28.42.991,MIC_task,,2026.1.2,59.486276515657686,2026-05-11 17h28.44.439398 +0200,
,,18,0,18,,,,,,,3,pl29,brokkoli,broccoli,7,plants,vegetable,5.4,15,None,62,None,"(0, 0.1)",None,,,,,,,,,,,,,,0,0,0,0,0,25,25,25,18,0,18,0,403.1900452000009,,,,,,,,,,,,,,,,,,,,,,,,,,,,,,,,,,,,,,,,,,,,,,,,,,,,,,,,,,,,,,,,,,,,,,,,,,,,,,,,,,,,,,,,,,,,,403.17724140000064,403.1900452000009,403.1900452000009,403.1900452000009,403.3741512000015,None,,,,,,,,,,,,,,,,,,,,,,,,,,,,,,,,P2887,Bar_MIC,3,1,2026-05-11_17h28.42.991,MIC_task,,2026.1.2,59.486276515657686,2026-05-11 17h28.44.439398 +0200,
,,19,0,19,,,,,,,3,pl29,brokkoli,broccoli,7,plants,vegetable,5.4,15,None,62,None,"(0, 0.1)",None,,,,,,,,,,,,,,0,0,0,0,0,25,25,25,19,0,19,0,403.38967500000217,,,,,,,,,,,,,,,,,,,,,,,,,,,,,,,,,,,,,,,,,,,,,,,,,,,,,,,,,,,,,,,,,,,,,,,,,,,,,,,,,,,,,,,,,,,,,403.377167300001,403.38967500000217,403.38967500000217,403.38967500000217,403.5736883999998,None,,,,,,,,,,,,,,,,,,,,,,,,,,,,,,,,P2887,Bar_MIC,3,1,2026-05-11_17h28.42.991,MIC_task,,2026.1.2,59.486276515657686,2026-05-11 17h28.44.439398 +0200,
,,20,0,20,,,,,,,3,pl29,brokkoli,broccoli,7,plants,vegetable,5.4,15,None,62,None,"(0, 0.1)",None,,,,,,,,,,,,,,0,0,0,0,0,25,25,25,20,0,20,0,403.59006860000227,,,,,,,,,,,,,,,,,,,,,,,,,,,,,,,,,,,,,,,,,,,,,,,,,,,,,,,,,,,,,,,,,,,,,,,,,,,,,,,,,,,,,,,,,,,,,403.5767756000023,403.59006860000227,403.59006860000227,403.59006860000227,403.7750517000022,None,,,,,,,,,,,,,,,,,,,,,,,,,,,,,,,,P2887,Bar_MIC,3,1,2026-05-11_17h28.42.991,MIC_task,,2026.1.2,59.486276515657686,2026-05-11 17h28.44.439398 +0200,
,,21,0,21,,,,,,,3,pl29,brokkoli,broccoli,7,plants,vegetable,5.4,15,None,62,None,"(0, 0.1)",None,,,,,,,,,,,,,,0,0,0,0,0,25,25,25,21,0,21,0,403.79043190000084,,,,,,,,,,,,,,,,,,,,,,,,,,,,,,,,,,,,,,,,,,,,,,,,,,,,,,,,,,,,,,,,,,,,,,,,,,,,,,,,,,,,,,,,,,,,,403.7781943000009,403.79043190000084,403.79043190000084,403.79043190000084,403.9741807999999,None,,,,,,,,,,,,,,,,,,,,,,,,,,,,,,,,P2887,Bar_MIC,3,1,2026-05-11_17h28.42.991,MIC_task,,2026.1.2,59.486276515657686,2026-05-11 17h28.44.439398 +0200,
,,22,0,22,,,,,,,3,pl29,brokkoli,broccoli,7,plants,vegetable,5.4,15,None,62,None,"(0, 0.1)",None,,,,,,,,,,,,,,0,0,0,0,0,25,25,25,22,0,22,0,403.99078010000085,,,,,,,,,,,,,,,,,,,,,,,,,,,,,,,,,,,,,,,,,,,,,,,,,,,,,,,,,,,,,,,,,,,,,,,,,,,,,,,,,,,,,,,,,,,,,403.977756100001,403.99078010000085,403.99078010000085,403.99078010000085,404.1745585000026,None,,,,,,,,,,,,,,,,,,,,,,,,,,,,,,,,P2887,Bar_MIC,3,1,2026-05-11_17h28.42.991,MIC_task,,2026.1.2,59.486276515657686,2026-05-11 17h28.44.439398 +0200,
,,23,0,23,,,,,,,3,pl29,brokkoli,broccoli,7,plants,vegetable,5.4,15,None,62,None,"(0, 0.1)",None,,,,,,,,,,,,,,0,0,0,0,0,25,25,25,23,0,23,0,404.19112470000255,,,,,,,,,,,,,,,,,,,,,,,,,,,,,,,,,,,,,,,,,,,,,,,,,,,,,,,,,,,,,,,,,,,,,,,,,,,,,,,,,,,,,,,,,,,,,404.1779749000016,404.19112470000255,404.19112470000255,404.19112470000255,404.3756392000032,None,,,,,,,,,,,,,,,,,,,,,,,,,,,,,,,,P2887,Bar_MIC,3,1,2026-05-11_17h28.42.991,MIC_task,,2026.1.2,59.486276515657686,2026-05-11 17h28.44.439398 +0200,
,,24,0,24,,,,,,,3,pl29,brokkoli,broccoli,7,plants,vegetable,5.4,15,None,62,None,"(0, 0.1)",None,,,,,,,,,,,,,,0,0,0,0,0,25,25,25,24,0,24,0,404.3915310000011,,,,,,,,,,,,,,,,,,,,,,,,,,,,,,,,,,,,,,,,,,,,,,,,,,,,,,,,,,,,,,,,,,,,,,,,,,,,,,,,,,,,,,,,,,,,,404.3792536000001,404.3915310000011,404.3915310000011,404.3915310000011,404.57580940000116,None,,,,,,,,,,,,,,,,,,,,,,,,,,,,,,,,P2887,Bar_MIC,3,1,2026-05-11_17h28.42.991,MIC_task,,2026.1.2,59.486276515657686,2026-05-11 17h28.44.439398 +0200,
,,25,0,25,,,,,,,3,pl29,brokkoli,broccoli,7,plants,vegetable,5.4,15,None,62,None,"(0, 0.1)",None,,,,,,,,,,,,,,0,0,0,0,0,25,25,25,25,0,25,0,404.59189360000164,,,,,,,,,,,,,,,,,,,,,,,,,,,,,,,,,,,,,,,,,,,,,,,,,,,,,,,,,,,,,,,,,,,,,,,,,,,,,,,,,,,,,,,,,,,,,404.57912240000223,404.59189360000164,404.59189360000164,404.59189360000164,404.7759518000021,None,,,,,,,,,,,,,,,,,,,,,,,,,,,,,,,,P2887,Bar_MIC,3,1,2026-05-11_17h28.42.991,MIC_task,,2026.1.2,59.486276515657686,2026-05-11 17h28.44.439398 +0200,
,,26,0,26,,,,,,,3,pl29,brokkoli,broccoli,7,plants,vegetable,5.4,15,None,62,None,"(0, 0.1)",None,,,,,,,,,,,,,,0,0,0,0,0,25,25,25,26,0,26,0,404.7922174000014,,,,,,,,,,,,,,,,,,,,,,,,,,,,,,,,,,,,,,,,,,,,,,,,,,,,,,,,,,,,,,,,,,,,,,,,,,,,,,,,,,,,,,,,,,,,,404.7793147000011,404.7922174000014,404.7922174000014,404.7922174000014,404.9761950000029,None,,,,,,,,,,,,,,,,,,,,,,,,,,,,,,,,P2887,Bar_MIC,3,1,2026-05-11_17h28.42.991,MIC_task,,2026.1.2,59.486276515657686,2026-05-11 17h28.44.439398 +0200,
,,27,0,27,,,,,,,3,pl29,brokkoli,broccoli,7,plants,vegetable,5.4,15,None,62,None,"(0, 0.1)",None,,,,,,,,,,,,,,0,0,0,0,0,25,25,25,27,0,27,0,404.9926508999997,,,,,,,,,,,,,,,,,,,,,,,,,,,,,,,,,,,,,,,,,,,,,,,,,,,,,,,,,,,,,,,,,,,,,,,,,,,,,,,,,,,,,,,,,,,,,404.97973880000063,404.9926508999997,404.9926508999997,404.9926508999997,405.1768340000017,None,,,,,,,,,,,,,,,,,,,,,,,,,,,,,,,,P2887,Bar_MIC,3,1,2026-05-11_17h28.42.991,MIC_task,,2026.1.2,59.486276515657686,2026-05-11 17h28.44.439398 +0200,
,,28,0,28,,,,,,,3,pl29,brokkoli,broccoli,7,plants,vegetable,5.4,15,None,62,None,"(0, 0.1)",space,0.07043530000009923,None,,,,,,,,,,,,0,0,0,0,0,25,25,25,28,0,28,0,405.19292889999997,,,,,,,,,,,,,,,,,,,,,,,,,,,,,,,,,,,,,,,,,,,,,,,,,,,,,,,,,,,,,,,,,,,,,,,,,,,,,,,,,,,,,,,,,,,,,405.1799948000007,405.19292889999997,405.19292889999997,405.19292889999997,405.27679740000167,space,0.07043530000009923,None,,,,,,,,,,,,,,,,,,,,,,,,,,,,,,P2887,Bar_MIC,3,1,2026-05-11_17h28.42.991,MIC_task,,2026.1.2,59.486276515657686,2026-05-11 17h28.44.439398 +0200,
,,25,25,0,,,,space,5.70129210000232,None,3,pl29,brokkoli,broccoli,7,plants,vegetable,5.4,15,None,62,None,"(0, 0.1)",,,,,,,,,,,,,,,0,0,0,0,0,25,25,25,,,,,,,,,,,,,,,,,,,,,,,,,,,,,,,,,,,,,,,,,,,,,,,,,,,,,,,,,,,,,,,,,,,,,,,,,,,,,,,,,405.3396113000017,405.3449600000022,405.34269556666646,407.27922650000255,,,,,,409.2832312000028,409.2998735000001,409.2998735000001,415.0083071000008,,,,,,,,,,,,,407.30432530000326,407.30931670000064,407.3124341333355,409.19900600000256,409.283185100001,space,5.70129210000232,None,,,,,,,,,,,,,,,,,,,,,,P2887,Bar_MIC,3,1,2026-05-11_17h28.42.991,MIC_task,,2026.1.2,59.486276515657686,2026-05-11 17h28.44.439398 +0200,
,,0,0,0,,,,,,,3,t06,sátor,tent,8,tools,camping,4.8,110,None,None,None,"(-0.1, -0.1)",None,,,,,,,,,,,,,,0,0,0,0,0,26,26,26,0,0,0,0,415.02425310000035,,,,,,,,,,,,,,,,,,,,,,,,,,,,,,,,,,,,,,,,,,,,,,,,,,,,,,,,,,,,,,,,,,,,,,,,,,,,,,,,,,,,,,,,,,,,,415.01152340000044,415.02425310000035,415.02425310000035,415.02425310000035,415.20926560000225,None,,,,,,,,,,,,,,,,,,,,,,,,,,,,,,,,P2887,Bar_MIC,3,1,2026-05-11_17h28.42.991,MIC_task,,2026.1.2,59.486276515657686,2026-05-11 17h28.44.439398 +0200,
,,0,0,0,,,,,,,3,t06,sátor,tent,8,tools,camping,4.8,110,None,None,None,"(-0.1, -0.1)",None,,,,,,,,,,,,,,0,0,0,0,0,26,26,26,0,0,0,0,415.22461210000256,,,,,,,,,,,,,,,,,,,,,,,,,,,,,,,,,,,,,,,,,,,,,,,,,,,,,,,,,,,,,,,,,,,,,,,,,,,,,,,,,,,,,,,,,,,,,415.21199810000326,415.22461210000256,415.22461210000256,415.22461210000256,415.4084987000024,None,,,,,,,,,,,,,,,,,,,,,,,,,,,,,,,,P2887,Bar_MIC,3,1,2026-05-11_17h28.42.991,MIC_task,,2026.1.2,59.486276515657686,2026-05-11 17h28.44.439398 +0200,
,,1,0,1,,,,,,,3,t06,sátor,tent,8,tools,camping,4.8,110,None,None,None,"(-0.1, -0.1)",None,,,,,,,,,,,,,,0,0,0,0,0,26,26,26,1,0,1,0,415.4249697000014,,,,,,,,,,,,,,,,,,,,,,,,,,,,,,,,,,,,,,,,,,,,,,,,,,,,,,,,,,,,,,,,,,,,,,,,,,,,,,,,,,,,,,,,,,,,,415.4113982000017,415.4249697000014,415.4249697000014,415.4249697000014,415.6092796000012,None,,,,,,,,,,,,,,,,,,,,,,,,,,,,,,,,P2887,Bar_MIC,3,1,2026-05-11_17h28.42.991,MIC_task,,2026.1.2,59.486276515657686,2026-05-11 17h28.44.439398 +0200,
,,2,0,2,,,,,,,3,t06,sátor,tent,8,tools,camping,4.8,110,None,None,None,"(-0.1, -0.1)",None,,,,,,,,,,,,,,0,0,0,0,0,26,26,26,2,0,2,0,415.62536850000106,,,,,,,,,,,,,,,,,,,,,,,,,,,,,,,,,,,,,,,,,,,,,,,,,,,,,,,,,,,,,,,,,,,,,,,,,,,,,,,,,,,,,,,,,,,,,415.6122495000018,415.62536850000106,415.62536850000106,415.62536850000106,415.80929240000114,None,,,,,,,,,,,,,,,,,,,,,,,,,,,,,,,,P2887,Bar_MIC,3,1,2026-05-11_17h28.42.991,MIC_task,,2026.1.2,59.486276515657686,2026-05-11 17h28.44.439398 +0200,
,,3,0,3,,,,,,,3,t06,sátor,tent,8,tools,camping,4.8,110,None,None,None,"(-0.1, -0.1)",None,,,,,,,,,,,,,,0,0,0,0,0,26,26,26,3,0,3,0,415.82571910000115,,,,,,,,,,,,,,,,,,,,,,,,,,,,,,,,,,,,,,,,,,,,,,,,,,,,,,,,,,,,,,,,,,,,,,,,,,,,,,,,,,,,,,,,,,,,,415.81222660000276,415.82571910000115,415.82571910000115,415.82571910000115,416.00997420000203,None,,,,,,,,,,,,,,,,,,,,,,,,,,,,,,,,P2887,Bar_MIC,3,1,2026-05-11_17h28.42.991,MIC_task,,2026.1.2,59.486276515657686,2026-05-11 17h28.44.439398 +0200,
,,4,0,4,,,,,,,3,t06,sátor,tent,8,tools,camping,4.8,110,None,None,None,"(-0.1, -0.1)",None,,,,,,,,,,,,,,0,0,0,0,0,26,26,26,4,0,4,0,416.02595270000165,,,,,,,,,,,,,,,,,,,,,,,,,,,,,,,,,,,,,,,,,,,,,,,,,,,,,,,,,,,,,,,,,,,,,,,,,,,,,,,,,,,,,,,,,,,,,416.01291240000137,416.02595270000165,416.02595270000165,416.02595270000165,416.21009740000227,None,,,,,,,,,,,,,,,,,,,,,,,,,,,,,,,,P2887,Bar_MIC,3,1,2026-05-11_17h28.42.991,MIC_task,,2026.1.2,59.486276515657686,2026-05-11 17h28.44.439398 +0200,
,,5,0,5,,,,,,,3,t06,sátor,tent,8,tools,camping,4.8,110,None,None,None,"(-0.1, -0.1)",None,,,,,,,,,,,,,,0,0,0,0,0,26,26,26,5,0,5,0,416.2263716000016,,,,,,,,,,,,,,,,,,,,,,,,,,,,,,,,,,,,,,,,,,,,,,,,,,,,,,,,,,,,,,,,,,,,,,,,,,,,,,,,,,,,,,,,,,,,,416.2130309000022,416.2263716000016,416.2263716000016,416.2263716000016,416.4106387000029,None,,,,,,,,,,,,,,,,,,,,,,,,,,,,,,,,P2887,Bar_MIC,3,1,2026-05-11_17h28.42.991,MIC_task,,2026.1.2,59.486276515657686,2026-05-11 17h28.44.439398 +0200,
,,6,0,6,,,,,,,3,t06,sátor,tent,8,tools,camping,4.8,110,None,None,None,"(-0.1, -0.1)",None,,,,,,,,,,,,,,0,0,0,0,0,26,26,26,6,0,6,0,416.4268609000028,,,,,,,,,,,,,,,,,,,,,,,,,,,,,,,,,,,,,,,,,,,,,,,,,,,,,,,,,,,,,,,,,,,,,,,,,,,,,,,,,,,,,,,,,,,,,416.4133744000028,416.4268609000028,416.4268609000028,416.4268609000028,416.6109385000018,None,,,,,,,,,,,,,,,,,,,,,,,,,,,,,,,,P2887,Bar_MIC,3,1,2026-05-11_17h28.42.991,MIC_task,,2026.1.2,59.486276515657686,2026-05-11 17h28.44.439398 +0200,
,,7,0,7,,,,,,,3,t06,sátor,tent,8,tools,camping,4.8,110,None,None,None,"(-0.1, -0.1)",None,,,,,,,,,,,,,,0,0,0,0,0,26,26,26,7,0,7,0,416.62724460000027,,,,,,,,,,,,,,,,,,,,,,,,,,,,,,,,,,,,,,,,,,,,,,,,,,,,,,,,,,,,,,,,,,,,,,,,,,,,,,,,,,,,,,,,,,,,,416.6140594000026,416.62724460000027,416.62724460000027,416.62724460000027,416.81133430000045,None,,,,,,,,,,,,,,,,,,,,,,,,,,,,,,,,P2887,Bar_MIC,3,1,2026-05-11_17h28.42.991,MIC_task,,2026.1.2,59.486276515657686,2026-05-11 17h28.44.439398 +0200,
,,8,0,8,,,,,,,3,t06,sátor,tent,8,tools,camping,4.8,110,None,None,None,"(-0.1, -0.1)",None,,,,,,,,,,,,,,0,0,0,0,0,26,26,26,8,0,8,0,416.82682209999984,,,,,,,,,,,,,,,,,,,,,,,,,,,,,,,,,,,,,,,,,,,,,,,,,,,,,,,,,,,,,,,,,,,,,,,,,,,,,,,,,,,,,,,,,,,,,416.8143694999999,416.82682209999984,416.82682209999984,416.82682209999984,417.0118730000031,None,,,,,,,,,,,,,,,,,,,,,,,,,,,,,,,,P2887,Bar_MIC,3,1,2026-05-11_17h28.42.991,MIC_task,,2026.1.2,59.486276515657686,2026-05-11 17h28.44.439398 +0200,
,,9,0,9,,,,,,,3,t06,sátor,tent,8,tools,camping,4.8,110,None,None,None,"(-0.1, -0.1)",None,,,,,,,,,,,,,,0,0,0,0,0,26,26,26,9,0,9,0,417.0271998999997,,,,,,,,,,,,,,,,,,,,,,,,,,,,,,,,,,,,,,,,,,,,,,,,,,,,,,,,,,,,,,,,,,,,,,,,,,,,,,,,,,,,,,,,,,,,,417.0145576000032,417.0271998999997,417.0271998999997,417.0271998999997,417.2120907999997,None,,,,,,,,,,,,,,,,,,,,,,,,,,,,,,,,P2887,Bar_MIC,3,1,2026-05-11_17h28.42.991,MIC_task,,2026.1.2,59.486276515657686,2026-05-11 17h28.44.439398 +0200,
,,10,0,10,,,,,,,3,t06,sátor,tent,8,tools,camping,4.8,110,None,None,None,"(-0.1, -0.1)",None,,,,,,,,,,,,,,0,0,0,0,0,26,26,26,10,0,10,0,417.2276712000021,,,,,,,,,,,,,,,,,,,,,,,,,,,,,,,,,,,,,,,,,,,,,,,,,,,,,,,,,,,,,,,,,,,,,,,,,,,,,,,,,,,,,,,,,,,,,417.2152101000029,417.2276712000021,417.2276712000021,417.2276712000021,417.41138240000146,None,,,,,,,,,,,,,,,,,,,,,,,,,,,,,,,,P2887,Bar_MIC,3,1,2026-05-11_17h28.42.991,MIC_task,,2026.1.2,59.486276515657686,2026-05-11 17h28.44.439398 +0200,
,,11,0,11,,,,,,,3,t06,sátor,tent,8,tools,camping,4.8,110,None,None,None,"(-0.1, -0.1)",None,,,,,,,,,,,,,,0,0,0,0,0,26,26,26,11,0,11,0,417.42798980000225,,,,,,,,,,,,,,,,,,,,,,,,,,,,,,,,,,,,,,,,,,,,,,,,,,,,,,,,,,,,,,,,,,,,,,,,,,,,,,,,,,,,,,,,,,,,,417.4141034000022,417.42798980000225,417.42798980000225,417.42798980000225,417.6130336000024,None,,,,,,,,,,,,,,,,,,,,,,,,,,,,,,,,P2887,Bar_MIC,3,1,2026-05-11_17h28.42.991,MIC_task,,2026.1.2,59.486276515657686,2026-05-11 17h28.44.439398 +0200,
,,12,0,12,,,,,,,3,t06,sátor,tent,8,tools,camping,4.8,110,None,None,None,"(-0.1, -0.1)",None,,,,,,,,,,,,,,0,0,0,0,0,26,26,26,12,0,12,0,417.6283039000009,,,,,,,,,,,,,,,,,,,,,,,,,,,,,,,,,,,,,,,,,,,,,,,,,,,,,,,,,,,,,,,,,,,,,,,,,,,,,,,,,,,,,,,,,,,,,417.61622420000276,417.6283039000009,417.6283039000009,417.6283039000009,417.8123977000032,None,,,,,,,,,,,,,,,,,,,,,,,,,,,,,,,,P2887,Bar_MIC,3,1,2026-05-11_17h28.42.991,MIC_task,,2026.1.2,59.486276515657686,2026-05-11 17h28.44.439398 +0200,
,,13,0,13,,,,,,,3,t06,sátor,tent,8,tools,camping,4.8,110,None,None,None,"(-0.1, -0.1)",None,,,,,,,,,,,,,,0,0,0,0,0,26,26,26,13,0,13,0,417.8287169000032,,,,,,,,,,,,,,,,,,,,,,,,,,,,,,,,,,,,,,,,,,,,,,,,,,,,,,,,,,,,,,,,,,,,,,,,,,,,,,,,,,,,,,,,,,,,,417.8150627000032,417.8287169000032,417.8287169000032,417.8287169000032,418.0125752000022,None,,,,,,,,,,,,,,,,,,,,,,,,,,,,,,,,P2887,Bar_MIC,3,1,2026-05-11_17h28.42.991,MIC_task,,2026.1.2,59.486276515657686,2026-05-11 17h28.44.439398 +0200,
,,14,0,14,,,,,,,3,t06,sátor,tent,8,tools,camping,4.8,110,None,None,None,"(-0.1, -0.1)",None,,,,,,,,,,,,,,0,0,0,0,0,26,26,26,14,0,14,0,418.0291545,,,,,,,,,,,,,,,,,,,,,,,,,,,,,,,,,,,,,,,,,,,,,,,,,,,,,,,,,,,,,,,,,,,,,,,,,,,,,,,,,,,,,,,,,,,,,418.01572520000263,418.0291545,418.0291545,418.0291545,418.2130988000026,None,,,,,,,,,,,,,,,,,,,,,,,,,,,,,,,,P2887,Bar_MIC,3,1,2026-05-11_17h28.42.991,MIC_task,,2026.1.2,59.486276515657686,2026-05-11 17h28.44.439398 +0200,
,,15,0,15,,,,,,,3,t06,sátor,tent,8,tools,camping,4.8,110,None,None,None,"(-0.1, -0.1)",None,,,,,,,,,,,,,,0,0,0,0,0,26,26,26,15,0,15,0,418.22951699999976,,,,,,,,,,,,,,,,,,,,,,,,,,,,,,,,,,,,,,,,,,,,,,,,,,,,,,,,,,,,,,,,,,,,,,,,,,,,,,,,,,,,,,,,,,,,,418.2161926000008,418.22951699999976,418.22951699999976,418.22951699999976,418.41401360000236,None,,,,,,,,,,,,,,,,,,,,,,,,,,,,,,,,P2887,Bar_MIC,3,1,2026-05-11_17h28.42.991,MIC_task,,2026.1.2,59.486276515657686,2026-05-11 17h28.44.439398 +0200,
,,16,0,16,,,,,,,3,t06,sátor,tent,8,tools,camping,4.8,110,None,None,None,"(-0.1, -0.1)",None,,,,,,,,,,,,,,0,0,0,0,0,26,26,26,16,0,16,0,418.42976850000196,,,,,,,,,,,,,,,,,,,,,,,,,,,,,,,,,,,,,,,,,,,,,,,,,,,,,,,,,,,,,,,,,,,,,,,,,,,,,,,,,,,,,,,,,,,,,418.41664800000217,418.42976850000196,418.42976850000196,418.42976850000196,418.6141650000027,None,,,,,,,,,,,,,,,,,,,,,,,,,,,,,,,,P2887,Bar_MIC,3,1,2026-05-11_17h28.42.991,MIC_task,,2026.1.2,59.486276515657686,2026-05-11 17h28.44.439398 +0200,
,,17,0,17,,,,,,,3,t06,sátor,tent,8,tools,camping,4.8,110,None,None,None,"(-0.1, -0.1)",None,,,,,,,,,,,,,,0,0,0,0,0,26,26,26,17,0,17,0,418.6302577000024,,,,,,,,,,,,,,,,,,,,,,,,,,,,,,,,,,,,,,,,,,,,,,,,,,,,,,,,,,,,,,,,,,,,,,,,,,,,,,,,,,,,,,,,,,,,,418.61704760000066,418.6302577000024,418.6302577000024,418.6302577000024,418.81417870000223,None,,,,,,,,,,,,,,,,,,,,,,,,,,,,,,,,P2887,Bar_MIC,3,1,2026-05-11_17h28.42.991,MIC_task,,2026.1.2,59.486276515657686,2026-05-11 17h28.44.439398 +0200,
,,18,0,18,,,,,,,3,t06,sátor,tent,8,tools,camping,4.8,110,None,None,None,"(-0.1, -0.1)",None,,,,,,,,,,,,,,0,0,0,0,0,26,26,26,18,0,18,0,418.8304798999998,,,,,,,,,,,,,,,,,,,,,,,,,,,,,,,,,,,,,,,,,,,,,,,,,,,,,,,,,,,,,,,,,,,,,,,,,,,,,,,,,,,,,,,,,,,,,418.81738210000185,418.8304798999998,418.8304798999998,418.8304798999998,419.0146179000003,None,,,,,,,,,,,,,,,,,,,,,,,,,,,,,,,,P2887,Bar_MIC,3,1,2026-05-11_17h28.42.991,MIC_task,,2026.1.2,59.486276515657686,2026-05-11 17h28.44.439398 +0200,
,,19,0,19,,,,,,,3,t06,sátor,tent,8,tools,camping,4.8,110,None,None,None,"(-0.1, -0.1)",None,,,,,,,,,,,,,,0,0,0,0,0,26,26,26,19,0,19,0,419.0301799000008,,,,,,,,,,,,,,,,,,,,,,,,,,,,,,,,,,,,,,,,,,,,,,,,,,,,,,,,,,,,,,,,,,,,,,,,,,,,,,,,,,,,,,,,,,,,,419.0177309000028,419.0301799000008,419.0301799000008,419.0301799000008,419.2139487000022,None,,,,,,,,,,,,,,,,,,,,,,,,,,,,,,,,P2887,Bar_MIC,3,1,2026-05-11_17h28.42.991,MIC_task,,2026.1.2,59.486276515657686,2026-05-11 17h28.44.439398 +0200,
,,20,0,20,,,,,,,3,t06,sátor,tent,8,tools,camping,4.8,110,None,None,None,"(-0.1, -0.1)",None,,,,,,,,,,,,,,0,0,0,0,0,26,26,26,20,0,20,0,419.230643400002,,,,,,,,,,,,,,,,,,,,,,,,,,,,,,,,,,,,,,,,,,,,,,,,,,,,,,,,,,,,,,,,,,,,,,,,,,,,,,,,,,,,,,,,,,,,,419.2170096000009,419.230643400002,419.230643400002,419.230643400002,419.41553970000314,None,,,,,,,,,,,,,,,,,,,,,,,,,,,,,,,,P2887,Bar_MIC,3,1,2026-05-11_17h28.42.991,MIC_task,,2026.1.2,59.486276515657686,2026-05-11 17h28.44.439398 +0200,
,,21,0,21,,,,,,,3,t06,sátor,tent,8,tools,camping,4.8,110,None,None,None,"(-0.1, -0.1)",None,,,,,,,,,,,,,,0,0,0,0,0,26,26,26,21,0,21,0,419.4310074000023,,,,,,,,,,,,,,,,,,,,,,,,,,,,,,,,,,,,,,,,,,,,,,,,,,,,,,,,,,,,,,,,,,,,,,,,,,,,,,,,,,,,,,,,,,,,,419.41816400000243,419.4310074000023,419.4310074000023,419.4310074000023,419.61591880000196,None,,,,,,,,,,,,,,,,,,,,,,,,,,,,,,,,P2887,Bar_MIC,3,1,2026-05-11_17h28.42.991,MIC_task,,2026.1.2,59.486276515657686,2026-05-11 17h28.44.439398 +0200,
,,22,0,22,,,,,,,3,t06,sátor,tent,8,tools,camping,4.8,110,None,None,None,"(-0.1, -0.1)",None,,,,,,,,,,,,,,0,0,0,0,0,26,26,26,22,0,22,0,419.63131010000143,,,,,,,,,,,,,,,,,,,,,,,,,,,,,,,,,,,,,,,,,,,,,,,,,,,,,,,,,,,,,,,,,,,,,,,,,,,,,,,,,,,,,,,,,,,,,419.6188174000017,419.63131010000143,419.63131010000143,419.63131010000143,419.81502420000106,None,,,,,,,,,,,,,,,,,,,,,,,,,,,,,,,,P2887,Bar_MIC,3,1,2026-05-11_17h28.42.991,MIC_task,,2026.1.2,59.486276515657686,2026-05-11 17h28.44.439398 +0200,
,,23,0,23,,,,,,,3,t06,sátor,tent,8,tools,camping,4.8,110,None,None,None,"(-0.1, -0.1)",None,,,,,,,,,,,,,,0,0,0,0,0,26,26,26,23,0,23,0,419.83175090000077,,,,,,,,,,,,,,,,,,,,,,,,,,,,,,,,,,,,,,,,,,,,,,,,,,,,,,,,,,,,,,,,,,,,,,,,,,,,,,,,,,,,,,,,,,,,,419.81781390000106,419.83175090000077,419.83175090000077,419.83175090000077,420.0154528000021,None,,,,,,,,,,,,,,,,,,,,,,,,,,,,,,,,P2887,Bar_MIC,3,1,2026-05-11_17h28.42.991,MIC_task,,2026.1.2,59.486276515657686,2026-05-11 17h28.44.439398 +0200,
,,24,0,24,,,,,,,3,t06,sátor,tent,8,tools,camping,4.8,110,None,None,None,"(-0.1, -0.1)",None,,,,,,,,,,,,,,0,0,0,0,0,26,26,26,24,0,24,0,420.03204910000204,,,,,,,,,,,,,,,,,,,,,,,,,,,,,,,,,,,,,,,,,,,,,,,,,,,,,,,,,,,,,,,,,,,,,,,,,,,,,,,,,,,,,,,,,,,,,420.0183582000027,420.03204910000204,420.03204910000204,420.03204910000204,420.21594090000144,None,,,,,,,,,,,,,,,,,,,,,,,,,,,,,,,,P2887,Bar_MIC,3,1,2026-05-11_17h28.42.991,MIC_task,,2026.1.2,59.486276515657686,2026-05-11 17h28.44.439398 +0200,
,,25,0,25,,,,,,,3,t06,sátor,tent,8,tools,camping,4.8,110,None,None,None,"(-0.1, -0.1)",None,,,,,,,,,,,,,,0,0,0,0,0,26,26,26,25,0,25,0,420.2323546000007,,,,,,,,,,,,,,,,,,,,,,,,,,,,,,,,,,,,,,,,,,,,,,,,,,,,,,,,,,,,,,,,,,,,,,,,,,,,,,,,,,,,,,,,,,,,,420.2189070000022,420.2323546000007,420.2323546000007,420.2323546000007,420.41638460000104,None,,,,,,,,,,,,,,,,,,,,,,,,,,,,,,,,P2887,Bar_MIC,3,1,2026-05-11_17h28.42.991,MIC_task,,2026.1.2,59.486276515657686,2026-05-11 17h28.44.439398 +0200,
,,26,0,26,,,,,,,3,t06,sátor,tent,8,tools,camping,4.8,110,None,None,None,"(-0.1, -0.1)",None,,,,,,,,,,,,,,0,0,0,0,0,26,26,26,26,0,26,0,420.43283580000207,,,,,,,,,,,,,,,,,,,,,,,,,,,,,,,,,,,,,,,,,,,,,,,,,,,,,,,,,,,,,,,,,,,,,,,,,,,,,,,,,,,,,,,,,,,,,420.41901599999983,420.43283580000207,420.43283580000207,420.43283580000207,420.61674270000003,None,,,,,,,,,,,,,,,,,,,,,,,,,,,,,,,,P2887,Bar_MIC,3,1,2026-05-11_17h28.42.991,MIC_task,,2026.1.2,59.486276515657686,2026-05-11 17h28.44.439398 +0200,
,,27,0,27,,,,,,,3,t06,sátor,tent,8,tools,camping,4.8,110,None,None,None,"(-0.1, -0.1)",None,,,,,,,,,,,,,,0,0,0,0,0,26,26,26,27,0,27,0,420.6331683000026,,,,,,,,,,,,,,,,,,,,,,,,,,,,,,,,,,,,,,,,,,,,,,,,,,,,,,,,,,,,,,,,,,,,,,,,,,,,,,,,,,,,,,,,,,,,,420.6197987000014,420.6331683000026,420.6331683000026,420.6331683000026,420.8173132000011,None,,,,,,,,,,,,,,,,,,,,,,,,,,,,,,,,P2887,Bar_MIC,3,1,2026-05-11_17h28.42.991,MIC_task,,2026.1.2,59.486276515657686,2026-05-11 17h28.44.439398 +0200,
,,28,0,28,,,,,,,3,t06,sátor,tent,8,tools,camping,4.8,110,None,None,None,"(-0.1, -0.1)",None,,,,,,,,,,,,,,0,0,0,0,0,26,26,26,28,0,28,0,420.8334904000003,,,,,,,,,,,,,,,,,,,,,,,,,,,,,,,,,,,,,,,,,,,,,,,,,,,,,,,,,,,,,,,,,,,,,,,,,,,,,,,,,,,,,,,,,,,,,420.8204850000002,420.8334904000003,420.8334904000003,420.8334904000003,421.0178414000002,None,,,,,,,,,,,,,,,,,,,,,,,,,,,,,,,,P2887,Bar_MIC,3,1,2026-05-11_17h28.42.991,MIC_task,,2026.1.2,59.486276515657686,2026-05-11 17h28.44.439398 +0200,
,,29,0,29,,,,,,,3,t06,sátor,tent,8,tools,camping,4.8,110,None,None,None,"(-0.1, -0.1)",None,,,,,,,,,,,,,,0,0,0,0,0,26,26,26,29,0,29,0,421.0338624000033,,,,,,,,,,,,,,,,,,,,,,,,,,,,,,,,,,,,,,,,,,,,,,,,,,,,,,,,,,,,,,,,,,,,,,,,,,,,,,,,,,,,,,,,,,,,,421.02080950000163,421.0338624000033,421.0338624000033,421.0338624000033,421.21790970000075,None,,,,,,,,,,,,,,,,,,,,,,,,,,,,,,,,P2887,Bar_MIC,3,1,2026-05-11_17h28.42.991,MIC_task,,2026.1.2,59.486276515657686,2026-05-11 17h28.44.439398 +0200,
,,30,0,30,,,,,,,3,t06,sátor,tent,8,tools,camping,4.8,110,None,None,None,"(-0.1, -0.1)",None,,,,,,,,,,,,,,0,0,0,0,0,26,26,26,30,0,30,0,421.2334970000011,,,,,,,,,,,,,,,,,,,,,,,,,,,,,,,,,,,,,,,,,,,,,,,,,,,,,,,,,,,,,,,,,,,,,,,,,,,,,,,,,,,,,,,,,,,,,421.2209204999999,421.2334970000011,421.2334970000011,421.2334970000011,421.41865040000266,None,,,,,,,,,,,,,,,,,,,,,,,,,,,,,,,,P2887,Bar_MIC,3,1,2026-05-11_17h28.42.991,MIC_task,,2026.1.2,59.486276515657686,2026-05-11 17h28.44.439398 +0200,
,,31,0,31,,,,,,,3,t06,sátor,tent,8,tools,camping,4.8,110,None,None,None,"(-0.1, -0.1)",space,0.12777189999906113,None,,,,,,,,,,,,0,0,0,0,0,26,26,26,31,0,31,0,421.4338884000026,,,,,,,,,,,,,,,,,,,,,,,,,,,,,,,,,,,,,,,,,,,,,,,,,,,,,,,,,,,,,,,,,,,,,,,,,,,,,,,,,,,,,,,,,,,,,421.42158440000276,421.4338884000026,421.4338884000026,421.4338884000026,421.5693672000016,space,0.12777189999906113,None,,,,,,,,,,,,,,,,,,,,,,,,,,,,,,P2887,Bar_MIC,3,1,2026-05-11_17h28.42.991,MIC_task,,2026.1.2,59.486276515657686,2026-05-11 17h28.44.439398 +0200,
,,26,26,0,,,,space,0.1858687000021746,None,3,t06,sátor,tent,8,tools,camping,4.8,110,None,None,None,"(-0.1, -0.1)",,,,,,,,,,,,,,,0,0,0,0,0,26,26,26,,,,,,,,,,,,,,,,,,,,,,,,,,,,,,,,,,,,,,,,,,,,,,,,,,,,,,,,,,,,,,,,,,,,,,,,,,,,,,,,,421.6330237000002,421.63847160000296,421.6351896666684,423.5720634999998,,,,,,425.5742048000029,425.59097180000026,425.59097180000026,425.7921591000013,,,,,,,,,,,,,423.60293920000186,423.6077538000027,423.6052815333355,425.50690720000057,425.57415670000046,space,0.1858687000021746,None,,,,,,,,,,,,,,,,,,,,,,P2887,Bar_MIC,3,1,2026-05-11_17h28.42.991,MIC_task,,2026.1.2,59.486276515657686,2026-05-11 17h28.44.439398 +0200,
,,0,0,0,,,,,,,3,b13,agy,brain,2,bodypart,organ,5.6,337,None,69,None,"(0, 0)",None,,,,,,,,,,,,,,0,0,0,0,0,27,27,27,0,0,0,0,425.81699389999994,,,,,,,,,,,,,,,,,,,,,,,,,,,,,,,,,,,,,,,,,,,,,,,,,,,,,,,,,,,,,,,,,,,,,,,,,,,,,,,,,,,,,,,,,,,,,425.81170740000016,425.81699389999994,425.81699389999994,425.81699389999994,426.00853800000186,None,,,,,,,,,,,,,,,,,,,,,,,,,,,,,,,,P2887,Bar_MIC,3,1,2026-05-11_17h28.42.991,MIC_task,,2026.1.2,59.486276515657686,2026-05-11 17h28.44.439398 +0200,
,,0,0,0,,,,,,,3,b13,agy,brain,2,bodypart,organ,5.6,337,None,69,None,"(0, 0)",None,,,,,,,,,,,,,,0,0,0,0,0,27,27,27,0,0,0,0,426.0241679000028,,,,,,,,,,,,,,,,,,,,,,,,,,,,,,,,,,,,,,,,,,,,,,,,,,,,,,,,,,,,,,,,,,,,,,,,,,,,,,,,,,,,,,,,,,,,,426.01165200000105,426.0241679000028,426.0241679000028,426.0241679000028,426.1923886000004,None,,,,,,,,,,,,,,,,,,,,,,,,,,,,,,,,P2887,Bar_MIC,3,1,2026-05-11_17h28.42.991,MIC_task,,2026.1.2,59.486276515657686,2026-05-11 17h28.44.439398 +0200,
,,1,0,1,,,,,,,3,b13,agy,brain,2,bodypart,organ,5.6,337,None,69,None,"(0, 0)",None,,,,,,,,,,,,,,0,0,0,0,0,27,27,27,1,0,1,0,426.20771610000156,,,,,,,,,,,,,,,,,,,,,,,,,,,,,,,,,,,,,,,,,,,,,,,,,,,,,,,,,,,,,,,,,,,,,,,,,,,,,,,,,,,,,,,,,,,,,426.19514290000006,426.20771610000156,426.20771610000156,426.20771610000156,426.39277109999966,None,,,,,,,,,,,,,,,,,,,,,,,,,,,,,,,,P2887,Bar_MIC,3,1,2026-05-11_17h28.42.991,MIC_task,,2026.1.2,59.486276515657686,2026-05-11 17h28.44.439398 +0200,
,,2,0,2,,,,,,,3,b13,agy,brain,2,bodypart,organ,5.6,337,None,69,None,"(0, 0)",None,,,,,,,,,,,,,,0,0,0,0,0,27,27,27,2,0,2,0,426.40815900000234,,,,,,,,,,,,,,,,,,,,,,,,,,,,,,,,,,,,,,,,,,,,,,,,,,,,,,,,,,,,,,,,,,,,,,,,,,,,,,,,,,,,,,,,,,,,,426.39581680000265,426.40815900000234,426.40815900000234,426.40815900000234,426.59323680000307,None,,,,,,,,,,,,,,,,,,,,,,,,,,,,,,,,P2887,Bar_MIC,3,1,2026-05-11_17h28.42.991,MIC_task,,2026.1.2,59.486276515657686,2026-05-11 17h28.44.439398 +0200,
,,3,0,3,,,,,,,3,b13,agy,brain,2,bodypart,organ,5.6,337,None,69,None,"(0, 0)",None,,,,,,,,,,,,,,0,0,0,0,0,27,27,27,3,0,3,0,426.6085512999998,,,,,,,,,,,,,,,,,,,,,,,,,,,,,,,,,,,,,,,,,,,,,,,,,,,,,,,,,,,,,,,,,,,,,,,,,,,,,,,,,,,,,,,,,,,,,426.5960040000027,426.6085512999998,426.6085512999998,426.6085512999998,426.79349300000104,None,,,,,,,,,,,,,,,,,,,,,,,,,,,,,,,,P2887,Bar_MIC,3,1,2026-05-11_17h28.42.991,MIC_task,,2026.1.2,59.486276515657686,2026-05-11 17h28.44.439398 +0200,
,,4,0,4,,,,,,,3,b13,agy,brain,2,bodypart,organ,5.6,337,None,69,None,"(0, 0)",None,,,,,,,,,,,,,,0,0,0,0,0,27,27,27,4,0,4,0,426.8089951000002,,,,,,,,,,,,,,,,,,,,,,,,,,,,,,,,,,,,,,,,,,,,,,,,,,,,,,,,,,,,,,,,,,,,,,,,,,,,,,,,,,,,,,,,,,,,,426.796546900001,426.8089951000002,426.8089951000002,426.8089951000002,426.99275560000024,None,,,,,,,,,,,,,,,,,,,,,,,,,,,,,,,,P2887,Bar_MIC,3,1,2026-05-11_17h28.42.991,MIC_task,,2026.1.2,59.486276515657686,2026-05-11 17h28.44.439398 +0200,
,,5,0,5,,,,,,,3,b13,agy,brain,2,bodypart,organ,5.6,337,None,69,None,"(0, 0)",None,,,,,,,,,,,,,,0,0,0,0,0,27,27,27,5,0,5,0,427.00929570000153,,,,,,,,,,,,,,,,,,,,,,,,,,,,,,,,,,,,,,,,,,,,,,,,,,,,,,,,,,,,,,,,,,,,,,,,,,,,,,,,,,,,,,,,,,,,,426.9960510000019,427.00929570000153,427.00929570000153,427.00929570000153,427.1932541000024,None,,,,,,,,,,,,,,,,,,,,,,,,,,,,,,,,P2887,Bar_MIC,3,1,2026-05-11_17h28.42.991,MIC_task,,2026.1.2,59.486276515657686,2026-05-11 17h28.44.439398 +0200,
,,6,0,6,,,,,,,3,b13,agy,brain,2,bodypart,organ,5.6,337,None,69,None,"(0, 0)",None,,,,,,,,,,,,,,0,0,0,0,0,27,27,27,6,0,6,0,427.2097563000025,,,,,,,,,,,,,,,,,,,,,,,,,,,,,,,,,,,,,,,,,,,,,,,,,,,,,,,,,,,,,,,,,,,,,,,,,,,,,,,,,,,,,,,,,,,,,427.19659909999973,427.2097563000025,427.2097563000025,427.2097563000025,427.39442410000265,None,,,,,,,,,,,,,,,,,,,,,,,,,,,,,,,,P2887,Bar_MIC,3,1,2026-05-11_17h28.42.991,MIC_task,,2026.1.2,59.486276515657686,2026-05-11 17h28.44.439398 +0200,
,,7,0,7,,,,,,,3,b13,agy,brain,2,bodypart,organ,5.6,337,None,69,None,"(0, 0)",None,,,,,,,,,,,,,,0,0,0,0,0,27,27,27,7,0,7,0,427.41004370000155,,,,,,,,,,,,,,,,,,,,,,,,,,,,,,,,,,,,,,,,,,,,,,,,,,,,,,,,,,,,,,,,,,,,,,,,,,,,,,,,,,,,,,,,,,,,,427.3975913000031,427.41004370000155,427.41004370000155,427.41004370000155,427.5947709000029,None,,,,,,,,,,,,,,,,,,,,,,,,,,,,,,,,P2887,Bar_MIC,3,1,2026-05-11_17h28.42.991,MIC_task,,2026.1.2,59.486276515657686,2026-05-11 17h28.44.439398 +0200,
,,8,0,8,,,,,,,3,b13,agy,brain,2,bodypart,organ,5.6,337,None,69,None,"(0, 0)",None,,,,,,,,,,,,,,0,0,0,0,0,27,27,27,8,0,8,0,427.6104199000001,,,,,,,,,,,,,,,,,,,,,,,,,,,,,,,,,,,,,,,,,,,,,,,,,,,,,,,,,,,,,,,,,,,,,,,,,,,,,,,,,,,,,,,,,,,,,427.5978750000031,427.6104199000001,427.6104199000001,427.6104199000001,427.79454350000015,None,,,,,,,,,,,,,,,,,,,,,,,,,,,,,,,,P2887,Bar_MIC,3,1,2026-05-11_17h28.42.991,MIC_task,,2026.1.2,59.486276515657686,2026-05-11 17h28.44.439398 +0200,
,,9,0,9,,,,,,,3,b13,agy,brain,2,bodypart,organ,5.6,337,None,69,None,"(0, 0)",None,,,,,,,,,,,,,,0,0,0,0,0,27,27,27,9,0,9,0,427.8105977000014,,,,,,,,,,,,,,,,,,,,,,,,,,,,,,,,,,,,,,,,,,,,,,,,,,,,,,,,,,,,,,,,,,,,,,,,,,,,,,,,,,,,,,,,,,,,,427.79782940000223,427.8105977000014,427.8105977000014,427.8105977000014,427.9947959000019,None,,,,,,,,,,,,,,,,,,,,,,,,,,,,,,,,P2887,Bar_MIC,3,1,2026-05-11_17h28.42.991,MIC_task,,2026.1.2,59.486276515657686,2026-05-11 17h28.44.439398 +0200,
,,10,0,10,,,,,,,3,b13,agy,brain,2,bodypart,organ,5.6,337,None,69,None,"(0, 0)",None,,,,,,,,,,,,,,0,0,0,0,0,27,27,27,10,0,10,0,428.01110040000276,,,,,,,,,,,,,,,,,,,,,,,,,,,,,,,,,,,,,,,,,,,,,,,,,,,,,,,,,,,,,,,,,,,,,,,,,,,,,,,,,,,,,,,,,,,,,427.99832850000166,428.01110040000276,428.01110040000276,428.01110040000276,428.19522530000177,None,,,,,,,,,,,,,,,,,,,,,,,,,,,,,,,,P2887,Bar_MIC,3,1,2026-05-11_17h28.42.991,MIC_task,,2026.1.2,59.486276515657686,2026-05-11 17h28.44.439398 +0200,
,,11,0,11,,,,,,,3,b13,agy,brain,2,bodypart,organ,5.6,337,None,69,None,"(0, 0)",None,,,,,,,,,,,,,,0,0,0,0,0,27,27,27,11,0,11,0,428.21153830000185,,,,,,,,,,,,,,,,,,,,,,,,,,,,,,,,,,,,,,,,,,,,,,,,,,,,,,,,,,,,,,,,,,,,,,,,,,,,,,,,,,,,,,,,,,,,,428.19846990000224,428.21153830000185,428.21153830000185,428.21153830000185,428.3956805000016,None,,,,,,,,,,,,,,,,,,,,,,,,,,,,,,,,P2887,Bar_MIC,3,1,2026-05-11_17h28.42.991,MIC_task,,2026.1.2,59.486276515657686,2026-05-11 17h28.44.439398 +0200,
,,12,0,12,,,,,,,3,b13,agy,brain,2,bodypart,organ,5.6,337,None,69,None,"(0, 0)",None,,,,,,,,,,,,,,0,0,0,0,0,27,27,27,12,0,12,0,428.41110409999965,,,,,,,,,,,,,,,,,,,,,,,,,,,,,,,,,,,,,,,,,,,,,,,,,,,,,,,,,,,,,,,,,,,,,,,,,,,,,,,,,,,,,,,,,,,,,428.39886260000276,428.41110409999965,428.41110409999965,428.41110409999965,428.5962185999997,None,,,,,,,,,,,,,,,,,,,,,,,,,,,,,,,,P2887,Bar_MIC,3,1,2026-05-11_17h28.42.991,MIC_task,,2026.1.2,59.486276515657686,2026-05-11 17h28.44.439398 +0200,
,,13,0,13,,,,,,,3,b13,agy,brain,2,bodypart,organ,5.6,337,None,69,None,"(0, 0)",None,,,,,,,,,,,,,,0,0,0,0,0,27,27,27,13,0,13,0,428.6115024000028,,,,,,,,,,,,,,,,,,,,,,,,,,,,,,,,,,,,,,,,,,,,,,,,,,,,,,,,,,,,,,,,,,,,,,,,,,,,,,,,,,,,,,,,,,,,,428.5995526000006,428.6115024000028,428.6115024000028,428.6115024000028,428.79631510000036,None,,,,,,,,,,,,,,,,,,,,,,,,,,,,,,,,P2887,Bar_MIC,3,1,2026-05-11_17h28.42.991,MIC_task,,2026.1.2,59.486276515657686,2026-05-11 17h28.44.439398 +0200,
,,14,0,14,,,,,,,3,b13,agy,brain,2,bodypart,organ,5.6,337,None,69,None,"(0, 0)",None,,,,,,,,,,,,,,0,0,0,0,0,27,27,27,14,0,14,0,428.81184340000254,,,,,,,,,,,,,,,,,,,,,,,,,,,,,,,,,,,,,,,,,,,,,,,,,,,,,,,,,,,,,,,,,,,,,,,,,,,,,,,,,,,,,,,,,,,,,428.7991682000029,428.81184340000254,428.81184340000254,428.81184340000254,428.9968603000016,None,,,,,,,,,,,,,,,,,,,,,,,,,,,,,,,,P2887,Bar_MIC,3,1,2026-05-11_17h28.42.991,MIC_task,,2026.1.2,59.486276515657686,2026-05-11 17h28.44.439398 +0200,
,,15,0,15,,,,,,,3,b13,agy,brain,2,bodypart,organ,5.6,337,None,69,None,"(0, 0)",None,,,,,,,,,,,,,,0,0,0,0,0,27,27,27,15,0,15,0,429.0122472000003,,,,,,,,,,,,,,,,,,,,,,,,,,,,,,,,,,,,,,,,,,,,,,,,,,,,,,,,,,,,,,,,,,,,,,,,,,,,,,,,,,,,,,,,,,,,,429.0000774,429.0122472000003,429.0122472000003,429.0122472000003,429.196009700001,None,,,,,,,,,,,,,,,,,,,,,,,,,,,,,,,,P2887,Bar_MIC,3,1,2026-05-11_17h28.42.991,MIC_task,,2026.1.2,59.486276515657686,2026-05-11 17h28.44.439398 +0200,
,,16,0,16,,,,,,,3,b13,agy,brain,2,bodypart,organ,5.6,337,None,69,None,"(0, 0)",None,,,,,,,,,,,,,,0,0,0,0,0,27,27,27,16,0,16,0,429.21263030000046,,,,,,,,,,,,,,,,,,,,,,,,,,,,,,,,,,,,,,,,,,,,,,,,,,,,,,,,,,,,,,,,,,,,,,,,,,,,,,,,,,,,,,,,,,,,,429.1994676000031,429.21263030000046,429.21263030000046,429.21263030000046,429.3965070000013,None,,,,,,,,,,,,,,,,,,,,,,,,,,,,,,,,P2887,Bar_MIC,3,1,2026-05-11_17h28.42.991,MIC_task,,2026.1.2,59.486276515657686,2026-05-11 17h28.44.439398 +0200,
,,17,0,17,,,,,,,3,b13,agy,brain,2,bodypart,organ,5.6,337,None,69,None,"(0, 0)",None,,,,,,,,,,,,,,0,0,0,0,0,27,27,27,17,0,17,0,429.4130295000032,,,,,,,,,,,,,,,,,,,,,,,,,,,,,,,,,,,,,,,,,,,,,,,,,,,,,,,,,,,,,,,,,,,,,,,,,,,,,,,,,,,,,,,,,,,,,429.40000260000306,429.4130295000032,429.4130295000032,429.4130295000032,429.5974705000008,None,,,,,,,,,,,,,,,,,,,,,,,,,,,,,,,,P2887,Bar_MIC,3,1,2026-05-11_17h28.42.991,MIC_task,,2026.1.2,59.486276515657686,2026-05-11 17h28.44.439398 +0200,
,,18,0,18,,,,,,,3,b13,agy,brain,2,bodypart,organ,5.6,337,None,69,None,"(0, 0)",None,,,,,,,,,,,,,,0,0,0,0,0,27,27,27,18,0,18,0,429.61339560000124,,,,,,,,,,,,,,,,,,,,,,,,,,,,,,,,,,,,,,,,,,,,,,,,,,,,,,,,,,,,,,,,,,,,,,,,,,,,,,,,,,,,,,,,,,,,,429.6009260999999,429.61339560000124,429.61339560000124,429.61339560000124,429.7972546000019,None,,,,,,,,,,,,,,,,,,,,,,,,,,,,,,,,P2887,Bar_MIC,3,1,2026-05-11_17h28.42.991,MIC_task,,2026.1.2,59.486276515657686,2026-05-11 17h28.44.439398 +0200,
,,19,0,19,,,,,,,3,b13,agy,brain,2,bodypart,organ,5.6,337,None,69,None,"(0, 0)",None,,,,,,,,,,,,,,0,0,0,0,0,27,27,27,19,0,19,0,429.81362530000115,,,,,,,,,,,,,,,,,,,,,,,,,,,,,,,,,,,,,,,,,,,,,,,,,,,,,,,,,,,,,,,,,,,,,,,,,,,,,,,,,,,,,,,,,,,,,429.8007319999997,429.81362530000115,429.81362530000115,429.81362530000115,429.99842550000176,None,,,,,,,,,,,,,,,,,,,,,,,,,,,,,,,,P2887,Bar_MIC,3,1,2026-05-11_17h28.42.991,MIC_task,,2026.1.2,59.486276515657686,2026-05-11 17h28.44.439398 +0200,
,,20,0,20,,,,,,,3,b13,agy,brain,2,bodypart,organ,5.6,337,None,69,None,"(0, 0)",None,,,,,,,,,,,,,,0,0,0,0,0,27,27,27,20,0,20,0,430.0141293000015,,,,,,,,,,,,,,,,,,,,,,,,,,,,,,,,,,,,,,,,,,,,,,,,,,,,,,,,,,,,,,,,,,,,,,,,,,,,,,,,,,,,,,,,,,,,,430.00154960000145,430.0141293000015,430.0141293000015,430.0141293000015,430.19857740000225,None,,,,,,,,,,,,,,,,,,,,,,,,,,,,,,,,P2887,Bar_MIC,3,1,2026-05-11_17h28.42.991,MIC_task,,2026.1.2,59.486276515657686,2026-05-11 17h28.44.439398 +0200,
,,21,0,21,,,,,,,3,b13,agy,brain,2,bodypart,organ,5.6,337,None,69,None,"(0, 0)",None,,,,,,,,,,,,,,0,0,0,0,0,27,27,27,21,0,21,0,430.21451680000246,,,,,,,,,,,,,,,,,,,,,,,,,,,,,,,,,,,,,,,,,,,,,,,,,,,,,,,,,,,,,,,,,,,,,,,,,,,,,,,,,,,,,,,,,,,,,430.20186040000044,430.21451680000246,430.21451680000246,430.21451680000246,430.39817570000014,None,,,,,,,,,,,,,,,,,,,,,,,,,,,,,,,,P2887,Bar_MIC,3,1,2026-05-11_17h28.42.991,MIC_task,,2026.1.2,59.486276515657686,2026-05-11 17h28.44.439398 +0200,
,,22,0,22,,,,,,,3,b13,agy,brain,2,bodypart,organ,5.6,337,None,69,None,"(0, 0)",None,,,,,,,,,,,,,,0,0,0,0,0,27,27,27,22,0,22,0,430.4148357000013,,,,,,,,,,,,,,,,,,,,,,,,,,,,,,,,,,,,,,,,,,,,,,,,,,,,,,,,,,,,,,,,,,,,,,,,,,,,,,,,,,,,,,,,,,,,,430.40170110000327,430.4148357000013,430.4148357000013,430.4148357000013,430.599028800003,None,,,,,,,,,,,,,,,,,,,,,,,,,,,,,,,,P2887,Bar_MIC,3,1,2026-05-11_17h28.42.991,MIC_task,,2026.1.2,59.486276515657686,2026-05-11 17h28.44.439398 +0200,
,,23,0,23,,,,,,,3,b13,agy,brain,2,bodypart,organ,5.6,337,None,69,None,"(0, 0)",None,,,,,,,,,,,,,,0,0,0,0,0,27,27,27,23,0,23,0,430.6152194000024,,,,,,,,,,,,,,,,,,,,,,,,,,,,,,,,,,,,,,,,,,,,,,,,,,,,,,,,,,,,,,,,,,,,,,,,,,,,,,,,,,,,,,,,,,,,,430.60241529999985,430.6152194000024,430.6152194000024,430.6152194000024,430.7996134000023,None,,,,,,,,,,,,,,,,,,,,,,,,,,,,,,,,P2887,Bar_MIC,3,1,2026-05-11_17h28.42.991,MIC_task,,2026.1.2,59.486276515657686,2026-05-11 17h28.44.439398 +0200,
,,24,0,24,,,,,,,3,b13,agy,brain,2,bodypart,organ,5.6,337,None,69,None,"(0, 0)",None,,,,,,,,,,,,,,0,0,0,0,0,27,27,27,24,0,24,0,430.81494790000215,,,,,,,,,,,,,,,,,,,,,,,,,,,,,,,,,,,,,,,,,,,,,,,,,,,,,,,,,,,,,,,,,,,,,,,,,,,,,,,,,,,,,,,,,,,,,430.80262770000263,430.81494790000215,430.81494790000215,430.81494790000215,431.0000252000027,None,,,,,,,,,,,,,,,,,,,,,,,,,,,,,,,,P2887,Bar_MIC,3,1,2026-05-11_17h28.42.991,MIC_task,,2026.1.2,59.486276515657686,2026-05-11 17h28.44.439398 +0200,
,,25,0,25,,,,,,,3,b13,agy,brain,2,bodypart,organ,5.6,337,None,69,None,"(0, 0)",None,,,,,,,,,,,,,,0,0,0,0,0,27,27,27,25,0,25,0,431.01524419999987,,,,,,,,,,,,,,,,,,,,,,,,,,,,,,,,,,,,,,,,,,,,,,,,,,,,,,,,,,,,,,,,,,,,,,,,,,,,,,,,,,,,,,,,,,,,,431.00348600000143,431.01524419999987,431.01524419999987,431.01524419999987,431.20013780000227,None,,,,,,,,,,,,,,,,,,,,,,,,,,,,,,,,P2887,Bar_MIC,3,1,2026-05-11_17h28.42.991,MIC_task,,2026.1.2,59.486276515657686,2026-05-11 17h28.44.439398 +0200,
,,26,0,26,,,,,,,3,b13,agy,brain,2,bodypart,organ,5.6,337,None,69,None,"(0, 0)",None,,,,,,,,,,,,,,0,0,0,0,0,27,27,27,26,0,26,0,431.2155488999997,,,,,,,,,,,,,,,,,,,,,,,,,,,,,,,,,,,,,,,,,,,,,,,,,,,,,,,,,,,,,,,,,,,,,,,,,,,,,,,,,,,,,,,,,,,,,431.2036251000027,431.2155488999997,431.2155488999997,431.2155488999997,431.4006593000013,None,,,,,,,,,,,,,,,,,,,,,,,,,,,,,,,,P2887,Bar_MIC,3,1,2026-05-11_17h28.42.991,MIC_task,,2026.1.2,59.486276515657686,2026-05-11 17h28.44.439398 +0200,
,,27,0,27,,,,,,,3,b13,agy,brain,2,bodypart,organ,5.6,337,None,69,None,"(0, 0)",None,,,,,,,,,,,,,,0,0,0,0,0,27,27,27,27,0,27,0,431.4160047000005,,,,,,,,,,,,,,,,,,,,,,,,,,,,,,,,,,,,,,,,,,,,,,,,,,,,,,,,,,,,,,,,,,,,,,,,,,,,,,,,,,,,,,,,,,,,,431.40412020000076,431.4160047000005,431.4160047000005,431.4160047000005,431.6001861000004,None,,,,,,,,,,,,,,,,,,,,,,,,,,,,,,,,P2887,Bar_MIC,3,1,2026-05-11_17h28.42.991,MIC_task,,2026.1.2,59.486276515657686,2026-05-11 17h28.44.439398 +0200,
,,28,0,28,,,,,,,3,b13,agy,brain,2,bodypart,organ,5.6,337,None,69,None,"(0, 0)",None,,,,,,,,,,,,,,0,0,0,0,0,27,27,27,28,0,28,0,431.6163610000003,,,,,,,,,,,,,,,,,,,,,,,,,,,,,,,,,,,,,,,,,,,,,,,,,,,,,,,,,,,,,,,,,,,,,,,,,,,,,,,,,,,,,,,,,,,,,431.60313210000095,431.6163610000003,431.6163610000003,431.6163610000003,431.8015594000026,None,,,,,,,,,,,,,,,,,,,,,,,,,,,,,,,,P2887,Bar_MIC,3,1,2026-05-11_17h28.42.991,MIC_task,,2026.1.2,59.486276515657686,2026-05-11 17h28.44.439398 +0200,
,,29,0,29,,,,,,,3,b13,agy,brain,2,bodypart,organ,5.6,337,None,69,None,"(0, 0)",None,,,,,,,,,,,,,,0,0,0,0,0,27,27,27,29,0,29,0,431.8167117000012,,,,,,,,,,,,,,,,,,,,,,,,,,,,,,,,,,,,,,,,,,,,,,,,,,,,,,,,,,,,,,,,,,,,,,,,,,,,,,,,,,,,,,,,,,,,,431.80465520000143,431.8167117000012,431.8167117000012,431.8167117000012,432.0012278000031,None,,,,,,,,,,,,,,,,,,,,,,,,,,,,,,,,P2887,Bar_MIC,3,1,2026-05-11_17h28.42.991,MIC_task,,2026.1.2,59.486276515657686,2026-05-11 17h28.44.439398 +0200,
,,30,0,30,,,,,,,3,b13,agy,brain,2,bodypart,organ,5.6,337,None,69,None,"(0, 0)",None,,,,,,,,,,,,,,0,0,0,0,0,27,27,27,30,0,30,0,432.0171881000024,,,,,,,,,,,,,,,,,,,,,,,,,,,,,,,,,,,,,,,,,,,,,,,,,,,,,,,,,,,,,,,,,,,,,,,,,,,,,,,,,,,,,,,,,,,,,432.00441710000086,432.0171881000024,432.0171881000024,432.0171881000024,432.2016524000028,None,,,,,,,,,,,,,,,,,,,,,,,,,,,,,,,,P2887,Bar_MIC,3,1,2026-05-11_17h28.42.991,MIC_task,,2026.1.2,59.486276515657686,2026-05-11 17h28.44.439398 +0200,
,,31,0,31,,,,,,,3,b13,agy,brain,2,bodypart,organ,5.6,337,None,69,None,"(0, 0)",None,,,,,,,,,,,,,,0,0,0,0,0,27,27,27,31,0,31,0,432.21737530000246,,,,,,,,,,,,,,,,,,,,,,,,,,,,,,,,,,,,,,,,,,,,,,,,,,,,,,,,,,,,,,,,,,,,,,,,,,,,,,,,,,,,,,,,,,,,,432.2044382000022,432.21737530000246,432.21737530000246,432.21737530000246,432.4018102000009,None,,,,,,,,,,,,,,,,,,,,,,,,,,,,,,,,P2887,Bar_MIC,3,1,2026-05-11_17h28.42.991,MIC_task,,2026.1.2,59.486276515657686,2026-05-11 17h28.44.439398 +0200,
,,32,0,32,,,,,,,3,b13,agy,brain,2,bodypart,organ,5.6,337,None,69,None,"(0, 0)",None,,,,,,,,,,,,,,0,0,0,0,0,27,27,27,32,0,32,0,432.4177922000017,,,,,,,,,,,,,,,,,,,,,,,,,,,,,,,,,,,,,,,,,,,,,,,,,,,,,,,,,,,,,,,,,,,,,,,,,,,,,,,,,,,,,,,,,,,,,432.4051679000004,432.4177922000017,432.4177922000017,432.4177922000017,432.6018703000009,None,,,,,,,,,,,,,,,,,,,,,,,,,,,,,,,,P2887,Bar_MIC,3,1,2026-05-11_17h28.42.991,MIC_task,,2026.1.2,59.486276515657686,2026-05-11 17h28.44.439398 +0200,
,,33,0,33,,,,,,,3,b13,agy,brain,2,bodypart,organ,5.6,337,None,69,None,"(0, 0)",None,,,,,,,,,,,,,,0,0,0,0,0,27,27,27,33,0,33,0,432.61822830000165,,,,,,,,,,,,,,,,,,,,,,,,,,,,,,,,,,,,,,,,,,,,,,,,,,,,,,,,,,,,,,,,,,,,,,,,,,,,,,,,,,,,,,,,,,,,,432.6054006000013,432.61822830000165,432.61822830000165,432.61822830000165,432.80227300000115,None,,,,,,,,,,,,,,,,,,,,,,,,,,,,,,,,P2887,Bar_MIC,3,1,2026-05-11_17h28.42.991,MIC_task,,2026.1.2,59.486276515657686,2026-05-11 17h28.44.439398 +0200,
,,34,0,34,,,,,,,3,b13,agy,brain,2,bodypart,organ,5.6,337,None,69,None,"(0, 0)",None,,,,,,,,,,,,,,0,0,0,0,0,27,27,27,34,0,34,0,432.8177906000019,,,,,,,,,,,,,,,,,,,,,,,,,,,,,,,,,,,,,,,,,,,,,,,,,,,,,,,,,,,,,,,,,,,,,,,,,,,,,,,,,,,,,,,,,,,,,432.8052282000026,432.8177906000019,432.8177906000019,432.8177906000019,433.0023591999998,None,,,,,,,,,,,,,,,,,,,,,,,,,,,,,,,,P2887,Bar_MIC,3,1,2026-05-11_17h28.42.991,MIC_task,,2026.1.2,59.486276515657686,2026-05-11 17h28.44.439398 +0200,
,,35,0,35,,,,,,,3,b13,agy,brain,2,bodypart,organ,5.6,337,None,69,None,"(0, 0)",None,,,,,,,,,,,,,,0,0,0,0,0,27,27,27,35,0,35,0,433.01826110000184,,,,,,,,,,,,,,,,,,,,,,,,,,,,,,,,,,,,,,,,,,,,,,,,,,,,,,,,,,,,,,,,,,,,,,,,,,,,,,,,,,,,,,,,,,,,,433.00579579999976,433.01826110000184,433.01826110000184,433.01826110000184,433.20197520000147,None,,,,,,,,,,,,,,,,,,,,,,,,,,,,,,,,P2887,Bar_MIC,3,1,2026-05-11_17h28.42.991,MIC_task,,2026.1.2,59.486276515657686,2026-05-11 17h28.44.439398 +0200,
,,36,0,36,,,,,,,3,b13,agy,brain,2,bodypart,organ,5.6,337,None,69,None,"(0, 0)",None,,,,,,,,,,,,,,0,0,0,0,0,27,27,27,36,0,36,0,433.2186145000014,,,,,,,,,,,,,,,,,,,,,,,,,,,,,,,,,,,,,,,,,,,,,,,,,,,,,,,,,,,,,,,,,,,,,,,,,,,,,,,,,,,,,,,,,,,,,433.2055373000003,433.2186145000014,433.2186145000014,433.2186145000014,433.4026843000029,None,,,,,,,,,,,,,,,,,,,,,,,,,,,,,,,,P2887,Bar_MIC,3,1,2026-05-11_17h28.42.991,MIC_task,,2026.1.2,59.486276515657686,2026-05-11 17h28.44.439398 +0200,
,,37,0,37,,,,,,,3,b13,agy,brain,2,bodypart,organ,5.6,337,None,69,None,"(0, 0)",None,,,,,,,,,,,,,,0,0,0,0,0,27,27,27,37,0,37,0,433.4189860000006,,,,,,,,,,,,,,,,,,,,,,,,,,,,,,,,,,,,,,,,,,,,,,,,,,,,,,,,,,,,,,,,,,,,,,,,,,,,,,,,,,,,,,,,,,,,,433.4055240000016,433.4189860000006,433.4189860000006,433.4189860000006,433.6027463999999,None,,,,,,,,,,,,,,,,,,,,,,,,,,,,,,,,P2887,Bar_MIC,3,1,2026-05-11_17h28.42.991,MIC_task,,2026.1.2,59.486276515657686,2026-05-11 17h28.44.439398 +0200,
,,38,0,38,,,,,,,3,b13,agy,brain,2,bodypart,organ,5.6,337,None,69,None,"(0, 0)",None,,,,,,,,,,,,,,0,0,0,0,0,27,27,27,38,0,38,0,433.61934810000093,,,,,,,,,,,,,,,,,,,,,,,,,,,,,,,,,,,,,,,,,,,,,,,,,,,,,,,,,,,,,,,,,,,,,,,,,,,,,,,,,,,,,,,,,,,,,433.6064124000004,433.61934810000093,433.61934810000093,433.61934810000093,433.8030202000009,None,,,,,,,,,,,,,,,,,,,,,,,,,,,,,,,,P2887,Bar_MIC,3,1,2026-05-11_17h28.42.991,MIC_task,,2026.1.2,59.486276515657686,2026-05-11 17h28.44.439398 +0200,
,,39,0,39,,,,,,,3,b13,agy,brain,2,bodypart,organ,5.6,337,None,69,None,"(0, 0)",None,,,,,,,,,,,,,,0,0,0,0,0,27,27,27,39,0,39,0,433.81973110000035,,,,,,,,,,,,,,,,,,,,,,,,,,,,,,,,,,,,,,,,,,,,,,,,,,,,,,,,,,,,,,,,,,,,,,,,,,,,,,,,,,,,,,,,,,,,,433.8061041000001,433.81973110000035,433.81973110000035,433.81973110000035,434.00397780000276,None,,,,,,,,,,,,,,,,,,,,,,,,,,,,,,,,P2887,Bar_MIC,3,1,2026-05-11_17h28.42.991,MIC_task,,2026.1.2,59.486276515657686,2026-05-11 17h28.44.439398 +0200,
,,40,0,40,,,,,,,3,b13,agy,brain,2,bodypart,organ,5.6,337,None,69,None,"(0, 0)",None,,,,,,,,,,,,,,0,0,0,0,0,27,27,27,40,0,40,0,434.0201088000031,,,,,,,,,,,,,,,,,,,,,,,,,,,,,,,,,,,,,,,,,,,,,,,,,,,,,,,,,,,,,,,,,,,,,,,,,,,,,,,,,,,,,,,,,,,,,434.00726320000103,434.0201088000031,434.0201088000031,434.0201088000031,434.20412360000046,None,,,,,,,,,,,,,,,,,,,,,,,,,,,,,,,,P2887,Bar_MIC,3,1,2026-05-11_17h28.42.991,MIC_task,,2026.1.2,59.486276515657686,2026-05-11 17h28.44.439398 +0200,
,,41,0,41,,,,,,,3,b13,agy,brain,2,bodypart,organ,5.6,337,None,69,None,"(0, 0)",None,,,,,,,,,,,,,,0,0,0,0,0,27,27,27,41,0,41,0,434.2204100000017,,,,,,,,,,,,,,,,,,,,,,,,,,,,,,,,,,,,,,,,,,,,,,,,,,,,,,,,,,,,,,,,,,,,,,,,,,,,,,,,,,,,,,,,,,,,,434.2073804000029,434.2204100000017,434.2204100000017,434.2204100000017,434.4055363000007,None,,,,,,,,,,,,,,,,,,,,,,,,,,,,,,,,P2887,Bar_MIC,3,1,2026-05-11_17h28.42.991,MIC_task,,2026.1.2,59.486276515657686,2026-05-11 17h28.44.439398 +0200,
,,42,0,42,,,,,,,3,b13,agy,brain,2,bodypart,organ,5.6,337,None,69,None,"(0, 0)",None,,,,,,,,,,,,,,0,0,0,0,0,27,27,27,42,0,42,0,434.4207152000017,,,,,,,,,,,,,,,,,,,,,,,,,,,,,,,,,,,,,,,,,,,,,,,,,,,,,,,,,,,,,,,,,,,,,,,,,,,,,,,,,,,,,,,,,,,,,434.4086507000029,434.4207152000017,434.4207152000017,434.4207152000017,434.60483139999997,None,,,,,,,,,,,,,,,,,,,,,,,,,,,,,,,,P2887,Bar_MIC,3,1,2026-05-11_17h28.42.991,MIC_task,,2026.1.2,59.486276515657686,2026-05-11 17h28.44.439398 +0200,
,,43,0,43,,,,,,,3,b13,agy,brain,2,bodypart,organ,5.6,337,None,69,None,"(0, 0)",None,,,,,,,,,,,,,,0,0,0,0,0,27,27,27,43,0,43,0,434.62113930000123,,,,,,,,,,,,,,,,,,,,,,,,,,,,,,,,,,,,,,,,,,,,,,,,,,,,,,,,,,,,,,,,,,,,,,,,,,,,,,,,,,,,,,,,,,,,,434.60830160000114,434.62113930000123,434.62113930000123,434.62113930000123,434.8056378000001,None,,,,,,,,,,,,,,,,,,,,,,,,,,,,,,,,P2887,Bar_MIC,3,1,2026-05-11_17h28.42.991,MIC_task,,2026.1.2,59.486276515657686,2026-05-11 17h28.44.439398 +0200,
,,44,0,44,,,,,,,3,b13,agy,brain,2,bodypart,organ,5.6,337,None,69,None,"(0, 0)",None,,,,,,,,,,,,,,0,0,0,0,0,27,27,27,44,0,44,0,434.8215186000016,,,,,,,,,,,,,,,,,,,,,,,,,,,,,,,,,,,,,,,,,,,,,,,,,,,,,,,,,,,,,,,,,,,,,,,,,,,,,,,,,,,,,,,,,,,,,434.8090876000024,434.8215186000016,434.8215186000016,434.8215186000016,435.00570020000305,None,,,,,,,,,,,,,,,,,,,,,,,,,,,,,,,,P2887,Bar_MIC,3,1,2026-05-11_17h28.42.991,MIC_task,,2026.1.2,59.486276515657686,2026-05-11 17h28.44.439398 +0200,
,,45,0,45,,,,,,,3,b13,agy,brain,2,bodypart,organ,5.6,337,None,69,None,"(0, 0)",None,,,,,,,,,,,,,,0,0,0,0,0,27,27,27,45,0,45,0,435.0218363000022,,,,,,,,,,,,,,,,,,,,,,,,,,,,,,,,,,,,,,,,,,,,,,,,,,,,,,,,,,,,,,,,,,,,,,,,,,,,,,,,,,,,,,,,,,,,,435.00868120000086,435.0218363000022,435.0218363000022,435.0218363000022,435.20602900000085,None,,,,,,,,,,,,,,,,,,,,,,,,,,,,,,,,P2887,Bar_MIC,3,1,2026-05-11_17h28.42.991,MIC_task,,2026.1.2,59.486276515657686,2026-05-11 17h28.44.439398 +0200,
,,46,0,46,,,,,,,3,b13,agy,brain,2,bodypart,organ,5.6,337,None,69,None,"(0, 0)",None,,,,,,,,,,,,,,0,0,0,0,0,27,27,27,46,0,46,0,435.2215823000006,,,,,,,,,,,,,,,,,,,,,,,,,,,,,,,,,,,,,,,,,,,,,,,,,,,,,,,,,,,,,,,,,,,,,,,,,,,,,,,,,,,,,,,,,,,,,435.20901700000104,435.2215823000006,435.2215823000006,435.2215823000006,435.40668520000327,None,,,,,,,,,,,,,,,,,,,,,,,,,,,,,,,,P2887,Bar_MIC,3,1,2026-05-11_17h28.42.991,MIC_task,,2026.1.2,59.486276515657686,2026-05-11 17h28.44.439398 +0200,
,,47,0,47,,,,,,,3,b13,agy,brain,2,bodypart,organ,5.6,337,None,69,None,"(0, 0)",None,,,,,,,,,,,,,,0,0,0,0,0,27,27,27,47,0,47,0,435.4219665000019,,,,,,,,,,,,,,,,,,,,,,,,,,,,,,,,,,,,,,,,,,,,,,,,,,,,,,,,,,,,,,,,,,,,,,,,,,,,,,,,,,,,,,,,,,,,,435.4099946000024,435.4219665000019,435.4219665000019,435.4219665000019,435.60563700000057,None,,,,,,,,,,,,,,,,,,,,,,,,,,,,,,,,P2887,Bar_MIC,3,1,2026-05-11_17h28.42.991,MIC_task,,2026.1.2,59.486276515657686,2026-05-11 17h28.44.439398 +0200,
,,48,0,48,,,,,,,3,b13,agy,brain,2,bodypart,organ,5.6,337,None,69,None,"(0, 0)",None,,,,,,,,,,,,,,0,0,0,0,0,27,27,27,48,0,48,0,435.6224742000013,,,,,,,,,,,,,,,,,,,,,,,,,,,,,,,,,,,,,,,,,,,,,,,,,,,,,,,,,,,,,,,,,,,,,,,,,,,,,,,,,,,,,,,,,,,,,435.6089200000024,435.6224742000013,435.6224742000013,435.6224742000013,435.80650960000276,None,,,,,,,,,,,,,,,,,,,,,,,,,,,,,,,,P2887,Bar_MIC,3,1,2026-05-11_17h28.42.991,MIC_task,,2026.1.2,59.486276515657686,2026-05-11 17h28.44.439398 +0200,
,,49,0,49,,,,,,,3,b13,agy,brain,2,bodypart,organ,5.6,337,None,69,None,"(0, 0)",None,,,,,,,,,,,,,,0,0,0,0,0,27,27,27,49,0,49,0,435.8227306000008,,,,,,,,,,,,,,,,,,,,,,,,,,,,,,,,,,,,,,,,,,,,,,,,,,,,,,,,,,,,,,,,,,,,,,,,,,,,,,,,,,,,,,,,,,,,,435.81005610000284,435.8227306000008,435.8227306000008,435.8227306000008,436.00669560000097,None,,,,,,,,,,,,,,,,,,,,,,,,,,,,,,,,P2887,Bar_MIC,3,1,2026-05-11_17h28.42.991,MIC_task,,2026.1.2,59.486276515657686,2026-05-11 17h28.44.439398 +0200,
,,50,0,50,,,,,,,3,b13,agy,brain,2,bodypart,organ,5.6,337,None,69,None,"(0, 0)",space,0.1446310999999696,None,,,,,,,,,,,,0,0,0,0,0,27,27,27,50,0,50,0,436.0230311000014,,,,,,,,,,,,,,,,,,,,,,,,,,,,,,,,,,,,,,,,,,,,,,,,,,,,,,,,,,,,,,,,,,,,,,,,,,,,,,,,,,,,,,,,,,,,,436.00964410000233,436.0230311000014,436.0230311000014,436.0230311000014,436.1752567000003,space,0.1446310999999696,None,,,,,,,,,,,,,,,,,,,,,,,,,,,,,,P2887,Bar_MIC,3,1,2026-05-11_17h28.42.991,MIC_task,,2026.1.2,59.486276515657686,2026-05-11 17h28.44.439398 +0200,
,,27,27,0,,,,space,2.325271600002452,None,3,b13,agy,brain,2,bodypart,organ,5.6,337,None,69,None,"(0, 0)",,,,,,,,,,,,,,,0,0,0,0,0,27,27,27,,,,,,,,,,,,,,,,,,,,,,,,,,,,,,,,,,,,,,,,,,,,,,,,,,,,,,,,,,,,,,,,,,,,,,,,,,,,,,,,,436.23697300000276,436.24289860000135,436.24103556666984,438.17735710000125,,,,,,440.17943300000115,440.1966504000011,440.1966504000011,442.53399139999965,,,,,,,,,,,,,438.2053343000007,438.21028320000187,438.21054573333504,440.09596410000086,440.1793856000004,space,2.325271600002452,None,,,,,,,,,,,,,,,,,,,,,,P2887,Bar_MIC,3,1,2026-05-11_17h28.42.991,MIC_task,,2026.1.2,59.486276515657686,2026-05-11 17h28.44.439398 +0200,
,,0,0,0,,,,,,,3,p17,orvos,doctor,6,people,professions,7,843,None,104,None,"(0.1, -0.1)",None,,,,,,,,,,,,,,0,0,0,0,0,28,28,28,0,0,0,0,442.55311260000235,,,,,,,,,,,,,,,,,,,,,,,,,,,,,,,,,,,,,,,,,,,,,,,,,,,,,,,,,,,,,,,,,,,,,,,,,,,,,,,,,,,,,,,,,,,,,442.547915500003,442.55311260000235,442.55311260000235,442.55311260000235,442.7507403000018,None,,,,,,,,,,,,,,,,,,,,,,,,,,,,,,,,P2887,Bar_MIC,3,1,2026-05-11_17h28.42.991,MIC_task,,2026.1.2,59.486276515657686,2026-05-11 17h28.44.439398 +0200,
,,0,0,0,,,,,,,3,p17,orvos,doctor,6,people,professions,7,843,None,104,None,"(0.1, -0.1)",None,,,,,,,,,,,,,,0,0,0,0,0,28,28,28,0,0,0,0,442.76642490000086,,,,,,,,,,,,,,,,,,,,,,,,,,,,,,,,,,,,,,,,,,,,,,,,,,,,,,,,,,,,,,,,,,,,,,,,,,,,,,,,,,,,,,,,,,,,,442.75408270000116,442.76642490000086,442.76642490000086,442.76642490000086,442.93461650000245,None,,,,,,,,,,,,,,,,,,,,,,,,,,,,,,,,P2887,Bar_MIC,3,1,2026-05-11_17h28.42.991,MIC_task,,2026.1.2,59.486276515657686,2026-05-11 17h28.44.439398 +0200,
,,1,0,1,,,,,,,3,p17,orvos,doctor,6,people,professions,7,843,None,104,None,"(0.1, -0.1)",None,,,,,,,,,,,,,,0,0,0,0,0,28,28,28,1,0,1,0,442.95003980000183,,,,,,,,,,,,,,,,,,,,,,,,,,,,,,,,,,,,,,,,,,,,,,,,,,,,,,,,,,,,,,,,,,,,,,,,,,,,,,,,,,,,,,,,,,,,,442.9376258000011,442.95003980000183,442.95003980000183,442.95003980000183,443.13493860000017,None,,,,,,,,,,,,,,,,,,,,,,,,,,,,,,,,P2887,Bar_MIC,3,1,2026-05-11_17h28.42.991,MIC_task,,2026.1.2,59.486276515657686,2026-05-11 17h28.44.439398 +0200,
,,2,0,2,,,,,,,3,p17,orvos,doctor,6,people,professions,7,843,None,104,None,"(0.1, -0.1)",None,,,,,,,,,,,,,,0,0,0,0,0,28,28,28,2,0,2,0,443.15038800000184,,,,,,,,,,,,,,,,,,,,,,,,,,,,,,,,,,,,,,,,,,,,,,,,,,,,,,,,,,,,,,,,,,,,,,,,,,,,,,,,,,,,,,,,,,,,,443.1378842000013,443.15038800000184,443.15038800000184,443.15038800000184,443.33452990000296,None,,,,,,,,,,,443.35079100000075,443.35079100000075,443.35079100000075,,,,,,,,,,,,,,,,,,,P2887,Bar_MIC,3,1,2026-05-11_17h28.42.991,MIC_task,,2026.1.2,59.486276515657686,2026-05-11 17h28.44.439398 +0200,
,,3,0,3,,,,,,,3,p17,orvos,doctor,6,people,professions,7,843,None,104,None,"(0.1, -0.1)",None,,,,,,,,,,,,,,0,0,0,0,0,28,28,28,3,0,3,0,443.35079100000075,,,,,,,,,,,,,,,,,,,,,,,,,,,,,,,,,,,,,,,,,,,,,,,,,,,,,,,,,,,,,,,,,,,,,,,,,,,,,,,,,,,,,,,,,,,,,443.3374485000022,443.35079100000075,443.35079100000075,443.35079100000075,443.53450010000233,None,,,,,,,,,,,,,,,,,,,,,,,,,,,,,,,,P2887,Bar_MIC,3,1,2026-05-11_17h28.42.991,MIC_task,,2026.1.2,59.486276515657686,2026-05-11 17h28.44.439398 +0200,
,,4,0,4,,,,,,,3,p17,orvos,doctor,6,people,professions,7,843,None,104,None,"(0.1, -0.1)",None,,,,,,,,,,,,,,0,0,0,0,0,28,28,28,4,0,4,0,443.55110790000253,,,,,,,,,,,,,,,,,,,,,,,,,,,,,,,,,,,,,,,,,,,,,,,,,,,,,,,,,,,,,,,,,,,,,,,,,,,,,,,,,,,,,,,,,,,,,443.5374656000022,443.55110790000253,443.55110790000253,443.55110790000253,443.7351228000007,None,,,,,,,,,,,,,,,,,,,,,,,,,,,,,,,,P2887,Bar_MIC,3,1,2026-05-11_17h28.42.991,MIC_task,,2026.1.2,59.486276515657686,2026-05-11 17h28.44.439398 +0200,
,,5,0,5,,,,,,,3,p17,orvos,doctor,6,people,professions,7,843,None,104,None,"(0.1, -0.1)",None,,,,,,,,,,,,,,0,0,0,0,0,28,28,28,5,0,5,0,443.7514947000018,,,,,,,,,,,,,,,,,,,,,,,,,,,,,,,,,,,,,,,,,,,,,,,,,,,,,,,,,,,,,,,,,,,,,,,,,,,,,,,,,,,,,,,,,,,,,443.73805880000145,443.7514947000018,443.7514947000018,443.7514947000018,443.9353951000012,None,,,,,,,,,,,,,,,,,,,,,,,,,,,,,,,,P2887,Bar_MIC,3,1,2026-05-11_17h28.42.991,MIC_task,,2026.1.2,59.486276515657686,2026-05-11 17h28.44.439398 +0200,
,,6,0,6,,,,,,,3,p17,orvos,doctor,6,people,professions,7,843,None,104,None,"(0.1, -0.1)",None,,,,,,,,,,,,,,0,0,0,0,0,28,28,28,6,0,6,0,443.9519083000014,,,,,,,,,,,,,,,,,,,,,,,,,,,,,,,,,,,,,,,,,,,,,,,,,,,,,,,,,,,,,,,,,,,,,,,,,,,,,,,,,,,,,,,,,,,,,443.93825720000314,443.9519083000014,443.9519083000014,443.9519083000014,444.1360682000013,None,,,,,,,,,,,,,,,,,,,,,,,,,,,,,,,,P2887,Bar_MIC,3,1,2026-05-11_17h28.42.991,MIC_task,,2026.1.2,59.486276515657686,2026-05-11 17h28.44.439398 +0200,
,,7,0,7,,,,,,,3,p17,orvos,doctor,6,people,professions,7,843,None,104,None,"(0.1, -0.1)",None,,,,,,,,,,,,,,0,0,0,0,0,28,28,28,7,0,7,0,444.1522718000015,,,,,,,,,,,,,,,,,,,,,,,,,,,,,,,,,,,,,,,,,,,,,,,,,,,,,,,,,,,,,,,,,,,,,,,,,,,,,,,,,,,,,,,,,,,,,444.13918639999974,444.1522718000015,444.1522718000015,444.1522718000015,444.3365027,None,,,,,,,,,,,,,,,,,,,,,,,,,,,,,,,,P2887,Bar_MIC,3,1,2026-05-11_17h28.42.991,MIC_task,,2026.1.2,59.486276515657686,2026-05-11 17h28.44.439398 +0200,
,,8,0,8,,,,,,,3,p17,orvos,doctor,6,people,professions,7,843,None,104,None,"(0.1, -0.1)",None,,,,,,,,,,,,,,0,0,0,0,0,28,28,28,8,0,8,0,444.3526141000002,,,,,,,,,,,,,,,,,,,,,,,,,,,,,,,,,,,,,,,,,,,,,,,,,,,,,,,,,,,,,,,,,,,,,,,,,,,,,,,,,,,,,,,,,,,,,444.3396375000011,444.3526141000002,444.3526141000002,444.3526141000002,444.5369279000006,None,,,,,,,,,,,,,,,,,,,,,,,,,,,,,,,,P2887,Bar_MIC,3,1,2026-05-11_17h28.42.991,MIC_task,,2026.1.2,59.486276515657686,2026-05-11 17h28.44.439398 +0200,
,,9,0,9,,,,,,,3,p17,orvos,doctor,6,people,professions,7,843,None,104,None,"(0.1, -0.1)",None,,,,,,,,,,,,,,0,0,0,0,0,28,28,28,9,0,9,0,444.55294180000055,,,,,,,,,,,,,,,,,,,,,,,,,,,,,,,,,,,,,,,,,,,,,,,,,,,,,,,,,,,,,,,,,,,,,,,,,,,,,,,,,,,,,,,,,,,,,444.53999340000155,444.55294180000055,444.55294180000055,444.55294180000055,444.7371936000018,None,,,,,,,,,,,,,,,,,,,,,,,,,,,,,,,,P2887,Bar_MIC,3,1,2026-05-11_17h28.42.991,MIC_task,,2026.1.2,59.486276515657686,2026-05-11 17h28.44.439398 +0200,
,,10,0,10,,,,,,,3,p17,orvos,doctor,6,people,professions,7,843,None,104,None,"(0.1, -0.1)",None,,,,,,,,,,,,,,0,0,0,0,0,28,28,28,10,0,10,0,444.7533323000025,,,,,,,,,,,,,,,,,,,,,,,,,,,,,,,,,,,,,,,,,,,,,,,,,,,,,,,,,,,,,,,,,,,,,,,,,,,,,,,,,,,,,,,,,,,,,444.7402621000001,444.7533323000025,444.7533323000025,444.7533323000025,444.937890600002,None,,,,,,,,,,,,,,,,,,,,,,,,,,,,,,,,P2887,Bar_MIC,3,1,2026-05-11_17h28.42.991,MIC_task,,2026.1.2,59.486276515657686,2026-05-11 17h28.44.439398 +0200,
,,11,0,11,,,,,,,3,p17,orvos,doctor,6,people,professions,7,843,None,104,None,"(0.1, -0.1)",None,,,,,,,,,,,,,,0,0,0,0,0,28,28,28,11,0,11,0,444.95384560000093,,,,,,,,,,,,,,,,,,,,,,,,,,,,,,,,,,,,,,,,,,,,,,,,,,,,,,,,,,,,,,,,,,,,,,,,,,,,,,,,,,,,,,,,,,,,,444.94106140000076,444.95384560000093,444.95384560000093,444.95384560000093,445.1380398000001,None,,,,,,,,,,,,,,,,,,,,,,,,,,,,,,,,P2887,Bar_MIC,3,1,2026-05-11_17h28.42.991,MIC_task,,2026.1.2,59.486276515657686,2026-05-11 17h28.44.439398 +0200,
,,12,0,12,,,,,,,3,p17,orvos,doctor,6,people,professions,7,843,None,104,None,"(0.1, -0.1)",None,,,,,,,,,,,,,,0,0,0,0,0,28,28,28,12,0,12,0,445.15338390000034,,,,,,,,,,,,,,,,,,,,,,,,,,,,,,,,,,,,,,,,,,,,,,,,,,,,,,,,,,,,,,,,,,,,,,,,,,,,,,,,,,,,,,,,,,,,,445.14106670000183,445.15338390000034,445.15338390000034,445.15338390000034,445.3382082999997,None,,,,,,,,,,,,,,,,,,,,,,,,,,,,,,,,P2887,Bar_MIC,3,1,2026-05-11_17h28.42.991,MIC_task,,2026.1.2,59.486276515657686,2026-05-11 17h28.44.439398 +0200,
,,13,0,13,,,,,,,3,p17,orvos,doctor,6,people,professions,7,843,None,104,None,"(0.1, -0.1)",None,,,,,,,,,,,,,,0,0,0,0,0,28,28,28,13,0,13,0,445.35372780000034,,,,,,,,,,,,,,,,,,,,,,,,,,,,,,,,,,,,,,,,,,,,,,,,,,,,,,,,,,,,,,,,,,,,,,,,,,,,,,,,,,,,,,,,,,,,,445.3412496000019,445.35372780000034,445.35372780000034,445.35372780000034,445.53860630000054,None,,,,,,,,,,,,,,,,,,,,,,,,,,,,,,,,P2887,Bar_MIC,3,1,2026-05-11_17h28.42.991,MIC_task,,2026.1.2,59.486276515657686,2026-05-11 17h28.44.439398 +0200,
,,14,0,14,,,,,,,3,p17,orvos,doctor,6,people,professions,7,843,None,104,None,"(0.1, -0.1)",None,,,,,,,,,,,,,,0,0,0,0,0,28,28,28,14,0,14,0,445.55414270000256,,,,,,,,,,,,,,,,,,,,,,,,,,,,,,,,,,,,,,,,,,,,,,,,,,,,,,,,,,,,,,,,,,,,,,,,,,,,,,,,,,,,,,,,,,,,,445.54201530000137,445.55414270000256,445.55414270000256,445.55414270000256,445.7390464000018,None,,,,,,,,,,,,,,,,,,,,,,,,,,,,,,,,P2887,Bar_MIC,3,1,2026-05-11_17h28.42.991,MIC_task,,2026.1.2,59.486276515657686,2026-05-11 17h28.44.439398 +0200,
,,15,0,15,,,,,,,3,p17,orvos,doctor,6,people,professions,7,843,None,104,None,"(0.1, -0.1)",None,,,,,,,,,,,,,,0,0,0,0,0,28,28,28,15,0,15,0,445.75443110000197,,,,,,,,,,,,,,,,,,,,,,,,,,,,,,,,,,,,,,,,,,,,,,,,,,,,,,,,,,,,,,,,,,,,,,,,,,,,,,,,,,,,,,,,,,,,,445.74190680000174,445.75443110000197,445.75443110000197,445.75443110000197,445.939449700003,None,,,,,,,,,,,,,,,,,,,,,,,,,,,,,,,,P2887,Bar_MIC,3,1,2026-05-11_17h28.42.991,MIC_task,,2026.1.2,59.486276515657686,2026-05-11 17h28.44.439398 +0200,
,,16,0,16,,,,,,,3,p17,orvos,doctor,6,people,professions,7,843,None,104,None,"(0.1, -0.1)",None,,,,,,,,,,,,,,0,0,0,0,0,28,28,28,16,0,16,0,445.9548664000031,,,,,,,,,,,,,,,,,,,,,,,,,,,,,,,,,,,,,,,,,,,,,,,,,,,,,,,,,,,,,,,,,,,,,,,,,,,,,,,,,,,,,,,,,,,,,445.9424448000027,445.9548664000031,445.9548664000031,445.9548664000031,446.13863160000255,None,,,,,,,,,,,,,,,,,,,,,,,,,,,,,,,,P2887,Bar_MIC,3,1,2026-05-11_17h28.42.991,MIC_task,,2026.1.2,59.486276515657686,2026-05-11 17h28.44.439398 +0200,
,,17,0,17,,,,,,,3,p17,orvos,doctor,6,people,professions,7,843,None,104,None,"(0.1, -0.1)",None,,,,,,,,,,,,,,0,0,0,0,0,28,28,28,17,0,17,0,446.155249200001,,,,,,,,,,,,,,,,,,,,,,,,,,,,,,,,,,,,,,,,,,,,,,,,,,,,,,,,,,,,,,,,,,,,,,,,,,,,,,,,,,,,,,,,,,,,,446.14207760000136,446.155249200001,446.155249200001,446.155249200001,446.3391123000001,None,,,,,,,,,,,,,,,,,,,,,,,,,,,,,,,,P2887,Bar_MIC,3,1,2026-05-11_17h28.42.991,MIC_task,,2026.1.2,59.486276515657686,2026-05-11 17h28.44.439398 +0200,
,,18,0,18,,,,,,,3,p17,orvos,doctor,6,people,professions,7,843,None,104,None,"(0.1, -0.1)",None,,,,,,,,,,,,,,0,0,0,0,0,28,28,28,18,0,18,0,446.3556736999999,,,,,,,,,,,,,,,,,,,,,,,,,,,,,,,,,,,,,,,,,,,,,,,,,,,,,,,,,,,,,,,,,,,,,,,,,,,,,,,,,,,,,,,,,,,,,446.3419458999997,446.3556736999999,446.3556736999999,446.3556736999999,446.5394938000027,None,,,,,,,,,,,,,,,,,,,,,,,,,,,,,,,,P2887,Bar_MIC,3,1,2026-05-11_17h28.42.991,MIC_task,,2026.1.2,59.486276515657686,2026-05-11 17h28.44.439398 +0200,
,,19,0,19,,,,,,,3,p17,orvos,doctor,6,people,professions,7,843,None,104,None,"(0.1, -0.1)",None,,,,,,,,,,,,,,0,0,0,0,0,28,28,28,19,0,19,0,446.555879800002,,,,,,,,,,,,,,,,,,,,,,,,,,,,,,,,,,,,,,,,,,,,,,,,,,,,,,,,,,,,,,,,,,,,,,,,,,,,,,,,,,,,,,,,,,,,,446.5427621000017,446.555879800002,446.555879800002,446.555879800002,446.739913100002,None,,,,,,,,,,,,,,,,,,,,,,,,,,,,,,,,P2887,Bar_MIC,3,1,2026-05-11_17h28.42.991,MIC_task,,2026.1.2,59.486276515657686,2026-05-11 17h28.44.439398 +0200,
,,20,0,20,,,,,,,3,p17,orvos,doctor,6,people,professions,7,843,None,104,None,"(0.1, -0.1)",None,,,,,,,,,,,,,,0,0,0,0,0,28,28,28,20,0,20,0,446.7562168000004,,,,,,,,,,,,,,,,,,,,,,,,,,,,,,,,,,,,,,,,,,,,,,,,,,,,,,,,,,,,,,,,,,,,,,,,,,,,,,,,,,,,,,,,,,,,,446.74315110000316,446.7562168000004,446.7562168000004,446.7562168000004,446.94050229999993,None,,,,,,,,,,,,,,,,,,,,,,,,,,,,,,,,P2887,Bar_MIC,3,1,2026-05-11_17h28.42.991,MIC_task,,2026.1.2,59.486276515657686,2026-05-11 17h28.44.439398 +0200,
,,21,0,21,,,,,,,3,p17,orvos,doctor,6,people,professions,7,843,None,104,None,"(0.1, -0.1)",None,,,,,,,,,,,,,,0,0,0,0,0,28,28,28,21,0,21,0,446.956706500001,,,,,,,,,,,,,,,,,,,,,,,,,,,,,,,,,,,,,,,,,,,,,,,,,,,,,,,,,,,,,,,,,,,,,,,,,,,,,,,,,,,,,,,,,,,,,446.94341580000037,446.956706500001,446.956706500001,446.956706500001,447.1412764000015,None,,,,,,,,,,,,,,,,,,,,,,,,,,,,,,,,P2887,Bar_MIC,3,1,2026-05-11_17h28.42.991,MIC_task,,2026.1.2,59.486276515657686,2026-05-11 17h28.44.439398 +0200,
,,22,0,22,,,,,,,3,p17,orvos,doctor,6,people,professions,7,843,None,104,None,"(0.1, -0.1)",space,0.09743230000094627,None,,,,,,,,,,,,0,0,0,0,0,28,28,28,22,0,22,0,447.1562769000011,,,,,,,,,,,,,,,,,,,,,,,,,,,,,,,,,,,,,,,,,,,,,,,,,,,,,,,,,,,,,,,,,,,,,,,,,,,,,,,,,,,,,,,,,,,,,447.1449541000002,447.1562769000011,447.1562769000011,447.1562769000011,447.2580529000006,space,0.09743230000094627,None,,,,,,,,,,,,,,,,,,,,,,,,,,,,,,P2887,Bar_MIC,3,1,2026-05-11_17h28.42.991,MIC_task,,2026.1.2,59.486276515657686,2026-05-11 17h28.44.439398 +0200,
,,28,28,0,,,,space,0.7745593999970879,None,3,p17,orvos,doctor,6,people,professions,7,843,None,104,None,"(0.1, -0.1)",,,,,,,,,,,,,,,0,0,0,0,0,28,28,28,,,,,,,,,,,,,,,,,,,,,,,,,,,,,,,,,,,,,,,,,,,,,,,,,,,,,,,,,,,,,,,,,,,,,,,,,,,,,,,,,447.3190031000013,447.32465740000043,447.3237711666671,449.26068210000085,,,,,,451.26329380000243,451.28339920000144,451.28339920000144,452.0656482000013,,,,,,,,,,,,,449.28961640000125,449.2952734999999,449.2938452333333,451.1968927000016,451.2632373000015,space,0.7745593999970879,None,,,,,,,,,,,,,,,,,,,,,,P2887,Bar_MIC,3,1,2026-05-11_17h28.42.991,MIC_task,,2026.1.2,59.486276515657686,2026-05-11 17h28.44.439398 +0200,
,,0,0,0,,,,,,,3,c18,zokni,sock,3,clothes,footwear,5.6,74,20,35,None,"(-0.1, -0.1)",None,,,,,,,,,,,,,,0,0,0,0,0,29,29,29,0,0,0,0,452.1022469000018,,,,,,,,,,,,,,,,,,,,,,,,,,,,,,,,,,,,,,,,,,,,,,,,,,,,,,,,,,,,,,,,,,,,,,,,,,,,,,,,,,,,,,,,,,,,,452.09741860000213,452.1022469000018,452.1022469000018,452.1022469000018,452.28179490000184,None,,,,,,,,,,,,,,,,,,,,,,,,,,,,,,,,P2887,Bar_MIC,3,1,2026-05-11_17h28.42.991,MIC_task,,2026.1.2,59.486276515657686,2026-05-11 17h28.44.439398 +0200,
,,0,0,0,,,,,,,3,c18,zokni,sock,3,clothes,footwear,5.6,74,20,35,None,"(-0.1, -0.1)",None,,,,,,,,,,,,,,0,0,0,0,0,29,29,29,0,0,0,0,452.2981381999998,,,,,,,,,,,,,,,,,,,,,,,,,,,,,,,,,,,,,,,,,,,,,,,,,,,,,,,,,,,,,,,,,,,,,,,,,,,,,,,,,,,,,,,,,,,,,452.28491940000094,452.2981381999998,452.2981381999998,452.2981381999998,452.4823036000016,None,,,,,,,,,,,,,,,,,,,,,,,,,,,,,,,,P2887,Bar_MIC,3,1,2026-05-11_17h28.42.991,MIC_task,,2026.1.2,59.486276515657686,2026-05-11 17h28.44.439398 +0200,
,,1,0,1,,,,,,,3,c18,zokni,sock,3,clothes,footwear,5.6,74,20,35,None,"(-0.1, -0.1)",None,,,,,,,,,,,,,,0,0,0,0,0,29,29,29,1,0,1,0,452.4978062000009,,,,,,,,,,,,,,,,,,,,,,,,,,,,,,,,,,,,,,,,,,,,,,,,,,,,,,,,,,,,,,,,,,,,,,,,,,,,,,,,,,,,,,,,,,,,,452.4858850000019,452.4978062000009,452.4978062000009,452.4978062000009,452.6658631999999,None,,,,,,,,,,,,,,,,,,,,,,,,,,,,,,,,P2887,Bar_MIC,3,1,2026-05-11_17h28.42.991,MIC_task,,2026.1.2,59.486276515657686,2026-05-11 17h28.44.439398 +0200,
,,2,0,2,,,,,,,3,c18,zokni,sock,3,clothes,footwear,5.6,74,20,35,None,"(-0.1, -0.1)",None,,,,,,,,,,,,,,0,0,0,0,0,29,29,29,2,0,2,0,452.6822565000002,,,,,,,,,,,,,,,,,,,,,,,,,,,,,,,,,,,,,,,,,,,,,,,,,,,,,,,,,,,,,,,,,,,,,,,,,,,,,,,,,,,,,,,,,,,,,452.6693852000026,452.6822565000002,452.6822565000002,452.6822565000002,452.8662433000027,None,,,,,,,,,,,,,,,,,,,,,,,,,,,,,,,,P2887,Bar_MIC,3,1,2026-05-11_17h28.42.991,MIC_task,,2026.1.2,59.486276515657686,2026-05-11 17h28.44.439398 +0200,
,,3,0,3,,,,,,,3,c18,zokni,sock,3,clothes,footwear,5.6,74,20,35,None,"(-0.1, -0.1)",None,,,,,,,,,,,,,,0,0,0,0,0,29,29,29,3,0,3,0,452.881773000001,,,,,,,,,,,,,,,,,,,,,,,,,,,,,,,,,,,,,,,,,,,,,,,,,,,,,,,,,,,,,,,,,,,,,,,,,,,,,,,,,,,,,,,,,,,,,452.86976340000183,452.881773000001,452.881773000001,452.881773000001,453.06698280000273,None,,,,,,,,,,,,,,,,,,,,,,,,,,,,,,,,P2887,Bar_MIC,3,1,2026-05-11_17h28.42.991,MIC_task,,2026.1.2,59.486276515657686,2026-05-11 17h28.44.439398 +0200,
,,4,0,4,,,,,,,3,c18,zokni,sock,3,clothes,footwear,5.6,74,20,35,None,"(-0.1, -0.1)",None,,,,,,,,,,,,,,0,0,0,0,0,29,29,29,4,0,4,0,453.08217180000065,,,,,,,,,,,,,,,,,,,,,,,,,,,,,,,,,,,,,,,,,,,,,,,,,,,,,,,,,,,,,,,,,,,,,,,,,,,,,,,,,,,,,,,,,,,,,453.07005720000234,453.08217180000065,453.08217180000065,453.08217180000065,453.26597400000173,None,,,,,,,,,,,,,,,,,,,,,,,,,,,,,,,,P2887,Bar_MIC,3,1,2026-05-11_17h28.42.991,MIC_task,,2026.1.2,59.486276515657686,2026-05-11 17h28.44.439398 +0200,
,,5,0,5,,,,,,,3,c18,zokni,sock,3,clothes,footwear,5.6,74,20,35,None,"(-0.1, -0.1)",None,,,,,,,,,,,,,,0,0,0,0,0,29,29,29,5,0,5,0,453.2825490000032,,,,,,,,,,,,,,,,,,,,,,,,,,,,,,,,,,,,,,,,,,,,,,,,,,,,,,,,,,,,,,,,,,,,,,,,,,,,,,,,,,,,,,,,,,,,,453.2692750000024,453.2825490000032,453.2825490000032,453.2825490000032,453.46751890000087,None,,,,,,,,,,,,,,,,,,,,,,,,,,,,,,,,P2887,Bar_MIC,3,1,2026-05-11_17h28.42.991,MIC_task,,2026.1.2,59.486276515657686,2026-05-11 17h28.44.439398 +0200,
,,6,0,6,,,,,,,3,c18,zokni,sock,3,clothes,footwear,5.6,74,20,35,None,"(-0.1, -0.1)",None,,,,,,,,,,,,,,0,0,0,0,0,29,29,29,6,0,6,0,453.48294420000093,,,,,,,,,,,,,,,,,,,,,,,,,,,,,,,,,,,,,,,,,,,,,,,,,,,,,,,,,,,,,,,,,,,,,,,,,,,,,,,,,,,,,,,,,,,,,453.47060090000014,453.48294420000093,453.48294420000093,453.48294420000093,453.66674780000176,None,,,,,,,,,,,,,,,,,,,,,,,,,,,,,,,,P2887,Bar_MIC,3,1,2026-05-11_17h28.42.991,MIC_task,,2026.1.2,59.486276515657686,2026-05-11 17h28.44.439398 +0200,
,,7,0,7,,,,,,,3,c18,zokni,sock,3,clothes,footwear,5.6,74,20,35,None,"(-0.1, -0.1)",None,,,,,,,,,,,,,,0,0,0,0,0,29,29,29,7,0,7,0,453.68331670000043,,,,,,,,,,,,,,,,,,,,,,,,,,,,,,,,,,,,,,,,,,,,,,,,,,,,,,,,,,,,,,,,,,,,,,,,,,,,,,,,,,,,,,,,,,,,,453.66992870000104,453.68331670000043,453.68331670000043,453.68331670000043,453.8671729000016,None,,,,,,,,,,,,,,,,,,,,,,,,,,,,,,,,P2887,Bar_MIC,3,1,2026-05-11_17h28.42.991,MIC_task,,2026.1.2,59.486276515657686,2026-05-11 17h28.44.439398 +0200,
,,8,0,8,,,,,,,3,c18,zokni,sock,3,clothes,footwear,5.6,74,20,35,None,"(-0.1, -0.1)",None,,,,,,,,,,,,,,0,0,0,0,0,29,29,29,8,0,8,0,453.8836888000005,,,,,,,,,,,,,,,,,,,,,,,,,,,,,,,,,,,,,,,,,,,,,,,,,,,,,,,,,,,,,,,,,,,,,,,,,,,,,,,,,,,,,,,,,,,,,453.8704816000027,453.8836888000005,453.8836888000005,453.8836888000005,454.06766080000307,None,,,,,,,,,,,,,,,,,,,,,,,,,,,,,,,,P2887,Bar_MIC,3,1,2026-05-11_17h28.42.991,MIC_task,,2026.1.2,59.486276515657686,2026-05-11 17h28.44.439398 +0200,
,,9,0,9,,,,,,,3,c18,zokni,sock,3,clothes,footwear,5.6,74,20,35,None,"(-0.1, -0.1)",None,,,,,,,,,,,,,,0,0,0,0,0,29,29,29,9,0,9,0,454.08401550000053,,,,,,,,,,,,,,,,,,,,,,,,,,,,,,,,,,,,,,,,,,,,,,,,,,,,,,,,,,,,,,,,,,,,,,,,,,,,,,,,,,,,,,,,,,,,,454.07093410000016,454.08401550000053,454.08401550000053,454.08401550000053,454.26834830000007,None,,,,,,,,,,,,,,,,,,,,,,,,,,,,,,,,P2887,Bar_MIC,3,1,2026-05-11_17h28.42.991,MIC_task,,2026.1.2,59.486276515657686,2026-05-11 17h28.44.439398 +0200,
,,10,0,10,,,,,,,3,c18,zokni,sock,3,clothes,footwear,5.6,74,20,35,None,"(-0.1, -0.1)",None,,,,,,,,,,,,,,0,0,0,0,0,29,29,29,10,0,10,0,454.2844522000014,,,,,,,,,,,,,,,,,,,,,,,,,,,,,,,,,,,,,,,,,,,,,,,,,,,,,,,,,,,,,,,,,,,,,,,,,,,,,,,,,,,,,,,,,,,,,454.27158260000215,454.2844522000014,454.2844522000014,454.2844522000014,454.468417600001,None,,,,,,,,,,,,,,,,,,,,,,,,,,,,,,,,P2887,Bar_MIC,3,1,2026-05-11_17h28.42.991,MIC_task,,2026.1.2,59.486276515657686,2026-05-11 17h28.44.439398 +0200,
,,11,0,11,,,,,,,3,c18,zokni,sock,3,clothes,footwear,5.6,74,20,35,None,"(-0.1, -0.1)",None,,,,,,,,,,,,,,0,0,0,0,0,29,29,29,11,0,11,0,454.48474460000216,,,,,,,,,,,,,,,,,,,,,,,,,,,,,,,,,,,,,,,,,,,,,,,,,,,,,,,,,,,,,,,,,,,,,,,,,,,,,,,,,,,,,,,,,,,,,454.471363800003,454.48474460000216,454.48474460000216,454.48474460000216,454.66879400000107,None,,,,,,,,,,,,,,,,,,,,,,,,,,,,,,,,P2887,Bar_MIC,3,1,2026-05-11_17h28.42.991,MIC_task,,2026.1.2,59.486276515657686,2026-05-11 17h28.44.439398 +0200,
,,12,0,12,,,,,,,3,c18,zokni,sock,3,clothes,footwear,5.6,74,20,35,None,"(-0.1, -0.1)",None,,,,,,,,,,,,,,0,0,0,0,0,29,29,29,12,0,12,0,454.6851001000032,,,,,,,,,,,,,,,,,,,,,,,,,,,,,,,,,,,,,,,,,,,,,,,,,,,,,,,,,,,,,,,,,,,,,,,,,,,,,,,,,,,,,,,,,,,,,454.6718385000022,454.6851001000032,454.6851001000032,454.6851001000032,454.86942380000255,None,,,,,,,,,,,,,,,,,,,,,,,,,,,,,,,,P2887,Bar_MIC,3,1,2026-05-11_17h28.42.991,MIC_task,,2026.1.2,59.486276515657686,2026-05-11 17h28.44.439398 +0200,
,,13,0,13,,,,,,,3,c18,zokni,sock,3,clothes,footwear,5.6,74,20,35,None,"(-0.1, -0.1)",None,,,,,,,,,,,,,,0,0,0,0,0,29,29,29,13,0,13,0,454.88559330000135,,,,,,,,,,,,,,,,,,,,,,,,,,,,,,,,,,,,,,,,,,,,,,,,,,,,,,,,,,,,,,,,,,,,,,,,,,,,,,,,,,,,,,,,,,,,,454.87233370000104,454.88559330000135,454.88559330000135,454.88559330000135,455.0695902000007,None,,,,,,,,,,,,,,,,,,,,,,,,,,,,,,,,P2887,Bar_MIC,3,1,2026-05-11_17h28.42.991,MIC_task,,2026.1.2,59.486276515657686,2026-05-11 17h28.44.439398 +0200,
,,14,0,14,,,,,,,3,c18,zokni,sock,3,clothes,footwear,5.6,74,20,35,None,"(-0.1, -0.1)",None,,,,,,,,,,,,,,0,0,0,0,0,29,29,29,14,0,14,0,455.08519060000253,,,,,,,,,,,,,,,,,,,,,,,,,,,,,,,,,,,,,,,,,,,,,,,,,,,,,,,,,,,,,,,,,,,,,,,,,,,,,,,,,,,,,,,,,,,,,455.07299890000286,455.08519060000253,455.08519060000253,455.08519060000253,455.26999440000145,None,,,,,,,,,,,,,,,,,,,,,,,,,,,,,,,,P2887,Bar_MIC,3,1,2026-05-11_17h28.42.991,MIC_task,,2026.1.2,59.486276515657686,2026-05-11 17h28.44.439398 +0200,
,,15,0,15,,,,,,,3,c18,zokni,sock,3,clothes,footwear,5.6,74,20,35,None,"(-0.1, -0.1)",None,,,,,,,,,,,,,,0,0,0,0,0,29,29,29,15,0,15,0,455.28553079999983,,,,,,,,,,,,,,,,,,,,,,,,,,,,,,,,,,,,,,,,,,,,,,,,,,,,,,,,,,,,,,,,,,,,,,,,,,,,,,,,,,,,,,,,,,,,,455.2733939000027,455.28553079999983,455.28553079999983,455.28553079999983,455.47040930000003,None,,,,,,,,,,,,,,,,,,,,,,,,,,,,,,,,P2887,Bar_MIC,3,1,2026-05-11_17h28.42.991,MIC_task,,2026.1.2,59.486276515657686,2026-05-11 17h28.44.439398 +0200,
,,16,0,16,,,,,,,3,c18,zokni,sock,3,clothes,footwear,5.6,74,20,35,None,"(-0.1, -0.1)",None,,,,,,,,,,,,,,0,0,0,0,0,29,29,29,16,0,16,0,455.4859279000011,,,,,,,,,,,,,,,,,,,,,,,,,,,,,,,,,,,,,,,,,,,,,,,,,,,,,,,,,,,,,,,,,,,,,,,,,,,,,,,,,,,,,,,,,,,,,455.4738509000017,455.4859279000011,455.4859279000011,455.4859279000011,455.67033340000125,None,,,,,,,,,,,,,,,,,,,,,,,,,,,,,,,,P2887,Bar_MIC,3,1,2026-05-11_17h28.42.991,MIC_task,,2026.1.2,59.486276515657686,2026-05-11 17h28.44.439398 +0200,
,,17,0,17,,,,,,,3,c18,zokni,sock,3,clothes,footwear,5.6,74,20,35,None,"(-0.1, -0.1)",None,,,,,,,,,,,,,,0,0,0,0,0,29,29,29,17,0,17,0,455.6863181000008,,,,,,,,,,,,,,,,,,,,,,,,,,,,,,,,,,,,,,,,,,,,,,,,,,,,,,,,,,,,,,,,,,,,,,,,,,,,,,,,,,,,,,,,,,,,,455.67380790000243,455.6863181000008,455.6863181000008,455.6863181000008,455.8700486000016,None,,,,,,,,,,,,,,,,,,,,,,,,,,,,,,,,P2887,Bar_MIC,3,1,2026-05-11_17h28.42.991,MIC_task,,2026.1.2,59.486276515657686,2026-05-11 17h28.44.439398 +0200,
,,18,0,18,,,,,,,3,c18,zokni,sock,3,clothes,footwear,5.6,74,20,35,None,"(-0.1, -0.1)",None,,,,,,,,,,,,,,0,0,0,0,0,29,29,29,18,0,18,0,455.8866186000014,,,,,,,,,,,,,,,,,,,,,,,,,,,,,,,,,,,,,,,,,,,,,,,,,,,,,,,,,,,,,,,,,,,,,,,,,,,,,,,,,,,,,,,,,,,,,455.8732970000019,455.8866186000014,455.8866186000014,455.8866186000014,456.07037330000094,None,,,,,,,,,,,,,,,,,,,,,,,,,,,,,,,,P2887,Bar_MIC,3,1,2026-05-11_17h28.42.991,MIC_task,,2026.1.2,59.486276515657686,2026-05-11 17h28.44.439398 +0200,
,,19,0,19,,,,,,,3,c18,zokni,sock,3,clothes,footwear,5.6,74,20,35,None,"(-0.1, -0.1)",None,,,,,,,,,,,,,,0,0,0,0,0,29,29,29,19,0,19,0,456.08714710000277,,,,,,,,,,,,,,,,,,,,,,,,,,,,,,,,,,,,,,,,,,,,,,,,,,,,,,,,,,,,,,,,,,,,,,,,,,,,,,,,,,,,,,,,,,,,,456.07367650000015,456.08714710000277,456.08714710000277,456.08714710000277,456.27119479999965,None,,,,,,,,,,,,,,,,,,,,,,,,,,,,,,,,P2887,Bar_MIC,3,1,2026-05-11_17h28.42.991,MIC_task,,2026.1.2,59.486276515657686,2026-05-11 17h28.44.439398 +0200,
,,20,0,20,,,,,,,3,c18,zokni,sock,3,clothes,footwear,5.6,74,20,35,None,"(-0.1, -0.1)",None,,,,,,,,,,,,,,0,0,0,0,0,29,29,29,20,0,20,0,456.28743450000184,,,,,,,,,,,,,,,,,,,,,,,,,,,,,,,,,,,,,,,,,,,,,,,,,,,,,,,,,,,,,,,,,,,,,,,,,,,,,,,,,,,,,,,,,,,,,456.27409420000185,456.28743450000184,456.28743450000184,456.28743450000184,456.47163830000136,None,,,,,,,,,,,,,,,,,,,,,,,,,,,,,,,,P2887,Bar_MIC,3,1,2026-05-11_17h28.42.991,MIC_task,,2026.1.2,59.486276515657686,2026-05-11 17h28.44.439398 +0200,
,,21,0,21,,,,,,,3,c18,zokni,sock,3,clothes,footwear,5.6,74,20,35,None,"(-0.1, -0.1)",None,,,,,,,,,,,,,,0,0,0,0,0,29,29,29,21,0,21,0,456.487778900002,,,,,,,,,,,,,,,,,,,,,,,,,,,,,,,,,,,,,,,,,,,,,,,,,,,,,,,,,,,,,,,,,,,,,,,,,,,,,,,,,,,,,,,,,,,,,456.47485790000064,456.487778900002,456.487778900002,456.487778900002,456.6720865000025,None,,,,,,,,,,,,,,,,,,,,,,,,,,,,,,,,P2887,Bar_MIC,3,1,2026-05-11_17h28.42.991,MIC_task,,2026.1.2,59.486276515657686,2026-05-11 17h28.44.439398 +0200,
,,22,0,22,,,,,,,3,c18,zokni,sock,3,clothes,footwear,5.6,74,20,35,None,"(-0.1, -0.1)",None,,,,,,,,,,,,,,0,0,0,0,0,29,29,29,22,0,22,0,456.6880697000015,,,,,,,,,,,,,,,,,,,,,,,,,,,,,,,,,,,,,,,,,,,,,,,,,,,,,,,,,,,,,,,,,,,,,,,,,,,,,,,,,,,,,,,,,,,,,456.67548250000254,456.6880697000015,456.6880697000015,456.6880697000015,456.87213840000186,None,,,,,,,,,,,,,,,,,,,,,,,,,,,,,,,,P2887,Bar_MIC,3,1,2026-05-11_17h28.42.991,MIC_task,,2026.1.2,59.486276515657686,2026-05-11 17h28.44.439398 +0200,
,,23,0,23,,,,,,,3,c18,zokni,sock,3,clothes,footwear,5.6,74,20,35,None,"(-0.1, -0.1)",None,,,,,,,,,,,,,,0,0,0,0,0,29,29,29,23,0,23,0,456.8884085999998,,,,,,,,,,,,,,,,,,,,,,,,,,,,,,,,,,,,,,,,,,,,,,,,,,,,,,,,,,,,,,,,,,,,,,,,,,,,,,,,,,,,,,,,,,,,,456.8756286000025,456.8884085999998,456.8884085999998,456.8884085999998,457.0728580000032,None,,,,,,,,,,,,,,,,,,,,,,,,,,,,,,,,P2887,Bar_MIC,3,1,2026-05-11_17h28.42.991,MIC_task,,2026.1.2,59.486276515657686,2026-05-11 17h28.44.439398 +0200,
,,24,0,24,,,,,,,3,c18,zokni,sock,3,clothes,footwear,5.6,74,20,35,None,"(-0.1, -0.1)",None,,,,,,,,,,,,,,0,0,0,0,0,29,29,29,24,0,24,0,457.08882730000187,,,,,,,,,,,,,,,,,,,,,,,,,,,,,,,,,,,,,,,,,,,,,,,,,,,,,,,,,,,,,,,,,,,,,,,,,,,,,,,,,,,,,,,,,,,,,457.0763724999997,457.08882730000187,457.08882730000187,457.08882730000187,457.27292480000324,None,,,,,,,,,,,,,,,,,,,,,,,,,,,,,,,,P2887,Bar_MIC,3,1,2026-05-11_17h28.42.991,MIC_task,,2026.1.2,59.486276515657686,2026-05-11 17h28.44.439398 +0200,
,,25,0,25,,,,,,,3,c18,zokni,sock,3,clothes,footwear,5.6,74,20,35,None,"(-0.1, -0.1)",None,,,,,,,,,,,,,,0,0,0,0,0,29,29,29,25,0,25,0,457.2884522000022,,,,,,,,,,,,,,,,,,,,,,,,,,,,,,,,,,,,,,,,,,,,,,,,,,,,,,,,,,,,,,,,,,,,,,,,,,,,,,,,,,,,,,,,,,,,,457.2764391000019,457.2884522000022,457.2884522000022,457.2884522000022,457.473384500001,None,,,,,,,,,,,,,,,,,,,,,,,,,,,,,,,,P2887,Bar_MIC,3,1,2026-05-11_17h28.42.991,MIC_task,,2026.1.2,59.486276515657686,2026-05-11 17h28.44.439398 +0200,
,,26,0,26,,,,,,,3,c18,zokni,sock,3,clothes,footwear,5.6,74,20,35,None,"(-0.1, -0.1)",None,,,,,,,,,,,,,,0,0,0,0,0,29,29,29,26,0,26,0,457.48881690000053,,,,,,,,,,,,,,,,,,,,,,,,,,,,,,,,,,,,,,,,,,,,,,,,,,,,,,,,,,,,,,,,,,,,,,,,,,,,,,,,,,,,,,,,,,,,,457.47675810000146,457.48881690000053,457.48881690000053,457.48881690000053,457.67381490000116,None,,,,,,,,,,,,,,,,,,,,,,,,,,,,,,,,P2887,Bar_MIC,3,1,2026-05-11_17h28.42.991,MIC_task,,2026.1.2,59.486276515657686,2026-05-11 17h28.44.439398 +0200,
,,27,0,27,,,,,,,3,c18,zokni,sock,3,clothes,footwear,5.6,74,20,35,None,"(-0.1, -0.1)",None,,,,,,,,,,,,,,0,0,0,0,0,29,29,29,27,0,27,0,457.689294900003,,,,,,,,,,,,,,,,,,,,,,,,,,,,,,,,,,,,,,,,,,,,,,,,,,,,,,,,,,,,,,,,,,,,,,,,,,,,,,,,,,,,,,,,,,,,,457.6771378000012,457.689294900003,457.689294900003,457.689294900003,457.873449900002,None,,,,,,,,,,,,,,,,,,,,,,,,,,,,,,,,P2887,Bar_MIC,3,1,2026-05-11_17h28.42.991,MIC_task,,2026.1.2,59.486276515657686,2026-05-11 17h28.44.439398 +0200,
,,28,0,28,,,,,,,3,c18,zokni,sock,3,clothes,footwear,5.6,74,20,35,None,"(-0.1, -0.1)",None,,,,,,,,,,,,,,0,0,0,0,0,29,29,29,28,0,28,0,457.88980620000075,,,,,,,,,,,,,,,,,,,,,,,,,,,,,,,,,,,,,,,,,,,,,,,,,,,,,,,,,,,,,,,,,,,,,,,,,,,,,,,,,,,,,,,,,,,,,457.8776371000022,457.88980620000075,457.88980620000075,457.88980620000075,458.0733082000006,None,,,,,,,,,,,,,,,,,,,,,,,,,,,,,,,,P2887,Bar_MIC,3,1,2026-05-11_17h28.42.991,MIC_task,,2026.1.2,59.486276515657686,2026-05-11 17h28.44.439398 +0200,
,,29,0,29,,,,,,,3,c18,zokni,sock,3,clothes,footwear,5.6,74,20,35,None,"(-0.1, -0.1)",None,,,,,,,,,,,,,,0,0,0,0,0,29,29,29,29,0,29,0,458.09001290000015,,,,,,,,,,,,,,,,,,,,,,,,,,,,,,,,,,,,,,,,,,,,,,,,,,,,,,,,,,,,,,,,,,,,,,,,,,,,,,,,,,,,,,,,,,,,,458.07668750000084,458.09001290000015,458.09001290000015,458.09001290000015,458.27403760000016,None,,,,,,,,,,,,,,,,,,,,,,,,,,,,,,,,P2887,Bar_MIC,3,1,2026-05-11_17h28.42.991,MIC_task,,2026.1.2,59.486276515657686,2026-05-11 17h28.44.439398 +0200,
,,30,0,30,,,,,,,3,c18,zokni,sock,3,clothes,footwear,5.6,74,20,35,None,"(-0.1, -0.1)",None,,,,,,,,,,,,,,0,0,0,0,0,29,29,29,30,0,30,0,458.29034150000007,,,,,,,,,,,,,,,,,,,,,,,,,,,,,,,,,,,,,,,,,,,,,,,,,,,,,,,,,,,,,,,,,,,,,,,,,,,,,,,,,,,,,,,,,,,,,458.27697580000313,458.29034150000007,458.29034150000007,458.29034150000007,458.47424760000285,None,,,,,,,,,,,,,,,,,,,,,,,,,,,,,,,,P2887,Bar_MIC,3,1,2026-05-11_17h28.42.991,MIC_task,,2026.1.2,59.486276515657686,2026-05-11 17h28.44.439398 +0200,
,,31,0,31,,,,,,,3,c18,zokni,sock,3,clothes,footwear,5.6,74,20,35,None,"(-0.1, -0.1)",None,,,,,,,,,,,,,,0,0,0,0,0,29,29,29,31,0,31,0,458.4907615000011,,,,,,,,,,,,,,,,,,,,,,,,,,,,,,,,,,,,,,,,,,,,,,,,,,,,,,,,,,,,,,,,,,,,,,,,,,,,,,,,,,,,,,,,,,,,,458.4775996999997,458.4907615000011,458.4907615000011,458.4907615000011,458.67537770000126,None,,,,,,,,,,,,,,,,,,,,,,,,,,,,,,,,P2887,Bar_MIC,3,1,2026-05-11_17h28.42.991,MIC_task,,2026.1.2,59.486276515657686,2026-05-11 17h28.44.439398 +0200,
,,32,0,32,,,,,,,3,c18,zokni,sock,3,clothes,footwear,5.6,74,20,35,None,"(-0.1, -0.1)",None,,,,,,,,,,,,,,0,0,0,0,0,29,29,29,32,0,32,0,458.6910898000024,,,,,,,,,,,,,,,,,,,,,,,,,,,,,,,,,,,,,,,,,,,,,,,,,,,,,,,,,,,,,,,,,,,,,,,,,,,,,,,,,,,,,,,,,,,,,458.67853509999986,458.6910898000024,458.6910898000024,458.6910898000024,458.8749174000004,None,,,,,,,,,,,,,,,,,,,,,,,,,,,,,,,,P2887,Bar_MIC,3,1,2026-05-11_17h28.42.991,MIC_task,,2026.1.2,59.486276515657686,2026-05-11 17h28.44.439398 +0200,
,,33,0,33,,,,,,,3,c18,zokni,sock,3,clothes,footwear,5.6,74,20,35,None,"(-0.1, -0.1)",None,,,,,,,,,,,,,,0,0,0,0,0,29,29,29,33,0,33,0,458.89163650000046,,,,,,,,,,,,,,,,,,,,,,,,,,,,,,,,,,,,,,,,,,,,,,,,,,,,,,,,,,,,,,,,,,,,,,,,,,,,,,,,,,,,,,,,,,,,,458.87823240000216,458.89163650000046,458.89163650000046,458.89163650000046,459.07564320000165,None,,,,,,,,,,,,,,,,,,,,,,,,,,,,,,,,P2887,Bar_MIC,3,1,2026-05-11_17h28.42.991,MIC_task,,2026.1.2,59.486276515657686,2026-05-11 17h28.44.439398 +0200,
,,34,0,34,,,,,,,3,c18,zokni,sock,3,clothes,footwear,5.6,74,20,35,None,"(-0.1, -0.1)",None,,,,,,,,,,,,,,0,0,0,0,0,29,29,29,34,0,34,0,459.09179349999977,,,,,,,,,,,,,,,,,,,,,,,,,,,,,,,,,,,,,,,,,,,,,,,,,,,,,,,,,,,,,,,,,,,,,,,,,,,,,,,,,,,,,,,,,,,,,459.0788446000006,459.09179349999977,459.09179349999977,459.09179349999977,459.2760135000026,None,,,,,,,,,,,,,,,,,,,,,,,,,,,,,,,,P2887,Bar_MIC,3,1,2026-05-11_17h28.42.991,MIC_task,,2026.1.2,59.486276515657686,2026-05-11 17h28.44.439398 +0200,
,,35,0,35,,,,,,,3,c18,zokni,sock,3,clothes,footwear,5.6,74,20,35,None,"(-0.1, -0.1)",None,,,,,,,,,,,,,,0,0,0,0,0,29,29,29,35,0,35,0,459.2923152000003,,,,,,,,,,,,,,,,,,,,,,,,,,,,,,,,,,,,,,,,,,,,,,,,,,,,,,,,,,,,,,,,,,,,,,,,,,,,,,,,,,,,,,,,,,,,,459.27890110000226,459.2923152000003,459.2923152000003,459.2923152000003,459.47624030000225,None,,,,,,,,,,,,,,,,,,,,,,,,,,,,,,,,P2887,Bar_MIC,3,1,2026-05-11_17h28.42.991,MIC_task,,2026.1.2,59.486276515657686,2026-05-11 17h28.44.439398 +0200,
,,36,0,36,,,,,,,3,c18,zokni,sock,3,clothes,footwear,5.6,74,20,35,None,"(-0.1, -0.1)",space,0.10719869999957155,None,,,,,,,,,,,,0,0,0,0,0,29,29,29,36,0,36,0,459.494889900001,,,,,,,,,,,,,,,,,,,,,,,,,,,,,,,,,,,,,,,,,,,,,,,,,,,,,,,,,,,,,,,,,,,,,,,,,,,,,,,,,,,,,,,,,,,,,459.47978400000284,459.494889900001,459.494889900001,459.494889900001,459.6115185000017,space,0.10719869999957155,None,,,,,,,,,,,,,,,,,,,,,,,,,,,,,,P2887,Bar_MIC,3,1,2026-05-11_17h28.42.991,MIC_task,,2026.1.2,59.486276515657686,2026-05-11 17h28.44.439398 +0200,
,,29,29,0,,,,space,0.3379229000020132,None,3,c18,zokni,sock,3,clothes,footwear,5.6,74,20,35,None,"(-0.1, -0.1)",,,,,,,,,,,,,,,0,0,0,0,0,29,29,29,,,,,,,,,,,,,,,,,,,,,,,,,,,,,,,,,,,,,,,,,,,,,,,,,,,,,,,,,,,,,,,,,,,,,,,,,,,,,,,,,459.67269450000094,459.678047100002,459.6772041666673,461.61287860000084,,,,,,463.6154467000015,463.6324071000017,463.6324071000017,463.9838595000001,,,,,,,,,,,,,461.6393898000024,461.64407330000176,461.6460892333348,463.53201150000314,463.6153997000001,space,0.3379229000020132,None,,,,,,,,,,,,,,,,,,,,,,P2887,Bar_MIC,3,1,2026-05-11_17h28.42.991,MIC_task,,2026.1.2,59.486276515657686,2026-05-11 17h28.44.439398 +0200,
,,0,0,0,,,,,,,,,,,,,,,,,,,,,,,space,23.24553780000133,None,,,,,,,,,0,0,0,0,,,,,,,,,,,,,,,,,,,,,,,,,,,,,,,,,,,,,,,,,,,,,,,,,,,,,,,,,,,,,,,,,,,,,,,,,,,,,,,,,,,,,,,,,,,,,,,,,,,,,,,,,,,,,,,,,,,,,,,,,464.0686712000024,464.08547140000155,464.08547140000155,464.0830020000008,474.74855730000127,487.33528330000263,space,23.24553780000133,None,,,,,,,,,,P2887,Bar_MIC,3,1,2026-05-11_17h28.42.991,MIC_task,,2026.1.2,59.486276515657686,2026-05-11 17h28.44.439398 +0200,
,,0,0,0,,,,,,,3,c27,póló,t-shirt,3,clothes,tops,6.8,43,23,None,None,"(0.1, -0.1)",None,,,,,,,,,,,,,,1,0,1,0,0,0,0,0,0,0,0,0,487.37128160000066,,,,,,,,,,,,,,,,,,,,,,,,,,,,,,,,,,,,,,,,,,,,,,,,,,,,,,,,,,,,,,,,,,,,,,,,,,,,,,,,,,,,,,,,,,,,,487.36623370000234,487.37128160000066,487.37128160000066,487.37128160000066,487.55200420000256,None,,,,,,,,,,,,,,,,,,,,,,,,,,,,,,,,P2887,Bar_MIC,3,1,2026-05-11_17h28.42.991,MIC_task,,2026.1.2,59.486276515657686,2026-05-11 17h28.44.439398 +0200,
,,0,0,0,,,,,,,3,c27,póló,t-shirt,3,clothes,tops,6.8,43,23,None,None,"(0.1, -0.1)",None,,,,,,,,,,,,,,1,0,1,0,0,0,0,0,0,0,0,0,487.5686952000033,,,,,,,,,,,,,,,,,,,,,,,,,,,,,,,,,,,,,,,,,,,,,,,,,,,,,,,,,,,,,,,,,,,,,,,,,,,,,,,,,,,,,,,,,,,,,487.55511000000115,487.5686952000033,487.5686952000033,487.5686952000033,487.73560630000065,None,,,,,,,,,,,,,,,,,,,,,,,,,,,,,,,,P2887,Bar_MIC,3,1,2026-05-11_17h28.42.991,MIC_task,,2026.1.2,59.486276515657686,2026-05-11 17h28.44.439398 +0200,
,,1,0,1,,,,,,,3,c27,póló,t-shirt,3,clothes,tops,6.8,43,23,None,None,"(0.1, -0.1)",None,,,,,,,,,,,,,,1,0,1,0,0,0,0,0,1,0,1,0,487.7521013000005,,,,,,,,,,,,,,,,,,,,,,,,,,,,,,,,,,,,,,,,,,,,,,,,,,,,,,,,,,,,,,,,,,,,,,,,,,,,,,,,,,,,,,,,,,,,,487.7385111000003,487.7521013000005,487.7521013000005,487.7521013000005,487.9358835000021,None,,,,,,,,,,,,,,,,,,,,,,,,,,,,,,,,P2887,Bar_MIC,3,1,2026-05-11_17h28.42.991,MIC_task,,2026.1.2,59.486276515657686,2026-05-11 17h28.44.439398 +0200,
,,2,0,2,,,,,,,3,c27,póló,t-shirt,3,clothes,tops,6.8,43,23,None,None,"(0.1, -0.1)",None,,,,,,,,,,,,,,1,0,1,0,0,0,0,0,2,0,2,0,487.9524364000026,,,,,,,,,,,,,,,,,,,,,,,,,,,,,,,,,,,,,,,,,,,,,,,,,,,,,,,,,,,,,,,,,,,,,,,,,,,,,,,,,,,,,,,,,,,,,487.93875280000066,487.9524364000026,487.9524364000026,487.9524364000026,488.1368884000003,None,,,,,,,,,,,,,,,,,,,,,,,,,,,,,,,,P2887,Bar_MIC,3,1,2026-05-11_17h28.42.991,MIC_task,,2026.1.2,59.486276515657686,2026-05-11 17h28.44.439398 +0200,
,,3,0,3,,,,,,,3,c27,póló,t-shirt,3,clothes,tops,6.8,43,23,None,None,"(0.1, -0.1)",None,,,,,,,,,,,,,,1,0,1,0,0,0,0,0,3,0,3,0,488.15279210000153,,,,,,,,,,,,,,,,,,,,,,,,,,,,,,,,,,,,,,,,,,,,,,,,,,,,,,,,,,,,,,,,,,,,,,,,,,,,,,,,,,,,,,,,,,,,,488.1402349000018,488.15279210000153,488.15279210000153,488.15279210000153,488.33685080000214,None,,,,,,,,,,,,,,,,,,,,,,,,,,,,,,,,P2887,Bar_MIC,3,1,2026-05-11_17h28.42.991,MIC_task,,2026.1.2,59.486276515657686,2026-05-11 17h28.44.439398 +0200,
,,4,0,4,,,,,,,3,c27,póló,t-shirt,3,clothes,tops,6.8,43,23,None,None,"(0.1, -0.1)",None,,,,,,,,,,,,,,1,0,1,0,0,0,0,0,4,0,4,0,488.3531354000006,,,,,,,,,,,,,,,,,,,,,,,,,,,,,,,,,,,,,,,,,,,,,,,,,,,,,,,,,,,,,,,,,,,,,,,,,,,,,,,,,,,,,,,,,,,,,488.34007740000015,488.3531354000006,488.3531354000006,488.3531354000006,488.53779700000086,None,,,,,,,,,,,,,,,,,,,,,,,,,,,,,,,,P2887,Bar_MIC,3,1,2026-05-11_17h28.42.991,MIC_task,,2026.1.2,59.486276515657686,2026-05-11 17h28.44.439398 +0200,
,,5,0,5,,,,,,,3,c27,póló,t-shirt,3,clothes,tops,6.8,43,23,None,None,"(0.1, -0.1)",None,,,,,,,,,,,,,,1,0,1,0,0,0,0,0,5,0,5,0,488.55352800000037,,,,,,,,,,,,,,,,,,,,,,,,,,,,,,,,,,,,,,,,,,,,,,,,,,,,,,,,,,,,,,,,,,,,,,,,,,,,,,,,,,,,,,,,,,,,,488.5411872000004,488.55352800000037,488.55352800000037,488.55352800000037,488.73791490000076,None,,,,,,,,,,,,,,,,,,,,,,,,,,,,,,,,P2887,Bar_MIC,3,1,2026-05-11_17h28.42.991,MIC_task,,2026.1.2,59.486276515657686,2026-05-11 17h28.44.439398 +0200,
,,6,0,6,,,,,,,3,c27,póló,t-shirt,3,clothes,tops,6.8,43,23,None,None,"(0.1, -0.1)",None,,,,,,,,,,,,,,1,0,1,0,0,0,0,0,6,0,6,0,488.75390830000106,,,,,,,,,,,,,,,,,,,,,,,,,,,,,,,,,,,,,,,,,,,,,,,,,,,,,,,,,,,,,,,,,,,,,,,,,,,,,,,,,,,,,,,,,,,,,488.740815000001,488.75390830000106,488.75390830000106,488.75390830000106,488.93802230000074,None,,,,,,,,,,,,,,,,,,,,,,,,,,,,,,,,P2887,Bar_MIC,3,1,2026-05-11_17h28.42.991,MIC_task,,2026.1.2,59.486276515657686,2026-05-11 17h28.44.439398 +0200,
,,7,0,7,,,,,,,3,c27,póló,t-shirt,3,clothes,tops,6.8,43,23,None,None,"(0.1, -0.1)",None,,,,,,,,,,,,,,1,0,1,0,0,0,0,0,7,0,7,0,488.9535438000021,,,,,,,,,,,,,,,,,,,,,,,,,,,,,,,,,,,,,,,,,,,,,,,,,,,,,,,,,,,,,,,,,,,,,,,,,,,,,,,,,,,,,,,,,,,,,488.9413225999997,488.9535438000021,488.9535438000021,488.9535438000021,489.1385380000029,None,,,,,,,,,,,,,,,,,,,,,,,,,,,,,,,,P2887,Bar_MIC,3,1,2026-05-11_17h28.42.991,MIC_task,,2026.1.2,59.486276515657686,2026-05-11 17h28.44.439398 +0200,
,,8,0,8,,,,,,,3,c27,póló,t-shirt,3,clothes,tops,6.8,43,23,None,None,"(0.1, -0.1)",None,,,,,,,,,,,,,,1,0,1,0,0,0,0,0,8,0,8,0,489.1539746000017,,,,,,,,,,,,,,,,,,,,,,,,,,,,,,,,,,,,,,,,,,,,,,,,,,,,,,,,,,,,,,,,,,,,,,,,,,,,,,,,,,,,,,,,,,,,,489.14167760000055,489.1539746000017,489.1539746000017,489.1539746000017,489.33765330000097,None,,,,,,,,,,,,,,,,,,,,,,,,,,,,,,,,P2887,Bar_MIC,3,1,2026-05-11_17h28.42.991,MIC_task,,2026.1.2,59.486276515657686,2026-05-11 17h28.44.439398 +0200,
,,9,0,9,,,,,,,3,c27,póló,t-shirt,3,clothes,tops,6.8,43,23,None,None,"(0.1, -0.1)",None,,,,,,,,,,,,,,1,0,1,0,0,0,0,0,9,0,9,0,489.354310900002,,,,,,,,,,,,,,,,,,,,,,,,,,,,,,,,,,,,,,,,,,,,,,,,,,,,,,,,,,,,,,,,,,,,,,,,,,,,,,,,,,,,,,,,,,,,,489.34079060000295,489.354310900002,489.354310900002,489.354310900002,489.5381172000016,None,,,,,,,,,,,,,,,,,,,,,,,,,,,,,,,,P2887,Bar_MIC,3,1,2026-05-11_17h28.42.991,MIC_task,,2026.1.2,59.486276515657686,2026-05-11 17h28.44.439398 +0200,
,,10,0,10,,,,,,,3,c27,póló,t-shirt,3,clothes,tops,6.8,43,23,None,None,"(0.1, -0.1)",None,,,,,,,,,,,,,,1,0,1,0,0,0,0,0,10,0,10,0,489.55471770000077,,,,,,,,,,,,,,,,,,,,,,,,,,,,,,,,,,,,,,,,,,,,,,,,,,,,,,,,,,,,,,,,,,,,,,,,,,,,,,,,,,,,,,,,,,,,,489.54120850000254,489.55471770000077,489.55471770000077,489.55471770000077,489.7383520000003,None,,,,,,,,,,,,,,,,,,,,,,,,,,,,,,,,P2887,Bar_MIC,3,1,2026-05-11_17h28.42.991,MIC_task,,2026.1.2,59.486276515657686,2026-05-11 17h28.44.439398 +0200,
,,11,0,11,,,,,,,3,c27,póló,t-shirt,3,clothes,tops,6.8,43,23,None,None,"(0.1, -0.1)",None,,,,,,,,,,,,,,1,0,1,0,0,0,0,0,11,0,11,0,489.7550702000008,,,,,,,,,,,,,,,,,,,,,,,,,,,,,,,,,,,,,,,,,,,,,,,,,,,,,,,,,,,,,,,,,,,,,,,,,,,,,,,,,,,,,,,,,,,,,489.74150630000076,489.7550702000008,489.7550702000008,489.7550702000008,489.9390303,None,,,,,,,,,,,,,,,,,,,,,,,,,,,,,,,,P2887,Bar_MIC,3,1,2026-05-11_17h28.42.991,MIC_task,,2026.1.2,59.486276515657686,2026-05-11 17h28.44.439398 +0200,
,,12,0,12,,,,,,,3,c27,póló,t-shirt,3,clothes,tops,6.8,43,23,None,None,"(0.1, -0.1)",None,,,,,,,,,,,,,,1,0,1,0,0,0,0,0,12,0,12,0,489.95540360000086,,,,,,,,,,,,,,,,,,,,,,,,,,,,,,,,,,,,,,,,,,,,,,,,,,,,,,,,,,,,,,,,,,,,,,,,,,,,,,,,,,,,,,,,,,,,,489.9420267000023,489.95540360000086,489.95540360000086,489.95540360000086,490.1393868000014,None,,,,,,,,,,,,,,,,,,,,,,,,,,,,,,,,P2887,Bar_MIC,3,1,2026-05-11_17h28.42.991,MIC_task,,2026.1.2,59.486276515657686,2026-05-11 17h28.44.439398 +0200,
,,13,0,13,,,,,,,3,c27,póló,t-shirt,3,clothes,tops,6.8,43,23,None,None,"(0.1, -0.1)",None,,,,,,,,,,,,,,1,0,1,0,0,0,0,0,13,0,13,0,490.15573230000155,,,,,,,,,,,,,,,,,,,,,,,,,,,,,,,,,,,,,,,,,,,,,,,,,,,,,,,,,,,,,,,,,,,,,,,,,,,,,,,,,,,,,,,,,,,,,490.14232670000274,490.15573230000155,490.15573230000155,490.15573230000155,490.3400505999998,None,,,,,,,,,,,,,,,,,,,,,,,,,,,,,,,,P2887,Bar_MIC,3,1,2026-05-11_17h28.42.991,MIC_task,,2026.1.2,59.486276515657686,2026-05-11 17h28.44.439398 +0200,
,,14,0,14,,,,,,,3,c27,póló,t-shirt,3,clothes,tops,6.8,43,23,None,None,"(0.1, -0.1)",None,,,,,,,,,,,,,,1,0,1,0,0,0,0,0,14,0,14,0,490.35607730000265,,,,,,,,,,,,,,,,,,,,,,,,,,,,,,,,,,,,,,,,,,,,,,,,,,,,,,,,,,,,,,,,,,,,,,,,,,,,,,,,,,,,,,,,,,,,,490.3431240000027,490.35607730000265,490.35607730000265,490.35607730000265,490.5401931000015,None,,,,,,,,,,,,,,,,,,,,,,,,,,,,,,,,P2887,Bar_MIC,3,1,2026-05-11_17h28.42.991,MIC_task,,2026.1.2,59.486276515657686,2026-05-11 17h28.44.439398 +0200,
,,15,0,15,,,,,,,3,c27,póló,t-shirt,3,clothes,tops,6.8,43,23,None,None,"(0.1, -0.1)",None,,,,,,,,,,,,,,1,0,1,0,0,0,0,0,15,0,15,0,490.5565361000008,,,,,,,,,,,,,,,,,,,,,,,,,,,,,,,,,,,,,,,,,,,,,,,,,,,,,,,,,,,,,,,,,,,,,,,,,,,,,,,,,,,,,,,,,,,,,490.54332160000195,490.5565361000008,490.5565361000008,490.5565361000008,490.7401897000018,None,,,,,,,,,,,,,,,,,,,,,,,,,,,,,,,,P2887,Bar_MIC,3,1,2026-05-11_17h28.42.991,MIC_task,,2026.1.2,59.486276515657686,2026-05-11 17h28.44.439398 +0200,
,,16,0,16,,,,,,,3,c27,póló,t-shirt,3,clothes,tops,6.8,43,23,None,None,"(0.1, -0.1)",None,,,,,,,,,,,,,,1,0,1,0,0,0,0,0,16,0,16,0,490.75617590000184,,,,,,,,,,,,,,,,,,,,,,,,,,,,,,,,,,,,,,,,,,,,,,,,,,,,,,,,,,,,,,,,,,,,,,,,,,,,,,,,,,,,,,,,,,,,,490.7430262000016,490.75617590000184,490.75617590000184,490.75617590000184,490.94099950000236,None,,,,,,,,,,,,,,,,,,,,,,,,,,,,,,,,P2887,Bar_MIC,3,1,2026-05-11_17h28.42.991,MIC_task,,2026.1.2,59.486276515657686,2026-05-11 17h28.44.439398 +0200,
,,17,0,17,,,,,,,3,c27,póló,t-shirt,3,clothes,tops,6.8,43,23,None,None,"(0.1, -0.1)",None,,,,,,,,,,,,,,1,0,1,0,0,0,0,0,17,0,17,0,490.9564605000014,,,,,,,,,,,,,,,,,,,,,,,,,,,,,,,,,,,,,,,,,,,,,,,,,,,,,,,,,,,,,,,,,,,,,,,,,,,,,,,,,,,,,,,,,,,,,490.9441891000024,490.9564605000014,490.9564605000014,490.9564605000014,491.1414279000019,None,,,,,,,,,,,,,,,,,,,,,,,,,,,,,,,,P2887,Bar_MIC,3,1,2026-05-11_17h28.42.991,MIC_task,,2026.1.2,59.486276515657686,2026-05-11 17h28.44.439398 +0200,
,,18,0,18,,,,,,,3,c27,póló,t-shirt,3,clothes,tops,6.8,43,23,None,None,"(0.1, -0.1)",None,,,,,,,,,,,,,,1,0,1,0,0,0,0,0,18,0,18,0,491.15683050000007,,,,,,,,,,,,,,,,,,,,,,,,,,,,,,,,,,,,,,,,,,,,,,,,,,,,,,,,,,,,,,,,,,,,,,,,,,,,,,,,,,,,,,,,,,,,,491.1442612999999,491.15683050000007,491.15683050000007,491.15683050000007,491.3417530000006,None,,,,,,,,,,,,,,,,,,,,,,,,,,,,,,,,P2887,Bar_MIC,3,1,2026-05-11_17h28.42.991,MIC_task,,2026.1.2,59.486276515657686,2026-05-11 17h28.44.439398 +0200,
,,19,0,19,,,,,,,3,c27,póló,t-shirt,3,clothes,tops,6.8,43,23,None,None,"(0.1, -0.1)",None,,,,,,,,,,,,,,1,0,1,0,0,0,0,0,19,0,19,0,491.3572199000009,,,,,,,,,,,,,,,,,,,,,,,,,,,,,,,,,,,,,,,,,,,,,,,,,,,,,,,,,,,,,,,,,,,,,,,,,,,,,,,,,,,,,,,,,,,,,491.3445915000011,491.3572199000009,491.3572199000009,491.3572199000009,491.5422330000001,None,,,,,,,,,,,,,,,,,,,,,,,,,,,,,,,,P2887,Bar_MIC,3,1,2026-05-11_17h28.42.991,MIC_task,,2026.1.2,59.486276515657686,2026-05-11 17h28.44.439398 +0200,
,,20,0,20,,,,,,,3,c27,póló,t-shirt,3,clothes,tops,6.8,43,23,None,None,"(0.1, -0.1)",None,,,,,,,,,,,,,,1,0,1,0,0,0,0,0,20,0,20,0,491.55768340000213,,,,,,,,,,,,,,,,,,,,,,,,,,,,,,,,,,,,,,,,,,,,,,,,,,,,,,,,,,,,,,,,,,,,,,,,,,,,,,,,,,,,,,,,,,,,,491.5449630000003,491.55768340000213,491.55768340000213,491.55768340000213,491.7414241000006,None,,,,,,,,,,,,,,,,,,,,,,,,,,,,,,,,P2887,Bar_MIC,3,1,2026-05-11_17h28.42.991,MIC_task,,2026.1.2,59.486276515657686,2026-05-11 17h28.44.439398 +0200,
,,21,0,21,,,,,,,3,c27,póló,t-shirt,3,clothes,tops,6.8,43,23,None,None,"(0.1, -0.1)",None,,,,,,,,,,,,,,1,0,1,0,0,0,0,0,21,0,21,0,491.7580694999997,,,,,,,,,,,,,,,,,,,,,,,,,,,,,,,,,,,,,,,,,,,,,,,,,,,,,,,,,,,,,,,,,,,,,,,,,,,,,,,,,,,,,,,,,,,,,491.7445069000023,491.7580694999997,491.7580694999997,491.7580694999997,491.9418467000032,None,,,,,,,,,,,,,,,,,,,,,,,,,,,,,,,,P2887,Bar_MIC,3,1,2026-05-11_17h28.42.991,MIC_task,,2026.1.2,59.486276515657686,2026-05-11 17h28.44.439398 +0200,
,,22,0,22,,,,,,,3,c27,póló,t-shirt,3,clothes,tops,6.8,43,23,None,None,"(0.1, -0.1)",None,,,,,,,,,,,,,,1,0,1,0,0,0,0,0,22,0,22,0,491.9583968000006,,,,,,,,,,,,,,,,,,,,,,,,,,,,,,,,,,,,,,,,,,,,,,,,,,,,,,,,,,,,,,,,,,,,,,,,,,,,,,,,,,,,,,,,,,,,,491.94462810000186,491.9583968000006,491.9583968000006,491.9583968000006,492.1422847000031,None,,,,,,,,,,,,,,,,,,,,,,,,,,,,,,,,P2887,Bar_MIC,3,1,2026-05-11_17h28.42.991,MIC_task,,2026.1.2,59.486276515657686,2026-05-11 17h28.44.439398 +0200,
,,23,0,23,,,,,,,3,c27,póló,t-shirt,3,clothes,tops,6.8,43,23,None,None,"(0.1, -0.1)",None,,,,,,,,,,,,,,1,0,1,0,0,0,0,0,23,0,23,0,492.1588152000004,,,,,,,,,,,,,,,,,,,,,,,,,,,,,,,,,,,,,,,,,,,,,,,,,,,,,,,,,,,,,,,,,,,,,,,,,,,,,,,,,,,,,,,,,,,,,492.14524350000283,492.1588152000004,492.1588152000004,492.1588152000004,492.34272840000267,None,,,,,,,,,,,,,,,,,,,,,,,,,,,,,,,,P2887,Bar_MIC,3,1,2026-05-11_17h28.42.991,MIC_task,,2026.1.2,59.486276515657686,2026-05-11 17h28.44.439398 +0200,
,,24,0,24,,,,,,,3,c27,póló,t-shirt,3,clothes,tops,6.8,43,23,None,None,"(0.1, -0.1)",None,,,,,,,,,,,,,,1,0,1,0,0,0,0,0,24,0,24,0,492.3590430000004,,,,,,,,,,,,,,,,,,,,,,,,,,,,,,,,,,,,,,,,,,,,,,,,,,,,,,,,,,,,,,,,,,,,,,,,,,,,,,,,,,,,,,,,,,,,,492.34589990000313,492.3590430000004,492.3590430000004,492.3590430000004,492.54321920000075,None,,,,,,,,,,,,,,,,,,,,,,,,,,,,,,,,P2887,Bar_MIC,3,1,2026-05-11_17h28.42.991,MIC_task,,2026.1.2,59.486276515657686,2026-05-11 17h28.44.439398 +0200,
,,25,0,25,,,,,,,3,c27,póló,t-shirt,3,clothes,tops,6.8,43,23,None,None,"(0.1, -0.1)",None,,,,,,,,,,,,,,1,0,1,0,0,0,0,0,25,0,25,0,492.559426900003,,,,,,,,,,,,,,,,,,,,,,,,,,,,,,,,,,,,,,,,,,,,,,,,,,,,,,,,,,,,,,,,,,,,,,,,,,,,,,,,,,,,,,,,,,,,,492.5461892000021,492.559426900003,492.559426900003,492.559426900003,492.74379300000146,None,,,,,,,,,,,,,,,,,,,,,,,,,,,,,,,,P2887,Bar_MIC,3,1,2026-05-11_17h28.42.991,MIC_task,,2026.1.2,59.486276515657686,2026-05-11 17h28.44.439398 +0200,
,,26,0,26,,,,,,,3,c27,póló,t-shirt,3,clothes,tops,6.8,43,23,None,None,"(0.1, -0.1)",None,,,,,,,,,,,,,,1,0,1,0,0,0,0,0,26,0,26,0,492.7598629000022,,,,,,,,,,,,,,,,,,,,,,,,,,,,,,,,,,,,,,,,,,,,,,,,,,,,,,,,,,,,,,,,,,,,,,,,,,,,,,,,,,,,,,,,,,,,,492.7466158000025,492.7598629000022,492.7598629000022,492.7598629000022,492.9435942000018,None,,,,,,,,,,,,,,,,,,,,,,,,,,,,,,,,P2887,Bar_MIC,3,1,2026-05-11_17h28.42.991,MIC_task,,2026.1.2,59.486276515657686,2026-05-11 17h28.44.439398 +0200,
,,27,0,27,,,,,,,3,c27,póló,t-shirt,3,clothes,tops,6.8,43,23,None,None,"(0.1, -0.1)",None,,,,,,,,,,,,,,1,0,1,0,0,0,0,0,27,0,27,0,492.9602804000024,,,,,,,,,,,,,,,,,,,,,,,,,,,,,,,,,,,,,,,,,,,,,,,,,,,,,,,,,,,,,,,,,,,,,,,,,,,,,,,,,,,,,,,,,,,,,492.9464996000024,492.9602804000024,492.9602804000024,492.9602804000024,493.1443357999997,None,,,,,,,,,,,,,,,,,,,,,,,,,,,,,,,,P2887,Bar_MIC,3,1,2026-05-11_17h28.42.991,MIC_task,,2026.1.2,59.486276515657686,2026-05-11 17h28.44.439398 +0200,
,,28,0,28,,,,,,,3,c27,póló,t-shirt,3,clothes,tops,6.8,43,23,None,None,"(0.1, -0.1)",None,,,,,,,,,,,,,,1,0,1,0,0,0,0,0,28,0,28,0,493.16058150000026,,,,,,,,,,,,,,,,,,,,,,,,,,,,,,,,,,,,,,,,,,,,,,,,,,,,,,,,,,,,,,,,,,,,,,,,,,,,,,,,,,,,,,,,,,,,,493.1475378000032,493.16058150000026,493.16058150000026,493.16058150000026,493.34478579999995,None,,,,,,,,,,,,,,,,,,,,,,,,,,,,,,,,P2887,Bar_MIC,3,1,2026-05-11_17h28.42.991,MIC_task,,2026.1.2,59.486276515657686,2026-05-11 17h28.44.439398 +0200,
,,29,0,29,,,,,,,3,c27,póló,t-shirt,3,clothes,tops,6.8,43,23,None,None,"(0.1, -0.1)",None,,,,,,,,,,,,,,1,0,1,0,0,0,0,0,29,0,29,0,493.36027150000155,,,,,,,,,,,,,,,,,,,,,,,,,,,,,,,,,,,,,,,,,,,,,,,,,,,,,,,,,,,,,,,,,,,,,,,,,,,,,,,,,,,,,,,,,,,,,493.3479335000011,493.36027150000155,493.36027150000155,493.36027150000155,493.5451266000018,None,,,,,,,,,,,,,,,,,,,,,,,,,,,,,,,,P2887,Bar_MIC,3,1,2026-05-11_17h28.42.991,MIC_task,,2026.1.2,59.486276515657686,2026-05-11 17h28.44.439398 +0200,
,,30,0,30,,,,,,,3,c27,póló,t-shirt,3,clothes,tops,6.8,43,23,None,None,"(0.1, -0.1)",None,,,,,,,,,,,,,,1,0,1,0,0,0,0,0,30,0,30,0,493.56063670000003,,,,,,,,,,,,,,,,,,,,,,,,,,,,,,,,,,,,,,,,,,,,,,,,,,,,,,,,,,,,,,,,,,,,,,,,,,,,,,,,,,,,,,,,,,,,,493.54796160000114,493.56063670000003,493.56063670000003,493.56063670000003,493.74556700000176,None,,,,,,,,,,,,,,,,,,,,,,,,,,,,,,,,P2887,Bar_MIC,3,1,2026-05-11_17h28.42.991,MIC_task,,2026.1.2,59.486276515657686,2026-05-11 17h28.44.439398 +0200,
,,31,0,31,,,,,,,3,c27,póló,t-shirt,3,clothes,tops,6.8,43,23,None,None,"(0.1, -0.1)",space,0.031194899998808978,None,,,,,,,,,,,,1,0,1,0,0,0,0,0,31,0,31,0,493.7609975000014,,,,,,,,,,,,,,,,,,,,,,,,,,,,,,,,,,,,,,,,,,,,,,,,,,,,,,,,,,,,,,,,,,,,,,,,,,,,,,,,,,,,,,,,,,,,,493.7487839000023,493.7609975000014,493.7609975000014,493.7609975000014,493.795511100001,space,0.031194899998808978,None,,,,,,,,,,,,,,,,,,,,,,,,,,,,,,P2887,Bar_MIC,3,1,2026-05-11_17h28.42.991,MIC_task,,2026.1.2,59.486276515657686,2026-05-11 17h28.44.439398 +0200,
,,0,0,0,,,,space,0.850085099998978,None,3,c27,póló,t-shirt,3,clothes,tops,6.8,43,23,None,None,"(0.1, -0.1)",,,,,,,,,,,,,,,1,0,1,0,0,0,0,0,,,,,,,,,,,,,,,,,,,,,,,,,,,,,,,,,,,,,,,,,,,,,,,,,,,,,,,,,,,,,,,,,,,,,,,,,,,,,,,,,493.85634290000235,493.8621611000017,493.8611764666685,495.7982284999998,,,,,,497.8006397999998,497.8174463000032,497.8174463000032,498.6699049000017,,,,,,,,,,,,,495.82825220000086,495.8332885000018,495.8314580333358,497.71810820000246,497.8005931000007,space,0.850085099998978,None,,,,,,,,,,,,,,,,,,,,,,P2887,Bar_MIC,3,1,2026-05-11_17h28.42.991,MIC_task,,2026.1.2,59.486276515657686,2026-05-11 17h28.44.439398 +0200,
,,0,0,0,,,,,,,3,p04,bohóc,clown,6,people,entertainment,6.8,14,19,44,None,"(0.1, 0.1)",None,,,,,,,,,,,,,,1,0,1,0,0,1,1,1,0,0,0,0,498.6850193999999,,,,,,,,,,,,,,,,,,,,,,,,,,,,,,,,,,,,,,,,,,,,,,,,,,,,,,,,,,,,,,,,,,,,,,,,,,,,,,,,,,,,,,,,,,,,,498.673061700003,498.6850193999999,498.6850193999999,498.6850193999999,498.87036810000063,None,,,,,,,,,,,498.8853799999997,498.8853799999997,498.8853799999997,,,,,,,,,,,,,,,,,,,P2887,Bar_MIC,3,1,2026-05-11_17h28.42.991,MIC_task,,2026.1.2,59.486276515657686,2026-05-11 17h28.44.439398 +0200,
,,0,0,0,,,,,,,3,p04,bohóc,clown,6,people,entertainment,6.8,14,19,44,None,"(0.1, 0.1)",None,,,,,,,,,,,,,,1,0,1,0,0,1,1,1,0,0,0,0,498.8853799999997,,,,,,,,,,,,,,,,,,,,,,,,,,,,,,,,,,,,,,,,,,,,,,,,,,,,,,,,,,,,,,,,,,,,,,,,,,,,,,,,,,,,,,,,,,,,,498.8734015000009,498.8853799999997,498.8853799999997,498.8853799999997,499.0703926000024,None,,,,,,,,,,,,,,,,,,,,,,,,,,,,,,,,P2887,Bar_MIC,3,1,2026-05-11_17h28.42.991,MIC_task,,2026.1.2,59.486276515657686,2026-05-11 17h28.44.439398 +0200,
,,1,0,1,,,,,,,3,p04,bohóc,clown,6,people,entertainment,6.8,14,19,44,None,"(0.1, 0.1)",None,,,,,,,,,,,,,,1,0,1,0,0,1,1,1,1,0,1,0,499.08578150000176,,,,,,,,,,,,,,,,,,,,,,,,,,,,,,,,,,,,,,,,,,,,,,,,,,,,,,,,,,,,,,,,,,,,,,,,,,,,,,,,,,,,,,,,,,,,,499.07378249999965,499.08578150000176,499.08578150000176,499.08578150000176,499.27071050000086,None,,,,,,,,,,,,,,,,,,,,,,,,,,,,,,,,P2887,Bar_MIC,3,1,2026-05-11_17h28.42.991,MIC_task,,2026.1.2,59.486276515657686,2026-05-11 17h28.44.439398 +0200,
,,2,0,2,,,,,,,3,p04,bohóc,clown,6,people,entertainment,6.8,14,19,44,None,"(0.1, 0.1)",None,,,,,,,,,,,,,,1,0,1,0,0,1,1,1,2,0,2,0,499.28614500000185,,,,,,,,,,,,,,,,,,,,,,,,,,,,,,,,,,,,,,,,,,,,,,,,,,,,,,,,,,,,,,,,,,,,,,,,,,,,,,,,,,,,,,,,,,,,,499.2742502000001,499.28614500000185,499.28614500000185,499.28614500000185,499.4702814000011,None,,,,,,,,,,,499.4865314000017,499.4865314000017,499.4865314000017,,,,,,,,,,,,,,,,,,,P2887,Bar_MIC,3,1,2026-05-11_17h28.42.991,MIC_task,,2026.1.2,59.486276515657686,2026-05-11 17h28.44.439398 +0200,
,,3,0,3,,,,,,,3,p04,bohóc,clown,6,people,entertainment,6.8,14,19,44,None,"(0.1, 0.1)",None,,,,,,,,,,,,,,1,0,1,0,0,1,1,1,3,0,3,0,499.4865314000017,,,,,,,,,,,,,,,,,,,,,,,,,,,,,,,,,,,,,,,,,,,,,,,,,,,,,,,,,,,,,,,,,,,,,,,,,,,,,,,,,,,,,,,,,,,,,499.4732546000014,499.4865314000017,499.4865314000017,499.4865314000017,499.6709812000008,None,,,,,,,,,,,,,,,,,,,,,,,,,,,,,,,,P2887,Bar_MIC,3,1,2026-05-11_17h28.42.991,MIC_task,,2026.1.2,59.486276515657686,2026-05-11 17h28.44.439398 +0200,
,,4,0,4,,,,,,,3,p04,bohóc,clown,6,people,entertainment,6.8,14,19,44,None,"(0.1, 0.1)",None,,,,,,,,,,,,,,1,0,1,0,0,1,1,1,4,0,4,0,499.68689200000154,,,,,,,,,,,,,,,,,,,,,,,,,,,,,,,,,,,,,,,,,,,,,,,,,,,,,,,,,,,,,,,,,,,,,,,,,,,,,,,,,,,,,,,,,,,,,499.67427260000113,499.68689200000154,499.68689200000154,499.68689200000154,499.8707787000021,None,,,,,,,,,,,,,,,,,,,,,,,,,,,,,,,,P2887,Bar_MIC,3,1,2026-05-11_17h28.42.991,MIC_task,,2026.1.2,59.486276515657686,2026-05-11 17h28.44.439398 +0200,
,,5,0,5,,,,,,,3,p04,bohóc,clown,6,people,entertainment,6.8,14,19,44,None,"(0.1, 0.1)",None,,,,,,,,,,,,,,1,0,1,0,0,1,1,1,5,0,5,0,499.8872231000023,,,,,,,,,,,,,,,,,,,,,,,,,,,,,,,,,,,,,,,,,,,,,,,,,,,,,,,,,,,,,,,,,,,,,,,,,,,,,,,,,,,,,,,,,,,,,499.87436340000204,499.8872231000023,499.8872231000023,499.8872231000023,500.07148400000005,None,,,,,,,,,,,,,,,,,,,,,,,,,,,,,,,,P2887,Bar_MIC,3,1,2026-05-11_17h28.42.991,MIC_task,,2026.1.2,59.486276515657686,2026-05-11 17h28.44.439398 +0200,
,,6,0,6,,,,,,,3,p04,bohóc,clown,6,people,entertainment,6.8,14,19,44,None,"(0.1, 0.1)",None,,,,,,,,,,,,,,1,0,1,0,0,1,1,1,6,0,6,0,500.08756070000163,,,,,,,,,,,,,,,,,,,,,,,,,,,,,,,,,,,,,,,,,,,,,,,,,,,,,,,,,,,,,,,,,,,,,,,,,,,,,,,,,,,,,,,,,,,,,500.0751143000016,500.08756070000163,500.08756070000163,500.08756070000163,500.27157310000257,None,,,,,,,,,,,,,,,,,,,,,,,,,,,,,,,,P2887,Bar_MIC,3,1,2026-05-11_17h28.42.991,MIC_task,,2026.1.2,59.486276515657686,2026-05-11 17h28.44.439398 +0200,
,,7,0,7,,,,,,,3,p04,bohóc,clown,6,people,entertainment,6.8,14,19,44,None,"(0.1, 0.1)",None,,,,,,,,,,,,,,1,0,1,0,0,1,1,1,7,0,7,0,500.2879001000001,,,,,,,,,,,,,,,,,,,,,,,,,,,,,,,,,,,,,,,,,,,,,,,,,,,,,,,,,,,,,,,,,,,,,,,,,,,,,,,,,,,,,,,,,,,,,500.2745930000019,500.2879001000001,500.2879001000001,500.2879001000001,500.47218220000286,None,,,,,,,,,,,,,,,,,,,,,,,,,,,,,,,,P2887,Bar_MIC,3,1,2026-05-11_17h28.42.991,MIC_task,,2026.1.2,59.486276515657686,2026-05-11 17h28.44.439398 +0200,
,,8,0,8,,,,,,,3,p04,bohóc,clown,6,people,entertainment,6.8,14,19,44,None,"(0.1, 0.1)",None,,,,,,,,,,,,,,1,0,1,0,0,1,1,1,8,0,8,0,500.4882361000018,,,,,,,,,,,,,,,,,,,,,,,,,,,,,,,,,,,,,,,,,,,,,,,,,,,,,,,,,,,,,,,,,,,,,,,,,,,,,,,,,,,,,,,,,,,,,500.47559510000065,500.4882361000018,500.4882361000018,500.4882361000018,500.672464700001,None,,,,,,,,,,,,,,,,,,,,,,,,,,,,,,,,P2887,Bar_MIC,3,1,2026-05-11_17h28.42.991,MIC_task,,2026.1.2,59.486276515657686,2026-05-11 17h28.44.439398 +0200,
,,9,0,9,,,,,,,3,p04,bohóc,clown,6,people,entertainment,6.8,14,19,44,None,"(0.1, 0.1)",None,,,,,,,,,,,,,,1,0,1,0,0,1,1,1,9,0,9,0,500.68877040000007,,,,,,,,,,,,,,,,,,,,,,,,,,,,,,,,,,,,,,,,,,,,,,,,,,,,,,,,,,,,,,,,,,,,,,,,,,,,,,,,,,,,,,,,,,,,,500.67602629999965,500.68877040000007,500.68877040000007,500.68877040000007,500.8728635000007,None,,,,,,,,,,,,,,,,,,,,,,,,,,,,,,,,P2887,Bar_MIC,3,1,2026-05-11_17h28.42.991,MIC_task,,2026.1.2,59.486276515657686,2026-05-11 17h28.44.439398 +0200,
,,10,0,10,,,,,,,3,p04,bohóc,clown,6,people,entertainment,6.8,14,19,44,None,"(0.1, 0.1)",None,,,,,,,,,,,,,,1,0,1,0,0,1,1,1,10,0,10,0,500.88909280000007,,,,,,,,,,,,,,,,,,,,,,,,,,,,,,,,,,,,,,,,,,,,,,,,,,,,,,,,,,,,,,,,,,,,,,,,,,,,,,,,,,,,,,,,,,,,,500.8758916000006,500.88909280000007,500.88909280000007,500.88909280000007,501.0732295000016,None,,,,,,,,,,,,,,,,,,,,,,,,,,,,,,,,P2887,Bar_MIC,3,1,2026-05-11_17h28.42.991,MIC_task,,2026.1.2,59.486276515657686,2026-05-11 17h28.44.439398 +0200,
,,11,0,11,,,,,,,3,p04,bohóc,clown,6,people,entertainment,6.8,14,19,44,None,"(0.1, 0.1)",None,,,,,,,,,,,,,,1,0,1,0,0,1,1,1,11,0,11,0,501.0887849999999,,,,,,,,,,,,,,,,,,,,,,,,,,,,,,,,,,,,,,,,,,,,,,,,,,,,,,,,,,,,,,,,,,,,,,,,,,,,,,,,,,,,,,,,,,,,,501.07677909999984,501.0887849999999,501.0887849999999,501.0887849999999,501.27365420000206,None,,,,,,,,,,,,,,,,,,,,,,,,,,,,,,,,P2887,Bar_MIC,3,1,2026-05-11_17h28.42.991,MIC_task,,2026.1.2,59.486276515657686,2026-05-11 17h28.44.439398 +0200,
,,12,0,12,,,,,,,3,p04,bohóc,clown,6,people,entertainment,6.8,14,19,44,None,"(0.1, 0.1)",None,,,,,,,,,,,,,,1,0,1,0,0,1,1,1,12,0,12,0,501.28907340000296,,,,,,,,,,,,,,,,,,,,,,,,,,,,,,,,,,,,,,,,,,,,,,,,,,,,,,,,,,,,,,,,,,,,,,,,,,,,,,,,,,,,,,,,,,,,,501.2772573000002,501.28907340000296,501.28907340000296,501.28907340000296,501.4740223000008,None,,,,,,,,,,,,,,,,,,,,,,,,,,,,,,,,P2887,Bar_MIC,3,1,2026-05-11_17h28.42.991,MIC_task,,2026.1.2,59.486276515657686,2026-05-11 17h28.44.439398 +0200,
,,13,0,13,,,,,,,3,p04,bohóc,clown,6,people,entertainment,6.8,14,19,44,None,"(0.1, 0.1)",None,,,,,,,,,,,,,,1,0,1,0,0,1,1,1,13,0,13,0,501.4895467000024,,,,,,,,,,,,,,,,,,,,,,,,,,,,,,,,,,,,,,,,,,,,,,,,,,,,,,,,,,,,,,,,,,,,,,,,,,,,,,,,,,,,,,,,,,,,,501.4774716000029,501.4895467000024,501.4895467000024,501.4895467000024,501.6732484000022,None,,,,,,,,,,,,,,,,,,,,,,,,,,,,,,,,P2887,Bar_MIC,3,1,2026-05-11_17h28.42.991,MIC_task,,2026.1.2,59.486276515657686,2026-05-11 17h28.44.439398 +0200,
,,14,0,14,,,,,,,3,p04,bohóc,clown,6,people,entertainment,6.8,14,19,44,None,"(0.1, 0.1)",None,,,,,,,,,,,,,,1,0,1,0,0,1,1,1,14,0,14,0,501.6898016000014,,,,,,,,,,,,,,,,,,,,,,,,,,,,,,,,,,,,,,,,,,,,,,,,,,,,,,,,,,,,,,,,,,,,,,,,,,,,,,,,,,,,,,,,,,,,,501.6763888000023,501.6898016000014,501.6898016000014,501.6898016000014,501.8736433000013,None,,,,,,,,,,,,,,,,,,,,,,,,,,,,,,,,P2887,Bar_MIC,3,1,2026-05-11_17h28.42.991,MIC_task,,2026.1.2,59.486276515657686,2026-05-11 17h28.44.439398 +0200,
,,15,0,15,,,,,,,3,p04,bohóc,clown,6,people,entertainment,6.8,14,19,44,None,"(0.1, 0.1)",None,,,,,,,,,,,,,,1,0,1,0,0,1,1,1,15,0,15,0,501.89017160000003,,,,,,,,,,,,,,,,,,,,,,,,,,,,,,,,,,,,,,,,,,,,,,,,,,,,,,,,,,,,,,,,,,,,,,,,,,,,,,,,,,,,,,,,,,,,,501.87712060000194,501.89017160000003,501.89017160000003,501.89017160000003,502.0739966000001,None,,,,,,,,,,,,,,,,,,,,,,,,,,,,,,,,P2887,Bar_MIC,3,1,2026-05-11_17h28.42.991,MIC_task,,2026.1.2,59.486276515657686,2026-05-11 17h28.44.439398 +0200,
,,16,0,16,,,,,,,3,p04,bohóc,clown,6,people,entertainment,6.8,14,19,44,None,"(0.1, 0.1)",None,,,,,,,,,,,,,,1,0,1,0,0,1,1,1,16,0,16,0,502.0905917000018,,,,,,,,,,,,,,,,,,,,,,,,,,,,,,,,,,,,,,,,,,,,,,,,,,,,,,,,,,,,,,,,,,,,,,,,,,,,,,,,,,,,,,,,,,,,,502.0774597000018,502.0905917000018,502.0905917000018,502.0905917000018,502.27446659999987,None,,,,,,,,,,,,,,,,,,,,,,,,,,,,,,,,P2887,Bar_MIC,3,1,2026-05-11_17h28.42.991,MIC_task,,2026.1.2,59.486276515657686,2026-05-11 17h28.44.439398 +0200,
,,17,0,17,,,,,,,3,p04,bohóc,clown,6,people,entertainment,6.8,14,19,44,None,"(0.1, 0.1)",None,,,,,,,,,,,,,,1,0,1,0,0,1,1,1,17,0,17,0,502.29101790000277,,,,,,,,,,,,,,,,,,,,,,,,,,,,,,,,,,,,,,,,,,,,,,,,,,,,,,,,,,,,,,,,,,,,,,,,,,,,,,,,,,,,,,,,,,,,,502.2775947000009,502.29101790000277,502.29101790000277,502.29101790000277,502.474955200003,None,,,,,,,,,,,,,,,,,,,,,,,,,,,,,,,,P2887,Bar_MIC,3,1,2026-05-11_17h28.42.991,MIC_task,,2026.1.2,59.486276515657686,2026-05-11 17h28.44.439398 +0200,
,,18,0,18,,,,,,,3,p04,bohóc,clown,6,people,entertainment,6.8,14,19,44,None,"(0.1, 0.1)",None,,,,,,,,,,,,,,1,0,1,0,0,1,1,1,18,0,18,0,502.4913321000022,,,,,,,,,,,,,,,,,,,,,,,,,,,,,,,,,,,,,,,,,,,,,,,,,,,,,,,,,,,,,,,,,,,,,,,,,,,,,,,,,,,,,,,,,,,,,502.4780638000011,502.4913321000022,502.4913321000022,502.4913321000022,502.67555970000103,None,,,,,,,,,,,,,,,,,,,,,,,,,,,,,,,,P2887,Bar_MIC,3,1,2026-05-11_17h28.42.991,MIC_task,,2026.1.2,59.486276515657686,2026-05-11 17h28.44.439398 +0200,
,,19,0,19,,,,,,,3,p04,bohóc,clown,6,people,entertainment,6.8,14,19,44,None,"(0.1, 0.1)",None,,,,,,,,,,,,,,1,0,1,0,0,1,1,1,19,0,19,0,502.6915818000016,,,,,,,,,,,,,,,,,,,,,,,,,,,,,,,,,,,,,,,,,,,,,,,,,,,,,,,,,,,,,,,,,,,,,,,,,,,,,,,,,,,,,,,,,,,,,502.67862660000173,502.6915818000016,502.6915818000016,502.6915818000016,502.87605950000216,None,,,,,,,,,,,,,,,,,,,,,,,,,,,,,,,,P2887,Bar_MIC,3,1,2026-05-11_17h28.42.991,MIC_task,,2026.1.2,59.486276515657686,2026-05-11 17h28.44.439398 +0200,
,,20,0,20,,,,,,,3,p04,bohóc,clown,6,people,entertainment,6.8,14,19,44,None,"(0.1, 0.1)",None,,,,,,,,,,,,,,1,0,1,0,0,1,1,1,20,0,20,0,502.8919839000009,,,,,,,,,,,,,,,,,,,,,,,,,,,,,,,,,,,,,,,,,,,,,,,,,,,,,,,,,,,,,,,,,,,,,,,,,,,,,,,,,,,,,,,,,,,,,502.8794777000003,502.8919839000009,502.8919839000009,502.8919839000009,503.07611720000205,None,,,,,,,,,,,,,,,,,,,,,,,,,,,,,,,,P2887,Bar_MIC,3,1,2026-05-11_17h28.42.991,MIC_task,,2026.1.2,59.486276515657686,2026-05-11 17h28.44.439398 +0200,
,,21,0,21,,,,,,,3,p04,bohóc,clown,6,people,entertainment,6.8,14,19,44,None,"(0.1, 0.1)",space,0.074349099999381,None,,,,,,,,,,,,1,0,1,0,0,1,1,1,21,0,21,0,503.0923982000022,,,,,,,,,,,,,,,,,,,,,,,,,,,,,,,,,,,,,,,,,,,,,,,,,,,,,,,,,,,,,,,,,,,,,,,,,,,,,,,,,,,,,,,,,,,,,503.0795837000005,503.0923982000022,503.0923982000022,503.0923982000022,503.17682960000093,space,0.074349099999381,None,,,,,,,,,,,,,,,,,,,,,,,,,,,,,,P2887,Bar_MIC,3,1,2026-05-11_17h28.42.991,MIC_task,,2026.1.2,59.486276515657686,2026-05-11 17h28.44.439398 +0200,
,,1,1,0,,,,space,0.41284799999993993,None,3,p04,bohóc,clown,6,people,entertainment,6.8,14,19,44,None,"(0.1, 0.1)",,,,,,,,,,,,,,,1,0,1,0,0,1,1,1,,,,,,,,,,,,,,,,,,,,,,,,,,,,,,,,,,,,,,,,,,,,,,,,,,,,,,,,,,,,,,,,,,,,,,,,,,,,,,,,,503.24008940000203,503.24553370000285,503.2425192666679,505.17858400000114,,,,,,507.18271580000146,507.19822380000187,507.19822380000187,507.6169547000027,,,,,,,,,,,,,505.20323980000103,505.2081391000029,505.2117963333335,507.0982806000029,507.18266810000205,space,0.41284799999993993,None,,,,,,,,,,,,,,,,,,,,,,P2887,Bar_MIC,3,1,2026-05-11_17h28.42.991,MIC_task,,2026.1.2,59.486276515657686,2026-05-11 17h28.44.439398 +0200,
,,0,0,0,,,,,,,3,pl03,kukorica,corn,7,plants,field,4.8,76,None,115,None,"(0, 0.1)",None,,,,,,,,,,,,,,1,0,1,0,0,2,2,2,0,0,0,0,507.6324342000007,,,,,,,,,,,,,,,,,,,,,,,,,,,,,,,,,,,,,,,,,,,,,,,,,,,,,,,,,,,,,,,,,,,,,,,,,,,,,,,,,,,,,,,,,,,,,507.6198847000014,507.6324342000007,507.6324342000007,507.6324342000007,507.8166222,None,,,,,,,,,,,507.832756900003,507.832756900003,507.832756900003,,,,,,,,,,,,,,,,,,,P2887,Bar_MIC,3,1,2026-05-11_17h28.42.991,MIC_task,,2026.1.2,59.486276515657686,2026-05-11 17h28.44.439398 +0200,
,,0,0,0,,,,,,,3,pl03,kukorica,corn,7,plants,field,4.8,76,None,115,None,"(0, 0.1)",None,,,,,,,,,,,,,,1,0,1,0,0,2,2,2,0,0,0,0,507.832756900003,,,,,,,,,,,,,,,,,,,,,,,,,,,,,,,,,,,,,,,,,,,,,,,,,,,,,,,,,,,,,,,,,,,,,,,,,,,,,,,,,,,,,,,,,,,,,507.81959780000034,507.832756900003,507.832756900003,507.832756900003,508.0172786000003,None,,,,,,,,,,,508.0331917000003,508.0331917000003,508.0331917000003,,,,,,,,,,,,,,,,,,,P2887,Bar_MIC,3,1,2026-05-11_17h28.42.991,MIC_task,,2026.1.2,59.486276515657686,2026-05-11 17h28.44.439398 +0200,
,,1,0,1,,,,,,,3,pl03,kukorica,corn,7,plants,field,4.8,76,None,115,None,"(0, 0.1)",None,,,,,,,,,,,,,,1,0,1,0,0,2,2,2,1,0,1,0,508.0331917000003,,,,,,,,,,,,,,,,,,,,,,,,,,,,,,,,,,,,,,,,,,,,,,,,,,,,,,,,,,,,,,,,,,,,,,,,,,,,,,,,,,,,,,,,,,,,,508.02039010000226,508.0331917000003,508.0331917000003,508.0331917000003,508.2174303000029,None,,,,,,,,,,,,,,,,,,,,,,,,,,,,,,,,P2887,Bar_MIC,3,1,2026-05-11_17h28.42.991,MIC_task,,2026.1.2,59.486276515657686,2026-05-11 17h28.44.439398 +0200,
,,2,0,2,,,,,,,3,pl03,kukorica,corn,7,plants,field,4.8,76,None,115,None,"(0, 0.1)",None,,,,,,,,,,,,,,1,0,1,0,0,2,2,2,2,0,2,0,508.2335028000016,,,,,,,,,,,,,,,,,,,,,,,,,,,,,,,,,,,,,,,,,,,,,,,,,,,,,,,,,,,,,,,,,,,,,,,,,,,,,,,,,,,,,,,,,,,,,508.2207782000005,508.2335028000016,508.2335028000016,508.2335028000016,508.4176219000001,None,,,,,,,,,,,,,,,,,,,,,,,,,,,,,,,,P2887,Bar_MIC,3,1,2026-05-11_17h28.42.991,MIC_task,,2026.1.2,59.486276515657686,2026-05-11 17h28.44.439398 +0200,
,,3,0,3,,,,,,,3,pl03,kukorica,corn,7,plants,field,4.8,76,None,115,None,"(0, 0.1)",None,,,,,,,,,,,,,,1,0,1,0,0,2,2,2,3,0,3,0,508.43382300000303,,,,,,,,,,,,,,,,,,,,,,,,,,,,,,,,,,,,,,,,,,,,,,,,,,,,,,,,,,,,,,,,,,,,,,,,,,,,,,,,,,,,,,,,,,,,,508.42085190000216,508.43382300000303,508.43382300000303,508.43382300000303,508.6180811000013,None,,,,,,,,,,,,,,,,,,,,,,,,,,,,,,,,P2887,Bar_MIC,3,1,2026-05-11_17h28.42.991,MIC_task,,2026.1.2,59.486276515657686,2026-05-11 17h28.44.439398 +0200,
,,4,0,4,,,,,,,3,pl03,kukorica,corn,7,plants,field,4.8,76,None,115,None,"(0, 0.1)",None,,,,,,,,,,,,,,1,0,1,0,0,2,2,2,4,0,4,0,508.6335932000002,,,,,,,,,,,,,,,,,,,,,,,,,,,,,,,,,,,,,,,,,,,,,,,,,,,,,,,,,,,,,,,,,,,,,,,,,,,,,,,,,,,,,,,,,,,,,508.62103910000224,508.6335932000002,508.6335932000002,508.6335932000002,508.81843950000257,None,,,,,,,,,,,,,,,,,,,,,,,,,,,,,,,,P2887,Bar_MIC,3,1,2026-05-11_17h28.42.991,MIC_task,,2026.1.2,59.486276515657686,2026-05-11 17h28.44.439398 +0200,
,,5,0,5,,,,,,,3,pl03,kukorica,corn,7,plants,field,4.8,76,None,115,None,"(0, 0.1)",None,,,,,,,,,,,,,,1,0,1,0,0,2,2,2,5,0,5,0,508.83395900000323,,,,,,,,,,,,,,,,,,,,,,,,,,,,,,,,,,,,,,,,,,,,,,,,,,,,,,,,,,,,,,,,,,,,,,,,,,,,,,,,,,,,,,,,,,,,,508.82135019999987,508.83395900000323,508.83395900000323,508.83395900000323,509.01893259999997,None,,,,,,,,,,,,,,,,,,,,,,,,,,,,,,,,P2887,Bar_MIC,3,1,2026-05-11_17h28.42.991,MIC_task,,2026.1.2,59.486276515657686,2026-05-11 17h28.44.439398 +0200,
,,6,0,6,,,,,,,3,pl03,kukorica,corn,7,plants,field,4.8,76,None,115,None,"(0, 0.1)",None,,,,,,,,,,,,,,1,0,1,0,0,2,2,2,6,0,6,0,509.03432720000274,,,,,,,,,,,,,,,,,,,,,,,,,,,,,,,,,,,,,,,,,,,,,,,,,,,,,,,,,,,,,,,,,,,,,,,,,,,,,,,,,,,,,,,,,,,,,509.02213790000314,509.03432720000274,509.03432720000274,509.03432720000274,509.21810970000297,None,,,,,,,,,,,,,,,,,,,,,,,,,,,,,,,,P2887,Bar_MIC,3,1,2026-05-11_17h28.42.991,MIC_task,,2026.1.2,59.486276515657686,2026-05-11 17h28.44.439398 +0200,
,,7,0,7,,,,,,,3,pl03,kukorica,corn,7,plants,field,4.8,76,None,115,None,"(0, 0.1)",None,,,,,,,,,,,,,,1,0,1,0,0,2,2,2,7,0,7,0,509.2347258000009,,,,,,,,,,,,,,,,,,,,,,,,,,,,,,,,,,,,,,,,,,,,,,,,,,,,,,,,,,,,,,,,,,,,,,,,,,,,,,,,,,,,,,,,,,,,,509.2212249000004,509.2347258000009,509.2347258000009,509.2347258000009,509.41844950000086,None,,,,,,,,,,,,,,,,,,,,,,,,,,,,,,,,P2887,Bar_MIC,3,1,2026-05-11_17h28.42.991,MIC_task,,2026.1.2,59.486276515657686,2026-05-11 17h28.44.439398 +0200,
,,8,0,8,,,,,,,3,pl03,kukorica,corn,7,plants,field,4.8,76,None,115,None,"(0, 0.1)",None,,,,,,,,,,,,,,1,0,1,0,0,2,2,2,8,0,8,0,509.4350617000018,,,,,,,,,,,,,,,,,,,,,,,,,,,,,,,,,,,,,,,,,,,,,,,,,,,,,,,,,,,,,,,,,,,,,,,,,,,,,,,,,,,,,,,,,,,,,509.4212093000024,509.4350617000018,509.4350617000018,509.4350617000018,509.6188500999997,None,,,,,,,,,,,,,,,,,,,,,,,,,,,,,,,,P2887,Bar_MIC,3,1,2026-05-11_17h28.42.991,MIC_task,,2026.1.2,59.486276515657686,2026-05-11 17h28.44.439398 +0200,
,,9,0,9,,,,,,,3,pl03,kukorica,corn,7,plants,field,4.8,76,None,115,None,"(0, 0.1)",None,,,,,,,,,,,,,,1,0,1,0,0,2,2,2,9,0,9,0,509.6354300000021,,,,,,,,,,,,,,,,,,,,,,,,,,,,,,,,,,,,,,,,,,,,,,,,,,,,,,,,,,,,,,,,,,,,,,,,,,,,,,,,,,,,,,,,,,,,,509.6223253999997,509.6354300000021,509.6354300000021,509.6354300000021,509.81930120000106,None,,,,,,,,,,,,,,,,,,,,,,,,,,,,,,,,P2887,Bar_MIC,3,1,2026-05-11_17h28.42.991,MIC_task,,2026.1.2,59.486276515657686,2026-05-11 17h28.44.439398 +0200,
,,10,0,10,,,,,,,3,pl03,kukorica,corn,7,plants,field,4.8,76,None,115,None,"(0, 0.1)",None,,,,,,,,,,,,,,1,0,1,0,0,2,2,2,10,0,10,0,509.8357551000008,,,,,,,,,,,,,,,,,,,,,,,,,,,,,,,,,,,,,,,,,,,,,,,,,,,,,,,,,,,,,,,,,,,,,,,,,,,,,,,,,,,,,,,,,,,,,509.82277050000266,509.8357551000008,509.8357551000008,509.8357551000008,510.01994670000204,None,,,,,,,,,,,,,,,,,,,,,,,,,,,,,,,,P2887,Bar_MIC,3,1,2026-05-11_17h28.42.991,MIC_task,,2026.1.2,59.486276515657686,2026-05-11 17h28.44.439398 +0200,
,,11,0,11,,,,,,,3,pl03,kukorica,corn,7,plants,field,4.8,76,None,115,None,"(0, 0.1)",None,,,,,,,,,,,,,,1,0,1,0,0,2,2,2,11,0,11,0,510.0360722000005,,,,,,,,,,,,,,,,,,,,,,,,,,,,,,,,,,,,,,,,,,,,,,,,,,,,,,,,,,,,,,,,,,,,,,,,,,,,,,,,,,,,,,,,,,,,,510.02287740000247,510.0360722000005,510.0360722000005,510.0360722000005,510.21988520000014,None,,,,,,,,,,,,,,,,,,,,,,,,,,,,,,,,P2887,Bar_MIC,3,1,2026-05-11_17h28.42.991,MIC_task,,2026.1.2,59.486276515657686,2026-05-11 17h28.44.439398 +0200,
,,12,0,12,,,,,,,3,pl03,kukorica,corn,7,plants,field,4.8,76,None,115,None,"(0, 0.1)",space,0.11390430000028573,None,,,,,,,,,,,,1,0,1,0,0,2,2,2,12,0,12,0,510.2365105000026,,,,,,,,,,,,,,,,,,,,,,,,,,,,,,,,,,,,,,,,,,,,,,,,,,,,,,,,,,,,,,,,,,,,,,,,,,,,,,,,,,,,,,,,,,,,,510.22312220000094,510.2365105000026,510.2365105000026,510.2365105000026,510.3542103,space,0.11390430000028573,None,,,,,,,,,,,,,,,,,,,,,,,,,,,,,,P2887,Bar_MIC,3,1,2026-05-11_17h28.42.991,MIC_task,,2026.1.2,59.486276515657686,2026-05-11 17h28.44.439398 +0200,
,,2,2,0,,,,space,1.0518317999994906,None,3,pl03,kukorica,corn,7,plants,field,4.8,76,None,115,None,"(0, 0.1)",,,,,,,,,,,,,,,1,0,1,0,0,2,2,2,,,,,,,,,,,,,,,,,,,,,,,,,,,,,,,,,,,,,,,,,,,,,,,,,,,,,,,,,,,,,,,,,,,,,,,,,,,,,,,,,510.4162654000029,510.42193220000263,510.4199981666689,512.3570182000003,,,,,,514.3604324000007,514.375861200002,514.375861200002,515.4294860000009,,,,,,,,,,,,,512.3828962000007,512.3881795000016,512.3902275333353,514.2760550000021,514.3603862000018,space,1.0518317999994906,None,,,,,,,,,,,,,,,,,,,,,,P2887,Bar_MIC,3,1,2026-05-11_17h28.42.991,MIC_task,,2026.1.2,59.486276515657686,2026-05-11 17h28.44.439398 +0200,
,,0,0,0,,,,,,,3,b03,fül,ear,2,bodypart,face,6.6,14,19,43,None,"(-0.1, 0.1)",None,,,,,,,,,,,,,,1,0,1,0,0,3,3,3,0,0,0,0,515.4440062000031,,,,,,,,,,,,,,,,,,,,,,,,,,,,,,,,,,,,,,,,,,,,,,,,,,,,,,,,,,,,,,,,,,,,,,,,,,,,,,,,,,,,,,,,,,,,,515.4322661000006,515.4440062000031,515.4440062000031,515.4440062000031,515.6293378000009,None,,,,,,,,,,,515.6443852000011,515.6443852000011,515.6443852000011,,,,,,,,,,,,,,,,,,,P2887,Bar_MIC,3,1,2026-05-11_17h28.42.991,MIC_task,,2026.1.2,59.486276515657686,2026-05-11 17h28.44.439398 +0200,
,,0,0,0,,,,,,,3,b03,fül,ear,2,bodypart,face,6.6,14,19,43,None,"(-0.1, 0.1)",None,,,,,,,,,,,,,,1,0,1,0,0,3,3,3,0,0,0,0,515.6443852000011,,,,,,,,,,,,,,,,,,,,,,,,,,,,,,,,,,,,,,,,,,,,,,,,,,,,,,,,,,,,,,,,,,,,,,,,,,,,,,,,,,,,,,,,,,,,,515.6321179000006,515.6443852000011,515.6443852000011,515.6443852000011,515.8297431999999,None,,,,,,,,,,,515.844758700001,515.844758700001,515.844758700001,,,,,,,,,,,,,,,,,,,P2887,Bar_MIC,3,1,2026-05-11_17h28.42.991,MIC_task,,2026.1.2,59.486276515657686,2026-05-11 17h28.44.439398 +0200,
,,1,0,1,,,,,,,3,b03,fül,ear,2,bodypart,face,6.6,14,19,43,None,"(-0.1, 0.1)",None,,,,,,,,,,,,,,1,0,1,0,0,3,3,3,1,0,1,0,515.844758700001,,,,,,,,,,,,,,,,,,,,,,,,,,,,,,,,,,,,,,,,,,,,,,,,,,,,,,,,,,,,,,,,,,,,,,,,,,,,,,,,,,,,,,,,,,,,,515.8327902000019,515.844758700001,515.844758700001,515.844758700001,516.0290600000008,None,,,,,,,,,,,516.0450977,516.0450977,516.0450977,,,,,,,,,,,,,,,,,,,P2887,Bar_MIC,3,1,2026-05-11_17h28.42.991,MIC_task,,2026.1.2,59.486276515657686,2026-05-11 17h28.44.439398 +0200,
,,2,0,2,,,,,,,3,b03,fül,ear,2,bodypart,face,6.6,14,19,43,None,"(-0.1, 0.1)",None,,,,,,,,,,,,,,1,0,1,0,0,3,3,3,2,0,2,0,516.0450977,,,,,,,,,,,,,,,,,,,,,,,,,,,,,,,,,,,,,,,,,,,,,,,,,,,,,,,,,,,,,,,,,,,,,,,,,,,,,,,,,,,,,,,,,,,,,516.0318152,516.0450977,516.0450977,516.0450977,516.2293372000022,None,,,,,,,,,,,516.2454521,516.2454521,516.2454521,,,,,,,,,,,,,,,,,,,P2887,Bar_MIC,3,1,2026-05-11_17h28.42.991,MIC_task,,2026.1.2,59.486276515657686,2026-05-11 17h28.44.439398 +0200,
,,3,0,3,,,,,,,3,b03,fül,ear,2,bodypart,face,6.6,14,19,43,None,"(-0.1, 0.1)",None,,,,,,,,,,,,,,1,0,1,0,0,3,3,3,3,0,3,0,516.2454521,,,,,,,,,,,,,,,,,,,,,,,,,,,,,,,,,,,,,,,,,,,,,,,,,,,,,,,,,,,,,,,,,,,,,,,,,,,,,,,,,,,,,,,,,,,,,516.2325280000005,516.2454521,516.2454521,516.2454521,516.4300597000001,None,,,,,,,,,,,,,,,,,,,,,,,,,,,,,,,,P2887,Bar_MIC,3,1,2026-05-11_17h28.42.991,MIC_task,,2026.1.2,59.486276515657686,2026-05-11 17h28.44.439398 +0200,
,,4,0,4,,,,,,,3,b03,fül,ear,2,bodypart,face,6.6,14,19,43,None,"(-0.1, 0.1)",None,,,,,,,,,,,,,,1,0,1,0,0,3,3,3,4,0,4,0,516.4458304,,,,,,,,,,,,,,,,,,,,,,,,,,,,,,,,,,,,,,,,,,,,,,,,,,,,,,,,,,,,,,,,,,,,,,,,,,,,,,,,,,,,,,,,,,,,,516.4334989000017,516.4458304,516.4458304,516.4458304,516.6298846000027,None,,,,,,,,,,,,,,,,,,,,,,,,,,,,,,,,P2887,Bar_MIC,3,1,2026-05-11_17h28.42.991,MIC_task,,2026.1.2,59.486276515657686,2026-05-11 17h28.44.439398 +0200,
,,5,0,5,,,,,,,3,b03,fül,ear,2,bodypart,face,6.6,14,19,43,None,"(-0.1, 0.1)",None,,,,,,,,,,,,,,1,0,1,0,0,3,3,3,5,0,5,0,516.6461525000013,,,,,,,,,,,,,,,,,,,,,,,,,,,,,,,,,,,,,,,,,,,,,,,,,,,,,,,,,,,,,,,,,,,,,,,,,,,,,,,,,,,,,,,,,,,,,516.632765600003,516.6461525000013,516.6461525000013,516.6461525000013,516.8298802999998,None,,,,,,,,,,,,,,,,,,,,,,,,,,,,,,,,P2887,Bar_MIC,3,1,2026-05-11_17h28.42.991,MIC_task,,2026.1.2,59.486276515657686,2026-05-11 17h28.44.439398 +0200,
,,6,0,6,,,,,,,3,b03,fül,ear,2,bodypart,face,6.6,14,19,43,None,"(-0.1, 0.1)",None,,,,,,,,,,,,,,1,0,1,0,0,3,3,3,6,0,6,0,516.8465406000032,,,,,,,,,,,,,,,,,,,,,,,,,,,,,,,,,,,,,,,,,,,,,,,,,,,,,,,,,,,,,,,,,,,,,,,,,,,,,,,,,,,,,,,,,,,,,516.8330688000024,516.8465406000032,516.8465406000032,516.8465406000032,517.0304405000024,None,,,,,,,,,,,,,,,,,,,,,,,,,,,,,,,,P2887,Bar_MIC,3,1,2026-05-11_17h28.42.991,MIC_task,,2026.1.2,59.486276515657686,2026-05-11 17h28.44.439398 +0200,
,,7,0,7,,,,,,,3,b03,fül,ear,2,bodypart,face,6.6,14,19,43,None,"(-0.1, 0.1)",None,,,,,,,,,,,,,,1,0,1,0,0,3,3,3,7,0,7,0,517.0461571000014,,,,,,,,,,,,,,,,,,,,,,,,,,,,,,,,,,,,,,,,,,,,,,,,,,,,,,,,,,,,,,,,,,,,,,,,,,,,,,,,,,,,,,,,,,,,,517.0337497,517.0461571000014,517.0461571000014,517.0461571000014,517.2310957000009,None,,,,,,,,,,,,,,,,,,,,,,,,,,,,,,,,P2887,Bar_MIC,3,1,2026-05-11_17h28.42.991,MIC_task,,2026.1.2,59.486276515657686,2026-05-11 17h28.44.439398 +0200,
,,8,0,8,,,,,,,3,b03,fül,ear,2,bodypart,face,6.6,14,19,43,None,"(-0.1, 0.1)",None,,,,,,,,,,,,,,1,0,1,0,0,3,3,3,8,0,8,0,517.2472617000021,,,,,,,,,,,,,,,,,,,,,,,,,,,,,,,,,,,,,,,,,,,,,,,,,,,,,,,,,,,,,,,,,,,,,,,,,,,,,,,,,,,,,,,,,,,,,517.2338861999997,517.2472617000021,517.2472617000021,517.2472617000021,517.4314019000012,None,,,,,,,,,,,,,,,,,,,,,,,,,,,,,,,,P2887,Bar_MIC,3,1,2026-05-11_17h28.42.991,MIC_task,,2026.1.2,59.486276515657686,2026-05-11 17h28.44.439398 +0200,
,,9,0,9,,,,,,,3,b03,fül,ear,2,bodypart,face,6.6,14,19,43,None,"(-0.1, 0.1)",None,,,,,,,,,,,,,,1,0,1,0,0,3,3,3,9,0,9,0,517.4476533000015,,,,,,,,,,,,,,,,,,,,,,,,,,,,,,,,,,,,,,,,,,,,,,,,,,,,,,,,,,,,,,,,,,,,,,,,,,,,,,,,,,,,,,,,,,,,,517.4345220000032,517.4476533000015,517.4476533000015,517.4476533000015,517.6318755000029,None,,,,,,,,,,,,,,,,,,,,,,,,,,,,,,,,P2887,Bar_MIC,3,1,2026-05-11_17h28.42.991,MIC_task,,2026.1.2,59.486276515657686,2026-05-11 17h28.44.439398 +0200,
,,10,0,10,,,,,,,3,b03,fül,ear,2,bodypart,face,6.6,14,19,43,None,"(-0.1, 0.1)",None,,,,,,,,,,,,,,1,0,1,0,0,3,3,3,10,0,10,0,517.6473253000004,,,,,,,,,,,,,,,,,,,,,,,,,,,,,,,,,,,,,,,,,,,,,,,,,,,,,,,,,,,,,,,,,,,,,,,,,,,,,,,,,,,,,,,,,,,,,517.634474100003,517.6473253000004,517.6473253000004,517.6473253000004,517.8321666000011,None,,,,,,,,,,,,,,,,,,,,,,,,,,,,,,,,P2887,Bar_MIC,3,1,2026-05-11_17h28.42.991,MIC_task,,2026.1.2,59.486276515657686,2026-05-11 17h28.44.439398 +0200,
,,11,0,11,,,,,,,3,b03,fül,ear,2,bodypart,face,6.6,14,19,43,None,"(-0.1, 0.1)",None,,,,,,,,,,,,,,1,0,1,0,0,3,3,3,11,0,11,0,517.8476952000019,,,,,,,,,,,,,,,,,,,,,,,,,,,,,,,,,,,,,,,,,,,,,,,,,,,,,,,,,,,,,,,,,,,,,,,,,,,,,,,,,,,,,,,,,,,,,517.8349852000028,517.8476952000019,517.8476952000019,517.8476952000019,518.0325994000013,None,,,,,,,,,,,,,,,,,,,,,,,,,,,,,,,,P2887,Bar_MIC,3,1,2026-05-11_17h28.42.991,MIC_task,,2026.1.2,59.486276515657686,2026-05-11 17h28.44.439398 +0200,
,,12,0,12,,,,,,,3,b03,fül,ear,2,bodypart,face,6.6,14,19,43,None,"(-0.1, 0.1)",None,,,,,,,,,,,,,,1,0,1,0,0,3,3,3,12,0,12,0,518.0481239000001,,,,,,,,,,,,,,,,,,,,,,,,,,,,,,,,,,,,,,,,,,,,,,,,,,,,,,,,,,,,,,,,,,,,,,,,,,,,,,,,,,,,,,,,,,,,,518.0359007000006,518.0481239000001,518.0481239000001,518.0481239000001,518.2320609000017,None,,,,,,,,,,,,,,,,,,,,,,,,,,,,,,,,P2887,Bar_MIC,3,1,2026-05-11_17h28.42.991,MIC_task,,2026.1.2,59.486276515657686,2026-05-11 17h28.44.439398 +0200,
,,13,0,13,,,,,,,3,b03,fül,ear,2,bodypart,face,6.6,14,19,43,None,"(-0.1, 0.1)",None,,,,,,,,,,,,,,1,0,1,0,0,3,3,3,13,0,13,0,518.2484676000022,,,,,,,,,,,,,,,,,,,,,,,,,,,,,,,,,,,,,,,,,,,,,,,,,,,,,,,,,,,,,,,,,,,,,,,,,,,,,,,,,,,,,,,,,,,,,518.2351994000019,518.2484676000022,518.2484676000022,518.2484676000022,518.4321493000025,None,,,,,,,,,,,,,,,,,,,,,,,,,,,,,,,,P2887,Bar_MIC,3,1,2026-05-11_17h28.42.991,MIC_task,,2026.1.2,59.486276515657686,2026-05-11 17h28.44.439398 +0200,
,,14,0,14,,,,,,,3,b03,fül,ear,2,bodypart,face,6.6,14,19,43,None,"(-0.1, 0.1)",None,,,,,,,,,,,,,,1,0,1,0,0,3,3,3,14,0,14,0,518.4487738999997,,,,,,,,,,,,,,,,,,,,,,,,,,,,,,,,,,,,,,,,,,,,,,,,,,,,,,,,,,,,,,,,,,,,,,,,,,,,,,,,,,,,,,,,,,,,,518.4352030000009,518.4487738999997,518.4487738999997,518.4487738999997,518.6327087999998,None,,,,,,,,,,,,,,,,,,,,,,,,,,,,,,,,P2887,Bar_MIC,3,1,2026-05-11_17h28.42.991,MIC_task,,2026.1.2,59.486276515657686,2026-05-11 17h28.44.439398 +0200,
,,15,0,15,,,,,,,3,b03,fül,ear,2,bodypart,face,6.6,14,19,43,None,"(-0.1, 0.1)",None,,,,,,,,,,,,,,1,0,1,0,0,3,3,3,15,0,15,0,518.6491967000002,,,,,,,,,,,,,,,,,,,,,,,,,,,,,,,,,,,,,,,,,,,,,,,,,,,,,,,,,,,,,,,,,,,,,,,,,,,,,,,,,,,,,,,,,,,,,518.6359429000004,518.6491967000002,518.6491967000002,518.6491967000002,518.8331531000003,None,,,,,,,,,,,,,,,,,,,,,,,,,,,,,,,,P2887,Bar_MIC,3,1,2026-05-11_17h28.42.991,MIC_task,,2026.1.2,59.486276515657686,2026-05-11 17h28.44.439398 +0200,
,,16,0,16,,,,,,,3,b03,fül,ear,2,bodypart,face,6.6,14,19,43,None,"(-0.1, 0.1)",space,0.07227810000040336,None,,,,,,,,,,,,1,0,1,0,0,3,3,3,16,0,16,0,518.849523300003,,,,,,,,,,,,,,,,,,,,,,,,,,,,,,,,,,,,,,,,,,,,,,,,,,,,,,,,,,,,,,,,,,,,,,,,,,,,,,,,,,,,,,,,,,,,,518.835987100003,518.849523300003,518.849523300003,518.849523300003,518.9346136000022,space,0.07227810000040336,None,,,,,,,,,,,,,,,,,,,,,,,,,,,,,,P2887,Bar_MIC,3,1,2026-05-11_17h28.42.991,MIC_task,,2026.1.2,59.486276515657686,2026-05-11 17h28.44.439398 +0200,
,,3,3,0,,,,space,1.335023399999045,None,3,b03,fül,ear,2,bodypart,face,6.6,14,19,43,None,"(-0.1, 0.1)",,,,,,,,,,,,,,,1,0,1,0,0,3,3,3,,,,,,,,,,,,,,,,,,,,,,,,,,,,,,,,,,,,,,,,,,,,,,,,,,,,,,,,,,,,,,,,,,,,,,,,,,,,,,,,,518.9961270000022,519.0015708000028,519.0004124666675,520.9369036999997,,,,,,522.939789600001,522.9569249000015,522.9569249000015,524.3096700000024,,,,,,,,,,,,,520.9599577000008,520.965107400003,520.9701137333363,522.8556626999998,522.9397383000032,space,1.335023399999045,None,,,,,,,,,,,,,,,,,,,,,,P2887,Bar_MIC,3,1,2026-05-11_17h28.42.991,MIC_task,,2026.1.2,59.486276515657686,2026-05-11 17h28.44.439398 +0200,
,,0,0,0,,,,,,,3,f08,sajt,cheese,4,food,dairy,7,10486,21,51,None,"(-0.1, 0)",None,,,,,,,,,,,,,,1,0,1,0,0,4,4,4,0,0,0,0,524.3243827000006,,,,,,,,,,,,,,,,,,,,,,,,,,,,,,,,,,,,,,,,,,,,,,,,,,,,,,,,,,,,,,,,,,,,,,,,,,,,,,,,,,,,,,,,,,,,,524.3126079000031,524.3243827000006,524.3243827000006,524.3243827000006,524.5085437000016,None,,,,,,,,,,,524.5247736000019,524.5247736000019,524.5247736000019,,,,,,,,,,,,,,,,,,,P2887,Bar_MIC,3,1,2026-05-11_17h28.42.991,MIC_task,,2026.1.2,59.486276515657686,2026-05-11 17h28.44.439398 +0200,
,,0,0,0,,,,,,,3,f08,sajt,cheese,4,food,dairy,7,10486,21,51,None,"(-0.1, 0)",None,,,,,,,,,,,,,,1,0,1,0,0,4,4,4,0,0,0,0,524.5247736000019,,,,,,,,,,,,,,,,,,,,,,,,,,,,,,,,,,,,,,,,,,,,,,,,,,,,,,,,,,,,,,,,,,,,,,,,,,,,,,,,,,,,,,,,,,,,,524.511583800002,524.5247736000019,524.5247736000019,524.5247736000019,524.7090736999999,None,,,,,,,,,,,524.7251451000011,524.7251451000011,524.7251451000011,,,,,,,,,,,,,,,,,,,P2887,Bar_MIC,3,1,2026-05-11_17h28.42.991,MIC_task,,2026.1.2,59.486276515657686,2026-05-11 17h28.44.439398 +0200,
,,1,0,1,,,,,,,3,f08,sajt,cheese,4,food,dairy,7,10486,21,51,None,"(-0.1, 0)",None,,,,,,,,,,,,,,1,0,1,0,0,4,4,4,1,0,1,0,524.7251451000011,,,,,,,,,,,,,,,,,,,,,,,,,,,,,,,,,,,,,,,,,,,,,,,,,,,,,,,,,,,,,,,,,,,,,,,,,,,,,,,,,,,,,,,,,,,,,524.7122739000006,524.7251451000011,524.7251451000011,524.7251451000011,524.9096051000015,None,,,,,,,,,,,524.9255694000021,524.9255694000021,524.9255694000021,,,,,,,,,,,,,,,,,,,P2887,Bar_MIC,3,1,2026-05-11_17h28.42.991,MIC_task,,2026.1.2,59.486276515657686,2026-05-11 17h28.44.439398 +0200,
,,2,0,2,,,,,,,3,f08,sajt,cheese,4,food,dairy,7,10486,21,51,None,"(-0.1, 0)",None,,,,,,,,,,,,,,1,0,1,0,0,4,4,4,2,0,2,0,524.9255694000021,,,,,,,,,,,,,,,,,,,,,,,,,,,,,,,,,,,,,,,,,,,,,,,,,,,,,,,,,,,,,,,,,,,,,,,,,,,,,,,,,,,,,,,,,,,,,524.9125004000016,524.9255694000021,524.9255694000021,524.9255694000021,525.1100740000002,None,,,,,,,,,,,525.1258914999999,525.1258914999999,525.1258914999999,,,,,,,,,,,,,,,,,,,P2887,Bar_MIC,3,1,2026-05-11_17h28.42.991,MIC_task,,2026.1.2,59.486276515657686,2026-05-11 17h28.44.439398 +0200,
,,3,0,3,,,,,,,3,f08,sajt,cheese,4,food,dairy,7,10486,21,51,None,"(-0.1, 0)",None,,,,,,,,,,,,,,1,0,1,0,0,4,4,4,3,0,3,0,525.1258914999999,,,,,,,,,,,,,,,,,,,,,,,,,,,,,,,,,,,,,,,,,,,,,,,,,,,,,,,,,,,,,,,,,,,,,,,,,,,,,,,,,,,,,,,,,,,,,525.1129722000005,525.1258914999999,525.1258914999999,525.1258914999999,525.3104686000006,None,,,,,,,,,,,,,,,,,,,,,,,,,,,,,,,,P2887,Bar_MIC,3,1,2026-05-11_17h28.42.991,MIC_task,,2026.1.2,59.486276515657686,2026-05-11 17h28.44.439398 +0200,
,,4,0,4,,,,,,,3,f08,sajt,cheese,4,food,dairy,7,10486,21,51,None,"(-0.1, 0)",None,,,,,,,,,,,,,,1,0,1,0,0,4,4,4,4,0,4,0,525.3261276000012,,,,,,,,,,,,,,,,,,,,,,,,,,,,,,,,,,,,,,,,,,,,,,,,,,,,,,,,,,,,,,,,,,,,,,,,,,,,,,,,,,,,,,,,,,,,,525.313959500003,525.3261276000012,525.3261276000012,525.3261276000012,525.5102944999999,None,,,,,,,,,,,,,,,,,,,,,,,,,,,,,,,,P2887,Bar_MIC,3,1,2026-05-11_17h28.42.991,MIC_task,,2026.1.2,59.486276515657686,2026-05-11 17h28.44.439398 +0200,
,,5,0,5,,,,,,,3,f08,sajt,cheese,4,food,dairy,7,10486,21,51,None,"(-0.1, 0)",None,,,,,,,,,,,,,,1,0,1,0,0,4,4,4,5,0,5,0,525.5265041000021,,,,,,,,,,,,,,,,,,,,,,,,,,,,,,,,,,,,,,,,,,,,,,,,,,,,,,,,,,,,,,,,,,,,,,,,,,,,,,,,,,,,,,,,,,,,,525.5136329000015,525.5265041000021,525.5265041000021,525.5265041000021,525.7105819000026,None,,,,,,,,,,,,,,,,,,,,,,,,,,,,,,,,P2887,Bar_MIC,3,1,2026-05-11_17h28.42.991,MIC_task,,2026.1.2,59.486276515657686,2026-05-11 17h28.44.439398 +0200,
,,6,0,6,,,,,,,3,f08,sajt,cheese,4,food,dairy,7,10486,21,51,None,"(-0.1, 0)",None,,,,,,,,,,,,,,1,0,1,0,0,4,4,4,6,0,6,0,525.7269772,,,,,,,,,,,,,,,,,,,,,,,,,,,,,,,,,,,,,,,,,,,,,,,,,,,,,,,,,,,,,,,,,,,,,,,,,,,,,,,,,,,,,,,,,,,,,525.7139002000004,525.7269772,525.7269772,525.7269772,525.9110642000014,None,,,,,,,,,,,,,,,,,,,,,,,,,,,,,,,,P2887,Bar_MIC,3,1,2026-05-11_17h28.42.991,MIC_task,,2026.1.2,59.486276515657686,2026-05-11 17h28.44.439398 +0200,
,,7,0,7,,,,,,,3,f08,sajt,cheese,4,food,dairy,7,10486,21,51,None,"(-0.1, 0)",None,,,,,,,,,,,,,,1,0,1,0,0,4,4,4,7,0,7,0,525.9266391000019,,,,,,,,,,,,,,,,,,,,,,,,,,,,,,,,,,,,,,,,,,,,,,,,,,,,,,,,,,,,,,,,,,,,,,,,,,,,,,,,,,,,,,,,,,,,,525.9142057999998,525.9266391000019,525.9266391000019,525.9266391000019,526.1115217000006,None,,,,,,,,,,,,,,,,,,,,,,,,,,,,,,,,P2887,Bar_MIC,3,1,2026-05-11_17h28.42.991,MIC_task,,2026.1.2,59.486276515657686,2026-05-11 17h28.44.439398 +0200,
,,8,0,8,,,,,,,3,f08,sajt,cheese,4,food,dairy,7,10486,21,51,None,"(-0.1, 0)",None,,,,,,,,,,,,,,1,0,1,0,0,4,4,4,8,0,8,0,526.1270248000001,,,,,,,,,,,,,,,,,,,,,,,,,,,,,,,,,,,,,,,,,,,,,,,,,,,,,,,,,,,,,,,,,,,,,,,,,,,,,,,,,,,,,,,,,,,,,526.1144980999998,526.1270248000001,526.1270248000001,526.1270248000001,526.3119585000022,None,,,,,,,,,,,,,,,,,,,,,,,,,,,,,,,,P2887,Bar_MIC,3,1,2026-05-11_17h28.42.991,MIC_task,,2026.1.2,59.486276515657686,2026-05-11 17h28.44.439398 +0200,
,,9,0,9,,,,,,,3,f08,sajt,cheese,4,food,dairy,7,10486,21,51,None,"(-0.1, 0)",None,,,,,,,,,,,,,,1,0,1,0,0,4,4,4,9,0,9,0,526.3273619000029,,,,,,,,,,,,,,,,,,,,,,,,,,,,,,,,,,,,,,,,,,,,,,,,,,,,,,,,,,,,,,,,,,,,,,,,,,,,,,,,,,,,,,,,,,,,,526.3153988000013,526.3273619000029,526.3273619000029,526.3273619000029,526.5111580000012,None,,,,,,,,,,,,,,,,,,,,,,,,,,,,,,,,P2887,Bar_MIC,3,1,2026-05-11_17h28.42.991,MIC_task,,2026.1.2,59.486276515657686,2026-05-11 17h28.44.439398 +0200,
,,10,0,10,,,,,,,3,f08,sajt,cheese,4,food,dairy,7,10486,21,51,None,"(-0.1, 0)",None,,,,,,,,,,,,,,1,0,1,0,0,4,4,4,10,0,10,0,526.5277661,,,,,,,,,,,,,,,,,,,,,,,,,,,,,,,,,,,,,,,,,,,,,,,,,,,,,,,,,,,,,,,,,,,,,,,,,,,,,,,,,,,,,,,,,,,,,526.514231000001,526.5277661,526.5277661,526.5277661,526.7117816999998,None,,,,,,,,,,,,,,,,,,,,,,,,,,,,,,,,P2887,Bar_MIC,3,1,2026-05-11_17h28.42.991,MIC_task,,2026.1.2,59.486276515657686,2026-05-11 17h28.44.439398 +0200,
,,11,0,11,,,,,,,3,f08,sajt,cheese,4,food,dairy,7,10486,21,51,None,"(-0.1, 0)",space,0.06297499999709544,None,,,,,,,,,,,,1,0,1,0,0,4,4,4,11,0,11,0,526.7281294000022,,,,,,,,,,,,,,,,,,,,,,,,,,,,,,,,,,,,,,,,,,,,,,,,,,,,,,,,,,,,,,,,,,,,,,,,,,,,,,,,,,,,,,,,,,,,,526.7149591000016,526.7281294000022,526.7281294000022,526.7281294000022,526.7960407999999,space,0.06297499999709544,None,,,,,,,,,,,,,,,,,,,,,,,,,,,,,,P2887,Bar_MIC,3,1,2026-05-11_17h28.42.991,MIC_task,,2026.1.2,59.486276515657686,2026-05-11 17h28.44.439398 +0200,
,,4,4,0,,,,space,0.26494959999763523,None,3,f08,sajt,cheese,4,food,dairy,7,10486,21,51,None,"(-0.1, 0)",,,,,,,,,,,,,,,1,0,1,0,0,4,4,4,,,,,,,,,,,,,,,,,,,,,,,,,,,,,,,,,,,,,,,,,,,,,,,,,,,,,,,,,,,,,,,,,,,,,,,,,,,,,,,,,526.8560441000009,526.861719200002,526.8618369666665,528.798864700002,,,,,,530.8013939000011,530.8183554000025,530.8183554000025,531.0861065999998,,,,,,,,,,,,,528.8222056000013,528.8276275000026,528.832072333335,530.7178112000001,530.8013465000004,space,0.26494959999763523,None,,,,,,,,,,,,,,,,,,,,,,P2887,Bar_MIC,3,1,2026-05-11_17h28.42.991,MIC_task,,2026.1.2,59.486276515657686,2026-05-11 17h28.44.439398 +0200,
,,0,0,0,,,,,,,3,t01,fogkefe,toothbrush,8,tools,bathroom,6.8,17,None,51,None,"(0.1, 0)",None,,,,,,,,,,,,,,1,0,1,0,0,5,5,5,0,0,0,0,531.101346200001,,,,,,,,,,,,,,,,,,,,,,,,,,,,,,,,,,,,,,,,,,,,,,,,,,,,,,,,,,,,,,,,,,,,,,,,,,,,,,,,,,,,,,,,,,,,,531.0888580000028,531.101346200001,531.101346200001,531.101346200001,531.2855749000009,None,,,,,,,,,,,531.3016381000016,531.3016381000016,531.3016381000016,,,,,,,,,,,,,,,,,,,P2887,Bar_MIC,3,1,2026-05-11_17h28.42.991,MIC_task,,2026.1.2,59.486276515657686,2026-05-11 17h28.44.439398 +0200,
,,0,0,0,,,,,,,3,t01,fogkefe,toothbrush,8,tools,bathroom,6.8,17,None,51,None,"(0.1, 0)",None,,,,,,,,,,,,,,1,0,1,0,0,5,5,5,0,0,0,0,531.3016381000016,,,,,,,,,,,,,,,,,,,,,,,,,,,,,,,,,,,,,,,,,,,,,,,,,,,,,,,,,,,,,,,,,,,,,,,,,,,,,,,,,,,,,,,,,,,,,531.2882841999999,531.3016381000016,531.3016381000016,531.3016381000016,531.4860019000007,None,,,,,,,,,,,531.5019673000024,531.5019673000024,531.5019673000024,,,,,,,,,,,,,,,,,,,P2887,Bar_MIC,3,1,2026-05-11_17h28.42.991,MIC_task,,2026.1.2,59.486276515657686,2026-05-11 17h28.44.439398 +0200,
,,1,0,1,,,,,,,3,t01,fogkefe,toothbrush,8,tools,bathroom,6.8,17,None,51,None,"(0.1, 0)",None,,,,,,,,,,,,,,1,0,1,0,0,5,5,5,1,0,1,0,531.5019673000024,,,,,,,,,,,,,,,,,,,,,,,,,,,,,,,,,,,,,,,,,,,,,,,,,,,,,,,,,,,,,,,,,,,,,,,,,,,,,,,,,,,,,,,,,,,,,531.4884173999999,531.5019673000024,531.5019673000024,531.5019673000024,531.6862002000016,None,,,,,,,,,,,531.7023227999998,531.7023227999998,531.7023227999998,,,,,,,,,,,,,,,,,,,P2887,Bar_MIC,3,1,2026-05-11_17h28.42.991,MIC_task,,2026.1.2,59.486276515657686,2026-05-11 17h28.44.439398 +0200,
,,2,0,2,,,,,,,3,t01,fogkefe,toothbrush,8,tools,bathroom,6.8,17,None,51,None,"(0.1, 0)",None,,,,,,,,,,,,,,1,0,1,0,0,5,5,5,2,0,2,0,531.7023227999998,,,,,,,,,,,,,,,,,,,,,,,,,,,,,,,,,,,,,,,,,,,,,,,,,,,,,,,,,,,,,,,,,,,,,,,,,,,,,,,,,,,,,,,,,,,,,531.6887427000001,531.7023227999998,531.7023227999998,531.7023227999998,531.8866185000006,None,,,,,,,,,,,531.9027268999998,531.9027268999998,531.9027268999998,,,,,,,,,,,,,,,,,,,P2887,Bar_MIC,3,1,2026-05-11_17h28.42.991,MIC_task,,2026.1.2,59.486276515657686,2026-05-11 17h28.44.439398 +0200,
,,3,0,3,,,,,,,3,t01,fogkefe,toothbrush,8,tools,bathroom,6.8,17,None,51,None,"(0.1, 0)",None,,,,,,,,,,,,,,1,0,1,0,0,5,5,5,3,0,3,0,531.9027268999998,,,,,,,,,,,,,,,,,,,,,,,,,,,,,,,,,,,,,,,,,,,,,,,,,,,,,,,,,,,,,,,,,,,,,,,,,,,,,,,,,,,,,,,,,,,,,531.8891604000019,531.9027268999998,531.9027268999998,531.9027268999998,532.0870259000003,None,,,,,,,,,,,,,,,,,,,,,,,,,,,,,,,,P2887,Bar_MIC,3,1,2026-05-11_17h28.42.991,MIC_task,,2026.1.2,59.486276515657686,2026-05-11 17h28.44.439398 +0200,
,,4,0,4,,,,,,,3,t01,fogkefe,toothbrush,8,tools,bathroom,6.8,17,None,51,None,"(0.1, 0)",None,,,,,,,,,,,,,,1,0,1,0,0,5,5,5,4,0,4,0,532.1030640000026,,,,,,,,,,,,,,,,,,,,,,,,,,,,,,,,,,,,,,,,,,,,,,,,,,,,,,,,,,,,,,,,,,,,,,,,,,,,,,,,,,,,,,,,,,,,,532.0899752000005,532.1030640000026,532.1030640000026,532.1030640000026,532.2870989000003,None,,,,,,,,,,,,,,,,,,,,,,,,,,,,,,,,P2887,Bar_MIC,3,1,2026-05-11_17h28.42.991,MIC_task,,2026.1.2,59.486276515657686,2026-05-11 17h28.44.439398 +0200,
,,5,0,5,,,,,,,3,t01,fogkefe,toothbrush,8,tools,bathroom,6.8,17,None,51,None,"(0.1, 0)",None,,,,,,,,,,,,,,1,0,1,0,0,5,5,5,5,0,5,0,532.303452600001,,,,,,,,,,,,,,,,,,,,,,,,,,,,,,,,,,,,,,,,,,,,,,,,,,,,,,,,,,,,,,,,,,,,,,,,,,,,,,,,,,,,,,,,,,,,,532.2897823000021,532.303452600001,532.303452600001,532.303452600001,532.4875520000023,None,,,,,,,,,,,,,,,,,,,,,,,,,,,,,,,,P2887,Bar_MIC,3,1,2026-05-11_17h28.42.991,MIC_task,,2026.1.2,59.486276515657686,2026-05-11 17h28.44.439398 +0200,
,,6,0,6,,,,,,,3,t01,fogkefe,toothbrush,8,tools,bathroom,6.8,17,None,51,None,"(0.1, 0)",None,,,,,,,,,,,,,,1,0,1,0,0,5,5,5,6,0,6,0,532.5038762000004,,,,,,,,,,,,,,,,,,,,,,,,,,,,,,,,,,,,,,,,,,,,,,,,,,,,,,,,,,,,,,,,,,,,,,,,,,,,,,,,,,,,,,,,,,,,,532.4902618000015,532.5038762000004,532.5038762000004,532.5038762000004,532.6883831000014,None,,,,,,,,,,,,,,,,,,,,,,,,,,,,,,,,P2887,Bar_MIC,3,1,2026-05-11_17h28.42.991,MIC_task,,2026.1.2,59.486276515657686,2026-05-11 17h28.44.439398 +0200,
,,7,0,7,,,,,,,3,t01,fogkefe,toothbrush,8,tools,bathroom,6.8,17,None,51,None,"(0.1, 0)",None,,,,,,,,,,,,,,1,0,1,0,0,5,5,5,7,0,7,0,532.7042970000002,,,,,,,,,,,,,,,,,,,,,,,,,,,,,,,,,,,,,,,,,,,,,,,,,,,,,,,,,,,,,,,,,,,,,,,,,,,,,,,,,,,,,,,,,,,,,532.6914381000024,532.7042970000002,532.7042970000002,532.7042970000002,532.8883229000021,None,,,,,,,,,,,,,,,,,,,,,,,,,,,,,,,,P2887,Bar_MIC,3,1,2026-05-11_17h28.42.991,MIC_task,,2026.1.2,59.486276515657686,2026-05-11 17h28.44.439398 +0200,
,,8,0,8,,,,,,,3,t01,fogkefe,toothbrush,8,tools,bathroom,6.8,17,None,51,None,"(0.1, 0)",None,,,,,,,,,,,,,,1,0,1,0,0,5,5,5,8,0,8,0,532.9045400000032,,,,,,,,,,,,,,,,,,,,,,,,,,,,,,,,,,,,,,,,,,,,,,,,,,,,,,,,,,,,,,,,,,,,,,,,,,,,,,,,,,,,,,,,,,,,,532.8907670000008,532.9045400000032,532.9045400000032,532.9045400000032,533.0892770999999,None,,,,,,,,,,,,,,,,,,,,,,,,,,,,,,,,P2887,Bar_MIC,3,1,2026-05-11_17h28.42.991,MIC_task,,2026.1.2,59.486276515657686,2026-05-11 17h28.44.439398 +0200,
,,9,0,9,,,,,,,3,t01,fogkefe,toothbrush,8,tools,bathroom,6.8,17,None,51,None,"(0.1, 0)",None,,,,,,,,,,,,,,1,0,1,0,0,5,5,5,9,0,9,0,533.1042654000012,,,,,,,,,,,,,,,,,,,,,,,,,,,,,,,,,,,,,,,,,,,,,,,,,,,,,,,,,,,,,,,,,,,,,,,,,,,,,,,,,,,,,,,,,,,,,533.0920363000005,533.1042654000012,533.1042654000012,533.1042654000012,533.2891916000008,None,,,,,,,,,,,,,,,,,,,,,,,,,,,,,,,,P2887,Bar_MIC,3,1,2026-05-11_17h28.42.991,MIC_task,,2026.1.2,59.486276515657686,2026-05-11 17h28.44.439398 +0200,
,,10,0,10,,,,,,,3,t01,fogkefe,toothbrush,8,tools,bathroom,6.8,17,None,51,None,"(0.1, 0)",None,,,,,,,,,,,,,,1,0,1,0,0,5,5,5,10,0,10,0,533.3046056000021,,,,,,,,,,,,,,,,,,,,,,,,,,,,,,,,,,,,,,,,,,,,,,,,,,,,,,,,,,,,,,,,,,,,,,,,,,,,,,,,,,,,,,,,,,,,,533.2917827000019,533.3046056000021,533.3046056000021,533.3046056000021,533.4895450000004,None,,,,,,,,,,,,,,,,,,,,,,,,,,,,,,,,P2887,Bar_MIC,3,1,2026-05-11_17h28.42.991,MIC_task,,2026.1.2,59.486276515657686,2026-05-11 17h28.44.439398 +0200,
,,11,0,11,,,,,,,3,t01,fogkefe,toothbrush,8,tools,bathroom,6.8,17,None,51,None,"(0.1, 0)",None,,,,,,,,,,,,,,1,0,1,0,0,5,5,5,11,0,11,0,533.5050120000014,,,,,,,,,,,,,,,,,,,,,,,,,,,,,,,,,,,,,,,,,,,,,,,,,,,,,,,,,,,,,,,,,,,,,,,,,,,,,,,,,,,,,,,,,,,,,533.492178200002,533.5050120000014,533.5050120000014,533.5050120000014,533.6887736000026,None,,,,,,,,,,,,,,,,,,,,,,,,,,,,,,,,P2887,Bar_MIC,3,1,2026-05-11_17h28.42.991,MIC_task,,2026.1.2,59.486276515657686,2026-05-11 17h28.44.439398 +0200,
,,12,0,12,,,,,,,3,t01,fogkefe,toothbrush,8,tools,bathroom,6.8,17,None,51,None,"(0.1, 0)",None,,,,,,,,,,,,,,1,0,1,0,0,5,5,5,12,0,12,0,533.705383200002,,,,,,,,,,,,,,,,,,,,,,,,,,,,,,,,,,,,,,,,,,,,,,,,,,,,,,,,,,,,,,,,,,,,,,,,,,,,,,,,,,,,,,,,,,,,,533.6916401000017,533.705383200002,533.705383200002,533.705383200002,533.889310300001,None,,,,,,,,,,,,,,,,,,,,,,,,,,,,,,,,P2887,Bar_MIC,3,1,2026-05-11_17h28.42.991,MIC_task,,2026.1.2,59.486276515657686,2026-05-11 17h28.44.439398 +0200,
,,13,0,13,,,,,,,3,t01,fogkefe,toothbrush,8,tools,bathroom,6.8,17,None,51,None,"(0.1, 0)",None,,,,,,,,,,,,,,1,0,1,0,0,5,5,5,13,0,13,0,533.9057465000005,,,,,,,,,,,,,,,,,,,,,,,,,,,,,,,,,,,,,,,,,,,,,,,,,,,,,,,,,,,,,,,,,,,,,,,,,,,,,,,,,,,,,,,,,,,,,533.8918878000004,533.9057465000005,533.9057465000005,533.9057465000005,534.0896613000004,None,,,,,,,,,,,,,,,,,,,,,,,,,,,,,,,,P2887,Bar_MIC,3,1,2026-05-11_17h28.42.991,MIC_task,,2026.1.2,59.486276515657686,2026-05-11 17h28.44.439398 +0200,
,,14,0,14,,,,,,,3,t01,fogkefe,toothbrush,8,tools,bathroom,6.8,17,None,51,None,"(0.1, 0)",None,,,,,,,,,,,,,,1,0,1,0,0,5,5,5,14,0,14,0,534.1061340000015,,,,,,,,,,,,,,,,,,,,,,,,,,,,,,,,,,,,,,,,,,,,,,,,,,,,,,,,,,,,,,,,,,,,,,,,,,,,,,,,,,,,,,,,,,,,,534.0924292000018,534.1061340000015,534.1061340000015,534.1061340000015,534.2900173000016,None,,,,,,,,,,,,,,,,,,,,,,,,,,,,,,,,P2887,Bar_MIC,3,1,2026-05-11_17h28.42.991,MIC_task,,2026.1.2,59.486276515657686,2026-05-11 17h28.44.439398 +0200,
,,15,0,15,,,,,,,3,t01,fogkefe,toothbrush,8,tools,bathroom,6.8,17,None,51,None,"(0.1, 0)",None,,,,,,,,,,,,,,1,0,1,0,0,5,5,5,15,0,15,0,534.3089316000005,,,,,,,,,,,,,,,,,,,,,,,,,,,,,,,,,,,,,,,,,,,,,,,,,,,,,,,,,,,,,,,,,,,,,,,,,,,,,,,,,,,,,,,,,,,,,534.2926303000022,534.3089316000005,534.3089316000005,534.3089316000005,534.4909917000004,None,,,,,,,,,,,,,,,,,,,,,,,,,,,,,,,,P2887,Bar_MIC,3,1,2026-05-11_17h28.42.991,MIC_task,,2026.1.2,59.486276515657686,2026-05-11 17h28.44.439398 +0200,
,,16,0,16,,,,,,,3,t01,fogkefe,toothbrush,8,tools,bathroom,6.8,17,None,51,None,"(0.1, 0)",None,,,,,,,,,,,,,,1,0,1,0,0,5,5,5,16,0,16,0,534.5067377000014,,,,,,,,,,,,,,,,,,,,,,,,,,,,,,,,,,,,,,,,,,,,,,,,,,,,,,,,,,,,,,,,,,,,,,,,,,,,,,,,,,,,,,,,,,,,,534.4938472000031,534.5067377000014,534.5067377000014,534.5067377000014,534.6907843000008,None,,,,,,,,,,,,,,,,,,,,,,,,,,,,,,,,P2887,Bar_MIC,3,1,2026-05-11_17h28.42.991,MIC_task,,2026.1.2,59.486276515657686,2026-05-11 17h28.44.439398 +0200,
,,17,0,17,,,,,,,3,t01,fogkefe,toothbrush,8,tools,bathroom,6.8,17,None,51,None,"(0.1, 0)",None,,,,,,,,,,,,,,1,0,1,0,0,5,5,5,17,0,17,0,534.7071539999997,,,,,,,,,,,,,,,,,,,,,,,,,,,,,,,,,,,,,,,,,,,,,,,,,,,,,,,,,,,,,,,,,,,,,,,,,,,,,,,,,,,,,,,,,,,,,534.6935912000008,534.7071539999997,534.7071539999997,534.7071539999997,534.8913084000014,None,,,,,,,,,,,,,,,,,,,,,,,,,,,,,,,,P2887,Bar_MIC,3,1,2026-05-11_17h28.42.991,MIC_task,,2026.1.2,59.486276515657686,2026-05-11 17h28.44.439398 +0200,
,,18,0,18,,,,,,,3,t01,fogkefe,toothbrush,8,tools,bathroom,6.8,17,None,51,None,"(0.1, 0)",None,,,,,,,,,,,,,,1,0,1,0,0,5,5,5,18,0,18,0,534.9076443000013,,,,,,,,,,,,,,,,,,,,,,,,,,,,,,,,,,,,,,,,,,,,,,,,,,,,,,,,,,,,,,,,,,,,,,,,,,,,,,,,,,,,,,,,,,,,,534.8938750000016,534.9076443000013,534.9076443000013,534.9076443000013,535.0918708999998,None,,,,,,,,,,,,,,,,,,,,,,,,,,,,,,,,P2887,Bar_MIC,3,1,2026-05-11_17h28.42.991,MIC_task,,2026.1.2,59.486276515657686,2026-05-11 17h28.44.439398 +0200,
,,19,0,19,,,,,,,3,t01,fogkefe,toothbrush,8,tools,bathroom,6.8,17,None,51,None,"(0.1, 0)",None,,,,,,,,,,,,,,1,0,1,0,0,5,5,5,19,0,19,0,535.107946600001,,,,,,,,,,,,,,,,,,,,,,,,,,,,,,,,,,,,,,,,,,,,,,,,,,,,,,,,,,,,,,,,,,,,,,,,,,,,,,,,,,,,,,,,,,,,,535.0945053000032,535.107946600001,535.107946600001,535.107946600001,535.2920629,None,,,,,,,,,,,,,,,,,,,,,,,,,,,,,,,,P2887,Bar_MIC,3,1,2026-05-11_17h28.42.991,MIC_task,,2026.1.2,59.486276515657686,2026-05-11 17h28.44.439398 +0200,
,,20,0,20,,,,,,,3,t01,fogkefe,toothbrush,8,tools,bathroom,6.8,17,None,51,None,"(0.1, 0)",None,,,,,,,,,,,,,,1,0,1,0,0,5,5,5,20,0,20,0,535.3076632000011,,,,,,,,,,,,,,,,,,,,,,,,,,,,,,,,,,,,,,,,,,,,,,,,,,,,,,,,,,,,,,,,,,,,,,,,,,,,,,,,,,,,,,,,,,,,,535.2946625000004,535.3076632000011,535.3076632000011,535.3076632000011,535.4925049000012,None,,,,,,,,,,,,,,,,,,,,,,,,,,,,,,,,P2887,Bar_MIC,3,1,2026-05-11_17h28.42.991,MIC_task,,2026.1.2,59.486276515657686,2026-05-11 17h28.44.439398 +0200,
,,21,0,21,,,,,,,3,t01,fogkefe,toothbrush,8,tools,bathroom,6.8,17,None,51,None,"(0.1, 0)",None,,,,,,,,,,,,,,1,0,1,0,0,5,5,5,21,0,21,0,535.5079702000003,,,,,,,,,,,,,,,,,,,,,,,,,,,,,,,,,,,,,,,,,,,,,,,,,,,,,,,,,,,,,,,,,,,,,,,,,,,,,,,,,,,,,,,,,,,,,535.495388000003,535.5079702000003,535.5079702000003,535.5079702000003,535.6918852000017,None,,,,,,,,,,,,,,,,,,,,,,,,,,,,,,,,P2887,Bar_MIC,3,1,2026-05-11_17h28.42.991,MIC_task,,2026.1.2,59.486276515657686,2026-05-11 17h28.44.439398 +0200,
,,22,0,22,,,,,,,3,t01,fogkefe,toothbrush,8,tools,bathroom,6.8,17,None,51,None,"(0.1, 0)",space,0.007600699998874916,None,,,,,,,,,,,,1,0,1,0,0,5,5,5,22,0,22,0,535.7083144000026,,,,,,,,,,,,,,,,,,,,,,,,,,,,,,,,,,,,,,,,,,,,,,,,,,,,,,,,,,,,,,,,,,,,,,,,,,,,,,,,,,,,,,,,,,,,,535.6942914000028,535.7083144000026,535.7083144000026,535.7083144000026,535.7264310000028,space,0.007600699998874916,None,,,,,,,,,,,,,,,,,,,,,,,,,,,,,,P2887,Bar_MIC,3,1,2026-05-11_17h28.42.991,MIC_task,,2026.1.2,59.486276515657686,2026-05-11 17h28.44.439398 +0200,
,,5,5,0,,,,space,11.910480499998812,None,3,t01,fogkefe,toothbrush,8,tools,bathroom,6.8,17,None,51,None,"(0.1, 0)",,,,,,,,,,,,,,,1,0,1,0,0,5,5,5,,,,,,,,,,,,,,,,,,,,,,,,,,,,,,,,,,,,,,,,,,,,,,,,,,,,,,,,,,,,,,,,,,,,,,,,,,,,,,,,,535.7871837000021,535.7926710000029,535.7921052666688,537.7282107000028,,,,,,539.7323720000022,539.7491422000021,539.7491422000021,551.6684944000008,,,,,,,,,,,,,537.7511818000021,537.7562494000013,537.7614200333342,539.648021500001,539.7323243000028,space,11.910480499998812,None,,,,,,,,,,,,,,,,,,,,,,P2887,Bar_MIC,3,1,2026-05-11_17h28.42.991,MIC_task,,2026.1.2,59.486276515657686,2026-05-11 17h28.44.439398 +0200,
,,0,0,0,,,,,,,3,v12,busz,bus,10,vehicles,wheels,6.8,None,None,None,19,"(0, 0)",None,,,,,,,,,,,,,,1,0,1,0,0,6,6,6,0,0,0,0,551.6825478000028,,,,,,,,,,,,,,,,,,,,,,,,,,,,,,,,,,,,,,,,,,,,,,,,,,,,,,,,,,,,,,,,,,,,,,,,,,,,,,,,,,,,,,,,,,,,,551.6713765000022,551.6825478000028,551.6825478000028,551.6825478000028,551.8670951000022,None,,,,,,,,,,,551.8829113000029,551.8829113000029,551.8829113000029,,,,,,,,,,,,,,,,,,,P2887,Bar_MIC,3,1,2026-05-11_17h28.42.991,MIC_task,,2026.1.2,59.486276515657686,2026-05-11 17h28.44.439398 +0200,
,,0,0,0,,,,,,,3,v12,busz,bus,10,vehicles,wheels,6.8,None,None,None,19,"(0, 0)",None,,,,,,,,,,,,,,1,0,1,0,0,6,6,6,0,0,0,0,551.8829113000029,,,,,,,,,,,,,,,,,,,,,,,,,,,,,,,,,,,,,,,,,,,,,,,,,,,,,,,,,,,,,,,,,,,,,,,,,,,,,,,,,,,,,,,,,,,,,551.8702718000022,551.8829113000029,551.8829113000029,551.8829113000029,552.0683227000009,None,,,,,,,,,,,552.083317800003,552.083317800003,552.083317800003,,,,,,,,,,,,,,,,,,,P2887,Bar_MIC,3,1,2026-05-11_17h28.42.991,MIC_task,,2026.1.2,59.486276515657686,2026-05-11 17h28.44.439398 +0200,
,,1,0,1,,,,,,,3,v12,busz,bus,10,vehicles,wheels,6.8,None,None,None,19,"(0, 0)",None,,,,,,,,,,,,,,1,0,1,0,0,6,6,6,1,0,1,0,552.083317800003,,,,,,,,,,,,,,,,,,,,,,,,,,,,,,,,,,,,,,,,,,,,,,,,,,,,,,,,,,,,,,,,,,,,,,,,,,,,,,,,,,,,,,,,,,,,,552.071504800002,552.083317800003,552.083317800003,552.083317800003,552.2676692000023,None,,,,,,,,,,,552.2836354000028,552.2836354000028,552.2836354000028,,,,,,,,,,,,,,,,,,,P2887,Bar_MIC,3,1,2026-05-11_17h28.42.991,MIC_task,,2026.1.2,59.486276515657686,2026-05-11 17h28.44.439398 +0200,
,,2,0,2,,,,,,,3,v12,busz,bus,10,vehicles,wheels,6.8,None,None,None,19,"(0, 0)",None,,,,,,,,,,,,,,1,0,1,0,0,6,6,6,2,0,2,0,552.2836354000028,,,,,,,,,,,,,,,,,,,,,,,,,,,,,,,,,,,,,,,,,,,,,,,,,,,,,,,,,,,,,,,,,,,,,,,,,,,,,,,,,,,,,,,,,,,,,552.2705327000003,552.2836354000028,552.2836354000028,552.2836354000028,552.4679496000026,None,,,,,,,,,,,552.4840403000017,552.4840403000017,552.4840403000017,,,,,,,,,,,,,,,,,,,P2887,Bar_MIC,3,1,2026-05-11_17h28.42.991,MIC_task,,2026.1.2,59.486276515657686,2026-05-11 17h28.44.439398 +0200,
,,3,0,3,,,,,,,3,v12,busz,bus,10,vehicles,wheels,6.8,None,None,None,19,"(0, 0)",None,,,,,,,,,,,,,,1,0,1,0,0,6,6,6,3,0,3,0,552.4840403000017,,,,,,,,,,,,,,,,,,,,,,,,,,,,,,,,,,,,,,,,,,,,,,,,,,,,,,,,,,,,,,,,,,,,,,,,,,,,,,,,,,,,,,,,,,,,,552.4709579000009,552.4840403000017,552.4840403000017,552.4840403000017,552.6685079000017,None,,,,,,,,,,,552.684423900002,552.684423900002,552.684423900002,,,,,,,,,,,,,,,,,,,P2887,Bar_MIC,3,1,2026-05-11_17h28.42.991,MIC_task,,2026.1.2,59.486276515657686,2026-05-11 17h28.44.439398 +0200,
,,4,0,4,,,,,,,3,v12,busz,bus,10,vehicles,wheels,6.8,None,None,None,19,"(0, 0)",None,,,,,,,,,,,,,,1,0,1,0,0,6,6,6,4,0,4,0,552.684423900002,,,,,,,,,,,,,,,,,,,,,,,,,,,,,,,,,,,,,,,,,,,,,,,,,,,,,,,,,,,,,,,,,,,,,,,,,,,,,,,,,,,,,,,,,,,,,552.6713903000018,552.684423900002,552.684423900002,552.684423900002,552.868836200003,None,,,,,,,,,,,552.8847199000011,552.8847199000011,552.8847199000011,,,,,,,,,,,,,,,,,,,P2887,Bar_MIC,3,1,2026-05-11_17h28.42.991,MIC_task,,2026.1.2,59.486276515657686,2026-05-11 17h28.44.439398 +0200,
,,5,0,5,,,,,,,3,v12,busz,bus,10,vehicles,wheels,6.8,None,None,None,19,"(0, 0)",None,,,,,,,,,,,,,,1,0,1,0,0,6,6,6,5,0,5,0,552.8847199000011,,,,,,,,,,,,,,,,,,,,,,,,,,,,,,,,,,,,,,,,,,,,,,,,,,,,,,,,,,,,,,,,,,,,,,,,,,,,,,,,,,,,,,,,,,,,,552.871729100003,552.8847199000011,552.8847199000011,552.8847199000011,553.0686717999997,None,,,,,,,,,,,,,,,,,,,,,,,,,,,,,,,,P2887,Bar_MIC,3,1,2026-05-11_17h28.42.991,MIC_task,,2026.1.2,59.486276515657686,2026-05-11 17h28.44.439398 +0200,
,,6,0,6,,,,,,,3,v12,busz,bus,10,vehicles,wheels,6.8,None,None,None,19,"(0, 0)",None,,,,,,,,,,,,,,1,0,1,0,0,6,6,6,6,0,6,0,553.0853723,,,,,,,,,,,,,,,,,,,,,,,,,,,,,,,,,,,,,,,,,,,,,,,,,,,,,,,,,,,,,,,,,,,,,,,,,,,,,,,,,,,,,,,,,,,,,553.0720496000031,553.0853723,553.0853723,553.0853723,553.2691102000026,None,,,,,,,,,,,,,,,,,,,,,,,,,,,,,,,,P2887,Bar_MIC,3,1,2026-05-11_17h28.42.991,MIC_task,,2026.1.2,59.486276515657686,2026-05-11 17h28.44.439398 +0200,
,,7,0,7,,,,,,,3,v12,busz,bus,10,vehicles,wheels,6.8,None,None,None,19,"(0, 0)",None,,,,,,,,,,,,,,1,0,1,0,0,6,6,6,7,0,7,0,553.2854920000027,,,,,,,,,,,,,,,,,,,,,,,,,,,,,,,,,,,,,,,,,,,,,,,,,,,,,,,,,,,,,,,,,,,,,,,,,,,,,,,,,,,,,,,,,,,,,553.272447000003,553.2854920000027,553.2854920000027,553.2854920000027,553.4696814000017,None,,,,,,,,,,,,,,,,,,,,,,,,,,,,,,,,P2887,Bar_MIC,3,1,2026-05-11_17h28.42.991,MIC_task,,2026.1.2,59.486276515657686,2026-05-11 17h28.44.439398 +0200,
,,8,0,8,,,,,,,3,v12,busz,bus,10,vehicles,wheels,6.8,None,None,None,19,"(0, 0)",None,,,,,,,,,,,,,,1,0,1,0,0,6,6,6,8,0,8,0,553.4852983000019,,,,,,,,,,,,,,,,,,,,,,,,,,,,,,,,,,,,,,,,,,,,,,,,,,,,,,,,,,,,,,,,,,,,,,,,,,,,,,,,,,,,,,,,,,,,,553.4732388000011,553.4852983000019,553.4852983000019,553.4852983000019,553.6704855999997,None,,,,,,,,,,,,,,,,,,,,,,,,,,,,,,,,P2887,Bar_MIC,3,1,2026-05-11_17h28.42.991,MIC_task,,2026.1.2,59.486276515657686,2026-05-11 17h28.44.439398 +0200,
,,9,0,9,,,,,,,3,v12,busz,bus,10,vehicles,wheels,6.8,None,None,None,19,"(0, 0)",None,,,,,,,,,,,,,,1,0,1,0,0,6,6,6,9,0,9,0,553.6863007000029,,,,,,,,,,,,,,,,,,,,,,,,,,,,,,,,,,,,,,,,,,,,,,,,,,,,,,,,,,,,,,,,,,,,,,,,,,,,,,,,,,,,,,,,,,,,,553.6738512000011,553.6863007000029,553.6863007000029,553.6863007000029,553.8704012000017,None,,,,,,,,,,,,,,,,,,,,,,,,,,,,,,,,P2887,Bar_MIC,3,1,2026-05-11_17h28.42.991,MIC_task,,2026.1.2,59.486276515657686,2026-05-11 17h28.44.439398 +0200,
,,10,0,10,,,,,,,3,v12,busz,bus,10,vehicles,wheels,6.8,None,None,None,19,"(0, 0)",None,,,,,,,,,,,,,,1,0,1,0,0,6,6,6,10,0,10,0,553.8859033000008,,,,,,,,,,,,,,,,,,,,,,,,,,,,,,,,,,,,,,,,,,,,,,,,,,,,,,,,,,,,,,,,,,,,,,,,,,,,,,,,,,,,,,,,,,,,,553.8734818000012,553.8859033000008,553.8859033000008,553.8859033000008,554.0708064000028,None,,,,,,,,,,,,,,,,,,,,,,,,,,,,,,,,P2887,Bar_MIC,3,1,2026-05-11_17h28.42.991,MIC_task,,2026.1.2,59.486276515657686,2026-05-11 17h28.44.439398 +0200,
,,11,0,11,,,,,,,3,v12,busz,bus,10,vehicles,wheels,6.8,None,None,None,19,"(0, 0)",None,,,,,,,,,,,,,,1,0,1,0,0,6,6,6,11,0,11,0,554.0863028000022,,,,,,,,,,,,,,,,,,,,,,,,,,,,,,,,,,,,,,,,,,,,,,,,,,,,,,,,,,,,,,,,,,,,,,,,,,,,,,,,,,,,,,,,,,,,,554.0743261000025,554.0863028000022,554.0863028000022,554.0863028000022,554.2712124000027,None,,,,,,,,,,,,,,,,,,,,,,,,,,,,,,,,P2887,Bar_MIC,3,1,2026-05-11_17h28.42.991,MIC_task,,2026.1.2,59.486276515657686,2026-05-11 17h28.44.439398 +0200,
,,12,0,12,,,,,,,3,v12,busz,bus,10,vehicles,wheels,6.8,None,None,None,19,"(0, 0)",None,,,,,,,,,,,,,,1,0,1,0,0,6,6,6,12,0,12,0,554.2866850000028,,,,,,,,,,,,,,,,,,,,,,,,,,,,,,,,,,,,,,,,,,,,,,,,,,,,,,,,,,,,,,,,,,,,,,,,,,,,,,,,,,,,,,,,,,,,,554.2745629000019,554.2866850000028,554.2866850000028,554.2866850000028,554.4703918000014,None,,,,,,,,,,,,,,,,,,,,,,,,,,,,,,,,P2887,Bar_MIC,3,1,2026-05-11_17h28.42.991,MIC_task,,2026.1.2,59.486276515657686,2026-05-11 17h28.44.439398 +0200,
,,13,0,13,,,,,,,3,v12,busz,bus,10,vehicles,wheels,6.8,None,None,None,19,"(0, 0)",None,,,,,,,,,,,,,,1,0,1,0,0,6,6,6,13,0,13,0,554.4870341000023,,,,,,,,,,,,,,,,,,,,,,,,,,,,,,,,,,,,,,,,,,,,,,,,,,,,,,,,,,,,,,,,,,,,,,,,,,,,,,,,,,,,,,,,,,,,,554.4734790000002,554.4870341000023,554.4870341000023,554.4870341000023,554.6716970000016,None,,,,,,,,,,,,,,,,,,,,,,,,,,,,,,,,P2887,Bar_MIC,3,1,2026-05-11_17h28.42.991,MIC_task,,2026.1.2,59.486276515657686,2026-05-11 17h28.44.439398 +0200,
,,14,0,14,,,,,,,3,v12,busz,bus,10,vehicles,wheels,6.8,None,None,None,19,"(0, 0)",None,,,,,,,,,,,,,,1,0,1,0,0,6,6,6,14,0,14,0,554.687470300003,,,,,,,,,,,,,,,,,,,,,,,,,,,,,,,,,,,,,,,,,,,,,,,,,,,,,,,,,,,,,,,,,,,,,,,,,,,,,,,,,,,,,,,,,,,,,554.6750608000002,554.687470300003,554.687470300003,554.687470300003,554.8718860000008,None,,,,,,,,,,,,,,,,,,,,,,,,,,,,,,,,P2887,Bar_MIC,3,1,2026-05-11_17h28.42.991,MIC_task,,2026.1.2,59.486276515657686,2026-05-11 17h28.44.439398 +0200,
,,15,0,15,,,,,,,3,v12,busz,bus,10,vehicles,wheels,6.8,None,None,None,19,"(0, 0)",space,0.04754550000143354,None,,,,,,,,,,,,1,0,1,0,0,6,6,6,15,0,15,0,554.8878713000013,,,,,,,,,,,,,,,,,,,,,,,,,,,,,,,,,,,,,,,,,,,,,,,,,,,,,,,,,,,,,,,,,,,,,,,,,,,,,,,,,,,,,,,,,,,,,554.8749487000023,554.8878713000013,554.8878713000013,554.8878713000013,554.9392187000012,space,0.04754550000143354,None,,,,,,,,,,,,,,,,,,,,,,,,,,,,,,P2887,Bar_MIC,3,1,2026-05-11_17h28.42.991,MIC_task,,2026.1.2,59.486276515657686,2026-05-11 17h28.44.439398 +0200,
,,6,6,0,,,,space,1.5875083999999333,None,3,v12,busz,bus,10,vehicles,wheels,6.8,None,None,None,19,"(0, 0)",,,,,,,,,,,,,,,1,0,1,0,0,6,6,6,,,,,,,,,,,,,,,,,,,,,,,,,,,,,,,,,,,,,,,,,,,,,,,,,,,,,,,,,,,,,,,,,,,,,,,,,,,,,,,,,554.9996317000005,555.0047517000021,555.0049837666675,556.9416442000002,,,,,,558.9442555000023,558.961194200001,558.961194200001,560.5646473000015,,,,,,,,,,,,,556.9639878000016,556.9692383000001,556.9748424333343,558.8602887000015,558.9442094000005,space,1.5875083999999333,None,,,,,,,,,,,,,,,,,,,,,,P2887,Bar_MIC,3,1,2026-05-11_17h28.42.991,MIC_task,,2026.1.2,59.486276515657686,2026-05-11 17h28.44.439398 +0200,
,,0,0,0,,,,,,,3,a20,zsiráf,giraffe,1,animal,mammal,6.6,12,23,60,None,"(0, 0)",None,,,,,,,,,,,,,,1,0,1,0,0,7,7,7,0,0,0,0,560.5798135000005,,,,,,,,,,,,,,,,,,,,,,,,,,,,,,,,,,,,,,,,,,,,,,,,,,,,,,,,,,,,,,,,,,,,,,,,,,,,,,,,,,,,,,,,,,,,,560.5681276000032,560.5798135000005,560.5798135000005,560.5798135000005,560.7639765000022,None,,,,,,,,,,,560.7801585000016,560.7801585000016,560.7801585000016,,,,,,,,,,,,,,,,,,,P2887,Bar_MIC,3,1,2026-05-11_17h28.42.991,MIC_task,,2026.1.2,59.486276515657686,2026-05-11 17h28.44.439398 +0200,
,,0,0,0,,,,,,,3,a20,zsiráf,giraffe,1,animal,mammal,6.6,12,23,60,None,"(0, 0)",None,,,,,,,,,,,,,,1,0,1,0,0,7,7,7,0,0,0,0,560.7801585000016,,,,,,,,,,,,,,,,,,,,,,,,,,,,,,,,,,,,,,,,,,,,,,,,,,,,,,,,,,,,,,,,,,,,,,,,,,,,,,,,,,,,,,,,,,,,,560.767520100002,560.7801585000016,560.7801585000016,560.7801585000016,560.9645600000003,None,,,,,,,,,,,560.9804710999997,560.9804710999997,560.9804710999997,,,,,,,,,,,,,,,,,,,P2887,Bar_MIC,3,1,2026-05-11_17h28.42.991,MIC_task,,2026.1.2,59.486276515657686,2026-05-11 17h28.44.439398 +0200,
,,1,0,1,,,,,,,3,a20,zsiráf,giraffe,1,animal,mammal,6.6,12,23,60,None,"(0, 0)",None,,,,,,,,,,,,,,1,0,1,0,0,7,7,7,1,0,1,0,560.9804710999997,,,,,,,,,,,,,,,,,,,,,,,,,,,,,,,,,,,,,,,,,,,,,,,,,,,,,,,,,,,,,,,,,,,,,,,,,,,,,,,,,,,,,,,,,,,,,560.9674734,560.9804710999997,560.9804710999997,560.9804710999997,561.1646150000015,None,,,,,,,,,,,561.1808052000015,561.1808052000015,561.1808052000015,,,,,,,,,,,,,,,,,,,P2887,Bar_MIC,3,1,2026-05-11_17h28.42.991,MIC_task,,2026.1.2,59.486276515657686,2026-05-11 17h28.44.439398 +0200,
,,2,0,2,,,,,,,3,a20,zsiráf,giraffe,1,animal,mammal,6.6,12,23,60,None,"(0, 0)",None,,,,,,,,,,,,,,1,0,1,0,0,7,7,7,2,0,2,0,561.1808052000015,,,,,,,,,,,,,,,,,,,,,,,,,,,,,,,,,,,,,,,,,,,,,,,,,,,,,,,,,,,,,,,,,,,,,,,,,,,,,,,,,,,,,,,,,,,,,561.1677980000022,561.1808052000015,561.1808052000015,561.1808052000015,561.3654381000015,None,,,,,,,,,,,,,,,,,,,,,,,,,,,,,,,,P2887,Bar_MIC,3,1,2026-05-11_17h28.42.991,MIC_task,,2026.1.2,59.486276515657686,2026-05-11 17h28.44.439398 +0200,
,,3,0,3,,,,,,,3,a20,zsiráf,giraffe,1,animal,mammal,6.6,12,23,60,None,"(0, 0)",None,,,,,,,,,,,,,,1,0,1,0,0,7,7,7,3,0,3,0,561.3811115000026,,,,,,,,,,,,,,,,,,,,,,,,,,,,,,,,,,,,,,,,,,,,,,,,,,,,,,,,,,,,,,,,,,,,,,,,,,,,,,,,,,,,,,,,,,,,,561.3687953000008,561.3811115000026,561.3811115000026,561.3811115000026,561.5653082000026,None,,,,,,,,,,,,,,,,,,,,,,,,,,,,,,,,P2887,Bar_MIC,3,1,2026-05-11_17h28.42.991,MIC_task,,2026.1.2,59.486276515657686,2026-05-11 17h28.44.439398 +0200,
,,4,0,4,,,,,,,3,a20,zsiráf,giraffe,1,animal,mammal,6.6,12,23,60,None,"(0, 0)",None,,,,,,,,,,,,,,1,0,1,0,0,7,7,7,4,0,4,0,561.5815627000011,,,,,,,,,,,,,,,,,,,,,,,,,,,,,,,,,,,,,,,,,,,,,,,,,,,,,,,,,,,,,,,,,,,,,,,,,,,,,,,,,,,,,,,,,,,,,561.5687184000017,561.5815627000011,561.5815627000011,561.5815627000011,561.7655903000013,None,,,,,,,,,,,,,,,,,,,,,,,,,,,,,,,,P2887,Bar_MIC,3,1,2026-05-11_17h28.42.991,MIC_task,,2026.1.2,59.486276515657686,2026-05-11 17h28.44.439398 +0200,
,,5,0,5,,,,,,,3,a20,zsiráf,giraffe,1,animal,mammal,6.6,12,23,60,None,"(0, 0)",None,,,,,,,,,,,,,,1,0,1,0,0,7,7,7,5,0,5,0,561.7812061000004,,,,,,,,,,,,,,,,,,,,,,,,,,,,,,,,,,,,,,,,,,,,,,,,,,,,,,,,,,,,,,,,,,,,,,,,,,,,,,,,,,,,,,,,,,,,,561.7691518000029,561.7812061000004,561.7812061000004,561.7812061000004,561.9662171000018,None,,,,,,,,,,,,,,,,,,,,,,,,,,,,,,,,P2887,Bar_MIC,3,1,2026-05-11_17h28.42.991,MIC_task,,2026.1.2,59.486276515657686,2026-05-11 17h28.44.439398 +0200,
,,6,0,6,,,,,,,3,a20,zsiráf,giraffe,1,animal,mammal,6.6,12,23,60,None,"(0, 0)",None,,,,,,,,,,,,,,1,0,1,0,0,7,7,7,6,0,6,0,561.9815799000025,,,,,,,,,,,,,,,,,,,,,,,,,,,,,,,,,,,,,,,,,,,,,,,,,,,,,,,,,,,,,,,,,,,,,,,,,,,,,,,,,,,,,,,,,,,,,561.9693815999999,561.9815799000025,561.9815799000025,561.9815799000025,562.1665829000012,None,,,,,,,,,,,,,,,,,,,,,,,,,,,,,,,,P2887,Bar_MIC,3,1,2026-05-11_17h28.42.991,MIC_task,,2026.1.2,59.486276515657686,2026-05-11 17h28.44.439398 +0200,
,,7,0,7,,,,,,,3,a20,zsiráf,giraffe,1,animal,mammal,6.6,12,23,60,None,"(0, 0)",None,,,,,,,,,,,,,,1,0,1,0,0,7,7,7,7,0,7,0,562.1820138000003,,,,,,,,,,,,,,,,,,,,,,,,,,,,,,,,,,,,,,,,,,,,,,,,,,,,,,,,,,,,,,,,,,,,,,,,,,,,,,,,,,,,,,,,,,,,,562.1698017000017,562.1820138000003,562.1820138000003,562.1820138000003,562.3668090000028,None,,,,,,,,,,,,,,,,,,,,,,,,,,,,,,,,P2887,Bar_MIC,3,1,2026-05-11_17h28.42.991,MIC_task,,2026.1.2,59.486276515657686,2026-05-11 17h28.44.439398 +0200,
,,8,0,8,,,,,,,3,a20,zsiráf,giraffe,1,animal,mammal,6.6,12,23,60,None,"(0, 0)",None,,,,,,,,,,,,,,1,0,1,0,0,7,7,7,8,0,8,0,562.3822790000013,,,,,,,,,,,,,,,,,,,,,,,,,,,,,,,,,,,,,,,,,,,,,,,,,,,,,,,,,,,,,,,,,,,,,,,,,,,,,,,,,,,,,,,,,,,,,562.3704622000005,562.3822790000013,562.3822790000013,562.3822790000013,562.5672993000007,None,,,,,,,,,,,,,,,,,,,,,,,,,,,,,,,,P2887,Bar_MIC,3,1,2026-05-11_17h28.42.991,MIC_task,,2026.1.2,59.486276515657686,2026-05-11 17h28.44.439398 +0200,
,,9,0,9,,,,,,,3,a20,zsiráf,giraffe,1,animal,mammal,6.6,12,23,60,None,"(0, 0)",None,,,,,,,,,,,,,,1,0,1,0,0,7,7,7,9,0,9,0,562.5826909000025,,,,,,,,,,,,,,,,,,,,,,,,,,,,,,,,,,,,,,,,,,,,,,,,,,,,,,,,,,,,,,,,,,,,,,,,,,,,,,,,,,,,,,,,,,,,,562.5708555000019,562.5826909000025,562.5826909000025,562.5826909000025,562.7665310000011,None,,,,,,,,,,,,,,,,,,,,,,,,,,,,,,,,P2887,Bar_MIC,3,1,2026-05-11_17h28.42.991,MIC_task,,2026.1.2,59.486276515657686,2026-05-11 17h28.44.439398 +0200,
,,10,0,10,,,,,,,3,a20,zsiráf,giraffe,1,animal,mammal,6.6,12,23,60,None,"(0, 0)",None,,,,,,,,,,,,,,1,0,1,0,0,7,7,7,10,0,10,0,562.7830693000033,,,,,,,,,,,,,,,,,,,,,,,,,,,,,,,,,,,,,,,,,,,,,,,,,,,,,,,,,,,,,,,,,,,,,,,,,,,,,,,,,,,,,,,,,,,,,562.7696754999997,562.7830693000033,562.7830693000033,562.7830693000033,562.9669367000024,None,,,,,,,,,,,,,,,,,,,,,,,,,,,,,,,,P2887,Bar_MIC,3,1,2026-05-11_17h28.42.991,MIC_task,,2026.1.2,59.486276515657686,2026-05-11 17h28.44.439398 +0200,
,,11,0,11,,,,,,,3,a20,zsiráf,giraffe,1,animal,mammal,6.6,12,23,60,None,"(0, 0)",None,,,,,,,,,,,,,,1,0,1,0,0,7,7,7,11,0,11,0,562.9834695000027,,,,,,,,,,,,,,,,,,,,,,,,,,,,,,,,,,,,,,,,,,,,,,,,,,,,,,,,,,,,,,,,,,,,,,,,,,,,,,,,,,,,,,,,,,,,,562.9703835,562.9834695000027,562.9834695000027,562.9834695000027,563.167291400001,None,,,,,,,,,,,,,,,,,,,,,,,,,,,,,,,,P2887,Bar_MIC,3,1,2026-05-11_17h28.42.991,MIC_task,,2026.1.2,59.486276515657686,2026-05-11 17h28.44.439398 +0200,
,,12,0,12,,,,,,,3,a20,zsiráf,giraffe,1,animal,mammal,6.6,12,23,60,None,"(0, 0)",None,,,,,,,,,,,,,,1,0,1,0,0,7,7,7,12,0,12,0,563.1838717999999,,,,,,,,,,,,,,,,,,,,,,,,,,,,,,,,,,,,,,,,,,,,,,,,,,,,,,,,,,,,,,,,,,,,,,,,,,,,,,,,,,,,,,,,,,,,,563.1709225000013,563.1838717999999,563.1838717999999,563.1838717999999,563.367837400001,None,,,,,,,,,,,,,,,,,,,,,,,,,,,,,,,,P2887,Bar_MIC,3,1,2026-05-11_17h28.42.991,MIC_task,,2026.1.2,59.486276515657686,2026-05-11 17h28.44.439398 +0200,
,,13,0,13,,,,,,,3,a20,zsiráf,giraffe,1,animal,mammal,6.6,12,23,60,None,"(0, 0)",None,,,,,,,,,,,,,,1,0,1,0,0,7,7,7,13,0,13,0,563.3841446000006,,,,,,,,,,,,,,,,,,,,,,,,,,,,,,,,,,,,,,,,,,,,,,,,,,,,,,,,,,,,,,,,,,,,,,,,,,,,,,,,,,,,,,,,,,,,,563.3712506000011,563.3841446000006,563.3841446000006,563.3841446000006,563.5684402000006,None,,,,,,,,,,,,,,,,,,,,,,,,,,,,,,,,P2887,Bar_MIC,3,1,2026-05-11_17h28.42.991,MIC_task,,2026.1.2,59.486276515657686,2026-05-11 17h28.44.439398 +0200,
,,14,0,14,,,,,,,3,a20,zsiráf,giraffe,1,animal,mammal,6.6,12,23,60,None,"(0, 0)",None,,,,,,,,,,,,,,1,0,1,0,0,7,7,7,14,0,14,0,563.5844823000007,,,,,,,,,,,,,,,,,,,,,,,,,,,,,,,,,,,,,,,,,,,,,,,,,,,,,,,,,,,,,,,,,,,,,,,,,,,,,,,,,,,,,,,,,,,,,563.5717617000009,563.5844823000007,563.5844823000007,563.5844823000007,563.7688758000004,None,,,,,,,,,,,,,,,,,,,,,,,,,,,,,,,,P2887,Bar_MIC,3,1,2026-05-11_17h28.42.991,MIC_task,,2026.1.2,59.486276515657686,2026-05-11 17h28.44.439398 +0200,
,,15,0,15,,,,,,,3,a20,zsiráf,giraffe,1,animal,mammal,6.6,12,23,60,None,"(0, 0)",None,,,,,,,,,,,,,,1,0,1,0,0,7,7,7,15,0,15,0,563.7849034999999,,,,,,,,,,,,,,,,,,,,,,,,,,,,,,,,,,,,,,,,,,,,,,,,,,,,,,,,,,,,,,,,,,,,,,,,,,,,,,,,,,,,,,,,,,,,,563.7720606000003,563.7849034999999,563.7849034999999,563.7849034999999,563.9686110000002,None,,,,,,,,,,,,,,,,,,,,,,,,,,,,,,,,P2887,Bar_MIC,3,1,2026-05-11_17h28.42.991,MIC_task,,2026.1.2,59.486276515657686,2026-05-11 17h28.44.439398 +0200,
,,16,0,16,,,,,,,3,a20,zsiráf,giraffe,1,animal,mammal,6.6,12,23,60,None,"(0, 0)",None,,,,,,,,,,,,,,1,0,1,0,0,7,7,7,16,0,16,0,563.9852688999999,,,,,,,,,,,,,,,,,,,,,,,,,,,,,,,,,,,,,,,,,,,,,,,,,,,,,,,,,,,,,,,,,,,,,,,,,,,,,,,,,,,,,,,,,,,,,563.9723741000016,563.9852688999999,563.9852688999999,563.9852688999999,564.1693058000019,None,,,,,,,,,,,,,,,,,,,,,,,,,,,,,,,,P2887,Bar_MIC,3,1,2026-05-11_17h28.42.991,MIC_task,,2026.1.2,59.486276515657686,2026-05-11 17h28.44.439398 +0200,
,,17,0,17,,,,,,,3,a20,zsiráf,giraffe,1,animal,mammal,6.6,12,23,60,None,"(0, 0)",None,,,,,,,,,,,,,,1,0,1,0,0,7,7,7,17,0,17,0,564.1849260000017,,,,,,,,,,,,,,,,,,,,,,,,,,,,,,,,,,,,,,,,,,,,,,,,,,,,,,,,,,,,,,,,,,,,,,,,,,,,,,,,,,,,,,,,,,,,,564.1725015000011,564.1849260000017,564.1849260000017,564.1849260000017,564.3699340000021,None,,,,,,,,,,,,,,,,,,,,,,,,,,,,,,,,P2887,Bar_MIC,3,1,2026-05-11_17h28.42.991,MIC_task,,2026.1.2,59.486276515657686,2026-05-11 17h28.44.439398 +0200,
,,18,0,18,,,,,,,3,a20,zsiráf,giraffe,1,animal,mammal,6.6,12,23,60,None,"(0, 0)",space,0.06324590000076569,None,,,,,,,,,,,,1,0,1,0,0,7,7,7,18,0,18,0,564.3853557000002,,,,,,,,,,,,,,,,,,,,,,,,,,,,,,,,,,,,,,,,,,,,,,,,,,,,,,,,,,,,,,,,,,,,,,,,,,,,,,,,,,,,,,,,,,,,,564.3730707000032,564.3853557000002,564.3853557000002,564.3853557000002,564.453415400003,space,0.06324590000076569,None,,,,,,,,,,,,,,,,,,,,,,,,,,,,,,P2887,Bar_MIC,3,1,2026-05-11_17h28.42.991,MIC_task,,2026.1.2,59.486276515657686,2026-05-11 17h28.44.439398 +0200,
,,7,7,0,,,,space,0.314103000000614,None,3,a20,zsiráf,giraffe,1,animal,mammal,6.6,12,23,60,None,"(0, 0)",,,,,,,,,,,,,,,1,0,1,0,0,7,7,7,,,,,,,,,,,,,,,,,,,,,,,,,,,,,,,,,,,,,,,,,,,,,,,,,,,,,,,,,,,,,,,,,,,,,,,,,,,,,,,,,564.5170601999998,564.5223336000017,564.5192187666698,566.4554050000006,,,,,,568.4596729000004,568.4750205000018,568.4750205000018,568.7929177000005,,,,,,,,,,,,,566.4806951999999,566.4858987000007,566.4886189333342,568.3754496000001,568.4596256000004,space,0.314103000000614,None,,,,,,,,,,,,,,,,,,,,,,P2887,Bar_MIC,3,1,2026-05-11_17h28.42.991,MIC_task,,2026.1.2,59.486276515657686,2026-05-11 17h28.44.439398 +0200,
,,0,0,0,,,,,,,3,ty16,mágnes,magnet,9,toys,gadget,5.6,6,None,73,None,"(0.1, 0.1)",None,,,,,,,,,,,,,,1,0,1,0,0,8,8,8,0,0,0,0,568.8087857000028,,,,,,,,,,,,,,,,,,,,,,,,,,,,,,,,,,,,,,,,,,,,,,,,,,,,,,,,,,,,,,,,,,,,,,,,,,,,,,,,,,,,,,,,,,,,,568.795825600002,568.8087857000028,568.8087857000028,568.8087857000028,568.9936499000032,None,,,,,,,,,,,,,,,,,,,,,,,,,,,,,,,,P2887,Bar_MIC,3,1,2026-05-11_17h28.42.991,MIC_task,,2026.1.2,59.486276515657686,2026-05-11 17h28.44.439398 +0200,
,,0,0,0,,,,,,,3,ty16,mágnes,magnet,9,toys,gadget,5.6,6,None,73,None,"(0.1, 0.1)",None,,,,,,,,,,,,,,1,0,1,0,0,8,8,8,0,0,0,0,569.0091323000015,,,,,,,,,,,,,,,,,,,,,,,,,,,,,,,,,,,,,,,,,,,,,,,,,,,,,,,,,,,,,,,,,,,,,,,,,,,,,,,,,,,,,,,,,,,,,568.9969157000014,569.0091323000015,569.0091323000015,569.0091323000015,569.1933448000018,None,,,,,,,,,,,569.2095175000031,569.2095175000031,569.2095175000031,,,,,,,,,,,,,,,,,,,P2887,Bar_MIC,3,1,2026-05-11_17h28.42.991,MIC_task,,2026.1.2,59.486276515657686,2026-05-11 17h28.44.439398 +0200,
,,1,0,1,,,,,,,3,ty16,mágnes,magnet,9,toys,gadget,5.6,6,None,73,None,"(0.1, 0.1)",None,,,,,,,,,,,,,,1,0,1,0,0,8,8,8,1,0,1,0,569.2095175000031,,,,,,,,,,,,,,,,,,,,,,,,,,,,,,,,,,,,,,,,,,,,,,,,,,,,,,,,,,,,,,,,,,,,,,,,,,,,,,,,,,,,,,,,,,,,,569.196186600002,569.2095175000031,569.2095175000031,569.2095175000031,569.3932395000011,None,,,,,,,,,,,,,,,,,,,,,,,,,,,,,,,,P2887,Bar_MIC,3,1,2026-05-11_17h28.42.991,MIC_task,,2026.1.2,59.486276515657686,2026-05-11 17h28.44.439398 +0200,
,,2,0,2,,,,,,,3,ty16,mágnes,magnet,9,toys,gadget,5.6,6,None,73,None,"(0.1, 0.1)",None,,,,,,,,,,,,,,1,0,1,0,0,8,8,8,2,0,2,0,569.4098663000004,,,,,,,,,,,,,,,,,,,,,,,,,,,,,,,,,,,,,,,,,,,,,,,,,,,,,,,,,,,,,,,,,,,,,,,,,,,,,,,,,,,,,,,,,,,,,569.3967537000026,569.4098663000004,569.4098663000004,569.4098663000004,569.5937614000031,None,,,,,,,,,,,,,,,,,,,,,,,,,,,,,,,,P2887,Bar_MIC,3,1,2026-05-11_17h28.42.991,MIC_task,,2026.1.2,59.486276515657686,2026-05-11 17h28.44.439398 +0200,
,,3,0,3,,,,,,,3,ty16,mágnes,magnet,9,toys,gadget,5.6,6,None,73,None,"(0.1, 0.1)",None,,,,,,,,,,,,,,1,0,1,0,0,8,8,8,3,0,3,0,569.6102287000031,,,,,,,,,,,,,,,,,,,,,,,,,,,,,,,,,,,,,,,,,,,,,,,,,,,,,,,,,,,,,,,,,,,,,,,,,,,,,,,,,,,,,,,,,,,,,569.5966877999999,569.6102287000031,569.6102287000031,569.6102287000031,569.7941267000024,None,,,,,,,,,,,,,,,,,,,,,,,,,,,,,,,,P2887,Bar_MIC,3,1,2026-05-11_17h28.42.991,MIC_task,,2026.1.2,59.486276515657686,2026-05-11 17h28.44.439398 +0200,
,,4,0,4,,,,,,,3,ty16,mágnes,magnet,9,toys,gadget,5.6,6,None,73,None,"(0.1, 0.1)",None,,,,,,,,,,,,,,1,0,1,0,0,8,8,8,4,0,4,0,569.8104931000016,,,,,,,,,,,,,,,,,,,,,,,,,,,,,,,,,,,,,,,,,,,,,,,,,,,,,,,,,,,,,,,,,,,,,,,,,,,,,,,,,,,,,,,,,,,,,569.7975413000022,569.8104931000016,569.8104931000016,569.8104931000016,569.9946116000028,None,,,,,,,,,,,,,,,,,,,,,,,,,,,,,,,,P2887,Bar_MIC,3,1,2026-05-11_17h28.42.991,MIC_task,,2026.1.2,59.486276515657686,2026-05-11 17h28.44.439398 +0200,
,,5,0,5,,,,,,,3,ty16,mágnes,magnet,9,toys,gadget,5.6,6,None,73,None,"(0.1, 0.1)",None,,,,,,,,,,,,,,1,0,1,0,0,8,8,8,5,0,5,0,570.0109563000005,,,,,,,,,,,,,,,,,,,,,,,,,,,,,,,,,,,,,,,,,,,,,,,,,,,,,,,,,,,,,,,,,,,,,,,,,,,,,,,,,,,,,,,,,,,,,569.9977646000007,570.0109563000005,570.0109563000005,570.0109563000005,570.195130600001,None,,,,,,,,,,,,,,,,,,,,,,,,,,,,,,,,P2887,Bar_MIC,3,1,2026-05-11_17h28.42.991,MIC_task,,2026.1.2,59.486276515657686,2026-05-11 17h28.44.439398 +0200,
,,6,0,6,,,,,,,3,ty16,mágnes,magnet,9,toys,gadget,5.6,6,None,73,None,"(0.1, 0.1)",None,,,,,,,,,,,,,,1,0,1,0,0,8,8,8,6,0,6,0,570.2113417,,,,,,,,,,,,,,,,,,,,,,,,,,,,,,,,,,,,,,,,,,,,,,,,,,,,,,,,,,,,,,,,,,,,,,,,,,,,,,,,,,,,,,,,,,,,,570.1984491000003,570.2113417,570.2113417,570.2113417,570.3953853000021,None,,,,,,,,,,,,,,,,,,,,,,,,,,,,,,,,P2887,Bar_MIC,3,1,2026-05-11_17h28.42.991,MIC_task,,2026.1.2,59.486276515657686,2026-05-11 17h28.44.439398 +0200,
,,7,0,7,,,,,,,3,ty16,mágnes,magnet,9,toys,gadget,5.6,6,None,73,None,"(0.1, 0.1)",None,,,,,,,,,,,,,,1,0,1,0,0,8,8,8,7,0,7,0,570.4109766000001,,,,,,,,,,,,,,,,,,,,,,,,,,,,,,,,,,,,,,,,,,,,,,,,,,,,,,,,,,,,,,,,,,,,,,,,,,,,,,,,,,,,,,,,,,,,,570.3988418000008,570.4109766000001,570.4109766000001,570.4109766000001,570.596012500002,None,,,,,,,,,,,,,,,,,,,,,,,,,,,,,,,,P2887,Bar_MIC,3,1,2026-05-11_17h28.42.991,MIC_task,,2026.1.2,59.486276515657686,2026-05-11 17h28.44.439398 +0200,
,,8,0,8,,,,,,,3,ty16,mágnes,magnet,9,toys,gadget,5.6,6,None,73,None,"(0.1, 0.1)",None,,,,,,,,,,,,,,1,0,1,0,0,8,8,8,8,0,8,0,570.6120880000017,,,,,,,,,,,,,,,,,,,,,,,,,,,,,,,,,,,,,,,,,,,,,,,,,,,,,,,,,,,,,,,,,,,,,,,,,,,,,,,,,,,,,,,,,,,,,570.5990622000027,570.6120880000017,570.6120880000017,570.6120880000017,570.7962063000014,None,,,,,,,,,,,,,,,,,,,,,,,,,,,,,,,,P2887,Bar_MIC,3,1,2026-05-11_17h28.42.991,MIC_task,,2026.1.2,59.486276515657686,2026-05-11 17h28.44.439398 +0200,
,,9,0,9,,,,,,,3,ty16,mágnes,magnet,9,toys,gadget,5.6,6,None,73,None,"(0.1, 0.1)",None,,,,,,,,,,,,,,1,0,1,0,0,8,8,8,9,0,9,0,570.8116775000017,,,,,,,,,,,,,,,,,,,,,,,,,,,,,,,,,,,,,,,,,,,,,,,,,,,,,,,,,,,,,,,,,,,,,,,,,,,,,,,,,,,,,,,,,,,,,570.7994462000024,570.8116775000017,570.8116775000017,570.8116775000017,570.9966510000013,None,,,,,,,,,,,,,,,,,,,,,,,,,,,,,,,,P2887,Bar_MIC,3,1,2026-05-11_17h28.42.991,MIC_task,,2026.1.2,59.486276515657686,2026-05-11 17h28.44.439398 +0200,
,,10,0,10,,,,,,,3,ty16,mágnes,magnet,9,toys,gadget,5.6,6,None,73,None,"(0.1, 0.1)",None,,,,,,,,,,,,,,1,0,1,0,0,8,8,8,10,0,10,0,571.0120494000003,,,,,,,,,,,,,,,,,,,,,,,,,,,,,,,,,,,,,,,,,,,,,,,,,,,,,,,,,,,,,,,,,,,,,,,,,,,,,,,,,,,,,,,,,,,,,571.0000228999997,571.0120494000003,571.0120494000003,571.0120494000003,571.1971404000033,None,,,,,,,,,,,,,,,,,,,,,,,,,,,,,,,,P2887,Bar_MIC,3,1,2026-05-11_17h28.42.991,MIC_task,,2026.1.2,59.486276515657686,2026-05-11 17h28.44.439398 +0200,
,,11,0,11,,,,,,,3,ty16,mágnes,magnet,9,toys,gadget,5.6,6,None,73,None,"(0.1, 0.1)",None,,,,,,,,,,,,,,1,0,1,0,0,8,8,8,11,0,11,0,571.2124610999999,,,,,,,,,,,,,,,,,,,,,,,,,,,,,,,,,,,,,,,,,,,,,,,,,,,,,,,,,,,,,,,,,,,,,,,,,,,,,,,,,,,,,,,,,,,,,571.200522500003,571.2124610999999,571.2124610999999,571.2124610999999,571.3974157000011,None,,,,,,,,,,,,,,,,,,,,,,,,,,,,,,,,P2887,Bar_MIC,3,1,2026-05-11_17h28.42.991,MIC_task,,2026.1.2,59.486276515657686,2026-05-11 17h28.44.439398 +0200,
,,12,0,12,,,,,,,3,ty16,mágnes,magnet,9,toys,gadget,5.6,6,None,73,None,"(0.1, 0.1)",None,,,,,,,,,,,,,,1,0,1,0,0,8,8,8,12,0,12,0,571.4128386000011,,,,,,,,,,,,,,,,,,,,,,,,,,,,,,,,,,,,,,,,,,,,,,,,,,,,,,,,,,,,,,,,,,,,,,,,,,,,,,,,,,,,,,,,,,,,,571.4008807000027,571.4128386000011,571.4128386000011,571.4128386000011,571.5966503000018,None,,,,,,,,,,,,,,,,,,,,,,,,,,,,,,,,P2887,Bar_MIC,3,1,2026-05-11_17h28.42.991,MIC_task,,2026.1.2,59.486276515657686,2026-05-11 17h28.44.439398 +0200,
,,13,0,13,,,,,,,3,ty16,mágnes,magnet,9,toys,gadget,5.6,6,None,73,None,"(0.1, 0.1)",None,,,,,,,,,,,,,,1,0,1,0,0,8,8,8,13,0,13,0,571.613285200001,,,,,,,,,,,,,,,,,,,,,,,,,,,,,,,,,,,,,,,,,,,,,,,,,,,,,,,,,,,,,,,,,,,,,,,,,,,,,,,,,,,,,,,,,,,,,571.5998903,571.613285200001,571.613285200001,571.613285200001,571.7972009000005,None,,,,,,,,,,,,,,,,,,,,,,,,,,,,,,,,P2887,Bar_MIC,3,1,2026-05-11_17h28.42.991,MIC_task,,2026.1.2,59.486276515657686,2026-05-11 17h28.44.439398 +0200,
,,14,0,14,,,,,,,3,ty16,mágnes,magnet,9,toys,gadget,5.6,6,None,73,None,"(0.1, 0.1)",None,,,,,,,,,,,,,,1,0,1,0,0,8,8,8,14,0,14,0,571.8136120000017,,,,,,,,,,,,,,,,,,,,,,,,,,,,,,,,,,,,,,,,,,,,,,,,,,,,,,,,,,,,,,,,,,,,,,,,,,,,,,,,,,,,,,,,,,,,,571.8006833,571.8136120000017,571.8136120000017,571.8136120000017,571.9976539000018,None,,,,,,,,,,,,,,,,,,,,,,,,,,,,,,,,P2887,Bar_MIC,3,1,2026-05-11_17h28.42.991,MIC_task,,2026.1.2,59.486276515657686,2026-05-11 17h28.44.439398 +0200,
,,15,0,15,,,,,,,3,ty16,mágnes,magnet,9,toys,gadget,5.6,6,None,73,None,"(0.1, 0.1)",None,,,,,,,,,,,,,,1,0,1,0,0,8,8,8,15,0,15,0,572.014046100001,,,,,,,,,,,,,,,,,,,,,,,,,,,,,,,,,,,,,,,,,,,,,,,,,,,,,,,,,,,,,,,,,,,,,,,,,,,,,,,,,,,,,,,,,,,,,572.000875400001,572.014046100001,572.014046100001,572.014046100001,572.1979099000018,None,,,,,,,,,,,,,,,,,,,,,,,,,,,,,,,,P2887,Bar_MIC,3,1,2026-05-11_17h28.42.991,MIC_task,,2026.1.2,59.486276515657686,2026-05-11 17h28.44.439398 +0200,
,,16,0,16,,,,,,,3,ty16,mágnes,magnet,9,toys,gadget,5.6,6,None,73,None,"(0.1, 0.1)",None,,,,,,,,,,,,,,1,0,1,0,0,8,8,8,16,0,16,0,572.2142858000007,,,,,,,,,,,,,,,,,,,,,,,,,,,,,,,,,,,,,,,,,,,,,,,,,,,,,,,,,,,,,,,,,,,,,,,,,,,,,,,,,,,,,,,,,,,,,572.2011703000026,572.2142858000007,572.2142858000007,572.2142858000007,572.3983528999997,None,,,,,,,,,,,,,,,,,,,,,,,,,,,,,,,,P2887,Bar_MIC,3,1,2026-05-11_17h28.42.991,MIC_task,,2026.1.2,59.486276515657686,2026-05-11 17h28.44.439398 +0200,
,,17,0,17,,,,,,,3,ty16,mágnes,magnet,9,toys,gadget,5.6,6,None,73,None,"(0.1, 0.1)",None,,,,,,,,,,,,,,1,0,1,0,0,8,8,8,17,0,17,0,572.4145495000012,,,,,,,,,,,,,,,,,,,,,,,,,,,,,,,,,,,,,,,,,,,,,,,,,,,,,,,,,,,,,,,,,,,,,,,,,,,,,,,,,,,,,,,,,,,,,572.4014096000028,572.4145495000012,572.4145495000012,572.4145495000012,572.5990517999999,None,,,,,,,,,,,,,,,,,,,,,,,,,,,,,,,,P2887,Bar_MIC,3,1,2026-05-11_17h28.42.991,MIC_task,,2026.1.2,59.486276515657686,2026-05-11 17h28.44.439398 +0200,
,,18,0,18,,,,,,,3,ty16,mágnes,magnet,9,toys,gadget,5.6,6,None,73,None,"(0.1, 0.1)",None,,,,,,,,,,,,,,1,0,1,0,0,8,8,8,18,0,18,0,572.6150323000002,,,,,,,,,,,,,,,,,,,,,,,,,,,,,,,,,,,,,,,,,,,,,,,,,,,,,,,,,,,,,,,,,,,,,,,,,,,,,,,,,,,,,,,,,,,,,572.6021505999997,572.6150323000002,572.6150323000002,572.6150323000002,572.7992191000012,None,,,,,,,,,,,,,,,,,,,,,,,,,,,,,,,,P2887,Bar_MIC,3,1,2026-05-11_17h28.42.991,MIC_task,,2026.1.2,59.486276515657686,2026-05-11 17h28.44.439398 +0200,
,,19,0,19,,,,,,,3,ty16,mágnes,magnet,9,toys,gadget,5.6,6,None,73,None,"(0.1, 0.1)",None,,,,,,,,,,,,,,1,0,1,0,0,8,8,8,19,0,19,0,572.8153963000004,,,,,,,,,,,,,,,,,,,,,,,,,,,,,,,,,,,,,,,,,,,,,,,,,,,,,,,,,,,,,,,,,,,,,,,,,,,,,,,,,,,,,,,,,,,,,572.802149500003,572.8153963000004,572.8153963000004,572.8153963000004,572.9995536000024,None,,,,,,,,,,,,,,,,,,,,,,,,,,,,,,,,P2887,Bar_MIC,3,1,2026-05-11_17h28.42.991,MIC_task,,2026.1.2,59.486276515657686,2026-05-11 17h28.44.439398 +0200,
,,20,0,20,,,,,,,3,ty16,mágnes,magnet,9,toys,gadget,5.6,6,None,73,None,"(0.1, 0.1)",None,,,,,,,,,,,,,,1,0,1,0,0,8,8,8,20,0,20,0,573.015047500001,,,,,,,,,,,,,,,,,,,,,,,,,,,,,,,,,,,,,,,,,,,,,,,,,,,,,,,,,,,,,,,,,,,,,,,,,,,,,,,,,,,,,,,,,,,,,573.0025619000007,573.015047500001,573.015047500001,573.015047500001,573.1991340000022,None,,,,,,,,,,,,,,,,,,,,,,,,,,,,,,,,P2887,Bar_MIC,3,1,2026-05-11_17h28.42.991,MIC_task,,2026.1.2,59.486276515657686,2026-05-11 17h28.44.439398 +0200,
,,21,0,21,,,,,,,3,ty16,mágnes,magnet,9,toys,gadget,5.6,6,None,73,None,"(0.1, 0.1)",None,,,,,,,,,,,,,,1,0,1,0,0,8,8,8,21,0,21,0,573.2155197000029,,,,,,,,,,,,,,,,,,,,,,,,,,,,,,,,,,,,,,,,,,,,,,,,,,,,,,,,,,,,,,,,,,,,,,,,,,,,,,,,,,,,,,,,,,,,,573.2022631,573.2155197000029,573.2155197000029,573.2155197000029,573.4004263000024,None,,,,,,,,,,,,,,,,,,,,,,,,,,,,,,,,P2887,Bar_MIC,3,1,2026-05-11_17h28.42.991,MIC_task,,2026.1.2,59.486276515657686,2026-05-11 17h28.44.439398 +0200,
,,22,0,22,,,,,,,3,ty16,mágnes,magnet,9,toys,gadget,5.6,6,None,73,None,"(0.1, 0.1)",None,,,,,,,,,,,,,,1,0,1,0,0,8,8,8,22,0,22,0,573.4158529000015,,,,,,,,,,,,,,,,,,,,,,,,,,,,,,,,,,,,,,,,,,,,,,,,,,,,,,,,,,,,,,,,,,,,,,,,,,,,,,,,,,,,,,,,,,,,,573.4033775999997,573.4158529000015,573.4158529000015,573.4158529000015,573.5995533000023,None,,,,,,,,,,,,,,,,,,,,,,,,,,,,,,,,P2887,Bar_MIC,3,1,2026-05-11_17h28.42.991,MIC_task,,2026.1.2,59.486276515657686,2026-05-11 17h28.44.439398 +0200,
,,23,0,23,,,,,,,3,ty16,mágnes,magnet,9,toys,gadget,5.6,6,None,73,None,"(0.1, 0.1)",None,,,,,,,,,,,,,,1,0,1,0,0,8,8,8,23,0,23,0,573.6162283000012,,,,,,,,,,,,,,,,,,,,,,,,,,,,,,,,,,,,,,,,,,,,,,,,,,,,,,,,,,,,,,,,,,,,,,,,,,,,,,,,,,,,,,,,,,,,,573.602469100002,573.6162283000012,573.6162283000012,573.6162283000012,573.8000017000013,None,,,,,,,,,,,,,,,,,,,,,,,,,,,,,,,,P2887,Bar_MIC,3,1,2026-05-11_17h28.42.991,MIC_task,,2026.1.2,59.486276515657686,2026-05-11 17h28.44.439398 +0200,
,,24,0,24,,,,,,,3,ty16,mágnes,magnet,9,toys,gadget,5.6,6,None,73,None,"(0.1, 0.1)",None,,,,,,,,,,,,,,1,0,1,0,0,8,8,8,24,0,24,0,573.8166328000007,,,,,,,,,,,,,,,,,,,,,,,,,,,,,,,,,,,,,,,,,,,,,,,,,,,,,,,,,,,,,,,,,,,,,,,,,,,,,,,,,,,,,,,,,,,,,573.8028835000005,573.8166328000007,573.8166328000007,573.8166328000007,574.0005608000029,None,,,,,,,,,,,,,,,,,,,,,,,,,,,,,,,,P2887,Bar_MIC,3,1,2026-05-11_17h28.42.991,MIC_task,,2026.1.2,59.486276515657686,2026-05-11 17h28.44.439398 +0200,
,,25,0,25,,,,,,,3,ty16,mágnes,magnet,9,toys,gadget,5.6,6,None,73,None,"(0.1, 0.1)",None,,,,,,,,,,,,,,1,0,1,0,0,8,8,8,25,0,25,0,574.0169889000026,,,,,,,,,,,,,,,,,,,,,,,,,,,,,,,,,,,,,,,,,,,,,,,,,,,,,,,,,,,,,,,,,,,,,,,,,,,,,,,,,,,,,,,,,,,,,574.0034871000025,574.0169889000026,574.0169889000026,574.0169889000026,574.200786100002,None,,,,,,,,,,,,,,,,,,,,,,,,,,,,,,,,P2887,Bar_MIC,3,1,2026-05-11_17h28.42.991,MIC_task,,2026.1.2,59.486276515657686,2026-05-11 17h28.44.439398 +0200,
,,26,0,26,,,,,,,3,ty16,mágnes,magnet,9,toys,gadget,5.6,6,None,73,None,"(0.1, 0.1)",None,,,,,,,,,,,,,,1,0,1,0,0,8,8,8,26,0,26,0,574.2172410000021,,,,,,,,,,,,,,,,,,,,,,,,,,,,,,,,,,,,,,,,,,,,,,,,,,,,,,,,,,,,,,,,,,,,,,,,,,,,,,,,,,,,,,,,,,,,,574.2039323000026,574.2172410000021,574.2172410000021,574.2172410000021,574.4014349000026,None,,,,,,,,,,,,,,,,,,,,,,,,,,,,,,,,P2887,Bar_MIC,3,1,2026-05-11_17h28.42.991,MIC_task,,2026.1.2,59.486276515657686,2026-05-11 17h28.44.439398 +0200,
,,27,0,27,,,,,,,3,ty16,mágnes,magnet,9,toys,gadget,5.6,6,None,73,None,"(0.1, 0.1)",space,0.06767770000078599,None,,,,,,,,,,,,1,0,1,0,0,8,8,8,27,0,27,0,574.417619900003,,,,,,,,,,,,,,,,,,,,,,,,,,,,,,,,,,,,,,,,,,,,,,,,,,,,,,,,,,,,,,,,,,,,,,,,,,,,,,,,,,,,,,,,,,,,,574.4043891000001,574.417619900003,574.417619900003,574.417619900003,574.4863048000007,space,0.06767770000078599,None,,,,,,,,,,,,,,,,,,,,,,,,,,,,,,P2887,Bar_MIC,3,1,2026-05-11_17h28.42.991,MIC_task,,2026.1.2,59.486276515657686,2026-05-11 17h28.44.439398 +0200,
,,8,8,0,,,,space,0.82563189999928,None,3,ty16,mágnes,magnet,9,toys,gadget,5.6,6,None,73,None,"(0.1, 0.1)",,,,,,,,,,,,,,,1,0,1,0,0,8,8,8,,,,,,,,,,,,,,,,,,,,,,,,,,,,,,,,,,,,,,,,,,,,,,,,,,,,,,,,,,,,,,,,,,,,,,,,,,,,,,,,,574.5493274,574.5548565000026,574.5518020666686,576.4877602000015,,,,,,578.4913403999999,578.5073948000027,578.5073948000027,579.342566700001,,,,,,,,,,,,,576.511932100002,576.5173407000002,576.5209855333346,578.407192300001,578.4912938000016,space,0.82563189999928,None,,,,,,,,,,,,,,,,,,,,,,P2887,Bar_MIC,3,1,2026-05-11_17h28.42.991,MIC_task,,2026.1.2,59.486276515657686,2026-05-11 17h28.44.439398 +0200,
,,0,0,0,,,,,,,3,l05,medence,pool,5,location,facilities,6.6,145,None,61,None,"(-0.1, 0.1)",None,,,,,,,,,,,,,,1,0,1,0,0,9,9,9,0,0,0,0,579.3584721000007,,,,,,,,,,,,,,,,,,,,,,,,,,,,,,,,,,,,,,,,,,,,,,,,,,,,,,,,,,,,,,,,,,,,,,,,,,,,,,,,,,,,,,,,,,,,,579.3458991000007,579.3584721000007,579.3584721000007,579.3584721000007,579.5428154000001,None,,,,,,,,,,,579.5588664000024,579.5588664000024,579.5588664000024,,,,,,,,,,,,,,,,,,,P2887,Bar_MIC,3,1,2026-05-11_17h28.42.991,MIC_task,,2026.1.2,59.486276515657686,2026-05-11 17h28.44.439398 +0200,
,,0,0,0,,,,,,,3,l05,medence,pool,5,location,facilities,6.6,145,None,61,None,"(-0.1, 0.1)",None,,,,,,,,,,,,,,1,0,1,0,0,9,9,9,0,0,0,0,579.5588664000024,,,,,,,,,,,,,,,,,,,,,,,,,,,,,,,,,,,,,,,,,,,,,,,,,,,,,,,,,,,,,,,,,,,,,,,,,,,,,,,,,,,,,,,,,,,,,579.5464329000024,579.5588664000024,579.5588664000024,579.5588664000024,579.7427869000021,None,,,,,,,,,,,,,,,,,,,,,,,,,,,,,,,,P2887,Bar_MIC,3,1,2026-05-11_17h28.42.991,MIC_task,,2026.1.2,59.486276515657686,2026-05-11 17h28.44.439398 +0200,
,,1,0,1,,,,,,,3,l05,medence,pool,5,location,facilities,6.6,145,None,61,None,"(-0.1, 0.1)",None,,,,,,,,,,,,,,1,0,1,0,0,9,9,9,1,0,1,0,579.759179800003,,,,,,,,,,,,,,,,,,,,,,,,,,,,,,,,,,,,,,,,,,,,,,,,,,,,,,,,,,,,,,,,,,,,,,,,,,,,,,,,,,,,,,,,,,,,,579.7459435000019,579.759179800003,579.759179800003,579.759179800003,579.9428118000033,None,,,,,,,,,,,,,,,,,,,,,,,,,,,,,,,,P2887,Bar_MIC,3,1,2026-05-11_17h28.42.991,MIC_task,,2026.1.2,59.486276515657686,2026-05-11 17h28.44.439398 +0200,
,,2,0,2,,,,,,,3,l05,medence,pool,5,location,facilities,6.6,145,None,61,None,"(-0.1, 0.1)",None,,,,,,,,,,,,,,1,0,1,0,0,9,9,9,2,0,2,0,579.9594032000023,,,,,,,,,,,,,,,,,,,,,,,,,,,,,,,,,,,,,,,,,,,,,,,,,,,,,,,,,,,,,,,,,,,,,,,,,,,,,,,,,,,,,,,,,,,,,579.9465032000007,579.9594032000023,579.9594032000023,579.9594032000023,580.1438610000005,None,,,,,,,,,,,,,,,,,,,,,,,,,,,,,,,,P2887,Bar_MIC,3,1,2026-05-11_17h28.42.991,MIC_task,,2026.1.2,59.486276515657686,2026-05-11 17h28.44.439398 +0200,
,,3,0,3,,,,,,,3,l05,medence,pool,5,location,facilities,6.6,145,None,61,None,"(-0.1, 0.1)",None,,,,,,,,,,,,,,1,0,1,0,0,9,9,9,3,0,3,0,580.1599112000004,,,,,,,,,,,,,,,,,,,,,,,,,,,,,,,,,,,,,,,,,,,,,,,,,,,,,,,,,,,,,,,,,,,,,,,,,,,,,,,,,,,,,,,,,,,,,580.1468630000018,580.1599112000004,580.1599112000004,580.1599112000004,580.3439537000013,None,,,,,,,,,,,,,,,,,,,,,,,,,,,,,,,,P2887,Bar_MIC,3,1,2026-05-11_17h28.42.991,MIC_task,,2026.1.2,59.486276515657686,2026-05-11 17h28.44.439398 +0200,
,,4,0,4,,,,,,,3,l05,medence,pool,5,location,facilities,6.6,145,None,61,None,"(-0.1, 0.1)",None,,,,,,,,,,,,,,1,0,1,0,0,9,9,9,4,0,4,0,580.3602678000025,,,,,,,,,,,,,,,,,,,,,,,,,,,,,,,,,,,,,,,,,,,,,,,,,,,,,,,,,,,,,,,,,,,,,,,,,,,,,,,,,,,,,,,,,,,,,580.3475806000024,580.3602678000025,580.3602678000025,580.3602678000025,580.5445940999998,None,,,,,,,,,,,,,,,,,,,,,,,,,,,,,,,,P2887,Bar_MIC,3,1,2026-05-11_17h28.42.991,MIC_task,,2026.1.2,59.486276515657686,2026-05-11 17h28.44.439398 +0200,
,,5,0,5,,,,,,,3,l05,medence,pool,5,location,facilities,6.6,145,None,61,None,"(-0.1, 0.1)",None,,,,,,,,,,,,,,1,0,1,0,0,9,9,9,5,0,5,0,580.5599429000031,,,,,,,,,,,,,,,,,,,,,,,,,,,,,,,,,,,,,,,,,,,,,,,,,,,,,,,,,,,,,,,,,,,,,,,,,,,,,,,,,,,,,,,,,,,,,580.547659900003,580.5599429000031,580.5599429000031,580.5599429000031,580.7454933000008,None,,,,,,,,,,,,,,,,,,,,,,,,,,,,,,,,P2887,Bar_MIC,3,1,2026-05-11_17h28.42.991,MIC_task,,2026.1.2,59.486276515657686,2026-05-11 17h28.44.439398 +0200,
,,6,0,6,,,,,,,3,l05,medence,pool,5,location,facilities,6.6,145,None,61,None,"(-0.1, 0.1)",None,,,,,,,,,,,,,,1,0,1,0,0,9,9,9,6,0,6,0,580.7603312000028,,,,,,,,,,,,,,,,,,,,,,,,,,,,,,,,,,,,,,,,,,,,,,,,,,,,,,,,,,,,,,,,,,,,,,,,,,,,,,,,,,,,,,,,,,,,,580.748674800001,580.7603312000028,580.7603312000028,580.7603312000028,580.9442260000033,None,,,,,,,,,,,,,,,,,,,,,,,,,,,,,,,,P2887,Bar_MIC,3,1,2026-05-11_17h28.42.991,MIC_task,,2026.1.2,59.486276515657686,2026-05-11 17h28.44.439398 +0200,
,,7,0,7,,,,,,,3,l05,medence,pool,5,location,facilities,6.6,145,None,61,None,"(-0.1, 0.1)",None,,,,,,,,,,,,,,1,0,1,0,0,9,9,9,7,0,7,0,580.9607337000016,,,,,,,,,,,,,,,,,,,,,,,,,,,,,,,,,,,,,,,,,,,,,,,,,,,,,,,,,,,,,,,,,,,,,,,,,,,,,,,,,,,,,,,,,,,,,580.9476105000031,580.9607337000016,580.9607337000016,580.9607337000016,581.1444848000028,None,,,,,,,,,,,,,,,,,,,,,,,,,,,,,,,,P2887,Bar_MIC,3,1,2026-05-11_17h28.42.991,MIC_task,,2026.1.2,59.486276515657686,2026-05-11 17h28.44.439398 +0200,
,,8,0,8,,,,,,,3,l05,medence,pool,5,location,facilities,6.6,145,None,61,None,"(-0.1, 0.1)",None,,,,,,,,,,,,,,1,0,1,0,0,9,9,9,8,0,8,0,581.1609925000012,,,,,,,,,,,,,,,,,,,,,,,,,,,,,,,,,,,,,,,,,,,,,,,,,,,,,,,,,,,,,,,,,,,,,,,,,,,,,,,,,,,,,,,,,,,,,581.147791000003,581.1609925000012,581.1609925000012,581.1609925000012,581.3448211000032,None,,,,,,,,,,,,,,,,,,,,,,,,,,,,,,,,P2887,Bar_MIC,3,1,2026-05-11_17h28.42.991,MIC_task,,2026.1.2,59.486276515657686,2026-05-11 17h28.44.439398 +0200,
,,9,0,9,,,,,,,3,l05,medence,pool,5,location,facilities,6.6,145,None,61,None,"(-0.1, 0.1)",None,,,,,,,,,,,,,,1,0,1,0,0,9,9,9,9,0,9,0,581.3614367000009,,,,,,,,,,,,,,,,,,,,,,,,,,,,,,,,,,,,,,,,,,,,,,,,,,,,,,,,,,,,,,,,,,,,,,,,,,,,,,,,,,,,,,,,,,,,,581.3480037000008,581.3614367000009,581.3614367000009,581.3614367000009,581.5452129000005,None,,,,,,,,,,,,,,,,,,,,,,,,,,,,,,,,P2887,Bar_MIC,3,1,2026-05-11_17h28.42.991,MIC_task,,2026.1.2,59.486276515657686,2026-05-11 17h28.44.439398 +0200,
,,10,0,10,,,,,,,3,l05,medence,pool,5,location,facilities,6.6,145,None,61,None,"(-0.1, 0.1)",None,,,,,,,,,,,,,,1,0,1,0,0,9,9,9,10,0,10,0,581.5618143000029,,,,,,,,,,,,,,,,,,,,,,,,,,,,,,,,,,,,,,,,,,,,,,,,,,,,,,,,,,,,,,,,,,,,,,,,,,,,,,,,,,,,,,,,,,,,,581.5486978000008,581.5618143000029,581.5618143000029,581.5618143000029,581.7458606,None,,,,,,,,,,,,,,,,,,,,,,,,,,,,,,,,P2887,Bar_MIC,3,1,2026-05-11_17h28.42.991,MIC_task,,2026.1.2,59.486276515657686,2026-05-11 17h28.44.439398 +0200,
,,11,0,11,,,,,,,3,l05,medence,pool,5,location,facilities,6.6,145,None,61,None,"(-0.1, 0.1)",None,,,,,,,,,,,,,,1,0,1,0,0,9,9,9,11,0,11,0,581.7621910000016,,,,,,,,,,,,,,,,,,,,,,,,,,,,,,,,,,,,,,,,,,,,,,,,,,,,,,,,,,,,,,,,,,,,,,,,,,,,,,,,,,,,,,,,,,,,,581.7492724000003,581.7621910000016,581.7621910000016,581.7621910000016,581.9459044000032,None,,,,,,,,,,,,,,,,,,,,,,,,,,,,,,,,P2887,Bar_MIC,3,1,2026-05-11_17h28.42.991,MIC_task,,2026.1.2,59.486276515657686,2026-05-11 17h28.44.439398 +0200,
,,12,0,12,,,,,,,3,l05,medence,pool,5,location,facilities,6.6,145,None,61,None,"(-0.1, 0.1)",None,,,,,,,,,,,,,,1,0,1,0,0,9,9,9,12,0,12,0,581.9624892000029,,,,,,,,,,,,,,,,,,,,,,,,,,,,,,,,,,,,,,,,,,,,,,,,,,,,,,,,,,,,,,,,,,,,,,,,,,,,,,,,,,,,,,,,,,,,,581.9493413000018,581.9624892000029,581.9624892000029,581.9624892000029,582.1476328999997,None,,,,,,,,,,,,,,,,,,,,,,,,,,,,,,,,P2887,Bar_MIC,3,1,2026-05-11_17h28.42.991,MIC_task,,2026.1.2,59.486276515657686,2026-05-11 17h28.44.439398 +0200,
,,13,0,13,,,,,,,3,l05,medence,pool,5,location,facilities,6.6,145,None,61,None,"(-0.1, 0.1)",None,,,,,,,,,,,,,,1,0,1,0,0,9,9,9,13,0,13,0,582.1628049999999,,,,,,,,,,,,,,,,,,,,,,,,,,,,,,,,,,,,,,,,,,,,,,,,,,,,,,,,,,,,,,,,,,,,,,,,,,,,,,,,,,,,,,,,,,,,,582.1509122000025,582.1628049999999,582.1628049999999,582.1628049999999,582.3469696000029,None,,,,,,,,,,,,,,,,,,,,,,,,,,,,,,,,P2887,Bar_MIC,3,1,2026-05-11_17h28.42.991,MIC_task,,2026.1.2,59.486276515657686,2026-05-11 17h28.44.439398 +0200,
,,14,0,14,,,,,,,3,l05,medence,pool,5,location,facilities,6.6,145,None,61,None,"(-0.1, 0.1)",None,,,,,,,,,,,,,,1,0,1,0,0,9,9,9,14,0,14,0,582.3624682000009,,,,,,,,,,,,,,,,,,,,,,,,,,,,,,,,,,,,,,,,,,,,,,,,,,,,,,,,,,,,,,,,,,,,,,,,,,,,,,,,,,,,,,,,,,,,,582.3504399000012,582.3624682000009,582.3624682000009,582.3624682000009,582.5473618000033,None,,,,,,,,,,,,,,,,,,,,,,,,,,,,,,,,P2887,Bar_MIC,3,1,2026-05-11_17h28.42.991,MIC_task,,2026.1.2,59.486276515657686,2026-05-11 17h28.44.439398 +0200,
,,15,0,15,,,,,,,3,l05,medence,pool,5,location,facilities,6.6,145,None,61,None,"(-0.1, 0.1)",None,,,,,,,,,,,,,,1,0,1,0,0,9,9,9,15,0,15,0,582.5636555000019,,,,,,,,,,,,,,,,,,,,,,,,,,,,,,,,,,,,,,,,,,,,,,,,,,,,,,,,,,,,,,,,,,,,,,,,,,,,,,,,,,,,,,,,,,,,,582.5504056999998,582.5636555000019,582.5636555000019,582.5636555000019,582.7465877000031,None,,,,,,,,,,,,,,,,,,,,,,,,,,,,,,,,P2887,Bar_MIC,3,1,2026-05-11_17h28.42.991,MIC_task,,2026.1.2,59.486276515657686,2026-05-11 17h28.44.439398 +0200,
,,16,0,16,,,,,,,3,l05,medence,pool,5,location,facilities,6.6,145,None,61,None,"(-0.1, 0.1)",None,,,,,,,,,,,,,,1,0,1,0,0,9,9,9,16,0,16,0,582.7632791000033,,,,,,,,,,,,,,,,,,,,,,,,,,,,,,,,,,,,,,,,,,,,,,,,,,,,,,,,,,,,,,,,,,,,,,,,,,,,,,,,,,,,,,,,,,,,,582.7497336000015,582.7632791000033,582.7632791000033,582.7632791000033,582.9481043000014,None,,,,,,,,,,,,,,,,,,,,,,,,,,,,,,,,P2887,Bar_MIC,3,1,2026-05-11_17h28.42.991,MIC_task,,2026.1.2,59.486276515657686,2026-05-11 17h28.44.439398 +0200,
,,17,0,17,,,,,,,3,l05,medence,pool,5,location,facilities,6.6,145,None,61,None,"(-0.1, 0.1)",None,,,,,,,,,,,,,,1,0,1,0,0,9,9,9,17,0,17,0,582.9635991000032,,,,,,,,,,,,,,,,,,,,,,,,,,,,,,,,,,,,,,,,,,,,,,,,,,,,,,,,,,,,,,,,,,,,,,,,,,,,,,,,,,,,,,,,,,,,,582.9512845999998,582.9635991000032,582.9635991000032,582.9635991000032,583.1485148000029,None,,,,,,,,,,,,,,,,,,,,,,,,,,,,,,,,P2887,Bar_MIC,3,1,2026-05-11_17h28.42.991,MIC_task,,2026.1.2,59.486276515657686,2026-05-11 17h28.44.439398 +0200,
,,18,0,18,,,,,,,3,l05,medence,pool,5,location,facilities,6.6,145,None,61,None,"(-0.1, 0.1)",None,,,,,,,,,,,,,,1,0,1,0,0,9,9,9,18,0,18,0,583.1640590000025,,,,,,,,,,,,,,,,,,,,,,,,,,,,,,,,,,,,,,,,,,,,,,,,,,,,,,,,,,,,,,,,,,,,,,,,,,,,,,,,,,,,,,,,,,,,,583.1521993000024,583.1640590000025,583.1640590000025,583.1640590000025,583.3489138000004,None,,,,,,,,,,,,,,,,,,,,,,,,,,,,,,,,P2887,Bar_MIC,3,1,2026-05-11_17h28.42.991,MIC_task,,2026.1.2,59.486276515657686,2026-05-11 17h28.44.439398 +0200,
,,19,0,19,,,,,,,3,l05,medence,pool,5,location,facilities,6.6,145,None,61,None,"(-0.1, 0.1)",None,,,,,,,,,,,,,,1,0,1,0,0,9,9,9,19,0,19,0,583.3644254999999,,,,,,,,,,,,,,,,,,,,,,,,,,,,,,,,,,,,,,,,,,,,,,,,,,,,,,,,,,,,,,,,,,,,,,,,,,,,,,,,,,,,,,,,,,,,,583.3520122000009,583.3644254999999,583.3644254999999,583.3644254999999,583.5484296000031,None,,,,,,,,,,,,,,,,,,,,,,,,,,,,,,,,P2887,Bar_MIC,3,1,2026-05-11_17h28.42.991,MIC_task,,2026.1.2,59.486276515657686,2026-05-11 17h28.44.439398 +0200,
,,20,0,20,,,,,,,3,l05,medence,pool,5,location,facilities,6.6,145,None,61,None,"(-0.1, 0.1)",space,0.10669450000204961,None,,,,,,,,,,,,1,0,1,0,0,9,9,9,20,0,20,0,583.5647949000013,,,,,,,,,,,,,,,,,,,,,,,,,,,,,,,,,,,,,,,,,,,,,,,,,,,,,,,,,,,,,,,,,,,,,,,,,,,,,,,,,,,,,,,,,,,,,583.5514699000014,583.5647949000013,583.5647949000013,583.5647949000013,583.683224700002,space,0.10669450000204961,None,,,,,,,,,,,,,,,,,,,,,,,,,,,,,,P2887,Bar_MIC,3,1,2026-05-11_17h28.42.991,MIC_task,,2026.1.2,59.486276515657686,2026-05-11 17h28.44.439398 +0200,
,,9,9,0,,,,space,0.8119337000025553,None,3,l05,medence,pool,5,location,facilities,6.6,145,None,61,None,"(-0.1, 0.1)",,,,,,,,,,,,,,,1,0,1,0,0,9,9,9,,,,,,,,,,,,,,,,,,,,,,,,,,,,,,,,,,,,,,,,,,,,,,,,,,,,,,,,,,,,,,,,,,,,,,,,,,,,,,,,,583.7446732999997,583.749855500002,583.7490160666684,585.6843868000033,,,,,,587.6884903999999,587.7053440000018,587.7053440000018,588.5232901000018,,,,,,,,,,,,,585.7130472000026,585.7185084000012,585.7176030333362,587.6042570000027,587.6884430000027,space,0.8119337000025553,None,,,,,,,,,,,,,,,,,,,,,,P2887,Bar_MIC,3,1,2026-05-11_17h28.42.991,MIC_task,,2026.1.2,59.486276515657686,2026-05-11 17h28.44.439398 +0200,
,,0,0,0,,,,,,,3,f18,dinnye,melon,4,food,fruit,6.4,22,25,50,None,"(0.1, 0)",None,,,,,,,,,,,,,,1,0,1,0,0,10,10,10,0,0,0,0,588.539021800003,,,,,,,,,,,,,,,,,,,,,,,,,,,,,,,,,,,,,,,,,,,,,,,,,,,,,,,,,,,,,,,,,,,,,,,,,,,,,,,,,,,,,,,,,,,,,588.5264950000019,588.539021800003,588.539021800003,588.539021800003,588.7233827000018,None,,,,,,,,,,,588.7394024000023,588.7394024000023,588.7394024000023,,,,,,,,,,,,,,,,,,,P2887,Bar_MIC,3,1,2026-05-11_17h28.42.991,MIC_task,,2026.1.2,59.486276515657686,2026-05-11 17h28.44.439398 +0200,
,,0,0,0,,,,,,,3,f18,dinnye,melon,4,food,fruit,6.4,22,25,50,None,"(0.1, 0)",None,,,,,,,,,,,,,,1,0,1,0,0,10,10,10,0,0,0,0,588.7394024000023,,,,,,,,,,,,,,,,,,,,,,,,,,,,,,,,,,,,,,,,,,,,,,,,,,,,,,,,,,,,,,,,,,,,,,,,,,,,,,,,,,,,,,,,,,,,,588.7262701,588.7394024000023,588.7394024000023,588.7394024000023,588.9237199000017,None,,,,,,,,,,,588.9397739000015,588.9397739000015,588.9397739000015,,,,,,,,,,,,,,,,,,,P2887,Bar_MIC,3,1,2026-05-11_17h28.42.991,MIC_task,,2026.1.2,59.486276515657686,2026-05-11 17h28.44.439398 +0200,
,,1,0,1,,,,,,,3,f18,dinnye,melon,4,food,fruit,6.4,22,25,50,None,"(0.1, 0)",None,,,,,,,,,,,,,,1,0,1,0,0,10,10,10,1,0,1,0,588.9397739000015,,,,,,,,,,,,,,,,,,,,,,,,,,,,,,,,,,,,,,,,,,,,,,,,,,,,,,,,,,,,,,,,,,,,,,,,,,,,,,,,,,,,,,,,,,,,,588.9266631999999,588.9397739000015,588.9397739000015,588.9397739000015,589.1237480000018,None,,,,,,,,,,,,,,,,,,,,,,,,,,,,,,,,P2887,Bar_MIC,3,1,2026-05-11_17h28.42.991,MIC_task,,2026.1.2,59.486276515657686,2026-05-11 17h28.44.439398 +0200,
,,2,0,2,,,,,,,3,f18,dinnye,melon,4,food,fruit,6.4,22,25,50,None,"(0.1, 0)",None,,,,,,,,,,,,,,1,0,1,0,0,10,10,10,2,0,2,0,589.1400465000006,,,,,,,,,,,,,,,,,,,,,,,,,,,,,,,,,,,,,,,,,,,,,,,,,,,,,,,,,,,,,,,,,,,,,,,,,,,,,,,,,,,,,,,,,,,,,589.1267718000017,589.1400465000006,589.1400465000006,589.1400465000006,589.3240906000028,None,,,,,,,,,,,,,,,,,,,,,,,,,,,,,,,,P2887,Bar_MIC,3,1,2026-05-11_17h28.42.991,MIC_task,,2026.1.2,59.486276515657686,2026-05-11 17h28.44.439398 +0200,
,,3,0,3,,,,,,,3,f18,dinnye,melon,4,food,fruit,6.4,22,25,50,None,"(0.1, 0)",None,,,,,,,,,,,,,,1,0,1,0,0,10,10,10,3,0,3,0,589.340735400001,,,,,,,,,,,,,,,,,,,,,,,,,,,,,,,,,,,,,,,,,,,,,,,,,,,,,,,,,,,,,,,,,,,,,,,,,,,,,,,,,,,,,,,,,,,,,589.3274018000011,589.340735400001,589.340735400001,589.340735400001,589.5242926000028,None,,,,,,,,,,,,,,,,,,,,,,,,,,,,,,,,P2887,Bar_MIC,3,1,2026-05-11_17h28.42.991,MIC_task,,2026.1.2,59.486276515657686,2026-05-11 17h28.44.439398 +0200,
,,4,0,4,,,,,,,3,f18,dinnye,melon,4,food,fruit,6.4,22,25,50,None,"(0.1, 0)",None,,,,,,,,,,,,,,1,0,1,0,0,10,10,10,4,0,4,0,589.5408432000004,,,,,,,,,,,,,,,,,,,,,,,,,,,,,,,,,,,,,,,,,,,,,,,,,,,,,,,,,,,,,,,,,,,,,,,,,,,,,,,,,,,,,,,,,,,,,589.5273531000021,589.5408432000004,589.5408432000004,589.5408432000004,589.725421500003,None,,,,,,,,,,,,,,,,,,,,,,,,,,,,,,,,P2887,Bar_MIC,3,1,2026-05-11_17h28.42.991,MIC_task,,2026.1.2,59.486276515657686,2026-05-11 17h28.44.439398 +0200,
,,5,0,5,,,,,,,3,f18,dinnye,melon,4,food,fruit,6.4,22,25,50,None,"(0.1, 0)",None,,,,,,,,,,,,,,1,0,1,0,0,10,10,10,5,0,5,0,589.7412734999998,,,,,,,,,,,,,,,,,,,,,,,,,,,,,,,,,,,,,,,,,,,,,,,,,,,,,,,,,,,,,,,,,,,,,,,,,,,,,,,,,,,,,,,,,,,,,589.728992100001,589.7412734999998,589.7412734999998,589.7412734999998,589.9255843999999,None,,,,,,,,,,,,,,,,,,,,,,,,,,,,,,,,P2887,Bar_MIC,3,1,2026-05-11_17h28.42.991,MIC_task,,2026.1.2,59.486276515657686,2026-05-11 17h28.44.439398 +0200,
,,6,0,6,,,,,,,3,f18,dinnye,melon,4,food,fruit,6.4,22,25,50,None,"(0.1, 0)",None,,,,,,,,,,,,,,1,0,1,0,0,10,10,10,6,0,6,0,589.9416362000011,,,,,,,,,,,,,,,,,,,,,,,,,,,,,,,,,,,,,,,,,,,,,,,,,,,,,,,,,,,,,,,,,,,,,,,,,,,,,,,,,,,,,,,,,,,,,589.9290934000019,589.9416362000011,589.9416362000011,589.9416362000011,590.1257810000025,None,,,,,,,,,,,,,,,,,,,,,,,,,,,,,,,,P2887,Bar_MIC,3,1,2026-05-11_17h28.42.991,MIC_task,,2026.1.2,59.486276515657686,2026-05-11 17h28.44.439398 +0200,
,,7,0,7,,,,,,,3,f18,dinnye,melon,4,food,fruit,6.4,22,25,50,None,"(0.1, 0)",None,,,,,,,,,,,,,,1,0,1,0,0,10,10,10,7,0,7,0,590.1412264999999,,,,,,,,,,,,,,,,,,,,,,,,,,,,,,,,,,,,,,,,,,,,,,,,,,,,,,,,,,,,,,,,,,,,,,,,,,,,,,,,,,,,,,,,,,,,,590.1287736000013,590.1412264999999,590.1412264999999,590.1412264999999,590.3262173000003,None,,,,,,,,,,,,,,,,,,,,,,,,,,,,,,,,P2887,Bar_MIC,3,1,2026-05-11_17h28.42.991,MIC_task,,2026.1.2,59.486276515657686,2026-05-11 17h28.44.439398 +0200,
,,8,0,8,,,,,,,3,f18,dinnye,melon,4,food,fruit,6.4,22,25,50,None,"(0.1, 0)",None,,,,,,,,,,,,,,1,0,1,0,0,10,10,10,8,0,8,0,590.3416950000028,,,,,,,,,,,,,,,,,,,,,,,,,,,,,,,,,,,,,,,,,,,,,,,,,,,,,,,,,,,,,,,,,,,,,,,,,,,,,,,,,,,,,,,,,,,,,590.3297326000029,590.3416950000028,590.3416950000028,590.3416950000028,590.5266174000026,None,,,,,,,,,,,,,,,,,,,,,,,,,,,,,,,,P2887,Bar_MIC,3,1,2026-05-11_17h28.42.991,MIC_task,,2026.1.2,59.486276515657686,2026-05-11 17h28.44.439398 +0200,
,,9,0,9,,,,,,,3,f18,dinnye,melon,4,food,fruit,6.4,22,25,50,None,"(0.1, 0)",None,,,,,,,,,,,,,,1,0,1,0,0,10,10,10,9,0,9,0,590.5420051000001,,,,,,,,,,,,,,,,,,,,,,,,,,,,,,,,,,,,,,,,,,,,,,,,,,,,,,,,,,,,,,,,,,,,,,,,,,,,,,,,,,,,,,,,,,,,,590.5300837000032,590.5420051000001,590.5420051000001,590.5420051000001,590.7260564000026,None,,,,,,,,,,,,,,,,,,,,,,,,,,,,,,,,P2887,Bar_MIC,3,1,2026-05-11_17h28.42.991,MIC_task,,2026.1.2,59.486276515657686,2026-05-11 17h28.44.439398 +0200,
,,10,0,10,,,,,,,3,f18,dinnye,melon,4,food,fruit,6.4,22,25,50,None,"(0.1, 0)",None,,,,,,,,,,,,,,1,0,1,0,0,10,10,10,10,0,10,0,590.7423766000029,,,,,,,,,,,,,,,,,,,,,,,,,,,,,,,,,,,,,,,,,,,,,,,,,,,,,,,,,,,,,,,,,,,,,,,,,,,,,,,,,,,,,,,,,,,,,590.7292871999998,590.7423766000029,590.7423766000029,590.7423766000029,590.9267323000022,None,,,,,,,,,,,,,,,,,,,,,,,,,,,,,,,,P2887,Bar_MIC,3,1,2026-05-11_17h28.42.991,MIC_task,,2026.1.2,59.486276515657686,2026-05-11 17h28.44.439398 +0200,
,,11,0,11,,,,,,,3,f18,dinnye,melon,4,food,fruit,6.4,22,25,50,None,"(0.1, 0)",None,,,,,,,,,,,,,,1,0,1,0,0,10,10,10,11,0,11,0,590.9428058000012,,,,,,,,,,,,,,,,,,,,,,,,,,,,,,,,,,,,,,,,,,,,,,,,,,,,,,,,,,,,,,,,,,,,,,,,,,,,,,,,,,,,,,,,,,,,,590.9300929000019,590.9428058000012,590.9428058000012,590.9428058000012,591.1266888999999,None,,,,,,,,,,,,,,,,,,,,,,,,,,,,,,,,P2887,Bar_MIC,3,1,2026-05-11_17h28.42.991,MIC_task,,2026.1.2,59.486276515657686,2026-05-11 17h28.44.439398 +0200,
,,12,0,12,,,,,,,3,f18,dinnye,melon,4,food,fruit,6.4,22,25,50,None,"(0.1, 0)",None,,,,,,,,,,,,,,1,0,1,0,0,10,10,10,12,0,12,0,591.1431231000024,,,,,,,,,,,,,,,,,,,,,,,,,,,,,,,,,,,,,,,,,,,,,,,,,,,,,,,,,,,,,,,,,,,,,,,,,,,,,,,,,,,,,,,,,,,,,591.1300690999997,591.1431231000024,591.1431231000024,591.1431231000024,591.3271200000017,None,,,,,,,,,,,,,,,,,,,,,,,,,,,,,,,,P2887,Bar_MIC,3,1,2026-05-11_17h28.42.991,MIC_task,,2026.1.2,59.486276515657686,2026-05-11 17h28.44.439398 +0200,
,,13,0,13,,,,,,,3,f18,dinnye,melon,4,food,fruit,6.4,22,25,50,None,"(0.1, 0)",None,,,,,,,,,,,,,,1,0,1,0,0,10,10,10,13,0,13,0,591.3434627000024,,,,,,,,,,,,,,,,,,,,,,,,,,,,,,,,,,,,,,,,,,,,,,,,,,,,,,,,,,,,,,,,,,,,,,,,,,,,,,,,,,,,,,,,,,,,,591.3303873000004,591.3434627000024,591.3434627000024,591.3434627000024,591.5277036000007,None,,,,,,,,,,,,,,,,,,,,,,,,,,,,,,,,P2887,Bar_MIC,3,1,2026-05-11_17h28.42.991,MIC_task,,2026.1.2,59.486276515657686,2026-05-11 17h28.44.439398 +0200,
,,14,0,14,,,,,,,3,f18,dinnye,melon,4,food,fruit,6.4,22,25,50,None,"(0.1, 0)",None,,,,,,,,,,,,,,1,0,1,0,0,10,10,10,14,0,14,0,591.5437104000011,,,,,,,,,,,,,,,,,,,,,,,,,,,,,,,,,,,,,,,,,,,,,,,,,,,,,,,,,,,,,,,,,,,,,,,,,,,,,,,,,,,,,,,,,,,,,591.5309529000006,591.5437104000011,591.5437104000011,591.5437104000011,591.7278326000014,None,,,,,,,,,,,,,,,,,,,,,,,,,,,,,,,,P2887,Bar_MIC,3,1,2026-05-11_17h28.42.991,MIC_task,,2026.1.2,59.486276515657686,2026-05-11 17h28.44.439398 +0200,
,,15,0,15,,,,,,,3,f18,dinnye,melon,4,food,fruit,6.4,22,25,50,None,"(0.1, 0)",None,,,,,,,,,,,,,,1,0,1,0,0,10,10,10,15,0,15,0,591.7435781000022,,,,,,,,,,,,,,,,,,,,,,,,,,,,,,,,,,,,,,,,,,,,,,,,,,,,,,,,,,,,,,,,,,,,,,,,,,,,,,,,,,,,,,,,,,,,,591.7311579000016,591.7435781000022,591.7435781000022,591.7435781000022,591.9282727000027,None,,,,,,,,,,,,,,,,,,,,,,,,,,,,,,,,P2887,Bar_MIC,3,1,2026-05-11_17h28.42.991,MIC_task,,2026.1.2,59.486276515657686,2026-05-11 17h28.44.439398 +0200,
,,16,0,16,,,,,,,3,f18,dinnye,melon,4,food,fruit,6.4,22,25,50,None,"(0.1, 0)",space,0.13955299999724957,None,,,,,,,,,,,,1,0,1,0,0,10,10,10,16,0,16,0,591.9445422000026,,,,,,,,,,,,,,,,,,,,,,,,,,,,,,,,,,,,,,,,,,,,,,,,,,,,,,,,,,,,,,,,,,,,,,,,,,,,,,,,,,,,,,,,,,,,,591.9313378000006,591.9445422000026,591.9445422000026,591.9445422000026,592.0962899000006,space,0.13955299999724957,None,,,,,,,,,,,,,,,,,,,,,,,,,,,,,,P2887,Bar_MIC,3,1,2026-05-11_17h28.42.991,MIC_task,,2026.1.2,59.486276515657686,2026-05-11 17h28.44.439398 +0200,
,,10,10,0,,,,space,0.43266460000086227,None,3,f18,dinnye,melon,4,food,fruit,6.4,22,25,50,None,"(0.1, 0)",,,,,,,,,,,,,,,1,0,1,0,0,10,10,10,,,,,,,,,,,,,,,,,,,,,,,,,,,,,,,,,,,,,,,,,,,,,,,,,,,,,,,,,,,,,,,,,,,,,,,,,,,,,,,,,592.1571998,592.1626066000026,592.162138866669,594.0977905,,,,,,596.1019964000006,596.1174225000032,596.1174225000032,596.5524975000008,,,,,,,,,,,,,594.1231850000004,594.1285561000004,594.1310093333345,596.0169101000029,596.1019510000006,space,0.43266460000086227,None,,,,,,,,,,,,,,,,,,,,,,P2887,Bar_MIC,3,1,2026-05-11_17h28.42.991,MIC_task,,2026.1.2,59.486276515657686,2026-05-11 17h28.44.439398 +0200,
,,0,0,0,,,,,,,3,pl29,brokkoli,broccoli,7,plants,vegetable,5.4,15,None,62,None,"(0, 0.1)",None,,,,,,,,,,,,,,1,0,1,0,0,11,11,11,0,0,0,0,596.5676861000029,,,,,,,,,,,,,,,,,,,,,,,,,,,,,,,,,,,,,,,,,,,,,,,,,,,,,,,,,,,,,,,,,,,,,,,,,,,,,,,,,,,,,,,,,,,,,596.5554271000001,596.5676861000029,596.5676861000029,596.5676861000029,596.752739800002,None,,,,,,,,,,,,,,,,,,,,,,,,,,,,,,,,P2887,Bar_MIC,3,1,2026-05-11_17h28.42.991,MIC_task,,2026.1.2,59.486276515657686,2026-05-11 17h28.44.439398 +0200,
,,0,0,0,,,,,,,3,pl29,brokkoli,broccoli,7,plants,vegetable,5.4,15,None,62,None,"(0, 0.1)",None,,,,,,,,,,,,,,1,0,1,0,0,11,11,11,0,0,0,0,596.7680028000032,,,,,,,,,,,,,,,,,,,,,,,,,,,,,,,,,,,,,,,,,,,,,,,,,,,,,,,,,,,,,,,,,,,,,,,,,,,,,,,,,,,,,,,,,,,,,596.7558607000028,596.7680028000032,596.7680028000032,596.7680028000032,596.9529082000008,None,,,,,,,,,,,,,,,,,,,,,,,,,,,,,,,,P2887,Bar_MIC,3,1,2026-05-11_17h28.42.991,MIC_task,,2026.1.2,59.486276515657686,2026-05-11 17h28.44.439398 +0200,
,,1,0,1,,,,,,,3,pl29,brokkoli,broccoli,7,plants,vegetable,5.4,15,None,62,None,"(0, 0.1)",None,,,,,,,,,,,,,,1,0,1,0,0,11,11,11,1,0,1,0,596.9684972000032,,,,,,,,,,,,,,,,,,,,,,,,,,,,,,,,,,,,,,,,,,,,,,,,,,,,,,,,,,,,,,,,,,,,,,,,,,,,,,,,,,,,,,,,,,,,,596.9563183000027,596.9684972000032,596.9684972000032,596.9684972000032,597.1533874000015,None,,,,,,,,,,,,,,,,,,,,,,,,,,,,,,,,P2887,Bar_MIC,3,1,2026-05-11_17h28.42.991,MIC_task,,2026.1.2,59.486276515657686,2026-05-11 17h28.44.439398 +0200,
,,2,0,2,,,,,,,3,pl29,brokkoli,broccoli,7,plants,vegetable,5.4,15,None,62,None,"(0, 0.1)",None,,,,,,,,,,,,,,1,0,1,0,0,11,11,11,2,0,2,0,597.1687949000006,,,,,,,,,,,,,,,,,,,,,,,,,,,,,,,,,,,,,,,,,,,,,,,,,,,,,,,,,,,,,,,,,,,,,,,,,,,,,,,,,,,,,,,,,,,,,597.1564851000003,597.1687949000006,597.1687949000006,597.1687949000006,597.353777100001,None,,,,,,,,,,,,,,,,,,,,,,,,,,,,,,,,P2887,Bar_MIC,3,1,2026-05-11_17h28.42.991,MIC_task,,2026.1.2,59.486276515657686,2026-05-11 17h28.44.439398 +0200,
,,3,0,3,,,,,,,3,pl29,brokkoli,broccoli,7,plants,vegetable,5.4,15,None,62,None,"(0, 0.1)",None,,,,,,,,,,,,,,1,0,1,0,0,11,11,11,3,0,3,0,597.3692039000016,,,,,,,,,,,,,,,,,,,,,,,,,,,,,,,,,,,,,,,,,,,,,,,,,,,,,,,,,,,,,,,,,,,,,,,,,,,,,,,,,,,,,,,,,,,,,597.357387,597.3692039000016,597.3692039000016,597.3692039000016,597.553115900002,None,,,,,,,,,,,,,,,,,,,,,,,,,,,,,,,,P2887,Bar_MIC,3,1,2026-05-11_17h28.42.991,MIC_task,,2026.1.2,59.486276515657686,2026-05-11 17h28.44.439398 +0200,
,,4,0,4,,,,,,,3,pl29,brokkoli,broccoli,7,plants,vegetable,5.4,15,None,62,None,"(0, 0.1)",None,,,,,,,,,,,,,,1,0,1,0,0,11,11,11,4,0,4,0,597.5694899000009,,,,,,,,,,,,,,,,,,,,,,,,,,,,,,,,,,,,,,,,,,,,,,,,,,,,,,,,,,,,,,,,,,,,,,,,,,,,,,,,,,,,,,,,,,,,,597.556371300001,597.5694899000009,597.5694899000009,597.5694899000009,597.7534688000014,None,,,,,,,,,,,,,,,,,,,,,,,,,,,,,,,,P2887,Bar_MIC,3,1,2026-05-11_17h28.42.991,MIC_task,,2026.1.2,59.486276515657686,2026-05-11 17h28.44.439398 +0200,
,,5,0,5,,,,,,,3,pl29,brokkoli,broccoli,7,plants,vegetable,5.4,15,None,62,None,"(0, 0.1)",None,,,,,,,,,,,,,,1,0,1,0,0,11,11,11,5,0,5,0,597.7698902000011,,,,,,,,,,,,,,,,,,,,,,,,,,,,,,,,,,,,,,,,,,,,,,,,,,,,,,,,,,,,,,,,,,,,,,,,,,,,,,,,,,,,,,,,,,,,,597.7570775000022,597.7698902000011,597.7698902000011,597.7698902000011,597.953911800003,None,,,,,,,,,,,,,,,,,,,,,,,,,,,,,,,,P2887,Bar_MIC,3,1,2026-05-11_17h28.42.991,MIC_task,,2026.1.2,59.486276515657686,2026-05-11 17h28.44.439398 +0200,
,,6,0,6,,,,,,,3,pl29,brokkoli,broccoli,7,plants,vegetable,5.4,15,None,62,None,"(0, 0.1)",None,,,,,,,,,,,,,,1,0,1,0,0,11,11,11,6,0,6,0,597.9702466000017,,,,,,,,,,,,,,,,,,,,,,,,,,,,,,,,,,,,,,,,,,,,,,,,,,,,,,,,,,,,,,,,,,,,,,,,,,,,,,,,,,,,,,,,,,,,,597.9570302000029,597.9702466000017,597.9702466000017,597.9702466000017,598.1541878000025,None,,,,,,,,,,,,,,,,,,,,,,,,,,,,,,,,P2887,Bar_MIC,3,1,2026-05-11_17h28.42.991,MIC_task,,2026.1.2,59.486276515657686,2026-05-11 17h28.44.439398 +0200,
,,7,0,7,,,,,,,3,pl29,brokkoli,broccoli,7,plants,vegetable,5.4,15,None,62,None,"(0, 0.1)",None,,,,,,,,,,,,,,1,0,1,0,0,11,11,11,7,0,7,0,598.1705945000031,,,,,,,,,,,,,,,,,,,,,,,,,,,,,,,,,,,,,,,,,,,,,,,,,,,,,,,,,,,,,,,,,,,,,,,,,,,,,,,,,,,,,,,,,,,,,598.1577716000029,598.1705945000031,598.1705945000031,598.1705945000031,598.3547333000024,None,,,,,,,,,,,,,,,,,,,,,,,,,,,,,,,,P2887,Bar_MIC,3,1,2026-05-11_17h28.42.991,MIC_task,,2026.1.2,59.486276515657686,2026-05-11 17h28.44.439398 +0200,
,,8,0,8,,,,,,,3,pl29,brokkoli,broccoli,7,plants,vegetable,5.4,15,None,62,None,"(0, 0.1)",None,,,,,,,,,,,,,,1,0,1,0,0,11,11,11,8,0,8,0,598.3710414000016,,,,,,,,,,,,,,,,,,,,,,,,,,,,,,,,,,,,,,,,,,,,,,,,,,,,,,,,,,,,,,,,,,,,,,,,,,,,,,,,,,,,,,,,,,,,,598.3582736000026,598.3710414000016,598.3710414000016,598.3710414000016,598.5550607000005,None,,,,,,,,,,,,,,,,,,,,,,,,,,,,,,,,P2887,Bar_MIC,3,1,2026-05-11_17h28.42.991,MIC_task,,2026.1.2,59.486276515657686,2026-05-11 17h28.44.439398 +0200,
,,9,0,9,,,,,,,3,pl29,brokkoli,broccoli,7,plants,vegetable,5.4,15,None,62,None,"(0, 0.1)",None,,,,,,,,,,,,,,1,0,1,0,0,11,11,11,9,0,9,0,598.5706393,,,,,,,,,,,,,,,,,,,,,,,,,,,,,,,,,,,,,,,,,,,,,,,,,,,,,,,,,,,,,,,,,,,,,,,,,,,,,,,,,,,,,,,,,,,,,598.5585926000022,598.5706393,598.5706393,598.5706393,598.7555065000015,None,,,,,,,,,,,,,,,,,,,,,,,,,,,,,,,,P2887,Bar_MIC,3,1,2026-05-11_17h28.42.991,MIC_task,,2026.1.2,59.486276515657686,2026-05-11 17h28.44.439398 +0200,
,,10,0,10,,,,,,,3,pl29,brokkoli,broccoli,7,plants,vegetable,5.4,15,None,62,None,"(0, 0.1)",None,,,,,,,,,,,,,,1,0,1,0,0,11,11,11,10,0,10,0,598.7717279000026,,,,,,,,,,,,,,,,,,,,,,,,,,,,,,,,,,,,,,,,,,,,,,,,,,,,,,,,,,,,,,,,,,,,,,,,,,,,,,,,,,,,,,,,,,,,,598.7586397000014,598.7717279000026,598.7717279000026,598.7717279000026,598.9558662000018,None,,,,,,,,,,,,,,,,,,,,,,,,,,,,,,,,P2887,Bar_MIC,3,1,2026-05-11_17h28.42.991,MIC_task,,2026.1.2,59.486276515657686,2026-05-11 17h28.44.439398 +0200,
,,11,0,11,,,,,,,3,pl29,brokkoli,broccoli,7,plants,vegetable,5.4,15,None,62,None,"(0, 0.1)",None,,,,,,,,,,,,,,1,0,1,0,0,11,11,11,11,0,11,0,598.9713539000004,,,,,,,,,,,,,,,,,,,,,,,,,,,,,,,,,,,,,,,,,,,,,,,,,,,,,,,,,,,,,,,,,,,,,,,,,,,,,,,,,,,,,,,,,,,,,598.9591912000033,598.9713539000004,598.9713539000004,598.9713539000004,599.1561844000025,None,,,,,,,,,,,,,,,,,,,,,,,,,,,,,,,,P2887,Bar_MIC,3,1,2026-05-11_17h28.42.991,MIC_task,,2026.1.2,59.486276515657686,2026-05-11 17h28.44.439398 +0200,
,,12,0,12,,,,,,,3,pl29,brokkoli,broccoli,7,plants,vegetable,5.4,15,None,62,None,"(0, 0.1)",None,,,,,,,,,,,,,,1,0,1,0,0,11,11,11,12,0,12,0,599.1717174000005,,,,,,,,,,,,,,,,,,,,,,,,,,,,,,,,,,,,,,,,,,,,,,,,,,,,,,,,,,,,,,,,,,,,,,,,,,,,,,,,,,,,,,,,,,,,,599.1597333000027,599.1717174000005,599.1717174000005,599.1717174000005,599.3567317000015,None,,,,,,,,,,,,,,,,,,,,,,,,,,,,,,,,P2887,Bar_MIC,3,1,2026-05-11_17h28.42.991,MIC_task,,2026.1.2,59.486276515657686,2026-05-11 17h28.44.439398 +0200,
,,13,0,13,,,,,,,3,pl29,brokkoli,broccoli,7,plants,vegetable,5.4,15,None,62,None,"(0, 0.1)",None,,,,,,,,,,,,,,1,0,1,0,0,11,11,11,13,0,13,0,599.372169000002,,,,,,,,,,,,,,,,,,,,,,,,,,,,,,,,,,,,,,,,,,,,,,,,,,,,,,,,,,,,,,,,,,,,,,,,,,,,,,,,,,,,,,,,,,,,,599.3602336000004,599.372169000002,599.372169000002,599.372169000002,599.5559033999998,None,,,,,,,,,,,,,,,,,,,,,,,,,,,,,,,,P2887,Bar_MIC,3,1,2026-05-11_17h28.42.991,MIC_task,,2026.1.2,59.486276515657686,2026-05-11 17h28.44.439398 +0200,
,,14,0,14,,,,,,,3,pl29,brokkoli,broccoli,7,plants,vegetable,5.4,15,None,62,None,"(0, 0.1)",None,,,,,,,,,,,,,,1,0,1,0,0,11,11,11,14,0,14,0,599.5725305000014,,,,,,,,,,,,,,,,,,,,,,,,,,,,,,,,,,,,,,,,,,,,,,,,,,,,,,,,,,,,,,,,,,,,,,,,,,,,,,,,,,,,,,,,,,,,,599.5594767000002,599.5725305000014,599.5725305000014,599.5725305000014,599.756647000002,None,,,,,,,,,,,,,,,,,,,,,,,,,,,,,,,,P2887,Bar_MIC,3,1,2026-05-11_17h28.42.991,MIC_task,,2026.1.2,59.486276515657686,2026-05-11 17h28.44.439398 +0200,
,,15,0,15,,,,,,,3,pl29,brokkoli,broccoli,7,plants,vegetable,5.4,15,None,62,None,"(0, 0.1)",None,,,,,,,,,,,,,,1,0,1,0,0,11,11,11,15,0,15,0,599.7728820000011,,,,,,,,,,,,,,,,,,,,,,,,,,,,,,,,,,,,,,,,,,,,,,,,,,,,,,,,,,,,,,,,,,,,,,,,,,,,,,,,,,,,,,,,,,,,,599.7599566999997,599.7728820000011,599.7728820000011,599.7728820000011,599.9567834000009,None,,,,,,,,,,,,,,,,,,,,,,,,,,,,,,,,P2887,Bar_MIC,3,1,2026-05-11_17h28.42.991,MIC_task,,2026.1.2,59.486276515657686,2026-05-11 17h28.44.439398 +0200,
,,16,0,16,,,,,,,3,pl29,brokkoli,broccoli,7,plants,vegetable,5.4,15,None,62,None,"(0, 0.1)",None,,,,,,,,,,,,,,1,0,1,0,0,11,11,11,16,0,16,0,599.9732626000005,,,,,,,,,,,,,,,,,,,,,,,,,,,,,,,,,,,,,,,,,,,,,,,,,,,,,,,,,,,,,,,,,,,,,,,,,,,,,,,,,,,,,,,,,,,,,599.9599215000017,599.9732626000005,599.9732626000005,599.9732626000005,600.1573908000028,None,,,,,,,,,,,,,,,,,,,,,,,,,,,,,,,,P2887,Bar_MIC,3,1,2026-05-11_17h28.42.991,MIC_task,,2026.1.2,59.486276515657686,2026-05-11 17h28.44.439398 +0200,
,,17,0,17,,,,,,,3,pl29,brokkoli,broccoli,7,plants,vegetable,5.4,15,None,62,None,"(0, 0.1)",None,,,,,,,,,,,,,,1,0,1,0,0,11,11,11,17,0,17,0,600.1736028000014,,,,,,,,,,,,,,,,,,,,,,,,,,,,,,,,,,,,,,,,,,,,,,,,,,,,,,,,,,,,,,,,,,,,,,,,,,,,,,,,,,,,,,,,,,,,,600.1606801000016,600.1736028000014,600.1736028000014,600.1736028000014,600.3575576000003,None,,,,,,,,,,,,,,,,,,,,,,,,,,,,,,,,P2887,Bar_MIC,3,1,2026-05-11_17h28.42.991,MIC_task,,2026.1.2,59.486276515657686,2026-05-11 17h28.44.439398 +0200,
,,18,0,18,,,,,,,3,pl29,brokkoli,broccoli,7,plants,vegetable,5.4,15,None,62,None,"(0, 0.1)",None,,,,,,,,,,,,,,1,0,1,0,0,11,11,11,18,0,18,0,600.3739182000027,,,,,,,,,,,,,,,,,,,,,,,,,,,,,,,,,,,,,,,,,,,,,,,,,,,,,,,,,,,,,,,,,,,,,,,,,,,,,,,,,,,,,,,,,,,,,600.3612334000027,600.3739182000027,600.3739182000027,600.3739182000027,600.5577112000028,None,,,,,,,,,,,,,,,,,,,,,,,,,,,,,,,,P2887,Bar_MIC,3,1,2026-05-11_17h28.42.991,MIC_task,,2026.1.2,59.486276515657686,2026-05-11 17h28.44.439398 +0200,
,,19,0,19,,,,,,,3,pl29,brokkoli,broccoli,7,plants,vegetable,5.4,15,None,62,None,"(0, 0.1)",None,,,,,,,,,,,,,,1,0,1,0,0,11,11,11,19,0,19,0,600.5743151000024,,,,,,,,,,,,,,,,,,,,,,,,,,,,,,,,,,,,,,,,,,,,,,,,,,,,,,,,,,,,,,,,,,,,,,,,,,,,,,,,,,,,,,,,,,,,,600.5611454999998,600.5743151000024,600.5743151000024,600.5743151000024,600.7585413000015,None,,,,,,,,,,,,,,,,,,,,,,,,,,,,,,,,P2887,Bar_MIC,3,1,2026-05-11_17h28.42.991,MIC_task,,2026.1.2,59.486276515657686,2026-05-11 17h28.44.439398 +0200,
,,20,0,20,,,,,,,3,pl29,brokkoli,broccoli,7,plants,vegetable,5.4,15,None,62,None,"(0, 0.1)",None,,,,,,,,,,,,,,1,0,1,0,0,11,11,11,20,0,20,0,600.7748069000008,,,,,,,,,,,,,,,,,,,,,,,,,,,,,,,,,,,,,,,,,,,,,,,,,,,,,,,,,,,,,,,,,,,,,,,,,,,,,,,,,,,,,,,,,,,,,600.7616789000022,600.7748069000008,600.7748069000008,600.7748069000008,600.9587519000015,None,,,,,,,,,,,,,,,,,,,,,,,,,,,,,,,,P2887,Bar_MIC,3,1,2026-05-11_17h28.42.991,MIC_task,,2026.1.2,59.486276515657686,2026-05-11 17h28.44.439398 +0200,
,,21,0,21,,,,,,,3,pl29,brokkoli,broccoli,7,plants,vegetable,5.4,15,None,62,None,"(0, 0.1)",None,,,,,,,,,,,,,,1,0,1,0,0,11,11,11,21,0,21,0,600.9751292000001,,,,,,,,,,,,,,,,,,,,,,,,,,,,,,,,,,,,,,,,,,,,,,,,,,,,,,,,,,,,,,,,,,,,,,,,,,,,,,,,,,,,,,,,,,,,,600.9623326000001,600.9751292000001,600.9751292000001,600.9751292000001,601.1591888000003,None,,,,,,,,,,,,,,,,,,,,,,,,,,,,,,,,P2887,Bar_MIC,3,1,2026-05-11_17h28.42.991,MIC_task,,2026.1.2,59.486276515657686,2026-05-11 17h28.44.439398 +0200,
,,22,0,22,,,,,,,3,pl29,brokkoli,broccoli,7,plants,vegetable,5.4,15,None,62,None,"(0, 0.1)",None,,,,,,,,,,,,,,1,0,1,0,0,11,11,11,22,0,22,0,601.174757300003,,,,,,,,,,,,,,,,,,,,,,,,,,,,,,,,,,,,,,,,,,,,,,,,,,,,,,,,,,,,,,,,,,,,,,,,,,,,,,,,,,,,,,,,,,,,,601.1622720000014,601.174757300003,601.174757300003,601.174757300003,601.3584597000008,None,,,,,,,,,,,,,,,,,,,,,,,,,,,,,,,,P2887,Bar_MIC,3,1,2026-05-11_17h28.42.991,MIC_task,,2026.1.2,59.486276515657686,2026-05-11 17h28.44.439398 +0200,
,,23,0,23,,,,,,,3,pl29,brokkoli,broccoli,7,plants,vegetable,5.4,15,None,62,None,"(0, 0.1)",None,,,,,,,,,,,,,,1,0,1,0,0,11,11,11,23,0,23,0,601.3750923000007,,,,,,,,,,,,,,,,,,,,,,,,,,,,,,,,,,,,,,,,,,,,,,,,,,,,,,,,,,,,,,,,,,,,,,,,,,,,,,,,,,,,,,,,,,,,,601.3617465000025,601.3750923000007,601.3750923000007,601.3750923000007,601.5590695000028,None,,,,,,,,,,,,,,,,,,,,,,,,,,,,,,,,P2887,Bar_MIC,3,1,2026-05-11_17h28.42.991,MIC_task,,2026.1.2,59.486276515657686,2026-05-11 17h28.44.439398 +0200,
,,24,0,24,,,,,,,3,pl29,brokkoli,broccoli,7,plants,vegetable,5.4,15,None,62,None,"(0, 0.1)",None,,,,,,,,,,,,,,1,0,1,0,0,11,11,11,24,0,24,0,601.5754871000026,,,,,,,,,,,,,,,,,,,,,,,,,,,,,,,,,,,,,,,,,,,,,,,,,,,,,,,,,,,,,,,,,,,,,,,,,,,,,,,,,,,,,,,,,,,,,601.5621513000006,601.5754871000026,601.5754871000026,601.5754871000026,601.7593518000031,None,,,,,,,,,,,,,,,,,,,,,,,,,,,,,,,,P2887,Bar_MIC,3,1,2026-05-11_17h28.42.991,MIC_task,,2026.1.2,59.486276515657686,2026-05-11 17h28.44.439398 +0200,
,,25,0,25,,,,,,,3,pl29,brokkoli,broccoli,7,plants,vegetable,5.4,15,None,62,None,"(0, 0.1)",None,,,,,,,,,,,,,,1,0,1,0,0,11,11,11,25,0,25,0,601.7758487000028,,,,,,,,,,,,,,,,,,,,,,,,,,,,,,,,,,,,,,,,,,,,,,,,,,,,,,,,,,,,,,,,,,,,,,,,,,,,,,,,,,,,,,,,,,,,,601.7627210999999,601.7758487000028,601.7758487000028,601.7758487000028,601.9597632000005,None,,,,,,,,,,,,,,,,,,,,,,,,,,,,,,,,P2887,Bar_MIC,3,1,2026-05-11_17h28.42.991,MIC_task,,2026.1.2,59.486276515657686,2026-05-11 17h28.44.439398 +0200,
,,26,0,26,,,,,,,3,pl29,brokkoli,broccoli,7,plants,vegetable,5.4,15,None,62,None,"(0, 0.1)",None,,,,,,,,,,,,,,1,0,1,0,0,11,11,11,26,0,26,0,601.9762367000003,,,,,,,,,,,,,,,,,,,,,,,,,,,,,,,,,,,,,,,,,,,,,,,,,,,,,,,,,,,,,,,,,,,,,,,,,,,,,,,,,,,,,,,,,,,,,601.9628621000011,601.9762367000003,601.9762367000003,601.9762367000003,602.1601719000028,None,,,,,,,,,,,,,,,,,,,,,,,,,,,,,,,,P2887,Bar_MIC,3,1,2026-05-11_17h28.42.991,MIC_task,,2026.1.2,59.486276515657686,2026-05-11 17h28.44.439398 +0200,
,,27,0,27,,,,,,,3,pl29,brokkoli,broccoli,7,plants,vegetable,5.4,15,None,62,None,"(0, 0.1)",None,,,,,,,,,,,,,,1,0,1,0,0,11,11,11,27,0,27,0,602.1765863,,,,,,,,,,,,,,,,,,,,,,,,,,,,,,,,,,,,,,,,,,,,,,,,,,,,,,,,,,,,,,,,,,,,,,,,,,,,,,,,,,,,,,,,,,,,,602.1631269000027,602.1765863,602.1765863,602.1765863,602.3604667,None,,,,,,,,,,,,,,,,,,,,,,,,,,,,,,,,P2887,Bar_MIC,3,1,2026-05-11_17h28.42.991,MIC_task,,2026.1.2,59.486276515657686,2026-05-11 17h28.44.439398 +0200,
,,28,0,28,,,,,,,3,pl29,brokkoli,broccoli,7,plants,vegetable,5.4,15,None,62,None,"(0, 0.1)",space,None,None,,,,,,,,,,,,1,0,1,0,0,11,11,11,28,0,28,0,602.3770519000027,,,,,,,,,,,,,,,,,,,,,,,,,,,,,,,,,,,,,,,,,,,,,,,,,,,,,,,,,,,,,,,,,,,,,,,,,,,,,,,,,,,,,,,,,,,,,602.3635052999998,602.3770519000027,602.3770519000027,602.3770519000027,602.5112817000008,space,None,None,,,,,,,,,,,,,,,,,,,,,,,,,,,,,,P2887,Bar_MIC,3,1,2026-05-11_17h28.42.991,MIC_task,,2026.1.2,59.486276515657686,2026-05-11 17h28.44.439398 +0200,
,,11,11,0,,,,space,1.0886701000017638,None,3,pl29,brokkoli,broccoli,7,plants,vegetable,5.4,15,None,62,None,"(0, 0.1)",,,,,,,,,,,,,,,1,0,1,0,0,11,11,11,,,,,,,,,,,,,,,,,,,,,,,,,,,,,,,,,,,,,,,,,,,,,,,,,,,,,,,,,,,,,,,,,,,,,,,,,,,,,,,,,602.5733577999999,602.5790733000031,602.5770060666664,604.513456800003,,,,,,606.5175262000012,606.5330183000005,606.5330183000005,607.6358553999999,,,,,,,,,,,,,604.5344223000029,604.5393656000015,604.5466853333351,606.4334256000002,606.5174794000013,space,1.0886701000017638,None,,,,,,,,,,,,,,,,,,,,,,P2887,Bar_MIC,3,1,2026-05-11_17h28.42.991,MIC_task,,2026.1.2,59.486276515657686,2026-05-11 17h28.44.439398 +0200,
,,0,0,0,,,,,,,3,a21,elefánt,elephant,1,animal,mammal,6.4,14,21,57,None,"(-0.1, 0.1)",None,,,,,,,,,,,,,,1,0,1,0,0,12,12,12,0,0,0,0,607.6515037000026,,,,,,,,,,,,,,,,,,,,,,,,,,,,,,,,,,,,,,,,,,,,,,,,,,,,,,,,,,,,,,,,,,,,,,,,,,,,,,,,,,,,,,,,,,,,,607.6389282000018,607.6515037000026,607.6515037000026,607.6515037000026,607.8359601000011,None,,,,,,,,,,,607.8518052,607.8518052,607.8518052,,,,,,,,,,,,,,,,,,,P2887,Bar_MIC,3,1,2026-05-11_17h28.42.991,MIC_task,,2026.1.2,59.486276515657686,2026-05-11 17h28.44.439398 +0200,
,,0,0,0,,,,,,,3,a21,elefánt,elephant,1,animal,mammal,6.4,14,21,57,None,"(-0.1, 0.1)",None,,,,,,,,,,,,,,1,0,1,0,0,12,12,12,0,0,0,0,607.8518052,,,,,,,,,,,,,,,,,,,,,,,,,,,,,,,,,,,,,,,,,,,,,,,,,,,,,,,,,,,,,,,,,,,,,,,,,,,,,,,,,,,,,,,,,,,,,607.8390559,607.8518052,607.8518052,607.8518052,608.0362999000026,None,,,,,,,,,,,608.0521992000031,608.0521992000031,608.0521992000031,,,,,,,,,,,,,,,,,,,P2887,Bar_MIC,3,1,2026-05-11_17h28.42.991,MIC_task,,2026.1.2,59.486276515657686,2026-05-11 17h28.44.439398 +0200,
,,1,0,1,,,,,,,3,a21,elefánt,elephant,1,animal,mammal,6.4,14,21,57,None,"(-0.1, 0.1)",None,,,,,,,,,,,,,,1,0,1,0,0,12,12,12,1,0,1,0,608.0521992000031,,,,,,,,,,,,,,,,,,,,,,,,,,,,,,,,,,,,,,,,,,,,,,,,,,,,,,,,,,,,,,,,,,,,,,,,,,,,,,,,,,,,,,,,,,,,,608.0392944000014,608.0521992000031,608.0521992000031,608.0521992000031,608.2360764000005,None,,,,,,,,,,,,,,,,,,,,,,,,,,,,,,,,P2887,Bar_MIC,3,1,2026-05-11_17h28.42.991,MIC_task,,2026.1.2,59.486276515657686,2026-05-11 17h28.44.439398 +0200,
,,2,0,2,,,,,,,3,a21,elefánt,elephant,1,animal,mammal,6.4,14,21,57,None,"(-0.1, 0.1)",None,,,,,,,,,,,,,,1,0,1,0,0,12,12,12,2,0,2,0,608.2524972000028,,,,,,,,,,,,,,,,,,,,,,,,,,,,,,,,,,,,,,,,,,,,,,,,,,,,,,,,,,,,,,,,,,,,,,,,,,,,,,,,,,,,,,,,,,,,,608.2394440999997,608.2524972000028,608.2524972000028,608.2524972000028,608.4364540000024,None,,,,,,,,,,,,,,,,,,,,,,,,,,,,,,,,P2887,Bar_MIC,3,1,2026-05-11_17h28.42.991,MIC_task,,2026.1.2,59.486276515657686,2026-05-11 17h28.44.439398 +0200,
,,3,0,3,,,,,,,3,a21,elefánt,elephant,1,animal,mammal,6.4,14,21,57,None,"(-0.1, 0.1)",None,,,,,,,,,,,,,,1,0,1,0,0,12,12,12,3,0,3,0,608.4529637000014,,,,,,,,,,,,,,,,,,,,,,,,,,,,,,,,,,,,,,,,,,,,,,,,,,,,,,,,,,,,,,,,,,,,,,,,,,,,,,,,,,,,,,,,,,,,,608.4397058000031,608.4529637000014,608.4529637000014,608.4529637000014,608.6369081000012,None,,,,,,,,,,,,,,,,,,,,,,,,,,,,,,,,P2887,Bar_MIC,3,1,2026-05-11_17h28.42.991,MIC_task,,2026.1.2,59.486276515657686,2026-05-11 17h28.44.439398 +0200,
,,4,0,4,,,,,,,3,a21,elefánt,elephant,1,animal,mammal,6.4,14,21,57,None,"(-0.1, 0.1)",None,,,,,,,,,,,,,,1,0,1,0,0,12,12,12,4,0,4,0,608.6533691000004,,,,,,,,,,,,,,,,,,,,,,,,,,,,,,,,,,,,,,,,,,,,,,,,,,,,,,,,,,,,,,,,,,,,,,,,,,,,,,,,,,,,,,,,,,,,,608.6402804000027,608.6533691000004,608.6533691000004,608.6533691000004,608.8377027000024,None,,,,,,,,,,,,,,,,,,,,,,,,,,,,,,,,P2887,Bar_MIC,3,1,2026-05-11_17h28.42.991,MIC_task,,2026.1.2,59.486276515657686,2026-05-11 17h28.44.439398 +0200,
,,5,0,5,,,,,,,3,a21,elefánt,elephant,1,animal,mammal,6.4,14,21,57,None,"(-0.1, 0.1)",None,,,,,,,,,,,,,,1,0,1,0,0,12,12,12,5,0,5,0,608.8528774000006,,,,,,,,,,,,,,,,,,,,,,,,,,,,,,,,,,,,,,,,,,,,,,,,,,,,,,,,,,,,,,,,,,,,,,,,,,,,,,,,,,,,,,,,,,,,,608.8409390000015,608.8528774000006,608.8528774000006,608.8528774000006,609.0379137000018,None,,,,,,,,,,,,,,,,,,,,,,,,,,,,,,,,P2887,Bar_MIC,3,1,2026-05-11_17h28.42.991,MIC_task,,2026.1.2,59.486276515657686,2026-05-11 17h28.44.439398 +0200,
,,6,0,6,,,,,,,3,a21,elefánt,elephant,1,animal,mammal,6.4,14,21,57,None,"(-0.1, 0.1)",None,,,,,,,,,,,,,,1,0,1,0,0,12,12,12,6,0,6,0,609.0539916000016,,,,,,,,,,,,,,,,,,,,,,,,,,,,,,,,,,,,,,,,,,,,,,,,,,,,,,,,,,,,,,,,,,,,,,,,,,,,,,,,,,,,,,,,,,,,,609.0408443000015,609.0539916000016,609.0539916000016,609.0539916000016,609.2381115999997,None,,,,,,,,,,,,,,,,,,,,,,,,,,,,,,,,P2887,Bar_MIC,3,1,2026-05-11_17h28.42.991,MIC_task,,2026.1.2,59.486276515657686,2026-05-11 17h28.44.439398 +0200,
,,7,0,7,,,,,,,3,a21,elefánt,elephant,1,animal,mammal,6.4,14,21,57,None,"(-0.1, 0.1)",None,,,,,,,,,,,,,,1,0,1,0,0,12,12,12,7,0,7,0,609.2536701000026,,,,,,,,,,,,,,,,,,,,,,,,,,,,,,,,,,,,,,,,,,,,,,,,,,,,,,,,,,,,,,,,,,,,,,,,,,,,,,,,,,,,,,,,,,,,,609.2415478000003,609.2536701000026,609.2536701000026,609.2536701000026,609.4387025000033,None,,,,,,,,,,,,,,,,,,,,,,,,,,,,,,,,P2887,Bar_MIC,3,1,2026-05-11_17h28.42.991,MIC_task,,2026.1.2,59.486276515657686,2026-05-11 17h28.44.439398 +0200,
,,8,0,8,,,,,,,3,a21,elefánt,elephant,1,animal,mammal,6.4,14,21,57,None,"(-0.1, 0.1)",None,,,,,,,,,,,,,,1,0,1,0,0,12,12,12,8,0,8,0,609.4540037000006,,,,,,,,,,,,,,,,,,,,,,,,,,,,,,,,,,,,,,,,,,,,,,,,,,,,,,,,,,,,,,,,,,,,,,,,,,,,,,,,,,,,,,,,,,,,,609.4417073000004,609.4540037000006,609.4540037000006,609.4540037000006,609.6388858999999,None,,,,,,,,,,,,,,,,,,,,,,,,,,,,,,,,P2887,Bar_MIC,3,1,2026-05-11_17h28.42.991,MIC_task,,2026.1.2,59.486276515657686,2026-05-11 17h28.44.439398 +0200,
,,9,0,9,,,,,,,3,a21,elefánt,elephant,1,animal,mammal,6.4,14,21,57,None,"(-0.1, 0.1)",None,,,,,,,,,,,,,,1,0,1,0,0,12,12,12,9,0,9,0,609.6544544000026,,,,,,,,,,,,,,,,,,,,,,,,,,,,,,,,,,,,,,,,,,,,,,,,,,,,,,,,,,,,,,,,,,,,,,,,,,,,,,,,,,,,,,,,,,,,,609.6418857999997,609.6544544000026,609.6544544000026,609.6544544000026,609.8380834000018,None,,,,,,,,,,,,,,,,,,,,,,,,,,,,,,,,P2887,Bar_MIC,3,1,2026-05-11_17h28.42.991,MIC_task,,2026.1.2,59.486276515657686,2026-05-11 17h28.44.439398 +0200,
,,10,0,10,,,,,,,3,a21,elefánt,elephant,1,animal,mammal,6.4,14,21,57,None,"(-0.1, 0.1)",None,,,,,,,,,,,,,,1,0,1,0,0,12,12,12,10,0,10,0,609.8548590999999,,,,,,,,,,,,,,,,,,,,,,,,,,,,,,,,,,,,,,,,,,,,,,,,,,,,,,,,,,,,,,,,,,,,,,,,,,,,,,,,,,,,,,,,,,,,,609.8415896000006,609.8548590999999,609.8548590999999,609.8548590999999,610.0385526999999,None,,,,,,,,,,,,,,,,,,,,,,,,,,,,,,,,P2887,Bar_MIC,3,1,2026-05-11_17h28.42.991,MIC_task,,2026.1.2,59.486276515657686,2026-05-11 17h28.44.439398 +0200,
,,11,0,11,,,,,,,3,a21,elefánt,elephant,1,animal,mammal,6.4,14,21,57,None,"(-0.1, 0.1)",None,,,,,,,,,,,,,,1,0,1,0,0,12,12,12,11,0,11,0,610.0551577000006,,,,,,,,,,,,,,,,,,,,,,,,,,,,,,,,,,,,,,,,,,,,,,,,,,,,,,,,,,,,,,,,,,,,,,,,,,,,,,,,,,,,,,,,,,,,,610.0416433999999,610.0551577000006,610.0551577000006,610.0551577000006,610.2394048000024,None,,,,,,,,,,,,,,,,,,,,,,,,,,,,,,,,P2887,Bar_MIC,3,1,2026-05-11_17h28.42.991,MIC_task,,2026.1.2,59.486276515657686,2026-05-11 17h28.44.439398 +0200,
,,12,0,12,,,,,,,3,a21,elefánt,elephant,1,animal,mammal,6.4,14,21,57,None,"(-0.1, 0.1)",None,,,,,,,,,,,,,,1,0,1,0,0,12,12,12,12,0,12,0,610.2555348000024,,,,,,,,,,,,,,,,,,,,,,,,,,,,,,,,,,,,,,,,,,,,,,,,,,,,,,,,,,,,,,,,,,,,,,,,,,,,,,,,,,,,,,,,,,,,,610.2424987000013,610.2555348000024,610.2555348000024,610.2555348000024,610.4394904000001,None,,,,,,,,,,,,,,,,,,,,,,,,,,,,,,,,P2887,Bar_MIC,3,1,2026-05-11_17h28.42.991,MIC_task,,2026.1.2,59.486276515657686,2026-05-11 17h28.44.439398 +0200,
,,13,0,13,,,,,,,3,a21,elefánt,elephant,1,animal,mammal,6.4,14,21,57,None,"(-0.1, 0.1)",None,,,,,,,,,,,,,,1,0,1,0,0,12,12,12,13,0,13,0,610.4559210000007,,,,,,,,,,,,,,,,,,,,,,,,,,,,,,,,,,,,,,,,,,,,,,,,,,,,,,,,,,,,,,,,,,,,,,,,,,,,,,,,,,,,,,,,,,,,,610.4423390000011,610.4559210000007,610.4559210000007,610.4559210000007,610.6397882000019,None,,,,,,,,,,,,,,,,,,,,,,,,,,,,,,,,P2887,Bar_MIC,3,1,2026-05-11_17h28.42.991,MIC_task,,2026.1.2,59.486276515657686,2026-05-11 17h28.44.439398 +0200,
,,14,0,14,,,,,,,3,a21,elefánt,elephant,1,animal,mammal,6.4,14,21,57,None,"(-0.1, 0.1)",None,,,,,,,,,,,,,,1,0,1,0,0,12,12,12,14,0,14,0,610.6561772000023,,,,,,,,,,,,,,,,,,,,,,,,,,,,,,,,,,,,,,,,,,,,,,,,,,,,,,,,,,,,,,,,,,,,,,,,,,,,,,,,,,,,,,,,,,,,,610.6428691000001,610.6561772000023,610.6561772000023,610.6561772000023,610.8402107000002,None,,,,,,,,,,,,,,,,,,,,,,,,,,,,,,,,P2887,Bar_MIC,3,1,2026-05-11_17h28.42.991,MIC_task,,2026.1.2,59.486276515657686,2026-05-11 17h28.44.439398 +0200,
,,15,0,15,,,,,,,3,a21,elefánt,elephant,1,animal,mammal,6.4,14,21,57,None,"(-0.1, 0.1)",None,,,,,,,,,,,,,,1,0,1,0,0,12,12,12,15,0,15,0,610.8565957000028,,,,,,,,,,,,,,,,,,,,,,,,,,,,,,,,,,,,,,,,,,,,,,,,,,,,,,,,,,,,,,,,,,,,,,,,,,,,,,,,,,,,,,,,,,,,,610.8432519000016,610.8565957000028,610.8565957000028,610.8565957000028,611.0407137000002,None,,,,,,,,,,,,,,,,,,,,,,,,,,,,,,,,P2887,Bar_MIC,3,1,2026-05-11_17h28.42.991,MIC_task,,2026.1.2,59.486276515657686,2026-05-11 17h28.44.439398 +0200,
,,16,0,16,,,,,,,3,a21,elefánt,elephant,1,animal,mammal,6.4,14,21,57,None,"(-0.1, 0.1)",None,,,,,,,,,,,,,,1,0,1,0,0,12,12,12,16,0,16,0,611.0569611000028,,,,,,,,,,,,,,,,,,,,,,,,,,,,,,,,,,,,,,,,,,,,,,,,,,,,,,,,,,,,,,,,,,,,,,,,,,,,,,,,,,,,,,,,,,,,,611.0437158000022,611.0569611000028,611.0569611000028,611.0569611000028,611.2410705000002,None,,,,,,,,,,,,,,,,,,,,,,,,,,,,,,,,P2887,Bar_MIC,3,1,2026-05-11_17h28.42.991,MIC_task,,2026.1.2,59.486276515657686,2026-05-11 17h28.44.439398 +0200,
,,17,0,17,,,,,,,3,a21,elefánt,elephant,1,animal,mammal,6.4,14,21,57,None,"(-0.1, 0.1)",None,,,,,,,,,,,,,,1,0,1,0,0,12,12,12,17,0,17,0,611.2573763,,,,,,,,,,,,,,,,,,,,,,,,,,,,,,,,,,,,,,,,,,,,,,,,,,,,,,,,,,,,,,,,,,,,,,,,,,,,,,,,,,,,,,,,,,,,,611.2441666000013,611.2573763,611.2573763,611.2573763,611.4414558000026,None,,,,,,,,,,,,,,,,,,,,,,,,,,,,,,,,P2887,Bar_MIC,3,1,2026-05-11_17h28.42.991,MIC_task,,2026.1.2,59.486276515657686,2026-05-11 17h28.44.439398 +0200,
,,18,0,18,,,,,,,3,a21,elefánt,elephant,1,animal,mammal,6.4,14,21,57,None,"(-0.1, 0.1)",space,0.00116379999963101,None,,,,,,,,,,,,1,0,1,0,0,12,12,12,18,0,18,0,611.4577191000026,,,,,,,,,,,,,,,,,,,,,,,,,,,,,,,,,,,,,,,,,,,,,,,,,,,,,,,,,,,,,,,,,,,,,,,,,,,,,,,,,,,,,,,,,,,,,611.4443836999999,611.4577191000026,611.4577191000026,611.4577191000026,611.4763701000011,space,0.00116379999963101,None,,,,,,,,,,,,,,,,,,,,,,,,,,,,,,P2887,Bar_MIC,3,1,2026-05-11_17h28.42.991,MIC_task,,2026.1.2,59.486276515657686,2026-05-11 17h28.44.439398 +0200,
,,12,12,0,,,,space,1.996669699998165,None,3,a21,elefánt,elephant,1,animal,mammal,6.4,14,21,57,None,"(-0.1, 0.1)",,,,,,,,,,,,,,,1,0,1,0,0,12,12,12,,,,,,,,,,,,,,,,,,,,,,,,,,,,,,,,,,,,,,,,,,,,,,,,,,,,,,,,,,,,,,,,,,,,,,,,,,,,,,,,,611.5371059000026,611.5425639000023,611.5421525666688,613.4767936000026,,,,,,615.4809077999998,615.4978993000004,615.4978993000004,617.5010179000019,,,,,,,,,,,,,613.5035869000021,613.5085433000022,613.5100131333352,615.3966519000023,615.4808567,space,1.996669699998165,None,,,,,,,,,,,,,,,,,,,,,,P2887,Bar_MIC,3,1,2026-05-11_17h28.42.991,MIC_task,,2026.1.2,59.486276515657686,2026-05-11 17h28.44.439398 +0200,
,,0,0,0,,,,,,,3,l18,lépcső,stairs,5,location,house,6.4,21,24,78,None,"(0.1, -0.1)",None,,,,,,,,,,,,,,1,0,1,0,0,13,13,13,0,0,0,0,617.5160881000011,,,,,,,,,,,,,,,,,,,,,,,,,,,,,,,,,,,,,,,,,,,,,,,,,,,,,,,,,,,,,,,,,,,,,,,,,,,,,,,,,,,,,,,,,,,,,617.5041738,617.5160881000011,617.5160881000011,617.5160881000011,617.7014766000029,None,,,,,,,,,,,617.717295100003,617.717295100003,617.717295100003,,,,,,,,,,,,,,,,,,,P2887,Bar_MIC,3,1,2026-05-11_17h28.42.991,MIC_task,,2026.1.2,59.486276515657686,2026-05-11 17h28.44.439398 +0200,
,,0,0,0,,,,,,,3,l18,lépcső,stairs,5,location,house,6.4,21,24,78,None,"(0.1, -0.1)",None,,,,,,,,,,,,,,1,0,1,0,0,13,13,13,0,0,0,0,617.717295100003,,,,,,,,,,,,,,,,,,,,,,,,,,,,,,,,,,,,,,,,,,,,,,,,,,,,,,,,,,,,,,,,,,,,,,,,,,,,,,,,,,,,,,,,,,,,,617.7048017000016,617.717295100003,617.717295100003,617.717295100003,617.9013830000004,None,,,,,,,,,,,,,,,,,,,,,,,,,,,,,,,,P2887,Bar_MIC,3,1,2026-05-11_17h28.42.991,MIC_task,,2026.1.2,59.486276515657686,2026-05-11 17h28.44.439398 +0200,
,,1,0,1,,,,,,,3,l18,lépcső,stairs,5,location,house,6.4,21,24,78,None,"(0.1, -0.1)",None,,,,,,,,,,,,,,1,0,1,0,0,13,13,13,1,0,1,0,617.9168865000029,,,,,,,,,,,,,,,,,,,,,,,,,,,,,,,,,,,,,,,,,,,,,,,,,,,,,,,,,,,,,,,,,,,,,,,,,,,,,,,,,,,,,,,,,,,,,617.9043676000001,617.9168865000029,617.9168865000029,617.9168865000029,618.1017389000008,None,,,,,,,,,,,,,,,,,,,,,,,,,,,,,,,,P2887,Bar_MIC,3,1,2026-05-11_17h28.42.991,MIC_task,,2026.1.2,59.486276515657686,2026-05-11 17h28.44.439398 +0200,
,,2,0,2,,,,,,,3,l18,lépcső,stairs,5,location,house,6.4,21,24,78,None,"(0.1, -0.1)",None,,,,,,,,,,,,,,1,0,1,0,0,13,13,13,2,0,2,0,618.117371700002,,,,,,,,,,,,,,,,,,,,,,,,,,,,,,,,,,,,,,,,,,,,,,,,,,,,,,,,,,,,,,,,,,,,,,,,,,,,,,,,,,,,,,,,,,,,,618.1049457000008,618.117371700002,618.117371700002,618.117371700002,618.3022265,None,,,,,,,,,,,,,,,,,,,,,,,,,,,,,,,,P2887,Bar_MIC,3,1,2026-05-11_17h28.42.991,MIC_task,,2026.1.2,59.486276515657686,2026-05-11 17h28.44.439398 +0200,
,,3,0,3,,,,,,,3,l18,lépcső,stairs,5,location,house,6.4,21,24,78,None,"(0.1, -0.1)",None,,,,,,,,,,,,,,1,0,1,0,0,13,13,13,3,0,3,0,618.3176942000027,,,,,,,,,,,,,,,,,,,,,,,,,,,,,,,,,,,,,,,,,,,,,,,,,,,,,,,,,,,,,,,,,,,,,,,,,,,,,,,,,,,,,,,,,,,,,618.3055890000032,618.3176942000027,618.3176942000027,618.3176942000027,618.5027012000028,None,,,,,,,,,,,,,,,,,,,,,,,,,,,,,,,,P2887,Bar_MIC,3,1,2026-05-11_17h28.42.991,MIC_task,,2026.1.2,59.486276515657686,2026-05-11 17h28.44.439398 +0200,
,,4,0,4,,,,,,,3,l18,lépcső,stairs,5,location,house,6.4,21,24,78,None,"(0.1, -0.1)",None,,,,,,,,,,,,,,1,0,1,0,0,13,13,13,4,0,4,0,618.5180465000012,,,,,,,,,,,,,,,,,,,,,,,,,,,,,,,,,,,,,,,,,,,,,,,,,,,,,,,,,,,,,,,,,,,,,,,,,,,,,,,,,,,,,,,,,,,,,618.505805300003,618.5180465000012,618.5180465000012,618.5180465000012,618.7018158000028,None,,,,,,,,,,,,,,,,,,,,,,,,,,,,,,,,P2887,Bar_MIC,3,1,2026-05-11_17h28.42.991,MIC_task,,2026.1.2,59.486276515657686,2026-05-11 17h28.44.439398 +0200,
,,5,0,5,,,,,,,3,l18,lépcső,stairs,5,location,house,6.4,21,24,78,None,"(0.1, -0.1)",None,,,,,,,,,,,,,,1,0,1,0,0,13,13,13,5,0,5,0,618.7184641000022,,,,,,,,,,,,,,,,,,,,,,,,,,,,,,,,,,,,,,,,,,,,,,,,,,,,,,,,,,,,,,,,,,,,,,,,,,,,,,,,,,,,,,,,,,,,,618.7051814000006,618.7184641000022,618.7184641000022,618.7184641000022,618.9023083000029,None,,,,,,,,,,,,,,,,,,,,,,,,,,,,,,,,P2887,Bar_MIC,3,1,2026-05-11_17h28.42.991,MIC_task,,2026.1.2,59.486276515657686,2026-05-11 17h28.44.439398 +0200,
,,6,0,6,,,,,,,3,l18,lépcső,stairs,5,location,house,6.4,21,24,78,None,"(0.1, -0.1)",None,,,,,,,,,,,,,,1,0,1,0,0,13,13,13,6,0,6,0,618.9188009000027,,,,,,,,,,,,,,,,,,,,,,,,,,,,,,,,,,,,,,,,,,,,,,,,,,,,,,,,,,,,,,,,,,,,,,,,,,,,,,,,,,,,,,,,,,,,,618.9052475999997,618.9188009000027,618.9188009000027,618.9188009000027,619.1028939999997,None,,,,,,,,,,,,,,,,,,,,,,,,,,,,,,,,P2887,Bar_MIC,3,1,2026-05-11_17h28.42.991,MIC_task,,2026.1.2,59.486276515657686,2026-05-11 17h28.44.439398 +0200,
,,7,0,7,,,,,,,3,l18,lépcső,stairs,5,location,house,6.4,21,24,78,None,"(0.1, -0.1)",None,,,,,,,,,,,,,,1,0,1,0,0,13,13,13,7,0,7,0,619.1191905000014,,,,,,,,,,,,,,,,,,,,,,,,,,,,,,,,,,,,,,,,,,,,,,,,,,,,,,,,,,,,,,,,,,,,,,,,,,,,,,,,,,,,,,,,,,,,,619.1062438000008,619.1191905000014,619.1191905000014,619.1191905000014,619.3031585999997,None,,,,,,,,,,,,,,,,,,,,,,,,,,,,,,,,P2887,Bar_MIC,3,1,2026-05-11_17h28.42.991,MIC_task,,2026.1.2,59.486276515657686,2026-05-11 17h28.44.439398 +0200,
,,8,0,8,,,,,,,3,l18,lépcső,stairs,5,location,house,6.4,21,24,78,None,"(0.1, -0.1)",None,,,,,,,,,,,,,,1,0,1,0,0,13,13,13,8,0,8,0,619.3195631000017,,,,,,,,,,,,,,,,,,,,,,,,,,,,,,,,,,,,,,,,,,,,,,,,,,,,,,,,,,,,,,,,,,,,,,,,,,,,,,,,,,,,,,,,,,,,,619.3064062000012,619.3195631000017,619.3195631000017,619.3195631000017,619.5035265000006,None,,,,,,,,,,,,,,,,,,,,,,,,,,,,,,,,P2887,Bar_MIC,3,1,2026-05-11_17h28.42.991,MIC_task,,2026.1.2,59.486276515657686,2026-05-11 17h28.44.439398 +0200,
,,9,0,9,,,,,,,3,l18,lépcső,stairs,5,location,house,6.4,21,24,78,None,"(0.1, -0.1)",None,,,,,,,,,,,,,,1,0,1,0,0,13,13,13,9,0,9,0,619.5197797000001,,,,,,,,,,,,,,,,,,,,,,,,,,,,,,,,,,,,,,,,,,,,,,,,,,,,,,,,,,,,,,,,,,,,,,,,,,,,,,,,,,,,,,,,,,,,,619.5064447000004,619.5197797000001,619.5197797000001,619.5197797000001,619.7044829000006,None,,,,,,,,,,,,,,,,,,,,,,,,,,,,,,,,P2887,Bar_MIC,3,1,2026-05-11_17h28.42.991,MIC_task,,2026.1.2,59.486276515657686,2026-05-11 17h28.44.439398 +0200,
,,10,0,10,,,,,,,3,l18,lépcső,stairs,5,location,house,6.4,21,24,78,None,"(0.1, -0.1)",None,,,,,,,,,,,,,,1,0,1,0,0,13,13,13,10,0,10,0,619.7203513000022,,,,,,,,,,,,,,,,,,,,,,,,,,,,,,,,,,,,,,,,,,,,,,,,,,,,,,,,,,,,,,,,,,,,,,,,,,,,,,,,,,,,,,,,,,,,,619.7075676000022,619.7203513000022,619.7203513000022,619.7203513000022,619.9043923999998,None,,,,,,,,,,,,,,,,,,,,,,,,,,,,,,,,P2887,Bar_MIC,3,1,2026-05-11_17h28.42.991,MIC_task,,2026.1.2,59.486276515657686,2026-05-11 17h28.44.439398 +0200,
,,11,0,11,,,,,,,3,l18,lépcső,stairs,5,location,house,6.4,21,24,78,None,"(0.1, -0.1)",None,,,,,,,,,,,,,,1,0,1,0,0,13,13,13,11,0,11,0,619.9206660000018,,,,,,,,,,,,,,,,,,,,,,,,,,,,,,,,,,,,,,,,,,,,,,,,,,,,,,,,,,,,,,,,,,,,,,,,,,,,,,,,,,,,,,,,,,,,,619.9074928000009,619.9206660000018,619.9206660000018,619.9206660000018,620.1047229000033,None,,,,,,,,,,,,,,,,,,,,,,,,,,,,,,,,P2887,Bar_MIC,3,1,2026-05-11_17h28.42.991,MIC_task,,2026.1.2,59.486276515657686,2026-05-11 17h28.44.439398 +0200,
,,12,0,12,,,,,,,3,l18,lépcső,stairs,5,location,house,6.4,21,24,78,None,"(0.1, -0.1)",None,,,,,,,,,,,,,,1,0,1,0,0,13,13,13,12,0,12,0,620.1202363000011,,,,,,,,,,,,,,,,,,,,,,,,,,,,,,,,,,,,,,,,,,,,,,,,,,,,,,,,,,,,,,,,,,,,,,,,,,,,,,,,,,,,,,,,,,,,,620.1079671000007,620.1202363000011,620.1202363000011,620.1202363000011,620.3051694000023,None,,,,,,,,,,,,,,,,,,,,,,,,,,,,,,,,P2887,Bar_MIC,3,1,2026-05-11_17h28.42.991,MIC_task,,2026.1.2,59.486276515657686,2026-05-11 17h28.44.439398 +0200,
,,13,0,13,,,,,,,3,l18,lépcső,stairs,5,location,house,6.4,21,24,78,None,"(0.1, -0.1)",None,,,,,,,,,,,,,,1,0,1,0,0,13,13,13,13,0,13,0,620.3206965999998,,,,,,,,,,,,,,,,,,,,,,,,,,,,,,,,,,,,,,,,,,,,,,,,,,,,,,,,,,,,,,,,,,,,,,,,,,,,,,,,,,,,,,,,,,,,,620.3084852000029,620.3206965999998,620.3206965999998,620.3206965999998,620.5056134000006,None,,,,,,,,,,,,,,,,,,,,,,,,,,,,,,,,P2887,Bar_MIC,3,1,2026-05-11_17h28.42.991,MIC_task,,2026.1.2,59.486276515657686,2026-05-11 17h28.44.439398 +0200,
,,14,0,14,,,,,,,3,l18,lépcső,stairs,5,location,house,6.4,21,24,78,None,"(0.1, -0.1)",None,,,,,,,,,,,,,,1,0,1,0,0,13,13,13,14,0,14,0,620.5210776000022,,,,,,,,,,,,,,,,,,,,,,,,,,,,,,,,,,,,,,,,,,,,,,,,,,,,,,,,,,,,,,,,,,,,,,,,,,,,,,,,,,,,,,,,,,,,,620.5088589000006,620.5210776000022,620.5210776000022,620.5210776000022,620.704767700001,None,,,,,,,,,,,,,,,,,,,,,,,,,,,,,,,,P2887,Bar_MIC,3,1,2026-05-11_17h28.42.991,MIC_task,,2026.1.2,59.486276515657686,2026-05-11 17h28.44.439398 +0200,
,,15,0,15,,,,,,,3,l18,lépcső,stairs,5,location,house,6.4,21,24,78,None,"(0.1, -0.1)",None,,,,,,,,,,,,,,1,0,1,0,0,13,13,13,15,0,15,0,620.7214144000027,,,,,,,,,,,,,,,,,,,,,,,,,,,,,,,,,,,,,,,,,,,,,,,,,,,,,,,,,,,,,,,,,,,,,,,,,,,,,,,,,,,,,,,,,,,,,620.7082155999997,620.7214144000027,620.7214144000027,620.7214144000027,620.9051493000006,None,,,,,,,,,,,,,,,,,,,,,,,,,,,,,,,,P2887,Bar_MIC,3,1,2026-05-11_17h28.42.991,MIC_task,,2026.1.2,59.486276515657686,2026-05-11 17h28.44.439398 +0200,
,,16,0,16,,,,,,,3,l18,lépcső,stairs,5,location,house,6.4,21,24,78,None,"(0.1, -0.1)",None,,,,,,,,,,,,,,1,0,1,0,0,13,13,13,16,0,16,0,620.9218187000006,,,,,,,,,,,,,,,,,,,,,,,,,,,,,,,,,,,,,,,,,,,,,,,,,,,,,,,,,,,,,,,,,,,,,,,,,,,,,,,,,,,,,,,,,,,,,620.9080544000026,620.9218187000006,620.9218187000006,620.9218187000006,621.1059000000023,None,,,,,,,,,,,,,,,,,,,,,,,,,,,,,,,,P2887,Bar_MIC,3,1,2026-05-11_17h28.42.991,MIC_task,,2026.1.2,59.486276515657686,2026-05-11 17h28.44.439398 +0200,
,,17,0,17,,,,,,,3,l18,lépcső,stairs,5,location,house,6.4,21,24,78,None,"(0.1, -0.1)",None,,,,,,,,,,,,,,1,0,1,0,0,13,13,13,17,0,17,0,621.1221502000008,,,,,,,,,,,,,,,,,,,,,,,,,,,,,,,,,,,,,,,,,,,,,,,,,,,,,,,,,,,,,,,,,,,,,,,,,,,,,,,,,,,,,,,,,,,,,621.1089644000022,621.1221502000008,621.1221502000008,621.1221502000008,621.3062159000001,None,,,,,,,,,,,,,,,,,,,,,,,,,,,,,,,,P2887,Bar_MIC,3,1,2026-05-11_17h28.42.991,MIC_task,,2026.1.2,59.486276515657686,2026-05-11 17h28.44.439398 +0200,
,,18,0,18,,,,,,,3,l18,lépcső,stairs,5,location,house,6.4,21,24,78,None,"(0.1, -0.1)",None,,,,,,,,,,,,,,1,0,1,0,0,13,13,13,18,0,18,0,621.3224979000006,,,,,,,,,,,,,,,,,,,,,,,,,,,,,,,,,,,,,,,,,,,,,,,,,,,,,,,,,,,,,,,,,,,,,,,,,,,,,,,,,,,,,,,,,,,,,621.3097417999998,621.3224979000006,621.3224979000006,621.3224979000006,621.5067178999998,None,,,,,,,,,,,,,,,,,,,,,,,,,,,,,,,,P2887,Bar_MIC,3,1,2026-05-11_17h28.42.991,MIC_task,,2026.1.2,59.486276515657686,2026-05-11 17h28.44.439398 +0200,
,,19,0,19,,,,,,,3,l18,lépcső,stairs,5,location,house,6.4,21,24,78,None,"(0.1, -0.1)",None,,,,,,,,,,,,,,1,0,1,0,0,13,13,13,19,0,19,0,621.5228416000027,,,,,,,,,,,,,,,,,,,,,,,,,,,,,,,,,,,,,,,,,,,,,,,,,,,,,,,,,,,,,,,,,,,,,,,,,,,,,,,,,,,,,,,,,,,,,621.5098978000024,621.5228416000027,621.5228416000027,621.5228416000027,621.7069603000018,None,,,,,,,,,,,,,,,,,,,,,,,,,,,,,,,,P2887,Bar_MIC,3,1,2026-05-11_17h28.42.991,MIC_task,,2026.1.2,59.486276515657686,2026-05-11 17h28.44.439398 +0200,
,,20,0,20,,,,,,,3,l18,lépcső,stairs,5,location,house,6.4,21,24,78,None,"(0.1, -0.1)",None,,,,,,,,,,,,,,1,0,1,0,0,13,13,13,20,0,20,0,621.723156,,,,,,,,,,,,,,,,,,,,,,,,,,,,,,,,,,,,,,,,,,,,,,,,,,,,,,,,,,,,,,,,,,,,,,,,,,,,,,,,,,,,,,,,,,,,,621.7103120000029,621.723156,621.723156,621.723156,621.9071567999999,None,,,,,,,,,,,,,,,,,,,,,,,,,,,,,,,,P2887,Bar_MIC,3,1,2026-05-11_17h28.42.991,MIC_task,,2026.1.2,59.486276515657686,2026-05-11 17h28.44.439398 +0200,
,,21,0,21,,,,,,,3,l18,lépcső,stairs,5,location,house,6.4,21,24,78,None,"(0.1, -0.1)",None,,,,,,,,,,,,,,1,0,1,0,0,13,13,13,21,0,21,0,621.9235550000012,,,,,,,,,,,,,,,,,,,,,,,,,,,,,,,,,,,,,,,,,,,,,,,,,,,,,,,,,,,,,,,,,,,,,,,,,,,,,,,,,,,,,,,,,,,,,621.9104904000014,621.9235550000012,621.9235550000012,621.9235550000012,622.1078178000025,None,,,,,,,,,,,,,,,,,,,,,,,,,,,,,,,,P2887,Bar_MIC,3,1,2026-05-11_17h28.42.991,MIC_task,,2026.1.2,59.486276515657686,2026-05-11 17h28.44.439398 +0200,
,,22,0,22,,,,,,,3,l18,lépcső,stairs,5,location,house,6.4,21,24,78,None,"(0.1, -0.1)",None,,,,,,,,,,,,,,1,0,1,0,0,13,13,13,22,0,22,0,622.1239943,,,,,,,,,,,,,,,,,,,,,,,,,,,,,,,,,,,,,,,,,,,,,,,,,,,,,,,,,,,,,,,,,,,,,,,,,,,,,,,,,,,,,,,,,,,,,622.1108864000016,622.1239943,622.1239943,622.1239943,622.3082173000003,None,,,,,,,,,,,,,,,,,,,,,,,,,,,,,,,,P2887,Bar_MIC,3,1,2026-05-11_17h28.42.991,MIC_task,,2026.1.2,59.486276515657686,2026-05-11 17h28.44.439398 +0200,
,,23,0,23,,,,,,,3,l18,lépcső,stairs,5,location,house,6.4,21,24,78,None,"(0.1, -0.1)",None,,,,,,,,,,,,,,1,0,1,0,0,13,13,13,23,0,23,0,622.3243513000016,,,,,,,,,,,,,,,,,,,,,,,,,,,,,,,,,,,,,,,,,,,,,,,,,,,,,,,,,,,,,,,,,,,,,,,,,,,,,,,,,,,,,,,,,,,,,622.3112959999999,622.3243513000016,622.3243513000016,622.3243513000016,622.5080656999999,None,,,,,,,,,,,,,,,,,,,,,,,,,,,,,,,,P2887,Bar_MIC,3,1,2026-05-11_17h28.42.991,MIC_task,,2026.1.2,59.486276515657686,2026-05-11 17h28.44.439398 +0200,
,,24,0,24,,,,,,,3,l18,lépcső,stairs,5,location,house,6.4,21,24,78,None,"(0.1, -0.1)",space,0.12105240000164486,None,,,,,,,,,,,,1,0,1,0,0,13,13,13,24,0,24,0,622.5239757000018,,,,,,,,,,,,,,,,,,,,,,,,,,,,,,,,,,,,,,,,,,,,,,,,,,,,,,,,,,,,,,,,,,,,,,,,,,,,,,,,,,,,,,,,,,,,,622.5114604000009,622.5239757000018,622.5239757000018,622.5239757000018,622.6592974000014,space,0.12105240000164486,None,,,,,,,,,,,,,,,,,,,,,,,,,,,,,,P2887,Bar_MIC,3,1,2026-05-11_17h28.42.991,MIC_task,,2026.1.2,59.486276515657686,2026-05-11 17h28.44.439398 +0200,
,,13,13,0,,,,space,2.557073899999523,None,3,l18,lépcső,stairs,5,location,house,6.4,21,24,78,None,"(0.1, -0.1)",,,,,,,,,,,,,,,1,0,1,0,0,13,13,13,,,,,,,,,,,,,,,,,,,,,,,,,,,,,,,,,,,,,,,,,,,,,,,,,,,,,,,,,,,,,,,,,,,,,,,,,,,,,,,,,622.7212330000002,622.7260895,622.7250260666669,624.6611475999998,,,,,,626.6644551000027,626.6814018000005,626.6814018000005,629.2547743000032,,,,,,,,,,,,,624.6919615000006,624.6968626000016,624.6943578333344,626.5969272000002,626.6644084,space,2.557073899999523,None,,,,,,,,,,,,,,,,,,,,,,P2887,Bar_MIC,3,1,2026-05-11_17h28.42.991,MIC_task,,2026.1.2,59.486276515657686,2026-05-11 17h28.44.439398 +0200,
,,0,0,0,,,,,,,3,t06,sátor,tent,8,tools,camping,4.8,110,None,None,None,"(-0.1, -0.1)",None,,,,,,,,,,,,,,1,0,1,0,0,14,14,14,0,0,0,0,629.2680781000017,,,,,,,,,,,,,,,,,,,,,,,,,,,,,,,,,,,,,,,,,,,,,,,,,,,,,,,,,,,,,,,,,,,,,,,,,,,,,,,,,,,,,,,,,,,,,629.2578441000005,629.2680781000017,629.2680781000017,629.2680781000017,629.4528030000001,None,,,,,,,,,,,629.4684651000025,629.4684651000025,629.4684651000025,,,,,,,,,,,,,,,,,,,P2887,Bar_MIC,3,1,2026-05-11_17h28.42.991,MIC_task,,2026.1.2,59.486276515657686,2026-05-11 17h28.44.439398 +0200,
,,0,0,0,,,,,,,3,t06,sátor,tent,8,tools,camping,4.8,110,None,None,None,"(-0.1, -0.1)",None,,,,,,,,,,,,,,1,0,1,0,0,14,14,14,0,0,0,0,629.4684651000025,,,,,,,,,,,,,,,,,,,,,,,,,,,,,,,,,,,,,,,,,,,,,,,,,,,,,,,,,,,,,,,,,,,,,,,,,,,,,,,,,,,,,,,,,,,,,629.4558112000013,629.4684651000025,629.4684651000025,629.4684651000025,629.6530170000005,None,,,,,,,,,,,629.6688371000018,629.6688371000018,629.6688371000018,,,,,,,,,,,,,,,,,,,P2887,Bar_MIC,3,1,2026-05-11_17h28.42.991,MIC_task,,2026.1.2,59.486276515657686,2026-05-11 17h28.44.439398 +0200,
,,1,0,1,,,,,,,3,t06,sátor,tent,8,tools,camping,4.8,110,None,None,None,"(-0.1, -0.1)",None,,,,,,,,,,,,,,1,0,1,0,0,14,14,14,1,0,1,0,629.6688371000018,,,,,,,,,,,,,,,,,,,,,,,,,,,,,,,,,,,,,,,,,,,,,,,,,,,,,,,,,,,,,,,,,,,,,,,,,,,,,,,,,,,,,,,,,,,,,629.6556780000028,629.6688371000018,629.6688371000018,629.6688371000018,629.8534034000004,None,,,,,,,,,,,629.8684475000009,629.8684475000009,629.8684475000009,,,,,,,,,,,,,,,,,,,P2887,Bar_MIC,3,1,2026-05-11_17h28.42.991,MIC_task,,2026.1.2,59.486276515657686,2026-05-11 17h28.44.439398 +0200,
,,2,0,2,,,,,,,3,t06,sátor,tent,8,tools,camping,4.8,110,None,None,None,"(-0.1, -0.1)",None,,,,,,,,,,,,,,1,0,1,0,0,14,14,14,2,0,2,0,629.8684475000009,,,,,,,,,,,,,,,,,,,,,,,,,,,,,,,,,,,,,,,,,,,,,,,,,,,,,,,,,,,,,,,,,,,,,,,,,,,,,,,,,,,,,,,,,,,,,629.8564989000006,629.8684475000009,629.8684475000009,629.8684475000009,630.0537833000017,None,,,,,,,,,,,630.068848400002,630.068848400002,630.068848400002,,,,,,,,,,,,,,,,,,,P2887,Bar_MIC,3,1,2026-05-11_17h28.42.991,MIC_task,,2026.1.2,59.486276515657686,2026-05-11 17h28.44.439398 +0200,
,,3,0,3,,,,,,,3,t06,sátor,tent,8,tools,camping,4.8,110,None,None,None,"(-0.1, -0.1)",None,,,,,,,,,,,,,,1,0,1,0,0,14,14,14,3,0,3,0,630.068848400002,,,,,,,,,,,,,,,,,,,,,,,,,,,,,,,,,,,,,,,,,,,,,,,,,,,,,,,,,,,,,,,,,,,,,,,,,,,,,,,,,,,,,,,,,,,,,630.0563793000001,630.068848400002,630.068848400002,630.068848400002,630.2532798000029,None,,,,,,,,,,,630.2693994000001,630.2693994000001,630.2693994000001,,,,,,,,,,,,,,,,,,,P2887,Bar_MIC,3,1,2026-05-11_17h28.42.991,MIC_task,,2026.1.2,59.486276515657686,2026-05-11 17h28.44.439398 +0200,
,,4,0,4,,,,,,,3,t06,sátor,tent,8,tools,camping,4.8,110,None,None,None,"(-0.1, -0.1)",None,,,,,,,,,,,,,,1,0,1,0,0,14,14,14,4,0,4,0,630.2693994000001,,,,,,,,,,,,,,,,,,,,,,,,,,,,,,,,,,,,,,,,,,,,,,,,,,,,,,,,,,,,,,,,,,,,,,,,,,,,,,,,,,,,,,,,,,,,,630.257683900003,630.2693994000001,630.2693994000001,630.2693994000001,630.4534077000026,None,,,,,,,,,,,630.4696307000013,630.4696307000013,630.4696307000013,,,,,,,,,,,,,,,,,,,P2887,Bar_MIC,3,1,2026-05-11_17h28.42.991,MIC_task,,2026.1.2,59.486276515657686,2026-05-11 17h28.44.439398 +0200,
,,5,0,5,,,,,,,3,t06,sátor,tent,8,tools,camping,4.8,110,None,None,None,"(-0.1, -0.1)",None,,,,,,,,,,,,,,1,0,1,0,0,14,14,14,5,0,5,0,630.4696307000013,,,,,,,,,,,,,,,,,,,,,,,,,,,,,,,,,,,,,,,,,,,,,,,,,,,,,,,,,,,,,,,,,,,,,,,,,,,,,,,,,,,,,,,,,,,,,630.4563125000022,630.4696307000013,630.4696307000013,630.4696307000013,630.6538811999999,None,,,,,,,,,,,630.6699748000028,630.6699748000028,630.6699748000028,,,,,,,,,,,,,,,,,,,P2887,Bar_MIC,3,1,2026-05-11_17h28.42.991,MIC_task,,2026.1.2,59.486276515657686,2026-05-11 17h28.44.439398 +0200,
,,6,0,6,,,,,,,3,t06,sátor,tent,8,tools,camping,4.8,110,None,None,None,"(-0.1, -0.1)",None,,,,,,,,,,,,,,1,0,1,0,0,14,14,14,6,0,6,0,630.6699748000028,,,,,,,,,,,,,,,,,,,,,,,,,,,,,,,,,,,,,,,,,,,,,,,,,,,,,,,,,,,,,,,,,,,,,,,,,,,,,,,,,,,,,,,,,,,,,630.6572504000032,630.6699748000028,630.6699748000028,630.6699748000028,630.8543133000021,None,,,,,,,,,,,630.8703782000011,630.8703782000011,630.8703782000011,,,,,,,,,,,,,,,,,,,P2887,Bar_MIC,3,1,2026-05-11_17h28.42.991,MIC_task,,2026.1.2,59.486276515657686,2026-05-11 17h28.44.439398 +0200,
,,7,0,7,,,,,,,3,t06,sátor,tent,8,tools,camping,4.8,110,None,None,None,"(-0.1, -0.1)",None,,,,,,,,,,,,,,1,0,1,0,0,14,14,14,7,0,7,0,630.8703782000011,,,,,,,,,,,,,,,,,,,,,,,,,,,,,,,,,,,,,,,,,,,,,,,,,,,,,,,,,,,,,,,,,,,,,,,,,,,,,,,,,,,,,,,,,,,,,630.8575907000013,630.8703782000011,630.8703782000011,630.8703782000011,631.0547952000015,None,,,,,,,,,,,631.0707034000006,631.0707034000006,631.0707034000006,,,,,,,,,,,,,,,,,,,P2887,Bar_MIC,3,1,2026-05-11_17h28.42.991,MIC_task,,2026.1.2,59.486276515657686,2026-05-11 17h28.44.439398 +0200,
,,8,0,8,,,,,,,3,t06,sátor,tent,8,tools,camping,4.8,110,None,None,None,"(-0.1, -0.1)",None,,,,,,,,,,,,,,1,0,1,0,0,14,14,14,8,0,8,0,631.0707034000006,,,,,,,,,,,,,,,,,,,,,,,,,,,,,,,,,,,,,,,,,,,,,,,,,,,,,,,,,,,,,,,,,,,,,,,,,,,,,,,,,,,,,,,,,,,,,631.0573183000015,631.0707034000006,631.0707034000006,631.0707034000006,631.2550093000027,None,,,,,,,,,,,,,,,,,,,,,,,,,,,,,,,,P2887,Bar_MIC,3,1,2026-05-11_17h28.42.991,MIC_task,,2026.1.2,59.486276515657686,2026-05-11 17h28.44.439398 +0200,
,,9,0,9,,,,,,,3,t06,sátor,tent,8,tools,camping,4.8,110,None,None,None,"(-0.1, -0.1)",None,,,,,,,,,,,,,,1,0,1,0,0,14,14,14,9,0,9,0,631.2712707000028,,,,,,,,,,,,,,,,,,,,,,,,,,,,,,,,,,,,,,,,,,,,,,,,,,,,,,,,,,,,,,,,,,,,,,,,,,,,,,,,,,,,,,,,,,,,,631.2579544,631.2712707000028,631.2712707000028,631.2712707000028,631.4550259000025,None,,,,,,,,,,,,,,,,,,,,,,,,,,,,,,,,P2887,Bar_MIC,3,1,2026-05-11_17h28.42.991,MIC_task,,2026.1.2,59.486276515657686,2026-05-11 17h28.44.439398 +0200,
,,10,0,10,,,,,,,3,t06,sátor,tent,8,tools,camping,4.8,110,None,None,None,"(-0.1, -0.1)",None,,,,,,,,,,,,,,1,0,1,0,0,14,14,14,10,0,10,0,631.4713354000014,,,,,,,,,,,,,,,,,,,,,,,,,,,,,,,,,,,,,,,,,,,,,,,,,,,,,,,,,,,,,,,,,,,,,,,,,,,,,,,,,,,,,,,,,,,,,631.4580163000028,631.4713354000014,631.4713354000014,631.4713354000014,631.6556445000024,None,,,,,,,,,,,,,,,,,,,,,,,,,,,,,,,,P2887,Bar_MIC,3,1,2026-05-11_17h28.42.991,MIC_task,,2026.1.2,59.486276515657686,2026-05-11 17h28.44.439398 +0200,
,,11,0,11,,,,,,,3,t06,sátor,tent,8,tools,camping,4.8,110,None,None,None,"(-0.1, -0.1)",None,,,,,,,,,,,,,,1,0,1,0,0,14,14,14,11,0,11,0,631.6718540000002,,,,,,,,,,,,,,,,,,,,,,,,,,,,,,,,,,,,,,,,,,,,,,,,,,,,,,,,,,,,,,,,,,,,,,,,,,,,,,,,,,,,,,,,,,,,,631.6586218000011,631.6718540000002,631.6718540000002,631.6718540000002,631.8555293000027,None,,,,,,,,,,,,,,,,,,,,,,,,,,,,,,,,P2887,Bar_MIC,3,1,2026-05-11_17h28.42.991,MIC_task,,2026.1.2,59.486276515657686,2026-05-11 17h28.44.439398 +0200,
,,12,0,12,,,,,,,3,t06,sátor,tent,8,tools,camping,4.8,110,None,None,None,"(-0.1, -0.1)",None,,,,,,,,,,,,,,1,0,1,0,0,14,14,14,12,0,12,0,631.8721471000026,,,,,,,,,,,,,,,,,,,,,,,,,,,,,,,,,,,,,,,,,,,,,,,,,,,,,,,,,,,,,,,,,,,,,,,,,,,,,,,,,,,,,,,,,,,,,631.8581866000022,631.8721471000026,631.8721471000026,631.8721471000026,632.0564314000003,None,,,,,,,,,,,,,,,,,,,,,,,,,,,,,,,,P2887,Bar_MIC,3,1,2026-05-11_17h28.42.991,MIC_task,,2026.1.2,59.486276515657686,2026-05-11 17h28.44.439398 +0200,
,,13,0,13,,,,,,,3,t06,sátor,tent,8,tools,camping,4.8,110,None,None,None,"(-0.1, -0.1)",None,,,,,,,,,,,,,,1,0,1,0,0,14,14,14,13,0,13,0,632.0725626000021,,,,,,,,,,,,,,,,,,,,,,,,,,,,,,,,,,,,,,,,,,,,,,,,,,,,,,,,,,,,,,,,,,,,,,,,,,,,,,,,,,,,,,,,,,,,,632.0594020999997,632.0725626000021,632.0725626000021,632.0725626000021,632.2565620000023,None,,,,,,,,,,,,,,,,,,,,,,,,,,,,,,,,P2887,Bar_MIC,3,1,2026-05-11_17h28.42.991,MIC_task,,2026.1.2,59.486276515657686,2026-05-11 17h28.44.439398 +0200,
,,14,0,14,,,,,,,3,t06,sátor,tent,8,tools,camping,4.8,110,None,None,None,"(-0.1, -0.1)",None,,,,,,,,,,,,,,1,0,1,0,0,14,14,14,14,0,14,0,632.272151000001,,,,,,,,,,,,,,,,,,,,,,,,,,,,,,,,,,,,,,,,,,,,,,,,,,,,,,,,,,,,,,,,,,,,,,,,,,,,,,,,,,,,,,,,,,,,,632.2595252000028,632.272151000001,632.272151000001,632.272151000001,632.4563164000028,None,,,,,,,,,,,,,,,,,,,,,,,,,,,,,,,,P2887,Bar_MIC,3,1,2026-05-11_17h28.42.991,MIC_task,,2026.1.2,59.486276515657686,2026-05-11 17h28.44.439398 +0200,
,,15,0,15,,,,,,,3,t06,sátor,tent,8,tools,camping,4.8,110,None,None,None,"(-0.1, -0.1)",None,,,,,,,,,,,,,,1,0,1,0,0,14,14,14,15,0,15,0,632.4726547000027,,,,,,,,,,,,,,,,,,,,,,,,,,,,,,,,,,,,,,,,,,,,,,,,,,,,,,,,,,,,,,,,,,,,,,,,,,,,,,,,,,,,,,,,,,,,,632.4592445000017,632.4726547000027,632.4726547000027,632.4726547000027,632.6575005000013,None,,,,,,,,,,,,,,,,,,,,,,,,,,,,,,,,P2887,Bar_MIC,3,1,2026-05-11_17h28.42.991,MIC_task,,2026.1.2,59.486276515657686,2026-05-11 17h28.44.439398 +0200,
,,16,0,16,,,,,,,3,t06,sátor,tent,8,tools,camping,4.8,110,None,None,None,"(-0.1, -0.1)",None,,,,,,,,,,,,,,1,0,1,0,0,14,14,14,16,0,16,0,632.6729190000005,,,,,,,,,,,,,,,,,,,,,,,,,,,,,,,,,,,,,,,,,,,,,,,,,,,,,,,,,,,,,,,,,,,,,,,,,,,,,,,,,,,,,,,,,,,,,632.6605421000022,632.6729190000005,632.6729190000005,632.6729190000005,632.8568518000029,None,,,,,,,,,,,,,,,,,,,,,,,,,,,,,,,,P2887,Bar_MIC,3,1,2026-05-11_17h28.42.991,MIC_task,,2026.1.2,59.486276515657686,2026-05-11 17h28.44.439398 +0200,
,,17,0,17,,,,,,,3,t06,sátor,tent,8,tools,camping,4.8,110,None,None,None,"(-0.1, -0.1)",None,,,,,,,,,,,,,,1,0,1,0,0,14,14,14,17,0,17,0,632.8732904000026,,,,,,,,,,,,,,,,,,,,,,,,,,,,,,,,,,,,,,,,,,,,,,,,,,,,,,,,,,,,,,,,,,,,,,,,,,,,,,,,,,,,,,,,,,,,,632.8598450999998,632.8732904000026,632.8732904000026,632.8732904000026,633.0571786,None,,,,,,,,,,,,,,,,,,,,,,,,,,,,,,,,P2887,Bar_MIC,3,1,2026-05-11_17h28.42.991,MIC_task,,2026.1.2,59.486276515657686,2026-05-11 17h28.44.439398 +0200,
,,18,0,18,,,,,,,3,t06,sátor,tent,8,tools,camping,4.8,110,None,None,None,"(-0.1, -0.1)",None,,,,,,,,,,,,,,1,0,1,0,0,14,14,14,18,0,18,0,633.0736782000022,,,,,,,,,,,,,,,,,,,,,,,,,,,,,,,,,,,,,,,,,,,,,,,,,,,,,,,,,,,,,,,,,,,,,,,,,,,,,,,,,,,,,,,,,,,,,633.0599281000032,633.0736782000022,633.0736782000022,633.0736782000022,633.2575892000023,None,,,,,,,,,,,,,,,,,,,,,,,,,,,,,,,,P2887,Bar_MIC,3,1,2026-05-11_17h28.42.991,MIC_task,,2026.1.2,59.486276515657686,2026-05-11 17h28.44.439398 +0200,
,,19,0,19,,,,,,,3,t06,sátor,tent,8,tools,camping,4.8,110,None,None,None,"(-0.1, -0.1)",None,,,,,,,,,,,,,,1,0,1,0,0,14,14,14,19,0,19,0,633.2740497000013,,,,,,,,,,,,,,,,,,,,,,,,,,,,,,,,,,,,,,,,,,,,,,,,,,,,,,,,,,,,,,,,,,,,,,,,,,,,,,,,,,,,,,,,,,,,,633.2602326000015,633.2740497000013,633.2740497000013,633.2740497000013,633.4583647,None,,,,,,,,,,,,,,,,,,,,,,,,,,,,,,,,P2887,Bar_MIC,3,1,2026-05-11_17h28.42.991,MIC_task,,2026.1.2,59.486276515657686,2026-05-11 17h28.44.439398 +0200,
,,20,0,20,,,,,,,3,t06,sátor,tent,8,tools,camping,4.8,110,None,None,None,"(-0.1, -0.1)",None,,,,,,,,,,,,,,1,0,1,0,0,14,14,14,20,0,20,0,633.4743759000012,,,,,,,,,,,,,,,,,,,,,,,,,,,,,,,,,,,,,,,,,,,,,,,,,,,,,,,,,,,,,,,,,,,,,,,,,,,,,,,,,,,,,,,,,,,,,633.4615844,633.4743759000012,633.4743759000012,633.4743759000012,633.6584765000007,None,,,,,,,,,,,,,,,,,,,,,,,,,,,,,,,,P2887,Bar_MIC,3,1,2026-05-11_17h28.42.991,MIC_task,,2026.1.2,59.486276515657686,2026-05-11 17h28.44.439398 +0200,
,,21,0,21,,,,,,,3,t06,sátor,tent,8,tools,camping,4.8,110,None,None,None,"(-0.1, -0.1)",None,,,,,,,,,,,,,,1,0,1,0,0,14,14,14,21,0,21,0,633.6747940000023,,,,,,,,,,,,,,,,,,,,,,,,,,,,,,,,,,,,,,,,,,,,,,,,,,,,,,,,,,,,,,,,,,,,,,,,,,,,,,,,,,,,,,,,,,,,,633.6613658000024,633.6747940000023,633.6747940000023,633.6747940000023,633.8588067000019,None,,,,,,,,,,,,,,,,,,,,,,,,,,,,,,,,P2887,Bar_MIC,3,1,2026-05-11_17h28.42.991,MIC_task,,2026.1.2,59.486276515657686,2026-05-11 17h28.44.439398 +0200,
,,22,0,22,,,,,,,3,t06,sátor,tent,8,tools,camping,4.8,110,None,None,None,"(-0.1, -0.1)",None,,,,,,,,,,,,,,1,0,1,0,0,14,14,14,22,0,22,0,633.8751516000011,,,,,,,,,,,,,,,,,,,,,,,,,,,,,,,,,,,,,,,,,,,,,,,,,,,,,,,,,,,,,,,,,,,,,,,,,,,,,,,,,,,,,,,,,,,,,633.8619120000003,633.8751516000011,633.8751516000011,633.8751516000011,634.0593671000024,None,,,,,,,,,,,,,,,,,,,,,,,,,,,,,,,,P2887,Bar_MIC,3,1,2026-05-11_17h28.42.991,MIC_task,,2026.1.2,59.486276515657686,2026-05-11 17h28.44.439398 +0200,
,,23,0,23,,,,,,,3,t06,sátor,tent,8,tools,camping,4.8,110,None,None,None,"(-0.1, -0.1)",None,,,,,,,,,,,,,,1,0,1,0,0,14,14,14,23,0,23,0,634.0755334000023,,,,,,,,,,,,,,,,,,,,,,,,,,,,,,,,,,,,,,,,,,,,,,,,,,,,,,,,,,,,,,,,,,,,,,,,,,,,,,,,,,,,,,,,,,,,,634.0623900000028,634.0755334000023,634.0755334000023,634.0755334000023,634.2599507000014,None,,,,,,,,,,,,,,,,,,,,,,,,,,,,,,,,P2887,Bar_MIC,3,1,2026-05-11_17h28.42.991,MIC_task,,2026.1.2,59.486276515657686,2026-05-11 17h28.44.439398 +0200,
,,24,0,24,,,,,,,3,t06,sátor,tent,8,tools,camping,4.8,110,None,None,None,"(-0.1, -0.1)",None,,,,,,,,,,,,,,1,0,1,0,0,14,14,14,24,0,24,0,634.2758817000031,,,,,,,,,,,,,,,,,,,,,,,,,,,,,,,,,,,,,,,,,,,,,,,,,,,,,,,,,,,,,,,,,,,,,,,,,,,,,,,,,,,,,,,,,,,,,634.2629475000031,634.2758817000031,634.2758817000031,634.2758817000031,634.4601958000021,None,,,,,,,,,,,,,,,,,,,,,,,,,,,,,,,,P2887,Bar_MIC,3,1,2026-05-11_17h28.42.991,MIC_task,,2026.1.2,59.486276515657686,2026-05-11 17h28.44.439398 +0200,
,,25,0,25,,,,,,,3,t06,sátor,tent,8,tools,camping,4.8,110,None,None,None,"(-0.1, -0.1)",None,,,,,,,,,,,,,,1,0,1,0,0,14,14,14,25,0,25,0,634.4755653000029,,,,,,,,,,,,,,,,,,,,,,,,,,,,,,,,,,,,,,,,,,,,,,,,,,,,,,,,,,,,,,,,,,,,,,,,,,,,,,,,,,,,,,,,,,,,,634.462919900001,634.4755653000029,634.4755653000029,634.4755653000029,634.6603585000012,None,,,,,,,,,,,,,,,,,,,,,,,,,,,,,,,,P2887,Bar_MIC,3,1,2026-05-11_17h28.42.991,MIC_task,,2026.1.2,59.486276515657686,2026-05-11 17h28.44.439398 +0200,
,,26,0,26,,,,,,,3,t06,sátor,tent,8,tools,camping,4.8,110,None,None,None,"(-0.1, -0.1)",None,,,,,,,,,,,,,,1,0,1,0,0,14,14,14,26,0,26,0,634.6758502000012,,,,,,,,,,,,,,,,,,,,,,,,,,,,,,,,,,,,,,,,,,,,,,,,,,,,,,,,,,,,,,,,,,,,,,,,,,,,,,,,,,,,,,,,,,,,,634.6631106000023,634.6758502000012,634.6758502000012,634.6758502000012,634.8600350000015,None,,,,,,,,,,,,,,,,,,,,,,,,,,,,,,,,P2887,Bar_MIC,3,1,2026-05-11_17h28.42.991,MIC_task,,2026.1.2,59.486276515657686,2026-05-11 17h28.44.439398 +0200,
,,27,0,27,,,,,,,3,t06,sátor,tent,8,tools,camping,4.8,110,None,None,None,"(-0.1, -0.1)",None,,,,,,,,,,,,,,1,0,1,0,0,14,14,14,27,0,27,0,634.8763553000026,,,,,,,,,,,,,,,,,,,,,,,,,,,,,,,,,,,,,,,,,,,,,,,,,,,,,,,,,,,,,,,,,,,,,,,,,,,,,,,,,,,,,,,,,,,,,634.8629065000023,634.8763553000026,634.8763553000026,634.8763553000026,635.0602701000025,None,,,,,,,,,,,,,,,,,,,,,,,,,,,,,,,,P2887,Bar_MIC,3,1,2026-05-11_17h28.42.991,MIC_task,,2026.1.2,59.486276515657686,2026-05-11 17h28.44.439398 +0200,
,,28,0,28,,,,,,,3,t06,sátor,tent,8,tools,camping,4.8,110,None,None,None,"(-0.1, -0.1)",None,,,,,,,,,,,,,,1,0,1,0,0,14,14,14,28,0,28,0,635.0766674000006,,,,,,,,,,,,,,,,,,,,,,,,,,,,,,,,,,,,,,,,,,,,,,,,,,,,,,,,,,,,,,,,,,,,,,,,,,,,,,,,,,,,,,,,,,,,,635.0629851000012,635.0766674000006,635.0766674000006,635.0766674000006,635.2605397000007,None,,,,,,,,,,,,,,,,,,,,,,,,,,,,,,,,P2887,Bar_MIC,3,1,2026-05-11_17h28.42.991,MIC_task,,2026.1.2,59.486276515657686,2026-05-11 17h28.44.439398 +0200,
,,29,0,29,,,,,,,3,t06,sátor,tent,8,tools,camping,4.8,110,None,None,None,"(-0.1, -0.1)",None,,,,,,,,,,,,,,1,0,1,0,0,14,14,14,29,0,29,0,635.2770584999998,,,,,,,,,,,,,,,,,,,,,,,,,,,,,,,,,,,,,,,,,,,,,,,,,,,,,,,,,,,,,,,,,,,,,,,,,,,,,,,,,,,,,,,,,,,,,635.2632771000026,635.2770584999998,635.2770584999998,635.2770584999998,635.4609197000027,None,,,,,,,,,,,,,,,,,,,,,,,,,,,,,,,,P2887,Bar_MIC,3,1,2026-05-11_17h28.42.991,MIC_task,,2026.1.2,59.486276515657686,2026-05-11 17h28.44.439398 +0200,
,,30,0,30,,,,,,,3,t06,sátor,tent,8,tools,camping,4.8,110,None,None,None,"(-0.1, -0.1)",None,,,,,,,,,,,,,,1,0,1,0,0,14,14,14,30,0,30,0,635.4773445000028,,,,,,,,,,,,,,,,,,,,,,,,,,,,,,,,,,,,,,,,,,,,,,,,,,,,,,,,,,,,,,,,,,,,,,,,,,,,,,,,,,,,,,,,,,,,,635.4635364000023,635.4773445000028,635.4773445000028,635.4773445000028,635.6613887000021,None,,,,,,,,,,,,,,,,,,,,,,,,,,,,,,,,P2887,Bar_MIC,3,1,2026-05-11_17h28.42.991,MIC_task,,2026.1.2,59.486276515657686,2026-05-11 17h28.44.439398 +0200,
,,31,0,31,,,,,,,3,t06,sátor,tent,8,tools,camping,4.8,110,None,None,None,"(-0.1, -0.1)",space,0.009081199998036027,None,,,,,,,,,,,,1,0,1,0,0,14,14,14,31,0,31,0,635.6777778000032,,,,,,,,,,,,,,,,,,,,,,,,,,,,,,,,,,,,,,,,,,,,,,,,,,,,,,,,,,,,,,,,,,,,,,,,,,,,,,,,,,,,,,,,,,,,,635.6641057000015,635.6777778000032,635.6777778000032,635.6777778000032,635.6960523000016,space,0.009081199998036027,None,,,,,,,,,,,,,,,,,,,,,,,,,,,,,,P2887,Bar_MIC,3,1,2026-05-11_17h28.42.991,MIC_task,,2026.1.2,59.486276515657686,2026-05-11 17h28.44.439398 +0200,
,,14,14,0,,,,space,2.8492689999984577,None,3,t06,sátor,tent,8,tools,camping,4.8,110,None,None,None,"(-0.1, -0.1)",,,,,,,,,,,,,,,1,0,1,0,0,14,14,14,,,,,,,,,,,,,,,,,,,,,,,,,,,,,,,,,,,,,,,,,,,,,,,,,,,,,,,,,,,,,,,,,,,,,,,,,,,,,,,,,635.7578138999997,635.763558300001,635.7617439666692,637.6975861000028,,,,,,639.700808900001,639.7178592000018,639.7178592000018,642.5722636000028,,,,,,,,,,,,,637.7236159000022,637.7283414000012,637.7307816333346,639.6166661000025,639.7007625000006,space,2.8492689999984577,None,,,,,,,,,,,,,,,,,,,,,,P2887,Bar_MIC,3,1,2026-05-11_17h28.42.991,MIC_task,,2026.1.2,59.486276515657686,2026-05-11 17h28.44.439398 +0200,
,,0,0,0,,,,,,,3,v10,bicikli,bicycle,10,vehicles,wheels,7,None,None,57,19,"(0, 0.1)",None,,,,,,,,,,,,,,1,0,1,0,0,15,15,15,0,0,0,0,642.587964600003,,,,,,,,,,,,,,,,,,,,,,,,,,,,,,,,,,,,,,,,,,,,,,,,,,,,,,,,,,,,,,,,,,,,,,,,,,,,,,,,,,,,,,,,,,,,,642.5752982000013,642.587964600003,642.587964600003,642.587964600003,642.7729160000017,None,,,,,,,,,,,,,,,,,,,,,,,,,,,,,,,,P2887,Bar_MIC,3,1,2026-05-11_17h28.42.991,MIC_task,,2026.1.2,59.486276515657686,2026-05-11 17h28.44.439398 +0200,
,,0,0,0,,,,,,,3,v10,bicikli,bicycle,10,vehicles,wheels,7,None,None,57,19,"(0, 0.1)",None,,,,,,,,,,,,,,1,0,1,0,0,15,15,15,0,0,0,0,642.7883920000022,,,,,,,,,,,,,,,,,,,,,,,,,,,,,,,,,,,,,,,,,,,,,,,,,,,,,,,,,,,,,,,,,,,,,,,,,,,,,,,,,,,,,,,,,,,,,642.7761344000028,642.7883920000022,642.7883920000022,642.7883920000022,642.9724252000015,None,,,,,,,,,,,,,,,,,,,,,,,,,,,,,,,,P2887,Bar_MIC,3,1,2026-05-11_17h28.42.991,MIC_task,,2026.1.2,59.486276515657686,2026-05-11 17h28.44.439398 +0200,
,,1,0,1,,,,,,,3,v10,bicikli,bicycle,10,vehicles,wheels,7,None,None,57,19,"(0, 0.1)",None,,,,,,,,,,,,,,1,0,1,0,0,15,15,15,1,0,1,0,642.9887550000021,,,,,,,,,,,,,,,,,,,,,,,,,,,,,,,,,,,,,,,,,,,,,,,,,,,,,,,,,,,,,,,,,,,,,,,,,,,,,,,,,,,,,,,,,,,,,642.9754078000005,642.9887550000021,642.9887550000021,642.9887550000021,643.1725102000019,None,,,,,,,,,,,,,,,,,,,,,,,,,,,,,,,,P2887,Bar_MIC,3,1,2026-05-11_17h28.42.991,MIC_task,,2026.1.2,59.486276515657686,2026-05-11 17h28.44.439398 +0200,
,,2,0,2,,,,,,,3,v10,bicikli,bicycle,10,vehicles,wheels,7,None,None,57,19,"(0, 0.1)",None,,,,,,,,,,,,,,1,0,1,0,0,15,15,15,2,0,2,0,643.1891056000022,,,,,,,,,,,,,,,,,,,,,,,,,,,,,,,,,,,,,,,,,,,,,,,,,,,,,,,,,,,,,,,,,,,,,,,,,,,,,,,,,,,,,,,,,,,,,643.1754204000026,643.1891056000022,643.1891056000022,643.1891056000022,643.3731224000003,None,,,,,,,,,,,,,,,,,,,,,,,,,,,,,,,,P2887,Bar_MIC,3,1,2026-05-11_17h28.42.991,MIC_task,,2026.1.2,59.486276515657686,2026-05-11 17h28.44.439398 +0200,
,,3,0,3,,,,,,,3,v10,bicikli,bicycle,10,vehicles,wheels,7,None,None,57,19,"(0, 0.1)",None,,,,,,,,,,,,,,1,0,1,0,0,15,15,15,3,0,3,0,643.3895024000012,,,,,,,,,,,,,,,,,,,,,,,,,,,,,,,,,,,,,,,,,,,,,,,,,,,,,,,,,,,,,,,,,,,,,,,,,,,,,,,,,,,,,,,,,,,,,643.3760617000007,643.3895024000012,643.3895024000012,643.3895024000012,643.5734163000016,None,,,,,,,,,,,,,,,,,,,,,,,,,,,,,,,,P2887,Bar_MIC,3,1,2026-05-11_17h28.42.991,MIC_task,,2026.1.2,59.486276515657686,2026-05-11 17h28.44.439398 +0200,
,,4,0,4,,,,,,,3,v10,bicikli,bicycle,10,vehicles,wheels,7,None,None,57,19,"(0, 0.1)",None,,,,,,,,,,,,,,1,0,1,0,0,15,15,15,4,0,4,0,643.5899630000022,,,,,,,,,,,,,,,,,,,,,,,,,,,,,,,,,,,,,,,,,,,,,,,,,,,,,,,,,,,,,,,,,,,,,,,,,,,,,,,,,,,,,,,,,,,,,643.5767089000001,643.5899630000022,643.5899630000022,643.5899630000022,643.7737969000009,None,,,,,,,,,,,,,,,,,,,,,,,,,,,,,,,,P2887,Bar_MIC,3,1,2026-05-11_17h28.42.991,MIC_task,,2026.1.2,59.486276515657686,2026-05-11 17h28.44.439398 +0200,
,,5,0,5,,,,,,,3,v10,bicikli,bicycle,10,vehicles,wheels,7,None,None,57,19,"(0, 0.1)",None,,,,,,,,,,,,,,1,0,1,0,0,15,15,15,5,0,5,0,643.7900933000019,,,,,,,,,,,,,,,,,,,,,,,,,,,,,,,,,,,,,,,,,,,,,,,,,,,,,,,,,,,,,,,,,,,,,,,,,,,,,,,,,,,,,,,,,,,,,643.7767048000023,643.7900933000019,643.7900933000019,643.7900933000019,643.9744370000008,None,,,,,,,,,,,,,,,,,,,,,,,,,,,,,,,,P2887,Bar_MIC,3,1,2026-05-11_17h28.42.991,MIC_task,,2026.1.2,59.486276515657686,2026-05-11 17h28.44.439398 +0200,
,,6,0,6,,,,,,,3,v10,bicikli,bicycle,10,vehicles,wheels,7,None,None,57,19,"(0, 0.1)",None,,,,,,,,,,,,,,1,0,1,0,0,15,15,15,6,0,6,0,643.9906236000024,,,,,,,,,,,,,,,,,,,,,,,,,,,,,,,,,,,,,,,,,,,,,,,,,,,,,,,,,,,,,,,,,,,,,,,,,,,,,,,,,,,,,,,,,,,,,643.9772780000021,643.9906236000024,643.9906236000024,643.9906236000024,644.1746445000026,None,,,,,,,,,,,,,,,,,,,,,,,,,,,,,,,,P2887,Bar_MIC,3,1,2026-05-11_17h28.42.991,MIC_task,,2026.1.2,59.486276515657686,2026-05-11 17h28.44.439398 +0200,
,,7,0,7,,,,,,,3,v10,bicikli,bicycle,10,vehicles,wheels,7,None,None,57,19,"(0, 0.1)",None,,,,,,,,,,,,,,1,0,1,0,0,15,15,15,7,0,7,0,644.1902034000013,,,,,,,,,,,,,,,,,,,,,,,,,,,,,,,,,,,,,,,,,,,,,,,,,,,,,,,,,,,,,,,,,,,,,,,,,,,,,,,,,,,,,,,,,,,,,644.1778000000013,644.1902034000013,644.1902034000013,644.1902034000013,644.3750429000029,None,,,,,,,,,,,,,,,,,,,,,,,,,,,,,,,,P2887,Bar_MIC,3,1,2026-05-11_17h28.42.991,MIC_task,,2026.1.2,59.486276515657686,2026-05-11 17h28.44.439398 +0200,
,,8,0,8,,,,,,,3,v10,bicikli,bicycle,10,vehicles,wheels,7,None,None,57,19,"(0, 0.1)",None,,,,,,,,,,,,,,1,0,1,0,0,15,15,15,8,0,8,0,644.3913132000016,,,,,,,,,,,,,,,,,,,,,,,,,,,,,,,,,,,,,,,,,,,,,,,,,,,,,,,,,,,,,,,,,,,,,,,,,,,,,,,,,,,,,,,,,,,,,644.3782008000017,644.3913132000016,644.3913132000016,644.3913132000016,644.5754092000025,None,,,,,,,,,,,,,,,,,,,,,,,,,,,,,,,,P2887,Bar_MIC,3,1,2026-05-11_17h28.42.991,MIC_task,,2026.1.2,59.486276515657686,2026-05-11 17h28.44.439398 +0200,
,,9,0,9,,,,,,,3,v10,bicikli,bicycle,10,vehicles,wheels,7,None,None,57,19,"(0, 0.1)",None,,,,,,,,,,,,,,1,0,1,0,0,15,15,15,9,0,9,0,644.5909830000019,,,,,,,,,,,,,,,,,,,,,,,,,,,,,,,,,,,,,,,,,,,,,,,,,,,,,,,,,,,,,,,,,,,,,,,,,,,,,,,,,,,,,,,,,,,,,644.5786571999997,644.5909830000019,644.5909830000019,644.5909830000019,644.7758358000028,None,,,,,,,,,,,,,,,,,,,,,,,,,,,,,,,,P2887,Bar_MIC,3,1,2026-05-11_17h28.42.991,MIC_task,,2026.1.2,59.486276515657686,2026-05-11 17h28.44.439398 +0200,
,,10,0,10,,,,,,,3,v10,bicikli,bicycle,10,vehicles,wheels,7,None,None,57,19,"(0, 0.1)",None,,,,,,,,,,,,,,1,0,1,0,0,15,15,15,10,0,10,0,644.7913266000032,,,,,,,,,,,,,,,,,,,,,,,,,,,,,,,,,,,,,,,,,,,,,,,,,,,,,,,,,,,,,,,,,,,,,,,,,,,,,,,,,,,,,,,,,,,,,644.7793049000029,644.7913266000032,644.7913266000032,644.7913266000032,644.9749912000007,None,,,,,,,,,,,,,,,,,,,,,,,,,,,,,,,,P2887,Bar_MIC,3,1,2026-05-11_17h28.42.991,MIC_task,,2026.1.2,59.486276515657686,2026-05-11 17h28.44.439398 +0200,
,,11,0,11,,,,,,,3,v10,bicikli,bicycle,10,vehicles,wheels,7,None,None,57,19,"(0, 0.1)",None,,,,,,,,,,,,,,1,0,1,0,0,15,15,15,11,0,11,0,644.9917187000028,,,,,,,,,,,,,,,,,,,,,,,,,,,,,,,,,,,,,,,,,,,,,,,,,,,,,,,,,,,,,,,,,,,,,,,,,,,,,,,,,,,,,,,,,,,,,644.9781187000008,644.9917187000028,644.9917187000028,644.9917187000028,645.1766859000018,None,,,,,,,,,,,,,,,,,,,,,,,,,,,,,,,,P2887,Bar_MIC,3,1,2026-05-11_17h28.42.991,MIC_task,,2026.1.2,59.486276515657686,2026-05-11 17h28.44.439398 +0200,
,,12,0,12,,,,,,,3,v10,bicikli,bicycle,10,vehicles,wheels,7,None,None,57,19,"(0, 0.1)",None,,,,,,,,,,,,,,1,0,1,0,0,15,15,15,12,0,12,0,645.1920783000023,,,,,,,,,,,,,,,,,,,,,,,,,,,,,,,,,,,,,,,,,,,,,,,,,,,,,,,,,,,,,,,,,,,,,,,,,,,,,,,,,,,,,,,,,,,,,645.1796178000004,645.1920783000023,645.1920783000023,645.1920783000023,645.3758680999999,None,,,,,,,,,,,,,,,,,,,,,,,,,,,,,,,,P2887,Bar_MIC,3,1,2026-05-11_17h28.42.991,MIC_task,,2026.1.2,59.486276515657686,2026-05-11 17h28.44.439398 +0200,
,,13,0,13,,,,,,,3,v10,bicikli,bicycle,10,vehicles,wheels,7,None,None,57,19,"(0, 0.1)",None,,,,,,,,,,,,,,1,0,1,0,0,15,15,15,13,0,13,0,645.3924455000015,,,,,,,,,,,,,,,,,,,,,,,,,,,,,,,,,,,,,,,,,,,,,,,,,,,,,,,,,,,,,,,,,,,,,,,,,,,,,,,,,,,,,,,,,,,,,645.3791016000032,645.3924455000015,645.3924455000015,645.3924455000015,645.5762672000019,None,,,,,,,,,,,,,,,,,,,,,,,,,,,,,,,,P2887,Bar_MIC,3,1,2026-05-11_17h28.42.991,MIC_task,,2026.1.2,59.486276515657686,2026-05-11 17h28.44.439398 +0200,
,,14,0,14,,,,,,,3,v10,bicikli,bicycle,10,vehicles,wheels,7,None,None,57,19,"(0, 0.1)",None,,,,,,,,,,,,,,1,0,1,0,0,15,15,15,14,0,14,0,645.5928502000024,,,,,,,,,,,,,,,,,,,,,,,,,,,,,,,,,,,,,,,,,,,,,,,,,,,,,,,,,,,,,,,,,,,,,,,,,,,,,,,,,,,,,,,,,,,,,645.5795147999997,645.5928502000024,645.5928502000024,645.5928502000024,645.7767106000028,None,,,,,,,,,,,,,,,,,,,,,,,,,,,,,,,,P2887,Bar_MIC,3,1,2026-05-11_17h28.42.991,MIC_task,,2026.1.2,59.486276515657686,2026-05-11 17h28.44.439398 +0200,
,,15,0,15,,,,,,,3,v10,bicikli,bicycle,10,vehicles,wheels,7,None,None,57,19,"(0, 0.1)",None,,,,,,,,,,,,,,1,0,1,0,0,15,15,15,15,0,15,0,645.7932110000002,,,,,,,,,,,,,,,,,,,,,,,,,,,,,,,,,,,,,,,,,,,,,,,,,,,,,,,,,,,,,,,,,,,,,,,,,,,,,,,,,,,,,,,,,,,,,645.7800813000031,645.7932110000002,645.7932110000002,645.7932110000002,645.9772233000003,None,,,,,,,,,,,,,,,,,,,,,,,,,,,,,,,,P2887,Bar_MIC,3,1,2026-05-11_17h28.42.991,MIC_task,,2026.1.2,59.486276515657686,2026-05-11 17h28.44.439398 +0200,
,,16,0,16,,,,,,,3,v10,bicikli,bicycle,10,vehicles,wheels,7,None,None,57,19,"(0, 0.1)",None,,,,,,,,,,,,,,1,0,1,0,0,15,15,15,16,0,16,0,645.9936108000002,,,,,,,,,,,,,,,,,,,,,,,,,,,,,,,,,,,,,,,,,,,,,,,,,,,,,,,,,,,,,,,,,,,,,,,,,,,,,,,,,,,,,,,,,,,,,645.9801408000021,645.9936108000002,645.9936108000002,645.9936108000002,646.1777059000015,None,,,,,,,,,,,,,,,,,,,,,,,,,,,,,,,,P2887,Bar_MIC,3,1,2026-05-11_17h28.42.991,MIC_task,,2026.1.2,59.486276515657686,2026-05-11 17h28.44.439398 +0200,
,,17,0,17,,,,,,,3,v10,bicikli,bicycle,10,vehicles,wheels,7,None,None,57,19,"(0, 0.1)",None,,,,,,,,,,,,,,1,0,1,0,0,15,15,15,17,0,17,0,646.1939689999999,,,,,,,,,,,,,,,,,,,,,,,,,,,,,,,,,,,,,,,,,,,,,,,,,,,,,,,,,,,,,,,,,,,,,,,,,,,,,,,,,,,,,,,,,,,,,646.1806934000015,646.1939689999999,646.1939689999999,646.1939689999999,646.3778875000025,None,,,,,,,,,,,,,,,,,,,,,,,,,,,,,,,,P2887,Bar_MIC,3,1,2026-05-11_17h28.42.991,MIC_task,,2026.1.2,59.486276515657686,2026-05-11 17h28.44.439398 +0200,
,,18,0,18,,,,,,,3,v10,bicikli,bicycle,10,vehicles,wheels,7,None,None,57,19,"(0, 0.1)",None,,,,,,,,,,,,,,1,0,1,0,0,15,15,15,18,0,18,0,646.3941777,,,,,,,,,,,,,,,,,,,,,,,,,,,,,,,,,,,,,,,,,,,,,,,,,,,,,,,,,,,,,,,,,,,,,,,,,,,,,,,,,,,,,,,,,,,,,646.3813356999999,646.3941777,646.3941777,646.3941777,646.5783482000006,None,,,,,,,,,,,,,,,,,,,,,,,,,,,,,,,,P2887,Bar_MIC,3,1,2026-05-11_17h28.42.991,MIC_task,,2026.1.2,59.486276515657686,2026-05-11 17h28.44.439398 +0200,
,,19,0,19,,,,,,,3,v10,bicikli,bicycle,10,vehicles,wheels,7,None,None,57,19,"(0, 0.1)",None,,,,,,,,,,,,,,1,0,1,0,0,15,15,15,19,0,19,0,646.5946350000013,,,,,,,,,,,,,,,,,,,,,,,,,,,,,,,,,,,,,,,,,,,,,,,,,,,,,,,,,,,,,,,,,,,,,,,,,,,,,,,,,,,,,,,,,,,,,646.5816798000014,646.5946350000013,646.5946350000013,646.5946350000013,646.7786830000005,None,,,,,,,,,,,,,,,,,,,,,,,,,,,,,,,,P2887,Bar_MIC,3,1,2026-05-11_17h28.42.991,MIC_task,,2026.1.2,59.486276515657686,2026-05-11 17h28.44.439398 +0200,
,,20,0,20,,,,,,,3,v10,bicikli,bicycle,10,vehicles,wheels,7,None,None,57,19,"(0, 0.1)",space,0.017946399999345886,None,,,,,,,,,,,,1,0,1,0,0,15,15,15,20,0,20,0,646.7943139000017,,,,,,,,,,,,,,,,,,,,,,,,,,,,,,,,,,,,,,,,,,,,,,,,,,,,,,,,,,,,,,,,,,,,,,,,,,,,,,,,,,,,,,,,,,,,,646.7820720000018,646.7943139000017,646.7943139000017,646.7943139000017,646.8285921000024,space,0.017946399999345886,None,,,,,,,,,,,,,,,,,,,,,,,,,,,,,,P2887,Bar_MIC,3,1,2026-05-11_17h28.42.991,MIC_task,,2026.1.2,59.486276515657686,2026-05-11 17h28.44.439398 +0200,
,,15,15,0,,,,space,3.2369951999971818,None,3,v10,bicikli,bicycle,10,vehicles,wheels,7,None,None,57,19,"(0, 0.1)",,,,,,,,,,,,,,,1,0,1,0,0,15,15,15,,,,,,,,,,,,,,,,,,,,,,,,,,,,,,,,,,,,,,,,,,,,,,,,,,,,,,,,,,,,,,,,,,,,,,,,,,,,,,,,,646.8873795,646.892055700002,646.8945533666674,648.8312948000021,,,,,,650.8350314000018,650.8505792000033,650.8505792000033,654.0909401000026,,,,,,,,,,,,,648.8612538000016,648.8661892000018,648.8645150333364,650.7509279000005,650.8349780999997,space,3.2369951999971818,None,,,,,,,,,,,,,,,,,,,,,,P2887,Bar_MIC,3,1,2026-05-11_17h28.42.991,MIC_task,,2026.1.2,59.486276515657686,2026-05-11 17h28.44.439398 +0200,
,,0,0,0,,,,,,,3,ty14,lufi,balloon,9,toys,gadget,6.6,148,18,None,None,"(-0.1, 0.1)",None,,,,,,,,,,,,,,1,0,1,0,0,16,16,16,0,0,0,0,654.1059090000017,,,,,,,,,,,,,,,,,,,,,,,,,,,,,,,,,,,,,,,,,,,,,,,,,,,,,,,,,,,,,,,,,,,,,,,,,,,,,,,,,,,,,,,,,,,,,654.0937301000013,654.1059090000017,654.1059090000017,654.1059090000017,654.290703900002,None,,,,,,,,,,,654.3063435000004,654.3063435000004,654.3063435000004,,,,,,,,,,,,,,,,,,,P2887,Bar_MIC,3,1,2026-05-11_17h28.42.991,MIC_task,,2026.1.2,59.486276515657686,2026-05-11 17h28.44.439398 +0200,
,,0,0,0,,,,,,,3,ty14,lufi,balloon,9,toys,gadget,6.6,148,18,None,None,"(-0.1, 0.1)",None,,,,,,,,,,,,,,1,0,1,0,0,16,16,16,0,0,0,0,654.3063435000004,,,,,,,,,,,,,,,,,,,,,,,,,,,,,,,,,,,,,,,,,,,,,,,,,,,,,,,,,,,,,,,,,,,,,,,,,,,,,,,,,,,,,,,,,,,,,654.2935236000012,654.3063435000004,654.3063435000004,654.3063435000004,654.4910562000005,None,,,,,,,,,,,654.5067581000003,654.5067581000003,654.5067581000003,,,,,,,,,,,,,,,,,,,P2887,Bar_MIC,3,1,2026-05-11_17h28.42.991,MIC_task,,2026.1.2,59.486276515657686,2026-05-11 17h28.44.439398 +0200,
,,1,0,1,,,,,,,3,ty14,lufi,balloon,9,toys,gadget,6.6,148,18,None,None,"(-0.1, 0.1)",None,,,,,,,,,,,,,,1,0,1,0,0,16,16,16,1,0,1,0,654.5067581000003,,,,,,,,,,,,,,,,,,,,,,,,,,,,,,,,,,,,,,,,,,,,,,,,,,,,,,,,,,,,,,,,,,,,,,,,,,,,,,,,,,,,,,,,,,,,,654.4938859000031,654.5067581000003,654.5067581000003,654.5067581000003,654.6912590000029,None,,,,,,,,,,,654.7063708000023,654.7063708000023,654.7063708000023,,,,,,,,,,,,,,,,,,,P2887,Bar_MIC,3,1,2026-05-11_17h28.42.991,MIC_task,,2026.1.2,59.486276515657686,2026-05-11 17h28.44.439398 +0200,
,,2,0,2,,,,,,,3,ty14,lufi,balloon,9,toys,gadget,6.6,148,18,None,None,"(-0.1, 0.1)",None,,,,,,,,,,,,,,1,0,1,0,0,16,16,16,2,0,2,0,654.7063708000023,,,,,,,,,,,,,,,,,,,,,,,,,,,,,,,,,,,,,,,,,,,,,,,,,,,,,,,,,,,,,,,,,,,,,,,,,,,,,,,,,,,,,,,,,,,,,654.6938881000024,654.7063708000023,654.7063708000023,654.7063708000023,654.8912282000019,None,,,,,,,,,,,,,,,,,,,,,,,,,,,,,,,,P2887,Bar_MIC,3,1,2026-05-11_17h28.42.991,MIC_task,,2026.1.2,59.486276515657686,2026-05-11 17h28.44.439398 +0200,
,,3,0,3,,,,,,,3,ty14,lufi,balloon,9,toys,gadget,6.6,148,18,None,None,"(-0.1, 0.1)",None,,,,,,,,,,,,,,1,0,1,0,0,16,16,16,3,0,3,0,654.9067974000027,,,,,,,,,,,,,,,,,,,,,,,,,,,,,,,,,,,,,,,,,,,,,,,,,,,,,,,,,,,,,,,,,,,,,,,,,,,,,,,,,,,,,,,,,,,,,654.8946531000001,654.9067974000027,654.9067974000027,654.9067974000027,655.0917641000015,None,,,,,,,,,,,,,,,,,,,,,,,,,,,,,,,,P2887,Bar_MIC,3,1,2026-05-11_17h28.42.991,MIC_task,,2026.1.2,59.486276515657686,2026-05-11 17h28.44.439398 +0200,
,,4,0,4,,,,,,,3,ty14,lufi,balloon,9,toys,gadget,6.6,148,18,None,None,"(-0.1, 0.1)",None,,,,,,,,,,,,,,1,0,1,0,0,16,16,16,4,0,4,0,655.1071177000013,,,,,,,,,,,,,,,,,,,,,,,,,,,,,,,,,,,,,,,,,,,,,,,,,,,,,,,,,,,,,,,,,,,,,,,,,,,,,,,,,,,,,,,,,,,,,655.0948856000032,655.1071177000013,655.1071177000013,655.1071177000013,655.2913257,None,,,,,,,,,,,655.3074835000007,655.3074835000007,655.3074835000007,,,,,,,,,,,,,,,,,,,P2887,Bar_MIC,3,1,2026-05-11_17h28.42.991,MIC_task,,2026.1.2,59.486276515657686,2026-05-11 17h28.44.439398 +0200,
,,5,0,5,,,,,,,3,ty14,lufi,balloon,9,toys,gadget,6.6,148,18,None,None,"(-0.1, 0.1)",None,,,,,,,,,,,,,,1,0,1,0,0,16,16,16,5,0,5,0,655.3074835000007,,,,,,,,,,,,,,,,,,,,,,,,,,,,,,,,,,,,,,,,,,,,,,,,,,,,,,,,,,,,,,,,,,,,,,,,,,,,,,,,,,,,,,,,,,,,,655.2941941999998,655.3074835000007,655.3074835000007,655.3074835000007,655.4913333000004,None,,,,,,,,,,,,,,,,,,,,,,,,,,,,,,,,P2887,Bar_MIC,3,1,2026-05-11_17h28.42.991,MIC_task,,2026.1.2,59.486276515657686,2026-05-11 17h28.44.439398 +0200,
,,6,0,6,,,,,,,3,ty14,lufi,balloon,9,toys,gadget,6.6,148,18,None,None,"(-0.1, 0.1)",None,,,,,,,,,,,,,,1,0,1,0,0,16,16,16,6,0,6,0,655.5079492000004,,,,,,,,,,,,,,,,,,,,,,,,,,,,,,,,,,,,,,,,,,,,,,,,,,,,,,,,,,,,,,,,,,,,,,,,,,,,,,,,,,,,,,,,,,,,,655.4940717000027,655.5079492000004,655.5079492000004,655.5079492000004,655.6915820000031,None,,,,,,,,,,,,,,,,,,,,,,,,,,,,,,,,P2887,Bar_MIC,3,1,2026-05-11_17h28.42.991,MIC_task,,2026.1.2,59.486276515657686,2026-05-11 17h28.44.439398 +0200,
,,7,0,7,,,,,,,3,ty14,lufi,balloon,9,toys,gadget,6.6,148,18,None,None,"(-0.1, 0.1)",None,,,,,,,,,,,,,,1,0,1,0,0,16,16,16,7,0,7,0,655.7082407000016,,,,,,,,,,,,,,,,,,,,,,,,,,,,,,,,,,,,,,,,,,,,,,,,,,,,,,,,,,,,,,,,,,,,,,,,,,,,,,,,,,,,,,,,,,,,,655.6943866000001,655.7082407000016,655.7082407000016,655.7082407000016,655.892416900002,None,,,,,,,,,,,,,,,,,,,,,,,,,,,,,,,,P2887,Bar_MIC,3,1,2026-05-11_17h28.42.991,MIC_task,,2026.1.2,59.486276515657686,2026-05-11 17h28.44.439398 +0200,
,,8,0,8,,,,,,,3,ty14,lufi,balloon,9,toys,gadget,6.6,148,18,None,None,"(-0.1, 0.1)",None,,,,,,,,,,,,,,1,0,1,0,0,16,16,16,8,0,8,0,655.9085864000008,,,,,,,,,,,,,,,,,,,,,,,,,,,,,,,,,,,,,,,,,,,,,,,,,,,,,,,,,,,,,,,,,,,,,,,,,,,,,,,,,,,,,,,,,,,,,655.8954236999998,655.9085864000008,655.9085864000008,655.9085864000008,656.0925533000009,None,,,,,,,,,,,,,,,,,,,,,,,,,,,,,,,,P2887,Bar_MIC,3,1,2026-05-11_17h28.42.991,MIC_task,,2026.1.2,59.486276515657686,2026-05-11 17h28.44.439398 +0200,
,,9,0,9,,,,,,,3,ty14,lufi,balloon,9,toys,gadget,6.6,148,18,None,None,"(-0.1, 0.1)",None,,,,,,,,,,,,,,1,0,1,0,0,16,16,16,9,0,9,0,656.1089778000023,,,,,,,,,,,,,,,,,,,,,,,,,,,,,,,,,,,,,,,,,,,,,,,,,,,,,,,,,,,,,,,,,,,,,,,,,,,,,,,,,,,,,,,,,,,,,656.0953222000026,656.1089778000023,656.1089778000023,656.1089778000023,656.2930107000029,None,,,,,,,,,,,,,,,,,,,,,,,,,,,,,,,,P2887,Bar_MIC,3,1,2026-05-11_17h28.42.991,MIC_task,,2026.1.2,59.486276515657686,2026-05-11 17h28.44.439398 +0200,
,,10,0,10,,,,,,,3,ty14,lufi,balloon,9,toys,gadget,6.6,148,18,None,None,"(-0.1, 0.1)",None,,,,,,,,,,,,,,1,0,1,0,0,16,16,16,10,0,10,0,656.3093489000021,,,,,,,,,,,,,,,,,,,,,,,,,,,,,,,,,,,,,,,,,,,,,,,,,,,,,,,,,,,,,,,,,,,,,,,,,,,,,,,,,,,,,,,,,,,,,656.2961532000008,656.3093489000021,656.3093489000021,656.3093489000021,656.4933642000033,None,,,,,,,,,,,,,,,,,,,,,,,,,,,,,,,,P2887,Bar_MIC,3,1,2026-05-11_17h28.42.991,MIC_task,,2026.1.2,59.486276515657686,2026-05-11 17h28.44.439398 +0200,
,,11,0,11,,,,,,,3,ty14,lufi,balloon,9,toys,gadget,6.6,148,18,None,None,"(-0.1, 0.1)",None,,,,,,,,,,,,,,1,0,1,0,0,16,16,16,11,0,11,0,656.5089430000007,,,,,,,,,,,,,,,,,,,,,,,,,,,,,,,,,,,,,,,,,,,,,,,,,,,,,,,,,,,,,,,,,,,,,,,,,,,,,,,,,,,,,,,,,,,,,656.4964544000031,656.5089430000007,656.5089430000007,656.5089430000007,656.6944313000022,None,,,,,,,,,,,,,,,,,,,,,,,,,,,,,,,,P2887,Bar_MIC,3,1,2026-05-11_17h28.42.991,MIC_task,,2026.1.2,59.486276515657686,2026-05-11 17h28.44.439398 +0200,
,,12,0,12,,,,,,,3,ty14,lufi,balloon,9,toys,gadget,6.6,148,18,None,None,"(-0.1, 0.1)",None,,,,,,,,,,,,,,1,0,1,0,0,16,16,16,12,0,12,0,656.7101158000005,,,,,,,,,,,,,,,,,,,,,,,,,,,,,,,,,,,,,,,,,,,,,,,,,,,,,,,,,,,,,,,,,,,,,,,,,,,,,,,,,,,,,,,,,,,,,656.6975326000029,656.7101158000005,656.7101158000005,656.7101158000005,656.8941504000031,None,,,,,,,,,,,,,,,,,,,,,,,,,,,,,,,,P2887,Bar_MIC,3,1,2026-05-11_17h28.42.991,MIC_task,,2026.1.2,59.486276515657686,2026-05-11 17h28.44.439398 +0200,
,,13,0,13,,,,,,,3,ty14,lufi,balloon,9,toys,gadget,6.6,148,18,None,None,"(-0.1, 0.1)",None,,,,,,,,,,,,,,1,0,1,0,0,16,16,16,13,0,13,0,656.909752800002,,,,,,,,,,,,,,,,,,,,,,,,,,,,,,,,,,,,,,,,,,,,,,,,,,,,,,,,,,,,,,,,,,,,,,,,,,,,,,,,,,,,,,,,,,,,,656.8971723000031,656.909752800002,656.909752800002,656.909752800002,657.094611200002,None,,,,,,,,,,,,,,,,,,,,,,,,,,,,,,,,P2887,Bar_MIC,3,1,2026-05-11_17h28.42.991,MIC_task,,2026.1.2,59.486276515657686,2026-05-11 17h28.44.439398 +0200,
,,14,0,14,,,,,,,3,ty14,lufi,balloon,9,toys,gadget,6.6,148,18,None,None,"(-0.1, 0.1)",None,,,,,,,,,,,,,,1,0,1,0,0,16,16,16,14,0,14,0,657.1101398999999,,,,,,,,,,,,,,,,,,,,,,,,,,,,,,,,,,,,,,,,,,,,,,,,,,,,,,,,,,,,,,,,,,,,,,,,,,,,,,,,,,,,,,,,,,,,,657.0974005999997,657.1101398999999,657.1101398999999,657.1101398999999,657.2950622000026,None,,,,,,,,,,,,,,,,,,,,,,,,,,,,,,,,P2887,Bar_MIC,3,1,2026-05-11_17h28.42.991,MIC_task,,2026.1.2,59.486276515657686,2026-05-11 17h28.44.439398 +0200,
,,15,0,15,,,,,,,3,ty14,lufi,balloon,9,toys,gadget,6.6,148,18,None,None,"(-0.1, 0.1)",None,,,,,,,,,,,,,,1,0,1,0,0,16,16,16,15,0,15,0,657.3105174000011,,,,,,,,,,,,,,,,,,,,,,,,,,,,,,,,,,,,,,,,,,,,,,,,,,,,,,,,,,,,,,,,,,,,,,,,,,,,,,,,,,,,,,,,,,,,,657.2979645000014,657.3105174000011,657.3105174000011,657.3105174000011,657.4942919000023,None,,,,,,,,,,,,,,,,,,,,,,,,,,,,,,,,P2887,Bar_MIC,3,1,2026-05-11_17h28.42.991,MIC_task,,2026.1.2,59.486276515657686,2026-05-11 17h28.44.439398 +0200,
,,16,0,16,,,,,,,3,ty14,lufi,balloon,9,toys,gadget,6.6,148,18,None,None,"(-0.1, 0.1)",None,,,,,,,,,,,,,,1,0,1,0,0,16,16,16,16,0,16,0,657.5108314999998,,,,,,,,,,,,,,,,,,,,,,,,,,,,,,,,,,,,,,,,,,,,,,,,,,,,,,,,,,,,,,,,,,,,,,,,,,,,,,,,,,,,,,,,,,,,,657.497354500003,657.5108314999998,657.5108314999998,657.5108314999998,657.6945938000026,None,,,,,,,,,,,,,,,,,,,,,,,,,,,,,,,,P2887,Bar_MIC,3,1,2026-05-11_17h28.42.991,MIC_task,,2026.1.2,59.486276515657686,2026-05-11 17h28.44.439398 +0200,
,,17,0,17,,,,,,,3,ty14,lufi,balloon,9,toys,gadget,6.6,148,18,None,None,"(-0.1, 0.1)",None,,,,,,,,,,,,,,1,0,1,0,0,16,16,16,17,0,17,0,657.7112538000001,,,,,,,,,,,,,,,,,,,,,,,,,,,,,,,,,,,,,,,,,,,,,,,,,,,,,,,,,,,,,,,,,,,,,,,,,,,,,,,,,,,,,,,,,,,,,657.6976715000019,657.7112538000001,657.7112538000001,657.7112538000001,657.8950170000026,None,,,,,,,,,,,,,,,,,,,,,,,,,,,,,,,,P2887,Bar_MIC,3,1,2026-05-11_17h28.42.991,MIC_task,,2026.1.2,59.486276515657686,2026-05-11 17h28.44.439398 +0200,
,,18,0,18,,,,,,,3,ty14,lufi,balloon,9,toys,gadget,6.6,148,18,None,None,"(-0.1, 0.1)",None,,,,,,,,,,,,,,1,0,1,0,0,16,16,16,18,0,18,0,657.9116076000028,,,,,,,,,,,,,,,,,,,,,,,,,,,,,,,,,,,,,,,,,,,,,,,,,,,,,,,,,,,,,,,,,,,,,,,,,,,,,,,,,,,,,,,,,,,,,657.8982535000032,657.9116076000028,657.9116076000028,657.9116076000028,658.0954308,None,,,,,,,,,,,,,,,,,,,,,,,,,,,,,,,,P2887,Bar_MIC,3,1,2026-05-11_17h28.42.991,MIC_task,,2026.1.2,59.486276515657686,2026-05-11 17h28.44.439398 +0200,
,,19,0,19,,,,,,,3,ty14,lufi,balloon,9,toys,gadget,6.6,148,18,None,None,"(-0.1, 0.1)",None,,,,,,,,,,,,,,1,0,1,0,0,16,16,16,19,0,19,0,658.111904100002,,,,,,,,,,,,,,,,,,,,,,,,,,,,,,,,,,,,,,,,,,,,,,,,,,,,,,,,,,,,,,,,,,,,,,,,,,,,,,,,,,,,,,,,,,,,,658.0984589,658.111904100002,658.111904100002,658.111904100002,658.2958883000028,None,,,,,,,,,,,,,,,,,,,,,,,,,,,,,,,,P2887,Bar_MIC,3,1,2026-05-11_17h28.42.991,MIC_task,,2026.1.2,59.486276515657686,2026-05-11 17h28.44.439398 +0200,
,,20,0,20,,,,,,,3,ty14,lufi,balloon,9,toys,gadget,6.6,148,18,None,None,"(-0.1, 0.1)",None,,,,,,,,,,,,,,1,0,1,0,0,16,16,16,20,0,20,0,658.3122352999999,,,,,,,,,,,,,,,,,,,,,,,,,,,,,,,,,,,,,,,,,,,,,,,,,,,,,,,,,,,,,,,,,,,,,,,,,,,,,,,,,,,,,,,,,,,,,658.2987592000027,658.3122352999999,658.3122352999999,658.3122352999999,658.4962730000007,None,,,,,,,,,,,,,,,,,,,,,,,,,,,,,,,,P2887,Bar_MIC,3,1,2026-05-11_17h28.42.991,MIC_task,,2026.1.2,59.486276515657686,2026-05-11 17h28.44.439398 +0200,
,,21,0,21,,,,,,,3,ty14,lufi,balloon,9,toys,gadget,6.6,148,18,None,None,"(-0.1, 0.1)",None,,,,,,,,,,,,,,1,0,1,0,0,16,16,16,21,0,21,0,658.5126143000016,,,,,,,,,,,,,,,,,,,,,,,,,,,,,,,,,,,,,,,,,,,,,,,,,,,,,,,,,,,,,,,,,,,,,,,,,,,,,,,,,,,,,,,,,,,,,658.4994459000009,658.5126143000016,658.5126143000016,658.5126143000016,658.6967188000017,None,,,,,,,,,,,,,,,,,,,,,,,,,,,,,,,,P2887,Bar_MIC,3,1,2026-05-11_17h28.42.991,MIC_task,,2026.1.2,59.486276515657686,2026-05-11 17h28.44.439398 +0200,
,,22,0,22,,,,,,,3,ty14,lufi,balloon,9,toys,gadget,6.6,148,18,None,None,"(-0.1, 0.1)",None,,,,,,,,,,,,,,1,0,1,0,0,16,16,16,22,0,22,0,658.7129908000024,,,,,,,,,,,,,,,,,,,,,,,,,,,,,,,,,,,,,,,,,,,,,,,,,,,,,,,,,,,,,,,,,,,,,,,,,,,,,,,,,,,,,,,,,,,,,658.6994553000004,658.7129908000024,658.7129908000024,658.7129908000024,658.8974120000021,None,,,,,,,,,,,,,,,,,,,,,,,,,,,,,,,,P2887,Bar_MIC,3,1,2026-05-11_17h28.42.991,MIC_task,,2026.1.2,59.486276515657686,2026-05-11 17h28.44.439398 +0200,
,,23,0,23,,,,,,,3,ty14,lufi,balloon,9,toys,gadget,6.6,148,18,None,None,"(-0.1, 0.1)",None,,,,,,,,,,,,,,1,0,1,0,0,16,16,16,23,0,23,0,658.9133819000017,,,,,,,,,,,,,,,,,,,,,,,,,,,,,,,,,,,,,,,,,,,,,,,,,,,,,,,,,,,,,,,,,,,,,,,,,,,,,,,,,,,,,,,,,,,,,658.9004454000024,658.9133819000017,658.9133819000017,658.9133819000017,659.0975046000021,None,,,,,,,,,,,,,,,,,,,,,,,,,,,,,,,,P2887,Bar_MIC,3,1,2026-05-11_17h28.42.991,MIC_task,,2026.1.2,59.486276515657686,2026-05-11 17h28.44.439398 +0200,
,,24,0,24,,,,,,,3,ty14,lufi,balloon,9,toys,gadget,6.6,148,18,None,None,"(-0.1, 0.1)",None,,,,,,,,,,,,,,1,0,1,0,0,16,16,16,24,0,24,0,659.1130981000024,,,,,,,,,,,,,,,,,,,,,,,,,,,,,,,,,,,,,,,,,,,,,,,,,,,,,,,,,,,,,,,,,,,,,,,,,,,,,,,,,,,,,,,,,,,,,659.1006417000026,659.1130981000024,659.1130981000024,659.1130981000024,659.2980951000027,None,,,,,,,,,,,,,,,,,,,,,,,,,,,,,,,,P2887,Bar_MIC,3,1,2026-05-11_17h28.42.991,MIC_task,,2026.1.2,59.486276515657686,2026-05-11 17h28.44.439398 +0200,
,,25,0,25,,,,,,,3,ty14,lufi,balloon,9,toys,gadget,6.6,148,18,None,None,"(-0.1, 0.1)",None,,,,,,,,,,,,,,1,0,1,0,0,16,16,16,25,0,25,0,659.3133924000031,,,,,,,,,,,,,,,,,,,,,,,,,,,,,,,,,,,,,,,,,,,,,,,,,,,,,,,,,,,,,,,,,,,,,,,,,,,,,,,,,,,,,,,,,,,,,659.3008869000005,659.3133924000031,659.3133924000031,659.3133924000031,659.4983356000012,None,,,,,,,,,,,,,,,,,,,,,,,,,,,,,,,,P2887,Bar_MIC,3,1,2026-05-11_17h28.42.991,MIC_task,,2026.1.2,59.486276515657686,2026-05-11 17h28.44.439398 +0200,
,,26,0,26,,,,,,,3,ty14,lufi,balloon,9,toys,gadget,6.6,148,18,None,None,"(-0.1, 0.1)",None,,,,,,,,,,,,,,1,0,1,0,0,16,16,16,26,0,26,0,659.5137754000025,,,,,,,,,,,,,,,,,,,,,,,,,,,,,,,,,,,,,,,,,,,,,,,,,,,,,,,,,,,,,,,,,,,,,,,,,,,,,,,,,,,,,,,,,,,,,659.5011408999999,659.5137754000025,659.5137754000025,659.5137754000025,659.6987542000024,None,,,,,,,,,,,,,,,,,,,,,,,,,,,,,,,,P2887,Bar_MIC,3,1,2026-05-11_17h28.42.991,MIC_task,,2026.1.2,59.486276515657686,2026-05-11 17h28.44.439398 +0200,
,,27,0,27,,,,,,,3,ty14,lufi,balloon,9,toys,gadget,6.6,148,18,None,None,"(-0.1, 0.1)",None,,,,,,,,,,,,,,1,0,1,0,0,16,16,16,27,0,27,0,659.7142840000015,,,,,,,,,,,,,,,,,,,,,,,,,,,,,,,,,,,,,,,,,,,,,,,,,,,,,,,,,,,,,,,,,,,,,,,,,,,,,,,,,,,,,,,,,,,,,659.7015996000009,659.7142840000015,659.7142840000015,659.7142840000015,659.8981462000011,None,,,,,,,,,,,,,,,,,,,,,,,,,,,,,,,,P2887,Bar_MIC,3,1,2026-05-11_17h28.42.991,MIC_task,,2026.1.2,59.486276515657686,2026-05-11 17h28.44.439398 +0200,
,,28,0,28,,,,,,,3,ty14,lufi,balloon,9,toys,gadget,6.6,148,18,None,None,"(-0.1, 0.1)",None,,,,,,,,,,,,,,1,0,1,0,0,16,16,16,28,0,28,0,659.9145488000031,,,,,,,,,,,,,,,,,,,,,,,,,,,,,,,,,,,,,,,,,,,,,,,,,,,,,,,,,,,,,,,,,,,,,,,,,,,,,,,,,,,,,,,,,,,,,659.9012731000003,659.9145488000031,659.9145488000031,659.9145488000031,660.0983646000022,None,,,,,,,,,,,,,,,,,,,,,,,,,,,,,,,,P2887,Bar_MIC,3,1,2026-05-11_17h28.42.991,MIC_task,,2026.1.2,59.486276515657686,2026-05-11 17h28.44.439398 +0200,
,,29,0,29,,,,,,,3,ty14,lufi,balloon,9,toys,gadget,6.6,148,18,None,None,"(-0.1, 0.1)",None,,,,,,,,,,,,,,1,0,1,0,0,16,16,16,29,0,29,0,660.1148880000001,,,,,,,,,,,,,,,,,,,,,,,,,,,,,,,,,,,,,,,,,,,,,,,,,,,,,,,,,,,,,,,,,,,,,,,,,,,,,,,,,,,,,,,,,,,,,660.1014814000009,660.1148880000001,660.1148880000001,660.1148880000001,660.2988050000022,None,,,,,,,,,,,,,,,,,,,,,,,,,,,,,,,,P2887,Bar_MIC,3,1,2026-05-11_17h28.42.991,MIC_task,,2026.1.2,59.486276515657686,2026-05-11 17h28.44.439398 +0200,
,,30,0,30,,,,,,,3,ty14,lufi,balloon,9,toys,gadget,6.6,148,18,None,None,"(-0.1, 0.1)",None,,,,,,,,,,,,,,1,0,1,0,0,16,16,16,30,0,30,0,660.3153743000003,,,,,,,,,,,,,,,,,,,,,,,,,,,,,,,,,,,,,,,,,,,,,,,,,,,,,,,,,,,,,,,,,,,,,,,,,,,,,,,,,,,,,,,,,,,,,660.3018795999997,660.3153743000003,660.3153743000003,660.3153743000003,660.4995995999998,None,,,,,,,,,,,,,,,,,,,,,,,,,,,,,,,,P2887,Bar_MIC,3,1,2026-05-11_17h28.42.991,MIC_task,,2026.1.2,59.486276515657686,2026-05-11 17h28.44.439398 +0200,
,,31,0,31,,,,,,,3,ty14,lufi,balloon,9,toys,gadget,6.6,148,18,None,None,"(-0.1, 0.1)",None,,,,,,,,,,,,,,1,0,1,0,0,16,16,16,31,0,31,0,660.5157313000018,,,,,,,,,,,,,,,,,,,,,,,,,,,,,,,,,,,,,,,,,,,,,,,,,,,,,,,,,,,,,,,,,,,,,,,,,,,,,,,,,,,,,,,,,,,,,660.5025917000021,660.5157313000018,660.5157313000018,660.5157313000018,660.6999907000027,None,,,,,,,,,,,,,,,,,,,,,,,,,,,,,,,,P2887,Bar_MIC,3,1,2026-05-11_17h28.42.991,MIC_task,,2026.1.2,59.486276515657686,2026-05-11 17h28.44.439398 +0200,
,,32,0,32,,,,,,,3,ty14,lufi,balloon,9,toys,gadget,6.6,148,18,None,None,"(-0.1, 0.1)",None,,,,,,,,,,,,,,1,0,1,0,0,16,16,16,32,0,32,0,660.7160833000016,,,,,,,,,,,,,,,,,,,,,,,,,,,,,,,,,,,,,,,,,,,,,,,,,,,,,,,,,,,,,,,,,,,,,,,,,,,,,,,,,,,,,,,,,,,,,660.7033110000011,660.7160833000016,660.7160833000016,660.7160833000016,660.9007136,None,,,,,,,,,,,,,,,,,,,,,,,,,,,,,,,,P2887,Bar_MIC,3,1,2026-05-11_17h28.42.991,MIC_task,,2026.1.2,59.486276515657686,2026-05-11 17h28.44.439398 +0200,
,,33,0,33,,,,,,,3,ty14,lufi,balloon,9,toys,gadget,6.6,148,18,None,None,"(-0.1, 0.1)",None,,,,,,,,,,,,,,1,0,1,0,0,16,16,16,33,0,33,0,660.9163089000031,,,,,,,,,,,,,,,,,,,,,,,,,,,,,,,,,,,,,,,,,,,,,,,,,,,,,,,,,,,,,,,,,,,,,,,,,,,,,,,,,,,,,,,,,,,,,660.9035223000028,660.9163089000031,660.9163089000031,660.9163089000031,661.1006359000021,None,,,,,,,,,,,,,,,,,,,,,,,,,,,,,,,,P2887,Bar_MIC,3,1,2026-05-11_17h28.42.991,MIC_task,,2026.1.2,59.486276515657686,2026-05-11 17h28.44.439398 +0200,
,,34,0,34,,,,,,,3,ty14,lufi,balloon,9,toys,gadget,6.6,148,18,None,None,"(-0.1, 0.1)",space,None,None,,,,,,,,,,,,1,0,1,0,0,16,16,16,34,0,34,0,661.1167741000027,,,,,,,,,,,,,,,,,,,,,,,,,,,,,,,,,,,,,,,,,,,,,,,,,,,,,,,,,,,,,,,,,,,,,,,,,,,,,,,,,,,,,,,,,,,,,661.1033955000021,661.1167741000027,661.1167741000027,661.1167741000027,661.2683117000015,space,None,None,,,,,,,,,,,,,,,,,,,,,,,,,,,,,,P2887,Bar_MIC,3,1,2026-05-11_17h28.42.991,MIC_task,,2026.1.2,59.486276515657686,2026-05-11 17h28.44.439398 +0200,
,,16,16,0,,,,space,0.27782679999654647,None,3,ty14,lufi,balloon,9,toys,gadget,6.6,148,18,None,None,"(-0.1, 0.1)",,,,,,,,,,,,,,,1,0,1,0,0,16,16,16,,,,,,,,,,,,,,,,,,,,,,,,,,,,,,,,,,,,,,,,,,,,,,,,,,,,,,,,,,,,,,,,,,,,,,,,,,,,,,,,,661.3283256000032,661.3336258000018,661.3341681666689,663.2699970000031,,,,,,665.2731614000004,665.290065000001,665.290065000001,665.5739845999997,,,,,,,,,,,,,663.2980344000025,663.3030959000025,663.3032061333365,665.1902134000011,665.273116700002,space,0.27782679999654647,None,,,,,,,,,,,,,,,,,,,,,,P2887,Bar_MIC,3,1,2026-05-11_17h28.42.991,MIC_task,,2026.1.2,59.486276515657686,2026-05-11 17h28.44.439398 +0200,
,,0,0,0,,,,,,,3,p17,orvos,doctor,6,people,professions,7,843,None,104,None,"(0.1, -0.1)",None,,,,,,,,,,,,,,1,0,1,0,0,17,17,17,0,0,0,0,665.5897954000029,,,,,,,,,,,,,,,,,,,,,,,,,,,,,,,,,,,,,,,,,,,,,,,,,,,,,,,,,,,,,,,,,,,,,,,,,,,,,,,,,,,,,,,,,,,,,665.5771540000023,665.5897954000029,665.5897954000029,665.5897954000029,665.7739453000031,None,,,,,,,,,,,665.7900996000026,665.7900996000026,665.7900996000026,,,,,,,,,,,,,,,,,,,P2887,Bar_MIC,3,1,2026-05-11_17h28.42.991,MIC_task,,2026.1.2,59.486276515657686,2026-05-11 17h28.44.439398 +0200,
,,0,0,0,,,,,,,3,p17,orvos,doctor,6,people,professions,7,843,None,104,None,"(0.1, -0.1)",None,,,,,,,,,,,,,,1,0,1,0,0,17,17,17,0,0,0,0,665.7900996000026,,,,,,,,,,,,,,,,,,,,,,,,,,,,,,,,,,,,,,,,,,,,,,,,,,,,,,,,,,,,,,,,,,,,,,,,,,,,,,,,,,,,,,,,,,,,,665.7767844000009,665.7900996000026,665.7900996000026,665.7900996000026,665.9742904000013,None,,,,,,,,,,,665.9905103000019,665.9905103000019,665.9905103000019,,,,,,,,,,,,,,,,,,,P2887,Bar_MIC,3,1,2026-05-11_17h28.42.991,MIC_task,,2026.1.2,59.486276515657686,2026-05-11 17h28.44.439398 +0200,
,,1,0,1,,,,,,,3,p17,orvos,doctor,6,people,professions,7,843,None,104,None,"(0.1, -0.1)",None,,,,,,,,,,,,,,1,0,1,0,0,17,17,17,1,0,1,0,665.9905103000019,,,,,,,,,,,,,,,,,,,,,,,,,,,,,,,,,,,,,,,,,,,,,,,,,,,,,,,,,,,,,,,,,,,,,,,,,,,,,,,,,,,,,,,,,,,,,665.9773842000031,665.9905103000019,665.9905103000019,665.9905103000019,666.1742474000021,None,,,,,,,,,,,,,,,,,,,,,,,,,,,,,,,,P2887,Bar_MIC,3,1,2026-05-11_17h28.42.991,MIC_task,,2026.1.2,59.486276515657686,2026-05-11 17h28.44.439398 +0200,
,,2,0,2,,,,,,,3,p17,orvos,doctor,6,people,professions,7,843,None,104,None,"(0.1, -0.1)",None,,,,,,,,,,,,,,1,0,1,0,0,17,17,17,2,0,2,0,666.1909005000016,,,,,,,,,,,,,,,,,,,,,,,,,,,,,,,,,,,,,,,,,,,,,,,,,,,,,,,,,,,,,,,,,,,,,,,,,,,,,,,,,,,,,,,,,,,,,666.1776863000014,666.1909005000016,666.1909005000016,666.1909005000016,666.3748279000029,None,,,,,,,,,,,,,,,,,,,,,,,,,,,,,,,,P2887,Bar_MIC,3,1,2026-05-11_17h28.42.991,MIC_task,,2026.1.2,59.486276515657686,2026-05-11 17h28.44.439398 +0200,
,,3,0,3,,,,,,,3,p17,orvos,doctor,6,people,professions,7,843,None,104,None,"(0.1, -0.1)",None,,,,,,,,,,,,,,1,0,1,0,0,17,17,17,3,0,3,0,666.3912414000006,,,,,,,,,,,,,,,,,,,,,,,,,,,,,,,,,,,,,,,,,,,,,,,,,,,,,,,,,,,,,,,,,,,,,,,,,,,,,,,,,,,,,,,,,,,,,666.3781718999999,666.3912414000006,666.3912414000006,666.3912414000006,666.5751831000016,None,,,,,,,,,,,,,,,,,,,,,,,,,,,,,,,,P2887,Bar_MIC,3,1,2026-05-11_17h28.42.991,MIC_task,,2026.1.2,59.486276515657686,2026-05-11 17h28.44.439398 +0200,
,,4,0,4,,,,,,,3,p17,orvos,doctor,6,people,professions,7,843,None,104,None,"(0.1, -0.1)",None,,,,,,,,,,,,,,1,0,1,0,0,17,17,17,4,0,4,0,666.5915722000027,,,,,,,,,,,,,,,,,,,,,,,,,,,,,,,,,,,,,,,,,,,,,,,,,,,,,,,,,,,,,,,,,,,,,,,,,,,,,,,,,,,,,,,,,,,,,666.5783525000006,666.5915722000027,666.5915722000027,666.5915722000027,666.7757382000018,None,,,,,,,,,,,,,,,,,,,,,,,,,,,,,,,,P2887,Bar_MIC,3,1,2026-05-11_17h28.42.991,MIC_task,,2026.1.2,59.486276515657686,2026-05-11 17h28.44.439398 +0200,
,,5,0,5,,,,,,,3,p17,orvos,doctor,6,people,professions,7,843,None,104,None,"(0.1, -0.1)",None,,,,,,,,,,,,,,1,0,1,0,0,17,17,17,5,0,5,0,666.7919875000007,,,,,,,,,,,,,,,,,,,,,,,,,,,,,,,,,,,,,,,,,,,,,,,,,,,,,,,,,,,,,,,,,,,,,,,,,,,,,,,,,,,,,,,,,,,,,666.7789666000026,666.7919875000007,666.7919875000007,666.7919875000007,666.9763500000008,None,,,,,,,,,,,,,,,,,,,,,,,,,,,,,,,,P2887,Bar_MIC,3,1,2026-05-11_17h28.42.991,MIC_task,,2026.1.2,59.486276515657686,2026-05-11 17h28.44.439398 +0200,
,,6,0,6,,,,,,,3,p17,orvos,doctor,6,people,professions,7,843,None,104,None,"(0.1, -0.1)",None,,,,,,,,,,,,,,1,0,1,0,0,17,17,17,6,0,6,0,666.9923991000032,,,,,,,,,,,,,,,,,,,,,,,,,,,,,,,,,,,,,,,,,,,,,,,,,,,,,,,,,,,,,,,,,,,,,,,,,,,,,,,,,,,,,,,,,,,,,666.9795688000013,666.9923991000032,666.9923991000032,666.9923991000032,667.1761398000017,None,,,,,,,,,,,,,,,,,,,,,,,,,,,,,,,,P2887,Bar_MIC,3,1,2026-05-11_17h28.42.991,MIC_task,,2026.1.2,59.486276515657686,2026-05-11 17h28.44.439398 +0200,
,,7,0,7,,,,,,,3,p17,orvos,doctor,6,people,professions,7,843,None,104,None,"(0.1, -0.1)",None,,,,,,,,,,,,,,1,0,1,0,0,17,17,17,7,0,7,0,667.1928316000012,,,,,,,,,,,,,,,,,,,,,,,,,,,,,,,,,,,,,,,,,,,,,,,,,,,,,,,,,,,,,,,,,,,,,,,,,,,,,,,,,,,,,,,,,,,,,667.1791306000014,667.1928316000012,667.1928316000012,667.1928316000012,667.3776372000029,None,,,,,,,,,,,,,,,,,,,,,,,,,,,,,,,,P2887,Bar_MIC,3,1,2026-05-11_17h28.42.991,MIC_task,,2026.1.2,59.486276515657686,2026-05-11 17h28.44.439398 +0200,
,,8,0,8,,,,,,,3,p17,orvos,doctor,6,people,professions,7,843,None,104,None,"(0.1, -0.1)",None,,,,,,,,,,,,,,1,0,1,0,0,17,17,17,8,0,8,0,667.3923143000029,,,,,,,,,,,,,,,,,,,,,,,,,,,,,,,,,,,,,,,,,,,,,,,,,,,,,,,,,,,,,,,,,,,,,,,,,,,,,,,,,,,,,,,,,,,,,667.3809175000024,667.3923143000029,667.3923143000029,667.3923143000029,667.5772800000013,None,,,,,,,,,,,,,,,,,,,,,,,,,,,,,,,,P2887,Bar_MIC,3,1,2026-05-11_17h28.42.991,MIC_task,,2026.1.2,59.486276515657686,2026-05-11 17h28.44.439398 +0200,
,,9,0,9,,,,,,,3,p17,orvos,doctor,6,people,professions,7,843,None,104,None,"(0.1, -0.1)",None,,,,,,,,,,,,,,1,0,1,0,0,17,17,17,9,0,9,0,667.5927959,,,,,,,,,,,,,,,,,,,,,,,,,,,,,,,,,,,,,,,,,,,,,,,,,,,,,,,,,,,,,,,,,,,,,,,,,,,,,,,,,,,,,,,,,,,,,667.5802758999998,667.5927959,667.5927959,667.5927959,667.7776884000014,None,,,,,,,,,,,,,,,,,,,,,,,,,,,,,,,,P2887,Bar_MIC,3,1,2026-05-11_17h28.42.991,MIC_task,,2026.1.2,59.486276515657686,2026-05-11 17h28.44.439398 +0200,
,,10,0,10,,,,,,,3,p17,orvos,doctor,6,people,professions,7,843,None,104,None,"(0.1, -0.1)",None,,,,,,,,,,,,,,1,0,1,0,0,17,17,17,10,0,10,0,667.7931106000033,,,,,,,,,,,,,,,,,,,,,,,,,,,,,,,,,,,,,,,,,,,,,,,,,,,,,,,,,,,,,,,,,,,,,,,,,,,,,,,,,,,,,,,,,,,,,667.7804637000008,667.7931106000033,667.7931106000033,667.7931106000033,667.9779947000025,None,,,,,,,,,,,,,,,,,,,,,,,,,,,,,,,,P2887,Bar_MIC,3,1,2026-05-11_17h28.42.991,MIC_task,,2026.1.2,59.486276515657686,2026-05-11 17h28.44.439398 +0200,
,,11,0,11,,,,,,,3,p17,orvos,doctor,6,people,professions,7,843,None,104,None,"(0.1, -0.1)",None,,,,,,,,,,,,,,1,0,1,0,0,17,17,17,11,0,11,0,667.9935443000031,,,,,,,,,,,,,,,,,,,,,,,,,,,,,,,,,,,,,,,,,,,,,,,,,,,,,,,,,,,,,,,,,,,,,,,,,,,,,,,,,,,,,,,,,,,,,667.9812254000026,667.9935443000031,667.9935443000031,667.9935443000031,668.1773071000025,None,,,,,,,,,,,,,,,,,,,,,,,,,,,,,,,,P2887,Bar_MIC,3,1,2026-05-11_17h28.42.991,MIC_task,,2026.1.2,59.486276515657686,2026-05-11 17h28.44.439398 +0200,
,,12,0,12,,,,,,,3,p17,orvos,doctor,6,people,professions,7,843,None,104,None,"(0.1, -0.1)",None,,,,,,,,,,,,,,1,0,1,0,0,17,17,17,12,0,12,0,668.193828200001,,,,,,,,,,,,,,,,,,,,,,,,,,,,,,,,,,,,,,,,,,,,,,,,,,,,,,,,,,,,,,,,,,,,,,,,,,,,,,,,,,,,,,,,,,,,,668.1802956000029,668.193828200001,668.193828200001,668.193828200001,668.3775747,None,,,,,,,,,,,,,,,,,,,,,,,,,,,,,,,,P2887,Bar_MIC,3,1,2026-05-11_17h28.42.991,MIC_task,,2026.1.2,59.486276515657686,2026-05-11 17h28.44.439398 +0200,
,,13,0,13,,,,,,,3,p17,orvos,doctor,6,people,professions,7,843,None,104,None,"(0.1, -0.1)",None,,,,,,,,,,,,,,1,0,1,0,0,17,17,17,13,0,13,0,668.3942755000025,,,,,,,,,,,,,,,,,,,,,,,,,,,,,,,,,,,,,,,,,,,,,,,,,,,,,,,,,,,,,,,,,,,,,,,,,,,,,,,,,,,,,,,,,,,,,668.3811565000033,668.3942755000025,668.3942755000025,668.3942755000025,668.5781618000001,None,,,,,,,,,,,,,,,,,,,,,,,,,,,,,,,,P2887,Bar_MIC,3,1,2026-05-11_17h28.42.991,MIC_task,,2026.1.2,59.486276515657686,2026-05-11 17h28.44.439398 +0200,
,,14,0,14,,,,,,,3,p17,orvos,doctor,6,people,professions,7,843,None,104,None,"(0.1, -0.1)",None,,,,,,,,,,,,,,1,0,1,0,0,17,17,17,14,0,14,0,668.5946191000003,,,,,,,,,,,,,,,,,,,,,,,,,,,,,,,,,,,,,,,,,,,,,,,,,,,,,,,,,,,,,,,,,,,,,,,,,,,,,,,,,,,,,,,,,,,,,668.5815228000029,668.5946191000003,668.5946191000003,668.5946191000003,668.7786417000025,None,,,,,,,,,,,,,,,,,,,,,,,,,,,,,,,,P2887,Bar_MIC,3,1,2026-05-11_17h28.42.991,MIC_task,,2026.1.2,59.486276515657686,2026-05-11 17h28.44.439398 +0200,
,,15,0,15,,,,,,,3,p17,orvos,doctor,6,people,professions,7,843,None,104,None,"(0.1, -0.1)",None,,,,,,,,,,,,,,1,0,1,0,0,17,17,17,15,0,15,0,668.7949752000022,,,,,,,,,,,,,,,,,,,,,,,,,,,,,,,,,,,,,,,,,,,,,,,,,,,,,,,,,,,,,,,,,,,,,,,,,,,,,,,,,,,,,,,,,,,,,668.7818826000002,668.7949752000022,668.7949752000022,668.7949752000022,668.9788920000028,None,,,,,,,,,,,,,,,,,,,,,,,,,,,,,,,,P2887,Bar_MIC,3,1,2026-05-11_17h28.42.991,MIC_task,,2026.1.2,59.486276515657686,2026-05-11 17h28.44.439398 +0200,
,,16,0,16,,,,,,,3,p17,orvos,doctor,6,people,professions,7,843,None,104,None,"(0.1, -0.1)",None,,,,,,,,,,,,,,1,0,1,0,0,17,17,17,16,0,16,0,668.9952058000017,,,,,,,,,,,,,,,,,,,,,,,,,,,,,,,,,,,,,,,,,,,,,,,,,,,,,,,,,,,,,,,,,,,,,,,,,,,,,,,,,,,,,,,,,,,,,668.9823203000014,668.9952058000017,668.9952058000017,668.9952058000017,669.1795609000001,None,,,,,,,,,,,,,,,,,,,,,,,,,,,,,,,,P2887,Bar_MIC,3,1,2026-05-11_17h28.42.991,MIC_task,,2026.1.2,59.486276515657686,2026-05-11 17h28.44.439398 +0200,
,,17,0,17,,,,,,,3,p17,orvos,doctor,6,people,professions,7,843,None,104,None,"(0.1, -0.1)",None,,,,,,,,,,,,,,1,0,1,0,0,17,17,17,17,0,17,0,669.1956006,,,,,,,,,,,,,,,,,,,,,,,,,,,,,,,,,,,,,,,,,,,,,,,,,,,,,,,,,,,,,,,,,,,,,,,,,,,,,,,,,,,,,,,,,,,,,669.1826562000024,669.1956006,669.1956006,669.1956006,669.3801116000031,None,,,,,,,,,,,,,,,,,,,,,,,,,,,,,,,,P2887,Bar_MIC,3,1,2026-05-11_17h28.42.991,MIC_task,,2026.1.2,59.486276515657686,2026-05-11 17h28.44.439398 +0200,
,,18,0,18,,,,,,,3,p17,orvos,doctor,6,people,professions,7,843,None,104,None,"(0.1, -0.1)",None,,,,,,,,,,,,,,1,0,1,0,0,17,17,17,18,0,18,0,669.3960192000013,,,,,,,,,,,,,,,,,,,,,,,,,,,,,,,,,,,,,,,,,,,,,,,,,,,,,,,,,,,,,,,,,,,,,,,,,,,,,,,,,,,,,,,,,,,,,669.3832242999997,669.3960192000013,669.3960192000013,669.3960192000013,669.580355500002,None,,,,,,,,,,,,,,,,,,,,,,,,,,,,,,,,P2887,Bar_MIC,3,1,2026-05-11_17h28.42.991,MIC_task,,2026.1.2,59.486276515657686,2026-05-11 17h28.44.439398 +0200,
,,19,0,19,,,,,,,3,p17,orvos,doctor,6,people,professions,7,843,None,104,None,"(0.1, -0.1)",None,,,,,,,,,,,,,,1,0,1,0,0,17,17,17,19,0,19,0,669.596370700001,,,,,,,,,,,,,,,,,,,,,,,,,,,,,,,,,,,,,,,,,,,,,,,,,,,,,,,,,,,,,,,,,,,,,,,,,,,,,,,,,,,,,,,,,,,,,669.5835755000007,669.596370700001,669.596370700001,669.596370700001,669.7805513000021,None,,,,,,,,,,,,,,,,,,,,,,,,,,,,,,,,P2887,Bar_MIC,3,1,2026-05-11_17h28.42.991,MIC_task,,2026.1.2,59.486276515657686,2026-05-11 17h28.44.439398 +0200,
,,20,0,20,,,,,,,3,p17,orvos,doctor,6,people,professions,7,843,None,104,None,"(0.1, -0.1)",space,0.07549180000205524,None,,,,,,,,,,,,1,0,1,0,0,17,17,17,20,0,20,0,669.7960445000026,,,,,,,,,,,,,,,,,,,,,,,,,,,,,,,,,,,,,,,,,,,,,,,,,,,,,,,,,,,,,,,,,,,,,,,,,,,,,,,,,,,,,,,,,,,,,669.7838091000012,669.7960445000026,669.7960445000026,669.7960445000026,669.8810733999999,space,0.07549180000205524,None,,,,,,,,,,,,,,,,,,,,,,,,,,,,,,P2887,Bar_MIC,3,1,2026-05-11_17h28.42.991,MIC_task,,2026.1.2,59.486276515657686,2026-05-11 17h28.44.439398 +0200,
,,17,17,0,,,,space,0.1444807000007131,None,3,p17,orvos,doctor,6,people,professions,7,843,None,104,None,"(0.1, -0.1)",,,,,,,,,,,,,,,1,0,1,0,0,17,17,17,,,,,,,,,,,,,,,,,,,,,,,,,,,,,,,,,,,,,,,,,,,,,,,,,,,,,,,,,,,,,,,,,,,,,,,,,,,,,,,,,669.9401902999998,669.9463993000027,669.9469442666677,671.883713700001,,,,,,673.8872495000032,673.9026020000019,673.9026020000019,674.0537107000018,,,,,,,,,,,,,671.9138951000023,671.9194783000021,671.9169274333331,673.8029720000013,673.8872023000004,space,0.1444807000007131,None,,,,,,,,,,,,,,,,,,,,,,P2887,Bar_MIC,3,1,2026-05-11_17h28.42.991,MIC_task,,2026.1.2,59.486276515657686,2026-05-11 17h28.44.439398 +0200,
,,0,0,0,,,,,,,3,c19,kalap,hat,3,clothes,headwear,6.8,10,29,None,None,"(0.1, 0.1)",None,,,,,,,,,,,,,,1,0,1,0,0,18,18,18,0,0,0,0,674.0694147000031,,,,,,,,,,,,,,,,,,,,,,,,,,,,,,,,,,,,,,,,,,,,,,,,,,,,,,,,,,,,,,,,,,,,,,,,,,,,,,,,,,,,,,,,,,,,,674.0570368000008,674.0694147000031,674.0694147000031,674.0694147000031,674.2541823000029,None,,,,,,,,,,,674.2698132000005,674.2698132000005,674.2698132000005,,,,,,,,,,,,,,,,,,,P2887,Bar_MIC,3,1,2026-05-11_17h28.42.991,MIC_task,,2026.1.2,59.486276515657686,2026-05-11 17h28.44.439398 +0200,
,,0,0,0,,,,,,,3,c19,kalap,hat,3,clothes,headwear,6.8,10,29,None,None,"(0.1, 0.1)",None,,,,,,,,,,,,,,1,0,1,0,0,18,18,18,0,0,0,0,674.2698132000005,,,,,,,,,,,,,,,,,,,,,,,,,,,,,,,,,,,,,,,,,,,,,,,,,,,,,,,,,,,,,,,,,,,,,,,,,,,,,,,,,,,,,,,,,,,,,674.2569492000002,674.2698132000005,674.2698132000005,674.2698132000005,674.453841100003,None,,,,,,,,,,,,,,,,,,,,,,,,,,,,,,,,P2887,Bar_MIC,3,1,2026-05-11_17h28.42.991,MIC_task,,2026.1.2,59.486276515657686,2026-05-11 17h28.44.439398 +0200,
,,1,0,1,,,,,,,3,c19,kalap,hat,3,clothes,headwear,6.8,10,29,None,None,"(0.1, 0.1)",None,,,,,,,,,,,,,,1,0,1,0,0,18,18,18,1,0,1,0,674.4702286000029,,,,,,,,,,,,,,,,,,,,,,,,,,,,,,,,,,,,,,,,,,,,,,,,,,,,,,,,,,,,,,,,,,,,,,,,,,,,,,,,,,,,,,,,,,,,,674.4566177000015,674.4702286000029,674.4702286000029,674.4702286000029,674.6541397000001,None,,,,,,,,,,,,,,,,,,,,,,,,,,,,,,,,P2887,Bar_MIC,3,1,2026-05-11_17h28.42.991,MIC_task,,2026.1.2,59.486276515657686,2026-05-11 17h28.44.439398 +0200,
,,2,0,2,,,,,,,3,c19,kalap,hat,3,clothes,headwear,6.8,10,29,None,None,"(0.1, 0.1)",None,,,,,,,,,,,,,,1,0,1,0,0,18,18,18,2,0,2,0,674.6705460000012,,,,,,,,,,,,,,,,,,,,,,,,,,,,,,,,,,,,,,,,,,,,,,,,,,,,,,,,,,,,,,,,,,,,,,,,,,,,,,,,,,,,,,,,,,,,,674.6571842000012,674.6705460000012,674.6705460000012,674.6705460000012,674.8544655000005,None,,,,,,,,,,,,,,,,,,,,,,,,,,,,,,,,P2887,Bar_MIC,3,1,2026-05-11_17h28.42.991,MIC_task,,2026.1.2,59.486276515657686,2026-05-11 17h28.44.439398 +0200,
,,3,0,3,,,,,,,3,c19,kalap,hat,3,clothes,headwear,6.8,10,29,None,None,"(0.1, 0.1)",None,,,,,,,,,,,,,,1,0,1,0,0,18,18,18,3,0,3,0,674.8708356000025,,,,,,,,,,,,,,,,,,,,,,,,,,,,,,,,,,,,,,,,,,,,,,,,,,,,,,,,,,,,,,,,,,,,,,,,,,,,,,,,,,,,,,,,,,,,,674.8576457000017,674.8708356000025,674.8708356000025,674.8708356000025,675.0549329000023,None,,,,,,,,,,,,,,,,,,,,,,,,,,,,,,,,P2887,Bar_MIC,3,1,2026-05-11_17h28.42.991,MIC_task,,2026.1.2,59.486276515657686,2026-05-11 17h28.44.439398 +0200,
,,4,0,4,,,,,,,3,c19,kalap,hat,3,clothes,headwear,6.8,10,29,None,None,"(0.1, 0.1)",None,,,,,,,,,,,,,,1,0,1,0,0,18,18,18,4,0,4,0,675.0712263000023,,,,,,,,,,,,,,,,,,,,,,,,,,,,,,,,,,,,,,,,,,,,,,,,,,,,,,,,,,,,,,,,,,,,,,,,,,,,,,,,,,,,,,,,,,,,,675.0580707000008,675.0712263000023,675.0712263000023,675.0712263000023,675.2553800000023,None,,,,,,,,,,,,,,,,,,,,,,,,,,,,,,,,P2887,Bar_MIC,3,1,2026-05-11_17h28.42.991,MIC_task,,2026.1.2,59.486276515657686,2026-05-11 17h28.44.439398 +0200,
,,5,0,5,,,,,,,3,c19,kalap,hat,3,clothes,headwear,6.8,10,29,None,None,"(0.1, 0.1)",None,,,,,,,,,,,,,,1,0,1,0,0,18,18,18,5,0,5,0,675.2716184000019,,,,,,,,,,,,,,,,,,,,,,,,,,,,,,,,,,,,,,,,,,,,,,,,,,,,,,,,,,,,,,,,,,,,,,,,,,,,,,,,,,,,,,,,,,,,,675.258386700003,675.2716184000019,675.2716184000019,675.2716184000019,675.4559728000022,None,,,,,,,,,,,,,,,,,,,,,,,,,,,,,,,,P2887,Bar_MIC,3,1,2026-05-11_17h28.42.991,MIC_task,,2026.1.2,59.486276515657686,2026-05-11 17h28.44.439398 +0200,
,,6,0,6,,,,,,,3,c19,kalap,hat,3,clothes,headwear,6.8,10,29,None,None,"(0.1, 0.1)",None,,,,,,,,,,,,,,1,0,1,0,0,18,18,18,6,0,6,0,675.4720211000022,,,,,,,,,,,,,,,,,,,,,,,,,,,,,,,,,,,,,,,,,,,,,,,,,,,,,,,,,,,,,,,,,,,,,,,,,,,,,,,,,,,,,,,,,,,,,675.4589945000007,675.4720211000022,675.4720211000022,675.4720211000022,675.6562402000018,None,,,,,,,,,,,,,,,,,,,,,,,,,,,,,,,,P2887,Bar_MIC,3,1,2026-05-11_17h28.42.991,MIC_task,,2026.1.2,59.486276515657686,2026-05-11 17h28.44.439398 +0200,
,,7,0,7,,,,,,,3,c19,kalap,hat,3,clothes,headwear,6.8,10,29,None,None,"(0.1, 0.1)",None,,,,,,,,,,,,,,1,0,1,0,0,18,18,18,7,0,7,0,675.6723177000022,,,,,,,,,,,,,,,,,,,,,,,,,,,,,,,,,,,,,,,,,,,,,,,,,,,,,,,,,,,,,,,,,,,,,,,,,,,,,,,,,,,,,,,,,,,,,675.6592090000013,675.6723177000022,675.6723177000022,675.6723177000022,675.8564846000008,None,,,,,,,,,,,,,,,,,,,,,,,,,,,,,,,,P2887,Bar_MIC,3,1,2026-05-11_17h28.42.991,MIC_task,,2026.1.2,59.486276515657686,2026-05-11 17h28.44.439398 +0200,
,,8,0,8,,,,,,,3,c19,kalap,hat,3,clothes,headwear,6.8,10,29,None,None,"(0.1, 0.1)",None,,,,,,,,,,,,,,1,0,1,0,0,18,18,18,8,0,8,0,675.8720160000012,,,,,,,,,,,,,,,,,,,,,,,,,,,,,,,,,,,,,,,,,,,,,,,,,,,,,,,,,,,,,,,,,,,,,,,,,,,,,,,,,,,,,,,,,,,,,675.8592616000024,675.8720160000012,675.8720160000012,675.8720160000012,676.0568831000019,None,,,,,,,,,,,,,,,,,,,,,,,,,,,,,,,,P2887,Bar_MIC,3,1,2026-05-11_17h28.42.991,MIC_task,,2026.1.2,59.486276515657686,2026-05-11 17h28.44.439398 +0200,
,,9,0,9,,,,,,,3,c19,kalap,hat,3,clothes,headwear,6.8,10,29,None,None,"(0.1, 0.1)",None,,,,,,,,,,,,,,1,0,1,0,0,18,18,18,9,0,9,0,676.0723822,,,,,,,,,,,,,,,,,,,,,,,,,,,,,,,,,,,,,,,,,,,,,,,,,,,,,,,,,,,,,,,,,,,,,,,,,,,,,,,,,,,,,,,,,,,,,676.0600382000011,676.0723822,676.0723822,676.0723822,676.2561012000006,None,,,,,,,,,,,,,,,,,,,,,,,,,,,,,,,,P2887,Bar_MIC,3,1,2026-05-11_17h28.42.991,MIC_task,,2026.1.2,59.486276515657686,2026-05-11 17h28.44.439398 +0200,
,,10,0,10,,,,,,,3,c19,kalap,hat,3,clothes,headwear,6.8,10,29,None,None,"(0.1, 0.1)",None,,,,,,,,,,,,,,1,0,1,0,0,18,18,18,10,0,10,0,676.2728840000018,,,,,,,,,,,,,,,,,,,,,,,,,,,,,,,,,,,,,,,,,,,,,,,,,,,,,,,,,,,,,,,,,,,,,,,,,,,,,,,,,,,,,,,,,,,,,676.2588962000009,676.2728840000018,676.2728840000018,676.2728840000018,676.4576825000004,None,,,,,,,,,,,,,,,,,,,,,,,,,,,,,,,,P2887,Bar_MIC,3,1,2026-05-11_17h28.42.991,MIC_task,,2026.1.2,59.486276515657686,2026-05-11 17h28.44.439398 +0200,
,,11,0,11,,,,,,,3,c19,kalap,hat,3,clothes,headwear,6.8,10,29,None,None,"(0.1, 0.1)",None,,,,,,,,,,,,,,1,0,1,0,0,18,18,18,11,0,11,0,676.4731023000022,,,,,,,,,,,,,,,,,,,,,,,,,,,,,,,,,,,,,,,,,,,,,,,,,,,,,,,,,,,,,,,,,,,,,,,,,,,,,,,,,,,,,,,,,,,,,676.4609001000026,676.4731023000022,676.4731023000022,676.4731023000022,676.6570425000027,None,,,,,,,,,,,,,,,,,,,,,,,,,,,,,,,,P2887,Bar_MIC,3,1,2026-05-11_17h28.42.991,MIC_task,,2026.1.2,59.486276515657686,2026-05-11 17h28.44.439398 +0200,
,,12,0,12,,,,,,,3,c19,kalap,hat,3,clothes,headwear,6.8,10,29,None,None,"(0.1, 0.1)",None,,,,,,,,,,,,,,1,0,1,0,0,18,18,18,12,0,12,0,676.673520700002,,,,,,,,,,,,,,,,,,,,,,,,,,,,,,,,,,,,,,,,,,,,,,,,,,,,,,,,,,,,,,,,,,,,,,,,,,,,,,,,,,,,,,,,,,,,,676.6602263000023,676.673520700002,676.673520700002,676.673520700002,676.8574493000015,None,,,,,,,,,,,,,,,,,,,,,,,,,,,,,,,,P2887,Bar_MIC,3,1,2026-05-11_17h28.42.991,MIC_task,,2026.1.2,59.486276515657686,2026-05-11 17h28.44.439398 +0200,
,,13,0,13,,,,,,,3,c19,kalap,hat,3,clothes,headwear,6.8,10,29,None,None,"(0.1, 0.1)",None,,,,,,,,,,,,,,1,0,1,0,0,18,18,18,13,0,13,0,676.8739282000024,,,,,,,,,,,,,,,,,,,,,,,,,,,,,,,,,,,,,,,,,,,,,,,,,,,,,,,,,,,,,,,,,,,,,,,,,,,,,,,,,,,,,,,,,,,,,676.8606333000025,676.8739282000024,676.8739282000024,676.8739282000024,677.0589801000024,None,,,,,,,,,,,,,,,,,,,,,,,,,,,,,,,,P2887,Bar_MIC,3,1,2026-05-11_17h28.42.991,MIC_task,,2026.1.2,59.486276515657686,2026-05-11 17h28.44.439398 +0200,
,,14,0,14,,,,,,,3,c19,kalap,hat,3,clothes,headwear,6.8,10,29,None,None,"(0.1, 0.1)",None,,,,,,,,,,,,,,1,0,1,0,0,18,18,18,14,0,14,0,677.074217100002,,,,,,,,,,,,,,,,,,,,,,,,,,,,,,,,,,,,,,,,,,,,,,,,,,,,,,,,,,,,,,,,,,,,,,,,,,,,,,,,,,,,,,,,,,,,,677.0622277000002,677.074217100002,677.074217100002,677.074217100002,677.2585819000014,None,,,,,,,,,,,,,,,,,,,,,,,,,,,,,,,,P2887,Bar_MIC,3,1,2026-05-11_17h28.42.991,MIC_task,,2026.1.2,59.486276515657686,2026-05-11 17h28.44.439398 +0200,
,,15,0,15,,,,,,,3,c19,kalap,hat,3,clothes,headwear,6.8,10,29,None,None,"(0.1, 0.1)",None,,,,,,,,,,,,,,1,0,1,0,0,18,18,18,15,0,15,0,677.274583800001,,,,,,,,,,,,,,,,,,,,,,,,,,,,,,,,,,,,,,,,,,,,,,,,,,,,,,,,,,,,,,,,,,,,,,,,,,,,,,,,,,,,,,,,,,,,,677.2617380000011,677.274583800001,677.274583800001,677.274583800001,677.4590311000029,None,,,,,,,,,,,,,,,,,,,,,,,,,,,,,,,,P2887,Bar_MIC,3,1,2026-05-11_17h28.42.991,MIC_task,,2026.1.2,59.486276515657686,2026-05-11 17h28.44.439398 +0200,
,,16,0,16,,,,,,,3,c19,kalap,hat,3,clothes,headwear,6.8,10,29,None,None,"(0.1, 0.1)",None,,,,,,,,,,,,,,1,0,1,0,0,18,18,18,16,0,16,0,677.475008700003,,,,,,,,,,,,,,,,,,,,,,,,,,,,,,,,,,,,,,,,,,,,,,,,,,,,,,,,,,,,,,,,,,,,,,,,,,,,,,,,,,,,,,,,,,,,,677.4617889000001,677.475008700003,677.475008700003,677.475008700003,677.6590928000005,None,,,,,,,,,,,,,,,,,,,,,,,,,,,,,,,,P2887,Bar_MIC,3,1,2026-05-11_17h28.42.991,MIC_task,,2026.1.2,59.486276515657686,2026-05-11 17h28.44.439398 +0200,
,,17,0,17,,,,,,,3,c19,kalap,hat,3,clothes,headwear,6.8,10,29,None,None,"(0.1, 0.1)",None,,,,,,,,,,,,,,1,0,1,0,0,18,18,18,17,0,17,0,677.6745882000032,,,,,,,,,,,,,,,,,,,,,,,,,,,,,,,,,,,,,,,,,,,,,,,,,,,,,,,,,,,,,,,,,,,,,,,,,,,,,,,,,,,,,,,,,,,,,677.6621603000021,677.6745882000032,677.6745882000032,677.6745882000032,677.8594981000024,None,,,,,,,,,,,,,,,,,,,,,,,,,,,,,,,,P2887,Bar_MIC,3,1,2026-05-11_17h28.42.991,MIC_task,,2026.1.2,59.486276515657686,2026-05-11 17h28.44.439398 +0200,
,,18,0,18,,,,,,,3,c19,kalap,hat,3,clothes,headwear,6.8,10,29,None,None,"(0.1, 0.1)",None,,,,,,,,,,,,,,1,0,1,0,0,18,18,18,18,0,18,0,677.8750025000008,,,,,,,,,,,,,,,,,,,,,,,,,,,,,,,,,,,,,,,,,,,,,,,,,,,,,,,,,,,,,,,,,,,,,,,,,,,,,,,,,,,,,,,,,,,,,677.8622894,677.8750025000008,677.8750025000008,677.8750025000008,678.059743400001,None,,,,,,,,,,,,,,,,,,,,,,,,,,,,,,,,P2887,Bar_MIC,3,1,2026-05-11_17h28.42.991,MIC_task,,2026.1.2,59.486276515657686,2026-05-11 17h28.44.439398 +0200,
,,19,0,19,,,,,,,3,c19,kalap,hat,3,clothes,headwear,6.8,10,29,None,None,"(0.1, 0.1)",None,,,,,,,,,,,,,,1,0,1,0,0,18,18,18,19,0,19,0,678.0754089000002,,,,,,,,,,,,,,,,,,,,,,,,,,,,,,,,,,,,,,,,,,,,,,,,,,,,,,,,,,,,,,,,,,,,,,,,,,,,,,,,,,,,,,,,,,,,,678.0627521000024,678.0754089000002,678.0754089000002,678.0754089000002,678.2591083000007,None,,,,,,,,,,,,,,,,,,,,,,,,,,,,,,,,P2887,Bar_MIC,3,1,2026-05-11_17h28.42.991,MIC_task,,2026.1.2,59.486276515657686,2026-05-11 17h28.44.439398 +0200,
,,20,0,20,,,,,,,3,c19,kalap,hat,3,clothes,headwear,6.8,10,29,None,None,"(0.1, 0.1)",None,,,,,,,,,,,,,,1,0,1,0,0,18,18,18,20,0,20,0,678.2757713000028,,,,,,,,,,,,,,,,,,,,,,,,,,,,,,,,,,,,,,,,,,,,,,,,,,,,,,,,,,,,,,,,,,,,,,,,,,,,,,,,,,,,,,,,,,,,,678.2620062000024,678.2757713000028,678.2757713000028,678.2757713000028,678.4606247000011,None,,,,,,,,,,,,,,,,,,,,,,,,,,,,,,,,P2887,Bar_MIC,3,1,2026-05-11_17h28.42.991,MIC_task,,2026.1.2,59.486276515657686,2026-05-11 17h28.44.439398 +0200,
,,21,0,21,,,,,,,3,c19,kalap,hat,3,clothes,headwear,6.8,10,29,None,None,"(0.1, 0.1)",None,,,,,,,,,,,,,,1,0,1,0,0,18,18,18,21,0,21,0,678.4761300000027,,,,,,,,,,,,,,,,,,,,,,,,,,,,,,,,,,,,,,,,,,,,,,,,,,,,,,,,,,,,,,,,,,,,,,,,,,,,,,,,,,,,,,,,,,,,,678.463604200002,678.4761300000027,678.4761300000027,678.4761300000027,678.6611689000019,None,,,,,,,,,,,,,,,,,,,,,,,,,,,,,,,,P2887,Bar_MIC,3,1,2026-05-11_17h28.42.991,MIC_task,,2026.1.2,59.486276515657686,2026-05-11 17h28.44.439398 +0200,
,,22,0,22,,,,,,,3,c19,kalap,hat,3,clothes,headwear,6.8,10,29,None,None,"(0.1, 0.1)",None,,,,,,,,,,,,,,1,0,1,0,0,18,18,18,22,0,22,0,678.6764875000008,,,,,,,,,,,,,,,,,,,,,,,,,,,,,,,,,,,,,,,,,,,,,,,,,,,,,,,,,,,,,,,,,,,,,,,,,,,,,,,,,,,,,,,,,,,,,678.6639047000026,678.6764875000008,678.6764875000008,678.6764875000008,678.8605438000013,None,,,,,,,,,,,,,,,,,,,,,,,,,,,,,,,,P2887,Bar_MIC,3,1,2026-05-11_17h28.42.991,MIC_task,,2026.1.2,59.486276515657686,2026-05-11 17h28.44.439398 +0200,
,,23,0,23,,,,,,,3,c19,kalap,hat,3,clothes,headwear,6.8,10,29,None,None,"(0.1, 0.1)",None,,,,,,,,,,,,,,1,0,1,0,0,18,18,18,23,0,23,0,678.8768748000002,,,,,,,,,,,,,,,,,,,,,,,,,,,,,,,,,,,,,,,,,,,,,,,,,,,,,,,,,,,,,,,,,,,,,,,,,,,,,,,,,,,,,,,,,,,,,678.8632993000028,678.8768748000002,678.8768748000002,678.8768748000002,679.0610297000021,None,,,,,,,,,,,,,,,,,,,,,,,,,,,,,,,,P2887,Bar_MIC,3,1,2026-05-11_17h28.42.991,MIC_task,,2026.1.2,59.486276515657686,2026-05-11 17h28.44.439398 +0200,
,,24,0,24,,,,,,,3,c19,kalap,hat,3,clothes,headwear,6.8,10,29,None,None,"(0.1, 0.1)",space,0.10562710000158404,None,,,,,,,,,,,,1,0,1,0,0,18,18,18,24,0,24,0,679.0772888000029,,,,,,,,,,,,,,,,,,,,,,,,,,,,,,,,,,,,,,,,,,,,,,,,,,,,,,,,,,,,,,,,,,,,,,,,,,,,,,,,,,,,,,,,,,,,,679.0637362000016,679.0772888000029,679.0772888000029,679.0772888000029,679.195918100002,space,0.10562710000158404,None,,,,,,,,,,,,,,,,,,,,,,,,,,,,,,P2887,Bar_MIC,3,1,2026-05-11_17h28.42.991,MIC_task,,2026.1.2,59.486276515657686,2026-05-11 17h28.44.439398 +0200,
,,18,18,0,,,,space,0.3181229000001622,None,3,c19,kalap,hat,3,clothes,headwear,6.8,10,29,None,None,"(0.1, 0.1)",,,,,,,,,,,,,,,1,0,1,0,0,18,18,18,,,,,,,,,,,,,,,,,,,,,,,,,,,,,,,,,,,,,,,,,,,,,,,,,,,,,,,,,,,,,,,,,,,,,,,,,,,,,,,,,679.2561696000012,679.2612956000012,679.2617259666667,681.1980825000028,,,,,,683.2009854999997,683.2175553000015,683.2175553000015,683.5523925000016,,,,,,,,,,,,,681.226056800002,681.2310338000025,681.2312528333355,683.1167799000032,683.200936600002,space,0.3181229000001622,None,,,,,,,,,,,,,,,,,,,,,,P2887,Bar_MIC,3,1,2026-05-11_17h28.42.991,MIC_task,,2026.1.2,59.486276515657686,2026-05-11 17h28.44.439398 +0200,
,,0,0,0,,,,,,,3,b01,orr,nose,2,bodypart,face,7,73,19,35,None,"(-0.1, 0.1)",None,,,,,,,,,,,,,,1,0,1,0,0,19,19,19,0,0,0,0,683.5670038000026,,,,,,,,,,,,,,,,,,,,,,,,,,,,,,,,,,,,,,,,,,,,,,,,,,,,,,,,,,,,,,,,,,,,,,,,,,,,,,,,,,,,,,,,,,,,,683.5553731,683.5670038000026,683.5670038000026,683.5670038000026,683.7523280000023,None,,,,,,,,,,,683.7680708000007,683.7680708000007,683.7680708000007,,,,,,,,,,,,,,,,,,,P2887,Bar_MIC,3,1,2026-05-11_17h28.42.991,MIC_task,,2026.1.2,59.486276515657686,2026-05-11 17h28.44.439398 +0200,
,,0,0,0,,,,,,,3,b01,orr,nose,2,bodypart,face,7,73,19,35,None,"(-0.1, 0.1)",None,,,,,,,,,,,,,,1,0,1,0,0,19,19,19,0,0,0,0,683.7680708000007,,,,,,,,,,,,,,,,,,,,,,,,,,,,,,,,,,,,,,,,,,,,,,,,,,,,,,,,,,,,,,,,,,,,,,,,,,,,,,,,,,,,,,,,,,,,,683.7550219000004,683.7680708000007,683.7680708000007,683.7680708000007,683.9525549999998,None,,,,,,,,,,,683.9677542999998,683.9677542999998,683.9677542999998,,,,,,,,,,,,,,,,,,,P2887,Bar_MIC,3,1,2026-05-11_17h28.42.991,MIC_task,,2026.1.2,59.486276515657686,2026-05-11 17h28.44.439398 +0200,
,,1,0,1,,,,,,,3,b01,orr,nose,2,bodypart,face,7,73,19,35,None,"(-0.1, 0.1)",None,,,,,,,,,,,,,,1,0,1,0,0,19,19,19,1,0,1,0,683.9677542999998,,,,,,,,,,,,,,,,,,,,,,,,,,,,,,,,,,,,,,,,,,,,,,,,,,,,,,,,,,,,,,,,,,,,,,,,,,,,,,,,,,,,,,,,,,,,,683.9553524000003,683.9677542999998,683.9677542999998,683.9677542999998,684.152700900002,None,,,,,,,,,,,,,,,,,,,,,,,,,,,,,,,,P2887,Bar_MIC,3,1,2026-05-11_17h28.42.991,MIC_task,,2026.1.2,59.486276515657686,2026-05-11 17h28.44.439398 +0200,
,,2,0,2,,,,,,,3,b01,orr,nose,2,bodypart,face,7,73,19,35,None,"(-0.1, 0.1)",None,,,,,,,,,,,,,,1,0,1,0,0,19,19,19,2,0,2,0,684.1681359000031,,,,,,,,,,,,,,,,,,,,,,,,,,,,,,,,,,,,,,,,,,,,,,,,,,,,,,,,,,,,,,,,,,,,,,,,,,,,,,,,,,,,,,,,,,,,,684.1558564000006,684.1681359000031,684.1681359000031,684.1681359000031,684.3530756,None,,,,,,,,,,,,,,,,,,,,,,,,,,,,,,,,P2887,Bar_MIC,3,1,2026-05-11_17h28.42.991,MIC_task,,2026.1.2,59.486276515657686,2026-05-11 17h28.44.439398 +0200,
,,3,0,3,,,,,,,3,b01,orr,nose,2,bodypart,face,7,73,19,35,None,"(-0.1, 0.1)",None,,,,,,,,,,,,,,1,0,1,0,0,19,19,19,3,0,3,0,684.3684911000018,,,,,,,,,,,,,,,,,,,,,,,,,,,,,,,,,,,,,,,,,,,,,,,,,,,,,,,,,,,,,,,,,,,,,,,,,,,,,,,,,,,,,,,,,,,,,684.3559172000023,684.3684911000018,684.3684911000018,684.3684911000018,684.5526917000025,None,,,,,,,,,,,684.5688437999997,684.5688437999997,684.5688437999997,,,,,,,,,,,,,,,,,,,P2887,Bar_MIC,3,1,2026-05-11_17h28.42.991,MIC_task,,2026.1.2,59.486276515657686,2026-05-11 17h28.44.439398 +0200,
,,4,0,4,,,,,,,3,b01,orr,nose,2,bodypart,face,7,73,19,35,None,"(-0.1, 0.1)",None,,,,,,,,,,,,,,1,0,1,0,0,19,19,19,4,0,4,0,684.5688437999997,,,,,,,,,,,,,,,,,,,,,,,,,,,,,,,,,,,,,,,,,,,,,,,,,,,,,,,,,,,,,,,,,,,,,,,,,,,,,,,,,,,,,,,,,,,,,684.5554189000031,684.5688437999997,684.5688437999997,684.5688437999997,684.7525554000022,None,,,,,,,,,,,,,,,,,,,,,,,,,,,,,,,,P2887,Bar_MIC,3,1,2026-05-11_17h28.42.991,MIC_task,,2026.1.2,59.486276515657686,2026-05-11 17h28.44.439398 +0200,
,,5,0,5,,,,,,,3,b01,orr,nose,2,bodypart,face,7,73,19,35,None,"(-0.1, 0.1)",None,,,,,,,,,,,,,,1,0,1,0,0,19,19,19,5,0,5,0,684.7692599000002,,,,,,,,,,,,,,,,,,,,,,,,,,,,,,,,,,,,,,,,,,,,,,,,,,,,,,,,,,,,,,,,,,,,,,,,,,,,,,,,,,,,,,,,,,,,,684.7554519000005,684.7692599000002,684.7692599000002,684.7692599000002,684.9534000000021,None,,,,,,,,,,,,,,,,,,,,,,,,,,,,,,,,P2887,Bar_MIC,3,1,2026-05-11_17h28.42.991,MIC_task,,2026.1.2,59.486276515657686,2026-05-11 17h28.44.439398 +0200,
,,6,0,6,,,,,,,3,b01,orr,nose,2,bodypart,face,7,73,19,35,None,"(-0.1, 0.1)",None,,,,,,,,,,,,,,1,0,1,0,0,19,19,19,6,0,6,0,684.9696293000015,,,,,,,,,,,,,,,,,,,,,,,,,,,,,,,,,,,,,,,,,,,,,,,,,,,,,,,,,,,,,,,,,,,,,,,,,,,,,,,,,,,,,,,,,,,,,684.9564712000029,684.9696293000015,684.9696293000015,684.9696293000015,685.1535472000032,None,,,,,,,,,,,,,,,,,,,,,,,,,,,,,,,,P2887,Bar_MIC,3,1,2026-05-11_17h28.42.991,MIC_task,,2026.1.2,59.486276515657686,2026-05-11 17h28.44.439398 +0200,
,,7,0,7,,,,,,,3,b01,orr,nose,2,bodypart,face,7,73,19,35,None,"(-0.1, 0.1)",None,,,,,,,,,,,,,,1,0,1,0,0,19,19,19,7,0,7,0,685.1698359000002,,,,,,,,,,,,,,,,,,,,,,,,,,,,,,,,,,,,,,,,,,,,,,,,,,,,,,,,,,,,,,,,,,,,,,,,,,,,,,,,,,,,,,,,,,,,,685.1569382000016,685.1698359000002,685.1698359000002,685.1698359000002,685.3539695,None,,,,,,,,,,,,,,,,,,,,,,,,,,,,,,,,P2887,Bar_MIC,3,1,2026-05-11_17h28.42.991,MIC_task,,2026.1.2,59.486276515657686,2026-05-11 17h28.44.439398 +0200,
,,8,0,8,,,,,,,3,b01,orr,nose,2,bodypart,face,7,73,19,35,None,"(-0.1, 0.1)",None,,,,,,,,,,,,,,1,0,1,0,0,19,19,19,8,0,8,0,685.3702411000013,,,,,,,,,,,,,,,,,,,,,,,,,,,,,,,,,,,,,,,,,,,,,,,,,,,,,,,,,,,,,,,,,,,,,,,,,,,,,,,,,,,,,,,,,,,,,685.3570939000019,685.3702411000013,685.3702411000013,685.3702411000013,685.5545138000016,None,,,,,,,,,,,,,,,,,,,,,,,,,,,,,,,,P2887,Bar_MIC,3,1,2026-05-11_17h28.42.991,MIC_task,,2026.1.2,59.486276515657686,2026-05-11 17h28.44.439398 +0200,
,,9,0,9,,,,,,,3,b01,orr,nose,2,bodypart,face,7,73,19,35,None,"(-0.1, 0.1)",None,,,,,,,,,,,,,,1,0,1,0,0,19,19,19,9,0,9,0,685.5706015000032,,,,,,,,,,,,,,,,,,,,,,,,,,,,,,,,,,,,,,,,,,,,,,,,,,,,,,,,,,,,,,,,,,,,,,,,,,,,,,,,,,,,,,,,,,,,,685.5574083000029,685.5706015000032,685.5706015000032,685.5706015000032,685.7547300000006,None,,,,,,,,,,,,,,,,,,,,,,,,,,,,,,,,P2887,Bar_MIC,3,1,2026-05-11_17h28.42.991,MIC_task,,2026.1.2,59.486276515657686,2026-05-11 17h28.44.439398 +0200,
,,10,0,10,,,,,,,3,b01,orr,nose,2,bodypart,face,7,73,19,35,None,"(-0.1, 0.1)",None,,,,,,,,,,,,,,1,0,1,0,0,19,19,19,10,0,10,0,685.7710481000031,,,,,,,,,,,,,,,,,,,,,,,,,,,,,,,,,,,,,,,,,,,,,,,,,,,,,,,,,,,,,,,,,,,,,,,,,,,,,,,,,,,,,,,,,,,,,685.7581626000028,685.7710481000031,685.7710481000031,685.7710481000031,685.9551336000004,None,,,,,,,,,,,,,,,,,,,,,,,,,,,,,,,,P2887,Bar_MIC,3,1,2026-05-11_17h28.42.991,MIC_task,,2026.1.2,59.486276515657686,2026-05-11 17h28.44.439398 +0200,
,,11,0,11,,,,,,,3,b01,orr,nose,2,bodypart,face,7,73,19,35,None,"(-0.1, 0.1)",None,,,,,,,,,,,,,,1,0,1,0,0,19,19,19,11,0,11,0,685.9714534000013,,,,,,,,,,,,,,,,,,,,,,,,,,,,,,,,,,,,,,,,,,,,,,,,,,,,,,,,,,,,,,,,,,,,,,,,,,,,,,,,,,,,,,,,,,,,,685.9580117000005,685.9714534000013,685.9714534000013,685.9714534000013,686.1557042000022,None,,,,,,,,,,,,,,,,,,,,,,,,,,,,,,,,P2887,Bar_MIC,3,1,2026-05-11_17h28.42.991,MIC_task,,2026.1.2,59.486276515657686,2026-05-11 17h28.44.439398 +0200,
,,12,0,12,,,,,,,3,b01,orr,nose,2,bodypart,face,7,73,19,35,None,"(-0.1, 0.1)",None,,,,,,,,,,,,,,1,0,1,0,0,19,19,19,12,0,12,0,686.1710268000024,,,,,,,,,,,,,,,,,,,,,,,,,,,,,,,,,,,,,,,,,,,,,,,,,,,,,,,,,,,,,,,,,,,,,,,,,,,,,,,,,,,,,,,,,,,,,686.1588339000009,686.1710268000024,686.1710268000024,686.1710268000024,686.3547469000005,None,,,,,,,,,,,,,,,,,,,,,,,,,,,,,,,,P2887,Bar_MIC,3,1,2026-05-11_17h28.42.991,MIC_task,,2026.1.2,59.486276515657686,2026-05-11 17h28.44.439398 +0200,
,,13,0,13,,,,,,,3,b01,orr,nose,2,bodypart,face,7,73,19,35,None,"(-0.1, 0.1)",None,,,,,,,,,,,,,,1,0,1,0,0,19,19,19,13,0,13,0,686.3714387,,,,,,,,,,,,,,,,,,,,,,,,,,,,,,,,,,,,,,,,,,,,,,,,,,,,,,,,,,,,,,,,,,,,,,,,,,,,,,,,,,,,,,,,,,,,,686.357936700002,686.3714387,686.3714387,686.3714387,686.5551298999999,None,,,,,,,,,,,,,,,,,,,,,,,,,,,,,,,,P2887,Bar_MIC,3,1,2026-05-11_17h28.42.991,MIC_task,,2026.1.2,59.486276515657686,2026-05-11 17h28.44.439398 +0200,
,,14,0,14,,,,,,,3,b01,orr,nose,2,bodypart,face,7,73,19,35,None,"(-0.1, 0.1)",None,,,,,,,,,,,,,,1,0,1,0,0,19,19,19,14,0,14,0,686.571792900002,,,,,,,,,,,,,,,,,,,,,,,,,,,,,,,,,,,,,,,,,,,,,,,,,,,,,,,,,,,,,,,,,,,,,,,,,,,,,,,,,,,,,,,,,,,,,686.5580794000016,686.571792900002,686.571792900002,686.571792900002,686.7555043000029,None,,,,,,,,,,,,,,,,,,,,,,,,,,,,,,,,P2887,Bar_MIC,3,1,2026-05-11_17h28.42.991,MIC_task,,2026.1.2,59.486276515657686,2026-05-11 17h28.44.439398 +0200,
,,15,0,15,,,,,,,3,b01,orr,nose,2,bodypart,face,7,73,19,35,None,"(-0.1, 0.1)",None,,,,,,,,,,,,,,1,0,1,0,0,19,19,19,15,0,15,0,686.7722162000027,,,,,,,,,,,,,,,,,,,,,,,,,,,,,,,,,,,,,,,,,,,,,,,,,,,,,,,,,,,,,,,,,,,,,,,,,,,,,,,,,,,,,,,,,,,,,686.7587133000015,686.7722162000027,686.7722162000027,686.7722162000027,686.9559155000024,None,,,,,,,,,,,,,,,,,,,,,,,,,,,,,,,,P2887,Bar_MIC,3,1,2026-05-11_17h28.42.991,MIC_task,,2026.1.2,59.486276515657686,2026-05-11 17h28.44.439398 +0200,
,,16,0,16,,,,,,,3,b01,orr,nose,2,bodypart,face,7,73,19,35,None,"(-0.1, 0.1)",None,,,,,,,,,,,,,,1,0,1,0,0,19,19,19,16,0,16,0,686.9725371000022,,,,,,,,,,,,,,,,,,,,,,,,,,,,,,,,,,,,,,,,,,,,,,,,,,,,,,,,,,,,,,,,,,,,,,,,,,,,,,,,,,,,,,,,,,,,,686.9592919000024,686.9725371000022,686.9725371000022,686.9725371000022,687.1564775000006,None,,,,,,,,,,,,,,,,,,,,,,,,,,,,,,,,P2887,Bar_MIC,3,1,2026-05-11_17h28.42.991,MIC_task,,2026.1.2,59.486276515657686,2026-05-11 17h28.44.439398 +0200,
,,17,0,17,,,,,,,3,b01,orr,nose,2,bodypart,face,7,73,19,35,None,"(-0.1, 0.1)",None,,,,,,,,,,,,,,1,0,1,0,0,19,19,19,17,0,17,0,687.1729121999997,,,,,,,,,,,,,,,,,,,,,,,,,,,,,,,,,,,,,,,,,,,,,,,,,,,,,,,,,,,,,,,,,,,,,,,,,,,,,,,,,,,,,,,,,,,,,687.1596911000015,687.1729121999997,687.1729121999997,687.1729121999997,687.3568345000022,None,,,,,,,,,,,,,,,,,,,,,,,,,,,,,,,,P2887,Bar_MIC,3,1,2026-05-11_17h28.42.991,MIC_task,,2026.1.2,59.486276515657686,2026-05-11 17h28.44.439398 +0200,
,,18,0,18,,,,,,,3,b01,orr,nose,2,bodypart,face,7,73,19,35,None,"(-0.1, 0.1)",None,,,,,,,,,,,,,,1,0,1,0,0,19,19,19,18,0,18,0,687.3732090000012,,,,,,,,,,,,,,,,,,,,,,,,,,,,,,,,,,,,,,,,,,,,,,,,,,,,,,,,,,,,,,,,,,,,,,,,,,,,,,,,,,,,,,,,,,,,,687.360299400003,687.3732090000012,687.3732090000012,687.3732090000012,687.5572495000015,None,,,,,,,,,,,,,,,,,,,,,,,,,,,,,,,,P2887,Bar_MIC,3,1,2026-05-11_17h28.42.991,MIC_task,,2026.1.2,59.486276515657686,2026-05-11 17h28.44.439398 +0200,
,,19,0,19,,,,,,,3,b01,orr,nose,2,bodypart,face,7,73,19,35,None,"(-0.1, 0.1)",None,,,,,,,,,,,,,,1,0,1,0,0,19,19,19,19,0,19,0,687.5737202000018,,,,,,,,,,,,,,,,,,,,,,,,,,,,,,,,,,,,,,,,,,,,,,,,,,,,,,,,,,,,,,,,,,,,,,,,,,,,,,,,,,,,,,,,,,,,,687.5604679000025,687.5737202000018,687.5737202000018,687.5737202000018,687.7577724000002,None,,,,,,,,,,,,,,,,,,,,,,,,,,,,,,,,P2887,Bar_MIC,3,1,2026-05-11_17h28.42.991,MIC_task,,2026.1.2,59.486276515657686,2026-05-11 17h28.44.439398 +0200,
,,20,0,20,,,,,,,3,b01,orr,nose,2,bodypart,face,7,73,19,35,None,"(-0.1, 0.1)",None,,,,,,,,,,,,,,1,0,1,0,0,19,19,19,20,0,20,0,687.7740730000005,,,,,,,,,,,,,,,,,,,,,,,,,,,,,,,,,,,,,,,,,,,,,,,,,,,,,,,,,,,,,,,,,,,,,,,,,,,,,,,,,,,,,,,,,,,,,687.7610628000002,687.7740730000005,687.7740730000005,687.7740730000005,687.9581420000031,None,,,,,,,,,,,,,,,,,,,,,,,,,,,,,,,,P2887,Bar_MIC,3,1,2026-05-11_17h28.42.991,MIC_task,,2026.1.2,59.486276515657686,2026-05-11 17h28.44.439398 +0200,
,,21,0,21,,,,,,,3,b01,orr,nose,2,bodypart,face,7,73,19,35,None,"(-0.1, 0.1)",None,,,,,,,,,,,,,,1,0,1,0,0,19,19,19,21,0,21,0,687.9744167000026,,,,,,,,,,,,,,,,,,,,,,,,,,,,,,,,,,,,,,,,,,,,,,,,,,,,,,,,,,,,,,,,,,,,,,,,,,,,,,,,,,,,,,,,,,,,,687.9611952000014,687.9744167000026,687.9744167000026,687.9744167000026,688.1586382000023,None,,,,,,,,,,,,,,,,,,,,,,,,,,,,,,,,P2887,Bar_MIC,3,1,2026-05-11_17h28.42.991,MIC_task,,2026.1.2,59.486276515657686,2026-05-11 17h28.44.439398 +0200,
,,22,0,22,,,,,,,3,b01,orr,nose,2,bodypart,face,7,73,19,35,None,"(-0.1, 0.1)",None,,,,,,,,,,,,,,1,0,1,0,0,19,19,19,22,0,22,0,688.1748115000009,,,,,,,,,,,,,,,,,,,,,,,,,,,,,,,,,,,,,,,,,,,,,,,,,,,,,,,,,,,,,,,,,,,,,,,,,,,,,,,,,,,,,,,,,,,,,688.1615613000031,688.1748115000009,688.1748115000009,688.1748115000009,688.358903100001,None,,,,,,,,,,,,,,,,,,,,,,,,,,,,,,,,P2887,Bar_MIC,3,1,2026-05-11_17h28.42.991,MIC_task,,2026.1.2,59.486276515657686,2026-05-11 17h28.44.439398 +0200,
,,23,0,23,,,,,,,3,b01,orr,nose,2,bodypart,face,7,73,19,35,None,"(-0.1, 0.1)",None,,,,,,,,,,,,,,1,0,1,0,0,19,19,19,23,0,23,0,688.3744178000015,,,,,,,,,,,,,,,,,,,,,,,,,,,,,,,,,,,,,,,,,,,,,,,,,,,,,,,,,,,,,,,,,,,,,,,,,,,,,,,,,,,,,,,,,,,,,688.3623826000003,688.3744178000015,688.3744178000015,688.3744178000015,688.5592130000005,None,,,,,,,,,,,,,,,,,,,,,,,,,,,,,,,,P2887,Bar_MIC,3,1,2026-05-11_17h28.42.991,MIC_task,,2026.1.2,59.486276515657686,2026-05-11 17h28.44.439398 +0200,
,,24,0,24,,,,,,,3,b01,orr,nose,2,bodypart,face,7,73,19,35,None,"(-0.1, 0.1)",None,,,,,,,,,,,,,,1,0,1,0,0,19,19,19,24,0,24,0,688.5748122000005,,,,,,,,,,,,,,,,,,,,,,,,,,,,,,,,,,,,,,,,,,,,,,,,,,,,,,,,,,,,,,,,,,,,,,,,,,,,,,,,,,,,,,,,,,,,,688.5625706999999,688.5748122000005,688.5748122000005,688.5748122000005,688.7596638000032,None,,,,,,,,,,,,,,,,,,,,,,,,,,,,,,,,P2887,Bar_MIC,3,1,2026-05-11_17h28.42.991,MIC_task,,2026.1.2,59.486276515657686,2026-05-11 17h28.44.439398 +0200,
,,25,0,25,,,,,,,3,b01,orr,nose,2,bodypart,face,7,73,19,35,None,"(-0.1, 0.1)",None,,,,,,,,,,,,,,1,0,1,0,0,19,19,19,25,0,25,0,688.7752093000017,,,,,,,,,,,,,,,,,,,,,,,,,,,,,,,,,,,,,,,,,,,,,,,,,,,,,,,,,,,,,,,,,,,,,,,,,,,,,,,,,,,,,,,,,,,,,688.7625409000029,688.7752093000017,688.7752093000017,688.7752093000017,688.958892900002,None,,,,,,,,,,,,,,,,,,,,,,,,,,,,,,,,P2887,Bar_MIC,3,1,2026-05-11_17h28.42.991,MIC_task,,2026.1.2,59.486276515657686,2026-05-11 17h28.44.439398 +0200,
,,26,0,26,,,,,,,3,b01,orr,nose,2,bodypart,face,7,73,19,35,None,"(-0.1, 0.1)",None,,,,,,,,,,,,,,1,0,1,0,0,19,19,19,26,0,26,0,688.9755301000005,,,,,,,,,,,,,,,,,,,,,,,,,,,,,,,,,,,,,,,,,,,,,,,,,,,,,,,,,,,,,,,,,,,,,,,,,,,,,,,,,,,,,,,,,,,,,688.9621188000019,688.9755301000005,688.9755301000005,688.9755301000005,689.1593713000002,None,,,,,,,,,,,,,,,,,,,,,,,,,,,,,,,,P2887,Bar_MIC,3,1,2026-05-11_17h28.42.991,MIC_task,,2026.1.2,59.486276515657686,2026-05-11 17h28.44.439398 +0200,
,,27,0,27,,,,,,,3,b01,orr,nose,2,bodypart,face,7,73,19,35,None,"(-0.1, 0.1)",None,,,,,,,,,,,,,,1,0,1,0,0,19,19,19,27,0,27,0,689.1758922000008,,,,,,,,,,,,,,,,,,,,,,,,,,,,,,,,,,,,,,,,,,,,,,,,,,,,,,,,,,,,,,,,,,,,,,,,,,,,,,,,,,,,,,,,,,,,,689.1627782000032,689.1758922000008,689.1758922000008,689.1758922000008,689.3600450000013,None,,,,,,,,,,,,,,,,,,,,,,,,,,,,,,,,P2887,Bar_MIC,3,1,2026-05-11_17h28.42.991,MIC_task,,2026.1.2,59.486276515657686,2026-05-11 17h28.44.439398 +0200,
,,28,0,28,,,,,,,3,b01,orr,nose,2,bodypart,face,7,73,19,35,None,"(-0.1, 0.1)",None,,,,,,,,,,,,,,1,0,1,0,0,19,19,19,28,0,28,0,689.376275300001,,,,,,,,,,,,,,,,,,,,,,,,,,,,,,,,,,,,,,,,,,,,,,,,,,,,,,,,,,,,,,,,,,,,,,,,,,,,,,,,,,,,,,,,,,,,,689.3630592000009,689.376275300001,689.376275300001,689.376275300001,689.5604577000013,None,,,,,,,,,,,,,,,,,,,,,,,,,,,,,,,,P2887,Bar_MIC,3,1,2026-05-11_17h28.42.991,MIC_task,,2026.1.2,59.486276515657686,2026-05-11 17h28.44.439398 +0200,
,,29,0,29,,,,,,,3,b01,orr,nose,2,bodypart,face,7,73,19,35,None,"(-0.1, 0.1)",None,,,,,,,,,,,,,,1,0,1,0,0,19,19,19,29,0,29,0,689.5766158000006,,,,,,,,,,,,,,,,,,,,,,,,,,,,,,,,,,,,,,,,,,,,,,,,,,,,,,,,,,,,,,,,,,,,,,,,,,,,,,,,,,,,,,,,,,,,,689.5635373000005,689.5766158000006,689.5766158000006,689.5766158000006,689.7604055000011,None,,,,,,,,,,,,,,,,,,,,,,,,,,,,,,,,P2887,Bar_MIC,3,1,2026-05-11_17h28.42.991,MIC_task,,2026.1.2,59.486276515657686,2026-05-11 17h28.44.439398 +0200,
,,30,0,30,,,,,,,3,b01,orr,nose,2,bodypart,face,7,73,19,35,None,"(-0.1, 0.1)",None,,,,,,,,,,,,,,1,0,1,0,0,19,19,19,30,0,30,0,689.7769096000011,,,,,,,,,,,,,,,,,,,,,,,,,,,,,,,,,,,,,,,,,,,,,,,,,,,,,,,,,,,,,,,,,,,,,,,,,,,,,,,,,,,,,,,,,,,,,689.7638308000023,689.7769096000011,689.7769096000011,689.7769096000011,689.9612938999999,None,,,,,,,,,,,,,,,,,,,,,,,,,,,,,,,,P2887,Bar_MIC,3,1,2026-05-11_17h28.42.991,MIC_task,,2026.1.2,59.486276515657686,2026-05-11 17h28.44.439398 +0200,
,,31,0,31,,,,,,,3,b01,orr,nose,2,bodypart,face,7,73,19,35,None,"(-0.1, 0.1)",None,,,,,,,,,,,,,,1,0,1,0,0,19,19,19,31,0,31,0,689.9774338000025,,,,,,,,,,,,,,,,,,,,,,,,,,,,,,,,,,,,,,,,,,,,,,,,,,,,,,,,,,,,,,,,,,,,,,,,,,,,,,,,,,,,,,,,,,,,,689.9645763000008,689.9774338000025,689.9774338000025,689.9774338000025,690.1613561000013,None,,,,,,,,,,,,,,,,,,,,,,,,,,,,,,,,P2887,Bar_MIC,3,1,2026-05-11_17h28.42.991,MIC_task,,2026.1.2,59.486276515657686,2026-05-11 17h28.44.439398 +0200,
,,32,0,32,,,,,,,3,b01,orr,nose,2,bodypart,face,7,73,19,35,None,"(-0.1, 0.1)",None,,,,,,,,,,,,,,1,0,1,0,0,19,19,19,32,0,32,0,690.1769163000026,,,,,,,,,,,,,,,,,,,,,,,,,,,,,,,,,,,,,,,,,,,,,,,,,,,,,,,,,,,,,,,,,,,,,,,,,,,,,,,,,,,,,,,,,,,,,690.1642387000029,690.1769163000026,690.1769163000026,690.1769163000026,690.3620131000025,None,,,,,,,,,,,,,,,,,,,,,,,,,,,,,,,,P2887,Bar_MIC,3,1,2026-05-11_17h28.42.991,MIC_task,,2026.1.2,59.486276515657686,2026-05-11 17h28.44.439398 +0200,
,,33,0,33,,,,,,,3,b01,orr,nose,2,bodypart,face,7,73,19,35,None,"(-0.1, 0.1)",None,,,,,,,,,,,,,,1,0,1,0,0,19,19,19,33,0,33,0,690.3774865000014,,,,,,,,,,,,,,,,,,,,,,,,,,,,,,,,,,,,,,,,,,,,,,,,,,,,,,,,,,,,,,,,,,,,,,,,,,,,,,,,,,,,,,,,,,,,,690.3650852999999,690.3774865000014,690.3774865000014,690.3774865000014,690.5623301000014,None,,,,,,,,,,,,,,,,,,,,,,,,,,,,,,,,P2887,Bar_MIC,3,1,2026-05-11_17h28.42.991,MIC_task,,2026.1.2,59.486276515657686,2026-05-11 17h28.44.439398 +0200,
,,34,0,34,,,,,,,3,b01,orr,nose,2,bodypart,face,7,73,19,35,None,"(-0.1, 0.1)",None,,,,,,,,,,,,,,1,0,1,0,0,19,19,19,34,0,34,0,690.5777847000027,,,,,,,,,,,,,,,,,,,,,,,,,,,,,,,,,,,,,,,,,,,,,,,,,,,,,,,,,,,,,,,,,,,,,,,,,,,,,,,,,,,,,,,,,,,,,690.5657584,690.5777847000027,690.5777847000027,690.5777847000027,690.761583200001,None,,,,,,,,,,,,,,,,,,,,,,,,,,,,,,,,P2887,Bar_MIC,3,1,2026-05-11_17h28.42.991,MIC_task,,2026.1.2,59.486276515657686,2026-05-11 17h28.44.439398 +0200,
,,35,0,35,,,,,,,3,b01,orr,nose,2,bodypart,face,7,73,19,35,None,"(-0.1, 0.1)",None,,,,,,,,,,,,,,1,0,1,0,0,19,19,19,35,0,35,0,690.7781676000013,,,,,,,,,,,,,,,,,,,,,,,,,,,,,,,,,,,,,,,,,,,,,,,,,,,,,,,,,,,,,,,,,,,,,,,,,,,,,,,,,,,,,,,,,,,,,690.7646010000026,690.7781676000013,690.7781676000013,690.7781676000013,690.962102700003,None,,,,,,,,,,,,,,,,,,,,,,,,,,,,,,,,P2887,Bar_MIC,3,1,2026-05-11_17h28.42.991,MIC_task,,2026.1.2,59.486276515657686,2026-05-11 17h28.44.439398 +0200,
,,36,0,36,,,,,,,3,b01,orr,nose,2,bodypart,face,7,73,19,35,None,"(-0.1, 0.1)",None,,,,,,,,,,,,,,1,0,1,0,0,19,19,19,36,0,36,0,690.9784951000001,,,,,,,,,,,,,,,,,,,,,,,,,,,,,,,,,,,,,,,,,,,,,,,,,,,,,,,,,,,,,,,,,,,,,,,,,,,,,,,,,,,,,,,,,,,,,690.9648076000012,690.9784951000001,690.9784951000001,690.9784951000001,691.1624563000005,None,,,,,,,,,,,,,,,,,,,,,,,,,,,,,,,,P2887,Bar_MIC,3,1,2026-05-11_17h28.42.991,MIC_task,,2026.1.2,59.486276515657686,2026-05-11 17h28.44.439398 +0200,
,,37,0,37,,,,,,,3,b01,orr,nose,2,bodypart,face,7,73,19,35,None,"(-0.1, 0.1)",None,,,,,,,,,,,,,,1,0,1,0,0,19,19,19,37,0,37,0,691.1789161000015,,,,,,,,,,,,,,,,,,,,,,,,,,,,,,,,,,,,,,,,,,,,,,,,,,,,,,,,,,,,,,,,,,,,,,,,,,,,,,,,,,,,,,,,,,,,,691.1655639000019,691.1789161000015,691.1789161000015,691.1789161000015,691.362648600003,None,,,,,,,,,,,,,,,,,,,,,,,,,,,,,,,,P2887,Bar_MIC,3,1,2026-05-11_17h28.42.991,MIC_task,,2026.1.2,59.486276515657686,2026-05-11 17h28.44.439398 +0200,
,,38,0,38,,,,,,,3,b01,orr,nose,2,bodypart,face,7,73,19,35,None,"(-0.1, 0.1)",None,,,,,,,,,,,,,,1,0,1,0,0,19,19,19,38,0,38,0,691.379297200001,,,,,,,,,,,,,,,,,,,,,,,,,,,,,,,,,,,,,,,,,,,,,,,,,,,,,,,,,,,,,,,,,,,,,,,,,,,,,,,,,,,,,,,,,,,,,691.3657542000001,691.379297200001,691.379297200001,691.379297200001,691.5634077000032,None,,,,,,,,,,,,,,,,,,,,,,,,,,,,,,,,P2887,Bar_MIC,3,1,2026-05-11_17h28.42.991,MIC_task,,2026.1.2,59.486276515657686,2026-05-11 17h28.44.439398 +0200,
,,39,0,39,,,,,,,3,b01,orr,nose,2,bodypart,face,7,73,19,35,None,"(-0.1, 0.1)",None,,,,,,,,,,,,,,1,0,1,0,0,19,19,19,39,0,39,0,691.5797025000029,,,,,,,,,,,,,,,,,,,,,,,,,,,,,,,,,,,,,,,,,,,,,,,,,,,,,,,,,,,,,,,,,,,,,,,,,,,,,,,,,,,,,,,,,,,,,691.5668549000002,691.5797025000029,691.5797025000029,691.5797025000029,691.763446500001,None,,,,,,,,,,,,,,,,,,,,,,,,,,,,,,,,P2887,Bar_MIC,3,1,2026-05-11_17h28.42.991,MIC_task,,2026.1.2,59.486276515657686,2026-05-11 17h28.44.439398 +0200,
,,40,0,40,,,,,,,3,b01,orr,nose,2,bodypart,face,7,73,19,35,None,"(-0.1, 0.1)",None,,,,,,,,,,,,,,1,0,1,0,0,19,19,19,40,0,40,0,691.7799900000027,,,,,,,,,,,,,,,,,,,,,,,,,,,,,,,,,,,,,,,,,,,,,,,,,,,,,,,,,,,,,,,,,,,,,,,,,,,,,,,,,,,,,,,,,,,,,691.7666819000005,691.7799900000027,691.7799900000027,691.7799900000027,691.9637935000028,None,,,,,,,,,,,,,,,,,,,,,,,,,,,,,,,,P2887,Bar_MIC,3,1,2026-05-11_17h28.42.991,MIC_task,,2026.1.2,59.486276515657686,2026-05-11 17h28.44.439398 +0200,
,,41,0,41,,,,,,,3,b01,orr,nose,2,bodypart,face,7,73,19,35,None,"(-0.1, 0.1)",None,,,,,,,,,,,,,,1,0,1,0,0,19,19,19,41,0,41,0,691.9803253999999,,,,,,,,,,,,,,,,,,,,,,,,,,,,,,,,,,,,,,,,,,,,,,,,,,,,,,,,,,,,,,,,,,,,,,,,,,,,,,,,,,,,,,,,,,,,,691.9667507000013,691.9803253999999,691.9803253999999,691.9803253999999,692.1641958,None,,,,,,,,,,,,,,,,,,,,,,,,,,,,,,,,P2887,Bar_MIC,3,1,2026-05-11_17h28.42.991,MIC_task,,2026.1.2,59.486276515657686,2026-05-11 17h28.44.439398 +0200,
,,42,0,42,,,,,,,3,b01,orr,nose,2,bodypart,face,7,73,19,35,None,"(-0.1, 0.1)",None,,,,,,,,,,,,,,1,0,1,0,0,19,19,19,42,0,42,0,692.180685000003,,,,,,,,,,,,,,,,,,,,,,,,,,,,,,,,,,,,,,,,,,,,,,,,,,,,,,,,,,,,,,,,,,,,,,,,,,,,,,,,,,,,,,,,,,,,,692.1676836000006,692.180685000003,692.180685000003,692.180685000003,692.3645799000005,None,,,,,,,,,,,,,,,,,,,,,,,,,,,,,,,,P2887,Bar_MIC,3,1,2026-05-11_17h28.42.991,MIC_task,,2026.1.2,59.486276515657686,2026-05-11 17h28.44.439398 +0200,
,,43,0,43,,,,,,,3,b01,orr,nose,2,bodypart,face,7,73,19,35,None,"(-0.1, 0.1)",None,,,,,,,,,,,,,,1,0,1,0,0,19,19,19,43,0,43,0,692.3810255999997,,,,,,,,,,,,,,,,,,,,,,,,,,,,,,,,,,,,,,,,,,,,,,,,,,,,,,,,,,,,,,,,,,,,,,,,,,,,,,,,,,,,,,,,,,,,,692.368065300001,692.3810255999997,692.3810255999997,692.3810255999997,692.5652279000024,None,,,,,,,,,,,,,,,,,,,,,,,,,,,,,,,,P2887,Bar_MIC,3,1,2026-05-11_17h28.42.991,MIC_task,,2026.1.2,59.486276515657686,2026-05-11 17h28.44.439398 +0200,
,,44,0,44,,,,,,,3,b01,orr,nose,2,bodypart,face,7,73,19,35,None,"(-0.1, 0.1)",None,,,,,,,,,,,,,,1,0,1,0,0,19,19,19,44,0,44,0,692.5814772000012,,,,,,,,,,,,,,,,,,,,,,,,,,,,,,,,,,,,,,,,,,,,,,,,,,,,,,,,,,,,,,,,,,,,,,,,,,,,,,,,,,,,,,,,,,,,,692.5681612000008,692.5814772000012,692.5814772000012,692.5814772000012,692.7651882999999,None,,,,,,,,,,,,,,,,,,,,,,,,,,,,,,,,P2887,Bar_MIC,3,1,2026-05-11_17h28.42.991,MIC_task,,2026.1.2,59.486276515657686,2026-05-11 17h28.44.439398 +0200,
,,45,0,45,,,,,,,3,b01,orr,nose,2,bodypart,face,7,73,19,35,None,"(-0.1, 0.1)",None,,,,,,,,,,,,,,1,0,1,0,0,19,19,19,45,0,45,0,692.781118400002,,,,,,,,,,,,,,,,,,,,,,,,,,,,,,,,,,,,,,,,,,,,,,,,,,,,,,,,,,,,,,,,,,,,,,,,,,,,,,,,,,,,,,,,,,,,,692.7684767000028,692.781118400002,692.781118400002,692.781118400002,692.9660822000005,None,,,,,,,,,,,,,,,,,,,,,,,,,,,,,,,,P2887,Bar_MIC,3,1,2026-05-11_17h28.42.991,MIC_task,,2026.1.2,59.486276515657686,2026-05-11 17h28.44.439398 +0200,
,,46,0,46,,,,,,,3,b01,orr,nose,2,bodypart,face,7,73,19,35,None,"(-0.1, 0.1)",None,,,,,,,,,,,,,,1,0,1,0,0,19,19,19,46,0,46,0,692.9815049000026,,,,,,,,,,,,,,,,,,,,,,,,,,,,,,,,,,,,,,,,,,,,,,,,,,,,,,,,,,,,,,,,,,,,,,,,,,,,,,,,,,,,,,,,,,,,,692.9687205000009,692.9815049000026,692.9815049000026,692.9815049000026,693.1662623000011,None,,,,,,,,,,,,,,,,,,,,,,,,,,,,,,,,P2887,Bar_MIC,3,1,2026-05-11_17h28.42.991,MIC_task,,2026.1.2,59.486276515657686,2026-05-11 17h28.44.439398 +0200,
,,47,0,47,,,,,,,3,b01,orr,nose,2,bodypart,face,7,73,19,35,None,"(-0.1, 0.1)",None,,,,,,,,,,,,,,1,0,1,0,0,19,19,19,47,0,47,0,693.1817891000028,,,,,,,,,,,,,,,,,,,,,,,,,,,,,,,,,,,,,,,,,,,,,,,,,,,,,,,,,,,,,,,,,,,,,,,,,,,,,,,,,,,,,,,,,,,,,693.1690366000003,693.1817891000028,693.1817891000028,693.1817891000028,693.3661321,None,,,,,,,,,,,,,,,,,,,,,,,,,,,,,,,,P2887,Bar_MIC,3,1,2026-05-11_17h28.42.991,MIC_task,,2026.1.2,59.486276515657686,2026-05-11 17h28.44.439398 +0200,
,,48,0,48,,,,,,,3,b01,orr,nose,2,bodypart,face,7,73,19,35,None,"(-0.1, 0.1)",None,,,,,,,,,,,,,,1,0,1,0,0,19,19,19,48,0,48,0,693.3822544000031,,,,,,,,,,,,,,,,,,,,,,,,,,,,,,,,,,,,,,,,,,,,,,,,,,,,,,,,,,,,,,,,,,,,,,,,,,,,,,,,,,,,,,,,,,,,,693.3692550000014,693.3822544000031,693.3822544000031,693.3822544000031,693.5660252000016,None,,,,,,,,,,,,,,,,,,,,,,,,,,,,,,,,P2887,Bar_MIC,3,1,2026-05-11_17h28.42.991,MIC_task,,2026.1.2,59.486276515657686,2026-05-11 17h28.44.439398 +0200,
,,49,0,49,,,,,,,3,b01,orr,nose,2,bodypart,face,7,73,19,35,None,"(-0.1, 0.1)",None,,,,,,,,,,,,,,1,0,1,0,0,19,19,19,49,0,49,0,693.5826903000016,,,,,,,,,,,,,,,,,,,,,,,,,,,,,,,,,,,,,,,,,,,,,,,,,,,,,,,,,,,,,,,,,,,,,,,,,,,,,,,,,,,,,,,,,,,,,693.5694340000009,693.5826903000016,693.5826903000016,693.5826903000016,693.7669693000025,None,,,,,,,,,,,,,,,,,,,,,,,,,,,,,,,,P2887,Bar_MIC,3,1,2026-05-11_17h28.42.991,MIC_task,,2026.1.2,59.486276515657686,2026-05-11 17h28.44.439398 +0200,
,,50,0,50,,,,,,,3,b01,orr,nose,2,bodypart,face,7,73,19,35,None,"(-0.1, 0.1)",None,,,,,,,,,,,,,,1,0,1,0,0,19,19,19,50,0,50,0,693.7829539000013,,,,,,,,,,,,,,,,,,,,,,,,,,,,,,,,,,,,,,,,,,,,,,,,,,,,,,,,,,,,,,,,,,,,,,,,,,,,,,,,,,,,,,,,,,,,,693.7699686000014,693.7829539000013,693.7829539000013,693.7829539000013,693.967131100002,None,,,,,,,,,,,,,,,,,,,,,,,,,,,,,,,,P2887,Bar_MIC,3,1,2026-05-11_17h28.42.991,MIC_task,,2026.1.2,59.486276515657686,2026-05-11 17h28.44.439398 +0200,
,,51,0,51,,,,,,,3,b01,orr,nose,2,bodypart,face,7,73,19,35,None,"(-0.1, 0.1)",None,,,,,,,,,,,,,,1,0,1,0,0,19,19,19,51,0,51,0,693.9833193000013,,,,,,,,,,,,,,,,,,,,,,,,,,,,,,,,,,,,,,,,,,,,,,,,,,,,,,,,,,,,,,,,,,,,,,,,,,,,,,,,,,,,,,,,,,,,,693.9701598000029,693.9833193000013,693.9833193000013,693.9833193000013,694.1673792000001,None,,,,,,,,,,,,,,,,,,,,,,,,,,,,,,,,P2887,Bar_MIC,3,1,2026-05-11_17h28.42.991,MIC_task,,2026.1.2,59.486276515657686,2026-05-11 17h28.44.439398 +0200,
,,52,0,52,,,,,,,3,b01,orr,nose,2,bodypart,face,7,73,19,35,None,"(-0.1, 0.1)",None,,,,,,,,,,,,,,1,0,1,0,0,19,19,19,52,0,52,0,694.1836171000032,,,,,,,,,,,,,,,,,,,,,,,,,,,,,,,,,,,,,,,,,,,,,,,,,,,,,,,,,,,,,,,,,,,,,,,,,,,,,,,,,,,,,,,,,,,,,694.1702073000015,694.1836171000032,694.1836171000032,694.1836171000032,694.3678314999997,None,,,,,,,,,,,,,,,,,,,,,,,,,,,,,,,,P2887,Bar_MIC,3,1,2026-05-11_17h28.42.991,MIC_task,,2026.1.2,59.486276515657686,2026-05-11 17h28.44.439398 +0200,
,,53,0,53,,,,,,,3,b01,orr,nose,2,bodypart,face,7,73,19,35,None,"(-0.1, 0.1)",None,,,,,,,,,,,,,,1,0,1,0,0,19,19,19,53,0,53,0,694.3840846000021,,,,,,,,,,,,,,,,,,,,,,,,,,,,,,,,,,,,,,,,,,,,,,,,,,,,,,,,,,,,,,,,,,,,,,,,,,,,,,,,,,,,,,,,,,,,,694.3709458000012,694.3840846000021,694.3840846000021,694.3840846000021,694.5686578000023,None,,,,,,,,,,,,,,,,,,,,,,,,,,,,,,,,P2887,Bar_MIC,3,1,2026-05-11_17h28.42.991,MIC_task,,2026.1.2,59.486276515657686,2026-05-11 17h28.44.439398 +0200,
,,54,0,54,,,,,,,3,b01,orr,nose,2,bodypart,face,7,73,19,35,None,"(-0.1, 0.1)",None,,,,,,,,,,,,,,1,0,1,0,0,19,19,19,54,0,54,0,694.5843436000032,,,,,,,,,,,,,,,,,,,,,,,,,,,,,,,,,,,,,,,,,,,,,,,,,,,,,,,,,,,,,,,,,,,,,,,,,,,,,,,,,,,,,,,,,,,,,694.5719125000032,694.5843436000032,694.5843436000032,694.5843436000032,694.7684011000019,None,,,,,,,,,,,,,,,,,,,,,,,,,,,,,,,,P2887,Bar_MIC,3,1,2026-05-11_17h28.42.991,MIC_task,,2026.1.2,59.486276515657686,2026-05-11 17h28.44.439398 +0200,
,,55,0,55,,,,,,,3,b01,orr,nose,2,bodypart,face,7,73,19,35,None,"(-0.1, 0.1)",None,,,,,,,,,,,,,,1,0,1,0,0,19,19,19,55,0,55,0,694.7840176000027,,,,,,,,,,,,,,,,,,,,,,,,,,,,,,,,,,,,,,,,,,,,,,,,,,,,,,,,,,,,,,,,,,,,,,,,,,,,,,,,,,,,,,,,,,,,,694.7711296000016,694.7840176000027,694.7840176000027,694.7840176000027,694.9687455000021,None,,,,,,,,,,,,,,,,,,,,,,,,,,,,,,,,P2887,Bar_MIC,3,1,2026-05-11_17h28.42.991,MIC_task,,2026.1.2,59.486276515657686,2026-05-11 17h28.44.439398 +0200,
,,56,0,56,,,,,,,3,b01,orr,nose,2,bodypart,face,7,73,19,35,None,"(-0.1, 0.1)",None,,,,,,,,,,,,,,1,0,1,0,0,19,19,19,56,0,56,0,694.9843833000014,,,,,,,,,,,,,,,,,,,,,,,,,,,,,,,,,,,,,,,,,,,,,,,,,,,,,,,,,,,,,,,,,,,,,,,,,,,,,,,,,,,,,,,,,,,,,694.9716972000024,694.9843833000014,694.9843833000014,694.9843833000014,695.1530867000001,None,,,,,,,,,,,,,,,,,,,,,,,,,,,,,,,,P2887,Bar_MIC,3,1,2026-05-11_17h28.42.991,MIC_task,,2026.1.2,59.486276515657686,2026-05-11 17h28.44.439398 +0200,
,,57,0,57,,,,,,,3,b01,orr,nose,2,bodypart,face,7,73,19,35,None,"(-0.1, 0.1)",space,0.03341369999907329,None,,,,,,,,,,,,1,0,1,0,0,19,19,19,57,0,57,0,695.1679991000019,,,,,,,,,,,,,,,,,,,,,,,,,,,,,,,,,,,,,,,,,,,,,,,,,,,,,,,,,,,,,,,,,,,,,,,,,,,,,,,,,,,,,,,,,,,,,695.155926200001,695.1679991000019,695.1679991000019,695.1679991000019,695.2034826000017,space,0.03341369999907329,None,,,,,,,,,,,,,,,,,,,,,,,,,,,,,,P2887,Bar_MIC,3,1,2026-05-11_17h28.42.991,MIC_task,,2026.1.2,59.486276515657686,2026-05-11 17h28.44.439398 +0200,
,,19,19,0,,,,space,0.6947890000010375,None,3,b01,orr,nose,2,bodypart,face,7,73,19,35,None,"(-0.1, 0.1)",,,,,,,,,,,,,,,1,0,1,0,0,19,19,19,,,,,,,,,,,,,,,,,,,,,,,,,,,,,,,,,,,,,,,,,,,,,,,,,,,,,,,,,,,,,,,,,,,,,,,,,,,,,,,,,695.2635952000019,695.2693053000003,695.2692969666687,697.2053341000028,,,,,,699.2083914000032,699.2253830000009,699.2253830000009,699.9277972000018,,,,,,,,,,,,,697.2272059000024,697.2324038000006,697.2385374333358,699.1246382999998,699.2083445000026,space,0.6947890000010375,None,,,,,,,,,,,,,,,,,,,,,,P2887,Bar_MIC,3,1,2026-05-11_17h28.42.991,MIC_task,,2026.1.2,59.486276515657686,2026-05-11 17h28.44.439398 +0200,
,,0,0,0,,,,,,,3,p19,rendőr,police officier,6,people,professions,6.8,179,25,53,None,"(-0.1, 0)",None,,,,,,,,,,,,,,1,0,1,0,0,20,20,20,0,0,0,0,699.9419753000002,,,,,,,,,,,,,,,,,,,,,,,,,,,,,,,,,,,,,,,,,,,,,,,,,,,,,,,,,,,,,,,,,,,,,,,,,,,,,,,,,,,,,,,,,,,,,699.9309807000027,699.9419753000002,699.9419753000002,699.9419753000002,700.127418600001,None,,,,,,,,,,,700.1423857000009,700.1423857000009,700.1423857000009,,,,,,,,,,,,,,,,,,,P2887,Bar_MIC,3,1,2026-05-11_17h28.42.991,MIC_task,,2026.1.2,59.486276515657686,2026-05-11 17h28.44.439398 +0200,
,,0,0,0,,,,,,,3,p19,rendőr,police officier,6,people,professions,6.8,179,25,53,None,"(-0.1, 0)",None,,,,,,,,,,,,,,1,0,1,0,0,20,20,20,0,0,0,0,700.1423857000009,,,,,,,,,,,,,,,,,,,,,,,,,,,,,,,,,,,,,,,,,,,,,,,,,,,,,,,,,,,,,,,,,,,,,,,,,,,,,,,,,,,,,,,,,,,,,700.1301031000003,700.1423857000009,700.1423857000009,700.1423857000009,700.3276102000018,None,,,,,,,,,,,700.3426957000011,700.3426957000011,700.3426957000011,,,,,,,,,,,,,,,,,,,P2887,Bar_MIC,3,1,2026-05-11_17h28.42.991,MIC_task,,2026.1.2,59.486276515657686,2026-05-11 17h28.44.439398 +0200,
,,1,0,1,,,,,,,3,p19,rendőr,police officier,6,people,professions,6.8,179,25,53,None,"(-0.1, 0)",None,,,,,,,,,,,,,,1,0,1,0,0,20,20,20,1,0,1,0,700.3426957000011,,,,,,,,,,,,,,,,,,,,,,,,,,,,,,,,,,,,,,,,,,,,,,,,,,,,,,,,,,,,,,,,,,,,,,,,,,,,,,,,,,,,,,,,,,,,,700.3305098000019,700.3426957000011,700.3426957000011,700.3426957000011,700.5269141000026,None,,,,,,,,,,,700.5430332000033,700.5430332000033,700.5430332000033,,,,,,,,,,,,,,,,,,,P2887,Bar_MIC,3,1,2026-05-11_17h28.42.991,MIC_task,,2026.1.2,59.486276515657686,2026-05-11 17h28.44.439398 +0200,
,,2,0,2,,,,,,,3,p19,rendőr,police officier,6,people,professions,6.8,179,25,53,None,"(-0.1, 0)",None,,,,,,,,,,,,,,1,0,1,0,0,20,20,20,2,0,2,0,700.5430332000033,,,,,,,,,,,,,,,,,,,,,,,,,,,,,,,,,,,,,,,,,,,,,,,,,,,,,,,,,,,,,,,,,,,,,,,,,,,,,,,,,,,,,,,,,,,,,700.5301432000015,700.5430332000033,700.5430332000033,700.5430332000033,700.727239900003,None,,,,,,,,,,,700.7435178000014,700.7435178000014,700.7435178000014,,,,,,,,,,,,,,,,,,,P2887,Bar_MIC,3,1,2026-05-11_17h28.42.991,MIC_task,,2026.1.2,59.486276515657686,2026-05-11 17h28.44.439398 +0200,
,,3,0,3,,,,,,,3,p19,rendőr,police officier,6,people,professions,6.8,179,25,53,None,"(-0.1, 0)",None,,,,,,,,,,,,,,1,0,1,0,0,20,20,20,3,0,3,0,700.7435178000014,,,,,,,,,,,,,,,,,,,,,,,,,,,,,,,,,,,,,,,,,,,,,,,,,,,,,,,,,,,,,,,,,,,,,,,,,,,,,,,,,,,,,,,,,,,,,700.7305381000006,700.7435178000014,700.7435178000014,700.7435178000014,700.9276849000016,None,,,,,,,,,,,700.9438603000017,700.9438603000017,700.9438603000017,,,,,,,,,,,,,,,,,,,P2887,Bar_MIC,3,1,2026-05-11_17h28.42.991,MIC_task,,2026.1.2,59.486276515657686,2026-05-11 17h28.44.439398 +0200,
,,4,0,4,,,,,,,3,p19,rendőr,police officier,6,people,professions,6.8,179,25,53,None,"(-0.1, 0)",None,,,,,,,,,,,,,,1,0,1,0,0,20,20,20,4,0,4,0,700.9438603000017,,,,,,,,,,,,,,,,,,,,,,,,,,,,,,,,,,,,,,,,,,,,,,,,,,,,,,,,,,,,,,,,,,,,,,,,,,,,,,,,,,,,,,,,,,,,,700.930647000001,700.9438603000017,700.9438603000017,700.9438603000017,701.1281849000006,None,,,,,,,,,,,701.1441960000011,701.1441960000011,701.1441960000011,,,,,,,,,,,,,,,,,,,P2887,Bar_MIC,3,1,2026-05-11_17h28.42.991,MIC_task,,2026.1.2,59.486276515657686,2026-05-11 17h28.44.439398 +0200,
,,5,0,5,,,,,,,3,p19,rendőr,police officier,6,people,professions,6.8,179,25,53,None,"(-0.1, 0)",None,,,,,,,,,,,,,,1,0,1,0,0,20,20,20,5,0,5,0,701.1441960000011,,,,,,,,,,,,,,,,,,,,,,,,,,,,,,,,,,,,,,,,,,,,,,,,,,,,,,,,,,,,,,,,,,,,,,,,,,,,,,,,,,,,,,,,,,,,,701.1311339000022,701.1441960000011,701.1441960000011,701.1441960000011,701.3280826000009,None,,,,,,,,,,,,,,,,,,,,,,,,,,,,,,,,P2887,Bar_MIC,3,1,2026-05-11_17h28.42.991,MIC_task,,2026.1.2,59.486276515657686,2026-05-11 17h28.44.439398 +0200,
,,6,0,6,,,,,,,3,p19,rendőr,police officier,6,people,professions,6.8,179,25,53,None,"(-0.1, 0)",None,,,,,,,,,,,,,,1,0,1,0,0,20,20,20,6,0,6,0,701.3446186000001,,,,,,,,,,,,,,,,,,,,,,,,,,,,,,,,,,,,,,,,,,,,,,,,,,,,,,,,,,,,,,,,,,,,,,,,,,,,,,,,,,,,,,,,,,,,,701.3309743000027,701.3446186000001,701.3446186000001,701.3446186000001,701.5287002000005,None,,,,,,,,,,,,,,,,,,,,,,,,,,,,,,,,P2887,Bar_MIC,3,1,2026-05-11_17h28.42.991,MIC_task,,2026.1.2,59.486276515657686,2026-05-11 17h28.44.439398 +0200,
,,7,0,7,,,,,,,3,p19,rendőr,police officier,6,people,professions,6.8,179,25,53,None,"(-0.1, 0)",None,,,,,,,,,,,,,,1,0,1,0,0,20,20,20,7,0,7,0,701.5449712000009,,,,,,,,,,,,,,,,,,,,,,,,,,,,,,,,,,,,,,,,,,,,,,,,,,,,,,,,,,,,,,,,,,,,,,,,,,,,,,,,,,,,,,,,,,,,,701.5314592000032,701.5449712000009,701.5449712000009,701.5449712000009,701.7291041999997,None,,,,,,,,,,,,,,,,,,,,,,,,,,,,,,,,P2887,Bar_MIC,3,1,2026-05-11_17h28.42.991,MIC_task,,2026.1.2,59.486276515657686,2026-05-11 17h28.44.439398 +0200,
,,8,0,8,,,,,,,3,p19,rendőr,police officier,6,people,professions,6.8,179,25,53,None,"(-0.1, 0)",None,,,,,,,,,,,,,,1,0,1,0,0,20,20,20,8,0,8,0,701.7451719000019,,,,,,,,,,,,,,,,,,,,,,,,,,,,,,,,,,,,,,,,,,,,,,,,,,,,,,,,,,,,,,,,,,,,,,,,,,,,,,,,,,,,,,,,,,,,,701.7321160000029,701.7451719000019,701.7451719000019,701.7451719000019,701.929224800002,None,,,,,,,,,,,,,,,,,,,,,,,,,,,,,,,,P2887,Bar_MIC,3,1,2026-05-11_17h28.42.991,MIC_task,,2026.1.2,59.486276515657686,2026-05-11 17h28.44.439398 +0200,
,,9,0,9,,,,,,,3,p19,rendőr,police officier,6,people,professions,6.8,179,25,53,None,"(-0.1, 0)",None,,,,,,,,,,,,,,1,0,1,0,0,20,20,20,9,0,9,0,701.9455229000014,,,,,,,,,,,,,,,,,,,,,,,,,,,,,,,,,,,,,,,,,,,,,,,,,,,,,,,,,,,,,,,,,,,,,,,,,,,,,,,,,,,,,,,,,,,,,701.9325789000031,701.9455229000014,701.9455229000014,701.9455229000014,702.1293973000029,None,,,,,,,,,,,,,,,,,,,,,,,,,,,,,,,,P2887,Bar_MIC,3,1,2026-05-11_17h28.42.991,MIC_task,,2026.1.2,59.486276515657686,2026-05-11 17h28.44.439398 +0200,
,,10,0,10,,,,,,,3,p19,rendőr,police officier,6,people,professions,6.8,179,25,53,None,"(-0.1, 0)",None,,,,,,,,,,,,,,1,0,1,0,0,20,20,20,10,0,10,0,702.1460609000023,,,,,,,,,,,,,,,,,,,,,,,,,,,,,,,,,,,,,,,,,,,,,,,,,,,,,,,,,,,,,,,,,,,,,,,,,,,,,,,,,,,,,,,,,,,,,702.1327444000017,702.1460609000023,702.1460609000023,702.1460609000023,702.3303751000021,None,,,,,,,,,,,,,,,,,,,,,,,,,,,,,,,,P2887,Bar_MIC,3,1,2026-05-11_17h28.42.991,MIC_task,,2026.1.2,59.486276515657686,2026-05-11 17h28.44.439398 +0200,
,,11,0,11,,,,,,,3,p19,rendőr,police officier,6,people,professions,6.8,179,25,53,None,"(-0.1, 0)",None,,,,,,,,,,,,,,1,0,1,0,0,20,20,20,11,0,11,0,702.3463854000001,,,,,,,,,,,,,,,,,,,,,,,,,,,,,,,,,,,,,,,,,,,,,,,,,,,,,,,,,,,,,,,,,,,,,,,,,,,,,,,,,,,,,,,,,,,,,702.3333424000011,702.3463854000001,702.3463854000001,702.3463854000001,702.5305023000001,None,,,,,,,,,,,,,,,,,,,,,,,,,,,,,,,,P2887,Bar_MIC,3,1,2026-05-11_17h28.42.991,MIC_task,,2026.1.2,59.486276515657686,2026-05-11 17h28.44.439398 +0200,
,,12,0,12,,,,,,,3,p19,rendőr,police officier,6,people,professions,6.8,179,25,53,None,"(-0.1, 0)",None,,,,,,,,,,,,,,1,0,1,0,0,20,20,20,12,0,12,0,702.5460715000008,,,,,,,,,,,,,,,,,,,,,,,,,,,,,,,,,,,,,,,,,,,,,,,,,,,,,,,,,,,,,,,,,,,,,,,,,,,,,,,,,,,,,,,,,,,,,702.5338798000012,702.5460715000008,702.5460715000008,702.5460715000008,702.7309910000004,None,,,,,,,,,,,,,,,,,,,,,,,,,,,,,,,,P2887,Bar_MIC,3,1,2026-05-11_17h28.42.991,MIC_task,,2026.1.2,59.486276515657686,2026-05-11 17h28.44.439398 +0200,
,,13,0,13,,,,,,,3,p19,rendőr,police officier,6,people,professions,6.8,179,25,53,None,"(-0.1, 0)",None,,,,,,,,,,,,,,1,0,1,0,0,20,20,20,13,0,13,0,702.7464743000019,,,,,,,,,,,,,,,,,,,,,,,,,,,,,,,,,,,,,,,,,,,,,,,,,,,,,,,,,,,,,,,,,,,,,,,,,,,,,,,,,,,,,,,,,,,,,702.7341009000011,702.7464743000019,702.7464743000019,702.7464743000019,702.9314031000031,None,,,,,,,,,,,,,,,,,,,,,,,,,,,,,,,,P2887,Bar_MIC,3,1,2026-05-11_17h28.42.991,MIC_task,,2026.1.2,59.486276515657686,2026-05-11 17h28.44.439398 +0200,
,,14,0,14,,,,,,,3,p19,rendőr,police officier,6,people,professions,6.8,179,25,53,None,"(-0.1, 0)",None,,,,,,,,,,,,,,1,0,1,0,0,20,20,20,14,0,14,0,702.9468876000028,,,,,,,,,,,,,,,,,,,,,,,,,,,,,,,,,,,,,,,,,,,,,,,,,,,,,,,,,,,,,,,,,,,,,,,,,,,,,,,,,,,,,,,,,,,,,702.934605800001,702.9468876000028,702.9468876000028,702.9468876000028,703.1307465999998,None,,,,,,,,,,,,,,,,,,,,,,,,,,,,,,,,P2887,Bar_MIC,3,1,2026-05-11_17h28.42.991,MIC_task,,2026.1.2,59.486276515657686,2026-05-11 17h28.44.439398 +0200,
,,15,0,15,,,,,,,3,p19,rendőr,police officier,6,people,professions,6.8,179,25,53,None,"(-0.1, 0)",None,,,,,,,,,,,,,,1,0,1,0,0,20,20,20,15,0,15,0,703.1472065000016,,,,,,,,,,,,,,,,,,,,,,,,,,,,,,,,,,,,,,,,,,,,,,,,,,,,,,,,,,,,,,,,,,,,,,,,,,,,,,,,,,,,,,,,,,,,,703.1342110000005,703.1472065000016,703.1472065000016,703.1472065000016,703.3315039000008,None,,,,,,,,,,,,,,,,,,,,,,,,,,,,,,,,P2887,Bar_MIC,3,1,2026-05-11_17h28.42.991,MIC_task,,2026.1.2,59.486276515657686,2026-05-11 17h28.44.439398 +0200,
,,16,0,16,,,,,,,3,p19,rendőr,police officier,6,people,professions,6.8,179,25,53,None,"(-0.1, 0)",space,0.159485100000893,None,,,,,,,,,,,,1,0,1,0,0,20,20,20,16,0,16,0,703.3475507000003,,,,,,,,,,,,,,,,,,,,,,,,,,,,,,,,,,,,,,,,,,,,,,,,,,,,,,,,,,,,,,,,,,,,,,,,,,,,,,,,,,,,,,,,,,,,,703.3351132999996,703.3475507000003,703.3475507000003,703.3475507000003,703.5153150000006,space,0.159485100000893,None,,,,,,,,,,,,,,,,,,,,,,,,,,,,,,P2887,Bar_MIC,3,1,2026-05-11_17h28.42.991,MIC_task,,2026.1.2,59.486276515657686,2026-05-11 17h28.44.439398 +0200,
,,20,20,0,,,,space,0.151048499999888,None,3,p19,rendőr,police officier,6,people,professions,6.8,179,25,53,None,"(-0.1, 0)",,,,,,,,,,,,,,,1,0,1,0,0,20,20,20,,,,,,,,,,,,,,,,,,,,,,,,,,,,,,,,,,,,,,,,,,,,,,,,,,,,,,,,,,,,,,,,,,,,,,,,,,,,,,,,,703.5695925,703.5748244000024,703.5810592666685,705.5175811000008,,,,,,707.5216534000028,707.5370527000014,707.5370527000014,707.7059927000009,,,,,,,,,,,,,705.5472926000002,705.5526894000031,705.550793533334,707.454295800002,707.5216063000007,space,0.151048499999888,None,,,,,,,,,,,,,,,,,,,,,,P2887,Bar_MIC,3,1,2026-05-11_17h28.42.991,MIC_task,,2026.1.2,59.486276515657686,2026-05-11 17h28.44.439398 +0200,
,,0,0,0,,,,,,,3,f26,méz,honey,4,food,sweets,7,51,None,65,None,"(0, -0.1)",None,,,,,,,,,,,,,,1,0,1,0,0,21,21,21,0,0,0,0,707.7207372000012,,,,,,,,,,,,,,,,,,,,,,,,,,,,,,,,,,,,,,,,,,,,,,,,,,,,,,,,,,,,,,,,,,,,,,,,,,,,,,,,,,,,,,,,,,,,,707.7089977000032,707.7207372000012,707.7207372000012,707.7207372000012,707.9061078000013,None,,,,,,,,,,,707.9210636000025,707.9210636000025,707.9210636000025,,,,,,,,,,,,,,,,,,,P2887,Bar_MIC,3,1,2026-05-11_17h28.42.991,MIC_task,,2026.1.2,59.486276515657686,2026-05-11 17h28.44.439398 +0200,
,,0,0,0,,,,,,,3,f26,méz,honey,4,food,sweets,7,51,None,65,None,"(0, -0.1)",None,,,,,,,,,,,,,,1,0,1,0,0,21,21,21,0,0,0,0,707.9210636000025,,,,,,,,,,,,,,,,,,,,,,,,,,,,,,,,,,,,,,,,,,,,,,,,,,,,,,,,,,,,,,,,,,,,,,,,,,,,,,,,,,,,,,,,,,,,,707.9090708000003,707.9210636000025,707.9210636000025,707.9210636000025,708.1053508000005,None,,,,,,,,,,,708.1214523000017,708.1214523000017,708.1214523000017,,,,,,,,,,,,,,,,,,,P2887,Bar_MIC,3,1,2026-05-11_17h28.42.991,MIC_task,,2026.1.2,59.486276515657686,2026-05-11 17h28.44.439398 +0200,
,,1,0,1,,,,,,,3,f26,méz,honey,4,food,sweets,7,51,None,65,None,"(0, -0.1)",None,,,,,,,,,,,,,,1,0,1,0,0,21,21,21,1,0,1,0,708.1214523000017,,,,,,,,,,,,,,,,,,,,,,,,,,,,,,,,,,,,,,,,,,,,,,,,,,,,,,,,,,,,,,,,,,,,,,,,,,,,,,,,,,,,,,,,,,,,,708.1088906000004,708.1214523000017,708.1214523000017,708.1214523000017,708.3058395000007,None,,,,,,,,,,,708.3218465999998,708.3218465999998,708.3218465999998,,,,,,,,,,,,,,,,,,,P2887,Bar_MIC,3,1,2026-05-11_17h28.42.991,MIC_task,,2026.1.2,59.486276515657686,2026-05-11 17h28.44.439398 +0200,
,,2,0,2,,,,,,,3,f26,méz,honey,4,food,sweets,7,51,None,65,None,"(0, -0.1)",None,,,,,,,,,,,,,,1,0,1,0,0,21,21,21,2,0,2,0,708.3218465999998,,,,,,,,,,,,,,,,,,,,,,,,,,,,,,,,,,,,,,,,,,,,,,,,,,,,,,,,,,,,,,,,,,,,,,,,,,,,,,,,,,,,,,,,,,,,,708.3089725999998,708.3218465999998,708.3218465999998,708.3218465999998,708.5064547000002,None,,,,,,,,,,,708.5221889000022,708.5221889000022,708.5221889000022,,,,,,,,,,,,,,,,,,,P2887,Bar_MIC,3,1,2026-05-11_17h28.42.991,MIC_task,,2026.1.2,59.486276515657686,2026-05-11 17h28.44.439398 +0200,
,,3,0,3,,,,,,,3,f26,méz,honey,4,food,sweets,7,51,None,65,None,"(0, -0.1)",None,,,,,,,,,,,,,,1,0,1,0,0,21,21,21,3,0,3,0,708.5221889000022,,,,,,,,,,,,,,,,,,,,,,,,,,,,,,,,,,,,,,,,,,,,,,,,,,,,,,,,,,,,,,,,,,,,,,,,,,,,,,,,,,,,,,,,,,,,,708.5094977000008,708.5221889000022,708.5221889000022,708.5221889000022,708.7062202000016,None,,,,,,,,,,,,,,,,,,,,,,,,,,,,,,,,P2887,Bar_MIC,3,1,2026-05-11_17h28.42.991,MIC_task,,2026.1.2,59.486276515657686,2026-05-11 17h28.44.439398 +0200,
,,4,0,4,,,,,,,3,f26,méz,honey,4,food,sweets,7,51,None,65,None,"(0, -0.1)",None,,,,,,,,,,,,,,1,0,1,0,0,21,21,21,4,0,4,0,708.7225049000008,,,,,,,,,,,,,,,,,,,,,,,,,,,,,,,,,,,,,,,,,,,,,,,,,,,,,,,,,,,,,,,,,,,,,,,,,,,,,,,,,,,,,,,,,,,,,708.7090628000005,708.7225049000008,708.7225049000008,708.7225049000008,708.9068360000019,None,,,,,,,,,,,,,,,,,,,,,,,,,,,,,,,,P2887,Bar_MIC,3,1,2026-05-11_17h28.42.991,MIC_task,,2026.1.2,59.486276515657686,2026-05-11 17h28.44.439398 +0200,
,,5,0,5,,,,,,,3,f26,méz,honey,4,food,sweets,7,51,None,65,None,"(0, -0.1)",None,,,,,,,,,,,,,,1,0,1,0,0,21,21,21,5,0,5,0,708.9228300000032,,,,,,,,,,,,,,,,,,,,,,,,,,,,,,,,,,,,,,,,,,,,,,,,,,,,,,,,,,,,,,,,,,,,,,,,,,,,,,,,,,,,,,,,,,,,,708.9101517000017,708.9228300000032,708.9228300000032,708.9228300000032,709.1069560000033,None,,,,,,,,,,,,,,,,,,,,,,,,,,,,,,,,P2887,Bar_MIC,3,1,2026-05-11_17h28.42.991,MIC_task,,2026.1.2,59.486276515657686,2026-05-11 17h28.44.439398 +0200,
,,6,0,6,,,,,,,3,f26,méz,honey,4,food,sweets,7,51,None,65,None,"(0, -0.1)",None,,,,,,,,,,,,,,1,0,1,0,0,21,21,21,6,0,6,0,709.1232554000017,,,,,,,,,,,,,,,,,,,,,,,,,,,,,,,,,,,,,,,,,,,,,,,,,,,,,,,,,,,,,,,,,,,,,,,,,,,,,,,,,,,,,,,,,,,,,709.1102449999998,709.1232554000017,709.1232554000017,709.1232554000017,709.307560600002,None,,,,,,,,,,,,,,,,,,,,,,,,,,,,,,,,P2887,Bar_MIC,3,1,2026-05-11_17h28.42.991,MIC_task,,2026.1.2,59.486276515657686,2026-05-11 17h28.44.439398 +0200,
,,7,0,7,,,,,,,3,f26,méz,honey,4,food,sweets,7,51,None,65,None,"(0, -0.1)",None,,,,,,,,,,,,,,1,0,1,0,0,21,21,21,7,0,7,0,709.323664800002,,,,,,,,,,,,,,,,,,,,,,,,,,,,,,,,,,,,,,,,,,,,,,,,,,,,,,,,,,,,,,,,,,,,,,,,,,,,,,,,,,,,,,,,,,,,,709.3111452000012,709.323664800002,709.323664800002,709.323664800002,709.5074065000008,None,,,,,,,,,,,,,,,,,,,,,,,,,,,,,,,,P2887,Bar_MIC,3,1,2026-05-11_17h28.42.991,MIC_task,,2026.1.2,59.486276515657686,2026-05-11 17h28.44.439398 +0200,
,,8,0,8,,,,,,,3,f26,méz,honey,4,food,sweets,7,51,None,65,None,"(0, -0.1)",None,,,,,,,,,,,,,,1,0,1,0,0,21,21,21,8,0,8,0,709.5232660000001,,,,,,,,,,,,,,,,,,,,,,,,,,,,,,,,,,,,,,,,,,,,,,,,,,,,,,,,,,,,,,,,,,,,,,,,,,,,,,,,,,,,,,,,,,,,,709.510849600003,709.5232660000001,709.5232660000001,709.5232660000001,709.7083509000004,None,,,,,,,,,,,,,,,,,,,,,,,,,,,,,,,,P2887,Bar_MIC,3,1,2026-05-11_17h28.42.991,MIC_task,,2026.1.2,59.486276515657686,2026-05-11 17h28.44.439398 +0200,
,,9,0,9,,,,,,,3,f26,méz,honey,4,food,sweets,7,51,None,65,None,"(0, -0.1)",None,,,,,,,,,,,,,,1,0,1,0,0,21,21,21,9,0,9,0,709.7237539000016,,,,,,,,,,,,,,,,,,,,,,,,,,,,,,,,,,,,,,,,,,,,,,,,,,,,,,,,,,,,,,,,,,,,,,,,,,,,,,,,,,,,,,,,,,,,,709.711693600002,709.7237539000016,709.7237539000016,709.7237539000016,709.9086282999997,None,,,,,,,,,,,,,,,,,,,,,,,,,,,,,,,,P2887,Bar_MIC,3,1,2026-05-11_17h28.42.991,MIC_task,,2026.1.2,59.486276515657686,2026-05-11 17h28.44.439398 +0200,
,,10,0,10,,,,,,,3,f26,méz,honey,4,food,sweets,7,51,None,65,None,"(0, -0.1)",None,,,,,,,,,,,,,,1,0,1,0,0,21,21,21,10,0,10,0,709.9241108000024,,,,,,,,,,,,,,,,,,,,,,,,,,,,,,,,,,,,,,,,,,,,,,,,,,,,,,,,,,,,,,,,,,,,,,,,,,,,,,,,,,,,,,,,,,,,,709.9120373000005,709.9241108000024,709.9241108000024,709.9241108000024,710.1078525000012,None,,,,,,,,,,,,,,,,,,,,,,,,,,,,,,,,P2887,Bar_MIC,3,1,2026-05-11_17h28.42.991,MIC_task,,2026.1.2,59.486276515657686,2026-05-11 17h28.44.439398 +0200,
,,11,0,11,,,,,,,3,f26,méz,honey,4,food,sweets,7,51,None,65,None,"(0, -0.1)",None,,,,,,,,,,,,,,1,0,1,0,0,21,21,21,11,0,11,0,710.1244132000029,,,,,,,,,,,,,,,,,,,,,,,,,,,,,,,,,,,,,,,,,,,,,,,,,,,,,,,,,,,,,,,,,,,,,,,,,,,,,,,,,,,,,,,,,,,,,710.1108666,710.1244132000029,710.1244132000029,710.1244132000029,710.3082208000014,None,,,,,,,,,,,,,,,,,,,,,,,,,,,,,,,,P2887,Bar_MIC,3,1,2026-05-11_17h28.42.991,MIC_task,,2026.1.2,59.486276515657686,2026-05-11 17h28.44.439398 +0200,
,,12,0,12,,,,,,,3,f26,méz,honey,4,food,sweets,7,51,None,65,None,"(0, -0.1)",None,,,,,,,,,,,,,,1,0,1,0,0,21,21,21,12,0,12,0,710.3248628000001,,,,,,,,,,,,,,,,,,,,,,,,,,,,,,,,,,,,,,,,,,,,,,,,,,,,,,,,,,,,,,,,,,,,,,,,,,,,,,,,,,,,,,,,,,,,,710.3117691000007,710.3248628000001,710.3248628000001,710.3248628000001,710.5087578000021,None,,,,,,,,,,,,,,,,,,,,,,,,,,,,,,,,P2887,Bar_MIC,3,1,2026-05-11_17h28.42.991,MIC_task,,2026.1.2,59.486276515657686,2026-05-11 17h28.44.439398 +0200,
,,13,0,13,,,,,,,3,f26,méz,honey,4,food,sweets,7,51,None,65,None,"(0, -0.1)",None,,,,,,,,,,,,,,1,0,1,0,0,21,21,21,13,0,13,0,710.5251597000024,,,,,,,,,,,,,,,,,,,,,,,,,,,,,,,,,,,,,,,,,,,,,,,,,,,,,,,,,,,,,,,,,,,,,,,,,,,,,,,,,,,,,,,,,,,,,710.5118390000025,710.5251597000024,710.5251597000024,710.5251597000024,710.7097817000031,None,,,,,,,,,,,,,,,,,,,,,,,,,,,,,,,,P2887,Bar_MIC,3,1,2026-05-11_17h28.42.991,MIC_task,,2026.1.2,59.486276515657686,2026-05-11 17h28.44.439398 +0200,
,,14,0,14,,,,,,,3,f26,méz,honey,4,food,sweets,7,51,None,65,None,"(0, -0.1)",None,,,,,,,,,,,,,,1,0,1,0,0,21,21,21,14,0,14,0,710.7255388000012,,,,,,,,,,,,,,,,,,,,,,,,,,,,,,,,,,,,,,,,,,,,,,,,,,,,,,,,,,,,,,,,,,,,,,,,,,,,,,,,,,,,,,,,,,,,,710.7130115,710.7255388000012,710.7255388000012,710.7255388000012,710.9094279000019,None,,,,,,,,,,,,,,,,,,,,,,,,,,,,,,,,P2887,Bar_MIC,3,1,2026-05-11_17h28.42.991,MIC_task,,2026.1.2,59.486276515657686,2026-05-11 17h28.44.439398 +0200,
,,15,0,15,,,,,,,3,f26,méz,honey,4,food,sweets,7,51,None,65,None,"(0, -0.1)",None,,,,,,,,,,,,,,1,0,1,0,0,21,21,21,15,0,15,0,710.9258612000012,,,,,,,,,,,,,,,,,,,,,,,,,,,,,,,,,,,,,,,,,,,,,,,,,,,,,,,,,,,,,,,,,,,,,,,,,,,,,,,,,,,,,,,,,,,,,710.9128938000031,710.9258612000012,710.9258612000012,710.9258612000012,711.1098708000027,None,,,,,,,,,,,,,,,,,,,,,,,,,,,,,,,,P2887,Bar_MIC,3,1,2026-05-11_17h28.42.991,MIC_task,,2026.1.2,59.486276515657686,2026-05-11 17h28.44.439398 +0200,
,,16,0,16,,,,,,,3,f26,méz,honey,4,food,sweets,7,51,None,65,None,"(0, -0.1)",None,,,,,,,,,,,,,,1,0,1,0,0,21,21,21,16,0,16,0,711.1261645000013,,,,,,,,,,,,,,,,,,,,,,,,,,,,,,,,,,,,,,,,,,,,,,,,,,,,,,,,,,,,,,,,,,,,,,,,,,,,,,,,,,,,,,,,,,,,,711.1129628000017,711.1261645000013,711.1261645000013,711.1261645000013,711.3102641000005,None,,,,,,,,,,,,,,,,,,,,,,,,,,,,,,,,P2887,Bar_MIC,3,1,2026-05-11_17h28.42.991,MIC_task,,2026.1.2,59.486276515657686,2026-05-11 17h28.44.439398 +0200,
,,17,0,17,,,,,,,3,f26,méz,honey,4,food,sweets,7,51,None,65,None,"(0, -0.1)",None,,,,,,,,,,,,,,1,0,1,0,0,21,21,21,17,0,17,0,711.326627800001,,,,,,,,,,,,,,,,,,,,,,,,,,,,,,,,,,,,,,,,,,,,,,,,,,,,,,,,,,,,,,,,,,,,,,,,,,,,,,,,,,,,,,,,,,,,,711.3136197000022,711.326627800001,711.326627800001,711.326627800001,711.5106550000019,None,,,,,,,,,,,,,,,,,,,,,,,,,,,,,,,,P2887,Bar_MIC,3,1,2026-05-11_17h28.42.991,MIC_task,,2026.1.2,59.486276515657686,2026-05-11 17h28.44.439398 +0200,
,,18,0,18,,,,,,,3,f26,méz,honey,4,food,sweets,7,51,None,65,None,"(0, -0.1)",space,0.09704450000208453,None,,,,,,,,,,,,1,0,1,0,0,21,21,21,18,0,18,0,711.5269226000019,,,,,,,,,,,,,,,,,,,,,,,,,,,,,,,,,,,,,,,,,,,,,,,,,,,,,,,,,,,,,,,,,,,,,,,,,,,,,,,,,,,,,,,,,,,,,711.513680600001,711.5269226000019,711.5269226000019,711.5269226000019,711.6279414000019,space,0.09704450000208453,None,,,,,,,,,,,,,,,,,,,,,,,,,,,,,,P2887,Bar_MIC,3,1,2026-05-11_17h28.42.991,MIC_task,,2026.1.2,59.486276515657686,2026-05-11 17h28.44.439398 +0200,
,,21,21,0,,,,space,0.02310639999996056,None,3,f26,méz,honey,4,food,sweets,7,51,None,65,None,"(0, -0.1)",,,,,,,,,,,,,,,1,0,1,0,0,21,21,21,,,,,,,,,,,,,,,,,,,,,,,,,,,,,,,,,,,,,,,,,,,,,,,,,,,,,,,,,,,,,,,,,,,,,,,,,,,,,,,,,711.6842439000029,711.6896768000006,711.6937478666669,713.6303538000029,,,,,,715.634173100003,715.6495888000027,715.6495888000027,715.683970500002,,,,,,,,,,,,,713.6562365000027,713.6615100000017,713.6635659333338,715.5498972000023,715.6341259000001,space,0.02310639999996056,None,,,,,,,,,,,,,,,,,,,,,,P2887,Bar_MIC,3,1,2026-05-11_17h28.42.991,MIC_task,,2026.1.2,59.486276515657686,2026-05-11 17h28.44.439398 +0200,
,,0,0,0,,,,,,,3,pl04,rózsa,rose,7,plants,flower,6.8,69,None,73,None,"(0.1, 0)",None,,,,,,,,,,,,,,1,0,1,0,0,22,22,22,0,0,0,0,715.6997630000005,,,,,,,,,,,,,,,,,,,,,,,,,,,,,,,,,,,,,,,,,,,,,,,,,,,,,,,,,,,,,,,,,,,,,,,,,,,,,,,,,,,,,,,,,,,,,715.6869439000002,715.6997630000005,715.6997630000005,715.6997630000005,715.8842745000002,None,,,,,,,,,,,715.900043200003,715.900043200003,715.900043200003,,,,,,,,,,,,,,,,,,,P2887,Bar_MIC,3,1,2026-05-11_17h28.42.991,MIC_task,,2026.1.2,59.486276515657686,2026-05-11 17h28.44.439398 +0200,
,,0,0,0,,,,,,,3,pl04,rózsa,rose,7,plants,flower,6.8,69,None,73,None,"(0.1, 0)",None,,,,,,,,,,,,,,1,0,1,0,0,22,22,22,0,0,0,0,715.900043200003,,,,,,,,,,,,,,,,,,,,,,,,,,,,,,,,,,,,,,,,,,,,,,,,,,,,,,,,,,,,,,,,,,,,,,,,,,,,,,,,,,,,,,,,,,,,,715.8877255000007,715.900043200003,715.900043200003,715.900043200003,716.0841418000018,None,,,,,,,,,,,,,,,,,,,,,,,,,,,,,,,,P2887,Bar_MIC,3,1,2026-05-11_17h28.42.991,MIC_task,,2026.1.2,59.486276515657686,2026-05-11 17h28.44.439398 +0200,
,,1,0,1,,,,,,,3,pl04,rózsa,rose,7,plants,flower,6.8,69,None,73,None,"(0.1, 0)",None,,,,,,,,,,,,,,1,0,1,0,0,22,22,22,1,0,1,0,716.1003731000019,,,,,,,,,,,,,,,,,,,,,,,,,,,,,,,,,,,,,,,,,,,,,,,,,,,,,,,,,,,,,,,,,,,,,,,,,,,,,,,,,,,,,,,,,,,,,716.0876167000024,716.1003731000019,716.1003731000019,716.1003731000019,716.2844920000025,None,,,,,,,,,,,,,,,,,,,,,,,,,,,,,,,,P2887,Bar_MIC,3,1,2026-05-11_17h28.42.991,MIC_task,,2026.1.2,59.486276515657686,2026-05-11 17h28.44.439398 +0200,
,,2,0,2,,,,,,,3,pl04,rózsa,rose,7,plants,flower,6.8,69,None,73,None,"(0.1, 0)",None,,,,,,,,,,,,,,1,0,1,0,0,22,22,22,2,0,2,0,716.3009025000028,,,,,,,,,,,,,,,,,,,,,,,,,,,,,,,,,,,,,,,,,,,,,,,,,,,,,,,,,,,,,,,,,,,,,,,,,,,,,,,,,,,,,,,,,,,,,716.2879666000008,716.3009025000028,716.3009025000028,716.3009025000028,716.4852804000002,None,,,,,,,,,,,,,,,,,,,,,,,,,,,,,,,,P2887,Bar_MIC,3,1,2026-05-11_17h28.42.991,MIC_task,,2026.1.2,59.486276515657686,2026-05-11 17h28.44.439398 +0200,
,,3,0,3,,,,,,,3,pl04,rózsa,rose,7,plants,flower,6.8,69,None,73,None,"(0.1, 0)",None,,,,,,,,,,,,,,1,0,1,0,0,22,22,22,3,0,3,0,716.5012705000008,,,,,,,,,,,,,,,,,,,,,,,,,,,,,,,,,,,,,,,,,,,,,,,,,,,,,,,,,,,,,,,,,,,,,,,,,,,,,,,,,,,,,,,,,,,,,716.4890701000004,716.5012705000008,716.5012705000008,716.5012705000008,716.6856712000008,None,,,,,,,,,,,,,,,,,,,,,,,,,,,,,,,,P2887,Bar_MIC,3,1,2026-05-11_17h28.42.991,MIC_task,,2026.1.2,59.486276515657686,2026-05-11 17h28.44.439398 +0200,
,,4,0,4,,,,,,,3,pl04,rózsa,rose,7,plants,flower,6.8,69,None,73,None,"(0.1, 0)",None,,,,,,,,,,,,,,1,0,1,0,0,22,22,22,4,0,4,0,716.7009313000017,,,,,,,,,,,,,,,,,,,,,,,,,,,,,,,,,,,,,,,,,,,,,,,,,,,,,,,,,,,,,,,,,,,,,,,,,,,,,,,,,,,,,,,,,,,,,716.6887956000028,716.7009313000017,716.7009313000017,716.7009313000017,716.8858051000025,None,,,,,,,,,,,,,,,,,,,,,,,,,,,,,,,,P2887,Bar_MIC,3,1,2026-05-11_17h28.42.991,MIC_task,,2026.1.2,59.486276515657686,2026-05-11 17h28.44.439398 +0200,
,,5,0,5,,,,,,,3,pl04,rózsa,rose,7,plants,flower,6.8,69,None,73,None,"(0.1, 0)",None,,,,,,,,,,,,,,1,0,1,0,0,22,22,22,5,0,5,0,716.9012728000016,,,,,,,,,,,,,,,,,,,,,,,,,,,,,,,,,,,,,,,,,,,,,,,,,,,,,,,,,,,,,,,,,,,,,,,,,,,,,,,,,,,,,,,,,,,,,716.8891213000024,716.9012728000016,716.9012728000016,716.9012728000016,717.0862338000006,None,,,,,,,,,,,,,,,,,,,,,,,,,,,,,,,,P2887,Bar_MIC,3,1,2026-05-11_17h28.42.991,MIC_task,,2026.1.2,59.486276515657686,2026-05-11 17h28.44.439398 +0200,
,,6,0,6,,,,,,,3,pl04,rózsa,rose,7,plants,flower,6.8,69,None,73,None,"(0.1, 0)",None,,,,,,,,,,,,,,1,0,1,0,0,22,22,22,6,0,6,0,717.1017008000017,,,,,,,,,,,,,,,,,,,,,,,,,,,,,,,,,,,,,,,,,,,,,,,,,,,,,,,,,,,,,,,,,,,,,,,,,,,,,,,,,,,,,,,,,,,,,717.0896853000013,717.1017008000017,717.1017008000017,717.1017008000017,717.2854173000014,None,,,,,,,,,,,,,,,,,,,,,,,,,,,,,,,,P2887,Bar_MIC,3,1,2026-05-11_17h28.42.991,MIC_task,,2026.1.2,59.486276515657686,2026-05-11 17h28.44.439398 +0200,
,,7,0,7,,,,,,,3,pl04,rózsa,rose,7,plants,flower,6.8,69,None,73,None,"(0.1, 0)",None,,,,,,,,,,,,,,1,0,1,0,0,22,22,22,7,0,7,0,717.3020488000002,,,,,,,,,,,,,,,,,,,,,,,,,,,,,,,,,,,,,,,,,,,,,,,,,,,,,,,,,,,,,,,,,,,,,,,,,,,,,,,,,,,,,,,,,,,,,717.2891667000004,717.3020488000002,717.3020488000002,717.3020488000002,717.4858925000008,None,,,,,,,,,,,,,,,,,,,,,,,,,,,,,,,,P2887,Bar_MIC,3,1,2026-05-11_17h28.42.991,MIC_task,,2026.1.2,59.486276515657686,2026-05-11 17h28.44.439398 +0200,
,,8,0,8,,,,,,,3,pl04,rózsa,rose,7,plants,flower,6.8,69,None,73,None,"(0.1, 0)",None,,,,,,,,,,,,,,1,0,1,0,0,22,22,22,8,0,8,0,717.5024030000022,,,,,,,,,,,,,,,,,,,,,,,,,,,,,,,,,,,,,,,,,,,,,,,,,,,,,,,,,,,,,,,,,,,,,,,,,,,,,,,,,,,,,,,,,,,,,717.4889411000004,717.5024030000022,717.5024030000022,717.5024030000022,717.6862841000002,None,,,,,,,,,,,,,,,,,,,,,,,,,,,,,,,,P2887,Bar_MIC,3,1,2026-05-11_17h28.42.991,MIC_task,,2026.1.2,59.486276515657686,2026-05-11 17h28.44.439398 +0200,
,,9,0,9,,,,,,,3,pl04,rózsa,rose,7,plants,flower,6.8,69,None,73,None,"(0.1, 0)",None,,,,,,,,,,,,,,1,0,1,0,0,22,22,22,9,0,9,0,717.7028390000014,,,,,,,,,,,,,,,,,,,,,,,,,,,,,,,,,,,,,,,,,,,,,,,,,,,,,,,,,,,,,,,,,,,,,,,,,,,,,,,,,,,,,,,,,,,,,717.689736700002,717.7028390000014,717.7028390000014,717.7028390000014,717.8865976000016,None,,,,,,,,,,,,,,,,,,,,,,,,,,,,,,,,P2887,Bar_MIC,3,1,2026-05-11_17h28.42.991,MIC_task,,2026.1.2,59.486276515657686,2026-05-11 17h28.44.439398 +0200,
,,10,0,10,,,,,,,3,pl04,rózsa,rose,7,plants,flower,6.8,69,None,73,None,"(0.1, 0)",None,,,,,,,,,,,,,,1,0,1,0,0,22,22,22,10,0,10,0,717.9031333000021,,,,,,,,,,,,,,,,,,,,,,,,,,,,,,,,,,,,,,,,,,,,,,,,,,,,,,,,,,,,,,,,,,,,,,,,,,,,,,,,,,,,,,,,,,,,,717.8900288000004,717.9031333000021,717.9031333000021,717.9031333000021,718.0873089000015,None,,,,,,,,,,,,,,,,,,,,,,,,,,,,,,,,P2887,Bar_MIC,3,1,2026-05-11_17h28.42.991,MIC_task,,2026.1.2,59.486276515657686,2026-05-11 17h28.44.439398 +0200,
,,11,0,11,,,,,,,3,pl04,rózsa,rose,7,plants,flower,6.8,69,None,73,None,"(0.1, 0)",None,,,,,,,,,,,,,,1,0,1,0,0,22,22,22,11,0,11,0,718.1035112999998,,,,,,,,,,,,,,,,,,,,,,,,,,,,,,,,,,,,,,,,,,,,,,,,,,,,,,,,,,,,,,,,,,,,,,,,,,,,,,,,,,,,,,,,,,,,,718.0905942000027,718.1035112999998,718.1035112999998,718.1035112999998,718.2876320000032,None,,,,,,,,,,,,,,,,,,,,,,,,,,,,,,,,P2887,Bar_MIC,3,1,2026-05-11_17h28.42.991,MIC_task,,2026.1.2,59.486276515657686,2026-05-11 17h28.44.439398 +0200,
,,12,0,12,,,,,,,3,pl04,rózsa,rose,7,plants,flower,6.8,69,None,73,None,"(0.1, 0)",None,,,,,,,,,,,,,,1,0,1,0,0,22,22,22,12,0,12,0,718.3038651000024,,,,,,,,,,,,,,,,,,,,,,,,,,,,,,,,,,,,,,,,,,,,,,,,,,,,,,,,,,,,,,,,,,,,,,,,,,,,,,,,,,,,,,,,,,,,,718.2909123999998,718.3038651000024,718.3038651000024,718.3038651000024,718.4880566000029,None,,,,,,,,,,,,,,,,,,,,,,,,,,,,,,,,P2887,Bar_MIC,3,1,2026-05-11_17h28.42.991,MIC_task,,2026.1.2,59.486276515657686,2026-05-11 17h28.44.439398 +0200,
,,13,0,13,,,,,,,3,pl04,rózsa,rose,7,plants,flower,6.8,69,None,73,None,"(0.1, 0)",None,,,,,,,,,,,,,,1,0,1,0,0,22,22,22,13,0,13,0,718.5043326000014,,,,,,,,,,,,,,,,,,,,,,,,,,,,,,,,,,,,,,,,,,,,,,,,,,,,,,,,,,,,,,,,,,,,,,,,,,,,,,,,,,,,,,,,,,,,,718.4914230000031,718.5043326000014,718.5043326000014,718.5043326000014,718.6884175000014,None,,,,,,,,,,,,,,,,,,,,,,,,,,,,,,,,P2887,Bar_MIC,3,1,2026-05-11_17h28.42.991,MIC_task,,2026.1.2,59.486276515657686,2026-05-11 17h28.44.439398 +0200,
,,14,0,14,,,,,,,3,pl04,rózsa,rose,7,plants,flower,6.8,69,None,73,None,"(0.1, 0)",None,,,,,,,,,,,,,,1,0,1,0,0,22,22,22,14,0,14,0,718.7039793000004,,,,,,,,,,,,,,,,,,,,,,,,,,,,,,,,,,,,,,,,,,,,,,,,,,,,,,,,,,,,,,,,,,,,,,,,,,,,,,,,,,,,,,,,,,,,,718.6913943,718.7039793000004,718.7039793000004,718.7039793000004,718.8890603,None,,,,,,,,,,,,,,,,,,,,,,,,,,,,,,,,P2887,Bar_MIC,3,1,2026-05-11_17h28.42.991,MIC_task,,2026.1.2,59.486276515657686,2026-05-11 17h28.44.439398 +0200,
,,15,0,15,,,,,,,3,pl04,rózsa,rose,7,plants,flower,6.8,69,None,73,None,"(0.1, 0)",None,,,,,,,,,,,,,,1,0,1,0,0,22,22,22,15,0,15,0,718.9050070000012,,,,,,,,,,,,,,,,,,,,,,,,,,,,,,,,,,,,,,,,,,,,,,,,,,,,,,,,,,,,,,,,,,,,,,,,,,,,,,,,,,,,,,,,,,,,,718.8926358999997,718.9050070000012,718.9050070000012,718.9050070000012,719.0892846000024,None,,,,,,,,,,,,,,,,,,,,,,,,,,,,,,,,P2887,Bar_MIC,3,1,2026-05-11_17h28.42.991,MIC_task,,2026.1.2,59.486276515657686,2026-05-11 17h28.44.439398 +0200,
,,16,0,16,,,,,,,3,pl04,rózsa,rose,7,plants,flower,6.8,69,None,73,None,"(0.1, 0)",None,,,,,,,,,,,,,,1,0,1,0,0,22,22,22,16,0,16,0,719.1046158999998,,,,,,,,,,,,,,,,,,,,,,,,,,,,,,,,,,,,,,,,,,,,,,,,,,,,,,,,,,,,,,,,,,,,,,,,,,,,,,,,,,,,,,,,,,,,,719.0925803999999,719.1046158999998,719.1046158999998,719.1046158999998,719.2895426000032,None,,,,,,,,,,,,,,,,,,,,,,,,,,,,,,,,P2887,Bar_MIC,3,1,2026-05-11_17h28.42.991,MIC_task,,2026.1.2,59.486276515657686,2026-05-11 17h28.44.439398 +0200,
,,17,0,17,,,,,,,3,pl04,rózsa,rose,7,plants,flower,6.8,69,None,73,None,"(0.1, 0)",None,,,,,,,,,,,,,,1,0,1,0,0,22,22,22,17,0,17,0,719.3051089,,,,,,,,,,,,,,,,,,,,,,,,,,,,,,,,,,,,,,,,,,,,,,,,,,,,,,,,,,,,,,,,,,,,,,,,,,,,,,,,,,,,,,,,,,,,,719.2929249000008,719.3051089,719.3051089,719.3051089,719.488753900001,None,,,,,,,,,,,,,,,,,,,,,,,,,,,,,,,,P2887,Bar_MIC,3,1,2026-05-11_17h28.42.991,MIC_task,,2026.1.2,59.486276515657686,2026-05-11 17h28.44.439398 +0200,
,,18,0,18,,,,,,,3,pl04,rózsa,rose,7,plants,flower,6.8,69,None,73,None,"(0.1, 0)",None,,,,,,,,,,,,,,1,0,1,0,0,22,22,22,18,0,18,0,719.505364800003,,,,,,,,,,,,,,,,,,,,,,,,,,,,,,,,,,,,,,,,,,,,,,,,,,,,,,,,,,,,,,,,,,,,,,,,,,,,,,,,,,,,,,,,,,,,,719.4919838000023,719.505364800003,719.505364800003,719.505364800003,719.6893583000019,None,,,,,,,,,,,,,,,,,,,,,,,,,,,,,,,,P2887,Bar_MIC,3,1,2026-05-11_17h28.42.991,MIC_task,,2026.1.2,59.486276515657686,2026-05-11 17h28.44.439398 +0200,
,,19,0,19,,,,,,,3,pl04,rózsa,rose,7,plants,flower,6.8,69,None,73,None,"(0.1, 0)",None,,,,,,,,,,,,,,1,0,1,0,0,22,22,22,19,0,19,0,719.705754300001,,,,,,,,,,,,,,,,,,,,,,,,,,,,,,,,,,,,,,,,,,,,,,,,,,,,,,,,,,,,,,,,,,,,,,,,,,,,,,,,,,,,,,,,,,,,,719.6925854000001,719.705754300001,719.705754300001,719.705754300001,719.8897608000007,None,,,,,,,,,,,,,,,,,,,,,,,,,,,,,,,,P2887,Bar_MIC,3,1,2026-05-11_17h28.42.991,MIC_task,,2026.1.2,59.486276515657686,2026-05-11 17h28.44.439398 +0200,
,,20,0,20,,,,,,,3,pl04,rózsa,rose,7,plants,flower,6.8,69,None,73,None,"(0.1, 0)",None,,,,,,,,,,,,,,1,0,1,0,0,22,22,22,20,0,20,0,719.9061548999998,,,,,,,,,,,,,,,,,,,,,,,,,,,,,,,,,,,,,,,,,,,,,,,,,,,,,,,,,,,,,,,,,,,,,,,,,,,,,,,,,,,,,,,,,,,,,719.8928881000029,719.9061548999998,719.9061548999998,719.9061548999998,720.0899470000004,None,,,,,,,,,,,,,,,,,,,,,,,,,,,,,,,,P2887,Bar_MIC,3,1,2026-05-11_17h28.42.991,MIC_task,,2026.1.2,59.486276515657686,2026-05-11 17h28.44.439398 +0200,
,,21,0,21,,,,,,,3,pl04,rózsa,rose,7,plants,flower,6.8,69,None,73,None,"(0.1, 0)",space,0.011450600002717692,None,,,,,,,,,,,,1,0,1,0,0,22,22,22,21,0,21,0,720.106524400002,,,,,,,,,,,,,,,,,,,,,,,,,,,,,,,,,,,,,,,,,,,,,,,,,,,,,,,,,,,,,,,,,,,,,,,,,,,,,,,,,,,,,,,,,,,,,720.0929567000021,720.106524400002,720.106524400002,720.106524400002,720.124534300001,space,0.011450600002717692,None,,,,,,,,,,,,,,,,,,,,,,,,,,,,,,P2887,Bar_MIC,3,1,2026-05-11_17h28.42.991,MIC_task,,2026.1.2,59.486276515657686,2026-05-11 17h28.44.439398 +0200,
,,22,22,0,,,,space,0.5501029999977618,None,3,pl04,rózsa,rose,7,plants,flower,6.8,69,None,73,None,"(0.1, 0)",,,,,,,,,,,,,,,1,0,1,0,0,22,22,22,,,,,,,,,,,,,,,,,,,,,,,,,,,,,,,,,,,,,,,,,,,,,,,,,,,,,,,,,,,,,,,,,,,,,,,,,,,,,,,,,720.1802846000028,720.1851605000011,720.1902313666697,722.1270934000022,,,,,,724.1294280000002,724.1462436000002,724.1462436000002,724.6977736000008,,,,,,,,,,,,,722.1574080999999,722.1621702000011,722.1603059333361,724.0634052000023,724.1293777999999,space,0.5501029999977618,None,,,,,,,,,,,,,,,,,,,,,,P2887,Bar_MIC,3,1,2026-05-11_17h28.42.991,MIC_task,,2026.1.2,59.486276515657686,2026-05-11 17h28.44.439398 +0200,
,,0,0,0,,,,,,,3,a09,pingvin,penguin,1,animal,bird,6,13,25,68,None,"(-0.1, -0.1)",None,,,,,,,,,,,,,,1,0,1,0,0,23,23,23,0,0,0,0,724.7134916000032,,,,,,,,,,,,,,,,,,,,,,,,,,,,,,,,,,,,,,,,,,,,,,,,,,,,,,,,,,,,,,,,,,,,,,,,,,,,,,,,,,,,,,,,,,,,,724.7009263,724.7134916000032,724.7134916000032,724.7134916000032,724.8979263000001,None,,,,,,,,,,,724.9138001000028,724.9138001000028,724.9138001000028,,,,,,,,,,,,,,,,,,,P2887,Bar_MIC,3,1,2026-05-11_17h28.42.991,MIC_task,,2026.1.2,59.486276515657686,2026-05-11 17h28.44.439398 +0200,
,,0,0,0,,,,,,,3,a09,pingvin,penguin,1,animal,bird,6,13,25,68,None,"(-0.1, -0.1)",None,,,,,,,,,,,,,,1,0,1,0,0,23,23,23,0,0,0,0,724.9138001000028,,,,,,,,,,,,,,,,,,,,,,,,,,,,,,,,,,,,,,,,,,,,,,,,,,,,,,,,,,,,,,,,,,,,,,,,,,,,,,,,,,,,,,,,,,,,,724.9006673000004,724.9138001000028,724.9138001000028,724.9138001000028,725.0983292000019,None,,,,,,,,,,,725.1141268000029,725.1141268000029,725.1141268000029,,,,,,,,,,,,,,,,,,,P2887,Bar_MIC,3,1,2026-05-11_17h28.42.991,MIC_task,,2026.1.2,59.486276515657686,2026-05-11 17h28.44.439398 +0200,
,,1,0,1,,,,,,,3,a09,pingvin,penguin,1,animal,bird,6,13,25,68,None,"(-0.1, -0.1)",None,,,,,,,,,,,,,,1,0,1,0,0,23,23,23,1,0,1,0,725.1141268000029,,,,,,,,,,,,,,,,,,,,,,,,,,,,,,,,,,,,,,,,,,,,,,,,,,,,,,,,,,,,,,,,,,,,,,,,,,,,,,,,,,,,,,,,,,,,,725.1013699000032,725.1141268000029,725.1141268000029,725.1141268000029,725.2988721000002,None,,,,,,,,,,,,,,,,,,,,,,,,,,,,,,,,P2887,Bar_MIC,3,1,2026-05-11_17h28.42.991,MIC_task,,2026.1.2,59.486276515657686,2026-05-11 17h28.44.439398 +0200,
,,2,0,2,,,,,,,3,a09,pingvin,penguin,1,animal,bird,6,13,25,68,None,"(-0.1, -0.1)",None,,,,,,,,,,,,,,1,0,1,0,0,23,23,23,2,0,2,0,725.3138764000032,,,,,,,,,,,,,,,,,,,,,,,,,,,,,,,,,,,,,,,,,,,,,,,,,,,,,,,,,,,,,,,,,,,,,,,,,,,,,,,,,,,,,,,,,,,,,725.3019764000019,725.3138764000032,725.3138764000032,725.3138764000032,725.4990331000008,None,,,,,,,,,,,,,,,,,,,,,,,,,,,,,,,,P2887,Bar_MIC,3,1,2026-05-11_17h28.42.991,MIC_task,,2026.1.2,59.486276515657686,2026-05-11 17h28.44.439398 +0200,
,,3,0,3,,,,,,,3,a09,pingvin,penguin,1,animal,bird,6,13,25,68,None,"(-0.1, -0.1)",None,,,,,,,,,,,,,,1,0,1,0,0,23,23,23,3,0,3,0,725.5151075000031,,,,,,,,,,,,,,,,,,,,,,,,,,,,,,,,,,,,,,,,,,,,,,,,,,,,,,,,,,,,,,,,,,,,,,,,,,,,,,,,,,,,,,,,,,,,,725.5023972000017,725.5151075000031,725.5151075000031,725.5151075000031,725.6989855000029,None,,,,,,,,,,,,,,,,,,,,,,,,,,,,,,,,P2887,Bar_MIC,3,1,2026-05-11_17h28.42.991,MIC_task,,2026.1.2,59.486276515657686,2026-05-11 17h28.44.439398 +0200,
,,4,0,4,,,,,,,3,a09,pingvin,penguin,1,animal,bird,6,13,25,68,None,"(-0.1, -0.1)",None,,,,,,,,,,,,,,1,0,1,0,0,23,23,23,4,0,4,0,725.7146622,,,,,,,,,,,,,,,,,,,,,,,,,,,,,,,,,,,,,,,,,,,,,,,,,,,,,,,,,,,,,,,,,,,,,,,,,,,,,,,,,,,,,,,,,,,,,725.7022896000017,725.7146622,725.7146622,725.7146622,725.8994767000004,None,,,,,,,,,,,,,,,,,,,,,,,,,,,,,,,,P2887,Bar_MIC,3,1,2026-05-11_17h28.42.991,MIC_task,,2026.1.2,59.486276515657686,2026-05-11 17h28.44.439398 +0200,
,,5,0,5,,,,,,,3,a09,pingvin,penguin,1,animal,bird,6,13,25,68,None,"(-0.1, -0.1)",None,,,,,,,,,,,,,,1,0,1,0,0,23,23,23,5,0,5,0,725.9151821000014,,,,,,,,,,,,,,,,,,,,,,,,,,,,,,,,,,,,,,,,,,,,,,,,,,,,,,,,,,,,,,,,,,,,,,,,,,,,,,,,,,,,,,,,,,,,,725.9029007999998,725.9151821000014,725.9151821000014,725.9151821000014,726.0999731000011,None,,,,,,,,,,,,,,,,,,,,,,,,,,,,,,,,P2887,Bar_MIC,3,1,2026-05-11_17h28.42.991,MIC_task,,2026.1.2,59.486276515657686,2026-05-11 17h28.44.439398 +0200,
,,6,0,6,,,,,,,3,a09,pingvin,penguin,1,animal,bird,6,13,25,68,None,"(-0.1, -0.1)",None,,,,,,,,,,,,,,1,0,1,0,0,23,23,23,6,0,6,0,726.1154077000028,,,,,,,,,,,,,,,,,,,,,,,,,,,,,,,,,,,,,,,,,,,,,,,,,,,,,,,,,,,,,,,,,,,,,,,,,,,,,,,,,,,,,,,,,,,,,726.1032016000026,726.1154077000028,726.1154077000028,726.1154077000028,726.3003051000014,None,,,,,,,,,,,,,,,,,,,,,,,,,,,,,,,,P2887,Bar_MIC,3,1,2026-05-11_17h28.42.991,MIC_task,,2026.1.2,59.486276515657686,2026-05-11 17h28.44.439398 +0200,
,,7,0,7,,,,,,,3,a09,pingvin,penguin,1,animal,bird,6,13,25,68,None,"(-0.1, -0.1)",None,,,,,,,,,,,,,,1,0,1,0,0,23,23,23,7,0,7,0,726.3157508000004,,,,,,,,,,,,,,,,,,,,,,,,,,,,,,,,,,,,,,,,,,,,,,,,,,,,,,,,,,,,,,,,,,,,,,,,,,,,,,,,,,,,,,,,,,,,,726.3036177000031,726.3157508000004,726.3157508000004,726.3157508000004,726.4995159999999,None,,,,,,,,,,,,,,,,,,,,,,,,,,,,,,,,P2887,Bar_MIC,3,1,2026-05-11_17h28.42.991,MIC_task,,2026.1.2,59.486276515657686,2026-05-11 17h28.44.439398 +0200,
,,8,0,8,,,,,,,3,a09,pingvin,penguin,1,animal,bird,6,13,25,68,None,"(-0.1, -0.1)",None,,,,,,,,,,,,,,1,0,1,0,0,23,23,23,8,0,8,0,726.5161549000004,,,,,,,,,,,,,,,,,,,,,,,,,,,,,,,,,,,,,,,,,,,,,,,,,,,,,,,,,,,,,,,,,,,,,,,,,,,,,,,,,,,,,,,,,,,,,726.5027790000022,726.5161549000004,726.5161549000004,726.5161549000004,726.7002289000011,None,,,,,,,,,,,,,,,,,,,,,,,,,,,,,,,,P2887,Bar_MIC,3,1,2026-05-11_17h28.42.991,MIC_task,,2026.1.2,59.486276515657686,2026-05-11 17h28.44.439398 +0200,
,,9,0,9,,,,,,,3,a09,pingvin,penguin,1,animal,bird,6,13,25,68,None,"(-0.1, -0.1)",None,,,,,,,,,,,,,,1,0,1,0,0,23,23,23,9,0,9,0,726.716550000001,,,,,,,,,,,,,,,,,,,,,,,,,,,,,,,,,,,,,,,,,,,,,,,,,,,,,,,,,,,,,,,,,,,,,,,,,,,,,,,,,,,,,,,,,,,,,726.7032393000009,726.716550000001,726.716550000001,726.716550000001,726.9011067000029,None,,,,,,,,,,,,,,,,,,,,,,,,,,,,,,,,P2887,Bar_MIC,3,1,2026-05-11_17h28.42.991,MIC_task,,2026.1.2,59.486276515657686,2026-05-11 17h28.44.439398 +0200,
,,10,0,10,,,,,,,3,a09,pingvin,penguin,1,animal,bird,6,13,25,68,None,"(-0.1, -0.1)",None,,,,,,,,,,,,,,1,0,1,0,0,23,23,23,10,0,10,0,726.9169414000025,,,,,,,,,,,,,,,,,,,,,,,,,,,,,,,,,,,,,,,,,,,,,,,,,,,,,,,,,,,,,,,,,,,,,,,,,,,,,,,,,,,,,,,,,,,,,726.9044114000026,726.9169414000025,726.9169414000025,726.9169414000025,727.1009293000025,None,,,,,,,,,,,,,,,,,,,,,,,,,,,,,,,,P2887,Bar_MIC,3,1,2026-05-11_17h28.42.991,MIC_task,,2026.1.2,59.486276515657686,2026-05-11 17h28.44.439398 +0200,
,,11,0,11,,,,,,,3,a09,pingvin,penguin,1,animal,bird,6,13,25,68,None,"(-0.1, -0.1)",None,,,,,,,,,,,,,,1,0,1,0,0,23,23,23,11,0,11,0,727.1174166000019,,,,,,,,,,,,,,,,,,,,,,,,,,,,,,,,,,,,,,,,,,,,,,,,,,,,,,,,,,,,,,,,,,,,,,,,,,,,,,,,,,,,,,,,,,,,,727.1043140000002,727.1174166000019,727.1174166000019,727.1174166000019,727.3013006000001,None,,,,,,,,,,,,,,,,,,,,,,,,,,,,,,,,P2887,Bar_MIC,3,1,2026-05-11_17h28.42.991,MIC_task,,2026.1.2,59.486276515657686,2026-05-11 17h28.44.439398 +0200,
,,12,0,12,,,,,,,3,a09,pingvin,penguin,1,animal,bird,6,13,25,68,None,"(-0.1, -0.1)",None,,,,,,,,,,,,,,1,0,1,0,0,23,23,23,12,0,12,0,727.3175764000007,,,,,,,,,,,,,,,,,,,,,,,,,,,,,,,,,,,,,,,,,,,,,,,,,,,,,,,,,,,,,,,,,,,,,,,,,,,,,,,,,,,,,,,,,,,,,727.3044019000008,727.3175764000007,727.3175764000007,727.3175764000007,727.5017636000011,None,,,,,,,,,,,,,,,,,,,,,,,,,,,,,,,,P2887,Bar_MIC,3,1,2026-05-11_17h28.42.991,MIC_task,,2026.1.2,59.486276515657686,2026-05-11 17h28.44.439398 +0200,
,,13,0,13,,,,,,,3,a09,pingvin,penguin,1,animal,bird,6,13,25,68,None,"(-0.1, -0.1)",None,,,,,,,,,,,,,,1,0,1,0,0,23,23,23,13,0,13,0,727.5180088000016,,,,,,,,,,,,,,,,,,,,,,,,,,,,,,,,,,,,,,,,,,,,,,,,,,,,,,,,,,,,,,,,,,,,,,,,,,,,,,,,,,,,,,,,,,,,,727.504866700001,727.5180088000016,727.5180088000016,727.5180088000016,727.7053078000026,None,,,,,,,,,,,,,,,,,,,,,,,,,,,,,,,,P2887,Bar_MIC,3,1,2026-05-11_17h28.42.991,MIC_task,,2026.1.2,59.486276515657686,2026-05-11 17h28.44.439398 +0200,
,,14,0,14,,,,,,,3,a09,pingvin,penguin,1,animal,bird,6,13,25,68,None,"(-0.1, -0.1)",None,,,,,,,,,,,,,,1,0,1,0,0,23,23,23,14,0,14,0,727.7222633000019,,,,,,,,,,,,,,,,,,,,,,,,,,,,,,,,,,,,,,,,,,,,,,,,,,,,,,,,,,,,,,,,,,,,,,,,,,,,,,,,,,,,,,,,,,,,,727.709401600001,727.7222633000019,727.7222633000019,727.7222633000019,727.9023140000027,None,,,,,,,,,,,,,,,,,,,,,,,,,,,,,,,,P2887,Bar_MIC,3,1,2026-05-11_17h28.42.991,MIC_task,,2026.1.2,59.486276515657686,2026-05-11 17h28.44.439398 +0200,
,,15,0,15,,,,,,,3,a09,pingvin,penguin,1,animal,bird,6,13,25,68,None,"(-0.1, -0.1)",None,,,,,,,,,,,,,,1,0,1,0,0,23,23,23,15,0,15,0,727.9187759000015,,,,,,,,,,,,,,,,,,,,,,,,,,,,,,,,,,,,,,,,,,,,,,,,,,,,,,,,,,,,,,,,,,,,,,,,,,,,,,,,,,,,,,,,,,,,,727.9056592000015,727.9187759000015,727.9187759000015,727.9187759000015,728.1029906000003,None,,,,,,,,,,,,,,,,,,,,,,,,,,,,,,,,P2887,Bar_MIC,3,1,2026-05-11_17h28.42.991,MIC_task,,2026.1.2,59.486276515657686,2026-05-11 17h28.44.439398 +0200,
,,16,0,16,,,,,,,3,a09,pingvin,penguin,1,animal,bird,6,13,25,68,None,"(-0.1, -0.1)",None,,,,,,,,,,,,,,1,0,1,0,0,23,23,23,16,0,16,0,728.1184257000023,,,,,,,,,,,,,,,,,,,,,,,,,,,,,,,,,,,,,,,,,,,,,,,,,,,,,,,,,,,,,,,,,,,,,,,,,,,,,,,,,,,,,,,,,,,,,728.1058736000014,728.1184257000023,728.1184257000023,728.1184257000023,728.3034106000014,None,,,,,,,,,,,,,,,,,,,,,,,,,,,,,,,,P2887,Bar_MIC,3,1,2026-05-11_17h28.42.991,MIC_task,,2026.1.2,59.486276515657686,2026-05-11 17h28.44.439398 +0200,
,,17,0,17,,,,,,,3,a09,pingvin,penguin,1,animal,bird,6,13,25,68,None,"(-0.1, -0.1)",None,,,,,,,,,,,,,,1,0,1,0,0,23,23,23,17,0,17,0,728.3187730000027,,,,,,,,,,,,,,,,,,,,,,,,,,,,,,,,,,,,,,,,,,,,,,,,,,,,,,,,,,,,,,,,,,,,,,,,,,,,,,,,,,,,,,,,,,,,,728.3068280000007,728.3187730000027,728.3187730000027,728.3187730000027,728.5025448000015,None,,,,,,,,,,,,,,,,,,,,,,,,,,,,,,,,P2887,Bar_MIC,3,1,2026-05-11_17h28.42.991,MIC_task,,2026.1.2,59.486276515657686,2026-05-11 17h28.44.439398 +0200,
,,18,0,18,,,,,,,3,a09,pingvin,penguin,1,animal,bird,6,13,25,68,None,"(-0.1, -0.1)",None,,,,,,,,,,,,,,1,0,1,0,0,23,23,23,18,0,18,0,728.5191343000006,,,,,,,,,,,,,,,,,,,,,,,,,,,,,,,,,,,,,,,,,,,,,,,,,,,,,,,,,,,,,,,,,,,,,,,,,,,,,,,,,,,,,,,,,,,,,728.5056653000029,728.5191343000006,728.5191343000006,728.5191343000006,728.7030928000022,None,,,,,,,,,,,,,,,,,,,,,,,,,,,,,,,,P2887,Bar_MIC,3,1,2026-05-11_17h28.42.991,MIC_task,,2026.1.2,59.486276515657686,2026-05-11 17h28.44.439398 +0200,
,,19,0,19,,,,,,,3,a09,pingvin,penguin,1,animal,bird,6,13,25,68,None,"(-0.1, -0.1)",None,,,,,,,,,,,,,,1,0,1,0,0,23,23,23,19,0,19,0,728.7194990999997,,,,,,,,,,,,,,,,,,,,,,,,,,,,,,,,,,,,,,,,,,,,,,,,,,,,,,,,,,,,,,,,,,,,,,,,,,,,,,,,,,,,,,,,,,,,,728.7061119999998,728.7194990999997,728.7194990999997,728.7194990999997,728.9033950000012,None,,,,,,,,,,,,,,,,,,,,,,,,,,,,,,,,P2887,Bar_MIC,3,1,2026-05-11_17h28.42.991,MIC_task,,2026.1.2,59.486276515657686,2026-05-11 17h28.44.439398 +0200,
,,20,0,20,,,,,,,3,a09,pingvin,penguin,1,animal,bird,6,13,25,68,None,"(-0.1, -0.1)",None,,,,,,,,,,,,,,1,0,1,0,0,23,23,23,20,0,20,0,728.9199272000005,,,,,,,,,,,,,,,,,,,,,,,,,,,,,,,,,,,,,,,,,,,,,,,,,,,,,,,,,,,,,,,,,,,,,,,,,,,,,,,,,,,,,,,,,,,,,728.9064147999998,728.9199272000005,728.9199272000005,728.9199272000005,729.1040208000013,None,,,,,,,,,,,,,,,,,,,,,,,,,,,,,,,,P2887,Bar_MIC,3,1,2026-05-11_17h28.42.991,MIC_task,,2026.1.2,59.486276515657686,2026-05-11 17h28.44.439398 +0200,
,,21,0,21,,,,,,,3,a09,pingvin,penguin,1,animal,bird,6,13,25,68,None,"(-0.1, -0.1)",None,,,,,,,,,,,,,,1,0,1,0,0,23,23,23,21,0,21,0,729.1202697000008,,,,,,,,,,,,,,,,,,,,,,,,,,,,,,,,,,,,,,,,,,,,,,,,,,,,,,,,,,,,,,,,,,,,,,,,,,,,,,,,,,,,,,,,,,,,,729.107575500002,729.1202697000008,729.1202697000008,729.1202697000008,729.3047538000028,None,,,,,,,,,,,,,,,,,,,,,,,,,,,,,,,,P2887,Bar_MIC,3,1,2026-05-11_17h28.42.991,MIC_task,,2026.1.2,59.486276515657686,2026-05-11 17h28.44.439398 +0200,
,,22,0,22,,,,,,,3,a09,pingvin,penguin,1,animal,bird,6,13,25,68,None,"(-0.1, -0.1)",None,,,,,,,,,,,,,,1,0,1,0,0,23,23,23,22,0,22,0,729.3205756000025,,,,,,,,,,,,,,,,,,,,,,,,,,,,,,,,,,,,,,,,,,,,,,,,,,,,,,,,,,,,,,,,,,,,,,,,,,,,,,,,,,,,,,,,,,,,,729.307864800001,729.3205756000025,729.3205756000025,729.3205756000025,729.5047395000001,None,,,,,,,,,,,,,,,,,,,,,,,,,,,,,,,,P2887,Bar_MIC,3,1,2026-05-11_17h28.42.991,MIC_task,,2026.1.2,59.486276515657686,2026-05-11 17h28.44.439398 +0200,
,,23,0,23,,,,,,,3,a09,pingvin,penguin,1,animal,bird,6,13,25,68,None,"(-0.1, -0.1)",None,,,,,,,,,,,,,,1,0,1,0,0,23,23,23,23,0,23,0,729.5210194000028,,,,,,,,,,,,,,,,,,,,,,,,,,,,,,,,,,,,,,,,,,,,,,,,,,,,,,,,,,,,,,,,,,,,,,,,,,,,,,,,,,,,,,,,,,,,,729.5080819000032,729.5210194000028,729.5210194000028,729.5210194000028,729.7049389000022,None,,,,,,,,,,,,,,,,,,,,,,,,,,,,,,,,P2887,Bar_MIC,3,1,2026-05-11_17h28.42.991,MIC_task,,2026.1.2,59.486276515657686,2026-05-11 17h28.44.439398 +0200,
,,24,0,24,,,,,,,3,a09,pingvin,penguin,1,animal,bird,6,13,25,68,None,"(-0.1, -0.1)",None,,,,,,,,,,,,,,1,0,1,0,0,23,23,23,24,0,24,0,729.7213660000016,,,,,,,,,,,,,,,,,,,,,,,,,,,,,,,,,,,,,,,,,,,,,,,,,,,,,,,,,,,,,,,,,,,,,,,,,,,,,,,,,,,,,,,,,,,,,729.7079150999998,729.7213660000016,729.7213660000016,729.7213660000016,729.9053440000025,None,,,,,,,,,,,,,,,,,,,,,,,,,,,,,,,,P2887,Bar_MIC,3,1,2026-05-11_17h28.42.991,MIC_task,,2026.1.2,59.486276515657686,2026-05-11 17h28.44.439398 +0200,
,,25,0,25,,,,,,,3,a09,pingvin,penguin,1,animal,bird,6,13,25,68,None,"(-0.1, -0.1)",None,,,,,,,,,,,,,,1,0,1,0,0,23,23,23,25,0,25,0,729.9216683000013,,,,,,,,,,,,,,,,,,,,,,,,,,,,,,,,,,,,,,,,,,,,,,,,,,,,,,,,,,,,,,,,,,,,,,,,,,,,,,,,,,,,,,,,,,,,,729.9085462000003,729.9216683000013,729.9216683000013,729.9216683000013,730.1059261000009,None,,,,,,,,,,,,,,,,,,,,,,,,,,,,,,,,P2887,Bar_MIC,3,1,2026-05-11_17h28.42.991,MIC_task,,2026.1.2,59.486276515657686,2026-05-11 17h28.44.439398 +0200,
,,26,0,26,,,,,,,3,a09,pingvin,penguin,1,animal,bird,6,13,25,68,None,"(-0.1, -0.1)",None,,,,,,,,,,,,,,1,0,1,0,0,23,23,23,26,0,26,0,730.1221173000013,,,,,,,,,,,,,,,,,,,,,,,,,,,,,,,,,,,,,,,,,,,,,,,,,,,,,,,,,,,,,,,,,,,,,,,,,,,,,,,,,,,,,,,,,,,,,730.1088470000032,730.1221173000013,730.1221173000013,730.1221173000013,730.3066771000013,None,,,,,,,,,,,,,,,,,,,,,,,,,,,,,,,,P2887,Bar_MIC,3,1,2026-05-11_17h28.42.991,MIC_task,,2026.1.2,59.486276515657686,2026-05-11 17h28.44.439398 +0200,
,,27,0,27,,,,,,,3,a09,pingvin,penguin,1,animal,bird,6,13,25,68,None,"(-0.1, -0.1)",None,,,,,,,,,,,,,,1,0,1,0,0,23,23,23,27,0,27,0,730.321686700001,,,,,,,,,,,,,,,,,,,,,,,,,,,,,,,,,,,,,,,,,,,,,,,,,,,,,,,,,,,,,,,,,,,,,,,,,,,,,,,,,,,,,,,,,,,,,730.309716900003,730.321686700001,730.321686700001,730.321686700001,730.5064789000025,None,,,,,,,,,,,,,,,,,,,,,,,,,,,,,,,,P2887,Bar_MIC,3,1,2026-05-11_17h28.42.991,MIC_task,,2026.1.2,59.486276515657686,2026-05-11 17h28.44.439398 +0200,
,,28,0,28,,,,,,,3,a09,pingvin,penguin,1,animal,bird,6,13,25,68,None,"(-0.1, -0.1)",None,,,,,,,,,,,,,,1,0,1,0,0,23,23,23,28,0,28,0,730.5221689000027,,,,,,,,,,,,,,,,,,,,,,,,,,,,,,,,,,,,,,,,,,,,,,,,,,,,,,,,,,,,,,,,,,,,,,,,,,,,,,,,,,,,,,,,,,,,,730.5097146000007,730.5221689000027,730.5221689000027,730.5221689000027,730.7073314000008,None,,,,,,,,,,,,,,,,,,,,,,,,,,,,,,,,P2887,Bar_MIC,3,1,2026-05-11_17h28.42.991,MIC_task,,2026.1.2,59.486276515657686,2026-05-11 17h28.44.439398 +0200,
,,29,0,29,,,,,,,3,a09,pingvin,penguin,1,animal,bird,6,13,25,68,None,"(-0.1, -0.1)",space,0.06677240000135498,None,,,,,,,,,,,,1,0,1,0,0,23,23,23,29,0,29,0,730.7226347000033,,,,,,,,,,,,,,,,,,,,,,,,,,,,,,,,,,,,,,,,,,,,,,,,,,,,,,,,,,,,,,,,,,,,,,,,,,,,,,,,,,,,,,,,,,,,,730.710236400002,730.7226347000033,730.7226347000033,730.7226347000033,730.7905563000022,space,0.06677240000135498,None,,,,,,,,,,,,,,,,,,,,,,,,,,,,,,P2887,Bar_MIC,3,1,2026-05-11_17h28.42.991,MIC_task,,2026.1.2,59.486276515657686,2026-05-11 17h28.44.439398 +0200,
,,23,23,0,,,,space,1.1242541999999958,None,3,a09,pingvin,penguin,1,animal,bird,6,13,25,68,None,"(-0.1, -0.1)",,,,,,,,,,,,,,,1,0,1,0,0,23,23,23,,,,,,,,,,,,,,,,,,,,,,,,,,,,,,,,,,,,,,,,,,,,,,,,,,,,,,,,,,,,,,,,,,,,,,,,,,,,,,,,,730.8453700999999,730.8511179000016,730.8563588666666,732.7927890999999,,,,,,734.7957406000023,734.812696500001,734.812696500001,735.9491622000023,,,,,,,,,,,,,732.8157154,732.8208442000032,732.8259919333364,734.712424100002,734.795693,space,1.1242541999999958,None,,,,,,,,,,,,,,,,,,,,,,P2887,Bar_MIC,3,1,2026-05-11_17h28.42.991,MIC_task,,2026.1.2,59.486276515657686,2026-05-11 17h28.44.439398 +0200,
,,0,0,0,,,,,,,3,b13,agy,brain,2,bodypart,organ,5.6,337,None,69,None,"(0, 0)",None,,,,,,,,,,,,,,1,0,1,0,0,24,24,24,0,0,0,0,735.9641244000013,,,,,,,,,,,,,,,,,,,,,,,,,,,,,,,,,,,,,,,,,,,,,,,,,,,,,,,,,,,,,,,,,,,,,,,,,,,,,,,,,,,,,,,,,,,,,735.9532538000021,735.9641244000013,735.9641244000013,735.9641244000013,736.1486629999999,None,,,,,,,,,,,736.1644723000027,736.1644723000027,736.1644723000027,,,,,,,,,,,,,,,,,,,P2887,Bar_MIC,3,1,2026-05-11_17h28.42.991,MIC_task,,2026.1.2,59.486276515657686,2026-05-11 17h28.44.439398 +0200,
,,0,0,0,,,,,,,3,b13,agy,brain,2,bodypart,organ,5.6,337,None,69,None,"(0, 0)",None,,,,,,,,,,,,,,1,0,1,0,0,24,24,24,0,0,0,0,736.1644723000027,,,,,,,,,,,,,,,,,,,,,,,,,,,,,,,,,,,,,,,,,,,,,,,,,,,,,,,,,,,,,,,,,,,,,,,,,,,,,,,,,,,,,,,,,,,,,736.1519017999999,736.1644723000027,736.1644723000027,736.1644723000027,736.3489316000014,None,,,,,,,,,,,736.3648493000001,736.3648493000001,736.3648493000001,,,,,,,,,,,,,,,,,,,P2887,Bar_MIC,3,1,2026-05-11_17h28.42.991,MIC_task,,2026.1.2,59.486276515657686,2026-05-11 17h28.44.439398 +0200,
,,1,0,1,,,,,,,3,b13,agy,brain,2,bodypart,organ,5.6,337,None,69,None,"(0, 0)",None,,,,,,,,,,,,,,1,0,1,0,0,24,24,24,1,0,1,0,736.3648493000001,,,,,,,,,,,,,,,,,,,,,,,,,,,,,,,,,,,,,,,,,,,,,,,,,,,,,,,,,,,,,,,,,,,,,,,,,,,,,,,,,,,,,,,,,,,,,736.3520869000022,736.3648493000001,736.3648493000001,736.3648493000001,736.5494046000022,None,,,,,,,,,,,736.5653507000025,736.5653507000025,736.5653507000025,,,,,,,,,,,,,,,,,,,P2887,Bar_MIC,3,1,2026-05-11_17h28.42.991,MIC_task,,2026.1.2,59.486276515657686,2026-05-11 17h28.44.439398 +0200,
,,2,0,2,,,,,,,3,b13,agy,brain,2,bodypart,organ,5.6,337,None,69,None,"(0, 0)",None,,,,,,,,,,,,,,1,0,1,0,0,24,24,24,2,0,2,0,736.5653507000025,,,,,,,,,,,,,,,,,,,,,,,,,,,,,,,,,,,,,,,,,,,,,,,,,,,,,,,,,,,,,,,,,,,,,,,,,,,,,,,,,,,,,,,,,,,,,736.5525849000005,736.5653507000025,736.5653507000025,736.5653507000025,736.7494790000019,None,,,,,,,,,,,736.7649620000011,736.7649620000011,736.7649620000011,,,,,,,,,,,,,,,,,,,P2887,Bar_MIC,3,1,2026-05-11_17h28.42.991,MIC_task,,2026.1.2,59.486276515657686,2026-05-11 17h28.44.439398 +0200,
,,3,0,3,,,,,,,3,b13,agy,brain,2,bodypart,organ,5.6,337,None,69,None,"(0, 0)",None,,,,,,,,,,,,,,1,0,1,0,0,24,24,24,3,0,3,0,736.7649620000011,,,,,,,,,,,,,,,,,,,,,,,,,,,,,,,,,,,,,,,,,,,,,,,,,,,,,,,,,,,,,,,,,,,,,,,,,,,,,,,,,,,,,,,,,,,,,736.7530653000031,736.7649620000011,736.7649620000011,736.7649620000011,736.9498085000014,None,,,,,,,,,,,,,,,,,,,,,,,,,,,,,,,,P2887,Bar_MIC,3,1,2026-05-11_17h28.42.991,MIC_task,,2026.1.2,59.486276515657686,2026-05-11 17h28.44.439398 +0200,
,,4,0,4,,,,,,,3,b13,agy,brain,2,bodypart,organ,5.6,337,None,69,None,"(0, 0)",None,,,,,,,,,,,,,,1,0,1,0,0,24,24,24,4,0,4,0,736.9653582000028,,,,,,,,,,,,,,,,,,,,,,,,,,,,,,,,,,,,,,,,,,,,,,,,,,,,,,,,,,,,,,,,,,,,,,,,,,,,,,,,,,,,,,,,,,,,,736.9528984999997,736.9653582000028,736.9653582000028,736.9653582000028,737.1503032,None,,,,,,,,,,,,,,,,,,,,,,,,,,,,,,,,P2887,Bar_MIC,3,1,2026-05-11_17h28.42.991,MIC_task,,2026.1.2,59.486276515657686,2026-05-11 17h28.44.439398 +0200,
,,5,0,5,,,,,,,3,b13,agy,brain,2,bodypart,organ,5.6,337,None,69,None,"(0, 0)",None,,,,,,,,,,,,,,1,0,1,0,0,24,24,24,5,0,5,0,737.1656511000001,,,,,,,,,,,,,,,,,,,,,,,,,,,,,,,,,,,,,,,,,,,,,,,,,,,,,,,,,,,,,,,,,,,,,,,,,,,,,,,,,,,,,,,,,,,,,737.1536997000003,737.1656511000001,737.1656511000001,737.1656511000001,737.3498142000026,None,,,,,,,,,,,,,,,,,,,,,,,,,,,,,,,,P2887,Bar_MIC,3,1,2026-05-11_17h28.42.991,MIC_task,,2026.1.2,59.486276515657686,2026-05-11 17h28.44.439398 +0200,
,,6,0,6,,,,,,,3,b13,agy,brain,2,bodypart,organ,5.6,337,None,69,None,"(0, 0)",None,,,,,,,,,,,,,,1,0,1,0,0,24,24,24,6,0,6,0,737.3659888000002,,,,,,,,,,,,,,,,,,,,,,,,,,,,,,,,,,,,,,,,,,,,,,,,,,,,,,,,,,,,,,,,,,,,,,,,,,,,,,,,,,,,,,,,,,,,,737.3535996000028,737.3659888000002,737.3659888000002,737.3659888000002,737.5498509000026,None,,,,,,,,,,,,,,,,,,,,,,,,,,,,,,,,P2887,Bar_MIC,3,1,2026-05-11_17h28.42.991,MIC_task,,2026.1.2,59.486276515657686,2026-05-11 17h28.44.439398 +0200,
,,7,0,7,,,,,,,3,b13,agy,brain,2,bodypart,organ,5.6,337,None,69,None,"(0, 0)",None,,,,,,,,,,,,,,1,0,1,0,0,24,24,24,7,0,7,0,737.5663952000032,,,,,,,,,,,,,,,,,,,,,,,,,,,,,,,,,,,,,,,,,,,,,,,,,,,,,,,,,,,,,,,,,,,,,,,,,,,,,,,,,,,,,,,,,,,,,737.5534275000027,737.5663952000032,737.5663952000032,737.5663952000032,737.7502896000005,None,,,,,,,,,,,,,,,,,,,,,,,,,,,,,,,,P2887,Bar_MIC,3,1,2026-05-11_17h28.42.991,MIC_task,,2026.1.2,59.486276515657686,2026-05-11 17h28.44.439398 +0200,
,,8,0,8,,,,,,,3,b13,agy,brain,2,bodypart,organ,5.6,337,None,69,None,"(0, 0)",None,,,,,,,,,,,,,,1,0,1,0,0,24,24,24,8,0,8,0,737.7666893000023,,,,,,,,,,,,,,,,,,,,,,,,,,,,,,,,,,,,,,,,,,,,,,,,,,,,,,,,,,,,,,,,,,,,,,,,,,,,,,,,,,,,,,,,,,,,,737.7538220000024,737.7666893000023,737.7666893000023,737.7666893000023,737.9506961000006,None,,,,,,,,,,,,,,,,,,,,,,,,,,,,,,,,P2887,Bar_MIC,3,1,2026-05-11_17h28.42.991,MIC_task,,2026.1.2,59.486276515657686,2026-05-11 17h28.44.439398 +0200,
,,9,0,9,,,,,,,3,b13,agy,brain,2,bodypart,organ,5.6,337,None,69,None,"(0, 0)",None,,,,,,,,,,,,,,1,0,1,0,0,24,24,24,9,0,9,0,737.9671535000016,,,,,,,,,,,,,,,,,,,,,,,,,,,,,,,,,,,,,,,,,,,,,,,,,,,,,,,,,,,,,,,,,,,,,,,,,,,,,,,,,,,,,,,,,,,,,737.9539543999999,737.9671535000016,737.9671535000016,737.9671535000016,738.1508865000033,None,,,,,,,,,,,,,,,,,,,,,,,,,,,,,,,,P2887,Bar_MIC,3,1,2026-05-11_17h28.42.991,MIC_task,,2026.1.2,59.486276515657686,2026-05-11 17h28.44.439398 +0200,
,,10,0,10,,,,,,,3,b13,agy,brain,2,bodypart,organ,5.6,337,None,69,None,"(0, 0)",None,,,,,,,,,,,,,,1,0,1,0,0,24,24,24,10,0,10,0,738.1675083000009,,,,,,,,,,,,,,,,,,,,,,,,,,,,,,,,,,,,,,,,,,,,,,,,,,,,,,,,,,,,,,,,,,,,,,,,,,,,,,,,,,,,,,,,,,,,,738.1539880000018,738.1675083000009,738.1675083000009,738.1675083000009,738.3517816000021,None,,,,,,,,,,,,,,,,,,,,,,,,,,,,,,,,P2887,Bar_MIC,3,1,2026-05-11_17h28.42.991,MIC_task,,2026.1.2,59.486276515657686,2026-05-11 17h28.44.439398 +0200,
,,11,0,11,,,,,,,3,b13,agy,brain,2,bodypart,organ,5.6,337,None,69,None,"(0, 0)",None,,,,,,,,,,,,,,1,0,1,0,0,24,24,24,11,0,11,0,738.3680053999997,,,,,,,,,,,,,,,,,,,,,,,,,,,,,,,,,,,,,,,,,,,,,,,,,,,,,,,,,,,,,,,,,,,,,,,,,,,,,,,,,,,,,,,,,,,,,738.3552618000031,738.3680053999997,738.3680053999997,738.3680053999997,738.5517388000007,None,,,,,,,,,,,,,,,,,,,,,,,,,,,,,,,,P2887,Bar_MIC,3,1,2026-05-11_17h28.42.991,MIC_task,,2026.1.2,59.486276515657686,2026-05-11 17h28.44.439398 +0200,
,,12,0,12,,,,,,,3,b13,agy,brain,2,bodypart,organ,5.6,337,None,69,None,"(0, 0)",None,,,,,,,,,,,,,,1,0,1,0,0,24,24,24,12,0,12,0,738.5682697000011,,,,,,,,,,,,,,,,,,,,,,,,,,,,,,,,,,,,,,,,,,,,,,,,,,,,,,,,,,,,,,,,,,,,,,,,,,,,,,,,,,,,,,,,,,,,,738.5548660000022,738.5682697000011,738.5682697000011,738.5682697000011,738.7523101000006,None,,,,,,,,,,,,,,,,,,,,,,,,,,,,,,,,P2887,Bar_MIC,3,1,2026-05-11_17h28.42.991,MIC_task,,2026.1.2,59.486276515657686,2026-05-11 17h28.44.439398 +0200,
,,13,0,13,,,,,,,3,b13,agy,brain,2,bodypart,organ,5.6,337,None,69,None,"(0, 0)",None,,,,,,,,,,,,,,1,0,1,0,0,24,24,24,13,0,13,0,738.7685190000011,,,,,,,,,,,,,,,,,,,,,,,,,,,,,,,,,,,,,,,,,,,,,,,,,,,,,,,,,,,,,,,,,,,,,,,,,,,,,,,,,,,,,,,,,,,,,738.7554732999997,738.7685190000011,738.7685190000011,738.7685190000011,738.9529393000012,None,,,,,,,,,,,,,,,,,,,,,,,,,,,,,,,,P2887,Bar_MIC,3,1,2026-05-11_17h28.42.991,MIC_task,,2026.1.2,59.486276515657686,2026-05-11 17h28.44.439398 +0200,
,,14,0,14,,,,,,,3,b13,agy,brain,2,bodypart,organ,5.6,337,None,69,None,"(0, 0)",space,0.13690040000074077,None,,,,,,,,,,,,1,0,1,0,0,24,24,24,14,0,14,0,738.968270100002,,,,,,,,,,,,,,,,,,,,,,,,,,,,,,,,,,,,,,,,,,,,,,,,,,,,,,,,,,,,,,,,,,,,,,,,,,,,,,,,,,,,,,,,,,,,,738.9562609000022,738.968270100002,738.968270100002,738.968270100002,739.1202735000006,space,0.13690040000074077,None,,,,,,,,,,,,,,,,,,,,,,,,,,,,,,P2887,Bar_MIC,3,1,2026-05-11_17h28.42.991,MIC_task,,2026.1.2,59.486276515657686,2026-05-11 17h28.44.439398 +0200,
,,24,24,0,,,,space,1.8667229000020598,None,3,b13,agy,brain,2,bodypart,organ,5.6,337,None,69,None,"(0, 0)",,,,,,,,,,,,,,,1,0,1,0,0,24,24,24,,,,,,,,,,,,,,,,,,,,,,,,,,,,,,,,,,,,,,,,,,,,,,,,,,,,,,,,,,,,,,,,,,,,,,,,,,,,,,,,,739.1757002000013,739.1810856000011,739.1860917666681,741.1220530000028,,,,,,743.1254647000023,743.1427180000028,743.1427180000028,745.0127883000023,,,,,,,,,,,,,741.1481292000026,741.1530842000029,741.1552757333343,743.0412382000031,743.1254027000032,space,1.8667229000020598,None,,,,,,,,,,,,,,,,,,,,,,P2887,Bar_MIC,3,1,2026-05-11_17h28.42.991,MIC_task,,2026.1.2,59.486276515657686,2026-05-11 17h28.44.439398 +0200,
,,0,0,0,,,,,,,3,ty27,labda,ball,9,toys,sport,7,148,18,34,None,"(0, -0.1)",None,,,,,,,,,,,,,,1,0,1,0,0,25,25,25,0,0,0,0,745.028166600001,,,,,,,,,,,,,,,,,,,,,,,,,,,,,,,,,,,,,,,,,,,,,,,,,,,,,,,,,,,,,,,,,,,,,,,,,,,,,,,,,,,,,,,,,,,,,745.0164396,745.028166600001,745.028166600001,745.028166600001,745.2129085000015,None,,,,,,,,,,,745.2277953000012,745.2277953000012,745.2277953000012,,,,,,,,,,,,,,,,,,,P2887,Bar_MIC,3,1,2026-05-11_17h28.42.991,MIC_task,,2026.1.2,59.486276515657686,2026-05-11 17h28.44.439398 +0200,
,,0,0,0,,,,,,,3,ty27,labda,ball,9,toys,sport,7,148,18,34,None,"(0, -0.1)",None,,,,,,,,,,,,,,1,0,1,0,0,25,25,25,0,0,0,0,745.2277953000012,,,,,,,,,,,,,,,,,,,,,,,,,,,,,,,,,,,,,,,,,,,,,,,,,,,,,,,,,,,,,,,,,,,,,,,,,,,,,,,,,,,,,,,,,,,,,745.2156837000002,745.2277953000012,745.2277953000012,745.2277953000012,745.4120328000026,None,,,,,,,,,,,745.4282284000001,745.4282284000001,745.4282284000001,,,,,,,,,,,,,,,,,,,P2887,Bar_MIC,3,1,2026-05-11_17h28.42.991,MIC_task,,2026.1.2,59.486276515657686,2026-05-11 17h28.44.439398 +0200,
,,1,0,1,,,,,,,3,ty27,labda,ball,9,toys,sport,7,148,18,34,None,"(0, -0.1)",None,,,,,,,,,,,,,,1,0,1,0,0,25,25,25,1,0,1,0,745.4282284000001,,,,,,,,,,,,,,,,,,,,,,,,,,,,,,,,,,,,,,,,,,,,,,,,,,,,,,,,,,,,,,,,,,,,,,,,,,,,,,,,,,,,,,,,,,,,,745.4151096000023,745.4282284000001,745.4282284000001,745.4282284000001,745.6131037000014,None,,,,,,,,,,,,,,,,,,,,,,,,,,,,,,,,P2887,Bar_MIC,3,1,2026-05-11_17h28.42.991,MIC_task,,2026.1.2,59.486276515657686,2026-05-11 17h28.44.439398 +0200,
,,2,0,2,,,,,,,3,ty27,labda,ball,9,toys,sport,7,148,18,34,None,"(0, -0.1)",None,,,,,,,,,,,,,,1,0,1,0,0,25,25,25,2,0,2,0,745.6285194000011,,,,,,,,,,,,,,,,,,,,,,,,,,,,,,,,,,,,,,,,,,,,,,,,,,,,,,,,,,,,,,,,,,,,,,,,,,,,,,,,,,,,,,,,,,,,,745.6163306000017,745.6285194000011,745.6285194000011,745.6285194000011,745.8136085000006,None,,,,,,,,,,,,,,,,,,,,,,,,,,,,,,,,P2887,Bar_MIC,3,1,2026-05-11_17h28.42.991,MIC_task,,2026.1.2,59.486276515657686,2026-05-11 17h28.44.439398 +0200,
,,3,0,3,,,,,,,3,ty27,labda,ball,9,toys,sport,7,148,18,34,None,"(0, -0.1)",None,,,,,,,,,,,,,,1,0,1,0,0,25,25,25,3,0,3,0,745.8289538999998,,,,,,,,,,,,,,,,,,,,,,,,,,,,,,,,,,,,,,,,,,,,,,,,,,,,,,,,,,,,,,,,,,,,,,,,,,,,,,,,,,,,,,,,,,,,,745.8165923000015,745.8289538999998,745.8289538999998,745.8289538999998,746.0132309,None,,,,,,,,,,,746.0293792000011,746.0293792000011,746.0293792000011,,,,,,,,,,,,,,,,,,,P2887,Bar_MIC,3,1,2026-05-11_17h28.42.991,MIC_task,,2026.1.2,59.486276515657686,2026-05-11 17h28.44.439398 +0200,
,,4,0,4,,,,,,,3,ty27,labda,ball,9,toys,sport,7,148,18,34,None,"(0, -0.1)",None,,,,,,,,,,,,,,1,0,1,0,0,25,25,25,4,0,4,0,746.0293792000011,,,,,,,,,,,,,,,,,,,,,,,,,,,,,,,,,,,,,,,,,,,,,,,,,,,,,,,,,,,,,,,,,,,,,,,,,,,,,,,,,,,,,,,,,,,,,746.0163162000026,746.0293792000011,746.0293792000011,746.0293792000011,746.2168355000031,None,,,,,,,,,,,,,,,,,,,,,,,,,,,,,,,,P2887,Bar_MIC,3,1,2026-05-11_17h28.42.991,MIC_task,,2026.1.2,59.486276515657686,2026-05-11 17h28.44.439398 +0200,
,,5,0,5,,,,,,,3,ty27,labda,ball,9,toys,sport,7,148,18,34,None,"(0, -0.1)",None,,,,,,,,,,,,,,1,0,1,0,0,25,25,25,5,0,5,0,746.2326247000019,,,,,,,,,,,,,,,,,,,,,,,,,,,,,,,,,,,,,,,,,,,,,,,,,,,,,,,,,,,,,,,,,,,,,,,,,,,,,,,,,,,,,,,,,,,,,746.2215164000008,746.2326247000019,746.2326247000019,746.2326247000019,746.4172318000019,None,,,,,,,,,,,,,,,,,,,,,,,,,,,,,,,,P2887,Bar_MIC,3,1,2026-05-11_17h28.42.991,MIC_task,,2026.1.2,59.486276515657686,2026-05-11 17h28.44.439398 +0200,
,,6,0,6,,,,,,,3,ty27,labda,ball,9,toys,sport,7,148,18,34,None,"(0, -0.1)",None,,,,,,,,,,,,,,1,0,1,0,0,25,25,25,6,0,6,0,746.4339912000032,,,,,,,,,,,,,,,,,,,,,,,,,,,,,,,,,,,,,,,,,,,,,,,,,,,,,,,,,,,,,,,,,,,,,,,,,,,,,,,,,,,,,,,,,,,,,746.4215703000009,746.4339912000032,746.4339912000032,746.4339912000032,746.6172861000014,None,,,,,,,,,,,,,,,,,,,,,,,,,,,,,,,,P2887,Bar_MIC,3,1,2026-05-11_17h28.42.991,MIC_task,,2026.1.2,59.486276515657686,2026-05-11 17h28.44.439398 +0200,
,,7,0,7,,,,,,,3,ty27,labda,ball,9,toys,sport,7,148,18,34,None,"(0, -0.1)",None,,,,,,,,,,,,,,1,0,1,0,0,25,25,25,7,0,7,0,746.6338230000001,,,,,,,,,,,,,,,,,,,,,,,,,,,,,,,,,,,,,,,,,,,,,,,,,,,,,,,,,,,,,,,,,,,,,,,,,,,,,,,,,,,,,,,,,,,,,746.6213561000004,746.6338230000001,746.6338230000001,746.6338230000001,746.8176667000007,None,,,,,,,,,,,,,,,,,,,,,,,,,,,,,,,,P2887,Bar_MIC,3,1,2026-05-11_17h28.42.991,MIC_task,,2026.1.2,59.486276515657686,2026-05-11 17h28.44.439398 +0200,
,,8,0,8,,,,,,,3,ty27,labda,ball,9,toys,sport,7,148,18,34,None,"(0, -0.1)",None,,,,,,,,,,,,,,1,0,1,0,0,25,25,25,8,0,8,0,746.834184000003,,,,,,,,,,,,,,,,,,,,,,,,,,,,,,,,,,,,,,,,,,,,,,,,,,,,,,,,,,,,,,,,,,,,,,,,,,,,,,,,,,,,,,,,,,,,,746.8217710999998,746.834184000003,746.834184000003,746.834184000003,747.0146000000022,None,,,,,,,,,,,,,,,,,,,,,,,,,,,,,,,,P2887,Bar_MIC,3,1,2026-05-11_17h28.42.991,MIC_task,,2026.1.2,59.486276515657686,2026-05-11 17h28.44.439398 +0200,
,,9,0,9,,,,,,,3,ty27,labda,ball,9,toys,sport,7,148,18,34,None,"(0, -0.1)",None,,,,,,,,,,,,,,1,0,1,0,0,25,25,25,9,0,9,0,747.0345790000029,,,,,,,,,,,,,,,,,,,,,,,,,,,,,,,,,,,,,,,,,,,,,,,,,,,,,,,,,,,,,,,,,,,,,,,,,,,,,,,,,,,,,,,,,,,,,747.0182892000012,747.0345790000029,747.0345790000029,747.0345790000029,747.2152359000029,None,,,,,,,,,,,,,,,,,,,,,,,,,,,,,,,,P2887,Bar_MIC,3,1,2026-05-11_17h28.42.991,MIC_task,,2026.1.2,59.486276515657686,2026-05-11 17h28.44.439398 +0200,
,,10,0,10,,,,,,,3,ty27,labda,ball,9,toys,sport,7,148,18,34,None,"(0, -0.1)",None,,,,,,,,,,,,,,1,0,1,0,0,25,25,25,10,0,10,0,747.2307424999999,,,,,,,,,,,,,,,,,,,,,,,,,,,,,,,,,,,,,,,,,,,,,,,,,,,,,,,,,,,,,,,,,,,,,,,,,,,,,,,,,,,,,,,,,,,,,747.2184680999999,747.2307424999999,747.2307424999999,747.2307424999999,747.4156675000013,None,,,,,,,,,,,,,,,,,,,,,,,,,,,,,,,,P2887,Bar_MIC,3,1,2026-05-11_17h28.42.991,MIC_task,,2026.1.2,59.486276515657686,2026-05-11 17h28.44.439398 +0200,
,,11,0,11,,,,,,,3,ty27,labda,ball,9,toys,sport,7,148,18,34,None,"(0, -0.1)",None,,,,,,,,,,,,,,1,0,1,0,0,25,25,25,11,0,11,0,747.4311954000004,,,,,,,,,,,,,,,,,,,,,,,,,,,,,,,,,,,,,,,,,,,,,,,,,,,,,,,,,,,,,,,,,,,,,,,,,,,,,,,,,,,,,,,,,,,,,747.4185699000009,747.4311954000004,747.4311954000004,747.4311954000004,747.6160054000029,None,,,,,,,,,,,,,,,,,,,,,,,,,,,,,,,,P2887,Bar_MIC,3,1,2026-05-11_17h28.42.991,MIC_task,,2026.1.2,59.486276515657686,2026-05-11 17h28.44.439398 +0200,
,,12,0,12,,,,,,,3,ty27,labda,ball,9,toys,sport,7,148,18,34,None,"(0, -0.1)",None,,,,,,,,,,,,,,1,0,1,0,0,25,25,25,12,0,12,0,747.6315560000003,,,,,,,,,,,,,,,,,,,,,,,,,,,,,,,,,,,,,,,,,,,,,,,,,,,,,,,,,,,,,,,,,,,,,,,,,,,,,,,,,,,,,,,,,,,,,747.6189242,747.6315560000003,747.6315560000003,747.6315560000003,747.816473400002,None,,,,,,,,,,,,,,,,,,,,,,,,,,,,,,,,P2887,Bar_MIC,3,1,2026-05-11_17h28.42.991,MIC_task,,2026.1.2,59.486276515657686,2026-05-11 17h28.44.439398 +0200,
,,13,0,13,,,,,,,3,ty27,labda,ball,9,toys,sport,7,148,18,34,None,"(0, -0.1)",None,,,,,,,,,,,,,,1,0,1,0,0,25,25,25,13,0,13,0,747.8319421000015,,,,,,,,,,,,,,,,,,,,,,,,,,,,,,,,,,,,,,,,,,,,,,,,,,,,,,,,,,,,,,,,,,,,,,,,,,,,,,,,,,,,,,,,,,,,,747.8198876000024,747.8319421000015,747.8319421000015,747.8319421000015,748.0158475999997,None,,,,,,,,,,,,,,,,,,,,,,,,,,,,,,,,P2887,Bar_MIC,3,1,2026-05-11_17h28.42.991,MIC_task,,2026.1.2,59.486276515657686,2026-05-11 17h28.44.439398 +0200,
,,14,0,14,,,,,,,3,ty27,labda,ball,9,toys,sport,7,148,18,34,None,"(0, -0.1)",None,,,,,,,,,,,,,,1,0,1,0,0,25,25,25,14,0,14,0,748.0322718000025,,,,,,,,,,,,,,,,,,,,,,,,,,,,,,,,,,,,,,,,,,,,,,,,,,,,,,,,,,,,,,,,,,,,,,,,,,,,,,,,,,,,,,,,,,,,,748.0190497000003,748.0322718000025,748.0322718000025,748.0322718000025,748.216057200003,None,,,,,,,,,,,,,,,,,,,,,,,,,,,,,,,,P2887,Bar_MIC,3,1,2026-05-11_17h28.42.991,MIC_task,,2026.1.2,59.486276515657686,2026-05-11 17h28.44.439398 +0200,
,,15,0,15,,,,,,,3,ty27,labda,ball,9,toys,sport,7,148,18,34,None,"(0, -0.1)",space,0.008843900002830196,None,,,,,,,,,,,,1,0,1,0,0,25,25,25,15,0,15,0,748.2327263000006,,,,,,,,,,,,,,,,,,,,,,,,,,,,,,,,,,,,,,,,,,,,,,,,,,,,,,,,,,,,,,,,,,,,,,,,,,,,,,,,,,,,,,,,,,,,,748.219390600003,748.2327263000006,748.2327263000006,748.2327263000006,748.2509027000015,space,0.008843900002830196,None,,,,,,,,,,,,,,,,,,,,,,,,,,,,,,P2887,Bar_MIC,3,1,2026-05-11_17h28.42.991,MIC_task,,2026.1.2,59.486276515657686,2026-05-11 17h28.44.439398 +0200,
,,25,25,0,,,,space,0.39359439999680035,None,3,ty27,labda,ball,9,toys,sport,7,148,18,34,None,"(0, -0.1)",,,,,,,,,,,,,,,1,0,1,0,0,25,25,25,,,,,,,,,,,,,,,,,,,,,,,,,,,,,,,,,,,,,,,,,,,,,,,,,,,,,,,,,,,,,,,,,,,,,,,,,,,,,,,,,748.3073781000021,748.3135430000002,748.3167234666698,750.2525185000013,,,,,,752.2567174000033,752.272142400001,752.272142400001,752.6743060000008,,,,,,,,,,,,,750.2780837000028,750.2831877000026,750.2857274333332,752.1723665999998,752.2566690000021,space,0.39359439999680035,None,,,,,,,,,,,,,,,,,,,,,,P2887,Bar_MIC,3,1,2026-05-11_17h28.42.991,MIC_task,,2026.1.2,59.486276515657686,2026-05-11 17h28.44.439398 +0200,
,,0,0,0,,,,,,,3,c18,zokni,sock,3,clothes,footwear,5.6,74,20,35,None,"(-0.1, -0.1)",None,,,,,,,,,,,,,,1,0,1,0,0,26,26,26,0,0,0,0,752.6897220999999,,,,,,,,,,,,,,,,,,,,,,,,,,,,,,,,,,,,,,,,,,,,,,,,,,,,,,,,,,,,,,,,,,,,,,,,,,,,,,,,,,,,,,,,,,,,,752.6777201000004,752.6897220999999,752.6897220999999,752.6897220999999,752.8739108000009,None,,,,,,,,,,,752.890001300002,752.890001300002,752.890001300002,,,,,,,,,,,,,,,,,,,P2887,Bar_MIC,3,1,2026-05-11_17h28.42.991,MIC_task,,2026.1.2,59.486276515657686,2026-05-11 17h28.44.439398 +0200,
,,0,0,0,,,,,,,3,c18,zokni,sock,3,clothes,footwear,5.6,74,20,35,None,"(-0.1, -0.1)",None,,,,,,,,,,,,,,1,0,1,0,0,26,26,26,0,0,0,0,752.890001300002,,,,,,,,,,,,,,,,,,,,,,,,,,,,,,,,,,,,,,,,,,,,,,,,,,,,,,,,,,,,,,,,,,,,,,,,,,,,,,,,,,,,,,,,,,,,,752.8769132000016,752.890001300002,752.890001300002,752.890001300002,753.0745477000019,None,,,,,,,,,,,753.0904006000019,753.0904006000019,753.0904006000019,,,,,,,,,,,,,,,,,,,P2887,Bar_MIC,3,1,2026-05-11_17h28.42.991,MIC_task,,2026.1.2,59.486276515657686,2026-05-11 17h28.44.439398 +0200,
,,1,0,1,,,,,,,3,c18,zokni,sock,3,clothes,footwear,5.6,74,20,35,None,"(-0.1, -0.1)",None,,,,,,,,,,,,,,1,0,1,0,0,26,26,26,1,0,1,0,753.0904006000019,,,,,,,,,,,,,,,,,,,,,,,,,,,,,,,,,,,,,,,,,,,,,,,,,,,,,,,,,,,,,,,,,,,,,,,,,,,,,,,,,,,,,,,,,,,,,753.0774271000009,753.0904006000019,753.0904006000019,753.0904006000019,753.2749561000019,None,,,,,,,,,,,,,,,,,,,,,,,,,,,,,,,,P2887,Bar_MIC,3,1,2026-05-11_17h28.42.991,MIC_task,,2026.1.2,59.486276515657686,2026-05-11 17h28.44.439398 +0200,
,,2,0,2,,,,,,,3,c18,zokni,sock,3,clothes,footwear,5.6,74,20,35,None,"(-0.1, -0.1)",None,,,,,,,,,,,,,,1,0,1,0,0,26,26,26,2,0,2,0,753.2907876999998,,,,,,,,,,,,,,,,,,,,,,,,,,,,,,,,,,,,,,,,,,,,,,,,,,,,,,,,,,,,,,,,,,,,,,,,,,,,,,,,,,,,,,,,,,,,,753.2782189999998,753.2907876999998,753.2907876999998,753.2907876999998,753.4750311999996,None,,,,,,,,,,,,,,,,,,,,,,,,,,,,,,,,P2887,Bar_MIC,3,1,2026-05-11_17h28.42.991,MIC_task,,2026.1.2,59.486276515657686,2026-05-11 17h28.44.439398 +0200,
,,3,0,3,,,,,,,3,c18,zokni,sock,3,clothes,footwear,5.6,74,20,35,None,"(-0.1, -0.1)",None,,,,,,,,,,,,,,1,0,1,0,0,26,26,26,3,0,3,0,753.4903962000026,,,,,,,,,,,,,,,,,,,,,,,,,,,,,,,,,,,,,,,,,,,,,,,,,,,,,,,,,,,,,,,,,,,,,,,,,,,,,,,,,,,,,,,,,,,,,753.4781795000017,753.4903962000026,753.4903962000026,753.4903962000026,753.674610500002,None,,,,,,,,,,,753.6907898999998,753.6907898999998,753.6907898999998,,,,,,,,,,,,,,,,,,,P2887,Bar_MIC,3,1,2026-05-11_17h28.42.991,MIC_task,,2026.1.2,59.486276515657686,2026-05-11 17h28.44.439398 +0200,
,,4,0,4,,,,,,,3,c18,zokni,sock,3,clothes,footwear,5.6,74,20,35,None,"(-0.1, -0.1)",None,,,,,,,,,,,,,,1,0,1,0,0,26,26,26,4,0,4,0,753.6907898999998,,,,,,,,,,,,,,,,,,,,,,,,,,,,,,,,,,,,,,,,,,,,,,,,,,,,,,,,,,,,,,,,,,,,,,,,,,,,,,,,,,,,,,,,,,,,,753.6777814000015,753.6907898999998,753.6907898999998,753.6907898999998,753.8756017000014,None,,,,,,,,,,,,,,,,,,,,,,,,,,,,,,,,P2887,Bar_MIC,3,1,2026-05-11_17h28.42.991,MIC_task,,2026.1.2,59.486276515657686,2026-05-11 17h28.44.439398 +0200,
,,5,0,5,,,,,,,3,c18,zokni,sock,3,clothes,footwear,5.6,74,20,35,None,"(-0.1, -0.1)",None,,,,,,,,,,,,,,1,0,1,0,0,26,26,26,5,0,5,0,753.8911265000024,,,,,,,,,,,,,,,,,,,,,,,,,,,,,,,,,,,,,,,,,,,,,,,,,,,,,,,,,,,,,,,,,,,,,,,,,,,,,,,,,,,,,,,,,,,,,753.8790225000012,753.8911265000024,753.8911265000024,753.8911265000024,754.0761660000026,None,,,,,,,,,,,,,,,,,,,,,,,,,,,,,,,,P2887,Bar_MIC,3,1,2026-05-11_17h28.42.991,MIC_task,,2026.1.2,59.486276515657686,2026-05-11 17h28.44.439398 +0200,
,,6,0,6,,,,,,,3,c18,zokni,sock,3,clothes,footwear,5.6,74,20,35,None,"(-0.1, -0.1)",None,,,,,,,,,,,,,,1,0,1,0,0,26,26,26,6,0,6,0,754.0914037000002,,,,,,,,,,,,,,,,,,,,,,,,,,,,,,,,,,,,,,,,,,,,,,,,,,,,,,,,,,,,,,,,,,,,,,,,,,,,,,,,,,,,,,,,,,,,,754.0793640000011,754.0914037000002,754.0914037000002,754.0914037000002,754.2765274000012,None,,,,,,,,,,,,,,,,,,,,,,,,,,,,,,,,P2887,Bar_MIC,3,1,2026-05-11_17h28.42.991,MIC_task,,2026.1.2,59.486276515657686,2026-05-11 17h28.44.439398 +0200,
,,7,0,7,,,,,,,3,c18,zokni,sock,3,clothes,footwear,5.6,74,20,35,None,"(-0.1, -0.1)",None,,,,,,,,,,,,,,1,0,1,0,0,26,26,26,7,0,7,0,754.2918481000015,,,,,,,,,,,,,,,,,,,,,,,,,,,,,,,,,,,,,,,,,,,,,,,,,,,,,,,,,,,,,,,,,,,,,,,,,,,,,,,,,,,,,,,,,,,,,754.279816000002,754.2918481000015,754.2918481000015,754.2918481000015,754.4756394000033,None,,,,,,,,,,,,,,,,,,,,,,,,,,,,,,,,P2887,Bar_MIC,3,1,2026-05-11_17h28.42.991,MIC_task,,2026.1.2,59.486276515657686,2026-05-11 17h28.44.439398 +0200,
,,8,0,8,,,,,,,3,c18,zokni,sock,3,clothes,footwear,5.6,74,20,35,None,"(-0.1, -0.1)",None,,,,,,,,,,,,,,1,0,1,0,0,26,26,26,8,0,8,0,754.4922114000001,,,,,,,,,,,,,,,,,,,,,,,,,,,,,,,,,,,,,,,,,,,,,,,,,,,,,,,,,,,,,,,,,,,,,,,,,,,,,,,,,,,,,,,,,,,,,754.4791052,754.4922114000001,754.4922114000001,754.4922114000001,754.6761029000008,None,,,,,,,,,,,,,,,,,,,,,,,,,,,,,,,,P2887,Bar_MIC,3,1,2026-05-11_17h28.42.991,MIC_task,,2026.1.2,59.486276515657686,2026-05-11 17h28.44.439398 +0200,
,,9,0,9,,,,,,,3,c18,zokni,sock,3,clothes,footwear,5.6,74,20,35,None,"(-0.1, -0.1)",None,,,,,,,,,,,,,,1,0,1,0,0,26,26,26,9,0,9,0,754.6926485000004,,,,,,,,,,,,,,,,,,,,,,,,,,,,,,,,,,,,,,,,,,,,,,,,,,,,,,,,,,,,,,,,,,,,,,,,,,,,,,,,,,,,,,,,,,,,,754.6793450000005,754.6926485000004,754.6926485000004,754.6926485000004,754.8767076000004,None,,,,,,,,,,,,,,,,,,,,,,,,,,,,,,,,P2887,Bar_MIC,3,1,2026-05-11_17h28.42.991,MIC_task,,2026.1.2,59.486276515657686,2026-05-11 17h28.44.439398 +0200,
,,10,0,10,,,,,,,3,c18,zokni,sock,3,clothes,footwear,5.6,74,20,35,None,"(-0.1, -0.1)",None,,,,,,,,,,,,,,1,0,1,0,0,26,26,26,10,0,10,0,754.8929924000004,,,,,,,,,,,,,,,,,,,,,,,,,,,,,,,,,,,,,,,,,,,,,,,,,,,,,,,,,,,,,,,,,,,,,,,,,,,,,,,,,,,,,,,,,,,,,754.8798972000004,754.8929924000004,754.8929924000004,754.8929924000004,755.0769574000005,None,,,,,,,,,,,,,,,,,,,,,,,,,,,,,,,,P2887,Bar_MIC,3,1,2026-05-11_17h28.42.991,MIC_task,,2026.1.2,59.486276515657686,2026-05-11 17h28.44.439398 +0200,
,,11,0,11,,,,,,,3,c18,zokni,sock,3,clothes,footwear,5.6,74,20,35,None,"(-0.1, -0.1)",None,,,,,,,,,,,,,,1,0,1,0,0,26,26,26,11,0,11,0,755.0932955999997,,,,,,,,,,,,,,,,,,,,,,,,,,,,,,,,,,,,,,,,,,,,,,,,,,,,,,,,,,,,,,,,,,,,,,,,,,,,,,,,,,,,,,,,,,,,,755.0806741000015,755.0932955999997,755.0932955999997,755.0932955999997,755.2773669000017,None,,,,,,,,,,,,,,,,,,,,,,,,,,,,,,,,P2887,Bar_MIC,3,1,2026-05-11_17h28.42.991,MIC_task,,2026.1.2,59.486276515657686,2026-05-11 17h28.44.439398 +0200,
,,12,0,12,,,,,,,3,c18,zokni,sock,3,clothes,footwear,5.6,74,20,35,None,"(-0.1, -0.1)",None,,,,,,,,,,,,,,1,0,1,0,0,26,26,26,12,0,12,0,755.2936313000027,,,,,,,,,,,,,,,,,,,,,,,,,,,,,,,,,,,,,,,,,,,,,,,,,,,,,,,,,,,,,,,,,,,,,,,,,,,,,,,,,,,,,,,,,,,,,755.2804386000025,755.2936313000027,755.2936313000027,755.2936313000027,755.4779143000014,None,,,,,,,,,,,,,,,,,,,,,,,,,,,,,,,,P2887,Bar_MIC,3,1,2026-05-11_17h28.42.991,MIC_task,,2026.1.2,59.486276515657686,2026-05-11 17h28.44.439398 +0200,
,,13,0,13,,,,,,,3,c18,zokni,sock,3,clothes,footwear,5.6,74,20,35,None,"(-0.1, -0.1)",None,,,,,,,,,,,,,,1,0,1,0,0,26,26,26,13,0,13,0,755.4940321000031,,,,,,,,,,,,,,,,,,,,,,,,,,,,,,,,,,,,,,,,,,,,,,,,,,,,,,,,,,,,,,,,,,,,,,,,,,,,,,,,,,,,,,,,,,,,,755.4815162000014,755.4940321000031,755.4940321000031,755.4940321000031,755.6784391000001,None,,,,,,,,,,,,,,,,,,,,,,,,,,,,,,,,P2887,Bar_MIC,3,1,2026-05-11_17h28.42.991,MIC_task,,2026.1.2,59.486276515657686,2026-05-11 17h28.44.439398 +0200,
,,14,0,14,,,,,,,3,c18,zokni,sock,3,clothes,footwear,5.6,74,20,35,None,"(-0.1, -0.1)",None,,,,,,,,,,,,,,1,0,1,0,0,26,26,26,14,0,14,0,755.6944360000016,,,,,,,,,,,,,,,,,,,,,,,,,,,,,,,,,,,,,,,,,,,,,,,,,,,,,,,,,,,,,,,,,,,,,,,,,,,,,,,,,,,,,,,,,,,,,755.681599800002,755.6944360000016,755.6944360000016,755.6944360000016,755.8785921000017,None,,,,,,,,,,,,,,,,,,,,,,,,,,,,,,,,P2887,Bar_MIC,3,1,2026-05-11_17h28.42.991,MIC_task,,2026.1.2,59.486276515657686,2026-05-11 17h28.44.439398 +0200,
,,15,0,15,,,,,,,3,c18,zokni,sock,3,clothes,footwear,5.6,74,20,35,None,"(-0.1, -0.1)",None,,,,,,,,,,,,,,1,0,1,0,0,26,26,26,15,0,15,0,755.8941329000008,,,,,,,,,,,,,,,,,,,,,,,,,,,,,,,,,,,,,,,,,,,,,,,,,,,,,,,,,,,,,,,,,,,,,,,,,,,,,,,,,,,,,,,,,,,,,755.8815543000019,755.8941329000008,755.8941329000008,755.8941329000008,756.0791244000029,None,,,,,,,,,,,,,,,,,,,,,,,,,,,,,,,,P2887,Bar_MIC,3,1,2026-05-11_17h28.42.991,MIC_task,,2026.1.2,59.486276515657686,2026-05-11 17h28.44.439398 +0200,
,,16,0,16,,,,,,,3,c18,zokni,sock,3,clothes,footwear,5.6,74,20,35,None,"(-0.1, -0.1)",None,,,,,,,,,,,,,,1,0,1,0,0,26,26,26,16,0,16,0,756.0944358000015,,,,,,,,,,,,,,,,,,,,,,,,,,,,,,,,,,,,,,,,,,,,,,,,,,,,,,,,,,,,,,,,,,,,,,,,,,,,,,,,,,,,,,,,,,,,,756.0823687000011,756.0944358000015,756.0944358000015,756.0944358000015,756.2795218000028,None,,,,,,,,,,,,,,,,,,,,,,,,,,,,,,,,P2887,Bar_MIC,3,1,2026-05-11_17h28.42.991,MIC_task,,2026.1.2,59.486276515657686,2026-05-11 17h28.44.439398 +0200,
,,17,0,17,,,,,,,3,c18,zokni,sock,3,clothes,footwear,5.6,74,20,35,None,"(-0.1, -0.1)",None,,,,,,,,,,,,,,1,0,1,0,0,26,26,26,17,0,17,0,756.2948544000028,,,,,,,,,,,,,,,,,,,,,,,,,,,,,,,,,,,,,,,,,,,,,,,,,,,,,,,,,,,,,,,,,,,,,,,,,,,,,,,,,,,,,,,,,,,,,756.2828365000023,756.2948544000028,756.2948544000028,756.2948544000028,756.4798140000021,None,,,,,,,,,,,,,,,,,,,,,,,,,,,,,,,,P2887,Bar_MIC,3,1,2026-05-11_17h28.42.991,MIC_task,,2026.1.2,59.486276515657686,2026-05-11 17h28.44.439398 +0200,
,,18,0,18,,,,,,,3,c18,zokni,sock,3,clothes,footwear,5.6,74,20,35,None,"(-0.1, -0.1)",None,,,,,,,,,,,,,,1,0,1,0,0,26,26,26,18,0,18,0,756.4951878000029,,,,,,,,,,,,,,,,,,,,,,,,,,,,,,,,,,,,,,,,,,,,,,,,,,,,,,,,,,,,,,,,,,,,,,,,,,,,,,,,,,,,,,,,,,,,,756.4828733000031,756.4951878000029,756.4951878000029,756.4951878000029,756.6790075000026,None,,,,,,,,,,,,,,,,,,,,,,,,,,,,,,,,P2887,Bar_MIC,3,1,2026-05-11_17h28.42.991,MIC_task,,2026.1.2,59.486276515657686,2026-05-11 17h28.44.439398 +0200,
,,19,0,19,,,,,,,3,c18,zokni,sock,3,clothes,footwear,5.6,74,20,35,None,"(-0.1, -0.1)",None,,,,,,,,,,,,,,1,0,1,0,0,26,26,26,19,0,19,0,756.6955369000025,,,,,,,,,,,,,,,,,,,,,,,,,,,,,,,,,,,,,,,,,,,,,,,,,,,,,,,,,,,,,,,,,,,,,,,,,,,,,,,,,,,,,,,,,,,,,756.6824293000027,756.6955369000025,756.6955369000025,756.6955369000025,756.8797199,None,,,,,,,,,,,,,,,,,,,,,,,,,,,,,,,,P2887,Bar_MIC,3,1,2026-05-11_17h28.42.991,MIC_task,,2026.1.2,59.486276515657686,2026-05-11 17h28.44.439398 +0200,
,,20,0,20,,,,,,,3,c18,zokni,sock,3,clothes,footwear,5.6,74,20,35,None,"(-0.1, -0.1)",None,,,,,,,,,,,,,,1,0,1,0,0,26,26,26,20,0,20,0,756.8960021000021,,,,,,,,,,,,,,,,,,,,,,,,,,,,,,,,,,,,,,,,,,,,,,,,,,,,,,,,,,,,,,,,,,,,,,,,,,,,,,,,,,,,,,,,,,,,,756.8829858999998,756.8960021000021,756.8960021000021,756.8960021000021,757.0800048000019,None,,,,,,,,,,,,,,,,,,,,,,,,,,,,,,,,P2887,Bar_MIC,3,1,2026-05-11_17h28.42.991,MIC_task,,2026.1.2,59.486276515657686,2026-05-11 17h28.44.439398 +0200,
,,21,0,21,,,,,,,3,c18,zokni,sock,3,clothes,footwear,5.6,74,20,35,None,"(-0.1, -0.1)",None,,,,,,,,,,,,,,1,0,1,0,0,26,26,26,21,0,21,0,757.0963367000004,,,,,,,,,,,,,,,,,,,,,,,,,,,,,,,,,,,,,,,,,,,,,,,,,,,,,,,,,,,,,,,,,,,,,,,,,,,,,,,,,,,,,,,,,,,,,757.083013200001,757.0963367000004,757.0963367000004,757.0963367000004,757.2803979000018,None,,,,,,,,,,,,,,,,,,,,,,,,,,,,,,,,P2887,Bar_MIC,3,1,2026-05-11_17h28.42.991,MIC_task,,2026.1.2,59.486276515657686,2026-05-11 17h28.44.439398 +0200,
,,22,0,22,,,,,,,3,c18,zokni,sock,3,clothes,footwear,5.6,74,20,35,None,"(-0.1, -0.1)",None,,,,,,,,,,,,,,1,0,1,0,0,26,26,26,22,0,22,0,757.2966959000005,,,,,,,,,,,,,,,,,,,,,,,,,,,,,,,,,,,,,,,,,,,,,,,,,,,,,,,,,,,,,,,,,,,,,,,,,,,,,,,,,,,,,,,,,,,,,757.2837205000033,757.2966959000005,757.2966959000005,757.2966959000005,757.4807153000002,None,,,,,,,,,,,,,,,,,,,,,,,,,,,,,,,,P2887,Bar_MIC,3,1,2026-05-11_17h28.42.991,MIC_task,,2026.1.2,59.486276515657686,2026-05-11 17h28.44.439398 +0200,
,,23,0,23,,,,,,,3,c18,zokni,sock,3,clothes,footwear,5.6,74,20,35,None,"(-0.1, -0.1)",None,,,,,,,,,,,,,,1,0,1,0,0,26,26,26,23,0,23,0,757.4969442000001,,,,,,,,,,,,,,,,,,,,,,,,,,,,,,,,,,,,,,,,,,,,,,,,,,,,,,,,,,,,,,,,,,,,,,,,,,,,,,,,,,,,,,,,,,,,,757.4843569000004,757.4969442000001,757.4969442000001,757.4969442000001,757.6806358000031,None,,,,,,,,,,,,,,,,,,,,,,,,,,,,,,,,P2887,Bar_MIC,3,1,2026-05-11_17h28.42.991,MIC_task,,2026.1.2,59.486276515657686,2026-05-11 17h28.44.439398 +0200,
,,24,0,24,,,,,,,3,c18,zokni,sock,3,clothes,footwear,5.6,74,20,35,None,"(-0.1, -0.1)",None,,,,,,,,,,,,,,1,0,1,0,0,26,26,26,24,0,24,0,757.6973806000024,,,,,,,,,,,,,,,,,,,,,,,,,,,,,,,,,,,,,,,,,,,,,,,,,,,,,,,,,,,,,,,,,,,,,,,,,,,,,,,,,,,,,,,,,,,,,757.6842848000015,757.6973806000024,757.6973806000024,757.6973806000024,757.8814590000002,None,,,,,,,,,,,,,,,,,,,,,,,,,,,,,,,,P2887,Bar_MIC,3,1,2026-05-11_17h28.42.991,MIC_task,,2026.1.2,59.486276515657686,2026-05-11 17h28.44.439398 +0200,
,,25,0,25,,,,,,,3,c18,zokni,sock,3,clothes,footwear,5.6,74,20,35,None,"(-0.1, -0.1)",None,,,,,,,,,,,,,,1,0,1,0,0,26,26,26,25,0,25,0,757.8977646000021,,,,,,,,,,,,,,,,,,,,,,,,,,,,,,,,,,,,,,,,,,,,,,,,,,,,,,,,,,,,,,,,,,,,,,,,,,,,,,,,,,,,,,,,,,,,,757.8848033000031,757.8977646000021,757.8977646000021,757.8977646000021,758.0821032000022,None,,,,,,,,,,,,,,,,,,,,,,,,,,,,,,,,P2887,Bar_MIC,3,1,2026-05-11_17h28.42.991,MIC_task,,2026.1.2,59.486276515657686,2026-05-11 17h28.44.439398 +0200,
,,26,0,26,,,,,,,3,c18,zokni,sock,3,clothes,footwear,5.6,74,20,35,None,"(-0.1, -0.1)",None,,,,,,,,,,,,,,1,0,1,0,0,26,26,26,26,0,26,0,758.0973697000009,,,,,,,,,,,,,,,,,,,,,,,,,,,,,,,,,,,,,,,,,,,,,,,,,,,,,,,,,,,,,,,,,,,,,,,,,,,,,,,,,,,,,,,,,,,,,758.0852998000009,758.0973697000009,758.0973697000009,758.0973697000009,758.2822332000032,None,,,,,,,,,,,,,,,,,,,,,,,,,,,,,,,,P2887,Bar_MIC,3,1,2026-05-11_17h28.42.991,MIC_task,,2026.1.2,59.486276515657686,2026-05-11 17h28.44.439398 +0200,
,,27,0,27,,,,,,,3,c18,zokni,sock,3,clothes,footwear,5.6,74,20,35,None,"(-0.1, -0.1)",None,,,,,,,,,,,,,,1,0,1,0,0,26,26,26,27,0,27,0,758.2978111000011,,,,,,,,,,,,,,,,,,,,,,,,,,,,,,,,,,,,,,,,,,,,,,,,,,,,,,,,,,,,,,,,,,,,,,,,,,,,,,,,,,,,,,,,,,,,,758.2856091000031,758.2978111000011,758.2978111000011,758.2978111000011,758.481515200001,None,,,,,,,,,,,,,,,,,,,,,,,,,,,,,,,,P2887,Bar_MIC,3,1,2026-05-11_17h28.42.991,MIC_task,,2026.1.2,59.486276515657686,2026-05-11 17h28.44.439398 +0200,
,,28,0,28,,,,,,,3,c18,zokni,sock,3,clothes,footwear,5.6,74,20,35,None,"(-0.1, -0.1)",space,0.039937300000019604,None,,,,,,,,,,,,1,0,1,0,0,26,26,26,28,0,28,0,758.4981659000005,,,,,,,,,,,,,,,,,,,,,,,,,,,,,,,,,,,,,,,,,,,,,,,,,,,,,,,,,,,,,,,,,,,,,,,,,,,,,,,,,,,,,,,,,,,,,758.4849513000008,758.4981659000005,758.4981659000005,758.4981659000005,758.5495401000007,space,0.039937300000019604,None,,,,,,,,,,,,,,,,,,,,,,,,,,,,,,P2887,Bar_MIC,3,1,2026-05-11_17h28.42.991,MIC_task,,2026.1.2,59.486276515657686,2026-05-11 17h28.44.439398 +0200,
,,26,26,0,,,,space,0.7751701999986835,None,3,c18,zokni,sock,3,clothes,footwear,5.6,74,20,35,None,"(-0.1, -0.1)",,,,,,,,,,,,,,,1,0,1,0,0,26,26,26,,,,,,,,,,,,,,,,,,,,,,,,,,,,,,,,,,,,,,,,,,,,,,,,,,,,,,,,,,,,,,,,,,,,,,,,,,,,,,,,,758.6057196000002,758.611374600001,758.6153138666677,760.5515121999997,,,,,,762.5557208000027,762.5711305000004,762.5711305000004,763.3569607999998,,,,,,,,,,,,,760.5782807000032,760.5836307999998,760.5847297333353,762.4712299000021,762.5556744000023,space,0.7751701999986835,None,,,,,,,,,,,,,,,,,,,,,,P2887,Bar_MIC,3,1,2026-05-11_17h28.42.991,MIC_task,,2026.1.2,59.486276515657686,2026-05-11 17h28.44.439398 +0200,
,,0,0,0,,,,,,,3,t26,gitár,guitar,8,tools,instrument,6.4,19,None,63,None,"(0.1, 0.1)",None,,,,,,,,,,,,,,1,0,1,0,0,27,27,27,0,0,0,0,763.3726500000012,,,,,,,,,,,,,,,,,,,,,,,,,,,,,,,,,,,,,,,,,,,,,,,,,,,,,,,,,,,,,,,,,,,,,,,,,,,,,,,,,,,,,,,,,,,,,763.3598048000022,763.3726500000012,763.3726500000012,763.3726500000012,763.5571212000032,None,,,,,,,,,,,763.5731014000012,763.5731014000012,763.5731014000012,,,,,,,,,,,,,,,,,,,P2887,Bar_MIC,3,1,2026-05-11_17h28.42.991,MIC_task,,2026.1.2,59.486276515657686,2026-05-11 17h28.44.439398 +0200,
,,0,0,0,,,,,,,3,t26,gitár,guitar,8,tools,instrument,6.4,19,None,63,None,"(0.1, 0.1)",None,,,,,,,,,,,,,,1,0,1,0,0,27,27,27,0,0,0,0,763.5731014000012,,,,,,,,,,,,,,,,,,,,,,,,,,,,,,,,,,,,,,,,,,,,,,,,,,,,,,,,,,,,,,,,,,,,,,,,,,,,,,,,,,,,,,,,,,,,,763.5601185000014,763.5731014000012,763.5731014000012,763.5731014000012,763.7573529000001,None,,,,,,,,,,,763.7733321000014,763.7733321000014,763.7733321000014,,,,,,,,,,,,,,,,,,,P2887,Bar_MIC,3,1,2026-05-11_17h28.42.991,MIC_task,,2026.1.2,59.486276515657686,2026-05-11 17h28.44.439398 +0200,
,,1,0,1,,,,,,,3,t26,gitár,guitar,8,tools,instrument,6.4,19,None,63,None,"(0.1, 0.1)",None,,,,,,,,,,,,,,1,0,1,0,0,27,27,27,1,0,1,0,763.7733321000014,,,,,,,,,,,,,,,,,,,,,,,,,,,,,,,,,,,,,,,,,,,,,,,,,,,,,,,,,,,,,,,,,,,,,,,,,,,,,,,,,,,,,,,,,,,,,763.760156700002,763.7733321000014,763.7733321000014,763.7733321000014,763.9580940000014,None,,,,,,,,,,,,,,,,,,,,,,,,,,,,,,,,P2887,Bar_MIC,3,1,2026-05-11_17h28.42.991,MIC_task,,2026.1.2,59.486276515657686,2026-05-11 17h28.44.439398 +0200,
,,2,0,2,,,,,,,3,t26,gitár,guitar,8,tools,instrument,6.4,19,None,63,None,"(0.1, 0.1)",None,,,,,,,,,,,,,,1,0,1,0,0,27,27,27,2,0,2,0,763.9737479000032,,,,,,,,,,,,,,,,,,,,,,,,,,,,,,,,,,,,,,,,,,,,,,,,,,,,,,,,,,,,,,,,,,,,,,,,,,,,,,,,,,,,,,,,,,,,,763.9617162000031,763.9737479000032,763.9737479000032,763.9737479000032,764.1581882999999,None,,,,,,,,,,,,,,,,,,,,,,,,,,,,,,,,P2887,Bar_MIC,3,1,2026-05-11_17h28.42.991,MIC_task,,2026.1.2,59.486276515657686,2026-05-11 17h28.44.439398 +0200,
,,3,0,3,,,,,,,3,t26,gitár,guitar,8,tools,instrument,6.4,19,None,63,None,"(0.1, 0.1)",None,,,,,,,,,,,,,,1,0,1,0,0,27,27,27,3,0,3,0,764.174119000003,,,,,,,,,,,,,,,,,,,,,,,,,,,,,,,,,,,,,,,,,,,,,,,,,,,,,,,,,,,,,,,,,,,,,,,,,,,,,,,,,,,,,,,,,,,,,764.1616350000004,764.174119000003,764.174119000003,764.174119000003,764.3582356000006,None,,,,,,,,,,,,,,,,,,,,,,,,,,,,,,,,P2887,Bar_MIC,3,1,2026-05-11_17h28.42.991,MIC_task,,2026.1.2,59.486276515657686,2026-05-11 17h28.44.439398 +0200,
,,4,0,4,,,,,,,3,t26,gitár,guitar,8,tools,instrument,6.4,19,None,63,None,"(0.1, 0.1)",None,,,,,,,,,,,,,,1,0,1,0,0,27,27,27,4,0,4,0,764.3737768999999,,,,,,,,,,,,,,,,,,,,,,,,,,,,,,,,,,,,,,,,,,,,,,,,,,,,,,,,,,,,,,,,,,,,,,,,,,,,,,,,,,,,,,,,,,,,,764.3616249000006,764.3737768999999,764.3737768999999,764.3737768999999,764.5586293000015,None,,,,,,,,,,,,,,,,,,,,,,,,,,,,,,,,P2887,Bar_MIC,3,1,2026-05-11_17h28.42.991,MIC_task,,2026.1.2,59.486276515657686,2026-05-11 17h28.44.439398 +0200,
,,5,0,5,,,,,,,3,t26,gitár,guitar,8,tools,instrument,6.4,19,None,63,None,"(0.1, 0.1)",None,,,,,,,,,,,,,,1,0,1,0,0,27,27,27,5,0,5,0,764.574121200003,,,,,,,,,,,,,,,,,,,,,,,,,,,,,,,,,,,,,,,,,,,,,,,,,,,,,,,,,,,,,,,,,,,,,,,,,,,,,,,,,,,,,,,,,,,,,764.5614685,764.574121200003,764.574121200003,764.574121200003,764.7591279000007,None,,,,,,,,,,,,,,,,,,,,,,,,,,,,,,,,P2887,Bar_MIC,3,1,2026-05-11_17h28.42.991,MIC_task,,2026.1.2,59.486276515657686,2026-05-11 17h28.44.439398 +0200,
,,6,0,6,,,,,,,3,t26,gitár,guitar,8,tools,instrument,6.4,19,None,63,None,"(0.1, 0.1)",None,,,,,,,,,,,,,,1,0,1,0,0,27,27,27,6,0,6,0,764.7744976000031,,,,,,,,,,,,,,,,,,,,,,,,,,,,,,,,,,,,,,,,,,,,,,,,,,,,,,,,,,,,,,,,,,,,,,,,,,,,,,,,,,,,,,,,,,,,,764.7620166000015,764.7744976000031,764.7744976000031,764.7744976000031,764.9582210000008,None,,,,,,,,,,,,,,,,,,,,,,,,,,,,,,,,P2887,Bar_MIC,3,1,2026-05-11_17h28.42.991,MIC_task,,2026.1.2,59.486276515657686,2026-05-11 17h28.44.439398 +0200,
,,7,0,7,,,,,,,3,t26,gitár,guitar,8,tools,instrument,6.4,19,None,63,None,"(0.1, 0.1)",None,,,,,,,,,,,,,,1,0,1,0,0,27,27,27,7,0,7,0,764.9748516,,,,,,,,,,,,,,,,,,,,,,,,,,,,,,,,,,,,,,,,,,,,,,,,,,,,,,,,,,,,,,,,,,,,,,,,,,,,,,,,,,,,,,,,,,,,,764.961156100002,764.9748516,764.9748516,764.9748516,765.1587018999999,None,,,,,,,,,,,,,,,,,,,,,,,,,,,,,,,,P2887,Bar_MIC,3,1,2026-05-11_17h28.42.991,MIC_task,,2026.1.2,59.486276515657686,2026-05-11 17h28.44.439398 +0200,
,,8,0,8,,,,,,,3,t26,gitár,guitar,8,tools,instrument,6.4,19,None,63,None,"(0.1, 0.1)",None,,,,,,,,,,,,,,1,0,1,0,0,27,27,27,8,0,8,0,765.1752570000026,,,,,,,,,,,,,,,,,,,,,,,,,,,,,,,,,,,,,,,,,,,,,,,,,,,,,,,,,,,,,,,,,,,,,,,,,,,,,,,,,,,,,,,,,,,,,765.1618138000013,765.1752570000026,765.1752570000026,765.1752570000026,765.3591019000014,None,,,,,,,,,,,,,,,,,,,,,,,,,,,,,,,,P2887,Bar_MIC,3,1,2026-05-11_17h28.42.991,MIC_task,,2026.1.2,59.486276515657686,2026-05-11 17h28.44.439398 +0200,
,,9,0,9,,,,,,,3,t26,gitár,guitar,8,tools,instrument,6.4,19,None,63,None,"(0.1, 0.1)",None,,,,,,,,,,,,,,1,0,1,0,0,27,27,27,9,0,9,0,765.3756313000013,,,,,,,,,,,,,,,,,,,,,,,,,,,,,,,,,,,,,,,,,,,,,,,,,,,,,,,,,,,,,,,,,,,,,,,,,,,,,,,,,,,,,,,,,,,,,765.3620005000012,765.3756313000013,765.3756313000013,765.3756313000013,765.559885900002,None,,,,,,,,,,,,,,,,,,,,,,,,,,,,,,,,P2887,Bar_MIC,3,1,2026-05-11_17h28.42.991,MIC_task,,2026.1.2,59.486276515657686,2026-05-11 17h28.44.439398 +0200,
,,10,0,10,,,,,,,3,t26,gitár,guitar,8,tools,instrument,6.4,19,None,63,None,"(0.1, 0.1)",None,,,,,,,,,,,,,,1,0,1,0,0,27,27,27,10,0,10,0,765.5758581000009,,,,,,,,,,,,,,,,,,,,,,,,,,,,,,,,,,,,,,,,,,,,,,,,,,,,,,,,,,,,,,,,,,,,,,,,,,,,,,,,,,,,,,,,,,,,,765.5631196000031,765.5758581000009,765.5758581000009,765.5758581000009,765.7601431000003,None,,,,,,,,,,,,,,,,,,,,,,,,,,,,,,,,P2887,Bar_MIC,3,1,2026-05-11_17h28.42.991,MIC_task,,2026.1.2,59.486276515657686,2026-05-11 17h28.44.439398 +0200,
,,11,0,11,,,,,,,3,t26,gitár,guitar,8,tools,instrument,6.4,19,None,63,None,"(0.1, 0.1)",None,,,,,,,,,,,,,,1,0,1,0,0,27,27,27,11,0,11,0,765.7762324000032,,,,,,,,,,,,,,,,,,,,,,,,,,,,,,,,,,,,,,,,,,,,,,,,,,,,,,,,,,,,,,,,,,,,,,,,,,,,,,,,,,,,,,,,,,,,,765.7632937000017,765.7762324000032,765.7762324000032,765.7762324000032,765.9605239000011,None,,,,,,,,,,,,,,,,,,,,,,,,,,,,,,,,P2887,Bar_MIC,3,1,2026-05-11_17h28.42.991,MIC_task,,2026.1.2,59.486276515657686,2026-05-11 17h28.44.439398 +0200,
,,12,0,12,,,,,,,3,t26,gitár,guitar,8,tools,instrument,6.4,19,None,63,None,"(0.1, 0.1)",None,,,,,,,,,,,,,,1,0,1,0,0,27,27,27,12,0,12,0,765.9767756000001,,,,,,,,,,,,,,,,,,,,,,,,,,,,,,,,,,,,,,,,,,,,,,,,,,,,,,,,,,,,,,,,,,,,,,,,,,,,,,,,,,,,,,,,,,,,,765.9637493000009,765.9767756000001,765.9767756000001,765.9767756000001,766.1607691000027,None,,,,,,,,,,,,,,,,,,,,,,,,,,,,,,,,P2887,Bar_MIC,3,1,2026-05-11_17h28.42.991,MIC_task,,2026.1.2,59.486276515657686,2026-05-11 17h28.44.439398 +0200,
,,13,0,13,,,,,,,3,t26,gitár,guitar,8,tools,instrument,6.4,19,None,63,None,"(0.1, 0.1)",None,,,,,,,,,,,,,,1,0,1,0,0,27,27,27,13,0,13,0,766.1771296000006,,,,,,,,,,,,,,,,,,,,,,,,,,,,,,,,,,,,,,,,,,,,,,,,,,,,,,,,,,,,,,,,,,,,,,,,,,,,,,,,,,,,,,,,,,,,,766.1636042999999,766.1771296000006,766.1771296000006,766.1771296000006,766.3611431000027,None,,,,,,,,,,,,,,,,,,,,,,,,,,,,,,,,P2887,Bar_MIC,3,1,2026-05-11_17h28.42.991,MIC_task,,2026.1.2,59.486276515657686,2026-05-11 17h28.44.439398 +0200,
,,14,0,14,,,,,,,3,t26,gitár,guitar,8,tools,instrument,6.4,19,None,63,None,"(0.1, 0.1)",None,,,,,,,,,,,,,,1,0,1,0,0,27,27,27,14,0,14,0,766.3766791000016,,,,,,,,,,,,,,,,,,,,,,,,,,,,,,,,,,,,,,,,,,,,,,,,,,,,,,,,,,,,,,,,,,,,,,,,,,,,,,,,,,,,,,,,,,,,,766.3644992000009,766.3766791000016,766.3766791000016,766.3766791000016,766.5613986999997,None,,,,,,,,,,,,,,,,,,,,,,,,,,,,,,,,P2887,Bar_MIC,3,1,2026-05-11_17h28.42.991,MIC_task,,2026.1.2,59.486276515657686,2026-05-11 17h28.44.439398 +0200,
,,15,0,15,,,,,,,3,t26,gitár,guitar,8,tools,instrument,6.4,19,None,63,None,"(0.1, 0.1)",None,,,,,,,,,,,,,,1,0,1,0,0,27,27,27,15,0,15,0,766.577107000001,,,,,,,,,,,,,,,,,,,,,,,,,,,,,,,,,,,,,,,,,,,,,,,,,,,,,,,,,,,,,,,,,,,,,,,,,,,,,,,,,,,,,,,,,,,,,766.5648508000013,766.577107000001,766.577107000001,766.577107000001,766.7608005000002,None,,,,,,,,,,,,,,,,,,,,,,,,,,,,,,,,P2887,Bar_MIC,3,1,2026-05-11_17h28.42.991,MIC_task,,2026.1.2,59.486276515657686,2026-05-11 17h28.44.439398 +0200,
,,16,0,16,,,,,,,3,t26,gitár,guitar,8,tools,instrument,6.4,19,None,63,None,"(0.1, 0.1)",None,,,,,,,,,,,,,,1,0,1,0,0,27,27,27,16,0,16,0,766.7774261000013,,,,,,,,,,,,,,,,,,,,,,,,,,,,,,,,,,,,,,,,,,,,,,,,,,,,,,,,,,,,,,,,,,,,,,,,,,,,,,,,,,,,,,,,,,,,,766.7643435000027,766.7774261000013,766.7774261000013,766.7774261000013,766.9623763000018,None,,,,,,,,,,,,,,,,,,,,,,,,,,,,,,,,P2887,Bar_MIC,3,1,2026-05-11_17h28.42.991,MIC_task,,2026.1.2,59.486276515657686,2026-05-11 17h28.44.439398 +0200,
,,17,0,17,,,,,,,3,t26,gitár,guitar,8,tools,instrument,6.4,19,None,63,None,"(0.1, 0.1)",None,,,,,,,,,,,,,,1,0,1,0,0,27,27,27,17,0,17,0,766.9777797000024,,,,,,,,,,,,,,,,,,,,,,,,,,,,,,,,,,,,,,,,,,,,,,,,,,,,,,,,,,,,,,,,,,,,,,,,,,,,,,,,,,,,,,,,,,,,,766.9656482000028,766.9777797000024,766.9777797000024,766.9777797000024,767.1615784000023,None,,,,,,,,,,,,,,,,,,,,,,,,,,,,,,,,P2887,Bar_MIC,3,1,2026-05-11_17h28.42.991,MIC_task,,2026.1.2,59.486276515657686,2026-05-11 17h28.44.439398 +0200,
,,18,0,18,,,,,,,3,t26,gitár,guitar,8,tools,instrument,6.4,19,None,63,None,"(0.1, 0.1)",space,0.004770800002006581,None,,,,,,,,,,,,1,0,1,0,0,27,27,27,18,0,18,0,767.1782167000019,,,,,,,,,,,,,,,,,,,,,,,,,,,,,,,,,,,,,,,,,,,,,,,,,,,,,,,,,,,,,,,,,,,,,,,,,,,,,,,,,,,,,,,,,,,,,767.1647475999998,767.1782167000019,767.1782167000019,767.1782167000019,767.1963722,space,0.004770800002006581,None,,,,,,,,,,,,,,,,,,,,,,,,,,,,,,P2887,Bar_MIC,3,1,2026-05-11_17h28.42.991,MIC_task,,2026.1.2,59.486276515657686,2026-05-11 17h28.44.439398 +0200,
,,27,27,0,,,,space,0.7115651999993133,None,3,t26,gitár,guitar,8,tools,instrument,6.4,19,None,63,None,"(0.1, 0.1)",,,,,,,,,,,,,,,1,0,1,0,0,27,27,27,,,,,,,,,,,,,,,,,,,,,,,,,,,,,,,,,,,,,,,,,,,,,,,,,,,,,,,,,,,,,,,,,,,,,,,,,,,,,,,,,767.2533371000027,767.2588901000017,767.2621582666698,769.1985287000025,,,,,,771.2010738999998,771.2180117999997,771.2180117999997,771.9367607000022,,,,,,,,,,,,,769.226465900003,769.2310728000011,769.2317373333358,771.1178114000031,771.2010257000002,space,0.7115651999993133,None,,,,,,,,,,,,,,,,,,,,,,P2887,Bar_MIC,3,1,2026-05-11_17h28.42.991,MIC_task,,2026.1.2,59.486276515657686,2026-05-11 17h28.44.439398 +0200,
,,0,0,0,,,,,,,3,l09,kastély,castle,5,location,facilities,5.8,10,None,114,None,"(-0.1, 0)",None,,,,,,,,,,,,,,1,0,1,0,0,28,28,28,0,0,0,0,771.9521244000025,,,,,,,,,,,,,,,,,,,,,,,,,,,,,,,,,,,,,,,,,,,,,,,,,,,,,,,,,,,,,,,,,,,,,,,,,,,,,,,,,,,,,,,,,,,,,771.940574100001,771.9521244000025,771.9521244000025,771.9521244000025,772.1363564000021,None,,,,,,,,,,,772.1525453000031,772.1525453000031,772.1525453000031,,,,,,,,,,,,,,,,,,,P2887,Bar_MIC,3,1,2026-05-11_17h28.42.991,MIC_task,,2026.1.2,59.486276515657686,2026-05-11 17h28.44.439398 +0200,
,,0,0,0,,,,,,,3,l09,kastély,castle,5,location,facilities,5.8,10,None,114,None,"(-0.1, 0)",None,,,,,,,,,,,,,,1,0,1,0,0,28,28,28,0,0,0,0,772.1525453000031,,,,,,,,,,,,,,,,,,,,,,,,,,,,,,,,,,,,,,,,,,,,,,,,,,,,,,,,,,,,,,,,,,,,,,,,,,,,,,,,,,,,,,,,,,,,,772.1393411000026,772.1525453000031,772.1525453000031,772.1525453000031,772.3368246000027,None,,,,,,,,,,,772.3529015000022,772.3529015000022,772.3529015000022,,,,,,,,,,,,,,,,,,,P2887,Bar_MIC,3,1,2026-05-11_17h28.42.991,MIC_task,,2026.1.2,59.486276515657686,2026-05-11 17h28.44.439398 +0200,
,,1,0,1,,,,,,,3,l09,kastély,castle,5,location,facilities,5.8,10,None,114,None,"(-0.1, 0)",None,,,,,,,,,,,,,,1,0,1,0,0,28,28,28,1,0,1,0,772.3529015000022,,,,,,,,,,,,,,,,,,,,,,,,,,,,,,,,,,,,,,,,,,,,,,,,,,,,,,,,,,,,,,,,,,,,,,,,,,,,,,,,,,,,,,,,,,,,,772.3398149000022,772.3529015000022,772.3529015000022,772.3529015000022,772.5372319000016,None,,,,,,,,,,,772.5532267000017,772.5532267000017,772.5532267000017,,,,,,,,,,,,,,,,,,,P2887,Bar_MIC,3,1,2026-05-11_17h28.42.991,MIC_task,,2026.1.2,59.486276515657686,2026-05-11 17h28.44.439398 +0200,
,,2,0,2,,,,,,,3,l09,kastély,castle,5,location,facilities,5.8,10,None,114,None,"(-0.1, 0)",None,,,,,,,,,,,,,,1,0,1,0,0,28,28,28,2,0,2,0,772.5532267000017,,,,,,,,,,,,,,,,,,,,,,,,,,,,,,,,,,,,,,,,,,,,,,,,,,,,,,,,,,,,,,,,,,,,,,,,,,,,,,,,,,,,,,,,,,,,,772.5404570000028,772.5532267000017,772.5532267000017,772.5532267000017,772.7371463000018,None,,,,,,,,,,,,,,,,,,,,,,,,,,,,,,,,P2887,Bar_MIC,3,1,2026-05-11_17h28.42.991,MIC_task,,2026.1.2,59.486276515657686,2026-05-11 17h28.44.439398 +0200,
,,3,0,3,,,,,,,3,l09,kastély,castle,5,location,facilities,5.8,10,None,114,None,"(-0.1, 0)",None,,,,,,,,,,,,,,1,0,1,0,0,28,28,28,3,0,3,0,772.7535239000026,,,,,,,,,,,,,,,,,,,,,,,,,,,,,,,,,,,,,,,,,,,,,,,,,,,,,,,,,,,,,,,,,,,,,,,,,,,,,,,,,,,,,,,,,,,,,772.7407199000008,772.7535239000026,772.7535239000026,772.7535239000026,772.9378488000002,None,,,,,,,,,,,,,,,,,,,,,,,,,,,,,,,,P2887,Bar_MIC,3,1,2026-05-11_17h28.42.991,MIC_task,,2026.1.2,59.486276515657686,2026-05-11 17h28.44.439398 +0200,
,,4,0,4,,,,,,,3,l09,kastély,castle,5,location,facilities,5.8,10,None,114,None,"(-0.1, 0)",None,,,,,,,,,,,,,,1,0,1,0,0,28,28,28,4,0,4,0,772.9538737000003,,,,,,,,,,,,,,,,,,,,,,,,,,,,,,,,,,,,,,,,,,,,,,,,,,,,,,,,,,,,,,,,,,,,,,,,,,,,,,,,,,,,,,,,,,,,,772.9409016000027,772.9538737000003,772.9538737000003,772.9538737000003,773.1379482000011,None,,,,,,,,,,,,,,,,,,,,,,,,,,,,,,,,P2887,Bar_MIC,3,1,2026-05-11_17h28.42.991,MIC_task,,2026.1.2,59.486276515657686,2026-05-11 17h28.44.439398 +0200,
,,5,0,5,,,,,,,3,l09,kastély,castle,5,location,facilities,5.8,10,None,114,None,"(-0.1, 0)",None,,,,,,,,,,,,,,1,0,1,0,0,28,28,28,5,0,5,0,773.1542925000031,,,,,,,,,,,,,,,,,,,,,,,,,,,,,,,,,,,,,,,,,,,,,,,,,,,,,,,,,,,,,,,,,,,,,,,,,,,,,,,,,,,,,,,,,,,,,773.1408576000031,773.1542925000031,773.1542925000031,773.1542925000031,773.3383599000008,None,,,,,,,,,,,,,,,,,,,,,,,,,,,,,,,,P2887,Bar_MIC,3,1,2026-05-11_17h28.42.991,MIC_task,,2026.1.2,59.486276515657686,2026-05-11 17h28.44.439398 +0200,
,,6,0,6,,,,,,,3,l09,kastély,castle,5,location,facilities,5.8,10,None,114,None,"(-0.1, 0)",None,,,,,,,,,,,,,,1,0,1,0,0,28,28,28,6,0,6,0,773.3539605000005,,,,,,,,,,,,,,,,,,,,,,,,,,,,,,,,,,,,,,,,,,,,,,,,,,,,,,,,,,,,,,,,,,,,,,,,,,,,,,,,,,,,,,,,,,,,,773.3414493000018,773.3539605000005,773.3539605000005,773.3539605000005,773.5387753000032,None,,,,,,,,,,,,,,,,,,,,,,,,,,,,,,,,P2887,Bar_MIC,3,1,2026-05-11_17h28.42.991,MIC_task,,2026.1.2,59.486276515657686,2026-05-11 17h28.44.439398 +0200,
,,7,0,7,,,,,,,3,l09,kastély,castle,5,location,facilities,5.8,10,None,114,None,"(-0.1, 0)",None,,,,,,,,,,,,,,1,0,1,0,0,28,28,28,7,0,7,0,773.5544050000026,,,,,,,,,,,,,,,,,,,,,,,,,,,,,,,,,,,,,,,,,,,,,,,,,,,,,,,,,,,,,,,,,,,,,,,,,,,,,,,,,,,,,,,,,,,,,773.542314600003,773.5544050000026,773.5544050000026,773.5544050000026,773.738099000002,None,,,,,,,,,,,,,,,,,,,,,,,,,,,,,,,,P2887,Bar_MIC,3,1,2026-05-11_17h28.42.991,MIC_task,,2026.1.2,59.486276515657686,2026-05-11 17h28.44.439398 +0200,
,,8,0,8,,,,,,,3,l09,kastély,castle,5,location,facilities,5.8,10,None,114,None,"(-0.1, 0)",None,,,,,,,,,,,,,,1,0,1,0,0,28,28,28,8,0,8,0,773.7546980000006,,,,,,,,,,,,,,,,,,,,,,,,,,,,,,,,,,,,,,,,,,,,,,,,,,,,,,,,,,,,,,,,,,,,,,,,,,,,,,,,,,,,,,,,,,,,,773.7417087000031,773.7546980000006,773.7546980000006,773.7546980000006,773.9396646000023,None,,,,,,,,,,,,,,,,,,,,,,,,,,,,,,,,P2887,Bar_MIC,3,1,2026-05-11_17h28.42.991,MIC_task,,2026.1.2,59.486276515657686,2026-05-11 17h28.44.439398 +0200,
,,9,0,9,,,,,,,3,l09,kastély,castle,5,location,facilities,5.8,10,None,114,None,"(-0.1, 0)",None,,,,,,,,,,,,,,1,0,1,0,0,28,28,28,9,0,9,0,773.9550548000007,,,,,,,,,,,,,,,,,,,,,,,,,,,,,,,,,,,,,,,,,,,,,,,,,,,,,,,,,,,,,,,,,,,,,,,,,,,,,,,,,,,,,,,,,,,,,773.9429256000003,773.9550548000007,773.9550548000007,773.9550548000007,774.1388261000029,None,,,,,,,,,,,,,,,,,,,,,,,,,,,,,,,,P2887,Bar_MIC,3,1,2026-05-11_17h28.42.991,MIC_task,,2026.1.2,59.486276515657686,2026-05-11 17h28.44.439398 +0200,
,,10,0,10,,,,,,,3,l09,kastély,castle,5,location,facilities,5.8,10,None,114,None,"(-0.1, 0)",None,,,,,,,,,,,,,,1,0,1,0,0,28,28,28,10,0,10,0,774.1554681000016,,,,,,,,,,,,,,,,,,,,,,,,,,,,,,,,,,,,,,,,,,,,,,,,,,,,,,,,,,,,,,,,,,,,,,,,,,,,,,,,,,,,,,,,,,,,,774.1423189000016,774.1554681000016,774.1554681000016,774.1554681000016,774.3391897000001,None,,,,,,,,,,,,,,,,,,,,,,,,,,,,,,,,P2887,Bar_MIC,3,1,2026-05-11_17h28.42.991,MIC_task,,2026.1.2,59.486276515657686,2026-05-11 17h28.44.439398 +0200,
,,11,0,11,,,,,,,3,l09,kastély,castle,5,location,facilities,5.8,10,None,114,None,"(-0.1, 0)",None,,,,,,,,,,,,,,1,0,1,0,0,28,28,28,11,0,11,0,774.3558850000009,,,,,,,,,,,,,,,,,,,,,,,,,,,,,,,,,,,,,,,,,,,,,,,,,,,,,,,,,,,,,,,,,,,,,,,,,,,,,,,,,,,,,,,,,,,,,774.3426781000016,774.3558850000009,774.3558850000009,774.3558850000009,774.539553300001,None,,,,,,,,,,,,,,,,,,,,,,,,,,,,,,,,P2887,Bar_MIC,3,1,2026-05-11_17h28.42.991,MIC_task,,2026.1.2,59.486276515657686,2026-05-11 17h28.44.439398 +0200,
,,12,0,12,,,,,,,3,l09,kastély,castle,5,location,facilities,5.8,10,None,114,None,"(-0.1, 0)",None,,,,,,,,,,,,,,1,0,1,0,0,28,28,28,12,0,12,0,774.5561671000032,,,,,,,,,,,,,,,,,,,,,,,,,,,,,,,,,,,,,,,,,,,,,,,,,,,,,,,,,,,,,,,,,,,,,,,,,,,,,,,,,,,,,,,,,,,,,774.543208500003,774.5561671000032,774.5561671000032,774.5561671000032,774.7402066000031,None,,,,,,,,,,,,,,,,,,,,,,,,,,,,,,,,P2887,Bar_MIC,3,1,2026-05-11_17h28.42.991,MIC_task,,2026.1.2,59.486276515657686,2026-05-11 17h28.44.439398 +0200,
,,13,0,13,,,,,,,3,l09,kastély,castle,5,location,facilities,5.8,10,None,114,None,"(-0.1, 0)",None,,,,,,,,,,,,,,1,0,1,0,0,28,28,28,13,0,13,0,774.7566168000012,,,,,,,,,,,,,,,,,,,,,,,,,,,,,,,,,,,,,,,,,,,,,,,,,,,,,,,,,,,,,,,,,,,,,,,,,,,,,,,,,,,,,,,,,,,,,774.7436429000009,774.7566168000012,774.7566168000012,774.7566168000012,774.9404620000023,None,,,,,,,,,,,,,,,,,,,,,,,,,,,,,,,,P2887,Bar_MIC,3,1,2026-05-11_17h28.42.991,MIC_task,,2026.1.2,59.486276515657686,2026-05-11 17h28.44.439398 +0200,
,,14,0,14,,,,,,,3,l09,kastély,castle,5,location,facilities,5.8,10,None,114,None,"(-0.1, 0)",None,,,,,,,,,,,,,,1,0,1,0,0,28,28,28,14,0,14,0,774.9569630000005,,,,,,,,,,,,,,,,,,,,,,,,,,,,,,,,,,,,,,,,,,,,,,,,,,,,,,,,,,,,,,,,,,,,,,,,,,,,,,,,,,,,,,,,,,,,,774.9436299000008,774.9569630000005,774.9569630000005,774.9569630000005,775.1414755000005,None,,,,,,,,,,,,,,,,,,,,,,,,,,,,,,,,P2887,Bar_MIC,3,1,2026-05-11_17h28.42.991,MIC_task,,2026.1.2,59.486276515657686,2026-05-11 17h28.44.439398 +0200,
,,15,0,15,,,,,,,3,l09,kastély,castle,5,location,facilities,5.8,10,None,114,None,"(-0.1, 0)",space,0.16303360000165412,None,,,,,,,,,,,,1,0,1,0,0,28,28,28,15,0,15,0,775.1573054,,,,,,,,,,,,,,,,,,,,,,,,,,,,,,,,,,,,,,,,,,,,,,,,,,,,,,,,,,,,,,,,,,,,,,,,,,,,,,,,,,,,,,,,,,,,,775.1445826000017,775.1573054,775.1573054,775.1573054,775.3256559000001,space,0.16303360000165412,None,,,,,,,,,,,,,,,,,,,,,,,,,,,,,,P2887,Bar_MIC,3,1,2026-05-11_17h28.42.991,MIC_task,,2026.1.2,59.486276515657686,2026-05-11 17h28.44.439398 +0200,
,,28,28,0,,,,space,0.15134909999687807,None,3,l09,kastély,castle,5,location,facilities,5.8,10,None,114,None,"(-0.1, 0)",,,,,,,,,,,,,,,1,0,1,0,0,28,28,28,,,,,,,,,,,,,,,,,,,,,,,,,,,,,,,,,,,,,,,,,,,,,,,,,,,,,,,,,,,,,,,,,,,,,,,,,,,,,,,,,775.3810144000017,775.387174200001,775.3915182666688,777.3277957999999,,,,,,779.3306560000019,779.3475986000012,779.3475986000012,779.5147444000031,,,,,,,,,,,,,777.3568720000003,777.361661400002,777.3610090333354,779.2467681000016,779.3306088000027,space,0.15134909999687807,None,,,,,,,,,,,,,,,,,,,,,,P2887,Bar_MIC,3,1,2026-05-11_17h28.42.991,MIC_task,,2026.1.2,59.486276515657686,2026-05-11 17h28.44.439398 +0200,
,,0,0,0,,,,,,,3,v07,hajó,ship,10,vehicles,watercraft,7,None,None,46,21,"(0, -0.1)",None,,,,,,,,,,,,,,1,0,1,0,0,29,29,29,0,0,0,0,779.5304494000011,,,,,,,,,,,,,,,,,,,,,,,,,,,,,,,,,,,,,,,,,,,,,,,,,,,,,,,,,,,,,,,,,,,,,,,,,,,,,,,,,,,,,,,,,,,,,779.5177863000026,779.5304494000011,779.5304494000011,779.5304494000011,779.7149739000015,None,,,,,,,,,,,779.7308083999997,779.7308083999997,779.7308083999997,,,,,,,,,,,,,,,,,,,P2887,Bar_MIC,3,1,2026-05-11_17h28.42.991,MIC_task,,2026.1.2,59.486276515657686,2026-05-11 17h28.44.439398 +0200,
,,0,0,0,,,,,,,3,v07,hajó,ship,10,vehicles,watercraft,7,None,None,46,21,"(0, -0.1)",None,,,,,,,,,,,,,,1,0,1,0,0,29,29,29,0,0,0,0,779.7308083999997,,,,,,,,,,,,,,,,,,,,,,,,,,,,,,,,,,,,,,,,,,,,,,,,,,,,,,,,,,,,,,,,,,,,,,,,,,,,,,,,,,,,,,,,,,,,,779.7179274000009,779.7308083999997,779.7308083999997,779.7308083999997,779.9151667000006,None,,,,,,,,,,,779.9310680000017,779.9310680000017,779.9310680000017,,,,,,,,,,,,,,,,,,,P2887,Bar_MIC,3,1,2026-05-11_17h28.42.991,MIC_task,,2026.1.2,59.486276515657686,2026-05-11 17h28.44.439398 +0200,
,,1,0,1,,,,,,,3,v07,hajó,ship,10,vehicles,watercraft,7,None,None,46,21,"(0, -0.1)",None,,,,,,,,,,,,,,1,0,1,0,0,29,29,29,1,0,1,0,779.9310680000017,,,,,,,,,,,,,,,,,,,,,,,,,,,,,,,,,,,,,,,,,,,,,,,,,,,,,,,,,,,,,,,,,,,,,,,,,,,,,,,,,,,,,,,,,,,,,779.9180889000017,779.9310680000017,779.9310680000017,779.9310680000017,780.1152271999999,None,,,,,,,,,,,,,,,,,,,,,,,,,,,,,,,,P2887,Bar_MIC,3,1,2026-05-11_17h28.42.991,MIC_task,,2026.1.2,59.486276515657686,2026-05-11 17h28.44.439398 +0200,
,,2,0,2,,,,,,,3,v07,hajó,ship,10,vehicles,watercraft,7,None,None,46,21,"(0, -0.1)",None,,,,,,,,,,,,,,1,0,1,0,0,29,29,29,2,0,2,0,780.1315285000019,,,,,,,,,,,,,,,,,,,,,,,,,,,,,,,,,,,,,,,,,,,,,,,,,,,,,,,,,,,,,,,,,,,,,,,,,,,,,,,,,,,,,,,,,,,,,780.1185485000024,780.1315285000019,780.1315285000019,780.1315285000019,780.3160121000001,None,,,,,,,,,,,,,,,,,,,,,,,,,,,,,,,,P2887,Bar_MIC,3,1,2026-05-11_17h28.42.991,MIC_task,,2026.1.2,59.486276515657686,2026-05-11 17h28.44.439398 +0200,
,,3,0,3,,,,,,,3,v07,hajó,ship,10,vehicles,watercraft,7,None,None,46,21,"(0, -0.1)",None,,,,,,,,,,,,,,1,0,1,0,0,29,29,29,3,0,3,0,780.3320191000021,,,,,,,,,,,,,,,,,,,,,,,,,,,,,,,,,,,,,,,,,,,,,,,,,,,,,,,,,,,,,,,,,,,,,,,,,,,,,,,,,,,,,,,,,,,,,780.319191300001,780.3320191000021,780.3320191000021,780.3320191000021,780.5161226000018,None,,,,,,,,,,,,,,,,,,,,,,,,,,,,,,,,P2887,Bar_MIC,3,1,2026-05-11_17h28.42.991,MIC_task,,2026.1.2,59.486276515657686,2026-05-11 17h28.44.439398 +0200,
,,4,0,4,,,,,,,3,v07,hajó,ship,10,vehicles,watercraft,7,None,None,46,21,"(0, -0.1)",None,,,,,,,,,,,,,,1,0,1,0,0,29,29,29,4,0,4,0,780.5315056,,,,,,,,,,,,,,,,,,,,,,,,,,,,,,,,,,,,,,,,,,,,,,,,,,,,,,,,,,,,,,,,,,,,,,,,,,,,,,,,,,,,,,,,,,,,,780.519395700001,780.5315056,780.5315056,780.5315056,780.7163372000032,None,,,,,,,,,,,,,,,,,,,,,,,,,,,,,,,,P2887,Bar_MIC,3,1,2026-05-11_17h28.42.991,MIC_task,,2026.1.2,59.486276515657686,2026-05-11 17h28.44.439398 +0200,
,,5,0,5,,,,,,,3,v07,hajó,ship,10,vehicles,watercraft,7,None,None,46,21,"(0, -0.1)",None,,,,,,,,,,,,,,1,0,1,0,0,29,29,29,5,0,5,0,780.7318889000016,,,,,,,,,,,,,,,,,,,,,,,,,,,,,,,,,,,,,,,,,,,,,,,,,,,,,,,,,,,,,,,,,,,,,,,,,,,,,,,,,,,,,,,,,,,,,780.7192673999998,780.7318889000016,780.7318889000016,780.7318889000016,780.9168275000011,None,,,,,,,,,,,,,,,,,,,,,,,,,,,,,,,,P2887,Bar_MIC,3,1,2026-05-11_17h28.42.991,MIC_task,,2026.1.2,59.486276515657686,2026-05-11 17h28.44.439398 +0200,
,,6,0,6,,,,,,,3,v07,hajó,ship,10,vehicles,watercraft,7,None,None,46,21,"(0, -0.1)",None,,,,,,,,,,,,,,1,0,1,0,0,29,29,29,6,0,6,0,780.932305600003,,,,,,,,,,,,,,,,,,,,,,,,,,,,,,,,,,,,,,,,,,,,,,,,,,,,,,,,,,,,,,,,,,,,,,,,,,,,,,,,,,,,,,,,,,,,,780.9204434000021,780.932305600003,780.932305600003,780.932305600003,781.1172443000032,None,,,,,,,,,,,,,,,,,,,,,,,,,,,,,,,,P2887,Bar_MIC,3,1,2026-05-11_17h28.42.991,MIC_task,,2026.1.2,59.486276515657686,2026-05-11 17h28.44.439398 +0200,
,,7,0,7,,,,,,,3,v07,hajó,ship,10,vehicles,watercraft,7,None,None,46,21,"(0, -0.1)",None,,,,,,,,,,,,,,1,0,1,0,0,29,29,29,7,0,7,0,781.1327383000025,,,,,,,,,,,,,,,,,,,,,,,,,,,,,,,,,,,,,,,,,,,,,,,,,,,,,,,,,,,,,,,,,,,,,,,,,,,,,,,,,,,,,,,,,,,,,781.120724700002,781.1327383000025,781.1327383000025,781.1327383000025,781.3178032000033,None,,,,,,,,,,,,,,,,,,,,,,,,,,,,,,,,P2887,Bar_MIC,3,1,2026-05-11_17h28.42.991,MIC_task,,2026.1.2,59.486276515657686,2026-05-11 17h28.44.439398 +0200,
,,8,0,8,,,,,,,3,v07,hajó,ship,10,vehicles,watercraft,7,None,None,46,21,"(0, -0.1)",None,,,,,,,,,,,,,,1,0,1,0,0,29,29,29,8,0,8,0,781.3330246000005,,,,,,,,,,,,,,,,,,,,,,,,,,,,,,,,,,,,,,,,,,,,,,,,,,,,,,,,,,,,,,,,,,,,,,,,,,,,,,,,,,,,,,,,,,,,,781.3209415000019,781.3330246000005,781.3330246000005,781.3330246000005,781.5167830999999,None,,,,,,,,,,,,,,,,,,,,,,,,,,,,,,,,P2887,Bar_MIC,3,1,2026-05-11_17h28.42.991,MIC_task,,2026.1.2,59.486276515657686,2026-05-11 17h28.44.439398 +0200,
,,9,0,9,,,,,,,3,v07,hajó,ship,10,vehicles,watercraft,7,None,None,46,21,"(0, -0.1)",None,,,,,,,,,,,,,,1,0,1,0,0,29,29,29,9,0,9,0,781.5334390000025,,,,,,,,,,,,,,,,,,,,,,,,,,,,,,,,,,,,,,,,,,,,,,,,,,,,,,,,,,,,,,,,,,,,,,,,,,,,,,,,,,,,,,,,,,,,,781.5201718000026,781.5334390000025,781.5334390000025,781.5334390000025,781.7174636000018,None,,,,,,,,,,,,,,,,,,,,,,,,,,,,,,,,P2887,Bar_MIC,3,1,2026-05-11_17h28.42.991,MIC_task,,2026.1.2,59.486276515657686,2026-05-11 17h28.44.439398 +0200,
,,10,0,10,,,,,,,3,v07,hajó,ship,10,vehicles,watercraft,7,None,None,46,21,"(0, -0.1)",None,,,,,,,,,,,,,,1,0,1,0,0,29,29,29,10,0,10,0,781.7338814000032,,,,,,,,,,,,,,,,,,,,,,,,,,,,,,,,,,,,,,,,,,,,,,,,,,,,,,,,,,,,,,,,,,,,,,,,,,,,,,,,,,,,,,,,,,,,,781.7204103000004,781.7338814000032,781.7338814000032,781.7338814000032,781.9176623000021,None,,,,,,,,,,,,,,,,,,,,,,,,,,,,,,,,P2887,Bar_MIC,3,1,2026-05-11_17h28.42.991,MIC_task,,2026.1.2,59.486276515657686,2026-05-11 17h28.44.439398 +0200,
,,11,0,11,,,,,,,3,v07,hajó,ship,10,vehicles,watercraft,7,None,None,46,21,"(0, -0.1)",None,,,,,,,,,,,,,,1,0,1,0,0,29,29,29,11,0,11,0,781.9342614000016,,,,,,,,,,,,,,,,,,,,,,,,,,,,,,,,,,,,,,,,,,,,,,,,,,,,,,,,,,,,,,,,,,,,,,,,,,,,,,,,,,,,,,,,,,,,,781.9209293000022,781.9342614000016,781.9342614000016,781.9342614000016,782.1181295000024,None,,,,,,,,,,,,,,,,,,,,,,,,,,,,,,,,P2887,Bar_MIC,3,1,2026-05-11_17h28.42.991,MIC_task,,2026.1.2,59.486276515657686,2026-05-11 17h28.44.439398 +0200,
,,12,0,12,,,,,,,3,v07,hajó,ship,10,vehicles,watercraft,7,None,None,46,21,"(0, -0.1)",None,,,,,,,,,,,,,,1,0,1,0,0,29,29,29,12,0,12,0,782.1345709000016,,,,,,,,,,,,,,,,,,,,,,,,,,,,,,,,,,,,,,,,,,,,,,,,,,,,,,,,,,,,,,,,,,,,,,,,,,,,,,,,,,,,,,,,,,,,,782.121443,782.1345709000016,782.1345709000016,782.1345709000016,782.3186212,None,,,,,,,,,,,,,,,,,,,,,,,,,,,,,,,,P2887,Bar_MIC,3,1,2026-05-11_17h28.42.991,MIC_task,,2026.1.2,59.486276515657686,2026-05-11 17h28.44.439398 +0200,
,,13,0,13,,,,,,,3,v07,hajó,ship,10,vehicles,watercraft,7,None,None,46,21,"(0, -0.1)",None,,,,,,,,,,,,,,1,0,1,0,0,29,29,29,13,0,13,0,782.3347878000022,,,,,,,,,,,,,,,,,,,,,,,,,,,,,,,,,,,,,,,,,,,,,,,,,,,,,,,,,,,,,,,,,,,,,,,,,,,,,,,,,,,,,,,,,,,,,782.3216898000028,782.3347878000022,782.3347878000022,782.3347878000022,782.5193104000027,None,,,,,,,,,,,,,,,,,,,,,,,,,,,,,,,,P2887,Bar_MIC,3,1,2026-05-11_17h28.42.991,MIC_task,,2026.1.2,59.486276515657686,2026-05-11 17h28.44.439398 +0200,
,,14,0,14,,,,,,,3,v07,hajó,ship,10,vehicles,watercraft,7,None,None,46,21,"(0, -0.1)",None,,,,,,,,,,,,,,1,0,1,0,0,29,29,29,14,0,14,0,782.5353581000018,,,,,,,,,,,,,,,,,,,,,,,,,,,,,,,,,,,,,,,,,,,,,,,,,,,,,,,,,,,,,,,,,,,,,,,,,,,,,,,,,,,,,,,,,,,,,782.522582900001,782.5353581000018,782.5353581000018,782.5353581000018,782.7199631000003,None,,,,,,,,,,,,,,,,,,,,,,,,,,,,,,,,P2887,Bar_MIC,3,1,2026-05-11_17h28.42.991,MIC_task,,2026.1.2,59.486276515657686,2026-05-11 17h28.44.439398 +0200,
,,15,0,15,,,,,,,3,v07,hajó,ship,10,vehicles,watercraft,7,None,None,46,21,"(0, -0.1)",None,,,,,,,,,,,,,,1,0,1,0,0,29,29,29,15,0,15,0,782.7356906000023,,,,,,,,,,,,,,,,,,,,,,,,,,,,,,,,,,,,,,,,,,,,,,,,,,,,,,,,,,,,,,,,,,,,,,,,,,,,,,,,,,,,,,,,,,,,,782.7231603,782.7356906000023,782.7356906000023,782.7356906000023,782.9198577000025,None,,,,,,,,,,,,,,,,,,,,,,,,,,,,,,,,P2887,Bar_MIC,3,1,2026-05-11_17h28.42.991,MIC_task,,2026.1.2,59.486276515657686,2026-05-11 17h28.44.439398 +0200,
,,16,0,16,,,,,,,3,v07,hajó,ship,10,vehicles,watercraft,7,None,None,46,21,"(0, -0.1)",None,,,,,,,,,,,,,,1,0,1,0,0,29,29,29,16,0,16,0,782.9353233000002,,,,,,,,,,,,,,,,,,,,,,,,,,,,,,,,,,,,,,,,,,,,,,,,,,,,,,,,,,,,,,,,,,,,,,,,,,,,,,,,,,,,,,,,,,,,,782.9232408000025,782.9353233000002,782.9353233000002,782.9353233000002,783.1203448000015,None,,,,,,,,,,,,,,,,,,,,,,,,,,,,,,,,P2887,Bar_MIC,3,1,2026-05-11_17h28.42.991,MIC_task,,2026.1.2,59.486276515657686,2026-05-11 17h28.44.439398 +0200,
,,17,0,17,,,,,,,3,v07,hajó,ship,10,vehicles,watercraft,7,None,None,46,21,"(0, -0.1)",None,,,,,,,,,,,,,,1,0,1,0,0,29,29,29,17,0,17,0,783.135725600001,,,,,,,,,,,,,,,,,,,,,,,,,,,,,,,,,,,,,,,,,,,,,,,,,,,,,,,,,,,,,,,,,,,,,,,,,,,,,,,,,,,,,,,,,,,,,783.1234739000029,783.135725600001,783.135725600001,783.135725600001,783.3206305000022,None,,,,,,,,,,,,,,,,,,,,,,,,,,,,,,,,P2887,Bar_MIC,3,1,2026-05-11_17h28.42.991,MIC_task,,2026.1.2,59.486276515657686,2026-05-11 17h28.44.439398 +0200,
,,18,0,18,,,,,,,3,v07,hajó,ship,10,vehicles,watercraft,7,None,None,46,21,"(0, -0.1)",None,,,,,,,,,,,,,,1,0,1,0,0,29,29,29,18,0,18,0,783.3361147000032,,,,,,,,,,,,,,,,,,,,,,,,,,,,,,,,,,,,,,,,,,,,,,,,,,,,,,,,,,,,,,,,,,,,,,,,,,,,,,,,,,,,,,,,,,,,,783.3239624000016,783.3361147000032,783.3361147000032,783.3361147000032,783.5209317000008,None,,,,,,,,,,,,,,,,,,,,,,,,,,,,,,,,P2887,Bar_MIC,3,1,2026-05-11_17h28.42.991,MIC_task,,2026.1.2,59.486276515657686,2026-05-11 17h28.44.439398 +0200,
,,19,0,19,,,,,,,3,v07,hajó,ship,10,vehicles,watercraft,7,None,None,46,21,"(0, -0.1)",None,,,,,,,,,,,,,,1,0,1,0,0,29,29,29,19,0,19,0,783.5365138000016,,,,,,,,,,,,,,,,,,,,,,,,,,,,,,,,,,,,,,,,,,,,,,,,,,,,,,,,,,,,,,,,,,,,,,,,,,,,,,,,,,,,,,,,,,,,,783.5240321000019,783.5365138000016,783.5365138000016,783.5365138000016,783.7205907000025,None,,,,,,,,,,,,,,,,,,,,,,,,,,,,,,,,P2887,Bar_MIC,3,1,2026-05-11_17h28.42.991,MIC_task,,2026.1.2,59.486276515657686,2026-05-11 17h28.44.439398 +0200,
,,20,0,20,,,,,,,3,v07,hajó,ship,10,vehicles,watercraft,7,None,None,46,21,"(0, -0.1)",None,,,,,,,,,,,,,,1,0,1,0,0,29,29,29,20,0,20,0,783.7368220000026,,,,,,,,,,,,,,,,,,,,,,,,,,,,,,,,,,,,,,,,,,,,,,,,,,,,,,,,,,,,,,,,,,,,,,,,,,,,,,,,,,,,,,,,,,,,,783.7239055000027,783.7368220000026,783.7368220000026,783.7368220000026,783.9207505000013,None,,,,,,,,,,,,,,,,,,,,,,,,,,,,,,,,P2887,Bar_MIC,3,1,2026-05-11_17h28.42.991,MIC_task,,2026.1.2,59.486276515657686,2026-05-11 17h28.44.439398 +0200,
,,21,0,21,,,,,,,3,v07,hajó,ship,10,vehicles,watercraft,7,None,None,46,21,"(0, -0.1)",None,,,,,,,,,,,,,,1,0,1,0,0,29,29,29,21,0,21,0,783.9371897000019,,,,,,,,,,,,,,,,,,,,,,,,,,,,,,,,,,,,,,,,,,,,,,,,,,,,,,,,,,,,,,,,,,,,,,,,,,,,,,,,,,,,,,,,,,,,,783.924204400002,783.9371897000019,783.9371897000019,783.9371897000019,784.1210404000012,None,,,,,,,,,,,,,,,,,,,,,,,,,,,,,,,,P2887,Bar_MIC,3,1,2026-05-11_17h28.42.991,MIC_task,,2026.1.2,59.486276515657686,2026-05-11 17h28.44.439398 +0200,
,,22,0,22,,,,,,,3,v07,hajó,ship,10,vehicles,watercraft,7,None,None,46,21,"(0, -0.1)",None,,,,,,,,,,,,,,1,0,1,0,0,29,29,29,22,0,22,0,784.137462900002,,,,,,,,,,,,,,,,,,,,,,,,,,,,,,,,,,,,,,,,,,,,,,,,,,,,,,,,,,,,,,,,,,,,,,,,,,,,,,,,,,,,,,,,,,,,,784.1241060000029,784.137462900002,784.137462900002,784.137462900002,784.3215097000029,None,,,,,,,,,,,,,,,,,,,,,,,,,,,,,,,,P2887,Bar_MIC,3,1,2026-05-11_17h28.42.991,MIC_task,,2026.1.2,59.486276515657686,2026-05-11 17h28.44.439398 +0200,
,,23,0,23,,,,,,,3,v07,hajó,ship,10,vehicles,watercraft,7,None,None,46,21,"(0, -0.1)",None,,,,,,,,,,,,,,1,0,1,0,0,29,29,29,23,0,23,0,784.3378651000021,,,,,,,,,,,,,,,,,,,,,,,,,,,,,,,,,,,,,,,,,,,,,,,,,,,,,,,,,,,,,,,,,,,,,,,,,,,,,,,,,,,,,,,,,,,,,784.3245858000009,784.3378651000021,784.3378651000021,784.3378651000021,784.5218608000032,None,,,,,,,,,,,,,,,,,,,,,,,,,,,,,,,,P2887,Bar_MIC,3,1,2026-05-11_17h28.42.991,MIC_task,,2026.1.2,59.486276515657686,2026-05-11 17h28.44.439398 +0200,
,,24,0,24,,,,,,,3,v07,hajó,ship,10,vehicles,watercraft,7,None,None,46,21,"(0, -0.1)",None,,,,,,,,,,,,,,1,0,1,0,0,29,29,29,24,0,24,0,784.5381300000008,,,,,,,,,,,,,,,,,,,,,,,,,,,,,,,,,,,,,,,,,,,,,,,,,,,,,,,,,,,,,,,,,,,,,,,,,,,,,,,,,,,,,,,,,,,,,784.5254988000015,784.5381300000008,784.5381300000008,784.5381300000008,784.7223241000029,None,,,,,,,,,,,,,,,,,,,,,,,,,,,,,,,,P2887,Bar_MIC,3,1,2026-05-11_17h28.42.991,MIC_task,,2026.1.2,59.486276515657686,2026-05-11 17h28.44.439398 +0200,
,,25,0,25,,,,,,,3,v07,hajó,ship,10,vehicles,watercraft,7,None,None,46,21,"(0, -0.1)",None,,,,,,,,,,,,,,1,0,1,0,0,29,29,29,25,0,25,0,784.7385874000029,,,,,,,,,,,,,,,,,,,,,,,,,,,,,,,,,,,,,,,,,,,,,,,,,,,,,,,,,,,,,,,,,,,,,,,,,,,,,,,,,,,,,,,,,,,,,784.7253903000019,784.7385874000029,784.7385874000029,784.7385874000029,784.922703100001,None,,,,,,,,,,,,,,,,,,,,,,,,,,,,,,,,P2887,Bar_MIC,3,1,2026-05-11_17h28.42.991,MIC_task,,2026.1.2,59.486276515657686,2026-05-11 17h28.44.439398 +0200,
,,26,0,26,,,,,,,3,v07,hajó,ship,10,vehicles,watercraft,7,None,None,46,21,"(0, -0.1)",None,,,,,,,,,,,,,,1,0,1,0,0,29,29,29,26,0,26,0,784.9390211999998,,,,,,,,,,,,,,,,,,,,,,,,,,,,,,,,,,,,,,,,,,,,,,,,,,,,,,,,,,,,,,,,,,,,,,,,,,,,,,,,,,,,,,,,,,,,,784.9260486000021,784.9390211999998,784.9390211999998,784.9390211999998,785.1231109,None,,,,,,,,,,,,,,,,,,,,,,,,,,,,,,,,P2887,Bar_MIC,3,1,2026-05-11_17h28.42.991,MIC_task,,2026.1.2,59.486276515657686,2026-05-11 17h28.44.439398 +0200,
,,27,0,27,,,,,,,3,v07,hajó,ship,10,vehicles,watercraft,7,None,None,46,21,"(0, -0.1)",None,,,,,,,,,,,,,,1,0,1,0,0,29,29,29,27,0,27,0,785.1394348000031,,,,,,,,,,,,,,,,,,,,,,,,,,,,,,,,,,,,,,,,,,,,,,,,,,,,,,,,,,,,,,,,,,,,,,,,,,,,,,,,,,,,,,,,,,,,,785.1261819000028,785.1394348000031,785.1394348000031,785.1394348000031,785.3242624000013,None,,,,,,,,,,,,,,,,,,,,,,,,,,,,,,,,P2887,Bar_MIC,3,1,2026-05-11_17h28.42.991,MIC_task,,2026.1.2,59.486276515657686,2026-05-11 17h28.44.439398 +0200,
,,28,0,28,,,,,,,3,v07,hajó,ship,10,vehicles,watercraft,7,None,None,46,21,"(0, -0.1)",None,,,,,,,,,,,,,,1,0,1,0,0,29,29,29,28,0,28,0,785.3390152000029,,,,,,,,,,,,,,,,,,,,,,,,,,,,,,,,,,,,,,,,,,,,,,,,,,,,,,,,,,,,,,,,,,,,,,,,,,,,,,,,,,,,,,,,,,,,,785.327562100003,785.3390152000029,785.3390152000029,785.3390152000029,785.5238830000017,None,,,,,,,,,,,,,,,,,,,,,,,,,,,,,,,,P2887,Bar_MIC,3,1,2026-05-11_17h28.42.991,MIC_task,,2026.1.2,59.486276515657686,2026-05-11 17h28.44.439398 +0200,
,,29,0,29,,,,,,,3,v07,hajó,ship,10,vehicles,watercraft,7,None,None,46,21,"(0, -0.1)",None,,,,,,,,,,,,,,1,0,1,0,0,29,29,29,29,0,29,0,785.5393593000008,,,,,,,,,,,,,,,,,,,,,,,,,,,,,,,,,,,,,,,,,,,,,,,,,,,,,,,,,,,,,,,,,,,,,,,,,,,,,,,,,,,,,,,,,,,,,785.5269528000026,785.5393593000008,785.5393593000008,785.5393593000008,785.7239107000023,None,,,,,,,,,,,,,,,,,,,,,,,,,,,,,,,,P2887,Bar_MIC,3,1,2026-05-11_17h28.42.991,MIC_task,,2026.1.2,59.486276515657686,2026-05-11 17h28.44.439398 +0200,
,,30,0,30,,,,,,,3,v07,hajó,ship,10,vehicles,watercraft,7,None,None,46,21,"(0, -0.1)",None,,,,,,,,,,,,,,1,0,1,0,0,29,29,29,30,0,30,0,785.7397987000004,,,,,,,,,,,,,,,,,,,,,,,,,,,,,,,,,,,,,,,,,,,,,,,,,,,,,,,,,,,,,,,,,,,,,,,,,,,,,,,,,,,,,,,,,,,,,785.7270081000024,785.7397987000004,785.7397987000004,785.7397987000004,785.9237418000012,None,,,,,,,,,,,,,,,,,,,,,,,,,,,,,,,,P2887,Bar_MIC,3,1,2026-05-11_17h28.42.991,MIC_task,,2026.1.2,59.486276515657686,2026-05-11 17h28.44.439398 +0200,
,,31,0,31,,,,,,,3,v07,hajó,ship,10,vehicles,watercraft,7,None,None,46,21,"(0, -0.1)",None,,,,,,,,,,,,,,1,0,1,0,0,29,29,29,31,0,31,0,785.9401531000003,,,,,,,,,,,,,,,,,,,,,,,,,,,,,,,,,,,,,,,,,,,,,,,,,,,,,,,,,,,,,,,,,,,,,,,,,,,,,,,,,,,,,,,,,,,,,785.9269870000026,785.9401531000003,785.9401531000003,785.9401531000003,786.1241224000005,None,,,,,,,,,,,,,,,,,,,,,,,,,,,,,,,,P2887,Bar_MIC,3,1,2026-05-11_17h28.42.991,MIC_task,,2026.1.2,59.486276515657686,2026-05-11 17h28.44.439398 +0200,
,,32,0,32,,,,,,,3,v07,hajó,ship,10,vehicles,watercraft,7,None,None,46,21,"(0, -0.1)",space,0.026412700000946643,None,,,,,,,,,,,,1,0,1,0,0,29,29,29,32,0,32,0,786.1405144000018,,,,,,,,,,,,,,,,,,,,,,,,,,,,,,,,,,,,,,,,,,,,,,,,,,,,,,,,,,,,,,,,,,,,,,,,,,,,,,,,,,,,,,,,,,,,,786.1275107000001,786.1405144000018,786.1405144000018,786.1405144000018,786.1752556000029,space,0.026412700000946643,None,,,,,,,,,,,,,,,,,,,,,,,,,,,,,,P2887,Bar_MIC,3,1,2026-05-11_17h28.42.991,MIC_task,,2026.1.2,59.486276515657686,2026-05-11 17h28.44.439398 +0200,
,,29,29,0,,,,space,1.0448152000026312,None,3,v07,hajó,ship,10,vehicles,watercraft,7,None,None,46,21,"(0, -0.1)",,,,,,,,,,,,,,,1,0,1,0,0,29,29,29,,,,,,,,,,,,,,,,,,,,,,,,,,,,,,,,,,,,,,,,,,,,,,,,,,,,,,,,,,,,,,,,,,,,,,,,,,,,,,,,,786.2318145000027,786.2371112000001,786.2410965666686,788.1771202000018,,,,,,790.1805743000004,790.1976832,790.1976832,791.2494317000019,,,,,,,,,,,,,788.2007457,788.2062323999999,788.2103359333346,790.0967842999999,790.1805234000021,space,1.0448152000026312,None,,,,,,,,,,,,,,,,,,,,,,P2887,Bar_MIC,3,1,2026-05-11_17h28.42.991,MIC_task,,2026.1.2,59.486276515657686,2026-05-11 17h28.44.439398 +0200,
,,1,0,1,,,,,,,,,,,,,,,,,,,,,,,space,7.606841400000121,None,,,,,,,,,1,0,1,0,,,,,,,,,,,,,,,,,,,,,,,,,,,,,,,,,,,,,,,,,,,,,,,,,,,,,,,,,,,,,,,,,,,,,,,,,,,,,,,,,,,,,,,,,,,,,,,,,,,,,,,,,,,,,,,,,,,,,,,,,791.3288728000007,791.3397844000028,791.3397844000028,791.3318422333335,797.491384500001,798.9607594000008,space,7.606841400000121,None,,,,,,,,,,P2887,Bar_MIC,3,1,2026-05-11_17h28.42.991,MIC_task,,2026.1.2,59.486276515657686,2026-05-11 17h28.44.439398 +0200,
,,,,,,,,,,,,,,,,,,,,,,,,,,,,,,,,,,,,,,,,,,,,,,,,,,,,,,,,,,,,,,,,,,,,,,,,,,,,,,,,,,,,,,,,,,,,,,,,,,,,,,,,,,,,,,,,,,,,,,,,,,,,,,,,,,,,,,,,,,,,,,,,,,,,,,,,,,,,,,,,,,,,,,,,,,,798.9611396,798.9611853000024,None,,,,,,,P2887,Bar_MIC,3,1,2026-05-11_17h28.42.991,MIC_task,,2026.1.2,59.486276515657686,2026-05-11 17h28.44.439398 +0200,
,,,,,,,,,,,,,,,,,,,,,,,,,,,,,,,,,,,,,,,,,,,,,,,,,,,,,,,,,,,,,,,,,,,,,,,,,,,,,,,,,,,,,,,,,,,,,,,,,,,,,,,,,,,,,,,,,,,,,,,,,,,,,,,,,,,,,,,,,,,,,,,,,,,,,,,,,,,,,,,,,,,,,,,,,,,,,,798.9613205000023,798.9613433000013,None,,,,P2887,Bar_MIC,3,1,2026-05-11_17h28.42.991,MIC_task,,2026.1.2,59.486276515657686,2026-05-11 17h28.44.439398 +0200,
,,,,,,,,,,,,,,,,,,,,,,,,,,,,,,,,,,,,,,,,,,,,,,,,,,,,,,,,,,,,,,,,,,,,,,,,,,,,,,,,,,,,,,,,,,,,,,,,,,,,,,,,,,,,,,,,,,,,,,,,,,,,,,,,,,,,,,,,,,,,,,,,,,,,,,,,,,,,,,,,,,,,,,,,,,,,,,,,,798.9614903000002,798.9615150999998,None,P2887,Bar_MIC,3,1,2026-05-11_17h28.42.991,MIC_task,,2026.1.2,59.486276515657686,2026-05-11 17h28.44.439398 +0200,
