Reveal,position,thisN,thisTrialN,thisRepN,key_resp_19.keys,key_resp_19.rt,key_resp_19.duration,key_resp_8.keys,key_resp_8.rt,key_resp_8.duration,trial_number,itemno,item_HU,item_EN,categoryno,category,subcategory,mean,frequency,aoa_stanford,aoa_kupermann,aoa_childes,positions,key_resp.keys,key_resp.rt,key_resp.duration,key_resp_6.keys,key_resp_6.rt,key_resp_6.duration,practice_loop.thisRepN,practice_loop.thisTrialN,practice_loop.thisN,practice_loop.thisIndex,practice_aperture.thisRepN,practice_aperture.thisTrialN,practice_aperture.thisN,practice_aperture.thisIndex,run_loop.thisRepN,run_loop.thisTrialN,run_loop.thisN,run_loop.thisIndex,trial_loop.thisRepN,trial_loop.thisTrialN,trial_loop.thisN,trial_loop.thisIndex,aperture_loop.thisRepN,aperture_loop.thisTrialN,aperture_loop.thisN,aperture_loop.thisIndex,thisRow.t,notes,piloting,intro_pic.started,Story_Beg.started,key_resp_4.started,S1.started,intro_pic.stopped,key_resp_4.keys,Story1.started,Story_1.started,key_resp_9.started,S1_2.started,Story1.stopped,key_resp_9.keys,Story2.started,Story_2.started,key_resp_10.started,S1_3.started,S1_3.stopped,Story2.stopped,key_resp_10.keys,key_resp_10.rt,key_resp_10.duration,Story4.started,Story_4.started,key_resp_12.started,S1_4.started,S1_4.stopped,Story4.stopped,key_resp_12.keys,key_resp_12.rt,key_resp_12.duration,Story5.started,Story_5.started,key_resp_13.started,S1_5.started,S1_5.stopped,Story5.stopped,key_resp_13.keys,key_resp_13.rt,key_resp_13.duration,Story6.started,Story_6.started,key_resp_14.started,S1_6.started,S1_6.stopped,Story6.stopped,key_resp_14.keys,key_resp_14.rt,key_resp_14.duration,Story7.started,Story.started,key_resp_20.started,S1_7.started,S1_7.stopped,Story7.stopped,key_resp_20.keys,key_resp_20.rt,key_resp_20.duration,Story8.started,Story_7.started,key_resp_21.started,S1_8.started,Story8.stopped,key_resp_21.keys,key_resp_21.rt,key_resp_21.duration,trial3.started,image_7.started,aperture_3.started,key_resp_19.started,trial3.stopped,practice_aperture.key_resp_19.keys,practice_aperture.key_resp_19.rt,practice_aperture.key_resp_19.duration,reveal.started,dots.started,sound_1.started,reveal.stopped,change_prac.started,image_10.started,sound_4.started,sound_4.stopped,change_prac.stopped,ISI.started,text.started,key_resp_8.started,ISI.stopped,practice_loop.key_resp_8.keys,practice_loop.key_resp_8.rt,practice_loop.key_resp_8.duration,S1_8.stopped,trial.started,image.started,aperture.started,key_resp.started,trial.stopped,aperture_loop.key_resp.keys,aperture_loop.key_resp.rt,aperture_loop.key_resp.duration,changee.started,image_2.started,sound_2.started,sound_2.stopped,changee.stopped,trial_loop.key_resp_8.keys,trial_loop.key_resp_8.rt,trial_loop.key_resp_8.duration,image.stopped,aperture.stopped,key_resp.stopped,inter_end_pic.started,image_8.started,key_resp_6.started,S1_9.started,S1_9.stopped,inter_end_pic.stopped,run_loop.key_resp_6.keys,run_loop.key_resp_6.rt,run_loop.key_resp_6.duration,EndStory.started,EndStory.stopped,key_resp_15.keys,EndStory2.started,EndStory2.stopped,key_resp_16.keys,EndStory3.started,EndStory3.stopped,key_resp_17.keys,participant,Version,Stimuli,RunNo,date,expName,expVersion,psychopyVersion,frameRate,expStart,
,,,,,,,,,,,,,,,,,,,,,,,,,,,,,,,,,,,,,,,,,,,,,,,,,,,,False,0.02193940000006478,0.23414990000037506,0.23414990000037506,0.03801836666686237,0.022656699999970442,None,,,,,,,,,,,,,,,,,,,,,,,,,,,,,,,,,,,,,,,,,,,,,,,,,,,,,,,,,,,,,,,,,,,,,,,,,,,,,,,,,,,,,,,,,,,,,,,,,,,,,,,,,,,,,,,,,,,,,,,,,,P7350,Bar_MIC,10,1,2026-05-15_14h49.41.843,MIC_task,,2026.1.2,60.04138051946148,2026-05-15 14h49.44.746353 +0200,
,,,,,,,,,,,,,,,,,,,,,,,,,,,,,,,,,,,,,,,,,,,,,,,,,,,,,,,,,,,0.032450300000164134,0.23414990000037506,0.23414990000037506,0.03801836666686237,0.033240700000078505,None,,,,,,,,,,,,,,,,,,,,,,,,,,,,,,,,,,,,,,,,,,,,,,,,,,,,,,,,,,,,,,,,,,,,,,,,,,,,,,,,,,,,,,,,,,,,,,,,,,,,,,,,,,,,,,,,,,,,P7350,Bar_MIC,10,1,2026-05-15_14h49.41.843,MIC_task,,2026.1.2,60.04138051946148,2026-05-15 14h49.44.746353 +0200,
,,,,,,,,,,,,,,,,,,,,,,,,,,,,,,,,,,,,,,,,,,,,,,,,,,,,,,,,,,,,,,,,,0.20005880000007892,0.23414990000037506,0.23414990000037506,0.20468503333352903,5.161722499999996,7.416691000000355,space,7.128850099999909,None,,,,,,,,,,,,,,,,,,,,,,,,,,,,,,,,,,,,,,,,,,,,,,,,,,,,,,,,,,,,,,,,,,,,,,,,,,,,,,,,,,,,,,,,,,,,,,,,,,,,,,,,,,,P7350,Bar_MIC,10,1,2026-05-15_14h49.41.843,MIC_task,,2026.1.2,60.04138051946148,2026-05-15 14h49.44.746353 +0200,
,,,,,,,,,,,,,,,,,,,,,,,,,,,,,,,,,,,,,,,,,,,,,,,,,,,,,,,,,,,,,,,,,,,,,,,,,,7.554932700000336,7.57188670000005,7.57188670000005,7.565086499999961,9.349767800000336,13.693113799999992,space,6.111122099999648,None,,,,,,,,,,,,,,,,,,,,,,,,,,,,,,,,,,,,,,,,,,,,,,,,,,,,,,,,,,,,,,,,,,,,,,,,,,,,,,,,,,,,,,,,,,,,,,,,,,P7350,Bar_MIC,10,1,2026-05-15_14h49.41.843,MIC_task,,2026.1.2,60.04138051946148,2026-05-15 14h49.44.746353 +0200,
,,,,,,,,,,,,,,,,,,,,,,,,,,,,,,,,,,,,,,,,,,,,,,,,,,,,,,,,,,,,,,,,,,,,,,,,,,,,,,,,,,,13.805270000000291,13.820364600000175,13.820364600000175,13.808288766666799,15.427947000000131,16.897136800000226,space,3.0639626000001954,None,,,,,,,,,,,,,,,,,,,,,,,,,,,,,,,,,,,,,,,,,,,,,,,,,,,,,,,,,,,,,,,,,,,,,,,,,,,,,,,,,,,,,,,,,P7350,Bar_MIC,10,1,2026-05-15_14h49.41.843,MIC_task,,2026.1.2,60.04138051946148,2026-05-15 14h49.44.746353 +0200,
,,,,,,,,,,,,,,,,,,,,,,,,,,,,,,,,,,,,,,,,,,,,,,,,,,,,,,,,,,,,,,,,,,,,,,,,,,,,,,,,,,,,,,,,,,,,17.075082199999997,17.08674710000014,17.08674710000014,17.079376133333366,18.99982829999999,38.915272800000366,space,21.813736999999946,None,,,,,,,,,,,,,,,,,,,,,,,,,,,,,,,,,,,,,,,,,,,,,,,,,,,,,,,,,,,,,,,,,,,,,,,,,,,,,,,,P7350,Bar_MIC,10,1,2026-05-15_14h49.41.843,MIC_task,,2026.1.2,60.04138051946148,2026-05-15 14h49.44.746353 +0200,
,,,,,,,,,,,,,,,,,,,,,,,,,,,,,,,,,,,,,,,,,,,,,,,,,,,,,,,,,,,,,,,,,,,,,,,,,,,,,,,,,,,,,,,,,,,,,,,,,,,,,39.04274560000022,39.05542680000008,39.05542680000008,39.04704253333342,50.63057430000026,77.10620450000033,space,38.04683060000025,None,,,,,,,,,,,,,,,,,,,,,,,,,,,,,,,,,,,,,,,,,,,,,,,,,,,,,,,,,,,,,,,,,,,,,,,P7350,Bar_MIC,10,1,2026-05-15_14h49.41.843,MIC_task,,2026.1.2,60.04138051946148,2026-05-15 14h49.44.746353 +0200,
,,,,,,,,,,,,,,,,,,,,,,,,,,,,,,,,,,,,,,,,,,,,,,,,,,,,,,,,,,,,,,,,,,,,,,,,,,,,,,,,,,,,,,,,,,,,,,,,,,,,,,,,,,,,,,77.24760060000017,77.27197530000012,77.27197530000012,77.25492150000028,80.34420230000023,space,3.0616752999999335,None,,,,,,,,,,,,,,,,,,,,,,,,,,,,,,,,,,,,,,,,,,,,,,,,,,,,,,,,,,,,,,,P7350,Bar_MIC,10,1,2026-05-15_14h49.41.843,MIC_task,,2026.1.2,60.04138051946148,2026-05-15 14h49.44.746353 +0200,
MRnGO_prac_stimuli/wizard.png,"(0, -0.1)",0,0,0,None,,,,,,,,,,,,,,,,,,,,,,,,,0,0,0,0,0,0,0,0,,,,,,,,,,,,,80.3936063000001,,,,,,,,,,,,,,,,,,,,,,,,,,,,,,,,,,,,,,,,,,,,,,,,,,,,,,,,,,,,,,,,,,,,80.38540330000023,80.3936063000001,80.3936063000001,80.3936063000001,80.56283950000034,None,,,,,,,,,,,,,,,,,,,,,,,,,,,,,,,,,,,,,,,,,,,,,,,,,,,,,,,,,P7350,Bar_MIC,10,1,2026-05-15_14h49.41.843,MIC_task,,2026.1.2,60.04138051946148,2026-05-15 14h49.44.746353 +0200,
MRnGO_prac_stimuli/wizard.png,"(0, -0.1)",0,0,0,None,,,,,,,,,,,,,,,,,,,,,,,,,0,0,0,0,0,0,0,0,,,,,,,,,,,,,80.57698909999999,,,,,,,,,,,,,,,,,,,,,,,,,,,,,,,,,,,,,,,,,,,,,,,,,,,,,,,,,,,,,,,,,,,,80.56769250000025,80.57698909999999,80.57698909999999,80.57698909999999,80.7606781000004,None,,,,,,,,,,,,,,,,,,,,,,,,,,,,,,,,,,,,,,,,,,,,,,,,,,,,,,,,,P7350,Bar_MIC,10,1,2026-05-15_14h49.41.843,MIC_task,,2026.1.2,60.04138051946148,2026-05-15 14h49.44.746353 +0200,
MRnGO_prac_stimuli/wizard.png,"(0, -0.1)",1,0,1,None,,,,,,,,,,,,,,,,,,,,,,,,,0,0,0,0,1,0,1,0,,,,,,,,,,,,,80.7777686000004,,,,,,,,,,,,,,,,,,,,,,,,,,,,,,,,,,,,,,,,,,,,,,,,,,,,,,,,,,,,,,,,,,,,80.76570100000026,80.7777686000004,80.7777686000004,80.7777686000004,80.96115780000036,None,,,,,,,,,,,,,,,,,,,,,,,,,,,,,,,,,,,,,,,,,,,,,,,,,,,,,,,,,P7350,Bar_MIC,10,1,2026-05-15_14h49.41.843,MIC_task,,2026.1.2,60.04138051946148,2026-05-15 14h49.44.746353 +0200,
MRnGO_prac_stimuli/wizard.png,"(0, -0.1)",2,0,2,None,,,,,,,,,,,,,,,,,,,,,,,,,0,0,0,0,2,0,2,0,,,,,,,,,,,,,80.97761730000002,,,,,,,,,,,,,,,,,,,,,,,,,,,,,,,,,,,,,,,,,,,,,,,,,,,,,,,,,,,,,,,,,,,,80.96657060000007,80.97761730000002,80.97761730000002,80.97761730000002,81.16169230000014,None,,,,,,,,,,,,,,,,,,,,,,,,,,,,,,,,,,,,,,,,,,,,,,,,,,,,,,,,,P7350,Bar_MIC,10,1,2026-05-15_14h49.41.843,MIC_task,,2026.1.2,60.04138051946148,2026-05-15 14h49.44.746353 +0200,
MRnGO_prac_stimuli/wizard.png,"(0, -0.1)",3,0,3,None,,,,,,,,,,,,,,,,,,,,,,,,,0,0,0,0,3,0,3,0,,,,,,,,,,,,,81.1779402000002,,,,,,,,,,,,,,,,,,,,,,,,,,,,,,,,,,,,,,,,,,,,,,,,,,,,,,,,,,,,,,,,,,,,81.16687030000003,81.1779402000002,81.1779402000002,81.1779402000002,81.36187710000013,None,,,,,,,,,,,,,,,,,,,,,,,,,,,,,,,,,,,,,,,,,,,,,,,,,,,,,,,,,P7350,Bar_MIC,10,1,2026-05-15_14h49.41.843,MIC_task,,2026.1.2,60.04138051946148,2026-05-15 14h49.44.746353 +0200,
MRnGO_prac_stimuli/wizard.png,"(0, -0.1)",4,0,4,None,,,,,,,,,,,,,,,,,,,,,,,,,0,0,0,0,4,0,4,0,,,,,,,,,,,,,81.37835360000008,,,,,,,,,,,,,,,,,,,,,,,,,,,,,,,,,,,,,,,,,,,,,,,,,,,,,,,,,,,,,,,,,,,,81.36680920000026,81.37835360000008,81.37835360000008,81.37835360000008,81.56223330000012,None,,,,,,,,,,,,,,,,,,,,,,,,,,,,,,,,,,,,,,,,,,,,,,,,,,,,,,,,,P7350,Bar_MIC,10,1,2026-05-15_14h49.41.843,MIC_task,,2026.1.2,60.04138051946148,2026-05-15 14h49.44.746353 +0200,
MRnGO_prac_stimuli/wizard.png,"(0, -0.1)",5,0,5,None,,,,,,,,,,,,,,,,,,,,,,,,,0,0,0,0,5,0,5,0,,,,,,,,,,,,,81.5778922000004,,,,,,,,,,,,,,,,,,,,,,,,,,,,,,,,,,,,,,,,,,,,,,,,,,,,,,,,,,,,,,,,,,,,81.56737659999999,81.5778922000004,81.5778922000004,81.5778922000004,81.7624608000001,None,,,,,,,,,,,,,,,,,,,,,,,,,,,,,,,,,,,,,,,,,,,,,,,,,,,,,,,,,P7350,Bar_MIC,10,1,2026-05-15_14h49.41.843,MIC_task,,2026.1.2,60.04138051946148,2026-05-15 14h49.44.746353 +0200,
MRnGO_prac_stimuli/wizard.png,"(0, -0.1)",6,0,6,None,,,,,,,,,,,,,,,,,,,,,,,,,0,0,0,0,6,0,6,0,,,,,,,,,,,,,81.77895269999999,,,,,,,,,,,,,,,,,,,,,,,,,,,,,,,,,,,,,,,,,,,,,,,,,,,,,,,,,,,,,,,,,,,,81.76771860000008,81.77895269999999,81.77895269999999,81.77895269999999,81.9635244000001,None,,,,,,,,,,,,,,,,,,,,,,,,,,,,,,,,,,,,,,,,,,,,,,,,,,,,,,,,,P7350,Bar_MIC,10,1,2026-05-15_14h49.41.843,MIC_task,,2026.1.2,60.04138051946148,2026-05-15 14h49.44.746353 +0200,
MRnGO_prac_stimuli/wizard.png,"(0, -0.1)",7,0,7,None,,,,,,,,,,,,,,,,,,,,,,,,,0,0,0,0,7,0,7,0,,,,,,,,,,,,,81.97872080000025,,,,,,,,,,,,,,,,,,,,,,,,,,,,,,,,,,,,,,,,,,,,,,,,,,,,,,,,,,,,,,,,,,,,81.96841210000002,81.97872080000025,81.97872080000025,81.97872080000025,82.1637611000001,None,,,,,,,,,,,,,,,,,,,,,,,,,,,,,,,,,,,,,,,,,,,,,,,,,,,,,,,,,P7350,Bar_MIC,10,1,2026-05-15_14h49.41.843,MIC_task,,2026.1.2,60.04138051946148,2026-05-15 14h49.44.746353 +0200,
MRnGO_prac_stimuli/wizard.png,"(0, -0.1)",8,0,8,None,,,,,,,,,,,,,,,,,,,,,,,,,0,0,0,0,8,0,8,0,,,,,,,,,,,,,82.18053240000017,,,,,,,,,,,,,,,,,,,,,,,,,,,,,,,,,,,,,,,,,,,,,,,,,,,,,,,,,,,,,,,,,,,,82.16869059999999,82.18053240000017,82.18053240000017,82.18053240000017,82.36438859999998,None,,,,,,,,,,,,,,,,,,,,,,,,,,,,,,,,,,,,,,,,,,,,,,,,,,,,,,,,,P7350,Bar_MIC,10,1,2026-05-15_14h49.41.843,MIC_task,,2026.1.2,60.04138051946148,2026-05-15 14h49.44.746353 +0200,
MRnGO_prac_stimuli/wizard.png,"(0, -0.1)",9,0,9,None,,,,,,,,,,,,,,,,,,,,,,,,,0,0,0,0,9,0,9,0,,,,,,,,,,,,,82.37954140000011,,,,,,,,,,,,,,,,,,,,,,,,,,,,,,,,,,,,,,,,,,,,,,,,,,,,,,,,,,,,,,,,,,,,82.36955030000036,82.37954140000011,82.37954140000011,82.37954140000011,82.56398650000028,None,,,,,,,,,,,,,,,,,,,,,,,,,,,,,,,,,,,,,,,,,,,,,,,,,,,,,,,,,P7350,Bar_MIC,10,1,2026-05-15_14h49.41.843,MIC_task,,2026.1.2,60.04138051946148,2026-05-15 14h49.44.746353 +0200,
MRnGO_prac_stimuli/wizard.png,"(0, -0.1)",10,0,10,None,,,,,,,,,,,,,,,,,,,,,,,,,0,0,0,0,10,0,10,0,,,,,,,,,,,,,82.57984320000014,,,,,,,,,,,,,,,,,,,,,,,,,,,,,,,,,,,,,,,,,,,,,,,,,,,,,,,,,,,,,,,,,,,,82.56869760000018,82.57984320000014,82.57984320000014,82.57984320000014,82.76472190000004,None,,,,,,,,,,,,,,,,,,,,,,,,,,,,,,,,,,,,,,,,,,,,,,,,,,,,,,,,,P7350,Bar_MIC,10,1,2026-05-15_14h49.41.843,MIC_task,,2026.1.2,60.04138051946148,2026-05-15 14h49.44.746353 +0200,
MRnGO_prac_stimuli/wizard.png,"(0, -0.1)",11,0,11,None,,,,,,,,,,,,,,,,,,,,,,,,,0,0,0,0,11,0,11,0,,,,,,,,,,,,,82.7801830000003,,,,,,,,,,,,,,,,,,,,,,,,,,,,,,,,,,,,,,,,,,,,,,,,,,,,,,,,,,,,,,,,,,,,82.76951940000026,82.7801830000003,82.7801830000003,82.7801830000003,82.96398880000015,None,,,,,,,,,,,,,,,,,,,,,,,,,,,,,,,,,,,,,,,,,,,,,,,,,,,,,,,,,P7350,Bar_MIC,10,1,2026-05-15_14h49.41.843,MIC_task,,2026.1.2,60.04138051946148,2026-05-15 14h49.44.746353 +0200,
MRnGO_prac_stimuli/wizard.png,"(0, -0.1)",12,0,12,None,,,,,,,,,,,,,,,,,,,,,,,,,0,0,0,0,12,0,12,0,,,,,,,,,,,,,82.98057440000002,,,,,,,,,,,,,,,,,,,,,,,,,,,,,,,,,,,,,,,,,,,,,,,,,,,,,,,,,,,,,,,,,,,,82.96907370000008,82.98057440000002,82.98057440000002,82.98057440000002,83.16563459999998,None,,,,,,,,,,,,,,,,,,,,,,,,,,,,,,,,,,,,,,,,,,,,,,,,,,,,,,,,,P7350,Bar_MIC,10,1,2026-05-15_14h49.41.843,MIC_task,,2026.1.2,60.04138051946148,2026-05-15 14h49.44.746353 +0200,
MRnGO_prac_stimuli/wizard.png,"(0, -0.1)",13,0,13,None,,,,,,,,,,,,,,,,,,,,,,,,,0,0,0,0,13,0,13,0,,,,,,,,,,,,,83.18102050000016,,,,,,,,,,,,,,,,,,,,,,,,,,,,,,,,,,,,,,,,,,,,,,,,,,,,,,,,,,,,,,,,,,,,83.17045240000016,83.18102050000016,83.18102050000016,83.18102050000016,83.3648519000003,None,,,,,,,,,,,,,,,,,,,,,,,,,,,,,,,,,,,,,,,,,,,,,,,,,,,,,,,,,P7350,Bar_MIC,10,1,2026-05-15_14h49.41.843,MIC_task,,2026.1.2,60.04138051946148,2026-05-15 14h49.44.746353 +0200,
MRnGO_prac_stimuli/wizard.png,"(0, -0.1)",14,0,14,None,,,,,,,,,,,,,,,,,,,,,,,,,0,0,0,0,14,0,14,0,,,,,,,,,,,,,83.38135290000037,,,,,,,,,,,,,,,,,,,,,,,,,,,,,,,,,,,,,,,,,,,,,,,,,,,,,,,,,,,,,,,,,,,,83.36957620000021,83.38135290000037,83.38135290000037,83.38135290000037,83.56520350000028,None,,,,,,,,,,,,,,,,,,,,,,,,,,,,,,,,,,,,,,,,,,,,,,,,,,,,,,,,,P7350,Bar_MIC,10,1,2026-05-15_14h49.41.843,MIC_task,,2026.1.2,60.04138051946148,2026-05-15 14h49.44.746353 +0200,
MRnGO_prac_stimuli/wizard.png,"(0, -0.1)",15,0,15,None,,,,,,,,,,,,,,,,,,,,,,,,,0,0,0,0,15,0,15,0,,,,,,,,,,,,,83.58175879999999,,,,,,,,,,,,,,,,,,,,,,,,,,,,,,,,,,,,,,,,,,,,,,,,,,,,,,,,,,,,,,,,,,,,83.56994140000006,83.58175879999999,83.58175879999999,83.58175879999999,83.76574430000028,None,,,,,,,,,,,,,,,,,,,,,,,,,,,,,,,,,,,,,,,,,,,,,,,,,,,,,,,,,P7350,Bar_MIC,10,1,2026-05-15_14h49.41.843,MIC_task,,2026.1.2,60.04138051946148,2026-05-15 14h49.44.746353 +0200,
MRnGO_prac_stimuli/wizard.png,"(0, -0.1)",16,0,16,None,,,,,,,,,,,,,,,,,,,,,,,,,0,0,0,0,16,0,16,0,,,,,,,,,,,,,83.78211060000012,,,,,,,,,,,,,,,,,,,,,,,,,,,,,,,,,,,,,,,,,,,,,,,,,,,,,,,,,,,,,,,,,,,,83.77093370000011,83.78211060000012,83.78211060000012,83.78211060000012,83.96676660000003,None,,,,,,,,,,,,,,,,,,,,,,,,,,,,,,,,,,,,,,,,,,,,,,,,,,,,,,,,,P7350,Bar_MIC,10,1,2026-05-15_14h49.41.843,MIC_task,,2026.1.2,60.04138051946148,2026-05-15 14h49.44.746353 +0200,
MRnGO_prac_stimuli/wizard.png,"(0, -0.1)",17,0,17,None,,,,,,,,,,,,,,,,,,,,,,,,,0,0,0,0,17,0,17,0,,,,,,,,,,,,,83.98280180000029,,,,,,,,,,,,,,,,,,,,,,,,,,,,,,,,,,,,,,,,,,,,,,,,,,,,,,,,,,,,,,,,,,,,83.97196250000025,83.98280180000029,83.98280180000029,83.98280180000029,84.16731570000002,None,,,,,,,,,,,,,,,,,,,,,,,,,,,,,,,,,,,,,,,,,,,,,,,,,,,,,,,,,P7350,Bar_MIC,10,1,2026-05-15_14h49.41.843,MIC_task,,2026.1.2,60.04138051946148,2026-05-15 14h49.44.746353 +0200,
MRnGO_prac_stimuli/wizard.png,"(0, -0.1)",18,0,18,None,,,,,,,,,,,,,,,,,,,,,,,,,0,0,0,0,18,0,18,0,,,,,,,,,,,,,84.18302949999998,,,,,,,,,,,,,,,,,,,,,,,,,,,,,,,,,,,,,,,,,,,,,,,,,,,,,,,,,,,,,,,,,,,,84.1720865000002,84.18302949999998,84.18302949999998,84.18302949999998,84.36583970000038,None,,,,,,,,,,,,,,,,,,,,,,,,,,,,,,,,,,,,,,,,,,,,,,,,,,,,,,,,,P7350,Bar_MIC,10,1,2026-05-15_14h49.41.843,MIC_task,,2026.1.2,60.04138051946148,2026-05-15 14h49.44.746353 +0200,
MRnGO_prac_stimuli/wizard.png,"(0, -0.1)",19,0,19,None,,,,,,,,,,,,,,,,,,,,,,,,,0,0,0,0,19,0,19,0,,,,,,,,,,,,,84.38261640000019,,,,,,,,,,,,,,,,,,,,,,,,,,,,,,,,,,,,,,,,,,,,,,,,,,,,,,,,,,,,,,,,,,,,84.3702844000004,84.38261640000019,84.38261640000019,84.38261640000019,84.56715060000033,None,,,,,,,,,,,,,,,,,,,,,,,,,,,,,,,,,,,,,,,,,,,,,,,,,,,,,,,,,P7350,Bar_MIC,10,1,2026-05-15_14h49.41.843,MIC_task,,2026.1.2,60.04138051946148,2026-05-15 14h49.44.746353 +0200,
MRnGO_prac_stimuli/wizard.png,"(0, -0.1)",20,0,20,None,,,,,,,,,,,,,,,,,,,,,,,,,0,0,0,0,20,0,20,0,,,,,,,,,,,,,84.58890080000037,,,,,,,,,,,,,,,,,,,,,,,,,,,,,,,,,,,,,,,,,,,,,,,,,,,,,,,,,,,,,,,,,,,,84.57190310000033,84.58890080000037,84.58890080000037,84.58890080000037,84.76658780000025,None,,,,,,,,,,,,,,,,,,,,,,,,,,,,,,,,,,,,,,,,,,,,,,,,,,,,,,,,,P7350,Bar_MIC,10,1,2026-05-15_14h49.41.843,MIC_task,,2026.1.2,60.04138051946148,2026-05-15 14h49.44.746353 +0200,
MRnGO_prac_stimuli/wizard.png,"(0, -0.1)",21,0,21,None,,,,,,,,,,,,,,,,,,,,,,,,,0,0,0,0,21,0,21,0,,,,,,,,,,,,,84.78323590000036,,,,,,,,,,,,,,,,,,,,,,,,,,,,,,,,,,,,,,,,,,,,,,,,,,,,,,,,,,,,,,,,,,,,84.77195230000007,84.78323590000036,84.78323590000036,84.78323590000036,84.9669600000002,None,,,,,,,,,,,,,,,,,,,,,,,,,,,,,,,,,,,,,,,,,,,,,,,,,,,,,,,,,P7350,Bar_MIC,10,1,2026-05-15_14h49.41.843,MIC_task,,2026.1.2,60.04138051946148,2026-05-15 14h49.44.746353 +0200,
MRnGO_prac_stimuli/wizard.png,"(0, -0.1)",22,0,22,None,,,,,,,,,,,,,,,,,,,,,,,,,0,0,0,0,22,0,22,0,,,,,,,,,,,,,84.98373240000001,,,,,,,,,,,,,,,,,,,,,,,,,,,,,,,,,,,,,,,,,,,,,,,,,,,,,,,,,,,,,,,,,,,,84.97176620000027,84.98373240000001,84.98373240000001,84.98373240000001,85.16730540000026,None,,,,,,,,,,,,,,,,,,,,,,,,,,,,,,,,,,,,,,,,,,,,,,,,,,,,,,,,,P7350,Bar_MIC,10,1,2026-05-15_14h49.41.843,MIC_task,,2026.1.2,60.04138051946148,2026-05-15 14h49.44.746353 +0200,
MRnGO_prac_stimuli/wizard.png,"(0, -0.1)",23,0,23,None,,,,,,,,,,,,,,,,,,,,,,,,,0,0,0,0,23,0,23,0,,,,,,,,,,,,,85.18418610000026,,,,,,,,,,,,,,,,,,,,,,,,,,,,,,,,,,,,,,,,,,,,,,,,,,,,,,,,,,,,,,,,,,,,85.17204830000037,85.18418610000026,85.18418610000026,85.18418610000026,85.36786220000022,None,,,,,,,,,,,,,,,,,,,,,,,,,,,,,,,,,,,,,,,,,,,,,,,,,,,,,,,,,P7350,Bar_MIC,10,1,2026-05-15_14h49.41.843,MIC_task,,2026.1.2,60.04138051946148,2026-05-15 14h49.44.746353 +0200,
MRnGO_prac_stimuli/wizard.png,"(0, -0.1)",24,0,24,None,,,,,,,,,,,,,,,,,,,,,,,,,0,0,0,0,24,0,24,0,,,,,,,,,,,,,85.38478310000028,,,,,,,,,,,,,,,,,,,,,,,,,,,,,,,,,,,,,,,,,,,,,,,,,,,,,,,,,,,,,,,,,,,,85.37245320000011,85.38478310000028,85.38478310000028,85.38478310000028,85.5683111000003,None,,,,,,,,,,,,,,,,,,,,,,,,,,,,,,,,,,,,,,,,,,,,,,,,,,,,,,,,,P7350,Bar_MIC,10,1,2026-05-15_14h49.41.843,MIC_task,,2026.1.2,60.04138051946148,2026-05-15 14h49.44.746353 +0200,
MRnGO_prac_stimuli/wizard.png,"(0, -0.1)",25,0,25,None,,,,,,,,,,,,,,,,,,,,,,,,,0,0,0,0,25,0,25,0,,,,,,,,,,,,,85.58467229999997,,,,,,,,,,,,,,,,,,,,,,,,,,,,,,,,,,,,,,,,,,,,,,,,,,,,,,,,,,,,,,,,,,,,85.57330530000036,85.58467229999997,85.58467229999997,85.58467229999997,85.76882800000021,None,,,,,,,,,,,,,,,,,,,,,,,,,,,,,,,,,,,,,,,,,,,,,,,,,,,,,,,,,P7350,Bar_MIC,10,1,2026-05-15_14h49.41.843,MIC_task,,2026.1.2,60.04138051946148,2026-05-15 14h49.44.746353 +0200,
MRnGO_prac_stimuli/wizard.png,"(0, -0.1)",26,0,26,None,,,,,,,,,,,,,,,,,,,,,,,,,0,0,0,0,26,0,26,0,,,,,,,,,,,,,85.78508420000026,,,,,,,,,,,,,,,,,,,,,,,,,,,,,,,,,,,,,,,,,,,,,,,,,,,,,,,,,,,,,,,,,,,,85.77361940000037,85.78508420000026,85.78508420000026,85.78508420000026,85.96891640000013,None,,,,,,,,,,,,,,,,,,,,,,,,,,,,,,,,,,,,,,,,,,,,,,,,,,,,,,,,,P7350,Bar_MIC,10,1,2026-05-15_14h49.41.843,MIC_task,,2026.1.2,60.04138051946148,2026-05-15 14h49.44.746353 +0200,
MRnGO_prac_stimuli/wizard.png,"(0, -0.1)",27,0,27,None,,,,,,,,,,,,,,,,,,,,,,,,,0,0,0,0,27,0,27,0,,,,,,,,,,,,,85.98553579999998,,,,,,,,,,,,,,,,,,,,,,,,,,,,,,,,,,,,,,,,,,,,,,,,,,,,,,,,,,,,,,,,,,,,85.97513040000013,85.98553579999998,85.98553579999998,85.98553579999998,86.16935190000004,None,,,,,,,,,,,,,,,,,,,,,,,,,,,,,,,,,,,,,,,,,,,,,,,,,,,,,,,,,P7350,Bar_MIC,10,1,2026-05-15_14h49.41.843,MIC_task,,2026.1.2,60.04138051946148,2026-05-15 14h49.44.746353 +0200,
MRnGO_prac_stimuli/wizard.png,"(0, -0.1)",28,0,28,None,,,,,,,,,,,,,,,,,,,,,,,,,0,0,0,0,28,0,28,0,,,,,,,,,,,,,86.18597190000037,,,,,,,,,,,,,,,,,,,,,,,,,,,,,,,,,,,,,,,,,,,,,,,,,,,,,,,,,,,,,,,,,,,,86.17450460000009,86.18597190000037,86.18597190000037,86.18597190000037,86.36969320000026,None,,,,,,,,,,,,,,,,,,,,,,,,,,,,,,,,,,,,,,,,,,,,,,,,,,,,,,,,,P7350,Bar_MIC,10,1,2026-05-15_14h49.41.843,MIC_task,,2026.1.2,60.04138051946148,2026-05-15 14h49.44.746353 +0200,
MRnGO_prac_stimuli/wizard.png,"(0, -0.1)",29,0,29,space,0.15584790000002613,None,,,,,,,,,,,,,,,,,,,,,,,0,0,0,0,29,0,29,0,,,,,,,,,,,,,86.38551600000028,,,,,,,,,,,,,,,,,,,,,,,,,,,,,,,,,,,,,,,,,,,,,,,,,,,,,,,,,,,,,,,,,,,,86.37488310000026,86.38551600000028,86.38551600000028,86.38551600000028,86.55532489999996,space,0.15584790000002613,None,,,,,,,,,,,,,,,,,,,,,,,,,,,,,,,,,,,,,,,,,,,,,,,,,,,,,,,P7350,Bar_MIC,10,1,2026-05-15_14h49.41.843,MIC_task,,2026.1.2,60.04138051946148,2026-05-15 14h49.44.746353 +0200,
MRnGO_prac_stimuli/wizard.png,"(0, -0.1)",0,0,0,,,,space,0.6538181999999324,None,,,,,,,,,,,,,,,,,,,,0,0,0,0,,,,,,,,,,,,,,,,,,,,,,,,,,,,,,,,,,,,,,,,,,,,,,,,,,,,,,,,,,,,,,,,,,,,,,,,,,,,,,,,,,,,,,,,,,,,,86.65549529999998,86.66460700000016,86.67059386666675,88.55629060000001,88.59082130000024,88.59838790000003,88.60615530000022,90.47515550000026,90.56009030000041,90.5601458000001,90.57589150000013,90.57589150000013,91.24442100000033,space,0.6538181999999324,None,,,,,,,,,,,,,,,,,,,,,,,,,,,,,,,,,,,,,,,P7350,Bar_MIC,10,1,2026-05-15_14h49.41.843,MIC_task,,2026.1.2,60.04138051946148,2026-05-15 14h49.44.746353 +0200,
MRnGO_prac_stimuli/clover.png,"(0.1, 0.1)",0,0,0,None,,,,,,,,,,,,,,,,,,,,,,,,,0,1,1,1,0,0,0,0,,,,,,,,,,,,,91.2751287000001,,,,,,,,,,,,,,,,,,,,,,,,,,,,,,,,,,,,,,,,,,,,,,,,,,,,,,,,,,,,,,,,,,,,91.26754250000022,91.2751287000001,91.2751287000001,91.2751287000001,91.4604491,None,,,,,,,,,,,,,,,,,,,,,,,,,,,,,,,,,,,,,,,,,,,,,,,,,,,,,,,,,P7350,Bar_MIC,10,1,2026-05-15_14h49.41.843,MIC_task,,2026.1.2,60.04138051946148,2026-05-15 14h49.44.746353 +0200,
MRnGO_prac_stimuli/clover.png,"(0.1, 0.1)",0,0,0,None,,,,,,,,,,,,,,,,,,,,,,,,,0,1,1,1,0,0,0,0,,,,,,,,,,,,,91.4774768000002,,,,,,,,,,,,,,,,,,,,,,,,,,,,,,,,,,,,,,,,,,,,,,,,,,,,,,,,,,,,,,,,,,,,91.4656457000001,91.4774768000002,91.4774768000002,91.4774768000002,91.66167290000021,None,,,,,,,,,,,,,,,,,,,,,,,,,,,,,,,,,,,,,,,,,,,,,,,,,,,,,,,,,P7350,Bar_MIC,10,1,2026-05-15_14h49.41.843,MIC_task,,2026.1.2,60.04138051946148,2026-05-15 14h49.44.746353 +0200,
MRnGO_prac_stimuli/clover.png,"(0.1, 0.1)",1,0,1,None,,,,,,,,,,,,,,,,,,,,,,,,,0,1,1,1,1,0,1,0,,,,,,,,,,,,,91.67730240000037,,,,,,,,,,,,,,,,,,,,,,,,,,,,,,,,,,,,,,,,,,,,,,,,,,,,,,,,,,,,,,,,,,,,91.66651100000036,91.67730240000037,91.67730240000037,91.67730240000037,91.86204829999997,None,,,,,,,,,,,,,,,,,,,,,,,,,,,,,,,,,,,,,,,,,,,,,,,,,,,,,,,,,P7350,Bar_MIC,10,1,2026-05-15_14h49.41.843,MIC_task,,2026.1.2,60.04138051946148,2026-05-15 14h49.44.746353 +0200,
MRnGO_prac_stimuli/clover.png,"(0.1, 0.1)",2,0,2,None,,,,,,,,,,,,,,,,,,,,,,,,,0,1,1,1,2,0,2,0,,,,,,,,,,,,,91.87770630000023,,,,,,,,,,,,,,,,,,,,,,,,,,,,,,,,,,,,,,,,,,,,,,,,,,,,,,,,,,,,,,,,,,,,91.86672120000003,91.87770630000023,91.87770630000023,91.87770630000023,92.04486820000011,None,,,,,,,,,,,,,,,,,,,,,,,,,,,,,,,,,,,,,,,,,,,,,,,,,,,,,,,,,P7350,Bar_MIC,10,1,2026-05-15_14h49.41.843,MIC_task,,2026.1.2,60.04138051946148,2026-05-15 14h49.44.746353 +0200,
MRnGO_prac_stimuli/clover.png,"(0.1, 0.1)",3,0,3,None,,,,,,,,,,,,,,,,,,,,,,,,,0,1,1,1,3,0,3,0,,,,,,,,,,,,,92.06134090000023,,,,,,,,,,,,,,,,,,,,,,,,,,,,,,,,,,,,,,,,,,,,,,,,,,,,,,,,,,,,,,,,,,,,92.05056100000002,92.06134090000023,92.06134090000023,92.06134090000023,92.24518480000006,None,,,,,,,,,,,,,,,,,,,,,,,,,,,,,,,,,,,,,,,,,,,,,,,,,,,,,,,,,P7350,Bar_MIC,10,1,2026-05-15_14h49.41.843,MIC_task,,2026.1.2,60.04138051946148,2026-05-15 14h49.44.746353 +0200,
MRnGO_prac_stimuli/clover.png,"(0.1, 0.1)",4,0,4,None,,,,,,,,,,,,,,,,,,,,,,,,,0,1,1,1,4,0,4,0,,,,,,,,,,,,,92.2622209000001,,,,,,,,,,,,,,,,,,,,,,,,,,,,,,,,,,,,,,,,,,,,,,,,,,,,,,,,,,,,,,,,,,,,92.24955690000024,92.2622209000001,92.2622209000001,92.2622209000001,92.44548450000002,None,,,,,,,,,,,,,,,,,,,,,,,,,,,,,,,,,,,,,,,,,,,,,,,,,,,,,,,,,P7350,Bar_MIC,10,1,2026-05-15_14h49.41.843,MIC_task,,2026.1.2,60.04138051946148,2026-05-15 14h49.44.746353 +0200,
MRnGO_prac_stimuli/clover.png,"(0.1, 0.1)",5,0,5,None,,,,,,,,,,,,,,,,,,,,,,,,,0,1,1,1,5,0,5,0,,,,,,,,,,,,,92.4612919000001,,,,,,,,,,,,,,,,,,,,,,,,,,,,,,,,,,,,,,,,,,,,,,,,,,,,,,,,,,,,,,,,,,,,92.45043690000011,92.4612919000001,92.4612919000001,92.4612919000001,92.6463788000001,None,,,,,,,,,,,,,,,,,,,,,,,,,,,,,,,,,,,,,,,,,,,,,,,,,,,,,,,,,P7350,Bar_MIC,10,1,2026-05-15_14h49.41.843,MIC_task,,2026.1.2,60.04138051946148,2026-05-15 14h49.44.746353 +0200,
MRnGO_prac_stimuli/clover.png,"(0.1, 0.1)",6,0,6,None,,,,,,,,,,,,,,,,,,,,,,,,,0,1,1,1,6,0,6,0,,,,,,,,,,,,,92.66160940000009,,,,,,,,,,,,,,,,,,,,,,,,,,,,,,,,,,,,,,,,,,,,,,,,,,,,,,,,,,,,,,,,,,,,92.6512230000003,92.66160940000009,92.66160940000009,92.66160940000009,92.84738700000025,None,,,,,,,,,,,,,,,,,,,,,,,,,,,,,,,,,,,,,,,,,,,,,,,,,,,,,,,,,P7350,Bar_MIC,10,1,2026-05-15_14h49.41.843,MIC_task,,2026.1.2,60.04138051946148,2026-05-15 14h49.44.746353 +0200,
MRnGO_prac_stimuli/clover.png,"(0.1, 0.1)",7,0,7,None,,,,,,,,,,,,,,,,,,,,,,,,,0,1,1,1,7,0,7,0,,,,,,,,,,,,,92.8620479000001,,,,,,,,,,,,,,,,,,,,,,,,,,,,,,,,,,,,,,,,,,,,,,,,,,,,,,,,,,,,,,,,,,,,92.85228920000009,92.8620479000001,92.8620479000001,92.8620479000001,93.04734170000029,None,,,,,,,,,,,,,,,,,,,,,,,,,,,,,,,,,,,,,,,,,,,,,,,,,,,,,,,,,P7350,Bar_MIC,10,1,2026-05-15_14h49.41.843,MIC_task,,2026.1.2,60.04138051946148,2026-05-15 14h49.44.746353 +0200,
MRnGO_prac_stimuli/clover.png,"(0.1, 0.1)",8,0,8,None,,,,,,,,,,,,,,,,,,,,,,,,,0,1,1,1,8,0,8,0,,,,,,,,,,,,,93.06253510000033,,,,,,,,,,,,,,,,,,,,,,,,,,,,,,,,,,,,,,,,,,,,,,,,,,,,,,,,,,,,,,,,,,,,93.05187810000007,93.06253510000033,93.06253510000033,93.06253510000033,93.24759710000035,None,,,,,,,,,,,,,,,,,,,,,,,,,,,,,,,,,,,,,,,,,,,,,,,,,,,,,,,,,P7350,Bar_MIC,10,1,2026-05-15_14h49.41.843,MIC_task,,2026.1.2,60.04138051946148,2026-05-15 14h49.44.746353 +0200,
MRnGO_prac_stimuli/clover.png,"(0.1, 0.1)",9,0,9,None,,,,,,,,,,,,,,,,,,,,,,,,,0,1,1,1,9,0,9,0,,,,,,,,,,,,,93.26283850000027,,,,,,,,,,,,,,,,,,,,,,,,,,,,,,,,,,,,,,,,,,,,,,,,,,,,,,,,,,,,,,,,,,,,93.25237100000004,93.26283850000027,93.26283850000027,93.26283850000027,93.44765120000011,None,,,,,,,,,,,,,,,,,,,,,,,,,,,,,,,,,,,,,,,,,,,,,,,,,,,,,,,,,P7350,Bar_MIC,10,1,2026-05-15_14h49.41.843,MIC_task,,2026.1.2,60.04138051946148,2026-05-15 14h49.44.746353 +0200,
MRnGO_prac_stimuli/clover.png,"(0.1, 0.1)",10,0,10,None,,,,,,,,,,,,,,,,,,,,,,,,,0,1,1,1,10,0,10,0,,,,,,,,,,,,,93.46318010000005,,,,,,,,,,,,,,,,,,,,,,,,,,,,,,,,,,,,,,,,,,,,,,,,,,,,,,,,,,,,,,,,,,,,93.45282620000035,93.46318010000005,93.46318010000005,93.46318010000005,93.6469849,None,,,,,,,,,,,,,,,,,,,,,,,,,,,,,,,,,,,,,,,,,,,,,,,,,,,,,,,,,P7350,Bar_MIC,10,1,2026-05-15_14h49.41.843,MIC_task,,2026.1.2,60.04138051946148,2026-05-15 14h49.44.746353 +0200,
MRnGO_prac_stimuli/clover.png,"(0.1, 0.1)",11,0,11,None,,,,,,,,,,,,,,,,,,,,,,,,,0,1,1,1,11,0,11,0,,,,,,,,,,,,,93.66359990000001,,,,,,,,,,,,,,,,,,,,,,,,,,,,,,,,,,,,,,,,,,,,,,,,,,,,,,,,,,,,,,,,,,,,93.65170040000021,93.66359990000001,93.66359990000001,93.66359990000001,93.84734330000038,None,,,,,,,,,,,,,,,,,,,,,,,,,,,,,,,,,,,,,,,,,,,,,,,,,,,,,,,,,P7350,Bar_MIC,10,1,2026-05-15_14h49.41.843,MIC_task,,2026.1.2,60.04138051946148,2026-05-15 14h49.44.746353 +0200,
MRnGO_prac_stimuli/clover.png,"(0.1, 0.1)",12,0,12,None,,,,,,,,,,,,,,,,,,,,,,,,,0,1,1,1,12,0,12,0,,,,,,,,,,,,,93.86393020000014,,,,,,,,,,,,,,,,,,,,,,,,,,,,,,,,,,,,,,,,,,,,,,,,,,,,,,,,,,,,,,,,,,,,93.8517009000002,93.86393020000014,93.86393020000014,93.86393020000014,94.04827380000006,None,,,,,,,,,,,,,,,,,,,,,,,,,,,,,,,,,,,,,,,,,,,,,,,,,,,,,,,,,P7350,Bar_MIC,10,1,2026-05-15_14h49.41.843,MIC_task,,2026.1.2,60.04138051946148,2026-05-15 14h49.44.746353 +0200,
MRnGO_prac_stimuli/clover.png,"(0.1, 0.1)",13,0,13,None,,,,,,,,,,,,,,,,,,,,,,,,,0,1,1,1,13,0,13,0,,,,,,,,,,,,,94.06448040000032,,,,,,,,,,,,,,,,,,,,,,,,,,,,,,,,,,,,,,,,,,,,,,,,,,,,,,,,,,,,,,,,,,,,94.05406220000032,94.06448040000032,94.06448040000032,94.06448040000032,94.24821550000024,None,,,,,,,,,,,,,,,,,,,,,,,,,,,,,,,,,,,,,,,,,,,,,,,,,,,,,,,,,P7350,Bar_MIC,10,1,2026-05-15_14h49.41.843,MIC_task,,2026.1.2,60.04138051946148,2026-05-15 14h49.44.746353 +0200,
MRnGO_prac_stimuli/clover.png,"(0.1, 0.1)",14,0,14,None,,,,,,,,,,,,,,,,,,,,,,,,,0,1,1,1,14,0,14,0,,,,,,,,,,,,,94.2648236,,,,,,,,,,,,,,,,,,,,,,,,,,,,,,,,,,,,,,,,,,,,,,,,,,,,,,,,,,,,,,,,,,,,94.25353240000004,94.2648236,94.2648236,94.2648236,94.448668,None,,,,,,,,,,,,,,,,,,,,,,,,,,,,,,,,,,,,,,,,,,,,,,,,,,,,,,,,,P7350,Bar_MIC,10,1,2026-05-15_14h49.41.843,MIC_task,,2026.1.2,60.04138051946148,2026-05-15 14h49.44.746353 +0200,
MRnGO_prac_stimuli/clover.png,"(0.1, 0.1)",15,0,15,None,,,,,,,,,,,,,,,,,,,,,,,,,0,1,1,1,15,0,15,0,,,,,,,,,,,,,94.46523830000024,,,,,,,,,,,,,,,,,,,,,,,,,,,,,,,,,,,,,,,,,,,,,,,,,,,,,,,,,,,,,,,,,,,,94.45307090000006,94.46523830000024,94.46523830000024,94.46523830000024,94.65244849999999,None,,,,,,,,,,,,,,,,,,,,,,,,,,,,,,,,,,,,,,,,,,,,,,,,,,,,,,,,,P7350,Bar_MIC,10,1,2026-05-15_14h49.41.843,MIC_task,,2026.1.2,60.04138051946148,2026-05-15 14h49.44.746353 +0200,
MRnGO_prac_stimuli/clover.png,"(0.1, 0.1)",16,0,16,None,,,,,,,,,,,,,,,,,,,,,,,,,0,1,1,1,16,0,16,0,,,,,,,,,,,,,94.6642009000002,,,,,,,,,,,,,,,,,,,,,,,,,,,,,,,,,,,,,,,,,,,,,,,,,,,,,,,,,,,,,,,,,,,,94.65836050000007,94.6642009000002,94.6642009000002,94.6642009000002,94.84934770000018,None,,,,,,,,,,,,,,,,,,,,,,,,,,,,,,,,,,,,,,,,,,,,,,,,,,,,,,,,,P7350,Bar_MIC,10,1,2026-05-15_14h49.41.843,MIC_task,,2026.1.2,60.04138051946148,2026-05-15 14h49.44.746353 +0200,
MRnGO_prac_stimuli/clover.png,"(0.1, 0.1)",17,0,17,None,,,,,,,,,,,,,,,,,,,,,,,,,0,1,1,1,17,0,17,0,,,,,,,,,,,,,94.86584710000034,,,,,,,,,,,,,,,,,,,,,,,,,,,,,,,,,,,,,,,,,,,,,,,,,,,,,,,,,,,,,,,,,,,,94.85432860000037,94.86584710000034,94.86584710000034,94.86584710000034,95.05040220000001,None,,,,,,,,,,,,,,,,,,,,,,,,,,,,,,,,,,,,,,,,,,,,,,,,,,,,,,,,,P7350,Bar_MIC,10,1,2026-05-15_14h49.41.843,MIC_task,,2026.1.2,60.04138051946148,2026-05-15 14h49.44.746353 +0200,
MRnGO_prac_stimuli/clover.png,"(0.1, 0.1)",18,0,18,None,,,,,,,,,,,,,,,,,,,,,,,,,0,1,1,1,18,0,18,0,,,,,,,,,,,,,95.06537580000031,,,,,,,,,,,,,,,,,,,,,,,,,,,,,,,,,,,,,,,,,,,,,,,,,,,,,,,,,,,,,,,,,,,,95.05486520000022,95.06537580000031,95.06537580000031,95.06537580000031,95.2491,None,,,,,,,,,,,,,,,,,,,,,,,,,,,,,,,,,,,,,,,,,,,,,,,,,,,,,,,,,P7350,Bar_MIC,10,1,2026-05-15_14h49.41.843,MIC_task,,2026.1.2,60.04138051946148,2026-05-15 14h49.44.746353 +0200,
MRnGO_prac_stimuli/clover.png,"(0.1, 0.1)",19,0,19,None,,,,,,,,,,,,,,,,,,,,,,,,,0,1,1,1,19,0,19,0,,,,,,,,,,,,,95.26576420000038,,,,,,,,,,,,,,,,,,,,,,,,,,,,,,,,,,,,,,,,,,,,,,,,,,,,,,,,,,,,,,,,,,,,95.2539654000002,95.26576420000038,95.26576420000038,95.26576420000038,95.45023710000032,None,,,,,,,,,,,,,,,,,,,,,,,,,,,,,,,,,,,,,,,,,,,,,,,,,,,,,,,,,P7350,Bar_MIC,10,1,2026-05-15_14h49.41.843,MIC_task,,2026.1.2,60.04138051946148,2026-05-15 14h49.44.746353 +0200,
MRnGO_prac_stimuli/clover.png,"(0.1, 0.1)",20,0,20,None,,,,,,,,,,,,,,,,,,,,,,,,,0,1,1,1,20,0,20,0,,,,,,,,,,,,,95.46612730000015,,,,,,,,,,,,,,,,,,,,,,,,,,,,,,,,,,,,,,,,,,,,,,,,,,,,,,,,,,,,,,,,,,,,95.45494050000025,95.46612730000015,95.46612730000015,95.46612730000015,95.65006630000016,None,,,,,,,,,,,,,,,,,,,,,,,,,,,,,,,,,,,,,,,,,,,,,,,,,,,,,,,,,P7350,Bar_MIC,10,1,2026-05-15_14h49.41.843,MIC_task,,2026.1.2,60.04138051946148,2026-05-15 14h49.44.746353 +0200,
MRnGO_prac_stimuli/clover.png,"(0.1, 0.1)",21,0,21,None,,,,,,,,,,,,,,,,,,,,,,,,,0,1,1,1,21,0,21,0,,,,,,,,,,,,,95.66651910000019,,,,,,,,,,,,,,,,,,,,,,,,,,,,,,,,,,,,,,,,,,,,,,,,,,,,,,,,,,,,,,,,,,,,95.65495820000024,95.66651910000019,95.66651910000019,95.66651910000019,95.8503437000004,None,,,,,,,,,,,,,,,,,,,,,,,,,,,,,,,,,,,,,,,,,,,,,,,,,,,,,,,,,P7350,Bar_MIC,10,1,2026-05-15_14h49.41.843,MIC_task,,2026.1.2,60.04138051946148,2026-05-15 14h49.44.746353 +0200,
MRnGO_prac_stimuli/clover.png,"(0.1, 0.1)",22,0,22,None,,,,,,,,,,,,,,,,,,,,,,,,,0,1,1,1,22,0,22,0,,,,,,,,,,,,,95.86701410000023,,,,,,,,,,,,,,,,,,,,,,,,,,,,,,,,,,,,,,,,,,,,,,,,,,,,,,,,,,,,,,,,,,,,95.8557394000004,95.86701410000023,95.86701410000023,95.86701410000023,96.0509849,None,,,,,,,,,,,,,,,,,,,,,,,,,,,,,,,,,,,,,,,,,,,,,,,,,,,,,,,,,P7350,Bar_MIC,10,1,2026-05-15_14h49.41.843,MIC_task,,2026.1.2,60.04138051946148,2026-05-15 14h49.44.746353 +0200,
MRnGO_prac_stimuli/clover.png,"(0.1, 0.1)",23,0,23,None,,,,,,,,,,,,,,,,,,,,,,,,,0,1,1,1,23,0,23,0,,,,,,,,,,,,,96.06723950000014,,,,,,,,,,,,,,,,,,,,,,,,,,,,,,,,,,,,,,,,,,,,,,,,,,,,,,,,,,,,,,,,,,,,96.05602670000007,96.06723950000014,96.06723950000014,96.06723950000014,96.2519926,None,,,,,,,,,,,,,,,,,,,,,,,,,,,,,,,,,,,,,,,,,,,,,,,,,,,,,,,,,P7350,Bar_MIC,10,1,2026-05-15_14h49.41.843,MIC_task,,2026.1.2,60.04138051946148,2026-05-15 14h49.44.746353 +0200,
MRnGO_prac_stimuli/clover.png,"(0.1, 0.1)",24,0,24,None,,,,,,,,,,,,,,,,,,,,,,,,,0,1,1,1,24,0,24,0,,,,,,,,,,,,,96.26766680000037,,,,,,,,,,,,,,,,,,,,,,,,,,,,,,,,,,,,,,,,,,,,,,,,,,,,,,,,,,,,,,,,,,,,96.25693890000002,96.26766680000037,96.26766680000037,96.26766680000037,96.45157470000004,None,,,,,,,,,,,,,,,,,,,,,,,,,,,,,,,,,,,,,,,,,,,,,,,,,,,,,,,,,P7350,Bar_MIC,10,1,2026-05-15_14h49.41.843,MIC_task,,2026.1.2,60.04138051946148,2026-05-15 14h49.44.746353 +0200,
MRnGO_prac_stimuli/clover.png,"(0.1, 0.1)",25,0,25,None,,,,,,,,,,,,,,,,,,,,,,,,,0,1,1,1,25,0,25,0,,,,,,,,,,,,,96.46816390000004,,,,,,,,,,,,,,,,,,,,,,,,,,,,,,,,,,,,,,,,,,,,,,,,,,,,,,,,,,,,,,,,,,,,96.45595760000015,96.46816390000004,96.46816390000004,96.46816390000004,96.65293659999998,None,,,,,,,,,,,,,,,,,,,,,,,,,,,,,,,,,,,,,,,,,,,,,,,,,,,,,,,,,P7350,Bar_MIC,10,1,2026-05-15_14h49.41.843,MIC_task,,2026.1.2,60.04138051946148,2026-05-15 14h49.44.746353 +0200,
MRnGO_prac_stimuli/clover.png,"(0.1, 0.1)",26,0,26,None,,,,,,,,,,,,,,,,,,,,,,,,,0,1,1,1,26,0,26,0,,,,,,,,,,,,,96.6683538000002,,,,,,,,,,,,,,,,,,,,,,,,,,,,,,,,,,,,,,,,,,,,,,,,,,,,,,,,,,,,,,,,,,,,96.65741079999998,96.6683538000002,96.6683538000002,96.6683538000002,96.85233170000038,None,,,,,,,,,,,,,,,,,,,,,,,,,,,,,,,,,,,,,,,,,,,,,,,,,,,,,,,,,P7350,Bar_MIC,10,1,2026-05-15_14h49.41.843,MIC_task,,2026.1.2,60.04138051946148,2026-05-15 14h49.44.746353 +0200,
MRnGO_prac_stimuli/clover.png,"(0.1, 0.1)",27,0,27,None,,,,,,,,,,,,,,,,,,,,,,,,,0,1,1,1,27,0,27,0,,,,,,,,,,,,,96.86879350000027,,,,,,,,,,,,,,,,,,,,,,,,,,,,,,,,,,,,,,,,,,,,,,,,,,,,,,,,,,,,,,,,,,,,96.85765320000019,96.86879350000027,96.86879350000027,96.86879350000027,97.0528174000001,None,,,,,,,,,,,,,,,,,,,,,,,,,,,,,,,,,,,,,,,,,,,,,,,,,,,,,,,,,P7350,Bar_MIC,10,1,2026-05-15_14h49.41.843,MIC_task,,2026.1.2,60.04138051946148,2026-05-15 14h49.44.746353 +0200,
MRnGO_prac_stimuli/clover.png,"(0.1, 0.1)",28,0,28,space,0.12123590000010154,None,,,,,,,,,,,,,,,,,,,,,,,0,1,1,1,28,0,28,0,,,,,,,,,,,,,97.06921390000025,,,,,,,,,,,,,,,,,,,,,,,,,,,,,,,,,,,,,,,,,,,,,,,,,,,,,,,,,,,,,,,,,,,,97.05733950000013,97.06921390000025,97.06921390000025,97.06921390000025,97.2039307,space,0.12123590000010154,None,,,,,,,,,,,,,,,,,,,,,,,,,,,,,,,,,,,,,,,,,,,,,,,,,,,,,,,P7350,Bar_MIC,10,1,2026-05-15_14h49.41.843,MIC_task,,2026.1.2,60.04138051946148,2026-05-15 14h49.44.746353 +0200,
MRnGO_prac_stimuli/clover.png,"(0.1, 0.1)",1,1,0,,,,space,2.4293854000002284,None,,,,,,,,,,,,,,,,,,,,0,1,1,1,,,,,,,,,,,,,,,,,,,,,,,,,,,,,,,,,,,,,,,,,,,,,,,,,,,,,,,,,,,,,,,,,,,,,,,,,,,,,,,,,,,,,,,,,,,,,97.30510040000036,97.31211220000023,97.31929646666673,99.20581000000038,99.23948970000038,99.24631840000029,99.2556708,101.1420836000002,101.20870779999996,101.20877420000033,101.22532220000039,101.22532220000039,103.66380400000025,space,2.4293854000002284,None,,,,,,,,,,,,,,,,,,,,,,,,,,,,,,,,,,,,,,,P7350,Bar_MIC,10,1,2026-05-15_14h49.41.843,MIC_task,,2026.1.2,60.04138051946148,2026-05-15 14h49.44.746353 +0200,
MRnGO_prac_stimuli/king.png,"(0, 0)",0,0,0,None,,,,,,,,,,,,,,,,,,,,,,,,,0,2,2,2,0,0,0,0,,,,,,,,,,,,,103.69231900000023,,,,,,,,,,,,,,,,,,,,,,,,,,,,,,,,,,,,,,,,,,,,,,,,,,,,,,,,,,,,,,,,,,,,103.68560740000021,103.69231900000023,103.69231900000023,103.69231900000023,103.88039650000019,None,,,,,,,,,,,,,,,,,,,,,,,,,,,,,,,,,,,,,,,,,,,,,,,,,,,,,,,,,P7350,Bar_MIC,10,1,2026-05-15_14h49.41.843,MIC_task,,2026.1.2,60.04138051946148,2026-05-15 14h49.44.746353 +0200,
MRnGO_prac_stimuli/king.png,"(0, 0)",0,0,0,None,,,,,,,,,,,,,,,,,,,,,,,,,0,2,2,2,0,0,0,0,,,,,,,,,,,,,103.89644670000007,,,,,,,,,,,,,,,,,,,,,,,,,,,,,,,,,,,,,,,,,,,,,,,,,,,,,,,,,,,,,,,,,,,,103.8857767000004,103.89644670000007,103.89644670000007,103.89644670000007,104.07934139999998,None,,,,,,,,,,,,,,,,,,,,,,,,,,,,,,,,,,,,,,,,,,,,,,,,,,,,,,,,,P7350,Bar_MIC,10,1,2026-05-15_14h49.41.843,MIC_task,,2026.1.2,60.04138051946148,2026-05-15 14h49.44.746353 +0200,
MRnGO_prac_stimuli/king.png,"(0, 0)",1,0,1,None,,,,,,,,,,,,,,,,,,,,,,,,,0,2,2,2,1,0,1,0,,,,,,,,,,,,,104.09597310000026,,,,,,,,,,,,,,,,,,,,,,,,,,,,,,,,,,,,,,,,,,,,,,,,,,,,,,,,,,,,,,,,,,,,104.08478580000019,104.09597310000026,104.09597310000026,104.09597310000026,104.28084650000028,None,,,,,,,,,,,,,,,,,,,,,,,,,,,,,,,,,,,,,,,,,,,,,,,,,,,,,,,,,P7350,Bar_MIC,10,1,2026-05-15_14h49.41.843,MIC_task,,2026.1.2,60.04138051946148,2026-05-15 14h49.44.746353 +0200,
MRnGO_prac_stimuli/king.png,"(0, 0)",2,0,2,None,,,,,,,,,,,,,,,,,,,,,,,,,0,2,2,2,2,0,2,0,,,,,,,,,,,,,104.29623430000038,,,,,,,,,,,,,,,,,,,,,,,,,,,,,,,,,,,,,,,,,,,,,,,,,,,,,,,,,,,,,,,,,,,,104.28588990000026,104.29623430000038,104.29623430000038,104.29623430000038,104.4800795000001,None,,,,,,,,,,,,,,,,,,,,,,,,,,,,,,,,,,,,,,,,,,,,,,,,,,,,,,,,,P7350,Bar_MIC,10,1,2026-05-15_14h49.41.843,MIC_task,,2026.1.2,60.04138051946148,2026-05-15 14h49.44.746353 +0200,
MRnGO_prac_stimuli/king.png,"(0, 0)",3,0,3,None,,,,,,,,,,,,,,,,,,,,,,,,,0,2,2,2,3,0,3,0,,,,,,,,,,,,,104.49667470000031,,,,,,,,,,,,,,,,,,,,,,,,,,,,,,,,,,,,,,,,,,,,,,,,,,,,,,,,,,,,,,,,,,,,104.4850821,104.49667470000031,104.49667470000031,104.49667470000031,104.68052120000038,None,,,,,,,,,,,,,,,,,,,,,,,,,,,,,,,,,,,,,,,,,,,,,,,,,,,,,,,,,P7350,Bar_MIC,10,1,2026-05-15_14h49.41.843,MIC_task,,2026.1.2,60.04138051946148,2026-05-15 14h49.44.746353 +0200,
MRnGO_prac_stimuli/king.png,"(0, 0)",4,0,4,None,,,,,,,,,,,,,,,,,,,,,,,,,0,2,2,2,4,0,4,0,,,,,,,,,,,,,104.69758620000039,,,,,,,,,,,,,,,,,,,,,,,,,,,,,,,,,,,,,,,,,,,,,,,,,,,,,,,,,,,,,,,,,,,,104.68568340000002,104.69758620000039,104.69758620000039,104.69758620000039,104.86407180000015,None,,,,,,,,,,,,,,,,,,,,,,,,,,,,,,,,,,,,,,,,,,,,,,,,,,,,,,,,,P7350,Bar_MIC,10,1,2026-05-15_14h49.41.843,MIC_task,,2026.1.2,60.04138051946148,2026-05-15 14h49.44.746353 +0200,
MRnGO_prac_stimuli/king.png,"(0, 0)",5,0,5,None,,,,,,,,,,,,,,,,,,,,,,,,,0,2,2,2,5,0,5,0,,,,,,,,,,,,,104.8807926000004,,,,,,,,,,,,,,,,,,,,,,,,,,,,,,,,,,,,,,,,,,,,,,,,,,,,,,,,,,,,,,,,,,,,104.86964190000026,104.8807926000004,104.8807926000004,104.8807926000004,105.06454230000008,None,,,,,,,,,,,,,,,,,,,,,,,,,,,,,,,,,,,,,,,,,,,,,,,,,,,,,,,,,P7350,Bar_MIC,10,1,2026-05-15_14h49.41.843,MIC_task,,2026.1.2,60.04138051946148,2026-05-15 14h49.44.746353 +0200,
MRnGO_prac_stimuli/king.png,"(0, 0)",6,0,6,None,,,,,,,,,,,,,,,,,,,,,,,,,0,2,2,2,6,0,6,0,,,,,,,,,,,,,105.08106930000031,,,,,,,,,,,,,,,,,,,,,,,,,,,,,,,,,,,,,,,,,,,,,,,,,,,,,,,,,,,,,,,,,,,,105.07016450000037,105.08106930000031,105.08106930000031,105.08106930000031,105.26496910000014,None,,,,,,,,,,,,,,,,,,,,,,,,,,,,,,,,,,,,,,,,,,,,,,,,,,,,,,,,,P7350,Bar_MIC,10,1,2026-05-15_14h49.41.843,MIC_task,,2026.1.2,60.04138051946148,2026-05-15 14h49.44.746353 +0200,
MRnGO_prac_stimuli/king.png,"(0, 0)",7,0,7,None,,,,,,,,,,,,,,,,,,,,,,,,,0,2,2,2,7,0,7,0,,,,,,,,,,,,,105.28147460000037,,,,,,,,,,,,,,,,,,,,,,,,,,,,,,,,,,,,,,,,,,,,,,,,,,,,,,,,,,,,,,,,,,,,105.26989360000016,105.28147460000037,105.28147460000037,105.28147460000037,105.4655045000004,None,,,,,,,,,,,,,,,,,,,,,,,,,,,,,,,,,,,,,,,,,,,,,,,,,,,,,,,,,P7350,Bar_MIC,10,1,2026-05-15_14h49.41.843,MIC_task,,2026.1.2,60.04138051946148,2026-05-15 14h49.44.746353 +0200,
MRnGO_prac_stimuli/king.png,"(0, 0)",8,0,8,None,,,,,,,,,,,,,,,,,,,,,,,,,0,2,2,2,8,0,8,0,,,,,,,,,,,,,105.48230890000013,,,,,,,,,,,,,,,,,,,,,,,,,,,,,,,,,,,,,,,,,,,,,,,,,,,,,,,,,,,,,,,,,,,,105.47062350000033,105.48230890000013,105.48230890000013,105.48230890000013,105.6656737000003,None,,,,,,,,,,,,,,,,,,,,,,,,,,,,,,,,,,,,,,,,,,,,,,,,,,,,,,,,,P7350,Bar_MIC,10,1,2026-05-15_14h49.41.843,MIC_task,,2026.1.2,60.04138051946148,2026-05-15 14h49.44.746353 +0200,
MRnGO_prac_stimuli/king.png,"(0, 0)",9,0,9,None,,,,,,,,,,,,,,,,,,,,,,,,,0,2,2,2,9,0,9,0,,,,,,,,,,,,,105.68273270000009,,,,,,,,,,,,,,,,,,,,,,,,,,,,,,,,,,,,,,,,,,,,,,,,,,,,,,,,,,,,,,,,,,,,105.67066550000027,105.68273270000009,105.68273270000009,105.68273270000009,105.86968240000033,None,,,,,,,,,,,,,,,,,,,,,,,,,,,,,,,,,,,,,,,,,,,,,,,,,,,,,,,,,P7350,Bar_MIC,10,1,2026-05-15_14h49.41.843,MIC_task,,2026.1.2,60.04138051946148,2026-05-15 14h49.44.746353 +0200,
MRnGO_prac_stimuli/king.png,"(0, 0)",10,0,10,None,,,,,,,,,,,,,,,,,,,,,,,,,0,2,2,2,10,0,10,0,,,,,,,,,,,,,105.88054890000012,,,,,,,,,,,,,,,,,,,,,,,,,,,,,,,,,,,,,,,,,,,,,,,,,,,,,,,,,,,,,,,,,,,,105.87497600000006,105.88054890000012,105.88054890000012,105.88054890000012,106.06658200000038,None,,,,,,,,,,,,,,,,,,,,,,,,,,,,,,,,,,,,,,,,,,,,,,,,,,,,,,,,,P7350,Bar_MIC,10,1,2026-05-15_14h49.41.843,MIC_task,,2026.1.2,60.04138051946148,2026-05-15 14h49.44.746353 +0200,
MRnGO_prac_stimuli/king.png,"(0, 0)",11,0,11,None,,,,,,,,,,,,,,,,,,,,,,,,,0,2,2,2,11,0,11,0,,,,,,,,,,,,,106.08203700000013,,,,,,,,,,,,,,,,,,,,,,,,,,,,,,,,,,,,,,,,,,,,,,,,,,,,,,,,,,,,,,,,,,,,106.0732395,106.08203700000013,106.08203700000013,106.08203700000013,106.26687140000013,None,,,,,,,,,,,,,,,,,,,,,,,,,,,,,,,,,,,,,,,,,,,,,,,,,,,,,,,,,P7350,Bar_MIC,10,1,2026-05-15_14h49.41.843,MIC_task,,2026.1.2,60.04138051946148,2026-05-15 14h49.44.746353 +0200,
MRnGO_prac_stimuli/king.png,"(0, 0)",12,0,12,None,,,,,,,,,,,,,,,,,,,,,,,,,0,2,2,2,12,0,12,0,,,,,,,,,,,,,106.28254130000005,,,,,,,,,,,,,,,,,,,,,,,,,,,,,,,,,,,,,,,,,,,,,,,,,,,,,,,,,,,,,,,,,,,,106.2718676000004,106.28254130000005,106.28254130000005,106.28254130000005,106.46634380000023,None,,,,,,,,,,,,,,,,,,,,,,,,,,,,,,,,,,,,,,,,,,,,,,,,,,,,,,,,,P7350,Bar_MIC,10,1,2026-05-15_14h49.41.843,MIC_task,,2026.1.2,60.04138051946148,2026-05-15 14h49.44.746353 +0200,
MRnGO_prac_stimuli/king.png,"(0, 0)",13,0,13,None,,,,,,,,,,,,,,,,,,,,,,,,,0,2,2,2,13,0,13,0,,,,,,,,,,,,,106.4828249000002,,,,,,,,,,,,,,,,,,,,,,,,,,,,,,,,,,,,,,,,,,,,,,,,,,,,,,,,,,,,,,,,,,,,106.47137199999997,106.4828249000002,106.4828249000002,106.4828249000002,106.66671120000001,None,,,,,,,,,,,,,,,,,,,,,,,,,,,,,,,,,,,,,,,,,,,,,,,,,,,,,,,,,P7350,Bar_MIC,10,1,2026-05-15_14h49.41.843,MIC_task,,2026.1.2,60.04138051946148,2026-05-15 14h49.44.746353 +0200,
MRnGO_prac_stimuli/king.png,"(0, 0)",14,0,14,None,,,,,,,,,,,,,,,,,,,,,,,,,0,2,2,2,14,0,14,0,,,,,,,,,,,,,106.68323520000013,,,,,,,,,,,,,,,,,,,,,,,,,,,,,,,,,,,,,,,,,,,,,,,,,,,,,,,,,,,,,,,,,,,,106.6717206000003,106.68323520000013,106.68323520000013,106.68323520000013,106.86787279999999,None,,,,,,,,,,,,,,,,,,,,,,,,,,,,,,,,,,,,,,,,,,,,,,,,,,,,,,,,,P7350,Bar_MIC,10,1,2026-05-15_14h49.41.843,MIC_task,,2026.1.2,60.04138051946148,2026-05-15 14h49.44.746353 +0200,
MRnGO_prac_stimuli/king.png,"(0, 0)",15,0,15,None,,,,,,,,,,,,,,,,,,,,,,,,,0,2,2,2,15,0,15,0,,,,,,,,,,,,,106.88361340000029,,,,,,,,,,,,,,,,,,,,,,,,,,,,,,,,,,,,,,,,,,,,,,,,,,,,,,,,,,,,,,,,,,,,106.87288230000013,106.88361340000029,106.88361340000029,106.88361340000029,107.06757220000009,None,,,,,,,,,,,,,,,,,,,,,,,,,,,,,,,,,,,,,,,,,,,,,,,,,,,,,,,,,P7350,Bar_MIC,10,1,2026-05-15_14h49.41.843,MIC_task,,2026.1.2,60.04138051946148,2026-05-15 14h49.44.746353 +0200,
MRnGO_prac_stimuli/king.png,"(0, 0)",16,0,16,None,,,,,,,,,,,,,,,,,,,,,,,,,0,2,2,2,16,0,16,0,,,,,,,,,,,,,107.08413020000035,,,,,,,,,,,,,,,,,,,,,,,,,,,,,,,,,,,,,,,,,,,,,,,,,,,,,,,,,,,,,,,,,,,,107.07272830000011,107.08413020000035,107.08413020000035,107.08413020000035,107.26781879999999,None,,,,,,,,,,,,,,,,,,,,,,,,,,,,,,,,,,,,,,,,,,,,,,,,,,,,,,,,,P7350,Bar_MIC,10,1,2026-05-15_14h49.41.843,MIC_task,,2026.1.2,60.04138051946148,2026-05-15 14h49.44.746353 +0200,
MRnGO_prac_stimuli/king.png,"(0, 0)",17,0,17,None,,,,,,,,,,,,,,,,,,,,,,,,,0,2,2,2,17,0,17,0,,,,,,,,,,,,,107.28442780000023,,,,,,,,,,,,,,,,,,,,,,,,,,,,,,,,,,,,,,,,,,,,,,,,,,,,,,,,,,,,,,,,,,,,107.2730574000002,107.28442780000023,107.28442780000023,107.28442780000023,107.46833830000014,None,,,,,,,,,,,,,,,,,,,,,,,,,,,,,,,,,,,,,,,,,,,,,,,,,,,,,,,,,P7350,Bar_MIC,10,1,2026-05-15_14h49.41.843,MIC_task,,2026.1.2,60.04138051946148,2026-05-15 14h49.44.746353 +0200,
MRnGO_prac_stimuli/king.png,"(0, 0)",18,0,18,None,,,,,,,,,,,,,,,,,,,,,,,,,0,2,2,2,18,0,18,0,,,,,,,,,,,,,107.48498090000021,,,,,,,,,,,,,,,,,,,,,,,,,,,,,,,,,,,,,,,,,,,,,,,,,,,,,,,,,,,,,,,,,,,,107.47351790000039,107.48498090000021,107.48498090000021,107.48498090000021,107.66860380000026,None,,,,,,,,,,,,,,,,,,,,,,,,,,,,,,,,,,,,,,,,,,,,,,,,,,,,,,,,,P7350,Bar_MIC,10,1,2026-05-15_14h49.41.843,MIC_task,,2026.1.2,60.04138051946148,2026-05-15 14h49.44.746353 +0200,
MRnGO_prac_stimuli/king.png,"(0, 0)",19,0,19,space,0.03258219999997891,None,,,,,,,,,,,,,,,,,,,,,,,0,2,2,2,19,0,19,0,,,,,,,,,,,,,107.68517580000025,,,,,,,,,,,,,,,,,,,,,,,,,,,,,,,,,,,,,,,,,,,,,,,,,,,,,,,,,,,,,,,,,,,,107.67372730000034,107.68517580000025,107.68517580000025,107.68517580000025,107.71997330000022,space,0.03258219999997891,None,,,,,,,,,,,,,,,,,,,,,,,,,,,,,,,,,,,,,,,,,,,,,,,,,,,,,,,P7350,Bar_MIC,10,1,2026-05-15_14h49.41.843,MIC_task,,2026.1.2,60.04138051946148,2026-05-15 14h49.44.746353 +0200,
MRnGO_prac_stimuli/king.png,"(0, 0)",2,2,0,,,,space,0.7684368999998696,None,,,,,,,,,,,,,,,,,,,,0,2,2,2,,,,,,,,,,,,,,,,,,,,,,,,,,,,,,,,,,,,,,,,,,,,,,,,,,,,,,,,,,,,,,,,,,,,,,,,,,,,,,,,,,,,,,,,,,,,,107.81492000000026,107.82276270000011,107.81884100000033,109.7218369000002,109.7506113000004,109.75731470000028,109.75502253333346,111.64089130000002,111.72483730000022,111.7248867000003,111.74147070000026,111.74147070000026,112.52730500000007,space,0.7684368999998696,None,,,,,,,,,,,,,,,,,,,,,,,,,,,,,,,,,,,,,,,P7350,Bar_MIC,10,1,2026-05-15_14h49.41.843,MIC_task,,2026.1.2,60.04138051946148,2026-05-15 14h49.44.746353 +0200,
,,,,,,,,,,,,,,,,,,,,,,,,,,,,,,,,,,,,,,,,,,,,,,,,,,,,,,,,,,,,,,,,,,,,,,,,,,,,,,,,,,,,,,,,,,,,,,,,,,,,,,,,,,,,,,112.63925990000007,112.64912540000023,112.64912540000023,112.64280496666684,123.76184750000039,space,11.101416399999835,None,,,,,,,,,,,,,,,,,,,,,,,,,117.7853855000003,,,,,,,,,,,,,,,,,,,,,,,,,,,,,,,,,,,,,,P7350,Bar_MIC,10,1,2026-05-15_14h49.41.843,MIC_task,,2026.1.2,60.04138051946148,2026-05-15 14h49.44.746353 +0200,
,,0,0,0,,,,,,,10,f08,sajt,cheese,4,food,dairy,7,10486,21,51,None,"(-0.1, 0)",None,,,,,,,,,,,,,,0,0,0,0,0,0,0,0,0,0,0,0,123.81119940000008,,,,,,,,,,,,,,,,,,,,,,,,,,,,,,,,,,,,,,,,,,,,,,,,,,,,,,,,,,,,,,,,,,,,,,,,,,,,,,,,,,,,,,,,,,,,,123.80505620000031,123.81119940000008,123.81119940000008,123.81119940000008,123.97791710000001,None,,,,,,,,,,,,,,,,,,,,,,,,,,,,,,,,P7350,Bar_MIC,10,1,2026-05-15_14h49.41.843,MIC_task,,2026.1.2,60.04138051946148,2026-05-15 14h49.44.746353 +0200,
,,0,0,0,,,,,,,10,f08,sajt,cheese,4,food,dairy,7,10486,21,51,None,"(-0.1, 0)",None,,,,,,,,,,,,,,0,0,0,0,0,0,0,0,0,0,0,0,123.99312810000038,,,,,,,,,,,,,,,,,,,,,,,,,,,,,,,,,,,,,,,,,,,,,,,,,,,,,,,,,,,,,,,,,,,,,,,,,,,,,,,,,,,,,,,,,,,,,123.98266469999999,123.99312810000038,123.99312810000038,123.99312810000038,124.17700860000014,None,,,,,,,,,,,,,,,,,,,,,,,,,,,,,,,,P7350,Bar_MIC,10,1,2026-05-15_14h49.41.843,MIC_task,,2026.1.2,60.04138051946148,2026-05-15 14h49.44.746353 +0200,
,,1,0,1,,,,,,,10,f08,sajt,cheese,4,food,dairy,7,10486,21,51,None,"(-0.1, 0)",None,,,,,,,,,,,,,,0,0,0,0,0,0,0,0,1,0,1,0,124.19355940000014,,,,,,,,,,,,,,,,,,,,,,,,,,,,,,,,,,,,,,,,,,,,,,,,,,,,,,,,,,,,,,,,,,,,,,,,,,,,,,,,,,,,,,,,,,,,,124.18159500000002,124.19355940000014,124.19355940000014,124.19355940000014,124.37887730000011,None,,,,,,,,,,,,,,,,,,,,,,,,,,,,,,,,P7350,Bar_MIC,10,1,2026-05-15_14h49.41.843,MIC_task,,2026.1.2,60.04138051946148,2026-05-15 14h49.44.746353 +0200,
,,2,0,2,,,,,,,10,f08,sajt,cheese,4,food,dairy,7,10486,21,51,None,"(-0.1, 0)",None,,,,,,,,,,,,,,0,0,0,0,0,0,0,0,2,0,2,0,124.39395409999997,,,,,,,,,,,,,,,,,,,,,,,,,,,,,,,,,,,,,,,,,,,,,,,,,,,,,,,,,,,,,,,,,,,,,,,,,,,,,,,,,,,,,,,,,,,,,124.38352000000032,124.39395409999997,124.39395409999997,124.39395409999997,124.57786880000003,None,,,,,,,,,,,,,,,,,,,,,,,,,,,,,,,,P7350,Bar_MIC,10,1,2026-05-15_14h49.41.843,MIC_task,,2026.1.2,60.04138051946148,2026-05-15 14h49.44.746353 +0200,
,,3,0,3,,,,,,,10,f08,sajt,cheese,4,food,dairy,7,10486,21,51,None,"(-0.1, 0)",None,,,,,,,,,,,,,,0,0,0,0,0,0,0,0,3,0,3,0,124.59439950000024,,,,,,,,,,,,,,,,,,,,,,,,,,,,,,,,,,,,,,,,,,,,,,,,,,,,,,,,,,,,,,,,,,,,,,,,,,,,,,,,,,,,,,,,,,,,,124.58272320000015,124.59439950000024,124.59439950000024,124.59439950000024,124.77806660000033,None,,,,,,,,,,,,,,,,,,,,,,,,,,,,,,,,P7350,Bar_MIC,10,1,2026-05-15_14h49.41.843,MIC_task,,2026.1.2,60.04138051946148,2026-05-15 14h49.44.746353 +0200,
,,4,0,4,,,,,,,10,f08,sajt,cheese,4,food,dairy,7,10486,21,51,None,"(-0.1, 0)",None,,,,,,,,,,,,,,0,0,0,0,0,0,0,0,4,0,4,0,124.79504429999997,,,,,,,,,,,,,,,,,,,,,,,,,,,,,,,,,,,,,,,,,,,,,,,,,,,,,,,,,,,,,,,,,,,,,,,,,,,,,,,,,,,,,,,,,,,,,124.78263650000008,124.79504429999997,124.79504429999997,124.79504429999997,124.96260710000024,None,,,,,,,,,,,,,,,,,,,,,,,,,,,,,,,,P7350,Bar_MIC,10,1,2026-05-15_14h49.41.843,MIC_task,,2026.1.2,60.04138051946148,2026-05-15 14h49.44.746353 +0200,
,,5,0,5,,,,,,,10,f08,sajt,cheese,4,food,dairy,7,10486,21,51,None,"(-0.1, 0)",None,,,,,,,,,,,,,,0,0,0,0,0,0,0,0,5,0,5,0,124.9782779000002,,,,,,,,,,,,,,,,,,,,,,,,,,,,,,,,,,,,,,,,,,,,,,,,,,,,,,,,,,,,,,,,,,,,,,,,,,,,,,,,,,,,,,,,,,,,,124.96751140000015,124.9782779000002,124.9782779000002,124.9782779000002,125.16278330000023,None,,,,,,,,,,,,,,,,,,,,,,,,,,,,,,,,P7350,Bar_MIC,10,1,2026-05-15_14h49.41.843,MIC_task,,2026.1.2,60.04138051946148,2026-05-15 14h49.44.746353 +0200,
,,6,0,6,,,,,,,10,f08,sajt,cheese,4,food,dairy,7,10486,21,51,None,"(-0.1, 0)",None,,,,,,,,,,,,,,0,0,0,0,0,0,0,0,6,0,6,0,125.17851970000038,,,,,,,,,,,,,,,,,,,,,,,,,,,,,,,,,,,,,,,,,,,,,,,,,,,,,,,,,,,,,,,,,,,,,,,,,,,,,,,,,,,,,,,,,,,,,125.16783610000039,125.17851970000038,125.17851970000038,125.17851970000038,125.36236670000017,None,,,,,,,,,,,,,,,,,,,,,,,,,,,,,,,,P7350,Bar_MIC,10,1,2026-05-15_14h49.41.843,MIC_task,,2026.1.2,60.04138051946148,2026-05-15 14h49.44.746353 +0200,
,,7,0,7,,,,,,,10,f08,sajt,cheese,4,food,dairy,7,10486,21,51,None,"(-0.1, 0)",None,,,,,,,,,,,,,,0,0,0,0,0,0,0,0,7,0,7,0,125.37915520000024,,,,,,,,,,,,,,,,,,,,,,,,,,,,,,,,,,,,,,,,,,,,,,,,,,,,,,,,,,,,,,,,,,,,,,,,,,,,,,,,,,,,,,,,,,,,,125.36695650000001,125.37915520000024,125.37915520000024,125.37915520000024,125.56506200000013,None,,,,,,,,,,,,,,,,,,,,,,,,,,,,,,,,P7350,Bar_MIC,10,1,2026-05-15_14h49.41.843,MIC_task,,2026.1.2,60.04138051946148,2026-05-15 14h49.44.746353 +0200,
,,8,0,8,,,,,,,10,f08,sajt,cheese,4,food,dairy,7,10486,21,51,None,"(-0.1, 0)",None,,,,,,,,,,,,,,0,0,0,0,0,0,0,0,8,0,8,0,125.57852530000036,,,,,,,,,,,,,,,,,,,,,,,,,,,,,,,,,,,,,,,,,,,,,,,,,,,,,,,,,,,,,,,,,,,,,,,,,,,,,,,,,,,,,,,,,,,,,125.56967510000004,125.57852530000036,125.57852530000036,125.57852530000036,125.76341360000015,None,,,,,,,,,,,,,,,,,,,,,,,,,,,,,,,,P7350,Bar_MIC,10,1,2026-05-15_14h49.41.843,MIC_task,,2026.1.2,60.04138051946148,2026-05-15 14h49.44.746353 +0200,
,,9,0,9,,,,,,,10,f08,sajt,cheese,4,food,dairy,7,10486,21,51,None,"(-0.1, 0)",None,,,,,,,,,,,,,,0,0,0,0,0,0,0,0,9,0,9,0,125.78176470000017,,,,,,,,,,,,,,,,,,,,,,,,,,,,,,,,,,,,,,,,,,,,,,,,,,,,,,,,,,,,,,,,,,,,,,,,,,,,,,,,,,,,,,,,,,,,,125.7686547000003,125.78176470000017,125.78176470000017,125.78176470000017,125.96459980000009,None,,,,,,,,,,,,,,,,,,,,,,,,,,,,,,,,P7350,Bar_MIC,10,1,2026-05-15_14h49.41.843,MIC_task,,2026.1.2,60.04138051946148,2026-05-15 14h49.44.746353 +0200,
,,10,0,10,,,,,,,10,f08,sajt,cheese,4,food,dairy,7,10486,21,51,None,"(-0.1, 0)",None,,,,,,,,,,,,,,0,0,0,0,0,0,0,0,10,0,10,0,125.97931779999999,,,,,,,,,,,,,,,,,,,,,,,,,,,,,,,,,,,,,,,,,,,,,,,,,,,,,,,,,,,,,,,,,,,,,,,,,,,,,,,,,,,,,,,,,,,,,125.9694273,125.97931779999999,125.97931779999999,125.97931779999999,126.16309140000021,None,,,,,,,,,,,,,,,,,,,,,,,,,,,,,,,,P7350,Bar_MIC,10,1,2026-05-15_14h49.41.843,MIC_task,,2026.1.2,60.04138051946148,2026-05-15 14h49.44.746353 +0200,
,,11,0,11,,,,,,,10,f08,sajt,cheese,4,food,dairy,7,10486,21,51,None,"(-0.1, 0)",None,,,,,,,,,,,,,,0,0,0,0,0,0,0,0,11,0,11,0,126.17979980000018,,,,,,,,,,,,,,,,,,,,,,,,,,,,,,,,,,,,,,,,,,,,,,,,,,,,,,,,,,,,,,,,,,,,,,,,,,,,,,,,,,,,,,,,,,,,,126.16750970000021,126.17979980000018,126.17979980000018,126.17979980000018,126.36405170000035,None,,,,,,,,,,,,,,,,,,,,,,,,,,,,,,,,P7350,Bar_MIC,10,1,2026-05-15_14h49.41.843,MIC_task,,2026.1.2,60.04138051946148,2026-05-15 14h49.44.746353 +0200,
,,12,0,12,,,,,,,10,f08,sajt,cheese,4,food,dairy,7,10486,21,51,None,"(-0.1, 0)",None,,,,,,,,,,,,,,0,0,0,0,0,0,0,0,12,0,12,0,126.38012770000023,,,,,,,,,,,,,,,,,,,,,,,,,,,,,,,,,,,,,,,,,,,,,,,,,,,,,,,,,,,,,,,,,,,,,,,,,,,,,,,,,,,,,,,,,,,,,126.36842479999996,126.38012770000023,126.38012770000023,126.38012770000023,126.56444439999996,None,,,,,,,,,,,,,,,,,,,,,,,,,,,,,,,,P7350,Bar_MIC,10,1,2026-05-15_14h49.41.843,MIC_task,,2026.1.2,60.04138051946148,2026-05-15 14h49.44.746353 +0200,
,,13,0,13,,,,,,,10,f08,sajt,cheese,4,food,dairy,7,10486,21,51,None,"(-0.1, 0)",None,,,,,,,,,,,,,,0,0,0,0,0,0,0,0,13,0,13,0,126.5804390000003,,,,,,,,,,,,,,,,,,,,,,,,,,,,,,,,,,,,,,,,,,,,,,,,,,,,,,,,,,,,,,,,,,,,,,,,,,,,,,,,,,,,,,,,,,,,,126.56912039999997,126.5804390000003,126.5804390000003,126.5804390000003,126.7644965000004,None,,,,,,,,,,,,,,,,,,,,,,,,,,,,,,,,P7350,Bar_MIC,10,1,2026-05-15_14h49.41.843,MIC_task,,2026.1.2,60.04138051946148,2026-05-15 14h49.44.746353 +0200,
,,14,0,14,,,,,,,10,f08,sajt,cheese,4,food,dairy,7,10486,21,51,None,"(-0.1, 0)",None,,,,,,,,,,,,,,0,0,0,0,0,0,0,0,14,0,14,0,126.78098720000025,,,,,,,,,,,,,,,,,,,,,,,,,,,,,,,,,,,,,,,,,,,,,,,,,,,,,,,,,,,,,,,,,,,,,,,,,,,,,,,,,,,,,,,,,,,,,126.76932500000021,126.78098720000025,126.78098720000025,126.78098720000025,126.96461369999997,None,,,,,,,,,,,,,,,,,,,,,,,,,,,,,,,,P7350,Bar_MIC,10,1,2026-05-15_14h49.41.843,MIC_task,,2026.1.2,60.04138051946148,2026-05-15 14h49.44.746353 +0200,
,,15,0,15,,,,,,,10,f08,sajt,cheese,4,food,dairy,7,10486,21,51,None,"(-0.1, 0)",None,,,,,,,,,,,,,,0,0,0,0,0,0,0,0,15,0,15,0,126.98166160000028,,,,,,,,,,,,,,,,,,,,,,,,,,,,,,,,,,,,,,,,,,,,,,,,,,,,,,,,,,,,,,,,,,,,,,,,,,,,,,,,,,,,,,,,,,,,,126.96942160000026,126.98166160000028,126.98166160000028,126.98166160000028,127.16620050000029,None,,,,,,,,,,,,,,,,,,,,,,,,,,,,,,,,P7350,Bar_MIC,10,1,2026-05-15_14h49.41.843,MIC_task,,2026.1.2,60.04138051946148,2026-05-15 14h49.44.746353 +0200,
,,16,0,16,,,,,,,10,f08,sajt,cheese,4,food,dairy,7,10486,21,51,None,"(-0.1, 0)",None,,,,,,,,,,,,,,0,0,0,0,0,0,0,0,16,0,16,0,127.18181970000023,,,,,,,,,,,,,,,,,,,,,,,,,,,,,,,,,,,,,,,,,,,,,,,,,,,,,,,,,,,,,,,,,,,,,,,,,,,,,,,,,,,,,,,,,,,,,127.17093990000012,127.18181970000023,127.18181970000023,127.18181970000023,127.36541110000007,None,,,,,,,,,,,,,,,,,,,,,,,,,,,,,,,,P7350,Bar_MIC,10,1,2026-05-15_14h49.41.843,MIC_task,,2026.1.2,60.04138051946148,2026-05-15 14h49.44.746353 +0200,
,,17,0,17,,,,,,,10,f08,sajt,cheese,4,food,dairy,7,10486,21,51,None,"(-0.1, 0)",None,,,,,,,,,,,,,,0,0,0,0,0,0,0,0,17,0,17,0,127.38281570000026,,,,,,,,,,,,,,,,,,,,,,,,,,,,,,,,,,,,,,,,,,,,,,,,,,,,,,,,,,,,,,,,,,,,,,,,,,,,,,,,,,,,,,,,,,,,,127.37010340000006,127.38281570000026,127.38281570000026,127.38281570000026,127.5658370000001,None,,,,,,,,,,,,,,,,,,,,,,,,,,,,,,,,P7350,Bar_MIC,10,1,2026-05-15_14h49.41.843,MIC_task,,2026.1.2,60.04138051946148,2026-05-15 14h49.44.746353 +0200,
,,18,0,18,,,,,,,10,f08,sajt,cheese,4,food,dairy,7,10486,21,51,None,"(-0.1, 0)",None,,,,,,,,,,,,,,0,0,0,0,0,0,0,0,18,0,18,0,127.58255950000012,,,,,,,,,,,,,,,,,,,,,,,,,,,,,,,,,,,,,,,,,,,,,,,,,,,,,,,,,,,,,,,,,,,,,,,,,,,,,,,,,,,,,,,,,,,,,127.5705168000004,127.58255950000012,127.58255950000012,127.58255950000012,127.76625530000001,None,,,,,,,,,,,,,,,,,,,,,,,,,,,,,,,,P7350,Bar_MIC,10,1,2026-05-15_14h49.41.843,MIC_task,,2026.1.2,60.04138051946148,2026-05-15 14h49.44.746353 +0200,
,,19,0,19,,,,,,,10,f08,sajt,cheese,4,food,dairy,7,10486,21,51,None,"(-0.1, 0)",None,,,,,,,,,,,,,,0,0,0,0,0,0,0,0,19,0,19,0,127.78279620000012,,,,,,,,,,,,,,,,,,,,,,,,,,,,,,,,,,,,,,,,,,,,,,,,,,,,,,,,,,,,,,,,,,,,,,,,,,,,,,,,,,,,,,,,,,,,,127.7709103000002,127.78279620000012,127.78279620000012,127.78279620000012,127.96721200000002,None,,,,,,,,,,,,,,,,,,,,,,,,,,,,,,,,P7350,Bar_MIC,10,1,2026-05-15_14h49.41.843,MIC_task,,2026.1.2,60.04138051946148,2026-05-15 14h49.44.746353 +0200,
,,20,0,20,,,,,,,10,f08,sajt,cheese,4,food,dairy,7,10486,21,51,None,"(-0.1, 0)",None,,,,,,,,,,,,,,0,0,0,0,0,0,0,0,20,0,20,0,127.98347140000033,,,,,,,,,,,,,,,,,,,,,,,,,,,,,,,,,,,,,,,,,,,,,,,,,,,,,,,,,,,,,,,,,,,,,,,,,,,,,,,,,,,,,,,,,,,,,127.9717711000003,127.98347140000033,127.98347140000033,127.98347140000033,128.16852870000002,None,,,,,,,,,,,,,,,,,,,,,,,,,,,,,,,,P7350,Bar_MIC,10,1,2026-05-15_14h49.41.843,MIC_task,,2026.1.2,60.04138051946148,2026-05-15 14h49.44.746353 +0200,
,,21,0,21,,,,,,,10,f08,sajt,cheese,4,food,dairy,7,10486,21,51,None,"(-0.1, 0)",space,0.08089399999971647,None,,,,,,,,,,,,0,0,0,0,0,0,0,0,21,0,21,0,128.18287290000035,,,,,,,,,,,,,,,,,,,,,,,,,,,,,,,,,,,,,,,,,,,,,,,,,,,,,,,,,,,,,,,,,,,,,,,,,,,,,,,,,,,,,,,,,,,,,128.17351110000027,128.18287290000035,128.18287290000035,128.18287290000035,128.26773860000003,space,0.08089399999971647,None,,,,,,,,,,,,,,,,,,,,,,,,,,,,,,P7350,Bar_MIC,10,1,2026-05-15_14h49.41.843,MIC_task,,2026.1.2,60.04138051946148,2026-05-15 14h49.44.746353 +0200,
,,0,0,0,,,,space,0.3816667999999481,None,10,f08,sajt,cheese,4,food,dairy,7,10486,21,51,None,"(-0.1, 0)",,,,,,,,,,,,,,,0,0,0,0,0,0,0,0,,,,,,,,,,,,,,,,,,,,,,,,,,,,,,,,,,,,,,,,,,,,,,,,,,,,,,,,,,,,,,,,,,,,,,,,,,,,,,,,,128.36857650000002,128.37644500000033,128.383222466667,130.2696649000004,,,,,,132.27331330000015,132.28931720000037,132.28931720000037,132.67541530000017,,,,,,,,,,,,,130.30054090000021,130.3077634000001,130.30283973333377,132.18985500000008,132.27326140000014,space,0.3816667999999481,None,,,,,,,,,,,,,,,,,,,,,,P7350,Bar_MIC,10,1,2026-05-15_14h49.41.843,MIC_task,,2026.1.2,60.04138051946148,2026-05-15 14h49.44.746353 +0200,
,,0,0,0,,,,,,,10,b13,agy,brain,2,bodypart,organ,5.6,337,None,69,None,"(0, 0)",None,,,,,,,,,,,,,,0,0,0,0,0,1,1,1,0,0,0,0,132.70441140000003,,,,,,,,,,,,,,,,,,,,,,,,,,,,,,,,,,,,,,,,,,,,,,,,,,,,,,,,,,,,,,,,,,,,,,,,,,,,,,,,,,,,,,,,,,,,,132.69785040000033,132.70441140000003,132.70441140000003,132.70441140000003,132.8905866,None,,,,,,,,,,,,,,,,,,,,,,,,,,,,,,,,P7350,Bar_MIC,10,1,2026-05-15_14h49.41.843,MIC_task,,2026.1.2,60.04138051946148,2026-05-15 14h49.44.746353 +0200,
,,0,0,0,,,,,,,10,b13,agy,brain,2,bodypart,organ,5.6,337,None,69,None,"(0, 0)",None,,,,,,,,,,,,,,0,0,0,0,0,1,1,1,0,0,0,0,132.90719470000022,,,,,,,,,,,,,,,,,,,,,,,,,,,,,,,,,,,,,,,,,,,,,,,,,,,,,,,,,,,,,,,,,,,,,,,,,,,,,,,,,,,,,,,,,,,,,132.89564520000022,132.90719470000022,132.90719470000022,132.90719470000022,133.0920011000003,None,,,,,,,,,,,,,,,,,,,,,,,,,,,,,,,,P7350,Bar_MIC,10,1,2026-05-15_14h49.41.843,MIC_task,,2026.1.2,60.04138051946148,2026-05-15 14h49.44.746353 +0200,
,,1,0,1,,,,,,,10,b13,agy,brain,2,bodypart,organ,5.6,337,None,69,None,"(0, 0)",None,,,,,,,,,,,,,,0,0,0,0,0,1,1,1,1,0,1,0,133.10657979999996,,,,,,,,,,,,,,,,,,,,,,,,,,,,,,,,,,,,,,,,,,,,,,,,,,,,,,,,,,,,,,,,,,,,,,,,,,,,,,,,,,,,,,,,,,,,,133.0970140000004,133.10657979999996,133.10657979999996,133.10657979999996,133.2921368000002,None,,,,,,,,,,,,,,,,,,,,,,,,,,,,,,,,P7350,Bar_MIC,10,1,2026-05-15_14h49.41.843,MIC_task,,2026.1.2,60.04138051946148,2026-05-15 14h49.44.746353 +0200,
,,2,0,2,,,,,,,10,b13,agy,brain,2,bodypart,organ,5.6,337,None,69,None,"(0, 0)",None,,,,,,,,,,,,,,0,0,0,0,0,1,1,1,2,0,2,0,133.3069531000001,,,,,,,,,,,,,,,,,,,,,,,,,,,,,,,,,,,,,,,,,,,,,,,,,,,,,,,,,,,,,,,,,,,,,,,,,,,,,,,,,,,,,,,,,,,,,133.2969962000002,133.3069531000001,133.3069531000001,133.3069531000001,133.47592580000037,None,,,,,,,,,,,,,,,,,,,,,,,,,,,,,,,,P7350,Bar_MIC,10,1,2026-05-15_14h49.41.843,MIC_task,,2026.1.2,60.04138051946148,2026-05-15 14h49.44.746353 +0200,
,,3,0,3,,,,,,,10,b13,agy,brain,2,bodypart,organ,5.6,337,None,69,None,"(0, 0)",None,,,,,,,,,,,,,,0,0,0,0,0,1,1,1,3,0,3,0,133.49242170000025,,,,,,,,,,,,,,,,,,,,,,,,,,,,,,,,,,,,,,,,,,,,,,,,,,,,,,,,,,,,,,,,,,,,,,,,,,,,,,,,,,,,,,,,,,,,,133.4807168000002,133.49242170000025,133.49242170000025,133.49242170000025,133.6764629000004,None,,,,,,,,,,,,,,,,,,,,,,,,,,,,,,,,P7350,Bar_MIC,10,1,2026-05-15_14h49.41.843,MIC_task,,2026.1.2,60.04138051946148,2026-05-15 14h49.44.746353 +0200,
,,4,0,4,,,,,,,10,b13,agy,brain,2,bodypart,organ,5.6,337,None,69,None,"(0, 0)",None,,,,,,,,,,,,,,0,0,0,0,0,1,1,1,4,0,4,0,133.6909826000001,,,,,,,,,,,,,,,,,,,,,,,,,,,,,,,,,,,,,,,,,,,,,,,,,,,,,,,,,,,,,,,,,,,,,,,,,,,,,,,,,,,,,,,,,,,,,133.68187910000006,133.6909826000001,133.6909826000001,133.6909826000001,133.8758071000002,None,,,,,,,,,,,,,,,,,,,,,,,,,,,,,,,,P7350,Bar_MIC,10,1,2026-05-15_14h49.41.843,MIC_task,,2026.1.2,60.04138051946148,2026-05-15 14h49.44.746353 +0200,
,,5,0,5,,,,,,,10,b13,agy,brain,2,bodypart,organ,5.6,337,None,69,None,"(0, 0)",None,,,,,,,,,,,,,,0,0,0,0,0,1,1,1,5,0,5,0,133.89155500000015,,,,,,,,,,,,,,,,,,,,,,,,,,,,,,,,,,,,,,,,,,,,,,,,,,,,,,,,,,,,,,,,,,,,,,,,,,,,,,,,,,,,,,,,,,,,,133.88083830000005,133.89155500000015,133.89155500000015,133.89155500000015,134.0757792000004,None,,,,,,,,,,,134.09268240000029,134.09268240000029,134.09268240000029,,,,,,,,,,,,,,,,,,,P7350,Bar_MIC,10,1,2026-05-15_14h49.41.843,MIC_task,,2026.1.2,60.04138051946148,2026-05-15 14h49.44.746353 +0200,
,,6,0,6,,,,,,,10,b13,agy,brain,2,bodypart,organ,5.6,337,None,69,None,"(0, 0)",None,,,,,,,,,,,,,,0,0,0,0,0,1,1,1,6,0,6,0,134.09268240000029,,,,,,,,,,,,,,,,,,,,,,,,,,,,,,,,,,,,,,,,,,,,,,,,,,,,,,,,,,,,,,,,,,,,,,,,,,,,,,,,,,,,,,,,,,,,,134.08058900000015,134.09268240000029,134.09268240000029,134.09268240000029,134.2760601,None,,,,,,,,,,,134.2922764,134.2922764,134.2922764,,,,,,,,,,,,,,,,,,,P7350,Bar_MIC,10,1,2026-05-15_14h49.41.843,MIC_task,,2026.1.2,60.04138051946148,2026-05-15 14h49.44.746353 +0200,
,,7,0,7,,,,,,,10,b13,agy,brain,2,bodypart,organ,5.6,337,None,69,None,"(0, 0)",None,,,,,,,,,,,,,,0,0,0,0,0,1,1,1,7,0,7,0,134.2922764,,,,,,,,,,,,,,,,,,,,,,,,,,,,,,,,,,,,,,,,,,,,,,,,,,,,,,,,,,,,,,,,,,,,,,,,,,,,,,,,,,,,,,,,,,,,,134.2808556,134.2922764,134.2922764,134.2922764,134.4759978000002,None,,,,,,,,,,,,,,,,,,,,,,,,,,,,,,,,P7350,Bar_MIC,10,1,2026-05-15_14h49.41.843,MIC_task,,2026.1.2,60.04138051946148,2026-05-15 14h49.44.746353 +0200,
,,8,0,8,,,,,,,10,b13,agy,brain,2,bodypart,organ,5.6,337,None,69,None,"(0, 0)",None,,,,,,,,,,,,,,0,0,0,0,0,1,1,1,8,0,8,0,134.4926392000002,,,,,,,,,,,,,,,,,,,,,,,,,,,,,,,,,,,,,,,,,,,,,,,,,,,,,,,,,,,,,,,,,,,,,,,,,,,,,,,,,,,,,,,,,,,,,134.48105420000002,134.4926392000002,134.4926392000002,134.4926392000002,134.67641649999996,None,,,,,,,,,,,,,,,,,,,,,,,,,,,,,,,,P7350,Bar_MIC,10,1,2026-05-15_14h49.41.843,MIC_task,,2026.1.2,60.04138051946148,2026-05-15 14h49.44.746353 +0200,
,,9,0,9,,,,,,,10,b13,agy,brain,2,bodypart,organ,5.6,337,None,69,None,"(0, 0)",None,,,,,,,,,,,,,,0,0,0,0,0,1,1,1,9,0,9,0,134.69293130000005,,,,,,,,,,,,,,,,,,,,,,,,,,,,,,,,,,,,,,,,,,,,,,,,,,,,,,,,,,,,,,,,,,,,,,,,,,,,,,,,,,,,,,,,,,,,,134.68142160000025,134.69293130000005,134.69293130000005,134.69293130000005,134.87678640000013,None,,,,,,,,,,,,,,,,,,,,,,,,,,,,,,,,P7350,Bar_MIC,10,1,2026-05-15_14h49.41.843,MIC_task,,2026.1.2,60.04138051946148,2026-05-15 14h49.44.746353 +0200,
,,10,0,10,,,,,,,10,b13,agy,brain,2,bodypart,organ,5.6,337,None,69,None,"(0, 0)",None,,,,,,,,,,,,,,0,0,0,0,0,1,1,1,10,0,10,0,134.893462,,,,,,,,,,,,,,,,,,,,,,,,,,,,,,,,,,,,,,,,,,,,,,,,,,,,,,,,,,,,,,,,,,,,,,,,,,,,,,,,,,,,,,,,,,,,,134.88163900000018,134.893462,134.893462,134.893462,135.07810530000006,None,,,,,,,,,,,,,,,,,,,,,,,,,,,,,,,,P7350,Bar_MIC,10,1,2026-05-15_14h49.41.843,MIC_task,,2026.1.2,60.04138051946148,2026-05-15 14h49.44.746353 +0200,
,,11,0,11,,,,,,,10,b13,agy,brain,2,bodypart,organ,5.6,337,None,69,None,"(0, 0)",None,,,,,,,,,,,,,,0,0,0,0,0,1,1,1,11,0,11,0,135.0937117000003,,,,,,,,,,,,,,,,,,,,,,,,,,,,,,,,,,,,,,,,,,,,,,,,,,,,,,,,,,,,,,,,,,,,,,,,,,,,,,,,,,,,,,,,,,,,,135.08324690000018,135.0937117000003,135.0937117000003,135.0937117000003,135.2776227000004,None,,,,,,,,,,,,,,,,,,,,,,,,,,,,,,,,P7350,Bar_MIC,10,1,2026-05-15_14h49.41.843,MIC_task,,2026.1.2,60.04138051946148,2026-05-15 14h49.44.746353 +0200,
,,12,0,12,,,,,,,10,b13,agy,brain,2,bodypart,organ,5.6,337,None,69,None,"(0, 0)",None,,,,,,,,,,,,,,0,0,0,0,0,1,1,1,12,0,12,0,135.29380470000024,,,,,,,,,,,,,,,,,,,,,,,,,,,,,,,,,,,,,,,,,,,,,,,,,,,,,,,,,,,,,,,,,,,,,,,,,,,,,,,,,,,,,,,,,,,,,135.28504640000028,135.29380470000024,135.29380470000024,135.29380470000024,135.47881180000013,None,,,,,,,,,,,,,,,,,,,,,,,,,,,,,,,,P7350,Bar_MIC,10,1,2026-05-15_14h49.41.843,MIC_task,,2026.1.2,60.04138051946148,2026-05-15 14h49.44.746353 +0200,
,,13,0,13,,,,,,,10,b13,agy,brain,2,bodypart,organ,5.6,337,None,69,None,"(0, 0)",None,,,,,,,,,,,,,,0,0,0,0,0,1,1,1,13,0,13,0,135.49422270000014,,,,,,,,,,,,,,,,,,,,,,,,,,,,,,,,,,,,,,,,,,,,,,,,,,,,,,,,,,,,,,,,,,,,,,,,,,,,,,,,,,,,,,,,,,,,,135.4844532000002,135.49422270000014,135.49422270000014,135.49422270000014,135.67826120000018,None,,,,,,,,,,,,,,,,,,,,,,,,,,,,,,,,P7350,Bar_MIC,10,1,2026-05-15_14h49.41.843,MIC_task,,2026.1.2,60.04138051946148,2026-05-15 14h49.44.746353 +0200,
,,14,0,14,,,,,,,10,b13,agy,brain,2,bodypart,organ,5.6,337,None,69,None,"(0, 0)",None,,,,,,,,,,,,,,0,0,0,0,0,1,1,1,14,0,14,0,135.69471470000008,,,,,,,,,,,,,,,,,,,,,,,,,,,,,,,,,,,,,,,,,,,,,,,,,,,,,,,,,,,,,,,,,,,,,,,,,,,,,,,,,,,,,,,,,,,,,135.68434800000023,135.69471470000008,135.69471470000008,135.69471470000008,135.87960470000007,None,,,,,,,,,,,,,,,,,,,,,,,,,,,,,,,,P7350,Bar_MIC,10,1,2026-05-15_14h49.41.843,MIC_task,,2026.1.2,60.04138051946148,2026-05-15 14h49.44.746353 +0200,
,,15,0,15,,,,,,,10,b13,agy,brain,2,bodypart,organ,5.6,337,None,69,None,"(0, 0)",None,,,,,,,,,,,,,,0,0,0,0,0,1,1,1,15,0,15,0,135.8933358000004,,,,,,,,,,,,,,,,,,,,,,,,,,,,,,,,,,,,,,,,,,,,,,,,,,,,,,,,,,,,,,,,,,,,,,,,,,,,,,,,,,,,,,,,,,,,,135.88565500000004,135.8933358000004,135.8933358000004,135.8933358000004,136.07958580000013,None,,,,,,,,,,,,,,,,,,,,,,,,,,,,,,,,P7350,Bar_MIC,10,1,2026-05-15_14h49.41.843,MIC_task,,2026.1.2,60.04138051946148,2026-05-15 14h49.44.746353 +0200,
,,16,0,16,,,,,,,10,b13,agy,brain,2,bodypart,organ,5.6,337,None,69,None,"(0, 0)",None,,,,,,,,,,,,,,0,0,0,0,0,1,1,1,16,0,16,0,136.09473270000035,,,,,,,,,,,,,,,,,,,,,,,,,,,,,,,,,,,,,,,,,,,,,,,,,,,,,,,,,,,,,,,,,,,,,,,,,,,,,,,,,,,,,,,,,,,,,136.08436380000012,136.09473270000035,136.09473270000035,136.09473270000035,136.27856199999997,None,,,,,,,,,,,,,,,,,,,,,,,,,,,,,,,,P7350,Bar_MIC,10,1,2026-05-15_14h49.41.843,MIC_task,,2026.1.2,60.04138051946148,2026-05-15 14h49.44.746353 +0200,
,,17,0,17,,,,,,,10,b13,agy,brain,2,bodypart,organ,5.6,337,None,69,None,"(0, 0)",None,,,,,,,,,,,,,,0,0,0,0,0,1,1,1,17,0,17,0,136.2951306,,,,,,,,,,,,,,,,,,,,,,,,,,,,,,,,,,,,,,,,,,,,,,,,,,,,,,,,,,,,,,,,,,,,,,,,,,,,,,,,,,,,,,,,,,,,,136.28452460000017,136.2951306,136.2951306,136.2951306,136.47889720000012,None,,,,,,,,,,,,,,,,,,,,,,,,,,,,,,,,P7350,Bar_MIC,10,1,2026-05-15_14h49.41.843,MIC_task,,2026.1.2,60.04138051946148,2026-05-15 14h49.44.746353 +0200,
,,18,0,18,,,,,,,10,b13,agy,brain,2,bodypart,organ,5.6,337,None,69,None,"(0, 0)",None,,,,,,,,,,,,,,0,0,0,0,0,1,1,1,18,0,18,0,136.49590100000023,,,,,,,,,,,,,,,,,,,,,,,,,,,,,,,,,,,,,,,,,,,,,,,,,,,,,,,,,,,,,,,,,,,,,,,,,,,,,,,,,,,,,,,,,,,,,136.48558850000018,136.49590100000023,136.49590100000023,136.49590100000023,136.6796599000004,None,,,,,,,,,,,,,,,,,,,,,,,,,,,,,,,,P7350,Bar_MIC,10,1,2026-05-15_14h49.41.843,MIC_task,,2026.1.2,60.04138051946148,2026-05-15 14h49.44.746353 +0200,
,,19,0,19,,,,,,,10,b13,agy,brain,2,bodypart,organ,5.6,337,None,69,None,"(0, 0)",None,,,,,,,,,,,,,,0,0,0,0,0,1,1,1,19,0,19,0,136.69616570000017,,,,,,,,,,,,,,,,,,,,,,,,,,,,,,,,,,,,,,,,,,,,,,,,,,,,,,,,,,,,,,,,,,,,,,,,,,,,,,,,,,,,,,,,,,,,,136.6846246,136.69616570000017,136.69616570000017,136.69616570000017,136.87984410000035,None,,,,,,,,,,,,,,,,,,,,,,,,,,,,,,,,P7350,Bar_MIC,10,1,2026-05-15_14h49.41.843,MIC_task,,2026.1.2,60.04138051946148,2026-05-15 14h49.44.746353 +0200,
,,20,0,20,,,,,,,10,b13,agy,brain,2,bodypart,organ,5.6,337,None,69,None,"(0, 0)",None,,,,,,,,,,,,,,0,0,0,0,0,1,1,1,20,0,20,0,136.89644560000033,,,,,,,,,,,,,,,,,,,,,,,,,,,,,,,,,,,,,,,,,,,,,,,,,,,,,,,,,,,,,,,,,,,,,,,,,,,,,,,,,,,,,,,,,,,,,136.8846311000002,136.89644560000033,136.89644560000033,136.89644560000033,137.08113360000016,None,,,,,,,,,,,,,,,,,,,,,,,,,,,,,,,,P7350,Bar_MIC,10,1,2026-05-15_14h49.41.843,MIC_task,,2026.1.2,60.04138051946148,2026-05-15 14h49.44.746353 +0200,
,,21,0,21,,,,,,,10,b13,agy,brain,2,bodypart,organ,5.6,337,None,69,None,"(0, 0)",None,,,,,,,,,,,,,,0,0,0,0,0,1,1,1,21,0,21,0,137.0967509000002,,,,,,,,,,,,,,,,,,,,,,,,,,,,,,,,,,,,,,,,,,,,,,,,,,,,,,,,,,,,,,,,,,,,,,,,,,,,,,,,,,,,,,,,,,,,,137.0859101000001,137.0967509000002,137.0967509000002,137.0967509000002,137.28065050000032,None,,,,,,,,,,,,,,,,,,,,,,,,,,,,,,,,P7350,Bar_MIC,10,1,2026-05-15_14h49.41.843,MIC_task,,2026.1.2,60.04138051946148,2026-05-15 14h49.44.746353 +0200,
,,22,0,22,,,,,,,10,b13,agy,brain,2,bodypart,organ,5.6,337,None,69,None,"(0, 0)",None,,,,,,,,,,,,,,0,0,0,0,0,1,1,1,22,0,22,0,137.2972189000002,,,,,,,,,,,,,,,,,,,,,,,,,,,,,,,,,,,,,,,,,,,,,,,,,,,,,,,,,,,,,,,,,,,,,,,,,,,,,,,,,,,,,,,,,,,,,137.28543350000018,137.2972189000002,137.2972189000002,137.2972189000002,137.4809704000004,None,,,,,,,,,,,,,,,,,,,,,,,,,,,,,,,,P7350,Bar_MIC,10,1,2026-05-15_14h49.41.843,MIC_task,,2026.1.2,60.04138051946148,2026-05-15 14h49.44.746353 +0200,
,,23,0,23,,,,,,,10,b13,agy,brain,2,bodypart,organ,5.6,337,None,69,None,"(0, 0)",None,,,,,,,,,,,,,,0,0,0,0,0,1,1,1,23,0,23,0,137.4975274000003,,,,,,,,,,,,,,,,,,,,,,,,,,,,,,,,,,,,,,,,,,,,,,,,,,,,,,,,,,,,,,,,,,,,,,,,,,,,,,,,,,,,,,,,,,,,,137.48638600000004,137.4975274000003,137.4975274000003,137.4975274000003,137.68134680000003,None,,,,,,,,,,,,,,,,,,,,,,,,,,,,,,,,P7350,Bar_MIC,10,1,2026-05-15_14h49.41.843,MIC_task,,2026.1.2,60.04138051946148,2026-05-15 14h49.44.746353 +0200,
,,24,0,24,,,,,,,10,b13,agy,brain,2,bodypart,organ,5.6,337,None,69,None,"(0, 0)",None,,,,,,,,,,,,,,0,0,0,0,0,1,1,1,24,0,24,0,137.69753630000014,,,,,,,,,,,,,,,,,,,,,,,,,,,,,,,,,,,,,,,,,,,,,,,,,,,,,,,,,,,,,,,,,,,,,,,,,,,,,,,,,,,,,,,,,,,,,137.6867072,137.69753630000014,137.69753630000014,137.69753630000014,137.8823913000001,None,,,,,,,,,,,,,,,,,,,,,,,,,,,,,,,,P7350,Bar_MIC,10,1,2026-05-15_14h49.41.843,MIC_task,,2026.1.2,60.04138051946148,2026-05-15 14h49.44.746353 +0200,
,,25,0,25,,,,,,,10,b13,agy,brain,2,bodypart,organ,5.6,337,None,69,None,"(0, 0)",space,0.11137269999971977,None,,,,,,,,,,,,0,0,0,0,0,1,1,1,25,0,25,0,137.89614310000024,,,,,,,,,,,,,,,,,,,,,,,,,,,,,,,,,,,,,,,,,,,,,,,,,,,,,,,,,,,,,,,,,,,,,,,,,,,,,,,,,,,,,,,,,,,,,137.88918150000018,137.89614310000024,137.89614310000024,137.89614310000024,138.0161793000002,space,0.11137269999971977,None,,,,,,,,,,,,,,,,,,,,,,,,,,,,,,P7350,Bar_MIC,10,1,2026-05-15_14h49.41.843,MIC_task,,2026.1.2,60.04138051946148,2026-05-15 14h49.44.746353 +0200,
,,1,1,0,,,,space,3.3697962999999618,None,10,b13,agy,brain,2,bodypart,organ,5.6,337,None,69,None,"(0, 0)",,,,,,,,,,,,,,,0,0,0,0,0,1,1,1,,,,,,,,,,,,,,,,,,,,,,,,,,,,,,,,,,,,,,,,,,,,,,,,,,,,,,,,,,,,,,,,,,,,,,,,,,,,,,,,,138.13360880000027,138.14128700000037,138.14822473333348,140.01792790000036,,,,,,142.02107890000025,142.03758470000002,142.03758470000002,145.4107266000001,,,,,,,,,,,,,140.0557643000002,140.0613026000001,140.0677603000002,141.95453110000017,142.02097940000021,space,3.3697962999999618,None,,,,,,,,,,,,,,,,,,,,,,P7350,Bar_MIC,10,1,2026-05-15_14h49.41.843,MIC_task,,2026.1.2,60.04138051946148,2026-05-15 14h49.44.746353 +0200,
,,0,0,0,,,,,,,10,c27,póló,t-shirt,3,clothes,tops,6.8,43,23,None,None,"(0.1, -0.1)",None,,,,,,,,,,,,,,0,0,0,0,0,2,2,2,0,0,0,0,145.4246876000002,,,,,,,,,,,,,,,,,,,,,,,,,,,,,,,,,,,,,,,,,,,,,,,,,,,,,,,,,,,,,,,,,,,,,,,,,,,,,,,,,,,,,,,,,,,,,145.41751520000025,145.4246876000002,145.4246876000002,145.4246876000002,145.61125700000002,None,,,,,,,,,,,145.62650090000034,145.62650090000034,145.62650090000034,,,,,,,,,,,,,,,,,,,P7350,Bar_MIC,10,1,2026-05-15_14h49.41.843,MIC_task,,2026.1.2,60.04138051946148,2026-05-15 14h49.44.746353 +0200,
,,0,0,0,,,,,,,10,c27,póló,t-shirt,3,clothes,tops,6.8,43,23,None,None,"(0.1, -0.1)",None,,,,,,,,,,,,,,0,0,0,0,0,2,2,2,0,0,0,0,145.62650090000034,,,,,,,,,,,,,,,,,,,,,,,,,,,,,,,,,,,,,,,,,,,,,,,,,,,,,,,,,,,,,,,,,,,,,,,,,,,,,,,,,,,,,,,,,,,,,145.6152430000002,145.62650090000034,145.62650090000034,145.62650090000034,145.8114931,None,,,,,,,,,,,,,,,,,,,,,,,,,,,,,,,,P7350,Bar_MIC,10,1,2026-05-15_14h49.41.843,MIC_task,,2026.1.2,60.04138051946148,2026-05-15 14h49.44.746353 +0200,
,,1,0,1,,,,,,,10,c27,póló,t-shirt,3,clothes,tops,6.8,43,23,None,None,"(0.1, -0.1)",None,,,,,,,,,,,,,,0,0,0,0,0,2,2,2,1,0,1,0,145.82701670000006,,,,,,,,,,,,,,,,,,,,,,,,,,,,,,,,,,,,,,,,,,,,,,,,,,,,,,,,,,,,,,,,,,,,,,,,,,,,,,,,,,,,,,,,,,,,,145.81614170000012,145.82701670000006,145.82701670000006,145.82701670000006,146.01104250000026,None,,,,,,,,,,,,,,,,,,,,,,,,,,,,,,,,P7350,Bar_MIC,10,1,2026-05-15_14h49.41.843,MIC_task,,2026.1.2,60.04138051946148,2026-05-15 14h49.44.746353 +0200,
,,2,0,2,,,,,,,10,c27,póló,t-shirt,3,clothes,tops,6.8,43,23,None,None,"(0.1, -0.1)",None,,,,,,,,,,,,,,0,0,0,0,0,2,2,2,2,0,2,0,146.02660660000038,,,,,,,,,,,,,,,,,,,,,,,,,,,,,,,,,,,,,,,,,,,,,,,,,,,,,,,,,,,,,,,,,,,,,,,,,,,,,,,,,,,,,,,,,,,,,146.01578240000026,146.02660660000038,146.02660660000038,146.02660660000038,146.21112500000027,None,,,,,,,,,,,,,,,,,,,,,,,,,,,,,,,,P7350,Bar_MIC,10,1,2026-05-15_14h49.41.843,MIC_task,,2026.1.2,60.04138051946148,2026-05-15 14h49.44.746353 +0200,
,,3,0,3,,,,,,,10,c27,póló,t-shirt,3,clothes,tops,6.8,43,23,None,None,"(0.1, -0.1)",None,,,,,,,,,,,,,,0,0,0,0,0,2,2,2,3,0,3,0,146.22689579999997,,,,,,,,,,,,,,,,,,,,,,,,,,,,,,,,,,,,,,,,,,,,,,,,,,,,,,,,,,,,,,,,,,,,,,,,,,,,,,,,,,,,,,,,,,,,,146.2158046000004,146.22689579999997,146.22689579999997,146.22689579999997,146.4126355000003,None,,,,,,,,,,,,,,,,,,,,,,,,,,,,,,,,P7350,Bar_MIC,10,1,2026-05-15_14h49.41.843,MIC_task,,2026.1.2,60.04138051946148,2026-05-15 14h49.44.746353 +0200,
,,4,0,4,,,,,,,10,c27,póló,t-shirt,3,clothes,tops,6.8,43,23,None,None,"(0.1, -0.1)",None,,,,,,,,,,,,,,0,0,0,0,0,2,2,2,4,0,4,0,146.42771949999997,,,,,,,,,,,,,,,,,,,,,,,,,,,,,,,,,,,,,,,,,,,,,,,,,,,,,,,,,,,,,,,,,,,,,,,,,,,,,,,,,,,,,,,,,,,,,146.4172362000004,146.42771949999997,146.42771949999997,146.42771949999997,146.61192400000027,None,,,,,,,,,,,,,,,,,,,,,,,,,,,,,,,,P7350,Bar_MIC,10,1,2026-05-15_14h49.41.843,MIC_task,,2026.1.2,60.04138051946148,2026-05-15 14h49.44.746353 +0200,
,,5,0,5,,,,,,,10,c27,póló,t-shirt,3,clothes,tops,6.8,43,23,None,None,"(0.1, -0.1)",None,,,,,,,,,,,,,,0,0,0,0,0,2,2,2,5,0,5,0,146.62788080000018,,,,,,,,,,,,,,,,,,,,,,,,,,,,,,,,,,,,,,,,,,,,,,,,,,,,,,,,,,,,,,,,,,,,,,,,,,,,,,,,,,,,,,,,,,,,,146.61720190000005,146.62788080000018,146.62788080000018,146.62788080000018,146.81158500000038,None,,,,,,,,,,,,,,,,,,,,,,,,,,,,,,,,P7350,Bar_MIC,10,1,2026-05-15_14h49.41.843,MIC_task,,2026.1.2,60.04138051946148,2026-05-15 14h49.44.746353 +0200,
,,6,0,6,,,,,,,10,c27,póló,t-shirt,3,clothes,tops,6.8,43,23,None,None,"(0.1, -0.1)",None,,,,,,,,,,,,,,0,0,0,0,0,2,2,2,6,0,6,0,146.82812950000016,,,,,,,,,,,,,,,,,,,,,,,,,,,,,,,,,,,,,,,,,,,,,,,,,,,,,,,,,,,,,,,,,,,,,,,,,,,,,,,,,,,,,,,,,,,,,146.8160941000001,146.82812950000016,146.82812950000016,146.82812950000016,147.01248310000028,None,,,,,,,,,,,,,,,,,,,,,,,,,,,,,,,,P7350,Bar_MIC,10,1,2026-05-15_14h49.41.843,MIC_task,,2026.1.2,60.04138051946148,2026-05-15 14h49.44.746353 +0200,
,,7,0,7,,,,,,,10,c27,póló,t-shirt,3,clothes,tops,6.8,43,23,None,None,"(0.1, -0.1)",None,,,,,,,,,,,,,,0,0,0,0,0,2,2,2,7,0,7,0,147.0284611000002,,,,,,,,,,,,,,,,,,,,,,,,,,,,,,,,,,,,,,,,,,,,,,,,,,,,,,,,,,,,,,,,,,,,,,,,,,,,,,,,,,,,,,,,,,,,,147.0170637000001,147.0284611000002,147.0284611000002,147.0284611000002,147.21261400000003,None,,,,,,,,,,,,,,,,,,,,,,,,,,,,,,,,P7350,Bar_MIC,10,1,2026-05-15_14h49.41.843,MIC_task,,2026.1.2,60.04138051946148,2026-05-15 14h49.44.746353 +0200,
,,8,0,8,,,,,,,10,c27,póló,t-shirt,3,clothes,tops,6.8,43,23,None,None,"(0.1, -0.1)",None,,,,,,,,,,,,,,0,0,0,0,0,2,2,2,8,0,8,0,147.2292097000004,,,,,,,,,,,,,,,,,,,,,,,,,,,,,,,,,,,,,,,,,,,,,,,,,,,,,,,,,,,,,,,,,,,,,,,,,,,,,,,,,,,,,,,,,,,,,147.21681590000026,147.2292097000004,147.2292097000004,147.2292097000004,147.4128627,None,,,,,,,,,,,,,,,,,,,,,,,,,,,,,,,,P7350,Bar_MIC,10,1,2026-05-15_14h49.41.843,MIC_task,,2026.1.2,60.04138051946148,2026-05-15 14h49.44.746353 +0200,
,,9,0,9,,,,,,,10,c27,póló,t-shirt,3,clothes,tops,6.8,43,23,None,None,"(0.1, -0.1)",None,,,,,,,,,,,,,,0,0,0,0,0,2,2,2,9,0,9,0,147.42952349999996,,,,,,,,,,,,,,,,,,,,,,,,,,,,,,,,,,,,,,,,,,,,,,,,,,,,,,,,,,,,,,,,,,,,,,,,,,,,,,,,,,,,,,,,,,,,,147.41859310000018,147.42952349999996,147.42952349999996,147.42952349999996,147.61309970000002,None,,,,,,,,,,,,,,,,,,,,,,,,,,,,,,,,P7350,Bar_MIC,10,1,2026-05-15_14h49.41.843,MIC_task,,2026.1.2,60.04138051946148,2026-05-15 14h49.44.746353 +0200,
,,10,0,10,,,,,,,10,c27,póló,t-shirt,3,clothes,tops,6.8,43,23,None,None,"(0.1, -0.1)",None,,,,,,,,,,,,,,0,0,0,0,0,2,2,2,10,0,10,0,147.6297181,,,,,,,,,,,,,,,,,,,,,,,,,,,,,,,,,,,,,,,,,,,,,,,,,,,,,,,,,,,,,,,,,,,,,,,,,,,,,,,,,,,,,,,,,,,,,147.6173335000003,147.6297181,147.6297181,147.6297181,147.8134044000003,None,,,,,,,,,,,,,,,,,,,,,,,,,,,,,,,,P7350,Bar_MIC,10,1,2026-05-15_14h49.41.843,MIC_task,,2026.1.2,60.04138051946148,2026-05-15 14h49.44.746353 +0200,
,,11,0,11,,,,,,,10,c27,póló,t-shirt,3,clothes,tops,6.8,43,23,None,None,"(0.1, -0.1)",None,,,,,,,,,,,,,,0,0,0,0,0,2,2,2,11,0,11,0,147.8301803000004,,,,,,,,,,,,,,,,,,,,,,,,,,,,,,,,,,,,,,,,,,,,,,,,,,,,,,,,,,,,,,,,,,,,,,,,,,,,,,,,,,,,,,,,,,,,,147.81787540000005,147.8301803000004,147.8301803000004,147.8301803000004,148.0140161000004,None,,,,,,,,,,,,,,,,,,,,,,,,,,,,,,,,P7350,Bar_MIC,10,1,2026-05-15_14h49.41.843,MIC_task,,2026.1.2,60.04138051946148,2026-05-15 14h49.44.746353 +0200,
,,12,0,12,,,,,,,10,c27,póló,t-shirt,3,clothes,tops,6.8,43,23,None,None,"(0.1, -0.1)",None,,,,,,,,,,,,,,0,0,0,0,0,2,2,2,12,0,12,0,148.03035810000029,,,,,,,,,,,,,,,,,,,,,,,,,,,,,,,,,,,,,,,,,,,,,,,,,,,,,,,,,,,,,,,,,,,,,,,,,,,,,,,,,,,,,,,,,,,,,148.0185279000002,148.03035810000029,148.03035810000029,148.03035810000029,148.21450070000037,None,,,,,,,,,,,,,,,,,,,,,,,,,,,,,,,,P7350,Bar_MIC,10,1,2026-05-15_14h49.41.843,MIC_task,,2026.1.2,60.04138051946148,2026-05-15 14h49.44.746353 +0200,
,,13,0,13,,,,,,,10,c27,póló,t-shirt,3,clothes,tops,6.8,43,23,None,None,"(0.1, -0.1)",None,,,,,,,,,,,,,,0,0,0,0,0,2,2,2,13,0,13,0,148.23011399999996,,,,,,,,,,,,,,,,,,,,,,,,,,,,,,,,,,,,,,,,,,,,,,,,,,,,,,,,,,,,,,,,,,,,,,,,,,,,,,,,,,,,,,,,,,,,,148.21939620000012,148.23011399999996,148.23011399999996,148.23011399999996,148.4148140000002,None,,,,,,,,,,,,,,,,,,,,,,,,,,,,,,,,P7350,Bar_MIC,10,1,2026-05-15_14h49.41.843,MIC_task,,2026.1.2,60.04138051946148,2026-05-15 14h49.44.746353 +0200,
,,14,0,14,,,,,,,10,c27,póló,t-shirt,3,clothes,tops,6.8,43,23,None,None,"(0.1, -0.1)",None,,,,,,,,,,,,,,0,0,0,0,0,2,2,2,14,0,14,0,148.4303305000003,,,,,,,,,,,,,,,,,,,,,,,,,,,,,,,,,,,,,,,,,,,,,,,,,,,,,,,,,,,,,,,,,,,,,,,,,,,,,,,,,,,,,,,,,,,,,148.41898740000033,148.4303305000003,148.4303305000003,148.4303305000003,148.6141759000002,None,,,,,,,,,,,,,,,,,,,,,,,,,,,,,,,,P7350,Bar_MIC,10,1,2026-05-15_14h49.41.843,MIC_task,,2026.1.2,60.04138051946148,2026-05-15 14h49.44.746353 +0200,
,,15,0,15,,,,,,,10,c27,póló,t-shirt,3,clothes,tops,6.8,43,23,None,None,"(0.1, -0.1)",None,,,,,,,,,,,,,,0,0,0,0,0,2,2,2,15,0,15,0,148.63073060000033,,,,,,,,,,,,,,,,,,,,,,,,,,,,,,,,,,,,,,,,,,,,,,,,,,,,,,,,,,,,,,,,,,,,,,,,,,,,,,,,,,,,,,,,,,,,,148.6199332000001,148.63073060000033,148.63073060000033,148.63073060000033,148.81561760000022,None,,,,,,,,,,,,,,,,,,,,,,,,,,,,,,,,P7350,Bar_MIC,10,1,2026-05-15_14h49.41.843,MIC_task,,2026.1.2,60.04138051946148,2026-05-15 14h49.44.746353 +0200,
,,16,0,16,,,,,,,10,c27,póló,t-shirt,3,clothes,tops,6.8,43,23,None,None,"(0.1, -0.1)",None,,,,,,,,,,,,,,0,0,0,0,0,2,2,2,16,0,16,0,148.83106580000003,,,,,,,,,,,,,,,,,,,,,,,,,,,,,,,,,,,,,,,,,,,,,,,,,,,,,,,,,,,,,,,,,,,,,,,,,,,,,,,,,,,,,,,,,,,,,148.81987440000012,148.83106580000003,148.83106580000003,148.83106580000003,149.0148895000002,None,,,,,,,,,,,,,,,,,,,,,,,,,,,,,,,,P7350,Bar_MIC,10,1,2026-05-15_14h49.41.843,MIC_task,,2026.1.2,60.04138051946148,2026-05-15 14h49.44.746353 +0200,
,,17,0,17,,,,,,,10,c27,póló,t-shirt,3,clothes,tops,6.8,43,23,None,None,"(0.1, -0.1)",None,,,,,,,,,,,,,,0,0,0,0,0,2,2,2,17,0,17,0,149.03157920000012,,,,,,,,,,,,,,,,,,,,,,,,,,,,,,,,,,,,,,,,,,,,,,,,,,,,,,,,,,,,,,,,,,,,,,,,,,,,,,,,,,,,,,,,,,,,,149.0191289000004,149.03157920000012,149.03157920000012,149.03157920000012,149.21528400000034,None,,,,,,,,,,,,,,,,,,,,,,,,,,,,,,,,P7350,Bar_MIC,10,1,2026-05-15_14h49.41.843,MIC_task,,2026.1.2,60.04138051946148,2026-05-15 14h49.44.746353 +0200,
,,18,0,18,,,,,,,10,c27,póló,t-shirt,3,clothes,tops,6.8,43,23,None,None,"(0.1, -0.1)",space,0.12831789999972898,None,,,,,,,,,,,,0,0,0,0,0,2,2,2,18,0,18,0,149.23176550000017,,,,,,,,,,,,,,,,,,,,,,,,,,,,,,,,,,,,,,,,,,,,,,,,,,,,,,,,,,,,,,,,,,,,,,,,,,,,,,,,,,,,,,,,,,,,,149.2206228,149.23176550000017,149.23176550000017,149.23176550000017,149.3662731000004,space,0.12831789999972898,None,,,,,,,,,,,,,,,,,,,,,,,,,,,,,,P7350,Bar_MIC,10,1,2026-05-15_14h49.41.843,MIC_task,,2026.1.2,60.04138051946148,2026-05-15 14h49.44.746353 +0200,
,,2,2,0,,,,space,1.0598596999998335,None,10,c27,póló,t-shirt,3,clothes,tops,6.8,43,23,None,None,"(0.1, -0.1)",,,,,,,,,,,,,,,0,0,0,0,0,2,2,2,,,,,,,,,,,,,,,,,,,,,,,,,,,,,,,,,,,,,,,,,,,,,,,,,,,,,,,,,,,,,,,,,,,,,,,,,,,,,,,,,149.4697766000004,149.47729710000021,149.4818360666667,151.3683213000004,,,,,,153.3724116000003,153.38788090000025,153.38788090000025,154.45771260000038,,,,,,,,,,,,,151.40359430000035,151.4091913000002,151.41816320000027,153.30578330000026,153.37236140000005,space,1.0598596999998335,None,,,,,,,,,,,,,,,,,,,,,,P7350,Bar_MIC,10,1,2026-05-15_14h49.41.843,MIC_task,,2026.1.2,60.04138051946148,2026-05-15 14h49.44.746353 +0200,
,,0,0,0,,,,,,,10,t01,fogkefe,toothbrush,8,tools,bathroom,6.8,17,None,51,None,"(0.1, 0)",None,,,,,,,,,,,,,,0,0,0,0,0,3,3,3,0,0,0,0,154.47261070000013,,,,,,,,,,,,,,,,,,,,,,,,,,,,,,,,,,,,,,,,,,,,,,,,,,,,,,,,,,,,,,,,,,,,,,,,,,,,,,,,,,,,,,,,,,,,,154.46266090000017,154.47261070000013,154.47261070000013,154.47261070000013,154.65789059999997,None,,,,,,,,,,,154.67403170000034,154.67403170000034,154.67403170000034,,,,,,,,,,,,,,,,,,,P7350,Bar_MIC,10,1,2026-05-15_14h49.41.843,MIC_task,,2026.1.2,60.04138051946148,2026-05-15 14h49.44.746353 +0200,
,,0,0,0,,,,,,,10,t01,fogkefe,toothbrush,8,tools,bathroom,6.8,17,None,51,None,"(0.1, 0)",None,,,,,,,,,,,,,,0,0,0,0,0,3,3,3,0,0,0,0,154.67403170000034,,,,,,,,,,,,,,,,,,,,,,,,,,,,,,,,,,,,,,,,,,,,,,,,,,,,,,,,,,,,,,,,,,,,,,,,,,,,,,,,,,,,,,,,,,,,,154.66185429999996,154.67403170000034,154.67403170000034,154.67403170000034,154.85842330000014,None,,,,,,,,,,,,,,,,,,,,,,,,,,,,,,,,P7350,Bar_MIC,10,1,2026-05-15_14h49.41.843,MIC_task,,2026.1.2,60.04138051946148,2026-05-15 14h49.44.746353 +0200,
,,1,0,1,,,,,,,10,t01,fogkefe,toothbrush,8,tools,bathroom,6.8,17,None,51,None,"(0.1, 0)",None,,,,,,,,,,,,,,0,0,0,0,0,3,3,3,1,0,1,0,154.87357580000025,,,,,,,,,,,,,,,,,,,,,,,,,,,,,,,,,,,,,,,,,,,,,,,,,,,,,,,,,,,,,,,,,,,,,,,,,,,,,,,,,,,,,,,,,,,,,154.86284780000005,154.87357580000025,154.87357580000025,154.87357580000025,155.05842410000014,None,,,,,,,,,,,,,,,,,,,,,,,,,,,,,,,,P7350,Bar_MIC,10,1,2026-05-15_14h49.41.843,MIC_task,,2026.1.2,60.04138051946148,2026-05-15 14h49.44.746353 +0200,
,,2,0,2,,,,,,,10,t01,fogkefe,toothbrush,8,tools,bathroom,6.8,17,None,51,None,"(0.1, 0)",None,,,,,,,,,,,,,,0,0,0,0,0,3,3,3,2,0,2,0,155.07396289999997,,,,,,,,,,,,,,,,,,,,,,,,,,,,,,,,,,,,,,,,,,,,,,,,,,,,,,,,,,,,,,,,,,,,,,,,,,,,,,,,,,,,,,,,,,,,,155.06315380000024,155.07396289999997,155.07396289999997,155.07396289999997,155.2588538,None,,,,,,,,,,,,,,,,,,,,,,,,,,,,,,,,P7350,Bar_MIC,10,1,2026-05-15_14h49.41.843,MIC_task,,2026.1.2,60.04138051946148,2026-05-15 14h49.44.746353 +0200,
,,3,0,3,,,,,,,10,t01,fogkefe,toothbrush,8,tools,bathroom,6.8,17,None,51,None,"(0.1, 0)",None,,,,,,,,,,,,,,0,0,0,0,0,3,3,3,3,0,3,0,155.27438830000028,,,,,,,,,,,,,,,,,,,,,,,,,,,,,,,,,,,,,,,,,,,,,,,,,,,,,,,,,,,,,,,,,,,,,,,,,,,,,,,,,,,,,,,,,,,,,155.2624566000004,155.27438830000028,155.27438830000028,155.27438830000028,155.45881690000033,None,,,,,,,,,,,,,,,,,,,,,,,,,,,,,,,,P7350,Bar_MIC,10,1,2026-05-15_14h49.41.843,MIC_task,,2026.1.2,60.04138051946148,2026-05-15 14h49.44.746353 +0200,
,,4,0,4,,,,,,,10,t01,fogkefe,toothbrush,8,tools,bathroom,6.8,17,None,51,None,"(0.1, 0)",None,,,,,,,,,,,,,,0,0,0,0,0,3,3,3,4,0,4,0,155.4749770000003,,,,,,,,,,,,,,,,,,,,,,,,,,,,,,,,,,,,,,,,,,,,,,,,,,,,,,,,,,,,,,,,,,,,,,,,,,,,,,,,,,,,,,,,,,,,,155.46277950000012,155.4749770000003,155.4749770000003,155.4749770000003,155.65858310000021,None,,,,,,,,,,,,,,,,,,,,,,,,,,,,,,,,P7350,Bar_MIC,10,1,2026-05-15_14h49.41.843,MIC_task,,2026.1.2,60.04138051946148,2026-05-15 14h49.44.746353 +0200,
,,5,0,5,,,,,,,10,t01,fogkefe,toothbrush,8,tools,bathroom,6.8,17,None,51,None,"(0.1, 0)",None,,,,,,,,,,,,,,0,0,0,0,0,3,3,3,5,0,5,0,155.6751803000002,,,,,,,,,,,,,,,,,,,,,,,,,,,,,,,,,,,,,,,,,,,,,,,,,,,,,,,,,,,,,,,,,,,,,,,,,,,,,,,,,,,,,,,,,,,,,155.662507,155.6751803000002,155.6751803000002,155.6751803000002,155.85910720000038,None,,,,,,,,,,,,,,,,,,,,,,,,,,,,,,,,P7350,Bar_MIC,10,1,2026-05-15_14h49.41.843,MIC_task,,2026.1.2,60.04138051946148,2026-05-15 14h49.44.746353 +0200,
,,6,0,6,,,,,,,10,t01,fogkefe,toothbrush,8,tools,bathroom,6.8,17,None,51,None,"(0.1, 0)",None,,,,,,,,,,,,,,0,0,0,0,0,3,3,3,6,0,6,0,155.87535770000022,,,,,,,,,,,,,,,,,,,,,,,,,,,,,,,,,,,,,,,,,,,,,,,,,,,,,,,,,,,,,,,,,,,,,,,,,,,,,,,,,,,,,,,,,,,,,155.8634334000003,155.87535770000022,155.87535770000022,155.87535770000022,156.05951050000021,None,,,,,,,,,,,,,,,,,,,,,,,,,,,,,,,,P7350,Bar_MIC,10,1,2026-05-15_14h49.41.843,MIC_task,,2026.1.2,60.04138051946148,2026-05-15 14h49.44.746353 +0200,
,,7,0,7,,,,,,,10,t01,fogkefe,toothbrush,8,tools,bathroom,6.8,17,None,51,None,"(0.1, 0)",None,,,,,,,,,,,,,,0,0,0,0,0,3,3,3,7,0,7,0,156.07597060000035,,,,,,,,,,,,,,,,,,,,,,,,,,,,,,,,,,,,,,,,,,,,,,,,,,,,,,,,,,,,,,,,,,,,,,,,,,,,,,,,,,,,,,,,,,,,,156.0639441000003,156.07597060000035,156.07597060000035,156.07597060000035,156.2600712000003,None,,,,,,,,,,,,,,,,,,,,,,,,,,,,,,,,P7350,Bar_MIC,10,1,2026-05-15_14h49.41.843,MIC_task,,2026.1.2,60.04138051946148,2026-05-15 14h49.44.746353 +0200,
,,8,0,8,,,,,,,10,t01,fogkefe,toothbrush,8,tools,bathroom,6.8,17,None,51,None,"(0.1, 0)",None,,,,,,,,,,,,,,0,0,0,0,0,3,3,3,8,0,8,0,156.27595010000005,,,,,,,,,,,,,,,,,,,,,,,,,,,,,,,,,,,,,,,,,,,,,,,,,,,,,,,,,,,,,,,,,,,,,,,,,,,,,,,,,,,,,,,,,,,,,156.2642450000003,156.27595010000005,156.27595010000005,156.27595010000005,156.45988020000004,None,,,,,,,,,,,,,,,,,,,,,,,,,,,,,,,,P7350,Bar_MIC,10,1,2026-05-15_14h49.41.843,MIC_task,,2026.1.2,60.04138051946148,2026-05-15 14h49.44.746353 +0200,
,,9,0,9,,,,,,,10,t01,fogkefe,toothbrush,8,tools,bathroom,6.8,17,None,51,None,"(0.1, 0)",None,,,,,,,,,,,,,,0,0,0,0,0,3,3,3,9,0,9,0,156.47649330000013,,,,,,,,,,,,,,,,,,,,,,,,,,,,,,,,,,,,,,,,,,,,,,,,,,,,,,,,,,,,,,,,,,,,,,,,,,,,,,,,,,,,,,,,,,,,,156.46379920000027,156.47649330000013,156.47649330000013,156.47649330000013,156.66117580000036,None,,,,,,,,,,,,,,,,,,,,,,,,,,,,,,,,P7350,Bar_MIC,10,1,2026-05-15_14h49.41.843,MIC_task,,2026.1.2,60.04138051946148,2026-05-15 14h49.44.746353 +0200,
,,10,0,10,,,,,,,10,t01,fogkefe,toothbrush,8,tools,bathroom,6.8,17,None,51,None,"(0.1, 0)",None,,,,,,,,,,,,,,0,0,0,0,0,3,3,3,10,0,10,0,156.6768361000004,,,,,,,,,,,,,,,,,,,,,,,,,,,,,,,,,,,,,,,,,,,,,,,,,,,,,,,,,,,,,,,,,,,,,,,,,,,,,,,,,,,,,,,,,,,,,156.6654712000004,156.6768361000004,156.6768361000004,156.6768361000004,156.86113420000038,None,,,,,,,,,,,,,,,,,,,,,,,,,,,,,,,,P7350,Bar_MIC,10,1,2026-05-15_14h49.41.843,MIC_task,,2026.1.2,60.04138051946148,2026-05-15 14h49.44.746353 +0200,
,,11,0,11,,,,,,,10,t01,fogkefe,toothbrush,8,tools,bathroom,6.8,17,None,51,None,"(0.1, 0)",None,,,,,,,,,,,,,,0,0,0,0,0,3,3,3,11,0,11,0,156.87655350000023,,,,,,,,,,,,,,,,,,,,,,,,,,,,,,,,,,,,,,,,,,,,,,,,,,,,,,,,,,,,,,,,,,,,,,,,,,,,,,,,,,,,,,,,,,,,,156.86602240000002,156.87655350000023,156.87655350000023,156.87655350000023,157.06047360000002,None,,,,,,,,,,,,,,,,,,,,,,,,,,,,,,,,P7350,Bar_MIC,10,1,2026-05-15_14h49.41.843,MIC_task,,2026.1.2,60.04138051946148,2026-05-15 14h49.44.746353 +0200,
,,12,0,12,,,,,,,10,t01,fogkefe,toothbrush,8,tools,bathroom,6.8,17,None,51,None,"(0.1, 0)",None,,,,,,,,,,,,,,0,0,0,0,0,3,3,3,12,0,12,0,157.07695250000006,,,,,,,,,,,,,,,,,,,,,,,,,,,,,,,,,,,,,,,,,,,,,,,,,,,,,,,,,,,,,,,,,,,,,,,,,,,,,,,,,,,,,,,,,,,,,157.06597039999997,157.07695250000006,157.07695250000006,157.07695250000006,157.26111330000003,None,,,,,,,,,,,,,,,,,,,,,,,,,,,,,,,,P7350,Bar_MIC,10,1,2026-05-15_14h49.41.843,MIC_task,,2026.1.2,60.04138051946148,2026-05-15 14h49.44.746353 +0200,
,,13,0,13,,,,,,,10,t01,fogkefe,toothbrush,8,tools,bathroom,6.8,17,None,51,None,"(0.1, 0)",None,,,,,,,,,,,,,,0,0,0,0,0,3,3,3,13,0,13,0,157.27729339999996,,,,,,,,,,,,,,,,,,,,,,,,,,,,,,,,,,,,,,,,,,,,,,,,,,,,,,,,,,,,,,,,,,,,,,,,,,,,,,,,,,,,,,,,,,,,,157.2649061000002,157.27729339999996,157.27729339999996,157.27729339999996,157.4622870000003,None,,,,,,,,,,,,,,,,,,,,,,,,,,,,,,,,P7350,Bar_MIC,10,1,2026-05-15_14h49.41.843,MIC_task,,2026.1.2,60.04138051946148,2026-05-15 14h49.44.746353 +0200,
,,14,0,14,,,,,,,10,t01,fogkefe,toothbrush,8,tools,bathroom,6.8,17,None,51,None,"(0.1, 0)",None,,,,,,,,,,,,,,0,0,0,0,0,3,3,3,14,0,14,0,157.4776439000002,,,,,,,,,,,,,,,,,,,,,,,,,,,,,,,,,,,,,,,,,,,,,,,,,,,,,,,,,,,,,,,,,,,,,,,,,,,,,,,,,,,,,,,,,,,,,157.46614480000017,157.4776439000002,157.4776439000002,157.4776439000002,157.66263460000027,None,,,,,,,,,,,,,,,,,,,,,,,,,,,,,,,,P7350,Bar_MIC,10,1,2026-05-15_14h49.41.843,MIC_task,,2026.1.2,60.04138051946148,2026-05-15 14h49.44.746353 +0200,
,,15,0,15,,,,,,,10,t01,fogkefe,toothbrush,8,tools,bathroom,6.8,17,None,51,None,"(0.1, 0)",None,,,,,,,,,,,,,,0,0,0,0,0,3,3,3,15,0,15,0,157.67837080000027,,,,,,,,,,,,,,,,,,,,,,,,,,,,,,,,,,,,,,,,,,,,,,,,,,,,,,,,,,,,,,,,,,,,,,,,,,,,,,,,,,,,,,,,,,,,,157.66745690000016,157.67837080000027,157.67837080000027,157.67837080000027,157.8620560000004,None,,,,,,,,,,,,,,,,,,,,,,,,,,,,,,,,P7350,Bar_MIC,10,1,2026-05-15_14h49.41.843,MIC_task,,2026.1.2,60.04138051946148,2026-05-15 14h49.44.746353 +0200,
,,16,0,16,,,,,,,10,t01,fogkefe,toothbrush,8,tools,bathroom,6.8,17,None,51,None,"(0.1, 0)",None,,,,,,,,,,,,,,0,0,0,0,0,3,3,3,16,0,16,0,157.87848680000025,,,,,,,,,,,,,,,,,,,,,,,,,,,,,,,,,,,,,,,,,,,,,,,,,,,,,,,,,,,,,,,,,,,,,,,,,,,,,,,,,,,,,,,,,,,,,157.86717020000015,157.87848680000025,157.87848680000025,157.87848680000025,158.06254390000004,None,,,,,,,,,,,,,,,,,,,,,,,,,,,,,,,,P7350,Bar_MIC,10,1,2026-05-15_14h49.41.843,MIC_task,,2026.1.2,60.04138051946148,2026-05-15 14h49.44.746353 +0200,
,,17,0,17,,,,,,,10,t01,fogkefe,toothbrush,8,tools,bathroom,6.8,17,None,51,None,"(0.1, 0)",None,,,,,,,,,,,,,,0,0,0,0,0,3,3,3,17,0,17,0,158.07868290000033,,,,,,,,,,,,,,,,,,,,,,,,,,,,,,,,,,,,,,,,,,,,,,,,,,,,,,,,,,,,,,,,,,,,,,,,,,,,,,,,,,,,,,,,,,,,,158.06647520000024,158.07868290000033,158.07868290000033,158.07868290000033,158.26261120000026,None,,,,,,,,,,,,,,,,,,,,,,,,,,,,,,,,P7350,Bar_MIC,10,1,2026-05-15_14h49.41.843,MIC_task,,2026.1.2,60.04138051946148,2026-05-15 14h49.44.746353 +0200,
,,18,0,18,,,,,,,10,t01,fogkefe,toothbrush,8,tools,bathroom,6.8,17,None,51,None,"(0.1, 0)",None,,,,,,,,,,,,,,0,0,0,0,0,3,3,3,18,0,18,0,158.27937380000003,,,,,,,,,,,,,,,,,,,,,,,,,,,,,,,,,,,,,,,,,,,,,,,,,,,,,,,,,,,,,,,,,,,,,,,,,,,,,,,,,,,,,,,,,,,,,158.26718120000032,158.27937380000003,158.27937380000003,158.27937380000003,158.46321660000012,None,,,,,,,,,,,,,,,,,,,,,,,,,,,,,,,,P7350,Bar_MIC,10,1,2026-05-15_14h49.41.843,MIC_task,,2026.1.2,60.04138051946148,2026-05-15 14h49.44.746353 +0200,
,,19,0,19,,,,,,,10,t01,fogkefe,toothbrush,8,tools,bathroom,6.8,17,None,51,None,"(0.1, 0)",None,,,,,,,,,,,,,,0,0,0,0,0,3,3,3,19,0,19,0,158.47962610000013,,,,,,,,,,,,,,,,,,,,,,,,,,,,,,,,,,,,,,,,,,,,,,,,,,,,,,,,,,,,,,,,,,,,,,,,,,,,,,,,,,,,,,,,,,,,,158.4681168000002,158.47962610000013,158.47962610000013,158.47962610000013,158.66344040000013,None,,,,,,,,,,,,,,,,,,,,,,,,,,,,,,,,P7350,Bar_MIC,10,1,2026-05-15_14h49.41.843,MIC_task,,2026.1.2,60.04138051946148,2026-05-15 14h49.44.746353 +0200,
,,20,0,20,,,,,,,10,t01,fogkefe,toothbrush,8,tools,bathroom,6.8,17,None,51,None,"(0.1, 0)",None,,,,,,,,,,,,,,0,0,0,0,0,3,3,3,20,0,20,0,158.6798635,,,,,,,,,,,,,,,,,,,,,,,,,,,,,,,,,,,,,,,,,,,,,,,,,,,,,,,,,,,,,,,,,,,,,,,,,,,,,,,,,,,,,,,,,,,,,158.66707399999996,158.6798635,158.6798635,158.6798635,158.86357650000036,None,,,,,,,,,,,,,,,,,,,,,,,,,,,,,,,,P7350,Bar_MIC,10,1,2026-05-15_14h49.41.843,MIC_task,,2026.1.2,60.04138051946148,2026-05-15 14h49.44.746353 +0200,
,,21,0,21,,,,,,,10,t01,fogkefe,toothbrush,8,tools,bathroom,6.8,17,None,51,None,"(0.1, 0)",None,,,,,,,,,,,,,,0,0,0,0,0,3,3,3,21,0,21,0,158.88033940000014,,,,,,,,,,,,,,,,,,,,,,,,,,,,,,,,,,,,,,,,,,,,,,,,,,,,,,,,,,,,,,,,,,,,,,,,,,,,,,,,,,,,,,,,,,,,,158.86738570000034,158.88033940000014,158.88033940000014,158.88033940000014,159.0633011,None,,,,,,,,,,,,,,,,,,,,,,,,,,,,,,,,P7350,Bar_MIC,10,1,2026-05-15_14h49.41.843,MIC_task,,2026.1.2,60.04138051946148,2026-05-15 14h49.44.746353 +0200,
,,22,0,22,,,,,,,10,t01,fogkefe,toothbrush,8,tools,bathroom,6.8,17,None,51,None,"(0.1, 0)",None,,,,,,,,,,,,,,0,0,0,0,0,3,3,3,22,0,22,0,159.0800344000004,,,,,,,,,,,,,,,,,,,,,,,,,,,,,,,,,,,,,,,,,,,,,,,,,,,,,,,,,,,,,,,,,,,,,,,,,,,,,,,,,,,,,,,,,,,,,159.0669782,159.0800344000004,159.0800344000004,159.0800344000004,159.26461560000007,None,,,,,,,,,,,,,,,,,,,,,,,,,,,,,,,,P7350,Bar_MIC,10,1,2026-05-15_14h49.41.843,MIC_task,,2026.1.2,60.04138051946148,2026-05-15 14h49.44.746353 +0200,
,,23,0,23,,,,,,,10,t01,fogkefe,toothbrush,8,tools,bathroom,6.8,17,None,51,None,"(0.1, 0)",None,,,,,,,,,,,,,,0,0,0,0,0,3,3,3,23,0,23,0,159.28067060000012,,,,,,,,,,,,,,,,,,,,,,,,,,,,,,,,,,,,,,,,,,,,,,,,,,,,,,,,,,,,,,,,,,,,,,,,,,,,,,,,,,,,,,,,,,,,,159.26941110000007,159.28067060000012,159.28067060000012,159.28067060000012,159.46407360000012,None,,,,,,,,,,,,,,,,,,,,,,,,,,,,,,,,P7350,Bar_MIC,10,1,2026-05-15_14h49.41.843,MIC_task,,2026.1.2,60.04138051946148,2026-05-15 14h49.44.746353 +0200,
,,24,0,24,,,,,,,10,t01,fogkefe,toothbrush,8,tools,bathroom,6.8,17,None,51,None,"(0.1, 0)",None,,,,,,,,,,,,,,0,0,0,0,0,3,3,3,24,0,24,0,159.48064720000002,,,,,,,,,,,,,,,,,,,,,,,,,,,,,,,,,,,,,,,,,,,,,,,,,,,,,,,,,,,,,,,,,,,,,,,,,,,,,,,,,,,,,,,,,,,,,159.46811260000004,159.48064720000002,159.48064720000002,159.48064720000002,159.66436000000022,None,,,,,,,,,,,,,,,,,,,,,,,,,,,,,,,,P7350,Bar_MIC,10,1,2026-05-15_14h49.41.843,MIC_task,,2026.1.2,60.04138051946148,2026-05-15 14h49.44.746353 +0200,
,,25,0,25,,,,,,,10,t01,fogkefe,toothbrush,8,tools,bathroom,6.8,17,None,51,None,"(0.1, 0)",None,,,,,,,,,,,,,,0,0,0,0,0,3,3,3,25,0,25,0,159.68112440000004,,,,,,,,,,,,,,,,,,,,,,,,,,,,,,,,,,,,,,,,,,,,,,,,,,,,,,,,,,,,,,,,,,,,,,,,,,,,,,,,,,,,,,,,,,,,,159.66807430000017,159.68112440000004,159.68112440000004,159.68112440000004,159.8648589000004,None,,,,,,,,,,,,,,,,,,,,,,,,,,,,,,,,P7350,Bar_MIC,10,1,2026-05-15_14h49.41.843,MIC_task,,2026.1.2,60.04138051946148,2026-05-15 14h49.44.746353 +0200,
,,26,0,26,,,,,,,10,t01,fogkefe,toothbrush,8,tools,bathroom,6.8,17,None,51,None,"(0.1, 0)",None,,,,,,,,,,,,,,0,0,0,0,0,3,3,3,26,0,26,0,159.88142470000003,,,,,,,,,,,,,,,,,,,,,,,,,,,,,,,,,,,,,,,,,,,,,,,,,,,,,,,,,,,,,,,,,,,,,,,,,,,,,,,,,,,,,,,,,,,,,159.8685163,159.88142470000003,159.88142470000003,159.88142470000003,160.06521840000005,None,,,,,,,,,,,,,,,,,,,,,,,,,,,,,,,,P7350,Bar_MIC,10,1,2026-05-15_14h49.41.843,MIC_task,,2026.1.2,60.04138051946148,2026-05-15 14h49.44.746353 +0200,
,,27,0,27,,,,,,,10,t01,fogkefe,toothbrush,8,tools,bathroom,6.8,17,None,51,None,"(0.1, 0)",None,,,,,,,,,,,,,,0,0,0,0,0,3,3,3,27,0,27,0,160.0817965000001,,,,,,,,,,,,,,,,,,,,,,,,,,,,,,,,,,,,,,,,,,,,,,,,,,,,,,,,,,,,,,,,,,,,,,,,,,,,,,,,,,,,,,,,,,,,,160.06937530000005,160.0817965000001,160.0817965000001,160.0817965000001,160.2656551,None,,,,,,,,,,,,,,,,,,,,,,,,,,,,,,,,P7350,Bar_MIC,10,1,2026-05-15_14h49.41.843,MIC_task,,2026.1.2,60.04138051946148,2026-05-15 14h49.44.746353 +0200,
,,28,0,28,,,,,,,10,t01,fogkefe,toothbrush,8,tools,bathroom,6.8,17,None,51,None,"(0.1, 0)",None,,,,,,,,,,,,,,0,0,0,0,0,3,3,3,28,0,28,0,160.28272930000003,,,,,,,,,,,,,,,,,,,,,,,,,,,,,,,,,,,,,,,,,,,,,,,,,,,,,,,,,,,,,,,,,,,,,,,,,,,,,,,,,,,,,,,,,,,,,160.2702989000004,160.28272930000003,160.28272930000003,160.28272930000003,160.4659472000003,None,,,,,,,,,,,,,,,,,,,,,,,,,,,,,,,,P7350,Bar_MIC,10,1,2026-05-15_14h49.41.843,MIC_task,,2026.1.2,60.04138051946148,2026-05-15 14h49.44.746353 +0200,
,,29,0,29,,,,,,,10,t01,fogkefe,toothbrush,8,tools,bathroom,6.8,17,None,51,None,"(0.1, 0)",None,,,,,,,,,,,,,,0,0,0,0,0,3,3,3,29,0,29,0,160.48261170000023,,,,,,,,,,,,,,,,,,,,,,,,,,,,,,,,,,,,,,,,,,,,,,,,,,,,,,,,,,,,,,,,,,,,,,,,,,,,,,,,,,,,,,,,,,,,,160.46987160000026,160.48261170000023,160.48261170000023,160.48261170000023,160.66627590000007,None,,,,,,,,,,,,,,,,,,,,,,,,,,,,,,,,P7350,Bar_MIC,10,1,2026-05-15_14h49.41.843,MIC_task,,2026.1.2,60.04138051946148,2026-05-15 14h49.44.746353 +0200,
,,30,0,30,,,,,,,10,t01,fogkefe,toothbrush,8,tools,bathroom,6.8,17,None,51,None,"(0.1, 0)",None,,,,,,,,,,,,,,0,0,0,0,0,3,3,3,30,0,30,0,160.6831373,,,,,,,,,,,,,,,,,,,,,,,,,,,,,,,,,,,,,,,,,,,,,,,,,,,,,,,,,,,,,,,,,,,,,,,,,,,,,,,,,,,,,,,,,,,,,160.67003830000021,160.6831373,160.6831373,160.6831373,160.8665916,None,,,,,,,,,,,,,,,,,,,,,,,,,,,,,,,,P7350,Bar_MIC,10,1,2026-05-15_14h49.41.843,MIC_task,,2026.1.2,60.04138051946148,2026-05-15 14h49.44.746353 +0200,
,,31,0,31,,,,,,,10,t01,fogkefe,toothbrush,8,tools,bathroom,6.8,17,None,51,None,"(0.1, 0)",None,,,,,,,,,,,,,,0,0,0,0,0,3,3,3,31,0,31,0,160.88348720000022,,,,,,,,,,,,,,,,,,,,,,,,,,,,,,,,,,,,,,,,,,,,,,,,,,,,,,,,,,,,,,,,,,,,,,,,,,,,,,,,,,,,,,,,,,,,,160.87027530000023,160.88348720000022,160.88348720000022,160.88348720000022,161.0675658,None,,,,,,,,,,,,,,,,,,,,,,,,,,,,,,,,P7350,Bar_MIC,10,1,2026-05-15_14h49.41.843,MIC_task,,2026.1.2,60.04138051946148,2026-05-15 14h49.44.746353 +0200,
,,32,0,32,,,,,,,10,t01,fogkefe,toothbrush,8,tools,bathroom,6.8,17,None,51,None,"(0.1, 0)",None,,,,,,,,,,,,,,0,0,0,0,0,3,3,3,32,0,32,0,161.08363840000038,,,,,,,,,,,,,,,,,,,,,,,,,,,,,,,,,,,,,,,,,,,,,,,,,,,,,,,,,,,,,,,,,,,,,,,,,,,,,,,,,,,,,,,,,,,,,161.07185960000015,161.08363840000038,161.08363840000038,161.08363840000038,161.26746110000022,None,,,,,,,,,,,,,,,,,,,,,,,,,,,,,,,,P7350,Bar_MIC,10,1,2026-05-15_14h49.41.843,MIC_task,,2026.1.2,60.04138051946148,2026-05-15 14h49.44.746353 +0200,
,,33,0,33,,,,,,,10,t01,fogkefe,toothbrush,8,tools,bathroom,6.8,17,None,51,None,"(0.1, 0)",None,,,,,,,,,,,,,,0,0,0,0,0,3,3,3,33,0,33,0,161.2840530000003,,,,,,,,,,,,,,,,,,,,,,,,,,,,,,,,,,,,,,,,,,,,,,,,,,,,,,,,,,,,,,,,,,,,,,,,,,,,,,,,,,,,,,,,,,,,,161.27208180000025,161.2840530000003,161.2840530000003,161.2840530000003,161.46700350000037,None,,,,,,,,,,,,,,,,,,,,,,,,,,,,,,,,P7350,Bar_MIC,10,1,2026-05-15_14h49.41.843,MIC_task,,2026.1.2,60.04138051946148,2026-05-15 14h49.44.746353 +0200,
,,34,0,34,,,,,,,10,t01,fogkefe,toothbrush,8,tools,bathroom,6.8,17,None,51,None,"(0.1, 0)",None,,,,,,,,,,,,,,0,0,0,0,0,3,3,3,34,0,34,0,161.4837660000003,,,,,,,,,,,,,,,,,,,,,,,,,,,,,,,,,,,,,,,,,,,,,,,,,,,,,,,,,,,,,,,,,,,,,,,,,,,,,,,,,,,,,,,,,,,,,161.47124460000032,161.4837660000003,161.4837660000003,161.4837660000003,161.66903990000037,None,,,,,,,,,,,,,,,,,,,,,,,,,,,,,,,,P7350,Bar_MIC,10,1,2026-05-15_14h49.41.843,MIC_task,,2026.1.2,60.04138051946148,2026-05-15 14h49.44.746353 +0200,
,,35,0,35,,,,,,,10,t01,fogkefe,toothbrush,8,tools,bathroom,6.8,17,None,51,None,"(0.1, 0)",None,,,,,,,,,,,,,,0,0,0,0,0,3,3,3,35,0,35,0,161.68405870000015,,,,,,,,,,,,,,,,,,,,,,,,,,,,,,,,,,,,,,,,,,,,,,,,,,,,,,,,,,,,,,,,,,,,,,,,,,,,,,,,,,,,,,,,,,,,,161.6731162000001,161.68405870000015,161.68405870000015,161.68405870000015,161.8678286000004,None,,,,,,,,,,,,,,,,,,,,,,,,,,,,,,,,P7350,Bar_MIC,10,1,2026-05-15_14h49.41.843,MIC_task,,2026.1.2,60.04138051946148,2026-05-15 14h49.44.746353 +0200,
,,36,0,36,,,,,,,10,t01,fogkefe,toothbrush,8,tools,bathroom,6.8,17,None,51,None,"(0.1, 0)",None,,,,,,,,,,,,,,0,0,0,0,0,3,3,3,36,0,36,0,161.88512910000009,,,,,,,,,,,,,,,,,,,,,,,,,,,,,,,,,,,,,,,,,,,,,,,,,,,,,,,,,,,,,,,,,,,,,,,,,,,,,,,,,,,,,,,,,,,,,161.87207400000034,161.88512910000009,161.88512910000009,161.88512910000009,162.06826420000016,None,,,,,,,,,,,,,,,,,,,,,,,,,,,,,,,,P7350,Bar_MIC,10,1,2026-05-15_14h49.41.843,MIC_task,,2026.1.2,60.04138051946148,2026-05-15 14h49.44.746353 +0200,
,,37,0,37,,,,,,,10,t01,fogkefe,toothbrush,8,tools,bathroom,6.8,17,None,51,None,"(0.1, 0)",None,,,,,,,,,,,,,,0,0,0,0,0,3,3,3,37,0,37,0,162.08505370000012,,,,,,,,,,,,,,,,,,,,,,,,,,,,,,,,,,,,,,,,,,,,,,,,,,,,,,,,,,,,,,,,,,,,,,,,,,,,,,,,,,,,,,,,,,,,,162.0720824,162.08505370000012,162.08505370000012,162.08505370000012,162.26855969999997,None,,,,,,,,,,,,,,,,,,,,,,,,,,,,,,,,P7350,Bar_MIC,10,1,2026-05-15_14h49.41.843,MIC_task,,2026.1.2,60.04138051946148,2026-05-15 14h49.44.746353 +0200,
,,38,0,38,,,,,,,10,t01,fogkefe,toothbrush,8,tools,bathroom,6.8,17,None,51,None,"(0.1, 0)",None,,,,,,,,,,,,,,0,0,0,0,0,3,3,3,38,0,38,0,162.28508910000028,,,,,,,,,,,,,,,,,,,,,,,,,,,,,,,,,,,,,,,,,,,,,,,,,,,,,,,,,,,,,,,,,,,,,,,,,,,,,,,,,,,,,,,,,,,,,162.27317630000016,162.28508910000028,162.28508910000028,162.28508910000028,162.46941920000017,None,,,,,,,,,,,,,,,,,,,,,,,,,,,,,,,,P7350,Bar_MIC,10,1,2026-05-15_14h49.41.843,MIC_task,,2026.1.2,60.04138051946148,2026-05-15 14h49.44.746353 +0200,
,,39,0,39,,,,,,,10,t01,fogkefe,toothbrush,8,tools,bathroom,6.8,17,None,51,None,"(0.1, 0)",None,,,,,,,,,,,,,,0,0,0,0,0,3,3,3,39,0,39,0,162.4854934,,,,,,,,,,,,,,,,,,,,,,,,,,,,,,,,,,,,,,,,,,,,,,,,,,,,,,,,,,,,,,,,,,,,,,,,,,,,,,,,,,,,,,,,,,,,,162.47367880000002,162.4854934,162.4854934,162.4854934,162.6692849000001,None,,,,,,,,,,,,,,,,,,,,,,,,,,,,,,,,P7350,Bar_MIC,10,1,2026-05-15_14h49.41.843,MIC_task,,2026.1.2,60.04138051946148,2026-05-15 14h49.44.746353 +0200,
,,40,0,40,,,,,,,10,t01,fogkefe,toothbrush,8,tools,bathroom,6.8,17,None,51,None,"(0.1, 0)",None,,,,,,,,,,,,,,0,0,0,0,0,3,3,3,40,0,40,0,162.68585930000017,,,,,,,,,,,,,,,,,,,,,,,,,,,,,,,,,,,,,,,,,,,,,,,,,,,,,,,,,,,,,,,,,,,,,,,,,,,,,,,,,,,,,,,,,,,,,162.67350260000012,162.68585930000017,162.68585930000017,162.68585930000017,162.86955490000037,None,,,,,,,,,,,,,,,,,,,,,,,,,,,,,,,,P7350,Bar_MIC,10,1,2026-05-15_14h49.41.843,MIC_task,,2026.1.2,60.04138051946148,2026-05-15 14h49.44.746353 +0200,
,,41,0,41,,,,,,,10,t01,fogkefe,toothbrush,8,tools,bathroom,6.8,17,None,51,None,"(0.1, 0)",None,,,,,,,,,,,,,,0,0,0,0,0,3,3,3,41,0,41,0,162.8862849000002,,,,,,,,,,,,,,,,,,,,,,,,,,,,,,,,,,,,,,,,,,,,,,,,,,,,,,,,,,,,,,,,,,,,,,,,,,,,,,,,,,,,,,,,,,,,,162.8734975000002,162.8862849000002,162.8862849000002,162.8862849000002,163.06997690000026,None,,,,,,,,,,,,,,,,,,,,,,,,,,,,,,,,P7350,Bar_MIC,10,1,2026-05-15_14h49.41.843,MIC_task,,2026.1.2,60.04138051946148,2026-05-15 14h49.44.746353 +0200,
,,42,0,42,,,,,,,10,t01,fogkefe,toothbrush,8,tools,bathroom,6.8,17,None,51,None,"(0.1, 0)",None,,,,,,,,,,,,,,0,0,0,0,0,3,3,3,42,0,42,0,163.08688900000016,,,,,,,,,,,,,,,,,,,,,,,,,,,,,,,,,,,,,,,,,,,,,,,,,,,,,,,,,,,,,,,,,,,,,,,,,,,,,,,,,,,,,,,,,,,,,163.07393200000024,163.08688900000016,163.08688900000016,163.08688900000016,163.2707593,None,,,,,,,,,,,,,,,,,,,,,,,,,,,,,,,,P7350,Bar_MIC,10,1,2026-05-15_14h49.41.843,MIC_task,,2026.1.2,60.04138051946148,2026-05-15 14h49.44.746353 +0200,
,,43,0,43,,,,,,,10,t01,fogkefe,toothbrush,8,tools,bathroom,6.8,17,None,51,None,"(0.1, 0)",space,0.14422460000014325,None,,,,,,,,,,,,0,0,0,0,0,3,3,3,43,0,43,0,163.28728210000008,,,,,,,,,,,,,,,,,,,,,,,,,,,,,,,,,,,,,,,,,,,,,,,,,,,,,,,,,,,,,,,,,,,,,,,,,,,,,,,,,,,,,,,,,,,,,163.27519260000008,163.28728210000008,163.28728210000008,163.28728210000008,163.4383885000002,space,0.14422460000014325,None,,,,,,,,,,,,,,,,,,,,,,,,,,,,,,P7350,Bar_MIC,10,1,2026-05-15_14h49.41.843,MIC_task,,2026.1.2,60.04138051946148,2026-05-15 14h49.44.746353 +0200,
,,3,3,0,,,,space,4.435971899999913,None,10,t01,fogkefe,toothbrush,8,tools,bathroom,6.8,17,None,51,None,"(0.1, 0)",,,,,,,,,,,,,,,0,0,0,0,0,3,3,3,,,,,,,,,,,,,,,,,,,,,,,,,,,,,,,,,,,,,,,,,,,,,,,,,,,,,,,,,,,,,,,,,,,,,,,,,,,,,,,,,163.54766120000022,163.55685530000028,163.55383036666706,165.4404697,,,,,,167.44370630000003,167.45993910000016,167.45993910000016,171.90097700000024,,,,,,,,,,,,,165.47110500000008,165.47659470000008,165.4736117333337,167.36019110000007,167.44363460000022,space,4.435971899999913,None,,,,,,,,,,,,,,,,,,,,,,P7350,Bar_MIC,10,1,2026-05-15_14h49.41.843,MIC_task,,2026.1.2,60.04138051946148,2026-05-15 14h49.44.746353 +0200,
,,0,0,0,,,,,,,10,ty14,lufi,balloon,9,toys,gadget,6.6,148,18,None,None,"(-0.1, 0.1)",None,,,,,,,,,,,,,,0,0,0,0,0,4,4,4,0,0,0,0,171.91723840000031,,,,,,,,,,,,,,,,,,,,,,,,,,,,,,,,,,,,,,,,,,,,,,,,,,,,,,,,,,,,,,,,,,,,,,,,,,,,,,,,,,,,,,,,,,,,,171.90603290000035,171.91723840000031,171.91723840000031,171.91723840000031,172.10127690000036,None,,,,,,,,,,,172.11713099999997,172.11713099999997,172.11713099999997,,,,,,,,,,,,,,,,,,,P7350,Bar_MIC,10,1,2026-05-15_14h49.41.843,MIC_task,,2026.1.2,60.04138051946148,2026-05-15 14h49.44.746353 +0200,
,,0,0,0,,,,,,,10,ty14,lufi,balloon,9,toys,gadget,6.6,148,18,None,None,"(-0.1, 0.1)",None,,,,,,,,,,,,,,0,0,0,0,0,4,4,4,0,0,0,0,172.11713099999997,,,,,,,,,,,,,,,,,,,,,,,,,,,,,,,,,,,,,,,,,,,,,,,,,,,,,,,,,,,,,,,,,,,,,,,,,,,,,,,,,,,,,,,,,,,,,172.10548689999996,172.11713099999997,172.11713099999997,172.11713099999997,172.301692,None,,,,,,,,,,,172.3176843000001,172.3176843000001,172.3176843000001,,,,,,,,,,,,,,,,,,,P7350,Bar_MIC,10,1,2026-05-15_14h49.41.843,MIC_task,,2026.1.2,60.04138051946148,2026-05-15 14h49.44.746353 +0200,
,,1,0,1,,,,,,,10,ty14,lufi,balloon,9,toys,gadget,6.6,148,18,None,None,"(-0.1, 0.1)",None,,,,,,,,,,,,,,0,0,0,0,0,4,4,4,1,0,1,0,172.3176843000001,,,,,,,,,,,,,,,,,,,,,,,,,,,,,,,,,,,,,,,,,,,,,,,,,,,,,,,,,,,,,,,,,,,,,,,,,,,,,,,,,,,,,,,,,,,,,172.3059456000001,172.3176843000001,172.3176843000001,172.3176843000001,172.50116960000014,None,,,,,,,,,,,172.51785719999998,172.51785719999998,172.51785719999998,,,,,,,,,,,,,,,,,,,P7350,Bar_MIC,10,1,2026-05-15_14h49.41.843,MIC_task,,2026.1.2,60.04138051946148,2026-05-15 14h49.44.746353 +0200,
,,2,0,2,,,,,,,10,ty14,lufi,balloon,9,toys,gadget,6.6,148,18,None,None,"(-0.1, 0.1)",None,,,,,,,,,,,,,,0,0,0,0,0,4,4,4,2,0,2,0,172.51785719999998,,,,,,,,,,,,,,,,,,,,,,,,,,,,,,,,,,,,,,,,,,,,,,,,,,,,,,,,,,,,,,,,,,,,,,,,,,,,,,,,,,,,,,,,,,,,,172.50528200000008,172.51785719999998,172.51785719999998,172.51785719999998,172.7022890000003,None,,,,,,,,,,,,,,,,,,,,,,,,,,,,,,,,P7350,Bar_MIC,10,1,2026-05-15_14h49.41.843,MIC_task,,2026.1.2,60.04138051946148,2026-05-15 14h49.44.746353 +0200,
,,3,0,3,,,,,,,10,ty14,lufi,balloon,9,toys,gadget,6.6,148,18,None,None,"(-0.1, 0.1)",None,,,,,,,,,,,,,,0,0,0,0,0,4,4,4,3,0,3,0,172.7177085000003,,,,,,,,,,,,,,,,,,,,,,,,,,,,,,,,,,,,,,,,,,,,,,,,,,,,,,,,,,,,,,,,,,,,,,,,,,,,,,,,,,,,,,,,,,,,,172.7073502000003,172.7177085000003,172.7177085000003,172.7177085000003,172.90143030000036,None,,,,,,,,,,,,,,,,,,,,,,,,,,,,,,,,P7350,Bar_MIC,10,1,2026-05-15_14h49.41.843,MIC_task,,2026.1.2,60.04138051946148,2026-05-15 14h49.44.746353 +0200,
,,4,0,4,,,,,,,10,ty14,lufi,balloon,9,toys,gadget,6.6,148,18,None,None,"(-0.1, 0.1)",None,,,,,,,,,,,,,,0,0,0,0,0,4,4,4,4,0,4,0,172.91790160000028,,,,,,,,,,,,,,,,,,,,,,,,,,,,,,,,,,,,,,,,,,,,,,,,,,,,,,,,,,,,,,,,,,,,,,,,,,,,,,,,,,,,,,,,,,,,,172.9058299000003,172.91790160000028,172.91790160000028,172.91790160000028,173.10169600000017,None,,,,,,,,,,,,,,,,,,,,,,,,,,,,,,,,P7350,Bar_MIC,10,1,2026-05-15_14h49.41.843,MIC_task,,2026.1.2,60.04138051946148,2026-05-15 14h49.44.746353 +0200,
,,5,0,5,,,,,,,10,ty14,lufi,balloon,9,toys,gadget,6.6,148,18,None,None,"(-0.1, 0.1)",None,,,,,,,,,,,,,,0,0,0,0,0,4,4,4,5,0,5,0,173.11829840000019,,,,,,,,,,,,,,,,,,,,,,,,,,,,,,,,,,,,,,,,,,,,,,,,,,,,,,,,,,,,,,,,,,,,,,,,,,,,,,,,,,,,,,,,,,,,,173.10569920000034,173.11829840000019,173.11829840000019,173.11829840000019,173.3020365000002,None,,,,,,,,,,,,,,,,,,,,,,,,,,,,,,,,P7350,Bar_MIC,10,1,2026-05-15_14h49.41.843,MIC_task,,2026.1.2,60.04138051946148,2026-05-15 14h49.44.746353 +0200,
,,6,0,6,,,,,,,10,ty14,lufi,balloon,9,toys,gadget,6.6,148,18,None,None,"(-0.1, 0.1)",None,,,,,,,,,,,,,,0,0,0,0,0,4,4,4,6,0,6,0,173.31858290000037,,,,,,,,,,,,,,,,,,,,,,,,,,,,,,,,,,,,,,,,,,,,,,,,,,,,,,,,,,,,,,,,,,,,,,,,,,,,,,,,,,,,,,,,,,,,,173.30619109999998,173.31858290000037,173.31858290000037,173.31858290000037,173.5035170000001,None,,,,,,,,,,,,,,,,,,,,,,,,,,,,,,,,P7350,Bar_MIC,10,1,2026-05-15_14h49.41.843,MIC_task,,2026.1.2,60.04138051946148,2026-05-15 14h49.44.746353 +0200,
,,7,0,7,,,,,,,10,ty14,lufi,balloon,9,toys,gadget,6.6,148,18,None,None,"(-0.1, 0.1)",None,,,,,,,,,,,,,,0,0,0,0,0,4,4,4,7,0,7,0,173.5193607000001,,,,,,,,,,,,,,,,,,,,,,,,,,,,,,,,,,,,,,,,,,,,,,,,,,,,,,,,,,,,,,,,,,,,,,,,,,,,,,,,,,,,,,,,,,,,,173.5076454,173.5193607000001,173.5193607000001,173.5193607000001,173.7029875000003,None,,,,,,,,,,,,,,,,,,,,,,,,,,,,,,,,P7350,Bar_MIC,10,1,2026-05-15_14h49.41.843,MIC_task,,2026.1.2,60.04138051946148,2026-05-15 14h49.44.746353 +0200,
,,8,0,8,,,,,,,10,ty14,lufi,balloon,9,toys,gadget,6.6,148,18,None,None,"(-0.1, 0.1)",None,,,,,,,,,,,,,,0,0,0,0,0,4,4,4,8,0,8,0,173.7194558000001,,,,,,,,,,,,,,,,,,,,,,,,,,,,,,,,,,,,,,,,,,,,,,,,,,,,,,,,,,,,,,,,,,,,,,,,,,,,,,,,,,,,,,,,,,,,,173.7079517000002,173.7194558000001,173.7194558000001,173.7194558000001,173.90415970000004,None,,,,,,,,,,,,,,,,,,,,,,,,,,,,,,,,P7350,Bar_MIC,10,1,2026-05-15_14h49.41.843,MIC_task,,2026.1.2,60.04138051946148,2026-05-15 14h49.44.746353 +0200,
,,9,0,9,,,,,,,10,ty14,lufi,balloon,9,toys,gadget,6.6,148,18,None,None,"(-0.1, 0.1)",None,,,,,,,,,,,,,,0,0,0,0,0,4,4,4,9,0,9,0,173.9197954000001,,,,,,,,,,,,,,,,,,,,,,,,,,,,,,,,,,,,,,,,,,,,,,,,,,,,,,,,,,,,,,,,,,,,,,,,,,,,,,,,,,,,,,,,,,,,,173.90979620000007,173.9197954000001,173.9197954000001,173.9197954000001,174.10365860000002,None,,,,,,,,,,,,,,,,,,,,,,,,,,,,,,,,P7350,Bar_MIC,10,1,2026-05-15_14h49.41.843,MIC_task,,2026.1.2,60.04138051946148,2026-05-15 14h49.44.746353 +0200,
,,10,0,10,,,,,,,10,ty14,lufi,balloon,9,toys,gadget,6.6,148,18,None,None,"(-0.1, 0.1)",None,,,,,,,,,,,,,,0,0,0,0,0,4,4,4,10,0,10,0,174.12007670000003,,,,,,,,,,,,,,,,,,,,,,,,,,,,,,,,,,,,,,,,,,,,,,,,,,,,,,,,,,,,,,,,,,,,,,,,,,,,,,,,,,,,,,,,,,,,,174.10935900000004,174.12007670000003,174.12007670000003,174.12007670000003,174.30378689999998,None,,,,,,,,,,,,,,,,,,,,,,,,,,,,,,,,P7350,Bar_MIC,10,1,2026-05-15_14h49.41.843,MIC_task,,2026.1.2,60.04138051946148,2026-05-15 14h49.44.746353 +0200,
,,11,0,11,,,,,,,10,ty14,lufi,balloon,9,toys,gadget,6.6,148,18,None,None,"(-0.1, 0.1)",None,,,,,,,,,,,,,,0,0,0,0,0,4,4,4,11,0,11,0,174.32039040000018,,,,,,,,,,,,,,,,,,,,,,,,,,,,,,,,,,,,,,,,,,,,,,,,,,,,,,,,,,,,,,,,,,,,,,,,,,,,,,,,,,,,,,,,,,,,,174.30796200000032,174.32039040000018,174.32039040000018,174.32039040000018,174.50434680000035,None,,,,,,,,,,,,,,,,,,,,,,,,,,,,,,,,P7350,Bar_MIC,10,1,2026-05-15_14h49.41.843,MIC_task,,2026.1.2,60.04138051946148,2026-05-15 14h49.44.746353 +0200,
,,12,0,12,,,,,,,10,ty14,lufi,balloon,9,toys,gadget,6.6,148,18,None,None,"(-0.1, 0.1)",None,,,,,,,,,,,,,,0,0,0,0,0,4,4,4,12,0,12,0,174.52006170000004,,,,,,,,,,,,,,,,,,,,,,,,,,,,,,,,,,,,,,,,,,,,,,,,,,,,,,,,,,,,,,,,,,,,,,,,,,,,,,,,,,,,,,,,,,,,,174.50846560000036,174.52006170000004,174.52006170000004,174.52006170000004,174.70483890000014,None,,,,,,,,,,,,,,,,,,,,,,,,,,,,,,,,P7350,Bar_MIC,10,1,2026-05-15_14h49.41.843,MIC_task,,2026.1.2,60.04138051946148,2026-05-15 14h49.44.746353 +0200,
,,13,0,13,,,,,,,10,ty14,lufi,balloon,9,toys,gadget,6.6,148,18,None,None,"(-0.1, 0.1)",None,,,,,,,,,,,,,,0,0,0,0,0,4,4,4,13,0,13,0,174.72054590000016,,,,,,,,,,,,,,,,,,,,,,,,,,,,,,,,,,,,,,,,,,,,,,,,,,,,,,,,,,,,,,,,,,,,,,,,,,,,,,,,,,,,,,,,,,,,,174.71016660000032,174.72054590000016,174.72054590000016,174.72054590000016,174.90544640000007,None,,,,,,,,,,,,,,,,,,,,,,,,,,,,,,,,P7350,Bar_MIC,10,1,2026-05-15_14h49.41.843,MIC_task,,2026.1.2,60.04138051946148,2026-05-15 14h49.44.746353 +0200,
,,14,0,14,,,,,,,10,ty14,lufi,balloon,9,toys,gadget,6.6,148,18,None,None,"(-0.1, 0.1)",None,,,,,,,,,,,,,,0,0,0,0,0,4,4,4,14,0,14,0,174.9209380000002,,,,,,,,,,,,,,,,,,,,,,,,,,,,,,,,,,,,,,,,,,,,,,,,,,,,,,,,,,,,,,,,,,,,,,,,,,,,,,,,,,,,,,,,,,,,,174.91018650000024,174.9209380000002,174.9209380000002,174.9209380000002,175.10576840000022,None,,,,,,,,,,,,,,,,,,,,,,,,,,,,,,,,P7350,Bar_MIC,10,1,2026-05-15_14h49.41.843,MIC_task,,2026.1.2,60.04138051946148,2026-05-15 14h49.44.746353 +0200,
,,15,0,15,,,,,,,10,ty14,lufi,balloon,9,toys,gadget,6.6,148,18,None,None,"(-0.1, 0.1)",None,,,,,,,,,,,,,,0,0,0,0,0,4,4,4,15,0,15,0,175.12113240000008,,,,,,,,,,,,,,,,,,,,,,,,,,,,,,,,,,,,,,,,,,,,,,,,,,,,,,,,,,,,,,,,,,,,,,,,,,,,,,,,,,,,,,,,,,,,,175.10972960000026,175.12113240000008,175.12113240000008,175.12113240000008,175.30495770000016,None,,,,,,,,,,,,,,,,,,,,,,,,,,,,,,,,P7350,Bar_MIC,10,1,2026-05-15_14h49.41.843,MIC_task,,2026.1.2,60.04138051946148,2026-05-15 14h49.44.746353 +0200,
,,16,0,16,,,,,,,10,ty14,lufi,balloon,9,toys,gadget,6.6,148,18,None,None,"(-0.1, 0.1)",None,,,,,,,,,,,,,,0,0,0,0,0,4,4,4,16,0,16,0,175.3215365000001,,,,,,,,,,,,,,,,,,,,,,,,,,,,,,,,,,,,,,,,,,,,,,,,,,,,,,,,,,,,,,,,,,,,,,,,,,,,,,,,,,,,,,,,,,,,,175.3089734,175.3215365000001,175.3215365000001,175.3215365000001,175.50587160000032,None,,,,,,,,,,,,,,,,,,,,,,,,,,,,,,,,P7350,Bar_MIC,10,1,2026-05-15_14h49.41.843,MIC_task,,2026.1.2,60.04138051946148,2026-05-15 14h49.44.746353 +0200,
,,17,0,17,,,,,,,10,ty14,lufi,balloon,9,toys,gadget,6.6,148,18,None,None,"(-0.1, 0.1)",None,,,,,,,,,,,,,,0,0,0,0,0,4,4,4,17,0,17,0,175.52195359999996,,,,,,,,,,,,,,,,,,,,,,,,,,,,,,,,,,,,,,,,,,,,,,,,,,,,,,,,,,,,,,,,,,,,,,,,,,,,,,,,,,,,,,,,,,,,,175.5101182000003,175.52195359999996,175.52195359999996,175.52195359999996,175.70619250000027,None,,,,,,,,,,,,,,,,,,,,,,,,,,,,,,,,P7350,Bar_MIC,10,1,2026-05-15_14h49.41.843,MIC_task,,2026.1.2,60.04138051946148,2026-05-15 14h49.44.746353 +0200,
,,18,0,18,,,,,,,10,ty14,lufi,balloon,9,toys,gadget,6.6,148,18,None,None,"(-0.1, 0.1)",None,,,,,,,,,,,,,,0,0,0,0,0,4,4,4,18,0,18,0,175.72233050000023,,,,,,,,,,,,,,,,,,,,,,,,,,,,,,,,,,,,,,,,,,,,,,,,,,,,,,,,,,,,,,,,,,,,,,,,,,,,,,,,,,,,,,,,,,,,,175.71027010000034,175.72233050000023,175.72233050000023,175.72233050000023,175.9061345,None,,,,,,,,,,,,,,,,,,,,,,,,,,,,,,,,P7350,Bar_MIC,10,1,2026-05-15_14h49.41.843,MIC_task,,2026.1.2,60.04138051946148,2026-05-15 14h49.44.746353 +0200,
,,19,0,19,,,,,,,10,ty14,lufi,balloon,9,toys,gadget,6.6,148,18,None,None,"(-0.1, 0.1)",None,,,,,,,,,,,,,,0,0,0,0,0,4,4,4,19,0,19,0,175.92263830000002,,,,,,,,,,,,,,,,,,,,,,,,,,,,,,,,,,,,,,,,,,,,,,,,,,,,,,,,,,,,,,,,,,,,,,,,,,,,,,,,,,,,,,,,,,,,,175.9104298000002,175.92263830000002,175.92263830000002,175.92263830000002,176.10648430000037,None,,,,,,,,,,,,,,,,,,,,,,,,,,,,,,,,P7350,Bar_MIC,10,1,2026-05-15_14h49.41.843,MIC_task,,2026.1.2,60.04138051946148,2026-05-15 14h49.44.746353 +0200,
,,20,0,20,,,,,,,10,ty14,lufi,balloon,9,toys,gadget,6.6,148,18,None,None,"(-0.1, 0.1)",None,,,,,,,,,,,,,,0,0,0,0,0,4,4,4,20,0,20,0,176.12321629999997,,,,,,,,,,,,,,,,,,,,,,,,,,,,,,,,,,,,,,,,,,,,,,,,,,,,,,,,,,,,,,,,,,,,,,,,,,,,,,,,,,,,,,,,,,,,,176.11078799999996,176.12321629999997,176.12321629999997,176.12321629999997,176.30707759999996,None,,,,,,,,,,,,,,,,,,,,,,,,,,,,,,,,P7350,Bar_MIC,10,1,2026-05-15_14h49.41.843,MIC_task,,2026.1.2,60.04138051946148,2026-05-15 14h49.44.746353 +0200,
,,21,0,21,,,,,,,10,ty14,lufi,balloon,9,toys,gadget,6.6,148,18,None,None,"(-0.1, 0.1)",None,,,,,,,,,,,,,,0,0,0,0,0,4,4,4,21,0,21,0,176.3236495000001,,,,,,,,,,,,,,,,,,,,,,,,,,,,,,,,,,,,,,,,,,,,,,,,,,,,,,,,,,,,,,,,,,,,,,,,,,,,,,,,,,,,,,,,,,,,,176.3118486000003,176.3236495000001,176.3236495000001,176.3236495000001,176.5074628000002,None,,,,,,,,,,,,,,,,,,,,,,,,,,,,,,,,P7350,Bar_MIC,10,1,2026-05-15_14h49.41.843,MIC_task,,2026.1.2,60.04138051946148,2026-05-15 14h49.44.746353 +0200,
,,22,0,22,,,,,,,10,ty14,lufi,balloon,9,toys,gadget,6.6,148,18,None,None,"(-0.1, 0.1)",None,,,,,,,,,,,,,,0,0,0,0,0,4,4,4,22,0,22,0,176.52382239999997,,,,,,,,,,,,,,,,,,,,,,,,,,,,,,,,,,,,,,,,,,,,,,,,,,,,,,,,,,,,,,,,,,,,,,,,,,,,,,,,,,,,,,,,,,,,,176.5123768000003,176.52382239999997,176.52382239999997,176.52382239999997,176.70762060000015,None,,,,,,,,,,,,,,,,,,,,,,,,,,,,,,,,P7350,Bar_MIC,10,1,2026-05-15_14h49.41.843,MIC_task,,2026.1.2,60.04138051946148,2026-05-15 14h49.44.746353 +0200,
,,23,0,23,,,,,,,10,ty14,lufi,balloon,9,toys,gadget,6.6,148,18,None,None,"(-0.1, 0.1)",None,,,,,,,,,,,,,,0,0,0,0,0,4,4,4,23,0,23,0,176.72342040000012,,,,,,,,,,,,,,,,,,,,,,,,,,,,,,,,,,,,,,,,,,,,,,,,,,,,,,,,,,,,,,,,,,,,,,,,,,,,,,,,,,,,,,,,,,,,,176.71171370000002,176.72342040000012,176.72342040000012,176.72342040000012,176.9071230000004,None,,,,,,,,,,,,,,,,,,,,,,,,,,,,,,,,P7350,Bar_MIC,10,1,2026-05-15_14h49.41.843,MIC_task,,2026.1.2,60.04138051946148,2026-05-15 14h49.44.746353 +0200,
,,24,0,24,,,,,,,10,ty14,lufi,balloon,9,toys,gadget,6.6,148,18,None,None,"(-0.1, 0.1)",None,,,,,,,,,,,,,,0,0,0,0,0,4,4,4,24,0,24,0,176.92449380000016,,,,,,,,,,,,,,,,,,,,,,,,,,,,,,,,,,,,,,,,,,,,,,,,,,,,,,,,,,,,,,,,,,,,,,,,,,,,,,,,,,,,,,,,,,,,,176.9113527000004,176.92449380000016,176.92449380000016,176.92449380000016,177.10894940000026,None,,,,,,,,,,,,,,,,,,,,,,,,,,,,,,,,P7350,Bar_MIC,10,1,2026-05-15_14h49.41.843,MIC_task,,2026.1.2,60.04138051946148,2026-05-15 14h49.44.746353 +0200,
,,25,0,25,,,,,,,10,ty14,lufi,balloon,9,toys,gadget,6.6,148,18,None,None,"(-0.1, 0.1)",None,,,,,,,,,,,,,,0,0,0,0,0,4,4,4,25,0,25,0,177.12415940000028,,,,,,,,,,,,,,,,,,,,,,,,,,,,,,,,,,,,,,,,,,,,,,,,,,,,,,,,,,,,,,,,,,,,,,,,,,,,,,,,,,,,,,,,,,,,,177.11301500000036,177.12415940000028,177.12415940000028,177.12415940000028,177.30796750000036,None,,,,,,,,,,,,,,,,,,,,,,,,,,,,,,,,P7350,Bar_MIC,10,1,2026-05-15_14h49.41.843,MIC_task,,2026.1.2,60.04138051946148,2026-05-15 14h49.44.746353 +0200,
,,26,0,26,,,,,,,10,ty14,lufi,balloon,9,toys,gadget,6.6,148,18,None,None,"(-0.1, 0.1)",None,,,,,,,,,,,,,,0,0,0,0,0,4,4,4,26,0,26,0,177.3245336,,,,,,,,,,,,,,,,,,,,,,,,,,,,,,,,,,,,,,,,,,,,,,,,,,,,,,,,,,,,,,,,,,,,,,,,,,,,,,,,,,,,,,,,,,,,,177.31314650000013,177.3245336,177.3245336,177.3245336,177.50824420000026,None,,,,,,,,,,,,,,,,,,,,,,,,,,,,,,,,P7350,Bar_MIC,10,1,2026-05-15_14h49.41.843,MIC_task,,2026.1.2,60.04138051946148,2026-05-15 14h49.44.746353 +0200,
,,27,0,27,,,,,,,10,ty14,lufi,balloon,9,toys,gadget,6.6,148,18,None,None,"(-0.1, 0.1)",None,,,,,,,,,,,,,,0,0,0,0,0,4,4,4,27,0,27,0,177.5248714000004,,,,,,,,,,,,,,,,,,,,,,,,,,,,,,,,,,,,,,,,,,,,,,,,,,,,,,,,,,,,,,,,,,,,,,,,,,,,,,,,,,,,,,,,,,,,,177.51242530000036,177.5248714000004,177.5248714000004,177.5248714000004,177.7091617000001,None,,,,,,,,,,,,,,,,,,,,,,,,,,,,,,,,P7350,Bar_MIC,10,1,2026-05-15_14h49.41.843,MIC_task,,2026.1.2,60.04138051946148,2026-05-15 14h49.44.746353 +0200,
,,28,0,28,,,,,,,10,ty14,lufi,balloon,9,toys,gadget,6.6,148,18,None,None,"(-0.1, 0.1)",None,,,,,,,,,,,,,,0,0,0,0,0,4,4,4,28,0,28,0,177.72529910000003,,,,,,,,,,,,,,,,,,,,,,,,,,,,,,,,,,,,,,,,,,,,,,,,,,,,,,,,,,,,,,,,,,,,,,,,,,,,,,,,,,,,,,,,,,,,,177.7135085,177.72529910000003,177.72529910000003,177.72529910000003,177.90901610000037,None,,,,,,,,,,,,,,,,,,,,,,,,,,,,,,,,P7350,Bar_MIC,10,1,2026-05-15_14h49.41.843,MIC_task,,2026.1.2,60.04138051946148,2026-05-15 14h49.44.746353 +0200,
,,29,0,29,,,,,,,10,ty14,lufi,balloon,9,toys,gadget,6.6,148,18,None,None,"(-0.1, 0.1)",None,,,,,,,,,,,,,,0,0,0,0,0,4,4,4,29,0,29,0,177.9256845,,,,,,,,,,,,,,,,,,,,,,,,,,,,,,,,,,,,,,,,,,,,,,,,,,,,,,,,,,,,,,,,,,,,,,,,,,,,,,,,,,,,,,,,,,,,,177.91317200000003,177.9256845,177.9256845,177.9256845,178.1096531000003,None,,,,,,,,,,,,,,,,,,,,,,,,,,,,,,,,P7350,Bar_MIC,10,1,2026-05-15_14h49.41.843,MIC_task,,2026.1.2,60.04138051946148,2026-05-15 14h49.44.746353 +0200,
,,30,0,30,,,,,,,10,ty14,lufi,balloon,9,toys,gadget,6.6,148,18,None,None,"(-0.1, 0.1)",None,,,,,,,,,,,,,,0,0,0,0,0,4,4,4,30,0,30,0,178.1260185000001,,,,,,,,,,,,,,,,,,,,,,,,,,,,,,,,,,,,,,,,,,,,,,,,,,,,,,,,,,,,,,,,,,,,,,,,,,,,,,,,,,,,,,,,,,,,,178.113926,178.1260185000001,178.1260185000001,178.1260185000001,178.3099011000004,None,,,,,,,,,,,,,,,,,,,,,,,,,,,,,,,,P7350,Bar_MIC,10,1,2026-05-15_14h49.41.843,MIC_task,,2026.1.2,60.04138051946148,2026-05-15 14h49.44.746353 +0200,
,,31,0,31,,,,,,,10,ty14,lufi,balloon,9,toys,gadget,6.6,148,18,None,None,"(-0.1, 0.1)",None,,,,,,,,,,,,,,0,0,0,0,0,4,4,4,31,0,31,0,178.32624920000035,,,,,,,,,,,,,,,,,,,,,,,,,,,,,,,,,,,,,,,,,,,,,,,,,,,,,,,,,,,,,,,,,,,,,,,,,,,,,,,,,,,,,,,,,,,,,178.3146124,178.32624920000035,178.32624920000035,178.32624920000035,178.51057290000017,None,,,,,,,,,,,,,,,,,,,,,,,,,,,,,,,,P7350,Bar_MIC,10,1,2026-05-15_14h49.41.843,MIC_task,,2026.1.2,60.04138051946148,2026-05-15 14h49.44.746353 +0200,
,,32,0,32,,,,,,,10,ty14,lufi,balloon,9,toys,gadget,6.6,148,18,None,None,"(-0.1, 0.1)",None,,,,,,,,,,,,,,0,0,0,0,0,4,4,4,32,0,32,0,178.52725069999997,,,,,,,,,,,,,,,,,,,,,,,,,,,,,,,,,,,,,,,,,,,,,,,,,,,,,,,,,,,,,,,,,,,,,,,,,,,,,,,,,,,,,,,,,,,,,178.51474010000038,178.52725069999997,178.52725069999997,178.52725069999997,178.71286510000027,None,,,,,,,,,,,,,,,,,,,,,,,,,,,,,,,,P7350,Bar_MIC,10,1,2026-05-15_14h49.41.843,MIC_task,,2026.1.2,60.04138051946148,2026-05-15 14h49.44.746353 +0200,
,,33,0,33,,,,,,,10,ty14,lufi,balloon,9,toys,gadget,6.6,148,18,None,None,"(-0.1, 0.1)",None,,,,,,,,,,,,,,0,0,0,0,0,4,4,4,33,0,33,0,178.72794310000018,,,,,,,,,,,,,,,,,,,,,,,,,,,,,,,,,,,,,,,,,,,,,,,,,,,,,,,,,,,,,,,,,,,,,,,,,,,,,,,,,,,,,,,,,,,,,178.71697040000026,178.72794310000018,178.72794310000018,178.72794310000018,178.9119882,None,,,,,,,,,,,,,,,,,,,,,,,,,,,,,,,,P7350,Bar_MIC,10,1,2026-05-15_14h49.41.843,MIC_task,,2026.1.2,60.04138051946148,2026-05-15 14h49.44.746353 +0200,
,,34,0,34,,,,,,,10,ty14,lufi,balloon,9,toys,gadget,6.6,148,18,None,None,"(-0.1, 0.1)",None,,,,,,,,,,,,,,0,0,0,0,0,4,4,4,34,0,34,0,178.9267461000004,,,,,,,,,,,,,,,,,,,,,,,,,,,,,,,,,,,,,,,,,,,,,,,,,,,,,,,,,,,,,,,,,,,,,,,,,,,,,,,,,,,,,,,,,,,,,178.9162652,178.9267461000004,178.9267461000004,178.9267461000004,179.11140520000026,None,,,,,,,,,,,,,,,,,,,,,,,,,,,,,,,,P7350,Bar_MIC,10,1,2026-05-15_14h49.41.843,MIC_task,,2026.1.2,60.04138051946148,2026-05-15 14h49.44.746353 +0200,
,,35,0,35,,,,,,,10,ty14,lufi,balloon,9,toys,gadget,6.6,148,18,None,None,"(-0.1, 0.1)",None,,,,,,,,,,,,,,0,0,0,0,0,4,4,4,35,0,35,0,179.12718500000028,,,,,,,,,,,,,,,,,,,,,,,,,,,,,,,,,,,,,,,,,,,,,,,,,,,,,,,,,,,,,,,,,,,,,,,,,,,,,,,,,,,,,,,,,,,,,179.11590520000027,179.12718500000028,179.12718500000028,179.12718500000028,179.31168610000032,None,,,,,,,,,,,,,,,,,,,,,,,,,,,,,,,,P7350,Bar_MIC,10,1,2026-05-15_14h49.41.843,MIC_task,,2026.1.2,60.04138051946148,2026-05-15 14h49.44.746353 +0200,
,,36,0,36,,,,,,,10,ty14,lufi,balloon,9,toys,gadget,6.6,148,18,None,None,"(-0.1, 0.1)",None,,,,,,,,,,,,,,0,0,0,0,0,4,4,4,36,0,36,0,179.3296634000003,,,,,,,,,,,,,,,,,,,,,,,,,,,,,,,,,,,,,,,,,,,,,,,,,,,,,,,,,,,,,,,,,,,,,,,,,,,,,,,,,,,,,,,,,,,,,179.31685349999998,179.3296634000003,179.3296634000003,179.3296634000003,179.51143860000002,None,,,,,,,,,,,,,,,,,,,,,,,,,,,,,,,,P7350,Bar_MIC,10,1,2026-05-15_14h49.41.843,MIC_task,,2026.1.2,60.04138051946148,2026-05-15 14h49.44.746353 +0200,
,,37,0,37,,,,,,,10,ty14,lufi,balloon,9,toys,gadget,6.6,148,18,None,None,"(-0.1, 0.1)",None,,,,,,,,,,,,,,0,0,0,0,0,4,4,4,37,0,37,0,179.52837880000016,,,,,,,,,,,,,,,,,,,,,,,,,,,,,,,,,,,,,,,,,,,,,,,,,,,,,,,,,,,,,,,,,,,,,,,,,,,,,,,,,,,,,,,,,,,,,179.5156919000001,179.52837880000016,179.52837880000016,179.52837880000016,179.71174580000024,None,,,,,,,,,,,,,,,,,,,,,,,,,,,,,,,,P7350,Bar_MIC,10,1,2026-05-15_14h49.41.843,MIC_task,,2026.1.2,60.04138051946148,2026-05-15 14h49.44.746353 +0200,
,,38,0,38,,,,,,,10,ty14,lufi,balloon,9,toys,gadget,6.6,148,18,None,None,"(-0.1, 0.1)",space,0.11263640000015585,None,,,,,,,,,,,,0,0,0,0,0,4,4,4,38,0,38,0,179.72825869999997,,,,,,,,,,,,,,,,,,,,,,,,,,,,,,,,,,,,,,,,,,,,,,,,,,,,,,,,,,,,,,,,,,,,,,,,,,,,,,,,,,,,,,,,,,,,,179.71616440000025,179.72825869999997,179.72825869999997,179.72825869999997,179.8465940000001,space,0.11263640000015585,None,,,,,,,,,,,,,,,,,,,,,,,,,,,,,,P7350,Bar_MIC,10,1,2026-05-15_14h49.41.843,MIC_task,,2026.1.2,60.04138051946148,2026-05-15 14h49.44.746353 +0200,
,,4,4,0,,,,space,1.2516608999999335,None,10,ty14,lufi,balloon,9,toys,gadget,6.6,148,18,None,None,"(-0.1, 0.1)",,,,,,,,,,,,,,,0,0,0,0,0,4,4,4,,,,,,,,,,,,,,,,,,,,,,,,,,,,,,,,,,,,,,,,,,,,,,,,,,,,,,,,,,,,,,,,,,,,,,,,,,,,,,,,,179.9466534000003,179.9545589000004,179.96224136666694,181.8488201,,,,,,183.85180190000028,183.86834080000017,183.86834080000017,185.12211250000018,,,,,,,,,,,,,181.88362410000036,181.89075630000025,181.89862599999998,183.7845540000003,183.85173970000005,space,1.2516608999999335,None,,,,,,,,,,,,,,,,,,,,,,P7350,Bar_MIC,10,1,2026-05-15_14h49.41.843,MIC_task,,2026.1.2,60.04138051946148,2026-05-15 14h49.44.746353 +0200,
,,0,0,0,,,,,,,10,a09,pingvin,penguin,1,animal,bird,6,13,25,68,None,"(-0.1, -0.1)",None,,,,,,,,,,,,,,0,0,0,0,0,5,5,5,0,0,0,0,185.15172100000018,,,,,,,,,,,,,,,,,,,,,,,,,,,,,,,,,,,,,,,,,,,,,,,,,,,,,,,,,,,,,,,,,,,,,,,,,,,,,,,,,,,,,,,,,,,,,185.14521790000026,185.15172100000018,185.15172100000018,185.15172100000018,185.33840950000013,None,,,,,,,,,,,,,,,,,,,,,,,,,,,,,,,,P7350,Bar_MIC,10,1,2026-05-15_14h49.41.843,MIC_task,,2026.1.2,60.04138051946148,2026-05-15 14h49.44.746353 +0200,
,,0,0,0,,,,,,,10,a09,pingvin,penguin,1,animal,bird,6,13,25,68,None,"(-0.1, -0.1)",None,,,,,,,,,,,,,,0,0,0,0,0,5,5,5,0,0,0,0,185.35411870000007,,,,,,,,,,,,,,,,,,,,,,,,,,,,,,,,,,,,,,,,,,,,,,,,,,,,,,,,,,,,,,,,,,,,,,,,,,,,,,,,,,,,,,,,,,,,,185.34289800000033,185.35411870000007,185.35411870000007,185.35411870000007,185.53890920000003,None,,,,,,,,,,,,,,,,,,,,,,,,,,,,,,,,P7350,Bar_MIC,10,1,2026-05-15_14h49.41.843,MIC_task,,2026.1.2,60.04138051946148,2026-05-15 14h49.44.746353 +0200,
,,1,0,1,,,,,,,10,a09,pingvin,penguin,1,animal,bird,6,13,25,68,None,"(-0.1, -0.1)",None,,,,,,,,,,,,,,0,0,0,0,0,5,5,5,1,0,1,0,185.55356650000022,,,,,,,,,,,,,,,,,,,,,,,,,,,,,,,,,,,,,,,,,,,,,,,,,,,,,,,,,,,,,,,,,,,,,,,,,,,,,,,,,,,,,,,,,,,,,185.5435739000004,185.55356650000022,185.55356650000022,185.55356650000022,185.72248100000024,None,,,,,,,,,,,,,,,,,,,,,,,,,,,,,,,,P7350,Bar_MIC,10,1,2026-05-15_14h49.41.843,MIC_task,,2026.1.2,60.04138051946148,2026-05-15 14h49.44.746353 +0200,
,,2,0,2,,,,,,,10,a09,pingvin,penguin,1,animal,bird,6,13,25,68,None,"(-0.1, -0.1)",None,,,,,,,,,,,,,,0,0,0,0,0,5,5,5,2,0,2,0,185.73722240000006,,,,,,,,,,,,,,,,,,,,,,,,,,,,,,,,,,,,,,,,,,,,,,,,,,,,,,,,,,,,,,,,,,,,,,,,,,,,,,,,,,,,,,,,,,,,,185.72731580000027,185.73722240000006,185.73722240000006,185.73722240000006,185.9224003000004,None,,,,,,,,,,,185.9383474000001,185.9383474000001,185.9383474000001,,,,,,,,,,,,,,,,,,,P7350,Bar_MIC,10,1,2026-05-15_14h49.41.843,MIC_task,,2026.1.2,60.04138051946148,2026-05-15 14h49.44.746353 +0200,
,,3,0,3,,,,,,,10,a09,pingvin,penguin,1,animal,bird,6,13,25,68,None,"(-0.1, -0.1)",None,,,,,,,,,,,,,,0,0,0,0,0,5,5,5,3,0,3,0,185.9383474000001,,,,,,,,,,,,,,,,,,,,,,,,,,,,,,,,,,,,,,,,,,,,,,,,,,,,,,,,,,,,,,,,,,,,,,,,,,,,,,,,,,,,,,,,,,,,,185.92689719999998,185.9383474000001,185.9383474000001,185.9383474000001,186.12326660000008,None,,,,,,,,,,,,,,,,,,,,,,,,,,,,,,,,P7350,Bar_MIC,10,1,2026-05-15_14h49.41.843,MIC_task,,2026.1.2,60.04138051946148,2026-05-15 14h49.44.746353 +0200,
,,4,0,4,,,,,,,10,a09,pingvin,penguin,1,animal,bird,6,13,25,68,None,"(-0.1, -0.1)",None,,,,,,,,,,,,,,0,0,0,0,0,5,5,5,4,0,4,0,186.1381739000003,,,,,,,,,,,,,,,,,,,,,,,,,,,,,,,,,,,,,,,,,,,,,,,,,,,,,,,,,,,,,,,,,,,,,,,,,,,,,,,,,,,,,,,,,,,,,186.12776320000012,186.1381739000003,186.1381739000003,186.1381739000003,186.3229540000002,None,,,,,,,,,,,,,,,,,,,,,,,,,,,,,,,,P7350,Bar_MIC,10,1,2026-05-15_14h49.41.843,MIC_task,,2026.1.2,60.04138051946148,2026-05-15 14h49.44.746353 +0200,
,,5,0,5,,,,,,,10,a09,pingvin,penguin,1,animal,bird,6,13,25,68,None,"(-0.1, -0.1)",None,,,,,,,,,,,,,,0,0,0,0,0,5,5,5,5,0,5,0,186.3397898000003,,,,,,,,,,,,,,,,,,,,,,,,,,,,,,,,,,,,,,,,,,,,,,,,,,,,,,,,,,,,,,,,,,,,,,,,,,,,,,,,,,,,,,,,,,,,,186.3274720000004,186.3397898000003,186.3397898000003,186.3397898000003,186.5390566000001,None,,,,,,,,,,,,,,,,,,,,,,,,,,,,,,,,P7350,Bar_MIC,10,1,2026-05-15_14h49.41.843,MIC_task,,2026.1.2,60.04138051946148,2026-05-15 14h49.44.746353 +0200,
,,6,0,6,,,,,,,10,a09,pingvin,penguin,1,animal,bird,6,13,25,68,None,"(-0.1, -0.1)",None,,,,,,,,,,,,,,0,0,0,0,0,5,5,5,6,0,6,0,186.55595070000027,,,,,,,,,,,,,,,,,,,,,,,,,,,,,,,,,,,,,,,,,,,,,,,,,,,,,,,,,,,,,,,,,,,,,,,,,,,,,,,,,,,,,,,,,,,,,186.5439411000002,186.55595070000027,186.55595070000027,186.55595070000027,186.7231284000004,None,,,,,,,,,,,,,,,,,,,,,,,,,,,,,,,,P7350,Bar_MIC,10,1,2026-05-15_14h49.41.843,MIC_task,,2026.1.2,60.04138051946148,2026-05-15 14h49.44.746353 +0200,
,,7,0,7,,,,,,,10,a09,pingvin,penguin,1,animal,bird,6,13,25,68,None,"(-0.1, -0.1)",None,,,,,,,,,,,,,,0,0,0,0,0,5,5,5,7,0,7,0,186.73910999999998,,,,,,,,,,,,,,,,,,,,,,,,,,,,,,,,,,,,,,,,,,,,,,,,,,,,,,,,,,,,,,,,,,,,,,,,,,,,,,,,,,,,,,,,,,,,,186.7273527000002,186.73910999999998,186.73910999999998,186.73910999999998,186.9240818000003,None,,,,,,,,,,,,,,,,,,,,,,,,,,,,,,,,P7350,Bar_MIC,10,1,2026-05-15_14h49.41.843,MIC_task,,2026.1.2,60.04138051946148,2026-05-15 14h49.44.746353 +0200,
,,8,0,8,,,,,,,10,a09,pingvin,penguin,1,animal,bird,6,13,25,68,None,"(-0.1, -0.1)",None,,,,,,,,,,,,,,0,0,0,0,0,5,5,5,8,0,8,0,186.9395396,,,,,,,,,,,,,,,,,,,,,,,,,,,,,,,,,,,,,,,,,,,,,,,,,,,,,,,,,,,,,,,,,,,,,,,,,,,,,,,,,,,,,,,,,,,,,186.92855400000008,186.9395396,186.9395396,186.9395396,187.1232887000001,None,,,,,,,,,,,,,,,,,,,,,,,,,,,,,,,,P7350,Bar_MIC,10,1,2026-05-15_14h49.41.843,MIC_task,,2026.1.2,60.04138051946148,2026-05-15 14h49.44.746353 +0200,
,,9,0,9,,,,,,,10,a09,pingvin,penguin,1,animal,bird,6,13,25,68,None,"(-0.1, -0.1)",None,,,,,,,,,,,,,,0,0,0,0,0,5,5,5,9,0,9,0,187.13934300000028,,,,,,,,,,,,,,,,,,,,,,,,,,,,,,,,,,,,,,,,,,,,,,,,,,,,,,,,,,,,,,,,,,,,,,,,,,,,,,,,,,,,,,,,,,,,,187.12774179999997,187.13934300000028,187.13934300000028,187.13934300000028,187.32451820000006,None,,,,,,,,,,,,,,,,,,,,,,,,,,,,,,,,P7350,Bar_MIC,10,1,2026-05-15_14h49.41.843,MIC_task,,2026.1.2,60.04138051946148,2026-05-15 14h49.44.746353 +0200,
,,10,0,10,,,,,,,10,a09,pingvin,penguin,1,animal,bird,6,13,25,68,None,"(-0.1, -0.1)",None,,,,,,,,,,,,,,0,0,0,0,0,5,5,5,10,0,10,0,187.34061250000013,,,,,,,,,,,,,,,,,,,,,,,,,,,,,,,,,,,,,,,,,,,,,,,,,,,,,,,,,,,,,,,,,,,,,,,,,,,,,,,,,,,,,,,,,,,,,187.3290374000003,187.34061250000013,187.34061250000013,187.34061250000013,187.52412670000012,None,,,,,,,,,,,,,,,,,,,,,,,,,,,,,,,,P7350,Bar_MIC,10,1,2026-05-15_14h49.41.843,MIC_task,,2026.1.2,60.04138051946148,2026-05-15 14h49.44.746353 +0200,
,,11,0,11,,,,,,,10,a09,pingvin,penguin,1,animal,bird,6,13,25,68,None,"(-0.1, -0.1)",None,,,,,,,,,,,,,,0,0,0,0,0,5,5,5,11,0,11,0,187.5411156,,,,,,,,,,,,,,,,,,,,,,,,,,,,,,,,,,,,,,,,,,,,,,,,,,,,,,,,,,,,,,,,,,,,,,,,,,,,,,,,,,,,,,,,,,,,,187.52836640000032,187.5411156,187.5411156,187.5411156,187.72466650000024,None,,,,,,,,,,,,,,,,,,,,,,,,,,,,,,,,P7350,Bar_MIC,10,1,2026-05-15_14h49.41.843,MIC_task,,2026.1.2,60.04138051946148,2026-05-15 14h49.44.746353 +0200,
,,12,0,12,,,,,,,10,a09,pingvin,penguin,1,animal,bird,6,13,25,68,None,"(-0.1, -0.1)",None,,,,,,,,,,,,,,0,0,0,0,0,5,5,5,12,0,12,0,187.74104990000023,,,,,,,,,,,,,,,,,,,,,,,,,,,,,,,,,,,,,,,,,,,,,,,,,,,,,,,,,,,,,,,,,,,,,,,,,,,,,,,,,,,,,,,,,,,,,187.72940370000015,187.74104990000023,187.74104990000023,187.74104990000023,187.92583030000014,None,,,,,,,,,,,,,,,,,,,,,,,,,,,,,,,,P7350,Bar_MIC,10,1,2026-05-15_14h49.41.843,MIC_task,,2026.1.2,60.04138051946148,2026-05-15 14h49.44.746353 +0200,
,,13,0,13,,,,,,,10,a09,pingvin,penguin,1,animal,bird,6,13,25,68,None,"(-0.1, -0.1)",None,,,,,,,,,,,,,,0,0,0,0,0,5,5,5,13,0,13,0,187.94139570000016,,,,,,,,,,,,,,,,,,,,,,,,,,,,,,,,,,,,,,,,,,,,,,,,,,,,,,,,,,,,,,,,,,,,,,,,,,,,,,,,,,,,,,,,,,,,,187.93043380000017,187.94139570000016,187.94139570000016,187.94139570000016,188.1252330000002,None,,,,,,,,,,,,,,,,,,,,,,,,,,,,,,,,P7350,Bar_MIC,10,1,2026-05-15_14h49.41.843,MIC_task,,2026.1.2,60.04138051946148,2026-05-15 14h49.44.746353 +0200,
,,14,0,14,,,,,,,10,a09,pingvin,penguin,1,animal,bird,6,13,25,68,None,"(-0.1, -0.1)",None,,,,,,,,,,,,,,0,0,0,0,0,5,5,5,14,0,14,0,188.14174990000038,,,,,,,,,,,,,,,,,,,,,,,,,,,,,,,,,,,,,,,,,,,,,,,,,,,,,,,,,,,,,,,,,,,,,,,,,,,,,,,,,,,,,,,,,,,,,188.12974060000033,188.14174990000038,188.14174990000038,188.14174990000038,188.32465279999997,None,,,,,,,,,,,,,,,,,,,,,,,,,,,,,,,,P7350,Bar_MIC,10,1,2026-05-15_14h49.41.843,MIC_task,,2026.1.2,60.04138051946148,2026-05-15 14h49.44.746353 +0200,
,,15,0,15,,,,,,,10,a09,pingvin,penguin,1,animal,bird,6,13,25,68,None,"(-0.1, -0.1)",None,,,,,,,,,,,,,,0,0,0,0,0,5,5,5,15,0,15,0,188.34216370000013,,,,,,,,,,,,,,,,,,,,,,,,,,,,,,,,,,,,,,,,,,,,,,,,,,,,,,,,,,,,,,,,,,,,,,,,,,,,,,,,,,,,,,,,,,,,,188.32920250000006,188.34216370000013,188.34216370000013,188.34216370000013,188.5250960000003,None,,,,,,,,,,,,,,,,,,,,,,,,,,,,,,,,P7350,Bar_MIC,10,1,2026-05-15_14h49.41.843,MIC_task,,2026.1.2,60.04138051946148,2026-05-15 14h49.44.746353 +0200,
,,16,0,16,,,,,,,10,a09,pingvin,penguin,1,animal,bird,6,13,25,68,None,"(-0.1, -0.1)",None,,,,,,,,,,,,,,0,0,0,0,0,5,5,5,16,0,16,0,188.54255460000013,,,,,,,,,,,,,,,,,,,,,,,,,,,,,,,,,,,,,,,,,,,,,,,,,,,,,,,,,,,,,,,,,,,,,,,,,,,,,,,,,,,,,,,,,,,,,188.52946070000007,188.54255460000013,188.54255460000013,188.54255460000013,188.7265185000001,None,,,,,,,,,,,,,,,,,,,,,,,,,,,,,,,,P7350,Bar_MIC,10,1,2026-05-15_14h49.41.843,MIC_task,,2026.1.2,60.04138051946148,2026-05-15 14h49.44.746353 +0200,
,,17,0,17,,,,,,,10,a09,pingvin,penguin,1,animal,bird,6,13,25,68,None,"(-0.1, -0.1)",None,,,,,,,,,,,,,,0,0,0,0,0,5,5,5,17,0,17,0,188.74212000000034,,,,,,,,,,,,,,,,,,,,,,,,,,,,,,,,,,,,,,,,,,,,,,,,,,,,,,,,,,,,,,,,,,,,,,,,,,,,,,,,,,,,,,,,,,,,,188.73111570000037,188.74212000000034,188.74212000000034,188.74212000000034,188.9271802000003,None,,,,,,,,,,,,,,,,,,,,,,,,,,,,,,,,P7350,Bar_MIC,10,1,2026-05-15_14h49.41.843,MIC_task,,2026.1.2,60.04138051946148,2026-05-15 14h49.44.746353 +0200,
,,18,0,18,,,,,,,10,a09,pingvin,penguin,1,animal,bird,6,13,25,68,None,"(-0.1, -0.1)",None,,,,,,,,,,,,,,0,0,0,0,0,5,5,5,18,0,18,0,188.94239600000037,,,,,,,,,,,,,,,,,,,,,,,,,,,,,,,,,,,,,,,,,,,,,,,,,,,,,,,,,,,,,,,,,,,,,,,,,,,,,,,,,,,,,,,,,,,,,188.93176800000037,188.94239600000037,188.94239600000037,188.94239600000037,189.1275069000003,None,,,,,,,,,,,,,,,,,,,,,,,,,,,,,,,,P7350,Bar_MIC,10,1,2026-05-15_14h49.41.843,MIC_task,,2026.1.2,60.04138051946148,2026-05-15 14h49.44.746353 +0200,
,,19,0,19,,,,,,,10,a09,pingvin,penguin,1,animal,bird,6,13,25,68,None,"(-0.1, -0.1)",None,,,,,,,,,,,,,,0,0,0,0,0,5,5,5,19,0,19,0,189.14282560000038,,,,,,,,,,,,,,,,,,,,,,,,,,,,,,,,,,,,,,,,,,,,,,,,,,,,,,,,,,,,,,,,,,,,,,,,,,,,,,,,,,,,,,,,,,,,,189.13192900000013,189.14282560000038,189.14282560000038,189.14282560000038,189.3265809000004,None,,,,,,,,,,,,,,,,,,,,,,,,,,,,,,,,P7350,Bar_MIC,10,1,2026-05-15_14h49.41.843,MIC_task,,2026.1.2,60.04138051946148,2026-05-15 14h49.44.746353 +0200,
,,20,0,20,,,,,,,10,a09,pingvin,penguin,1,animal,bird,6,13,25,68,None,"(-0.1, -0.1)",None,,,,,,,,,,,,,,0,0,0,0,0,5,5,5,20,0,20,0,189.3432968000002,,,,,,,,,,,,,,,,,,,,,,,,,,,,,,,,,,,,,,,,,,,,,,,,,,,,,,,,,,,,,,,,,,,,,,,,,,,,,,,,,,,,,,,,,,,,,189.33124590000034,189.3432968000002,189.3432968000002,189.3432968000002,189.5272597000003,None,,,,,,,,,,,,,,,,,,,,,,,,,,,,,,,,P7350,Bar_MIC,10,1,2026-05-15_14h49.41.843,MIC_task,,2026.1.2,60.04138051946148,2026-05-15 14h49.44.746353 +0200,
,,21,0,21,,,,,,,10,a09,pingvin,penguin,1,animal,bird,6,13,25,68,None,"(-0.1, -0.1)",None,,,,,,,,,,,,,,0,0,0,0,0,5,5,5,21,0,21,0,189.54445620000024,,,,,,,,,,,,,,,,,,,,,,,,,,,,,,,,,,,,,,,,,,,,,,,,,,,,,,,,,,,,,,,,,,,,,,,,,,,,,,,,,,,,,,,,,,,,,189.53203180000037,189.54445620000024,189.54445620000024,189.54445620000024,189.7272949000003,None,,,,,,,,,,,,,,,,,,,,,,,,,,,,,,,,P7350,Bar_MIC,10,1,2026-05-15_14h49.41.843,MIC_task,,2026.1.2,60.04138051946148,2026-05-15 14h49.44.746353 +0200,
,,22,0,22,,,,,,,10,a09,pingvin,penguin,1,animal,bird,6,13,25,68,None,"(-0.1, -0.1)",None,,,,,,,,,,,,,,0,0,0,0,0,5,5,5,22,0,22,0,189.74422440000035,,,,,,,,,,,,,,,,,,,,,,,,,,,,,,,,,,,,,,,,,,,,,,,,,,,,,,,,,,,,,,,,,,,,,,,,,,,,,,,,,,,,,,,,,,,,,189.7319824000001,189.74422440000035,189.74422440000035,189.74422440000035,189.9276659000002,None,,,,,,,,,,,,,,,,,,,,,,,,,,,,,,,,P7350,Bar_MIC,10,1,2026-05-15_14h49.41.843,MIC_task,,2026.1.2,60.04138051946148,2026-05-15 14h49.44.746353 +0200,
,,23,0,23,,,,,,,10,a09,pingvin,penguin,1,animal,bird,6,13,25,68,None,"(-0.1, -0.1)",None,,,,,,,,,,,,,,0,0,0,0,0,5,5,5,23,0,23,0,189.9444228000002,,,,,,,,,,,,,,,,,,,,,,,,,,,,,,,,,,,,,,,,,,,,,,,,,,,,,,,,,,,,,,,,,,,,,,,,,,,,,,,,,,,,,,,,,,,,,189.9320984000001,189.9444228000002,189.9444228000002,189.9444228000002,190.1281769000002,None,,,,,,,,,,,,,,,,,,,,,,,,,,,,,,,,P7350,Bar_MIC,10,1,2026-05-15_14h49.41.843,MIC_task,,2026.1.2,60.04138051946148,2026-05-15 14h49.44.746353 +0200,
,,24,0,24,,,,,,,10,a09,pingvin,penguin,1,animal,bird,6,13,25,68,None,"(-0.1, -0.1)",None,,,,,,,,,,,,,,0,0,0,0,0,5,5,5,24,0,24,0,190.14476100000002,,,,,,,,,,,,,,,,,,,,,,,,,,,,,,,,,,,,,,,,,,,,,,,,,,,,,,,,,,,,,,,,,,,,,,,,,,,,,,,,,,,,,,,,,,,,,190.1328214,190.14476100000002,190.14476100000002,190.14476100000002,190.32855100000006,None,,,,,,,,,,,,,,,,,,,,,,,,,,,,,,,,P7350,Bar_MIC,10,1,2026-05-15_14h49.41.843,MIC_task,,2026.1.2,60.04138051946148,2026-05-15 14h49.44.746353 +0200,
,,25,0,25,,,,,,,10,a09,pingvin,penguin,1,animal,bird,6,13,25,68,None,"(-0.1, -0.1)",None,,,,,,,,,,,,,,0,0,0,0,0,5,5,5,25,0,25,0,190.34412980000025,,,,,,,,,,,,,,,,,,,,,,,,,,,,,,,,,,,,,,,,,,,,,,,,,,,,,,,,,,,,,,,,,,,,,,,,,,,,,,,,,,,,,,,,,,,,,190.3333461000002,190.34412980000025,190.34412980000025,190.34412980000025,190.52797230000033,None,,,,,,,,,,,,,,,,,,,,,,,,,,,,,,,,P7350,Bar_MIC,10,1,2026-05-15_14h49.41.843,MIC_task,,2026.1.2,60.04138051946148,2026-05-15 14h49.44.746353 +0200,
,,26,0,26,,,,,,,10,a09,pingvin,penguin,1,animal,bird,6,13,25,68,None,"(-0.1, -0.1)",None,,,,,,,,,,,,,,0,0,0,0,0,5,5,5,26,0,26,0,190.54458890000024,,,,,,,,,,,,,,,,,,,,,,,,,,,,,,,,,,,,,,,,,,,,,,,,,,,,,,,,,,,,,,,,,,,,,,,,,,,,,,,,,,,,,,,,,,,,,190.53249350000033,190.54458890000024,190.54458890000024,190.54458890000024,190.72971180000013,None,,,,,,,,,,,,,,,,,,,,,,,,,,,,,,,,P7350,Bar_MIC,10,1,2026-05-15_14h49.41.843,MIC_task,,2026.1.2,60.04138051946148,2026-05-15 14h49.44.746353 +0200,
,,27,0,27,,,,,,,10,a09,pingvin,penguin,1,animal,bird,6,13,25,68,None,"(-0.1, -0.1)",None,,,,,,,,,,,,,,0,0,0,0,0,5,5,5,27,0,27,0,190.74516440000025,,,,,,,,,,,,,,,,,,,,,,,,,,,,,,,,,,,,,,,,,,,,,,,,,,,,,,,,,,,,,,,,,,,,,,,,,,,,,,,,,,,,,,,,,,,,,190.73426830000017,190.74516440000025,190.74516440000025,190.74516440000025,190.92901210000036,None,,,,,,,,,,,,,,,,,,,,,,,,,,,,,,,,P7350,Bar_MIC,10,1,2026-05-15_14h49.41.843,MIC_task,,2026.1.2,60.04138051946148,2026-05-15 14h49.44.746353 +0200,
,,28,0,28,,,,,,,10,a09,pingvin,penguin,1,animal,bird,6,13,25,68,None,"(-0.1, -0.1)",None,,,,,,,,,,,,,,0,0,0,0,0,5,5,5,28,0,28,0,190.94541170000002,,,,,,,,,,,,,,,,,,,,,,,,,,,,,,,,,,,,,,,,,,,,,,,,,,,,,,,,,,,,,,,,,,,,,,,,,,,,,,,,,,,,,,,,,,,,,190.9335017000003,190.94541170000002,190.94541170000002,190.94541170000002,191.12922509999999,None,,,,,,,,,,,,,,,,,,,,,,,,,,,,,,,,P7350,Bar_MIC,10,1,2026-05-15_14h49.41.843,MIC_task,,2026.1.2,60.04138051946148,2026-05-15 14h49.44.746353 +0200,
,,29,0,29,,,,,,,10,a09,pingvin,penguin,1,animal,bird,6,13,25,68,None,"(-0.1, -0.1)",None,,,,,,,,,,,,,,0,0,0,0,0,5,5,5,29,0,29,0,191.14582740000014,,,,,,,,,,,,,,,,,,,,,,,,,,,,,,,,,,,,,,,,,,,,,,,,,,,,,,,,,,,,,,,,,,,,,,,,,,,,,,,,,,,,,,,,,,,,,191.13378180000018,191.14582740000014,191.14582740000014,191.14582740000014,191.32961190000015,None,,,,,,,,,,,,,,,,,,,,,,,,,,,,,,,,P7350,Bar_MIC,10,1,2026-05-15_14h49.41.843,MIC_task,,2026.1.2,60.04138051946148,2026-05-15 14h49.44.746353 +0200,
,,30,0,30,,,,,,,10,a09,pingvin,penguin,1,animal,bird,6,13,25,68,None,"(-0.1, -0.1)",space,0.1345937999999478,None,,,,,,,,,,,,0,0,0,0,0,5,5,5,30,0,30,0,191.34621140000036,,,,,,,,,,,,,,,,,,,,,,,,,,,,,,,,,,,,,,,,,,,,,,,,,,,,,,,,,,,,,,,,,,,,,,,,,,,,,,,,,,,,,,,,,,,,,191.33411890000025,191.34621140000036,191.34621140000036,191.34621140000036,191.4974548,space,0.1345937999999478,None,,,,,,,,,,,,,,,,,,,,,,,,,,,,,,P7350,Bar_MIC,10,1,2026-05-15_14h49.41.843,MIC_task,,2026.1.2,60.04138051946148,2026-05-15 14h49.44.746353 +0200,
,,5,5,0,,,,space,2.0402234000002863,None,10,a09,pingvin,penguin,1,animal,bird,6,13,25,68,None,"(-0.1, -0.1)",,,,,,,,,,,,,,,0,0,0,0,0,5,5,5,,,,,,,,,,,,,,,,,,,,,,,,,,,,,,,,,,,,,,,,,,,,,,,,,,,,,,,,,,,,,,,,,,,,,,,,,,,,,,,,,191.5966400000002,191.6038625000001,191.612938966667,193.49933250000004,,,,,,195.5047786,195.5200946,195.5200946,197.57342280000012,,,,,,,,,,,,,193.53611450000017,193.54336250000006,193.54918450000042,195.43741120000004,195.5047126000004,space,2.0402234000002863,None,,,,,,,,,,,,,,,,,,,,,,P7350,Bar_MIC,10,1,2026-05-15_14h49.41.843,MIC_task,,2026.1.2,60.04138051946148,2026-05-15 14h49.44.746353 +0200,
,,0,0,0,,,,,,,10,pl03,kukorica,corn,7,plants,field,4.8,76,None,115,None,"(0, 0.1)",None,,,,,,,,,,,,,,0,0,0,0,0,6,6,6,0,0,0,0,197.60246110000026,,,,,,,,,,,,,,,,,,,,,,,,,,,,,,,,,,,,,,,,,,,,,,,,,,,,,,,,,,,,,,,,,,,,,,,,,,,,,,,,,,,,,,,,,,,,,197.59489220000023,197.60246110000026,197.60246110000026,197.60246110000026,197.78954980000026,None,,,,,,,,,,,,,,,,,,,,,,,,,,,,,,,,P7350,Bar_MIC,10,1,2026-05-15_14h49.41.843,MIC_task,,2026.1.2,60.04138051946148,2026-05-15 14h49.44.746353 +0200,
,,0,0,0,,,,,,,10,pl03,kukorica,corn,7,plants,field,4.8,76,None,115,None,"(0, 0.1)",None,,,,,,,,,,,,,,0,0,0,0,0,6,6,6,0,0,0,0,197.80675450000035,,,,,,,,,,,,,,,,,,,,,,,,,,,,,,,,,,,,,,,,,,,,,,,,,,,,,,,,,,,,,,,,,,,,,,,,,,,,,,,,,,,,,,,,,,,,,197.79440390000036,197.80675450000035,197.80675450000035,197.80675450000035,197.98997550000013,None,,,,,,,,,,,,,,,,,,,,,,,,,,,,,,,,P7350,Bar_MIC,10,1,2026-05-15_14h49.41.843,MIC_task,,2026.1.2,60.04138051946148,2026-05-15 14h49.44.746353 +0200,
,,1,0,1,,,,,,,10,pl03,kukorica,corn,7,plants,field,4.8,76,None,115,None,"(0, 0.1)",None,,,,,,,,,,,,,,0,0,0,0,0,6,6,6,1,0,1,0,198.0065556000004,,,,,,,,,,,,,,,,,,,,,,,,,,,,,,,,,,,,,,,,,,,,,,,,,,,,,,,,,,,,,,,,,,,,,,,,,,,,,,,,,,,,,,,,,,,,,197.99639930000012,198.0065556000004,198.0065556000004,198.0065556000004,198.17392770000015,None,,,,,,,,,,,,,,,,,,,,,,,,,,,,,,,,P7350,Bar_MIC,10,1,2026-05-15_14h49.41.843,MIC_task,,2026.1.2,60.04138051946148,2026-05-15 14h49.44.746353 +0200,
,,2,0,2,,,,,,,10,pl03,kukorica,corn,7,plants,field,4.8,76,None,115,None,"(0, 0.1)",None,,,,,,,,,,,,,,0,0,0,0,0,6,6,6,2,0,2,0,198.19018910000023,,,,,,,,,,,,,,,,,,,,,,,,,,,,,,,,,,,,,,,,,,,,,,,,,,,,,,,,,,,,,,,,,,,,,,,,,,,,,,,,,,,,,,,,,,,,,198.17836940000007,198.19018910000023,198.19018910000023,198.19018910000023,198.37486400000034,None,,,,,,,,,,,,,,,,,,,,,,,,,,,,,,,,P7350,Bar_MIC,10,1,2026-05-15_14h49.41.843,MIC_task,,2026.1.2,60.04138051946148,2026-05-15 14h49.44.746353 +0200,
,,3,0,3,,,,,,,10,pl03,kukorica,corn,7,plants,field,4.8,76,None,115,None,"(0, 0.1)",None,,,,,,,,,,,,,,0,0,0,0,0,6,6,6,3,0,3,0,198.39063080000005,,,,,,,,,,,,,,,,,,,,,,,,,,,,,,,,,,,,,,,,,,,,,,,,,,,,,,,,,,,,,,,,,,,,,,,,,,,,,,,,,,,,,,,,,,,,,198.37925880000012,198.39063080000005,198.39063080000005,198.39063080000005,198.5755433000004,None,,,,,,,,,,,,,,,,,,,,,,,,,,,,,,,,P7350,Bar_MIC,10,1,2026-05-15_14h49.41.843,MIC_task,,2026.1.2,60.04138051946148,2026-05-15 14h49.44.746353 +0200,
,,4,0,4,,,,,,,10,pl03,kukorica,corn,7,plants,field,4.8,76,None,115,None,"(0, 0.1)",None,,,,,,,,,,,,,,0,0,0,0,0,6,6,6,4,0,4,0,198.59077400000024,,,,,,,,,,,,,,,,,,,,,,,,,,,,,,,,,,,,,,,,,,,,,,,,,,,,,,,,,,,,,,,,,,,,,,,,,,,,,,,,,,,,,,,,,,,,,198.57980880000014,198.59077400000024,198.59077400000024,198.59077400000024,198.77471080000032,None,,,,,,,,,,,,,,,,,,,,,,,,,,,,,,,,P7350,Bar_MIC,10,1,2026-05-15_14h49.41.843,MIC_task,,2026.1.2,60.04138051946148,2026-05-15 14h49.44.746353 +0200,
,,5,0,5,,,,,,,10,pl03,kukorica,corn,7,plants,field,4.8,76,None,115,None,"(0, 0.1)",None,,,,,,,,,,,,,,0,0,0,0,0,6,6,6,5,0,5,0,198.79180429999997,,,,,,,,,,,,,,,,,,,,,,,,,,,,,,,,,,,,,,,,,,,,,,,,,,,,,,,,,,,,,,,,,,,,,,,,,,,,,,,,,,,,,,,,,,,,,198.77900290000025,198.79180429999997,198.79180429999997,198.79180429999997,198.97506550000026,None,,,,,,,,,,,,,,,,,,,,,,,,,,,,,,,,P7350,Bar_MIC,10,1,2026-05-15_14h49.41.843,MIC_task,,2026.1.2,60.04138051946148,2026-05-15 14h49.44.746353 +0200,
,,6,0,6,,,,,,,10,pl03,kukorica,corn,7,plants,field,4.8,76,None,115,None,"(0, 0.1)",None,,,,,,,,,,,,,,0,0,0,0,0,6,6,6,6,0,6,0,198.99154650000037,,,,,,,,,,,,,,,,,,,,,,,,,,,,,,,,,,,,,,,,,,,,,,,,,,,,,,,,,,,,,,,,,,,,,,,,,,,,,,,,,,,,,,,,,,,,,198.9796999,198.99154650000037,198.99154650000037,198.99154650000037,199.17549050000025,None,,,,,,,,,,,,,,,,,,,,,,,,,,,,,,,,P7350,Bar_MIC,10,1,2026-05-15_14h49.41.843,MIC_task,,2026.1.2,60.04138051946148,2026-05-15 14h49.44.746353 +0200,
,,7,0,7,,,,,,,10,pl03,kukorica,corn,7,plants,field,4.8,76,None,115,None,"(0, 0.1)",None,,,,,,,,,,,,,,0,0,0,0,0,6,6,6,7,0,7,0,199.19132510000009,,,,,,,,,,,,,,,,,,,,,,,,,,,,,,,,,,,,,,,,,,,,,,,,,,,,,,,,,,,,,,,,,,,,,,,,,,,,,,,,,,,,,,,,,,,,,199.17974380000032,199.19132510000009,199.19132510000009,199.19132510000009,199.3763884,None,,,,,,,,,,,,,,,,,,,,,,,,,,,,,,,,P7350,Bar_MIC,10,1,2026-05-15_14h49.41.843,MIC_task,,2026.1.2,60.04138051946148,2026-05-15 14h49.44.746353 +0200,
,,8,0,8,,,,,,,10,pl03,kukorica,corn,7,plants,field,4.8,76,None,115,None,"(0, 0.1)",None,,,,,,,,,,,,,,0,0,0,0,0,6,6,6,8,0,8,0,199.39165679999996,,,,,,,,,,,,,,,,,,,,,,,,,,,,,,,,,,,,,,,,,,,,,,,,,,,,,,,,,,,,,,,,,,,,,,,,,,,,,,,,,,,,,,,,,,,,,199.38085709999996,199.39165679999996,199.39165679999996,199.39165679999996,199.57677390000026,None,,,,,,,,,,,,,,,,,,,,,,,,,,,,,,,,P7350,Bar_MIC,10,1,2026-05-15_14h49.41.843,MIC_task,,2026.1.2,60.04138051946148,2026-05-15 14h49.44.746353 +0200,
,,9,0,9,,,,,,,10,pl03,kukorica,corn,7,plants,field,4.8,76,None,115,None,"(0, 0.1)",None,,,,,,,,,,,,,,0,0,0,0,0,6,6,6,9,0,9,0,199.59250650000013,,,,,,,,,,,,,,,,,,,,,,,,,,,,,,,,,,,,,,,,,,,,,,,,,,,,,,,,,,,,,,,,,,,,,,,,,,,,,,,,,,,,,,,,,,,,,199.58112389999997,199.59250650000013,199.59250650000013,199.59250650000013,199.7758560000002,None,,,,,,,,,,,,,,,,,,,,,,,,,,,,,,,,P7350,Bar_MIC,10,1,2026-05-15_14h49.41.843,MIC_task,,2026.1.2,60.04138051946148,2026-05-15 14h49.44.746353 +0200,
,,10,0,10,,,,,,,10,pl03,kukorica,corn,7,plants,field,4.8,76,None,115,None,"(0, 0.1)",None,,,,,,,,,,,,,,0,0,0,0,0,6,6,6,10,0,10,0,199.79349260000026,,,,,,,,,,,,,,,,,,,,,,,,,,,,,,,,,,,,,,,,,,,,,,,,,,,,,,,,,,,,,,,,,,,,,,,,,,,,,,,,,,,,,,,,,,,,,199.78050280000025,199.79349260000026,199.79349260000026,199.79349260000026,199.97624140000016,None,,,,,,,,,,,,,,,,,,,,,,,,,,,,,,,,P7350,Bar_MIC,10,1,2026-05-15_14h49.41.843,MIC_task,,2026.1.2,60.04138051946148,2026-05-15 14h49.44.746353 +0200,
,,11,0,11,,,,,,,10,pl03,kukorica,corn,7,plants,field,4.8,76,None,115,None,"(0, 0.1)",None,,,,,,,,,,,,,,0,0,0,0,0,6,6,6,11,0,11,0,199.99306780000006,,,,,,,,,,,,,,,,,,,,,,,,,,,,,,,,,,,,,,,,,,,,,,,,,,,,,,,,,,,,,,,,,,,,,,,,,,,,,,,,,,,,,,,,,,,,,199.9804597000002,199.99306780000006,199.99306780000006,199.99306780000006,200.1765849000003,None,,,,,,,,,,,,,,,,,,,,,,,,,,,,,,,,P7350,Bar_MIC,10,1,2026-05-15_14h49.41.843,MIC_task,,2026.1.2,60.04138051946148,2026-05-15 14h49.44.746353 +0200,
,,12,0,12,,,,,,,10,pl03,kukorica,corn,7,plants,field,4.8,76,None,115,None,"(0, 0.1)",None,,,,,,,,,,,,,,0,0,0,0,0,6,6,6,12,0,12,0,200.19329200000038,,,,,,,,,,,,,,,,,,,,,,,,,,,,,,,,,,,,,,,,,,,,,,,,,,,,,,,,,,,,,,,,,,,,,,,,,,,,,,,,,,,,,,,,,,,,,200.18089099999997,200.19329200000038,200.19329200000038,200.19329200000038,200.37693910000007,None,,,,,,,,,,,,,,,,,,,,,,,,,,,,,,,,P7350,Bar_MIC,10,1,2026-05-15_14h49.41.843,MIC_task,,2026.1.2,60.04138051946148,2026-05-15 14h49.44.746353 +0200,
,,13,0,13,,,,,,,10,pl03,kukorica,corn,7,plants,field,4.8,76,None,115,None,"(0, 0.1)",None,,,,,,,,,,,,,,0,0,0,0,0,6,6,6,13,0,13,0,200.39366840000002,,,,,,,,,,,,,,,,,,,,,,,,,,,,,,,,,,,,,,,,,,,,,,,,,,,,,,,,,,,,,,,,,,,,,,,,,,,,,,,,,,,,,,,,,,,,,200.38119080000024,200.39366840000002,200.39366840000002,200.39366840000002,200.57748700000002,None,,,,,,,,,,,,,,,,,,,,,,,,,,,,,,,,P7350,Bar_MIC,10,1,2026-05-15_14h49.41.843,MIC_task,,2026.1.2,60.04138051946148,2026-05-15 14h49.44.746353 +0200,
,,14,0,14,,,,,,,10,pl03,kukorica,corn,7,plants,field,4.8,76,None,115,None,"(0, 0.1)",None,,,,,,,,,,,,,,0,0,0,0,0,6,6,6,14,0,14,0,200.59422040000027,,,,,,,,,,,,,,,,,,,,,,,,,,,,,,,,,,,,,,,,,,,,,,,,,,,,,,,,,,,,,,,,,,,,,,,,,,,,,,,,,,,,,,,,,,,,,200.58197950000022,200.59422040000027,200.59422040000027,200.59422040000027,200.77871670000013,None,,,,,,,,,,,,,,,,,,,,,,,,,,,,,,,,P7350,Bar_MIC,10,1,2026-05-15_14h49.41.843,MIC_task,,2026.1.2,60.04138051946148,2026-05-15 14h49.44.746353 +0200,
,,15,0,15,,,,,,,10,pl03,kukorica,corn,7,plants,field,4.8,76,None,115,None,"(0, 0.1)",None,,,,,,,,,,,,,,0,0,0,0,0,6,6,6,15,0,15,0,200.7947319,,,,,,,,,,,,,,,,,,,,,,,,,,,,,,,,,,,,,,,,,,,,,,,,,,,,,,,,,,,,,,,,,,,,,,,,,,,,,,,,,,,,,,,,,,,,,200.7834087000001,200.7947319,200.7947319,200.7947319,200.9779582000001,None,,,,,,,,,,,,,,,,,,,,,,,,,,,,,,,,P7350,Bar_MIC,10,1,2026-05-15_14h49.41.843,MIC_task,,2026.1.2,60.04138051946148,2026-05-15 14h49.44.746353 +0200,
,,16,0,16,,,,,,,10,pl03,kukorica,corn,7,plants,field,4.8,76,None,115,None,"(0, 0.1)",space,0.03124630000002071,None,,,,,,,,,,,,0,0,0,0,0,6,6,6,16,0,16,0,200.99486330000036,,,,,,,,,,,,,,,,,,,,,,,,,,,,,,,,,,,,,,,,,,,,,,,,,,,,,,,,,,,,,,,,,,,,,,,,,,,,,,,,,,,,,,,,,,,,,200.9824418000003,200.99486330000036,200.99486330000036,200.99486330000036,201.02984800000013,space,0.03124630000002071,None,,,,,,,,,,,,,,,,,,,,,,,,,,,,,,P7350,Bar_MIC,10,1,2026-05-15_14h49.41.843,MIC_task,,2026.1.2,60.04138051946148,2026-05-15 14h49.44.746353 +0200,
,,6,6,0,,,,space,0.3823783999996522,None,10,pl03,kukorica,corn,7,plants,field,4.8,76,None,115,None,"(0, 0.1)",,,,,,,,,,,,,,,0,0,0,0,0,6,6,6,,,,,,,,,,,,,,,,,,,,,,,,,,,,,,,,,,,,,,,,,,,,,,,,,,,,,,,,,,,,,,,,,,,,,,,,,,,,,,,,,201.13411020000012,201.14184750000004,201.14531416666694,203.0314926000001,,,,,,205.0347869000002,205.05080220000036,205.05080220000036,205.4361657000004,,,,,,,,,,,,,203.0637453000004,203.07105900000033,203.0646041333335,204.95032740000033,205.0346829,space,0.3823783999996522,None,,,,,,,,,,,,,,,,,,,,,,P7350,Bar_MIC,10,1,2026-05-15_14h49.41.843,MIC_task,,2026.1.2,60.04138051946148,2026-05-15 14h49.44.746353 +0200,
,,0,0,0,,,,,,,10,p04,bohóc,clown,6,people,entertainment,6.8,14,19,44,None,"(0.1, 0.1)",None,,,,,,,,,,,,,,0,0,0,0,0,7,7,7,0,0,0,0,205.46596260000024,,,,,,,,,,,,,,,,,,,,,,,,,,,,,,,,,,,,,,,,,,,,,,,,,,,,,,,,,,,,,,,,,,,,,,,,,,,,,,,,,,,,,,,,,,,,,205.45852390000027,205.46596260000024,205.46596260000024,205.46596260000024,205.65140870000005,None,,,,,,,,,,,,,,,,,,,,,,,,,,,,,,,,P7350,Bar_MIC,10,1,2026-05-15_14h49.41.843,MIC_task,,2026.1.2,60.04138051946148,2026-05-15 14h49.44.746353 +0200,
,,0,0,0,,,,,,,10,p04,bohóc,clown,6,people,entertainment,6.8,14,19,44,None,"(0.1, 0.1)",None,,,,,,,,,,,,,,0,0,0,0,0,7,7,7,0,0,0,0,205.66848200000004,,,,,,,,,,,,,,,,,,,,,,,,,,,,,,,,,,,,,,,,,,,,,,,,,,,,,,,,,,,,,,,,,,,,,,,,,,,,,,,,,,,,,,,,,,,,,205.6567554000003,205.66848200000004,205.66848200000004,205.66848200000004,205.85199620000003,None,,,,,,,,,,,,,,,,,,,,,,,,,,,,,,,,P7350,Bar_MIC,10,1,2026-05-15_14h49.41.843,MIC_task,,2026.1.2,60.04138051946148,2026-05-15 14h49.44.746353 +0200,
,,1,0,1,,,,,,,10,p04,bohóc,clown,6,people,entertainment,6.8,14,19,44,None,"(0.1, 0.1)",None,,,,,,,,,,,,,,0,0,0,0,0,7,7,7,1,0,1,0,205.86978990000034,,,,,,,,,,,,,,,,,,,,,,,,,,,,,,,,,,,,,,,,,,,,,,,,,,,,,,,,,,,,,,,,,,,,,,,,,,,,,,,,,,,,,,,,,,,,,205.8570034000004,205.86978990000034,205.86978990000034,205.86978990000034,206.03804300000002,None,,,,,,,,,,,,,,,,,,,,,,,,,,,,,,,,P7350,Bar_MIC,10,1,2026-05-15_14h49.41.843,MIC_task,,2026.1.2,60.04138051946148,2026-05-15 14h49.44.746353 +0200,
,,2,0,2,,,,,,,10,p04,bohóc,clown,6,people,entertainment,6.8,14,19,44,None,"(0.1, 0.1)",None,,,,,,,,,,,,,,0,0,0,0,0,7,7,7,2,0,2,0,206.05198270000028,,,,,,,,,,,,,,,,,,,,,,,,,,,,,,,,,,,,,,,,,,,,,,,,,,,,,,,,,,,,,,,,,,,,,,,,,,,,,,,,,,,,,,,,,,,,,206.04295550000006,206.05198270000028,206.05198270000028,206.05198270000028,206.2363008000002,None,,,,,,,,,,,206.2523487000003,206.2523487000003,206.2523487000003,,,,,,,,,,,,,,,,,,,P7350,Bar_MIC,10,1,2026-05-15_14h49.41.843,MIC_task,,2026.1.2,60.04138051946148,2026-05-15 14h49.44.746353 +0200,
,,3,0,3,,,,,,,10,p04,bohóc,clown,6,people,entertainment,6.8,14,19,44,None,"(0.1, 0.1)",None,,,,,,,,,,,,,,0,0,0,0,0,7,7,7,3,0,3,0,206.2523487000003,,,,,,,,,,,,,,,,,,,,,,,,,,,,,,,,,,,,,,,,,,,,,,,,,,,,,,,,,,,,,,,,,,,,,,,,,,,,,,,,,,,,,,,,,,,,,206.24110540000038,206.2523487000003,206.2523487000003,206.2523487000003,206.43640440000036,None,,,,,,,,,,,,,,,,,,,,,,,,,,,,,,,,P7350,Bar_MIC,10,1,2026-05-15_14h49.41.843,MIC_task,,2026.1.2,60.04138051946148,2026-05-15 14h49.44.746353 +0200,
,,4,0,4,,,,,,,10,p04,bohóc,clown,6,people,entertainment,6.8,14,19,44,None,"(0.1, 0.1)",None,,,,,,,,,,,,,,0,0,0,0,0,7,7,7,4,0,4,0,206.4531605000002,,,,,,,,,,,,,,,,,,,,,,,,,,,,,,,,,,,,,,,,,,,,,,,,,,,,,,,,,,,,,,,,,,,,,,,,,,,,,,,,,,,,,,,,,,,,,206.44123600000012,206.4531605000002,206.4531605000002,206.4531605000002,206.6367747000004,None,,,,,,,,,,,,,,,,,,,,,,,,,,,,,,,,P7350,Bar_MIC,10,1,2026-05-15_14h49.41.843,MIC_task,,2026.1.2,60.04138051946148,2026-05-15 14h49.44.746353 +0200,
,,5,0,5,,,,,,,10,p04,bohóc,clown,6,people,entertainment,6.8,14,19,44,None,"(0.1, 0.1)",None,,,,,,,,,,,,,,0,0,0,0,0,7,7,7,5,0,5,0,206.65345750000006,,,,,,,,,,,,,,,,,,,,,,,,,,,,,,,,,,,,,,,,,,,,,,,,,,,,,,,,,,,,,,,,,,,,,,,,,,,,,,,,,,,,,,,,,,,,,206.6417163000001,206.65345750000006,206.65345750000006,206.65345750000006,206.83689870000035,None,,,,,,,,,,,,,,,,,,,,,,,,,,,,,,,,P7350,Bar_MIC,10,1,2026-05-15_14h49.41.843,MIC_task,,2026.1.2,60.04138051946148,2026-05-15 14h49.44.746353 +0200,
,,6,0,6,,,,,,,10,p04,bohóc,clown,6,people,entertainment,6.8,14,19,44,None,"(0.1, 0.1)",None,,,,,,,,,,,,,,0,0,0,0,0,7,7,7,6,0,6,0,206.85394560000032,,,,,,,,,,,,,,,,,,,,,,,,,,,,,,,,,,,,,,,,,,,,,,,,,,,,,,,,,,,,,,,,,,,,,,,,,,,,,,,,,,,,,,,,,,,,,206.84151629999997,206.85394560000032,206.85394560000032,206.85394560000032,207.03745370000024,None,,,,,,,,,,,,,,,,,,,,,,,,,,,,,,,,P7350,Bar_MIC,10,1,2026-05-15_14h49.41.843,MIC_task,,2026.1.2,60.04138051946148,2026-05-15 14h49.44.746353 +0200,
,,7,0,7,,,,,,,10,p04,bohóc,clown,6,people,entertainment,6.8,14,19,44,None,"(0.1, 0.1)",None,,,,,,,,,,,,,,0,0,0,0,0,7,7,7,7,0,7,0,207.05384550000008,,,,,,,,,,,,,,,,,,,,,,,,,,,,,,,,,,,,,,,,,,,,,,,,,,,,,,,,,,,,,,,,,,,,,,,,,,,,,,,,,,,,,,,,,,,,,207.04241300000012,207.05384550000008,207.05384550000008,207.05384550000008,207.2377475000003,None,,,,,,,,,,,,,,,,,,,,,,,,,,,,,,,,P7350,Bar_MIC,10,1,2026-05-15_14h49.41.843,MIC_task,,2026.1.2,60.04138051946148,2026-05-15 14h49.44.746353 +0200,
,,8,0,8,,,,,,,10,p04,bohóc,clown,6,people,entertainment,6.8,14,19,44,None,"(0.1, 0.1)",None,,,,,,,,,,,,,,0,0,0,0,0,7,7,7,8,0,8,0,207.25417930000003,,,,,,,,,,,,,,,,,,,,,,,,,,,,,,,,,,,,,,,,,,,,,,,,,,,,,,,,,,,,,,,,,,,,,,,,,,,,,,,,,,,,,,,,,,,,,207.24263480000036,207.25417930000003,207.25417930000003,207.25417930000003,207.43788949999998,None,,,,,,,,,,,,,,,,,,,,,,,,,,,,,,,,P7350,Bar_MIC,10,1,2026-05-15_14h49.41.843,MIC_task,,2026.1.2,60.04138051946148,2026-05-15 14h49.44.746353 +0200,
,,9,0,9,,,,,,,10,p04,bohóc,clown,6,people,entertainment,6.8,14,19,44,None,"(0.1, 0.1)",None,,,,,,,,,,,,,,0,0,0,0,0,7,7,7,9,0,9,0,207.45460990000038,,,,,,,,,,,,,,,,,,,,,,,,,,,,,,,,,,,,,,,,,,,,,,,,,,,,,,,,,,,,,,,,,,,,,,,,,,,,,,,,,,,,,,,,,,,,,207.44283900000028,207.45460990000038,207.45460990000038,207.45460990000038,207.63835070000005,None,,,,,,,,,,,,,,,,,,,,,,,,,,,,,,,,P7350,Bar_MIC,10,1,2026-05-15_14h49.41.843,MIC_task,,2026.1.2,60.04138051946148,2026-05-15 14h49.44.746353 +0200,
,,10,0,10,,,,,,,10,p04,bohóc,clown,6,people,entertainment,6.8,14,19,44,None,"(0.1, 0.1)",None,,,,,,,,,,,,,,0,0,0,0,0,7,7,7,10,0,10,0,207.66301440000007,,,,,,,,,,,,,,,,,,,,,,,,,,,,,,,,,,,,,,,,,,,,,,,,,,,,,,,,,,,,,,,,,,,,,,,,,,,,,,,,,,,,,,,,,,,,,207.6432891000004,207.66301440000007,207.66301440000007,207.66301440000007,207.83792210000001,None,,,,,,,,,,,,,,,,,,,,,,,,,,,,,,,,P7350,Bar_MIC,10,1,2026-05-15_14h49.41.843,MIC_task,,2026.1.2,60.04138051946148,2026-05-15 14h49.44.746353 +0200,
,,11,0,11,,,,,,,10,p04,bohóc,clown,6,people,entertainment,6.8,14,19,44,None,"(0.1, 0.1)",None,,,,,,,,,,,,,,0,0,0,0,0,7,7,7,11,0,11,0,207.85450930000025,,,,,,,,,,,,,,,,,,,,,,,,,,,,,,,,,,,,,,,,,,,,,,,,,,,,,,,,,,,,,,,,,,,,,,,,,,,,,,,,,,,,,,,,,,,,,207.84405900000002,207.85450930000025,207.85450930000025,207.85450930000025,208.03981010000007,None,,,,,,,,,,,,,,,,,,,,,,,,,,,,,,,,P7350,Bar_MIC,10,1,2026-05-15_14h49.41.843,MIC_task,,2026.1.2,60.04138051946148,2026-05-15 14h49.44.746353 +0200,
,,12,0,12,,,,,,,10,p04,bohóc,clown,6,people,entertainment,6.8,14,19,44,None,"(0.1, 0.1)",None,,,,,,,,,,,,,,0,0,0,0,0,7,7,7,12,0,12,0,208.05481830000008,,,,,,,,,,,,,,,,,,,,,,,,,,,,,,,,,,,,,,,,,,,,,,,,,,,,,,,,,,,,,,,,,,,,,,,,,,,,,,,,,,,,,,,,,,,,,208.04472680000026,208.05481830000008,208.05481830000008,208.05481830000008,208.2386421000001,None,,,,,,,,,,,,,,,,,,,,,,,,,,,,,,,,P7350,Bar_MIC,10,1,2026-05-15_14h49.41.843,MIC_task,,2026.1.2,60.04138051946148,2026-05-15 14h49.44.746353 +0200,
,,13,0,13,,,,,,,10,p04,bohóc,clown,6,people,entertainment,6.8,14,19,44,None,"(0.1, 0.1)",None,,,,,,,,,,,,,,0,0,0,0,0,7,7,7,13,0,13,0,208.25522640000008,,,,,,,,,,,,,,,,,,,,,,,,,,,,,,,,,,,,,,,,,,,,,,,,,,,,,,,,,,,,,,,,,,,,,,,,,,,,,,,,,,,,,,,,,,,,,208.24363660000017,208.25522640000008,208.25522640000008,208.25522640000008,208.4390131,None,,,,,,,,,,,,,,,,,,,,,,,,,,,,,,,,P7350,Bar_MIC,10,1,2026-05-15_14h49.41.843,MIC_task,,2026.1.2,60.04138051946148,2026-05-15 14h49.44.746353 +0200,
,,14,0,14,,,,,,,10,p04,bohóc,clown,6,people,entertainment,6.8,14,19,44,None,"(0.1, 0.1)",None,,,,,,,,,,,,,,0,0,0,0,0,7,7,7,14,0,14,0,208.45565540000007,,,,,,,,,,,,,,,,,,,,,,,,,,,,,,,,,,,,,,,,,,,,,,,,,,,,,,,,,,,,,,,,,,,,,,,,,,,,,,,,,,,,,,,,,,,,,208.44413780000014,208.45565540000007,208.45565540000007,208.45565540000007,208.6398008000001,None,,,,,,,,,,,,,,,,,,,,,,,,,,,,,,,,P7350,Bar_MIC,10,1,2026-05-15_14h49.41.843,MIC_task,,2026.1.2,60.04138051946148,2026-05-15 14h49.44.746353 +0200,
,,15,0,15,,,,,,,10,p04,bohóc,clown,6,people,entertainment,6.8,14,19,44,None,"(0.1, 0.1)",None,,,,,,,,,,,,,,0,0,0,0,0,7,7,7,15,0,15,0,208.65599060000022,,,,,,,,,,,,,,,,,,,,,,,,,,,,,,,,,,,,,,,,,,,,,,,,,,,,,,,,,,,,,,,,,,,,,,,,,,,,,,,,,,,,,,,,,,,,,208.64522100000022,208.65599060000022,208.65599060000022,208.65599060000022,208.8397887000001,None,,,,,,,,,,,,,,,,,,,,,,,,,,,,,,,,P7350,Bar_MIC,10,1,2026-05-15_14h49.41.843,MIC_task,,2026.1.2,60.04138051946148,2026-05-15 14h49.44.746353 +0200,
,,16,0,16,,,,,,,10,p04,bohóc,clown,6,people,entertainment,6.8,14,19,44,None,"(0.1, 0.1)",None,,,,,,,,,,,,,,0,0,0,0,0,7,7,7,16,0,16,0,208.85670040000014,,,,,,,,,,,,,,,,,,,,,,,,,,,,,,,,,,,,,,,,,,,,,,,,,,,,,,,,,,,,,,,,,,,,,,,,,,,,,,,,,,,,,,,,,,,,,208.84475940000038,208.85670040000014,208.85670040000014,208.85670040000014,209.04068210000014,None,,,,,,,,,,,,,,,,,,,,,,,,,,,,,,,,P7350,Bar_MIC,10,1,2026-05-15_14h49.41.843,MIC_task,,2026.1.2,60.04138051946148,2026-05-15 14h49.44.746353 +0200,
,,17,0,17,,,,,,,10,p04,bohóc,clown,6,people,entertainment,6.8,14,19,44,None,"(0.1, 0.1)",None,,,,,,,,,,,,,,0,0,0,0,0,7,7,7,17,0,17,0,209.05738220000012,,,,,,,,,,,,,,,,,,,,,,,,,,,,,,,,,,,,,,,,,,,,,,,,,,,,,,,,,,,,,,,,,,,,,,,,,,,,,,,,,,,,,,,,,,,,,209.04565790000015,209.05738220000012,209.05738220000012,209.05738220000012,209.24168320000035,None,,,,,,,,,,,,,,,,,,,,,,,,,,,,,,,,P7350,Bar_MIC,10,1,2026-05-15_14h49.41.843,MIC_task,,2026.1.2,60.04138051946148,2026-05-15 14h49.44.746353 +0200,
,,18,0,18,,,,,,,10,p04,bohóc,clown,6,people,entertainment,6.8,14,19,44,None,"(0.1, 0.1)",None,,,,,,,,,,,,,,0,0,0,0,0,7,7,7,18,0,18,0,209.25772800000004,,,,,,,,,,,,,,,,,,,,,,,,,,,,,,,,,,,,,,,,,,,,,,,,,,,,,,,,,,,,,,,,,,,,,,,,,,,,,,,,,,,,,,,,,,,,,209.24688890000016,209.25772800000004,209.25772800000004,209.25772800000004,209.44133890000012,None,,,,,,,,,,,,,,,,,,,,,,,,,,,,,,,,P7350,Bar_MIC,10,1,2026-05-15_14h49.41.843,MIC_task,,2026.1.2,60.04138051946148,2026-05-15 14h49.44.746353 +0200,
,,19,0,19,,,,,,,10,p04,bohóc,clown,6,people,entertainment,6.8,14,19,44,None,"(0.1, 0.1)",None,,,,,,,,,,,,,,0,0,0,0,0,7,7,7,19,0,19,0,209.45755830000007,,,,,,,,,,,,,,,,,,,,,,,,,,,,,,,,,,,,,,,,,,,,,,,,,,,,,,,,,,,,,,,,,,,,,,,,,,,,,,,,,,,,,,,,,,,,,209.44647430000032,209.45755830000007,209.45755830000007,209.45755830000007,209.64135420000002,None,,,,,,,,,,,,,,,,,,,,,,,,,,,,,,,,P7350,Bar_MIC,10,1,2026-05-15_14h49.41.843,MIC_task,,2026.1.2,60.04138051946148,2026-05-15 14h49.44.746353 +0200,
,,20,0,20,,,,,,,10,p04,bohóc,clown,6,people,entertainment,6.8,14,19,44,None,"(0.1, 0.1)",None,,,,,,,,,,,,,,0,0,0,0,0,7,7,7,20,0,20,0,209.65709060000017,,,,,,,,,,,,,,,,,,,,,,,,,,,,,,,,,,,,,,,,,,,,,,,,,,,,,,,,,,,,,,,,,,,,,,,,,,,,,,,,,,,,,,,,,,,,,209.64654310000014,209.65709060000017,209.65709060000017,209.65709060000017,209.8423627000002,None,,,,,,,,,,,,,,,,,,,,,,,,,,,,,,,,P7350,Bar_MIC,10,1,2026-05-15_14h49.41.843,MIC_task,,2026.1.2,60.04138051946148,2026-05-15 14h49.44.746353 +0200,
,,21,0,21,,,,,,,10,p04,bohóc,clown,6,people,entertainment,6.8,14,19,44,None,"(0.1, 0.1)",None,,,,,,,,,,,,,,0,0,0,0,0,7,7,7,21,0,21,0,209.85745320000024,,,,,,,,,,,,,,,,,,,,,,,,,,,,,,,,,,,,,,,,,,,,,,,,,,,,,,,,,,,,,,,,,,,,,,,,,,,,,,,,,,,,,,,,,,,,,209.84732060000033,209.85745320000024,209.85745320000024,209.85745320000024,210.04137770000034,None,,,,,,,,,,,,,,,,,,,,,,,,,,,,,,,,P7350,Bar_MIC,10,1,2026-05-15_14h49.41.843,MIC_task,,2026.1.2,60.04138051946148,2026-05-15 14h49.44.746353 +0200,
,,22,0,22,,,,,,,10,p04,bohóc,clown,6,people,entertainment,6.8,14,19,44,None,"(0.1, 0.1)",None,,,,,,,,,,,,,,0,0,0,0,0,7,7,7,22,0,22,0,210.05781220000017,,,,,,,,,,,,,,,,,,,,,,,,,,,,,,,,,,,,,,,,,,,,,,,,,,,,,,,,,,,,,,,,,,,,,,,,,,,,,,,,,,,,,,,,,,,,,210.0462008000004,210.05781220000017,210.05781220000017,210.05781220000017,210.24191090000022,None,,,,,,,,,,,,,,,,,,,,,,,,,,,,,,,,P7350,Bar_MIC,10,1,2026-05-15_14h49.41.843,MIC_task,,2026.1.2,60.04138051946148,2026-05-15 14h49.44.746353 +0200,
,,23,0,23,,,,,,,10,p04,bohóc,clown,6,people,entertainment,6.8,14,19,44,None,"(0.1, 0.1)",space,0.07056740000007267,None,,,,,,,,,,,,0,0,0,0,0,7,7,7,23,0,23,0,210.25846180000008,,,,,,,,,,,,,,,,,,,,,,,,,,,,,,,,,,,,,,,,,,,,,,,,,,,,,,,,,,,,,,,,,,,,,,,,,,,,,,,,,,,,,,,,,,,,,210.2467413000004,210.25846180000008,210.25846180000008,210.25846180000008,210.34356360000038,space,0.07056740000007267,None,,,,,,,,,,,,,,,,,,,,,,,,,,,,,,P7350,Bar_MIC,10,1,2026-05-15_14h49.41.843,MIC_task,,2026.1.2,60.04138051946148,2026-05-15 14h49.44.746353 +0200,
,,7,7,0,,,,space,1.0203029999997852,None,10,p04,bohóc,clown,6,people,entertainment,6.8,14,19,44,None,"(0.1, 0.1)",,,,,,,,,,,,,,,0,0,0,0,0,7,7,7,,,,,,,,,,,,,,,,,,,,,,,,,,,,,,,,,,,,,,,,,,,,,,,,,,,,,,,,,,,,,,,,,,,,,,,,,,,,,,,,,210.4427095000001,210.44934620000004,210.45877486666666,212.3454428,,,,,,214.34905060000028,214.36514380000017,214.36514380000017,215.40065900000036,,,,,,,,,,,,,212.38424280000027,212.39013830000022,212.39521320000023,214.2827996000001,214.34899300000006,space,1.0203029999997852,None,,,,,,,,,,,,,,,,,,,,,,P7350,Bar_MIC,10,1,2026-05-15_14h49.41.843,MIC_task,,2026.1.2,60.04138051946148,2026-05-15 14h49.44.746353 +0200,
,,0,0,0,,,,,,,10,l05,medence,pool,5,location,facilities,6.6,145,None,61,None,"(-0.1, 0.1)",None,,,,,,,,,,,,,,0,0,0,0,0,8,8,8,0,0,0,0,215.4285385000003,,,,,,,,,,,,,,,,,,,,,,,,,,,,,,,,,,,,,,,,,,,,,,,,,,,,,,,,,,,,,,,,,,,,,,,,,,,,,,,,,,,,,,,,,,,,,215.42233840000017,215.4285385000003,215.4285385000003,215.4285385000003,215.61670490000006,None,,,,,,,,,,,,,,,,,,,,,,,,,,,,,,,,P7350,Bar_MIC,10,1,2026-05-15_14h49.41.843,MIC_task,,2026.1.2,60.04138051946148,2026-05-15 14h49.44.746353 +0200,
,,0,0,0,,,,,,,10,l05,medence,pool,5,location,facilities,6.6,145,None,61,None,"(-0.1, 0.1)",None,,,,,,,,,,,,,,0,0,0,0,0,8,8,8,0,0,0,0,215.63353970000026,,,,,,,,,,,,,,,,,,,,,,,,,,,,,,,,,,,,,,,,,,,,,,,,,,,,,,,,,,,,,,,,,,,,,,,,,,,,,,,,,,,,,,,,,,,,,215.6215003000002,215.63353970000026,215.63353970000026,215.63353970000026,215.81711380000024,None,,,,,,,,,,,,,,,,,,,,,,,,,,,,,,,,P7350,Bar_MIC,10,1,2026-05-15_14h49.41.843,MIC_task,,2026.1.2,60.04138051946148,2026-05-15 14h49.44.746353 +0200,
,,1,0,1,,,,,,,10,l05,medence,pool,5,location,facilities,6.6,145,None,61,None,"(-0.1, 0.1)",None,,,,,,,,,,,,,,0,0,0,0,0,8,8,8,1,0,1,0,215.83370790000026,,,,,,,,,,,,,,,,,,,,,,,,,,,,,,,,,,,,,,,,,,,,,,,,,,,,,,,,,,,,,,,,,,,,,,,,,,,,,,,,,,,,,,,,,,,,,215.82167210000034,215.83370790000026,215.83370790000026,215.83370790000026,216.0183489000001,None,,,,,,,,,,,,,,,,,,,,,,,,,,,,,,,,P7350,Bar_MIC,10,1,2026-05-15_14h49.41.843,MIC_task,,2026.1.2,60.04138051946148,2026-05-15 14h49.44.746353 +0200,
,,2,0,2,,,,,,,10,l05,medence,pool,5,location,facilities,6.6,145,None,61,None,"(-0.1, 0.1)",None,,,,,,,,,,,,,,0,0,0,0,0,8,8,8,2,0,2,0,216.03418580000016,,,,,,,,,,,,,,,,,,,,,,,,,,,,,,,,,,,,,,,,,,,,,,,,,,,,,,,,,,,,,,,,,,,,,,,,,,,,,,,,,,,,,,,,,,,,,216.0234117,216.03418580000016,216.03418580000016,216.03418580000016,216.20105009999997,None,,,,,,,,,,,,,,,,,,,,,,,,,,,,,,,,P7350,Bar_MIC,10,1,2026-05-15_14h49.41.843,MIC_task,,2026.1.2,60.04138051946148,2026-05-15 14h49.44.746353 +0200,
,,3,0,3,,,,,,,10,l05,medence,pool,5,location,facilities,6.6,145,None,61,None,"(-0.1, 0.1)",None,,,,,,,,,,,,,,0,0,0,0,0,8,8,8,3,0,3,0,216.21773770000027,,,,,,,,,,,,,,,,,,,,,,,,,,,,,,,,,,,,,,,,,,,,,,,,,,,,,,,,,,,,,,,,,,,,,,,,,,,,,,,,,,,,,,,,,,,,,216.20623830000022,216.21773770000027,216.21773770000027,216.21773770000027,216.40163500000017,None,,,,,,,,,,,,,,,,,,,,,,,,,,,,,,,,P7350,Bar_MIC,10,1,2026-05-15_14h49.41.843,MIC_task,,2026.1.2,60.04138051946148,2026-05-15 14h49.44.746353 +0200,
,,4,0,4,,,,,,,10,l05,medence,pool,5,location,facilities,6.6,145,None,61,None,"(-0.1, 0.1)",None,,,,,,,,,,,,,,0,0,0,0,0,8,8,8,4,0,4,0,216.4183162000004,,,,,,,,,,,,,,,,,,,,,,,,,,,,,,,,,,,,,,,,,,,,,,,,,,,,,,,,,,,,,,,,,,,,,,,,,,,,,,,,,,,,,,,,,,,,,216.4067503000001,216.4183162000004,216.4183162000004,216.4183162000004,216.60181610000018,None,,,,,,,,,,,,,,,,,,,,,,,,,,,,,,,,P7350,Bar_MIC,10,1,2026-05-15_14h49.41.843,MIC_task,,2026.1.2,60.04138051946148,2026-05-15 14h49.44.746353 +0200,
,,5,0,5,,,,,,,10,l05,medence,pool,5,location,facilities,6.6,145,None,61,None,"(-0.1, 0.1)",None,,,,,,,,,,,,,,0,0,0,0,0,8,8,8,5,0,5,0,216.61892420000004,,,,,,,,,,,,,,,,,,,,,,,,,,,,,,,,,,,,,,,,,,,,,,,,,,,,,,,,,,,,,,,,,,,,,,,,,,,,,,,,,,,,,,,,,,,,,216.60688260000006,216.61892420000004,216.61892420000004,216.61892420000004,216.80222380000032,None,,,,,,,,,,,,,,,,,,,,,,,,,,,,,,,,P7350,Bar_MIC,10,1,2026-05-15_14h49.41.843,MIC_task,,2026.1.2,60.04138051946148,2026-05-15 14h49.44.746353 +0200,
,,6,0,6,,,,,,,10,l05,medence,pool,5,location,facilities,6.6,145,None,61,None,"(-0.1, 0.1)",None,,,,,,,,,,,,,,0,0,0,0,0,8,8,8,6,0,6,0,216.81674640000028,,,,,,,,,,,,,,,,,,,,,,,,,,,,,,,,,,,,,,,,,,,,,,,,,,,,,,,,,,,,,,,,,,,,,,,,,,,,,,,,,,,,,,,,,,,,,216.80710290000025,216.81674640000028,216.81674640000028,216.81674640000028,217.0027309000002,None,,,,,,,,,,,,,,,,,,,,,,,,,,,,,,,,P7350,Bar_MIC,10,1,2026-05-15_14h49.41.843,MIC_task,,2026.1.2,60.04138051946148,2026-05-15 14h49.44.746353 +0200,
,,7,0,7,,,,,,,10,l05,medence,pool,5,location,facilities,6.6,145,None,61,None,"(-0.1, 0.1)",None,,,,,,,,,,,,,,0,0,0,0,0,8,8,8,7,0,7,0,217.01833390000002,,,,,,,,,,,,,,,,,,,,,,,,,,,,,,,,,,,,,,,,,,,,,,,,,,,,,,,,,,,,,,,,,,,,,,,,,,,,,,,,,,,,,,,,,,,,,217.00760170000012,217.01833390000002,217.01833390000002,217.01833390000002,217.20309050000014,None,,,,,,,,,,,,,,,,,,,,,,,,,,,,,,,,P7350,Bar_MIC,10,1,2026-05-15_14h49.41.843,MIC_task,,2026.1.2,60.04138051946148,2026-05-15 14h49.44.746353 +0200,
,,8,0,8,,,,,,,10,l05,medence,pool,5,location,facilities,6.6,145,None,61,None,"(-0.1, 0.1)",None,,,,,,,,,,,,,,0,0,0,0,0,8,8,8,8,0,8,0,217.21951340000032,,,,,,,,,,,,,,,,,,,,,,,,,,,,,,,,,,,,,,,,,,,,,,,,,,,,,,,,,,,,,,,,,,,,,,,,,,,,,,,,,,,,,,,,,,,,,217.2076836000001,217.21951340000032,217.21951340000032,217.21951340000032,217.40381860000025,None,,,,,,,,,,,,,,,,,,,,,,,,,,,,,,,,P7350,Bar_MIC,10,1,2026-05-15_14h49.41.843,MIC_task,,2026.1.2,60.04138051946148,2026-05-15 14h49.44.746353 +0200,
,,9,0,9,,,,,,,10,l05,medence,pool,5,location,facilities,6.6,145,None,61,None,"(-0.1, 0.1)",None,,,,,,,,,,,,,,0,0,0,0,0,8,8,8,9,0,9,0,217.42012710000017,,,,,,,,,,,,,,,,,,,,,,,,,,,,,,,,,,,,,,,,,,,,,,,,,,,,,,,,,,,,,,,,,,,,,,,,,,,,,,,,,,,,,,,,,,,,,217.40886799999998,217.42012710000017,217.42012710000017,217.42012710000017,217.60427019999997,None,,,,,,,,,,,,,,,,,,,,,,,,,,,,,,,,P7350,Bar_MIC,10,1,2026-05-15_14h49.41.843,MIC_task,,2026.1.2,60.04138051946148,2026-05-15 14h49.44.746353 +0200,
,,10,0,10,,,,,,,10,l05,medence,pool,5,location,facilities,6.6,145,None,61,None,"(-0.1, 0.1)",None,,,,,,,,,,,,,,0,0,0,0,0,8,8,8,10,0,10,0,217.6199085000003,,,,,,,,,,,,,,,,,,,,,,,,,,,,,,,,,,,,,,,,,,,,,,,,,,,,,,,,,,,,,,,,,,,,,,,,,,,,,,,,,,,,,,,,,,,,,217.608878,217.6199085000003,217.6199085000003,217.6199085000003,217.80335540000033,None,,,,,,,,,,,,,,,,,,,,,,,,,,,,,,,,P7350,Bar_MIC,10,1,2026-05-15_14h49.41.843,MIC_task,,2026.1.2,60.04138051946148,2026-05-15 14h49.44.746353 +0200,
,,11,0,11,,,,,,,10,l05,medence,pool,5,location,facilities,6.6,145,None,61,None,"(-0.1, 0.1)",None,,,,,,,,,,,,,,0,0,0,0,0,8,8,8,11,0,11,0,217.8198652000001,,,,,,,,,,,,,,,,,,,,,,,,,,,,,,,,,,,,,,,,,,,,,,,,,,,,,,,,,,,,,,,,,,,,,,,,,,,,,,,,,,,,,,,,,,,,,217.80815540000003,217.8198652000001,217.8198652000001,217.8198652000001,218.00384220000024,None,,,,,,,,,,,,,,,,,,,,,,,,,,,,,,,,P7350,Bar_MIC,10,1,2026-05-15_14h49.41.843,MIC_task,,2026.1.2,60.04138051946148,2026-05-15 14h49.44.746353 +0200,
,,12,0,12,,,,,,,10,l05,medence,pool,5,location,facilities,6.6,145,None,61,None,"(-0.1, 0.1)",None,,,,,,,,,,,,,,0,0,0,0,0,8,8,8,12,0,12,0,218.0201890000003,,,,,,,,,,,,,,,,,,,,,,,,,,,,,,,,,,,,,,,,,,,,,,,,,,,,,,,,,,,,,,,,,,,,,,,,,,,,,,,,,,,,,,,,,,,,,218.0085382000002,218.0201890000003,218.0201890000003,218.0201890000003,218.2051164000004,None,,,,,,,,,,,,,,,,,,,,,,,,,,,,,,,,P7350,Bar_MIC,10,1,2026-05-15_14h49.41.843,MIC_task,,2026.1.2,60.04138051946148,2026-05-15 14h49.44.746353 +0200,
,,13,0,13,,,,,,,10,l05,medence,pool,5,location,facilities,6.6,145,None,61,None,"(-0.1, 0.1)",None,,,,,,,,,,,,,,0,0,0,0,0,8,8,8,13,0,13,0,218.22070550000035,,,,,,,,,,,,,,,,,,,,,,,,,,,,,,,,,,,,,,,,,,,,,,,,,,,,,,,,,,,,,,,,,,,,,,,,,,,,,,,,,,,,,,,,,,,,,218.2099820000003,218.22070550000035,218.22070550000035,218.22070550000035,218.40491060000022,None,,,,,,,,,,,,,,,,,,,,,,,,,,,,,,,,P7350,Bar_MIC,10,1,2026-05-15_14h49.41.843,MIC_task,,2026.1.2,60.04138051946148,2026-05-15 14h49.44.746353 +0200,
,,14,0,14,,,,,,,10,l05,medence,pool,5,location,facilities,6.6,145,None,61,None,"(-0.1, 0.1)",None,,,,,,,,,,,,,,0,0,0,0,0,8,8,8,14,0,14,0,218.42100610000034,,,,,,,,,,,,,,,,,,,,,,,,,,,,,,,,,,,,,,,,,,,,,,,,,,,,,,,,,,,,,,,,,,,,,,,,,,,,,,,,,,,,,,,,,,,,,218.40964050000002,218.42100610000034,218.42100610000034,218.42100610000034,218.60583350000024,None,,,,,,,,,,,,,,,,,,,,,,,,,,,,,,,,P7350,Bar_MIC,10,1,2026-05-15_14h49.41.843,MIC_task,,2026.1.2,60.04138051946148,2026-05-15 14h49.44.746353 +0200,
,,15,0,15,,,,,,,10,l05,medence,pool,5,location,facilities,6.6,145,None,61,None,"(-0.1, 0.1)",None,,,,,,,,,,,,,,0,0,0,0,0,8,8,8,15,0,15,0,218.62186220000012,,,,,,,,,,,,,,,,,,,,,,,,,,,,,,,,,,,,,,,,,,,,,,,,,,,,,,,,,,,,,,,,,,,,,,,,,,,,,,,,,,,,,,,,,,,,,218.61047210000015,218.62186220000012,218.62186220000012,218.62186220000012,218.80607069999996,None,,,,,,,,,,,,,,,,,,,,,,,,,,,,,,,,P7350,Bar_MIC,10,1,2026-05-15_14h49.41.843,MIC_task,,2026.1.2,60.04138051946148,2026-05-15 14h49.44.746353 +0200,
,,16,0,16,,,,,,,10,l05,medence,pool,5,location,facilities,6.6,145,None,61,None,"(-0.1, 0.1)",None,,,,,,,,,,,,,,0,0,0,0,0,8,8,8,16,0,16,0,218.82228120000036,,,,,,,,,,,,,,,,,,,,,,,,,,,,,,,,,,,,,,,,,,,,,,,,,,,,,,,,,,,,,,,,,,,,,,,,,,,,,,,,,,,,,,,,,,,,,218.81170210000028,218.82228120000036,218.82228120000036,218.82228120000036,219.00656320000007,None,,,,,,,,,,,,,,,,,,,,,,,,,,,,,,,,P7350,Bar_MIC,10,1,2026-05-15_14h49.41.843,MIC_task,,2026.1.2,60.04138051946148,2026-05-15 14h49.44.746353 +0200,
,,17,0,17,,,,,,,10,l05,medence,pool,5,location,facilities,6.6,145,None,61,None,"(-0.1, 0.1)",None,,,,,,,,,,,,,,0,0,0,0,0,8,8,8,17,0,17,0,219.02236850000008,,,,,,,,,,,,,,,,,,,,,,,,,,,,,,,,,,,,,,,,,,,,,,,,,,,,,,,,,,,,,,,,,,,,,,,,,,,,,,,,,,,,,,,,,,,,,219.01149060000034,219.02236850000008,219.02236850000008,219.02236850000008,219.20574480000005,None,,,,,,,,,,,,,,,,,,,,,,,,,,,,,,,,P7350,Bar_MIC,10,1,2026-05-15_14h49.41.843,MIC_task,,2026.1.2,60.04138051946148,2026-05-15 14h49.44.746353 +0200,
,,18,0,18,,,,,,,10,l05,medence,pool,5,location,facilities,6.6,145,None,61,None,"(-0.1, 0.1)",None,,,,,,,,,,,,,,0,0,0,0,0,8,8,8,18,0,18,0,219.22254980000025,,,,,,,,,,,,,,,,,,,,,,,,,,,,,,,,,,,,,,,,,,,,,,,,,,,,,,,,,,,,,,,,,,,,,,,,,,,,,,,,,,,,,,,,,,,,,219.21061310000005,219.22254980000025,219.22254980000025,219.22254980000025,219.4072159000002,None,,,,,,,,,,,,,,,,,,,,,,,,,,,,,,,,P7350,Bar_MIC,10,1,2026-05-15_14h49.41.843,MIC_task,,2026.1.2,60.04138051946148,2026-05-15 14h49.44.746353 +0200,
,,19,0,19,,,,,,,10,l05,medence,pool,5,location,facilities,6.6,145,None,61,None,"(-0.1, 0.1)",None,,,,,,,,,,,,,,0,0,0,0,0,8,8,8,19,0,19,0,219.42209760000014,,,,,,,,,,,,,,,,,,,,,,,,,,,,,,,,,,,,,,,,,,,,,,,,,,,,,,,,,,,,,,,,,,,,,,,,,,,,,,,,,,,,,,,,,,,,,219.41206069999998,219.42209760000014,219.42209760000014,219.42209760000014,219.60586730000023,None,,,,,,,,,,,,,,,,,,,,,,,,,,,,,,,,P7350,Bar_MIC,10,1,2026-05-15_14h49.41.843,MIC_task,,2026.1.2,60.04138051946148,2026-05-15 14h49.44.746353 +0200,
,,20,0,20,,,,,,,10,l05,medence,pool,5,location,facilities,6.6,145,None,61,None,"(-0.1, 0.1)",None,,,,,,,,,,,,,,0,0,0,0,0,8,8,8,20,0,20,0,219.6238102000002,,,,,,,,,,,,,,,,,,,,,,,,,,,,,,,,,,,,,,,,,,,,,,,,,,,,,,,,,,,,,,,,,,,,,,,,,,,,,,,,,,,,,,,,,,,,,219.6105775000001,219.6238102000002,219.6238102000002,219.6238102000002,219.8075527000001,None,,,,,,,,,,,,,,,,,,,,,,,,,,,,,,,,P7350,Bar_MIC,10,1,2026-05-15_14h49.41.843,MIC_task,,2026.1.2,60.04138051946148,2026-05-15 14h49.44.746353 +0200,
,,21,0,21,,,,,,,10,l05,medence,pool,5,location,facilities,6.6,145,None,61,None,"(-0.1, 0.1)",None,,,,,,,,,,,,,,0,0,0,0,0,8,8,8,21,0,21,0,219.82311200000004,,,,,,,,,,,,,,,,,,,,,,,,,,,,,,,,,,,,,,,,,,,,,,,,,,,,,,,,,,,,,,,,,,,,,,,,,,,,,,,,,,,,,,,,,,,,,219.81248010000036,219.82311200000004,219.82311200000004,219.82311200000004,220.00662190000003,None,,,,,,,,,,,,,,,,,,,,,,,,,,,,,,,,P7350,Bar_MIC,10,1,2026-05-15_14h49.41.843,MIC_task,,2026.1.2,60.04138051946148,2026-05-15 14h49.44.746353 +0200,
,,22,0,22,,,,,,,10,l05,medence,pool,5,location,facilities,6.6,145,None,61,None,"(-0.1, 0.1)",space,0.04276190000018687,None,,,,,,,,,,,,0,0,0,0,0,8,8,8,22,0,22,0,220.02337880000005,,,,,,,,,,,,,,,,,,,,,,,,,,,,,,,,,,,,,,,,,,,,,,,,,,,,,,,,,,,,,,,,,,,,,,,,,,,,,,,,,,,,,,,,,,,,,220.01103160000002,220.02337880000005,220.02337880000005,220.02337880000005,220.07614520000016,space,0.04276190000018687,None,,,,,,,,,,,,,,,,,,,,,,,,,,,,,,P7350,Bar_MIC,10,1,2026-05-15_14h49.41.843,MIC_task,,2026.1.2,60.04138051946148,2026-05-15 14h49.44.746353 +0200,
,,8,8,0,,,,space,2.592965599999843,None,10,l05,medence,pool,5,location,facilities,6.6,145,None,61,None,"(-0.1, 0.1)",,,,,,,,,,,,,,,0,0,0,0,0,8,8,8,,,,,,,,,,,,,,,,,,,,,,,,,,,,,,,,,,,,,,,,,,,,,,,,,,,,,,,,,,,,,,,,,,,,,,,,,,,,,,,,,220.1759780000002,220.18356670000003,220.19144526666685,222.07661260000032,,,,,,224.07975350000015,224.09621749999997,224.09621749999997,226.7023333000002,,,,,,,,,,,,,222.10859100000016,222.11436920000006,222.10980043333353,224.0132249000003,224.07970060000025,space,2.592965599999843,None,,,,,,,,,,,,,,,,,,,,,,P7350,Bar_MIC,10,1,2026-05-15_14h49.41.843,MIC_task,,2026.1.2,60.04138051946148,2026-05-15 14h49.44.746353 +0200,
,,0,0,0,,,,,,,10,v10,bicikli,bicycle,10,vehicles,wheels,7,None,None,57,19,"(0, 0.1)",None,,,,,,,,,,,,,,0,0,0,0,0,9,9,9,0,0,0,0,226.73095839999996,,,,,,,,,,,,,,,,,,,,,,,,,,,,,,,,,,,,,,,,,,,,,,,,,,,,,,,,,,,,,,,,,,,,,,,,,,,,,,,,,,,,,,,,,,,,,226.7248340000001,226.73095839999996,226.73095839999996,226.73095839999996,226.91792329999998,None,,,,,,,,,,,,,,,,,,,,,,,,,,,,,,,,P7350,Bar_MIC,10,1,2026-05-15_14h49.41.843,MIC_task,,2026.1.2,60.04138051946148,2026-05-15 14h49.44.746353 +0200,
,,0,0,0,,,,,,,10,v10,bicikli,bicycle,10,vehicles,wheels,7,None,None,57,19,"(0, 0.1)",None,,,,,,,,,,,,,,0,0,0,0,0,9,9,9,0,0,0,0,226.9346875000001,,,,,,,,,,,,,,,,,,,,,,,,,,,,,,,,,,,,,,,,,,,,,,,,,,,,,,,,,,,,,,,,,,,,,,,,,,,,,,,,,,,,,,,,,,,,,226.92269490000035,226.9346875000001,226.9346875000001,226.9346875000001,227.11808870000004,None,,,,,,,,,,,,,,,,,,,,,,,,,,,,,,,,P7350,Bar_MIC,10,1,2026-05-15_14h49.41.843,MIC_task,,2026.1.2,60.04138051946148,2026-05-15 14h49.44.746353 +0200,
,,1,0,1,,,,,,,10,v10,bicikli,bicycle,10,vehicles,wheels,7,None,None,57,19,"(0, 0.1)",None,,,,,,,,,,,,,,0,0,0,0,0,9,9,9,1,0,1,0,227.13536450000038,,,,,,,,,,,,,,,,,,,,,,,,,,,,,,,,,,,,,,,,,,,,,,,,,,,,,,,,,,,,,,,,,,,,,,,,,,,,,,,,,,,,,,,,,,,,,227.1225655000003,227.13536450000038,227.13536450000038,227.13536450000038,227.30259420000039,None,,,,,,,,,,,,,,,,,,,,,,,,,,,,,,,,P7350,Bar_MIC,10,1,2026-05-15_14h49.41.843,MIC_task,,2026.1.2,60.04138051946148,2026-05-15 14h49.44.746353 +0200,
,,2,0,2,,,,,,,10,v10,bicikli,bicycle,10,vehicles,wheels,7,None,None,57,19,"(0, 0.1)",None,,,,,,,,,,,,,,0,0,0,0,0,9,9,9,2,0,2,0,227.31736980000005,,,,,,,,,,,,,,,,,,,,,,,,,,,,,,,,,,,,,,,,,,,,,,,,,,,,,,,,,,,,,,,,,,,,,,,,,,,,,,,,,,,,,,,,,,,,,227.30765090000023,227.31736980000005,227.31736980000005,227.31736980000005,227.50197610000032,None,,,,,,,,,,,227.51857670000027,227.51857670000027,227.51857670000027,,,,,,,,,,,,,,,,,,,P7350,Bar_MIC,10,1,2026-05-15_14h49.41.843,MIC_task,,2026.1.2,60.04138051946148,2026-05-15 14h49.44.746353 +0200,
,,3,0,3,,,,,,,10,v10,bicikli,bicycle,10,vehicles,wheels,7,None,None,57,19,"(0, 0.1)",None,,,,,,,,,,,,,,0,0,0,0,0,9,9,9,3,0,3,0,227.51857670000027,,,,,,,,,,,,,,,,,,,,,,,,,,,,,,,,,,,,,,,,,,,,,,,,,,,,,,,,,,,,,,,,,,,,,,,,,,,,,,,,,,,,,,,,,,,,,227.50710320000007,227.51857670000027,227.51857670000027,227.51857670000027,227.70210440000028,None,,,,,,,,,,,227.7181625000003,227.7181625000003,227.7181625000003,,,,,,,,,,,,,,,,,,,P7350,Bar_MIC,10,1,2026-05-15_14h49.41.843,MIC_task,,2026.1.2,60.04138051946148,2026-05-15 14h49.44.746353 +0200,
,,4,0,4,,,,,,,10,v10,bicikli,bicycle,10,vehicles,wheels,7,None,None,57,19,"(0, 0.1)",None,,,,,,,,,,,,,,0,0,0,0,0,9,9,9,4,0,4,0,227.7181625000003,,,,,,,,,,,,,,,,,,,,,,,,,,,,,,,,,,,,,,,,,,,,,,,,,,,,,,,,,,,,,,,,,,,,,,,,,,,,,,,,,,,,,,,,,,,,,227.70639970000002,227.7181625000003,227.7181625000003,227.7181625000003,227.9026442000004,None,,,,,,,,,,,227.9186353,227.9186353,227.9186353,,,,,,,,,,,,,,,,,,,P7350,Bar_MIC,10,1,2026-05-15_14h49.41.843,MIC_task,,2026.1.2,60.04138051946148,2026-05-15 14h49.44.746353 +0200,
,,5,0,5,,,,,,,10,v10,bicikli,bicycle,10,vehicles,wheels,7,None,None,57,19,"(0, 0.1)",None,,,,,,,,,,,,,,0,0,0,0,0,9,9,9,5,0,5,0,227.9186353,,,,,,,,,,,,,,,,,,,,,,,,,,,,,,,,,,,,,,,,,,,,,,,,,,,,,,,,,,,,,,,,,,,,,,,,,,,,,,,,,,,,,,,,,,,,,227.90699600000016,227.9186353,227.9186353,227.9186353,228.10289230000035,None,,,,,,,,,,,228.12016310000035,228.12016310000035,228.12016310000035,,,,,,,,,,,,,,,,,,,P7350,Bar_MIC,10,1,2026-05-15_14h49.41.843,MIC_task,,2026.1.2,60.04138051946148,2026-05-15 14h49.44.746353 +0200,
,,6,0,6,,,,,,,10,v10,bicikli,bicycle,10,vehicles,wheels,7,None,None,57,19,"(0, 0.1)",None,,,,,,,,,,,,,,0,0,0,0,0,9,9,9,6,0,6,0,228.12016310000035,,,,,,,,,,,,,,,,,,,,,,,,,,,,,,,,,,,,,,,,,,,,,,,,,,,,,,,,,,,,,,,,,,,,,,,,,,,,,,,,,,,,,,,,,,,,,228.10757020000028,228.12016310000035,228.12016310000035,228.12016310000035,228.3028829,None,,,,,,,,,,,,,,,,,,,,,,,,,,,,,,,,P7350,Bar_MIC,10,1,2026-05-15_14h49.41.843,MIC_task,,2026.1.2,60.04138051946148,2026-05-15 14h49.44.746353 +0200,
,,7,0,7,,,,,,,10,v10,bicikli,bicycle,10,vehicles,wheels,7,None,None,57,19,"(0, 0.1)",None,,,,,,,,,,,,,,0,0,0,0,0,9,9,9,7,0,7,0,228.31919730000027,,,,,,,,,,,,,,,,,,,,,,,,,,,,,,,,,,,,,,,,,,,,,,,,,,,,,,,,,,,,,,,,,,,,,,,,,,,,,,,,,,,,,,,,,,,,,228.30727500000012,228.31919730000027,228.31919730000027,228.31919730000027,228.50318040000002,None,,,,,,,,,,,,,,,,,,,,,,,,,,,,,,,,P7350,Bar_MIC,10,1,2026-05-15_14h49.41.843,MIC_task,,2026.1.2,60.04138051946148,2026-05-15 14h49.44.746353 +0200,
,,8,0,8,,,,,,,10,v10,bicikli,bicycle,10,vehicles,wheels,7,None,None,57,19,"(0, 0.1)",None,,,,,,,,,,,,,,0,0,0,0,0,9,9,9,8,0,8,0,228.5197506000004,,,,,,,,,,,,,,,,,,,,,,,,,,,,,,,,,,,,,,,,,,,,,,,,,,,,,,,,,,,,,,,,,,,,,,,,,,,,,,,,,,,,,,,,,,,,,228.50794760000008,228.5197506000004,228.5197506000004,228.5197506000004,228.70351849999997,None,,,,,,,,,,,,,,,,,,,,,,,,,,,,,,,,P7350,Bar_MIC,10,1,2026-05-15_14h49.41.843,MIC_task,,2026.1.2,60.04138051946148,2026-05-15 14h49.44.746353 +0200,
,,9,0,9,,,,,,,10,v10,bicikli,bicycle,10,vehicles,wheels,7,None,None,57,19,"(0, 0.1)",None,,,,,,,,,,,,,,0,0,0,0,0,9,9,9,9,0,9,0,228.72013570000036,,,,,,,,,,,,,,,,,,,,,,,,,,,,,,,,,,,,,,,,,,,,,,,,,,,,,,,,,,,,,,,,,,,,,,,,,,,,,,,,,,,,,,,,,,,,,228.7081588000001,228.72013570000036,228.72013570000036,228.72013570000036,228.90397329999996,None,,,,,,,,,,,,,,,,,,,,,,,,,,,,,,,,P7350,Bar_MIC,10,1,2026-05-15_14h49.41.843,MIC_task,,2026.1.2,60.04138051946148,2026-05-15 14h49.44.746353 +0200,
,,10,0,10,,,,,,,10,v10,bicikli,bicycle,10,vehicles,wheels,7,None,None,57,19,"(0, 0.1)",None,,,,,,,,,,,,,,0,0,0,0,0,9,9,9,10,0,10,0,228.92058590000033,,,,,,,,,,,,,,,,,,,,,,,,,,,,,,,,,,,,,,,,,,,,,,,,,,,,,,,,,,,,,,,,,,,,,,,,,,,,,,,,,,,,,,,,,,,,,228.90836350000018,228.92058590000033,228.92058590000033,228.92058590000033,229.1055937000001,None,,,,,,,,,,,,,,,,,,,,,,,,,,,,,,,,P7350,Bar_MIC,10,1,2026-05-15_14h49.41.843,MIC_task,,2026.1.2,60.04138051946148,2026-05-15 14h49.44.746353 +0200,
,,11,0,11,,,,,,,10,v10,bicikli,bicycle,10,vehicles,wheels,7,None,None,57,19,"(0, 0.1)",None,,,,,,,,,,,,,,0,0,0,0,0,9,9,9,11,0,11,0,229.12131630000022,,,,,,,,,,,,,,,,,,,,,,,,,,,,,,,,,,,,,,,,,,,,,,,,,,,,,,,,,,,,,,,,,,,,,,,,,,,,,,,,,,,,,,,,,,,,,229.10988560000033,229.12131630000022,229.12131630000022,229.12131630000022,229.30585659999997,None,,,,,,,,,,,,,,,,,,,,,,,,,,,,,,,,P7350,Bar_MIC,10,1,2026-05-15_14h49.41.843,MIC_task,,2026.1.2,60.04138051946148,2026-05-15 14h49.44.746353 +0200,
,,12,0,12,,,,,,,10,v10,bicikli,bicycle,10,vehicles,wheels,7,None,None,57,19,"(0, 0.1)",None,,,,,,,,,,,,,,0,0,0,0,0,9,9,9,12,0,12,0,229.32159720000027,,,,,,,,,,,,,,,,,,,,,,,,,,,,,,,,,,,,,,,,,,,,,,,,,,,,,,,,,,,,,,,,,,,,,,,,,,,,,,,,,,,,,,,,,,,,,229.31033320000006,229.32159720000027,229.32159720000027,229.32159720000027,229.5060408000004,None,,,,,,,,,,,,,,,,,,,,,,,,,,,,,,,,P7350,Bar_MIC,10,1,2026-05-15_14h49.41.843,MIC_task,,2026.1.2,60.04138051946148,2026-05-15 14h49.44.746353 +0200,
,,13,0,13,,,,,,,10,v10,bicikli,bicycle,10,vehicles,wheels,7,None,None,57,19,"(0, 0.1)",None,,,,,,,,,,,,,,0,0,0,0,0,9,9,9,13,0,13,0,229.52173560000028,,,,,,,,,,,,,,,,,,,,,,,,,,,,,,,,,,,,,,,,,,,,,,,,,,,,,,,,,,,,,,,,,,,,,,,,,,,,,,,,,,,,,,,,,,,,,229.51058280000007,229.52173560000028,229.52173560000028,229.52173560000028,229.70627060000015,None,,,,,,,,,,,,,,,,,,,,,,,,,,,,,,,,P7350,Bar_MIC,10,1,2026-05-15_14h49.41.843,MIC_task,,2026.1.2,60.04138051946148,2026-05-15 14h49.44.746353 +0200,
,,14,0,14,,,,,,,10,v10,bicikli,bicycle,10,vehicles,wheels,7,None,None,57,19,"(0, 0.1)",None,,,,,,,,,,,,,,0,0,0,0,0,9,9,9,14,0,14,0,229.72111750000022,,,,,,,,,,,,,,,,,,,,,,,,,,,,,,,,,,,,,,,,,,,,,,,,,,,,,,,,,,,,,,,,,,,,,,,,,,,,,,,,,,,,,,,,,,,,,229.7115635,229.72111750000022,229.72111750000022,229.72111750000022,229.90601370000013,None,,,,,,,,,,,,,,,,,,,,,,,,,,,,,,,,P7350,Bar_MIC,10,1,2026-05-15_14h49.41.843,MIC_task,,2026.1.2,60.04138051946148,2026-05-15 14h49.44.746353 +0200,
,,15,0,15,,,,,,,10,v10,bicikli,bicycle,10,vehicles,wheels,7,None,None,57,19,"(0, 0.1)",None,,,,,,,,,,,,,,0,0,0,0,0,9,9,9,15,0,15,0,229.92181019999998,,,,,,,,,,,,,,,,,,,,,,,,,,,,,,,,,,,,,,,,,,,,,,,,,,,,,,,,,,,,,,,,,,,,,,,,,,,,,,,,,,,,,,,,,,,,,229.91040030000022,229.92181019999998,229.92181019999998,229.92181019999998,230.10619050000014,None,,,,,,,,,,,,,,,,,,,,,,,,,,,,,,,,P7350,Bar_MIC,10,1,2026-05-15_14h49.41.843,MIC_task,,2026.1.2,60.04138051946148,2026-05-15 14h49.44.746353 +0200,
,,16,0,16,,,,,,,10,v10,bicikli,bicycle,10,vehicles,wheels,7,None,None,57,19,"(0, 0.1)",None,,,,,,,,,,,,,,0,0,0,0,0,9,9,9,16,0,16,0,230.12313660000018,,,,,,,,,,,,,,,,,,,,,,,,,,,,,,,,,,,,,,,,,,,,,,,,,,,,,,,,,,,,,,,,,,,,,,,,,,,,,,,,,,,,,,,,,,,,,230.11063090000016,230.12313660000018,230.12313660000018,230.12313660000018,230.3073556000004,None,,,,,,,,,,,,,,,,,,,,,,,,,,,,,,,,P7350,Bar_MIC,10,1,2026-05-15_14h49.41.843,MIC_task,,2026.1.2,60.04138051946148,2026-05-15 14h49.44.746353 +0200,
,,17,0,17,,,,,,,10,v10,bicikli,bicycle,10,vehicles,wheels,7,None,None,57,19,"(0, 0.1)",None,,,,,,,,,,,,,,0,0,0,0,0,9,9,9,17,0,17,0,230.32233510000015,,,,,,,,,,,,,,,,,,,,,,,,,,,,,,,,,,,,,,,,,,,,,,,,,,,,,,,,,,,,,,,,,,,,,,,,,,,,,,,,,,,,,,,,,,,,,230.31167140000025,230.32233510000015,230.32233510000015,230.32233510000015,230.5060125,None,,,,,,,,,,,,,,,,,,,,,,,,,,,,,,,,P7350,Bar_MIC,10,1,2026-05-15_14h49.41.843,MIC_task,,2026.1.2,60.04138051946148,2026-05-15 14h49.44.746353 +0200,
,,18,0,18,,,,,,,10,v10,bicikli,bicycle,10,vehicles,wheels,7,None,None,57,19,"(0, 0.1)",None,,,,,,,,,,,,,,0,0,0,0,0,9,9,9,18,0,18,0,230.5228916000001,,,,,,,,,,,,,,,,,,,,,,,,,,,,,,,,,,,,,,,,,,,,,,,,,,,,,,,,,,,,,,,,,,,,,,,,,,,,,,,,,,,,,,,,,,,,,230.5102982000003,230.5228916000001,230.5228916000001,230.5228916000001,230.70765470000015,None,,,,,,,,,,,,,,,,,,,,,,,,,,,,,,,,P7350,Bar_MIC,10,1,2026-05-15_14h49.41.843,MIC_task,,2026.1.2,60.04138051946148,2026-05-15 14h49.44.746353 +0200,
,,19,0,19,,,,,,,10,v10,bicikli,bicycle,10,vehicles,wheels,7,None,None,57,19,"(0, 0.1)",None,,,,,,,,,,,,,,0,0,0,0,0,9,9,9,19,0,19,0,230.7229997000004,,,,,,,,,,,,,,,,,,,,,,,,,,,,,,,,,,,,,,,,,,,,,,,,,,,,,,,,,,,,,,,,,,,,,,,,,,,,,,,,,,,,,,,,,,,,,230.71338100000003,230.7229997000004,230.7229997000004,230.7229997000004,230.90717910000012,None,,,,,,,,,,,,,,,,,,,,,,,,,,,,,,,,P7350,Bar_MIC,10,1,2026-05-15_14h49.41.843,MIC_task,,2026.1.2,60.04138051946148,2026-05-15 14h49.44.746353 +0200,
,,20,0,20,,,,,,,10,v10,bicikli,bicycle,10,vehicles,wheels,7,None,None,57,19,"(0, 0.1)",None,,,,,,,,,,,,,,0,0,0,0,0,9,9,9,20,0,20,0,230.92358560000002,,,,,,,,,,,,,,,,,,,,,,,,,,,,,,,,,,,,,,,,,,,,,,,,,,,,,,,,,,,,,,,,,,,,,,,,,,,,,,,,,,,,,,,,,,,,,230.9120441,230.92358560000002,230.92358560000002,230.92358560000002,231.10792420000007,None,,,,,,,,,,,,,,,,,,,,,,,,,,,,,,,,P7350,Bar_MIC,10,1,2026-05-15_14h49.41.843,MIC_task,,2026.1.2,60.04138051946148,2026-05-15 14h49.44.746353 +0200,
,,21,0,21,,,,,,,10,v10,bicikli,bicycle,10,vehicles,wheels,7,None,None,57,19,"(0, 0.1)",None,,,,,,,,,,,,,,0,0,0,0,0,9,9,9,21,0,21,0,231.12428150000005,,,,,,,,,,,,,,,,,,,,,,,,,,,,,,,,,,,,,,,,,,,,,,,,,,,,,,,,,,,,,,,,,,,,,,,,,,,,,,,,,,,,,,,,,,,,,231.11234580000018,231.12428150000005,231.12428150000005,231.12428150000005,231.30774100000008,None,,,,,,,,,,,,,,,,,,,,,,,,,,,,,,,,P7350,Bar_MIC,10,1,2026-05-15_14h49.41.843,MIC_task,,2026.1.2,60.04138051946148,2026-05-15 14h49.44.746353 +0200,
,,22,0,22,,,,,,,10,v10,bicikli,bicycle,10,vehicles,wheels,7,None,None,57,19,"(0, 0.1)",None,,,,,,,,,,,,,,0,0,0,0,0,9,9,9,22,0,22,0,231.32417870000018,,,,,,,,,,,,,,,,,,,,,,,,,,,,,,,,,,,,,,,,,,,,,,,,,,,,,,,,,,,,,,,,,,,,,,,,,,,,,,,,,,,,,,,,,,,,,231.31210780000038,231.32417870000018,231.32417870000018,231.32417870000018,231.50907030000008,None,,,,,,,,,,,,,,,,,,,,,,,,,,,,,,,,P7350,Bar_MIC,10,1,2026-05-15_14h49.41.843,MIC_task,,2026.1.2,60.04138051946148,2026-05-15 14h49.44.746353 +0200,
,,23,0,23,,,,,,,10,v10,bicikli,bicycle,10,vehicles,wheels,7,None,None,57,19,"(0, 0.1)",space,None,None,,,,,,,,,,,,0,0,0,0,0,9,9,9,23,0,23,0,231.5246376,,,,,,,,,,,,,,,,,,,,,,,,,,,,,,,,,,,,,,,,,,,,,,,,,,,,,,,,,,,,,,,,,,,,,,,,,,,,,,,,,,,,,,,,,,,,,231.51354579999997,231.5246376,231.5246376,231.5246376,231.6276825,space,None,None,,,,,,,,,,,,,,,,,,,,,,,,,,,,,,P7350,Bar_MIC,10,1,2026-05-15_14h49.41.843,MIC_task,,2026.1.2,60.04138051946148,2026-05-15 14h49.44.746353 +0200,
,,9,9,0,,,,space,0.3223081999999522,None,10,v10,bicikli,bicycle,10,vehicles,wheels,7,None,None,57,19,"(0, 0.1)",,,,,,,,,,,,,,,0,0,0,0,0,9,9,9,,,,,,,,,,,,,,,,,,,,,,,,,,,,,,,,,,,,,,,,,,,,,,,,,,,,,,,,,,,,,,,,,,,,,,,,,,,,,,,,,231.73039110000036,231.73800960000017,231.74253416666704,233.64435170000024,,,,,,235.63056670000014,235.6471544000001,235.6471544000001,235.98297040000034,,,,,,,,,,,,,233.67492420000008,233.68222570000034,233.67751453333364,235.58213750000004,235.63050450000037,space,0.3223081999999522,None,,,,,,,,,,,,,,,,,,,,,,P7350,Bar_MIC,10,1,2026-05-15_14h49.41.843,MIC_task,,2026.1.2,60.04138051946148,2026-05-15 14h49.44.746353 +0200,
,,0,0,0,,,,,,,10,c19,kalap,hat,3,clothes,headwear,6.8,10,29,None,None,"(0.1, 0.1)",None,,,,,,,,,,,,,,0,0,0,0,0,10,10,10,0,0,0,0,236.01277770000024,,,,,,,,,,,,,,,,,,,,,,,,,,,,,,,,,,,,,,,,,,,,,,,,,,,,,,,,,,,,,,,,,,,,,,,,,,,,,,,,,,,,,,,,,,,,,236.0058368,236.01277770000024,236.01277770000024,236.01277770000024,236.19925850000027,None,,,,,,,,,,,,,,,,,,,,,,,,,,,,,,,,P7350,Bar_MIC,10,1,2026-05-15_14h49.41.843,MIC_task,,2026.1.2,60.04138051946148,2026-05-15 14h49.44.746353 +0200,
,,0,0,0,,,,,,,10,c19,kalap,hat,3,clothes,headwear,6.8,10,29,None,None,"(0.1, 0.1)",None,,,,,,,,,,,,,,0,0,0,0,0,10,10,10,0,0,0,0,236.21471510000038,,,,,,,,,,,,,,,,,,,,,,,,,,,,,,,,,,,,,,,,,,,,,,,,,,,,,,,,,,,,,,,,,,,,,,,,,,,,,,,,,,,,,,,,,,,,,236.20325540000022,236.21471510000038,236.21471510000038,236.21471510000038,236.39848310000025,None,,,,,,,,,,,,,,,,,,,,,,,,,,,,,,,,P7350,Bar_MIC,10,1,2026-05-15_14h49.41.843,MIC_task,,2026.1.2,60.04138051946148,2026-05-15 14h49.44.746353 +0200,
,,1,0,1,,,,,,,10,c19,kalap,hat,3,clothes,headwear,6.8,10,29,None,None,"(0.1, 0.1)",None,,,,,,,,,,,,,,0,0,0,0,0,10,10,10,1,0,1,0,236.41507040000033,,,,,,,,,,,,,,,,,,,,,,,,,,,,,,,,,,,,,,,,,,,,,,,,,,,,,,,,,,,,,,,,,,,,,,,,,,,,,,,,,,,,,,,,,,,,,236.40278239999998,236.41507040000033,236.41507040000033,236.41507040000033,236.59886450000022,None,,,,,,,,,,,,,,,,,,,,,,,,,,,,,,,,P7350,Bar_MIC,10,1,2026-05-15_14h49.41.843,MIC_task,,2026.1.2,60.04138051946148,2026-05-15 14h49.44.746353 +0200,
,,2,0,2,,,,,,,10,c19,kalap,hat,3,clothes,headwear,6.8,10,29,None,None,"(0.1, 0.1)",None,,,,,,,,,,,,,,0,0,0,0,0,10,10,10,2,0,2,0,236.61544500000036,,,,,,,,,,,,,,,,,,,,,,,,,,,,,,,,,,,,,,,,,,,,,,,,,,,,,,,,,,,,,,,,,,,,,,,,,,,,,,,,,,,,,,,,,,,,,236.60301580000032,236.61544500000036,236.61544500000036,236.61544500000036,236.79934810000032,None,,,,,,,,,,,,,,,,,,,,,,,,,,,,,,,,P7350,Bar_MIC,10,1,2026-05-15_14h49.41.843,MIC_task,,2026.1.2,60.04138051946148,2026-05-15 14h49.44.746353 +0200,
,,3,0,3,,,,,,,10,c19,kalap,hat,3,clothes,headwear,6.8,10,29,None,None,"(0.1, 0.1)",None,,,,,,,,,,,,,,0,0,0,0,0,10,10,10,3,0,3,0,236.81580350000013,,,,,,,,,,,,,,,,,,,,,,,,,,,,,,,,,,,,,,,,,,,,,,,,,,,,,,,,,,,,,,,,,,,,,,,,,,,,,,,,,,,,,,,,,,,,,236.8036889,236.81580350000013,236.81580350000013,236.81580350000013,236.9996271,None,,,,,,,,,,,,,,,,,,,,,,,,,,,,,,,,P7350,Bar_MIC,10,1,2026-05-15_14h49.41.843,MIC_task,,2026.1.2,60.04138051946148,2026-05-15 14h49.44.746353 +0200,
,,4,0,4,,,,,,,10,c19,kalap,hat,3,clothes,headwear,6.8,10,29,None,None,"(0.1, 0.1)",None,,,,,,,,,,,,,,0,0,0,0,0,10,10,10,4,0,4,0,237.01619930000015,,,,,,,,,,,,,,,,,,,,,,,,,,,,,,,,,,,,,,,,,,,,,,,,,,,,,,,,,,,,,,,,,,,,,,,,,,,,,,,,,,,,,,,,,,,,,237.0038985000001,237.01619930000015,237.01619930000015,237.01619930000015,237.18317160000015,None,,,,,,,,,,,,,,,,,,,,,,,,,,,,,,,,P7350,Bar_MIC,10,1,2026-05-15_14h49.41.843,MIC_task,,2026.1.2,60.04138051946148,2026-05-15 14h49.44.746353 +0200,
,,5,0,5,,,,,,,10,c19,kalap,hat,3,clothes,headwear,6.8,10,29,None,None,"(0.1, 0.1)",None,,,,,,,,,,,,,,0,0,0,0,0,10,10,10,5,0,5,0,237.19981280000002,,,,,,,,,,,,,,,,,,,,,,,,,,,,,,,,,,,,,,,,,,,,,,,,,,,,,,,,,,,,,,,,,,,,,,,,,,,,,,,,,,,,,,,,,,,,,237.18741200000022,237.19981280000002,237.19981280000002,237.19981280000002,237.38365139999996,None,,,,,,,,,,,,,,,,,,,,,,,,,,,,,,,,P7350,Bar_MIC,10,1,2026-05-15_14h49.41.843,MIC_task,,2026.1.2,60.04138051946148,2026-05-15 14h49.44.746353 +0200,
,,6,0,6,,,,,,,10,c19,kalap,hat,3,clothes,headwear,6.8,10,29,None,None,"(0.1, 0.1)",None,,,,,,,,,,,,,,0,0,0,0,0,10,10,10,6,0,6,0,237.40021960000013,,,,,,,,,,,,,,,,,,,,,,,,,,,,,,,,,,,,,,,,,,,,,,,,,,,,,,,,,,,,,,,,,,,,,,,,,,,,,,,,,,,,,,,,,,,,,237.38782600000013,237.40021960000013,237.40021960000013,237.40021960000013,237.5848847000002,None,,,,,,,,,,,,,,,,,,,,,,,,,,,,,,,,P7350,Bar_MIC,10,1,2026-05-15_14h49.41.843,MIC_task,,2026.1.2,60.04138051946148,2026-05-15 14h49.44.746353 +0200,
,,7,0,7,,,,,,,10,c19,kalap,hat,3,clothes,headwear,6.8,10,29,None,None,"(0.1, 0.1)",None,,,,,,,,,,,,,,0,0,0,0,0,10,10,10,7,0,7,0,237.6005908000002,,,,,,,,,,,,,,,,,,,,,,,,,,,,,,,,,,,,,,,,,,,,,,,,,,,,,,,,,,,,,,,,,,,,,,,,,,,,,,,,,,,,,,,,,,,,,237.58908210000027,237.6005908000002,237.6005908000002,237.6005908000002,237.7846525,None,,,,,,,,,,,,,,,,,,,,,,,,,,,,,,,,P7350,Bar_MIC,10,1,2026-05-15_14h49.41.843,MIC_task,,2026.1.2,60.04138051946148,2026-05-15 14h49.44.746353 +0200,
,,8,0,8,,,,,,,10,c19,kalap,hat,3,clothes,headwear,6.8,10,29,None,None,"(0.1, 0.1)",None,,,,,,,,,,,,,,0,0,0,0,0,10,10,10,8,0,8,0,237.80103660000032,,,,,,,,,,,,,,,,,,,,,,,,,,,,,,,,,,,,,,,,,,,,,,,,,,,,,,,,,,,,,,,,,,,,,,,,,,,,,,,,,,,,,,,,,,,,,237.78861890000007,237.80103660000032,237.80103660000032,237.80103660000032,237.98483410000017,None,,,,,,,,,,,,,,,,,,,,,,,,,,,,,,,,P7350,Bar_MIC,10,1,2026-05-15_14h49.41.843,MIC_task,,2026.1.2,60.04138051946148,2026-05-15 14h49.44.746353 +0200,
,,9,0,9,,,,,,,10,c19,kalap,hat,3,clothes,headwear,6.8,10,29,None,None,"(0.1, 0.1)",None,,,,,,,,,,,,,,0,0,0,0,0,10,10,10,9,0,9,0,238.0005199000002,,,,,,,,,,,,,,,,,,,,,,,,,,,,,,,,,,,,,,,,,,,,,,,,,,,,,,,,,,,,,,,,,,,,,,,,,,,,,,,,,,,,,,,,,,,,,237.98893250000037,238.0005199000002,238.0005199000002,238.0005199000002,238.1852103000001,None,,,,,,,,,,,,,,,,,,,,,,,,,,,,,,,,P7350,Bar_MIC,10,1,2026-05-15_14h49.41.843,MIC_task,,2026.1.2,60.04138051946148,2026-05-15 14h49.44.746353 +0200,
,,10,0,10,,,,,,,10,c19,kalap,hat,3,clothes,headwear,6.8,10,29,None,None,"(0.1, 0.1)",None,,,,,,,,,,,,,,0,0,0,0,0,10,10,10,10,0,10,0,238.20089529999996,,,,,,,,,,,,,,,,,,,,,,,,,,,,,,,,,,,,,,,,,,,,,,,,,,,,,,,,,,,,,,,,,,,,,,,,,,,,,,,,,,,,,,,,,,,,,238.18928840000035,238.20089529999996,238.20089529999996,238.20089529999996,238.38661120000006,None,,,,,,,,,,,,,,,,,,,,,,,,,,,,,,,,P7350,Bar_MIC,10,1,2026-05-15_14h49.41.843,MIC_task,,2026.1.2,60.04138051946148,2026-05-15 14h49.44.746353 +0200,
,,11,0,11,,,,,,,10,c19,kalap,hat,3,clothes,headwear,6.8,10,29,None,None,"(0.1, 0.1)",None,,,,,,,,,,,,,,0,0,0,0,0,10,10,10,11,0,11,0,238.40143530000023,,,,,,,,,,,,,,,,,,,,,,,,,,,,,,,,,,,,,,,,,,,,,,,,,,,,,,,,,,,,,,,,,,,,,,,,,,,,,,,,,,,,,,,,,,,,,238.39071330000024,238.40143530000023,238.40143530000023,238.40143530000023,238.58496570000034,None,,,,,,,,,,,,,,,,,,,,,,,,,,,,,,,,P7350,Bar_MIC,10,1,2026-05-15_14h49.41.843,MIC_task,,2026.1.2,60.04138051946148,2026-05-15 14h49.44.746353 +0200,
,,12,0,12,,,,,,,10,c19,kalap,hat,3,clothes,headwear,6.8,10,29,None,None,"(0.1, 0.1)",None,,,,,,,,,,,,,,0,0,0,0,0,10,10,10,12,0,12,0,238.60200570000006,,,,,,,,,,,,,,,,,,,,,,,,,,,,,,,,,,,,,,,,,,,,,,,,,,,,,,,,,,,,,,,,,,,,,,,,,,,,,,,,,,,,,,,,,,,,,238.5892018000004,238.60200570000006,238.60200570000006,238.60200570000006,238.78553030000012,None,,,,,,,,,,,,,,,,,,,,,,,,,,,,,,,,P7350,Bar_MIC,10,1,2026-05-15_14h49.41.843,MIC_task,,2026.1.2,60.04138051946148,2026-05-15 14h49.44.746353 +0200,
,,13,0,13,,,,,,,10,c19,kalap,hat,3,clothes,headwear,6.8,10,29,None,None,"(0.1, 0.1)",None,,,,,,,,,,,,,,0,0,0,0,0,10,10,10,13,0,13,0,238.80195100000037,,,,,,,,,,,,,,,,,,,,,,,,,,,,,,,,,,,,,,,,,,,,,,,,,,,,,,,,,,,,,,,,,,,,,,,,,,,,,,,,,,,,,,,,,,,,,238.78974100000005,238.80195100000037,238.80195100000037,238.80195100000037,238.98577700000033,None,,,,,,,,,,,,,,,,,,,,,,,,,,,,,,,,P7350,Bar_MIC,10,1,2026-05-15_14h49.41.843,MIC_task,,2026.1.2,60.04138051946148,2026-05-15 14h49.44.746353 +0200,
,,14,0,14,,,,,,,10,c19,kalap,hat,3,clothes,headwear,6.8,10,29,None,None,"(0.1, 0.1)",None,,,,,,,,,,,,,,0,0,0,0,0,10,10,10,14,0,14,0,239.00249310000027,,,,,,,,,,,,,,,,,,,,,,,,,,,,,,,,,,,,,,,,,,,,,,,,,,,,,,,,,,,,,,,,,,,,,,,,,,,,,,,,,,,,,,,,,,,,,238.98983100000032,239.00249310000027,239.00249310000027,239.00249310000027,239.1867241,None,,,,,,,,,,,,,,,,,,,,,,,,,,,,,,,,P7350,Bar_MIC,10,1,2026-05-15_14h49.41.843,MIC_task,,2026.1.2,60.04138051946148,2026-05-15 14h49.44.746353 +0200,
,,15,0,15,,,,,,,10,c19,kalap,hat,3,clothes,headwear,6.8,10,29,None,None,"(0.1, 0.1)",None,,,,,,,,,,,,,,0,0,0,0,0,10,10,10,15,0,15,0,239.2028123,,,,,,,,,,,,,,,,,,,,,,,,,,,,,,,,,,,,,,,,,,,,,,,,,,,,,,,,,,,,,,,,,,,,,,,,,,,,,,,,,,,,,,,,,,,,,239.1906686000002,239.2028123,239.2028123,239.2028123,239.3877050000001,None,,,,,,,,,,,,,,,,,,,,,,,,,,,,,,,,P7350,Bar_MIC,10,1,2026-05-15_14h49.41.843,MIC_task,,2026.1.2,60.04138051946148,2026-05-15 14h49.44.746353 +0200,
,,16,0,16,,,,,,,10,c19,kalap,hat,3,clothes,headwear,6.8,10,29,None,None,"(0.1, 0.1)",None,,,,,,,,,,,,,,0,0,0,0,0,10,10,10,16,0,16,0,239.40340080000033,,,,,,,,,,,,,,,,,,,,,,,,,,,,,,,,,,,,,,,,,,,,,,,,,,,,,,,,,,,,,,,,,,,,,,,,,,,,,,,,,,,,,,,,,,,,,239.39184520000026,239.40340080000033,239.40340080000033,239.40340080000033,239.5868529000004,None,,,,,,,,,,,,,,,,,,,,,,,,,,,,,,,,P7350,Bar_MIC,10,1,2026-05-15_14h49.41.843,MIC_task,,2026.1.2,60.04138051946148,2026-05-15 14h49.44.746353 +0200,
,,17,0,17,,,,,,,10,c19,kalap,hat,3,clothes,headwear,6.8,10,29,None,None,"(0.1, 0.1)",None,,,,,,,,,,,,,,0,0,0,0,0,10,10,10,17,0,17,0,239.6038942,,,,,,,,,,,,,,,,,,,,,,,,,,,,,,,,,,,,,,,,,,,,,,,,,,,,,,,,,,,,,,,,,,,,,,,,,,,,,,,,,,,,,,,,,,,,,239.59093060000032,239.6038942,239.6038942,239.6038942,239.7872239000003,None,,,,,,,,,,,,,,,,,,,,,,,,,,,,,,,,P7350,Bar_MIC,10,1,2026-05-15_14h49.41.843,MIC_task,,2026.1.2,60.04138051946148,2026-05-15 14h49.44.746353 +0200,
,,18,0,18,,,,,,,10,c19,kalap,hat,3,clothes,headwear,6.8,10,29,None,None,"(0.1, 0.1)",None,,,,,,,,,,,,,,0,0,0,0,0,10,10,10,18,0,18,0,239.80395080000017,,,,,,,,,,,,,,,,,,,,,,,,,,,,,,,,,,,,,,,,,,,,,,,,,,,,,,,,,,,,,,,,,,,,,,,,,,,,,,,,,,,,,,,,,,,,,239.79131580000012,239.80395080000017,239.80395080000017,239.80395080000017,239.98763910000025,None,,,,,,,,,,,,,,,,,,,,,,,,,,,,,,,,P7350,Bar_MIC,10,1,2026-05-15_14h49.41.843,MIC_task,,2026.1.2,60.04138051946148,2026-05-15 14h49.44.746353 +0200,
,,19,0,19,,,,,,,10,c19,kalap,hat,3,clothes,headwear,6.8,10,29,None,None,"(0.1, 0.1)",None,,,,,,,,,,,,,,0,0,0,0,0,10,10,10,19,0,19,0,240.0044028000002,,,,,,,,,,,,,,,,,,,,,,,,,,,,,,,,,,,,,,,,,,,,,,,,,,,,,,,,,,,,,,,,,,,,,,,,,,,,,,,,,,,,,,,,,,,,,239.9918504000002,240.0044028000002,240.0044028000002,240.0044028000002,240.18795160000036,None,,,,,,,,,,,,,,,,,,,,,,,,,,,,,,,,P7350,Bar_MIC,10,1,2026-05-15_14h49.41.843,MIC_task,,2026.1.2,60.04138051946148,2026-05-15 14h49.44.746353 +0200,
,,20,0,20,,,,,,,10,c19,kalap,hat,3,clothes,headwear,6.8,10,29,None,None,"(0.1, 0.1)",None,,,,,,,,,,,,,,0,0,0,0,0,10,10,10,20,0,20,0,240.20480100000032,,,,,,,,,,,,,,,,,,,,,,,,,,,,,,,,,,,,,,,,,,,,,,,,,,,,,,,,,,,,,,,,,,,,,,,,,,,,,,,,,,,,,,,,,,,,,240.1923036000003,240.20480100000032,240.20480100000032,240.20480100000032,240.38754740000013,None,,,,,,,,,,,,,,,,,,,,,,,,,,,,,,,,P7350,Bar_MIC,10,1,2026-05-15_14h49.41.843,MIC_task,,2026.1.2,60.04138051946148,2026-05-15 14h49.44.746353 +0200,
,,21,0,21,,,,,,,10,c19,kalap,hat,3,clothes,headwear,6.8,10,29,None,None,"(0.1, 0.1)",None,,,,,,,,,,,,,,0,0,0,0,0,10,10,10,21,0,21,0,240.40415950000033,,,,,,,,,,,,,,,,,,,,,,,,,,,,,,,,,,,,,,,,,,,,,,,,,,,,,,,,,,,,,,,,,,,,,,,,,,,,,,,,,,,,,,,,,,,,,240.39172320000034,240.40415950000033,240.40415950000033,240.40415950000033,240.5879646000003,None,,,,,,,,,,,,,,,,,,,,,,,,,,,,,,,,P7350,Bar_MIC,10,1,2026-05-15_14h49.41.843,MIC_task,,2026.1.2,60.04138051946148,2026-05-15 14h49.44.746353 +0200,
,,22,0,22,,,,,,,10,c19,kalap,hat,3,clothes,headwear,6.8,10,29,None,None,"(0.1, 0.1)",None,,,,,,,,,,,,,,0,0,0,0,0,10,10,10,22,0,22,0,240.60477450000008,,,,,,,,,,,,,,,,,,,,,,,,,,,,,,,,,,,,,,,,,,,,,,,,,,,,,,,,,,,,,,,,,,,,,,,,,,,,,,,,,,,,,,,,,,,,,240.59219370000028,240.60477450000008,240.60477450000008,240.60477450000008,240.78849010000022,None,,,,,,,,,,,,,,,,,,,,,,,,,,,,,,,,P7350,Bar_MIC,10,1,2026-05-15_14h49.41.843,MIC_task,,2026.1.2,60.04138051946148,2026-05-15 14h49.44.746353 +0200,
,,23,0,23,,,,,,,10,c19,kalap,hat,3,clothes,headwear,6.8,10,29,None,None,"(0.1, 0.1)",None,,,,,,,,,,,,,,0,0,0,0,0,10,10,10,23,0,23,0,240.80507450000005,,,,,,,,,,,,,,,,,,,,,,,,,,,,,,,,,,,,,,,,,,,,,,,,,,,,,,,,,,,,,,,,,,,,,,,,,,,,,,,,,,,,,,,,,,,,,240.79308870000023,240.80507450000005,240.80507450000005,240.80507450000005,240.9887087000002,None,,,,,,,,,,,,,,,,,,,,,,,,,,,,,,,,P7350,Bar_MIC,10,1,2026-05-15_14h49.41.843,MIC_task,,2026.1.2,60.04138051946148,2026-05-15 14h49.44.746353 +0200,
,,24,0,24,,,,,,,10,c19,kalap,hat,3,clothes,headwear,6.8,10,29,None,None,"(0.1, 0.1)",None,,,,,,,,,,,,,,0,0,0,0,0,10,10,10,24,0,24,0,241.0053251000004,,,,,,,,,,,,,,,,,,,,,,,,,,,,,,,,,,,,,,,,,,,,,,,,,,,,,,,,,,,,,,,,,,,,,,,,,,,,,,,,,,,,,,,,,,,,,240.99295819999998,241.0053251000004,241.0053251000004,241.0053251000004,241.18921600000021,None,,,,,,,,,,,,,,,,,,,,,,,,,,,,,,,,P7350,Bar_MIC,10,1,2026-05-15_14h49.41.843,MIC_task,,2026.1.2,60.04138051946148,2026-05-15 14h49.44.746353 +0200,
,,25,0,25,,,,,,,10,c19,kalap,hat,3,clothes,headwear,6.8,10,29,None,None,"(0.1, 0.1)",None,,,,,,,,,,,,,,0,0,0,0,0,10,10,10,25,0,25,0,241.2058446000001,,,,,,,,,,,,,,,,,,,,,,,,,,,,,,,,,,,,,,,,,,,,,,,,,,,,,,,,,,,,,,,,,,,,,,,,,,,,,,,,,,,,,,,,,,,,,241.19379130000016,241.2058446000001,241.2058446000001,241.2058446000001,241.38951020000013,None,,,,,,,,,,,,,,,,,,,,,,,,,,,,,,,,P7350,Bar_MIC,10,1,2026-05-15_14h49.41.843,MIC_task,,2026.1.2,60.04138051946148,2026-05-15 14h49.44.746353 +0200,
,,26,0,26,,,,,,,10,c19,kalap,hat,3,clothes,headwear,6.8,10,29,None,None,"(0.1, 0.1)",None,,,,,,,,,,,,,,0,0,0,0,0,10,10,10,26,0,26,0,241.40610650000008,,,,,,,,,,,,,,,,,,,,,,,,,,,,,,,,,,,,,,,,,,,,,,,,,,,,,,,,,,,,,,,,,,,,,,,,,,,,,,,,,,,,,,,,,,,,,241.3938403000002,241.40610650000008,241.40610650000008,241.40610650000008,241.5899518000001,None,,,,,,,,,,,,,,,,,,,,,,,,,,,,,,,,P7350,Bar_MIC,10,1,2026-05-15_14h49.41.843,MIC_task,,2026.1.2,60.04138051946148,2026-05-15 14h49.44.746353 +0200,
,,27,0,27,,,,,,,10,c19,kalap,hat,3,clothes,headwear,6.8,10,29,None,None,"(0.1, 0.1)",space,0.059846599999673344,None,,,,,,,,,,,,0,0,0,0,0,10,10,10,27,0,27,0,241.60684760000004,,,,,,,,,,,,,,,,,,,,,,,,,,,,,,,,,,,,,,,,,,,,,,,,,,,,,,,,,,,,,,,,,,,,,,,,,,,,,,,,,,,,,,,,,,,,,241.5941531000003,241.60684760000004,241.60684760000004,241.60684760000004,241.6760435000001,space,0.059846599999673344,None,,,,,,,,,,,,,,,,,,,,,,,,,,,,,,P7350,Bar_MIC,10,1,2026-05-15_14h49.41.843,MIC_task,,2026.1.2,60.04138051946148,2026-05-15 14h49.44.746353 +0200,
,,10,10,0,,,,space,0.8477723000000879,None,10,c19,kalap,hat,3,clothes,headwear,6.8,10,29,None,None,"(0.1, 0.1)",,,,,,,,,,,,,,,0,0,0,0,0,10,10,10,,,,,,,,,,,,,,,,,,,,,,,,,,,,,,,,,,,,,,,,,,,,,,,,,,,,,,,,,,,,,,,,,,,,,,,,,,,,,,,,,241.77362680000033,241.78089390000014,241.7747316000001,243.67671510000037,,,,,,245.67969690000018,245.69813900000008,245.69813900000008,246.54837750000024,,,,,,,,,,,,,243.71493650000002,243.7220572000001,243.72656390000003,245.61350740000034,245.67963830000008,space,0.8477723000000879,None,,,,,,,,,,,,,,,,,,,,,,P7350,Bar_MIC,10,1,2026-05-15_14h49.41.843,MIC_task,,2026.1.2,60.04138051946148,2026-05-15 14h49.44.746353 +0200,
,,0,0,0,,,,,,,10,pl04,rózsa,rose,7,plants,flower,6.8,69,None,73,None,"(0.1, 0)",None,,,,,,,,,,,,,,0,0,0,0,0,11,11,11,0,0,0,0,246.5769177000002,,,,,,,,,,,,,,,,,,,,,,,,,,,,,,,,,,,,,,,,,,,,,,,,,,,,,,,,,,,,,,,,,,,,,,,,,,,,,,,,,,,,,,,,,,,,,246.5698738000001,246.5769177000002,246.5769177000002,246.5769177000002,246.76473090000036,None,,,,,,,,,,,,,,,,,,,,,,,,,,,,,,,,P7350,Bar_MIC,10,1,2026-05-15_14h49.41.843,MIC_task,,2026.1.2,60.04138051946148,2026-05-15 14h49.44.746353 +0200,
,,0,0,0,,,,,,,10,pl04,rózsa,rose,7,plants,flower,6.8,69,None,73,None,"(0.1, 0)",None,,,,,,,,,,,,,,0,0,0,0,0,11,11,11,0,0,0,0,246.7812657000004,,,,,,,,,,,,,,,,,,,,,,,,,,,,,,,,,,,,,,,,,,,,,,,,,,,,,,,,,,,,,,,,,,,,,,,,,,,,,,,,,,,,,,,,,,,,,246.7692280000001,246.7812657000004,246.7812657000004,246.7812657000004,246.96596150000005,None,,,,,,,,,,,,,,,,,,,,,,,,,,,,,,,,P7350,Bar_MIC,10,1,2026-05-15_14h49.41.843,MIC_task,,2026.1.2,60.04138051946148,2026-05-15 14h49.44.746353 +0200,
,,1,0,1,,,,,,,10,pl04,rózsa,rose,7,plants,flower,6.8,69,None,73,None,"(0.1, 0)",None,,,,,,,,,,,,,,0,0,0,0,0,11,11,11,1,0,1,0,246.9817522000003,,,,,,,,,,,,,,,,,,,,,,,,,,,,,,,,,,,,,,,,,,,,,,,,,,,,,,,,,,,,,,,,,,,,,,,,,,,,,,,,,,,,,,,,,,,,,246.97036340000022,246.9817522000003,246.9817522000003,246.9817522000003,247.14859950000027,None,,,,,,,,,,,,,,,,,,,,,,,,,,,,,,,,P7350,Bar_MIC,10,1,2026-05-15_14h49.41.843,MIC_task,,2026.1.2,60.04138051946148,2026-05-15 14h49.44.746353 +0200,
,,2,0,2,,,,,,,10,pl04,rózsa,rose,7,plants,flower,6.8,69,None,73,None,"(0.1, 0)",None,,,,,,,,,,,,,,0,0,0,0,0,11,11,11,2,0,2,0,247.16507520000005,,,,,,,,,,,,,,,,,,,,,,,,,,,,,,,,,,,,,,,,,,,,,,,,,,,,,,,,,,,,,,,,,,,,,,,,,,,,,,,,,,,,,,,,,,,,,247.1534332000001,247.16507520000005,247.16507520000005,247.16507520000005,247.34885940000004,None,,,,,,,,,,,,,,,,,,,,,,,,,,,,,,,,P7350,Bar_MIC,10,1,2026-05-15_14h49.41.843,MIC_task,,2026.1.2,60.04138051946148,2026-05-15 14h49.44.746353 +0200,
,,3,0,3,,,,,,,10,pl04,rózsa,rose,7,plants,flower,6.8,69,None,73,None,"(0.1, 0)",None,,,,,,,,,,,,,,0,0,0,0,0,11,11,11,3,0,3,0,247.36562630000026,,,,,,,,,,,,,,,,,,,,,,,,,,,,,,,,,,,,,,,,,,,,,,,,,,,,,,,,,,,,,,,,,,,,,,,,,,,,,,,,,,,,,,,,,,,,,247.3535750000001,247.36562630000026,247.36562630000026,247.36562630000026,247.5499864000003,None,,,,,,,,,,,,,,,,,,,,,,,,,,,,,,,,P7350,Bar_MIC,10,1,2026-05-15_14h49.41.843,MIC_task,,2026.1.2,60.04138051946148,2026-05-15 14h49.44.746353 +0200,
,,4,0,4,,,,,,,10,pl04,rózsa,rose,7,plants,flower,6.8,69,None,73,None,"(0.1, 0)",None,,,,,,,,,,,,,,0,0,0,0,0,11,11,11,4,0,4,0,247.5658215000003,,,,,,,,,,,,,,,,,,,,,,,,,,,,,,,,,,,,,,,,,,,,,,,,,,,,,,,,,,,,,,,,,,,,,,,,,,,,,,,,,,,,,,,,,,,,,247.55523200000016,247.5658215000003,247.5658215000003,247.5658215000003,247.74963160000016,None,,,,,,,,,,,,,,,,,,,,,,,,,,,,,,,,P7350,Bar_MIC,10,1,2026-05-15_14h49.41.843,MIC_task,,2026.1.2,60.04138051946148,2026-05-15 14h49.44.746353 +0200,
,,5,0,5,,,,,,,10,pl04,rózsa,rose,7,plants,flower,6.8,69,None,73,None,"(0.1, 0)",None,,,,,,,,,,,,,,0,0,0,0,0,11,11,11,5,0,5,0,247.76544230000036,,,,,,,,,,,,,,,,,,,,,,,,,,,,,,,,,,,,,,,,,,,,,,,,,,,,,,,,,,,,,,,,,,,,,,,,,,,,,,,,,,,,,,,,,,,,,247.75473980000015,247.76544230000036,247.76544230000036,247.76544230000036,247.94928070000014,None,,,,,,,,,,,,,,,,,,,,,,,,,,,,,,,,P7350,Bar_MIC,10,1,2026-05-15_14h49.41.843,MIC_task,,2026.1.2,60.04138051946148,2026-05-15 14h49.44.746353 +0200,
,,6,0,6,,,,,,,10,pl04,rózsa,rose,7,plants,flower,6.8,69,None,73,None,"(0.1, 0)",None,,,,,,,,,,,,,,0,0,0,0,0,11,11,11,6,0,6,0,247.96631670000033,,,,,,,,,,,,,,,,,,,,,,,,,,,,,,,,,,,,,,,,,,,,,,,,,,,,,,,,,,,,,,,,,,,,,,,,,,,,,,,,,,,,,,,,,,,,,247.95404140000028,247.96631670000033,247.96631670000033,247.96631670000033,248.1496659000004,None,,,,,,,,,,,,,,,,,,,,,,,,,,,,,,,,P7350,Bar_MIC,10,1,2026-05-15_14h49.41.843,MIC_task,,2026.1.2,60.04138051946148,2026-05-15 14h49.44.746353 +0200,
,,7,0,7,,,,,,,10,pl04,rózsa,rose,7,plants,flower,6.8,69,None,73,None,"(0.1, 0)",None,,,,,,,,,,,,,,0,0,0,0,0,11,11,11,7,0,7,0,248.16776130000017,,,,,,,,,,,,,,,,,,,,,,,,,,,,,,,,,,,,,,,,,,,,,,,,,,,,,,,,,,,,,,,,,,,,,,,,,,,,,,,,,,,,,,,,,,,,,248.15488830000004,248.16776130000017,248.16776130000017,248.16776130000017,248.35002320000012,None,,,,,,,,,,,,,,,,,,,,,,,,,,,,,,,,P7350,Bar_MIC,10,1,2026-05-15_14h49.41.843,MIC_task,,2026.1.2,60.04138051946148,2026-05-15 14h49.44.746353 +0200,
,,8,0,8,,,,,,,10,pl04,rózsa,rose,7,plants,flower,6.8,69,None,73,None,"(0.1, 0)",None,,,,,,,,,,,,,,0,0,0,0,0,11,11,11,8,0,8,0,248.3665858000004,,,,,,,,,,,,,,,,,,,,,,,,,,,,,,,,,,,,,,,,,,,,,,,,,,,,,,,,,,,,,,,,,,,,,,,,,,,,,,,,,,,,,,,,,,,,,248.3551712000003,248.3665858000004,248.3665858000004,248.3665858000004,248.5504863000001,None,,,,,,,,,,,,,,,,,,,,,,,,,,,,,,,,P7350,Bar_MIC,10,1,2026-05-15_14h49.41.843,MIC_task,,2026.1.2,60.04138051946148,2026-05-15 14h49.44.746353 +0200,
,,9,0,9,,,,,,,10,pl04,rózsa,rose,7,plants,flower,6.8,69,None,73,None,"(0.1, 0)",None,,,,,,,,,,,,,,0,0,0,0,0,11,11,11,9,0,9,0,248.5671523000001,,,,,,,,,,,,,,,,,,,,,,,,,,,,,,,,,,,,,,,,,,,,,,,,,,,,,,,,,,,,,,,,,,,,,,,,,,,,,,,,,,,,,,,,,,,,,248.5551575000004,248.5671523000001,248.5671523000001,248.5671523000001,248.75084530000004,None,,,,,,,,,,,,,,,,,,,,,,,,,,,,,,,,P7350,Bar_MIC,10,1,2026-05-15_14h49.41.843,MIC_task,,2026.1.2,60.04138051946148,2026-05-15 14h49.44.746353 +0200,
,,10,0,10,,,,,,,10,pl04,rózsa,rose,7,plants,flower,6.8,69,None,73,None,"(0.1, 0)",None,,,,,,,,,,,,,,0,0,0,0,0,11,11,11,10,0,10,0,248.76733490000015,,,,,,,,,,,,,,,,,,,,,,,,,,,,,,,,,,,,,,,,,,,,,,,,,,,,,,,,,,,,,,,,,,,,,,,,,,,,,,,,,,,,,,,,,,,,,248.75669330000028,248.76733490000015,248.76733490000015,248.76733490000015,248.95129590000033,None,,,,,,,,,,,,,,,,,,,,,,,,,,,,,,,,P7350,Bar_MIC,10,1,2026-05-15_14h49.41.843,MIC_task,,2026.1.2,60.04138051946148,2026-05-15 14h49.44.746353 +0200,
,,11,0,11,,,,,,,10,pl04,rózsa,rose,7,plants,flower,6.8,69,None,73,None,"(0.1, 0)",None,,,,,,,,,,,,,,0,0,0,0,0,11,11,11,11,0,11,0,248.9678497,,,,,,,,,,,,,,,,,,,,,,,,,,,,,,,,,,,,,,,,,,,,,,,,,,,,,,,,,,,,,,,,,,,,,,,,,,,,,,,,,,,,,,,,,,,,,248.9559475000001,248.9678497,248.9678497,248.9678497,249.15278209999997,None,,,,,,,,,,,,,,,,,,,,,,,,,,,,,,,,P7350,Bar_MIC,10,1,2026-05-15_14h49.41.843,MIC_task,,2026.1.2,60.04138051946148,2026-05-15 14h49.44.746353 +0200,
,,12,0,12,,,,,,,10,pl04,rózsa,rose,7,plants,flower,6.8,69,None,73,None,"(0.1, 0)",None,,,,,,,,,,,,,,0,0,0,0,0,11,11,11,12,0,12,0,249.16803150000032,,,,,,,,,,,,,,,,,,,,,,,,,,,,,,,,,,,,,,,,,,,,,,,,,,,,,,,,,,,,,,,,,,,,,,,,,,,,,,,,,,,,,,,,,,,,,249.1574724000002,249.16803150000032,249.16803150000032,249.16803150000032,249.3519207000004,None,,,,,,,,,,,,,,,,,,,,,,,,,,,,,,,,P7350,Bar_MIC,10,1,2026-05-15_14h49.41.843,MIC_task,,2026.1.2,60.04138051946148,2026-05-15 14h49.44.746353 +0200,
,,13,0,13,,,,,,,10,pl04,rózsa,rose,7,plants,flower,6.8,69,None,73,None,"(0.1, 0)",None,,,,,,,,,,,,,,0,0,0,0,0,11,11,11,13,0,13,0,249.36890530000028,,,,,,,,,,,,,,,,,,,,,,,,,,,,,,,,,,,,,,,,,,,,,,,,,,,,,,,,,,,,,,,,,,,,,,,,,,,,,,,,,,,,,,,,,,,,,249.35660260000031,249.36890530000028,249.36890530000028,249.36890530000028,249.5525018000003,None,,,,,,,,,,,,,,,,,,,,,,,,,,,,,,,,P7350,Bar_MIC,10,1,2026-05-15_14h49.41.843,MIC_task,,2026.1.2,60.04138051946148,2026-05-15 14h49.44.746353 +0200,
,,14,0,14,,,,,,,10,pl04,rózsa,rose,7,plants,flower,6.8,69,None,73,None,"(0.1, 0)",None,,,,,,,,,,,,,,0,0,0,0,0,11,11,11,14,0,14,0,249.5689209000002,,,,,,,,,,,,,,,,,,,,,,,,,,,,,,,,,,,,,,,,,,,,,,,,,,,,,,,,,,,,,,,,,,,,,,,,,,,,,,,,,,,,,,,,,,,,,249.55736400000023,249.5689209000002,249.5689209000002,249.5689209000002,249.7528900000002,None,,,,,,,,,,,,,,,,,,,,,,,,,,,,,,,,P7350,Bar_MIC,10,1,2026-05-15_14h49.41.843,MIC_task,,2026.1.2,60.04138051946148,2026-05-15 14h49.44.746353 +0200,
,,15,0,15,,,,,,,10,pl04,rózsa,rose,7,plants,flower,6.8,69,None,73,None,"(0.1, 0)",None,,,,,,,,,,,,,,0,0,0,0,0,11,11,11,15,0,15,0,249.76925720000008,,,,,,,,,,,,,,,,,,,,,,,,,,,,,,,,,,,,,,,,,,,,,,,,,,,,,,,,,,,,,,,,,,,,,,,,,,,,,,,,,,,,,,,,,,,,,249.7579055000001,249.76925720000008,249.76925720000008,249.76925720000008,249.95397980000007,None,,,,,,,,,,,,,,,,,,,,,,,,,,,,,,,,P7350,Bar_MIC,10,1,2026-05-15_14h49.41.843,MIC_task,,2026.1.2,60.04138051946148,2026-05-15 14h49.44.746353 +0200,
,,16,0,16,,,,,,,10,pl04,rózsa,rose,7,plants,flower,6.8,69,None,73,None,"(0.1, 0)",space,0.1625424999997449,None,,,,,,,,,,,,0,0,0,0,0,11,11,11,16,0,16,0,249.96958010000026,,,,,,,,,,,,,,,,,,,,,,,,,,,,,,,,,,,,,,,,,,,,,,,,,,,,,,,,,,,,,,,,,,,,,,,,,,,,,,,,,,,,,,,,,,,,,249.95892060000006,249.96958010000026,249.96958010000026,249.96958010000026,250.13835530000006,space,0.1625424999997449,None,,,,,,,,,,,,,,,,,,,,,,,,,,,,,,P7350,Bar_MIC,10,1,2026-05-15_14h49.41.843,MIC_task,,2026.1.2,60.04138051946148,2026-05-15 14h49.44.746353 +0200,
,,11,11,0,,,,space,6.762997599999835,None,10,pl04,rózsa,rose,7,plants,flower,6.8,69,None,73,None,"(0.1, 0)",,,,,,,,,,,,,,,0,0,0,0,0,11,11,11,,,,,,,,,,,,,,,,,,,,,,,,,,,,,,,,,,,,,,,,,,,,,,,,,,,,,,,,,,,,,,,,,,,,,,,,,,,,,,,,,250.23679540000012,250.24433550000003,250.2534040666668,252.1395663000003,,,,,,254.1435674000004,254.1590559000001,254.1590559000001,260.9377829,,,,,,,,,,,,,252.17671830000018,252.18378800000028,252.18941370000022,254.07609120000006,254.14350630000035,space,6.762997599999835,None,,,,,,,,,,,,,,,,,,,,,,P7350,Bar_MIC,10,1,2026-05-15_14h49.41.843,MIC_task,,2026.1.2,60.04138051946148,2026-05-15 14h49.44.746353 +0200,
,,0,0,0,,,,,,,10,t06,sátor,tent,8,tools,camping,4.8,110,None,None,None,"(-0.1, -0.1)",None,,,,,,,,,,,,,,0,0,0,0,0,12,12,12,0,0,0,0,260.96535770000037,,,,,,,,,,,,,,,,,,,,,,,,,,,,,,,,,,,,,,,,,,,,,,,,,,,,,,,,,,,,,,,,,,,,,,,,,,,,,,,,,,,,,,,,,,,,,260.9594379,260.96535770000037,260.96535770000037,260.96535770000037,261.1540176000003,None,,,,,,,,,,,,,,,,,,,,,,,,,,,,,,,,P7350,Bar_MIC,10,1,2026-05-15_14h49.41.843,MIC_task,,2026.1.2,60.04138051946148,2026-05-15 14h49.44.746353 +0200,
,,0,0,0,,,,,,,10,t06,sátor,tent,8,tools,camping,4.8,110,None,None,None,"(-0.1, -0.1)",None,,,,,,,,,,,,,,0,0,0,0,0,12,12,12,0,0,0,0,261.1700394000004,,,,,,,,,,,,,,,,,,,,,,,,,,,,,,,,,,,,,,,,,,,,,,,,,,,,,,,,,,,,,,,,,,,,,,,,,,,,,,,,,,,,,,,,,,,,,261.15874610000037,261.1700394000004,261.1700394000004,261.1700394000004,261.3544631,None,,,,,,,,,,,,,,,,,,,,,,,,,,,,,,,,P7350,Bar_MIC,10,1,2026-05-15_14h49.41.843,MIC_task,,2026.1.2,60.04138051946148,2026-05-15 14h49.44.746353 +0200,
,,1,0,1,,,,,,,10,t06,sátor,tent,8,tools,camping,4.8,110,None,None,None,"(-0.1, -0.1)",None,,,,,,,,,,,,,,0,0,0,0,0,12,12,12,1,0,1,0,261.3703478000002,,,,,,,,,,,,,,,,,,,,,,,,,,,,,,,,,,,,,,,,,,,,,,,,,,,,,,,,,,,,,,,,,,,,,,,,,,,,,,,,,,,,,,,,,,,,,261.3586074,261.3703478000002,261.3703478000002,261.3703478000002,261.55510270000013,None,,,,,,,,,,,,,,,,,,,,,,,,,,,,,,,,P7350,Bar_MIC,10,1,2026-05-15_14h49.41.843,MIC_task,,2026.1.2,60.04138051946148,2026-05-15 14h49.44.746353 +0200,
,,2,0,2,,,,,,,10,t06,sátor,tent,8,tools,camping,4.8,110,None,None,None,"(-0.1, -0.1)",None,,,,,,,,,,,,,,0,0,0,0,0,12,12,12,2,0,2,0,261.5698881000003,,,,,,,,,,,,,,,,,,,,,,,,,,,,,,,,,,,,,,,,,,,,,,,,,,,,,,,,,,,,,,,,,,,,,,,,,,,,,,,,,,,,,,,,,,,,,261.5593722000003,261.5698881000003,261.5698881000003,261.5698881000003,261.7537319000003,None,,,,,,,,,,,,,,,,,,,,,,,,,,,,,,,,P7350,Bar_MIC,10,1,2026-05-15_14h49.41.843,MIC_task,,2026.1.2,60.04138051946148,2026-05-15 14h49.44.746353 +0200,
,,3,0,3,,,,,,,10,t06,sátor,tent,8,tools,camping,4.8,110,None,None,None,"(-0.1, -0.1)",None,,,,,,,,,,,,,,0,0,0,0,0,12,12,12,3,0,3,0,261.77027480000015,,,,,,,,,,,,,,,,,,,,,,,,,,,,,,,,,,,,,,,,,,,,,,,,,,,,,,,,,,,,,,,,,,,,,,,,,,,,,,,,,,,,,,,,,,,,,261.7577395000003,261.77027480000015,261.77027480000015,261.77027480000015,261.95499240000026,None,,,,,,,,,,,,,,,,,,,,,,,,,,,,,,,,P7350,Bar_MIC,10,1,2026-05-15_14h49.41.843,MIC_task,,2026.1.2,60.04138051946148,2026-05-15 14h49.44.746353 +0200,
,,4,0,4,,,,,,,10,t06,sátor,tent,8,tools,camping,4.8,110,None,None,None,"(-0.1, -0.1)",None,,,,,,,,,,,,,,0,0,0,0,0,12,12,12,4,0,4,0,261.9707089000003,,,,,,,,,,,,,,,,,,,,,,,,,,,,,,,,,,,,,,,,,,,,,,,,,,,,,,,,,,,,,,,,,,,,,,,,,,,,,,,,,,,,,,,,,,,,,261.9593259000003,261.9707089000003,261.9707089000003,261.9707089000003,262.15444670000034,None,,,,,,,,,,,,,,,,,,,,,,,,,,,,,,,,P7350,Bar_MIC,10,1,2026-05-15_14h49.41.843,MIC_task,,2026.1.2,60.04138051946148,2026-05-15 14h49.44.746353 +0200,
,,5,0,5,,,,,,,10,t06,sátor,tent,8,tools,camping,4.8,110,None,None,None,"(-0.1, -0.1)",None,,,,,,,,,,,,,,0,0,0,0,0,12,12,12,5,0,5,0,262.17252370000006,,,,,,,,,,,,,,,,,,,,,,,,,,,,,,,,,,,,,,,,,,,,,,,,,,,,,,,,,,,,,,,,,,,,,,,,,,,,,,,,,,,,,,,,,,,,,262.15848700000015,262.17252370000006,262.17252370000006,262.17252370000006,262.3380906000002,None,,,,,,,,,,,,,,,,,,,,,,,,,,,,,,,,P7350,Bar_MIC,10,1,2026-05-15_14h49.41.843,MIC_task,,2026.1.2,60.04138051946148,2026-05-15 14h49.44.746353 +0200,
,,6,0,6,,,,,,,10,t06,sátor,tent,8,tools,camping,4.8,110,None,None,None,"(-0.1, -0.1)",None,,,,,,,,,,,,,,0,0,0,0,0,12,12,12,6,0,6,0,262.35607930000015,,,,,,,,,,,,,,,,,,,,,,,,,,,,,,,,,,,,,,,,,,,,,,,,,,,,,,,,,,,,,,,,,,,,,,,,,,,,,,,,,,,,,,,,,,,,,262.3420981000004,262.35607930000015,262.35607930000015,262.35607930000015,262.5385384000001,None,,,,,,,,,,,,,,,,,,,,,,,,,,,,,,,,P7350,Bar_MIC,10,1,2026-05-15_14h49.41.843,MIC_task,,2026.1.2,60.04138051946148,2026-05-15 14h49.44.746353 +0200,
,,7,0,7,,,,,,,10,t06,sátor,tent,8,tools,camping,4.8,110,None,None,None,"(-0.1, -0.1)",None,,,,,,,,,,,,,,0,0,0,0,0,12,12,12,7,0,7,0,262.5550813,,,,,,,,,,,,,,,,,,,,,,,,,,,,,,,,,,,,,,,,,,,,,,,,,,,,,,,,,,,,,,,,,,,,,,,,,,,,,,,,,,,,,,,,,,,,,262.5425435000002,262.5550813,262.5550813,262.5550813,262.7448708000002,None,,,,,,,,,,,,,,,,,,,,,,,,,,,,,,,,P7350,Bar_MIC,10,1,2026-05-15_14h49.41.843,MIC_task,,2026.1.2,60.04138051946148,2026-05-15 14h49.44.746353 +0200,
,,8,0,8,,,,,,,10,t06,sátor,tent,8,tools,camping,4.8,110,None,None,None,"(-0.1, -0.1)",None,,,,,,,,,,,,,,0,0,0,0,0,12,12,12,8,0,8,0,262.7542985,,,,,,,,,,,,,,,,,,,,,,,,,,,,,,,,,,,,,,,,,,,,,,,,,,,,,,,,,,,,,,,,,,,,,,,,,,,,,,,,,,,,,,,,,,,,,262.7489634000003,262.7542985,262.7542985,262.7542985,262.9392253000001,None,,,,,,,,,,,,,,,,,,,,,,,,,,,,,,,,P7350,Bar_MIC,10,1,2026-05-15_14h49.41.843,MIC_task,,2026.1.2,60.04138051946148,2026-05-15 14h49.44.746353 +0200,
,,9,0,9,,,,,,,10,t06,sátor,tent,8,tools,camping,4.8,110,None,None,None,"(-0.1, -0.1)",None,,,,,,,,,,,,,,0,0,0,0,0,12,12,12,9,0,9,0,262.9558718000003,,,,,,,,,,,,,,,,,,,,,,,,,,,,,,,,,,,,,,,,,,,,,,,,,,,,,,,,,,,,,,,,,,,,,,,,,,,,,,,,,,,,,,,,,,,,,262.94346170000017,262.9558718000003,262.9558718000003,262.9558718000003,263.13966500000015,None,,,,,,,,,,,,,,,,,,,,,,,,,,,,,,,,P7350,Bar_MIC,10,1,2026-05-15_14h49.41.843,MIC_task,,2026.1.2,60.04138051946148,2026-05-15 14h49.44.746353 +0200,
,,10,0,10,,,,,,,10,t06,sátor,tent,8,tools,camping,4.8,110,None,None,None,"(-0.1, -0.1)",None,,,,,,,,,,,,,,0,0,0,0,0,12,12,12,10,0,10,0,263.15560440000036,,,,,,,,,,,,,,,,,,,,,,,,,,,,,,,,,,,,,,,,,,,,,,,,,,,,,,,,,,,,,,,,,,,,,,,,,,,,,,,,,,,,,,,,,,,,,263.14425770000025,263.15560440000036,263.15560440000036,263.15560440000036,263.33991100000003,None,,,,,,,,,,,,,,,,,,,,,,,,,,,,,,,,P7350,Bar_MIC,10,1,2026-05-15_14h49.41.843,MIC_task,,2026.1.2,60.04138051946148,2026-05-15 14h49.44.746353 +0200,
,,11,0,11,,,,,,,10,t06,sátor,tent,8,tools,camping,4.8,110,None,None,None,"(-0.1, -0.1)",None,,,,,,,,,,,,,,0,0,0,0,0,12,12,12,11,0,11,0,263.35640650000005,,,,,,,,,,,,,,,,,,,,,,,,,,,,,,,,,,,,,,,,,,,,,,,,,,,,,,,,,,,,,,,,,,,,,,,,,,,,,,,,,,,,,,,,,,,,,263.34466150000026,263.35640650000005,263.35640650000005,263.35640650000005,263.5416148000004,None,,,,,,,,,,,,,,,,,,,,,,,,,,,,,,,,P7350,Bar_MIC,10,1,2026-05-15_14h49.41.843,MIC_task,,2026.1.2,60.04138051946148,2026-05-15 14h49.44.746353 +0200,
,,12,0,12,,,,,,,10,t06,sátor,tent,8,tools,camping,4.8,110,None,None,None,"(-0.1, -0.1)",None,,,,,,,,,,,,,,0,0,0,0,0,12,12,12,12,0,12,0,263.5569961000001,,,,,,,,,,,,,,,,,,,,,,,,,,,,,,,,,,,,,,,,,,,,,,,,,,,,,,,,,,,,,,,,,,,,,,,,,,,,,,,,,,,,,,,,,,,,,263.546198,263.5569961000001,263.5569961000001,263.5569961000001,263.74222929999996,None,,,,,,,,,,,,,,,,,,,,,,,,,,,,,,,,P7350,Bar_MIC,10,1,2026-05-15_14h49.41.843,MIC_task,,2026.1.2,60.04138051946148,2026-05-15 14h49.44.746353 +0200,
,,13,0,13,,,,,,,10,t06,sátor,tent,8,tools,camping,4.8,110,None,None,None,"(-0.1, -0.1)",None,,,,,,,,,,,,,,0,0,0,0,0,12,12,12,13,0,13,0,263.7565056000003,,,,,,,,,,,,,,,,,,,,,,,,,,,,,,,,,,,,,,,,,,,,,,,,,,,,,,,,,,,,,,,,,,,,,,,,,,,,,,,,,,,,,,,,,,,,,263.74683460000006,263.7565056000003,263.7565056000003,263.7565056000003,263.94178120000015,None,,,,,,,,,,,,,,,,,,,,,,,,,,,,,,,,P7350,Bar_MIC,10,1,2026-05-15_14h49.41.843,MIC_task,,2026.1.2,60.04138051946148,2026-05-15 14h49.44.746353 +0200,
,,14,0,14,,,,,,,10,t06,sátor,tent,8,tools,camping,4.8,110,None,None,None,"(-0.1, -0.1)",None,,,,,,,,,,,,,,0,0,0,0,0,12,12,12,14,0,14,0,263.95691290000013,,,,,,,,,,,,,,,,,,,,,,,,,,,,,,,,,,,,,,,,,,,,,,,,,,,,,,,,,,,,,,,,,,,,,,,,,,,,,,,,,,,,,,,,,,,,,263.9460878,263.95691290000013,263.95691290000013,263.95691290000013,264.1415833000001,None,,,,,,,,,,,,,,,,,,,,,,,,,,,,,,,,P7350,Bar_MIC,10,1,2026-05-15_14h49.41.843,MIC_task,,2026.1.2,60.04138051946148,2026-05-15 14h49.44.746353 +0200,
,,15,0,15,,,,,,,10,t06,sátor,tent,8,tools,camping,4.8,110,None,None,None,"(-0.1, -0.1)",None,,,,,,,,,,,,,,0,0,0,0,0,12,12,12,15,0,15,0,264.1572127000004,,,,,,,,,,,,,,,,,,,,,,,,,,,,,,,,,,,,,,,,,,,,,,,,,,,,,,,,,,,,,,,,,,,,,,,,,,,,,,,,,,,,,,,,,,,,,264.14625780000006,264.1572127000004,264.1572127000004,264.1572127000004,264.3411665000003,None,,,,,,,,,,,,,,,,,,,,,,,,,,,,,,,,P7350,Bar_MIC,10,1,2026-05-15_14h49.41.843,MIC_task,,2026.1.2,60.04138051946148,2026-05-15 14h49.44.746353 +0200,
,,16,0,16,,,,,,,10,t06,sátor,tent,8,tools,camping,4.8,110,None,None,None,"(-0.1, -0.1)",None,,,,,,,,,,,,,,0,0,0,0,0,12,12,12,16,0,16,0,264.3578402000003,,,,,,,,,,,,,,,,,,,,,,,,,,,,,,,,,,,,,,,,,,,,,,,,,,,,,,,,,,,,,,,,,,,,,,,,,,,,,,,,,,,,,,,,,,,,,264.3453021,264.3578402000003,264.3578402000003,264.3578402000003,264.5414619000003,None,,,,,,,,,,,,,,,,,,,,,,,,,,,,,,,,P7350,Bar_MIC,10,1,2026-05-15_14h49.41.843,MIC_task,,2026.1.2,60.04138051946148,2026-05-15 14h49.44.746353 +0200,
,,17,0,17,,,,,,,10,t06,sátor,tent,8,tools,camping,4.8,110,None,None,None,"(-0.1, -0.1)",None,,,,,,,,,,,,,,0,0,0,0,0,12,12,12,17,0,17,0,264.5587652000004,,,,,,,,,,,,,,,,,,,,,,,,,,,,,,,,,,,,,,,,,,,,,,,,,,,,,,,,,,,,,,,,,,,,,,,,,,,,,,,,,,,,,,,,,,,,,264.545654,264.5587652000004,264.5587652000004,264.5587652000004,264.7422674000004,None,,,,,,,,,,,,,,,,,,,,,,,,,,,,,,,,P7350,Bar_MIC,10,1,2026-05-15_14h49.41.843,MIC_task,,2026.1.2,60.04138051946148,2026-05-15 14h49.44.746353 +0200,
,,18,0,18,,,,,,,10,t06,sátor,tent,8,tools,camping,4.8,110,None,None,None,"(-0.1, -0.1)",None,,,,,,,,,,,,,,0,0,0,0,0,12,12,12,18,0,18,0,264.75872070000014,,,,,,,,,,,,,,,,,,,,,,,,,,,,,,,,,,,,,,,,,,,,,,,,,,,,,,,,,,,,,,,,,,,,,,,,,,,,,,,,,,,,,,,,,,,,,264.7471093000004,264.75872070000014,264.75872070000014,264.75872070000014,264.94230749999997,None,,,,,,,,,,,,,,,,,,,,,,,,,,,,,,,,P7350,Bar_MIC,10,1,2026-05-15_14h49.41.843,MIC_task,,2026.1.2,60.04138051946148,2026-05-15 14h49.44.746353 +0200,
,,19,0,19,,,,,,,10,t06,sátor,tent,8,tools,camping,4.8,110,None,None,None,"(-0.1, -0.1)",None,,,,,,,,,,,,,,0,0,0,0,0,12,12,12,19,0,19,0,264.95877440000004,,,,,,,,,,,,,,,,,,,,,,,,,,,,,,,,,,,,,,,,,,,,,,,,,,,,,,,,,,,,,,,,,,,,,,,,,,,,,,,,,,,,,,,,,,,,,264.9463472000002,264.95877440000004,264.95877440000004,264.95877440000004,265.14278920000015,None,,,,,,,,,,,,,,,,,,,,,,,,,,,,,,,,P7350,Bar_MIC,10,1,2026-05-15_14h49.41.843,MIC_task,,2026.1.2,60.04138051946148,2026-05-15 14h49.44.746353 +0200,
,,20,0,20,,,,,,,10,t06,sátor,tent,8,tools,camping,4.8,110,None,None,None,"(-0.1, -0.1)",None,,,,,,,,,,,,,,0,0,0,0,0,12,12,12,20,0,20,0,265.1592005000002,,,,,,,,,,,,,,,,,,,,,,,,,,,,,,,,,,,,,,,,,,,,,,,,,,,,,,,,,,,,,,,,,,,,,,,,,,,,,,,,,,,,,,,,,,,,,265.14717050000036,265.1592005000002,265.1592005000002,265.1592005000002,265.34305170000016,None,,,,,,,,,,,,,,,,,,,,,,,,,,,,,,,,P7350,Bar_MIC,10,1,2026-05-15_14h49.41.843,MIC_task,,2026.1.2,60.04138051946148,2026-05-15 14h49.44.746353 +0200,
,,21,0,21,,,,,,,10,t06,sátor,tent,8,tools,camping,4.8,110,None,None,None,"(-0.1, -0.1)",None,,,,,,,,,,,,,,0,0,0,0,0,12,12,12,21,0,21,0,265.35939989999997,,,,,,,,,,,,,,,,,,,,,,,,,,,,,,,,,,,,,,,,,,,,,,,,,,,,,,,,,,,,,,,,,,,,,,,,,,,,,,,,,,,,,,,,,,,,,265.3475945,265.35939989999997,265.35939989999997,265.35939989999997,265.54351859999997,None,,,,,,,,,,,,,,,,,,,,,,,,,,,,,,,,P7350,Bar_MIC,10,1,2026-05-15_14h49.41.843,MIC_task,,2026.1.2,60.04138051946148,2026-05-15 14h49.44.746353 +0200,
,,22,0,22,,,,,,,10,t06,sátor,tent,8,tools,camping,4.8,110,None,None,None,"(-0.1, -0.1)",None,,,,,,,,,,,,,,0,0,0,0,0,12,12,12,22,0,22,0,265.5597531000003,,,,,,,,,,,,,,,,,,,,,,,,,,,,,,,,,,,,,,,,,,,,,,,,,,,,,,,,,,,,,,,,,,,,,,,,,,,,,,,,,,,,,,,,,,,,,265.54771150000033,265.5597531000003,265.5597531000003,265.5597531000003,265.74458730000015,None,,,,,,,,,,,,,,,,,,,,,,,,,,,,,,,,P7350,Bar_MIC,10,1,2026-05-15_14h49.41.843,MIC_task,,2026.1.2,60.04138051946148,2026-05-15 14h49.44.746353 +0200,
,,23,0,23,,,,,,,10,t06,sátor,tent,8,tools,camping,4.8,110,None,None,None,"(-0.1, -0.1)",None,,,,,,,,,,,,,,0,0,0,0,0,12,12,12,23,0,23,0,265.760346,,,,,,,,,,,,,,,,,,,,,,,,,,,,,,,,,,,,,,,,,,,,,,,,,,,,,,,,,,,,,,,,,,,,,,,,,,,,,,,,,,,,,,,,,,,,,265.74905750000016,265.760346,265.760346,265.760346,265.9451174000001,None,,,,,,,,,,,,,,,,,,,,,,,,,,,,,,,,P7350,Bar_MIC,10,1,2026-05-15_14h49.41.843,MIC_task,,2026.1.2,60.04138051946148,2026-05-15 14h49.44.746353 +0200,
,,24,0,24,,,,,,,10,t06,sátor,tent,8,tools,camping,4.8,110,None,None,None,"(-0.1, -0.1)",None,,,,,,,,,,,,,,0,0,0,0,0,12,12,12,24,0,24,0,265.96077809999997,,,,,,,,,,,,,,,,,,,,,,,,,,,,,,,,,,,,,,,,,,,,,,,,,,,,,,,,,,,,,,,,,,,,,,,,,,,,,,,,,,,,,,,,,,,,,265.9491739,265.96077809999997,265.96077809999997,265.96077809999997,266.1446390000001,None,,,,,,,,,,,,,,,,,,,,,,,,,,,,,,,,P7350,Bar_MIC,10,1,2026-05-15_14h49.41.843,MIC_task,,2026.1.2,60.04138051946148,2026-05-15 14h49.44.746353 +0200,
,,25,0,25,,,,,,,10,t06,sátor,tent,8,tools,camping,4.8,110,None,None,None,"(-0.1, -0.1)",None,,,,,,,,,,,,,,0,0,0,0,0,12,12,12,25,0,25,0,266.16028510000024,,,,,,,,,,,,,,,,,,,,,,,,,,,,,,,,,,,,,,,,,,,,,,,,,,,,,,,,,,,,,,,,,,,,,,,,,,,,,,,,,,,,,,,,,,,,,266.14881809999997,266.16028510000024,266.16028510000024,266.16028510000024,266.34577850000005,None,,,,,,,,,,,,,,,,,,,,,,,,,,,,,,,,P7350,Bar_MIC,10,1,2026-05-15_14h49.41.843,MIC_task,,2026.1.2,60.04138051946148,2026-05-15 14h49.44.746353 +0200,
,,26,0,26,,,,,,,10,t06,sátor,tent,8,tools,camping,4.8,110,None,None,None,"(-0.1, -0.1)",None,,,,,,,,,,,,,,0,0,0,0,0,12,12,12,26,0,26,0,266.36067460000004,,,,,,,,,,,,,,,,,,,,,,,,,,,,,,,,,,,,,,,,,,,,,,,,,,,,,,,,,,,,,,,,,,,,,,,,,,,,,,,,,,,,,,,,,,,,,266.34995770000023,266.36067460000004,266.36067460000004,266.36067460000004,266.5443762,None,,,,,,,,,,,,,,,,,,,,,,,,,,,,,,,,P7350,Bar_MIC,10,1,2026-05-15_14h49.41.843,MIC_task,,2026.1.2,60.04138051946148,2026-05-15 14h49.44.746353 +0200,
,,27,0,27,,,,,,,10,t06,sátor,tent,8,tools,camping,4.8,110,None,None,None,"(-0.1, -0.1)",None,,,,,,,,,,,,,,0,0,0,0,0,12,12,12,27,0,27,0,266.56106190000037,,,,,,,,,,,,,,,,,,,,,,,,,,,,,,,,,,,,,,,,,,,,,,,,,,,,,,,,,,,,,,,,,,,,,,,,,,,,,,,,,,,,,,,,,,,,,266.54858600000034,266.56106190000037,266.56106190000037,266.56106190000037,266.7447208000003,None,,,,,,,,,,,,,,,,,,,,,,,,,,,,,,,,P7350,Bar_MIC,10,1,2026-05-15_14h49.41.843,MIC_task,,2026.1.2,60.04138051946148,2026-05-15 14h49.44.746353 +0200,
,,28,0,28,,,,,,,10,t06,sátor,tent,8,tools,camping,4.8,110,None,None,None,"(-0.1, -0.1)",None,,,,,,,,,,,,,,0,0,0,0,0,12,12,12,28,0,28,0,266.76138820000006,,,,,,,,,,,,,,,,,,,,,,,,,,,,,,,,,,,,,,,,,,,,,,,,,,,,,,,,,,,,,,,,,,,,,,,,,,,,,,,,,,,,,,,,,,,,,266.74879230000033,266.76138820000006,266.76138820000006,266.76138820000006,266.94612350000034,None,,,,,,,,,,,,,,,,,,,,,,,,,,,,,,,,P7350,Bar_MIC,10,1,2026-05-15_14h49.41.843,MIC_task,,2026.1.2,60.04138051946148,2026-05-15 14h49.44.746353 +0200,
,,29,0,29,,,,,,,10,t06,sátor,tent,8,tools,camping,4.8,110,None,None,None,"(-0.1, -0.1)",space,0.04074540000010529,None,,,,,,,,,,,,0,0,0,0,0,12,12,12,29,0,29,0,266.96221349999996,,,,,,,,,,,,,,,,,,,,,,,,,,,,,,,,,,,,,,,,,,,,,,,,,,,,,,,,,,,,,,,,,,,,,,,,,,,,,,,,,,,,,,,,,,,,,266.95058770000014,266.96221349999996,266.96221349999996,266.96221349999996,267.0135747000004,space,0.04074540000010529,None,,,,,,,,,,,,,,,,,,,,,,,,,,,,,,P7350,Bar_MIC,10,1,2026-05-15_14h49.41.843,MIC_task,,2026.1.2,60.04138051946148,2026-05-15 14h49.44.746353 +0200,
,,12,12,0,,,,space,0.40759429999980057,None,10,t06,sátor,tent,8,tools,camping,4.8,110,None,None,None,"(-0.1, -0.1)",,,,,,,,,,,,,,,0,0,0,0,0,12,12,12,,,,,,,,,,,,,,,,,,,,,,,,,,,,,,,,,,,,,,,,,,,,,,,,,,,,,,,,,,,,,,,,,,,,,,,,,,,,,,,,,267.12120189999996,267.12962170000037,267.1289572666668,269.0154986000002,,,,,,271.0188628000001,271.03480320000017,271.03480320000017,271.45375520000016,,,,,,,,,,,,,269.0532889000001,269.06052990000035,269.0653279000001,270.9521308000003,271.0188042,space,0.40759429999980057,None,,,,,,,,,,,,,,,,,,,,,,P7350,Bar_MIC,10,1,2026-05-15_14h49.41.843,MIC_task,,2026.1.2,60.04138051946148,2026-05-15 14h49.44.746353 +0200,
,,0,0,0,,,,,,,10,f18,dinnye,melon,4,food,fruit,6.4,22,25,50,None,"(0.1, 0)",None,,,,,,,,,,,,,,0,0,0,0,0,13,13,13,0,0,0,0,271.48487730000033,,,,,,,,,,,,,,,,,,,,,,,,,,,,,,,,,,,,,,,,,,,,,,,,,,,,,,,,,,,,,,,,,,,,,,,,,,,,,,,,,,,,,,,,,,,,,271.476721,271.48487730000033,271.48487730000033,271.48487730000033,271.66900140000007,None,,,,,,,,,,,,,,,,,,,,,,,,,,,,,,,,P7350,Bar_MIC,10,1,2026-05-15_14h49.41.843,MIC_task,,2026.1.2,60.04138051946148,2026-05-15 14h49.44.746353 +0200,
,,0,0,0,,,,,,,10,f18,dinnye,melon,4,food,fruit,6.4,22,25,50,None,"(0.1, 0)",None,,,,,,,,,,,,,,0,0,0,0,0,13,13,13,0,0,0,0,271.6853933000002,,,,,,,,,,,,,,,,,,,,,,,,,,,,,,,,,,,,,,,,,,,,,,,,,,,,,,,,,,,,,,,,,,,,,,,,,,,,,,,,,,,,,,,,,,,,,271.6738743000001,271.6853933000002,271.6853933000002,271.6853933000002,271.86920480000026,None,,,,,,,,,,,,,,,,,,,,,,,,,,,,,,,,P7350,Bar_MIC,10,1,2026-05-15_14h49.41.843,MIC_task,,2026.1.2,60.04138051946148,2026-05-15 14h49.44.746353 +0200,
,,1,0,1,,,,,,,10,f18,dinnye,melon,4,food,fruit,6.4,22,25,50,None,"(0.1, 0)",None,,,,,,,,,,,,,,0,0,0,0,0,13,13,13,1,0,1,0,271.8860487000002,,,,,,,,,,,,,,,,,,,,,,,,,,,,,,,,,,,,,,,,,,,,,,,,,,,,,,,,,,,,,,,,,,,,,,,,,,,,,,,,,,,,,,,,,,,,,271.8738518,271.8860487000002,271.8860487000002,271.8860487000002,272.06952930000034,None,,,,,,,,,,,,,,,,,,,,,,,,,,,,,,,,P7350,Bar_MIC,10,1,2026-05-15_14h49.41.843,MIC_task,,2026.1.2,60.04138051946148,2026-05-15 14h49.44.746353 +0200,
,,2,0,2,,,,,,,10,f18,dinnye,melon,4,food,fruit,6.4,22,25,50,None,"(0.1, 0)",None,,,,,,,,,,,,,,0,0,0,0,0,13,13,13,2,0,2,0,272.08610580000004,,,,,,,,,,,,,,,,,,,,,,,,,,,,,,,,,,,,,,,,,,,,,,,,,,,,,,,,,,,,,,,,,,,,,,,,,,,,,,,,,,,,,,,,,,,,,272.0743601000004,272.08610580000004,272.08610580000004,272.08610580000004,272.2547178,None,,,,,,,,,,,,,,,,,,,,,,,,,,,,,,,,P7350,Bar_MIC,10,1,2026-05-15_14h49.41.843,MIC_task,,2026.1.2,60.04138051946148,2026-05-15 14h49.44.746353 +0200,
,,3,0,3,,,,,,,10,f18,dinnye,melon,4,food,fruit,6.4,22,25,50,None,"(0.1, 0)",None,,,,,,,,,,,,,,0,0,0,0,0,13,13,13,3,0,3,0,272.2698230000001,,,,,,,,,,,,,,,,,,,,,,,,,,,,,,,,,,,,,,,,,,,,,,,,,,,,,,,,,,,,,,,,,,,,,,,,,,,,,,,,,,,,,,,,,,,,,272.25933350000014,272.2698230000001,272.2698230000001,272.2698230000001,272.45446660000016,None,,,,,,,,,,,272.4701452000004,272.4701452000004,272.4701452000004,,,,,,,,,,,,,,,,,,,P7350,Bar_MIC,10,1,2026-05-15_14h49.41.843,MIC_task,,2026.1.2,60.04138051946148,2026-05-15 14h49.44.746353 +0200,
,,4,0,4,,,,,,,10,f18,dinnye,melon,4,food,fruit,6.4,22,25,50,None,"(0.1, 0)",None,,,,,,,,,,,,,,0,0,0,0,0,13,13,13,4,0,4,0,272.4701452000004,,,,,,,,,,,,,,,,,,,,,,,,,,,,,,,,,,,,,,,,,,,,,,,,,,,,,,,,,,,,,,,,,,,,,,,,,,,,,,,,,,,,,,,,,,,,,272.45929950000027,272.4701452000004,272.4701452000004,272.4701452000004,272.6540487000002,None,,,,,,,,,,,,,,,,,,,,,,,,,,,,,,,,P7350,Bar_MIC,10,1,2026-05-15_14h49.41.843,MIC_task,,2026.1.2,60.04138051946148,2026-05-15 14h49.44.746353 +0200,
,,5,0,5,,,,,,,10,f18,dinnye,melon,4,food,fruit,6.4,22,25,50,None,"(0.1, 0)",None,,,,,,,,,,,,,,0,0,0,0,0,13,13,13,5,0,5,0,272.6713198000002,,,,,,,,,,,,,,,,,,,,,,,,,,,,,,,,,,,,,,,,,,,,,,,,,,,,,,,,,,,,,,,,,,,,,,,,,,,,,,,,,,,,,,,,,,,,,272.6586363000001,272.6713198000002,272.6713198000002,272.6713198000002,272.854476,None,,,,,,,,,,,,,,,,,,,,,,,,,,,,,,,,P7350,Bar_MIC,10,1,2026-05-15_14h49.41.843,MIC_task,,2026.1.2,60.04138051946148,2026-05-15 14h49.44.746353 +0200,
,,6,0,6,,,,,,,10,f18,dinnye,melon,4,food,fruit,6.4,22,25,50,None,"(0.1, 0)",None,,,,,,,,,,,,,,0,0,0,0,0,13,13,13,6,0,6,0,272.8709251,,,,,,,,,,,,,,,,,,,,,,,,,,,,,,,,,,,,,,,,,,,,,,,,,,,,,,,,,,,,,,,,,,,,,,,,,,,,,,,,,,,,,,,,,,,,,272.8594644,272.8709251,272.8709251,272.8709251,273.0547697000002,None,,,,,,,,,,,,,,,,,,,,,,,,,,,,,,,,P7350,Bar_MIC,10,1,2026-05-15_14h49.41.843,MIC_task,,2026.1.2,60.04138051946148,2026-05-15 14h49.44.746353 +0200,
,,7,0,7,,,,,,,10,f18,dinnye,melon,4,food,fruit,6.4,22,25,50,None,"(0.1, 0)",None,,,,,,,,,,,,,,0,0,0,0,0,13,13,13,7,0,7,0,273.07144910000034,,,,,,,,,,,,,,,,,,,,,,,,,,,,,,,,,,,,,,,,,,,,,,,,,,,,,,,,,,,,,,,,,,,,,,,,,,,,,,,,,,,,,,,,,,,,,273.0597527,273.07144910000034,273.07144910000034,273.07144910000034,273.2551687,None,,,,,,,,,,,,,,,,,,,,,,,,,,,,,,,,P7350,Bar_MIC,10,1,2026-05-15_14h49.41.843,MIC_task,,2026.1.2,60.04138051946148,2026-05-15 14h49.44.746353 +0200,
,,8,0,8,,,,,,,10,f18,dinnye,melon,4,food,fruit,6.4,22,25,50,None,"(0.1, 0)",None,,,,,,,,,,,,,,0,0,0,0,0,13,13,13,8,0,8,0,273.2716268000004,,,,,,,,,,,,,,,,,,,,,,,,,,,,,,,,,,,,,,,,,,,,,,,,,,,,,,,,,,,,,,,,,,,,,,,,,,,,,,,,,,,,,,,,,,,,,273.2601778000003,273.2716268000004,273.2716268000004,273.2716268000004,273.4563097,None,,,,,,,,,,,,,,,,,,,,,,,,,,,,,,,,P7350,Bar_MIC,10,1,2026-05-15_14h49.41.843,MIC_task,,2026.1.2,60.04138051946148,2026-05-15 14h49.44.746353 +0200,
,,9,0,9,,,,,,,10,f18,dinnye,melon,4,food,fruit,6.4,22,25,50,None,"(0.1, 0)",None,,,,,,,,,,,,,,0,0,0,0,0,13,13,13,9,0,9,0,273.4719686000003,,,,,,,,,,,,,,,,,,,,,,,,,,,,,,,,,,,,,,,,,,,,,,,,,,,,,,,,,,,,,,,,,,,,,,,,,,,,,,,,,,,,,,,,,,,,,273.4607701,273.4719686000003,273.4719686000003,273.4719686000003,273.65582670000003,None,,,,,,,,,,,,,,,,,,,,,,,,,,,,,,,,P7350,Bar_MIC,10,1,2026-05-15_14h49.41.843,MIC_task,,2026.1.2,60.04138051946148,2026-05-15 14h49.44.746353 +0200,
,,10,0,10,,,,,,,10,f18,dinnye,melon,4,food,fruit,6.4,22,25,50,None,"(0.1, 0)",None,,,,,,,,,,,,,,0,0,0,0,0,13,13,13,10,0,10,0,273.6724300000001,,,,,,,,,,,,,,,,,,,,,,,,,,,,,,,,,,,,,,,,,,,,,,,,,,,,,,,,,,,,,,,,,,,,,,,,,,,,,,,,,,,,,,,,,,,,,273.66025450000006,273.6724300000001,273.6724300000001,273.6724300000001,273.85690569999997,None,,,,,,,,,,,,,,,,,,,,,,,,,,,,,,,,P7350,Bar_MIC,10,1,2026-05-15_14h49.41.843,MIC_task,,2026.1.2,60.04138051946148,2026-05-15 14h49.44.746353 +0200,
,,11,0,11,,,,,,,10,f18,dinnye,melon,4,food,fruit,6.4,22,25,50,None,"(0.1, 0)",None,,,,,,,,,,,,,,0,0,0,0,0,13,13,13,11,0,11,0,273.8725539000002,,,,,,,,,,,,,,,,,,,,,,,,,,,,,,,,,,,,,,,,,,,,,,,,,,,,,,,,,,,,,,,,,,,,,,,,,,,,,,,,,,,,,,,,,,,,,273.8616121,273.8725539000002,273.8725539000002,273.8725539000002,274.0575202,None,,,,,,,,,,,,,,,,,,,,,,,,,,,,,,,,P7350,Bar_MIC,10,1,2026-05-15_14h49.41.843,MIC_task,,2026.1.2,60.04138051946148,2026-05-15 14h49.44.746353 +0200,
,,12,0,12,,,,,,,10,f18,dinnye,melon,4,food,fruit,6.4,22,25,50,None,"(0.1, 0)",None,,,,,,,,,,,,,,0,0,0,0,0,13,13,13,12,0,12,0,274.0730155000001,,,,,,,,,,,,,,,,,,,,,,,,,,,,,,,,,,,,,,,,,,,,,,,,,,,,,,,,,,,,,,,,,,,,,,,,,,,,,,,,,,,,,,,,,,,,,274.06224340000017,274.0730155000001,274.0730155000001,274.0730155000001,274.2569077000003,None,,,,,,,,,,,,,,,,,,,,,,,,,,,,,,,,P7350,Bar_MIC,10,1,2026-05-15_14h49.41.843,MIC_task,,2026.1.2,60.04138051946148,2026-05-15 14h49.44.746353 +0200,
,,13,0,13,,,,,,,10,f18,dinnye,melon,4,food,fruit,6.4,22,25,50,None,"(0.1, 0)",None,,,,,,,,,,,,,,0,0,0,0,0,13,13,13,13,0,13,0,274.27272730000004,,,,,,,,,,,,,,,,,,,,,,,,,,,,,,,,,,,,,,,,,,,,,,,,,,,,,,,,,,,,,,,,,,,,,,,,,,,,,,,,,,,,,,,,,,,,,274.2614106000001,274.27272730000004,274.27272730000004,274.27272730000004,274.45729530000017,None,,,,,,,,,,,,,,,,,,,,,,,,,,,,,,,,P7350,Bar_MIC,10,1,2026-05-15_14h49.41.843,MIC_task,,2026.1.2,60.04138051946148,2026-05-15 14h49.44.746353 +0200,
,,14,0,14,,,,,,,10,f18,dinnye,melon,4,food,fruit,6.4,22,25,50,None,"(0.1, 0)",None,,,,,,,,,,,,,,0,0,0,0,0,13,13,13,14,0,14,0,274.4731243000001,,,,,,,,,,,,,,,,,,,,,,,,,,,,,,,,,,,,,,,,,,,,,,,,,,,,,,,,,,,,,,,,,,,,,,,,,,,,,,,,,,,,,,,,,,,,,274.46182510000017,274.4731243000001,274.4731243000001,274.4731243000001,274.65689360000033,None,,,,,,,,,,,,,,,,,,,,,,,,,,,,,,,,P7350,Bar_MIC,10,1,2026-05-15_14h49.41.843,MIC_task,,2026.1.2,60.04138051946148,2026-05-15 14h49.44.746353 +0200,
,,15,0,15,,,,,,,10,f18,dinnye,melon,4,food,fruit,6.4,22,25,50,None,"(0.1, 0)",None,,,,,,,,,,,,,,0,0,0,0,0,13,13,13,15,0,15,0,274.6735487000001,,,,,,,,,,,,,,,,,,,,,,,,,,,,,,,,,,,,,,,,,,,,,,,,,,,,,,,,,,,,,,,,,,,,,,,,,,,,,,,,,,,,,,,,,,,,,274.6614561000001,274.6735487000001,274.6735487000001,274.6735487000001,274.8572709,None,,,,,,,,,,,,,,,,,,,,,,,,,,,,,,,,P7350,Bar_MIC,10,1,2026-05-15_14h49.41.843,MIC_task,,2026.1.2,60.04138051946148,2026-05-15 14h49.44.746353 +0200,
,,16,0,16,,,,,,,10,f18,dinnye,melon,4,food,fruit,6.4,22,25,50,None,"(0.1, 0)",space,0.1528149000000667,None,,,,,,,,,,,,0,0,0,0,0,13,13,13,16,0,16,0,274.87448540000014,,,,,,,,,,,,,,,,,,,,,,,,,,,,,,,,,,,,,,,,,,,,,,,,,,,,,,,,,,,,,,,,,,,,,,,,,,,,,,,,,,,,,,,,,,,,,274.8618846000004,274.87448540000014,274.87448540000014,274.87448540000014,275.0420455000003,space,0.1528149000000667,None,,,,,,,,,,,,,,,,,,,,,,,,,,,,,,P7350,Bar_MIC,10,1,2026-05-15_14h49.41.843,MIC_task,,2026.1.2,60.04138051946148,2026-05-15 14h49.44.746353 +0200,
,,13,13,0,,,,space,0.3464787000002616,None,10,f18,dinnye,melon,4,food,fruit,6.4,22,25,50,None,"(0.1, 0)",,,,,,,,,,,,,,,0,0,0,0,0,13,13,13,,,,,,,,,,,,,,,,,,,,,,,,,,,,,,,,,,,,,,,,,,,,,,,,,,,,,,,,,,,,,,,,,,,,,,,,,,,,,,,,,275.1406871000004,275.1477238000002,275.14077950000006,277.04379050000034,,,,,,279.047873,279.06452850000005,279.06452850000005,279.41506260000006,,,,,,,,,,,,,277.07358120000026,277.0807731,277.07696153333336,278.9637598000004,279.0478088,space,0.3464787000002616,None,,,,,,,,,,,,,,,,,,,,,,P7350,Bar_MIC,10,1,2026-05-15_14h49.41.843,MIC_task,,2026.1.2,60.04138051946148,2026-05-15 14h49.44.746353 +0200,
,,0,0,0,,,,,,,10,b01,orr,nose,2,bodypart,face,7,73,19,35,None,"(-0.1, 0.1)",None,,,,,,,,,,,,,,0,0,0,0,0,14,14,14,0,0,0,0,279.44469960000015,,,,,,,,,,,,,,,,,,,,,,,,,,,,,,,,,,,,,,,,,,,,,,,,,,,,,,,,,,,,,,,,,,,,,,,,,,,,,,,,,,,,,,,,,,,,,279.43731590000016,279.44469960000015,279.44469960000015,279.44469960000015,279.6312247000001,None,,,,,,,,,,,,,,,,,,,,,,,,,,,,,,,,P7350,Bar_MIC,10,1,2026-05-15_14h49.41.843,MIC_task,,2026.1.2,60.04138051946148,2026-05-15 14h49.44.746353 +0200,
,,0,0,0,,,,,,,10,b01,orr,nose,2,bodypart,face,7,73,19,35,None,"(-0.1, 0.1)",None,,,,,,,,,,,,,,0,0,0,0,0,14,14,14,0,0,0,0,279.6477348000003,,,,,,,,,,,,,,,,,,,,,,,,,,,,,,,,,,,,,,,,,,,,,,,,,,,,,,,,,,,,,,,,,,,,,,,,,,,,,,,,,,,,,,,,,,,,,279.6360262000003,279.6477348000003,279.6477348000003,279.6477348000003,279.83248410000033,None,,,,,,,,,,,,,,,,,,,,,,,,,,,,,,,,P7350,Bar_MIC,10,1,2026-05-15_14h49.41.843,MIC_task,,2026.1.2,60.04138051946148,2026-05-15 14h49.44.746353 +0200,
,,1,0,1,,,,,,,10,b01,orr,nose,2,bodypart,face,7,73,19,35,None,"(-0.1, 0.1)",None,,,,,,,,,,,,,,0,0,0,0,0,14,14,14,1,0,1,0,279.8481617000002,,,,,,,,,,,,,,,,,,,,,,,,,,,,,,,,,,,,,,,,,,,,,,,,,,,,,,,,,,,,,,,,,,,,,,,,,,,,,,,,,,,,,,,,,,,,,279.8370501000004,279.8481617000002,279.8481617000002,279.8481617000002,280.0152793000002,None,,,,,,,,,,,,,,,,,,,,,,,,,,,,,,,,P7350,Bar_MIC,10,1,2026-05-15_14h49.41.843,MIC_task,,2026.1.2,60.04138051946148,2026-05-15 14h49.44.746353 +0200,
,,2,0,2,,,,,,,10,b01,orr,nose,2,bodypart,face,7,73,19,35,None,"(-0.1, 0.1)",None,,,,,,,,,,,,,,0,0,0,0,0,14,14,14,2,0,2,0,280.03185440000016,,,,,,,,,,,,,,,,,,,,,,,,,,,,,,,,,,,,,,,,,,,,,,,,,,,,,,,,,,,,,,,,,,,,,,,,,,,,,,,,,,,,,,,,,,,,,280.01956710000013,280.03185440000016,280.03185440000016,280.03185440000016,280.2159115000004,None,,,,,,,,,,,,,,,,,,,,,,,,,,,,,,,,P7350,Bar_MIC,10,1,2026-05-15_14h49.41.843,MIC_task,,2026.1.2,60.04138051946148,2026-05-15 14h49.44.746353 +0200,
,,3,0,3,,,,,,,10,b01,orr,nose,2,bodypart,face,7,73,19,35,None,"(-0.1, 0.1)",None,,,,,,,,,,,,,,0,0,0,0,0,14,14,14,3,0,3,0,280.2321667000001,,,,,,,,,,,,,,,,,,,,,,,,,,,,,,,,,,,,,,,,,,,,,,,,,,,,,,,,,,,,,,,,,,,,,,,,,,,,,,,,,,,,,,,,,,,,,280.22077390000004,280.2321667000001,280.2321667000001,280.2321667000001,280.4159993000003,None,,,,,,,,,,,,,,,,,,,,,,,,,,,,,,,,P7350,Bar_MIC,10,1,2026-05-15_14h49.41.843,MIC_task,,2026.1.2,60.04138051946148,2026-05-15 14h49.44.746353 +0200,
,,4,0,4,,,,,,,10,b01,orr,nose,2,bodypart,face,7,73,19,35,None,"(-0.1, 0.1)",None,,,,,,,,,,,,,,0,0,0,0,0,14,14,14,4,0,4,0,280.43344690000004,,,,,,,,,,,,,,,,,,,,,,,,,,,,,,,,,,,,,,,,,,,,,,,,,,,,,,,,,,,,,,,,,,,,,,,,,,,,,,,,,,,,,,,,,,,,,280.4203729000001,280.43344690000004,280.43344690000004,280.43344690000004,280.6164252000003,None,,,,,,,,,,,,,,,,,,,,,,,,,,,,,,,,P7350,Bar_MIC,10,1,2026-05-15_14h49.41.843,MIC_task,,2026.1.2,60.04138051946148,2026-05-15 14h49.44.746353 +0200,
,,5,0,5,,,,,,,10,b01,orr,nose,2,bodypart,face,7,73,19,35,None,"(-0.1, 0.1)",None,,,,,,,,,,,,,,0,0,0,0,0,14,14,14,5,0,5,0,280.6329036000002,,,,,,,,,,,,,,,,,,,,,,,,,,,,,,,,,,,,,,,,,,,,,,,,,,,,,,,,,,,,,,,,,,,,,,,,,,,,,,,,,,,,,,,,,,,,,280.62110540000003,280.6329036000002,280.6329036000002,280.6329036000002,280.81725380000034,None,,,,,,,,,,,,,,,,,,,,,,,,,,,,,,,,P7350,Bar_MIC,10,1,2026-05-15_14h49.41.843,MIC_task,,2026.1.2,60.04138051946148,2026-05-15 14h49.44.746353 +0200,
,,6,0,6,,,,,,,10,b01,orr,nose,2,bodypart,face,7,73,19,35,None,"(-0.1, 0.1)",None,,,,,,,,,,,,,,0,0,0,0,0,14,14,14,6,0,6,0,280.83335490000036,,,,,,,,,,,,,,,,,,,,,,,,,,,,,,,,,,,,,,,,,,,,,,,,,,,,,,,,,,,,,,,,,,,,,,,,,,,,,,,,,,,,,,,,,,,,,280.82196360000034,280.83335490000036,280.83335490000036,280.83335490000036,281.01710390000017,None,,,,,,,,,,,,,,,,,,,,,,,,,,,,,,,,P7350,Bar_MIC,10,1,2026-05-15_14h49.41.843,MIC_task,,2026.1.2,60.04138051946148,2026-05-15 14h49.44.746353 +0200,
,,7,0,7,,,,,,,10,b01,orr,nose,2,bodypart,face,7,73,19,35,None,"(-0.1, 0.1)",None,,,,,,,,,,,,,,0,0,0,0,0,14,14,14,7,0,7,0,281.03388459999996,,,,,,,,,,,,,,,,,,,,,,,,,,,,,,,,,,,,,,,,,,,,,,,,,,,,,,,,,,,,,,,,,,,,,,,,,,,,,,,,,,,,,,,,,,,,,281.0214563000004,281.03388459999996,281.03388459999996,281.03388459999996,281.2166155,None,,,,,,,,,,,,,,,,,,,,,,,,,,,,,,,,P7350,Bar_MIC,10,1,2026-05-15_14h49.41.843,MIC_task,,2026.1.2,60.04138051946148,2026-05-15 14h49.44.746353 +0200,
,,8,0,8,,,,,,,10,b01,orr,nose,2,bodypart,face,7,73,19,35,None,"(-0.1, 0.1)",None,,,,,,,,,,,,,,0,0,0,0,0,14,14,14,8,0,8,0,281.2332312000003,,,,,,,,,,,,,,,,,,,,,,,,,,,,,,,,,,,,,,,,,,,,,,,,,,,,,,,,,,,,,,,,,,,,,,,,,,,,,,,,,,,,,,,,,,,,,281.22098010000036,281.2332312000003,281.2332312000003,281.2332312000003,281.4182632000002,None,,,,,,,,,,,,,,,,,,,,,,,,,,,,,,,,P7350,Bar_MIC,10,1,2026-05-15_14h49.41.843,MIC_task,,2026.1.2,60.04138051946148,2026-05-15 14h49.44.746353 +0200,
,,9,0,9,,,,,,,10,b01,orr,nose,2,bodypart,face,7,73,19,35,None,"(-0.1, 0.1)",None,,,,,,,,,,,,,,0,0,0,0,0,14,14,14,9,0,9,0,281.43631810000034,,,,,,,,,,,,,,,,,,,,,,,,,,,,,,,,,,,,,,,,,,,,,,,,,,,,,,,,,,,,,,,,,,,,,,,,,,,,,,,,,,,,,,,,,,,,,281.4228078000001,281.43631810000034,281.43631810000034,281.43631810000034,281.61742490000006,None,,,,,,,,,,,,,,,,,,,,,,,,,,,,,,,,P7350,Bar_MIC,10,1,2026-05-15_14h49.41.843,MIC_task,,2026.1.2,60.04138051946148,2026-05-15 14h49.44.746353 +0200,
,,10,0,10,,,,,,,10,b01,orr,nose,2,bodypart,face,7,73,19,35,None,"(-0.1, 0.1)",None,,,,,,,,,,,,,,0,0,0,0,0,14,14,14,10,0,10,0,281.63396980000016,,,,,,,,,,,,,,,,,,,,,,,,,,,,,,,,,,,,,,,,,,,,,,,,,,,,,,,,,,,,,,,,,,,,,,,,,,,,,,,,,,,,,,,,,,,,,281.6218928000003,281.63396980000016,281.63396980000016,281.63396980000016,281.81774220000034,None,,,,,,,,,,,,,,,,,,,,,,,,,,,,,,,,P7350,Bar_MIC,10,1,2026-05-15_14h49.41.843,MIC_task,,2026.1.2,60.04138051946148,2026-05-15 14h49.44.746353 +0200,
,,11,0,11,,,,,,,10,b01,orr,nose,2,bodypart,face,7,73,19,35,None,"(-0.1, 0.1)",None,,,,,,,,,,,,,,0,0,0,0,0,14,14,14,11,0,11,0,281.8343646000003,,,,,,,,,,,,,,,,,,,,,,,,,,,,,,,,,,,,,,,,,,,,,,,,,,,,,,,,,,,,,,,,,,,,,,,,,,,,,,,,,,,,,,,,,,,,,281.8221069000001,281.8343646000003,281.8343646000003,281.8343646000003,282.0181243000002,None,,,,,,,,,,,,,,,,,,,,,,,,,,,,,,,,P7350,Bar_MIC,10,1,2026-05-15_14h49.41.843,MIC_task,,2026.1.2,60.04138051946148,2026-05-15 14h49.44.746353 +0200,
,,12,0,12,,,,,,,10,b01,orr,nose,2,bodypart,face,7,73,19,35,None,"(-0.1, 0.1)",None,,,,,,,,,,,,,,0,0,0,0,0,14,14,14,12,0,12,0,282.03471860000036,,,,,,,,,,,,,,,,,,,,,,,,,,,,,,,,,,,,,,,,,,,,,,,,,,,,,,,,,,,,,,,,,,,,,,,,,,,,,,,,,,,,,,,,,,,,,282.0224010000002,282.03471860000036,282.03471860000036,282.03471860000036,282.2188788000003,None,,,,,,,,,,,,,,,,,,,,,,,,,,,,,,,,P7350,Bar_MIC,10,1,2026-05-15_14h49.41.843,MIC_task,,2026.1.2,60.04138051946148,2026-05-15 14h49.44.746353 +0200,
,,13,0,13,,,,,,,10,b01,orr,nose,2,bodypart,face,7,73,19,35,None,"(-0.1, 0.1)",None,,,,,,,,,,,,,,0,0,0,0,0,14,14,14,13,0,13,0,282.23587020000014,,,,,,,,,,,,,,,,,,,,,,,,,,,,,,,,,,,,,,,,,,,,,,,,,,,,,,,,,,,,,,,,,,,,,,,,,,,,,,,,,,,,,,,,,,,,,282.2232647000001,282.23587020000014,282.23587020000014,282.23587020000014,282.41886569999997,None,,,,,,,,,,,,,,,,,,,,,,,,,,,,,,,,P7350,Bar_MIC,10,1,2026-05-15_14h49.41.843,MIC_task,,2026.1.2,60.04138051946148,2026-05-15 14h49.44.746353 +0200,
,,14,0,14,,,,,,,10,b01,orr,nose,2,bodypart,face,7,73,19,35,None,"(-0.1, 0.1)",None,,,,,,,,,,,,,,0,0,0,0,0,14,14,14,14,0,14,0,282.43557090000013,,,,,,,,,,,,,,,,,,,,,,,,,,,,,,,,,,,,,,,,,,,,,,,,,,,,,,,,,,,,,,,,,,,,,,,,,,,,,,,,,,,,,,,,,,,,,282.4233283000003,282.43557090000013,282.43557090000013,282.43557090000013,282.61958430000004,None,,,,,,,,,,,,,,,,,,,,,,,,,,,,,,,,P7350,Bar_MIC,10,1,2026-05-15_14h49.41.843,MIC_task,,2026.1.2,60.04138051946148,2026-05-15 14h49.44.746353 +0200,
,,15,0,15,,,,,,,10,b01,orr,nose,2,bodypart,face,7,73,19,35,None,"(-0.1, 0.1)",None,,,,,,,,,,,,,,0,0,0,0,0,14,14,14,15,0,15,0,282.6362458000003,,,,,,,,,,,,,,,,,,,,,,,,,,,,,,,,,,,,,,,,,,,,,,,,,,,,,,,,,,,,,,,,,,,,,,,,,,,,,,,,,,,,,,,,,,,,,282.62460260000034,282.6362458000003,282.6362458000003,282.6362458000003,282.8196998000003,None,,,,,,,,,,,,,,,,,,,,,,,,,,,,,,,,P7350,Bar_MIC,10,1,2026-05-15_14h49.41.843,MIC_task,,2026.1.2,60.04138051946148,2026-05-15 14h49.44.746353 +0200,
,,16,0,16,,,,,,,10,b01,orr,nose,2,bodypart,face,7,73,19,35,None,"(-0.1, 0.1)",None,,,,,,,,,,,,,,0,0,0,0,0,14,14,14,16,0,16,0,282.8365914000001,,,,,,,,,,,,,,,,,,,,,,,,,,,,,,,,,,,,,,,,,,,,,,,,,,,,,,,,,,,,,,,,,,,,,,,,,,,,,,,,,,,,,,,,,,,,,282.8242892000003,282.8365914000001,282.8365914000001,282.8365914000001,283.02032580000014,None,,,,,,,,,,,,,,,,,,,,,,,,,,,,,,,,P7350,Bar_MIC,10,1,2026-05-15_14h49.41.843,MIC_task,,2026.1.2,60.04138051946148,2026-05-15 14h49.44.746353 +0200,
,,17,0,17,,,,,,,10,b01,orr,nose,2,bodypart,face,7,73,19,35,None,"(-0.1, 0.1)",None,,,,,,,,,,,,,,0,0,0,0,0,14,14,14,17,0,17,0,283.0367207000004,,,,,,,,,,,,,,,,,,,,,,,,,,,,,,,,,,,,,,,,,,,,,,,,,,,,,,,,,,,,,,,,,,,,,,,,,,,,,,,,,,,,,,,,,,,,,283.02507170000035,283.0367207000004,283.0367207000004,283.0367207000004,283.22019580000006,None,,,,,,,,,,,,,,,,,,,,,,,,,,,,,,,,P7350,Bar_MIC,10,1,2026-05-15_14h49.41.843,MIC_task,,2026.1.2,60.04138051946148,2026-05-15 14h49.44.746353 +0200,
,,18,0,18,,,,,,,10,b01,orr,nose,2,bodypart,face,7,73,19,35,None,"(-0.1, 0.1)",None,,,,,,,,,,,,,,0,0,0,0,0,14,14,14,18,0,18,0,283.2367314000003,,,,,,,,,,,,,,,,,,,,,,,,,,,,,,,,,,,,,,,,,,,,,,,,,,,,,,,,,,,,,,,,,,,,,,,,,,,,,,,,,,,,,,,,,,,,,283.2248949,283.2367314000003,283.2367314000003,283.2367314000003,283.4211376000003,None,,,,,,,,,,,,,,,,,,,,,,,,,,,,,,,,P7350,Bar_MIC,10,1,2026-05-15_14h49.41.843,MIC_task,,2026.1.2,60.04138051946148,2026-05-15 14h49.44.746353 +0200,
,,19,0,19,,,,,,,10,b01,orr,nose,2,bodypart,face,7,73,19,35,None,"(-0.1, 0.1)",None,,,,,,,,,,,,,,0,0,0,0,0,14,14,14,19,0,19,0,283.43739470000037,,,,,,,,,,,,,,,,,,,,,,,,,,,,,,,,,,,,,,,,,,,,,,,,,,,,,,,,,,,,,,,,,,,,,,,,,,,,,,,,,,,,,,,,,,,,,283.4264333000001,283.43739470000037,283.43739470000037,283.43739470000037,283.62110120000034,None,,,,,,,,,,,,,,,,,,,,,,,,,,,,,,,,P7350,Bar_MIC,10,1,2026-05-15_14h49.41.843,MIC_task,,2026.1.2,60.04138051946148,2026-05-15 14h49.44.746353 +0200,
,,20,0,20,,,,,,,10,b01,orr,nose,2,bodypart,face,7,73,19,35,None,"(-0.1, 0.1)",None,,,,,,,,,,,,,,0,0,0,0,0,14,14,14,20,0,20,0,283.63695410000037,,,,,,,,,,,,,,,,,,,,,,,,,,,,,,,,,,,,,,,,,,,,,,,,,,,,,,,,,,,,,,,,,,,,,,,,,,,,,,,,,,,,,,,,,,,,,283.62591820000034,283.63695410000037,283.63695410000037,283.63695410000037,283.82075650000024,None,,,,,,,,,,,,,,,,,,,,,,,,,,,,,,,,P7350,Bar_MIC,10,1,2026-05-15_14h49.41.843,MIC_task,,2026.1.2,60.04138051946148,2026-05-15 14h49.44.746353 +0200,
,,21,0,21,,,,,,,10,b01,orr,nose,2,bodypart,face,7,73,19,35,None,"(-0.1, 0.1)",None,,,,,,,,,,,,,,0,0,0,0,0,14,14,14,21,0,21,0,283.8372628000002,,,,,,,,,,,,,,,,,,,,,,,,,,,,,,,,,,,,,,,,,,,,,,,,,,,,,,,,,,,,,,,,,,,,,,,,,,,,,,,,,,,,,,,,,,,,,283.82501630000024,283.8372628000002,283.8372628000002,283.8372628000002,284.0210662000004,None,,,,,,,,,,,,,,,,,,,,,,,,,,,,,,,,P7350,Bar_MIC,10,1,2026-05-15_14h49.41.843,MIC_task,,2026.1.2,60.04138051946148,2026-05-15 14h49.44.746353 +0200,
,,22,0,22,,,,,,,10,b01,orr,nose,2,bodypart,face,7,73,19,35,None,"(-0.1, 0.1)",None,,,,,,,,,,,,,,0,0,0,0,0,14,14,14,22,0,22,0,284.03782120000005,,,,,,,,,,,,,,,,,,,,,,,,,,,,,,,,,,,,,,,,,,,,,,,,,,,,,,,,,,,,,,,,,,,,,,,,,,,,,,,,,,,,,,,,,,,,,284.0263828000002,284.03782120000005,284.03782120000005,284.03782120000005,284.2230179000003,None,,,,,,,,,,,,,,,,,,,,,,,,,,,,,,,,P7350,Bar_MIC,10,1,2026-05-15_14h49.41.843,MIC_task,,2026.1.2,60.04138051946148,2026-05-15 14h49.44.746353 +0200,
,,23,0,23,,,,,,,10,b01,orr,nose,2,bodypart,face,7,73,19,35,None,"(-0.1, 0.1)",None,,,,,,,,,,,,,,0,0,0,0,0,14,14,14,23,0,23,0,284.23810100000037,,,,,,,,,,,,,,,,,,,,,,,,,,,,,,,,,,,,,,,,,,,,,,,,,,,,,,,,,,,,,,,,,,,,,,,,,,,,,,,,,,,,,,,,,,,,,284.22782370000004,284.23810100000037,284.23810100000037,284.23810100000037,284.4229938000003,None,,,,,,,,,,,,,,,,,,,,,,,,,,,,,,,,P7350,Bar_MIC,10,1,2026-05-15_14h49.41.843,MIC_task,,2026.1.2,60.04138051946148,2026-05-15 14h49.44.746353 +0200,
,,24,0,24,,,,,,,10,b01,orr,nose,2,bodypart,face,7,73,19,35,None,"(-0.1, 0.1)",None,,,,,,,,,,,,,,0,0,0,0,0,14,14,14,24,0,24,0,284.4384460000001,,,,,,,,,,,,,,,,,,,,,,,,,,,,,,,,,,,,,,,,,,,,,,,,,,,,,,,,,,,,,,,,,,,,,,,,,,,,,,,,,,,,,,,,,,,,,284.42761420000033,284.4384460000001,284.4384460000001,284.4384460000001,284.62225260000014,None,,,,,,,,,,,,,,,,,,,,,,,,,,,,,,,,P7350,Bar_MIC,10,1,2026-05-15_14h49.41.843,MIC_task,,2026.1.2,60.04138051946148,2026-05-15 14h49.44.746353 +0200,
,,25,0,25,,,,,,,10,b01,orr,nose,2,bodypart,face,7,73,19,35,None,"(-0.1, 0.1)",None,,,,,,,,,,,,,,0,0,0,0,0,14,14,14,25,0,25,0,284.6387804000001,,,,,,,,,,,,,,,,,,,,,,,,,,,,,,,,,,,,,,,,,,,,,,,,,,,,,,,,,,,,,,,,,,,,,,,,,,,,,,,,,,,,,,,,,,,,,284.6270233,284.6387804000001,284.6387804000001,284.6387804000001,284.8226805000004,None,,,,,,,,,,,,,,,,,,,,,,,,,,,,,,,,P7350,Bar_MIC,10,1,2026-05-15_14h49.41.843,MIC_task,,2026.1.2,60.04138051946148,2026-05-15 14h49.44.746353 +0200,
,,26,0,26,,,,,,,10,b01,orr,nose,2,bodypart,face,7,73,19,35,None,"(-0.1, 0.1)",None,,,,,,,,,,,,,,0,0,0,0,0,14,14,14,26,0,26,0,284.8395101000001,,,,,,,,,,,,,,,,,,,,,,,,,,,,,,,,,,,,,,,,,,,,,,,,,,,,,,,,,,,,,,,,,,,,,,,,,,,,,,,,,,,,,,,,,,,,,284.8273841,284.8395101000001,284.8395101000001,284.8395101000001,285.0239468,None,,,,,,,,,,,,,,,,,,,,,,,,,,,,,,,,P7350,Bar_MIC,10,1,2026-05-15_14h49.41.843,MIC_task,,2026.1.2,60.04138051946148,2026-05-15 14h49.44.746353 +0200,
,,27,0,27,,,,,,,10,b01,orr,nose,2,bodypart,face,7,73,19,35,None,"(-0.1, 0.1)",None,,,,,,,,,,,,,,0,0,0,0,0,14,14,14,27,0,27,0,285.0399604000004,,,,,,,,,,,,,,,,,,,,,,,,,,,,,,,,,,,,,,,,,,,,,,,,,,,,,,,,,,,,,,,,,,,,,,,,,,,,,,,,,,,,,,,,,,,,,285.02835830000004,285.0399604000004,285.0399604000004,285.0399604000004,285.2244888,None,,,,,,,,,,,,,,,,,,,,,,,,,,,,,,,,P7350,Bar_MIC,10,1,2026-05-15_14h49.41.843,MIC_task,,2026.1.2,60.04138051946148,2026-05-15 14h49.44.746353 +0200,
,,28,0,28,,,,,,,10,b01,orr,nose,2,bodypart,face,7,73,19,35,None,"(-0.1, 0.1)",None,,,,,,,,,,,,,,0,0,0,0,0,14,14,14,28,0,28,0,285.2400286000002,,,,,,,,,,,,,,,,,,,,,,,,,,,,,,,,,,,,,,,,,,,,,,,,,,,,,,,,,,,,,,,,,,,,,,,,,,,,,,,,,,,,,,,,,,,,,285.22867750000023,285.2400286000002,285.2400286000002,285.2400286000002,285.4240347,None,,,,,,,,,,,,,,,,,,,,,,,,,,,,,,,,P7350,Bar_MIC,10,1,2026-05-15_14h49.41.843,MIC_task,,2026.1.2,60.04138051946148,2026-05-15 14h49.44.746353 +0200,
,,29,0,29,,,,,,,10,b01,orr,nose,2,bodypart,face,7,73,19,35,None,"(-0.1, 0.1)",None,,,,,,,,,,,,,,0,0,0,0,0,14,14,14,29,0,29,0,285.4406951000001,,,,,,,,,,,,,,,,,,,,,,,,,,,,,,,,,,,,,,,,,,,,,,,,,,,,,,,,,,,,,,,,,,,,,,,,,,,,,,,,,,,,,,,,,,,,,285.42828080000027,285.4406951000001,285.4406951000001,285.4406951000001,285.62460320000037,None,,,,,,,,,,,,,,,,,,,,,,,,,,,,,,,,P7350,Bar_MIC,10,1,2026-05-15_14h49.41.843,MIC_task,,2026.1.2,60.04138051946148,2026-05-15 14h49.44.746353 +0200,
,,30,0,30,,,,,,,10,b01,orr,nose,2,bodypart,face,7,73,19,35,None,"(-0.1, 0.1)",None,,,,,,,,,,,,,,0,0,0,0,0,14,14,14,30,0,30,0,285.6409499000001,,,,,,,,,,,,,,,,,,,,,,,,,,,,,,,,,,,,,,,,,,,,,,,,,,,,,,,,,,,,,,,,,,,,,,,,,,,,,,,,,,,,,,,,,,,,,285.6289318000004,285.6409499000001,285.6409499000001,285.6409499000001,285.82439890000023,None,,,,,,,,,,,,,,,,,,,,,,,,,,,,,,,,P7350,Bar_MIC,10,1,2026-05-15_14h49.41.843,MIC_task,,2026.1.2,60.04138051946148,2026-05-15 14h49.44.746353 +0200,
,,31,0,31,,,,,,,10,b01,orr,nose,2,bodypart,face,7,73,19,35,None,"(-0.1, 0.1)",None,,,,,,,,,,,,,,0,0,0,0,0,14,14,14,31,0,31,0,285.8402130000004,,,,,,,,,,,,,,,,,,,,,,,,,,,,,,,,,,,,,,,,,,,,,,,,,,,,,,,,,,,,,,,,,,,,,,,,,,,,,,,,,,,,,,,,,,,,,285.82894269999997,285.8402130000004,285.8402130000004,285.8402130000004,286.02581340000006,None,,,,,,,,,,,,,,,,,,,,,,,,,,,,,,,,P7350,Bar_MIC,10,1,2026-05-15_14h49.41.843,MIC_task,,2026.1.2,60.04138051946148,2026-05-15 14h49.44.746353 +0200,
,,32,0,32,,,,,,,10,b01,orr,nose,2,bodypart,face,7,73,19,35,None,"(-0.1, 0.1)",None,,,,,,,,,,,,,,0,0,0,0,0,14,14,14,32,0,32,0,286.0412073000002,,,,,,,,,,,,,,,,,,,,,,,,,,,,,,,,,,,,,,,,,,,,,,,,,,,,,,,,,,,,,,,,,,,,,,,,,,,,,,,,,,,,,,,,,,,,,286.0303368,286.0412073000002,286.0412073000002,286.0412073000002,286.22447360000024,None,,,,,,,,,,,,,,,,,,,,,,,,,,,,,,,,P7350,Bar_MIC,10,1,2026-05-15_14h49.41.843,MIC_task,,2026.1.2,60.04138051946148,2026-05-15 14h49.44.746353 +0200,
,,33,0,33,,,,,,,10,b01,orr,nose,2,bodypart,face,7,73,19,35,None,"(-0.1, 0.1)",None,,,,,,,,,,,,,,0,0,0,0,0,14,14,14,33,0,33,0,286.24098270000013,,,,,,,,,,,,,,,,,,,,,,,,,,,,,,,,,,,,,,,,,,,,,,,,,,,,,,,,,,,,,,,,,,,,,,,,,,,,,,,,,,,,,,,,,,,,,286.2287851000001,286.24098270000013,286.24098270000013,286.24098270000013,286.4253520000002,None,,,,,,,,,,,,,,,,,,,,,,,,,,,,,,,,P7350,Bar_MIC,10,1,2026-05-15_14h49.41.843,MIC_task,,2026.1.2,60.04138051946148,2026-05-15 14h49.44.746353 +0200,
,,34,0,34,,,,,,,10,b01,orr,nose,2,bodypart,face,7,73,19,35,None,"(-0.1, 0.1)",None,,,,,,,,,,,,,,0,0,0,0,0,14,14,14,34,0,34,0,286.4414452000001,,,,,,,,,,,,,,,,,,,,,,,,,,,,,,,,,,,,,,,,,,,,,,,,,,,,,,,,,,,,,,,,,,,,,,,,,,,,,,,,,,,,,,,,,,,,,286.42964800000027,286.4414452000001,286.4414452000001,286.4414452000001,286.62625879999996,None,,,,,,,,,,,,,,,,,,,,,,,,,,,,,,,,P7350,Bar_MIC,10,1,2026-05-15_14h49.41.843,MIC_task,,2026.1.2,60.04138051946148,2026-05-15 14h49.44.746353 +0200,
,,35,0,35,,,,,,,10,b01,orr,nose,2,bodypart,face,7,73,19,35,None,"(-0.1, 0.1)",None,,,,,,,,,,,,,,0,0,0,0,0,14,14,14,35,0,35,0,286.6418956000002,,,,,,,,,,,,,,,,,,,,,,,,,,,,,,,,,,,,,,,,,,,,,,,,,,,,,,,,,,,,,,,,,,,,,,,,,,,,,,,,,,,,,,,,,,,,,286.6307131000003,286.6418956000002,286.6418956000002,286.6418956000002,286.82570680000026,None,,,,,,,,,,,,,,,,,,,,,,,,,,,,,,,,P7350,Bar_MIC,10,1,2026-05-15_14h49.41.843,MIC_task,,2026.1.2,60.04138051946148,2026-05-15 14h49.44.746353 +0200,
,,36,0,36,,,,,,,10,b01,orr,nose,2,bodypart,face,7,73,19,35,None,"(-0.1, 0.1)",None,,,,,,,,,,,,,,0,0,0,0,0,14,14,14,36,0,36,0,286.84222180000006,,,,,,,,,,,,,,,,,,,,,,,,,,,,,,,,,,,,,,,,,,,,,,,,,,,,,,,,,,,,,,,,,,,,,,,,,,,,,,,,,,,,,,,,,,,,,286.8307688,286.84222180000006,286.84222180000006,286.84222180000006,287.02729130000034,None,,,,,,,,,,,,,,,,,,,,,,,,,,,,,,,,P7350,Bar_MIC,10,1,2026-05-15_14h49.41.843,MIC_task,,2026.1.2,60.04138051946148,2026-05-15 14h49.44.746353 +0200,
,,37,0,37,,,,,,,10,b01,orr,nose,2,bodypart,face,7,73,19,35,None,"(-0.1, 0.1)",None,,,,,,,,,,,,,,0,0,0,0,0,14,14,14,37,0,37,0,287.0426500000003,,,,,,,,,,,,,,,,,,,,,,,,,,,,,,,,,,,,,,,,,,,,,,,,,,,,,,,,,,,,,,,,,,,,,,,,,,,,,,,,,,,,,,,,,,,,,287.03166750000037,287.0426500000003,287.0426500000003,287.0426500000003,287.2275598000001,None,,,,,,,,,,,,,,,,,,,,,,,,,,,,,,,,P7350,Bar_MIC,10,1,2026-05-15_14h49.41.843,MIC_task,,2026.1.2,60.04138051946148,2026-05-15 14h49.44.746353 +0200,
,,38,0,38,,,,,,,10,b01,orr,nose,2,bodypart,face,7,73,19,35,None,"(-0.1, 0.1)",None,,,,,,,,,,,,,,0,0,0,0,0,14,14,14,38,0,38,0,287.2430005000001,,,,,,,,,,,,,,,,,,,,,,,,,,,,,,,,,,,,,,,,,,,,,,,,,,,,,,,,,,,,,,,,,,,,,,,,,,,,,,,,,,,,,,,,,,,,,287.2318636,287.2430005000001,287.2430005000001,287.2430005000001,287.42815840000003,None,,,,,,,,,,,,,,,,,,,,,,,,,,,,,,,,P7350,Bar_MIC,10,1,2026-05-15_14h49.41.843,MIC_task,,2026.1.2,60.04138051946148,2026-05-15 14h49.44.746353 +0200,
,,39,0,39,,,,,,,10,b01,orr,nose,2,bodypart,face,7,73,19,35,None,"(-0.1, 0.1)",None,,,,,,,,,,,,,,0,0,0,0,0,14,14,14,39,0,39,0,287.4433838,,,,,,,,,,,,,,,,,,,,,,,,,,,,,,,,,,,,,,,,,,,,,,,,,,,,,,,,,,,,,,,,,,,,,,,,,,,,,,,,,,,,,,,,,,,,,287.43245400000023,287.4433838,287.4433838,287.4433838,287.6287837,None,,,,,,,,,,,,,,,,,,,,,,,,,,,,,,,,P7350,Bar_MIC,10,1,2026-05-15_14h49.41.843,MIC_task,,2026.1.2,60.04138051946148,2026-05-15 14h49.44.746353 +0200,
,,40,0,40,,,,,,,10,b01,orr,nose,2,bodypart,face,7,73,19,35,None,"(-0.1, 0.1)",None,,,,,,,,,,,,,,0,0,0,0,0,14,14,14,40,0,40,0,287.6435892000004,,,,,,,,,,,,,,,,,,,,,,,,,,,,,,,,,,,,,,,,,,,,,,,,,,,,,,,,,,,,,,,,,,,,,,,,,,,,,,,,,,,,,,,,,,,,,287.63306250000005,287.6435892000004,287.6435892000004,287.6435892000004,287.82759780000015,None,,,,,,,,,,,,,,,,,,,,,,,,,,,,,,,,P7350,Bar_MIC,10,1,2026-05-15_14h49.41.843,MIC_task,,2026.1.2,60.04138051946148,2026-05-15 14h49.44.746353 +0200,
,,41,0,41,,,,,,,10,b01,orr,nose,2,bodypart,face,7,73,19,35,None,"(-0.1, 0.1)",None,,,,,,,,,,,,,,0,0,0,0,0,14,14,14,41,0,41,0,287.84409670000014,,,,,,,,,,,,,,,,,,,,,,,,,,,,,,,,,,,,,,,,,,,,,,,,,,,,,,,,,,,,,,,,,,,,,,,,,,,,,,,,,,,,,,,,,,,,,287.83188450000034,287.84409670000014,287.84409670000014,287.84409670000014,288.0279032000003,None,,,,,,,,,,,,,,,,,,,,,,,,,,,,,,,,P7350,Bar_MIC,10,1,2026-05-15_14h49.41.843,MIC_task,,2026.1.2,60.04138051946148,2026-05-15 14h49.44.746353 +0200,
,,42,0,42,,,,,,,10,b01,orr,nose,2,bodypart,face,7,73,19,35,None,"(-0.1, 0.1)",None,,,,,,,,,,,,,,0,0,0,0,0,14,14,14,42,0,42,0,288.0436060000002,,,,,,,,,,,,,,,,,,,,,,,,,,,,,,,,,,,,,,,,,,,,,,,,,,,,,,,,,,,,,,,,,,,,,,,,,,,,,,,,,,,,,,,,,,,,,288.0320087,288.0436060000002,288.0436060000002,288.0436060000002,288.22742990000006,None,,,,,,,,,,,,,,,,,,,,,,,,,,,,,,,,P7350,Bar_MIC,10,1,2026-05-15_14h49.41.843,MIC_task,,2026.1.2,60.04138051946148,2026-05-15 14h49.44.746353 +0200,
,,43,0,43,,,,,,,10,b01,orr,nose,2,bodypart,face,7,73,19,35,None,"(-0.1, 0.1)",None,,,,,,,,,,,,,,0,0,0,0,0,14,14,14,43,0,43,0,288.24403789999997,,,,,,,,,,,,,,,,,,,,,,,,,,,,,,,,,,,,,,,,,,,,,,,,,,,,,,,,,,,,,,,,,,,,,,,,,,,,,,,,,,,,,,,,,,,,,288.23152530000016,288.24403789999997,288.24403789999997,288.24403789999997,288.4278601000001,None,,,,,,,,,,,,,,,,,,,,,,,,,,,,,,,,P7350,Bar_MIC,10,1,2026-05-15_14h49.41.843,MIC_task,,2026.1.2,60.04138051946148,2026-05-15 14h49.44.746353 +0200,
,,44,0,44,,,,,,,10,b01,orr,nose,2,bodypart,face,7,73,19,35,None,"(-0.1, 0.1)",None,,,,,,,,,,,,,,0,0,0,0,0,14,14,14,44,0,44,0,288.4444744000002,,,,,,,,,,,,,,,,,,,,,,,,,,,,,,,,,,,,,,,,,,,,,,,,,,,,,,,,,,,,,,,,,,,,,,,,,,,,,,,,,,,,,,,,,,,,,288.43235360000017,288.4444744000002,288.4444744000002,288.4444744000002,288.6283045,None,,,,,,,,,,,,,,,,,,,,,,,,,,,,,,,,P7350,Bar_MIC,10,1,2026-05-15_14h49.41.843,MIC_task,,2026.1.2,60.04138051946148,2026-05-15 14h49.44.746353 +0200,
,,45,0,45,,,,,,,10,b01,orr,nose,2,bodypart,face,7,73,19,35,None,"(-0.1, 0.1)",None,,,,,,,,,,,,,,0,0,0,0,0,14,14,14,45,0,45,0,288.64486780000016,,,,,,,,,,,,,,,,,,,,,,,,,,,,,,,,,,,,,,,,,,,,,,,,,,,,,,,,,,,,,,,,,,,,,,,,,,,,,,,,,,,,,,,,,,,,,288.63243710000006,288.64486780000016,288.64486780000016,288.64486780000016,288.83076280000023,None,,,,,,,,,,,,,,,,,,,,,,,,,,,,,,,,P7350,Bar_MIC,10,1,2026-05-15_14h49.41.843,MIC_task,,2026.1.2,60.04138051946148,2026-05-15 14h49.44.746353 +0200,
,,46,0,46,,,,,,,10,b01,orr,nose,2,bodypart,face,7,73,19,35,None,"(-0.1, 0.1)",None,,,,,,,,,,,,,,0,0,0,0,0,14,14,14,46,0,46,0,288.84510880000016,,,,,,,,,,,,,,,,,,,,,,,,,,,,,,,,,,,,,,,,,,,,,,,,,,,,,,,,,,,,,,,,,,,,,,,,,,,,,,,,,,,,,,,,,,,,,288.8356378000003,288.84510880000016,288.84510880000016,288.84510880000016,289.0289549000004,None,,,,,,,,,,,,,,,,,,,,,,,,,,,,,,,,P7350,Bar_MIC,10,1,2026-05-15_14h49.41.843,MIC_task,,2026.1.2,60.04138051946148,2026-05-15 14h49.44.746353 +0200,
,,47,0,47,,,,,,,10,b01,orr,nose,2,bodypart,face,7,73,19,35,None,"(-0.1, 0.1)",None,,,,,,,,,,,,,,0,0,0,0,0,14,14,14,47,0,47,0,289.0456028000003,,,,,,,,,,,,,,,,,,,,,,,,,,,,,,,,,,,,,,,,,,,,,,,,,,,,,,,,,,,,,,,,,,,,,,,,,,,,,,,,,,,,,,,,,,,,,289.0336172000002,289.0456028000003,289.0456028000003,289.0456028000003,289.2292156000003,None,,,,,,,,,,,,,,,,,,,,,,,,,,,,,,,,P7350,Bar_MIC,10,1,2026-05-15_14h49.41.843,MIC_task,,2026.1.2,60.04138051946148,2026-05-15 14h49.44.746353 +0200,
,,48,0,48,,,,,,,10,b01,orr,nose,2,bodypart,face,7,73,19,35,None,"(-0.1, 0.1)",None,,,,,,,,,,,,,,0,0,0,0,0,14,14,14,48,0,48,0,289.2459659000001,,,,,,,,,,,,,,,,,,,,,,,,,,,,,,,,,,,,,,,,,,,,,,,,,,,,,,,,,,,,,,,,,,,,,,,,,,,,,,,,,,,,,,,,,,,,,289.2342702000001,289.2459659000001,289.2459659000001,289.2459659000001,289.42964640000037,None,,,,,,,,,,,,,,,,,,,,,,,,,,,,,,,,P7350,Bar_MIC,10,1,2026-05-15_14h49.41.843,MIC_task,,2026.1.2,60.04138051946148,2026-05-15 14h49.44.746353 +0200,
,,49,0,49,,,,,,,10,b01,orr,nose,2,bodypart,face,7,73,19,35,None,"(-0.1, 0.1)",None,,,,,,,,,,,,,,0,0,0,0,0,14,14,14,49,0,49,0,289.4463144000001,,,,,,,,,,,,,,,,,,,,,,,,,,,,,,,,,,,,,,,,,,,,,,,,,,,,,,,,,,,,,,,,,,,,,,,,,,,,,,,,,,,,,,,,,,,,,289.43429140000035,289.4463144000001,289.4463144000001,289.4463144000001,289.63017149999996,None,,,,,,,,,,,,,,,,,,,,,,,,,,,,,,,,P7350,Bar_MIC,10,1,2026-05-15_14h49.41.843,MIC_task,,2026.1.2,60.04138051946148,2026-05-15 14h49.44.746353 +0200,
,,50,0,50,,,,,,,10,b01,orr,nose,2,bodypart,face,7,73,19,35,None,"(-0.1, 0.1)",None,,,,,,,,,,,,,,0,0,0,0,0,14,14,14,50,0,50,0,289.6467695000001,,,,,,,,,,,,,,,,,,,,,,,,,,,,,,,,,,,,,,,,,,,,,,,,,,,,,,,,,,,,,,,,,,,,,,,,,,,,,,,,,,,,,,,,,,,,,289.63505220000025,289.6467695000001,289.6467695000001,289.6467695000001,289.83048380000037,None,,,,,,,,,,,,,,,,,,,,,,,,,,,,,,,,P7350,Bar_MIC,10,1,2026-05-15_14h49.41.843,MIC_task,,2026.1.2,60.04138051946148,2026-05-15 14h49.44.746353 +0200,
,,51,0,51,,,,,,,10,b01,orr,nose,2,bodypart,face,7,73,19,35,None,"(-0.1, 0.1)",None,,,,,,,,,,,,,,0,0,0,0,0,14,14,14,51,0,51,0,289.84696580000036,,,,,,,,,,,,,,,,,,,,,,,,,,,,,,,,,,,,,,,,,,,,,,,,,,,,,,,,,,,,,,,,,,,,,,,,,,,,,,,,,,,,,,,,,,,,,289.8352503000001,289.84696580000036,289.84696580000036,289.84696580000036,290.03074080000033,None,,,,,,,,,,,,,,,,,,,,,,,,,,,,,,,,P7350,Bar_MIC,10,1,2026-05-15_14h49.41.843,MIC_task,,2026.1.2,60.04138051946148,2026-05-15 14h49.44.746353 +0200,
,,52,0,52,,,,,,,10,b01,orr,nose,2,bodypart,face,7,73,19,35,None,"(-0.1, 0.1)",None,,,,,,,,,,,,,,0,0,0,0,0,14,14,14,52,0,52,0,290.04751780000015,,,,,,,,,,,,,,,,,,,,,,,,,,,,,,,,,,,,,,,,,,,,,,,,,,,,,,,,,,,,,,,,,,,,,,,,,,,,,,,,,,,,,,,,,,,,,290.0362118000003,290.04751780000015,290.04751780000015,290.04751780000015,290.2157722000002,None,,,,,,,,,,,,,,,,,,,,,,,,,,,,,,,,P7350,Bar_MIC,10,1,2026-05-15_14h49.41.843,MIC_task,,2026.1.2,60.04138051946148,2026-05-15 14h49.44.746353 +0200,
,,53,0,53,,,,,,,10,b01,orr,nose,2,bodypart,face,7,73,19,35,None,"(-0.1, 0.1)",None,,,,,,,,,,,,,,0,0,0,0,0,14,14,14,53,0,53,0,290.2303361000004,,,,,,,,,,,,,,,,,,,,,,,,,,,,,,,,,,,,,,,,,,,,,,,,,,,,,,,,,,,,,,,,,,,,,,,,,,,,,,,,,,,,,,,,,,,,,290.2201460000001,290.2303361000004,290.2303361000004,290.2303361000004,290.41597980000006,None,,,,,,,,,,,,,,,,,,,,,,,,,,,,,,,,P7350,Bar_MIC,10,1,2026-05-15_14h49.41.843,MIC_task,,2026.1.2,60.04138051946148,2026-05-15 14h49.44.746353 +0200,
,,54,0,54,,,,,,,10,b01,orr,nose,2,bodypart,face,7,73,19,35,None,"(-0.1, 0.1)",None,,,,,,,,,,,,,,0,0,0,0,0,14,14,14,54,0,54,0,290.43064760000016,,,,,,,,,,,,,,,,,,,,,,,,,,,,,,,,,,,,,,,,,,,,,,,,,,,,,,,,,,,,,,,,,,,,,,,,,,,,,,,,,,,,,,,,,,,,,290.42019960000016,290.43064760000016,290.43064760000016,290.43064760000016,290.61523639999996,None,,,,,,,,,,,,,,,,,,,,,,,,,,,,,,,,P7350,Bar_MIC,10,1,2026-05-15_14h49.41.843,MIC_task,,2026.1.2,60.04138051946148,2026-05-15 14h49.44.746353 +0200,
,,55,0,55,,,,,,,10,b01,orr,nose,2,bodypart,face,7,73,19,35,None,"(-0.1, 0.1)",None,,,,,,,,,,,,,,0,0,0,0,0,14,14,14,55,0,55,0,290.6310429,,,,,,,,,,,,,,,,,,,,,,,,,,,,,,,,,,,,,,,,,,,,,,,,,,,,,,,,,,,,,,,,,,,,,,,,,,,,,,,,,,,,,,,,,,,,,290.61960640000007,290.6310429,290.6310429,290.6310429,290.81551370000034,None,,,,,,,,,,,290.8313430000003,290.8313430000003,290.8313430000003,,,,,,,,,,,,,,,,,,,P7350,Bar_MIC,10,1,2026-05-15_14h49.41.843,MIC_task,,2026.1.2,60.04138051946148,2026-05-15 14h49.44.746353 +0200,
,,56,0,56,,,,,,,10,b01,orr,nose,2,bodypart,face,7,73,19,35,None,"(-0.1, 0.1)",None,,,,,,,,,,,,,,0,0,0,0,0,14,14,14,56,0,56,0,290.8313430000003,,,,,,,,,,,,,,,,,,,,,,,,,,,,,,,,,,,,,,,,,,,,,,,,,,,,,,,,,,,,,,,,,,,,,,,,,,,,,,,,,,,,,,,,,,,,,290.82161140000017,290.8313430000003,290.8313430000003,290.8313430000003,291.0153859000002,None,,,,,,,,,,,,,,,,,,,,,,,,,,,,,,,,P7350,Bar_MIC,10,1,2026-05-15_14h49.41.843,MIC_task,,2026.1.2,60.04138051946148,2026-05-15 14h49.44.746353 +0200,
,,57,0,57,,,,,,,10,b01,orr,nose,2,bodypart,face,7,73,19,35,None,"(-0.1, 0.1)",None,,,,,,,,,,,,,,0,0,0,0,0,14,14,14,57,0,57,0,291.0318288000003,,,,,,,,,,,,,,,,,,,,,,,,,,,,,,,,,,,,,,,,,,,,,,,,,,,,,,,,,,,,,,,,,,,,,,,,,,,,,,,,,,,,,,,,,,,,,291.0195157000003,291.0318288000003,291.0318288000003,291.0318288000003,291.2154991000002,None,,,,,,,,,,,,,,,,,,,,,,,,,,,,,,,,P7350,Bar_MIC,10,1,2026-05-15_14h49.41.843,MIC_task,,2026.1.2,60.04138051946148,2026-05-15 14h49.44.746353 +0200,
,,58,0,58,,,,,,,10,b01,orr,nose,2,bodypart,face,7,73,19,35,None,"(-0.1, 0.1)",space,0.10785559999976613,None,,,,,,,,,,,,0,0,0,0,0,14,14,14,58,0,58,0,291.23247330000004,,,,,,,,,,,,,,,,,,,,,,,,,,,,,,,,,,,,,,,,,,,,,,,,,,,,,,,,,,,,,,,,,,,,,,,,,,,,,,,,,,,,,,,,,,,,,291.2196743000004,291.23247330000004,291.23247330000004,291.23247330000004,291.3506674,space,0.10785559999976613,None,,,,,,,,,,,,,,,,,,,,,,,,,,,,,,P7350,Bar_MIC,10,1,2026-05-15_14h49.41.843,MIC_task,,2026.1.2,60.04138051946148,2026-05-15 14h49.44.746353 +0200,
,,14,14,0,,,,space,3.0796488999999383,None,10,b01,orr,nose,2,bodypart,face,7,73,19,35,None,"(-0.1, 0.1)",,,,,,,,,,,,,,,0,0,0,0,0,14,14,14,,,,,,,,,,,,,,,,,,,,,,,,,,,,,,,,,,,,,,,,,,,,,,,,,,,,,,,,,,,,,,,,,,,,,,,,,,,,,,,,,291.4474338,291.45478030000004,291.44946209999995,293.3529216000002,,,,,,295.35662260000026,295.3725932000002,295.3725932000002,298.46134170000005,,,,,,,,,,,,,293.3841934000002,293.39106040000024,293.3859266333334,295.2715849000001,295.35653,space,3.0796488999999383,None,,,,,,,,,,,,,,,,,,,,,,P7350,Bar_MIC,10,1,2026-05-15_14h49.41.843,MIC_task,,2026.1.2,60.04138051946148,2026-05-15 14h49.44.746353 +0200,
,,0,0,0,,,,,,,10,l18,lépcső,stairs,5,location,house,6.4,21,24,78,None,"(0.1, -0.1)",None,,,,,,,,,,,,,,0,0,0,0,0,15,15,15,0,0,0,0,298.4901638000001,,,,,,,,,,,,,,,,,,,,,,,,,,,,,,,,,,,,,,,,,,,,,,,,,,,,,,,,,,,,,,,,,,,,,,,,,,,,,,,,,,,,,,,,,,,,,298.48285669999996,298.4901638000001,298.4901638000001,298.4901638000001,298.6784203000002,None,,,,,,,,,,,,,,,,,,,,,,,,,,,,,,,,P7350,Bar_MIC,10,1,2026-05-15_14h49.41.843,MIC_task,,2026.1.2,60.04138051946148,2026-05-15 14h49.44.746353 +0200,
,,0,0,0,,,,,,,10,l18,lépcső,stairs,5,location,house,6.4,21,24,78,None,"(0.1, -0.1)",None,,,,,,,,,,,,,,0,0,0,0,0,15,15,15,0,0,0,0,298.69407060000003,,,,,,,,,,,,,,,,,,,,,,,,,,,,,,,,,,,,,,,,,,,,,,,,,,,,,,,,,,,,,,,,,,,,,,,,,,,,,,,,,,,,,,,,,,,,,298.6828157,298.69407060000003,298.69407060000003,298.69407060000003,298.87827530000004,None,,,,,,,,,,,,,,,,,,,,,,,,,,,,,,,,P7350,Bar_MIC,10,1,2026-05-15_14h49.41.843,MIC_task,,2026.1.2,60.04138051946148,2026-05-15 14h49.44.746353 +0200,
,,1,0,1,,,,,,,10,l18,lépcső,stairs,5,location,house,6.4,21,24,78,None,"(0.1, -0.1)",None,,,,,,,,,,,,,,0,0,0,0,0,15,15,15,1,0,1,0,298.8941874000002,,,,,,,,,,,,,,,,,,,,,,,,,,,,,,,,,,,,,,,,,,,,,,,,,,,,,,,,,,,,,,,,,,,,,,,,,,,,,,,,,,,,,,,,,,,,,298.88271350000014,298.8941874000002,298.8941874000002,298.8941874000002,299.0620068000003,None,,,,,,,,,,,,,,,,,,,,,,,,,,,,,,,,P7350,Bar_MIC,10,1,2026-05-15_14h49.41.843,MIC_task,,2026.1.2,60.04138051946148,2026-05-15 14h49.44.746353 +0200,
,,2,0,2,,,,,,,10,l18,lépcső,stairs,5,location,house,6.4,21,24,78,None,"(0.1, -0.1)",None,,,,,,,,,,,,,,0,0,0,0,0,15,15,15,2,0,2,0,299.0770657000003,,,,,,,,,,,,,,,,,,,,,,,,,,,,,,,,,,,,,,,,,,,,,,,,,,,,,,,,,,,,,,,,,,,,,,,,,,,,,,,,,,,,,,,,,,,,,299.0666619000003,299.0770657000003,299.0770657000003,299.0770657000003,299.2618884000003,None,,,,,,,,,,,,,,,,,,,,,,,,,,,,,,,,P7350,Bar_MIC,10,1,2026-05-15_14h49.41.843,MIC_task,,2026.1.2,60.04138051946148,2026-05-15 14h49.44.746353 +0200,
,,3,0,3,,,,,,,10,l18,lépcső,stairs,5,location,house,6.4,21,24,78,None,"(0.1, -0.1)",None,,,,,,,,,,,,,,0,0,0,0,0,15,15,15,3,0,3,0,299.27782830000024,,,,,,,,,,,,,,,,,,,,,,,,,,,,,,,,,,,,,,,,,,,,,,,,,,,,,,,,,,,,,,,,,,,,,,,,,,,,,,,,,,,,,,,,,,,,,299.2672005000004,299.27782830000024,299.27782830000024,299.27782830000024,299.46183629999996,None,,,,,,,,,,,299.4779343,299.4779343,299.4779343,,,,,,,,,,,,,,,,,,,P7350,Bar_MIC,10,1,2026-05-15_14h49.41.843,MIC_task,,2026.1.2,60.04138051946148,2026-05-15 14h49.44.746353 +0200,
,,4,0,4,,,,,,,10,l18,lépcső,stairs,5,location,house,6.4,21,24,78,None,"(0.1, -0.1)",None,,,,,,,,,,,,,,0,0,0,0,0,15,15,15,4,0,4,0,299.4779343,,,,,,,,,,,,,,,,,,,,,,,,,,,,,,,,,,,,,,,,,,,,,,,,,,,,,,,,,,,,,,,,,,,,,,,,,,,,,,,,,,,,,,,,,,,,,299.4668606,299.4779343,299.4779343,299.4779343,299.6630210000003,None,,,,,,,,,,,,,,,,,,,,,,,,,,,,,,,,P7350,Bar_MIC,10,1,2026-05-15_14h49.41.843,MIC_task,,2026.1.2,60.04138051946148,2026-05-15 14h49.44.746353 +0200,
,,5,0,5,,,,,,,10,l18,lépcső,stairs,5,location,house,6.4,21,24,78,None,"(0.1, -0.1)",None,,,,,,,,,,,,,,0,0,0,0,0,15,15,15,5,0,5,0,299.6782483000002,,,,,,,,,,,,,,,,,,,,,,,,,,,,,,,,,,,,,,,,,,,,,,,,,,,,,,,,,,,,,,,,,,,,,,,,,,,,,,,,,,,,,,,,,,,,,299.66768660000025,299.6782483000002,299.6782483000002,299.6782483000002,299.86220430000003,None,,,,,,,,,,,,,,,,,,,,,,,,,,,,,,,,P7350,Bar_MIC,10,1,2026-05-15_14h49.41.843,MIC_task,,2026.1.2,60.04138051946148,2026-05-15 14h49.44.746353 +0200,
,,6,0,6,,,,,,,10,l18,lépcső,stairs,5,location,house,6.4,21,24,78,None,"(0.1, -0.1)",None,,,,,,,,,,,,,,0,0,0,0,0,15,15,15,6,0,6,0,299.8787355000004,,,,,,,,,,,,,,,,,,,,,,,,,,,,,,,,,,,,,,,,,,,,,,,,,,,,,,,,,,,,,,,,,,,,,,,,,,,,,,,,,,,,,,,,,,,,,299.8667352000002,299.8787355000004,299.8787355000004,299.8787355000004,300.0624958000003,None,,,,,,,,,,,,,,,,,,,,,,,,,,,,,,,,P7350,Bar_MIC,10,1,2026-05-15_14h49.41.843,MIC_task,,2026.1.2,60.04138051946148,2026-05-15 14h49.44.746353 +0200,
,,7,0,7,,,,,,,10,l18,lépcső,stairs,5,location,house,6.4,21,24,78,None,"(0.1, -0.1)",None,,,,,,,,,,,,,,0,0,0,0,0,15,15,15,7,0,7,0,300.0790889,,,,,,,,,,,,,,,,,,,,,,,,,,,,,,,,,,,,,,,,,,,,,,,,,,,,,,,,,,,,,,,,,,,,,,,,,,,,,,,,,,,,,,,,,,,,,300.0668883000003,300.0790889,300.0790889,300.0790889,300.26316180000003,None,,,,,,,,,,,,,,,,,,,,,,,,,,,,,,,,P7350,Bar_MIC,10,1,2026-05-15_14h49.41.843,MIC_task,,2026.1.2,60.04138051946148,2026-05-15 14h49.44.746353 +0200,
,,8,0,8,,,,,,,10,l18,lépcső,stairs,5,location,house,6.4,21,24,78,None,"(0.1, -0.1)",None,,,,,,,,,,,,,,0,0,0,0,0,15,15,15,8,0,8,0,300.27951110000004,,,,,,,,,,,,,,,,,,,,,,,,,,,,,,,,,,,,,,,,,,,,,,,,,,,,,,,,,,,,,,,,,,,,,,,,,,,,,,,,,,,,,,,,,,,,,300.26761380000016,300.27951110000004,300.27951110000004,300.27951110000004,300.4632217000003,None,,,,,,,,,,,,,,,,,,,,,,,,,,,,,,,,P7350,Bar_MIC,10,1,2026-05-15_14h49.41.843,MIC_task,,2026.1.2,60.04138051946148,2026-05-15 14h49.44.746353 +0200,
,,9,0,9,,,,,,,10,l18,lépcső,stairs,5,location,house,6.4,21,24,78,None,"(0.1, -0.1)",None,,,,,,,,,,,,,,0,0,0,0,0,15,15,15,9,0,9,0,300.4798944000004,,,,,,,,,,,,,,,,,,,,,,,,,,,,,,,,,,,,,,,,,,,,,,,,,,,,,,,,,,,,,,,,,,,,,,,,,,,,,,,,,,,,,,,,,,,,,300.46782380000013,300.4798944000004,300.4798944000004,300.4798944000004,300.6638600000001,None,,,,,,,,,,,,,,,,,,,,,,,,,,,,,,,,P7350,Bar_MIC,10,1,2026-05-15_14h49.41.843,MIC_task,,2026.1.2,60.04138051946148,2026-05-15 14h49.44.746353 +0200,
,,10,0,10,,,,,,,10,l18,lépcső,stairs,5,location,house,6.4,21,24,78,None,"(0.1, -0.1)",None,,,,,,,,,,,,,,0,0,0,0,0,15,15,15,10,0,10,0,300.68012690000023,,,,,,,,,,,,,,,,,,,,,,,,,,,,,,,,,,,,,,,,,,,,,,,,,,,,,,,,,,,,,,,,,,,,,,,,,,,,,,,,,,,,,,,,,,,,,300.6684843000003,300.68012690000023,300.68012690000023,300.68012690000023,300.86497510000027,None,,,,,,,,,,,,,,,,,,,,,,,,,,,,,,,,P7350,Bar_MIC,10,1,2026-05-15_14h49.41.843,MIC_task,,2026.1.2,60.04138051946148,2026-05-15 14h49.44.746353 +0200,
,,11,0,11,,,,,,,10,l18,lépcső,stairs,5,location,house,6.4,21,24,78,None,"(0.1, -0.1)",None,,,,,,,,,,,,,,0,0,0,0,0,15,15,15,11,0,11,0,300.8805911000004,,,,,,,,,,,,,,,,,,,,,,,,,,,,,,,,,,,,,,,,,,,,,,,,,,,,,,,,,,,,,,,,,,,,,,,,,,,,,,,,,,,,,,,,,,,,,300.86967460000005,300.8805911000004,300.8805911000004,300.8805911000004,301.06459760000007,None,,,,,,,,,,,,,,,,,,,,,,,,,,,,,,,,P7350,Bar_MIC,10,1,2026-05-15_14h49.41.843,MIC_task,,2026.1.2,60.04138051946148,2026-05-15 14h49.44.746353 +0200,
,,12,0,12,,,,,,,10,l18,lépcső,stairs,5,location,house,6.4,21,24,78,None,"(0.1, -0.1)",None,,,,,,,,,,,,,,0,0,0,0,0,15,15,15,12,0,12,0,301.0811109000001,,,,,,,,,,,,,,,,,,,,,,,,,,,,,,,,,,,,,,,,,,,,,,,,,,,,,,,,,,,,,,,,,,,,,,,,,,,,,,,,,,,,,,,,,,,,,301.0693134000003,301.0811109000001,301.0811109000001,301.0811109000001,301.26494950000006,None,,,,,,,,,,,,,,,,,,,,,,,,,,,,,,,,P7350,Bar_MIC,10,1,2026-05-15_14h49.41.843,MIC_task,,2026.1.2,60.04138051946148,2026-05-15 14h49.44.746353 +0200,
,,13,0,13,,,,,,,10,l18,lépcső,stairs,5,location,house,6.4,21,24,78,None,"(0.1, -0.1)",None,,,,,,,,,,,,,,0,0,0,0,0,15,15,15,13,0,13,0,301.28149310000026,,,,,,,,,,,,,,,,,,,,,,,,,,,,,,,,,,,,,,,,,,,,,,,,,,,,,,,,,,,,,,,,,,,,,,,,,,,,,,,,,,,,,,,,,,,,,301.2693900000004,301.28149310000026,301.28149310000026,301.28149310000026,301.4642339000002,None,,,,,,,,,,,,,,,,,,,,,,,,,,,,,,,,P7350,Bar_MIC,10,1,2026-05-15_14h49.41.843,MIC_task,,2026.1.2,60.04138051946148,2026-05-15 14h49.44.746353 +0200,
,,14,0,14,,,,,,,10,l18,lépcső,stairs,5,location,house,6.4,21,24,78,None,"(0.1, -0.1)",None,,,,,,,,,,,,,,0,0,0,0,0,15,15,15,14,0,14,0,301.48083140000017,,,,,,,,,,,,,,,,,,,,,,,,,,,,,,,,,,,,,,,,,,,,,,,,,,,,,,,,,,,,,,,,,,,,,,,,,,,,,,,,,,,,,,,,,,,,,301.46862120000014,301.48083140000017,301.48083140000017,301.48083140000017,301.66569560000016,None,,,,,,,,,,,,,,,,,,,,,,,,,,,,,,,,P7350,Bar_MIC,10,1,2026-05-15_14h49.41.843,MIC_task,,2026.1.2,60.04138051946148,2026-05-15 14h49.44.746353 +0200,
,,15,0,15,,,,,,,10,l18,lépcső,stairs,5,location,house,6.4,21,24,78,None,"(0.1, -0.1)",None,,,,,,,,,,,,,,0,0,0,0,0,15,15,15,15,0,15,0,301.68132560000004,,,,,,,,,,,,,,,,,,,,,,,,,,,,,,,,,,,,,,,,,,,,,,,,,,,,,,,,,,,,,,,,,,,,,,,,,,,,,,,,,,,,,,,,,,,,,301.67025460000013,301.68132560000004,301.68132560000004,301.68132560000004,301.865182,None,,,,,,,,,,,,,,,,,,,,,,,,,,,,,,,,P7350,Bar_MIC,10,1,2026-05-15_14h49.41.843,MIC_task,,2026.1.2,60.04138051946148,2026-05-15 14h49.44.746353 +0200,
,,16,0,16,,,,,,,10,l18,lépcső,stairs,5,location,house,6.4,21,24,78,None,"(0.1, -0.1)",None,,,,,,,,,,,,,,0,0,0,0,0,15,15,15,16,0,16,0,301.88165630000003,,,,,,,,,,,,,,,,,,,,,,,,,,,,,,,,,,,,,,,,,,,,,,,,,,,,,,,,,,,,,,,,,,,,,,,,,,,,,,,,,,,,,,,,,,,,,301.8695444,301.88165630000003,301.88165630000003,301.88165630000003,302.0655319000002,None,,,,,,,,,,,,,,,,,,,,,,,,,,,,,,,,P7350,Bar_MIC,10,1,2026-05-15_14h49.41.843,MIC_task,,2026.1.2,60.04138051946148,2026-05-15 14h49.44.746353 +0200,
,,17,0,17,,,,,,,10,l18,lépcső,stairs,5,location,house,6.4,21,24,78,None,"(0.1, -0.1)",None,,,,,,,,,,,,,,0,0,0,0,0,15,15,15,17,0,17,0,302.08221010000034,,,,,,,,,,,,,,,,,,,,,,,,,,,,,,,,,,,,,,,,,,,,,,,,,,,,,,,,,,,,,,,,,,,,,,,,,,,,,,,,,,,,,,,,,,,,,302.0700582000004,302.08221010000034,302.08221010000034,302.08221010000034,302.2659324000001,None,,,,,,,,,,,,,,,,,,,,,,,,,,,,,,,,P7350,Bar_MIC,10,1,2026-05-15_14h49.41.843,MIC_task,,2026.1.2,60.04138051946148,2026-05-15 14h49.44.746353 +0200,
,,18,0,18,,,,,,,10,l18,lépcső,stairs,5,location,house,6.4,21,24,78,None,"(0.1, -0.1)",None,,,,,,,,,,,,,,0,0,0,0,0,15,15,15,18,0,18,0,302.2827261000002,,,,,,,,,,,,,,,,,,,,,,,,,,,,,,,,,,,,,,,,,,,,,,,,,,,,,,,,,,,,,,,,,,,,,,,,,,,,,,,,,,,,,,,,,,,,,302.27054940000016,302.2827261000002,302.2827261000002,302.2827261000002,302.46621140000025,None,,,,,,,,,,,,,,,,,,,,,,,,,,,,,,,,P7350,Bar_MIC,10,1,2026-05-15_14h49.41.843,MIC_task,,2026.1.2,60.04138051946148,2026-05-15 14h49.44.746353 +0200,
,,19,0,19,,,,,,,10,l18,lépcső,stairs,5,location,house,6.4,21,24,78,None,"(0.1, -0.1)",None,,,,,,,,,,,,,,0,0,0,0,0,15,15,15,19,0,19,0,302.4828142000001,,,,,,,,,,,,,,,,,,,,,,,,,,,,,,,,,,,,,,,,,,,,,,,,,,,,,,,,,,,,,,,,,,,,,,,,,,,,,,,,,,,,,,,,,,,,,302.4707106000001,302.4828142000001,302.4828142000001,302.4828142000001,302.66732960000036,None,,,,,,,,,,,,,,,,,,,,,,,,,,,,,,,,P7350,Bar_MIC,10,1,2026-05-15_14h49.41.843,MIC_task,,2026.1.2,60.04138051946148,2026-05-15 14h49.44.746353 +0200,
,,20,0,20,,,,,,,10,l18,lépcső,stairs,5,location,house,6.4,21,24,78,None,"(0.1, -0.1)",None,,,,,,,,,,,,,,0,0,0,0,0,15,15,15,20,0,20,0,302.6831496,,,,,,,,,,,,,,,,,,,,,,,,,,,,,,,,,,,,,,,,,,,,,,,,,,,,,,,,,,,,,,,,,,,,,,,,,,,,,,,,,,,,,,,,,,,,,302.67283210000005,302.6831496,302.6831496,302.6831496,302.86794929999996,None,,,,,,,,,,,,,,,,,,,,,,,,,,,,,,,,P7350,Bar_MIC,10,1,2026-05-15_14h49.41.843,MIC_task,,2026.1.2,60.04138051946148,2026-05-15 14h49.44.746353 +0200,
,,21,0,21,,,,,,,10,l18,lépcső,stairs,5,location,house,6.4,21,24,78,None,"(0.1, -0.1)",None,,,,,,,,,,,,,,0,0,0,0,0,15,15,15,21,0,21,0,302.8835586,,,,,,,,,,,,,,,,,,,,,,,,,,,,,,,,,,,,,,,,,,,,,,,,,,,,,,,,,,,,,,,,,,,,,,,,,,,,,,,,,,,,,,,,,,,,,302.87235820000024,302.8835586,302.8835586,302.8835586,303.0676569000002,None,,,,,,,,,,,,,,,,,,,,,,,,,,,,,,,,P7350,Bar_MIC,10,1,2026-05-15_14h49.41.843,MIC_task,,2026.1.2,60.04138051946148,2026-05-15 14h49.44.746353 +0200,
,,22,0,22,,,,,,,10,l18,lépcső,stairs,5,location,house,6.4,21,24,78,None,"(0.1, -0.1)",None,,,,,,,,,,,,,,0,0,0,0,0,15,15,15,22,0,22,0,303.08389190000025,,,,,,,,,,,,,,,,,,,,,,,,,,,,,,,,,,,,,,,,,,,,,,,,,,,,,,,,,,,,,,,,,,,,,,,,,,,,,,,,,,,,,,,,,,,,,303.07238570000027,303.08389190000025,303.08389190000025,303.08389190000025,303.26797860000033,None,,,,,,,,,,,,,,,,,,,,,,,,,,,,,,,,P7350,Bar_MIC,10,1,2026-05-15_14h49.41.843,MIC_task,,2026.1.2,60.04138051946148,2026-05-15 14h49.44.746353 +0200,
,,23,0,23,,,,,,,10,l18,lépcső,stairs,5,location,house,6.4,21,24,78,None,"(0.1, -0.1)",None,,,,,,,,,,,,,,0,0,0,0,0,15,15,15,23,0,23,0,303.2841687,,,,,,,,,,,,,,,,,,,,,,,,,,,,,,,,,,,,,,,,,,,,,,,,,,,,,,,,,,,,,,,,,,,,,,,,,,,,,,,,,,,,,,,,,,,,,303.27258710000024,303.2841687,303.2841687,303.2841687,303.4678786000004,None,,,,,,,,,,,,,,,,,,,,,,,,,,,,,,,,P7350,Bar_MIC,10,1,2026-05-15_14h49.41.843,MIC_task,,2026.1.2,60.04138051946148,2026-05-15 14h49.44.746353 +0200,
,,24,0,24,,,,,,,10,l18,lépcső,stairs,5,location,house,6.4,21,24,78,None,"(0.1, -0.1)",None,,,,,,,,,,,,,,0,0,0,0,0,15,15,15,24,0,24,0,303.48384980000037,,,,,,,,,,,,,,,,,,,,,,,,,,,,,,,,,,,,,,,,,,,,,,,,,,,,,,,,,,,,,,,,,,,,,,,,,,,,,,,,,,,,,,,,,,,,,303.47263060000023,303.48384980000037,303.48384980000037,303.48384980000037,303.6676106,None,,,,,,,,,,,,,,,,,,,,,,,,,,,,,,,,P7350,Bar_MIC,10,1,2026-05-15_14h49.41.843,MIC_task,,2026.1.2,60.04138051946148,2026-05-15 14h49.44.746353 +0200,
,,25,0,25,,,,,,,10,l18,lépcső,stairs,5,location,house,6.4,21,24,78,None,"(0.1, -0.1)",None,,,,,,,,,,,,,,0,0,0,0,0,15,15,15,25,0,25,0,303.68503899999996,,,,,,,,,,,,,,,,,,,,,,,,,,,,,,,,,,,,,,,,,,,,,,,,,,,,,,,,,,,,,,,,,,,,,,,,,,,,,,,,,,,,,,,,,,,,,303.6720464,303.68503899999996,303.68503899999996,303.68503899999996,303.8689322,None,,,,,,,,,,,,,,,,,,,,,,,,,,,,,,,,P7350,Bar_MIC,10,1,2026-05-15_14h49.41.843,MIC_task,,2026.1.2,60.04138051946148,2026-05-15 14h49.44.746353 +0200,
,,26,0,26,,,,,,,10,l18,lépcső,stairs,5,location,house,6.4,21,24,78,None,"(0.1, -0.1)",None,,,,,,,,,,,,,,0,0,0,0,0,15,15,15,26,0,26,0,303.88554650000015,,,,,,,,,,,,,,,,,,,,,,,,,,,,,,,,,,,,,,,,,,,,,,,,,,,,,,,,,,,,,,,,,,,,,,,,,,,,,,,,,,,,,,,,,,,,,303.87404190000007,303.88554650000015,303.88554650000015,303.88554650000015,304.0683590000003,None,,,,,,,,,,,,,,,,,,,,,,,,,,,,,,,,P7350,Bar_MIC,10,1,2026-05-15_14h49.41.843,MIC_task,,2026.1.2,60.04138051946148,2026-05-15 14h49.44.746353 +0200,
,,27,0,27,,,,,,,10,l18,lépcső,stairs,5,location,house,6.4,21,24,78,None,"(0.1, -0.1)",None,,,,,,,,,,,,,,0,0,0,0,0,15,15,15,27,0,27,0,304.0851667000002,,,,,,,,,,,,,,,,,,,,,,,,,,,,,,,,,,,,,,,,,,,,,,,,,,,,,,,,,,,,,,,,,,,,,,,,,,,,,,,,,,,,,,,,,,,,,304.07285720000027,304.0851667000002,304.0851667000002,304.0851667000002,304.2687087000004,None,,,,,,,,,,,,,,,,,,,,,,,,,,,,,,,,P7350,Bar_MIC,10,1,2026-05-15_14h49.41.843,MIC_task,,2026.1.2,60.04138051946148,2026-05-15 14h49.44.746353 +0200,
,,28,0,28,,,,,,,10,l18,lépcső,stairs,5,location,house,6.4,21,24,78,None,"(0.1, -0.1)",None,,,,,,,,,,,,,,0,0,0,0,0,15,15,15,28,0,28,0,304.28534020000006,,,,,,,,,,,,,,,,,,,,,,,,,,,,,,,,,,,,,,,,,,,,,,,,,,,,,,,,,,,,,,,,,,,,,,,,,,,,,,,,,,,,,,,,,,,,,304.27350320000005,304.28534020000006,304.28534020000006,304.28534020000006,304.4692605,None,,,,,,,,,,,,,,,,,,,,,,,,,,,,,,,,P7350,Bar_MIC,10,1,2026-05-15_14h49.41.843,MIC_task,,2026.1.2,60.04138051946148,2026-05-15 14h49.44.746353 +0200,
,,29,0,29,,,,,,,10,l18,lépcső,stairs,5,location,house,6.4,21,24,78,None,"(0.1, -0.1)",None,,,,,,,,,,,,,,0,0,0,0,0,15,15,15,29,0,29,0,304.48581950000016,,,,,,,,,,,,,,,,,,,,,,,,,,,,,,,,,,,,,,,,,,,,,,,,,,,,,,,,,,,,,,,,,,,,,,,,,,,,,,,,,,,,,,,,,,,,,304.47348820000025,304.48581950000016,304.48581950000016,304.48581950000016,304.6695665000002,None,,,,,,,,,,,,,,,,,,,,,,,,,,,,,,,,P7350,Bar_MIC,10,1,2026-05-15_14h49.41.843,MIC_task,,2026.1.2,60.04138051946148,2026-05-15 14h49.44.746353 +0200,
,,30,0,30,,,,,,,10,l18,lépcső,stairs,5,location,house,6.4,21,24,78,None,"(0.1, -0.1)",None,,,,,,,,,,,,,,0,0,0,0,0,15,15,15,30,0,30,0,304.6864479000001,,,,,,,,,,,,,,,,,,,,,,,,,,,,,,,,,,,,,,,,,,,,,,,,,,,,,,,,,,,,,,,,,,,,,,,,,,,,,,,,,,,,,,,,,,,,,304.6741068000001,304.6864479000001,304.6864479000001,304.6864479000001,304.87030830000003,None,,,,,,,,,,,,,,,,,,,,,,,,,,,,,,,,P7350,Bar_MIC,10,1,2026-05-15_14h49.41.843,MIC_task,,2026.1.2,60.04138051946148,2026-05-15 14h49.44.746353 +0200,
,,31,0,31,,,,,,,10,l18,lépcső,stairs,5,location,house,6.4,21,24,78,None,"(0.1, -0.1)",None,,,,,,,,,,,,,,0,0,0,0,0,15,15,15,31,0,31,0,304.8872429000003,,,,,,,,,,,,,,,,,,,,,,,,,,,,,,,,,,,,,,,,,,,,,,,,,,,,,,,,,,,,,,,,,,,,,,,,,,,,,,,,,,,,,,,,,,,,,304.87488140000005,304.8872429000003,304.8872429000003,304.8872429000003,305.07040350000034,None,,,,,,,,,,,,,,,,,,,,,,,,,,,,,,,,P7350,Bar_MIC,10,1,2026-05-15_14h49.41.843,MIC_task,,2026.1.2,60.04138051946148,2026-05-15 14h49.44.746353 +0200,
,,32,0,32,,,,,,,10,l18,lépcső,stairs,5,location,house,6.4,21,24,78,None,"(0.1, -0.1)",space,0.15782509999962713,None,,,,,,,,,,,,0,0,0,0,0,15,15,15,32,0,32,0,305.0869270000003,,,,,,,,,,,,,,,,,,,,,,,,,,,,,,,,,,,,,,,,,,,,,,,,,,,,,,,,,,,,,,,,,,,,,,,,,,,,,,,,,,,,,,,,,,,,,305.07464990000017,305.0869270000003,305.0869270000003,305.0869270000003,305.25504739999997,space,0.15782509999962713,None,,,,,,,,,,,,,,,,,,,,,,,,,,,,,,P7350,Bar_MIC,10,1,2026-05-15_14h49.41.843,MIC_task,,2026.1.2,60.04138051946148,2026-05-15 14h49.44.746353 +0200,
,,15,15,0,,,,space,0.5105408999997962,None,10,l18,lépcső,stairs,5,location,house,6.4,21,24,78,None,"(0.1, -0.1)",,,,,,,,,,,,,,,0,0,0,0,0,15,15,15,,,,,,,,,,,,,,,,,,,,,,,,,,,,,,,,,,,,,,,,,,,,,,,,,,,,,,,,,,,,,,,,,,,,,,,,,,,,,,,,,305.3488865000004,305.35716230000025,305.3538057000001,307.25688850000006,,,,,,309.26095410000016,309.2779051000002,309.2779051000002,309.7951988,,,,,,,,,,,,,307.2911245,307.29687360000025,307.3067301000004,309.1944727,309.2608975000003,space,0.5105408999997962,None,,,,,,,,,,,,,,,,,,,,,,P7350,Bar_MIC,10,1,2026-05-15_14h49.41.843,MIC_task,,2026.1.2,60.04138051946148,2026-05-15 14h49.44.746353 +0200,
,,0,0,0,,,,,,,10,a20,zsiráf,giraffe,1,animal,mammal,6.6,12,23,60,None,"(0, 0)",None,,,,,,,,,,,,,,0,0,0,0,0,16,16,16,0,0,0,0,309.8228717000002,,,,,,,,,,,,,,,,,,,,,,,,,,,,,,,,,,,,,,,,,,,,,,,,,,,,,,,,,,,,,,,,,,,,,,,,,,,,,,,,,,,,,,,,,,,,,309.81699449999996,309.8228717000002,309.8228717000002,309.8228717000002,310.01197630000024,None,,,,,,,,,,,,,,,,,,,,,,,,,,,,,,,,P7350,Bar_MIC,10,1,2026-05-15_14h49.41.843,MIC_task,,2026.1.2,60.04138051946148,2026-05-15 14h49.44.746353 +0200,
,,0,0,0,,,,,,,10,a20,zsiráf,giraffe,1,animal,mammal,6.6,12,23,60,None,"(0, 0)",None,,,,,,,,,,,,,,0,0,0,0,0,16,16,16,0,0,0,0,310.02803140000015,,,,,,,,,,,,,,,,,,,,,,,,,,,,,,,,,,,,,,,,,,,,,,,,,,,,,,,,,,,,,,,,,,,,,,,,,,,,,,,,,,,,,,,,,,,,,310.0169641000002,310.02803140000015,310.02803140000015,310.02803140000015,310.1996199,None,,,,,,,,,,,,,,,,,,,,,,,,,,,,,,,,P7350,Bar_MIC,10,1,2026-05-15_14h49.41.843,MIC_task,,2026.1.2,60.04138051946148,2026-05-15 14h49.44.746353 +0200,
,,1,0,1,,,,,,,10,a20,zsiráf,giraffe,1,animal,mammal,6.6,12,23,60,None,"(0, 0)",None,,,,,,,,,,,,,,0,0,0,0,0,16,16,16,1,0,1,0,310.2106976,,,,,,,,,,,,,,,,,,,,,,,,,,,,,,,,,,,,,,,,,,,,,,,,,,,,,,,,,,,,,,,,,,,,,,,,,,,,,,,,,,,,,,,,,,,,,310.2046684000002,310.2106976,310.2106976,310.2106976,310.39624520000007,None,,,,,,,,,,,,,,,,,,,,,,,,,,,,,,,,P7350,Bar_MIC,10,1,2026-05-15_14h49.41.843,MIC_task,,2026.1.2,60.04138051946148,2026-05-15 14h49.44.746353 +0200,
,,2,0,2,,,,,,,10,a20,zsiráf,giraffe,1,animal,mammal,6.6,12,23,60,None,"(0, 0)",None,,,,,,,,,,,,,,0,0,0,0,0,16,16,16,2,0,2,0,310.41161230000034,,,,,,,,,,,,,,,,,,,,,,,,,,,,,,,,,,,,,,,,,,,,,,,,,,,,,,,,,,,,,,,,,,,,,,,,,,,,,,,,,,,,,,,,,,,,,310.4012246000002,310.41161230000034,310.41161230000034,310.41161230000034,310.5954590000001,None,,,,,,,,,,,,,,,,,,,,,,,,,,,,,,,,P7350,Bar_MIC,10,1,2026-05-15_14h49.41.843,MIC_task,,2026.1.2,60.04138051946148,2026-05-15 14h49.44.746353 +0200,
,,3,0,3,,,,,,,10,a20,zsiráf,giraffe,1,animal,mammal,6.6,12,23,60,None,"(0, 0)",None,,,,,,,,,,,,,,0,0,0,0,0,16,16,16,3,0,3,0,310.61204450000014,,,,,,,,,,,,,,,,,,,,,,,,,,,,,,,,,,,,,,,,,,,,,,,,,,,,,,,,,,,,,,,,,,,,,,,,,,,,,,,,,,,,,,,,,,,,,310.6003432000002,310.61204450000014,310.61204450000014,310.61204450000014,310.79581370000005,None,,,,,,,,,,,,,,,,,,,,,,,,,,,,,,,,P7350,Bar_MIC,10,1,2026-05-15_14h49.41.843,MIC_task,,2026.1.2,60.04138051946148,2026-05-15 14h49.44.746353 +0200,
,,4,0,4,,,,,,,10,a20,zsiráf,giraffe,1,animal,mammal,6.6,12,23,60,None,"(0, 0)",None,,,,,,,,,,,,,,0,0,0,0,0,16,16,16,4,0,4,0,310.81230189999997,,,,,,,,,,,,,,,,,,,,,,,,,,,,,,,,,,,,,,,,,,,,,,,,,,,,,,,,,,,,,,,,,,,,,,,,,,,,,,,,,,,,,,,,,,,,,310.80052920000026,310.81230189999997,310.81230189999997,310.81230189999997,310.9972236000003,None,,,,,,,,,,,,,,,,,,,,,,,,,,,,,,,,P7350,Bar_MIC,10,1,2026-05-15_14h49.41.843,MIC_task,,2026.1.2,60.04138051946148,2026-05-15 14h49.44.746353 +0200,
,,5,0,5,,,,,,,10,a20,zsiráf,giraffe,1,animal,mammal,6.6,12,23,60,None,"(0, 0)",None,,,,,,,,,,,,,,0,0,0,0,0,16,16,16,5,0,5,0,311.0118782000004,,,,,,,,,,,,,,,,,,,,,,,,,,,,,,,,,,,,,,,,,,,,,,,,,,,,,,,,,,,,,,,,,,,,,,,,,,,,,,,,,,,,,,,,,,,,,311.0023421000001,311.0118782000004,311.0118782000004,311.0118782000004,311.1965844000001,None,,,,,,,,,,,,,,,,,,,,,,,,,,,,,,,,P7350,Bar_MIC,10,1,2026-05-15_14h49.41.843,MIC_task,,2026.1.2,60.04138051946148,2026-05-15 14h49.44.746353 +0200,
,,6,0,6,,,,,,,10,a20,zsiráf,giraffe,1,animal,mammal,6.6,12,23,60,None,"(0, 0)",None,,,,,,,,,,,,,,0,0,0,0,0,16,16,16,6,0,6,0,311.2136095000001,,,,,,,,,,,,,,,,,,,,,,,,,,,,,,,,,,,,,,,,,,,,,,,,,,,,,,,,,,,,,,,,,,,,,,,,,,,,,,,,,,,,,,,,,,,,,311.20131500000025,311.2136095000001,311.2136095000001,311.2136095000001,311.39795219999996,None,,,,,,,,,,,,,,,,,,,,,,,,,,,,,,,,P7350,Bar_MIC,10,1,2026-05-15_14h49.41.843,MIC_task,,2026.1.2,60.04138051946148,2026-05-15 14h49.44.746353 +0200,
,,7,0,7,,,,,,,10,a20,zsiráf,giraffe,1,animal,mammal,6.6,12,23,60,None,"(0, 0)",None,,,,,,,,,,,,,,0,0,0,0,0,16,16,16,7,0,7,0,311.4127247000001,,,,,,,,,,,,,,,,,,,,,,,,,,,,,,,,,,,,,,,,,,,,,,,,,,,,,,,,,,,,,,,,,,,,,,,,,,,,,,,,,,,,,,,,,,,,,311.40294310000036,311.4127247000001,311.4127247000001,311.4127247000001,311.5964951000001,None,,,,,,,,,,,,,,,,,,,,,,,,,,,,,,,,P7350,Bar_MIC,10,1,2026-05-15_14h49.41.843,MIC_task,,2026.1.2,60.04138051946148,2026-05-15 14h49.44.746353 +0200,
,,8,0,8,,,,,,,10,a20,zsiráf,giraffe,1,animal,mammal,6.6,12,23,60,None,"(0, 0)",None,,,,,,,,,,,,,,0,0,0,0,0,16,16,16,8,0,8,0,311.6129463000002,,,,,,,,,,,,,,,,,,,,,,,,,,,,,,,,,,,,,,,,,,,,,,,,,,,,,,,,,,,,,,,,,,,,,,,,,,,,,,,,,,,,,,,,,,,,,311.6010505000004,311.6129463000002,311.6129463000002,311.6129463000002,311.7969532000002,None,,,,,,,,,,,,,,,,,,,,,,,,,,,,,,,,P7350,Bar_MIC,10,1,2026-05-15_14h49.41.843,MIC_task,,2026.1.2,60.04138051946148,2026-05-15 14h49.44.746353 +0200,
,,9,0,9,,,,,,,10,a20,zsiráf,giraffe,1,animal,mammal,6.6,12,23,60,None,"(0, 0)",None,,,,,,,,,,,,,,0,0,0,0,0,16,16,16,9,0,9,0,311.81344880000006,,,,,,,,,,,,,,,,,,,,,,,,,,,,,,,,,,,,,,,,,,,,,,,,,,,,,,,,,,,,,,,,,,,,,,,,,,,,,,,,,,,,,,,,,,,,,311.80172710000033,311.81344880000006,311.81344880000006,311.81344880000006,311.9972031000002,None,,,,,,,,,,,,,,,,,,,,,,,,,,,,,,,,P7350,Bar_MIC,10,1,2026-05-15_14h49.41.843,MIC_task,,2026.1.2,60.04138051946148,2026-05-15 14h49.44.746353 +0200,
,,10,0,10,,,,,,,10,a20,zsiráf,giraffe,1,animal,mammal,6.6,12,23,60,None,"(0, 0)",None,,,,,,,,,,,,,,0,0,0,0,0,16,16,16,10,0,10,0,312.01386500000035,,,,,,,,,,,,,,,,,,,,,,,,,,,,,,,,,,,,,,,,,,,,,,,,,,,,,,,,,,,,,,,,,,,,,,,,,,,,,,,,,,,,,,,,,,,,,312.00227600000017,312.01386500000035,312.01386500000035,312.01386500000035,312.1976361000002,None,,,,,,,,,,,,,,,,,,,,,,,,,,,,,,,,P7350,Bar_MIC,10,1,2026-05-15_14h49.41.843,MIC_task,,2026.1.2,60.04138051946148,2026-05-15 14h49.44.746353 +0200,
,,11,0,11,,,,,,,10,a20,zsiráf,giraffe,1,animal,mammal,6.6,12,23,60,None,"(0, 0)",None,,,,,,,,,,,,,,0,0,0,0,0,16,16,16,11,0,11,0,312.2142077000003,,,,,,,,,,,,,,,,,,,,,,,,,,,,,,,,,,,,,,,,,,,,,,,,,,,,,,,,,,,,,,,,,,,,,,,,,,,,,,,,,,,,,,,,,,,,,312.2025469,312.2142077000003,312.2142077000003,312.2142077000003,312.3989141000002,None,,,,,,,,,,,,,,,,,,,,,,,,,,,,,,,,P7350,Bar_MIC,10,1,2026-05-15_14h49.41.843,MIC_task,,2026.1.2,60.04138051946148,2026-05-15 14h49.44.746353 +0200,
,,12,0,12,,,,,,,10,a20,zsiráf,giraffe,1,animal,mammal,6.6,12,23,60,None,"(0, 0)",None,,,,,,,,,,,,,,0,0,0,0,0,16,16,16,12,0,12,0,312.41459190000023,,,,,,,,,,,,,,,,,,,,,,,,,,,,,,,,,,,,,,,,,,,,,,,,,,,,,,,,,,,,,,,,,,,,,,,,,,,,,,,,,,,,,,,,,,,,,312.40399100000013,312.41459190000023,312.41459190000023,312.41459190000023,312.59844020000037,None,,,,,,,,,,,,,,,,,,,,,,,,,,,,,,,,P7350,Bar_MIC,10,1,2026-05-15_14h49.41.843,MIC_task,,2026.1.2,60.04138051946148,2026-05-15 14h49.44.746353 +0200,
,,13,0,13,,,,,,,10,a20,zsiráf,giraffe,1,animal,mammal,6.6,12,23,60,None,"(0, 0)",None,,,,,,,,,,,,,,0,0,0,0,0,16,16,16,13,0,13,0,312.61501590000034,,,,,,,,,,,,,,,,,,,,,,,,,,,,,,,,,,,,,,,,,,,,,,,,,,,,,,,,,,,,,,,,,,,,,,,,,,,,,,,,,,,,,,,,,,,,,312.6037738,312.61501590000034,312.61501590000034,312.61501590000034,312.7987605000003,None,,,,,,,,,,,,,,,,,,,,,,,,,,,,,,,,P7350,Bar_MIC,10,1,2026-05-15_14h49.41.843,MIC_task,,2026.1.2,60.04138051946148,2026-05-15 14h49.44.746353 +0200,
,,14,0,14,,,,,,,10,a20,zsiráf,giraffe,1,animal,mammal,6.6,12,23,60,None,"(0, 0)",None,,,,,,,,,,,,,,0,0,0,0,0,16,16,16,14,0,14,0,312.8153748,,,,,,,,,,,,,,,,,,,,,,,,,,,,,,,,,,,,,,,,,,,,,,,,,,,,,,,,,,,,,,,,,,,,,,,,,,,,,,,,,,,,,,,,,,,,,312.8038609,312.8153748,312.8153748,312.8153748,312.99917670000013,None,,,,,,,,,,,,,,,,,,,,,,,,,,,,,,,,P7350,Bar_MIC,10,1,2026-05-15_14h49.41.843,MIC_task,,2026.1.2,60.04138051946148,2026-05-15 14h49.44.746353 +0200,
,,15,0,15,,,,,,,10,a20,zsiráf,giraffe,1,animal,mammal,6.6,12,23,60,None,"(0, 0)",None,,,,,,,,,,,,,,0,0,0,0,0,16,16,16,15,0,15,0,313.01571680000006,,,,,,,,,,,,,,,,,,,,,,,,,,,,,,,,,,,,,,,,,,,,,,,,,,,,,,,,,,,,,,,,,,,,,,,,,,,,,,,,,,,,,,,,,,,,,313.0039740000002,313.01571680000006,313.01571680000006,313.01571680000006,313.20015420000027,None,,,,,,,,,,,,,,,,,,,,,,,,,,,,,,,,P7350,Bar_MIC,10,1,2026-05-15_14h49.41.843,MIC_task,,2026.1.2,60.04138051946148,2026-05-15 14h49.44.746353 +0200,
,,16,0,16,,,,,,,10,a20,zsiráf,giraffe,1,animal,mammal,6.6,12,23,60,None,"(0, 0)",None,,,,,,,,,,,,,,0,0,0,0,0,16,16,16,16,0,16,0,313.21618100000023,,,,,,,,,,,,,,,,,,,,,,,,,,,,,,,,,,,,,,,,,,,,,,,,,,,,,,,,,,,,,,,,,,,,,,,,,,,,,,,,,,,,,,,,,,,,,313.20520220000026,313.21618100000023,313.21618100000023,313.21618100000023,313.4001927000004,None,,,,,,,,,,,,,,,,,,,,,,,,,,,,,,,,P7350,Bar_MIC,10,1,2026-05-15_14h49.41.843,MIC_task,,2026.1.2,60.04138051946148,2026-05-15 14h49.44.746353 +0200,
,,17,0,17,,,,,,,10,a20,zsiráf,giraffe,1,animal,mammal,6.6,12,23,60,None,"(0, 0)",None,,,,,,,,,,,,,,0,0,0,0,0,16,16,16,17,0,17,0,313.4170188000003,,,,,,,,,,,,,,,,,,,,,,,,,,,,,,,,,,,,,,,,,,,,,,,,,,,,,,,,,,,,,,,,,,,,,,,,,,,,,,,,,,,,,,,,,,,,,313.4053750000003,313.4170188000003,313.4170188000003,313.4170188000003,313.6019825000003,None,,,,,,,,,,,,,,,,,,,,,,,,,,,,,,,,P7350,Bar_MIC,10,1,2026-05-15_14h49.41.843,MIC_task,,2026.1.2,60.04138051946148,2026-05-15 14h49.44.746353 +0200,
,,18,0,18,,,,,,,10,a20,zsiráf,giraffe,1,animal,mammal,6.6,12,23,60,None,"(0, 0)",None,,,,,,,,,,,,,,0,0,0,0,0,16,16,16,18,0,18,0,313.61734190000016,,,,,,,,,,,,,,,,,,,,,,,,,,,,,,,,,,,,,,,,,,,,,,,,,,,,,,,,,,,,,,,,,,,,,,,,,,,,,,,,,,,,,,,,,,,,,313.6066968,313.61734190000016,313.61734190000016,313.61734190000016,313.7997959000004,None,,,,,,,,,,,,,,,,,,,,,,,,,,,,,,,,P7350,Bar_MIC,10,1,2026-05-15_14h49.41.843,MIC_task,,2026.1.2,60.04138051946148,2026-05-15 14h49.44.746353 +0200,
,,19,0,19,,,,,,,10,a20,zsiráf,giraffe,1,animal,mammal,6.6,12,23,60,None,"(0, 0)",None,,,,,,,,,,,,,,0,0,0,0,0,16,16,16,19,0,19,0,313.81645260000005,,,,,,,,,,,,,,,,,,,,,,,,,,,,,,,,,,,,,,,,,,,,,,,,,,,,,,,,,,,,,,,,,,,,,,,,,,,,,,,,,,,,,,,,,,,,,313.80460760000005,313.81645260000005,313.81645260000005,313.81645260000005,314.00174460000017,None,,,,,,,,,,,,,,,,,,,,,,,,,,,,,,,,P7350,Bar_MIC,10,1,2026-05-15_14h49.41.843,MIC_task,,2026.1.2,60.04138051946148,2026-05-15 14h49.44.746353 +0200,
,,20,0,20,,,,,,,10,a20,zsiráf,giraffe,1,animal,mammal,6.6,12,23,60,None,"(0, 0)",None,,,,,,,,,,,,,,0,0,0,0,0,16,16,16,20,0,20,0,314.0178713,,,,,,,,,,,,,,,,,,,,,,,,,,,,,,,,,,,,,,,,,,,,,,,,,,,,,,,,,,,,,,,,,,,,,,,,,,,,,,,,,,,,,,,,,,,,,314.0063256000003,314.0178713,314.0178713,314.0178713,314.2010105000004,None,,,,,,,,,,,,,,,,,,,,,,,,,,,,,,,,P7350,Bar_MIC,10,1,2026-05-15_14h49.41.843,MIC_task,,2026.1.2,60.04138051946148,2026-05-15 14h49.44.746353 +0200,
,,21,0,21,,,,,,,10,a20,zsiráf,giraffe,1,animal,mammal,6.6,12,23,60,None,"(0, 0)",None,,,,,,,,,,,,,,0,0,0,0,0,16,16,16,21,0,21,0,314.2172383000002,,,,,,,,,,,,,,,,,,,,,,,,,,,,,,,,,,,,,,,,,,,,,,,,,,,,,,,,,,,,,,,,,,,,,,,,,,,,,,,,,,,,,,,,,,,,,314.20585660000006,314.2172383000002,314.2172383000002,314.2172383000002,314.4010223,None,,,,,,,,,,,,,,,,,,,,,,,,,,,,,,,,P7350,Bar_MIC,10,1,2026-05-15_14h49.41.843,MIC_task,,2026.1.2,60.04138051946148,2026-05-15 14h49.44.746353 +0200,
,,22,0,22,,,,,,,10,a20,zsiráf,giraffe,1,animal,mammal,6.6,12,23,60,None,"(0, 0)",None,,,,,,,,,,,,,,0,0,0,0,0,16,16,16,22,0,22,0,314.4177877000002,,,,,,,,,,,,,,,,,,,,,,,,,,,,,,,,,,,,,,,,,,,,,,,,,,,,,,,,,,,,,,,,,,,,,,,,,,,,,,,,,,,,,,,,,,,,,314.40552860000025,314.4177877000002,314.4177877000002,314.4177877000002,314.6013446000002,None,,,,,,,,,,,,,,,,,,,,,,,,,,,,,,,,P7350,Bar_MIC,10,1,2026-05-15_14h49.41.843,MIC_task,,2026.1.2,60.04138051946148,2026-05-15 14h49.44.746353 +0200,
,,23,0,23,,,,,,,10,a20,zsiráf,giraffe,1,animal,mammal,6.6,12,23,60,None,"(0, 0)",None,,,,,,,,,,,,,,0,0,0,0,0,16,16,16,23,0,23,0,314.6179252000002,,,,,,,,,,,,,,,,,,,,,,,,,,,,,,,,,,,,,,,,,,,,,,,,,,,,,,,,,,,,,,,,,,,,,,,,,,,,,,,,,,,,,,,,,,,,,314.6065357000002,314.6179252000002,314.6179252000002,314.6179252000002,314.80295220000016,None,,,,,,,,,,,,,,,,,,,,,,,,,,,,,,,,P7350,Bar_MIC,10,1,2026-05-15_14h49.41.843,MIC_task,,2026.1.2,60.04138051946148,2026-05-15 14h49.44.746353 +0200,
,,24,0,24,,,,,,,10,a20,zsiráf,giraffe,1,animal,mammal,6.6,12,23,60,None,"(0, 0)",None,,,,,,,,,,,,,,0,0,0,0,0,16,16,16,24,0,24,0,314.8182766,,,,,,,,,,,,,,,,,,,,,,,,,,,,,,,,,,,,,,,,,,,,,,,,,,,,,,,,,,,,,,,,,,,,,,,,,,,,,,,,,,,,,,,,,,,,,314.8078254000002,314.8182766,314.8182766,314.8182766,315.0021405000002,None,,,,,,,,,,,,,,,,,,,,,,,,,,,,,,,,P7350,Bar_MIC,10,1,2026-05-15_14h49.41.843,MIC_task,,2026.1.2,60.04138051946148,2026-05-15 14h49.44.746353 +0200,
,,25,0,25,,,,,,,10,a20,zsiráf,giraffe,1,animal,mammal,6.6,12,23,60,None,"(0, 0)",None,,,,,,,,,,,,,,0,0,0,0,0,16,16,16,25,0,25,0,315.01872520000006,,,,,,,,,,,,,,,,,,,,,,,,,,,,,,,,,,,,,,,,,,,,,,,,,,,,,,,,,,,,,,,,,,,,,,,,,,,,,,,,,,,,,,,,,,,,,315.0067379000002,315.01872520000006,315.01872520000006,315.01872520000006,315.2026374000002,None,,,,,,,,,,,,,,,,,,,,,,,,,,,,,,,,P7350,Bar_MIC,10,1,2026-05-15_14h49.41.843,MIC_task,,2026.1.2,60.04138051946148,2026-05-15 14h49.44.746353 +0200,
,,26,0,26,,,,,,,10,a20,zsiráf,giraffe,1,animal,mammal,6.6,12,23,60,None,"(0, 0)",None,,,,,,,,,,,,,,0,0,0,0,0,16,16,16,26,0,26,0,315.21925720000036,,,,,,,,,,,,,,,,,,,,,,,,,,,,,,,,,,,,,,,,,,,,,,,,,,,,,,,,,,,,,,,,,,,,,,,,,,,,,,,,,,,,,,,,,,,,,315.2074421000002,315.21925720000036,315.21925720000036,315.21925720000036,315.4041237000001,None,,,,,,,,,,,,,,,,,,,,,,,,,,,,,,,,P7350,Bar_MIC,10,1,2026-05-15_14h49.41.843,MIC_task,,2026.1.2,60.04138051946148,2026-05-15 14h49.44.746353 +0200,
,,27,0,27,,,,,,,10,a20,zsiráf,giraffe,1,animal,mammal,6.6,12,23,60,None,"(0, 0)",None,,,,,,,,,,,,,,0,0,0,0,0,16,16,16,27,0,27,0,315.41946340000004,,,,,,,,,,,,,,,,,,,,,,,,,,,,,,,,,,,,,,,,,,,,,,,,,,,,,,,,,,,,,,,,,,,,,,,,,,,,,,,,,,,,,,,,,,,,,315.4088872000002,315.41946340000004,315.41946340000004,315.41946340000004,315.60335840000016,None,,,,,,,,,,,,,,,,,,,,,,,,,,,,,,,,P7350,Bar_MIC,10,1,2026-05-15_14h49.41.843,MIC_task,,2026.1.2,60.04138051946148,2026-05-15 14h49.44.746353 +0200,
,,28,0,28,,,,,,,10,a20,zsiráf,giraffe,1,animal,mammal,6.6,12,23,60,None,"(0, 0)",None,,,,,,,,,,,,,,0,0,0,0,0,16,16,16,28,0,28,0,315.61967790000017,,,,,,,,,,,,,,,,,,,,,,,,,,,,,,,,,,,,,,,,,,,,,,,,,,,,,,,,,,,,,,,,,,,,,,,,,,,,,,,,,,,,,,,,,,,,,315.6085973000004,315.61967790000017,315.61967790000017,315.61967790000017,315.80378710000014,None,,,,,,,,,,,,,,,,,,,,,,,,,,,,,,,,P7350,Bar_MIC,10,1,2026-05-15_14h49.41.843,MIC_task,,2026.1.2,60.04138051946148,2026-05-15 14h49.44.746353 +0200,
,,29,0,29,,,,,,,10,a20,zsiráf,giraffe,1,animal,mammal,6.6,12,23,60,None,"(0, 0)",None,,,,,,,,,,,,,,0,0,0,0,0,16,16,16,29,0,29,0,315.8202011000003,,,,,,,,,,,,,,,,,,,,,,,,,,,,,,,,,,,,,,,,,,,,,,,,,,,,,,,,,,,,,,,,,,,,,,,,,,,,,,,,,,,,,,,,,,,,,315.80843870000035,315.8202011000003,315.8202011000003,315.8202011000003,316.00498070000003,None,,,,,,,,,,,,,,,,,,,,,,,,,,,,,,,,P7350,Bar_MIC,10,1,2026-05-15_14h49.41.843,MIC_task,,2026.1.2,60.04138051946148,2026-05-15 14h49.44.746353 +0200,
,,30,0,30,,,,,,,10,a20,zsiráf,giraffe,1,animal,mammal,6.6,12,23,60,None,"(0, 0)",None,,,,,,,,,,,,,,0,0,0,0,0,16,16,16,30,0,30,0,316.0197648000003,,,,,,,,,,,,,,,,,,,,,,,,,,,,,,,,,,,,,,,,,,,,,,,,,,,,,,,,,,,,,,,,,,,,,,,,,,,,,,,,,,,,,,,,,,,,,316.01034640000034,316.0197648000003,316.0197648000003,316.0197648000003,316.2036320000002,None,,,,,,,,,,,,,,,,,,,,,,,,,,,,,,,,P7350,Bar_MIC,10,1,2026-05-15_14h49.41.843,MIC_task,,2026.1.2,60.04138051946148,2026-05-15 14h49.44.746353 +0200,
,,31,0,31,,,,,,,10,a20,zsiráf,giraffe,1,animal,mammal,6.6,12,23,60,None,"(0, 0)",None,,,,,,,,,,,,,,0,0,0,0,0,16,16,16,31,0,31,0,316.2201621000004,,,,,,,,,,,,,,,,,,,,,,,,,,,,,,,,,,,,,,,,,,,,,,,,,,,,,,,,,,,,,,,,,,,,,,,,,,,,,,,,,,,,,,,,,,,,,316.20833310000035,316.2201621000004,316.2201621000004,316.2201621000004,316.40543130000015,None,,,,,,,,,,,,,,,,,,,,,,,,,,,,,,,,P7350,Bar_MIC,10,1,2026-05-15_14h49.41.843,MIC_task,,2026.1.2,60.04138051946148,2026-05-15 14h49.44.746353 +0200,
,,32,0,32,,,,,,,10,a20,zsiráf,giraffe,1,animal,mammal,6.6,12,23,60,None,"(0, 0)",None,,,,,,,,,,,,,,0,0,0,0,0,16,16,16,32,0,32,0,316.4205326000001,,,,,,,,,,,,,,,,,,,,,,,,,,,,,,,,,,,,,,,,,,,,,,,,,,,,,,,,,,,,,,,,,,,,,,,,,,,,,,,,,,,,,,,,,,,,,316.4102017,316.4205326000001,316.4205326000001,316.4205326000001,316.60432530000026,None,,,,,,,,,,,,,,,,,,,,,,,,,,,,,,,,P7350,Bar_MIC,10,1,2026-05-15_14h49.41.843,MIC_task,,2026.1.2,60.04138051946148,2026-05-15 14h49.44.746353 +0200,
,,33,0,33,,,,,,,10,a20,zsiráf,giraffe,1,animal,mammal,6.6,12,23,60,None,"(0, 0)",None,,,,,,,,,,,,,,0,0,0,0,0,16,16,16,33,0,33,0,316.62090400000034,,,,,,,,,,,,,,,,,,,,,,,,,,,,,,,,,,,,,,,,,,,,,,,,,,,,,,,,,,,,,,,,,,,,,,,,,,,,,,,,,,,,,,,,,,,,,316.6089949000002,316.62090400000034,316.62090400000034,316.62090400000034,316.8049868000003,None,,,,,,,,,,,,,,,,,,,,,,,,,,,,,,,,P7350,Bar_MIC,10,1,2026-05-15_14h49.41.843,MIC_task,,2026.1.2,60.04138051946148,2026-05-15 14h49.44.746353 +0200,
,,34,0,34,,,,,,,10,a20,zsiráf,giraffe,1,animal,mammal,6.6,12,23,60,None,"(0, 0)",None,,,,,,,,,,,,,,0,0,0,0,0,16,16,16,34,0,34,0,316.8218145000001,,,,,,,,,,,,,,,,,,,,,,,,,,,,,,,,,,,,,,,,,,,,,,,,,,,,,,,,,,,,,,,,,,,,,,,,,,,,,,,,,,,,,,,,,,,,,316.80975050000006,316.8218145000001,316.8218145000001,316.8218145000001,317.0051936,None,,,,,,,,,,,,,,,,,,,,,,,,,,,,,,,,P7350,Bar_MIC,10,1,2026-05-15_14h49.41.843,MIC_task,,2026.1.2,60.04138051946148,2026-05-15 14h49.44.746353 +0200,
,,35,0,35,,,,,,,10,a20,zsiráf,giraffe,1,animal,mammal,6.6,12,23,60,None,"(0, 0)",None,,,,,,,,,,,,,,0,0,0,0,0,16,16,16,35,0,35,0,317.02175510000006,,,,,,,,,,,,,,,,,,,,,,,,,,,,,,,,,,,,,,,,,,,,,,,,,,,,,,,,,,,,,,,,,,,,,,,,,,,,,,,,,,,,,,,,,,,,,317.00977630000034,317.02175510000006,317.02175510000006,317.02175510000006,317.20543970000017,None,,,,,,,,,,,,,,,,,,,,,,,,,,,,,,,,P7350,Bar_MIC,10,1,2026-05-15_14h49.41.843,MIC_task,,2026.1.2,60.04138051946148,2026-05-15 14h49.44.746353 +0200,
,,36,0,36,,,,,,,10,a20,zsiráf,giraffe,1,animal,mammal,6.6,12,23,60,None,"(0, 0)",None,,,,,,,,,,,,,,0,0,0,0,0,16,16,16,36,0,36,0,317.2220527000004,,,,,,,,,,,,,,,,,,,,,,,,,,,,,,,,,,,,,,,,,,,,,,,,,,,,,,,,,,,,,,,,,,,,,,,,,,,,,,,,,,,,,,,,,,,,,317.2103347000002,317.2220527000004,317.2220527000004,317.2220527000004,317.40590980000025,None,,,,,,,,,,,,,,,,,,,,,,,,,,,,,,,,P7350,Bar_MIC,10,1,2026-05-15_14h49.41.843,MIC_task,,2026.1.2,60.04138051946148,2026-05-15 14h49.44.746353 +0200,
,,37,0,37,,,,,,,10,a20,zsiráf,giraffe,1,animal,mammal,6.6,12,23,60,None,"(0, 0)",None,,,,,,,,,,,,,,0,0,0,0,0,16,16,16,37,0,37,0,317.42244180000034,,,,,,,,,,,,,,,,,,,,,,,,,,,,,,,,,,,,,,,,,,,,,,,,,,,,,,,,,,,,,,,,,,,,,,,,,,,,,,,,,,,,,,,,,,,,,317.4105905000001,317.42244180000034,317.42244180000034,317.42244180000034,317.6063392000001,None,,,,,,,,,,,,,,,,,,,,,,,,,,,,,,,,P7350,Bar_MIC,10,1,2026-05-15_14h49.41.843,MIC_task,,2026.1.2,60.04138051946148,2026-05-15 14h49.44.746353 +0200,
,,38,0,38,,,,,,,10,a20,zsiráf,giraffe,1,animal,mammal,6.6,12,23,60,None,"(0, 0)",None,,,,,,,,,,,,,,0,0,0,0,0,16,16,16,38,0,38,0,317.62293130000035,,,,,,,,,,,,,,,,,,,,,,,,,,,,,,,,,,,,,,,,,,,,,,,,,,,,,,,,,,,,,,,,,,,,,,,,,,,,,,,,,,,,,,,,,,,,,317.6110851000003,317.62293130000035,317.62293130000035,317.62293130000035,317.8064053000003,None,,,,,,,,,,,,,,,,,,,,,,,,,,,,,,,,P7350,Bar_MIC,10,1,2026-05-15_14h49.41.843,MIC_task,,2026.1.2,60.04138051946148,2026-05-15 14h49.44.746353 +0200,
,,39,0,39,,,,,,,10,a20,zsiráf,giraffe,1,animal,mammal,6.6,12,23,60,None,"(0, 0)",None,,,,,,,,,,,,,,0,0,0,0,0,16,16,16,39,0,39,0,317.8237659000001,,,,,,,,,,,,,,,,,,,,,,,,,,,,,,,,,,,,,,,,,,,,,,,,,,,,,,,,,,,,,,,,,,,,,,,,,,,,,,,,,,,,,,,,,,,,,317.8111761,317.8237659000001,317.8237659000001,317.8237659000001,318.00688160000027,None,,,,,,,,,,,,,,,,,,,,,,,,,,,,,,,,P7350,Bar_MIC,10,1,2026-05-15_14h49.41.843,MIC_task,,2026.1.2,60.04138051946148,2026-05-15 14h49.44.746353 +0200,
,,40,0,40,,,,,,,10,a20,zsiráf,giraffe,1,animal,mammal,6.6,12,23,60,None,"(0, 0)",None,,,,,,,,,,,,,,0,0,0,0,0,16,16,16,40,0,40,0,318.0228096000001,,,,,,,,,,,,,,,,,,,,,,,,,,,,,,,,,,,,,,,,,,,,,,,,,,,,,,,,,,,,,,,,,,,,,,,,,,,,,,,,,,,,,,,,,,,,,318.0132086000003,318.0228096000001,318.0228096000001,318.0228096000001,318.20653310000034,None,,,,,,,,,,,,,,,,,,,,,,,,,,,,,,,,P7350,Bar_MIC,10,1,2026-05-15_14h49.41.843,MIC_task,,2026.1.2,60.04138051946148,2026-05-15 14h49.44.746353 +0200,
,,41,0,41,,,,,,,10,a20,zsiráf,giraffe,1,animal,mammal,6.6,12,23,60,None,"(0, 0)",None,,,,,,,,,,,,,,0,0,0,0,0,16,16,16,41,0,41,0,318.2240966000004,,,,,,,,,,,,,,,,,,,,,,,,,,,,,,,,,,,,,,,,,,,,,,,,,,,,,,,,,,,,,,,,,,,,,,,,,,,,,,,,,,,,,,,,,,,,,318.21144900000036,318.2240966000004,318.2240966000004,318.2240966000004,318.4068744000001,None,,,,,,,,,,,,,,,,,,,,,,,,,,,,,,,,P7350,Bar_MIC,10,1,2026-05-15_14h49.41.843,MIC_task,,2026.1.2,60.04138051946148,2026-05-15 14h49.44.746353 +0200,
,,42,0,42,,,,,,,10,a20,zsiráf,giraffe,1,animal,mammal,6.6,12,23,60,None,"(0, 0)",None,,,,,,,,,,,,,,0,0,0,0,0,16,16,16,42,0,42,0,318.4236151,,,,,,,,,,,,,,,,,,,,,,,,,,,,,,,,,,,,,,,,,,,,,,,,,,,,,,,,,,,,,,,,,,,,,,,,,,,,,,,,,,,,,,,,,,,,,318.41160430000036,318.4236151,318.4236151,318.4236151,318.607258,None,,,,,,,,,,,,,,,,,,,,,,,,,,,,,,,,P7350,Bar_MIC,10,1,2026-05-15_14h49.41.843,MIC_task,,2026.1.2,60.04138051946148,2026-05-15 14h49.44.746353 +0200,
,,43,0,43,,,,,,,10,a20,zsiráf,giraffe,1,animal,mammal,6.6,12,23,60,None,"(0, 0)",None,,,,,,,,,,,,,,0,0,0,0,0,16,16,16,43,0,43,0,318.6239048000002,,,,,,,,,,,,,,,,,,,,,,,,,,,,,,,,,,,,,,,,,,,,,,,,,,,,,,,,,,,,,,,,,,,,,,,,,,,,,,,,,,,,,,,,,,,,,318.61210100000017,318.6239048000002,318.6239048000002,318.6239048000002,318.80769710000004,None,,,,,,,,,,,,,,,,,,,,,,,,,,,,,,,,P7350,Bar_MIC,10,1,2026-05-15_14h49.41.843,MIC_task,,2026.1.2,60.04138051946148,2026-05-15 14h49.44.746353 +0200,
,,44,0,44,,,,,,,10,a20,zsiráf,giraffe,1,animal,mammal,6.6,12,23,60,None,"(0, 0)",None,,,,,,,,,,,,,,0,0,0,0,0,16,16,16,44,0,44,0,318.82486740000013,,,,,,,,,,,,,,,,,,,,,,,,,,,,,,,,,,,,,,,,,,,,,,,,,,,,,,,,,,,,,,,,,,,,,,,,,,,,,,,,,,,,,,,,,,,,,318.81259580000005,318.82486740000013,318.82486740000013,318.82486740000013,319.0080703000003,None,,,,,,,,,,,,,,,,,,,,,,,,,,,,,,,,P7350,Bar_MIC,10,1,2026-05-15_14h49.41.843,MIC_task,,2026.1.2,60.04138051946148,2026-05-15 14h49.44.746353 +0200,
,,45,0,45,,,,,,,10,a20,zsiráf,giraffe,1,animal,mammal,6.6,12,23,60,None,"(0, 0)",None,,,,,,,,,,,,,,0,0,0,0,0,16,16,16,45,0,45,0,319.02460820000033,,,,,,,,,,,,,,,,,,,,,,,,,,,,,,,,,,,,,,,,,,,,,,,,,,,,,,,,,,,,,,,,,,,,,,,,,,,,,,,,,,,,,,,,,,,,,319.0131021000002,319.02460820000033,319.02460820000033,319.02460820000033,319.20849990000033,None,,,,,,,,,,,,,,,,,,,,,,,,,,,,,,,,P7350,Bar_MIC,10,1,2026-05-15_14h49.41.843,MIC_task,,2026.1.2,60.04138051946148,2026-05-15 14h49.44.746353 +0200,
,,46,0,46,,,,,,,10,a20,zsiráf,giraffe,1,animal,mammal,6.6,12,23,60,None,"(0, 0)",None,,,,,,,,,,,,,,0,0,0,0,0,16,16,16,46,0,46,0,319.2254184000003,,,,,,,,,,,,,,,,,,,,,,,,,,,,,,,,,,,,,,,,,,,,,,,,,,,,,,,,,,,,,,,,,,,,,,,,,,,,,,,,,,,,,,,,,,,,,319.21327740000015,319.2254184000003,319.2254184000003,319.2254184000003,319.409095,None,,,,,,,,,,,,,,,,,,,,,,,,,,,,,,,,P7350,Bar_MIC,10,1,2026-05-15_14h49.41.843,MIC_task,,2026.1.2,60.04138051946148,2026-05-15 14h49.44.746353 +0200,
,,47,0,47,,,,,,,10,a20,zsiráf,giraffe,1,animal,mammal,6.6,12,23,60,None,"(0, 0)",None,,,,,,,,,,,,,,0,0,0,0,0,16,16,16,47,0,47,0,319.42538030000014,,,,,,,,,,,,,,,,,,,,,,,,,,,,,,,,,,,,,,,,,,,,,,,,,,,,,,,,,,,,,,,,,,,,,,,,,,,,,,,,,,,,,,,,,,,,,319.4143019000003,319.42538030000014,319.42538030000014,319.42538030000014,319.6093675000002,None,,,,,,,,,,,,,,,,,,,,,,,,,,,,,,,,P7350,Bar_MIC,10,1,2026-05-15_14h49.41.843,MIC_task,,2026.1.2,60.04138051946148,2026-05-15 14h49.44.746353 +0200,
,,48,0,48,,,,,,,10,a20,zsiráf,giraffe,1,animal,mammal,6.6,12,23,60,None,"(0, 0)",None,,,,,,,,,,,,,,0,0,0,0,0,16,16,16,48,0,48,0,319.6257466000002,,,,,,,,,,,,,,,,,,,,,,,,,,,,,,,,,,,,,,,,,,,,,,,,,,,,,,,,,,,,,,,,,,,,,,,,,,,,,,,,,,,,,,,,,,,,,319.6143900000002,319.6257466000002,319.6257466000002,319.6257466000002,319.81007210000007,None,,,,,,,,,,,,,,,,,,,,,,,,,,,,,,,,P7350,Bar_MIC,10,1,2026-05-15_14h49.41.843,MIC_task,,2026.1.2,60.04138051946148,2026-05-15 14h49.44.746353 +0200,
,,49,0,49,,,,,,,10,a20,zsiráf,giraffe,1,animal,mammal,6.6,12,23,60,None,"(0, 0)",None,,,,,,,,,,,,,,0,0,0,0,0,16,16,16,49,0,49,0,319.82617200000004,,,,,,,,,,,,,,,,,,,,,,,,,,,,,,,,,,,,,,,,,,,,,,,,,,,,,,,,,,,,,,,,,,,,,,,,,,,,,,,,,,,,,,,,,,,,,319.8147146000001,319.82617200000004,319.82617200000004,319.82617200000004,320.0098776,None,,,,,,,,,,,,,,,,,,,,,,,,,,,,,,,,P7350,Bar_MIC,10,1,2026-05-15_14h49.41.843,MIC_task,,2026.1.2,60.04138051946148,2026-05-15 14h49.44.746353 +0200,
,,50,0,50,,,,,,,10,a20,zsiráf,giraffe,1,animal,mammal,6.6,12,23,60,None,"(0, 0)",None,,,,,,,,,,,,,,0,0,0,0,0,16,16,16,50,0,50,0,320.0264411000003,,,,,,,,,,,,,,,,,,,,,,,,,,,,,,,,,,,,,,,,,,,,,,,,,,,,,,,,,,,,,,,,,,,,,,,,,,,,,,,,,,,,,,,,,,,,,320.0146904000003,320.0264411000003,320.0264411000003,320.0264411000003,320.21052150000014,None,,,,,,,,,,,,,,,,,,,,,,,,,,,,,,,,P7350,Bar_MIC,10,1,2026-05-15_14h49.41.843,MIC_task,,2026.1.2,60.04138051946148,2026-05-15 14h49.44.746353 +0200,
,,51,0,51,,,,,,,10,a20,zsiráf,giraffe,1,animal,mammal,6.6,12,23,60,None,"(0, 0)",None,,,,,,,,,,,,,,0,0,0,0,0,16,16,16,51,0,51,0,320.2273603000003,,,,,,,,,,,,,,,,,,,,,,,,,,,,,,,,,,,,,,,,,,,,,,,,,,,,,,,,,,,,,,,,,,,,,,,,,,,,,,,,,,,,,,,,,,,,,320.2151965000003,320.2273603000003,320.2273603000003,320.2273603000003,320.4098809000002,None,,,,,,,,,,,,,,,,,,,,,,,,,,,,,,,,P7350,Bar_MIC,10,1,2026-05-15_14h49.41.843,MIC_task,,2026.1.2,60.04138051946148,2026-05-15 14h49.44.746353 +0200,
,,52,0,52,,,,,,,10,a20,zsiráf,giraffe,1,animal,mammal,6.6,12,23,60,None,"(0, 0)",None,,,,,,,,,,,,,,0,0,0,0,0,16,16,16,52,0,52,0,320.4273042,,,,,,,,,,,,,,,,,,,,,,,,,,,,,,,,,,,,,,,,,,,,,,,,,,,,,,,,,,,,,,,,,,,,,,,,,,,,,,,,,,,,,,,,,,,,,320.4147575000002,320.4273042,320.4273042,320.4273042,320.6111383000002,None,,,,,,,,,,,,,,,,,,,,,,,,,,,,,,,,P7350,Bar_MIC,10,1,2026-05-15_14h49.41.843,MIC_task,,2026.1.2,60.04138051946148,2026-05-15 14h49.44.746353 +0200,
,,53,0,53,,,,,,,10,a20,zsiráf,giraffe,1,animal,mammal,6.6,12,23,60,None,"(0, 0)",None,,,,,,,,,,,,,,0,0,0,0,0,16,16,16,53,0,53,0,320.6276759000002,,,,,,,,,,,,,,,,,,,,,,,,,,,,,,,,,,,,,,,,,,,,,,,,,,,,,,,,,,,,,,,,,,,,,,,,,,,,,,,,,,,,,,,,,,,,,320.61586669999997,320.6276759000002,320.6276759000002,320.6276759000002,320.8106902000004,None,,,,,,,,,,,,,,,,,,,,,,,,,,,,,,,,P7350,Bar_MIC,10,1,2026-05-15_14h49.41.843,MIC_task,,2026.1.2,60.04138051946148,2026-05-15 14h49.44.746353 +0200,
,,54,0,54,,,,,,,10,a20,zsiráf,giraffe,1,animal,mammal,6.6,12,23,60,None,"(0, 0)",None,,,,,,,,,,,,,,0,0,0,0,0,16,16,16,54,0,54,0,320.8272232000004,,,,,,,,,,,,,,,,,,,,,,,,,,,,,,,,,,,,,,,,,,,,,,,,,,,,,,,,,,,,,,,,,,,,,,,,,,,,,,,,,,,,,,,,,,,,,320.8155597,320.8272232000004,320.8272232000004,320.8272232000004,321.0109776000004,None,,,,,,,,,,,,,,,,,,,,,,,,,,,,,,,,P7350,Bar_MIC,10,1,2026-05-15_14h49.41.843,MIC_task,,2026.1.2,60.04138051946148,2026-05-15 14h49.44.746353 +0200,
,,55,0,55,,,,,,,10,a20,zsiráf,giraffe,1,animal,mammal,6.6,12,23,60,None,"(0, 0)",None,,,,,,,,,,,,,,0,0,0,0,0,16,16,16,55,0,55,0,321.02802090000023,,,,,,,,,,,,,,,,,,,,,,,,,,,,,,,,,,,,,,,,,,,,,,,,,,,,,,,,,,,,,,,,,,,,,,,,,,,,,,,,,,,,,,,,,,,,,321.01609559999997,321.02802090000023,321.02802090000023,321.02802090000023,321.21145860000024,None,,,,,,,,,,,,,,,,,,,,,,,,,,,,,,,,P7350,Bar_MIC,10,1,2026-05-15_14h49.41.843,MIC_task,,2026.1.2,60.04138051946148,2026-05-15 14h49.44.746353 +0200,
,,56,0,56,,,,,,,10,a20,zsiráf,giraffe,1,animal,mammal,6.6,12,23,60,None,"(0, 0)",None,,,,,,,,,,,,,,0,0,0,0,0,16,16,16,56,0,56,0,321.22795840000026,,,,,,,,,,,,,,,,,,,,,,,,,,,,,,,,,,,,,,,,,,,,,,,,,,,,,,,,,,,,,,,,,,,,,,,,,,,,,,,,,,,,,,,,,,,,,321.2164965000002,321.22795840000026,321.22795840000026,321.22795840000026,321.41167740000037,None,,,,,,,,,,,,,,,,,,,,,,,,,,,,,,,,P7350,Bar_MIC,10,1,2026-05-15_14h49.41.843,MIC_task,,2026.1.2,60.04138051946148,2026-05-15 14h49.44.746353 +0200,
,,57,0,57,,,,,,,10,a20,zsiráf,giraffe,1,animal,mammal,6.6,12,23,60,None,"(0, 0)",None,,,,,,,,,,,,,,0,0,0,0,0,16,16,16,57,0,57,0,321.4285014000002,,,,,,,,,,,,,,,,,,,,,,,,,,,,,,,,,,,,,,,,,,,,,,,,,,,,,,,,,,,,,,,,,,,,,,,,,,,,,,,,,,,,,,,,,,,,,321.4164820000001,321.4285014000002,321.4285014000002,321.4285014000002,321.5953966000002,None,,,,,,,,,,,,,,,,,,,,,,,,,,,,,,,,P7350,Bar_MIC,10,1,2026-05-15_14h49.41.843,MIC_task,,2026.1.2,60.04138051946148,2026-05-15 14h49.44.746353 +0200,
,,58,0,58,,,,,,,10,a20,zsiráf,giraffe,1,animal,mammal,6.6,12,23,60,None,"(0, 0)",space,0.08133799999995972,None,,,,,,,,,,,,0,0,0,0,0,16,16,16,58,0,58,0,321.6120212000001,,,,,,,,,,,,,,,,,,,,,,,,,,,,,,,,,,,,,,,,,,,,,,,,,,,,,,,,,,,,,,,,,,,,,,,,,,,,,,,,,,,,,,,,,,,,,321.60010760000023,321.6120212000001,321.6120212000001,321.6120212000001,321.69714890000023,space,0.08133799999995972,None,,,,,,,,,,,,,,,,,,,,,,,,,,,,,,P7350,Bar_MIC,10,1,2026-05-15_14h49.41.843,MIC_task,,2026.1.2,60.04138051946148,2026-05-15 14h49.44.746353 +0200,
,,16,16,0,,,,space,8.40578800000003,None,10,a20,zsiráf,giraffe,1,animal,mammal,6.6,12,23,60,None,"(0, 0)",,,,,,,,,,,,,,,0,0,0,0,0,16,16,16,,,,,,,,,,,,,,,,,,,,,,,,,,,,,,,,,,,,,,,,,,,,,,,,,,,,,,,,,,,,,,,,,,,,,,,,,,,,,,,,,321.7984385,321.80678880000005,321.81252366666683,323.69883849999997,,,,,,325.7032013000003,325.71846810000034,325.71846810000034,334.13268110000035,,,,,,,,,,,,,323.7337471000001,323.7413340000003,323.7486111000001,325.6348677000001,325.7031336,space,8.40578800000003,None,,,,,,,,,,,,,,,,,,,,,,P7350,Bar_MIC,10,1,2026-05-15_14h49.41.843,MIC_task,,2026.1.2,60.04138051946148,2026-05-15 14h49.44.746353 +0200,
,,0,0,0,,,,,,,10,p17,orvos,doctor,6,people,professions,7,843,None,104,None,"(0.1, -0.1)",None,,,,,,,,,,,,,,0,0,0,0,0,17,17,17,0,0,0,0,334.16039180000007,,,,,,,,,,,,,,,,,,,,,,,,,,,,,,,,,,,,,,,,,,,,,,,,,,,,,,,,,,,,,,,,,,,,,,,,,,,,,,,,,,,,,,,,,,,,,334.1541937000002,334.16039180000007,334.16039180000007,334.16039180000007,334.3497964000003,None,,,,,,,,,,,,,,,,,,,,,,,,,,,,,,,,P7350,Bar_MIC,10,1,2026-05-15_14h49.41.843,MIC_task,,2026.1.2,60.04138051946148,2026-05-15 14h49.44.746353 +0200,
,,0,0,0,,,,,,,10,p17,orvos,doctor,6,people,professions,7,843,None,104,None,"(0.1, -0.1)",None,,,,,,,,,,,,,,0,0,0,0,0,17,17,17,0,0,0,0,334.3649582000003,,,,,,,,,,,,,,,,,,,,,,,,,,,,,,,,,,,,,,,,,,,,,,,,,,,,,,,,,,,,,,,,,,,,,,,,,,,,,,,,,,,,,,,,,,,,,334.35441800000035,334.3649582000003,334.3649582000003,334.3649582000003,334.53311550000035,None,,,,,,,,,,,,,,,,,,,,,,,,,,,,,,,,P7350,Bar_MIC,10,1,2026-05-15_14h49.41.843,MIC_task,,2026.1.2,60.04138051946148,2026-05-15 14h49.44.746353 +0200,
,,1,0,1,,,,,,,10,p17,orvos,doctor,6,people,professions,7,843,None,104,None,"(0.1, -0.1)",None,,,,,,,,,,,,,,0,0,0,0,0,17,17,17,1,0,1,0,334.54857630000015,,,,,,,,,,,,,,,,,,,,,,,,,,,,,,,,,,,,,,,,,,,,,,,,,,,,,,,,,,,,,,,,,,,,,,,,,,,,,,,,,,,,,,,,,,,,,334.5375672,334.54857630000015,334.54857630000015,334.54857630000015,334.7329914000002,None,,,,,,,,,,,,,,,,,,,,,,,,,,,,,,,,P7350,Bar_MIC,10,1,2026-05-15_14h49.41.843,MIC_task,,2026.1.2,60.04138051946148,2026-05-15 14h49.44.746353 +0200,
,,2,0,2,,,,,,,10,p17,orvos,doctor,6,people,professions,7,843,None,104,None,"(0.1, -0.1)",None,,,,,,,,,,,,,,0,0,0,0,0,17,17,17,2,0,2,0,334.7490613,,,,,,,,,,,,,,,,,,,,,,,,,,,,,,,,,,,,,,,,,,,,,,,,,,,,,,,,,,,,,,,,,,,,,,,,,,,,,,,,,,,,,,,,,,,,,334.73751500000026,334.7490613,334.7490613,334.7490613,334.93305720000035,None,,,,,,,,,,,,,,,,,,,,,,,,,,,,,,,,P7350,Bar_MIC,10,1,2026-05-15_14h49.41.843,MIC_task,,2026.1.2,60.04138051946148,2026-05-15 14h49.44.746353 +0200,
,,3,0,3,,,,,,,10,p17,orvos,doctor,6,people,professions,7,843,None,104,None,"(0.1, -0.1)",None,,,,,,,,,,,,,,0,0,0,0,0,17,17,17,3,0,3,0,334.94878210000024,,,,,,,,,,,,,,,,,,,,,,,,,,,,,,,,,,,,,,,,,,,,,,,,,,,,,,,,,,,,,,,,,,,,,,,,,,,,,,,,,,,,,,,,,,,,,334.9380490000003,334.94878210000024,334.94878210000024,334.94878210000024,335.13337760000013,None,,,,,,,,,,,,,,,,,,,,,,,,,,,,,,,,P7350,Bar_MIC,10,1,2026-05-15_14h49.41.843,MIC_task,,2026.1.2,60.04138051946148,2026-05-15 14h49.44.746353 +0200,
,,4,0,4,,,,,,,10,p17,orvos,doctor,6,people,professions,7,843,None,104,None,"(0.1, -0.1)",None,,,,,,,,,,,,,,0,0,0,0,0,17,17,17,4,0,4,0,335.1503877,,,,,,,,,,,,,,,,,,,,,,,,,,,,,,,,,,,,,,,,,,,,,,,,,,,,,,,,,,,,,,,,,,,,,,,,,,,,,,,,,,,,,,,,,,,,,335.1377037000002,335.1503877,335.1503877,335.1503877,335.3347060000001,None,,,,,,,,,,,,,,,,,,,,,,,,,,,,,,,,P7350,Bar_MIC,10,1,2026-05-15_14h49.41.843,MIC_task,,2026.1.2,60.04138051946148,2026-05-15 14h49.44.746353 +0200,
,,5,0,5,,,,,,,10,p17,orvos,doctor,6,people,professions,7,843,None,104,None,"(0.1, -0.1)",None,,,,,,,,,,,,,,0,0,0,0,0,17,17,17,5,0,5,0,335.3507929000002,,,,,,,,,,,,,,,,,,,,,,,,,,,,,,,,,,,,,,,,,,,,,,,,,,,,,,,,,,,,,,,,,,,,,,,,,,,,,,,,,,,,,,,,,,,,,335.3391886000004,335.3507929000002,335.3507929000002,335.3507929000002,335.5332277000002,None,,,,,,,,,,,,,,,,,,,,,,,,,,,,,,,,P7350,Bar_MIC,10,1,2026-05-15_14h49.41.843,MIC_task,,2026.1.2,60.04138051946148,2026-05-15 14h49.44.746353 +0200,
,,6,0,6,,,,,,,10,p17,orvos,doctor,6,people,professions,7,843,None,104,None,"(0.1, -0.1)",None,,,,,,,,,,,,,,0,0,0,0,0,17,17,17,6,0,6,0,335.54999750000025,,,,,,,,,,,,,,,,,,,,,,,,,,,,,,,,,,,,,,,,,,,,,,,,,,,,,,,,,,,,,,,,,,,,,,,,,,,,,,,,,,,,,,,,,,,,,335.53790000000026,335.54999750000025,335.54999750000025,335.54999750000025,335.7336706000001,None,,,,,,,,,,,,,,,,,,,,,,,,,,,,,,,,P7350,Bar_MIC,10,1,2026-05-15_14h49.41.843,MIC_task,,2026.1.2,60.04138051946148,2026-05-15 14h49.44.746353 +0200,
,,7,0,7,,,,,,,10,p17,orvos,doctor,6,people,professions,7,843,None,104,None,"(0.1, -0.1)",None,,,,,,,,,,,,,,0,0,0,0,0,17,17,17,7,0,7,0,335.75026270000035,,,,,,,,,,,,,,,,,,,,,,,,,,,,,,,,,,,,,,,,,,,,,,,,,,,,,,,,,,,,,,,,,,,,,,,,,,,,,,,,,,,,,,,,,,,,,335.73807780000016,335.75026270000035,335.75026270000035,335.75026270000035,335.9339643000003,None,,,,,,,,,,,,,,,,,,,,,,,,,,,,,,,,P7350,Bar_MIC,10,1,2026-05-15_14h49.41.843,MIC_task,,2026.1.2,60.04138051946148,2026-05-15 14h49.44.746353 +0200,
,,8,0,8,,,,,,,10,p17,orvos,doctor,6,people,professions,7,843,None,104,None,"(0.1, -0.1)",None,,,,,,,,,,,,,,0,0,0,0,0,17,17,17,8,0,8,0,335.9508430000001,,,,,,,,,,,,,,,,,,,,,,,,,,,,,,,,,,,,,,,,,,,,,,,,,,,,,,,,,,,,,,,,,,,,,,,,,,,,,,,,,,,,,,,,,,,,,335.9387987,335.9508430000001,335.9508430000001,335.9508430000001,336.1343688000002,None,,,,,,,,,,,,,,,,,,,,,,,,,,,,,,,,P7350,Bar_MIC,10,1,2026-05-15_14h49.41.843,MIC_task,,2026.1.2,60.04138051946148,2026-05-15 14h49.44.746353 +0200,
,,9,0,9,,,,,,,10,p17,orvos,doctor,6,people,professions,7,843,None,104,None,"(0.1, -0.1)",None,,,,,,,,,,,,,,0,0,0,0,0,17,17,17,9,0,9,0,336.1513842000004,,,,,,,,,,,,,,,,,,,,,,,,,,,,,,,,,,,,,,,,,,,,,,,,,,,,,,,,,,,,,,,,,,,,,,,,,,,,,,,,,,,,,,,,,,,,,336.13881360000005,336.1513842000004,336.1513842000004,336.1513842000004,336.33477410000023,None,,,,,,,,,,,,,,,,,,,,,,,,,,,,,,,,P7350,Bar_MIC,10,1,2026-05-15_14h49.41.843,MIC_task,,2026.1.2,60.04138051946148,2026-05-15 14h49.44.746353 +0200,
,,10,0,10,,,,,,,10,p17,orvos,doctor,6,people,professions,7,843,None,104,None,"(0.1, -0.1)",None,,,,,,,,,,,,,,0,0,0,0,0,17,17,17,10,0,10,0,336.3513097,,,,,,,,,,,,,,,,,,,,,,,,,,,,,,,,,,,,,,,,,,,,,,,,,,,,,,,,,,,,,,,,,,,,,,,,,,,,,,,,,,,,,,,,,,,,,336.3392937000003,336.3513097,336.3513097,336.3513097,336.53508360000023,None,,,,,,,,,,,,,,,,,,,,,,,,,,,,,,,,P7350,Bar_MIC,10,1,2026-05-15_14h49.41.843,MIC_task,,2026.1.2,60.04138051946148,2026-05-15 14h49.44.746353 +0200,
,,11,0,11,,,,,,,10,p17,orvos,doctor,6,people,professions,7,843,None,104,None,"(0.1, -0.1)",None,,,,,,,,,,,,,,0,0,0,0,0,17,17,17,11,0,11,0,336.5517584000004,,,,,,,,,,,,,,,,,,,,,,,,,,,,,,,,,,,,,,,,,,,,,,,,,,,,,,,,,,,,,,,,,,,,,,,,,,,,,,,,,,,,,,,,,,,,,336.5393862000001,336.5517584000004,336.5517584000004,336.5517584000004,336.7353185000002,None,,,,,,,,,,,,,,,,,,,,,,,,,,,,,,,,P7350,Bar_MIC,10,1,2026-05-15_14h49.41.843,MIC_task,,2026.1.2,60.04138051946148,2026-05-15 14h49.44.746353 +0200,
,,12,0,12,,,,,,,10,p17,orvos,doctor,6,people,professions,7,843,None,104,None,"(0.1, -0.1)",None,,,,,,,,,,,,,,0,0,0,0,0,17,17,17,12,0,12,0,336.7519599000002,,,,,,,,,,,,,,,,,,,,,,,,,,,,,,,,,,,,,,,,,,,,,,,,,,,,,,,,,,,,,,,,,,,,,,,,,,,,,,,,,,,,,,,,,,,,,336.7398819,336.7519599000002,336.7519599000002,336.7519599000002,336.9358758000003,None,,,,,,,,,,,,,,,,,,,,,,,,,,,,,,,,P7350,Bar_MIC,10,1,2026-05-15_14h49.41.843,MIC_task,,2026.1.2,60.04138051946148,2026-05-15 14h49.44.746353 +0200,
,,13,0,13,,,,,,,10,p17,orvos,doctor,6,people,professions,7,843,None,104,None,"(0.1, -0.1)",None,,,,,,,,,,,,,,0,0,0,0,0,17,17,17,13,0,13,0,336.9527908,,,,,,,,,,,,,,,,,,,,,,,,,,,,,,,,,,,,,,,,,,,,,,,,,,,,,,,,,,,,,,,,,,,,,,,,,,,,,,,,,,,,,,,,,,,,,336.94054440000036,336.9527908,336.9527908,336.9527908,337.13614989999996,None,,,,,,,,,,,,,,,,,,,,,,,,,,,,,,,,P7350,Bar_MIC,10,1,2026-05-15_14h49.41.843,MIC_task,,2026.1.2,60.04138051946148,2026-05-15 14h49.44.746353 +0200,
,,14,0,14,,,,,,,10,p17,orvos,doctor,6,people,professions,7,843,None,104,None,"(0.1, -0.1)",None,,,,,,,,,,,,,,0,0,0,0,0,17,17,17,14,0,14,0,337.1532137000004,,,,,,,,,,,,,,,,,,,,,,,,,,,,,,,,,,,,,,,,,,,,,,,,,,,,,,,,,,,,,,,,,,,,,,,,,,,,,,,,,,,,,,,,,,,,,337.1406810000003,337.1532137000004,337.1532137000004,337.1532137000004,337.3365861000002,None,,,,,,,,,,,,,,,,,,,,,,,,,,,,,,,,P7350,Bar_MIC,10,1,2026-05-15_14h49.41.843,MIC_task,,2026.1.2,60.04138051946148,2026-05-15 14h49.44.746353 +0200,
,,15,0,15,,,,,,,10,p17,orvos,doctor,6,people,professions,7,843,None,104,None,"(0.1, -0.1)",None,,,,,,,,,,,,,,0,0,0,0,0,17,17,17,15,0,15,0,337.3537531000002,,,,,,,,,,,,,,,,,,,,,,,,,,,,,,,,,,,,,,,,,,,,,,,,,,,,,,,,,,,,,,,,,,,,,,,,,,,,,,,,,,,,,,,,,,,,,337.34114750000026,337.3537531000002,337.3537531000002,337.3537531000002,337.53814330000023,None,,,,,,,,,,,,,,,,,,,,,,,,,,,,,,,,P7350,Bar_MIC,10,1,2026-05-15_14h49.41.843,MIC_task,,2026.1.2,60.04138051946148,2026-05-15 14h49.44.746353 +0200,
,,16,0,16,,,,,,,10,p17,orvos,doctor,6,people,professions,7,843,None,104,None,"(0.1, -0.1)",None,,,,,,,,,,,,,,0,0,0,0,0,17,17,17,16,0,16,0,337.55261900000005,,,,,,,,,,,,,,,,,,,,,,,,,,,,,,,,,,,,,,,,,,,,,,,,,,,,,,,,,,,,,,,,,,,,,,,,,,,,,,,,,,,,,,,,,,,,,337.54338910000024,337.55261900000005,337.55261900000005,337.55261900000005,337.7365186000002,None,,,,,,,,,,,,,,,,,,,,,,,,,,,,,,,,P7350,Bar_MIC,10,1,2026-05-15_14h49.41.843,MIC_task,,2026.1.2,60.04138051946148,2026-05-15 14h49.44.746353 +0200,
,,17,0,17,,,,,,,10,p17,orvos,doctor,6,people,professions,7,843,None,104,None,"(0.1, -0.1)",None,,,,,,,,,,,,,,0,0,0,0,0,17,17,17,17,0,17,0,337.7531643000002,,,,,,,,,,,,,,,,,,,,,,,,,,,,,,,,,,,,,,,,,,,,,,,,,,,,,,,,,,,,,,,,,,,,,,,,,,,,,,,,,,,,,,,,,,,,,337.7410791000002,337.7531643000002,337.7531643000002,337.7531643000002,337.9369006000002,None,,,,,,,,,,,,,,,,,,,,,,,,,,,,,,,,P7350,Bar_MIC,10,1,2026-05-15_14h49.41.843,MIC_task,,2026.1.2,60.04138051946148,2026-05-15 14h49.44.746353 +0200,
,,18,0,18,,,,,,,10,p17,orvos,doctor,6,people,professions,7,843,None,104,None,"(0.1, -0.1)",None,,,,,,,,,,,,,,0,0,0,0,0,17,17,17,18,0,18,0,337.95348690000037,,,,,,,,,,,,,,,,,,,,,,,,,,,,,,,,,,,,,,,,,,,,,,,,,,,,,,,,,,,,,,,,,,,,,,,,,,,,,,,,,,,,,,,,,,,,,337.94151220000003,337.95348690000037,337.95348690000037,337.95348690000037,338.1377090000001,None,,,,,,,,,,,,,,,,,,,,,,,,,,,,,,,,P7350,Bar_MIC,10,1,2026-05-15_14h49.41.843,MIC_task,,2026.1.2,60.04138051946148,2026-05-15 14h49.44.746353 +0200,
,,19,0,19,,,,,,,10,p17,orvos,doctor,6,people,professions,7,843,None,104,None,"(0.1, -0.1)",None,,,,,,,,,,,,,,0,0,0,0,0,17,17,17,19,0,19,0,338.1549857,,,,,,,,,,,,,,,,,,,,,,,,,,,,,,,,,,,,,,,,,,,,,,,,,,,,,,,,,,,,,,,,,,,,,,,,,,,,,,,,,,,,,,,,,,,,,338.14215230000036,338.1549857,338.1549857,338.1549857,338.3379676000004,None,,,,,,,,,,,,,,,,,,,,,,,,,,,,,,,,P7350,Bar_MIC,10,1,2026-05-15_14h49.41.843,MIC_task,,2026.1.2,60.04138051946148,2026-05-15 14h49.44.746353 +0200,
,,20,0,20,,,,,,,10,p17,orvos,doctor,6,people,professions,7,843,None,104,None,"(0.1, -0.1)",None,,,,,,,,,,,,,,0,0,0,0,0,17,17,17,20,0,20,0,338.3542483000001,,,,,,,,,,,,,,,,,,,,,,,,,,,,,,,,,,,,,,,,,,,,,,,,,,,,,,,,,,,,,,,,,,,,,,,,,,,,,,,,,,,,,,,,,,,,,338.3426525,338.3542483000001,338.3542483000001,338.3542483000001,338.5380597000003,None,,,,,,,,,,,,,,,,,,,,,,,,,,,,,,,,P7350,Bar_MIC,10,1,2026-05-15_14h49.41.843,MIC_task,,2026.1.2,60.04138051946148,2026-05-15 14h49.44.746353 +0200,
,,21,0,21,,,,,,,10,p17,orvos,doctor,6,people,professions,7,843,None,104,None,"(0.1, -0.1)",None,,,,,,,,,,,,,,0,0,0,0,0,17,17,17,21,0,21,0,338.5546290000002,,,,,,,,,,,,,,,,,,,,,,,,,,,,,,,,,,,,,,,,,,,,,,,,,,,,,,,,,,,,,,,,,,,,,,,,,,,,,,,,,,,,,,,,,,,,,338.5426576,338.5546290000002,338.5546290000002,338.5546290000002,338.73929020000014,None,,,,,,,,,,,,,,,,,,,,,,,,,,,,,,,,P7350,Bar_MIC,10,1,2026-05-15_14h49.41.843,MIC_task,,2026.1.2,60.04138051946148,2026-05-15 14h49.44.746353 +0200,
,,22,0,22,,,,,,,10,p17,orvos,doctor,6,people,professions,7,843,None,104,None,"(0.1, -0.1)",None,,,,,,,,,,,,,,0,0,0,0,0,17,17,17,22,0,22,0,338.7548635000003,,,,,,,,,,,,,,,,,,,,,,,,,,,,,,,,,,,,,,,,,,,,,,,,,,,,,,,,,,,,,,,,,,,,,,,,,,,,,,,,,,,,,,,,,,,,,338.7439545000002,338.7548635000003,338.7548635000003,338.7548635000003,338.9388116,None,,,,,,,,,,,,,,,,,,,,,,,,,,,,,,,,P7350,Bar_MIC,10,1,2026-05-15_14h49.41.843,MIC_task,,2026.1.2,60.04138051946148,2026-05-15 14h49.44.746353 +0200,
,,23,0,23,,,,,,,10,p17,orvos,doctor,6,people,professions,7,843,None,104,None,"(0.1, -0.1)",None,,,,,,,,,,,,,,0,0,0,0,0,17,17,17,23,0,23,0,338.95540370000026,,,,,,,,,,,,,,,,,,,,,,,,,,,,,,,,,,,,,,,,,,,,,,,,,,,,,,,,,,,,,,,,,,,,,,,,,,,,,,,,,,,,,,,,,,,,,338.9433347000004,338.95540370000026,338.95540370000026,338.95540370000026,339.1391675,None,,,,,,,,,,,,,,,,,,,,,,,,,,,,,,,,P7350,Bar_MIC,10,1,2026-05-15_14h49.41.843,MIC_task,,2026.1.2,60.04138051946148,2026-05-15 14h49.44.746353 +0200,
,,24,0,24,,,,,,,10,p17,orvos,doctor,6,people,professions,7,843,None,104,None,"(0.1, -0.1)",None,,,,,,,,,,,,,,0,0,0,0,0,17,17,17,24,0,24,0,339.15577180000037,,,,,,,,,,,,,,,,,,,,,,,,,,,,,,,,,,,,,,,,,,,,,,,,,,,,,,,,,,,,,,,,,,,,,,,,,,,,,,,,,,,,,,,,,,,,,339.14388780000036,339.15577180000037,339.15577180000037,339.15577180000037,339.3408998,None,,,,,,,,,,,,,,,,,,,,,,,,,,,,,,,,P7350,Bar_MIC,10,1,2026-05-15_14h49.41.843,MIC_task,,2026.1.2,60.04138051946148,2026-05-15 14h49.44.746353 +0200,
,,25,0,25,,,,,,,10,p17,orvos,doctor,6,people,professions,7,843,None,104,None,"(0.1, -0.1)",None,,,,,,,,,,,,,,0,0,0,0,0,17,17,17,25,0,25,0,339.3564002000003,,,,,,,,,,,,,,,,,,,,,,,,,,,,,,,,,,,,,,,,,,,,,,,,,,,,,,,,,,,,,,,,,,,,,,,,,,,,,,,,,,,,,,,,,,,,,339.3455310000004,339.3564002000003,339.3564002000003,339.3564002000003,339.5399797,None,,,,,,,,,,,,,,,,,,,,,,,,,,,,,,,,P7350,Bar_MIC,10,1,2026-05-15_14h49.41.843,MIC_task,,2026.1.2,60.04138051946148,2026-05-15 14h49.44.746353 +0200,
,,26,0,26,,,,,,,10,p17,orvos,doctor,6,people,professions,7,843,None,104,None,"(0.1, -0.1)",None,,,,,,,,,,,,,,0,0,0,0,0,17,17,17,26,0,26,0,339.55649760000006,,,,,,,,,,,,,,,,,,,,,,,,,,,,,,,,,,,,,,,,,,,,,,,,,,,,,,,,,,,,,,,,,,,,,,,,,,,,,,,,,,,,,,,,,,,,,339.5445542000002,339.55649760000006,339.55649760000006,339.55649760000006,339.74061070000016,None,,,,,,,,,,,,,,,,,,,,,,,,,,,,,,,,P7350,Bar_MIC,10,1,2026-05-15_14h49.41.843,MIC_task,,2026.1.2,60.04138051946148,2026-05-15 14h49.44.746353 +0200,
,,27,0,27,,,,,,,10,p17,orvos,doctor,6,people,professions,7,843,None,104,None,"(0.1, -0.1)",space,0.057189499999822146,None,,,,,,,,,,,,0,0,0,0,0,17,17,17,27,0,27,0,339.7560502000001,,,,,,,,,,,,,,,,,,,,,,,,,,,,,,,,,,,,,,,,,,,,,,,,,,,,,,,,,,,,,,,,,,,,,,,,,,,,,,,,,,,,,,,,,,,,,339.74534470000026,339.7560502000001,339.7560502000001,339.7560502000001,339.8258490000003,space,0.057189499999822146,None,,,,,,,,,,,,,,,,,,,,,,,,,,,,,,P7350,Bar_MIC,10,1,2026-05-15_14h49.41.843,MIC_task,,2026.1.2,60.04138051946148,2026-05-15 14h49.44.746353 +0200,
,,17,17,0,,,,space,0.3587268999999651,None,10,p17,orvos,doctor,6,people,professions,7,843,None,104,None,"(0.1, -0.1)",,,,,,,,,,,,,,,0,0,0,0,0,17,17,17,,,,,,,,,,,,,,,,,,,,,,,,,,,,,,,,,,,,,,,,,,,,,,,,,,,,,,,,,,,,,,,,,,,,,,,,,,,,,,,,,339.92125160000023,339.9279515000003,339.9243439000002,341.8263426000003,,,,,,343.83021910000025,343.8459061000003,343.8459061000003,344.21436810000023,,,,,,,,,,,,,341.86059760000035,341.8677048000004,341.87617710000023,343.7628340000001,343.83010650000006,space,0.3587268999999651,None,,,,,,,,,,,,,,,,,,,,,,P7350,Bar_MIC,10,1,2026-05-15_14h49.41.843,MIC_task,,2026.1.2,60.04138051946148,2026-05-15 14h49.44.746353 +0200,
,,0,0,0,,,,,,,10,ty27,labda,ball,9,toys,sport,7,148,18,34,None,"(0, -0.1)",None,,,,,,,,,,,,,,0,0,0,0,0,18,18,18,0,0,0,0,344.24399070000027,,,,,,,,,,,,,,,,,,,,,,,,,,,,,,,,,,,,,,,,,,,,,,,,,,,,,,,,,,,,,,,,,,,,,,,,,,,,,,,,,,,,,,,,,,,,,344.2367199,344.24399070000027,344.24399070000027,344.24399070000027,344.41631770000004,None,,,,,,,,,,,,,,,,,,,,,,,,,,,,,,,,P7350,Bar_MIC,10,1,2026-05-15_14h49.41.843,MIC_task,,2026.1.2,60.04138051946148,2026-05-15 14h49.44.746353 +0200,
,,0,0,0,,,,,,,10,ty27,labda,ball,9,toys,sport,7,148,18,34,None,"(0, -0.1)",None,,,,,,,,,,,,,,0,0,0,0,0,18,18,18,0,0,0,0,344.4304696000004,,,,,,,,,,,,,,,,,,,,,,,,,,,,,,,,,,,,,,,,,,,,,,,,,,,,,,,,,,,,,,,,,,,,,,,,,,,,,,,,,,,,,,,,,,,,,344.4208082,344.4304696000004,344.4304696000004,344.4304696000004,344.61464700000033,None,,,,,,,,,,,344.63073600000007,344.63073600000007,344.63073600000007,,,,,,,,,,,,,,,,,,,P7350,Bar_MIC,10,1,2026-05-15_14h49.41.843,MIC_task,,2026.1.2,60.04138051946148,2026-05-15 14h49.44.746353 +0200,
,,1,0,1,,,,,,,10,ty27,labda,ball,9,toys,sport,7,148,18,34,None,"(0, -0.1)",None,,,,,,,,,,,,,,0,0,0,0,0,18,18,18,1,0,1,0,344.63073600000007,,,,,,,,,,,,,,,,,,,,,,,,,,,,,,,,,,,,,,,,,,,,,,,,,,,,,,,,,,,,,,,,,,,,,,,,,,,,,,,,,,,,,,,,,,,,,344.6190557,344.63073600000007,344.63073600000007,344.63073600000007,344.81504710000036,None,,,,,,,,,,,344.83108340000035,344.83108340000035,344.83108340000035,,,,,,,,,,,,,,,,,,,P7350,Bar_MIC,10,1,2026-05-15_14h49.41.843,MIC_task,,2026.1.2,60.04138051946148,2026-05-15 14h49.44.746353 +0200,
,,2,0,2,,,,,,,10,ty27,labda,ball,9,toys,sport,7,148,18,34,None,"(0, -0.1)",None,,,,,,,,,,,,,,0,0,0,0,0,18,18,18,2,0,2,0,344.83108340000035,,,,,,,,,,,,,,,,,,,,,,,,,,,,,,,,,,,,,,,,,,,,,,,,,,,,,,,,,,,,,,,,,,,,,,,,,,,,,,,,,,,,,,,,,,,,,344.81917440000007,344.83108340000035,344.83108340000035,344.83108340000035,345.0148577,None,,,,,,,,,,,,,,,,,,,,,,,,,,,,,,,,P7350,Bar_MIC,10,1,2026-05-15_14h49.41.843,MIC_task,,2026.1.2,60.04138051946148,2026-05-15 14h49.44.746353 +0200,
,,3,0,3,,,,,,,10,ty27,labda,ball,9,toys,sport,7,148,18,34,None,"(0, -0.1)",None,,,,,,,,,,,,,,0,0,0,0,0,18,18,18,3,0,3,0,345.0311939000003,,,,,,,,,,,,,,,,,,,,,,,,,,,,,,,,,,,,,,,,,,,,,,,,,,,,,,,,,,,,,,,,,,,,,,,,,,,,,,,,,,,,,,,,,,,,,345.01917140000023,345.0311939000003,345.0311939000003,345.0311939000003,345.21572140000035,None,,,,,,,,,,,,,,,,,,,,,,,,,,,,,,,,P7350,Bar_MIC,10,1,2026-05-15_14h49.41.843,MIC_task,,2026.1.2,60.04138051946148,2026-05-15 14h49.44.746353 +0200,
,,4,0,4,,,,,,,10,ty27,labda,ball,9,toys,sport,7,148,18,34,None,"(0, -0.1)",None,,,,,,,,,,,,,,0,0,0,0,0,18,18,18,4,0,4,0,345.2322091000001,,,,,,,,,,,,,,,,,,,,,,,,,,,,,,,,,,,,,,,,,,,,,,,,,,,,,,,,,,,,,,,,,,,,,,,,,,,,,,,,,,,,,,,,,,,,,345.2202364,345.2322091000001,345.2322091000001,345.2322091000001,345.4155317,None,,,,,,,,,,,,,,,,,,,,,,,,,,,,,,,,P7350,Bar_MIC,10,1,2026-05-15_14h49.41.843,MIC_task,,2026.1.2,60.04138051946148,2026-05-15 14h49.44.746353 +0200,
,,5,0,5,,,,,,,10,ty27,labda,ball,9,toys,sport,7,148,18,34,None,"(0, -0.1)",None,,,,,,,,,,,,,,0,0,0,0,0,18,18,18,5,0,5,0,345.43232030000036,,,,,,,,,,,,,,,,,,,,,,,,,,,,,,,,,,,,,,,,,,,,,,,,,,,,,,,,,,,,,,,,,,,,,,,,,,,,,,,,,,,,,,,,,,,,,345.4201317000002,345.43232030000036,345.43232030000036,345.43232030000036,345.6160388000003,None,,,,,,,,,,,,,,,,,,,,,,,,,,,,,,,,P7350,Bar_MIC,10,1,2026-05-15_14h49.41.843,MIC_task,,2026.1.2,60.04138051946148,2026-05-15 14h49.44.746353 +0200,
,,6,0,6,,,,,,,10,ty27,labda,ball,9,toys,sport,7,148,18,34,None,"(0, -0.1)",None,,,,,,,,,,,,,,0,0,0,0,0,18,18,18,6,0,6,0,345.63242070000024,,,,,,,,,,,,,,,,,,,,,,,,,,,,,,,,,,,,,,,,,,,,,,,,,,,,,,,,,,,,,,,,,,,,,,,,,,,,,,,,,,,,,,,,,,,,,345.6206295000002,345.63242070000024,345.63242070000024,345.63242070000024,345.81628530000035,None,,,,,,,,,,,,,,,,,,,,,,,,,,,,,,,,P7350,Bar_MIC,10,1,2026-05-15_14h49.41.843,MIC_task,,2026.1.2,60.04138051946148,2026-05-15 14h49.44.746353 +0200,
,,7,0,7,,,,,,,10,ty27,labda,ball,9,toys,sport,7,148,18,34,None,"(0, -0.1)",None,,,,,,,,,,,,,,0,0,0,0,0,18,18,18,7,0,7,0,345.8320394000002,,,,,,,,,,,,,,,,,,,,,,,,,,,,,,,,,,,,,,,,,,,,,,,,,,,,,,,,,,,,,,,,,,,,,,,,,,,,,,,,,,,,,,,,,,,,,345.8210561000001,345.8320394000002,345.8320394000002,345.8320394000002,346.0150713000003,None,,,,,,,,,,,,,,,,,,,,,,,,,,,,,,,,P7350,Bar_MIC,10,1,2026-05-15_14h49.41.843,MIC_task,,2026.1.2,60.04138051946148,2026-05-15 14h49.44.746353 +0200,
,,8,0,8,,,,,,,10,ty27,labda,ball,9,toys,sport,7,148,18,34,None,"(0, -0.1)",None,,,,,,,,,,,,,,0,0,0,0,0,18,18,18,8,0,8,0,346.03242160000036,,,,,,,,,,,,,,,,,,,,,,,,,,,,,,,,,,,,,,,,,,,,,,,,,,,,,,,,,,,,,,,,,,,,,,,,,,,,,,,,,,,,,,,,,,,,,346.0214052000001,346.03242160000036,346.03242160000036,346.03242160000036,346.21616440000025,None,,,,,,,,,,,,,,,,,,,,,,,,,,,,,,,,P7350,Bar_MIC,10,1,2026-05-15_14h49.41.843,MIC_task,,2026.1.2,60.04138051946148,2026-05-15 14h49.44.746353 +0200,
,,9,0,9,,,,,,,10,ty27,labda,ball,9,toys,sport,7,148,18,34,None,"(0, -0.1)",None,,,,,,,,,,,,,,0,0,0,0,0,18,18,18,9,0,9,0,346.2328629000003,,,,,,,,,,,,,,,,,,,,,,,,,,,,,,,,,,,,,,,,,,,,,,,,,,,,,,,,,,,,,,,,,,,,,,,,,,,,,,,,,,,,,,,,,,,,,346.22066870000026,346.2328629000003,346.2328629000003,346.2328629000003,346.4182950000004,None,,,,,,,,,,,,,,,,,,,,,,,,,,,,,,,,P7350,Bar_MIC,10,1,2026-05-15_14h49.41.843,MIC_task,,2026.1.2,60.04138051946148,2026-05-15 14h49.44.746353 +0200,
,,10,0,10,,,,,,,10,ty27,labda,ball,9,toys,sport,7,148,18,34,None,"(0, -0.1)",None,,,,,,,,,,,,,,0,0,0,0,0,18,18,18,10,0,10,0,346.4333037000001,,,,,,,,,,,,,,,,,,,,,,,,,,,,,,,,,,,,,,,,,,,,,,,,,,,,,,,,,,,,,,,,,,,,,,,,,,,,,,,,,,,,,,,,,,,,,346.4228132000003,346.4333037000001,346.4333037000001,346.4333037000001,346.6172945000003,None,,,,,,,,,,,,,,,,,,,,,,,,,,,,,,,,P7350,Bar_MIC,10,1,2026-05-15_14h49.41.843,MIC_task,,2026.1.2,60.04138051946148,2026-05-15 14h49.44.746353 +0200,
,,11,0,11,,,,,,,10,ty27,labda,ball,9,toys,sport,7,148,18,34,None,"(0, -0.1)",None,,,,,,,,,,,,,,0,0,0,0,0,18,18,18,11,0,11,0,346.63376180000023,,,,,,,,,,,,,,,,,,,,,,,,,,,,,,,,,,,,,,,,,,,,,,,,,,,,,,,,,,,,,,,,,,,,,,,,,,,,,,,,,,,,,,,,,,,,,346.62174470000036,346.63376180000023,346.63376180000023,346.63376180000023,346.81766990000006,None,,,,,,,,,,,,,,,,,,,,,,,,,,,,,,,,P7350,Bar_MIC,10,1,2026-05-15_14h49.41.843,MIC_task,,2026.1.2,60.04138051946148,2026-05-15 14h49.44.746353 +0200,
,,12,0,12,,,,,,,10,ty27,labda,ball,9,toys,sport,7,148,18,34,None,"(0, -0.1)",None,,,,,,,,,,,,,,0,0,0,0,0,18,18,18,12,0,12,0,346.83413440000004,,,,,,,,,,,,,,,,,,,,,,,,,,,,,,,,,,,,,,,,,,,,,,,,,,,,,,,,,,,,,,,,,,,,,,,,,,,,,,,,,,,,,,,,,,,,,346.82234530000005,346.83413440000004,346.83413440000004,346.83413440000004,347.01804340000035,None,,,,,,,,,,,,,,,,,,,,,,,,,,,,,,,,P7350,Bar_MIC,10,1,2026-05-15_14h49.41.843,MIC_task,,2026.1.2,60.04138051946148,2026-05-15 14h49.44.746353 +0200,
,,13,0,13,,,,,,,10,ty27,labda,ball,9,toys,sport,7,148,18,34,None,"(0, -0.1)",None,,,,,,,,,,,,,,0,0,0,0,0,18,18,18,13,0,13,0,347.0344305000003,,,,,,,,,,,,,,,,,,,,,,,,,,,,,,,,,,,,,,,,,,,,,,,,,,,,,,,,,,,,,,,,,,,,,,,,,,,,,,,,,,,,,,,,,,,,,347.0224825,347.0344305000003,347.0344305000003,347.0344305000003,347.2183326000004,None,,,,,,,,,,,,,,,,,,,,,,,,,,,,,,,,P7350,Bar_MIC,10,1,2026-05-15_14h49.41.843,MIC_task,,2026.1.2,60.04138051946148,2026-05-15 14h49.44.746353 +0200,
,,14,0,14,,,,,,,10,ty27,labda,ball,9,toys,sport,7,148,18,34,None,"(0, -0.1)",None,,,,,,,,,,,,,,0,0,0,0,0,18,18,18,14,0,14,0,347.2348763,,,,,,,,,,,,,,,,,,,,,,,,,,,,,,,,,,,,,,,,,,,,,,,,,,,,,,,,,,,,,,,,,,,,,,,,,,,,,,,,,,,,,,,,,,,,,347.2227951,347.2348763,347.2348763,347.2348763,347.41881420000027,None,,,,,,,,,,,,,,,,,,,,,,,,,,,,,,,,P7350,Bar_MIC,10,1,2026-05-15_14h49.41.843,MIC_task,,2026.1.2,60.04138051946148,2026-05-15 14h49.44.746353 +0200,
,,15,0,15,,,,,,,10,ty27,labda,ball,9,toys,sport,7,148,18,34,None,"(0, -0.1)",None,,,,,,,,,,,,,,0,0,0,0,0,18,18,18,15,0,15,0,347.4354470000003,,,,,,,,,,,,,,,,,,,,,,,,,,,,,,,,,,,,,,,,,,,,,,,,,,,,,,,,,,,,,,,,,,,,,,,,,,,,,,,,,,,,,,,,,,,,,347.42348519999996,347.4354470000003,347.4354470000003,347.4354470000003,347.61871420000034,None,,,,,,,,,,,,,,,,,,,,,,,,,,,,,,,,P7350,Bar_MIC,10,1,2026-05-15_14h49.41.843,MIC_task,,2026.1.2,60.04138051946148,2026-05-15 14h49.44.746353 +0200,
,,16,0,16,,,,,,,10,ty27,labda,ball,9,toys,sport,7,148,18,34,None,"(0, -0.1)",None,,,,,,,,,,,,,,0,0,0,0,0,18,18,18,16,0,16,0,347.6356566000004,,,,,,,,,,,,,,,,,,,,,,,,,,,,,,,,,,,,,,,,,,,,,,,,,,,,,,,,,,,,,,,,,,,,,,,,,,,,,,,,,,,,,,,,,,,,,347.62321980000024,347.6356566000004,347.6356566000004,347.6356566000004,347.8194932000001,None,,,,,,,,,,,,,,,,,,,,,,,,,,,,,,,,P7350,Bar_MIC,10,1,2026-05-15_14h49.41.843,MIC_task,,2026.1.2,60.04138051946148,2026-05-15 14h49.44.746353 +0200,
,,17,0,17,,,,,,,10,ty27,labda,ball,9,toys,sport,7,148,18,34,None,"(0, -0.1)",None,,,,,,,,,,,,,,0,0,0,0,0,18,18,18,17,0,17,0,347.8360170000001,,,,,,,,,,,,,,,,,,,,,,,,,,,,,,,,,,,,,,,,,,,,,,,,,,,,,,,,,,,,,,,,,,,,,,,,,,,,,,,,,,,,,,,,,,,,,347.82433800000035,347.8360170000001,347.8360170000001,347.8360170000001,348.01994140000033,None,,,,,,,,,,,,,,,,,,,,,,,,,,,,,,,,P7350,Bar_MIC,10,1,2026-05-15_14h49.41.843,MIC_task,,2026.1.2,60.04138051946148,2026-05-15 14h49.44.746353 +0200,
,,18,0,18,,,,,,,10,ty27,labda,ball,9,toys,sport,7,148,18,34,None,"(0, -0.1)",None,,,,,,,,,,,,,,0,0,0,0,0,18,18,18,18,0,18,0,348.0361942000004,,,,,,,,,,,,,,,,,,,,,,,,,,,,,,,,,,,,,,,,,,,,,,,,,,,,,,,,,,,,,,,,,,,,,,,,,,,,,,,,,,,,,,,,,,,,,348.024903,348.0361942000004,348.0361942000004,348.0361942000004,348.22014690000015,None,,,,,,,,,,,,,,,,,,,,,,,,,,,,,,,,P7350,Bar_MIC,10,1,2026-05-15_14h49.41.843,MIC_task,,2026.1.2,60.04138051946148,2026-05-15 14h49.44.746353 +0200,
,,19,0,19,,,,,,,10,ty27,labda,ball,9,toys,sport,7,148,18,34,None,"(0, -0.1)",None,,,,,,,,,,,,,,0,0,0,0,0,18,18,18,19,0,19,0,348.2357928000001,,,,,,,,,,,,,,,,,,,,,,,,,,,,,,,,,,,,,,,,,,,,,,,,,,,,,,,,,,,,,,,,,,,,,,,,,,,,,,,,,,,,,,,,,,,,,348.2255414000001,348.2357928000001,348.2357928000001,348.2357928000001,348.4196420000003,None,,,,,,,,,,,,,,,,,,,,,,,,,,,,,,,,P7350,Bar_MIC,10,1,2026-05-15_14h49.41.843,MIC_task,,2026.1.2,60.04138051946148,2026-05-15 14h49.44.746353 +0200,
,,20,0,20,,,,,,,10,ty27,labda,ball,9,toys,sport,7,148,18,34,None,"(0, -0.1)",None,,,,,,,,,,,,,,0,0,0,0,0,18,18,18,20,0,20,0,348.4362535,,,,,,,,,,,,,,,,,,,,,,,,,,,,,,,,,,,,,,,,,,,,,,,,,,,,,,,,,,,,,,,,,,,,,,,,,,,,,,,,,,,,,,,,,,,,,348.42417539999997,348.4362535,348.4362535,348.4362535,348.6198832,None,,,,,,,,,,,,,,,,,,,,,,,,,,,,,,,,P7350,Bar_MIC,10,1,2026-05-15_14h49.41.843,MIC_task,,2026.1.2,60.04138051946148,2026-05-15 14h49.44.746353 +0200,
,,21,0,21,,,,,,,10,ty27,labda,ball,9,toys,sport,7,148,18,34,None,"(0, -0.1)",space,0.08827420000034181,None,,,,,,,,,,,,0,0,0,0,0,18,18,18,21,0,21,0,348.63654510000015,,,,,,,,,,,,,,,,,,,,,,,,,,,,,,,,,,,,,,,,,,,,,,,,,,,,,,,,,,,,,,,,,,,,,,,,,,,,,,,,,,,,,,,,,,,,,348.6245157000003,348.63654510000015,348.63654510000015,348.63654510000015,348.7384886,space,0.08827420000034181,None,,,,,,,,,,,,,,,,,,,,,,,,,,,,,,P7350,Bar_MIC,10,1,2026-05-15_14h49.41.843,MIC_task,,2026.1.2,60.04138051946148,2026-05-15 14h49.44.746353 +0200,
,,18,18,0,,,,space,1.3966056999997818,None,10,ty27,labda,ball,9,toys,sport,7,148,18,34,None,"(0, -0.1)",,,,,,,,,,,,,,,0,0,0,0,0,18,18,18,,,,,,,,,,,,,,,,,,,,,,,,,,,,,,,,,,,,,,,,,,,,,,,,,,,,,,,,,,,,,,,,,,,,,,,,,,,,,,,,,348.83435499999996,348.8409394,348.8371895000001,350.74022920000016,,,,,,352.7439470000004,352.76017720000027,352.76017720000027,354.1629122000004,,,,,,,,,,,,,350.77124840000033,350.77837160000036,350.7733912333333,352.6593134,352.7438764000003,space,1.3966056999997818,None,,,,,,,,,,,,,,,,,,,,,,P7350,Bar_MIC,10,1,2026-05-15_14h49.41.843,MIC_task,,2026.1.2,60.04138051946148,2026-05-15 14h49.44.746353 +0200,
,,0,0,0,,,,,,,10,v12,busz,bus,10,vehicles,wheels,6.8,None,None,None,19,"(0, 0)",None,,,,,,,,,,,,,,0,0,0,0,0,19,19,19,0,0,0,0,354.19687620000013,,,,,,,,,,,,,,,,,,,,,,,,,,,,,,,,,,,,,,,,,,,,,,,,,,,,,,,,,,,,,,,,,,,,,,,,,,,,,,,,,,,,,,,,,,,,,354.1909294000002,354.19687620000013,354.19687620000013,354.19687620000013,354.37999560000026,None,,,,,,,,,,,,,,,,,,,,,,,,,,,,,,,,P7350,Bar_MIC,10,1,2026-05-15_14h49.41.843,MIC_task,,2026.1.2,60.04138051946148,2026-05-15 14h49.44.746353 +0200,
,,0,0,0,,,,,,,10,v12,busz,bus,10,vehicles,wheels,6.8,None,None,None,19,"(0, 0)",None,,,,,,,,,,,,,,0,0,0,0,0,19,19,19,0,0,0,0,354.3955014000003,,,,,,,,,,,,,,,,,,,,,,,,,,,,,,,,,,,,,,,,,,,,,,,,,,,,,,,,,,,,,,,,,,,,,,,,,,,,,,,,,,,,,,,,,,,,,354.38524380000035,354.3955014000003,354.3955014000003,354.3955014000003,354.5639126000001,None,,,,,,,,,,,,,,,,,,,,,,,,,,,,,,,,P7350,Bar_MIC,10,1,2026-05-15_14h49.41.843,MIC_task,,2026.1.2,60.04138051946148,2026-05-15 14h49.44.746353 +0200,
,,1,0,1,,,,,,,10,v12,busz,bus,10,vehicles,wheels,6.8,None,None,None,19,"(0, 0)",None,,,,,,,,,,,,,,0,0,0,0,0,19,19,19,1,0,1,0,354.57917720000023,,,,,,,,,,,,,,,,,,,,,,,,,,,,,,,,,,,,,,,,,,,,,,,,,,,,,,,,,,,,,,,,,,,,,,,,,,,,,,,,,,,,,,,,,,,,,354.5685861000002,354.57917720000023,354.57917720000023,354.57917720000023,354.76365590000023,None,,,,,,,,,,,354.7795507000001,354.7795507000001,354.7795507000001,,,,,,,,,,,,,,,,,,,P7350,Bar_MIC,10,1,2026-05-15_14h49.41.843,MIC_task,,2026.1.2,60.04138051946148,2026-05-15 14h49.44.746353 +0200,
,,2,0,2,,,,,,,10,v12,busz,bus,10,vehicles,wheels,6.8,None,None,None,19,"(0, 0)",None,,,,,,,,,,,,,,0,0,0,0,0,19,19,19,2,0,2,0,354.7795507000001,,,,,,,,,,,,,,,,,,,,,,,,,,,,,,,,,,,,,,,,,,,,,,,,,,,,,,,,,,,,,,,,,,,,,,,,,,,,,,,,,,,,,,,,,,,,,354.7682942000001,354.7795507000001,354.7795507000001,354.7795507000001,354.9633122,None,,,,,,,,,,,,,,,,,,,,,,,,,,,,,,,,P7350,Bar_MIC,10,1,2026-05-15_14h49.41.843,MIC_task,,2026.1.2,60.04138051946148,2026-05-15 14h49.44.746353 +0200,
,,3,0,3,,,,,,,10,v12,busz,bus,10,vehicles,wheels,6.8,None,None,None,19,"(0, 0)",None,,,,,,,,,,,,,,0,0,0,0,0,19,19,19,3,0,3,0,354.9801560000001,,,,,,,,,,,,,,,,,,,,,,,,,,,,,,,,,,,,,,,,,,,,,,,,,,,,,,,,,,,,,,,,,,,,,,,,,,,,,,,,,,,,,,,,,,,,,354.9677668000004,354.9801560000001,354.9801560000001,354.9801560000001,355.1648250000003,None,,,,,,,,,,,,,,,,,,,,,,,,,,,,,,,,P7350,Bar_MIC,10,1,2026-05-15_14h49.41.843,MIC_task,,2026.1.2,60.04138051946148,2026-05-15 14h49.44.746353 +0200,
,,4,0,4,,,,,,,10,v12,busz,bus,10,vehicles,wheels,6.8,None,None,None,19,"(0, 0)",None,,,,,,,,,,,,,,0,0,0,0,0,19,19,19,4,0,4,0,355.1802864000001,,,,,,,,,,,,,,,,,,,,,,,,,,,,,,,,,,,,,,,,,,,,,,,,,,,,,,,,,,,,,,,,,,,,,,,,,,,,,,,,,,,,,,,,,,,,,355.16983200000004,355.1802864000001,355.1802864000001,355.1802864000001,355.36445730000014,None,,,,,,,,,,,,,,,,,,,,,,,,,,,,,,,,P7350,Bar_MIC,10,1,2026-05-15_14h49.41.843,MIC_task,,2026.1.2,60.04138051946148,2026-05-15 14h49.44.746353 +0200,
,,5,0,5,,,,,,,10,v12,busz,bus,10,vehicles,wheels,6.8,None,None,None,19,"(0, 0)",None,,,,,,,,,,,,,,0,0,0,0,0,19,19,19,5,0,5,0,355.3806218,,,,,,,,,,,,,,,,,,,,,,,,,,,,,,,,,,,,,,,,,,,,,,,,,,,,,,,,,,,,,,,,,,,,,,,,,,,,,,,,,,,,,,,,,,,,,355.36921359999997,355.3806218,355.3806218,355.3806218,355.5645333000002,None,,,,,,,,,,,,,,,,,,,,,,,,,,,,,,,,P7350,Bar_MIC,10,1,2026-05-15_14h49.41.843,MIC_task,,2026.1.2,60.04138051946148,2026-05-15 14h49.44.746353 +0200,
,,6,0,6,,,,,,,10,v12,busz,bus,10,vehicles,wheels,6.8,None,None,None,19,"(0, 0)",None,,,,,,,,,,,,,,0,0,0,0,0,19,19,19,6,0,6,0,355.58029090000036,,,,,,,,,,,,,,,,,,,,,,,,,,,,,,,,,,,,,,,,,,,,,,,,,,,,,,,,,,,,,,,,,,,,,,,,,,,,,,,,,,,,,,,,,,,,,355.56927730000007,355.58029090000036,355.58029090000036,355.58029090000036,355.7659483000002,None,,,,,,,,,,,,,,,,,,,,,,,,,,,,,,,,P7350,Bar_MIC,10,1,2026-05-15_14h49.41.843,MIC_task,,2026.1.2,60.04138051946148,2026-05-15 14h49.44.746353 +0200,
,,7,0,7,,,,,,,10,v12,busz,bus,10,vehicles,wheels,6.8,None,None,None,19,"(0, 0)",None,,,,,,,,,,,,,,0,0,0,0,0,19,19,19,7,0,7,0,355.7815916000004,,,,,,,,,,,,,,,,,,,,,,,,,,,,,,,,,,,,,,,,,,,,,,,,,,,,,,,,,,,,,,,,,,,,,,,,,,,,,,,,,,,,,,,,,,,,,355.77079010000034,355.7815916000004,355.7815916000004,355.7815916000004,355.9644605000003,None,,,,,,,,,,,,,,,,,,,,,,,,,,,,,,,,P7350,Bar_MIC,10,1,2026-05-15_14h49.41.843,MIC_task,,2026.1.2,60.04138051946148,2026-05-15 14h49.44.746353 +0200,
,,8,0,8,,,,,,,10,v12,busz,bus,10,vehicles,wheels,6.8,None,None,None,19,"(0, 0)",None,,,,,,,,,,,,,,0,0,0,0,0,19,19,19,8,0,8,0,355.98381940000036,,,,,,,,,,,,,,,,,,,,,,,,,,,,,,,,,,,,,,,,,,,,,,,,,,,,,,,,,,,,,,,,,,,,,,,,,,,,,,,,,,,,,,,,,,,,,355.96936110000024,355.98381940000036,355.98381940000036,355.98381940000036,356.1648309000002,None,,,,,,,,,,,,,,,,,,,,,,,,,,,,,,,,P7350,Bar_MIC,10,1,2026-05-15_14h49.41.843,MIC_task,,2026.1.2,60.04138051946148,2026-05-15 14h49.44.746353 +0200,
,,9,0,9,,,,,,,10,v12,busz,bus,10,vehicles,wheels,6.8,None,None,None,19,"(0, 0)",None,,,,,,,,,,,,,,0,0,0,0,0,19,19,19,9,0,9,0,356.1813596000002,,,,,,,,,,,,,,,,,,,,,,,,,,,,,,,,,,,,,,,,,,,,,,,,,,,,,,,,,,,,,,,,,,,,,,,,,,,,,,,,,,,,,,,,,,,,,356.1694328000003,356.1813596000002,356.1813596000002,356.1813596000002,356.36828140000034,None,,,,,,,,,,,,,,,,,,,,,,,,,,,,,,,,P7350,Bar_MIC,10,1,2026-05-15_14h49.41.843,MIC_task,,2026.1.2,60.04138051946148,2026-05-15 14h49.44.746353 +0200,
,,10,0,10,,,,,,,10,v12,busz,bus,10,vehicles,wheels,6.8,None,None,None,19,"(0, 0)",None,,,,,,,,,,,,,,0,0,0,0,0,19,19,19,10,0,10,0,356.38016570000036,,,,,,,,,,,,,,,,,,,,,,,,,,,,,,,,,,,,,,,,,,,,,,,,,,,,,,,,,,,,,,,,,,,,,,,,,,,,,,,,,,,,,,,,,,,,,356.3732828000002,356.38016570000036,356.38016570000036,356.38016570000036,356.5664952000002,None,,,,,,,,,,,,,,,,,,,,,,,,,,,,,,,,P7350,Bar_MIC,10,1,2026-05-15_14h49.41.843,MIC_task,,2026.1.2,60.04138051946148,2026-05-15 14h49.44.746353 +0200,
,,11,0,11,,,,,,,10,v12,busz,bus,10,vehicles,wheels,6.8,None,None,None,19,"(0, 0)",None,,,,,,,,,,,,,,0,0,0,0,0,19,19,19,11,0,11,0,356.58215280000013,,,,,,,,,,,,,,,,,,,,,,,,,,,,,,,,,,,,,,,,,,,,,,,,,,,,,,,,,,,,,,,,,,,,,,,,,,,,,,,,,,,,,,,,,,,,,356.5713088000002,356.58215280000013,356.58215280000013,356.58215280000013,356.76599030000034,None,,,,,,,,,,,,,,,,,,,,,,,,,,,,,,,,P7350,Bar_MIC,10,1,2026-05-15_14h49.41.843,MIC_task,,2026.1.2,60.04138051946148,2026-05-15 14h49.44.746353 +0200,
,,12,0,12,,,,,,,10,v12,busz,bus,10,vehicles,wheels,6.8,None,None,None,19,"(0, 0)",None,,,,,,,,,,,,,,0,0,0,0,0,19,19,19,12,0,12,0,356.78262080000013,,,,,,,,,,,,,,,,,,,,,,,,,,,,,,,,,,,,,,,,,,,,,,,,,,,,,,,,,,,,,,,,,,,,,,,,,,,,,,,,,,,,,,,,,,,,,356.77081080000016,356.78262080000013,356.78262080000013,356.78262080000013,356.96638710000025,None,,,,,,,,,,,,,,,,,,,,,,,,,,,,,,,,P7350,Bar_MIC,10,1,2026-05-15_14h49.41.843,MIC_task,,2026.1.2,60.04138051946148,2026-05-15 14h49.44.746353 +0200,
,,13,0,13,,,,,,,10,v12,busz,bus,10,vehicles,wheels,6.8,None,None,None,19,"(0, 0)",None,,,,,,,,,,,,,,0,0,0,0,0,19,19,19,13,0,13,0,356.9830270000002,,,,,,,,,,,,,,,,,,,,,,,,,,,,,,,,,,,,,,,,,,,,,,,,,,,,,,,,,,,,,,,,,,,,,,,,,,,,,,,,,,,,,,,,,,,,,356.97117530000014,356.9830270000002,356.9830270000002,356.9830270000002,357.1670276,None,,,,,,,,,,,,,,,,,,,,,,,,,,,,,,,,P7350,Bar_MIC,10,1,2026-05-15_14h49.41.843,MIC_task,,2026.1.2,60.04138051946148,2026-05-15 14h49.44.746353 +0200,
,,14,0,14,,,,,,,10,v12,busz,bus,10,vehicles,wheels,6.8,None,None,None,19,"(0, 0)",None,,,,,,,,,,,,,,0,0,0,0,0,19,19,19,14,0,14,0,357.18380000000025,,,,,,,,,,,,,,,,,,,,,,,,,,,,,,,,,,,,,,,,,,,,,,,,,,,,,,,,,,,,,,,,,,,,,,,,,,,,,,,,,,,,,,,,,,,,,357.17153340000004,357.18380000000025,357.18380000000025,357.18380000000025,357.367205,None,,,,,,,,,,,,,,,,,,,,,,,,,,,,,,,,P7350,Bar_MIC,10,1,2026-05-15_14h49.41.843,MIC_task,,2026.1.2,60.04138051946148,2026-05-15 14h49.44.746353 +0200,
,,15,0,15,,,,,,,10,v12,busz,bus,10,vehicles,wheels,6.8,None,None,None,19,"(0, 0)",None,,,,,,,,,,,,,,0,0,0,0,0,19,19,19,15,0,15,0,357.38422370000035,,,,,,,,,,,,,,,,,,,,,,,,,,,,,,,,,,,,,,,,,,,,,,,,,,,,,,,,,,,,,,,,,,,,,,,,,,,,,,,,,,,,,,,,,,,,,357.3722536,357.38422370000035,357.38422370000035,357.38422370000035,357.5675761000002,None,,,,,,,,,,,,,,,,,,,,,,,,,,,,,,,,P7350,Bar_MIC,10,1,2026-05-15_14h49.41.843,MIC_task,,2026.1.2,60.04138051946148,2026-05-15 14h49.44.746353 +0200,
,,16,0,16,,,,,,,10,v12,busz,bus,10,vehicles,wheels,6.8,None,None,None,19,"(0, 0)",space,0.013924800000040705,None,,,,,,,,,,,,0,0,0,0,0,19,19,19,16,0,16,0,357.583306,,,,,,,,,,,,,,,,,,,,,,,,,,,,,,,,,,,,,,,,,,,,,,,,,,,,,,,,,,,,,,,,,,,,,,,,,,,,,,,,,,,,,,,,,,,,,357.5738821,357.583306,357.583306,357.583306,357.6014973000001,space,0.013924800000040705,None,,,,,,,,,,,,,,,,,,,,,,,,,,,,,,P7350,Bar_MIC,10,1,2026-05-15_14h49.41.843,MIC_task,,2026.1.2,60.04138051946148,2026-05-15 14h49.44.746353 +0200,
,,19,19,0,,,,space,1.0859277999998085,None,10,v12,busz,bus,10,vehicles,wheels,6.8,None,None,None,19,"(0, 0)",,,,,,,,,,,,,,,0,0,0,0,0,19,19,19,,,,,,,,,,,,,,,,,,,,,,,,,,,,,,,,,,,,,,,,,,,,,,,,,,,,,,,,,,,,,,,,,,,,,,,,,,,,,,,,,357.72894540000016,357.7371215000003,357.7334348333335,359.60440470000003,,,,,,361.6075774000001,361.62419820000014,361.62419820000014,362.72633730000007,,,,,,,,,,,,,359.63323450000007,359.6399881000002,359.63748693333355,361.54085320000013,361.60751389999996,space,1.0859277999998085,None,,,,,,,,,,,,,,,,,,,,,,P7350,Bar_MIC,10,1,2026-05-15_14h49.41.843,MIC_task,,2026.1.2,60.04138051946148,2026-05-15 14h49.44.746353 +0200,
,,0,0,0,,,,,,,10,a21,elefánt,elephant,1,animal,mammal,6.4,14,21,57,None,"(-0.1, 0.1)",None,,,,,,,,,,,,,,0,0,0,0,0,20,20,20,0,0,0,0,362.7719411000003,,,,,,,,,,,,,,,,,,,,,,,,,,,,,,,,,,,,,,,,,,,,,,,,,,,,,,,,,,,,,,,,,,,,,,,,,,,,,,,,,,,,,,,,,,,,,362.76458360000015,362.7719411000003,362.7719411000003,362.7719411000003,362.94176940000034,None,,,,,,,,,,,,,,,,,,,,,,,,,,,,,,,,P7350,Bar_MIC,10,1,2026-05-15_14h49.41.843,MIC_task,,2026.1.2,60.04138051946148,2026-05-15 14h49.44.746353 +0200,
,,0,0,0,,,,,,,10,a21,elefánt,elephant,1,animal,mammal,6.4,14,21,57,None,"(-0.1, 0.1)",None,,,,,,,,,,,,,,0,0,0,0,0,20,20,20,0,0,0,0,362.9582833000004,,,,,,,,,,,,,,,,,,,,,,,,,,,,,,,,,,,,,,,,,,,,,,,,,,,,,,,,,,,,,,,,,,,,,,,,,,,,,,,,,,,,,,,,,,,,,362.94620620000023,362.9582833000004,362.9582833000004,362.9582833000004,363.1437694000001,None,,,,,,,,,,,,,,,,,,,,,,,,,,,,,,,,P7350,Bar_MIC,10,1,2026-05-15_14h49.41.843,MIC_task,,2026.1.2,60.04138051946148,2026-05-15 14h49.44.746353 +0200,
,,1,0,1,,,,,,,10,a21,elefánt,elephant,1,animal,mammal,6.4,14,21,57,None,"(-0.1, 0.1)",None,,,,,,,,,,,,,,0,0,0,0,0,20,20,20,1,0,1,0,363.1587857000004,,,,,,,,,,,,,,,,,,,,,,,,,,,,,,,,,,,,,,,,,,,,,,,,,,,,,,,,,,,,,,,,,,,,,,,,,,,,,,,,,,,,,,,,,,,,,363.14865320000035,363.1587857000004,363.1587857000004,363.1587857000004,363.34375530000034,None,,,,,,,,,,,,,,,,,,,,,,,,,,,,,,,,P7350,Bar_MIC,10,1,2026-05-15_14h49.41.843,MIC_task,,2026.1.2,60.04138051946148,2026-05-15 14h49.44.746353 +0200,
,,2,0,2,,,,,,,10,a21,elefánt,elephant,1,animal,mammal,6.4,14,21,57,None,"(-0.1, 0.1)",None,,,,,,,,,,,,,,0,0,0,0,0,20,20,20,2,0,2,0,363.3589866000002,,,,,,,,,,,,,,,,,,,,,,,,,,,,,,,,,,,,,,,,,,,,,,,,,,,,,,,,,,,,,,,,,,,,,,,,,,,,,,,,,,,,,,,,,,,,,363.34828570000036,363.3589866000002,363.3589866000002,363.3589866000002,363.5436158000002,None,,,,,,,,,,,,,,,,,,,,,,,,,,,,,,,,P7350,Bar_MIC,10,1,2026-05-15_14h49.41.843,MIC_task,,2026.1.2,60.04138051946148,2026-05-15 14h49.44.746353 +0200,
,,3,0,3,,,,,,,10,a21,elefánt,elephant,1,animal,mammal,6.4,14,21,57,None,"(-0.1, 0.1)",None,,,,,,,,,,,,,,0,0,0,0,0,20,20,20,3,0,3,0,363.5599252000002,,,,,,,,,,,,,,,,,,,,,,,,,,,,,,,,,,,,,,,,,,,,,,,,,,,,,,,,,,,,,,,,,,,,,,,,,,,,,,,,,,,,,,,,,,,,,363.5483816000001,363.5599252000002,363.5599252000002,363.5599252000002,363.72649330000013,None,,,,,,,,,,,,,,,,,,,,,,,,,,,,,,,,P7350,Bar_MIC,10,1,2026-05-15_14h49.41.843,MIC_task,,2026.1.2,60.04138051946148,2026-05-15 14h49.44.746353 +0200,
,,4,0,4,,,,,,,10,a21,elefánt,elephant,1,animal,mammal,6.4,14,21,57,None,"(-0.1, 0.1)",None,,,,,,,,,,,,,,0,0,0,0,0,20,20,20,4,0,4,0,363.7430553000004,,,,,,,,,,,,,,,,,,,,,,,,,,,,,,,,,,,,,,,,,,,,,,,,,,,,,,,,,,,,,,,,,,,,,,,,,,,,,,,,,,,,,,,,,,,,,363.7312872000002,363.7430553000004,363.7430553000004,363.7430553000004,363.9268767000003,None,,,,,,,,,,,,,,,,,,,,,,,,,,,,,,,,P7350,Bar_MIC,10,1,2026-05-15_14h49.41.843,MIC_task,,2026.1.2,60.04138051946148,2026-05-15 14h49.44.746353 +0200,
,,5,0,5,,,,,,,10,a21,elefánt,elephant,1,animal,mammal,6.4,14,21,57,None,"(-0.1, 0.1)",None,,,,,,,,,,,,,,0,0,0,0,0,20,20,20,5,0,5,0,363.9435357000002,,,,,,,,,,,,,,,,,,,,,,,,,,,,,,,,,,,,,,,,,,,,,,,,,,,,,,,,,,,,,,,,,,,,,,,,,,,,,,,,,,,,,,,,,,,,,363.9312071000004,363.9435357000002,363.9435357000002,363.9435357000002,364.1273089000001,None,,,,,,,,,,,,,,,,,,,,,,,,,,,,,,,,P7350,Bar_MIC,10,1,2026-05-15_14h49.41.843,MIC_task,,2026.1.2,60.04138051946148,2026-05-15 14h49.44.746353 +0200,
,,6,0,6,,,,,,,10,a21,elefánt,elephant,1,animal,mammal,6.4,14,21,57,None,"(-0.1, 0.1)",None,,,,,,,,,,,,,,0,0,0,0,0,20,20,20,6,0,6,0,364.1438949000003,,,,,,,,,,,,,,,,,,,,,,,,,,,,,,,,,,,,,,,,,,,,,,,,,,,,,,,,,,,,,,,,,,,,,,,,,,,,,,,,,,,,,,,,,,,,,364.13181250000025,364.1438949000003,364.1438949000003,364.1438949000003,364.32851660000006,None,,,,,,,,,,,,,,,,,,,,,,,,,,,,,,,,P7350,Bar_MIC,10,1,2026-05-15_14h49.41.843,MIC_task,,2026.1.2,60.04138051946148,2026-05-15 14h49.44.746353 +0200,
,,7,0,7,,,,,,,10,a21,elefánt,elephant,1,animal,mammal,6.4,14,21,57,None,"(-0.1, 0.1)",None,,,,,,,,,,,,,,0,0,0,0,0,20,20,20,7,0,7,0,364.3444814000004,,,,,,,,,,,,,,,,,,,,,,,,,,,,,,,,,,,,,,,,,,,,,,,,,,,,,,,,,,,,,,,,,,,,,,,,,,,,,,,,,,,,,,,,,,,,,364.33326920000036,364.3444814000004,364.3444814000004,364.3444814000004,364.5286586000002,None,,,,,,,,,,,,,,,,,,,,,,,,,,,,,,,,P7350,Bar_MIC,10,1,2026-05-15_14h49.41.843,MIC_task,,2026.1.2,60.04138051946148,2026-05-15 14h49.44.746353 +0200,
,,8,0,8,,,,,,,10,a21,elefánt,elephant,1,animal,mammal,6.4,14,21,57,None,"(-0.1, 0.1)",None,,,,,,,,,,,,,,0,0,0,0,0,20,20,20,8,0,8,0,364.5445001000003,,,,,,,,,,,,,,,,,,,,,,,,,,,,,,,,,,,,,,,,,,,,,,,,,,,,,,,,,,,,,,,,,,,,,,,,,,,,,,,,,,,,,,,,,,,,,364.53333880000037,364.5445001000003,364.5445001000003,364.5445001000003,364.7282389000002,None,,,,,,,,,,,,,,,,,,,,,,,,,,,,,,,,P7350,Bar_MIC,10,1,2026-05-15_14h49.41.843,MIC_task,,2026.1.2,60.04138051946148,2026-05-15 14h49.44.746353 +0200,
,,9,0,9,,,,,,,10,a21,elefánt,elephant,1,animal,mammal,6.4,14,21,57,None,"(-0.1, 0.1)",None,,,,,,,,,,,,,,0,0,0,0,0,20,20,20,9,0,9,0,364.7450758,,,,,,,,,,,,,,,,,,,,,,,,,,,,,,,,,,,,,,,,,,,,,,,,,,,,,,,,,,,,,,,,,,,,,,,,,,,,,,,,,,,,,,,,,,,,,364.7332673000001,364.7450758,364.7450758,364.7450758,364.92888270000003,None,,,,,,,,,,,,,,,,,,,,,,,,,,,,,,,,P7350,Bar_MIC,10,1,2026-05-15_14h49.41.843,MIC_task,,2026.1.2,60.04138051946148,2026-05-15 14h49.44.746353 +0200,
,,10,0,10,,,,,,,10,a21,elefánt,elephant,1,animal,mammal,6.4,14,21,57,None,"(-0.1, 0.1)",None,,,,,,,,,,,,,,0,0,0,0,0,20,20,20,10,0,10,0,364.9452381000001,,,,,,,,,,,,,,,,,,,,,,,,,,,,,,,,,,,,,,,,,,,,,,,,,,,,,,,,,,,,,,,,,,,,,,,,,,,,,,,,,,,,,,,,,,,,,364.93393490000017,364.9452381000001,364.9452381000001,364.9452381000001,365.12910060000013,None,,,,,,,,,,,,,,,,,,,,,,,,,,,,,,,,P7350,Bar_MIC,10,1,2026-05-15_14h49.41.843,MIC_task,,2026.1.2,60.04138051946148,2026-05-15 14h49.44.746353 +0200,
,,11,0,11,,,,,,,10,a21,elefánt,elephant,1,animal,mammal,6.4,14,21,57,None,"(-0.1, 0.1)",None,,,,,,,,,,,,,,0,0,0,0,0,20,20,20,11,0,11,0,365.1449557000001,,,,,,,,,,,,,,,,,,,,,,,,,,,,,,,,,,,,,,,,,,,,,,,,,,,,,,,,,,,,,,,,,,,,,,,,,,,,,,,,,,,,,,,,,,,,,365.1338351000004,365.1449557000001,365.1449557000001,365.1449557000001,365.32876030000034,None,,,,,,,,,,,,,,,,,,,,,,,,,,,,,,,,P7350,Bar_MIC,10,1,2026-05-15_14h49.41.843,MIC_task,,2026.1.2,60.04138051946148,2026-05-15 14h49.44.746353 +0200,
,,12,0,12,,,,,,,10,a21,elefánt,elephant,1,animal,mammal,6.4,14,21,57,None,"(-0.1, 0.1)",None,,,,,,,,,,,,,,0,0,0,0,0,20,20,20,12,0,12,0,365.34529520000024,,,,,,,,,,,,,,,,,,,,,,,,,,,,,,,,,,,,,,,,,,,,,,,,,,,,,,,,,,,,,,,,,,,,,,,,,,,,,,,,,,,,,,,,,,,,,365.33330720000004,365.34529520000024,365.34529520000024,365.34529520000024,365.5304149000003,None,,,,,,,,,,,,,,,,,,,,,,,,,,,,,,,,P7350,Bar_MIC,10,1,2026-05-15_14h49.41.843,MIC_task,,2026.1.2,60.04138051946148,2026-05-15 14h49.44.746353 +0200,
,,13,0,13,,,,,,,10,a21,elefánt,elephant,1,animal,mammal,6.4,14,21,57,None,"(-0.1, 0.1)",None,,,,,,,,,,,,,,0,0,0,0,0,20,20,20,13,0,13,0,365.545611,,,,,,,,,,,,,,,,,,,,,,,,,,,,,,,,,,,,,,,,,,,,,,,,,,,,,,,,,,,,,,,,,,,,,,,,,,,,,,,,,,,,,,,,,,,,,365.5353954000002,365.545611,365.545611,365.545611,365.72943840000016,None,,,,,,,,,,,,,,,,,,,,,,,,,,,,,,,,P7350,Bar_MIC,10,1,2026-05-15_14h49.41.843,MIC_task,,2026.1.2,60.04138051946148,2026-05-15 14h49.44.746353 +0200,
,,14,0,14,,,,,,,10,a21,elefánt,elephant,1,animal,mammal,6.4,14,21,57,None,"(-0.1, 0.1)",None,,,,,,,,,,,,,,0,0,0,0,0,20,20,20,14,0,14,0,365.74644060000037,,,,,,,,,,,,,,,,,,,,,,,,,,,,,,,,,,,,,,,,,,,,,,,,,,,,,,,,,,,,,,,,,,,,,,,,,,,,,,,,,,,,,,,,,,,,,365.73399310000013,365.74644060000037,365.74644060000037,365.74644060000037,365.92977020000035,None,,,,,,,,,,,,,,,,,,,,,,,,,,,,,,,,P7350,Bar_MIC,10,1,2026-05-15_14h49.41.843,MIC_task,,2026.1.2,60.04138051946148,2026-05-15 14h49.44.746353 +0200,
,,15,0,15,,,,,,,10,a21,elefánt,elephant,1,animal,mammal,6.4,14,21,57,None,"(-0.1, 0.1)",None,,,,,,,,,,,,,,0,0,0,0,0,20,20,20,15,0,15,0,365.94643570000017,,,,,,,,,,,,,,,,,,,,,,,,,,,,,,,,,,,,,,,,,,,,,,,,,,,,,,,,,,,,,,,,,,,,,,,,,,,,,,,,,,,,,,,,,,,,,365.9343938000002,365.94643570000017,365.94643570000017,365.94643570000017,366.13027439999996,None,,,,,,,,,,,,,,,,,,,,,,,,,,,,,,,,P7350,Bar_MIC,10,1,2026-05-15_14h49.41.843,MIC_task,,2026.1.2,60.04138051946148,2026-05-15 14h49.44.746353 +0200,
,,16,0,16,,,,,,,10,a21,elefánt,elephant,1,animal,mammal,6.4,14,21,57,None,"(-0.1, 0.1)",None,,,,,,,,,,,,,,0,0,0,0,0,20,20,20,16,0,16,0,366.1467899000004,,,,,,,,,,,,,,,,,,,,,,,,,,,,,,,,,,,,,,,,,,,,,,,,,,,,,,,,,,,,,,,,,,,,,,,,,,,,,,,,,,,,,,,,,,,,,366.13481290000027,366.1467899000004,366.1467899000004,366.1467899000004,366.33232160000034,None,,,,,,,,,,,,,,,,,,,,,,,,,,,,,,,,P7350,Bar_MIC,10,1,2026-05-15_14h49.41.843,MIC_task,,2026.1.2,60.04138051946148,2026-05-15 14h49.44.746353 +0200,
,,17,0,17,,,,,,,10,a21,elefánt,elephant,1,animal,mammal,6.4,14,21,57,None,"(-0.1, 0.1)",None,,,,,,,,,,,,,,0,0,0,0,0,20,20,20,17,0,17,0,366.3470771000002,,,,,,,,,,,,,,,,,,,,,,,,,,,,,,,,,,,,,,,,,,,,,,,,,,,,,,,,,,,,,,,,,,,,,,,,,,,,,,,,,,,,,,,,,,,,,366.3372325,366.3470771000002,366.3470771000002,366.3470771000002,366.5321576000001,None,,,,,,,,,,,,,,,,,,,,,,,,,,,,,,,,P7350,Bar_MIC,10,1,2026-05-15_14h49.41.843,MIC_task,,2026.1.2,60.04138051946148,2026-05-15 14h49.44.746353 +0200,
,,18,0,18,,,,,,,10,a21,elefánt,elephant,1,animal,mammal,6.4,14,21,57,None,"(-0.1, 0.1)",None,,,,,,,,,,,,,,0,0,0,0,0,20,20,20,18,0,18,0,366.5476160000003,,,,,,,,,,,,,,,,,,,,,,,,,,,,,,,,,,,,,,,,,,,,,,,,,,,,,,,,,,,,,,,,,,,,,,,,,,,,,,,,,,,,,,,,,,,,,366.53667680000035,366.5476160000003,366.5476160000003,366.5476160000003,366.7313237000003,None,,,,,,,,,,,,,,,,,,,,,,,,,,,,,,,,P7350,Bar_MIC,10,1,2026-05-15_14h49.41.843,MIC_task,,2026.1.2,60.04138051946148,2026-05-15 14h49.44.746353 +0200,
,,19,0,19,,,,,,,10,a21,elefánt,elephant,1,animal,mammal,6.4,14,21,57,None,"(-0.1, 0.1)",None,,,,,,,,,,,,,,0,0,0,0,0,20,20,20,19,0,19,0,366.74793450000016,,,,,,,,,,,,,,,,,,,,,,,,,,,,,,,,,,,,,,,,,,,,,,,,,,,,,,,,,,,,,,,,,,,,,,,,,,,,,,,,,,,,,,,,,,,,,366.7359209000001,366.74793450000016,366.74793450000016,366.74793450000016,366.93340690000014,None,,,,,,,,,,,,,,,,,,,,,,,,,,,,,,,,P7350,Bar_MIC,10,1,2026-05-15_14h49.41.843,MIC_task,,2026.1.2,60.04138051946148,2026-05-15 14h49.44.746353 +0200,
,,20,0,20,,,,,,,10,a21,elefánt,elephant,1,animal,mammal,6.4,14,21,57,None,"(-0.1, 0.1)",None,,,,,,,,,,,,,,0,0,0,0,0,20,20,20,20,0,20,0,366.9473959000002,,,,,,,,,,,,,,,,,,,,,,,,,,,,,,,,,,,,,,,,,,,,,,,,,,,,,,,,,,,,,,,,,,,,,,,,,,,,,,,,,,,,,,,,,,,,,366.93800420000025,366.9473959000002,366.9473959000002,366.9473959000002,367.13260149999996,None,,,,,,,,,,,,,,,,,,,,,,,,,,,,,,,,P7350,Bar_MIC,10,1,2026-05-15_14h49.41.843,MIC_task,,2026.1.2,60.04138051946148,2026-05-15 14h49.44.746353 +0200,
,,21,0,21,,,,,,,10,a21,elefánt,elephant,1,animal,mammal,6.4,14,21,57,None,"(-0.1, 0.1)",None,,,,,,,,,,,,,,0,0,0,0,0,20,20,20,21,0,21,0,367.14774220000027,,,,,,,,,,,,,,,,,,,,,,,,,,,,,,,,,,,,,,,,,,,,,,,,,,,,,,,,,,,,,,,,,,,,,,,,,,,,,,,,,,,,,,,,,,,,,367.1371372000003,367.14774220000027,367.14774220000027,367.14774220000027,367.33256100000017,None,,,,,,,,,,,,,,,,,,,,,,,,,,,,,,,,P7350,Bar_MIC,10,1,2026-05-15_14h49.41.843,MIC_task,,2026.1.2,60.04138051946148,2026-05-15 14h49.44.746353 +0200,
,,22,0,22,,,,,,,10,a21,elefánt,elephant,1,animal,mammal,6.4,14,21,57,None,"(-0.1, 0.1)",space,0.009773700000096142,None,,,,,,,,,,,,0,0,0,0,0,20,20,20,22,0,22,0,367.34820390000004,,,,,,,,,,,,,,,,,,,,,,,,,,,,,,,,,,,,,,,,,,,,,,,,,,,,,,,,,,,,,,,,,,,,,,,,,,,,,,,,,,,,,,,,,,,,,367.33672730000035,367.34820390000004,367.34820390000004,367.34820390000004,367.3662387000004,space,0.009773700000096142,None,,,,,,,,,,,,,,,,,,,,,,,,,,,,,,P7350,Bar_MIC,10,1,2026-05-15_14h49.41.843,MIC_task,,2026.1.2,60.04138051946148,2026-05-15 14h49.44.746353 +0200,
,,20,20,0,,,,space,3.7607837000000472,None,10,a21,elefánt,elephant,1,animal,mammal,6.4,14,21,57,None,"(-0.1, 0.1)",,,,,,,,,,,,,,,0,0,0,0,0,20,20,20,,,,,,,,,,,,,,,,,,,,,,,,,,,,,,,,,,,,,,,,,,,,,,,,,,,,,,,,,,,,,,,,,,,,,,,,,,,,,,,,,367.45580150000023,367.4624100000001,367.46504050000027,369.3687731,,,,,,371.37193960000013,371.3884812000001,371.3884812000001,375.16242220000004,,,,,,,,,,,,,369.40442600000006,369.4103113000001,369.41864620000007,371.3060012000001,371.37187900000026,space,3.7607837000000472,None,,,,,,,,,,,,,,,,,,,,,,P7350,Bar_MIC,10,1,2026-05-15_14h49.41.843,MIC_task,,2026.1.2,60.04138051946148,2026-05-15 14h49.44.746353 +0200,
,,0,0,0,,,,,,,10,v07,hajó,ship,10,vehicles,watercraft,7,None,None,46,21,"(0, -0.1)",None,,,,,,,,,,,,,,0,0,0,0,0,21,21,21,0,0,0,0,375.1937296000001,,,,,,,,,,,,,,,,,,,,,,,,,,,,,,,,,,,,,,,,,,,,,,,,,,,,,,,,,,,,,,,,,,,,,,,,,,,,,,,,,,,,,,,,,,,,,375.1862165000002,375.1937296000001,375.1937296000001,375.1937296000001,375.37796100000014,None,,,,,,,,,,,,,,,,,,,,,,,,,,,,,,,,P7350,Bar_MIC,10,1,2026-05-15_14h49.41.843,MIC_task,,2026.1.2,60.04138051946148,2026-05-15 14h49.44.746353 +0200,
,,0,0,0,,,,,,,10,v07,hajó,ship,10,vehicles,watercraft,7,None,None,46,21,"(0, -0.1)",None,,,,,,,,,,,,,,0,0,0,0,0,21,21,21,0,0,0,0,375.3946324000003,,,,,,,,,,,,,,,,,,,,,,,,,,,,,,,,,,,,,,,,,,,,,,,,,,,,,,,,,,,,,,,,,,,,,,,,,,,,,,,,,,,,,,,,,,,,,375.3827043000001,375.3946324000003,375.3946324000003,375.3946324000003,375.5781844000003,None,,,,,,,,,,,,,,,,,,,,,,,,,,,,,,,,P7350,Bar_MIC,10,1,2026-05-15_14h49.41.843,MIC_task,,2026.1.2,60.04138051946148,2026-05-15 14h49.44.746353 +0200,
,,1,0,1,,,,,,,10,v07,hajó,ship,10,vehicles,watercraft,7,None,None,46,21,"(0, -0.1)",None,,,,,,,,,,,,,,0,0,0,0,0,21,21,21,1,0,1,0,375.5939079,,,,,,,,,,,,,,,,,,,,,,,,,,,,,,,,,,,,,,,,,,,,,,,,,,,,,,,,,,,,,,,,,,,,,,,,,,,,,,,,,,,,,,,,,,,,,375.5831585000001,375.5939079,375.5939079,375.5939079,375.77876570000035,None,,,,,,,,,,,,,,,,,,,,,,,,,,,,,,,,P7350,Bar_MIC,10,1,2026-05-15_14h49.41.843,MIC_task,,2026.1.2,60.04138051946148,2026-05-15 14h49.44.746353 +0200,
,,2,0,2,,,,,,,10,v07,hajó,ship,10,vehicles,watercraft,7,None,None,46,21,"(0, -0.1)",None,,,,,,,,,,,,,,0,0,0,0,0,21,21,21,2,0,2,0,375.7956989000004,,,,,,,,,,,,,,,,,,,,,,,,,,,,,,,,,,,,,,,,,,,,,,,,,,,,,,,,,,,,,,,,,,,,,,,,,,,,,,,,,,,,,,,,,,,,,375.78336850000005,375.7956989000004,375.7956989000004,375.7956989000004,375.97962910000024,None,,,,,,,,,,,,,,,,,,,,,,,,,,,,,,,,P7350,Bar_MIC,10,1,2026-05-15_14h49.41.843,MIC_task,,2026.1.2,60.04138051946148,2026-05-15 14h49.44.746353 +0200,
,,3,0,3,,,,,,,10,v07,hajó,ship,10,vehicles,watercraft,7,None,None,46,21,"(0, -0.1)",None,,,,,,,,,,,,,,0,0,0,0,0,21,21,21,3,0,3,0,375.9948125000001,,,,,,,,,,,,,,,,,,,,,,,,,,,,,,,,,,,,,,,,,,,,,,,,,,,,,,,,,,,,,,,,,,,,,,,,,,,,,,,,,,,,,,,,,,,,,375.9844658000002,375.9948125000001,375.9948125000001,375.9948125000001,376.16867360000015,None,,,,,,,,,,,,,,,,,,,,,,,,,,,,,,,,P7350,Bar_MIC,10,1,2026-05-15_14h49.41.843,MIC_task,,2026.1.2,60.04138051946148,2026-05-15 14h49.44.746353 +0200,
,,4,0,4,,,,,,,10,v07,hajó,ship,10,vehicles,watercraft,7,None,None,46,21,"(0, -0.1)",None,,,,,,,,,,,,,,0,0,0,0,0,21,21,21,4,0,4,0,376.1794925000004,,,,,,,,,,,,,,,,,,,,,,,,,,,,,,,,,,,,,,,,,,,,,,,,,,,,,,,,,,,,,,,,,,,,,,,,,,,,,,,,,,,,,,,,,,,,,376.17406440000013,376.1794925000004,376.1794925000004,376.1794925000004,376.36303160000034,None,,,,,,,,,,,,,,,,,,,,,,,,,,,,,,,,P7350,Bar_MIC,10,1,2026-05-15_14h49.41.843,MIC_task,,2026.1.2,60.04138051946148,2026-05-15 14h49.44.746353 +0200,
,,5,0,5,,,,,,,10,v07,hajó,ship,10,vehicles,watercraft,7,None,None,46,21,"(0, -0.1)",None,,,,,,,,,,,,,,0,0,0,0,0,21,21,21,5,0,5,0,376.3788529000003,,,,,,,,,,,,,,,,,,,,,,,,,,,,,,,,,,,,,,,,,,,,,,,,,,,,,,,,,,,,,,,,,,,,,,,,,,,,,,,,,,,,,,,,,,,,,376.3679782000004,376.3788529000003,376.3788529000003,376.3788529000003,376.56395020000036,None,,,,,,,,,,,,,,,,,,,,,,,,,,,,,,,,P7350,Bar_MIC,10,1,2026-05-15_14h49.41.843,MIC_task,,2026.1.2,60.04138051946148,2026-05-15 14h49.44.746353 +0200,
,,6,0,6,,,,,,,10,v07,hajó,ship,10,vehicles,watercraft,7,None,None,46,21,"(0, -0.1)",None,,,,,,,,,,,,,,0,0,0,0,0,21,21,21,6,0,6,0,376.5803258000001,,,,,,,,,,,,,,,,,,,,,,,,,,,,,,,,,,,,,,,,,,,,,,,,,,,,,,,,,,,,,,,,,,,,,,,,,,,,,,,,,,,,,,,,,,,,,376.5685516000003,376.5803258000001,376.5803258000001,376.5803258000001,376.76374910000004,None,,,,,,,,,,,,,,,,,,,,,,,,,,,,,,,,P7350,Bar_MIC,10,1,2026-05-15_14h49.41.843,MIC_task,,2026.1.2,60.04138051946148,2026-05-15 14h49.44.746353 +0200,
,,7,0,7,,,,,,,10,v07,hajó,ship,10,vehicles,watercraft,7,None,None,46,21,"(0, -0.1)",None,,,,,,,,,,,,,,0,0,0,0,0,21,21,21,7,0,7,0,376.77967100000023,,,,,,,,,,,,,,,,,,,,,,,,,,,,,,,,,,,,,,,,,,,,,,,,,,,,,,,,,,,,,,,,,,,,,,,,,,,,,,,,,,,,,,,,,,,,,376.76856610000004,376.77967100000023,376.77967100000023,376.77967100000023,376.96347130000004,None,,,,,,,,,,,,,,,,,,,,,,,,,,,,,,,,P7350,Bar_MIC,10,1,2026-05-15_14h49.41.843,MIC_task,,2026.1.2,60.04138051946148,2026-05-15 14h49.44.746353 +0200,
,,8,0,8,,,,,,,10,v07,hajó,ship,10,vehicles,watercraft,7,None,None,46,21,"(0, -0.1)",None,,,,,,,,,,,,,,0,0,0,0,0,21,21,21,8,0,8,0,376.9804798,,,,,,,,,,,,,,,,,,,,,,,,,,,,,,,,,,,,,,,,,,,,,,,,,,,,,,,,,,,,,,,,,,,,,,,,,,,,,,,,,,,,,,,,,,,,,376.9682122000004,376.9804798,376.9804798,376.9804798,377.16426420000016,None,,,,,,,,,,,,,,,,,,,,,,,,,,,,,,,,P7350,Bar_MIC,10,1,2026-05-15_14h49.41.843,MIC_task,,2026.1.2,60.04138051946148,2026-05-15 14h49.44.746353 +0200,
,,9,0,9,,,,,,,10,v07,hajó,ship,10,vehicles,watercraft,7,None,None,46,21,"(0, -0.1)",None,,,,,,,,,,,,,,0,0,0,0,0,21,21,21,9,0,9,0,377.18048580000004,,,,,,,,,,,,,,,,,,,,,,,,,,,,,,,,,,,,,,,,,,,,,,,,,,,,,,,,,,,,,,,,,,,,,,,,,,,,,,,,,,,,,,,,,,,,,377.16906100000006,377.18048580000004,377.18048580000004,377.18048580000004,377.3642211000001,None,,,,,,,,,,,,,,,,,,,,,,,,,,,,,,,,P7350,Bar_MIC,10,1,2026-05-15_14h49.41.843,MIC_task,,2026.1.2,60.04138051946148,2026-05-15 14h49.44.746353 +0200,
,,10,0,10,,,,,,,10,v07,hajó,ship,10,vehicles,watercraft,7,None,None,46,21,"(0, -0.1)",None,,,,,,,,,,,,,,0,0,0,0,0,21,21,21,10,0,10,0,377.3806853000001,,,,,,,,,,,,,,,,,,,,,,,,,,,,,,,,,,,,,,,,,,,,,,,,,,,,,,,,,,,,,,,,,,,,,,,,,,,,,,,,,,,,,,,,,,,,,377.3687348000003,377.3806853000001,377.3806853000001,377.3806853000001,377.5657177000003,None,,,,,,,,,,,,,,,,,,,,,,,,,,,,,,,,P7350,Bar_MIC,10,1,2026-05-15_14h49.41.843,MIC_task,,2026.1.2,60.04138051946148,2026-05-15 14h49.44.746353 +0200,
,,11,0,11,,,,,,,10,v07,hajó,ship,10,vehicles,watercraft,7,None,None,46,21,"(0, -0.1)",None,,,,,,,,,,,,,,0,0,0,0,0,21,21,21,11,0,11,0,377.5810649,,,,,,,,,,,,,,,,,,,,,,,,,,,,,,,,,,,,,,,,,,,,,,,,,,,,,,,,,,,,,,,,,,,,,,,,,,,,,,,,,,,,,,,,,,,,,377.57039220000024,377.5810649,377.5810649,377.5810649,377.7649819000003,None,,,,,,,,,,,,,,,,,,,,,,,,,,,,,,,,P7350,Bar_MIC,10,1,2026-05-15_14h49.41.843,MIC_task,,2026.1.2,60.04138051946148,2026-05-15 14h49.44.746353 +0200,
,,12,0,12,,,,,,,10,v07,hajó,ship,10,vehicles,watercraft,7,None,None,46,21,"(0, -0.1)",None,,,,,,,,,,,,,,0,0,0,0,0,21,21,21,12,0,12,0,377.78137940000033,,,,,,,,,,,,,,,,,,,,,,,,,,,,,,,,,,,,,,,,,,,,,,,,,,,,,,,,,,,,,,,,,,,,,,,,,,,,,,,,,,,,,,,,,,,,,377.7695755,377.78137940000033,377.78137940000033,377.78137940000033,377.9662814000003,None,,,,,,,,,,,,,,,,,,,,,,,,,,,,,,,,P7350,Bar_MIC,10,1,2026-05-15_14h49.41.843,MIC_task,,2026.1.2,60.04138051946148,2026-05-15 14h49.44.746353 +0200,
,,13,0,13,,,,,,,10,v07,hajó,ship,10,vehicles,watercraft,7,None,None,46,21,"(0, -0.1)",None,,,,,,,,,,,,,,0,0,0,0,0,21,21,21,13,0,13,0,377.9822915,,,,,,,,,,,,,,,,,,,,,,,,,,,,,,,,,,,,,,,,,,,,,,,,,,,,,,,,,,,,,,,,,,,,,,,,,,,,,,,,,,,,,,,,,,,,,377.9707757000001,377.9822915,377.9822915,377.9822915,378.16560690000006,None,,,,,,,,,,,,,,,,,,,,,,,,,,,,,,,,P7350,Bar_MIC,10,1,2026-05-15_14h49.41.843,MIC_task,,2026.1.2,60.04138051946148,2026-05-15 14h49.44.746353 +0200,
,,14,0,14,,,,,,,10,v07,hajó,ship,10,vehicles,watercraft,7,None,None,46,21,"(0, -0.1)",None,,,,,,,,,,,,,,0,0,0,0,0,21,21,21,14,0,14,0,378.1828246,,,,,,,,,,,,,,,,,,,,,,,,,,,,,,,,,,,,,,,,,,,,,,,,,,,,,,,,,,,,,,,,,,,,,,,,,,,,,,,,,,,,,,,,,,,,,378.1701724000004,378.1828246,378.1828246,378.1828246,378.36605050000026,None,,,,,,,,,,,,,,,,,,,,,,,,,,,,,,,,P7350,Bar_MIC,10,1,2026-05-15_14h49.41.843,MIC_task,,2026.1.2,60.04138051946148,2026-05-15 14h49.44.746353 +0200,
,,15,0,15,,,,,,,10,v07,hajó,ship,10,vehicles,watercraft,7,None,None,46,21,"(0, -0.1)",None,,,,,,,,,,,,,,0,0,0,0,0,21,21,21,15,0,15,0,378.3816974000001,,,,,,,,,,,,,,,,,,,,,,,,,,,,,,,,,,,,,,,,,,,,,,,,,,,,,,,,,,,,,,,,,,,,,,,,,,,,,,,,,,,,,,,,,,,,,378.3708034000001,378.3816974000001,378.3816974000001,378.3816974000001,378.5662972,None,,,,,,,,,,,,,,,,,,,,,,,,,,,,,,,,P7350,Bar_MIC,10,1,2026-05-15_14h49.41.843,MIC_task,,2026.1.2,60.04138051946148,2026-05-15 14h49.44.746353 +0200,
,,16,0,16,,,,,,,10,v07,hajó,ship,10,vehicles,watercraft,7,None,None,46,21,"(0, -0.1)",None,,,,,,,,,,,,,,0,0,0,0,0,21,21,21,16,0,16,0,378.5821606000004,,,,,,,,,,,,,,,,,,,,,,,,,,,,,,,,,,,,,,,,,,,,,,,,,,,,,,,,,,,,,,,,,,,,,,,,,,,,,,,,,,,,,,,,,,,,,378.5711814000001,378.5821606000004,378.5821606000004,378.5821606000004,378.7659291,None,,,,,,,,,,,,,,,,,,,,,,,,,,,,,,,,P7350,Bar_MIC,10,1,2026-05-15_14h49.41.843,MIC_task,,2026.1.2,60.04138051946148,2026-05-15 14h49.44.746353 +0200,
,,17,0,17,,,,,,,10,v07,hajó,ship,10,vehicles,watercraft,7,None,None,46,21,"(0, -0.1)",None,,,,,,,,,,,,,,0,0,0,0,0,21,21,21,17,0,17,0,378.7825498000002,,,,,,,,,,,,,,,,,,,,,,,,,,,,,,,,,,,,,,,,,,,,,,,,,,,,,,,,,,,,,,,,,,,,,,,,,,,,,,,,,,,,,,,,,,,,,378.7703356000002,378.7825498000002,378.7825498000002,378.7825498000002,378.96635630000037,None,,,,,,,,,,,,,,,,,,,,,,,,,,,,,,,,P7350,Bar_MIC,10,1,2026-05-15_14h49.41.843,MIC_task,,2026.1.2,60.04138051946148,2026-05-15 14h49.44.746353 +0200,
,,18,0,18,,,,,,,10,v07,hajó,ship,10,vehicles,watercraft,7,None,None,46,21,"(0, -0.1)",None,,,,,,,,,,,,,,0,0,0,0,0,21,21,21,18,0,18,0,378.9828985000004,,,,,,,,,,,,,,,,,,,,,,,,,,,,,,,,,,,,,,,,,,,,,,,,,,,,,,,,,,,,,,,,,,,,,,,,,,,,,,,,,,,,,,,,,,,,,378.97095590000026,378.9828985000004,378.9828985000004,378.9828985000004,379.1675803000003,None,,,,,,,,,,,,,,,,,,,,,,,,,,,,,,,,P7350,Bar_MIC,10,1,2026-05-15_14h49.41.843,MIC_task,,2026.1.2,60.04138051946148,2026-05-15 14h49.44.746353 +0200,
,,19,0,19,,,,,,,10,v07,hajó,ship,10,vehicles,watercraft,7,None,None,46,21,"(0, -0.1)",None,,,,,,,,,,,,,,0,0,0,0,0,21,21,21,19,0,19,0,379.1832658000003,,,,,,,,,,,,,,,,,,,,,,,,,,,,,,,,,,,,,,,,,,,,,,,,,,,,,,,,,,,,,,,,,,,,,,,,,,,,,,,,,,,,,,,,,,,,,379.1725018000002,379.1832658000003,379.1832658000003,379.1832658000003,379.3670363000001,None,,,,,,,,,,,,,,,,,,,,,,,,,,,,,,,,P7350,Bar_MIC,10,1,2026-05-15_14h49.41.843,MIC_task,,2026.1.2,60.04138051946148,2026-05-15 14h49.44.746353 +0200,
,,20,0,20,,,,,,,10,v07,hajó,ship,10,vehicles,watercraft,7,None,None,46,21,"(0, -0.1)",None,,,,,,,,,,,,,,0,0,0,0,0,21,21,21,20,0,20,0,379.3837561,,,,,,,,,,,,,,,,,,,,,,,,,,,,,,,,,,,,,,,,,,,,,,,,,,,,,,,,,,,,,,,,,,,,,,,,,,,,,,,,,,,,,,,,,,,,,379.3717265,379.3837561,379.3837561,379.3837561,379.5674998000004,None,,,,,,,,,,,,,,,,,,,,,,,,,,,,,,,,P7350,Bar_MIC,10,1,2026-05-15_14h49.41.843,MIC_task,,2026.1.2,60.04138051946148,2026-05-15 14h49.44.746353 +0200,
,,21,0,21,,,,,,,10,v07,hajó,ship,10,vehicles,watercraft,7,None,None,46,21,"(0, -0.1)",None,,,,,,,,,,,,,,0,0,0,0,0,21,21,21,21,0,21,0,379.58422370000017,,,,,,,,,,,,,,,,,,,,,,,,,,,,,,,,,,,,,,,,,,,,,,,,,,,,,,,,,,,,,,,,,,,,,,,,,,,,,,,,,,,,,,,,,,,,,379.5723054,379.58422370000017,379.58422370000017,379.58422370000017,379.76785020000034,None,,,,,,,,,,,,,,,,,,,,,,,,,,,,,,,,P7350,Bar_MIC,10,1,2026-05-15_14h49.41.843,MIC_task,,2026.1.2,60.04138051946148,2026-05-15 14h49.44.746353 +0200,
,,22,0,22,,,,,,,10,v07,hajó,ship,10,vehicles,watercraft,7,None,None,46,21,"(0, -0.1)",None,,,,,,,,,,,,,,0,0,0,0,0,21,21,21,22,0,22,0,379.7843670000002,,,,,,,,,,,,,,,,,,,,,,,,,,,,,,,,,,,,,,,,,,,,,,,,,,,,,,,,,,,,,,,,,,,,,,,,,,,,,,,,,,,,,,,,,,,,,379.7724852000001,379.7843670000002,379.7843670000002,379.7843670000002,379.96823970000014,None,,,,,,,,,,,,,,,,,,,,,,,,,,,,,,,,P7350,Bar_MIC,10,1,2026-05-15_14h49.41.843,MIC_task,,2026.1.2,60.04138051946148,2026-05-15 14h49.44.746353 +0200,
,,23,0,23,,,,,,,10,v07,hajó,ship,10,vehicles,watercraft,7,None,None,46,21,"(0, -0.1)",None,,,,,,,,,,,,,,0,0,0,0,0,21,21,21,23,0,23,0,379.98494310000024,,,,,,,,,,,,,,,,,,,,,,,,,,,,,,,,,,,,,,,,,,,,,,,,,,,,,,,,,,,,,,,,,,,,,,,,,,,,,,,,,,,,,,,,,,,,,379.9727976000004,379.98494310000024,379.98494310000024,379.98494310000024,380.1689994000003,None,,,,,,,,,,,,,,,,,,,,,,,,,,,,,,,,P7350,Bar_MIC,10,1,2026-05-15_14h49.41.843,MIC_task,,2026.1.2,60.04138051946148,2026-05-15 14h49.44.746353 +0200,
,,24,0,24,,,,,,,10,v07,hajó,ship,10,vehicles,watercraft,7,None,None,46,21,"(0, -0.1)",None,,,,,,,,,,,,,,0,0,0,0,0,21,21,21,24,0,24,0,380.18565020000005,,,,,,,,,,,,,,,,,,,,,,,,,,,,,,,,,,,,,,,,,,,,,,,,,,,,,,,,,,,,,,,,,,,,,,,,,,,,,,,,,,,,,,,,,,,,,380.17379260000007,380.18565020000005,380.18565020000005,380.18565020000005,380.3700613000001,None,,,,,,,,,,,,,,,,,,,,,,,,,,,,,,,,P7350,Bar_MIC,10,1,2026-05-15_14h49.41.843,MIC_task,,2026.1.2,60.04138051946148,2026-05-15 14h49.44.746353 +0200,
,,25,0,25,,,,,,,10,v07,hajó,ship,10,vehicles,watercraft,7,None,None,46,21,"(0, -0.1)",None,,,,,,,,,,,,,,0,0,0,0,0,21,21,21,25,0,25,0,380.3857865,,,,,,,,,,,,,,,,,,,,,,,,,,,,,,,,,,,,,,,,,,,,,,,,,,,,,,,,,,,,,,,,,,,,,,,,,,,,,,,,,,,,,,,,,,,,,380.37477450000006,380.3857865,380.3857865,380.3857865,380.5696208000004,None,,,,,,,,,,,,,,,,,,,,,,,,,,,,,,,,P7350,Bar_MIC,10,1,2026-05-15_14h49.41.843,MIC_task,,2026.1.2,60.04138051946148,2026-05-15 14h49.44.746353 +0200,
,,26,0,26,,,,,,,10,v07,hajó,ship,10,vehicles,watercraft,7,None,None,46,21,"(0, -0.1)",None,,,,,,,,,,,,,,0,0,0,0,0,21,21,21,26,0,26,0,380.5850274000004,,,,,,,,,,,,,,,,,,,,,,,,,,,,,,,,,,,,,,,,,,,,,,,,,,,,,,,,,,,,,,,,,,,,,,,,,,,,,,,,,,,,,,,,,,,,,380.5743586000003,380.5850274000004,380.5850274000004,380.5850274000004,380.76904809999996,None,,,,,,,,,,,,,,,,,,,,,,,,,,,,,,,,P7350,Bar_MIC,10,1,2026-05-15_14h49.41.843,MIC_task,,2026.1.2,60.04138051946148,2026-05-15 14h49.44.746353 +0200,
,,27,0,27,,,,,,,10,v07,hajó,ship,10,vehicles,watercraft,7,None,None,46,21,"(0, -0.1)",None,,,,,,,,,,,,,,0,0,0,0,0,21,21,21,27,0,27,0,380.785519,,,,,,,,,,,,,,,,,,,,,,,,,,,,,,,,,,,,,,,,,,,,,,,,,,,,,,,,,,,,,,,,,,,,,,,,,,,,,,,,,,,,,,,,,,,,,380.77356340000006,380.785519,380.785519,380.785519,380.9692508000003,None,,,,,,,,,,,,,,,,,,,,,,,,,,,,,,,,P7350,Bar_MIC,10,1,2026-05-15_14h49.41.843,MIC_task,,2026.1.2,60.04138051946148,2026-05-15 14h49.44.746353 +0200,
,,28,0,28,,,,,,,10,v07,hajó,ship,10,vehicles,watercraft,7,None,None,46,21,"(0, -0.1)",None,,,,,,,,,,,,,,0,0,0,0,0,21,21,21,28,0,28,0,380.9857245000003,,,,,,,,,,,,,,,,,,,,,,,,,,,,,,,,,,,,,,,,,,,,,,,,,,,,,,,,,,,,,,,,,,,,,,,,,,,,,,,,,,,,,,,,,,,,,380.97424360000014,380.9857245000003,380.9857245000003,380.9857245000003,381.1699471000002,None,,,,,,,,,,,,,,,,,,,,,,,,,,,,,,,,P7350,Bar_MIC,10,1,2026-05-15_14h49.41.843,MIC_task,,2026.1.2,60.04138051946148,2026-05-15 14h49.44.746353 +0200,
,,29,0,29,,,,,,,10,v07,hajó,ship,10,vehicles,watercraft,7,None,None,46,21,"(0, -0.1)",None,,,,,,,,,,,,,,0,0,0,0,0,21,21,21,29,0,29,0,381.18613270000014,,,,,,,,,,,,,,,,,,,,,,,,,,,,,,,,,,,,,,,,,,,,,,,,,,,,,,,,,,,,,,,,,,,,,,,,,,,,,,,,,,,,,,,,,,,,,381.17467910000005,381.18613270000014,381.18613270000014,381.18613270000014,381.37049990000014,None,,,,,,,,,,,,,,,,,,,,,,,,,,,,,,,,P7350,Bar_MIC,10,1,2026-05-15_14h49.41.843,MIC_task,,2026.1.2,60.04138051946148,2026-05-15 14h49.44.746353 +0200,
,,30,0,30,,,,,,,10,v07,hajó,ship,10,vehicles,watercraft,7,None,None,46,21,"(0, -0.1)",None,,,,,,,,,,,,,,0,0,0,0,0,21,21,21,30,0,30,0,381.3865417000002,,,,,,,,,,,,,,,,,,,,,,,,,,,,,,,,,,,,,,,,,,,,,,,,,,,,,,,,,,,,,,,,,,,,,,,,,,,,,,,,,,,,,,,,,,,,,381.3752741000003,381.3865417000002,381.3865417000002,381.3865417000002,381.5704050000004,None,,,,,,,,,,,,,,,,,,,,,,,,,,,,,,,,P7350,Bar_MIC,10,1,2026-05-15_14h49.41.843,MIC_task,,2026.1.2,60.04138051946148,2026-05-15 14h49.44.746353 +0200,
,,31,0,31,,,,,,,10,v07,hajó,ship,10,vehicles,watercraft,7,None,None,46,21,"(0, -0.1)",None,,,,,,,,,,,,,,0,0,0,0,0,21,21,21,31,0,31,0,381.5869824000001,,,,,,,,,,,,,,,,,,,,,,,,,,,,,,,,,,,,,,,,,,,,,,,,,,,,,,,,,,,,,,,,,,,,,,,,,,,,,,,,,,,,,,,,,,,,,381.5752633000002,381.5869824000001,381.5869824000001,381.5869824000001,381.7709606000003,None,,,,,,,,,,,,,,,,,,,,,,,,,,,,,,,,P7350,Bar_MIC,10,1,2026-05-15_14h49.41.843,MIC_task,,2026.1.2,60.04138051946148,2026-05-15 14h49.44.746353 +0200,
,,32,0,32,,,,,,,10,v07,hajó,ship,10,vehicles,watercraft,7,None,None,46,21,"(0, -0.1)",None,,,,,,,,,,,,,,0,0,0,0,0,21,21,21,32,0,32,0,381.78791450000017,,,,,,,,,,,,,,,,,,,,,,,,,,,,,,,,,,,,,,,,,,,,,,,,,,,,,,,,,,,,,,,,,,,,,,,,,,,,,,,,,,,,,,,,,,,,,381.77584290000004,381.78791450000017,381.78791450000017,381.78791450000017,381.97110599999996,None,,,,,,,,,,,,,,,,,,,,,,,,,,,,,,,,P7350,Bar_MIC,10,1,2026-05-15_14h49.41.843,MIC_task,,2026.1.2,60.04138051946148,2026-05-15 14h49.44.746353 +0200,
,,33,0,33,,,,,,,10,v07,hajó,ship,10,vehicles,watercraft,7,None,None,46,21,"(0, -0.1)",None,,,,,,,,,,,,,,0,0,0,0,0,21,21,21,33,0,33,0,381.98778360000006,,,,,,,,,,,,,,,,,,,,,,,,,,,,,,,,,,,,,,,,,,,,,,,,,,,,,,,,,,,,,,,,,,,,,,,,,,,,,,,,,,,,,,,,,,,,,381.9759618000003,381.98778360000006,381.98778360000006,381.98778360000006,382.1717093000002,None,,,,,,,,,,,,,,,,,,,,,,,,,,,,,,,,P7350,Bar_MIC,10,1,2026-05-15_14h49.41.843,MIC_task,,2026.1.2,60.04138051946148,2026-05-15 14h49.44.746353 +0200,
,,34,0,34,,,,,,,10,v07,hajó,ship,10,vehicles,watercraft,7,None,None,46,21,"(0, -0.1)",None,,,,,,,,,,,,,,0,0,0,0,0,21,21,21,34,0,34,0,382.18819550000035,,,,,,,,,,,,,,,,,,,,,,,,,,,,,,,,,,,,,,,,,,,,,,,,,,,,,,,,,,,,,,,,,,,,,,,,,,,,,,,,,,,,,,,,,,,,,382.1765997000002,382.18819550000035,382.18819550000035,382.18819550000035,382.37184920000027,None,,,,,,,,,,,,,,,,,,,,,,,,,,,,,,,,P7350,Bar_MIC,10,1,2026-05-15_14h49.41.843,MIC_task,,2026.1.2,60.04138051946148,2026-05-15 14h49.44.746353 +0200,
,,35,0,35,,,,,,,10,v07,hajó,ship,10,vehicles,watercraft,7,None,None,46,21,"(0, -0.1)",None,,,,,,,,,,,,,,0,0,0,0,0,21,21,21,35,0,35,0,382.38838590000023,,,,,,,,,,,,,,,,,,,,,,,,,,,,,,,,,,,,,,,,,,,,,,,,,,,,,,,,,,,,,,,,,,,,,,,,,,,,,,,,,,,,,,,,,,,,,382.37658039999997,382.38838590000023,382.38838590000023,382.38838590000023,382.57423900000003,None,,,,,,,,,,,,,,,,,,,,,,,,,,,,,,,,P7350,Bar_MIC,10,1,2026-05-15_14h49.41.843,MIC_task,,2026.1.2,60.04138051946148,2026-05-15 14h49.44.746353 +0200,
,,36,0,36,,,,,,,10,v07,hajó,ship,10,vehicles,watercraft,7,None,None,46,21,"(0, -0.1)",None,,,,,,,,,,,,,,0,0,0,0,0,21,21,21,36,0,36,0,382.5888199000001,,,,,,,,,,,,,,,,,,,,,,,,,,,,,,,,,,,,,,,,,,,,,,,,,,,,,,,,,,,,,,,,,,,,,,,,,,,,,,,,,,,,,,,,,,,,,382.5791575000003,382.5888199000001,382.5888199000001,382.5888199000001,382.77276070000016,None,,,,,,,,,,,,,,,,,,,,,,,,,,,,,,,,P7350,Bar_MIC,10,1,2026-05-15_14h49.41.843,MIC_task,,2026.1.2,60.04138051946148,2026-05-15 14h49.44.746353 +0200,
,,37,0,37,,,,,,,10,v07,hajó,ship,10,vehicles,watercraft,7,None,None,46,21,"(0, -0.1)",None,,,,,,,,,,,,,,0,0,0,0,0,21,21,21,37,0,37,0,382.78987559999996,,,,,,,,,,,,,,,,,,,,,,,,,,,,,,,,,,,,,,,,,,,,,,,,,,,,,,,,,,,,,,,,,,,,,,,,,,,,,,,,,,,,,,,,,,,,,382.77757480000037,382.78987559999996,382.78987559999996,382.78987559999996,382.9739085000001,None,,,,,,,,,,,,,,,,,,,,,,,,,,,,,,,,P7350,Bar_MIC,10,1,2026-05-15_14h49.41.843,MIC_task,,2026.1.2,60.04138051946148,2026-05-15 14h49.44.746353 +0200,
,,38,0,38,,,,,,,10,v07,hajó,ship,10,vehicles,watercraft,7,None,None,46,21,"(0, -0.1)",None,,,,,,,,,,,,,,0,0,0,0,0,21,21,21,38,0,38,0,382.9888228,,,,,,,,,,,,,,,,,,,,,,,,,,,,,,,,,,,,,,,,,,,,,,,,,,,,,,,,,,,,,,,,,,,,,,,,,,,,,,,,,,,,,,,,,,,,,382.97843650000004,382.9888228,382.9888228,382.9888228,383.17305030000034,None,,,,,,,,,,,,,,,,,,,,,,,,,,,,,,,,P7350,Bar_MIC,10,1,2026-05-15_14h49.41.843,MIC_task,,2026.1.2,60.04138051946148,2026-05-15 14h49.44.746353 +0200,
,,39,0,39,,,,,,,10,v07,hajó,ship,10,vehicles,watercraft,7,None,None,46,21,"(0, -0.1)",None,,,,,,,,,,,,,,0,0,0,0,0,21,21,21,39,0,39,0,383.1892141000003,,,,,,,,,,,,,,,,,,,,,,,,,,,,,,,,,,,,,,,,,,,,,,,,,,,,,,,,,,,,,,,,,,,,,,,,,,,,,,,,,,,,,,,,,,,,,383.1780960000001,383.1892141000003,383.1892141000003,383.1892141000003,383.3730671000003,None,,,,,,,,,,,,,,,,,,,,,,,,,,,,,,,,P7350,Bar_MIC,10,1,2026-05-15_14h49.41.843,MIC_task,,2026.1.2,60.04138051946148,2026-05-15 14h49.44.746353 +0200,
,,40,0,40,,,,,,,10,v07,hajó,ship,10,vehicles,watercraft,7,None,None,46,21,"(0, -0.1)",None,,,,,,,,,,,,,,0,0,0,0,0,21,21,21,40,0,40,0,383.3896414000001,,,,,,,,,,,,,,,,,,,,,,,,,,,,,,,,,,,,,,,,,,,,,,,,,,,,,,,,,,,,,,,,,,,,,,,,,,,,,,,,,,,,,,,,,,,,,383.377786,383.3896414000001,383.3896414000001,383.3896414000001,383.5737059000003,None,,,,,,,,,,,,,,,,,,,,,,,,,,,,,,,,P7350,Bar_MIC,10,1,2026-05-15_14h49.41.843,MIC_task,,2026.1.2,60.04138051946148,2026-05-15 14h49.44.746353 +0200,
,,41,0,41,,,,,,,10,v07,hajó,ship,10,vehicles,watercraft,7,None,None,46,21,"(0, -0.1)",None,,,,,,,,,,,,,,0,0,0,0,0,21,21,21,41,0,41,0,383.5900697000002,,,,,,,,,,,,,,,,,,,,,,,,,,,,,,,,,,,,,,,,,,,,,,,,,,,,,,,,,,,,,,,,,,,,,,,,,,,,,,,,,,,,,,,,,,,,,383.5782900000004,383.5900697000002,383.5900697000002,383.5900697000002,383.7738220000001,None,,,,,,,,,,,,,,,,,,,,,,,,,,,,,,,,P7350,Bar_MIC,10,1,2026-05-15_14h49.41.843,MIC_task,,2026.1.2,60.04138051946148,2026-05-15 14h49.44.746353 +0200,
,,42,0,42,,,,,,,10,v07,hajó,ship,10,vehicles,watercraft,7,None,None,46,21,"(0, -0.1)",None,,,,,,,,,,,,,,0,0,0,0,0,21,21,21,42,0,42,0,383.79040710000027,,,,,,,,,,,,,,,,,,,,,,,,,,,,,,,,,,,,,,,,,,,,,,,,,,,,,,,,,,,,,,,,,,,,,,,,,,,,,,,,,,,,,,,,,,,,,383.7787602000003,383.79040710000027,383.79040710000027,383.79040710000027,383.9741912000004,None,,,,,,,,,,,,,,,,,,,,,,,,,,,,,,,,P7350,Bar_MIC,10,1,2026-05-15_14h49.41.843,MIC_task,,2026.1.2,60.04138051946148,2026-05-15 14h49.44.746353 +0200,
,,43,0,43,,,,,,,10,v07,hajó,ship,10,vehicles,watercraft,7,None,None,46,21,"(0, -0.1)",None,,,,,,,,,,,,,,0,0,0,0,0,21,21,21,43,0,43,0,383.99080300000014,,,,,,,,,,,,,,,,,,,,,,,,,,,,,,,,,,,,,,,,,,,,,,,,,,,,,,,,,,,,,,,,,,,,,,,,,,,,,,,,,,,,,,,,,,,,,383.9787445000002,383.99080300000014,383.99080300000014,383.99080300000014,384.1745387000001,None,,,,,,,,,,,,,,,,,,,,,,,,,,,,,,,,P7350,Bar_MIC,10,1,2026-05-15_14h49.41.843,MIC_task,,2026.1.2,60.04138051946148,2026-05-15 14h49.44.746353 +0200,
,,44,0,44,,,,,,,10,v07,hajó,ship,10,vehicles,watercraft,7,None,None,46,21,"(0, -0.1)",None,,,,,,,,,,,,,,0,0,0,0,0,21,21,21,44,0,44,0,384.19146130000036,,,,,,,,,,,,,,,,,,,,,,,,,,,,,,,,,,,,,,,,,,,,,,,,,,,,,,,,,,,,,,,,,,,,,,,,,,,,,,,,,,,,,,,,,,,,,384.1791132000003,384.19146130000036,384.19146130000036,384.19146130000036,384.3752522,None,,,,,,,,,,,,,,,,,,,,,,,,,,,,,,,,P7350,Bar_MIC,10,1,2026-05-15_14h49.41.843,MIC_task,,2026.1.2,60.04138051946148,2026-05-15 14h49.44.746353 +0200,
,,45,0,45,,,,,,,10,v07,hajó,ship,10,vehicles,watercraft,7,None,None,46,21,"(0, -0.1)",None,,,,,,,,,,,,,,0,0,0,0,0,21,21,21,45,0,45,0,384.39182770000025,,,,,,,,,,,,,,,,,,,,,,,,,,,,,,,,,,,,,,,,,,,,,,,,,,,,,,,,,,,,,,,,,,,,,,,,,,,,,,,,,,,,,,,,,,,,,384.3796231000001,384.39182770000025,384.39182770000025,384.39182770000025,384.57519550000006,None,,,,,,,,,,,,,,,,,,,,,,,,,,,,,,,,P7350,Bar_MIC,10,1,2026-05-15_14h49.41.843,MIC_task,,2026.1.2,60.04138051946148,2026-05-15 14h49.44.746353 +0200,
,,46,0,46,,,,,,,10,v07,hajó,ship,10,vehicles,watercraft,7,None,None,46,21,"(0, -0.1)",None,,,,,,,,,,,,,,0,0,0,0,0,21,21,21,46,0,46,0,384.59197810000023,,,,,,,,,,,,,,,,,,,,,,,,,,,,,,,,,,,,,,,,,,,,,,,,,,,,,,,,,,,,,,,,,,,,,,,,,,,,,,,,,,,,,,,,,,,,,384.5796766000003,384.59197810000023,384.59197810000023,384.59197810000023,384.77673870000035,None,,,,,,,,,,,,,,,,,,,,,,,,,,,,,,,,P7350,Bar_MIC,10,1,2026-05-15_14h49.41.843,MIC_task,,2026.1.2,60.04138051946148,2026-05-15 14h49.44.746353 +0200,
,,47,0,47,,,,,,,10,v07,hajó,ship,10,vehicles,watercraft,7,None,None,46,21,"(0, -0.1)",None,,,,,,,,,,,,,,0,0,0,0,0,21,21,21,47,0,47,0,384.7925859000002,,,,,,,,,,,,,,,,,,,,,,,,,,,,,,,,,,,,,,,,,,,,,,,,,,,,,,,,,,,,,,,,,,,,,,,,,,,,,,,,,,,,,,,,,,,,,384.7814379000001,384.7925859000002,384.7925859000002,384.7925859000002,384.97604470000033,None,,,,,,,,,,,,,,,,,,,,,,,,,,,,,,,,P7350,Bar_MIC,10,1,2026-05-15_14h49.41.843,MIC_task,,2026.1.2,60.04138051946148,2026-05-15 14h49.44.746353 +0200,
,,48,0,48,,,,,,,10,v07,hajó,ship,10,vehicles,watercraft,7,None,None,46,21,"(0, -0.1)",None,,,,,,,,,,,,,,0,0,0,0,0,21,21,21,48,0,48,0,384.99312340000006,,,,,,,,,,,,,,,,,,,,,,,,,,,,,,,,,,,,,,,,,,,,,,,,,,,,,,,,,,,,,,,,,,,,,,,,,,,,,,,,,,,,,,,,,,,,,384.98072200000024,384.99312340000006,384.99312340000006,384.99312340000006,385.1766561000004,None,,,,,,,,,,,,,,,,,,,,,,,,,,,,,,,,P7350,Bar_MIC,10,1,2026-05-15_14h49.41.843,MIC_task,,2026.1.2,60.04138051946148,2026-05-15 14h49.44.746353 +0200,
,,49,0,49,,,,,,,10,v07,hajó,ship,10,vehicles,watercraft,7,None,None,46,21,"(0, -0.1)",None,,,,,,,,,,,,,,0,0,0,0,0,21,21,21,49,0,49,0,385.1921776000004,,,,,,,,,,,,,,,,,,,,,,,,,,,,,,,,,,,,,,,,,,,,,,,,,,,,,,,,,,,,,,,,,,,,,,,,,,,,,,,,,,,,,,,,,,,,,385.18139370000017,385.1921776000004,385.1921776000004,385.1921776000004,385.3766839,None,,,,,,,,,,,,,,,,,,,,,,,,,,,,,,,,P7350,Bar_MIC,10,1,2026-05-15_14h49.41.843,MIC_task,,2026.1.2,60.04138051946148,2026-05-15 14h49.44.746353 +0200,
,,50,0,50,,,,,,,10,v07,hajó,ship,10,vehicles,watercraft,7,None,None,46,21,"(0, -0.1)",None,,,,,,,,,,,,,,0,0,0,0,0,21,21,21,50,0,50,0,385.39360590000024,,,,,,,,,,,,,,,,,,,,,,,,,,,,,,,,,,,,,,,,,,,,,,,,,,,,,,,,,,,,,,,,,,,,,,,,,,,,,,,,,,,,,,,,,,,,,385.3815158000002,385.39360590000024,385.39360590000024,385.39360590000024,385.5772614000002,None,,,,,,,,,,,,,,,,,,,,,,,,,,,,,,,,P7350,Bar_MIC,10,1,2026-05-15_14h49.41.843,MIC_task,,2026.1.2,60.04138051946148,2026-05-15 14h49.44.746353 +0200,
,,51,0,51,,,,,,,10,v07,hajó,ship,10,vehicles,watercraft,7,None,None,46,21,"(0, -0.1)",None,,,,,,,,,,,,,,0,0,0,0,0,21,21,21,51,0,51,0,385.5928793000003,,,,,,,,,,,,,,,,,,,,,,,,,,,,,,,,,,,,,,,,,,,,,,,,,,,,,,,,,,,,,,,,,,,,,,,,,,,,,,,,,,,,,,,,,,,,,385.5819829000002,385.5928793000003,385.5928793000003,385.5928793000003,385.7767697000004,None,,,,,,,,,,,,,,,,,,,,,,,,,,,,,,,,P7350,Bar_MIC,10,1,2026-05-15_14h49.41.843,MIC_task,,2026.1.2,60.04138051946148,2026-05-15 14h49.44.746353 +0200,
,,52,0,52,,,,,,,10,v07,hajó,ship,10,vehicles,watercraft,7,None,None,46,21,"(0, -0.1)",None,,,,,,,,,,,,,,0,0,0,0,0,21,21,21,52,0,52,0,385.7943938000003,,,,,,,,,,,,,,,,,,,,,,,,,,,,,,,,,,,,,,,,,,,,,,,,,,,,,,,,,,,,,,,,,,,,,,,,,,,,,,,,,,,,,,,,,,,,,385.7814285000004,385.7943938000003,385.7943938000003,385.7943938000003,385.9771114,None,,,,,,,,,,,,,,,,,,,,,,,,,,,,,,,,P7350,Bar_MIC,10,1,2026-05-15_14h49.41.843,MIC_task,,2026.1.2,60.04138051946148,2026-05-15 14h49.44.746353 +0200,
,,53,0,53,,,,,,,10,v07,hajó,ship,10,vehicles,watercraft,7,None,None,46,21,"(0, -0.1)",None,,,,,,,,,,,,,,0,0,0,0,0,21,21,21,53,0,53,0,385.99405330000036,,,,,,,,,,,,,,,,,,,,,,,,,,,,,,,,,,,,,,,,,,,,,,,,,,,,,,,,,,,,,,,,,,,,,,,,,,,,,,,,,,,,,,,,,,,,,385.98161660000005,385.99405330000036,385.99405330000036,385.99405330000036,386.1775716000002,None,,,,,,,,,,,,,,,,,,,,,,,,,,,,,,,,P7350,Bar_MIC,10,1,2026-05-15_14h49.41.843,MIC_task,,2026.1.2,60.04138051946148,2026-05-15 14h49.44.746353 +0200,
,,54,0,54,,,,,,,10,v07,hajó,ship,10,vehicles,watercraft,7,None,None,46,21,"(0, -0.1)",None,,,,,,,,,,,,,,0,0,0,0,0,21,21,21,54,0,54,0,386.1941061000002,,,,,,,,,,,,,,,,,,,,,,,,,,,,,,,,,,,,,,,,,,,,,,,,,,,,,,,,,,,,,,,,,,,,,,,,,,,,,,,,,,,,,,,,,,,,,386.1828088000002,386.1941061000002,386.1941061000002,386.1941061000002,386.3779821000003,None,,,,,,,,,,,,,,,,,,,,,,,,,,,,,,,,P7350,Bar_MIC,10,1,2026-05-15_14h49.41.843,MIC_task,,2026.1.2,60.04138051946148,2026-05-15 14h49.44.746353 +0200,
,,55,0,55,,,,,,,10,v07,hajó,ship,10,vehicles,watercraft,7,None,None,46,21,"(0, -0.1)",None,,,,,,,,,,,,,,0,0,0,0,0,21,21,21,55,0,55,0,386.3944243000001,,,,,,,,,,,,,,,,,,,,,,,,,,,,,,,,,,,,,,,,,,,,,,,,,,,,,,,,,,,,,,,,,,,,,,,,,,,,,,,,,,,,,,,,,,,,,386.3831769000003,386.3944243000001,386.3944243000001,386.3944243000001,386.57824800000026,None,,,,,,,,,,,,,,,,,,,,,,,,,,,,,,,,P7350,Bar_MIC,10,1,2026-05-15_14h49.41.843,MIC_task,,2026.1.2,60.04138051946148,2026-05-15 14h49.44.746353 +0200,
,,56,0,56,,,,,,,10,v07,hajó,ship,10,vehicles,watercraft,7,None,None,46,21,"(0, -0.1)",None,,,,,,,,,,,,,,0,0,0,0,0,21,21,21,56,0,56,0,386.59481430000005,,,,,,,,,,,,,,,,,,,,,,,,,,,,,,,,,,,,,,,,,,,,,,,,,,,,,,,,,,,,,,,,,,,,,,,,,,,,,,,,,,,,,,,,,,,,,386.5829057000001,386.59481430000005,386.59481430000005,386.59481430000005,386.77852310000026,None,,,,,,,,,,,,,,,,,,,,,,,,,,,,,,,,P7350,Bar_MIC,10,1,2026-05-15_14h49.41.843,MIC_task,,2026.1.2,60.04138051946148,2026-05-15 14h49.44.746353 +0200,
,,57,0,57,,,,,,,10,v07,hajó,ship,10,vehicles,watercraft,7,None,None,46,21,"(0, -0.1)",None,,,,,,,,,,,,,,0,0,0,0,0,21,21,21,57,0,57,0,386.7950744,,,,,,,,,,,,,,,,,,,,,,,,,,,,,,,,,,,,,,,,,,,,,,,,,,,,,,,,,,,,,,,,,,,,,,,,,,,,,,,,,,,,,,,,,,,,,386.7832378000003,386.7950744,386.7950744,386.7950744,386.9789608000001,None,,,,,,,,,,,,,,,,,,,,,,,,,,,,,,,,P7350,Bar_MIC,10,1,2026-05-15_14h49.41.843,MIC_task,,2026.1.2,60.04138051946148,2026-05-15 14h49.44.746353 +0200,
,,58,0,58,,,,,,,10,v07,hajó,ship,10,vehicles,watercraft,7,None,None,46,21,"(0, -0.1)",None,,,,,,,,,,,,,,0,0,0,0,0,21,21,21,58,0,58,0,386.99562270000024,,,,,,,,,,,,,,,,,,,,,,,,,,,,,,,,,,,,,,,,,,,,,,,,,,,,,,,,,,,,,,,,,,,,,,,,,,,,,,,,,,,,,,,,,,,,,386.98350440000013,386.99562270000024,386.99562270000024,386.99562270000024,387.1638377000004,None,,,,,,,,,,,,,,,,,,,,,,,,,,,,,,,,P7350,Bar_MIC,10,1,2026-05-15_14h49.41.843,MIC_task,,2026.1.2,60.04138051946148,2026-05-15 14h49.44.746353 +0200,
,,59,0,59,,,,,,,10,v07,hajó,ship,10,vehicles,watercraft,7,None,None,46,21,"(0, -0.1)",None,,,,,,,,,,,,,,0,0,0,0,0,21,21,21,59,0,59,0,387.1791505000001,,,,,,,,,,,,,,,,,,,,,,,,,,,,,,,,,,,,,,,,,,,,,,,,,,,,,,,,,,,,,,,,,,,,,,,,,,,,,,,,,,,,,,,,,,,,,387.1682175000001,387.1791505000001,387.1791505000001,387.1791505000001,387.36431900000025,None,,,,,,,,,,,,,,,,,,,,,,,,,,,,,,,,P7350,Bar_MIC,10,1,2026-05-15_14h49.41.843,MIC_task,,2026.1.2,60.04138051946148,2026-05-15 14h49.44.746353 +0200,
,,60,0,60,,,,,,,10,v07,hajó,ship,10,vehicles,watercraft,7,None,None,46,21,"(0, -0.1)",None,,,,,,,,,,,,,,0,0,0,0,0,21,21,21,60,0,60,0,387.3795541000004,,,,,,,,,,,,,,,,,,,,,,,,,,,,,,,,,,,,,,,,,,,,,,,,,,,,,,,,,,,,,,,,,,,,,,,,,,,,,,,,,,,,,,,,,,,,,387.36870610000005,387.3795541000004,387.3795541000004,387.3795541000004,387.5643415000004,None,,,,,,,,,,,,,,,,,,,,,,,,,,,,,,,,P7350,Bar_MIC,10,1,2026-05-15_14h49.41.843,MIC_task,,2026.1.2,60.04138051946148,2026-05-15 14h49.44.746353 +0200,
,,61,0,61,,,,,,,10,v07,hajó,ship,10,vehicles,watercraft,7,None,None,46,21,"(0, -0.1)",None,,,,,,,,,,,,,,0,0,0,0,0,21,21,21,61,0,61,0,387.57998380000026,,,,,,,,,,,,,,,,,,,,,,,,,,,,,,,,,,,,,,,,,,,,,,,,,,,,,,,,,,,,,,,,,,,,,,,,,,,,,,,,,,,,,,,,,,,,,387.5687799000002,387.57998380000026,387.57998380000026,387.57998380000026,387.7643645000003,None,,,,,,,,,,,,,,,,,,,,,,,,,,,,,,,,P7350,Bar_MIC,10,1,2026-05-15_14h49.41.843,MIC_task,,2026.1.2,60.04138051946148,2026-05-15 14h49.44.746353 +0200,
,,62,0,62,,,,,,,10,v07,hajó,ship,10,vehicles,watercraft,7,None,None,46,21,"(0, -0.1)",None,,,,,,,,,,,,,,0,0,0,0,0,21,21,21,62,0,62,0,387.77956270000004,,,,,,,,,,,,,,,,,,,,,,,,,,,,,,,,,,,,,,,,,,,,,,,,,,,,,,,,,,,,,,,,,,,,,,,,,,,,,,,,,,,,,,,,,,,,,387.76924210000016,387.77956270000004,387.77956270000004,387.77956270000004,387.9633222000002,None,,,,,,,,,,,,,,,,,,,,,,,,,,,,,,,,P7350,Bar_MIC,10,1,2026-05-15_14h49.41.843,MIC_task,,2026.1.2,60.04138051946148,2026-05-15 14h49.44.746353 +0200,
,,63,0,63,,,,,,,10,v07,hajó,ship,10,vehicles,watercraft,7,None,None,46,21,"(0, -0.1)",None,,,,,,,,,,,,,,0,0,0,0,0,21,21,21,63,0,63,0,387.98013830000036,,,,,,,,,,,,,,,,,,,,,,,,,,,,,,,,,,,,,,,,,,,,,,,,,,,,,,,,,,,,,,,,,,,,,,,,,,,,,,,,,,,,,,,,,,,,,387.96796170000016,387.98013830000036,387.98013830000036,387.98013830000036,388.1646761000002,None,,,,,,,,,,,,,,,,,,,,,,,,,,,,,,,,P7350,Bar_MIC,10,1,2026-05-15_14h49.41.843,MIC_task,,2026.1.2,60.04138051946148,2026-05-15 14h49.44.746353 +0200,
,,64,0,64,,,,,,,10,v07,hajó,ship,10,vehicles,watercraft,7,None,None,46,21,"(0, -0.1)",None,,,,,,,,,,,,,,0,0,0,0,0,21,21,21,64,0,64,0,388.1801955000001,,,,,,,,,,,,,,,,,,,,,,,,,,,,,,,,,,,,,,,,,,,,,,,,,,,,,,,,,,,,,,,,,,,,,,,,,,,,,,,,,,,,,,,,,,,,,388.16901270000017,388.1801955000001,388.1801955000001,388.1801955000001,388.3644282,None,,,,,,,,,,,,,,,,,,,,,,,,,,,,,,,,P7350,Bar_MIC,10,1,2026-05-15_14h49.41.843,MIC_task,,2026.1.2,60.04138051946148,2026-05-15 14h49.44.746353 +0200,
,,65,0,65,,,,,,,10,v07,hajó,ship,10,vehicles,watercraft,7,None,None,46,21,"(0, -0.1)",None,,,,,,,,,,,,,,0,0,0,0,0,21,21,21,65,0,65,0,388.3814665,,,,,,,,,,,,,,,,,,,,,,,,,,,,,,,,,,,,,,,,,,,,,,,,,,,,,,,,,,,,,,,,,,,,,,,,,,,,,,,,,,,,,,,,,,,,,388.3693215000003,388.3814665,388.3814665,388.3814665,388.5654998,None,,,,,,,,,,,,,,,,,,,,,,,,,,,,,,,,P7350,Bar_MIC,10,1,2026-05-15_14h49.41.843,MIC_task,,2026.1.2,60.04138051946148,2026-05-15 14h49.44.746353 +0200,
,,66,0,66,,,,,,,10,v07,hajó,ship,10,vehicles,watercraft,7,None,None,46,21,"(0, -0.1)",None,,,,,,,,,,,,,,0,0,0,0,0,21,21,21,66,0,66,0,388.5811941000002,,,,,,,,,,,,,,,,,,,,,,,,,,,,,,,,,,,,,,,,,,,,,,,,,,,,,,,,,,,,,,,,,,,,,,,,,,,,,,,,,,,,,,,,,,,,,388.5700489000001,388.5811941000002,388.5811941000002,388.5811941000002,388.76469080000015,None,,,,,,,,,,,,,,,,,,,,,,,,,,,,,,,,P7350,Bar_MIC,10,1,2026-05-15_14h49.41.843,MIC_task,,2026.1.2,60.04138051946148,2026-05-15 14h49.44.746353 +0200,
,,67,0,67,,,,,,,10,v07,hajó,ship,10,vehicles,watercraft,7,None,None,46,21,"(0, -0.1)",None,,,,,,,,,,,,,,0,0,0,0,0,21,21,21,67,0,67,0,388.7814648000003,,,,,,,,,,,,,,,,,,,,,,,,,,,,,,,,,,,,,,,,,,,,,,,,,,,,,,,,,,,,,,,,,,,,,,,,,,,,,,,,,,,,,,,,,,,,,388.76923910000005,388.7814648000003,388.7814648000003,388.7814648000003,388.9650636000001,None,,,,,,,,,,,,,,,,,,,,,,,,,,,,,,,,P7350,Bar_MIC,10,1,2026-05-15_14h49.41.843,MIC_task,,2026.1.2,60.04138051946148,2026-05-15 14h49.44.746353 +0200,
,,68,0,68,,,,,,,10,v07,hajó,ship,10,vehicles,watercraft,7,None,None,46,21,"(0, -0.1)",None,,,,,,,,,,,,,,0,0,0,0,0,21,21,21,68,0,68,0,388.98180890000003,,,,,,,,,,,,,,,,,,,,,,,,,,,,,,,,,,,,,,,,,,,,,,,,,,,,,,,,,,,,,,,,,,,,,,,,,,,,,,,,,,,,,,,,,,,,,388.9695238000004,388.98180890000003,388.98180890000003,388.98180890000003,389.1667757,None,,,,,,,,,,,,,,,,,,,,,,,,,,,,,,,,P7350,Bar_MIC,10,1,2026-05-15_14h49.41.843,MIC_task,,2026.1.2,60.04138051946148,2026-05-15 14h49.44.746353 +0200,
,,69,0,69,,,,,,,10,v07,hajó,ship,10,vehicles,watercraft,7,None,None,46,21,"(0, -0.1)",None,,,,,,,,,,,,,,0,0,0,0,0,21,21,21,69,0,69,0,389.1820703000003,,,,,,,,,,,,,,,,,,,,,,,,,,,,,,,,,,,,,,,,,,,,,,,,,,,,,,,,,,,,,,,,,,,,,,,,,,,,,,,,,,,,,,,,,,,,,389.1713969000002,389.1820703000003,389.1820703000003,389.1820703000003,389.36603650000006,None,,,,,,,,,,,,,,,,,,,,,,,,,,,,,,,,P7350,Bar_MIC,10,1,2026-05-15_14h49.41.843,MIC_task,,2026.1.2,60.04138051946148,2026-05-15 14h49.44.746353 +0200,
,,70,0,70,,,,,,,10,v07,hajó,ship,10,vehicles,watercraft,7,None,None,46,21,"(0, -0.1)",None,,,,,,,,,,,,,,0,0,0,0,0,21,21,21,70,0,70,0,389.38277700000026,,,,,,,,,,,,,,,,,,,,,,,,,,,,,,,,,,,,,,,,,,,,,,,,,,,,,,,,,,,,,,,,,,,,,,,,,,,,,,,,,,,,,,,,,,,,,389.3706903000002,389.38277700000026,389.38277700000026,389.38277700000026,389.56628309999996,None,,,,,,,,,,,,,,,,,,,,,,,,,,,,,,,,P7350,Bar_MIC,10,1,2026-05-15_14h49.41.843,MIC_task,,2026.1.2,60.04138051946148,2026-05-15 14h49.44.746353 +0200,
,,71,0,71,,,,,,,10,v07,hajó,ship,10,vehicles,watercraft,7,None,None,46,21,"(0, -0.1)",None,,,,,,,,,,,,,,0,0,0,0,0,21,21,21,71,0,71,0,389.58204920000026,,,,,,,,,,,,,,,,,,,,,,,,,,,,,,,,,,,,,,,,,,,,,,,,,,,,,,,,,,,,,,,,,,,,,,,,,,,,,,,,,,,,,,,,,,,,,389.57112080000024,389.58204920000026,389.58204920000026,389.58204920000026,389.76672510000026,None,,,,,,,,,,,,,,,,,,,,,,,,,,,,,,,,P7350,Bar_MIC,10,1,2026-05-15_14h49.41.843,MIC_task,,2026.1.2,60.04138051946148,2026-05-15 14h49.44.746353 +0200,
,,72,0,72,,,,,,,10,v07,hajó,ship,10,vehicles,watercraft,7,None,None,46,21,"(0, -0.1)",None,,,,,,,,,,,,,,0,0,0,0,0,21,21,21,72,0,72,0,389.78248870000016,,,,,,,,,,,,,,,,,,,,,,,,,,,,,,,,,,,,,,,,,,,,,,,,,,,,,,,,,,,,,,,,,,,,,,,,,,,,,,,,,,,,,,,,,,,,,389.77119230000017,389.78248870000016,389.78248870000016,389.78248870000016,389.96699030000036,None,,,,,,,,,,,,,,,,,,,,,,,,,,,,,,,,P7350,Bar_MIC,10,1,2026-05-15_14h49.41.843,MIC_task,,2026.1.2,60.04138051946148,2026-05-15 14h49.44.746353 +0200,
,,73,0,73,,,,,,,10,v07,hajó,ship,10,vehicles,watercraft,7,None,None,46,21,"(0, -0.1)",None,,,,,,,,,,,,,,0,0,0,0,0,21,21,21,73,0,73,0,389.98282310000013,,,,,,,,,,,,,,,,,,,,,,,,,,,,,,,,,,,,,,,,,,,,,,,,,,,,,,,,,,,,,,,,,,,,,,,,,,,,,,,,,,,,,,,,,,,,,389.97179400000005,389.98282310000013,389.98282310000013,389.98282310000013,390.16760680000016,None,,,,,,,,,,,,,,,,,,,,,,,,,,,,,,,,P7350,Bar_MIC,10,1,2026-05-15_14h49.41.843,MIC_task,,2026.1.2,60.04138051946148,2026-05-15 14h49.44.746353 +0200,
,,74,0,74,,,,,,,10,v07,hajó,ship,10,vehicles,watercraft,7,None,None,46,21,"(0, -0.1)",None,,,,,,,,,,,,,,0,0,0,0,0,21,21,21,74,0,74,0,390.1832647000001,,,,,,,,,,,,,,,,,,,,,,,,,,,,,,,,,,,,,,,,,,,,,,,,,,,,,,,,,,,,,,,,,,,,,,,,,,,,,,,,,,,,,,,,,,,,,390.1720876000004,390.1832647000001,390.1832647000001,390.1832647000001,390.36708550000003,None,,,,,,,,,,,,,,,,,,,,,,,,,,,,,,,,P7350,Bar_MIC,10,1,2026-05-15_14h49.41.843,MIC_task,,2026.1.2,60.04138051946148,2026-05-15 14h49.44.746353 +0200,
,,75,0,75,,,,,,,10,v07,hajó,ship,10,vehicles,watercraft,7,None,None,46,21,"(0, -0.1)",space,0.007362199999988661,None,,,,,,,,,,,,0,0,0,0,0,21,21,21,75,0,75,0,390.38365390000035,,,,,,,,,,,,,,,,,,,,,,,,,,,,,,,,,,,,,,,,,,,,,,,,,,,,,,,,,,,,,,,,,,,,,,,,,,,,,,,,,,,,,,,,,,,,,390.37161560000004,390.38365390000035,390.38365390000035,390.38365390000035,390.4015109000002,space,0.007362199999988661,None,,,,,,,,,,,,,,,,,,,,,,,,,,,,,,P7350,Bar_MIC,10,1,2026-05-15_14h49.41.843,MIC_task,,2026.1.2,60.04138051946148,2026-05-15 14h49.44.746353 +0200,
,,21,21,0,,,,space,0.4855584000001727,None,10,v07,hajó,ship,10,vehicles,watercraft,7,None,None,46,21,"(0, -0.1)",,,,,,,,,,,,,,,0,0,0,0,0,21,21,21,,,,,,,,,,,,,,,,,,,,,,,,,,,,,,,,,,,,,,,,,,,,,,,,,,,,,,,,,,,,,,,,,,,,,,,,,,,,,,,,,390.49760590000005,390.5055666000003,390.5004348000003,392.40356440000005,,,,,,394.40715520000003,394.4251839000003,394.4251839000003,394.9247449000004,,,,,,,,,,,,,392.4410447,392.44705120000026,392.4534048000003,394.33998770000017,394.40709570000035,space,0.4855584000001727,None,,,,,,,,,,,,,,,,,,,,,,P7350,Bar_MIC,10,1,2026-05-15_14h49.41.843,MIC_task,,2026.1.2,60.04138051946148,2026-05-15 14h49.44.746353 +0200,
,,0,0,0,,,,,,,10,b03,fül,ear,2,bodypart,face,6.6,14,19,43,None,"(-0.1, 0.1)",None,,,,,,,,,,,,,,0,0,0,0,0,22,22,22,0,0,0,0,394.9522634,,,,,,,,,,,,,,,,,,,,,,,,,,,,,,,,,,,,,,,,,,,,,,,,,,,,,,,,,,,,,,,,,,,,,,,,,,,,,,,,,,,,,,,,,,,,,394.9452123000001,394.9522634,394.9522634,394.9522634,395.1253936000003,None,,,,,,,,,,,,,,,,,,,,,,,,,,,,,,,,P7350,Bar_MIC,10,1,2026-05-15_14h49.41.843,MIC_task,,2026.1.2,60.04138051946148,2026-05-15 14h49.44.746353 +0200,
,,0,0,0,,,,,,,10,b03,fül,ear,2,bodypart,face,6.6,14,19,43,None,"(-0.1, 0.1)",None,,,,,,,,,,,,,,0,0,0,0,0,22,22,22,0,0,0,0,395.14085109999996,,,,,,,,,,,,,,,,,,,,,,,,,,,,,,,,,,,,,,,,,,,,,,,,,,,,,,,,,,,,,,,,,,,,,,,,,,,,,,,,,,,,,,,,,,,,,395.12974940000004,395.14085109999996,395.14085109999996,395.14085109999996,395.3250535000002,None,,,,,,,,,,,395.3410994000001,395.3410994000001,395.3410994000001,,,,,,,,,,,,,,,,,,,P7350,Bar_MIC,10,1,2026-05-15_14h49.41.843,MIC_task,,2026.1.2,60.04138051946148,2026-05-15 14h49.44.746353 +0200,
,,1,0,1,,,,,,,10,b03,fül,ear,2,bodypart,face,6.6,14,19,43,None,"(-0.1, 0.1)",None,,,,,,,,,,,,,,0,0,0,0,0,22,22,22,1,0,1,0,395.3410994000001,,,,,,,,,,,,,,,,,,,,,,,,,,,,,,,,,,,,,,,,,,,,,,,,,,,,,,,,,,,,,,,,,,,,,,,,,,,,,,,,,,,,,,,,,,,,,395.3297066,395.3410994000001,395.3410994000001,395.3410994000001,395.5249640000002,None,,,,,,,,,,,,,,,,,,,,,,,,,,,,,,,,P7350,Bar_MIC,10,1,2026-05-15_14h49.41.843,MIC_task,,2026.1.2,60.04138051946148,2026-05-15 14h49.44.746353 +0200,
,,2,0,2,,,,,,,10,b03,fül,ear,2,bodypart,face,6.6,14,19,43,None,"(-0.1, 0.1)",None,,,,,,,,,,,,,,0,0,0,0,0,22,22,22,2,0,2,0,395.5421093,,,,,,,,,,,,,,,,,,,,,,,,,,,,,,,,,,,,,,,,,,,,,,,,,,,,,,,,,,,,,,,,,,,,,,,,,,,,,,,,,,,,,,,,,,,,,395.5292948000001,395.5421093,395.5421093,395.5421093,395.72526210000024,None,,,,,,,,,,,,,,,,,,,,,,,,,,,,,,,,P7350,Bar_MIC,10,1,2026-05-15_14h49.41.843,MIC_task,,2026.1.2,60.04138051946148,2026-05-15 14h49.44.746353 +0200,
,,3,0,3,,,,,,,10,b03,fül,ear,2,bodypart,face,6.6,14,19,43,None,"(-0.1, 0.1)",None,,,,,,,,,,,,,,0,0,0,0,0,22,22,22,3,0,3,0,395.7420997000004,,,,,,,,,,,,,,,,,,,,,,,,,,,,,,,,,,,,,,,,,,,,,,,,,,,,,,,,,,,,,,,,,,,,,,,,,,,,,,,,,,,,,,,,,,,,,395.7295140000001,395.7420997000004,395.7420997000004,395.7420997000004,395.92566350000016,None,,,,,,,,,,,,,,,,,,,,,,,,,,,,,,,,P7350,Bar_MIC,10,1,2026-05-15_14h49.41.843,MIC_task,,2026.1.2,60.04138051946148,2026-05-15 14h49.44.746353 +0200,
,,4,0,4,,,,,,,10,b03,fül,ear,2,bodypart,face,6.6,14,19,43,None,"(-0.1, 0.1)",None,,,,,,,,,,,,,,0,0,0,0,0,22,22,22,4,0,4,0,395.94250060000013,,,,,,,,,,,,,,,,,,,,,,,,,,,,,,,,,,,,,,,,,,,,,,,,,,,,,,,,,,,,,,,,,,,,,,,,,,,,,,,,,,,,,,,,,,,,,395.9298294,395.94250060000013,395.94250060000013,395.94250060000013,396.1261305000003,None,,,,,,,,,,,,,,,,,,,,,,,,,,,,,,,,P7350,Bar_MIC,10,1,2026-05-15_14h49.41.843,MIC_task,,2026.1.2,60.04138051946148,2026-05-15 14h49.44.746353 +0200,
,,5,0,5,,,,,,,10,b03,fül,ear,2,bodypart,face,6.6,14,19,43,None,"(-0.1, 0.1)",None,,,,,,,,,,,,,,0,0,0,0,0,22,22,22,5,0,5,0,396.14274810000006,,,,,,,,,,,,,,,,,,,,,,,,,,,,,,,,,,,,,,,,,,,,,,,,,,,,,,,,,,,,,,,,,,,,,,,,,,,,,,,,,,,,,,,,,,,,,396.1308884,396.14274810000006,396.14274810000006,396.14274810000006,396.32730790000005,None,,,,,,,,,,,,,,,,,,,,,,,,,,,,,,,,P7350,Bar_MIC,10,1,2026-05-15_14h49.41.843,MIC_task,,2026.1.2,60.04138051946148,2026-05-15 14h49.44.746353 +0200,
,,6,0,6,,,,,,,10,b03,fül,ear,2,bodypart,face,6.6,14,19,43,None,"(-0.1, 0.1)",None,,,,,,,,,,,,,,0,0,0,0,0,22,22,22,6,0,6,0,396.3430755000004,,,,,,,,,,,,,,,,,,,,,,,,,,,,,,,,,,,,,,,,,,,,,,,,,,,,,,,,,,,,,,,,,,,,,,,,,,,,,,,,,,,,,,,,,,,,,396.3317890000003,396.3430755000004,396.3430755000004,396.3430755000004,396.5274989000004,None,,,,,,,,,,,,,,,,,,,,,,,,,,,,,,,,P7350,Bar_MIC,10,1,2026-05-15_14h49.41.843,MIC_task,,2026.1.2,60.04138051946148,2026-05-15 14h49.44.746353 +0200,
,,7,0,7,,,,,,,10,b03,fül,ear,2,bodypart,face,6.6,14,19,43,None,"(-0.1, 0.1)",None,,,,,,,,,,,,,,0,0,0,0,0,22,22,22,7,0,7,0,396.54407340000034,,,,,,,,,,,,,,,,,,,,,,,,,,,,,,,,,,,,,,,,,,,,,,,,,,,,,,,,,,,,,,,,,,,,,,,,,,,,,,,,,,,,,,,,,,,,,396.5319212000004,396.54407340000034,396.54407340000034,396.54407340000034,396.72731420000036,None,,,,,,,,,,,,,,,,,,,,,,,,,,,,,,,,P7350,Bar_MIC,10,1,2026-05-15_14h49.41.843,MIC_task,,2026.1.2,60.04138051946148,2026-05-15 14h49.44.746353 +0200,
,,8,0,8,,,,,,,10,b03,fül,ear,2,bodypart,face,6.6,14,19,43,None,"(-0.1, 0.1)",None,,,,,,,,,,,,,,0,0,0,0,0,22,22,22,8,0,8,0,396.7437853000001,,,,,,,,,,,,,,,,,,,,,,,,,,,,,,,,,,,,,,,,,,,,,,,,,,,,,,,,,,,,,,,,,,,,,,,,,,,,,,,,,,,,,,,,,,,,,396.73184500000025,396.7437853000001,396.7437853000001,396.7437853000001,396.9286569000001,None,,,,,,,,,,,,,,,,,,,,,,,,,,,,,,,,P7350,Bar_MIC,10,1,2026-05-15_14h49.41.843,MIC_task,,2026.1.2,60.04138051946148,2026-05-15 14h49.44.746353 +0200,
,,9,0,9,,,,,,,10,b03,fül,ear,2,bodypart,face,6.6,14,19,43,None,"(-0.1, 0.1)",None,,,,,,,,,,,,,,0,0,0,0,0,22,22,22,9,0,9,0,396.94417220000014,,,,,,,,,,,,,,,,,,,,,,,,,,,,,,,,,,,,,,,,,,,,,,,,,,,,,,,,,,,,,,,,,,,,,,,,,,,,,,,,,,,,,,,,,,,,,396.93325219999997,396.94417220000014,396.94417220000014,396.94417220000014,397.128373,None,,,,,,,,,,,,,,,,,,,,,,,,,,,,,,,,P7350,Bar_MIC,10,1,2026-05-15_14h49.41.843,MIC_task,,2026.1.2,60.04138051946148,2026-05-15 14h49.44.746353 +0200,
,,10,0,10,,,,,,,10,b03,fül,ear,2,bodypart,face,6.6,14,19,43,None,"(-0.1, 0.1)",None,,,,,,,,,,,,,,0,0,0,0,0,22,22,22,10,0,10,0,397.14468720000013,,,,,,,,,,,,,,,,,,,,,,,,,,,,,,,,,,,,,,,,,,,,,,,,,,,,,,,,,,,,,,,,,,,,,,,,,,,,,,,,,,,,,,,,,,,,,397.1326650000001,397.14468720000013,397.14468720000013,397.14468720000013,397.3283227000002,None,,,,,,,,,,,,,,,,,,,,,,,,,,,,,,,,P7350,Bar_MIC,10,1,2026-05-15_14h49.41.843,MIC_task,,2026.1.2,60.04138051946148,2026-05-15 14h49.44.746353 +0200,
,,11,0,11,,,,,,,10,b03,fül,ear,2,bodypart,face,6.6,14,19,43,None,"(-0.1, 0.1)",None,,,,,,,,,,,,,,0,0,0,0,0,22,22,22,11,0,11,0,397.3453440000003,,,,,,,,,,,,,,,,,,,,,,,,,,,,,,,,,,,,,,,,,,,,,,,,,,,,,,,,,,,,,,,,,,,,,,,,,,,,,,,,,,,,,,,,,,,,,397.33298160000004,397.3453440000003,397.3453440000003,397.3453440000003,397.5279667,None,,,,,,,,,,,,,,,,,,,,,,,,,,,,,,,,P7350,Bar_MIC,10,1,2026-05-15_14h49.41.843,MIC_task,,2026.1.2,60.04138051946148,2026-05-15 14h49.44.746353 +0200,
,,12,0,12,,,,,,,10,b03,fül,ear,2,bodypart,face,6.6,14,19,43,None,"(-0.1, 0.1)",None,,,,,,,,,,,,,,0,0,0,0,0,22,22,22,12,0,12,0,397.5444940000002,,,,,,,,,,,,,,,,,,,,,,,,,,,,,,,,,,,,,,,,,,,,,,,,,,,,,,,,,,,,,,,,,,,,,,,,,,,,,,,,,,,,,,,,,,,,,397.53242690000025,397.5444940000002,397.5444940000002,397.5444940000002,397.7282405000001,None,,,,,,,,,,,,,,,,,,,,,,,,,,,,,,,,P7350,Bar_MIC,10,1,2026-05-15_14h49.41.843,MIC_task,,2026.1.2,60.04138051946148,2026-05-15 14h49.44.746353 +0200,
,,13,0,13,,,,,,,10,b03,fül,ear,2,bodypart,face,6.6,14,19,43,None,"(-0.1, 0.1)",None,,,,,,,,,,,,,,0,0,0,0,0,22,22,22,13,0,13,0,397.7453085000002,,,,,,,,,,,,,,,,,,,,,,,,,,,,,,,,,,,,,,,,,,,,,,,,,,,,,,,,,,,,,,,,,,,,,,,,,,,,,,,,,,,,,,,,,,,,,397.7326323000002,397.7453085000002,397.7453085000002,397.7453085000002,397.92861740000035,None,,,,,,,,,,,,,,,,,,,,,,,,,,,,,,,,P7350,Bar_MIC,10,1,2026-05-15_14h49.41.843,MIC_task,,2026.1.2,60.04138051946148,2026-05-15 14h49.44.746353 +0200,
,,14,0,14,,,,,,,10,b03,fül,ear,2,bodypart,face,6.6,14,19,43,None,"(-0.1, 0.1)",None,,,,,,,,,,,,,,0,0,0,0,0,22,22,22,14,0,14,0,397.94521090000035,,,,,,,,,,,,,,,,,,,,,,,,,,,,,,,,,,,,,,,,,,,,,,,,,,,,,,,,,,,,,,,,,,,,,,,,,,,,,,,,,,,,,,,,,,,,,397.93308049999996,397.94521090000035,397.94521090000035,397.94521090000035,398.12918720000016,None,,,,,,,,,,,,,,,,,,,,,,,,,,,,,,,,P7350,Bar_MIC,10,1,2026-05-15_14h49.41.843,MIC_task,,2026.1.2,60.04138051946148,2026-05-15 14h49.44.746353 +0200,
,,15,0,15,,,,,,,10,b03,fül,ear,2,bodypart,face,6.6,14,19,43,None,"(-0.1, 0.1)",None,,,,,,,,,,,,,,0,0,0,0,0,22,22,22,15,0,15,0,398.14564670000027,,,,,,,,,,,,,,,,,,,,,,,,,,,,,,,,,,,,,,,,,,,,,,,,,,,,,,,,,,,,,,,,,,,,,,,,,,,,,,,,,,,,,,,,,,,,,398.1342482,398.14564670000027,398.14564670000027,398.14564670000027,398.3294272000003,None,,,,,,,,,,,,,,,,,,,,,,,,,,,,,,,,P7350,Bar_MIC,10,1,2026-05-15_14h49.41.843,MIC_task,,2026.1.2,60.04138051946148,2026-05-15 14h49.44.746353 +0200,
,,16,0,16,,,,,,,10,b03,fül,ear,2,bodypart,face,6.6,14,19,43,None,"(-0.1, 0.1)",None,,,,,,,,,,,,,,0,0,0,0,0,22,22,22,16,0,16,0,398.34604320000017,,,,,,,,,,,,,,,,,,,,,,,,,,,,,,,,,,,,,,,,,,,,,,,,,,,,,,,,,,,,,,,,,,,,,,,,,,,,,,,,,,,,,,,,,,,,,398.3339871000003,398.34604320000017,398.34604320000017,398.34604320000017,398.5300717,None,,,,,,,,,,,,,,,,,,,,,,,,,,,,,,,,P7350,Bar_MIC,10,1,2026-05-15_14h49.41.843,MIC_task,,2026.1.2,60.04138051946148,2026-05-15 14h49.44.746353 +0200,
,,17,0,17,,,,,,,10,b03,fül,ear,2,bodypart,face,6.6,14,19,43,None,"(-0.1, 0.1)",None,,,,,,,,,,,,,,0,0,0,0,0,22,22,22,17,0,17,0,398.546601,,,,,,,,,,,,,,,,,,,,,,,,,,,,,,,,,,,,,,,,,,,,,,,,,,,,,,,,,,,,,,,,,,,,,,,,,,,,,,,,,,,,,,,,,,,,,398.5346333000002,398.546601,398.546601,398.546601,398.7308871,None,,,,,,,,,,,,,,,,,,,,,,,,,,,,,,,,P7350,Bar_MIC,10,1,2026-05-15_14h49.41.843,MIC_task,,2026.1.2,60.04138051946148,2026-05-15 14h49.44.746353 +0200,
,,18,0,18,,,,,,,10,b03,fül,ear,2,bodypart,face,6.6,14,19,43,None,"(-0.1, 0.1)",None,,,,,,,,,,,,,,0,0,0,0,0,22,22,22,18,0,18,0,398.7472796000002,,,,,,,,,,,,,,,,,,,,,,,,,,,,,,,,,,,,,,,,,,,,,,,,,,,,,,,,,,,,,,,,,,,,,,,,,,,,,,,,,,,,,,,,,,,,,398.7357914000004,398.7472796000002,398.7472796000002,398.7472796000002,398.9325898000002,None,,,,,,,,,,,,,,,,,,,,,,,,,,,,,,,,P7350,Bar_MIC,10,1,2026-05-15_14h49.41.843,MIC_task,,2026.1.2,60.04138051946148,2026-05-15 14h49.44.746353 +0200,
,,19,0,19,,,,,,,10,b03,fül,ear,2,bodypart,face,6.6,14,19,43,None,"(-0.1, 0.1)",None,,,,,,,,,,,,,,0,0,0,0,0,22,22,22,19,0,19,0,398.9473869000003,,,,,,,,,,,,,,,,,,,,,,,,,,,,,,,,,,,,,,,,,,,,,,,,,,,,,,,,,,,,,,,,,,,,,,,,,,,,,,,,,,,,,,,,,,,,,398.93694000000005,398.9473869000003,398.9473869000003,398.9473869000003,399.13090200000033,None,,,,,,,,,,,,,,,,,,,,,,,,,,,,,,,,P7350,Bar_MIC,10,1,2026-05-15_14h49.41.843,MIC_task,,2026.1.2,60.04138051946148,2026-05-15 14h49.44.746353 +0200,
,,20,0,20,,,,,,,10,b03,fül,ear,2,bodypart,face,6.6,14,19,43,None,"(-0.1, 0.1)",None,,,,,,,,,,,,,,0,0,0,0,0,22,22,22,20,0,20,0,399.1474839000002,,,,,,,,,,,,,,,,,,,,,,,,,,,,,,,,,,,,,,,,,,,,,,,,,,,,,,,,,,,,,,,,,,,,,,,,,,,,,,,,,,,,,,,,,,,,,399.1359802000002,399.1474839000002,399.1474839000002,399.1474839000002,399.3313396000003,None,,,,,,,,,,,,,,,,,,,,,,,,,,,,,,,,P7350,Bar_MIC,10,1,2026-05-15_14h49.41.843,MIC_task,,2026.1.2,60.04138051946148,2026-05-15 14h49.44.746353 +0200,
,,21,0,21,,,,,,,10,b03,fül,ear,2,bodypart,face,6.6,14,19,43,None,"(-0.1, 0.1)",None,,,,,,,,,,,,,,0,0,0,0,0,22,22,22,21,0,21,0,399.3470499,,,,,,,,,,,,,,,,,,,,,,,,,,,,,,,,,,,,,,,,,,,,,,,,,,,,,,,,,,,,,,,,,,,,,,,,,,,,,,,,,,,,,,,,,,,,,399.3359211000002,399.3470499,399.3470499,399.3470499,399.5308278000002,None,,,,,,,,,,,,,,,,,,,,,,,,,,,,,,,,P7350,Bar_MIC,10,1,2026-05-15_14h49.41.843,MIC_task,,2026.1.2,60.04138051946148,2026-05-15 14h49.44.746353 +0200,
,,22,0,22,,,,,,,10,b03,fül,ear,2,bodypart,face,6.6,14,19,43,None,"(-0.1, 0.1)",None,,,,,,,,,,,,,,0,0,0,0,0,22,22,22,22,0,22,0,399.54747510000016,,,,,,,,,,,,,,,,,,,,,,,,,,,,,,,,,,,,,,,,,,,,,,,,,,,,,,,,,,,,,,,,,,,,,,,,,,,,,,,,,,,,,,,,,,,,,399.53528860000006,399.54747510000016,399.54747510000016,399.54747510000016,399.73123140000007,None,,,,,,,,,,,,,,,,,,,,,,,,,,,,,,,,P7350,Bar_MIC,10,1,2026-05-15_14h49.41.843,MIC_task,,2026.1.2,60.04138051946148,2026-05-15 14h49.44.746353 +0200,
,,23,0,23,,,,,,,10,b03,fül,ear,2,bodypart,face,6.6,14,19,43,None,"(-0.1, 0.1)",None,,,,,,,,,,,,,,0,0,0,0,0,22,22,22,23,0,23,0,399.7478106000003,,,,,,,,,,,,,,,,,,,,,,,,,,,,,,,,,,,,,,,,,,,,,,,,,,,,,,,,,,,,,,,,,,,,,,,,,,,,,,,,,,,,,,,,,,,,,399.7356928000004,399.7478106000003,399.7478106000003,399.7478106000003,399.93174590000035,None,,,,,,,,,,,,,,,,,,,,,,,,,,,,,,,,P7350,Bar_MIC,10,1,2026-05-15_14h49.41.843,MIC_task,,2026.1.2,60.04138051946148,2026-05-15 14h49.44.746353 +0200,
,,24,0,24,,,,,,,10,b03,fül,ear,2,bodypart,face,6.6,14,19,43,None,"(-0.1, 0.1)",None,,,,,,,,,,,,,,0,0,0,0,0,22,22,22,24,0,24,0,399.9482103,,,,,,,,,,,,,,,,,,,,,,,,,,,,,,,,,,,,,,,,,,,,,,,,,,,,,,,,,,,,,,,,,,,,,,,,,,,,,,,,,,,,,,,,,,,,,399.9364615000004,399.9482103,399.9482103,399.9482103,400.1321393000003,None,,,,,,,,,,,,,,,,,,,,,,,,,,,,,,,,P7350,Bar_MIC,10,1,2026-05-15_14h49.41.843,MIC_task,,2026.1.2,60.04138051946148,2026-05-15 14h49.44.746353 +0200,
,,25,0,25,,,,,,,10,b03,fül,ear,2,bodypart,face,6.6,14,19,43,None,"(-0.1, 0.1)",None,,,,,,,,,,,,,,0,0,0,0,0,22,22,22,25,0,25,0,400.1489451000002,,,,,,,,,,,,,,,,,,,,,,,,,,,,,,,,,,,,,,,,,,,,,,,,,,,,,,,,,,,,,,,,,,,,,,,,,,,,,,,,,,,,,,,,,,,,,400.136614,400.1489451000002,400.1489451000002,400.1489451000002,400.33240790000036,None,,,,,,,,,,,,,,,,,,,,,,,,,,,,,,,,P7350,Bar_MIC,10,1,2026-05-15_14h49.41.843,MIC_task,,2026.1.2,60.04138051946148,2026-05-15 14h49.44.746353 +0200,
,,26,0,26,,,,,,,10,b03,fül,ear,2,bodypart,face,6.6,14,19,43,None,"(-0.1, 0.1)",None,,,,,,,,,,,,,,0,0,0,0,0,22,22,22,26,0,26,0,400.34903810000014,,,,,,,,,,,,,,,,,,,,,,,,,,,,,,,,,,,,,,,,,,,,,,,,,,,,,,,,,,,,,,,,,,,,,,,,,,,,,,,,,,,,,,,,,,,,,400.3370394000003,400.34903810000014,400.34903810000014,400.34903810000014,400.53717589999997,None,,,,,,,,,,,,,,,,,,,,,,,,,,,,,,,,P7350,Bar_MIC,10,1,2026-05-15_14h49.41.843,MIC_task,,2026.1.2,60.04138051946148,2026-05-15 14h49.44.746353 +0200,
,,27,0,27,,,,,,,10,b03,fül,ear,2,bodypart,face,6.6,14,19,43,None,"(-0.1, 0.1)",None,,,,,,,,,,,,,,0,0,0,0,0,22,22,22,27,0,27,0,400.5479429000002,,,,,,,,,,,,,,,,,,,,,,,,,,,,,,,,,,,,,,,,,,,,,,,,,,,,,,,,,,,,,,,,,,,,,,,,,,,,,,,,,,,,,,,,,,,,,400.5413688000003,400.5479429000002,400.5479429000002,400.5479429000002,400.73348840000017,None,,,,,,,,,,,,,,,,,,,,,,,,,,,,,,,,P7350,Bar_MIC,10,1,2026-05-15_14h49.41.843,MIC_task,,2026.1.2,60.04138051946148,2026-05-15 14h49.44.746353 +0200,
,,28,0,28,,,,,,,10,b03,fül,ear,2,bodypart,face,6.6,14,19,43,None,"(-0.1, 0.1)",None,,,,,,,,,,,,,,0,0,0,0,0,22,22,22,28,0,28,0,400.74972860000025,,,,,,,,,,,,,,,,,,,,,,,,,,,,,,,,,,,,,,,,,,,,,,,,,,,,,,,,,,,,,,,,,,,,,,,,,,,,,,,,,,,,,,,,,,,,,400.7377424000001,400.74972860000025,400.74972860000025,400.74972860000025,400.9344967000002,None,,,,,,,,,,,,,,,,,,,,,,,,,,,,,,,,P7350,Bar_MIC,10,1,2026-05-15_14h49.41.843,MIC_task,,2026.1.2,60.04138051946148,2026-05-15 14h49.44.746353 +0200,
,,29,0,29,,,,,,,10,b03,fül,ear,2,bodypart,face,6.6,14,19,43,None,"(-0.1, 0.1)",None,,,,,,,,,,,,,,0,0,0,0,0,22,22,22,29,0,29,0,400.95003380000026,,,,,,,,,,,,,,,,,,,,,,,,,,,,,,,,,,,,,,,,,,,,,,,,,,,,,,,,,,,,,,,,,,,,,,,,,,,,,,,,,,,,,,,,,,,,,400.9388065000003,400.95003380000026,400.95003380000026,400.95003380000026,401.13490500000034,None,,,,,,,,,,,,,,,,,,,,,,,,,,,,,,,,P7350,Bar_MIC,10,1,2026-05-15_14h49.41.843,MIC_task,,2026.1.2,60.04138051946148,2026-05-15 14h49.44.746353 +0200,
,,30,0,30,,,,,,,10,b03,fül,ear,2,bodypart,face,6.6,14,19,43,None,"(-0.1, 0.1)",None,,,,,,,,,,,,,,0,0,0,0,0,22,22,22,30,0,30,0,401.15110200000026,,,,,,,,,,,,,,,,,,,,,,,,,,,,,,,,,,,,,,,,,,,,,,,,,,,,,,,,,,,,,,,,,,,,,,,,,,,,,,,,,,,,,,,,,,,,,401.1394099000004,401.15110200000026,401.15110200000026,401.15110200000026,401.3344545,None,,,,,,,,,,,,,,,,,,,,,,,,,,,,,,,,P7350,Bar_MIC,10,1,2026-05-15_14h49.41.843,MIC_task,,2026.1.2,60.04138051946148,2026-05-15 14h49.44.746353 +0200,
,,31,0,31,,,,,,,10,b03,fül,ear,2,bodypart,face,6.6,14,19,43,None,"(-0.1, 0.1)",None,,,,,,,,,,,,,,0,0,0,0,0,22,22,22,31,0,31,0,401.3509674000002,,,,,,,,,,,,,,,,,,,,,,,,,,,,,,,,,,,,,,,,,,,,,,,,,,,,,,,,,,,,,,,,,,,,,,,,,,,,,,,,,,,,,,,,,,,,,401.33883330000026,401.3509674000002,401.3509674000002,401.3509674000002,401.53546140000026,None,,,,,,,,,,,,,,,,,,,,,,,,,,,,,,,,P7350,Bar_MIC,10,1,2026-05-15_14h49.41.843,MIC_task,,2026.1.2,60.04138051946148,2026-05-15 14h49.44.746353 +0200,
,,32,0,32,,,,,,,10,b03,fül,ear,2,bodypart,face,6.6,14,19,43,None,"(-0.1, 0.1)",None,,,,,,,,,,,,,,0,0,0,0,0,22,22,22,32,0,32,0,401.5513618,,,,,,,,,,,,,,,,,,,,,,,,,,,,,,,,,,,,,,,,,,,,,,,,,,,,,,,,,,,,,,,,,,,,,,,,,,,,,,,,,,,,,,,,,,,,,401.5394677000004,401.5513618,401.5513618,401.5513618,401.7352089000001,None,,,,,,,,,,,,,,,,,,,,,,,,,,,,,,,,P7350,Bar_MIC,10,1,2026-05-15_14h49.41.843,MIC_task,,2026.1.2,60.04138051946148,2026-05-15 14h49.44.746353 +0200,
,,33,0,33,,,,,,,10,b03,fül,ear,2,bodypart,face,6.6,14,19,43,None,"(-0.1, 0.1)",space,0.09627929999987828,None,,,,,,,,,,,,0,0,0,0,0,22,22,22,33,0,33,0,401.7509398000002,,,,,,,,,,,,,,,,,,,,,,,,,,,,,,,,,,,,,,,,,,,,,,,,,,,,,,,,,,,,,,,,,,,,,,,,,,,,,,,,,,,,,,,,,,,,,401.7394086000004,401.7509398000002,401.7509398000002,401.7509398000002,401.8528126000001,space,0.09627929999987828,None,,,,,,,,,,,,,,,,,,,,,,,,,,,,,,P7350,Bar_MIC,10,1,2026-05-15_14h49.41.843,MIC_task,,2026.1.2,60.04138051946148,2026-05-15 14h49.44.746353 +0200,
,,22,22,0,,,,space,0.26091679999990447,None,10,b03,fül,ear,2,bodypart,face,6.6,14,19,43,None,"(-0.1, 0.1)",,,,,,,,,,,,,,,0,0,0,0,0,22,22,22,,,,,,,,,,,,,,,,,,,,,,,,,,,,,,,,,,,,,,,,,,,,,,,,,,,,,,,,,,,,,,,,,,,,,,,,,,,,,,,,,401.94750680000016,401.95554010000023,401.9514648,403.85485430000017,,,,,,405.8577618000004,405.8742708,405.8742708,406.14292190000015,,,,,,,,,,,,,403.88340990000006,403.89113,403.8880115333336,405.77452700000003,405.8576908,space,0.26091679999990447,None,,,,,,,,,,,,,,,,,,,,,,P7350,Bar_MIC,10,1,2026-05-15_14h49.41.843,MIC_task,,2026.1.2,60.04138051946148,2026-05-15 14h49.44.746353 +0200,
,,0,0,0,,,,,,,10,f26,méz,honey,4,food,sweets,7,51,None,65,None,"(0, -0.1)",None,,,,,,,,,,,,,,0,0,0,0,0,23,23,23,0,0,0,0,406.1746844000004,,,,,,,,,,,,,,,,,,,,,,,,,,,,,,,,,,,,,,,,,,,,,,,,,,,,,,,,,,,,,,,,,,,,,,,,,,,,,,,,,,,,,,,,,,,,,406.16724190000014,406.1746844000004,406.1746844000004,406.1746844000004,406.3433191000004,None,,,,,,,,,,,,,,,,,,,,,,,,,,,,,,,,P7350,Bar_MIC,10,1,2026-05-15_14h49.41.843,MIC_task,,2026.1.2,60.04138051946148,2026-05-15 14h49.44.746353 +0200,
,,0,0,0,,,,,,,10,f26,méz,honey,4,food,sweets,7,51,None,65,None,"(0, -0.1)",None,,,,,,,,,,,,,,0,0,0,0,0,23,23,23,0,0,0,0,406.3578518000004,,,,,,,,,,,,,,,,,,,,,,,,,,,,,,,,,,,,,,,,,,,,,,,,,,,,,,,,,,,,,,,,,,,,,,,,,,,,,,,,,,,,,,,,,,,,,406.3482210000002,406.3578518000004,406.3578518000004,406.3578518000004,406.5422901000002,None,,,,,,,,,,,406.5585318000003,406.5585318000003,406.5585318000003,,,,,,,,,,,,,,,,,,,P7350,Bar_MIC,10,1,2026-05-15_14h49.41.843,MIC_task,,2026.1.2,60.04138051946148,2026-05-15 14h49.44.746353 +0200,
,,1,0,1,,,,,,,10,f26,méz,honey,4,food,sweets,7,51,None,65,None,"(0, -0.1)",None,,,,,,,,,,,,,,0,0,0,0,0,23,23,23,1,0,1,0,406.5585318000003,,,,,,,,,,,,,,,,,,,,,,,,,,,,,,,,,,,,,,,,,,,,,,,,,,,,,,,,,,,,,,,,,,,,,,,,,,,,,,,,,,,,,,,,,,,,,406.5469489000002,406.5585318000003,406.5585318000003,406.5585318000003,406.74305700000014,None,,,,,,,,,,,406.7589055000003,406.7589055000003,406.7589055000003,,,,,,,,,,,,,,,,,,,P7350,Bar_MIC,10,1,2026-05-15_14h49.41.843,MIC_task,,2026.1.2,60.04138051946148,2026-05-15 14h49.44.746353 +0200,
,,2,0,2,,,,,,,10,f26,méz,honey,4,food,sweets,7,51,None,65,None,"(0, -0.1)",None,,,,,,,,,,,,,,0,0,0,0,0,23,23,23,2,0,2,0,406.7589055000003,,,,,,,,,,,,,,,,,,,,,,,,,,,,,,,,,,,,,,,,,,,,,,,,,,,,,,,,,,,,,,,,,,,,,,,,,,,,,,,,,,,,,,,,,,,,,406.7475571,406.7589055000003,406.7589055000003,406.7589055000003,406.94369940000024,None,,,,,,,,,,,,,,,,,,,,,,,,,,,,,,,,P7350,Bar_MIC,10,1,2026-05-15_14h49.41.843,MIC_task,,2026.1.2,60.04138051946148,2026-05-15 14h49.44.746353 +0200,
,,3,0,3,,,,,,,10,f26,méz,honey,4,food,sweets,7,51,None,65,None,"(0, -0.1)",None,,,,,,,,,,,,,,0,0,0,0,0,23,23,23,3,0,3,0,406.9590889000001,,,,,,,,,,,,,,,,,,,,,,,,,,,,,,,,,,,,,,,,,,,,,,,,,,,,,,,,,,,,,,,,,,,,,,,,,,,,,,,,,,,,,,,,,,,,,406.94873700000016,406.9590889000001,406.9590889000001,406.9590889000001,407.1437057000003,None,,,,,,,,,,,,,,,,,,,,,,,,,,,,,,,,P7350,Bar_MIC,10,1,2026-05-15_14h49.41.843,MIC_task,,2026.1.2,60.04138051946148,2026-05-15 14h49.44.746353 +0200,
,,4,0,4,,,,,,,10,f26,méz,honey,4,food,sweets,7,51,None,65,None,"(0, -0.1)",None,,,,,,,,,,,,,,0,0,0,0,0,23,23,23,4,0,4,0,407.1595784000001,,,,,,,,,,,,,,,,,,,,,,,,,,,,,,,,,,,,,,,,,,,,,,,,,,,,,,,,,,,,,,,,,,,,,,,,,,,,,,,,,,,,,,,,,,,,,407.14865340000006,407.1595784000001,407.1595784000001,407.1595784000001,407.3435007000003,None,,,,,,,,,,,,,,,,,,,,,,,,,,,,,,,,P7350,Bar_MIC,10,1,2026-05-15_14h49.41.843,MIC_task,,2026.1.2,60.04138051946148,2026-05-15 14h49.44.746353 +0200,
,,5,0,5,,,,,,,10,f26,méz,honey,4,food,sweets,7,51,None,65,None,"(0, -0.1)",None,,,,,,,,,,,,,,0,0,0,0,0,23,23,23,5,0,5,0,407.3598928000001,,,,,,,,,,,,,,,,,,,,,,,,,,,,,,,,,,,,,,,,,,,,,,,,,,,,,,,,,,,,,,,,,,,,,,,,,,,,,,,,,,,,,,,,,,,,,407.34843820000015,407.3598928000001,407.3598928000001,407.3598928000001,407.5435759000002,None,,,,,,,,,,,,,,,,,,,,,,,,,,,,,,,,P7350,Bar_MIC,10,1,2026-05-15_14h49.41.843,MIC_task,,2026.1.2,60.04138051946148,2026-05-15 14h49.44.746353 +0200,
,,6,0,6,,,,,,,10,f26,méz,honey,4,food,sweets,7,51,None,65,None,"(0, -0.1)",None,,,,,,,,,,,,,,0,0,0,0,0,23,23,23,6,0,6,0,407.56014010000035,,,,,,,,,,,,,,,,,,,,,,,,,,,,,,,,,,,,,,,,,,,,,,,,,,,,,,,,,,,,,,,,,,,,,,,,,,,,,,,,,,,,,,,,,,,,,407.5485660000004,407.56014010000035,407.56014010000035,407.56014010000035,407.74480330000006,None,,,,,,,,,,,,,,,,,,,,,,,,,,,,,,,,P7350,Bar_MIC,10,1,2026-05-15_14h49.41.843,MIC_task,,2026.1.2,60.04138051946148,2026-05-15 14h49.44.746353 +0200,
,,7,0,7,,,,,,,10,f26,méz,honey,4,food,sweets,7,51,None,65,None,"(0, -0.1)",None,,,,,,,,,,,,,,0,0,0,0,0,23,23,23,7,0,7,0,407.7611151000001,,,,,,,,,,,,,,,,,,,,,,,,,,,,,,,,,,,,,,,,,,,,,,,,,,,,,,,,,,,,,,,,,,,,,,,,,,,,,,,,,,,,,,,,,,,,,407.74960710000005,407.7611151000001,407.7611151000001,407.7611151000001,407.9445227000001,None,,,,,,,,,,,,,,,,,,,,,,,,,,,,,,,,P7350,Bar_MIC,10,1,2026-05-15_14h49.41.843,MIC_task,,2026.1.2,60.04138051946148,2026-05-15 14h49.44.746353 +0200,
,,8,0,8,,,,,,,10,f26,méz,honey,4,food,sweets,7,51,None,65,None,"(0, -0.1)",None,,,,,,,,,,,,,,0,0,0,0,0,23,23,23,8,0,8,0,407.9609045000002,,,,,,,,,,,,,,,,,,,,,,,,,,,,,,,,,,,,,,,,,,,,,,,,,,,,,,,,,,,,,,,,,,,,,,,,,,,,,,,,,,,,,,,,,,,,,407.94925390000026,407.9609045000002,407.9609045000002,407.9609045000002,408.14565340000036,None,,,,,,,,,,,,,,,,,,,,,,,,,,,,,,,,P7350,Bar_MIC,10,1,2026-05-15_14h49.41.843,MIC_task,,2026.1.2,60.04138051946148,2026-05-15 14h49.44.746353 +0200,
,,9,0,9,,,,,,,10,f26,méz,honey,4,food,sweets,7,51,None,65,None,"(0, -0.1)",None,,,,,,,,,,,,,,0,0,0,0,0,23,23,23,9,0,9,0,408.1613543000003,,,,,,,,,,,,,,,,,,,,,,,,,,,,,,,,,,,,,,,,,,,,,,,,,,,,,,,,,,,,,,,,,,,,,,,,,,,,,,,,,,,,,,,,,,,,,408.15002900000036,408.1613543000003,408.1613543000003,408.1613543000003,408.3450705,None,,,,,,,,,,,,,,,,,,,,,,,,,,,,,,,,P7350,Bar_MIC,10,1,2026-05-15_14h49.41.843,MIC_task,,2026.1.2,60.04138051946148,2026-05-15 14h49.44.746353 +0200,
,,10,0,10,,,,,,,10,f26,méz,honey,4,food,sweets,7,51,None,65,None,"(0, -0.1)",None,,,,,,,,,,,,,,0,0,0,0,0,23,23,23,10,0,10,0,408.3609588000004,,,,,,,,,,,,,,,,,,,,,,,,,,,,,,,,,,,,,,,,,,,,,,,,,,,,,,,,,,,,,,,,,,,,,,,,,,,,,,,,,,,,,,,,,,,,,408.34959340000023,408.3609588000004,408.3609588000004,408.3609588000004,408.5455715000003,None,,,,,,,,,,,,,,,,,,,,,,,,,,,,,,,,P7350,Bar_MIC,10,1,2026-05-15_14h49.41.843,MIC_task,,2026.1.2,60.04138051946148,2026-05-15 14h49.44.746353 +0200,
,,11,0,11,,,,,,,10,f26,méz,honey,4,food,sweets,7,51,None,65,None,"(0, -0.1)",None,,,,,,,,,,,,,,0,0,0,0,0,23,23,23,11,0,11,0,408.5628832000002,,,,,,,,,,,,,,,,,,,,,,,,,,,,,,,,,,,,,,,,,,,,,,,,,,,,,,,,,,,,,,,,,,,,,,,,,,,,,,,,,,,,,,,,,,,,,408.55035829999997,408.5628832000002,408.5628832000002,408.5628832000002,408.74497870000005,None,,,,,,,,,,,,,,,,,,,,,,,,,,,,,,,,P7350,Bar_MIC,10,1,2026-05-15_14h49.41.843,MIC_task,,2026.1.2,60.04138051946148,2026-05-15 14h49.44.746353 +0200,
,,12,0,12,,,,,,,10,f26,méz,honey,4,food,sweets,7,51,None,65,None,"(0, -0.1)",None,,,,,,,,,,,,,,0,0,0,0,0,23,23,23,12,0,12,0,408.76163180000003,,,,,,,,,,,,,,,,,,,,,,,,,,,,,,,,,,,,,,,,,,,,,,,,,,,,,,,,,,,,,,,,,,,,,,,,,,,,,,,,,,,,,,,,,,,,,408.74992090000023,408.76163180000003,408.76163180000003,408.76163180000003,408.9454268000004,None,,,,,,,,,,,,,,,,,,,,,,,,,,,,,,,,P7350,Bar_MIC,10,1,2026-05-15_14h49.41.843,MIC_task,,2026.1.2,60.04138051946148,2026-05-15 14h49.44.746353 +0200,
,,13,0,13,,,,,,,10,f26,méz,honey,4,food,sweets,7,51,None,65,None,"(0, -0.1)",None,,,,,,,,,,,,,,0,0,0,0,0,23,23,23,13,0,13,0,408.96342700000014,,,,,,,,,,,,,,,,,,,,,,,,,,,,,,,,,,,,,,,,,,,,,,,,,,,,,,,,,,,,,,,,,,,,,,,,,,,,,,,,,,,,,,,,,,,,,408.9498923000001,408.96342700000014,408.96342700000014,408.96342700000014,409.14576080000006,None,,,,,,,,,,,,,,,,,,,,,,,,,,,,,,,,P7350,Bar_MIC,10,1,2026-05-15_14h49.41.843,MIC_task,,2026.1.2,60.04138051946148,2026-05-15 14h49.44.746353 +0200,
,,14,0,14,,,,,,,10,f26,méz,honey,4,food,sweets,7,51,None,65,None,"(0, -0.1)",None,,,,,,,,,,,,,,0,0,0,0,0,23,23,23,14,0,14,0,409.1625785000001,,,,,,,,,,,,,,,,,,,,,,,,,,,,,,,,,,,,,,,,,,,,,,,,,,,,,,,,,,,,,,,,,,,,,,,,,,,,,,,,,,,,,,,,,,,,,409.1504725,409.1625785000001,409.1625785000001,409.1625785000001,409.34622880000006,None,,,,,,,,,,,,,,,,,,,,,,,,,,,,,,,,P7350,Bar_MIC,10,1,2026-05-15_14h49.41.843,MIC_task,,2026.1.2,60.04138051946148,2026-05-15 14h49.44.746353 +0200,
,,15,0,15,,,,,,,10,f26,méz,honey,4,food,sweets,7,51,None,65,None,"(0, -0.1)",None,,,,,,,,,,,,,,0,0,0,0,0,23,23,23,15,0,15,0,409.36278820000007,,,,,,,,,,,,,,,,,,,,,,,,,,,,,,,,,,,,,,,,,,,,,,,,,,,,,,,,,,,,,,,,,,,,,,,,,,,,,,,,,,,,,,,,,,,,,409.3507072000002,409.36278820000007,409.36278820000007,409.36278820000007,409.5464936000003,None,,,,,,,,,,,,,,,,,,,,,,,,,,,,,,,,P7350,Bar_MIC,10,1,2026-05-15_14h49.41.843,MIC_task,,2026.1.2,60.04138051946148,2026-05-15 14h49.44.746353 +0200,
,,16,0,16,,,,,,,10,f26,méz,honey,4,food,sweets,7,51,None,65,None,"(0, -0.1)",None,,,,,,,,,,,,,,0,0,0,0,0,23,23,23,16,0,16,0,409.5632579000003,,,,,,,,,,,,,,,,,,,,,,,,,,,,,,,,,,,,,,,,,,,,,,,,,,,,,,,,,,,,,,,,,,,,,,,,,,,,,,,,,,,,,,,,,,,,,409.5511652,409.5632579000003,409.5632579000003,409.5632579000003,409.7478648000001,None,,,,,,,,,,,,,,,,,,,,,,,,,,,,,,,,P7350,Bar_MIC,10,1,2026-05-15_14h49.41.843,MIC_task,,2026.1.2,60.04138051946148,2026-05-15 14h49.44.746353 +0200,
,,17,0,17,,,,,,,10,f26,méz,honey,4,food,sweets,7,51,None,65,None,"(0, -0.1)",None,,,,,,,,,,,,,,0,0,0,0,0,23,23,23,17,0,17,0,409.76347750000014,,,,,,,,,,,,,,,,,,,,,,,,,,,,,,,,,,,,,,,,,,,,,,,,,,,,,,,,,,,,,,,,,,,,,,,,,,,,,,,,,,,,,,,,,,,,,409.7529894000004,409.76347750000014,409.76347750000014,409.76347750000014,409.9474213000003,None,,,,,,,,,,,,,,,,,,,,,,,,,,,,,,,,P7350,Bar_MIC,10,1,2026-05-15_14h49.41.843,MIC_task,,2026.1.2,60.04138051946148,2026-05-15 14h49.44.746353 +0200,
,,18,0,18,,,,,,,10,f26,méz,honey,4,food,sweets,7,51,None,65,None,"(0, -0.1)",None,,,,,,,,,,,,,,0,0,0,0,0,23,23,23,18,0,18,0,409.96422280000024,,,,,,,,,,,,,,,,,,,,,,,,,,,,,,,,,,,,,,,,,,,,,,,,,,,,,,,,,,,,,,,,,,,,,,,,,,,,,,,,,,,,,,,,,,,,,409.9521245000001,409.96422280000024,409.96422280000024,409.96422280000024,410.14789040000005,None,,,,,,,,,,,,,,,,,,,,,,,,,,,,,,,,P7350,Bar_MIC,10,1,2026-05-15_14h49.41.843,MIC_task,,2026.1.2,60.04138051946148,2026-05-15 14h49.44.746353 +0200,
,,19,0,19,,,,,,,10,f26,méz,honey,4,food,sweets,7,51,None,65,None,"(0, -0.1)",None,,,,,,,,,,,,,,0,0,0,0,0,23,23,23,19,0,19,0,410.16428940000014,,,,,,,,,,,,,,,,,,,,,,,,,,,,,,,,,,,,,,,,,,,,,,,,,,,,,,,,,,,,,,,,,,,,,,,,,,,,,,,,,,,,,,,,,,,,,410.15259960000003,410.16428940000014,410.16428940000014,410.16428940000014,410.34814890000007,None,,,,,,,,,,,,,,,,,,,,,,,,,,,,,,,,P7350,Bar_MIC,10,1,2026-05-15_14h49.41.843,MIC_task,,2026.1.2,60.04138051946148,2026-05-15 14h49.44.746353 +0200,
,,20,0,20,,,,,,,10,f26,méz,honey,4,food,sweets,7,51,None,65,None,"(0, -0.1)",None,,,,,,,,,,,,,,0,0,0,0,0,23,23,23,20,0,20,0,410.36445890000005,,,,,,,,,,,,,,,,,,,,,,,,,,,,,,,,,,,,,,,,,,,,,,,,,,,,,,,,,,,,,,,,,,,,,,,,,,,,,,,,,,,,,,,,,,,,,410.3528102,410.36445890000005,410.36445890000005,410.36445890000005,410.54833480000025,None,,,,,,,,,,,,,,,,,,,,,,,,,,,,,,,,P7350,Bar_MIC,10,1,2026-05-15_14h49.41.843,MIC_task,,2026.1.2,60.04138051946148,2026-05-15 14h49.44.746353 +0200,
,,21,0,21,,,,,,,10,f26,méz,honey,4,food,sweets,7,51,None,65,None,"(0, -0.1)",None,,,,,,,,,,,,,,0,0,0,0,0,23,23,23,21,0,21,0,410.5641875000001,,,,,,,,,,,,,,,,,,,,,,,,,,,,,,,,,,,,,,,,,,,,,,,,,,,,,,,,,,,,,,,,,,,,,,,,,,,,,,,,,,,,,,,,,,,,,410.5531192000003,410.5641875000001,410.5641875000001,410.5641875000001,410.7488037000003,None,,,,,,,,,,,,,,,,,,,,,,,,,,,,,,,,P7350,Bar_MIC,10,1,2026-05-15_14h49.41.843,MIC_task,,2026.1.2,60.04138051946148,2026-05-15 14h49.44.746353 +0200,
,,22,0,22,,,,,,,10,f26,méz,honey,4,food,sweets,7,51,None,65,None,"(0, -0.1)",None,,,,,,,,,,,,,,0,0,0,0,0,23,23,23,22,0,22,0,410.76545520000036,,,,,,,,,,,,,,,,,,,,,,,,,,,,,,,,,,,,,,,,,,,,,,,,,,,,,,,,,,,,,,,,,,,,,,,,,,,,,,,,,,,,,,,,,,,,,410.7534185000004,410.76545520000036,410.76545520000036,410.76545520000036,410.94933960000026,None,,,,,,,,,,,,,,,,,,,,,,,,,,,,,,,,P7350,Bar_MIC,10,1,2026-05-15_14h49.41.843,MIC_task,,2026.1.2,60.04138051946148,2026-05-15 14h49.44.746353 +0200,
,,23,0,23,,,,,,,10,f26,méz,honey,4,food,sweets,7,51,None,65,None,"(0, -0.1)",space,0.13730989999976373,None,,,,,,,,,,,,0,0,0,0,0,23,23,23,23,0,23,0,410.9650856000003,,,,,,,,,,,,,,,,,,,,,,,,,,,,,,,,,,,,,,,,,,,,,,,,,,,,,,,,,,,,,,,,,,,,,,,,,,,,,,,,,,,,,,,,,,,,,410.9541670000003,410.9650856000003,410.9650856000003,410.9650856000003,411.1184615000002,space,0.13730989999976373,None,,,,,,,,,,,,,,,,,,,,,,,,,,,,,,P7350,Bar_MIC,10,1,2026-05-15_14h49.41.843,MIC_task,,2026.1.2,60.04138051946148,2026-05-15 14h49.44.746353 +0200,
,,23,23,0,,,,space,4.052451699999892,None,10,f26,méz,honey,4,food,sweets,7,51,None,65,None,"(0, -0.1)",,,,,,,,,,,,,,,0,0,0,0,0,23,23,23,,,,,,,,,,,,,,,,,,,,,,,,,,,,,,,,,,,,,,,,,,,,,,,,,,,,,,,,,,,,,,,,,,,,,,,,,,,,,,,,,411.2104356,411.21893390000014,411.2169201000002,413.1193935000001,,,,,,415.1231025000002,415.13893240000016,415.13893240000016,419.1962818000002,,,,,,,,,,,,,413.15577180000037,413.1632622000002,413.1691213000002,415.0381053000001,415.12302980000004,space,4.052451699999892,None,,,,,,,,,,,,,,,,,,,,,,P7350,Bar_MIC,10,1,2026-05-15_14h49.41.843,MIC_task,,2026.1.2,60.04138051946148,2026-05-15 14h49.44.746353 +0200,
,,0,0,0,,,,,,,10,ty16,mágnes,magnet,9,toys,gadget,5.6,6,None,73,None,"(0.1, 0.1)",None,,,,,,,,,,,,,,0,0,0,0,0,24,24,24,0,0,0,0,419.2241261000004,,,,,,,,,,,,,,,,,,,,,,,,,,,,,,,,,,,,,,,,,,,,,,,,,,,,,,,,,,,,,,,,,,,,,,,,,,,,,,,,,,,,,,,,,,,,,419.2182617000003,419.2241261000004,419.2241261000004,419.2241261000004,419.41207299999996,None,,,,,,,,,,,,,,,,,,,,,,,,,,,,,,,,P7350,Bar_MIC,10,1,2026-05-15_14h49.41.843,MIC_task,,2026.1.2,60.04138051946148,2026-05-15 14h49.44.746353 +0200,
,,0,0,0,,,,,,,10,ty16,mágnes,magnet,9,toys,gadget,5.6,6,None,73,None,"(0.1, 0.1)",None,,,,,,,,,,,,,,0,0,0,0,0,24,24,24,0,0,0,0,419.4287082000001,,,,,,,,,,,,,,,,,,,,,,,,,,,,,,,,,,,,,,,,,,,,,,,,,,,,,,,,,,,,,,,,,,,,,,,,,,,,,,,,,,,,,,,,,,,,,419.41740210000034,419.4287082000001,419.4287082000001,419.4287082000001,419.5967378,None,,,,,,,,,,,,,,,,,,,,,,,,,,,,,,,,P7350,Bar_MIC,10,1,2026-05-15_14h49.41.843,MIC_task,,2026.1.2,60.04138051946148,2026-05-15 14h49.44.746353 +0200,
,,1,0,1,,,,,,,10,ty16,mágnes,magnet,9,toys,gadget,5.6,6,None,73,None,"(0.1, 0.1)",None,,,,,,,,,,,,,,0,0,0,0,0,24,24,24,1,0,1,0,419.6115989,,,,,,,,,,,,,,,,,,,,,,,,,,,,,,,,,,,,,,,,,,,,,,,,,,,,,,,,,,,,,,,,,,,,,,,,,,,,,,,,,,,,,,,,,,,,,419.60126420000006,419.6115989,419.6115989,419.6115989,419.7969734000003,None,,,,,,,,,,,,,,,,,,,,,,,,,,,,,,,,P7350,Bar_MIC,10,1,2026-05-15_14h49.41.843,MIC_task,,2026.1.2,60.04138051946148,2026-05-15 14h49.44.746353 +0200,
,,2,0,2,,,,,,,10,ty16,mágnes,magnet,9,toys,gadget,5.6,6,None,73,None,"(0.1, 0.1)",None,,,,,,,,,,,,,,0,0,0,0,0,24,24,24,2,0,2,0,419.81191430000035,,,,,,,,,,,,,,,,,,,,,,,,,,,,,,,,,,,,,,,,,,,,,,,,,,,,,,,,,,,,,,,,,,,,,,,,,,,,,,,,,,,,,,,,,,,,,419.8015233000001,419.81191430000035,419.81191430000035,419.81191430000035,419.9963573,None,,,,,,,,,,,420.0122534000002,420.0122534000002,420.0122534000002,,,,,,,,,,,,,,,,,,,P7350,Bar_MIC,10,1,2026-05-15_14h49.41.843,MIC_task,,2026.1.2,60.04138051946148,2026-05-15 14h49.44.746353 +0200,
,,3,0,3,,,,,,,10,ty16,mágnes,magnet,9,toys,gadget,5.6,6,None,73,None,"(0.1, 0.1)",None,,,,,,,,,,,,,,0,0,0,0,0,24,24,24,3,0,3,0,420.0122534000002,,,,,,,,,,,,,,,,,,,,,,,,,,,,,,,,,,,,,,,,,,,,,,,,,,,,,,,,,,,,,,,,,,,,,,,,,,,,,,,,,,,,,,,,,,,,,420.00094130000025,420.0122534000002,420.0122534000002,420.0122534000002,420.19667830000026,None,,,,,,,,,,,,,,,,,,,,,,,,,,,,,,,,P7350,Bar_MIC,10,1,2026-05-15_14h49.41.843,MIC_task,,2026.1.2,60.04138051946148,2026-05-15 14h49.44.746353 +0200,
,,4,0,4,,,,,,,10,ty16,mágnes,magnet,9,toys,gadget,5.6,6,None,73,None,"(0.1, 0.1)",None,,,,,,,,,,,,,,0,0,0,0,0,24,24,24,4,0,4,0,420.2127432000002,,,,,,,,,,,,,,,,,,,,,,,,,,,,,,,,,,,,,,,,,,,,,,,,,,,,,,,,,,,,,,,,,,,,,,,,,,,,,,,,,,,,,,,,,,,,,420.20117340000024,420.2127432000002,420.2127432000002,420.2127432000002,420.3976627000002,None,,,,,,,,,,,,,,,,,,,,,,,,,,,,,,,,P7350,Bar_MIC,10,1,2026-05-15_14h49.41.843,MIC_task,,2026.1.2,60.04138051946148,2026-05-15 14h49.44.746353 +0200,
,,5,0,5,,,,,,,10,ty16,mágnes,magnet,9,toys,gadget,5.6,6,None,73,None,"(0.1, 0.1)",None,,,,,,,,,,,,,,0,0,0,0,0,24,24,24,5,0,5,0,420.41303590000007,,,,,,,,,,,,,,,,,,,,,,,,,,,,,,,,,,,,,,,,,,,,,,,,,,,,,,,,,,,,,,,,,,,,,,,,,,,,,,,,,,,,,,,,,,,,,420.4021041000001,420.41303590000007,420.41303590000007,420.41303590000007,420.5968323000002,None,,,,,,,,,,,,,,,,,,,,,,,,,,,,,,,,P7350,Bar_MIC,10,1,2026-05-15_14h49.41.843,MIC_task,,2026.1.2,60.04138051946148,2026-05-15 14h49.44.746353 +0200,
,,6,0,6,,,,,,,10,ty16,mágnes,magnet,9,toys,gadget,5.6,6,None,73,None,"(0.1, 0.1)",None,,,,,,,,,,,,,,0,0,0,0,0,24,24,24,6,0,6,0,420.61340870000004,,,,,,,,,,,,,,,,,,,,,,,,,,,,,,,,,,,,,,,,,,,,,,,,,,,,,,,,,,,,,,,,,,,,,,,,,,,,,,,,,,,,,,,,,,,,,420.60143930000004,420.61340870000004,420.61340870000004,420.61340870000004,420.7972980000004,None,,,,,,,,,,,,,,,,,,,,,,,,,,,,,,,,P7350,Bar_MIC,10,1,2026-05-15_14h49.41.843,MIC_task,,2026.1.2,60.04138051946148,2026-05-15 14h49.44.746353 +0200,
,,7,0,7,,,,,,,10,ty16,mágnes,magnet,9,toys,gadget,5.6,6,None,73,None,"(0.1, 0.1)",None,,,,,,,,,,,,,,0,0,0,0,0,24,24,24,7,0,7,0,420.81376850000015,,,,,,,,,,,,,,,,,,,,,,,,,,,,,,,,,,,,,,,,,,,,,,,,,,,,,,,,,,,,,,,,,,,,,,,,,,,,,,,,,,,,,,,,,,,,,420.80229780000036,420.81376850000015,420.81376850000015,420.81376850000015,420.9984086000004,None,,,,,,,,,,,,,,,,,,,,,,,,,,,,,,,,P7350,Bar_MIC,10,1,2026-05-15_14h49.41.843,MIC_task,,2026.1.2,60.04138051946148,2026-05-15 14h49.44.746353 +0200,
,,8,0,8,,,,,,,10,ty16,mágnes,magnet,9,toys,gadget,5.6,6,None,73,None,"(0.1, 0.1)",None,,,,,,,,,,,,,,0,0,0,0,0,24,24,24,8,0,8,0,421.01462500000025,,,,,,,,,,,,,,,,,,,,,,,,,,,,,,,,,,,,,,,,,,,,,,,,,,,,,,,,,,,,,,,,,,,,,,,,,,,,,,,,,,,,,,,,,,,,,421.00324260000025,421.01462500000025,421.01462500000025,421.01462500000025,421.1978667000003,None,,,,,,,,,,,,,,,,,,,,,,,,,,,,,,,,P7350,Bar_MIC,10,1,2026-05-15_14h49.41.843,MIC_task,,2026.1.2,60.04138051946148,2026-05-15 14h49.44.746353 +0200,
,,9,0,9,,,,,,,10,ty16,mágnes,magnet,9,toys,gadget,5.6,6,None,73,None,"(0.1, 0.1)",None,,,,,,,,,,,,,,0,0,0,0,0,24,24,24,9,0,9,0,421.21463810000023,,,,,,,,,,,,,,,,,,,,,,,,,,,,,,,,,,,,,,,,,,,,,,,,,,,,,,,,,,,,,,,,,,,,,,,,,,,,,,,,,,,,,,,,,,,,,421.20256070000005,421.21463810000023,421.21463810000023,421.21463810000023,421.39830840000013,None,,,,,,,,,,,,,,,,,,,,,,,,,,,,,,,,P7350,Bar_MIC,10,1,2026-05-15_14h49.41.843,MIC_task,,2026.1.2,60.04138051946148,2026-05-15 14h49.44.746353 +0200,
,,10,0,10,,,,,,,10,ty16,mágnes,magnet,9,toys,gadget,5.6,6,None,73,None,"(0.1, 0.1)",None,,,,,,,,,,,,,,0,0,0,0,0,24,24,24,10,0,10,0,421.41495440000017,,,,,,,,,,,,,,,,,,,,,,,,,,,,,,,,,,,,,,,,,,,,,,,,,,,,,,,,,,,,,,,,,,,,,,,,,,,,,,,,,,,,,,,,,,,,,421.4030749000003,421.41495440000017,421.41495440000017,421.41495440000017,421.59872810000024,None,,,,,,,,,,,,,,,,,,,,,,,,,,,,,,,,P7350,Bar_MIC,10,1,2026-05-15_14h49.41.843,MIC_task,,2026.1.2,60.04138051946148,2026-05-15 14h49.44.746353 +0200,
,,11,0,11,,,,,,,10,ty16,mágnes,magnet,9,toys,gadget,5.6,6,None,73,None,"(0.1, 0.1)",None,,,,,,,,,,,,,,0,0,0,0,0,24,24,24,11,0,11,0,421.61458089999996,,,,,,,,,,,,,,,,,,,,,,,,,,,,,,,,,,,,,,,,,,,,,,,,,,,,,,,,,,,,,,,,,,,,,,,,,,,,,,,,,,,,,,,,,,,,,421.60347560000037,421.61458089999996,421.61458089999996,421.61458089999996,421.7984685000001,None,,,,,,,,,,,,,,,,,,,,,,,,,,,,,,,,P7350,Bar_MIC,10,1,2026-05-15_14h49.41.843,MIC_task,,2026.1.2,60.04138051946148,2026-05-15 14h49.44.746353 +0200,
,,12,0,12,,,,,,,10,ty16,mágnes,magnet,9,toys,gadget,5.6,6,None,73,None,"(0.1, 0.1)",None,,,,,,,,,,,,,,0,0,0,0,0,24,24,24,12,0,12,0,421.8148820000001,,,,,,,,,,,,,,,,,,,,,,,,,,,,,,,,,,,,,,,,,,,,,,,,,,,,,,,,,,,,,,,,,,,,,,,,,,,,,,,,,,,,,,,,,,,,,421.8031568000001,421.8148820000001,421.8148820000001,421.8148820000001,421.99873320000006,None,,,,,,,,,,,,,,,,,,,,,,,,,,,,,,,,P7350,Bar_MIC,10,1,2026-05-15_14h49.41.843,MIC_task,,2026.1.2,60.04138051946148,2026-05-15 14h49.44.746353 +0200,
,,13,0,13,,,,,,,10,ty16,mágnes,magnet,9,toys,gadget,5.6,6,None,73,None,"(0.1, 0.1)",None,,,,,,,,,,,,,,0,0,0,0,0,24,24,24,13,0,13,0,422.01557470000034,,,,,,,,,,,,,,,,,,,,,,,,,,,,,,,,,,,,,,,,,,,,,,,,,,,,,,,,,,,,,,,,,,,,,,,,,,,,,,,,,,,,,,,,,,,,,422.00335710000036,422.01557470000034,422.01557470000034,422.01557470000034,422.19906770000034,None,,,,,,,,,,,,,,,,,,,,,,,,,,,,,,,,P7350,Bar_MIC,10,1,2026-05-15_14h49.41.843,MIC_task,,2026.1.2,60.04138051946148,2026-05-15 14h49.44.746353 +0200,
,,14,0,14,,,,,,,10,ty16,mágnes,magnet,9,toys,gadget,5.6,6,None,73,None,"(0.1, 0.1)",None,,,,,,,,,,,,,,0,0,0,0,0,24,24,24,14,0,14,0,422.2159541000001,,,,,,,,,,,,,,,,,,,,,,,,,,,,,,,,,,,,,,,,,,,,,,,,,,,,,,,,,,,,,,,,,,,,,,,,,,,,,,,,,,,,,,,,,,,,,422.2036812000001,422.2159541000001,422.2159541000001,422.2159541000001,422.3994181000003,None,,,,,,,,,,,,,,,,,,,,,,,,,,,,,,,,P7350,Bar_MIC,10,1,2026-05-15_14h49.41.843,MIC_task,,2026.1.2,60.04138051946148,2026-05-15 14h49.44.746353 +0200,
,,15,0,15,,,,,,,10,ty16,mágnes,magnet,9,toys,gadget,5.6,6,None,73,None,"(0.1, 0.1)",None,,,,,,,,,,,,,,0,0,0,0,0,24,24,24,15,0,15,0,422.4159617,,,,,,,,,,,,,,,,,,,,,,,,,,,,,,,,,,,,,,,,,,,,,,,,,,,,,,,,,,,,,,,,,,,,,,,,,,,,,,,,,,,,,,,,,,,,,422.4038886000003,422.4159617,422.4159617,422.4159617,422.6000817000004,None,,,,,,,,,,,,,,,,,,,,,,,,,,,,,,,,P7350,Bar_MIC,10,1,2026-05-15_14h49.41.843,MIC_task,,2026.1.2,60.04138051946148,2026-05-15 14h49.44.746353 +0200,
,,16,0,16,,,,,,,10,ty16,mágnes,magnet,9,toys,gadget,5.6,6,None,73,None,"(0.1, 0.1)",None,,,,,,,,,,,,,,0,0,0,0,0,24,24,24,16,0,16,0,422.61651710000024,,,,,,,,,,,,,,,,,,,,,,,,,,,,,,,,,,,,,,,,,,,,,,,,,,,,,,,,,,,,,,,,,,,,,,,,,,,,,,,,,,,,,,,,,,,,,422.60488680000026,422.61651710000024,422.61651710000024,422.61651710000024,422.80017350000026,None,,,,,,,,,,,,,,,,,,,,,,,,,,,,,,,,P7350,Bar_MIC,10,1,2026-05-15_14h49.41.843,MIC_task,,2026.1.2,60.04138051946148,2026-05-15 14h49.44.746353 +0200,
,,17,0,17,,,,,,,10,ty16,mágnes,magnet,9,toys,gadget,5.6,6,None,73,None,"(0.1, 0.1)",None,,,,,,,,,,,,,,0,0,0,0,0,24,24,24,17,0,17,0,422.81682920000003,,,,,,,,,,,,,,,,,,,,,,,,,,,,,,,,,,,,,,,,,,,,,,,,,,,,,,,,,,,,,,,,,,,,,,,,,,,,,,,,,,,,,,,,,,,,,422.8053506000001,422.81682920000003,422.81682920000003,422.81682920000003,423.0015827000002,None,,,,,,,,,,,,,,,,,,,,,,,,,,,,,,,,P7350,Bar_MIC,10,1,2026-05-15_14h49.41.843,MIC_task,,2026.1.2,60.04138051946148,2026-05-15 14h49.44.746353 +0200,
,,18,0,18,,,,,,,10,ty16,mágnes,magnet,9,toys,gadget,5.6,6,None,73,None,"(0.1, 0.1)",None,,,,,,,,,,,,,,0,0,0,0,0,24,24,24,18,0,18,0,423.0170723000001,,,,,,,,,,,,,,,,,,,,,,,,,,,,,,,,,,,,,,,,,,,,,,,,,,,,,,,,,,,,,,,,,,,,,,,,,,,,,,,,,,,,,,,,,,,,,423.0064314000001,423.0170723000001,423.0170723000001,423.0170723000001,423.2021645,None,,,,,,,,,,,,,,,,,,,,,,,,,,,,,,,,P7350,Bar_MIC,10,1,2026-05-15_14h49.41.843,MIC_task,,2026.1.2,60.04138051946148,2026-05-15 14h49.44.746353 +0200,
,,19,0,19,,,,,,,10,ty16,mágnes,magnet,9,toys,gadget,5.6,6,None,73,None,"(0.1, 0.1)",None,,,,,,,,,,,,,,0,0,0,0,0,24,24,24,19,0,19,0,423.21743060000017,,,,,,,,,,,,,,,,,,,,,,,,,,,,,,,,,,,,,,,,,,,,,,,,,,,,,,,,,,,,,,,,,,,,,,,,,,,,,,,,,,,,,,,,,,,,,423.20690570000033,423.21743060000017,423.21743060000017,423.21743060000017,423.4024134000001,None,,,,,,,,,,,,,,,,,,,,,,,,,,,,,,,,P7350,Bar_MIC,10,1,2026-05-15_14h49.41.843,MIC_task,,2026.1.2,60.04138051946148,2026-05-15 14h49.44.746353 +0200,
,,20,0,20,,,,,,,10,ty16,mágnes,magnet,9,toys,gadget,5.6,6,None,73,None,"(0.1, 0.1)",None,,,,,,,,,,,,,,0,0,0,0,0,24,24,24,20,0,20,0,423.41823030000023,,,,,,,,,,,,,,,,,,,,,,,,,,,,,,,,,,,,,,,,,,,,,,,,,,,,,,,,,,,,,,,,,,,,,,,,,,,,,,,,,,,,,,,,,,,,,423.40714300000036,423.41823030000023,423.41823030000023,423.41823030000023,423.6021294000002,None,,,,,,,,,,,,,,,,,,,,,,,,,,,,,,,,P7350,Bar_MIC,10,1,2026-05-15_14h49.41.843,MIC_task,,2026.1.2,60.04138051946148,2026-05-15 14h49.44.746353 +0200,
,,21,0,21,,,,,,,10,ty16,mágnes,magnet,9,toys,gadget,5.6,6,None,73,None,"(0.1, 0.1)",None,,,,,,,,,,,,,,0,0,0,0,0,24,24,24,21,0,21,0,423.61889420000034,,,,,,,,,,,,,,,,,,,,,,,,,,,,,,,,,,,,,,,,,,,,,,,,,,,,,,,,,,,,,,,,,,,,,,,,,,,,,,,,,,,,,,,,,,,,,423.6069176000001,423.61889420000034,423.61889420000034,423.61889420000034,423.8032887000004,None,,,,,,,,,,,,,,,,,,,,,,,,,,,,,,,,P7350,Bar_MIC,10,1,2026-05-15_14h49.41.843,MIC_task,,2026.1.2,60.04138051946148,2026-05-15 14h49.44.746353 +0200,
,,22,0,22,,,,,,,10,ty16,mágnes,magnet,9,toys,gadget,5.6,6,None,73,None,"(0.1, 0.1)",None,,,,,,,,,,,,,,0,0,0,0,0,24,24,24,22,0,22,0,423.8178756000002,,,,,,,,,,,,,,,,,,,,,,,,,,,,,,,,,,,,,,,,,,,,,,,,,,,,,,,,,,,,,,,,,,,,,,,,,,,,,,,,,,,,,,,,,,,,,423.8084789000004,423.8178756000002,423.8178756000002,423.8178756000002,424.0029177000001,None,,,,,,,,,,,,,,,,,,,,,,,,,,,,,,,,P7350,Bar_MIC,10,1,2026-05-15_14h49.41.843,MIC_task,,2026.1.2,60.04138051946148,2026-05-15 14h49.44.746353 +0200,
,,23,0,23,,,,,,,10,ty16,mágnes,magnet,9,toys,gadget,5.6,6,None,73,None,"(0.1, 0.1)",None,,,,,,,,,,,,,,0,0,0,0,0,24,24,24,23,0,23,0,424.0190045000004,,,,,,,,,,,,,,,,,,,,,,,,,,,,,,,,,,,,,,,,,,,,,,,,,,,,,,,,,,,,,,,,,,,,,,,,,,,,,,,,,,,,,,,,,,,,,424.0075122000003,424.0190045000004,424.0190045000004,424.0190045000004,424.2028062000004,None,,,,,,,,,,,,,,,,,,,,,,,,,,,,,,,,P7350,Bar_MIC,10,1,2026-05-15_14h49.41.843,MIC_task,,2026.1.2,60.04138051946148,2026-05-15 14h49.44.746353 +0200,
,,24,0,24,,,,,,,10,ty16,mágnes,magnet,9,toys,gadget,5.6,6,None,73,None,"(0.1, 0.1)",None,,,,,,,,,,,,,,0,0,0,0,0,24,24,24,24,0,24,0,424.2186115000004,,,,,,,,,,,,,,,,,,,,,,,,,,,,,,,,,,,,,,,,,,,,,,,,,,,,,,,,,,,,,,,,,,,,,,,,,,,,,,,,,,,,,,,,,,,,,424.20790030000035,424.2186115000004,424.2186115000004,424.2186115000004,424.4029354000004,None,,,,,,,,,,,,,,,,,,,,,,,,,,,,,,,,P7350,Bar_MIC,10,1,2026-05-15_14h49.41.843,MIC_task,,2026.1.2,60.04138051946148,2026-05-15 14h49.44.746353 +0200,
,,25,0,25,,,,,,,10,ty16,mágnes,magnet,9,toys,gadget,5.6,6,None,73,None,"(0.1, 0.1)",None,,,,,,,,,,,,,,0,0,0,0,0,24,24,24,25,0,25,0,424.41924130000007,,,,,,,,,,,,,,,,,,,,,,,,,,,,,,,,,,,,,,,,,,,,,,,,,,,,,,,,,,,,,,,,,,,,,,,,,,,,,,,,,,,,,,,,,,,,,424.4077685000002,424.41924130000007,424.41924130000007,424.41924130000007,424.6027290000002,None,,,,,,,,,,,,,,,,,,,,,,,,,,,,,,,,P7350,Bar_MIC,10,1,2026-05-15_14h49.41.843,MIC_task,,2026.1.2,60.04138051946148,2026-05-15 14h49.44.746353 +0200,
,,26,0,26,,,,,,,10,ty16,mágnes,magnet,9,toys,gadget,5.6,6,None,73,None,"(0.1, 0.1)",None,,,,,,,,,,,,,,0,0,0,0,0,24,24,24,26,0,26,0,424.6193572000002,,,,,,,,,,,,,,,,,,,,,,,,,,,,,,,,,,,,,,,,,,,,,,,,,,,,,,,,,,,,,,,,,,,,,,,,,,,,,,,,,,,,,,,,,,,,,424.6072629,424.6193572000002,424.6193572000002,424.6193572000002,424.8030348000002,None,,,,,,,,,,,,,,,,,,,,,,,,,,,,,,,,P7350,Bar_MIC,10,1,2026-05-15_14h49.41.843,MIC_task,,2026.1.2,60.04138051946148,2026-05-15 14h49.44.746353 +0200,
,,27,0,27,,,,,,,10,ty16,mágnes,magnet,9,toys,gadget,5.6,6,None,73,None,"(0.1, 0.1)",None,,,,,,,,,,,,,,0,0,0,0,0,24,24,24,27,0,27,0,424.8197769000003,,,,,,,,,,,,,,,,,,,,,,,,,,,,,,,,,,,,,,,,,,,,,,,,,,,,,,,,,,,,,,,,,,,,,,,,,,,,,,,,,,,,,,,,,,,,,424.80804030000036,424.8197769000003,424.8197769000003,424.8197769000003,425.00407870000026,None,,,,,,,,,,,,,,,,,,,,,,,,,,,,,,,,P7350,Bar_MIC,10,1,2026-05-15_14h49.41.843,MIC_task,,2026.1.2,60.04138051946148,2026-05-15 14h49.44.746353 +0200,
,,28,0,28,,,,,,,10,ty16,mágnes,magnet,9,toys,gadget,5.6,6,None,73,None,"(0.1, 0.1)",None,,,,,,,,,,,,,,0,0,0,0,0,24,24,24,28,0,28,0,425.02027670000007,,,,,,,,,,,,,,,,,,,,,,,,,,,,,,,,,,,,,,,,,,,,,,,,,,,,,,,,,,,,,,,,,,,,,,,,,,,,,,,,,,,,,,,,,,,,,425.0087230000004,425.02027670000007,425.02027670000007,425.02027670000007,425.2039608,None,,,,,,,,,,,,,,,,,,,,,,,,,,,,,,,,P7350,Bar_MIC,10,1,2026-05-15_14h49.41.843,MIC_task,,2026.1.2,60.04138051946148,2026-05-15 14h49.44.746353 +0200,
,,29,0,29,,,,,,,10,ty16,mágnes,magnet,9,toys,gadget,5.6,6,None,73,None,"(0.1, 0.1)",None,,,,,,,,,,,,,,0,0,0,0,0,24,24,24,29,0,29,0,425.22055180000007,,,,,,,,,,,,,,,,,,,,,,,,,,,,,,,,,,,,,,,,,,,,,,,,,,,,,,,,,,,,,,,,,,,,,,,,,,,,,,,,,,,,,,,,,,,,,425.2085369000001,425.22055180000007,425.22055180000007,425.22055180000007,425.4048551000001,None,,,,,,,,,,,,,,,,,,,,,,,,,,,,,,,,P7350,Bar_MIC,10,1,2026-05-15_14h49.41.843,MIC_task,,2026.1.2,60.04138051946148,2026-05-15 14h49.44.746353 +0200,
,,30,0,30,,,,,,,10,ty16,mágnes,magnet,9,toys,gadget,5.6,6,None,73,None,"(0.1, 0.1)",None,,,,,,,,,,,,,,0,0,0,0,0,24,24,24,30,0,30,0,425.4208719000003,,,,,,,,,,,,,,,,,,,,,,,,,,,,,,,,,,,,,,,,,,,,,,,,,,,,,,,,,,,,,,,,,,,,,,,,,,,,,,,,,,,,,,,,,,,,,425.4094495000004,425.4208719000003,425.4208719000003,425.4208719000003,425.6055629000002,None,,,,,,,,,,,,,,,,,,,,,,,,,,,,,,,,P7350,Bar_MIC,10,1,2026-05-15_14h49.41.843,MIC_task,,2026.1.2,60.04138051946148,2026-05-15 14h49.44.746353 +0200,
,,31,0,31,,,,,,,10,ty16,mágnes,magnet,9,toys,gadget,5.6,6,None,73,None,"(0.1, 0.1)",None,,,,,,,,,,,,,,0,0,0,0,0,24,24,24,31,0,31,0,425.62233490000017,,,,,,,,,,,,,,,,,,,,,,,,,,,,,,,,,,,,,,,,,,,,,,,,,,,,,,,,,,,,,,,,,,,,,,,,,,,,,,,,,,,,,,,,,,,,,425.6100556000001,425.62233490000017,425.62233490000017,425.62233490000017,425.80574000000024,None,,,,,,,,,,,,,,,,,,,,,,,,,,,,,,,,P7350,Bar_MIC,10,1,2026-05-15_14h49.41.843,MIC_task,,2026.1.2,60.04138051946148,2026-05-15 14h49.44.746353 +0200,
,,32,0,32,,,,,,,10,ty16,mágnes,magnet,9,toys,gadget,5.6,6,None,73,None,"(0.1, 0.1)",None,,,,,,,,,,,,,,0,0,0,0,0,24,24,24,32,0,32,0,425.82208290000017,,,,,,,,,,,,,,,,,,,,,,,,,,,,,,,,,,,,,,,,,,,,,,,,,,,,,,,,,,,,,,,,,,,,,,,,,,,,,,,,,,,,,,,,,,,,,425.8104948,425.82208290000017,425.82208290000017,425.82208290000017,426.00562690000015,None,,,,,,,,,,,,,,,,,,,,,,,,,,,,,,,,P7350,Bar_MIC,10,1,2026-05-15_14h49.41.843,MIC_task,,2026.1.2,60.04138051946148,2026-05-15 14h49.44.746353 +0200,
,,33,0,33,,,,,,,10,ty16,mágnes,magnet,9,toys,gadget,5.6,6,None,73,None,"(0.1, 0.1)",space,0.12891850000005434,None,,,,,,,,,,,,0,0,0,0,0,24,24,24,33,0,33,0,426.02272280000034,,,,,,,,,,,,,,,,,,,,,,,,,,,,,,,,,,,,,,,,,,,,,,,,,,,,,,,,,,,,,,,,,,,,,,,,,,,,,,,,,,,,,,,,,,,,,426.01013580000017,426.02272280000034,426.02272280000034,426.02272280000034,426.15765220000003,space,0.12891850000005434,None,,,,,,,,,,,,,,,,,,,,,,,,,,,,,,P7350,Bar_MIC,10,1,2026-05-15_14h49.41.843,MIC_task,,2026.1.2,60.04138051946148,2026-05-15 14h49.44.746353 +0200,
,,24,24,0,,,,space,8.981462100000044,None,10,ty16,mágnes,magnet,9,toys,gadget,5.6,6,None,73,None,"(0.1, 0.1)",,,,,,,,,,,,,,,0,0,0,0,0,24,24,24,,,,,,,,,,,,,,,,,,,,,,,,,,,,,,,,,,,,,,,,,,,,,,,,,,,,,,,,,,,,,,,,,,,,,,,,,,,,,,,,,426.25289090000024,426.26053990000037,426.2562843000001,428.1584377000004,,,,,,430.1624468,430.1781009000001,430.1781009000001,439.17656880000004,,,,,,,,,,,,,428.1973919000002,428.2036333000001,428.20828090000015,430.09535010000036,430.16234410000015,space,8.981462100000044,None,,,,,,,,,,,,,,,,,,,,,,P7350,Bar_MIC,10,1,2026-05-15_14h49.41.843,MIC_task,,2026.1.2,60.04138051946148,2026-05-15 14h49.44.746353 +0200,
,,0,0,0,,,,,,,10,c18,zokni,sock,3,clothes,footwear,5.6,74,20,35,None,"(-0.1, -0.1)",None,,,,,,,,,,,,,,0,0,0,0,0,25,25,25,0,0,0,0,439.204291,,,,,,,,,,,,,,,,,,,,,,,,,,,,,,,,,,,,,,,,,,,,,,,,,,,,,,,,,,,,,,,,,,,,,,,,,,,,,,,,,,,,,,,,,,,,,439.19813280000017,439.204291,439.204291,439.204291,439.39234480000005,None,,,,,,,,,,,,,,,,,,,,,,,,,,,,,,,,P7350,Bar_MIC,10,1,2026-05-15_14h49.41.843,MIC_task,,2026.1.2,60.04138051946148,2026-05-15 14h49.44.746353 +0200,
,,0,0,0,,,,,,,10,c18,zokni,sock,3,clothes,footwear,5.6,74,20,35,None,"(-0.1, -0.1)",None,,,,,,,,,,,,,,0,0,0,0,0,25,25,25,0,0,0,0,439.40889300000026,,,,,,,,,,,,,,,,,,,,,,,,,,,,,,,,,,,,,,,,,,,,,,,,,,,,,,,,,,,,,,,,,,,,,,,,,,,,,,,,,,,,,,,,,,,,,439.3972563000002,439.40889300000026,439.40889300000026,439.40889300000026,439.57824600000004,None,,,,,,,,,,,,,,,,,,,,,,,,,,,,,,,,P7350,Bar_MIC,10,1,2026-05-15_14h49.41.843,MIC_task,,2026.1.2,60.04138051946148,2026-05-15 14h49.44.746353 +0200,
,,1,0,1,,,,,,,10,c18,zokni,sock,3,clothes,footwear,5.6,74,20,35,None,"(-0.1, -0.1)",None,,,,,,,,,,,,,,0,0,0,0,0,25,25,25,1,0,1,0,439.59255170000006,,,,,,,,,,,,,,,,,,,,,,,,,,,,,,,,,,,,,,,,,,,,,,,,,,,,,,,,,,,,,,,,,,,,,,,,,,,,,,,,,,,,,,,,,,,,,439.5826812,439.59255170000006,439.59255170000006,439.59255170000006,439.7768957000003,None,,,,,,,,,,,439.7934408000001,439.7934408000001,439.7934408000001,,,,,,,,,,,,,,,,,,,P7350,Bar_MIC,10,1,2026-05-15_14h49.41.843,MIC_task,,2026.1.2,60.04138051946148,2026-05-15 14h49.44.746353 +0200,
,,2,0,2,,,,,,,10,c18,zokni,sock,3,clothes,footwear,5.6,74,20,35,None,"(-0.1, -0.1)",None,,,,,,,,,,,,,,0,0,0,0,0,25,25,25,2,0,2,0,439.7934408000001,,,,,,,,,,,,,,,,,,,,,,,,,,,,,,,,,,,,,,,,,,,,,,,,,,,,,,,,,,,,,,,,,,,,,,,,,,,,,,,,,,,,,,,,,,,,,439.781422,439.7934408000001,439.7934408000001,439.7934408000001,439.97791700000016,None,,,,,,,,,,,,,,,,,,,,,,,,,,,,,,,,P7350,Bar_MIC,10,1,2026-05-15_14h49.41.843,MIC_task,,2026.1.2,60.04138051946148,2026-05-15 14h49.44.746353 +0200,
,,3,0,3,,,,,,,10,c18,zokni,sock,3,clothes,footwear,5.6,74,20,35,None,"(-0.1, -0.1)",None,,,,,,,,,,,,,,0,0,0,0,0,25,25,25,3,0,3,0,439.99369300000035,,,,,,,,,,,,,,,,,,,,,,,,,,,,,,,,,,,,,,,,,,,,,,,,,,,,,,,,,,,,,,,,,,,,,,,,,,,,,,,,,,,,,,,,,,,,,439.9826194000002,439.99369300000035,439.99369300000035,439.99369300000035,440.17719290000014,None,,,,,,,,,,,,,,,,,,,,,,,,,,,,,,,,P7350,Bar_MIC,10,1,2026-05-15_14h49.41.843,MIC_task,,2026.1.2,60.04138051946148,2026-05-15 14h49.44.746353 +0200,
,,4,0,4,,,,,,,10,c18,zokni,sock,3,clothes,footwear,5.6,74,20,35,None,"(-0.1, -0.1)",None,,,,,,,,,,,,,,0,0,0,0,0,25,25,25,4,0,4,0,440.1929037,,,,,,,,,,,,,,,,,,,,,,,,,,,,,,,,,,,,,,,,,,,,,,,,,,,,,,,,,,,,,,,,,,,,,,,,,,,,,,,,,,,,,,,,,,,,,440.18191890000026,440.1929037,440.1929037,440.1929037,440.3777108000004,None,,,,,,,,,,,,,,,,,,,,,,,,,,,,,,,,P7350,Bar_MIC,10,1,2026-05-15_14h49.41.843,MIC_task,,2026.1.2,60.04138051946148,2026-05-15 14h49.44.746353 +0200,
,,5,0,5,,,,,,,10,c18,zokni,sock,3,clothes,footwear,5.6,74,20,35,None,"(-0.1, -0.1)",None,,,,,,,,,,,,,,0,0,0,0,0,25,25,25,5,0,5,0,440.3932552000001,,,,,,,,,,,,,,,,,,,,,,,,,,,,,,,,,,,,,,,,,,,,,,,,,,,,,,,,,,,,,,,,,,,,,,,,,,,,,,,,,,,,,,,,,,,,,440.38255200000003,440.3932552000001,440.3932552000001,440.3932552000001,440.5771133000003,None,,,,,,,,,,,,,,,,,,,,,,,,,,,,,,,,P7350,Bar_MIC,10,1,2026-05-15_14h49.41.843,MIC_task,,2026.1.2,60.04138051946148,2026-05-15 14h49.44.746353 +0200,
,,6,0,6,,,,,,,10,c18,zokni,sock,3,clothes,footwear,5.6,74,20,35,None,"(-0.1, -0.1)",None,,,,,,,,,,,,,,0,0,0,0,0,25,25,25,6,0,6,0,440.59362290000036,,,,,,,,,,,,,,,,,,,,,,,,,,,,,,,,,,,,,,,,,,,,,,,,,,,,,,,,,,,,,,,,,,,,,,,,,,,,,,,,,,,,,,,,,,,,,440.5817121,440.59362290000036,440.59362290000036,440.59362290000036,440.7776422000002,None,,,,,,,,,,,,,,,,,,,,,,,,,,,,,,,,P7350,Bar_MIC,10,1,2026-05-15_14h49.41.843,MIC_task,,2026.1.2,60.04138051946148,2026-05-15 14h49.44.746353 +0200,
,,7,0,7,,,,,,,10,c18,zokni,sock,3,clothes,footwear,5.6,74,20,35,None,"(-0.1, -0.1)",None,,,,,,,,,,,,,,0,0,0,0,0,25,25,25,7,0,7,0,440.79503320000003,,,,,,,,,,,,,,,,,,,,,,,,,,,,,,,,,,,,,,,,,,,,,,,,,,,,,,,,,,,,,,,,,,,,,,,,,,,,,,,,,,,,,,,,,,,,,440.78209830000014,440.79503320000003,440.79503320000003,440.79503320000003,440.97777700000006,None,,,,,,,,,,,,,,,,,,,,,,,,,,,,,,,,P7350,Bar_MIC,10,1,2026-05-15_14h49.41.843,MIC_task,,2026.1.2,60.04138051946148,2026-05-15 14h49.44.746353 +0200,
,,8,0,8,,,,,,,10,c18,zokni,sock,3,clothes,footwear,5.6,74,20,35,None,"(-0.1, -0.1)",None,,,,,,,,,,,,,,0,0,0,0,0,25,25,25,8,0,8,0,440.99438499999997,,,,,,,,,,,,,,,,,,,,,,,,,,,,,,,,,,,,,,,,,,,,,,,,,,,,,,,,,,,,,,,,,,,,,,,,,,,,,,,,,,,,,,,,,,,,,440.9823854000001,440.99438499999997,440.99438499999997,440.99438499999997,441.17842310000015,None,,,,,,,,,,,,,,,,,,,,,,,,,,,,,,,,P7350,Bar_MIC,10,1,2026-05-15_14h49.41.843,MIC_task,,2026.1.2,60.04138051946148,2026-05-15 14h49.44.746353 +0200,
,,9,0,9,,,,,,,10,c18,zokni,sock,3,clothes,footwear,5.6,74,20,35,None,"(-0.1, -0.1)",None,,,,,,,,,,,,,,0,0,0,0,0,25,25,25,9,0,9,0,441.19479560000036,,,,,,,,,,,,,,,,,,,,,,,,,,,,,,,,,,,,,,,,,,,,,,,,,,,,,,,,,,,,,,,,,,,,,,,,,,,,,,,,,,,,,,,,,,,,,441.18324789999997,441.19479560000036,441.19479560000036,441.19479560000036,441.3785471000001,None,,,,,,,,,,,,,,,,,,,,,,,,,,,,,,,,P7350,Bar_MIC,10,1,2026-05-15_14h49.41.843,MIC_task,,2026.1.2,60.04138051946148,2026-05-15 14h49.44.746353 +0200,
,,10,0,10,,,,,,,10,c18,zokni,sock,3,clothes,footwear,5.6,74,20,35,None,"(-0.1, -0.1)",None,,,,,,,,,,,,,,0,0,0,0,0,25,25,25,10,0,10,0,441.3950917000002,,,,,,,,,,,,,,,,,,,,,,,,,,,,,,,,,,,,,,,,,,,,,,,,,,,,,,,,,,,,,,,,,,,,,,,,,,,,,,,,,,,,,,,,,,,,,441.38329350000004,441.3950917000002,441.3950917000002,441.3950917000002,441.57922670000016,None,,,,,,,,,,,,,,,,,,,,,,,,,,,,,,,,P7350,Bar_MIC,10,1,2026-05-15_14h49.41.843,MIC_task,,2026.1.2,60.04138051946148,2026-05-15 14h49.44.746353 +0200,
,,11,0,11,,,,,,,10,c18,zokni,sock,3,clothes,footwear,5.6,74,20,35,None,"(-0.1, -0.1)",None,,,,,,,,,,,,,,0,0,0,0,0,25,25,25,11,0,11,0,441.59565580000026,,,,,,,,,,,,,,,,,,,,,,,,,,,,,,,,,,,,,,,,,,,,,,,,,,,,,,,,,,,,,,,,,,,,,,,,,,,,,,,,,,,,,,,,,,,,,441.5847276000004,441.59565580000026,441.59565580000026,441.59565580000026,441.7799140000002,None,,,,,,,,,,,,,,,,,,,,,,,,,,,,,,,,P7350,Bar_MIC,10,1,2026-05-15_14h49.41.843,MIC_task,,2026.1.2,60.04138051946148,2026-05-15 14h49.44.746353 +0200,
,,12,0,12,,,,,,,10,c18,zokni,sock,3,clothes,footwear,5.6,74,20,35,None,"(-0.1, -0.1)",None,,,,,,,,,,,,,,0,0,0,0,0,25,25,25,12,0,12,0,441.79598220000025,,,,,,,,,,,,,,,,,,,,,,,,,,,,,,,,,,,,,,,,,,,,,,,,,,,,,,,,,,,,,,,,,,,,,,,,,,,,,,,,,,,,,,,,,,,,,441.7845699000004,441.79598220000025,441.79598220000025,441.79598220000025,441.979613,None,,,,,,,,,,,,,,,,,,,,,,,,,,,,,,,,P7350,Bar_MIC,10,1,2026-05-15_14h49.41.843,MIC_task,,2026.1.2,60.04138051946148,2026-05-15 14h49.44.746353 +0200,
,,13,0,13,,,,,,,10,c18,zokni,sock,3,clothes,footwear,5.6,74,20,35,None,"(-0.1, -0.1)",None,,,,,,,,,,,,,,0,0,0,0,0,25,25,25,13,0,13,0,441.9962099000004,,,,,,,,,,,,,,,,,,,,,,,,,,,,,,,,,,,,,,,,,,,,,,,,,,,,,,,,,,,,,,,,,,,,,,,,,,,,,,,,,,,,,,,,,,,,,441.9843211000002,441.9962099000004,441.9962099000004,441.9962099000004,442.1811396000003,None,,,,,,,,,,,,,,,,,,,,,,,,,,,,,,,,P7350,Bar_MIC,10,1,2026-05-15_14h49.41.843,MIC_task,,2026.1.2,60.04138051946148,2026-05-15 14h49.44.746353 +0200,
,,14,0,14,,,,,,,10,c18,zokni,sock,3,clothes,footwear,5.6,74,20,35,None,"(-0.1, -0.1)",None,,,,,,,,,,,,,,0,0,0,0,0,25,25,25,14,0,14,0,442.19575150000037,,,,,,,,,,,,,,,,,,,,,,,,,,,,,,,,,,,,,,,,,,,,,,,,,,,,,,,,,,,,,,,,,,,,,,,,,,,,,,,,,,,,,,,,,,,,,442.18624580000005,442.19575150000037,442.19575150000037,442.19575150000037,442.3808747000003,None,,,,,,,,,,,,,,,,,,,,,,,,,,,,,,,,P7350,Bar_MIC,10,1,2026-05-15_14h49.41.843,MIC_task,,2026.1.2,60.04138051946148,2026-05-15 14h49.44.746353 +0200,
,,15,0,15,,,,,,,10,c18,zokni,sock,3,clothes,footwear,5.6,74,20,35,None,"(-0.1, -0.1)",None,,,,,,,,,,,,,,0,0,0,0,0,25,25,25,15,0,15,0,442.3975985000002,,,,,,,,,,,,,,,,,,,,,,,,,,,,,,,,,,,,,,,,,,,,,,,,,,,,,,,,,,,,,,,,,,,,,,,,,,,,,,,,,,,,,,,,,,,,,442.38564350000024,442.3975985000002,442.3975985000002,442.3975985000002,442.5811966000001,None,,,,,,,,,,,,,,,,,,,,,,,,,,,,,,,,P7350,Bar_MIC,10,1,2026-05-15_14h49.41.843,MIC_task,,2026.1.2,60.04138051946148,2026-05-15 14h49.44.746353 +0200,
,,16,0,16,,,,,,,10,c18,zokni,sock,3,clothes,footwear,5.6,74,20,35,None,"(-0.1, -0.1)",None,,,,,,,,,,,,,,0,0,0,0,0,25,25,25,16,0,16,0,442.59658450000006,,,,,,,,,,,,,,,,,,,,,,,,,,,,,,,,,,,,,,,,,,,,,,,,,,,,,,,,,,,,,,,,,,,,,,,,,,,,,,,,,,,,,,,,,,,,,442.58618860000024,442.59658450000006,442.59658450000006,442.59658450000006,442.7833754000003,None,,,,,,,,,,,,,,,,,,,,,,,,,,,,,,,,P7350,Bar_MIC,10,1,2026-05-15_14h49.41.843,MIC_task,,2026.1.2,60.04138051946148,2026-05-15 14h49.44.746353 +0200,
,,17,0,17,,,,,,,10,c18,zokni,sock,3,clothes,footwear,5.6,74,20,35,None,"(-0.1, -0.1)",None,,,,,,,,,,,,,,0,0,0,0,0,25,25,25,17,0,17,0,442.7957018000002,,,,,,,,,,,,,,,,,,,,,,,,,,,,,,,,,,,,,,,,,,,,,,,,,,,,,,,,,,,,,,,,,,,,,,,,,,,,,,,,,,,,,,,,,,,,,442.78850330000023,442.7957018000002,442.7957018000002,442.7957018000002,442.98075180000023,None,,,,,,,,,,,,,,,,,,,,,,,,,,,,,,,,P7350,Bar_MIC,10,1,2026-05-15_14h49.41.843,MIC_task,,2026.1.2,60.04138051946148,2026-05-15 14h49.44.746353 +0200,
,,18,0,18,,,,,,,10,c18,zokni,sock,3,clothes,footwear,5.6,74,20,35,None,"(-0.1, -0.1)",None,,,,,,,,,,,,,,0,0,0,0,0,25,25,25,18,0,18,0,442.99779850000004,,,,,,,,,,,,,,,,,,,,,,,,,,,,,,,,,,,,,,,,,,,,,,,,,,,,,,,,,,,,,,,,,,,,,,,,,,,,,,,,,,,,,,,,,,,,,442.9852403,442.99779850000004,442.99779850000004,442.99779850000004,443.1822860000002,None,,,,,,,,,,,,,,,,,,,,,,,,,,,,,,,,P7350,Bar_MIC,10,1,2026-05-15_14h49.41.843,MIC_task,,2026.1.2,60.04138051946148,2026-05-15 14h49.44.746353 +0200,
,,19,0,19,,,,,,,10,c18,zokni,sock,3,clothes,footwear,5.6,74,20,35,None,"(-0.1, -0.1)",None,,,,,,,,,,,,,,0,0,0,0,0,25,25,25,19,0,19,0,443.19790600000033,,,,,,,,,,,,,,,,,,,,,,,,,,,,,,,,,,,,,,,,,,,,,,,,,,,,,,,,,,,,,,,,,,,,,,,,,,,,,,,,,,,,,,,,,,,,,443.18732750000026,443.19790600000033,443.19790600000033,443.19790600000033,443.38148660000024,None,,,,,,,,,,,,,,,,,,,,,,,,,,,,,,,,P7350,Bar_MIC,10,1,2026-05-15_14h49.41.843,MIC_task,,2026.1.2,60.04138051946148,2026-05-15 14h49.44.746353 +0200,
,,20,0,20,,,,,,,10,c18,zokni,sock,3,clothes,footwear,5.6,74,20,35,None,"(-0.1, -0.1)",None,,,,,,,,,,,,,,0,0,0,0,0,25,25,25,20,0,20,0,443.39813330000015,,,,,,,,,,,,,,,,,,,,,,,,,,,,,,,,,,,,,,,,,,,,,,,,,,,,,,,,,,,,,,,,,,,,,,,,,,,,,,,,,,,,,,,,,,,,,443.3863631000004,443.39813330000015,443.39813330000015,443.39813330000015,443.5819243000001,None,,,,,,,,,,,,,,,,,,,,,,,,,,,,,,,,P7350,Bar_MIC,10,1,2026-05-15_14h49.41.843,MIC_task,,2026.1.2,60.04138051946148,2026-05-15 14h49.44.746353 +0200,
,,21,0,21,,,,,,,10,c18,zokni,sock,3,clothes,footwear,5.6,74,20,35,None,"(-0.1, -0.1)",None,,,,,,,,,,,,,,0,0,0,0,0,25,25,25,21,0,21,0,443.5984371000004,,,,,,,,,,,,,,,,,,,,,,,,,,,,,,,,,,,,,,,,,,,,,,,,,,,,,,,,,,,,,,,,,,,,,,,,,,,,,,,,,,,,,,,,,,,,,443.58689070000037,443.5984371000004,443.5984371000004,443.5984371000004,443.7823215000003,None,,,,,,,,,,,,,,,,,,,,,,,,,,,,,,,,P7350,Bar_MIC,10,1,2026-05-15_14h49.41.843,MIC_task,,2026.1.2,60.04138051946148,2026-05-15 14h49.44.746353 +0200,
,,22,0,22,,,,,,,10,c18,zokni,sock,3,clothes,footwear,5.6,74,20,35,None,"(-0.1, -0.1)",None,,,,,,,,,,,,,,0,0,0,0,0,25,25,25,22,0,22,0,443.7988236000001,,,,,,,,,,,,,,,,,,,,,,,,,,,,,,,,,,,,,,,,,,,,,,,,,,,,,,,,,,,,,,,,,,,,,,,,,,,,,,,,,,,,,,,,,,,,,443.78706869999996,443.7988236000001,443.7988236000001,443.7988236000001,443.98267669999996,None,,,,,,,,,,,,,,,,,,,,,,,,,,,,,,,,P7350,Bar_MIC,10,1,2026-05-15_14h49.41.843,MIC_task,,2026.1.2,60.04138051946148,2026-05-15 14h49.44.746353 +0200,
,,23,0,23,,,,,,,10,c18,zokni,sock,3,clothes,footwear,5.6,74,20,35,None,"(-0.1, -0.1)",None,,,,,,,,,,,,,,0,0,0,0,0,25,25,25,23,0,23,0,443.99940540000034,,,,,,,,,,,,,,,,,,,,,,,,,,,,,,,,,,,,,,,,,,,,,,,,,,,,,,,,,,,,,,,,,,,,,,,,,,,,,,,,,,,,,,,,,,,,,443.9877494000002,443.99940540000034,443.99940540000034,443.99940540000034,444.1832661000003,None,,,,,,,,,,,,,,,,,,,,,,,,,,,,,,,,P7350,Bar_MIC,10,1,2026-05-15_14h49.41.843,MIC_task,,2026.1.2,60.04138051946148,2026-05-15 14h49.44.746353 +0200,
,,24,0,24,,,,,,,10,c18,zokni,sock,3,clothes,footwear,5.6,74,20,35,None,"(-0.1, -0.1)",None,,,,,,,,,,,,,,0,0,0,0,0,25,25,25,24,0,24,0,444.19972750000034,,,,,,,,,,,,,,,,,,,,,,,,,,,,,,,,,,,,,,,,,,,,,,,,,,,,,,,,,,,,,,,,,,,,,,,,,,,,,,,,,,,,,,,,,,,,,444.1878730000003,444.19972750000034,444.19972750000034,444.19972750000034,444.3836640000004,None,,,,,,,,,,,,,,,,,,,,,,,,,,,,,,,,P7350,Bar_MIC,10,1,2026-05-15_14h49.41.843,MIC_task,,2026.1.2,60.04138051946148,2026-05-15 14h49.44.746353 +0200,
,,25,0,25,,,,,,,10,c18,zokni,sock,3,clothes,footwear,5.6,74,20,35,None,"(-0.1, -0.1)",None,,,,,,,,,,,,,,0,0,0,0,0,25,25,25,25,0,25,0,444.4000688000001,,,,,,,,,,,,,,,,,,,,,,,,,,,,,,,,,,,,,,,,,,,,,,,,,,,,,,,,,,,,,,,,,,,,,,,,,,,,,,,,,,,,,,,,,,,,,444.38874080000005,444.4000688000001,444.4000688000001,444.4000688000001,444.5840602000003,None,,,,,,,,,,,,,,,,,,,,,,,,,,,,,,,,P7350,Bar_MIC,10,1,2026-05-15_14h49.41.843,MIC_task,,2026.1.2,60.04138051946148,2026-05-15 14h49.44.746353 +0200,
,,26,0,26,,,,,,,10,c18,zokni,sock,3,clothes,footwear,5.6,74,20,35,None,"(-0.1, -0.1)",None,,,,,,,,,,,,,,0,0,0,0,0,25,25,25,26,0,26,0,444.6003799,,,,,,,,,,,,,,,,,,,,,,,,,,,,,,,,,,,,,,,,,,,,,,,,,,,,,,,,,,,,,,,,,,,,,,,,,,,,,,,,,,,,,,,,,,,,,444.58911050000006,444.6003799,444.6003799,444.6003799,444.7848181000004,None,,,,,,,,,,,,,,,,,,,,,,,,,,,,,,,,P7350,Bar_MIC,10,1,2026-05-15_14h49.41.843,MIC_task,,2026.1.2,60.04138051946148,2026-05-15 14h49.44.746353 +0200,
,,27,0,27,,,,,,,10,c18,zokni,sock,3,clothes,footwear,5.6,74,20,35,None,"(-0.1, -0.1)",None,,,,,,,,,,,,,,0,0,0,0,0,25,25,25,27,0,27,0,444.8007931000002,,,,,,,,,,,,,,,,,,,,,,,,,,,,,,,,,,,,,,,,,,,,,,,,,,,,,,,,,,,,,,,,,,,,,,,,,,,,,,,,,,,,,,,,,,,,,444.78921430000037,444.8007931000002,444.8007931000002,444.8007931000002,444.98471800000016,None,,,,,,,,,,,,,,,,,,,,,,,,,,,,,,,,P7350,Bar_MIC,10,1,2026-05-15_14h49.41.843,MIC_task,,2026.1.2,60.04138051946148,2026-05-15 14h49.44.746353 +0200,
,,28,0,28,,,,,,,10,c18,zokni,sock,3,clothes,footwear,5.6,74,20,35,None,"(-0.1, -0.1)",None,,,,,,,,,,,,,,0,0,0,0,0,25,25,25,28,0,28,0,445.00032850000025,,,,,,,,,,,,,,,,,,,,,,,,,,,,,,,,,,,,,,,,,,,,,,,,,,,,,,,,,,,,,,,,,,,,,,,,,,,,,,,,,,,,,,,,,,,,,444.9895254000003,445.00032850000025,445.00032850000025,445.00032850000025,445.1841926000002,None,,,,,,,,,,,,,,,,,,,,,,,,,,,,,,,,P7350,Bar_MIC,10,1,2026-05-15_14h49.41.843,MIC_task,,2026.1.2,60.04138051946148,2026-05-15 14h49.44.746353 +0200,
,,29,0,29,,,,,,,10,c18,zokni,sock,3,clothes,footwear,5.6,74,20,35,None,"(-0.1, -0.1)",None,,,,,,,,,,,,,,0,0,0,0,0,25,25,25,29,0,29,0,445.20103610000024,,,,,,,,,,,,,,,,,,,,,,,,,,,,,,,,,,,,,,,,,,,,,,,,,,,,,,,,,,,,,,,,,,,,,,,,,,,,,,,,,,,,,,,,,,,,,445.1886053000003,445.20103610000024,445.20103610000024,445.20103610000024,445.38453290000007,None,,,,,,,,,,,,,,,,,,,,,,,,,,,,,,,,P7350,Bar_MIC,10,1,2026-05-15_14h49.41.843,MIC_task,,2026.1.2,60.04138051946148,2026-05-15 14h49.44.746353 +0200,
,,30,0,30,,,,,,,10,c18,zokni,sock,3,clothes,footwear,5.6,74,20,35,None,"(-0.1, -0.1)",None,,,,,,,,,,,,,,0,0,0,0,0,25,25,25,30,0,30,0,445.4014652000001,,,,,,,,,,,,,,,,,,,,,,,,,,,,,,,,,,,,,,,,,,,,,,,,,,,,,,,,,,,,,,,,,,,,,,,,,,,,,,,,,,,,,,,,,,,,,445.3890177000003,445.4014652000001,445.4014652000001,445.4014652000001,445.58493640000006,None,,,,,,,,,,,,,,,,,,,,,,,,,,,,,,,,P7350,Bar_MIC,10,1,2026-05-15_14h49.41.843,MIC_task,,2026.1.2,60.04138051946148,2026-05-15 14h49.44.746353 +0200,
,,31,0,31,,,,,,,10,c18,zokni,sock,3,clothes,footwear,5.6,74,20,35,None,"(-0.1, -0.1)",None,,,,,,,,,,,,,,0,0,0,0,0,25,25,25,31,0,31,0,445.60150569999996,,,,,,,,,,,,,,,,,,,,,,,,,,,,,,,,,,,,,,,,,,,,,,,,,,,,,,,,,,,,,,,,,,,,,,,,,,,,,,,,,,,,,,,,,,,,,445.5892490000001,445.60150569999996,445.60150569999996,445.60150569999996,445.7864405,None,,,,,,,,,,,,,,,,,,,,,,,,,,,,,,,,P7350,Bar_MIC,10,1,2026-05-15_14h49.41.843,MIC_task,,2026.1.2,60.04138051946148,2026-05-15 14h49.44.746353 +0200,
,,32,0,32,,,,,,,10,c18,zokni,sock,3,clothes,footwear,5.6,74,20,35,None,"(-0.1, -0.1)",None,,,,,,,,,,,,,,0,0,0,0,0,25,25,25,32,0,32,0,445.80180420000033,,,,,,,,,,,,,,,,,,,,,,,,,,,,,,,,,,,,,,,,,,,,,,,,,,,,,,,,,,,,,,,,,,,,,,,,,,,,,,,,,,,,,,,,,,,,,445.7910734000002,445.80180420000033,445.80180420000033,445.80180420000033,445.9859728000001,None,,,,,,,,,,,,,,,,,,,,,,,,,,,,,,,,P7350,Bar_MIC,10,1,2026-05-15_14h49.41.843,MIC_task,,2026.1.2,60.04138051946148,2026-05-15 14h49.44.746353 +0200,
,,33,0,33,,,,,,,10,c18,zokni,sock,3,clothes,footwear,5.6,74,20,35,None,"(-0.1, -0.1)",None,,,,,,,,,,,,,,0,0,0,0,0,25,25,25,33,0,33,0,446.0023763000004,,,,,,,,,,,,,,,,,,,,,,,,,,,,,,,,,,,,,,,,,,,,,,,,,,,,,,,,,,,,,,,,,,,,,,,,,,,,,,,,,,,,,,,,,,,,,445.99171860000024,446.0023763000004,446.0023763000004,446.0023763000004,446.1864566000004,None,,,,,,,,,,,,,,,,,,,,,,,,,,,,,,,,P7350,Bar_MIC,10,1,2026-05-15_14h49.41.843,MIC_task,,2026.1.2,60.04138051946148,2026-05-15 14h49.44.746353 +0200,
,,34,0,34,,,,,,,10,c18,zokni,sock,3,clothes,footwear,5.6,74,20,35,None,"(-0.1, -0.1)",None,,,,,,,,,,,,,,0,0,0,0,0,25,25,25,34,0,34,0,446.2029927000003,,,,,,,,,,,,,,,,,,,,,,,,,,,,,,,,,,,,,,,,,,,,,,,,,,,,,,,,,,,,,,,,,,,,,,,,,,,,,,,,,,,,,,,,,,,,,446.1910812000001,446.2029927000003,446.2029927000003,446.2029927000003,446.3873064000004,None,,,,,,,,,,,,,,,,,,,,,,,,,,,,,,,,P7350,Bar_MIC,10,1,2026-05-15_14h49.41.843,MIC_task,,2026.1.2,60.04138051946148,2026-05-15 14h49.44.746353 +0200,
,,35,0,35,,,,,,,10,c18,zokni,sock,3,clothes,footwear,5.6,74,20,35,None,"(-0.1, -0.1)",None,,,,,,,,,,,,,,0,0,0,0,0,25,25,25,35,0,35,0,446.40365310000016,,,,,,,,,,,,,,,,,,,,,,,,,,,,,,,,,,,,,,,,,,,,,,,,,,,,,,,,,,,,,,,,,,,,,,,,,,,,,,,,,,,,,,,,,,,,,446.39206820000027,446.40365310000016,446.40365310000016,446.40365310000016,446.58672700000034,None,,,,,,,,,,,,,,,,,,,,,,,,,,,,,,,,P7350,Bar_MIC,10,1,2026-05-15_14h49.41.843,MIC_task,,2026.1.2,60.04138051946148,2026-05-15 14h49.44.746353 +0200,
,,36,0,36,,,,,,,10,c18,zokni,sock,3,clothes,footwear,5.6,74,20,35,None,"(-0.1, -0.1)",None,,,,,,,,,,,,,,0,0,0,0,0,25,25,25,36,0,36,0,446.6036836000003,,,,,,,,,,,,,,,,,,,,,,,,,,,,,,,,,,,,,,,,,,,,,,,,,,,,,,,,,,,,,,,,,,,,,,,,,,,,,,,,,,,,,,,,,,,,,446.59135749999996,446.6036836000003,446.6036836000003,446.6036836000003,446.7879273000003,None,,,,,,,,,,,,,,,,,,,,,,,,,,,,,,,,P7350,Bar_MIC,10,1,2026-05-15_14h49.41.843,MIC_task,,2026.1.2,60.04138051946148,2026-05-15 14h49.44.746353 +0200,
,,37,0,37,,,,,,,10,c18,zokni,sock,3,clothes,footwear,5.6,74,20,35,None,"(-0.1, -0.1)",space,0.09993220000023939,None,,,,,,,,,,,,0,0,0,0,0,25,25,25,37,0,37,0,446.8039382000002,,,,,,,,,,,,,,,,,,,,,,,,,,,,,,,,,,,,,,,,,,,,,,,,,,,,,,,,,,,,,,,,,,,,,,,,,,,,,,,,,,,,,,,,,,,,,446.7925978000003,446.8039382000002,446.8039382000002,446.8039382000002,446.90587540000024,space,0.09993220000023939,None,,,,,,,,,,,,,,,,,,,,,,,,,,,,,,P7350,Bar_MIC,10,1,2026-05-15_14h49.41.843,MIC_task,,2026.1.2,60.04138051946148,2026-05-15 14h49.44.746353 +0200,
,,25,25,0,,,,space,2.378257300000314,None,10,c18,zokni,sock,3,clothes,footwear,5.6,74,20,35,None,"(-0.1, -0.1)",,,,,,,,,,,,,,,0,0,0,0,0,25,25,25,,,,,,,,,,,,,,,,,,,,,,,,,,,,,,,,,,,,,,,,,,,,,,,,,,,,,,,,,,,,,,,,,,,,,,,,,,,,,,,,,446.99990160000016,447.00715230000014,447.0041065000001,448.9066442000003,,,,,,450.9106862000003,450.9261985000003,450.9261985000003,453.3145407000002,,,,,,,,,,,,,448.9442922000003,448.95013990000007,448.9564929000001,450.84313280000015,450.91062550000015,space,2.378257300000314,None,,,,,,,,,,,,,,,,,,,,,,P7350,Bar_MIC,10,1,2026-05-15_14h49.41.843,MIC_task,,2026.1.2,60.04138051946148,2026-05-15 14h49.44.746353 +0200,
,,0,0,0,,,,,,,10,l09,kastély,castle,5,location,facilities,5.8,10,None,114,None,"(-0.1, 0)",None,,,,,,,,,,,,,,0,0,0,0,0,26,26,26,0,0,0,0,453.3434540000003,,,,,,,,,,,,,,,,,,,,,,,,,,,,,,,,,,,,,,,,,,,,,,,,,,,,,,,,,,,,,,,,,,,,,,,,,,,,,,,,,,,,,,,,,,,,,453.3372770000001,453.3434540000003,453.3434540000003,453.3434540000003,453.53084720000015,None,,,,,,,,,,,,,,,,,,,,,,,,,,,,,,,,P7350,Bar_MIC,10,1,2026-05-15_14h49.41.843,MIC_task,,2026.1.2,60.04138051946148,2026-05-15 14h49.44.746353 +0200,
,,0,0,0,,,,,,,10,l09,kastély,castle,5,location,facilities,5.8,10,None,114,None,"(-0.1, 0)",None,,,,,,,,,,,,,,0,0,0,0,0,26,26,26,0,0,0,0,453.5471270000003,,,,,,,,,,,,,,,,,,,,,,,,,,,,,,,,,,,,,,,,,,,,,,,,,,,,,,,,,,,,,,,,,,,,,,,,,,,,,,,,,,,,,,,,,,,,,453.53587590000006,453.5471270000003,453.5471270000003,453.5471270000003,453.73189690000027,None,,,,,,,,,,,,,,,,,,,,,,,,,,,,,,,,P7350,Bar_MIC,10,1,2026-05-15_14h49.41.843,MIC_task,,2026.1.2,60.04138051946148,2026-05-15 14h49.44.746353 +0200,
,,1,0,1,,,,,,,10,l09,kastély,castle,5,location,facilities,5.8,10,None,114,None,"(-0.1, 0)",None,,,,,,,,,,,,,,0,0,0,0,0,26,26,26,1,0,1,0,453.74785440000005,,,,,,,,,,,,,,,,,,,,,,,,,,,,,,,,,,,,,,,,,,,,,,,,,,,,,,,,,,,,,,,,,,,,,,,,,,,,,,,,,,,,,,,,,,,,,453.7370882,453.74785440000005,453.74785440000005,453.74785440000005,453.93223030000036,None,,,,,,,,,,,,,,,,,,,,,,,,,,,,,,,,P7350,Bar_MIC,10,1,2026-05-15_14h49.41.843,MIC_task,,2026.1.2,60.04138051946148,2026-05-15 14h49.44.746353 +0200,
,,2,0,2,,,,,,,10,l09,kastély,castle,5,location,facilities,5.8,10,None,114,None,"(-0.1, 0)",None,,,,,,,,,,,,,,0,0,0,0,0,26,26,26,2,0,2,0,453.9475918000003,,,,,,,,,,,,,,,,,,,,,,,,,,,,,,,,,,,,,,,,,,,,,,,,,,,,,,,,,,,,,,,,,,,,,,,,,,,,,,,,,,,,,,,,,,,,,453.9372661000002,453.9475918000003,453.9475918000003,453.9475918000003,454.1149449000004,None,,,,,,,,,,,,,,,,,,,,,,,,,,,,,,,,P7350,Bar_MIC,10,1,2026-05-15_14h49.41.843,MIC_task,,2026.1.2,60.04138051946148,2026-05-15 14h49.44.746353 +0200,
,,3,0,3,,,,,,,10,l09,kastély,castle,5,location,facilities,5.8,10,None,114,None,"(-0.1, 0)",None,,,,,,,,,,,,,,0,0,0,0,0,26,26,26,3,0,3,0,454.1315396,,,,,,,,,,,,,,,,,,,,,,,,,,,,,,,,,,,,,,,,,,,,,,,,,,,,,,,,,,,,,,,,,,,,,,,,,,,,,,,,,,,,,,,,,,,,,454.11966789999997,454.1315396,454.1315396,454.1315396,454.3153546000003,None,,,,,,,,,,,,,,,,,,,,,,,,,,,,,,,,P7350,Bar_MIC,10,1,2026-05-15_14h49.41.843,MIC_task,,2026.1.2,60.04138051946148,2026-05-15 14h49.44.746353 +0200,
,,4,0,4,,,,,,,10,l09,kastély,castle,5,location,facilities,5.8,10,None,114,None,"(-0.1, 0)",None,,,,,,,,,,,,,,0,0,0,0,0,26,26,26,4,0,4,0,454.3316517000003,,,,,,,,,,,,,,,,,,,,,,,,,,,,,,,,,,,,,,,,,,,,,,,,,,,,,,,,,,,,,,,,,,,,,,,,,,,,,,,,,,,,,,,,,,,,,454.31988580000007,454.3316517000003,454.3316517000003,454.3316517000003,454.51586220000036,None,,,,,,,,,,,,,,,,,,,,,,,,,,,,,,,,P7350,Bar_MIC,10,1,2026-05-15_14h49.41.843,MIC_task,,2026.1.2,60.04138051946148,2026-05-15 14h49.44.746353 +0200,
,,5,0,5,,,,,,,10,l09,kastély,castle,5,location,facilities,5.8,10,None,114,None,"(-0.1, 0)",None,,,,,,,,,,,,,,0,0,0,0,0,26,26,26,5,0,5,0,454.53243420000035,,,,,,,,,,,,,,,,,,,,,,,,,,,,,,,,,,,,,,,,,,,,,,,,,,,,,,,,,,,,,,,,,,,,,,,,,,,,,,,,,,,,,,,,,,,,,454.52058220000026,454.53243420000035,454.53243420000035,454.53243420000035,454.7169822000001,None,,,,,,,,,,,,,,,,,,,,,,,,,,,,,,,,P7350,Bar_MIC,10,1,2026-05-15_14h49.41.843,MIC_task,,2026.1.2,60.04138051946148,2026-05-15 14h49.44.746353 +0200,
,,6,0,6,,,,,,,10,l09,kastély,castle,5,location,facilities,5.8,10,None,114,None,"(-0.1, 0)",None,,,,,,,,,,,,,,0,0,0,0,0,26,26,26,6,0,6,0,454.7317158000001,,,,,,,,,,,,,,,,,,,,,,,,,,,,,,,,,,,,,,,,,,,,,,,,,,,,,,,,,,,,,,,,,,,,,,,,,,,,,,,,,,,,,,,,,,,,,454.7219973000001,454.7317158000001,454.7317158000001,454.7317158000001,454.91558220000024,None,,,,,,,,,,,,,,,,,,,,,,,,,,,,,,,,P7350,Bar_MIC,10,1,2026-05-15_14h49.41.843,MIC_task,,2026.1.2,60.04138051946148,2026-05-15 14h49.44.746353 +0200,
,,7,0,7,,,,,,,10,l09,kastély,castle,5,location,facilities,5.8,10,None,114,None,"(-0.1, 0)",None,,,,,,,,,,,,,,0,0,0,0,0,26,26,26,7,0,7,0,454.93219100000033,,,,,,,,,,,,,,,,,,,,,,,,,,,,,,,,,,,,,,,,,,,,,,,,,,,,,,,,,,,,,,,,,,,,,,,,,,,,,,,,,,,,,,,,,,,,,454.92027770000004,454.93219100000033,454.93219100000033,454.93219100000033,455.11710070000026,None,,,,,,,,,,,,,,,,,,,,,,,,,,,,,,,,P7350,Bar_MIC,10,1,2026-05-15_14h49.41.843,MIC_task,,2026.1.2,60.04138051946148,2026-05-15 14h49.44.746353 +0200,
,,8,0,8,,,,,,,10,l09,kastély,castle,5,location,facilities,5.8,10,None,114,None,"(-0.1, 0)",None,,,,,,,,,,,,,,0,0,0,0,0,26,26,26,8,0,8,0,455.13269360000004,,,,,,,,,,,,,,,,,,,,,,,,,,,,,,,,,,,,,,,,,,,,,,,,,,,,,,,,,,,,,,,,,,,,,,,,,,,,,,,,,,,,,,,,,,,,,455.1220750000002,455.13269360000004,455.13269360000004,455.13269360000004,455.3163029000002,None,,,,,,,,,,,,,,,,,,,,,,,,,,,,,,,,P7350,Bar_MIC,10,1,2026-05-15_14h49.41.843,MIC_task,,2026.1.2,60.04138051946148,2026-05-15 14h49.44.746353 +0200,
,,9,0,9,,,,,,,10,l09,kastély,castle,5,location,facilities,5.8,10,None,114,None,"(-0.1, 0)",None,,,,,,,,,,,,,,0,0,0,0,0,26,26,26,9,0,9,0,455.3329497,,,,,,,,,,,,,,,,,,,,,,,,,,,,,,,,,,,,,,,,,,,,,,,,,,,,,,,,,,,,,,,,,,,,,,,,,,,,,,,,,,,,,,,,,,,,,455.3217436,455.3329497,455.3329497,455.3329497,455.51825320000034,None,,,,,,,,,,,,,,,,,,,,,,,,,,,,,,,,P7350,Bar_MIC,10,1,2026-05-15_14h49.41.843,MIC_task,,2026.1.2,60.04138051946148,2026-05-15 14h49.44.746353 +0200,
,,10,0,10,,,,,,,10,l09,kastély,castle,5,location,facilities,5.8,10,None,114,None,"(-0.1, 0)",None,,,,,,,,,,,,,,0,0,0,0,0,26,26,26,10,0,10,0,455.5336709000003,,,,,,,,,,,,,,,,,,,,,,,,,,,,,,,,,,,,,,,,,,,,,,,,,,,,,,,,,,,,,,,,,,,,,,,,,,,,,,,,,,,,,,,,,,,,,455.5229942000001,455.5336709000003,455.5336709000003,455.5336709000003,455.71714390000034,None,,,,,,,,,,,,,,,,,,,,,,,,,,,,,,,,P7350,Bar_MIC,10,1,2026-05-15_14h49.41.843,MIC_task,,2026.1.2,60.04138051946148,2026-05-15 14h49.44.746353 +0200,
,,11,0,11,,,,,,,10,l09,kastély,castle,5,location,facilities,5.8,10,None,114,None,"(-0.1, 0)",None,,,,,,,,,,,,,,0,0,0,0,0,26,26,26,11,0,11,0,455.7338109000002,,,,,,,,,,,,,,,,,,,,,,,,,,,,,,,,,,,,,,,,,,,,,,,,,,,,,,,,,,,,,,,,,,,,,,,,,,,,,,,,,,,,,,,,,,,,,455.7218683000001,455.7338109000002,455.7338109000002,455.7338109000002,455.91864710000027,None,,,,,,,,,,,,,,,,,,,,,,,,,,,,,,,,P7350,Bar_MIC,10,1,2026-05-15_14h49.41.843,MIC_task,,2026.1.2,60.04138051946148,2026-05-15 14h49.44.746353 +0200,
,,12,0,12,,,,,,,10,l09,kastély,castle,5,location,facilities,5.8,10,None,114,None,"(-0.1, 0)",None,,,,,,,,,,,,,,0,0,0,0,0,26,26,26,12,0,12,0,455.93637720000015,,,,,,,,,,,,,,,,,,,,,,,,,,,,,,,,,,,,,,,,,,,,,,,,,,,,,,,,,,,,,,,,,,,,,,,,,,,,,,,,,,,,,,,,,,,,,455.9238972000003,455.93637720000015,455.93637720000015,455.93637720000015,456.11792330000026,None,,,,,,,,,,,,,,,,,,,,,,,,,,,,,,,,P7350,Bar_MIC,10,1,2026-05-15_14h49.41.843,MIC_task,,2026.1.2,60.04138051946148,2026-05-15 14h49.44.746353 +0200,
,,13,0,13,,,,,,,10,l09,kastély,castle,5,location,facilities,5.8,10,None,114,None,"(-0.1, 0)",None,,,,,,,,,,,,,,0,0,0,0,0,26,26,26,13,0,13,0,456.13430400000016,,,,,,,,,,,,,,,,,,,,,,,,,,,,,,,,,,,,,,,,,,,,,,,,,,,,,,,,,,,,,,,,,,,,,,,,,,,,,,,,,,,,,,,,,,,,,456.12341349999997,456.13430400000016,456.13430400000016,456.13430400000016,456.3184311,None,,,,,,,,,,,,,,,,,,,,,,,,,,,,,,,,P7350,Bar_MIC,10,1,2026-05-15_14h49.41.843,MIC_task,,2026.1.2,60.04138051946148,2026-05-15 14h49.44.746353 +0200,
,,14,0,14,,,,,,,10,l09,kastély,castle,5,location,facilities,5.8,10,None,114,None,"(-0.1, 0)",None,,,,,,,,,,,,,,0,0,0,0,0,26,26,26,14,0,14,0,456.3348755000002,,,,,,,,,,,,,,,,,,,,,,,,,,,,,,,,,,,,,,,,,,,,,,,,,,,,,,,,,,,,,,,,,,,,,,,,,,,,,,,,,,,,,,,,,,,,,456.3238586000002,456.3348755000002,456.3348755000002,456.3348755000002,456.5187828000003,None,,,,,,,,,,,,,,,,,,,,,,,,,,,,,,,,P7350,Bar_MIC,10,1,2026-05-15_14h49.41.843,MIC_task,,2026.1.2,60.04138051946148,2026-05-15 14h49.44.746353 +0200,
,,15,0,15,,,,,,,10,l09,kastély,castle,5,location,facilities,5.8,10,None,114,None,"(-0.1, 0)",None,,,,,,,,,,,,,,0,0,0,0,0,26,26,26,15,0,15,0,456.5353240000004,,,,,,,,,,,,,,,,,,,,,,,,,,,,,,,,,,,,,,,,,,,,,,,,,,,,,,,,,,,,,,,,,,,,,,,,,,,,,,,,,,,,,,,,,,,,,456.5235910000001,456.5353240000004,456.5353240000004,456.5353240000004,456.7190009000001,None,,,,,,,,,,,,,,,,,,,,,,,,,,,,,,,,P7350,Bar_MIC,10,1,2026-05-15_14h49.41.843,MIC_task,,2026.1.2,60.04138051946148,2026-05-15 14h49.44.746353 +0200,
,,16,0,16,,,,,,,10,l09,kastély,castle,5,location,facilities,5.8,10,None,114,None,"(-0.1, 0)",None,,,,,,,,,,,,,,0,0,0,0,0,26,26,26,16,0,16,0,456.73567030000004,,,,,,,,,,,,,,,,,,,,,,,,,,,,,,,,,,,,,,,,,,,,,,,,,,,,,,,,,,,,,,,,,,,,,,,,,,,,,,,,,,,,,,,,,,,,,456.7237825000002,456.73567030000004,456.73567030000004,456.73567030000004,456.9235288,None,,,,,,,,,,,,,,,,,,,,,,,,,,,,,,,,P7350,Bar_MIC,10,1,2026-05-15_14h49.41.843,MIC_task,,2026.1.2,60.04138051946148,2026-05-15 14h49.44.746353 +0200,
,,17,0,17,,,,,,,10,l09,kastély,castle,5,location,facilities,5.8,10,None,114,None,"(-0.1, 0)",None,,,,,,,,,,,,,,0,0,0,0,0,26,26,26,17,0,17,0,456.9342262,,,,,,,,,,,,,,,,,,,,,,,,,,,,,,,,,,,,,,,,,,,,,,,,,,,,,,,,,,,,,,,,,,,,,,,,,,,,,,,,,,,,,,,,,,,,,456.92870900000025,456.9342262,456.9342262,456.9342262,457.1202784000002,None,,,,,,,,,,,,,,,,,,,,,,,,,,,,,,,,P7350,Bar_MIC,10,1,2026-05-15_14h49.41.843,MIC_task,,2026.1.2,60.04138051946148,2026-05-15 14h49.44.746353 +0200,
,,18,0,18,,,,,,,10,l09,kastély,castle,5,location,facilities,5.8,10,None,114,None,"(-0.1, 0)",None,,,,,,,,,,,,,,0,0,0,0,0,26,26,26,18,0,18,0,457.1354107000002,,,,,,,,,,,,,,,,,,,,,,,,,,,,,,,,,,,,,,,,,,,,,,,,,,,,,,,,,,,,,,,,,,,,,,,,,,,,,,,,,,,,,,,,,,,,,457.12558930000023,457.1354107000002,457.1354107000002,457.1354107000002,457.319395,None,,,,,,,,,,,,,,,,,,,,,,,,,,,,,,,,P7350,Bar_MIC,10,1,2026-05-15_14h49.41.843,MIC_task,,2026.1.2,60.04138051946148,2026-05-15 14h49.44.746353 +0200,
,,19,0,19,,,,,,,10,l09,kastély,castle,5,location,facilities,5.8,10,None,114,None,"(-0.1, 0)",None,,,,,,,,,,,,,,0,0,0,0,0,26,26,26,19,0,19,0,457.33592,,,,,,,,,,,,,,,,,,,,,,,,,,,,,,,,,,,,,,,,,,,,,,,,,,,,,,,,,,,,,,,,,,,,,,,,,,,,,,,,,,,,,,,,,,,,,457.32574999999997,457.33592,457.33592,457.33592,457.51982990000033,None,,,,,,,,,,,,,,,,,,,,,,,,,,,,,,,,P7350,Bar_MIC,10,1,2026-05-15_14h49.41.843,MIC_task,,2026.1.2,60.04138051946148,2026-05-15 14h49.44.746353 +0200,
,,20,0,20,,,,,,,10,l09,kastély,castle,5,location,facilities,5.8,10,None,114,None,"(-0.1, 0)",None,,,,,,,,,,,,,,0,0,0,0,0,26,26,26,20,0,20,0,457.5364781000003,,,,,,,,,,,,,,,,,,,,,,,,,,,,,,,,,,,,,,,,,,,,,,,,,,,,,,,,,,,,,,,,,,,,,,,,,,,,,,,,,,,,,,,,,,,,,457.5249482000004,457.5364781000003,457.5364781000003,457.5364781000003,457.72001660000024,None,,,,,,,,,,,,,,,,,,,,,,,,,,,,,,,,P7350,Bar_MIC,10,1,2026-05-15_14h49.41.843,MIC_task,,2026.1.2,60.04138051946148,2026-05-15 14h49.44.746353 +0200,
,,21,0,21,,,,,,,10,l09,kastély,castle,5,location,facilities,5.8,10,None,114,None,"(-0.1, 0)",None,,,,,,,,,,,,,,0,0,0,0,0,26,26,26,21,0,21,0,457.7365659000002,,,,,,,,,,,,,,,,,,,,,,,,,,,,,,,,,,,,,,,,,,,,,,,,,,,,,,,,,,,,,,,,,,,,,,,,,,,,,,,,,,,,,,,,,,,,,457.7249713000001,457.7365659000002,457.7365659000002,457.7365659000002,457.9216368000002,None,,,,,,,,,,,,,,,,,,,,,,,,,,,,,,,,P7350,Bar_MIC,10,1,2026-05-15_14h49.41.843,MIC_task,,2026.1.2,60.04138051946148,2026-05-15 14h49.44.746353 +0200,
,,22,0,22,,,,,,,10,l09,kastély,castle,5,location,facilities,5.8,10,None,114,None,"(-0.1, 0)",space,0.11245480000025054,None,,,,,,,,,,,,0,0,0,0,0,26,26,26,22,0,22,0,457.9370369000003,,,,,,,,,,,,,,,,,,,,,,,,,,,,,,,,,,,,,,,,,,,,,,,,,,,,,,,,,,,,,,,,,,,,,,,,,,,,,,,,,,,,,,,,,,,,,457.9265016000004,457.9370369000003,457.9370369000003,457.9370369000003,458.0547739000003,space,0.11245480000025054,None,,,,,,,,,,,,,,,,,,,,,,,,,,,,,,P7350,Bar_MIC,10,1,2026-05-15_14h49.41.843,MIC_task,,2026.1.2,60.04138051946148,2026-05-15 14h49.44.746353 +0200,
,,26,26,0,,,,space,9.851812599999903,None,10,l09,kastély,castle,5,location,facilities,5.8,10,None,114,None,"(-0.1, 0)",,,,,,,,,,,,,,,0,0,0,0,0,26,26,26,,,,,,,,,,,,,,,,,,,,,,,,,,,,,,,,,,,,,,,,,,,,,,,,,,,,,,,,,,,,,,,,,,,,,,,,,,,,,,,,,458.14859720000004,458.15801660000034,458.1536455000001,460.0577865,,,,,,462.0604264000003,462.0762457000001,462.0762457000001,471.94447790000004,,,,,,,,,,,,,460.0875965,460.0949308000004,460.0909127333334,461.9942210000004,462.0603652,space,9.851812599999903,None,,,,,,,,,,,,,,,,,,,,,,P7350,Bar_MIC,10,1,2026-05-15_14h49.41.843,MIC_task,,2026.1.2,60.04138051946148,2026-05-15 14h49.44.746353 +0200,
,,0,0,0,,,,,,,10,pl29,brokkoli,broccoli,7,plants,vegetable,5.4,15,None,62,None,"(0, 0.1)",None,,,,,,,,,,,,,,0,0,0,0,0,27,27,27,0,0,0,0,471.9734254,,,,,,,,,,,,,,,,,,,,,,,,,,,,,,,,,,,,,,,,,,,,,,,,,,,,,,,,,,,,,,,,,,,,,,,,,,,,,,,,,,,,,,,,,,,,,471.9674122000001,471.9734254,471.9734254,471.9734254,472.15948400000025,None,,,,,,,,,,,,,,,,,,,,,,,,,,,,,,,,P7350,Bar_MIC,10,1,2026-05-15_14h49.41.843,MIC_task,,2026.1.2,60.04138051946148,2026-05-15 14h49.44.746353 +0200,
,,0,0,0,,,,,,,10,pl29,brokkoli,broccoli,7,plants,vegetable,5.4,15,None,62,None,"(0, 0.1)",None,,,,,,,,,,,,,,0,0,0,0,0,27,27,27,0,0,0,0,472.17602490000036,,,,,,,,,,,,,,,,,,,,,,,,,,,,,,,,,,,,,,,,,,,,,,,,,,,,,,,,,,,,,,,,,,,,,,,,,,,,,,,,,,,,,,,,,,,,,472.1646793,472.17602490000036,472.17602490000036,472.17602490000036,472.36028880000003,None,,,,,,,,,,,,,,,,,,,,,,,,,,,,,,,,P7350,Bar_MIC,10,1,2026-05-15_14h49.41.843,MIC_task,,2026.1.2,60.04138051946148,2026-05-15 14h49.44.746353 +0200,
,,1,0,1,,,,,,,10,pl29,brokkoli,broccoli,7,plants,vegetable,5.4,15,None,62,None,"(0, 0.1)",None,,,,,,,,,,,,,,0,0,0,0,0,27,27,27,1,0,1,0,472.3764672000002,,,,,,,,,,,,,,,,,,,,,,,,,,,,,,,,,,,,,,,,,,,,,,,,,,,,,,,,,,,,,,,,,,,,,,,,,,,,,,,,,,,,,,,,,,,,,472.3651560000003,472.3764672000002,472.3764672000002,472.3764672000002,472.56088160000036,None,,,,,,,,,,,,,,,,,,,,,,,,,,,,,,,,P7350,Bar_MIC,10,1,2026-05-15_14h49.41.843,MIC_task,,2026.1.2,60.04138051946148,2026-05-15 14h49.44.746353 +0200,
,,2,0,2,,,,,,,10,pl29,brokkoli,broccoli,7,plants,vegetable,5.4,15,None,62,None,"(0, 0.1)",None,,,,,,,,,,,,,,0,0,0,0,0,27,27,27,2,0,2,0,472.57696620000024,,,,,,,,,,,,,,,,,,,,,,,,,,,,,,,,,,,,,,,,,,,,,,,,,,,,,,,,,,,,,,,,,,,,,,,,,,,,,,,,,,,,,,,,,,,,,472.5660280000002,472.57696620000024,472.57696620000024,472.57696620000024,472.76035920000004,None,,,,,,,,,,,,,,,,,,,,,,,,,,,,,,,,P7350,Bar_MIC,10,1,2026-05-15_14h49.41.843,MIC_task,,2026.1.2,60.04138051946148,2026-05-15 14h49.44.746353 +0200,
,,3,0,3,,,,,,,10,pl29,brokkoli,broccoli,7,plants,vegetable,5.4,15,None,62,None,"(0, 0.1)",None,,,,,,,,,,,,,,0,0,0,0,0,27,27,27,3,0,3,0,472.7767960000001,,,,,,,,,,,,,,,,,,,,,,,,,,,,,,,,,,,,,,,,,,,,,,,,,,,,,,,,,,,,,,,,,,,,,,,,,,,,,,,,,,,,,,,,,,,,,472.7651386000002,472.7767960000001,472.7767960000001,472.7767960000001,472.9610948000004,None,,,,,,,,,,,,,,,,,,,,,,,,,,,,,,,,P7350,Bar_MIC,10,1,2026-05-15_14h49.41.843,MIC_task,,2026.1.2,60.04138051946148,2026-05-15 14h49.44.746353 +0200,
,,4,0,4,,,,,,,10,pl29,brokkoli,broccoli,7,plants,vegetable,5.4,15,None,62,None,"(0, 0.1)",None,,,,,,,,,,,,,,0,0,0,0,0,27,27,27,4,0,4,0,472.97811120000006,,,,,,,,,,,,,,,,,,,,,,,,,,,,,,,,,,,,,,,,,,,,,,,,,,,,,,,,,,,,,,,,,,,,,,,,,,,,,,,,,,,,,,,,,,,,,472.9665106000002,472.97811120000006,472.97811120000006,472.97811120000006,473.16141070000003,None,,,,,,,,,,,,,,,,,,,,,,,,,,,,,,,,P7350,Bar_MIC,10,1,2026-05-15_14h49.41.843,MIC_task,,2026.1.2,60.04138051946148,2026-05-15 14h49.44.746353 +0200,
,,5,0,5,,,,,,,10,pl29,brokkoli,broccoli,7,plants,vegetable,5.4,15,None,62,None,"(0, 0.1)",None,,,,,,,,,,,,,,0,0,0,0,0,27,27,27,5,0,5,0,473.17674860000034,,,,,,,,,,,,,,,,,,,,,,,,,,,,,,,,,,,,,,,,,,,,,,,,,,,,,,,,,,,,,,,,,,,,,,,,,,,,,,,,,,,,,,,,,,,,,473.16663340000014,473.17674860000034,473.17674860000034,473.17674860000034,473.3608885000003,None,,,,,,,,,,,,,,,,,,,,,,,,,,,,,,,,P7350,Bar_MIC,10,1,2026-05-15_14h49.41.843,MIC_task,,2026.1.2,60.04138051946148,2026-05-15 14h49.44.746353 +0200,
,,6,0,6,,,,,,,10,pl29,brokkoli,broccoli,7,plants,vegetable,5.4,15,None,62,None,"(0, 0.1)",None,,,,,,,,,,,,,,0,0,0,0,0,27,27,27,6,0,6,0,473.3773652,,,,,,,,,,,,,,,,,,,,,,,,,,,,,,,,,,,,,,,,,,,,,,,,,,,,,,,,,,,,,,,,,,,,,,,,,,,,,,,,,,,,,,,,,,,,,473.36572990000013,473.3773652,473.3773652,473.3773652,473.56101750000016,None,,,,,,,,,,,,,,,,,,,,,,,,,,,,,,,,P7350,Bar_MIC,10,1,2026-05-15_14h49.41.843,MIC_task,,2026.1.2,60.04138051946148,2026-05-15 14h49.44.746353 +0200,
,,7,0,7,,,,,,,10,pl29,brokkoli,broccoli,7,plants,vegetable,5.4,15,None,62,None,"(0, 0.1)",None,,,,,,,,,,,,,,0,0,0,0,0,27,27,27,7,0,7,0,473.5776539000003,,,,,,,,,,,,,,,,,,,,,,,,,,,,,,,,,,,,,,,,,,,,,,,,,,,,,,,,,,,,,,,,,,,,,,,,,,,,,,,,,,,,,,,,,,,,,473.56589920000033,473.5776539000003,473.5776539000003,473.5776539000003,473.74749629999997,None,,,,,,,,,,,,,,,,,,,,,,,,,,,,,,,,P7350,Bar_MIC,10,1,2026-05-15_14h49.41.843,MIC_task,,2026.1.2,60.04138051946148,2026-05-15 14h49.44.746353 +0200,
,,8,0,8,,,,,,,10,pl29,brokkoli,broccoli,7,plants,vegetable,5.4,15,None,62,None,"(0, 0.1)",None,,,,,,,,,,,,,,0,0,0,0,0,27,27,27,8,0,8,0,473.75991650000014,,,,,,,,,,,,,,,,,,,,,,,,,,,,,,,,,,,,,,,,,,,,,,,,,,,,,,,,,,,,,,,,,,,,,,,,,,,,,,,,,,,,,,,,,,,,,473.75316900000007,473.75991650000014,473.75991650000014,473.75991650000014,473.9450112000004,None,,,,,,,,,,,,,,,,,,,,,,,,,,,,,,,,P7350,Bar_MIC,10,1,2026-05-15_14h49.41.843,MIC_task,,2026.1.2,60.04138051946148,2026-05-15 14h49.44.746353 +0200,
,,9,0,9,,,,,,,10,pl29,brokkoli,broccoli,7,plants,vegetable,5.4,15,None,62,None,"(0, 0.1)",None,,,,,,,,,,,,,,0,0,0,0,0,27,27,27,9,0,9,0,473.96185030000015,,,,,,,,,,,,,,,,,,,,,,,,,,,,,,,,,,,,,,,,,,,,,,,,,,,,,,,,,,,,,,,,,,,,,,,,,,,,,,,,,,,,,,,,,,,,,473.9497781,473.96185030000015,473.96185030000015,473.96185030000015,474.14558430000034,None,,,,,,,,,,,,,,,,,,,,,,,,,,,,,,,,P7350,Bar_MIC,10,1,2026-05-15_14h49.41.843,MIC_task,,2026.1.2,60.04138051946148,2026-05-15 14h49.44.746353 +0200,
,,10,0,10,,,,,,,10,pl29,brokkoli,broccoli,7,plants,vegetable,5.4,15,None,62,None,"(0, 0.1)",None,,,,,,,,,,,,,,0,0,0,0,0,27,27,27,10,0,10,0,474.1619147000001,,,,,,,,,,,,,,,,,,,,,,,,,,,,,,,,,,,,,,,,,,,,,,,,,,,,,,,,,,,,,,,,,,,,,,,,,,,,,,,,,,,,,,,,,,,,,474.15012590000015,474.1619147000001,474.1619147000001,474.1619147000001,474.3463662000004,None,,,,,,,,,,,,,,,,,,,,,,,,,,,,,,,,P7350,Bar_MIC,10,1,2026-05-15_14h49.41.843,MIC_task,,2026.1.2,60.04138051946148,2026-05-15 14h49.44.746353 +0200,
,,11,0,11,,,,,,,10,pl29,brokkoli,broccoli,7,plants,vegetable,5.4,15,None,62,None,"(0, 0.1)",None,,,,,,,,,,,,,,0,0,0,0,0,27,27,27,11,0,11,0,474.3626284000002,,,,,,,,,,,,,,,,,,,,,,,,,,,,,,,,,,,,,,,,,,,,,,,,,,,,,,,,,,,,,,,,,,,,,,,,,,,,,,,,,,,,,,,,,,,,,474.3509802000003,474.3626284000002,474.3626284000002,474.3626284000002,474.54626210000015,None,,,,,,,,,,,,,,,,,,,,,,,,,,,,,,,,P7350,Bar_MIC,10,1,2026-05-15_14h49.41.843,MIC_task,,2026.1.2,60.04138051946148,2026-05-15 14h49.44.746353 +0200,
,,12,0,12,,,,,,,10,pl29,brokkoli,broccoli,7,plants,vegetable,5.4,15,None,62,None,"(0, 0.1)",None,,,,,,,,,,,,,,0,0,0,0,0,27,27,27,12,0,12,0,474.5627214000001,,,,,,,,,,,,,,,,,,,,,,,,,,,,,,,,,,,,,,,,,,,,,,,,,,,,,,,,,,,,,,,,,,,,,,,,,,,,,,,,,,,,,,,,,,,,,474.5525683000001,474.5627214000001,474.5627214000001,474.5627214000001,474.74679170000036,None,,,,,,,,,,,,,,,,,,,,,,,,,,,,,,,,P7350,Bar_MIC,10,1,2026-05-15_14h49.41.843,MIC_task,,2026.1.2,60.04138051946148,2026-05-15 14h49.44.746353 +0200,
,,13,0,13,,,,,,,10,pl29,brokkoli,broccoli,7,plants,vegetable,5.4,15,None,62,None,"(0, 0.1)",None,,,,,,,,,,,,,,0,0,0,0,0,27,27,27,13,0,13,0,474.7637476,,,,,,,,,,,,,,,,,,,,,,,,,,,,,,,,,,,,,,,,,,,,,,,,,,,,,,,,,,,,,,,,,,,,,,,,,,,,,,,,,,,,,,,,,,,,,474.7518712000001,474.7637476,474.7637476,474.7637476,474.94750030000023,None,,,,,,,,,,,,,,,,,,,,,,,,,,,,,,,,P7350,Bar_MIC,10,1,2026-05-15_14h49.41.843,MIC_task,,2026.1.2,60.04138051946148,2026-05-15 14h49.44.746353 +0200,
,,14,0,14,,,,,,,10,pl29,brokkoli,broccoli,7,plants,vegetable,5.4,15,None,62,None,"(0, 0.1)",None,,,,,,,,,,,,,,0,0,0,0,0,27,27,27,14,0,14,0,474.9641693000003,,,,,,,,,,,,,,,,,,,,,,,,,,,,,,,,,,,,,,,,,,,,,,,,,,,,,,,,,,,,,,,,,,,,,,,,,,,,,,,,,,,,,,,,,,,,,474.95208010000033,474.9641693000003,474.9641693000003,474.9641693000003,475.14747480000005,None,,,,,,,,,,,,,,,,,,,,,,,,,,,,,,,,P7350,Bar_MIC,10,1,2026-05-15_14h49.41.843,MIC_task,,2026.1.2,60.04138051946148,2026-05-15 14h49.44.746353 +0200,
,,15,0,15,,,,,,,10,pl29,brokkoli,broccoli,7,plants,vegetable,5.4,15,None,62,None,"(0, 0.1)",None,,,,,,,,,,,,,,0,0,0,0,0,27,27,27,15,0,15,0,475.1630811,,,,,,,,,,,,,,,,,,,,,,,,,,,,,,,,,,,,,,,,,,,,,,,,,,,,,,,,,,,,,,,,,,,,,,,,,,,,,,,,,,,,,,,,,,,,,475.1522,475.1630811,475.1630811,475.1630811,475.3468122000004,None,,,,,,,,,,,,,,,,,,,,,,,,,,,,,,,,P7350,Bar_MIC,10,1,2026-05-15_14h49.41.843,MIC_task,,2026.1.2,60.04138051946148,2026-05-15 14h49.44.746353 +0200,
,,16,0,16,,,,,,,10,pl29,brokkoli,broccoli,7,plants,vegetable,5.4,15,None,62,None,"(0, 0.1)",None,,,,,,,,,,,,,,0,0,0,0,0,27,27,27,16,0,16,0,475.3634278000004,,,,,,,,,,,,,,,,,,,,,,,,,,,,,,,,,,,,,,,,,,,,,,,,,,,,,,,,,,,,,,,,,,,,,,,,,,,,,,,,,,,,,,,,,,,,,475.35140520000004,475.3634278000004,475.3634278000004,475.3634278000004,475.54741409999997,None,,,,,,,,,,,,,,,,,,,,,,,,,,,,,,,,P7350,Bar_MIC,10,1,2026-05-15_14h49.41.843,MIC_task,,2026.1.2,60.04138051946148,2026-05-15 14h49.44.746353 +0200,
,,17,0,17,,,,,,,10,pl29,brokkoli,broccoli,7,plants,vegetable,5.4,15,None,62,None,"(0, 0.1)",None,,,,,,,,,,,,,,0,0,0,0,0,27,27,27,17,0,17,0,475.56412580000006,,,,,,,,,,,,,,,,,,,,,,,,,,,,,,,,,,,,,,,,,,,,,,,,,,,,,,,,,,,,,,,,,,,,,,,,,,,,,,,,,,,,,,,,,,,,,475.5520335000001,475.56412580000006,475.56412580000006,475.56412580000006,475.7480966000003,None,,,,,,,,,,,,,,,,,,,,,,,,,,,,,,,,P7350,Bar_MIC,10,1,2026-05-15_14h49.41.843,MIC_task,,2026.1.2,60.04138051946148,2026-05-15 14h49.44.746353 +0200,
,,18,0,18,,,,,,,10,pl29,brokkoli,broccoli,7,plants,vegetable,5.4,15,None,62,None,"(0, 0.1)",None,,,,,,,,,,,,,,0,0,0,0,0,27,27,27,18,0,18,0,475.76449980000007,,,,,,,,,,,,,,,,,,,,,,,,,,,,,,,,,,,,,,,,,,,,,,,,,,,,,,,,,,,,,,,,,,,,,,,,,,,,,,,,,,,,,,,,,,,,,475.75264730000026,475.76449980000007,475.76449980000007,475.76449980000007,475.9479715000002,None,,,,,,,,,,,,,,,,,,,,,,,,,,,,,,,,P7350,Bar_MIC,10,1,2026-05-15_14h49.41.843,MIC_task,,2026.1.2,60.04138051946148,2026-05-15 14h49.44.746353 +0200,
,,19,0,19,,,,,,,10,pl29,brokkoli,broccoli,7,plants,vegetable,5.4,15,None,62,None,"(0, 0.1)",None,,,,,,,,,,,,,,0,0,0,0,0,27,27,27,19,0,19,0,475.9646899000004,,,,,,,,,,,,,,,,,,,,,,,,,,,,,,,,,,,,,,,,,,,,,,,,,,,,,,,,,,,,,,,,,,,,,,,,,,,,,,,,,,,,,,,,,,,,,475.9525542000001,475.9646899000004,475.9646899000004,475.9646899000004,476.1483623000004,None,,,,,,,,,,,,,,,,,,,,,,,,,,,,,,,,P7350,Bar_MIC,10,1,2026-05-15_14h49.41.843,MIC_task,,2026.1.2,60.04138051946148,2026-05-15 14h49.44.746353 +0200,
,,20,0,20,,,,,,,10,pl29,brokkoli,broccoli,7,plants,vegetable,5.4,15,None,62,None,"(0, 0.1)",None,,,,,,,,,,,,,,0,0,0,0,0,27,27,27,20,0,20,0,476.1649658000001,,,,,,,,,,,,,,,,,,,,,,,,,,,,,,,,,,,,,,,,,,,,,,,,,,,,,,,,,,,,,,,,,,,,,,,,,,,,,,,,,,,,,,,,,,,,,476.15279710000004,476.1649658000001,476.1649658000001,476.1649658000001,476.34964200000013,None,,,,,,,,,,,,,,,,,,,,,,,,,,,,,,,,P7350,Bar_MIC,10,1,2026-05-15_14h49.41.843,MIC_task,,2026.1.2,60.04138051946148,2026-05-15 14h49.44.746353 +0200,
,,21,0,21,,,,,,,10,pl29,brokkoli,broccoli,7,plants,vegetable,5.4,15,None,62,None,"(0, 0.1)",None,,,,,,,,,,,,,,0,0,0,0,0,27,27,27,21,0,21,0,476.3653086000004,,,,,,,,,,,,,,,,,,,,,,,,,,,,,,,,,,,,,,,,,,,,,,,,,,,,,,,,,,,,,,,,,,,,,,,,,,,,,,,,,,,,,,,,,,,,,476.35453350000034,476.3653086000004,476.3653086000004,476.3653086000004,476.54907060000005,None,,,,,,,,,,,,,,,,,,,,,,,,,,,,,,,,P7350,Bar_MIC,10,1,2026-05-15_14h49.41.843,MIC_task,,2026.1.2,60.04138051946148,2026-05-15 14h49.44.746353 +0200,
,,22,0,22,,,,,,,10,pl29,brokkoli,broccoli,7,plants,vegetable,5.4,15,None,62,None,"(0, 0.1)",None,,,,,,,,,,,,,,0,0,0,0,0,27,27,27,22,0,22,0,476.5656909000004,,,,,,,,,,,,,,,,,,,,,,,,,,,,,,,,,,,,,,,,,,,,,,,,,,,,,,,,,,,,,,,,,,,,,,,,,,,,,,,,,,,,,,,,,,,,,476.5536978,476.5656909000004,476.5656909000004,476.5656909000004,476.7497979,None,,,,,,,,,,,,,,,,,,,,,,,,,,,,,,,,P7350,Bar_MIC,10,1,2026-05-15_14h49.41.843,MIC_task,,2026.1.2,60.04138051946148,2026-05-15 14h49.44.746353 +0200,
,,23,0,23,,,,,,,10,pl29,brokkoli,broccoli,7,plants,vegetable,5.4,15,None,62,None,"(0, 0.1)",None,,,,,,,,,,,,,,0,0,0,0,0,27,27,27,23,0,23,0,476.7661999000002,,,,,,,,,,,,,,,,,,,,,,,,,,,,,,,,,,,,,,,,,,,,,,,,,,,,,,,,,,,,,,,,,,,,,,,,,,,,,,,,,,,,,,,,,,,,,476.7546916000001,476.7661999000002,476.7661999000002,476.7661999000002,476.9501669000001,None,,,,,,,,,,,,,,,,,,,,,,,,,,,,,,,,P7350,Bar_MIC,10,1,2026-05-15_14h49.41.843,MIC_task,,2026.1.2,60.04138051946148,2026-05-15 14h49.44.746353 +0200,
,,24,0,24,,,,,,,10,pl29,brokkoli,broccoli,7,plants,vegetable,5.4,15,None,62,None,"(0, 0.1)",None,,,,,,,,,,,,,,0,0,0,0,0,27,27,27,24,0,24,0,476.96684600000026,,,,,,,,,,,,,,,,,,,,,,,,,,,,,,,,,,,,,,,,,,,,,,,,,,,,,,,,,,,,,,,,,,,,,,,,,,,,,,,,,,,,,,,,,,,,,476.9550513000004,476.96684600000026,476.96684600000026,476.96684600000026,477.1502177000002,None,,,,,,,,,,,,,,,,,,,,,,,,,,,,,,,,P7350,Bar_MIC,10,1,2026-05-15_14h49.41.843,MIC_task,,2026.1.2,60.04138051946148,2026-05-15 14h49.44.746353 +0200,
,,25,0,25,,,,,,,10,pl29,brokkoli,broccoli,7,plants,vegetable,5.4,15,None,62,None,"(0, 0.1)",None,,,,,,,,,,,,,,0,0,0,0,0,27,27,27,25,0,25,0,477.1674065000002,,,,,,,,,,,,,,,,,,,,,,,,,,,,,,,,,,,,,,,,,,,,,,,,,,,,,,,,,,,,,,,,,,,,,,,,,,,,,,,,,,,,,,,,,,,,,477.15540950000013,477.1674065000002,477.1674065000002,477.1674065000002,477.35064950000015,None,,,,,,,,,,,,,,,,,,,,,,,,,,,,,,,,P7350,Bar_MIC,10,1,2026-05-15_14h49.41.843,MIC_task,,2026.1.2,60.04138051946148,2026-05-15 14h49.44.746353 +0200,
,,26,0,26,,,,,,,10,pl29,brokkoli,broccoli,7,plants,vegetable,5.4,15,None,62,None,"(0, 0.1)",space,0.12158399999998437,None,,,,,,,,,,,,0,0,0,0,0,27,27,27,26,0,26,0,477.3673450000001,,,,,,,,,,,,,,,,,,,,,,,,,,,,,,,,,,,,,,,,,,,,,,,,,,,,,,,,,,,,,,,,,,,,,,,,,,,,,,,,,,,,,,,,,,,,,477.35549119999996,477.3673450000001,477.3673450000001,477.3673450000001,477.5023120000001,space,0.12158399999998437,None,,,,,,,,,,,,,,,,,,,,,,,,,,,,,,P7350,Bar_MIC,10,1,2026-05-15_14h49.41.843,MIC_task,,2026.1.2,60.04138051946148,2026-05-15 14h49.44.746353 +0200,
,,27,27,0,,,,space,5.454530900000009,None,10,pl29,brokkoli,broccoli,7,plants,vegetable,5.4,15,None,62,None,"(0, 0.1)",,,,,,,,,,,,,,,0,0,0,0,0,27,27,27,,,,,,,,,,,,,,,,,,,,,,,,,,,,,,,,,,,,,,,,,,,,,,,,,,,,,,,,,,,,,,,,,,,,,,,,,,,,,,,,,477.5950147000003,477.60179430000017,477.6007507,479.5037417000003,,,,,,481.5073185000001,481.52361900000005,481.52361900000005,486.9830889,,,,,,,,,,,,,479.5336078,479.5406667000002,479.53683003333344,481.42266940000036,481.5072087000003,space,5.454530900000009,None,,,,,,,,,,,,,,,,,,,,,,P7350,Bar_MIC,10,1,2026-05-15_14h49.41.843,MIC_task,,2026.1.2,60.04138051946148,2026-05-15 14h49.44.746353 +0200,
,,0,0,0,,,,,,,10,p19,rendőr,police officier,6,people,professions,6.8,179,25,53,None,"(-0.1, 0)",None,,,,,,,,,,,,,,0,0,0,0,0,28,28,28,0,0,0,0,487.012612,,,,,,,,,,,,,,,,,,,,,,,,,,,,,,,,,,,,,,,,,,,,,,,,,,,,,,,,,,,,,,,,,,,,,,,,,,,,,,,,,,,,,,,,,,,,,487.0050718000002,487.012612,487.012612,487.012612,487.19859050000014,None,,,,,,,,,,,,,,,,,,,,,,,,,,,,,,,,P7350,Bar_MIC,10,1,2026-05-15_14h49.41.843,MIC_task,,2026.1.2,60.04138051946148,2026-05-15 14h49.44.746353 +0200,
,,0,0,0,,,,,,,10,p19,rendőr,police officier,6,people,professions,6.8,179,25,53,None,"(-0.1, 0)",None,,,,,,,,,,,,,,0,0,0,0,0,28,28,28,0,0,0,0,487.2154787000004,,,,,,,,,,,,,,,,,,,,,,,,,,,,,,,,,,,,,,,,,,,,,,,,,,,,,,,,,,,,,,,,,,,,,,,,,,,,,,,,,,,,,,,,,,,,,487.2028186000002,487.2154787000004,487.2154787000004,487.2154787000004,487.39913860000024,None,,,,,,,,,,,,,,,,,,,,,,,,,,,,,,,,P7350,Bar_MIC,10,1,2026-05-15_14h49.41.843,MIC_task,,2026.1.2,60.04138051946148,2026-05-15 14h49.44.746353 +0200,
,,1,0,1,,,,,,,10,p19,rendőr,police officier,6,people,professions,6.8,179,25,53,None,"(-0.1, 0)",None,,,,,,,,,,,,,,0,0,0,0,0,28,28,28,1,0,1,0,487.4157210000003,,,,,,,,,,,,,,,,,,,,,,,,,,,,,,,,,,,,,,,,,,,,,,,,,,,,,,,,,,,,,,,,,,,,,,,,,,,,,,,,,,,,,,,,,,,,,487.4034882000001,487.4157210000003,487.4157210000003,487.4157210000003,487.5993942,None,,,,,,,,,,,,,,,,,,,,,,,,,,,,,,,,P7350,Bar_MIC,10,1,2026-05-15_14h49.41.843,MIC_task,,2026.1.2,60.04138051946148,2026-05-15 14h49.44.746353 +0200,
,,2,0,2,,,,,,,10,p19,rendőr,police officier,6,people,professions,6.8,179,25,53,None,"(-0.1, 0)",None,,,,,,,,,,,,,,0,0,0,0,0,28,28,28,2,0,2,0,487.6160713000004,,,,,,,,,,,,,,,,,,,,,,,,,,,,,,,,,,,,,,,,,,,,,,,,,,,,,,,,,,,,,,,,,,,,,,,,,,,,,,,,,,,,,,,,,,,,,487.60388790000025,487.6160713000004,487.6160713000004,487.6160713000004,487.7835591000003,None,,,,,,,,,,,,,,,,,,,,,,,,,,,,,,,,P7350,Bar_MIC,10,1,2026-05-15_14h49.41.843,MIC_task,,2026.1.2,60.04138051946148,2026-05-15 14h49.44.746353 +0200,
,,3,0,3,,,,,,,10,p19,rendőr,police officier,6,people,professions,6.8,179,25,53,None,"(-0.1, 0)",None,,,,,,,,,,,,,,0,0,0,0,0,28,28,28,3,0,3,0,487.7994722000003,,,,,,,,,,,,,,,,,,,,,,,,,,,,,,,,,,,,,,,,,,,,,,,,,,,,,,,,,,,,,,,,,,,,,,,,,,,,,,,,,,,,,,,,,,,,,487.7880301,487.7994722000003,487.7994722000003,487.7994722000003,487.9839635000003,None,,,,,,,,,,,,,,,,,,,,,,,,,,,,,,,,P7350,Bar_MIC,10,1,2026-05-15_14h49.41.843,MIC_task,,2026.1.2,60.04138051946148,2026-05-15 14h49.44.746353 +0200,
,,4,0,4,,,,,,,10,p19,rendőr,police officier,6,people,professions,6.8,179,25,53,None,"(-0.1, 0)",None,,,,,,,,,,,,,,0,0,0,0,0,28,28,28,4,0,4,0,487.99995609999996,,,,,,,,,,,,,,,,,,,,,,,,,,,,,,,,,,,,,,,,,,,,,,,,,,,,,,,,,,,,,,,,,,,,,,,,,,,,,,,,,,,,,,,,,,,,,487.98940790000006,487.99995609999996,487.99995609999996,487.99995609999996,488.18441329999996,None,,,,,,,,,,,,,,,,,,,,,,,,,,,,,,,,P7350,Bar_MIC,10,1,2026-05-15_14h49.41.843,MIC_task,,2026.1.2,60.04138051946148,2026-05-15 14h49.44.746353 +0200,
,,5,0,5,,,,,,,10,p19,rendőr,police officier,6,people,professions,6.8,179,25,53,None,"(-0.1, 0)",None,,,,,,,,,,,,,,0,0,0,0,0,28,28,28,5,0,5,0,488.20034490000035,,,,,,,,,,,,,,,,,,,,,,,,,,,,,,,,,,,,,,,,,,,,,,,,,,,,,,,,,,,,,,,,,,,,,,,,,,,,,,,,,,,,,,,,,,,,,488.1889285000002,488.20034490000035,488.20034490000035,488.20034490000035,488.38436820000015,None,,,,,,,,,,,,,,,,,,,,,,,,,,,,,,,,P7350,Bar_MIC,10,1,2026-05-15_14h49.41.843,MIC_task,,2026.1.2,60.04138051946148,2026-05-15 14h49.44.746353 +0200,
,,6,0,6,,,,,,,10,p19,rendőr,police officier,6,people,professions,6.8,179,25,53,None,"(-0.1, 0)",None,,,,,,,,,,,,,,0,0,0,0,0,28,28,28,6,0,6,0,488.4012557000001,,,,,,,,,,,,,,,,,,,,,,,,,,,,,,,,,,,,,,,,,,,,,,,,,,,,,,,,,,,,,,,,,,,,,,,,,,,,,,,,,,,,,,,,,,,,,488.388743,488.4012557000001,488.4012557000001,488.4012557000001,488.5836518000001,None,,,,,,,,,,,,,,,,,,,,,,,,,,,,,,,,P7350,Bar_MIC,10,1,2026-05-15_14h49.41.843,MIC_task,,2026.1.2,60.04138051946148,2026-05-15 14h49.44.746353 +0200,
,,7,0,7,,,,,,,10,p19,rendőr,police officier,6,people,professions,6.8,179,25,53,None,"(-0.1, 0)",None,,,,,,,,,,,,,,0,0,0,0,0,28,28,28,7,0,7,0,488.6002774000003,,,,,,,,,,,,,,,,,,,,,,,,,,,,,,,,,,,,,,,,,,,,,,,,,,,,,,,,,,,,,,,,,,,,,,,,,,,,,,,,,,,,,,,,,,,,,488.58826620000036,488.6002774000003,488.6002774000003,488.6002774000003,488.7850072000001,None,,,,,,,,,,,,,,,,,,,,,,,,,,,,,,,,P7350,Bar_MIC,10,1,2026-05-15_14h49.41.843,MIC_task,,2026.1.2,60.04138051946148,2026-05-15 14h49.44.746353 +0200,
,,8,0,8,,,,,,,10,p19,rendőr,police officier,6,people,professions,6.8,179,25,53,None,"(-0.1, 0)",None,,,,,,,,,,,,,,0,0,0,0,0,28,28,28,8,0,8,0,488.8007276000003,,,,,,,,,,,,,,,,,,,,,,,,,,,,,,,,,,,,,,,,,,,,,,,,,,,,,,,,,,,,,,,,,,,,,,,,,,,,,,,,,,,,,,,,,,,,,488.78928940000014,488.8007276000003,488.8007276000003,488.8007276000003,488.9845891,None,,,,,,,,,,,,,,,,,,,,,,,,,,,,,,,,P7350,Bar_MIC,10,1,2026-05-15_14h49.41.843,MIC_task,,2026.1.2,60.04138051946148,2026-05-15 14h49.44.746353 +0200,
,,9,0,9,,,,,,,10,p19,rendőr,police officier,6,people,professions,6.8,179,25,53,None,"(-0.1, 0)",None,,,,,,,,,,,,,,0,0,0,0,0,28,28,28,9,0,9,0,489.0010580000003,,,,,,,,,,,,,,,,,,,,,,,,,,,,,,,,,,,,,,,,,,,,,,,,,,,,,,,,,,,,,,,,,,,,,,,,,,,,,,,,,,,,,,,,,,,,,488.98940410000023,489.0010580000003,489.0010580000003,489.0010580000003,489.18488670000033,None,,,,,,,,,,,,,,,,,,,,,,,,,,,,,,,,P7350,Bar_MIC,10,1,2026-05-15_14h49.41.843,MIC_task,,2026.1.2,60.04138051946148,2026-05-15 14h49.44.746353 +0200,
,,10,0,10,,,,,,,10,p19,rendőr,police officier,6,people,professions,6.8,179,25,53,None,"(-0.1, 0)",None,,,,,,,,,,,,,,0,0,0,0,0,28,28,28,10,0,10,0,489.2014516000004,,,,,,,,,,,,,,,,,,,,,,,,,,,,,,,,,,,,,,,,,,,,,,,,,,,,,,,,,,,,,,,,,,,,,,,,,,,,,,,,,,,,,,,,,,,,,489.18972010000016,489.2014516000004,489.2014516000004,489.2014516000004,489.3852724000003,None,,,,,,,,,,,,,,,,,,,,,,,,,,,,,,,,P7350,Bar_MIC,10,1,2026-05-15_14h49.41.843,MIC_task,,2026.1.2,60.04138051946148,2026-05-15 14h49.44.746353 +0200,
,,11,0,11,,,,,,,10,p19,rendőr,police officier,6,people,professions,6.8,179,25,53,None,"(-0.1, 0)",None,,,,,,,,,,,,,,0,0,0,0,0,28,28,28,11,0,11,0,489.40227730000015,,,,,,,,,,,,,,,,,,,,,,,,,,,,,,,,,,,,,,,,,,,,,,,,,,,,,,,,,,,,,,,,,,,,,,,,,,,,,,,,,,,,,,,,,,,,,489.38983640000015,489.40227730000015,489.40227730000015,489.40227730000015,489.5857483,None,,,,,,,,,,,,,,,,,,,,,,,,,,,,,,,,P7350,Bar_MIC,10,1,2026-05-15_14h49.41.843,MIC_task,,2026.1.2,60.04138051946148,2026-05-15 14h49.44.746353 +0200,
,,12,0,12,,,,,,,10,p19,rendőr,police officier,6,people,professions,6.8,179,25,53,None,"(-0.1, 0)",None,,,,,,,,,,,,,,0,0,0,0,0,28,28,28,12,0,12,0,489.6026407000004,,,,,,,,,,,,,,,,,,,,,,,,,,,,,,,,,,,,,,,,,,,,,,,,,,,,,,,,,,,,,,,,,,,,,,,,,,,,,,,,,,,,,,,,,,,,,489.59045779999997,489.6026407000004,489.6026407000004,489.6026407000004,489.786024,None,,,,,,,,,,,,,,,,,,,,,,,,,,,,,,,,P7350,Bar_MIC,10,1,2026-05-15_14h49.41.843,MIC_task,,2026.1.2,60.04138051946148,2026-05-15 14h49.44.746353 +0200,
,,13,0,13,,,,,,,10,p19,rendőr,police officier,6,people,professions,6.8,179,25,53,None,"(-0.1, 0)",None,,,,,,,,,,,,,,0,0,0,0,0,28,28,28,13,0,13,0,489.80254890000015,,,,,,,,,,,,,,,,,,,,,,,,,,,,,,,,,,,,,,,,,,,,,,,,,,,,,,,,,,,,,,,,,,,,,,,,,,,,,,,,,,,,,,,,,,,,,489.79112410000016,489.80254890000015,489.80254890000015,489.80254890000015,489.98712430000023,None,,,,,,,,,,,,,,,,,,,,,,,,,,,,,,,,P7350,Bar_MIC,10,1,2026-05-15_14h49.41.843,MIC_task,,2026.1.2,60.04138051946148,2026-05-15 14h49.44.746353 +0200,
,,14,0,14,,,,,,,10,p19,rendőr,police officier,6,people,professions,6.8,179,25,53,None,"(-0.1, 0)",None,,,,,,,,,,,,,,0,0,0,0,0,28,28,28,14,0,14,0,490.0027335,,,,,,,,,,,,,,,,,,,,,,,,,,,,,,,,,,,,,,,,,,,,,,,,,,,,,,,,,,,,,,,,,,,,,,,,,,,,,,,,,,,,,,,,,,,,,489.9927337000004,490.0027335,490.0027335,490.0027335,490.1872150000004,None,,,,,,,,,,,,,,,,,,,,,,,,,,,,,,,,P7350,Bar_MIC,10,1,2026-05-15_14h49.41.843,MIC_task,,2026.1.2,60.04138051946148,2026-05-15 14h49.44.746353 +0200,
,,15,0,15,,,,,,,10,p19,rendőr,police officier,6,people,professions,6.8,179,25,53,None,"(-0.1, 0)",None,,,,,,,,,,,,,,0,0,0,0,0,28,28,28,15,0,15,0,490.20323290000033,,,,,,,,,,,,,,,,,,,,,,,,,,,,,,,,,,,,,,,,,,,,,,,,,,,,,,,,,,,,,,,,,,,,,,,,,,,,,,,,,,,,,,,,,,,,,490.1916914000003,490.20323290000033,490.20323290000033,490.20323290000033,490.3880138000004,None,,,,,,,,,,,,,,,,,,,,,,,,,,,,,,,,P7350,Bar_MIC,10,1,2026-05-15_14h49.41.843,MIC_task,,2026.1.2,60.04138051946148,2026-05-15 14h49.44.746353 +0200,
,,16,0,16,,,,,,,10,p19,rendőr,police officier,6,people,professions,6.8,179,25,53,None,"(-0.1, 0)",None,,,,,,,,,,,,,,0,0,0,0,0,28,28,28,16,0,16,0,490.40284930000007,,,,,,,,,,,,,,,,,,,,,,,,,,,,,,,,,,,,,,,,,,,,,,,,,,,,,,,,,,,,,,,,,,,,,,,,,,,,,,,,,,,,,,,,,,,,,490.3932229000002,490.40284930000007,490.40284930000007,490.40284930000007,490.58757160000005,None,,,,,,,,,,,,,,,,,,,,,,,,,,,,,,,,P7350,Bar_MIC,10,1,2026-05-15_14h49.41.843,MIC_task,,2026.1.2,60.04138051946148,2026-05-15 14h49.44.746353 +0200,
,,17,0,17,,,,,,,10,p19,rendőr,police officier,6,people,professions,6.8,179,25,53,None,"(-0.1, 0)",None,,,,,,,,,,,,,,0,0,0,0,0,28,28,28,17,0,17,0,490.6032339000003,,,,,,,,,,,,,,,,,,,,,,,,,,,,,,,,,,,,,,,,,,,,,,,,,,,,,,,,,,,,,,,,,,,,,,,,,,,,,,,,,,,,,,,,,,,,,490.5920123000001,490.6032339000003,490.6032339000003,490.6032339000003,490.78796120000015,None,,,,,,,,,,,,,,,,,,,,,,,,,,,,,,,,P7350,Bar_MIC,10,1,2026-05-15_14h49.41.843,MIC_task,,2026.1.2,60.04138051946148,2026-05-15 14h49.44.746353 +0200,
,,18,0,18,,,,,,,10,p19,rendőr,police officier,6,people,professions,6.8,179,25,53,None,"(-0.1, 0)",None,,,,,,,,,,,,,,0,0,0,0,0,28,28,28,18,0,18,0,490.8036089000002,,,,,,,,,,,,,,,,,,,,,,,,,,,,,,,,,,,,,,,,,,,,,,,,,,,,,,,,,,,,,,,,,,,,,,,,,,,,,,,,,,,,,,,,,,,,,490.7930382000004,490.8036089000002,490.8036089000002,490.8036089000002,490.9873816000004,None,,,,,,,,,,,,,,,,,,,,,,,,,,,,,,,,P7350,Bar_MIC,10,1,2026-05-15_14h49.41.843,MIC_task,,2026.1.2,60.04138051946148,2026-05-15 14h49.44.746353 +0200,
,,19,0,19,,,,,,,10,p19,rendőr,police officier,6,people,professions,6.8,179,25,53,None,"(-0.1, 0)",None,,,,,,,,,,,,,,0,0,0,0,0,28,28,28,19,0,19,0,491.0041812000004,,,,,,,,,,,,,,,,,,,,,,,,,,,,,,,,,,,,,,,,,,,,,,,,,,,,,,,,,,,,,,,,,,,,,,,,,,,,,,,,,,,,,,,,,,,,,490.99150880000025,491.0041812000004,491.0041812000004,491.0041812000004,491.1896988000003,None,,,,,,,,,,,,,,,,,,,,,,,,,,,,,,,,P7350,Bar_MIC,10,1,2026-05-15_14h49.41.843,MIC_task,,2026.1.2,60.04138051946148,2026-05-15 14h49.44.746353 +0200,
,,20,0,20,,,,,,,10,p19,rendőr,police officier,6,people,professions,6.8,179,25,53,None,"(-0.1, 0)",None,,,,,,,,,,,,,,0,0,0,0,0,28,28,28,20,0,20,0,491.20449320000034,,,,,,,,,,,,,,,,,,,,,,,,,,,,,,,,,,,,,,,,,,,,,,,,,,,,,,,,,,,,,,,,,,,,,,,,,,,,,,,,,,,,,,,,,,,,,491.19505210000034,491.20449320000034,491.20449320000034,491.20449320000034,491.38829490000035,None,,,,,,,,,,,,,,,,,,,,,,,,,,,,,,,,P7350,Bar_MIC,10,1,2026-05-15_14h49.41.843,MIC_task,,2026.1.2,60.04138051946148,2026-05-15 14h49.44.746353 +0200,
,,21,0,21,,,,,,,10,p19,rendőr,police officier,6,people,professions,6.8,179,25,53,None,"(-0.1, 0)",None,,,,,,,,,,,,,,0,0,0,0,0,28,28,28,21,0,21,0,491.40487680000024,,,,,,,,,,,,,,,,,,,,,,,,,,,,,,,,,,,,,,,,,,,,,,,,,,,,,,,,,,,,,,,,,,,,,,,,,,,,,,,,,,,,,,,,,,,,,491.3927116,491.40487680000024,491.40487680000024,491.40487680000024,491.5894349,None,,,,,,,,,,,,,,,,,,,,,,,,,,,,,,,,P7350,Bar_MIC,10,1,2026-05-15_14h49.41.843,MIC_task,,2026.1.2,60.04138051946148,2026-05-15 14h49.44.746353 +0200,
,,22,0,22,,,,,,,10,p19,rendőr,police officier,6,people,professions,6.8,179,25,53,None,"(-0.1, 0)",None,,,,,,,,,,,,,,0,0,0,0,0,28,28,28,22,0,22,0,491.60512719999997,,,,,,,,,,,,,,,,,,,,,,,,,,,,,,,,,,,,,,,,,,,,,,,,,,,,,,,,,,,,,,,,,,,,,,,,,,,,,,,,,,,,,,,,,,,,,491.59413710000035,491.60512719999997,491.60512719999997,491.60512719999997,491.7901152000004,None,,,,,,,,,,,,,,,,,,,,,,,,,,,,,,,,P7350,Bar_MIC,10,1,2026-05-15_14h49.41.843,MIC_task,,2026.1.2,60.04138051946148,2026-05-15 14h49.44.746353 +0200,
,,23,0,23,,,,,,,10,p19,rendőr,police officier,6,people,professions,6.8,179,25,53,None,"(-0.1, 0)",None,,,,,,,,,,,,,,0,0,0,0,0,28,28,28,23,0,23,0,491.8054658000001,,,,,,,,,,,,,,,,,,,,,,,,,,,,,,,,,,,,,,,,,,,,,,,,,,,,,,,,,,,,,,,,,,,,,,,,,,,,,,,,,,,,,,,,,,,,,491.7945735000003,491.8054658000001,491.8054658000001,491.8054658000001,491.9898416000001,None,,,,,,,,,,,,,,,,,,,,,,,,,,,,,,,,P7350,Bar_MIC,10,1,2026-05-15_14h49.41.843,MIC_task,,2026.1.2,60.04138051946148,2026-05-15 14h49.44.746353 +0200,
,,24,0,24,,,,,,,10,p19,rendőr,police officier,6,people,professions,6.8,179,25,53,None,"(-0.1, 0)",None,,,,,,,,,,,,,,0,0,0,0,0,28,28,28,24,0,24,0,492.0059656000003,,,,,,,,,,,,,,,,,,,,,,,,,,,,,,,,,,,,,,,,,,,,,,,,,,,,,,,,,,,,,,,,,,,,,,,,,,,,,,,,,,,,,,,,,,,,,491.9942596000001,492.0059656000003,492.0059656000003,492.0059656000003,492.18963610000037,None,,,,,,,,,,,,,,,,,,,,,,,,,,,,,,,,P7350,Bar_MIC,10,1,2026-05-15_14h49.41.843,MIC_task,,2026.1.2,60.04138051946148,2026-05-15 14h49.44.746353 +0200,
,,25,0,25,,,,,,,10,p19,rendőr,police officier,6,people,professions,6.8,179,25,53,None,"(-0.1, 0)",None,,,,,,,,,,,,,,0,0,0,0,0,28,28,28,25,0,25,0,492.2064011000002,,,,,,,,,,,,,,,,,,,,,,,,,,,,,,,,,,,,,,,,,,,,,,,,,,,,,,,,,,,,,,,,,,,,,,,,,,,,,,,,,,,,,,,,,,,,,492.19394820000025,492.2064011000002,492.2064011000002,492.2064011000002,492.3910229000003,None,,,,,,,,,,,,,,,,,,,,,,,,,,,,,,,,P7350,Bar_MIC,10,1,2026-05-15_14h49.41.843,MIC_task,,2026.1.2,60.04138051946148,2026-05-15 14h49.44.746353 +0200,
,,26,0,26,,,,,,,10,p19,rendőr,police officier,6,people,professions,6.8,179,25,53,None,"(-0.1, 0)",None,,,,,,,,,,,,,,0,0,0,0,0,28,28,28,26,0,26,0,492.4067554000003,,,,,,,,,,,,,,,,,,,,,,,,,,,,,,,,,,,,,,,,,,,,,,,,,,,,,,,,,,,,,,,,,,,,,,,,,,,,,,,,,,,,,,,,,,,,,492.39568240000017,492.4067554000003,492.4067554000003,492.4067554000003,492.5904779000002,None,,,,,,,,,,,,,,,,,,,,,,,,,,,,,,,,P7350,Bar_MIC,10,1,2026-05-15_14h49.41.843,MIC_task,,2026.1.2,60.04138051946148,2026-05-15 14h49.44.746353 +0200,
,,27,0,27,,,,,,,10,p19,rendőr,police officier,6,people,professions,6.8,179,25,53,None,"(-0.1, 0)",None,,,,,,,,,,,,,,0,0,0,0,0,28,28,28,27,0,27,0,492.6070305000003,,,,,,,,,,,,,,,,,,,,,,,,,,,,,,,,,,,,,,,,,,,,,,,,,,,,,,,,,,,,,,,,,,,,,,,,,,,,,,,,,,,,,,,,,,,,,492.59524039999997,492.6070305000003,492.6070305000003,492.6070305000003,492.79196090000005,None,,,,,,,,,,,,,,,,,,,,,,,,,,,,,,,,P7350,Bar_MIC,10,1,2026-05-15_14h49.41.843,MIC_task,,2026.1.2,60.04138051946148,2026-05-15 14h49.44.746353 +0200,
,,28,0,28,,,,,,,10,p19,rendőr,police officier,6,people,professions,6.8,179,25,53,None,"(-0.1, 0)",None,,,,,,,,,,,,,,0,0,0,0,0,28,28,28,28,0,28,0,492.8081328000003,,,,,,,,,,,,,,,,,,,,,,,,,,,,,,,,,,,,,,,,,,,,,,,,,,,,,,,,,,,,,,,,,,,,,,,,,,,,,,,,,,,,,,,,,,,,,492.7971669000003,492.8081328000003,492.8081328000003,492.8081328000003,492.99042020000024,None,,,,,,,,,,,,,,,,,,,,,,,,,,,,,,,,P7350,Bar_MIC,10,1,2026-05-15_14h49.41.843,MIC_task,,2026.1.2,60.04138051946148,2026-05-15 14h49.44.746353 +0200,
,,29,0,29,,,,,,,10,p19,rendőr,police officier,6,people,professions,6.8,179,25,53,None,"(-0.1, 0)",None,,,,,,,,,,,,,,0,0,0,0,0,28,28,28,29,0,29,0,493.0068702000003,,,,,,,,,,,,,,,,,,,,,,,,,,,,,,,,,,,,,,,,,,,,,,,,,,,,,,,,,,,,,,,,,,,,,,,,,,,,,,,,,,,,,,,,,,,,,492.9949636000001,493.0068702000003,493.0068702000003,493.0068702000003,493.19076210000003,None,,,,,,,,,,,,,,,,,,,,,,,,,,,,,,,,P7350,Bar_MIC,10,1,2026-05-15_14h49.41.843,MIC_task,,2026.1.2,60.04138051946148,2026-05-15 14h49.44.746353 +0200,
,,30,0,30,,,,,,,10,p19,rendőr,police officier,6,people,professions,6.8,179,25,53,None,"(-0.1, 0)",None,,,,,,,,,,,,,,0,0,0,0,0,28,28,28,30,0,30,0,493.2073384,,,,,,,,,,,,,,,,,,,,,,,,,,,,,,,,,,,,,,,,,,,,,,,,,,,,,,,,,,,,,,,,,,,,,,,,,,,,,,,,,,,,,,,,,,,,,493.1954310000001,493.2073384,493.2073384,493.2073384,493.39253340000005,None,,,,,,,,,,,,,,,,,,,,,,,,,,,,,,,,P7350,Bar_MIC,10,1,2026-05-15_14h49.41.843,MIC_task,,2026.1.2,60.04138051946148,2026-05-15 14h49.44.746353 +0200,
,,31,0,31,,,,,,,10,p19,rendőr,police officier,6,people,professions,6.8,179,25,53,None,"(-0.1, 0)",None,,,,,,,,,,,,,,0,0,0,0,0,28,28,28,31,0,31,0,493.40773370000034,,,,,,,,,,,,,,,,,,,,,,,,,,,,,,,,,,,,,,,,,,,,,,,,,,,,,,,,,,,,,,,,,,,,,,,,,,,,,,,,,,,,,,,,,,,,,493.3972399000004,493.40773370000034,493.40773370000034,493.40773370000034,493.5920121000004,None,,,,,,,,,,,,,,,,,,,,,,,,,,,,,,,,P7350,Bar_MIC,10,1,2026-05-15_14h49.41.843,MIC_task,,2026.1.2,60.04138051946148,2026-05-15 14h49.44.746353 +0200,
,,32,0,32,,,,,,,10,p19,rendőr,police officier,6,people,professions,6.8,179,25,53,None,"(-0.1, 0)",None,,,,,,,,,,,,,,0,0,0,0,0,28,28,28,32,0,32,0,493.6084133000004,,,,,,,,,,,,,,,,,,,,,,,,,,,,,,,,,,,,,,,,,,,,,,,,,,,,,,,,,,,,,,,,,,,,,,,,,,,,,,,,,,,,,,,,,,,,,493.5966322000004,493.6084133000004,493.6084133000004,493.6084133000004,493.7920782000001,None,,,,,,,,,,,,,,,,,,,,,,,,,,,,,,,,P7350,Bar_MIC,10,1,2026-05-15_14h49.41.843,MIC_task,,2026.1.2,60.04138051946148,2026-05-15 14h49.44.746353 +0200,
,,33,0,33,,,,,,,10,p19,rendőr,police officier,6,people,professions,6.8,179,25,53,None,"(-0.1, 0)",None,,,,,,,,,,,,,,0,0,0,0,0,28,28,28,33,0,33,0,493.8084918000004,,,,,,,,,,,,,,,,,,,,,,,,,,,,,,,,,,,,,,,,,,,,,,,,,,,,,,,,,,,,,,,,,,,,,,,,,,,,,,,,,,,,,,,,,,,,,493.7967804,493.8084918000004,493.8084918000004,493.8084918000004,493.99230860000034,None,,,,,,,,,,,,,,,,,,,,,,,,,,,,,,,,P7350,Bar_MIC,10,1,2026-05-15_14h49.41.843,MIC_task,,2026.1.2,60.04138051946148,2026-05-15 14h49.44.746353 +0200,
,,34,0,34,,,,,,,10,p19,rendőr,police officier,6,people,professions,6.8,179,25,53,None,"(-0.1, 0)",None,,,,,,,,,,,,,,0,0,0,0,0,28,28,28,34,0,34,0,494.0090194000004,,,,,,,,,,,,,,,,,,,,,,,,,,,,,,,,,,,,,,,,,,,,,,,,,,,,,,,,,,,,,,,,,,,,,,,,,,,,,,,,,,,,,,,,,,,,,493.99691710000025,494.0090194000004,494.0090194000004,494.0090194000004,494.19276000000036,None,,,,,,,,,,,,,,,,,,,,,,,,,,,,,,,,P7350,Bar_MIC,10,1,2026-05-15_14h49.41.843,MIC_task,,2026.1.2,60.04138051946148,2026-05-15 14h49.44.746353 +0200,
,,35,0,35,,,,,,,10,p19,rendőr,police officier,6,people,professions,6.8,179,25,53,None,"(-0.1, 0)",None,,,,,,,,,,,,,,0,0,0,0,0,28,28,28,35,0,35,0,494.20941700000003,,,,,,,,,,,,,,,,,,,,,,,,,,,,,,,,,,,,,,,,,,,,,,,,,,,,,,,,,,,,,,,,,,,,,,,,,,,,,,,,,,,,,,,,,,,,,494.19727220000004,494.20941700000003,494.20941700000003,494.20941700000003,494.39339670000027,None,,,,,,,,,,,,,,,,,,,,,,,,,,,,,,,,P7350,Bar_MIC,10,1,2026-05-15_14h49.41.843,MIC_task,,2026.1.2,60.04138051946148,2026-05-15 14h49.44.746353 +0200,
,,36,0,36,,,,,,,10,p19,rendőr,police officier,6,people,professions,6.8,179,25,53,None,"(-0.1, 0)",space,0.13780540000016117,None,,,,,,,,,,,,0,0,0,0,0,28,28,28,36,0,36,0,494.40968410000005,,,,,,,,,,,,,,,,,,,,,,,,,,,,,,,,,,,,,,,,,,,,,,,,,,,,,,,,,,,,,,,,,,,,,,,,,,,,,,,,,,,,,,,,,,,,,494.39792239999997,494.40968410000005,494.40968410000005,494.40968410000005,494.5614934,space,0.13780540000016117,None,,,,,,,,,,,,,,,,,,,,,,,,,,,,,,P7350,Bar_MIC,10,1,2026-05-15_14h49.41.843,MIC_task,,2026.1.2,60.04138051946148,2026-05-15 14h49.44.746353 +0200,
,,28,28,0,,,,space,0.8995052999998734,None,10,p19,rendőr,police officier,6,people,professions,6.8,179,25,53,None,"(-0.1, 0)",,,,,,,,,,,,,,,0,0,0,0,0,28,28,28,,,,,,,,,,,,,,,,,,,,,,,,,,,,,,,,,,,,,,,,,,,,,,,,,,,,,,,,,,,,,,,,,,,,,,,,,,,,,,,,,494.66158280000036,494.6679663,494.676917066667,496.5630183000003,,,,,,498.5660982000004,498.5825582000002,498.5825582000002,499.4850456000004,,,,,,,,,,,,,496.5955374,496.60236570000006,496.5961297333333,498.49984970000014,498.5660409000002,space,0.8995052999998734,None,,,,,,,,,,,,,,,,,,,,,,P7350,Bar_MIC,10,1,2026-05-15_14h49.41.843,MIC_task,,2026.1.2,60.04138051946148,2026-05-15 14h49.44.746353 +0200,
,,0,0,0,,,,,,,10,t26,gitár,guitar,8,tools,instrument,6.4,19,None,63,None,"(0.1, 0.1)",None,,,,,,,,,,,,,,0,0,0,0,0,29,29,29,0,0,0,0,499.5159082,,,,,,,,,,,,,,,,,,,,,,,,,,,,,,,,,,,,,,,,,,,,,,,,,,,,,,,,,,,,,,,,,,,,,,,,,,,,,,,,,,,,,,,,,,,,,499.5082822000004,499.5159082,499.5159082,499.5159082,499.7010557000003,None,,,,,,,,,,,,,,,,,,,,,,,,,,,,,,,,P7350,Bar_MIC,10,1,2026-05-15_14h49.41.843,MIC_task,,2026.1.2,60.04138051946148,2026-05-15 14h49.44.746353 +0200,
,,0,0,0,,,,,,,10,t26,gitár,guitar,8,tools,instrument,6.4,19,None,63,None,"(0.1, 0.1)",None,,,,,,,,,,,,,,0,0,0,0,0,29,29,29,0,0,0,0,499.7177095000002,,,,,,,,,,,,,,,,,,,,,,,,,,,,,,,,,,,,,,,,,,,,,,,,,,,,,,,,,,,,,,,,,,,,,,,,,,,,,,,,,,,,,,,,,,,,,499.7057544000004,499.7177095000002,499.7177095000002,499.7177095000002,499.8858301,None,,,,,,,,,,,,,,,,,,,,,,,,,,,,,,,,P7350,Bar_MIC,10,1,2026-05-15_14h49.41.843,MIC_task,,2026.1.2,60.04138051946148,2026-05-15 14h49.44.746353 +0200,
,,1,0,1,,,,,,,10,t26,gitár,guitar,8,tools,instrument,6.4,19,None,63,None,"(0.1, 0.1)",None,,,,,,,,,,,,,,0,0,0,0,0,29,29,29,1,0,1,0,499.90165049999996,,,,,,,,,,,,,,,,,,,,,,,,,,,,,,,,,,,,,,,,,,,,,,,,,,,,,,,,,,,,,,,,,,,,,,,,,,,,,,,,,,,,,,,,,,,,,499.89060370000016,499.90165049999996,499.90165049999996,499.90165049999996,500.08579750000035,None,,,,,,,,,,,500.1014255,500.1014255,500.1014255,,,,,,,,,,,,,,,,,,,P7350,Bar_MIC,10,1,2026-05-15_14h49.41.843,MIC_task,,2026.1.2,60.04138051946148,2026-05-15 14h49.44.746353 +0200,
,,2,0,2,,,,,,,10,t26,gitár,guitar,8,tools,instrument,6.4,19,None,63,None,"(0.1, 0.1)",None,,,,,,,,,,,,,,0,0,0,0,0,29,29,29,2,0,2,0,500.1014255,,,,,,,,,,,,,,,,,,,,,,,,,,,,,,,,,,,,,,,,,,,,,,,,,,,,,,,,,,,,,,,,,,,,,,,,,,,,,,,,,,,,,,,,,,,,,500.09236680000004,500.1014255,500.1014255,500.1014255,500.28561790000003,None,,,,,,,,,,,,,,,,,,,,,,,,,,,,,,,,P7350,Bar_MIC,10,1,2026-05-15_14h49.41.843,MIC_task,,2026.1.2,60.04138051946148,2026-05-15 14h49.44.746353 +0200,
,,3,0,3,,,,,,,10,t26,gitár,guitar,8,tools,instrument,6.4,19,None,63,None,"(0.1, 0.1)",None,,,,,,,,,,,,,,0,0,0,0,0,29,29,29,3,0,3,0,500.30222010000034,,,,,,,,,,,,,,,,,,,,,,,,,,,,,,,,,,,,,,,,,,,,,,,,,,,,,,,,,,,,,,,,,,,,,,,,,,,,,,,,,,,,,,,,,,,,,500.2900058,500.30222010000034,500.30222010000034,500.30222010000034,500.4873120000002,None,,,,,,,,,,,,,,,,,,,,,,,,,,,,,,,,P7350,Bar_MIC,10,1,2026-05-15_14h49.41.843,MIC_task,,2026.1.2,60.04138051946148,2026-05-15 14h49.44.746353 +0200,
,,4,0,4,,,,,,,10,t26,gitár,guitar,8,tools,instrument,6.4,19,None,63,None,"(0.1, 0.1)",None,,,,,,,,,,,,,,0,0,0,0,0,29,29,29,4,0,4,0,500.5015209000003,,,,,,,,,,,,,,,,,,,,,,,,,,,,,,,,,,,,,,,,,,,,,,,,,,,,,,,,,,,,,,,,,,,,,,,,,,,,,,,,,,,,,,,,,,,,,500.4916525000003,500.5015209000003,500.5015209000003,500.5015209000003,500.6862873,None,,,,,,,,,,,,,,,,,,,,,,,,,,,,,,,,P7350,Bar_MIC,10,1,2026-05-15_14h49.41.843,MIC_task,,2026.1.2,60.04138051946148,2026-05-15 14h49.44.746353 +0200,
,,5,0,5,,,,,,,10,t26,gitár,guitar,8,tools,instrument,6.4,19,None,63,None,"(0.1, 0.1)",None,,,,,,,,,,,,,,0,0,0,0,0,29,29,29,5,0,5,0,500.7032350000004,,,,,,,,,,,,,,,,,,,,,,,,,,,,,,,,,,,,,,,,,,,,,,,,,,,,,,,,,,,,,,,,,,,,,,,,,,,,,,,,,,,,,,,,,,,,,500.6905078,500.7032350000004,500.7032350000004,500.7032350000004,500.8882143000001,None,,,,,,,,,,,,,,,,,,,,,,,,,,,,,,,,P7350,Bar_MIC,10,1,2026-05-15_14h49.41.843,MIC_task,,2026.1.2,60.04138051946148,2026-05-15 14h49.44.746353 +0200,
,,6,0,6,,,,,,,10,t26,gitár,guitar,8,tools,instrument,6.4,19,None,63,None,"(0.1, 0.1)",None,,,,,,,,,,,,,,0,0,0,0,0,29,29,29,6,0,6,0,500.90315580000015,,,,,,,,,,,,,,,,,,,,,,,,,,,,,,,,,,,,,,,,,,,,,,,,,,,,,,,,,,,,,,,,,,,,,,,,,,,,,,,,,,,,,,,,,,,,,500.89238780000005,500.90315580000015,500.90315580000015,500.90315580000015,501.08615710000004,None,,,,,,,,,,,,,,,,,,,,,,,,,,,,,,,,P7350,Bar_MIC,10,1,2026-05-15_14h49.41.843,MIC_task,,2026.1.2,60.04138051946148,2026-05-15 14h49.44.746353 +0200,
,,7,0,7,,,,,,,10,t26,gitár,guitar,8,tools,instrument,6.4,19,None,63,None,"(0.1, 0.1)",None,,,,,,,,,,,,,,0,0,0,0,0,29,29,29,7,0,7,0,501.10266660000025,,,,,,,,,,,,,,,,,,,,,,,,,,,,,,,,,,,,,,,,,,,,,,,,,,,,,,,,,,,,,,,,,,,,,,,,,,,,,,,,,,,,,,,,,,,,,501.0915130000003,501.10266660000025,501.10266660000025,501.10266660000025,501.2874637,None,,,,,,,,,,,,,,,,,,,,,,,,,,,,,,,,P7350,Bar_MIC,10,1,2026-05-15_14h49.41.843,MIC_task,,2026.1.2,60.04138051946148,2026-05-15 14h49.44.746353 +0200,
,,8,0,8,,,,,,,10,t26,gitár,guitar,8,tools,instrument,6.4,19,None,63,None,"(0.1, 0.1)",None,,,,,,,,,,,,,,0,0,0,0,0,29,29,29,8,0,8,0,501.3030442000004,,,,,,,,,,,,,,,,,,,,,,,,,,,,,,,,,,,,,,,,,,,,,,,,,,,,,,,,,,,,,,,,,,,,,,,,,,,,,,,,,,,,,,,,,,,,,501.2923162000002,501.3030442000004,501.3030442000004,501.3030442000004,501.4874068000004,None,,,,,,,,,,,,,,,,,,,,,,,,,,,,,,,,P7350,Bar_MIC,10,1,2026-05-15_14h49.41.843,MIC_task,,2026.1.2,60.04138051946148,2026-05-15 14h49.44.746353 +0200,
,,9,0,9,,,,,,,10,t26,gitár,guitar,8,tools,instrument,6.4,19,None,63,None,"(0.1, 0.1)",None,,,,,,,,,,,,,,0,0,0,0,0,29,29,29,9,0,9,0,501.5034442000001,,,,,,,,,,,,,,,,,,,,,,,,,,,,,,,,,,,,,,,,,,,,,,,,,,,,,,,,,,,,,,,,,,,,,,,,,,,,,,,,,,,,,,,,,,,,,501.4918571000003,501.5034442000001,501.5034442000001,501.5034442000001,501.68729540000004,None,,,,,,,,,,,,,,,,,,,,,,,,,,,,,,,,P7350,Bar_MIC,10,1,2026-05-15_14h49.41.843,MIC_task,,2026.1.2,60.04138051946148,2026-05-15 14h49.44.746353 +0200,
,,10,0,10,,,,,,,10,t26,gitár,guitar,8,tools,instrument,6.4,19,None,63,None,"(0.1, 0.1)",None,,,,,,,,,,,,,,0,0,0,0,0,29,29,29,10,0,10,0,501.7038600000001,,,,,,,,,,,,,,,,,,,,,,,,,,,,,,,,,,,,,,,,,,,,,,,,,,,,,,,,,,,,,,,,,,,,,,,,,,,,,,,,,,,,,,,,,,,,,501.69154800000024,501.7038600000001,501.7038600000001,501.7038600000001,501.88777830000026,None,,,,,,,,,,,,,,,,,,,,,,,,,,,,,,,,P7350,Bar_MIC,10,1,2026-05-15_14h49.41.843,MIC_task,,2026.1.2,60.04138051946148,2026-05-15 14h49.44.746353 +0200,
,,11,0,11,,,,,,,10,t26,gitár,guitar,8,tools,instrument,6.4,19,None,63,None,"(0.1, 0.1)",None,,,,,,,,,,,,,,0,0,0,0,0,29,29,29,11,0,11,0,501.9043707000001,,,,,,,,,,,,,,,,,,,,,,,,,,,,,,,,,,,,,,,,,,,,,,,,,,,,,,,,,,,,,,,,,,,,,,,,,,,,,,,,,,,,,,,,,,,,,501.89198940000006,501.9043707000001,501.9043707000001,501.9043707000001,502.0879917000002,None,,,,,,,,,,,,,,,,,,,,,,,,,,,,,,,,P7350,Bar_MIC,10,1,2026-05-15_14h49.41.843,MIC_task,,2026.1.2,60.04138051946148,2026-05-15 14h49.44.746353 +0200,
,,12,0,12,,,,,,,10,t26,gitár,guitar,8,tools,instrument,6.4,19,None,63,None,"(0.1, 0.1)",None,,,,,,,,,,,,,,0,0,0,0,0,29,29,29,12,0,12,0,502.1050750000004,,,,,,,,,,,,,,,,,,,,,,,,,,,,,,,,,,,,,,,,,,,,,,,,,,,,,,,,,,,,,,,,,,,,,,,,,,,,,,,,,,,,,,,,,,,,,502.0923775000001,502.1050750000004,502.1050750000004,502.1050750000004,502.2893064,None,,,,,,,,,,,,,,,,,,,,,,,,,,,,,,,,P7350,Bar_MIC,10,1,2026-05-15_14h49.41.843,MIC_task,,2026.1.2,60.04138051946148,2026-05-15 14h49.44.746353 +0200,
,,13,0,13,,,,,,,10,t26,gitár,guitar,8,tools,instrument,6.4,19,None,63,None,"(0.1, 0.1)",None,,,,,,,,,,,,,,0,0,0,0,0,29,29,29,13,0,13,0,502.3050228000002,,,,,,,,,,,,,,,,,,,,,,,,,,,,,,,,,,,,,,,,,,,,,,,,,,,,,,,,,,,,,,,,,,,,,,,,,,,,,,,,,,,,,,,,,,,,,502.29366240000036,502.3050228000002,502.3050228000002,502.3050228000002,502.4887385000002,None,,,,,,,,,,,,,,,,,,,,,,,,,,,,,,,,P7350,Bar_MIC,10,1,2026-05-15_14h49.41.843,MIC_task,,2026.1.2,60.04138051946148,2026-05-15 14h49.44.746353 +0200,
,,14,0,14,,,,,,,10,t26,gitár,guitar,8,tools,instrument,6.4,19,None,63,None,"(0.1, 0.1)",None,,,,,,,,,,,,,,0,0,0,0,0,29,29,29,14,0,14,0,502.50529890000007,,,,,,,,,,,,,,,,,,,,,,,,,,,,,,,,,,,,,,,,,,,,,,,,,,,,,,,,,,,,,,,,,,,,,,,,,,,,,,,,,,,,,,,,,,,,,502.49346560000004,502.50529890000007,502.50529890000007,502.50529890000007,502.689296,None,,,,,,,,,,,,,,,,,,,,,,,,,,,,,,,,P7350,Bar_MIC,10,1,2026-05-15_14h49.41.843,MIC_task,,2026.1.2,60.04138051946148,2026-05-15 14h49.44.746353 +0200,
,,15,0,15,,,,,,,10,t26,gitár,guitar,8,tools,instrument,6.4,19,None,63,None,"(0.1, 0.1)",None,,,,,,,,,,,,,,0,0,0,0,0,29,29,29,15,0,15,0,502.70567640000036,,,,,,,,,,,,,,,,,,,,,,,,,,,,,,,,,,,,,,,,,,,,,,,,,,,,,,,,,,,,,,,,,,,,,,,,,,,,,,,,,,,,,,,,,,,,,502.69464590000007,502.70567640000036,502.70567640000036,502.70567640000036,502.8893890000004,None,,,,,,,,,,,,,,,,,,,,,,,,,,,,,,,,P7350,Bar_MIC,10,1,2026-05-15_14h49.41.843,MIC_task,,2026.1.2,60.04138051946148,2026-05-15 14h49.44.746353 +0200,
,,16,0,16,,,,,,,10,t26,gitár,guitar,8,tools,instrument,6.4,19,None,63,None,"(0.1, 0.1)",space,0.03909459999977116,None,,,,,,,,,,,,0,0,0,0,0,29,29,29,16,0,16,0,502.90614010000036,,,,,,,,,,,,,,,,,,,,,,,,,,,,,,,,,,,,,,,,,,,,,,,,,,,,,,,,,,,,,,,,,,,,,,,,,,,,,,,,,,,,,,,,,,,,,502.89365650000036,502.90614010000036,502.90614010000036,502.90614010000036,502.9567444000004,space,0.03909459999977116,None,,,,,,,,,,,,,,,,,,,,,,,,,,,,,,P7350,Bar_MIC,10,1,2026-05-15_14h49.41.843,MIC_task,,2026.1.2,60.04138051946148,2026-05-15 14h49.44.746353 +0200,
,,29,29,0,,,,space,0.7582311999999547,None,10,t26,gitár,guitar,8,tools,instrument,6.4,19,None,63,None,"(0.1, 0.1)",,,,,,,,,,,,,,,0,0,0,0,0,29,29,29,,,,,,,,,,,,,,,,,,,,,,,,,,,,,,,,,,,,,,,,,,,,,,,,,,,,,,,,,,,,,,,,,,,,,,,,,,,,,,,,,503.0596706000001,503.06617890000007,503.07225926666695,504.9587607000003,,,,,,506.9631607000001,506.9791871000002,506.9791871000002,507.7478596000001,,,,,,,,,,,,,504.9956946000002,505.00267510000003,505.0086168000001,506.8953789000002,506.96310600000015,space,0.7582311999999547,None,,,,,,,,,,,,,,,,,,,,,,P7350,Bar_MIC,10,1,2026-05-15_14h49.41.843,MIC_task,,2026.1.2,60.04138051946148,2026-05-15 14h49.44.746353 +0200,
,,0,0,0,,,,,,,,,,,,,,,,,,,,,,,space,80.40829859999985,None,,,,,,,,,0,0,0,0,,,,,,,,,,,,,,,,,,,,,,,,,,,,,,,,,,,,,,,,,,,,,,,,,,,,,,,,,,,,,,,,,,,,,,,,,,,,,,,,,,,,,,,,,,,,,,,,,,,,,,,,,,,,,,,,,,,,,,,,,507.8550745000002,507.88327700000036,507.88327700000036,507.863128166667,518.5303424000003,588.3047959999999,space,80.40829859999985,None,,,,,,,,,,P7350,Bar_MIC,10,1,2026-05-15_14h49.41.843,MIC_task,,2026.1.2,60.04138051946148,2026-05-15 14h49.44.746353 +0200,
,,0,0,0,,,,,,,10,ty14,lufi,balloon,9,toys,gadget,6.6,148,18,None,None,"(-0.1, 0.1)",None,,,,,,,,,,,,,,1,0,1,0,0,0,0,0,0,0,0,0,588.3521866000006,,,,,,,,,,,,,,,,,,,,,,,,,,,,,,,,,,,,,,,,,,,,,,,,,,,,,,,,,,,,,,,,,,,,,,,,,,,,,,,,,,,,,,,,,,,,,588.3459520000001,588.3521866000006,588.3521866000006,588.3521866000006,588.5199888000002,None,,,,,,,,,,,,,,,,,,,,,,,,,,,,,,,,P7350,Bar_MIC,10,1,2026-05-15_14h49.41.843,MIC_task,,2026.1.2,60.04138051946148,2026-05-15 14h49.44.746353 +0200,
,,0,0,0,,,,,,,10,ty14,lufi,balloon,9,toys,gadget,6.6,148,18,None,None,"(-0.1, 0.1)",None,,,,,,,,,,,,,,1,0,1,0,0,0,0,0,0,0,0,0,588.5365063000004,,,,,,,,,,,,,,,,,,,,,,,,,,,,,,,,,,,,,,,,,,,,,,,,,,,,,,,,,,,,,,,,,,,,,,,,,,,,,,,,,,,,,,,,,,,,,588.5243801000001,588.5365063000004,588.5365063000004,588.5365063000004,588.7050954000001,None,,,,,,,,,,,,,,,,,,,,,,,,,,,,,,,,P7350,Bar_MIC,10,1,2026-05-15_14h49.41.843,MIC_task,,2026.1.2,60.04138051946148,2026-05-15 14h49.44.746353 +0200,
,,1,0,1,,,,,,,10,ty14,lufi,balloon,9,toys,gadget,6.6,148,18,None,None,"(-0.1, 0.1)",None,,,,,,,,,,,,,,1,0,1,0,0,0,0,0,1,0,1,0,588.7201203,,,,,,,,,,,,,,,,,,,,,,,,,,,,,,,,,,,,,,,,,,,,,,,,,,,,,,,,,,,,,,,,,,,,,,,,,,,,,,,,,,,,,,,,,,,,,588.7094593000006,588.7201203,588.7201203,588.7201203,588.9047544,None,,,,,,,,,,,588.9204881000001,588.9204881000001,588.9204881000001,,,,,,,,,,,,,,,,,,,P7350,Bar_MIC,10,1,2026-05-15_14h49.41.843,MIC_task,,2026.1.2,60.04138051946148,2026-05-15 14h49.44.746353 +0200,
,,2,0,2,,,,,,,10,ty14,lufi,balloon,9,toys,gadget,6.6,148,18,None,None,"(-0.1, 0.1)",None,,,,,,,,,,,,,,1,0,1,0,0,0,0,0,2,0,2,0,588.9204881000001,,,,,,,,,,,,,,,,,,,,,,,,,,,,,,,,,,,,,,,,,,,,,,,,,,,,,,,,,,,,,,,,,,,,,,,,,,,,,,,,,,,,,,,,,,,,,588.9091735000006,588.9204881000001,588.9204881000001,588.9204881000001,589.1050805,None,,,,,,,,,,,589.1209220000005,589.1209220000005,589.1209220000005,,,,,,,,,,,,,,,,,,,P7350,Bar_MIC,10,1,2026-05-15_14h49.41.843,MIC_task,,2026.1.2,60.04138051946148,2026-05-15 14h49.44.746353 +0200,
,,3,0,3,,,,,,,10,ty14,lufi,balloon,9,toys,gadget,6.6,148,18,None,None,"(-0.1, 0.1)",None,,,,,,,,,,,,,,1,0,1,0,0,0,0,0,3,0,3,0,589.1209220000005,,,,,,,,,,,,,,,,,,,,,,,,,,,,,,,,,,,,,,,,,,,,,,,,,,,,,,,,,,,,,,,,,,,,,,,,,,,,,,,,,,,,,,,,,,,,,589.1095848,589.1209220000005,589.1209220000005,589.1209220000005,589.3055434000003,None,,,,,,,,,,,589.3217144000005,589.3217144000005,589.3217144000005,,,,,,,,,,,,,,,,,,,P7350,Bar_MIC,10,1,2026-05-15_14h49.41.843,MIC_task,,2026.1.2,60.04138051946148,2026-05-15 14h49.44.746353 +0200,
,,4,0,4,,,,,,,10,ty14,lufi,balloon,9,toys,gadget,6.6,148,18,None,None,"(-0.1, 0.1)",None,,,,,,,,,,,,,,1,0,1,0,0,0,0,0,4,0,4,0,589.3217144000005,,,,,,,,,,,,,,,,,,,,,,,,,,,,,,,,,,,,,,,,,,,,,,,,,,,,,,,,,,,,,,,,,,,,,,,,,,,,,,,,,,,,,,,,,,,,,589.3098046999999,589.3217144000005,589.3217144000005,589.3217144000005,589.5050746000002,None,,,,,,,,,,,,,,,,,,,,,,,,,,,,,,,,P7350,Bar_MIC,10,1,2026-05-15_14h49.41.843,MIC_task,,2026.1.2,60.04138051946148,2026-05-15 14h49.44.746353 +0200,
,,5,0,5,,,,,,,10,ty14,lufi,balloon,9,toys,gadget,6.6,148,18,None,None,"(-0.1, 0.1)",None,,,,,,,,,,,,,,1,0,1,0,0,0,0,0,5,0,5,0,589.5217955000003,,,,,,,,,,,,,,,,,,,,,,,,,,,,,,,,,,,,,,,,,,,,,,,,,,,,,,,,,,,,,,,,,,,,,,,,,,,,,,,,,,,,,,,,,,,,,589.5093476000006,589.5217955000003,589.5217955000003,589.5217955000003,589.7068362000005,None,,,,,,,,,,,,,,,,,,,,,,,,,,,,,,,,P7350,Bar_MIC,10,1,2026-05-15_14h49.41.843,MIC_task,,2026.1.2,60.04138051946148,2026-05-15 14h49.44.746353 +0200,
,,6,0,6,,,,,,,10,ty14,lufi,balloon,9,toys,gadget,6.6,148,18,None,None,"(-0.1, 0.1)",None,,,,,,,,,,,,,,1,0,1,0,0,0,0,0,6,0,6,0,589.7219402000005,,,,,,,,,,,,,,,,,,,,,,,,,,,,,,,,,,,,,,,,,,,,,,,,,,,,,,,,,,,,,,,,,,,,,,,,,,,,,,,,,,,,,,,,,,,,,589.7118359000001,589.7219402000005,589.7219402000005,589.7219402000005,589.9070084999998,None,,,,,,,,,,,,,,,,,,,,,,,,,,,,,,,,P7350,Bar_MIC,10,1,2026-05-15_14h49.41.843,MIC_task,,2026.1.2,60.04138051946148,2026-05-15 14h49.44.746353 +0200,
,,7,0,7,,,,,,,10,ty14,lufi,balloon,9,toys,gadget,6.6,148,18,None,None,"(-0.1, 0.1)",None,,,,,,,,,,,,,,1,0,1,0,0,0,0,0,7,0,7,0,589.9226715,,,,,,,,,,,,,,,,,,,,,,,,,,,,,,,,,,,,,,,,,,,,,,,,,,,,,,,,,,,,,,,,,,,,,,,,,,,,,,,,,,,,,,,,,,,,,589.9115124000004,589.9226715,589.9226715,589.9226715,590.1071948000003,None,,,,,,,,,,,,,,,,,,,,,,,,,,,,,,,,P7350,Bar_MIC,10,1,2026-05-15_14h49.41.843,MIC_task,,2026.1.2,60.04138051946148,2026-05-15 14h49.44.746353 +0200,
,,8,0,8,,,,,,,10,ty14,lufi,balloon,9,toys,gadget,6.6,148,18,None,None,"(-0.1, 0.1)",None,,,,,,,,,,,,,,1,0,1,0,0,0,0,0,8,0,8,0,590.1232107000001,,,,,,,,,,,,,,,,,,,,,,,,,,,,,,,,,,,,,,,,,,,,,,,,,,,,,,,,,,,,,,,,,,,,,,,,,,,,,,,,,,,,,,,,,,,,,590.1112984000006,590.1232107000001,590.1232107000001,590.1232107000001,590.3066186000001,None,,,,,,,,,,,,,,,,,,,,,,,,,,,,,,,,P7350,Bar_MIC,10,1,2026-05-15_14h49.41.843,MIC_task,,2026.1.2,60.04138051946148,2026-05-15 14h49.44.746353 +0200,
,,9,0,9,,,,,,,10,ty14,lufi,balloon,9,toys,gadget,6.6,148,18,None,None,"(-0.1, 0.1)",None,,,,,,,,,,,,,,1,0,1,0,0,0,0,0,9,0,9,0,590.3238845999999,,,,,,,,,,,,,,,,,,,,,,,,,,,,,,,,,,,,,,,,,,,,,,,,,,,,,,,,,,,,,,,,,,,,,,,,,,,,,,,,,,,,,,,,,,,,,590.3107111000004,590.3238845999999,590.3238845999999,590.3238845999999,590.5079737000001,None,,,,,,,,,,,,,,,,,,,,,,,,,,,,,,,,P7350,Bar_MIC,10,1,2026-05-15_14h49.41.843,MIC_task,,2026.1.2,60.04138051946148,2026-05-15 14h49.44.746353 +0200,
,,10,0,10,,,,,,,10,ty14,lufi,balloon,9,toys,gadget,6.6,148,18,None,None,"(-0.1, 0.1)",None,,,,,,,,,,,,,,1,0,1,0,0,0,0,0,10,0,10,0,590.5227492999998,,,,,,,,,,,,,,,,,,,,,,,,,,,,,,,,,,,,,,,,,,,,,,,,,,,,,,,,,,,,,,,,,,,,,,,,,,,,,,,,,,,,,,,,,,,,,590.5121148000003,590.5227492999998,590.5227492999998,590.5227492999998,590.7064960000002,None,,,,,,,,,,,,,,,,,,,,,,,,,,,,,,,,P7350,Bar_MIC,10,1,2026-05-15_14h49.41.843,MIC_task,,2026.1.2,60.04138051946148,2026-05-15 14h49.44.746353 +0200,
,,11,0,11,,,,,,,10,ty14,lufi,balloon,9,toys,gadget,6.6,148,18,None,None,"(-0.1, 0.1)",None,,,,,,,,,,,,,,1,0,1,0,0,0,0,0,11,0,11,0,590.7231940000006,,,,,,,,,,,,,,,,,,,,,,,,,,,,,,,,,,,,,,,,,,,,,,,,,,,,,,,,,,,,,,,,,,,,,,,,,,,,,,,,,,,,,,,,,,,,,590.7107632000002,590.7231940000006,590.7231940000006,590.7231940000006,590.9083569,None,,,,,,,,,,,,,,,,,,,,,,,,,,,,,,,,P7350,Bar_MIC,10,1,2026-05-15_14h49.41.843,MIC_task,,2026.1.2,60.04138051946148,2026-05-15 14h49.44.746353 +0200,
,,12,0,12,,,,,,,10,ty14,lufi,balloon,9,toys,gadget,6.6,148,18,None,None,"(-0.1, 0.1)",None,,,,,,,,,,,,,,1,0,1,0,0,0,0,0,12,0,12,0,590.9236286,,,,,,,,,,,,,,,,,,,,,,,,,,,,,,,,,,,,,,,,,,,,,,,,,,,,,,,,,,,,,,,,,,,,,,,,,,,,,,,,,,,,,,,,,,,,,590.9128593999999,590.9236286,590.9236286,590.9236286,591.1072774999998,None,,,,,,,,,,,,,,,,,,,,,,,,,,,,,,,,P7350,Bar_MIC,10,1,2026-05-15_14h49.41.843,MIC_task,,2026.1.2,60.04138051946148,2026-05-15 14h49.44.746353 +0200,
,,13,0,13,,,,,,,10,ty14,lufi,balloon,9,toys,gadget,6.6,148,18,None,None,"(-0.1, 0.1)",None,,,,,,,,,,,,,,1,0,1,0,0,0,0,0,13,0,13,0,591.1240588000005,,,,,,,,,,,,,,,,,,,,,,,,,,,,,,,,,,,,,,,,,,,,,,,,,,,,,,,,,,,,,,,,,,,,,,,,,,,,,,,,,,,,,,,,,,,,,591.1114597000001,591.1240588000005,591.1240588000005,591.1240588000005,591.3076282000006,None,,,,,,,,,,,,,,,,,,,,,,,,,,,,,,,,P7350,Bar_MIC,10,1,2026-05-15_14h49.41.843,MIC_task,,2026.1.2,60.04138051946148,2026-05-15 14h49.44.746353 +0200,
,,14,0,14,,,,,,,10,ty14,lufi,balloon,9,toys,gadget,6.6,148,18,None,None,"(-0.1, 0.1)",None,,,,,,,,,,,,,,1,0,1,0,0,0,0,0,14,0,14,0,591.3242077,,,,,,,,,,,,,,,,,,,,,,,,,,,,,,,,,,,,,,,,,,,,,,,,,,,,,,,,,,,,,,,,,,,,,,,,,,,,,,,,,,,,,,,,,,,,,591.3117785,591.3242077,591.3242077,591.3242077,591.5080629999998,None,,,,,,,,,,,,,,,,,,,,,,,,,,,,,,,,P7350,Bar_MIC,10,1,2026-05-15_14h49.41.843,MIC_task,,2026.1.2,60.04138051946148,2026-05-15 14h49.44.746353 +0200,
,,15,0,15,,,,,,,10,ty14,lufi,balloon,9,toys,gadget,6.6,148,18,None,None,"(-0.1, 0.1)",None,,,,,,,,,,,,,,1,0,1,0,0,0,0,0,15,0,15,0,591.5246475999998,,,,,,,,,,,,,,,,,,,,,,,,,,,,,,,,,,,,,,,,,,,,,,,,,,,,,,,,,,,,,,,,,,,,,,,,,,,,,,,,,,,,,,,,,,,,,591.5121592999999,591.5246475999998,591.5246475999998,591.5246475999998,591.7083767999998,None,,,,,,,,,,,,,,,,,,,,,,,,,,,,,,,,P7350,Bar_MIC,10,1,2026-05-15_14h49.41.843,MIC_task,,2026.1.2,60.04138051946148,2026-05-15 14h49.44.746353 +0200,
,,16,0,16,,,,,,,10,ty14,lufi,balloon,9,toys,gadget,6.6,148,18,None,None,"(-0.1, 0.1)",None,,,,,,,,,,,,,,1,0,1,0,0,0,0,0,16,0,16,0,591.7250786999998,,,,,,,,,,,,,,,,,,,,,,,,,,,,,,,,,,,,,,,,,,,,,,,,,,,,,,,,,,,,,,,,,,,,,,,,,,,,,,,,,,,,,,,,,,,,,591.7126007000002,591.7250786999998,591.7250786999998,591.7250786999998,591.9087424000004,None,,,,,,,,,,,,,,,,,,,,,,,,,,,,,,,,P7350,Bar_MIC,10,1,2026-05-15_14h49.41.843,MIC_task,,2026.1.2,60.04138051946148,2026-05-15 14h49.44.746353 +0200,
,,17,0,17,,,,,,,10,ty14,lufi,balloon,9,toys,gadget,6.6,148,18,None,None,"(-0.1, 0.1)",None,,,,,,,,,,,,,,1,0,1,0,0,0,0,0,17,0,17,0,591.9253395999999,,,,,,,,,,,,,,,,,,,,,,,,,,,,,,,,,,,,,,,,,,,,,,,,,,,,,,,,,,,,,,,,,,,,,,,,,,,,,,,,,,,,,,,,,,,,,591.9128950999998,591.9253395999999,591.9253395999999,591.9253395999999,592.1099171999999,None,,,,,,,,,,,,,,,,,,,,,,,,,,,,,,,,P7350,Bar_MIC,10,1,2026-05-15_14h49.41.843,MIC_task,,2026.1.2,60.04138051946148,2026-05-15 14h49.44.746353 +0200,
,,18,0,18,,,,,,,10,ty14,lufi,balloon,9,toys,gadget,6.6,148,18,None,None,"(-0.1, 0.1)",None,,,,,,,,,,,,,,1,0,1,0,0,0,0,0,18,0,18,0,592.1256236000004,,,,,,,,,,,,,,,,,,,,,,,,,,,,,,,,,,,,,,,,,,,,,,,,,,,,,,,,,,,,,,,,,,,,,,,,,,,,,,,,,,,,,,,,,,,,,592.1143502999998,592.1256236000004,592.1256236000004,592.1256236000004,592.3098092000005,None,,,,,,,,,,,,,,,,,,,,,,,,,,,,,,,,P7350,Bar_MIC,10,1,2026-05-15_14h49.41.843,MIC_task,,2026.1.2,60.04138051946148,2026-05-15 14h49.44.746353 +0200,
,,19,0,19,,,,,,,10,ty14,lufi,balloon,9,toys,gadget,6.6,148,18,None,None,"(-0.1, 0.1)",None,,,,,,,,,,,,,,1,0,1,0,0,0,0,0,19,0,19,0,592.3252846,,,,,,,,,,,,,,,,,,,,,,,,,,,,,,,,,,,,,,,,,,,,,,,,,,,,,,,,,,,,,,,,,,,,,,,,,,,,,,,,,,,,,,,,,,,,,592.3141666000006,592.3252846,592.3252846,592.3252846,592.5090311999998,None,,,,,,,,,,,,,,,,,,,,,,,,,,,,,,,,P7350,Bar_MIC,10,1,2026-05-15_14h49.41.843,MIC_task,,2026.1.2,60.04138051946148,2026-05-15 14h49.44.746353 +0200,
,,20,0,20,,,,,,,10,ty14,lufi,balloon,9,toys,gadget,6.6,148,18,None,None,"(-0.1, 0.1)",space,0.09428509999997914,None,,,,,,,,,,,,1,0,1,0,0,0,0,0,20,0,20,0,592.5267146000001,,,,,,,,,,,,,,,,,,,,,,,,,,,,,,,,,,,,,,,,,,,,,,,,,,,,,,,,,,,,,,,,,,,,,,,,,,,,,,,,,,,,,,,,,,,,,592.5130831000001,592.5267146000001,592.5267146000001,592.5267146000001,592.6290623,space,0.09428509999997914,None,,,,,,,,,,,,,,,,,,,,,,,,,,,,,,P7350,Bar_MIC,10,1,2026-05-15_14h49.41.843,MIC_task,,2026.1.2,60.04138051946148,2026-05-15 14h49.44.746353 +0200,
,,0,0,0,,,,space,0.46734789999936766,None,10,ty14,lufi,balloon,9,toys,gadget,6.6,148,18,None,None,"(-0.1, 0.1)",,,,,,,,,,,,,,,1,0,1,0,0,0,0,0,,,,,,,,,,,,,,,,,,,,,,,,,,,,,,,,,,,,,,,,,,,,,,,,,,,,,,,,,,,,,,,,,,,,,,,,,,,,,,,,,592.7223712999998,592.7305372000005,592.7273910000005,594.6295187000001,,,,,,596.6336250999998,596.6490592000005,596.6490592000005,597.1184636000003,,,,,,,,,,,,,594.6592562999999,594.6663457999998,594.6626998333331,596.5654823,596.6335552000005,space,0.46734789999936766,None,,,,,,,,,,,,,,,,,,,,,,P7350,Bar_MIC,10,1,2026-05-15_14h49.41.843,MIC_task,,2026.1.2,60.04138051946148,2026-05-15 14h49.44.746353 +0200,
,,0,0,0,,,,,,,10,c19,kalap,hat,3,clothes,headwear,6.8,10,29,None,None,"(0.1, 0.1)",None,,,,,,,,,,,,,,1,0,1,0,0,1,1,1,0,0,0,0,597.1327501999999,,,,,,,,,,,,,,,,,,,,,,,,,,,,,,,,,,,,,,,,,,,,,,,,,,,,,,,,,,,,,,,,,,,,,,,,,,,,,,,,,,,,,,,,,,,,,597.1227777999998,597.1327501999999,597.1327501999999,597.1327501999999,597.3172478000001,None,,,,,,,,,,,597.3331865000005,597.3331865000005,597.3331865000005,,,,,,,,,,,,,,,,,,,P7350,Bar_MIC,10,1,2026-05-15_14h49.41.843,MIC_task,,2026.1.2,60.04138051946148,2026-05-15 14h49.44.746353 +0200,
,,0,0,0,,,,,,,10,c19,kalap,hat,3,clothes,headwear,6.8,10,29,None,None,"(0.1, 0.1)",None,,,,,,,,,,,,,,1,0,1,0,0,1,1,1,0,0,0,0,597.3331865000005,,,,,,,,,,,,,,,,,,,,,,,,,,,,,,,,,,,,,,,,,,,,,,,,,,,,,,,,,,,,,,,,,,,,,,,,,,,,,,,,,,,,,,,,,,,,,597.3214419999999,597.3331865000005,597.3331865000005,597.3331865000005,597.5196544000005,None,,,,,,,,,,,,,,,,,,,,,,,,,,,,,,,,P7350,Bar_MIC,10,1,2026-05-15_14h49.41.843,MIC_task,,2026.1.2,60.04138051946148,2026-05-15 14h49.44.746353 +0200,
,,1,0,1,,,,,,,10,c19,kalap,hat,3,clothes,headwear,6.8,10,29,None,None,"(0.1, 0.1)",None,,,,,,,,,,,,,,1,0,1,0,0,1,1,1,1,0,1,0,597.5334755999997,,,,,,,,,,,,,,,,,,,,,,,,,,,,,,,,,,,,,,,,,,,,,,,,,,,,,,,,,,,,,,,,,,,,,,,,,,,,,,,,,,,,,,,,,,,,,597.5238572000003,597.5334755999997,597.5334755999997,597.5334755999997,597.7180850999998,None,,,,,,,,,,,597.7338929000002,597.7338929000002,597.7338929000002,,,,,,,,,,,,,,,,,,,P7350,Bar_MIC,10,1,2026-05-15_14h49.41.843,MIC_task,,2026.1.2,60.04138051946148,2026-05-15 14h49.44.746353 +0200,
,,2,0,2,,,,,,,10,c19,kalap,hat,3,clothes,headwear,6.8,10,29,None,None,"(0.1, 0.1)",None,,,,,,,,,,,,,,1,0,1,0,0,1,1,1,2,0,2,0,597.7338929000002,,,,,,,,,,,,,,,,,,,,,,,,,,,,,,,,,,,,,,,,,,,,,,,,,,,,,,,,,,,,,,,,,,,,,,,,,,,,,,,,,,,,,,,,,,,,,597.7221746,597.7338929000002,597.7338929000002,597.7338929000002,597.9183380999998,None,,,,,,,,,,,597.9359052000004,597.9359052000004,597.9359052000004,,,,,,,,,,,,,,,,,,,P7350,Bar_MIC,10,1,2026-05-15_14h49.41.843,MIC_task,,2026.1.2,60.04138051946148,2026-05-15 14h49.44.746353 +0200,
,,3,0,3,,,,,,,10,c19,kalap,hat,3,clothes,headwear,6.8,10,29,None,None,"(0.1, 0.1)",None,,,,,,,,,,,,,,1,0,1,0,0,1,1,1,3,0,3,0,597.9359052000004,,,,,,,,,,,,,,,,,,,,,,,,,,,,,,,,,,,,,,,,,,,,,,,,,,,,,,,,,,,,,,,,,,,,,,,,,,,,,,,,,,,,,,,,,,,,,597.9224852000002,597.9359052000004,597.9359052000004,597.9359052000004,598.1190305000005,None,,,,,,,,,,,,,,,,,,,,,,,,,,,,,,,,P7350,Bar_MIC,10,1,2026-05-15_14h49.41.843,MIC_task,,2026.1.2,60.04138051946148,2026-05-15 14h49.44.746353 +0200,
,,4,0,4,,,,,,,10,c19,kalap,hat,3,clothes,headwear,6.8,10,29,None,None,"(0.1, 0.1)",None,,,,,,,,,,,,,,1,0,1,0,0,1,1,1,4,0,4,0,598.1350372000002,,,,,,,,,,,,,,,,,,,,,,,,,,,,,,,,,,,,,,,,,,,,,,,,,,,,,,,,,,,,,,,,,,,,,,,,,,,,,,,,,,,,,,,,,,,,,598.1231975000005,598.1350372000002,598.1350372000002,598.1350372000002,598.3192175999998,None,,,,,,,,,,,598.335106,598.335106,598.335106,,,,,,,,,,,,,,,,,,,P7350,Bar_MIC,10,1,2026-05-15_14h49.41.843,MIC_task,,2026.1.2,60.04138051946148,2026-05-15 14h49.44.746353 +0200,
,,5,0,5,,,,,,,10,c19,kalap,hat,3,clothes,headwear,6.8,10,29,None,None,"(0.1, 0.1)",None,,,,,,,,,,,,,,1,0,1,0,0,1,1,1,5,0,5,0,598.335106,,,,,,,,,,,,,,,,,,,,,,,,,,,,,,,,,,,,,,,,,,,,,,,,,,,,,,,,,,,,,,,,,,,,,,,,,,,,,,,,,,,,,,,,,,,,,598.3230120000003,598.335106,598.335106,598.335106,598.5188336000006,None,,,,,,,,,,,,,,,,,,,,,,,,,,,,,,,,P7350,Bar_MIC,10,1,2026-05-15_14h49.41.843,MIC_task,,2026.1.2,60.04138051946148,2026-05-15 14h49.44.746353 +0200,
,,6,0,6,,,,,,,10,c19,kalap,hat,3,clothes,headwear,6.8,10,29,None,None,"(0.1, 0.1)",None,,,,,,,,,,,,,,1,0,1,0,0,1,1,1,6,0,6,0,598.5354435000004,,,,,,,,,,,,,,,,,,,,,,,,,,,,,,,,,,,,,,,,,,,,,,,,,,,,,,,,,,,,,,,,,,,,,,,,,,,,,,,,,,,,,,,,,,,,,598.5229513999998,598.5354435000004,598.5354435000004,598.5354435000004,598.7192221999999,None,,,,,,,,,,,,,,,,,,,,,,,,,,,,,,,,P7350,Bar_MIC,10,1,2026-05-15_14h49.41.843,MIC_task,,2026.1.2,60.04138051946148,2026-05-15 14h49.44.746353 +0200,
,,7,0,7,,,,,,,10,c19,kalap,hat,3,clothes,headwear,6.8,10,29,None,None,"(0.1, 0.1)",None,,,,,,,,,,,,,,1,0,1,0,0,1,1,1,7,0,7,0,598.7357701000005,,,,,,,,,,,,,,,,,,,,,,,,,,,,,,,,,,,,,,,,,,,,,,,,,,,,,,,,,,,,,,,,,,,,,,,,,,,,,,,,,,,,,,,,,,,,,598.7233615,598.7357701000005,598.7357701000005,598.7357701000005,598.9200838000002,None,,,,,,,,,,,,,,,,,,,,,,,,,,,,,,,,P7350,Bar_MIC,10,1,2026-05-15_14h49.41.843,MIC_task,,2026.1.2,60.04138051946148,2026-05-15 14h49.44.746353 +0200,
,,8,0,8,,,,,,,10,c19,kalap,hat,3,clothes,headwear,6.8,10,29,None,None,"(0.1, 0.1)",None,,,,,,,,,,,,,,1,0,1,0,0,1,1,1,8,0,8,0,598.9361412000003,,,,,,,,,,,,,,,,,,,,,,,,,,,,,,,,,,,,,,,,,,,,,,,,,,,,,,,,,,,,,,,,,,,,,,,,,,,,,,,,,,,,,,,,,,,,,598.9242016000003,598.9361412000003,598.9361412000003,598.9361412000003,599.1209875999998,None,,,,,,,,,,,,,,,,,,,,,,,,,,,,,,,,P7350,Bar_MIC,10,1,2026-05-15_14h49.41.843,MIC_task,,2026.1.2,60.04138051946148,2026-05-15 14h49.44.746353 +0200,
,,9,0,9,,,,,,,10,c19,kalap,hat,3,clothes,headwear,6.8,10,29,None,None,"(0.1, 0.1)",None,,,,,,,,,,,,,,1,0,1,0,0,1,1,1,9,0,9,0,599.1370265999999,,,,,,,,,,,,,,,,,,,,,,,,,,,,,,,,,,,,,,,,,,,,,,,,,,,,,,,,,,,,,,,,,,,,,,,,,,,,,,,,,,,,,,,,,,,,,599.1251888000002,599.1370265999999,599.1370265999999,599.1370265999999,599.3210143000001,None,,,,,,,,,,,,,,,,,,,,,,,,,,,,,,,,P7350,Bar_MIC,10,1,2026-05-15_14h49.41.843,MIC_task,,2026.1.2,60.04138051946148,2026-05-15 14h49.44.746353 +0200,
,,10,0,10,,,,,,,10,c19,kalap,hat,3,clothes,headwear,6.8,10,29,None,None,"(0.1, 0.1)",None,,,,,,,,,,,,,,1,0,1,0,0,1,1,1,10,0,10,0,599.3373850000003,,,,,,,,,,,,,,,,,,,,,,,,,,,,,,,,,,,,,,,,,,,,,,,,,,,,,,,,,,,,,,,,,,,,,,,,,,,,,,,,,,,,,,,,,,,,,599.3253104,599.3373850000003,599.3373850000003,599.3373850000003,599.5212913,None,,,,,,,,,,,,,,,,,,,,,,,,,,,,,,,,P7350,Bar_MIC,10,1,2026-05-15_14h49.41.843,MIC_task,,2026.1.2,60.04138051946148,2026-05-15 14h49.44.746353 +0200,
,,11,0,11,,,,,,,10,c19,kalap,hat,3,clothes,headwear,6.8,10,29,None,None,"(0.1, 0.1)",None,,,,,,,,,,,,,,1,0,1,0,0,1,1,1,11,0,11,0,599.5364973000001,,,,,,,,,,,,,,,,,,,,,,,,,,,,,,,,,,,,,,,,,,,,,,,,,,,,,,,,,,,,,,,,,,,,,,,,,,,,,,,,,,,,,,,,,,,,,599.5254973000006,599.5364973000001,599.5364973000001,599.5364973000001,599.7218543000004,None,,,,,,,,,,,,,,,,,,,,,,,,,,,,,,,,P7350,Bar_MIC,10,1,2026-05-15_14h49.41.843,MIC_task,,2026.1.2,60.04138051946148,2026-05-15 14h49.44.746353 +0200,
,,12,0,12,,,,,,,10,c19,kalap,hat,3,clothes,headwear,6.8,10,29,None,None,"(0.1, 0.1)",None,,,,,,,,,,,,,,1,0,1,0,0,1,1,1,12,0,12,0,599.7369977000003,,,,,,,,,,,,,,,,,,,,,,,,,,,,,,,,,,,,,,,,,,,,,,,,,,,,,,,,,,,,,,,,,,,,,,,,,,,,,,,,,,,,,,,,,,,,,599.7261047000006,599.7369977000003,599.7369977000003,599.7369977000003,599.9206937000004,None,,,,,,,,,,,,,,,,,,,,,,,,,,,,,,,,P7350,Bar_MIC,10,1,2026-05-15_14h49.41.843,MIC_task,,2026.1.2,60.04138051946148,2026-05-15 14h49.44.746353 +0200,
,,13,0,13,,,,,,,10,c19,kalap,hat,3,clothes,headwear,6.8,10,29,None,None,"(0.1, 0.1)",None,,,,,,,,,,,,,,1,0,1,0,0,1,1,1,13,0,13,0,599.9375868000002,,,,,,,,,,,,,,,,,,,,,,,,,,,,,,,,,,,,,,,,,,,,,,,,,,,,,,,,,,,,,,,,,,,,,,,,,,,,,,,,,,,,,,,,,,,,,599.9247783000005,599.9375868000002,599.9375868000002,599.9375868000002,600.1215691000002,None,,,,,,,,,,,,,,,,,,,,,,,,,,,,,,,,P7350,Bar_MIC,10,1,2026-05-15_14h49.41.843,MIC_task,,2026.1.2,60.04138051946148,2026-05-15 14h49.44.746353 +0200,
,,14,0,14,,,,,,,10,c19,kalap,hat,3,clothes,headwear,6.8,10,29,None,None,"(0.1, 0.1)",None,,,,,,,,,,,,,,1,0,1,0,0,1,1,1,14,0,14,0,600.1376286999998,,,,,,,,,,,,,,,,,,,,,,,,,,,,,,,,,,,,,,,,,,,,,,,,,,,,,,,,,,,,,,,,,,,,,,,,,,,,,,,,,,,,,,,,,,,,,600.125571,600.1376286999998,600.1376286999998,600.1376286999998,600.3216636000002,None,,,,,,,,,,,,,,,,,,,,,,,,,,,,,,,,P7350,Bar_MIC,10,1,2026-05-15_14h49.41.843,MIC_task,,2026.1.2,60.04138051946148,2026-05-15 14h49.44.746353 +0200,
,,15,0,15,,,,,,,10,c19,kalap,hat,3,clothes,headwear,6.8,10,29,None,None,"(0.1, 0.1)",None,,,,,,,,,,,,,,1,0,1,0,0,1,1,1,15,0,15,0,600.3381178000004,,,,,,,,,,,,,,,,,,,,,,,,,,,,,,,,,,,,,,,,,,,,,,,,,,,,,,,,,,,,,,,,,,,,,,,,,,,,,,,,,,,,,,,,,,,,,600.3257883000001,600.3381178000004,600.3381178000004,600.3381178000004,600.522888,None,,,,,,,,,,,,,,,,,,,,,,,,,,,,,,,,P7350,Bar_MIC,10,1,2026-05-15_14h49.41.843,MIC_task,,2026.1.2,60.04138051946148,2026-05-15 14h49.44.746353 +0200,
,,16,0,16,,,,,,,10,c19,kalap,hat,3,clothes,headwear,6.8,10,29,None,None,"(0.1, 0.1)",None,,,,,,,,,,,,,,1,0,1,0,0,1,1,1,16,0,16,0,600.5384361000001,,,,,,,,,,,,,,,,,,,,,,,,,,,,,,,,,,,,,,,,,,,,,,,,,,,,,,,,,,,,,,,,,,,,,,,,,,,,,,,,,,,,,,,,,,,,,600.5274761000005,600.5384361000001,600.5384361000001,600.5384361000001,600.7237529999998,None,,,,,,,,,,,,,,,,,,,,,,,,,,,,,,,,P7350,Bar_MIC,10,1,2026-05-15_14h49.41.843,MIC_task,,2026.1.2,60.04138051946148,2026-05-15 14h49.44.746353 +0200,
,,17,0,17,,,,,,,10,c19,kalap,hat,3,clothes,headwear,6.8,10,29,None,None,"(0.1, 0.1)",None,,,,,,,,,,,,,,1,0,1,0,0,1,1,1,17,0,17,0,600.7386971999999,,,,,,,,,,,,,,,,,,,,,,,,,,,,,,,,,,,,,,,,,,,,,,,,,,,,,,,,,,,,,,,,,,,,,,,,,,,,,,,,,,,,,,,,,,,,,600.7282217000006,600.7386971999999,600.7386971999999,600.7386971999999,600.9236127999998,None,,,,,,,,,,,,,,,,,,,,,,,,,,,,,,,,P7350,Bar_MIC,10,1,2026-05-15_14h49.41.843,MIC_task,,2026.1.2,60.04138051946148,2026-05-15 14h49.44.746353 +0200,
,,18,0,18,,,,,,,10,c19,kalap,hat,3,clothes,headwear,6.8,10,29,None,None,"(0.1, 0.1)",None,,,,,,,,,,,,,,1,0,1,0,0,1,1,1,18,0,18,0,600.9394292000002,,,,,,,,,,,,,,,,,,,,,,,,,,,,,,,,,,,,,,,,,,,,,,,,,,,,,,,,,,,,,,,,,,,,,,,,,,,,,,,,,,,,,,,,,,,,,600.9280862999999,600.9394292000002,600.9394292000002,600.9394292000002,601.1245783999998,None,,,,,,,,,,,,,,,,,,,,,,,,,,,,,,,,P7350,Bar_MIC,10,1,2026-05-15_14h49.41.843,MIC_task,,2026.1.2,60.04138051946148,2026-05-15 14h49.44.746353 +0200,
,,19,0,19,,,,,,,10,c19,kalap,hat,3,clothes,headwear,6.8,10,29,None,None,"(0.1, 0.1)",None,,,,,,,,,,,,,,1,0,1,0,0,1,1,1,19,0,19,0,601.1397980000006,,,,,,,,,,,,,,,,,,,,,,,,,,,,,,,,,,,,,,,,,,,,,,,,,,,,,,,,,,,,,,,,,,,,,,,,,,,,,,,,,,,,,,,,,,,,,601.1287837000004,601.1397980000006,601.1397980000006,601.1397980000006,601.3232520000006,None,,,,,,,,,,,,,,,,,,,,,,,,,,,,,,,,P7350,Bar_MIC,10,1,2026-05-15_14h49.41.843,MIC_task,,2026.1.2,60.04138051946148,2026-05-15 14h49.44.746353 +0200,
,,20,0,20,,,,,,,10,c19,kalap,hat,3,clothes,headwear,6.8,10,29,None,None,"(0.1, 0.1)",None,,,,,,,,,,,,,,1,0,1,0,0,1,1,1,20,0,20,0,601.3398884000003,,,,,,,,,,,,,,,,,,,,,,,,,,,,,,,,,,,,,,,,,,,,,,,,,,,,,,,,,,,,,,,,,,,,,,,,,,,,,,,,,,,,,,,,,,,,,601.3273026000002,601.3398884000003,601.3398884000003,601.3398884000003,601.5236551000003,None,,,,,,,,,,,,,,,,,,,,,,,,,,,,,,,,P7350,Bar_MIC,10,1,2026-05-15_14h49.41.843,MIC_task,,2026.1.2,60.04138051946148,2026-05-15 14h49.44.746353 +0200,
,,21,0,21,,,,,,,10,c19,kalap,hat,3,clothes,headwear,6.8,10,29,None,None,"(0.1, 0.1)",None,,,,,,,,,,,,,,1,0,1,0,0,1,1,1,21,0,21,0,601.5403643000004,,,,,,,,,,,,,,,,,,,,,,,,,,,,,,,,,,,,,,,,,,,,,,,,,,,,,,,,,,,,,,,,,,,,,,,,,,,,,,,,,,,,,,,,,,,,,601.5277664,601.5403643000004,601.5403643000004,601.5403643000004,601.7240690000003,None,,,,,,,,,,,,,,,,,,,,,,,,,,,,,,,,P7350,Bar_MIC,10,1,2026-05-15_14h49.41.843,MIC_task,,2026.1.2,60.04138051946148,2026-05-15 14h49.44.746353 +0200,
,,22,0,22,,,,,,,10,c19,kalap,hat,3,clothes,headwear,6.8,10,29,None,None,"(0.1, 0.1)",None,,,,,,,,,,,,,,1,0,1,0,0,1,1,1,22,0,22,0,601.7408636000005,,,,,,,,,,,,,,,,,,,,,,,,,,,,,,,,,,,,,,,,,,,,,,,,,,,,,,,,,,,,,,,,,,,,,,,,,,,,,,,,,,,,,,,,,,,,,601.7287224000006,601.7408636000005,601.7408636000005,601.7408636000005,601.9245037000005,None,,,,,,,,,,,,,,,,,,,,,,,,,,,,,,,,P7350,Bar_MIC,10,1,2026-05-15_14h49.41.843,MIC_task,,2026.1.2,60.04138051946148,2026-05-15 14h49.44.746353 +0200,
,,23,0,23,,,,,,,10,c19,kalap,hat,3,clothes,headwear,6.8,10,29,None,None,"(0.1, 0.1)",None,,,,,,,,,,,,,,1,0,1,0,0,1,1,1,23,0,23,0,601.9402506000001,,,,,,,,,,,,,,,,,,,,,,,,,,,,,,,,,,,,,,,,,,,,,,,,,,,,,,,,,,,,,,,,,,,,,,,,,,,,,,,,,,,,,,,,,,,,,601.9288419999998,601.9402506000001,601.9402506000001,601.9402506000001,602.1246037000005,None,,,,,,,,,,,,,,,,,,,,,,,,,,,,,,,,P7350,Bar_MIC,10,1,2026-05-15_14h49.41.843,MIC_task,,2026.1.2,60.04138051946148,2026-05-15 14h49.44.746353 +0200,
,,24,0,24,,,,,,,10,c19,kalap,hat,3,clothes,headwear,6.8,10,29,None,None,"(0.1, 0.1)",space,0.09626889999981358,None,,,,,,,,,,,,1,0,1,0,0,1,1,1,24,0,24,0,602.1406728000006,,,,,,,,,,,,,,,,,,,,,,,,,,,,,,,,,,,,,,,,,,,,,,,,,,,,,,,,,,,,,,,,,,,,,,,,,,,,,,,,,,,,,,,,,,,,,602.1288147,602.1406728000006,602.1406728000006,602.1406728000006,602.2425425000006,space,0.09626889999981358,None,,,,,,,,,,,,,,,,,,,,,,,,,,,,,,P7350,Bar_MIC,10,1,2026-05-15_14h49.41.843,MIC_task,,2026.1.2,60.04138051946148,2026-05-15 14h49.44.746353 +0200,
,,1,1,0,,,,space,0.5959579000000303,None,10,c19,kalap,hat,3,clothes,headwear,6.8,10,29,None,None,"(0.1, 0.1)",,,,,,,,,,,,,,,1,0,1,0,0,1,1,1,,,,,,,,,,,,,,,,,,,,,,,,,,,,,,,,,,,,,,,,,,,,,,,,,,,,,,,,,,,,,,,,,,,,,,,,,,,,,,,,,602.335176,602.3430373000006,602.3412014000006,604.2443367999999,,,,,,606.2474738000005,606.2641874000005,606.2641874000005,606.8664026000001,,,,,,,,,,,,,604.2798849000005,604.2856441999998,604.2941786000004,606.1806429000003,606.2474232999998,space,0.5959579000000303,None,,,,,,,,,,,,,,,,,,,,,,P7350,Bar_MIC,10,1,2026-05-15_14h49.41.843,MIC_task,,2026.1.2,60.04138051946148,2026-05-15 14h49.44.746353 +0200,
,,0,0,0,,,,,,,10,b03,fül,ear,2,bodypart,face,6.6,14,19,43,None,"(-0.1, 0.1)",None,,,,,,,,,,,,,,1,0,1,0,0,2,2,2,0,0,0,0,606.8816966999998,,,,,,,,,,,,,,,,,,,,,,,,,,,,,,,,,,,,,,,,,,,,,,,,,,,,,,,,,,,,,,,,,,,,,,,,,,,,,,,,,,,,,,,,,,,,,606.8708476000006,606.8816966999998,606.8816966999998,606.8816966999998,607.0653759000002,None,,,,,,,,,,,607.0821338999999,607.0821338999999,607.0821338999999,,,,,,,,,,,,,,,,,,,P7350,Bar_MIC,10,1,2026-05-15_14h49.41.843,MIC_task,,2026.1.2,60.04138051946148,2026-05-15 14h49.44.746353 +0200,
,,0,0,0,,,,,,,10,b03,fül,ear,2,bodypart,face,6.6,14,19,43,None,"(-0.1, 0.1)",None,,,,,,,,,,,,,,1,0,1,0,0,2,2,2,0,0,0,0,607.0821338999999,,,,,,,,,,,,,,,,,,,,,,,,,,,,,,,,,,,,,,,,,,,,,,,,,,,,,,,,,,,,,,,,,,,,,,,,,,,,,,,,,,,,,,,,,,,,,607.0697101000001,607.0821338999999,607.0821338999999,607.0821338999999,607.2660109000003,None,,,,,,,,,,,607.2817120000004,607.2817120000004,607.2817120000004,,,,,,,,,,,,,,,,,,,P7350,Bar_MIC,10,1,2026-05-15_14h49.41.843,MIC_task,,2026.1.2,60.04138051946148,2026-05-15 14h49.44.746353 +0200,
,,1,0,1,,,,,,,10,b03,fül,ear,2,bodypart,face,6.6,14,19,43,None,"(-0.1, 0.1)",None,,,,,,,,,,,,,,1,0,1,0,0,2,2,2,1,0,1,0,607.2817120000004,,,,,,,,,,,,,,,,,,,,,,,,,,,,,,,,,,,,,,,,,,,,,,,,,,,,,,,,,,,,,,,,,,,,,,,,,,,,,,,,,,,,,,,,,,,,,607.2703318999997,607.2817120000004,607.2817120000004,607.2817120000004,607.4661353000006,None,,,,,,,,,,,607.4821744000005,607.4821744000005,607.4821744000005,,,,,,,,,,,,,,,,,,,P7350,Bar_MIC,10,1,2026-05-15_14h49.41.843,MIC_task,,2026.1.2,60.04138051946148,2026-05-15 14h49.44.746353 +0200,
,,2,0,2,,,,,,,10,b03,fül,ear,2,bodypart,face,6.6,14,19,43,None,"(-0.1, 0.1)",None,,,,,,,,,,,,,,1,0,1,0,0,2,2,2,2,0,2,0,607.4821744000005,,,,,,,,,,,,,,,,,,,,,,,,,,,,,,,,,,,,,,,,,,,,,,,,,,,,,,,,,,,,,,,,,,,,,,,,,,,,,,,,,,,,,,,,,,,,,607.4703755000005,607.4821744000005,607.4821744000005,607.4821744000005,607.6666932000003,None,,,,,,,,,,,607.6828076000006,607.6828076000006,607.6828076000006,,,,,,,,,,,,,,,,,,,P7350,Bar_MIC,10,1,2026-05-15_14h49.41.843,MIC_task,,2026.1.2,60.04138051946148,2026-05-15 14h49.44.746353 +0200,
,,3,0,3,,,,,,,10,b03,fül,ear,2,bodypart,face,6.6,14,19,43,None,"(-0.1, 0.1)",None,,,,,,,,,,,,,,1,0,1,0,0,2,2,2,3,0,3,0,607.6828076000006,,,,,,,,,,,,,,,,,,,,,,,,,,,,,,,,,,,,,,,,,,,,,,,,,,,,,,,,,,,,,,,,,,,,,,,,,,,,,,,,,,,,,,,,,,,,,607.6713241000002,607.6828076000006,607.6828076000006,607.6828076000006,607.8671389000006,None,,,,,,,,,,,,,,,,,,,,,,,,,,,,,,,,P7350,Bar_MIC,10,1,2026-05-15_14h49.41.843,MIC_task,,2026.1.2,60.04138051946148,2026-05-15 14h49.44.746353 +0200,
,,4,0,4,,,,,,,10,b03,fül,ear,2,bodypart,face,6.6,14,19,43,None,"(-0.1, 0.1)",None,,,,,,,,,,,,,,1,0,1,0,0,2,2,2,4,0,4,0,607.8829369999999,,,,,,,,,,,,,,,,,,,,,,,,,,,,,,,,,,,,,,,,,,,,,,,,,,,,,,,,,,,,,,,,,,,,,,,,,,,,,,,,,,,,,,,,,,,,,607.8713810000004,607.8829369999999,607.8829369999999,607.8829369999999,608.0676255000003,None,,,,,,,,,,,,,,,,,,,,,,,,,,,,,,,,P7350,Bar_MIC,10,1,2026-05-15_14h49.41.843,MIC_task,,2026.1.2,60.04138051946148,2026-05-15 14h49.44.746353 +0200,
,,5,0,5,,,,,,,10,b03,fül,ear,2,bodypart,face,6.6,14,19,43,None,"(-0.1, 0.1)",None,,,,,,,,,,,,,,1,0,1,0,0,2,2,2,5,0,5,0,608.0832961000001,,,,,,,,,,,,,,,,,,,,,,,,,,,,,,,,,,,,,,,,,,,,,,,,,,,,,,,,,,,,,,,,,,,,,,,,,,,,,,,,,,,,,,,,,,,,,608.0719614000004,608.0832961000001,608.0832961000001,608.0832961000001,608.2671530000002,None,,,,,,,,,,,,,,,,,,,,,,,,,,,,,,,,P7350,Bar_MIC,10,1,2026-05-15_14h49.41.843,MIC_task,,2026.1.2,60.04138051946148,2026-05-15 14h49.44.746353 +0200,
,,6,0,6,,,,,,,10,b03,fül,ear,2,bodypart,face,6.6,14,19,43,None,"(-0.1, 0.1)",None,,,,,,,,,,,,,,1,0,1,0,0,2,2,2,6,0,6,0,608.2837006000004,,,,,,,,,,,,,,,,,,,,,,,,,,,,,,,,,,,,,,,,,,,,,,,,,,,,,,,,,,,,,,,,,,,,,,,,,,,,,,,,,,,,,,,,,,,,,608.2716783000001,608.2837006000004,608.2837006000004,608.2837006000004,608.4691745000005,None,,,,,,,,,,,,,,,,,,,,,,,,,,,,,,,,P7350,Bar_MIC,10,1,2026-05-15_14h49.41.843,MIC_task,,2026.1.2,60.04138051946148,2026-05-15 14h49.44.746353 +0200,
,,7,0,7,,,,,,,10,b03,fül,ear,2,bodypart,face,6.6,14,19,43,None,"(-0.1, 0.1)",None,,,,,,,,,,,,,,1,0,1,0,0,2,2,2,7,0,7,0,608.4839539999998,,,,,,,,,,,,,,,,,,,,,,,,,,,,,,,,,,,,,,,,,,,,,,,,,,,,,,,,,,,,,,,,,,,,,,,,,,,,,,,,,,,,,,,,,,,,,608.4733591999998,608.4839539999998,608.4839539999998,608.4839539999998,608.6683014000005,None,,,,,,,,,,,,,,,,,,,,,,,,,,,,,,,,P7350,Bar_MIC,10,1,2026-05-15_14h49.41.843,MIC_task,,2026.1.2,60.04138051946148,2026-05-15 14h49.44.746353 +0200,
,,8,0,8,,,,,,,10,b03,fül,ear,2,bodypart,face,6.6,14,19,43,None,"(-0.1, 0.1)",None,,,,,,,,,,,,,,1,0,1,0,0,2,2,2,8,0,8,0,608.6846147000001,,,,,,,,,,,,,,,,,,,,,,,,,,,,,,,,,,,,,,,,,,,,,,,,,,,,,,,,,,,,,,,,,,,,,,,,,,,,,,,,,,,,,,,,,,,,,608.672693,608.6846147000001,608.6846147000001,608.6846147000001,608.8681511,None,,,,,,,,,,,,,,,,,,,,,,,,,,,,,,,,P7350,Bar_MIC,10,1,2026-05-15_14h49.41.843,MIC_task,,2026.1.2,60.04138051946148,2026-05-15 14h49.44.746353 +0200,
,,9,0,9,,,,,,,10,b03,fül,ear,2,bodypart,face,6.6,14,19,43,None,"(-0.1, 0.1)",None,,,,,,,,,,,,,,1,0,1,0,0,2,2,2,9,0,9,0,608.8850383000004,,,,,,,,,,,,,,,,,,,,,,,,,,,,,,,,,,,,,,,,,,,,,,,,,,,,,,,,,,,,,,,,,,,,,,,,,,,,,,,,,,,,,,,,,,,,,608.8725519000004,608.8850383000004,608.8850383000004,608.8850383000004,609.0690199000005,None,,,,,,,,,,,,,,,,,,,,,,,,,,,,,,,,P7350,Bar_MIC,10,1,2026-05-15_14h49.41.843,MIC_task,,2026.1.2,60.04138051946148,2026-05-15 14h49.44.746353 +0200,
,,10,0,10,,,,,,,10,b03,fül,ear,2,bodypart,face,6.6,14,19,43,None,"(-0.1, 0.1)",None,,,,,,,,,,,,,,1,0,1,0,0,2,2,2,10,0,10,0,609.0855266000003,,,,,,,,,,,,,,,,,,,,,,,,,,,,,,,,,,,,,,,,,,,,,,,,,,,,,,,,,,,,,,,,,,,,,,,,,,,,,,,,,,,,,,,,,,,,,609.0734429999998,609.0855266000003,609.0855266000003,609.0855266000003,609.2689894,None,,,,,,,,,,,,,,,,,,,,,,,,,,,,,,,,P7350,Bar_MIC,10,1,2026-05-15_14h49.41.843,MIC_task,,2026.1.2,60.04138051946148,2026-05-15 14h49.44.746353 +0200,
,,11,0,11,,,,,,,10,b03,fül,ear,2,bodypart,face,6.6,14,19,43,None,"(-0.1, 0.1)",None,,,,,,,,,,,,,,1,0,1,0,0,2,2,2,11,0,11,0,609.2846908000006,,,,,,,,,,,,,,,,,,,,,,,,,,,,,,,,,,,,,,,,,,,,,,,,,,,,,,,,,,,,,,,,,,,,,,,,,,,,,,,,,,,,,,,,,,,,,609.2733122000004,609.2846908000006,609.2846908000006,609.2846908000006,609.4685875999999,None,,,,,,,,,,,,,,,,,,,,,,,,,,,,,,,,P7350,Bar_MIC,10,1,2026-05-15_14h49.41.843,MIC_task,,2026.1.2,60.04138051946148,2026-05-15 14h49.44.746353 +0200,
,,12,0,12,,,,,,,10,b03,fül,ear,2,bodypart,face,6.6,14,19,43,None,"(-0.1, 0.1)",None,,,,,,,,,,,,,,1,0,1,0,0,2,2,2,12,0,12,0,609.4850560999998,,,,,,,,,,,,,,,,,,,,,,,,,,,,,,,,,,,,,,,,,,,,,,,,,,,,,,,,,,,,,,,,,,,,,,,,,,,,,,,,,,,,,,,,,,,,,609.4728815000003,609.4850560999998,609.4850560999998,609.4850560999998,609.6697168000005,None,,,,,,,,,,,,,,,,,,,,,,,,,,,,,,,,P7350,Bar_MIC,10,1,2026-05-15_14h49.41.843,MIC_task,,2026.1.2,60.04138051946148,2026-05-15 14h49.44.746353 +0200,
,,13,0,13,,,,,,,10,b03,fül,ear,2,bodypart,face,6.6,14,19,43,None,"(-0.1, 0.1)",None,,,,,,,,,,,,,,1,0,1,0,0,2,2,2,13,0,13,0,609.6862032000004,,,,,,,,,,,,,,,,,,,,,,,,,,,,,,,,,,,,,,,,,,,,,,,,,,,,,,,,,,,,,,,,,,,,,,,,,,,,,,,,,,,,,,,,,,,,,609.6740799000004,609.6862032000004,609.6862032000004,609.6862032000004,609.8692027000002,None,,,,,,,,,,,,,,,,,,,,,,,,,,,,,,,,P7350,Bar_MIC,10,1,2026-05-15_14h49.41.843,MIC_task,,2026.1.2,60.04138051946148,2026-05-15 14h49.44.746353 +0200,
,,14,0,14,,,,,,,10,b03,fül,ear,2,bodypart,face,6.6,14,19,43,None,"(-0.1, 0.1)",space,0.07894319999923027,None,,,,,,,,,,,,1,0,1,0,0,2,2,2,14,0,14,0,609.8861610999998,,,,,,,,,,,,,,,,,,,,,,,,,,,,,,,,,,,,,,,,,,,,,,,,,,,,,,,,,,,,,,,,,,,,,,,,,,,,,,,,,,,,,,,,,,,,,609.8735843999998,609.8861610999998,609.8861610999998,609.8861610999998,609.9719772000003,space,0.07894319999923027,None,,,,,,,,,,,,,,,,,,,,,,,,,,,,,,P7350,Bar_MIC,10,1,2026-05-15_14h49.41.843,MIC_task,,2026.1.2,60.04138051946148,2026-05-15 14h49.44.746353 +0200,
,,2,2,0,,,,space,2.4280359000003955,None,10,b03,fül,ear,2,bodypart,face,6.6,14,19,43,None,"(-0.1, 0.1)",,,,,,,,,,,,,,,1,0,1,0,0,2,2,2,,,,,,,,,,,,,,,,,,,,,,,,,,,,,,,,,,,,,,,,,,,,,,,,,,,,,,,,,,,,,,,,,,,,,,,,,,,,,,,,,610.0637106999998,610.0697716,610.0707462000001,611.9735154000005,,,,,,613.9765441000004,613.9924259000004,613.9924259000004,616.4308035999998,,,,,,,,,,,,,612.0117573000002,612.0180396999999,612.0232752000004,613.9087719000004,613.9764858000003,space,2.4280359000003955,None,,,,,,,,,,,,,,,,,,,,,,P7350,Bar_MIC,10,1,2026-05-15_14h49.41.843,MIC_task,,2026.1.2,60.04138051946148,2026-05-15 14h49.44.746353 +0200,
,,0,0,0,,,,,,,10,pl29,brokkoli,broccoli,7,plants,vegetable,5.4,15,None,62,None,"(0, 0.1)",None,,,,,,,,,,,,,,1,0,1,0,0,3,3,3,0,0,0,0,616.4469333000002,,,,,,,,,,,,,,,,,,,,,,,,,,,,,,,,,,,,,,,,,,,,,,,,,,,,,,,,,,,,,,,,,,,,,,,,,,,,,,,,,,,,,,,,,,,,,616.4357666000001,616.4469333000002,616.4469333000002,616.4469333000002,616.6315957000002,None,,,,,,,,,,,616.6460385000005,616.6460385000005,616.6460385000005,,,,,,,,,,,,,,,,,,,P7350,Bar_MIC,10,1,2026-05-15_14h49.41.843,MIC_task,,2026.1.2,60.04138051946148,2026-05-15 14h49.44.746353 +0200,
,,0,0,0,,,,,,,10,pl29,brokkoli,broccoli,7,plants,vegetable,5.4,15,None,62,None,"(0, 0.1)",None,,,,,,,,,,,,,,1,0,1,0,0,3,3,3,0,0,0,0,616.6460385000005,,,,,,,,,,,,,,,,,,,,,,,,,,,,,,,,,,,,,,,,,,,,,,,,,,,,,,,,,,,,,,,,,,,,,,,,,,,,,,,,,,,,,,,,,,,,,616.6360291000005,616.6460385000005,616.6460385000005,616.6460385000005,616.8311583999998,None,,,,,,,,,,,,,,,,,,,,,,,,,,,,,,,,P7350,Bar_MIC,10,1,2026-05-15_14h49.41.843,MIC_task,,2026.1.2,60.04138051946148,2026-05-15 14h49.44.746353 +0200,
,,1,0,1,,,,,,,10,pl29,brokkoli,broccoli,7,plants,vegetable,5.4,15,None,62,None,"(0, 0.1)",None,,,,,,,,,,,,,,1,0,1,0,0,3,3,3,1,0,1,0,616.8464250000002,,,,,,,,,,,,,,,,,,,,,,,,,,,,,,,,,,,,,,,,,,,,,,,,,,,,,,,,,,,,,,,,,,,,,,,,,,,,,,,,,,,,,,,,,,,,,616.8363083999998,616.8464250000002,616.8464250000002,616.8464250000002,617.0308131000006,None,,,,,,,,,,,617.0467525999998,617.0467525999998,617.0467525999998,,,,,,,,,,,,,,,,,,,P7350,Bar_MIC,10,1,2026-05-15_14h49.41.843,MIC_task,,2026.1.2,60.04138051946148,2026-05-15 14h49.44.746353 +0200,
,,2,0,2,,,,,,,10,pl29,brokkoli,broccoli,7,plants,vegetable,5.4,15,None,62,None,"(0, 0.1)",None,,,,,,,,,,,,,,1,0,1,0,0,3,3,3,2,0,2,0,617.0467525999998,,,,,,,,,,,,,,,,,,,,,,,,,,,,,,,,,,,,,,,,,,,,,,,,,,,,,,,,,,,,,,,,,,,,,,,,,,,,,,,,,,,,,,,,,,,,,617.0355021999999,617.0467525999998,617.0467525999998,617.0467525999998,617.2312983000006,None,,,,,,,,,,,617.2471466000002,617.2471466000002,617.2471466000002,,,,,,,,,,,,,,,,,,,P7350,Bar_MIC,10,1,2026-05-15_14h49.41.843,MIC_task,,2026.1.2,60.04138051946148,2026-05-15 14h49.44.746353 +0200,
,,3,0,3,,,,,,,10,pl29,brokkoli,broccoli,7,plants,vegetable,5.4,15,None,62,None,"(0, 0.1)",None,,,,,,,,,,,,,,1,0,1,0,0,3,3,3,3,0,3,0,617.2471466000002,,,,,,,,,,,,,,,,,,,,,,,,,,,,,,,,,,,,,,,,,,,,,,,,,,,,,,,,,,,,,,,,,,,,,,,,,,,,,,,,,,,,,,,,,,,,,617.2360924999998,617.2471466000002,617.2471466000002,617.2471466000002,617.4339150999999,None,,,,,,,,,,,,,,,,,,,,,,,,,,,,,,,,P7350,Bar_MIC,10,1,2026-05-15_14h49.41.843,MIC_task,,2026.1.2,60.04138051946148,2026-05-15 14h49.44.746353 +0200,
,,4,0,4,,,,,,,10,pl29,brokkoli,broccoli,7,plants,vegetable,5.4,15,None,62,None,"(0, 0.1)",None,,,,,,,,,,,,,,1,0,1,0,0,3,3,3,4,0,4,0,617.4479744000005,,,,,,,,,,,,,,,,,,,,,,,,,,,,,,,,,,,,,,,,,,,,,,,,,,,,,,,,,,,,,,,,,,,,,,,,,,,,,,,,,,,,,,,,,,,,,617.4390159999998,617.4479744000005,617.4479744000005,617.4479744000005,617.6313750000004,None,,,,,,,,,,,,,,,,,,,,,,,,,,,,,,,,P7350,Bar_MIC,10,1,2026-05-15_14h49.41.843,MIC_task,,2026.1.2,60.04138051946148,2026-05-15 14h49.44.746353 +0200,
,,5,0,5,,,,,,,10,pl29,brokkoli,broccoli,7,plants,vegetable,5.4,15,None,62,None,"(0, 0.1)",None,,,,,,,,,,,,,,1,0,1,0,0,3,3,3,5,0,5,0,617.6479960000001,,,,,,,,,,,,,,,,,,,,,,,,,,,,,,,,,,,,,,,,,,,,,,,,,,,,,,,,,,,,,,,,,,,,,,,,,,,,,,,,,,,,,,,,,,,,,617.6360680000003,617.6479960000001,617.6479960000001,617.6479960000001,617.8316842999998,None,,,,,,,,,,,,,,,,,,,,,,,,,,,,,,,,P7350,Bar_MIC,10,1,2026-05-15_14h49.41.843,MIC_task,,2026.1.2,60.04138051946148,2026-05-15 14h49.44.746353 +0200,
,,6,0,6,,,,,,,10,pl29,brokkoli,broccoli,7,plants,vegetable,5.4,15,None,62,None,"(0, 0.1)",None,,,,,,,,,,,,,,1,0,1,0,0,3,3,3,6,0,6,0,617.8482284000006,,,,,,,,,,,,,,,,,,,,,,,,,,,,,,,,,,,,,,,,,,,,,,,,,,,,,,,,,,,,,,,,,,,,,,,,,,,,,,,,,,,,,,,,,,,,,617.8363898000002,617.8482284000006,617.8482284000006,617.8482284000006,618.0322337000002,None,,,,,,,,,,,,,,,,,,,,,,,,,,,,,,,,P7350,Bar_MIC,10,1,2026-05-15_14h49.41.843,MIC_task,,2026.1.2,60.04138051946148,2026-05-15 14h49.44.746353 +0200,
,,7,0,7,,,,,,,10,pl29,brokkoli,broccoli,7,plants,vegetable,5.4,15,None,62,None,"(0, 0.1)",None,,,,,,,,,,,,,,1,0,1,0,0,3,3,3,7,0,7,0,618.0488578999998,,,,,,,,,,,,,,,,,,,,,,,,,,,,,,,,,,,,,,,,,,,,,,,,,,,,,,,,,,,,,,,,,,,,,,,,,,,,,,,,,,,,,,,,,,,,,618.0368453000006,618.0488578999998,618.0488578999998,618.0488578999998,618.2328456999999,None,,,,,,,,,,,,,,,,,,,,,,,,,,,,,,,,P7350,Bar_MIC,10,1,2026-05-15_14h49.41.843,MIC_task,,2026.1.2,60.04138051946148,2026-05-15 14h49.44.746353 +0200,
,,8,0,8,,,,,,,10,pl29,brokkoli,broccoli,7,plants,vegetable,5.4,15,None,62,None,"(0, 0.1)",None,,,,,,,,,,,,,,1,0,1,0,0,3,3,3,8,0,8,0,618.2490285999997,,,,,,,,,,,,,,,,,,,,,,,,,,,,,,,,,,,,,,,,,,,,,,,,,,,,,,,,,,,,,,,,,,,,,,,,,,,,,,,,,,,,,,,,,,,,,618.2376481000006,618.2490285999997,618.2490285999997,618.2490285999997,618.4329315999998,None,,,,,,,,,,,,,,,,,,,,,,,,,,,,,,,,P7350,Bar_MIC,10,1,2026-05-15_14h49.41.843,MIC_task,,2026.1.2,60.04138051946148,2026-05-15 14h49.44.746353 +0200,
,,9,0,9,,,,,,,10,pl29,brokkoli,broccoli,7,plants,vegetable,5.4,15,None,62,None,"(0, 0.1)",None,,,,,,,,,,,,,,1,0,1,0,0,3,3,3,9,0,9,0,618.4494061999999,,,,,,,,,,,,,,,,,,,,,,,,,,,,,,,,,,,,,,,,,,,,,,,,,,,,,,,,,,,,,,,,,,,,,,,,,,,,,,,,,,,,,,,,,,,,,618.4381720000006,618.4494061999999,618.4494061999999,618.4494061999999,618.6330400000002,None,,,,,,,,,,,,,,,,,,,,,,,,,,,,,,,,P7350,Bar_MIC,10,1,2026-05-15_14h49.41.843,MIC_task,,2026.1.2,60.04138051946148,2026-05-15 14h49.44.746353 +0200,
,,10,0,10,,,,,,,10,pl29,brokkoli,broccoli,7,plants,vegetable,5.4,15,None,62,None,"(0, 0.1)",None,,,,,,,,,,,,,,1,0,1,0,0,3,3,3,10,0,10,0,618.6490000999997,,,,,,,,,,,,,,,,,,,,,,,,,,,,,,,,,,,,,,,,,,,,,,,,,,,,,,,,,,,,,,,,,,,,,,,,,,,,,,,,,,,,,,,,,,,,,618.6377128999998,618.6490000999997,618.6490000999997,618.6490000999997,618.8335465000005,None,,,,,,,,,,,,,,,,,,,,,,,,,,,,,,,,P7350,Bar_MIC,10,1,2026-05-15_14h49.41.843,MIC_task,,2026.1.2,60.04138051946148,2026-05-15 14h49.44.746353 +0200,
,,11,0,11,,,,,,,10,pl29,brokkoli,broccoli,7,plants,vegetable,5.4,15,None,62,None,"(0, 0.1)",None,,,,,,,,,,,,,,1,0,1,0,0,3,3,3,11,0,11,0,618.8503876,,,,,,,,,,,,,,,,,,,,,,,,,,,,,,,,,,,,,,,,,,,,,,,,,,,,,,,,,,,,,,,,,,,,,,,,,,,,,,,,,,,,,,,,,,,,,618.8382094000003,618.8503876,618.8503876,618.8503876,619.0346341999998,None,,,,,,,,,,,,,,,,,,,,,,,,,,,,,,,,P7350,Bar_MIC,10,1,2026-05-15_14h49.41.843,MIC_task,,2026.1.2,60.04138051946148,2026-05-15 14h49.44.746353 +0200,
,,12,0,12,,,,,,,10,pl29,brokkoli,broccoli,7,plants,vegetable,5.4,15,None,62,None,"(0, 0.1)",None,,,,,,,,,,,,,,1,0,1,0,0,3,3,3,12,0,12,0,619.0497408000006,,,,,,,,,,,,,,,,,,,,,,,,,,,,,,,,,,,,,,,,,,,,,,,,,,,,,,,,,,,,,,,,,,,,,,,,,,,,,,,,,,,,,,,,,,,,,619.0392438000003,619.0497408000006,619.0497408000006,619.0497408000006,619.2345074999998,None,,,,,,,,,,,,,,,,,,,,,,,,,,,,,,,,P7350,Bar_MIC,10,1,2026-05-15_14h49.41.843,MIC_task,,2026.1.2,60.04138051946148,2026-05-15 14h49.44.746353 +0200,
,,13,0,13,,,,,,,10,pl29,brokkoli,broccoli,7,plants,vegetable,5.4,15,None,62,None,"(0, 0.1)",None,,,,,,,,,,,,,,1,0,1,0,0,3,3,3,13,0,13,0,619.2501913000001,,,,,,,,,,,,,,,,,,,,,,,,,,,,,,,,,,,,,,,,,,,,,,,,,,,,,,,,,,,,,,,,,,,,,,,,,,,,,,,,,,,,,,,,,,,,,619.2392812000003,619.2501913000001,619.2501913000001,619.2501913000001,619.4339075000003,None,,,,,,,,,,,,,,,,,,,,,,,,,,,,,,,,P7350,Bar_MIC,10,1,2026-05-15_14h49.41.843,MIC_task,,2026.1.2,60.04138051946148,2026-05-15 14h49.44.746353 +0200,
,,14,0,14,,,,,,,10,pl29,brokkoli,broccoli,7,plants,vegetable,5.4,15,None,62,None,"(0, 0.1)",None,,,,,,,,,,,,,,1,0,1,0,0,3,3,3,14,0,14,0,619.4506074000005,,,,,,,,,,,,,,,,,,,,,,,,,,,,,,,,,,,,,,,,,,,,,,,,,,,,,,,,,,,,,,,,,,,,,,,,,,,,,,,,,,,,,,,,,,,,,619.4386555000006,619.4506074000005,619.4506074000005,619.4506074000005,619.6343486999999,None,,,,,,,,,,,,,,,,,,,,,,,,,,,,,,,,P7350,Bar_MIC,10,1,2026-05-15_14h49.41.843,MIC_task,,2026.1.2,60.04138051946148,2026-05-15 14h49.44.746353 +0200,
,,15,0,15,,,,,,,10,pl29,brokkoli,broccoli,7,plants,vegetable,5.4,15,None,62,None,"(0, 0.1)",None,,,,,,,,,,,,,,1,0,1,0,0,3,3,3,15,0,15,0,619.6512558999998,,,,,,,,,,,,,,,,,,,,,,,,,,,,,,,,,,,,,,,,,,,,,,,,,,,,,,,,,,,,,,,,,,,,,,,,,,,,,,,,,,,,,,,,,,,,,619.6389382000002,619.6512558999998,619.6512558999998,619.6512558999998,619.8347915999998,None,,,,,,,,,,,,,,,,,,,,,,,,,,,,,,,,P7350,Bar_MIC,10,1,2026-05-15_14h49.41.843,MIC_task,,2026.1.2,60.04138051946148,2026-05-15 14h49.44.746353 +0200,
,,16,0,16,,,,,,,10,pl29,brokkoli,broccoli,7,plants,vegetable,5.4,15,None,62,None,"(0, 0.1)",space,0.1297998000000007,None,,,,,,,,,,,,1,0,1,0,0,3,3,3,16,0,16,0,619.8516544999998,,,,,,,,,,,,,,,,,,,,,,,,,,,,,,,,,,,,,,,,,,,,,,,,,,,,,,,,,,,,,,,,,,,,,,,,,,,,,,,,,,,,,,,,,,,,,619.8394365999998,619.8516544999998,619.8516544999998,619.8516544999998,619.9857193000003,space,0.1297998000000007,None,,,,,,,,,,,,,,,,,,,,,,,,,,,,,,P7350,Bar_MIC,10,1,2026-05-15_14h49.41.843,MIC_task,,2026.1.2,60.04138051946148,2026-05-15 14h49.44.746353 +0200,
,,3,3,0,,,,space,0.5010311000005458,None,10,pl29,brokkoli,broccoli,7,plants,vegetable,5.4,15,None,62,None,"(0, 0.1)",,,,,,,,,,,,,,,1,0,1,0,0,3,3,3,,,,,,,,,,,,,,,,,,,,,,,,,,,,,,,,,,,,,,,,,,,,,,,,,,,,,,,,,,,,,,,,,,,,,,,,,,,,,,,,,620.0772761000003,620.0849527000005,620.0846498000002,621.987971,,,,,,623.9926661000004,624.0082536000004,624.0082536000004,624.5263230000005,,,,,,,,,,,,,622.0202439999998,622.0274080000004,622.0210331333337,623.9251770000005,623.9926003000005,space,0.5010311000005458,None,,,,,,,,,,,,,,,,,,,,,,P7350,Bar_MIC,10,1,2026-05-15_14h49.41.843,MIC_task,,2026.1.2,60.04138051946148,2026-05-15 14h49.44.746353 +0200,
,,0,0,0,,,,,,,10,a21,elefánt,elephant,1,animal,mammal,6.4,14,21,57,None,"(-0.1, 0.1)",None,,,,,,,,,,,,,,1,0,1,0,0,4,4,4,0,0,0,0,624.5418868000002,,,,,,,,,,,,,,,,,,,,,,,,,,,,,,,,,,,,,,,,,,,,,,,,,,,,,,,,,,,,,,,,,,,,,,,,,,,,,,,,,,,,,,,,,,,,,624.5307943000003,624.5418868000002,624.5418868000002,624.5418868000002,624.7265821000005,None,,,,,,,,,,,624.7416826000003,624.7416826000003,624.7416826000003,,,,,,,,,,,,,,,,,,,P7350,Bar_MIC,10,1,2026-05-15_14h49.41.843,MIC_task,,2026.1.2,60.04138051946148,2026-05-15 14h49.44.746353 +0200,
,,0,0,0,,,,,,,10,a21,elefánt,elephant,1,animal,mammal,6.4,14,21,57,None,"(-0.1, 0.1)",None,,,,,,,,,,,,,,1,0,1,0,0,4,4,4,0,0,0,0,624.7416826000003,,,,,,,,,,,,,,,,,,,,,,,,,,,,,,,,,,,,,,,,,,,,,,,,,,,,,,,,,,,,,,,,,,,,,,,,,,,,,,,,,,,,,,,,,,,,,624.7310197000002,624.7416826000003,624.7416826000003,624.7416826000003,624.9260906000004,None,,,,,,,,,,,624.9420670000004,624.9420670000004,624.9420670000004,,,,,,,,,,,,,,,,,,,P7350,Bar_MIC,10,1,2026-05-15_14h49.41.843,MIC_task,,2026.1.2,60.04138051946148,2026-05-15 14h49.44.746353 +0200,
,,1,0,1,,,,,,,10,a21,elefánt,elephant,1,animal,mammal,6.4,14,21,57,None,"(-0.1, 0.1)",None,,,,,,,,,,,,,,1,0,1,0,0,4,4,4,1,0,1,0,624.9420670000004,,,,,,,,,,,,,,,,,,,,,,,,,,,,,,,,,,,,,,,,,,,,,,,,,,,,,,,,,,,,,,,,,,,,,,,,,,,,,,,,,,,,,,,,,,,,,624.9306331000003,624.9420670000004,624.9420670000004,624.9420670000004,625.1265861000006,None,,,,,,,,,,,,,,,,,,,,,,,,,,,,,,,,P7350,Bar_MIC,10,1,2026-05-15_14h49.41.843,MIC_task,,2026.1.2,60.04138051946148,2026-05-15 14h49.44.746353 +0200,
,,2,0,2,,,,,,,10,a21,elefánt,elephant,1,animal,mammal,6.4,14,21,57,None,"(-0.1, 0.1)",None,,,,,,,,,,,,,,1,0,1,0,0,4,4,4,2,0,2,0,625.1424855,,,,,,,,,,,,,,,,,,,,,,,,,,,,,,,,,,,,,,,,,,,,,,,,,,,,,,,,,,,,,,,,,,,,,,,,,,,,,,,,,,,,,,,,,,,,,625.1313950999997,625.1424855,625.1424855,625.1424855,625.3271583000001,None,,,,,,,,,,,,,,,,,,,,,,,,,,,,,,,,P7350,Bar_MIC,10,1,2026-05-15_14h49.41.843,MIC_task,,2026.1.2,60.04138051946148,2026-05-15 14h49.44.746353 +0200,
,,3,0,3,,,,,,,10,a21,elefánt,elephant,1,animal,mammal,6.4,14,21,57,None,"(-0.1, 0.1)",None,,,,,,,,,,,,,,1,0,1,0,0,4,4,4,3,0,3,0,625.3429062,,,,,,,,,,,,,,,,,,,,,,,,,,,,,,,,,,,,,,,,,,,,,,,,,,,,,,,,,,,,,,,,,,,,,,,,,,,,,,,,,,,,,,,,,,,,,625.3320299000002,625.3429062,625.3429062,625.3429062,625.5265046999998,None,,,,,,,,,,,,,,,,,,,,,,,,,,,,,,,,P7350,Bar_MIC,10,1,2026-05-15_14h49.41.843,MIC_task,,2026.1.2,60.04138051946148,2026-05-15 14h49.44.746353 +0200,
,,4,0,4,,,,,,,10,a21,elefánt,elephant,1,animal,mammal,6.4,14,21,57,None,"(-0.1, 0.1)",None,,,,,,,,,,,,,,1,0,1,0,0,4,4,4,4,0,4,0,625.5432102999998,,,,,,,,,,,,,,,,,,,,,,,,,,,,,,,,,,,,,,,,,,,,,,,,,,,,,,,,,,,,,,,,,,,,,,,,,,,,,,,,,,,,,,,,,,,,,625.5311235000004,625.5432102999998,625.5432102999998,625.5432102999998,625.7286319999998,None,,,,,,,,,,,,,,,,,,,,,,,,,,,,,,,,P7350,Bar_MIC,10,1,2026-05-15_14h49.41.843,MIC_task,,2026.1.2,60.04138051946148,2026-05-15 14h49.44.746353 +0200,
,,5,0,5,,,,,,,10,a21,elefánt,elephant,1,animal,mammal,6.4,14,21,57,None,"(-0.1, 0.1)",None,,,,,,,,,,,,,,1,0,1,0,0,4,4,4,5,0,5,0,625.7437198000002,,,,,,,,,,,,,,,,,,,,,,,,,,,,,,,,,,,,,,,,,,,,,,,,,,,,,,,,,,,,,,,,,,,,,,,,,,,,,,,,,,,,,,,,,,,,,625.7331325999999,625.7437198000002,625.7437198000002,625.7437198000002,625.9273386,None,,,,,,,,,,,,,,,,,,,,,,,,,,,,,,,,P7350,Bar_MIC,10,1,2026-05-15_14h49.41.843,MIC_task,,2026.1.2,60.04138051946148,2026-05-15 14h49.44.746353 +0200,
,,6,0,6,,,,,,,10,a21,elefánt,elephant,1,animal,mammal,6.4,14,21,57,None,"(-0.1, 0.1)",None,,,,,,,,,,,,,,1,0,1,0,0,4,4,4,6,0,6,0,625.9439203000006,,,,,,,,,,,,,,,,,,,,,,,,,,,,,,,,,,,,,,,,,,,,,,,,,,,,,,,,,,,,,,,,,,,,,,,,,,,,,,,,,,,,,,,,,,,,,625.9317997000003,625.9439203000006,625.9439203000006,625.9439203000006,626.1281389000001,None,,,,,,,,,,,,,,,,,,,,,,,,,,,,,,,,P7350,Bar_MIC,10,1,2026-05-15_14h49.41.843,MIC_task,,2026.1.2,60.04138051946148,2026-05-15 14h49.44.746353 +0200,
,,7,0,7,,,,,,,10,a21,elefánt,elephant,1,animal,mammal,6.4,14,21,57,None,"(-0.1, 0.1)",None,,,,,,,,,,,,,,1,0,1,0,0,4,4,4,7,0,7,0,626.1444256,,,,,,,,,,,,,,,,,,,,,,,,,,,,,,,,,,,,,,,,,,,,,,,,,,,,,,,,,,,,,,,,,,,,,,,,,,,,,,,,,,,,,,,,,,,,,626.1328188000002,626.1444256,626.1444256,626.1444256,626.3286695000002,None,,,,,,,,,,,,,,,,,,,,,,,,,,,,,,,,P7350,Bar_MIC,10,1,2026-05-15_14h49.41.843,MIC_task,,2026.1.2,60.04138051946148,2026-05-15 14h49.44.746353 +0200,
,,8,0,8,,,,,,,10,a21,elefánt,elephant,1,animal,mammal,6.4,14,21,57,None,"(-0.1, 0.1)",None,,,,,,,,,,,,,,1,0,1,0,0,4,4,4,8,0,8,0,626.3447560999998,,,,,,,,,,,,,,,,,,,,,,,,,,,,,,,,,,,,,,,,,,,,,,,,,,,,,,,,,,,,,,,,,,,,,,,,,,,,,,,,,,,,,,,,,,,,,626.3331042000004,626.3447560999998,626.3447560999998,626.3447560999998,626.5294945999999,None,,,,,,,,,,,,,,,,,,,,,,,,,,,,,,,,P7350,Bar_MIC,10,1,2026-05-15_14h49.41.843,MIC_task,,2026.1.2,60.04138051946148,2026-05-15 14h49.44.746353 +0200,
,,9,0,9,,,,,,,10,a21,elefánt,elephant,1,animal,mammal,6.4,14,21,57,None,"(-0.1, 0.1)",None,,,,,,,,,,,,,,1,0,1,0,0,4,4,4,9,0,9,0,626.5444115000005,,,,,,,,,,,,,,,,,,,,,,,,,,,,,,,,,,,,,,,,,,,,,,,,,,,,,,,,,,,,,,,,,,,,,,,,,,,,,,,,,,,,,,,,,,,,,626.5340601000003,626.5444115000005,626.5444115000005,626.5444115000005,626.7289211000002,None,,,,,,,,,,,,,,,,,,,,,,,,,,,,,,,,P7350,Bar_MIC,10,1,2026-05-15_14h49.41.843,MIC_task,,2026.1.2,60.04138051946148,2026-05-15 14h49.44.746353 +0200,
,,10,0,10,,,,,,,10,a21,elefánt,elephant,1,animal,mammal,6.4,14,21,57,None,"(-0.1, 0.1)",None,,,,,,,,,,,,,,1,0,1,0,0,4,4,4,10,0,10,0,626.7453861999998,,,,,,,,,,,,,,,,,,,,,,,,,,,,,,,,,,,,,,,,,,,,,,,,,,,,,,,,,,,,,,,,,,,,,,,,,,,,,,,,,,,,,,,,,,,,,626.73335,626.7453861999998,626.7453861999998,626.7453861999998,626.9302988000004,None,,,,,,,,,,,,,,,,,,,,,,,,,,,,,,,,P7350,Bar_MIC,10,1,2026-05-15_14h49.41.843,MIC_task,,2026.1.2,60.04138051946148,2026-05-15 14h49.44.746353 +0200,
,,11,0,11,,,,,,,10,a21,elefánt,elephant,1,animal,mammal,6.4,14,21,57,None,"(-0.1, 0.1)",None,,,,,,,,,,,,,,1,0,1,0,0,4,4,4,11,0,11,0,626.9464047000006,,,,,,,,,,,,,,,,,,,,,,,,,,,,,,,,,,,,,,,,,,,,,,,,,,,,,,,,,,,,,,,,,,,,,,,,,,,,,,,,,,,,,,,,,,,,,626.9348687000006,626.9464047000006,626.9464047000006,626.9464047000006,627.1288703000005,None,,,,,,,,,,,,,,,,,,,,,,,,,,,,,,,,P7350,Bar_MIC,10,1,2026-05-15_14h49.41.843,MIC_task,,2026.1.2,60.04138051946148,2026-05-15 14h49.44.746353 +0200,
,,12,0,12,,,,,,,10,a21,elefánt,elephant,1,animal,mammal,6.4,14,21,57,None,"(-0.1, 0.1)",None,,,,,,,,,,,,,,1,0,1,0,0,4,4,4,12,0,12,0,627.1455547999999,,,,,,,,,,,,,,,,,,,,,,,,,,,,,,,,,,,,,,,,,,,,,,,,,,,,,,,,,,,,,,,,,,,,,,,,,,,,,,,,,,,,,,,,,,,,,627.1333153,627.1455547999999,627.1455547999999,627.1455547999999,627.3292670000005,None,,,,,,,,,,,,,,,,,,,,,,,,,,,,,,,,P7350,Bar_MIC,10,1,2026-05-15_14h49.41.843,MIC_task,,2026.1.2,60.04138051946148,2026-05-15 14h49.44.746353 +0200,
,,13,0,13,,,,,,,10,a21,elefánt,elephant,1,animal,mammal,6.4,14,21,57,None,"(-0.1, 0.1)",space,0.1395511999999144,None,,,,,,,,,,,,1,0,1,0,0,4,4,4,13,0,13,0,627.3458747,,,,,,,,,,,,,,,,,,,,,,,,,,,,,,,,,,,,,,,,,,,,,,,,,,,,,,,,,,,,,,,,,,,,,,,,,,,,,,,,,,,,,,,,,,,,,627.3336303000001,627.3458747,627.3458747,627.3458747,627.4988374,space,0.1395511999999144,None,,,,,,,,,,,,,,,,,,,,,,,,,,,,,,P7350,Bar_MIC,10,1,2026-05-15_14h49.41.843,MIC_task,,2026.1.2,60.04138051946148,2026-05-15 14h49.44.746353 +0200,
,,4,4,0,,,,space,1.2055589000001419,None,10,a21,elefánt,elephant,1,animal,mammal,6.4,14,21,57,None,"(-0.1, 0.1)",,,,,,,,,,,,,,,1,0,1,0,0,4,4,4,,,,,,,,,,,,,,,,,,,,,,,,,,,,,,,,,,,,,,,,,,,,,,,,,,,,,,,,,,,,,,,,,,,,,,,,,,,,,,,,,627.5899835000005,627.5969184,627.5973903000005,629.5157689000002,,,,,,631.5029187000005,631.5193677000002,631.5193677000002,632.7390007999998,,,,,,,,,,,,,629.5486342999998,629.5544690000002,629.5489189333339,631.4532476999998,631.5028653000004,space,1.2055589000001419,None,,,,,,,,,,,,,,,,,,,,,,P7350,Bar_MIC,10,1,2026-05-15_14h49.41.843,MIC_task,,2026.1.2,60.04138051946148,2026-05-15 14h49.44.746353 +0200,
,,0,0,0,,,,,,,10,f26,méz,honey,4,food,sweets,7,51,None,65,None,"(0, -0.1)",None,,,,,,,,,,,,,,1,0,1,0,0,5,5,5,0,0,0,0,632.7545067000005,,,,,,,,,,,,,,,,,,,,,,,,,,,,,,,,,,,,,,,,,,,,,,,,,,,,,,,,,,,,,,,,,,,,,,,,,,,,,,,,,,,,,,,,,,,,,632.7441727,632.7545067000005,632.7545067000005,632.7545067000005,632.9395012999998,None,,,,,,,,,,,,,,,,,,,,,,,,,,,,,,,,P7350,Bar_MIC,10,1,2026-05-15_14h49.41.843,MIC_task,,2026.1.2,60.04138051946148,2026-05-15 14h49.44.746353 +0200,
,,0,0,0,,,,,,,10,f26,méz,honey,4,food,sweets,7,51,None,65,None,"(0, -0.1)",None,,,,,,,,,,,,,,1,0,1,0,0,5,5,5,0,0,0,0,632.9546701000004,,,,,,,,,,,,,,,,,,,,,,,,,,,,,,,,,,,,,,,,,,,,,,,,,,,,,,,,,,,,,,,,,,,,,,,,,,,,,,,,,,,,,,,,,,,,,632.9441139000005,632.9546701000004,632.9546701000004,632.9546701000004,633.1394129000005,None,,,,,,,,,,,633.1551263000006,633.1551263000006,633.1551263000006,,,,,,,,,,,,,,,,,,,P7350,Bar_MIC,10,1,2026-05-15_14h49.41.843,MIC_task,,2026.1.2,60.04138051946148,2026-05-15 14h49.44.746353 +0200,
,,1,0,1,,,,,,,10,f26,méz,honey,4,food,sweets,7,51,None,65,None,"(0, -0.1)",None,,,,,,,,,,,,,,1,0,1,0,0,5,5,5,1,0,1,0,633.1551263000006,,,,,,,,,,,,,,,,,,,,,,,,,,,,,,,,,,,,,,,,,,,,,,,,,,,,,,,,,,,,,,,,,,,,,,,,,,,,,,,,,,,,,,,,,,,,,633.1440797,633.1551263000006,633.1551263000006,633.1551263000006,633.3393154999999,None,,,,,,,,,,,,,,,,,,,,,,,,,,,,,,,,P7350,Bar_MIC,10,1,2026-05-15_14h49.41.843,MIC_task,,2026.1.2,60.04138051946148,2026-05-15 14h49.44.746353 +0200,
,,2,0,2,,,,,,,10,f26,méz,honey,4,food,sweets,7,51,None,65,None,"(0, -0.1)",None,,,,,,,,,,,,,,1,0,1,0,0,5,5,5,2,0,2,0,633.3553984000005,,,,,,,,,,,,,,,,,,,,,,,,,,,,,,,,,,,,,,,,,,,,,,,,,,,,,,,,,,,,,,,,,,,,,,,,,,,,,,,,,,,,,,,,,,,,,633.3442842,633.3553984000005,633.3553984000005,633.3553984000005,633.5392892000004,None,,,,,,,,,,,,,,,,,,,,,,,,,,,,,,,,P7350,Bar_MIC,10,1,2026-05-15_14h49.41.843,MIC_task,,2026.1.2,60.04138051946148,2026-05-15 14h49.44.746353 +0200,
,,3,0,3,,,,,,,10,f26,méz,honey,4,food,sweets,7,51,None,65,None,"(0, -0.1)",None,,,,,,,,,,,,,,1,0,1,0,0,5,5,5,3,0,3,0,633.5565062000001,,,,,,,,,,,,,,,,,,,,,,,,,,,,,,,,,,,,,,,,,,,,,,,,,,,,,,,,,,,,,,,,,,,,,,,,,,,,,,,,,,,,,,,,,,,,,633.5438328000005,633.5565062000001,633.5565062000001,633.5565062000001,633.7396961999998,None,,,,,,,,,,,,,,,,,,,,,,,,,,,,,,,,P7350,Bar_MIC,10,1,2026-05-15_14h49.41.843,MIC_task,,2026.1.2,60.04138051946148,2026-05-15 14h49.44.746353 +0200,
,,4,0,4,,,,,,,10,f26,méz,honey,4,food,sweets,7,51,None,65,None,"(0, -0.1)",None,,,,,,,,,,,,,,1,0,1,0,0,5,5,5,4,0,4,0,633.7555526000001,,,,,,,,,,,,,,,,,,,,,,,,,,,,,,,,,,,,,,,,,,,,,,,,,,,,,,,,,,,,,,,,,,,,,,,,,,,,,,,,,,,,,,,,,,,,,633.7443724999998,633.7555526000001,633.7555526000001,633.7555526000001,633.9392913000006,None,,,,,,,,,,,,,,,,,,,,,,,,,,,,,,,,P7350,Bar_MIC,10,1,2026-05-15_14h49.41.843,MIC_task,,2026.1.2,60.04138051946148,2026-05-15 14h49.44.746353 +0200,
,,5,0,5,,,,,,,10,f26,méz,honey,4,food,sweets,7,51,None,65,None,"(0, -0.1)",None,,,,,,,,,,,,,,1,0,1,0,0,5,5,5,5,0,5,0,633.956009,,,,,,,,,,,,,,,,,,,,,,,,,,,,,,,,,,,,,,,,,,,,,,,,,,,,,,,,,,,,,,,,,,,,,,,,,,,,,,,,,,,,,,,,,,,,,633.9439717,633.956009,633.956009,633.956009,634.1404100000004,None,,,,,,,,,,,,,,,,,,,,,,,,,,,,,,,,P7350,Bar_MIC,10,1,2026-05-15_14h49.41.843,MIC_task,,2026.1.2,60.04138051946148,2026-05-15 14h49.44.746353 +0200,
,,6,0,6,,,,,,,10,f26,méz,honey,4,food,sweets,7,51,None,65,None,"(0, -0.1)",None,,,,,,,,,,,,,,1,0,1,0,0,5,5,5,6,0,6,0,634.1562048999999,,,,,,,,,,,,,,,,,,,,,,,,,,,,,,,,,,,,,,,,,,,,,,,,,,,,,,,,,,,,,,,,,,,,,,,,,,,,,,,,,,,,,,,,,,,,,634.1453679000001,634.1562048999999,634.1562048999999,634.1562048999999,634.3401745000006,None,,,,,,,,,,,,,,,,,,,,,,,,,,,,,,,,P7350,Bar_MIC,10,1,2026-05-15_14h49.41.843,MIC_task,,2026.1.2,60.04138051946148,2026-05-15 14h49.44.746353 +0200,
,,7,0,7,,,,,,,10,f26,méz,honey,4,food,sweets,7,51,None,65,None,"(0, -0.1)",None,,,,,,,,,,,,,,1,0,1,0,0,5,5,5,7,0,7,0,634.3566194999999,,,,,,,,,,,,,,,,,,,,,,,,,,,,,,,,,,,,,,,,,,,,,,,,,,,,,,,,,,,,,,,,,,,,,,,,,,,,,,,,,,,,,,,,,,,,,634.3465369,634.3566194999999,634.3566194999999,634.3566194999999,634.5405051000002,None,,,,,,,,,,,,,,,,,,,,,,,,,,,,,,,,P7350,Bar_MIC,10,1,2026-05-15_14h49.41.843,MIC_task,,2026.1.2,60.04138051946148,2026-05-15 14h49.44.746353 +0200,
,,8,0,8,,,,,,,10,f26,méz,honey,4,food,sweets,7,51,None,65,None,"(0, -0.1)",None,,,,,,,,,,,,,,1,0,1,0,0,5,5,5,8,0,8,0,634.5570517000001,,,,,,,,,,,,,,,,,,,,,,,,,,,,,,,,,,,,,,,,,,,,,,,,,,,,,,,,,,,,,,,,,,,,,,,,,,,,,,,,,,,,,,,,,,,,,634.5469993000002,634.5570517000001,634.5570517000001,634.5570517000001,634.7409829000003,None,,,,,,,,,,,,,,,,,,,,,,,,,,,,,,,,P7350,Bar_MIC,10,1,2026-05-15_14h49.41.843,MIC_task,,2026.1.2,60.04138051946148,2026-05-15 14h49.44.746353 +0200,
,,9,0,9,,,,,,,10,f26,méz,honey,4,food,sweets,7,51,None,65,None,"(0, -0.1)",None,,,,,,,,,,,,,,1,0,1,0,0,5,5,5,9,0,9,0,634.7574298000004,,,,,,,,,,,,,,,,,,,,,,,,,,,,,,,,,,,,,,,,,,,,,,,,,,,,,,,,,,,,,,,,,,,,,,,,,,,,,,,,,,,,,,,,,,,,,634.7474942000003,634.7574298000004,634.7574298000004,634.7574298000004,634.9412686999999,None,,,,,,,,,,,,,,,,,,,,,,,,,,,,,,,,P7350,Bar_MIC,10,1,2026-05-15_14h49.41.843,MIC_task,,2026.1.2,60.04138051946148,2026-05-15 14h49.44.746353 +0200,
,,10,0,10,,,,,,,10,f26,méz,honey,4,food,sweets,7,51,None,65,None,"(0, -0.1)",None,,,,,,,,,,,,,,1,0,1,0,0,5,5,5,10,0,10,0,634.9577556999998,,,,,,,,,,,,,,,,,,,,,,,,,,,,,,,,,,,,,,,,,,,,,,,,,,,,,,,,,,,,,,,,,,,,,,,,,,,,,,,,,,,,,,,,,,,,,634.9476071000004,634.9577556999998,634.9577556999998,634.9577556999998,635.1416990000002,None,,,,,,,,,,,,,,,,,,,,,,,,,,,,,,,,P7350,Bar_MIC,10,1,2026-05-15_14h49.41.843,MIC_task,,2026.1.2,60.04138051946148,2026-05-15 14h49.44.746353 +0200,
,,11,0,11,,,,,,,10,f26,méz,honey,4,food,sweets,7,51,None,65,None,"(0, -0.1)",None,,,,,,,,,,,,,,1,0,1,0,0,5,5,5,11,0,11,0,635.1582566000002,,,,,,,,,,,,,,,,,,,,,,,,,,,,,,,,,,,,,,,,,,,,,,,,,,,,,,,,,,,,,,,,,,,,,,,,,,,,,,,,,,,,,,,,,,,,,635.1475925,635.1582566000002,635.1582566000002,635.1582566000002,635.3420443999998,None,,,,,,,,,,,,,,,,,,,,,,,,,,,,,,,,P7350,Bar_MIC,10,1,2026-05-15_14h49.41.843,MIC_task,,2026.1.2,60.04138051946148,2026-05-15 14h49.44.746353 +0200,
,,12,0,12,,,,,,,10,f26,méz,honey,4,food,sweets,7,51,None,65,None,"(0, -0.1)",None,,,,,,,,,,,,,,1,0,1,0,0,5,5,5,12,0,12,0,635.3583774000003,,,,,,,,,,,,,,,,,,,,,,,,,,,,,,,,,,,,,,,,,,,,,,,,,,,,,,,,,,,,,,,,,,,,,,,,,,,,,,,,,,,,,,,,,,,,,635.3485771999999,635.3583774000003,635.3583774000003,635.3583774000003,635.5422408,None,,,,,,,,,,,,,,,,,,,,,,,,,,,,,,,,P7350,Bar_MIC,10,1,2026-05-15_14h49.41.843,MIC_task,,2026.1.2,60.04138051946148,2026-05-15 14h49.44.746353 +0200,
,,13,0,13,,,,,,,10,f26,méz,honey,4,food,sweets,7,51,None,65,None,"(0, -0.1)",space,0.1666125000001557,None,,,,,,,,,,,,1,0,1,0,0,5,5,5,13,0,13,0,635.5589335999998,,,,,,,,,,,,,,,,,,,,,,,,,,,,,,,,,,,,,,,,,,,,,,,,,,,,,,,,,,,,,,,,,,,,,,,,,,,,,,,,,,,,,,,,,,,,,635.5468580000002,635.5589335999998,635.5589335999998,635.5589335999998,635.7281877999999,space,0.1666125000001557,None,,,,,,,,,,,,,,,,,,,,,,,,,,,,,,P7350,Bar_MIC,10,1,2026-05-15_14h49.41.843,MIC_task,,2026.1.2,60.04138051946148,2026-05-15 14h49.44.746353 +0200,
,,5,5,0,,,,space,0.9129201000005196,None,10,f26,méz,honey,4,food,sweets,7,51,None,65,None,"(0, -0.1)",,,,,,,,,,,,,,,1,0,1,0,0,5,5,5,,,,,,,,,,,,,,,,,,,,,,,,,,,,,,,,,,,,,,,,,,,,,,,,,,,,,,,,,,,,,,,,,,,,,,,,,,,,,,,,,635.8220619999997,635.8298945000001,635.8270321000001,637.7290410999999,,,,,,639.7342116000004,639.7484235000006,639.7484235000006,640.6678201999998,,,,,,,,,,,,,637.7601649000003,637.7674307000002,637.7621486333337,639.6646418000005,639.7341431999998,space,0.9129201000005196,None,,,,,,,,,,,,,,,,,,,,,,P7350,Bar_MIC,10,1,2026-05-15_14h49.41.843,MIC_task,,2026.1.2,60.04138051946148,2026-05-15 14h49.44.746353 +0200,
,,0,0,0,,,,,,,10,t06,sátor,tent,8,tools,camping,4.8,110,None,None,None,"(-0.1, -0.1)",None,,,,,,,,,,,,,,1,0,1,0,0,6,6,6,0,0,0,0,640.6831772,,,,,,,,,,,,,,,,,,,,,,,,,,,,,,,,,,,,,,,,,,,,,,,,,,,,,,,,,,,,,,,,,,,,,,,,,,,,,,,,,,,,,,,,,,,,,640.6720181000005,640.6831772,640.6831772,640.6831772,640.8676141999999,None,,,,,,,,,,,640.8836266000003,640.8836266000003,640.8836266000003,,,,,,,,,,,,,,,,,,,P7350,Bar_MIC,10,1,2026-05-15_14h49.41.843,MIC_task,,2026.1.2,60.04138051946148,2026-05-15 14h49.44.746353 +0200,
,,0,0,0,,,,,,,10,t06,sátor,tent,8,tools,camping,4.8,110,None,None,None,"(-0.1, -0.1)",None,,,,,,,,,,,,,,1,0,1,0,0,6,6,6,0,0,0,0,640.8836266000003,,,,,,,,,,,,,,,,,,,,,,,,,,,,,,,,,,,,,,,,,,,,,,,,,,,,,,,,,,,,,,,,,,,,,,,,,,,,,,,,,,,,,,,,,,,,,640.8719271000004,640.8836266000003,640.8836266000003,640.8836266000003,641.0681577999999,None,,,,,,,,,,,641.0838462000006,641.0838462000006,641.0838462000006,,,,,,,,,,,,,,,,,,,P7350,Bar_MIC,10,1,2026-05-15_14h49.41.843,MIC_task,,2026.1.2,60.04138051946148,2026-05-15 14h49.44.746353 +0200,
,,1,0,1,,,,,,,10,t06,sátor,tent,8,tools,camping,4.8,110,None,None,None,"(-0.1, -0.1)",None,,,,,,,,,,,,,,1,0,1,0,0,6,6,6,1,0,1,0,641.0838462000006,,,,,,,,,,,,,,,,,,,,,,,,,,,,,,,,,,,,,,,,,,,,,,,,,,,,,,,,,,,,,,,,,,,,,,,,,,,,,,,,,,,,,,,,,,,,,641.0731375999999,641.0838462000006,641.0838462000006,641.0838462000006,641.2684399000004,None,,,,,,,,,,,641.2835399999999,641.2835399999999,641.2835399999999,,,,,,,,,,,,,,,,,,,P7350,Bar_MIC,10,1,2026-05-15_14h49.41.843,MIC_task,,2026.1.2,60.04138051946148,2026-05-15 14h49.44.746353 +0200,
,,2,0,2,,,,,,,10,t06,sátor,tent,8,tools,camping,4.8,110,None,None,None,"(-0.1, -0.1)",None,,,,,,,,,,,,,,1,0,1,0,0,6,6,6,2,0,2,0,641.2835399999999,,,,,,,,,,,,,,,,,,,,,,,,,,,,,,,,,,,,,,,,,,,,,,,,,,,,,,,,,,,,,,,,,,,,,,,,,,,,,,,,,,,,,,,,,,,,,641.2728622999998,641.2835399999999,641.2835399999999,641.2835399999999,641.4681548000003,None,,,,,,,,,,,,,,,,,,,,,,,,,,,,,,,,P7350,Bar_MIC,10,1,2026-05-15_14h49.41.843,MIC_task,,2026.1.2,60.04138051946148,2026-05-15 14h49.44.746353 +0200,
,,3,0,3,,,,,,,10,t06,sátor,tent,8,tools,camping,4.8,110,None,None,None,"(-0.1, -0.1)",None,,,,,,,,,,,,,,1,0,1,0,0,6,6,6,3,0,3,0,641.4840131000005,,,,,,,,,,,,,,,,,,,,,,,,,,,,,,,,,,,,,,,,,,,,,,,,,,,,,,,,,,,,,,,,,,,,,,,,,,,,,,,,,,,,,,,,,,,,,641.4723306000001,641.4840131000005,641.4840131000005,641.4840131000005,641.6683660000003,None,,,,,,,,,,,641.6843150999998,641.6843150999998,641.6843150999998,,,,,,,,,,,,,,,,,,,P7350,Bar_MIC,10,1,2026-05-15_14h49.41.843,MIC_task,,2026.1.2,60.04138051946148,2026-05-15 14h49.44.746353 +0200,
,,4,0,4,,,,,,,10,t06,sátor,tent,8,tools,camping,4.8,110,None,None,None,"(-0.1, -0.1)",None,,,,,,,,,,,,,,1,0,1,0,0,6,6,6,4,0,4,0,641.6843150999998,,,,,,,,,,,,,,,,,,,,,,,,,,,,,,,,,,,,,,,,,,,,,,,,,,,,,,,,,,,,,,,,,,,,,,,,,,,,,,,,,,,,,,,,,,,,,641.6724438000006,641.6843150999998,641.6843150999998,641.6843150999998,641.8682885000003,None,,,,,,,,,,,,,,,,,,,,,,,,,,,,,,,,P7350,Bar_MIC,10,1,2026-05-15_14h49.41.843,MIC_task,,2026.1.2,60.04138051946148,2026-05-15 14h49.44.746353 +0200,
,,5,0,5,,,,,,,10,t06,sátor,tent,8,tools,camping,4.8,110,None,None,None,"(-0.1, -0.1)",None,,,,,,,,,,,,,,1,0,1,0,0,6,6,6,5,0,5,0,641.8849642999999,,,,,,,,,,,,,,,,,,,,,,,,,,,,,,,,,,,,,,,,,,,,,,,,,,,,,,,,,,,,,,,,,,,,,,,,,,,,,,,,,,,,,,,,,,,,,641.8724187000003,641.8849642999999,641.8849642999999,641.8849642999999,642.0684604000003,None,,,,,,,,,,,,,,,,,,,,,,,,,,,,,,,,P7350,Bar_MIC,10,1,2026-05-15_14h49.41.843,MIC_task,,2026.1.2,60.04138051946148,2026-05-15 14h49.44.746353 +0200,
,,6,0,6,,,,,,,10,t06,sátor,tent,8,tools,camping,4.8,110,None,None,None,"(-0.1, -0.1)",None,,,,,,,,,,,,,,1,0,1,0,0,6,6,6,6,0,6,0,642.0851508999999,,,,,,,,,,,,,,,,,,,,,,,,,,,,,,,,,,,,,,,,,,,,,,,,,,,,,,,,,,,,,,,,,,,,,,,,,,,,,,,,,,,,,,,,,,,,,642.0730083000003,642.0851508999999,642.0851508999999,642.0851508999999,642.2690865999998,None,,,,,,,,,,,,,,,,,,,,,,,,,,,,,,,,P7350,Bar_MIC,10,1,2026-05-15_14h49.41.843,MIC_task,,2026.1.2,60.04138051946148,2026-05-15 14h49.44.746353 +0200,
,,7,0,7,,,,,,,10,t06,sátor,tent,8,tools,camping,4.8,110,None,None,None,"(-0.1, -0.1)",None,,,,,,,,,,,,,,1,0,1,0,0,6,6,6,7,0,7,0,642.2854948999998,,,,,,,,,,,,,,,,,,,,,,,,,,,,,,,,,,,,,,,,,,,,,,,,,,,,,,,,,,,,,,,,,,,,,,,,,,,,,,,,,,,,,,,,,,,,,642.2730541000005,642.2854948999998,642.2854948999998,642.2854948999998,642.4692252,None,,,,,,,,,,,,,,,,,,,,,,,,,,,,,,,,P7350,Bar_MIC,10,1,2026-05-15_14h49.41.843,MIC_task,,2026.1.2,60.04138051946148,2026-05-15 14h49.44.746353 +0200,
,,8,0,8,,,,,,,10,t06,sátor,tent,8,tools,camping,4.8,110,None,None,None,"(-0.1, -0.1)",None,,,,,,,,,,,,,,1,0,1,0,0,6,6,6,8,0,8,0,642.485975,,,,,,,,,,,,,,,,,,,,,,,,,,,,,,,,,,,,,,,,,,,,,,,,,,,,,,,,,,,,,,,,,,,,,,,,,,,,,,,,,,,,,,,,,,,,,642.4732306000001,642.485975,642.485975,642.485975,642.6697887000005,None,,,,,,,,,,,,,,,,,,,,,,,,,,,,,,,,P7350,Bar_MIC,10,1,2026-05-15_14h49.41.843,MIC_task,,2026.1.2,60.04138051946148,2026-05-15 14h49.44.746353 +0200,
,,9,0,9,,,,,,,10,t06,sátor,tent,8,tools,camping,4.8,110,None,None,None,"(-0.1, -0.1)",None,,,,,,,,,,,,,,1,0,1,0,0,6,6,6,9,0,9,0,642.6862531000002,,,,,,,,,,,,,,,,,,,,,,,,,,,,,,,,,,,,,,,,,,,,,,,,,,,,,,,,,,,,,,,,,,,,,,,,,,,,,,,,,,,,,,,,,,,,,642.6738705000002,642.6862531000002,642.6862531000002,642.6862531000002,642.8700448000004,None,,,,,,,,,,,,,,,,,,,,,,,,,,,,,,,,P7350,Bar_MIC,10,1,2026-05-15_14h49.41.843,MIC_task,,2026.1.2,60.04138051946148,2026-05-15 14h49.44.746353 +0200,
,,10,0,10,,,,,,,10,t06,sátor,tent,8,tools,camping,4.8,110,None,None,None,"(-0.1, -0.1)",None,,,,,,,,,,,,,,1,0,1,0,0,6,6,6,10,0,10,0,642.8870498000001,,,,,,,,,,,,,,,,,,,,,,,,,,,,,,,,,,,,,,,,,,,,,,,,,,,,,,,,,,,,,,,,,,,,,,,,,,,,,,,,,,,,,,,,,,,,,642.8742201,642.8870498000001,642.8870498000001,642.8870498000001,643.0712723000001,None,,,,,,,,,,,,,,,,,,,,,,,,,,,,,,,,P7350,Bar_MIC,10,1,2026-05-15_14h49.41.843,MIC_task,,2026.1.2,60.04138051946148,2026-05-15 14h49.44.746353 +0200,
,,11,0,11,,,,,,,10,t06,sátor,tent,8,tools,camping,4.8,110,None,None,None,"(-0.1, -0.1)",None,,,,,,,,,,,,,,1,0,1,0,0,6,6,6,11,0,11,0,643.0871115000004,,,,,,,,,,,,,,,,,,,,,,,,,,,,,,,,,,,,,,,,,,,,,,,,,,,,,,,,,,,,,,,,,,,,,,,,,,,,,,,,,,,,,,,,,,,,,643.0753249000004,643.0871115000004,643.0871115000004,643.0871115000004,643.2717908,None,,,,,,,,,,,,,,,,,,,,,,,,,,,,,,,,P7350,Bar_MIC,10,1,2026-05-15_14h49.41.843,MIC_task,,2026.1.2,60.04138051946148,2026-05-15 14h49.44.746353 +0200,
,,12,0,12,,,,,,,10,t06,sátor,tent,8,tools,camping,4.8,110,None,None,None,"(-0.1, -0.1)",None,,,,,,,,,,,,,,1,0,1,0,0,6,6,6,12,0,12,0,643.2873769000003,,,,,,,,,,,,,,,,,,,,,,,,,,,,,,,,,,,,,,,,,,,,,,,,,,,,,,,,,,,,,,,,,,,,,,,,,,,,,,,,,,,,,,,,,,,,,643.2762048,643.2873769000003,643.2873769000003,643.2873769000003,643.4722291000003,None,,,,,,,,,,,,,,,,,,,,,,,,,,,,,,,,P7350,Bar_MIC,10,1,2026-05-15_14h49.41.843,MIC_task,,2026.1.2,60.04138051946148,2026-05-15 14h49.44.746353 +0200,
,,13,0,13,,,,,,,10,t06,sátor,tent,8,tools,camping,4.8,110,None,None,None,"(-0.1, -0.1)",None,,,,,,,,,,,,,,1,0,1,0,0,6,6,6,13,0,13,0,643.4869117000003,,,,,,,,,,,,,,,,,,,,,,,,,,,,,,,,,,,,,,,,,,,,,,,,,,,,,,,,,,,,,,,,,,,,,,,,,,,,,,,,,,,,,,,,,,,,,643.4765665,643.4869117000003,643.4869117000003,643.4869117000003,643.6731663000005,None,,,,,,,,,,,,,,,,,,,,,,,,,,,,,,,,P7350,Bar_MIC,10,1,2026-05-15_14h49.41.843,MIC_task,,2026.1.2,60.04138051946148,2026-05-15 14h49.44.746353 +0200,
,,14,0,14,,,,,,,10,t06,sátor,tent,8,tools,camping,4.8,110,None,None,None,"(-0.1, -0.1)",None,,,,,,,,,,,,,,1,0,1,0,0,6,6,6,14,0,14,0,643.6874364,,,,,,,,,,,,,,,,,,,,,,,,,,,,,,,,,,,,,,,,,,,,,,,,,,,,,,,,,,,,,,,,,,,,,,,,,,,,,,,,,,,,,,,,,,,,,643.6772535000005,643.6874364,643.6874364,643.6874364,643.8711730999999,None,,,,,,,,,,,,,,,,,,,,,,,,,,,,,,,,P7350,Bar_MIC,10,1,2026-05-15_14h49.41.843,MIC_task,,2026.1.2,60.04138051946148,2026-05-15 14h49.44.746353 +0200,
,,15,0,15,,,,,,,10,t06,sátor,tent,8,tools,camping,4.8,110,None,None,None,"(-0.1, -0.1)",None,,,,,,,,,,,,,,1,0,1,0,0,6,6,6,15,0,15,0,643.8879256000005,,,,,,,,,,,,,,,,,,,,,,,,,,,,,,,,,,,,,,,,,,,,,,,,,,,,,,,,,,,,,,,,,,,,,,,,,,,,,,,,,,,,,,,,,,,,,643.8759837000002,643.8879256000005,643.8879256000005,643.8879256000005,644.0717854,None,,,,,,,,,,,,,,,,,,,,,,,,,,,,,,,,P7350,Bar_MIC,10,1,2026-05-15_14h49.41.843,MIC_task,,2026.1.2,60.04138051946148,2026-05-15 14h49.44.746353 +0200,
,,16,0,16,,,,,,,10,t06,sátor,tent,8,tools,camping,4.8,110,None,None,None,"(-0.1, -0.1)",None,,,,,,,,,,,,,,1,0,1,0,0,6,6,6,16,0,16,0,644.0880527000004,,,,,,,,,,,,,,,,,,,,,,,,,,,,,,,,,,,,,,,,,,,,,,,,,,,,,,,,,,,,,,,,,,,,,,,,,,,,,,,,,,,,,,,,,,,,,644.0757849000006,644.0880527000004,644.0880527000004,644.0880527000004,644.2719738999999,None,,,,,,,,,,,,,,,,,,,,,,,,,,,,,,,,P7350,Bar_MIC,10,1,2026-05-15_14h49.41.843,MIC_task,,2026.1.2,60.04138051946148,2026-05-15 14h49.44.746353 +0200,
,,17,0,17,,,,,,,10,t06,sátor,tent,8,tools,camping,4.8,110,None,None,None,"(-0.1, -0.1)",None,,,,,,,,,,,,,,1,0,1,0,0,6,6,6,17,0,17,0,644.2884315000006,,,,,,,,,,,,,,,,,,,,,,,,,,,,,,,,,,,,,,,,,,,,,,,,,,,,,,,,,,,,,,,,,,,,,,,,,,,,,,,,,,,,,,,,,,,,,644.2760336000006,644.2884315000006,644.2884315000006,644.2884315000006,644.4723178999998,None,,,,,,,,,,,,,,,,,,,,,,,,,,,,,,,,P7350,Bar_MIC,10,1,2026-05-15_14h49.41.843,MIC_task,,2026.1.2,60.04138051946148,2026-05-15 14h49.44.746353 +0200,
,,18,0,18,,,,,,,10,t06,sátor,tent,8,tools,camping,4.8,110,None,None,None,"(-0.1, -0.1)",None,,,,,,,,,,,,,,1,0,1,0,0,6,6,6,18,0,18,0,644.4888728999999,,,,,,,,,,,,,,,,,,,,,,,,,,,,,,,,,,,,,,,,,,,,,,,,,,,,,,,,,,,,,,,,,,,,,,,,,,,,,,,,,,,,,,,,,,,,,644.4764571999999,644.4888728999999,644.4888728999999,644.4888728999999,644.6738197,None,,,,,,,,,,,,,,,,,,,,,,,,,,,,,,,,P7350,Bar_MIC,10,1,2026-05-15_14h49.41.843,MIC_task,,2026.1.2,60.04138051946148,2026-05-15 14h49.44.746353 +0200,
,,19,0,19,,,,,,,10,t06,sátor,tent,8,tools,camping,4.8,110,None,None,None,"(-0.1, -0.1)",None,,,,,,,,,,,,,,1,0,1,0,0,6,6,6,19,0,19,0,644.6892736000004,,,,,,,,,,,,,,,,,,,,,,,,,,,,,,,,,,,,,,,,,,,,,,,,,,,,,,,,,,,,,,,,,,,,,,,,,,,,,,,,,,,,,,,,,,,,,644.6779149999998,644.6892736000004,644.6892736000004,644.6892736000004,644.8733047999999,None,,,,,,,,,,,,,,,,,,,,,,,,,,,,,,,,P7350,Bar_MIC,10,1,2026-05-15_14h49.41.843,MIC_task,,2026.1.2,60.04138051946148,2026-05-15 14h49.44.746353 +0200,
,,20,0,20,,,,,,,10,t06,sátor,tent,8,tools,camping,4.8,110,None,None,None,"(-0.1, -0.1)",None,,,,,,,,,,,,,,1,0,1,0,0,6,6,6,20,0,20,0,644.8896516999998,,,,,,,,,,,,,,,,,,,,,,,,,,,,,,,,,,,,,,,,,,,,,,,,,,,,,,,,,,,,,,,,,,,,,,,,,,,,,,,,,,,,,,,,,,,,,644.8776523000001,644.8896516999998,644.8896516999998,644.8896516999998,645.0738482000002,None,,,,,,,,,,,,,,,,,,,,,,,,,,,,,,,,P7350,Bar_MIC,10,1,2026-05-15_14h49.41.843,MIC_task,,2026.1.2,60.04138051946148,2026-05-15 14h49.44.746353 +0200,
,,21,0,21,,,,,,,10,t06,sátor,tent,8,tools,camping,4.8,110,None,None,None,"(-0.1, -0.1)",None,,,,,,,,,,,,,,1,0,1,0,0,6,6,6,21,0,21,0,645.0898652999999,,,,,,,,,,,,,,,,,,,,,,,,,,,,,,,,,,,,,,,,,,,,,,,,,,,,,,,,,,,,,,,,,,,,,,,,,,,,,,,,,,,,,,,,,,,,,645.0780042000001,645.0898652999999,645.0898652999999,645.0898652999999,645.2739357000005,None,,,,,,,,,,,,,,,,,,,,,,,,,,,,,,,,P7350,Bar_MIC,10,1,2026-05-15_14h49.41.843,MIC_task,,2026.1.2,60.04138051946148,2026-05-15 14h49.44.746353 +0200,
,,22,0,22,,,,,,,10,t06,sátor,tent,8,tools,camping,4.8,110,None,None,None,"(-0.1, -0.1)",None,,,,,,,,,,,,,,1,0,1,0,0,6,6,6,22,0,22,0,645.2905654000001,,,,,,,,,,,,,,,,,,,,,,,,,,,,,,,,,,,,,,,,,,,,,,,,,,,,,,,,,,,,,,,,,,,,,,,,,,,,,,,,,,,,,,,,,,,,,645.2783203000004,645.2905654000001,645.2905654000001,645.2905654000001,645.4740868000004,None,,,,,,,,,,,,,,,,,,,,,,,,,,,,,,,,P7350,Bar_MIC,10,1,2026-05-15_14h49.41.843,MIC_task,,2026.1.2,60.04138051946148,2026-05-15 14h49.44.746353 +0200,
,,23,0,23,,,,,,,10,t06,sátor,tent,8,tools,camping,4.8,110,None,None,None,"(-0.1, -0.1)",None,,,,,,,,,,,,,,1,0,1,0,0,6,6,6,23,0,23,0,645.4908302999997,,,,,,,,,,,,,,,,,,,,,,,,,,,,,,,,,,,,,,,,,,,,,,,,,,,,,,,,,,,,,,,,,,,,,,,,,,,,,,,,,,,,,,,,,,,,,645.4779365999998,645.4908302999997,645.4908302999997,645.4908302999997,645.6747540000001,None,,,,,,,,,,,,,,,,,,,,,,,,,,,,,,,,P7350,Bar_MIC,10,1,2026-05-15_14h49.41.843,MIC_task,,2026.1.2,60.04138051946148,2026-05-15 14h49.44.746353 +0200,
,,24,0,24,,,,,,,10,t06,sátor,tent,8,tools,camping,4.8,110,None,None,None,"(-0.1, -0.1)",None,,,,,,,,,,,,,,1,0,1,0,0,6,6,6,24,0,24,0,645.6937646000001,,,,,,,,,,,,,,,,,,,,,,,,,,,,,,,,,,,,,,,,,,,,,,,,,,,,,,,,,,,,,,,,,,,,,,,,,,,,,,,,,,,,,,,,,,,,,645.6787079999999,645.6937646000001,645.6937646000001,645.6937646000001,645.8750294000006,None,,,,,,,,,,,,,,,,,,,,,,,,,,,,,,,,P7350,Bar_MIC,10,1,2026-05-15_14h49.41.843,MIC_task,,2026.1.2,60.04138051946148,2026-05-15 14h49.44.746353 +0200,
,,25,0,25,,,,,,,10,t06,sátor,tent,8,tools,camping,4.8,110,None,None,None,"(-0.1, -0.1)",None,,,,,,,,,,,,,,1,0,1,0,0,6,6,6,25,0,25,0,645.8917496999998,,,,,,,,,,,,,,,,,,,,,,,,,,,,,,,,,,,,,,,,,,,,,,,,,,,,,,,,,,,,,,,,,,,,,,,,,,,,,,,,,,,,,,,,,,,,,645.8789471000005,645.8917496999998,645.8917496999998,645.8917496999998,646.0759582000005,None,,,,,,,,,,,,,,,,,,,,,,,,,,,,,,,,P7350,Bar_MIC,10,1,2026-05-15_14h49.41.843,MIC_task,,2026.1.2,60.04138051946148,2026-05-15 14h49.44.746353 +0200,
,,26,0,26,,,,,,,10,t06,sátor,tent,8,tools,camping,4.8,110,None,None,None,"(-0.1, -0.1)",None,,,,,,,,,,,,,,1,0,1,0,0,6,6,6,26,0,26,0,646.0910591000006,,,,,,,,,,,,,,,,,,,,,,,,,,,,,,,,,,,,,,,,,,,,,,,,,,,,,,,,,,,,,,,,,,,,,,,,,,,,,,,,,,,,,,,,,,,,,646.0799053000005,646.0910591000006,646.0910591000006,646.0910591000006,646.2749519000004,None,,,,,,,,,,,,,,,,,,,,,,,,,,,,,,,,P7350,Bar_MIC,10,1,2026-05-15_14h49.41.843,MIC_task,,2026.1.2,60.04138051946148,2026-05-15 14h49.44.746353 +0200,
,,27,0,27,,,,,,,10,t06,sátor,tent,8,tools,camping,4.8,110,None,None,None,"(-0.1, -0.1)",None,,,,,,,,,,,,,,1,0,1,0,0,6,6,6,27,0,27,0,646.2914550999999,,,,,,,,,,,,,,,,,,,,,,,,,,,,,,,,,,,,,,,,,,,,,,,,,,,,,,,,,,,,,,,,,,,,,,,,,,,,,,,,,,,,,,,,,,,,,646.2791938000005,646.2914550999999,646.2914550999999,646.2914550999999,646.4753707000004,None,,,,,,,,,,,,,,,,,,,,,,,,,,,,,,,,P7350,Bar_MIC,10,1,2026-05-15_14h49.41.843,MIC_task,,2026.1.2,60.04138051946148,2026-05-15 14h49.44.746353 +0200,
,,28,0,28,,,,,,,10,t06,sátor,tent,8,tools,camping,4.8,110,None,None,None,"(-0.1, -0.1)",None,,,,,,,,,,,,,,1,0,1,0,0,6,6,6,28,0,28,0,646.4922258000001,,,,,,,,,,,,,,,,,,,,,,,,,,,,,,,,,,,,,,,,,,,,,,,,,,,,,,,,,,,,,,,,,,,,,,,,,,,,,,,,,,,,,,,,,,,,,646.4794126000002,646.4922258000001,646.4922258000001,646.4922258000001,646.6755638999998,None,,,,,,,,,,,,,,,,,,,,,,,,,,,,,,,,P7350,Bar_MIC,10,1,2026-05-15_14h49.41.843,MIC_task,,2026.1.2,60.04138051946148,2026-05-15 14h49.44.746353 +0200,
,,29,0,29,,,,,,,10,t06,sátor,tent,8,tools,camping,4.8,110,None,None,None,"(-0.1, -0.1)",None,,,,,,,,,,,,,,1,0,1,0,0,6,6,6,29,0,29,0,646.6922501000004,,,,,,,,,,,,,,,,,,,,,,,,,,,,,,,,,,,,,,,,,,,,,,,,,,,,,,,,,,,,,,,,,,,,,,,,,,,,,,,,,,,,,,,,,,,,,646.6803027000001,646.6922501000004,646.6922501000004,646.6922501000004,646.8764227000006,None,,,,,,,,,,,,,,,,,,,,,,,,,,,,,,,,P7350,Bar_MIC,10,1,2026-05-15_14h49.41.843,MIC_task,,2026.1.2,60.04138051946148,2026-05-15 14h49.44.746353 +0200,
,,30,0,30,,,,,,,10,t06,sátor,tent,8,tools,camping,4.8,110,None,None,None,"(-0.1, -0.1)",space,0.02503329999944981,None,,,,,,,,,,,,1,0,1,0,0,6,6,6,30,0,30,0,646.8928720999997,,,,,,,,,,,,,,,,,,,,,,,,,,,,,,,,,,,,,,,,,,,,,,,,,,,,,,,,,,,,,,,,,,,,,,,,,,,,,,,,,,,,,,,,,,,,,646.8803333000001,646.8928720999997,646.8928720999997,646.8928720999997,646.9274047000004,space,0.02503329999944981,None,,,,,,,,,,,,,,,,,,,,,,,,,,,,,,P7350,Bar_MIC,10,1,2026-05-15_14h49.41.843,MIC_task,,2026.1.2,60.04138051946148,2026-05-15 14h49.44.746353 +0200,
,,6,6,0,,,,space,1.0808835999996518,None,10,t06,sátor,tent,8,tools,camping,4.8,110,None,None,None,"(-0.1, -0.1)",,,,,,,,,,,,,,,1,0,1,0,0,6,6,6,,,,,,,,,,,,,,,,,,,,,,,,,,,,,,,,,,,,,,,,,,,,,,,,,,,,,,,,,,,,,,,,,,,,,,,,,,,,,,,,,647.0272067999999,647.0344574000005,647.0428717666667,648.9294795000001,,,,,,650.9334533000006,650.9487679999997,650.9487679999997,652.0348542000006,,,,,,,,,,,,,648.9586200999997,648.9645648999999,648.9626102333332,650.8489300000006,650.9333873,space,1.0808835999996518,None,,,,,,,,,,,,,,,,,,,,,,P7350,Bar_MIC,10,1,2026-05-15_14h49.41.843,MIC_task,,2026.1.2,60.04138051946148,2026-05-15 14h49.44.746353 +0200,
,,0,0,0,,,,,,,10,p17,orvos,doctor,6,people,professions,7,843,None,104,None,"(0.1, -0.1)",None,,,,,,,,,,,,,,1,0,1,0,0,7,7,7,0,0,0,0,652.0503615000002,,,,,,,,,,,,,,,,,,,,,,,,,,,,,,,,,,,,,,,,,,,,,,,,,,,,,,,,,,,,,,,,,,,,,,,,,,,,,,,,,,,,,,,,,,,,,652.0399128000004,652.0503615000002,652.0503615000002,652.0503615000002,652.2351314000002,None,,,,,,,,,,,,,,,,,,,,,,,,,,,,,,,,P7350,Bar_MIC,10,1,2026-05-15_14h49.41.843,MIC_task,,2026.1.2,60.04138051946148,2026-05-15 14h49.44.746353 +0200,
,,0,0,0,,,,,,,10,p17,orvos,doctor,6,people,professions,7,843,None,104,None,"(0.1, -0.1)",None,,,,,,,,,,,,,,1,0,1,0,0,7,7,7,0,0,0,0,652.2507721000006,,,,,,,,,,,,,,,,,,,,,,,,,,,,,,,,,,,,,,,,,,,,,,,,,,,,,,,,,,,,,,,,,,,,,,,,,,,,,,,,,,,,,,,,,,,,,652.2398345000006,652.2507721000006,652.2507721000006,652.2507721000006,652.4350386000001,None,,,,,,,,,,,,,,,,,,,,,,,,,,,,,,,,P7350,Bar_MIC,10,1,2026-05-15_14h49.41.843,MIC_task,,2026.1.2,60.04138051946148,2026-05-15 14h49.44.746353 +0200,
,,1,0,1,,,,,,,10,p17,orvos,doctor,6,people,professions,7,843,None,104,None,"(0.1, -0.1)",None,,,,,,,,,,,,,,1,0,1,0,0,7,7,7,1,0,1,0,652.4510949999999,,,,,,,,,,,,,,,,,,,,,,,,,,,,,,,,,,,,,,,,,,,,,,,,,,,,,,,,,,,,,,,,,,,,,,,,,,,,,,,,,,,,,,,,,,,,,652.4397125999999,652.4510949999999,652.4510949999999,652.4510949999999,652.6402555,None,,,,,,,,,,,,,,,,,,,,,,,,,,,,,,,,P7350,Bar_MIC,10,1,2026-05-15_14h49.41.843,MIC_task,,2026.1.2,60.04138051946148,2026-05-15 14h49.44.746353 +0200,
,,2,0,2,,,,,,,10,p17,orvos,doctor,6,people,professions,7,843,None,104,None,"(0.1, -0.1)",None,,,,,,,,,,,,,,1,0,1,0,0,7,7,7,2,0,2,0,652.6502958000005,,,,,,,,,,,,,,,,,,,,,,,,,,,,,,,,,,,,,,,,,,,,,,,,,,,,,,,,,,,,,,,,,,,,,,,,,,,,,,,,,,,,,,,,,,,,,652.6449627000006,652.6502958000005,652.6502958000005,652.6502958000005,652.8354593999998,None,,,,,,,,,,,,,,,,,,,,,,,,,,,,,,,,P7350,Bar_MIC,10,1,2026-05-15_14h49.41.843,MIC_task,,2026.1.2,60.04138051946148,2026-05-15 14h49.44.746353 +0200,
,,3,0,3,,,,,,,10,p17,orvos,doctor,6,people,professions,7,843,None,104,None,"(0.1, -0.1)",None,,,,,,,,,,,,,,1,0,1,0,0,7,7,7,3,0,3,0,652.8511267999997,,,,,,,,,,,,,,,,,,,,,,,,,,,,,,,,,,,,,,,,,,,,,,,,,,,,,,,,,,,,,,,,,,,,,,,,,,,,,,,,,,,,,,,,,,,,,652.8400299999998,652.8511267999997,652.8511267999997,652.8511267999997,653.0358421000005,None,,,,,,,,,,,,,,,,,,,,,,,,,,,,,,,,P7350,Bar_MIC,10,1,2026-05-15_14h49.41.843,MIC_task,,2026.1.2,60.04138051946148,2026-05-15 14h49.44.746353 +0200,
,,4,0,4,,,,,,,10,p17,orvos,doctor,6,people,professions,7,843,None,104,None,"(0.1, -0.1)",None,,,,,,,,,,,,,,1,0,1,0,0,7,7,7,4,0,4,0,653.0526347,,,,,,,,,,,,,,,,,,,,,,,,,,,,,,,,,,,,,,,,,,,,,,,,,,,,,,,,,,,,,,,,,,,,,,,,,,,,,,,,,,,,,,,,,,,,,653.0405278000003,653.0526347,653.0526347,653.0526347,653.2363492999998,None,,,,,,,,,,,,,,,,,,,,,,,,,,,,,,,,P7350,Bar_MIC,10,1,2026-05-15_14h49.41.843,MIC_task,,2026.1.2,60.04138051946148,2026-05-15 14h49.44.746353 +0200,
,,5,0,5,,,,,,,10,p17,orvos,doctor,6,people,professions,7,843,None,104,None,"(0.1, -0.1)",None,,,,,,,,,,,,,,1,0,1,0,0,7,7,7,5,0,5,0,653.2520663999999,,,,,,,,,,,,,,,,,,,,,,,,,,,,,,,,,,,,,,,,,,,,,,,,,,,,,,,,,,,,,,,,,,,,,,,,,,,,,,,,,,,,,,,,,,,,,653.2410999999997,653.2520663999999,653.2520663999999,653.2520663999999,653.4369369000001,None,,,,,,,,,,,,,,,,,,,,,,,,,,,,,,,,P7350,Bar_MIC,10,1,2026-05-15_14h49.41.843,MIC_task,,2026.1.2,60.04138051946148,2026-05-15 14h49.44.746353 +0200,
,,6,0,6,,,,,,,10,p17,orvos,doctor,6,people,professions,7,843,None,104,None,"(0.1, -0.1)",None,,,,,,,,,,,,,,1,0,1,0,0,7,7,7,6,0,6,0,653.4524757000004,,,,,,,,,,,,,,,,,,,,,,,,,,,,,,,,,,,,,,,,,,,,,,,,,,,,,,,,,,,,,,,,,,,,,,,,,,,,,,,,,,,,,,,,,,,,,653.4414306000003,653.4524757000004,653.4524757000004,653.4524757000004,653.6362253000002,None,,,,,,,,,,,,,,,,,,,,,,,,,,,,,,,,P7350,Bar_MIC,10,1,2026-05-15_14h49.41.843,MIC_task,,2026.1.2,60.04138051946148,2026-05-15 14h49.44.746353 +0200,
,,7,0,7,,,,,,,10,p17,orvos,doctor,6,people,professions,7,843,None,104,None,"(0.1, -0.1)",None,,,,,,,,,,,,,,1,0,1,0,0,7,7,7,7,0,7,0,653.6526806000006,,,,,,,,,,,,,,,,,,,,,,,,,,,,,,,,,,,,,,,,,,,,,,,,,,,,,,,,,,,,,,,,,,,,,,,,,,,,,,,,,,,,,,,,,,,,,653.64075,653.6526806000006,653.6526806000006,653.6526806000006,653.8364401000003,None,,,,,,,,,,,,,,,,,,,,,,,,,,,,,,,,P7350,Bar_MIC,10,1,2026-05-15_14h49.41.843,MIC_task,,2026.1.2,60.04138051946148,2026-05-15 14h49.44.746353 +0200,
,,8,0,8,,,,,,,10,p17,orvos,doctor,6,people,professions,7,843,None,104,None,"(0.1, -0.1)",None,,,,,,,,,,,,,,1,0,1,0,0,7,7,7,8,0,8,0,653.8531047000001,,,,,,,,,,,,,,,,,,,,,,,,,,,,,,,,,,,,,,,,,,,,,,,,,,,,,,,,,,,,,,,,,,,,,,,,,,,,,,,,,,,,,,,,,,,,,653.8412449000002,653.8531047000001,653.8531047000001,653.8531047000001,654.0367976000002,None,,,,,,,,,,,,,,,,,,,,,,,,,,,,,,,,P7350,Bar_MIC,10,1,2026-05-15_14h49.41.843,MIC_task,,2026.1.2,60.04138051946148,2026-05-15 14h49.44.746353 +0200,
,,9,0,9,,,,,,,10,p17,orvos,doctor,6,people,professions,7,843,None,104,None,"(0.1, -0.1)",None,,,,,,,,,,,,,,1,0,1,0,0,7,7,7,9,0,9,0,654.0534424000002,,,,,,,,,,,,,,,,,,,,,,,,,,,,,,,,,,,,,,,,,,,,,,,,,,,,,,,,,,,,,,,,,,,,,,,,,,,,,,,,,,,,,,,,,,,,,654.0414722999999,654.0534424000002,654.0534424000002,654.0534424000002,654.2371669999998,None,,,,,,,,,,,,,,,,,,,,,,,,,,,,,,,,P7350,Bar_MIC,10,1,2026-05-15_14h49.41.843,MIC_task,,2026.1.2,60.04138051946148,2026-05-15 14h49.44.746353 +0200,
,,10,0,10,,,,,,,10,p17,orvos,doctor,6,people,professions,7,843,None,104,None,"(0.1, -0.1)",None,,,,,,,,,,,,,,1,0,1,0,0,7,7,7,10,0,10,0,654.2538788000006,,,,,,,,,,,,,,,,,,,,,,,,,,,,,,,,,,,,,,,,,,,,,,,,,,,,,,,,,,,,,,,,,,,,,,,,,,,,,,,,,,,,,,,,,,,,,654.2419353999999,654.2538788000006,654.2538788000006,654.2538788000006,654.4385481000004,None,,,,,,,,,,,,,,,,,,,,,,,,,,,,,,,,P7350,Bar_MIC,10,1,2026-05-15_14h49.41.843,MIC_task,,2026.1.2,60.04138051946148,2026-05-15 14h49.44.746353 +0200,
,,11,0,11,,,,,,,10,p17,orvos,doctor,6,people,professions,7,843,None,104,None,"(0.1, -0.1)",None,,,,,,,,,,,,,,1,0,1,0,0,7,7,7,11,0,11,0,654.4542084999998,,,,,,,,,,,,,,,,,,,,,,,,,,,,,,,,,,,,,,,,,,,,,,,,,,,,,,,,,,,,,,,,,,,,,,,,,,,,,,,,,,,,,,,,,,,,,654.4433267,654.4542084999998,654.4542084999998,654.4542084999998,654.6384488999997,None,,,,,,,,,,,,,,,,,,,,,,,,,,,,,,,,P7350,Bar_MIC,10,1,2026-05-15_14h49.41.843,MIC_task,,2026.1.2,60.04138051946148,2026-05-15 14h49.44.746353 +0200,
,,12,0,12,,,,,,,10,p17,orvos,doctor,6,people,professions,7,843,None,104,None,"(0.1, -0.1)",None,,,,,,,,,,,,,,1,0,1,0,0,7,7,7,12,0,12,0,654.6545313000001,,,,,,,,,,,,,,,,,,,,,,,,,,,,,,,,,,,,,,,,,,,,,,,,,,,,,,,,,,,,,,,,,,,,,,,,,,,,,,,,,,,,,,,,,,,,,654.6432040000004,654.6545313000001,654.6545313000001,654.6545313000001,654.8382674999998,None,,,,,,,,,,,,,,,,,,,,,,,,,,,,,,,,P7350,Bar_MIC,10,1,2026-05-15_14h49.41.843,MIC_task,,2026.1.2,60.04138051946148,2026-05-15 14h49.44.746353 +0200,
,,13,0,13,,,,,,,10,p17,orvos,doctor,6,people,professions,7,843,None,104,None,"(0.1, -0.1)",None,,,,,,,,,,,,,,1,0,1,0,0,7,7,7,13,0,13,0,654.8547944000006,,,,,,,,,,,,,,,,,,,,,,,,,,,,,,,,,,,,,,,,,,,,,,,,,,,,,,,,,,,,,,,,,,,,,,,,,,,,,,,,,,,,,,,,,,,,,654.8428158000002,654.8547944000006,654.8547944000006,654.8547944000006,655.0391100000002,None,,,,,,,,,,,,,,,,,,,,,,,,,,,,,,,,P7350,Bar_MIC,10,1,2026-05-15_14h49.41.843,MIC_task,,2026.1.2,60.04138051946148,2026-05-15 14h49.44.746353 +0200,
,,14,0,14,,,,,,,10,p17,orvos,doctor,6,people,professions,7,843,None,104,None,"(0.1, -0.1)",None,,,,,,,,,,,,,,1,0,1,0,0,7,7,7,14,0,14,0,655.0556192999998,,,,,,,,,,,,,,,,,,,,,,,,,,,,,,,,,,,,,,,,,,,,,,,,,,,,,,,,,,,,,,,,,,,,,,,,,,,,,,,,,,,,,,,,,,,,,655.0440211999999,655.0556192999998,655.0556192999998,655.0556192999998,655.2391919000006,None,,,,,,,,,,,,,,,,,,,,,,,,,,,,,,,,P7350,Bar_MIC,10,1,2026-05-15_14h49.41.843,MIC_task,,2026.1.2,60.04138051946148,2026-05-15 14h49.44.746353 +0200,
,,15,0,15,,,,,,,10,p17,orvos,doctor,6,people,professions,7,843,None,104,None,"(0.1, -0.1)",None,,,,,,,,,,,,,,1,0,1,0,0,7,7,7,15,0,15,0,655.2557135000002,,,,,,,,,,,,,,,,,,,,,,,,,,,,,,,,,,,,,,,,,,,,,,,,,,,,,,,,,,,,,,,,,,,,,,,,,,,,,,,,,,,,,,,,,,,,,655.2437994000006,655.2557135000002,655.2557135000002,655.2557135000002,655.4392191000002,None,,,,,,,,,,,,,,,,,,,,,,,,,,,,,,,,P7350,Bar_MIC,10,1,2026-05-15_14h49.41.843,MIC_task,,2026.1.2,60.04138051946148,2026-05-15 14h49.44.746353 +0200,
,,16,0,16,,,,,,,10,p17,orvos,doctor,6,people,professions,7,843,None,104,None,"(0.1, -0.1)",None,,,,,,,,,,,,,,1,0,1,0,0,7,7,7,16,0,16,0,655.4562956000004,,,,,,,,,,,,,,,,,,,,,,,,,,,,,,,,,,,,,,,,,,,,,,,,,,,,,,,,,,,,,,,,,,,,,,,,,,,,,,,,,,,,,,,,,,,,,655.4438371000001,655.4562956000004,655.4562956000004,655.4562956000004,655.6402346,None,,,,,,,,,,,,,,,,,,,,,,,,,,,,,,,,P7350,Bar_MIC,10,1,2026-05-15_14h49.41.843,MIC_task,,2026.1.2,60.04138051946148,2026-05-15 14h49.44.746353 +0200,
,,17,0,17,,,,,,,10,p17,orvos,doctor,6,people,professions,7,843,None,104,None,"(0.1, -0.1)",None,,,,,,,,,,,,,,1,0,1,0,0,7,7,7,17,0,17,0,655.6565697000001,,,,,,,,,,,,,,,,,,,,,,,,,,,,,,,,,,,,,,,,,,,,,,,,,,,,,,,,,,,,,,,,,,,,,,,,,,,,,,,,,,,,,,,,,,,,,655.6448747,655.6565697000001,655.6565697000001,655.6565697000001,655.8408177000006,None,,,,,,,,,,,,,,,,,,,,,,,,,,,,,,,,P7350,Bar_MIC,10,1,2026-05-15_14h49.41.843,MIC_task,,2026.1.2,60.04138051946148,2026-05-15 14h49.44.746353 +0200,
,,18,0,18,,,,,,,10,p17,orvos,doctor,6,people,professions,7,843,None,104,None,"(0.1, -0.1)",None,,,,,,,,,,,,,,1,0,1,0,0,7,7,7,18,0,18,0,655.8560410000005,,,,,,,,,,,,,,,,,,,,,,,,,,,,,,,,,,,,,,,,,,,,,,,,,,,,,,,,,,,,,,,,,,,,,,,,,,,,,,,,,,,,,,,,,,,,,655.8451242000006,655.8560410000005,655.8560410000005,655.8560410000005,656.0410306999997,None,,,,,,,,,,,,,,,,,,,,,,,,,,,,,,,,P7350,Bar_MIC,10,1,2026-05-15_14h49.41.843,MIC_task,,2026.1.2,60.04138051946148,2026-05-15 14h49.44.746353 +0200,
,,19,0,19,,,,,,,10,p17,orvos,doctor,6,people,professions,7,843,None,104,None,"(0.1, -0.1)",None,,,,,,,,,,,,,,1,0,1,0,0,7,7,7,19,0,19,0,656.0567967000002,,,,,,,,,,,,,,,,,,,,,,,,,,,,,,,,,,,,,,,,,,,,,,,,,,,,,,,,,,,,,,,,,,,,,,,,,,,,,,,,,,,,,,,,,,,,,656.0459813000002,656.0567967000002,656.0567967000002,656.0567967000002,656.2403177000001,None,,,,,,,,,,,,,,,,,,,,,,,,,,,,,,,,P7350,Bar_MIC,10,1,2026-05-15_14h49.41.843,MIC_task,,2026.1.2,60.04138051946148,2026-05-15 14h49.44.746353 +0200,
,,20,0,20,,,,,,,10,p17,orvos,doctor,6,people,professions,7,843,None,104,None,"(0.1, -0.1)",None,,,,,,,,,,,,,,1,0,1,0,0,7,7,7,20,0,20,0,656.2570424999999,,,,,,,,,,,,,,,,,,,,,,,,,,,,,,,,,,,,,,,,,,,,,,,,,,,,,,,,,,,,,,,,,,,,,,,,,,,,,,,,,,,,,,,,,,,,,656.2448178,656.2570424999999,656.2570424999999,656.2570424999999,656.4406012000004,None,,,,,,,,,,,,,,,,,,,,,,,,,,,,,,,,P7350,Bar_MIC,10,1,2026-05-15_14h49.41.843,MIC_task,,2026.1.2,60.04138051946148,2026-05-15 14h49.44.746353 +0200,
,,21,0,21,,,,,,,10,p17,orvos,doctor,6,people,professions,7,843,None,104,None,"(0.1, -0.1)",None,,,,,,,,,,,,,,1,0,1,0,0,7,7,7,21,0,21,0,656.4571863000006,,,,,,,,,,,,,,,,,,,,,,,,,,,,,,,,,,,,,,,,,,,,,,,,,,,,,,,,,,,,,,,,,,,,,,,,,,,,,,,,,,,,,,,,,,,,,656.4451982000005,656.4571863000006,656.4571863000006,656.4571863000006,656.6409309000005,None,,,,,,,,,,,,,,,,,,,,,,,,,,,,,,,,P7350,Bar_MIC,10,1,2026-05-15_14h49.41.843,MIC_task,,2026.1.2,60.04138051946148,2026-05-15 14h49.44.746353 +0200,
,,22,0,22,,,,,,,10,p17,orvos,doctor,6,people,professions,7,843,None,104,None,"(0.1, -0.1)",space,0.06063220000032743,None,,,,,,,,,,,,1,0,1,0,0,7,7,7,22,0,22,0,656.6576015000005,,,,,,,,,,,,,,,,,,,,,,,,,,,,,,,,,,,,,,,,,,,,,,,,,,,,,,,,,,,,,,,,,,,,,,,,,,,,,,,,,,,,,,,,,,,,,656.6461076999999,656.6576015000005,656.6576015000005,656.6576015000005,656.7263116999998,space,0.06063220000032743,None,,,,,,,,,,,,,,,,,,,,,,,,,,,,,,P7350,Bar_MIC,10,1,2026-05-15_14h49.41.843,MIC_task,,2026.1.2,60.04138051946148,2026-05-15 14h49.44.746353 +0200,
,,7,7,0,,,,space,0.30635110000002896,None,10,p17,orvos,doctor,6,people,professions,7,843,None,104,None,"(0.1, -0.1)",,,,,,,,,,,,,,,1,0,1,0,0,7,7,7,,,,,,,,,,,,,,,,,,,,,,,,,,,,,,,,,,,,,,,,,,,,,,,,,,,,,,,,,,,,,,,,,,,,,,,,,,,,,,,,,656.8195879,656.8275828000001,656.8246663000001,658.7279001000002,,,,,,660.7312430000006,660.7472014,660.7472014,661.0654095000004,,,,,,,,,,,,,658.7622525000002,658.7696181000006,658.7777076000004,660.6638210000006,660.7311763000002,space,0.30635110000002896,None,,,,,,,,,,,,,,,,,,,,,,P7350,Bar_MIC,10,1,2026-05-15_14h49.41.843,MIC_task,,2026.1.2,60.04138051946148,2026-05-15 14h49.44.746353 +0200,
,,0,0,0,,,,,,,10,l09,kastély,castle,5,location,facilities,5.8,10,None,114,None,"(-0.1, 0)",None,,,,,,,,,,,,,,1,0,1,0,0,8,8,8,0,0,0,0,661.0810170999998,,,,,,,,,,,,,,,,,,,,,,,,,,,,,,,,,,,,,,,,,,,,,,,,,,,,,,,,,,,,,,,,,,,,,,,,,,,,,,,,,,,,,,,,,,,,,661.0702876999999,661.0810170999998,661.0810170999998,661.0810170999998,661.2653112000003,None,,,,,,,,,,,661.2816169000002,661.2816169000002,661.2816169000002,,,,,,,,,,,,,,,,,,,P7350,Bar_MIC,10,1,2026-05-15_14h49.41.843,MIC_task,,2026.1.2,60.04138051946148,2026-05-15 14h49.44.746353 +0200,
,,0,0,0,,,,,,,10,l09,kastély,castle,5,location,facilities,5.8,10,None,114,None,"(-0.1, 0)",None,,,,,,,,,,,,,,1,0,1,0,0,8,8,8,0,0,0,0,661.2816169000002,,,,,,,,,,,,,,,,,,,,,,,,,,,,,,,,,,,,,,,,,,,,,,,,,,,,,,,,,,,,,,,,,,,,,,,,,,,,,,,,,,,,,,,,,,,,,661.2700129,661.2816169000002,661.2816169000002,661.2816169000002,661.4656068999998,None,,,,,,,,,,,661.4825131000002,661.4825131000002,661.4825131000002,,,,,,,,,,,,,,,,,,,P7350,Bar_MIC,10,1,2026-05-15_14h49.41.843,MIC_task,,2026.1.2,60.04138051946148,2026-05-15 14h49.44.746353 +0200,
,,1,0,1,,,,,,,10,l09,kastély,castle,5,location,facilities,5.8,10,None,114,None,"(-0.1, 0)",None,,,,,,,,,,,,,,1,0,1,0,0,8,8,8,1,0,1,0,661.4825131000002,,,,,,,,,,,,,,,,,,,,,,,,,,,,,,,,,,,,,,,,,,,,,,,,,,,,,,,,,,,,,,,,,,,,,,,,,,,,,,,,,,,,,,,,,,,,,661.4704340000003,661.4825131000002,661.4825131000002,661.4825131000002,661.6659790999997,None,,,,,,,,,,,661.6821898000003,661.6821898000003,661.6821898000003,,,,,,,,,,,,,,,,,,,P7350,Bar_MIC,10,1,2026-05-15_14h49.41.843,MIC_task,,2026.1.2,60.04138051946148,2026-05-15 14h49.44.746353 +0200,
,,2,0,2,,,,,,,10,l09,kastély,castle,5,location,facilities,5.8,10,None,114,None,"(-0.1, 0)",None,,,,,,,,,,,,,,1,0,1,0,0,8,8,8,2,0,2,0,661.6821898000003,,,,,,,,,,,,,,,,,,,,,,,,,,,,,,,,,,,,,,,,,,,,,,,,,,,,,,,,,,,,,,,,,,,,,,,,,,,,,,,,,,,,,,,,,,,,,661.6709338000005,661.6821898000003,661.6821898000003,661.6821898000003,661.8662049,None,,,,,,,,,,,,,,,,,,,,,,,,,,,,,,,,P7350,Bar_MIC,10,1,2026-05-15_14h49.41.843,MIC_task,,2026.1.2,60.04138051946148,2026-05-15 14h49.44.746353 +0200,
,,3,0,3,,,,,,,10,l09,kastély,castle,5,location,facilities,5.8,10,None,114,None,"(-0.1, 0)",None,,,,,,,,,,,,,,1,0,1,0,0,8,8,8,3,0,3,0,661.8825284999998,,,,,,,,,,,,,,,,,,,,,,,,,,,,,,,,,,,,,,,,,,,,,,,,,,,,,,,,,,,,,,,,,,,,,,,,,,,,,,,,,,,,,,,,,,,,,661.8714408999999,661.8825284999998,661.8825284999998,661.8825284999998,662.0664744999999,None,,,,,,,,,,,,,,,,,,,,,,,,,,,,,,,,P7350,Bar_MIC,10,1,2026-05-15_14h49.41.843,MIC_task,,2026.1.2,60.04138051946148,2026-05-15 14h49.44.746353 +0200,
,,4,0,4,,,,,,,10,l09,kastély,castle,5,location,facilities,5.8,10,None,114,None,"(-0.1, 0)",None,,,,,,,,,,,,,,1,0,1,0,0,8,8,8,4,0,4,0,662.0820632999998,,,,,,,,,,,,,,,,,,,,,,,,,,,,,,,,,,,,,,,,,,,,,,,,,,,,,,,,,,,,,,,,,,,,,,,,,,,,,,,,,,,,,,,,,,,,,662.0714625000005,662.0820632999998,662.0820632999998,662.0820632999998,662.2658740000002,None,,,,,,,,,,,,,,,,,,,,,,,,,,,,,,,,P7350,Bar_MIC,10,1,2026-05-15_14h49.41.843,MIC_task,,2026.1.2,60.04138051946148,2026-05-15 14h49.44.746353 +0200,
,,5,0,5,,,,,,,10,l09,kastély,castle,5,location,facilities,5.8,10,None,114,None,"(-0.1, 0)",None,,,,,,,,,,,,,,1,0,1,0,0,8,8,8,5,0,5,0,662.2825549000004,,,,,,,,,,,,,,,,,,,,,,,,,,,,,,,,,,,,,,,,,,,,,,,,,,,,,,,,,,,,,,,,,,,,,,,,,,,,,,,,,,,,,,,,,,,,,662.2705798000002,662.2825549000004,662.2825549000004,662.2825549000004,662.4690110000006,None,,,,,,,,,,,,,,,,,,,,,,,,,,,,,,,,P7350,Bar_MIC,10,1,2026-05-15_14h49.41.843,MIC_task,,2026.1.2,60.04138051946148,2026-05-15 14h49.44.746353 +0200,
,,6,0,6,,,,,,,10,l09,kastély,castle,5,location,facilities,5.8,10,None,114,None,"(-0.1, 0)",None,,,,,,,,,,,,,,1,0,1,0,0,8,8,8,6,0,6,0,662.4827212000005,,,,,,,,,,,,,,,,,,,,,,,,,,,,,,,,,,,,,,,,,,,,,,,,,,,,,,,,,,,,,,,,,,,,,,,,,,,,,,,,,,,,,,,,,,,,,662.4737946999999,662.4827212000005,662.4827212000005,662.4827212000005,662.6665795000004,None,,,,,,,,,,,,,,,,,,,,,,,,,,,,,,,,P7350,Bar_MIC,10,1,2026-05-15_14h49.41.843,MIC_task,,2026.1.2,60.04138051946148,2026-05-15 14h49.44.746353 +0200,
,,7,0,7,,,,,,,10,l09,kastély,castle,5,location,facilities,5.8,10,None,114,None,"(-0.1, 0)",None,,,,,,,,,,,,,,1,0,1,0,0,8,8,8,7,0,7,0,662.6832157000003,,,,,,,,,,,,,,,,,,,,,,,,,,,,,,,,,,,,,,,,,,,,,,,,,,,,,,,,,,,,,,,,,,,,,,,,,,,,,,,,,,,,,,,,,,,,,662.6727895999998,662.6832157000003,662.6832157000003,662.6832157000003,662.8669985000001,None,,,,,,,,,,,,,,,,,,,,,,,,,,,,,,,,P7350,Bar_MIC,10,1,2026-05-15_14h49.41.843,MIC_task,,2026.1.2,60.04138051946148,2026-05-15 14h49.44.746353 +0200,
,,8,0,8,,,,,,,10,l09,kastély,castle,5,location,facilities,5.8,10,None,114,None,"(-0.1, 0)",None,,,,,,,,,,,,,,1,0,1,0,0,8,8,8,8,0,8,0,662.884407,,,,,,,,,,,,,,,,,,,,,,,,,,,,,,,,,,,,,,,,,,,,,,,,,,,,,,,,,,,,,,,,,,,,,,,,,,,,,,,,,,,,,,,,,,,,,662.8719390000001,662.884407,662.884407,662.884407,663.0682300000003,None,,,,,,,,,,,,,,,,,,,,,,,,,,,,,,,,P7350,Bar_MIC,10,1,2026-05-15_14h49.41.843,MIC_task,,2026.1.2,60.04138051946148,2026-05-15 14h49.44.746353 +0200,
,,9,0,9,,,,,,,10,l09,kastély,castle,5,location,facilities,5.8,10,None,114,None,"(-0.1, 0)",None,,,,,,,,,,,,,,1,0,1,0,0,8,8,8,9,0,9,0,663.0839413999997,,,,,,,,,,,,,,,,,,,,,,,,,,,,,,,,,,,,,,,,,,,,,,,,,,,,,,,,,,,,,,,,,,,,,,,,,,,,,,,,,,,,,,,,,,,,,663.0732401,663.0839413999997,663.0839413999997,663.0839413999997,663.2687490000003,None,,,,,,,,,,,,,,,,,,,,,,,,,,,,,,,,P7350,Bar_MIC,10,1,2026-05-15_14h49.41.843,MIC_task,,2026.1.2,60.04138051946148,2026-05-15 14h49.44.746353 +0200,
,,10,0,10,,,,,,,10,l09,kastély,castle,5,location,facilities,5.8,10,None,114,None,"(-0.1, 0)",None,,,,,,,,,,,,,,1,0,1,0,0,8,8,8,10,0,10,0,663.2842804000006,,,,,,,,,,,,,,,,,,,,,,,,,,,,,,,,,,,,,,,,,,,,,,,,,,,,,,,,,,,,,,,,,,,,,,,,,,,,,,,,,,,,,,,,,,,,,663.2737311000005,663.2842804000006,663.2842804000006,663.2842804000006,663.4689887,None,,,,,,,,,,,,,,,,,,,,,,,,,,,,,,,,P7350,Bar_MIC,10,1,2026-05-15_14h49.41.843,MIC_task,,2026.1.2,60.04138051946148,2026-05-15 14h49.44.746353 +0200,
,,11,0,11,,,,,,,10,l09,kastély,castle,5,location,facilities,5.8,10,None,114,None,"(-0.1, 0)",None,,,,,,,,,,,,,,1,0,1,0,0,8,8,8,11,0,11,0,663.4846001999999,,,,,,,,,,,,,,,,,,,,,,,,,,,,,,,,,,,,,,,,,,,,,,,,,,,,,,,,,,,,,,,,,,,,,,,,,,,,,,,,,,,,,,,,,,,,,663.4740886000004,663.4846001999999,663.4846001999999,663.4846001999999,663.6694991999998,None,,,,,,,,,,,,,,,,,,,,,,,,,,,,,,,,P7350,Bar_MIC,10,1,2026-05-15_14h49.41.843,MIC_task,,2026.1.2,60.04138051946148,2026-05-15 14h49.44.746353 +0200,
,,12,0,12,,,,,,,10,l09,kastély,castle,5,location,facilities,5.8,10,None,114,None,"(-0.1, 0)",None,,,,,,,,,,,,,,1,0,1,0,0,8,8,8,12,0,12,0,663.6844872000006,,,,,,,,,,,,,,,,,,,,,,,,,,,,,,,,,,,,,,,,,,,,,,,,,,,,,,,,,,,,,,,,,,,,,,,,,,,,,,,,,,,,,,,,,,,,,663.6743505,663.6844872000006,663.6844872000006,663.6844872000006,663.8688868000004,None,,,,,,,,,,,,,,,,,,,,,,,,,,,,,,,,P7350,Bar_MIC,10,1,2026-05-15_14h49.41.843,MIC_task,,2026.1.2,60.04138051946148,2026-05-15 14h49.44.746353 +0200,
,,13,0,13,,,,,,,10,l09,kastély,castle,5,location,facilities,5.8,10,None,114,None,"(-0.1, 0)",None,,,,,,,,,,,,,,1,0,1,0,0,8,8,8,13,0,13,0,663.8861756000001,,,,,,,,,,,,,,,,,,,,,,,,,,,,,,,,,,,,,,,,,,,,,,,,,,,,,,,,,,,,,,,,,,,,,,,,,,,,,,,,,,,,,,,,,,,,,663.8739329000005,663.8861756000001,663.8861756000001,663.8861756000001,664.0703478999999,None,,,,,,,,,,,,,,,,,,,,,,,,,,,,,,,,P7350,Bar_MIC,10,1,2026-05-15_14h49.41.843,MIC_task,,2026.1.2,60.04138051946148,2026-05-15 14h49.44.746353 +0200,
,,14,0,14,,,,,,,10,l09,kastély,castle,5,location,facilities,5.8,10,None,114,None,"(-0.1, 0)",None,,,,,,,,,,,,,,1,0,1,0,0,8,8,8,14,0,14,0,664.0858333000001,,,,,,,,,,,,,,,,,,,,,,,,,,,,,,,,,,,,,,,,,,,,,,,,,,,,,,,,,,,,,,,,,,,,,,,,,,,,,,,,,,,,,,,,,,,,,664.0752551999999,664.0858333000001,664.0858333000001,664.0858333000001,664.269691,None,,,,,,,,,,,,,,,,,,,,,,,,,,,,,,,,P7350,Bar_MIC,10,1,2026-05-15_14h49.41.843,MIC_task,,2026.1.2,60.04138051946148,2026-05-15 14h49.44.746353 +0200,
,,15,0,15,,,,,,,10,l09,kastély,castle,5,location,facilities,5.8,10,None,114,None,"(-0.1, 0)",space,0.1684414999999717,None,,,,,,,,,,,,1,0,1,0,0,8,8,8,15,0,15,0,664.2854675000003,,,,,,,,,,,,,,,,,,,,,,,,,,,,,,,,,,,,,,,,,,,,,,,,,,,,,,,,,,,,,,,,,,,,,,,,,,,,,,,,,,,,,,,,,,,,,664.2745676999998,664.2854675000003,664.2854675000003,664.2854675000003,664.4559154000003,space,0.1684414999999717,None,,,,,,,,,,,,,,,,,,,,,,,,,,,,,,P7350,Bar_MIC,10,1,2026-05-15_14h49.41.843,MIC_task,,2026.1.2,60.04138051946148,2026-05-15 14h49.44.746353 +0200,
,,8,8,0,,,,space,3.970821299999443,None,10,l09,kastély,castle,5,location,facilities,5.8,10,None,114,None,"(-0.1, 0)",,,,,,,,,,,,,,,1,0,1,0,0,8,8,8,,,,,,,,,,,,,,,,,,,,,,,,,,,,,,,,,,,,,,,,,,,,,,,,,,,,,,,,,,,,,,,,,,,,,,,,,,,,,,,,,664.5482821,664.5562628000002,664.5546513,666.4564543000001,,,,,,668.4591998999999,668.4758452000001,668.4758452000001,672.4493302000005,,,,,,,,,,,,,666.4933624,666.5004076999999,666.5062888000004,668.3921917000002,668.4591384999999,space,3.970821299999443,None,,,,,,,,,,,,,,,,,,,,,,P7350,Bar_MIC,10,1,2026-05-15_14h49.41.843,MIC_task,,2026.1.2,60.04138051946148,2026-05-15 14h49.44.746353 +0200,
,,0,0,0,,,,,,,10,v12,busz,bus,10,vehicles,wheels,6.8,None,None,None,19,"(0, 0)",None,,,,,,,,,,,,,,1,0,1,0,0,9,9,9,0,0,0,0,672.4650204000004,,,,,,,,,,,,,,,,,,,,,,,,,,,,,,,,,,,,,,,,,,,,,,,,,,,,,,,,,,,,,,,,,,,,,,,,,,,,,,,,,,,,,,,,,,,,,672.4542409000001,672.4650204000004,672.4650204000004,672.4650204000004,672.649836,None,,,,,,,,,,,672.6655409999998,672.6655409999998,672.6655409999998,,,,,,,,,,,,,,,,,,,P7350,Bar_MIC,10,1,2026-05-15_14h49.41.843,MIC_task,,2026.1.2,60.04138051946148,2026-05-15 14h49.44.746353 +0200,
,,0,0,0,,,,,,,10,v12,busz,bus,10,vehicles,wheels,6.8,None,None,None,19,"(0, 0)",None,,,,,,,,,,,,,,1,0,1,0,0,9,9,9,0,0,0,0,672.6655409999998,,,,,,,,,,,,,,,,,,,,,,,,,,,,,,,,,,,,,,,,,,,,,,,,,,,,,,,,,,,,,,,,,,,,,,,,,,,,,,,,,,,,,,,,,,,,,672.6543086000006,672.6655409999998,672.6655409999998,672.6655409999998,672.8498138999998,None,,,,,,,,,,,672.8656336999998,672.8656336999998,672.8656336999998,,,,,,,,,,,,,,,,,,,P7350,Bar_MIC,10,1,2026-05-15_14h49.41.843,MIC_task,,2026.1.2,60.04138051946148,2026-05-15 14h49.44.746353 +0200,
,,1,0,1,,,,,,,10,v12,busz,bus,10,vehicles,wheels,6.8,None,None,None,19,"(0, 0)",None,,,,,,,,,,,,,,1,0,1,0,0,9,9,9,1,0,1,0,672.8656336999998,,,,,,,,,,,,,,,,,,,,,,,,,,,,,,,,,,,,,,,,,,,,,,,,,,,,,,,,,,,,,,,,,,,,,,,,,,,,,,,,,,,,,,,,,,,,,672.8544883999998,672.8656336999998,672.8656336999998,672.8656336999998,673.0496530000005,None,,,,,,,,,,,,,,,,,,,,,,,,,,,,,,,,P7350,Bar_MIC,10,1,2026-05-15_14h49.41.843,MIC_task,,2026.1.2,60.04138051946148,2026-05-15 14h49.44.746353 +0200,
,,2,0,2,,,,,,,10,v12,busz,bus,10,vehicles,wheels,6.8,None,None,None,19,"(0, 0)",None,,,,,,,,,,,,,,1,0,1,0,0,9,9,9,2,0,2,0,673.0662604000004,,,,,,,,,,,,,,,,,,,,,,,,,,,,,,,,,,,,,,,,,,,,,,,,,,,,,,,,,,,,,,,,,,,,,,,,,,,,,,,,,,,,,,,,,,,,,673.0544758000001,673.0662604000004,673.0662604000004,673.0662604000004,673.2498902000002,None,,,,,,,,,,,,,,,,,,,,,,,,,,,,,,,,P7350,Bar_MIC,10,1,2026-05-15_14h49.41.843,MIC_task,,2026.1.2,60.04138051946148,2026-05-15 14h49.44.746353 +0200,
,,3,0,3,,,,,,,10,v12,busz,bus,10,vehicles,wheels,6.8,None,None,None,19,"(0, 0)",None,,,,,,,,,,,,,,1,0,1,0,0,9,9,9,3,0,3,0,673.2664654000005,,,,,,,,,,,,,,,,,,,,,,,,,,,,,,,,,,,,,,,,,,,,,,,,,,,,,,,,,,,,,,,,,,,,,,,,,,,,,,,,,,,,,,,,,,,,,673.2549881999998,673.2664654000005,673.2664654000005,673.2664654000005,673.4502422999999,None,,,,,,,,,,,,,,,,,,,,,,,,,,,,,,,,P7350,Bar_MIC,10,1,2026-05-15_14h49.41.843,MIC_task,,2026.1.2,60.04138051946148,2026-05-15 14h49.44.746353 +0200,
,,4,0,4,,,,,,,10,v12,busz,bus,10,vehicles,wheels,6.8,None,None,None,19,"(0, 0)",None,,,,,,,,,,,,,,1,0,1,0,0,9,9,9,4,0,4,0,673.4667960000002,,,,,,,,,,,,,,,,,,,,,,,,,,,,,,,,,,,,,,,,,,,,,,,,,,,,,,,,,,,,,,,,,,,,,,,,,,,,,,,,,,,,,,,,,,,,,673.4552374999998,673.4667960000002,673.4667960000002,673.4667960000002,673.6505349000004,None,,,,,,,,,,,,,,,,,,,,,,,,,,,,,,,,P7350,Bar_MIC,10,1,2026-05-15_14h49.41.843,MIC_task,,2026.1.2,60.04138051946148,2026-05-15 14h49.44.746353 +0200,
,,5,0,5,,,,,,,10,v12,busz,bus,10,vehicles,wheels,6.8,None,None,None,19,"(0, 0)",None,,,,,,,,,,,,,,1,0,1,0,0,9,9,9,5,0,5,0,673.6678962000001,,,,,,,,,,,,,,,,,,,,,,,,,,,,,,,,,,,,,,,,,,,,,,,,,,,,,,,,,,,,,,,,,,,,,,,,,,,,,,,,,,,,,,,,,,,,,673.6552198000004,673.6678962000001,673.6678962000001,673.6678962000001,673.8521188,None,,,,,,,,,,,,,,,,,,,,,,,,,,,,,,,,P7350,Bar_MIC,10,1,2026-05-15_14h49.41.843,MIC_task,,2026.1.2,60.04138051946148,2026-05-15 14h49.44.746353 +0200,
,,6,0,6,,,,,,,10,v12,busz,bus,10,vehicles,wheels,6.8,None,None,None,19,"(0, 0)",None,,,,,,,,,,,,,,1,0,1,0,0,9,9,9,6,0,6,0,673.8682291,,,,,,,,,,,,,,,,,,,,,,,,,,,,,,,,,,,,,,,,,,,,,,,,,,,,,,,,,,,,,,,,,,,,,,,,,,,,,,,,,,,,,,,,,,,,,673.8567304000003,673.8682291,673.8682291,673.8682291,674.0521037000003,None,,,,,,,,,,,,,,,,,,,,,,,,,,,,,,,,P7350,Bar_MIC,10,1,2026-05-15_14h49.41.843,MIC_task,,2026.1.2,60.04138051946148,2026-05-15 14h49.44.746353 +0200,
,,7,0,7,,,,,,,10,v12,busz,bus,10,vehicles,wheels,6.8,None,None,None,19,"(0, 0)",None,,,,,,,,,,,,,,1,0,1,0,0,9,9,9,7,0,7,0,674.0671271000006,,,,,,,,,,,,,,,,,,,,,,,,,,,,,,,,,,,,,,,,,,,,,,,,,,,,,,,,,,,,,,,,,,,,,,,,,,,,,,,,,,,,,,,,,,,,,674.0576960000003,674.0671271000006,674.0671271000006,674.0671271000006,674.2509616000002,None,,,,,,,,,,,,,,,,,,,,,,,,,,,,,,,,P7350,Bar_MIC,10,1,2026-05-15_14h49.41.843,MIC_task,,2026.1.2,60.04138051946148,2026-05-15 14h49.44.746353 +0200,
,,8,0,8,,,,,,,10,v12,busz,bus,10,vehicles,wheels,6.8,None,None,None,19,"(0, 0)",None,,,,,,,,,,,,,,1,0,1,0,0,9,9,9,8,0,8,0,674.2677741000002,,,,,,,,,,,,,,,,,,,,,,,,,,,,,,,,,,,,,,,,,,,,,,,,,,,,,,,,,,,,,,,,,,,,,,,,,,,,,,,,,,,,,,,,,,,,,674.2566356000002,674.2677741000002,674.2677741000002,674.2677741000002,674.4514894999998,None,,,,,,,,,,,,,,,,,,,,,,,,,,,,,,,,P7350,Bar_MIC,10,1,2026-05-15_14h49.41.843,MIC_task,,2026.1.2,60.04138051946148,2026-05-15 14h49.44.746353 +0200,
,,9,0,9,,,,,,,10,v12,busz,bus,10,vehicles,wheels,6.8,None,None,None,19,"(0, 0)",None,,,,,,,,,,,,,,1,0,1,0,0,9,9,9,9,0,9,0,674.4679095000006,,,,,,,,,,,,,,,,,,,,,,,,,,,,,,,,,,,,,,,,,,,,,,,,,,,,,,,,,,,,,,,,,,,,,,,,,,,,,,,,,,,,,,,,,,,,,674.4564026000003,674.4679095000006,674.4679095000006,674.4679095000006,674.6524251000005,None,,,,,,,,,,,,,,,,,,,,,,,,,,,,,,,,P7350,Bar_MIC,10,1,2026-05-15_14h49.41.843,MIC_task,,2026.1.2,60.04138051946148,2026-05-15 14h49.44.746353 +0200,
,,10,0,10,,,,,,,10,v12,busz,bus,10,vehicles,wheels,6.8,None,None,None,19,"(0, 0)",None,,,,,,,,,,,,,,1,0,1,0,0,9,9,9,10,0,10,0,674.6688045000005,,,,,,,,,,,,,,,,,,,,,,,,,,,,,,,,,,,,,,,,,,,,,,,,,,,,,,,,,,,,,,,,,,,,,,,,,,,,,,,,,,,,,,,,,,,,,674.6577563000005,674.6688045000005,674.6688045000005,674.6688045000005,674.8523111999998,None,,,,,,,,,,,,,,,,,,,,,,,,,,,,,,,,P7350,Bar_MIC,10,1,2026-05-15_14h49.41.843,MIC_task,,2026.1.2,60.04138051946148,2026-05-15 14h49.44.746353 +0200,
,,11,0,11,,,,,,,10,v12,busz,bus,10,vehicles,wheels,6.8,None,None,None,19,"(0, 0)",None,,,,,,,,,,,,,,1,0,1,0,0,9,9,9,11,0,11,0,674.8689509000001,,,,,,,,,,,,,,,,,,,,,,,,,,,,,,,,,,,,,,,,,,,,,,,,,,,,,,,,,,,,,,,,,,,,,,,,,,,,,,,,,,,,,,,,,,,,,674.8568783000005,674.8689509000001,674.8689509000001,674.8689509000001,675.0525117000002,None,,,,,,,,,,,,,,,,,,,,,,,,,,,,,,,,P7350,Bar_MIC,10,1,2026-05-15_14h49.41.843,MIC_task,,2026.1.2,60.04138051946148,2026-05-15 14h49.44.746353 +0200,
,,12,0,12,,,,,,,10,v12,busz,bus,10,vehicles,wheels,6.8,None,None,None,19,"(0, 0)",None,,,,,,,,,,,,,,1,0,1,0,0,9,9,9,12,0,12,0,675.0687435000004,,,,,,,,,,,,,,,,,,,,,,,,,,,,,,,,,,,,,,,,,,,,,,,,,,,,,,,,,,,,,,,,,,,,,,,,,,,,,,,,,,,,,,,,,,,,,675.0572480000005,675.0687435000004,675.0687435000004,675.0687435000004,675.2539448000002,None,,,,,,,,,,,,,,,,,,,,,,,,,,,,,,,,P7350,Bar_MIC,10,1,2026-05-15_14h49.41.843,MIC_task,,2026.1.2,60.04138051946148,2026-05-15 14h49.44.746353 +0200,
,,13,0,13,,,,,,,10,v12,busz,bus,10,vehicles,wheels,6.8,None,None,None,19,"(0, 0)",None,,,,,,,,,,,,,,1,0,1,0,0,9,9,9,13,0,13,0,675.2693291,,,,,,,,,,,,,,,,,,,,,,,,,,,,,,,,,,,,,,,,,,,,,,,,,,,,,,,,,,,,,,,,,,,,,,,,,,,,,,,,,,,,,,,,,,,,,675.2589216000001,675.2693291,675.2693291,675.2693291,675.4534038000006,None,,,,,,,,,,,,,,,,,,,,,,,,,,,,,,,,P7350,Bar_MIC,10,1,2026-05-15_14h49.41.843,MIC_task,,2026.1.2,60.04138051946148,2026-05-15 14h49.44.746353 +0200,
,,14,0,14,,,,,,,10,v12,busz,bus,10,vehicles,wheels,6.8,None,None,None,19,"(0, 0)",None,,,,,,,,,,,,,,1,0,1,0,0,9,9,9,14,0,14,0,675.4698960000001,,,,,,,,,,,,,,,,,,,,,,,,,,,,,,,,,,,,,,,,,,,,,,,,,,,,,,,,,,,,,,,,,,,,,,,,,,,,,,,,,,,,,,,,,,,,,675.4579356999998,675.4698960000001,675.4698960000001,675.4698960000001,675.6540927000001,None,,,,,,,,,,,,,,,,,,,,,,,,,,,,,,,,P7350,Bar_MIC,10,1,2026-05-15_14h49.41.843,MIC_task,,2026.1.2,60.04138051946148,2026-05-15 14h49.44.746353 +0200,
,,15,0,15,,,,,,,10,v12,busz,bus,10,vehicles,wheels,6.8,None,None,None,19,"(0, 0)",space,0.07963440000003175,None,,,,,,,,,,,,1,0,1,0,0,9,9,9,15,0,15,0,675.6705722000002,,,,,,,,,,,,,,,,,,,,,,,,,,,,,,,,,,,,,,,,,,,,,,,,,,,,,,,,,,,,,,,,,,,,,,,,,,,,,,,,,,,,,,,,,,,,,675.6590136,675.6705722000002,675.6705722000002,675.6705722000002,675.7551038000006,space,0.07963440000003175,None,,,,,,,,,,,,,,,,,,,,,,,,,,,,,,P7350,Bar_MIC,10,1,2026-05-15_14h49.41.843,MIC_task,,2026.1.2,60.04138051946148,2026-05-15 14h49.44.746353 +0200,
,,9,9,0,,,,space,51.95169269999951,None,10,v12,busz,bus,10,vehicles,wheels,6.8,None,None,None,19,"(0, 0)",,,,,,,,,,,,,,,1,0,1,0,0,9,9,9,,,,,,,,,,,,,,,,,,,,,,,,,,,,,,,,,,,,,,,,,,,,,,,,,,,,,,,,,,,,,,,,,,,,,,,,,,,,,,,,,675.8526781000005,675.8606101,675.8536280999998,677.7563611,,,,,,679.7595015000002,679.7760275000005,679.7760275000005,731.7404093,,,,,,,,,,,,,677.7893316000004,677.7958858000006,677.7895400333337,679.6761536999998,679.7594405000004,space,51.95169269999951,None,,,,,,,,,,,,,,,,,,,,,,P7350,Bar_MIC,10,1,2026-05-15_14h49.41.843,MIC_task,,2026.1.2,60.04138051946148,2026-05-15 14h49.44.746353 +0200,
,,0,0,0,,,,,,,10,pl03,kukorica,corn,7,plants,field,4.8,76,None,115,None,"(0, 0.1)",None,,,,,,,,,,,,,,1,0,1,0,0,10,10,10,0,0,0,0,731.7557134000003,,,,,,,,,,,,,,,,,,,,,,,,,,,,,,,,,,,,,,,,,,,,,,,,,,,,,,,,,,,,,,,,,,,,,,,,,,,,,,,,,,,,,,,,,,,,,731.7456707000006,731.7557134000003,731.7557134000003,731.7557134000003,731.9406267999998,None,,,,,,,,,,,731.9560852999998,731.9560852999998,731.9560852999998,,,,,,,,,,,,,,,,,,,P7350,Bar_MIC,10,1,2026-05-15_14h49.41.843,MIC_task,,2026.1.2,60.04138051946148,2026-05-15 14h49.44.746353 +0200,
,,0,0,0,,,,,,,10,pl03,kukorica,corn,7,plants,field,4.8,76,None,115,None,"(0, 0.1)",None,,,,,,,,,,,,,,1,0,1,0,0,10,10,10,0,0,0,0,731.9560852999998,,,,,,,,,,,,,,,,,,,,,,,,,,,,,,,,,,,,,,,,,,,,,,,,,,,,,,,,,,,,,,,,,,,,,,,,,,,,,,,,,,,,,,,,,,,,,731.9450140000004,731.9560852999998,731.9560852999998,731.9560852999998,732.1420223,None,,,,,,,,,,,,,,,,,,,,,,,,,,,,,,,,P7350,Bar_MIC,10,1,2026-05-15_14h49.41.843,MIC_task,,2026.1.2,60.04138051946148,2026-05-15 14h49.44.746353 +0200,
,,1,0,1,,,,,,,10,pl03,kukorica,corn,7,plants,field,4.8,76,None,115,None,"(0, 0.1)",None,,,,,,,,,,,,,,1,0,1,0,0,10,10,10,1,0,1,0,732.1562306000001,,,,,,,,,,,,,,,,,,,,,,,,,,,,,,,,,,,,,,,,,,,,,,,,,,,,,,,,,,,,,,,,,,,,,,,,,,,,,,,,,,,,,,,,,,,,,732.1464344000001,732.1562306000001,732.1562306000001,732.1562306000001,732.3406042000001,None,,,,,,,,,,,,,,,,,,,,,,,,,,,,,,,,P7350,Bar_MIC,10,1,2026-05-15_14h49.41.843,MIC_task,,2026.1.2,60.04138051946148,2026-05-15 14h49.44.746353 +0200,
,,2,0,2,,,,,,,10,pl03,kukorica,corn,7,plants,field,4.8,76,None,115,None,"(0, 0.1)",None,,,,,,,,,,,,,,1,0,1,0,0,10,10,10,2,0,2,0,732.3561635000001,,,,,,,,,,,,,,,,,,,,,,,,,,,,,,,,,,,,,,,,,,,,,,,,,,,,,,,,,,,,,,,,,,,,,,,,,,,,,,,,,,,,,,,,,,,,,732.3452473000002,732.3561635000001,732.3561635000001,732.3561635000001,732.5407662000002,None,,,,,,,,,,,,,,,,,,,,,,,,,,,,,,,,P7350,Bar_MIC,10,1,2026-05-15_14h49.41.843,MIC_task,,2026.1.2,60.04138051946148,2026-05-15 14h49.44.746353 +0200,
,,3,0,3,,,,,,,10,pl03,kukorica,corn,7,plants,field,4.8,76,None,115,None,"(0, 0.1)",None,,,,,,,,,,,,,,1,0,1,0,0,10,10,10,3,0,3,0,732.5565091000003,,,,,,,,,,,,,,,,,,,,,,,,,,,,,,,,,,,,,,,,,,,,,,,,,,,,,,,,,,,,,,,,,,,,,,,,,,,,,,,,,,,,,,,,,,,,,732.5458136000002,732.5565091000003,732.5565091000003,732.5565091000003,732.7410339000003,None,,,,,,,,,,,732.7570021000006,732.7570021000006,732.7570021000006,,,,,,,,,,,,,,,,,,,P7350,Bar_MIC,10,1,2026-05-15_14h49.41.843,MIC_task,,2026.1.2,60.04138051946148,2026-05-15 14h49.44.746353 +0200,
,,4,0,4,,,,,,,10,pl03,kukorica,corn,7,plants,field,4.8,76,None,115,None,"(0, 0.1)",None,,,,,,,,,,,,,,1,0,1,0,0,10,10,10,4,0,4,0,732.7570021000006,,,,,,,,,,,,,,,,,,,,,,,,,,,,,,,,,,,,,,,,,,,,,,,,,,,,,,,,,,,,,,,,,,,,,,,,,,,,,,,,,,,,,,,,,,,,,732.7456375000006,732.7570021000006,732.7570021000006,732.7570021000006,732.9407258000006,None,,,,,,,,,,,,,,,,,,,,,,,,,,,,,,,,P7350,Bar_MIC,10,1,2026-05-15_14h49.41.843,MIC_task,,2026.1.2,60.04138051946148,2026-05-15 14h49.44.746353 +0200,
,,5,0,5,,,,,,,10,pl03,kukorica,corn,7,plants,field,4.8,76,None,115,None,"(0, 0.1)",None,,,,,,,,,,,,,,1,0,1,0,0,10,10,10,5,0,5,0,732.9573142000004,,,,,,,,,,,,,,,,,,,,,,,,,,,,,,,,,,,,,,,,,,,,,,,,,,,,,,,,,,,,,,,,,,,,,,,,,,,,,,,,,,,,,,,,,,,,,732.9455524999998,732.9573142000004,732.9573142000004,732.9573142000004,733.1438987000006,None,,,,,,,,,,,,,,,,,,,,,,,,,,,,,,,,P7350,Bar_MIC,10,1,2026-05-15_14h49.41.843,MIC_task,,2026.1.2,60.04138051946148,2026-05-15 14h49.44.746353 +0200,
,,6,0,6,,,,,,,10,pl03,kukorica,corn,7,plants,field,4.8,76,None,115,None,"(0, 0.1)",None,,,,,,,,,,,,,,1,0,1,0,0,10,10,10,6,0,6,0,733.1576533000002,,,,,,,,,,,,,,,,,,,,,,,,,,,,,,,,,,,,,,,,,,,,,,,,,,,,,,,,,,,,,,,,,,,,,,,,,,,,,,,,,,,,,,,,,,,,,733.1482934999999,733.1576533000002,733.1576533000002,733.1576533000002,733.3427446000001,None,,,,,,,,,,,,,,,,,,,,,,,,,,,,,,,,P7350,Bar_MIC,10,1,2026-05-15_14h49.41.843,MIC_task,,2026.1.2,60.04138051946148,2026-05-15 14h49.44.746353 +0200,
,,7,0,7,,,,,,,10,pl03,kukorica,corn,7,plants,field,4.8,76,None,115,None,"(0, 0.1)",None,,,,,,,,,,,,,,1,0,1,0,0,10,10,10,7,0,7,0,733.3580409000001,,,,,,,,,,,,,,,,,,,,,,,,,,,,,,,,,,,,,,,,,,,,,,,,,,,,,,,,,,,,,,,,,,,,,,,,,,,,,,,,,,,,,,,,,,,,,733.3470452000006,733.3580409000001,733.3580409000001,733.3580409000001,733.5418794000002,None,,,,,,,,,,,,,,,,,,,,,,,,,,,,,,,,P7350,Bar_MIC,10,1,2026-05-15_14h49.41.843,MIC_task,,2026.1.2,60.04138051946148,2026-05-15 14h49.44.746353 +0200,
,,8,0,8,,,,,,,10,pl03,kukorica,corn,7,plants,field,4.8,76,None,115,None,"(0, 0.1)",None,,,,,,,,,,,,,,1,0,1,0,0,10,10,10,8,0,8,0,733.5645706,,,,,,,,,,,,,,,,,,,,,,,,,,,,,,,,,,,,,,,,,,,,,,,,,,,,,,,,,,,,,,,,,,,,,,,,,,,,,,,,,,,,,,,,,,,,,733.5466120000006,733.5645706,733.5645706,733.5645706,733.7425991000005,None,,,,,,,,,,,,,,,,,,,,,,,,,,,,,,,,P7350,Bar_MIC,10,1,2026-05-15_14h49.41.843,MIC_task,,2026.1.2,60.04138051946148,2026-05-15 14h49.44.746353 +0200,
,,9,0,9,,,,,,,10,pl03,kukorica,corn,7,plants,field,4.8,76,None,115,None,"(0, 0.1)",None,,,,,,,,,,,,,,1,0,1,0,0,10,10,10,9,0,9,0,733.7593324000004,,,,,,,,,,,,,,,,,,,,,,,,,,,,,,,,,,,,,,,,,,,,,,,,,,,,,,,,,,,,,,,,,,,,,,,,,,,,,,,,,,,,,,,,,,,,,733.7472668000005,733.7593324000004,733.7593324000004,733.7593324000004,733.9438654999999,None,,,,,,,,,,,,,,,,,,,,,,,,,,,,,,,,P7350,Bar_MIC,10,1,2026-05-15_14h49.41.843,MIC_task,,2026.1.2,60.04138051946148,2026-05-15 14h49.44.746353 +0200,
,,10,0,10,,,,,,,10,pl03,kukorica,corn,7,plants,field,4.8,76,None,115,None,"(0, 0.1)",None,,,,,,,,,,,,,,1,0,1,0,0,10,10,10,10,0,10,0,733.9590251000004,,,,,,,,,,,,,,,,,,,,,,,,,,,,,,,,,,,,,,,,,,,,,,,,,,,,,,,,,,,,,,,,,,,,,,,,,,,,,,,,,,,,,,,,,,,,,733.9482778000006,733.9590251000004,733.9590251000004,733.9590251000004,734.1439768000005,None,,,,,,,,,,,,,,,,,,,,,,,,,,,,,,,,P7350,Bar_MIC,10,1,2026-05-15_14h49.41.843,MIC_task,,2026.1.2,60.04138051946148,2026-05-15 14h49.44.746353 +0200,
,,11,0,11,,,,,,,10,pl03,kukorica,corn,7,plants,field,4.8,76,None,115,None,"(0, 0.1)",None,,,,,,,,,,,,,,1,0,1,0,0,10,10,10,11,0,11,0,734.1595738999999,,,,,,,,,,,,,,,,,,,,,,,,,,,,,,,,,,,,,,,,,,,,,,,,,,,,,,,,,,,,,,,,,,,,,,,,,,,,,,,,,,,,,,,,,,,,,734.1487287000004,734.1595738999999,734.1595738999999,734.1595738999999,734.3434589000003,None,,,,,,,,,,,,,,,,,,,,,,,,,,,,,,,,P7350,Bar_MIC,10,1,2026-05-15_14h49.41.843,MIC_task,,2026.1.2,60.04138051946148,2026-05-15 14h49.44.746353 +0200,
,,12,0,12,,,,,,,10,pl03,kukorica,corn,7,plants,field,4.8,76,None,115,None,"(0, 0.1)",None,,,,,,,,,,,,,,1,0,1,0,0,10,10,10,12,0,12,0,734.3591019999999,,,,,,,,,,,,,,,,,,,,,,,,,,,,,,,,,,,,,,,,,,,,,,,,,,,,,,,,,,,,,,,,,,,,,,,,,,,,,,,,,,,,,,,,,,,,,734.3482481000005,734.3591019999999,734.3591019999999,734.3591019999999,734.5441157,None,,,,,,,,,,,,,,,,,,,,,,,,,,,,,,,,P7350,Bar_MIC,10,1,2026-05-15_14h49.41.843,MIC_task,,2026.1.2,60.04138051946148,2026-05-15 14h49.44.746353 +0200,
,,13,0,13,,,,,,,10,pl03,kukorica,corn,7,plants,field,4.8,76,None,115,None,"(0, 0.1)",None,,,,,,,,,,,,,,1,0,1,0,0,10,10,10,13,0,13,0,734.5602795999998,,,,,,,,,,,,,,,,,,,,,,,,,,,,,,,,,,,,,,,,,,,,,,,,,,,,,,,,,,,,,,,,,,,,,,,,,,,,,,,,,,,,,,,,,,,,,734.5486845,734.5602795999998,734.5602795999998,734.5602795999998,734.7451004,None,,,,,,,,,,,,,,,,,,,,,,,,,,,,,,,,P7350,Bar_MIC,10,1,2026-05-15_14h49.41.843,MIC_task,,2026.1.2,60.04138051946148,2026-05-15 14h49.44.746353 +0200,
,,14,0,14,,,,,,,10,pl03,kukorica,corn,7,plants,field,4.8,76,None,115,None,"(0, 0.1)",space,0.08057340000050317,None,,,,,,,,,,,,1,0,1,0,0,10,10,10,14,0,14,0,734.7608002000002,,,,,,,,,,,,,,,,,,,,,,,,,,,,,,,,,,,,,,,,,,,,,,,,,,,,,,,,,,,,,,,,,,,,,,,,,,,,,,,,,,,,,,,,,,,,,734.7494327999998,734.7608002000002,734.7608002000002,734.7608002000002,734.8461663000003,space,0.08057340000050317,None,,,,,,,,,,,,,,,,,,,,,,,,,,,,,,P7350,Bar_MIC,10,1,2026-05-15_14h49.41.843,MIC_task,,2026.1.2,60.04138051946148,2026-05-15 14h49.44.746353 +0200,
,,10,10,0,,,,space,0.36576680000052875,None,10,pl03,kukorica,corn,7,plants,field,4.8,76,None,115,None,"(0, 0.1)",,,,,,,,,,,,,,,1,0,1,0,0,10,10,10,,,,,,,,,,,,,,,,,,,,,,,,,,,,,,,,,,,,,,,,,,,,,,,,,,,,,,,,,,,,,,,,,,,,,,,,,,,,,,,,,734.9393549000001,734.9461132000001,734.9449280999999,736.8468099000006,,,,,,738.8499142000005,738.8663897000001,738.8663897000001,739.2349561000005,,,,,,,,,,,,,736.8823498000006,736.8897048000003,736.8966542000001,738.7825438000004,738.8498576000006,space,0.36576680000052875,None,,,,,,,,,,,,,,,,,,,,,,P7350,Bar_MIC,10,1,2026-05-15_14h49.41.843,MIC_task,,2026.1.2,60.04138051946148,2026-05-15 14h49.44.746353 +0200,
,,0,0,0,,,,,,,10,c18,zokni,sock,3,clothes,footwear,5.6,74,20,35,None,"(-0.1, -0.1)",None,,,,,,,,,,,,,,1,0,1,0,0,11,11,11,0,0,0,0,739.2505652000004,,,,,,,,,,,,,,,,,,,,,,,,,,,,,,,,,,,,,,,,,,,,,,,,,,,,,,,,,,,,,,,,,,,,,,,,,,,,,,,,,,,,,,,,,,,,,739.2395602000001,739.2505652000004,739.2505652000004,739.2505652000004,739.4354026000005,None,,,,,,,,,,,,,,,,,,,,,,,,,,,,,,,,P7350,Bar_MIC,10,1,2026-05-15_14h49.41.843,MIC_task,,2026.1.2,60.04138051946148,2026-05-15 14h49.44.746353 +0200,
,,0,0,0,,,,,,,10,c18,zokni,sock,3,clothes,footwear,5.6,74,20,35,None,"(-0.1, -0.1)",None,,,,,,,,,,,,,,1,0,1,0,0,11,11,11,0,0,0,0,739.4512313999999,,,,,,,,,,,,,,,,,,,,,,,,,,,,,,,,,,,,,,,,,,,,,,,,,,,,,,,,,,,,,,,,,,,,,,,,,,,,,,,,,,,,,,,,,,,,,739.4399081000006,739.4512313999999,739.4512313999999,739.4512313999999,739.6353932000006,None,,,,,,,,,,,739.7381909000001,739.7381909000001,739.7381909000001,,,,,,,,,,,,,,,,,,,P7350,Bar_MIC,10,1,2026-05-15_14h49.41.843,MIC_task,,2026.1.2,60.04138051946148,2026-05-15 14h49.44.746353 +0200,
,,1,0,1,,,,,,,10,c18,zokni,sock,3,clothes,footwear,5.6,74,20,35,None,"(-0.1, -0.1)",None,,,,,,,,,,,,,,1,0,1,0,0,11,11,11,1,0,1,0,739.7381909000001,,,,,,,,,,,,,,,,,,,,,,,,,,,,,,,,,,,,,,,,,,,,,,,,,,,,,,,,,,,,,,,,,,,,,,,,,,,,,,,,,,,,,,,,,,,,,739.6401079000002,739.7381909000001,739.7381909000001,739.7381909000001,739.8359659000002,None,,,,,,,,,,,,,,,,,,,,,,,,,,,,,,,,P7350,Bar_MIC,10,1,2026-05-15_14h49.41.843,MIC_task,,2026.1.2,60.04138051946148,2026-05-15 14h49.44.746353 +0200,
,,2,0,2,,,,,,,10,c18,zokni,sock,3,clothes,footwear,5.6,74,20,35,None,"(-0.1, -0.1)",None,,,,,,,,,,,,,,1,0,1,0,0,11,11,11,2,0,2,0,739.8515755000003,,,,,,,,,,,,,,,,,,,,,,,,,,,,,,,,,,,,,,,,,,,,,,,,,,,,,,,,,,,,,,,,,,,,,,,,,,,,,,,,,,,,,,,,,,,,,739.8406546000001,739.8515755000003,739.8515755000003,739.8515755000003,740.036267,None,,,,,,,,,,,,,,,,,,,,,,,,,,,,,,,,P7350,Bar_MIC,10,1,2026-05-15_14h49.41.843,MIC_task,,2026.1.2,60.04138051946148,2026-05-15 14h49.44.746353 +0200,
,,3,0,3,,,,,,,10,c18,zokni,sock,3,clothes,footwear,5.6,74,20,35,None,"(-0.1, -0.1)",None,,,,,,,,,,,,,,1,0,1,0,0,11,11,11,3,0,3,0,740.0519595000001,,,,,,,,,,,,,,,,,,,,,,,,,,,,,,,,,,,,,,,,,,,,,,,,,,,,,,,,,,,,,,,,,,,,,,,,,,,,,,,,,,,,,,,,,,,,,740.0406948000004,740.0519595000001,740.0519595000001,740.0519595000001,740.2364668000005,None,,,,,,,,,,,,,,,,,,,,,,,,,,,,,,,,P7350,Bar_MIC,10,1,2026-05-15_14h49.41.843,MIC_task,,2026.1.2,60.04138051946148,2026-05-15 14h49.44.746353 +0200,
,,4,0,4,,,,,,,10,c18,zokni,sock,3,clothes,footwear,5.6,74,20,35,None,"(-0.1, -0.1)",None,,,,,,,,,,,,,,1,0,1,0,0,11,11,11,4,0,4,0,740.2515340000004,,,,,,,,,,,,,,,,,,,,,,,,,,,,,,,,,,,,,,,,,,,,,,,,,,,,,,,,,,,,,,,,,,,,,,,,,,,,,,,,,,,,,,,,,,,,,740.2410069000002,740.2515340000004,740.2515340000004,740.2515340000004,740.4370075000002,None,,,,,,,,,,,,,,,,,,,,,,,,,,,,,,,,P7350,Bar_MIC,10,1,2026-05-15_14h49.41.843,MIC_task,,2026.1.2,60.04138051946148,2026-05-15 14h49.44.746353 +0200,
,,5,0,5,,,,,,,10,c18,zokni,sock,3,clothes,footwear,5.6,74,20,35,None,"(-0.1, -0.1)",None,,,,,,,,,,,,,,1,0,1,0,0,11,11,11,5,0,5,0,740.4519093000004,,,,,,,,,,,,,,,,,,,,,,,,,,,,,,,,,,,,,,,,,,,,,,,,,,,,,,,,,,,,,,,,,,,,,,,,,,,,,,,,,,,,,,,,,,,,,740.4420071999998,740.4519093000004,740.4519093000004,740.4519093000004,740.6370099000001,None,,,,,,,,,,,,,,,,,,,,,,,,,,,,,,,,P7350,Bar_MIC,10,1,2026-05-15_14h49.41.843,MIC_task,,2026.1.2,60.04138051946148,2026-05-15 14h49.44.746353 +0200,
,,6,0,6,,,,,,,10,c18,zokni,sock,3,clothes,footwear,5.6,74,20,35,None,"(-0.1, -0.1)",None,,,,,,,,,,,,,,1,0,1,0,0,11,11,11,6,0,6,0,740.6522866999999,,,,,,,,,,,,,,,,,,,,,,,,,,,,,,,,,,,,,,,,,,,,,,,,,,,,,,,,,,,,,,,,,,,,,,,,,,,,,,,,,,,,,,,,,,,,,740.6418145000002,740.6522866999999,740.6522866999999,740.6522866999999,740.8360840999999,None,,,,,,,,,,,,,,,,,,,,,,,,,,,,,,,,P7350,Bar_MIC,10,1,2026-05-15_14h49.41.843,MIC_task,,2026.1.2,60.04138051946148,2026-05-15 14h49.44.746353 +0200,
,,7,0,7,,,,,,,10,c18,zokni,sock,3,clothes,footwear,5.6,74,20,35,None,"(-0.1, -0.1)",None,,,,,,,,,,,,,,1,0,1,0,0,11,11,11,7,0,7,0,740.8527680000002,,,,,,,,,,,,,,,,,,,,,,,,,,,,,,,,,,,,,,,,,,,,,,,,,,,,,,,,,,,,,,,,,,,,,,,,,,,,,,,,,,,,,,,,,,,,,740.8405777000003,740.8527680000002,740.8527680000002,740.8527680000002,741.0363382,None,,,,,,,,,,,,,,,,,,,,,,,,,,,,,,,,P7350,Bar_MIC,10,1,2026-05-15_14h49.41.843,MIC_task,,2026.1.2,60.04138051946148,2026-05-15 14h49.44.746353 +0200,
,,8,0,8,,,,,,,10,c18,zokni,sock,3,clothes,footwear,5.6,74,20,35,None,"(-0.1, -0.1)",None,,,,,,,,,,,,,,1,0,1,0,0,11,11,11,8,0,8,0,741.052999,,,,,,,,,,,,,,,,,,,,,,,,,,,,,,,,,,,,,,,,,,,,,,,,,,,,,,,,,,,,,,,,,,,,,,,,,,,,,,,,,,,,,,,,,,,,,741.0413605999997,741.052999,741.052999,741.052999,741.2366692,None,,,,,,,,,,,,,,,,,,,,,,,,,,,,,,,,P7350,Bar_MIC,10,1,2026-05-15_14h49.41.843,MIC_task,,2026.1.2,60.04138051946148,2026-05-15 14h49.44.746353 +0200,
,,9,0,9,,,,,,,10,c18,zokni,sock,3,clothes,footwear,5.6,74,20,35,None,"(-0.1, -0.1)",None,,,,,,,,,,,,,,1,0,1,0,0,11,11,11,9,0,9,0,741.2534012000001,,,,,,,,,,,,,,,,,,,,,,,,,,,,,,,,,,,,,,,,,,,,,,,,,,,,,,,,,,,,,,,,,,,,,,,,,,,,,,,,,,,,,,,,,,,,,741.2412022000003,741.2534012000001,741.2534012000001,741.2534012000001,741.4370910000002,None,,,,,,,,,,,,,,,,,,,,,,,,,,,,,,,,P7350,Bar_MIC,10,1,2026-05-15_14h49.41.843,MIC_task,,2026.1.2,60.04138051946148,2026-05-15 14h49.44.746353 +0200,
,,10,0,10,,,,,,,10,c18,zokni,sock,3,clothes,footwear,5.6,74,20,35,None,"(-0.1, -0.1)",None,,,,,,,,,,,,,,1,0,1,0,0,11,11,11,10,0,10,0,741.4540197000001,,,,,,,,,,,,,,,,,,,,,,,,,,,,,,,,,,,,,,,,,,,,,,,,,,,,,,,,,,,,,,,,,,,,,,,,,,,,,,,,,,,,,,,,,,,,,741.4421920999998,741.4540197000001,741.4540197000001,741.4540197000001,741.6376211000002,None,,,,,,,,,,,,,,,,,,,,,,,,,,,,,,,,P7350,Bar_MIC,10,1,2026-05-15_14h49.41.843,MIC_task,,2026.1.2,60.04138051946148,2026-05-15 14h49.44.746353 +0200,
,,11,0,11,,,,,,,10,c18,zokni,sock,3,clothes,footwear,5.6,74,20,35,None,"(-0.1, -0.1)",None,,,,,,,,,,,,,,1,0,1,0,0,11,11,11,11,0,11,0,741.6544324000001,,,,,,,,,,,,,,,,,,,,,,,,,,,,,,,,,,,,,,,,,,,,,,,,,,,,,,,,,,,,,,,,,,,,,,,,,,,,,,,,,,,,,,,,,,,,,741.6423312000002,741.6544324000001,741.6544324000001,741.6544324000001,741.8379043,None,,,,,,,,,,,,,,,,,,,,,,,,,,,,,,,,P7350,Bar_MIC,10,1,2026-05-15_14h49.41.843,MIC_task,,2026.1.2,60.04138051946148,2026-05-15 14h49.44.746353 +0200,
,,12,0,12,,,,,,,10,c18,zokni,sock,3,clothes,footwear,5.6,74,20,35,None,"(-0.1, -0.1)",None,,,,,,,,,,,,,,1,0,1,0,0,11,11,11,12,0,12,0,741.8552841000005,,,,,,,,,,,,,,,,,,,,,,,,,,,,,,,,,,,,,,,,,,,,,,,,,,,,,,,,,,,,,,,,,,,,,,,,,,,,,,,,,,,,,,,,,,,,,741.8426925999997,741.8552841000005,741.8552841000005,741.8552841000005,742.0381895000005,None,,,,,,,,,,,,,,,,,,,,,,,,,,,,,,,,P7350,Bar_MIC,10,1,2026-05-15_14h49.41.843,MIC_task,,2026.1.2,60.04138051946148,2026-05-15 14h49.44.746353 +0200,
,,13,0,13,,,,,,,10,c18,zokni,sock,3,clothes,footwear,5.6,74,20,35,None,"(-0.1, -0.1)",None,,,,,,,,,,,,,,1,0,1,0,0,11,11,11,13,0,13,0,742.0548055000004,,,,,,,,,,,,,,,,,,,,,,,,,,,,,,,,,,,,,,,,,,,,,,,,,,,,,,,,,,,,,,,,,,,,,,,,,,,,,,,,,,,,,,,,,,,,,742.0432461000005,742.0548055000004,742.0548055000004,742.0548055000004,742.2387887999998,None,,,,,,,,,,,,,,,,,,,,,,,,,,,,,,,,P7350,Bar_MIC,10,1,2026-05-15_14h49.41.843,MIC_task,,2026.1.2,60.04138051946148,2026-05-15 14h49.44.746353 +0200,
,,14,0,14,,,,,,,10,c18,zokni,sock,3,clothes,footwear,5.6,74,20,35,None,"(-0.1, -0.1)",None,,,,,,,,,,,,,,1,0,1,0,0,11,11,11,14,0,14,0,742.2551362999998,,,,,,,,,,,,,,,,,,,,,,,,,,,,,,,,,,,,,,,,,,,,,,,,,,,,,,,,,,,,,,,,,,,,,,,,,,,,,,,,,,,,,,,,,,,,,742.2435076000006,742.2551362999998,742.2551362999998,742.2551362999998,742.4391744,None,,,,,,,,,,,,,,,,,,,,,,,,,,,,,,,,P7350,Bar_MIC,10,1,2026-05-15_14h49.41.843,MIC_task,,2026.1.2,60.04138051946148,2026-05-15 14h49.44.746353 +0200,
,,15,0,15,,,,,,,10,c18,zokni,sock,3,clothes,footwear,5.6,74,20,35,None,"(-0.1, -0.1)",None,,,,,,,,,,,,,,1,0,1,0,0,11,11,11,15,0,15,0,742.4556054,,,,,,,,,,,,,,,,,,,,,,,,,,,,,,,,,,,,,,,,,,,,,,,,,,,,,,,,,,,,,,,,,,,,,,,,,,,,,,,,,,,,,,,,,,,,,742.4436332,742.4556054,742.4556054,742.4556054,742.6386769000005,None,,,,,,,,,,,,,,,,,,,,,,,,,,,,,,,,P7350,Bar_MIC,10,1,2026-05-15_14h49.41.843,MIC_task,,2026.1.2,60.04138051946148,2026-05-15 14h49.44.746353 +0200,
,,16,0,16,,,,,,,10,c18,zokni,sock,3,clothes,footwear,5.6,74,20,35,None,"(-0.1, -0.1)",None,,,,,,,,,,,,,,1,0,1,0,0,11,11,11,16,0,16,0,742.6560007000003,,,,,,,,,,,,,,,,,,,,,,,,,,,,,,,,,,,,,,,,,,,,,,,,,,,,,,,,,,,,,,,,,,,,,,,,,,,,,,,,,,,,,,,,,,,,,742.6433639000002,742.6560007000003,742.6560007000003,742.6560007000003,742.8400895999998,None,,,,,,,,,,,,,,,,,,,,,,,,,,,,,,,,P7350,Bar_MIC,10,1,2026-05-15_14h49.41.843,MIC_task,,2026.1.2,60.04138051946148,2026-05-15 14h49.44.746353 +0200,
,,17,0,17,,,,,,,10,c18,zokni,sock,3,clothes,footwear,5.6,74,20,35,None,"(-0.1, -0.1)",None,,,,,,,,,,,,,,1,0,1,0,0,11,11,11,17,0,17,0,742.8555713999999,,,,,,,,,,,,,,,,,,,,,,,,,,,,,,,,,,,,,,,,,,,,,,,,,,,,,,,,,,,,,,,,,,,,,,,,,,,,,,,,,,,,,,,,,,,,,742.8449151999998,742.8555713999999,742.8555713999999,742.8555713999999,743.0408250000005,None,,,,,,,,,,,,,,,,,,,,,,,,,,,,,,,,P7350,Bar_MIC,10,1,2026-05-15_14h49.41.843,MIC_task,,2026.1.2,60.04138051946148,2026-05-15 14h49.44.746353 +0200,
,,18,0,18,,,,,,,10,c18,zokni,sock,3,clothes,footwear,5.6,74,20,35,None,"(-0.1, -0.1)",None,,,,,,,,,,,,,,1,0,1,0,0,11,11,11,18,0,18,0,743.0559517000006,,,,,,,,,,,,,,,,,,,,,,,,,,,,,,,,,,,,,,,,,,,,,,,,,,,,,,,,,,,,,,,,,,,,,,,,,,,,,,,,,,,,,,,,,,,,,743.0456622000006,743.0559517000006,743.0559517000006,743.0559517000006,743.2397823000006,None,,,,,,,,,,,,,,,,,,,,,,,,,,,,,,,,P7350,Bar_MIC,10,1,2026-05-15_14h49.41.843,MIC_task,,2026.1.2,60.04138051946148,2026-05-15 14h49.44.746353 +0200,
,,19,0,19,,,,,,,10,c18,zokni,sock,3,clothes,footwear,5.6,74,20,35,None,"(-0.1, -0.1)",space,0.15319279999948776,None,,,,,,,,,,,,1,0,1,0,0,11,11,11,19,0,19,0,743.2564200000002,,,,,,,,,,,,,,,,,,,,,,,,,,,,,,,,,,,,,,,,,,,,,,,,,,,,,,,,,,,,,,,,,,,,,,,,,,,,,,,,,,,,,,,,,,,,,743.2441423000005,743.2564200000002,743.2564200000002,743.2564200000002,743.4244568999998,space,0.15319279999948776,None,,,,,,,,,,,,,,,,,,,,,,,,,,,,,,P7350,Bar_MIC,10,1,2026-05-15_14h49.41.843,MIC_task,,2026.1.2,60.04138051946148,2026-05-15 14h49.44.746353 +0200,
,,11,11,0,,,,space,0.9703796000003422,None,10,c18,zokni,sock,3,clothes,footwear,5.6,74,20,35,None,"(-0.1, -0.1)",,,,,,,,,,,,,,,1,0,1,0,0,11,11,11,,,,,,,,,,,,,,,,,,,,,,,,,,,,,,,,,,,,,,,,,,,,,,,,,,,,,,,,,,,,,,,,,,,,,,,,,,,,,,,,,743.5168997000005,743.5246905999998,743.5233022000003,745.4263094000003,,,,,,747.4321790999998,747.4464835000003,747.4464835000003,748.4322539999998,,,,,,,,,,,,,745.4637259000006,745.4697645000001,745.4761622999997,747.3460531000005,747.4320708999999,space,0.9703796000003422,None,,,,,,,,,,,,,,,,,,,,,,P7350,Bar_MIC,10,1,2026-05-15_14h49.41.843,MIC_task,,2026.1.2,60.04138051946148,2026-05-15 14h49.44.746353 +0200,
,,0,0,0,,,,,,,10,t01,fogkefe,toothbrush,8,tools,bathroom,6.8,17,None,51,None,"(0.1, 0)",None,,,,,,,,,,,,,,1,0,1,0,0,12,12,12,0,0,0,0,748.4477394,,,,,,,,,,,,,,,,,,,,,,,,,,,,,,,,,,,,,,,,,,,,,,,,,,,,,,,,,,,,,,,,,,,,,,,,,,,,,,,,,,,,,,,,,,,,,748.4364454000001,748.4477394,748.4477394,748.4477394,748.6322419000003,None,,,,,,,,,,,748.6481937000003,748.6481937000003,748.6481937000003,,,,,,,,,,,,,,,,,,,P7350,Bar_MIC,10,1,2026-05-15_14h49.41.843,MIC_task,,2026.1.2,60.04138051946148,2026-05-15 14h49.44.746353 +0200,
,,0,0,0,,,,,,,10,t01,fogkefe,toothbrush,8,tools,bathroom,6.8,17,None,51,None,"(0.1, 0)",None,,,,,,,,,,,,,,1,0,1,0,0,12,12,12,0,0,0,0,748.6481937000003,,,,,,,,,,,,,,,,,,,,,,,,,,,,,,,,,,,,,,,,,,,,,,,,,,,,,,,,,,,,,,,,,,,,,,,,,,,,,,,,,,,,,,,,,,,,,748.6361786000002,748.6481937000003,748.6481937000003,748.6481937000003,748.8328569999999,None,,,,,,,,,,,,,,,,,,,,,,,,,,,,,,,,P7350,Bar_MIC,10,1,2026-05-15_14h49.41.843,MIC_task,,2026.1.2,60.04138051946148,2026-05-15 14h49.44.746353 +0200,
,,1,0,1,,,,,,,10,t01,fogkefe,toothbrush,8,tools,bathroom,6.8,17,None,51,None,"(0.1, 0)",None,,,,,,,,,,,,,,1,0,1,0,0,12,12,12,1,0,1,0,748.8485052000001,,,,,,,,,,,,,,,,,,,,,,,,,,,,,,,,,,,,,,,,,,,,,,,,,,,,,,,,,,,,,,,,,,,,,,,,,,,,,,,,,,,,,,,,,,,,,748.8369533999999,748.8485052000001,748.8485052000001,748.8485052000001,749.0330419000006,None,,,,,,,,,,,,,,,,,,,,,,,,,,,,,,,,P7350,Bar_MIC,10,1,2026-05-15_14h49.41.843,MIC_task,,2026.1.2,60.04138051946148,2026-05-15 14h49.44.746353 +0200,
,,2,0,2,,,,,,,10,t01,fogkefe,toothbrush,8,tools,bathroom,6.8,17,None,51,None,"(0.1, 0)",None,,,,,,,,,,,,,,1,0,1,0,0,12,12,12,2,0,2,0,749.0490500999999,,,,,,,,,,,,,,,,,,,,,,,,,,,,,,,,,,,,,,,,,,,,,,,,,,,,,,,,,,,,,,,,,,,,,,,,,,,,,,,,,,,,,,,,,,,,,749.0369677000003,749.0490500999999,749.0490500999999,749.0490500999999,749.2331599000004,None,,,,,,,,,,,,,,,,,,,,,,,,,,,,,,,,P7350,Bar_MIC,10,1,2026-05-15_14h49.41.843,MIC_task,,2026.1.2,60.04138051946148,2026-05-15 14h49.44.746353 +0200,
,,3,0,3,,,,,,,10,t01,fogkefe,toothbrush,8,tools,bathroom,6.8,17,None,51,None,"(0.1, 0)",None,,,,,,,,,,,,,,1,0,1,0,0,12,12,12,3,0,3,0,749.2493949000004,,,,,,,,,,,,,,,,,,,,,,,,,,,,,,,,,,,,,,,,,,,,,,,,,,,,,,,,,,,,,,,,,,,,,,,,,,,,,,,,,,,,,,,,,,,,,749.2370274999998,749.2493949000004,749.2493949000004,749.2493949000004,749.4338613000004,None,,,,,,,,,,,,,,,,,,,,,,,,,,,,,,,,P7350,Bar_MIC,10,1,2026-05-15_14h49.41.843,MIC_task,,2026.1.2,60.04138051946148,2026-05-15 14h49.44.746353 +0200,
,,4,0,4,,,,,,,10,t01,fogkefe,toothbrush,8,tools,bathroom,6.8,17,None,51,None,"(0.1, 0)",None,,,,,,,,,,,,,,1,0,1,0,0,12,12,12,4,0,4,0,749.4489046000003,,,,,,,,,,,,,,,,,,,,,,,,,,,,,,,,,,,,,,,,,,,,,,,,,,,,,,,,,,,,,,,,,,,,,,,,,,,,,,,,,,,,,,,,,,,,,749.4380572000005,749.4489046000003,749.4489046000003,749.4489046000003,749.6340596000005,None,,,,,,,,,,,,,,,,,,,,,,,,,,,,,,,,P7350,Bar_MIC,10,1,2026-05-15_14h49.41.843,MIC_task,,2026.1.2,60.04138051946148,2026-05-15 14h49.44.746353 +0200,
,,5,0,5,,,,,,,10,t01,fogkefe,toothbrush,8,tools,bathroom,6.8,17,None,51,None,"(0.1, 0)",None,,,,,,,,,,,,,,1,0,1,0,0,12,12,12,5,0,5,0,749.6505228999999,,,,,,,,,,,,,,,,,,,,,,,,,,,,,,,,,,,,,,,,,,,,,,,,,,,,,,,,,,,,,,,,,,,,,,,,,,,,,,,,,,,,,,,,,,,,,749.6378328000005,749.6505228999999,749.6505228999999,749.6505228999999,749.8337836000005,None,,,,,,,,,,,,,,,,,,,,,,,,,,,,,,,,P7350,Bar_MIC,10,1,2026-05-15_14h49.41.843,MIC_task,,2026.1.2,60.04138051946148,2026-05-15 14h49.44.746353 +0200,
,,6,0,6,,,,,,,10,t01,fogkefe,toothbrush,8,tools,bathroom,6.8,17,None,51,None,"(0.1, 0)",None,,,,,,,,,,,,,,1,0,1,0,0,12,12,12,6,0,6,0,749.8496040000005,,,,,,,,,,,,,,,,,,,,,,,,,,,,,,,,,,,,,,,,,,,,,,,,,,,,,,,,,,,,,,,,,,,,,,,,,,,,,,,,,,,,,,,,,,,,,749.8374942000005,749.8496040000005,749.8496040000005,749.8496040000005,750.0334336000001,None,,,,,,,,,,,,,,,,,,,,,,,,,,,,,,,,P7350,Bar_MIC,10,1,2026-05-15_14h49.41.843,MIC_task,,2026.1.2,60.04138051946148,2026-05-15 14h49.44.746353 +0200,
,,7,0,7,,,,,,,10,t01,fogkefe,toothbrush,8,tools,bathroom,6.8,17,None,51,None,"(0.1, 0)",None,,,,,,,,,,,,,,1,0,1,0,0,12,12,12,7,0,7,0,750.0499863,,,,,,,,,,,,,,,,,,,,,,,,,,,,,,,,,,,,,,,,,,,,,,,,,,,,,,,,,,,,,,,,,,,,,,,,,,,,,,,,,,,,,,,,,,,,,750.0374262999999,750.0499863,750.0499863,750.0499863,750.2345828000002,None,,,,,,,,,,,,,,,,,,,,,,,,,,,,,,,,P7350,Bar_MIC,10,1,2026-05-15_14h49.41.843,MIC_task,,2026.1.2,60.04138051946148,2026-05-15 14h49.44.746353 +0200,
,,8,0,8,,,,,,,10,t01,fogkefe,toothbrush,8,tools,bathroom,6.8,17,None,51,None,"(0.1, 0)",None,,,,,,,,,,,,,,1,0,1,0,0,12,12,12,8,0,8,0,750.2504312000005,,,,,,,,,,,,,,,,,,,,,,,,,,,,,,,,,,,,,,,,,,,,,,,,,,,,,,,,,,,,,,,,,,,,,,,,,,,,,,,,,,,,,,,,,,,,,750.2388665000003,750.2504312000005,750.2504312000005,750.2504312000005,750.4342471000004,None,,,,,,,,,,,,,,,,,,,,,,,,,,,,,,,,P7350,Bar_MIC,10,1,2026-05-15_14h49.41.843,MIC_task,,2026.1.2,60.04138051946148,2026-05-15 14h49.44.746353 +0200,
,,9,0,9,,,,,,,10,t01,fogkefe,toothbrush,8,tools,bathroom,6.8,17,None,51,None,"(0.1, 0)",None,,,,,,,,,,,,,,1,0,1,0,0,12,12,12,9,0,9,0,750.4507896999999,,,,,,,,,,,,,,,,,,,,,,,,,,,,,,,,,,,,,,,,,,,,,,,,,,,,,,,,,,,,,,,,,,,,,,,,,,,,,,,,,,,,,,,,,,,,,750.4381484999999,750.4507896999999,750.4507896999999,750.4507896999999,750.6346720000006,None,,,,,,,,,,,,,,,,,,,,,,,,,,,,,,,,P7350,Bar_MIC,10,1,2026-05-15_14h49.41.843,MIC_task,,2026.1.2,60.04138051946148,2026-05-15 14h49.44.746353 +0200,
,,10,0,10,,,,,,,10,t01,fogkefe,toothbrush,8,tools,bathroom,6.8,17,None,51,None,"(0.1, 0)",None,,,,,,,,,,,,,,1,0,1,0,0,12,12,12,10,0,10,0,750.6511677000003,,,,,,,,,,,,,,,,,,,,,,,,,,,,,,,,,,,,,,,,,,,,,,,,,,,,,,,,,,,,,,,,,,,,,,,,,,,,,,,,,,,,,,,,,,,,,750.6388909000002,750.6511677000003,750.6511677000003,750.6511677000003,750.8349807,None,,,,,,,,,,,,,,,,,,,,,,,,,,,,,,,,P7350,Bar_MIC,10,1,2026-05-15_14h49.41.843,MIC_task,,2026.1.2,60.04138051946148,2026-05-15 14h49.44.746353 +0200,
,,11,0,11,,,,,,,10,t01,fogkefe,toothbrush,8,tools,bathroom,6.8,17,None,51,None,"(0.1, 0)",None,,,,,,,,,,,,,,1,0,1,0,0,12,12,12,11,0,11,0,750.8514580000005,,,,,,,,,,,,,,,,,,,,,,,,,,,,,,,,,,,,,,,,,,,,,,,,,,,,,,,,,,,,,,,,,,,,,,,,,,,,,,,,,,,,,,,,,,,,,750.8388362000001,750.8514580000005,750.8514580000005,750.8514580000005,751.0353830999998,None,,,,,,,,,,,,,,,,,,,,,,,,,,,,,,,,P7350,Bar_MIC,10,1,2026-05-15_14h49.41.843,MIC_task,,2026.1.2,60.04138051946148,2026-05-15 14h49.44.746353 +0200,
,,12,0,12,,,,,,,10,t01,fogkefe,toothbrush,8,tools,bathroom,6.8,17,None,51,None,"(0.1, 0)",None,,,,,,,,,,,,,,1,0,1,0,0,12,12,12,12,0,12,0,751.0519992000004,,,,,,,,,,,,,,,,,,,,,,,,,,,,,,,,,,,,,,,,,,,,,,,,,,,,,,,,,,,,,,,,,,,,,,,,,,,,,,,,,,,,,,,,,,,,,751.0393235000006,751.0519992000004,751.0519992000004,751.0519992000004,751.2355454000003,None,,,,,,,,,,,,,,,,,,,,,,,,,,,,,,,,P7350,Bar_MIC,10,1,2026-05-15_14h49.41.843,MIC_task,,2026.1.2,60.04138051946148,2026-05-15 14h49.44.746353 +0200,
,,13,0,13,,,,,,,10,t01,fogkefe,toothbrush,8,tools,bathroom,6.8,17,None,51,None,"(0.1, 0)",None,,,,,,,,,,,,,,1,0,1,0,0,12,12,12,13,0,13,0,751.2523012000006,,,,,,,,,,,,,,,,,,,,,,,,,,,,,,,,,,,,,,,,,,,,,,,,,,,,,,,,,,,,,,,,,,,,,,,,,,,,,,,,,,,,,,,,,,,,,751.2397411000006,751.2523012000006,751.2523012000006,751.2523012000006,751.4365210999999,None,,,,,,,,,,,,,,,,,,,,,,,,,,,,,,,,P7350,Bar_MIC,10,1,2026-05-15_14h49.41.843,MIC_task,,2026.1.2,60.04138051946148,2026-05-15 14h49.44.746353 +0200,
,,14,0,14,,,,,,,10,t01,fogkefe,toothbrush,8,tools,bathroom,6.8,17,None,51,None,"(0.1, 0)",None,,,,,,,,,,,,,,1,0,1,0,0,12,12,12,14,0,14,0,751.4526259999998,,,,,,,,,,,,,,,,,,,,,,,,,,,,,,,,,,,,,,,,,,,,,,,,,,,,,,,,,,,,,,,,,,,,,,,,,,,,,,,,,,,,,,,,,,,,,751.4403431000005,751.4526259999998,751.4526259999998,751.4526259999998,751.6365682,None,,,,,,,,,,,,,,,,,,,,,,,,,,,,,,,,P7350,Bar_MIC,10,1,2026-05-15_14h49.41.843,MIC_task,,2026.1.2,60.04138051946148,2026-05-15 14h49.44.746353 +0200,
,,15,0,15,,,,,,,10,t01,fogkefe,toothbrush,8,tools,bathroom,6.8,17,None,51,None,"(0.1, 0)",None,,,,,,,,,,,,,,1,0,1,0,0,12,12,12,15,0,15,0,751.6530838000003,,,,,,,,,,,,,,,,,,,,,,,,,,,,,,,,,,,,,,,,,,,,,,,,,,,,,,,,,,,,,,,,,,,,,,,,,,,,,,,,,,,,,,,,,,,,,751.6407266000001,751.6530838000003,751.6530838000003,751.6530838000003,751.8360033000004,None,,,,,,,,,,,,,,,,,,,,,,,,,,,,,,,,P7350,Bar_MIC,10,1,2026-05-15_14h49.41.843,MIC_task,,2026.1.2,60.04138051946148,2026-05-15 14h49.44.746353 +0200,
,,16,0,16,,,,,,,10,t01,fogkefe,toothbrush,8,tools,bathroom,6.8,17,None,51,None,"(0.1, 0)",None,,,,,,,,,,,,,,1,0,1,0,0,12,12,12,16,0,16,0,751.8526215000006,,,,,,,,,,,,,,,,,,,,,,,,,,,,,,,,,,,,,,,,,,,,,,,,,,,,,,,,,,,,,,,,,,,,,,,,,,,,,,,,,,,,,,,,,,,,,751.8402173999998,751.8526215000006,751.8526215000006,751.8526215000006,752.0362857000005,None,,,,,,,,,,,,,,,,,,,,,,,,,,,,,,,,P7350,Bar_MIC,10,1,2026-05-15_14h49.41.843,MIC_task,,2026.1.2,60.04138051946148,2026-05-15 14h49.44.746353 +0200,
,,17,0,17,,,,,,,10,t01,fogkefe,toothbrush,8,tools,bathroom,6.8,17,None,51,None,"(0.1, 0)",None,,,,,,,,,,,,,,1,0,1,0,0,12,12,12,17,0,17,0,752.0529557000004,,,,,,,,,,,,,,,,,,,,,,,,,,,,,,,,,,,,,,,,,,,,,,,,,,,,,,,,,,,,,,,,,,,,,,,,,,,,,,,,,,,,,,,,,,,,,752.0399739,752.0529557000004,752.0529557000004,752.0529557000004,752.2383064999999,None,,,,,,,,,,,,,,,,,,,,,,,,,,,,,,,,P7350,Bar_MIC,10,1,2026-05-15_14h49.41.843,MIC_task,,2026.1.2,60.04138051946148,2026-05-15 14h49.44.746353 +0200,
,,18,0,18,,,,,,,10,t01,fogkefe,toothbrush,8,tools,bathroom,6.8,17,None,51,None,"(0.1, 0)",None,,,,,,,,,,,,,,1,0,1,0,0,12,12,12,18,0,18,0,752.2542054999999,,,,,,,,,,,,,,,,,,,,,,,,,,,,,,,,,,,,,,,,,,,,,,,,,,,,,,,,,,,,,,,,,,,,,,,,,,,,,,,,,,,,,,,,,,,,,752.2423512999999,752.2542054999999,752.2542054999999,752.2542054999999,752.4382019,None,,,,,,,,,,,,,,,,,,,,,,,,,,,,,,,,P7350,Bar_MIC,10,1,2026-05-15_14h49.41.843,MIC_task,,2026.1.2,60.04138051946148,2026-05-15 14h49.44.746353 +0200,
,,19,0,19,,,,,,,10,t01,fogkefe,toothbrush,8,tools,bathroom,6.8,17,None,51,None,"(0.1, 0)",None,,,,,,,,,,,,,,1,0,1,0,0,12,12,12,19,0,19,0,752.4536426,,,,,,,,,,,,,,,,,,,,,,,,,,,,,,,,,,,,,,,,,,,,,,,,,,,,,,,,,,,,,,,,,,,,,,,,,,,,,,,,,,,,,,,,,,,,,752.4422103000002,752.4536426,752.4536426,752.4536426,752.6374606000004,None,,,,,,,,,,,,,,,,,,,,,,,,,,,,,,,,P7350,Bar_MIC,10,1,2026-05-15_14h49.41.843,MIC_task,,2026.1.2,60.04138051946148,2026-05-15 14h49.44.746353 +0200,
,,20,0,20,,,,,,,10,t01,fogkefe,toothbrush,8,tools,bathroom,6.8,17,None,51,None,"(0.1, 0)",None,,,,,,,,,,,,,,1,0,1,0,0,12,12,12,20,0,20,0,752.6540701999998,,,,,,,,,,,,,,,,,,,,,,,,,,,,,,,,,,,,,,,,,,,,,,,,,,,,,,,,,,,,,,,,,,,,,,,,,,,,,,,,,,,,,,,,,,,,,752.6413451000003,752.6540701999998,752.6540701999998,752.6540701999998,752.8378658000006,None,,,,,,,,,,,,,,,,,,,,,,,,,,,,,,,,P7350,Bar_MIC,10,1,2026-05-15_14h49.41.843,MIC_task,,2026.1.2,60.04138051946148,2026-05-15 14h49.44.746353 +0200,
,,21,0,21,,,,,,,10,t01,fogkefe,toothbrush,8,tools,bathroom,6.8,17,None,51,None,"(0.1, 0)",None,,,,,,,,,,,,,,1,0,1,0,0,12,12,12,21,0,21,0,752.8544597000005,,,,,,,,,,,,,,,,,,,,,,,,,,,,,,,,,,,,,,,,,,,,,,,,,,,,,,,,,,,,,,,,,,,,,,,,,,,,,,,,,,,,,,,,,,,,,752.8420184000001,752.8544597000005,752.8544597000005,752.8544597000005,753.0384720000006,None,,,,,,,,,,,,,,,,,,,,,,,,,,,,,,,,P7350,Bar_MIC,10,1,2026-05-15_14h49.41.843,MIC_task,,2026.1.2,60.04138051946148,2026-05-15 14h49.44.746353 +0200,
,,22,0,22,,,,,,,10,t01,fogkefe,toothbrush,8,tools,bathroom,6.8,17,None,51,None,"(0.1, 0)",None,,,,,,,,,,,,,,1,0,1,0,0,12,12,12,22,0,22,0,753.0548573000001,,,,,,,,,,,,,,,,,,,,,,,,,,,,,,,,,,,,,,,,,,,,,,,,,,,,,,,,,,,,,,,,,,,,,,,,,,,,,,,,,,,,,,,,,,,,,753.0421517999998,753.0548573000001,753.0548573000001,753.0548573000001,753.2386404000003,None,,,,,,,,,,,,,,,,,,,,,,,,,,,,,,,,P7350,Bar_MIC,10,1,2026-05-15_14h49.41.843,MIC_task,,2026.1.2,60.04138051946148,2026-05-15 14h49.44.746353 +0200,
,,23,0,23,,,,,,,10,t01,fogkefe,toothbrush,8,tools,bathroom,6.8,17,None,51,None,"(0.1, 0)",None,,,,,,,,,,,,,,1,0,1,0,0,12,12,12,23,0,23,0,753.2552474999998,,,,,,,,,,,,,,,,,,,,,,,,,,,,,,,,,,,,,,,,,,,,,,,,,,,,,,,,,,,,,,,,,,,,,,,,,,,,,,,,,,,,,,,,,,,,,753.2427769000001,753.2552474999998,753.2552474999998,753.2552474999998,753.4395177000001,None,,,,,,,,,,,,,,,,,,,,,,,,,,,,,,,,P7350,Bar_MIC,10,1,2026-05-15_14h49.41.843,MIC_task,,2026.1.2,60.04138051946148,2026-05-15 14h49.44.746353 +0200,
,,24,0,24,,,,,,,10,t01,fogkefe,toothbrush,8,tools,bathroom,6.8,17,None,51,None,"(0.1, 0)",None,,,,,,,,,,,,,,1,0,1,0,0,12,12,12,24,0,24,0,753.4557123999998,,,,,,,,,,,,,,,,,,,,,,,,,,,,,,,,,,,,,,,,,,,,,,,,,,,,,,,,,,,,,,,,,,,,,,,,,,,,,,,,,,,,,,,,,,,,,753.4434311,753.4557123999998,753.4557123999998,753.4557123999998,753.6396368999999,None,,,,,,,,,,,,,,,,,,,,,,,,,,,,,,,,P7350,Bar_MIC,10,1,2026-05-15_14h49.41.843,MIC_task,,2026.1.2,60.04138051946148,2026-05-15 14h49.44.746353 +0200,
,,25,0,25,,,,,,,10,t01,fogkefe,toothbrush,8,tools,bathroom,6.8,17,None,51,None,"(0.1, 0)",None,,,,,,,,,,,,,,1,0,1,0,0,12,12,12,25,0,25,0,753.6561471,,,,,,,,,,,,,,,,,,,,,,,,,,,,,,,,,,,,,,,,,,,,,,,,,,,,,,,,,,,,,,,,,,,,,,,,,,,,,,,,,,,,,,,,,,,,,753.6436937000003,753.6561471,753.6561471,753.6561471,753.8397879999998,None,,,,,,,,,,,,,,,,,,,,,,,,,,,,,,,,P7350,Bar_MIC,10,1,2026-05-15_14h49.41.843,MIC_task,,2026.1.2,60.04138051946148,2026-05-15 14h49.44.746353 +0200,
,,26,0,26,,,,,,,10,t01,fogkefe,toothbrush,8,tools,bathroom,6.8,17,None,51,None,"(0.1, 0)",None,,,,,,,,,,,,,,1,0,1,0,0,12,12,12,26,0,26,0,753.8564037000001,,,,,,,,,,,,,,,,,,,,,,,,,,,,,,,,,,,,,,,,,,,,,,,,,,,,,,,,,,,,,,,,,,,,,,,,,,,,,,,,,,,,,,,,,,,,,753.8437045000005,753.8564037000001,753.8564037000001,753.8564037000001,754.0406212000003,None,,,,,,,,,,,,,,,,,,,,,,,,,,,,,,,,P7350,Bar_MIC,10,1,2026-05-15_14h49.41.843,MIC_task,,2026.1.2,60.04138051946148,2026-05-15 14h49.44.746353 +0200,
,,27,0,27,,,,,,,10,t01,fogkefe,toothbrush,8,tools,bathroom,6.8,17,None,51,None,"(0.1, 0)",space,0.04016059999958088,None,,,,,,,,,,,,1,0,1,0,0,12,12,12,27,0,27,0,754.0572290000005,,,,,,,,,,,,,,,,,,,,,,,,,,,,,,,,,,,,,,,,,,,,,,,,,,,,,,,,,,,,,,,,,,,,,,,,,,,,,,,,,,,,,,,,,,,,,754.0449094,754.0572290000005,754.0572290000005,754.0572290000005,754.1073735000004,space,0.04016059999958088,None,,,,,,,,,,,,,,,,,,,,,,,,,,,,,,P7350,Bar_MIC,10,1,2026-05-15_14h49.41.843,MIC_task,,2026.1.2,60.04138051946148,2026-05-15 14h49.44.746353 +0200,
,,12,12,0,,,,space,3.024301800000103,None,10,t01,fogkefe,toothbrush,8,tools,bathroom,6.8,17,None,51,None,"(0.1, 0)",,,,,,,,,,,,,,,1,0,1,0,0,12,12,12,,,,,,,,,,,,,,,,,,,,,,,,,,,,,,,,,,,,,,,,,,,,,,,,,,,,,,,,,,,,,,,,,,,,,,,,,,,,,,,,,754.1988006000006,754.2084316000005,754.2062376000005,756.1094429999998,,,,,,758.1134604000003,758.1289124,758.1289124,761.1685109000005,,,,,,,,,,,,,756.1410958000001,756.1469173,756.1425578333337,758.0301515000006,758.1133977000004,space,3.024301800000103,None,,,,,,,,,,,,,,,,,,,,,,P7350,Bar_MIC,10,1,2026-05-15_14h49.41.843,MIC_task,,2026.1.2,60.04138051946148,2026-05-15 14h49.44.746353 +0200,
,,0,0,0,,,,,,,10,b13,agy,brain,2,bodypart,organ,5.6,337,None,69,None,"(0, 0)",None,,,,,,,,,,,,,,1,0,1,0,0,13,13,13,0,0,0,0,761.1844452999999,,,,,,,,,,,,,,,,,,,,,,,,,,,,,,,,,,,,,,,,,,,,,,,,,,,,,,,,,,,,,,,,,,,,,,,,,,,,,,,,,,,,,,,,,,,,,761.1736194999999,761.1844452999999,761.1844452999999,761.1844452999999,761.3684143000005,None,,,,,,,,,,,761.3843480999999,761.3843480999999,761.3843480999999,,,,,,,,,,,,,,,,,,,P7350,Bar_MIC,10,1,2026-05-15_14h49.41.843,MIC_task,,2026.1.2,60.04138051946148,2026-05-15 14h49.44.746353 +0200,
,,0,0,0,,,,,,,10,b13,agy,brain,2,bodypart,organ,5.6,337,None,69,None,"(0, 0)",None,,,,,,,,,,,,,,1,0,1,0,0,13,13,13,0,0,0,0,761.3843480999999,,,,,,,,,,,,,,,,,,,,,,,,,,,,,,,,,,,,,,,,,,,,,,,,,,,,,,,,,,,,,,,,,,,,,,,,,,,,,,,,,,,,,,,,,,,,,761.3729500000004,761.3843480999999,761.3843480999999,761.3843480999999,761.5690079000001,None,,,,,,,,,,,,,,,,,,,,,,,,,,,,,,,,P7350,Bar_MIC,10,1,2026-05-15_14h49.41.843,MIC_task,,2026.1.2,60.04138051946148,2026-05-15 14h49.44.746353 +0200,
,,1,0,1,,,,,,,10,b13,agy,brain,2,bodypart,organ,5.6,337,None,69,None,"(0, 0)",None,,,,,,,,,,,,,,1,0,1,0,0,13,13,13,1,0,1,0,761.5839128000002,,,,,,,,,,,,,,,,,,,,,,,,,,,,,,,,,,,,,,,,,,,,,,,,,,,,,,,,,,,,,,,,,,,,,,,,,,,,,,,,,,,,,,,,,,,,,761.5742850000001,761.5839128000002,761.5839128000002,761.5839128000002,761.7697073000004,None,,,,,,,,,,,,,,,,,,,,,,,,,,,,,,,,P7350,Bar_MIC,10,1,2026-05-15_14h49.41.843,MIC_task,,2026.1.2,60.04138051946148,2026-05-15 14h49.44.746353 +0200,
,,2,0,2,,,,,,,10,b13,agy,brain,2,bodypart,organ,5.6,337,None,69,None,"(0, 0)",None,,,,,,,,,,,,,,1,0,1,0,0,13,13,13,2,0,2,0,761.7843812000006,,,,,,,,,,,,,,,,,,,,,,,,,,,,,,,,,,,,,,,,,,,,,,,,,,,,,,,,,,,,,,,,,,,,,,,,,,,,,,,,,,,,,,,,,,,,,761.7744116999997,761.7843812000006,761.7843812000006,761.7843812000006,761.9688799,None,,,,,,,,,,,761.9847260000001,761.9847260000001,761.9847260000001,,,,,,,,,,,,,,,,,,,P7350,Bar_MIC,10,1,2026-05-15_14h49.41.843,MIC_task,,2026.1.2,60.04138051946148,2026-05-15 14h49.44.746353 +0200,
,,3,0,3,,,,,,,10,b13,agy,brain,2,bodypart,organ,5.6,337,None,69,None,"(0, 0)",None,,,,,,,,,,,,,,1,0,1,0,0,13,13,13,3,0,3,0,761.9847260000001,,,,,,,,,,,,,,,,,,,,,,,,,,,,,,,,,,,,,,,,,,,,,,,,,,,,,,,,,,,,,,,,,,,,,,,,,,,,,,,,,,,,,,,,,,,,,761.9732600000002,761.9847260000001,761.9847260000001,761.9847260000001,762.1715700999998,None,,,,,,,,,,,,,,,,,,,,,,,,,,,,,,,,P7350,Bar_MIC,10,1,2026-05-15_14h49.41.843,MIC_task,,2026.1.2,60.04138051946148,2026-05-15 14h49.44.746353 +0200,
,,4,0,4,,,,,,,10,b13,agy,brain,2,bodypart,organ,5.6,337,None,69,None,"(0, 0)",None,,,,,,,,,,,,,,1,0,1,0,0,13,13,13,4,0,4,0,762.1850903999998,,,,,,,,,,,,,,,,,,,,,,,,,,,,,,,,,,,,,,,,,,,,,,,,,,,,,,,,,,,,,,,,,,,,,,,,,,,,,,,,,,,,,,,,,,,,,762.1763606,762.1850903999998,762.1850903999998,762.1850903999998,762.3689622000006,None,,,,,,,,,,,,,,,,,,,,,,,,,,,,,,,,P7350,Bar_MIC,10,1,2026-05-15_14h49.41.843,MIC_task,,2026.1.2,60.04138051946148,2026-05-15 14h49.44.746353 +0200,
,,5,0,5,,,,,,,10,b13,agy,brain,2,bodypart,organ,5.6,337,None,69,None,"(0, 0)",None,,,,,,,,,,,,,,1,0,1,0,0,13,13,13,5,0,5,0,762.3858537000001,,,,,,,,,,,,,,,,,,,,,,,,,,,,,,,,,,,,,,,,,,,,,,,,,,,,,,,,,,,,,,,,,,,,,,,,,,,,,,,,,,,,,,,,,,,,,762.3738440000002,762.3858537000001,762.3858537000001,762.3858537000001,762.5696297,None,,,,,,,,,,,,,,,,,,,,,,,,,,,,,,,,P7350,Bar_MIC,10,1,2026-05-15_14h49.41.843,MIC_task,,2026.1.2,60.04138051946148,2026-05-15 14h49.44.746353 +0200,
,,6,0,6,,,,,,,10,b13,agy,brain,2,bodypart,organ,5.6,337,None,69,None,"(0, 0)",None,,,,,,,,,,,,,,1,0,1,0,0,13,13,13,6,0,6,0,762.5862302999999,,,,,,,,,,,,,,,,,,,,,,,,,,,,,,,,,,,,,,,,,,,,,,,,,,,,,,,,,,,,,,,,,,,,,,,,,,,,,,,,,,,,,,,,,,,,,762.5746316999998,762.5862302999999,762.5862302999999,762.5862302999999,762.7697579000001,None,,,,,,,,,,,,,,,,,,,,,,,,,,,,,,,,P7350,Bar_MIC,10,1,2026-05-15_14h49.41.843,MIC_task,,2026.1.2,60.04138051946148,2026-05-15 14h49.44.746353 +0200,
,,7,0,7,,,,,,,10,b13,agy,brain,2,bodypart,organ,5.6,337,None,69,None,"(0, 0)",None,,,,,,,,,,,,,,1,0,1,0,0,13,13,13,7,0,7,0,762.7862557000003,,,,,,,,,,,,,,,,,,,,,,,,,,,,,,,,,,,,,,,,,,,,,,,,,,,,,,,,,,,,,,,,,,,,,,,,,,,,,,,,,,,,,,,,,,,,,762.7749710000003,762.7862557000003,762.7862557000003,762.7862557000003,762.9708759999999,None,,,,,,,,,,,,,,,,,,,,,,,,,,,,,,,,P7350,Bar_MIC,10,1,2026-05-15_14h49.41.843,MIC_task,,2026.1.2,60.04138051946148,2026-05-15 14h49.44.746353 +0200,
,,8,0,8,,,,,,,10,b13,agy,brain,2,bodypart,organ,5.6,337,None,69,None,"(0, 0)",None,,,,,,,,,,,,,,1,0,1,0,0,13,13,13,8,0,8,0,762.9866514,,,,,,,,,,,,,,,,,,,,,,,,,,,,,,,,,,,,,,,,,,,,,,,,,,,,,,,,,,,,,,,,,,,,,,,,,,,,,,,,,,,,,,,,,,,,,762.976126,762.9866514,762.9866514,762.9866514,763.1709577000006,None,,,,,,,,,,,,,,,,,,,,,,,,,,,,,,,,P7350,Bar_MIC,10,1,2026-05-15_14h49.41.843,MIC_task,,2026.1.2,60.04138051946148,2026-05-15 14h49.44.746353 +0200,
,,9,0,9,,,,,,,10,b13,agy,brain,2,bodypart,organ,5.6,337,None,69,None,"(0, 0)",None,,,,,,,,,,,,,,1,0,1,0,0,13,13,13,9,0,9,0,763.1872299000001,,,,,,,,,,,,,,,,,,,,,,,,,,,,,,,,,,,,,,,,,,,,,,,,,,,,,,,,,,,,,,,,,,,,,,,,,,,,,,,,,,,,,,,,,,,,,763.1756765000005,763.1872299000001,763.1872299000001,763.1872299000001,763.3708845000006,None,,,,,,,,,,,,,,,,,,,,,,,,,,,,,,,,P7350,Bar_MIC,10,1,2026-05-15_14h49.41.843,MIC_task,,2026.1.2,60.04138051946148,2026-05-15 14h49.44.746353 +0200,
,,10,0,10,,,,,,,10,b13,agy,brain,2,bodypart,organ,5.6,337,None,69,None,"(0, 0)",None,,,,,,,,,,,,,,1,0,1,0,0,13,13,13,10,0,10,0,763.3878970999999,,,,,,,,,,,,,,,,,,,,,,,,,,,,,,,,,,,,,,,,,,,,,,,,,,,,,,,,,,,,,,,,,,,,,,,,,,,,,,,,,,,,,,,,,,,,,763.3759575999998,763.3878970999999,763.3878970999999,763.3878970999999,763.5711058000002,None,,,,,,,,,,,,,,,,,,,,,,,,,,,,,,,,P7350,Bar_MIC,10,1,2026-05-15_14h49.41.843,MIC_task,,2026.1.2,60.04138051946148,2026-05-15 14h49.44.746353 +0200,
,,11,0,11,,,,,,,10,b13,agy,brain,2,bodypart,organ,5.6,337,None,69,None,"(0, 0)",None,,,,,,,,,,,,,,1,0,1,0,0,13,13,13,11,0,11,0,763.5878157000002,,,,,,,,,,,,,,,,,,,,,,,,,,,,,,,,,,,,,,,,,,,,,,,,,,,,,,,,,,,,,,,,,,,,,,,,,,,,,,,,,,,,,,,,,,,,,763.5760706000005,763.5878157000002,763.5878157000002,763.5878157000002,763.7719147000003,None,,,,,,,,,,,,,,,,,,,,,,,,,,,,,,,,P7350,Bar_MIC,10,1,2026-05-15_14h49.41.843,MIC_task,,2026.1.2,60.04138051946148,2026-05-15 14h49.44.746353 +0200,
,,12,0,12,,,,,,,10,b13,agy,brain,2,bodypart,organ,5.6,337,None,69,None,"(0, 0)",None,,,,,,,,,,,,,,1,0,1,0,0,13,13,13,12,0,12,0,763.7873350000004,,,,,,,,,,,,,,,,,,,,,,,,,,,,,,,,,,,,,,,,,,,,,,,,,,,,,,,,,,,,,,,,,,,,,,,,,,,,,,,,,,,,,,,,,,,,,763.7769253000001,763.7873350000004,763.7873350000004,763.7873350000004,763.9710498999998,None,,,,,,,,,,,,,,,,,,,,,,,,,,,,,,,,P7350,Bar_MIC,10,1,2026-05-15_14h49.41.843,MIC_task,,2026.1.2,60.04138051946148,2026-05-15 14h49.44.746353 +0200,
,,13,0,13,,,,,,,10,b13,agy,brain,2,bodypart,organ,5.6,337,None,69,None,"(0, 0)",None,,,,,,,,,,,,,,1,0,1,0,0,13,13,13,13,0,13,0,763.9885334000005,,,,,,,,,,,,,,,,,,,,,,,,,,,,,,,,,,,,,,,,,,,,,,,,,,,,,,,,,,,,,,,,,,,,,,,,,,,,,,,,,,,,,,,,,,,,,763.9756837999998,763.9885334000005,763.9885334000005,763.9885334000005,764.1725111000001,None,,,,,,,,,,,,,,,,,,,,,,,,,,,,,,,,P7350,Bar_MIC,10,1,2026-05-15_14h49.41.843,MIC_task,,2026.1.2,60.04138051946148,2026-05-15 14h49.44.746353 +0200,
,,14,0,14,,,,,,,10,b13,agy,brain,2,bodypart,organ,5.6,337,None,69,None,"(0, 0)",None,,,,,,,,,,,,,,1,0,1,0,0,13,13,13,14,0,14,0,764.1881544000003,,,,,,,,,,,,,,,,,,,,,,,,,,,,,,,,,,,,,,,,,,,,,,,,,,,,,,,,,,,,,,,,,,,,,,,,,,,,,,,,,,,,,,,,,,,,,764.1774259999997,764.1881544000003,764.1881544000003,764.1881544000003,764.3729593000003,None,,,,,,,,,,,,,,,,,,,,,,,,,,,,,,,,P7350,Bar_MIC,10,1,2026-05-15_14h49.41.843,MIC_task,,2026.1.2,60.04138051946148,2026-05-15 14h49.44.746353 +0200,
,,15,0,15,,,,,,,10,b13,agy,brain,2,bodypart,organ,5.6,337,None,69,None,"(0, 0)",None,,,,,,,,,,,,,,1,0,1,0,0,13,13,13,15,0,15,0,764.3884860000003,,,,,,,,,,,,,,,,,,,,,,,,,,,,,,,,,,,,,,,,,,,,,,,,,,,,,,,,,,,,,,,,,,,,,,,,,,,,,,,,,,,,,,,,,,,,,764.3783622000005,764.3884860000003,764.3884860000003,764.3884860000003,764.5735469000006,None,,,,,,,,,,,,,,,,,,,,,,,,,,,,,,,,P7350,Bar_MIC,10,1,2026-05-15_14h49.41.843,MIC_task,,2026.1.2,60.04138051946148,2026-05-15 14h49.44.746353 +0200,
,,16,0,16,,,,,,,10,b13,agy,brain,2,bodypart,organ,5.6,337,None,69,None,"(0, 0)",None,,,,,,,,,,,,,,1,0,1,0,0,13,13,13,16,0,16,0,764.5891346000003,,,,,,,,,,,,,,,,,,,,,,,,,,,,,,,,,,,,,,,,,,,,,,,,,,,,,,,,,,,,,,,,,,,,,,,,,,,,,,,,,,,,,,,,,,,,,764.5786112999999,764.5891346000003,764.5891346000003,764.5891346000003,764.7727688,None,,,,,,,,,,,,,,,,,,,,,,,,,,,,,,,,P7350,Bar_MIC,10,1,2026-05-15_14h49.41.843,MIC_task,,2026.1.2,60.04138051946148,2026-05-15 14h49.44.746353 +0200,
,,17,0,17,,,,,,,10,b13,agy,brain,2,bodypart,organ,5.6,337,None,69,None,"(0, 0)",None,,,,,,,,,,,,,,1,0,1,0,0,13,13,13,17,0,17,0,764.7893607000001,,,,,,,,,,,,,,,,,,,,,,,,,,,,,,,,,,,,,,,,,,,,,,,,,,,,,,,,,,,,,,,,,,,,,,,,,,,,,,,,,,,,,,,,,,,,,764.7775430000006,764.7893607000001,764.7893607000001,764.7893607000001,764.9732870000003,None,,,,,,,,,,,,,,,,,,,,,,,,,,,,,,,,P7350,Bar_MIC,10,1,2026-05-15_14h49.41.843,MIC_task,,2026.1.2,60.04138051946148,2026-05-15 14h49.44.746353 +0200,
,,18,0,18,,,,,,,10,b13,agy,brain,2,bodypart,organ,5.6,337,None,69,None,"(0, 0)",None,,,,,,,,,,,,,,1,0,1,0,0,13,13,13,18,0,18,0,764.9896695000002,,,,,,,,,,,,,,,,,,,,,,,,,,,,,,,,,,,,,,,,,,,,,,,,,,,,,,,,,,,,,,,,,,,,,,,,,,,,,,,,,,,,,,,,,,,,,764.9781855000006,764.9896695000002,764.9896695000002,764.9896695000002,765.1746217000004,None,,,,,,,,,,,,,,,,,,,,,,,,,,,,,,,,P7350,Bar_MIC,10,1,2026-05-15_14h49.41.843,MIC_task,,2026.1.2,60.04138051946148,2026-05-15 14h49.44.746353 +0200,
,,19,0,19,,,,,,,10,b13,agy,brain,2,bodypart,organ,5.6,337,None,69,None,"(0, 0)",None,,,,,,,,,,,,,,1,0,1,0,0,13,13,13,19,0,19,0,765.1901150999997,,,,,,,,,,,,,,,,,,,,,,,,,,,,,,,,,,,,,,,,,,,,,,,,,,,,,,,,,,,,,,,,,,,,,,,,,,,,,,,,,,,,,,,,,,,,,765.1797411000002,765.1901150999997,765.1901150999997,765.1901150999997,765.3739613000002,None,,,,,,,,,,,,,,,,,,,,,,,,,,,,,,,,P7350,Bar_MIC,10,1,2026-05-15_14h49.41.843,MIC_task,,2026.1.2,60.04138051946148,2026-05-15 14h49.44.746353 +0200,
,,20,0,20,,,,,,,10,b13,agy,brain,2,bodypart,organ,5.6,337,None,69,None,"(0, 0)",None,,,,,,,,,,,,,,1,0,1,0,0,13,13,13,20,0,20,0,765.3905528,,,,,,,,,,,,,,,,,,,,,,,,,,,,,,,,,,,,,,,,,,,,,,,,,,,,,,,,,,,,,,,,,,,,,,,,,,,,,,,,,,,,,,,,,,,,,765.3786160000004,765.3905528,765.3905528,765.3905528,765.5743346000004,None,,,,,,,,,,,,,,,,,,,,,,,,,,,,,,,,P7350,Bar_MIC,10,1,2026-05-15_14h49.41.843,MIC_task,,2026.1.2,60.04138051946148,2026-05-15 14h49.44.746353 +0200,
,,21,0,21,,,,,,,10,b13,agy,brain,2,bodypart,organ,5.6,337,None,69,None,"(0, 0)",space,0.04206090000025142,None,,,,,,,,,,,,1,0,1,0,0,13,13,13,21,0,21,0,765.5908917000002,,,,,,,,,,,,,,,,,,,,,,,,,,,,,,,,,,,,,,,,,,,,,,,,,,,,,,,,,,,,,,,,,,,,,,,,,,,,,,,,,,,,,,,,,,,,,765.5789768,765.5908917000002,765.5908917000002,765.5908917000002,765.6428685000005,space,0.04206090000025142,None,,,,,,,,,,,,,,,,,,,,,,,,,,,,,,P7350,Bar_MIC,10,1,2026-05-15_14h49.41.843,MIC_task,,2026.1.2,60.04138051946148,2026-05-15 14h49.44.746353 +0200,
,,13,13,0,,,,space,0.5778164000003017,None,10,b13,agy,brain,2,bodypart,organ,5.6,337,None,69,None,"(0, 0)",,,,,,,,,,,,,,,1,0,1,0,0,13,13,13,,,,,,,,,,,,,,,,,,,,,,,,,,,,,,,,,,,,,,,,,,,,,,,,,,,,,,,,,,,,,,,,,,,,,,,,,,,,,,,,,765.7361021000002,765.7440409000005,765.7410202000002,767.6444758000002,,,,,,769.6481515999999,769.6638564,769.6638564,770.2495713000003,,,,,,,,,,,,,767.6812632000006,767.6877119000005,767.6942363000001,769.5812430999999,769.6480886000004,space,0.5778164000003017,None,,,,,,,,,,,,,,,,,,,,,,P7350,Bar_MIC,10,1,2026-05-15_14h49.41.843,MIC_task,,2026.1.2,60.04138051946148,2026-05-15 14h49.44.746353 +0200,
,,0,0,0,,,,,,,10,a09,pingvin,penguin,1,animal,bird,6,13,25,68,None,"(-0.1, -0.1)",None,,,,,,,,,,,,,,1,0,1,0,0,14,14,14,0,0,0,0,770.2640593000001,,,,,,,,,,,,,,,,,,,,,,,,,,,,,,,,,,,,,,,,,,,,,,,,,,,,,,,,,,,,,,,,,,,,,,,,,,,,,,,,,,,,,,,,,,,,,770.2542269,770.2640593000001,770.2640593000001,770.2640593000001,770.4485347000004,None,,,,,,,,,,,770.4645715000001,770.4645715000001,770.4645715000001,,,,,,,,,,,,,,,,,,,P7350,Bar_MIC,10,1,2026-05-15_14h49.41.843,MIC_task,,2026.1.2,60.04138051946148,2026-05-15 14h49.44.746353 +0200,
,,0,0,0,,,,,,,10,a09,pingvin,penguin,1,animal,bird,6,13,25,68,None,"(-0.1, -0.1)",None,,,,,,,,,,,,,,1,0,1,0,0,14,14,14,0,0,0,0,770.4645715000001,,,,,,,,,,,,,,,,,,,,,,,,,,,,,,,,,,,,,,,,,,,,,,,,,,,,,,,,,,,,,,,,,,,,,,,,,,,,,,,,,,,,,,,,,,,,,770.4529046000002,770.4645715000001,770.4645715000001,770.4645715000001,770.6490049999998,None,,,,,,,,,,,770.6649468,770.6649468,770.6649468,,,,,,,,,,,,,,,,,,,P7350,Bar_MIC,10,1,2026-05-15_14h49.41.843,MIC_task,,2026.1.2,60.04138051946148,2026-05-15 14h49.44.746353 +0200,
,,1,0,1,,,,,,,10,a09,pingvin,penguin,1,animal,bird,6,13,25,68,None,"(-0.1, -0.1)",None,,,,,,,,,,,,,,1,0,1,0,0,14,14,14,1,0,1,0,770.6649468,,,,,,,,,,,,,,,,,,,,,,,,,,,,,,,,,,,,,,,,,,,,,,,,,,,,,,,,,,,,,,,,,,,,,,,,,,,,,,,,,,,,,,,,,,,,,770.6535845000003,770.6649468,770.6649468,770.6649468,770.8492558000003,None,,,,,,,,,,,770.8652914999998,770.8652914999998,770.8652914999998,,,,,,,,,,,,,,,,,,,P7350,Bar_MIC,10,1,2026-05-15_14h49.41.843,MIC_task,,2026.1.2,60.04138051946148,2026-05-15 14h49.44.746353 +0200,
,,2,0,2,,,,,,,10,a09,pingvin,penguin,1,animal,bird,6,13,25,68,None,"(-0.1, -0.1)",None,,,,,,,,,,,,,,1,0,1,0,0,14,14,14,2,0,2,0,770.8652914999998,,,,,,,,,,,,,,,,,,,,,,,,,,,,,,,,,,,,,,,,,,,,,,,,,,,,,,,,,,,,,,,,,,,,,,,,,,,,,,,,,,,,,,,,,,,,,770.8537634999998,770.8652914999998,770.8652914999998,770.8652914999998,771.0496599000003,None,,,,,,,,,,,771.0656438000001,771.0656438000001,771.0656438000001,,,,,,,,,,,,,,,,,,,P7350,Bar_MIC,10,1,2026-05-15_14h49.41.843,MIC_task,,2026.1.2,60.04138051946148,2026-05-15 14h49.44.746353 +0200,
,,3,0,3,,,,,,,10,a09,pingvin,penguin,1,animal,bird,6,13,25,68,None,"(-0.1, -0.1)",None,,,,,,,,,,,,,,1,0,1,0,0,14,14,14,3,0,3,0,771.0656438000001,,,,,,,,,,,,,,,,,,,,,,,,,,,,,,,,,,,,,,,,,,,,,,,,,,,,,,,,,,,,,,,,,,,,,,,,,,,,,,,,,,,,,,,,,,,,,771.0541837000005,771.0656438000001,771.0656438000001,771.0656438000001,771.2501044000005,None,,,,,,,,,,,771.2660226000003,771.2660226000003,771.2660226000003,,,,,,,,,,,,,,,,,,,P7350,Bar_MIC,10,1,2026-05-15_14h49.41.843,MIC_task,,2026.1.2,60.04138051946148,2026-05-15 14h49.44.746353 +0200,
,,4,0,4,,,,,,,10,a09,pingvin,penguin,1,animal,bird,6,13,25,68,None,"(-0.1, -0.1)",None,,,,,,,,,,,,,,1,0,1,0,0,14,14,14,4,0,4,0,771.2660226000003,,,,,,,,,,,,,,,,,,,,,,,,,,,,,,,,,,,,,,,,,,,,,,,,,,,,,,,,,,,,,,,,,,,,,,,,,,,,,,,,,,,,,,,,,,,,,771.2549281000006,771.2660226000003,771.2660226000003,771.2660226000003,771.4497899000003,None,,,,,,,,,,,,,,,,,,,,,,,,,,,,,,,,P7350,Bar_MIC,10,1,2026-05-15_14h49.41.843,MIC_task,,2026.1.2,60.04138051946148,2026-05-15 14h49.44.746353 +0200,
,,5,0,5,,,,,,,10,a09,pingvin,penguin,1,animal,bird,6,13,25,68,None,"(-0.1, -0.1)",None,,,,,,,,,,,,,,1,0,1,0,0,14,14,14,5,0,5,0,771.4664459,,,,,,,,,,,,,,,,,,,,,,,,,,,,,,,,,,,,,,,,,,,,,,,,,,,,,,,,,,,,,,,,,,,,,,,,,,,,,,,,,,,,,,,,,,,,,771.4545676000002,771.4664459,771.4664459,771.4664459,771.6502599,None,,,,,,,,,,,,,,,,,,,,,,,,,,,,,,,,P7350,Bar_MIC,10,1,2026-05-15_14h49.41.843,MIC_task,,2026.1.2,60.04138051946148,2026-05-15 14h49.44.746353 +0200,
,,6,0,6,,,,,,,10,a09,pingvin,penguin,1,animal,bird,6,13,25,68,None,"(-0.1, -0.1)",None,,,,,,,,,,,,,,1,0,1,0,0,14,14,14,6,0,6,0,771.6667859000004,,,,,,,,,,,,,,,,,,,,,,,,,,,,,,,,,,,,,,,,,,,,,,,,,,,,,,,,,,,,,,,,,,,,,,,,,,,,,,,,,,,,,,,,,,,,,771.6554673000005,771.6667859000004,771.6667859000004,771.6667859000004,771.8504822999998,None,,,,,,,,,,,,,,,,,,,,,,,,,,,,,,,,P7350,Bar_MIC,10,1,2026-05-15_14h49.41.843,MIC_task,,2026.1.2,60.04138051946148,2026-05-15 14h49.44.746353 +0200,
,,7,0,7,,,,,,,10,a09,pingvin,penguin,1,animal,bird,6,13,25,68,None,"(-0.1, -0.1)",None,,,,,,,,,,,,,,1,0,1,0,0,14,14,14,7,0,7,0,771.8670596000006,,,,,,,,,,,,,,,,,,,,,,,,,,,,,,,,,,,,,,,,,,,,,,,,,,,,,,,,,,,,,,,,,,,,,,,,,,,,,,,,,,,,,,,,,,,,,771.8551246000002,771.8670596000006,771.8670596000006,771.8670596000006,772.0510632999999,None,,,,,,,,,,,,,,,,,,,,,,,,,,,,,,,,P7350,Bar_MIC,10,1,2026-05-15_14h49.41.843,MIC_task,,2026.1.2,60.04138051946148,2026-05-15 14h49.44.746353 +0200,
,,8,0,8,,,,,,,10,a09,pingvin,penguin,1,animal,bird,6,13,25,68,None,"(-0.1, -0.1)",None,,,,,,,,,,,,,,1,0,1,0,0,14,14,14,8,0,8,0,772.0673344000002,,,,,,,,,,,,,,,,,,,,,,,,,,,,,,,,,,,,,,,,,,,,,,,,,,,,,,,,,,,,,,,,,,,,,,,,,,,,,,,,,,,,,,,,,,,,,772.0559041000001,772.0673344000002,772.0673344000002,772.0673344000002,772.2505752000002,None,,,,,,,,,,,,,,,,,,,,,,,,,,,,,,,,P7350,Bar_MIC,10,1,2026-05-15_14h49.41.843,MIC_task,,2026.1.2,60.04138051946148,2026-05-15 14h49.44.746353 +0200,
,,9,0,9,,,,,,,10,a09,pingvin,penguin,1,animal,bird,6,13,25,68,None,"(-0.1, -0.1)",None,,,,,,,,,,,,,,1,0,1,0,0,14,14,14,9,0,9,0,772.2669971,,,,,,,,,,,,,,,,,,,,,,,,,,,,,,,,,,,,,,,,,,,,,,,,,,,,,,,,,,,,,,,,,,,,,,,,,,,,,,,,,,,,,,,,,,,,,772.2551065000002,772.2669971,772.2669971,772.2669971,772.4520591000005,None,,,,,,,,,,,,,,,,,,,,,,,,,,,,,,,,P7350,Bar_MIC,10,1,2026-05-15_14h49.41.843,MIC_task,,2026.1.2,60.04138051946148,2026-05-15 14h49.44.746353 +0200,
,,10,0,10,,,,,,,10,a09,pingvin,penguin,1,animal,bird,6,13,25,68,None,"(-0.1, -0.1)",None,,,,,,,,,,,,,,1,0,1,0,0,14,14,14,10,0,10,0,772.4674980000004,,,,,,,,,,,,,,,,,,,,,,,,,,,,,,,,,,,,,,,,,,,,,,,,,,,,,,,,,,,,,,,,,,,,,,,,,,,,,,,,,,,,,,,,,,,,,772.4567901000005,772.4674980000004,772.4674980000004,772.4674980000004,772.6526994000001,None,,,,,,,,,,,,,,,,,,,,,,,,,,,,,,,,P7350,Bar_MIC,10,1,2026-05-15_14h49.41.843,MIC_task,,2026.1.2,60.04138051946148,2026-05-15 14h49.44.746353 +0200,
,,11,0,11,,,,,,,10,a09,pingvin,penguin,1,animal,bird,6,13,25,68,None,"(-0.1, -0.1)",None,,,,,,,,,,,,,,1,0,1,0,0,14,14,14,11,0,11,0,772.6678661999999,,,,,,,,,,,,,,,,,,,,,,,,,,,,,,,,,,,,,,,,,,,,,,,,,,,,,,,,,,,,,,,,,,,,,,,,,,,,,,,,,,,,,,,,,,,,,772.6571362,772.6678661999999,772.6678661999999,772.6678661999999,772.8516494999999,None,,,,,,,,,,,,,,,,,,,,,,,,,,,,,,,,P7350,Bar_MIC,10,1,2026-05-15_14h49.41.843,MIC_task,,2026.1.2,60.04138051946148,2026-05-15 14h49.44.746353 +0200,
,,12,0,12,,,,,,,10,a09,pingvin,penguin,1,animal,bird,6,13,25,68,None,"(-0.1, -0.1)",None,,,,,,,,,,,,,,1,0,1,0,0,14,14,14,12,0,12,0,772.8681544000005,,,,,,,,,,,,,,,,,,,,,,,,,,,,,,,,,,,,,,,,,,,,,,,,,,,,,,,,,,,,,,,,,,,,,,,,,,,,,,,,,,,,,,,,,,,,,772.8564207000004,772.8681544000005,772.8681544000005,772.8681544000005,773.0519754000002,None,,,,,,,,,,,,,,,,,,,,,,,,,,,,,,,,P7350,Bar_MIC,10,1,2026-05-15_14h49.41.843,MIC_task,,2026.1.2,60.04138051946148,2026-05-15 14h49.44.746353 +0200,
,,13,0,13,,,,,,,10,a09,pingvin,penguin,1,animal,bird,6,13,25,68,None,"(-0.1, -0.1)",None,,,,,,,,,,,,,,1,0,1,0,0,14,14,14,13,0,13,0,773.0685939999998,,,,,,,,,,,,,,,,,,,,,,,,,,,,,,,,,,,,,,,,,,,,,,,,,,,,,,,,,,,,,,,,,,,,,,,,,,,,,,,,,,,,,,,,,,,,,773.0568334000004,773.0685939999998,773.0685939999998,773.0685939999998,773.2526229,None,,,,,,,,,,,,,,,,,,,,,,,,,,,,,,,,P7350,Bar_MIC,10,1,2026-05-15_14h49.41.843,MIC_task,,2026.1.2,60.04138051946148,2026-05-15 14h49.44.746353 +0200,
,,14,0,14,,,,,,,10,a09,pingvin,penguin,1,animal,bird,6,13,25,68,None,"(-0.1, -0.1)",None,,,,,,,,,,,,,,1,0,1,0,0,14,14,14,14,0,14,0,773.2689792000006,,,,,,,,,,,,,,,,,,,,,,,,,,,,,,,,,,,,,,,,,,,,,,,,,,,,,,,,,,,,,,,,,,,,,,,,,,,,,,,,,,,,,,,,,,,,,773.2570559999999,773.2689792000006,773.2689792000006,773.2689792000006,773.4527141000003,None,,,,,,,,,,,,,,,,,,,,,,,,,,,,,,,,P7350,Bar_MIC,10,1,2026-05-15_14h49.41.843,MIC_task,,2026.1.2,60.04138051946148,2026-05-15 14h49.44.746353 +0200,
,,15,0,15,,,,,,,10,a09,pingvin,penguin,1,animal,bird,6,13,25,68,None,"(-0.1, -0.1)",None,,,,,,,,,,,,,,1,0,1,0,0,14,14,14,15,0,15,0,773.4693388999999,,,,,,,,,,,,,,,,,,,,,,,,,,,,,,,,,,,,,,,,,,,,,,,,,,,,,,,,,,,,,,,,,,,,,,,,,,,,,,,,,,,,,,,,,,,,,773.45732,773.4693388999999,773.4693388999999,773.4693388999999,773.6532797000004,None,,,,,,,,,,,,,,,,,,,,,,,,,,,,,,,,P7350,Bar_MIC,10,1,2026-05-15_14h49.41.843,MIC_task,,2026.1.2,60.04138051946148,2026-05-15 14h49.44.746353 +0200,
,,16,0,16,,,,,,,10,a09,pingvin,penguin,1,animal,bird,6,13,25,68,None,"(-0.1, -0.1)",None,,,,,,,,,,,,,,1,0,1,0,0,14,14,14,16,0,16,0,773.6701552999998,,,,,,,,,,,,,,,,,,,,,,,,,,,,,,,,,,,,,,,,,,,,,,,,,,,,,,,,,,,,,,,,,,,,,,,,,,,,,,,,,,,,,,,,,,,,,773.6578254000001,773.6701552999998,773.6701552999998,773.6701552999998,773.8535317999999,None,,,,,,,,,,,,,,,,,,,,,,,,,,,,,,,,P7350,Bar_MIC,10,1,2026-05-15_14h49.41.843,MIC_task,,2026.1.2,60.04138051946148,2026-05-15 14h49.44.746353 +0200,
,,17,0,17,,,,,,,10,a09,pingvin,penguin,1,animal,bird,6,13,25,68,None,"(-0.1, -0.1)",None,,,,,,,,,,,,,,1,0,1,0,0,14,14,14,17,0,17,0,773.8705915000005,,,,,,,,,,,,,,,,,,,,,,,,,,,,,,,,,,,,,,,,,,,,,,,,,,,,,,,,,,,,,,,,,,,,,,,,,,,,,,,,,,,,,,,,,,,,,773.8579202000005,773.8705915000005,773.8705915000005,773.8705915000005,774.0547357,None,,,,,,,,,,,,,,,,,,,,,,,,,,,,,,,,P7350,Bar_MIC,10,1,2026-05-15_14h49.41.843,MIC_task,,2026.1.2,60.04138051946148,2026-05-15 14h49.44.746353 +0200,
,,18,0,18,,,,,,,10,a09,pingvin,penguin,1,animal,bird,6,13,25,68,None,"(-0.1, -0.1)",None,,,,,,,,,,,,,,1,0,1,0,0,14,14,14,18,0,18,0,774.0704965999998,,,,,,,,,,,,,,,,,,,,,,,,,,,,,,,,,,,,,,,,,,,,,,,,,,,,,,,,,,,,,,,,,,,,,,,,,,,,,,,,,,,,,,,,,,,,,774.0593488999998,774.0704965999998,774.0704965999998,774.0704965999998,774.2542994,None,,,,,,,,,,,,,,,,,,,,,,,,,,,,,,,,P7350,Bar_MIC,10,1,2026-05-15_14h49.41.843,MIC_task,,2026.1.2,60.04138051946148,2026-05-15 14h49.44.746353 +0200,
,,19,0,19,,,,,,,10,a09,pingvin,penguin,1,animal,bird,6,13,25,68,None,"(-0.1, -0.1)",None,,,,,,,,,,,,,,1,0,1,0,0,14,14,14,19,0,19,0,774.2708482000003,,,,,,,,,,,,,,,,,,,,,,,,,,,,,,,,,,,,,,,,,,,,,,,,,,,,,,,,,,,,,,,,,,,,,,,,,,,,,,,,,,,,,,,,,,,,,774.2587514000002,774.2708482000003,774.2708482000003,774.2708482000003,774.4546866000005,None,,,,,,,,,,,,,,,,,,,,,,,,,,,,,,,,P7350,Bar_MIC,10,1,2026-05-15_14h49.41.843,MIC_task,,2026.1.2,60.04138051946148,2026-05-15 14h49.44.746353 +0200,
,,20,0,20,,,,,,,10,a09,pingvin,penguin,1,animal,bird,6,13,25,68,None,"(-0.1, -0.1)",None,,,,,,,,,,,,,,1,0,1,0,0,14,14,14,20,0,20,0,774.4711878000003,,,,,,,,,,,,,,,,,,,,,,,,,,,,,,,,,,,,,,,,,,,,,,,,,,,,,,,,,,,,,,,,,,,,,,,,,,,,,,,,,,,,,,,,,,,,,774.4589362000002,774.4711878000003,774.4711878000003,774.4711878000003,774.6561047,None,,,,,,,,,,,,,,,,,,,,,,,,,,,,,,,,P7350,Bar_MIC,10,1,2026-05-15_14h49.41.843,MIC_task,,2026.1.2,60.04138051946148,2026-05-15 14h49.44.746353 +0200,
,,21,0,21,,,,,,,10,a09,pingvin,penguin,1,animal,bird,6,13,25,68,None,"(-0.1, -0.1)",None,,,,,,,,,,,,,,1,0,1,0,0,14,14,14,21,0,21,0,774.6707448000002,,,,,,,,,,,,,,,,,,,,,,,,,,,,,,,,,,,,,,,,,,,,,,,,,,,,,,,,,,,,,,,,,,,,,,,,,,,,,,,,,,,,,,,,,,,,,774.6604124999999,774.6707448000002,774.6707448000002,774.6707448000002,774.8560873000001,None,,,,,,,,,,,,,,,,,,,,,,,,,,,,,,,,P7350,Bar_MIC,10,1,2026-05-15_14h49.41.843,MIC_task,,2026.1.2,60.04138051946148,2026-05-15 14h49.44.746353 +0200,
,,22,0,22,,,,,,,10,a09,pingvin,penguin,1,animal,bird,6,13,25,68,None,"(-0.1, -0.1)",None,,,,,,,,,,,,,,1,0,1,0,0,14,14,14,22,0,22,0,774.8711705000001,,,,,,,,,,,,,,,,,,,,,,,,,,,,,,,,,,,,,,,,,,,,,,,,,,,,,,,,,,,,,,,,,,,,,,,,,,,,,,,,,,,,,,,,,,,,,774.8608251999999,774.8711705000001,774.8711705000001,774.8711705000001,775.0550327000005,None,,,,,,,,,,,,,,,,,,,,,,,,,,,,,,,,P7350,Bar_MIC,10,1,2026-05-15_14h49.41.843,MIC_task,,2026.1.2,60.04138051946148,2026-05-15 14h49.44.746353 +0200,
,,23,0,23,,,,,,,10,a09,pingvin,penguin,1,animal,bird,6,13,25,68,None,"(-0.1, -0.1)",None,,,,,,,,,,,,,,1,0,1,0,0,14,14,14,23,0,23,0,775.0720732000004,,,,,,,,,,,,,,,,,,,,,,,,,,,,,,,,,,,,,,,,,,,,,,,,,,,,,,,,,,,,,,,,,,,,,,,,,,,,,,,,,,,,,,,,,,,,,775.0597560000001,775.0720732000004,775.0720732000004,775.0720732000004,775.2555821000001,None,,,,,,,,,,,,,,,,,,,,,,,,,,,,,,,,P7350,Bar_MIC,10,1,2026-05-15_14h49.41.843,MIC_task,,2026.1.2,60.04138051946148,2026-05-15 14h49.44.746353 +0200,
,,24,0,24,,,,,,,10,a09,pingvin,penguin,1,animal,bird,6,13,25,68,None,"(-0.1, -0.1)",None,,,,,,,,,,,,,,1,0,1,0,0,14,14,14,24,0,24,0,775.2719689999999,,,,,,,,,,,,,,,,,,,,,,,,,,,,,,,,,,,,,,,,,,,,,,,,,,,,,,,,,,,,,,,,,,,,,,,,,,,,,,,,,,,,,,,,,,,,,775.2598534000003,775.2719689999999,775.2719689999999,775.2719689999999,775.4558522000002,None,,,,,,,,,,,,,,,,,,,,,,,,,,,,,,,,P7350,Bar_MIC,10,1,2026-05-15_14h49.41.843,MIC_task,,2026.1.2,60.04138051946148,2026-05-15 14h49.44.746353 +0200,
,,25,0,25,,,,,,,10,a09,pingvin,penguin,1,animal,bird,6,13,25,68,None,"(-0.1, -0.1)",None,,,,,,,,,,,,,,1,0,1,0,0,14,14,14,25,0,25,0,775.4723853,,,,,,,,,,,,,,,,,,,,,,,,,,,,,,,,,,,,,,,,,,,,,,,,,,,,,,,,,,,,,,,,,,,,,,,,,,,,,,,,,,,,,,,,,,,,,775.4601492000006,775.4723853,775.4723853,775.4723853,775.6562768999997,None,,,,,,,,,,,,,,,,,,,,,,,,,,,,,,,,P7350,Bar_MIC,10,1,2026-05-15_14h49.41.843,MIC_task,,2026.1.2,60.04138051946148,2026-05-15 14h49.44.746353 +0200,
,,26,0,26,,,,,,,10,a09,pingvin,penguin,1,animal,bird,6,13,25,68,None,"(-0.1, -0.1)",None,,,,,,,,,,,,,,1,0,1,0,0,14,14,14,26,0,26,0,775.6727204000003,,,,,,,,,,,,,,,,,,,,,,,,,,,,,,,,,,,,,,,,,,,,,,,,,,,,,,,,,,,,,,,,,,,,,,,,,,,,,,,,,,,,,,,,,,,,,775.6607589,775.6727204000003,775.6727204000003,775.6727204000003,775.8565605999997,None,,,,,,,,,,,,,,,,,,,,,,,,,,,,,,,,P7350,Bar_MIC,10,1,2026-05-15_14h49.41.843,MIC_task,,2026.1.2,60.04138051946148,2026-05-15 14h49.44.746353 +0200,
,,27,0,27,,,,,,,10,a09,pingvin,penguin,1,animal,bird,6,13,25,68,None,"(-0.1, -0.1)",None,,,,,,,,,,,,,,1,0,1,0,0,14,14,14,27,0,27,0,775.8732015,,,,,,,,,,,,,,,,,,,,,,,,,,,,,,,,,,,,,,,,,,,,,,,,,,,,,,,,,,,,,,,,,,,,,,,,,,,,,,,,,,,,,,,,,,,,,775.8611535000005,775.8732015,775.8732015,775.8732015,776.0600104,None,,,,,,,,,,,,,,,,,,,,,,,,,,,,,,,,P7350,Bar_MIC,10,1,2026-05-15_14h49.41.843,MIC_task,,2026.1.2,60.04138051946148,2026-05-15 14h49.44.746353 +0200,
,,28,0,28,,,,,,,10,a09,pingvin,penguin,1,animal,bird,6,13,25,68,None,"(-0.1, -0.1)",None,,,,,,,,,,,,,,1,0,1,0,0,14,14,14,28,0,28,0,776.0736689999999,,,,,,,,,,,,,,,,,,,,,,,,,,,,,,,,,,,,,,,,,,,,,,,,,,,,,,,,,,,,,,,,,,,,,,,,,,,,,,,,,,,,,,,,,,,,,776.0645749999999,776.0736689999999,776.0736689999999,776.0736689999999,776.2573177999998,None,,,,,,,,,,,,,,,,,,,,,,,,,,,,,,,,P7350,Bar_MIC,10,1,2026-05-15_14h49.41.843,MIC_task,,2026.1.2,60.04138051946148,2026-05-15 14h49.44.746353 +0200,
,,29,0,29,,,,,,,10,a09,pingvin,penguin,1,animal,bird,6,13,25,68,None,"(-0.1, -0.1)",space,0.047564499999680265,None,,,,,,,,,,,,1,0,1,0,0,14,14,14,29,0,29,0,776.2739940000006,,,,,,,,,,,,,,,,,,,,,,,,,,,,,,,,,,,,,,,,,,,,,,,,,,,,,,,,,,,,,,,,,,,,,,,,,,,,,,,,,,,,,,,,,,,,,776.2618011,776.2739940000006,776.2739940000006,776.2739940000006,776.3267829000001,space,0.047564499999680265,None,,,,,,,,,,,,,,,,,,,,,,,,,,,,,,P7350,Bar_MIC,10,1,2026-05-15_14h49.41.843,MIC_task,,2026.1.2,60.04138051946148,2026-05-15 14h49.44.746353 +0200,
,,14,14,0,,,,space,0.2947719000003417,None,10,a09,pingvin,penguin,1,animal,bird,6,13,25,68,None,"(-0.1, -0.1)",,,,,,,,,,,,,,,1,0,1,0,0,14,14,14,,,,,,,,,,,,,,,,,,,,,,,,,,,,,,,,,,,,,,,,,,,,,,,,,,,,,,,,,,,,,,,,,,,,,,,,,,,,,,,,,776.4190093000002,776.4255874000005,776.4253534000001,778.3275189000001,,,,,,780.3312961000006,780.3468868000004,780.3468868000004,780.6479752,,,,,,,,,,,,,778.3630919000002,778.3706668999998,778.3773515000005,780.2643714999999,780.3312357,space,0.2947719000003417,None,,,,,,,,,,,,,,,,,,,,,,P7350,Bar_MIC,10,1,2026-05-15_14h49.41.843,MIC_task,,2026.1.2,60.04138051946148,2026-05-15 14h49.44.746353 +0200,
,,0,0,0,,,,,,,10,ty16,mágnes,magnet,9,toys,gadget,5.6,6,None,73,None,"(0.1, 0.1)",None,,,,,,,,,,,,,,1,0,1,0,0,15,15,15,0,0,0,0,780.6636745999999,,,,,,,,,,,,,,,,,,,,,,,,,,,,,,,,,,,,,,,,,,,,,,,,,,,,,,,,,,,,,,,,,,,,,,,,,,,,,,,,,,,,,,,,,,,,,780.6524481000001,780.6636745999999,780.6636745999999,780.6636745999999,780.8487842,None,,,,,,,,,,,,,,,,,,,,,,,,,,,,,,,,P7350,Bar_MIC,10,1,2026-05-15_14h49.41.843,MIC_task,,2026.1.2,60.04138051946148,2026-05-15 14h49.44.746353 +0200,
,,0,0,0,,,,,,,10,ty16,mágnes,magnet,9,toys,gadget,5.6,6,None,73,None,"(0.1, 0.1)",None,,,,,,,,,,,,,,1,0,1,0,0,15,15,15,0,0,0,0,780.8640786000001,,,,,,,,,,,,,,,,,,,,,,,,,,,,,,,,,,,,,,,,,,,,,,,,,,,,,,,,,,,,,,,,,,,,,,,,,,,,,,,,,,,,,,,,,,,,,780.8536169000004,780.8640786000001,780.8640786000001,780.8640786000001,781.0485392000005,None,,,,,,,,,,,781.0645679000004,781.0645679000004,781.0645679000004,,,,,,,,,,,,,,,,,,,P7350,Bar_MIC,10,1,2026-05-15_14h49.41.843,MIC_task,,2026.1.2,60.04138051946148,2026-05-15 14h49.44.746353 +0200,
,,1,0,1,,,,,,,10,ty16,mágnes,magnet,9,toys,gadget,5.6,6,None,73,None,"(0.1, 0.1)",None,,,,,,,,,,,,,,1,0,1,0,0,15,15,15,1,0,1,0,781.0645679000004,,,,,,,,,,,,,,,,,,,,,,,,,,,,,,,,,,,,,,,,,,,,,,,,,,,,,,,,,,,,,,,,,,,,,,,,,,,,,,,,,,,,,,,,,,,,,781.0535945000006,781.0645679000004,781.0645679000004,781.0645679000004,781.2481811000002,None,,,,,,,,,,,,,,,,,,,,,,,,,,,,,,,,P7350,Bar_MIC,10,1,2026-05-15_14h49.41.843,MIC_task,,2026.1.2,60.04138051946148,2026-05-15 14h49.44.746353 +0200,
,,2,0,2,,,,,,,10,ty16,mágnes,magnet,9,toys,gadget,5.6,6,None,73,None,"(0.1, 0.1)",None,,,,,,,,,,,,,,1,0,1,0,0,15,15,15,2,0,2,0,781.2649670000005,,,,,,,,,,,,,,,,,,,,,,,,,,,,,,,,,,,,,,,,,,,,,,,,,,,,,,,,,,,,,,,,,,,,,,,,,,,,,,,,,,,,,,,,,,,,,781.2528179000005,781.2649670000005,781.2649670000005,781.2649670000005,781.4486726999999,None,,,,,,,,,,,,,,,,,,,,,,,,,,,,,,,,P7350,Bar_MIC,10,1,2026-05-15_14h49.41.843,MIC_task,,2026.1.2,60.04138051946148,2026-05-15 14h49.44.746353 +0200,
,,3,0,3,,,,,,,10,ty16,mágnes,magnet,9,toys,gadget,5.6,6,None,73,None,"(0.1, 0.1)",None,,,,,,,,,,,,,,1,0,1,0,0,15,15,15,3,0,3,0,781.4652372000005,,,,,,,,,,,,,,,,,,,,,,,,,,,,,,,,,,,,,,,,,,,,,,,,,,,,,,,,,,,,,,,,,,,,,,,,,,,,,,,,,,,,,,,,,,,,,781.4533333000004,781.4652372000005,781.4652372000005,781.4652372000005,781.6499734000004,None,,,,,,,,,,,,,,,,,,,,,,,,,,,,,,,,P7350,Bar_MIC,10,1,2026-05-15_14h49.41.843,MIC_task,,2026.1.2,60.04138051946148,2026-05-15 14h49.44.746353 +0200,
,,4,0,4,,,,,,,10,ty16,mágnes,magnet,9,toys,gadget,5.6,6,None,73,None,"(0.1, 0.1)",None,,,,,,,,,,,,,,1,0,1,0,0,15,15,15,4,0,4,0,781.6648230000005,,,,,,,,,,,,,,,,,,,,,,,,,,,,,,,,,,,,,,,,,,,,,,,,,,,,,,,,,,,,,,,,,,,,,,,,,,,,,,,,,,,,,,,,,,,,,781.65483,781.6648230000005,781.6648230000005,781.6648230000005,781.8486191000006,None,,,,,,,,,,,,,,,,,,,,,,,,,,,,,,,,P7350,Bar_MIC,10,1,2026-05-15_14h49.41.843,MIC_task,,2026.1.2,60.04138051946148,2026-05-15 14h49.44.746353 +0200,
,,5,0,5,,,,,,,10,ty16,mágnes,magnet,9,toys,gadget,5.6,6,None,73,None,"(0.1, 0.1)",None,,,,,,,,,,,,,,1,0,1,0,0,15,15,15,5,0,5,0,781.8652579000004,,,,,,,,,,,,,,,,,,,,,,,,,,,,,,,,,,,,,,,,,,,,,,,,,,,,,,,,,,,,,,,,,,,,,,,,,,,,,,,,,,,,,,,,,,,,,781.8529303999999,781.8652579000004,781.8652579000004,781.8652579000004,782.0492026000006,None,,,,,,,,,,,,,,,,,,,,,,,,,,,,,,,,P7350,Bar_MIC,10,1,2026-05-15_14h49.41.843,MIC_task,,2026.1.2,60.04138051946148,2026-05-15 14h49.44.746353 +0200,
,,6,0,6,,,,,,,10,ty16,mágnes,magnet,9,toys,gadget,5.6,6,None,73,None,"(0.1, 0.1)",None,,,,,,,,,,,,,,1,0,1,0,0,15,15,15,6,0,6,0,782.0655477000005,,,,,,,,,,,,,,,,,,,,,,,,,,,,,,,,,,,,,,,,,,,,,,,,,,,,,,,,,,,,,,,,,,,,,,,,,,,,,,,,,,,,,,,,,,,,,782.0540631999997,782.0655477000005,782.0655477000005,782.0655477000005,782.2494185999999,None,,,,,,,,,,,,,,,,,,,,,,,,,,,,,,,,P7350,Bar_MIC,10,1,2026-05-15_14h49.41.843,MIC_task,,2026.1.2,60.04138051946148,2026-05-15 14h49.44.746353 +0200,
,,7,0,7,,,,,,,10,ty16,mágnes,magnet,9,toys,gadget,5.6,6,None,73,None,"(0.1, 0.1)",None,,,,,,,,,,,,,,1,0,1,0,0,15,15,15,7,0,7,0,782.2660022000005,,,,,,,,,,,,,,,,,,,,,,,,,,,,,,,,,,,,,,,,,,,,,,,,,,,,,,,,,,,,,,,,,,,,,,,,,,,,,,,,,,,,,,,,,,,,,782.2541866000006,782.2660022000005,782.2660022000005,782.2660022000005,782.4499703000006,None,,,,,,,,,,,,,,,,,,,,,,,,,,,,,,,,P7350,Bar_MIC,10,1,2026-05-15_14h49.41.843,MIC_task,,2026.1.2,60.04138051946148,2026-05-15 14h49.44.746353 +0200,
,,8,0,8,,,,,,,10,ty16,mágnes,magnet,9,toys,gadget,5.6,6,None,73,None,"(0.1, 0.1)",None,,,,,,,,,,,,,,1,0,1,0,0,15,15,15,8,0,8,0,782.4665802000004,,,,,,,,,,,,,,,,,,,,,,,,,,,,,,,,,,,,,,,,,,,,,,,,,,,,,,,,,,,,,,,,,,,,,,,,,,,,,,,,,,,,,,,,,,,,,782.4547143000004,782.4665802000004,782.4665802000004,782.4665802000004,782.6501853000004,None,,,,,,,,,,,,,,,,,,,,,,,,,,,,,,,,P7350,Bar_MIC,10,1,2026-05-15_14h49.41.843,MIC_task,,2026.1.2,60.04138051946148,2026-05-15 14h49.44.746353 +0200,
,,9,0,9,,,,,,,10,ty16,mágnes,magnet,9,toys,gadget,5.6,6,None,73,None,"(0.1, 0.1)",None,,,,,,,,,,,,,,1,0,1,0,0,15,15,15,9,0,9,0,782.6667183000004,,,,,,,,,,,,,,,,,,,,,,,,,,,,,,,,,,,,,,,,,,,,,,,,,,,,,,,,,,,,,,,,,,,,,,,,,,,,,,,,,,,,,,,,,,,,,782.6548702000005,782.6667183000004,782.6667183000004,782.6667183000004,782.8504752000003,None,,,,,,,,,,,,,,,,,,,,,,,,,,,,,,,,P7350,Bar_MIC,10,1,2026-05-15_14h49.41.843,MIC_task,,2026.1.2,60.04138051946148,2026-05-15 14h49.44.746353 +0200,
,,10,0,10,,,,,,,10,ty16,mágnes,magnet,9,toys,gadget,5.6,6,None,73,None,"(0.1, 0.1)",None,,,,,,,,,,,,,,1,0,1,0,0,15,15,15,10,0,10,0,782.8671352000006,,,,,,,,,,,,,,,,,,,,,,,,,,,,,,,,,,,,,,,,,,,,,,,,,,,,,,,,,,,,,,,,,,,,,,,,,,,,,,,,,,,,,,,,,,,,,782.8552991000001,782.8671352000006,782.8671352000006,782.8671352000006,783.0521364000001,None,,,,,,,,,,,,,,,,,,,,,,,,,,,,,,,,P7350,Bar_MIC,10,1,2026-05-15_14h49.41.843,MIC_task,,2026.1.2,60.04138051946148,2026-05-15 14h49.44.746353 +0200,
,,11,0,11,,,,,,,10,ty16,mágnes,magnet,9,toys,gadget,5.6,6,None,73,None,"(0.1, 0.1)",None,,,,,,,,,,,,,,1,0,1,0,0,15,15,15,11,0,11,0,783.0674869999998,,,,,,,,,,,,,,,,,,,,,,,,,,,,,,,,,,,,,,,,,,,,,,,,,,,,,,,,,,,,,,,,,,,,,,,,,,,,,,,,,,,,,,,,,,,,,783.0568367000001,783.0674869999998,783.0674869999998,783.0674869999998,783.2522211999999,None,,,,,,,,,,,,,,,,,,,,,,,,,,,,,,,,P7350,Bar_MIC,10,1,2026-05-15_14h49.41.843,MIC_task,,2026.1.2,60.04138051946148,2026-05-15 14h49.44.746353 +0200,
,,12,0,12,,,,,,,10,ty16,mágnes,magnet,9,toys,gadget,5.6,6,None,73,None,"(0.1, 0.1)",None,,,,,,,,,,,,,,1,0,1,0,0,15,15,15,12,0,12,0,783.2677118000006,,,,,,,,,,,,,,,,,,,,,,,,,,,,,,,,,,,,,,,,,,,,,,,,,,,,,,,,,,,,,,,,,,,,,,,,,,,,,,,,,,,,,,,,,,,,,783.2576631000006,783.2677118000006,783.2677118000006,783.2677118000006,783.4520660000003,None,,,,,,,,,,,,,,,,,,,,,,,,,,,,,,,,P7350,Bar_MIC,10,1,2026-05-15_14h49.41.843,MIC_task,,2026.1.2,60.04138051946148,2026-05-15 14h49.44.746353 +0200,
,,13,0,13,,,,,,,10,ty16,mágnes,magnet,9,toys,gadget,5.6,6,None,73,None,"(0.1, 0.1)",None,,,,,,,,,,,,,,1,0,1,0,0,15,15,15,13,0,13,0,783.4681884000006,,,,,,,,,,,,,,,,,,,,,,,,,,,,,,,,,,,,,,,,,,,,,,,,,,,,,,,,,,,,,,,,,,,,,,,,,,,,,,,,,,,,,,,,,,,,,783.4568130000002,783.4681884000006,783.4681884000006,783.4681884000006,783.6530884999997,None,,,,,,,,,,,,,,,,,,,,,,,,,,,,,,,,P7350,Bar_MIC,10,1,2026-05-15_14h49.41.843,MIC_task,,2026.1.2,60.04138051946148,2026-05-15 14h49.44.746353 +0200,
,,14,0,14,,,,,,,10,ty16,mágnes,magnet,9,toys,gadget,5.6,6,None,73,None,"(0.1, 0.1)",None,,,,,,,,,,,,,,1,0,1,0,0,15,15,15,14,0,14,0,783.6677634000002,,,,,,,,,,,,,,,,,,,,,,,,,,,,,,,,,,,,,,,,,,,,,,,,,,,,,,,,,,,,,,,,,,,,,,,,,,,,,,,,,,,,,,,,,,,,,783.6577966999998,783.6677634000002,783.6677634000002,783.6677634000002,783.8529985999999,None,,,,,,,,,,,,,,,,,,,,,,,,,,,,,,,,P7350,Bar_MIC,10,1,2026-05-15_14h49.41.843,MIC_task,,2026.1.2,60.04138051946148,2026-05-15 14h49.44.746353 +0200,
,,15,0,15,,,,,,,10,ty16,mágnes,magnet,9,toys,gadget,5.6,6,None,73,None,"(0.1, 0.1)",None,,,,,,,,,,,,,,1,0,1,0,0,15,15,15,15,0,15,0,783.869365,,,,,,,,,,,,,,,,,,,,,,,,,,,,,,,,,,,,,,,,,,,,,,,,,,,,,,,,,,,,,,,,,,,,,,,,,,,,,,,,,,,,,,,,,,,,,783.8577302999997,783.869365,783.869365,783.869365,784.0520201000004,None,,,,,,,,,,,,,,,,,,,,,,,,,,,,,,,,P7350,Bar_MIC,10,1,2026-05-15_14h49.41.843,MIC_task,,2026.1.2,60.04138051946148,2026-05-15 14h49.44.746353 +0200,
,,16,0,16,,,,,,,10,ty16,mágnes,magnet,9,toys,gadget,5.6,6,None,73,None,"(0.1, 0.1)",None,,,,,,,,,,,,,,1,0,1,0,0,15,15,15,16,0,16,0,784.0686302999998,,,,,,,,,,,,,,,,,,,,,,,,,,,,,,,,,,,,,,,,,,,,,,,,,,,,,,,,,,,,,,,,,,,,,,,,,,,,,,,,,,,,,,,,,,,,,784.0569254000006,784.0686302999998,784.0686302999998,784.0686302999998,784.2533207000001,None,,,,,,,,,,,,,,,,,,,,,,,,,,,,,,,,P7350,Bar_MIC,10,1,2026-05-15_14h49.41.843,MIC_task,,2026.1.2,60.04138051946148,2026-05-15 14h49.44.746353 +0200,
,,17,0,17,,,,,,,10,ty16,mágnes,magnet,9,toys,gadget,5.6,6,None,73,None,"(0.1, 0.1)",None,,,,,,,,,,,,,,1,0,1,0,0,15,15,15,17,0,17,0,784.2689403999998,,,,,,,,,,,,,,,,,,,,,,,,,,,,,,,,,,,,,,,,,,,,,,,,,,,,,,,,,,,,,,,,,,,,,,,,,,,,,,,,,,,,,,,,,,,,,784.2584147000002,784.2689403999998,784.2689403999998,784.2689403999998,784.4527425000001,None,,,,,,,,,,,,,,,,,,,,,,,,,,,,,,,,P7350,Bar_MIC,10,1,2026-05-15_14h49.41.843,MIC_task,,2026.1.2,60.04138051946148,2026-05-15 14h49.44.746353 +0200,
,,18,0,18,,,,,,,10,ty16,mágnes,magnet,9,toys,gadget,5.6,6,None,73,None,"(0.1, 0.1)",None,,,,,,,,,,,,,,1,0,1,0,0,15,15,15,18,0,18,0,784.4693167,,,,,,,,,,,,,,,,,,,,,,,,,,,,,,,,,,,,,,,,,,,,,,,,,,,,,,,,,,,,,,,,,,,,,,,,,,,,,,,,,,,,,,,,,,,,,784.4574154000006,784.4693167,784.4693167,784.4693167,784.6542392000006,None,,,,,,,,,,,,,,,,,,,,,,,,,,,,,,,,P7350,Bar_MIC,10,1,2026-05-15_14h49.41.843,MIC_task,,2026.1.2,60.04138051946148,2026-05-15 14h49.44.746353 +0200,
,,19,0,19,,,,,,,10,ty16,mágnes,magnet,9,toys,gadget,5.6,6,None,73,None,"(0.1, 0.1)",None,,,,,,,,,,,,,,1,0,1,0,0,15,15,15,19,0,19,0,784.6696662999998,,,,,,,,,,,,,,,,,,,,,,,,,,,,,,,,,,,,,,,,,,,,,,,,,,,,,,,,,,,,,,,,,,,,,,,,,,,,,,,,,,,,,,,,,,,,,784.6589749,784.6696662999998,784.6696662999998,784.6696662999998,784.8534676000004,None,,,,,,,,,,,,,,,,,,,,,,,,,,,,,,,,P7350,Bar_MIC,10,1,2026-05-15_14h49.41.843,MIC_task,,2026.1.2,60.04138051946148,2026-05-15 14h49.44.746353 +0200,
,,20,0,20,,,,,,,10,ty16,mágnes,magnet,9,toys,gadget,5.6,6,None,73,None,"(0.1, 0.1)",None,,,,,,,,,,,,,,1,0,1,0,0,15,15,15,20,0,20,0,784.8700809000006,,,,,,,,,,,,,,,,,,,,,,,,,,,,,,,,,,,,,,,,,,,,,,,,,,,,,,,,,,,,,,,,,,,,,,,,,,,,,,,,,,,,,,,,,,,,,784.8583988000005,784.8700809000006,784.8700809000006,784.8700809000006,785.0538738,None,,,,,,,,,,,,,,,,,,,,,,,,,,,,,,,,P7350,Bar_MIC,10,1,2026-05-15_14h49.41.843,MIC_task,,2026.1.2,60.04138051946148,2026-05-15 14h49.44.746353 +0200,
,,21,0,21,,,,,,,10,ty16,mágnes,magnet,9,toys,gadget,5.6,6,None,73,None,"(0.1, 0.1)",None,,,,,,,,,,,,,,1,0,1,0,0,15,15,15,21,0,21,0,785.0705276000003,,,,,,,,,,,,,,,,,,,,,,,,,,,,,,,,,,,,,,,,,,,,,,,,,,,,,,,,,,,,,,,,,,,,,,,,,,,,,,,,,,,,,,,,,,,,,785.0582899000005,785.0705276000003,785.0705276000003,785.0705276000003,785.2543274000004,None,,,,,,,,,,,,,,,,,,,,,,,,,,,,,,,,P7350,Bar_MIC,10,1,2026-05-15_14h49.41.843,MIC_task,,2026.1.2,60.04138051946148,2026-05-15 14h49.44.746353 +0200,
,,22,0,22,,,,,,,10,ty16,mágnes,magnet,9,toys,gadget,5.6,6,None,73,None,"(0.1, 0.1)",space,0.034166999999797554,None,,,,,,,,,,,,1,0,1,0,0,15,15,15,22,0,22,0,785.2708822999998,,,,,,,,,,,,,,,,,,,,,,,,,,,,,,,,,,,,,,,,,,,,,,,,,,,,,,,,,,,,,,,,,,,,,,,,,,,,,,,,,,,,,,,,,,,,,785.2586449000005,785.2708822999998,785.2708822999998,785.2708822999998,785.3070941999999,space,0.034166999999797554,None,,,,,,,,,,,,,,,,,,,,,,,,,,,,,,P7350,Bar_MIC,10,1,2026-05-15_14h49.41.843,MIC_task,,2026.1.2,60.04138051946148,2026-05-15 14h49.44.746353 +0200,
,,15,15,0,,,,space,4.603068299999904,None,10,ty16,mágnes,magnet,9,toys,gadget,5.6,6,None,73,None,"(0.1, 0.1)",,,,,,,,,,,,,,,1,0,1,0,0,15,15,15,,,,,,,,,,,,,,,,,,,,,,,,,,,,,,,,,,,,,,,,,,,,,,,,,,,,,,,,,,,,,,,,,,,,,,,,,,,,,,,,,785.4003091,785.4069824000003,785.4057627000003,787.3075331000005,,,,,,789.3108133999999,789.3273012000004,789.3273012000004,793.9353290000004,,,,,,,,,,,,,787.3361135999999,787.3434041000005,787.3407138333332,789.2267520999999,789.3107449000004,space,4.603068299999904,None,,,,,,,,,,,,,,,,,,,,,,P7350,Bar_MIC,10,1,2026-05-15_14h49.41.843,MIC_task,,2026.1.2,60.04138051946148,2026-05-15 14h49.44.746353 +0200,
,,0,0,0,,,,,,,10,l18,lépcső,stairs,5,location,house,6.4,21,24,78,None,"(0.1, -0.1)",None,,,,,,,,,,,,,,1,0,1,0,0,16,16,16,0,0,0,0,793.9500903000003,,,,,,,,,,,,,,,,,,,,,,,,,,,,,,,,,,,,,,,,,,,,,,,,,,,,,,,,,,,,,,,,,,,,,,,,,,,,,,,,,,,,,,,,,,,,,793.9400453000003,793.9500903000003,793.9500903000003,793.9500903000003,794.1357408999997,None,,,,,,,,,,,794.1518095000006,794.1518095000006,794.1518095000006,,,,,,,,,,,,,,,,,,,P7350,Bar_MIC,10,1,2026-05-15_14h49.41.843,MIC_task,,2026.1.2,60.04138051946148,2026-05-15 14h49.44.746353 +0200,
,,0,0,0,,,,,,,10,l18,lépcső,stairs,5,location,house,6.4,21,24,78,None,"(0.1, -0.1)",None,,,,,,,,,,,,,,1,0,1,0,0,16,16,16,0,0,0,0,794.1518095000006,,,,,,,,,,,,,,,,,,,,,,,,,,,,,,,,,,,,,,,,,,,,,,,,,,,,,,,,,,,,,,,,,,,,,,,,,,,,,,,,,,,,,,,,,,,,,794.1400833000002,794.1518095000006,794.1518095000006,794.1518095000006,794.3359292,None,,,,,,,,,,,794.3522932999999,794.3522932999999,794.3522932999999,,,,,,,,,,,,,,,,,,,P7350,Bar_MIC,10,1,2026-05-15_14h49.41.843,MIC_task,,2026.1.2,60.04138051946148,2026-05-15 14h49.44.746353 +0200,
,,1,0,1,,,,,,,10,l18,lépcső,stairs,5,location,house,6.4,21,24,78,None,"(0.1, -0.1)",None,,,,,,,,,,,,,,1,0,1,0,0,16,16,16,1,0,1,0,794.3522932999999,,,,,,,,,,,,,,,,,,,,,,,,,,,,,,,,,,,,,,,,,,,,,,,,,,,,,,,,,,,,,,,,,,,,,,,,,,,,,,,,,,,,,,,,,,,,,794.3407120000006,794.3522932999999,794.3522932999999,794.3522932999999,794.5354669000003,None,,,,,,,,,,,,,,,,,,,,,,,,,,,,,,,,P7350,Bar_MIC,10,1,2026-05-15_14h49.41.843,MIC_task,,2026.1.2,60.04138051946148,2026-05-15 14h49.44.746353 +0200,
,,2,0,2,,,,,,,10,l18,lépcső,stairs,5,location,house,6.4,21,24,78,None,"(0.1, -0.1)",None,,,,,,,,,,,,,,1,0,1,0,0,16,16,16,2,0,2,0,794.5512912999998,,,,,,,,,,,,,,,,,,,,,,,,,,,,,,,,,,,,,,,,,,,,,,,,,,,,,,,,,,,,,,,,,,,,,,,,,,,,,,,,,,,,,,,,,,,,,794.5401029999998,794.5512912999998,794.5512912999998,794.5512912999998,794.7355933000003,None,,,,,,,,,,,794.7516674000003,794.7516674000003,794.7516674000003,,,,,,,,,,,,,,,,,,,P7350,Bar_MIC,10,1,2026-05-15_14h49.41.843,MIC_task,,2026.1.2,60.04138051946148,2026-05-15 14h49.44.746353 +0200,
,,3,0,3,,,,,,,10,l18,lépcső,stairs,5,location,house,6.4,21,24,78,None,"(0.1, -0.1)",None,,,,,,,,,,,,,,1,0,1,0,0,16,16,16,3,0,3,0,794.7516674000003,,,,,,,,,,,,,,,,,,,,,,,,,,,,,,,,,,,,,,,,,,,,,,,,,,,,,,,,,,,,,,,,,,,,,,,,,,,,,,,,,,,,,,,,,,,,,794.7399943000005,794.7516674000003,794.7516674000003,794.7516674000003,794.9371678000002,None,,,,,,,,,,,,,,,,,,,,,,,,,,,,,,,,P7350,Bar_MIC,10,1,2026-05-15_14h49.41.843,MIC_task,,2026.1.2,60.04138051946148,2026-05-15 14h49.44.746353 +0200,
,,4,0,4,,,,,,,10,l18,lépcső,stairs,5,location,house,6.4,21,24,78,None,"(0.1, -0.1)",None,,,,,,,,,,,,,,1,0,1,0,0,16,16,16,4,0,4,0,794.9522455000001,,,,,,,,,,,,,,,,,,,,,,,,,,,,,,,,,,,,,,,,,,,,,,,,,,,,,,,,,,,,,,,,,,,,,,,,,,,,,,,,,,,,,,,,,,,,,794.9415171000005,794.9522455000001,794.9522455000001,794.9522455000001,795.1359031000006,None,,,,,,,,,,,,,,,,,,,,,,,,,,,,,,,,P7350,Bar_MIC,10,1,2026-05-15_14h49.41.843,MIC_task,,2026.1.2,60.04138051946148,2026-05-15 14h49.44.746353 +0200,
,,5,0,5,,,,,,,10,l18,lépcső,stairs,5,location,house,6.4,21,24,78,None,"(0.1, -0.1)",None,,,,,,,,,,,,,,1,0,1,0,0,16,16,16,5,0,5,0,795.1536127000004,,,,,,,,,,,,,,,,,,,,,,,,,,,,,,,,,,,,,,,,,,,,,,,,,,,,,,,,,,,,,,,,,,,,,,,,,,,,,,,,,,,,,,,,,,,,,795.1402090000006,795.1536127000004,795.1536127000004,795.1536127000004,795.3362558000003,None,,,,,,,,,,,,,,,,,,,,,,,,,,,,,,,,P7350,Bar_MIC,10,1,2026-05-15_14h49.41.843,MIC_task,,2026.1.2,60.04138051946148,2026-05-15 14h49.44.746353 +0200,
,,6,0,6,,,,,,,10,l18,lépcső,stairs,5,location,house,6.4,21,24,78,None,"(0.1, -0.1)",None,,,,,,,,,,,,,,1,0,1,0,0,16,16,16,6,0,6,0,795.3530206,,,,,,,,,,,,,,,,,,,,,,,,,,,,,,,,,,,,,,,,,,,,,,,,,,,,,,,,,,,,,,,,,,,,,,,,,,,,,,,,,,,,,,,,,,,,,795.3406140000002,795.3530206,795.3530206,795.3530206,795.5373960000002,None,,,,,,,,,,,,,,,,,,,,,,,,,,,,,,,,P7350,Bar_MIC,10,1,2026-05-15_14h49.41.843,MIC_task,,2026.1.2,60.04138051946148,2026-05-15 14h49.44.746353 +0200,
,,7,0,7,,,,,,,10,l18,lépcső,stairs,5,location,house,6.4,21,24,78,None,"(0.1, -0.1)",None,,,,,,,,,,,,,,1,0,1,0,0,16,16,16,7,0,7,0,795.5531522000006,,,,,,,,,,,,,,,,,,,,,,,,,,,,,,,,,,,,,,,,,,,,,,,,,,,,,,,,,,,,,,,,,,,,,,,,,,,,,,,,,,,,,,,,,,,,,795.5419977000006,795.5531522000006,795.5531522000006,795.5531522000006,795.7369558000005,None,,,,,,,,,,,,,,,,,,,,,,,,,,,,,,,,P7350,Bar_MIC,10,1,2026-05-15_14h49.41.843,MIC_task,,2026.1.2,60.04138051946148,2026-05-15 14h49.44.746353 +0200,
,,8,0,8,,,,,,,10,l18,lépcső,stairs,5,location,house,6.4,21,24,78,None,"(0.1, -0.1)",None,,,,,,,,,,,,,,1,0,1,0,0,16,16,16,8,0,8,0,795.7535701000002,,,,,,,,,,,,,,,,,,,,,,,,,,,,,,,,,,,,,,,,,,,,,,,,,,,,,,,,,,,,,,,,,,,,,,,,,,,,,,,,,,,,,,,,,,,,,795.7415102999998,795.7535701000002,795.7535701000002,795.7535701000002,795.9376376000005,None,,,,,,,,,,,,,,,,,,,,,,,,,,,,,,,,P7350,Bar_MIC,10,1,2026-05-15_14h49.41.843,MIC_task,,2026.1.2,60.04138051946148,2026-05-15 14h49.44.746353 +0200,
,,9,0,9,,,,,,,10,l18,lépcső,stairs,5,location,house,6.4,21,24,78,None,"(0.1, -0.1)",None,,,,,,,,,,,,,,1,0,1,0,0,16,16,16,9,0,9,0,795.9538728000002,,,,,,,,,,,,,,,,,,,,,,,,,,,,,,,,,,,,,,,,,,,,,,,,,,,,,,,,,,,,,,,,,,,,,,,,,,,,,,,,,,,,,,,,,,,,,795.9419880999999,795.9538728000002,795.9538728000002,795.9538728000002,796.1376623000001,None,,,,,,,,,,,,,,,,,,,,,,,,,,,,,,,,P7350,Bar_MIC,10,1,2026-05-15_14h49.41.843,MIC_task,,2026.1.2,60.04138051946148,2026-05-15 14h49.44.746353 +0200,
,,10,0,10,,,,,,,10,l18,lépcső,stairs,5,location,house,6.4,21,24,78,None,"(0.1, -0.1)",None,,,,,,,,,,,,,,1,0,1,0,0,16,16,16,10,0,10,0,796.1541787000001,,,,,,,,,,,,,,,,,,,,,,,,,,,,,,,,,,,,,,,,,,,,,,,,,,,,,,,,,,,,,,,,,,,,,,,,,,,,,,,,,,,,,,,,,,,,,796.1420434000006,796.1541787000001,796.1541787000001,796.1541787000001,796.3387329000002,None,,,,,,,,,,,,,,,,,,,,,,,,,,,,,,,,P7350,Bar_MIC,10,1,2026-05-15_14h49.41.843,MIC_task,,2026.1.2,60.04138051946148,2026-05-15 14h49.44.746353 +0200,
,,11,0,11,,,,,,,10,l18,lépcső,stairs,5,location,house,6.4,21,24,78,None,"(0.1, -0.1)",None,,,,,,,,,,,,,,1,0,1,0,0,16,16,16,11,0,11,0,796.3548912000001,,,,,,,,,,,,,,,,,,,,,,,,,,,,,,,,,,,,,,,,,,,,,,,,,,,,,,,,,,,,,,,,,,,,,,,,,,,,,,,,,,,,,,,,,,,,,796.3431872000006,796.3548912000001,796.3548912000001,796.3548912000001,796.5444760000005,None,,,,,,,,,,,,,,,,,,,,,,,,,,,,,,,,P7350,Bar_MIC,10,1,2026-05-15_14h49.41.843,MIC_task,,2026.1.2,60.04138051946148,2026-05-15 14h49.44.746353 +0200,
,,12,0,12,,,,,,,10,l18,lépcső,stairs,5,location,house,6.4,21,24,78,None,"(0.1, -0.1)",None,,,,,,,,,,,,,,1,0,1,0,0,16,16,16,12,0,12,0,796.5541644999998,,,,,,,,,,,,,,,,,,,,,,,,,,,,,,,,,,,,,,,,,,,,,,,,,,,,,,,,,,,,,,,,,,,,,,,,,,,,,,,,,,,,,,,,,,,,,796.5486770000002,796.5541644999998,796.5541644999998,796.5541644999998,796.7387223000001,None,,,,,,,,,,,,,,,,,,,,,,,,,,,,,,,,P7350,Bar_MIC,10,1,2026-05-15_14h49.41.843,MIC_task,,2026.1.2,60.04138051946148,2026-05-15 14h49.44.746353 +0200,
,,13,0,13,,,,,,,10,l18,lépcső,stairs,5,location,house,6.4,21,24,78,None,"(0.1, -0.1)",None,,,,,,,,,,,,,,1,0,1,0,0,16,16,16,13,0,13,0,796.7546606000001,,,,,,,,,,,,,,,,,,,,,,,,,,,,,,,,,,,,,,,,,,,,,,,,,,,,,,,,,,,,,,,,,,,,,,,,,,,,,,,,,,,,,,,,,,,,,796.7432979,796.7546606000001,796.7546606000001,796.7546606000001,796.9388562999998,None,,,,,,,,,,,,,,,,,,,,,,,,,,,,,,,,P7350,Bar_MIC,10,1,2026-05-15_14h49.41.843,MIC_task,,2026.1.2,60.04138051946148,2026-05-15 14h49.44.746353 +0200,
,,14,0,14,,,,,,,10,l18,lépcső,stairs,5,location,house,6.4,21,24,78,None,"(0.1, -0.1)",None,,,,,,,,,,,,,,1,0,1,0,0,16,16,16,14,0,14,0,796.9551395000003,,,,,,,,,,,,,,,,,,,,,,,,,,,,,,,,,,,,,,,,,,,,,,,,,,,,,,,,,,,,,,,,,,,,,,,,,,,,,,,,,,,,,,,,,,,,,796.9437026,796.9551395000003,796.9551395000003,796.9551395000003,797.1401630000005,None,,,,,,,,,,,,,,,,,,,,,,,,,,,,,,,,P7350,Bar_MIC,10,1,2026-05-15_14h49.41.843,MIC_task,,2026.1.2,60.04138051946148,2026-05-15 14h49.44.746353 +0200,
,,15,0,15,,,,,,,10,l18,lépcső,stairs,5,location,house,6.4,21,24,78,None,"(0.1, -0.1)",None,,,,,,,,,,,,,,1,0,1,0,0,16,16,16,15,0,15,0,797.1554041000004,,,,,,,,,,,,,,,,,,,,,,,,,,,,,,,,,,,,,,,,,,,,,,,,,,,,,,,,,,,,,,,,,,,,,,,,,,,,,,,,,,,,,,,,,,,,,797.1447545000005,797.1554041000004,797.1554041000004,797.1554041000004,797.3391697000002,None,,,,,,,,,,,,,,,,,,,,,,,,,,,,,,,,P7350,Bar_MIC,10,1,2026-05-15_14h49.41.843,MIC_task,,2026.1.2,60.04138051946148,2026-05-15 14h49.44.746353 +0200,
,,16,0,16,,,,,,,10,l18,lépcső,stairs,5,location,house,6.4,21,24,78,None,"(0.1, -0.1)",None,,,,,,,,,,,,,,1,0,1,0,0,16,16,16,16,0,16,0,797.3557155000003,,,,,,,,,,,,,,,,,,,,,,,,,,,,,,,,,,,,,,,,,,,,,,,,,,,,,,,,,,,,,,,,,,,,,,,,,,,,,,,,,,,,,,,,,,,,,797.3438019,797.3557155000003,797.3557155000003,797.3557155000003,797.5395941000002,None,,,,,,,,,,,,,,,,,,,,,,,,,,,,,,,,P7350,Bar_MIC,10,1,2026-05-15_14h49.41.843,MIC_task,,2026.1.2,60.04138051946148,2026-05-15 14h49.44.746353 +0200,
,,17,0,17,,,,,,,10,l18,lépcső,stairs,5,location,house,6.4,21,24,78,None,"(0.1, -0.1)",None,,,,,,,,,,,,,,1,0,1,0,0,16,16,16,17,0,17,0,797.5563469000003,,,,,,,,,,,,,,,,,,,,,,,,,,,,,,,,,,,,,,,,,,,,,,,,,,,,,,,,,,,,,,,,,,,,,,,,,,,,,,,,,,,,,,,,,,,,,797.5445222000003,797.5563469000003,797.5563469000003,797.5563469000003,797.7399838000006,None,,,,,,,,,,,,,,,,,,,,,,,,,,,,,,,,P7350,Bar_MIC,10,1,2026-05-15_14h49.41.843,MIC_task,,2026.1.2,60.04138051946148,2026-05-15 14h49.44.746353 +0200,
,,18,0,18,,,,,,,10,l18,lépcső,stairs,5,location,house,6.4,21,24,78,None,"(0.1, -0.1)",None,,,,,,,,,,,,,,1,0,1,0,0,16,16,16,18,0,18,0,797.7564894000002,,,,,,,,,,,,,,,,,,,,,,,,,,,,,,,,,,,,,,,,,,,,,,,,,,,,,,,,,,,,,,,,,,,,,,,,,,,,,,,,,,,,,,,,,,,,,797.7448490000002,797.7564894000002,797.7564894000002,797.7564894000002,797.9403562000002,None,,,,,,,,,,,,,,,,,,,,,,,,,,,,,,,,P7350,Bar_MIC,10,1,2026-05-15_14h49.41.843,MIC_task,,2026.1.2,60.04138051946148,2026-05-15 14h49.44.746353 +0200,
,,19,0,19,,,,,,,10,l18,lépcső,stairs,5,location,house,6.4,21,24,78,None,"(0.1, -0.1)",None,,,,,,,,,,,,,,1,0,1,0,0,16,16,16,19,0,19,0,797.9570582000001,,,,,,,,,,,,,,,,,,,,,,,,,,,,,,,,,,,,,,,,,,,,,,,,,,,,,,,,,,,,,,,,,,,,,,,,,,,,,,,,,,,,,,,,,,,,,797.9450318000004,797.9570582000001,797.9570582000001,797.9570582000001,798.1411017000005,None,,,,,,,,,,,,,,,,,,,,,,,,,,,,,,,,P7350,Bar_MIC,10,1,2026-05-15_14h49.41.843,MIC_task,,2026.1.2,60.04138051946148,2026-05-15 14h49.44.746353 +0200,
,,20,0,20,,,,,,,10,l18,lépcső,stairs,5,location,house,6.4,21,24,78,None,"(0.1, -0.1)",None,,,,,,,,,,,,,,1,0,1,0,0,16,16,16,20,0,20,0,798.1576274000004,,,,,,,,,,,,,,,,,,,,,,,,,,,,,,,,,,,,,,,,,,,,,,,,,,,,,,,,,,,,,,,,,,,,,,,,,,,,,,,,,,,,,,,,,,,,,798.1456972999999,798.1576274000004,798.1576274000004,798.1576274000004,798.3409962000001,None,,,,,,,,,,,,,,,,,,,,,,,,,,,,,,,,P7350,Bar_MIC,10,1,2026-05-15_14h49.41.843,MIC_task,,2026.1.2,60.04138051946148,2026-05-15 14h49.44.746353 +0200,
,,21,0,21,,,,,,,10,l18,lépcső,stairs,5,location,house,6.4,21,24,78,None,"(0.1, -0.1)",None,,,,,,,,,,,,,,1,0,1,0,0,16,16,16,21,0,21,0,798.3573557000004,,,,,,,,,,,,,,,,,,,,,,,,,,,,,,,,,,,,,,,,,,,,,,,,,,,,,,,,,,,,,,,,,,,,,,,,,,,,,,,,,,,,,,,,,,,,,798.3461324000004,798.3573557000004,798.3573557000004,798.3573557000004,798.5418138,None,,,,,,,,,,,,,,,,,,,,,,,,,,,,,,,,P7350,Bar_MIC,10,1,2026-05-15_14h49.41.843,MIC_task,,2026.1.2,60.04138051946148,2026-05-15 14h49.44.746353 +0200,
,,22,0,22,,,,,,,10,l18,lépcső,stairs,5,location,house,6.4,21,24,78,None,"(0.1, -0.1)",space,0.09270010000000184,None,,,,,,,,,,,,1,0,1,0,0,16,16,16,22,0,22,0,798.5584799000003,,,,,,,,,,,,,,,,,,,,,,,,,,,,,,,,,,,,,,,,,,,,,,,,,,,,,,,,,,,,,,,,,,,,,,,,,,,,,,,,,,,,,,,,,,,,,798.5466509000003,798.5584799000003,798.5584799000003,798.5584799000003,798.6590894000005,space,0.09270010000000184,None,,,,,,,,,,,,,,,,,,,,,,,,,,,,,,P7350,Bar_MIC,10,1,2026-05-15_14h49.41.843,MIC_task,,2026.1.2,60.04138051946148,2026-05-15 14h49.44.746353 +0200,
,,16,16,0,,,,space,0.3459333000000697,None,10,l18,lépcső,stairs,5,location,house,6.4,21,24,78,None,"(0.1, -0.1)",,,,,,,,,,,,,,,1,0,1,0,0,16,16,16,,,,,,,,,,,,,,,,,,,,,,,,,,,,,,,,,,,,,,,,,,,,,,,,,,,,,,,,,,,,,,,,,,,,,,,,,,,,,,,,,798.7561210999997,798.7625700000003,798.7578988000006,800.6608712000002,,,,,,802.6650860000004,802.6804521999998,802.6804521999998,803.0322793999999,,,,,,,,,,,,,800.6967641000006,800.7031481999998,800.7107226999999,802.5974491000002,802.6650141000005,space,0.3459333000000697,None,,,,,,,,,,,,,,,,,,,,,,P7350,Bar_MIC,10,1,2026-05-15_14h49.41.843,MIC_task,,2026.1.2,60.04138051946148,2026-05-15 14h49.44.746353 +0200,
,,0,0,0,,,,,,,10,f18,dinnye,melon,4,food,fruit,6.4,22,25,50,None,"(0.1, 0)",None,,,,,,,,,,,,,,1,0,1,0,0,17,17,17,0,0,0,0,803.0477600999998,,,,,,,,,,,,,,,,,,,,,,,,,,,,,,,,,,,,,,,,,,,,,,,,,,,,,,,,,,,,,,,,,,,,,,,,,,,,,,,,,,,,,,,,,,,,,803.0372579999998,803.0477600999998,803.0477600999998,803.0477600999998,803.2330296000005,None,,,,,,,,,,,,,,,,,,,,,,,,,,,,,,,,P7350,Bar_MIC,10,1,2026-05-15_14h49.41.843,MIC_task,,2026.1.2,60.04138051946148,2026-05-15 14h49.44.746353 +0200,
,,0,0,0,,,,,,,10,f18,dinnye,melon,4,food,fruit,6.4,22,25,50,None,"(0.1, 0)",None,,,,,,,,,,,,,,1,0,1,0,0,17,17,17,0,0,0,0,803.2485559000002,,,,,,,,,,,,,,,,,,,,,,,,,,,,,,,,,,,,,,,,,,,,,,,,,,,,,,,,,,,,,,,,,,,,,,,,,,,,,,,,,,,,,,,,,,,,,803.2377355000003,803.2485559000002,803.2485559000002,803.2485559000002,803.4324806,None,,,,,,,,,,,803.4484163000002,803.4484163000002,803.4484163000002,,,,,,,,,,,,,,,,,,,P7350,Bar_MIC,10,1,2026-05-15_14h49.41.843,MIC_task,,2026.1.2,60.04138051946148,2026-05-15 14h49.44.746353 +0200,
,,1,0,1,,,,,,,10,f18,dinnye,melon,4,food,fruit,6.4,22,25,50,None,"(0.1, 0)",None,,,,,,,,,,,,,,1,0,1,0,0,17,17,17,1,0,1,0,803.4484163000002,,,,,,,,,,,,,,,,,,,,,,,,,,,,,,,,,,,,,,,,,,,,,,,,,,,,,,,,,,,,,,,,,,,,,,,,,,,,,,,,,,,,,,,,,,,,,803.4371993,803.4484163000002,803.4484163000002,803.4484163000002,803.6329976000002,None,,,,,,,,,,,803.6492117000003,803.6492117000003,803.6492117000003,,,,,,,,,,,,,,,,,,,P7350,Bar_MIC,10,1,2026-05-15_14h49.41.843,MIC_task,,2026.1.2,60.04138051946148,2026-05-15 14h49.44.746353 +0200,
,,2,0,2,,,,,,,10,f18,dinnye,melon,4,food,fruit,6.4,22,25,50,None,"(0.1, 0)",None,,,,,,,,,,,,,,1,0,1,0,0,17,17,17,2,0,2,0,803.6492117000003,,,,,,,,,,,,,,,,,,,,,,,,,,,,,,,,,,,,,,,,,,,,,,,,,,,,,,,,,,,,,,,,,,,,,,,,,,,,,,,,,,,,,,,,,,,,,803.6375726000001,803.6492117000003,803.6492117000003,803.6492117000003,803.8326966999998,None,,,,,,,,,,,,,,,,,,,,,,,,,,,,,,,,P7350,Bar_MIC,10,1,2026-05-15_14h49.41.843,MIC_task,,2026.1.2,60.04138051946148,2026-05-15 14h49.44.746353 +0200,
,,3,0,3,,,,,,,10,f18,dinnye,melon,4,food,fruit,6.4,22,25,50,None,"(0.1, 0)",None,,,,,,,,,,,,,,1,0,1,0,0,17,17,17,3,0,3,0,803.8492085000003,,,,,,,,,,,,,,,,,,,,,,,,,,,,,,,,,,,,,,,,,,,,,,,,,,,,,,,,,,,,,,,,,,,,,,,,,,,,,,,,,,,,,,,,,,,,,803.8375768000001,803.8492085000003,803.8492085000003,803.8492085000003,804.0330123999997,None,,,,,,,,,,,,,,,,,,,,,,,,,,,,,,,,P7350,Bar_MIC,10,1,2026-05-15_14h49.41.843,MIC_task,,2026.1.2,60.04138051946148,2026-05-15 14h49.44.746353 +0200,
,,4,0,4,,,,,,,10,f18,dinnye,melon,4,food,fruit,6.4,22,25,50,None,"(0.1, 0)",None,,,,,,,,,,,,,,1,0,1,0,0,17,17,17,4,0,4,0,804.0496445000003,,,,,,,,,,,,,,,,,,,,,,,,,,,,,,,,,,,,,,,,,,,,,,,,,,,,,,,,,,,,,,,,,,,,,,,,,,,,,,,,,,,,,,,,,,,,,804.0378555000002,804.0496445000003,804.0496445000003,804.0496445000003,804.2338218,None,,,,,,,,,,,,,,,,,,,,,,,,,,,,,,,,P7350,Bar_MIC,10,1,2026-05-15_14h49.41.843,MIC_task,,2026.1.2,60.04138051946148,2026-05-15 14h49.44.746353 +0200,
,,5,0,5,,,,,,,10,f18,dinnye,melon,4,food,fruit,6.4,22,25,50,None,"(0.1, 0)",None,,,,,,,,,,,,,,1,0,1,0,0,17,17,17,5,0,5,0,804.2500089,,,,,,,,,,,,,,,,,,,,,,,,,,,,,,,,,,,,,,,,,,,,,,,,,,,,,,,,,,,,,,,,,,,,,,,,,,,,,,,,,,,,,,,,,,,,,804.2384707000006,804.2500089,804.2500089,804.2500089,804.4343771999997,None,,,,,,,,,,,,,,,,,,,,,,,,,,,,,,,,P7350,Bar_MIC,10,1,2026-05-15_14h49.41.843,MIC_task,,2026.1.2,60.04138051946148,2026-05-15 14h49.44.746353 +0200,
,,6,0,6,,,,,,,10,f18,dinnye,melon,4,food,fruit,6.4,22,25,50,None,"(0.1, 0)",None,,,,,,,,,,,,,,1,0,1,0,0,17,17,17,6,0,6,0,804.4503380000001,,,,,,,,,,,,,,,,,,,,,,,,,,,,,,,,,,,,,,,,,,,,,,,,,,,,,,,,,,,,,,,,,,,,,,,,,,,,,,,,,,,,,,,,,,,,,804.4388597000002,804.4503380000001,804.4503380000001,804.4503380000001,804.6341566000006,None,,,,,,,,,,,,,,,,,,,,,,,,,,,,,,,,P7350,Bar_MIC,10,1,2026-05-15_14h49.41.843,MIC_task,,2026.1.2,60.04138051946148,2026-05-15 14h49.44.746353 +0200,
,,7,0,7,,,,,,,10,f18,dinnye,melon,4,food,fruit,6.4,22,25,50,None,"(0.1, 0)",None,,,,,,,,,,,,,,1,0,1,0,0,17,17,17,7,0,7,0,804.6512017999999,,,,,,,,,,,,,,,,,,,,,,,,,,,,,,,,,,,,,,,,,,,,,,,,,,,,,,,,,,,,,,,,,,,,,,,,,,,,,,,,,,,,,,,,,,,,,804.6385813000002,804.6512017999999,804.6512017999999,804.6512017999999,804.8399807999999,None,,,,,,,,,,,,,,,,,,,,,,,,,,,,,,,,P7350,Bar_MIC,10,1,2026-05-15_14h49.41.843,MIC_task,,2026.1.2,60.04138051946148,2026-05-15 14h49.44.746353 +0200,
,,8,0,8,,,,,,,10,f18,dinnye,melon,4,food,fruit,6.4,22,25,50,None,"(0.1, 0)",None,,,,,,,,,,,,,,1,0,1,0,0,17,17,17,8,0,8,0,804.8501971999999,,,,,,,,,,,,,,,,,,,,,,,,,,,,,,,,,,,,,,,,,,,,,,,,,,,,,,,,,,,,,,,,,,,,,,,,,,,,,,,,,,,,,,,,,,,,,804.8450220999998,804.8501971999999,804.8501971999999,804.8501971999999,805.0353356999999,None,,,,,,,,,,,,,,,,,,,,,,,,,,,,,,,,P7350,Bar_MIC,10,1,2026-05-15_14h49.41.843,MIC_task,,2026.1.2,60.04138051946148,2026-05-15 14h49.44.746353 +0200,
,,9,0,9,,,,,,,10,f18,dinnye,melon,4,food,fruit,6.4,22,25,50,None,"(0.1, 0)",None,,,,,,,,,,,,,,1,0,1,0,0,17,17,17,9,0,9,0,805.0507086000002,,,,,,,,,,,,,,,,,,,,,,,,,,,,,,,,,,,,,,,,,,,,,,,,,,,,,,,,,,,,,,,,,,,,,,,,,,,,,,,,,,,,,,,,,,,,,805.0398083000005,805.0507086000002,805.0507086000002,805.0507086000002,805.2352692999998,None,,,,,,,,,,,,,,,,,,,,,,,,,,,,,,,,P7350,Bar_MIC,10,1,2026-05-15_14h49.41.843,MIC_task,,2026.1.2,60.04138051946148,2026-05-15 14h49.44.746353 +0200,
,,10,0,10,,,,,,,10,f18,dinnye,melon,4,food,fruit,6.4,22,25,50,None,"(0.1, 0)",None,,,,,,,,,,,,,,1,0,1,0,0,17,17,17,10,0,10,0,805.2510949000002,,,,,,,,,,,,,,,,,,,,,,,,,,,,,,,,,,,,,,,,,,,,,,,,,,,,,,,,,,,,,,,,,,,,,,,,,,,,,,,,,,,,,,,,,,,,,805.2398245999998,805.2510949000002,805.2510949000002,805.2510949000002,805.4356836000002,None,,,,,,,,,,,,,,,,,,,,,,,,,,,,,,,,P7350,Bar_MIC,10,1,2026-05-15_14h49.41.843,MIC_task,,2026.1.2,60.04138051946148,2026-05-15 14h49.44.746353 +0200,
,,11,0,11,,,,,,,10,f18,dinnye,melon,4,food,fruit,6.4,22,25,50,None,"(0.1, 0)",None,,,,,,,,,,,,,,1,0,1,0,0,17,17,17,11,0,11,0,805.4517385000004,,,,,,,,,,,,,,,,,,,,,,,,,,,,,,,,,,,,,,,,,,,,,,,,,,,,,,,,,,,,,,,,,,,,,,,,,,,,,,,,,,,,,,,,,,,,,805.4401653,805.4517385000004,805.4517385000004,805.4517385000004,805.6352852000005,None,,,,,,,,,,,,,,,,,,,,,,,,,,,,,,,,P7350,Bar_MIC,10,1,2026-05-15_14h49.41.843,MIC_task,,2026.1.2,60.04138051946148,2026-05-15 14h49.44.746353 +0200,
,,12,0,12,,,,,,,10,f18,dinnye,melon,4,food,fruit,6.4,22,25,50,None,"(0.1, 0)",None,,,,,,,,,,,,,,1,0,1,0,0,17,17,17,12,0,12,0,805.6543148000005,,,,,,,,,,,,,,,,,,,,,,,,,,,,,,,,,,,,,,,,,,,,,,,,,,,,,,,,,,,,,,,,,,,,,,,,,,,,,,,,,,,,,,,,,,,,,805.6396497000001,805.6543148000005,805.6543148000005,805.6543148000005,805.8367721999998,None,,,,,,,,,,,,,,,,,,,,,,,,,,,,,,,,P7350,Bar_MIC,10,1,2026-05-15_14h49.41.843,MIC_task,,2026.1.2,60.04138051946148,2026-05-15 14h49.44.746353 +0200,
,,13,0,13,,,,,,,10,f18,dinnye,melon,4,food,fruit,6.4,22,25,50,None,"(0.1, 0)",space,0.04716599999937898,None,,,,,,,,,,,,1,0,1,0,0,17,17,17,13,0,13,0,805.8527002000005,,,,,,,,,,,,,,,,,,,,,,,,,,,,,,,,,,,,,,,,,,,,,,,,,,,,,,,,,,,,,,,,,,,,,,,,,,,,,,,,,,,,,,,,,,,,,805.8413354999998,805.8527002000005,805.8527002000005,805.8527002000005,805.9044607000001,space,0.04716599999937898,None,,,,,,,,,,,,,,,,,,,,,,,,,,,,,,P7350,Bar_MIC,10,1,2026-05-15_14h49.41.843,MIC_task,,2026.1.2,60.04138051946148,2026-05-15 14h49.44.746353 +0200,
,,17,17,0,,,,space,0.2531380000000354,None,10,f18,dinnye,melon,4,food,fruit,6.4,22,25,50,None,"(0.1, 0)",,,,,,,,,,,,,,,1,0,1,0,0,17,17,17,,,,,,,,,,,,,,,,,,,,,,,,,,,,,,,,,,,,,,,,,,,,,,,,,,,,,,,,,,,,,,,,,,,,,,,,,,,,,,,,,806.0072935000003,806.0149664000005,806.0196973666665,807.9058286000004,,,,,,809.9090541999999,809.9253220000005,809.9253220000005,810.1930600000001,,,,,,,,,,,,,807.9340951999998,807.9413335000004,807.9389980333335,809.8415049,809.9089948000005,space,0.2531380000000354,None,,,,,,,,,,,,,,,,,,,,,,P7350,Bar_MIC,10,1,2026-05-15_14h49.41.843,MIC_task,,2026.1.2,60.04138051946148,2026-05-15 14h49.44.746353 +0200,
,,0,0,0,,,,,,,10,p19,rendőr,police officier,6,people,professions,6.8,179,25,53,None,"(-0.1, 0)",None,,,,,,,,,,,,,,1,0,1,0,0,18,18,18,0,0,0,0,810.2088272000005,,,,,,,,,,,,,,,,,,,,,,,,,,,,,,,,,,,,,,,,,,,,,,,,,,,,,,,,,,,,,,,,,,,,,,,,,,,,,,,,,,,,,,,,,,,,,810.1978341999998,810.2088272000005,810.2088272000005,810.2088272000005,810.3931198000005,None,,,,,,,,,,,810.4089362,810.4089362,810.4089362,,,,,,,,,,,,,,,,,,,P7350,Bar_MIC,10,1,2026-05-15_14h49.41.843,MIC_task,,2026.1.2,60.04138051946148,2026-05-15 14h49.44.746353 +0200,
,,0,0,0,,,,,,,10,p19,rendőr,police officier,6,people,professions,6.8,179,25,53,None,"(-0.1, 0)",None,,,,,,,,,,,,,,1,0,1,0,0,18,18,18,0,0,0,0,810.4089362,,,,,,,,,,,,,,,,,,,,,,,,,,,,,,,,,,,,,,,,,,,,,,,,,,,,,,,,,,,,,,,,,,,,,,,,,,,,,,,,,,,,,,,,,,,,,810.3975470999999,810.4089362,810.4089362,810.4089362,810.5934810000003,None,,,,,,,,,,,810.6093399000006,810.6093399000006,810.6093399000006,,,,,,,,,,,,,,,,,,,P7350,Bar_MIC,10,1,2026-05-15_14h49.41.843,MIC_task,,2026.1.2,60.04138051946148,2026-05-15 14h49.44.746353 +0200,
,,1,0,1,,,,,,,10,p19,rendőr,police officier,6,people,professions,6.8,179,25,53,None,"(-0.1, 0)",None,,,,,,,,,,,,,,1,0,1,0,0,18,18,18,1,0,1,0,810.6093399000006,,,,,,,,,,,,,,,,,,,,,,,,,,,,,,,,,,,,,,,,,,,,,,,,,,,,,,,,,,,,,,,,,,,,,,,,,,,,,,,,,,,,,,,,,,,,,810.5982548000006,810.6093399000006,810.6093399000006,810.6093399000006,810.7938169000004,None,,,,,,,,,,,810.8096811,810.8096811,810.8096811,,,,,,,,,,,,,,,,,,,P7350,Bar_MIC,10,1,2026-05-15_14h49.41.843,MIC_task,,2026.1.2,60.04138051946148,2026-05-15 14h49.44.746353 +0200,
,,2,0,2,,,,,,,10,p19,rendőr,police officier,6,people,professions,6.8,179,25,53,None,"(-0.1, 0)",None,,,,,,,,,,,,,,1,0,1,0,0,18,18,18,2,0,2,0,810.8096811,,,,,,,,,,,,,,,,,,,,,,,,,,,,,,,,,,,,,,,,,,,,,,,,,,,,,,,,,,,,,,,,,,,,,,,,,,,,,,,,,,,,,,,,,,,,,810.7984530999997,810.8096811,810.8096811,810.8096811,810.9936354000006,None,,,,,,,,,,,,,,,,,,,,,,,,,,,,,,,,P7350,Bar_MIC,10,1,2026-05-15_14h49.41.843,MIC_task,,2026.1.2,60.04138051946148,2026-05-15 14h49.44.746353 +0200,
,,3,0,3,,,,,,,10,p19,rendőr,police officier,6,people,professions,6.8,179,25,53,None,"(-0.1, 0)",None,,,,,,,,,,,,,,1,0,1,0,0,18,18,18,3,0,3,0,811.0101166999998,,,,,,,,,,,,,,,,,,,,,,,,,,,,,,,,,,,,,,,,,,,,,,,,,,,,,,,,,,,,,,,,,,,,,,,,,,,,,,,,,,,,,,,,,,,,,810.9980541,811.0101166999998,811.0101166999998,811.0101166999998,811.1940078000002,None,,,,,,,,,,,,,,,,,,,,,,,,,,,,,,,,P7350,Bar_MIC,10,1,2026-05-15_14h49.41.843,MIC_task,,2026.1.2,60.04138051946148,2026-05-15 14h49.44.746353 +0200,
,,4,0,4,,,,,,,10,p19,rendőr,police officier,6,people,professions,6.8,179,25,53,None,"(-0.1, 0)",None,,,,,,,,,,,,,,1,0,1,0,0,18,18,18,4,0,4,0,811.2104617999998,,,,,,,,,,,,,,,,,,,,,,,,,,,,,,,,,,,,,,,,,,,,,,,,,,,,,,,,,,,,,,,,,,,,,,,,,,,,,,,,,,,,,,,,,,,,,811.1984814000002,811.2104617999998,811.2104617999998,811.2104617999998,811.3955121000004,None,,,,,,,,,,,,,,,,,,,,,,,,,,,,,,,,P7350,Bar_MIC,10,1,2026-05-15_14h49.41.843,MIC_task,,2026.1.2,60.04138051946148,2026-05-15 14h49.44.746353 +0200,
,,5,0,5,,,,,,,10,p19,rendőr,police officier,6,people,professions,6.8,179,25,53,None,"(-0.1, 0)",None,,,,,,,,,,,,,,1,0,1,0,0,18,18,18,5,0,5,0,811.4108378000005,,,,,,,,,,,,,,,,,,,,,,,,,,,,,,,,,,,,,,,,,,,,,,,,,,,,,,,,,,,,,,,,,,,,,,,,,,,,,,,,,,,,,,,,,,,,,811.4000264000001,811.4108378000005,811.4108378000005,811.4108378000005,811.5946702000006,None,,,,,,,,,,,,,,,,,,,,,,,,,,,,,,,,P7350,Bar_MIC,10,1,2026-05-15_14h49.41.843,MIC_task,,2026.1.2,60.04138051946148,2026-05-15 14h49.44.746353 +0200,
,,6,0,6,,,,,,,10,p19,rendőr,police officier,6,people,professions,6.8,179,25,53,None,"(-0.1, 0)",None,,,,,,,,,,,,,,1,0,1,0,0,18,18,18,6,0,6,0,811.6111495,,,,,,,,,,,,,,,,,,,,,,,,,,,,,,,,,,,,,,,,,,,,,,,,,,,,,,,,,,,,,,,,,,,,,,,,,,,,,,,,,,,,,,,,,,,,,811.5993067000004,811.6111495,811.6111495,811.6111495,811.7949080000003,None,,,,,,,,,,,,,,,,,,,,,,,,,,,,,,,,P7350,Bar_MIC,10,1,2026-05-15_14h49.41.843,MIC_task,,2026.1.2,60.04138051946148,2026-05-15 14h49.44.746353 +0200,
,,7,0,7,,,,,,,10,p19,rendőr,police officier,6,people,professions,6.8,179,25,53,None,"(-0.1, 0)",None,,,,,,,,,,,,,,1,0,1,0,0,18,18,18,7,0,7,0,811.8120728999997,,,,,,,,,,,,,,,,,,,,,,,,,,,,,,,,,,,,,,,,,,,,,,,,,,,,,,,,,,,,,,,,,,,,,,,,,,,,,,,,,,,,,,,,,,,,,811.7989012000003,811.8120728999997,811.8120728999997,811.8120728999997,811.9953529999998,None,,,,,,,,,,,,,,,,,,,,,,,,,,,,,,,,P7350,Bar_MIC,10,1,2026-05-15_14h49.41.843,MIC_task,,2026.1.2,60.04138051946148,2026-05-15 14h49.44.746353 +0200,
,,8,0,8,,,,,,,10,p19,rendőr,police officier,6,people,professions,6.8,179,25,53,None,"(-0.1, 0)",None,,,,,,,,,,,,,,1,0,1,0,0,18,18,18,8,0,8,0,812.0111750000001,,,,,,,,,,,,,,,,,,,,,,,,,,,,,,,,,,,,,,,,,,,,,,,,,,,,,,,,,,,,,,,,,,,,,,,,,,,,,,,,,,,,,,,,,,,,,811.9996526,812.0111750000001,812.0111750000001,812.0111750000001,812.1967943000004,None,,,,,,,,,,,,,,,,,,,,,,,,,,,,,,,,P7350,Bar_MIC,10,1,2026-05-15_14h49.41.843,MIC_task,,2026.1.2,60.04138051946148,2026-05-15 14h49.44.746353 +0200,
,,9,0,9,,,,,,,10,p19,rendőr,police officier,6,people,professions,6.8,179,25,53,None,"(-0.1, 0)",None,,,,,,,,,,,,,,1,0,1,0,0,18,18,18,9,0,9,0,812.2130849999999,,,,,,,,,,,,,,,,,,,,,,,,,,,,,,,,,,,,,,,,,,,,,,,,,,,,,,,,,,,,,,,,,,,,,,,,,,,,,,,,,,,,,,,,,,,,,812.2011858999999,812.2130849999999,812.2130849999999,812.2130849999999,812.3971286000001,None,,,,,,,,,,,,,,,,,,,,,,,,,,,,,,,,P7350,Bar_MIC,10,1,2026-05-15_14h49.41.843,MIC_task,,2026.1.2,60.04138051946148,2026-05-15 14h49.44.746353 +0200,
,,10,0,10,,,,,,,10,p19,rendőr,police officier,6,people,professions,6.8,179,25,53,None,"(-0.1, 0)",None,,,,,,,,,,,,,,1,0,1,0,0,18,18,18,10,0,10,0,812.4119231999998,,,,,,,,,,,,,,,,,,,,,,,,,,,,,,,,,,,,,,,,,,,,,,,,,,,,,,,,,,,,,,,,,,,,,,,,,,,,,,,,,,,,,,,,,,,,,812.4015242,812.4119231999998,812.4119231999998,812.4119231999998,812.5956785000003,None,,,,,,,,,,,,,,,,,,,,,,,,,,,,,,,,P7350,Bar_MIC,10,1,2026-05-15_14h49.41.843,MIC_task,,2026.1.2,60.04138051946148,2026-05-15 14h49.44.746353 +0200,
,,11,0,11,,,,,,,10,p19,rendőr,police officier,6,people,professions,6.8,179,25,53,None,"(-0.1, 0)",None,,,,,,,,,,,,,,1,0,1,0,0,18,18,18,11,0,11,0,812.6123325000003,,,,,,,,,,,,,,,,,,,,,,,,,,,,,,,,,,,,,,,,,,,,,,,,,,,,,,,,,,,,,,,,,,,,,,,,,,,,,,,,,,,,,,,,,,,,,812.6000779999999,812.6123325000003,812.6123325000003,812.6123325000003,812.7961399999999,None,,,,,,,,,,,,,,,,,,,,,,,,,,,,,,,,P7350,Bar_MIC,10,1,2026-05-15_14h49.41.843,MIC_task,,2026.1.2,60.04138051946148,2026-05-15 14h49.44.746353 +0200,
,,12,0,12,,,,,,,10,p19,rendőr,police officier,6,people,professions,6.8,179,25,53,None,"(-0.1, 0)",None,,,,,,,,,,,,,,1,0,1,0,0,18,18,18,12,0,12,0,812.8127679000004,,,,,,,,,,,,,,,,,,,,,,,,,,,,,,,,,,,,,,,,,,,,,,,,,,,,,,,,,,,,,,,,,,,,,,,,,,,,,,,,,,,,,,,,,,,,,812.8003975000006,812.8127679000004,812.8127679000004,812.8127679000004,812.9988291000004,None,,,,,,,,,,,,,,,,,,,,,,,,,,,,,,,,P7350,Bar_MIC,10,1,2026-05-15_14h49.41.843,MIC_task,,2026.1.2,60.04138051946148,2026-05-15 14h49.44.746353 +0200,
,,13,0,13,,,,,,,10,p19,rendőr,police officier,6,people,professions,6.8,179,25,53,None,"(-0.1, 0)",None,,,,,,,,,,,,,,1,0,1,0,0,18,18,18,13,0,13,0,813.0134278,,,,,,,,,,,,,,,,,,,,,,,,,,,,,,,,,,,,,,,,,,,,,,,,,,,,,,,,,,,,,,,,,,,,,,,,,,,,,,,,,,,,,,,,,,,,,813.0029340000006,813.0134278,813.0134278,813.0134278,813.1978119999999,None,,,,,,,,,,,,,,,,,,,,,,,,,,,,,,,,P7350,Bar_MIC,10,1,2026-05-15_14h49.41.843,MIC_task,,2026.1.2,60.04138051946148,2026-05-15 14h49.44.746353 +0200,
,,14,0,14,,,,,,,10,p19,rendőr,police officier,6,people,professions,6.8,179,25,53,None,"(-0.1, 0)",None,,,,,,,,,,,,,,1,0,1,0,0,18,18,18,14,0,14,0,813.2136227000005,,,,,,,,,,,,,,,,,,,,,,,,,,,,,,,,,,,,,,,,,,,,,,,,,,,,,,,,,,,,,,,,,,,,,,,,,,,,,,,,,,,,,,,,,,,,,813.2020674,813.2136227000005,813.2136227000005,813.2136227000005,813.3975691,None,,,,,,,,,,,,,,,,,,,,,,,,,,,,,,,,P7350,Bar_MIC,10,1,2026-05-15_14h49.41.843,MIC_task,,2026.1.2,60.04138051946148,2026-05-15 14h49.44.746353 +0200,
,,15,0,15,,,,,,,10,p19,rendőr,police officier,6,people,professions,6.8,179,25,53,None,"(-0.1, 0)",None,,,,,,,,,,,,,,1,0,1,0,0,18,18,18,15,0,15,0,813.4143226000001,,,,,,,,,,,,,,,,,,,,,,,,,,,,,,,,,,,,,,,,,,,,,,,,,,,,,,,,,,,,,,,,,,,,,,,,,,,,,,,,,,,,,,,,,,,,,813.4020314000004,813.4143226000001,813.4143226000001,813.4143226000001,813.5976289000005,None,,,,,,,,,,,,,,,,,,,,,,,,,,,,,,,,P7350,Bar_MIC,10,1,2026-05-15_14h49.41.843,MIC_task,,2026.1.2,60.04138051946148,2026-05-15 14h49.44.746353 +0200,
,,16,0,16,,,,,,,10,p19,rendőr,police officier,6,people,professions,6.8,179,25,53,None,"(-0.1, 0)",None,,,,,,,,,,,,,,1,0,1,0,0,18,18,18,16,0,16,0,813.6143336999999,,,,,,,,,,,,,,,,,,,,,,,,,,,,,,,,,,,,,,,,,,,,,,,,,,,,,,,,,,,,,,,,,,,,,,,,,,,,,,,,,,,,,,,,,,,,,813.6018384000004,813.6143336999999,813.6143336999999,813.6143336999999,813.8043612000006,None,,,,,,,,,,,,,,,,,,,,,,,,,,,,,,,,P7350,Bar_MIC,10,1,2026-05-15_14h49.41.843,MIC_task,,2026.1.2,60.04138051946148,2026-05-15 14h49.44.746353 +0200,
,,17,0,17,,,,,,,10,p19,rendőr,police officier,6,people,professions,6.8,179,25,53,None,"(-0.1, 0)",None,,,,,,,,,,,,,,1,0,1,0,0,18,18,18,17,0,17,0,813.8137922999999,,,,,,,,,,,,,,,,,,,,,,,,,,,,,,,,,,,,,,,,,,,,,,,,,,,,,,,,,,,,,,,,,,,,,,,,,,,,,,,,,,,,,,,,,,,,,813.8087065000004,813.8137922999999,813.8137922999999,813.8137922999999,813.9993917000006,None,,,,,,,,,,,,,,,,,,,,,,,,,,,,,,,,P7350,Bar_MIC,10,1,2026-05-15_14h49.41.843,MIC_task,,2026.1.2,60.04138051946148,2026-05-15 14h49.44.746353 +0200,
,,18,0,18,,,,,,,10,p19,rendőr,police officier,6,people,professions,6.8,179,25,53,None,"(-0.1, 0)",None,,,,,,,,,,,,,,1,0,1,0,0,18,18,18,18,0,18,0,814.0149359000002,,,,,,,,,,,,,,,,,,,,,,,,,,,,,,,,,,,,,,,,,,,,,,,,,,,,,,,,,,,,,,,,,,,,,,,,,,,,,,,,,,,,,,,,,,,,,814.0041008000003,814.0149359000002,814.0149359000002,814.0149359000002,814.1988594,None,,,,,,,,,,,,,,,,,,,,,,,,,,,,,,,,P7350,Bar_MIC,10,1,2026-05-15_14h49.41.843,MIC_task,,2026.1.2,60.04138051946148,2026-05-15 14h49.44.746353 +0200,
,,19,0,19,,,,,,,10,p19,rendőr,police officier,6,people,professions,6.8,179,25,53,None,"(-0.1, 0)",None,,,,,,,,,,,,,,1,0,1,0,0,18,18,18,19,0,19,0,814.2158683000002,,,,,,,,,,,,,,,,,,,,,,,,,,,,,,,,,,,,,,,,,,,,,,,,,,,,,,,,,,,,,,,,,,,,,,,,,,,,,,,,,,,,,,,,,,,,,814.2031780000002,814.2158683000002,814.2158683000002,814.2158683000002,814.3983111000002,None,,,,,,,,,,,,,,,,,,,,,,,,,,,,,,,,P7350,Bar_MIC,10,1,2026-05-15_14h49.41.843,MIC_task,,2026.1.2,60.04138051946148,2026-05-15 14h49.44.746353 +0200,
,,20,0,20,,,,,,,10,p19,rendőr,police officier,6,people,professions,6.8,179,25,53,None,"(-0.1, 0)",None,,,,,,,,,,,,,,1,0,1,0,0,18,18,18,20,0,20,0,814.4164147000006,,,,,,,,,,,,,,,,,,,,,,,,,,,,,,,,,,,,,,,,,,,,,,,,,,,,,,,,,,,,,,,,,,,,,,,,,,,,,,,,,,,,,,,,,,,,,814.4028791000005,814.4164147000006,814.4164147000006,814.4164147000006,814.6000722000003,None,,,,,,,,,,,,,,,,,,,,,,,,,,,,,,,,P7350,Bar_MIC,10,1,2026-05-15_14h49.41.843,MIC_task,,2026.1.2,60.04138051946148,2026-05-15 14h49.44.746353 +0200,
,,21,0,21,,,,,,,10,p19,rendőr,police officier,6,people,professions,6.8,179,25,53,None,"(-0.1, 0)",None,,,,,,,,,,,,,,1,0,1,0,0,18,18,18,21,0,21,0,814.6153627999997,,,,,,,,,,,,,,,,,,,,,,,,,,,,,,,,,,,,,,,,,,,,,,,,,,,,,,,,,,,,,,,,,,,,,,,,,,,,,,,,,,,,,,,,,,,,,814.6048340000002,814.6153627999997,814.6153627999997,814.6153627999997,814.7990566000003,None,,,,,,,,,,,,,,,,,,,,,,,,,,,,,,,,P7350,Bar_MIC,10,1,2026-05-15_14h49.41.843,MIC_task,,2026.1.2,60.04138051946148,2026-05-15 14h49.44.746353 +0200,
,,22,0,22,,,,,,,10,p19,rendőr,police officier,6,people,professions,6.8,179,25,53,None,"(-0.1, 0)",None,,,,,,,,,,,,,,1,0,1,0,0,18,18,18,22,0,22,0,814.8157782000003,,,,,,,,,,,,,,,,,,,,,,,,,,,,,,,,,,,,,,,,,,,,,,,,,,,,,,,,,,,,,,,,,,,,,,,,,,,,,,,,,,,,,,,,,,,,,814.8033492999998,814.8157782000003,814.8157782000003,814.8157782000003,814.9994128000003,None,,,,,,,,,,,,,,,,,,,,,,,,,,,,,,,,P7350,Bar_MIC,10,1,2026-05-15_14h49.41.843,MIC_task,,2026.1.2,60.04138051946148,2026-05-15 14h49.44.746353 +0200,
,,23,0,23,,,,,,,10,p19,rendőr,police officier,6,people,professions,6.8,179,25,53,None,"(-0.1, 0)",None,,,,,,,,,,,,,,1,0,1,0,0,18,18,18,23,0,23,0,815.0161641999998,,,,,,,,,,,,,,,,,,,,,,,,,,,,,,,,,,,,,,,,,,,,,,,,,,,,,,,,,,,,,,,,,,,,,,,,,,,,,,,,,,,,,,,,,,,,,815.0038576000002,815.0161641999998,815.0161641999998,815.0161641999998,815.1999902000002,None,,,,,,,,,,,,,,,,,,,,,,,,,,,,,,,,P7350,Bar_MIC,10,1,2026-05-15_14h49.41.843,MIC_task,,2026.1.2,60.04138051946148,2026-05-15 14h49.44.746353 +0200,
,,24,0,24,,,,,,,10,p19,rendőr,police officier,6,people,professions,6.8,179,25,53,None,"(-0.1, 0)",None,,,,,,,,,,,,,,1,0,1,0,0,18,18,18,24,0,24,0,815.2164339000005,,,,,,,,,,,,,,,,,,,,,,,,,,,,,,,,,,,,,,,,,,,,,,,,,,,,,,,,,,,,,,,,,,,,,,,,,,,,,,,,,,,,,,,,,,,,,815.2041699000006,815.2164339000005,815.2164339000005,815.2164339000005,815.4002432000002,None,,,,,,,,,,,,,,,,,,,,,,,,,,,,,,,,P7350,Bar_MIC,10,1,2026-05-15_14h49.41.843,MIC_task,,2026.1.2,60.04138051946148,2026-05-15 14h49.44.746353 +0200,
,,25,0,25,,,,,,,10,p19,rendőr,police officier,6,people,professions,6.8,179,25,53,None,"(-0.1, 0)",space,0.06459709999944607,None,,,,,,,,,,,,1,0,1,0,0,18,18,18,25,0,25,0,815.4172193999998,,,,,,,,,,,,,,,,,,,,,,,,,,,,,,,,,,,,,,,,,,,,,,,,,,,,,,,,,,,,,,,,,,,,,,,,,,,,,,,,,,,,,,,,,,,,,815.4049661000004,815.4172193999998,815.4172193999998,815.4172193999998,815.4851009999998,space,0.06459709999944607,None,,,,,,,,,,,,,,,,,,,,,,,,,,,,,,P7350,Bar_MIC,10,1,2026-05-15_14h49.41.843,MIC_task,,2026.1.2,60.04138051946148,2026-05-15 14h49.44.746353 +0200,
,,18,18,0,,,,space,0.27119930000026216,None,10,p19,rendőr,police officier,6,people,professions,6.8,179,25,53,None,"(-0.1, 0)",,,,,,,,,,,,,,,1,0,1,0,0,18,18,18,,,,,,,,,,,,,,,,,,,,,,,,,,,,,,,,,,,,,,,,,,,,,,,,,,,,,,,,,,,,,,,,,,,,,,,,,,,,,,,,,815.5859169999999,815.5929541,815.600464866667,817.4870216000004,,,,,,819.4911042999997,819.5069661000002,819.5069661000002,819.7912799999999,,,,,,,,,,,,,817.5168871000001,817.5239131000003,817.5202020333336,819.4070089000002,819.4910430000004,space,0.27119930000026216,None,,,,,,,,,,,,,,,,,,,,,,P7350,Bar_MIC,10,1,2026-05-15_14h49.41.843,MIC_task,,2026.1.2,60.04138051946148,2026-05-15 14h49.44.746353 +0200,
,,0,0,0,,,,,,,10,v10,bicikli,bicycle,10,vehicles,wheels,7,None,None,57,19,"(0, 0.1)",None,,,,,,,,,,,,,,1,0,1,0,0,19,19,19,0,0,0,0,819.8067354,,,,,,,,,,,,,,,,,,,,,,,,,,,,,,,,,,,,,,,,,,,,,,,,,,,,,,,,,,,,,,,,,,,,,,,,,,,,,,,,,,,,,,,,,,,,,819.7964617000002,819.8067354,819.8067354,819.8067354,819.9912217000006,None,,,,,,,,,,,820.0071889000005,820.0071889000005,820.0071889000005,,,,,,,,,,,,,,,,,,,P7350,Bar_MIC,10,1,2026-05-15_14h49.41.843,MIC_task,,2026.1.2,60.04138051946148,2026-05-15 14h49.44.746353 +0200,
,,0,0,0,,,,,,,10,v10,bicikli,bicycle,10,vehicles,wheels,7,None,None,57,19,"(0, 0.1)",None,,,,,,,,,,,,,,1,0,1,0,0,19,19,19,0,0,0,0,820.0071889000005,,,,,,,,,,,,,,,,,,,,,,,,,,,,,,,,,,,,,,,,,,,,,,,,,,,,,,,,,,,,,,,,,,,,,,,,,,,,,,,,,,,,,,,,,,,,,819.9959140000005,820.0071889000005,820.0071889000005,820.0071889000005,820.1916655,None,,,,,,,,,,,820.2075104999999,820.2075104999999,820.2075104999999,,,,,,,,,,,,,,,,,,,P7350,Bar_MIC,10,1,2026-05-15_14h49.41.843,MIC_task,,2026.1.2,60.04138051946148,2026-05-15 14h49.44.746353 +0200,
,,1,0,1,,,,,,,10,v10,bicikli,bicycle,10,vehicles,wheels,7,None,None,57,19,"(0, 0.1)",None,,,,,,,,,,,,,,1,0,1,0,0,19,19,19,1,0,1,0,820.2075104999999,,,,,,,,,,,,,,,,,,,,,,,,,,,,,,,,,,,,,,,,,,,,,,,,,,,,,,,,,,,,,,,,,,,,,,,,,,,,,,,,,,,,,,,,,,,,,820.1960629,820.2075104999999,820.2075104999999,820.2075104999999,820.3925887,None,,,,,,,,,,,,,,,,,,,,,,,,,,,,,,,,P7350,Bar_MIC,10,1,2026-05-15_14h49.41.843,MIC_task,,2026.1.2,60.04138051946148,2026-05-15 14h49.44.746353 +0200,
,,2,0,2,,,,,,,10,v10,bicikli,bicycle,10,vehicles,wheels,7,None,None,57,19,"(0, 0.1)",None,,,,,,,,,,,,,,1,0,1,0,0,19,19,19,2,0,2,0,820.4121916999998,,,,,,,,,,,,,,,,,,,,,,,,,,,,,,,,,,,,,,,,,,,,,,,,,,,,,,,,,,,,,,,,,,,,,,,,,,,,,,,,,,,,,,,,,,,,,820.3972463000005,820.4121916999998,820.4121916999998,820.4121916999998,820.5920145000005,None,,,,,,,,,,,,,,,,,,,,,,,,,,,,,,,,P7350,Bar_MIC,10,1,2026-05-15_14h49.41.843,MIC_task,,2026.1.2,60.04138051946148,2026-05-15 14h49.44.746353 +0200,
,,3,0,3,,,,,,,10,v10,bicikli,bicycle,10,vehicles,wheels,7,None,None,57,19,"(0, 0.1)",None,,,,,,,,,,,,,,1,0,1,0,0,19,19,19,3,0,3,0,820.6083447000005,,,,,,,,,,,,,,,,,,,,,,,,,,,,,,,,,,,,,,,,,,,,,,,,,,,,,,,,,,,,,,,,,,,,,,,,,,,,,,,,,,,,,,,,,,,,,820.5966057999999,820.6083447000005,820.6083447000005,820.6083447000005,820.7925777000005,None,,,,,,,,,,,,,,,,,,,,,,,,,,,,,,,,P7350,Bar_MIC,10,1,2026-05-15_14h49.41.843,MIC_task,,2026.1.2,60.04138051946148,2026-05-15 14h49.44.746353 +0200,
,,4,0,4,,,,,,,10,v10,bicikli,bicycle,10,vehicles,wheels,7,None,None,57,19,"(0, 0.1)",None,,,,,,,,,,,,,,1,0,1,0,0,19,19,19,4,0,4,0,820.8084723000006,,,,,,,,,,,,,,,,,,,,,,,,,,,,,,,,,,,,,,,,,,,,,,,,,,,,,,,,,,,,,,,,,,,,,,,,,,,,,,,,,,,,,,,,,,,,,820.7977757000003,820.8084723000006,820.8084723000006,820.8084723000006,820.9928288000006,None,,,,,,,,,,,,,,,,,,,,,,,,,,,,,,,,P7350,Bar_MIC,10,1,2026-05-15_14h49.41.843,MIC_task,,2026.1.2,60.04138051946148,2026-05-15 14h49.44.746353 +0200,
,,5,0,5,,,,,,,10,v10,bicikli,bicycle,10,vehicles,wheels,7,None,None,57,19,"(0, 0.1)",None,,,,,,,,,,,,,,1,0,1,0,0,19,19,19,5,0,5,0,821.0093357999999,,,,,,,,,,,,,,,,,,,,,,,,,,,,,,,,,,,,,,,,,,,,,,,,,,,,,,,,,,,,,,,,,,,,,,,,,,,,,,,,,,,,,,,,,,,,,820.9976264000002,821.0093357999999,821.0093357999999,821.0093357999999,821.1928383,None,,,,,,,,,,,,,,,,,,,,,,,,,,,,,,,,P7350,Bar_MIC,10,1,2026-05-15_14h49.41.843,MIC_task,,2026.1.2,60.04138051946148,2026-05-15 14h49.44.746353 +0200,
,,6,0,6,,,,,,,10,v10,bicikli,bicycle,10,vehicles,wheels,7,None,None,57,19,"(0, 0.1)",None,,,,,,,,,,,,,,1,0,1,0,0,19,19,19,6,0,6,0,821.2093753000004,,,,,,,,,,,,,,,,,,,,,,,,,,,,,,,,,,,,,,,,,,,,,,,,,,,,,,,,,,,,,,,,,,,,,,,,,,,,,,,,,,,,,,,,,,,,,821.1974296000003,821.2093753000004,821.2093753000004,821.2093753000004,821.3937505999997,None,,,,,,,,,,,,,,,,,,,,,,,,,,,,,,,,P7350,Bar_MIC,10,1,2026-05-15_14h49.41.843,MIC_task,,2026.1.2,60.04138051946148,2026-05-15 14h49.44.746353 +0200,
,,7,0,7,,,,,,,10,v10,bicikli,bicycle,10,vehicles,wheels,7,None,None,57,19,"(0, 0.1)",None,,,,,,,,,,,,,,1,0,1,0,0,19,19,19,7,0,7,0,821.4089932000002,,,,,,,,,,,,,,,,,,,,,,,,,,,,,,,,,,,,,,,,,,,,,,,,,,,,,,,,,,,,,,,,,,,,,,,,,,,,,,,,,,,,,,,,,,,,,821.3983033,821.4089932000002,821.4089932000002,821.4089932000002,821.5943222999999,None,,,,,,,,,,,,,,,,,,,,,,,,,,,,,,,,P7350,Bar_MIC,10,1,2026-05-15_14h49.41.843,MIC_task,,2026.1.2,60.04138051946148,2026-05-15 14h49.44.746353 +0200,
,,8,0,8,,,,,,,10,v10,bicikli,bicycle,10,vehicles,wheels,7,None,None,57,19,"(0, 0.1)",None,,,,,,,,,,,,,,1,0,1,0,0,19,19,19,8,0,8,0,821.6093307000006,,,,,,,,,,,,,,,,,,,,,,,,,,,,,,,,,,,,,,,,,,,,,,,,,,,,,,,,,,,,,,,,,,,,,,,,,,,,,,,,,,,,,,,,,,,,,821.5987351999997,821.6093307000006,821.6093307000006,821.6093307000006,821.7933585000005,None,,,,,,,,,,,,,,,,,,,,,,,,,,,,,,,,P7350,Bar_MIC,10,1,2026-05-15_14h49.41.843,MIC_task,,2026.1.2,60.04138051946148,2026-05-15 14h49.44.746353 +0200,
,,9,0,9,,,,,,,10,v10,bicikli,bicycle,10,vehicles,wheels,7,None,None,57,19,"(0, 0.1)",None,,,,,,,,,,,,,,1,0,1,0,0,19,19,19,9,0,9,0,821.8108680999999,,,,,,,,,,,,,,,,,,,,,,,,,,,,,,,,,,,,,,,,,,,,,,,,,,,,,,,,,,,,,,,,,,,,,,,,,,,,,,,,,,,,,,,,,,,,,821.7977679999999,821.8108680999999,821.8108680999999,821.8108680999999,821.9935676,None,,,,,,,,,,,,,,,,,,,,,,,,,,,,,,,,P7350,Bar_MIC,10,1,2026-05-15_14h49.41.843,MIC_task,,2026.1.2,60.04138051946148,2026-05-15 14h49.44.746353 +0200,
,,10,0,10,,,,,,,10,v10,bicikli,bicycle,10,vehicles,wheels,7,None,None,57,19,"(0, 0.1)",None,,,,,,,,,,,,,,1,0,1,0,0,19,19,19,10,0,10,0,822.0101240999998,,,,,,,,,,,,,,,,,,,,,,,,,,,,,,,,,,,,,,,,,,,,,,,,,,,,,,,,,,,,,,,,,,,,,,,,,,,,,,,,,,,,,,,,,,,,,821.9984461999998,822.0101240999998,822.0101240999998,822.0101240999998,822.1940242000005,None,,,,,,,,,,,,,,,,,,,,,,,,,,,,,,,,P7350,Bar_MIC,10,1,2026-05-15_14h49.41.843,MIC_task,,2026.1.2,60.04138051946148,2026-05-15 14h49.44.746353 +0200,
,,11,0,11,,,,,,,10,v10,bicikli,bicycle,10,vehicles,wheels,7,None,None,57,19,"(0, 0.1)",None,,,,,,,,,,,,,,1,0,1,0,0,19,19,19,11,0,11,0,822.2107756,,,,,,,,,,,,,,,,,,,,,,,,,,,,,,,,,,,,,,,,,,,,,,,,,,,,,,,,,,,,,,,,,,,,,,,,,,,,,,,,,,,,,,,,,,,,,822.1987346999999,822.2107756,822.2107756,822.2107756,822.3943712000005,None,,,,,,,,,,,,,,,,,,,,,,,,,,,,,,,,P7350,Bar_MIC,10,1,2026-05-15_14h49.41.843,MIC_task,,2026.1.2,60.04138051946148,2026-05-15 14h49.44.746353 +0200,
,,12,0,12,,,,,,,10,v10,bicikli,bicycle,10,vehicles,wheels,7,None,None,57,19,"(0, 0.1)",None,,,,,,,,,,,,,,1,0,1,0,0,19,19,19,12,0,12,0,822.4109113999998,,,,,,,,,,,,,,,,,,,,,,,,,,,,,,,,,,,,,,,,,,,,,,,,,,,,,,,,,,,,,,,,,,,,,,,,,,,,,,,,,,,,,,,,,,,,,822.3987743000002,822.4109113999998,822.4109113999998,822.4109113999998,822.5946446000003,None,,,,,,,,,,,,,,,,,,,,,,,,,,,,,,,,P7350,Bar_MIC,10,1,2026-05-15_14h49.41.843,MIC_task,,2026.1.2,60.04138051946148,2026-05-15 14h49.44.746353 +0200,
,,13,0,13,,,,,,,10,v10,bicikli,bicycle,10,vehicles,wheels,7,None,None,57,19,"(0, 0.1)",None,,,,,,,,,,,,,,1,0,1,0,0,19,19,19,13,0,13,0,822.6112325999998,,,,,,,,,,,,,,,,,,,,,,,,,,,,,,,,,,,,,,,,,,,,,,,,,,,,,,,,,,,,,,,,,,,,,,,,,,,,,,,,,,,,,,,,,,,,,822.5991355000001,822.6112325999998,822.6112325999998,822.6112325999998,822.7951081000006,None,,,,,,,,,,,,,,,,,,,,,,,,,,,,,,,,P7350,Bar_MIC,10,1,2026-05-15_14h49.41.843,MIC_task,,2026.1.2,60.04138051946148,2026-05-15 14h49.44.746353 +0200,
,,14,0,14,,,,,,,10,v10,bicikli,bicycle,10,vehicles,wheels,7,None,None,57,19,"(0, 0.1)",None,,,,,,,,,,,,,,1,0,1,0,0,19,19,19,14,0,14,0,822.8116463000001,,,,,,,,,,,,,,,,,,,,,,,,,,,,,,,,,,,,,,,,,,,,,,,,,,,,,,,,,,,,,,,,,,,,,,,,,,,,,,,,,,,,,,,,,,,,,822.7995587,822.8116463000001,822.8116463000001,822.8116463000001,822.9952016000002,None,,,,,,,,,,,,,,,,,,,,,,,,,,,,,,,,P7350,Bar_MIC,10,1,2026-05-15_14h49.41.843,MIC_task,,2026.1.2,60.04138051946148,2026-05-15 14h49.44.746353 +0200,
,,15,0,15,,,,,,,10,v10,bicikli,bicycle,10,vehicles,wheels,7,None,None,57,19,"(0, 0.1)",None,,,,,,,,,,,,,,1,0,1,0,0,19,19,19,15,0,15,0,823.0124738,,,,,,,,,,,,,,,,,,,,,,,,,,,,,,,,,,,,,,,,,,,,,,,,,,,,,,,,,,,,,,,,,,,,,,,,,,,,,,,,,,,,,,,,,,,,,822.9995914000006,823.0124738,823.0124738,823.0124738,823.1957960000004,None,,,,,,,,,,,,,,,,,,,,,,,,,,,,,,,,P7350,Bar_MIC,10,1,2026-05-15_14h49.41.843,MIC_task,,2026.1.2,60.04138051946148,2026-05-15 14h49.44.746353 +0200,
,,16,0,16,,,,,,,10,v10,bicikli,bicycle,10,vehicles,wheels,7,None,None,57,19,"(0, 0.1)",None,,,,,,,,,,,,,,1,0,1,0,0,19,19,19,16,0,16,0,823.2124247000006,,,,,,,,,,,,,,,,,,,,,,,,,,,,,,,,,,,,,,,,,,,,,,,,,,,,,,,,,,,,,,,,,,,,,,,,,,,,,,,,,,,,,,,,,,,,,823.2001579000002,823.2124247000006,823.2124247000006,823.2124247000006,823.3968196999999,None,,,,,,,,,,,,,,,,,,,,,,,,,,,,,,,,P7350,Bar_MIC,10,1,2026-05-15_14h49.41.843,MIC_task,,2026.1.2,60.04138051946148,2026-05-15 14h49.44.746353 +0200,
,,17,0,17,,,,,,,10,v10,bicikli,bicycle,10,vehicles,wheels,7,None,None,57,19,"(0, 0.1)",None,,,,,,,,,,,,,,1,0,1,0,0,19,19,19,17,0,17,0,823.4127654999998,,,,,,,,,,,,,,,,,,,,,,,,,,,,,,,,,,,,,,,,,,,,,,,,,,,,,,,,,,,,,,,,,,,,,,,,,,,,,,,,,,,,,,,,,,,,,823.4013663999999,823.4127654999998,823.4127654999998,823.4127654999998,823.5969501000004,None,,,,,,,,,,,,,,,,,,,,,,,,,,,,,,,,P7350,Bar_MIC,10,1,2026-05-15_14h49.41.843,MIC_task,,2026.1.2,60.04138051946148,2026-05-15 14h49.44.746353 +0200,
,,18,0,18,,,,,,,10,v10,bicikli,bicycle,10,vehicles,wheels,7,None,None,57,19,"(0, 0.1)",None,,,,,,,,,,,,,,1,0,1,0,0,19,19,19,18,0,18,0,823.6133725000004,,,,,,,,,,,,,,,,,,,,,,,,,,,,,,,,,,,,,,,,,,,,,,,,,,,,,,,,,,,,,,,,,,,,,,,,,,,,,,,,,,,,,,,,,,,,,823.6012037000005,823.6133725000004,823.6133725000004,823.6133725000004,823.7961729000003,None,,,,,,,,,,,,,,,,,,,,,,,,,,,,,,,,P7350,Bar_MIC,10,1,2026-05-15_14h49.41.843,MIC_task,,2026.1.2,60.04138051946148,2026-05-15 14h49.44.746353 +0200,
,,19,0,19,,,,,,,10,v10,bicikli,bicycle,10,vehicles,wheels,7,None,None,57,19,"(0, 0.1)",None,,,,,,,,,,,,,,1,0,1,0,0,19,19,19,19,0,19,0,823.8127745000006,,,,,,,,,,,,,,,,,,,,,,,,,,,,,,,,,,,,,,,,,,,,,,,,,,,,,,,,,,,,,,,,,,,,,,,,,,,,,,,,,,,,,,,,,,,,,823.8004265000004,823.8127745000006,823.8127745000006,823.8127745000006,823.9977437000002,None,,,,,,,,,,,,,,,,,,,,,,,,,,,,,,,,P7350,Bar_MIC,10,1,2026-05-15_14h49.41.843,MIC_task,,2026.1.2,60.04138051946148,2026-05-15 14h49.44.746353 +0200,
,,20,0,20,,,,,,,10,v10,bicikli,bicycle,10,vehicles,wheels,7,None,None,57,19,"(0, 0.1)",None,,,,,,,,,,,,,,1,0,1,0,0,19,19,19,20,0,20,0,824.0132575000002,,,,,,,,,,,,,,,,,,,,,,,,,,,,,,,,,,,,,,,,,,,,,,,,,,,,,,,,,,,,,,,,,,,,,,,,,,,,,,,,,,,,,,,,,,,,,824.0021898,824.0132575000002,824.0132575000002,824.0132575000002,824.1968444999998,None,,,,,,,,,,,,,,,,,,,,,,,,,,,,,,,,P7350,Bar_MIC,10,1,2026-05-15_14h49.41.843,MIC_task,,2026.1.2,60.04138051946148,2026-05-15 14h49.44.746353 +0200,
,,21,0,21,,,,,,,10,v10,bicikli,bicycle,10,vehicles,wheels,7,None,None,57,19,"(0, 0.1)",None,,,,,,,,,,,,,,1,0,1,0,0,19,19,19,21,0,21,0,824.2138593000004,,,,,,,,,,,,,,,,,,,,,,,,,,,,,,,,,,,,,,,,,,,,,,,,,,,,,,,,,,,,,,,,,,,,,,,,,,,,,,,,,,,,,,,,,,,,,824.2010544999998,824.2138593000004,824.2138593000004,824.2138593000004,824.3975783000001,None,,,,,,,,,,,,,,,,,,,,,,,,,,,,,,,,P7350,Bar_MIC,10,1,2026-05-15_14h49.41.843,MIC_task,,2026.1.2,60.04138051946148,2026-05-15 14h49.44.746353 +0200,
,,22,0,22,,,,,,,10,v10,bicikli,bicycle,10,vehicles,wheels,7,None,None,57,19,"(0, 0.1)",None,,,,,,,,,,,,,,1,0,1,0,0,19,19,19,22,0,22,0,824.4137857000001,,,,,,,,,,,,,,,,,,,,,,,,,,,,,,,,,,,,,,,,,,,,,,,,,,,,,,,,,,,,,,,,,,,,,,,,,,,,,,,,,,,,,,,,,,,,,824.4017255000003,824.4137857000001,824.4137857000001,824.4137857000001,824.5987166999998,None,,,,,,,,,,,,,,,,,,,,,,,,,,,,,,,,P7350,Bar_MIC,10,1,2026-05-15_14h49.41.843,MIC_task,,2026.1.2,60.04138051946148,2026-05-15 14h49.44.746353 +0200,
,,23,0,23,,,,,,,10,v10,bicikli,bicycle,10,vehicles,wheels,7,None,None,57,19,"(0, 0.1)",space,None,None,,,,,,,,,,,,1,0,1,0,0,19,19,19,23,0,23,0,824.6142715000001,,,,,,,,,,,,,,,,,,,,,,,,,,,,,,,,,,,,,,,,,,,,,,,,,,,,,,,,,,,,,,,,,,,,,,,,,,,,,,,,,,,,,,,,,,,,,824.6030102999998,824.6142715000001,824.6142715000001,824.6142715000001,824.7323841000002,space,None,None,,,,,,,,,,,,,,,,,,,,,,,,,,,,,,P7350,Bar_MIC,10,1,2026-05-15_14h49.41.843,MIC_task,,2026.1.2,60.04138051946148,2026-05-15 14h49.44.746353 +0200,
,,19,19,0,,,,space,0.33781959999942046,None,10,v10,bicikli,bicycle,10,vehicles,wheels,7,None,None,57,19,"(0, 0.1)",,,,,,,,,,,,,,,1,0,1,0,0,19,19,19,,,,,,,,,,,,,,,,,,,,,,,,,,,,,,,,,,,,,,,,,,,,,,,,,,,,,,,,,,,,,,,,,,,,,,,,,,,,,,,,,824.8316694999999,824.8395033000002,824.8473742666669,826.7339898000005,,,,,,828.7384278000004,828.7534009000005,828.7534009000005,829.1051311000006,,,,,,,,,,,,,826.7682178,826.7752396999999,826.7838205999999,828.6704893000001,828.7383589000005,space,0.33781959999942046,None,,,,,,,,,,,,,,,,,,,,,,P7350,Bar_MIC,10,1,2026-05-15_14h49.41.843,MIC_task,,2026.1.2,60.04138051946148,2026-05-15 14h49.44.746353 +0200,
,,0,0,0,,,,,,,10,pl04,rózsa,rose,7,plants,flower,6.8,69,None,73,None,"(0.1, 0)",None,,,,,,,,,,,,,,1,0,1,0,0,20,20,20,0,0,0,0,829.1219685000001,,,,,,,,,,,,,,,,,,,,,,,,,,,,,,,,,,,,,,,,,,,,,,,,,,,,,,,,,,,,,,,,,,,,,,,,,,,,,,,,,,,,,,,,,,,,,829.1097605,829.1219685000001,829.1219685000001,829.1219685000001,829.3058384000001,None,,,,,,,,,,,829.3224499000003,829.3224499000003,829.3224499000003,,,,,,,,,,,,,,,,,,,P7350,Bar_MIC,10,1,2026-05-15_14h49.41.843,MIC_task,,2026.1.2,60.04138051946148,2026-05-15 14h49.44.746353 +0200,
,,0,0,0,,,,,,,10,pl04,rózsa,rose,7,plants,flower,6.8,69,None,73,None,"(0.1, 0)",None,,,,,,,,,,,,,,1,0,1,0,0,20,20,20,0,0,0,0,829.3224499000003,,,,,,,,,,,,,,,,,,,,,,,,,,,,,,,,,,,,,,,,,,,,,,,,,,,,,,,,,,,,,,,,,,,,,,,,,,,,,,,,,,,,,,,,,,,,,829.3103525000001,829.3224499000003,829.3224499000003,829.3224499000003,829.5058752999998,None,,,,,,,,,,,,,,,,,,,,,,,,,,,,,,,,P7350,Bar_MIC,10,1,2026-05-15_14h49.41.843,MIC_task,,2026.1.2,60.04138051946148,2026-05-15 14h49.44.746353 +0200,
,,1,0,1,,,,,,,10,pl04,rózsa,rose,7,plants,flower,6.8,69,None,73,None,"(0.1, 0)",None,,,,,,,,,,,,,,1,0,1,0,0,20,20,20,1,0,1,0,829.5214581000005,,,,,,,,,,,,,,,,,,,,,,,,,,,,,,,,,,,,,,,,,,,,,,,,,,,,,,,,,,,,,,,,,,,,,,,,,,,,,,,,,,,,,,,,,,,,,829.5105790000002,829.5214581000005,829.5214581000005,829.5214581000005,829.7057903999998,None,,,,,,,,,,,829.7218592000004,829.7218592000004,829.7218592000004,,,,,,,,,,,,,,,,,,,P7350,Bar_MIC,10,1,2026-05-15_14h49.41.843,MIC_task,,2026.1.2,60.04138051946148,2026-05-15 14h49.44.746353 +0200,
,,2,0,2,,,,,,,10,pl04,rózsa,rose,7,plants,flower,6.8,69,None,73,None,"(0.1, 0)",None,,,,,,,,,,,,,,1,0,1,0,0,20,20,20,2,0,2,0,829.7218592000004,,,,,,,,,,,,,,,,,,,,,,,,,,,,,,,,,,,,,,,,,,,,,,,,,,,,,,,,,,,,,,,,,,,,,,,,,,,,,,,,,,,,,,,,,,,,,829.7103754000004,829.7218592000004,829.7218592000004,829.7218592000004,829.9057078000001,None,,,,,,,,,,,,,,,,,,,,,,,,,,,,,,,,P7350,Bar_MIC,10,1,2026-05-15_14h49.41.843,MIC_task,,2026.1.2,60.04138051946148,2026-05-15 14h49.44.746353 +0200,
,,3,0,3,,,,,,,10,pl04,rózsa,rose,7,plants,flower,6.8,69,None,73,None,"(0.1, 0)",None,,,,,,,,,,,,,,1,0,1,0,0,20,20,20,3,0,3,0,829.9221235,,,,,,,,,,,,,,,,,,,,,,,,,,,,,,,,,,,,,,,,,,,,,,,,,,,,,,,,,,,,,,,,,,,,,,,,,,,,,,,,,,,,,,,,,,,,,829.9102297000004,829.9221235,829.9221235,829.9221235,830.1060584000002,None,,,,,,,,,,,,,,,,,,,,,,,,,,,,,,,,P7350,Bar_MIC,10,1,2026-05-15_14h49.41.843,MIC_task,,2026.1.2,60.04138051946148,2026-05-15 14h49.44.746353 +0200,
,,4,0,4,,,,,,,10,pl04,rózsa,rose,7,plants,flower,6.8,69,None,73,None,"(0.1, 0)",None,,,,,,,,,,,,,,1,0,1,0,0,20,20,20,4,0,4,0,830.1225620999999,,,,,,,,,,,,,,,,,,,,,,,,,,,,,,,,,,,,,,,,,,,,,,,,,,,,,,,,,,,,,,,,,,,,,,,,,,,,,,,,,,,,,,,,,,,,,830.1103499000005,830.1225620999999,830.1225620999999,830.1225620999999,830.3081111000006,None,,,,,,,,,,,,,,,,,,,,,,,,,,,,,,,,P7350,Bar_MIC,10,1,2026-05-15_14h49.41.843,MIC_task,,2026.1.2,60.04138051946148,2026-05-15 14h49.44.746353 +0200,
,,5,0,5,,,,,,,10,pl04,rózsa,rose,7,plants,flower,6.8,69,None,73,None,"(0.1, 0)",None,,,,,,,,,,,,,,1,0,1,0,0,20,20,20,5,0,5,0,830.3233881000001,,,,,,,,,,,,,,,,,,,,,,,,,,,,,,,,,,,,,,,,,,,,,,,,,,,,,,,,,,,,,,,,,,,,,,,,,,,,,,,,,,,,,,,,,,,,,830.3125991000002,830.3233881000001,830.3233881000001,830.3233881000001,830.5068485000006,None,,,,,,,,,,,,,,,,,,,,,,,,,,,,,,,,P7350,Bar_MIC,10,1,2026-05-15_14h49.41.843,MIC_task,,2026.1.2,60.04138051946148,2026-05-15 14h49.44.746353 +0200,
,,6,0,6,,,,,,,10,pl04,rózsa,rose,7,plants,flower,6.8,69,None,73,None,"(0.1, 0)",None,,,,,,,,,,,,,,1,0,1,0,0,20,20,20,6,0,6,0,830.5233884000004,,,,,,,,,,,,,,,,,,,,,,,,,,,,,,,,,,,,,,,,,,,,,,,,,,,,,,,,,,,,,,,,,,,,,,,,,,,,,,,,,,,,,,,,,,,,,830.5113477999998,830.5233884000004,830.5233884000004,830.5233884000004,830.7084264,None,,,,,,,,,,,,,,,,,,,,,,,,,,,,,,,,P7350,Bar_MIC,10,1,2026-05-15_14h49.41.843,MIC_task,,2026.1.2,60.04138051946148,2026-05-15 14h49.44.746353 +0200,
,,7,0,7,,,,,,,10,pl04,rózsa,rose,7,plants,flower,6.8,69,None,73,None,"(0.1, 0)",None,,,,,,,,,,,,,,1,0,1,0,0,20,20,20,7,0,7,0,830.7242234,,,,,,,,,,,,,,,,,,,,,,,,,,,,,,,,,,,,,,,,,,,,,,,,,,,,,,,,,,,,,,,,,,,,,,,,,,,,,,,,,,,,,,,,,,,,,830.7130116000003,830.7242234,830.7242234,830.7242234,830.9075151000002,None,,,,,,,,,,,,,,,,,,,,,,,,,,,,,,,,P7350,Bar_MIC,10,1,2026-05-15_14h49.41.843,MIC_task,,2026.1.2,60.04138051946148,2026-05-15 14h49.44.746353 +0200,
,,8,0,8,,,,,,,10,pl04,rózsa,rose,7,plants,flower,6.8,69,None,73,None,"(0.1, 0)",None,,,,,,,,,,,,,,1,0,1,0,0,20,20,20,8,0,8,0,830.9240899000001,,,,,,,,,,,,,,,,,,,,,,,,,,,,,,,,,,,,,,,,,,,,,,,,,,,,,,,,,,,,,,,,,,,,,,,,,,,,,,,,,,,,,,,,,,,,,830.9121371000006,830.9240899000001,830.9240899000001,830.9240899000001,831.1087203000002,None,,,,,,,,,,,,,,,,,,,,,,,,,,,,,,,,P7350,Bar_MIC,10,1,2026-05-15_14h49.41.843,MIC_task,,2026.1.2,60.04138051946148,2026-05-15 14h49.44.746353 +0200,
,,9,0,9,,,,,,,10,pl04,rózsa,rose,7,plants,flower,6.8,69,None,73,None,"(0.1, 0)",None,,,,,,,,,,,,,,1,0,1,0,0,20,20,20,9,0,9,0,831.1226250000004,,,,,,,,,,,,,,,,,,,,,,,,,,,,,,,,,,,,,,,,,,,,,,,,,,,,,,,,,,,,,,,,,,,,,,,,,,,,,,,,,,,,,,,,,,,,,831.1164721999999,831.1226250000004,831.1226250000004,831.1226250000004,831.3095057000005,None,,,,,,,,,,,,,,,,,,,,,,,,,,,,,,,,P7350,Bar_MIC,10,1,2026-05-15_14h49.41.843,MIC_task,,2026.1.2,60.04138051946148,2026-05-15 14h49.44.746353 +0200,
,,10,0,10,,,,,,,10,pl04,rózsa,rose,7,plants,flower,6.8,69,None,73,None,"(0.1, 0)",None,,,,,,,,,,,,,,1,0,1,0,0,20,20,20,10,0,10,0,831.3250251000004,,,,,,,,,,,,,,,,,,,,,,,,,,,,,,,,,,,,,,,,,,,,,,,,,,,,,,,,,,,,,,,,,,,,,,,,,,,,,,,,,,,,,,,,,,,,,831.3143052999999,831.3250251000004,831.3250251000004,831.3250251000004,831.5077468000004,None,,,,,,,,,,,,,,,,,,,,,,,,,,,,,,,,P7350,Bar_MIC,10,1,2026-05-15_14h49.41.843,MIC_task,,2026.1.2,60.04138051946148,2026-05-15 14h49.44.746353 +0200,
,,11,0,11,,,,,,,10,pl04,rózsa,rose,7,plants,flower,6.8,69,None,73,None,"(0.1, 0)",None,,,,,,,,,,,,,,1,0,1,0,0,20,20,20,11,0,11,0,831.5252646000004,,,,,,,,,,,,,,,,,,,,,,,,,,,,,,,,,,,,,,,,,,,,,,,,,,,,,,,,,,,,,,,,,,,,,,,,,,,,,,,,,,,,,,,,,,,,,831.5122602000006,831.5252646000004,831.5252646000004,831.5252646000004,831.7098871000003,None,,,,,,,,,,,,,,,,,,,,,,,,,,,,,,,,P7350,Bar_MIC,10,1,2026-05-15_14h49.41.843,MIC_task,,2026.1.2,60.04138051946148,2026-05-15 14h49.44.746353 +0200,
,,12,0,12,,,,,,,10,pl04,rózsa,rose,7,plants,flower,6.8,69,None,73,None,"(0.1, 0)",None,,,,,,,,,,,,,,1,0,1,0,0,20,20,20,12,0,12,0,831.7249586000003,,,,,,,,,,,,,,,,,,,,,,,,,,,,,,,,,,,,,,,,,,,,,,,,,,,,,,,,,,,,,,,,,,,,,,,,,,,,,,,,,,,,,,,,,,,,,831.7142315000006,831.7249586000003,831.7249586000003,831.7249586000003,831.9088379,None,,,,,,,,,,,,,,,,,,,,,,,,,,,,,,,,P7350,Bar_MIC,10,1,2026-05-15_14h49.41.843,MIC_task,,2026.1.2,60.04138051946148,2026-05-15 14h49.44.746353 +0200,
,,13,0,13,,,,,,,10,pl04,rózsa,rose,7,plants,flower,6.8,69,None,73,None,"(0.1, 0)",None,,,,,,,,,,,,,,1,0,1,0,0,20,20,20,13,0,13,0,831.9252667000005,,,,,,,,,,,,,,,,,,,,,,,,,,,,,,,,,,,,,,,,,,,,,,,,,,,,,,,,,,,,,,,,,,,,,,,,,,,,,,,,,,,,,,,,,,,,,831.9133444000004,831.9252667000005,831.9252667000005,831.9252667000005,832.1089539999998,None,,,,,,,,,,,,,,,,,,,,,,,,,,,,,,,,P7350,Bar_MIC,10,1,2026-05-15_14h49.41.843,MIC_task,,2026.1.2,60.04138051946148,2026-05-15 14h49.44.746353 +0200,
,,14,0,14,,,,,,,10,pl04,rózsa,rose,7,plants,flower,6.8,69,None,73,None,"(0.1, 0)",None,,,,,,,,,,,,,,1,0,1,0,0,20,20,20,14,0,14,0,832.1255980000001,,,,,,,,,,,,,,,,,,,,,,,,,,,,,,,,,,,,,,,,,,,,,,,,,,,,,,,,,,,,,,,,,,,,,,,,,,,,,,,,,,,,,,,,,,,,,832.1136262000005,832.1255980000001,832.1255980000001,832.1255980000001,832.3103338000005,None,,,,,,,,,,,,,,,,,,,,,,,,,,,,,,,,P7350,Bar_MIC,10,1,2026-05-15_14h49.41.843,MIC_task,,2026.1.2,60.04138051946148,2026-05-15 14h49.44.746353 +0200,
,,15,0,15,,,,,,,10,pl04,rózsa,rose,7,plants,flower,6.8,69,None,73,None,"(0.1, 0)",None,,,,,,,,,,,,,,1,0,1,0,0,20,20,20,15,0,15,0,832.3263922000001,,,,,,,,,,,,,,,,,,,,,,,,,,,,,,,,,,,,,,,,,,,,,,,,,,,,,,,,,,,,,,,,,,,,,,,,,,,,,,,,,,,,,,,,,,,,,832.3151192,832.3263922000001,832.3263922000001,832.3263922000001,832.5097440000004,None,,,,,,,,,,,,,,,,,,,,,,,,,,,,,,,,P7350,Bar_MIC,10,1,2026-05-15_14h49.41.843,MIC_task,,2026.1.2,60.04138051946148,2026-05-15 14h49.44.746353 +0200,
,,16,0,16,,,,,,,10,pl04,rózsa,rose,7,plants,flower,6.8,69,None,73,None,"(0.1, 0)",None,,,,,,,,,,,,,,1,0,1,0,0,20,20,20,16,0,16,0,832.5267121000002,,,,,,,,,,,,,,,,,,,,,,,,,,,,,,,,,,,,,,,,,,,,,,,,,,,,,,,,,,,,,,,,,,,,,,,,,,,,,,,,,,,,,,,,,,,,,832.5144419000003,832.5267121000002,832.5267121000002,832.5267121000002,832.7100176999998,None,,,,,,,,,,,,,,,,,,,,,,,,,,,,,,,,P7350,Bar_MIC,10,1,2026-05-15_14h49.41.843,MIC_task,,2026.1.2,60.04138051946148,2026-05-15 14h49.44.746353 +0200,
,,17,0,17,,,,,,,10,pl04,rózsa,rose,7,plants,flower,6.8,69,None,73,None,"(0.1, 0)",None,,,,,,,,,,,,,,1,0,1,0,0,20,20,20,17,0,17,0,832.7266356000005,,,,,,,,,,,,,,,,,,,,,,,,,,,,,,,,,,,,,,,,,,,,,,,,,,,,,,,,,,,,,,,,,,,,,,,,,,,,,,,,,,,,,,,,,,,,,832.7149976000005,832.7266356000005,832.7266356000005,832.7266356000005,832.9105455000004,None,,,,,,,,,,,,,,,,,,,,,,,,,,,,,,,,P7350,Bar_MIC,10,1,2026-05-15_14h49.41.843,MIC_task,,2026.1.2,60.04138051946148,2026-05-15 14h49.44.746353 +0200,
,,18,0,18,,,,,,,10,pl04,rózsa,rose,7,plants,flower,6.8,69,None,73,None,"(0.1, 0)",None,,,,,,,,,,,,,,1,0,1,0,0,20,20,20,18,0,18,0,832.9269676999998,,,,,,,,,,,,,,,,,,,,,,,,,,,,,,,,,,,,,,,,,,,,,,,,,,,,,,,,,,,,,,,,,,,,,,,,,,,,,,,,,,,,,,,,,,,,,832.9156542000005,832.9269676999998,832.9269676999998,832.9269676999998,833.1107901999999,None,,,,,,,,,,,,,,,,,,,,,,,,,,,,,,,,P7350,Bar_MIC,10,1,2026-05-15_14h49.41.843,MIC_task,,2026.1.2,60.04138051946148,2026-05-15 14h49.44.746353 +0200,
,,19,0,19,,,,,,,10,pl04,rózsa,rose,7,plants,flower,6.8,69,None,73,None,"(0.1, 0)",None,,,,,,,,,,,,,,1,0,1,0,0,20,20,20,19,0,19,0,833.1274745000005,,,,,,,,,,,,,,,,,,,,,,,,,,,,,,,,,,,,,,,,,,,,,,,,,,,,,,,,,,,,,,,,,,,,,,,,,,,,,,,,,,,,,,,,,,,,,833.1157395000005,833.1274745000005,833.1274745000005,833.1274745000005,833.3113334000004,None,,,,,,,,,,,,,,,,,,,,,,,,,,,,,,,,P7350,Bar_MIC,10,1,2026-05-15_14h49.41.843,MIC_task,,2026.1.2,60.04138051946148,2026-05-15 14h49.44.746353 +0200,
,,20,0,20,,,,,,,10,pl04,rózsa,rose,7,plants,flower,6.8,69,None,73,None,"(0.1, 0)",space,0.09155590000045777,None,,,,,,,,,,,,1,0,1,0,0,20,20,20,20,0,20,0,833.3278610000002,,,,,,,,,,,,,,,,,,,,,,,,,,,,,,,,,,,,,,,,,,,,,,,,,,,,,,,,,,,,,,,,,,,,,,,,,,,,,,,,,,,,,,,,,,,,,833.3163307999998,833.3278610000002,833.3278610000002,833.3278610000002,833.4288092000002,space,0.09155590000045777,None,,,,,,,,,,,,,,,,,,,,,,,,,,,,,,P7350,Bar_MIC,10,1,2026-05-15_14h49.41.843,MIC_task,,2026.1.2,60.04138051946148,2026-05-15 14h49.44.746353 +0200,
,,20,20,0,,,,space,1.2569064999997863,None,10,pl04,rózsa,rose,7,plants,flower,6.8,69,None,73,None,"(0.1, 0)",,,,,,,,,,,,,,,1,0,1,0,0,20,20,20,,,,,,,,,,,,,,,,,,,,,,,,,,,,,,,,,,,,,,,,,,,,,,,,,,,,,,,,,,,,,,,,,,,,,,,,,,,,,,,,,833.5284981,833.5360722,833.5442934666665,835.4307066000006,,,,,,837.4343788000001,837.4502607999998,837.4502607999998,838.7200140999998,,,,,,,,,,,,,835.4700069000005,835.4773578999998,835.4805540999998,837.3673076,837.4343115000006,space,1.2569064999997863,None,,,,,,,,,,,,,,,,,,,,,,P7350,Bar_MIC,10,1,2026-05-15_14h49.41.843,MIC_task,,2026.1.2,60.04138051946148,2026-05-15 14h49.44.746353 +0200,
,,0,0,0,,,,,,,10,ty27,labda,ball,9,toys,sport,7,148,18,34,None,"(0, -0.1)",None,,,,,,,,,,,,,,1,0,1,0,0,21,21,21,0,0,0,0,838.7355659999998,,,,,,,,,,,,,,,,,,,,,,,,,,,,,,,,,,,,,,,,,,,,,,,,,,,,,,,,,,,,,,,,,,,,,,,,,,,,,,,,,,,,,,,,,,,,,838.7247474000001,838.7355659999998,838.7355659999998,838.7355659999998,838.9207509000003,None,,,,,,,,,,,,,,,,,,,,,,,,,,,,,,,,P7350,Bar_MIC,10,1,2026-05-15_14h49.41.843,MIC_task,,2026.1.2,60.04138051946148,2026-05-15 14h49.44.746353 +0200,
,,0,0,0,,,,,,,10,ty27,labda,ball,9,toys,sport,7,148,18,34,None,"(0, -0.1)",None,,,,,,,,,,,,,,1,0,1,0,0,21,21,21,0,0,0,0,838.9360256000004,,,,,,,,,,,,,,,,,,,,,,,,,,,,,,,,,,,,,,,,,,,,,,,,,,,,,,,,,,,,,,,,,,,,,,,,,,,,,,,,,,,,,,,,,,,,,838.9256022000004,838.9360256000004,838.9360256000004,838.9360256000004,839.1205383000001,None,,,,,,,,,,,839.1367426000002,839.1367426000002,839.1367426000002,,,,,,,,,,,,,,,,,,,P7350,Bar_MIC,10,1,2026-05-15_14h49.41.843,MIC_task,,2026.1.2,60.04138051946148,2026-05-15 14h49.44.746353 +0200,
,,1,0,1,,,,,,,10,ty27,labda,ball,9,toys,sport,7,148,18,34,None,"(0, -0.1)",None,,,,,,,,,,,,,,1,0,1,0,0,21,21,21,1,0,1,0,839.1367426000002,,,,,,,,,,,,,,,,,,,,,,,,,,,,,,,,,,,,,,,,,,,,,,,,,,,,,,,,,,,,,,,,,,,,,,,,,,,,,,,,,,,,,,,,,,,,,839.1251173000005,839.1367426000002,839.1367426000002,839.1367426000002,839.3202477999998,None,,,,,,,,,,,,,,,,,,,,,,,,,,,,,,,,P7350,Bar_MIC,10,1,2026-05-15_14h49.41.843,MIC_task,,2026.1.2,60.04138051946148,2026-05-15 14h49.44.746353 +0200,
,,2,0,2,,,,,,,10,ty27,labda,ball,9,toys,sport,7,148,18,34,None,"(0, -0.1)",None,,,,,,,,,,,,,,1,0,1,0,0,21,21,21,2,0,2,0,839.3368148000004,,,,,,,,,,,,,,,,,,,,,,,,,,,,,,,,,,,,,,,,,,,,,,,,,,,,,,,,,,,,,,,,,,,,,,,,,,,,,,,,,,,,,,,,,,,,,839.3250371999998,839.3368148000004,839.3368148000004,839.3368148000004,839.5207666000001,None,,,,,,,,,,,,,,,,,,,,,,,,,,,,,,,,P7350,Bar_MIC,10,1,2026-05-15_14h49.41.843,MIC_task,,2026.1.2,60.04138051946148,2026-05-15 14h49.44.746353 +0200,
,,3,0,3,,,,,,,10,ty27,labda,ball,9,toys,sport,7,148,18,34,None,"(0, -0.1)",None,,,,,,,,,,,,,,1,0,1,0,0,21,21,21,3,0,3,0,839.5371183000002,,,,,,,,,,,,,,,,,,,,,,,,,,,,,,,,,,,,,,,,,,,,,,,,,,,,,,,,,,,,,,,,,,,,,,,,,,,,,,,,,,,,,,,,,,,,,839.5255192,839.5371183000002,839.5371183000002,839.5371183000002,839.7212798000005,None,,,,,,,,,,,,,,,,,,,,,,,,,,,,,,,,P7350,Bar_MIC,10,1,2026-05-15_14h49.41.843,MIC_task,,2026.1.2,60.04138051946148,2026-05-15 14h49.44.746353 +0200,
,,4,0,4,,,,,,,10,ty27,labda,ball,9,toys,sport,7,148,18,34,None,"(0, -0.1)",None,,,,,,,,,,,,,,1,0,1,0,0,21,21,21,4,0,4,0,839.737595,,,,,,,,,,,,,,,,,,,,,,,,,,,,,,,,,,,,,,,,,,,,,,,,,,,,,,,,,,,,,,,,,,,,,,,,,,,,,,,,,,,,,,,,,,,,,839.7256518999998,839.737595,839.737595,839.737595,839.9216486,None,,,,,,,,,,,,,,,,,,,,,,,,,,,,,,,,P7350,Bar_MIC,10,1,2026-05-15_14h49.41.843,MIC_task,,2026.1.2,60.04138051946148,2026-05-15 14h49.44.746353 +0200,
,,5,0,5,,,,,,,10,ty27,labda,ball,9,toys,sport,7,148,18,34,None,"(0, -0.1)",None,,,,,,,,,,,,,,1,0,1,0,0,21,21,21,5,0,5,0,839.9380324999997,,,,,,,,,,,,,,,,,,,,,,,,,,,,,,,,,,,,,,,,,,,,,,,,,,,,,,,,,,,,,,,,,,,,,,,,,,,,,,,,,,,,,,,,,,,,,839.9265349000002,839.9380324999997,839.9380324999997,839.9380324999997,840.1215865999998,None,,,,,,,,,,,,,,,,,,,,,,,,,,,,,,,,P7350,Bar_MIC,10,1,2026-05-15_14h49.41.843,MIC_task,,2026.1.2,60.04138051946148,2026-05-15 14h49.44.746353 +0200,
,,6,0,6,,,,,,,10,ty27,labda,ball,9,toys,sport,7,148,18,34,None,"(0, -0.1)",None,,,,,,,,,,,,,,1,0,1,0,0,21,21,21,6,0,6,0,840.1382657999998,,,,,,,,,,,,,,,,,,,,,,,,,,,,,,,,,,,,,,,,,,,,,,,,,,,,,,,,,,,,,,,,,,,,,,,,,,,,,,,,,,,,,,,,,,,,,840.1262800999998,840.1382657999998,840.1382657999998,840.1382657999998,840.3232727999998,None,,,,,,,,,,,,,,,,,,,,,,,,,,,,,,,,P7350,Bar_MIC,10,1,2026-05-15_14h49.41.843,MIC_task,,2026.1.2,60.04138051946148,2026-05-15 14h49.44.746353 +0200,
,,7,0,7,,,,,,,10,ty27,labda,ball,9,toys,sport,7,148,18,34,None,"(0, -0.1)",None,,,,,,,,,,,,,,1,0,1,0,0,21,21,21,7,0,7,0,840.3384738,,,,,,,,,,,,,,,,,,,,,,,,,,,,,,,,,,,,,,,,,,,,,,,,,,,,,,,,,,,,,,,,,,,,,,,,,,,,,,,,,,,,,,,,,,,,,840.3280829,840.3384738,840.3384738,840.3384738,840.5225806000003,None,,,,,,,,,,,,,,,,,,,,,,,,,,,,,,,,P7350,Bar_MIC,10,1,2026-05-15_14h49.41.843,MIC_task,,2026.1.2,60.04138051946148,2026-05-15 14h49.44.746353 +0200,
,,8,0,8,,,,,,,10,ty27,labda,ball,9,toys,sport,7,148,18,34,None,"(0, -0.1)",None,,,,,,,,,,,,,,1,0,1,0,0,21,21,21,8,0,8,0,840.5381953000001,,,,,,,,,,,,,,,,,,,,,,,,,,,,,,,,,,,,,,,,,,,,,,,,,,,,,,,,,,,,,,,,,,,,,,,,,,,,,,,,,,,,,,,,,,,,,840.5273695999999,840.5381953000001,840.5381953000001,840.5381953000001,840.7239940000004,None,,,,,,,,,,,,,,,,,,,,,,,,,,,,,,,,P7350,Bar_MIC,10,1,2026-05-15_14h49.41.843,MIC_task,,2026.1.2,60.04138051946148,2026-05-15 14h49.44.746353 +0200,
,,9,0,9,,,,,,,10,ty27,labda,ball,9,toys,sport,7,148,18,34,None,"(0, -0.1)",None,,,,,,,,,,,,,,1,0,1,0,0,21,21,21,9,0,9,0,840.7385823,,,,,,,,,,,,,,,,,,,,,,,,,,,,,,,,,,,,,,,,,,,,,,,,,,,,,,,,,,,,,,,,,,,,,,,,,,,,,,,,,,,,,,,,,,,,,840.7288512,840.7385823,840.7385823,840.7385823,840.9223469000003,None,,,,,,,,,,,,,,,,,,,,,,,,,,,,,,,,P7350,Bar_MIC,10,1,2026-05-15_14h49.41.843,MIC_task,,2026.1.2,60.04138051946148,2026-05-15 14h49.44.746353 +0200,
,,10,0,10,,,,,,,10,ty27,labda,ball,9,toys,sport,7,148,18,34,None,"(0, -0.1)",space,0.08762600000045495,None,,,,,,,,,,,,1,0,1,0,0,21,21,21,10,0,10,0,840.9389488000002,,,,,,,,,,,,,,,,,,,,,,,,,,,,,,,,,,,,,,,,,,,,,,,,,,,,,,,,,,,,,,,,,,,,,,,,,,,,,,,,,,,,,,,,,,,,,840.9268722000002,840.9389488000002,840.9389488000002,840.9389488000002,841.0409958000005,space,0.08762600000045495,None,,,,,,,,,,,,,,,,,,,,,,,,,,,,,,P7350,Bar_MIC,10,1,2026-05-15_14h49.41.843,MIC_task,,2026.1.2,60.04138051946148,2026-05-15 14h49.44.746353 +0200,
,,21,21,0,,,,space,1.9495600999998715,None,10,ty27,labda,ball,9,toys,sport,7,148,18,34,None,"(0, -0.1)",,,,,,,,,,,,,,,1,0,1,0,0,21,21,21,,,,,,,,,,,,,,,,,,,,,,,,,,,,,,,,,,,,,,,,,,,,,,,,,,,,,,,,,,,,,,,,,,,,,,,,,,,,,,,,,841.1393344000003,841.1471254000003,841.1396612,843.0425871000002,,,,,,845.0458079000005,845.0621942000002,845.0621942000002,847.0159742999999,,,,,,,,,,,,,843.0764759999997,843.0833367999999,843.0924358000004,844.9796201000004,845.0457314,space,1.9495600999998715,None,,,,,,,,,,,,,,,,,,,,,,P7350,Bar_MIC,10,1,2026-05-15_14h49.41.843,MIC_task,,2026.1.2,60.04138051946148,2026-05-15 14h49.44.746353 +0200,
,,0,0,0,,,,,,,10,t26,gitár,guitar,8,tools,instrument,6.4,19,None,63,None,"(0.1, 0.1)",None,,,,,,,,,,,,,,1,0,1,0,0,22,22,22,0,0,0,0,847.0316755999997,,,,,,,,,,,,,,,,,,,,,,,,,,,,,,,,,,,,,,,,,,,,,,,,,,,,,,,,,,,,,,,,,,,,,,,,,,,,,,,,,,,,,,,,,,,,,847.0210430000002,847.0316755999997,847.0316755999997,847.0316755999997,847.2164853999998,None,,,,,,,,,,,847.2321969,847.2321969,847.2321969,,,,,,,,,,,,,,,,,,,P7350,Bar_MIC,10,1,2026-05-15_14h49.41.843,MIC_task,,2026.1.2,60.04138051946148,2026-05-15 14h49.44.746353 +0200,
,,0,0,0,,,,,,,10,t26,gitár,guitar,8,tools,instrument,6.4,19,None,63,None,"(0.1, 0.1)",None,,,,,,,,,,,,,,1,0,1,0,0,22,22,22,0,0,0,0,847.2321969,,,,,,,,,,,,,,,,,,,,,,,,,,,,,,,,,,,,,,,,,,,,,,,,,,,,,,,,,,,,,,,,,,,,,,,,,,,,,,,,,,,,,,,,,,,,,847.2207629999998,847.2321969,847.2321969,847.2321969,847.4164440999998,None,,,,,,,,,,,847.4327184999997,847.4327184999997,847.4327184999997,,,,,,,,,,,,,,,,,,,P7350,Bar_MIC,10,1,2026-05-15_14h49.41.843,MIC_task,,2026.1.2,60.04138051946148,2026-05-15 14h49.44.746353 +0200,
,,1,0,1,,,,,,,10,t26,gitár,guitar,8,tools,instrument,6.4,19,None,63,None,"(0.1, 0.1)",None,,,,,,,,,,,,,,1,0,1,0,0,22,22,22,1,0,1,0,847.4327184999997,,,,,,,,,,,,,,,,,,,,,,,,,,,,,,,,,,,,,,,,,,,,,,,,,,,,,,,,,,,,,,,,,,,,,,,,,,,,,,,,,,,,,,,,,,,,,847.4206332999997,847.4327184999997,847.4327184999997,847.4327184999997,847.6169719000004,None,,,,,,,,,,,,,,,,,,,,,,,,,,,,,,,,P7350,Bar_MIC,10,1,2026-05-15_14h49.41.843,MIC_task,,2026.1.2,60.04138051946148,2026-05-15 14h49.44.746353 +0200,
,,2,0,2,,,,,,,10,t26,gitár,guitar,8,tools,instrument,6.4,19,None,63,None,"(0.1, 0.1)",None,,,,,,,,,,,,,,1,0,1,0,0,22,22,22,2,0,2,0,847.6328484000001,,,,,,,,,,,,,,,,,,,,,,,,,,,,,,,,,,,,,,,,,,,,,,,,,,,,,,,,,,,,,,,,,,,,,,,,,,,,,,,,,,,,,,,,,,,,,847.6219373999998,847.6328484000001,847.6328484000001,847.6328484000001,847.8166704,None,,,,,,,,,,,,,,,,,,,,,,,,,,,,,,,,P7350,Bar_MIC,10,1,2026-05-15_14h49.41.843,MIC_task,,2026.1.2,60.04138051946148,2026-05-15 14h49.44.746353 +0200,
,,3,0,3,,,,,,,10,t26,gitár,guitar,8,tools,instrument,6.4,19,None,63,None,"(0.1, 0.1)",None,,,,,,,,,,,,,,1,0,1,0,0,22,22,22,3,0,3,0,847.8332753999998,,,,,,,,,,,,,,,,,,,,,,,,,,,,,,,,,,,,,,,,,,,,,,,,,,,,,,,,,,,,,,,,,,,,,,,,,,,,,,,,,,,,,,,,,,,,,847.8210598000001,847.8332753999998,847.8332753999998,847.8332753999998,848.0188481999999,None,,,,,,,,,,,,,,,,,,,,,,,,,,,,,,,,P7350,Bar_MIC,10,1,2026-05-15_14h49.41.843,MIC_task,,2026.1.2,60.04138051946148,2026-05-15 14h49.44.746353 +0200,
,,4,0,4,,,,,,,10,t26,gitár,guitar,8,tools,instrument,6.4,19,None,63,None,"(0.1, 0.1)",None,,,,,,,,,,,,,,1,0,1,0,0,22,22,22,4,0,4,0,848.0338431000005,,,,,,,,,,,,,,,,,,,,,,,,,,,,,,,,,,,,,,,,,,,,,,,,,,,,,,,,,,,,,,,,,,,,,,,,,,,,,,,,,,,,,,,,,,,,,848.0232654000006,848.0338431000005,848.0338431000005,848.0338431000005,848.2180608000003,None,,,,,,,,,,,,,,,,,,,,,,,,,,,,,,,,P7350,Bar_MIC,10,1,2026-05-15_14h49.41.843,MIC_task,,2026.1.2,60.04138051946148,2026-05-15 14h49.44.746353 +0200,
,,5,0,5,,,,,,,10,t26,gitár,guitar,8,tools,instrument,6.4,19,None,63,None,"(0.1, 0.1)",None,,,,,,,,,,,,,,1,0,1,0,0,22,22,22,5,0,5,0,848.2344022000002,,,,,,,,,,,,,,,,,,,,,,,,,,,,,,,,,,,,,,,,,,,,,,,,,,,,,,,,,,,,,,,,,,,,,,,,,,,,,,,,,,,,,,,,,,,,,848.2224056999999,848.2344022000002,848.2344022000002,848.2344022000002,848.4180947999998,None,,,,,,,,,,,,,,,,,,,,,,,,,,,,,,,,P7350,Bar_MIC,10,1,2026-05-15_14h49.41.843,MIC_task,,2026.1.2,60.04138051946148,2026-05-15 14h49.44.746353 +0200,
,,6,0,6,,,,,,,10,t26,gitár,guitar,8,tools,instrument,6.4,19,None,63,None,"(0.1, 0.1)",None,,,,,,,,,,,,,,1,0,1,0,0,22,22,22,6,0,6,0,848.4344142000004,,,,,,,,,,,,,,,,,,,,,,,,,,,,,,,,,,,,,,,,,,,,,,,,,,,,,,,,,,,,,,,,,,,,,,,,,,,,,,,,,,,,,,,,,,,,,848.4224671000006,848.4344142000004,848.4344142000004,848.4344142000004,848.6173069000001,None,,,,,,,,,,,,,,,,,,,,,,,,,,,,,,,,P7350,Bar_MIC,10,1,2026-05-15_14h49.41.843,MIC_task,,2026.1.2,60.04138051946148,2026-05-15 14h49.44.746353 +0200,
,,7,0,7,,,,,,,10,t26,gitár,guitar,8,tools,instrument,6.4,19,None,63,None,"(0.1, 0.1)",None,,,,,,,,,,,,,,1,0,1,0,0,22,22,22,7,0,7,0,848.6346844000004,,,,,,,,,,,,,,,,,,,,,,,,,,,,,,,,,,,,,,,,,,,,,,,,,,,,,,,,,,,,,,,,,,,,,,,,,,,,,,,,,,,,,,,,,,,,,848.6216782000006,848.6346844000004,848.6346844000004,848.6346844000004,848.8177553999999,None,,,,,,,,,,,,,,,,,,,,,,,,,,,,,,,,P7350,Bar_MIC,10,1,2026-05-15_14h49.41.843,MIC_task,,2026.1.2,60.04138051946148,2026-05-15 14h49.44.746353 +0200,
,,8,0,8,,,,,,,10,t26,gitár,guitar,8,tools,instrument,6.4,19,None,63,None,"(0.1, 0.1)",None,,,,,,,,,,,,,,1,0,1,0,0,22,22,22,8,0,8,0,848.8342972000005,,,,,,,,,,,,,,,,,,,,,,,,,,,,,,,,,,,,,,,,,,,,,,,,,,,,,,,,,,,,,,,,,,,,,,,,,,,,,,,,,,,,,,,,,,,,,848.8225808000002,848.8342972000005,848.8342972000005,848.8342972000005,849.0187406,None,,,,,,,,,,,,,,,,,,,,,,,,,,,,,,,,P7350,Bar_MIC,10,1,2026-05-15_14h49.41.843,MIC_task,,2026.1.2,60.04138051946148,2026-05-15 14h49.44.746353 +0200,
,,9,0,9,,,,,,,10,t26,gitár,guitar,8,tools,instrument,6.4,19,None,63,None,"(0.1, 0.1)",None,,,,,,,,,,,,,,1,0,1,0,0,22,22,22,9,0,9,0,849.0346662000006,,,,,,,,,,,,,,,,,,,,,,,,,,,,,,,,,,,,,,,,,,,,,,,,,,,,,,,,,,,,,,,,,,,,,,,,,,,,,,,,,,,,,,,,,,,,,849.0235275999999,849.0346662000006,849.0346662000006,849.0346662000006,849.2184276000003,None,,,,,,,,,,,,,,,,,,,,,,,,,,,,,,,,P7350,Bar_MIC,10,1,2026-05-15_14h49.41.843,MIC_task,,2026.1.2,60.04138051946148,2026-05-15 14h49.44.746353 +0200,
,,10,0,10,,,,,,,10,t26,gitár,guitar,8,tools,instrument,6.4,19,None,63,None,"(0.1, 0.1)",None,,,,,,,,,,,,,,1,0,1,0,0,22,22,22,10,0,10,0,849.2350136999999,,,,,,,,,,,,,,,,,,,,,,,,,,,,,,,,,,,,,,,,,,,,,,,,,,,,,,,,,,,,,,,,,,,,,,,,,,,,,,,,,,,,,,,,,,,,,849.2227305000001,849.2350136999999,849.2350136999999,849.2350136999999,849.4188251,None,,,,,,,,,,,,,,,,,,,,,,,,,,,,,,,,P7350,Bar_MIC,10,1,2026-05-15_14h49.41.843,MIC_task,,2026.1.2,60.04138051946148,2026-05-15 14h49.44.746353 +0200,
,,11,0,11,,,,,,,10,t26,gitár,guitar,8,tools,instrument,6.4,19,None,63,None,"(0.1, 0.1)",None,,,,,,,,,,,,,,1,0,1,0,0,22,22,22,11,0,11,0,849.4356877000005,,,,,,,,,,,,,,,,,,,,,,,,,,,,,,,,,,,,,,,,,,,,,,,,,,,,,,,,,,,,,,,,,,,,,,,,,,,,,,,,,,,,,,,,,,,,,849.4230770999998,849.4356877000005,849.4356877000005,849.4356877000005,849.6191423000005,None,,,,,,,,,,,,,,,,,,,,,,,,,,,,,,,,P7350,Bar_MIC,10,1,2026-05-15_14h49.41.843,MIC_task,,2026.1.2,60.04138051946148,2026-05-15 14h49.44.746353 +0200,
,,12,0,12,,,,,,,10,t26,gitár,guitar,8,tools,instrument,6.4,19,None,63,None,"(0.1, 0.1)",None,,,,,,,,,,,,,,1,0,1,0,0,22,22,22,12,0,12,0,849.6357776999998,,,,,,,,,,,,,,,,,,,,,,,,,,,,,,,,,,,,,,,,,,,,,,,,,,,,,,,,,,,,,,,,,,,,,,,,,,,,,,,,,,,,,,,,,,,,,849.6233132000002,849.6357776999998,849.6357776999998,849.6357776999998,849.8196006000003,None,,,,,,,,,,,,,,,,,,,,,,,,,,,,,,,,P7350,Bar_MIC,10,1,2026-05-15_14h49.41.843,MIC_task,,2026.1.2,60.04138051946148,2026-05-15 14h49.44.746353 +0200,
,,13,0,13,,,,,,,10,t26,gitár,guitar,8,tools,instrument,6.4,19,None,63,None,"(0.1, 0.1)",None,,,,,,,,,,,,,,1,0,1,0,0,22,22,22,13,0,13,0,849.8362452000006,,,,,,,,,,,,,,,,,,,,,,,,,,,,,,,,,,,,,,,,,,,,,,,,,,,,,,,,,,,,,,,,,,,,,,,,,,,,,,,,,,,,,,,,,,,,,849.8240501000005,849.8362452000006,849.8362452000006,849.8362452000006,850.0212342,None,,,,,,,,,,,,,,,,,,,,,,,,,,,,,,,,P7350,Bar_MIC,10,1,2026-05-15_14h49.41.843,MIC_task,,2026.1.2,60.04138051946148,2026-05-15 14h49.44.746353 +0200,
,,14,0,14,,,,,,,10,t26,gitár,guitar,8,tools,instrument,6.4,19,None,63,None,"(0.1, 0.1)",None,,,,,,,,,,,,,,1,0,1,0,0,22,22,22,14,0,14,0,850.0365015000002,,,,,,,,,,,,,,,,,,,,,,,,,,,,,,,,,,,,,,,,,,,,,,,,,,,,,,,,,,,,,,,,,,,,,,,,,,,,,,,,,,,,,,,,,,,,,850.0257237999999,850.0365015000002,850.0365015000002,850.0365015000002,850.2203464999998,None,,,,,,,,,,,,,,,,,,,,,,,,,,,,,,,,P7350,Bar_MIC,10,1,2026-05-15_14h49.41.843,MIC_task,,2026.1.2,60.04138051946148,2026-05-15 14h49.44.746353 +0200,
,,15,0,15,,,,,,,10,t26,gitár,guitar,8,tools,instrument,6.4,19,None,63,None,"(0.1, 0.1)",None,,,,,,,,,,,,,,1,0,1,0,0,22,22,22,15,0,15,0,850.2370059,,,,,,,,,,,,,,,,,,,,,,,,,,,,,,,,,,,,,,,,,,,,,,,,,,,,,,,,,,,,,,,,,,,,,,,,,,,,,,,,,,,,,,,,,,,,,850.2247590000002,850.2370059,850.2370059,850.2370059,850.4207044,None,,,,,,,,,,,,,,,,,,,,,,,,,,,,,,,,P7350,Bar_MIC,10,1,2026-05-15_14h49.41.843,MIC_task,,2026.1.2,60.04138051946148,2026-05-15 14h49.44.746353 +0200,
,,16,0,16,,,,,,,10,t26,gitár,guitar,8,tools,instrument,6.4,19,None,63,None,"(0.1, 0.1)",None,,,,,,,,,,,,,,1,0,1,0,0,22,22,22,16,0,16,0,850.4363895000001,,,,,,,,,,,,,,,,,,,,,,,,,,,,,,,,,,,,,,,,,,,,,,,,,,,,,,,,,,,,,,,,,,,,,,,,,,,,,,,,,,,,,,,,,,,,,850.4252392000003,850.4363895000001,850.4363895000001,850.4363895000001,850.6216627999997,None,,,,,,,,,,,,,,,,,,,,,,,,,,,,,,,,P7350,Bar_MIC,10,1,2026-05-15_14h49.41.843,MIC_task,,2026.1.2,60.04138051946148,2026-05-15 14h49.44.746353 +0200,
,,17,0,17,,,,,,,10,t26,gitár,guitar,8,tools,instrument,6.4,19,None,63,None,"(0.1, 0.1)",None,,,,,,,,,,,,,,1,0,1,0,0,22,22,22,17,0,17,0,850.6382712,,,,,,,,,,,,,,,,,,,,,,,,,,,,,,,,,,,,,,,,,,,,,,,,,,,,,,,,,,,,,,,,,,,,,,,,,,,,,,,,,,,,,,,,,,,,,850.6260214999998,850.6382712,850.6382712,850.6382712,850.8215132999999,None,,,,,,,,,,,,,,,,,,,,,,,,,,,,,,,,P7350,Bar_MIC,10,1,2026-05-15_14h49.41.843,MIC_task,,2026.1.2,60.04138051946148,2026-05-15 14h49.44.746353 +0200,
,,18,0,18,,,,,,,10,t26,gitár,guitar,8,tools,instrument,6.4,19,None,63,None,"(0.1, 0.1)",None,,,,,,,,,,,,,,1,0,1,0,0,22,22,22,18,0,18,0,850.8383331999999,,,,,,,,,,,,,,,,,,,,,,,,,,,,,,,,,,,,,,,,,,,,,,,,,,,,,,,,,,,,,,,,,,,,,,,,,,,,,,,,,,,,,,,,,,,,,850.8260509000006,850.8383331999999,850.8383331999999,850.8383331999999,851.0218625000002,None,,,,,,,,,,,,,,,,,,,,,,,,,,,,,,,,P7350,Bar_MIC,10,1,2026-05-15_14h49.41.843,MIC_task,,2026.1.2,60.04138051946148,2026-05-15 14h49.44.746353 +0200,
,,19,0,19,,,,,,,10,t26,gitár,guitar,8,tools,instrument,6.4,19,None,63,None,"(0.1, 0.1)",None,,,,,,,,,,,,,,1,0,1,0,0,22,22,22,19,0,19,0,851.0375888000003,,,,,,,,,,,,,,,,,,,,,,,,,,,,,,,,,,,,,,,,,,,,,,,,,,,,,,,,,,,,,,,,,,,,,,,,,,,,,,,,,,,,,,,,,,,,,851.0265437000003,851.0375888000003,851.0375888000003,851.0375888000003,851.2214325999998,None,,,,,,,,,,,,,,,,,,,,,,,,,,,,,,,,P7350,Bar_MIC,10,1,2026-05-15_14h49.41.843,MIC_task,,2026.1.2,60.04138051946148,2026-05-15 14h49.44.746353 +0200,
,,20,0,20,,,,,,,10,t26,gitár,guitar,8,tools,instrument,6.4,19,None,63,None,"(0.1, 0.1)",None,,,,,,,,,,,,,,1,0,1,0,0,22,22,22,20,0,20,0,851.2380109999999,,,,,,,,,,,,,,,,,,,,,,,,,,,,,,,,,,,,,,,,,,,,,,,,,,,,,,,,,,,,,,,,,,,,,,,,,,,,,,,,,,,,,,,,,,,,,851.2258863000002,851.2380109999999,851.2380109999999,851.2380109999999,851.4218106000003,None,,,,,,,,,,,,,,,,,,,,,,,,,,,,,,,,P7350,Bar_MIC,10,1,2026-05-15_14h49.41.843,MIC_task,,2026.1.2,60.04138051946148,2026-05-15 14h49.44.746353 +0200,
,,21,0,21,,,,,,,10,t26,gitár,guitar,8,tools,instrument,6.4,19,None,63,None,"(0.1, 0.1)",None,,,,,,,,,,,,,,1,0,1,0,0,22,22,22,21,0,21,0,851.4383454000003,,,,,,,,,,,,,,,,,,,,,,,,,,,,,,,,,,,,,,,,,,,,,,,,,,,,,,,,,,,,,,,,,,,,,,,,,,,,,,,,,,,,,,,,,,,,,851.4269635000005,851.4383454000003,851.4383454000003,851.4383454000003,851.6222043000002,None,,,,,,,,,,,,,,,,,,,,,,,,,,,,,,,,P7350,Bar_MIC,10,1,2026-05-15_14h49.41.843,MIC_task,,2026.1.2,60.04138051946148,2026-05-15 14h49.44.746353 +0200,
,,22,0,22,,,,,,,10,t26,gitár,guitar,8,tools,instrument,6.4,19,None,63,None,"(0.1, 0.1)",None,,,,,,,,,,,,,,1,0,1,0,0,22,22,22,22,0,22,0,851.6391376000006,,,,,,,,,,,,,,,,,,,,,,,,,,,,,,,,,,,,,,,,,,,,,,,,,,,,,,,,,,,,,,,,,,,,,,,,,,,,,,,,,,,,,,,,,,,,,851.6269992000002,851.6391376000006,851.6391376000006,851.6391376000006,851.8238069000004,None,,,,,,,,,,,,,,,,,,,,,,,,,,,,,,,,P7350,Bar_MIC,10,1,2026-05-15_14h49.41.843,MIC_task,,2026.1.2,60.04138051946148,2026-05-15 14h49.44.746353 +0200,
,,23,0,23,,,,,,,10,t26,gitár,guitar,8,tools,instrument,6.4,19,None,63,None,"(0.1, 0.1)",space,0.01966759999959322,None,,,,,,,,,,,,1,0,1,0,0,22,22,22,23,0,23,0,851.8395036000006,,,,,,,,,,,,,,,,,,,,,,,,,,,,,,,,,,,,,,,,,,,,,,,,,,,,,,,,,,,,,,,,,,,,,,,,,,,,,,,,,,,,,,,,,,,,,851.8284026000006,851.8395036000006,851.8395036000006,851.8395036000006,851.8752596999998,space,0.01966759999959322,None,,,,,,,,,,,,,,,,,,,,,,,,,,,,,,P7350,Bar_MIC,10,1,2026-05-15_14h49.41.843,MIC_task,,2026.1.2,60.04138051946148,2026-05-15 14h49.44.746353 +0200,
,,22,22,0,,,,space,0.28362580000066373,None,10,t26,gitár,guitar,8,tools,instrument,6.4,19,None,63,None,"(0.1, 0.1)",,,,,,,,,,,,,,,1,0,1,0,0,22,22,22,,,,,,,,,,,,,,,,,,,,,,,,,,,,,,,,,,,,,,,,,,,,,,,,,,,,,,,,,,,,,,,,,,,,,,,,,,,,,,,,,851.973555,851.9799422000001,851.9737907999998,853.8757572,,,,,,855.8789427000006,855.8955259999998,855.8955259999998,856.1810302999997,,,,,,,,,,,,,853.9090787,853.9147451000003,853.9255955000001,855.8124461000002,855.8788494000005,space,0.28362580000066373,None,,,,,,,,,,,,,,,,,,,,,,P7350,Bar_MIC,10,1,2026-05-15_14h49.41.843,MIC_task,,2026.1.2,60.04138051946148,2026-05-15 14h49.44.746353 +0200,
,,0,0,0,,,,,,,10,a20,zsiráf,giraffe,1,animal,mammal,6.6,12,23,60,None,"(0, 0)",None,,,,,,,,,,,,,,1,0,1,0,0,23,23,23,0,0,0,0,856.1941877000004,,,,,,,,,,,,,,,,,,,,,,,,,,,,,,,,,,,,,,,,,,,,,,,,,,,,,,,,,,,,,,,,,,,,,,,,,,,,,,,,,,,,,,,,,,,,,856.1860997999997,856.1941877000004,856.1941877000004,856.1941877000004,856.3798348000005,None,,,,,,,,,,,856.3959421000004,856.3959421000004,856.3959421000004,,,,,,,,,,,,,,,,,,,P7350,Bar_MIC,10,1,2026-05-15_14h49.41.843,MIC_task,,2026.1.2,60.04138051946148,2026-05-15 14h49.44.746353 +0200,
,,0,0,0,,,,,,,10,a20,zsiráf,giraffe,1,animal,mammal,6.6,12,23,60,None,"(0, 0)",None,,,,,,,,,,,,,,1,0,1,0,0,23,23,23,0,0,0,0,856.3959421000004,,,,,,,,,,,,,,,,,,,,,,,,,,,,,,,,,,,,,,,,,,,,,,,,,,,,,,,,,,,,,,,,,,,,,,,,,,,,,,,,,,,,,,,,,,,,,856.3844611,856.3959421000004,856.3959421000004,856.3959421000004,856.5802444000005,None,,,,,,,,,,,856.596274,856.596274,856.596274,,,,,,,,,,,,,,,,,,,P7350,Bar_MIC,10,1,2026-05-15_14h49.41.843,MIC_task,,2026.1.2,60.04138051946148,2026-05-15 14h49.44.746353 +0200,
,,1,0,1,,,,,,,10,a20,zsiráf,giraffe,1,animal,mammal,6.6,12,23,60,None,"(0, 0)",None,,,,,,,,,,,,,,1,0,1,0,0,23,23,23,1,0,1,0,856.596274,,,,,,,,,,,,,,,,,,,,,,,,,,,,,,,,,,,,,,,,,,,,,,,,,,,,,,,,,,,,,,,,,,,,,,,,,,,,,,,,,,,,,,,,,,,,,856.5851575000002,856.596274,856.596274,856.596274,856.7806363000004,None,,,,,,,,,,,856.7966479000002,856.7966479000002,856.7966479000002,,,,,,,,,,,,,,,,,,,P7350,Bar_MIC,10,1,2026-05-15_14h49.41.843,MIC_task,,2026.1.2,60.04138051946148,2026-05-15 14h49.44.746353 +0200,
,,2,0,2,,,,,,,10,a20,zsiráf,giraffe,1,animal,mammal,6.6,12,23,60,None,"(0, 0)",None,,,,,,,,,,,,,,1,0,1,0,0,23,23,23,2,0,2,0,856.7966479000002,,,,,,,,,,,,,,,,,,,,,,,,,,,,,,,,,,,,,,,,,,,,,,,,,,,,,,,,,,,,,,,,,,,,,,,,,,,,,,,,,,,,,,,,,,,,,856.7856526999999,856.7966479000002,856.7966479000002,856.7966479000002,856.9811259000003,None,,,,,,,,,,,856.9974306999998,856.9974306999998,856.9974306999998,,,,,,,,,,,,,,,,,,,P7350,Bar_MIC,10,1,2026-05-15_14h49.41.843,MIC_task,,2026.1.2,60.04138051946148,2026-05-15 14h49.44.746353 +0200,
,,3,0,3,,,,,,,10,a20,zsiráf,giraffe,1,animal,mammal,6.6,12,23,60,None,"(0, 0)",None,,,,,,,,,,,,,,1,0,1,0,0,23,23,23,3,0,3,0,856.9974306999998,,,,,,,,,,,,,,,,,,,,,,,,,,,,,,,,,,,,,,,,,,,,,,,,,,,,,,,,,,,,,,,,,,,,,,,,,,,,,,,,,,,,,,,,,,,,,856.9860245000004,856.9974306999998,856.9974306999998,856.9974306999998,857.1815929999998,None,,,,,,,,,,,857.1975273000003,857.1975273000003,857.1975273000003,,,,,,,,,,,,,,,,,,,P7350,Bar_MIC,10,1,2026-05-15_14h49.41.843,MIC_task,,2026.1.2,60.04138051946148,2026-05-15 14h49.44.746353 +0200,
,,4,0,4,,,,,,,10,a20,zsiráf,giraffe,1,animal,mammal,6.6,12,23,60,None,"(0, 0)",None,,,,,,,,,,,,,,1,0,1,0,0,23,23,23,4,0,4,0,857.1975273000003,,,,,,,,,,,,,,,,,,,,,,,,,,,,,,,,,,,,,,,,,,,,,,,,,,,,,,,,,,,,,,,,,,,,,,,,,,,,,,,,,,,,,,,,,,,,,857.1862643,857.1975273000003,857.1975273000003,857.1975273000003,857.3811818999998,None,,,,,,,,,,,,,,,,,,,,,,,,,,,,,,,,P7350,Bar_MIC,10,1,2026-05-15_14h49.41.843,MIC_task,,2026.1.2,60.04138051946148,2026-05-15 14h49.44.746353 +0200,
,,5,0,5,,,,,,,10,a20,zsiráf,giraffe,1,animal,mammal,6.6,12,23,60,None,"(0, 0)",None,,,,,,,,,,,,,,1,0,1,0,0,23,23,23,5,0,5,0,857.3979086000004,,,,,,,,,,,,,,,,,,,,,,,,,,,,,,,,,,,,,,,,,,,,,,,,,,,,,,,,,,,,,,,,,,,,,,,,,,,,,,,,,,,,,,,,,,,,,857.3861618000005,857.3979086000004,857.3979086000004,857.3979086000004,857.5816500000005,None,,,,,,,,,,,,,,,,,,,,,,,,,,,,,,,,P7350,Bar_MIC,10,1,2026-05-15_14h49.41.843,MIC_task,,2026.1.2,60.04138051946148,2026-05-15 14h49.44.746353 +0200,
,,6,0,6,,,,,,,10,a20,zsiráf,giraffe,1,animal,mammal,6.6,12,23,60,None,"(0, 0)",None,,,,,,,,,,,,,,1,0,1,0,0,23,23,23,6,0,6,0,857.5983550000005,,,,,,,,,,,,,,,,,,,,,,,,,,,,,,,,,,,,,,,,,,,,,,,,,,,,,,,,,,,,,,,,,,,,,,,,,,,,,,,,,,,,,,,,,,,,,857.5867646000002,857.5983550000005,857.5983550000005,857.5983550000005,857.7819767000005,None,,,,,,,,,,,,,,,,,,,,,,,,,,,,,,,,P7350,Bar_MIC,10,1,2026-05-15_14h49.41.843,MIC_task,,2026.1.2,60.04138051946148,2026-05-15 14h49.44.746353 +0200,
,,7,0,7,,,,,,,10,a20,zsiráf,giraffe,1,animal,mammal,6.6,12,23,60,None,"(0, 0)",None,,,,,,,,,,,,,,1,0,1,0,0,23,23,23,7,0,7,0,857.7977488000001,,,,,,,,,,,,,,,,,,,,,,,,,,,,,,,,,,,,,,,,,,,,,,,,,,,,,,,,,,,,,,,,,,,,,,,,,,,,,,,,,,,,,,,,,,,,,857.7872106999998,857.7977488000001,857.7977488000001,857.7977488000001,857.9824270000004,None,,,,,,,,,,,,,,,,,,,,,,,,,,,,,,,,P7350,Bar_MIC,10,1,2026-05-15_14h49.41.843,MIC_task,,2026.1.2,60.04138051946148,2026-05-15 14h49.44.746353 +0200,
,,8,0,8,,,,,,,10,a20,zsiráf,giraffe,1,animal,mammal,6.6,12,23,60,None,"(0, 0)",None,,,,,,,,,,,,,,1,0,1,0,0,23,23,23,8,0,8,0,857.9993415000004,,,,,,,,,,,,,,,,,,,,,,,,,,,,,,,,,,,,,,,,,,,,,,,,,,,,,,,,,,,,,,,,,,,,,,,,,,,,,,,,,,,,,,,,,,,,,857.9873602000002,857.9993415000004,857.9993415000004,857.9993415000004,858.1826070000002,None,,,,,,,,,,,,,,,,,,,,,,,,,,,,,,,,P7350,Bar_MIC,10,1,2026-05-15_14h49.41.843,MIC_task,,2026.1.2,60.04138051946148,2026-05-15 14h49.44.746353 +0200,
,,9,0,9,,,,,,,10,a20,zsiráf,giraffe,1,animal,mammal,6.6,12,23,60,None,"(0, 0)",None,,,,,,,,,,,,,,1,0,1,0,0,23,23,23,9,0,9,0,858.1987867000003,,,,,,,,,,,,,,,,,,,,,,,,,,,,,,,,,,,,,,,,,,,,,,,,,,,,,,,,,,,,,,,,,,,,,,,,,,,,,,,,,,,,,,,,,,,,,858.1877061999999,858.1987867000003,858.1987867000003,858.1987867000003,858.3831874000002,None,,,,,,,,,,,,,,,,,,,,,,,,,,,,,,,,P7350,Bar_MIC,10,1,2026-05-15_14h49.41.843,MIC_task,,2026.1.2,60.04138051946148,2026-05-15 14h49.44.746353 +0200,
,,10,0,10,,,,,,,10,a20,zsiráf,giraffe,1,animal,mammal,6.6,12,23,60,None,"(0, 0)",None,,,,,,,,,,,,,,1,0,1,0,0,23,23,23,10,0,10,0,858.3988691999998,,,,,,,,,,,,,,,,,,,,,,,,,,,,,,,,,,,,,,,,,,,,,,,,,,,,,,,,,,,,,,,,,,,,,,,,,,,,,,,,,,,,,,,,,,,,,858.3880746,858.3988691999998,858.3988691999998,858.3988691999998,858.5841660000001,None,,,,,,,,,,,,,,,,,,,,,,,,,,,,,,,,P7350,Bar_MIC,10,1,2026-05-15_14h49.41.843,MIC_task,,2026.1.2,60.04138051946148,2026-05-15 14h49.44.746353 +0200,
,,11,0,11,,,,,,,10,a20,zsiráf,giraffe,1,animal,mammal,6.6,12,23,60,None,"(0, 0)",None,,,,,,,,,,,,,,1,0,1,0,0,23,23,23,11,0,11,0,858.5992587000005,,,,,,,,,,,,,,,,,,,,,,,,,,,,,,,,,,,,,,,,,,,,,,,,,,,,,,,,,,,,,,,,,,,,,,,,,,,,,,,,,,,,,,,,,,,,,858.5891252000006,858.5992587000005,858.5992587000005,858.5992587000005,858.7830501000003,None,,,,,,,,,,,,,,,,,,,,,,,,,,,,,,,,P7350,Bar_MIC,10,1,2026-05-15_14h49.41.843,MIC_task,,2026.1.2,60.04138051946148,2026-05-15 14h49.44.746353 +0200,
,,12,0,12,,,,,,,10,a20,zsiráf,giraffe,1,animal,mammal,6.6,12,23,60,None,"(0, 0)",None,,,,,,,,,,,,,,1,0,1,0,0,23,23,23,12,0,12,0,858.7995657000006,,,,,,,,,,,,,,,,,,,,,,,,,,,,,,,,,,,,,,,,,,,,,,,,,,,,,,,,,,,,,,,,,,,,,,,,,,,,,,,,,,,,,,,,,,,,,858.7881275000004,858.7995657000006,858.7995657000006,858.7995657000006,858.9836052000005,None,,,,,,,,,,,,,,,,,,,,,,,,,,,,,,,,P7350,Bar_MIC,10,1,2026-05-15_14h49.41.843,MIC_task,,2026.1.2,60.04138051946148,2026-05-15 14h49.44.746353 +0200,
,,13,0,13,,,,,,,10,a20,zsiráf,giraffe,1,animal,mammal,6.6,12,23,60,None,"(0, 0)",None,,,,,,,,,,,,,,1,0,1,0,0,23,23,23,13,0,13,0,859.0000885000004,,,,,,,,,,,,,,,,,,,,,,,,,,,,,,,,,,,,,,,,,,,,,,,,,,,,,,,,,,,,,,,,,,,,,,,,,,,,,,,,,,,,,,,,,,,,,858.9885754000002,859.0000885000004,859.0000885000004,859.0000885000004,859.1838702999999,None,,,,,,,,,,,,,,,,,,,,,,,,,,,,,,,,P7350,Bar_MIC,10,1,2026-05-15_14h49.41.843,MIC_task,,2026.1.2,60.04138051946148,2026-05-15 14h49.44.746353 +0200,
,,14,0,14,,,,,,,10,a20,zsiráf,giraffe,1,animal,mammal,6.6,12,23,60,None,"(0, 0)",None,,,,,,,,,,,,,,1,0,1,0,0,23,23,23,14,0,14,0,859.2007263999999,,,,,,,,,,,,,,,,,,,,,,,,,,,,,,,,,,,,,,,,,,,,,,,,,,,,,,,,,,,,,,,,,,,,,,,,,,,,,,,,,,,,,,,,,,,,,859.1887007999999,859.2007263999999,859.2007263999999,859.2007263999999,859.3841762000006,None,,,,,,,,,,,,,,,,,,,,,,,,,,,,,,,,P7350,Bar_MIC,10,1,2026-05-15_14h49.41.843,MIC_task,,2026.1.2,60.04138051946148,2026-05-15 14h49.44.746353 +0200,
,,15,0,15,,,,,,,10,a20,zsiráf,giraffe,1,animal,mammal,6.6,12,23,60,None,"(0, 0)",None,,,,,,,,,,,,,,1,0,1,0,0,23,23,23,15,0,15,0,859.4007102,,,,,,,,,,,,,,,,,,,,,,,,,,,,,,,,,,,,,,,,,,,,,,,,,,,,,,,,,,,,,,,,,,,,,,,,,,,,,,,,,,,,,,,,,,,,,859.3890887000002,859.4007102,859.4007102,859.4007102,859.5855339000004,None,,,,,,,,,,,,,,,,,,,,,,,,,,,,,,,,P7350,Bar_MIC,10,1,2026-05-15_14h49.41.843,MIC_task,,2026.1.2,60.04138051946148,2026-05-15 14h49.44.746353 +0200,
,,16,0,16,,,,,,,10,a20,zsiráf,giraffe,1,animal,mammal,6.6,12,23,60,None,"(0, 0)",None,,,,,,,,,,,,,,1,0,1,0,0,23,23,23,16,0,16,0,859.6015712000003,,,,,,,,,,,,,,,,,,,,,,,,,,,,,,,,,,,,,,,,,,,,,,,,,,,,,,,,,,,,,,,,,,,,,,,,,,,,,,,,,,,,,,,,,,,,,859.5900692999999,859.6015712000003,859.6015712000003,859.6015712000003,859.7850567,None,,,,,,,,,,,,,,,,,,,,,,,,,,,,,,,,P7350,Bar_MIC,10,1,2026-05-15_14h49.41.843,MIC_task,,2026.1.2,60.04138051946148,2026-05-15 14h49.44.746353 +0200,
,,17,0,17,,,,,,,10,a20,zsiráf,giraffe,1,animal,mammal,6.6,12,23,60,None,"(0, 0)",None,,,,,,,,,,,,,,1,0,1,0,0,23,23,23,17,0,17,0,859.8014942000004,,,,,,,,,,,,,,,,,,,,,,,,,,,,,,,,,,,,,,,,,,,,,,,,,,,,,,,,,,,,,,,,,,,,,,,,,,,,,,,,,,,,,,,,,,,,,859.7897558999998,859.8014942000004,859.8014942000004,859.8014942000004,859.9852864,None,,,,,,,,,,,,,,,,,,,,,,,,,,,,,,,,P7350,Bar_MIC,10,1,2026-05-15_14h49.41.843,MIC_task,,2026.1.2,60.04138051946148,2026-05-15 14h49.44.746353 +0200,
,,18,0,18,,,,,,,10,a20,zsiráf,giraffe,1,animal,mammal,6.6,12,23,60,None,"(0, 0)",None,,,,,,,,,,,,,,1,0,1,0,0,23,23,23,18,0,18,0,860.0019558999998,,,,,,,,,,,,,,,,,,,,,,,,,,,,,,,,,,,,,,,,,,,,,,,,,,,,,,,,,,,,,,,,,,,,,,,,,,,,,,,,,,,,,,,,,,,,,859.9899141000001,860.0019558999998,860.0019558999998,860.0019558999998,860.1859457000005,None,,,,,,,,,,,,,,,,,,,,,,,,,,,,,,,,P7350,Bar_MIC,10,1,2026-05-15_14h49.41.843,MIC_task,,2026.1.2,60.04138051946148,2026-05-15 14h49.44.746353 +0200,
,,19,0,19,,,,,,,10,a20,zsiráf,giraffe,1,animal,mammal,6.6,12,23,60,None,"(0, 0)",None,,,,,,,,,,,,,,1,0,1,0,0,23,23,23,19,0,19,0,860.2023779000006,,,,,,,,,,,,,,,,,,,,,,,,,,,,,,,,,,,,,,,,,,,,,,,,,,,,,,,,,,,,,,,,,,,,,,,,,,,,,,,,,,,,,,,,,,,,,860.1905300000003,860.2023779000006,860.2023779000006,860.2023779000006,860.3861858000005,None,,,,,,,,,,,,,,,,,,,,,,,,,,,,,,,,P7350,Bar_MIC,10,1,2026-05-15_14h49.41.843,MIC_task,,2026.1.2,60.04138051946148,2026-05-15 14h49.44.746353 +0200,
,,20,0,20,,,,,,,10,a20,zsiráf,giraffe,1,animal,mammal,6.6,12,23,60,None,"(0, 0)",None,,,,,,,,,,,,,,1,0,1,0,0,23,23,23,20,0,20,0,860.4025567000003,,,,,,,,,,,,,,,,,,,,,,,,,,,,,,,,,,,,,,,,,,,,,,,,,,,,,,,,,,,,,,,,,,,,,,,,,,,,,,,,,,,,,,,,,,,,,860.3907638000005,860.4025567000003,860.4025567000003,860.4025567000003,860.5865126000003,None,,,,,,,,,,,,,,,,,,,,,,,,,,,,,,,,P7350,Bar_MIC,10,1,2026-05-15_14h49.41.843,MIC_task,,2026.1.2,60.04138051946148,2026-05-15 14h49.44.746353 +0200,
,,21,0,21,,,,,,,10,a20,zsiráf,giraffe,1,animal,mammal,6.6,12,23,60,None,"(0, 0)",None,,,,,,,,,,,,,,1,0,1,0,0,23,23,23,21,0,21,0,860.6024921000003,,,,,,,,,,,,,,,,,,,,,,,,,,,,,,,,,,,,,,,,,,,,,,,,,,,,,,,,,,,,,,,,,,,,,,,,,,,,,,,,,,,,,,,,,,,,,860.5913745000003,860.6024921000003,860.6024921000003,860.6024921000003,860.7860041999998,None,,,,,,,,,,,,,,,,,,,,,,,,,,,,,,,,P7350,Bar_MIC,10,1,2026-05-15_14h49.41.843,MIC_task,,2026.1.2,60.04138051946148,2026-05-15 14h49.44.746353 +0200,
,,22,0,22,,,,,,,10,a20,zsiráf,giraffe,1,animal,mammal,6.6,12,23,60,None,"(0, 0)",space,0.12125980000018899,None,,,,,,,,,,,,1,0,1,0,0,23,23,23,22,0,22,0,860.8027437000005,,,,,,,,,,,,,,,,,,,,,,,,,,,,,,,,,,,,,,,,,,,,,,,,,,,,,,,,,,,,,,,,,,,,,,,,,,,,,,,,,,,,,,,,,,,,,860.7906250999999,860.8027437000005,860.8027437000005,860.8027437000005,860.9379808999997,space,0.12125980000018899,None,,,,,,,,,,,,,,,,,,,,,,,,,,,,,,P7350,Bar_MIC,10,1,2026-05-15_14h49.41.843,MIC_task,,2026.1.2,60.04138051946148,2026-05-15 14h49.44.746353 +0200,
,,23,23,0,,,,space,0.45183559999986755,None,10,a20,zsiráf,giraffe,1,animal,mammal,6.6,12,23,60,None,"(0, 0)",,,,,,,,,,,,,,,1,0,1,0,0,23,23,23,,,,,,,,,,,,,,,,,,,,,,,,,,,,,,,,,,,,,,,,,,,,,,,,,,,,,,,,,,,,,,,,,,,,,,,,,,,,,,,,,861.0370733000004,861.0441362000006,861.0535135666672,862.9400369,,,,,,864.9430466999997,864.9595611,864.9595611,865.4274957000002,,,,,,,,,,,,,862.9771397,862.9834273000001,862.9898348999998,864.8757292000005,864.9429947000003,space,0.45183559999986755,None,,,,,,,,,,,,,,,,,,,,,,P7350,Bar_MIC,10,1,2026-05-15_14h49.41.843,MIC_task,,2026.1.2,60.04138051946148,2026-05-15 14h49.44.746353 +0200,
,,0,0,0,,,,,,,10,v07,hajó,ship,10,vehicles,watercraft,7,None,None,46,21,"(0, -0.1)",None,,,,,,,,,,,,,,1,0,1,0,0,24,24,24,0,0,0,0,865.4432159000003,,,,,,,,,,,,,,,,,,,,,,,,,,,,,,,,,,,,,,,,,,,,,,,,,,,,,,,,,,,,,,,,,,,,,,,,,,,,,,,,,,,,,,,,,,,,,865.4321630999998,865.4432159000003,865.4432159000003,865.4432159000003,865.6275835000001,None,,,,,,,,,,,865.6435744000005,865.6435744000005,865.6435744000005,,,,,,,,,,,,,,,,,,,P7350,Bar_MIC,10,1,2026-05-15_14h49.41.843,MIC_task,,2026.1.2,60.04138051946148,2026-05-15 14h49.44.746353 +0200,
,,0,0,0,,,,,,,10,v07,hajó,ship,10,vehicles,watercraft,7,None,None,46,21,"(0, -0.1)",None,,,,,,,,,,,,,,1,0,1,0,0,24,24,24,0,0,0,0,865.6435744000005,,,,,,,,,,,,,,,,,,,,,,,,,,,,,,,,,,,,,,,,,,,,,,,,,,,,,,,,,,,,,,,,,,,,,,,,,,,,,,,,,,,,,,,,,,,,,865.6318974999999,865.6435744000005,865.6435744000005,865.6435744000005,865.8278301000005,None,,,,,,,,,,,,,,,,,,,,,,,,,,,,,,,,P7350,Bar_MIC,10,1,2026-05-15_14h49.41.843,MIC_task,,2026.1.2,60.04138051946148,2026-05-15 14h49.44.746353 +0200,
,,1,0,1,,,,,,,10,v07,hajó,ship,10,vehicles,watercraft,7,None,None,46,21,"(0, -0.1)",None,,,,,,,,,,,,,,1,0,1,0,0,24,24,24,1,0,1,0,865.8440424000005,,,,,,,,,,,,,,,,,,,,,,,,,,,,,,,,,,,,,,,,,,,,,,,,,,,,,,,,,,,,,,,,,,,,,,,,,,,,,,,,,,,,,,,,,,,,,865.8323565000005,865.8440424000005,865.8440424000005,865.8440424000005,866.0282049000002,None,,,,,,,,,,,,,,,,,,,,,,,,,,,,,,,,P7350,Bar_MIC,10,1,2026-05-15_14h49.41.843,MIC_task,,2026.1.2,60.04138051946148,2026-05-15 14h49.44.746353 +0200,
,,2,0,2,,,,,,,10,v07,hajó,ship,10,vehicles,watercraft,7,None,None,46,21,"(0, -0.1)",None,,,,,,,,,,,,,,1,0,1,0,0,24,24,24,2,0,2,0,866.0442831000005,,,,,,,,,,,,,,,,,,,,,,,,,,,,,,,,,,,,,,,,,,,,,,,,,,,,,,,,,,,,,,,,,,,,,,,,,,,,,,,,,,,,,,,,,,,,,866.0326483000003,866.0442831000005,866.0442831000005,866.0442831000005,866.2291086999999,None,,,,,,,,,,,,,,,,,,,,,,,,,,,,,,,,P7350,Bar_MIC,10,1,2026-05-15_14h49.41.843,MIC_task,,2026.1.2,60.04138051946148,2026-05-15 14h49.44.746353 +0200,
,,3,0,3,,,,,,,10,v07,hajó,ship,10,vehicles,watercraft,7,None,None,46,21,"(0, -0.1)",None,,,,,,,,,,,,,,1,0,1,0,0,24,24,24,3,0,3,0,866.2451273000001,,,,,,,,,,,,,,,,,,,,,,,,,,,,,,,,,,,,,,,,,,,,,,,,,,,,,,,,,,,,,,,,,,,,,,,,,,,,,,,,,,,,,,,,,,,,,866.2338141000005,866.2451273000001,866.2451273000001,866.2451273000001,866.4286223000004,None,,,,,,,,,,,,,,,,,,,,,,,,,,,,,,,,P7350,Bar_MIC,10,1,2026-05-15_14h49.41.843,MIC_task,,2026.1.2,60.04138051946148,2026-05-15 14h49.44.746353 +0200,
,,4,0,4,,,,,,,10,v07,hajó,ship,10,vehicles,watercraft,7,None,None,46,21,"(0, -0.1)",None,,,,,,,,,,,,,,1,0,1,0,0,24,24,24,4,0,4,0,866.4451196000005,,,,,,,,,,,,,,,,,,,,,,,,,,,,,,,,,,,,,,,,,,,,,,,,,,,,,,,,,,,,,,,,,,,,,,,,,,,,,,,,,,,,,,,,,,,,,866.4331361,866.4451196000005,866.4451196000005,866.4451196000005,866.6300567000003,None,,,,,,,,,,,,,,,,,,,,,,,,,,,,,,,,P7350,Bar_MIC,10,1,2026-05-15_14h49.41.843,MIC_task,,2026.1.2,60.04138051946148,2026-05-15 14h49.44.746353 +0200,
,,5,0,5,,,,,,,10,v07,hajó,ship,10,vehicles,watercraft,7,None,None,46,21,"(0, -0.1)",None,,,,,,,,,,,,,,1,0,1,0,0,24,24,24,5,0,5,0,866.6456465000006,,,,,,,,,,,,,,,,,,,,,,,,,,,,,,,,,,,,,,,,,,,,,,,,,,,,,,,,,,,,,,,,,,,,,,,,,,,,,,,,,,,,,,,,,,,,,866.6352916000001,866.6456465000006,866.6456465000006,866.6456465000006,866.8293214,None,,,,,,,,,,,,,,,,,,,,,,,,,,,,,,,,P7350,Bar_MIC,10,1,2026-05-15_14h49.41.843,MIC_task,,2026.1.2,60.04138051946148,2026-05-15 14h49.44.746353 +0200,
,,6,0,6,,,,,,,10,v07,hajó,ship,10,vehicles,watercraft,7,None,None,46,21,"(0, -0.1)",None,,,,,,,,,,,,,,1,0,1,0,0,24,24,24,6,0,6,0,866.8450793000006,,,,,,,,,,,,,,,,,,,,,,,,,,,,,,,,,,,,,,,,,,,,,,,,,,,,,,,,,,,,,,,,,,,,,,,,,,,,,,,,,,,,,,,,,,,,,866.8344344000002,866.8450793000006,866.8450793000006,866.8450793000006,867.0289239999997,None,,,,,,,,,,,,,,,,,,,,,,,,,,,,,,,,P7350,Bar_MIC,10,1,2026-05-15_14h49.41.843,MIC_task,,2026.1.2,60.04138051946148,2026-05-15 14h49.44.746353 +0200,
,,7,0,7,,,,,,,10,v07,hajó,ship,10,vehicles,watercraft,7,None,None,46,21,"(0, -0.1)",None,,,,,,,,,,,,,,1,0,1,0,0,24,24,24,7,0,7,0,867.0455099000005,,,,,,,,,,,,,,,,,,,,,,,,,,,,,,,,,,,,,,,,,,,,,,,,,,,,,,,,,,,,,,,,,,,,,,,,,,,,,,,,,,,,,,,,,,,,,867.0347003000002,867.0455099000005,867.0455099000005,867.0455099000005,867.2315279,None,,,,,,,,,,,,,,,,,,,,,,,,,,,,,,,,P7350,Bar_MIC,10,1,2026-05-15_14h49.41.843,MIC_task,,2026.1.2,60.04138051946148,2026-05-15 14h49.44.746353 +0200,
,,8,0,8,,,,,,,10,v07,hajó,ship,10,vehicles,watercraft,7,None,None,46,21,"(0, -0.1)",None,,,,,,,,,,,,,,1,0,1,0,0,24,24,24,8,0,8,0,867.2445233000003,,,,,,,,,,,,,,,,,,,,,,,,,,,,,,,,,,,,,,,,,,,,,,,,,,,,,,,,,,,,,,,,,,,,,,,,,,,,,,,,,,,,,,,,,,,,,867.2368055000002,867.2445233000003,867.2445233000003,867.2445233000003,867.4296678000005,None,,,,,,,,,,,,,,,,,,,,,,,,,,,,,,,,P7350,Bar_MIC,10,1,2026-05-15_14h49.41.843,MIC_task,,2026.1.2,60.04138051946148,2026-05-15 14h49.44.746353 +0200,
,,9,0,9,,,,,,,10,v07,hajó,ship,10,vehicles,watercraft,7,None,None,46,21,"(0, -0.1)",None,,,,,,,,,,,,,,1,0,1,0,0,24,24,24,9,0,9,0,867.4462151000002,,,,,,,,,,,,,,,,,,,,,,,,,,,,,,,,,,,,,,,,,,,,,,,,,,,,,,,,,,,,,,,,,,,,,,,,,,,,,,,,,,,,,,,,,,,,,867.4341995,867.4462151000002,867.4462151000002,867.4462151000002,867.6300108,None,,,,,,,,,,,,,,,,,,,,,,,,,,,,,,,,P7350,Bar_MIC,10,1,2026-05-15_14h49.41.843,MIC_task,,2026.1.2,60.04138051946148,2026-05-15 14h49.44.746353 +0200,
,,10,0,10,,,,,,,10,v07,hajó,ship,10,vehicles,watercraft,7,None,None,46,21,"(0, -0.1)",None,,,,,,,,,,,,,,1,0,1,0,0,24,24,24,10,0,10,0,867.6467464000002,,,,,,,,,,,,,,,,,,,,,,,,,,,,,,,,,,,,,,,,,,,,,,,,,,,,,,,,,,,,,,,,,,,,,,,,,,,,,,,,,,,,,,,,,,,,,867.6344970000005,867.6467464000002,867.6467464000002,867.6467464000002,867.8305875000001,None,,,,,,,,,,,,,,,,,,,,,,,,,,,,,,,,P7350,Bar_MIC,10,1,2026-05-15_14h49.41.843,MIC_task,,2026.1.2,60.04138051946148,2026-05-15 14h49.44.746353 +0200,
,,11,0,11,,,,,,,10,v07,hajó,ship,10,vehicles,watercraft,7,None,None,46,21,"(0, -0.1)",None,,,,,,,,,,,,,,1,0,1,0,0,24,24,24,11,0,11,0,867.8470724000003,,,,,,,,,,,,,,,,,,,,,,,,,,,,,,,,,,,,,,,,,,,,,,,,,,,,,,,,,,,,,,,,,,,,,,,,,,,,,,,,,,,,,,,,,,,,,867.8352201000002,867.8470724000003,867.8470724000003,867.8470724000003,868.0307976999998,None,,,,,,,,,,,,,,,,,,,,,,,,,,,,,,,,P7350,Bar_MIC,10,1,2026-05-15_14h49.41.843,MIC_task,,2026.1.2,60.04138051946148,2026-05-15 14h49.44.746353 +0200,
,,12,0,12,,,,,,,10,v07,hajó,ship,10,vehicles,watercraft,7,None,None,46,21,"(0, -0.1)",None,,,,,,,,,,,,,,1,0,1,0,0,24,24,24,12,0,12,0,868.0474237000003,,,,,,,,,,,,,,,,,,,,,,,,,,,,,,,,,,,,,,,,,,,,,,,,,,,,,,,,,,,,,,,,,,,,,,,,,,,,,,,,,,,,,,,,,,,,,868.0357681999999,868.0474237000003,868.0474237000003,868.0474237000003,868.231147,None,,,,,,,,,,,,,,,,,,,,,,,,,,,,,,,,P7350,Bar_MIC,10,1,2026-05-15_14h49.41.843,MIC_task,,2026.1.2,60.04138051946148,2026-05-15 14h49.44.746353 +0200,
,,13,0,13,,,,,,,10,v07,hajó,ship,10,vehicles,watercraft,7,None,None,46,21,"(0, -0.1)",space,0.13957919999938895,None,,,,,,,,,,,,1,0,1,0,0,24,24,24,13,0,13,0,868.247973,,,,,,,,,,,,,,,,,,,,,,,,,,,,,,,,,,,,,,,,,,,,,,,,,,,,,,,,,,,,,,,,,,,,,,,,,,,,,,,,,,,,,,,,,,,,,868.2358294000001,868.247973,868.247973,868.247973,868.3992306000005,space,0.13957919999938895,None,,,,,,,,,,,,,,,,,,,,,,,,,,,,,,P7350,Bar_MIC,10,1,2026-05-15_14h49.41.843,MIC_task,,2026.1.2,60.04138051946148,2026-05-15 14h49.44.746353 +0200,
,,24,24,0,,,,space,0.5511266000003161,None,10,v07,hajó,ship,10,vehicles,watercraft,7,None,None,46,21,"(0, -0.1)",,,,,,,,,,,,,,,1,0,1,0,0,24,24,24,,,,,,,,,,,,,,,,,,,,,,,,,,,,,,,,,,,,,,,,,,,,,,,,,,,,,,,,,,,,,,,,,,,,,,,,,,,,,,,,,868.4993291000005,868.5071324000005,868.514552566667,870.4011145999998,,,,,,872.4046922000002,872.4208820999997,872.4208820999997,872.9891726999999,,,,,,,,,,,,,870.4395131000006,870.4456411000006,870.450779,872.3374770000005,872.4046245000004,space,0.5511266000003161,None,,,,,,,,,,,,,,,,,,,,,,P7350,Bar_MIC,10,1,2026-05-15_14h49.41.843,MIC_task,,2026.1.2,60.04138051946148,2026-05-15 14h49.44.746353 +0200,
,,0,0,0,,,,,,,10,f08,sajt,cheese,4,food,dairy,7,10486,21,51,None,"(-0.1, 0)",None,,,,,,,,,,,,,,1,0,1,0,0,25,25,25,0,0,0,0,873.0048505,,,,,,,,,,,,,,,,,,,,,,,,,,,,,,,,,,,,,,,,,,,,,,,,,,,,,,,,,,,,,,,,,,,,,,,,,,,,,,,,,,,,,,,,,,,,,872.9939079999999,873.0048505,873.0048505,873.0048505,873.1893122000006,None,,,,,,,,,,,873.2050478000006,873.2050478000006,873.2050478000006,,,,,,,,,,,,,,,,,,,P7350,Bar_MIC,10,1,2026-05-15_14h49.41.843,MIC_task,,2026.1.2,60.04138051946148,2026-05-15 14h49.44.746353 +0200,
,,0,0,0,,,,,,,10,f08,sajt,cheese,4,food,dairy,7,10486,21,51,None,"(-0.1, 0)",None,,,,,,,,,,,,,,1,0,1,0,0,25,25,25,0,0,0,0,873.2050478000006,,,,,,,,,,,,,,,,,,,,,,,,,,,,,,,,,,,,,,,,,,,,,,,,,,,,,,,,,,,,,,,,,,,,,,,,,,,,,,,,,,,,,,,,,,,,,873.1939354000001,873.2050478000006,873.2050478000006,873.2050478000006,873.3903523000004,None,,,,,,,,,,,,,,,,,,,,,,,,,,,,,,,,P7350,Bar_MIC,10,1,2026-05-15_14h49.41.843,MIC_task,,2026.1.2,60.04138051946148,2026-05-15 14h49.44.746353 +0200,
,,1,0,1,,,,,,,10,f08,sajt,cheese,4,food,dairy,7,10486,21,51,None,"(-0.1, 0)",None,,,,,,,,,,,,,,1,0,1,0,0,25,25,25,1,0,1,0,873.4061611000002,,,,,,,,,,,,,,,,,,,,,,,,,,,,,,,,,,,,,,,,,,,,,,,,,,,,,,,,,,,,,,,,,,,,,,,,,,,,,,,,,,,,,,,,,,,,,873.3953163000001,873.4061611000002,873.4061611000002,873.4061611000002,873.5895460000006,None,,,,,,,,,,,,,,,,,,,,,,,,,,,,,,,,P7350,Bar_MIC,10,1,2026-05-15_14h49.41.843,MIC_task,,2026.1.2,60.04138051946148,2026-05-15 14h49.44.746353 +0200,
,,2,0,2,,,,,,,10,f08,sajt,cheese,4,food,dairy,7,10486,21,51,None,"(-0.1, 0)",None,,,,,,,,,,,,,,1,0,1,0,0,25,25,25,2,0,2,0,873.6060367000005,,,,,,,,,,,,,,,,,,,,,,,,,,,,,,,,,,,,,,,,,,,,,,,,,,,,,,,,,,,,,,,,,,,,,,,,,,,,,,,,,,,,,,,,,,,,,873.5944887,873.6060367000005,873.6060367000005,873.6060367000005,873.7896919,None,,,,,,,,,,,,,,,,,,,,,,,,,,,,,,,,P7350,Bar_MIC,10,1,2026-05-15_14h49.41.843,MIC_task,,2026.1.2,60.04138051946148,2026-05-15 14h49.44.746353 +0200,
,,3,0,3,,,,,,,10,f08,sajt,cheese,4,food,dairy,7,10486,21,51,None,"(-0.1, 0)",None,,,,,,,,,,,,,,1,0,1,0,0,25,25,25,3,0,3,0,873.8064436,,,,,,,,,,,,,,,,,,,,,,,,,,,,,,,,,,,,,,,,,,,,,,,,,,,,,,,,,,,,,,,,,,,,,,,,,,,,,,,,,,,,,,,,,,,,,873.7944266999998,873.8064436,873.8064436,873.8064436,873.9903286000003,None,,,,,,,,,,,,,,,,,,,,,,,,,,,,,,,,P7350,Bar_MIC,10,1,2026-05-15_14h49.41.843,MIC_task,,2026.1.2,60.04138051946148,2026-05-15 14h49.44.746353 +0200,
,,4,0,4,,,,,,,10,f08,sajt,cheese,4,food,dairy,7,10486,21,51,None,"(-0.1, 0)",None,,,,,,,,,,,,,,1,0,1,0,0,25,25,25,4,0,4,0,874.0069028000003,,,,,,,,,,,,,,,,,,,,,,,,,,,,,,,,,,,,,,,,,,,,,,,,,,,,,,,,,,,,,,,,,,,,,,,,,,,,,,,,,,,,,,,,,,,,,873.9950285999998,874.0069028000003,874.0069028000003,874.0069028000003,874.1905937000006,None,,,,,,,,,,,,,,,,,,,,,,,,,,,,,,,,P7350,Bar_MIC,10,1,2026-05-15_14h49.41.843,MIC_task,,2026.1.2,60.04138051946148,2026-05-15 14h49.44.746353 +0200,
,,5,0,5,,,,,,,10,f08,sajt,cheese,4,food,dairy,7,10486,21,51,None,"(-0.1, 0)",None,,,,,,,,,,,,,,1,0,1,0,0,25,25,25,5,0,5,0,874.2063321,,,,,,,,,,,,,,,,,,,,,,,,,,,,,,,,,,,,,,,,,,,,,,,,,,,,,,,,,,,,,,,,,,,,,,,,,,,,,,,,,,,,,,,,,,,,,874.1956615000004,874.2063321,874.2063321,874.2063321,874.3909499000006,None,,,,,,,,,,,,,,,,,,,,,,,,,,,,,,,,P7350,Bar_MIC,10,1,2026-05-15_14h49.41.843,MIC_task,,2026.1.2,60.04138051946148,2026-05-15 14h49.44.746353 +0200,
,,6,0,6,,,,,,,10,f08,sajt,cheese,4,food,dairy,7,10486,21,51,None,"(-0.1, 0)",None,,,,,,,,,,,,,,1,0,1,0,0,25,25,25,6,0,6,0,874.4066287999999,,,,,,,,,,,,,,,,,,,,,,,,,,,,,,,,,,,,,,,,,,,,,,,,,,,,,,,,,,,,,,,,,,,,,,,,,,,,,,,,,,,,,,,,,,,,,874.3958342999999,874.4066287999999,874.4066287999999,874.4066287999999,874.5905204000005,None,,,,,,,,,,,,,,,,,,,,,,,,,,,,,,,,P7350,Bar_MIC,10,1,2026-05-15_14h49.41.843,MIC_task,,2026.1.2,60.04138051946148,2026-05-15 14h49.44.746353 +0200,
,,7,0,7,,,,,,,10,f08,sajt,cheese,4,food,dairy,7,10486,21,51,None,"(-0.1, 0)",None,,,,,,,,,,,,,,1,0,1,0,0,25,25,25,7,0,7,0,874.6070779000006,,,,,,,,,,,,,,,,,,,,,,,,,,,,,,,,,,,,,,,,,,,,,,,,,,,,,,,,,,,,,,,,,,,,,,,,,,,,,,,,,,,,,,,,,,,,,874.5950134,874.6070779000006,874.6070779000006,874.6070779000006,874.7908947999999,None,,,,,,,,,,,,,,,,,,,,,,,,,,,,,,,,P7350,Bar_MIC,10,1,2026-05-15_14h49.41.843,MIC_task,,2026.1.2,60.04138051946148,2026-05-15 14h49.44.746353 +0200,
,,8,0,8,,,,,,,10,f08,sajt,cheese,4,food,dairy,7,10486,21,51,None,"(-0.1, 0)",None,,,,,,,,,,,,,,1,0,1,0,0,25,25,25,8,0,8,0,874.8081913999999,,,,,,,,,,,,,,,,,,,,,,,,,,,,,,,,,,,,,,,,,,,,,,,,,,,,,,,,,,,,,,,,,,,,,,,,,,,,,,,,,,,,,,,,,,,,,874.7956837000006,874.8081913999999,874.8081913999999,874.8081913999999,874.9911752000003,None,,,,,,,,,,,,,,,,,,,,,,,,,,,,,,,,P7350,Bar_MIC,10,1,2026-05-15_14h49.41.843,MIC_task,,2026.1.2,60.04138051946148,2026-05-15 14h49.44.746353 +0200,
,,9,0,9,,,,,,,10,f08,sajt,cheese,4,food,dairy,7,10486,21,51,None,"(-0.1, 0)",None,,,,,,,,,,,,,,1,0,1,0,0,25,25,25,9,0,9,0,875.0078113000004,,,,,,,,,,,,,,,,,,,,,,,,,,,,,,,,,,,,,,,,,,,,,,,,,,,,,,,,,,,,,,,,,,,,,,,,,,,,,,,,,,,,,,,,,,,,,874.9959358000001,875.0078113000004,875.0078113000004,875.0078113000004,875.1916102,None,,,,,,,,,,,,,,,,,,,,,,,,,,,,,,,,P7350,Bar_MIC,10,1,2026-05-15_14h49.41.843,MIC_task,,2026.1.2,60.04138051946148,2026-05-15 14h49.44.746353 +0200,
,,10,0,10,,,,,,,10,f08,sajt,cheese,4,food,dairy,7,10486,21,51,None,"(-0.1, 0)",None,,,,,,,,,,,,,,1,0,1,0,0,25,25,25,10,0,10,0,875.2083628000005,,,,,,,,,,,,,,,,,,,,,,,,,,,,,,,,,,,,,,,,,,,,,,,,,,,,,,,,,,,,,,,,,,,,,,,,,,,,,,,,,,,,,,,,,,,,,875.196238,875.2083628000005,875.2083628000005,875.2083628000005,875.3920821000006,None,,,,,,,,,,,,,,,,,,,,,,,,,,,,,,,,P7350,Bar_MIC,10,1,2026-05-15_14h49.41.843,MIC_task,,2026.1.2,60.04138051946148,2026-05-15 14h49.44.746353 +0200,
,,11,0,11,,,,,,,10,f08,sajt,cheese,4,food,dairy,7,10486,21,51,None,"(-0.1, 0)",None,,,,,,,,,,,,,,1,0,1,0,0,25,25,25,11,0,11,0,875.4085543000006,,,,,,,,,,,,,,,,,,,,,,,,,,,,,,,,,,,,,,,,,,,,,,,,,,,,,,,,,,,,,,,,,,,,,,,,,,,,,,,,,,,,,,,,,,,,,875.3974972000001,875.4085543000006,875.4085543000006,875.4085543000006,875.5948632000004,None,,,,,,,,,,,,,,,,,,,,,,,,,,,,,,,,P7350,Bar_MIC,10,1,2026-05-15_14h49.41.843,MIC_task,,2026.1.2,60.04138051946148,2026-05-15 14h49.44.746353 +0200,
,,12,0,12,,,,,,,10,f08,sajt,cheese,4,food,dairy,7,10486,21,51,None,"(-0.1, 0)",space,0.09936329999982263,None,,,,,,,,,,,,1,0,1,0,0,25,25,25,12,0,12,0,875.6087288000003,,,,,,,,,,,,,,,,,,,,,,,,,,,,,,,,,,,,,,,,,,,,,,,,,,,,,,,,,,,,,,,,,,,,,,,,,,,,,,,,,,,,,,,,,,,,,875.6002136000002,875.6087288000003,875.6087288000003,875.6087288000003,875.7099228000002,space,0.09936329999982263,None,,,,,,,,,,,,,,,,,,,,,,,,,,,,,,P7350,Bar_MIC,10,1,2026-05-15_14h49.41.843,MIC_task,,2026.1.2,60.04138051946148,2026-05-15 14h49.44.746353 +0200,
,,25,25,0,,,,space,0.495239799999581,None,10,f08,sajt,cheese,4,food,dairy,7,10486,21,51,None,"(-0.1, 0)",,,,,,,,,,,,,,,1,0,1,0,0,25,25,25,,,,,,,,,,,,,,,,,,,,,,,,,,,,,,,,,,,,,,,,,,,,,,,,,,,,,,,,,,,,,,,,,,,,,,,,,,,,,,,,,875.8094986000001,875.8158066999999,875.8253922666667,877.7119703000003,,,,,,879.7158995000004,879.7329515000006,879.7329515000006,880.2347339000003,,,,,,,,,,,,,877.7496106000003,877.7554139999997,877.7618402999999,879.6490355999999,879.7158398000006,space,0.495239799999581,None,,,,,,,,,,,,,,,,,,,,,,P7350,Bar_MIC,10,1,2026-05-15_14h49.41.843,MIC_task,,2026.1.2,60.04138051946148,2026-05-15 14h49.44.746353 +0200,
,,0,0,0,,,,,,,10,b01,orr,nose,2,bodypart,face,7,73,19,35,None,"(-0.1, 0.1)",None,,,,,,,,,,,,,,1,0,1,0,0,26,26,26,0,0,0,0,880.2494530999998,,,,,,,,,,,,,,,,,,,,,,,,,,,,,,,,,,,,,,,,,,,,,,,,,,,,,,,,,,,,,,,,,,,,,,,,,,,,,,,,,,,,,,,,,,,,,880.2394387999998,880.2494530999998,880.2494530999998,880.2494530999998,880.4345953000006,None,,,,,,,,,,,880.4490799,880.4490799,880.4490799,,,,,,,,,,,,,,,,,,,P7350,Bar_MIC,10,1,2026-05-15_14h49.41.843,MIC_task,,2026.1.2,60.04138051946148,2026-05-15 14h49.44.746353 +0200,
,,0,0,0,,,,,,,10,b01,orr,nose,2,bodypart,face,7,73,19,35,None,"(-0.1, 0.1)",None,,,,,,,,,,,,,,1,0,1,0,0,26,26,26,0,0,0,0,880.4490799,,,,,,,,,,,,,,,,,,,,,,,,,,,,,,,,,,,,,,,,,,,,,,,,,,,,,,,,,,,,,,,,,,,,,,,,,,,,,,,,,,,,,,,,,,,,,880.4396560999999,880.4490799,880.4490799,880.4490799,880.6348453000005,None,,,,,,,,,,,880.6496947999999,880.6496947999999,880.6496947999999,,,,,,,,,,,,,,,,,,,P7350,Bar_MIC,10,1,2026-05-15_14h49.41.843,MIC_task,,2026.1.2,60.04138051946148,2026-05-15 14h49.44.746353 +0200,
,,1,0,1,,,,,,,10,b01,orr,nose,2,bodypart,face,7,73,19,35,None,"(-0.1, 0.1)",None,,,,,,,,,,,,,,1,0,1,0,0,26,26,26,1,0,1,0,880.6496947999999,,,,,,,,,,,,,,,,,,,,,,,,,,,,,,,,,,,,,,,,,,,,,,,,,,,,,,,,,,,,,,,,,,,,,,,,,,,,,,,,,,,,,,,,,,,,,880.6391275000001,880.6496947999999,880.6496947999999,880.6496947999999,880.8353104000003,None,,,,,,,,,,,880.8498911000001,880.8498911000001,880.8498911000001,,,,,,,,,,,,,,,,,,,P7350,Bar_MIC,10,1,2026-05-15_14h49.41.843,MIC_task,,2026.1.2,60.04138051946148,2026-05-15 14h49.44.746353 +0200,
,,2,0,2,,,,,,,10,b01,orr,nose,2,bodypart,face,7,73,19,35,None,"(-0.1, 0.1)",None,,,,,,,,,,,,,,1,0,1,0,0,26,26,26,2,0,2,0,880.8498911000001,,,,,,,,,,,,,,,,,,,,,,,,,,,,,,,,,,,,,,,,,,,,,,,,,,,,,,,,,,,,,,,,,,,,,,,,,,,,,,,,,,,,,,,,,,,,,880.8396235000005,880.8498911000001,880.8498911000001,880.8498911000001,881.0349922999999,None,,,,,,,,,,,,,,,,,,,,,,,,,,,,,,,,P7350,Bar_MIC,10,1,2026-05-15_14h49.41.843,MIC_task,,2026.1.2,60.04138051946148,2026-05-15 14h49.44.746353 +0200,
,,3,0,3,,,,,,,10,b01,orr,nose,2,bodypart,face,7,73,19,35,None,"(-0.1, 0.1)",None,,,,,,,,,,,,,,1,0,1,0,0,26,26,26,3,0,3,0,881.0502197000001,,,,,,,,,,,,,,,,,,,,,,,,,,,,,,,,,,,,,,,,,,,,,,,,,,,,,,,,,,,,,,,,,,,,,,,,,,,,,,,,,,,,,,,,,,,,,881.0394636000005,881.0502197000001,881.0502197000001,881.0502197000001,881.2348606999999,None,,,,,,,,,,,881.2505947000004,881.2505947000004,881.2505947000004,,,,,,,,,,,,,,,,,,,P7350,Bar_MIC,10,1,2026-05-15_14h49.41.843,MIC_task,,2026.1.2,60.04138051946148,2026-05-15 14h49.44.746353 +0200,
,,4,0,4,,,,,,,10,b01,orr,nose,2,bodypart,face,7,73,19,35,None,"(-0.1, 0.1)",None,,,,,,,,,,,,,,1,0,1,0,0,26,26,26,4,0,4,0,881.2505947000004,,,,,,,,,,,,,,,,,,,,,,,,,,,,,,,,,,,,,,,,,,,,,,,,,,,,,,,,,,,,,,,,,,,,,,,,,,,,,,,,,,,,,,,,,,,,,881.2391223999998,881.2505947000004,881.2505947000004,881.2505947000004,881.4354734000003,None,,,,,,,,,,,881.4510596000005,881.4510596000005,881.4510596000005,,,,,,,,,,,,,,,,,,,P7350,Bar_MIC,10,1,2026-05-15_14h49.41.843,MIC_task,,2026.1.2,60.04138051946148,2026-05-15 14h49.44.746353 +0200,
,,5,0,5,,,,,,,10,b01,orr,nose,2,bodypart,face,7,73,19,35,None,"(-0.1, 0.1)",None,,,,,,,,,,,,,,1,0,1,0,0,26,26,26,5,0,5,0,881.4510596000005,,,,,,,,,,,,,,,,,,,,,,,,,,,,,,,,,,,,,,,,,,,,,,,,,,,,,,,,,,,,,,,,,,,,,,,,,,,,,,,,,,,,,,,,,,,,,881.4397055000004,881.4510596000005,881.4510596000005,881.4510596000005,881.6350625999999,None,,,,,,,,,,,,,,,,,,,,,,,,,,,,,,,,P7350,Bar_MIC,10,1,2026-05-15_14h49.41.843,MIC_task,,2026.1.2,60.04138051946148,2026-05-15 14h49.44.746353 +0200,
,,6,0,6,,,,,,,10,b01,orr,nose,2,bodypart,face,7,73,19,35,None,"(-0.1, 0.1)",None,,,,,,,,,,,,,,1,0,1,0,0,26,26,26,6,0,6,0,881.6519162999998,,,,,,,,,,,,,,,,,,,,,,,,,,,,,,,,,,,,,,,,,,,,,,,,,,,,,,,,,,,,,,,,,,,,,,,,,,,,,,,,,,,,,,,,,,,,,881.6393787000002,881.6519162999998,881.6519162999998,881.6519162999998,881.8357257000002,None,,,,,,,,,,,,,,,,,,,,,,,,,,,,,,,,P7350,Bar_MIC,10,1,2026-05-15_14h49.41.843,MIC_task,,2026.1.2,60.04138051946148,2026-05-15 14h49.44.746353 +0200,
,,7,0,7,,,,,,,10,b01,orr,nose,2,bodypart,face,7,73,19,35,None,"(-0.1, 0.1)",None,,,,,,,,,,,,,,1,0,1,0,0,26,26,26,7,0,7,0,881.8516961,,,,,,,,,,,,,,,,,,,,,,,,,,,,,,,,,,,,,,,,,,,,,,,,,,,,,,,,,,,,,,,,,,,,,,,,,,,,,,,,,,,,,,,,,,,,,881.8406679000004,881.8516961,881.8516961,881.8516961,882.0355738000003,None,,,,,,,,,,,,,,,,,,,,,,,,,,,,,,,,P7350,Bar_MIC,10,1,2026-05-15_14h49.41.843,MIC_task,,2026.1.2,60.04138051946148,2026-05-15 14h49.44.746353 +0200,
,,8,0,8,,,,,,,10,b01,orr,nose,2,bodypart,face,7,73,19,35,None,"(-0.1, 0.1)",None,,,,,,,,,,,,,,1,0,1,0,0,26,26,26,8,0,8,0,882.0521537,,,,,,,,,,,,,,,,,,,,,,,,,,,,,,,,,,,,,,,,,,,,,,,,,,,,,,,,,,,,,,,,,,,,,,,,,,,,,,,,,,,,,,,,,,,,,882.0397340000004,882.0521537,882.0521537,882.0521537,882.2368124,None,,,,,,,,,,,,,,,,,,,,,,,,,,,,,,,,P7350,Bar_MIC,10,1,2026-05-15_14h49.41.843,MIC_task,,2026.1.2,60.04138051946148,2026-05-15 14h49.44.746353 +0200,
,,9,0,9,,,,,,,10,b01,orr,nose,2,bodypart,face,7,73,19,35,None,"(-0.1, 0.1)",None,,,,,,,,,,,,,,1,0,1,0,0,26,26,26,9,0,9,0,882.2524232000001,,,,,,,,,,,,,,,,,,,,,,,,,,,,,,,,,,,,,,,,,,,,,,,,,,,,,,,,,,,,,,,,,,,,,,,,,,,,,,,,,,,,,,,,,,,,,882.2411498000006,882.2524232000001,882.2524232000001,882.2524232000001,882.4368015000005,None,,,,,,,,,,,,,,,,,,,,,,,,,,,,,,,,P7350,Bar_MIC,10,1,2026-05-15_14h49.41.843,MIC_task,,2026.1.2,60.04138051946148,2026-05-15 14h49.44.746353 +0200,
,,10,0,10,,,,,,,10,b01,orr,nose,2,bodypart,face,7,73,19,35,None,"(-0.1, 0.1)",None,,,,,,,,,,,,,,1,0,1,0,0,26,26,26,10,0,10,0,882.4529453,,,,,,,,,,,,,,,,,,,,,,,,,,,,,,,,,,,,,,,,,,,,,,,,,,,,,,,,,,,,,,,,,,,,,,,,,,,,,,,,,,,,,,,,,,,,,882.4408886000006,882.4529453,882.4529453,882.4529453,882.6377152,None,,,,,,,,,,,,,,,,,,,,,,,,,,,,,,,,P7350,Bar_MIC,10,1,2026-05-15_14h49.41.843,MIC_task,,2026.1.2,60.04138051946148,2026-05-15 14h49.44.746353 +0200,
,,11,0,11,,,,,,,10,b01,orr,nose,2,bodypart,face,7,73,19,35,None,"(-0.1, 0.1)",None,,,,,,,,,,,,,,1,0,1,0,0,26,26,26,11,0,11,0,882.6539115,,,,,,,,,,,,,,,,,,,,,,,,,,,,,,,,,,,,,,,,,,,,,,,,,,,,,,,,,,,,,,,,,,,,,,,,,,,,,,,,,,,,,,,,,,,,,882.6421566000004,882.6539115,882.6539115,882.6539115,882.8362293000005,None,,,,,,,,,,,,,,,,,,,,,,,,,,,,,,,,P7350,Bar_MIC,10,1,2026-05-15_14h49.41.843,MIC_task,,2026.1.2,60.04138051946148,2026-05-15 14h49.44.746353 +0200,
,,12,0,12,,,,,,,10,b01,orr,nose,2,bodypart,face,7,73,19,35,None,"(-0.1, 0.1)",None,,,,,,,,,,,,,,1,0,1,0,0,26,26,26,12,0,12,0,882.8536058000004,,,,,,,,,,,,,,,,,,,,,,,,,,,,,,,,,,,,,,,,,,,,,,,,,,,,,,,,,,,,,,,,,,,,,,,,,,,,,,,,,,,,,,,,,,,,,882.8405444000005,882.8536058000004,882.8536058000004,882.8536058000004,883.0380550000004,None,,,,,,,,,,,,,,,,,,,,,,,,,,,,,,,,P7350,Bar_MIC,10,1,2026-05-15_14h49.41.843,MIC_task,,2026.1.2,60.04138051946148,2026-05-15 14h49.44.746353 +0200,
,,13,0,13,,,,,,,10,b01,orr,nose,2,bodypart,face,7,73,19,35,None,"(-0.1, 0.1)",None,,,,,,,,,,,,,,1,0,1,0,0,26,26,26,13,0,13,0,883.0532143000005,,,,,,,,,,,,,,,,,,,,,,,,,,,,,,,,,,,,,,,,,,,,,,,,,,,,,,,,,,,,,,,,,,,,,,,,,,,,,,,,,,,,,,,,,,,,,883.0424195999999,883.0532143000005,883.0532143000005,883.0532143000005,883.2376257999999,None,,,,,,,,,,,,,,,,,,,,,,,,,,,,,,,,P7350,Bar_MIC,10,1,2026-05-15_14h49.41.843,MIC_task,,2026.1.2,60.04138051946148,2026-05-15 14h49.44.746353 +0200,
,,14,0,14,,,,,,,10,b01,orr,nose,2,bodypart,face,7,73,19,35,None,"(-0.1, 0.1)",None,,,,,,,,,,,,,,1,0,1,0,0,26,26,26,14,0,14,0,883.2535198999999,,,,,,,,,,,,,,,,,,,,,,,,,,,,,,,,,,,,,,,,,,,,,,,,,,,,,,,,,,,,,,,,,,,,,,,,,,,,,,,,,,,,,,,,,,,,,883.2420364000004,883.2535198999999,883.2535198999999,883.2535198999999,883.4373833000004,None,,,,,,,,,,,,,,,,,,,,,,,,,,,,,,,,P7350,Bar_MIC,10,1,2026-05-15_14h49.41.843,MIC_task,,2026.1.2,60.04138051946148,2026-05-15 14h49.44.746353 +0200,
,,15,0,15,,,,,,,10,b01,orr,nose,2,bodypart,face,7,73,19,35,None,"(-0.1, 0.1)",None,,,,,,,,,,,,,,1,0,1,0,0,26,26,26,15,0,15,0,883.4538640000005,,,,,,,,,,,,,,,,,,,,,,,,,,,,,,,,,,,,,,,,,,,,,,,,,,,,,,,,,,,,,,,,,,,,,,,,,,,,,,,,,,,,,,,,,,,,,883.4417002000005,883.4538640000005,883.4538640000005,883.4538640000005,883.6383605000005,None,,,,,,,,,,,,,,,,,,,,,,,,,,,,,,,,P7350,Bar_MIC,10,1,2026-05-15_14h49.41.843,MIC_task,,2026.1.2,60.04138051946148,2026-05-15 14h49.44.746353 +0200,
,,16,0,16,,,,,,,10,b01,orr,nose,2,bodypart,face,7,73,19,35,None,"(-0.1, 0.1)",None,,,,,,,,,,,,,,1,0,1,0,0,26,26,26,16,0,16,0,883.6543869000002,,,,,,,,,,,,,,,,,,,,,,,,,,,,,,,,,,,,,,,,,,,,,,,,,,,,,,,,,,,,,,,,,,,,,,,,,,,,,,,,,,,,,,,,,,,,,883.6426403,883.6543869000002,883.6543869000002,883.6543869000002,883.8384695,None,,,,,,,,,,,,,,,,,,,,,,,,,,,,,,,,P7350,Bar_MIC,10,1,2026-05-15_14h49.41.843,MIC_task,,2026.1.2,60.04138051946148,2026-05-15 14h49.44.746353 +0200,
,,17,0,17,,,,,,,10,b01,orr,nose,2,bodypart,face,7,73,19,35,None,"(-0.1, 0.1)",None,,,,,,,,,,,,,,1,0,1,0,0,26,26,26,17,0,17,0,883.8550777000005,,,,,,,,,,,,,,,,,,,,,,,,,,,,,,,,,,,,,,,,,,,,,,,,,,,,,,,,,,,,,,,,,,,,,,,,,,,,,,,,,,,,,,,,,,,,,883.8427342,883.8550777000005,883.8550777000005,883.8550777000005,884.0386364000001,None,,,,,,,,,,,,,,,,,,,,,,,,,,,,,,,,P7350,Bar_MIC,10,1,2026-05-15_14h49.41.843,MIC_task,,2026.1.2,60.04138051946148,2026-05-15 14h49.44.746353 +0200,
,,18,0,18,,,,,,,10,b01,orr,nose,2,bodypart,face,7,73,19,35,None,"(-0.1, 0.1)",None,,,,,,,,,,,,,,1,0,1,0,0,26,26,26,18,0,18,0,884.0551866000001,,,,,,,,,,,,,,,,,,,,,,,,,,,,,,,,,,,,,,,,,,,,,,,,,,,,,,,,,,,,,,,,,,,,,,,,,,,,,,,,,,,,,,,,,,,,,884.0428760999998,884.0551866000001,884.0551866000001,884.0551866000001,884.2390766000003,None,,,,,,,,,,,,,,,,,,,,,,,,,,,,,,,,P7350,Bar_MIC,10,1,2026-05-15_14h49.41.843,MIC_task,,2026.1.2,60.04138051946148,2026-05-15 14h49.44.746353 +0200,
,,19,0,19,,,,,,,10,b01,orr,nose,2,bodypart,face,7,73,19,35,None,"(-0.1, 0.1)",None,,,,,,,,,,,,,,1,0,1,0,0,26,26,26,19,0,19,0,884.2553689000001,,,,,,,,,,,,,,,,,,,,,,,,,,,,,,,,,,,,,,,,,,,,,,,,,,,,,,,,,,,,,,,,,,,,,,,,,,,,,,,,,,,,,,,,,,,,,884.2433335000001,884.2553689000001,884.2553689000001,884.2553689000001,884.4392441000005,None,,,,,,,,,,,,,,,,,,,,,,,,,,,,,,,,P7350,Bar_MIC,10,1,2026-05-15_14h49.41.843,MIC_task,,2026.1.2,60.04138051946148,2026-05-15 14h49.44.746353 +0200,
,,20,0,20,,,,,,,10,b01,orr,nose,2,bodypart,face,7,73,19,35,None,"(-0.1, 0.1)",None,,,,,,,,,,,,,,1,0,1,0,0,26,26,26,20,0,20,0,884.4557807000006,,,,,,,,,,,,,,,,,,,,,,,,,,,,,,,,,,,,,,,,,,,,,,,,,,,,,,,,,,,,,,,,,,,,,,,,,,,,,,,,,,,,,,,,,,,,,884.4434489999999,884.4557807000006,884.4557807000006,884.4557807000006,884.6404348000001,None,,,,,,,,,,,,,,,,,,,,,,,,,,,,,,,,P7350,Bar_MIC,10,1,2026-05-15_14h49.41.843,MIC_task,,2026.1.2,60.04138051946148,2026-05-15 14h49.44.746353 +0200,
,,21,0,21,,,,,,,10,b01,orr,nose,2,bodypart,face,7,73,19,35,None,"(-0.1, 0.1)",None,,,,,,,,,,,,,,1,0,1,0,0,26,26,26,21,0,21,0,884.6563065000005,,,,,,,,,,,,,,,,,,,,,,,,,,,,,,,,,,,,,,,,,,,,,,,,,,,,,,,,,,,,,,,,,,,,,,,,,,,,,,,,,,,,,,,,,,,,,884.6444901999998,884.6563065000005,884.6563065000005,884.6563065000005,884.8400112000004,None,,,,,,,,,,,,,,,,,,,,,,,,,,,,,,,,P7350,Bar_MIC,10,1,2026-05-15_14h49.41.843,MIC_task,,2026.1.2,60.04138051946148,2026-05-15 14h49.44.746353 +0200,
,,22,0,22,,,,,,,10,b01,orr,nose,2,bodypart,face,7,73,19,35,None,"(-0.1, 0.1)",None,,,,,,,,,,,,,,1,0,1,0,0,26,26,26,22,0,22,0,884.8572473999998,,,,,,,,,,,,,,,,,,,,,,,,,,,,,,,,,,,,,,,,,,,,,,,,,,,,,,,,,,,,,,,,,,,,,,,,,,,,,,,,,,,,,,,,,,,,,884.8441414000004,884.8572473999998,884.8572473999998,884.8572473999998,885.0395896000005,None,,,,,,,,,,,,,,,,,,,,,,,,,,,,,,,,P7350,Bar_MIC,10,1,2026-05-15_14h49.41.843,MIC_task,,2026.1.2,60.04138051946148,2026-05-15 14h49.44.746353 +0200,
,,23,0,23,,,,,,,10,b01,orr,nose,2,bodypart,face,7,73,19,35,None,"(-0.1, 0.1)",None,,,,,,,,,,,,,,1,0,1,0,0,26,26,26,23,0,23,0,885.056231,,,,,,,,,,,,,,,,,,,,,,,,,,,,,,,,,,,,,,,,,,,,,,,,,,,,,,,,,,,,,,,,,,,,,,,,,,,,,,,,,,,,,,,,,,,,,885.0440315000001,885.056231,885.056231,885.056231,885.2413909000002,None,,,,,,,,,,,,,,,,,,,,,,,,,,,,,,,,P7350,Bar_MIC,10,1,2026-05-15_14h49.41.843,MIC_task,,2026.1.2,60.04138051946148,2026-05-15 14h49.44.746353 +0200,
,,24,0,24,,,,,,,10,b01,orr,nose,2,bodypart,face,7,73,19,35,None,"(-0.1, 0.1)",None,,,,,,,,,,,,,,1,0,1,0,0,26,26,26,24,0,24,0,885.2565196999999,,,,,,,,,,,,,,,,,,,,,,,,,,,,,,,,,,,,,,,,,,,,,,,,,,,,,,,,,,,,,,,,,,,,,,,,,,,,,,,,,,,,,,,,,,,,,885.2459666,885.2565196999999,885.2565196999999,885.2565196999999,885.4403820000002,None,,,,,,,,,,,,,,,,,,,,,,,,,,,,,,,,P7350,Bar_MIC,10,1,2026-05-15_14h49.41.843,MIC_task,,2026.1.2,60.04138051946148,2026-05-15 14h49.44.746353 +0200,
,,25,0,25,,,,,,,10,b01,orr,nose,2,bodypart,face,7,73,19,35,None,"(-0.1, 0.1)",space,0.067587900000035,None,,,,,,,,,,,,1,0,1,0,0,26,26,26,25,0,25,0,885.4569586000002,,,,,,,,,,,,,,,,,,,,,,,,,,,,,,,,,,,,,,,,,,,,,,,,,,,,,,,,,,,,,,,,,,,,,,,,,,,,,,,,,,,,,,,,,,,,,885.4445362000001,885.4569586000002,885.4569586000002,885.4569586000002,885.5268170000004,space,0.067587900000035,None,,,,,,,,,,,,,,,,,,,,,,,,,,,,,,P7350,Bar_MIC,10,1,2026-05-15_14h49.41.843,MIC_task,,2026.1.2,60.04138051946148,2026-05-15 14h49.44.746353 +0200,
,,26,26,0,,,,space,1.1455964999995558,None,10,b01,orr,nose,2,bodypart,face,7,73,19,35,None,"(-0.1, 0.1)",,,,,,,,,,,,,,,1,0,1,0,0,26,26,26,,,,,,,,,,,,,,,,,,,,,,,,,,,,,,,,,,,,,,,,,,,,,,,,,,,,,,,,,,,,,,,,,,,,,,,,,,,,,,,,,885.6312738000001,885.6389934000003,885.641912866667,887.5271715000003,,,,,,889.5314794999999,889.5467524000001,889.5467524000001,890.7006271000005,,,,,,,,,,,,,887.5559521,887.5630813000002,887.5603534333331,889.4643477000004,889.5313709000006,space,1.1455964999995558,None,,,,,,,,,,,,,,,,,,,,,,P7350,Bar_MIC,10,1,2026-05-15_14h49.41.843,MIC_task,,2026.1.2,60.04138051946148,2026-05-15 14h49.44.746353 +0200,
,,0,0,0,,,,,,,10,p04,bohóc,clown,6,people,entertainment,6.8,14,19,44,None,"(0.1, 0.1)",None,,,,,,,,,,,,,,1,0,1,0,0,27,27,27,0,0,0,0,890.7152767000002,,,,,,,,,,,,,,,,,,,,,,,,,,,,,,,,,,,,,,,,,,,,,,,,,,,,,,,,,,,,,,,,,,,,,,,,,,,,,,,,,,,,,,,,,,,,,890.7054315999999,890.7152767000002,890.7152767000002,890.7152767000002,890.9009847000002,None,,,,,,,,,,,890.9161483000003,890.9161483000003,890.9161483000003,,,,,,,,,,,,,,,,,,,P7350,Bar_MIC,10,1,2026-05-15_14h49.41.843,MIC_task,,2026.1.2,60.04138051946148,2026-05-15 14h49.44.746353 +0200,
,,0,0,0,,,,,,,10,p04,bohóc,clown,6,people,entertainment,6.8,14,19,44,None,"(0.1, 0.1)",None,,,,,,,,,,,,,,1,0,1,0,0,27,27,27,0,0,0,0,890.9161483000003,,,,,,,,,,,,,,,,,,,,,,,,,,,,,,,,,,,,,,,,,,,,,,,,,,,,,,,,,,,,,,,,,,,,,,,,,,,,,,,,,,,,,,,,,,,,,890.9060656000006,890.9161483000003,890.9161483000003,890.9161483000003,891.1003501,None,,,,,,,,,,,891.1162405999999,891.1162405999999,891.1162405999999,,,,,,,,,,,,,,,,,,,P7350,Bar_MIC,10,1,2026-05-15_14h49.41.843,MIC_task,,2026.1.2,60.04138051946148,2026-05-15 14h49.44.746353 +0200,
,,1,0,1,,,,,,,10,p04,bohóc,clown,6,people,entertainment,6.8,14,19,44,None,"(0.1, 0.1)",None,,,,,,,,,,,,,,1,0,1,0,0,27,27,27,1,0,1,0,891.1162405999999,,,,,,,,,,,,,,,,,,,,,,,,,,,,,,,,,,,,,,,,,,,,,,,,,,,,,,,,,,,,,,,,,,,,,,,,,,,,,,,,,,,,,,,,,,,,,891.1053494000003,891.1162405999999,891.1162405999999,891.1162405999999,891.3008978000003,None,,,,,,,,,,,891.3158804999998,891.3158804999998,891.3158804999998,,,,,,,,,,,,,,,,,,,P7350,Bar_MIC,10,1,2026-05-15_14h49.41.843,MIC_task,,2026.1.2,60.04138051946148,2026-05-15 14h49.44.746353 +0200,
,,2,0,2,,,,,,,10,p04,bohóc,clown,6,people,entertainment,6.8,14,19,44,None,"(0.1, 0.1)",None,,,,,,,,,,,,,,1,0,1,0,0,27,27,27,2,0,2,0,891.3158804999998,,,,,,,,,,,,,,,,,,,,,,,,,,,,,,,,,,,,,,,,,,,,,,,,,,,,,,,,,,,,,,,,,,,,,,,,,,,,,,,,,,,,,,,,,,,,,891.3059104999998,891.3158804999998,891.3158804999998,891.3158804999998,891.5002389000006,None,,,,,,,,,,,891.5161868,891.5161868,891.5161868,,,,,,,,,,,,,,,,,,,P7350,Bar_MIC,10,1,2026-05-15_14h49.41.843,MIC_task,,2026.1.2,60.04138051946148,2026-05-15 14h49.44.746353 +0200,
,,3,0,3,,,,,,,10,p04,bohóc,clown,6,people,entertainment,6.8,14,19,44,None,"(0.1, 0.1)",None,,,,,,,,,,,,,,1,0,1,0,0,27,27,27,3,0,3,0,891.5161868,,,,,,,,,,,,,,,,,,,,,,,,,,,,,,,,,,,,,,,,,,,,,,,,,,,,,,,,,,,,,,,,,,,,,,,,,,,,,,,,,,,,,,,,,,,,,891.5052924000006,891.5161868,891.5161868,891.5161868,891.7011216000005,None,,,,,,,,,,,891.7151822999999,891.7151822999999,891.7151822999999,,,,,,,,,,,,,,,,,,,P7350,Bar_MIC,10,1,2026-05-15_14h49.41.843,MIC_task,,2026.1.2,60.04138051946148,2026-05-15 14h49.44.746353 +0200,
,,4,0,4,,,,,,,10,p04,bohóc,clown,6,people,entertainment,6.8,14,19,44,None,"(0.1, 0.1)",None,,,,,,,,,,,,,,1,0,1,0,0,27,27,27,4,0,4,0,891.7151822999999,,,,,,,,,,,,,,,,,,,,,,,,,,,,,,,,,,,,,,,,,,,,,,,,,,,,,,,,,,,,,,,,,,,,,,,,,,,,,,,,,,,,,,,,,,,,,891.7079625000001,891.7151822999999,891.7151822999999,891.7151822999999,891.9009060000003,None,,,,,,,,,,,891.9169014000004,891.9169014000004,891.9169014000004,,,,,,,,,,,,,,,,,,,P7350,Bar_MIC,10,1,2026-05-15_14h49.41.843,MIC_task,,2026.1.2,60.04138051946148,2026-05-15 14h49.44.746353 +0200,
,,5,0,5,,,,,,,10,p04,bohóc,clown,6,people,entertainment,6.8,14,19,44,None,"(0.1, 0.1)",None,,,,,,,,,,,,,,1,0,1,0,0,27,27,27,5,0,5,0,891.9169014000004,,,,,,,,,,,,,,,,,,,,,,,,,,,,,,,,,,,,,,,,,,,,,,,,,,,,,,,,,,,,,,,,,,,,,,,,,,,,,,,,,,,,,,,,,,,,,891.9058132000005,891.9169014000004,891.9169014000004,891.9169014000004,892.1013711,None,,,,,,,,,,,892.1172599000006,892.1172599000006,892.1172599000006,,,,,,,,,,,,,,,,,,,P7350,Bar_MIC,10,1,2026-05-15_14h49.41.843,MIC_task,,2026.1.2,60.04138051946148,2026-05-15 14h49.44.746353 +0200,
,,6,0,6,,,,,,,10,p04,bohóc,clown,6,people,entertainment,6.8,14,19,44,None,"(0.1, 0.1)",None,,,,,,,,,,,,,,1,0,1,0,0,27,27,27,6,0,6,0,892.1172599000006,,,,,,,,,,,,,,,,,,,,,,,,,,,,,,,,,,,,,,,,,,,,,,,,,,,,,,,,,,,,,,,,,,,,,,,,,,,,,,,,,,,,,,,,,,,,,892.1062114000001,892.1172599000006,892.1172599000006,892.1172599000006,892.3010810999999,None,,,,,,,,,,,,,,,,,,,,,,,,,,,,,,,,P7350,Bar_MIC,10,1,2026-05-15_14h49.41.843,MIC_task,,2026.1.2,60.04138051946148,2026-05-15 14h49.44.746353 +0200,
,,7,0,7,,,,,,,10,p04,bohóc,clown,6,people,entertainment,6.8,14,19,44,None,"(0.1, 0.1)",None,,,,,,,,,,,,,,1,0,1,0,0,27,27,27,7,0,7,0,892.3177065000004,,,,,,,,,,,,,,,,,,,,,,,,,,,,,,,,,,,,,,,,,,,,,,,,,,,,,,,,,,,,,,,,,,,,,,,,,,,,,,,,,,,,,,,,,,,,,892.3061364,892.3177065000004,892.3177065000004,892.3177065000004,892.5014980999999,None,,,,,,,,,,,,,,,,,,,,,,,,,,,,,,,,P7350,Bar_MIC,10,1,2026-05-15_14h49.41.843,MIC_task,,2026.1.2,60.04138051946148,2026-05-15 14h49.44.746353 +0200,
,,8,0,8,,,,,,,10,p04,bohóc,clown,6,people,entertainment,6.8,14,19,44,None,"(0.1, 0.1)",None,,,,,,,,,,,,,,1,0,1,0,0,27,27,27,8,0,8,0,892.5180568999999,,,,,,,,,,,,,,,,,,,,,,,,,,,,,,,,,,,,,,,,,,,,,,,,,,,,,,,,,,,,,,,,,,,,,,,,,,,,,,,,,,,,,,,,,,,,,892.5065306000001,892.5180568999999,892.5180568999999,892.5180568999999,892.7018856,None,,,,,,,,,,,,,,,,,,,,,,,,,,,,,,,,P7350,Bar_MIC,10,1,2026-05-15_14h49.41.843,MIC_task,,2026.1.2,60.04138051946148,2026-05-15 14h49.44.746353 +0200,
,,9,0,9,,,,,,,10,p04,bohóc,clown,6,people,entertainment,6.8,14,19,44,None,"(0.1, 0.1)",None,,,,,,,,,,,,,,1,0,1,0,0,27,27,27,9,0,9,0,892.7184216999999,,,,,,,,,,,,,,,,,,,,,,,,,,,,,,,,,,,,,,,,,,,,,,,,,,,,,,,,,,,,,,,,,,,,,,,,,,,,,,,,,,,,,,,,,,,,,892.7070640000006,892.7184216999999,892.7184216999999,892.7184216999999,892.9024535000003,None,,,,,,,,,,,,,,,,,,,,,,,,,,,,,,,,P7350,Bar_MIC,10,1,2026-05-15_14h49.41.843,MIC_task,,2026.1.2,60.04138051946148,2026-05-15 14h49.44.746353 +0200,
,,10,0,10,,,,,,,10,p04,bohóc,clown,6,people,entertainment,6.8,14,19,44,None,"(0.1, 0.1)",None,,,,,,,,,,,,,,1,0,1,0,0,27,27,27,10,0,10,0,892.9190578000002,,,,,,,,,,,,,,,,,,,,,,,,,,,,,,,,,,,,,,,,,,,,,,,,,,,,,,,,,,,,,,,,,,,,,,,,,,,,,,,,,,,,,,,,,,,,,892.9073807999998,892.9190578000002,892.9190578000002,892.9190578000002,893.1026218000002,None,,,,,,,,,,,,,,,,,,,,,,,,,,,,,,,,P7350,Bar_MIC,10,1,2026-05-15_14h49.41.843,MIC_task,,2026.1.2,60.04138051946148,2026-05-15 14h49.44.746353 +0200,
,,11,0,11,,,,,,,10,p04,bohóc,clown,6,people,entertainment,6.8,14,19,44,None,"(0.1, 0.1)",None,,,,,,,,,,,,,,1,0,1,0,0,27,27,27,11,0,11,0,893.1197039000003,,,,,,,,,,,,,,,,,,,,,,,,,,,,,,,,,,,,,,,,,,,,,,,,,,,,,,,,,,,,,,,,,,,,,,,,,,,,,,,,,,,,,,,,,,,,,893.1077271999998,893.1197039000003,893.1197039000003,893.1197039000003,893.3030294000005,None,,,,,,,,,,,,,,,,,,,,,,,,,,,,,,,,P7350,Bar_MIC,10,1,2026-05-15_14h49.41.843,MIC_task,,2026.1.2,60.04138051946148,2026-05-15 14h49.44.746353 +0200,
,,12,0,12,,,,,,,10,p04,bohóc,clown,6,people,entertainment,6.8,14,19,44,None,"(0.1, 0.1)",None,,,,,,,,,,,,,,1,0,1,0,0,27,27,27,12,0,12,0,893.3186375999999,,,,,,,,,,,,,,,,,,,,,,,,,,,,,,,,,,,,,,,,,,,,,,,,,,,,,,,,,,,,,,,,,,,,,,,,,,,,,,,,,,,,,,,,,,,,,893.3089352000002,893.3186375999999,893.3186375999999,893.3186375999999,893.5034685000005,None,,,,,,,,,,,,,,,,,,,,,,,,,,,,,,,,P7350,Bar_MIC,10,1,2026-05-15_14h49.41.843,MIC_task,,2026.1.2,60.04138051946148,2026-05-15 14h49.44.746353 +0200,
,,13,0,13,,,,,,,10,p04,bohóc,clown,6,people,entertainment,6.8,14,19,44,None,"(0.1, 0.1)",None,,,,,,,,,,,,,,1,0,1,0,0,27,27,27,13,0,13,0,893.5191303000006,,,,,,,,,,,,,,,,,,,,,,,,,,,,,,,,,,,,,,,,,,,,,,,,,,,,,,,,,,,,,,,,,,,,,,,,,,,,,,,,,,,,,,,,,,,,,893.5085175999998,893.5191303000006,893.5191303000006,893.5191303000006,893.7029126000002,None,,,,,,,,,,,,,,,,,,,,,,,,,,,,,,,,P7350,Bar_MIC,10,1,2026-05-15_14h49.41.843,MIC_task,,2026.1.2,60.04138051946148,2026-05-15 14h49.44.746353 +0200,
,,14,0,14,,,,,,,10,p04,bohóc,clown,6,people,entertainment,6.8,14,19,44,None,"(0.1, 0.1)",None,,,,,,,,,,,,,,1,0,1,0,0,27,27,27,14,0,14,0,893.7194377000001,,,,,,,,,,,,,,,,,,,,,,,,,,,,,,,,,,,,,,,,,,,,,,,,,,,,,,,,,,,,,,,,,,,,,,,,,,,,,,,,,,,,,,,,,,,,,893.7077590000004,893.7194377000001,893.7194377000001,893.7194377000001,893.9033095999998,None,,,,,,,,,,,,,,,,,,,,,,,,,,,,,,,,P7350,Bar_MIC,10,1,2026-05-15_14h49.41.843,MIC_task,,2026.1.2,60.04138051946148,2026-05-15 14h49.44.746353 +0200,
,,15,0,15,,,,,,,10,p04,bohóc,clown,6,people,entertainment,6.8,14,19,44,None,"(0.1, 0.1)",None,,,,,,,,,,,,,,1,0,1,0,0,27,27,27,15,0,15,0,893.9198929999998,,,,,,,,,,,,,,,,,,,,,,,,,,,,,,,,,,,,,,,,,,,,,,,,,,,,,,,,,,,,,,,,,,,,,,,,,,,,,,,,,,,,,,,,,,,,,893.9081086000001,893.9198929999998,893.9198929999998,893.9198929999998,894.1047795,None,,,,,,,,,,,,,,,,,,,,,,,,,,,,,,,,P7350,Bar_MIC,10,1,2026-05-15_14h49.41.843,MIC_task,,2026.1.2,60.04138051946148,2026-05-15 14h49.44.746353 +0200,
,,16,0,16,,,,,,,10,p04,bohóc,clown,6,people,entertainment,6.8,14,19,44,None,"(0.1, 0.1)",None,,,,,,,,,,,,,,1,0,1,0,0,27,27,27,16,0,16,0,894.1206483999999,,,,,,,,,,,,,,,,,,,,,,,,,,,,,,,,,,,,,,,,,,,,,,,,,,,,,,,,,,,,,,,,,,,,,,,,,,,,,,,,,,,,,,,,,,,,,894.1095756999998,894.1206483999999,894.1206483999999,894.1206483999999,894.3052563000006,None,,,,,,,,,,,,,,,,,,,,,,,,,,,,,,,,P7350,Bar_MIC,10,1,2026-05-15_14h49.41.843,MIC_task,,2026.1.2,60.04138051946148,2026-05-15 14h49.44.746353 +0200,
,,17,0,17,,,,,,,10,p04,bohóc,clown,6,people,entertainment,6.8,14,19,44,None,"(0.1, 0.1)",None,,,,,,,,,,,,,,1,0,1,0,0,27,27,27,17,0,17,0,894.3207678000003,,,,,,,,,,,,,,,,,,,,,,,,,,,,,,,,,,,,,,,,,,,,,,,,,,,,,,,,,,,,,,,,,,,,,,,,,,,,,,,,,,,,,,,,,,,,,894.3101123000001,894.3207678000003,894.3207678000003,894.3207678000003,894.5044631000005,None,,,,,,,,,,,,,,,,,,,,,,,,,,,,,,,,P7350,Bar_MIC,10,1,2026-05-15_14h49.41.843,MIC_task,,2026.1.2,60.04138051946148,2026-05-15 14h49.44.746353 +0200,
,,18,0,18,,,,,,,10,p04,bohóc,clown,6,people,entertainment,6.8,14,19,44,None,"(0.1, 0.1)",None,,,,,,,,,,,,,,1,0,1,0,0,27,27,27,18,0,18,0,894.5209894000004,,,,,,,,,,,,,,,,,,,,,,,,,,,,,,,,,,,,,,,,,,,,,,,,,,,,,,,,,,,,,,,,,,,,,,,,,,,,,,,,,,,,,,,,,,,,,894.5094807999999,894.5209894000004,894.5209894000004,894.5209894000004,894.7048540999999,None,,,,,,,,,,,,,,,,,,,,,,,,,,,,,,,,P7350,Bar_MIC,10,1,2026-05-15_14h49.41.843,MIC_task,,2026.1.2,60.04138051946148,2026-05-15 14h49.44.746353 +0200,
,,19,0,19,,,,,,,10,p04,bohóc,clown,6,people,entertainment,6.8,14,19,44,None,"(0.1, 0.1)",space,0.14743240000007063,None,,,,,,,,,,,,1,0,1,0,0,27,27,27,19,0,19,0,894.7214091999999,,,,,,,,,,,,,,,,,,,,,,,,,,,,,,,,,,,,,,,,,,,,,,,,,,,,,,,,,,,,,,,,,,,,,,,,,,,,,,,,,,,,,,,,,,,,,894.7095083999998,894.7214091999999,894.7214091999999,894.7214091999999,894.8730387,space,0.14743240000007063,None,,,,,,,,,,,,,,,,,,,,,,,,,,,,,,P7350,Bar_MIC,10,1,2026-05-15_14h49.41.843,MIC_task,,2026.1.2,60.04138051946148,2026-05-15 14h49.44.746353 +0200,
,,27,27,0,,,,space,0.7973279999996521,None,10,p04,bohóc,clown,6,people,entertainment,6.8,14,19,44,None,"(0.1, 0.1)",,,,,,,,,,,,,,,1,0,1,0,0,27,27,27,,,,,,,,,,,,,,,,,,,,,,,,,,,,,,,,,,,,,,,,,,,,,,,,,,,,,,,,,,,,,,,,,,,,,,,,,,,,,,,,,894.9680936999998,894.9757565000004,894.9718749000004,896.8746410999997,,,,,,898.8781757000002,898.8967914999998,898.8967914999998,899.6969353,,,,,,,,,,,,,896.9091953000002,896.9161800000006,896.9244867999998,898.8112050000004,898.8780782999997,space,0.7973279999996521,None,,,,,,,,,,,,,,,,,,,,,,P7350,Bar_MIC,10,1,2026-05-15_14h49.41.843,MIC_task,,2026.1.2,60.04138051946148,2026-05-15 14h49.44.746353 +0200,
,,0,0,0,,,,,,,10,c27,póló,t-shirt,3,clothes,tops,6.8,43,23,None,None,"(0.1, -0.1)",None,,,,,,,,,,,,,,1,0,1,0,0,28,28,28,0,0,0,0,899.7124208,,,,,,,,,,,,,,,,,,,,,,,,,,,,,,,,,,,,,,,,,,,,,,,,,,,,,,,,,,,,,,,,,,,,,,,,,,,,,,,,,,,,,,,,,,,,,899.7016945,899.7124208,899.7124208,899.7124208,899.8970897000004,None,,,,,,,,,,,899.9129119000004,899.9129119000004,899.9129119000004,,,,,,,,,,,,,,,,,,,P7350,Bar_MIC,10,1,2026-05-15_14h49.41.843,MIC_task,,2026.1.2,60.04138051946148,2026-05-15 14h49.44.746353 +0200,
,,0,0,0,,,,,,,10,c27,póló,t-shirt,3,clothes,tops,6.8,43,23,None,None,"(0.1, -0.1)",None,,,,,,,,,,,,,,1,0,1,0,0,28,28,28,0,0,0,0,899.9129119000004,,,,,,,,,,,,,,,,,,,,,,,,,,,,,,,,,,,,,,,,,,,,,,,,,,,,,,,,,,,,,,,,,,,,,,,,,,,,,,,,,,,,,,,,,,,,,899.9017444000006,899.9129119000004,899.9129119000004,899.9129119000004,900.0976329,None,,,,,,,,,,,900.1131728000005,900.1131728000005,900.1131728000005,,,,,,,,,,,,,,,,,,,P7350,Bar_MIC,10,1,2026-05-15_14h49.41.843,MIC_task,,2026.1.2,60.04138051946148,2026-05-15 14h49.44.746353 +0200,
,,1,0,1,,,,,,,10,c27,póló,t-shirt,3,clothes,tops,6.8,43,23,None,None,"(0.1, -0.1)",None,,,,,,,,,,,,,,1,0,1,0,0,28,28,28,1,0,1,0,900.1131728000005,,,,,,,,,,,,,,,,,,,,,,,,,,,,,,,,,,,,,,,,,,,,,,,,,,,,,,,,,,,,,,,,,,,,,,,,,,,,,,,,,,,,,,,,,,,,,900.1020121000006,900.1131728000005,900.1131728000005,900.1131728000005,900.2976450000001,None,,,,,,,,,,,900.3135781000005,900.3135781000005,900.3135781000005,,,,,,,,,,,,,,,,,,,P7350,Bar_MIC,10,1,2026-05-15_14h49.41.843,MIC_task,,2026.1.2,60.04138051946148,2026-05-15 14h49.44.746353 +0200,
,,2,0,2,,,,,,,10,c27,póló,t-shirt,3,clothes,tops,6.8,43,23,None,None,"(0.1, -0.1)",None,,,,,,,,,,,,,,1,0,1,0,0,28,28,28,2,0,2,0,900.3135781000005,,,,,,,,,,,,,,,,,,,,,,,,,,,,,,,,,,,,,,,,,,,,,,,,,,,,,,,,,,,,,,,,,,,,,,,,,,,,,,,,,,,,,,,,,,,,,900.3018942000003,900.3135781000005,900.3135781000005,900.3135781000005,900.4979330000001,None,,,,,,,,,,,,,,,,,,,,,,,,,,,,,,,,P7350,Bar_MIC,10,1,2026-05-15_14h49.41.843,MIC_task,,2026.1.2,60.04138051946148,2026-05-15 14h49.44.746353 +0200,
,,3,0,3,,,,,,,10,c27,póló,t-shirt,3,clothes,tops,6.8,43,23,None,None,"(0.1, -0.1)",None,,,,,,,,,,,,,,1,0,1,0,0,28,28,28,3,0,3,0,900.5132048999999,,,,,,,,,,,,,,,,,,,,,,,,,,,,,,,,,,,,,,,,,,,,,,,,,,,,,,,,,,,,,,,,,,,,,,,,,,,,,,,,,,,,,,,,,,,,,900.5020380000001,900.5132048999999,900.5132048999999,900.5132048999999,900.6975355999998,None,,,,,,,,,,,900.7146265000006,900.7146265000006,900.7146265000006,,,,,,,,,,,,,,,,,,,P7350,Bar_MIC,10,1,2026-05-15_14h49.41.843,MIC_task,,2026.1.2,60.04138051946148,2026-05-15 14h49.44.746353 +0200,
,,4,0,4,,,,,,,10,c27,póló,t-shirt,3,clothes,tops,6.8,43,23,None,None,"(0.1, -0.1)",None,,,,,,,,,,,,,,1,0,1,0,0,28,28,28,4,0,4,0,900.7146265000006,,,,,,,,,,,,,,,,,,,,,,,,,,,,,,,,,,,,,,,,,,,,,,,,,,,,,,,,,,,,,,,,,,,,,,,,,,,,,,,,,,,,,,,,,,,,,900.7018407999999,900.7146265000006,900.7146265000006,900.7146265000006,900.8973984999998,None,,,,,,,,,,,,,,,,,,,,,,,,,,,,,,,,P7350,Bar_MIC,10,1,2026-05-15_14h49.41.843,MIC_task,,2026.1.2,60.04138051946148,2026-05-15 14h49.44.746353 +0200,
,,5,0,5,,,,,,,10,c27,póló,t-shirt,3,clothes,tops,6.8,43,23,None,None,"(0.1, -0.1)",None,,,,,,,,,,,,,,1,0,1,0,0,28,28,28,5,0,5,0,900.9150320000003,,,,,,,,,,,,,,,,,,,,,,,,,,,,,,,,,,,,,,,,,,,,,,,,,,,,,,,,,,,,,,,,,,,,,,,,,,,,,,,,,,,,,,,,,,,,,900.9015294000005,900.9150320000003,900.9150320000003,900.9150320000003,901.0976804000006,None,,,,,,,,,,,,,,,,,,,,,,,,,,,,,,,,P7350,Bar_MIC,10,1,2026-05-15_14h49.41.843,MIC_task,,2026.1.2,60.04138051946148,2026-05-15 14h49.44.746353 +0200,
,,6,0,6,,,,,,,10,c27,póló,t-shirt,3,clothes,tops,6.8,43,23,None,None,"(0.1, -0.1)",None,,,,,,,,,,,,,,1,0,1,0,0,28,28,28,6,0,6,0,901.1144121000002,,,,,,,,,,,,,,,,,,,,,,,,,,,,,,,,,,,,,,,,,,,,,,,,,,,,,,,,,,,,,,,,,,,,,,,,,,,,,,,,,,,,,,,,,,,,,901.1018833000003,901.1144121000002,901.1144121000002,901.1144121000002,901.2980909000003,None,,,,,,,,,,,,,,,,,,,,,,,,,,,,,,,,P7350,Bar_MIC,10,1,2026-05-15_14h49.41.843,MIC_task,,2026.1.2,60.04138051946148,2026-05-15 14h49.44.746353 +0200,
,,7,0,7,,,,,,,10,c27,póló,t-shirt,3,clothes,tops,6.8,43,23,None,None,"(0.1, -0.1)",None,,,,,,,,,,,,,,1,0,1,0,0,28,28,28,7,0,7,0,901.3149635000004,,,,,,,,,,,,,,,,,,,,,,,,,,,,,,,,,,,,,,,,,,,,,,,,,,,,,,,,,,,,,,,,,,,,,,,,,,,,,,,,,,,,,,,,,,,,,901.3023851000003,901.3149635000004,901.3149635000004,901.3149635000004,901.4984460000001,None,,,,,,,,,,,,,,,,,,,,,,,,,,,,,,,,P7350,Bar_MIC,10,1,2026-05-15_14h49.41.843,MIC_task,,2026.1.2,60.04138051946148,2026-05-15 14h49.44.746353 +0200,
,,8,0,8,,,,,,,10,c27,póló,t-shirt,3,clothes,tops,6.8,43,23,None,None,"(0.1, -0.1)",None,,,,,,,,,,,,,,1,0,1,0,0,28,28,28,8,0,8,0,901.5151688999999,,,,,,,,,,,,,,,,,,,,,,,,,,,,,,,,,,,,,,,,,,,,,,,,,,,,,,,,,,,,,,,,,,,,,,,,,,,,,,,,,,,,,,,,,,,,,901.5028090000001,901.5151688999999,901.5151688999999,901.5151688999999,901.6988357000005,None,,,,,,,,,,,,,,,,,,,,,,,,,,,,,,,,P7350,Bar_MIC,10,1,2026-05-15_14h49.41.843,MIC_task,,2026.1.2,60.04138051946148,2026-05-15 14h49.44.746353 +0200,
,,9,0,9,,,,,,,10,c27,póló,t-shirt,3,clothes,tops,6.8,43,23,None,None,"(0.1, -0.1)",None,,,,,,,,,,,,,,1,0,1,0,0,28,28,28,9,0,9,0,901.7158752,,,,,,,,,,,,,,,,,,,,,,,,,,,,,,,,,,,,,,,,,,,,,,,,,,,,,,,,,,,,,,,,,,,,,,,,,,,,,,,,,,,,,,,,,,,,,901.7030965999998,901.7158752,901.7158752,901.7158752,901.9003001000005,None,,,,,,,,,,,,,,,,,,,,,,,,,,,,,,,,P7350,Bar_MIC,10,1,2026-05-15_14h49.41.843,MIC_task,,2026.1.2,60.04138051946148,2026-05-15 14h49.44.746353 +0200,
,,10,0,10,,,,,,,10,c27,póló,t-shirt,3,clothes,tops,6.8,43,23,None,None,"(0.1, -0.1)",None,,,,,,,,,,,,,,1,0,1,0,0,28,28,28,10,0,10,0,901.9157182000004,,,,,,,,,,,,,,,,,,,,,,,,,,,,,,,,,,,,,,,,,,,,,,,,,,,,,,,,,,,,,,,,,,,,,,,,,,,,,,,,,,,,,,,,,,,,,901.9047034,901.9157182000004,901.9157182000004,901.9157182000004,902.0999754999998,None,,,,,,,,,,,,,,,,,,,,,,,,,,,,,,,,P7350,Bar_MIC,10,1,2026-05-15_14h49.41.843,MIC_task,,2026.1.2,60.04138051946148,2026-05-15 14h49.44.746353 +0200,
,,11,0,11,,,,,,,10,c27,póló,t-shirt,3,clothes,tops,6.8,43,23,None,None,"(0.1, -0.1)",None,,,,,,,,,,,,,,1,0,1,0,0,28,28,28,11,0,11,0,902.1167666000006,,,,,,,,,,,,,,,,,,,,,,,,,,,,,,,,,,,,,,,,,,,,,,,,,,,,,,,,,,,,,,,,,,,,,,,,,,,,,,,,,,,,,,,,,,,,,902.1043260000001,902.1167666000006,902.1167666000006,902.1167666000006,902.3001497999999,None,,,,,,,,,,,,,,,,,,,,,,,,,,,,,,,,P7350,Bar_MIC,10,1,2026-05-15_14h49.41.843,MIC_task,,2026.1.2,60.04138051946148,2026-05-15 14h49.44.746353 +0200,
,,12,0,12,,,,,,,10,c27,póló,t-shirt,3,clothes,tops,6.8,43,23,None,None,"(0.1, -0.1)",None,,,,,,,,,,,,,,1,0,1,0,0,28,28,28,12,0,12,0,902.3164542,,,,,,,,,,,,,,,,,,,,,,,,,,,,,,,,,,,,,,,,,,,,,,,,,,,,,,,,,,,,,,,,,,,,,,,,,,,,,,,,,,,,,,,,,,,,,902.3046453000002,902.3164542,902.3164542,902.3164542,902.5015106000005,None,,,,,,,,,,,,,,,,,,,,,,,,,,,,,,,,P7350,Bar_MIC,10,1,2026-05-15_14h49.41.843,MIC_task,,2026.1.2,60.04138051946148,2026-05-15 14h49.44.746353 +0200,
,,13,0,13,,,,,,,10,c27,póló,t-shirt,3,clothes,tops,6.8,43,23,None,None,"(0.1, -0.1)",None,,,,,,,,,,,,,,1,0,1,0,0,28,28,28,13,0,13,0,902.5169867999998,,,,,,,,,,,,,,,,,,,,,,,,,,,,,,,,,,,,,,,,,,,,,,,,,,,,,,,,,,,,,,,,,,,,,,,,,,,,,,,,,,,,,,,,,,,,,902.5058915000004,902.5169867999998,902.5169867999998,902.5169867999998,902.7013991999997,None,,,,,,,,,,,,,,,,,,,,,,,,,,,,,,,,P7350,Bar_MIC,10,1,2026-05-15_14h49.41.843,MIC_task,,2026.1.2,60.04138051946148,2026-05-15 14h49.44.746353 +0200,
,,14,0,14,,,,,,,10,c27,póló,t-shirt,3,clothes,tops,6.8,43,23,None,None,"(0.1, -0.1)",None,,,,,,,,,,,,,,1,0,1,0,0,28,28,28,14,0,14,0,902.7164826000003,,,,,,,,,,,,,,,,,,,,,,,,,,,,,,,,,,,,,,,,,,,,,,,,,,,,,,,,,,,,,,,,,,,,,,,,,,,,,,,,,,,,,,,,,,,,,902.7073425000003,902.7164826000003,902.7164826000003,902.7164826000003,902.9003721000004,None,,,,,,,,,,,,,,,,,,,,,,,,,,,,,,,,P7350,Bar_MIC,10,1,2026-05-15_14h49.41.843,MIC_task,,2026.1.2,60.04138051946148,2026-05-15 14h49.44.746353 +0200,
,,15,0,15,,,,,,,10,c27,póló,t-shirt,3,clothes,tops,6.8,43,23,None,None,"(0.1, -0.1)",None,,,,,,,,,,,,,,1,0,1,0,0,28,28,28,15,0,15,0,902.9174850000004,,,,,,,,,,,,,,,,,,,,,,,,,,,,,,,,,,,,,,,,,,,,,,,,,,,,,,,,,,,,,,,,,,,,,,,,,,,,,,,,,,,,,,,,,,,,,902.9046680000006,902.9174850000004,902.9174850000004,902.9174850000004,903.1023153000001,None,,,,,,,,,,,,,,,,,,,,,,,,,,,,,,,,P7350,Bar_MIC,10,1,2026-05-15_14h49.41.843,MIC_task,,2026.1.2,60.04138051946148,2026-05-15 14h49.44.746353 +0200,
,,16,0,16,,,,,,,10,c27,póló,t-shirt,3,clothes,tops,6.8,43,23,None,None,"(0.1, -0.1)",space,0.13106520000019373,None,,,,,,,,,,,,1,0,1,0,0,28,28,28,16,0,16,0,903.1176295999999,,,,,,,,,,,,,,,,,,,,,,,,,,,,,,,,,,,,,,,,,,,,,,,,,,,,,,,,,,,,,,,,,,,,,,,,,,,,,,,,,,,,,,,,,,,,,903.1069928000002,903.1176295999999,903.1176295999999,903.1176295999999,903.2541354,space,0.13106520000019373,None,,,,,,,,,,,,,,,,,,,,,,,,,,,,,,P7350,Bar_MIC,10,1,2026-05-15_14h49.41.843,MIC_task,,2026.1.2,60.04138051946148,2026-05-15 14h49.44.746353 +0200,
,,28,28,0,,,,space,0.29079879999972036,None,10,c27,póló,t-shirt,3,clothes,tops,6.8,43,23,None,None,"(0.1, -0.1)",,,,,,,,,,,,,,,1,0,1,0,0,28,28,28,,,,,,,,,,,,,,,,,,,,,,,,,,,,,,,,,,,,,,,,,,,,,,,,,,,,,,,,,,,,,,,,,,,,,,,,,,,,,,,,,903.3526066,903.3605640999999,903.3528088000004,905.2544621000002,,,,,,907.2576014000001,907.2745346000006,907.2745346000006,907.5754008999997,,,,,,,,,,,,,905.2888149000005,905.2946252000006,905.3043054000002,907.1902968999998,907.2575339999999,space,0.29079879999972036,None,,,,,,,,,,,,,,,,,,,,,,P7350,Bar_MIC,10,1,2026-05-15_14h49.41.843,MIC_task,,2026.1.2,60.04138051946148,2026-05-15 14h49.44.746353 +0200,
,,0,0,0,,,,,,,10,l05,medence,pool,5,location,facilities,6.6,145,None,61,None,"(-0.1, 0.1)",None,,,,,,,,,,,,,,1,0,1,0,0,29,29,29,0,0,0,0,907.5909793000005,,,,,,,,,,,,,,,,,,,,,,,,,,,,,,,,,,,,,,,,,,,,,,,,,,,,,,,,,,,,,,,,,,,,,,,,,,,,,,,,,,,,,,,,,,,,,907.5806077000002,907.5909793000005,907.5909793000005,907.5909793000005,907.7754633999998,None,,,,,,,,,,,907.7915137000005,907.7915137000005,907.7915137000005,,,,,,,,,,,,,,,,,,,P7350,Bar_MIC,10,1,2026-05-15_14h49.41.843,MIC_task,,2026.1.2,60.04138051946148,2026-05-15 14h49.44.746353 +0200,
,,0,0,0,,,,,,,10,l05,medence,pool,5,location,facilities,6.6,145,None,61,None,"(-0.1, 0.1)",None,,,,,,,,,,,,,,1,0,1,0,0,29,29,29,0,0,0,0,907.7915137000005,,,,,,,,,,,,,,,,,,,,,,,,,,,,,,,,,,,,,,,,,,,,,,,,,,,,,,,,,,,,,,,,,,,,,,,,,,,,,,,,,,,,,,,,,,,,,907.7802350000006,907.7915137000005,907.7915137000005,907.7915137000005,907.9760250000004,None,,,,,,,,,,,907.9920671000004,907.9920671000004,907.9920671000004,,,,,,,,,,,,,,,,,,,P7350,Bar_MIC,10,1,2026-05-15_14h49.41.843,MIC_task,,2026.1.2,60.04138051946148,2026-05-15 14h49.44.746353 +0200,
,,1,0,1,,,,,,,10,l05,medence,pool,5,location,facilities,6.6,145,None,61,None,"(-0.1, 0.1)",None,,,,,,,,,,,,,,1,0,1,0,0,29,29,29,1,0,1,0,907.9920671000004,,,,,,,,,,,,,,,,,,,,,,,,,,,,,,,,,,,,,,,,,,,,,,,,,,,,,,,,,,,,,,,,,,,,,,,,,,,,,,,,,,,,,,,,,,,,,907.9804461999997,907.9920671000004,907.9920671000004,907.9920671000004,908.1757613000004,None,,,,,,,,,,,,,,,,,,,,,,,,,,,,,,,,P7350,Bar_MIC,10,1,2026-05-15_14h49.41.843,MIC_task,,2026.1.2,60.04138051946148,2026-05-15 14h49.44.746353 +0200,
,,2,0,2,,,,,,,10,l05,medence,pool,5,location,facilities,6.6,145,None,61,None,"(-0.1, 0.1)",None,,,,,,,,,,,,,,1,0,1,0,0,29,29,29,2,0,2,0,908.1923569000005,,,,,,,,,,,,,,,,,,,,,,,,,,,,,,,,,,,,,,,,,,,,,,,,,,,,,,,,,,,,,,,,,,,,,,,,,,,,,,,,,,,,,,,,,,,,,908.1804783000002,908.1923569000005,908.1923569000005,908.1923569000005,908.3760347000002,None,,,,,,,,,,,,,,,,,,,,,,,,,,,,,,,,P7350,Bar_MIC,10,1,2026-05-15_14h49.41.843,MIC_task,,2026.1.2,60.04138051946148,2026-05-15 14h49.44.746353 +0200,
,,3,0,3,,,,,,,10,l05,medence,pool,5,location,facilities,6.6,145,None,61,None,"(-0.1, 0.1)",None,,,,,,,,,,,,,,1,0,1,0,0,29,29,29,3,0,3,0,908.3924573999998,,,,,,,,,,,,,,,,,,,,,,,,,,,,,,,,,,,,,,,,,,,,,,,,,,,,,,,,,,,,,,,,,,,,,,,,,,,,,,,,,,,,,,,,,,,,,908.3811503000002,908.3924573999998,908.3924573999998,908.3924573999998,908.5766435,None,,,,,,,,,,,,,,,,,,,,,,,,,,,,,,,,P7350,Bar_MIC,10,1,2026-05-15_14h49.41.843,MIC_task,,2026.1.2,60.04138051946148,2026-05-15 14h49.44.746353 +0200,
,,4,0,4,,,,,,,10,l05,medence,pool,5,location,facilities,6.6,145,None,61,None,"(-0.1, 0.1)",None,,,,,,,,,,,,,,1,0,1,0,0,29,29,29,4,0,4,0,908.5929332999999,,,,,,,,,,,,,,,,,,,,,,,,,,,,,,,,,,,,,,,,,,,,,,,,,,,,,,,,,,,,,,,,,,,,,,,,,,,,,,,,,,,,,,,,,,,,,908.5812509000002,908.5929332999999,908.5929332999999,908.5929332999999,908.7767035000002,None,,,,,,,,,,,,,,,,,,,,,,,,,,,,,,,,P7350,Bar_MIC,10,1,2026-05-15_14h49.41.843,MIC_task,,2026.1.2,60.04138051946148,2026-05-15 14h49.44.746353 +0200,
,,5,0,5,,,,,,,10,l05,medence,pool,5,location,facilities,6.6,145,None,61,None,"(-0.1, 0.1)",None,,,,,,,,,,,,,,1,0,1,0,0,29,29,29,5,0,5,0,908.7937301000006,,,,,,,,,,,,,,,,,,,,,,,,,,,,,,,,,,,,,,,,,,,,,,,,,,,,,,,,,,,,,,,,,,,,,,,,,,,,,,,,,,,,,,,,,,,,,908.7814794999999,908.7937301000006,908.7937301000006,908.7937301000006,908.9763380999998,None,,,,,,,,,,,,,,,,,,,,,,,,,,,,,,,,P7350,Bar_MIC,10,1,2026-05-15_14h49.41.843,MIC_task,,2026.1.2,60.04138051946148,2026-05-15 14h49.44.746353 +0200,
,,6,0,6,,,,,,,10,l05,medence,pool,5,location,facilities,6.6,145,None,61,None,"(-0.1, 0.1)",None,,,,,,,,,,,,,,1,0,1,0,0,29,29,29,6,0,6,0,908.9938093000005,,,,,,,,,,,,,,,,,,,,,,,,,,,,,,,,,,,,,,,,,,,,,,,,,,,,,,,,,,,,,,,,,,,,,,,,,,,,,,,,,,,,,,,,,,,,,908.9811816000006,908.9938093000005,908.9938093000005,908.9938093000005,909.1767333000003,None,,,,,,,,,,,,,,,,,,,,,,,,,,,,,,,,P7350,Bar_MIC,10,1,2026-05-15_14h49.41.843,MIC_task,,2026.1.2,60.04138051946148,2026-05-15 14h49.44.746353 +0200,
,,7,0,7,,,,,,,10,l05,medence,pool,5,location,facilities,6.6,145,None,61,None,"(-0.1, 0.1)",None,,,,,,,,,,,,,,1,0,1,0,0,29,29,29,7,0,7,0,909.1933757000002,,,,,,,,,,,,,,,,,,,,,,,,,,,,,,,,,,,,,,,,,,,,,,,,,,,,,,,,,,,,,,,,,,,,,,,,,,,,,,,,,,,,,,,,,,,,,909.1815214000003,909.1933757000002,909.1933757000002,909.1933757000002,909.3770475000006,None,,,,,,,,,,,,,,,,,,,,,,,,,,,,,,,,P7350,Bar_MIC,10,1,2026-05-15_14h49.41.843,MIC_task,,2026.1.2,60.04138051946148,2026-05-15 14h49.44.746353 +0200,
,,8,0,8,,,,,,,10,l05,medence,pool,5,location,facilities,6.6,145,None,61,None,"(-0.1, 0.1)",None,,,,,,,,,,,,,,1,0,1,0,0,29,29,29,8,0,8,0,909.3937111999999,,,,,,,,,,,,,,,,,,,,,,,,,,,,,,,,,,,,,,,,,,,,,,,,,,,,,,,,,,,,,,,,,,,,,,,,,,,,,,,,,,,,,,,,,,,,,909.3822598000002,909.3937111999999,909.3937111999999,909.3937111999999,909.5774444000003,None,,,,,,,,,,,,,,,,,,,,,,,,,,,,,,,,P7350,Bar_MIC,10,1,2026-05-15_14h49.41.843,MIC_task,,2026.1.2,60.04138051946148,2026-05-15 14h49.44.746353 +0200,
,,9,0,9,,,,,,,10,l05,medence,pool,5,location,facilities,6.6,145,None,61,None,"(-0.1, 0.1)",None,,,,,,,,,,,,,,1,0,1,0,0,29,29,29,9,0,9,0,909.5940338000005,,,,,,,,,,,,,,,,,,,,,,,,,,,,,,,,,,,,,,,,,,,,,,,,,,,,,,,,,,,,,,,,,,,,,,,,,,,,,,,,,,,,,,,,,,,,,909.5820843000006,909.5940338000005,909.5940338000005,909.5940338000005,909.7780709000003,None,,,,,,,,,,,,,,,,,,,,,,,,,,,,,,,,P7350,Bar_MIC,10,1,2026-05-15_14h49.41.843,MIC_task,,2026.1.2,60.04138051946148,2026-05-15 14h49.44.746353 +0200,
,,10,0,10,,,,,,,10,l05,medence,pool,5,location,facilities,6.6,145,None,61,None,"(-0.1, 0.1)",None,,,,,,,,,,,,,,1,0,1,0,0,29,29,29,10,0,10,0,909.7943958999999,,,,,,,,,,,,,,,,,,,,,,,,,,,,,,,,,,,,,,,,,,,,,,,,,,,,,,,,,,,,,,,,,,,,,,,,,,,,,,,,,,,,,,,,,,,,,909.7824282000006,909.7943958999999,909.7943958999999,909.7943958999999,909.9781239999998,None,,,,,,,,,,,,,,,,,,,,,,,,,,,,,,,,P7350,Bar_MIC,10,1,2026-05-15_14h49.41.843,MIC_task,,2026.1.2,60.04138051946148,2026-05-15 14h49.44.746353 +0200,
,,11,0,11,,,,,,,10,l05,medence,pool,5,location,facilities,6.6,145,None,61,None,"(-0.1, 0.1)",None,,,,,,,,,,,,,,1,0,1,0,0,29,29,29,11,0,11,0,909.9947726000005,,,,,,,,,,,,,,,,,,,,,,,,,,,,,,,,,,,,,,,,,,,,,,,,,,,,,,,,,,,,,,,,,,,,,,,,,,,,,,,,,,,,,,,,,,,,,909.9832055000002,909.9947726000005,909.9947726000005,909.9947726000005,910.1786137000004,None,,,,,,,,,,,,,,,,,,,,,,,,,,,,,,,,P7350,Bar_MIC,10,1,2026-05-15_14h49.41.843,MIC_task,,2026.1.2,60.04138051946148,2026-05-15 14h49.44.746353 +0200,
,,12,0,12,,,,,,,10,l05,medence,pool,5,location,facilities,6.6,145,None,61,None,"(-0.1, 0.1)",None,,,,,,,,,,,,,,1,0,1,0,0,29,29,29,12,0,12,0,910.1949567000006,,,,,,,,,,,,,,,,,,,,,,,,,,,,,,,,,,,,,,,,,,,,,,,,,,,,,,,,,,,,,,,,,,,,,,,,,,,,,,,,,,,,,,,,,,,,,910.1832976999999,910.1949567000006,910.1949567000006,910.1949567000006,910.3790254,None,,,,,,,,,,,,,,,,,,,,,,,,,,,,,,,,P7350,Bar_MIC,10,1,2026-05-15_14h49.41.843,MIC_task,,2026.1.2,60.04138051946148,2026-05-15 14h49.44.746353 +0200,
,,13,0,13,,,,,,,10,l05,medence,pool,5,location,facilities,6.6,145,None,61,None,"(-0.1, 0.1)",None,,,,,,,,,,,,,,1,0,1,0,0,29,29,29,13,0,13,0,910.3952756000003,,,,,,,,,,,,,,,,,,,,,,,,,,,,,,,,,,,,,,,,,,,,,,,,,,,,,,,,,,,,,,,,,,,,,,,,,,,,,,,,,,,,,,,,,,,,,910.3835792000004,910.3952756000003,910.3952756000003,910.3952756000003,910.5792836000005,None,,,,,,,,,,,,,,,,,,,,,,,,,,,,,,,,P7350,Bar_MIC,10,1,2026-05-15_14h49.41.843,MIC_task,,2026.1.2,60.04138051946148,2026-05-15 14h49.44.746353 +0200,
,,14,0,14,,,,,,,10,l05,medence,pool,5,location,facilities,6.6,145,None,61,None,"(-0.1, 0.1)",None,,,,,,,,,,,,,,1,0,1,0,0,29,29,29,14,0,14,0,910.5959285000004,,,,,,,,,,,,,,,,,,,,,,,,,,,,,,,,,,,,,,,,,,,,,,,,,,,,,,,,,,,,,,,,,,,,,,,,,,,,,,,,,,,,,,,,,,,,,910.5839252999999,910.5959285000004,910.5959285000004,910.5959285000004,910.7795956000004,None,,,,,,,,,,,,,,,,,,,,,,,,,,,,,,,,P7350,Bar_MIC,10,1,2026-05-15_14h49.41.843,MIC_task,,2026.1.2,60.04138051946148,2026-05-15 14h49.44.746353 +0200,
,,15,0,15,,,,,,,10,l05,medence,pool,5,location,facilities,6.6,145,None,61,None,"(-0.1, 0.1)",None,,,,,,,,,,,,,,1,0,1,0,0,29,29,29,15,0,15,0,910.7963786000005,,,,,,,,,,,,,,,,,,,,,,,,,,,,,,,,,,,,,,,,,,,,,,,,,,,,,,,,,,,,,,,,,,,,,,,,,,,,,,,,,,,,,,,,,,,,,910.7847176,910.7963786000005,910.7963786000005,910.7963786000005,910.9791811,None,,,,,,,,,,,,,,,,,,,,,,,,,,,,,,,,P7350,Bar_MIC,10,1,2026-05-15_14h49.41.843,MIC_task,,2026.1.2,60.04138051946148,2026-05-15 14h49.44.746353 +0200,
,,16,0,16,,,,,,,10,l05,medence,pool,5,location,facilities,6.6,145,None,61,None,"(-0.1, 0.1)",None,,,,,,,,,,,,,,1,0,1,0,0,29,29,29,16,0,16,0,910.996944,,,,,,,,,,,,,,,,,,,,,,,,,,,,,,,,,,,,,,,,,,,,,,,,,,,,,,,,,,,,,,,,,,,,,,,,,,,,,,,,,,,,,,,,,,,,,910.9837452000006,910.996944,910.996944,910.996944,911.1808147000006,None,,,,,,,,,,,,,,,,,,,,,,,,,,,,,,,,P7350,Bar_MIC,10,1,2026-05-15_14h49.41.843,MIC_task,,2026.1.2,60.04138051946148,2026-05-15 14h49.44.746353 +0200,
,,17,0,17,,,,,,,10,l05,medence,pool,5,location,facilities,6.6,145,None,61,None,"(-0.1, 0.1)",None,,,,,,,,,,,,,,1,0,1,0,0,29,29,29,17,0,17,0,911.1966686000001,,,,,,,,,,,,,,,,,,,,,,,,,,,,,,,,,,,,,,,,,,,,,,,,,,,,,,,,,,,,,,,,,,,,,,,,,,,,,,,,,,,,,,,,,,,,,911.1855930000006,911.1966686000001,911.1966686000001,911.1966686000001,911.3800004,None,,,,,,,,,,,,,,,,,,,,,,,,,,,,,,,,P7350,Bar_MIC,10,1,2026-05-15_14h49.41.843,MIC_task,,2026.1.2,60.04138051946148,2026-05-15 14h49.44.746353 +0200,
,,18,0,18,,,,,,,10,l05,medence,pool,5,location,facilities,6.6,145,None,61,None,"(-0.1, 0.1)",None,,,,,,,,,,,,,,1,0,1,0,0,29,29,29,18,0,18,0,911.3966137000002,,,,,,,,,,,,,,,,,,,,,,,,,,,,,,,,,,,,,,,,,,,,,,,,,,,,,,,,,,,,,,,,,,,,,,,,,,,,,,,,,,,,,,,,,,,,,911.3845901999998,911.3966137000002,911.3966137000002,911.3966137000002,911.5803965,None,,,,,,,,,,,,,,,,,,,,,,,,,,,,,,,,P7350,Bar_MIC,10,1,2026-05-15_14h49.41.843,MIC_task,,2026.1.2,60.04138051946148,2026-05-15 14h49.44.746353 +0200,
,,19,0,19,,,,,,,10,l05,medence,pool,5,location,facilities,6.6,145,None,61,None,"(-0.1, 0.1)",None,,,,,,,,,,,,,,1,0,1,0,0,29,29,29,19,0,19,0,911.5970241999999,,,,,,,,,,,,,,,,,,,,,,,,,,,,,,,,,,,,,,,,,,,,,,,,,,,,,,,,,,,,,,,,,,,,,,,,,,,,,,,,,,,,,,,,,,,,,911.5851819000004,911.5970241999999,911.5970241999999,911.5970241999999,911.7807315000005,None,,,,,,,,,,,,,,,,,,,,,,,,,,,,,,,,P7350,Bar_MIC,10,1,2026-05-15_14h49.41.843,MIC_task,,2026.1.2,60.04138051946148,2026-05-15 14h49.44.746353 +0200,
,,20,0,20,,,,,,,10,l05,medence,pool,5,location,facilities,6.6,145,None,61,None,"(-0.1, 0.1)",None,,,,,,,,,,,,,,1,0,1,0,0,29,29,29,20,0,20,0,911.7974585000006,,,,,,,,,,,,,,,,,,,,,,,,,,,,,,,,,,,,,,,,,,,,,,,,,,,,,,,,,,,,,,,,,,,,,,,,,,,,,,,,,,,,,,,,,,,,,911.7853147999999,911.7974585000006,911.7974585000006,911.7974585000006,911.9814814000006,None,,,,,,,,,,,,,,,,,,,,,,,,,,,,,,,,P7350,Bar_MIC,10,1,2026-05-15_14h49.41.843,MIC_task,,2026.1.2,60.04138051946148,2026-05-15 14h49.44.746353 +0200,
,,21,0,21,,,,,,,10,l05,medence,pool,5,location,facilities,6.6,145,None,61,None,"(-0.1, 0.1)",None,,,,,,,,,,,,,,1,0,1,0,0,29,29,29,21,0,21,0,911.997699,,,,,,,,,,,,,,,,,,,,,,,,,,,,,,,,,,,,,,,,,,,,,,,,,,,,,,,,,,,,,,,,,,,,,,,,,,,,,,,,,,,,,,,,,,,,,911.9863795000006,911.997699,911.997699,911.997699,912.1824677999998,None,,,,,,,,,,,,,,,,,,,,,,,,,,,,,,,,P7350,Bar_MIC,10,1,2026-05-15_14h49.41.843,MIC_task,,2026.1.2,60.04138051946148,2026-05-15 14h49.44.746353 +0200,
,,22,0,22,,,,,,,10,l05,medence,pool,5,location,facilities,6.6,145,None,61,None,"(-0.1, 0.1)",None,,,,,,,,,,,,,,1,0,1,0,0,29,29,29,22,0,22,0,912.1981427000005,,,,,,,,,,,,,,,,,,,,,,,,,,,,,,,,,,,,,,,,,,,,,,,,,,,,,,,,,,,,,,,,,,,,,,,,,,,,,,,,,,,,,,,,,,,,,912.1872048999999,912.1981427000005,912.1981427000005,912.1981427000005,912.3818948000003,None,,,,,,,,,,,,,,,,,,,,,,,,,,,,,,,,P7350,Bar_MIC,10,1,2026-05-15_14h49.41.843,MIC_task,,2026.1.2,60.04138051946148,2026-05-15 14h49.44.746353 +0200,
,,23,0,23,,,,,,,10,l05,medence,pool,5,location,facilities,6.6,145,None,61,None,"(-0.1, 0.1)",None,,,,,,,,,,,,,,1,0,1,0,0,29,29,29,23,0,23,0,912.3988344000004,,,,,,,,,,,,,,,,,,,,,,,,,,,,,,,,,,,,,,,,,,,,,,,,,,,,,,,,,,,,,,,,,,,,,,,,,,,,,,,,,,,,,,,,,,,,,912.3866969000005,912.3988344000004,912.3988344000004,912.3988344000004,912.5822699000005,None,,,,,,,,,,,,,,,,,,,,,,,,,,,,,,,,P7350,Bar_MIC,10,1,2026-05-15_14h49.41.843,MIC_task,,2026.1.2,60.04138051946148,2026-05-15 14h49.44.746353 +0200,
,,24,0,24,,,,,,,10,l05,medence,pool,5,location,facilities,6.6,145,None,61,None,"(-0.1, 0.1)",None,,,,,,,,,,,,,,1,0,1,0,0,29,29,29,24,0,24,0,912.5988202000003,,,,,,,,,,,,,,,,,,,,,,,,,,,,,,,,,,,,,,,,,,,,,,,,,,,,,,,,,,,,,,,,,,,,,,,,,,,,,,,,,,,,,,,,,,,,,912.587293,912.5988202000003,912.5988202000003,912.5988202000003,912.7826741000003,None,,,,,,,,,,,,,,,,,,,,,,,,,,,,,,,,P7350,Bar_MIC,10,1,2026-05-15_14h49.41.843,MIC_task,,2026.1.2,60.04138051946148,2026-05-15 14h49.44.746353 +0200,
,,25,0,25,,,,,,,10,l05,medence,pool,5,location,facilities,6.6,145,None,61,None,"(-0.1, 0.1)",None,,,,,,,,,,,,,,1,0,1,0,0,29,29,29,25,0,25,0,912.7992091000001,,,,,,,,,,,,,,,,,,,,,,,,,,,,,,,,,,,,,,,,,,,,,,,,,,,,,,,,,,,,,,,,,,,,,,,,,,,,,,,,,,,,,,,,,,,,,912.7872631000005,912.7992091000001,912.7992091000001,912.7992091000001,912.9830231999999,None,,,,,,,,,,,,,,,,,,,,,,,,,,,,,,,,P7350,Bar_MIC,10,1,2026-05-15_14h49.41.843,MIC_task,,2026.1.2,60.04138051946148,2026-05-15 14h49.44.746353 +0200,
,,26,0,26,,,,,,,10,l05,medence,pool,5,location,facilities,6.6,145,None,61,None,"(-0.1, 0.1)",None,,,,,,,,,,,,,,1,0,1,0,0,29,29,29,26,0,26,0,912.9997942000005,,,,,,,,,,,,,,,,,,,,,,,,,,,,,,,,,,,,,,,,,,,,,,,,,,,,,,,,,,,,,,,,,,,,,,,,,,,,,,,,,,,,,,,,,,,,,912.9879212000001,912.9997942000005,912.9997942000005,912.9997942000005,913.1845720000006,None,,,,,,,,,,,,,,,,,,,,,,,,,,,,,,,,P7350,Bar_MIC,10,1,2026-05-15_14h49.41.843,MIC_task,,2026.1.2,60.04138051946148,2026-05-15 14h49.44.746353 +0200,
,,27,0,27,,,,,,,10,l05,medence,pool,5,location,facilities,6.6,145,None,61,None,"(-0.1, 0.1)",None,,,,,,,,,,,,,,1,0,1,0,0,29,29,29,27,0,27,0,913.1991934000002,,,,,,,,,,,,,,,,,,,,,,,,,,,,,,,,,,,,,,,,,,,,,,,,,,,,,,,,,,,,,,,,,,,,,,,,,,,,,,,,,,,,,,,,,,,,,913.1892394000001,913.1991934000002,913.1991934000002,913.1991934000002,913.3829037,None,,,,,,,,,,,,,,,,,,,,,,,,,,,,,,,,P7350,Bar_MIC,10,1,2026-05-15_14h49.41.843,MIC_task,,2026.1.2,60.04138051946148,2026-05-15 14h49.44.746353 +0200,
,,28,0,28,,,,,,,10,l05,medence,pool,5,location,facilities,6.6,145,None,61,None,"(-0.1, 0.1)",None,,,,,,,,,,,,,,1,0,1,0,0,29,29,29,28,0,28,0,913.3994976999998,,,,,,,,,,,,,,,,,,,,,,,,,,,,,,,,,,,,,,,,,,,,,,,,,,,,,,,,,,,,,,,,,,,,,,,,,,,,,,,,,,,,,,,,,,,,,913.3878084000003,913.3994976999998,913.3994976999998,913.3994976999998,913.5832732000003,None,,,,,,,,,,,,,,,,,,,,,,,,,,,,,,,,P7350,Bar_MIC,10,1,2026-05-15_14h49.41.843,MIC_task,,2026.1.2,60.04138051946148,2026-05-15 14h49.44.746353 +0200,
,,29,0,29,,,,,,,10,l05,medence,pool,5,location,facilities,6.6,145,None,61,None,"(-0.1, 0.1)",None,,,,,,,,,,,,,,1,0,1,0,0,29,29,29,29,0,29,0,913.6000092999998,,,,,,,,,,,,,,,,,,,,,,,,,,,,,,,,,,,,,,,,,,,,,,,,,,,,,,,,,,,,,,,,,,,,,,,,,,,,,,,,,,,,,,,,,,,,,913.5886703000001,913.6000092999998,913.6000092999998,913.6000092999998,913.7837344000004,None,,,,,,,,,,,,,,,,,,,,,,,,,,,,,,,,P7350,Bar_MIC,10,1,2026-05-15_14h49.41.843,MIC_task,,2026.1.2,60.04138051946148,2026-05-15 14h49.44.746353 +0200,
,,30,0,30,,,,,,,10,l05,medence,pool,5,location,facilities,6.6,145,None,61,None,"(-0.1, 0.1)",None,,,,,,,,,,,,,,1,0,1,0,0,29,29,29,30,0,30,0,913.8004569,,,,,,,,,,,,,,,,,,,,,,,,,,,,,,,,,,,,,,,,,,,,,,,,,,,,,,,,,,,,,,,,,,,,,,,,,,,,,,,,,,,,,,,,,,,,,913.7885607000003,913.8004569,913.8004569,913.8004569,913.9842392000005,None,,,,,,,,,,,,,,,,,,,,,,,,,,,,,,,,P7350,Bar_MIC,10,1,2026-05-15_14h49.41.843,MIC_task,,2026.1.2,60.04138051946148,2026-05-15 14h49.44.746353 +0200,
,,31,0,31,,,,,,,10,l05,medence,pool,5,location,facilities,6.6,145,None,61,None,"(-0.1, 0.1)",None,,,,,,,,,,,,,,1,0,1,0,0,29,29,29,31,0,31,0,914.0006642000003,,,,,,,,,,,,,,,,,,,,,,,,,,,,,,,,,,,,,,,,,,,,,,,,,,,,,,,,,,,,,,,,,,,,,,,,,,,,,,,,,,,,,,,,,,,,,913.9888389000002,914.0006642000003,914.0006642000003,914.0006642000003,914.1845963999999,None,,,,,,,,,,,,,,,,,,,,,,,,,,,,,,,,P7350,Bar_MIC,10,1,2026-05-15_14h49.41.843,MIC_task,,2026.1.2,60.04138051946148,2026-05-15 14h49.44.746353 +0200,
,,32,0,32,,,,,,,10,l05,medence,pool,5,location,facilities,6.6,145,None,61,None,"(-0.1, 0.1)",None,,,,,,,,,,,,,,1,0,1,0,0,29,29,29,32,0,32,0,914.2011993000001,,,,,,,,,,,,,,,,,,,,,,,,,,,,,,,,,,,,,,,,,,,,,,,,,,,,,,,,,,,,,,,,,,,,,,,,,,,,,,,,,,,,,,,,,,,,,914.1894855000005,914.2011993000001,914.2011993000001,914.2011993000001,914.3858216000003,None,,,,,,,,,,,,,,,,,,,,,,,,,,,,,,,,P7350,Bar_MIC,10,1,2026-05-15_14h49.41.843,MIC_task,,2026.1.2,60.04138051946148,2026-05-15 14h49.44.746353 +0200,
,,33,0,33,,,,,,,10,l05,medence,pool,5,location,facilities,6.6,145,None,61,None,"(-0.1, 0.1)",None,,,,,,,,,,,,,,1,0,1,0,0,29,29,29,33,0,33,0,914.4014081,,,,,,,,,,,,,,,,,,,,,,,,,,,,,,,,,,,,,,,,,,,,,,,,,,,,,,,,,,,,,,,,,,,,,,,,,,,,,,,,,,,,,,,,,,,,,914.3907826999998,914.4014081,914.4014081,914.4014081,914.5861266000006,None,,,,,,,,,,,,,,,,,,,,,,,,,,,,,,,,P7350,Bar_MIC,10,1,2026-05-15_14h49.41.843,MIC_task,,2026.1.2,60.04138051946148,2026-05-15 14h49.44.746353 +0200,
,,34,0,34,,,,,,,10,l05,medence,pool,5,location,facilities,6.6,145,None,61,None,"(-0.1, 0.1)",None,,,,,,,,,,,,,,1,0,1,0,0,29,29,29,34,0,34,0,914.601846,,,,,,,,,,,,,,,,,,,,,,,,,,,,,,,,,,,,,,,,,,,,,,,,,,,,,,,,,,,,,,,,,,,,,,,,,,,,,,,,,,,,,,,,,,,,,914.5912210000001,914.601846,914.601846,914.601846,914.7869796999998,None,,,,,,,,,,,,,,,,,,,,,,,,,,,,,,,,P7350,Bar_MIC,10,1,2026-05-15_14h49.41.843,MIC_task,,2026.1.2,60.04138051946148,2026-05-15 14h49.44.746353 +0200,
,,35,0,35,,,,,,,10,l05,medence,pool,5,location,facilities,6.6,145,None,61,None,"(-0.1, 0.1)",None,,,,,,,,,,,,,,1,0,1,0,0,29,29,29,35,0,35,0,914.8022247000004,,,,,,,,,,,,,,,,,,,,,,,,,,,,,,,,,,,,,,,,,,,,,,,,,,,,,,,,,,,,,,,,,,,,,,,,,,,,,,,,,,,,,,,,,,,,,914.7915955000003,914.8022247000004,914.8022247000004,914.8022247000004,914.9860302000002,None,,,,,,,,,,,,,,,,,,,,,,,,,,,,,,,,P7350,Bar_MIC,10,1,2026-05-15_14h49.41.843,MIC_task,,2026.1.2,60.04138051946148,2026-05-15 14h49.44.746353 +0200,
,,36,0,36,,,,,,,10,l05,medence,pool,5,location,facilities,6.6,145,None,61,None,"(-0.1, 0.1)",None,,,,,,,,,,,,,,1,0,1,0,0,29,29,29,36,0,36,0,915.0025896000002,,,,,,,,,,,,,,,,,,,,,,,,,,,,,,,,,,,,,,,,,,,,,,,,,,,,,,,,,,,,,,,,,,,,,,,,,,,,,,,,,,,,,,,,,,,,,914.9906588999997,915.0025896000002,915.0025896000002,915.0025896000002,915.1866288000006,None,,,,,,,,,,,,,,,,,,,,,,,,,,,,,,,,P7350,Bar_MIC,10,1,2026-05-15_14h49.41.843,MIC_task,,2026.1.2,60.04138051946148,2026-05-15 14h49.44.746353 +0200,
,,37,0,37,,,,,,,10,l05,medence,pool,5,location,facilities,6.6,145,None,61,None,"(-0.1, 0.1)",None,,,,,,,,,,,,,,1,0,1,0,0,29,29,29,37,0,37,0,915.2030488000005,,,,,,,,,,,,,,,,,,,,,,,,,,,,,,,,,,,,,,,,,,,,,,,,,,,,,,,,,,,,,,,,,,,,,,,,,,,,,,,,,,,,,,,,,,,,,915.1912852999999,915.2030488000005,915.2030488000005,915.2030488000005,915.3868085999998,None,,,,,,,,,,,,,,,,,,,,,,,,,,,,,,,,P7350,Bar_MIC,10,1,2026-05-15_14h49.41.843,MIC_task,,2026.1.2,60.04138051946148,2026-05-15 14h49.44.746353 +0200,
,,38,0,38,,,,,,,10,l05,medence,pool,5,location,facilities,6.6,145,None,61,None,"(-0.1, 0.1)",None,,,,,,,,,,,,,,1,0,1,0,0,29,29,29,38,0,38,0,915.4033490000006,,,,,,,,,,,,,,,,,,,,,,,,,,,,,,,,,,,,,,,,,,,,,,,,,,,,,,,,,,,,,,,,,,,,,,,,,,,,,,,,,,,,,,,,,,,,,915.3915720999998,915.4033490000006,915.4033490000006,915.4033490000006,915.5875209000001,None,,,,,,,,,,,,,,,,,,,,,,,,,,,,,,,,P7350,Bar_MIC,10,1,2026-05-15_14h49.41.843,MIC_task,,2026.1.2,60.04138051946148,2026-05-15 14h49.44.746353 +0200,
,,39,0,39,,,,,,,10,l05,medence,pool,5,location,facilities,6.6,145,None,61,None,"(-0.1, 0.1)",None,,,,,,,,,,,,,,1,0,1,0,0,29,29,29,39,0,39,0,915.6028965,,,,,,,,,,,,,,,,,,,,,,,,,,,,,,,,,,,,,,,,,,,,,,,,,,,,,,,,,,,,,,,,,,,,,,,,,,,,,,,,,,,,,,,,,,,,,915.5929188000005,915.6028965,915.6028965,915.6028965,915.7877436000003,None,,,,,,,,,,,,,,,,,,,,,,,,,,,,,,,,P7350,Bar_MIC,10,1,2026-05-15_14h49.41.843,MIC_task,,2026.1.2,60.04138051946148,2026-05-15 14h49.44.746353 +0200,
,,40,0,40,,,,,,,10,l05,medence,pool,5,location,facilities,6.6,145,None,61,None,"(-0.1, 0.1)",None,,,,,,,,,,,,,,1,0,1,0,0,29,29,29,40,0,40,0,915.8033449,,,,,,,,,,,,,,,,,,,,,,,,,,,,,,,,,,,,,,,,,,,,,,,,,,,,,,,,,,,,,,,,,,,,,,,,,,,,,,,,,,,,,,,,,,,,,915.7922401999999,915.8033449,915.8033449,915.8033449,915.9871826000003,None,,,,,,,,,,,,,,,,,,,,,,,,,,,,,,,,P7350,Bar_MIC,10,1,2026-05-15_14h49.41.843,MIC_task,,2026.1.2,60.04138051946148,2026-05-15 14h49.44.746353 +0200,
,,41,0,41,,,,,,,10,l05,medence,pool,5,location,facilities,6.6,145,None,61,None,"(-0.1, 0.1)",None,,,,,,,,,,,,,,1,0,1,0,0,29,29,29,41,0,41,0,916.0037723999999,,,,,,,,,,,,,,,,,,,,,,,,,,,,,,,,,,,,,,,,,,,,,,,,,,,,,,,,,,,,,,,,,,,,,,,,,,,,,,,,,,,,,,,,,,,,,915.9915823000006,916.0037723999999,916.0037723999999,916.0037723999999,916.1875384999998,None,,,,,,,,,,,,,,,,,,,,,,,,,,,,,,,,P7350,Bar_MIC,10,1,2026-05-15_14h49.41.843,MIC_task,,2026.1.2,60.04138051946148,2026-05-15 14h49.44.746353 +0200,
,,42,0,42,,,,,,,10,l05,medence,pool,5,location,facilities,6.6,145,None,61,None,"(-0.1, 0.1)",None,,,,,,,,,,,,,,1,0,1,0,0,29,29,29,42,0,42,0,916.2040919000005,,,,,,,,,,,,,,,,,,,,,,,,,,,,,,,,,,,,,,,,,,,,,,,,,,,,,,,,,,,,,,,,,,,,,,,,,,,,,,,,,,,,,,,,,,,,,916.1920107000001,916.2040919000005,916.2040919000005,916.2040919000005,916.3878594000003,None,,,,,,,,,,,,,,,,,,,,,,,,,,,,,,,,P7350,Bar_MIC,10,1,2026-05-15_14h49.41.843,MIC_task,,2026.1.2,60.04138051946148,2026-05-15 14h49.44.746353 +0200,
,,43,0,43,,,,,,,10,l05,medence,pool,5,location,facilities,6.6,145,None,61,None,"(-0.1, 0.1)",None,,,,,,,,,,,,,,1,0,1,0,0,29,29,29,43,0,43,0,916.4045163000005,,,,,,,,,,,,,,,,,,,,,,,,,,,,,,,,,,,,,,,,,,,,,,,,,,,,,,,,,,,,,,,,,,,,,,,,,,,,,,,,,,,,,,,,,,,,,916.3923691000005,916.4045163000005,916.4045163000005,916.4045163000005,916.5882419000004,None,,,,,,,,,,,,,,,,,,,,,,,,,,,,,,,,P7350,Bar_MIC,10,1,2026-05-15_14h49.41.843,MIC_task,,2026.1.2,60.04138051946148,2026-05-15 14h49.44.746353 +0200,
,,44,0,44,,,,,,,10,l05,medence,pool,5,location,facilities,6.6,145,None,61,None,"(-0.1, 0.1)",space,0.00047590000031050295,None,,,,,,,,,,,,1,0,1,0,0,29,29,29,44,0,44,0,916.6049902,,,,,,,,,,,,,,,,,,,,,,,,,,,,,,,,,,,,,,,,,,,,,,,,,,,,,,,,,,,,,,,,,,,,,,,,,,,,,,,,,,,,,,,,,,,,,916.5932968000002,916.6049902,916.6049902,916.6049902,916.6070144,space,0.00047590000031050295,None,,,,,,,,,,,,,,,,,,,,,,,,,,,,,,P7350,Bar_MIC,10,1,2026-05-15_14h49.41.843,MIC_task,,2026.1.2,60.04138051946148,2026-05-15 14h49.44.746353 +0200,
,,29,29,0,,,,space,24.66643430000022,None,10,l05,medence,pool,5,location,facilities,6.6,145,None,61,None,"(-0.1, 0.1)",,,,,,,,,,,,,,,1,0,1,0,0,29,29,29,,,,,,,,,,,,,,,,,,,,,,,,,,,,,,,,,,,,,,,,,,,,,,,,,,,,,,,,,,,,,,,,,,,,,,,,,,,,,,,,,916.7066995999999,916.7132211000003,916.7216568666666,918.6079312000006,,,,,,920.6109833000005,920.6274810999998,920.6274810999998,945.3000342999999,,,,,,,,,,,,,918.6401537000006,918.6472798,918.6411151333332,920.5277179,920.6109295000001,space,24.66643430000022,None,,,,,,,,,,,,,,,,,,,,,,P7350,Bar_MIC,10,1,2026-05-15_14h49.41.843,MIC_task,,2026.1.2,60.04138051946148,2026-05-15 14h49.44.746353 +0200,
,,1,0,1,,,,,,,,,,,,,,,,,,,,,,,space,6.208511900000303,None,,,,,,,,,1,0,1,0,,,,,,,,,,,,,,,,,,,,,,,,,,,,,,,,,,,,,,,,,,,,,,,,,,,,,,,,,,,,,,,,,,,,,,,,,,,,,,,,,,,,,,,,,,,,,,,,,,,,,,,,,,,,,,,,,,,,,,,,,945.4257736000004,945.4465252000005,945.4465252000005,945.4320579333331,951.5739814000003,951.6594353000005,space,6.208511900000303,None,,,,,,,,,,P7350,Bar_MIC,10,1,2026-05-15_14h49.41.843,MIC_task,,2026.1.2,60.04138051946148,2026-05-15 14h49.44.746353 +0200,
,,,,,,,,,,,,,,,,,,,,,,,,,,,,,,,,,,,,,,,,,,,,,,,,,,,,,,,,,,,,,,,,,,,,,,,,,,,,,,,,,,,,,,,,,,,,,,,,,,,,,,,,,,,,,,,,,,,,,,,,,,,,,,,,,,,,,,,,,,,,,,,,,,,,,,,,,,,,,,,,,,,,,,,,,,,951.6598807000005,951.6599178000001,None,,,,,,,P7350,Bar_MIC,10,1,2026-05-15_14h49.41.843,MIC_task,,2026.1.2,60.04138051946148,2026-05-15 14h49.44.746353 +0200,
,,,,,,,,,,,,,,,,,,,,,,,,,,,,,,,,,,,,,,,,,,,,,,,,,,,,,,,,,,,,,,,,,,,,,,,,,,,,,,,,,,,,,,,,,,,,,,,,,,,,,,,,,,,,,,,,,,,,,,,,,,,,,,,,,,,,,,,,,,,,,,,,,,,,,,,,,,,,,,,,,,,,,,,,,,,,,,951.6600723000006,951.6600982000004,None,,,,P7350,Bar_MIC,10,1,2026-05-15_14h49.41.843,MIC_task,,2026.1.2,60.04138051946148,2026-05-15 14h49.44.746353 +0200,
,,,,,,,,,,,,,,,,,,,,,,,,,,,,,,,,,,,,,,,,,,,,,,,,,,,,,,,,,,,,,,,,,,,,,,,,,,,,,,,,,,,,,,,,,,,,,,,,,,,,,,,,,,,,,,,,,,,,,,,,,,,,,,,,,,,,,,,,,,,,,,,,,,,,,,,,,,,,,,,,,,,,,,,,,,,,,,,,,951.6602655000002,951.660292,None,P7350,Bar_MIC,10,1,2026-05-15_14h49.41.843,MIC_task,,2026.1.2,60.04138051946148,2026-05-15 14h49.44.746353 +0200,
