Reveal,position,thisN,thisTrialN,thisRepN,key_resp_19.keys,key_resp_19.rt,key_resp_19.duration,key_resp_8.keys,key_resp_8.rt,key_resp_8.duration,trial_number,itemno,item_HU,item_EN,categoryno,category,subcategory,mean,frequency,aoa_stanford,aoa_kupermann,aoa_childes,positions,key_resp.keys,key_resp.rt,key_resp.duration,key_resp_6.keys,key_resp_6.rt,key_resp_6.duration,practice_loop.thisRepN,practice_loop.thisTrialN,practice_loop.thisN,practice_loop.thisIndex,practice_aperture.thisRepN,practice_aperture.thisTrialN,practice_aperture.thisN,practice_aperture.thisIndex,run_loop.thisRepN,run_loop.thisTrialN,run_loop.thisN,run_loop.thisIndex,trial_loop.thisRepN,trial_loop.thisTrialN,trial_loop.thisN,trial_loop.thisIndex,aperture_loop.thisRepN,aperture_loop.thisTrialN,aperture_loop.thisN,aperture_loop.thisIndex,thisRow.t,notes,piloting,intro_pic.started,Story_Beg.started,key_resp_4.started,S1.started,intro_pic.stopped,key_resp_4.keys,Story1.started,Story_1.started,key_resp_9.started,S1_2.started,Story1.stopped,key_resp_9.keys,Story2.started,Story_2.started,key_resp_10.started,S1_3.started,S1_3.stopped,Story2.stopped,key_resp_10.keys,key_resp_10.rt,key_resp_10.duration,Story4.started,Story_4.started,key_resp_12.started,S1_4.started,S1_4.stopped,Story4.stopped,key_resp_12.keys,key_resp_12.rt,key_resp_12.duration,Story5.started,Story_5.started,key_resp_13.started,S1_5.started,S1_5.stopped,Story5.stopped,key_resp_13.keys,key_resp_13.rt,key_resp_13.duration,Story6.started,Story_6.started,key_resp_14.started,S1_6.started,S1_6.stopped,Story6.stopped,key_resp_14.keys,key_resp_14.rt,key_resp_14.duration,Story7.started,Story.started,key_resp_20.started,S1_7.started,S1_7.stopped,Story7.stopped,key_resp_20.keys,key_resp_20.rt,key_resp_20.duration,Story8.started,Story_7.started,key_resp_21.started,S1_8.started,Story8.stopped,key_resp_21.keys,key_resp_21.rt,key_resp_21.duration,trial3.started,image_7.started,aperture_3.started,key_resp_19.started,trial3.stopped,practice_aperture.key_resp_19.keys,practice_aperture.key_resp_19.rt,practice_aperture.key_resp_19.duration,reveal.started,dots.started,sound_1.started,reveal.stopped,change_prac.started,image_10.started,sound_4.started,sound_4.stopped,change_prac.stopped,ISI.started,text.started,key_resp_8.started,ISI.stopped,practice_loop.key_resp_8.keys,practice_loop.key_resp_8.rt,practice_loop.key_resp_8.duration,trial.started,image.started,aperture.started,key_resp.started,trial.stopped,aperture_loop.key_resp.keys,aperture_loop.key_resp.rt,aperture_loop.key_resp.duration,changee.started,image_2.started,sound_2.started,sound_2.stopped,changee.stopped,trial_loop.key_resp_8.keys,trial_loop.key_resp_8.rt,trial_loop.key_resp_8.duration,image.stopped,aperture.stopped,key_resp.stopped,inter_end_pic.started,image_8.started,key_resp_6.started,S1_9.started,S1_9.stopped,inter_end_pic.stopped,run_loop.key_resp_6.keys,run_loop.key_resp_6.rt,run_loop.key_resp_6.duration,participant,Version,Stimuli,RunNo,date,expName,expVersion,psychopyVersion,frameRate,expStart,
,,,,,,,,,,,,,,,,,,,,,,,,,,,,,,,,,,,,,,,,,,,,,,,,,,,,False,0.007572199916467071,0.10934189998079091,0.10934189998079091,0.023723466616744796,0.008075699908658862,None,,,,,,,,,,,,,,,,,,,,,,,,,,,,,,,,,,,,,,,,,,,,,,,,,,,,,,,,,,,,,,,,,,,,,,,,,,,,,,,,,,,,,,,,,,,,,,,,,,,,,,,,,,,,,,,,P8384,Bar_MIC,11,1,2026-04-09_15h27.42.794,MIC_task,,2026.1.2,60.0367665301919,2026-04-09 15h27.44.539502 +0200,
,,,,,,,,,,,,,,,,,,,,,,,,,,,,,,,,,,,,,,,,,,,,,,,,,,,,,,,,,,,0.011656599934212863,0.10934189998079091,0.10934189998079091,0.023723466616744796,0.012070899945683777,None,,,,,,,,,,,,,,,,,,,,,,,,,,,,,,,,,,,,,,,,,,,,,,,,,,,,,,,,,,,,,,,,,,,,,,,,,,,,,,,,,,,,,,,,,,,,,,,,,,,,,,,,,,P8384,Bar_MIC,11,1,2026-04-09_15h27.42.794,MIC_task,,2026.1.2,60.0367665301919,2026-04-09 15h27.44.539502 +0200,
,,,,,,,,,,,,,,,,,,,,,,,,,,,,,,,,,,,,,,,,,,,,,,,,,,,,,,,,,,,,,,,,,0.0996638999786228,0.10934189998079091,0.10934189998079091,0.10705679995007812,5.055847699986771,9.681231399998069,space,9.558893000008538,None,,,,,,,,,,,,,,,,,,,,,,,,,,,,,,,,,,,,,,,,,,,,,,,,,,,,,,,,,,,,,,,,,,,,,,,,,,,,,,,,,,,,,,,,,,,,,,,,,P8384,Bar_MIC,11,1,2026-04-09_15h27.42.794,MIC_task,,2026.1.2,60.0367665301919,2026-04-09 15h27.44.539502 +0200,
,,,,,,,,,,,,,,,,,,,,,,,,,,,,,,,,,,,,,,,,,,,,,,,,,,,,,,,,,,,,,,,,,,,,,,,,,,9.756922899978235,9.766300699906424,9.766300699906424,9.763689533302871,11.548812399967574,13.853637299966067,space,4.070356999989599,None,,,,,,,,,,,,,,,,,,,,,,,,,,,,,,,,,,,,,,,,,,,,,,,,,,,,,,,,,,,,,,,,,,,,,,,,,,,,,,,,,,,,,,,,P8384,Bar_MIC,11,1,2026-04-09_15h27.42.794,MIC_task,,2026.1.2,60.0367665301919,2026-04-09 15h27.44.539502 +0200,
,,,,,,,,,,,,,,,,,,,,,,,,,,,,,,,,,,,,,,,,,,,,,,,,,,,,,,,,,,,,,,,,,,,,,,,,,,,,,,,,,,,13.923083600006066,13.934780399897136,13.934780399897136,13.93609343325564,15.554664199938998,17.893101699999534,space,3.9493120000697672,None,,,,,,,,,,,,,,,,,,,,,,,,,,,,,,,,,,,,,,,,,,,,,,,,,,,,,,,,,,,,,,,,,,,,,,,,,,,,,,,P8384,Bar_MIC,11,1,2026-04-09_15h27.42.794,MIC_task,,2026.1.2,60.0367665301919,2026-04-09 15h27.44.539502 +0200,
,,,,,,,,,,,,,,,,,,,,,,,,,,,,,,,,,,,,,,,,,,,,,,,,,,,,,,,,,,,,,,,,,,,,,,,,,,,,,,,,,,,,,,,,,,,,17.96006889990531,17.97016759996768,17.97016759996768,17.975567133243505,19.87843939999584,27.65821609995328,space,9.682094599935226,None,,,,,,,,,,,,,,,,,,,,,,,,,,,,,,,,,,,,,,,,,,,,,,,,,,,,,,,,,,,,,,,,,,,,,,P8384,Bar_MIC,11,1,2026-04-09_15h27.42.794,MIC_task,,2026.1.2,60.0367665301919,2026-04-09 15h27.44.539502 +0200,
,,,,,,,,,,,,,,,,,,,,,,,,,,,,,,,,,,,,,,,,,,,,,,,,,,,,,,,,,,,,,,,,,,,,,,,,,,,,,,,,,,,,,,,,,,,,,,,,,,,,,27.739955800003372,27.750287499977276,27.750287499977276,27.740549433239114,39.341404199949466,58.538705899962224,space,30.78591159998905,None,,,,,,,,,,,,,,,,,,,,,,,,,,,,,,,,,,,,,,,,,,,,,,,,,,,,,,,,,,,,,P8384,Bar_MIC,11,1,2026-04-09_15h27.42.794,MIC_task,,2026.1.2,60.0367665301919,2026-04-09 15h27.44.539502 +0200,
,,,,,,,,,,,,,,,,,,,,,,,,,,,,,,,,,,,,,,,,,,,,,,,,,,,,,,,,,,,,,,,,,,,,,,,,,,,,,,,,,,,,,,,,,,,,,,,,,,,,,,,,,,,,,,58.62035719992127,58.63462379993871,58.63462379993871,58.621096433334365,63.16269129991997,space,4.526922499993816,None,,,,,,,,,,,,,,,,,,,,,,,,,,,,,,,,,,,,,,,,,,,,,,,,,,,,,P8384,Bar_MIC,11,1,2026-04-09_15h27.42.794,MIC_task,,2026.1.2,60.0367665301919,2026-04-09 15h27.44.539502 +0200,
MRnGO_prac_stimuli/wizard.png,"(0, -0.1)",0,0,0,None,,,,,,,,,,,,,,,,,,,,,,,,,0,0,0,0,0,0,0,0,,,,,,,,,,,,,63.21358270000201,,,,,,,,,,,,,,,,,,,,,,,,,,,,,,,,,,,,,,,,,,,,,,,,,,,,,,,,,,,,,,,,,,,,63.207557899993844,63.21358270000201,63.21358270000201,63.21358270000201,63.395062499912456,None,,,,,,,,,,,,,,,,,,,,,,,,,,,,,,,,,,,,,,,,,,,,,,,P8384,Bar_MIC,11,1,2026-04-09_15h27.42.794,MIC_task,,2026.1.2,60.0367665301919,2026-04-09 15h27.44.539502 +0200,
MRnGO_prac_stimuli/wizard.png,"(0, -0.1)",0,0,0,None,,,,,,,,,,,,,,,,,,,,,,,,,0,0,0,0,0,0,0,0,,,,,,,,,,,,,63.411478900001384,,,,,,,,,,,,,,,,,,,,,,,,,,,,,,,,,,,,,,,,,,,,,,,,,,,,,,,,,,,,,,,,,,,,63.39834559999872,63.411478900001384,63.411478900001384,63.411478900001384,63.596303199999966,None,,,,,,,,,,,,,,,,,,,,,,,,,,,,,,,,,,,,,,,,,,,,,,,P8384,Bar_MIC,11,1,2026-04-09_15h27.42.794,MIC_task,,2026.1.2,60.0367665301919,2026-04-09 15h27.44.539502 +0200,
MRnGO_prac_stimuli/wizard.png,"(0, -0.1)",1,0,1,None,,,,,,,,,,,,,,,,,,,,,,,,,0,0,0,0,1,0,1,0,,,,,,,,,,,,,63.61179259989876,,,,,,,,,,,,,,,,,,,,,,,,,,,,,,,,,,,,,,,,,,,,,,,,,,,,,,,,,,,,,,,,,,,,63.599780899938196,63.61179259989876,63.61179259989876,63.61179259989876,63.79675419989508,None,,,,,,,,,,,,,,,,,,,,,,,,,,,,,,,,,,,,,,,,,,,,,,,P8384,Bar_MIC,11,1,2026-04-09_15h27.42.794,MIC_task,,2026.1.2,60.0367665301919,2026-04-09 15h27.44.539502 +0200,
MRnGO_prac_stimuli/wizard.png,"(0, -0.1)",2,0,2,None,,,,,,,,,,,,,,,,,,,,,,,,,0,0,0,0,2,0,2,0,,,,,,,,,,,,,63.81221599993296,,,,,,,,,,,,,,,,,,,,,,,,,,,,,,,,,,,,,,,,,,,,,,,,,,,,,,,,,,,,,,,,,,,,63.80036110000219,63.81221599993296,63.81221599993296,63.81221599993296,63.99610689992551,None,,,,,,,,,,,,,,,,,,,,,,,,,,,,,,,,,,,,,,,,,,,,,,,P8384,Bar_MIC,11,1,2026-04-09_15h27.42.794,MIC_task,,2026.1.2,60.0367665301919,2026-04-09 15h27.44.539502 +0200,
MRnGO_prac_stimuli/wizard.png,"(0, -0.1)",3,0,3,None,,,,,,,,,,,,,,,,,,,,,,,,,0,0,0,0,3,0,3,0,,,,,,,,,,,,,64.01260599994566,,,,,,,,,,,,,,,,,,,,,,,,,,,,,,,,,,,,,,,,,,,,,,,,,,,,,,,,,,,,,,,,,,,,63.99954869993962,64.01260599994566,64.01260599994566,64.01260599994566,64.19642699998803,None,,,,,,,,,,,,,,,,,,,,,,,,,,,,,,,,,,,,,,,,,,,,,,,P8384,Bar_MIC,11,1,2026-04-09_15h27.42.794,MIC_task,,2026.1.2,60.0367665301919,2026-04-09 15h27.44.539502 +0200,
MRnGO_prac_stimuli/wizard.png,"(0, -0.1)",4,0,4,None,,,,,,,,,,,,,,,,,,,,,,,,,0,0,0,0,4,0,4,0,,,,,,,,,,,,,64.2129640999483,,,,,,,,,,,,,,,,,,,,,,,,,,,,,,,,,,,,,,,,,,,,,,,,,,,,,,,,,,,,,,,,,,,,64.2000013999641,64.2129640999483,64.2129640999483,64.2129640999483,64.39681069995277,None,,,,,,,,,,,,,,,,,,,,,,,,,,,,,,,,,,,,,,,,,,,,,,,P8384,Bar_MIC,11,1,2026-04-09_15h27.42.794,MIC_task,,2026.1.2,60.0367665301919,2026-04-09 15h27.44.539502 +0200,
MRnGO_prac_stimuli/wizard.png,"(0, -0.1)",5,0,5,None,,,,,,,,,,,,,,,,,,,,,,,,,0,0,0,0,5,0,5,0,,,,,,,,,,,,,64.41330069990363,,,,,,,,,,,,,,,,,,,,,,,,,,,,,,,,,,,,,,,,,,,,,,,,,,,,,,,,,,,,,,,,,,,,64.40004999993835,64.41330069990363,64.41330069990363,64.41330069990363,64.59725689992774,None,,,,,,,,,,,,,,,,,,,,,,,,,,,,,,,,,,,,,,,,,,,,,,,P8384,Bar_MIC,11,1,2026-04-09_15h27.42.794,MIC_task,,2026.1.2,60.0367665301919,2026-04-09 15h27.44.539502 +0200,
MRnGO_prac_stimuli/wizard.png,"(0, -0.1)",6,0,6,None,,,,,,,,,,,,,,,,,,,,,,,,,0,0,0,0,6,0,6,0,,,,,,,,,,,,,64.6136564000044,,,,,,,,,,,,,,,,,,,,,,,,,,,,,,,,,,,,,,,,,,,,,,,,,,,,,,,,,,,,,,,,,,,,64.60069969994947,64.6136564000044,64.6136564000044,64.6136564000044,64.79776729992591,None,,,,,,,,,,,,,,,,,,,,,,,,,,,,,,,,,,,,,,,,,,,,,,,P8384,Bar_MIC,11,1,2026-04-09_15h27.42.794,MIC_task,,2026.1.2,60.0367665301919,2026-04-09 15h27.44.539502 +0200,
MRnGO_prac_stimuli/wizard.png,"(0, -0.1)",7,0,7,None,,,,,,,,,,,,,,,,,,,,,,,,,0,0,0,0,7,0,7,0,,,,,,,,,,,,,64.81391279993113,,,,,,,,,,,,,,,,,,,,,,,,,,,,,,,,,,,,,,,,,,,,,,,,,,,,,,,,,,,,,,,,,,,,64.80136549996678,64.81391279993113,64.81391279993113,64.81391279993113,64.99811139993835,None,,,,,,,,,,,,,,,,,,,,,,,,,,,,,,,,,,,,,,,,,,,,,,,P8384,Bar_MIC,11,1,2026-04-09_15h27.42.794,MIC_task,,2026.1.2,60.0367665301919,2026-04-09 15h27.44.539502 +0200,
MRnGO_prac_stimuli/wizard.png,"(0, -0.1)",8,0,8,None,,,,,,,,,,,,,,,,,,,,,,,,,0,0,0,0,8,0,8,0,,,,,,,,,,,,,65.01434449991211,,,,,,,,,,,,,,,,,,,,,,,,,,,,,,,,,,,,,,,,,,,,,,,,,,,,,,,,,,,,,,,,,,,,65.00184099993203,65.01434449991211,65.01434449991211,65.01434449991211,65.1816943999147,None,,,,,,,,,,,,,,,,,,,,,,,,,,,,,,,,,,,,,,,,,,,,,,,P8384,Bar_MIC,11,1,2026-04-09_15h27.42.794,MIC_task,,2026.1.2,60.0367665301919,2026-04-09 15h27.44.539502 +0200,
MRnGO_prac_stimuli/wizard.png,"(0, -0.1)",9,0,9,None,,,,,,,,,,,,,,,,,,,,,,,,,0,0,0,0,9,0,9,0,,,,,,,,,,,,,65.19799239991698,,,,,,,,,,,,,,,,,,,,,,,,,,,,,,,,,,,,,,,,,,,,,,,,,,,,,,,,,,,,,,,,,,,,65.18493529991247,65.19799239991698,65.19799239991698,65.19799239991698,65.38209490000736,None,,,,,,,,,,,,,,,,,,,,,,,,,,,,,,,,,,,,,,,,,,,,,,,P8384,Bar_MIC,11,1,2026-04-09_15h27.42.794,MIC_task,,2026.1.2,60.0367665301919,2026-04-09 15h27.44.539502 +0200,
MRnGO_prac_stimuli/wizard.png,"(0, -0.1)",10,0,10,None,,,,,,,,,,,,,,,,,,,,,,,,,0,0,0,0,10,0,10,0,,,,,,,,,,,,,65.39758409990463,,,,,,,,,,,,,,,,,,,,,,,,,,,,,,,,,,,,,,,,,,,,,,,,,,,,,,,,,,,,,,,,,,,,65.38537249993533,65.39758409990463,65.39758409990463,65.39758409990463,65.58246089995373,None,,,,,,,,,,,,,,,,,,,,,,,,,,,,,,,,,,,,,,,,,,,,,,,P8384,Bar_MIC,11,1,2026-04-09_15h27.42.794,MIC_task,,2026.1.2,60.0367665301919,2026-04-09 15h27.44.539502 +0200,
MRnGO_prac_stimuli/wizard.png,"(0, -0.1)",11,0,11,None,,,,,,,,,,,,,,,,,,,,,,,,,0,0,0,0,11,0,11,0,,,,,,,,,,,,,65.59794849995524,,,,,,,,,,,,,,,,,,,,,,,,,,,,,,,,,,,,,,,,,,,,,,,,,,,,,,,,,,,,,,,,,,,,65.58632719994057,65.59794849995524,65.59794849995524,65.59794849995524,65.78286189993378,None,,,,,,,,,,,,,,,,,,,,,,,,,,,,,,,,,,,,,,,,,,,,,,,P8384,Bar_MIC,11,1,2026-04-09_15h27.42.794,MIC_task,,2026.1.2,60.0367665301919,2026-04-09 15h27.44.539502 +0200,
MRnGO_prac_stimuli/wizard.png,"(0, -0.1)",12,0,12,None,,,,,,,,,,,,,,,,,,,,,,,,,0,0,0,0,12,0,12,0,,,,,,,,,,,,,65.79834340000525,,,,,,,,,,,,,,,,,,,,,,,,,,,,,,,,,,,,,,,,,,,,,,,,,,,,,,,,,,,,,,,,,,,,65.78579729993362,65.79834340000525,65.79834340000525,65.79834340000525,65.98330729990266,None,,,,,,,,,,,,,,,,,,,,,,,,,,,,,,,,,,,,,,,,,,,,,,,P8384,Bar_MIC,11,1,2026-04-09_15h27.42.794,MIC_task,,2026.1.2,60.0367665301919,2026-04-09 15h27.44.539502 +0200,
MRnGO_prac_stimuli/wizard.png,"(0, -0.1)",13,0,13,None,,,,,,,,,,,,,,,,,,,,,,,,,0,0,0,0,13,0,13,0,,,,,,,,,,,,,65.99876190000214,,,,,,,,,,,,,,,,,,,,,,,,,,,,,,,,,,,,,,,,,,,,,,,,,,,,,,,,,,,,,,,,,,,,65.98680939991027,65.99876190000214,65.99876190000214,65.99876190000214,66.1837724999059,None,,,,,,,,,,,,,,,,,,,,,,,,,,,,,,,,,,,,,,,,,,,,,,,P8384,Bar_MIC,11,1,2026-04-09_15h27.42.794,MIC_task,,2026.1.2,60.0367665301919,2026-04-09 15h27.44.539502 +0200,
MRnGO_prac_stimuli/wizard.png,"(0, -0.1)",14,0,14,None,,,,,,,,,,,,,,,,,,,,,,,,,0,0,0,0,14,0,14,0,,,,,,,,,,,,,66.19914279994555,,,,,,,,,,,,,,,,,,,,,,,,,,,,,,,,,,,,,,,,,,,,,,,,,,,,,,,,,,,,,,,,,,,,66.18710519990418,66.19914279994555,66.19914279994555,66.19914279994555,66.38296499999706,None,,,,,,,,,,,,,,,,,,,,,,,,,,,,,,,,,,,,,,,,,,,,,,,P8384,Bar_MIC,11,1,2026-04-09_15h27.42.794,MIC_task,,2026.1.2,60.0367665301919,2026-04-09 15h27.44.539502 +0200,
MRnGO_prac_stimuli/wizard.png,"(0, -0.1)",15,0,15,None,,,,,,,,,,,,,,,,,,,,,,,,,0,0,0,0,15,0,15,0,,,,,,,,,,,,,66.39954589994159,,,,,,,,,,,,,,,,,,,,,,,,,,,,,,,,,,,,,,,,,,,,,,,,,,,,,,,,,,,,,,,,,,,,66.38612169993576,66.39954589994159,66.39954589994159,66.39954589994159,66.58333589998074,None,,,,,,,,,,,,,,,,,,,,,,,,,,,,,,,,,,,,,,,,,,,,,,,P8384,Bar_MIC,11,1,2026-04-09_15h27.42.794,MIC_task,,2026.1.2,60.0367665301919,2026-04-09 15h27.44.539502 +0200,
MRnGO_prac_stimuli/wizard.png,"(0, -0.1)",16,0,16,None,,,,,,,,,,,,,,,,,,,,,,,,,0,0,0,0,16,0,16,0,,,,,,,,,,,,,66.59991389990319,,,,,,,,,,,,,,,,,,,,,,,,,,,,,,,,,,,,,,,,,,,,,,,,,,,,,,,,,,,,,,,,,,,,66.58690189989284,66.59991389990319,66.59991389990319,66.59991389990319,66.78386269998737,None,,,,,,,,,,,,,,,,,,,,,,,,,,,,,,,,,,,,,,,,,,,,,,,P8384,Bar_MIC,11,1,2026-04-09_15h27.42.794,MIC_task,,2026.1.2,60.0367665301919,2026-04-09 15h27.44.539502 +0200,
MRnGO_prac_stimuli/wizard.png,"(0, -0.1)",17,0,17,None,,,,,,,,,,,,,,,,,,,,,,,,,0,0,0,0,17,0,17,0,,,,,,,,,,,,,66.80026960000396,,,,,,,,,,,,,,,,,,,,,,,,,,,,,,,,,,,,,,,,,,,,,,,,,,,,,,,,,,,,,,,,,,,,66.78714629996102,66.80026960000396,66.80026960000396,66.80026960000396,66.98426169995219,None,,,,,,,,,,,,,,,,,,,,,,,,,,,,,,,,,,,,,,,,,,,,,,,P8384,Bar_MIC,11,1,2026-04-09_15h27.42.794,MIC_task,,2026.1.2,60.0367665301919,2026-04-09 15h27.44.539502 +0200,
MRnGO_prac_stimuli/wizard.png,"(0, -0.1)",18,0,18,None,,,,,,,,,,,,,,,,,,,,,,,,,0,0,0,0,18,0,18,0,,,,,,,,,,,,,67.0006190999411,,,,,,,,,,,,,,,,,,,,,,,,,,,,,,,,,,,,,,,,,,,,,,,,,,,,,,,,,,,,,,,,,,,,66.98770599998534,67.0006190999411,67.0006190999411,67.0006190999411,67.18470049998723,None,,,,,,,,,,,,,,,,,,,,,,,,,,,,,,,,,,,,,,,,,,,,,,,P8384,Bar_MIC,11,1,2026-04-09_15h27.42.794,MIC_task,,2026.1.2,60.0367665301919,2026-04-09 15h27.44.539502 +0200,
MRnGO_prac_stimuli/wizard.png,"(0, -0.1)",19,0,19,None,,,,,,,,,,,,,,,,,,,,,,,,,0,0,0,0,19,0,19,0,,,,,,,,,,,,,67.20105609996244,,,,,,,,,,,,,,,,,,,,,,,,,,,,,,,,,,,,,,,,,,,,,,,,,,,,,,,,,,,,,,,,,,,,67.18769789999351,67.20105609996244,67.20105609996244,67.20105609996244,67.38507989991922,None,,,,,,,,,,,,,,,,,,,,,,,,,,,,,,,,,,,,,,,,,,,,,,,P8384,Bar_MIC,11,1,2026-04-09_15h27.42.794,MIC_task,,2026.1.2,60.0367665301919,2026-04-09 15h27.44.539502 +0200,
MRnGO_prac_stimuli/wizard.png,"(0, -0.1)",20,0,20,None,,,,,,,,,,,,,,,,,,,,,,,,,0,0,0,0,20,0,20,0,,,,,,,,,,,,,67.40135299996473,,,,,,,,,,,,,,,,,,,,,,,,,,,,,,,,,,,,,,,,,,,,,,,,,,,,,,,,,,,,,,,,,,,,67.38841199991293,67.40135299996473,67.40135299996473,67.40135299996473,67.5853877000045,None,,,,,,,,,,,,,,,,,,,,,,,,,,,,,,,,,,,,,,,,,,,,,,,P8384,Bar_MIC,11,1,2026-04-09_15h27.42.794,MIC_task,,2026.1.2,60.0367665301919,2026-04-09 15h27.44.539502 +0200,
MRnGO_prac_stimuli/wizard.png,"(0, -0.1)",21,0,21,None,,,,,,,,,,,,,,,,,,,,,,,,,0,0,0,0,21,0,21,0,,,,,,,,,,,,,67.60175089992117,,,,,,,,,,,,,,,,,,,,,,,,,,,,,,,,,,,,,,,,,,,,,,,,,,,,,,,,,,,,,,,,,,,,67.58843449992128,67.60175089992117,67.60175089992117,67.60175089992117,67.78572449996136,None,,,,,,,,,,,,,,,,,,,,,,,,,,,,,,,,,,,,,,,,,,,,,,,P8384,Bar_MIC,11,1,2026-04-09_15h27.42.794,MIC_task,,2026.1.2,60.0367665301919,2026-04-09 15h27.44.539502 +0200,
MRnGO_prac_stimuli/wizard.png,"(0, -0.1)",22,0,22,None,,,,,,,,,,,,,,,,,,,,,,,,,0,0,0,0,22,0,22,0,,,,,,,,,,,,,67.80136409995612,,,,,,,,,,,,,,,,,,,,,,,,,,,,,,,,,,,,,,,,,,,,,,,,,,,,,,,,,,,,,,,,,,,,67.78883469989523,67.80136409995612,67.80136409995612,67.80136409995612,67.98622349998914,None,,,,,,,,,,,,,,,,,,,,,,,,,,,,,,,,,,,,,,,,,,,,,,,P8384,Bar_MIC,11,1,2026-04-09_15h27.42.794,MIC_task,,2026.1.2,60.0367665301919,2026-04-09 15h27.44.539502 +0200,
MRnGO_prac_stimuli/wizard.png,"(0, -0.1)",23,0,23,None,,,,,,,,,,,,,,,,,,,,,,,,,0,0,0,0,23,0,23,0,,,,,,,,,,,,,68.00171649991535,,,,,,,,,,,,,,,,,,,,,,,,,,,,,,,,,,,,,,,,,,,,,,,,,,,,,,,,,,,,,,,,,,,,67.98970339994412,68.00171649991535,68.00171649991535,68.00171649991535,68.18672110000625,None,,,,,,,,,,,,,,,,,,,,,,,,,,,,,,,,,,,,,,,,,,,,,,,P8384,Bar_MIC,11,1,2026-04-09_15h27.42.794,MIC_task,,2026.1.2,60.0367665301919,2026-04-09 15h27.44.539502 +0200,
MRnGO_prac_stimuli/wizard.png,"(0, -0.1)",24,0,24,None,,,,,,,,,,,,,,,,,,,,,,,,,0,0,0,0,24,0,24,0,,,,,,,,,,,,,68.20213799993508,,,,,,,,,,,,,,,,,,,,,,,,,,,,,,,,,,,,,,,,,,,,,,,,,,,,,,,,,,,,,,,,,,,,68.1899315000046,68.20213799993508,68.20213799993508,68.20213799993508,68.38705629995093,None,,,,,,,,,,,,,,,,,,,,,,,,,,,,,,,,,,,,,,,,,,,,,,,P8384,Bar_MIC,11,1,2026-04-09_15h27.42.794,MIC_task,,2026.1.2,60.0367665301919,2026-04-09 15h27.44.539502 +0200,
MRnGO_prac_stimuli/wizard.png,"(0, -0.1)",25,0,25,None,,,,,,,,,,,,,,,,,,,,,,,,,0,0,0,0,25,0,25,0,,,,,,,,,,,,,68.40250239998568,,,,,,,,,,,,,,,,,,,,,,,,,,,,,,,,,,,,,,,,,,,,,,,,,,,,,,,,,,,,,,,,,,,,68.39028729998972,68.40250239998568,68.40250239998568,68.40250239998568,68.5862476999173,None,,,,,,,,,,,,,,,,,,,,,,,,,,,,,,,,,,,,,,,,,,,,,,,P8384,Bar_MIC,11,1,2026-04-09_15h27.42.794,MIC_task,,2026.1.2,60.0367665301919,2026-04-09 15h27.44.539502 +0200,
MRnGO_prac_stimuli/wizard.png,"(0, -0.1)",26,0,26,None,,,,,,,,,,,,,,,,,,,,,,,,,0,0,0,0,26,0,26,0,,,,,,,,,,,,,68.60291269992013,,,,,,,,,,,,,,,,,,,,,,,,,,,,,,,,,,,,,,,,,,,,,,,,,,,,,,,,,,,,,,,,,,,,68.5898876999272,68.60291269992013,68.60291269992013,68.60291269992013,68.78685209993273,None,,,,,,,,,,,,,,,,,,,,,,,,,,,,,,,,,,,,,,,,,,,,,,,P8384,Bar_MIC,11,1,2026-04-09_15h27.42.794,MIC_task,,2026.1.2,60.0367665301919,2026-04-09 15h27.44.539502 +0200,
MRnGO_prac_stimuli/wizard.png,"(0, -0.1)",27,0,27,None,,,,,,,,,,,,,,,,,,,,,,,,,0,0,0,0,27,0,27,0,,,,,,,,,,,,,68.80325019999873,,,,,,,,,,,,,,,,,,,,,,,,,,,,,,,,,,,,,,,,,,,,,,,,,,,,,,,,,,,,,,,,,,,,68.79014769999776,68.80325019999873,68.80325019999873,68.80325019999873,68.98743949993514,None,,,,,,,,,,,,,,,,,,,,,,,,,,,,,,,,,,,,,,,,,,,,,,,P8384,Bar_MIC,11,1,2026-04-09_15h27.42.794,MIC_task,,2026.1.2,60.0367665301919,2026-04-09 15h27.44.539502 +0200,
MRnGO_prac_stimuli/wizard.png,"(0, -0.1)",28,0,28,None,,,,,,,,,,,,,,,,,,,,,,,,,0,0,0,0,28,0,28,0,,,,,,,,,,,,,69.00360359996557,,,,,,,,,,,,,,,,,,,,,,,,,,,,,,,,,,,,,,,,,,,,,,,,,,,,,,,,,,,,,,,,,,,,68.99092249991372,69.00360359996557,69.00360359996557,69.00360359996557,69.18748540000524,None,,,,,,,,,,,,,,,,,,,,,,,,,,,,,,,,,,,,,,,,,,,,,,,P8384,Bar_MIC,11,1,2026-04-09_15h27.42.794,MIC_task,,2026.1.2,60.0367665301919,2026-04-09 15h27.44.539502 +0200,
MRnGO_prac_stimuli/wizard.png,"(0, -0.1)",29,0,29,None,,,,,,,,,,,,,,,,,,,,,,,,,0,0,0,0,29,0,29,0,,,,,,,,,,,,,69.20393209997565,,,,,,,,,,,,,,,,,,,,,,,,,,,,,,,,,,,,,,,,,,,,,,,,,,,,,,,,,,,,,,,,,,,,69.19077180000022,69.20393209997565,69.20393209997565,69.20393209997565,69.38789129990619,None,,,,,,,,,,,,,,,,,,,,,,,,,,,,,,,,,,,,,,,,,,,,,,,P8384,Bar_MIC,11,1,2026-04-09_15h27.42.794,MIC_task,,2026.1.2,60.0367665301919,2026-04-09 15h27.44.539502 +0200,
MRnGO_prac_stimuli/wizard.png,"(0, -0.1)",30,0,30,None,,,,,,,,,,,,,,,,,,,,,,,,,0,0,0,0,30,0,30,0,,,,,,,,,,,,,69.40431499993429,,,,,,,,,,,,,,,,,,,,,,,,,,,,,,,,,,,,,,,,,,,,,,,,,,,,,,,,,,,,,,,,,,,,69.39112679997925,69.40431499993429,69.40431499993429,69.40431499993429,69.5884165999014,None,,,,,,,,,,,,,,,,,,,,,,,,,,,,,,,,,,,,,,,,,,,,,,,P8384,Bar_MIC,11,1,2026-04-09_15h27.42.794,MIC_task,,2026.1.2,60.0367665301919,2026-04-09 15h27.44.539502 +0200,
MRnGO_prac_stimuli/wizard.png,"(0, -0.1)",31,0,31,None,,,,,,,,,,,,,,,,,,,,,,,,,0,0,0,0,31,0,31,0,,,,,,,,,,,,,69.60469079995528,,,,,,,,,,,,,,,,,,,,,,,,,,,,,,,,,,,,,,,,,,,,,,,,,,,,,,,,,,,,,,,,,,,,69.59199679992162,69.60469079995528,69.60469079995528,69.60469079995528,69.78903159999754,None,,,,,,,,,,,,,,,,,,,,,,,,,,,,,,,,,,,,,,,,,,,,,,,P8384,Bar_MIC,11,1,2026-04-09_15h27.42.794,MIC_task,,2026.1.2,60.0367665301919,2026-04-09 15h27.44.539502 +0200,
MRnGO_prac_stimuli/wizard.png,"(0, -0.1)",32,0,32,None,,,,,,,,,,,,,,,,,,,,,,,,,0,0,0,0,32,0,32,0,,,,,,,,,,,,,69.80425389995798,,,,,,,,,,,,,,,,,,,,,,,,,,,,,,,,,,,,,,,,,,,,,,,,,,,,,,,,,,,,,,,,,,,,69.79225649998989,69.80425389995798,69.80425389995798,69.80425389995798,69.98930299992207,None,,,,,,,,,,,,,,,,,,,,,,,,,,,,,,,,,,,,,,,,,,,,,,,P8384,Bar_MIC,11,1,2026-04-09_15h27.42.794,MIC_task,,2026.1.2,60.0367665301919,2026-04-09 15h27.44.539502 +0200,
MRnGO_prac_stimuli/wizard.png,"(0, -0.1)",33,0,33,None,,,,,,,,,,,,,,,,,,,,,,,,,0,0,0,0,33,0,33,0,,,,,,,,,,,,,70.00545309996232,,,,,,,,,,,,,,,,,,,,,,,,,,,,,,,,,,,,,,,,,,,,,,,,,,,,,,,,,,,,,,,,,,,,69.99237110000104,70.00545309996232,70.00545309996232,70.00545309996232,70.18957960000262,None,,,,,,,,,,,,,,,,,,,,,,,,,,,,,,,,,,,,,,,,,,,,,,,P8384,Bar_MIC,11,1,2026-04-09_15h27.42.794,MIC_task,,2026.1.2,60.0367665301919,2026-04-09 15h27.44.539502 +0200,
MRnGO_prac_stimuli/wizard.png,"(0, -0.1)",34,0,34,None,,,,,,,,,,,,,,,,,,,,,,,,,0,0,0,0,34,0,34,0,,,,,,,,,,,,,70.20506779989228,,,,,,,,,,,,,,,,,,,,,,,,,,,,,,,,,,,,,,,,,,,,,,,,,,,,,,,,,,,,,,,,,,,,70.19277919991873,70.20506779989228,70.20506779989228,70.20506779989228,70.39001159998588,None,,,,,,,,,,,,,,,,,,,,,,,,,,,,,,,,,,,,,,,,,,,,,,,P8384,Bar_MIC,11,1,2026-04-09_15h27.42.794,MIC_task,,2026.1.2,60.0367665301919,2026-04-09 15h27.44.539502 +0200,
MRnGO_prac_stimuli/wizard.png,"(0, -0.1)",35,0,35,None,,,,,,,,,,,,,,,,,,,,,,,,,0,0,0,0,35,0,35,0,,,,,,,,,,,,,70.40550160000566,,,,,,,,,,,,,,,,,,,,,,,,,,,,,,,,,,,,,,,,,,,,,,,,,,,,,,,,,,,,,,,,,,,,70.39325409999583,70.40550160000566,70.40550160000566,70.40550160000566,70.59047199995257,None,,,,,,,,,,,,,,,,,,,,,,,,,,,,,,,,,,,,,,,,,,,,,,,P8384,Bar_MIC,11,1,2026-04-09_15h27.42.794,MIC_task,,2026.1.2,60.0367665301919,2026-04-09 15h27.44.539502 +0200,
MRnGO_prac_stimuli/wizard.png,"(0, -0.1)",36,0,36,None,,,,,,,,,,,,,,,,,,,,,,,,,0,0,0,0,36,0,36,0,,,,,,,,,,,,,70.60582589998376,,,,,,,,,,,,,,,,,,,,,,,,,,,,,,,,,,,,,,,,,,,,,,,,,,,,,,,,,,,,,,,,,,,,70.5937548999209,70.60582589998376,70.60582589998376,70.60582589998376,70.78959969989955,None,,,,,,,,,,,,,,,,,,,,,,,,,,,,,,,,,,,,,,,,,,,,,,,P8384,Bar_MIC,11,1,2026-04-09_15h27.42.794,MIC_task,,2026.1.2,60.0367665301919,2026-04-09 15h27.44.539502 +0200,
MRnGO_prac_stimuli/wizard.png,"(0, -0.1)",37,0,37,None,,,,,,,,,,,,,,,,,,,,,,,,,0,0,0,0,37,0,37,0,,,,,,,,,,,,,70.80622399994172,,,,,,,,,,,,,,,,,,,,,,,,,,,,,,,,,,,,,,,,,,,,,,,,,,,,,,,,,,,,,,,,,,,,70.7932152999565,70.80622399994172,70.80622399994172,70.80622399994172,70.99018069996964,None,,,,,,,,,,,,,,,,,,,,,,,,,,,,,,,,,,,,,,,,,,,,,,,P8384,Bar_MIC,11,1,2026-04-09_15h27.42.794,MIC_task,,2026.1.2,60.0367665301919,2026-04-09 15h27.44.539502 +0200,
MRnGO_prac_stimuli/wizard.png,"(0, -0.1)",38,0,38,None,,,,,,,,,,,,,,,,,,,,,,,,,0,0,0,0,38,0,38,0,,,,,,,,,,,,,71.0066005999688,,,,,,,,,,,,,,,,,,,,,,,,,,,,,,,,,,,,,,,,,,,,,,,,,,,,,,,,,,,,,,,,,,,,70.99359179998282,71.0066005999688,71.0066005999688,71.0066005999688,71.19055179995485,None,,,,,,,,,,,,,,,,,,,,,,,,,,,,,,,,,,,,,,,,,,,,,,,P8384,Bar_MIC,11,1,2026-04-09_15h27.42.794,MIC_task,,2026.1.2,60.0367665301919,2026-04-09 15h27.44.539502 +0200,
MRnGO_prac_stimuli/wizard.png,"(0, -0.1)",39,0,39,None,,,,,,,,,,,,,,,,,,,,,,,,,0,0,0,0,39,0,39,0,,,,,,,,,,,,,71.20694529998582,,,,,,,,,,,,,,,,,,,,,,,,,,,,,,,,,,,,,,,,,,,,,,,,,,,,,,,,,,,,,,,,,,,,71.19389479991514,71.20694529998582,71.20694529998582,71.20694529998582,71.39090499992017,None,,,,,,,,,,,,,,,,,,,,,,,,,,,,,,,,,,,,,,,,,,,,,,,P8384,Bar_MIC,11,1,2026-04-09_15h27.42.794,MIC_task,,2026.1.2,60.0367665301919,2026-04-09 15h27.44.539502 +0200,
MRnGO_prac_stimuli/wizard.png,"(0, -0.1)",40,0,40,None,,,,,,,,,,,,,,,,,,,,,,,,,0,0,0,0,40,0,40,0,,,,,,,,,,,,,71.4073730999371,,,,,,,,,,,,,,,,,,,,,,,,,,,,,,,,,,,,,,,,,,,,,,,,,,,,,,,,,,,,,,,,,,,,71.39440349990036,71.4073730999371,71.4073730999371,71.4073730999371,71.59152449993417,None,,,,,,,,,,,,,,,,,,,,,,,,,,,,,,,,,,,,,,,,,,,,,,,P8384,Bar_MIC,11,1,2026-04-09_15h27.42.794,MIC_task,,2026.1.2,60.0367665301919,2026-04-09 15h27.44.539502 +0200,
MRnGO_prac_stimuli/wizard.png,"(0, -0.1)",41,0,41,None,,,,,,,,,,,,,,,,,,,,,,,,,0,0,0,0,41,0,41,0,,,,,,,,,,,,,71.60763959994074,,,,,,,,,,,,,,,,,,,,,,,,,,,,,,,,,,,,,,,,,,,,,,,,,,,,,,,,,,,,,,,,,,,,71.59476809995249,71.60763959994074,71.60763959994074,71.60763959994074,71.79174059990328,None,,,,,,,,,,,,,,,,,,,,,,,,,,,,,,,,,,,,,,,,,,,,,,,P8384,Bar_MIC,11,1,2026-04-09_15h27.42.794,MIC_task,,2026.1.2,60.0367665301919,2026-04-09 15h27.44.539502 +0200,
MRnGO_prac_stimuli/wizard.png,"(0, -0.1)",42,0,42,None,,,,,,,,,,,,,,,,,,,,,,,,,0,0,0,0,42,0,42,0,,,,,,,,,,,,,71.80799689993728,,,,,,,,,,,,,,,,,,,,,,,,,,,,,,,,,,,,,,,,,,,,,,,,,,,,,,,,,,,,,,,,,,,,71.79485029994976,71.80799689993728,71.80799689993728,71.80799689993728,71.99219529994298,None,,,,,,,,,,,,,,,,,,,,,,,,,,,,,,,,,,,,,,,,,,,,,,,P8384,Bar_MIC,11,1,2026-04-09_15h27.42.794,MIC_task,,2026.1.2,60.0367665301919,2026-04-09 15h27.44.539502 +0200,
MRnGO_prac_stimuli/wizard.png,"(0, -0.1)",43,0,43,None,,,,,,,,,,,,,,,,,,,,,,,,,0,0,0,0,43,0,43,0,,,,,,,,,,,,,72.00843209994491,,,,,,,,,,,,,,,,,,,,,,,,,,,,,,,,,,,,,,,,,,,,,,,,,,,,,,,,,,,,,,,,,,,,71.99565919989254,72.00843209994491,72.00843209994491,72.00843209994491,72.19242300000042,None,,,,,,,,,,,,,,,,,,,,,,,,,,,,,,,,,,,,,,,,,,,,,,,P8384,Bar_MIC,11,1,2026-04-09_15h27.42.794,MIC_task,,2026.1.2,60.0367665301919,2026-04-09 15h27.44.539502 +0200,
MRnGO_prac_stimuli/wizard.png,"(0, -0.1)",44,0,44,None,,,,,,,,,,,,,,,,,,,,,,,,,0,0,0,0,44,0,44,0,,,,,,,,,,,,,72.20880019990727,,,,,,,,,,,,,,,,,,,,,,,,,,,,,,,,,,,,,,,,,,,,,,,,,,,,,,,,,,,,,,,,,,,,72.1958081999328,72.20880019990727,72.20880019990727,72.20880019990727,72.39293529989664,None,,,,,,,,,,,,,,,,,,,,,,,,,,,,,,,,,,,,,,,,,,,,,,,P8384,Bar_MIC,11,1,2026-04-09_15h27.42.794,MIC_task,,2026.1.2,60.0367665301919,2026-04-09 15h27.44.539502 +0200,
MRnGO_prac_stimuli/wizard.png,"(0, -0.1)",45,0,45,None,,,,,,,,,,,,,,,,,,,,,,,,,0,0,0,0,45,0,45,0,,,,,,,,,,,,,72.40839339990634,,,,,,,,,,,,,,,,,,,,,,,,,,,,,,,,,,,,,,,,,,,,,,,,,,,,,,,,,,,,,,,,,,,,72.3958509999793,72.40839339990634,72.40839339990634,72.40839339990634,72.5932923000073,None,,,,,,,,,,,,,,,,,,,,,,,,,,,,,,,,,,,,,,,,,,,,,,,P8384,Bar_MIC,11,1,2026-04-09_15h27.42.794,MIC_task,,2026.1.2,60.0367665301919,2026-04-09 15h27.44.539502 +0200,
MRnGO_prac_stimuli/wizard.png,"(0, -0.1)",46,0,46,space,0.15588059998117387,None,,,,,,,,,,,,,,,,,,,,,,,0,0,0,0,46,0,46,0,,,,,,,,,,,,,72.60877729998901,,,,,,,,,,,,,,,,,,,,,,,,,,,,,,,,,,,,,,,,,,,,,,,,,,,,,,,,,,,,,,,,,,,,72.59694640000816,72.60877729998901,72.60877729998901,72.60877729998901,72.7777489,space,0.15588059998117387,None,,,,,,,,,,,,,,,,,,,,,,,,,,,,,,,,,,,,,,,,,,,,,P8384,Bar_MIC,11,1,2026-04-09_15h27.42.794,MIC_task,,2026.1.2,60.0367665301919,2026-04-09 15h27.44.539502 +0200,
MRnGO_prac_stimuli/wizard.png,"(0, -0.1)",0,0,0,,,,space,2.7717156000435352,None,,,,,,,,,,,,,,,,,,,,0,0,0,0,,,,,,,,,,,,,,,,,,,,,,,,,,,,,,,,,,,,,,,,,,,,,,,,,,,,,,,,,,,,,,,,,,,,,,,,,,,,,,,,,,,,,,,,,,,,,72.8506488999119,72.85843819996808,72.86016143330683,74.7800728000002,74.80565569992177,74.81139709998388,74.81328243332294,76.69860919995699,76.78277499997057,76.78281169990078,76.80441099999007,76.80441099999007,79.58830019994639,space,2.7717156000435352,None,,,,,,,,,,,,,,,,,,,,,,,,,,,,,P8384,Bar_MIC,11,1,2026-04-09_15h27.42.794,MIC_task,,2026.1.2,60.0367665301919,2026-04-09 15h27.44.539502 +0200,
MRnGO_prac_stimuli/clover.png,"(0.1, 0.1)",0,0,0,None,,,,,,,,,,,,,,,,,,,,,,,,,0,1,1,1,0,0,0,0,,,,,,,,,,,,,79.61400559998583,,,,,,,,,,,,,,,,,,,,,,,,,,,,,,,,,,,,,,,,,,,,,,,,,,,,,,,,,,,,,,,,,,,,79.60866329993587,79.61400559998583,79.61400559998583,79.61400559998583,79.80460409994703,None,,,,,,,,,,,,,,,,,,,,,,,,,,,,,,,,,,,,,,,,,,,,,,,P8384,Bar_MIC,11,1,2026-04-09_15h27.42.794,MIC_task,,2026.1.2,60.0367665301919,2026-04-09 15h27.44.539502 +0200,
MRnGO_prac_stimuli/clover.png,"(0.1, 0.1)",0,0,0,None,,,,,,,,,,,,,,,,,,,,,,,,,0,1,1,1,0,0,0,0,,,,,,,,,,,,,79.81999069999438,,,,,,,,,,,,,,,,,,,,,,,,,,,,,,,,,,,,,,,,,,,,,,,,,,,,,,,,,,,,,,,,,,,,79.80825469992124,79.81999069999438,79.81999069999438,79.81999069999438,80.00381519994698,None,,,,,,,,,,,,,,,,,,,,,,,,,,,,,,,,,,,,,,,,,,,,,,,P8384,Bar_MIC,11,1,2026-04-09_15h27.42.794,MIC_task,,2026.1.2,60.0367665301919,2026-04-09 15h27.44.539502 +0200,
MRnGO_prac_stimuli/clover.png,"(0.1, 0.1)",1,0,1,None,,,,,,,,,,,,,,,,,,,,,,,,,0,1,1,1,1,0,1,0,,,,,,,,,,,,,80.02044609992299,,,,,,,,,,,,,,,,,,,,,,,,,,,,,,,,,,,,,,,,,,,,,,,,,,,,,,,,,,,,,,,,,,,,80.00681369996164,80.02044609992299,80.02044609992299,80.02044609992299,80.20438149990514,None,,,,,,,,,,,,,,,,,,,,,,,,,,,,,,,,,,,,,,,,,,,,,,,P8384,Bar_MIC,11,1,2026-04-09_15h27.42.794,MIC_task,,2026.1.2,60.0367665301919,2026-04-09 15h27.44.539502 +0200,
MRnGO_prac_stimuli/clover.png,"(0.1, 0.1)",2,0,2,None,,,,,,,,,,,,,,,,,,,,,,,,,0,1,1,1,2,0,2,0,,,,,,,,,,,,,80.2208078999538,,,,,,,,,,,,,,,,,,,,,,,,,,,,,,,,,,,,,,,,,,,,,,,,,,,,,,,,,,,,,,,,,,,,80.20790229993872,80.2208078999538,80.2208078999538,80.2208078999538,80.40454889996909,None,,,,,,,,,,,,,,,,,,,,,,,,,,,,,,,,,,,,,,,,,,,,,,,P8384,Bar_MIC,11,1,2026-04-09_15h27.42.794,MIC_task,,2026.1.2,60.0367665301919,2026-04-09 15h27.44.539502 +0200,
MRnGO_prac_stimuli/clover.png,"(0.1, 0.1)",3,0,3,None,,,,,,,,,,,,,,,,,,,,,,,,,0,1,1,1,3,0,3,0,,,,,,,,,,,,,80.4210780999856,,,,,,,,,,,,,,,,,,,,,,,,,,,,,,,,,,,,,,,,,,,,,,,,,,,,,,,,,,,,,,,,,,,,80.4077699999325,80.4210780999856,80.4210780999856,80.4210780999856,80.60519949998707,None,,,,,,,,,,,,,,,,,,,,,,,,,,,,,,,,,,,,,,,,,,,,,,,P8384,Bar_MIC,11,1,2026-04-09_15h27.42.794,MIC_task,,2026.1.2,60.0367665301919,2026-04-09 15h27.44.539502 +0200,
MRnGO_prac_stimuli/clover.png,"(0.1, 0.1)",4,0,4,None,,,,,,,,,,,,,,,,,,,,,,,,,0,1,1,1,4,0,4,0,,,,,,,,,,,,,80.6214085998945,,,,,,,,,,,,,,,,,,,,,,,,,,,,,,,,,,,,,,,,,,,,,,,,,,,,,,,,,,,,,,,,,,,,80.60856909991708,80.6214085998945,80.6214085998945,80.6214085998945,80.78873989998829,None,,,,,,,,,,,,,,,,,,,,,,,,,,,,,,,,,,,,,,,,,,,,,,,P8384,Bar_MIC,11,1,2026-04-09_15h27.42.794,MIC_task,,2026.1.2,60.0367665301919,2026-04-09 15h27.44.539502 +0200,
MRnGO_prac_stimuli/clover.png,"(0.1, 0.1)",5,0,5,None,,,,,,,,,,,,,,,,,,,,,,,,,0,1,1,1,5,0,5,0,,,,,,,,,,,,,80.80503569997381,,,,,,,,,,,,,,,,,,,,,,,,,,,,,,,,,,,,,,,,,,,,,,,,,,,,,,,,,,,,,,,,,,,,80.79200229991693,80.80503569997381,80.80503569997381,80.80503569997381,80.98924839997198,None,,,,,,,,,,,,,,,,,,,,,,,,,,,,,,,,,,,,,,,,,,,,,,,P8384,Bar_MIC,11,1,2026-04-09_15h27.42.794,MIC_task,,2026.1.2,60.0367665301919,2026-04-09 15h27.44.539502 +0200,
MRnGO_prac_stimuli/clover.png,"(0.1, 0.1)",6,0,6,None,,,,,,,,,,,,,,,,,,,,,,,,,0,1,1,1,6,0,6,0,,,,,,,,,,,,,81.00535659992602,,,,,,,,,,,,,,,,,,,,,,,,,,,,,,,,,,,,,,,,,,,,,,,,,,,,,,,,,,,,,,,,,,,,80.99293819989543,81.00535659992602,81.00535659992602,81.00535659992602,81.18950310000218,None,,,,,,,,,,,,,,,,,,,,,,,,,,,,,,,,,,,,,,,,,,,,,,,P8384,Bar_MIC,11,1,2026-04-09_15h27.42.794,MIC_task,,2026.1.2,60.0367665301919,2026-04-09 15h27.44.539502 +0200,
MRnGO_prac_stimuli/clover.png,"(0.1, 0.1)",7,0,7,None,,,,,,,,,,,,,,,,,,,,,,,,,0,1,1,1,7,0,7,0,,,,,,,,,,,,,81.20591579994652,,,,,,,,,,,,,,,,,,,,,,,,,,,,,,,,,,,,,,,,,,,,,,,,,,,,,,,,,,,,,,,,,,,,81.1929929999169,81.20591579994652,81.20591579994652,81.20591579994652,81.39003969996702,None,,,,,,,,,,,,,,,,,,,,,,,,,,,,,,,,,,,,,,,,,,,,,,,P8384,Bar_MIC,11,1,2026-04-09_15h27.42.794,MIC_task,,2026.1.2,60.0367665301919,2026-04-09 15h27.44.539502 +0200,
MRnGO_prac_stimuli/clover.png,"(0.1, 0.1)",8,0,8,None,,,,,,,,,,,,,,,,,,,,,,,,,0,1,1,1,8,0,8,0,,,,,,,,,,,,,81.4062240999192,,,,,,,,,,,,,,,,,,,,,,,,,,,,,,,,,,,,,,,,,,,,,,,,,,,,,,,,,,,,,,,,,,,,81.39321919996291,81.4062240999192,81.4062240999192,81.4062240999192,81.59029109997209,None,,,,,,,,,,,,,,,,,,,,,,,,,,,,,,,,,,,,,,,,,,,,,,,P8384,Bar_MIC,11,1,2026-04-09_15h27.42.794,MIC_task,,2026.1.2,60.0367665301919,2026-04-09 15h27.44.539502 +0200,
MRnGO_prac_stimuli/clover.png,"(0.1, 0.1)",9,0,9,None,,,,,,,,,,,,,,,,,,,,,,,,,0,1,1,1,9,0,9,0,,,,,,,,,,,,,81.6059074999066,,,,,,,,,,,,,,,,,,,,,,,,,,,,,,,,,,,,,,,,,,,,,,,,,,,,,,,,,,,,,,,,,,,,81.59360809996724,81.6059074999066,81.6059074999066,81.6059074999066,81.78968089993577,None,,,,,,,,,,,,,,,,,,,,,,,,,,,,,,,,,,,,,,,,,,,,,,,P8384,Bar_MIC,11,1,2026-04-09_15h27.42.794,MIC_task,,2026.1.2,60.0367665301919,2026-04-09 15h27.44.539502 +0200,
MRnGO_prac_stimuli/clover.png,"(0.1, 0.1)",10,0,10,None,,,,,,,,,,,,,,,,,,,,,,,,,0,1,1,1,10,0,10,0,,,,,,,,,,,,,81.80624919990078,,,,,,,,,,,,,,,,,,,,,,,,,,,,,,,,,,,,,,,,,,,,,,,,,,,,,,,,,,,,,,,,,,,,81.79298239992931,81.80624919990078,81.80624919990078,81.80624919990078,81.99111849989276,None,,,,,,,,,,,,,,,,,,,,,,,,,,,,,,,,,,,,,,,,,,,,,,,P8384,Bar_MIC,11,1,2026-04-09_15h27.42.794,MIC_task,,2026.1.2,60.0367665301919,2026-04-09 15h27.44.539502 +0200,
MRnGO_prac_stimuli/clover.png,"(0.1, 0.1)",11,0,11,None,,,,,,,,,,,,,,,,,,,,,,,,,0,1,1,1,11,0,11,0,,,,,,,,,,,,,82.00659219990484,,,,,,,,,,,,,,,,,,,,,,,,,,,,,,,,,,,,,,,,,,,,,,,,,,,,,,,,,,,,,,,,,,,,81.994242799934,82.00659219990484,82.00659219990484,82.00659219990484,82.1904297999572,None,,,,,,,,,,,,,,,,,,,,,,,,,,,,,,,,,,,,,,,,,,,,,,,P8384,Bar_MIC,11,1,2026-04-09_15h27.42.794,MIC_task,,2026.1.2,60.0367665301919,2026-04-09 15h27.44.539502 +0200,
MRnGO_prac_stimuli/clover.png,"(0.1, 0.1)",12,0,12,None,,,,,,,,,,,,,,,,,,,,,,,,,0,1,1,1,12,0,12,0,,,,,,,,,,,,,82.20701729995199,,,,,,,,,,,,,,,,,,,,,,,,,,,,,,,,,,,,,,,,,,,,,,,,,,,,,,,,,,,,,,,,,,,,82.1932920999825,82.20701729995199,82.20701729995199,82.20701729995199,82.39080109994393,None,,,,,,,,,,,,,,,,,,,,,,,,,,,,,,,,,,,,,,,,,,,,,,,P8384,Bar_MIC,11,1,2026-04-09_15h27.42.794,MIC_task,,2026.1.2,60.0367665301919,2026-04-09 15h27.44.539502 +0200,
MRnGO_prac_stimuli/clover.png,"(0.1, 0.1)",13,0,13,None,,,,,,,,,,,,,,,,,,,,,,,,,0,1,1,1,13,0,13,0,,,,,,,,,,,,,82.40735739993397,,,,,,,,,,,,,,,,,,,,,,,,,,,,,,,,,,,,,,,,,,,,,,,,,,,,,,,,,,,,,,,,,,,,82.39379159989767,82.40735739993397,82.40735739993397,82.40735739993397,82.59125949989539,None,,,,,,,,,,,,,,,,,,,,,,,,,,,,,,,,,,,,,,,,,,,,,,,P8384,Bar_MIC,11,1,2026-04-09_15h27.42.794,MIC_task,,2026.1.2,60.0367665301919,2026-04-09 15h27.44.539502 +0200,
MRnGO_prac_stimuli/clover.png,"(0.1, 0.1)",14,0,14,None,,,,,,,,,,,,,,,,,,,,,,,,,0,1,1,1,14,0,14,0,,,,,,,,,,,,,82.60776239994448,,,,,,,,,,,,,,,,,,,,,,,,,,,,,,,,,,,,,,,,,,,,,,,,,,,,,,,,,,,,,,,,,,,,82.59455519996118,82.60776239994448,82.60776239994448,82.60776239994448,82.7916354999179,None,,,,,,,,,,,,,,,,,,,,,,,,,,,,,,,,,,,,,,,,,,,,,,,P8384,Bar_MIC,11,1,2026-04-09_15h27.42.794,MIC_task,,2026.1.2,60.0367665301919,2026-04-09 15h27.44.539502 +0200,
MRnGO_prac_stimuli/clover.png,"(0.1, 0.1)",15,0,15,None,,,,,,,,,,,,,,,,,,,,,,,,,0,1,1,1,15,0,15,0,,,,,,,,,,,,,82.80812149995472,,,,,,,,,,,,,,,,,,,,,,,,,,,,,,,,,,,,,,,,,,,,,,,,,,,,,,,,,,,,,,,,,,,,82.79532359994482,82.80812149995472,82.80812149995472,82.80812149995472,82.9921152999159,None,,,,,,,,,,,,,,,,,,,,,,,,,,,,,,,,,,,,,,,,,,,,,,,P8384,Bar_MIC,11,1,2026-04-09_15h27.42.794,MIC_task,,2026.1.2,60.0367665301919,2026-04-09 15h27.44.539502 +0200,
MRnGO_prac_stimuli/clover.png,"(0.1, 0.1)",16,0,16,None,,,,,,,,,,,,,,,,,,,,,,,,,0,1,1,1,16,0,16,0,,,,,,,,,,,,,83.00840839999728,,,,,,,,,,,,,,,,,,,,,,,,,,,,,,,,,,,,,,,,,,,,,,,,,,,,,,,,,,,,,,,,,,,,82.99549999996088,83.00840839999728,83.00840839999728,83.00840839999728,83.19242469989695,None,,,,,,,,,,,,,,,,,,,,,,,,,,,,,,,,,,,,,,,,,,,,,,,P8384,Bar_MIC,11,1,2026-04-09_15h27.42.794,MIC_task,,2026.1.2,60.0367665301919,2026-04-09 15h27.44.539502 +0200,
MRnGO_prac_stimuli/clover.png,"(0.1, 0.1)",17,0,17,None,,,,,,,,,,,,,,,,,,,,,,,,,0,1,1,1,17,0,17,0,,,,,,,,,,,,,83.20875140000135,,,,,,,,,,,,,,,,,,,,,,,,,,,,,,,,,,,,,,,,,,,,,,,,,,,,,,,,,,,,,,,,,,,,83.1956270999508,83.20875140000135,83.20875140000135,83.20875140000135,83.39279729989357,None,,,,,,,,,,,,,,,,,,,,,,,,,,,,,,,,,,,,,,,,,,,,,,,P8384,Bar_MIC,11,1,2026-04-09_15h27.42.794,MIC_task,,2026.1.2,60.0367665301919,2026-04-09 15h27.44.539502 +0200,
MRnGO_prac_stimuli/clover.png,"(0.1, 0.1)",18,0,18,None,,,,,,,,,,,,,,,,,,,,,,,,,0,1,1,1,18,0,18,0,,,,,,,,,,,,,83.40916569996625,,,,,,,,,,,,,,,,,,,,,,,,,,,,,,,,,,,,,,,,,,,,,,,,,,,,,,,,,,,,,,,,,,,,83.39593009999953,83.40916569996625,83.40916569996625,83.40916569996625,83.59335869993083,None,,,,,,,,,,,,,,,,,,,,,,,,,,,,,,,,,,,,,,,,,,,,,,,P8384,Bar_MIC,11,1,2026-04-09_15h27.42.794,MIC_task,,2026.1.2,60.0367665301919,2026-04-09 15h27.44.539502 +0200,
MRnGO_prac_stimuli/clover.png,"(0.1, 0.1)",19,0,19,None,,,,,,,,,,,,,,,,,,,,,,,,,0,1,1,1,19,0,19,0,,,,,,,,,,,,,83.60957669990603,,,,,,,,,,,,,,,,,,,,,,,,,,,,,,,,,,,,,,,,,,,,,,,,,,,,,,,,,,,,,,,,,,,,83.59689309995156,83.60957669990603,83.60957669990603,83.60957669990603,83.79383019998204,None,,,,,,,,,,,,,,,,,,,,,,,,,,,,,,,,,,,,,,,,,,,,,,,P8384,Bar_MIC,11,1,2026-04-09_15h27.42.794,MIC_task,,2026.1.2,60.0367665301919,2026-04-09 15h27.44.539502 +0200,
MRnGO_prac_stimuli/clover.png,"(0.1, 0.1)",20,0,20,None,,,,,,,,,,,,,,,,,,,,,,,,,0,1,1,1,20,0,20,0,,,,,,,,,,,,,83.80913039995357,,,,,,,,,,,,,,,,,,,,,,,,,,,,,,,,,,,,,,,,,,,,,,,,,,,,,,,,,,,,,,,,,,,,83.79713649989571,83.80913039995357,83.80913039995357,83.80913039995357,83.99406199995428,None,,,,,,,,,,,,,,,,,,,,,,,,,,,,,,,,,,,,,,,,,,,,,,,P8384,Bar_MIC,11,1,2026-04-09_15h27.42.794,MIC_task,,2026.1.2,60.0367665301919,2026-04-09 15h27.44.539502 +0200,
MRnGO_prac_stimuli/clover.png,"(0.1, 0.1)",21,0,21,None,,,,,,,,,,,,,,,,,,,,,,,,,0,1,1,1,21,0,21,0,,,,,,,,,,,,,84.00957150000613,,,,,,,,,,,,,,,,,,,,,,,,,,,,,,,,,,,,,,,,,,,,,,,,,,,,,,,,,,,,,,,,,,,,83.9972566999495,84.00957150000613,84.00957150000613,84.00957150000613,84.19448389997706,None,,,,,,,,,,,,,,,,,,,,,,,,,,,,,,,,,,,,,,,,,,,,,,,P8384,Bar_MIC,11,1,2026-04-09_15h27.42.794,MIC_task,,2026.1.2,60.0367665301919,2026-04-09 15h27.44.539502 +0200,
MRnGO_prac_stimuli/clover.png,"(0.1, 0.1)",22,0,22,None,,,,,,,,,,,,,,,,,,,,,,,,,0,1,1,1,22,0,22,0,,,,,,,,,,,,,84.20990609994624,,,,,,,,,,,,,,,,,,,,,,,,,,,,,,,,,,,,,,,,,,,,,,,,,,,,,,,,,,,,,,,,,,,,84.19765969994478,84.20990609994624,84.20990609994624,84.20990609994624,84.3950116999913,None,,,,,,,,,,,,,,,,,,,,,,,,,,,,,,,,,,,,,,,,,,,,,,,P8384,Bar_MIC,11,1,2026-04-09_15h27.42.794,MIC_task,,2026.1.2,60.0367665301919,2026-04-09 15h27.44.539502 +0200,
MRnGO_prac_stimuli/clover.png,"(0.1, 0.1)",23,0,23,None,,,,,,,,,,,,,,,,,,,,,,,,,0,1,1,1,23,0,23,0,,,,,,,,,,,,,84.41034909989685,,,,,,,,,,,,,,,,,,,,,,,,,,,,,,,,,,,,,,,,,,,,,,,,,,,,,,,,,,,,,,,,,,,,84.3980793999508,84.41034909989685,84.41034909989685,84.41034909989685,84.5942174999509,None,,,,,,,,,,,,,,,,,,,,,,,,,,,,,,,,,,,,,,,,,,,,,,,P8384,Bar_MIC,11,1,2026-04-09_15h27.42.794,MIC_task,,2026.1.2,60.0367665301919,2026-04-09 15h27.44.539502 +0200,
MRnGO_prac_stimuli/clover.png,"(0.1, 0.1)",24,0,24,None,,,,,,,,,,,,,,,,,,,,,,,,,0,1,1,1,24,0,24,0,,,,,,,,,,,,,84.61071859998628,,,,,,,,,,,,,,,,,,,,,,,,,,,,,,,,,,,,,,,,,,,,,,,,,,,,,,,,,,,,,,,,,,,,84.59773709997535,84.61071859998628,84.61071859998628,84.61071859998628,84.79519099998288,None,,,,,,,,,,,,,,,,,,,,,,,,,,,,,,,,,,,,,,,,,,,,,,,P8384,Bar_MIC,11,1,2026-04-09_15h27.42.794,MIC_task,,2026.1.2,60.0367665301919,2026-04-09 15h27.44.539502 +0200,
MRnGO_prac_stimuli/clover.png,"(0.1, 0.1)",25,0,25,None,,,,,,,,,,,,,,,,,,,,,,,,,0,1,1,1,25,0,25,0,,,,,,,,,,,,,84.81112480000593,,,,,,,,,,,,,,,,,,,,,,,,,,,,,,,,,,,,,,,,,,,,,,,,,,,,,,,,,,,,,,,,,,,,84.7982790999813,84.81112480000593,84.81112480000593,84.81112480000593,84.99515499989502,None,,,,,,,,,,,,,,,,,,,,,,,,,,,,,,,,,,,,,,,,,,,,,,,P8384,Bar_MIC,11,1,2026-04-09_15h27.42.794,MIC_task,,2026.1.2,60.0367665301919,2026-04-09 15h27.44.539502 +0200,
MRnGO_prac_stimuli/clover.png,"(0.1, 0.1)",26,0,26,None,,,,,,,,,,,,,,,,,,,,,,,,,0,1,1,1,26,0,26,0,,,,,,,,,,,,,85.01141389994882,,,,,,,,,,,,,,,,,,,,,,,,,,,,,,,,,,,,,,,,,,,,,,,,,,,,,,,,,,,,,,,,,,,,84.9982985999668,85.01141389994882,85.01141389994882,85.01141389994882,85.19535989989527,None,,,,,,,,,,,,,,,,,,,,,,,,,,,,,,,,,,,,,,,,,,,,,,,P8384,Bar_MIC,11,1,2026-04-09_15h27.42.794,MIC_task,,2026.1.2,60.0367665301919,2026-04-09 15h27.44.539502 +0200,
MRnGO_prac_stimuli/clover.png,"(0.1, 0.1)",27,0,27,None,,,,,,,,,,,,,,,,,,,,,,,,,0,1,1,1,27,0,27,0,,,,,,,,,,,,,85.21178179990966,,,,,,,,,,,,,,,,,,,,,,,,,,,,,,,,,,,,,,,,,,,,,,,,,,,,,,,,,,,,,,,,,,,,85.19875629991293,85.21178179990966,85.21178179990966,85.21178179990966,85.3958835999947,None,,,,,,,,,,,,,,,,,,,,,,,,,,,,,,,,,,,,,,,,,,,,,,,P8384,Bar_MIC,11,1,2026-04-09_15h27.42.794,MIC_task,,2026.1.2,60.0367665301919,2026-04-09 15h27.44.539502 +0200,
MRnGO_prac_stimuli/clover.png,"(0.1, 0.1)",28,0,28,None,,,,,,,,,,,,,,,,,,,,,,,,,0,1,1,1,28,0,28,0,,,,,,,,,,,,,85.4121592999436,,,,,,,,,,,,,,,,,,,,,,,,,,,,,,,,,,,,,,,,,,,,,,,,,,,,,,,,,,,,,,,,,,,,85.39909699989948,85.4121592999436,85.4121592999436,85.4121592999436,85.59624369989615,None,,,,,,,,,,,,,,,,,,,,,,,,,,,,,,,,,,,,,,,,,,,,,,,P8384,Bar_MIC,11,1,2026-04-09_15h27.42.794,MIC_task,,2026.1.2,60.0367665301919,2026-04-09 15h27.44.539502 +0200,
MRnGO_prac_stimuli/clover.png,"(0.1, 0.1)",29,0,29,None,,,,,,,,,,,,,,,,,,,,,,,,,0,1,1,1,29,0,29,0,,,,,,,,,,,,,85.61255869991146,,,,,,,,,,,,,,,,,,,,,,,,,,,,,,,,,,,,,,,,,,,,,,,,,,,,,,,,,,,,,,,,,,,,85.59930649993476,85.61255869991146,85.61255869991146,85.61255869991146,85.796643699985,None,,,,,,,,,,,,,,,,,,,,,,,,,,,,,,,,,,,,,,,,,,,,,,,P8384,Bar_MIC,11,1,2026-04-09_15h27.42.794,MIC_task,,2026.1.2,60.0367665301919,2026-04-09 15h27.44.539502 +0200,
MRnGO_prac_stimuli/clover.png,"(0.1, 0.1)",30,0,30,None,,,,,,,,,,,,,,,,,,,,,,,,,0,1,1,1,30,0,30,0,,,,,,,,,,,,,85.8129079999635,,,,,,,,,,,,,,,,,,,,,,,,,,,,,,,,,,,,,,,,,,,,,,,,,,,,,,,,,,,,,,,,,,,,85.79938099998981,85.8129079999635,85.8129079999635,85.8129079999635,85.99696869996842,None,,,,,,,,,,,,,,,,,,,,,,,,,,,,,,,,,,,,,,,,,,,,,,,P8384,Bar_MIC,11,1,2026-04-09_15h27.42.794,MIC_task,,2026.1.2,60.0367665301919,2026-04-09 15h27.44.539502 +0200,
MRnGO_prac_stimuli/clover.png,"(0.1, 0.1)",31,0,31,None,,,,,,,,,,,,,,,,,,,,,,,,,0,1,1,1,31,0,31,0,,,,,,,,,,,,,86.01249659992754,,,,,,,,,,,,,,,,,,,,,,,,,,,,,,,,,,,,,,,,,,,,,,,,,,,,,,,,,,,,,,,,,,,,86.00040699995589,86.01249659992754,86.01249659992754,86.01249659992754,86.19744739995804,None,,,,,,,,,,,,,,,,,,,,,,,,,,,,,,,,,,,,,,,,,,,,,,,P8384,Bar_MIC,11,1,2026-04-09_15h27.42.794,MIC_task,,2026.1.2,60.0367665301919,2026-04-09 15h27.44.539502 +0200,
MRnGO_prac_stimuli/clover.png,"(0.1, 0.1)",32,0,32,None,,,,,,,,,,,,,,,,,,,,,,,,,0,1,1,1,32,0,32,0,,,,,,,,,,,,,86.21291899995413,,,,,,,,,,,,,,,,,,,,,,,,,,,,,,,,,,,,,,,,,,,,,,,,,,,,,,,,,,,,,,,,,,,,86.20046349999029,86.21291899995413,86.21291899995413,86.21291899995413,86.39782059995923,None,,,,,,,,,,,,,,,,,,,,,,,,,,,,,,,,,,,,,,,,,,,,,,,P8384,Bar_MIC,11,1,2026-04-09_15h27.42.794,MIC_task,,2026.1.2,60.0367665301919,2026-04-09 15h27.44.539502 +0200,
MRnGO_prac_stimuli/clover.png,"(0.1, 0.1)",33,0,33,None,,,,,,,,,,,,,,,,,,,,,,,,,0,1,1,1,33,0,33,0,,,,,,,,,,,,,86.4133325999137,,,,,,,,,,,,,,,,,,,,,,,,,,,,,,,,,,,,,,,,,,,,,,,,,,,,,,,,,,,,,,,,,,,,86.4010288999416,86.4133325999137,86.4133325999137,86.4133325999137,86.59704859997146,None,,,,,,,,,,,,,,,,,,,,,,,,,,,,,,,,,,,,,,,,,,,,,,,P8384,Bar_MIC,11,1,2026-04-09_15h27.42.794,MIC_task,,2026.1.2,60.0367665301919,2026-04-09 15h27.44.539502 +0200,
MRnGO_prac_stimuli/clover.png,"(0.1, 0.1)",34,0,34,None,,,,,,,,,,,,,,,,,,,,,,,,,0,1,1,1,34,0,34,0,,,,,,,,,,,,,86.6138128999155,,,,,,,,,,,,,,,,,,,,,,,,,,,,,,,,,,,,,,,,,,,,,,,,,,,,,,,,,,,,,,,,,,,,86.60027119994629,86.6138128999155,86.6138128999155,86.6138128999155,86.79742929991335,None,,,,,,,,,,,,,,,,,,,,,,,,,,,,,,,,,,,,,,,,,,,,,,,P8384,Bar_MIC,11,1,2026-04-09_15h27.42.794,MIC_task,,2026.1.2,60.0367665301919,2026-04-09 15h27.44.539502 +0200,
MRnGO_prac_stimuli/clover.png,"(0.1, 0.1)",35,0,35,None,,,,,,,,,,,,,,,,,,,,,,,,,0,1,1,1,35,0,35,0,,,,,,,,,,,,,86.81405619997531,,,,,,,,,,,,,,,,,,,,,,,,,,,,,,,,,,,,,,,,,,,,,,,,,,,,,,,,,,,,,,,,,,,,86.80048529990017,86.81405619997531,86.81405619997531,86.81405619997531,86.9983986999141,None,,,,,,,,,,,,,,,,,,,,,,,,,,,,,,,,,,,,,,,,,,,,,,,P8384,Bar_MIC,11,1,2026-04-09_15h27.42.794,MIC_task,,2026.1.2,60.0367665301919,2026-04-09 15h27.44.539502 +0200,
MRnGO_prac_stimuli/clover.png,"(0.1, 0.1)",36,0,36,None,,,,,,,,,,,,,,,,,,,,,,,,,0,1,1,1,36,0,36,0,,,,,,,,,,,,,87.01447499997448,,,,,,,,,,,,,,,,,,,,,,,,,,,,,,,,,,,,,,,,,,,,,,,,,,,,,,,,,,,,,,,,,,,,87.0017706999788,87.01447499997448,87.01447499997448,87.01447499997448,87.19834849995095,None,,,,,,,,,,,,,,,,,,,,,,,,,,,,,,,,,,,,,,,,,,,,,,,P8384,Bar_MIC,11,1,2026-04-09_15h27.42.794,MIC_task,,2026.1.2,60.0367665301919,2026-04-09 15h27.44.539502 +0200,
MRnGO_prac_stimuli/clover.png,"(0.1, 0.1)",37,0,37,None,,,,,,,,,,,,,,,,,,,,,,,,,0,1,1,1,37,0,37,0,,,,,,,,,,,,,87.21492659999058,,,,,,,,,,,,,,,,,,,,,,,,,,,,,,,,,,,,,,,,,,,,,,,,,,,,,,,,,,,,,,,,,,,,87.2013327999739,87.21492659999058,87.21492659999058,87.21492659999058,87.39879049989395,None,,,,,,,,,,,,,,,,,,,,,,,,,,,,,,,,,,,,,,,,,,,,,,,P8384,Bar_MIC,11,1,2026-04-09_15h27.42.794,MIC_task,,2026.1.2,60.0367665301919,2026-04-09 15h27.44.539502 +0200,
MRnGO_prac_stimuli/clover.png,"(0.1, 0.1)",38,0,38,space,0.12752099998760968,None,,,,,,,,,,,,,,,,,,,,,,,0,1,1,1,38,0,38,0,,,,,,,,,,,,,87.41529129992705,,,,,,,,,,,,,,,,,,,,,,,,,,,,,,,,,,,,,,,,,,,,,,,,,,,,,,,,,,,,,,,,,,,,87.40208899998106,87.41529129992705,87.41529129992705,87.41529129992705,87.54955909994897,space,0.12752099998760968,None,,,,,,,,,,,,,,,,,,,,,,,,,,,,,,,,,,,,,,,,,,,,,P8384,Bar_MIC,11,1,2026-04-09_15h27.42.794,MIC_task,,2026.1.2,60.0367665301919,2026-04-09 15h27.44.539502 +0200,
MRnGO_prac_stimuli/clover.png,"(0.1, 0.1)",1,1,0,,,,space,0.7701278000604361,None,,,,,,,,,,,,,,,,,,,,0,1,1,1,,,,,,,,,,,,,,,,,,,,,,,,,,,,,,,,,,,,,,,,,,,,,,,,,,,,,,,,,,,,,,,,,,,,,,,,,,,,,,,,,,,,,,,,,,,,,87.60702529991977,87.61245839996263,87.61532516662652,89.55206699995324,89.57636199996341,89.58179490000475,89.58527313324933,91.47143329994287,91.55584679997992,91.55588129989337,91.57249129994307,91.57249129994307,92.3571770999115,space,0.7701278000604361,None,,,,,,,,,,,,,,,,,,,,,,,,,,,,,P8384,Bar_MIC,11,1,2026-04-09_15h27.42.794,MIC_task,,2026.1.2,60.0367665301919,2026-04-09 15h27.44.539502 +0200,
MRnGO_prac_stimuli/king.png,"(0, 0)",0,0,0,None,,,,,,,,,,,,,,,,,,,,,,,,,0,2,2,2,0,0,0,0,,,,,,,,,,,,,92.3827335999813,,,,,,,,,,,,,,,,,,,,,,,,,,,,,,,,,,,,,,,,,,,,,,,,,,,,,,,,,,,,,,,,,,,,92.37757309991866,92.3827335999813,92.3827335999813,92.3827335999813,92.57339809997939,None,,,,,,,,,,,,,,,,,,,,,,,,,,,,,,,,,,,,,,,,,,,,,,,P8384,Bar_MIC,11,1,2026-04-09_15h27.42.794,MIC_task,,2026.1.2,60.0367665301919,2026-04-09 15h27.44.539502 +0200,
MRnGO_prac_stimuli/king.png,"(0, 0)",0,0,0,None,,,,,,,,,,,,,,,,,,,,,,,,,0,2,2,2,0,0,0,0,,,,,,,,,,,,,92.58991819992661,,,,,,,,,,,,,,,,,,,,,,,,,,,,,,,,,,,,,,,,,,,,,,,,,,,,,,,,,,,,,,,,,,,,92.57666529994458,92.58991819992661,92.58991819992661,92.58991819992661,92.76058579992969,None,,,,,,,,,,,,,,,,,,,,,,,,,,,,,,,,,,,,,,,,,,,,,,,P8384,Bar_MIC,11,1,2026-04-09_15h27.42.794,MIC_task,,2026.1.2,60.0367665301919,2026-04-09 15h27.44.539502 +0200,
MRnGO_prac_stimuli/king.png,"(0, 0)",1,0,1,None,,,,,,,,,,,,,,,,,,,,,,,,,0,2,2,2,1,0,1,0,,,,,,,,,,,,,92.77781129989307,,,,,,,,,,,,,,,,,,,,,,,,,,,,,,,,,,,,,,,,,,,,,,,,,,,,,,,,,,,,,,,,,,,,92.76553739991505,92.77781129989307,92.77781129989307,92.77781129989307,92.95742659992538,None,,,,,,,,,,,,,,,,,,,,,,,,,,,,,,,,,,,,,,,,,,,,,,,P8384,Bar_MIC,11,1,2026-04-09_15h27.42.794,MIC_task,,2026.1.2,60.0367665301919,2026-04-09 15h27.44.539502 +0200,
MRnGO_prac_stimuli/king.png,"(0, 0)",2,0,2,None,,,,,,,,,,,,,,,,,,,,,,,,,0,2,2,2,2,0,2,0,,,,,,,,,,,,,92.97380149993114,,,,,,,,,,,,,,,,,,,,,,,,,,,,,,,,,,,,,,,,,,,,,,,,,,,,,,,,,,,,,,,,,,,,92.96124479989521,92.97380149993114,92.97380149993114,92.97380149993114,93.15785309998319,None,,,,,,,,,,,,,,,,,,,,,,,,,,,,,,,,,,,,,,,,,,,,,,,P8384,Bar_MIC,11,1,2026-04-09_15h27.42.794,MIC_task,,2026.1.2,60.0367665301919,2026-04-09 15h27.44.539502 +0200,
MRnGO_prac_stimuli/king.png,"(0, 0)",3,0,3,None,,,,,,,,,,,,,,,,,,,,,,,,,0,2,2,2,3,0,3,0,,,,,,,,,,,,,93.17419259995222,,,,,,,,,,,,,,,,,,,,,,,,,,,,,,,,,,,,,,,,,,,,,,,,,,,,,,,,,,,,,,,,,,,,93.16152209998108,93.17419259995222,93.17419259995222,93.17419259995222,93.35832859994844,None,,,,,,,,,,,,,,,,,,,,,,,,,,,,,,,,,,,,,,,,,,,,,,,P8384,Bar_MIC,11,1,2026-04-09_15h27.42.794,MIC_task,,2026.1.2,60.0367665301919,2026-04-09 15h27.44.539502 +0200,
MRnGO_prac_stimuli/king.png,"(0, 0)",4,0,4,None,,,,,,,,,,,,,,,,,,,,,,,,,0,2,2,2,4,0,4,0,,,,,,,,,,,,,93.3737981999293,,,,,,,,,,,,,,,,,,,,,,,,,,,,,,,,,,,,,,,,,,,,,,,,,,,,,,,,,,,,,,,,,,,,93.36236599995755,93.3737981999293,93.3737981999293,93.3737981999293,93.55872169998474,None,,,,,,,,,,,,,,,,,,,,,,,,,,,,,,,,,,,,,,,,,,,,,,,P8384,Bar_MIC,11,1,2026-04-09_15h27.42.794,MIC_task,,2026.1.2,60.0367665301919,2026-04-09 15h27.44.539502 +0200,
MRnGO_prac_stimuli/king.png,"(0, 0)",5,0,5,None,,,,,,,,,,,,,,,,,,,,,,,,,0,2,2,2,5,0,5,0,,,,,,,,,,,,,93.574223899981,,,,,,,,,,,,,,,,,,,,,,,,,,,,,,,,,,,,,,,,,,,,,,,,,,,,,,,,,,,,,,,,,,,,93.56201629992574,93.574223899981,93.574223899981,93.574223899981,93.75792849995196,None,,,,,,,,,,,,,,,,,,,,,,,,,,,,,,,,,,,,,,,,,,,,,,,P8384,Bar_MIC,11,1,2026-04-09_15h27.42.794,MIC_task,,2026.1.2,60.0367665301919,2026-04-09 15h27.44.539502 +0200,
MRnGO_prac_stimuli/king.png,"(0, 0)",6,0,6,None,,,,,,,,,,,,,,,,,,,,,,,,,0,2,2,2,6,0,6,0,,,,,,,,,,,,,93.77461389999371,,,,,,,,,,,,,,,,,,,,,,,,,,,,,,,,,,,,,,,,,,,,,,,,,,,,,,,,,,,,,,,,,,,,93.76161249994766,93.77461389999371,93.77461389999371,93.77461389999371,93.95834119990468,None,,,,,,,,,,,,,,,,,,,,,,,,,,,,,,,,,,,,,,,,,,,,,,,P8384,Bar_MIC,11,1,2026-04-09_15h27.42.794,MIC_task,,2026.1.2,60.0367665301919,2026-04-09 15h27.44.539502 +0200,
MRnGO_prac_stimuli/king.png,"(0, 0)",7,0,7,None,,,,,,,,,,,,,,,,,,,,,,,,,0,2,2,2,7,0,7,0,,,,,,,,,,,,,93.97495329997037,,,,,,,,,,,,,,,,,,,,,,,,,,,,,,,,,,,,,,,,,,,,,,,,,,,,,,,,,,,,,,,,,,,,93.96172769996338,93.97495329997037,93.97495329997037,93.97495329997037,94.15992869995534,None,,,,,,,,,,,,,,,,,,,,,,,,,,,,,,,,,,,,,,,,,,,,,,,P8384,Bar_MIC,11,1,2026-04-09_15h27.42.794,MIC_task,,2026.1.2,60.0367665301919,2026-04-09 15h27.44.539502 +0200,
MRnGO_prac_stimuli/king.png,"(0, 0)",8,0,8,None,,,,,,,,,,,,,,,,,,,,,,,,,0,2,2,2,8,0,8,0,,,,,,,,,,,,,94.17531349998899,,,,,,,,,,,,,,,,,,,,,,,,,,,,,,,,,,,,,,,,,,,,,,,,,,,,,,,,,,,,,,,,,,,,94.16337179997936,94.17531349998899,94.17531349998899,94.17531349998899,94.35917169996537,None,,,,,,,,,,,,,,,,,,,,,,,,,,,,,,,,,,,,,,,,,,,,,,,P8384,Bar_MIC,11,1,2026-04-09_15h27.42.794,MIC_task,,2026.1.2,60.0367665301919,2026-04-09 15h27.44.539502 +0200,
MRnGO_prac_stimuli/king.png,"(0, 0)",9,0,9,None,,,,,,,,,,,,,,,,,,,,,,,,,0,2,2,2,9,0,9,0,,,,,,,,,,,,,94.37576679990161,,,,,,,,,,,,,,,,,,,,,,,,,,,,,,,,,,,,,,,,,,,,,,,,,,,,,,,,,,,,,,,,,,,,94.36231389991008,94.37576679990161,94.37576679990161,94.37576679990161,94.55955449992325,None,,,,,,,,,,,,,,,,,,,,,,,,,,,,,,,,,,,,,,,,,,,,,,,P8384,Bar_MIC,11,1,2026-04-09_15h27.42.794,MIC_task,,2026.1.2,60.0367665301919,2026-04-09 15h27.44.539502 +0200,
MRnGO_prac_stimuli/king.png,"(0, 0)",10,0,10,None,,,,,,,,,,,,,,,,,,,,,,,,,0,2,2,2,10,0,10,0,,,,,,,,,,,,,94.5760843999451,,,,,,,,,,,,,,,,,,,,,,,,,,,,,,,,,,,,,,,,,,,,,,,,,,,,,,,,,,,,,,,,,,,,94.56311639992055,94.5760843999451,94.5760843999451,94.5760843999451,94.7599650999764,None,,,,,,,,,,,,,,,,,,,,,,,,,,,,,,,,,,,,,,,,,,,,,,,P8384,Bar_MIC,11,1,2026-04-09_15h27.42.794,MIC_task,,2026.1.2,60.0367665301919,2026-04-09 15h27.44.539502 +0200,
MRnGO_prac_stimuli/king.png,"(0, 0)",11,0,11,None,,,,,,,,,,,,,,,,,,,,,,,,,0,2,2,2,11,0,11,0,,,,,,,,,,,,,94.77638389996719,,,,,,,,,,,,,,,,,,,,,,,,,,,,,,,,,,,,,,,,,,,,,,,,,,,,,,,,,,,,,,,,,,,,94.76358079991769,94.77638389996719,94.77638389996719,94.77638389996719,94.96044579998124,None,,,,,,,,,,,,,,,,,,,,,,,,,,,,,,,,,,,,,,,,,,,,,,,P8384,Bar_MIC,11,1,2026-04-09_15h27.42.794,MIC_task,,2026.1.2,60.0367665301919,2026-04-09 15h27.44.539502 +0200,
MRnGO_prac_stimuli/king.png,"(0, 0)",12,0,12,None,,,,,,,,,,,,,,,,,,,,,,,,,0,2,2,2,12,0,12,0,,,,,,,,,,,,,94.9767462000018,,,,,,,,,,,,,,,,,,,,,,,,,,,,,,,,,,,,,,,,,,,,,,,,,,,,,,,,,,,,,,,,,,,,94.9638633999275,94.9767462000018,94.9767462000018,94.9767462000018,95.16083269997034,None,,,,,,,,,,,,,,,,,,,,,,,,,,,,,,,,,,,,,,,,,,,,,,,P8384,Bar_MIC,11,1,2026-04-09_15h27.42.794,MIC_task,,2026.1.2,60.0367665301919,2026-04-09 15h27.44.539502 +0200,
MRnGO_prac_stimuli/king.png,"(0, 0)",13,0,13,None,,,,,,,,,,,,,,,,,,,,,,,,,0,2,2,2,13,0,13,0,,,,,,,,,,,,,95.17710480000824,,,,,,,,,,,,,,,,,,,,,,,,,,,,,,,,,,,,,,,,,,,,,,,,,,,,,,,,,,,,,,,,,,,,95.16405399993528,95.17710480000824,95.17710480000824,95.17710480000824,95.36110350000672,None,,,,,,,,,,,,,,,,,,,,,,,,,,,,,,,,,,,,,,,,,,,,,,,P8384,Bar_MIC,11,1,2026-04-09_15h27.42.794,MIC_task,,2026.1.2,60.0367665301919,2026-04-09 15h27.44.539502 +0200,
MRnGO_prac_stimuli/king.png,"(0, 0)",14,0,14,None,,,,,,,,,,,,,,,,,,,,,,,,,0,2,2,2,14,0,14,0,,,,,,,,,,,,,95.37674219999462,,,,,,,,,,,,,,,,,,,,,,,,,,,,,,,,,,,,,,,,,,,,,,,,,,,,,,,,,,,,,,,,,,,,95.36451659991872,95.37674219999462,95.37674219999462,95.37674219999462,95.56162639998365,None,,,,,,,,,,,,,,,,,,,,,,,,,,,,,,,,,,,,,,,,,,,,,,,P8384,Bar_MIC,11,1,2026-04-09_15h27.42.794,MIC_task,,2026.1.2,60.0367665301919,2026-04-09 15h27.44.539502 +0200,
MRnGO_prac_stimuli/king.png,"(0, 0)",15,0,15,None,,,,,,,,,,,,,,,,,,,,,,,,,0,2,2,2,15,0,15,0,,,,,,,,,,,,,95.57712079992052,,,,,,,,,,,,,,,,,,,,,,,,,,,,,,,,,,,,,,,,,,,,,,,,,,,,,,,,,,,,,,,,,,,,95.56512539996766,95.57712079992052,95.57712079992052,95.57712079992052,95.76210209995043,None,,,,,,,,,,,,,,,,,,,,,,,,,,,,,,,,,,,,,,,,,,,,,,,P8384,Bar_MIC,11,1,2026-04-09_15h27.42.794,MIC_task,,2026.1.2,60.0367665301919,2026-04-09 15h27.44.539502 +0200,
MRnGO_prac_stimuli/king.png,"(0, 0)",16,0,16,None,,,,,,,,,,,,,,,,,,,,,,,,,0,2,2,2,16,0,16,0,,,,,,,,,,,,,95.77754719997756,,,,,,,,,,,,,,,,,,,,,,,,,,,,,,,,,,,,,,,,,,,,,,,,,,,,,,,,,,,,,,,,,,,,95.76567209989298,95.77754719997756,95.77754719997756,95.77754719997756,95.96255289996043,None,,,,,,,,,,,,,,,,,,,,,,,,,,,,,,,,,,,,,,,,,,,,,,,P8384,Bar_MIC,11,1,2026-04-09_15h27.42.794,MIC_task,,2026.1.2,60.0367665301919,2026-04-09 15h27.44.539502 +0200,
MRnGO_prac_stimuli/king.png,"(0, 0)",17,0,17,None,,,,,,,,,,,,,,,,,,,,,,,,,0,2,2,2,17,0,17,0,,,,,,,,,,,,,95.97790359996725,,,,,,,,,,,,,,,,,,,,,,,,,,,,,,,,,,,,,,,,,,,,,,,,,,,,,,,,,,,,,,,,,,,,95.96603759995196,95.97790359996725,95.97790359996725,95.97790359996725,96.16175019997172,None,,,,,,,,,,,,,,,,,,,,,,,,,,,,,,,,,,,,,,,,,,,,,,,P8384,Bar_MIC,11,1,2026-04-09_15h27.42.794,MIC_task,,2026.1.2,60.0367665301919,2026-04-09 15h27.44.539502 +0200,
MRnGO_prac_stimuli/king.png,"(0, 0)",18,0,18,None,,,,,,,,,,,,,,,,,,,,,,,,,0,2,2,2,18,0,18,0,,,,,,,,,,,,,96.17836579994764,,,,,,,,,,,,,,,,,,,,,,,,,,,,,,,,,,,,,,,,,,,,,,,,,,,,,,,,,,,,,,,,,,,,96.16503289993852,96.17836579994764,96.17836579994764,96.17836579994764,96.36326149990782,None,,,,,,,,,,,,,,,,,,,,,,,,,,,,,,,,,,,,,,,,,,,,,,,P8384,Bar_MIC,11,1,2026-04-09_15h27.42.794,MIC_task,,2026.1.2,60.0367665301919,2026-04-09 15h27.44.539502 +0200,
MRnGO_prac_stimuli/king.png,"(0, 0)",19,0,19,None,,,,,,,,,,,,,,,,,,,,,,,,,0,2,2,2,19,0,19,0,,,,,,,,,,,,,96.37867819995154,,,,,,,,,,,,,,,,,,,,,,,,,,,,,,,,,,,,,,,,,,,,,,,,,,,,,,,,,,,,,,,,,,,,96.36679849994835,96.37867819995154,96.37867819995154,96.37867819995154,96.56258049991447,None,,,,,,,,,,,,,,,,,,,,,,,,,,,,,,,,,,,,,,,,,,,,,,,P8384,Bar_MIC,11,1,2026-04-09_15h27.42.794,MIC_task,,2026.1.2,60.0367665301919,2026-04-09 15h27.44.539502 +0200,
MRnGO_prac_stimuli/king.png,"(0, 0)",20,0,20,space,0.004045099951326847,None,,,,,,,,,,,,,,,,,,,,,,,0,2,2,2,20,0,20,0,,,,,,,,,,,,,96.57907300000079,,,,,,,,,,,,,,,,,,,,,,,,,,,,,,,,,,,,,,,,,,,,,,,,,,,,,,,,,,,,,,,,,,,,96.56596319994424,96.57907300000079,96.57907300000079,96.57907300000079,96.59731079998892,space,0.004045099951326847,None,,,,,,,,,,,,,,,,,,,,,,,,,,,,,,,,,,,,,,,,,,,,,P8384,Bar_MIC,11,1,2026-04-09_15h27.42.794,MIC_task,,2026.1.2,60.0367665301919,2026-04-09 15h27.44.539502 +0200,
MRnGO_prac_stimuli/king.png,"(0, 0)",2,2,0,,,,space,0.24495780002325773,None,,,,,,,,,,,,,,,,,,,,0,2,2,2,,,,,,,,,,,,,,,,,,,,,,,,,,,,,,,,,,,,,,,,,,,,,,,,,,,,,,,,,,,,,,,,,,,,,,,,,,,,,,,,,,,,,,,,,,,,,96.65889089996926,96.66443469992373,96.663077066668,98.59935759997461,98.63039489998482,98.6362692998955,98.63256273326309,100.53568899992388,100.60311109991744,100.60315499990247,100.61854759999551,100.61854759999551,100.87087159999646,space,0.24495780002325773,None,,,,,,,,,,,,,,,,,,,,,,,,,,,,,P8384,Bar_MIC,11,1,2026-04-09_15h27.42.794,MIC_task,,2026.1.2,60.0367665301919,2026-04-09 15h27.44.539502 +0200,
,,,,,,,,,,,,,,,,,,,,,,,,,,,,,,,,,,,,,,,,,,,,,,,,,,,,,,,,,,,,,,,,,,,,,,,,,,,,,,,,,,,,,,,,,,,,,,,,,,,,,,,,,,,,,,100.93896399997175,100.9463773999596,100.9463773999596,100.95330473322731,103.79128049989231,space,2.836275399895385,None,,,,,,,,,,,,,,,,,,,,,,,,,,,,,,,,,,,,,,,,,,,,,,,,,,,,,P8384,Bar_MIC,11,1,2026-04-09_15h27.42.794,MIC_task,,2026.1.2,60.0367665301919,2026-04-09 15h27.44.539502 +0200,
,,0,0,0,,,,,,,11,b01,orr,nose,2,bodypart,face,7,73,19,35,None,"(-0.1, 0.1)",None,,,,,,,,,,,,,,0,0,0,0,0,0,0,0,0,0,0,0,103.84250489994884,,,,,,,,,,,,,,,,,,,,,,,,,,,,,,,,,,,,,,,,,,,,,,,,,,,,,,,,,,,,,,,,,,,,,,,,,,,,,,,,,,,,,,,,,,,,103.83728199999314,103.84250489994884,103.84250489994884,103.84250489994884,104.00774179992732,None,,,,,,,,,,,,,,,,,,,,,,,P8384,Bar_MIC,11,1,2026-04-09_15h27.42.794,MIC_task,,2026.1.2,60.0367665301919,2026-04-09 15h27.44.539502 +0200,
,,0,0,0,,,,,,,11,b01,orr,nose,2,bodypart,face,7,73,19,35,None,"(-0.1, 0.1)",None,,,,,,,,,,,,,,0,0,0,0,0,0,0,0,0,0,0,0,104.02329689997714,,,,,,,,,,,,,,,,,,,,,,,,,,,,,,,,,,,,,,,,,,,,,,,,,,,,,,,,,,,,,,,,,,,,,,,,,,,,,,,,,,,,,,,,,,,,104.01133199990727,104.02329689997714,104.02329689997714,104.02329689997714,104.2082883999683,None,,,,,,,,,,,,,,,,,,,,,,,P8384,Bar_MIC,11,1,2026-04-09_15h27.42.794,MIC_task,,2026.1.2,60.0367665301919,2026-04-09 15h27.44.539502 +0200,
,,1,0,1,,,,,,,11,b01,orr,nose,2,bodypart,face,7,73,19,35,None,"(-0.1, 0.1)",None,,,,,,,,,,,,,,0,0,0,0,0,0,0,0,1,0,1,0,104.22373669990338,,,,,,,,,,,,,,,,,,,,,,,,,,,,,,,,,,,,,,,,,,,,,,,,,,,,,,,,,,,,,,,,,,,,,,,,,,,,,,,,,,,,,,,,,,,,104.21149299992248,104.22373669990338,104.22373669990338,104.22373669990338,104.40860629989766,None,,,,,,,,,,,,,,,,,,,,,,,P8384,Bar_MIC,11,1,2026-04-09_15h27.42.794,MIC_task,,2026.1.2,60.0367665301919,2026-04-09 15h27.44.539502 +0200,
,,2,0,2,,,,,,,11,b01,orr,nose,2,bodypart,face,7,73,19,35,None,"(-0.1, 0.1)",None,,,,,,,,,,,,,,0,0,0,0,0,0,0,0,2,0,2,0,104.4241082998924,,,,,,,,,,,,,,,,,,,,,,,,,,,,,,,,,,,,,,,,,,,,,,,,,,,,,,,,,,,,,,,,,,,,,,,,,,,,,,,,,,,,,,,,,,,,104.4116614999948,104.4241082998924,104.4241082998924,104.4241082998924,104.60898389993235,None,,,,,,,,,,,,,,,,,,,,,,,P8384,Bar_MIC,11,1,2026-04-09_15h27.42.794,MIC_task,,2026.1.2,60.0367665301919,2026-04-09 15h27.44.539502 +0200,
,,3,0,3,,,,,,,11,b01,orr,nose,2,bodypart,face,7,73,19,35,None,"(-0.1, 0.1)",None,,,,,,,,,,,,,,0,0,0,0,0,0,0,0,3,0,3,0,104.62451140000485,,,,,,,,,,,,,,,,,,,,,,,,,,,,,,,,,,,,,,,,,,,,,,,,,,,,,,,,,,,,,,,,,,,,,,,,,,,,,,,,,,,,,,,,,,,,104.61227929999586,104.62451140000485,104.62451140000485,104.62451140000485,104.80822519992944,None,,,,,,,,,,,,,,,,,,,,,,,P8384,Bar_MIC,11,1,2026-04-09_15h27.42.794,MIC_task,,2026.1.2,60.0367665301919,2026-04-09 15h27.44.539502 +0200,
,,4,0,4,,,,,,,11,b01,orr,nose,2,bodypart,face,7,73,19,35,None,"(-0.1, 0.1)",None,,,,,,,,,,,,,,0,0,0,0,0,0,0,0,4,0,4,0,104.82490419992246,,,,,,,,,,,,,,,,,,,,,,,,,,,,,,,,,,,,,,,,,,,,,,,,,,,,,,,,,,,,,,,,,,,,,,,,,,,,,,,,,,,,,,,,,,,,104.81147999991663,104.82490419992246,104.82490419992246,104.82490419992246,105.00859659991693,None,,,,,,,,,,,,,,,,,,,,,,,P8384,Bar_MIC,11,1,2026-04-09_15h27.42.794,MIC_task,,2026.1.2,60.0367665301919,2026-04-09 15h27.44.539502 +0200,
,,5,0,5,,,,,,,11,b01,orr,nose,2,bodypart,face,7,73,19,35,None,"(-0.1, 0.1)",None,,,,,,,,,,,,,,0,0,0,0,0,0,0,0,5,0,5,0,105.02528679999523,,,,,,,,,,,,,,,,,,,,,,,,,,,,,,,,,,,,,,,,,,,,,,,,,,,,,,,,,,,,,,,,,,,,,,,,,,,,,,,,,,,,,,,,,,,,105.01197489991318,105.02528679999523,105.02528679999523,105.02528679999523,105.20901769993361,None,,,,,,,,,,,,,,,,,,,,,,,P8384,Bar_MIC,11,1,2026-04-09_15h27.42.794,MIC_task,,2026.1.2,60.0367665301919,2026-04-09 15h27.44.539502 +0200,
,,6,0,6,,,,,,,11,b01,orr,nose,2,bodypart,face,7,73,19,35,None,"(-0.1, 0.1)",None,,,,,,,,,,,,,,0,0,0,0,0,0,0,0,6,0,6,0,105.22572119999677,,,,,,,,,,,,,,,,,,,,,,,,,,,,,,,,,,,,,,,,,,,,,,,,,,,,,,,,,,,,,,,,,,,,,,,,,,,,,,,,,,,,,,,,,,,,105.21242169989273,105.22572119999677,105.22572119999677,105.22572119999677,105.40944279998075,None,,,,,,,,,,,,,,,,,,,,,,,P8384,Bar_MIC,11,1,2026-04-09_15h27.42.794,MIC_task,,2026.1.2,60.0367665301919,2026-04-09 15h27.44.539502 +0200,
,,7,0,7,,,,,,,11,b01,orr,nose,2,bodypart,face,7,73,19,35,None,"(-0.1, 0.1)",None,,,,,,,,,,,,,,0,0,0,0,0,0,0,0,7,0,7,0,105.42601299996022,,,,,,,,,,,,,,,,,,,,,,,,,,,,,,,,,,,,,,,,,,,,,,,,,,,,,,,,,,,,,,,,,,,,,,,,,,,,,,,,,,,,,,,,,,,,105.41269779996946,105.42601299996022,105.42601299996022,105.42601299996022,105.60979429993313,None,,,,,,,,,,,,,,,,,,,,,,,P8384,Bar_MIC,11,1,2026-04-09_15h27.42.794,MIC_task,,2026.1.2,60.0367665301919,2026-04-09 15h27.44.539502 +0200,
,,8,0,8,,,,,,,11,b01,orr,nose,2,bodypart,face,7,73,19,35,None,"(-0.1, 0.1)",None,,,,,,,,,,,,,,0,0,0,0,0,0,0,0,8,0,8,0,105.62639849993866,,,,,,,,,,,,,,,,,,,,,,,,,,,,,,,,,,,,,,,,,,,,,,,,,,,,,,,,,,,,,,,,,,,,,,,,,,,,,,,,,,,,,,,,,,,,105.61302439996507,105.62639849993866,105.62639849993866,105.62639849993866,105.81037229998037,None,,,,,,,,,,,,,,,,,,,,,,,P8384,Bar_MIC,11,1,2026-04-09_15h27.42.794,MIC_task,,2026.1.2,60.0367665301919,2026-04-09 15h27.44.539502 +0200,
,,9,0,9,,,,,,,11,b01,orr,nose,2,bodypart,face,7,73,19,35,None,"(-0.1, 0.1)",None,,,,,,,,,,,,,,0,0,0,0,0,0,0,0,9,0,9,0,105.82661409990396,,,,,,,,,,,,,,,,,,,,,,,,,,,,,,,,,,,,,,,,,,,,,,,,,,,,,,,,,,,,,,,,,,,,,,,,,,,,,,,,,,,,,,,,,,,,105.81358610000461,105.82661409990396,105.82661409990396,105.82661409990396,106.01092549995519,None,,,,,,,,,,,,,,,,,,,,,,,P8384,Bar_MIC,11,1,2026-04-09_15h27.42.794,MIC_task,,2026.1.2,60.0367665301919,2026-04-09 15h27.44.539502 +0200,
,,10,0,10,,,,,,,11,b01,orr,nose,2,bodypart,face,7,73,19,35,None,"(-0.1, 0.1)",None,,,,,,,,,,,,,,0,0,0,0,0,0,0,0,10,0,10,0,106.02712809992954,,,,,,,,,,,,,,,,,,,,,,,,,,,,,,,,,,,,,,,,,,,,,,,,,,,,,,,,,,,,,,,,,,,,,,,,,,,,,,,,,,,,,,,,,,,,106.0139328999212,106.02712809992954,106.02712809992954,106.02712809992954,106.21145790000446,None,,,,,,,,,,,,,,,,,,,,,,,P8384,Bar_MIC,11,1,2026-04-09_15h27.42.794,MIC_task,,2026.1.2,60.0367665301919,2026-04-09 15h27.44.539502 +0200,
,,11,0,11,,,,,,,11,b01,orr,nose,2,bodypart,face,7,73,19,35,None,"(-0.1, 0.1)",None,,,,,,,,,,,,,,0,0,0,0,0,0,0,0,11,0,11,0,106.22746679990087,,,,,,,,,,,,,,,,,,,,,,,,,,,,,,,,,,,,,,,,,,,,,,,,,,,,,,,,,,,,,,,,,,,,,,,,,,,,,,,,,,,,,,,,,,,,106.21448659989983,106.22746679990087,106.22746679990087,106.22746679990087,106.41159179992974,None,,,,,,,,,,,,,,,,,,,,,,,P8384,Bar_MIC,11,1,2026-04-09_15h27.42.794,MIC_task,,2026.1.2,60.0367665301919,2026-04-09 15h27.44.539502 +0200,
,,12,0,12,,,,,,,11,b01,orr,nose,2,bodypart,face,7,73,19,35,None,"(-0.1, 0.1)",None,,,,,,,,,,,,,,0,0,0,0,0,0,0,0,12,0,12,0,106.4270344999386,,,,,,,,,,,,,,,,,,,,,,,,,,,,,,,,,,,,,,,,,,,,,,,,,,,,,,,,,,,,,,,,,,,,,,,,,,,,,,,,,,,,,,,,,,,,106.41462799999863,106.4270344999386,106.4270344999386,106.4270344999386,106.6121192999417,None,,,,,,,,,,,,,,,,,,,,,,,P8384,Bar_MIC,11,1,2026-04-09_15h27.42.794,MIC_task,,2026.1.2,60.0367665301919,2026-04-09 15h27.44.539502 +0200,
,,13,0,13,,,,,,,11,b01,orr,nose,2,bodypart,face,7,73,19,35,None,"(-0.1, 0.1)",None,,,,,,,,,,,,,,0,0,0,0,0,0,0,0,13,0,13,0,106.62742589996196,,,,,,,,,,,,,,,,,,,,,,,,,,,,,,,,,,,,,,,,,,,,,,,,,,,,,,,,,,,,,,,,,,,,,,,,,,,,,,,,,,,,,,,,,,,,106.61540409992449,106.62742589996196,106.62742589996196,106.62742589996196,106.81235319992993,None,,,,,,,,,,,,,,,,,,,,,,,P8384,Bar_MIC,11,1,2026-04-09_15h27.42.794,MIC_task,,2026.1.2,60.0367665301919,2026-04-09 15h27.44.539502 +0200,
,,14,0,14,,,,,,,11,b01,orr,nose,2,bodypart,face,7,73,19,35,None,"(-0.1, 0.1)",None,,,,,,,,,,,,,,0,0,0,0,0,0,0,0,14,0,14,0,106.82788229989819,,,,,,,,,,,,,,,,,,,,,,,,,,,,,,,,,,,,,,,,,,,,,,,,,,,,,,,,,,,,,,,,,,,,,,,,,,,,,,,,,,,,,,,,,,,,106.8156015999848,106.82788229989819,106.82788229989819,106.82788229989819,107.01269789994694,None,,,,,,,,,,,,,,,,,,,,,,,P8384,Bar_MIC,11,1,2026-04-09_15h27.42.794,MIC_task,,2026.1.2,60.0367665301919,2026-04-09 15h27.44.539502 +0200,
,,15,0,15,,,,,,,11,b01,orr,nose,2,bodypart,face,7,73,19,35,None,"(-0.1, 0.1)",None,,,,,,,,,,,,,,0,0,0,0,0,0,0,0,15,0,15,0,107.02823809999973,,,,,,,,,,,,,,,,,,,,,,,,,,,,,,,,,,,,,,,,,,,,,,,,,,,,,,,,,,,,,,,,,,,,,,,,,,,,,,,,,,,,,,,,,,,,107.01607529993635,107.02823809999973,107.02823809999973,107.02823809999973,107.21318729990162,None,,,,,,,,,,,,,,,,,,,,,,,P8384,Bar_MIC,11,1,2026-04-09_15h27.42.794,MIC_task,,2026.1.2,60.0367665301919,2026-04-09 15h27.44.539502 +0200,
,,16,0,16,,,,,,,11,b01,orr,nose,2,bodypart,face,7,73,19,35,None,"(-0.1, 0.1)",None,,,,,,,,,,,,,,0,0,0,0,0,0,0,0,16,0,16,0,107.22859079996124,,,,,,,,,,,,,,,,,,,,,,,,,,,,,,,,,,,,,,,,,,,,,,,,,,,,,,,,,,,,,,,,,,,,,,,,,,,,,,,,,,,,,,,,,,,,107.21642569999676,107.22859079996124,107.22859079996124,107.22859079996124,107.41234859998804,None,,,,,,,,,,,,,,,,,,,,,,,P8384,Bar_MIC,11,1,2026-04-09_15h27.42.794,MIC_task,,2026.1.2,60.0367665301919,2026-04-09 15h27.44.539502 +0200,
,,17,0,17,,,,,,,11,b01,orr,nose,2,bodypart,face,7,73,19,35,None,"(-0.1, 0.1)",None,,,,,,,,,,,,,,0,0,0,0,0,0,0,0,17,0,17,0,107.42903040000238,,,,,,,,,,,,,,,,,,,,,,,,,,,,,,,,,,,,,,,,,,,,,,,,,,,,,,,,,,,,,,,,,,,,,,,,,,,,,,,,,,,,,,,,,,,,107.4154745999258,107.42903040000238,107.42903040000238,107.42903040000238,107.6128105999669,None,,,,,,,,,,,,,,,,,,,,,,,P8384,Bar_MIC,11,1,2026-04-09_15h27.42.794,MIC_task,,2026.1.2,60.0367665301919,2026-04-09 15h27.44.539502 +0200,
,,18,0,18,,,,,,,11,b01,orr,nose,2,bodypart,face,7,73,19,35,None,"(-0.1, 0.1)",None,,,,,,,,,,,,,,0,0,0,0,0,0,0,0,18,0,18,0,107.62937139999121,,,,,,,,,,,,,,,,,,,,,,,,,,,,,,,,,,,,,,,,,,,,,,,,,,,,,,,,,,,,,,,,,,,,,,,,,,,,,,,,,,,,,,,,,,,,107.61610019998625,107.62937139999121,107.62937139999121,107.62937139999121,107.81323309999425,None,,,,,,,,,,,,,,,,,,,,,,,P8384,Bar_MIC,11,1,2026-04-09_15h27.42.794,MIC_task,,2026.1.2,60.0367665301919,2026-04-09 15h27.44.539502 +0200,
,,19,0,19,,,,,,,11,b01,orr,nose,2,bodypart,face,7,73,19,35,None,"(-0.1, 0.1)",None,,,,,,,,,,,,,,0,0,0,0,0,0,0,0,19,0,19,0,107.82979190000333,,,,,,,,,,,,,,,,,,,,,,,,,,,,,,,,,,,,,,,,,,,,,,,,,,,,,,,,,,,,,,,,,,,,,,,,,,,,,,,,,,,,,,,,,,,,107.81632220000029,107.82979190000333,107.82979190000333,107.82979190000333,108.0138262999244,None,,,,,,,,,,,,,,,,,,,,,,,P8384,Bar_MIC,11,1,2026-04-09_15h27.42.794,MIC_task,,2026.1.2,60.0367665301919,2026-04-09 15h27.44.539502 +0200,
,,20,0,20,,,,,,,11,b01,orr,nose,2,bodypart,face,7,73,19,35,None,"(-0.1, 0.1)",None,,,,,,,,,,,,,,0,0,0,0,0,0,0,0,20,0,20,0,108.03009109990671,,,,,,,,,,,,,,,,,,,,,,,,,,,,,,,,,,,,,,,,,,,,,,,,,,,,,,,,,,,,,,,,,,,,,,,,,,,,,,,,,,,,,,,,,,,,108.01661179994699,108.03009109990671,108.03009109990671,108.03009109990671,108.21407599991653,None,,,,,,,,,,,,,,,,,,,,,,,P8384,Bar_MIC,11,1,2026-04-09_15h27.42.794,MIC_task,,2026.1.2,60.0367665301919,2026-04-09 15h27.44.539502 +0200,
,,21,0,21,,,,,,,11,b01,orr,nose,2,bodypart,face,7,73,19,35,None,"(-0.1, 0.1)",None,,,,,,,,,,,,,,0,0,0,0,0,0,0,0,21,0,21,0,108.2305315999547,,,,,,,,,,,,,,,,,,,,,,,,,,,,,,,,,,,,,,,,,,,,,,,,,,,,,,,,,,,,,,,,,,,,,,,,,,,,,,,,,,,,,,,,,,,,108.21731499989983,108.2305315999547,108.2305315999547,108.2305315999547,108.41446589992847,None,,,,,,,,,,,,,,,,,,,,,,,P8384,Bar_MIC,11,1,2026-04-09_15h27.42.794,MIC_task,,2026.1.2,60.0367665301919,2026-04-09 15h27.44.539502 +0200,
,,22,0,22,,,,,,,11,b01,orr,nose,2,bodypart,face,7,73,19,35,None,"(-0.1, 0.1)",None,,,,,,,,,,,,,,0,0,0,0,0,0,0,0,22,0,22,0,108.43082869995851,,,,,,,,,,,,,,,,,,,,,,,,,,,,,,,,,,,,,,,,,,,,,,,,,,,,,,,,,,,,,,,,,,,,,,,,,,,,,,,,,,,,,,,,,,,,108.41770929994527,108.43082869995851,108.43082869995851,108.43082869995851,108.61486939992756,None,,,,,,,,,,,,,,,,,,,,,,,P8384,Bar_MIC,11,1,2026-04-09_15h27.42.794,MIC_task,,2026.1.2,60.0367665301919,2026-04-09 15h27.44.539502 +0200,
,,23,0,23,,,,,,,11,b01,orr,nose,2,bodypart,face,7,73,19,35,None,"(-0.1, 0.1)",None,,,,,,,,,,,,,,0,0,0,0,0,0,0,0,23,0,23,0,108.63120559998788,,,,,,,,,,,,,,,,,,,,,,,,,,,,,,,,,,,,,,,,,,,,,,,,,,,,,,,,,,,,,,,,,,,,,,,,,,,,,,,,,,,,,,,,,,,,108.61771649995353,108.63120559998788,108.63120559998788,108.63120559998788,108.81528439989779,None,,,,,,,,,,,,,,,,,,,,,,,P8384,Bar_MIC,11,1,2026-04-09_15h27.42.794,MIC_task,,2026.1.2,60.0367665301919,2026-04-09 15h27.44.539502 +0200,
,,24,0,24,,,,,,,11,b01,orr,nose,2,bodypart,face,7,73,19,35,None,"(-0.1, 0.1)",None,,,,,,,,,,,,,,0,0,0,0,0,0,0,0,24,0,24,0,108.83201239991467,,,,,,,,,,,,,,,,,,,,,,,,,,,,,,,,,,,,,,,,,,,,,,,,,,,,,,,,,,,,,,,,,,,,,,,,,,,,,,,,,,,,,,,,,,,,108.81793879996985,108.83201239991467,108.83201239991467,108.83201239991467,109.01576929993462,None,,,,,,,,,,,,,,,,,,,,,,,P8384,Bar_MIC,11,1,2026-04-09_15h27.42.794,MIC_task,,2026.1.2,60.0367665301919,2026-04-09 15h27.44.539502 +0200,
,,25,0,25,,,,,,,11,b01,orr,nose,2,bodypart,face,7,73,19,35,None,"(-0.1, 0.1)",None,,,,,,,,,,,,,,0,0,0,0,0,0,0,0,25,0,25,0,109.03120319999289,,,,,,,,,,,,,,,,,,,,,,,,,,,,,,,,,,,,,,,,,,,,,,,,,,,,,,,,,,,,,,,,,,,,,,,,,,,,,,,,,,,,,,,,,,,,109.01866949989926,109.03120319999289,109.03120319999289,109.03120319999289,109.21617109992076,None,,,,,,,,,,,,,,,,,,,,,,,P8384,Bar_MIC,11,1,2026-04-09_15h27.42.794,MIC_task,,2026.1.2,60.0367665301919,2026-04-09 15h27.44.539502 +0200,
,,26,0,26,,,,,,,11,b01,orr,nose,2,bodypart,face,7,73,19,35,None,"(-0.1, 0.1)",None,,,,,,,,,,,,,,0,0,0,0,0,0,0,0,26,0,26,0,109.2316087000072,,,,,,,,,,,,,,,,,,,,,,,,,,,,,,,,,,,,,,,,,,,,,,,,,,,,,,,,,,,,,,,,,,,,,,,,,,,,,,,,,,,,,,,,,,,,109.21943479997572,109.2316087000072,109.2316087000072,109.2316087000072,109.41537479998078,None,,,,,,,,,,,,,,,,,,,,,,,P8384,Bar_MIC,11,1,2026-04-09_15h27.42.794,MIC_task,,2026.1.2,60.0367665301919,2026-04-09 15h27.44.539502 +0200,
,,27,0,27,,,,,,,11,b01,orr,nose,2,bodypart,face,7,73,19,35,None,"(-0.1, 0.1)",None,,,,,,,,,,,,,,0,0,0,0,0,0,0,0,27,0,27,0,109.43199069995899,,,,,,,,,,,,,,,,,,,,,,,,,,,,,,,,,,,,,,,,,,,,,,,,,,,,,,,,,,,,,,,,,,,,,,,,,,,,,,,,,,,,,,,,,,,,109.41869179997593,109.43199069995899,109.43199069995899,109.43199069995899,109.6158156999154,None,,,,,,,,,,,,,,,,,,,,,,,P8384,Bar_MIC,11,1,2026-04-09_15h27.42.794,MIC_task,,2026.1.2,60.0367665301919,2026-04-09 15h27.44.539502 +0200,
,,28,0,28,,,,,,,11,b01,orr,nose,2,bodypart,face,7,73,19,35,None,"(-0.1, 0.1)",None,,,,,,,,,,,,,,0,0,0,0,0,0,0,0,28,0,28,0,109.63236609997693,,,,,,,,,,,,,,,,,,,,,,,,,,,,,,,,,,,,,,,,,,,,,,,,,,,,,,,,,,,,,,,,,,,,,,,,,,,,,,,,,,,,,,,,,,,,109.61912659998052,109.63236609997693,109.63236609997693,109.63236609997693,109.8161893999204,None,,,,,,,,,,,,,,,,,,,,,,,P8384,Bar_MIC,11,1,2026-04-09_15h27.42.794,MIC_task,,2026.1.2,60.0367665301919,2026-04-09 15h27.44.539502 +0200,
,,29,0,29,,,,,,,11,b01,orr,nose,2,bodypart,face,7,73,19,35,None,"(-0.1, 0.1)",None,,,,,,,,,,,,,,0,0,0,0,0,0,0,0,29,0,29,0,109.83272799989209,,,,,,,,,,,,,,,,,,,,,,,,,,,,,,,,,,,,,,,,,,,,,,,,,,,,,,,,,,,,,,,,,,,,,,,,,,,,,,,,,,,,,,,,,,,,109.81928359996527,109.83272799989209,109.83272799989209,109.83272799989209,110.01687009993475,None,,,,,,,,,,,,,,,,,,,,,,,P8384,Bar_MIC,11,1,2026-04-09_15h27.42.794,MIC_task,,2026.1.2,60.0367665301919,2026-04-09 15h27.44.539502 +0200,
,,30,0,30,,,,,,,11,b01,orr,nose,2,bodypart,face,7,73,19,35,None,"(-0.1, 0.1)",None,,,,,,,,,,,,,,0,0,0,0,0,0,0,0,30,0,30,0,110.03313299990259,,,,,,,,,,,,,,,,,,,,,,,,,,,,,,,,,,,,,,,,,,,,,,,,,,,,,,,,,,,,,,,,,,,,,,,,,,,,,,,,,,,,,,,,,,,,110.01974589994643,110.03313299990259,110.03313299990259,110.03313299990259,110.2174327999819,None,,,,,,,,,,,,,,,,,,,,,,,P8384,Bar_MIC,11,1,2026-04-09_15h27.42.794,MIC_task,,2026.1.2,60.0367665301919,2026-04-09 15h27.44.539502 +0200,
,,31,0,31,,,,,,,11,b01,orr,nose,2,bodypart,face,7,73,19,35,None,"(-0.1, 0.1)",None,,,,,,,,,,,,,,0,0,0,0,0,0,0,0,31,0,31,0,110.23340809997171,,,,,,,,,,,,,,,,,,,,,,,,,,,,,,,,,,,,,,,,,,,,,,,,,,,,,,,,,,,,,,,,,,,,,,,,,,,,,,,,,,,,,,,,,,,,110.22046079998836,110.23340809997171,110.23340809997171,110.23340809997171,110.41795849998016,None,,,,,,,,,,,,,,,,,,,,,,,P8384,Bar_MIC,11,1,2026-04-09_15h27.42.794,MIC_task,,2026.1.2,60.0367665301919,2026-04-09 15h27.44.539502 +0200,
,,32,0,32,,,,,,,11,b01,orr,nose,2,bodypart,face,7,73,19,35,None,"(-0.1, 0.1)",None,,,,,,,,,,,,,,0,0,0,0,0,0,0,0,32,0,32,0,110.43375399999786,,,,,,,,,,,,,,,,,,,,,,,,,,,,,,,,,,,,,,,,,,,,,,,,,,,,,,,,,,,,,,,,,,,,,,,,,,,,,,,,,,,,,,,,,,,,110.42095449997578,110.43375399999786,110.43375399999786,110.43375399999786,110.61774519993924,None,,,,,,,,,,,,,,,,,,,,,,,P8384,Bar_MIC,11,1,2026-04-09_15h27.42.794,MIC_task,,2026.1.2,60.0367665301919,2026-04-09 15h27.44.539502 +0200,
,,33,0,33,,,,,,,11,b01,orr,nose,2,bodypart,face,7,73,19,35,None,"(-0.1, 0.1)",None,,,,,,,,,,,,,,0,0,0,0,0,0,0,0,33,0,33,0,110.63417350000236,,,,,,,,,,,,,,,,,,,,,,,,,,,,,,,,,,,,,,,,,,,,,,,,,,,,,,,,,,,,,,,,,,,,,,,,,,,,,,,,,,,,,,,,,,,,110.6211495999014,110.63417350000236,110.63417350000236,110.63417350000236,110.8182097999379,None,,,,,,,,,,,,,,,,,,,,,,,P8384,Bar_MIC,11,1,2026-04-09_15h27.42.794,MIC_task,,2026.1.2,60.0367665301919,2026-04-09 15h27.44.539502 +0200,
,,34,0,34,,,,,,,11,b01,orr,nose,2,bodypart,face,7,73,19,35,None,"(-0.1, 0.1)",None,,,,,,,,,,,,,,0,0,0,0,0,0,0,0,34,0,34,0,110.83456180000212,,,,,,,,,,,,,,,,,,,,,,,,,,,,,,,,,,,,,,,,,,,,,,,,,,,,,,,,,,,,,,,,,,,,,,,,,,,,,,,,,,,,,,,,,,,,110.82153869990725,110.83456180000212,110.83456180000212,110.83456180000212,111.0186371000018,None,,,,,,,,,,,,,,,,,,,,,,,P8384,Bar_MIC,11,1,2026-04-09_15h27.42.794,MIC_task,,2026.1.2,60.0367665301919,2026-04-09 15h27.44.539502 +0200,
,,35,0,35,,,,,,,11,b01,orr,nose,2,bodypart,face,7,73,19,35,None,"(-0.1, 0.1)",None,,,,,,,,,,,,,,0,0,0,0,0,0,0,0,35,0,35,0,111.03413289994933,,,,,,,,,,,,,,,,,,,,,,,,,,,,,,,,,,,,,,,,,,,,,,,,,,,,,,,,,,,,,,,,,,,,,,,,,,,,,,,,,,,,,,,,,,,,111.02163729991298,111.03413289994933,111.03413289994933,111.03413289994933,111.21913280000445,None,,,,,,,,,,,,,,,,,,,,,,,P8384,Bar_MIC,11,1,2026-04-09_15h27.42.794,MIC_task,,2026.1.2,60.0367665301919,2026-04-09 15h27.44.539502 +0200,
,,36,0,36,,,,,,,11,b01,orr,nose,2,bodypart,face,7,73,19,35,None,"(-0.1, 0.1)",None,,,,,,,,,,,,,,0,0,0,0,0,0,0,0,36,0,36,0,111.23453629994765,,,,,,,,,,,,,,,,,,,,,,,,,,,,,,,,,,,,,,,,,,,,,,,,,,,,,,,,,,,,,,,,,,,,,,,,,,,,,,,,,,,,,,,,,,,,111.22207499993965,111.23453629994765,111.23453629994765,111.23453629994765,111.41952869994566,None,,,,,,,,,,,,,,,,,,,,,,,P8384,Bar_MIC,11,1,2026-04-09_15h27.42.794,MIC_task,,2026.1.2,60.0367665301919,2026-04-09 15h27.44.539502 +0200,
,,37,0,37,,,,,,,11,b01,orr,nose,2,bodypart,face,7,73,19,35,None,"(-0.1, 0.1)",None,,,,,,,,,,,,,,0,0,0,0,0,0,0,0,37,0,37,0,111.43495199992321,,,,,,,,,,,,,,,,,,,,,,,,,,,,,,,,,,,,,,,,,,,,,,,,,,,,,,,,,,,,,,,,,,,,,,,,,,,,,,,,,,,,,,,,,,,,111.42236379999667,111.43495199992321,111.43495199992321,111.43495199992321,111.61863569996785,None,,,,,,,,,,,,,,,,,,,,,,,P8384,Bar_MIC,11,1,2026-04-09_15h27.42.794,MIC_task,,2026.1.2,60.0367665301919,2026-04-09 15h27.44.539502 +0200,
,,38,0,38,,,,,,,11,b01,orr,nose,2,bodypart,face,7,73,19,35,None,"(-0.1, 0.1)",None,,,,,,,,,,,,,,0,0,0,0,0,0,0,0,38,0,38,0,111.63535179989412,,,,,,,,,,,,,,,,,,,,,,,,,,,,,,,,,,,,,,,,,,,,,,,,,,,,,,,,,,,,,,,,,,,,,,,,,,,,,,,,,,,,,,,,,,,,111.62182569992729,111.63535179989412,111.63535179989412,111.63535179989412,111.81904119998217,None,,,,,,,,,,,,,,,,,,,,,,,P8384,Bar_MIC,11,1,2026-04-09_15h27.42.794,MIC_task,,2026.1.2,60.0367665301919,2026-04-09 15h27.44.539502 +0200,
,,39,0,39,,,,,,,11,b01,orr,nose,2,bodypart,face,7,73,19,35,None,"(-0.1, 0.1)",None,,,,,,,,,,,,,,0,0,0,0,0,0,0,0,39,0,39,0,111.83570529997814,,,,,,,,,,,,,,,,,,,,,,,,,,,,,,,,,,,,,,,,,,,,,,,,,,,,,,,,,,,,,,,,,,,,,,,,,,,,,,,,,,,,,,,,,,,,111.82242379989475,111.83570529997814,111.83570529997814,111.83570529997814,112.01958109997213,None,,,,,,,,,,,,,,,,,,,,,,,P8384,Bar_MIC,11,1,2026-04-09_15h27.42.794,MIC_task,,2026.1.2,60.0367665301919,2026-04-09 15h27.44.539502 +0200,
,,40,0,40,,,,,,,11,b01,orr,nose,2,bodypart,face,7,73,19,35,None,"(-0.1, 0.1)",None,,,,,,,,,,,,,,0,0,0,0,0,0,0,0,40,0,40,0,112.03608639992308,,,,,,,,,,,,,,,,,,,,,,,,,,,,,,,,,,,,,,,,,,,,,,,,,,,,,,,,,,,,,,,,,,,,,,,,,,,,,,,,,,,,,,,,,,,,112.02296390000265,112.03608639992308,112.03608639992308,112.03608639992308,112.220209699939,None,,,,,,,,,,,,,,,,,,,,,,,P8384,Bar_MIC,11,1,2026-04-09_15h27.42.794,MIC_task,,2026.1.2,60.0367665301919,2026-04-09 15h27.44.539502 +0200,
,,41,0,41,,,,,,,11,b01,orr,nose,2,bodypart,face,7,73,19,35,None,"(-0.1, 0.1)",None,,,,,,,,,,,,,,0,0,0,0,0,0,0,0,41,0,41,0,112.23643489996903,,,,,,,,,,,,,,,,,,,,,,,,,,,,,,,,,,,,,,,,,,,,,,,,,,,,,,,,,,,,,,,,,,,,,,,,,,,,,,,,,,,,,,,,,,,,112.22334889997728,112.23643489996903,112.23643489996903,112.23643489996903,112.42036160000134,None,,,,,,,,,,,,,,,,,,,,,,,P8384,Bar_MIC,11,1,2026-04-09_15h27.42.794,MIC_task,,2026.1.2,60.0367665301919,2026-04-09 15h27.44.539502 +0200,
,,42,0,42,,,,,,,11,b01,orr,nose,2,bodypart,face,7,73,19,35,None,"(-0.1, 0.1)",None,,,,,,,,,,,,,,0,0,0,0,0,0,0,0,42,0,42,0,112.43678789993282,,,,,,,,,,,,,,,,,,,,,,,,,,,,,,,,,,,,,,,,,,,,,,,,,,,,,,,,,,,,,,,,,,,,,,,,,,,,,,,,,,,,,,,,,,,,112.42357089999132,112.43678789993282,112.43678789993282,112.43678789993282,112.62084749992937,None,,,,,,,,,,,,,,,,,,,,,,,P8384,Bar_MIC,11,1,2026-04-09_15h27.42.794,MIC_task,,2026.1.2,60.0367665301919,2026-04-09 15h27.44.539502 +0200,
,,43,0,43,,,,,,,11,b01,orr,nose,2,bodypart,face,7,73,19,35,None,"(-0.1, 0.1)",None,,,,,,,,,,,,,,0,0,0,0,0,0,0,0,43,0,43,0,112.63707299996167,,,,,,,,,,,,,,,,,,,,,,,,,,,,,,,,,,,,,,,,,,,,,,,,,,,,,,,,,,,,,,,,,,,,,,,,,,,,,,,,,,,,,,,,,,,,112.62374509999063,112.63707299996167,112.63707299996167,112.63707299996167,112.80475739995018,None,,,,,,,,,,,,,,,,,,,,,,,P8384,Bar_MIC,11,1,2026-04-09_15h27.42.794,MIC_task,,2026.1.2,60.0367665301919,2026-04-09 15h27.44.539502 +0200,
,,44,0,44,,,,,,,11,b01,orr,nose,2,bodypart,face,7,73,19,35,None,"(-0.1, 0.1)",None,,,,,,,,,,,,,,0,0,0,0,0,0,0,0,44,0,44,0,112.82074769993778,,,,,,,,,,,,,,,,,,,,,,,,,,,,,,,,,,,,,,,,,,,,,,,,,,,,,,,,,,,,,,,,,,,,,,,,,,,,,,,,,,,,,,,,,,,,112.80789189995266,112.82074769993778,112.82074769993778,112.82074769993778,113.00540259992704,None,,,,,,,,,,,,,,,,,,,,,,,P8384,Bar_MIC,11,1,2026-04-09_15h27.42.794,MIC_task,,2026.1.2,60.0367665301919,2026-04-09 15h27.44.539502 +0200,
,,45,0,45,,,,,,,11,b01,orr,nose,2,bodypart,face,7,73,19,35,None,"(-0.1, 0.1)",None,,,,,,,,,,,,,,0,0,0,0,0,0,0,0,45,0,45,0,113.02116149989888,,,,,,,,,,,,,,,,,,,,,,,,,,,,,,,,,,,,,,,,,,,,,,,,,,,,,,,,,,,,,,,,,,,,,,,,,,,,,,,,,,,,,,,,,,,,113.00855899997987,113.02116149989888,113.02116149989888,113.02116149989888,113.20521479996387,None,,,,,,,,,,,,,,,,,,,,,,,P8384,Bar_MIC,11,1,2026-04-09_15h27.42.794,MIC_task,,2026.1.2,60.0367665301919,2026-04-09 15h27.44.539502 +0200,
,,46,0,46,,,,,,,11,b01,orr,nose,2,bodypart,face,7,73,19,35,None,"(-0.1, 0.1)",None,,,,,,,,,,,,,,0,0,0,0,0,0,0,0,46,0,46,0,113.22146559995599,,,,,,,,,,,,,,,,,,,,,,,,,,,,,,,,,,,,,,,,,,,,,,,,,,,,,,,,,,,,,,,,,,,,,,,,,,,,,,,,,,,,,,,,,,,,113.20819129992742,113.22146559995599,113.22146559995599,113.22146559995599,113.40594549989328,None,,,,,,,,,,,,,,,,,,,,,,,P8384,Bar_MIC,11,1,2026-04-09_15h27.42.794,MIC_task,,2026.1.2,60.0367665301919,2026-04-09 15h27.44.539502 +0200,
,,47,0,47,,,,,,,11,b01,orr,nose,2,bodypart,face,7,73,19,35,None,"(-0.1, 0.1)",None,,,,,,,,,,,,,,0,0,0,0,0,0,0,0,47,0,47,0,113.42187439999543,,,,,,,,,,,,,,,,,,,,,,,,,,,,,,,,,,,,,,,,,,,,,,,,,,,,,,,,,,,,,,,,,,,,,,,,,,,,,,,,,,,,,,,,,,,,113.40912139997818,113.42187439999543,113.42187439999543,113.42187439999543,113.60479079990182,None,,,,,,,,,,,,,,,,,,,,,,,P8384,Bar_MIC,11,1,2026-04-09_15h27.42.794,MIC_task,,2026.1.2,60.0367665301919,2026-04-09 15h27.44.539502 +0200,
,,48,0,48,,,,,,,11,b01,orr,nose,2,bodypart,face,7,73,19,35,None,"(-0.1, 0.1)",space,0.16032190003897995,None,,,,,,,,,,,,0,0,0,0,0,0,0,0,48,0,48,0,113.62154729990289,,,,,,,,,,,,,,,,,,,,,,,,,,,,,,,,,,,,,,,,,,,,,,,,,,,,,,,,,,,,,,,,,,,,,,,,,,,,,,,,,,,,,,,,,,,,113.60750079993159,113.62154729990289,113.62154729990289,113.62154729990289,113.79078569996636,space,0.16032190003897995,None,,,,,,,,,,,,,,,,,,,,,P8384,Bar_MIC,11,1,2026-04-09_15h27.42.794,MIC_task,,2026.1.2,60.0367665301919,2026-04-09 15h27.44.539502 +0200,
,,0,0,0,,,,space,2.3413344000000507,None,11,b01,orr,nose,2,bodypart,face,7,73,19,35,None,"(-0.1, 0.1)",,,,,,,,,,,,,,,0,0,0,0,0,0,0,0,,,,,,,,,,,,,,,,,,,,,,,,,,,,,,,,,,,,,,,,,,,,,,,,,,,,,,,,,,,,,,,,,,,,,,,,,,,,,,,,,113.8539921999909,113.85934759990778,113.8565251666742,115.79236649989616,,,,,,117.79574609990232,117.81238929997198,117.81238929997198,120.16630129993428,,,,,,,,,,,,115.81962959992234,115.82501079991926,115.82557423332085,117.71253649995197,117.79569969989825,space,2.3413344000000507,None,,,,,,,,,,,,,P8384,Bar_MIC,11,1,2026-04-09_15h27.42.794,MIC_task,,2026.1.2,60.0367665301919,2026-04-09 15h27.44.539502 +0200,
,,0,0,0,,,,,,,11,l09,kastély,castle,5,location,facilities,5.8,10,None,114,None,"(-0.1, 0)",None,,,,,,,,,,,,,,0,0,0,0,0,1,1,1,0,0,0,0,120.19214759999886,,,,,,,,,,,,,,,,,,,,,,,,,,,,,,,,,,,,,,,,,,,,,,,,,,,,,,,,,,,,,,,,,,,,,,,,,,,,,,,,,,,,,,,,,,,,120.18694519996643,120.19214759999886,120.19214759999886,120.19214759999886,120.3828111999901,None,,,,,,,,,,,,,,,,,,,,,,,P8384,Bar_MIC,11,1,2026-04-09_15h27.42.794,MIC_task,,2026.1.2,60.0367665301919,2026-04-09 15h27.44.539502 +0200,
,,0,0,0,,,,,,,11,l09,kastély,castle,5,location,facilities,5.8,10,None,114,None,"(-0.1, 0)",None,,,,,,,,,,,,,,0,0,0,0,0,1,1,1,0,0,0,0,120.39919499994721,,,,,,,,,,,,,,,,,,,,,,,,,,,,,,,,,,,,,,,,,,,,,,,,,,,,,,,,,,,,,,,,,,,,,,,,,,,,,,,,,,,,,,,,,,,,120.3863101999741,120.39919499994721,120.39919499994721,120.39919499994721,120.56646419991739,None,,,,,,,,,,,,,,,,,,,,,,,P8384,Bar_MIC,11,1,2026-04-09_15h27.42.794,MIC_task,,2026.1.2,60.0367665301919,2026-04-09 15h27.44.539502 +0200,
,,1,0,1,,,,,,,11,l09,kastély,castle,5,location,facilities,5.8,10,None,114,None,"(-0.1, 0)",None,,,,,,,,,,,,,,0,0,0,0,0,1,1,1,1,0,1,0,120.5819843999343,,,,,,,,,,,,,,,,,,,,,,,,,,,,,,,,,,,,,,,,,,,,,,,,,,,,,,,,,,,,,,,,,,,,,,,,,,,,,,,,,,,,,,,,,,,,120.56989479996264,120.5819843999343,120.5819843999343,120.5819843999343,120.76684870000463,None,,,,,,,,,,,,,,,,,,,,,,,P8384,Bar_MIC,11,1,2026-04-09_15h27.42.794,MIC_task,,2026.1.2,60.0367665301919,2026-04-09 15h27.44.539502 +0200,
,,2,0,2,,,,,,,11,l09,kastély,castle,5,location,facilities,5.8,10,None,114,None,"(-0.1, 0)",None,,,,,,,,,,,,,,0,0,0,0,0,1,1,1,2,0,2,0,120.78314259997569,,,,,,,,,,,,,,,,,,,,,,,,,,,,,,,,,,,,,,,,,,,,,,,,,,,,,,,,,,,,,,,,,,,,,,,,,,,,,,,,,,,,,,,,,,,,120.77041169989388,120.78314259997569,120.78314259997569,120.78314259997569,120.96730079990812,None,,,,,,,,,,,,,,,,,,,,,,,P8384,Bar_MIC,11,1,2026-04-09_15h27.42.794,MIC_task,,2026.1.2,60.0367665301919,2026-04-09 15h27.44.539502 +0200,
,,3,0,3,,,,,,,11,l09,kastély,castle,5,location,facilities,5.8,10,None,114,None,"(-0.1, 0)",None,,,,,,,,,,,,,,0,0,0,0,0,1,1,1,3,0,3,0,120.98277999996208,,,,,,,,,,,,,,,,,,,,,,,,,,,,,,,,,,,,,,,,,,,,,,,,,,,,,,,,,,,,,,,,,,,,,,,,,,,,,,,,,,,,,,,,,,,,120.970896899933,120.98277999996208,120.98277999996208,120.98277999996208,121.1677179998951,None,,,,,,,,,,,,,,,,,,,,,,,P8384,Bar_MIC,11,1,2026-04-09_15h27.42.794,MIC_task,,2026.1.2,60.0367665301919,2026-04-09 15h27.44.539502 +0200,
,,4,0,4,,,,,,,11,l09,kastély,castle,5,location,facilities,5.8,10,None,114,None,"(-0.1, 0)",None,,,,,,,,,,,,,,0,0,0,0,0,1,1,1,4,0,4,0,121.18319749995135,,,,,,,,,,,,,,,,,,,,,,,,,,,,,,,,,,,,,,,,,,,,,,,,,,,,,,,,,,,,,,,,,,,,,,,,,,,,,,,,,,,,,,,,,,,,121.17110509995837,121.18319749995135,121.18319749995135,121.18319749995135,121.36813169997185,None,,,,,,,,,,,,,,,,,,,,,,,P8384,Bar_MIC,11,1,2026-04-09_15h27.42.794,MIC_task,,2026.1.2,60.0367665301919,2026-04-09 15h27.44.539502 +0200,
,,5,0,5,,,,,,,11,l09,kastély,castle,5,location,facilities,5.8,10,None,114,None,"(-0.1, 0)",None,,,,,,,,,,,,,,0,0,0,0,0,1,1,1,5,0,5,0,121.38353849994019,,,,,,,,,,,,,,,,,,,,,,,,,,,,,,,,,,,,,,,,,,,,,,,,,,,,,,,,,,,,,,,,,,,,,,,,,,,,,,,,,,,,,,,,,,,,121.37153139989823,121.38353849994019,121.38353849994019,121.38353849994019,121.56733439990785,None,,,,,,,,,,,,,,,,,,,,,,,P8384,Bar_MIC,11,1,2026-04-09_15h27.42.794,MIC_task,,2026.1.2,60.0367665301919,2026-04-09 15h27.44.539502 +0200,
,,6,0,6,,,,,,,11,l09,kastély,castle,5,location,facilities,5.8,10,None,114,None,"(-0.1, 0)",None,,,,,,,,,,,,,,0,0,0,0,0,1,1,1,6,0,6,0,121.5840412999969,,,,,,,,,,,,,,,,,,,,,,,,,,,,,,,,,,,,,,,,,,,,,,,,,,,,,,,,,,,,,,,,,,,,,,,,,,,,,,,,,,,,,,,,,,,,121.57069510000292,121.5840412999969,121.5840412999969,121.5840412999969,121.76888339989819,None,,,,,,,,,,,,,,,,,,,,,,,P8384,Bar_MIC,11,1,2026-04-09_15h27.42.794,MIC_task,,2026.1.2,60.0367665301919,2026-04-09 15h27.44.539502 +0200,
,,7,0,7,,,,,,,11,l09,kastély,castle,5,location,facilities,5.8,10,None,114,None,"(-0.1, 0)",None,,,,,,,,,,,,,,0,0,0,0,0,1,1,1,7,0,7,0,121.7843145999359,,,,,,,,,,,,,,,,,,,,,,,,,,,,,,,,,,,,,,,,,,,,,,,,,,,,,,,,,,,,,,,,,,,,,,,,,,,,,,,,,,,,,,,,,,,,121.77169349999167,121.7843145999359,121.7843145999359,121.7843145999359,121.9680565999588,None,,,,,,,,,,,,,,,,,,,,,,,P8384,Bar_MIC,11,1,2026-04-09_15h27.42.794,MIC_task,,2026.1.2,60.0367665301919,2026-04-09 15h27.44.539502 +0200,
,,8,0,8,,,,,,,11,l09,kastély,castle,5,location,facilities,5.8,10,None,114,None,"(-0.1, 0)",None,,,,,,,,,,,,,,0,0,0,0,0,1,1,1,8,0,8,0,121.98466539999936,,,,,,,,,,,,,,,,,,,,,,,,,,,,,,,,,,,,,,,,,,,,,,,,,,,,,,,,,,,,,,,,,,,,,,,,,,,,,,,,,,,,,,,,,,,,121.97152729996014,121.98466539999936,121.98466539999936,121.98466539999936,122.16866229998413,None,,,,,,,,,,,,,,,,,,,,,,,P8384,Bar_MIC,11,1,2026-04-09_15h27.42.794,MIC_task,,2026.1.2,60.0367665301919,2026-04-09 15h27.44.539502 +0200,
,,9,0,9,,,,,,,11,l09,kastély,castle,5,location,facilities,5.8,10,None,114,None,"(-0.1, 0)",None,,,,,,,,,,,,,,0,0,0,0,0,1,1,1,9,0,9,0,122.18500649998896,,,,,,,,,,,,,,,,,,,,,,,,,,,,,,,,,,,,,,,,,,,,,,,,,,,,,,,,,,,,,,,,,,,,,,,,,,,,,,,,,,,,,,,,,,,,122.17168789997231,122.18500649998896,122.18500649998896,122.18500649998896,122.36905119998846,None,,,,,,,,,,,,,,,,,,,,,,,P8384,Bar_MIC,11,1,2026-04-09_15h27.42.794,MIC_task,,2026.1.2,60.0367665301919,2026-04-09 15h27.44.539502 +0200,
,,10,0,10,,,,,,,11,l09,kastély,castle,5,location,facilities,5.8,10,None,114,None,"(-0.1, 0)",None,,,,,,,,,,,,,,0,0,0,0,0,1,1,1,10,0,10,0,122.385384199908,,,,,,,,,,,,,,,,,,,,,,,,,,,,,,,,,,,,,,,,,,,,,,,,,,,,,,,,,,,,,,,,,,,,,,,,,,,,,,,,,,,,,,,,,,,,122.37229719990864,122.385384199908,122.385384199908,122.385384199908,122.56931699998677,None,,,,,,,,,,,,,,,,,,,,,,,P8384,Bar_MIC,11,1,2026-04-09_15h27.42.794,MIC_task,,2026.1.2,60.0367665301919,2026-04-09 15h27.44.539502 +0200,
,,11,0,11,,,,,,,11,l09,kastély,castle,5,location,facilities,5.8,10,None,114,None,"(-0.1, 0)",None,,,,,,,,,,,,,,0,0,0,0,0,1,1,1,11,0,11,0,122.58574259991292,,,,,,,,,,,,,,,,,,,,,,,,,,,,,,,,,,,,,,,,,,,,,,,,,,,,,,,,,,,,,,,,,,,,,,,,,,,,,,,,,,,,,,,,,,,,122.57252089993563,122.58574259991292,122.58574259991292,122.58574259991292,122.76982169994153,None,,,,,,,,,,,,,,,,,,,,,,,P8384,Bar_MIC,11,1,2026-04-09_15h27.42.794,MIC_task,,2026.1.2,60.0367665301919,2026-04-09 15h27.44.539502 +0200,
,,12,0,12,,,,,,,11,l09,kastély,castle,5,location,facilities,5.8,10,None,114,None,"(-0.1, 0)",None,,,,,,,,,,,,,,0,0,0,0,0,1,1,1,12,0,12,0,122.78609219996724,,,,,,,,,,,,,,,,,,,,,,,,,,,,,,,,,,,,,,,,,,,,,,,,,,,,,,,,,,,,,,,,,,,,,,,,,,,,,,,,,,,,,,,,,,,,122.77365399990231,122.78609219996724,122.78609219996724,122.78609219996724,122.97022269992158,None,,,,,,,,,,,,,,,,,,,,,,,P8384,Bar_MIC,11,1,2026-04-09_15h27.42.794,MIC_task,,2026.1.2,60.0367665301919,2026-04-09 15h27.44.539502 +0200,
,,13,0,13,,,,,,,11,l09,kastély,castle,5,location,facilities,5.8,10,None,114,None,"(-0.1, 0)",None,,,,,,,,,,,,,,0,0,0,0,0,1,1,1,13,0,13,0,122.98569080000743,,,,,,,,,,,,,,,,,,,,,,,,,,,,,,,,,,,,,,,,,,,,,,,,,,,,,,,,,,,,,,,,,,,,,,,,,,,,,,,,,,,,,,,,,,,,122.97400469996501,122.98569080000743,122.98569080000743,122.98569080000743,123.17071719991509,None,,,,,,,,,,,,,,,,,,,,,,,P8384,Bar_MIC,11,1,2026-04-09_15h27.42.794,MIC_task,,2026.1.2,60.0367665301919,2026-04-09 15h27.44.539502 +0200,
,,14,0,14,,,,,,,11,l09,kastély,castle,5,location,facilities,5.8,10,None,114,None,"(-0.1, 0)",None,,,,,,,,,,,,,,0,0,0,0,0,1,1,1,14,0,14,0,123.18612109997775,,,,,,,,,,,,,,,,,,,,,,,,,,,,,,,,,,,,,,,,,,,,,,,,,,,,,,,,,,,,,,,,,,,,,,,,,,,,,,,,,,,,,,,,,,,,123.17416069994215,123.18612109997775,123.18612109997775,123.18612109997775,123.37107789993752,None,,,,,,,,,,,,,,,,,,,,,,,P8384,Bar_MIC,11,1,2026-04-09_15h27.42.794,MIC_task,,2026.1.2,60.0367665301919,2026-04-09 15h27.44.539502 +0200,
,,15,0,15,,,,,,,11,l09,kastély,castle,5,location,facilities,5.8,10,None,114,None,"(-0.1, 0)",None,,,,,,,,,,,,,,0,0,0,0,0,1,1,1,15,0,15,0,123.38651649991516,,,,,,,,,,,,,,,,,,,,,,,,,,,,,,,,,,,,,,,,,,,,,,,,,,,,,,,,,,,,,,,,,,,,,,,,,,,,,,,,,,,,,,,,,,,,123.37415399996098,123.38651649991516,123.38651649991516,123.38651649991516,123.57149859995116,None,,,,,,,,,,,,,,,,,,,,,,,P8384,Bar_MIC,11,1,2026-04-09_15h27.42.794,MIC_task,,2026.1.2,60.0367665301919,2026-04-09 15h27.44.539502 +0200,
,,16,0,16,,,,,,,11,l09,kastély,castle,5,location,facilities,5.8,10,None,114,None,"(-0.1, 0)",None,,,,,,,,,,,,,,0,0,0,0,0,1,1,1,16,0,16,0,123.5868794999551,,,,,,,,,,,,,,,,,,,,,,,,,,,,,,,,,,,,,,,,,,,,,,,,,,,,,,,,,,,,,,,,,,,,,,,,,,,,,,,,,,,,,,,,,,,,123.57512619998306,123.5868794999551,123.5868794999551,123.5868794999551,123.77184479997959,None,,,,,,,,,,,,,,,,,,,,,,,P8384,Bar_MIC,11,1,2026-04-09_15h27.42.794,MIC_task,,2026.1.2,60.0367665301919,2026-04-09 15h27.44.539502 +0200,
,,17,0,17,,,,,,,11,l09,kastély,castle,5,location,facilities,5.8,10,None,114,None,"(-0.1, 0)",None,,,,,,,,,,,,,,0,0,0,0,0,1,1,1,17,0,17,0,123.78729949996341,,,,,,,,,,,,,,,,,,,,,,,,,,,,,,,,,,,,,,,,,,,,,,,,,,,,,,,,,,,,,,,,,,,,,,,,,,,,,,,,,,,,,,,,,,,,123.77497209992725,123.78729949996341,123.78729949996341,123.78729949996341,123.97233349992894,None,,,,,,,,,,,,,,,,,,,,,,,P8384,Bar_MIC,11,1,2026-04-09_15h27.42.794,MIC_task,,2026.1.2,60.0367665301919,2026-04-09 15h27.44.539502 +0200,
,,18,0,18,,,,,,,11,l09,kastély,castle,5,location,facilities,5.8,10,None,114,None,"(-0.1, 0)",None,,,,,,,,,,,,,,0,0,0,0,0,1,1,1,18,0,18,0,123.98766849993262,,,,,,,,,,,,,,,,,,,,,,,,,,,,,,,,,,,,,,,,,,,,,,,,,,,,,,,,,,,,,,,,,,,,,,,,,,,,,,,,,,,,,,,,,,,,123.97561029996723,123.98766849993262,123.98766849993262,123.98766849993262,124.1715261999052,None,,,,,,,,,,,,,,,,,,,,,,,P8384,Bar_MIC,11,1,2026-04-09_15h27.42.794,MIC_task,,2026.1.2,60.0367665301919,2026-04-09 15h27.44.539502 +0200,
,,19,0,19,,,,,,,11,l09,kastély,castle,5,location,facilities,5.8,10,None,114,None,"(-0.1, 0)",None,,,,,,,,,,,,,,0,0,0,0,0,1,1,1,19,0,19,0,124.18802629993297,,,,,,,,,,,,,,,,,,,,,,,,,,,,,,,,,,,,,,,,,,,,,,,,,,,,,,,,,,,,,,,,,,,,,,,,,,,,,,,,,,,,,,,,,,,,124.1749224999221,124.18802629993297,124.18802629993297,124.18802629993297,124.37213929998688,None,,,,,,,,,,,,,,,,,,,,,,,P8384,Bar_MIC,11,1,2026-04-09_15h27.42.794,MIC_task,,2026.1.2,60.0367665301919,2026-04-09 15h27.44.539502 +0200,
,,20,0,20,,,,,,,11,l09,kastély,castle,5,location,facilities,5.8,10,None,114,None,"(-0.1, 0)",space,0.12190499994903803,None,,,,,,,,,,,,0,0,0,0,0,1,1,1,20,0,20,0,124.38833349989727,,,,,,,,,,,,,,,,,,,,,,,,,,,,,,,,,,,,,,,,,,,,,,,,,,,,,,,,,,,,,,,,,,,,,,,,,,,,,,,,,,,,,,,,,,,,124.37541139998939,124.38833349989727,124.38833349989727,124.38833349989727,124.52286539995112,space,0.12190499994903803,None,,,,,,,,,,,,,,,,,,,,,P8384,Bar_MIC,11,1,2026-04-09_15h27.42.794,MIC_task,,2026.1.2,60.0367665301919,2026-04-09 15h27.44.539502 +0200,
,,1,1,0,,,,space,1.0634733999613672,None,11,l09,kastély,castle,5,location,facilities,5.8,10,None,114,None,"(-0.1, 0)",,,,,,,,,,,,,,,0,0,0,0,0,1,1,1,,,,,,,,,,,,,,,,,,,,,,,,,,,,,,,,,,,,,,,,,,,,,,,,,,,,,,,,,,,,,,,,,,,,,,,,,,,,,,,,,124.58687709993683,124.59257290000096,124.58860736656158,126.52506929996889,,,,,,128.52900290000252,128.5444804999279,128.5444804999279,129.61479819996748,,,,,,,,,,,,126.54763379995711,126.55251129996032,126.55829563330238,128.44535399996676,128.52895779989194,space,1.0634733999613672,None,,,,,,,,,,,,,P8384,Bar_MIC,11,1,2026-04-09_15h27.42.794,MIC_task,,2026.1.2,60.0367665301919,2026-04-09 15h27.44.539502 +0200,
,,0,0,0,,,,,,,11,p04,bohóc,clown,6,people,entertainment,6.8,14,19,44,None,"(0.1, 0.1)",None,,,,,,,,,,,,,,0,0,0,0,0,2,2,2,0,0,0,0,129.6293263999978,,,,,,,,,,,,,,,,,,,,,,,,,,,,,,,,,,,,,,,,,,,,,,,,,,,,,,,,,,,,,,,,,,,,,,,,,,,,,,,,,,,,,,,,,,,,129.61870729993097,129.6293263999978,129.6293263999978,129.6293263999978,129.8146865000017,None,,,,,,,,,,,129.8297758999979,129.8297758999979,129.8297758999979,,,,,,,,,,P8384,Bar_MIC,11,1,2026-04-09_15h27.42.794,MIC_task,,2026.1.2,60.0367665301919,2026-04-09 15h27.44.539502 +0200,
,,0,0,0,,,,,,,11,p04,bohóc,clown,6,people,entertainment,6.8,14,19,44,None,"(0.1, 0.1)",None,,,,,,,,,,,,,,0,0,0,0,0,2,2,2,0,0,0,0,129.8297758999979,,,,,,,,,,,,,,,,,,,,,,,,,,,,,,,,,,,,,,,,,,,,,,,,,,,,,,,,,,,,,,,,,,,,,,,,,,,,,,,,,,,,,,,,,,,,129.8177559999749,129.8297758999979,129.8297758999979,129.8297758999979,130.0151038999902,None,,,,,,,,,,,130.03007239999715,130.03007239999715,130.03007239999715,,,,,,,,,,P8384,Bar_MIC,11,1,2026-04-09_15h27.42.794,MIC_task,,2026.1.2,60.0367665301919,2026-04-09 15h27.44.539502 +0200,
,,1,0,1,,,,,,,11,p04,bohóc,clown,6,people,entertainment,6.8,14,19,44,None,"(0.1, 0.1)",None,,,,,,,,,,,,,,0,0,0,0,0,2,2,2,1,0,1,0,130.03007239999715,,,,,,,,,,,,,,,,,,,,,,,,,,,,,,,,,,,,,,,,,,,,,,,,,,,,,,,,,,,,,,,,,,,,,,,,,,,,,,,,,,,,,,,,,,,,130.0181513999123,130.03007239999715,130.03007239999715,130.03007239999715,130.21441749995574,None,,,,,,,,,,,130.23047989991028,130.23047989991028,130.23047989991028,,,,,,,,,,P8384,Bar_MIC,11,1,2026-04-09_15h27.42.794,MIC_task,,2026.1.2,60.0367665301919,2026-04-09 15h27.44.539502 +0200,
,,2,0,2,,,,,,,11,p04,bohóc,clown,6,people,entertainment,6.8,14,19,44,None,"(0.1, 0.1)",None,,,,,,,,,,,,,,0,0,0,0,0,2,2,2,2,0,2,0,130.23047989991028,,,,,,,,,,,,,,,,,,,,,,,,,,,,,,,,,,,,,,,,,,,,,,,,,,,,,,,,,,,,,,,,,,,,,,,,,,,,,,,,,,,,,,,,,,,,130.2175688999705,130.23047989991028,130.23047989991028,130.23047989991028,130.41510240000207,None,,,,,,,,,,,130.4308955000015,130.4308955000015,130.4308955000015,,,,,,,,,,P8384,Bar_MIC,11,1,2026-04-09_15h27.42.794,MIC_task,,2026.1.2,60.0367665301919,2026-04-09 15h27.44.539502 +0200,
,,3,0,3,,,,,,,11,p04,bohóc,clown,6,people,entertainment,6.8,14,19,44,None,"(0.1, 0.1)",None,,,,,,,,,,,,,,0,0,0,0,0,2,2,2,3,0,3,0,130.4308955000015,,,,,,,,,,,,,,,,,,,,,,,,,,,,,,,,,,,,,,,,,,,,,,,,,,,,,,,,,,,,,,,,,,,,,,,,,,,,,,,,,,,,,,,,,,,,130.41807149990927,130.4308955000015,130.4308955000015,130.4308955000015,130.61522279994097,None,,,,,,,,,,,130.63126549997833,130.63126549997833,130.63126549997833,,,,,,,,,,P8384,Bar_MIC,11,1,2026-04-09_15h27.42.794,MIC_task,,2026.1.2,60.0367665301919,2026-04-09 15h27.44.539502 +0200,
,,4,0,4,,,,,,,11,p04,bohóc,clown,6,people,entertainment,6.8,14,19,44,None,"(0.1, 0.1)",None,,,,,,,,,,,,,,0,0,0,0,0,2,2,2,4,0,4,0,130.63126549997833,,,,,,,,,,,,,,,,,,,,,,,,,,,,,,,,,,,,,,,,,,,,,,,,,,,,,,,,,,,,,,,,,,,,,,,,,,,,,,,,,,,,,,,,,,,,130.6181379999034,130.63126549997833,130.63126549997833,130.63126549997833,130.8150786999613,None,,,,,,,,,,,,,,,,,,,,,,,P8384,Bar_MIC,11,1,2026-04-09_15h27.42.794,MIC_task,,2026.1.2,60.0367665301919,2026-04-09 15h27.44.539502 +0200,
,,5,0,5,,,,,,,11,p04,bohóc,clown,6,people,entertainment,6.8,14,19,44,None,"(0.1, 0.1)",None,,,,,,,,,,,,,,0,0,0,0,0,2,2,2,5,0,5,0,130.8316394999856,,,,,,,,,,,,,,,,,,,,,,,,,,,,,,,,,,,,,,,,,,,,,,,,,,,,,,,,,,,,,,,,,,,,,,,,,,,,,,,,,,,,,,,,,,,,130.81815139995888,130.8316394999856,130.8316394999856,130.8316394999856,131.0155173999956,None,,,,,,,,,,,,,,,,,,,,,,,P8384,Bar_MIC,11,1,2026-04-09_15h27.42.794,MIC_task,,2026.1.2,60.0367665301919,2026-04-09 15h27.44.539502 +0200,
,,6,0,6,,,,,,,11,p04,bohóc,clown,6,people,entertainment,6.8,14,19,44,None,"(0.1, 0.1)",None,,,,,,,,,,,,,,0,0,0,0,0,2,2,2,6,0,6,0,131.03198229998816,,,,,,,,,,,,,,,,,,,,,,,,,,,,,,,,,,,,,,,,,,,,,,,,,,,,,,,,,,,,,,,,,,,,,,,,,,,,,,,,,,,,,,,,,,,,131.01899219991174,131.03198229998816,131.03198229998816,131.03198229998816,131.21610489999875,None,,,,,,,,,,,,,,,,,,,,,,,P8384,Bar_MIC,11,1,2026-04-09_15h27.42.794,MIC_task,,2026.1.2,60.0367665301919,2026-04-09 15h27.44.539502 +0200,
,,7,0,7,,,,,,,11,p04,bohóc,clown,6,people,entertainment,6.8,14,19,44,None,"(0.1, 0.1)",None,,,,,,,,,,,,,,0,0,0,0,0,2,2,2,7,0,7,0,131.23225689993706,,,,,,,,,,,,,,,,,,,,,,,,,,,,,,,,,,,,,,,,,,,,,,,,,,,,,,,,,,,,,,,,,,,,,,,,,,,,,,,,,,,,,,,,,,,,131.2194924999494,131.23225689993706,131.23225689993706,131.23225689993706,131.41642169991974,None,,,,,,,,,,,,,,,,,,,,,,,P8384,Bar_MIC,11,1,2026-04-09_15h27.42.794,MIC_task,,2026.1.2,60.0367665301919,2026-04-09 15h27.44.539502 +0200,
,,8,0,8,,,,,,,11,p04,bohóc,clown,6,people,entertainment,6.8,14,19,44,None,"(0.1, 0.1)",None,,,,,,,,,,,,,,0,0,0,0,0,2,2,2,8,0,8,0,131.43269769998733,,,,,,,,,,,,,,,,,,,,,,,,,,,,,,,,,,,,,,,,,,,,,,,,,,,,,,,,,,,,,,,,,,,,,,,,,,,,,,,,,,,,,,,,,,,,131.4199634999968,131.43269769998733,131.43269769998733,131.43269769998733,131.61673409992363,None,,,,,,,,,,,,,,,,,,,,,,,P8384,Bar_MIC,11,1,2026-04-09_15h27.42.794,MIC_task,,2026.1.2,60.0367665301919,2026-04-09 15h27.44.539502 +0200,
,,9,0,9,,,,,,,11,p04,bohóc,clown,6,people,entertainment,6.8,14,19,44,None,"(0.1, 0.1)",None,,,,,,,,,,,,,,0,0,0,0,0,2,2,2,9,0,9,0,131.63232989993412,,,,,,,,,,,,,,,,,,,,,,,,,,,,,,,,,,,,,,,,,,,,,,,,,,,,,,,,,,,,,,,,,,,,,,,,,,,,,,,,,,,,,,,,,,,,131.62006639991887,131.63232989993412,131.63232989993412,131.63232989993412,131.81722839991562,None,,,,,,,,,,,,,,,,,,,,,,,P8384,Bar_MIC,11,1,2026-04-09_15h27.42.794,MIC_task,,2026.1.2,60.0367665301919,2026-04-09 15h27.44.539502 +0200,
,,10,0,10,,,,,,,11,p04,bohóc,clown,6,people,entertainment,6.8,14,19,44,None,"(0.1, 0.1)",None,,,,,,,,,,,,,,0,0,0,0,0,2,2,2,10,0,10,0,131.83269079995807,,,,,,,,,,,,,,,,,,,,,,,,,,,,,,,,,,,,,,,,,,,,,,,,,,,,,,,,,,,,,,,,,,,,,,,,,,,,,,,,,,,,,,,,,,,,131.82033919997048,131.83269079995807,131.83269079995807,131.83269079995807,132.0175675000064,None,,,,,,,,,,,,,,,,,,,,,,,P8384,Bar_MIC,11,1,2026-04-09_15h27.42.794,MIC_task,,2026.1.2,60.0367665301919,2026-04-09 15h27.44.539502 +0200,
,,11,0,11,,,,,,,11,p04,bohóc,clown,6,people,entertainment,6.8,14,19,44,None,"(0.1, 0.1)",None,,,,,,,,,,,,,,0,0,0,0,0,2,2,2,11,0,11,0,132.0330602999311,,,,,,,,,,,,,,,,,,,,,,,,,,,,,,,,,,,,,,,,,,,,,,,,,,,,,,,,,,,,,,,,,,,,,,,,,,,,,,,,,,,,,,,,,,,,132.021089799935,132.0330602999311,132.0330602999311,132.0330602999311,132.21795299998485,None,,,,,,,,,,,,,,,,,,,,,,,P8384,Bar_MIC,11,1,2026-04-09_15h27.42.794,MIC_task,,2026.1.2,60.0367665301919,2026-04-09 15h27.44.539502 +0200,
,,12,0,12,,,,,,,11,p04,bohóc,clown,6,people,entertainment,6.8,14,19,44,None,"(0.1, 0.1)",None,,,,,,,,,,,,,,0,0,0,0,0,2,2,2,12,0,12,0,132.2334525999613,,,,,,,,,,,,,,,,,,,,,,,,,,,,,,,,,,,,,,,,,,,,,,,,,,,,,,,,,,,,,,,,,,,,,,,,,,,,,,,,,,,,,,,,,,,,132.22139049996622,132.2334525999613,132.2334525999613,132.2334525999613,132.4172170999227,None,,,,,,,,,,,,,,,,,,,,,,,P8384,Bar_MIC,11,1,2026-04-09_15h27.42.794,MIC_task,,2026.1.2,60.0367665301919,2026-04-09 15h27.44.539502 +0200,
,,13,0,13,,,,,,,11,p04,bohóc,clown,6,people,entertainment,6.8,14,19,44,None,"(0.1, 0.1)",None,,,,,,,,,,,,,,0,0,0,0,0,2,2,2,13,0,13,0,132.4338800999103,,,,,,,,,,,,,,,,,,,,,,,,,,,,,,,,,,,,,,,,,,,,,,,,,,,,,,,,,,,,,,,,,,,,,,,,,,,,,,,,,,,,,,,,,,,,132.42085649992805,132.4338800999103,132.4338800999103,132.4338800999103,132.6176870999625,None,,,,,,,,,,,,,,,,,,,,,,,P8384,Bar_MIC,11,1,2026-04-09_15h27.42.794,MIC_task,,2026.1.2,60.0367665301919,2026-04-09 15h27.44.539502 +0200,
,,14,0,14,,,,,,,11,p04,bohóc,clown,6,people,entertainment,6.8,14,19,44,None,"(0.1, 0.1)",None,,,,,,,,,,,,,,0,0,0,0,0,2,2,2,14,0,14,0,132.63423119997606,,,,,,,,,,,,,,,,,,,,,,,,,,,,,,,,,,,,,,,,,,,,,,,,,,,,,,,,,,,,,,,,,,,,,,,,,,,,,,,,,,,,,,,,,,,,132.62116709991824,132.63423119997606,132.63423119997606,132.63423119997606,132.81809819990303,None,,,,,,,,,,,,,,,,,,,,,,,P8384,Bar_MIC,11,1,2026-04-09_15h27.42.794,MIC_task,,2026.1.2,60.0367665301919,2026-04-09 15h27.44.539502 +0200,
,,15,0,15,,,,,,,11,p04,bohóc,clown,6,people,entertainment,6.8,14,19,44,None,"(0.1, 0.1)",None,,,,,,,,,,,,,,0,0,0,0,0,2,2,2,15,0,15,0,132.83462330000475,,,,,,,,,,,,,,,,,,,,,,,,,,,,,,,,,,,,,,,,,,,,,,,,,,,,,,,,,,,,,,,,,,,,,,,,,,,,,,,,,,,,,,,,,,,,132.8219481999986,132.83462330000475,132.83462330000475,132.83462330000475,133.01843519997783,None,,,,,,,,,,,,,,,,,,,,,,,P8384,Bar_MIC,11,1,2026-04-09_15h27.42.794,MIC_task,,2026.1.2,60.0367665301919,2026-04-09 15h27.44.539502 +0200,
,,16,0,16,,,,,,,11,p04,bohóc,clown,6,people,entertainment,6.8,14,19,44,None,"(0.1, 0.1)",None,,,,,,,,,,,,,,0,0,0,0,0,2,2,2,16,0,16,0,133.03495349991135,,,,,,,,,,,,,,,,,,,,,,,,,,,,,,,,,,,,,,,,,,,,,,,,,,,,,,,,,,,,,,,,,,,,,,,,,,,,,,,,,,,,,,,,,,,,133.02162159990985,133.03495349991135,133.03495349991135,133.03495349991135,133.21889079990797,None,,,,,,,,,,,,,,,,,,,,,,,P8384,Bar_MIC,11,1,2026-04-09_15h27.42.794,MIC_task,,2026.1.2,60.0367665301919,2026-04-09 15h27.44.539502 +0200,
,,17,0,17,,,,,,,11,p04,bohóc,clown,6,people,entertainment,6.8,14,19,44,None,"(0.1, 0.1)",None,,,,,,,,,,,,,,0,0,0,0,0,2,2,2,17,0,17,0,133.2352654999122,,,,,,,,,,,,,,,,,,,,,,,,,,,,,,,,,,,,,,,,,,,,,,,,,,,,,,,,,,,,,,,,,,,,,,,,,,,,,,,,,,,,,,,,,,,,133.2223767999094,133.2352654999122,133.2352654999122,133.2352654999122,133.41935619991273,None,,,,,,,,,,,,,,,,,,,,,,,P8384,Bar_MIC,11,1,2026-04-09_15h27.42.794,MIC_task,,2026.1.2,60.0367665301919,2026-04-09 15h27.44.539502 +0200,
,,18,0,18,,,,,,,11,p04,bohóc,clown,6,people,entertainment,6.8,14,19,44,None,"(0.1, 0.1)",None,,,,,,,,,,,,,,0,0,0,0,0,2,2,2,18,0,18,0,133.43565439991653,,,,,,,,,,,,,,,,,,,,,,,,,,,,,,,,,,,,,,,,,,,,,,,,,,,,,,,,,,,,,,,,,,,,,,,,,,,,,,,,,,,,,,,,,,,,133.42295869998634,133.43565439991653,133.43565439991653,133.43565439991653,133.61969269998372,None,,,,,,,,,,,,,,,,,,,,,,,P8384,Bar_MIC,11,1,2026-04-09_15h27.42.794,MIC_task,,2026.1.2,60.0367665301919,2026-04-09 15h27.44.539502 +0200,
,,19,0,19,,,,,,,11,p04,bohóc,clown,6,people,entertainment,6.8,14,19,44,None,"(0.1, 0.1)",None,,,,,,,,,,,,,,0,0,0,0,0,2,2,2,19,0,19,0,133.6359930000035,,,,,,,,,,,,,,,,,,,,,,,,,,,,,,,,,,,,,,,,,,,,,,,,,,,,,,,,,,,,,,,,,,,,,,,,,,,,,,,,,,,,,,,,,,,,133.6229187999852,133.6359930000035,133.6359930000035,133.6359930000035,133.82018499996047,None,,,,,,,,,,,,,,,,,,,,,,,P8384,Bar_MIC,11,1,2026-04-09_15h27.42.794,MIC_task,,2026.1.2,60.0367665301919,2026-04-09 15h27.44.539502 +0200,
,,20,0,20,,,,,,,11,p04,bohóc,clown,6,people,entertainment,6.8,14,19,44,None,"(0.1, 0.1)",space,0.055756499990820885,None,,,,,,,,,,,,0,0,0,0,0,2,2,2,20,0,20,0,133.83642379997764,,,,,,,,,,,,,,,,,,,,,,,,,,,,,,,,,,,,,,,,,,,,,,,,,,,,,,,,,,,,,,,,,,,,,,,,,,,,,,,,,,,,,,,,,,,,133.82351339992601,133.83642379997764,133.83642379997764,133.83642379997764,133.90362669993192,space,0.055756499990820885,None,,,,,,,,,,,,,,,,,,,,,P8384,Bar_MIC,11,1,2026-04-09_15h27.42.794,MIC_task,,2026.1.2,60.0367665301919,2026-04-09 15h27.44.539502 +0200,
,,2,2,0,,,,space,0.29895489988848567,None,11,p04,bohóc,clown,6,people,entertainment,6.8,14,19,44,None,"(0.1, 0.1)",,,,,,,,,,,,,,,0,0,0,0,0,2,2,2,,,,,,,,,,,,,,,,,,,,,,,,,,,,,,,,,,,,,,,,,,,,,,,,,,,,,,,,,,,,,,,,,,,,,,,,,,,,,,,,,133.96635109989438,133.972750899964,133.96946276656044,135.9059014999075,,,,,,137.91005619999487,137.92555369995534,137.92555369995534,138.2274671999039,,,,,,,,,,,,135.9392727999948,135.94435669993982,135.95579739992974,137.84256639995147,137.9099656000035,space,0.29895489988848567,None,,,,,,,,,,,,,P8384,Bar_MIC,11,1,2026-04-09_15h27.42.794,MIC_task,,2026.1.2,60.0367665301919,2026-04-09 15h27.44.539502 +0200,
,,0,0,0,,,,,,,11,t06,sátor,tent,8,tools,camping,4.8,110,None,None,None,"(-0.1, -0.1)",None,,,,,,,,,,,,,,0,0,0,0,0,3,3,3,0,0,0,0,138.2520668999059,,,,,,,,,,,,,,,,,,,,,,,,,,,,,,,,,,,,,,,,,,,,,,,,,,,,,,,,,,,,,,,,,,,,,,,,,,,,,,,,,,,,,,,,,,,,138.24683999991976,138.2520668999059,138.2520668999059,138.2520668999059,138.42758979997598,None,,,,,,,,,,,,,,,,,,,,,,,P8384,Bar_MIC,11,1,2026-04-09_15h27.42.794,MIC_task,,2026.1.2,60.0367665301919,2026-04-09 15h27.44.539502 +0200,
,,0,0,0,,,,,,,11,t06,sátor,tent,8,tools,camping,4.8,110,None,None,None,"(-0.1, -0.1)",None,,,,,,,,,,,,,,0,0,0,0,0,3,3,3,0,0,0,0,138.44348049990367,,,,,,,,,,,,,,,,,,,,,,,,,,,,,,,,,,,,,,,,,,,,,,,,,,,,,,,,,,,,,,,,,,,,,,,,,,,,,,,,,,,,,,,,,,,,138.43085109989624,138.44348049990367,138.44348049990367,138.44348049990367,138.62772599991877,None,,,,,,,,,,,138.64312899997458,138.64312899997458,138.64312899997458,,,,,,,,,,P8384,Bar_MIC,11,1,2026-04-09_15h27.42.794,MIC_task,,2026.1.2,60.0367665301919,2026-04-09 15h27.44.539502 +0200,
,,1,0,1,,,,,,,11,t06,sátor,tent,8,tools,camping,4.8,110,None,None,None,"(-0.1, -0.1)",None,,,,,,,,,,,,,,0,0,0,0,0,3,3,3,1,0,1,0,138.64312899997458,,,,,,,,,,,,,,,,,,,,,,,,,,,,,,,,,,,,,,,,,,,,,,,,,,,,,,,,,,,,,,,,,,,,,,,,,,,,,,,,,,,,,,,,,,,,138.63069699995685,138.64312899997458,138.64312899997458,138.64312899997458,138.82806119997986,None,,,,,,,,,,,,,,,,,,,,,,,P8384,Bar_MIC,11,1,2026-04-09_15h27.42.794,MIC_task,,2026.1.2,60.0367665301919,2026-04-09 15h27.44.539502 +0200,
,,2,0,2,,,,,,,11,t06,sátor,tent,8,tools,camping,4.8,110,None,None,None,"(-0.1, -0.1)",None,,,,,,,,,,,,,,0,0,0,0,0,3,3,3,2,0,2,0,138.84348069992848,,,,,,,,,,,,,,,,,,,,,,,,,,,,,,,,,,,,,,,,,,,,,,,,,,,,,,,,,,,,,,,,,,,,,,,,,,,,,,,,,,,,,,,,,,,,138.83092999993823,138.84348069992848,138.84348069992848,138.84348069992848,139.02848999993876,None,,,,,,,,,,,,,,,,,,,,,,,P8384,Bar_MIC,11,1,2026-04-09_15h27.42.794,MIC_task,,2026.1.2,60.0367665301919,2026-04-09 15h27.44.539502 +0200,
,,3,0,3,,,,,,,11,t06,sátor,tent,8,tools,camping,4.8,110,None,None,None,"(-0.1, -0.1)",None,,,,,,,,,,,,,,0,0,0,0,0,3,3,3,3,0,3,0,139.04398249997757,,,,,,,,,,,,,,,,,,,,,,,,,,,,,,,,,,,,,,,,,,,,,,,,,,,,,,,,,,,,,,,,,,,,,,,,,,,,,,,,,,,,,,,,,,,,139.03156599996146,139.04398249997757,139.04398249997757,139.04398249997757,139.22764669999015,None,,,,,,,,,,,,,,,,,,,,,,,P8384,Bar_MIC,11,1,2026-04-09_15h27.42.794,MIC_task,,2026.1.2,60.0367665301919,2026-04-09 15h27.44.539502 +0200,
,,4,0,4,,,,,,,11,t06,sátor,tent,8,tools,camping,4.8,110,None,None,None,"(-0.1, -0.1)",None,,,,,,,,,,,,,,0,0,0,0,0,3,3,3,4,0,4,0,139.24426799989305,,,,,,,,,,,,,,,,,,,,,,,,,,,,,,,,,,,,,,,,,,,,,,,,,,,,,,,,,,,,,,,,,,,,,,,,,,,,,,,,,,,,,,,,,,,,139.2306329999119,139.24426799989305,139.24426799989305,139.24426799989305,139.42806679999921,None,,,,,,,,,,,,,,,,,,,,,,,P8384,Bar_MIC,11,1,2026-04-09_15h27.42.794,MIC_task,,2026.1.2,60.0367665301919,2026-04-09 15h27.44.539502 +0200,
,,5,0,5,,,,,,,11,t06,sátor,tent,8,tools,camping,4.8,110,None,None,None,"(-0.1, -0.1)",None,,,,,,,,,,,,,,0,0,0,0,0,3,3,3,5,0,5,0,139.44468989991583,,,,,,,,,,,,,,,,,,,,,,,,,,,,,,,,,,,,,,,,,,,,,,,,,,,,,,,,,,,,,,,,,,,,,,,,,,,,,,,,,,,,,,,,,,,,139.43118469999172,139.44468989991583,139.44468989991583,139.44468989991583,139.6285261999583,None,,,,,,,,,,,,,,,,,,,,,,,P8384,Bar_MIC,11,1,2026-04-09_15h27.42.794,MIC_task,,2026.1.2,60.0367665301919,2026-04-09 15h27.44.539502 +0200,
,,6,0,6,,,,,,,11,t06,sátor,tent,8,tools,camping,4.8,110,None,None,None,"(-0.1, -0.1)",None,,,,,,,,,,,,,,0,0,0,0,0,3,3,3,6,0,6,0,139.6450243999716,,,,,,,,,,,,,,,,,,,,,,,,,,,,,,,,,,,,,,,,,,,,,,,,,,,,,,,,,,,,,,,,,,,,,,,,,,,,,,,,,,,,,,,,,,,,139.63177069998346,139.6450243999716,139.6450243999716,139.6450243999716,139.8289166999748,None,,,,,,,,,,,,,,,,,,,,,,,P8384,Bar_MIC,11,1,2026-04-09_15h27.42.794,MIC_task,,2026.1.2,60.0367665301919,2026-04-09 15h27.44.539502 +0200,
,,7,0,7,,,,,,,11,t06,sátor,tent,8,tools,camping,4.8,110,None,None,None,"(-0.1, -0.1)",None,,,,,,,,,,,,,,0,0,0,0,0,3,3,3,7,0,7,0,139.84536839998327,,,,,,,,,,,,,,,,,,,,,,,,,,,,,,,,,,,,,,,,,,,,,,,,,,,,,,,,,,,,,,,,,,,,,,,,,,,,,,,,,,,,,,,,,,,,139.83192989998497,139.84536839998327,139.84536839998327,139.84536839998327,140.0292761999881,None,,,,,,,,,,,,,,,,,,,,,,,P8384,Bar_MIC,11,1,2026-04-09_15h27.42.794,MIC_task,,2026.1.2,60.0367665301919,2026-04-09 15h27.44.539502 +0200,
,,8,0,8,,,,,,,11,t06,sátor,tent,8,tools,camping,4.8,110,None,None,None,"(-0.1, -0.1)",None,,,,,,,,,,,,,,0,0,0,0,0,3,3,3,8,0,8,0,140.04580169997644,,,,,,,,,,,,,,,,,,,,,,,,,,,,,,,,,,,,,,,,,,,,,,,,,,,,,,,,,,,,,,,,,,,,,,,,,,,,,,,,,,,,,,,,,,,,140.03244689991698,140.04580169997644,140.04580169997644,140.04580169997644,140.23027139995247,None,,,,,,,,,,,,,,,,,,,,,,,P8384,Bar_MIC,11,1,2026-04-09_15h27.42.794,MIC_task,,2026.1.2,60.0367665301919,2026-04-09 15h27.44.539502 +0200,
,,9,0,9,,,,,,,11,t06,sátor,tent,8,tools,camping,4.8,110,None,None,None,"(-0.1, -0.1)",None,,,,,,,,,,,,,,0,0,0,0,0,3,3,3,9,0,9,0,140.2460235999897,,,,,,,,,,,,,,,,,,,,,,,,,,,,,,,,,,,,,,,,,,,,,,,,,,,,,,,,,,,,,,,,,,,,,,,,,,,,,,,,,,,,,,,,,,,,140.23332879994996,140.2460235999897,140.2460235999897,140.2460235999897,140.43067829997744,None,,,,,,,,,,,,,,,,,,,,,,,P8384,Bar_MIC,11,1,2026-04-09_15h27.42.794,MIC_task,,2026.1.2,60.0367665301919,2026-04-09 15h27.44.539502 +0200,
,,10,0,10,,,,,,,11,t06,sátor,tent,8,tools,camping,4.8,110,None,None,None,"(-0.1, -0.1)",None,,,,,,,,,,,,,,0,0,0,0,0,3,3,3,10,0,10,0,140.44654829998035,,,,,,,,,,,,,,,,,,,,,,,,,,,,,,,,,,,,,,,,,,,,,,,,,,,,,,,,,,,,,,,,,,,,,,,,,,,,,,,,,,,,,,,,,,,,140.4337807999691,140.44654829998035,140.44654829998035,140.44654829998035,140.63090949994512,None,,,,,,,,,,,,,,,,,,,,,,,P8384,Bar_MIC,11,1,2026-04-09_15h27.42.794,MIC_task,,2026.1.2,60.0367665301919,2026-04-09 15h27.44.539502 +0200,
,,11,0,11,,,,,,,11,t06,sátor,tent,8,tools,camping,4.8,110,None,None,None,"(-0.1, -0.1)",None,,,,,,,,,,,,,,0,0,0,0,0,3,3,3,11,0,11,0,140.64691659994423,,,,,,,,,,,,,,,,,,,,,,,,,,,,,,,,,,,,,,,,,,,,,,,,,,,,,,,,,,,,,,,,,,,,,,,,,,,,,,,,,,,,,,,,,,,,140.63356079999357,140.64691659994423,140.64691659994423,140.64691659994423,140.83092809992377,None,,,,,,,,,,,,,,,,,,,,,,,P8384,Bar_MIC,11,1,2026-04-09_15h27.42.794,MIC_task,,2026.1.2,60.0367665301919,2026-04-09 15h27.44.539502 +0200,
,,12,0,12,,,,,,,11,t06,sátor,tent,8,tools,camping,4.8,110,None,None,None,"(-0.1, -0.1)",None,,,,,,,,,,,,,,0,0,0,0,0,3,3,3,12,0,12,0,140.84640649997164,,,,,,,,,,,,,,,,,,,,,,,,,,,,,,,,,,,,,,,,,,,,,,,,,,,,,,,,,,,,,,,,,,,,,,,,,,,,,,,,,,,,,,,,,,,,140.83425849990454,140.84640649997164,140.84640649997164,140.84640649997164,141.03142079990357,None,,,,,,,,,,,,,,,,,,,,,,,P8384,Bar_MIC,11,1,2026-04-09_15h27.42.794,MIC_task,,2026.1.2,60.0367665301919,2026-04-09 15h27.44.539502 +0200,
,,13,0,13,,,,,,,11,t06,sátor,tent,8,tools,camping,4.8,110,None,None,None,"(-0.1, -0.1)",None,,,,,,,,,,,,,,0,0,0,0,0,3,3,3,13,0,13,0,141.04685759998392,,,,,,,,,,,,,,,,,,,,,,,,,,,,,,,,,,,,,,,,,,,,,,,,,,,,,,,,,,,,,,,,,,,,,,,,,,,,,,,,,,,,,,,,,,,,141.03416939999443,141.04685759998392,141.04685759998392,141.04685759998392,141.231860699947,None,,,,,,,,,,,,,,,,,,,,,,,P8384,Bar_MIC,11,1,2026-04-09_15h27.42.794,MIC_task,,2026.1.2,60.0367665301919,2026-04-09 15h27.44.539502 +0200,
,,14,0,14,,,,,,,11,t06,sátor,tent,8,tools,camping,4.8,110,None,None,None,"(-0.1, -0.1)",None,,,,,,,,,,,,,,0,0,0,0,0,3,3,3,14,0,14,0,141.24723839992657,,,,,,,,,,,,,,,,,,,,,,,,,,,,,,,,,,,,,,,,,,,,,,,,,,,,,,,,,,,,,,,,,,,,,,,,,,,,,,,,,,,,,,,,,,,,141.2351756999269,141.24723839992657,141.24723839992657,141.24723839992657,141.4310034000082,None,,,,,,,,,,,,,,,,,,,,,,,P8384,Bar_MIC,11,1,2026-04-09_15h27.42.794,MIC_task,,2026.1.2,60.0367665301919,2026-04-09 15h27.44.539502 +0200,
,,15,0,15,,,,,,,11,t06,sátor,tent,8,tools,camping,4.8,110,None,None,None,"(-0.1, -0.1)",None,,,,,,,,,,,,,,0,0,0,0,0,3,3,3,15,0,15,0,141.44770549994428,,,,,,,,,,,,,,,,,,,,,,,,,,,,,,,,,,,,,,,,,,,,,,,,,,,,,,,,,,,,,,,,,,,,,,,,,,,,,,,,,,,,,,,,,,,,141.43406939995475,141.44770549994428,141.44770549994428,141.44770549994428,141.631370899966,None,,,,,,,,,,,,,,,,,,,,,,,P8384,Bar_MIC,11,1,2026-04-09_15h27.42.794,MIC_task,,2026.1.2,60.0367665301919,2026-04-09 15h27.44.539502 +0200,
,,16,0,16,,,,,,,11,t06,sátor,tent,8,tools,camping,4.8,110,None,None,None,"(-0.1, -0.1)",None,,,,,,,,,,,,,,0,0,0,0,0,3,3,3,16,0,16,0,141.64804519992322,,,,,,,,,,,,,,,,,,,,,,,,,,,,,,,,,,,,,,,,,,,,,,,,,,,,,,,,,,,,,,,,,,,,,,,,,,,,,,,,,,,,,,,,,,,,141.63438429997768,141.64804519992322,141.64804519992322,141.64804519992322,141.83185099996626,None,,,,,,,,,,,,,,,,,,,,,,,P8384,Bar_MIC,11,1,2026-04-09_15h27.42.794,MIC_task,,2026.1.2,60.0367665301919,2026-04-09 15h27.44.539502 +0200,
,,17,0,17,,,,,,,11,t06,sátor,tent,8,tools,camping,4.8,110,None,None,None,"(-0.1, -0.1)",None,,,,,,,,,,,,,,0,0,0,0,0,3,3,3,17,0,17,0,141.84836770000402,,,,,,,,,,,,,,,,,,,,,,,,,,,,,,,,,,,,,,,,,,,,,,,,,,,,,,,,,,,,,,,,,,,,,,,,,,,,,,,,,,,,,,,,,,,,141.83482609991916,141.84836770000402,141.84836770000402,141.84836770000402,142.0325086999219,None,,,,,,,,,,,,,,,,,,,,,,,P8384,Bar_MIC,11,1,2026-04-09_15h27.42.794,MIC_task,,2026.1.2,60.0367665301919,2026-04-09 15h27.44.539502 +0200,
,,18,0,18,,,,,,,11,t06,sátor,tent,8,tools,camping,4.8,110,None,None,None,"(-0.1, -0.1)",None,,,,,,,,,,,,,,0,0,0,0,0,3,3,3,18,0,18,0,142.0488120999653,,,,,,,,,,,,,,,,,,,,,,,,,,,,,,,,,,,,,,,,,,,,,,,,,,,,,,,,,,,,,,,,,,,,,,,,,,,,,,,,,,,,,,,,,,,,142.03539370000362,142.0488120999653,142.0488120999653,142.0488120999653,142.23285229993053,None,,,,,,,,,,,,,,,,,,,,,,,P8384,Bar_MIC,11,1,2026-04-09_15h27.42.794,MIC_task,,2026.1.2,60.0367665301919,2026-04-09 15h27.44.539502 +0200,
,,19,0,19,,,,,,,11,t06,sátor,tent,8,tools,camping,4.8,110,None,None,None,"(-0.1, -0.1)",None,,,,,,,,,,,,,,0,0,0,0,0,3,3,3,19,0,19,0,142.24924849998206,,,,,,,,,,,,,,,,,,,,,,,,,,,,,,,,,,,,,,,,,,,,,,,,,,,,,,,,,,,,,,,,,,,,,,,,,,,,,,,,,,,,,,,,,,,,142.23565459996462,142.24924849998206,142.24924849998206,142.24924849998206,142.4331137998961,None,,,,,,,,,,,,,,,,,,,,,,,P8384,Bar_MIC,11,1,2026-04-09_15h27.42.794,MIC_task,,2026.1.2,60.0367665301919,2026-04-09 15h27.44.539502 +0200,
,,20,0,20,,,,,,,11,t06,sátor,tent,8,tools,camping,4.8,110,None,None,None,"(-0.1, -0.1)",None,,,,,,,,,,,,,,0,0,0,0,0,3,3,3,20,0,20,0,142.4495102999499,,,,,,,,,,,,,,,,,,,,,,,,,,,,,,,,,,,,,,,,,,,,,,,,,,,,,,,,,,,,,,,,,,,,,,,,,,,,,,,,,,,,,,,,,,,,142.43601029994898,142.4495102999499,142.4495102999499,142.4495102999499,142.63386850000825,None,,,,,,,,,,,,,,,,,,,,,,,P8384,Bar_MIC,11,1,2026-04-09_15h27.42.794,MIC_task,,2026.1.2,60.0367665301919,2026-04-09 15h27.44.539502 +0200,
,,21,0,21,,,,,,,11,t06,sátor,tent,8,tools,camping,4.8,110,None,None,None,"(-0.1, -0.1)",None,,,,,,,,,,,,,,0,0,0,0,0,3,3,3,21,0,21,0,142.64977799996268,,,,,,,,,,,,,,,,,,,,,,,,,,,,,,,,,,,,,,,,,,,,,,,,,,,,,,,,,,,,,,,,,,,,,,,,,,,,,,,,,,,,,,,,,,,,142.63701009994838,142.64977799996268,142.64977799996268,142.64977799996268,142.8339778999798,None,,,,,,,,,,,,,,,,,,,,,,,P8384,Bar_MIC,11,1,2026-04-09_15h27.42.794,MIC_task,,2026.1.2,60.0367665301919,2026-04-09 15h27.44.539502 +0200,
,,22,0,22,,,,,,,11,t06,sátor,tent,8,tools,camping,4.8,110,None,None,None,"(-0.1, -0.1)",None,,,,,,,,,,,,,,0,0,0,0,0,3,3,3,22,0,22,0,142.8494015999604,,,,,,,,,,,,,,,,,,,,,,,,,,,,,,,,,,,,,,,,,,,,,,,,,,,,,,,,,,,,,,,,,,,,,,,,,,,,,,,,,,,,,,,,,,,,142.83683429996017,142.8494015999604,142.8494015999604,142.8494015999604,143.03315219993237,None,,,,,,,,,,,,,,,,,,,,,,,P8384,Bar_MIC,11,1,2026-04-09_15h27.42.794,MIC_task,,2026.1.2,60.0367665301919,2026-04-09 15h27.44.539502 +0200,
,,23,0,23,,,,,,,11,t06,sátor,tent,8,tools,camping,4.8,110,None,None,None,"(-0.1, -0.1)",None,,,,,,,,,,,,,,0,0,0,0,0,3,3,3,23,0,23,0,143.04984759993386,,,,,,,,,,,,,,,,,,,,,,,,,,,,,,,,,,,,,,,,,,,,,,,,,,,,,,,,,,,,,,,,,,,,,,,,,,,,,,,,,,,,,,,,,,,,143.03632499999367,143.04984759993386,143.04984759993386,143.04984759993386,143.23466259997804,None,,,,,,,,,,,,,,,,,,,,,,,P8384,Bar_MIC,11,1,2026-04-09_15h27.42.794,MIC_task,,2026.1.2,60.0367665301919,2026-04-09 15h27.44.539502 +0200,
,,24,0,24,,,,,,,11,t06,sátor,tent,8,tools,camping,4.8,110,None,None,None,"(-0.1, -0.1)",None,,,,,,,,,,,,,,0,0,0,0,0,3,3,3,24,0,24,0,143.2502092999639,,,,,,,,,,,,,,,,,,,,,,,,,,,,,,,,,,,,,,,,,,,,,,,,,,,,,,,,,,,,,,,,,,,,,,,,,,,,,,,,,,,,,,,,,,,,143.23734819993842,143.2502092999639,143.2502092999639,143.2502092999639,143.43518009991385,None,,,,,,,,,,,,,,,,,,,,,,,P8384,Bar_MIC,11,1,2026-04-09_15h27.42.794,MIC_task,,2026.1.2,60.0367665301919,2026-04-09 15h27.44.539502 +0200,
,,25,0,25,,,,,,,11,t06,sátor,tent,8,tools,camping,4.8,110,None,None,None,"(-0.1, -0.1)",None,,,,,,,,,,,,,,0,0,0,0,0,3,3,3,25,0,25,0,143.45066440000664,,,,,,,,,,,,,,,,,,,,,,,,,,,,,,,,,,,,,,,,,,,,,,,,,,,,,,,,,,,,,,,,,,,,,,,,,,,,,,,,,,,,,,,,,,,,143.4378521000035,143.45066440000664,143.45066440000664,143.45066440000664,143.635723699932,None,,,,,,,,,,,,,,,,,,,,,,,P8384,Bar_MIC,11,1,2026-04-09_15h27.42.794,MIC_task,,2026.1.2,60.0367665301919,2026-04-09 15h27.44.539502 +0200,
,,26,0,26,,,,,,,11,t06,sátor,tent,8,tools,camping,4.8,110,None,None,None,"(-0.1, -0.1)",None,,,,,,,,,,,,,,0,0,0,0,0,3,3,3,26,0,26,0,143.65095889999066,,,,,,,,,,,,,,,,,,,,,,,,,,,,,,,,,,,,,,,,,,,,,,,,,,,,,,,,,,,,,,,,,,,,,,,,,,,,,,,,,,,,,,,,,,,,143.63848189997952,143.65095889999066,143.65095889999066,143.65095889999066,143.83476539992262,None,,,,,,,,,,,,,,,,,,,,,,,P8384,Bar_MIC,11,1,2026-04-09_15h27.42.794,MIC_task,,2026.1.2,60.0367665301919,2026-04-09 15h27.44.539502 +0200,
,,27,0,27,,,,,,,11,t06,sátor,tent,8,tools,camping,4.8,110,None,None,None,"(-0.1, -0.1)",None,,,,,,,,,,,,,,0,0,0,0,0,3,3,3,27,0,27,0,143.851384999929,,,,,,,,,,,,,,,,,,,,,,,,,,,,,,,,,,,,,,,,,,,,,,,,,,,,,,,,,,,,,,,,,,,,,,,,,,,,,,,,,,,,,,,,,,,,143.8376367999008,143.851384999929,143.851384999929,143.851384999929,144.03529589995742,None,,,,,,,,,,,,,,,,,,,,,,,P8384,Bar_MIC,11,1,2026-04-09_15h27.42.794,MIC_task,,2026.1.2,60.0367665301919,2026-04-09 15h27.44.539502 +0200,
,,28,0,28,,,,,,,11,t06,sátor,tent,8,tools,camping,4.8,110,None,None,None,"(-0.1, -0.1)",None,,,,,,,,,,,,,,0,0,0,0,0,3,3,3,28,0,28,0,144.05175699992105,,,,,,,,,,,,,,,,,,,,,,,,,,,,,,,,,,,,,,,,,,,,,,,,,,,,,,,,,,,,,,,,,,,,,,,,,,,,,,,,,,,,,,,,,,,,144.03807589993812,144.05175699992105,144.05175699992105,144.05175699992105,144.23580609995406,None,,,,,,,,,,,,,,,,,,,,,,,P8384,Bar_MIC,11,1,2026-04-09_15h27.42.794,MIC_task,,2026.1.2,60.0367665301919,2026-04-09 15h27.44.539502 +0200,
,,29,0,29,,,,,,,11,t06,sátor,tent,8,tools,camping,4.8,110,None,None,None,"(-0.1, -0.1)",None,,,,,,,,,,,,,,0,0,0,0,0,3,3,3,29,0,29,0,144.25214599992614,,,,,,,,,,,,,,,,,,,,,,,,,,,,,,,,,,,,,,,,,,,,,,,,,,,,,,,,,,,,,,,,,,,,,,,,,,,,,,,,,,,,,,,,,,,,144.23878999997396,144.25214599992614,144.25214599992614,144.25214599992614,144.43594639992807,None,,,,,,,,,,,,,,,,,,,,,,,P8384,Bar_MIC,11,1,2026-04-09_15h27.42.794,MIC_task,,2026.1.2,60.0367665301919,2026-04-09 15h27.44.539502 +0200,
,,30,0,30,,,,,,,11,t06,sátor,tent,8,tools,camping,4.8,110,None,None,None,"(-0.1, -0.1)",space,0.1212934999493882,None,,,,,,,,,,,,0,0,0,0,0,3,3,3,30,0,30,0,144.452495799982,,,,,,,,,,,,,,,,,,,,,,,,,,,,,,,,,,,,,,,,,,,,,,,,,,,,,,,,,,,,,,,,,,,,,,,,,,,,,,,,,,,,,,,,,,,,144.43874019989744,144.452495799982,144.452495799982,144.452495799982,144.58677479997277,space,0.1212934999493882,None,,,,,,,,,,,,,,,,,,,,,P8384,Bar_MIC,11,1,2026-04-09_15h27.42.794,MIC_task,,2026.1.2,60.0367665301919,2026-04-09 15h27.44.539502 +0200,
,,3,3,0,,,,space,0.49602910003159195,None,11,t06,sátor,tent,8,tools,camping,4.8,110,None,None,None,"(-0.1, -0.1)",,,,,,,,,,,,,,,0,0,0,0,0,3,3,3,,,,,,,,,,,,,,,,,,,,,,,,,,,,,,,,,,,,,,,,,,,,,,,,,,,,,,,,,,,,,,,,,,,,,,,,,,,,,,,,,144.6514836999122,144.6567231999943,144.6525919665738,146.58952699997462,,,,,,148.59310709999409,148.608526899945,148.608526899945,149.11136649991386,,,,,,,,,,,,146.61891739990097,146.62403139995877,146.62274273322743,148.52564499992877,148.59306290000677,space,0.49602910003159195,None,,,,,,,,,,,,,P8384,Bar_MIC,11,1,2026-04-09_15h27.42.794,MIC_task,,2026.1.2,60.0367665301919,2026-04-09 15h27.44.539502 +0200,
,,0,0,0,,,,,,,11,pl03,kukorica,corn,7,plants,field,4.8,76,None,115,None,"(0, 0.1)",None,,,,,,,,,,,,,,0,0,0,0,0,4,4,4,0,0,0,0,149.13670909998473,,,,,,,,,,,,,,,,,,,,,,,,,,,,,,,,,,,,,,,,,,,,,,,,,,,,,,,,,,,,,,,,,,,,,,,,,,,,,,,,,,,,,,,,,,,,149.13108379999176,149.13670909998473,149.13670909998473,149.13670909998473,149.32750499993563,None,,,,,,,,,,,,,,,,,,,,,,,P8384,Bar_MIC,11,1,2026-04-09_15h27.42.794,MIC_task,,2026.1.2,60.0367665301919,2026-04-09 15h27.44.539502 +0200,
,,0,0,0,,,,,,,11,pl03,kukorica,corn,7,plants,field,4.8,76,None,115,None,"(0, 0.1)",None,,,,,,,,,,,,,,0,0,0,0,0,4,4,4,0,0,0,0,149.34302669996396,,,,,,,,,,,,,,,,,,,,,,,,,,,,,,,,,,,,,,,,,,,,,,,,,,,,,,,,,,,,,,,,,,,,,,,,,,,,,,,,,,,,,,,,,,,,149.3309520999901,149.34302669996396,149.34302669996396,149.34302669996396,149.52795929997228,None,,,,,,,,,,,,,,,,,,,,,,,P8384,Bar_MIC,11,1,2026-04-09_15h27.42.794,MIC_task,,2026.1.2,60.0367665301919,2026-04-09 15h27.44.539502 +0200,
,,1,0,1,,,,,,,11,pl03,kukorica,corn,7,plants,field,4.8,76,None,115,None,"(0, 0.1)",None,,,,,,,,,,,,,,0,0,0,0,0,4,4,4,1,0,1,0,149.54336749995127,,,,,,,,,,,,,,,,,,,,,,,,,,,,,,,,,,,,,,,,,,,,,,,,,,,,,,,,,,,,,,,,,,,,,,,,,,,,,,,,,,,,,,,,,,,,149.5310513000004,149.54336749995127,149.54336749995127,149.54336749995127,149.71154129994102,None,,,,,,,,,,,,,,,,,,,,,,,P8384,Bar_MIC,11,1,2026-04-09_15h27.42.794,MIC_task,,2026.1.2,60.0367665301919,2026-04-09 15h27.44.539502 +0200,
,,2,0,2,,,,,,,11,pl03,kukorica,corn,7,plants,field,4.8,76,None,115,None,"(0, 0.1)",None,,,,,,,,,,,,,,0,0,0,0,0,4,4,4,2,0,2,0,149.7269828999415,,,,,,,,,,,,,,,,,,,,,,,,,,,,,,,,,,,,,,,,,,,,,,,,,,,,,,,,,,,,,,,,,,,,,,,,,,,,,,,,,,,,,,,,,,,,149.714965299936,149.7269828999415,149.7269828999415,149.7269828999415,149.91118329996243,None,,,,,,,,,,,149.92739999992773,149.92739999992773,149.92739999992773,,,,,,,,,,P8384,Bar_MIC,11,1,2026-04-09_15h27.42.794,MIC_task,,2026.1.2,60.0367665301919,2026-04-09 15h27.44.539502 +0200,
,,3,0,3,,,,,,,11,pl03,kukorica,corn,7,plants,field,4.8,76,None,115,None,"(0, 0.1)",None,,,,,,,,,,,,,,0,0,0,0,0,4,4,4,3,0,3,0,149.92739999992773,,,,,,,,,,,,,,,,,,,,,,,,,,,,,,,,,,,,,,,,,,,,,,,,,,,,,,,,,,,,,,,,,,,,,,,,,,,,,,,,,,,,,,,,,,,,149.91440199990757,149.92739999992773,149.92739999992773,149.92739999992773,150.11161179991905,None,,,,,,,,,,,150.1277543999022,150.1277543999022,150.1277543999022,,,,,,,,,,P8384,Bar_MIC,11,1,2026-04-09_15h27.42.794,MIC_task,,2026.1.2,60.0367665301919,2026-04-09 15h27.44.539502 +0200,
,,4,0,4,,,,,,,11,pl03,kukorica,corn,7,plants,field,4.8,76,None,115,None,"(0, 0.1)",None,,,,,,,,,,,,,,0,0,0,0,0,4,4,4,4,0,4,0,150.1277543999022,,,,,,,,,,,,,,,,,,,,,,,,,,,,,,,,,,,,,,,,,,,,,,,,,,,,,,,,,,,,,,,,,,,,,,,,,,,,,,,,,,,,,,,,,,,,150.11474699992687,150.1277543999022,150.1277543999022,150.1277543999022,150.31164109997917,None,,,,,,,,,,,,,,,,,,,,,,,P8384,Bar_MIC,11,1,2026-04-09_15h27.42.794,MIC_task,,2026.1.2,60.0367665301919,2026-04-09 15h27.44.539502 +0200,
,,5,0,5,,,,,,,11,pl03,kukorica,corn,7,plants,field,4.8,76,None,115,None,"(0, 0.1)",None,,,,,,,,,,,,,,0,0,0,0,0,4,4,4,5,0,5,0,150.32802969997283,,,,,,,,,,,,,,,,,,,,,,,,,,,,,,,,,,,,,,,,,,,,,,,,,,,,,,,,,,,,,,,,,,,,,,,,,,,,,,,,,,,,,,,,,,,,150.31481229991186,150.32802969997283,150.32802969997283,150.32802969997283,150.51197239989415,None,,,,,,,,,,,,,,,,,,,,,,,P8384,Bar_MIC,11,1,2026-04-09_15h27.42.794,MIC_task,,2026.1.2,60.0367665301919,2026-04-09 15h27.44.539502 +0200,
,,6,0,6,,,,,,,11,pl03,kukorica,corn,7,plants,field,4.8,76,None,115,None,"(0, 0.1)",None,,,,,,,,,,,,,,0,0,0,0,0,4,4,4,6,0,6,0,150.5283946999116,,,,,,,,,,,,,,,,,,,,,,,,,,,,,,,,,,,,,,,,,,,,,,,,,,,,,,,,,,,,,,,,,,,,,,,,,,,,,,,,,,,,,,,,,,,,150.5155219999142,150.5283946999116,150.5283946999116,150.5283946999116,150.71250919997692,None,,,,,,,,,,,,,,,,,,,,,,,P8384,Bar_MIC,11,1,2026-04-09_15h27.42.794,MIC_task,,2026.1.2,60.0367665301919,2026-04-09 15h27.44.539502 +0200,
,,7,0,7,,,,,,,11,pl03,kukorica,corn,7,plants,field,4.8,76,None,115,None,"(0, 0.1)",None,,,,,,,,,,,,,,0,0,0,0,0,4,4,4,7,0,7,0,150.72871519997716,,,,,,,,,,,,,,,,,,,,,,,,,,,,,,,,,,,,,,,,,,,,,,,,,,,,,,,,,,,,,,,,,,,,,,,,,,,,,,,,,,,,,,,,,,,,150.71585269994102,150.72871519997716,150.72871519997716,150.72871519997716,150.91277989989612,None,,,,,,,,,,,,,,,,,,,,,,,P8384,Bar_MIC,11,1,2026-04-09_15h27.42.794,MIC_task,,2026.1.2,60.0367665301919,2026-04-09 15h27.44.539502 +0200,
,,8,0,8,,,,,,,11,pl03,kukorica,corn,7,plants,field,4.8,76,None,115,None,"(0, 0.1)",None,,,,,,,,,,,,,,0,0,0,0,0,4,4,4,8,0,8,0,150.92915389989503,,,,,,,,,,,,,,,,,,,,,,,,,,,,,,,,,,,,,,,,,,,,,,,,,,,,,,,,,,,,,,,,,,,,,,,,,,,,,,,,,,,,,,,,,,,,150.91619629994966,150.92915389989503,150.92915389989503,150.92915389989503,151.11328679998405,None,,,,,,,,,,,,,,,,,,,,,,,P8384,Bar_MIC,11,1,2026-04-09_15h27.42.794,MIC_task,,2026.1.2,60.0367665301919,2026-04-09 15h27.44.539502 +0200,
,,9,0,9,,,,,,,11,pl03,kukorica,corn,7,plants,field,4.8,76,None,115,None,"(0, 0.1)",None,,,,,,,,,,,,,,0,0,0,0,0,4,4,4,9,0,9,0,151.12874799990095,,,,,,,,,,,,,,,,,,,,,,,,,,,,,,,,,,,,,,,,,,,,,,,,,,,,,,,,,,,,,,,,,,,,,,,,,,,,,,,,,,,,,,,,,,,,151.11668019997887,151.12874799990095,151.12874799990095,151.12874799990095,151.31362409994472,None,,,,,,,,,,,,,,,,,,,,,,,P8384,Bar_MIC,11,1,2026-04-09_15h27.42.794,MIC_task,,2026.1.2,60.0367665301919,2026-04-09 15h27.44.539502 +0200,
,,10,0,10,,,,,,,11,pl03,kukorica,corn,7,plants,field,4.8,76,None,115,None,"(0, 0.1)",None,,,,,,,,,,,,,,0,0,0,0,0,4,4,4,10,0,10,0,151.33211409999058,,,,,,,,,,,,,,,,,,,,,,,,,,,,,,,,,,,,,,,,,,,,,,,,,,,,,,,,,,,,,,,,,,,,,,,,,,,,,,,,,,,,,,,,,,,,151.31679009995423,151.33211409999058,151.33211409999058,151.33211409999058,151.51425849995576,None,,,,,,,,,,,,,,,,,,,,,,,P8384,Bar_MIC,11,1,2026-04-09_15h27.42.794,MIC_task,,2026.1.2,60.0367665301919,2026-04-09 15h27.44.539502 +0200,
,,11,0,11,,,,,,,11,pl03,kukorica,corn,7,plants,field,4.8,76,None,115,None,"(0, 0.1)",None,,,,,,,,,,,,,,0,0,0,0,0,4,4,4,11,0,11,0,151.52950609999243,,,,,,,,,,,,,,,,,,,,,,,,,,,,,,,,,,,,,,,,,,,,,,,,,,,,,,,,,,,,,,,,,,,,,,,,,,,,,,,,,,,,,,,,,,,,151.51752899994608,151.52950609999243,151.52950609999243,151.52950609999243,151.71454989991616,None,,,,,,,,,,,,,,,,,,,,,,,P8384,Bar_MIC,11,1,2026-04-09_15h27.42.794,MIC_task,,2026.1.2,60.0367665301919,2026-04-09 15h27.44.539502 +0200,
,,12,0,12,,,,,,,11,pl03,kukorica,corn,7,plants,field,4.8,76,None,115,None,"(0, 0.1)",None,,,,,,,,,,,,,,0,0,0,0,0,4,4,4,12,0,12,0,151.72995680000167,,,,,,,,,,,,,,,,,,,,,,,,,,,,,,,,,,,,,,,,,,,,,,,,,,,,,,,,,,,,,,,,,,,,,,,,,,,,,,,,,,,,,,,,,,,,151.71745489991736,151.72995680000167,151.72995680000167,151.72995680000167,151.91382699995302,None,,,,,,,,,,,,,,,,,,,,,,,P8384,Bar_MIC,11,1,2026-04-09_15h27.42.794,MIC_task,,2026.1.2,60.0367665301919,2026-04-09 15h27.44.539502 +0200,
,,13,0,13,,,,,,,11,pl03,kukorica,corn,7,plants,field,4.8,76,None,115,None,"(0, 0.1)",None,,,,,,,,,,,,,,0,0,0,0,0,4,4,4,13,0,13,0,151.93032619997393,,,,,,,,,,,,,,,,,,,,,,,,,,,,,,,,,,,,,,,,,,,,,,,,,,,,,,,,,,,,,,,,,,,,,,,,,,,,,,,,,,,,,,,,,,,,151.91693710000254,151.93032619997393,151.93032619997393,151.93032619997393,152.11408389999997,None,,,,,,,,,,,,,,,,,,,,,,,P8384,Bar_MIC,11,1,2026-04-09_15h27.42.794,MIC_task,,2026.1.2,60.0367665301919,2026-04-09 15h27.44.539502 +0200,
,,14,0,14,,,,,,,11,pl03,kukorica,corn,7,plants,field,4.8,76,None,115,None,"(0, 0.1)",None,,,,,,,,,,,,,,0,0,0,0,0,4,4,4,14,0,14,0,152.1307175999973,,,,,,,,,,,,,,,,,,,,,,,,,,,,,,,,,,,,,,,,,,,,,,,,,,,,,,,,,,,,,,,,,,,,,,,,,,,,,,,,,,,,,,,,,,,,152.1171294999076,152.1307175999973,152.1307175999973,152.1307175999973,152.31455109990202,None,,,,,,,,,,,,,,,,,,,,,,,P8384,Bar_MIC,11,1,2026-04-09_15h27.42.794,MIC_task,,2026.1.2,60.0367665301919,2026-04-09 15h27.44.539502 +0200,
,,15,0,15,,,,,,,11,pl03,kukorica,corn,7,plants,field,4.8,76,None,115,None,"(0, 0.1)",None,,,,,,,,,,,,,,0,0,0,0,0,4,4,4,15,0,15,0,152.33108709997032,,,,,,,,,,,,,,,,,,,,,,,,,,,,,,,,,,,,,,,,,,,,,,,,,,,,,,,,,,,,,,,,,,,,,,,,,,,,,,,,,,,,,,,,,,,,152.31780089996755,152.33108709997032,152.33108709997032,152.33108709997032,152.51492240000516,None,,,,,,,,,,,,,,,,,,,,,,,P8384,Bar_MIC,11,1,2026-04-09_15h27.42.794,MIC_task,,2026.1.2,60.0367665301919,2026-04-09 15h27.44.539502 +0200,
,,16,0,16,,,,,,,11,pl03,kukorica,corn,7,plants,field,4.8,76,None,115,None,"(0, 0.1)",None,,,,,,,,,,,,,,0,0,0,0,0,4,4,4,16,0,16,0,152.53148609993514,,,,,,,,,,,,,,,,,,,,,,,,,,,,,,,,,,,,,,,,,,,,,,,,,,,,,,,,,,,,,,,,,,,,,,,,,,,,,,,,,,,,,,,,,,,,152.51785269996617,152.53148609993514,152.53148609993514,152.53148609993514,152.71531969995704,None,,,,,,,,,,,,,,,,,,,,,,,P8384,Bar_MIC,11,1,2026-04-09_15h27.42.794,MIC_task,,2026.1.2,60.0367665301919,2026-04-09 15h27.44.539502 +0200,
,,17,0,17,,,,,,,11,pl03,kukorica,corn,7,plants,field,4.8,76,None,115,None,"(0, 0.1)",None,,,,,,,,,,,,,,0,0,0,0,0,4,4,4,17,0,17,0,152.73176199989393,,,,,,,,,,,,,,,,,,,,,,,,,,,,,,,,,,,,,,,,,,,,,,,,,,,,,,,,,,,,,,,,,,,,,,,,,,,,,,,,,,,,,,,,,,,,152.7187584999483,152.73176199989393,152.73176199989393,152.73176199989393,152.9158225998981,None,,,,,,,,,,,,,,,,,,,,,,,P8384,Bar_MIC,11,1,2026-04-09_15h27.42.794,MIC_task,,2026.1.2,60.0367665301919,2026-04-09 15h27.44.539502 +0200,
,,18,0,18,,,,,,,11,pl03,kukorica,corn,7,plants,field,4.8,76,None,115,None,"(0, 0.1)",None,,,,,,,,,,,,,,0,0,0,0,0,4,4,4,18,0,18,0,152.93211269995663,,,,,,,,,,,,,,,,,,,,,,,,,,,,,,,,,,,,,,,,,,,,,,,,,,,,,,,,,,,,,,,,,,,,,,,,,,,,,,,,,,,,,,,,,,,,152.9187808999559,152.93211269995663,152.93211269995663,152.93211269995663,153.11628979991656,None,,,,,,,,,,,,,,,,,,,,,,,P8384,Bar_MIC,11,1,2026-04-09_15h27.42.794,MIC_task,,2026.1.2,60.0367665301919,2026-04-09 15h27.44.539502 +0200,
,,19,0,19,,,,,,,11,pl03,kukorica,corn,7,plants,field,4.8,76,None,115,None,"(0, 0.1)",None,,,,,,,,,,,,,,0,0,0,0,0,4,4,4,19,0,19,0,153.13254219992086,,,,,,,,,,,,,,,,,,,,,,,,,,,,,,,,,,,,,,,,,,,,,,,,,,,,,,,,,,,,,,,,,,,,,,,,,,,,,,,,,,,,,,,,,,,,153.11932929989416,153.13254219992086,153.13254219992086,153.13254219992086,153.31658699992113,None,,,,,,,,,,,,,,,,,,,,,,,P8384,Bar_MIC,11,1,2026-04-09_15h27.42.794,MIC_task,,2026.1.2,60.0367665301919,2026-04-09 15h27.44.539502 +0200,
,,20,0,20,,,,,,,11,pl03,kukorica,corn,7,plants,field,4.8,76,None,115,None,"(0, 0.1)",space,0.032327800057828426,None,,,,,,,,,,,,0,0,0,0,0,4,4,4,20,0,20,0,153.3329028999433,,,,,,,,,,,,,,,,,,,,,,,,,,,,,,,,,,,,,,,,,,,,,,,,,,,,,,,,,,,,,,,,,,,,,,,,,,,,,,,,,,,,,,,,,,,,153.3195903999731,153.3329028999433,153.3329028999433,153.3329028999433,153.36785639997106,space,0.032327800057828426,None,,,,,,,,,,,,,,,,,,,,,P8384,Bar_MIC,11,1,2026-04-09_15h27.42.794,MIC_task,,2026.1.2,60.0367665301919,2026-04-09 15h27.44.539502 +0200,
,,4,4,0,,,,space,0.2749831998953596,None,11,pl03,kukorica,corn,7,plants,field,4.8,76,None,115,None,"(0, 0.1)",,,,,,,,,,,,,,,0,0,0,0,0,4,4,4,,,,,,,,,,,,,,,,,,,,,,,,,,,,,,,,,,,,,,,,,,,,,,,,,,,,,,,,,,,,,,,,,,,,,,,,,,,,,,,,,153.43272789998446,153.4388696999522,153.43356506656082,155.3702683999436,,,,,,157.3730214999523,157.3898645999143,157.3898645999143,157.6735457999166,,,,,,,,,,,,155.3983781998977,155.40345919993706,155.40348223329835,157.3054928999627,157.37297589995433,space,0.2749831998953596,None,,,,,,,,,,,,,P8384,Bar_MIC,11,1,2026-04-09_15h27.42.794,MIC_task,,2026.1.2,60.0367665301919,2026-04-09 15h27.44.539502 +0200,
,,0,0,0,,,,,,,11,f18,dinnye,melon,4,food,fruit,6.4,22,25,50,None,"(0.1, 0)",None,,,,,,,,,,,,,,0,0,0,0,0,5,5,5,0,0,0,0,157.69936519989278,,,,,,,,,,,,,,,,,,,,,,,,,,,,,,,,,,,,,,,,,,,,,,,,,,,,,,,,,,,,,,,,,,,,,,,,,,,,,,,,,,,,,,,,,,,,157.69386119989213,157.69936519989278,157.69936519989278,157.69936519989278,157.89005599997472,None,,,,,,,,,,,,,,,,,,,,,,,P8384,Bar_MIC,11,1,2026-04-09_15h27.42.794,MIC_task,,2026.1.2,60.0367665301919,2026-04-09 15h27.44.539502 +0200,
,,0,0,0,,,,,,,11,f18,dinnye,melon,4,food,fruit,6.4,22,25,50,None,"(0.1, 0)",None,,,,,,,,,,,,,,0,0,0,0,0,5,5,5,0,0,0,0,157.90636609995272,,,,,,,,,,,,,,,,,,,,,,,,,,,,,,,,,,,,,,,,,,,,,,,,,,,,,,,,,,,,,,,,,,,,,,,,,,,,,,,,,,,,,,,,,,,,157.89322359999642,157.90636609995272,157.90636609995272,157.90636609995272,158.07370279997122,None,,,,,,,,,,,,,,,,,,,,,,,P8384,Bar_MIC,11,1,2026-04-09_15h27.42.794,MIC_task,,2026.1.2,60.0367665301919,2026-04-09 15h27.44.539502 +0200,
,,1,0,1,,,,,,,11,f18,dinnye,melon,4,food,fruit,6.4,22,25,50,None,"(0.1, 0)",None,,,,,,,,,,,,,,0,0,0,0,0,5,5,5,1,0,1,0,158.090017599985,,,,,,,,,,,,,,,,,,,,,,,,,,,,,,,,,,,,,,,,,,,,,,,,,,,,,,,,,,,,,,,,,,,,,,,,,,,,,,,,,,,,,,,,,,,,158.07708550000098,158.090017599985,158.090017599985,158.090017599985,158.27408989996184,None,,,,,,,,,,,,,,,,,,,,,,,P8384,Bar_MIC,11,1,2026-04-09_15h27.42.794,MIC_task,,2026.1.2,60.0367665301919,2026-04-09 15h27.44.539502 +0200,
,,2,0,2,,,,,,,11,f18,dinnye,melon,4,food,fruit,6.4,22,25,50,None,"(0.1, 0)",None,,,,,,,,,,,,,,0,0,0,0,0,5,5,5,2,0,2,0,158.29046439996455,,,,,,,,,,,,,,,,,,,,,,,,,,,,,,,,,,,,,,,,,,,,,,,,,,,,,,,,,,,,,,,,,,,,,,,,,,,,,,,,,,,,,,,,,,,,158.276902899961,158.29046439996455,158.29046439996455,158.29046439996455,158.47452719998546,None,,,,,,,,,,,,,,,,,,,,,,,P8384,Bar_MIC,11,1,2026-04-09_15h27.42.794,MIC_task,,2026.1.2,60.0367665301919,2026-04-09 15h27.44.539502 +0200,
,,3,0,3,,,,,,,11,f18,dinnye,melon,4,food,fruit,6.4,22,25,50,None,"(0.1, 0)",None,,,,,,,,,,,,,,0,0,0,0,0,5,5,5,3,0,3,0,158.49089469993487,,,,,,,,,,,,,,,,,,,,,,,,,,,,,,,,,,,,,,,,,,,,,,,,,,,,,,,,,,,,,,,,,,,,,,,,,,,,,,,,,,,,,,,,,,,,158.477611899958,158.49089469993487,158.49089469993487,158.49089469993487,158.6749571999535,None,,,,,,,,,,,,,,,,,,,,,,,P8384,Bar_MIC,11,1,2026-04-09_15h27.42.794,MIC_task,,2026.1.2,60.0367665301919,2026-04-09 15h27.44.539502 +0200,
,,4,0,4,,,,,,,11,f18,dinnye,melon,4,food,fruit,6.4,22,25,50,None,"(0.1, 0)",None,,,,,,,,,,,,,,0,0,0,0,0,5,5,5,4,0,4,0,158.69045499991626,,,,,,,,,,,,,,,,,,,,,,,,,,,,,,,,,,,,,,,,,,,,,,,,,,,,,,,,,,,,,,,,,,,,,,,,,,,,,,,,,,,,,,,,,,,,158.67810009990353,158.69045499991626,158.69045499991626,158.69045499991626,158.87538379989564,None,,,,,,,,,,,,,,,,,,,,,,,P8384,Bar_MIC,11,1,2026-04-09_15h27.42.794,MIC_task,,2026.1.2,60.0367665301919,2026-04-09 15h27.44.539502 +0200,
,,5,0,5,,,,,,,11,f18,dinnye,melon,4,food,fruit,6.4,22,25,50,None,"(0.1, 0)",None,,,,,,,,,,,,,,0,0,0,0,0,5,5,5,5,0,5,0,158.8909258999629,,,,,,,,,,,,,,,,,,,,,,,,,,,,,,,,,,,,,,,,,,,,,,,,,,,,,,,,,,,,,,,,,,,,,,,,,,,,,,,,,,,,,,,,,,,,158.8787509999238,158.8909258999629,158.8909258999629,158.8909258999629,159.07571189990267,None,,,,,,,,,,,,,,,,,,,,,,,P8384,Bar_MIC,11,1,2026-04-09_15h27.42.794,MIC_task,,2026.1.2,60.0367665301919,2026-04-09 15h27.44.539502 +0200,
,,6,0,6,,,,,,,11,f18,dinnye,melon,4,food,fruit,6.4,22,25,50,None,"(0.1, 0)",None,,,,,,,,,,,,,,0,0,0,0,0,5,5,5,6,0,6,0,159.09124409989454,,,,,,,,,,,,,,,,,,,,,,,,,,,,,,,,,,,,,,,,,,,,,,,,,,,,,,,,,,,,,,,,,,,,,,,,,,,,,,,,,,,,,,,,,,,,159.0787590999389,159.09124409989454,159.09124409989454,159.09124409989454,159.27509989996906,None,,,,,,,,,,,,,,,,,,,,,,,P8384,Bar_MIC,11,1,2026-04-09_15h27.42.794,MIC_task,,2026.1.2,60.0367665301919,2026-04-09 15h27.44.539502 +0200,
,,7,0,7,,,,,,,11,f18,dinnye,melon,4,food,fruit,6.4,22,25,50,None,"(0.1, 0)",None,,,,,,,,,,,,,,0,0,0,0,0,5,5,5,7,0,7,0,159.29159949999303,,,,,,,,,,,,,,,,,,,,,,,,,,,,,,,,,,,,,,,,,,,,,,,,,,,,,,,,,,,,,,,,,,,,,,,,,,,,,,,,,,,,,,,,,,,,159.27845669991802,159.29159949999303,159.29159949999303,159.29159949999303,159.47660729999188,None,,,,,,,,,,,,,,,,,,,,,,,P8384,Bar_MIC,11,1,2026-04-09_15h27.42.794,MIC_task,,2026.1.2,60.0367665301919,2026-04-09 15h27.44.539502 +0200,
,,8,0,8,,,,,,,11,f18,dinnye,melon,4,food,fruit,6.4,22,25,50,None,"(0.1, 0)",None,,,,,,,,,,,,,,0,0,0,0,0,5,5,5,8,0,8,0,159.4919662999455,,,,,,,,,,,,,,,,,,,,,,,,,,,,,,,,,,,,,,,,,,,,,,,,,,,,,,,,,,,,,,,,,,,,,,,,,,,,,,,,,,,,,,,,,,,,159.48027379997075,159.4919662999455,159.4919662999455,159.4919662999455,159.67571689991746,None,,,,,,,,,,,,,,,,,,,,,,,P8384,Bar_MIC,11,1,2026-04-09_15h27.42.794,MIC_task,,2026.1.2,60.0367665301919,2026-04-09 15h27.44.539502 +0200,
,,9,0,9,,,,,,,11,f18,dinnye,melon,4,food,fruit,6.4,22,25,50,None,"(0.1, 0)",None,,,,,,,,,,,,,,0,0,0,0,0,5,5,5,9,0,9,0,159.69238569994923,,,,,,,,,,,,,,,,,,,,,,,,,,,,,,,,,,,,,,,,,,,,,,,,,,,,,,,,,,,,,,,,,,,,,,,,,,,,,,,,,,,,,,,,,,,,159.67876889999025,159.69238569994923,159.69238569994923,159.69238569994923,159.87632839998696,None,,,,,,,,,,,,,,,,,,,,,,,P8384,Bar_MIC,11,1,2026-04-09_15h27.42.794,MIC_task,,2026.1.2,60.0367665301919,2026-04-09 15h27.44.539502 +0200,
,,10,0,10,,,,,,,11,f18,dinnye,melon,4,food,fruit,6.4,22,25,50,None,"(0.1, 0)",None,,,,,,,,,,,,,,0,0,0,0,0,5,5,5,10,0,10,0,159.8927110999357,,,,,,,,,,,,,,,,,,,,,,,,,,,,,,,,,,,,,,,,,,,,,,,,,,,,,,,,,,,,,,,,,,,,,,,,,,,,,,,,,,,,,,,,,,,,159.879740400007,159.8927110999357,159.8927110999357,159.8927110999357,160.07677269994747,None,,,,,,,,,,,,,,,,,,,,,,,P8384,Bar_MIC,11,1,2026-04-09_15h27.42.794,MIC_task,,2026.1.2,60.0367665301919,2026-04-09 15h27.44.539502 +0200,
,,11,0,11,,,,,,,11,f18,dinnye,melon,4,food,fruit,6.4,22,25,50,None,"(0.1, 0)",None,,,,,,,,,,,,,,0,0,0,0,0,5,5,5,11,0,11,0,160.09309249999933,,,,,,,,,,,,,,,,,,,,,,,,,,,,,,,,,,,,,,,,,,,,,,,,,,,,,,,,,,,,,,,,,,,,,,,,,,,,,,,,,,,,,,,,,,,,160.07969449996017,160.09309249999933,160.09309249999933,160.09309249999933,160.2770994999446,None,,,,,,,,,,,,,,,,,,,,,,,P8384,Bar_MIC,11,1,2026-04-09_15h27.42.794,MIC_task,,2026.1.2,60.0367665301919,2026-04-09 15h27.44.539502 +0200,
,,12,0,12,,,,,,,11,f18,dinnye,melon,4,food,fruit,6.4,22,25,50,None,"(0.1, 0)",None,,,,,,,,,,,,,,0,0,0,0,0,5,5,5,12,0,12,0,160.29341229994316,,,,,,,,,,,,,,,,,,,,,,,,,,,,,,,,,,,,,,,,,,,,,,,,,,,,,,,,,,,,,,,,,,,,,,,,,,,,,,,,,,,,,,,,,,,,160.2804988999851,160.29341229994316,160.29341229994316,160.29341229994316,160.47746819991153,None,,,,,,,,,,,,,,,,,,,,,,,P8384,Bar_MIC,11,1,2026-04-09_15h27.42.794,MIC_task,,2026.1.2,60.0367665301919,2026-04-09 15h27.44.539502 +0200,
,,13,0,13,,,,,,,11,f18,dinnye,melon,4,food,fruit,6.4,22,25,50,None,"(0.1, 0)",None,,,,,,,,,,,,,,0,0,0,0,0,5,5,5,13,0,13,0,160.49379419989418,,,,,,,,,,,,,,,,,,,,,,,,,,,,,,,,,,,,,,,,,,,,,,,,,,,,,,,,,,,,,,,,,,,,,,,,,,,,,,,,,,,,,,,,,,,,160.48047740000766,160.49379419989418,160.49379419989418,160.49379419989418,160.67793039989192,None,,,,,,,,,,,,,,,,,,,,,,,P8384,Bar_MIC,11,1,2026-04-09_15h27.42.794,MIC_task,,2026.1.2,60.0367665301919,2026-04-09 15h27.44.539502 +0200,
,,14,0,14,,,,,,,11,f18,dinnye,melon,4,food,fruit,6.4,22,25,50,None,"(0.1, 0)",None,,,,,,,,,,,,,,0,0,0,0,0,5,5,5,14,0,14,0,160.69419619999826,,,,,,,,,,,,,,,,,,,,,,,,,,,,,,,,,,,,,,,,,,,,,,,,,,,,,,,,,,,,,,,,,,,,,,,,,,,,,,,,,,,,,,,,,,,,160.68096439994406,160.69419619999826,160.69419619999826,160.69419619999826,160.8782834999729,None,,,,,,,,,,,,,,,,,,,,,,,P8384,Bar_MIC,11,1,2026-04-09_15h27.42.794,MIC_task,,2026.1.2,60.0367665301919,2026-04-09 15h27.44.539502 +0200,
,,15,0,15,,,,,,,11,f18,dinnye,melon,4,food,fruit,6.4,22,25,50,None,"(0.1, 0)",space,0.010888500022701919,None,,,,,,,,,,,,0,0,0,0,0,5,5,5,15,0,15,0,160.89373839995824,,,,,,,,,,,,,,,,,,,,,,,,,,,,,,,,,,,,,,,,,,,,,,,,,,,,,,,,,,,,,,,,,,,,,,,,,,,,,,,,,,,,,,,,,,,,160.8816706999205,160.89373839995824,160.89373839995824,160.89373839995824,160.91162539995275,space,0.010888500022701919,None,,,,,,,,,,,,,,,,,,,,,P8384,Bar_MIC,11,1,2026-04-09_15h27.42.794,MIC_task,,2026.1.2,60.0367665301919,2026-04-09 15h27.44.539502 +0200,
,,5,5,0,,,,space,0.4822490999940783,None,11,f18,dinnye,melon,4,food,fruit,6.4,22,25,50,None,"(0.1, 0)",,,,,,,,,,,,,,,0,0,0,0,0,5,5,5,,,,,,,,,,,,,,,,,,,,,,,,,,,,,,,,,,,,,,,,,,,,,,,,,,,,,,,,,,,,,,,,,,,,,,,,,,,,,,,,,160.9738491999451,160.98013439995702,160.97750646657468,162.9139101000037,,,,,,164.91774139995687,164.93447739991825,164.93447739991825,165.41868070000783,,,,,,,,,,,,162.93973839993123,162.94501839997247,162.94712213322833,164.8335708999075,164.9176957999589,space,0.4822490999940783,None,,,,,,,,,,,,,P8384,Bar_MIC,11,1,2026-04-09_15h27.42.794,MIC_task,,2026.1.2,60.0367665301919,2026-04-09 15h27.44.539502 +0200,
,,0,0,0,,,,,,,11,a20,zsiráf,giraffe,1,animal,mammal,6.6,12,23,60,None,"(0, 0)",None,,,,,,,,,,,,,,0,0,0,0,0,6,6,6,0,0,0,0,165.44476819992997,,,,,,,,,,,,,,,,,,,,,,,,,,,,,,,,,,,,,,,,,,,,,,,,,,,,,,,,,,,,,,,,,,,,,,,,,,,,,,,,,,,,,,,,,,,,165.4387922999449,165.44476819992997,165.44476819992997,165.44476819992997,165.6353580999421,None,,,,,,,,,,,,,,,,,,,,,,,P8384,Bar_MIC,11,1,2026-04-09_15h27.42.794,MIC_task,,2026.1.2,60.0367665301919,2026-04-09 15h27.44.539502 +0200,
,,0,0,0,,,,,,,11,a20,zsiráf,giraffe,1,animal,mammal,6.6,12,23,60,None,"(0, 0)",None,,,,,,,,,,,,,,0,0,0,0,0,6,6,6,0,0,0,0,165.65176349994726,,,,,,,,,,,,,,,,,,,,,,,,,,,,,,,,,,,,,,,,,,,,,,,,,,,,,,,,,,,,,,,,,,,,,,,,,,,,,,,,,,,,,,,,,,,,165.63834099995438,165.65176349994726,165.65176349994726,165.65176349994726,165.81902319996152,None,,,,,,,,,,,,,,,,,,,,,,,P8384,Bar_MIC,11,1,2026-04-09_15h27.42.794,MIC_task,,2026.1.2,60.0367665301919,2026-04-09 15h27.44.539502 +0200,
,,1,0,1,,,,,,,11,a20,zsiráf,giraffe,1,animal,mammal,6.6,12,23,60,None,"(0, 0)",None,,,,,,,,,,,,,,0,0,0,0,0,6,6,6,1,0,1,0,165.83451549999882,,,,,,,,,,,,,,,,,,,,,,,,,,,,,,,,,,,,,,,,,,,,,,,,,,,,,,,,,,,,,,,,,,,,,,,,,,,,,,,,,,,,,,,,,,,,165.8225756000029,165.83451549999882,165.83451549999882,165.83451549999882,166.0194077999331,None,,,,,,,,,,,,,,,,,,,,,,,P8384,Bar_MIC,11,1,2026-04-09_15h27.42.794,MIC_task,,2026.1.2,60.0367665301919,2026-04-09 15h27.44.539502 +0200,
,,2,0,2,,,,,,,11,a20,zsiráf,giraffe,1,animal,mammal,6.6,12,23,60,None,"(0, 0)",None,,,,,,,,,,,,,,0,0,0,0,0,6,6,6,2,0,2,0,166.03566039993893,,,,,,,,,,,,,,,,,,,,,,,,,,,,,,,,,,,,,,,,,,,,,,,,,,,,,,,,,,,,,,,,,,,,,,,,,,,,,,,,,,,,,,,,,,,,166.02260519994888,166.03566039993893,166.03566039993893,166.03566039993893,166.21988649992272,None,,,,,,,,,,,,,,,,,,,,,,,P8384,Bar_MIC,11,1,2026-04-09_15h27.42.794,MIC_task,,2026.1.2,60.0367665301919,2026-04-09 15h27.44.539502 +0200,
,,3,0,3,,,,,,,11,a20,zsiráf,giraffe,1,animal,mammal,6.6,12,23,60,None,"(0, 0)",None,,,,,,,,,,,,,,0,0,0,0,0,6,6,6,3,0,3,0,166.23534769995604,,,,,,,,,,,,,,,,,,,,,,,,,,,,,,,,,,,,,,,,,,,,,,,,,,,,,,,,,,,,,,,,,,,,,,,,,,,,,,,,,,,,,,,,,,,,166.22341979993507,166.23534769995604,166.23534769995604,166.23534769995604,166.42025289998855,None,,,,,,,,,,,,,,,,,,,,,,,P8384,Bar_MIC,11,1,2026-04-09_15h27.42.794,MIC_task,,2026.1.2,60.0367665301919,2026-04-09 15h27.44.539502 +0200,
,,4,0,4,,,,,,,11,a20,zsiráf,giraffe,1,animal,mammal,6.6,12,23,60,None,"(0, 0)",None,,,,,,,,,,,,,,0,0,0,0,0,6,6,6,4,0,4,0,166.43573349993676,,,,,,,,,,,,,,,,,,,,,,,,,,,,,,,,,,,,,,,,,,,,,,,,,,,,,,,,,,,,,,,,,,,,,,,,,,,,,,,,,,,,,,,,,,,,166.42354849993717,166.43573349993676,166.43573349993676,166.43573349993676,166.62070859991945,None,,,,,,,,,,,,,,,,,,,,,,,P8384,Bar_MIC,11,1,2026-04-09_15h27.42.794,MIC_task,,2026.1.2,60.0367665301919,2026-04-09 15h27.44.539502 +0200,
,,5,0,5,,,,,,,11,a20,zsiráf,giraffe,1,animal,mammal,6.6,12,23,60,None,"(0, 0)",None,,,,,,,,,,,,,,0,0,0,0,0,6,6,6,5,0,5,0,166.63614109996706,,,,,,,,,,,,,,,,,,,,,,,,,,,,,,,,,,,,,,,,,,,,,,,,,,,,,,,,,,,,,,,,,,,,,,,,,,,,,,,,,,,,,,,,,,,,166.62421989999712,166.63614109996706,166.63614109996706,166.63614109996706,166.819824499893,None,,,,,,,,,,,,,,,,,,,,,,,P8384,Bar_MIC,11,1,2026-04-09_15h27.42.794,MIC_task,,2026.1.2,60.0367665301919,2026-04-09 15h27.44.539502 +0200,
,,6,0,6,,,,,,,11,a20,zsiráf,giraffe,1,animal,mammal,6.6,12,23,60,None,"(0, 0)",None,,,,,,,,,,,,,,0,0,0,0,0,6,6,6,6,0,6,0,166.83648969989736,,,,,,,,,,,,,,,,,,,,,,,,,,,,,,,,,,,,,,,,,,,,,,,,,,,,,,,,,,,,,,,,,,,,,,,,,,,,,,,,,,,,,,,,,,,,166.82308429991826,166.83648969989736,166.83648969989736,166.83648969989736,167.0202597999014,None,,,,,,,,,,,,,,,,,,,,,,,P8384,Bar_MIC,11,1,2026-04-09_15h27.42.794,MIC_task,,2026.1.2,60.0367665301919,2026-04-09 15h27.44.539502 +0200,
,,7,0,7,,,,,,,11,a20,zsiráf,giraffe,1,animal,mammal,6.6,12,23,60,None,"(0, 0)",None,,,,,,,,,,,,,,0,0,0,0,0,6,6,6,7,0,7,0,167.03692089999095,,,,,,,,,,,,,,,,,,,,,,,,,,,,,,,,,,,,,,,,,,,,,,,,,,,,,,,,,,,,,,,,,,,,,,,,,,,,,,,,,,,,,,,,,,,,167.02350519993342,167.03692089999095,167.03692089999095,167.03692089999095,167.2206528999377,None,,,,,,,,,,,,,,,,,,,,,,,P8384,Bar_MIC,11,1,2026-04-09_15h27.42.794,MIC_task,,2026.1.2,60.0367665301919,2026-04-09 15h27.44.539502 +0200,
,,8,0,8,,,,,,,11,a20,zsiráf,giraffe,1,animal,mammal,6.6,12,23,60,None,"(0, 0)",None,,,,,,,,,,,,,,0,0,0,0,0,6,6,6,8,0,8,0,167.23725089989603,,,,,,,,,,,,,,,,,,,,,,,,,,,,,,,,,,,,,,,,,,,,,,,,,,,,,,,,,,,,,,,,,,,,,,,,,,,,,,,,,,,,,,,,,,,,167.223708699923,167.23725089989603,167.23725089989603,167.23725089989603,167.42132849991322,None,,,,,,,,,,,,,,,,,,,,,,,P8384,Bar_MIC,11,1,2026-04-09_15h27.42.794,MIC_task,,2026.1.2,60.0367665301919,2026-04-09 15h27.44.539502 +0200,
,,9,0,9,,,,,,,11,a20,zsiráf,giraffe,1,animal,mammal,6.6,12,23,60,None,"(0, 0)",None,,,,,,,,,,,,,,0,0,0,0,0,6,6,6,9,0,9,0,167.4376422999194,,,,,,,,,,,,,,,,,,,,,,,,,,,,,,,,,,,,,,,,,,,,,,,,,,,,,,,,,,,,,,,,,,,,,,,,,,,,,,,,,,,,,,,,,,,,167.42495789995883,167.4376422999194,167.4376422999194,167.4376422999194,167.62186089996248,None,,,,,,,,,,,,,,,,,,,,,,,P8384,Bar_MIC,11,1,2026-04-09_15h27.42.794,MIC_task,,2026.1.2,60.0367665301919,2026-04-09 15h27.44.539502 +0200,
,,10,0,10,,,,,,,11,a20,zsiráf,giraffe,1,animal,mammal,6.6,12,23,60,None,"(0, 0)",None,,,,,,,,,,,,,,0,0,0,0,0,6,6,6,10,0,10,0,167.63798100000713,,,,,,,,,,,,,,,,,,,,,,,,,,,,,,,,,,,,,,,,,,,,,,,,,,,,,,,,,,,,,,,,,,,,,,,,,,,,,,,,,,,,,,,,,,,,167.6254190999316,167.63798100000713,167.63798100000713,167.63798100000713,167.82208439998794,None,,,,,,,,,,,,,,,,,,,,,,,P8384,Bar_MIC,11,1,2026-04-09_15h27.42.794,MIC_task,,2026.1.2,60.0367665301919,2026-04-09 15h27.44.539502 +0200,
,,11,0,11,,,,,,,11,a20,zsiráf,giraffe,1,animal,mammal,6.6,12,23,60,None,"(0, 0)",None,,,,,,,,,,,,,,0,0,0,0,0,6,6,6,11,0,11,0,167.838344699936,,,,,,,,,,,,,,,,,,,,,,,,,,,,,,,,,,,,,,,,,,,,,,,,,,,,,,,,,,,,,,,,,,,,,,,,,,,,,,,,,,,,,,,,,,,,167.82555359997787,167.838344699936,167.838344699936,167.838344699936,168.02244789991528,None,,,,,,,,,,,,,,,,,,,,,,,P8384,Bar_MIC,11,1,2026-04-09_15h27.42.794,MIC_task,,2026.1.2,60.0367665301919,2026-04-09 15h27.44.539502 +0200,
,,12,0,12,,,,,,,11,a20,zsiráf,giraffe,1,animal,mammal,6.6,12,23,60,None,"(0, 0)",None,,,,,,,,,,,,,,0,0,0,0,0,6,6,6,12,0,12,0,168.03865309990942,,,,,,,,,,,,,,,,,,,,,,,,,,,,,,,,,,,,,,,,,,,,,,,,,,,,,,,,,,,,,,,,,,,,,,,,,,,,,,,,,,,,,,,,,,,,168.02646299998742,168.03865309990942,168.03865309990942,168.03865309990942,168.22273599996697,None,,,,,,,,,,,,,,,,,,,,,,,P8384,Bar_MIC,11,1,2026-04-09_15h27.42.794,MIC_task,,2026.1.2,60.0367665301919,2026-04-09 15h27.44.539502 +0200,
,,13,0,13,,,,,,,11,a20,zsiráf,giraffe,1,animal,mammal,6.6,12,23,60,None,"(0, 0)",None,,,,,,,,,,,,,,0,0,0,0,0,6,6,6,13,0,13,0,168.23905799991917,,,,,,,,,,,,,,,,,,,,,,,,,,,,,,,,,,,,,,,,,,,,,,,,,,,,,,,,,,,,,,,,,,,,,,,,,,,,,,,,,,,,,,,,,,,,168.2263815999031,168.23905799991917,168.23905799991917,168.23905799991917,168.42322649993002,None,,,,,,,,,,,,,,,,,,,,,,,P8384,Bar_MIC,11,1,2026-04-09_15h27.42.794,MIC_task,,2026.1.2,60.0367665301919,2026-04-09 15h27.44.539502 +0200,
,,14,0,14,,,,,,,11,a20,zsiráf,giraffe,1,animal,mammal,6.6,12,23,60,None,"(0, 0)",None,,,,,,,,,,,,,,0,0,0,0,0,6,6,6,14,0,14,0,168.43868059990928,,,,,,,,,,,,,,,,,,,,,,,,,,,,,,,,,,,,,,,,,,,,,,,,,,,,,,,,,,,,,,,,,,,,,,,,,,,,,,,,,,,,,,,,,,,,168.42689079989213,168.43868059990928,168.43868059990928,168.43868059990928,168.62360499997158,None,,,,,,,,,,,,,,,,,,,,,,,P8384,Bar_MIC,11,1,2026-04-09_15h27.42.794,MIC_task,,2026.1.2,60.0367665301919,2026-04-09 15h27.44.539502 +0200,
,,15,0,15,,,,,,,11,a20,zsiráf,giraffe,1,animal,mammal,6.6,12,23,60,None,"(0, 0)",None,,,,,,,,,,,,,,0,0,0,0,0,6,6,6,15,0,15,0,168.63905619992875,,,,,,,,,,,,,,,,,,,,,,,,,,,,,,,,,,,,,,,,,,,,,,,,,,,,,,,,,,,,,,,,,,,,,,,,,,,,,,,,,,,,,,,,,,,,168.6269820999587,168.63905619992875,168.63905619992875,168.63905619992875,168.82404909993056,None,,,,,,,,,,,,,,,,,,,,,,,P8384,Bar_MIC,11,1,2026-04-09_15h27.42.794,MIC_task,,2026.1.2,60.0367665301919,2026-04-09 15h27.44.539502 +0200,
,,16,0,16,,,,,,,11,a20,zsiráf,giraffe,1,animal,mammal,6.6,12,23,60,None,"(0, 0)",None,,,,,,,,,,,,,,0,0,0,0,0,6,6,6,16,0,16,0,168.83940919989254,,,,,,,,,,,,,,,,,,,,,,,,,,,,,,,,,,,,,,,,,,,,,,,,,,,,,,,,,,,,,,,,,,,,,,,,,,,,,,,,,,,,,,,,,,,,168.82770209992304,168.83940919989254,168.83940919989254,168.83940919989254,169.02441859990358,None,,,,,,,,,,,,,,,,,,,,,,,P8384,Bar_MIC,11,1,2026-04-09_15h27.42.794,MIC_task,,2026.1.2,60.0367665301919,2026-04-09 15h27.44.539502 +0200,
,,17,0,17,,,,,,,11,a20,zsiráf,giraffe,1,animal,mammal,6.6,12,23,60,None,"(0, 0)",None,,,,,,,,,,,,,,0,0,0,0,0,6,6,6,17,0,17,0,169.03988249995746,,,,,,,,,,,,,,,,,,,,,,,,,,,,,,,,,,,,,,,,,,,,,,,,,,,,,,,,,,,,,,,,,,,,,,,,,,,,,,,,,,,,,,,,,,,,169.0275884999428,169.03988249995746,169.03988249995746,169.03988249995746,169.22483669989742,None,,,,,,,,,,,,,,,,,,,,,,,P8384,Bar_MIC,11,1,2026-04-09_15h27.42.794,MIC_task,,2026.1.2,60.0367665301919,2026-04-09 15h27.44.539502 +0200,
,,18,0,18,,,,,,,11,a20,zsiráf,giraffe,1,animal,mammal,6.6,12,23,60,None,"(0, 0)",space,0.16232180001679808,None,,,,,,,,,,,,0,0,0,0,0,6,6,6,18,0,18,0,169.24021319998428,,,,,,,,,,,,,,,,,,,,,,,,,,,,,,,,,,,,,,,,,,,,,,,,,,,,,,,,,,,,,,,,,,,,,,,,,,,,,,,,,,,,,,,,,,,,169.22824999992736,169.24021319998428,169.24021319998428,169.24021319998428,169.4080043999711,space,0.16232180001679808,None,,,,,,,,,,,,,,,,,,,,,P8384,Bar_MIC,11,1,2026-04-09_15h27.42.794,MIC_task,,2026.1.2,60.0367665301919,2026-04-09 15h27.44.539502 +0200,
,,6,6,0,,,,space,0.32290599995758384,None,11,a20,zsiráf,giraffe,1,animal,mammal,6.6,12,23,60,None,"(0, 0)",,,,,,,,,,,,,,,0,0,0,0,0,6,6,6,,,,,,,,,,,,,,,,,,,,,,,,,,,,,,,,,,,,,,,,,,,,,,,,,,,,,,,,,,,,,,,,,,,,,,,,,,,,,,,,,169.4680265999632,169.47433499991894,169.47374046665308,171.41012689995114,,,,,,173.41438039997593,173.4298108998919,173.4298108998919,173.76511259994004,,,,,,,,,,,,171.43859169993084,171.44402629998513,171.443339433296,173.3469361999305,173.41433019994292,space,0.32290599995758384,None,,,,,,,,,,,,,P8384,Bar_MIC,11,1,2026-04-09_15h27.42.794,MIC_task,,2026.1.2,60.0367665301919,2026-04-09 15h27.44.539502 +0200,
,,0,0,0,,,,,,,11,ty16,mágnes,magnet,9,toys,gadget,5.6,6,None,73,None,"(0.1, 0.1)",None,,,,,,,,,,,,,,0,0,0,0,0,7,7,7,0,0,0,0,173.79128949996084,,,,,,,,,,,,,,,,,,,,,,,,,,,,,,,,,,,,,,,,,,,,,,,,,,,,,,,,,,,,,,,,,,,,,,,,,,,,,,,,,,,,,,,,,,,,173.78521749994252,173.79128949996084,173.79128949996084,173.79128949996084,173.98189539997838,None,,,,,,,,,,,,,,,,,,,,,,,P8384,Bar_MIC,11,1,2026-04-09_15h27.42.794,MIC_task,,2026.1.2,60.0367665301919,2026-04-09 15h27.44.539502 +0200,
,,0,0,0,,,,,,,11,ty16,mágnes,magnet,9,toys,gadget,5.6,6,None,73,None,"(0.1, 0.1)",None,,,,,,,,,,,,,,0,0,0,0,0,7,7,7,0,0,0,0,173.99737689993344,,,,,,,,,,,,,,,,,,,,,,,,,,,,,,,,,,,,,,,,,,,,,,,,,,,,,,,,,,,,,,,,,,,,,,,,,,,,,,,,,,,,,,,,,,,,173.9853751999326,173.99737689993344,173.99737689993344,173.99737689993344,174.16549499996472,None,,,,,,,,,,,,,,,,,,,,,,,P8384,Bar_MIC,11,1,2026-04-09_15h27.42.794,MIC_task,,2026.1.2,60.0367665301919,2026-04-09 15h27.44.539502 +0200,
,,1,0,1,,,,,,,11,ty16,mágnes,magnet,9,toys,gadget,5.6,6,None,73,None,"(0.1, 0.1)",space,0.09345509996637702,None,,,,,,,,,,,,0,0,0,0,0,7,7,7,1,0,1,0,174.18106199998874,,,,,,,,,,,,,,,,,,,,,,,,,,,,,,,,,,,,,,,,,,,,,,,,,,,,,,,,,,,,,,,,,,,,,,,,,,,,,,,,,,,,,,,,,,,,174.16831380000804,174.18106199998874,174.18106199998874,174.18106199998874,174.2833326999098,space,0.09345509996637702,None,,,,,,,,,,,,,,,,,,,,,P8384,Bar_MIC,11,1,2026-04-09_15h27.42.794,MIC_task,,2026.1.2,60.0367665301919,2026-04-09 15h27.44.539502 +0200,
,,7,7,0,,,,space,0.8722887999610975,None,11,ty16,mágnes,magnet,9,toys,gadget,5.6,6,None,73,None,"(0.1, 0.1)",,,,,,,,,,,,,,,0,0,0,0,0,7,7,7,,,,,,,,,,,,,,,,,,,,,,,,,,,,,,,,,,,,,,,,,,,,,,,,,,,,,,,,,,,,,,,,,,,,,,,,,,,,,,,,,174.34484059992246,174.35051629994996,174.34902896663797,176.28552449995186,,,,,,178.28797710000072,178.30485429998953,178.30485429998953,179.18978279992007,,,,,,,,,,,,176.30934149993118,176.31512639997527,176.31873193325788,178.20370779989753,178.28793089999817,space,0.8722887999610975,None,,,,,,,,,,,,,P8384,Bar_MIC,11,1,2026-04-09_15h27.42.794,MIC_task,,2026.1.2,60.0367665301919,2026-04-09 15h27.44.539502 +0200,
,,0,0,0,,,,,,,11,v12,busz,bus,10,vehicles,wheels,6.8,None,None,None,19,"(0, 0)",None,,,,,,,,,,,,,,0,0,0,0,0,8,8,8,0,0,0,0,179.2157339999685,,,,,,,,,,,,,,,,,,,,,,,,,,,,,,,,,,,,,,,,,,,,,,,,,,,,,,,,,,,,,,,,,,,,,,,,,,,,,,,,,,,,,,,,,,,,179.2097806999227,179.2157339999685,179.2157339999685,179.2157339999685,179.4063266000012,None,,,,,,,,,,,,,,,,,,,,,,,P8384,Bar_MIC,11,1,2026-04-09_15h27.42.794,MIC_task,,2026.1.2,60.0367665301919,2026-04-09 15h27.44.539502 +0200,
,,0,0,0,,,,,,,11,v12,busz,bus,10,vehicles,wheels,6.8,None,None,None,19,"(0, 0)",None,,,,,,,,,,,,,,0,0,0,0,0,8,8,8,0,0,0,0,179.42261369992048,,,,,,,,,,,,,,,,,,,,,,,,,,,,,,,,,,,,,,,,,,,,,,,,,,,,,,,,,,,,,,,,,,,,,,,,,,,,,,,,,,,,,,,,,,,,179.40926639991812,179.42261369992048,179.42261369992048,179.42261369992048,179.58990489994176,None,,,,,,,,,,,,,,,,,,,,,,,P8384,Bar_MIC,11,1,2026-04-09_15h27.42.794,MIC_task,,2026.1.2,60.0367665301919,2026-04-09 15h27.44.539502 +0200,
,,1,0,1,,,,,,,11,v12,busz,bus,10,vehicles,wheels,6.8,None,None,None,19,"(0, 0)",None,,,,,,,,,,,,,,0,0,0,0,0,8,8,8,1,0,1,0,179.60624769993592,,,,,,,,,,,,,,,,,,,,,,,,,,,,,,,,,,,,,,,,,,,,,,,,,,,,,,,,,,,,,,,,,,,,,,,,,,,,,,,,,,,,,,,,,,,,179.59292009996716,179.60624769993592,179.60624769993592,179.60624769993592,179.79051259998232,None,,,,,,,,,,,,,,,,,,,,,,,P8384,Bar_MIC,11,1,2026-04-09_15h27.42.794,MIC_task,,2026.1.2,60.0367665301919,2026-04-09 15h27.44.539502 +0200,
,,2,0,2,,,,,,,11,v12,busz,bus,10,vehicles,wheels,6.8,None,None,None,19,"(0, 0)",None,,,,,,,,,,,,,,0,0,0,0,0,8,8,8,2,0,2,0,179.8066555999685,,,,,,,,,,,,,,,,,,,,,,,,,,,,,,,,,,,,,,,,,,,,,,,,,,,,,,,,,,,,,,,,,,,,,,,,,,,,,,,,,,,,,,,,,,,,179.79383499990217,179.8066555999685,179.8066555999685,179.8066555999685,179.99071259994525,None,,,,,,,,,,,,,,,,,,,,,,,P8384,Bar_MIC,11,1,2026-04-09_15h27.42.794,MIC_task,,2026.1.2,60.0367665301919,2026-04-09 15h27.44.539502 +0200,
,,3,0,3,,,,,,,11,v12,busz,bus,10,vehicles,wheels,6.8,None,None,None,19,"(0, 0)",None,,,,,,,,,,,,,,0,0,0,0,0,8,8,8,3,0,3,0,180.00703399989288,,,,,,,,,,,,,,,,,,,,,,,,,,,,,,,,,,,,,,,,,,,,,,,,,,,,,,,,,,,,,,,,,,,,,,,,,,,,,,,,,,,,,,,,,,,,179.99375519994646,180.00703399989288,180.00703399989288,180.00703399989288,180.19123919995036,None,,,,,,,,,,,,,,,,,,,,,,,P8384,Bar_MIC,11,1,2026-04-09_15h27.42.794,MIC_task,,2026.1.2,60.0367665301919,2026-04-09 15h27.44.539502 +0200,
,,4,0,4,,,,,,,11,v12,busz,bus,10,vehicles,wheels,6.8,None,None,None,19,"(0, 0)",None,,,,,,,,,,,,,,0,0,0,0,0,8,8,8,4,0,4,0,180.20740389998537,,,,,,,,,,,,,,,,,,,,,,,,,,,,,,,,,,,,,,,,,,,,,,,,,,,,,,,,,,,,,,,,,,,,,,,,,,,,,,,,,,,,,,,,,,,,180.19427879992872,180.20740389998537,180.20740389998537,180.20740389998537,180.39159789995756,None,,,,,,,,,,,,,,,,,,,,,,,P8384,Bar_MIC,11,1,2026-04-09_15h27.42.794,MIC_task,,2026.1.2,60.0367665301919,2026-04-09 15h27.44.539502 +0200,
,,5,0,5,,,,,,,11,v12,busz,bus,10,vehicles,wheels,6.8,None,None,None,19,"(0, 0)",None,,,,,,,,,,,,,,0,0,0,0,0,8,8,8,5,0,5,0,180.4070237999549,,,,,,,,,,,,,,,,,,,,,,,,,,,,,,,,,,,,,,,,,,,,,,,,,,,,,,,,,,,,,,,,,,,,,,,,,,,,,,,,,,,,,,,,,,,,180.39508849999402,180.4070237999549,180.4070237999549,180.4070237999549,180.59195429994725,None,,,,,,,,,,,,,,,,,,,,,,,P8384,Bar_MIC,11,1,2026-04-09_15h27.42.794,MIC_task,,2026.1.2,60.0367665301919,2026-04-09 15h27.44.539502 +0200,
,,6,0,6,,,,,,,11,v12,busz,bus,10,vehicles,wheels,6.8,None,None,None,19,"(0, 0)",None,,,,,,,,,,,,,,0,0,0,0,0,8,8,8,6,0,6,0,180.6074295999715,,,,,,,,,,,,,,,,,,,,,,,,,,,,,,,,,,,,,,,,,,,,,,,,,,,,,,,,,,,,,,,,,,,,,,,,,,,,,,,,,,,,,,,,,,,,180.59537329990417,180.6074295999715,180.6074295999715,180.6074295999715,180.7923373999074,None,,,,,,,,,,,,,,,,,,,,,,,P8384,Bar_MIC,11,1,2026-04-09_15h27.42.794,MIC_task,,2026.1.2,60.0367665301919,2026-04-09 15h27.44.539502 +0200,
,,7,0,7,,,,,,,11,v12,busz,bus,10,vehicles,wheels,6.8,None,None,None,19,"(0, 0)",None,,,,,,,,,,,,,,0,0,0,0,0,8,8,8,7,0,7,0,180.8078609999502,,,,,,,,,,,,,,,,,,,,,,,,,,,,,,,,,,,,,,,,,,,,,,,,,,,,,,,,,,,,,,,,,,,,,,,,,,,,,,,,,,,,,,,,,,,,180.7958260999294,180.8078609999502,180.8078609999502,180.8078609999502,180.99153459991794,None,,,,,,,,,,,,,,,,,,,,,,,P8384,Bar_MIC,11,1,2026-04-09_15h27.42.794,MIC_task,,2026.1.2,60.0367665301919,2026-04-09 15h27.44.539502 +0200,
,,8,0,8,,,,,,,11,v12,busz,bus,10,vehicles,wheels,6.8,None,None,None,19,"(0, 0)",None,,,,,,,,,,,,,,0,0,0,0,0,8,8,8,8,0,8,0,181.00816829991527,,,,,,,,,,,,,,,,,,,,,,,,,,,,,,,,,,,,,,,,,,,,,,,,,,,,,,,,,,,,,,,,,,,,,,,,,,,,,,,,,,,,,,,,,,,,180.99469619989395,181.00816829991527,181.00816829991527,181.00816829991527,181.19195479992777,None,,,,,,,,,,,,,,,,,,,,,,,P8384,Bar_MIC,11,1,2026-04-09_15h27.42.794,MIC_task,,2026.1.2,60.0367665301919,2026-04-09 15h27.44.539502 +0200,
,,9,0,9,,,,,,,11,v12,busz,bus,10,vehicles,wheels,6.8,None,None,None,19,"(0, 0)",None,,,,,,,,,,,,,,0,0,0,0,0,8,8,8,9,0,9,0,181.2085589999333,,,,,,,,,,,,,,,,,,,,,,,,,,,,,,,,,,,,,,,,,,,,,,,,,,,,,,,,,,,,,,,,,,,,,,,,,,,,,,,,,,,,,,,,,,,,181.19543969992083,181.2085589999333,181.2085589999333,181.2085589999333,181.3925133999437,None,,,,,,,,,,,,,,,,,,,,,,,P8384,Bar_MIC,11,1,2026-04-09_15h27.42.794,MIC_task,,2026.1.2,60.0367665301919,2026-04-09 15h27.44.539502 +0200,
,,10,0,10,,,,,,,11,v12,busz,bus,10,vehicles,wheels,6.8,None,None,None,19,"(0, 0)",None,,,,,,,,,,,,,,0,0,0,0,0,8,8,8,10,0,10,0,181.40898569999263,,,,,,,,,,,,,,,,,,,,,,,,,,,,,,,,,,,,,,,,,,,,,,,,,,,,,,,,,,,,,,,,,,,,,,,,,,,,,,,,,,,,,,,,,,,,181.39575729996432,181.40898569999263,181.40898569999263,181.40898569999263,181.5929481999483,None,,,,,,,,,,,,,,,,,,,,,,,P8384,Bar_MIC,11,1,2026-04-09_15h27.42.794,MIC_task,,2026.1.2,60.0367665301919,2026-04-09 15h27.44.539502 +0200,
,,11,0,11,,,,,,,11,v12,busz,bus,10,vehicles,wheels,6.8,None,None,None,19,"(0, 0)",None,,,,,,,,,,,,,,0,0,0,0,0,8,8,8,11,0,11,0,181.60927749995608,,,,,,,,,,,,,,,,,,,,,,,,,,,,,,,,,,,,,,,,,,,,,,,,,,,,,,,,,,,,,,,,,,,,,,,,,,,,,,,,,,,,,,,,,,,,181.59642139996868,181.60927749995608,181.60927749995608,181.60927749995608,181.7931989999488,None,,,,,,,,,,,,,,,,,,,,,,,P8384,Bar_MIC,11,1,2026-04-09_15h27.42.794,MIC_task,,2026.1.2,60.0367665301919,2026-04-09 15h27.44.539502 +0200,
,,12,0,12,,,,,,,11,v12,busz,bus,10,vehicles,wheels,6.8,None,None,None,19,"(0, 0)",None,,,,,,,,,,,,,,0,0,0,0,0,8,8,8,12,0,12,0,181.80961589992512,,,,,,,,,,,,,,,,,,,,,,,,,,,,,,,,,,,,,,,,,,,,,,,,,,,,,,,,,,,,,,,,,,,,,,,,,,,,,,,,,,,,,,,,,,,,181.79628229991067,181.80961589992512,181.80961589992512,181.80961589992512,181.99373399990145,None,,,,,,,,,,,,,,,,,,,,,,,P8384,Bar_MIC,11,1,2026-04-09_15h27.42.794,MIC_task,,2026.1.2,60.0367665301919,2026-04-09 15h27.44.539502 +0200,
,,13,0,13,,,,,,,11,v12,busz,bus,10,vehicles,wheels,6.8,None,None,None,19,"(0, 0)",None,,,,,,,,,,,,,,0,0,0,0,0,8,8,8,13,0,13,0,182.01001079997513,,,,,,,,,,,,,,,,,,,,,,,,,,,,,,,,,,,,,,,,,,,,,,,,,,,,,,,,,,,,,,,,,,,,,,,,,,,,,,,,,,,,,,,,,,,,181.996923699975,182.01001079997513,182.01001079997513,182.01001079997513,182.19401269999798,None,,,,,,,,,,,,,,,,,,,,,,,P8384,Bar_MIC,11,1,2026-04-09_15h27.42.794,MIC_task,,2026.1.2,60.0367665301919,2026-04-09 15h27.44.539502 +0200,
,,14,0,14,,,,,,,11,v12,busz,bus,10,vehicles,wheels,6.8,None,None,None,19,"(0, 0)",None,,,,,,,,,,,,,,0,0,0,0,0,8,8,8,14,0,14,0,182.20958159992006,,,,,,,,,,,,,,,,,,,,,,,,,,,,,,,,,,,,,,,,,,,,,,,,,,,,,,,,,,,,,,,,,,,,,,,,,,,,,,,,,,,,,,,,,,,,182.19739899993874,182.20958159992006,182.20958159992006,182.20958159992006,182.39489509991836,None,,,,,,,,,,,,,,,,,,,,,,,P8384,Bar_MIC,11,1,2026-04-09_15h27.42.794,MIC_task,,2026.1.2,60.0367665301919,2026-04-09 15h27.44.539502 +0200,
,,15,0,15,,,,,,,11,v12,busz,bus,10,vehicles,wheels,6.8,None,None,None,19,"(0, 0)",None,,,,,,,,,,,,,,0,0,0,0,0,8,8,8,15,0,15,0,182.4108327999711,,,,,,,,,,,,,,,,,,,,,,,,,,,,,,,,,,,,,,,,,,,,,,,,,,,,,,,,,,,,,,,,,,,,,,,,,,,,,,,,,,,,,,,,,,,,182.39817679999396,182.4108327999711,182.4108327999711,182.4108327999711,182.59496969997417,None,,,,,,,,,,,,,,,,,,,,,,,P8384,Bar_MIC,11,1,2026-04-09_15h27.42.794,MIC_task,,2026.1.2,60.0367665301919,2026-04-09 15h27.44.539502 +0200,
,,16,0,16,,,,,,,11,v12,busz,bus,10,vehicles,wheels,6.8,None,None,None,19,"(0, 0)",None,,,,,,,,,,,,,,0,0,0,0,0,8,8,8,16,0,16,0,182.61037179990672,,,,,,,,,,,,,,,,,,,,,,,,,,,,,,,,,,,,,,,,,,,,,,,,,,,,,,,,,,,,,,,,,,,,,,,,,,,,,,,,,,,,,,,,,,,,182.5979749999242,182.61037179990672,182.61037179990672,182.61037179990672,182.79534680000506,None,,,,,,,,,,,,,,,,,,,,,,,P8384,Bar_MIC,11,1,2026-04-09_15h27.42.794,MIC_task,,2026.1.2,60.0367665301919,2026-04-09 15h27.44.539502 +0200,
,,17,0,17,,,,,,,11,v12,busz,bus,10,vehicles,wheels,6.8,None,None,None,19,"(0, 0)",None,,,,,,,,,,,,,,0,0,0,0,0,8,8,8,17,0,17,0,182.81078810000326,,,,,,,,,,,,,,,,,,,,,,,,,,,,,,,,,,,,,,,,,,,,,,,,,,,,,,,,,,,,,,,,,,,,,,,,,,,,,,,,,,,,,,,,,,,,182.7985864999937,182.81078810000326,182.81078810000326,182.81078810000326,182.9957638999913,None,,,,,,,,,,,,,,,,,,,,,,,P8384,Bar_MIC,11,1,2026-04-09_15h27.42.794,MIC_task,,2026.1.2,60.0367665301919,2026-04-09 15h27.44.539502 +0200,
,,18,0,18,,,,,,,11,v12,busz,bus,10,vehicles,wheels,6.8,None,None,None,19,"(0, 0)",None,,,,,,,,,,,,,,0,0,0,0,0,8,8,8,18,0,18,0,183.01119589991868,,,,,,,,,,,,,,,,,,,,,,,,,,,,,,,,,,,,,,,,,,,,,,,,,,,,,,,,,,,,,,,,,,,,,,,,,,,,,,,,,,,,,,,,,,,,182.99888420000207,183.01119589991868,183.01119589991868,183.01119589991868,183.19488859991543,None,,,,,,,,,,,,,,,,,,,,,,,P8384,Bar_MIC,11,1,2026-04-09_15h27.42.794,MIC_task,,2026.1.2,60.0367665301919,2026-04-09 15h27.44.539502 +0200,
,,19,0,19,,,,,,,11,v12,busz,bus,10,vehicles,wheels,6.8,None,None,None,19,"(0, 0)",None,,,,,,,,,,,,,,0,0,0,0,0,8,8,8,19,0,19,0,183.21155509992968,,,,,,,,,,,,,,,,,,,,,,,,,,,,,,,,,,,,,,,,,,,,,,,,,,,,,,,,,,,,,,,,,,,,,,,,,,,,,,,,,,,,,,,,,,,,183.1984445999842,183.21155509992968,183.21155509992968,183.21155509992968,183.39554999989923,None,,,,,,,,,,,,,,,,,,,,,,,P8384,Bar_MIC,11,1,2026-04-09_15h27.42.794,MIC_task,,2026.1.2,60.0367665301919,2026-04-09 15h27.44.539502 +0200,
,,20,0,20,,,,,,,11,v12,busz,bus,10,vehicles,wheels,6.8,None,None,None,19,"(0, 0)",None,,,,,,,,,,,,,,0,0,0,0,0,8,8,8,20,0,20,0,183.4119333999697,,,,,,,,,,,,,,,,,,,,,,,,,,,,,,,,,,,,,,,,,,,,,,,,,,,,,,,,,,,,,,,,,,,,,,,,,,,,,,,,,,,,,,,,,,,,183.39874119998422,183.4119333999697,183.4119333999697,183.4119333999697,183.5957092999015,None,,,,,,,,,,,,,,,,,,,,,,,P8384,Bar_MIC,11,1,2026-04-09_15h27.42.794,MIC_task,,2026.1.2,60.0367665301919,2026-04-09 15h27.44.539502 +0200,
,,21,0,21,,,,,,,11,v12,busz,bus,10,vehicles,wheels,6.8,None,None,None,19,"(0, 0)",None,,,,,,,,,,,,,,0,0,0,0,0,8,8,8,21,0,21,0,183.61232149996795,,,,,,,,,,,,,,,,,,,,,,,,,,,,,,,,,,,,,,,,,,,,,,,,,,,,,,,,,,,,,,,,,,,,,,,,,,,,,,,,,,,,,,,,,,,,183.59875159990042,183.61232149996795,183.61232149996795,183.61232149996795,183.79619309992995,None,,,,,,,,,,,,,,,,,,,,,,,P8384,Bar_MIC,11,1,2026-04-09_15h27.42.794,MIC_task,,2026.1.2,60.0367665301919,2026-04-09 15h27.44.539502 +0200,
,,22,0,22,,,,,,,11,v12,busz,bus,10,vehicles,wheels,6.8,None,None,None,19,"(0, 0)",None,,,,,,,,,,,,,,0,0,0,0,0,8,8,8,22,0,22,0,183.8126145999413,,,,,,,,,,,,,,,,,,,,,,,,,,,,,,,,,,,,,,,,,,,,,,,,,,,,,,,,,,,,,,,,,,,,,,,,,,,,,,,,,,,,,,,,,,,,183.7997576999478,183.8126145999413,183.8126145999413,183.8126145999413,183.99681459995918,None,,,,,,,,,,,,,,,,,,,,,,,P8384,Bar_MIC,11,1,2026-04-09_15h27.42.794,MIC_task,,2026.1.2,60.0367665301919,2026-04-09 15h27.44.539502 +0200,
,,23,0,23,,,,,,,11,v12,busz,bus,10,vehicles,wheels,6.8,None,None,None,19,"(0, 0)",None,,,,,,,,,,,,,,0,0,0,0,0,8,8,8,23,0,23,0,184.01300599996466,,,,,,,,,,,,,,,,,,,,,,,,,,,,,,,,,,,,,,,,,,,,,,,,,,,,,,,,,,,,,,,,,,,,,,,,,,,,,,,,,,,,,,,,,,,,184.0000149999978,184.01300599996466,184.01300599996466,184.01300599996466,184.19715049990918,None,,,,,,,,,,,,,,,,,,,,,,,P8384,Bar_MIC,11,1,2026-04-09_15h27.42.794,MIC_task,,2026.1.2,60.0367665301919,2026-04-09 15h27.44.539502 +0200,
,,24,0,24,,,,,,,11,v12,busz,bus,10,vehicles,wheels,6.8,None,None,None,19,"(0, 0)",None,,,,,,,,,,,,,,0,0,0,0,0,8,8,8,24,0,24,0,184.21345689997543,,,,,,,,,,,,,,,,,,,,,,,,,,,,,,,,,,,,,,,,,,,,,,,,,,,,,,,,,,,,,,,,,,,,,,,,,,,,,,,,,,,,,,,,,,,,184.20056429994293,184.21345689997543,184.21345689997543,184.21345689997543,184.39772449992597,None,,,,,,,,,,,,,,,,,,,,,,,P8384,Bar_MIC,11,1,2026-04-09_15h27.42.794,MIC_task,,2026.1.2,60.0367665301919,2026-04-09 15h27.44.539502 +0200,
,,25,0,25,,,,,,,11,v12,busz,bus,10,vehicles,wheels,6.8,None,None,None,19,"(0, 0)",space,0.00371590000577271,None,,,,,,,,,,,,0,0,0,0,0,8,8,8,25,0,25,0,184.41375179996248,,,,,,,,,,,,,,,,,,,,,,,,,,,,,,,,,,,,,,,,,,,,,,,,,,,,,,,,,,,,,,,,,,,,,,,,,,,,,,,,,,,,,,,,,,,,184.40088769991416,184.41375179996248,184.41375179996248,184.41375179996248,184.431821999955,space,0.00371590000577271,None,,,,,,,,,,,,,,,,,,,,,P8384,Bar_MIC,11,1,2026-04-09_15h27.42.794,MIC_task,,2026.1.2,60.0367665301919,2026-04-09 15h27.44.539502 +0200,
,,8,8,0,,,,space,1.0284871000330895,None,11,v12,busz,bus,10,vehicles,wheels,6.8,None,None,None,19,"(0, 0)",,,,,,,,,,,,,,,0,0,0,0,0,8,8,8,,,,,,,,,,,,,,,,,,,,,,,,,,,,,,,,,,,,,,,,,,,,,,,,,,,,,,,,,,,,,,,,,,,,,,,,,,,,,,,,,184.4933379999129,184.49935830000322,184.49763176661608,186.43360319989733,,,,,,188.43686129990965,188.45379289996345,188.45379289996345,189.48889269994106,,,,,,,,,,,,186.46165249997284,186.46643869997934,186.46681953327112,188.3527062999783,188.43681079999078,space,1.0284871000330895,None,,,,,,,,,,,,,P8384,Bar_MIC,11,1,2026-04-09_15h27.42.794,MIC_task,,2026.1.2,60.0367665301919,2026-04-09 15h27.44.539502 +0200,
,,0,0,0,,,,,,,11,c19,kalap,hat,3,clothes,headwear,6.8,10,29,None,None,"(0.1, 0.1)",None,,,,,,,,,,,,,,0,0,0,0,0,9,9,9,0,0,0,0,189.51340039994102,,,,,,,,,,,,,,,,,,,,,,,,,,,,,,,,,,,,,,,,,,,,,,,,,,,,,,,,,,,,,,,,,,,,,,,,,,,,,,,,,,,,,,,,,,,,189.50860919989645,189.51340039994102,189.51340039994102,189.51340039994102,189.7053228999721,None,,,,,,,,,,,,,,,,,,,,,,,P8384,Bar_MIC,11,1,2026-04-09_15h27.42.794,MIC_task,,2026.1.2,60.0367665301919,2026-04-09 15h27.44.539502 +0200,
,,0,0,0,,,,,,,11,c19,kalap,hat,3,clothes,headwear,6.8,10,29,None,None,"(0.1, 0.1)",None,,,,,,,,,,,,,,0,0,0,0,0,9,9,9,0,0,0,0,189.721692699939,,,,,,,,,,,,,,,,,,,,,,,,,,,,,,,,,,,,,,,,,,,,,,,,,,,,,,,,,,,,,,,,,,,,,,,,,,,,,,,,,,,,,,,,,,,,189.70855039998423,189.721692699939,189.721692699939,189.721692699939,189.8890187999932,None,,,,,,,,,,,,,,,,,,,,,,,P8384,Bar_MIC,11,1,2026-04-09_15h27.42.794,MIC_task,,2026.1.2,60.0367665301919,2026-04-09 15h27.44.539502 +0200,
,,1,0,1,,,,,,,11,c19,kalap,hat,3,clothes,headwear,6.8,10,29,None,None,"(0.1, 0.1)",None,,,,,,,,,,,,,,0,0,0,0,0,9,9,9,1,0,1,0,189.90529069991317,,,,,,,,,,,,,,,,,,,,,,,,,,,,,,,,,,,,,,,,,,,,,,,,,,,,,,,,,,,,,,,,,,,,,,,,,,,,,,,,,,,,,,,,,,,,189.891939299996,189.90529069991317,189.90529069991317,189.90529069991317,190.08950979996007,None,,,,,,,,,,,,,,,,,,,,,,,P8384,Bar_MIC,11,1,2026-04-09_15h27.42.794,MIC_task,,2026.1.2,60.0367665301919,2026-04-09 15h27.44.539502 +0200,
,,2,0,2,,,,,,,11,c19,kalap,hat,3,clothes,headwear,6.8,10,29,None,None,"(0.1, 0.1)",None,,,,,,,,,,,,,,0,0,0,0,0,9,9,9,2,0,2,0,190.1049307999201,,,,,,,,,,,,,,,,,,,,,,,,,,,,,,,,,,,,,,,,,,,,,,,,,,,,,,,,,,,,,,,,,,,,,,,,,,,,,,,,,,,,,,,,,,,,190.0923755998956,190.1049307999201,190.1049307999201,190.1049307999201,190.28978539991658,None,,,,,,,,,,,,,,,,,,,,,,,P8384,Bar_MIC,11,1,2026-04-09_15h27.42.794,MIC_task,,2026.1.2,60.0367665301919,2026-04-09 15h27.44.539502 +0200,
,,3,0,3,,,,,,,11,c19,kalap,hat,3,clothes,headwear,6.8,10,29,None,None,"(0.1, 0.1)",None,,,,,,,,,,,,,,0,0,0,0,0,9,9,9,3,0,3,0,190.30605359992478,,,,,,,,,,,,,,,,,,,,,,,,,,,,,,,,,,,,,,,,,,,,,,,,,,,,,,,,,,,,,,,,,,,,,,,,,,,,,,,,,,,,,,,,,,,,190.29250679991674,190.30605359992478,190.30605359992478,190.30605359992478,190.49018919991795,None,,,,,,,,,,,,,,,,,,,,,,,P8384,Bar_MIC,11,1,2026-04-09_15h27.42.794,MIC_task,,2026.1.2,60.0367665301919,2026-04-09 15h27.44.539502 +0200,
,,4,0,4,,,,,,,11,c19,kalap,hat,3,clothes,headwear,6.8,10,29,None,None,"(0.1, 0.1)",None,,,,,,,,,,,,,,0,0,0,0,0,9,9,9,4,0,4,0,190.5056849999819,,,,,,,,,,,,,,,,,,,,,,,,,,,,,,,,,,,,,,,,,,,,,,,,,,,,,,,,,,,,,,,,,,,,,,,,,,,,,,,,,,,,,,,,,,,,190.49325399997178,190.5056849999819,190.5056849999819,190.5056849999819,190.69058029993903,None,,,,,,,,,,,,,,,,,,,,,,,P8384,Bar_MIC,11,1,2026-04-09_15h27.42.794,MIC_task,,2026.1.2,60.0367665301919,2026-04-09 15h27.44.539502 +0200,
,,5,0,5,,,,,,,11,c19,kalap,hat,3,clothes,headwear,6.8,10,29,None,None,"(0.1, 0.1)",None,,,,,,,,,,,,,,0,0,0,0,0,9,9,9,5,0,5,0,190.70617799996398,,,,,,,,,,,,,,,,,,,,,,,,,,,,,,,,,,,,,,,,,,,,,,,,,,,,,,,,,,,,,,,,,,,,,,,,,,,,,,,,,,,,,,,,,,,,190.69333419995382,190.70617799996398,190.70617799996398,190.70617799996398,190.8910616999492,None,,,,,,,,,,,,,,,,,,,,,,,P8384,Bar_MIC,11,1,2026-04-09_15h27.42.794,MIC_task,,2026.1.2,60.0367665301919,2026-04-09 15h27.44.539502 +0200,
,,6,0,6,,,,,,,11,c19,kalap,hat,3,clothes,headwear,6.8,10,29,None,None,"(0.1, 0.1)",None,,,,,,,,,,,,,,0,0,0,0,0,9,9,9,6,0,6,0,190.90650939999614,,,,,,,,,,,,,,,,,,,,,,,,,,,,,,,,,,,,,,,,,,,,,,,,,,,,,,,,,,,,,,,,,,,,,,,,,,,,,,,,,,,,,,,,,,,,190.89392419997603,190.90650939999614,190.90650939999614,190.90650939999614,191.09017419989686,None,,,,,,,,,,,,,,,,,,,,,,,P8384,Bar_MIC,11,1,2026-04-09_15h27.42.794,MIC_task,,2026.1.2,60.0367665301919,2026-04-09 15h27.44.539502 +0200,
,,7,0,7,,,,,,,11,c19,kalap,hat,3,clothes,headwear,6.8,10,29,None,None,"(0.1, 0.1)",None,,,,,,,,,,,,,,0,0,0,0,0,9,9,9,7,0,7,0,191.10697959992103,,,,,,,,,,,,,,,,,,,,,,,,,,,,,,,,,,,,,,,,,,,,,,,,,,,,,,,,,,,,,,,,,,,,,,,,,,,,,,,,,,,,,,,,,,,,191.09313429996837,191.10697959992103,191.10697959992103,191.10697959992103,191.2906163999578,None,,,,,,,,,,,,,,,,,,,,,,,P8384,Bar_MIC,11,1,2026-04-09_15h27.42.794,MIC_task,,2026.1.2,60.0367665301919,2026-04-09 15h27.44.539502 +0200,
,,8,0,8,,,,,,,11,c19,kalap,hat,3,clothes,headwear,6.8,10,29,None,None,"(0.1, 0.1)",None,,,,,,,,,,,,,,0,0,0,0,0,9,9,9,8,0,8,0,191.30721139989328,,,,,,,,,,,,,,,,,,,,,,,,,,,,,,,,,,,,,,,,,,,,,,,,,,,,,,,,,,,,,,,,,,,,,,,,,,,,,,,,,,,,,,,,,,,,191.2936647000024,191.30721139989328,191.30721139989328,191.30721139989328,191.4911103999475,None,,,,,,,,,,,,,,,,,,,,,,,P8384,Bar_MIC,11,1,2026-04-09_15h27.42.794,MIC_task,,2026.1.2,60.0367665301919,2026-04-09 15h27.44.539502 +0200,
,,9,0,9,,,,,,,11,c19,kalap,hat,3,clothes,headwear,6.8,10,29,None,None,"(0.1, 0.1)",None,,,,,,,,,,,,,,0,0,0,0,0,9,9,9,9,0,9,0,191.5076913998928,,,,,,,,,,,,,,,,,,,,,,,,,,,,,,,,,,,,,,,,,,,,,,,,,,,,,,,,,,,,,,,,,,,,,,,,,,,,,,,,,,,,,,,,,,,,191.49405589990783,191.5076913998928,191.5076913998928,191.5076913998928,191.691554699908,None,,,,,,,,,,,,,,,,,,,,,,,P8384,Bar_MIC,11,1,2026-04-09_15h27.42.794,MIC_task,,2026.1.2,60.0367665301919,2026-04-09 15h27.44.539502 +0200,
,,10,0,10,,,,,,,11,c19,kalap,hat,3,clothes,headwear,6.8,10,29,None,None,"(0.1, 0.1)",None,,,,,,,,,,,,,,0,0,0,0,0,9,9,9,10,0,10,0,191.70800959994085,,,,,,,,,,,,,,,,,,,,,,,,,,,,,,,,,,,,,,,,,,,,,,,,,,,,,,,,,,,,,,,,,,,,,,,,,,,,,,,,,,,,,,,,,,,,191.69457749999128,191.70800959994085,191.70800959994085,191.70800959994085,191.89198269997723,None,,,,,,,,,,,,,,,,,,,,,,,P8384,Bar_MIC,11,1,2026-04-09_15h27.42.794,MIC_task,,2026.1.2,60.0367665301919,2026-04-09 15h27.44.539502 +0200,
,,11,0,11,,,,,,,11,c19,kalap,hat,3,clothes,headwear,6.8,10,29,None,None,"(0.1, 0.1)",None,,,,,,,,,,,,,,0,0,0,0,0,9,9,9,11,0,11,0,191.90843660000246,,,,,,,,,,,,,,,,,,,,,,,,,,,,,,,,,,,,,,,,,,,,,,,,,,,,,,,,,,,,,,,,,,,,,,,,,,,,,,,,,,,,,,,,,,,,191.89490759989712,191.90843660000246,191.90843660000246,191.90843660000246,192.09237389999907,None,,,,,,,,,,,,,,,,,,,,,,,P8384,Bar_MIC,11,1,2026-04-09_15h27.42.794,MIC_task,,2026.1.2,60.0367665301919,2026-04-09 15h27.44.539502 +0200,
,,12,0,12,,,,,,,11,c19,kalap,hat,3,clothes,headwear,6.8,10,29,None,None,"(0.1, 0.1)",None,,,,,,,,,,,,,,0,0,0,0,0,9,9,9,12,0,12,0,192.10866679996252,,,,,,,,,,,,,,,,,,,,,,,,,,,,,,,,,,,,,,,,,,,,,,,,,,,,,,,,,,,,,,,,,,,,,,,,,,,,,,,,,,,,,,,,,,,,192.09554689994548,192.10866679996252,192.10866679996252,192.10866679996252,192.29279009997845,None,,,,,,,,,,,,,,,,,,,,,,,P8384,Bar_MIC,11,1,2026-04-09_15h27.42.794,MIC_task,,2026.1.2,60.0367665301919,2026-04-09 15h27.44.539502 +0200,
,,13,0,13,,,,,,,11,c19,kalap,hat,3,clothes,headwear,6.8,10,29,None,None,"(0.1, 0.1)",None,,,,,,,,,,,,,,0,0,0,0,0,9,9,9,13,0,13,0,192.30906060000416,,,,,,,,,,,,,,,,,,,,,,,,,,,,,,,,,,,,,,,,,,,,,,,,,,,,,,,,,,,,,,,,,,,,,,,,,,,,,,,,,,,,,,,,,,,,192.29578619997483,192.30906060000416,192.30906060000416,192.30906060000416,192.4932192999404,None,,,,,,,,,,,,,,,,,,,,,,,P8384,Bar_MIC,11,1,2026-04-09_15h27.42.794,MIC_task,,2026.1.2,60.0367665301919,2026-04-09 15h27.44.539502 +0200,
,,14,0,14,,,,,,,11,c19,kalap,hat,3,clothes,headwear,6.8,10,29,None,None,"(0.1, 0.1)",None,,,,,,,,,,,,,,0,0,0,0,0,9,9,9,14,0,14,0,192.50867009989452,,,,,,,,,,,,,,,,,,,,,,,,,,,,,,,,,,,,,,,,,,,,,,,,,,,,,,,,,,,,,,,,,,,,,,,,,,,,,,,,,,,,,,,,,,,,192.49619149998762,192.50867009989452,192.50867009989452,192.50867009989452,192.6940169999143,None,,,,,,,,,,,,,,,,,,,,,,,P8384,Bar_MIC,11,1,2026-04-09_15h27.42.794,MIC_task,,2026.1.2,60.0367665301919,2026-04-09 15h27.44.539502 +0200,
,,15,0,15,,,,,,,11,c19,kalap,hat,3,clothes,headwear,6.8,10,29,None,None,"(0.1, 0.1)",None,,,,,,,,,,,,,,0,0,0,0,0,9,9,9,15,0,15,0,192.7090642999392,,,,,,,,,,,,,,,,,,,,,,,,,,,,,,,,,,,,,,,,,,,,,,,,,,,,,,,,,,,,,,,,,,,,,,,,,,,,,,,,,,,,,,,,,,,,192.69716879993211,192.7090642999392,192.7090642999392,192.7090642999392,192.8938848999096,None,,,,,,,,,,,,,,,,,,,,,,,P8384,Bar_MIC,11,1,2026-04-09_15h27.42.794,MIC_task,,2026.1.2,60.0367665301919,2026-04-09 15h27.44.539502 +0200,
,,16,0,16,,,,,,,11,c19,kalap,hat,3,clothes,headwear,6.8,10,29,None,None,"(0.1, 0.1)",None,,,,,,,,,,,,,,0,0,0,0,0,9,9,9,16,0,16,0,192.9102353999624,,,,,,,,,,,,,,,,,,,,,,,,,,,,,,,,,,,,,,,,,,,,,,,,,,,,,,,,,,,,,,,,,,,,,,,,,,,,,,,,,,,,,,,,,,,,192.8970166000072,192.9102353999624,192.9102353999624,192.9102353999624,193.09437269996852,None,,,,,,,,,,,,,,,,,,,,,,,P8384,Bar_MIC,11,1,2026-04-09_15h27.42.794,MIC_task,,2026.1.2,60.0367665301919,2026-04-09 15h27.44.539502 +0200,
,,17,0,17,,,,,,,11,c19,kalap,hat,3,clothes,headwear,6.8,10,29,None,None,"(0.1, 0.1)",None,,,,,,,,,,,,,,0,0,0,0,0,9,9,9,17,0,17,0,193.10981719999108,,,,,,,,,,,,,,,,,,,,,,,,,,,,,,,,,,,,,,,,,,,,,,,,,,,,,,,,,,,,,,,,,,,,,,,,,,,,,,,,,,,,,,,,,,,,193.0974561999319,193.10981719999108,193.10981719999108,193.10981719999108,193.29355489998125,None,,,,,,,,,,,,,,,,,,,,,,,P8384,Bar_MIC,11,1,2026-04-09_15h27.42.794,MIC_task,,2026.1.2,60.0367665301919,2026-04-09 15h27.44.539502 +0200,
,,18,0,18,,,,,,,11,c19,kalap,hat,3,clothes,headwear,6.8,10,29,None,None,"(0.1, 0.1)",None,,,,,,,,,,,,,,0,0,0,0,0,9,9,9,18,0,18,0,193.31023269996513,,,,,,,,,,,,,,,,,,,,,,,,,,,,,,,,,,,,,,,,,,,,,,,,,,,,,,,,,,,,,,,,,,,,,,,,,,,,,,,,,,,,,,,,,,,,193.29640619992279,193.31023269996513,193.31023269996513,193.31023269996513,193.49418749997858,None,,,,,,,,,,,,,,,,,,,,,,,P8384,Bar_MIC,11,1,2026-04-09_15h27.42.794,MIC_task,,2026.1.2,60.0367665301919,2026-04-09 15h27.44.539502 +0200,
,,19,0,19,,,,,,,11,c19,kalap,hat,3,clothes,headwear,6.8,10,29,None,None,"(0.1, 0.1)",None,,,,,,,,,,,,,,0,0,0,0,0,9,9,9,19,0,19,0,193.51064349990338,,,,,,,,,,,,,,,,,,,,,,,,,,,,,,,,,,,,,,,,,,,,,,,,,,,,,,,,,,,,,,,,,,,,,,,,,,,,,,,,,,,,,,,,,,,,193.49701309995726,193.51064349990338,193.51064349990338,193.51064349990338,193.6944754999131,None,,,,,,,,,,,,,,,,,,,,,,,P8384,Bar_MIC,11,1,2026-04-09_15h27.42.794,MIC_task,,2026.1.2,60.0367665301919,2026-04-09 15h27.44.539502 +0200,
,,20,0,20,,,,,,,11,c19,kalap,hat,3,clothes,headwear,6.8,10,29,None,None,"(0.1, 0.1)",None,,,,,,,,,,,,,,0,0,0,0,0,9,9,9,20,0,20,0,193.71098039997742,,,,,,,,,,,,,,,,,,,,,,,,,,,,,,,,,,,,,,,,,,,,,,,,,,,,,,,,,,,,,,,,,,,,,,,,,,,,,,,,,,,,,,,,,,,,193.69779279991053,193.71098039997742,193.71098039997742,193.71098039997742,193.8948298000032,None,,,,,,,,,,,,,,,,,,,,,,,P8384,Bar_MIC,11,1,2026-04-09_15h27.42.794,MIC_task,,2026.1.2,60.0367665301919,2026-04-09 15h27.44.539502 +0200,
,,21,0,21,,,,,,,11,c19,kalap,hat,3,clothes,headwear,6.8,10,29,None,None,"(0.1, 0.1)",None,,,,,,,,,,,,,,0,0,0,0,0,9,9,9,21,0,21,0,193.9113882998936,,,,,,,,,,,,,,,,,,,,,,,,,,,,,,,,,,,,,,,,,,,,,,,,,,,,,,,,,,,,,,,,,,,,,,,,,,,,,,,,,,,,,,,,,,,,193.89765569998417,193.9113882998936,193.9113882998936,193.9113882998936,194.0953672999749,None,,,,,,,,,,,,,,,,,,,,,,,P8384,Bar_MIC,11,1,2026-04-09_15h27.42.794,MIC_task,,2026.1.2,60.0367665301919,2026-04-09 15h27.44.539502 +0200,
,,22,0,22,,,,,,,11,c19,kalap,hat,3,clothes,headwear,6.8,10,29,None,None,"(0.1, 0.1)",None,,,,,,,,,,,,,,0,0,0,0,0,9,9,9,22,0,22,0,194.11175649997313,,,,,,,,,,,,,,,,,,,,,,,,,,,,,,,,,,,,,,,,,,,,,,,,,,,,,,,,,,,,,,,,,,,,,,,,,,,,,,,,,,,,,,,,,,,,194.09824229998048,194.11175649997313,194.11175649997313,194.11175649997313,194.2958662000019,None,,,,,,,,,,,,,,,,,,,,,,,P8384,Bar_MIC,11,1,2026-04-09_15h27.42.794,MIC_task,,2026.1.2,60.0367665301919,2026-04-09 15h27.44.539502 +0200,
,,23,0,23,,,,,,,11,c19,kalap,hat,3,clothes,headwear,6.8,10,29,None,None,"(0.1, 0.1)",None,,,,,,,,,,,,,,0,0,0,0,0,9,9,9,23,0,23,0,194.3121501998976,,,,,,,,,,,,,,,,,,,,,,,,,,,,,,,,,,,,,,,,,,,,,,,,,,,,,,,,,,,,,,,,,,,,,,,,,,,,,,,,,,,,,,,,,,,,194.29859649995342,194.3121501998976,194.3121501998976,194.3121501998976,194.49611629999708,None,,,,,,,,,,,,,,,,,,,,,,,P8384,Bar_MIC,11,1,2026-04-09_15h27.42.794,MIC_task,,2026.1.2,60.0367665301919,2026-04-09 15h27.44.539502 +0200,
,,24,0,24,,,,,,,11,c19,kalap,hat,3,clothes,headwear,6.8,10,29,None,None,"(0.1, 0.1)",None,,,,,,,,,,,,,,0,0,0,0,0,9,9,9,24,0,24,0,194.51240709994454,,,,,,,,,,,,,,,,,,,,,,,,,,,,,,,,,,,,,,,,,,,,,,,,,,,,,,,,,,,,,,,,,,,,,,,,,,,,,,,,,,,,,,,,,,,,194.49907239992172,194.51240709994454,194.51240709994454,194.51240709994454,194.69675449992064,None,,,,,,,,,,,,,,,,,,,,,,,P8384,Bar_MIC,11,1,2026-04-09_15h27.42.794,MIC_task,,2026.1.2,60.0367665301919,2026-04-09 15h27.44.539502 +0200,
,,25,0,25,,,,,,,11,c19,kalap,hat,3,clothes,headwear,6.8,10,29,None,None,"(0.1, 0.1)",None,,,,,,,,,,,,,,0,0,0,0,0,9,9,9,25,0,25,0,194.7128182000015,,,,,,,,,,,,,,,,,,,,,,,,,,,,,,,,,,,,,,,,,,,,,,,,,,,,,,,,,,,,,,,,,,,,,,,,,,,,,,,,,,,,,,,,,,,,194.69968259998132,194.7128182000015,194.7128182000015,194.7128182000015,194.89696980000008,None,,,,,,,,,,,,,,,,,,,,,,,P8384,Bar_MIC,11,1,2026-04-09_15h27.42.794,MIC_task,,2026.1.2,60.0367665301919,2026-04-09 15h27.44.539502 +0200,
,,26,0,26,,,,,,,11,c19,kalap,hat,3,clothes,headwear,6.8,10,29,None,None,"(0.1, 0.1)",space,0.07092179998289794,None,,,,,,,,,,,,0,0,0,0,0,9,9,9,26,0,26,0,194.91322479990777,,,,,,,,,,,,,,,,,,,,,,,,,,,,,,,,,,,,,,,,,,,,,,,,,,,,,,,,,,,,,,,,,,,,,,,,,,,,,,,,,,,,,,,,,,,,194.90009999996983,194.91322479990777,194.91322479990777,194.91322479990777,194.99758949992247,space,0.07092179998289794,None,,,,,,,,,,,,,,,,,,,,,P8384,Bar_MIC,11,1,2026-04-09_15h27.42.794,MIC_task,,2026.1.2,60.0367665301919,2026-04-09 15h27.44.539502 +0200,
,,9,9,0,,,,space,0.32635929994285107,None,11,c19,kalap,hat,3,clothes,headwear,6.8,10,29,None,None,"(0.1, 0.1)",,,,,,,,,,,,,,,0,0,0,0,0,9,9,9,,,,,,,,,,,,,,,,,,,,,,,,,,,,,,,,,,,,,,,,,,,,,,,,,,,,,,,,,,,,,,,,,,,,,,,,,,,,,,,,,195.06041789997835,195.06603220000397,195.0633629666564,197.0005988999037,,,,,,199.00360860000364,199.0190354998922,199.0190354998922,199.353588799946,,,,,,,,,,,,197.0281602999894,197.0331009000074,197.0338041333094,198.9362456999952,199.00353819993325,space,0.32635929994285107,None,,,,,,,,,,,,,P8384,Bar_MIC,11,1,2026-04-09_15h27.42.794,MIC_task,,2026.1.2,60.0367665301919,2026-04-09 15h27.44.539502 +0200,
,,0,0,0,,,,,,,11,pl29,brokkoli,broccoli,7,plants,vegetable,5.4,15,None,62,None,"(0, 0.1)",None,,,,,,,,,,,,,,0,0,0,0,0,10,10,10,0,0,0,0,199.37684889999218,,,,,,,,,,,,,,,,,,,,,,,,,,,,,,,,,,,,,,,,,,,,,,,,,,,,,,,,,,,,,,,,,,,,,,,,,,,,,,,,,,,,,,,,,,,,199.371783999959,199.37684889999218,199.37684889999218,199.37684889999218,199.5543399999151,None,,,,,,,,,,,,,,,,,,,,,,,P8384,Bar_MIC,11,1,2026-04-09_15h27.42.794,MIC_task,,2026.1.2,60.0367665301919,2026-04-09 15h27.44.539502 +0200,
,,0,0,0,,,,,,,11,pl29,brokkoli,broccoli,7,plants,vegetable,5.4,15,None,62,None,"(0, 0.1)",None,,,,,,,,,,,,,,0,0,0,0,0,10,10,10,0,0,0,0,199.5697815999156,,,,,,,,,,,,,,,,,,,,,,,,,,,,,,,,,,,,,,,,,,,,,,,,,,,,,,,,,,,,,,,,,,,,,,,,,,,,,,,,,,,,,,,,,,,,199.55748259997927,199.5697815999156,199.5697815999156,199.5697815999156,199.7548461999977,None,,,,,,,,,,,,,,,,,,,,,,,P8384,Bar_MIC,11,1,2026-04-09_15h27.42.794,MIC_task,,2026.1.2,60.0367665301919,2026-04-09 15h27.44.539502 +0200,
,,1,0,1,,,,,,,11,pl29,brokkoli,broccoli,7,plants,vegetable,5.4,15,None,62,None,"(0, 0.1)",None,,,,,,,,,,,,,,0,0,0,0,0,10,10,10,1,0,1,0,199.77023219992407,,,,,,,,,,,,,,,,,,,,,,,,,,,,,,,,,,,,,,,,,,,,,,,,,,,,,,,,,,,,,,,,,,,,,,,,,,,,,,,,,,,,,,,,,,,,199.75808759999927,199.77023219992407,199.77023219992407,199.77023219992407,199.95411549997516,None,,,,,,,,,,,,,,,,,,,,,,,P8384,Bar_MIC,11,1,2026-04-09_15h27.42.794,MIC_task,,2026.1.2,60.0367665301919,2026-04-09 15h27.44.539502 +0200,
,,2,0,2,,,,,,,11,pl29,brokkoli,broccoli,7,plants,vegetable,5.4,15,None,62,None,"(0, 0.1)",None,,,,,,,,,,,,,,0,0,0,0,0,10,10,10,2,0,2,0,199.97056219994556,,,,,,,,,,,,,,,,,,,,,,,,,,,,,,,,,,,,,,,,,,,,,,,,,,,,,,,,,,,,,,,,,,,,,,,,,,,,,,,,,,,,,,,,,,,,199.95763299998362,199.97056219994556,199.97056219994556,199.97056219994556,200.1544204999227,None,,,,,,,,,,,,,,,,,,,,,,,P8384,Bar_MIC,11,1,2026-04-09_15h27.42.794,MIC_task,,2026.1.2,60.0367665301919,2026-04-09 15h27.44.539502 +0200,
,,3,0,3,,,,,,,11,pl29,brokkoli,broccoli,7,plants,vegetable,5.4,15,None,62,None,"(0, 0.1)",None,,,,,,,,,,,,,,0,0,0,0,0,10,10,10,3,0,3,0,200.1709481999278,,,,,,,,,,,,,,,,,,,,,,,,,,,,,,,,,,,,,,,,,,,,,,,,,,,,,,,,,,,,,,,,,,,,,,,,,,,,,,,,,,,,,,,,,,,,200.1576866999967,200.1709481999278,200.1709481999278,200.1709481999278,200.35493479995057,None,,,,,,,,,,,,,,,,,,,,,,,P8384,Bar_MIC,11,1,2026-04-09_15h27.42.794,MIC_task,,2026.1.2,60.0367665301919,2026-04-09 15h27.44.539502 +0200,
,,4,0,4,,,,,,,11,pl29,brokkoli,broccoli,7,plants,vegetable,5.4,15,None,62,None,"(0, 0.1)",None,,,,,,,,,,,,,,0,0,0,0,0,10,10,10,4,0,4,0,200.37133140000515,,,,,,,,,,,,,,,,,,,,,,,,,,,,,,,,,,,,,,,,,,,,,,,,,,,,,,,,,,,,,,,,,,,,,,,,,,,,,,,,,,,,,,,,,,,,200.3584057999542,200.37133140000515,200.37133140000515,200.37133140000515,200.5553068999434,None,,,,,,,,,,,,,,,,,,,,,,,P8384,Bar_MIC,11,1,2026-04-09_15h27.42.794,MIC_task,,2026.1.2,60.0367665301919,2026-04-09 15h27.44.539502 +0200,
,,5,0,5,,,,,,,11,pl29,brokkoli,broccoli,7,plants,vegetable,5.4,15,None,62,None,"(0, 0.1)",None,,,,,,,,,,,,,,0,0,0,0,0,10,10,10,5,0,5,0,200.5716590998927,,,,,,,,,,,,,,,,,,,,,,,,,,,,,,,,,,,,,,,,,,,,,,,,,,,,,,,,,,,,,,,,,,,,,,,,,,,,,,,,,,,,,,,,,,,,200.55863809993025,200.5716590998927,200.5716590998927,200.5716590998927,200.75575079990085,None,,,,,,,,,,,,,,,,,,,,,,,P8384,Bar_MIC,11,1,2026-04-09_15h27.42.794,MIC_task,,2026.1.2,60.0367665301919,2026-04-09 15h27.44.539502 +0200,
,,6,0,6,,,,,,,11,pl29,brokkoli,broccoli,7,plants,vegetable,5.4,15,None,62,None,"(0, 0.1)",None,,,,,,,,,,,,,,0,0,0,0,0,10,10,10,6,0,6,0,200.7720201999182,,,,,,,,,,,,,,,,,,,,,,,,,,,,,,,,,,,,,,,,,,,,,,,,,,,,,,,,,,,,,,,,,,,,,,,,,,,,,,,,,,,,,,,,,,,,200.7590711999219,200.7720201999182,200.7720201999182,200.7720201999182,200.95611389994156,None,,,,,,,,,,,,,,,,,,,,,,,P8384,Bar_MIC,11,1,2026-04-09_15h27.42.794,MIC_task,,2026.1.2,60.0367665301919,2026-04-09 15h27.44.539502 +0200,
,,7,0,7,,,,,,,11,pl29,brokkoli,broccoli,7,plants,vegetable,5.4,15,None,62,None,"(0, 0.1)",None,,,,,,,,,,,,,,0,0,0,0,0,10,10,10,7,0,7,0,200.97242329991423,,,,,,,,,,,,,,,,,,,,,,,,,,,,,,,,,,,,,,,,,,,,,,,,,,,,,,,,,,,,,,,,,,,,,,,,,,,,,,,,,,,,,,,,,,,,200.95962229999714,200.97242329991423,200.97242329991423,200.97242329991423,201.15658509999048,None,,,,,,,,,,,,,,,,,,,,,,,P8384,Bar_MIC,11,1,2026-04-09_15h27.42.794,MIC_task,,2026.1.2,60.0367665301919,2026-04-09 15h27.44.539502 +0200,
,,8,0,8,,,,,,,11,pl29,brokkoli,broccoli,7,plants,vegetable,5.4,15,None,62,None,"(0, 0.1)",None,,,,,,,,,,,,,,0,0,0,0,0,10,10,10,8,0,8,0,201.17289159994107,,,,,,,,,,,,,,,,,,,,,,,,,,,,,,,,,,,,,,,,,,,,,,,,,,,,,,,,,,,,,,,,,,,,,,,,,,,,,,,,,,,,,,,,,,,,201.16009459993802,201.17289159994107,201.17289159994107,201.17289159994107,201.3568487999728,None,,,,,,,,,,,,,,,,,,,,,,,P8384,Bar_MIC,11,1,2026-04-09_15h27.42.794,MIC_task,,2026.1.2,60.0367665301919,2026-04-09 15h27.44.539502 +0200,
,,9,0,9,,,,,,,11,pl29,brokkoli,broccoli,7,plants,vegetable,5.4,15,None,62,None,"(0, 0.1)",None,,,,,,,,,,,,,,0,0,0,0,0,10,10,10,9,0,9,0,201.37243299989495,,,,,,,,,,,,,,,,,,,,,,,,,,,,,,,,,,,,,,,,,,,,,,,,,,,,,,,,,,,,,,,,,,,,,,,,,,,,,,,,,,,,,,,,,,,,201.36026149999816,201.37243299989495,201.37243299989495,201.37243299989495,201.55739239999093,None,,,,,,,,,,,,,,,,,,,,,,,P8384,Bar_MIC,11,1,2026-04-09_15h27.42.794,MIC_task,,2026.1.2,60.0367665301919,2026-04-09 15h27.44.539502 +0200,
,,10,0,10,,,,,,,11,pl29,brokkoli,broccoli,7,plants,vegetable,5.4,15,None,62,None,"(0, 0.1)",None,,,,,,,,,,,,,,0,0,0,0,0,10,10,10,10,0,10,0,201.5728156999685,,,,,,,,,,,,,,,,,,,,,,,,,,,,,,,,,,,,,,,,,,,,,,,,,,,,,,,,,,,,,,,,,,,,,,,,,,,,,,,,,,,,,,,,,,,,201.56095419998746,201.5728156999685,201.5728156999685,201.5728156999685,201.75789099989925,None,,,,,,,,,,,,,,,,,,,,,,,P8384,Bar_MIC,11,1,2026-04-09_15h27.42.794,MIC_task,,2026.1.2,60.0367665301919,2026-04-09 15h27.44.539502 +0200,
,,11,0,11,,,,,,,11,pl29,brokkoli,broccoli,7,plants,vegetable,5.4,15,None,62,None,"(0, 0.1)",None,,,,,,,,,,,,,,0,0,0,0,0,10,10,10,11,0,11,0,201.77320639998652,,,,,,,,,,,,,,,,,,,,,,,,,,,,,,,,,,,,,,,,,,,,,,,,,,,,,,,,,,,,,,,,,,,,,,,,,,,,,,,,,,,,,,,,,,,,201.76122159999795,201.77320639998652,201.77320639998652,201.77320639998652,201.95690979994833,None,,,,,,,,,,,,,,,,,,,,,,,P8384,Bar_MIC,11,1,2026-04-09_15h27.42.794,MIC_task,,2026.1.2,60.0367665301919,2026-04-09 15h27.44.539502 +0200,
,,12,0,12,,,,,,,11,pl29,brokkoli,broccoli,7,plants,vegetable,5.4,15,None,62,None,"(0, 0.1)",None,,,,,,,,,,,,,,0,0,0,0,0,10,10,10,12,0,12,0,201.97355649992824,,,,,,,,,,,,,,,,,,,,,,,,,,,,,,,,,,,,,,,,,,,,,,,,,,,,,,,,,,,,,,,,,,,,,,,,,,,,,,,,,,,,,,,,,,,,201.9601729999995,201.97355649992824,201.97355649992824,201.97355649992824,202.15725319995545,None,,,,,,,,,,,,,,,,,,,,,,,P8384,Bar_MIC,11,1,2026-04-09_15h27.42.794,MIC_task,,2026.1.2,60.0367665301919,2026-04-09 15h27.44.539502 +0200,
,,13,0,13,,,,,,,11,pl29,brokkoli,broccoli,7,plants,vegetable,5.4,15,None,62,None,"(0, 0.1)",None,,,,,,,,,,,,,,0,0,0,0,0,10,10,10,13,0,13,0,202.1739757999312,,,,,,,,,,,,,,,,,,,,,,,,,,,,,,,,,,,,,,,,,,,,,,,,,,,,,,,,,,,,,,,,,,,,,,,,,,,,,,,,,,,,,,,,,,,,202.1602169999387,202.1739757999312,202.1739757999312,202.1739757999312,202.35787139995955,None,,,,,,,,,,,,,,,,,,,,,,,P8384,Bar_MIC,11,1,2026-04-09_15h27.42.794,MIC_task,,2026.1.2,60.0367665301919,2026-04-09 15h27.44.539502 +0200,
,,14,0,14,,,,,,,11,pl29,brokkoli,broccoli,7,plants,vegetable,5.4,15,None,62,None,"(0, 0.1)",None,,,,,,,,,,,,,,0,0,0,0,0,10,10,10,14,0,14,0,202.37433779996354,,,,,,,,,,,,,,,,,,,,,,,,,,,,,,,,,,,,,,,,,,,,,,,,,,,,,,,,,,,,,,,,,,,,,,,,,,,,,,,,,,,,,,,,,,,,202.36123769998085,202.37433779996354,202.37433779996354,202.37433779996354,202.55830959999003,None,,,,,,,,,,,,,,,,,,,,,,,P8384,Bar_MIC,11,1,2026-04-09_15h27.42.794,MIC_task,,2026.1.2,60.0367665301919,2026-04-09 15h27.44.539502 +0200,
,,15,0,15,,,,,,,11,pl29,brokkoli,broccoli,7,plants,vegetable,5.4,15,None,62,None,"(0, 0.1)",None,,,,,,,,,,,,,,0,0,0,0,0,10,10,10,15,0,15,0,202.57472499995492,,,,,,,,,,,,,,,,,,,,,,,,,,,,,,,,,,,,,,,,,,,,,,,,,,,,,,,,,,,,,,,,,,,,,,,,,,,,,,,,,,,,,,,,,,,,202.56137249991298,202.57472499995492,202.57472499995492,202.57472499995492,202.7586646999698,None,,,,,,,,,,,,,,,,,,,,,,,P8384,Bar_MIC,11,1,2026-04-09_15h27.42.794,MIC_task,,2026.1.2,60.0367665301919,2026-04-09 15h27.44.539502 +0200,
,,16,0,16,,,,,,,11,pl29,brokkoli,broccoli,7,plants,vegetable,5.4,15,None,62,None,"(0, 0.1)",None,,,,,,,,,,,,,,0,0,0,0,0,10,10,10,16,0,16,0,202.77505079994444,,,,,,,,,,,,,,,,,,,,,,,,,,,,,,,,,,,,,,,,,,,,,,,,,,,,,,,,,,,,,,,,,,,,,,,,,,,,,,,,,,,,,,,,,,,,202.76181739999447,202.77505079994444,202.77505079994444,202.77505079994444,202.95905479998328,None,,,,,,,,,,,,,,,,,,,,,,,P8384,Bar_MIC,11,1,2026-04-09_15h27.42.794,MIC_task,,2026.1.2,60.0367665301919,2026-04-09 15h27.44.539502 +0200,
,,17,0,17,,,,,,,11,pl29,brokkoli,broccoli,7,plants,vegetable,5.4,15,None,62,None,"(0, 0.1)",None,,,,,,,,,,,,,,0,0,0,0,0,10,10,10,17,0,17,0,202.97532819991466,,,,,,,,,,,,,,,,,,,,,,,,,,,,,,,,,,,,,,,,,,,,,,,,,,,,,,,,,,,,,,,,,,,,,,,,,,,,,,,,,,,,,,,,,,,,202.962451600004,202.97532819991466,202.97532819991466,202.97532819991466,203.1595682000043,None,,,,,,,,,,,,,,,,,,,,,,,P8384,Bar_MIC,11,1,2026-04-09_15h27.42.794,MIC_task,,2026.1.2,60.0367665301919,2026-04-09 15h27.44.539502 +0200,
,,18,0,18,,,,,,,11,pl29,brokkoli,broccoli,7,plants,vegetable,5.4,15,None,62,None,"(0, 0.1)",None,,,,,,,,,,,,,,0,0,0,0,0,10,10,10,18,0,18,0,203.17585999995936,,,,,,,,,,,,,,,,,,,,,,,,,,,,,,,,,,,,,,,,,,,,,,,,,,,,,,,,,,,,,,,,,,,,,,,,,,,,,,,,,,,,,,,,,,,,203.16283879999537,203.17585999995936,203.17585999995936,203.17585999995936,203.35999599995557,None,,,,,,,,,,,,,,,,,,,,,,,P8384,Bar_MIC,11,1,2026-04-09_15h27.42.794,MIC_task,,2026.1.2,60.0367665301919,2026-04-09 15h27.44.539502 +0200,
,,19,0,19,,,,,,,11,pl29,brokkoli,broccoli,7,plants,vegetable,5.4,15,None,62,None,"(0, 0.1)",None,,,,,,,,,,,,,,0,0,0,0,0,10,10,10,19,0,19,0,203.37617349997163,,,,,,,,,,,,,,,,,,,,,,,,,,,,,,,,,,,,,,,,,,,,,,,,,,,,,,,,,,,,,,,,,,,,,,,,,,,,,,,,,,,,,,,,,,,,203.36366459995043,203.37617349997163,203.37617349997163,203.37617349997163,203.5590627999045,None,,,,,,,,,,,,,,,,,,,,,,,P8384,Bar_MIC,11,1,2026-04-09_15h27.42.794,MIC_task,,2026.1.2,60.0367665301919,2026-04-09 15h27.44.539502 +0200,
,,20,0,20,,,,,,,11,pl29,brokkoli,broccoli,7,plants,vegetable,5.4,15,None,62,None,"(0, 0.1)",None,,,,,,,,,,,,,,0,0,0,0,0,10,10,10,20,0,20,0,203.57572259998415,,,,,,,,,,,,,,,,,,,,,,,,,,,,,,,,,,,,,,,,,,,,,,,,,,,,,,,,,,,,,,,,,,,,,,,,,,,,,,,,,,,,,,,,,,,,203.56228569999803,203.57572259998415,203.57572259998415,203.57572259998415,203.76065579999704,None,,,,,,,,,,,,,,,,,,,,,,,P8384,Bar_MIC,11,1,2026-04-09_15h27.42.794,MIC_task,,2026.1.2,60.0367665301919,2026-04-09 15h27.44.539502 +0200,
,,21,0,21,,,,,,,11,pl29,brokkoli,broccoli,7,plants,vegetable,5.4,15,None,62,None,"(0, 0.1)",None,,,,,,,,,,,,,,0,0,0,0,0,10,10,10,21,0,21,0,203.77616539993323,,,,,,,,,,,,,,,,,,,,,,,,,,,,,,,,,,,,,,,,,,,,,,,,,,,,,,,,,,,,,,,,,,,,,,,,,,,,,,,,,,,,,,,,,,,,203.76389879989438,203.77616539993323,203.77616539993323,203.77616539993323,203.96108769997954,None,,,,,,,,,,,,,,,,,,,,,,,P8384,Bar_MIC,11,1,2026-04-09_15h27.42.794,MIC_task,,2026.1.2,60.0367665301919,2026-04-09 15h27.44.539502 +0200,
,,22,0,22,,,,,,,11,pl29,brokkoli,broccoli,7,plants,vegetable,5.4,15,None,62,None,"(0, 0.1)",None,,,,,,,,,,,,,,0,0,0,0,0,10,10,10,22,0,22,0,203.9766007999424,,,,,,,,,,,,,,,,,,,,,,,,,,,,,,,,,,,,,,,,,,,,,,,,,,,,,,,,,,,,,,,,,,,,,,,,,,,,,,,,,,,,,,,,,,,,203.96461949998047,203.9766007999424,203.9766007999424,203.9766007999424,204.16023779998068,None,,,,,,,,,,,,,,,,,,,,,,,P8384,Bar_MIC,11,1,2026-04-09_15h27.42.794,MIC_task,,2026.1.2,60.0367665301919,2026-04-09 15h27.44.539502 +0200,
,,23,0,23,,,,,,,11,pl29,brokkoli,broccoli,7,plants,vegetable,5.4,15,None,62,None,"(0, 0.1)",None,,,,,,,,,,,,,,0,0,0,0,0,10,10,10,23,0,23,0,204.17690479999874,,,,,,,,,,,,,,,,,,,,,,,,,,,,,,,,,,,,,,,,,,,,,,,,,,,,,,,,,,,,,,,,,,,,,,,,,,,,,,,,,,,,,,,,,,,,204.16377779992763,204.17690479999874,204.17690479999874,204.17690479999874,204.3606740999967,None,,,,,,,,,,,,,,,,,,,,,,,P8384,Bar_MIC,11,1,2026-04-09_15h27.42.794,MIC_task,,2026.1.2,60.0367665301919,2026-04-09 15h27.44.539502 +0200,
,,24,0,24,,,,,,,11,pl29,brokkoli,broccoli,7,plants,vegetable,5.4,15,None,62,None,"(0, 0.1)",space,0.1042994000017643,None,,,,,,,,,,,,0,0,0,0,0,10,10,10,24,0,24,0,204.37732329999562,,,,,,,,,,,,,,,,,,,,,,,,,,,,,,,,,,,,,,,,,,,,,,,,,,,,,,,,,,,,,,,,,,,,,,,,,,,,,,,,,,,,,,,,,,,,204.36373310000636,204.37732329999562,204.37732329999562,204.37732329999562,204.49603469995782,space,0.1042994000017643,None,,,,,,,,,,,,,,,,,,,,,P8384,Bar_MIC,11,1,2026-04-09_15h27.42.794,MIC_task,,2026.1.2,60.0367665301919,2026-04-09 15h27.44.539502 +0200,
,,10,10,0,,,,space,0.5407661999342963,None,11,pl29,brokkoli,broccoli,7,plants,vegetable,5.4,15,None,62,None,"(0, 0.1)",,,,,,,,,,,,,,,0,0,0,0,0,10,10,10,,,,,,,,,,,,,,,,,,,,,,,,,,,,,,,,,,,,,,,,,,,,,,,,,,,,,,,,,,,,,,,,,,,,,,,,,,,,,,,,,204.55887219996657,204.56452849996276,204.56168286666897,206.49801419989672,,,,,,208.50099519989453,208.51767649990506,208.51767649990506,209.06911969999783,,,,,,,,,,,,206.52905219991226,206.5343577999156,206.5312248332271,208.43368229991756,208.5009471999947,space,0.5407661999342963,None,,,,,,,,,,,,,P8384,Bar_MIC,11,1,2026-04-09_15h27.42.794,MIC_task,,2026.1.2,60.0367665301919,2026-04-09 15h27.44.539502 +0200,
,,0,0,0,,,,,,,11,p19,rendőr,police officier,6,people,professions,6.8,179,25,53,None,"(-0.1, 0)",None,,,,,,,,,,,,,,0,0,0,0,0,11,11,11,0,0,0,0,209.0951356999576,,,,,,,,,,,,,,,,,,,,,,,,,,,,,,,,,,,,,,,,,,,,,,,,,,,,,,,,,,,,,,,,,,,,,,,,,,,,,,,,,,,,,,,,,,,,209.08968789991923,209.0951356999576,209.0951356999576,209.0951356999576,209.2858076998964,None,,,,,,,,,,,,,,,,,,,,,,,P8384,Bar_MIC,11,1,2026-04-09_15h27.42.794,MIC_task,,2026.1.2,60.0367665301919,2026-04-09 15h27.44.539502 +0200,
,,0,0,0,,,,,,,11,p19,rendőr,police officier,6,people,professions,6.8,179,25,53,None,"(-0.1, 0)",None,,,,,,,,,,,,,,0,0,0,0,0,11,11,11,0,0,0,0,209.30131489993073,,,,,,,,,,,,,,,,,,,,,,,,,,,,,,,,,,,,,,,,,,,,,,,,,,,,,,,,,,,,,,,,,,,,,,,,,,,,,,,,,,,,,,,,,,,,209.28905049990863,209.30131489993073,209.30131489993073,209.30131489993073,209.46949499996845,None,,,,,,,,,,,,,,,,,,,,,,,P8384,Bar_MIC,11,1,2026-04-09_15h27.42.794,MIC_task,,2026.1.2,60.0367665301919,2026-04-09 15h27.44.539502 +0200,
,,1,0,1,,,,,,,11,p19,rendőr,police officier,6,people,professions,6.8,179,25,53,None,"(-0.1, 0)",None,,,,,,,,,,,,,,0,0,0,0,0,11,11,11,1,0,1,0,209.48495359998196,,,,,,,,,,,,,,,,,,,,,,,,,,,,,,,,,,,,,,,,,,,,,,,,,,,,,,,,,,,,,,,,,,,,,,,,,,,,,,,,,,,,,,,,,,,,209.47266440000385,209.48495359998196,209.48495359998196,209.48495359998196,209.67001559992786,None,,,,,,,,,,,,,,,,,,,,,,,P8384,Bar_MIC,11,1,2026-04-09_15h27.42.794,MIC_task,,2026.1.2,60.0367665301919,2026-04-09 15h27.44.539502 +0200,
,,2,0,2,,,,,,,11,p19,rendőr,police officier,6,people,professions,6.8,179,25,53,None,"(-0.1, 0)",None,,,,,,,,,,,,,,0,0,0,0,0,11,11,11,2,0,2,0,209.68530459993053,,,,,,,,,,,,,,,,,,,,,,,,,,,,,,,,,,,,,,,,,,,,,,,,,,,,,,,,,,,,,,,,,,,,,,,,,,,,,,,,,,,,,,,,,,,,209.67282489989884,209.68530459993053,209.68530459993053,209.68530459993053,209.8702163998969,None,,,,,,,,,,,,,,,,,,,,,,,P8384,Bar_MIC,11,1,2026-04-09_15h27.42.794,MIC_task,,2026.1.2,60.0367665301919,2026-04-09 15h27.44.539502 +0200,
,,3,0,3,,,,,,,11,p19,rendőr,police officier,6,people,professions,6.8,179,25,53,None,"(-0.1, 0)",None,,,,,,,,,,,,,,0,0,0,0,0,11,11,11,3,0,3,0,209.88567749992944,,,,,,,,,,,,,,,,,,,,,,,,,,,,,,,,,,,,,,,,,,,,,,,,,,,,,,,,,,,,,,,,,,,,,,,,,,,,,,,,,,,,,,,,,,,,209.8736219999846,209.88567749992944,209.88567749992944,209.88567749992944,210.07066339999437,None,,,,,,,,,,,,,,,,,,,,,,,P8384,Bar_MIC,11,1,2026-04-09_15h27.42.794,MIC_task,,2026.1.2,60.0367665301919,2026-04-09 15h27.44.539502 +0200,
,,4,0,4,,,,,,,11,p19,rendőr,police officier,6,people,professions,6.8,179,25,53,None,"(-0.1, 0)",None,,,,,,,,,,,,,,0,0,0,0,0,11,11,11,4,0,4,0,210.08606899995357,,,,,,,,,,,,,,,,,,,,,,,,,,,,,,,,,,,,,,,,,,,,,,,,,,,,,,,,,,,,,,,,,,,,,,,,,,,,,,,,,,,,,,,,,,,,210.07408709998708,210.08606899995357,210.08606899995357,210.08606899995357,210.26986279990524,None,,,,,,,,,,,,,,,,,,,,,,,P8384,Bar_MIC,11,1,2026-04-09_15h27.42.794,MIC_task,,2026.1.2,60.0367665301919,2026-04-09 15h27.44.539502 +0200,
,,5,0,5,,,,,,,11,p19,rendőr,police officier,6,people,professions,6.8,179,25,53,None,"(-0.1, 0)",None,,,,,,,,,,,,,,0,0,0,0,0,11,11,11,5,0,5,0,210.28649909992237,,,,,,,,,,,,,,,,,,,,,,,,,,,,,,,,,,,,,,,,,,,,,,,,,,,,,,,,,,,,,,,,,,,,,,,,,,,,,,,,,,,,,,,,,,,,210.27294129994698,210.28649909992237,210.28649909992237,210.28649909992237,210.47029969992582,None,,,,,,,,,,,,,,,,,,,,,,,P8384,Bar_MIC,11,1,2026-04-09_15h27.42.794,MIC_task,,2026.1.2,60.0367665301919,2026-04-09 15h27.44.539502 +0200,
,,6,0,6,,,,,,,11,p19,rendőr,police officier,6,people,professions,6.8,179,25,53,None,"(-0.1, 0)",None,,,,,,,,,,,,,,0,0,0,0,0,11,11,11,6,0,6,0,210.48687719996087,,,,,,,,,,,,,,,,,,,,,,,,,,,,,,,,,,,,,,,,,,,,,,,,,,,,,,,,,,,,,,,,,,,,,,,,,,,,,,,,,,,,,,,,,,,,210.47359269997105,210.48687719996087,210.48687719996087,210.48687719996087,210.67075399996247,None,,,,,,,,,,,,,,,,,,,,,,,P8384,Bar_MIC,11,1,2026-04-09_15h27.42.794,MIC_task,,2026.1.2,60.0367665301919,2026-04-09 15h27.44.539502 +0200,
,,7,0,7,,,,,,,11,p19,rendőr,police officier,6,people,professions,6.8,179,25,53,None,"(-0.1, 0)",None,,,,,,,,,,,,,,0,0,0,0,0,11,11,11,7,0,7,0,210.68713559990283,,,,,,,,,,,,,,,,,,,,,,,,,,,,,,,,,,,,,,,,,,,,,,,,,,,,,,,,,,,,,,,,,,,,,,,,,,,,,,,,,,,,,,,,,,,,210.67380059999414,210.68713559990283,210.68713559990283,210.68713559990283,210.8715455000056,None,,,,,,,,,,,,,,,,,,,,,,,P8384,Bar_MIC,11,1,2026-04-09_15h27.42.794,MIC_task,,2026.1.2,60.0367665301919,2026-04-09 15h27.44.539502 +0200,
,,8,0,8,,,,,,,11,p19,rendőr,police officier,6,people,professions,6.8,179,25,53,None,"(-0.1, 0)",None,,,,,,,,,,,,,,0,0,0,0,0,11,11,11,8,0,8,0,210.8874916000059,,,,,,,,,,,,,,,,,,,,,,,,,,,,,,,,,,,,,,,,,,,,,,,,,,,,,,,,,,,,,,,,,,,,,,,,,,,,,,,,,,,,,,,,,,,,210.87462879996747,210.8874916000059,210.8874916000059,210.8874916000059,211.07159999990836,None,,,,,,,,,,,,,,,,,,,,,,,P8384,Bar_MIC,11,1,2026-04-09_15h27.42.794,MIC_task,,2026.1.2,60.0367665301919,2026-04-09 15h27.44.539502 +0200,
,,9,0,9,,,,,,,11,p19,rendőr,police officier,6,people,professions,6.8,179,25,53,None,"(-0.1, 0)",None,,,,,,,,,,,,,,0,0,0,0,0,11,11,11,9,0,9,0,211.08708299999125,,,,,,,,,,,,,,,,,,,,,,,,,,,,,,,,,,,,,,,,,,,,,,,,,,,,,,,,,,,,,,,,,,,,,,,,,,,,,,,,,,,,,,,,,,,,211.07491949992254,211.08708299999125,211.08708299999125,211.08708299999125,211.2716755999718,None,,,,,,,,,,,,,,,,,,,,,,,P8384,Bar_MIC,11,1,2026-04-09_15h27.42.794,MIC_task,,2026.1.2,60.0367665301919,2026-04-09 15h27.44.539502 +0200,
,,10,0,10,,,,,,,11,p19,rendőr,police officier,6,people,professions,6.8,179,25,53,None,"(-0.1, 0)",None,,,,,,,,,,,,,,0,0,0,0,0,11,11,11,10,0,10,0,211.2882233998971,,,,,,,,,,,,,,,,,,,,,,,,,,,,,,,,,,,,,,,,,,,,,,,,,,,,,,,,,,,,,,,,,,,,,,,,,,,,,,,,,,,,,,,,,,,,211.27496199996676,211.2882233998971,211.2882233998971,211.2882233998971,211.4723477999214,None,,,,,,,,,,,,,,,,,,,,,,,P8384,Bar_MIC,11,1,2026-04-09_15h27.42.794,MIC_task,,2026.1.2,60.0367665301919,2026-04-09 15h27.44.539502 +0200,
,,11,0,11,,,,,,,11,p19,rendőr,police officier,6,people,professions,6.8,179,25,53,None,"(-0.1, 0)",None,,,,,,,,,,,,,,0,0,0,0,0,11,11,11,11,0,11,0,211.48788179992698,,,,,,,,,,,,,,,,,,,,,,,,,,,,,,,,,,,,,,,,,,,,,,,,,,,,,,,,,,,,,,,,,,,,,,,,,,,,,,,,,,,,,,,,,,,,211.4754372999305,211.48788179992698,211.48788179992698,211.48788179992698,211.67284629994538,None,,,,,,,,,,,,,,,,,,,,,,,P8384,Bar_MIC,11,1,2026-04-09_15h27.42.794,MIC_task,,2026.1.2,60.0367665301919,2026-04-09 15h27.44.539502 +0200,
,,12,0,12,,,,,,,11,p19,rendőr,police officier,6,people,professions,6.8,179,25,53,None,"(-0.1, 0)",None,,,,,,,,,,,,,,0,0,0,0,0,11,11,11,12,0,12,0,211.68823199998587,,,,,,,,,,,,,,,,,,,,,,,,,,,,,,,,,,,,,,,,,,,,,,,,,,,,,,,,,,,,,,,,,,,,,,,,,,,,,,,,,,,,,,,,,,,,211.67603279999457,211.68823199998587,211.68823199998587,211.68823199998587,211.8732698999811,None,,,,,,,,,,,,,,,,,,,,,,,P8384,Bar_MIC,11,1,2026-04-09_15h27.42.794,MIC_task,,2026.1.2,60.0367665301919,2026-04-09 15h27.44.539502 +0200,
,,13,0,13,,,,,,,11,p19,rendőr,police officier,6,people,professions,6.8,179,25,53,None,"(-0.1, 0)",None,,,,,,,,,,,,,,0,0,0,0,0,11,11,11,13,0,13,0,211.88866439997219,,,,,,,,,,,,,,,,,,,,,,,,,,,,,,,,,,,,,,,,,,,,,,,,,,,,,,,,,,,,,,,,,,,,,,,,,,,,,,,,,,,,,,,,,,,,211.8766265999293,211.88866439997219,211.88866439997219,211.88866439997219,212.07359219994396,None,,,,,,,,,,,,,,,,,,,,,,,P8384,Bar_MIC,11,1,2026-04-09_15h27.42.794,MIC_task,,2026.1.2,60.0367665301919,2026-04-09 15h27.44.539502 +0200,
,,14,0,14,,,,,,,11,p19,rendőr,police officier,6,people,professions,6.8,179,25,53,None,"(-0.1, 0)",None,,,,,,,,,,,,,,0,0,0,0,0,11,11,11,14,0,14,0,212.0890822999645,,,,,,,,,,,,,,,,,,,,,,,,,,,,,,,,,,,,,,,,,,,,,,,,,,,,,,,,,,,,,,,,,,,,,,,,,,,,,,,,,,,,,,,,,,,,212.0768799999496,212.0890822999645,212.0890822999645,212.0890822999645,212.27399549994152,None,,,,,,,,,,,,,,,,,,,,,,,P8384,Bar_MIC,11,1,2026-04-09_15h27.42.794,MIC_task,,2026.1.2,60.0367665301919,2026-04-09 15h27.44.539502 +0200,
,,15,0,15,,,,,,,11,p19,rendőr,police officier,6,people,professions,6.8,179,25,53,None,"(-0.1, 0)",None,,,,,,,,,,,,,,0,0,0,0,0,11,11,11,15,0,15,0,212.2894212999381,,,,,,,,,,,,,,,,,,,,,,,,,,,,,,,,,,,,,,,,,,,,,,,,,,,,,,,,,,,,,,,,,,,,,,,,,,,,,,,,,,,,,,,,,,,,212.27720909996424,212.2894212999381,212.2894212999381,212.2894212999381,212.47333529999014,None,,,,,,,,,,,,,,,,,,,,,,,P8384,Bar_MIC,11,1,2026-04-09_15h27.42.794,MIC_task,,2026.1.2,60.0367665301919,2026-04-09 15h27.44.539502 +0200,
,,16,0,16,,,,,,,11,p19,rendőr,police officier,6,people,professions,6.8,179,25,53,None,"(-0.1, 0)",None,,,,,,,,,,,,,,0,0,0,0,0,11,11,11,16,0,16,0,212.48983089998364,,,,,,,,,,,,,,,,,,,,,,,,,,,,,,,,,,,,,,,,,,,,,,,,,,,,,,,,,,,,,,,,,,,,,,,,,,,,,,,,,,,,,,,,,,,,212.4762894999003,212.48983089998364,212.48983089998364,212.48983089998364,212.6737659999635,None,,,,,,,,,,,,,,,,,,,,,,,P8384,Bar_MIC,11,1,2026-04-09_15h27.42.794,MIC_task,,2026.1.2,60.0367665301919,2026-04-09 15h27.44.539502 +0200,
,,17,0,17,,,,,,,11,p19,rendőr,police officier,6,people,professions,6.8,179,25,53,None,"(-0.1, 0)",None,,,,,,,,,,,,,,0,0,0,0,0,11,11,11,17,0,17,0,212.69017580000218,,,,,,,,,,,,,,,,,,,,,,,,,,,,,,,,,,,,,,,,,,,,,,,,,,,,,,,,,,,,,,,,,,,,,,,,,,,,,,,,,,,,,,,,,,,,212.67664709989913,212.69017580000218,212.69017580000218,212.69017580000218,212.87412139994558,None,,,,,,,,,,,,,,,,,,,,,,,P8384,Bar_MIC,11,1,2026-04-09_15h27.42.794,MIC_task,,2026.1.2,60.0367665301919,2026-04-09 15h27.44.539502 +0200,
,,18,0,18,,,,,,,11,p19,rendőr,police officier,6,people,professions,6.8,179,25,53,None,"(-0.1, 0)",None,,,,,,,,,,,,,,0,0,0,0,0,11,11,11,18,0,18,0,212.8904565999983,,,,,,,,,,,,,,,,,,,,,,,,,,,,,,,,,,,,,,,,,,,,,,,,,,,,,,,,,,,,,,,,,,,,,,,,,,,,,,,,,,,,,,,,,,,,212.87739389995113,212.8904565999983,212.8904565999983,212.8904565999983,213.07451349997427,None,,,,,,,,,,,,,,,,,,,,,,,P8384,Bar_MIC,11,1,2026-04-09_15h27.42.794,MIC_task,,2026.1.2,60.0367665301919,2026-04-09 15h27.44.539502 +0200,
,,19,0,19,,,,,,,11,p19,rendőr,police officier,6,people,professions,6.8,179,25,53,None,"(-0.1, 0)",None,,,,,,,,,,,,,,0,0,0,0,0,11,11,11,19,0,19,0,213.09090379998088,,,,,,,,,,,,,,,,,,,,,,,,,,,,,,,,,,,,,,,,,,,,,,,,,,,,,,,,,,,,,,,,,,,,,,,,,,,,,,,,,,,,,,,,,,,,213.07764409994707,213.09090379998088,213.09090379998088,213.09090379998088,213.27536669990513,None,,,,,,,,,,,,,,,,,,,,,,,P8384,Bar_MIC,11,1,2026-04-09_15h27.42.794,MIC_task,,2026.1.2,60.0367665301919,2026-04-09 15h27.44.539502 +0200,
,,20,0,20,,,,,,,11,p19,rendőr,police officier,6,people,professions,6.8,179,25,53,None,"(-0.1, 0)",None,,,,,,,,,,,,,,0,0,0,0,0,11,11,11,20,0,20,0,213.29124679998495,,,,,,,,,,,,,,,,,,,,,,,,,,,,,,,,,,,,,,,,,,,,,,,,,,,,,,,,,,,,,,,,,,,,,,,,,,,,,,,,,,,,,,,,,,,,213.27872790000401,213.29124679998495,213.29124679998495,213.29124679998495,213.4753104998963,None,,,,,,,,,,,,,,,,,,,,,,,P8384,Bar_MIC,11,1,2026-04-09_15h27.42.794,MIC_task,,2026.1.2,60.0367665301919,2026-04-09 15h27.44.539502 +0200,
,,21,0,21,,,,,,,11,p19,rendőr,police officier,6,people,professions,6.8,179,25,53,None,"(-0.1, 0)",None,,,,,,,,,,,,,,0,0,0,0,0,11,11,11,21,0,21,0,213.4915998999495,,,,,,,,,,,,,,,,,,,,,,,,,,,,,,,,,,,,,,,,,,,,,,,,,,,,,,,,,,,,,,,,,,,,,,,,,,,,,,,,,,,,,,,,,,,,213.47828709997702,213.4915998999495,213.4915998999495,213.4915998999495,213.67568869993556,None,,,,,,,,,,,,,,,,,,,,,,,P8384,Bar_MIC,11,1,2026-04-09_15h27.42.794,MIC_task,,2026.1.2,60.0367665301919,2026-04-09 15h27.44.539502 +0200,
,,22,0,22,,,,,,,11,p19,rendőr,police officier,6,people,professions,6.8,179,25,53,None,"(-0.1, 0)",space,0.014191100024618208,None,,,,,,,,,,,,0,0,0,0,0,11,11,11,22,0,22,0,213.6920074999798,,,,,,,,,,,,,,,,,,,,,,,,,,,,,,,,,,,,,,,,,,,,,,,,,,,,,,,,,,,,,,,,,,,,,,,,,,,,,,,,,,,,,,,,,,,,213.67894899996463,213.6920074999798,213.6920074999798,213.6920074999798,213.7098192999838,space,0.014191100024618208,None,,,,,,,,,,,,,,,,,,,,,P8384,Bar_MIC,11,1,2026-04-09_15h27.42.794,MIC_task,,2026.1.2,60.0367665301919,2026-04-09 15h27.44.539502 +0200,
,,11,11,0,,,,space,0.3350386000238359,None,11,p19,rendőr,police officier,6,people,professions,6.8,179,25,53,None,"(-0.1, 0)",,,,,,,,,,,,,,,0,0,0,0,0,11,11,11,,,,,,,,,,,,,,,,,,,,,,,,,,,,,,,,,,,,,,,,,,,,,,,,,,,,,,,,,,,,,,,,,,,,,,,,,,,,,,,,,213.7701378999045,213.7753579999553,213.7757767666054,215.71184709994122,,,,,,217.7153042999562,217.73197359999176,217.73197359999176,218.08282869996037,,,,,,,,,,,,215.74057939997874,215.74592819996178,215.74506923324276,217.64788439997938,217.71525789995212,space,0.3350386000238359,None,,,,,,,,,,,,,P8384,Bar_MIC,11,1,2026-04-09_15h27.42.794,MIC_task,,2026.1.2,60.0367665301919,2026-04-09 15h27.44.539502 +0200,
,,0,0,0,,,,,,,11,a09,pingvin,penguin,1,animal,bird,6,13,25,68,None,"(-0.1, -0.1)",None,,,,,,,,,,,,,,0,0,0,0,0,12,12,12,0,0,0,0,218.09791009989567,,,,,,,,,,,,,,,,,,,,,,,,,,,,,,,,,,,,,,,,,,,,,,,,,,,,,,,,,,,,,,,,,,,,,,,,,,,,,,,,,,,,,,,,,,,,218.0862300998997,218.09791009989567,218.09791009989567,218.09791009989567,218.28322969994042,None,,,,,,,,,,,218.29825489991345,218.29825489991345,218.29825489991345,,,,,,,,,,P8384,Bar_MIC,11,1,2026-04-09_15h27.42.794,MIC_task,,2026.1.2,60.0367665301919,2026-04-09 15h27.44.539502 +0200,
,,0,0,0,,,,,,,11,a09,pingvin,penguin,1,animal,bird,6,13,25,68,None,"(-0.1, -0.1)",None,,,,,,,,,,,,,,0,0,0,0,0,12,12,12,0,0,0,0,218.29825489991345,,,,,,,,,,,,,,,,,,,,,,,,,,,,,,,,,,,,,,,,,,,,,,,,,,,,,,,,,,,,,,,,,,,,,,,,,,,,,,,,,,,,,,,,,,,,218.28664309997112,218.29825489991345,218.29825489991345,218.29825489991345,218.4832864999771,None,,,,,,,,,,,,,,,,,,,,,,,P8384,Bar_MIC,11,1,2026-04-09_15h27.42.794,MIC_task,,2026.1.2,60.0367665301919,2026-04-09 15h27.44.539502 +0200,
,,1,0,1,,,,,,,11,a09,pingvin,penguin,1,animal,bird,6,13,25,68,None,"(-0.1, -0.1)",None,,,,,,,,,,,,,,0,0,0,0,0,12,12,12,1,0,1,0,218.49867489992175,,,,,,,,,,,,,,,,,,,,,,,,,,,,,,,,,,,,,,,,,,,,,,,,,,,,,,,,,,,,,,,,,,,,,,,,,,,,,,,,,,,,,,,,,,,,218.48648139997385,218.49867489992175,218.49867489992175,218.49867489992175,218.68366479990073,None,,,,,,,,,,,,,,,,,,,,,,,P8384,Bar_MIC,11,1,2026-04-09_15h27.42.794,MIC_task,,2026.1.2,60.0367665301919,2026-04-09 15h27.44.539502 +0200,
,,2,0,2,,,,,,,11,a09,pingvin,penguin,1,animal,bird,6,13,25,68,None,"(-0.1, -0.1)",None,,,,,,,,,,,,,,0,0,0,0,0,12,12,12,2,0,2,0,218.69906749995425,,,,,,,,,,,,,,,,,,,,,,,,,,,,,,,,,,,,,,,,,,,,,,,,,,,,,,,,,,,,,,,,,,,,,,,,,,,,,,,,,,,,,,,,,,,,218.68701579992194,218.69906749995425,218.69906749995425,218.69906749995425,218.88399449991994,None,,,,,,,,,,,,,,,,,,,,,,,P8384,Bar_MIC,11,1,2026-04-09_15h27.42.794,MIC_task,,2026.1.2,60.0367665301919,2026-04-09 15h27.44.539502 +0200,
,,3,0,3,,,,,,,11,a09,pingvin,penguin,1,animal,bird,6,13,25,68,None,"(-0.1, -0.1)",None,,,,,,,,,,,,,,0,0,0,0,0,12,12,12,3,0,3,0,218.8994808999123,,,,,,,,,,,,,,,,,,,,,,,,,,,,,,,,,,,,,,,,,,,,,,,,,,,,,,,,,,,,,,,,,,,,,,,,,,,,,,,,,,,,,,,,,,,,218.88716990000103,218.8994808999123,218.8994808999123,218.8994808999123,219.0834681999404,None,,,,,,,,,,,,,,,,,,,,,,,P8384,Bar_MIC,11,1,2026-04-09_15h27.42.794,MIC_task,,2026.1.2,60.0367665301919,2026-04-09 15h27.44.539502 +0200,
,,4,0,4,,,,,,,11,a09,pingvin,penguin,1,animal,bird,6,13,25,68,None,"(-0.1, -0.1)",None,,,,,,,,,,,,,,0,0,0,0,0,12,12,12,4,0,4,0,219.0998655000003,,,,,,,,,,,,,,,,,,,,,,,,,,,,,,,,,,,,,,,,,,,,,,,,,,,,,,,,,,,,,,,,,,,,,,,,,,,,,,,,,,,,,,,,,,,,219.08639009995386,219.0998655000003,219.0998655000003,219.0998655000003,219.28373769996688,None,,,,,,,,,,,,,,,,,,,,,,,P8384,Bar_MIC,11,1,2026-04-09_15h27.42.794,MIC_task,,2026.1.2,60.0367665301919,2026-04-09 15h27.44.539502 +0200,
,,5,0,5,,,,,,,11,a09,pingvin,penguin,1,animal,bird,6,13,25,68,None,"(-0.1, -0.1)",None,,,,,,,,,,,,,,0,0,0,0,0,12,12,12,5,0,5,0,219.3002717999043,,,,,,,,,,,,,,,,,,,,,,,,,,,,,,,,,,,,,,,,,,,,,,,,,,,,,,,,,,,,,,,,,,,,,,,,,,,,,,,,,,,,,,,,,,,,219.2871196999913,219.3002717999043,219.3002717999043,219.3002717999043,219.48415069992188,None,,,,,,,,,,,,,,,,,,,,,,,P8384,Bar_MIC,11,1,2026-04-09_15h27.42.794,MIC_task,,2026.1.2,60.0367665301919,2026-04-09 15h27.44.539502 +0200,
,,6,0,6,,,,,,,11,a09,pingvin,penguin,1,animal,bird,6,13,25,68,None,"(-0.1, -0.1)",None,,,,,,,,,,,,,,0,0,0,0,0,12,12,12,6,0,6,0,219.5005639999872,,,,,,,,,,,,,,,,,,,,,,,,,,,,,,,,,,,,,,,,,,,,,,,,,,,,,,,,,,,,,,,,,,,,,,,,,,,,,,,,,,,,,,,,,,,,219.4873365999665,219.5005639999872,219.5005639999872,219.5005639999872,219.6845631999895,None,,,,,,,,,,,,,,,,,,,,,,,P8384,Bar_MIC,11,1,2026-04-09_15h27.42.794,MIC_task,,2026.1.2,60.0367665301919,2026-04-09 15h27.44.539502 +0200,
,,7,0,7,,,,,,,11,a09,pingvin,penguin,1,animal,bird,6,13,25,68,None,"(-0.1, -0.1)",None,,,,,,,,,,,,,,0,0,0,0,0,12,12,12,7,0,7,0,219.7009648999665,,,,,,,,,,,,,,,,,,,,,,,,,,,,,,,,,,,,,,,,,,,,,,,,,,,,,,,,,,,,,,,,,,,,,,,,,,,,,,,,,,,,,,,,,,,,219.6878111999249,219.7009648999665,219.7009648999665,219.7009648999665,219.88512200000696,None,,,,,,,,,,,,,,,,,,,,,,,P8384,Bar_MIC,11,1,2026-04-09_15h27.42.794,MIC_task,,2026.1.2,60.0367665301919,2026-04-09 15h27.44.539502 +0200,
,,8,0,8,,,,,,,11,a09,pingvin,penguin,1,animal,bird,6,13,25,68,None,"(-0.1, -0.1)",None,,,,,,,,,,,,,,0,0,0,0,0,12,12,12,8,0,8,0,219.90128459990956,,,,,,,,,,,,,,,,,,,,,,,,,,,,,,,,,,,,,,,,,,,,,,,,,,,,,,,,,,,,,,,,,,,,,,,,,,,,,,,,,,,,,,,,,,,,219.88782019994687,219.90128459990956,219.90128459990956,219.90128459990956,220.0853270998923,None,,,,,,,,,,,,,,,,,,,,,,,P8384,Bar_MIC,11,1,2026-04-09_15h27.42.794,MIC_task,,2026.1.2,60.0367665301919,2026-04-09 15h27.44.539502 +0200,
,,9,0,9,,,,,,,11,a09,pingvin,penguin,1,animal,bird,6,13,25,68,None,"(-0.1, -0.1)",None,,,,,,,,,,,,,,0,0,0,0,0,12,12,12,9,0,9,0,220.10102399997413,,,,,,,,,,,,,,,,,,,,,,,,,,,,,,,,,,,,,,,,,,,,,,,,,,,,,,,,,,,,,,,,,,,,,,,,,,,,,,,,,,,,,,,,,,,,220.08857979997993,220.10102399997413,220.10102399997413,220.10102399997413,220.28583029995207,None,,,,,,,,,,,,,,,,,,,,,,,P8384,Bar_MIC,11,1,2026-04-09_15h27.42.794,MIC_task,,2026.1.2,60.0367665301919,2026-04-09 15h27.44.539502 +0200,
,,10,0,10,,,,,,,11,a09,pingvin,penguin,1,animal,bird,6,13,25,68,None,"(-0.1, -0.1)",None,,,,,,,,,,,,,,0,0,0,0,0,12,12,12,10,0,10,0,220.30205379996914,,,,,,,,,,,,,,,,,,,,,,,,,,,,,,,,,,,,,,,,,,,,,,,,,,,,,,,,,,,,,,,,,,,,,,,,,,,,,,,,,,,,,,,,,,,,220.28895959991496,220.30205379996914,220.30205379996914,220.30205379996914,220.48627859994303,None,,,,,,,,,,,,,,,,,,,,,,,P8384,Bar_MIC,11,1,2026-04-09_15h27.42.794,MIC_task,,2026.1.2,60.0367665301919,2026-04-09 15h27.44.539502 +0200,
,,11,0,11,,,,,,,11,a09,pingvin,penguin,1,animal,bird,6,13,25,68,None,"(-0.1, -0.1)",None,,,,,,,,,,,,,,0,0,0,0,0,12,12,12,11,0,11,0,220.50165489991195,,,,,,,,,,,,,,,,,,,,,,,,,,,,,,,,,,,,,,,,,,,,,,,,,,,,,,,,,,,,,,,,,,,,,,,,,,,,,,,,,,,,,,,,,,,,220.48917009995785,220.50165489991195,220.50165489991195,220.50165489991195,220.68662880000193,None,,,,,,,,,,,,,,,,,,,,,,,P8384,Bar_MIC,11,1,2026-04-09_15h27.42.794,MIC_task,,2026.1.2,60.0367665301919,2026-04-09 15h27.44.539502 +0200,
,,12,0,12,,,,,,,11,a09,pingvin,penguin,1,animal,bird,6,13,25,68,None,"(-0.1, -0.1)",None,,,,,,,,,,,,,,0,0,0,0,0,12,12,12,12,0,12,0,220.70207030000165,,,,,,,,,,,,,,,,,,,,,,,,,,,,,,,,,,,,,,,,,,,,,,,,,,,,,,,,,,,,,,,,,,,,,,,,,,,,,,,,,,,,,,,,,,,,220.68988069996703,220.70207030000165,220.70207030000165,220.70207030000165,220.88702749996446,None,,,,,,,,,,,,,,,,,,,,,,,P8384,Bar_MIC,11,1,2026-04-09_15h27.42.794,MIC_task,,2026.1.2,60.0367665301919,2026-04-09 15h27.44.539502 +0200,
,,13,0,13,,,,,,,11,a09,pingvin,penguin,1,animal,bird,6,13,25,68,None,"(-0.1, -0.1)",None,,,,,,,,,,,,,,0,0,0,0,0,12,12,12,13,0,13,0,220.90248019993305,,,,,,,,,,,,,,,,,,,,,,,,,,,,,,,,,,,,,,,,,,,,,,,,,,,,,,,,,,,,,,,,,,,,,,,,,,,,,,,,,,,,,,,,,,,,220.8900779999094,220.90248019993305,220.90248019993305,220.90248019993305,221.08622769999783,None,,,,,,,,,,,,,,,,,,,,,,,P8384,Bar_MIC,11,1,2026-04-09_15h27.42.794,MIC_task,,2026.1.2,60.0367665301919,2026-04-09 15h27.44.539502 +0200,
,,14,0,14,,,,,,,11,a09,pingvin,penguin,1,animal,bird,6,13,25,68,None,"(-0.1, -0.1)",None,,,,,,,,,,,,,,0,0,0,0,0,12,12,12,14,0,14,0,221.10277699993458,,,,,,,,,,,,,,,,,,,,,,,,,,,,,,,,,,,,,,,,,,,,,,,,,,,,,,,,,,,,,,,,,,,,,,,,,,,,,,,,,,,,,,,,,,,,221.0892633999465,221.10277699993458,221.10277699993458,221.10277699993458,221.28660289989784,None,,,,,,,,,,,,,,,,,,,,,,,P8384,Bar_MIC,11,1,2026-04-09_15h27.42.794,MIC_task,,2026.1.2,60.0367665301919,2026-04-09 15h27.44.539502 +0200,
,,15,0,15,,,,,,,11,a09,pingvin,penguin,1,animal,bird,6,13,25,68,None,"(-0.1, -0.1)",None,,,,,,,,,,,,,,0,0,0,0,0,12,12,12,15,0,15,0,221.3031648999313,,,,,,,,,,,,,,,,,,,,,,,,,,,,,,,,,,,,,,,,,,,,,,,,,,,,,,,,,,,,,,,,,,,,,,,,,,,,,,,,,,,,,,,,,,,,221.28966049989685,221.3031648999313,221.3031648999313,221.3031648999313,221.48699859995395,None,,,,,,,,,,,,,,,,,,,,,,,P8384,Bar_MIC,11,1,2026-04-09_15h27.42.794,MIC_task,,2026.1.2,60.0367665301919,2026-04-09 15h27.44.539502 +0200,
,,16,0,16,,,,,,,11,a09,pingvin,penguin,1,animal,bird,6,13,25,68,None,"(-0.1, -0.1)",None,,,,,,,,,,,,,,0,0,0,0,0,12,12,12,16,0,16,0,221.50367199990433,,,,,,,,,,,,,,,,,,,,,,,,,,,,,,,,,,,,,,,,,,,,,,,,,,,,,,,,,,,,,,,,,,,,,,,,,,,,,,,,,,,,,,,,,,,,221.49023919994943,221.50367199990433,221.50367199990433,221.50367199990433,221.68744089989923,None,,,,,,,,,,,,,,,,,,,,,,,P8384,Bar_MIC,11,1,2026-04-09_15h27.42.794,MIC_task,,2026.1.2,60.0367665301919,2026-04-09 15h27.44.539502 +0200,
,,17,0,17,,,,,,,11,a09,pingvin,penguin,1,animal,bird,6,13,25,68,None,"(-0.1, -0.1)",None,,,,,,,,,,,,,,0,0,0,0,0,12,12,12,17,0,17,0,221.70393799990416,,,,,,,,,,,,,,,,,,,,,,,,,,,,,,,,,,,,,,,,,,,,,,,,,,,,,,,,,,,,,,,,,,,,,,,,,,,,,,,,,,,,,,,,,,,,221.69058359996416,221.70393799990416,221.70393799990416,221.70393799990416,221.88782179995906,None,,,,,,,,,,,,,,,,,,,,,,,P8384,Bar_MIC,11,1,2026-04-09_15h27.42.794,MIC_task,,2026.1.2,60.0367665301919,2026-04-09 15h27.44.539502 +0200,
,,18,0,18,,,,,,,11,a09,pingvin,penguin,1,animal,bird,6,13,25,68,None,"(-0.1, -0.1)",None,,,,,,,,,,,,,,0,0,0,0,0,12,12,12,18,0,18,0,221.904266599915,,,,,,,,,,,,,,,,,,,,,,,,,,,,,,,,,,,,,,,,,,,,,,,,,,,,,,,,,,,,,,,,,,,,,,,,,,,,,,,,,,,,,,,,,,,,221.89098129991908,221.904266599915,221.904266599915,221.904266599915,222.08835619990714,None,,,,,,,,,,,,,,,,,,,,,,,P8384,Bar_MIC,11,1,2026-04-09_15h27.42.794,MIC_task,,2026.1.2,60.0367665301919,2026-04-09 15h27.44.539502 +0200,
,,19,0,19,,,,,,,11,a09,pingvin,penguin,1,animal,bird,6,13,25,68,None,"(-0.1, -0.1)",None,,,,,,,,,,,,,,0,0,0,0,0,12,12,12,19,0,19,0,222.10458739998285,,,,,,,,,,,,,,,,,,,,,,,,,,,,,,,,,,,,,,,,,,,,,,,,,,,,,,,,,,,,,,,,,,,,,,,,,,,,,,,,,,,,,,,,,,,,222.09141319990158,222.10458739998285,222.10458739998285,222.10458739998285,222.2889470999362,None,,,,,,,,,,,,,,,,,,,,,,,P8384,Bar_MIC,11,1,2026-04-09_15h27.42.794,MIC_task,,2026.1.2,60.0367665301919,2026-04-09 15h27.44.539502 +0200,
,,20,0,20,,,,,,,11,a09,pingvin,penguin,1,animal,bird,6,13,25,68,None,"(-0.1, -0.1)",None,,,,,,,,,,,,,,0,0,0,0,0,12,12,12,20,0,20,0,222.30507909995504,,,,,,,,,,,,,,,,,,,,,,,,,,,,,,,,,,,,,,,,,,,,,,,,,,,,,,,,,,,,,,,,,,,,,,,,,,,,,,,,,,,,,,,,,,,,222.29194189992268,222.30507909995504,222.30507909995504,222.30507909995504,222.48912169993855,None,,,,,,,,,,,,,,,,,,,,,,,P8384,Bar_MIC,11,1,2026-04-09_15h27.42.794,MIC_task,,2026.1.2,60.0367665301919,2026-04-09 15h27.44.539502 +0200,
,,21,0,21,,,,,,,11,a09,pingvin,penguin,1,animal,bird,6,13,25,68,None,"(-0.1, -0.1)",None,,,,,,,,,,,,,,0,0,0,0,0,12,12,12,21,0,21,0,222.5054305999074,,,,,,,,,,,,,,,,,,,,,,,,,,,,,,,,,,,,,,,,,,,,,,,,,,,,,,,,,,,,,,,,,,,,,,,,,,,,,,,,,,,,,,,,,,,,222.49251879996154,222.5054305999074,222.5054305999074,222.5054305999074,222.68954799999483,None,,,,,,,,,,,,,,,,,,,,,,,P8384,Bar_MIC,11,1,2026-04-09_15h27.42.794,MIC_task,,2026.1.2,60.0367665301919,2026-04-09 15h27.44.539502 +0200,
,,22,0,22,,,,,,,11,a09,pingvin,penguin,1,animal,bird,6,13,25,68,None,"(-0.1, -0.1)",None,,,,,,,,,,,,,,0,0,0,0,0,12,12,12,22,0,22,0,222.7049942999147,,,,,,,,,,,,,,,,,,,,,,,,,,,,,,,,,,,,,,,,,,,,,,,,,,,,,,,,,,,,,,,,,,,,,,,,,,,,,,,,,,,,,,,,,,,,222.69277429999784,222.7049942999147,222.7049942999147,222.7049942999147,222.89004510000814,None,,,,,,,,,,,,,,,,,,,,,,,P8384,Bar_MIC,11,1,2026-04-09_15h27.42.794,MIC_task,,2026.1.2,60.0367665301919,2026-04-09 15h27.44.539502 +0200,
,,23,0,23,,,,,,,11,a09,pingvin,penguin,1,animal,bird,6,13,25,68,None,"(-0.1, -0.1)",None,,,,,,,,,,,,,,0,0,0,0,0,12,12,12,23,0,23,0,222.90539839991834,,,,,,,,,,,,,,,,,,,,,,,,,,,,,,,,,,,,,,,,,,,,,,,,,,,,,,,,,,,,,,,,,,,,,,,,,,,,,,,,,,,,,,,,,,,,222.89328039996326,222.90539839991834,222.90539839991834,222.90539839991834,223.09026069997344,None,,,,,,,,,,,,,,,,,,,,,,,P8384,Bar_MIC,11,1,2026-04-09_15h27.42.794,MIC_task,,2026.1.2,60.0367665301919,2026-04-09 15h27.44.539502 +0200,
,,24,0,24,,,,,,,11,a09,pingvin,penguin,1,animal,bird,6,13,25,68,None,"(-0.1, -0.1)",None,,,,,,,,,,,,,,0,0,0,0,0,12,12,12,24,0,24,0,223.10578069998883,,,,,,,,,,,,,,,,,,,,,,,,,,,,,,,,,,,,,,,,,,,,,,,,,,,,,,,,,,,,,,,,,,,,,,,,,,,,,,,,,,,,,,,,,,,,223.09355519991368,223.10578069998883,223.10578069998883,223.10578069998883,223.2908334999811,None,,,,,,,,,,,,,,,,,,,,,,,P8384,Bar_MIC,11,1,2026-04-09_15h27.42.794,MIC_task,,2026.1.2,60.0367665301919,2026-04-09 15h27.44.539502 +0200,
,,25,0,25,,,,,,,11,a09,pingvin,penguin,1,animal,bird,6,13,25,68,None,"(-0.1, -0.1)",space,0.047797199920751154,None,,,,,,,,,,,,0,0,0,0,0,12,12,12,25,0,25,0,223.30621819989756,,,,,,,,,,,,,,,,,,,,,,,,,,,,,,,,,,,,,,,,,,,,,,,,,,,,,,,,,,,,,,,,,,,,,,,,,,,,,,,,,,,,,,,,,,,,223.29414059990086,223.30621819989756,223.30621819989756,223.30621819989756,223.35824209998827,space,0.047797199920751154,None,,,,,,,,,,,,,,,,,,,,,P8384,Bar_MIC,11,1,2026-04-09_15h27.42.794,MIC_task,,2026.1.2,60.0367665301919,2026-04-09 15h27.44.539502 +0200,
,,12,12,0,,,,space,0.3362335000419989,None,11,a09,pingvin,penguin,1,animal,bird,6,13,25,68,None,"(-0.1, -0.1)",,,,,,,,,,,,,,,0,0,0,0,0,12,12,12,,,,,,,,,,,,,,,,,,,,,,,,,,,,,,,,,,,,,,,,,,,,,,,,,,,,,,,,,,,,,,,,,,,,,,,,,,,,,,,,,223.4185826999601,223.42387279996183,223.4239454666541,225.35974539991003,,,,,,227.36381269991398,227.3792614999693,227.3792614999693,227.7312971999636,,,,,,,,,,,,225.39240909996442,225.39822879992425,225.39294923330505,227.29655509989243,227.3637675999198,space,0.3362335000419989,None,,,,,,,,,,,,,P8384,Bar_MIC,11,1,2026-04-09_15h27.42.794,MIC_task,,2026.1.2,60.0367665301919,2026-04-09 15h27.44.539502 +0200,
,,0,0,0,,,,,,,11,b13,agy,brain,2,bodypart,organ,5.6,337,None,69,None,"(0, 0)",None,,,,,,,,,,,,,,0,0,0,0,0,13,13,13,0,0,0,0,227.7576085999608,,,,,,,,,,,,,,,,,,,,,,,,,,,,,,,,,,,,,,,,,,,,,,,,,,,,,,,,,,,,,,,,,,,,,,,,,,,,,,,,,,,,,,,,,,,,227.75156020000577,227.7576085999608,227.7576085999608,227.7576085999608,227.94699470000342,None,,,,,,,,,,,,,,,,,,,,,,,P8384,Bar_MIC,11,1,2026-04-09_15h27.42.794,MIC_task,,2026.1.2,60.0367665301919,2026-04-09 15h27.44.539502 +0200,
,,0,0,0,,,,,,,11,b13,agy,brain,2,bodypart,organ,5.6,337,None,69,None,"(0, 0)",None,,,,,,,,,,,,,,0,0,0,0,0,13,13,13,0,0,0,0,227.96363489993382,,,,,,,,,,,,,,,,,,,,,,,,,,,,,,,,,,,,,,,,,,,,,,,,,,,,,,,,,,,,,,,,,,,,,,,,,,,,,,,,,,,,,,,,,,,,227.95033109991346,227.96363489993382,227.96363489993382,227.96363489993382,228.1474353999365,None,,,,,,,,,,,,,,,,,,,,,,,P8384,Bar_MIC,11,1,2026-04-09_15h27.42.794,MIC_task,,2026.1.2,60.0367665301919,2026-04-09 15h27.44.539502 +0200,
,,1,0,1,,,,,,,11,b13,agy,brain,2,bodypart,organ,5.6,337,None,69,None,"(0, 0)",None,,,,,,,,,,,,,,0,0,0,0,0,13,13,13,1,0,1,0,228.16386470000725,,,,,,,,,,,,,,,,,,,,,,,,,,,,,,,,,,,,,,,,,,,,,,,,,,,,,,,,,,,,,,,,,,,,,,,,,,,,,,,,,,,,,,,,,,,,228.15068019996397,228.16386470000725,228.16386470000725,228.16386470000725,228.34784879989456,None,,,,,,,,,,,,,,,,,,,,,,,P8384,Bar_MIC,11,1,2026-04-09_15h27.42.794,MIC_task,,2026.1.2,60.0367665301919,2026-04-09 15h27.44.539502 +0200,
,,2,0,2,,,,,,,11,b13,agy,brain,2,bodypart,organ,5.6,337,None,69,None,"(0, 0)",None,,,,,,,,,,,,,,0,0,0,0,0,13,13,13,2,0,2,0,228.36420640000142,,,,,,,,,,,,,,,,,,,,,,,,,,,,,,,,,,,,,,,,,,,,,,,,,,,,,,,,,,,,,,,,,,,,,,,,,,,,,,,,,,,,,,,,,,,,228.35143269994296,228.36420640000142,228.36420640000142,228.36420640000142,228.53146099997684,None,,,,,,,,,,,,,,,,,,,,,,,P8384,Bar_MIC,11,1,2026-04-09_15h27.42.794,MIC_task,,2026.1.2,60.0367665301919,2026-04-09 15h27.44.539502 +0200,
,,3,0,3,,,,,,,11,b13,agy,brain,2,bodypart,organ,5.6,337,None,69,None,"(0, 0)",None,,,,,,,,,,,,,,0,0,0,0,0,13,13,13,3,0,3,0,228.54784199991263,,,,,,,,,,,,,,,,,,,,,,,,,,,,,,,,,,,,,,,,,,,,,,,,,,,,,,,,,,,,,,,,,,,,,,,,,,,,,,,,,,,,,,,,,,,,228.534532199963,228.54784199991263,228.54784199991263,228.54784199991263,228.7319369999459,None,,,,,,,,,,,,,,,,,,,,,,,P8384,Bar_MIC,11,1,2026-04-09_15h27.42.794,MIC_task,,2026.1.2,60.0367665301919,2026-04-09 15h27.44.539502 +0200,
,,4,0,4,,,,,,,11,b13,agy,brain,2,bodypart,organ,5.6,337,None,69,None,"(0, 0)",None,,,,,,,,,,,,,,0,0,0,0,0,13,13,13,4,0,4,0,228.74823359993752,,,,,,,,,,,,,,,,,,,,,,,,,,,,,,,,,,,,,,,,,,,,,,,,,,,,,,,,,,,,,,,,,,,,,,,,,,,,,,,,,,,,,,,,,,,,228.73511169990525,228.74823359993752,228.74823359993752,228.74823359993752,228.93242079997435,None,,,,,,,,,,,,,,,,,,,,,,,P8384,Bar_MIC,11,1,2026-04-09_15h27.42.794,MIC_task,,2026.1.2,60.0367665301919,2026-04-09 15h27.44.539502 +0200,
,,5,0,5,,,,,,,11,b13,agy,brain,2,bodypart,organ,5.6,337,None,69,None,"(0, 0)",None,,,,,,,,,,,,,,0,0,0,0,0,13,13,13,5,0,5,0,228.94859329995234,,,,,,,,,,,,,,,,,,,,,,,,,,,,,,,,,,,,,,,,,,,,,,,,,,,,,,,,,,,,,,,,,,,,,,,,,,,,,,,,,,,,,,,,,,,,228.9361975999782,228.94859329995234,228.94859329995234,228.94859329995234,229.13278240000363,None,,,,,,,,,,,,,,,,,,,,,,,P8384,Bar_MIC,11,1,2026-04-09_15h27.42.794,MIC_task,,2026.1.2,60.0367665301919,2026-04-09 15h27.44.539502 +0200,
,,6,0,6,,,,,,,11,b13,agy,brain,2,bodypart,organ,5.6,337,None,69,None,"(0, 0)",None,,,,,,,,,,,,,,0,0,0,0,0,13,13,13,6,0,6,0,229.1489903999027,,,,,,,,,,,,,,,,,,,,,,,,,,,,,,,,,,,,,,,,,,,,,,,,,,,,,,,,,,,,,,,,,,,,,,,,,,,,,,,,,,,,,,,,,,,,229.13619449990802,229.1489903999027,229.1489903999027,229.1489903999027,229.33222879993264,None,,,,,,,,,,,,,,,,,,,,,,,P8384,Bar_MIC,11,1,2026-04-09_15h27.42.794,MIC_task,,2026.1.2,60.0367665301919,2026-04-09 15h27.44.539502 +0200,
,,7,0,7,,,,,,,11,b13,agy,brain,2,bodypart,organ,5.6,337,None,69,None,"(0, 0)",None,,,,,,,,,,,,,,0,0,0,0,0,13,13,13,7,0,7,0,229.348608899978,,,,,,,,,,,,,,,,,,,,,,,,,,,,,,,,,,,,,,,,,,,,,,,,,,,,,,,,,,,,,,,,,,,,,,,,,,,,,,,,,,,,,,,,,,,,229.33561529999133,229.348608899978,229.348608899978,229.348608899978,229.53357689990662,None,,,,,,,,,,,,,,,,,,,,,,,P8384,Bar_MIC,11,1,2026-04-09_15h27.42.794,MIC_task,,2026.1.2,60.0367665301919,2026-04-09 15h27.44.539502 +0200,
,,8,0,8,,,,,,,11,b13,agy,brain,2,bodypart,organ,5.6,337,None,69,None,"(0, 0)",None,,,,,,,,,,,,,,0,0,0,0,0,13,13,13,8,0,8,0,229.5489690999966,,,,,,,,,,,,,,,,,,,,,,,,,,,,,,,,,,,,,,,,,,,,,,,,,,,,,,,,,,,,,,,,,,,,,,,,,,,,,,,,,,,,,,,,,,,,229.53695649991278,229.5489690999966,229.5489690999966,229.5489690999966,229.73396639991552,None,,,,,,,,,,,,,,,,,,,,,,,P8384,Bar_MIC,11,1,2026-04-09_15h27.42.794,MIC_task,,2026.1.2,60.0367665301919,2026-04-09 15h27.44.539502 +0200,
,,9,0,9,,,,,,,11,b13,agy,brain,2,bodypart,organ,5.6,337,None,69,None,"(0, 0)",None,,,,,,,,,,,,,,0,0,0,0,0,13,13,13,9,0,9,0,229.7493841999676,,,,,,,,,,,,,,,,,,,,,,,,,,,,,,,,,,,,,,,,,,,,,,,,,,,,,,,,,,,,,,,,,,,,,,,,,,,,,,,,,,,,,,,,,,,,229.7376007999992,229.7493841999676,229.7493841999676,229.7493841999676,229.9343813000014,None,,,,,,,,,,,,,,,,,,,,,,,P8384,Bar_MIC,11,1,2026-04-09_15h27.42.794,MIC_task,,2026.1.2,60.0367665301919,2026-04-09 15h27.44.539502 +0200,
,,10,0,10,,,,,,,11,b13,agy,brain,2,bodypart,organ,5.6,337,None,69,None,"(0, 0)",None,,,,,,,,,,,,,,0,0,0,0,0,13,13,13,10,0,10,0,229.9497974999249,,,,,,,,,,,,,,,,,,,,,,,,,,,,,,,,,,,,,,,,,,,,,,,,,,,,,,,,,,,,,,,,,,,,,,,,,,,,,,,,,,,,,,,,,,,,229.93758659996092,229.9497974999249,229.9497974999249,229.9497974999249,230.13370959996246,None,,,,,,,,,,,,,,,,,,,,,,,P8384,Bar_MIC,11,1,2026-04-09_15h27.42.794,MIC_task,,2026.1.2,60.0367665301919,2026-04-09 15h27.44.539502 +0200,
,,11,0,11,,,,,,,11,b13,agy,brain,2,bodypart,organ,5.6,337,None,69,None,"(0, 0)",None,,,,,,,,,,,,,,0,0,0,0,0,13,13,13,11,0,11,0,230.15018559992313,,,,,,,,,,,,,,,,,,,,,,,,,,,,,,,,,,,,,,,,,,,,,,,,,,,,,,,,,,,,,,,,,,,,,,,,,,,,,,,,,,,,,,,,,,,,230.1371021999512,230.15018559992313,230.15018559992313,230.15018559992313,230.33430299989413,None,,,,,,,,,,,,,,,,,,,,,,,P8384,Bar_MIC,11,1,2026-04-09_15h27.42.794,MIC_task,,2026.1.2,60.0367665301919,2026-04-09 15h27.44.539502 +0200,
,,12,0,12,,,,,,,11,b13,agy,brain,2,bodypart,organ,5.6,337,None,69,None,"(0, 0)",None,,,,,,,,,,,,,,0,0,0,0,0,13,13,13,12,0,12,0,230.3505850000074,,,,,,,,,,,,,,,,,,,,,,,,,,,,,,,,,,,,,,,,,,,,,,,,,,,,,,,,,,,,,,,,,,,,,,,,,,,,,,,,,,,,,,,,,,,,230.33747789997142,230.3505850000074,230.3505850000074,230.3505850000074,230.5345440999372,None,,,,,,,,,,,,,,,,,,,,,,,P8384,Bar_MIC,11,1,2026-04-09_15h27.42.794,MIC_task,,2026.1.2,60.0367665301919,2026-04-09 15h27.44.539502 +0200,
,,13,0,13,,,,,,,11,b13,agy,brain,2,bodypart,organ,5.6,337,None,69,None,"(0, 0)",None,,,,,,,,,,,,,,0,0,0,0,0,13,13,13,13,0,13,0,230.55083809990901,,,,,,,,,,,,,,,,,,,,,,,,,,,,,,,,,,,,,,,,,,,,,,,,,,,,,,,,,,,,,,,,,,,,,,,,,,,,,,,,,,,,,,,,,,,,230.5377664999105,230.55083809990901,230.55083809990901,230.55083809990901,230.7348284999607,None,,,,,,,,,,,,,,,,,,,,,,,P8384,Bar_MIC,11,1,2026-04-09_15h27.42.794,MIC_task,,2026.1.2,60.0367665301919,2026-04-09 15h27.44.539502 +0200,
,,14,0,14,,,,,,,11,b13,agy,brain,2,bodypart,organ,5.6,337,None,69,None,"(0, 0)",None,,,,,,,,,,,,,,0,0,0,0,0,13,13,13,14,0,14,0,230.75116929993965,,,,,,,,,,,,,,,,,,,,,,,,,,,,,,,,,,,,,,,,,,,,,,,,,,,,,,,,,,,,,,,,,,,,,,,,,,,,,,,,,,,,,,,,,,,,230.7380643999204,230.75116929993965,230.75116929993965,230.75116929993965,230.9353346999269,None,,,,,,,,,,,,,,,,,,,,,,,P8384,Bar_MIC,11,1,2026-04-09_15h27.42.794,MIC_task,,2026.1.2,60.0367665301919,2026-04-09 15h27.44.539502 +0200,
,,15,0,15,,,,,,,11,b13,agy,brain,2,bodypart,organ,5.6,337,None,69,None,"(0, 0)",None,,,,,,,,,,,,,,0,0,0,0,0,13,13,13,15,0,15,0,230.95163389993832,,,,,,,,,,,,,,,,,,,,,,,,,,,,,,,,,,,,,,,,,,,,,,,,,,,,,,,,,,,,,,,,,,,,,,,,,,,,,,,,,,,,,,,,,,,,230.9389156999532,230.95163389993832,230.95163389993832,230.95163389993832,231.13567180000246,None,,,,,,,,,,,,,,,,,,,,,,,P8384,Bar_MIC,11,1,2026-04-09_15h27.42.794,MIC_task,,2026.1.2,60.0367665301919,2026-04-09 15h27.44.539502 +0200,
,,16,0,16,,,,,,,11,b13,agy,brain,2,bodypart,organ,5.6,337,None,69,None,"(0, 0)",None,,,,,,,,,,,,,,0,0,0,0,0,13,13,13,16,0,16,0,231.1519770999439,,,,,,,,,,,,,,,,,,,,,,,,,,,,,,,,,,,,,,,,,,,,,,,,,,,,,,,,,,,,,,,,,,,,,,,,,,,,,,,,,,,,,,,,,,,,231.13912159996107,231.1519770999439,231.1519770999439,231.1519770999439,231.33574509993196,None,,,,,,,,,,,,,,,,,,,,,,,P8384,Bar_MIC,11,1,2026-04-09_15h27.42.794,MIC_task,,2026.1.2,60.0367665301919,2026-04-09 15h27.44.539502 +0200,
,,17,0,17,,,,,,,11,b13,agy,brain,2,bodypart,organ,5.6,337,None,69,None,"(0, 0)",None,,,,,,,,,,,,,,0,0,0,0,0,13,13,13,17,0,17,0,231.3523657999467,,,,,,,,,,,,,,,,,,,,,,,,,,,,,,,,,,,,,,,,,,,,,,,,,,,,,,,,,,,,,,,,,,,,,,,,,,,,,,,,,,,,,,,,,,,,231.33900479995646,231.3523657999467,231.3523657999467,231.3523657999467,231.5365217999788,None,,,,,,,,,,,,,,,,,,,,,,,P8384,Bar_MIC,11,1,2026-04-09_15h27.42.794,MIC_task,,2026.1.2,60.0367665301919,2026-04-09 15h27.44.539502 +0200,
,,18,0,18,,,,,,,11,b13,agy,brain,2,bodypart,organ,5.6,337,None,69,None,"(0, 0)",None,,,,,,,,,,,,,,0,0,0,0,0,13,13,13,18,0,18,0,231.5519234999083,,,,,,,,,,,,,,,,,,,,,,,,,,,,,,,,,,,,,,,,,,,,,,,,,,,,,,,,,,,,,,,,,,,,,,,,,,,,,,,,,,,,,,,,,,,,231.53973169997334,231.5519234999083,231.5519234999083,231.5519234999083,231.73689739999827,None,,,,,,,,,,,,,,,,,,,,,,,P8384,Bar_MIC,11,1,2026-04-09_15h27.42.794,MIC_task,,2026.1.2,60.0367665301919,2026-04-09 15h27.44.539502 +0200,
,,19,0,19,,,,,,,11,b13,agy,brain,2,bodypart,organ,5.6,337,None,69,None,"(0, 0)",None,,,,,,,,,,,,,,0,0,0,0,0,13,13,13,19,0,19,0,231.75238109997008,,,,,,,,,,,,,,,,,,,,,,,,,,,,,,,,,,,,,,,,,,,,,,,,,,,,,,,,,,,,,,,,,,,,,,,,,,,,,,,,,,,,,,,,,,,,231.74011649994645,231.75238109997008,231.75238109997008,231.75238109997008,231.9373969999142,None,,,,,,,,,,,,,,,,,,,,,,,P8384,Bar_MIC,11,1,2026-04-09_15h27.42.794,MIC_task,,2026.1.2,60.0367665301919,2026-04-09 15h27.44.539502 +0200,
,,20,0,20,,,,,,,11,b13,agy,brain,2,bodypart,organ,5.6,337,None,69,None,"(0, 0)",None,,,,,,,,,,,,,,0,0,0,0,0,13,13,13,20,0,20,0,231.9527963999426,,,,,,,,,,,,,,,,,,,,,,,,,,,,,,,,,,,,,,,,,,,,,,,,,,,,,,,,,,,,,,,,,,,,,,,,,,,,,,,,,,,,,,,,,,,,231.9403741999995,231.9527963999426,231.9527963999426,231.9527963999426,232.1376979999477,None,,,,,,,,,,,,,,,,,,,,,,,P8384,Bar_MIC,11,1,2026-04-09_15h27.42.794,MIC_task,,2026.1.2,60.0367665301919,2026-04-09 15h27.44.539502 +0200,
,,21,0,21,,,,,,,11,b13,agy,brain,2,bodypart,organ,5.6,337,None,69,None,"(0, 0)",None,,,,,,,,,,,,,,0,0,0,0,0,13,13,13,21,0,21,0,232.1531353999162,,,,,,,,,,,,,,,,,,,,,,,,,,,,,,,,,,,,,,,,,,,,,,,,,,,,,,,,,,,,,,,,,,,,,,,,,,,,,,,,,,,,,,,,,,,,232.14090100000612,232.1531353999162,232.1531353999162,232.1531353999162,232.33693200000562,None,,,,,,,,,,,,,,,,,,,,,,,P8384,Bar_MIC,11,1,2026-04-09_15h27.42.794,MIC_task,,2026.1.2,60.0367665301919,2026-04-09 15h27.44.539502 +0200,
,,22,0,22,,,,,,,11,b13,agy,brain,2,bodypart,organ,5.6,337,None,69,None,"(0, 0)",None,,,,,,,,,,,,,,0,0,0,0,0,13,13,13,22,0,22,0,232.3534640999278,,,,,,,,,,,,,,,,,,,,,,,,,,,,,,,,,,,,,,,,,,,,,,,,,,,,,,,,,,,,,,,,,,,,,,,,,,,,,,,,,,,,,,,,,,,,232.33994420000818,232.3534640999278,232.3534640999278,232.3534640999278,232.53745259996504,None,,,,,,,,,,,,,,,,,,,,,,,P8384,Bar_MIC,11,1,2026-04-09_15h27.42.794,MIC_task,,2026.1.2,60.0367665301919,2026-04-09 15h27.44.539502 +0200,
,,23,0,23,,,,,,,11,b13,agy,brain,2,bodypart,organ,5.6,337,None,69,None,"(0, 0)",space,None,None,,,,,,,,,,,,0,0,0,0,0,13,13,13,23,0,23,0,232.55394319992047,,,,,,,,,,,,,,,,,,,,,,,,,,,,,,,,,,,,,,,,,,,,,,,,,,,,,,,,,,,,,,,,,,,,,,,,,,,,,,,,,,,,,,,,,,,,232.5402705000015,232.55394319992047,232.55394319992047,232.55394319992047,232.67125599994324,space,None,None,,,,,,,,,,,,,,,,,,,,,P8384,Bar_MIC,11,1,2026-04-09_15h27.42.794,MIC_task,,2026.1.2,60.0367665301919,2026-04-09 15h27.44.539502 +0200,
,,13,13,0,,,,space,1.2610826999880373,None,11,b13,agy,brain,2,bodypart,organ,5.6,337,None,69,None,"(0, 0)",,,,,,,,,,,,,,,0,0,0,0,0,13,13,13,,,,,,,,,,,,,,,,,,,,,,,,,,,,,,,,,,,,,,,,,,,,,,,,,,,,,,,,,,,,,,,,,,,,,,,,,,,,,,,,,232.7332749000052,232.7389096999541,232.7371211665605,234.6734668998979,,,,,,236.67766249994747,236.69465489999857,236.69465489999857,237.96356619999278,,,,,,,,,,,,234.70196469989605,234.70725669991225,234.7066829332694,236.59341169998515,236.67761649994645,space,1.2610826999880373,None,,,,,,,,,,,,,P8384,Bar_MIC,11,1,2026-04-09_15h27.42.794,MIC_task,,2026.1.2,60.0367665301919,2026-04-09 15h27.44.539502 +0200,
,,0,0,0,,,,,,,11,ty27,labda,ball,9,toys,sport,7,148,18,34,None,"(0, -0.1)",None,,,,,,,,,,,,,,0,0,0,0,0,14,14,14,0,0,0,0,237.98937969992403,,,,,,,,,,,,,,,,,,,,,,,,,,,,,,,,,,,,,,,,,,,,,,,,,,,,,,,,,,,,,,,,,,,,,,,,,,,,,,,,,,,,,,,,,,,,237.98448250000365,237.98937969992403,237.98937969992403,237.98937969992403,238.18024239991792,None,,,,,,,,,,,,,,,,,,,,,,,P8384,Bar_MIC,11,1,2026-04-09_15h27.42.794,MIC_task,,2026.1.2,60.0367665301919,2026-04-09 15h27.44.539502 +0200,
,,0,0,0,,,,,,,11,ty27,labda,ball,9,toys,sport,7,148,18,34,None,"(0, -0.1)",None,,,,,,,,,,,,,,0,0,0,0,0,14,14,14,0,0,0,0,238.19555709999986,,,,,,,,,,,,,,,,,,,,,,,,,,,,,,,,,,,,,,,,,,,,,,,,,,,,,,,,,,,,,,,,,,,,,,,,,,,,,,,,,,,,,,,,,,,,238.1832151999697,238.19555709999986,238.19555709999986,238.19555709999986,238.36377509997692,None,,,,,,,,,,,,,,,,,,,,,,,P8384,Bar_MIC,11,1,2026-04-09_15h27.42.794,MIC_task,,2026.1.2,60.0367665301919,2026-04-09 15h27.44.539502 +0200,
,,1,0,1,,,,,,,11,ty27,labda,ball,9,toys,sport,7,148,18,34,None,"(0, -0.1)",None,,,,,,,,,,,,,,0,0,0,0,0,14,14,14,1,0,1,0,238.37917959992774,,,,,,,,,,,,,,,,,,,,,,,,,,,,,,,,,,,,,,,,,,,,,,,,,,,,,,,,,,,,,,,,,,,,,,,,,,,,,,,,,,,,,,,,,,,,238.36685130000114,238.37917959992774,238.37917959992774,238.37917959992774,238.56411369994748,None,,,,,,,,,,,,,,,,,,,,,,,P8384,Bar_MIC,11,1,2026-04-09_15h27.42.794,MIC_task,,2026.1.2,60.0367665301919,2026-04-09 15h27.44.539502 +0200,
,,2,0,2,,,,,,,11,ty27,labda,ball,9,toys,sport,7,148,18,34,None,"(0, -0.1)",None,,,,,,,,,,,,,,0,0,0,0,0,14,14,14,2,0,2,0,238.57956009998452,,,,,,,,,,,,,,,,,,,,,,,,,,,,,,,,,,,,,,,,,,,,,,,,,,,,,,,,,,,,,,,,,,,,,,,,,,,,,,,,,,,,,,,,,,,,238.56765260000248,238.57956009998452,238.57956009998452,238.57956009998452,238.76451439992525,None,,,,,,,,,,,,,,,,,,,,,,,P8384,Bar_MIC,11,1,2026-04-09_15h27.42.794,MIC_task,,2026.1.2,60.0367665301919,2026-04-09 15h27.44.539502 +0200,
,,3,0,3,,,,,,,11,ty27,labda,ball,9,toys,sport,7,148,18,34,None,"(0, -0.1)",None,,,,,,,,,,,,,,0,0,0,0,0,14,14,14,3,0,3,0,238.77992939995602,,,,,,,,,,,,,,,,,,,,,,,,,,,,,,,,,,,,,,,,,,,,,,,,,,,,,,,,,,,,,,,,,,,,,,,,,,,,,,,,,,,,,,,,,,,,238.76759299996775,238.77992939995602,238.77992939995602,238.77992939995602,238.96384469990153,None,,,,,,,,,,,,,,,,,,,,,,,P8384,Bar_MIC,11,1,2026-04-09_15h27.42.794,MIC_task,,2026.1.2,60.0367665301919,2026-04-09 15h27.44.539502 +0200,
,,4,0,4,,,,,,,11,ty27,labda,ball,9,toys,sport,7,148,18,34,None,"(0, -0.1)",None,,,,,,,,,,,,,,0,0,0,0,0,14,14,14,4,0,4,0,238.98032579990104,,,,,,,,,,,,,,,,,,,,,,,,,,,,,,,,,,,,,,,,,,,,,,,,,,,,,,,,,,,,,,,,,,,,,,,,,,,,,,,,,,,,,,,,,,,,238.96691029996146,238.98032579990104,238.98032579990104,238.98032579990104,239.164249299909,None,,,,,,,,,,,,,,,,,,,,,,,P8384,Bar_MIC,11,1,2026-04-09_15h27.42.794,MIC_task,,2026.1.2,60.0367665301919,2026-04-09 15h27.44.539502 +0200,
,,5,0,5,,,,,,,11,ty27,labda,ball,9,toys,sport,7,148,18,34,None,"(0, -0.1)",None,,,,,,,,,,,,,,0,0,0,0,0,14,14,14,5,0,5,0,239.18071909993887,,,,,,,,,,,,,,,,,,,,,,,,,,,,,,,,,,,,,,,,,,,,,,,,,,,,,,,,,,,,,,,,,,,,,,,,,,,,,,,,,,,,,,,,,,,,239.1676238999935,239.18071909993887,239.18071909993887,239.18071909993887,239.36475499998778,None,,,,,,,,,,,,,,,,,,,,,,,P8384,Bar_MIC,11,1,2026-04-09_15h27.42.794,MIC_task,,2026.1.2,60.0367665301919,2026-04-09 15h27.44.539502 +0200,
,,6,0,6,,,,,,,11,ty27,labda,ball,9,toys,sport,7,148,18,34,None,"(0, -0.1)",None,,,,,,,,,,,,,,0,0,0,0,0,14,14,14,6,0,6,0,239.38099400000647,,,,,,,,,,,,,,,,,,,,,,,,,,,,,,,,,,,,,,,,,,,,,,,,,,,,,,,,,,,,,,,,,,,,,,,,,,,,,,,,,,,,,,,,,,,,239.3676611999981,239.38099400000647,239.38099400000647,239.38099400000647,239.56500379997306,None,,,,,,,,,,,,,,,,,,,,,,,P8384,Bar_MIC,11,1,2026-04-09_15h27.42.794,MIC_task,,2026.1.2,60.0367665301919,2026-04-09 15h27.44.539502 +0200,
,,7,0,7,,,,,,,11,ty27,labda,ball,9,toys,sport,7,148,18,34,None,"(0, -0.1)",None,,,,,,,,,,,,,,0,0,0,0,0,14,14,14,7,0,7,0,239.5814432000043,,,,,,,,,,,,,,,,,,,,,,,,,,,,,,,,,,,,,,,,,,,,,,,,,,,,,,,,,,,,,,,,,,,,,,,,,,,,,,,,,,,,,,,,,,,,239.56793209991883,239.5814432000043,239.5814432000043,239.5814432000043,239.76538009999786,None,,,,,,,,,,,,,,,,,,,,,,,P8384,Bar_MIC,11,1,2026-04-09_15h27.42.794,MIC_task,,2026.1.2,60.0367665301919,2026-04-09 15h27.44.539502 +0200,
,,8,0,8,,,,,,,11,ty27,labda,ball,9,toys,sport,7,148,18,34,None,"(0, -0.1)",None,,,,,,,,,,,,,,0,0,0,0,0,14,14,14,8,0,8,0,239.78175609989557,,,,,,,,,,,,,,,,,,,,,,,,,,,,,,,,,,,,,,,,,,,,,,,,,,,,,,,,,,,,,,,,,,,,,,,,,,,,,,,,,,,,,,,,,,,,239.76844439993147,239.78175609989557,239.78175609989557,239.78175609989557,239.96587909990922,None,,,,,,,,,,,,,,,,,,,,,,,P8384,Bar_MIC,11,1,2026-04-09_15h27.42.794,MIC_task,,2026.1.2,60.0367665301919,2026-04-09 15h27.44.539502 +0200,
,,9,0,9,,,,,,,11,ty27,labda,ball,9,toys,sport,7,148,18,34,None,"(0, -0.1)",None,,,,,,,,,,,,,,0,0,0,0,0,14,14,14,9,0,9,0,239.98214649991132,,,,,,,,,,,,,,,,,,,,,,,,,,,,,,,,,,,,,,,,,,,,,,,,,,,,,,,,,,,,,,,,,,,,,,,,,,,,,,,,,,,,,,,,,,,,239.9687781999819,239.98214649991132,239.98214649991132,239.98214649991132,240.16620929993223,None,,,,,,,,,,,,,,,,,,,,,,,P8384,Bar_MIC,11,1,2026-04-09_15h27.42.794,MIC_task,,2026.1.2,60.0367665301919,2026-04-09 15h27.44.539502 +0200,
,,10,0,10,,,,,,,11,ty27,labda,ball,9,toys,sport,7,148,18,34,None,"(0, -0.1)",None,,,,,,,,,,,,,,0,0,0,0,0,14,14,14,10,0,10,0,240.18249279994052,,,,,,,,,,,,,,,,,,,,,,,,,,,,,,,,,,,,,,,,,,,,,,,,,,,,,,,,,,,,,,,,,,,,,,,,,,,,,,,,,,,,,,,,,,,,240.16962519998197,240.18249279994052,240.18249279994052,240.18249279994052,240.36664059991017,None,,,,,,,,,,,,,,,,,,,,,,,P8384,Bar_MIC,11,1,2026-04-09_15h27.42.794,MIC_task,,2026.1.2,60.0367665301919,2026-04-09 15h27.44.539502 +0200,
,,11,0,11,,,,,,,11,ty27,labda,ball,9,toys,sport,7,148,18,34,None,"(0, -0.1)",None,,,,,,,,,,,,,,0,0,0,0,0,14,14,14,11,0,11,0,240.38214409991633,,,,,,,,,,,,,,,,,,,,,,,,,,,,,,,,,,,,,,,,,,,,,,,,,,,,,,,,,,,,,,,,,,,,,,,,,,,,,,,,,,,,,,,,,,,,240.36974349990487,240.38214409991633,240.38214409991633,240.38214409991633,240.56712459994014,None,,,,,,,,,,,,,,,,,,,,,,,P8384,Bar_MIC,11,1,2026-04-09_15h27.42.794,MIC_task,,2026.1.2,60.0367665301919,2026-04-09 15h27.44.539502 +0200,
,,12,0,12,,,,,,,11,ty27,labda,ball,9,toys,sport,7,148,18,34,None,"(0, -0.1)",None,,,,,,,,,,,,,,0,0,0,0,0,14,14,14,12,0,12,0,240.5825325999176,,,,,,,,,,,,,,,,,,,,,,,,,,,,,,,,,,,,,,,,,,,,,,,,,,,,,,,,,,,,,,,,,,,,,,,,,,,,,,,,,,,,,,,,,,,,240.56999059999362,240.5825325999176,240.5825325999176,240.5825325999176,240.76744219998363,None,,,,,,,,,,,,,,,,,,,,,,,P8384,Bar_MIC,11,1,2026-04-09_15h27.42.794,MIC_task,,2026.1.2,60.0367665301919,2026-04-09 15h27.44.539502 +0200,
,,13,0,13,,,,,,,11,ty27,labda,ball,9,toys,sport,7,148,18,34,None,"(0, -0.1)",None,,,,,,,,,,,,,,0,0,0,0,0,14,14,14,13,0,13,0,240.78294659999665,,,,,,,,,,,,,,,,,,,,,,,,,,,,,,,,,,,,,,,,,,,,,,,,,,,,,,,,,,,,,,,,,,,,,,,,,,,,,,,,,,,,,,,,,,,,240.7707676999271,240.78294659999665,240.78294659999665,240.78294659999665,240.96672629995737,None,,,,,,,,,,,,,,,,,,,,,,,P8384,Bar_MIC,11,1,2026-04-09_15h27.42.794,MIC_task,,2026.1.2,60.0367665301919,2026-04-09 15h27.44.539502 +0200,
,,14,0,14,,,,,,,11,ty27,labda,ball,9,toys,sport,7,148,18,34,None,"(0, -0.1)",None,,,,,,,,,,,,,,0,0,0,0,0,14,14,14,14,0,14,0,240.98327859991696,,,,,,,,,,,,,,,,,,,,,,,,,,,,,,,,,,,,,,,,,,,,,,,,,,,,,,,,,,,,,,,,,,,,,,,,,,,,,,,,,,,,,,,,,,,,240.96960439998657,240.98327859991696,240.98327859991696,240.98327859991696,241.1670499999309,None,,,,,,,,,,,,,,,,,,,,,,,P8384,Bar_MIC,11,1,2026-04-09_15h27.42.794,MIC_task,,2026.1.2,60.0367665301919,2026-04-09 15h27.44.539502 +0200,
,,15,0,15,,,,,,,11,ty27,labda,ball,9,toys,sport,7,148,18,34,None,"(0, -0.1)",None,,,,,,,,,,,,,,0,0,0,0,0,14,14,14,15,0,15,0,241.18371469993144,,,,,,,,,,,,,,,,,,,,,,,,,,,,,,,,,,,,,,,,,,,,,,,,,,,,,,,,,,,,,,,,,,,,,,,,,,,,,,,,,,,,,,,,,,,,241.17036979994737,241.18371469993144,241.18371469993144,241.18371469993144,241.36760509992018,None,,,,,,,,,,,,,,,,,,,,,,,P8384,Bar_MIC,11,1,2026-04-09_15h27.42.794,MIC_task,,2026.1.2,60.0367665301919,2026-04-09 15h27.44.539502 +0200,
,,16,0,16,,,,,,,11,ty27,labda,ball,9,toys,sport,7,148,18,34,None,"(0, -0.1)",None,,,,,,,,,,,,,,0,0,0,0,0,14,14,14,16,0,16,0,241.38407679996453,,,,,,,,,,,,,,,,,,,,,,,,,,,,,,,,,,,,,,,,,,,,,,,,,,,,,,,,,,,,,,,,,,,,,,,,,,,,,,,,,,,,,,,,,,,,241.37089869996998,241.38407679996453,241.38407679996453,241.38407679996453,241.567862899974,None,,,,,,,,,,,,,,,,,,,,,,,P8384,Bar_MIC,11,1,2026-04-09_15h27.42.794,MIC_task,,2026.1.2,60.0367665301919,2026-04-09 15h27.44.539502 +0200,
,,17,0,17,,,,,,,11,ty27,labda,ball,9,toys,sport,7,148,18,34,None,"(0, -0.1)",None,,,,,,,,,,,,,,0,0,0,0,0,14,14,14,17,0,17,0,241.58445769990794,,,,,,,,,,,,,,,,,,,,,,,,,,,,,,,,,,,,,,,,,,,,,,,,,,,,,,,,,,,,,,,,,,,,,,,,,,,,,,,,,,,,,,,,,,,,241.57076719996985,241.58445769990794,241.58445769990794,241.58445769990794,241.76844909996726,None,,,,,,,,,,,,,,,,,,,,,,,P8384,Bar_MIC,11,1,2026-04-09_15h27.42.794,MIC_task,,2026.1.2,60.0367665301919,2026-04-09 15h27.44.539502 +0200,
,,18,0,18,,,,,,,11,ty27,labda,ball,9,toys,sport,7,148,18,34,None,"(0, -0.1)",None,,,,,,,,,,,,,,0,0,0,0,0,14,14,14,18,0,18,0,241.78466779994778,,,,,,,,,,,,,,,,,,,,,,,,,,,,,,,,,,,,,,,,,,,,,,,,,,,,,,,,,,,,,,,,,,,,,,,,,,,,,,,,,,,,,,,,,,,,241.77139089989942,241.78466779994778,241.78466779994778,241.78466779994778,241.9687610999681,None,,,,,,,,,,,,,,,,,,,,,,,P8384,Bar_MIC,11,1,2026-04-09_15h27.42.794,MIC_task,,2026.1.2,60.0367665301919,2026-04-09 15h27.44.539502 +0200,
,,19,0,19,,,,,,,11,ty27,labda,ball,9,toys,sport,7,148,18,34,None,"(0, -0.1)",None,,,,,,,,,,,,,,0,0,0,0,0,14,14,14,19,0,19,0,241.9850582999643,,,,,,,,,,,,,,,,,,,,,,,,,,,,,,,,,,,,,,,,,,,,,,,,,,,,,,,,,,,,,,,,,,,,,,,,,,,,,,,,,,,,,,,,,,,,241.97177800000645,241.9850582999643,241.9850582999643,241.9850582999643,242.1692480999045,None,,,,,,,,,,,,,,,,,,,,,,,P8384,Bar_MIC,11,1,2026-04-09_15h27.42.794,MIC_task,,2026.1.2,60.0367665301919,2026-04-09 15h27.44.539502 +0200,
,,20,0,20,,,,,,,11,ty27,labda,ball,9,toys,sport,7,148,18,34,None,"(0, -0.1)",space,0.027046000002883375,None,,,,,,,,,,,,0,0,0,0,0,14,14,14,20,0,20,0,242.18549239996355,,,,,,,,,,,,,,,,,,,,,,,,,,,,,,,,,,,,,,,,,,,,,,,,,,,,,,,,,,,,,,,,,,,,,,,,,,,,,,,,,,,,,,,,,,,,242.17233819991816,242.18549239996355,242.18549239996355,242.18549239996355,242.2205059999833,space,0.027046000002883375,None,,,,,,,,,,,,,,,,,,,,,P8384,Bar_MIC,11,1,2026-04-09_15h27.42.794,MIC_task,,2026.1.2,60.0367665301919,2026-04-09 15h27.44.539502 +0200,
,,14,14,0,,,,space,0.2165606999769807,None,11,ty27,labda,ball,9,toys,sport,7,148,18,34,None,"(0, -0.1)",,,,,,,,,,,,,,,0,0,0,0,0,14,14,14,,,,,,,,,,,,,,,,,,,,,,,,,,,,,,,,,,,,,,,,,,,,,,,,,,,,,,,,,,,,,,,,,,,,,,,,,,,,,,,,,242.28191549994517,242.2880598999327,242.2861547665826,244.2221969999373,,,,,,246.2255854998948,246.24251329991966,246.24251329991966,246.47603759996127,,,,,,,,,,,,244.25074339995626,244.25641619996168,244.2554055332517,246.14128839992918,246.22553339996375,space,0.2165606999769807,None,,,,,,,,,,,,,P8384,Bar_MIC,11,1,2026-04-09_15h27.42.794,MIC_task,,2026.1.2,60.0367665301919,2026-04-09 15h27.44.539502 +0200,
,,0,0,0,,,,,,,11,c18,zokni,sock,3,clothes,footwear,5.6,74,20,35,None,"(-0.1, -0.1)",None,,,,,,,,,,,,,,0,0,0,0,0,15,15,15,0,0,0,0,246.50278839992825,,,,,,,,,,,,,,,,,,,,,,,,,,,,,,,,,,,,,,,,,,,,,,,,,,,,,,,,,,,,,,,,,,,,,,,,,,,,,,,,,,,,,,,,,,,,246.4966773999622,246.50278839992825,246.50278839992825,246.50278839992825,246.6922762999311,None,,,,,,,,,,,,,,,,,,,,,,,P8384,Bar_MIC,11,1,2026-04-09_15h27.42.794,MIC_task,,2026.1.2,60.0367665301919,2026-04-09 15h27.44.539502 +0200,
,,0,0,0,,,,,,,11,c18,zokni,sock,3,clothes,footwear,5.6,74,20,35,None,"(-0.1, -0.1)",None,,,,,,,,,,,,,,0,0,0,0,0,15,15,15,0,0,0,0,246.70884659991134,,,,,,,,,,,,,,,,,,,,,,,,,,,,,,,,,,,,,,,,,,,,,,,,,,,,,,,,,,,,,,,,,,,,,,,,,,,,,,,,,,,,,,,,,,,,246.69563889992423,246.70884659991134,246.70884659991134,246.70884659991134,246.8926727999933,None,,,,,,,,,,,,,,,,,,,,,,,P8384,Bar_MIC,11,1,2026-04-09_15h27.42.794,MIC_task,,2026.1.2,60.0367665301919,2026-04-09 15h27.44.539502 +0200,
,,1,0,1,,,,,,,11,c18,zokni,sock,3,clothes,footwear,5.6,74,20,35,None,"(-0.1, -0.1)",None,,,,,,,,,,,,,,0,0,0,0,0,15,15,15,1,0,1,0,246.90925259992946,,,,,,,,,,,,,,,,,,,,,,,,,,,,,,,,,,,,,,,,,,,,,,,,,,,,,,,,,,,,,,,,,,,,,,,,,,,,,,,,,,,,,,,,,,,,246.89585119998083,246.90925259992946,246.90925259992946,246.90925259992946,247.0763402999146,None,,,,,,,,,,,,,,,,,,,,,,,P8384,Bar_MIC,11,1,2026-04-09_15h27.42.794,MIC_task,,2026.1.2,60.0367665301919,2026-04-09 15h27.44.539502 +0200,
,,2,0,2,,,,,,,11,c18,zokni,sock,3,clothes,footwear,5.6,74,20,35,None,"(-0.1, -0.1)",None,,,,,,,,,,,,,,0,0,0,0,0,15,15,15,2,0,2,0,247.0927975999657,,,,,,,,,,,,,,,,,,,,,,,,,,,,,,,,,,,,,,,,,,,,,,,,,,,,,,,,,,,,,,,,,,,,,,,,,,,,,,,,,,,,,,,,,,,,247.07958969997708,247.0927975999657,247.0927975999657,247.0927975999657,247.27682249993086,None,,,,,,,,,,,,,,,,,,,,,,,P8384,Bar_MIC,11,1,2026-04-09_15h27.42.794,MIC_task,,2026.1.2,60.0367665301919,2026-04-09 15h27.44.539502 +0200,
,,3,0,3,,,,,,,11,c18,zokni,sock,3,clothes,footwear,5.6,74,20,35,None,"(-0.1, -0.1)",None,,,,,,,,,,,,,,0,0,0,0,0,15,15,15,3,0,3,0,247.29312209994532,,,,,,,,,,,,,,,,,,,,,,,,,,,,,,,,,,,,,,,,,,,,,,,,,,,,,,,,,,,,,,,,,,,,,,,,,,,,,,,,,,,,,,,,,,,,247.2802429998992,247.29312209994532,247.29312209994532,247.29312209994532,247.47718089993577,None,,,,,,,,,,,,,,,,,,,,,,,P8384,Bar_MIC,11,1,2026-04-09_15h27.42.794,MIC_task,,2026.1.2,60.0367665301919,2026-04-09 15h27.44.539502 +0200,
,,4,0,4,,,,,,,11,c18,zokni,sock,3,clothes,footwear,5.6,74,20,35,None,"(-0.1, -0.1)",None,,,,,,,,,,,,,,0,0,0,0,0,15,15,15,4,0,4,0,247.49360679998063,,,,,,,,,,,,,,,,,,,,,,,,,,,,,,,,,,,,,,,,,,,,,,,,,,,,,,,,,,,,,,,,,,,,,,,,,,,,,,,,,,,,,,,,,,,,247.4802931000013,247.49360679998063,247.49360679998063,247.49360679998063,247.67751269997098,None,,,,,,,,,,,,,,,,,,,,,,,P8384,Bar_MIC,11,1,2026-04-09_15h27.42.794,MIC_task,,2026.1.2,60.0367665301919,2026-04-09 15h27.44.539502 +0200,
,,5,0,5,,,,,,,11,c18,zokni,sock,3,clothes,footwear,5.6,74,20,35,None,"(-0.1, -0.1)",None,,,,,,,,,,,,,,0,0,0,0,0,15,15,15,5,0,5,0,247.69304689997807,,,,,,,,,,,,,,,,,,,,,,,,,,,,,,,,,,,,,,,,,,,,,,,,,,,,,,,,,,,,,,,,,,,,,,,,,,,,,,,,,,,,,,,,,,,,247.68100789992604,247.69304689997807,247.69304689997807,247.69304689997807,247.87808329996187,None,,,,,,,,,,,,,,,,,,,,,,,P8384,Bar_MIC,11,1,2026-04-09_15h27.42.794,MIC_task,,2026.1.2,60.0367665301919,2026-04-09 15h27.44.539502 +0200,
,,6,0,6,,,,,,,11,c18,zokni,sock,3,clothes,footwear,5.6,74,20,35,None,"(-0.1, -0.1)",None,,,,,,,,,,,,,,0,0,0,0,0,15,15,15,6,0,6,0,247.89425609994214,,,,,,,,,,,,,,,,,,,,,,,,,,,,,,,,,,,,,,,,,,,,,,,,,,,,,,,,,,,,,,,,,,,,,,,,,,,,,,,,,,,,,,,,,,,,247.88140700000804,247.89425609994214,247.89425609994214,247.89425609994214,248.07841489999555,None,,,,,,,,,,,,,,,,,,,,,,,P8384,Bar_MIC,11,1,2026-04-09_15h27.42.794,MIC_task,,2026.1.2,60.0367665301919,2026-04-09 15h27.44.539502 +0200,
,,7,0,7,,,,,,,11,c18,zokni,sock,3,clothes,footwear,5.6,74,20,35,None,"(-0.1, -0.1)",None,,,,,,,,,,,,,,0,0,0,0,0,15,15,15,7,0,7,0,248.09467299992684,,,,,,,,,,,,,,,,,,,,,,,,,,,,,,,,,,,,,,,,,,,,,,,,,,,,,,,,,,,,,,,,,,,,,,,,,,,,,,,,,,,,,,,,,,,,248.08140389993787,248.09467299992684,248.09467299992684,248.09467299992684,248.27866999991238,None,,,,,,,,,,,,,,,,,,,,,,,P8384,Bar_MIC,11,1,2026-04-09_15h27.42.794,MIC_task,,2026.1.2,60.0367665301919,2026-04-09 15h27.44.539502 +0200,
,,8,0,8,,,,,,,11,c18,zokni,sock,3,clothes,footwear,5.6,74,20,35,None,"(-0.1, -0.1)",None,,,,,,,,,,,,,,0,0,0,0,0,15,15,15,8,0,8,0,248.29427459998988,,,,,,,,,,,,,,,,,,,,,,,,,,,,,,,,,,,,,,,,,,,,,,,,,,,,,,,,,,,,,,,,,,,,,,,,,,,,,,,,,,,,,,,,,,,,248.28147960000206,248.29427459998988,248.29427459998988,248.29427459998988,248.47800919995643,None,,,,,,,,,,,,,,,,,,,,,,,P8384,Bar_MIC,11,1,2026-04-09_15h27.42.794,MIC_task,,2026.1.2,60.0367665301919,2026-04-09 15h27.44.539502 +0200,
,,9,0,9,,,,,,,11,c18,zokni,sock,3,clothes,footwear,5.6,74,20,35,None,"(-0.1, -0.1)",None,,,,,,,,,,,,,,0,0,0,0,0,15,15,15,9,0,9,0,248.49462419992778,,,,,,,,,,,,,,,,,,,,,,,,,,,,,,,,,,,,,,,,,,,,,,,,,,,,,,,,,,,,,,,,,,,,,,,,,,,,,,,,,,,,,,,,,,,,248.48107229999732,248.49462419992778,248.49462419992778,248.49462419992778,248.67832439998165,None,,,,,,,,,,,,,,,,,,,,,,,P8384,Bar_MIC,11,1,2026-04-09_15h27.42.794,MIC_task,,2026.1.2,60.0367665301919,2026-04-09 15h27.44.539502 +0200,
,,10,0,10,,,,,,,11,c18,zokni,sock,3,clothes,footwear,5.6,74,20,35,None,"(-0.1, -0.1)",None,,,,,,,,,,,,,,0,0,0,0,0,15,15,15,10,0,10,0,248.69499230000656,,,,,,,,,,,,,,,,,,,,,,,,,,,,,,,,,,,,,,,,,,,,,,,,,,,,,,,,,,,,,,,,,,,,,,,,,,,,,,,,,,,,,,,,,,,,248.68164520000573,248.69499230000656,248.69499230000656,248.69499230000656,248.8799377999967,None,,,,,,,,,,,,,,,,,,,,,,,P8384,Bar_MIC,11,1,2026-04-09_15h27.42.794,MIC_task,,2026.1.2,60.0367665301919,2026-04-09 15h27.44.539502 +0200,
,,11,0,11,,,,,,,11,c18,zokni,sock,3,clothes,footwear,5.6,74,20,35,None,"(-0.1, -0.1)",None,,,,,,,,,,,,,,0,0,0,0,0,15,15,15,11,0,11,0,248.89541569992434,,,,,,,,,,,,,,,,,,,,,,,,,,,,,,,,,,,,,,,,,,,,,,,,,,,,,,,,,,,,,,,,,,,,,,,,,,,,,,,,,,,,,,,,,,,,248.88303359993733,248.89541569992434,248.89541569992434,248.89541569992434,249.07924200000707,None,,,,,,,,,,,,,,,,,,,,,,,P8384,Bar_MIC,11,1,2026-04-09_15h27.42.794,MIC_task,,2026.1.2,60.0367665301919,2026-04-09 15h27.44.539502 +0200,
,,12,0,12,,,,,,,11,c18,zokni,sock,3,clothes,footwear,5.6,74,20,35,None,"(-0.1, -0.1)",None,,,,,,,,,,,,,,0,0,0,0,0,15,15,15,12,0,12,0,249.09585489996243,,,,,,,,,,,,,,,,,,,,,,,,,,,,,,,,,,,,,,,,,,,,,,,,,,,,,,,,,,,,,,,,,,,,,,,,,,,,,,,,,,,,,,,,,,,,249.0827556999866,249.09585489996243,249.09585489996243,249.09585489996243,249.2796385999536,None,,,,,,,,,,,,,,,,,,,,,,,P8384,Bar_MIC,11,1,2026-04-09_15h27.42.794,MIC_task,,2026.1.2,60.0367665301919,2026-04-09 15h27.44.539502 +0200,
,,13,0,13,,,,,,,11,c18,zokni,sock,3,clothes,footwear,5.6,74,20,35,None,"(-0.1, -0.1)",None,,,,,,,,,,,,,,0,0,0,0,0,15,15,15,13,0,13,0,249.29617489990778,,,,,,,,,,,,,,,,,,,,,,,,,,,,,,,,,,,,,,,,,,,,,,,,,,,,,,,,,,,,,,,,,,,,,,,,,,,,,,,,,,,,,,,,,,,,249.28283099993132,249.29617489990778,249.29617489990778,249.29617489990778,249.4801557000028,None,,,,,,,,,,,,,,,,,,,,,,,P8384,Bar_MIC,11,1,2026-04-09_15h27.42.794,MIC_task,,2026.1.2,60.0367665301919,2026-04-09 15h27.44.539502 +0200,
,,14,0,14,,,,,,,11,c18,zokni,sock,3,clothes,footwear,5.6,74,20,35,None,"(-0.1, -0.1)",None,,,,,,,,,,,,,,0,0,0,0,0,15,15,15,14,0,14,0,249.49648679990787,,,,,,,,,,,,,,,,,,,,,,,,,,,,,,,,,,,,,,,,,,,,,,,,,,,,,,,,,,,,,,,,,,,,,,,,,,,,,,,,,,,,,,,,,,,,249.4830468998989,249.49648679990787,249.49648679990787,249.49648679990787,249.6804664999945,None,,,,,,,,,,,,,,,,,,,,,,,P8384,Bar_MIC,11,1,2026-04-09_15h27.42.794,MIC_task,,2026.1.2,60.0367665301919,2026-04-09 15h27.44.539502 +0200,
,,15,0,15,,,,,,,11,c18,zokni,sock,3,clothes,footwear,5.6,74,20,35,None,"(-0.1, -0.1)",None,,,,,,,,,,,,,,0,0,0,0,0,15,15,15,15,0,15,0,249.69680499995593,,,,,,,,,,,,,,,,,,,,,,,,,,,,,,,,,,,,,,,,,,,,,,,,,,,,,,,,,,,,,,,,,,,,,,,,,,,,,,,,,,,,,,,,,,,,249.68334679992404,249.69680499995593,249.69680499995593,249.69680499995593,249.88104919996113,None,,,,,,,,,,,,,,,,,,,,,,,P8384,Bar_MIC,11,1,2026-04-09_15h27.42.794,MIC_task,,2026.1.2,60.0367665301919,2026-04-09 15h27.44.539502 +0200,
,,16,0,16,,,,,,,11,c18,zokni,sock,3,clothes,footwear,5.6,74,20,35,None,"(-0.1, -0.1)",None,,,,,,,,,,,,,,0,0,0,0,0,15,15,15,16,0,16,0,249.89637939992826,,,,,,,,,,,,,,,,,,,,,,,,,,,,,,,,,,,,,,,,,,,,,,,,,,,,,,,,,,,,,,,,,,,,,,,,,,,,,,,,,,,,,,,,,,,,249.88402169989422,249.89637939992826,249.89637939992826,249.89637939992826,250.08127510000486,None,,,,,,,,,,,,,,,,,,,,,,,P8384,Bar_MIC,11,1,2026-04-09_15h27.42.794,MIC_task,,2026.1.2,60.0367665301919,2026-04-09 15h27.44.539502 +0200,
,,17,0,17,,,,,,,11,c18,zokni,sock,3,clothes,footwear,5.6,74,20,35,None,"(-0.1, -0.1)",None,,,,,,,,,,,,,,0,0,0,0,0,15,15,15,17,0,17,0,250.0968031999655,,,,,,,,,,,,,,,,,,,,,,,,,,,,,,,,,,,,,,,,,,,,,,,,,,,,,,,,,,,,,,,,,,,,,,,,,,,,,,,,,,,,,,,,,,,,250.0847004998941,250.0968031999655,250.0968031999655,250.0968031999655,250.2819003999466,None,,,,,,,,,,,,,,,,,,,,,,,P8384,Bar_MIC,11,1,2026-04-09_15h27.42.794,MIC_task,,2026.1.2,60.0367665301919,2026-04-09 15h27.44.539502 +0200,
,,18,0,18,,,,,,,11,c18,zokni,sock,3,clothes,footwear,5.6,74,20,35,None,"(-0.1, -0.1)",None,,,,,,,,,,,,,,0,0,0,0,0,15,15,15,18,0,18,0,250.29795269994065,,,,,,,,,,,,,,,,,,,,,,,,,,,,,,,,,,,,,,,,,,,,,,,,,,,,,,,,,,,,,,,,,,,,,,,,,,,,,,,,,,,,,,,,,,,,250.28501429990865,250.29795269994065,250.29795269994065,250.29795269994065,250.4821403999813,None,,,,,,,,,,,,,,,,,,,,,,,P8384,Bar_MIC,11,1,2026-04-09_15h27.42.794,MIC_task,,2026.1.2,60.0367665301919,2026-04-09 15h27.44.539502 +0200,
,,19,0,19,,,,,,,11,c18,zokni,sock,3,clothes,footwear,5.6,74,20,35,None,"(-0.1, -0.1)",None,,,,,,,,,,,,,,0,0,0,0,0,15,15,15,19,0,19,0,250.49762289994396,,,,,,,,,,,,,,,,,,,,,,,,,,,,,,,,,,,,,,,,,,,,,,,,,,,,,,,,,,,,,,,,,,,,,,,,,,,,,,,,,,,,,,,,,,,,250.48542139993515,250.49762289994396,250.49762289994396,250.49762289994396,250.68144459999166,None,,,,,,,,,,,,,,,,,,,,,,,P8384,Bar_MIC,11,1,2026-04-09_15h27.42.794,MIC_task,,2026.1.2,60.0367665301919,2026-04-09 15h27.44.539502 +0200,
,,20,0,20,,,,,,,11,c18,zokni,sock,3,clothes,footwear,5.6,74,20,35,None,"(-0.1, -0.1)",None,,,,,,,,,,,,,,0,0,0,0,0,15,15,15,20,0,20,0,250.69801449996885,,,,,,,,,,,,,,,,,,,,,,,,,,,,,,,,,,,,,,,,,,,,,,,,,,,,,,,,,,,,,,,,,,,,,,,,,,,,,,,,,,,,,,,,,,,,250.68480960000306,250.69801449996885,250.69801449996885,250.69801449996885,250.88296600000467,None,,,,,,,,,,,,,,,,,,,,,,,P8384,Bar_MIC,11,1,2026-04-09_15h27.42.794,MIC_task,,2026.1.2,60.0367665301919,2026-04-09 15h27.44.539502 +0200,
,,21,0,21,,,,,,,11,c18,zokni,sock,3,clothes,footwear,5.6,74,20,35,None,"(-0.1, -0.1)",None,,,,,,,,,,,,,,0,0,0,0,0,15,15,15,21,0,21,0,250.8983786999015,,,,,,,,,,,,,,,,,,,,,,,,,,,,,,,,,,,,,,,,,,,,,,,,,,,,,,,,,,,,,,,,,,,,,,,,,,,,,,,,,,,,,,,,,,,,250.88642100000288,250.8983786999015,250.8983786999015,250.8983786999015,251.08210020000115,None,,,,,,,,,,,,,,,,,,,,,,,P8384,Bar_MIC,11,1,2026-04-09_15h27.42.794,MIC_task,,2026.1.2,60.0367665301919,2026-04-09 15h27.44.539502 +0200,
,,22,0,22,,,,,,,11,c18,zokni,sock,3,clothes,footwear,5.6,74,20,35,None,"(-0.1, -0.1)",None,,,,,,,,,,,,,,0,0,0,0,0,15,15,15,22,0,22,0,251.0987386999186,,,,,,,,,,,,,,,,,,,,,,,,,,,,,,,,,,,,,,,,,,,,,,,,,,,,,,,,,,,,,,,,,,,,,,,,,,,,,,,,,,,,,,,,,,,,251.08536579995416,251.0987386999186,251.0987386999186,251.0987386999186,251.28252799995244,None,,,,,,,,,,,,,,,,,,,,,,,P8384,Bar_MIC,11,1,2026-04-09_15h27.42.794,MIC_task,,2026.1.2,60.0367665301919,2026-04-09 15h27.44.539502 +0200,
,,23,0,23,,,,,,,11,c18,zokni,sock,3,clothes,footwear,5.6,74,20,35,None,"(-0.1, -0.1)",None,,,,,,,,,,,,,,0,0,0,0,0,15,15,15,23,0,23,0,251.29916409996804,,,,,,,,,,,,,,,,,,,,,,,,,,,,,,,,,,,,,,,,,,,,,,,,,,,,,,,,,,,,,,,,,,,,,,,,,,,,,,,,,,,,,,,,,,,,251.28571669990197,251.29916409996804,251.29916409996804,251.29916409996804,251.48289909993764,None,,,,,,,,,,,,,,,,,,,,,,,P8384,Bar_MIC,11,1,2026-04-09_15h27.42.794,MIC_task,,2026.1.2,60.0367665301919,2026-04-09 15h27.44.539502 +0200,
,,24,0,24,,,,,,,11,c18,zokni,sock,3,clothes,footwear,5.6,74,20,35,None,"(-0.1, -0.1)",None,,,,,,,,,,,,,,0,0,0,0,0,15,15,15,24,0,24,0,251.49952429998666,,,,,,,,,,,,,,,,,,,,,,,,,,,,,,,,,,,,,,,,,,,,,,,,,,,,,,,,,,,,,,,,,,,,,,,,,,,,,,,,,,,,,,,,,,,,251.4858812999446,251.49952429998666,251.49952429998666,251.49952429998666,251.6834692999255,None,,,,,,,,,,,,,,,,,,,,,,,P8384,Bar_MIC,11,1,2026-04-09_15h27.42.794,MIC_task,,2026.1.2,60.0367665301919,2026-04-09 15h27.44.539502 +0200,
,,25,0,25,,,,,,,11,c18,zokni,sock,3,clothes,footwear,5.6,74,20,35,None,"(-0.1, -0.1)",None,,,,,,,,,,,,,,0,0,0,0,0,15,15,15,25,0,25,0,251.69995719997678,,,,,,,,,,,,,,,,,,,,,,,,,,,,,,,,,,,,,,,,,,,,,,,,,,,,,,,,,,,,,,,,,,,,,,,,,,,,,,,,,,,,,,,,,,,,251.68667859991547,251.69995719997678,251.69995719997678,251.69995719997678,251.8839213999454,None,,,,,,,,,,,,,,,,,,,,,,,P8384,Bar_MIC,11,1,2026-04-09_15h27.42.794,MIC_task,,2026.1.2,60.0367665301919,2026-04-09 15h27.44.539502 +0200,
,,26,0,26,,,,,,,11,c18,zokni,sock,3,clothes,footwear,5.6,74,20,35,None,"(-0.1, -0.1)",None,,,,,,,,,,,,,,0,0,0,0,0,15,15,15,26,0,26,0,251.90023619995918,,,,,,,,,,,,,,,,,,,,,,,,,,,,,,,,,,,,,,,,,,,,,,,,,,,,,,,,,,,,,,,,,,,,,,,,,,,,,,,,,,,,,,,,,,,,251.88690569996834,251.90023619995918,251.90023619995918,251.90023619995918,252.08425789989997,None,,,,,,,,,,,,,,,,,,,,,,,P8384,Bar_MIC,11,1,2026-04-09_15h27.42.794,MIC_task,,2026.1.2,60.0367665301919,2026-04-09 15h27.44.539502 +0200,
,,27,0,27,,,,,,,11,c18,zokni,sock,3,clothes,footwear,5.6,74,20,35,None,"(-0.1, -0.1)",None,,,,,,,,,,,,,,0,0,0,0,0,15,15,15,27,0,27,0,252.10055049997754,,,,,,,,,,,,,,,,,,,,,,,,,,,,,,,,,,,,,,,,,,,,,,,,,,,,,,,,,,,,,,,,,,,,,,,,,,,,,,,,,,,,,,,,,,,,252.08767619996797,252.10055049997754,252.10055049997754,252.10055049997754,252.28468369995244,None,,,,,,,,,,,,,,,,,,,,,,,P8384,Bar_MIC,11,1,2026-04-09_15h27.42.794,MIC_task,,2026.1.2,60.0367665301919,2026-04-09 15h27.44.539502 +0200,
,,28,0,28,,,,,,,11,c18,zokni,sock,3,clothes,footwear,5.6,74,20,35,None,"(-0.1, -0.1)",None,,,,,,,,,,,,,,0,0,0,0,0,15,15,15,28,0,28,0,252.30018219992053,,,,,,,,,,,,,,,,,,,,,,,,,,,,,,,,,,,,,,,,,,,,,,,,,,,,,,,,,,,,,,,,,,,,,,,,,,,,,,,,,,,,,,,,,,,,252.2877677999204,252.30018219992053,252.30018219992053,252.30018219992053,252.4850799998967,None,,,,,,,,,,,,,,,,,,,,,,,P8384,Bar_MIC,11,1,2026-04-09_15h27.42.794,MIC_task,,2026.1.2,60.0367665301919,2026-04-09 15h27.44.539502 +0200,
,,29,0,29,,,,,,,11,c18,zokni,sock,3,clothes,footwear,5.6,74,20,35,None,"(-0.1, -0.1)",None,,,,,,,,,,,,,,0,0,0,0,0,15,15,15,29,0,29,0,252.5005502999993,,,,,,,,,,,,,,,,,,,,,,,,,,,,,,,,,,,,,,,,,,,,,,,,,,,,,,,,,,,,,,,,,,,,,,,,,,,,,,,,,,,,,,,,,,,,252.4882646999322,252.5005502999993,252.5005502999993,252.5005502999993,252.68543759989552,None,,,,,,,,,,,,,,,,,,,,,,,P8384,Bar_MIC,11,1,2026-04-09_15h27.42.794,MIC_task,,2026.1.2,60.0367665301919,2026-04-09 15h27.44.539502 +0200,
,,30,0,30,,,,,,,11,c18,zokni,sock,3,clothes,footwear,5.6,74,20,35,None,"(-0.1, -0.1)",None,,,,,,,,,,,,,,0,0,0,0,0,15,15,15,30,0,30,0,252.70095259998925,,,,,,,,,,,,,,,,,,,,,,,,,,,,,,,,,,,,,,,,,,,,,,,,,,,,,,,,,,,,,,,,,,,,,,,,,,,,,,,,,,,,,,,,,,,,252.68871899996884,252.70095259998925,252.70095259998925,252.70095259998925,252.8859536999371,None,,,,,,,,,,,,,,,,,,,,,,,P8384,Bar_MIC,11,1,2026-04-09_15h27.42.794,MIC_task,,2026.1.2,60.0367665301919,2026-04-09 15h27.44.539502 +0200,
,,31,0,31,,,,,,,11,c18,zokni,sock,3,clothes,footwear,5.6,74,20,35,None,"(-0.1, -0.1)",None,,,,,,,,,,,,,,0,0,0,0,0,15,15,15,31,0,31,0,252.90136929997243,,,,,,,,,,,,,,,,,,,,,,,,,,,,,,,,,,,,,,,,,,,,,,,,,,,,,,,,,,,,,,,,,,,,,,,,,,,,,,,,,,,,,,,,,,,,252.8888645999832,252.90136929997243,252.90136929997243,252.90136929997243,253.08507909998298,None,,,,,,,,,,,,,,,,,,,,,,,P8384,Bar_MIC,11,1,2026-04-09_15h27.42.794,MIC_task,,2026.1.2,60.0367665301919,2026-04-09 15h27.44.539502 +0200,
,,32,0,32,,,,,,,11,c18,zokni,sock,3,clothes,footwear,5.6,74,20,35,None,"(-0.1, -0.1)",None,,,,,,,,,,,,,,0,0,0,0,0,15,15,15,32,0,32,0,253.10166970000137,,,,,,,,,,,,,,,,,,,,,,,,,,,,,,,,,,,,,,,,,,,,,,,,,,,,,,,,,,,,,,,,,,,,,,,,,,,,,,,,,,,,,,,,,,,,253.08847580000293,253.10166970000137,253.10166970000137,253.10166970000137,253.28553539991844,None,,,,,,,,,,,,,,,,,,,,,,,P8384,Bar_MIC,11,1,2026-04-09_15h27.42.794,MIC_task,,2026.1.2,60.0367665301919,2026-04-09 15h27.44.539502 +0200,
,,33,0,33,,,,,,,11,c18,zokni,sock,3,clothes,footwear,5.6,74,20,35,None,"(-0.1, -0.1)",None,,,,,,,,,,,,,,0,0,0,0,0,15,15,15,33,0,33,0,253.30213819991332,,,,,,,,,,,,,,,,,,,,,,,,,,,,,,,,,,,,,,,,,,,,,,,,,,,,,,,,,,,,,,,,,,,,,,,,,,,,,,,,,,,,,,,,,,,,253.2884927999694,253.30213819991332,253.30213819991332,253.30213819991332,253.48588950000703,None,,,,,,,,,,,,,,,,,,,,,,,P8384,Bar_MIC,11,1,2026-04-09_15h27.42.794,MIC_task,,2026.1.2,60.0367665301919,2026-04-09 15h27.44.539502 +0200,
,,34,0,34,,,,,,,11,c18,zokni,sock,3,clothes,footwear,5.6,74,20,35,None,"(-0.1, -0.1)",None,,,,,,,,,,,,,,0,0,0,0,0,15,15,15,34,0,34,0,253.50256359996274,,,,,,,,,,,,,,,,,,,,,,,,,,,,,,,,,,,,,,,,,,,,,,,,,,,,,,,,,,,,,,,,,,,,,,,,,,,,,,,,,,,,,,,,,,,,253.48909289995208,253.50256359996274,253.50256359996274,253.50256359996274,253.68626279989257,None,,,,,,,,,,,,,,,,,,,,,,,P8384,Bar_MIC,11,1,2026-04-09_15h27.42.794,MIC_task,,2026.1.2,60.0367665301919,2026-04-09 15h27.44.539502 +0200,
,,35,0,35,,,,,,,11,c18,zokni,sock,3,clothes,footwear,5.6,74,20,35,None,"(-0.1, -0.1)",None,,,,,,,,,,,,,,0,0,0,0,0,15,15,15,35,0,35,0,253.70292559999507,,,,,,,,,,,,,,,,,,,,,,,,,,,,,,,,,,,,,,,,,,,,,,,,,,,,,,,,,,,,,,,,,,,,,,,,,,,,,,,,,,,,,,,,,,,,253.68960309994873,253.70292559999507,253.70292559999507,253.70292559999507,253.88700969994534,None,,,,,,,,,,,,,,,,,,,,,,,P8384,Bar_MIC,11,1,2026-04-09_15h27.42.794,MIC_task,,2026.1.2,60.0367665301919,2026-04-09 15h27.44.539502 +0200,
,,36,0,36,,,,,,,11,c18,zokni,sock,3,clothes,footwear,5.6,74,20,35,None,"(-0.1, -0.1)",None,,,,,,,,,,,,,,0,0,0,0,0,15,15,15,36,0,36,0,253.90326419996563,,,,,,,,,,,,,,,,,,,,,,,,,,,,,,,,,,,,,,,,,,,,,,,,,,,,,,,,,,,,,,,,,,,,,,,,,,,,,,,,,,,,,,,,,,,,253.88990949990693,253.90326419996563,253.90326419996563,253.90326419996563,254.08720509998966,None,,,,,,,,,,,,,,,,,,,,,,,P8384,Bar_MIC,11,1,2026-04-09_15h27.42.794,MIC_task,,2026.1.2,60.0367665301919,2026-04-09 15h27.44.539502 +0200,
,,37,0,37,,,,,,,11,c18,zokni,sock,3,clothes,footwear,5.6,74,20,35,None,"(-0.1, -0.1)",space,0.07591779995709658,None,,,,,,,,,,,,0,0,0,0,0,15,15,15,37,0,37,0,254.10358939995058,,,,,,,,,,,,,,,,,,,,,,,,,,,,,,,,,,,,,,,,,,,,,,,,,,,,,,,,,,,,,,,,,,,,,,,,,,,,,,,,,,,,,,,,,,,,254.09074449993204,254.10358939995058,254.10358939995058,254.10358939995058,254.18753039999865,space,0.07591779995709658,None,,,,,,,,,,,,,,,,,,,,,P8384,Bar_MIC,11,1,2026-04-09_15h27.42.794,MIC_task,,2026.1.2,60.0367665301919,2026-04-09 15h27.44.539502 +0200,
,,15,15,0,,,,space,0.5367023000726476,None,11,c18,zokni,sock,3,clothes,footwear,5.6,74,20,35,None,"(-0.1, -0.1)",,,,,,,,,,,,,,,0,0,0,0,0,15,15,15,,,,,,,,,,,,,,,,,,,,,,,,,,,,,,,,,,,,,,,,,,,,,,,,,,,,,,,,,,,,,,,,,,,,,,,,,,,,,,,,,254.24887989996932,254.25398959999438,254.2532879666115,256.18977609998547,,,,,,258.1938749999972,258.21068609994836,258.21068609994836,258.7622715999605,,,,,,,,,,,,256.21286979992874,256.21868829999585,256.22297573323203,258.1096966000041,258.19382960000075,space,0.5367023000726476,None,,,,,,,,,,,,,P8384,Bar_MIC,11,1,2026-04-09_15h27.42.794,MIC_task,,2026.1.2,60.0367665301919,2026-04-09 15h27.44.539502 +0200,
,,0,0,0,,,,,,,11,f08,sajt,cheese,4,food,dairy,7,10486,21,51,None,"(-0.1, 0)",None,,,,,,,,,,,,,,0,0,0,0,0,16,16,16,0,0,0,0,258.78667199995834,,,,,,,,,,,,,,,,,,,,,,,,,,,,,,,,,,,,,,,,,,,,,,,,,,,,,,,,,,,,,,,,,,,,,,,,,,,,,,,,,,,,,,,,,,,,258.7817329999525,258.78667199995834,258.78667199995834,258.78667199995834,258.9786195999477,None,,,,,,,,,,,,,,,,,,,,,,,P8384,Bar_MIC,11,1,2026-04-09_15h27.42.794,MIC_task,,2026.1.2,60.0367665301919,2026-04-09 15h27.44.539502 +0200,
,,0,0,0,,,,,,,11,f08,sajt,cheese,4,food,dairy,7,10486,21,51,None,"(-0.1, 0)",None,,,,,,,,,,,,,,0,0,0,0,0,16,16,16,0,0,0,0,258.9941226999508,,,,,,,,,,,,,,,,,,,,,,,,,,,,,,,,,,,,,,,,,,,,,,,,,,,,,,,,,,,,,,,,,,,,,,,,,,,,,,,,,,,,,,,,,,,,258.98194929992314,258.9941226999508,258.9941226999508,258.9941226999508,259.1790309000062,None,,,,,,,,,,,,,,,,,,,,,,,P8384,Bar_MIC,11,1,2026-04-09_15h27.42.794,MIC_task,,2026.1.2,60.0367665301919,2026-04-09 15h27.44.539502 +0200,
,,1,0,1,,,,,,,11,f08,sajt,cheese,4,food,dairy,7,10486,21,51,None,"(-0.1, 0)",None,,,,,,,,,,,,,,0,0,0,0,0,16,16,16,1,0,1,0,259.1944956999505,,,,,,,,,,,,,,,,,,,,,,,,,,,,,,,,,,,,,,,,,,,,,,,,,,,,,,,,,,,,,,,,,,,,,,,,,,,,,,,,,,,,,,,,,,,,259.1820948999375,259.1944956999505,259.1944956999505,259.1944956999505,259.37826189992484,None,,,,,,,,,,,,,,,,,,,,,,,P8384,Bar_MIC,11,1,2026-04-09_15h27.42.794,MIC_task,,2026.1.2,60.0367665301919,2026-04-09 15h27.44.539502 +0200,
,,2,0,2,,,,,,,11,f08,sajt,cheese,4,food,dairy,7,10486,21,51,None,"(-0.1, 0)",None,,,,,,,,,,,,,,0,0,0,0,0,16,16,16,2,0,2,0,259.3948778999038,,,,,,,,,,,,,,,,,,,,,,,,,,,,,,,,,,,,,,,,,,,,,,,,,,,,,,,,,,,,,,,,,,,,,,,,,,,,,,,,,,,,,,,,,,,,259.3815312999068,259.3948778999038,259.3948778999038,259.3948778999038,259.578714299947,None,,,,,,,,,,,,,,,,,,,,,,,P8384,Bar_MIC,11,1,2026-04-09_15h27.42.794,MIC_task,,2026.1.2,60.0367665301919,2026-04-09 15h27.44.539502 +0200,
,,3,0,3,,,,,,,11,f08,sajt,cheese,4,food,dairy,7,10486,21,51,None,"(-0.1, 0)",None,,,,,,,,,,,,,,0,0,0,0,0,16,16,16,3,0,3,0,259.5952890999615,,,,,,,,,,,,,,,,,,,,,,,,,,,,,,,,,,,,,,,,,,,,,,,,,,,,,,,,,,,,,,,,,,,,,,,,,,,,,,,,,,,,,,,,,,,,259.5819227999309,259.5952890999615,259.5952890999615,259.5952890999615,259.7792306999909,None,,,,,,,,,,,,,,,,,,,,,,,P8384,Bar_MIC,11,1,2026-04-09_15h27.42.794,MIC_task,,2026.1.2,60.0367665301919,2026-04-09 15h27.44.539502 +0200,
,,4,0,4,,,,,,,11,f08,sajt,cheese,4,food,dairy,7,10486,21,51,None,"(-0.1, 0)",None,,,,,,,,,,,,,,0,0,0,0,0,16,16,16,4,0,4,0,259.7955955999205,,,,,,,,,,,,,,,,,,,,,,,,,,,,,,,,,,,,,,,,,,,,,,,,,,,,,,,,,,,,,,,,,,,,,,,,,,,,,,,,,,,,,,,,,,,,259.7824633999262,259.7955955999205,259.7955955999205,259.7955955999205,259.96275129995774,None,,,,,,,,,,,,,,,,,,,,,,,P8384,Bar_MIC,11,1,2026-04-09_15h27.42.794,MIC_task,,2026.1.2,60.0367665301919,2026-04-09 15h27.44.539502 +0200,
,,5,0,5,,,,,,,11,f08,sajt,cheese,4,food,dairy,7,10486,21,51,None,"(-0.1, 0)",None,,,,,,,,,,,,,,0,0,0,0,0,16,16,16,5,0,5,0,259.9792192999739,,,,,,,,,,,,,,,,,,,,,,,,,,,,,,,,,,,,,,,,,,,,,,,,,,,,,,,,,,,,,,,,,,,,,,,,,,,,,,,,,,,,,,,,,,,,259.9662059999537,259.9792192999739,259.9792192999739,259.9792192999739,260.16317229997367,None,,,,,,,,,,,,,,,,,,,,,,,P8384,Bar_MIC,11,1,2026-04-09_15h27.42.794,MIC_task,,2026.1.2,60.0367665301919,2026-04-09 15h27.44.539502 +0200,
,,6,0,6,,,,,,,11,f08,sajt,cheese,4,food,dairy,7,10486,21,51,None,"(-0.1, 0)",None,,,,,,,,,,,,,,0,0,0,0,0,16,16,16,6,0,6,0,260.1795862999279,,,,,,,,,,,,,,,,,,,,,,,,,,,,,,,,,,,,,,,,,,,,,,,,,,,,,,,,,,,,,,,,,,,,,,,,,,,,,,,,,,,,,,,,,,,,260.16635099996347,260.1795862999279,260.1795862999279,260.1795862999279,260.3636066999752,None,,,,,,,,,,,,,,,,,,,,,,,P8384,Bar_MIC,11,1,2026-04-09_15h27.42.794,MIC_task,,2026.1.2,60.0367665301919,2026-04-09 15h27.44.539502 +0200,
,,7,0,7,,,,,,,11,f08,sajt,cheese,4,food,dairy,7,10486,21,51,None,"(-0.1, 0)",None,,,,,,,,,,,,,,0,0,0,0,0,16,16,16,7,0,7,0,260.37983190000523,,,,,,,,,,,,,,,,,,,,,,,,,,,,,,,,,,,,,,,,,,,,,,,,,,,,,,,,,,,,,,,,,,,,,,,,,,,,,,,,,,,,,,,,,,,,260.3669304999057,260.37983190000523,260.37983190000523,260.37983190000523,260.5638998999493,None,,,,,,,,,,,,,,,,,,,,,,,P8384,Bar_MIC,11,1,2026-04-09_15h27.42.794,MIC_task,,2026.1.2,60.0367665301919,2026-04-09 15h27.44.539502 +0200,
,,8,0,8,,,,,,,11,f08,sajt,cheese,4,food,dairy,7,10486,21,51,None,"(-0.1, 0)",None,,,,,,,,,,,,,,0,0,0,0,0,16,16,16,8,0,8,0,260.5802749999566,,,,,,,,,,,,,,,,,,,,,,,,,,,,,,,,,,,,,,,,,,,,,,,,,,,,,,,,,,,,,,,,,,,,,,,,,,,,,,,,,,,,,,,,,,,,260.5670212999685,260.5802749999566,260.5802749999566,260.5802749999566,260.7644202999072,None,,,,,,,,,,,,,,,,,,,,,,,P8384,Bar_MIC,11,1,2026-04-09_15h27.42.794,MIC_task,,2026.1.2,60.0367665301919,2026-04-09 15h27.44.539502 +0200,
,,9,0,9,,,,,,,11,f08,sajt,cheese,4,food,dairy,7,10486,21,51,None,"(-0.1, 0)",None,,,,,,,,,,,,,,0,0,0,0,0,16,16,16,9,0,9,0,260.7798880999908,,,,,,,,,,,,,,,,,,,,,,,,,,,,,,,,,,,,,,,,,,,,,,,,,,,,,,,,,,,,,,,,,,,,,,,,,,,,,,,,,,,,,,,,,,,,260.76784159999806,260.7798880999908,260.7798880999908,260.7798880999908,260.9648439999437,None,,,,,,,,,,,,,,,,,,,,,,,P8384,Bar_MIC,11,1,2026-04-09_15h27.42.794,MIC_task,,2026.1.2,60.0367665301919,2026-04-09 15h27.44.539502 +0200,
,,10,0,10,,,,,,,11,f08,sajt,cheese,4,food,dairy,7,10486,21,51,None,"(-0.1, 0)",None,,,,,,,,,,,,,,0,0,0,0,0,16,16,16,10,0,10,0,260.98029039998073,,,,,,,,,,,,,,,,,,,,,,,,,,,,,,,,,,,,,,,,,,,,,,,,,,,,,,,,,,,,,,,,,,,,,,,,,,,,,,,,,,,,,,,,,,,,260.96805259992834,260.98029039998073,260.98029039998073,260.98029039998073,261.16526409995276,None,,,,,,,,,,,,,,,,,,,,,,,P8384,Bar_MIC,11,1,2026-04-09_15h27.42.794,MIC_task,,2026.1.2,60.0367665301919,2026-04-09 15h27.44.539502 +0200,
,,11,0,11,,,,,,,11,f08,sajt,cheese,4,food,dairy,7,10486,21,51,None,"(-0.1, 0)",None,,,,,,,,,,,,,,0,0,0,0,0,16,16,16,11,0,11,0,261.18065319990274,,,,,,,,,,,,,,,,,,,,,,,,,,,,,,,,,,,,,,,,,,,,,,,,,,,,,,,,,,,,,,,,,,,,,,,,,,,,,,,,,,,,,,,,,,,,261.1682331999764,261.18065319990274,261.18065319990274,261.18065319990274,261.36557419993915,None,,,,,,,,,,,,,,,,,,,,,,,P8384,Bar_MIC,11,1,2026-04-09_15h27.42.794,MIC_task,,2026.1.2,60.0367665301919,2026-04-09 15h27.44.539502 +0200,
,,12,0,12,,,,,,,11,f08,sajt,cheese,4,food,dairy,7,10486,21,51,None,"(-0.1, 0)",None,,,,,,,,,,,,,,0,0,0,0,0,16,16,16,12,0,12,0,261.3810367999831,,,,,,,,,,,,,,,,,,,,,,,,,,,,,,,,,,,,,,,,,,,,,,,,,,,,,,,,,,,,,,,,,,,,,,,,,,,,,,,,,,,,,,,,,,,,261.3689402999589,261.3810367999831,261.3810367999831,261.3810367999831,261.56605599995237,None,,,,,,,,,,,,,,,,,,,,,,,P8384,Bar_MIC,11,1,2026-04-09_15h27.42.794,MIC_task,,2026.1.2,60.0367665301919,2026-04-09 15h27.44.539502 +0200,
,,13,0,13,,,,,,,11,f08,sajt,cheese,4,food,dairy,7,10486,21,51,None,"(-0.1, 0)",None,,,,,,,,,,,,,,0,0,0,0,0,16,16,16,13,0,13,0,261.5814105999889,,,,,,,,,,,,,,,,,,,,,,,,,,,,,,,,,,,,,,,,,,,,,,,,,,,,,,,,,,,,,,,,,,,,,,,,,,,,,,,,,,,,,,,,,,,,261.5695644998923,261.5814105999889,261.5814105999889,261.5814105999889,261.76515469991136,None,,,,,,,,,,,,,,,,,,,,,,,P8384,Bar_MIC,11,1,2026-04-09_15h27.42.794,MIC_task,,2026.1.2,60.0367665301919,2026-04-09 15h27.44.539502 +0200,
,,14,0,14,,,,,,,11,f08,sajt,cheese,4,food,dairy,7,10486,21,51,None,"(-0.1, 0)",None,,,,,,,,,,,,,,0,0,0,0,0,16,16,16,14,0,14,0,261.7817966999719,,,,,,,,,,,,,,,,,,,,,,,,,,,,,,,,,,,,,,,,,,,,,,,,,,,,,,,,,,,,,,,,,,,,,,,,,,,,,,,,,,,,,,,,,,,,261.76840830000583,261.7817966999719,261.7817966999719,261.7817966999719,261.9656796999043,None,,,,,,,,,,,,,,,,,,,,,,,P8384,Bar_MIC,11,1,2026-04-09_15h27.42.794,MIC_task,,2026.1.2,60.0367665301919,2026-04-09 15h27.44.539502 +0200,
,,15,0,15,,,,,,,11,f08,sajt,cheese,4,food,dairy,7,10486,21,51,None,"(-0.1, 0)",space,0.07896830001845956,None,,,,,,,,,,,,0,0,0,0,0,16,16,16,15,0,15,0,261.98226029996295,,,,,,,,,,,,,,,,,,,,,,,,,,,,,,,,,,,,,,,,,,,,,,,,,,,,,,,,,,,,,,,,,,,,,,,,,,,,,,,,,,,,,,,,,,,,261.96922229998745,261.98226029996295,261.98226029996295,261.98226029996295,262.06723329995293,space,0.07896830001845956,None,,,,,,,,,,,,,,,,,,,,,P8384,Bar_MIC,11,1,2026-04-09_15h27.42.794,MIC_task,,2026.1.2,60.0367665301919,2026-04-09 15h27.44.539502 +0200,
,,16,16,0,,,,space,0.6104555999627337,None,11,f08,sajt,cheese,4,food,dairy,7,10486,21,51,None,"(-0.1, 0)",,,,,,,,,,,,,,,0,0,0,0,0,16,16,16,,,,,,,,,,,,,,,,,,,,,,,,,,,,,,,,,,,,,,,,,,,,,,,,,,,,,,,,,,,,,,,,,,,,,,,,,,,,,,,,,262.1308984999778,262.1383434999734,262.13305866661636,264.0692997999722,,,,,,266.072345099994,266.0892323999433,266.0892323999433,266.70663889998104,,,,,,,,,,,,264.0930647999048,264.09849359991495,264.10251323332386,265.9881577999331,266.0723053999245,space,0.6104555999627337,None,,,,,,,,,,,,,P8384,Bar_MIC,11,1,2026-04-09_15h27.42.794,MIC_task,,2026.1.2,60.0367665301919,2026-04-09 15h27.44.539502 +0200,
,,0,0,0,,,,,,,11,v07,hajó,ship,10,vehicles,watercraft,7,None,None,46,21,"(0, -0.1)",None,,,,,,,,,,,,,,0,0,0,0,0,17,17,17,0,0,0,0,266.73249959992245,,,,,,,,,,,,,,,,,,,,,,,,,,,,,,,,,,,,,,,,,,,,,,,,,,,,,,,,,,,,,,,,,,,,,,,,,,,,,,,,,,,,,,,,,,,,266.7264829999767,266.73249959992245,266.73249959992245,266.73249959992245,266.9075146999676,None,,,,,,,,,,,,,,,,,,,,,,,P8384,Bar_MIC,11,1,2026-04-09_15h27.42.794,MIC_task,,2026.1.2,60.0367665301919,2026-04-09 15h27.44.539502 +0200,
,,0,0,0,,,,,,,11,v07,hajó,ship,10,vehicles,watercraft,7,None,None,46,21,"(0, -0.1)",None,,,,,,,,,,,,,,0,0,0,0,0,17,17,17,0,0,0,0,266.9229309000075,,,,,,,,,,,,,,,,,,,,,,,,,,,,,,,,,,,,,,,,,,,,,,,,,,,,,,,,,,,,,,,,,,,,,,,,,,,,,,,,,,,,,,,,,,,,266.9107994999504,266.9229309000075,266.9229309000075,266.9229309000075,267.10683879989665,None,,,,,,,,,,,,,,,,,,,,,,,P8384,Bar_MIC,11,1,2026-04-09_15h27.42.794,MIC_task,,2026.1.2,60.0367665301919,2026-04-09 15h27.44.539502 +0200,
,,1,0,1,,,,,,,11,v07,hajó,ship,10,vehicles,watercraft,7,None,None,46,21,"(0, -0.1)",None,,,,,,,,,,,,,,0,0,0,0,0,17,17,17,1,0,1,0,267.12341389991343,,,,,,,,,,,,,,,,,,,,,,,,,,,,,,,,,,,,,,,,,,,,,,,,,,,,,,,,,,,,,,,,,,,,,,,,,,,,,,,,,,,,,,,,,,,,267.11006619990803,267.12341389991343,267.12341389991343,267.12341389991343,267.30718329991214,None,,,,,,,,,,,,,,,,,,,,,,,P8384,Bar_MIC,11,1,2026-04-09_15h27.42.794,MIC_task,,2026.1.2,60.0367665301919,2026-04-09 15h27.44.539502 +0200,
,,2,0,2,,,,,,,11,v07,hajó,ship,10,vehicles,watercraft,7,None,None,46,21,"(0, -0.1)",None,,,,,,,,,,,,,,0,0,0,0,0,17,17,17,2,0,2,0,267.3237444999395,,,,,,,,,,,,,,,,,,,,,,,,,,,,,,,,,,,,,,,,,,,,,,,,,,,,,,,,,,,,,,,,,,,,,,,,,,,,,,,,,,,,,,,,,,,,267.31026709999423,267.3237444999395,267.3237444999395,267.3237444999395,267.5076491999207,None,,,,,,,,,,,,,,,,,,,,,,,P8384,Bar_MIC,11,1,2026-04-09_15h27.42.794,MIC_task,,2026.1.2,60.0367665301919,2026-04-09 15h27.44.539502 +0200,
,,3,0,3,,,,,,,11,v07,hajó,ship,10,vehicles,watercraft,7,None,None,46,21,"(0, -0.1)",None,,,,,,,,,,,,,,0,0,0,0,0,17,17,17,3,0,3,0,267.52407689997926,,,,,,,,,,,,,,,,,,,,,,,,,,,,,,,,,,,,,,,,,,,,,,,,,,,,,,,,,,,,,,,,,,,,,,,,,,,,,,,,,,,,,,,,,,,,267.5109055999201,267.52407689997926,267.52407689997926,267.52407689997926,267.70804299996234,None,,,,,,,,,,,,,,,,,,,,,,,P8384,Bar_MIC,11,1,2026-04-09_15h27.42.794,MIC_task,,2026.1.2,60.0367665301919,2026-04-09 15h27.44.539502 +0200,
,,4,0,4,,,,,,,11,v07,hajó,ship,10,vehicles,watercraft,7,None,None,46,21,"(0, -0.1)",None,,,,,,,,,,,,,,0,0,0,0,0,17,17,17,4,0,4,0,267.72439419990405,,,,,,,,,,,,,,,,,,,,,,,,,,,,,,,,,,,,,,,,,,,,,,,,,,,,,,,,,,,,,,,,,,,,,,,,,,,,,,,,,,,,,,,,,,,,267.7112647999311,267.72439419990405,267.72439419990405,267.72439419990405,267.90847209992353,None,,,,,,,,,,,,,,,,,,,,,,,P8384,Bar_MIC,11,1,2026-04-09_15h27.42.794,MIC_task,,2026.1.2,60.0367665301919,2026-04-09 15h27.44.539502 +0200,
,,5,0,5,,,,,,,11,v07,hajó,ship,10,vehicles,watercraft,7,None,None,46,21,"(0, -0.1)",None,,,,,,,,,,,,,,0,0,0,0,0,17,17,17,5,0,5,0,267.9248450999148,,,,,,,,,,,,,,,,,,,,,,,,,,,,,,,,,,,,,,,,,,,,,,,,,,,,,,,,,,,,,,,,,,,,,,,,,,,,,,,,,,,,,,,,,,,,267.9119807999814,267.9248450999148,267.9248450999148,267.9248450999148,268.108972899965,None,,,,,,,,,,,,,,,,,,,,,,,P8384,Bar_MIC,11,1,2026-04-09_15h27.42.794,MIC_task,,2026.1.2,60.0367665301919,2026-04-09 15h27.44.539502 +0200,
,,6,0,6,,,,,,,11,v07,hajó,ship,10,vehicles,watercraft,7,None,None,46,21,"(0, -0.1)",None,,,,,,,,,,,,,,0,0,0,0,0,17,17,17,6,0,6,0,268.1251611999469,,,,,,,,,,,,,,,,,,,,,,,,,,,,,,,,,,,,,,,,,,,,,,,,,,,,,,,,,,,,,,,,,,,,,,,,,,,,,,,,,,,,,,,,,,,,268.11245339992456,268.1251611999469,268.1251611999469,268.1251611999469,268.30925209994894,None,,,,,,,,,,,,,,,,,,,,,,,P8384,Bar_MIC,11,1,2026-04-09_15h27.42.794,MIC_task,,2026.1.2,60.0367665301919,2026-04-09 15h27.44.539502 +0200,
,,7,0,7,,,,,,,11,v07,hajó,ship,10,vehicles,watercraft,7,None,None,46,21,"(0, -0.1)",None,,,,,,,,,,,,,,0,0,0,0,0,17,17,17,7,0,7,0,268.3255663999589,,,,,,,,,,,,,,,,,,,,,,,,,,,,,,,,,,,,,,,,,,,,,,,,,,,,,,,,,,,,,,,,,,,,,,,,,,,,,,,,,,,,,,,,,,,,268.3124267999083,268.3255663999589,268.3255663999589,268.3255663999589,268.50971759995446,None,,,,,,,,,,,,,,,,,,,,,,,P8384,Bar_MIC,11,1,2026-04-09_15h27.42.794,MIC_task,,2026.1.2,60.0367665301919,2026-04-09 15h27.44.539502 +0200,
,,8,0,8,,,,,,,11,v07,hajó,ship,10,vehicles,watercraft,7,None,None,46,21,"(0, -0.1)",None,,,,,,,,,,,,,,0,0,0,0,0,17,17,17,8,0,8,0,268.5252317999257,,,,,,,,,,,,,,,,,,,,,,,,,,,,,,,,,,,,,,,,,,,,,,,,,,,,,,,,,,,,,,,,,,,,,,,,,,,,,,,,,,,,,,,,,,,,268.5127913999604,268.5252317999257,268.5252317999257,268.5252317999257,268.7100738999434,None,,,,,,,,,,,,,,,,,,,,,,,P8384,Bar_MIC,11,1,2026-04-09_15h27.42.794,MIC_task,,2026.1.2,60.0367665301919,2026-04-09 15h27.44.539502 +0200,
,,9,0,9,,,,,,,11,v07,hajó,ship,10,vehicles,watercraft,7,None,None,46,21,"(0, -0.1)",None,,,,,,,,,,,,,,0,0,0,0,0,17,17,17,9,0,9,0,268.7255360999843,,,,,,,,,,,,,,,,,,,,,,,,,,,,,,,,,,,,,,,,,,,,,,,,,,,,,,,,,,,,,,,,,,,,,,,,,,,,,,,,,,,,,,,,,,,,268.7133898999309,268.7255360999843,268.7255360999843,268.7255360999843,268.90930929989554,None,,,,,,,,,,,,,,,,,,,,,,,P8384,Bar_MIC,11,1,2026-04-09_15h27.42.794,MIC_task,,2026.1.2,60.0367665301919,2026-04-09 15h27.44.539502 +0200,
,,10,0,10,,,,,,,11,v07,hajó,ship,10,vehicles,watercraft,7,None,None,46,21,"(0, -0.1)",None,,,,,,,,,,,,,,0,0,0,0,0,17,17,17,10,0,10,0,268.92598419997375,,,,,,,,,,,,,,,,,,,,,,,,,,,,,,,,,,,,,,,,,,,,,,,,,,,,,,,,,,,,,,,,,,,,,,,,,,,,,,,,,,,,,,,,,,,,268.91282589989714,268.92598419997375,268.92598419997375,268.92598419997375,269.1097174999304,None,,,,,,,,,,,,,,,,,,,,,,,P8384,Bar_MIC,11,1,2026-04-09_15h27.42.794,MIC_task,,2026.1.2,60.0367665301919,2026-04-09 15h27.44.539502 +0200,
,,11,0,11,,,,,,,11,v07,hajó,ship,10,vehicles,watercraft,7,None,None,46,21,"(0, -0.1)",None,,,,,,,,,,,,,,0,0,0,0,0,17,17,17,11,0,11,0,269.12633539992385,,,,,,,,,,,,,,,,,,,,,,,,,,,,,,,,,,,,,,,,,,,,,,,,,,,,,,,,,,,,,,,,,,,,,,,,,,,,,,,,,,,,,,,,,,,,269.1132648999337,269.12633539992385,269.12633539992385,269.12633539992385,269.3102609999478,None,,,,,,,,,,,,,,,,,,,,,,,P8384,Bar_MIC,11,1,2026-04-09_15h27.42.794,MIC_task,,2026.1.2,60.0367665301919,2026-04-09 15h27.44.539502 +0200,
,,12,0,12,,,,,,,11,v07,hajó,ship,10,vehicles,watercraft,7,None,None,46,21,"(0, -0.1)",None,,,,,,,,,,,,,,0,0,0,0,0,17,17,17,12,0,12,0,269.326760499971,,,,,,,,,,,,,,,,,,,,,,,,,,,,,,,,,,,,,,,,,,,,,,,,,,,,,,,,,,,,,,,,,,,,,,,,,,,,,,,,,,,,,,,,,,,,269.3137441999279,269.326760499971,269.326760499971,269.326760499971,269.5104874999961,None,,,,,,,,,,,,,,,,,,,,,,,P8384,Bar_MIC,11,1,2026-04-09_15h27.42.794,MIC_task,,2026.1.2,60.0367665301919,2026-04-09 15h27.44.539502 +0200,
,,13,0,13,,,,,,,11,v07,hajó,ship,10,vehicles,watercraft,7,None,None,46,21,"(0, -0.1)",None,,,,,,,,,,,,,,0,0,0,0,0,17,17,17,13,0,13,0,269.52708129992243,,,,,,,,,,,,,,,,,,,,,,,,,,,,,,,,,,,,,,,,,,,,,,,,,,,,,,,,,,,,,,,,,,,,,,,,,,,,,,,,,,,,,,,,,,,,269.51404609996825,269.52708129992243,269.52708129992243,269.52708129992243,269.7112406999804,None,,,,,,,,,,,,,,,,,,,,,,,P8384,Bar_MIC,11,1,2026-04-09_15h27.42.794,MIC_task,,2026.1.2,60.0367665301919,2026-04-09 15h27.44.539502 +0200,
,,14,0,14,,,,,,,11,v07,hajó,ship,10,vehicles,watercraft,7,None,None,46,21,"(0, -0.1)",None,,,,,,,,,,,,,,0,0,0,0,0,17,17,17,14,0,14,0,269.7274531999137,,,,,,,,,,,,,,,,,,,,,,,,,,,,,,,,,,,,,,,,,,,,,,,,,,,,,,,,,,,,,,,,,,,,,,,,,,,,,,,,,,,,,,,,,,,,269.71440820000134,269.7274531999137,269.7274531999137,269.7274531999137,269.911612899974,None,,,,,,,,,,,,,,,,,,,,,,,P8384,Bar_MIC,11,1,2026-04-09_15h27.42.794,MIC_task,,2026.1.2,60.0367665301919,2026-04-09 15h27.44.539502 +0200,
,,15,0,15,,,,,,,11,v07,hajó,ship,10,vehicles,watercraft,7,None,None,46,21,"(0, -0.1)",None,,,,,,,,,,,,,,0,0,0,0,0,17,17,17,15,0,15,0,269.9278915999457,,,,,,,,,,,,,,,,,,,,,,,,,,,,,,,,,,,,,,,,,,,,,,,,,,,,,,,,,,,,,,,,,,,,,,,,,,,,,,,,,,,,,,,,,,,,269.9151806998998,269.9278915999457,269.9278915999457,269.9278915999457,270.11198489996605,None,,,,,,,,,,,,,,,,,,,,,,,P8384,Bar_MIC,11,1,2026-04-09_15h27.42.794,MIC_task,,2026.1.2,60.0367665301919,2026-04-09 15h27.44.539502 +0200,
,,16,0,16,,,,,,,11,v07,hajó,ship,10,vehicles,watercraft,7,None,None,46,21,"(0, -0.1)",None,,,,,,,,,,,,,,0,0,0,0,0,17,17,17,16,0,16,0,270.1280772999162,,,,,,,,,,,,,,,,,,,,,,,,,,,,,,,,,,,,,,,,,,,,,,,,,,,,,,,,,,,,,,,,,,,,,,,,,,,,,,,,,,,,,,,,,,,,270.1150013000006,270.1280772999162,270.1280772999162,270.1280772999162,270.3122649999568,None,,,,,,,,,,,,,,,,,,,,,,,P8384,Bar_MIC,11,1,2026-04-09_15h27.42.794,MIC_task,,2026.1.2,60.0367665301919,2026-04-09 15h27.44.539502 +0200,
,,17,0,17,,,,,,,11,v07,hajó,ship,10,vehicles,watercraft,7,None,None,46,21,"(0, -0.1)",None,,,,,,,,,,,,,,0,0,0,0,0,17,17,17,17,0,17,0,270.3277587000048,,,,,,,,,,,,,,,,,,,,,,,,,,,,,,,,,,,,,,,,,,,,,,,,,,,,,,,,,,,,,,,,,,,,,,,,,,,,,,,,,,,,,,,,,,,,270.31569640000816,270.3277587000048,270.3277587000048,270.3277587000048,270.512279599905,None,,,,,,,,,,,,,,,,,,,,,,,P8384,Bar_MIC,11,1,2026-04-09_15h27.42.794,MIC_task,,2026.1.2,60.0367665301919,2026-04-09 15h27.44.539502 +0200,
,,18,0,18,,,,,,,11,v07,hajó,ship,10,vehicles,watercraft,7,None,None,46,21,"(0, -0.1)",None,,,,,,,,,,,,,,0,0,0,0,0,17,17,17,18,0,18,0,270.52814869990107,,,,,,,,,,,,,,,,,,,,,,,,,,,,,,,,,,,,,,,,,,,,,,,,,,,,,,,,,,,,,,,,,,,,,,,,,,,,,,,,,,,,,,,,,,,,270.51541549991816,270.52814869990107,270.52814869990107,270.52814869990107,270.7130921999924,None,,,,,,,,,,,,,,,,,,,,,,,P8384,Bar_MIC,11,1,2026-04-09_15h27.42.794,MIC_task,,2026.1.2,60.0367665301919,2026-04-09 15h27.44.539502 +0200,
,,19,0,19,,,,,,,11,v07,hajó,ship,10,vehicles,watercraft,7,None,None,46,21,"(0, -0.1)",None,,,,,,,,,,,,,,0,0,0,0,0,17,17,17,19,0,19,0,270.7293515999336,,,,,,,,,,,,,,,,,,,,,,,,,,,,,,,,,,,,,,,,,,,,,,,,,,,,,,,,,,,,,,,,,,,,,,,,,,,,,,,,,,,,,,,,,,,,270.71622979990207,270.7293515999336,270.7293515999336,270.7293515999336,270.9134214000078,None,,,,,,,,,,,,,,,,,,,,,,,P8384,Bar_MIC,11,1,2026-04-09_15h27.42.794,MIC_task,,2026.1.2,60.0367665301919,2026-04-09 15h27.44.539502 +0200,
,,20,0,20,,,,,,,11,v07,hajó,ship,10,vehicles,watercraft,7,None,None,46,21,"(0, -0.1)",None,,,,,,,,,,,,,,0,0,0,0,0,17,17,17,20,0,20,0,270.9288515999215,,,,,,,,,,,,,,,,,,,,,,,,,,,,,,,,,,,,,,,,,,,,,,,,,,,,,,,,,,,,,,,,,,,,,,,,,,,,,,,,,,,,,,,,,,,,270.9168333999114,270.9288515999215,270.9288515999215,270.9288515999215,271.1139156999998,None,,,,,,,,,,,,,,,,,,,,,,,P8384,Bar_MIC,11,1,2026-04-09_15h27.42.794,MIC_task,,2026.1.2,60.0367665301919,2026-04-09 15h27.44.539502 +0200,
,,21,0,21,,,,,,,11,v07,hajó,ship,10,vehicles,watercraft,7,None,None,46,21,"(0, -0.1)",None,,,,,,,,,,,,,,0,0,0,0,0,17,17,17,21,0,21,0,271.12925169989467,,,,,,,,,,,,,,,,,,,,,,,,,,,,,,,,,,,,,,,,,,,,,,,,,,,,,,,,,,,,,,,,,,,,,,,,,,,,,,,,,,,,,,,,,,,,271.11702929995954,271.12925169989467,271.12925169989467,271.12925169989467,271.31317049998324,None,,,,,,,,,,,,,,,,,,,,,,,P8384,Bar_MIC,11,1,2026-04-09_15h27.42.794,MIC_task,,2026.1.2,60.0367665301919,2026-04-09 15h27.44.539502 +0200,
,,22,0,22,,,,,,,11,v07,hajó,ship,10,vehicles,watercraft,7,None,None,46,21,"(0, -0.1)",None,,,,,,,,,,,,,,0,0,0,0,0,17,17,17,22,0,22,0,271.3296456999378,,,,,,,,,,,,,,,,,,,,,,,,,,,,,,,,,,,,,,,,,,,,,,,,,,,,,,,,,,,,,,,,,,,,,,,,,,,,,,,,,,,,,,,,,,,,271.3160812999122,271.3296456999378,271.3296456999378,271.3296456999378,271.5134477999527,None,,,,,,,,,,,,,,,,,,,,,,,P8384,Bar_MIC,11,1,2026-04-09_15h27.42.794,MIC_task,,2026.1.2,60.0367665301919,2026-04-09 15h27.44.539502 +0200,
,,23,0,23,,,,,,,11,v07,hajó,ship,10,vehicles,watercraft,7,None,None,46,21,"(0, -0.1)",None,,,,,,,,,,,,,,0,0,0,0,0,17,17,17,23,0,23,0,271.530056299991,,,,,,,,,,,,,,,,,,,,,,,,,,,,,,,,,,,,,,,,,,,,,,,,,,,,,,,,,,,,,,,,,,,,,,,,,,,,,,,,,,,,,,,,,,,,271.51658579998184,271.530056299991,271.530056299991,271.530056299991,271.7139171999879,None,,,,,,,,,,,,,,,,,,,,,,,P8384,Bar_MIC,11,1,2026-04-09_15h27.42.794,MIC_task,,2026.1.2,60.0367665301919,2026-04-09 15h27.44.539502 +0200,
,,24,0,24,,,,,,,11,v07,hajó,ship,10,vehicles,watercraft,7,None,None,46,21,"(0, -0.1)",None,,,,,,,,,,,,,,0,0,0,0,0,17,17,17,24,0,24,0,271.73047939990647,,,,,,,,,,,,,,,,,,,,,,,,,,,,,,,,,,,,,,,,,,,,,,,,,,,,,,,,,,,,,,,,,,,,,,,,,,,,,,,,,,,,,,,,,,,,271.7171779999044,271.73047939990647,271.73047939990647,271.73047939990647,271.91449569992255,None,,,,,,,,,,,,,,,,,,,,,,,P8384,Bar_MIC,11,1,2026-04-09_15h27.42.794,MIC_task,,2026.1.2,60.0367665301919,2026-04-09 15h27.44.539502 +0200,
,,25,0,25,,,,,,,11,v07,hajó,ship,10,vehicles,watercraft,7,None,None,46,21,"(0, -0.1)",None,,,,,,,,,,,,,,0,0,0,0,0,17,17,17,25,0,25,0,271.93080400000326,,,,,,,,,,,,,,,,,,,,,,,,,,,,,,,,,,,,,,,,,,,,,,,,,,,,,,,,,,,,,,,,,,,,,,,,,,,,,,,,,,,,,,,,,,,,271.9178162999451,271.93080400000326,271.93080400000326,271.93080400000326,272.11475479998626,None,,,,,,,,,,,,,,,,,,,,,,,P8384,Bar_MIC,11,1,2026-04-09_15h27.42.794,MIC_task,,2026.1.2,60.0367665301919,2026-04-09 15h27.44.539502 +0200,
,,26,0,26,,,,,,,11,v07,hajó,ship,10,vehicles,watercraft,7,None,None,46,21,"(0, -0.1)",None,,,,,,,,,,,,,,0,0,0,0,0,17,17,17,26,0,26,0,272.1311871999642,,,,,,,,,,,,,,,,,,,,,,,,,,,,,,,,,,,,,,,,,,,,,,,,,,,,,,,,,,,,,,,,,,,,,,,,,,,,,,,,,,,,,,,,,,,,272.1183094999287,272.1311871999642,272.1311871999642,272.1311871999642,272.31520199996885,None,,,,,,,,,,,,,,,,,,,,,,,P8384,Bar_MIC,11,1,2026-04-09_15h27.42.794,MIC_task,,2026.1.2,60.0367665301919,2026-04-09 15h27.44.539502 +0200,
,,27,0,27,,,,,,,11,v07,hajó,ship,10,vehicles,watercraft,7,None,None,46,21,"(0, -0.1)",None,,,,,,,,,,,,,,0,0,0,0,0,17,17,17,27,0,27,0,272.33142830000725,,,,,,,,,,,,,,,,,,,,,,,,,,,,,,,,,,,,,,,,,,,,,,,,,,,,,,,,,,,,,,,,,,,,,,,,,,,,,,,,,,,,,,,,,,,,272.31827519997023,272.33142830000725,272.33142830000725,272.33142830000725,272.51563419995364,None,,,,,,,,,,,,,,,,,,,,,,,P8384,Bar_MIC,11,1,2026-04-09_15h27.42.794,MIC_task,,2026.1.2,60.0367665301919,2026-04-09 15h27.44.539502 +0200,
,,28,0,28,,,,,,,11,v07,hajó,ship,10,vehicles,watercraft,7,None,None,46,21,"(0, -0.1)",None,,,,,,,,,,,,,,0,0,0,0,0,17,17,17,28,0,28,0,272.5318628998939,,,,,,,,,,,,,,,,,,,,,,,,,,,,,,,,,,,,,,,,,,,,,,,,,,,,,,,,,,,,,,,,,,,,,,,,,,,,,,,,,,,,,,,,,,,,272.51867259992287,272.5318628998939,272.5318628998939,272.5318628998939,272.7162738000043,None,,,,,,,,,,,,,,,,,,,,,,,P8384,Bar_MIC,11,1,2026-04-09_15h27.42.794,MIC_task,,2026.1.2,60.0367665301919,2026-04-09 15h27.44.539502 +0200,
,,29,0,29,,,,,,,11,v07,hajó,ship,10,vehicles,watercraft,7,None,None,46,21,"(0, -0.1)",None,,,,,,,,,,,,,,0,0,0,0,0,17,17,17,29,0,29,0,272.73221599997487,,,,,,,,,,,,,,,,,,,,,,,,,,,,,,,,,,,,,,,,,,,,,,,,,,,,,,,,,,,,,,,,,,,,,,,,,,,,,,,,,,,,,,,,,,,,272.7199646999361,272.73221599997487,272.73221599997487,272.73221599997487,272.9164344999008,None,,,,,,,,,,,,,,,,,,,,,,,P8384,Bar_MIC,11,1,2026-04-09_15h27.42.794,MIC_task,,2026.1.2,60.0367665301919,2026-04-09 15h27.44.539502 +0200,
,,30,0,30,,,,,,,11,v07,hajó,ship,10,vehicles,watercraft,7,None,None,46,21,"(0, -0.1)",None,,,,,,,,,,,,,,0,0,0,0,0,17,17,17,30,0,30,0,272.9326376999961,,,,,,,,,,,,,,,,,,,,,,,,,,,,,,,,,,,,,,,,,,,,,,,,,,,,,,,,,,,,,,,,,,,,,,,,,,,,,,,,,,,,,,,,,,,,272.9197433999507,272.9326376999961,272.9326376999961,272.9326376999961,273.1168296999531,None,,,,,,,,,,,,,,,,,,,,,,,P8384,Bar_MIC,11,1,2026-04-09_15h27.42.794,MIC_task,,2026.1.2,60.0367665301919,2026-04-09 15h27.44.539502 +0200,
,,31,0,31,,,,,,,11,v07,hajó,ship,10,vehicles,watercraft,7,None,None,46,21,"(0, -0.1)",None,,,,,,,,,,,,,,0,0,0,0,0,17,17,17,31,0,31,0,273.13229149999097,,,,,,,,,,,,,,,,,,,,,,,,,,,,,,,,,,,,,,,,,,,,,,,,,,,,,,,,,,,,,,,,,,,,,,,,,,,,,,,,,,,,,,,,,,,,273.120320099988,273.13229149999097,273.13229149999097,273.13229149999097,273.31724819995,None,,,,,,,,,,,,,,,,,,,,,,,P8384,Bar_MIC,11,1,2026-04-09_15h27.42.794,MIC_task,,2026.1.2,60.0367665301919,2026-04-09 15h27.44.539502 +0200,
,,32,0,32,,,,,,,11,v07,hajó,ship,10,vehicles,watercraft,7,None,None,46,21,"(0, -0.1)",None,,,,,,,,,,,,,,0,0,0,0,0,17,17,17,32,0,32,0,273.3327669999562,,,,,,,,,,,,,,,,,,,,,,,,,,,,,,,,,,,,,,,,,,,,,,,,,,,,,,,,,,,,,,,,,,,,,,,,,,,,,,,,,,,,,,,,,,,,273.3202412999235,273.3327669999562,273.3327669999562,273.3327669999562,273.5164548999164,None,,,,,,,,,,,,,,,,,,,,,,,P8384,Bar_MIC,11,1,2026-04-09_15h27.42.794,MIC_task,,2026.1.2,60.0367665301919,2026-04-09 15h27.44.539502 +0200,
,,33,0,33,,,,,,,11,v07,hajó,ship,10,vehicles,watercraft,7,None,None,46,21,"(0, -0.1)",None,,,,,,,,,,,,,,0,0,0,0,0,17,17,17,33,0,33,0,273.5330651999684,,,,,,,,,,,,,,,,,,,,,,,,,,,,,,,,,,,,,,,,,,,,,,,,,,,,,,,,,,,,,,,,,,,,,,,,,,,,,,,,,,,,,,,,,,,,273.5199301999528,273.5330651999684,273.5330651999684,273.5330651999684,273.7180063999258,None,,,,,,,,,,,,,,,,,,,,,,,P8384,Bar_MIC,11,1,2026-04-09_15h27.42.794,MIC_task,,2026.1.2,60.0367665301919,2026-04-09 15h27.44.539502 +0200,
,,34,0,34,,,,,,,11,v07,hajó,ship,10,vehicles,watercraft,7,None,None,46,21,"(0, -0.1)",None,,,,,,,,,,,,,,0,0,0,0,0,17,17,17,34,0,34,0,273.73341190000065,,,,,,,,,,,,,,,,,,,,,,,,,,,,,,,,,,,,,,,,,,,,,,,,,,,,,,,,,,,,,,,,,,,,,,,,,,,,,,,,,,,,,,,,,,,,273.7211134999525,273.73341190000065,273.73341190000065,273.73341190000065,273.9173203998944,None,,,,,,,,,,,,,,,,,,,,,,,P8384,Bar_MIC,11,1,2026-04-09_15h27.42.794,MIC_task,,2026.1.2,60.0367665301919,2026-04-09 15h27.44.539502 +0200,
,,35,0,35,,,,,,,11,v07,hajó,ship,10,vehicles,watercraft,7,None,None,46,21,"(0, -0.1)",None,,,,,,,,,,,,,,0,0,0,0,0,17,17,17,35,0,35,0,273.93383369990624,,,,,,,,,,,,,,,,,,,,,,,,,,,,,,,,,,,,,,,,,,,,,,,,,,,,,,,,,,,,,,,,,,,,,,,,,,,,,,,,,,,,,,,,,,,,273.9207836999558,273.93383369990624,273.93383369990624,273.93383369990624,274.1176293999888,None,,,,,,,,,,,,,,,,,,,,,,,P8384,Bar_MIC,11,1,2026-04-09_15h27.42.794,MIC_task,,2026.1.2,60.0367665301919,2026-04-09 15h27.44.539502 +0200,
,,36,0,36,,,,,,,11,v07,hajó,ship,10,vehicles,watercraft,7,None,None,46,21,"(0, -0.1)",None,,,,,,,,,,,,,,0,0,0,0,0,17,17,17,36,0,36,0,274.1342690999154,,,,,,,,,,,,,,,,,,,,,,,,,,,,,,,,,,,,,,,,,,,,,,,,,,,,,,,,,,,,,,,,,,,,,,,,,,,,,,,,,,,,,,,,,,,,274.1208375999704,274.1342690999154,274.1342690999154,274.1342690999154,274.3181096999906,None,,,,,,,,,,,,,,,,,,,,,,,P8384,Bar_MIC,11,1,2026-04-09_15h27.42.794,MIC_task,,2026.1.2,60.0367665301919,2026-04-09 15h27.44.539502 +0200,
,,37,0,37,,,,,,,11,v07,hajó,ship,10,vehicles,watercraft,7,None,None,46,21,"(0, -0.1)",space,0.1573052000021562,None,,,,,,,,,,,,0,0,0,0,0,17,17,17,37,0,37,0,274.3345643999055,,,,,,,,,,,,,,,,,,,,,,,,,,,,,,,,,,,,,,,,,,,,,,,,,,,,,,,,,,,,,,,,,,,,,,,,,,,,,,,,,,,,,,,,,,,,274.32147219998296,274.3345643999055,274.3345643999055,274.3345643999055,274.5023915999336,space,0.1573052000021562,None,,,,,,,,,,,,,,,,,,,,,P8384,Bar_MIC,11,1,2026-04-09_15h27.42.794,MIC_task,,2026.1.2,60.0367665301919,2026-04-09 15h27.44.539502 +0200,
,,17,17,0,,,,space,0.27958810003474355,None,11,v07,hajó,ship,10,vehicles,watercraft,7,None,None,46,21,"(0, -0.1)",,,,,,,,,,,,,,,0,0,0,0,0,17,17,17,,,,,,,,,,,,,,,,,,,,,,,,,,,,,,,,,,,,,,,,,,,,,,,,,,,,,,,,,,,,,,,,,,,,,,,,,,,,,,,,,274.5667803999968,274.5723098999588,274.5681665665625,276.5045584999025,,,,,,278.50766379991546,278.5246839999454,278.5246839999454,278.80944119999185,,,,,,,,,,,,276.53353719995357,276.53848279989325,276.5377627333005,278.4236030000029,278.50758649990894,space,0.27958810003474355,None,,,,,,,,,,,,,P8384,Bar_MIC,11,1,2026-04-09_15h27.42.794,MIC_task,,2026.1.2,60.0367665301919,2026-04-09 15h27.44.539502 +0200,
,,0,0,0,,,,,,,11,l05,medence,pool,5,location,facilities,6.6,145,None,61,None,"(-0.1, 0.1)",None,,,,,,,,,,,,,,0,0,0,0,0,18,18,18,0,0,0,0,278.8273210999323,,,,,,,,,,,,,,,,,,,,,,,,,,,,,,,,,,,,,,,,,,,,,,,,,,,,,,,,,,,,,,,,,,,,,,,,,,,,,,,,,,,,,,,,,,,,278.81302139989566,278.8273210999323,278.8273210999323,278.8273210999323,279.025963199907,None,,,,,,,,,,,,,,,,,,,,,,,P8384,Bar_MIC,11,1,2026-04-09_15h27.42.794,MIC_task,,2026.1.2,60.0367665301919,2026-04-09 15h27.44.539502 +0200,
,,0,0,0,,,,,,,11,l05,medence,pool,5,location,facilities,6.6,145,None,61,None,"(-0.1, 0.1)",None,,,,,,,,,,,,,,0,0,0,0,0,18,18,18,0,0,0,0,279.04146979993675,,,,,,,,,,,,,,,,,,,,,,,,,,,,,,,,,,,,,,,,,,,,,,,,,,,,,,,,,,,,,,,,,,,,,,,,,,,,,,,,,,,,,,,,,,,,279.02950629999395,279.04146979993675,279.04146979993675,279.04146979993675,279.2095778998919,None,,,,,,,,,,,,,,,,,,,,,,,P8384,Bar_MIC,11,1,2026-04-09_15h27.42.794,MIC_task,,2026.1.2,60.0367665301919,2026-04-09 15h27.44.539502 +0200,
,,1,0,1,,,,,,,11,l05,medence,pool,5,location,facilities,6.6,145,None,61,None,"(-0.1, 0.1)",None,,,,,,,,,,,,,,0,0,0,0,0,18,18,18,1,0,1,0,279.225058699958,,,,,,,,,,,,,,,,,,,,,,,,,,,,,,,,,,,,,,,,,,,,,,,,,,,,,,,,,,,,,,,,,,,,,,,,,,,,,,,,,,,,,,,,,,,,279.2129430999048,279.225058699958,279.225058699958,279.225058699958,279.40929250000045,None,,,,,,,,,,,279.42539709992707,279.42539709992707,279.42539709992707,,,,,,,,,,P8384,Bar_MIC,11,1,2026-04-09_15h27.42.794,MIC_task,,2026.1.2,60.0367665301919,2026-04-09 15h27.44.539502 +0200,
,,2,0,2,,,,,,,11,l05,medence,pool,5,location,facilities,6.6,145,None,61,None,"(-0.1, 0.1)",None,,,,,,,,,,,,,,0,0,0,0,0,18,18,18,2,0,2,0,279.42539709992707,,,,,,,,,,,,,,,,,,,,,,,,,,,,,,,,,,,,,,,,,,,,,,,,,,,,,,,,,,,,,,,,,,,,,,,,,,,,,,,,,,,,,,,,,,,,279.4122742000036,279.42539709992707,279.42539709992707,279.42539709992707,279.609587599989,None,,,,,,,,,,,279.6257810998941,279.6257810998941,279.6257810998941,,,,,,,,,,P8384,Bar_MIC,11,1,2026-04-09_15h27.42.794,MIC_task,,2026.1.2,60.0367665301919,2026-04-09 15h27.44.539502 +0200,
,,3,0,3,,,,,,,11,l05,medence,pool,5,location,facilities,6.6,145,None,61,None,"(-0.1, 0.1)",None,,,,,,,,,,,,,,0,0,0,0,0,18,18,18,3,0,3,0,279.6257810998941,,,,,,,,,,,,,,,,,,,,,,,,,,,,,,,,,,,,,,,,,,,,,,,,,,,,,,,,,,,,,,,,,,,,,,,,,,,,,,,,,,,,,,,,,,,,279.6128037999151,279.6257810998941,279.6257810998941,279.6257810998941,279.80975289992057,None,,,,,,,,,,,,,,,,,,,,,,,P8384,Bar_MIC,11,1,2026-04-09_15h27.42.794,MIC_task,,2026.1.2,60.0367665301919,2026-04-09 15h27.44.539502 +0200,
,,4,0,4,,,,,,,11,l05,medence,pool,5,location,facilities,6.6,145,None,61,None,"(-0.1, 0.1)",None,,,,,,,,,,,,,,0,0,0,0,0,18,18,18,4,0,4,0,279.8261865999084,,,,,,,,,,,,,,,,,,,,,,,,,,,,,,,,,,,,,,,,,,,,,,,,,,,,,,,,,,,,,,,,,,,,,,,,,,,,,,,,,,,,,,,,,,,,279.8129946999252,279.8261865999084,279.8261865999084,279.8261865999084,280.010128099937,None,,,,,,,,,,,,,,,,,,,,,,,P8384,Bar_MIC,11,1,2026-04-09_15h27.42.794,MIC_task,,2026.1.2,60.0367665301919,2026-04-09 15h27.44.539502 +0200,
,,5,0,5,,,,,,,11,l05,medence,pool,5,location,facilities,6.6,145,None,61,None,"(-0.1, 0.1)",None,,,,,,,,,,,,,,0,0,0,0,0,18,18,18,5,0,5,0,280.02657409990206,,,,,,,,,,,,,,,,,,,,,,,,,,,,,,,,,,,,,,,,,,,,,,,,,,,,,,,,,,,,,,,,,,,,,,,,,,,,,,,,,,,,,,,,,,,,280.0133996999357,280.02657409990206,280.02657409990206,280.02657409990206,280.210480599897,None,,,,,,,,,,,,,,,,,,,,,,,P8384,Bar_MIC,11,1,2026-04-09_15h27.42.794,MIC_task,,2026.1.2,60.0367665301919,2026-04-09 15h27.44.539502 +0200,
,,6,0,6,,,,,,,11,l05,medence,pool,5,location,facilities,6.6,145,None,61,None,"(-0.1, 0.1)",None,,,,,,,,,,,,,,0,0,0,0,0,18,18,18,6,0,6,0,280.22692509996705,,,,,,,,,,,,,,,,,,,,,,,,,,,,,,,,,,,,,,,,,,,,,,,,,,,,,,,,,,,,,,,,,,,,,,,,,,,,,,,,,,,,,,,,,,,,280.2137402999215,280.22692509996705,280.22692509996705,280.22692509996705,280.41110819997266,None,,,,,,,,,,,,,,,,,,,,,,,P8384,Bar_MIC,11,1,2026-04-09_15h27.42.794,MIC_task,,2026.1.2,60.0367665301919,2026-04-09 15h27.44.539502 +0200,
,,7,0,7,,,,,,,11,l05,medence,pool,5,location,facilities,6.6,145,None,61,None,"(-0.1, 0.1)",None,,,,,,,,,,,,,,0,0,0,0,0,18,18,18,7,0,7,0,280.4271588999545,,,,,,,,,,,,,,,,,,,,,,,,,,,,,,,,,,,,,,,,,,,,,,,,,,,,,,,,,,,,,,,,,,,,,,,,,,,,,,,,,,,,,,,,,,,,280.41461649991106,280.4271588999545,280.4271588999545,280.4271588999545,280.61139579990413,None,,,,,,,,,,,,,,,,,,,,,,,P8384,Bar_MIC,11,1,2026-04-09_15h27.42.794,MIC_task,,2026.1.2,60.0367665301919,2026-04-09 15h27.44.539502 +0200,
,,8,0,8,,,,,,,11,l05,medence,pool,5,location,facilities,6.6,145,None,61,None,"(-0.1, 0.1)",None,,,,,,,,,,,,,,0,0,0,0,0,18,18,18,8,0,8,0,280.6267981999554,,,,,,,,,,,,,,,,,,,,,,,,,,,,,,,,,,,,,,,,,,,,,,,,,,,,,,,,,,,,,,,,,,,,,,,,,,,,,,,,,,,,,,,,,,,,280.61457829992287,280.6267981999554,280.6267981999554,280.6267981999554,280.8116605998948,None,,,,,,,,,,,,,,,,,,,,,,,P8384,Bar_MIC,11,1,2026-04-09_15h27.42.794,MIC_task,,2026.1.2,60.0367665301919,2026-04-09 15h27.44.539502 +0200,
,,9,0,9,,,,,,,11,l05,medence,pool,5,location,facilities,6.6,145,None,61,None,"(-0.1, 0.1)",None,,,,,,,,,,,,,,0,0,0,0,0,18,18,18,9,0,9,0,280.82719109999016,,,,,,,,,,,,,,,,,,,,,,,,,,,,,,,,,,,,,,,,,,,,,,,,,,,,,,,,,,,,,,,,,,,,,,,,,,,,,,,,,,,,,,,,,,,,280.81512049993034,280.82719109999016,280.82719109999016,280.82719109999016,281.012141999905,None,,,,,,,,,,,,,,,,,,,,,,,P8384,Bar_MIC,11,1,2026-04-09_15h27.42.794,MIC_task,,2026.1.2,60.0367665301919,2026-04-09 15h27.44.539502 +0200,
,,10,0,10,,,,,,,11,l05,medence,pool,5,location,facilities,6.6,145,None,61,None,"(-0.1, 0.1)",None,,,,,,,,,,,,,,0,0,0,0,0,18,18,18,10,0,10,0,281.02762619999703,,,,,,,,,,,,,,,,,,,,,,,,,,,,,,,,,,,,,,,,,,,,,,,,,,,,,,,,,,,,,,,,,,,,,,,,,,,,,,,,,,,,,,,,,,,,281.0151894999435,281.02762619999703,281.02762619999703,281.02762619999703,281.2125291998964,None,,,,,,,,,,,,,,,,,,,,,,,P8384,Bar_MIC,11,1,2026-04-09_15h27.42.794,MIC_task,,2026.1.2,60.0367665301919,2026-04-09 15h27.44.539502 +0200,
,,11,0,11,,,,,,,11,l05,medence,pool,5,location,facilities,6.6,145,None,61,None,"(-0.1, 0.1)",None,,,,,,,,,,,,,,0,0,0,0,0,18,18,18,11,0,11,0,281.22801459999755,,,,,,,,,,,,,,,,,,,,,,,,,,,,,,,,,,,,,,,,,,,,,,,,,,,,,,,,,,,,,,,,,,,,,,,,,,,,,,,,,,,,,,,,,,,,281.2158281999873,281.22801459999755,281.22801459999755,281.22801459999755,281.4117413999047,None,,,,,,,,,,,,,,,,,,,,,,,P8384,Bar_MIC,11,1,2026-04-09_15h27.42.794,MIC_task,,2026.1.2,60.0367665301919,2026-04-09 15h27.44.539502 +0200,
,,12,0,12,,,,,,,11,l05,medence,pool,5,location,facilities,6.6,145,None,61,None,"(-0.1, 0.1)",None,,,,,,,,,,,,,,0,0,0,0,0,18,18,18,12,0,12,0,281.428333299933,,,,,,,,,,,,,,,,,,,,,,,,,,,,,,,,,,,,,,,,,,,,,,,,,,,,,,,,,,,,,,,,,,,,,,,,,,,,,,,,,,,,,,,,,,,,281.4149309999775,281.428333299933,281.428333299933,281.428333299933,281.6133988999063,None,,,,,,,,,,,,,,,,,,,,,,,P8384,Bar_MIC,11,1,2026-04-09_15h27.42.794,MIC_task,,2026.1.2,60.0367665301919,2026-04-09 15h27.44.539502 +0200,
,,13,0,13,,,,,,,11,l05,medence,pool,5,location,facilities,6.6,145,None,61,None,"(-0.1, 0.1)",None,,,,,,,,,,,,,,0,0,0,0,0,18,18,18,13,0,13,0,281.6288229000056,,,,,,,,,,,,,,,,,,,,,,,,,,,,,,,,,,,,,,,,,,,,,,,,,,,,,,,,,,,,,,,,,,,,,,,,,,,,,,,,,,,,,,,,,,,,281.6164850000059,281.6288229000056,281.6288229000056,281.6288229000056,281.81259709992446,None,,,,,,,,,,,,,,,,,,,,,,,P8384,Bar_MIC,11,1,2026-04-09_15h27.42.794,MIC_task,,2026.1.2,60.0367665301919,2026-04-09 15h27.44.539502 +0200,
,,14,0,14,,,,,,,11,l05,medence,pool,5,location,facilities,6.6,145,None,61,None,"(-0.1, 0.1)",None,,,,,,,,,,,,,,0,0,0,0,0,18,18,18,14,0,14,0,281.8291750999633,,,,,,,,,,,,,,,,,,,,,,,,,,,,,,,,,,,,,,,,,,,,,,,,,,,,,,,,,,,,,,,,,,,,,,,,,,,,,,,,,,,,,,,,,,,,281.8158683999209,281.8291750999633,281.8291750999633,281.8291750999633,282.0130032999441,None,,,,,,,,,,,,,,,,,,,,,,,P8384,Bar_MIC,11,1,2026-04-09_15h27.42.794,MIC_task,,2026.1.2,60.0367665301919,2026-04-09 15h27.44.539502 +0200,
,,15,0,15,,,,,,,11,l05,medence,pool,5,location,facilities,6.6,145,None,61,None,"(-0.1, 0.1)",None,,,,,,,,,,,,,,0,0,0,0,0,18,18,18,15,0,15,0,282.0295542998938,,,,,,,,,,,,,,,,,,,,,,,,,,,,,,,,,,,,,,,,,,,,,,,,,,,,,,,,,,,,,,,,,,,,,,,,,,,,,,,,,,,,,,,,,,,,282.01634209998883,282.0295542998938,282.0295542998938,282.0295542998938,282.21335129998624,None,,,,,,,,,,,,,,,,,,,,,,,P8384,Bar_MIC,11,1,2026-04-09_15h27.42.794,MIC_task,,2026.1.2,60.0367665301919,2026-04-09 15h27.44.539502 +0200,
,,16,0,16,,,,,,,11,l05,medence,pool,5,location,facilities,6.6,145,None,61,None,"(-0.1, 0.1)",None,,,,,,,,,,,,,,0,0,0,0,0,18,18,18,16,0,16,0,282.22996719996445,,,,,,,,,,,,,,,,,,,,,,,,,,,,,,,,,,,,,,,,,,,,,,,,,,,,,,,,,,,,,,,,,,,,,,,,,,,,,,,,,,,,,,,,,,,,282.21634839999024,282.22996719996445,282.22996719996445,282.22996719996445,282.41379409993533,None,,,,,,,,,,,,,,,,,,,,,,,P8384,Bar_MIC,11,1,2026-04-09_15h27.42.794,MIC_task,,2026.1.2,60.0367665301919,2026-04-09 15h27.44.539502 +0200,
,,17,0,17,,,,,,,11,l05,medence,pool,5,location,facilities,6.6,145,None,61,None,"(-0.1, 0.1)",None,,,,,,,,,,,,,,0,0,0,0,0,18,18,18,17,0,17,0,282.43022519990336,,,,,,,,,,,,,,,,,,,,,,,,,,,,,,,,,,,,,,,,,,,,,,,,,,,,,,,,,,,,,,,,,,,,,,,,,,,,,,,,,,,,,,,,,,,,282.41701129998546,282.43022519990336,282.43022519990336,282.43022519990336,282.61422489990946,None,,,,,,,,,,,,,,,,,,,,,,,P8384,Bar_MIC,11,1,2026-04-09_15h27.42.794,MIC_task,,2026.1.2,60.0367665301919,2026-04-09 15h27.44.539502 +0200,
,,18,0,18,,,,,,,11,l05,medence,pool,5,location,facilities,6.6,145,None,61,None,"(-0.1, 0.1)",None,,,,,,,,,,,,,,0,0,0,0,0,18,18,18,18,0,18,0,282.6305997999152,,,,,,,,,,,,,,,,,,,,,,,,,,,,,,,,,,,,,,,,,,,,,,,,,,,,,,,,,,,,,,,,,,,,,,,,,,,,,,,,,,,,,,,,,,,,282.61772449989803,282.6305997999152,282.6305997999152,282.6305997999152,282.81487469992135,None,,,,,,,,,,,,,,,,,,,,,,,P8384,Bar_MIC,11,1,2026-04-09_15h27.42.794,MIC_task,,2026.1.2,60.0367665301919,2026-04-09 15h27.44.539502 +0200,
,,19,0,19,,,,,,,11,l05,medence,pool,5,location,facilities,6.6,145,None,61,None,"(-0.1, 0.1)",None,,,,,,,,,,,,,,0,0,0,0,0,18,18,18,19,0,19,0,282.8309918999439,,,,,,,,,,,,,,,,,,,,,,,,,,,,,,,,,,,,,,,,,,,,,,,,,,,,,,,,,,,,,,,,,,,,,,,,,,,,,,,,,,,,,,,,,,,,282.81801149994135,282.8309918999439,282.8309918999439,282.8309918999439,283.01503369992133,None,,,,,,,,,,,,,,,,,,,,,,,P8384,Bar_MIC,11,1,2026-04-09_15h27.42.794,MIC_task,,2026.1.2,60.0367665301919,2026-04-09 15h27.44.539502 +0200,
,,20,0,20,,,,,,,11,l05,medence,pool,5,location,facilities,6.6,145,None,61,None,"(-0.1, 0.1)",None,,,,,,,,,,,,,,0,0,0,0,0,18,18,18,20,0,20,0,283.03054039995186,,,,,,,,,,,,,,,,,,,,,,,,,,,,,,,,,,,,,,,,,,,,,,,,,,,,,,,,,,,,,,,,,,,,,,,,,,,,,,,,,,,,,,,,,,,,283.01864649995696,283.03054039995186,283.03054039995186,283.03054039995186,283.2155094000045,None,,,,,,,,,,,,,,,,,,,,,,,P8384,Bar_MIC,11,1,2026-04-09_15h27.42.794,MIC_task,,2026.1.2,60.0367665301919,2026-04-09 15h27.44.539502 +0200,
,,21,0,21,,,,,,,11,l05,medence,pool,5,location,facilities,6.6,145,None,61,None,"(-0.1, 0.1)",None,,,,,,,,,,,,,,0,0,0,0,0,18,18,18,21,0,21,0,283.23095909995027,,,,,,,,,,,,,,,,,,,,,,,,,,,,,,,,,,,,,,,,,,,,,,,,,,,,,,,,,,,,,,,,,,,,,,,,,,,,,,,,,,,,,,,,,,,,283.21866829996,283.23095909995027,283.23095909995027,283.23095909995027,283.41582150000613,None,,,,,,,,,,,,,,,,,,,,,,,P8384,Bar_MIC,11,1,2026-04-09_15h27.42.794,MIC_task,,2026.1.2,60.0367665301919,2026-04-09 15h27.44.539502 +0200,
,,22,0,22,,,,,,,11,l05,medence,pool,5,location,facilities,6.6,145,None,61,None,"(-0.1, 0.1)",None,,,,,,,,,,,,,,0,0,0,0,0,18,18,18,22,0,22,0,283.43127979990095,,,,,,,,,,,,,,,,,,,,,,,,,,,,,,,,,,,,,,,,,,,,,,,,,,,,,,,,,,,,,,,,,,,,,,,,,,,,,,,,,,,,,,,,,,,,283.41967360000126,283.43127979990095,283.43127979990095,283.43127979990095,283.61628669989295,None,,,,,,,,,,,,,,,,,,,,,,,P8384,Bar_MIC,11,1,2026-04-09_15h27.42.794,MIC_task,,2026.1.2,60.0367665301919,2026-04-09 15h27.44.539502 +0200,
,,23,0,23,,,,,,,11,l05,medence,pool,5,location,facilities,6.6,145,None,61,None,"(-0.1, 0.1)",None,,,,,,,,,,,,,,0,0,0,0,0,18,18,18,23,0,23,0,283.6317211999558,,,,,,,,,,,,,,,,,,,,,,,,,,,,,,,,,,,,,,,,,,,,,,,,,,,,,,,,,,,,,,,,,,,,,,,,,,,,,,,,,,,,,,,,,,,,283.6195089999819,283.6317211999558,283.6317211999558,283.6317211999558,283.8167497999966,None,,,,,,,,,,,,,,,,,,,,,,,P8384,Bar_MIC,11,1,2026-04-09_15h27.42.794,MIC_task,,2026.1.2,60.0367665301919,2026-04-09 15h27.44.539502 +0200,
,,24,0,24,,,,,,,11,l05,medence,pool,5,location,facilities,6.6,145,None,61,None,"(-0.1, 0.1)",None,,,,,,,,,,,,,,0,0,0,0,0,18,18,18,24,0,24,0,283.8320994999958,,,,,,,,,,,,,,,,,,,,,,,,,,,,,,,,,,,,,,,,,,,,,,,,,,,,,,,,,,,,,,,,,,,,,,,,,,,,,,,,,,,,,,,,,,,,283.8198105999036,283.8320994999958,283.8320994999958,283.8320994999958,284.01707959990017,None,,,,,,,,,,,,,,,,,,,,,,,P8384,Bar_MIC,11,1,2026-04-09_15h27.42.794,MIC_task,,2026.1.2,60.0367665301919,2026-04-09 15h27.44.539502 +0200,
,,25,0,25,,,,,,,11,l05,medence,pool,5,location,facilities,6.6,145,None,61,None,"(-0.1, 0.1)",space,0.07669129990972579,None,,,,,,,,,,,,0,0,0,0,0,18,18,18,25,0,25,0,284.0324859999819,,,,,,,,,,,,,,,,,,,,,,,,,,,,,,,,,,,,,,,,,,,,,,,,,,,,,,,,,,,,,,,,,,,,,,,,,,,,,,,,,,,,,,,,,,,,284.02028269995935,284.0324859999819,284.0324859999819,284.0324859999819,284.11750039993785,space,0.07669129990972579,None,,,,,,,,,,,,,,,,,,,,,P8384,Bar_MIC,11,1,2026-04-09_15h27.42.794,MIC_task,,2026.1.2,60.0367665301919,2026-04-09 15h27.44.539502 +0200,
,,18,18,0,,,,space,0.48140789999160916,None,11,l05,medence,pool,5,location,facilities,6.6,145,None,61,None,"(-0.1, 0.1)",,,,,,,,,,,,,,,0,0,0,0,0,18,18,18,,,,,,,,,,,,,,,,,,,,,,,,,,,,,,,,,,,,,,,,,,,,,,,,,,,,,,,,,,,,,,,,,,,,,,,,,,,,,,,,,284.1799490998965,284.18532759998925,284.18332066656245,286.1197697999887,,,,,,288.1226311000064,288.13929779990576,288.13929779990576,288.6238059999887,,,,,,,,,,,,286.1436529000057,286.1485579999862,286.1529816333282,288.0386142999632,288.12257459992543,space,0.48140789999160916,None,,,,,,,,,,,,,P8384,Bar_MIC,11,1,2026-04-09_15h27.42.794,MIC_task,,2026.1.2,60.0367665301919,2026-04-09 15h27.44.539502 +0200,
,,0,0,0,,,,,,,11,t01,fogkefe,toothbrush,8,tools,bathroom,6.8,17,None,51,None,"(0.1, 0)",None,,,,,,,,,,,,,,0,0,0,0,0,19,19,19,0,0,0,0,288.64961409999523,,,,,,,,,,,,,,,,,,,,,,,,,,,,,,,,,,,,,,,,,,,,,,,,,,,,,,,,,,,,,,,,,,,,,,,,,,,,,,,,,,,,,,,,,,,,288.6435694999527,288.64961409999523,288.64961409999523,288.64961409999523,288.8401513999561,None,,,,,,,,,,,,,,,,,,,,,,,P8384,Bar_MIC,11,1,2026-04-09_15h27.42.794,MIC_task,,2026.1.2,60.0367665301919,2026-04-09 15h27.44.539502 +0200,
,,0,0,0,,,,,,,11,t01,fogkefe,toothbrush,8,tools,bathroom,6.8,17,None,51,None,"(0.1, 0)",None,,,,,,,,,,,,,,0,0,0,0,0,19,19,19,0,0,0,0,288.85665099998005,,,,,,,,,,,,,,,,,,,,,,,,,,,,,,,,,,,,,,,,,,,,,,,,,,,,,,,,,,,,,,,,,,,,,,,,,,,,,,,,,,,,,,,,,,,,288.8429496999597,288.85665099998005,288.85665099998005,288.85665099998005,289.040682699997,None,,,,,,,,,,,,,,,,,,,,,,,P8384,Bar_MIC,11,1,2026-04-09_15h27.42.794,MIC_task,,2026.1.2,60.0367665301919,2026-04-09 15h27.44.539502 +0200,
,,1,0,1,,,,,,,11,t01,fogkefe,toothbrush,8,tools,bathroom,6.8,17,None,51,None,"(0.1, 0)",None,,,,,,,,,,,,,,0,0,0,0,0,19,19,19,1,0,1,0,289.057017599931,,,,,,,,,,,,,,,,,,,,,,,,,,,,,,,,,,,,,,,,,,,,,,,,,,,,,,,,,,,,,,,,,,,,,,,,,,,,,,,,,,,,,,,,,,,,289.04366609989665,289.057017599931,289.057017599931,289.057017599931,289.22419789992273,None,,,,,,,,,,,,,,,,,,,,,,,P8384,Bar_MIC,11,1,2026-04-09_15h27.42.794,MIC_task,,2026.1.2,60.0367665301919,2026-04-09 15h27.44.539502 +0200,
,,2,0,2,,,,,,,11,t01,fogkefe,toothbrush,8,tools,bathroom,6.8,17,None,51,None,"(0.1, 0)",None,,,,,,,,,,,,,,0,0,0,0,0,19,19,19,2,0,2,0,289.24061919993255,,,,,,,,,,,,,,,,,,,,,,,,,,,,,,,,,,,,,,,,,,,,,,,,,,,,,,,,,,,,,,,,,,,,,,,,,,,,,,,,,,,,,,,,,,,,289.2271010999102,289.24061919993255,289.24061919993255,289.24061919993255,289.42470609990414,None,,,,,,,,,,,,,,,,,,,,,,,P8384,Bar_MIC,11,1,2026-04-09_15h27.42.794,MIC_task,,2026.1.2,60.0367665301919,2026-04-09 15h27.44.539502 +0200,
,,3,0,3,,,,,,,11,t01,fogkefe,toothbrush,8,tools,bathroom,6.8,17,None,51,None,"(0.1, 0)",None,,,,,,,,,,,,,,0,0,0,0,0,19,19,19,3,0,3,0,289.4411013999488,,,,,,,,,,,,,,,,,,,,,,,,,,,,,,,,,,,,,,,,,,,,,,,,,,,,,,,,,,,,,,,,,,,,,,,,,,,,,,,,,,,,,,,,,,,,289.4276178999571,289.4411013999488,289.4411013999488,289.4411013999488,289.62505759997293,None,,,,,,,,,,,,,,,,,,,,,,,P8384,Bar_MIC,11,1,2026-04-09_15h27.42.794,MIC_task,,2026.1.2,60.0367665301919,2026-04-09 15h27.44.539502 +0200,
,,4,0,4,,,,,,,11,t01,fogkefe,toothbrush,8,tools,bathroom,6.8,17,None,51,None,"(0.1, 0)",None,,,,,,,,,,,,,,0,0,0,0,0,19,19,19,4,0,4,0,289.64137029997073,,,,,,,,,,,,,,,,,,,,,,,,,,,,,,,,,,,,,,,,,,,,,,,,,,,,,,,,,,,,,,,,,,,,,,,,,,,,,,,,,,,,,,,,,,,,289.62808439997025,289.64137029997073,289.64137029997073,289.64137029997073,289.8254972998984,None,,,,,,,,,,,,,,,,,,,,,,,P8384,Bar_MIC,11,1,2026-04-09_15h27.42.794,MIC_task,,2026.1.2,60.0367665301919,2026-04-09 15h27.44.539502 +0200,
,,5,0,5,,,,,,,11,t01,fogkefe,toothbrush,8,tools,bathroom,6.8,17,None,51,None,"(0.1, 0)",None,,,,,,,,,,,,,,0,0,0,0,0,19,19,19,5,0,5,0,289.84096519998275,,,,,,,,,,,,,,,,,,,,,,,,,,,,,,,,,,,,,,,,,,,,,,,,,,,,,,,,,,,,,,,,,,,,,,,,,,,,,,,,,,,,,,,,,,,,289.8285548998974,289.84096519998275,289.84096519998275,289.84096519998275,290.0259618998971,None,,,,,,,,,,,,,,,,,,,,,,,P8384,Bar_MIC,11,1,2026-04-09_15h27.42.794,MIC_task,,2026.1.2,60.0367665301919,2026-04-09 15h27.44.539502 +0200,
,,6,0,6,,,,,,,11,t01,fogkefe,toothbrush,8,tools,bathroom,6.8,17,None,51,None,"(0.1, 0)",None,,,,,,,,,,,,,,0,0,0,0,0,19,19,19,6,0,6,0,290.0421723999316,,,,,,,,,,,,,,,,,,,,,,,,,,,,,,,,,,,,,,,,,,,,,,,,,,,,,,,,,,,,,,,,,,,,,,,,,,,,,,,,,,,,,,,,,,,,290.0286803999916,290.0421723999316,290.0421723999316,290.0421723999316,290.2262931999285,None,,,,,,,,,,,,,,,,,,,,,,,P8384,Bar_MIC,11,1,2026-04-09_15h27.42.794,MIC_task,,2026.1.2,60.0367665301919,2026-04-09 15h27.44.539502 +0200,
,,7,0,7,,,,,,,11,t01,fogkefe,toothbrush,8,tools,bathroom,6.8,17,None,51,None,"(0.1, 0)",None,,,,,,,,,,,,,,0,0,0,0,0,19,19,19,7,0,7,0,290.2417756000068,,,,,,,,,,,,,,,,,,,,,,,,,,,,,,,,,,,,,,,,,,,,,,,,,,,,,,,,,,,,,,,,,,,,,,,,,,,,,,,,,,,,,,,,,,,,290.22907669993583,290.2417756000068,290.2417756000068,290.2417756000068,290.42671689996496,None,,,,,,,,,,,,,,,,,,,,,,,P8384,Bar_MIC,11,1,2026-04-09_15h27.42.794,MIC_task,,2026.1.2,60.0367665301919,2026-04-09 15h27.44.539502 +0200,
,,8,0,8,,,,,,,11,t01,fogkefe,toothbrush,8,tools,bathroom,6.8,17,None,51,None,"(0.1, 0)",None,,,,,,,,,,,,,,0,0,0,0,0,19,19,19,8,0,8,0,290.4421448999783,,,,,,,,,,,,,,,,,,,,,,,,,,,,,,,,,,,,,,,,,,,,,,,,,,,,,,,,,,,,,,,,,,,,,,,,,,,,,,,,,,,,,,,,,,,,290.42975099990144,290.4421448999783,290.4421448999783,290.4421448999783,290.6271792999469,None,,,,,,,,,,,,,,,,,,,,,,,P8384,Bar_MIC,11,1,2026-04-09_15h27.42.794,MIC_task,,2026.1.2,60.0367665301919,2026-04-09 15h27.44.539502 +0200,
,,9,0,9,,,,,,,11,t01,fogkefe,toothbrush,8,tools,bathroom,6.8,17,None,51,None,"(0.1, 0)",None,,,,,,,,,,,,,,0,0,0,0,0,19,19,19,9,0,9,0,290.64254639996216,,,,,,,,,,,,,,,,,,,,,,,,,,,,,,,,,,,,,,,,,,,,,,,,,,,,,,,,,,,,,,,,,,,,,,,,,,,,,,,,,,,,,,,,,,,,290.6300401999615,290.64254639996216,290.64254639996216,290.64254639996216,290.8275252999738,None,,,,,,,,,,,,,,,,,,,,,,,P8384,Bar_MIC,11,1,2026-04-09_15h27.42.794,MIC_task,,2026.1.2,60.0367665301919,2026-04-09 15h27.44.539502 +0200,
,,10,0,10,,,,,,,11,t01,fogkefe,toothbrush,8,tools,bathroom,6.8,17,None,51,None,"(0.1, 0)",None,,,,,,,,,,,,,,0,0,0,0,0,19,19,19,10,0,10,0,290.8429183999542,,,,,,,,,,,,,,,,,,,,,,,,,,,,,,,,,,,,,,,,,,,,,,,,,,,,,,,,,,,,,,,,,,,,,,,,,,,,,,,,,,,,,,,,,,,,290.83029559999704,290.8429183999542,290.8429183999542,290.8429183999542,291.02679739997257,None,,,,,,,,,,,,,,,,,,,,,,,P8384,Bar_MIC,11,1,2026-04-09_15h27.42.794,MIC_task,,2026.1.2,60.0367665301919,2026-04-09 15h27.44.539502 +0200,
,,11,0,11,,,,,,,11,t01,fogkefe,toothbrush,8,tools,bathroom,6.8,17,None,51,None,"(0.1, 0)",None,,,,,,,,,,,,,,0,0,0,0,0,19,19,19,11,0,11,0,291.0432889999356,,,,,,,,,,,,,,,,,,,,,,,,,,,,,,,,,,,,,,,,,,,,,,,,,,,,,,,,,,,,,,,,,,,,,,,,,,,,,,,,,,,,,,,,,,,,291.0298015999142,291.0432889999356,291.0432889999356,291.0432889999356,291.2273704999825,None,,,,,,,,,,,,,,,,,,,,,,,P8384,Bar_MIC,11,1,2026-04-09_15h27.42.794,MIC_task,,2026.1.2,60.0367665301919,2026-04-09 15h27.44.539502 +0200,
,,12,0,12,,,,,,,11,t01,fogkefe,toothbrush,8,tools,bathroom,6.8,17,None,51,None,"(0.1, 0)",None,,,,,,,,,,,,,,0,0,0,0,0,19,19,19,12,0,12,0,291.2436631999444,,,,,,,,,,,,,,,,,,,,,,,,,,,,,,,,,,,,,,,,,,,,,,,,,,,,,,,,,,,,,,,,,,,,,,,,,,,,,,,,,,,,,,,,,,,,291.23036559997126,291.2436631999444,291.2436631999444,291.2436631999444,291.42759869992733,None,,,,,,,,,,,,,,,,,,,,,,,P8384,Bar_MIC,11,1,2026-04-09_15h27.42.794,MIC_task,,2026.1.2,60.0367665301919,2026-04-09 15h27.44.539502 +0200,
,,13,0,13,,,,,,,11,t01,fogkefe,toothbrush,8,tools,bathroom,6.8,17,None,51,None,"(0.1, 0)",None,,,,,,,,,,,,,,0,0,0,0,0,19,19,19,13,0,13,0,291.444116699975,,,,,,,,,,,,,,,,,,,,,,,,,,,,,,,,,,,,,,,,,,,,,,,,,,,,,,,,,,,,,,,,,,,,,,,,,,,,,,,,,,,,,,,,,,,,291.4303859999636,291.444116699975,291.444116699975,291.444116699975,291.62803959997837,None,,,,,,,,,,,,,,,,,,,,,,,P8384,Bar_MIC,11,1,2026-04-09_15h27.42.794,MIC_task,,2026.1.2,60.0367665301919,2026-04-09 15h27.44.539502 +0200,
,,14,0,14,,,,,,,11,t01,fogkefe,toothbrush,8,tools,bathroom,6.8,17,None,51,None,"(0.1, 0)",None,,,,,,,,,,,,,,0,0,0,0,0,19,19,19,14,0,14,0,291.64438959991094,,,,,,,,,,,,,,,,,,,,,,,,,,,,,,,,,,,,,,,,,,,,,,,,,,,,,,,,,,,,,,,,,,,,,,,,,,,,,,,,,,,,,,,,,,,,291.63075959996786,291.64438959991094,291.64438959991094,291.64438959991094,291.8282838999294,None,,,,,,,,,,,,,,,,,,,,,,,P8384,Bar_MIC,11,1,2026-04-09_15h27.42.794,MIC_task,,2026.1.2,60.0367665301919,2026-04-09 15h27.44.539502 +0200,
,,15,0,15,,,,,,,11,t01,fogkefe,toothbrush,8,tools,bathroom,6.8,17,None,51,None,"(0.1, 0)",None,,,,,,,,,,,,,,0,0,0,0,0,19,19,19,15,0,15,0,291.8447866999777,,,,,,,,,,,,,,,,,,,,,,,,,,,,,,,,,,,,,,,,,,,,,,,,,,,,,,,,,,,,,,,,,,,,,,,,,,,,,,,,,,,,,,,,,,,,291.8310904999962,291.8447866999777,291.8447866999777,291.8447866999777,292.0288817998953,None,,,,,,,,,,,,,,,,,,,,,,,P8384,Bar_MIC,11,1,2026-04-09_15h27.42.794,MIC_task,,2026.1.2,60.0367665301919,2026-04-09 15h27.44.539502 +0200,
,,16,0,16,,,,,,,11,t01,fogkefe,toothbrush,8,tools,bathroom,6.8,17,None,51,None,"(0.1, 0)",None,,,,,,,,,,,,,,0,0,0,0,0,19,19,19,16,0,16,0,292.0451251999475,,,,,,,,,,,,,,,,,,,,,,,,,,,,,,,,,,,,,,,,,,,,,,,,,,,,,,,,,,,,,,,,,,,,,,,,,,,,,,,,,,,,,,,,,,,,292.03185479994863,292.0451251999475,292.0451251999475,292.0451251999475,292.22925489989575,None,,,,,,,,,,,,,,,,,,,,,,,P8384,Bar_MIC,11,1,2026-04-09_15h27.42.794,MIC_task,,2026.1.2,60.0367665301919,2026-04-09 15h27.44.539502 +0200,
,,17,0,17,,,,,,,11,t01,fogkefe,toothbrush,8,tools,bathroom,6.8,17,None,51,None,"(0.1, 0)",None,,,,,,,,,,,,,,0,0,0,0,0,19,19,19,17,0,17,0,292.24552779993974,,,,,,,,,,,,,,,,,,,,,,,,,,,,,,,,,,,,,,,,,,,,,,,,,,,,,,,,,,,,,,,,,,,,,,,,,,,,,,,,,,,,,,,,,,,,292.23226729989983,292.24552779993974,292.24552779993974,292.24552779993974,292.42961259989534,None,,,,,,,,,,,,,,,,,,,,,,,P8384,Bar_MIC,11,1,2026-04-09_15h27.42.794,MIC_task,,2026.1.2,60.0367665301919,2026-04-09 15h27.44.539502 +0200,
,,18,0,18,,,,,,,11,t01,fogkefe,toothbrush,8,tools,bathroom,6.8,17,None,51,None,"(0.1, 0)",None,,,,,,,,,,,,,,0,0,0,0,0,19,19,19,18,0,18,0,292.44508729991503,,,,,,,,,,,,,,,,,,,,,,,,,,,,,,,,,,,,,,,,,,,,,,,,,,,,,,,,,,,,,,,,,,,,,,,,,,,,,,,,,,,,,,,,,,,,292.43239489989355,292.44508729991503,292.44508729991503,292.44508729991503,292.6299340999685,None,,,,,,,,,,,,,,,,,,,,,,,P8384,Bar_MIC,11,1,2026-04-09_15h27.42.794,MIC_task,,2026.1.2,60.0367665301919,2026-04-09 15h27.44.539502 +0200,
,,19,0,19,,,,,,,11,t01,fogkefe,toothbrush,8,tools,bathroom,6.8,17,None,51,None,"(0.1, 0)",None,,,,,,,,,,,,,,0,0,0,0,0,19,19,19,19,0,19,0,292.64551449997816,,,,,,,,,,,,,,,,,,,,,,,,,,,,,,,,,,,,,,,,,,,,,,,,,,,,,,,,,,,,,,,,,,,,,,,,,,,,,,,,,,,,,,,,,,,,292.6326422999846,292.64551449997816,292.64551449997816,292.64551449997816,292.83043039997574,None,,,,,,,,,,,,,,,,,,,,,,,P8384,Bar_MIC,11,1,2026-04-09_15h27.42.794,MIC_task,,2026.1.2,60.0367665301919,2026-04-09 15h27.44.539502 +0200,
,,20,0,20,,,,,,,11,t01,fogkefe,toothbrush,8,tools,bathroom,6.8,17,None,51,None,"(0.1, 0)",None,,,,,,,,,,,,,,0,0,0,0,0,19,19,19,20,0,20,0,292.8458857999649,,,,,,,,,,,,,,,,,,,,,,,,,,,,,,,,,,,,,,,,,,,,,,,,,,,,,,,,,,,,,,,,,,,,,,,,,,,,,,,,,,,,,,,,,,,,292.83338530000765,292.8458857999649,292.8458857999649,292.8458857999649,293.029695999925,None,,,,,,,,,,,,,,,,,,,,,,,P8384,Bar_MIC,11,1,2026-04-09_15h27.42.794,MIC_task,,2026.1.2,60.0367665301919,2026-04-09 15h27.44.539502 +0200,
,,21,0,21,,,,,,,11,t01,fogkefe,toothbrush,8,tools,bathroom,6.8,17,None,51,None,"(0.1, 0)",None,,,,,,,,,,,,,,0,0,0,0,0,19,19,19,21,0,21,0,293.04626809991896,,,,,,,,,,,,,,,,,,,,,,,,,,,,,,,,,,,,,,,,,,,,,,,,,,,,,,,,,,,,,,,,,,,,,,,,,,,,,,,,,,,,,,,,,,,,293.03223149990663,293.04626809991896,293.04626809991896,293.04626809991896,293.230071799946,None,,,,,,,,,,,,,,,,,,,,,,,P8384,Bar_MIC,11,1,2026-04-09_15h27.42.794,MIC_task,,2026.1.2,60.0367665301919,2026-04-09 15h27.44.539502 +0200,
,,22,0,22,,,,,,,11,t01,fogkefe,toothbrush,8,tools,bathroom,6.8,17,None,51,None,"(0.1, 0)",None,,,,,,,,,,,,,,0,0,0,0,0,19,19,19,22,0,22,0,293.24664649995975,,,,,,,,,,,,,,,,,,,,,,,,,,,,,,,,,,,,,,,,,,,,,,,,,,,,,,,,,,,,,,,,,,,,,,,,,,,,,,,,,,,,,,,,,,,,293.23303899995517,293.24664649995975,293.24664649995975,293.24664649995975,293.4305763999,None,,,,,,,,,,,,,,,,,,,,,,,P8384,Bar_MIC,11,1,2026-04-09_15h27.42.794,MIC_task,,2026.1.2,60.0367665301919,2026-04-09 15h27.44.539502 +0200,
,,23,0,23,,,,,,,11,t01,fogkefe,toothbrush,8,tools,bathroom,6.8,17,None,51,None,"(0.1, 0)",None,,,,,,,,,,,,,,0,0,0,0,0,19,19,19,23,0,23,0,293.4470634999452,,,,,,,,,,,,,,,,,,,,,,,,,,,,,,,,,,,,,,,,,,,,,,,,,,,,,,,,,,,,,,,,,,,,,,,,,,,,,,,,,,,,,,,,,,,,293.433311700006,293.4470634999452,293.4470634999452,293.4470634999452,293.6308802999556,None,,,,,,,,,,,,,,,,,,,,,,,P8384,Bar_MIC,11,1,2026-04-09_15h27.42.794,MIC_task,,2026.1.2,60.0367665301919,2026-04-09 15h27.44.539502 +0200,
,,24,0,24,,,,,,,11,t01,fogkefe,toothbrush,8,tools,bathroom,6.8,17,None,51,None,"(0.1, 0)",None,,,,,,,,,,,,,,0,0,0,0,0,19,19,19,24,0,24,0,293.6473861999111,,,,,,,,,,,,,,,,,,,,,,,,,,,,,,,,,,,,,,,,,,,,,,,,,,,,,,,,,,,,,,,,,,,,,,,,,,,,,,,,,,,,,,,,,,,,293.6333459999878,293.6473861999111,293.6473861999111,293.6473861999111,293.8314932999201,None,,,,,,,,,,,,,,,,,,,,,,,P8384,Bar_MIC,11,1,2026-04-09_15h27.42.794,MIC_task,,2026.1.2,60.0367665301919,2026-04-09 15h27.44.539502 +0200,
,,25,0,25,,,,,,,11,t01,fogkefe,toothbrush,8,tools,bathroom,6.8,17,None,51,None,"(0.1, 0)",None,,,,,,,,,,,,,,0,0,0,0,0,19,19,19,25,0,25,0,293.8476818999043,,,,,,,,,,,,,,,,,,,,,,,,,,,,,,,,,,,,,,,,,,,,,,,,,,,,,,,,,,,,,,,,,,,,,,,,,,,,,,,,,,,,,,,,,,,,293.83447609993163,293.8476818999043,293.8476818999043,293.8476818999043,294.0320258999709,None,,,,,,,,,,,,,,,,,,,,,,,P8384,Bar_MIC,11,1,2026-04-09_15h27.42.794,MIC_task,,2026.1.2,60.0367665301919,2026-04-09 15h27.44.539502 +0200,
,,26,0,26,,,,,,,11,t01,fogkefe,toothbrush,8,tools,bathroom,6.8,17,None,51,None,"(0.1, 0)",None,,,,,,,,,,,,,,0,0,0,0,0,19,19,19,26,0,26,0,294.04817699990235,,,,,,,,,,,,,,,,,,,,,,,,,,,,,,,,,,,,,,,,,,,,,,,,,,,,,,,,,,,,,,,,,,,,,,,,,,,,,,,,,,,,,,,,,,,,294.03491839999333,294.04817699990235,294.04817699990235,294.04817699990235,294.2321972999489,None,,,,,,,,,,,,,,,,,,,,,,,P8384,Bar_MIC,11,1,2026-04-09_15h27.42.794,MIC_task,,2026.1.2,60.0367665301919,2026-04-09 15h27.44.539502 +0200,
,,27,0,27,,,,,,,11,t01,fogkefe,toothbrush,8,tools,bathroom,6.8,17,None,51,None,"(0.1, 0)",space,0.15973349998239428,None,,,,,,,,,,,,0,0,0,0,0,19,19,19,27,0,27,0,294.24851169995964,,,,,,,,,,,,,,,,,,,,,,,,,,,,,,,,,,,,,,,,,,,,,,,,,,,,,,,,,,,,,,,,,,,,,,,,,,,,,,,,,,,,,,,,,,,,294.2347896998981,294.24851169995964,294.24851169995964,294.24851169995964,294.41646949993446,space,0.15973349998239428,None,,,,,,,,,,,,,,,,,,,,,P8384,Bar_MIC,11,1,2026-04-09_15h27.42.794,MIC_task,,2026.1.2,60.0367665301919,2026-04-09 15h27.44.539502 +0200,
,,19,19,0,,,,space,0.5185570999747142,None,11,t01,fogkefe,toothbrush,8,tools,bathroom,6.8,17,None,51,None,"(0.1, 0)",,,,,,,,,,,,,,,0,0,0,0,0,19,19,19,,,,,,,,,,,,,,,,,,,,,,,,,,,,,,,,,,,,,,,,,,,,,,,,,,,,,,,,,,,,,,,,,,,,,,,,,,,,,,,,,294.4809532999061,294.4864693999989,294.48235576659596,296.4194530999521,,,,,,298.4217563999118,298.43886100000236,298.43886100000236,298.97360359993763,,,,,,,,,,,,296.4436865999596,296.4489007999655,296.4526634332801,298.3374527998967,298.4217106999131,space,0.5185570999747142,None,,,,,,,,,,,,,P8384,Bar_MIC,11,1,2026-04-09_15h27.42.794,MIC_task,,2026.1.2,60.0367665301919,2026-04-09 15h27.44.539502 +0200,
,,0,0,0,,,,,,,11,v10,bicikli,bicycle,10,vehicles,wheels,7,None,None,57,19,"(0, 0.1)",None,,,,,,,,,,,,,,0,0,0,0,0,20,20,20,0,0,0,0,298.9989181999117,,,,,,,,,,,,,,,,,,,,,,,,,,,,,,,,,,,,,,,,,,,,,,,,,,,,,,,,,,,,,,,,,,,,,,,,,,,,,,,,,,,,,,,,,,,,298.9936168999411,298.9989181999117,298.9989181999117,298.9989181999117,299.18965189997107,None,,,,,,,,,,,,,,,,,,,,,,,P8384,Bar_MIC,11,1,2026-04-09_15h27.42.794,MIC_task,,2026.1.2,60.0367665301919,2026-04-09 15h27.44.539502 +0200,
,,0,0,0,,,,,,,11,v10,bicikli,bicycle,10,vehicles,wheels,7,None,None,57,19,"(0, 0.1)",None,,,,,,,,,,,,,,0,0,0,0,0,20,20,20,0,0,0,0,299.2061750999419,,,,,,,,,,,,,,,,,,,,,,,,,,,,,,,,,,,,,,,,,,,,,,,,,,,,,,,,,,,,,,,,,,,,,,,,,,,,,,,,,,,,,,,,,,,,299.1928118999349,299.2061750999419,299.2061750999419,299.2061750999419,299.39014699996915,None,,,,,,,,,,,,,,,,,,,,,,,P8384,Bar_MIC,11,1,2026-04-09_15h27.42.794,MIC_task,,2026.1.2,60.0367665301919,2026-04-09 15h27.44.539502 +0200,
,,1,0,1,,,,,,,11,v10,bicikli,bicycle,10,vehicles,wheels,7,None,None,57,19,"(0, 0.1)",None,,,,,,,,,,,,,,0,0,0,0,0,20,20,20,1,0,1,0,299.4063748999033,,,,,,,,,,,,,,,,,,,,,,,,,,,,,,,,,,,,,,,,,,,,,,,,,,,,,,,,,,,,,,,,,,,,,,,,,,,,,,,,,,,,,,,,,,,,299.39323569997214,299.4063748999033,299.4063748999033,299.4063748999033,299.5905247000046,None,,,,,,,,,,,,,,,,,,,,,,,P8384,Bar_MIC,11,1,2026-04-09_15h27.42.794,MIC_task,,2026.1.2,60.0367665301919,2026-04-09 15h27.44.539502 +0200,
,,2,0,2,,,,,,,11,v10,bicikli,bicycle,10,vehicles,wheels,7,None,None,57,19,"(0, 0.1)",None,,,,,,,,,,,,,,0,0,0,0,0,20,20,20,2,0,2,0,299.6067961999215,,,,,,,,,,,,,,,,,,,,,,,,,,,,,,,,,,,,,,,,,,,,,,,,,,,,,,,,,,,,,,,,,,,,,,,,,,,,,,,,,,,,,,,,,,,,299.59375269990414,299.6067961999215,299.6067961999215,299.6067961999215,299.77410509996116,None,,,,,,,,,,,,,,,,,,,,,,,P8384,Bar_MIC,11,1,2026-04-09_15h27.42.794,MIC_task,,2026.1.2,60.0367665301919,2026-04-09 15h27.44.539502 +0200,
,,3,0,3,,,,,,,11,v10,bicikli,bicycle,10,vehicles,wheels,7,None,None,57,19,"(0, 0.1)",None,,,,,,,,,,,,,,0,0,0,0,0,20,20,20,3,0,3,0,299.79042639990803,,,,,,,,,,,,,,,,,,,,,,,,,,,,,,,,,,,,,,,,,,,,,,,,,,,,,,,,,,,,,,,,,,,,,,,,,,,,,,,,,,,,,,,,,,,,299.77701429999433,299.79042639990803,299.79042639990803,299.79042639990803,299.9746444999473,None,,,,,,,,,,,,,,,,,,,,,,,P8384,Bar_MIC,11,1,2026-04-09_15h27.42.794,MIC_task,,2026.1.2,60.0367665301919,2026-04-09 15h27.44.539502 +0200,
,,4,0,4,,,,,,,11,v10,bicikli,bicycle,10,vehicles,wheels,7,None,None,57,19,"(0, 0.1)",None,,,,,,,,,,,,,,0,0,0,0,0,20,20,20,4,0,4,0,299.9900159999961,,,,,,,,,,,,,,,,,,,,,,,,,,,,,,,,,,,,,,,,,,,,,,,,,,,,,,,,,,,,,,,,,,,,,,,,,,,,,,,,,,,,,,,,,,,,299.97821279999334,299.9900159999961,299.9900159999961,299.9900159999961,300.17491569998674,None,,,,,,,,,,,,,,,,,,,,,,,P8384,Bar_MIC,11,1,2026-04-09_15h27.42.794,MIC_task,,2026.1.2,60.0367665301919,2026-04-09 15h27.44.539502 +0200,
,,5,0,5,,,,,,,11,v10,bicikli,bicycle,10,vehicles,wheels,7,None,None,57,19,"(0, 0.1)",None,,,,,,,,,,,,,,0,0,0,0,0,20,20,20,5,0,5,0,300.1903687999584,,,,,,,,,,,,,,,,,,,,,,,,,,,,,,,,,,,,,,,,,,,,,,,,,,,,,,,,,,,,,,,,,,,,,,,,,,,,,,,,,,,,,,,,,,,,300.17814479989465,300.1903687999584,300.1903687999584,300.1903687999584,300.37530179996975,None,,,,,,,,,,,,,,,,,,,,,,,P8384,Bar_MIC,11,1,2026-04-09_15h27.42.794,MIC_task,,2026.1.2,60.0367665301919,2026-04-09 15h27.44.539502 +0200,
,,6,0,6,,,,,,,11,v10,bicikli,bicycle,10,vehicles,wheels,7,None,None,57,19,"(0, 0.1)",None,,,,,,,,,,,,,,0,0,0,0,0,20,20,20,6,0,6,0,300.3907775999978,,,,,,,,,,,,,,,,,,,,,,,,,,,,,,,,,,,,,,,,,,,,,,,,,,,,,,,,,,,,,,,,,,,,,,,,,,,,,,,,,,,,,,,,,,,,300.37862279999536,300.3907775999978,300.3907775999978,300.3907775999978,300.5745868999511,None,,,,,,,,,,,,,,,,,,,,,,,P8384,Bar_MIC,11,1,2026-04-09_15h27.42.794,MIC_task,,2026.1.2,60.0367665301919,2026-04-09 15h27.44.539502 +0200,
,,7,0,7,,,,,,,11,v10,bicikli,bicycle,10,vehicles,wheels,7,None,None,57,19,"(0, 0.1)",None,,,,,,,,,,,,,,0,0,0,0,0,20,20,20,7,0,7,0,300.59119780000765,,,,,,,,,,,,,,,,,,,,,,,,,,,,,,,,,,,,,,,,,,,,,,,,,,,,,,,,,,,,,,,,,,,,,,,,,,,,,,,,,,,,,,,,,,,,300.5779534999747,300.59119780000765,300.59119780000765,300.59119780000765,300.77501529990695,None,,,,,,,,,,,,,,,,,,,,,,,P8384,Bar_MIC,11,1,2026-04-09_15h27.42.794,MIC_task,,2026.1.2,60.0367665301919,2026-04-09 15h27.44.539502 +0200,
,,8,0,8,,,,,,,11,v10,bicikli,bicycle,10,vehicles,wheels,7,None,None,57,19,"(0, 0.1)",None,,,,,,,,,,,,,,0,0,0,0,0,20,20,20,8,0,8,0,300.7915677999845,,,,,,,,,,,,,,,,,,,,,,,,,,,,,,,,,,,,,,,,,,,,,,,,,,,,,,,,,,,,,,,,,,,,,,,,,,,,,,,,,,,,,,,,,,,,300.7782508999808,300.7915677999845,300.7915677999845,300.7915677999845,300.97542519995477,None,,,,,,,,,,,,,,,,,,,,,,,P8384,Bar_MIC,11,1,2026-04-09_15h27.42.794,MIC_task,,2026.1.2,60.0367665301919,2026-04-09 15h27.44.539502 +0200,
,,9,0,9,,,,,,,11,v10,bicikli,bicycle,10,vehicles,wheels,7,None,None,57,19,"(0, 0.1)",None,,,,,,,,,,,,,,0,0,0,0,0,20,20,20,9,0,9,0,300.99195870000403,,,,,,,,,,,,,,,,,,,,,,,,,,,,,,,,,,,,,,,,,,,,,,,,,,,,,,,,,,,,,,,,,,,,,,,,,,,,,,,,,,,,,,,,,,,,300.9784895000048,300.99195870000403,300.99195870000403,300.99195870000403,301.1760588999605,None,,,,,,,,,,,,,,,,,,,,,,,P8384,Bar_MIC,11,1,2026-04-09_15h27.42.794,MIC_task,,2026.1.2,60.0367665301919,2026-04-09 15h27.44.539502 +0200,
,,10,0,10,,,,,,,11,v10,bicikli,bicycle,10,vehicles,wheels,7,None,None,57,19,"(0, 0.1)",None,,,,,,,,,,,,,,0,0,0,0,0,20,20,20,10,0,10,0,301.1922305999324,,,,,,,,,,,,,,,,,,,,,,,,,,,,,,,,,,,,,,,,,,,,,,,,,,,,,,,,,,,,,,,,,,,,,,,,,,,,,,,,,,,,,,,,,,,,301.17908809997607,301.1922305999324,301.1922305999324,301.1922305999324,301.3766539999051,None,,,,,,,,,,,,,,,,,,,,,,,P8384,Bar_MIC,11,1,2026-04-09_15h27.42.794,MIC_task,,2026.1.2,60.0367665301919,2026-04-09 15h27.44.539502 +0200,
,,11,0,11,,,,,,,11,v10,bicikli,bicycle,10,vehicles,wheels,7,None,None,57,19,"(0, 0.1)",None,,,,,,,,,,,,,,0,0,0,0,0,20,20,20,11,0,11,0,301.39263459993526,,,,,,,,,,,,,,,,,,,,,,,,,,,,,,,,,,,,,,,,,,,,,,,,,,,,,,,,,,,,,,,,,,,,,,,,,,,,,,,,,,,,,,,,,,,,301.3802067999495,301.39263459993526,301.39263459993526,301.39263459993526,301.57664240000304,None,,,,,,,,,,,,,,,,,,,,,,,P8384,Bar_MIC,11,1,2026-04-09_15h27.42.794,MIC_task,,2026.1.2,60.0367665301919,2026-04-09 15h27.44.539502 +0200,
,,12,0,12,,,,,,,11,v10,bicikli,bicycle,10,vehicles,wheels,7,None,None,57,19,"(0, 0.1)",None,,,,,,,,,,,,,,0,0,0,0,0,20,20,20,12,0,12,0,301.59307999990415,,,,,,,,,,,,,,,,,,,,,,,,,,,,,,,,,,,,,,,,,,,,,,,,,,,,,,,,,,,,,,,,,,,,,,,,,,,,,,,,,,,,,,,,,,,,301.5796213999856,301.59307999990415,301.59307999990415,301.59307999990415,301.7770386999473,None,,,,,,,,,,,,,,,,,,,,,,,P8384,Bar_MIC,11,1,2026-04-09_15h27.42.794,MIC_task,,2026.1.2,60.0367665301919,2026-04-09 15h27.44.539502 +0200,
,,13,0,13,,,,,,,11,v10,bicikli,bicycle,10,vehicles,wheels,7,None,None,57,19,"(0, 0.1)",None,,,,,,,,,,,,,,0,0,0,0,0,20,20,20,13,0,13,0,301.79335749999154,,,,,,,,,,,,,,,,,,,,,,,,,,,,,,,,,,,,,,,,,,,,,,,,,,,,,,,,,,,,,,,,,,,,,,,,,,,,,,,,,,,,,,,,,,,,301.78045249998104,301.79335749999154,301.79335749999154,301.79335749999154,301.9774557999335,None,,,,,,,,,,,,,,,,,,,,,,,P8384,Bar_MIC,11,1,2026-04-09_15h27.42.794,MIC_task,,2026.1.2,60.0367665301919,2026-04-09 15h27.44.539502 +0200,
,,14,0,14,,,,,,,11,v10,bicikli,bicycle,10,vehicles,wheels,7,None,None,57,19,"(0, 0.1)",None,,,,,,,,,,,,,,0,0,0,0,0,20,20,20,14,0,14,0,301.9937173000071,,,,,,,,,,,,,,,,,,,,,,,,,,,,,,,,,,,,,,,,,,,,,,,,,,,,,,,,,,,,,,,,,,,,,,,,,,,,,,,,,,,,,,,,,,,,301.9807972999988,301.9937173000071,301.9937173000071,301.9937173000071,302.1778088998981,None,,,,,,,,,,,,,,,,,,,,,,,P8384,Bar_MIC,11,1,2026-04-09_15h27.42.794,MIC_task,,2026.1.2,60.0367665301919,2026-04-09 15h27.44.539502 +0200,
,,15,0,15,,,,,,,11,v10,bicikli,bicycle,10,vehicles,wheels,7,None,None,57,19,"(0, 0.1)",None,,,,,,,,,,,,,,0,0,0,0,0,20,20,20,15,0,15,0,302.1933574998984,,,,,,,,,,,,,,,,,,,,,,,,,,,,,,,,,,,,,,,,,,,,,,,,,,,,,,,,,,,,,,,,,,,,,,,,,,,,,,,,,,,,,,,,,,,,302.18104259995744,302.1933574998984,302.1933574998984,302.1933574998984,302.37828589999117,None,,,,,,,,,,,,,,,,,,,,,,,P8384,Bar_MIC,11,1,2026-04-09_15h27.42.794,MIC_task,,2026.1.2,60.0367665301919,2026-04-09 15h27.44.539502 +0200,
,,16,0,16,,,,,,,11,v10,bicikli,bicycle,10,vehicles,wheels,7,None,None,57,19,"(0, 0.1)",None,,,,,,,,,,,,,,0,0,0,0,0,20,20,20,16,0,16,0,302.39377689990215,,,,,,,,,,,,,,,,,,,,,,,,,,,,,,,,,,,,,,,,,,,,,,,,,,,,,,,,,,,,,,,,,,,,,,,,,,,,,,,,,,,,,,,,,,,,302.3814447999466,302.39377689990215,302.39377689990215,302.39377689990215,302.57875919993967,None,,,,,,,,,,,,,,,,,,,,,,,P8384,Bar_MIC,11,1,2026-04-09_15h27.42.794,MIC_task,,2026.1.2,60.0367665301919,2026-04-09 15h27.44.539502 +0200,
,,17,0,17,,,,,,,11,v10,bicikli,bicycle,10,vehicles,wheels,7,None,None,57,19,"(0, 0.1)",None,,,,,,,,,,,,,,0,0,0,0,0,20,20,20,17,0,17,0,302.59415039990563,,,,,,,,,,,,,,,,,,,,,,,,,,,,,,,,,,,,,,,,,,,,,,,,,,,,,,,,,,,,,,,,,,,,,,,,,,,,,,,,,,,,,,,,,,,,302.5818498999579,302.59415039990563,302.59415039990563,302.59415039990563,302.7778887999011,None,,,,,,,,,,,,,,,,,,,,,,,P8384,Bar_MIC,11,1,2026-04-09_15h27.42.794,MIC_task,,2026.1.2,60.0367665301919,2026-04-09 15h27.44.539502 +0200,
,,18,0,18,,,,,,,11,v10,bicikli,bicycle,10,vehicles,wheels,7,None,None,57,19,"(0, 0.1)",None,,,,,,,,,,,,,,0,0,0,0,0,20,20,20,18,0,18,0,302.79466249991674,,,,,,,,,,,,,,,,,,,,,,,,,,,,,,,,,,,,,,,,,,,,,,,,,,,,,,,,,,,,,,,,,,,,,,,,,,,,,,,,,,,,,,,,,,,,302.78091839991976,302.79466249991674,302.79466249991674,302.79466249991674,302.97830199997406,None,,,,,,,,,,,,,,,,,,,,,,,P8384,Bar_MIC,11,1,2026-04-09_15h27.42.794,MIC_task,,2026.1.2,60.0367665301919,2026-04-09 15h27.44.539502 +0200,
,,19,0,19,,,,,,,11,v10,bicikli,bicycle,10,vehicles,wheels,7,None,None,57,19,"(0, 0.1)",None,,,,,,,,,,,,,,0,0,0,0,0,20,20,20,19,0,19,0,302.9949074999895,,,,,,,,,,,,,,,,,,,,,,,,,,,,,,,,,,,,,,,,,,,,,,,,,,,,,,,,,,,,,,,,,,,,,,,,,,,,,,,,,,,,,,,,,,,,302.98139899992384,302.9949074999895,302.9949074999895,302.9949074999895,303.1788341999054,None,,,,,,,,,,,,,,,,,,,,,,,P8384,Bar_MIC,11,1,2026-04-09_15h27.42.794,MIC_task,,2026.1.2,60.0367665301919,2026-04-09 15h27.44.539502 +0200,
,,20,0,20,,,,,,,11,v10,bicikli,bicycle,10,vehicles,wheels,7,None,None,57,19,"(0, 0.1)",None,,,,,,,,,,,,,,0,0,0,0,0,20,20,20,20,0,20,0,303.19528829993214,,,,,,,,,,,,,,,,,,,,,,,,,,,,,,,,,,,,,,,,,,,,,,,,,,,,,,,,,,,,,,,,,,,,,,,,,,,,,,,,,,,,,,,,,,,,303.18159289995674,303.19528829993214,303.19528829993214,303.19528829993214,303.37941189995036,None,,,,,,,,,,,,,,,,,,,,,,,P8384,Bar_MIC,11,1,2026-04-09_15h27.42.794,MIC_task,,2026.1.2,60.0367665301919,2026-04-09 15h27.44.539502 +0200,
,,21,0,21,,,,,,,11,v10,bicikli,bicycle,10,vehicles,wheels,7,None,None,57,19,"(0, 0.1)",None,,,,,,,,,,,,,,0,0,0,0,0,20,20,20,21,0,21,0,303.3956249000039,,,,,,,,,,,,,,,,,,,,,,,,,,,,,,,,,,,,,,,,,,,,,,,,,,,,,,,,,,,,,,,,,,,,,,,,,,,,,,,,,,,,,,,,,,,,303.38248639996164,303.3956249000039,303.3956249000039,303.3956249000039,303.57979859993793,None,,,,,,,,,,,,,,,,,,,,,,,P8384,Bar_MIC,11,1,2026-04-09_15h27.42.794,MIC_task,,2026.1.2,60.0367665301919,2026-04-09 15h27.44.539502 +0200,
,,22,0,22,,,,,,,11,v10,bicikli,bicycle,10,vehicles,wheels,7,None,None,57,19,"(0, 0.1)",space,0.035623100004158914,None,,,,,,,,,,,,0,0,0,0,0,20,20,20,22,0,22,0,303.5959433999378,,,,,,,,,,,,,,,,,,,,,,,,,,,,,,,,,,,,,,,,,,,,,,,,,,,,,,,,,,,,,,,,,,,,,,,,,,,,,,,,,,,,,,,,,,,,303.58314979996067,303.5959433999378,303.5959433999378,303.5959433999378,303.6462747999467,space,0.035623100004158914,None,,,,,,,,,,,,,,,,,,,,,P8384,Bar_MIC,11,1,2026-04-09_15h27.42.794,MIC_task,,2026.1.2,60.0367665301919,2026-04-09 15h27.44.539502 +0200,
,,20,20,0,,,,space,0.2555832000216469,None,11,v10,bicikli,bicycle,10,vehicles,wheels,7,None,None,57,19,"(0, 0.1)",,,,,,,,,,,,,,,0,0,0,0,0,20,20,20,,,,,,,,,,,,,,,,,,,,,,,,,,,,,,,,,,,,,,,,,,,,,,,,,,,,,,,,,,,,,,,,,,,,,,,,,,,,,,,,,303.7106962999096,303.7164426998934,303.71216606664626,305.6493711998919,,,,,,307.6527191000059,307.669575399952,307.669575399952,307.9377372999443,,,,,,,,,,,,305.6728846000042,305.6787663999712,305.6825940333151,307.5517175999703,307.6526728000026,space,0.2555832000216469,None,,,,,,,,,,,,,P8384,Bar_MIC,11,1,2026-04-09_15h27.42.794,MIC_task,,2026.1.2,60.0367665301919,2026-04-09 15h27.44.539502 +0200,
,,0,0,0,,,,,,,11,p17,orvos,doctor,6,people,professions,7,843,None,104,None,"(0.1, -0.1)",None,,,,,,,,,,,,,,0,0,0,0,0,21,21,21,0,0,0,0,307.9624149999581,,,,,,,,,,,,,,,,,,,,,,,,,,,,,,,,,,,,,,,,,,,,,,,,,,,,,,,,,,,,,,,,,,,,,,,,,,,,,,,,,,,,,,,,,,,,307.9573370999424,307.9624149999581,307.9624149999581,307.9624149999581,308.15298969997093,None,,,,,,,,,,,,,,,,,,,,,,,P8384,Bar_MIC,11,1,2026-04-09_15h27.42.794,MIC_task,,2026.1.2,60.0367665301919,2026-04-09 15h27.44.539502 +0200,
,,0,0,0,,,,,,,11,p17,orvos,doctor,6,people,professions,7,843,None,104,None,"(0.1, -0.1)",None,,,,,,,,,,,,,,0,0,0,0,0,21,21,21,0,0,0,0,308.17182209994644,,,,,,,,,,,,,,,,,,,,,,,,,,,,,,,,,,,,,,,,,,,,,,,,,,,,,,,,,,,,,,,,,,,,,,,,,,,,,,,,,,,,,,,,,,,,308.1561303999042,308.17182209994644,308.17182209994644,308.17182209994644,308.35373329999857,None,,,,,,,,,,,,,,,,,,,,,,,P8384,Bar_MIC,11,1,2026-04-09_15h27.42.794,MIC_task,,2026.1.2,60.0367665301919,2026-04-09 15h27.44.539502 +0200,
,,1,0,1,,,,,,,11,p17,orvos,doctor,6,people,professions,7,843,None,104,None,"(0.1, -0.1)",None,,,,,,,,,,,,,,0,0,0,0,0,21,21,21,1,0,1,0,308.3699500999646,,,,,,,,,,,,,,,,,,,,,,,,,,,,,,,,,,,,,,,,,,,,,,,,,,,,,,,,,,,,,,,,,,,,,,,,,,,,,,,,,,,,,,,,,,,,308.35710319993086,308.3699500999646,308.3699500999646,308.3699500999646,308.55392799992114,None,,,,,,,,,,,,,,,,,,,,,,,P8384,Bar_MIC,11,1,2026-04-09_15h27.42.794,MIC_task,,2026.1.2,60.0367665301919,2026-04-09 15h27.44.539502 +0200,
,,2,0,2,,,,,,,11,p17,orvos,doctor,6,people,professions,7,843,None,104,None,"(0.1, -0.1)",None,,,,,,,,,,,,,,0,0,0,0,0,21,21,21,2,0,2,0,308.57025669992436,,,,,,,,,,,,,,,,,,,,,,,,,,,,,,,,,,,,,,,,,,,,,,,,,,,,,,,,,,,,,,,,,,,,,,,,,,,,,,,,,,,,,,,,,,,,308.55722309998237,308.57025669992436,308.57025669992436,308.57025669992436,308.75444039993454,None,,,,,,,,,,,,,,,,,,,,,,,P8384,Bar_MIC,11,1,2026-04-09_15h27.42.794,MIC_task,,2026.1.2,60.0367665301919,2026-04-09 15h27.44.539502 +0200,
,,3,0,3,,,,,,,11,p17,orvos,doctor,6,people,professions,7,843,None,104,None,"(0.1, -0.1)",None,,,,,,,,,,,,,,0,0,0,0,0,21,21,21,3,0,3,0,308.77068249997683,,,,,,,,,,,,,,,,,,,,,,,,,,,,,,,,,,,,,,,,,,,,,,,,,,,,,,,,,,,,,,,,,,,,,,,,,,,,,,,,,,,,,,,,,,,,308.75757099990733,308.77068249997683,308.77068249997683,308.77068249997683,308.9379170999164,None,,,,,,,,,,,,,,,,,,,,,,,P8384,Bar_MIC,11,1,2026-04-09_15h27.42.794,MIC_task,,2026.1.2,60.0367665301919,2026-04-09 15h27.44.539502 +0200,
,,4,0,4,,,,,,,11,p17,orvos,doctor,6,people,professions,7,843,None,104,None,"(0.1, -0.1)",None,,,,,,,,,,,,,,0,0,0,0,0,21,21,21,4,0,4,0,308.95428519998677,,,,,,,,,,,,,,,,,,,,,,,,,,,,,,,,,,,,,,,,,,,,,,,,,,,,,,,,,,,,,,,,,,,,,,,,,,,,,,,,,,,,,,,,,,,,308.94106330000795,308.95428519998677,308.95428519998677,308.95428519998677,309.1383768999949,None,,,,,,,,,,,,,,,,,,,,,,,P8384,Bar_MIC,11,1,2026-04-09_15h27.42.794,MIC_task,,2026.1.2,60.0367665301919,2026-04-09 15h27.44.539502 +0200,
,,5,0,5,,,,,,,11,p17,orvos,doctor,6,people,professions,7,843,None,104,None,"(0.1, -0.1)",None,,,,,,,,,,,,,,0,0,0,0,0,21,21,21,5,0,5,0,309.1547141999472,,,,,,,,,,,,,,,,,,,,,,,,,,,,,,,,,,,,,,,,,,,,,,,,,,,,,,,,,,,,,,,,,,,,,,,,,,,,,,,,,,,,,,,,,,,,309.14164729998447,309.1547141999472,309.1547141999472,309.1547141999472,309.33864649990574,None,,,,,,,,,,,,,,,,,,,,,,,P8384,Bar_MIC,11,1,2026-04-09_15h27.42.794,MIC_task,,2026.1.2,60.0367665301919,2026-04-09 15h27.44.539502 +0200,
,,6,0,6,,,,,,,11,p17,orvos,doctor,6,people,professions,7,843,None,104,None,"(0.1, -0.1)",None,,,,,,,,,,,,,,0,0,0,0,0,21,21,21,6,0,6,0,309.3550241999328,,,,,,,,,,,,,,,,,,,,,,,,,,,,,,,,,,,,,,,,,,,,,,,,,,,,,,,,,,,,,,,,,,,,,,,,,,,,,,,,,,,,,,,,,,,,309.3421135999961,309.3550241999328,309.3550241999328,309.3550241999328,309.5392288999865,None,,,,,,,,,,,,,,,,,,,,,,,P8384,Bar_MIC,11,1,2026-04-09_15h27.42.794,MIC_task,,2026.1.2,60.0367665301919,2026-04-09 15h27.44.539502 +0200,
,,7,0,7,,,,,,,11,p17,orvos,doctor,6,people,professions,7,843,None,104,None,"(0.1, -0.1)",None,,,,,,,,,,,,,,0,0,0,0,0,21,21,21,7,0,7,0,309.5546801999444,,,,,,,,,,,,,,,,,,,,,,,,,,,,,,,,,,,,,,,,,,,,,,,,,,,,,,,,,,,,,,,,,,,,,,,,,,,,,,,,,,,,,,,,,,,,309.5423728999449,309.5546801999444,309.5546801999444,309.5546801999444,309.7395275000017,None,,,,,,,,,,,,,,,,,,,,,,,P8384,Bar_MIC,11,1,2026-04-09_15h27.42.794,MIC_task,,2026.1.2,60.0367665301919,2026-04-09 15h27.44.539502 +0200,
,,8,0,8,,,,,,,11,p17,orvos,doctor,6,people,professions,7,843,None,104,None,"(0.1, -0.1)",None,,,,,,,,,,,,,,0,0,0,0,0,21,21,21,8,0,8,0,309.75501989992335,,,,,,,,,,,,,,,,,,,,,,,,,,,,,,,,,,,,,,,,,,,,,,,,,,,,,,,,,,,,,,,,,,,,,,,,,,,,,,,,,,,,,,,,,,,,309.74305359995924,309.75501989992335,309.75501989992335,309.75501989992335,309.9399876999669,None,,,,,,,,,,,,,,,,,,,,,,,P8384,Bar_MIC,11,1,2026-04-09_15h27.42.794,MIC_task,,2026.1.2,60.0367665301919,2026-04-09 15h27.44.539502 +0200,
,,9,0,9,,,,,,,11,p17,orvos,doctor,6,people,professions,7,843,None,104,None,"(0.1, -0.1)",None,,,,,,,,,,,,,,0,0,0,0,0,21,21,21,9,0,9,0,309.9554712999379,,,,,,,,,,,,,,,,,,,,,,,,,,,,,,,,,,,,,,,,,,,,,,,,,,,,,,,,,,,,,,,,,,,,,,,,,,,,,,,,,,,,,,,,,,,,309.94323199999053,309.9554712999379,309.9554712999379,309.9554712999379,310.13926289998926,None,,,,,,,,,,,,,,,,,,,,,,,P8384,Bar_MIC,11,1,2026-04-09_15h27.42.794,MIC_task,,2026.1.2,60.0367665301919,2026-04-09 15h27.44.539502 +0200,
,,10,0,10,,,,,,,11,p17,orvos,doctor,6,people,professions,7,843,None,104,None,"(0.1, -0.1)",None,,,,,,,,,,,,,,0,0,0,0,0,21,21,21,10,0,10,0,310.15579759993125,,,,,,,,,,,,,,,,,,,,,,,,,,,,,,,,,,,,,,,,,,,,,,,,,,,,,,,,,,,,,,,,,,,,,,,,,,,,,,,,,,,,,,,,,,,,310.142661199905,310.15579759993125,310.15579759993125,310.15579759993125,310.33953859994654,None,,,,,,,,,,,,,,,,,,,,,,,P8384,Bar_MIC,11,1,2026-04-09_15h27.42.794,MIC_task,,2026.1.2,60.0367665301919,2026-04-09 15h27.44.539502 +0200,
,,11,0,11,,,,,,,11,p17,orvos,doctor,6,people,professions,7,843,None,104,None,"(0.1, -0.1)",None,,,,,,,,,,,,,,0,0,0,0,0,21,21,21,11,0,11,0,310.35619249998126,,,,,,,,,,,,,,,,,,,,,,,,,,,,,,,,,,,,,,,,,,,,,,,,,,,,,,,,,,,,,,,,,,,,,,,,,,,,,,,,,,,,,,,,,,,,310.3427949999459,310.35619249998126,310.35619249998126,310.35619249998126,310.54026209993754,None,,,,,,,,,,,,,,,,,,,,,,,P8384,Bar_MIC,11,1,2026-04-09_15h27.42.794,MIC_task,,2026.1.2,60.0367665301919,2026-04-09 15h27.44.539502 +0200,
,,12,0,12,,,,,,,11,p17,orvos,doctor,6,people,professions,7,843,None,104,None,"(0.1, -0.1)",None,,,,,,,,,,,,,,0,0,0,0,0,21,21,21,12,0,12,0,310.5565742999315,,,,,,,,,,,,,,,,,,,,,,,,,,,,,,,,,,,,,,,,,,,,,,,,,,,,,,,,,,,,,,,,,,,,,,,,,,,,,,,,,,,,,,,,,,,,310.5435927999206,310.5565742999315,310.5565742999315,310.5565742999315,310.74051129992586,None,,,,,,,,,,,,,,,,,,,,,,,P8384,Bar_MIC,11,1,2026-04-09_15h27.42.794,MIC_task,,2026.1.2,60.0367665301919,2026-04-09 15h27.44.539502 +0200,
,,13,0,13,,,,,,,11,p17,orvos,doctor,6,people,professions,7,843,None,104,None,"(0.1, -0.1)",None,,,,,,,,,,,,,,0,0,0,0,0,21,21,21,13,0,13,0,310.7569796999451,,,,,,,,,,,,,,,,,,,,,,,,,,,,,,,,,,,,,,,,,,,,,,,,,,,,,,,,,,,,,,,,,,,,,,,,,,,,,,,,,,,,,,,,,,,,310.7434063999681,310.7569796999451,310.7569796999451,310.7569796999451,310.94093339995015,None,,,,,,,,,,,,,,,,,,,,,,,P8384,Bar_MIC,11,1,2026-04-09_15h27.42.794,MIC_task,,2026.1.2,60.0367665301919,2026-04-09 15h27.44.539502 +0200,
,,14,0,14,,,,,,,11,p17,orvos,doctor,6,people,professions,7,843,None,104,None,"(0.1, -0.1)",None,,,,,,,,,,,,,,0,0,0,0,0,21,21,21,14,0,14,0,310.95720929990057,,,,,,,,,,,,,,,,,,,,,,,,,,,,,,,,,,,,,,,,,,,,,,,,,,,,,,,,,,,,,,,,,,,,,,,,,,,,,,,,,,,,,,,,,,,,310.9440915999003,310.95720929990057,310.95720929990057,310.95720929990057,311.1412900999421,None,,,,,,,,,,,,,,,,,,,,,,,P8384,Bar_MIC,11,1,2026-04-09_15h27.42.794,MIC_task,,2026.1.2,60.0367665301919,2026-04-09 15h27.44.539502 +0200,
,,15,0,15,,,,,,,11,p17,orvos,doctor,6,people,professions,7,843,None,104,None,"(0.1, -0.1)",None,,,,,,,,,,,,,,0,0,0,0,0,21,21,21,15,0,15,0,311.1576232999796,,,,,,,,,,,,,,,,,,,,,,,,,,,,,,,,,,,,,,,,,,,,,,,,,,,,,,,,,,,,,,,,,,,,,,,,,,,,,,,,,,,,,,,,,,,,311.1447868999094,311.1576232999796,311.1576232999796,311.1576232999796,311.3421846999554,None,,,,,,,,,,,,,,,,,,,,,,,P8384,Bar_MIC,11,1,2026-04-09_15h27.42.794,MIC_task,,2026.1.2,60.0367665301919,2026-04-09 15h27.44.539502 +0200,
,,16,0,16,,,,,,,11,p17,orvos,doctor,6,people,professions,7,843,None,104,None,"(0.1, -0.1)",None,,,,,,,,,,,,,,0,0,0,0,0,21,21,21,16,0,16,0,311.3580078999512,,,,,,,,,,,,,,,,,,,,,,,,,,,,,,,,,,,,,,,,,,,,,,,,,,,,,,,,,,,,,,,,,,,,,,,,,,,,,,,,,,,,,,,,,,,,311.3453341999557,311.3580078999512,311.3580078999512,311.3580078999512,311.5421249999199,None,,,,,,,,,,,,,,,,,,,,,,,P8384,Bar_MIC,11,1,2026-04-09_15h27.42.794,MIC_task,,2026.1.2,60.0367665301919,2026-04-09 15h27.44.539502 +0200,
,,17,0,17,,,,,,,11,p17,orvos,doctor,6,people,professions,7,843,None,104,None,"(0.1, -0.1)",None,,,,,,,,,,,,,,0,0,0,0,0,21,21,21,17,0,17,0,311.55840029998217,,,,,,,,,,,,,,,,,,,,,,,,,,,,,,,,,,,,,,,,,,,,,,,,,,,,,,,,,,,,,,,,,,,,,,,,,,,,,,,,,,,,,,,,,,,,311.5450259000063,311.55840029998217,311.55840029998217,311.55840029998217,311.7424516999163,None,,,,,,,,,,,,,,,,,,,,,,,P8384,Bar_MIC,11,1,2026-04-09_15h27.42.794,MIC_task,,2026.1.2,60.0367665301919,2026-04-09 15h27.44.539502 +0200,
,,18,0,18,,,,,,,11,p17,orvos,doctor,6,people,professions,7,843,None,104,None,"(0.1, -0.1)",None,,,,,,,,,,,,,,0,0,0,0,0,21,21,21,18,0,18,0,311.7579718999332,,,,,,,,,,,,,,,,,,,,,,,,,,,,,,,,,,,,,,,,,,,,,,,,,,,,,,,,,,,,,,,,,,,,,,,,,,,,,,,,,,,,,,,,,,,,311.74563199991826,311.7579718999332,311.7579718999332,311.7579718999332,311.942964799935,None,,,,,,,,,,,,,,,,,,,,,,,P8384,Bar_MIC,11,1,2026-04-09_15h27.42.794,MIC_task,,2026.1.2,60.0367665301919,2026-04-09 15h27.44.539502 +0200,
,,19,0,19,,,,,,,11,p17,orvos,doctor,6,people,professions,7,843,None,104,None,"(0.1, -0.1)",None,,,,,,,,,,,,,,0,0,0,0,0,21,21,21,19,0,19,0,311.95836229994893,,,,,,,,,,,,,,,,,,,,,,,,,,,,,,,,,,,,,,,,,,,,,,,,,,,,,,,,,,,,,,,,,,,,,,,,,,,,,,,,,,,,,,,,,,,,311.94613299996126,311.95836229994893,311.95836229994893,311.95836229994893,312.14328169997316,None,,,,,,,,,,,,,,,,,,,,,,,P8384,Bar_MIC,11,1,2026-04-09_15h27.42.794,MIC_task,,2026.1.2,60.0367665301919,2026-04-09 15h27.44.539502 +0200,
,,20,0,20,,,,,,,11,p17,orvos,doctor,6,people,professions,7,843,None,104,None,"(0.1, -0.1)",None,,,,,,,,,,,,,,0,0,0,0,0,21,21,21,20,0,20,0,312.1587557999883,,,,,,,,,,,,,,,,,,,,,,,,,,,,,,,,,,,,,,,,,,,,,,,,,,,,,,,,,,,,,,,,,,,,,,,,,,,,,,,,,,,,,,,,,,,,312.1465666999575,312.1587557999883,312.1587557999883,312.1587557999883,312.34245110000484,None,,,,,,,,,,,,,,,,,,,,,,,P8384,Bar_MIC,11,1,2026-04-09_15h27.42.794,MIC_task,,2026.1.2,60.0367665301919,2026-04-09 15h27.44.539502 +0200,
,,21,0,21,,,,,,,11,p17,orvos,doctor,6,people,professions,7,843,None,104,None,"(0.1, -0.1)",space,0.15479040006175637,None,,,,,,,,,,,,0,0,0,0,0,21,21,21,21,0,21,0,312.35915109992493,,,,,,,,,,,,,,,,,,,,,,,,,,,,,,,,,,,,,,,,,,,,,,,,,,,,,,,,,,,,,,,,,,,,,,,,,,,,,,,,,,,,,,,,,,,,312.3454291999806,312.35915109992493,312.35915109992493,312.35915109992493,312.5281621000031,space,0.15479040006175637,None,,,,,,,,,,,,,,,,,,,,,P8384,Bar_MIC,11,1,2026-04-09_15h27.42.794,MIC_task,,2026.1.2,60.0367665301919,2026-04-09 15h27.44.539502 +0200,
,,21,21,0,,,,space,0.32803750003222376,None,11,p17,orvos,doctor,6,people,professions,7,843,None,104,None,"(0.1, -0.1)",,,,,,,,,,,,,,,0,0,0,0,0,21,21,21,,,,,,,,,,,,,,,,,,,,,,,,,,,,,,,,,,,,,,,,,,,,,,,,,,,,,,,,,,,,,,,,,,,,,,,,,,,,,,,,,312.59009199996945,312.5958274999866,312.5939414666655,314.5291359999683,,,,,,316.533155699959,316.54985099995974,316.54985099995974,316.88474399992265,,,,,,,,,,,,314.55469979997724,314.56048879993614,314.56236363331163,316.4494849999901,316.53310909995344,space,0.32803750003222376,None,,,,,,,,,,,,,P8384,Bar_MIC,11,1,2026-04-09_15h27.42.794,MIC_task,,2026.1.2,60.0367665301919,2026-04-09 15h27.44.539502 +0200,
,,0,0,0,,,,,,,11,l18,lépcső,stairs,5,location,house,6.4,21,24,78,None,"(0.1, -0.1)",None,,,,,,,,,,,,,,0,0,0,0,0,22,22,22,0,0,0,0,316.9101804998936,,,,,,,,,,,,,,,,,,,,,,,,,,,,,,,,,,,,,,,,,,,,,,,,,,,,,,,,,,,,,,,,,,,,,,,,,,,,,,,,,,,,,,,,,,,,316.9050660999492,316.9101804998936,316.9101804998936,316.9101804998936,317.10082009993494,None,,,,,,,,,,,,,,,,,,,,,,,P8384,Bar_MIC,11,1,2026-04-09_15h27.42.794,MIC_task,,2026.1.2,60.0367665301919,2026-04-09 15h27.44.539502 +0200,
,,0,0,0,,,,,,,11,l18,lépcső,stairs,5,location,house,6.4,21,24,78,None,"(0.1, -0.1)",None,,,,,,,,,,,,,,0,0,0,0,0,22,22,22,0,0,0,0,317.11632269993424,,,,,,,,,,,,,,,,,,,,,,,,,,,,,,,,,,,,,,,,,,,,,,,,,,,,,,,,,,,,,,,,,,,,,,,,,,,,,,,,,,,,,,,,,,,,317.104155399953,317.11632269993424,317.11632269993424,317.11632269993424,317.3012976999162,None,,,,,,,,,,,,,,,,,,,,,,,P8384,Bar_MIC,11,1,2026-04-09_15h27.42.794,MIC_task,,2026.1.2,60.0367665301919,2026-04-09 15h27.44.539502 +0200,
,,1,0,1,,,,,,,11,l18,lépcső,stairs,5,location,house,6.4,21,24,78,None,"(0.1, -0.1)",None,,,,,,,,,,,,,,0,0,0,0,0,22,22,22,1,0,1,0,317.3167523999,,,,,,,,,,,,,,,,,,,,,,,,,,,,,,,,,,,,,,,,,,,,,,,,,,,,,,,,,,,,,,,,,,,,,,,,,,,,,,,,,,,,,,,,,,,,317.30431889998727,317.3167523999,317.3167523999,317.3167523999,317.4848836999154,None,,,,,,,,,,,,,,,,,,,,,,,P8384,Bar_MIC,11,1,2026-04-09_15h27.42.794,MIC_task,,2026.1.2,60.0367665301919,2026-04-09 15h27.44.539502 +0200,
,,2,0,2,,,,,,,11,l18,lépcső,stairs,5,location,house,6.4,21,24,78,None,"(0.1, -0.1)",None,,,,,,,,,,,,,,0,0,0,0,0,22,22,22,2,0,2,0,317.50033029995393,,,,,,,,,,,,,,,,,,,,,,,,,,,,,,,,,,,,,,,,,,,,,,,,,,,,,,,,,,,,,,,,,,,,,,,,,,,,,,,,,,,,,,,,,,,,317.48769789992366,317.50033029995393,317.50033029995393,317.50033029995393,317.68521629995666,None,,,,,,,,,,,,,,,,,,,,,,,P8384,Bar_MIC,11,1,2026-04-09_15h27.42.794,MIC_task,,2026.1.2,60.0367665301919,2026-04-09 15h27.44.539502 +0200,
,,3,0,3,,,,,,,11,l18,lépcső,stairs,5,location,house,6.4,21,24,78,None,"(0.1, -0.1)",None,,,,,,,,,,,,,,0,0,0,0,0,22,22,22,3,0,3,0,317.70072540000547,,,,,,,,,,,,,,,,,,,,,,,,,,,,,,,,,,,,,,,,,,,,,,,,,,,,,,,,,,,,,,,,,,,,,,,,,,,,,,,,,,,,,,,,,,,,317.68854659993667,317.70072540000547,317.70072540000547,317.70072540000547,317.8858275999082,None,,,,,,,,,,,,,,,,,,,,,,,P8384,Bar_MIC,11,1,2026-04-09_15h27.42.794,MIC_task,,2026.1.2,60.0367665301919,2026-04-09 15h27.44.539502 +0200,
,,4,0,4,,,,,,,11,l18,lépcső,stairs,5,location,house,6.4,21,24,78,None,"(0.1, -0.1)",None,,,,,,,,,,,,,,0,0,0,0,0,22,22,22,4,0,4,0,317.901068200008,,,,,,,,,,,,,,,,,,,,,,,,,,,,,,,,,,,,,,,,,,,,,,,,,,,,,,,,,,,,,,,,,,,,,,,,,,,,,,,,,,,,,,,,,,,,317.8887739999918,317.901068200008,317.901068200008,317.901068200008,318.08494019997306,None,,,,,,,,,,,,,,,,,,,,,,,P8384,Bar_MIC,11,1,2026-04-09_15h27.42.794,MIC_task,,2026.1.2,60.0367665301919,2026-04-09 15h27.44.539502 +0200,
,,5,0,5,,,,,,,11,l18,lépcső,stairs,5,location,house,6.4,21,24,78,None,"(0.1, -0.1)",None,,,,,,,,,,,,,,0,0,0,0,0,22,22,22,5,0,5,0,318.1014413998928,,,,,,,,,,,,,,,,,,,,,,,,,,,,,,,,,,,,,,,,,,,,,,,,,,,,,,,,,,,,,,,,,,,,,,,,,,,,,,,,,,,,,,,,,,,,318.08853239996824,318.1014413998928,318.1014413998928,318.1014413998928,318.2853496999014,None,,,,,,,,,,,,,,,,,,,,,,,P8384,Bar_MIC,11,1,2026-04-09_15h27.42.794,MIC_task,,2026.1.2,60.0367665301919,2026-04-09 15h27.44.539502 +0200,
,,6,0,6,,,,,,,11,l18,lépcső,stairs,5,location,house,6.4,21,24,78,None,"(0.1, -0.1)",None,,,,,,,,,,,,,,0,0,0,0,0,22,22,22,6,0,6,0,318.30179919989314,,,,,,,,,,,,,,,,,,,,,,,,,,,,,,,,,,,,,,,,,,,,,,,,,,,,,,,,,,,,,,,,,,,,,,,,,,,,,,,,,,,,,,,,,,,,318.2885410999879,318.30179919989314,318.30179919989314,318.30179919989314,318.4858354999451,None,,,,,,,,,,,,,,,,,,,,,,,P8384,Bar_MIC,11,1,2026-04-09_15h27.42.794,MIC_task,,2026.1.2,60.0367665301919,2026-04-09 15h27.44.539502 +0200,
,,7,0,7,,,,,,,11,l18,lépcső,stairs,5,location,house,6.4,21,24,78,None,"(0.1, -0.1)",None,,,,,,,,,,,,,,0,0,0,0,0,22,22,22,7,0,7,0,318.50208959996235,,,,,,,,,,,,,,,,,,,,,,,,,,,,,,,,,,,,,,,,,,,,,,,,,,,,,,,,,,,,,,,,,,,,,,,,,,,,,,,,,,,,,,,,,,,,318.48870309989434,318.50208959996235,318.50208959996235,318.50208959996235,318.686258599977,None,,,,,,,,,,,,,,,,,,,,,,,P8384,Bar_MIC,11,1,2026-04-09_15h27.42.794,MIC_task,,2026.1.2,60.0367665301919,2026-04-09 15h27.44.539502 +0200,
,,8,0,8,,,,,,,11,l18,lépcső,stairs,5,location,house,6.4,21,24,78,None,"(0.1, -0.1)",None,,,,,,,,,,,,,,0,0,0,0,0,22,22,22,8,0,8,0,318.7024429999292,,,,,,,,,,,,,,,,,,,,,,,,,,,,,,,,,,,,,,,,,,,,,,,,,,,,,,,,,,,,,,,,,,,,,,,,,,,,,,,,,,,,,,,,,,,,318.6892149999039,318.7024429999292,318.7024429999292,318.7024429999292,318.88665309990756,None,,,,,,,,,,,,,,,,,,,,,,,P8384,Bar_MIC,11,1,2026-04-09_15h27.42.794,MIC_task,,2026.1.2,60.0367665301919,2026-04-09 15h27.44.539502 +0200,
,,9,0,9,,,,,,,11,l18,lépcső,stairs,5,location,house,6.4,21,24,78,None,"(0.1, -0.1)",None,,,,,,,,,,,,,,0,0,0,0,0,22,22,22,9,0,9,0,318.90294949989766,,,,,,,,,,,,,,,,,,,,,,,,,,,,,,,,,,,,,,,,,,,,,,,,,,,,,,,,,,,,,,,,,,,,,,,,,,,,,,,,,,,,,,,,,,,,318.8896311999997,318.90294949989766,318.90294949989766,318.90294949989766,319.08694279997144,None,,,,,,,,,,,,,,,,,,,,,,,P8384,Bar_MIC,11,1,2026-04-09_15h27.42.794,MIC_task,,2026.1.2,60.0367665301919,2026-04-09 15h27.44.539502 +0200,
,,10,0,10,,,,,,,11,l18,lépcső,stairs,5,location,house,6.4,21,24,78,None,"(0.1, -0.1)",None,,,,,,,,,,,,,,0,0,0,0,0,22,22,22,10,0,10,0,319.1024791999953,,,,,,,,,,,,,,,,,,,,,,,,,,,,,,,,,,,,,,,,,,,,,,,,,,,,,,,,,,,,,,,,,,,,,,,,,,,,,,,,,,,,,,,,,,,,319.08985629992094,319.1024791999953,319.1024791999953,319.1024791999953,319.2873698999174,None,,,,,,,,,,,,,,,,,,,,,,,P8384,Bar_MIC,11,1,2026-04-09_15h27.42.794,MIC_task,,2026.1.2,60.0367665301919,2026-04-09 15h27.44.539502 +0200,
,,11,0,11,,,,,,,11,l18,lépcső,stairs,5,location,house,6.4,21,24,78,None,"(0.1, -0.1)",None,,,,,,,,,,,,,,0,0,0,0,0,22,22,22,11,0,11,0,319.30287159990985,,,,,,,,,,,,,,,,,,,,,,,,,,,,,,,,,,,,,,,,,,,,,,,,,,,,,,,,,,,,,,,,,,,,,,,,,,,,,,,,,,,,,,,,,,,,319.29046099993866,319.30287159990985,319.30287159990985,319.30287159990985,319.48771549994126,None,,,,,,,,,,,,,,,,,,,,,,,P8384,Bar_MIC,11,1,2026-04-09_15h27.42.794,MIC_task,,2026.1.2,60.0367665301919,2026-04-09 15h27.44.539502 +0200,
,,12,0,12,,,,,,,11,l18,lépcső,stairs,5,location,house,6.4,21,24,78,None,"(0.1, -0.1)",None,,,,,,,,,,,,,,0,0,0,0,0,22,22,22,12,0,12,0,319.5032818999607,,,,,,,,,,,,,,,,,,,,,,,,,,,,,,,,,,,,,,,,,,,,,,,,,,,,,,,,,,,,,,,,,,,,,,,,,,,,,,,,,,,,,,,,,,,,319.49121639993973,319.5032818999607,319.5032818999607,319.5032818999607,319.68832389998715,None,,,,,,,,,,,,,,,,,,,,,,,P8384,Bar_MIC,11,1,2026-04-09_15h27.42.794,MIC_task,,2026.1.2,60.0367665301919,2026-04-09 15h27.44.539502 +0200,
,,13,0,13,,,,,,,11,l18,lépcső,stairs,5,location,house,6.4,21,24,78,None,"(0.1, -0.1)",None,,,,,,,,,,,,,,0,0,0,0,0,22,22,22,13,0,13,0,319.7037164999638,,,,,,,,,,,,,,,,,,,,,,,,,,,,,,,,,,,,,,,,,,,,,,,,,,,,,,,,,,,,,,,,,,,,,,,,,,,,,,,,,,,,,,,,,,,,319.69141639990266,319.7037164999638,319.7037164999638,319.7037164999638,319.8873830999946,None,,,,,,,,,,,,,,,,,,,,,,,P8384,Bar_MIC,11,1,2026-04-09_15h27.42.794,MIC_task,,2026.1.2,60.0367665301919,2026-04-09 15h27.44.539502 +0200,
,,14,0,14,,,,,,,11,l18,lépcső,stairs,5,location,house,6.4,21,24,78,None,"(0.1, -0.1)",None,,,,,,,,,,,,,,0,0,0,0,0,22,22,22,14,0,14,0,319.9040561999427,,,,,,,,,,,,,,,,,,,,,,,,,,,,,,,,,,,,,,,,,,,,,,,,,,,,,,,,,,,,,,,,,,,,,,,,,,,,,,,,,,,,,,,,,,,,319.8906158999307,319.9040561999427,319.9040561999427,319.9040561999427,320.0877624999266,None,,,,,,,,,,,,,,,,,,,,,,,P8384,Bar_MIC,11,1,2026-04-09_15h27.42.794,MIC_task,,2026.1.2,60.0367665301919,2026-04-09 15h27.44.539502 +0200,
,,15,0,15,,,,,,,11,l18,lépcső,stairs,5,location,house,6.4,21,24,78,None,"(0.1, -0.1)",None,,,,,,,,,,,,,,0,0,0,0,0,22,22,22,15,0,15,0,320.10440189996734,,,,,,,,,,,,,,,,,,,,,,,,,,,,,,,,,,,,,,,,,,,,,,,,,,,,,,,,,,,,,,,,,,,,,,,,,,,,,,,,,,,,,,,,,,,,320.0911994999042,320.10440189996734,320.10440189996734,320.10440189996734,320.28833189990837,None,,,,,,,,,,,,,,,,,,,,,,,P8384,Bar_MIC,11,1,2026-04-09_15h27.42.794,MIC_task,,2026.1.2,60.0367665301919,2026-04-09 15h27.44.539502 +0200,
,,16,0,16,,,,,,,11,l18,lépcső,stairs,5,location,house,6.4,21,24,78,None,"(0.1, -0.1)",None,,,,,,,,,,,,,,0,0,0,0,0,22,22,22,16,0,16,0,320.30489479994867,,,,,,,,,,,,,,,,,,,,,,,,,,,,,,,,,,,,,,,,,,,,,,,,,,,,,,,,,,,,,,,,,,,,,,,,,,,,,,,,,,,,,,,,,,,,320.2911317999242,320.30489479994867,320.30489479994867,320.30489479994867,320.4887124999659,None,,,,,,,,,,,,,,,,,,,,,,,P8384,Bar_MIC,11,1,2026-04-09_15h27.42.794,MIC_task,,2026.1.2,60.0367665301919,2026-04-09 15h27.44.539502 +0200,
,,17,0,17,,,,,,,11,l18,lépcső,stairs,5,location,house,6.4,21,24,78,None,"(0.1, -0.1)",None,,,,,,,,,,,,,,0,0,0,0,0,22,22,22,17,0,17,0,320.5052249999717,,,,,,,,,,,,,,,,,,,,,,,,,,,,,,,,,,,,,,,,,,,,,,,,,,,,,,,,,,,,,,,,,,,,,,,,,,,,,,,,,,,,,,,,,,,,320.49169239995535,320.5052249999717,320.5052249999717,320.5052249999717,320.6891512000002,None,,,,,,,,,,,,,,,,,,,,,,,P8384,Bar_MIC,11,1,2026-04-09_15h27.42.794,MIC_task,,2026.1.2,60.0367665301919,2026-04-09 15h27.44.539502 +0200,
,,18,0,18,,,,,,,11,l18,lépcső,stairs,5,location,house,6.4,21,24,78,None,"(0.1, -0.1)",None,,,,,,,,,,,,,,0,0,0,0,0,22,22,22,18,0,18,0,320.7055484999437,,,,,,,,,,,,,,,,,,,,,,,,,,,,,,,,,,,,,,,,,,,,,,,,,,,,,,,,,,,,,,,,,,,,,,,,,,,,,,,,,,,,,,,,,,,,320.6926094999071,320.7055484999437,320.7055484999437,320.7055484999437,320.889510299894,None,,,,,,,,,,,,,,,,,,,,,,,P8384,Bar_MIC,11,1,2026-04-09_15h27.42.794,MIC_task,,2026.1.2,60.0367665301919,2026-04-09 15h27.44.539502 +0200,
,,19,0,19,,,,,,,11,l18,lépcső,stairs,5,location,house,6.4,21,24,78,None,"(0.1, -0.1)",None,,,,,,,,,,,,,,0,0,0,0,0,22,22,22,19,0,19,0,320.9059047999326,,,,,,,,,,,,,,,,,,,,,,,,,,,,,,,,,,,,,,,,,,,,,,,,,,,,,,,,,,,,,,,,,,,,,,,,,,,,,,,,,,,,,,,,,,,,320.8929128999589,320.9059047999326,320.9059047999326,320.9059047999326,321.0898858999135,None,,,,,,,,,,,,,,,,,,,,,,,P8384,Bar_MIC,11,1,2026-04-09_15h27.42.794,MIC_task,,2026.1.2,60.0367665301919,2026-04-09 15h27.44.539502 +0200,
,,20,0,20,,,,,,,11,l18,lépcső,stairs,5,location,house,6.4,21,24,78,None,"(0.1, -0.1)",None,,,,,,,,,,,,,,0,0,0,0,0,22,22,22,20,0,20,0,321.10622149996925,,,,,,,,,,,,,,,,,,,,,,,,,,,,,,,,,,,,,,,,,,,,,,,,,,,,,,,,,,,,,,,,,,,,,,,,,,,,,,,,,,,,,,,,,,,,321.0932947999099,321.10622149996925,321.10622149996925,321.10622149996925,321.2903734999709,None,,,,,,,,,,,,,,,,,,,,,,,P8384,Bar_MIC,11,1,2026-04-09_15h27.42.794,MIC_task,,2026.1.2,60.0367665301919,2026-04-09 15h27.44.539502 +0200,
,,21,0,21,,,,,,,11,l18,lépcső,stairs,5,location,house,6.4,21,24,78,None,"(0.1, -0.1)",None,,,,,,,,,,,,,,0,0,0,0,0,22,22,22,21,0,21,0,321.3066337999189,,,,,,,,,,,,,,,,,,,,,,,,,,,,,,,,,,,,,,,,,,,,,,,,,,,,,,,,,,,,,,,,,,,,,,,,,,,,,,,,,,,,,,,,,,,,321.2932902999455,321.3066337999189,321.3066337999189,321.3066337999189,321.49079359997995,None,,,,,,,,,,,,,,,,,,,,,,,P8384,Bar_MIC,11,1,2026-04-09_15h27.42.794,MIC_task,,2026.1.2,60.0367665301919,2026-04-09 15h27.44.539502 +0200,
,,22,0,22,,,,,,,11,l18,lépcső,stairs,5,location,house,6.4,21,24,78,None,"(0.1, -0.1)",None,,,,,,,,,,,,,,0,0,0,0,0,22,22,22,22,0,22,0,321.50625249999575,,,,,,,,,,,,,,,,,,,,,,,,,,,,,,,,,,,,,,,,,,,,,,,,,,,,,,,,,,,,,,,,,,,,,,,,,,,,,,,,,,,,,,,,,,,,321.4940706999041,321.50625249999575,321.50625249999575,321.50625249999575,321.6910825999221,None,,,,,,,,,,,,,,,,,,,,,,,P8384,Bar_MIC,11,1,2026-04-09_15h27.42.794,MIC_task,,2026.1.2,60.0367665301919,2026-04-09 15h27.44.539502 +0200,
,,23,0,23,,,,,,,11,l18,lépcső,stairs,5,location,house,6.4,21,24,78,None,"(0.1, -0.1)",None,,,,,,,,,,,,,,0,0,0,0,0,22,22,22,23,0,23,0,321.70660829998087,,,,,,,,,,,,,,,,,,,,,,,,,,,,,,,,,,,,,,,,,,,,,,,,,,,,,,,,,,,,,,,,,,,,,,,,,,,,,,,,,,,,,,,,,,,,321.69416569999885,321.70660829998087,321.70660829998087,321.70660829998087,321.89159559994005,None,,,,,,,,,,,,,,,,,,,,,,,P8384,Bar_MIC,11,1,2026-04-09_15h27.42.794,MIC_task,,2026.1.2,60.0367665301919,2026-04-09 15h27.44.539502 +0200,
,,24,0,24,,,,,,,11,l18,lépcső,stairs,5,location,house,6.4,21,24,78,None,"(0.1, -0.1)",None,,,,,,,,,,,,,,0,0,0,0,0,22,22,22,24,0,24,0,321.9070025999099,,,,,,,,,,,,,,,,,,,,,,,,,,,,,,,,,,,,,,,,,,,,,,,,,,,,,,,,,,,,,,,,,,,,,,,,,,,,,,,,,,,,,,,,,,,,321.89442659995984,321.9070025999099,321.9070025999099,321.9070025999099,322.0910359999398,None,,,,,,,,,,,,,,,,,,,,,,,P8384,Bar_MIC,11,1,2026-04-09_15h27.42.794,MIC_task,,2026.1.2,60.0367665301919,2026-04-09 15h27.44.539502 +0200,
,,25,0,25,,,,,,,11,l18,lépcső,stairs,5,location,house,6.4,21,24,78,None,"(0.1, -0.1)",space,0.03878359997179359,None,,,,,,,,,,,,0,0,0,0,0,22,22,22,25,0,25,0,322.10741840000264,,,,,,,,,,,,,,,,,,,,,,,,,,,,,,,,,,,,,,,,,,,,,,,,,,,,,,,,,,,,,,,,,,,,,,,,,,,,,,,,,,,,,,,,,,,,322.0939581999555,322.10741840000264,322.10741840000264,322.10741840000264,322.1591453999281,space,0.03878359997179359,None,,,,,,,,,,,,,,,,,,,,,P8384,Bar_MIC,11,1,2026-04-09_15h27.42.794,MIC_task,,2026.1.2,60.0367665301919,2026-04-09 15h27.44.539502 +0200,
,,22,22,0,,,,space,0.9450109000317752,None,11,l18,lépcső,stairs,5,location,house,6.4,21,24,78,None,"(0.1, -0.1)",,,,,,,,,,,,,,,0,0,0,0,0,22,22,22,,,,,,,,,,,,,,,,,,,,,,,,,,,,,,,,,,,,,,,,,,,,,,,,,,,,,,,,,,,,,,,,,,,,,,,,,,,,,,,,,322.2212539999746,322.2274327999912,322.224918866662,324.1608509999933,,,,,,326.1650756999152,326.1804398999084,326.1804398999084,327.13338909996673,,,,,,,,,,,,324.1919562999392,324.1968288999051,324.1940603333137,326.08058740000706,326.1650272998959,space,0.9450109000317752,None,,,,,,,,,,,,,P8384,Bar_MIC,11,1,2026-04-09_15h27.42.794,MIC_task,,2026.1.2,60.0367665301919,2026-04-09 15h27.44.539502 +0200,
,,0,0,0,,,,,,,11,a21,elefánt,elephant,1,animal,mammal,6.4,14,21,57,None,"(-0.1, 0.1)",None,,,,,,,,,,,,,,0,0,0,0,0,23,23,23,0,0,0,0,327.15890359994955,,,,,,,,,,,,,,,,,,,,,,,,,,,,,,,,,,,,,,,,,,,,,,,,,,,,,,,,,,,,,,,,,,,,,,,,,,,,,,,,,,,,,,,,,,,,327.1535982999485,327.15890359994955,327.15890359994955,327.15890359994955,327.3494828999974,None,,,,,,,,,,,,,,,,,,,,,,,P8384,Bar_MIC,11,1,2026-04-09_15h27.42.794,MIC_task,,2026.1.2,60.0367665301919,2026-04-09 15h27.44.539502 +0200,
,,0,0,0,,,,,,,11,a21,elefánt,elephant,1,animal,mammal,6.4,14,21,57,None,"(-0.1, 0.1)",None,,,,,,,,,,,,,,0,0,0,0,0,23,23,23,0,0,0,0,327.36578499991447,,,,,,,,,,,,,,,,,,,,,,,,,,,,,,,,,,,,,,,,,,,,,,,,,,,,,,,,,,,,,,,,,,,,,,,,,,,,,,,,,,,,,,,,,,,,327.35246679990087,327.36578499991447,327.36578499991447,327.36578499991447,327.5498885998968,None,,,,,,,,,,,,,,,,,,,,,,,P8384,Bar_MIC,11,1,2026-04-09_15h27.42.794,MIC_task,,2026.1.2,60.0367665301919,2026-04-09 15h27.44.539502 +0200,
,,1,0,1,,,,,,,11,a21,elefánt,elephant,1,animal,mammal,6.4,14,21,57,None,"(-0.1, 0.1)",None,,,,,,,,,,,,,,0,0,0,0,0,23,23,23,1,0,1,0,327.566202399903,,,,,,,,,,,,,,,,,,,,,,,,,,,,,,,,,,,,,,,,,,,,,,,,,,,,,,,,,,,,,,,,,,,,,,,,,,,,,,,,,,,,,,,,,,,,327.5528750999365,327.566202399903,327.566202399903,327.566202399903,327.73351689998526,None,,,,,,,,,,,,,,,,,,,,,,,P8384,Bar_MIC,11,1,2026-04-09_15h27.42.794,MIC_task,,2026.1.2,60.0367665301919,2026-04-09 15h27.44.539502 +0200,
,,2,0,2,,,,,,,11,a21,elefánt,elephant,1,animal,mammal,6.4,14,21,57,None,"(-0.1, 0.1)",None,,,,,,,,,,,,,,0,0,0,0,0,23,23,23,2,0,2,0,327.74985469994135,,,,,,,,,,,,,,,,,,,,,,,,,,,,,,,,,,,,,,,,,,,,,,,,,,,,,,,,,,,,,,,,,,,,,,,,,,,,,,,,,,,,,,,,,,,,327.7369833999546,327.74985469994135,327.74985469994135,327.74985469994135,327.93394599994645,None,,,,,,,,,,,,,,,,,,,,,,,P8384,Bar_MIC,11,1,2026-04-09_15h27.42.794,MIC_task,,2026.1.2,60.0367665301919,2026-04-09 15h27.44.539502 +0200,
,,3,0,3,,,,,,,11,a21,elefánt,elephant,1,animal,mammal,6.4,14,21,57,None,"(-0.1, 0.1)",None,,,,,,,,,,,,,,0,0,0,0,0,23,23,23,3,0,3,0,327.94946329994127,,,,,,,,,,,,,,,,,,,,,,,,,,,,,,,,,,,,,,,,,,,,,,,,,,,,,,,,,,,,,,,,,,,,,,,,,,,,,,,,,,,,,,,,,,,,327.9372799999546,327.94946329994127,327.94946329994127,327.94946329994127,328.13447809999343,None,,,,,,,,,,,,,,,,,,,,,,,P8384,Bar_MIC,11,1,2026-04-09_15h27.42.794,MIC_task,,2026.1.2,60.0367665301919,2026-04-09 15h27.44.539502 +0200,
,,4,0,4,,,,,,,11,a21,elefánt,elephant,1,animal,mammal,6.4,14,21,57,None,"(-0.1, 0.1)",None,,,,,,,,,,,,,,0,0,0,0,0,23,23,23,4,0,4,0,328.14980389992706,,,,,,,,,,,,,,,,,,,,,,,,,,,,,,,,,,,,,,,,,,,,,,,,,,,,,,,,,,,,,,,,,,,,,,,,,,,,,,,,,,,,,,,,,,,,328.1378617999144,328.14980389992706,328.14980389992706,328.14980389992706,328.33473169989884,None,,,,,,,,,,,,,,,,,,,,,,,P8384,Bar_MIC,11,1,2026-04-09_15h27.42.794,MIC_task,,2026.1.2,60.0367665301919,2026-04-09 15h27.44.539502 +0200,
,,5,0,5,,,,,,,11,a21,elefánt,elephant,1,animal,mammal,6.4,14,21,57,None,"(-0.1, 0.1)",None,,,,,,,,,,,,,,0,0,0,0,0,23,23,23,5,0,5,0,328.3502361999126,,,,,,,,,,,,,,,,,,,,,,,,,,,,,,,,,,,,,,,,,,,,,,,,,,,,,,,,,,,,,,,,,,,,,,,,,,,,,,,,,,,,,,,,,,,,328.3380131999729,328.3502361999126,328.3502361999126,328.3502361999126,328.53517319995444,None,,,,,,,,,,,,,,,,,,,,,,,P8384,Bar_MIC,11,1,2026-04-09_15h27.42.794,MIC_task,,2026.1.2,60.0367665301919,2026-04-09 15h27.44.539502 +0200,
,,6,0,6,,,,,,,11,a21,elefánt,elephant,1,animal,mammal,6.4,14,21,57,None,"(-0.1, 0.1)",None,,,,,,,,,,,,,,0,0,0,0,0,23,23,23,6,0,6,0,328.55054899991956,,,,,,,,,,,,,,,,,,,,,,,,,,,,,,,,,,,,,,,,,,,,,,,,,,,,,,,,,,,,,,,,,,,,,,,,,,,,,,,,,,,,,,,,,,,,328.5384466999676,328.55054899991956,328.55054899991956,328.55054899991956,328.73431329999585,None,,,,,,,,,,,,,,,,,,,,,,,P8384,Bar_MIC,11,1,2026-04-09_15h27.42.794,MIC_task,,2026.1.2,60.0367665301919,2026-04-09 15h27.44.539502 +0200,
,,7,0,7,,,,,,,11,a21,elefánt,elephant,1,animal,mammal,6.4,14,21,57,None,"(-0.1, 0.1)",None,,,,,,,,,,,,,,0,0,0,0,0,23,23,23,7,0,7,0,328.75096879992634,,,,,,,,,,,,,,,,,,,,,,,,,,,,,,,,,,,,,,,,,,,,,,,,,,,,,,,,,,,,,,,,,,,,,,,,,,,,,,,,,,,,,,,,,,,,328.73711939994246,328.75096879992634,328.75096879992634,328.75096879992634,328.9348432999104,None,,,,,,,,,,,,,,,,,,,,,,,P8384,Bar_MIC,11,1,2026-04-09_15h27.42.794,MIC_task,,2026.1.2,60.0367665301919,2026-04-09 15h27.44.539502 +0200,
,,8,0,8,,,,,,,11,a21,elefánt,elephant,1,animal,mammal,6.4,14,21,57,None,"(-0.1, 0.1)",None,,,,,,,,,,,,,,0,0,0,0,0,23,23,23,8,0,8,0,328.9513971999986,,,,,,,,,,,,,,,,,,,,,,,,,,,,,,,,,,,,,,,,,,,,,,,,,,,,,,,,,,,,,,,,,,,,,,,,,,,,,,,,,,,,,,,,,,,,328.93810739996843,328.9513971999986,328.9513971999986,328.9513971999986,329.1352777999127,None,,,,,,,,,,,,,,,,,,,,,,,P8384,Bar_MIC,11,1,2026-04-09_15h27.42.794,MIC_task,,2026.1.2,60.0367665301919,2026-04-09 15h27.44.539502 +0200,
,,9,0,9,,,,,,,11,a21,elefánt,elephant,1,animal,mammal,6.4,14,21,57,None,"(-0.1, 0.1)",None,,,,,,,,,,,,,,0,0,0,0,0,23,23,23,9,0,9,0,329.1517041999614,,,,,,,,,,,,,,,,,,,,,,,,,,,,,,,,,,,,,,,,,,,,,,,,,,,,,,,,,,,,,,,,,,,,,,,,,,,,,,,,,,,,,,,,,,,,329.1386257999111,329.1517041999614,329.1517041999614,329.1517041999614,329.33551000000443,None,,,,,,,,,,,,,,,,,,,,,,,P8384,Bar_MIC,11,1,2026-04-09_15h27.42.794,MIC_task,,2026.1.2,60.0367665301919,2026-04-09 15h27.44.539502 +0200,
,,10,0,10,,,,,,,11,a21,elefánt,elephant,1,animal,mammal,6.4,14,21,57,None,"(-0.1, 0.1)",None,,,,,,,,,,,,,,0,0,0,0,0,23,23,23,10,0,10,0,329.35199909994844,,,,,,,,,,,,,,,,,,,,,,,,,,,,,,,,,,,,,,,,,,,,,,,,,,,,,,,,,,,,,,,,,,,,,,,,,,,,,,,,,,,,,,,,,,,,329.33860689995345,329.35199909994844,329.35199909994844,329.35199909994844,329.53609349997714,None,,,,,,,,,,,,,,,,,,,,,,,P8384,Bar_MIC,11,1,2026-04-09_15h27.42.794,MIC_task,,2026.1.2,60.0367665301919,2026-04-09 15h27.44.539502 +0200,
,,11,0,11,,,,,,,11,a21,elefánt,elephant,1,animal,mammal,6.4,14,21,57,None,"(-0.1, 0.1)",None,,,,,,,,,,,,,,0,0,0,0,0,23,23,23,11,0,11,0,329.55244209989905,,,,,,,,,,,,,,,,,,,,,,,,,,,,,,,,,,,,,,,,,,,,,,,,,,,,,,,,,,,,,,,,,,,,,,,,,,,,,,,,,,,,,,,,,,,,329.5394407999702,329.55244209989905,329.55244209989905,329.55244209989905,329.7364194999682,None,,,,,,,,,,,,,,,,,,,,,,,P8384,Bar_MIC,11,1,2026-04-09_15h27.42.794,MIC_task,,2026.1.2,60.0367665301919,2026-04-09 15h27.44.539502 +0200,
,,12,0,12,,,,,,,11,a21,elefánt,elephant,1,animal,mammal,6.4,14,21,57,None,"(-0.1, 0.1)",None,,,,,,,,,,,,,,0,0,0,0,0,23,23,23,12,0,12,0,329.7519677999662,,,,,,,,,,,,,,,,,,,,,,,,,,,,,,,,,,,,,,,,,,,,,,,,,,,,,,,,,,,,,,,,,,,,,,,,,,,,,,,,,,,,,,,,,,,,329.73966449999716,329.7519677999662,329.7519677999662,329.7519677999662,329.93691849999595,None,,,,,,,,,,,,,,,,,,,,,,,P8384,Bar_MIC,11,1,2026-04-09_15h27.42.794,MIC_task,,2026.1.2,60.0367665301919,2026-04-09 15h27.44.539502 +0200,
,,13,0,13,,,,,,,11,a21,elefánt,elephant,1,animal,mammal,6.4,14,21,57,None,"(-0.1, 0.1)",None,,,,,,,,,,,,,,0,0,0,0,0,23,23,23,13,0,13,0,329.9531567998929,,,,,,,,,,,,,,,,,,,,,,,,,,,,,,,,,,,,,,,,,,,,,,,,,,,,,,,,,,,,,,,,,,,,,,,,,,,,,,,,,,,,,,,,,,,,329.94349609990604,329.9531567998929,329.9531567998929,329.9531567998929,330.13724720000755,None,,,,,,,,,,,,,,,,,,,,,,,P8384,Bar_MIC,11,1,2026-04-09_15h27.42.794,MIC_task,,2026.1.2,60.0367665301919,2026-04-09 15h27.44.539502 +0200,
,,14,0,14,,,,,,,11,a21,elefánt,elephant,1,animal,mammal,6.4,14,21,57,None,"(-0.1, 0.1)",None,,,,,,,,,,,,,,0,0,0,0,0,23,23,23,14,0,14,0,330.1528239999898,,,,,,,,,,,,,,,,,,,,,,,,,,,,,,,,,,,,,,,,,,,,,,,,,,,,,,,,,,,,,,,,,,,,,,,,,,,,,,,,,,,,,,,,,,,,330.1402495999355,330.1528239999898,330.1528239999898,330.1528239999898,330.33777199999895,None,,,,,,,,,,,,,,,,,,,,,,,P8384,Bar_MIC,11,1,2026-04-09_15h27.42.794,MIC_task,,2026.1.2,60.0367665301919,2026-04-09 15h27.44.539502 +0200,
,,15,0,15,,,,,,,11,a21,elefánt,elephant,1,animal,mammal,6.4,14,21,57,None,"(-0.1, 0.1)",None,,,,,,,,,,,,,,0,0,0,0,0,23,23,23,15,0,15,0,330.3532335999189,,,,,,,,,,,,,,,,,,,,,,,,,,,,,,,,,,,,,,,,,,,,,,,,,,,,,,,,,,,,,,,,,,,,,,,,,,,,,,,,,,,,,,,,,,,,330.3410488999216,330.3532335999189,330.3532335999189,330.3532335999189,330.5369264999172,None,,,,,,,,,,,,,,,,,,,,,,,P8384,Bar_MIC,11,1,2026-04-09_15h27.42.794,MIC_task,,2026.1.2,60.0367665301919,2026-04-09 15h27.44.539502 +0200,
,,16,0,16,,,,,,,11,a21,elefánt,elephant,1,animal,mammal,6.4,14,21,57,None,"(-0.1, 0.1)",None,,,,,,,,,,,,,,0,0,0,0,0,23,23,23,16,0,16,0,330.55356679996476,,,,,,,,,,,,,,,,,,,,,,,,,,,,,,,,,,,,,,,,,,,,,,,,,,,,,,,,,,,,,,,,,,,,,,,,,,,,,,,,,,,,,,,,,,,,330.54006209992804,330.55356679996476,330.55356679996476,330.55356679996476,330.7385018999921,None,,,,,,,,,,,,,,,,,,,,,,,P8384,Bar_MIC,11,1,2026-04-09_15h27.42.794,MIC_task,,2026.1.2,60.0367665301919,2026-04-09 15h27.44.539502 +0200,
,,17,0,17,,,,,,,11,a21,elefánt,elephant,1,animal,mammal,6.4,14,21,57,None,"(-0.1, 0.1)",None,,,,,,,,,,,,,,0,0,0,0,0,23,23,23,17,0,17,0,330.7539157998981,,,,,,,,,,,,,,,,,,,,,,,,,,,,,,,,,,,,,,,,,,,,,,,,,,,,,,,,,,,,,,,,,,,,,,,,,,,,,,,,,,,,,,,,,,,,330.7415928998962,330.7539157998981,330.7539157998981,330.7539157998981,330.93775909999385,None,,,,,,,,,,,,,,,,,,,,,,,P8384,Bar_MIC,11,1,2026-04-09_15h27.42.794,MIC_task,,2026.1.2,60.0367665301919,2026-04-09 15h27.44.539502 +0200,
,,18,0,18,,,,,,,11,a21,elefánt,elephant,1,animal,mammal,6.4,14,21,57,None,"(-0.1, 0.1)",None,,,,,,,,,,,,,,0,0,0,0,0,23,23,23,18,0,18,0,330.95436799991876,,,,,,,,,,,,,,,,,,,,,,,,,,,,,,,,,,,,,,,,,,,,,,,,,,,,,,,,,,,,,,,,,,,,,,,,,,,,,,,,,,,,,,,,,,,,330.9409745999146,330.95436799991876,330.95436799991876,330.95436799991876,331.13829939998686,None,,,,,,,,,,,,,,,,,,,,,,,P8384,Bar_MIC,11,1,2026-04-09_15h27.42.794,MIC_task,,2026.1.2,60.0367665301919,2026-04-09 15h27.44.539502 +0200,
,,19,0,19,,,,,,,11,a21,elefánt,elephant,1,animal,mammal,6.4,14,21,57,None,"(-0.1, 0.1)",None,,,,,,,,,,,,,,0,0,0,0,0,23,23,23,19,0,19,0,331.1547250999138,,,,,,,,,,,,,,,,,,,,,,,,,,,,,,,,,,,,,,,,,,,,,,,,,,,,,,,,,,,,,,,,,,,,,,,,,,,,,,,,,,,,,,,,,,,,331.1415206999518,331.1547250999138,331.1547250999138,331.1547250999138,331.3388708999846,None,,,,,,,,,,,,,,,,,,,,,,,P8384,Bar_MIC,11,1,2026-04-09_15h27.42.794,MIC_task,,2026.1.2,60.0367665301919,2026-04-09 15h27.44.539502 +0200,
,,20,0,20,,,,,,,11,a21,elefánt,elephant,1,animal,mammal,6.4,14,21,57,None,"(-0.1, 0.1)",space,0.0553146000020206,None,,,,,,,,,,,,0,0,0,0,0,23,23,23,20,0,20,0,331.3550978999119,,,,,,,,,,,,,,,,,,,,,,,,,,,,,,,,,,,,,,,,,,,,,,,,,,,,,,,,,,,,,,,,,,,,,,,,,,,,,,,,,,,,,,,,,,,,331.34208289999515,331.3550978999119,331.3550978999119,331.3550978999119,331.42336199991405,space,0.0553146000020206,None,,,,,,,,,,,,,,,,,,,,,P8384,Bar_MIC,11,1,2026-04-09_15h27.42.794,MIC_task,,2026.1.2,60.0367665301919,2026-04-09 15h27.44.539502 +0200,
,,23,23,0,,,,space,0.640425999998115,None,11,a21,elefánt,elephant,1,animal,mammal,6.4,14,21,57,None,"(-0.1, 0.1)",,,,,,,,,,,,,,,0,0,0,0,0,23,23,23,,,,,,,,,,,,,,,,,,,,,,,,,,,,,,,,,,,,,,,,,,,,,,,,,,,,,,,,,,,,,,,,,,,,,,,,,,,,,,,,,331.48502059991006,331.4911118999589,331.4891736665896,333.425242499914,,,,,,335.42850449995603,335.4453488999279,335.4453488999279,336.09632909996435,,,,,,,,,,,,333.4566558999941,333.4615415999433,333.4584522332375,335.36111820000224,335.4284589999588,space,0.640425999998115,None,,,,,,,,,,,,,P8384,Bar_MIC,11,1,2026-04-09_15h27.42.794,MIC_task,,2026.1.2,60.0367665301919,2026-04-09 15h27.44.539502 +0200,
,,0,0,0,,,,,,,11,c27,póló,t-shirt,3,clothes,tops,6.8,43,23,None,None,"(0.1, -0.1)",None,,,,,,,,,,,,,,0,0,0,0,0,24,24,24,0,0,0,0,336.1220825999044,,,,,,,,,,,,,,,,,,,,,,,,,,,,,,,,,,,,,,,,,,,,,,,,,,,,,,,,,,,,,,,,,,,,,,,,,,,,,,,,,,,,,,,,,,,,336.1161403999431,336.1220825999044,336.1220825999044,336.1220825999044,336.31288739992306,None,,,,,,,,,,,,,,,,,,,,,,,P8384,Bar_MIC,11,1,2026-04-09_15h27.42.794,MIC_task,,2026.1.2,60.0367665301919,2026-04-09 15h27.44.539502 +0200,
,,0,0,0,,,,,,,11,c27,póló,t-shirt,3,clothes,tops,6.8,43,23,None,None,"(0.1, -0.1)",None,,,,,,,,,,,,,,0,0,0,0,0,24,24,24,0,0,0,0,336.32932089990936,,,,,,,,,,,,,,,,,,,,,,,,,,,,,,,,,,,,,,,,,,,,,,,,,,,,,,,,,,,,,,,,,,,,,,,,,,,,,,,,,,,,,,,,,,,,336.3162931998959,336.32932089990936,336.32932089990936,336.32932089990936,336.49654119997285,None,,,,,,,,,,,,,,,,,,,,,,,P8384,Bar_MIC,11,1,2026-04-09_15h27.42.794,MIC_task,,2026.1.2,60.0367665301919,2026-04-09 15h27.44.539502 +0200,
,,1,0,1,,,,,,,11,c27,póló,t-shirt,3,clothes,tops,6.8,43,23,None,None,"(0.1, -0.1)",None,,,,,,,,,,,,,,0,0,0,0,0,24,24,24,1,0,1,0,336.5130527999718,,,,,,,,,,,,,,,,,,,,,,,,,,,,,,,,,,,,,,,,,,,,,,,,,,,,,,,,,,,,,,,,,,,,,,,,,,,,,,,,,,,,,,,,,,,,336.49972329998855,336.5130527999718,336.5130527999718,336.5130527999718,336.6970238999929,None,,,,,,,,,,,,,,,,,,,,,,,P8384,Bar_MIC,11,1,2026-04-09_15h27.42.794,MIC_task,,2026.1.2,60.0367665301919,2026-04-09 15h27.44.539502 +0200,
,,2,0,2,,,,,,,11,c27,póló,t-shirt,3,clothes,tops,6.8,43,23,None,None,"(0.1, -0.1)",None,,,,,,,,,,,,,,0,0,0,0,0,24,24,24,2,0,2,0,336.7133441999322,,,,,,,,,,,,,,,,,,,,,,,,,,,,,,,,,,,,,,,,,,,,,,,,,,,,,,,,,,,,,,,,,,,,,,,,,,,,,,,,,,,,,,,,,,,,336.70033339993097,336.7133441999322,336.7133441999322,336.7133441999322,336.8973422999261,None,,,,,,,,,,,,,,,,,,,,,,,P8384,Bar_MIC,11,1,2026-04-09_15h27.42.794,MIC_task,,2026.1.2,60.0367665301919,2026-04-09 15h27.44.539502 +0200,
,,3,0,3,,,,,,,11,c27,póló,t-shirt,3,clothes,tops,6.8,43,23,None,None,"(0.1, -0.1)",None,,,,,,,,,,,,,,0,0,0,0,0,24,24,24,3,0,3,0,336.91374489990994,,,,,,,,,,,,,,,,,,,,,,,,,,,,,,,,,,,,,,,,,,,,,,,,,,,,,,,,,,,,,,,,,,,,,,,,,,,,,,,,,,,,,,,,,,,,336.900304999901,336.91374489990994,336.91374489990994,336.91374489990994,337.09774719993584,None,,,,,,,,,,,,,,,,,,,,,,,P8384,Bar_MIC,11,1,2026-04-09_15h27.42.794,MIC_task,,2026.1.2,60.0367665301919,2026-04-09 15h27.44.539502 +0200,
,,4,0,4,,,,,,,11,c27,póló,t-shirt,3,clothes,tops,6.8,43,23,None,None,"(0.1, -0.1)",None,,,,,,,,,,,,,,0,0,0,0,0,24,24,24,4,0,4,0,337.11326309992,,,,,,,,,,,,,,,,,,,,,,,,,,,,,,,,,,,,,,,,,,,,,,,,,,,,,,,,,,,,,,,,,,,,,,,,,,,,,,,,,,,,,,,,,,,,337.1011694999179,337.11326309992,337.11326309992,337.11326309992,337.2982606999576,None,,,,,,,,,,,,,,,,,,,,,,,P8384,Bar_MIC,11,1,2026-04-09_15h27.42.794,MIC_task,,2026.1.2,60.0367665301919,2026-04-09 15h27.44.539502 +0200,
,,5,0,5,,,,,,,11,c27,póló,t-shirt,3,clothes,tops,6.8,43,23,None,None,"(0.1, -0.1)",None,,,,,,,,,,,,,,0,0,0,0,0,24,24,24,5,0,5,0,337.31454529997427,,,,,,,,,,,,,,,,,,,,,,,,,,,,,,,,,,,,,,,,,,,,,,,,,,,,,,,,,,,,,,,,,,,,,,,,,,,,,,,,,,,,,,,,,,,,337.3015594999306,337.31454529997427,337.31454529997427,337.31454529997427,337.4986322999466,None,,,,,,,,,,,,,,,,,,,,,,,P8384,Bar_MIC,11,1,2026-04-09_15h27.42.794,MIC_task,,2026.1.2,60.0367665301919,2026-04-09 15h27.44.539502 +0200,
,,6,0,6,,,,,,,11,c27,póló,t-shirt,3,clothes,tops,6.8,43,23,None,None,"(0.1, -0.1)",None,,,,,,,,,,,,,,0,0,0,0,0,24,24,24,6,0,6,0,337.51404609996825,,,,,,,,,,,,,,,,,,,,,,,,,,,,,,,,,,,,,,,,,,,,,,,,,,,,,,,,,,,,,,,,,,,,,,,,,,,,,,,,,,,,,,,,,,,,337.5016622999683,337.51404609996825,337.51404609996825,337.51404609996825,337.6990101999836,None,,,,,,,,,,,,,,,,,,,,,,,P8384,Bar_MIC,11,1,2026-04-09_15h27.42.794,MIC_task,,2026.1.2,60.0367665301919,2026-04-09 15h27.44.539502 +0200,
,,7,0,7,,,,,,,11,c27,póló,t-shirt,3,clothes,tops,6.8,43,23,None,None,"(0.1, -0.1)",None,,,,,,,,,,,,,,0,0,0,0,0,24,24,24,7,0,7,0,337.71449379995465,,,,,,,,,,,,,,,,,,,,,,,,,,,,,,,,,,,,,,,,,,,,,,,,,,,,,,,,,,,,,,,,,,,,,,,,,,,,,,,,,,,,,,,,,,,,337.7020378999878,337.71449379995465,337.71449379995465,337.71449379995465,337.8994151999941,None,,,,,,,,,,,,,,,,,,,,,,,P8384,Bar_MIC,11,1,2026-04-09_15h27.42.794,MIC_task,,2026.1.2,60.0367665301919,2026-04-09 15h27.44.539502 +0200,
,,8,0,8,,,,,,,11,c27,póló,t-shirt,3,clothes,tops,6.8,43,23,None,None,"(0.1, -0.1)",None,,,,,,,,,,,,,,0,0,0,0,0,24,24,24,8,0,8,0,337.9148849999765,,,,,,,,,,,,,,,,,,,,,,,,,,,,,,,,,,,,,,,,,,,,,,,,,,,,,,,,,,,,,,,,,,,,,,,,,,,,,,,,,,,,,,,,,,,,337.902723499923,337.9148849999765,337.9148849999765,337.9148849999765,338.099896300002,None,,,,,,,,,,,,,,,,,,,,,,,P8384,Bar_MIC,11,1,2026-04-09_15h27.42.794,MIC_task,,2026.1.2,60.0367665301919,2026-04-09 15h27.44.539502 +0200,
,,9,0,9,,,,,,,11,c27,póló,t-shirt,3,clothes,tops,6.8,43,23,None,None,"(0.1, -0.1)",None,,,,,,,,,,,,,,0,0,0,0,0,24,24,24,9,0,9,0,338.1152337999083,,,,,,,,,,,,,,,,,,,,,,,,,,,,,,,,,,,,,,,,,,,,,,,,,,,,,,,,,,,,,,,,,,,,,,,,,,,,,,,,,,,,,,,,,,,,338.10269949992653,338.1152337999083,338.1152337999083,338.1152337999083,338.298963899957,None,,,,,,,,,,,,,,,,,,,,,,,P8384,Bar_MIC,11,1,2026-04-09_15h27.42.794,MIC_task,,2026.1.2,60.0367665301919,2026-04-09 15h27.44.539502 +0200,
,,10,0,10,,,,,,,11,c27,póló,t-shirt,3,clothes,tops,6.8,43,23,None,None,"(0.1, -0.1)",None,,,,,,,,,,,,,,0,0,0,0,0,24,24,24,10,0,10,0,338.3156108999392,,,,,,,,,,,,,,,,,,,,,,,,,,,,,,,,,,,,,,,,,,,,,,,,,,,,,,,,,,,,,,,,,,,,,,,,,,,,,,,,,,,,,,,,,,,,338.30192389991134,338.3156108999392,338.3156108999392,338.3156108999392,338.4993533999659,None,,,,,,,,,,,,,,,,,,,,,,,P8384,Bar_MIC,11,1,2026-04-09_15h27.42.794,MIC_task,,2026.1.2,60.0367665301919,2026-04-09 15h27.44.539502 +0200,
,,11,0,11,,,,,,,11,c27,póló,t-shirt,3,clothes,tops,6.8,43,23,None,None,"(0.1, -0.1)",None,,,,,,,,,,,,,,0,0,0,0,0,24,24,24,11,0,11,0,338.51599789992906,,,,,,,,,,,,,,,,,,,,,,,,,,,,,,,,,,,,,,,,,,,,,,,,,,,,,,,,,,,,,,,,,,,,,,,,,,,,,,,,,,,,,,,,,,,,338.502586199902,338.51599789992906,338.51599789992906,338.51599789992906,338.700087999925,None,,,,,,,,,,,,,,,,,,,,,,,P8384,Bar_MIC,11,1,2026-04-09_15h27.42.794,MIC_task,,2026.1.2,60.0367665301919,2026-04-09 15h27.44.539502 +0200,
,,12,0,12,,,,,,,11,c27,póló,t-shirt,3,clothes,tops,6.8,43,23,None,None,"(0.1, -0.1)",None,,,,,,,,,,,,,,0,0,0,0,0,24,24,24,12,0,12,0,338.71635449992027,,,,,,,,,,,,,,,,,,,,,,,,,,,,,,,,,,,,,,,,,,,,,,,,,,,,,,,,,,,,,,,,,,,,,,,,,,,,,,,,,,,,,,,,,,,,338.7029772999231,338.71635449992027,338.71635449992027,338.71635449992027,338.9003010999877,None,,,,,,,,,,,,,,,,,,,,,,,P8384,Bar_MIC,11,1,2026-04-09_15h27.42.794,MIC_task,,2026.1.2,60.0367665301919,2026-04-09 15h27.44.539502 +0200,
,,13,0,13,,,,,,,11,c27,póló,t-shirt,3,clothes,tops,6.8,43,23,None,None,"(0.1, -0.1)",None,,,,,,,,,,,,,,0,0,0,0,0,24,24,24,13,0,13,0,338.9166882999707,,,,,,,,,,,,,,,,,,,,,,,,,,,,,,,,,,,,,,,,,,,,,,,,,,,,,,,,,,,,,,,,,,,,,,,,,,,,,,,,,,,,,,,,,,,,338.90364919998683,338.9166882999707,338.9166882999707,338.9166882999707,339.1009182999842,None,,,,,,,,,,,,,,,,,,,,,,,P8384,Bar_MIC,11,1,2026-04-09_15h27.42.794,MIC_task,,2026.1.2,60.0367665301919,2026-04-09 15h27.44.539502 +0200,
,,14,0,14,,,,,,,11,c27,póló,t-shirt,3,clothes,tops,6.8,43,23,None,None,"(0.1, -0.1)",None,,,,,,,,,,,,,,0,0,0,0,0,24,24,24,14,0,14,0,339.1170182999922,,,,,,,,,,,,,,,,,,,,,,,,,,,,,,,,,,,,,,,,,,,,,,,,,,,,,,,,,,,,,,,,,,,,,,,,,,,,,,,,,,,,,,,,,,,,339.1040586999152,339.1170182999922,339.1170182999922,339.1170182999922,339.30098939989693,None,,,,,,,,,,,,,,,,,,,,,,,P8384,Bar_MIC,11,1,2026-04-09_15h27.42.794,MIC_task,,2026.1.2,60.0367665301919,2026-04-09 15h27.44.539502 +0200,
,,15,0,15,,,,,,,11,c27,póló,t-shirt,3,clothes,tops,6.8,43,23,None,None,"(0.1, -0.1)",None,,,,,,,,,,,,,,0,0,0,0,0,24,24,24,15,0,15,0,339.3174053999828,,,,,,,,,,,,,,,,,,,,,,,,,,,,,,,,,,,,,,,,,,,,,,,,,,,,,,,,,,,,,,,,,,,,,,,,,,,,,,,,,,,,,,,,,,,,339.30378439999186,339.3174053999828,339.3174053999828,339.3174053999828,339.50154599989764,None,,,,,,,,,,,,,,,,,,,,,,,P8384,Bar_MIC,11,1,2026-04-09_15h27.42.794,MIC_task,,2026.1.2,60.0367665301919,2026-04-09 15h27.44.539502 +0200,
,,16,0,16,,,,,,,11,c27,póló,t-shirt,3,clothes,tops,6.8,43,23,None,None,"(0.1, -0.1)",None,,,,,,,,,,,,,,0,0,0,0,0,24,24,24,16,0,16,0,339.5170314999996,,,,,,,,,,,,,,,,,,,,,,,,,,,,,,,,,,,,,,,,,,,,,,,,,,,,,,,,,,,,,,,,,,,,,,,,,,,,,,,,,,,,,,,,,,,,339.50442019989714,339.5170314999996,339.5170314999996,339.5170314999996,339.70194479997735,None,,,,,,,,,,,,,,,,,,,,,,,P8384,Bar_MIC,11,1,2026-04-09_15h27.42.794,MIC_task,,2026.1.2,60.0367665301919,2026-04-09 15h27.44.539502 +0200,
,,17,0,17,,,,,,,11,c27,póló,t-shirt,3,clothes,tops,6.8,43,23,None,None,"(0.1, -0.1)",None,,,,,,,,,,,,,,0,0,0,0,0,24,24,24,17,0,17,0,339.71816249995027,,,,,,,,,,,,,,,,,,,,,,,,,,,,,,,,,,,,,,,,,,,,,,,,,,,,,,,,,,,,,,,,,,,,,,,,,,,,,,,,,,,,,,,,,,,,339.7047484999057,339.71816249995027,339.71816249995027,339.71816249995027,339.90263859997503,None,,,,,,,,,,,,,,,,,,,,,,,P8384,Bar_MIC,11,1,2026-04-09_15h27.42.794,MIC_task,,2026.1.2,60.0367665301919,2026-04-09 15h27.44.539502 +0200,
,,18,0,18,,,,,,,11,c27,póló,t-shirt,3,clothes,tops,6.8,43,23,None,None,"(0.1, -0.1)",None,,,,,,,,,,,,,,0,0,0,0,0,24,24,24,18,0,18,0,339.9178359999787,,,,,,,,,,,,,,,,,,,,,,,,,,,,,,,,,,,,,,,,,,,,,,,,,,,,,,,,,,,,,,,,,,,,,,,,,,,,,,,,,,,,,,,,,,,,339.9055513999192,339.9178359999787,339.9178359999787,339.9178359999787,340.10266709991265,None,,,,,,,,,,,,,,,,,,,,,,,P8384,Bar_MIC,11,1,2026-04-09_15h27.42.794,MIC_task,,2026.1.2,60.0367665301919,2026-04-09 15h27.44.539502 +0200,
,,19,0,19,,,,,,,11,c27,póló,t-shirt,3,clothes,tops,6.8,43,23,None,None,"(0.1, -0.1)",None,,,,,,,,,,,,,,0,0,0,0,0,24,24,24,19,0,19,0,340.11821909993887,,,,,,,,,,,,,,,,,,,,,,,,,,,,,,,,,,,,,,,,,,,,,,,,,,,,,,,,,,,,,,,,,,,,,,,,,,,,,,,,,,,,,,,,,,,,340.1059055000078,340.11821909993887,340.11821909993887,340.11821909993887,340.30327829997987,None,,,,,,,,,,,,,,,,,,,,,,,P8384,Bar_MIC,11,1,2026-04-09_15h27.42.794,MIC_task,,2026.1.2,60.0367665301919,2026-04-09 15h27.44.539502 +0200,
,,20,0,20,,,,,,,11,c27,póló,t-shirt,3,clothes,tops,6.8,43,23,None,None,"(0.1, -0.1)",None,,,,,,,,,,,,,,0,0,0,0,0,24,24,24,20,0,20,0,340.3185755999293,,,,,,,,,,,,,,,,,,,,,,,,,,,,,,,,,,,,,,,,,,,,,,,,,,,,,,,,,,,,,,,,,,,,,,,,,,,,,,,,,,,,,,,,,,,,340.30632099998184,340.3185755999293,340.3185755999293,340.3185755999293,340.503511399962,None,,,,,,,,,,,,,,,,,,,,,,,P8384,Bar_MIC,11,1,2026-04-09_15h27.42.794,MIC_task,,2026.1.2,60.0367665301919,2026-04-09 15h27.44.539502 +0200,
,,21,0,21,,,,,,,11,c27,póló,t-shirt,3,clothes,tops,6.8,43,23,None,None,"(0.1, -0.1)",None,,,,,,,,,,,,,,0,0,0,0,0,24,24,24,21,0,21,0,340.5189325999236,,,,,,,,,,,,,,,,,,,,,,,,,,,,,,,,,,,,,,,,,,,,,,,,,,,,,,,,,,,,,,,,,,,,,,,,,,,,,,,,,,,,,,,,,,,,340.5066748999525,340.5189325999236,340.5189325999236,340.5189325999236,340.7027221999597,None,,,,,,,,,,,,,,,,,,,,,,,P8384,Bar_MIC,11,1,2026-04-09_15h27.42.794,MIC_task,,2026.1.2,60.0367665301919,2026-04-09 15h27.44.539502 +0200,
,,22,0,22,,,,,,,11,c27,póló,t-shirt,3,clothes,tops,6.8,43,23,None,None,"(0.1, -0.1)",None,,,,,,,,,,,,,,0,0,0,0,0,24,24,24,22,0,22,0,340.7193506999174,,,,,,,,,,,,,,,,,,,,,,,,,,,,,,,,,,,,,,,,,,,,,,,,,,,,,,,,,,,,,,,,,,,,,,,,,,,,,,,,,,,,,,,,,,,,340.70601119997445,340.7193506999174,340.7193506999174,340.7193506999174,340.90328410000075,None,,,,,,,,,,,,,,,,,,,,,,,P8384,Bar_MIC,11,1,2026-04-09_15h27.42.794,MIC_task,,2026.1.2,60.0367665301919,2026-04-09 15h27.44.539502 +0200,
,,23,0,23,,,,,,,11,c27,póló,t-shirt,3,clothes,tops,6.8,43,23,None,None,"(0.1, -0.1)",None,,,,,,,,,,,,,,0,0,0,0,0,24,24,24,23,0,23,0,340.91976959991734,,,,,,,,,,,,,,,,,,,,,,,,,,,,,,,,,,,,,,,,,,,,,,,,,,,,,,,,,,,,,,,,,,,,,,,,,,,,,,,,,,,,,,,,,,,,340.9064302999759,340.91976959991734,340.91976959991734,340.91976959991734,341.1035615999717,None,,,,,,,,,,,,,,,,,,,,,,,P8384,Bar_MIC,11,1,2026-04-09_15h27.42.794,MIC_task,,2026.1.2,60.0367665301919,2026-04-09 15h27.44.539502 +0200,
,,24,0,24,,,,,,,11,c27,póló,t-shirt,3,clothes,tops,6.8,43,23,None,None,"(0.1, -0.1)",None,,,,,,,,,,,,,,0,0,0,0,0,24,24,24,24,0,24,0,341.1200906999875,,,,,,,,,,,,,,,,,,,,,,,,,,,,,,,,,,,,,,,,,,,,,,,,,,,,,,,,,,,,,,,,,,,,,,,,,,,,,,,,,,,,,,,,,,,,341.10661189991515,341.1200906999875,341.1200906999875,341.1200906999875,341.30409180000424,None,,,,,,,,,,,,,,,,,,,,,,,P8384,Bar_MIC,11,1,2026-04-09_15h27.42.794,MIC_task,,2026.1.2,60.0367665301919,2026-04-09 15h27.44.539502 +0200,
,,25,0,25,,,,,,,11,c27,póló,t-shirt,3,clothes,tops,6.8,43,23,None,None,"(0.1, -0.1)",None,,,,,,,,,,,,,,0,0,0,0,0,24,24,24,25,0,25,0,341.320362099912,,,,,,,,,,,,,,,,,,,,,,,,,,,,,,,,,,,,,,,,,,,,,,,,,,,,,,,,,,,,,,,,,,,,,,,,,,,,,,,,,,,,,,,,,,,,341.30721459991764,341.320362099912,341.320362099912,341.320362099912,341.50447239994537,None,,,,,,,,,,,,,,,,,,,,,,,P8384,Bar_MIC,11,1,2026-04-09_15h27.42.794,MIC_task,,2026.1.2,60.0367665301919,2026-04-09 15h27.44.539502 +0200,
,,26,0,26,,,,,,,11,c27,póló,t-shirt,3,clothes,tops,6.8,43,23,None,None,"(0.1, -0.1)",None,,,,,,,,,,,,,,0,0,0,0,0,24,24,24,26,0,26,0,341.5207749999827,,,,,,,,,,,,,,,,,,,,,,,,,,,,,,,,,,,,,,,,,,,,,,,,,,,,,,,,,,,,,,,,,,,,,,,,,,,,,,,,,,,,,,,,,,,,341.5077317999676,341.5207749999827,341.5207749999827,341.5207749999827,341.70506219996605,None,,,,,,,,,,,,,,,,,,,,,,,P8384,Bar_MIC,11,1,2026-04-09_15h27.42.794,MIC_task,,2026.1.2,60.0367665301919,2026-04-09 15h27.44.539502 +0200,
,,27,0,27,,,,,,,11,c27,póló,t-shirt,3,clothes,tops,6.8,43,23,None,None,"(0.1, -0.1)",None,,,,,,,,,,,,,,0,0,0,0,0,24,24,24,27,0,27,0,341.7211734999437,,,,,,,,,,,,,,,,,,,,,,,,,,,,,,,,,,,,,,,,,,,,,,,,,,,,,,,,,,,,,,,,,,,,,,,,,,,,,,,,,,,,,,,,,,,,341.70779409992974,341.7211734999437,341.7211734999437,341.7211734999437,341.90536659990903,None,,,,,,,,,,,,,,,,,,,,,,,P8384,Bar_MIC,11,1,2026-04-09_15h27.42.794,MIC_task,,2026.1.2,60.0367665301919,2026-04-09 15h27.44.539502 +0200,
,,28,0,28,,,,,,,11,c27,póló,t-shirt,3,clothes,tops,6.8,43,23,None,None,"(0.1, -0.1)",None,,,,,,,,,,,,,,0,0,0,0,0,24,24,24,28,0,28,0,341.92078539996874,,,,,,,,,,,,,,,,,,,,,,,,,,,,,,,,,,,,,,,,,,,,,,,,,,,,,,,,,,,,,,,,,,,,,,,,,,,,,,,,,,,,,,,,,,,,341.9080351999728,341.92078539996874,341.92078539996874,341.92078539996874,342.1056141000008,None,,,,,,,,,,,,,,,,,,,,,,,P8384,Bar_MIC,11,1,2026-04-09_15h27.42.794,MIC_task,,2026.1.2,60.0367665301919,2026-04-09 15h27.44.539502 +0200,
,,29,0,29,,,,,,,11,c27,póló,t-shirt,3,clothes,tops,6.8,43,23,None,None,"(0.1, -0.1)",None,,,,,,,,,,,,,,0,0,0,0,0,24,24,24,29,0,29,0,342.1211583999684,,,,,,,,,,,,,,,,,,,,,,,,,,,,,,,,,,,,,,,,,,,,,,,,,,,,,,,,,,,,,,,,,,,,,,,,,,,,,,,,,,,,,,,,,,,,342.1083786999807,342.1211583999684,342.1211583999684,342.1211583999684,342.30610990000423,None,,,,,,,,,,,,,,,,,,,,,,,P8384,Bar_MIC,11,1,2026-04-09_15h27.42.794,MIC_task,,2026.1.2,60.0367665301919,2026-04-09 15h27.44.539502 +0200,
,,30,0,30,,,,,,,11,c27,póló,t-shirt,3,clothes,tops,6.8,43,23,None,None,"(0.1, -0.1)",space,0.11710849998053163,None,,,,,,,,,,,,0,0,0,0,0,24,24,24,30,0,30,0,342.3215035999892,,,,,,,,,,,,,,,,,,,,,,,,,,,,,,,,,,,,,,,,,,,,,,,,,,,,,,,,,,,,,,,,,,,,,,,,,,,,,,,,,,,,,,,,,,,,342.3087491999613,342.3215035999892,342.3215035999892,342.3215035999892,342.44030309992377,space,0.11710849998053163,None,,,,,,,,,,,,,,,,,,,,,P8384,Bar_MIC,11,1,2026-04-09_15h27.42.794,MIC_task,,2026.1.2,60.0367665301919,2026-04-09 15h27.44.539502 +0200,
,,24,24,0,,,,space,0.4169435000512749,None,11,c27,póló,t-shirt,3,clothes,tops,6.8,43,23,None,None,"(0.1, -0.1)",,,,,,,,,,,,,,,0,0,0,0,0,24,24,24,,,,,,,,,,,,,,,,,,,,,,,,,,,,,,,,,,,,,,,,,,,,,,,,,,,,,,,,,,,,,,,,,,,,,,,,,,,,,,,,,342.50220759992953,342.5076911000069,342.50597516658405,344.442256399896,,,,,,346.44516929995734,346.46205089997966,346.46205089997966,346.88048249995336,,,,,,,,,,,,344.47249519999605,344.478091500001,344.47547243326744,346.3614185999613,346.44512189994566,space,0.4169435000512749,None,,,,,,,,,,,,,P8384,Bar_MIC,11,1,2026-04-09_15h27.42.794,MIC_task,,2026.1.2,60.0367665301919,2026-04-09 15h27.44.539502 +0200,
,,0,0,0,,,,,,,11,pl04,rózsa,rose,7,plants,flower,6.8,69,None,73,None,"(0.1, 0)",None,,,,,,,,,,,,,,0,0,0,0,0,25,25,25,0,0,0,0,346.8950163999107,,,,,,,,,,,,,,,,,,,,,,,,,,,,,,,,,,,,,,,,,,,,,,,,,,,,,,,,,,,,,,,,,,,,,,,,,,,,,,,,,,,,,,,,,,,,346.88395519996993,346.8950163999107,346.8950163999107,346.8950163999107,347.0804620999843,None,,,,,,,,,,,347.09545719996095,347.09545719996095,347.09545719996095,,,,,,,,,,P8384,Bar_MIC,11,1,2026-04-09_15h27.42.794,MIC_task,,2026.1.2,60.0367665301919,2026-04-09 15h27.44.539502 +0200,
,,0,0,0,,,,,,,11,pl04,rózsa,rose,7,plants,flower,6.8,69,None,73,None,"(0.1, 0)",None,,,,,,,,,,,,,,0,0,0,0,0,25,25,25,0,0,0,0,347.09545719996095,,,,,,,,,,,,,,,,,,,,,,,,,,,,,,,,,,,,,,,,,,,,,,,,,,,,,,,,,,,,,,,,,,,,,,,,,,,,,,,,,,,,,,,,,,,,347.0833041999722,347.09545719996095,347.09545719996095,347.09545719996095,347.28083689999767,None,,,,,,,,,,,347.2958970000036,347.2958970000036,347.2958970000036,,,,,,,,,,P8384,Bar_MIC,11,1,2026-04-09_15h27.42.794,MIC_task,,2026.1.2,60.0367665301919,2026-04-09 15h27.44.539502 +0200,
,,1,0,1,,,,,,,11,pl04,rózsa,rose,7,plants,flower,6.8,69,None,73,None,"(0.1, 0)",None,,,,,,,,,,,,,,0,0,0,0,0,25,25,25,1,0,1,0,347.2958970000036,,,,,,,,,,,,,,,,,,,,,,,,,,,,,,,,,,,,,,,,,,,,,,,,,,,,,,,,,,,,,,,,,,,,,,,,,,,,,,,,,,,,,,,,,,,,347.28369299997576,347.2958970000036,347.2958970000036,347.2958970000036,347.4807571999263,None,,,,,,,,,,,,,,,,,,,,,,,P8384,Bar_MIC,11,1,2026-04-09_15h27.42.794,MIC_task,,2026.1.2,60.0367665301919,2026-04-09 15h27.44.539502 +0200,
,,2,0,2,,,,,,,11,pl04,rózsa,rose,7,plants,flower,6.8,69,None,73,None,"(0.1, 0)",None,,,,,,,,,,,,,,0,0,0,0,0,25,25,25,2,0,2,0,347.4962375999894,,,,,,,,,,,,,,,,,,,,,,,,,,,,,,,,,,,,,,,,,,,,,,,,,,,,,,,,,,,,,,,,,,,,,,,,,,,,,,,,,,,,,,,,,,,,347.4839143999852,347.4962375999894,347.4962375999894,347.4962375999894,347.6804788999725,None,,,,,,,,,,,347.6966262999922,347.6966262999922,347.6966262999922,,,,,,,,,,P8384,Bar_MIC,11,1,2026-04-09_15h27.42.794,MIC_task,,2026.1.2,60.0367665301919,2026-04-09 15h27.44.539502 +0200,
,,3,0,3,,,,,,,11,pl04,rózsa,rose,7,plants,flower,6.8,69,None,73,None,"(0.1, 0)",None,,,,,,,,,,,,,,0,0,0,0,0,25,25,25,3,0,3,0,347.6966262999922,,,,,,,,,,,,,,,,,,,,,,,,,,,,,,,,,,,,,,,,,,,,,,,,,,,,,,,,,,,,,,,,,,,,,,,,,,,,,,,,,,,,,,,,,,,,347.6832873999374,347.6966262999922,347.6966262999922,347.6966262999922,347.8809697999386,None,,,,,,,,,,,347.897020699922,347.897020699922,347.897020699922,,,,,,,,,,P8384,Bar_MIC,11,1,2026-04-09_15h27.42.794,MIC_task,,2026.1.2,60.0367665301919,2026-04-09 15h27.44.539502 +0200,
,,4,0,4,,,,,,,11,pl04,rózsa,rose,7,plants,flower,6.8,69,None,73,None,"(0.1, 0)",None,,,,,,,,,,,,,,0,0,0,0,0,25,25,25,4,0,4,0,347.897020699922,,,,,,,,,,,,,,,,,,,,,,,,,,,,,,,,,,,,,,,,,,,,,,,,,,,,,,,,,,,,,,,,,,,,,,,,,,,,,,,,,,,,,,,,,,,,347.8838481999701,347.897020699922,347.897020699922,347.897020699922,348.0808718999615,None,,,,,,,,,,,,,,,,,,,,,,,P8384,Bar_MIC,11,1,2026-04-09_15h27.42.794,MIC_task,,2026.1.2,60.0367665301919,2026-04-09 15h27.44.539502 +0200,
,,5,0,5,,,,,,,11,pl04,rózsa,rose,7,plants,flower,6.8,69,None,73,None,"(0.1, 0)",None,,,,,,,,,,,,,,0,0,0,0,0,25,25,25,5,0,5,0,348.0973126000026,,,,,,,,,,,,,,,,,,,,,,,,,,,,,,,,,,,,,,,,,,,,,,,,,,,,,,,,,,,,,,,,,,,,,,,,,,,,,,,,,,,,,,,,,,,,348.0844629999483,348.0973126000026,348.0973126000026,348.0973126000026,348.2812568999361,None,,,,,,,,,,,,,,,,,,,,,,,P8384,Bar_MIC,11,1,2026-04-09_15h27.42.794,MIC_task,,2026.1.2,60.0367665301919,2026-04-09 15h27.44.539502 +0200,
,,6,0,6,,,,,,,11,pl04,rózsa,rose,7,plants,flower,6.8,69,None,73,None,"(0.1, 0)",None,,,,,,,,,,,,,,0,0,0,0,0,25,25,25,6,0,6,0,348.29775809997227,,,,,,,,,,,,,,,,,,,,,,,,,,,,,,,,,,,,,,,,,,,,,,,,,,,,,,,,,,,,,,,,,,,,,,,,,,,,,,,,,,,,,,,,,,,,348.2842255999567,348.29775809997227,348.29775809997227,348.29775809997227,348.48181599995587,None,,,,,,,,,,,,,,,,,,,,,,,P8384,Bar_MIC,11,1,2026-04-09_15h27.42.794,MIC_task,,2026.1.2,60.0367665301919,2026-04-09 15h27.44.539502 +0200,
,,7,0,7,,,,,,,11,pl04,rózsa,rose,7,plants,flower,6.8,69,None,73,None,"(0.1, 0)",None,,,,,,,,,,,,,,0,0,0,0,0,25,25,25,7,0,7,0,348.4980781999184,,,,,,,,,,,,,,,,,,,,,,,,,,,,,,,,,,,,,,,,,,,,,,,,,,,,,,,,,,,,,,,,,,,,,,,,,,,,,,,,,,,,,,,,,,,,348.48499869997613,348.4980781999184,348.4980781999184,348.4980781999184,348.6821646000026,None,,,,,,,,,,,,,,,,,,,,,,,P8384,Bar_MIC,11,1,2026-04-09_15h27.42.794,MIC_task,,2026.1.2,60.0367665301919,2026-04-09 15h27.44.539502 +0200,
,,8,0,8,,,,,,,11,pl04,rózsa,rose,7,plants,flower,6.8,69,None,73,None,"(0.1, 0)",None,,,,,,,,,,,,,,0,0,0,0,0,25,25,25,8,0,8,0,348.69760879990645,,,,,,,,,,,,,,,,,,,,,,,,,,,,,,,,,,,,,,,,,,,,,,,,,,,,,,,,,,,,,,,,,,,,,,,,,,,,,,,,,,,,,,,,,,,,348.6853256999748,348.69760879990645,348.69760879990645,348.69760879990645,348.88245319994166,None,,,,,,,,,,,,,,,,,,,,,,,P8384,Bar_MIC,11,1,2026-04-09_15h27.42.794,MIC_task,,2026.1.2,60.0367665301919,2026-04-09 15h27.44.539502 +0200,
,,9,0,9,,,,,,,11,pl04,rózsa,rose,7,plants,flower,6.8,69,None,73,None,"(0.1, 0)",None,,,,,,,,,,,,,,0,0,0,0,0,25,25,25,9,0,9,0,348.89797629998066,,,,,,,,,,,,,,,,,,,,,,,,,,,,,,,,,,,,,,,,,,,,,,,,,,,,,,,,,,,,,,,,,,,,,,,,,,,,,,,,,,,,,,,,,,,,348.88588139996864,348.89797629998066,348.89797629998066,348.89797629998066,349.0829685999779,None,,,,,,,,,,,,,,,,,,,,,,,P8384,Bar_MIC,11,1,2026-04-09_15h27.42.794,MIC_task,,2026.1.2,60.0367665301919,2026-04-09 15h27.44.539502 +0200,
,,10,0,10,,,,,,,11,pl04,rózsa,rose,7,plants,flower,6.8,69,None,73,None,"(0.1, 0)",None,,,,,,,,,,,,,,0,0,0,0,0,25,25,25,10,0,10,0,349.099192499998,,,,,,,,,,,,,,,,,,,,,,,,,,,,,,,,,,,,,,,,,,,,,,,,,,,,,,,,,,,,,,,,,,,,,,,,,,,,,,,,,,,,,,,,,,,,349.0865795999998,349.099192499998,349.099192499998,349.099192499998,349.28339519992005,None,,,,,,,,,,,,,,,,,,,,,,,P8384,Bar_MIC,11,1,2026-04-09_15h27.42.794,MIC_task,,2026.1.2,60.0367665301919,2026-04-09 15h27.44.539502 +0200,
,,11,0,11,,,,,,,11,pl04,rózsa,rose,7,plants,flower,6.8,69,None,73,None,"(0.1, 0)",None,,,,,,,,,,,,,,0,0,0,0,0,25,25,25,11,0,11,0,349.2988759999862,,,,,,,,,,,,,,,,,,,,,,,,,,,,,,,,,,,,,,,,,,,,,,,,,,,,,,,,,,,,,,,,,,,,,,,,,,,,,,,,,,,,,,,,,,,,349.28666989994235,349.2988759999862,349.2988759999862,349.2988759999862,349.4837819999084,None,,,,,,,,,,,,,,,,,,,,,,,P8384,Bar_MIC,11,1,2026-04-09_15h27.42.794,MIC_task,,2026.1.2,60.0367665301919,2026-04-09 15h27.44.539502 +0200,
,,12,0,12,,,,,,,11,pl04,rózsa,rose,7,plants,flower,6.8,69,None,73,None,"(0.1, 0)",None,,,,,,,,,,,,,,0,0,0,0,0,25,25,25,12,0,12,0,349.4991908998927,,,,,,,,,,,,,,,,,,,,,,,,,,,,,,,,,,,,,,,,,,,,,,,,,,,,,,,,,,,,,,,,,,,,,,,,,,,,,,,,,,,,,,,,,,,,349.48678179993294,349.4991908998927,349.4991908998927,349.4991908998927,349.68414499994833,None,,,,,,,,,,,,,,,,,,,,,,,P8384,Bar_MIC,11,1,2026-04-09_15h27.42.794,MIC_task,,2026.1.2,60.0367665301919,2026-04-09 15h27.44.539502 +0200,
,,13,0,13,,,,,,,11,pl04,rózsa,rose,7,plants,flower,6.8,69,None,73,None,"(0.1, 0)",None,,,,,,,,,,,,,,0,0,0,0,0,25,25,25,13,0,13,0,349.6996336999582,,,,,,,,,,,,,,,,,,,,,,,,,,,,,,,,,,,,,,,,,,,,,,,,,,,,,,,,,,,,,,,,,,,,,,,,,,,,,,,,,,,,,,,,,,,,349.6871843999252,349.6996336999582,349.6996336999582,349.6996336999582,349.88333629991394,None,,,,,,,,,,,,,,,,,,,,,,,P8384,Bar_MIC,11,1,2026-04-09_15h27.42.794,MIC_task,,2026.1.2,60.0367665301919,2026-04-09 15h27.44.539502 +0200,
,,14,0,14,,,,,,,11,pl04,rózsa,rose,7,plants,flower,6.8,69,None,73,None,"(0.1, 0)",None,,,,,,,,,,,,,,0,0,0,0,0,25,25,25,14,0,14,0,349.9000182999298,,,,,,,,,,,,,,,,,,,,,,,,,,,,,,,,,,,,,,,,,,,,,,,,,,,,,,,,,,,,,,,,,,,,,,,,,,,,,,,,,,,,,,,,,,,,349.8863784999121,349.9000182999298,349.9000182999298,349.9000182999298,350.08372579992283,None,,,,,,,,,,,,,,,,,,,,,,,P8384,Bar_MIC,11,1,2026-04-09_15h27.42.794,MIC_task,,2026.1.2,60.0367665301919,2026-04-09 15h27.44.539502 +0200,
,,15,0,15,,,,,,,11,pl04,rózsa,rose,7,plants,flower,6.8,69,None,73,None,"(0.1, 0)",None,,,,,,,,,,,,,,0,0,0,0,0,25,25,25,15,0,15,0,350.10035079997033,,,,,,,,,,,,,,,,,,,,,,,,,,,,,,,,,,,,,,,,,,,,,,,,,,,,,,,,,,,,,,,,,,,,,,,,,,,,,,,,,,,,,,,,,,,,350.0867837999249,350.10035079997033,350.10035079997033,350.10035079997033,350.2843184999656,None,,,,,,,,,,,,,,,,,,,,,,,P8384,Bar_MIC,11,1,2026-04-09_15h27.42.794,MIC_task,,2026.1.2,60.0367665301919,2026-04-09 15h27.44.539502 +0200,
,,16,0,16,,,,,,,11,pl04,rózsa,rose,7,plants,flower,6.8,69,None,73,None,"(0.1, 0)",None,,,,,,,,,,,,,,0,0,0,0,0,25,25,25,16,0,16,0,350.30081059993245,,,,,,,,,,,,,,,,,,,,,,,,,,,,,,,,,,,,,,,,,,,,,,,,,,,,,,,,,,,,,,,,,,,,,,,,,,,,,,,,,,,,,,,,,,,,350.28741349990014,350.30081059993245,350.30081059993245,350.30081059993245,350.48466669989284,None,,,,,,,,,,,,,,,,,,,,,,,P8384,Bar_MIC,11,1,2026-04-09_15h27.42.794,MIC_task,,2026.1.2,60.0367665301919,2026-04-09 15h27.44.539502 +0200,
,,17,0,17,,,,,,,11,pl04,rózsa,rose,7,plants,flower,6.8,69,None,73,None,"(0.1, 0)",None,,,,,,,,,,,,,,0,0,0,0,0,25,25,25,17,0,17,0,350.5011271999683,,,,,,,,,,,,,,,,,,,,,,,,,,,,,,,,,,,,,,,,,,,,,,,,,,,,,,,,,,,,,,,,,,,,,,,,,,,,,,,,,,,,,,,,,,,,350.487707399996,350.5011271999683,350.5011271999683,350.5011271999683,350.68502209999133,None,,,,,,,,,,,,,,,,,,,,,,,P8384,Bar_MIC,11,1,2026-04-09_15h27.42.794,MIC_task,,2026.1.2,60.0367665301919,2026-04-09 15h27.44.539502 +0200,
,,18,0,18,,,,,,,11,pl04,rózsa,rose,7,plants,flower,6.8,69,None,73,None,"(0.1, 0)",None,,,,,,,,,,,,,,0,0,0,0,0,25,25,25,18,0,18,0,350.7013891999377,,,,,,,,,,,,,,,,,,,,,,,,,,,,,,,,,,,,,,,,,,,,,,,,,,,,,,,,,,,,,,,,,,,,,,,,,,,,,,,,,,,,,,,,,,,,350.6880044999998,350.7013891999377,350.7013891999377,350.7013891999377,350.88537169992924,None,,,,,,,,,,,,,,,,,,,,,,,P8384,Bar_MIC,11,1,2026-04-09_15h27.42.794,MIC_task,,2026.1.2,60.0367665301919,2026-04-09 15h27.44.539502 +0200,
,,19,0,19,,,,,,,11,pl04,rózsa,rose,7,plants,flower,6.8,69,None,73,None,"(0.1, 0)",space,0.06481799995526671,None,,,,,,,,,,,,0,0,0,0,0,25,25,25,19,0,19,0,350.9017519999761,,,,,,,,,,,,,,,,,,,,,,,,,,,,,,,,,,,,,,,,,,,,,,,,,,,,,,,,,,,,,,,,,,,,,,,,,,,,,,,,,,,,,,,,,,,,350.888744099997,350.9017519999761,350.9017519999761,350.9017519999761,350.97027609997895,space,0.06481799995526671,None,,,,,,,,,,,,,,,,,,,,,P8384,Bar_MIC,11,1,2026-04-09_15h27.42.794,MIC_task,,2026.1.2,60.0367665301919,2026-04-09 15h27.44.539502 +0200,
,,25,25,0,,,,space,1.9825413000071421,None,11,pl04,rózsa,rose,7,plants,flower,6.8,69,None,73,None,"(0.1, 0)",,,,,,,,,,,,,,,0,0,0,0,0,25,25,25,,,,,,,,,,,,,,,,,,,,,,,,,,,,,,,,,,,,,,,,,,,,,,,,,,,,,,,,,,,,,,,,,,,,,,,,,,,,,,,,,351.0311650999356,351.03664199996274,351.03594806663847,352.97202789993025,,,,,,354.9753992999904,354.99197159998585,354.99197159998585,356.9790037999628,,,,,,,,,,,,352.99512979993597,353.0001088998979,353.00522823329857,354.891128999996,354.9753600999247,space,1.9825413000071421,None,,,,,,,,,,,,,P8384,Bar_MIC,11,1,2026-04-09_15h27.42.794,MIC_task,,2026.1.2,60.0367665301919,2026-04-09 15h27.44.539502 +0200,
,,0,0,0,,,,,,,11,b03,fül,ear,2,bodypart,face,6.6,14,19,43,None,"(-0.1, 0.1)",None,,,,,,,,,,,,,,0,0,0,0,0,26,26,26,0,0,0,0,356.99456509994343,,,,,,,,,,,,,,,,,,,,,,,,,,,,,,,,,,,,,,,,,,,,,,,,,,,,,,,,,,,,,,,,,,,,,,,,,,,,,,,,,,,,,,,,,,,,356.9831747999415,356.99456509994343,356.99456509994343,356.99456509994343,357.1790543999523,None,,,,,,,,,,,357.19491879991256,357.19491879991256,357.19491879991256,,,,,,,,,,P8384,Bar_MIC,11,1,2026-04-09_15h27.42.794,MIC_task,,2026.1.2,60.0367665301919,2026-04-09 15h27.44.539502 +0200,
,,0,0,0,,,,,,,11,b03,fül,ear,2,bodypart,face,6.6,14,19,43,None,"(-0.1, 0.1)",None,,,,,,,,,,,,,,0,0,0,0,0,26,26,26,0,0,0,0,357.19491879991256,,,,,,,,,,,,,,,,,,,,,,,,,,,,,,,,,,,,,,,,,,,,,,,,,,,,,,,,,,,,,,,,,,,,,,,,,,,,,,,,,,,,,,,,,,,,357.18182049994357,357.19491879991256,357.19491879991256,357.19491879991256,357.37945749994833,None,,,,,,,,,,,357.39451509993523,357.39451509993523,357.39451509993523,,,,,,,,,,P8384,Bar_MIC,11,1,2026-04-09_15h27.42.794,MIC_task,,2026.1.2,60.0367665301919,2026-04-09 15h27.44.539502 +0200,
,,1,0,1,,,,,,,11,b03,fül,ear,2,bodypart,face,6.6,14,19,43,None,"(-0.1, 0.1)",None,,,,,,,,,,,,,,0,0,0,0,0,26,26,26,1,0,1,0,357.39451509993523,,,,,,,,,,,,,,,,,,,,,,,,,,,,,,,,,,,,,,,,,,,,,,,,,,,,,,,,,,,,,,,,,,,,,,,,,,,,,,,,,,,,,,,,,,,,357.3821532999864,357.39451509993523,357.39451509993523,357.39451509993523,357.57943169993814,None,,,,,,,,,,,,,,,,,,,,,,,P8384,Bar_MIC,11,1,2026-04-09_15h27.42.794,MIC_task,,2026.1.2,60.0367665301919,2026-04-09 15h27.44.539502 +0200,
,,2,0,2,,,,,,,11,b03,fül,ear,2,bodypart,face,6.6,14,19,43,None,"(-0.1, 0.1)",None,,,,,,,,,,,,,,0,0,0,0,0,26,26,26,2,0,2,0,357.59495739999693,,,,,,,,,,,,,,,,,,,,,,,,,,,,,,,,,,,,,,,,,,,,,,,,,,,,,,,,,,,,,,,,,,,,,,,,,,,,,,,,,,,,,,,,,,,,357.5826520998962,357.59495739999693,357.59495739999693,357.59495739999693,357.779899999965,None,,,,,,,,,,,,,,,,,,,,,,,P8384,Bar_MIC,11,1,2026-04-09_15h27.42.794,MIC_task,,2026.1.2,60.0367665301919,2026-04-09 15h27.44.539502 +0200,
,,3,0,3,,,,,,,11,b03,fül,ear,2,bodypart,face,6.6,14,19,43,None,"(-0.1, 0.1)",None,,,,,,,,,,,,,,0,0,0,0,0,26,26,26,3,0,3,0,357.7953090999508,,,,,,,,,,,,,,,,,,,,,,,,,,,,,,,,,,,,,,,,,,,,,,,,,,,,,,,,,,,,,,,,,,,,,,,,,,,,,,,,,,,,,,,,,,,,357.783228199929,357.7953090999508,357.7953090999508,357.7953090999508,357.98027069994714,None,,,,,,,,,,,,,,,,,,,,,,,P8384,Bar_MIC,11,1,2026-04-09_15h27.42.794,MIC_task,,2026.1.2,60.0367665301919,2026-04-09 15h27.44.539502 +0200,
,,4,0,4,,,,,,,11,b03,fül,ear,2,bodypart,face,6.6,14,19,43,None,"(-0.1, 0.1)",None,,,,,,,,,,,,,,0,0,0,0,0,26,26,26,4,0,4,0,357.9956654999405,,,,,,,,,,,,,,,,,,,,,,,,,,,,,,,,,,,,,,,,,,,,,,,,,,,,,,,,,,,,,,,,,,,,,,,,,,,,,,,,,,,,,,,,,,,,357.9831831000047,357.9956654999405,357.9956654999405,357.9956654999405,358.17947189998813,None,,,,,,,,,,,,,,,,,,,,,,,P8384,Bar_MIC,11,1,2026-04-09_15h27.42.794,MIC_task,,2026.1.2,60.0367665301919,2026-04-09 15h27.44.539502 +0200,
,,5,0,5,,,,,,,11,b03,fül,ear,2,bodypart,face,6.6,14,19,43,None,"(-0.1, 0.1)",None,,,,,,,,,,,,,,0,0,0,0,0,26,26,26,5,0,5,0,358.1961059999885,,,,,,,,,,,,,,,,,,,,,,,,,,,,,,,,,,,,,,,,,,,,,,,,,,,,,,,,,,,,,,,,,,,,,,,,,,,,,,,,,,,,,,,,,,,,358.18225749989506,358.1961059999885,358.1961059999885,358.1961059999885,358.37994329992216,None,,,,,,,,,,,,,,,,,,,,,,,P8384,Bar_MIC,11,1,2026-04-09_15h27.42.794,MIC_task,,2026.1.2,60.0367665301919,2026-04-09 15h27.44.539502 +0200,
,,6,0,6,,,,,,,11,b03,fül,ear,2,bodypart,face,6.6,14,19,43,None,"(-0.1, 0.1)",None,,,,,,,,,,,,,,0,0,0,0,0,26,26,26,6,0,6,0,358.3964982999023,,,,,,,,,,,,,,,,,,,,,,,,,,,,,,,,,,,,,,,,,,,,,,,,,,,,,,,,,,,,,,,,,,,,,,,,,,,,,,,,,,,,,,,,,,,,358.3831296999706,358.3964982999023,358.3964982999023,358.3964982999023,358.5804350998951,None,,,,,,,,,,,,,,,,,,,,,,,P8384,Bar_MIC,11,1,2026-04-09_15h27.42.794,MIC_task,,2026.1.2,60.0367665301919,2026-04-09 15h27.44.539502 +0200,
,,7,0,7,,,,,,,11,b03,fül,ear,2,bodypart,face,6.6,14,19,43,None,"(-0.1, 0.1)",None,,,,,,,,,,,,,,0,0,0,0,0,26,26,26,7,0,7,0,358.5967501999112,,,,,,,,,,,,,,,,,,,,,,,,,,,,,,,,,,,,,,,,,,,,,,,,,,,,,,,,,,,,,,,,,,,,,,,,,,,,,,,,,,,,,,,,,,,,358.5833239000058,358.5967501999112,358.5967501999112,358.5967501999112,358.7807875999715,None,,,,,,,,,,,,,,,,,,,,,,,P8384,Bar_MIC,11,1,2026-04-09_15h27.42.794,MIC_task,,2026.1.2,60.0367665301919,2026-04-09 15h27.44.539502 +0200,
,,8,0,8,,,,,,,11,b03,fül,ear,2,bodypart,face,6.6,14,19,43,None,"(-0.1, 0.1)",None,,,,,,,,,,,,,,0,0,0,0,0,26,26,26,8,0,8,0,358.797097499948,,,,,,,,,,,,,,,,,,,,,,,,,,,,,,,,,,,,,,,,,,,,,,,,,,,,,,,,,,,,,,,,,,,,,,,,,,,,,,,,,,,,,,,,,,,,358.7838702999288,358.797097499948,358.797097499948,358.797097499948,358.98122179997154,None,,,,,,,,,,,,,,,,,,,,,,,P8384,Bar_MIC,11,1,2026-04-09_15h27.42.794,MIC_task,,2026.1.2,60.0367665301919,2026-04-09 15h27.44.539502 +0200,
,,9,0,9,,,,,,,11,b03,fül,ear,2,bodypart,face,6.6,14,19,43,None,"(-0.1, 0.1)",None,,,,,,,,,,,,,,0,0,0,0,0,26,26,26,9,0,9,0,358.99746559991036,,,,,,,,,,,,,,,,,,,,,,,,,,,,,,,,,,,,,,,,,,,,,,,,,,,,,,,,,,,,,,,,,,,,,,,,,,,,,,,,,,,,,,,,,,,,358.9845922999084,358.99746559991036,358.99746559991036,358.99746559991036,359.1817540999036,None,,,,,,,,,,,,,,,,,,,,,,,P8384,Bar_MIC,11,1,2026-04-09_15h27.42.794,MIC_task,,2026.1.2,60.0367665301919,2026-04-09 15h27.44.539502 +0200,
,,10,0,10,,,,,,,11,b03,fül,ear,2,bodypart,face,6.6,14,19,43,None,"(-0.1, 0.1)",None,,,,,,,,,,,,,,0,0,0,0,0,26,26,26,10,0,10,0,359.1979080999736,,,,,,,,,,,,,,,,,,,,,,,,,,,,,,,,,,,,,,,,,,,,,,,,,,,,,,,,,,,,,,,,,,,,,,,,,,,,,,,,,,,,,,,,,,,,359.18440959998406,359.1979080999736,359.1979080999736,359.1979080999736,359.38206049997825,None,,,,,,,,,,,,,,,,,,,,,,,P8384,Bar_MIC,11,1,2026-04-09_15h27.42.794,MIC_task,,2026.1.2,60.0367665301919,2026-04-09 15h27.44.539502 +0200,
,,11,0,11,,,,,,,11,b03,fül,ear,2,bodypart,face,6.6,14,19,43,None,"(-0.1, 0.1)",None,,,,,,,,,,,,,,0,0,0,0,0,26,26,26,11,0,11,0,359.3974764999002,,,,,,,,,,,,,,,,,,,,,,,,,,,,,,,,,,,,,,,,,,,,,,,,,,,,,,,,,,,,,,,,,,,,,,,,,,,,,,,,,,,,,,,,,,,,359.38507540000137,359.3974764999002,359.3974764999002,359.3974764999002,359.5824448999483,None,,,,,,,,,,,,,,,,,,,,,,,P8384,Bar_MIC,11,1,2026-04-09_15h27.42.794,MIC_task,,2026.1.2,60.0367665301919,2026-04-09 15h27.44.539502 +0200,
,,12,0,12,,,,,,,11,b03,fül,ear,2,bodypart,face,6.6,14,19,43,None,"(-0.1, 0.1)",None,,,,,,,,,,,,,,0,0,0,0,0,26,26,26,12,0,12,0,359.59793089993764,,,,,,,,,,,,,,,,,,,,,,,,,,,,,,,,,,,,,,,,,,,,,,,,,,,,,,,,,,,,,,,,,,,,,,,,,,,,,,,,,,,,,,,,,,,,359.5854668999091,359.59793089993764,359.59793089993764,359.59793089993764,359.7827820999082,None,,,,,,,,,,,,,,,,,,,,,,,P8384,Bar_MIC,11,1,2026-04-09_15h27.42.794,MIC_task,,2026.1.2,60.0367665301919,2026-04-09 15h27.44.539502 +0200,
,,13,0,13,,,,,,,11,b03,fül,ear,2,bodypart,face,6.6,14,19,43,None,"(-0.1, 0.1)",None,,,,,,,,,,,,,,0,0,0,0,0,26,26,26,13,0,13,0,359.79825769993477,,,,,,,,,,,,,,,,,,,,,,,,,,,,,,,,,,,,,,,,,,,,,,,,,,,,,,,,,,,,,,,,,,,,,,,,,,,,,,,,,,,,,,,,,,,,359.78608569991775,359.79825769993477,359.79825769993477,359.79825769993477,359.98324370000046,None,,,,,,,,,,,,,,,,,,,,,,,P8384,Bar_MIC,11,1,2026-04-09_15h27.42.794,MIC_task,,2026.1.2,60.0367665301919,2026-04-09 15h27.44.539502 +0200,
,,14,0,14,,,,,,,11,b03,fül,ear,2,bodypart,face,6.6,14,19,43,None,"(-0.1, 0.1)",None,,,,,,,,,,,,,,0,0,0,0,0,26,26,26,14,0,14,0,359.99868829990737,,,,,,,,,,,,,,,,,,,,,,,,,,,,,,,,,,,,,,,,,,,,,,,,,,,,,,,,,,,,,,,,,,,,,,,,,,,,,,,,,,,,,,,,,,,,359.9864175999537,359.99868829990737,359.99868829990737,359.99868829990737,360.18237890000455,None,,,,,,,,,,,,,,,,,,,,,,,P8384,Bar_MIC,11,1,2026-04-09_15h27.42.794,MIC_task,,2026.1.2,60.0367665301919,2026-04-09 15h27.44.539502 +0200,
,,15,0,15,,,,,,,11,b03,fül,ear,2,bodypart,face,6.6,14,19,43,None,"(-0.1, 0.1)",None,,,,,,,,,,,,,,0,0,0,0,0,26,26,26,15,0,15,0,360.1990606999025,,,,,,,,,,,,,,,,,,,,,,,,,,,,,,,,,,,,,,,,,,,,,,,,,,,,,,,,,,,,,,,,,,,,,,,,,,,,,,,,,,,,,,,,,,,,360.1855051999446,360.1990606999025,360.1990606999025,360.1990606999025,360.3828041999368,None,,,,,,,,,,,,,,,,,,,,,,,P8384,Bar_MIC,11,1,2026-04-09_15h27.42.794,MIC_task,,2026.1.2,60.0367665301919,2026-04-09 15h27.44.539502 +0200,
,,16,0,16,,,,,,,11,b03,fül,ear,2,bodypart,face,6.6,14,19,43,None,"(-0.1, 0.1)",None,,,,,,,,,,,,,,0,0,0,0,0,26,26,26,16,0,16,0,360.399438799941,,,,,,,,,,,,,,,,,,,,,,,,,,,,,,,,,,,,,,,,,,,,,,,,,,,,,,,,,,,,,,,,,,,,,,,,,,,,,,,,,,,,,,,,,,,,360.3857935999986,360.399438799941,360.399438799941,360.399438799941,360.5832860999508,None,,,,,,,,,,,,,,,,,,,,,,,P8384,Bar_MIC,11,1,2026-04-09_15h27.42.794,MIC_task,,2026.1.2,60.0367665301919,2026-04-09 15h27.44.539502 +0200,
,,17,0,17,,,,,,,11,b03,fül,ear,2,bodypart,face,6.6,14,19,43,None,"(-0.1, 0.1)",None,,,,,,,,,,,,,,0,0,0,0,0,26,26,26,17,0,17,0,360.5998400999233,,,,,,,,,,,,,,,,,,,,,,,,,,,,,,,,,,,,,,,,,,,,,,,,,,,,,,,,,,,,,,,,,,,,,,,,,,,,,,,,,,,,,,,,,,,,360.5865014999872,360.5998400999233,360.5998400999233,360.5998400999233,360.78378439997323,None,,,,,,,,,,,,,,,,,,,,,,,P8384,Bar_MIC,11,1,2026-04-09_15h27.42.794,MIC_task,,2026.1.2,60.0367665301919,2026-04-09 15h27.44.539502 +0200,
,,18,0,18,,,,,,,11,b03,fül,ear,2,bodypart,face,6.6,14,19,43,None,"(-0.1, 0.1)",None,,,,,,,,,,,,,,0,0,0,0,0,26,26,26,18,0,18,0,360.80012859997805,,,,,,,,,,,,,,,,,,,,,,,,,,,,,,,,,,,,,,,,,,,,,,,,,,,,,,,,,,,,,,,,,,,,,,,,,,,,,,,,,,,,,,,,,,,,360.7869326999644,360.80012859997805,360.80012859997805,360.80012859997805,360.9843154998962,None,,,,,,,,,,,,,,,,,,,,,,,P8384,Bar_MIC,11,1,2026-04-09_15h27.42.794,MIC_task,,2026.1.2,60.0367665301919,2026-04-09 15h27.44.539502 +0200,
,,19,0,19,,,,,,,11,b03,fül,ear,2,bodypart,face,6.6,14,19,43,None,"(-0.1, 0.1)",None,,,,,,,,,,,,,,0,0,0,0,0,26,26,26,19,0,19,0,361.00047019997146,,,,,,,,,,,,,,,,,,,,,,,,,,,,,,,,,,,,,,,,,,,,,,,,,,,,,,,,,,,,,,,,,,,,,,,,,,,,,,,,,,,,,,,,,,,,360.98730679997243,361.00047019997146,361.00047019997146,361.00047019997146,361.1844938999275,None,,,,,,,,,,,,,,,,,,,,,,,P8384,Bar_MIC,11,1,2026-04-09_15h27.42.794,MIC_task,,2026.1.2,60.0367665301919,2026-04-09 15h27.44.539502 +0200,
,,20,0,20,,,,,,,11,b03,fül,ear,2,bodypart,face,6.6,14,19,43,None,"(-0.1, 0.1)",None,,,,,,,,,,,,,,0,0,0,0,0,26,26,26,20,0,20,0,361.20089209999423,,,,,,,,,,,,,,,,,,,,,,,,,,,,,,,,,,,,,,,,,,,,,,,,,,,,,,,,,,,,,,,,,,,,,,,,,,,,,,,,,,,,,,,,,,,,361.18766419996973,361.20089209999423,361.20089209999423,361.20089209999423,361.3848884999752,None,,,,,,,,,,,,,,,,,,,,,,,P8384,Bar_MIC,11,1,2026-04-09_15h27.42.794,MIC_task,,2026.1.2,60.0367665301919,2026-04-09 15h27.44.539502 +0200,
,,21,0,21,,,,,,,11,b03,fül,ear,2,bodypart,face,6.6,14,19,43,None,"(-0.1, 0.1)",None,,,,,,,,,,,,,,0,0,0,0,0,26,26,26,21,0,21,0,361.4012454999611,,,,,,,,,,,,,,,,,,,,,,,,,,,,,,,,,,,,,,,,,,,,,,,,,,,,,,,,,,,,,,,,,,,,,,,,,,,,,,,,,,,,,,,,,,,,361.3877849999117,361.4012454999611,361.4012454999611,361.4012454999611,361.5853855999885,None,,,,,,,,,,,,,,,,,,,,,,,P8384,Bar_MIC,11,1,2026-04-09_15h27.42.794,MIC_task,,2026.1.2,60.0367665301919,2026-04-09 15h27.44.539502 +0200,
,,22,0,22,,,,,,,11,b03,fül,ear,2,bodypart,face,6.6,14,19,43,None,"(-0.1, 0.1)",None,,,,,,,,,,,,,,0,0,0,0,0,26,26,26,22,0,22,0,361.6016662999755,,,,,,,,,,,,,,,,,,,,,,,,,,,,,,,,,,,,,,,,,,,,,,,,,,,,,,,,,,,,,,,,,,,,,,,,,,,,,,,,,,,,,,,,,,,,361.58866039989516,361.6016662999755,361.6016662999755,361.6016662999755,361.7859307999024,None,,,,,,,,,,,,,,,,,,,,,,,P8384,Bar_MIC,11,1,2026-04-09_15h27.42.794,MIC_task,,2026.1.2,60.0367665301919,2026-04-09 15h27.44.539502 +0200,
,,23,0,23,,,,,,,11,b03,fül,ear,2,bodypart,face,6.6,14,19,43,None,"(-0.1, 0.1)",None,,,,,,,,,,,,,,0,0,0,0,0,26,26,26,23,0,23,0,361.80124139995314,,,,,,,,,,,,,,,,,,,,,,,,,,,,,,,,,,,,,,,,,,,,,,,,,,,,,,,,,,,,,,,,,,,,,,,,,,,,,,,,,,,,,,,,,,,,361.7890094999457,361.80124139995314,361.80124139995314,361.80124139995314,361.9861581999576,None,,,,,,,,,,,,,,,,,,,,,,,P8384,Bar_MIC,11,1,2026-04-09_15h27.42.794,MIC_task,,2026.1.2,60.0367665301919,2026-04-09 15h27.44.539502 +0200,
,,24,0,24,,,,,,,11,b03,fül,ear,2,bodypart,face,6.6,14,19,43,None,"(-0.1, 0.1)",None,,,,,,,,,,,,,,0,0,0,0,0,26,26,26,24,0,24,0,362.0016648999881,,,,,,,,,,,,,,,,,,,,,,,,,,,,,,,,,,,,,,,,,,,,,,,,,,,,,,,,,,,,,,,,,,,,,,,,,,,,,,,,,,,,,,,,,,,,361.98936749994755,362.0016648999881,362.0016648999881,362.0016648999881,362.1853274999885,None,,,,,,,,,,,,,,,,,,,,,,,P8384,Bar_MIC,11,1,2026-04-09_15h27.42.794,MIC_task,,2026.1.2,60.0367665301919,2026-04-09 15h27.44.539502 +0200,
,,25,0,25,,,,,,,11,b03,fül,ear,2,bodypart,face,6.6,14,19,43,None,"(-0.1, 0.1)",None,,,,,,,,,,,,,,0,0,0,0,0,26,26,26,25,0,25,0,362.2021165000042,,,,,,,,,,,,,,,,,,,,,,,,,,,,,,,,,,,,,,,,,,,,,,,,,,,,,,,,,,,,,,,,,,,,,,,,,,,,,,,,,,,,,,,,,,,,362.18829639989417,362.2021165000042,362.2021165000042,362.2021165000042,362.387044699979,None,,,,,,,,,,,,,,,,,,,,,,,P8384,Bar_MIC,11,1,2026-04-09_15h27.42.794,MIC_task,,2026.1.2,60.0367665301919,2026-04-09 15h27.44.539502 +0200,
,,26,0,26,,,,,,,11,b03,fül,ear,2,bodypart,face,6.6,14,19,43,None,"(-0.1, 0.1)",None,,,,,,,,,,,,,,0,0,0,0,0,26,26,26,26,0,26,0,362.40245969989337,,,,,,,,,,,,,,,,,,,,,,,,,,,,,,,,,,,,,,,,,,,,,,,,,,,,,,,,,,,,,,,,,,,,,,,,,,,,,,,,,,,,,,,,,,,,362.39023029990494,362.40245969989337,362.40245969989337,362.40245969989337,362.5862028999254,None,,,,,,,,,,,,,,,,,,,,,,,P8384,Bar_MIC,11,1,2026-04-09_15h27.42.794,MIC_task,,2026.1.2,60.0367665301919,2026-04-09 15h27.44.539502 +0200,
,,27,0,27,,,,,,,11,b03,fül,ear,2,bodypart,face,6.6,14,19,43,None,"(-0.1, 0.1)",None,,,,,,,,,,,,,,0,0,0,0,0,26,26,26,27,0,27,0,362.60277909995057,,,,,,,,,,,,,,,,,,,,,,,,,,,,,,,,,,,,,,,,,,,,,,,,,,,,,,,,,,,,,,,,,,,,,,,,,,,,,,,,,,,,,,,,,,,,362.5889016999863,362.60277909995057,362.60277909995057,362.60277909995057,362.78664740000386,None,,,,,,,,,,,,,,,,,,,,,,,P8384,Bar_MIC,11,1,2026-04-09_15h27.42.794,MIC_task,,2026.1.2,60.0367665301919,2026-04-09 15h27.44.539502 +0200,
,,28,0,28,,,,,,,11,b03,fül,ear,2,bodypart,face,6.6,14,19,43,None,"(-0.1, 0.1)",None,,,,,,,,,,,,,,0,0,0,0,0,26,26,26,28,0,28,0,362.8032075999072,,,,,,,,,,,,,,,,,,,,,,,,,,,,,,,,,,,,,,,,,,,,,,,,,,,,,,,,,,,,,,,,,,,,,,,,,,,,,,,,,,,,,,,,,,,,362.7898828999605,362.8032075999072,362.8032075999072,362.8032075999072,362.9870840999065,None,,,,,,,,,,,,,,,,,,,,,,,P8384,Bar_MIC,11,1,2026-04-09_15h27.42.794,MIC_task,,2026.1.2,60.0367665301919,2026-04-09 15h27.44.539502 +0200,
,,29,0,29,,,,,,,11,b03,fül,ear,2,bodypart,face,6.6,14,19,43,None,"(-0.1, 0.1)",None,,,,,,,,,,,,,,0,0,0,0,0,26,26,26,29,0,29,0,363.00359589990694,,,,,,,,,,,,,,,,,,,,,,,,,,,,,,,,,,,,,,,,,,,,,,,,,,,,,,,,,,,,,,,,,,,,,,,,,,,,,,,,,,,,,,,,,,,,362.98960269999225,363.00359589990694,363.00359589990694,363.00359589990694,363.1874893999193,None,,,,,,,,,,,,,,,,,,,,,,,P8384,Bar_MIC,11,1,2026-04-09_15h27.42.794,MIC_task,,2026.1.2,60.0367665301919,2026-04-09 15h27.44.539502 +0200,
,,30,0,30,,,,,,,11,b03,fül,ear,2,bodypart,face,6.6,14,19,43,None,"(-0.1, 0.1)",None,,,,,,,,,,,,,,0,0,0,0,0,26,26,26,30,0,30,0,363.2038446998922,,,,,,,,,,,,,,,,,,,,,,,,,,,,,,,,,,,,,,,,,,,,,,,,,,,,,,,,,,,,,,,,,,,,,,,,,,,,,,,,,,,,,,,,,,,,363.19092129997443,363.2038446998922,363.2038446998922,363.2038446998922,363.387814699905,None,,,,,,,,,,,,,,,,,,,,,,,P8384,Bar_MIC,11,1,2026-04-09_15h27.42.794,MIC_task,,2026.1.2,60.0367665301919,2026-04-09 15h27.44.539502 +0200,
,,31,0,31,,,,,,,11,b03,fül,ear,2,bodypart,face,6.6,14,19,43,None,"(-0.1, 0.1)",None,,,,,,,,,,,,,,0,0,0,0,0,26,26,26,31,0,31,0,363.40416659996845,,,,,,,,,,,,,,,,,,,,,,,,,,,,,,,,,,,,,,,,,,,,,,,,,,,,,,,,,,,,,,,,,,,,,,,,,,,,,,,,,,,,,,,,,,,,363.3909636999015,363.40416659996845,363.40416659996845,363.40416659996845,363.58837869996205,None,,,,,,,,,,,,,,,,,,,,,,,P8384,Bar_MIC,11,1,2026-04-09_15h27.42.794,MIC_task,,2026.1.2,60.0367665301919,2026-04-09 15h27.44.539502 +0200,
,,32,0,32,,,,,,,11,b03,fül,ear,2,bodypart,face,6.6,14,19,43,None,"(-0.1, 0.1)",None,,,,,,,,,,,,,,0,0,0,0,0,26,26,26,32,0,32,0,363.60378609993495,,,,,,,,,,,,,,,,,,,,,,,,,,,,,,,,,,,,,,,,,,,,,,,,,,,,,,,,,,,,,,,,,,,,,,,,,,,,,,,,,,,,,,,,,,,,363.5912219999591,363.60378609993495,363.60378609993495,363.60378609993495,363.788618999999,None,,,,,,,,,,,,,,,,,,,,,,,P8384,Bar_MIC,11,1,2026-04-09_15h27.42.794,MIC_task,,2026.1.2,60.0367665301919,2026-04-09 15h27.44.539502 +0200,
,,33,0,33,,,,,,,11,b03,fül,ear,2,bodypart,face,6.6,14,19,43,None,"(-0.1, 0.1)",None,,,,,,,,,,,,,,0,0,0,0,0,26,26,26,33,0,33,0,363.80414199992083,,,,,,,,,,,,,,,,,,,,,,,,,,,,,,,,,,,,,,,,,,,,,,,,,,,,,,,,,,,,,,,,,,,,,,,,,,,,,,,,,,,,,,,,,,,,363.7917048999807,363.80414199992083,363.80414199992083,363.80414199992083,363.9893341999268,None,,,,,,,,,,,,,,,,,,,,,,,P8384,Bar_MIC,11,1,2026-04-09_15h27.42.794,MIC_task,,2026.1.2,60.0367665301919,2026-04-09 15h27.44.539502 +0200,
,,34,0,34,,,,,,,11,b03,fül,ear,2,bodypart,face,6.6,14,19,43,None,"(-0.1, 0.1)",None,,,,,,,,,,,,,,0,0,0,0,0,26,26,26,34,0,34,0,364.0045594999101,,,,,,,,,,,,,,,,,,,,,,,,,,,,,,,,,,,,,,,,,,,,,,,,,,,,,,,,,,,,,,,,,,,,,,,,,,,,,,,,,,,,,,,,,,,,363.99207379994914,364.0045594999101,364.0045594999101,364.0045594999101,364.18959779990837,None,,,,,,,,,,,,,,,,,,,,,,,P8384,Bar_MIC,11,1,2026-04-09_15h27.42.794,MIC_task,,2026.1.2,60.0367665301919,2026-04-09 15h27.44.539502 +0200,
,,35,0,35,,,,,,,11,b03,fül,ear,2,bodypart,face,6.6,14,19,43,None,"(-0.1, 0.1)",space,0.07444120000582188,None,,,,,,,,,,,,0,0,0,0,0,26,26,26,35,0,35,0,364.20494500000495,,,,,,,,,,,,,,,,,,,,,,,,,,,,,,,,,,,,,,,,,,,,,,,,,,,,,,,,,,,,,,,,,,,,,,,,,,,,,,,,,,,,,,,,,,,,364.19283999991603,364.20494500000495,364.20494500000495,364.20494500000495,364.29022379999515,space,0.07444120000582188,None,,,,,,,,,,,,,,,,,,,,,P8384,Bar_MIC,11,1,2026-04-09_15h27.42.794,MIC_task,,2026.1.2,60.0367665301919,2026-04-09 15h27.44.539502 +0200,
,,26,26,0,,,,space,0.34292399999685585,None,11,b03,fül,ear,2,bodypart,face,6.6,14,19,43,None,"(-0.1, 0.1)",,,,,,,,,,,,,,,0,0,0,0,0,26,26,26,,,,,,,,,,,,,,,,,,,,,,,,,,,,,,,,,,,,,,,,,,,,,,,,,,,,,,,,,,,,,,,,,,,,,,,,,,,,,,,,,364.35166139993817,364.3574450999731,364.35597856658666,366.29195899993647,,,,,,368.29564539995044,368.31156889989506,368.31156889989506,368.6631458000047,,,,,,,,,,,,366.31786969990935,366.32408279995434,366.3251900333057,368.2127113000024,368.29558999999426,space,0.34292399999685585,None,,,,,,,,,,,,,P8384,Bar_MIC,11,1,2026-04-09_15h27.42.794,MIC_task,,2026.1.2,60.0367665301919,2026-04-09 15h27.44.539502 +0200,
,,0,0,0,,,,,,,11,f26,méz,honey,4,food,sweets,7,51,None,65,None,"(0, -0.1)",None,,,,,,,,,,,,,,0,0,0,0,0,27,27,27,0,0,0,0,368.6787637999514,,,,,,,,,,,,,,,,,,,,,,,,,,,,,,,,,,,,,,,,,,,,,,,,,,,,,,,,,,,,,,,,,,,,,,,,,,,,,,,,,,,,,,,,,,,,368.6666395999491,368.6787637999514,368.6787637999514,368.6787637999514,368.86299189995043,None,,,,,,,,,,,368.87922119989526,368.87922119989526,368.87922119989526,,,,,,,,,,P8384,Bar_MIC,11,1,2026-04-09_15h27.42.794,MIC_task,,2026.1.2,60.0367665301919,2026-04-09 15h27.44.539502 +0200,
,,0,0,0,,,,,,,11,f26,méz,honey,4,food,sweets,7,51,None,65,None,"(0, -0.1)",None,,,,,,,,,,,,,,0,0,0,0,0,27,27,27,0,0,0,0,368.87922119989526,,,,,,,,,,,,,,,,,,,,,,,,,,,,,,,,,,,,,,,,,,,,,,,,,,,,,,,,,,,,,,,,,,,,,,,,,,,,,,,,,,,,,,,,,,,,368.86591960000806,368.87922119989526,368.87922119989526,368.87922119989526,369.06355619989336,None,,,,,,,,,,,369.07950639992487,369.07950639992487,369.07950639992487,,,,,,,,,,P8384,Bar_MIC,11,1,2026-04-09_15h27.42.794,MIC_task,,2026.1.2,60.0367665301919,2026-04-09 15h27.44.539502 +0200,
,,1,0,1,,,,,,,11,f26,méz,honey,4,food,sweets,7,51,None,65,None,"(0, -0.1)",None,,,,,,,,,,,,,,0,0,0,0,0,27,27,27,1,0,1,0,369.07950639992487,,,,,,,,,,,,,,,,,,,,,,,,,,,,,,,,,,,,,,,,,,,,,,,,,,,,,,,,,,,,,,,,,,,,,,,,,,,,,,,,,,,,,,,,,,,,369.06665139994584,369.07950639992487,369.07950639992487,369.07950639992487,369.2633574999636,None,,,,,,,,,,,,,,,,,,,,,,,P8384,Bar_MIC,11,1,2026-04-09_15h27.42.794,MIC_task,,2026.1.2,60.0367665301919,2026-04-09 15h27.44.539502 +0200,
,,2,0,2,,,,,,,11,f26,méz,honey,4,food,sweets,7,51,None,65,None,"(0, -0.1)",None,,,,,,,,,,,,,,0,0,0,0,0,27,27,27,2,0,2,0,369.27978929993697,,,,,,,,,,,,,,,,,,,,,,,,,,,,,,,,,,,,,,,,,,,,,,,,,,,,,,,,,,,,,,,,,,,,,,,,,,,,,,,,,,,,,,,,,,,,369.2666179999942,369.27978929993697,369.27978929993697,369.27978929993697,369.46400819998235,None,,,,,,,,,,,,,,,,,,,,,,,P8384,Bar_MIC,11,1,2026-04-09_15h27.42.794,MIC_task,,2026.1.2,60.0367665301919,2026-04-09 15h27.44.539502 +0200,
,,3,0,3,,,,,,,11,f26,méz,honey,4,food,sweets,7,51,None,65,None,"(0, -0.1)",None,,,,,,,,,,,,,,0,0,0,0,0,27,27,27,3,0,3,0,369.4802079999354,,,,,,,,,,,,,,,,,,,,,,,,,,,,,,,,,,,,,,,,,,,,,,,,,,,,,,,,,,,,,,,,,,,,,,,,,,,,,,,,,,,,,,,,,,,,369.4673921999056,369.4802079999354,369.4802079999354,369.4802079999354,369.66420849994756,None,,,,,,,,,,,,,,,,,,,,,,,P8384,Bar_MIC,11,1,2026-04-09_15h27.42.794,MIC_task,,2026.1.2,60.0367665301919,2026-04-09 15h27.44.539502 +0200,
,,4,0,4,,,,,,,11,f26,méz,honey,4,food,sweets,7,51,None,65,None,"(0, -0.1)",None,,,,,,,,,,,,,,0,0,0,0,0,27,27,27,4,0,4,0,369.68057299999055,,,,,,,,,,,,,,,,,,,,,,,,,,,,,,,,,,,,,,,,,,,,,,,,,,,,,,,,,,,,,,,,,,,,,,,,,,,,,,,,,,,,,,,,,,,,369.6674794999417,369.68057299999055,369.68057299999055,369.68057299999055,369.864758499898,None,,,,,,,,,,,,,,,,,,,,,,,P8384,Bar_MIC,11,1,2026-04-09_15h27.42.794,MIC_task,,2026.1.2,60.0367665301919,2026-04-09 15h27.44.539502 +0200,
,,5,0,5,,,,,,,11,f26,méz,honey,4,food,sweets,7,51,None,65,None,"(0, -0.1)",None,,,,,,,,,,,,,,0,0,0,0,0,27,27,27,5,0,5,0,369.8810799999628,,,,,,,,,,,,,,,,,,,,,,,,,,,,,,,,,,,,,,,,,,,,,,,,,,,,,,,,,,,,,,,,,,,,,,,,,,,,,,,,,,,,,,,,,,,,369.867803699919,369.8810799999628,369.8810799999628,369.8810799999628,370.06509879999794,None,,,,,,,,,,,,,,,,,,,,,,,P8384,Bar_MIC,11,1,2026-04-09_15h27.42.794,MIC_task,,2026.1.2,60.0367665301919,2026-04-09 15h27.44.539502 +0200,
,,6,0,6,,,,,,,11,f26,méz,honey,4,food,sweets,7,51,None,65,None,"(0, -0.1)",None,,,,,,,,,,,,,,0,0,0,0,0,27,27,27,6,0,6,0,370.0805465999292,,,,,,,,,,,,,,,,,,,,,,,,,,,,,,,,,,,,,,,,,,,,,,,,,,,,,,,,,,,,,,,,,,,,,,,,,,,,,,,,,,,,,,,,,,,,370.0682183000026,370.0805465999292,370.0805465999292,370.0805465999292,370.2655545999296,None,,,,,,,,,,,,,,,,,,,,,,,P8384,Bar_MIC,11,1,2026-04-09_15h27.42.794,MIC_task,,2026.1.2,60.0367665301919,2026-04-09 15h27.44.539502 +0200,
,,7,0,7,,,,,,,11,f26,méz,honey,4,food,sweets,7,51,None,65,None,"(0, -0.1)",None,,,,,,,,,,,,,,0,0,0,0,0,27,27,27,7,0,7,0,370.28101079992484,,,,,,,,,,,,,,,,,,,,,,,,,,,,,,,,,,,,,,,,,,,,,,,,,,,,,,,,,,,,,,,,,,,,,,,,,,,,,,,,,,,,,,,,,,,,370.2690016999841,370.28101079992484,370.28101079992484,370.28101079992484,370.4661078999052,None,,,,,,,,,,,,,,,,,,,,,,,P8384,Bar_MIC,11,1,2026-04-09_15h27.42.794,MIC_task,,2026.1.2,60.0367665301919,2026-04-09 15h27.44.539502 +0200,
,,8,0,8,,,,,,,11,f26,méz,honey,4,food,sweets,7,51,None,65,None,"(0, -0.1)",None,,,,,,,,,,,,,,0,0,0,0,0,27,27,27,8,0,8,0,370.4813664999092,,,,,,,,,,,,,,,,,,,,,,,,,,,,,,,,,,,,,,,,,,,,,,,,,,,,,,,,,,,,,,,,,,,,,,,,,,,,,,,,,,,,,,,,,,,,370.46897649997845,370.4813664999092,370.4813664999092,370.4813664999092,370.66512729995884,None,,,,,,,,,,,,,,,,,,,,,,,P8384,Bar_MIC,11,1,2026-04-09_15h27.42.794,MIC_task,,2026.1.2,60.0367665301919,2026-04-09 15h27.44.539502 +0200,
,,9,0,9,,,,,,,11,f26,méz,honey,4,food,sweets,7,51,None,65,None,"(0, -0.1)",None,,,,,,,,,,,,,,0,0,0,0,0,27,27,27,9,0,9,0,370.68175119999796,,,,,,,,,,,,,,,,,,,,,,,,,,,,,,,,,,,,,,,,,,,,,,,,,,,,,,,,,,,,,,,,,,,,,,,,,,,,,,,,,,,,,,,,,,,,370.66838769998867,370.68175119999796,370.68175119999796,370.68175119999796,370.86557449994143,None,,,,,,,,,,,,,,,,,,,,,,,P8384,Bar_MIC,11,1,2026-04-09_15h27.42.794,MIC_task,,2026.1.2,60.0367665301919,2026-04-09 15h27.44.539502 +0200,
,,10,0,10,,,,,,,11,f26,méz,honey,4,food,sweets,7,51,None,65,None,"(0, -0.1)",None,,,,,,,,,,,,,,0,0,0,0,0,27,27,27,10,0,10,0,370.8821283999132,,,,,,,,,,,,,,,,,,,,,,,,,,,,,,,,,,,,,,,,,,,,,,,,,,,,,,,,,,,,,,,,,,,,,,,,,,,,,,,,,,,,,,,,,,,,370.8689566999674,370.8821283999132,370.8821283999132,370.8821283999132,371.06590759998653,None,,,,,,,,,,,,,,,,,,,,,,,P8384,Bar_MIC,11,1,2026-04-09_15h27.42.794,MIC_task,,2026.1.2,60.0367665301919,2026-04-09 15h27.44.539502 +0200,
,,11,0,11,,,,,,,11,f26,méz,honey,4,food,sweets,7,51,None,65,None,"(0, -0.1)",None,,,,,,,,,,,,,,0,0,0,0,0,27,27,27,11,0,11,0,371.08257959992625,,,,,,,,,,,,,,,,,,,,,,,,,,,,,,,,,,,,,,,,,,,,,,,,,,,,,,,,,,,,,,,,,,,,,,,,,,,,,,,,,,,,,,,,,,,,371.06943919998594,371.08257959992625,371.08257959992625,371.08257959992625,371.26656009990256,None,,,,,,,,,,,,,,,,,,,,,,,P8384,Bar_MIC,11,1,2026-04-09_15h27.42.794,MIC_task,,2026.1.2,60.0367665301919,2026-04-09 15h27.44.539502 +0200,
,,12,0,12,,,,,,,11,f26,méz,honey,4,food,sweets,7,51,None,65,None,"(0, -0.1)",None,,,,,,,,,,,,,,0,0,0,0,0,27,27,27,12,0,12,0,371.28287619992625,,,,,,,,,,,,,,,,,,,,,,,,,,,,,,,,,,,,,,,,,,,,,,,,,,,,,,,,,,,,,,,,,,,,,,,,,,,,,,,,,,,,,,,,,,,,371.2696031999076,371.28287619992625,371.28287619992625,371.28287619992625,371.46689509996213,None,,,,,,,,,,,,,,,,,,,,,,,P8384,Bar_MIC,11,1,2026-04-09_15h27.42.794,MIC_task,,2026.1.2,60.0367665301919,2026-04-09 15h27.44.539502 +0200,
,,13,0,13,,,,,,,11,f26,méz,honey,4,food,sweets,7,51,None,65,None,"(0, -0.1)",None,,,,,,,,,,,,,,0,0,0,0,0,27,27,27,13,0,13,0,371.4832712999778,,,,,,,,,,,,,,,,,,,,,,,,,,,,,,,,,,,,,,,,,,,,,,,,,,,,,,,,,,,,,,,,,,,,,,,,,,,,,,,,,,,,,,,,,,,,371.47029959992506,371.4832712999778,371.4832712999778,371.4832712999778,371.66730879992247,None,,,,,,,,,,,,,,,,,,,,,,,P8384,Bar_MIC,11,1,2026-04-09_15h27.42.794,MIC_task,,2026.1.2,60.0367665301919,2026-04-09 15h27.44.539502 +0200,
,,14,0,14,,,,,,,11,f26,méz,honey,4,food,sweets,7,51,None,65,None,"(0, -0.1)",None,,,,,,,,,,,,,,0,0,0,0,0,27,27,27,14,0,14,0,371.68362409994006,,,,,,,,,,,,,,,,,,,,,,,,,,,,,,,,,,,,,,,,,,,,,,,,,,,,,,,,,,,,,,,,,,,,,,,,,,,,,,,,,,,,,,,,,,,,371.67078089993447,371.68362409994006,371.68362409994006,371.68362409994006,371.8676251999568,None,,,,,,,,,,,,,,,,,,,,,,,P8384,Bar_MIC,11,1,2026-04-09_15h27.42.794,MIC_task,,2026.1.2,60.0367665301919,2026-04-09 15h27.44.539502 +0200,
,,15,0,15,,,,,,,11,f26,méz,honey,4,food,sweets,7,51,None,65,None,"(0, -0.1)",None,,,,,,,,,,,,,,0,0,0,0,0,27,27,27,15,0,15,0,371.8839736999944,,,,,,,,,,,,,,,,,,,,,,,,,,,,,,,,,,,,,,,,,,,,,,,,,,,,,,,,,,,,,,,,,,,,,,,,,,,,,,,,,,,,,,,,,,,,371.8713022999,371.8839736999944,371.8839736999944,371.8839736999944,372.0681300999131,None,,,,,,,,,,,,,,,,,,,,,,,P8384,Bar_MIC,11,1,2026-04-09_15h27.42.794,MIC_task,,2026.1.2,60.0367665301919,2026-04-09 15h27.44.539502 +0200,
,,16,0,16,,,,,,,11,f26,méz,honey,4,food,sweets,7,51,None,65,None,"(0, -0.1)",None,,,,,,,,,,,,,,0,0,0,0,0,27,27,27,16,0,16,0,372.08354699995834,,,,,,,,,,,,,,,,,,,,,,,,,,,,,,,,,,,,,,,,,,,,,,,,,,,,,,,,,,,,,,,,,,,,,,,,,,,,,,,,,,,,,,,,,,,,372.0717069999082,372.08354699995834,372.08354699995834,372.08354699995834,372.26842869992834,None,,,,,,,,,,,,,,,,,,,,,,,P8384,Bar_MIC,11,1,2026-04-09_15h27.42.794,MIC_task,,2026.1.2,60.0367665301919,2026-04-09 15h27.44.539502 +0200,
,,17,0,17,,,,,,,11,f26,méz,honey,4,food,sweets,7,51,None,65,None,"(0, -0.1)",None,,,,,,,,,,,,,,0,0,0,0,0,27,27,27,17,0,17,0,372.2839631999377,,,,,,,,,,,,,,,,,,,,,,,,,,,,,,,,,,,,,,,,,,,,,,,,,,,,,,,,,,,,,,,,,,,,,,,,,,,,,,,,,,,,,,,,,,,,372.2719450999284,372.2839631999377,372.2839631999377,372.2839631999377,372.46887250000145,None,,,,,,,,,,,,,,,,,,,,,,,P8384,Bar_MIC,11,1,2026-04-09_15h27.42.794,MIC_task,,2026.1.2,60.0367665301919,2026-04-09 15h27.44.539502 +0200,
,,18,0,18,,,,,,,11,f26,méz,honey,4,food,sweets,7,51,None,65,None,"(0, -0.1)",None,,,,,,,,,,,,,,0,0,0,0,0,27,27,27,18,0,18,0,372.48432990000583,,,,,,,,,,,,,,,,,,,,,,,,,,,,,,,,,,,,,,,,,,,,,,,,,,,,,,,,,,,,,,,,,,,,,,,,,,,,,,,,,,,,,,,,,,,,372.47205039998516,372.48432990000583,372.48432990000583,372.48432990000583,372.66932149999775,None,,,,,,,,,,,,,,,,,,,,,,,P8384,Bar_MIC,11,1,2026-04-09_15h27.42.794,MIC_task,,2026.1.2,60.0367665301919,2026-04-09 15h27.44.539502 +0200,
,,19,0,19,,,,,,,11,f26,méz,honey,4,food,sweets,7,51,None,65,None,"(0, -0.1)",None,,,,,,,,,,,,,,0,0,0,0,0,27,27,27,19,0,19,0,372.6847706999397,,,,,,,,,,,,,,,,,,,,,,,,,,,,,,,,,,,,,,,,,,,,,,,,,,,,,,,,,,,,,,,,,,,,,,,,,,,,,,,,,,,,,,,,,,,,372.67270659992937,372.6847706999397,372.6847706999397,372.6847706999397,372.86840599996503,None,,,,,,,,,,,,,,,,,,,,,,,P8384,Bar_MIC,11,1,2026-04-09_15h27.42.794,MIC_task,,2026.1.2,60.0367665301919,2026-04-09 15h27.44.539502 +0200,
,,20,0,20,,,,,,,11,f26,méz,honey,4,food,sweets,7,51,None,65,None,"(0, -0.1)",None,,,,,,,,,,,,,,0,0,0,0,0,27,27,27,20,0,20,0,372.8850687999511,,,,,,,,,,,,,,,,,,,,,,,,,,,,,,,,,,,,,,,,,,,,,,,,,,,,,,,,,,,,,,,,,,,,,,,,,,,,,,,,,,,,,,,,,,,,372.8716900999425,372.8850687999511,372.8850687999511,372.8850687999511,373.06877759995405,None,,,,,,,,,,,,,,,,,,,,,,,P8384,Bar_MIC,11,1,2026-04-09_15h27.42.794,MIC_task,,2026.1.2,60.0367665301919,2026-04-09 15h27.44.539502 +0200,
,,21,0,21,,,,,,,11,f26,méz,honey,4,food,sweets,7,51,None,65,None,"(0, -0.1)",None,,,,,,,,,,,,,,0,0,0,0,0,27,27,27,21,0,21,0,373.0854464999866,,,,,,,,,,,,,,,,,,,,,,,,,,,,,,,,,,,,,,,,,,,,,,,,,,,,,,,,,,,,,,,,,,,,,,,,,,,,,,,,,,,,,,,,,,,,373.07177809998393,373.0854464999866,373.0854464999866,373.0854464999866,373.26940999994986,None,,,,,,,,,,,,,,,,,,,,,,,P8384,Bar_MIC,11,1,2026-04-09_15h27.42.794,MIC_task,,2026.1.2,60.0367665301919,2026-04-09 15h27.44.539502 +0200,
,,22,0,22,,,,,,,11,f26,méz,honey,4,food,sweets,7,51,None,65,None,"(0, -0.1)",None,,,,,,,,,,,,,,0,0,0,0,0,27,27,27,22,0,22,0,373.2858728999272,,,,,,,,,,,,,,,,,,,,,,,,,,,,,,,,,,,,,,,,,,,,,,,,,,,,,,,,,,,,,,,,,,,,,,,,,,,,,,,,,,,,,,,,,,,,373.2730824999744,373.2858728999272,373.2858728999272,373.2858728999272,373.46971879992634,None,,,,,,,,,,,,,,,,,,,,,,,P8384,Bar_MIC,11,1,2026-04-09_15h27.42.794,MIC_task,,2026.1.2,60.0367665301919,2026-04-09 15h27.44.539502 +0200,
,,23,0,23,,,,,,,11,f26,méz,honey,4,food,sweets,7,51,None,65,None,"(0, -0.1)",None,,,,,,,,,,,,,,0,0,0,0,0,27,27,27,23,0,23,0,373.48622219997924,,,,,,,,,,,,,,,,,,,,,,,,,,,,,,,,,,,,,,,,,,,,,,,,,,,,,,,,,,,,,,,,,,,,,,,,,,,,,,,,,,,,,,,,,,,,373.47316419996787,373.48622219997924,373.48622219997924,373.48622219997924,373.6702131999191,None,,,,,,,,,,,,,,,,,,,,,,,P8384,Bar_MIC,11,1,2026-04-09_15h27.42.794,MIC_task,,2026.1.2,60.0367665301919,2026-04-09 15h27.44.539502 +0200,
,,24,0,24,,,,,,,11,f26,méz,honey,4,food,sweets,7,51,None,65,None,"(0, -0.1)",None,,,,,,,,,,,,,,0,0,0,0,0,27,27,27,24,0,24,0,373.68653770000674,,,,,,,,,,,,,,,,,,,,,,,,,,,,,,,,,,,,,,,,,,,,,,,,,,,,,,,,,,,,,,,,,,,,,,,,,,,,,,,,,,,,,,,,,,,,373.67378529999405,373.68653770000674,373.68653770000674,373.68653770000674,373.8707004999742,None,,,,,,,,,,,,,,,,,,,,,,,P8384,Bar_MIC,11,1,2026-04-09_15h27.42.794,MIC_task,,2026.1.2,60.0367665301919,2026-04-09 15h27.44.539502 +0200,
,,25,0,25,,,,,,,11,f26,méz,honey,4,food,sweets,7,51,None,65,None,"(0, -0.1)",None,,,,,,,,,,,,,,0,0,0,0,0,27,27,27,25,0,25,0,373.8868620999856,,,,,,,,,,,,,,,,,,,,,,,,,,,,,,,,,,,,,,,,,,,,,,,,,,,,,,,,,,,,,,,,,,,,,,,,,,,,,,,,,,,,,,,,,,,,373.8739815999288,373.8868620999856,373.8868620999856,373.8868620999856,374.0713308999548,None,,,,,,,,,,,,,,,,,,,,,,,P8384,Bar_MIC,11,1,2026-04-09_15h27.42.794,MIC_task,,2026.1.2,60.0367665301919,2026-04-09 15h27.44.539502 +0200,
,,26,0,26,,,,,,,11,f26,méz,honey,4,food,sweets,7,51,None,65,None,"(0, -0.1)",space,0.08999440004117787,None,,,,,,,,,,,,0,0,0,0,0,27,27,27,26,0,26,0,374.08728249999695,,,,,,,,,,,,,,,,,,,,,,,,,,,,,,,,,,,,,,,,,,,,,,,,,,,,,,,,,,,,,,,,,,,,,,,,,,,,,,,,,,,,,,,,,,,,374.07426589995157,374.08728249999695,374.08728249999695,374.08728249999695,374.18834279989824,space,0.08999440004117787,None,,,,,,,,,,,,,,,,,,,,,P8384,Bar_MIC,11,1,2026-04-09_15h27.42.794,MIC_task,,2026.1.2,60.0367665301919,2026-04-09 15h27.44.539502 +0200,
,,27,27,0,,,,space,1.077577600022778,None,11,f26,méz,honey,4,food,sweets,7,51,None,65,None,"(0, -0.1)",,,,,,,,,,,,,,,0,0,0,0,0,27,27,27,,,,,,,,,,,,,,,,,,,,,,,,,,,,,,,,,,,,,,,,,,,,,,,,,,,,,,,,,,,,,,,,,,,,,,,,,,,,,,,,,374.25024019996636,374.2558910999214,374.25412816660634,376.19149529992137,,,,,,378.1944881998934,378.2099020999158,378.2099020999158,379.2959538999712,,,,,,,,,,,,376.21661020000465,376.221684499993,376.2247015333346,378.1100007999921,378.1944330999395,space,1.077577600022778,None,,,,,,,,,,,,,P8384,Bar_MIC,11,1,2026-04-09_15h27.42.794,MIC_task,,2026.1.2,60.0367665301919,2026-04-09 15h27.44.539502 +0200,
,,0,0,0,,,,,,,11,t26,gitár,guitar,8,tools,instrument,6.4,19,None,63,None,"(0.1, 0.1)",None,,,,,,,,,,,,,,0,0,0,0,0,28,28,28,0,0,0,0,379.3226624999661,,,,,,,,,,,,,,,,,,,,,,,,,,,,,,,,,,,,,,,,,,,,,,,,,,,,,,,,,,,,,,,,,,,,,,,,,,,,,,,,,,,,,,,,,,,,379.3162377999397,379.3226624999661,379.3226624999661,379.3226624999661,379.49644959997386,None,,,,,,,,,,,,,,,,,,,,,,,P8384,Bar_MIC,11,1,2026-04-09_15h27.42.794,MIC_task,,2026.1.2,60.0367665301919,2026-04-09 15h27.44.539502 +0200,
,,0,0,0,,,,,,,11,t26,gitár,guitar,8,tools,instrument,6.4,19,None,63,None,"(0.1, 0.1)",None,,,,,,,,,,,,,,0,0,0,0,0,28,28,28,0,0,0,0,379.5119539999869,,,,,,,,,,,,,,,,,,,,,,,,,,,,,,,,,,,,,,,,,,,,,,,,,,,,,,,,,,,,,,,,,,,,,,,,,,,,,,,,,,,,,,,,,,,,379.49961099994835,379.5119539999869,379.5119539999869,379.5119539999869,379.69614569994155,None,,,,,,,,,,,379.71228479989804,379.71228479989804,379.71228479989804,,,,,,,,,,P8384,Bar_MIC,11,1,2026-04-09_15h27.42.794,MIC_task,,2026.1.2,60.0367665301919,2026-04-09 15h27.44.539502 +0200,
,,1,0,1,,,,,,,11,t26,gitár,guitar,8,tools,instrument,6.4,19,None,63,None,"(0.1, 0.1)",None,,,,,,,,,,,,,,0,0,0,0,0,28,28,28,1,0,1,0,379.71228479989804,,,,,,,,,,,,,,,,,,,,,,,,,,,,,,,,,,,,,,,,,,,,,,,,,,,,,,,,,,,,,,,,,,,,,,,,,,,,,,,,,,,,,,,,,,,,379.6989786999766,379.71228479989804,379.71228479989804,379.71228479989804,379.8964146999642,None,,,,,,,,,,,379.9126577998977,379.9126577998977,379.9126577998977,,,,,,,,,,P8384,Bar_MIC,11,1,2026-04-09_15h27.42.794,MIC_task,,2026.1.2,60.0367665301919,2026-04-09 15h27.44.539502 +0200,
,,2,0,2,,,,,,,11,t26,gitár,guitar,8,tools,instrument,6.4,19,None,63,None,"(0.1, 0.1)",None,,,,,,,,,,,,,,0,0,0,0,0,28,28,28,2,0,2,0,379.9126577998977,,,,,,,,,,,,,,,,,,,,,,,,,,,,,,,,,,,,,,,,,,,,,,,,,,,,,,,,,,,,,,,,,,,,,,,,,,,,,,,,,,,,,,,,,,,,379.8993514999747,379.9126577998977,379.9126577998977,379.9126577998977,380.0965343998978,None,,,,,,,,,,,,,,,,,,,,,,,P8384,Bar_MIC,11,1,2026-04-09_15h27.42.794,MIC_task,,2026.1.2,60.0367665301919,2026-04-09 15h27.44.539502 +0200,
,,3,0,3,,,,,,,11,t26,gitár,guitar,8,tools,instrument,6.4,19,None,63,None,"(0.1, 0.1)",None,,,,,,,,,,,,,,0,0,0,0,0,28,28,28,3,0,3,0,380.1130142000038,,,,,,,,,,,,,,,,,,,,,,,,,,,,,,,,,,,,,,,,,,,,,,,,,,,,,,,,,,,,,,,,,,,,,,,,,,,,,,,,,,,,,,,,,,,,380.0996933999704,380.1130142000038,380.1130142000038,380.1130142000038,380.2969197999919,None,,,,,,,,,,,,,,,,,,,,,,,P8384,Bar_MIC,11,1,2026-04-09_15h27.42.794,MIC_task,,2026.1.2,60.0367665301919,2026-04-09 15h27.44.539502 +0200,
,,4,0,4,,,,,,,11,t26,gitár,guitar,8,tools,instrument,6.4,19,None,63,None,"(0.1, 0.1)",None,,,,,,,,,,,,,,0,0,0,0,0,28,28,28,4,0,4,0,380.31344729999546,,,,,,,,,,,,,,,,,,,,,,,,,,,,,,,,,,,,,,,,,,,,,,,,,,,,,,,,,,,,,,,,,,,,,,,,,,,,,,,,,,,,,,,,,,,,380.3002707998967,380.31344729999546,380.31344729999546,380.31344729999546,380.4975368999876,None,,,,,,,,,,,,,,,,,,,,,,,P8384,Bar_MIC,11,1,2026-04-09_15h27.42.794,MIC_task,,2026.1.2,60.0367665301919,2026-04-09 15h27.44.539502 +0200,
,,5,0,5,,,,,,,11,t26,gitár,guitar,8,tools,instrument,6.4,19,None,63,None,"(0.1, 0.1)",None,,,,,,,,,,,,,,0,0,0,0,0,28,28,28,5,0,5,0,380.5137838999508,,,,,,,,,,,,,,,,,,,,,,,,,,,,,,,,,,,,,,,,,,,,,,,,,,,,,,,,,,,,,,,,,,,,,,,,,,,,,,,,,,,,,,,,,,,,380.50038399989717,380.5137838999508,380.5137838999508,380.5137838999508,380.6978367998963,None,,,,,,,,,,,,,,,,,,,,,,,P8384,Bar_MIC,11,1,2026-04-09_15h27.42.794,MIC_task,,2026.1.2,60.0367665301919,2026-04-09 15h27.44.539502 +0200,
,,6,0,6,,,,,,,11,t26,gitár,guitar,8,tools,instrument,6.4,19,None,63,None,"(0.1, 0.1)",None,,,,,,,,,,,,,,0,0,0,0,0,28,28,28,6,0,6,0,380.7141050999053,,,,,,,,,,,,,,,,,,,,,,,,,,,,,,,,,,,,,,,,,,,,,,,,,,,,,,,,,,,,,,,,,,,,,,,,,,,,,,,,,,,,,,,,,,,,380.70091089990456,380.7141050999053,380.7141050999053,380.7141050999053,380.89827749994583,None,,,,,,,,,,,,,,,,,,,,,,,P8384,Bar_MIC,11,1,2026-04-09_15h27.42.794,MIC_task,,2026.1.2,60.0367665301919,2026-04-09 15h27.44.539502 +0200,
,,7,0,7,,,,,,,11,t26,gitár,guitar,8,tools,instrument,6.4,19,None,63,None,"(0.1, 0.1)",None,,,,,,,,,,,,,,0,0,0,0,0,28,28,28,7,0,7,0,380.913650100003,,,,,,,,,,,,,,,,,,,,,,,,,,,,,,,,,,,,,,,,,,,,,,,,,,,,,,,,,,,,,,,,,,,,,,,,,,,,,,,,,,,,,,,,,,,,380.9014948999975,380.913650100003,380.913650100003,380.913650100003,381.0986129998928,None,,,,,,,,,,,,,,,,,,,,,,,P8384,Bar_MIC,11,1,2026-04-09_15h27.42.794,MIC_task,,2026.1.2,60.0367665301919,2026-04-09 15h27.44.539502 +0200,
,,8,0,8,,,,,,,11,t26,gitár,guitar,8,tools,instrument,6.4,19,None,63,None,"(0.1, 0.1)",None,,,,,,,,,,,,,,0,0,0,0,0,28,28,28,8,0,8,0,381.11486859992146,,,,,,,,,,,,,,,,,,,,,,,,,,,,,,,,,,,,,,,,,,,,,,,,,,,,,,,,,,,,,,,,,,,,,,,,,,,,,,,,,,,,,,,,,,,,381.10168139997404,381.11486859992146,381.11486859992146,381.11486859992146,381.2990917999996,None,,,,,,,,,,,,,,,,,,,,,,,P8384,Bar_MIC,11,1,2026-04-09_15h27.42.794,MIC_task,,2026.1.2,60.0367665301919,2026-04-09 15h27.44.539502 +0200,
,,9,0,9,,,,,,,11,t26,gitár,guitar,8,tools,instrument,6.4,19,None,63,None,"(0.1, 0.1)",None,,,,,,,,,,,,,,0,0,0,0,0,28,28,28,9,0,9,0,381.31451299996115,,,,,,,,,,,,,,,,,,,,,,,,,,,,,,,,,,,,,,,,,,,,,,,,,,,,,,,,,,,,,,,,,,,,,,,,,,,,,,,,,,,,,,,,,,,,381.3021504000062,381.31451299996115,381.31451299996115,381.31451299996115,381.49937789991964,None,,,,,,,,,,,,,,,,,,,,,,,P8384,Bar_MIC,11,1,2026-04-09_15h27.42.794,MIC_task,,2026.1.2,60.0367665301919,2026-04-09 15h27.44.539502 +0200,
,,10,0,10,,,,,,,11,t26,gitár,guitar,8,tools,instrument,6.4,19,None,63,None,"(0.1, 0.1)",None,,,,,,,,,,,,,,0,0,0,0,0,28,28,28,10,0,10,0,381.5148736999836,,,,,,,,,,,,,,,,,,,,,,,,,,,,,,,,,,,,,,,,,,,,,,,,,,,,,,,,,,,,,,,,,,,,,,,,,,,,,,,,,,,,,,,,,,,,381.502609499963,381.5148736999836,381.5148736999836,381.5148736999836,381.69859789998736,None,,,,,,,,,,,,,,,,,,,,,,,P8384,Bar_MIC,11,1,2026-04-09_15h27.42.794,MIC_task,,2026.1.2,60.0367665301919,2026-04-09 15h27.44.539502 +0200,
,,11,0,11,,,,,,,11,t26,gitár,guitar,8,tools,instrument,6.4,19,None,63,None,"(0.1, 0.1)",None,,,,,,,,,,,,,,0,0,0,0,0,28,28,28,11,0,11,0,381.71524129994214,,,,,,,,,,,,,,,,,,,,,,,,,,,,,,,,,,,,,,,,,,,,,,,,,,,,,,,,,,,,,,,,,,,,,,,,,,,,,,,,,,,,,,,,,,,,381.7016238999786,381.71524129994214,381.71524129994214,381.71524129994214,381.90032449993305,None,,,,,,,,,,,,,,,,,,,,,,,P8384,Bar_MIC,11,1,2026-04-09_15h27.42.794,MIC_task,,2026.1.2,60.0367665301919,2026-04-09 15h27.44.539502 +0200,
,,12,0,12,,,,,,,11,t26,gitár,guitar,8,tools,instrument,6.4,19,None,63,None,"(0.1, 0.1)",None,,,,,,,,,,,,,,0,0,0,0,0,28,28,28,12,0,12,0,381.91577069996856,,,,,,,,,,,,,,,,,,,,,,,,,,,,,,,,,,,,,,,,,,,,,,,,,,,,,,,,,,,,,,,,,,,,,,,,,,,,,,,,,,,,,,,,,,,,381.90329289995134,381.91577069996856,381.91577069996856,381.91577069996856,382.0994105999125,None,,,,,,,,,,,,,,,,,,,,,,,P8384,Bar_MIC,11,1,2026-04-09_15h27.42.794,MIC_task,,2026.1.2,60.0367665301919,2026-04-09 15h27.44.539502 +0200,
,,13,0,13,,,,,,,11,t26,gitár,guitar,8,tools,instrument,6.4,19,None,63,None,"(0.1, 0.1)",None,,,,,,,,,,,,,,0,0,0,0,0,28,28,28,13,0,13,0,382.11603599996306,,,,,,,,,,,,,,,,,,,,,,,,,,,,,,,,,,,,,,,,,,,,,,,,,,,,,,,,,,,,,,,,,,,,,,,,,,,,,,,,,,,,,,,,,,,,382.1025463999249,382.11603599996306,382.11603599996306,382.11603599996306,382.29990089999046,None,,,,,,,,,,,,,,,,,,,,,,,P8384,Bar_MIC,11,1,2026-04-09_15h27.42.794,MIC_task,,2026.1.2,60.0367665301919,2026-04-09 15h27.44.539502 +0200,
,,14,0,14,,,,,,,11,t26,gitár,guitar,8,tools,instrument,6.4,19,None,63,None,"(0.1, 0.1)",None,,,,,,,,,,,,,,0,0,0,0,0,28,28,28,14,0,14,0,382.3163613999495,,,,,,,,,,,,,,,,,,,,,,,,,,,,,,,,,,,,,,,,,,,,,,,,,,,,,,,,,,,,,,,,,,,,,,,,,,,,,,,,,,,,,,,,,,,,382.30291269999,382.3163613999495,382.3163613999495,382.3163613999495,382.5004638999235,None,,,,,,,,,,,,,,,,,,,,,,,P8384,Bar_MIC,11,1,2026-04-09_15h27.42.794,MIC_task,,2026.1.2,60.0367665301919,2026-04-09 15h27.44.539502 +0200,
,,15,0,15,,,,,,,11,t26,gitár,guitar,8,tools,instrument,6.4,19,None,63,None,"(0.1, 0.1)",None,,,,,,,,,,,,,,0,0,0,0,0,28,28,28,15,0,15,0,382.5167395999888,,,,,,,,,,,,,,,,,,,,,,,,,,,,,,,,,,,,,,,,,,,,,,,,,,,,,,,,,,,,,,,,,,,,,,,,,,,,,,,,,,,,,,,,,,,,382.5035084999399,382.5167395999888,382.5167395999888,382.5167395999888,382.7007532999851,None,,,,,,,,,,,,,,,,,,,,,,,P8384,Bar_MIC,11,1,2026-04-09_15h27.42.794,MIC_task,,2026.1.2,60.0367665301919,2026-04-09 15h27.44.539502 +0200,
,,16,0,16,,,,,,,11,t26,gitár,guitar,8,tools,instrument,6.4,19,None,63,None,"(0.1, 0.1)",None,,,,,,,,,,,,,,0,0,0,0,0,28,28,28,16,0,16,0,382.717081699986,,,,,,,,,,,,,,,,,,,,,,,,,,,,,,,,,,,,,,,,,,,,,,,,,,,,,,,,,,,,,,,,,,,,,,,,,,,,,,,,,,,,,,,,,,,,382.7037601999473,382.717081699986,382.717081699986,382.717081699986,382.9011652999325,None,,,,,,,,,,,,,,,,,,,,,,,P8384,Bar_MIC,11,1,2026-04-09_15h27.42.794,MIC_task,,2026.1.2,60.0367665301919,2026-04-09 15h27.44.539502 +0200,
,,17,0,17,,,,,,,11,t26,gitár,guitar,8,tools,instrument,6.4,19,None,63,None,"(0.1, 0.1)",space,0.0978015000000596,None,,,,,,,,,,,,0,0,0,0,0,28,28,28,17,0,17,0,382.91744489991106,,,,,,,,,,,,,,,,,,,,,,,,,,,,,,,,,,,,,,,,,,,,,,,,,,,,,,,,,,,,,,,,,,,,,,,,,,,,,,,,,,,,,,,,,,,,382.90454609994777,382.91744489991106,382.91744489991106,382.91744489991106,383.01811179996,space,0.0978015000000596,None,,,,,,,,,,,,,,,,,,,,,P8384,Bar_MIC,11,1,2026-04-09_15h27.42.794,MIC_task,,2026.1.2,60.0367665301919,2026-04-09 15h27.44.539502 +0200,
,,28,28,0,,,,space,0.7434305000351742,None,11,t26,gitár,guitar,8,tools,instrument,6.4,19,None,63,None,"(0.1, 0.1)",,,,,,,,,,,,,,,0,0,0,0,0,28,28,28,,,,,,,,,,,,,,,,,,,,,,,,,,,,,,,,,,,,,,,,,,,,,,,,,,,,,,,,,,,,,,,,,,,,,,,,,,,,,,,,,383.0790912999073,383.08498759998474,383.08400236665426,385.02043739997316,,,,,,387.02464429999236,387.0400116998935,387.0400116998935,387.79235489992425,,,,,,,,,,,,385.0491388000082,385.05407879990526,385.05364943331415,386.9404618999688,387.024597599986,space,0.7434305000351742,None,,,,,,,,,,,,,P8384,Bar_MIC,11,1,2026-04-09_15h27.42.794,MIC_task,,2026.1.2,60.0367665301919,2026-04-09 15h27.44.539502 +0200,
,,0,0,0,,,,,,,11,ty14,lufi,balloon,9,toys,gadget,6.6,148,18,None,None,"(-0.1, 0.1)",None,,,,,,,,,,,,,,0,0,0,0,0,29,29,29,0,0,0,0,387.8181200999534,,,,,,,,,,,,,,,,,,,,,,,,,,,,,,,,,,,,,,,,,,,,,,,,,,,,,,,,,,,,,,,,,,,,,,,,,,,,,,,,,,,,,,,,,,,,387.8126277999254,387.8181200999534,387.8181200999534,387.8181200999534,388.0086512999842,None,,,,,,,,,,,,,,,,,,,,,,,P8384,Bar_MIC,11,1,2026-04-09_15h27.42.794,MIC_task,,2026.1.2,60.0367665301919,2026-04-09 15h27.44.539502 +0200,
,,0,0,0,,,,,,,11,ty14,lufi,balloon,9,toys,gadget,6.6,148,18,None,None,"(-0.1, 0.1)",None,,,,,,,,,,,,,,0,0,0,0,0,29,29,29,0,0,0,0,388.02521689992864,,,,,,,,,,,,,,,,,,,,,,,,,,,,,,,,,,,,,,,,,,,,,,,,,,,,,,,,,,,,,,,,,,,,,,,,,,,,,,,,,,,,,,,,,,,,388.01201619999483,388.02521689992864,388.02521689992864,388.02521689992864,388.2091765999794,None,,,,,,,,,,,,,,,,,,,,,,,P8384,Bar_MIC,11,1,2026-04-09_15h27.42.794,MIC_task,,2026.1.2,60.0367665301919,2026-04-09 15h27.44.539502 +0200,
,,1,0,1,,,,,,,11,ty14,lufi,balloon,9,toys,gadget,6.6,148,18,None,None,"(-0.1, 0.1)",None,,,,,,,,,,,,,,0,0,0,0,0,29,29,29,1,0,1,0,388.225458699977,,,,,,,,,,,,,,,,,,,,,,,,,,,,,,,,,,,,,,,,,,,,,,,,,,,,,,,,,,,,,,,,,,,,,,,,,,,,,,,,,,,,,,,,,,,,388.2124807999935,388.225458699977,388.225458699977,388.225458699977,388.3927154999692,None,,,,,,,,,,,,,,,,,,,,,,,P8384,Bar_MIC,11,1,2026-04-09_15h27.42.794,MIC_task,,2026.1.2,60.0367665301919,2026-04-09 15h27.44.539502 +0200,
,,2,0,2,,,,,,,11,ty14,lufi,balloon,9,toys,gadget,6.6,148,18,None,None,"(-0.1, 0.1)",None,,,,,,,,,,,,,,0,0,0,0,0,29,29,29,2,0,2,0,388.40910069993697,,,,,,,,,,,,,,,,,,,,,,,,,,,,,,,,,,,,,,,,,,,,,,,,,,,,,,,,,,,,,,,,,,,,,,,,,,,,,,,,,,,,,,,,,,,,388.3953658998944,388.40910069993697,388.40910069993697,388.40910069993697,388.59308229992166,None,,,,,,,,,,,,,,,,,,,,,,,P8384,Bar_MIC,11,1,2026-04-09_15h27.42.794,MIC_task,,2026.1.2,60.0367665301919,2026-04-09 15h27.44.539502 +0200,
,,3,0,3,,,,,,,11,ty14,lufi,balloon,9,toys,gadget,6.6,148,18,None,None,"(-0.1, 0.1)",None,,,,,,,,,,,,,,0,0,0,0,0,29,29,29,3,0,3,0,388.609510499984,,,,,,,,,,,,,,,,,,,,,,,,,,,,,,,,,,,,,,,,,,,,,,,,,,,,,,,,,,,,,,,,,,,,,,,,,,,,,,,,,,,,,,,,,,,,388.59630529989954,388.609510499984,388.609510499984,388.609510499984,388.7934837999055,None,,,,,,,,,,,,,,,,,,,,,,,P8384,Bar_MIC,11,1,2026-04-09_15h27.42.794,MIC_task,,2026.1.2,60.0367665301919,2026-04-09 15h27.44.539502 +0200,
,,4,0,4,,,,,,,11,ty14,lufi,balloon,9,toys,gadget,6.6,148,18,None,None,"(-0.1, 0.1)",None,,,,,,,,,,,,,,0,0,0,0,0,29,29,29,4,0,4,0,388.8098342999583,,,,,,,,,,,,,,,,,,,,,,,,,,,,,,,,,,,,,,,,,,,,,,,,,,,,,,,,,,,,,,,,,,,,,,,,,,,,,,,,,,,,,,,,,,,,388.79660060000606,388.8098342999583,388.8098342999583,388.8098342999583,388.9938986999914,None,,,,,,,,,,,,,,,,,,,,,,,P8384,Bar_MIC,11,1,2026-04-09_15h27.42.794,MIC_task,,2026.1.2,60.0367665301919,2026-04-09 15h27.44.539502 +0200,
,,5,0,5,,,,,,,11,ty14,lufi,balloon,9,toys,gadget,6.6,148,18,None,None,"(-0.1, 0.1)",None,,,,,,,,,,,,,,0,0,0,0,0,29,29,29,5,0,5,0,389.0103694999125,,,,,,,,,,,,,,,,,,,,,,,,,,,,,,,,,,,,,,,,,,,,,,,,,,,,,,,,,,,,,,,,,,,,,,,,,,,,,,,,,,,,,,,,,,,,388.9970137999626,389.0103694999125,389.0103694999125,389.0103694999125,389.1942435998935,None,,,,,,,,,,,,,,,,,,,,,,,P8384,Bar_MIC,11,1,2026-04-09_15h27.42.794,MIC_task,,2026.1.2,60.0367665301919,2026-04-09 15h27.44.539502 +0200,
,,6,0,6,,,,,,,11,ty14,lufi,balloon,9,toys,gadget,6.6,148,18,None,None,"(-0.1, 0.1)",None,,,,,,,,,,,,,,0,0,0,0,0,29,29,29,6,0,6,0,389.21059449994937,,,,,,,,,,,,,,,,,,,,,,,,,,,,,,,,,,,,,,,,,,,,,,,,,,,,,,,,,,,,,,,,,,,,,,,,,,,,,,,,,,,,,,,,,,,,389.19732909998856,389.21059449994937,389.21059449994937,389.21059449994937,389.3947764999466,None,,,,,,,,,,,,,,,,,,,,,,,P8384,Bar_MIC,11,1,2026-04-09_15h27.42.794,MIC_task,,2026.1.2,60.0367665301919,2026-04-09 15h27.44.539502 +0200,
,,7,0,7,,,,,,,11,ty14,lufi,balloon,9,toys,gadget,6.6,148,18,None,None,"(-0.1, 0.1)",None,,,,,,,,,,,,,,0,0,0,0,0,29,29,29,7,0,7,0,389.4102702999953,,,,,,,,,,,,,,,,,,,,,,,,,,,,,,,,,,,,,,,,,,,,,,,,,,,,,,,,,,,,,,,,,,,,,,,,,,,,,,,,,,,,,,,,,,,,389.3975712999236,389.4102702999953,389.4102702999953,389.4102702999953,389.5951379999751,None,,,,,,,,,,,,,,,,,,,,,,,P8384,Bar_MIC,11,1,2026-04-09_15h27.42.794,MIC_task,,2026.1.2,60.0367665301919,2026-04-09 15h27.44.539502 +0200,
,,8,0,8,,,,,,,11,ty14,lufi,balloon,9,toys,gadget,6.6,148,18,None,None,"(-0.1, 0.1)",None,,,,,,,,,,,,,,0,0,0,0,0,29,29,29,8,0,8,0,389.6105519999983,,,,,,,,,,,,,,,,,,,,,,,,,,,,,,,,,,,,,,,,,,,,,,,,,,,,,,,,,,,,,,,,,,,,,,,,,,,,,,,,,,,,,,,,,,,,389.5983123999322,389.6105519999983,389.6105519999983,389.6105519999983,389.7944829999469,None,,,,,,,,,,,,,,,,,,,,,,,P8384,Bar_MIC,11,1,2026-04-09_15h27.42.794,MIC_task,,2026.1.2,60.0367665301919,2026-04-09 15h27.44.539502 +0200,
,,9,0,9,,,,,,,11,ty14,lufi,balloon,9,toys,gadget,6.6,148,18,None,None,"(-0.1, 0.1)",None,,,,,,,,,,,,,,0,0,0,0,0,29,29,29,9,0,9,0,389.8110104999505,,,,,,,,,,,,,,,,,,,,,,,,,,,,,,,,,,,,,,,,,,,,,,,,,,,,,,,,,,,,,,,,,,,,,,,,,,,,,,,,,,,,,,,,,,,,389.79714179993607,389.8110104999505,389.8110104999505,389.8110104999505,389.994832700002,None,,,,,,,,,,,,,,,,,,,,,,,P8384,Bar_MIC,11,1,2026-04-09_15h27.42.794,MIC_task,,2026.1.2,60.0367665301919,2026-04-09 15h27.44.539502 +0200,
,,10,0,10,,,,,,,11,ty14,lufi,balloon,9,toys,gadget,6.6,148,18,None,None,"(-0.1, 0.1)",None,,,,,,,,,,,,,,0,0,0,0,0,29,29,29,10,0,10,0,390.01141169993207,,,,,,,,,,,,,,,,,,,,,,,,,,,,,,,,,,,,,,,,,,,,,,,,,,,,,,,,,,,,,,,,,,,,,,,,,,,,,,,,,,,,,,,,,,,,389.99797509994823,390.01141169993207,390.01141169993207,390.01141169993207,390.19537059997674,None,,,,,,,,,,,,,,,,,,,,,,,P8384,Bar_MIC,11,1,2026-04-09_15h27.42.794,MIC_task,,2026.1.2,60.0367665301919,2026-04-09 15h27.44.539502 +0200,
,,11,0,11,,,,,,,11,ty14,lufi,balloon,9,toys,gadget,6.6,148,18,None,None,"(-0.1, 0.1)",None,,,,,,,,,,,,,,0,0,0,0,0,29,29,29,11,0,11,0,390.21179450000636,,,,,,,,,,,,,,,,,,,,,,,,,,,,,,,,,,,,,,,,,,,,,,,,,,,,,,,,,,,,,,,,,,,,,,,,,,,,,,,,,,,,,,,,,,,,390.19840899994597,390.21179450000636,390.21179450000636,390.21179450000636,390.39565839990973,None,,,,,,,,,,,,,,,,,,,,,,,P8384,Bar_MIC,11,1,2026-04-09_15h27.42.794,MIC_task,,2026.1.2,60.0367665301919,2026-04-09 15h27.44.539502 +0200,
,,12,0,12,,,,,,,11,ty14,lufi,balloon,9,toys,gadget,6.6,148,18,None,None,"(-0.1, 0.1)",None,,,,,,,,,,,,,,0,0,0,0,0,29,29,29,12,0,12,0,390.412164999987,,,,,,,,,,,,,,,,,,,,,,,,,,,,,,,,,,,,,,,,,,,,,,,,,,,,,,,,,,,,,,,,,,,,,,,,,,,,,,,,,,,,,,,,,,,,390.3985386999557,390.412164999987,390.412164999987,390.412164999987,390.59591249993537,None,,,,,,,,,,,,,,,,,,,,,,,P8384,Bar_MIC,11,1,2026-04-09_15h27.42.794,MIC_task,,2026.1.2,60.0367665301919,2026-04-09 15h27.44.539502 +0200,
,,13,0,13,,,,,,,11,ty14,lufi,balloon,9,toys,gadget,6.6,148,18,None,None,"(-0.1, 0.1)",None,,,,,,,,,,,,,,0,0,0,0,0,29,29,29,13,0,13,0,390.6124346998986,,,,,,,,,,,,,,,,,,,,,,,,,,,,,,,,,,,,,,,,,,,,,,,,,,,,,,,,,,,,,,,,,,,,,,,,,,,,,,,,,,,,,,,,,,,,390.59909309993964,390.6124346998986,390.6124346998986,390.6124346998986,390.79640319989994,None,,,,,,,,,,,,,,,,,,,,,,,P8384,Bar_MIC,11,1,2026-04-09_15h27.42.794,MIC_task,,2026.1.2,60.0367665301919,2026-04-09 15h27.44.539502 +0200,
,,14,0,14,,,,,,,11,ty14,lufi,balloon,9,toys,gadget,6.6,148,18,None,None,"(-0.1, 0.1)",None,,,,,,,,,,,,,,0,0,0,0,0,29,29,29,14,0,14,0,390.8128487999784,,,,,,,,,,,,,,,,,,,,,,,,,,,,,,,,,,,,,,,,,,,,,,,,,,,,,,,,,,,,,,,,,,,,,,,,,,,,,,,,,,,,,,,,,,,,390.7994900000049,390.8128487999784,390.8128487999784,390.8128487999784,390.9967932999134,None,,,,,,,,,,,,,,,,,,,,,,,P8384,Bar_MIC,11,1,2026-04-09_15h27.42.794,MIC_task,,2026.1.2,60.0367665301919,2026-04-09 15h27.44.539502 +0200,
,,15,0,15,,,,,,,11,ty14,lufi,balloon,9,toys,gadget,6.6,148,18,None,None,"(-0.1, 0.1)",None,,,,,,,,,,,,,,0,0,0,0,0,29,29,29,15,0,15,0,391.0132245999994,,,,,,,,,,,,,,,,,,,,,,,,,,,,,,,,,,,,,,,,,,,,,,,,,,,,,,,,,,,,,,,,,,,,,,,,,,,,,,,,,,,,,,,,,,,,390.99990649998654,391.0132245999994,391.0132245999994,391.0132245999994,391.197276199935,None,,,,,,,,,,,,,,,,,,,,,,,P8384,Bar_MIC,11,1,2026-04-09_15h27.42.794,MIC_task,,2026.1.2,60.0367665301919,2026-04-09 15h27.44.539502 +0200,
,,16,0,16,,,,,,,11,ty14,lufi,balloon,9,toys,gadget,6.6,148,18,None,None,"(-0.1, 0.1)",None,,,,,,,,,,,,,,0,0,0,0,0,29,29,29,16,0,16,0,391.2127751999069,,,,,,,,,,,,,,,,,,,,,,,,,,,,,,,,,,,,,,,,,,,,,,,,,,,,,,,,,,,,,,,,,,,,,,,,,,,,,,,,,,,,,,,,,,,,391.20023259997834,391.2127751999069,391.2127751999069,391.2127751999069,391.3977530999109,None,,,,,,,,,,,,,,,,,,,,,,,P8384,Bar_MIC,11,1,2026-04-09_15h27.42.794,MIC_task,,2026.1.2,60.0367665301919,2026-04-09 15h27.44.539502 +0200,
,,17,0,17,,,,,,,11,ty14,lufi,balloon,9,toys,gadget,6.6,148,18,None,None,"(-0.1, 0.1)",None,,,,,,,,,,,,,,0,0,0,0,0,29,29,29,17,0,17,0,391.4139646999538,,,,,,,,,,,,,,,,,,,,,,,,,,,,,,,,,,,,,,,,,,,,,,,,,,,,,,,,,,,,,,,,,,,,,,,,,,,,,,,,,,,,,,,,,,,,391.40071099996567,391.4139646999538,391.4139646999538,391.4139646999538,391.5979309999384,None,,,,,,,,,,,,,,,,,,,,,,,P8384,Bar_MIC,11,1,2026-04-09_15h27.42.794,MIC_task,,2026.1.2,60.0367665301919,2026-04-09 15h27.44.539502 +0200,
,,18,0,18,,,,,,,11,ty14,lufi,balloon,9,toys,gadget,6.6,148,18,None,None,"(-0.1, 0.1)",None,,,,,,,,,,,,,,0,0,0,0,0,29,29,29,18,0,18,0,391.61434209998697,,,,,,,,,,,,,,,,,,,,,,,,,,,,,,,,,,,,,,,,,,,,,,,,,,,,,,,,,,,,,,,,,,,,,,,,,,,,,,,,,,,,,,,,,,,,391.6008615999017,391.61434209998697,391.61434209998697,391.61434209998697,391.7984554999275,None,,,,,,,,,,,,,,,,,,,,,,,P8384,Bar_MIC,11,1,2026-04-09_15h27.42.794,MIC_task,,2026.1.2,60.0367665301919,2026-04-09 15h27.44.539502 +0200,
,,19,0,19,,,,,,,11,ty14,lufi,balloon,9,toys,gadget,6.6,148,18,None,None,"(-0.1, 0.1)",None,,,,,,,,,,,,,,0,0,0,0,0,29,29,29,19,0,19,0,391.8139170999639,,,,,,,,,,,,,,,,,,,,,,,,,,,,,,,,,,,,,,,,,,,,,,,,,,,,,,,,,,,,,,,,,,,,,,,,,,,,,,,,,,,,,,,,,,,,391.8015958999749,391.8139170999639,391.8139170999639,391.8139170999639,391.9989582999842,None,,,,,,,,,,,,,,,,,,,,,,,P8384,Bar_MIC,11,1,2026-04-09_15h27.42.794,MIC_task,,2026.1.2,60.0367665301919,2026-04-09 15h27.44.539502 +0200,
,,20,0,20,,,,,,,11,ty14,lufi,balloon,9,toys,gadget,6.6,148,18,None,None,"(-0.1, 0.1)",None,,,,,,,,,,,,,,0,0,0,0,0,29,29,29,20,0,20,0,392.0143318999326,,,,,,,,,,,,,,,,,,,,,,,,,,,,,,,,,,,,,,,,,,,,,,,,,,,,,,,,,,,,,,,,,,,,,,,,,,,,,,,,,,,,,,,,,,,,392.00243289989885,392.0143318999326,392.0143318999326,392.0143318999326,392.1980753999669,None,,,,,,,,,,,,,,,,,,,,,,,P8384,Bar_MIC,11,1,2026-04-09_15h27.42.794,MIC_task,,2026.1.2,60.0367665301919,2026-04-09 15h27.44.539502 +0200,
,,21,0,21,,,,,,,11,ty14,lufi,balloon,9,toys,gadget,6.6,148,18,None,None,"(-0.1, 0.1)",None,,,,,,,,,,,,,,0,0,0,0,0,29,29,29,21,0,21,0,392.21478049992584,,,,,,,,,,,,,,,,,,,,,,,,,,,,,,,,,,,,,,,,,,,,,,,,,,,,,,,,,,,,,,,,,,,,,,,,,,,,,,,,,,,,,,,,,,,,392.20131039991975,392.21478049992584,392.21478049992584,392.21478049992584,392.3986604999518,None,,,,,,,,,,,,,,,,,,,,,,,P8384,Bar_MIC,11,1,2026-04-09_15h27.42.794,MIC_task,,2026.1.2,60.0367665301919,2026-04-09 15h27.44.539502 +0200,
,,22,0,22,,,,,,,11,ty14,lufi,balloon,9,toys,gadget,6.6,148,18,None,None,"(-0.1, 0.1)",None,,,,,,,,,,,,,,0,0,0,0,0,29,29,29,22,0,22,0,392.4151395999361,,,,,,,,,,,,,,,,,,,,,,,,,,,,,,,,,,,,,,,,,,,,,,,,,,,,,,,,,,,,,,,,,,,,,,,,,,,,,,,,,,,,,,,,,,,,392.40194069989957,392.4151395999361,392.4151395999361,392.4151395999361,392.59887309989426,None,,,,,,,,,,,,,,,,,,,,,,,P8384,Bar_MIC,11,1,2026-04-09_15h27.42.794,MIC_task,,2026.1.2,60.0367665301919,2026-04-09 15h27.44.539502 +0200,
,,23,0,23,,,,,,,11,ty14,lufi,balloon,9,toys,gadget,6.6,148,18,None,None,"(-0.1, 0.1)",None,,,,,,,,,,,,,,0,0,0,0,0,29,29,29,23,0,23,0,392.61543809995055,,,,,,,,,,,,,,,,,,,,,,,,,,,,,,,,,,,,,,,,,,,,,,,,,,,,,,,,,,,,,,,,,,,,,,,,,,,,,,,,,,,,,,,,,,,,392.6020583999343,392.61543809995055,392.61543809995055,392.61543809995055,392.799426099984,None,,,,,,,,,,,,,,,,,,,,,,,P8384,Bar_MIC,11,1,2026-04-09_15h27.42.794,MIC_task,,2026.1.2,60.0367665301919,2026-04-09 15h27.44.539502 +0200,
,,24,0,24,,,,,,,11,ty14,lufi,balloon,9,toys,gadget,6.6,148,18,None,None,"(-0.1, 0.1)",None,,,,,,,,,,,,,,0,0,0,0,0,29,29,29,24,0,24,0,392.8158934999956,,,,,,,,,,,,,,,,,,,,,,,,,,,,,,,,,,,,,,,,,,,,,,,,,,,,,,,,,,,,,,,,,,,,,,,,,,,,,,,,,,,,,,,,,,,,392.80256989994086,392.8158934999956,392.8158934999956,392.8158934999956,392.9999513999792,None,,,,,,,,,,,,,,,,,,,,,,,P8384,Bar_MIC,11,1,2026-04-09_15h27.42.794,MIC_task,,2026.1.2,60.0367665301919,2026-04-09 15h27.44.539502 +0200,
,,25,0,25,,,,,,,11,ty14,lufi,balloon,9,toys,gadget,6.6,148,18,None,None,"(-0.1, 0.1)",None,,,,,,,,,,,,,,0,0,0,0,0,29,29,29,25,0,25,0,393.0161744999932,,,,,,,,,,,,,,,,,,,,,,,,,,,,,,,,,,,,,,,,,,,,,,,,,,,,,,,,,,,,,,,,,,,,,,,,,,,,,,,,,,,,,,,,,,,,393.0032982999692,393.0161744999932,393.0161744999932,393.0161744999932,393.2002672998933,None,,,,,,,,,,,,,,,,,,,,,,,P8384,Bar_MIC,11,1,2026-04-09_15h27.42.794,MIC_task,,2026.1.2,60.0367665301919,2026-04-09 15h27.44.539502 +0200,
,,26,0,26,,,,,,,11,ty14,lufi,balloon,9,toys,gadget,6.6,148,18,None,None,"(-0.1, 0.1)",None,,,,,,,,,,,,,,0,0,0,0,0,29,29,29,26,0,26,0,393.2165844999254,,,,,,,,,,,,,,,,,,,,,,,,,,,,,,,,,,,,,,,,,,,,,,,,,,,,,,,,,,,,,,,,,,,,,,,,,,,,,,,,,,,,,,,,,,,,393.20325499994215,393.2165844999254,393.2165844999254,393.2165844999254,393.4006381999934,None,,,,,,,,,,,,,,,,,,,,,,,P8384,Bar_MIC,11,1,2026-04-09_15h27.42.794,MIC_task,,2026.1.2,60.0367665301919,2026-04-09 15h27.44.539502 +0200,
,,27,0,27,,,,,,,11,ty14,lufi,balloon,9,toys,gadget,6.6,148,18,None,None,"(-0.1, 0.1)",None,,,,,,,,,,,,,,0,0,0,0,0,29,29,29,27,0,27,0,393.4169627999654,,,,,,,,,,,,,,,,,,,,,,,,,,,,,,,,,,,,,,,,,,,,,,,,,,,,,,,,,,,,,,,,,,,,,,,,,,,,,,,,,,,,,,,,,,,,393.4038236999186,393.4169627999654,393.4169627999654,393.4169627999654,393.601058500004,None,,,,,,,,,,,,,,,,,,,,,,,P8384,Bar_MIC,11,1,2026-04-09_15h27.42.794,MIC_task,,2026.1.2,60.0367665301919,2026-04-09 15h27.44.539502 +0200,
,,28,0,28,,,,,,,11,ty14,lufi,balloon,9,toys,gadget,6.6,148,18,None,None,"(-0.1, 0.1)",None,,,,,,,,,,,,,,0,0,0,0,0,29,29,29,28,0,28,0,393.6165623998968,,,,,,,,,,,,,,,,,,,,,,,,,,,,,,,,,,,,,,,,,,,,,,,,,,,,,,,,,,,,,,,,,,,,,,,,,,,,,,,,,,,,,,,,,,,,393.60411600000225,393.6165623998968,393.6165623998968,393.6165623998968,393.80150909989607,None,,,,,,,,,,,,,,,,,,,,,,,P8384,Bar_MIC,11,1,2026-04-09_15h27.42.794,MIC_task,,2026.1.2,60.0367665301919,2026-04-09 15h27.44.539502 +0200,
,,29,0,29,,,,,,,11,ty14,lufi,balloon,9,toys,gadget,6.6,148,18,None,None,"(-0.1, 0.1)",None,,,,,,,,,,,,,,0,0,0,0,0,29,29,29,29,0,29,0,393.8169102999382,,,,,,,,,,,,,,,,,,,,,,,,,,,,,,,,,,,,,,,,,,,,,,,,,,,,,,,,,,,,,,,,,,,,,,,,,,,,,,,,,,,,,,,,,,,,393.80445549997967,393.8169102999382,393.8169102999382,393.8169102999382,394.0018837999087,None,,,,,,,,,,,,,,,,,,,,,,,P8384,Bar_MIC,11,1,2026-04-09_15h27.42.794,MIC_task,,2026.1.2,60.0367665301919,2026-04-09 15h27.44.539502 +0200,
,,30,0,30,,,,,,,11,ty14,lufi,balloon,9,toys,gadget,6.6,148,18,None,None,"(-0.1, 0.1)",None,,,,,,,,,,,,,,0,0,0,0,0,29,29,29,30,0,30,0,394.0172882999759,,,,,,,,,,,,,,,,,,,,,,,,,,,,,,,,,,,,,,,,,,,,,,,,,,,,,,,,,,,,,,,,,,,,,,,,,,,,,,,,,,,,,,,,,,,,394.0050419999752,394.0172882999759,394.0172882999759,394.0172882999759,394.20242399990093,None,,,,,,,,,,,,,,,,,,,,,,,P8384,Bar_MIC,11,1,2026-04-09_15h27.42.794,MIC_task,,2026.1.2,60.0367665301919,2026-04-09 15h27.44.539502 +0200,
,,31,0,31,,,,,,,11,ty14,lufi,balloon,9,toys,gadget,6.6,148,18,None,None,"(-0.1, 0.1)",None,,,,,,,,,,,,,,0,0,0,0,0,29,29,29,31,0,31,0,394.2176494000014,,,,,,,,,,,,,,,,,,,,,,,,,,,,,,,,,,,,,,,,,,,,,,,,,,,,,,,,,,,,,,,,,,,,,,,,,,,,,,,,,,,,,,,,,,,,394.2051021999214,394.2176494000014,394.2176494000014,394.2176494000014,394.40283419995103,None,,,,,,,,,,,,,,,,,,,,,,,P8384,Bar_MIC,11,1,2026-04-09_15h27.42.794,MIC_task,,2026.1.2,60.0367665301919,2026-04-09 15h27.44.539502 +0200,
,,32,0,32,,,,,,,11,ty14,lufi,balloon,9,toys,gadget,6.6,148,18,None,None,"(-0.1, 0.1)",None,,,,,,,,,,,,,,0,0,0,0,0,29,29,29,32,0,32,0,394.418099100003,,,,,,,,,,,,,,,,,,,,,,,,,,,,,,,,,,,,,,,,,,,,,,,,,,,,,,,,,,,,,,,,,,,,,,,,,,,,,,,,,,,,,,,,,,,,394.4059272999875,394.418099100003,394.418099100003,394.418099100003,394.6018169999588,None,,,,,,,,,,,,,,,,,,,,,,,P8384,Bar_MIC,11,1,2026-04-09_15h27.42.794,MIC_task,,2026.1.2,60.0367665301919,2026-04-09 15h27.44.539502 +0200,
,,33,0,33,,,,,,,11,ty14,lufi,balloon,9,toys,gadget,6.6,148,18,None,None,"(-0.1, 0.1)",None,,,,,,,,,,,,,,0,0,0,0,0,29,29,29,33,0,33,0,394.6184769999236,,,,,,,,,,,,,,,,,,,,,,,,,,,,,,,,,,,,,,,,,,,,,,,,,,,,,,,,,,,,,,,,,,,,,,,,,,,,,,,,,,,,,,,,,,,,394.6047993999673,394.6184769999236,394.6184769999236,394.6184769999236,394.8023671999108,None,,,,,,,,,,,,,,,,,,,,,,,P8384,Bar_MIC,11,1,2026-04-09_15h27.42.794,MIC_task,,2026.1.2,60.0367665301919,2026-04-09 15h27.44.539502 +0200,
,,34,0,34,,,,,,,11,ty14,lufi,balloon,9,toys,gadget,6.6,148,18,None,None,"(-0.1, 0.1)",None,,,,,,,,,,,,,,0,0,0,0,0,29,29,29,34,0,34,0,394.81885749998037,,,,,,,,,,,,,,,,,,,,,,,,,,,,,,,,,,,,,,,,,,,,,,,,,,,,,,,,,,,,,,,,,,,,,,,,,,,,,,,,,,,,,,,,,,,,394.8056878999341,394.81885749998037,394.81885749998037,394.81885749998037,395.00275999994483,None,,,,,,,,,,,,,,,,,,,,,,,P8384,Bar_MIC,11,1,2026-04-09_15h27.42.794,MIC_task,,2026.1.2,60.0367665301919,2026-04-09 15h27.44.539502 +0200,
,,35,0,35,,,,,,,11,ty14,lufi,balloon,9,toys,gadget,6.6,148,18,None,None,"(-0.1, 0.1)",None,,,,,,,,,,,,,,0,0,0,0,0,29,29,29,35,0,35,0,395.0192419999512,,,,,,,,,,,,,,,,,,,,,,,,,,,,,,,,,,,,,,,,,,,,,,,,,,,,,,,,,,,,,,,,,,,,,,,,,,,,,,,,,,,,,,,,,,,,395.00569309992716,395.0192419999512,395.0192419999512,395.0192419999512,395.20319629996084,None,,,,,,,,,,,,,,,,,,,,,,,P8384,Bar_MIC,11,1,2026-04-09_15h27.42.794,MIC_task,,2026.1.2,60.0367665301919,2026-04-09 15h27.44.539502 +0200,
,,36,0,36,,,,,,,11,ty14,lufi,balloon,9,toys,gadget,6.6,148,18,None,None,"(-0.1, 0.1)",None,,,,,,,,,,,,,,0,0,0,0,0,29,29,29,36,0,36,0,395.2194753999356,,,,,,,,,,,,,,,,,,,,,,,,,,,,,,,,,,,,,,,,,,,,,,,,,,,,,,,,,,,,,,,,,,,,,,,,,,,,,,,,,,,,,,,,,,,,395.20615789992735,395.2194753999356,395.2194753999356,395.2194753999356,395.40391949994955,None,,,,,,,,,,,,,,,,,,,,,,,P8384,Bar_MIC,11,1,2026-04-09_15h27.42.794,MIC_task,,2026.1.2,60.0367665301919,2026-04-09 15h27.44.539502 +0200,
,,37,0,37,,,,,,,11,ty14,lufi,balloon,9,toys,gadget,6.6,148,18,None,None,"(-0.1, 0.1)",None,,,,,,,,,,,,,,0,0,0,0,0,29,29,29,37,0,37,0,395.41986269992776,,,,,,,,,,,,,,,,,,,,,,,,,,,,,,,,,,,,,,,,,,,,,,,,,,,,,,,,,,,,,,,,,,,,,,,,,,,,,,,,,,,,,,,,,,,,395.4071053999942,395.41986269992776,395.41986269992776,395.41986269992776,395.6043181999121,None,,,,,,,,,,,,,,,,,,,,,,,P8384,Bar_MIC,11,1,2026-04-09_15h27.42.794,MIC_task,,2026.1.2,60.0367665301919,2026-04-09 15h27.44.539502 +0200,
,,38,0,38,,,,,,,11,ty14,lufi,balloon,9,toys,gadget,6.6,148,18,None,None,"(-0.1, 0.1)",None,,,,,,,,,,,,,,0,0,0,0,0,29,29,29,38,0,38,0,395.6202618998941,,,,,,,,,,,,,,,,,,,,,,,,,,,,,,,,,,,,,,,,,,,,,,,,,,,,,,,,,,,,,,,,,,,,,,,,,,,,,,,,,,,,,,,,,,,,395.6076427999651,395.6202618998941,395.6202618998941,395.6202618998941,395.8043396999128,None,,,,,,,,,,,,,,,,,,,,,,,P8384,Bar_MIC,11,1,2026-04-09_15h27.42.794,MIC_task,,2026.1.2,60.0367665301919,2026-04-09 15h27.44.539502 +0200,
,,39,0,39,,,,,,,11,ty14,lufi,balloon,9,toys,gadget,6.6,148,18,None,None,"(-0.1, 0.1)",None,,,,,,,,,,,,,,0,0,0,0,0,29,29,29,39,0,39,0,395.82062849996146,,,,,,,,,,,,,,,,,,,,,,,,,,,,,,,,,,,,,,,,,,,,,,,,,,,,,,,,,,,,,,,,,,,,,,,,,,,,,,,,,,,,,,,,,,,,395.80759519990534,395.82062849996146,395.82062849996146,395.82062849996146,396.00470299995504,None,,,,,,,,,,,,,,,,,,,,,,,P8384,Bar_MIC,11,1,2026-04-09_15h27.42.794,MIC_task,,2026.1.2,60.0367665301919,2026-04-09 15h27.44.539502 +0200,
,,40,0,40,,,,,,,11,ty14,lufi,balloon,9,toys,gadget,6.6,148,18,None,None,"(-0.1, 0.1)",None,,,,,,,,,,,,,,0,0,0,0,0,29,29,29,40,0,40,0,396.020273800008,,,,,,,,,,,,,,,,,,,,,,,,,,,,,,,,,,,,,,,,,,,,,,,,,,,,,,,,,,,,,,,,,,,,,,,,,,,,,,,,,,,,,,,,,,,,396.00793939991854,396.020273800008,396.020273800008,396.020273800008,396.2052509000059,None,,,,,,,,,,,,,,,,,,,,,,,P8384,Bar_MIC,11,1,2026-04-09_15h27.42.794,MIC_task,,2026.1.2,60.0367665301919,2026-04-09 15h27.44.539502 +0200,
,,41,0,41,,,,,,,11,ty14,lufi,balloon,9,toys,gadget,6.6,148,18,None,None,"(-0.1, 0.1)",None,,,,,,,,,,,,,,0,0,0,0,0,29,29,29,41,0,41,0,396.22070069995243,,,,,,,,,,,,,,,,,,,,,,,,,,,,,,,,,,,,,,,,,,,,,,,,,,,,,,,,,,,,,,,,,,,,,,,,,,,,,,,,,,,,,,,,,,,,396.20803029998206,396.22070069995243,396.22070069995243,396.22070069995243,396.40553289989475,None,,,,,,,,,,,,,,,,,,,,,,,P8384,Bar_MIC,11,1,2026-04-09_15h27.42.794,MIC_task,,2026.1.2,60.0367665301919,2026-04-09 15h27.44.539502 +0200,
,,42,0,42,,,,,,,11,ty14,lufi,balloon,9,toys,gadget,6.6,148,18,None,None,"(-0.1, 0.1)",None,,,,,,,,,,,,,,0,0,0,0,0,29,29,29,42,0,42,0,396.4209799999371,,,,,,,,,,,,,,,,,,,,,,,,,,,,,,,,,,,,,,,,,,,,,,,,,,,,,,,,,,,,,,,,,,,,,,,,,,,,,,,,,,,,,,,,,,,,396.4088001999771,396.4209799999371,396.4209799999371,396.4209799999371,396.60476689995266,None,,,,,,,,,,,,,,,,,,,,,,,P8384,Bar_MIC,11,1,2026-04-09_15h27.42.794,MIC_task,,2026.1.2,60.0367665301919,2026-04-09 15h27.44.539502 +0200,
,,43,0,43,,,,,,,11,ty14,lufi,balloon,9,toys,gadget,6.6,148,18,None,None,"(-0.1, 0.1)",None,,,,,,,,,,,,,,0,0,0,0,0,29,29,29,43,0,43,0,396.6214139999356,,,,,,,,,,,,,,,,,,,,,,,,,,,,,,,,,,,,,,,,,,,,,,,,,,,,,,,,,,,,,,,,,,,,,,,,,,,,,,,,,,,,,,,,,,,,396.6078606999945,396.6214139999356,396.6214139999356,396.6214139999356,396.80525599990506,None,,,,,,,,,,,,,,,,,,,,,,,P8384,Bar_MIC,11,1,2026-04-09_15h27.42.794,MIC_task,,2026.1.2,60.0367665301919,2026-04-09 15h27.44.539502 +0200,
,,44,0,44,,,,,,,11,ty14,lufi,balloon,9,toys,gadget,6.6,148,18,None,None,"(-0.1, 0.1)",None,,,,,,,,,,,,,,0,0,0,0,0,29,29,29,44,0,44,0,396.82186189992353,,,,,,,,,,,,,,,,,,,,,,,,,,,,,,,,,,,,,,,,,,,,,,,,,,,,,,,,,,,,,,,,,,,,,,,,,,,,,,,,,,,,,,,,,,,,396.80798479996156,396.82186189992353,396.82186189992353,396.82186189992353,397.0056466999231,None,,,,,,,,,,,,,,,,,,,,,,,P8384,Bar_MIC,11,1,2026-04-09_15h27.42.794,MIC_task,,2026.1.2,60.0367665301919,2026-04-09 15h27.44.539502 +0200,
,,45,0,45,,,,,,,11,ty14,lufi,balloon,9,toys,gadget,6.6,148,18,None,None,"(-0.1, 0.1)",None,,,,,,,,,,,,,,0,0,0,0,0,29,29,29,45,0,45,0,397.0222180999117,,,,,,,,,,,,,,,,,,,,,,,,,,,,,,,,,,,,,,,,,,,,,,,,,,,,,,,,,,,,,,,,,,,,,,,,,,,,,,,,,,,,,,,,,,,,397.008820499992,397.0222180999117,397.0222180999117,397.0222180999117,397.20658429991454,None,,,,,,,,,,,,,,,,,,,,,,,P8384,Bar_MIC,11,1,2026-04-09_15h27.42.794,MIC_task,,2026.1.2,60.0367665301919,2026-04-09 15h27.44.539502 +0200,
,,46,0,46,,,,,,,11,ty14,lufi,balloon,9,toys,gadget,6.6,148,18,None,None,"(-0.1, 0.1)",None,,,,,,,,,,,,,,0,0,0,0,0,29,29,29,46,0,46,0,397.22251709993,,,,,,,,,,,,,,,,,,,,,,,,,,,,,,,,,,,,,,,,,,,,,,,,,,,,,,,,,,,,,,,,,,,,,,,,,,,,,,,,,,,,,,,,,,,,397.20965309999883,397.22251709993,397.22251709993,397.22251709993,397.40673699998297,None,,,,,,,,,,,,,,,,,,,,,,,P8384,Bar_MIC,11,1,2026-04-09_15h27.42.794,MIC_task,,2026.1.2,60.0367665301919,2026-04-09 15h27.44.539502 +0200,
,,47,0,47,,,,,,,11,ty14,lufi,balloon,9,toys,gadget,6.6,148,18,None,None,"(-0.1, 0.1)",None,,,,,,,,,,,,,,0,0,0,0,0,29,29,29,47,0,47,0,397.42286549997516,,,,,,,,,,,,,,,,,,,,,,,,,,,,,,,,,,,,,,,,,,,,,,,,,,,,,,,,,,,,,,,,,,,,,,,,,,,,,,,,,,,,,,,,,,,,397.4098767999094,397.42286549997516,397.42286549997516,397.42286549997516,397.60702349990606,None,,,,,,,,,,,,,,,,,,,,,,,P8384,Bar_MIC,11,1,2026-04-09_15h27.42.794,MIC_task,,2026.1.2,60.0367665301919,2026-04-09 15h27.44.539502 +0200,
,,48,0,48,,,,,,,11,ty14,lufi,balloon,9,toys,gadget,6.6,148,18,None,None,"(-0.1, 0.1)",None,,,,,,,,,,,,,,0,0,0,0,0,29,29,29,48,0,48,0,397.6232165999245,,,,,,,,,,,,,,,,,,,,,,,,,,,,,,,,,,,,,,,,,,,,,,,,,,,,,,,,,,,,,,,,,,,,,,,,,,,,,,,,,,,,,,,,,,,,397.609928599908,397.6232165999245,397.6232165999245,397.6232165999245,397.8072801999515,None,,,,,,,,,,,,,,,,,,,,,,,P8384,Bar_MIC,11,1,2026-04-09_15h27.42.794,MIC_task,,2026.1.2,60.0367665301919,2026-04-09 15h27.44.539502 +0200,
,,49,0,49,,,,,,,11,ty14,lufi,balloon,9,toys,gadget,6.6,148,18,None,None,"(-0.1, 0.1)",None,,,,,,,,,,,,,,0,0,0,0,0,29,29,29,49,0,49,0,397.82281739998143,,,,,,,,,,,,,,,,,,,,,,,,,,,,,,,,,,,,,,,,,,,,,,,,,,,,,,,,,,,,,,,,,,,,,,,,,,,,,,,,,,,,,,,,,,,,397.8104759999551,397.82281739998143,397.82281739998143,397.82281739998143,398.0077367000049,None,,,,,,,,,,,,,,,,,,,,,,,P8384,Bar_MIC,11,1,2026-04-09_15h27.42.794,MIC_task,,2026.1.2,60.0367665301919,2026-04-09 15h27.44.539502 +0200,
,,50,0,50,,,,,,,11,ty14,lufi,balloon,9,toys,gadget,6.6,148,18,None,None,"(-0.1, 0.1)",space,0.15220490004867315,None,,,,,,,,,,,,0,0,0,0,0,29,29,29,50,0,50,0,398.0231976999203,,,,,,,,,,,,,,,,,,,,,,,,,,,,,,,,,,,,,,,,,,,,,,,,,,,,,,,,,,,,,,,,,,,,,,,,,,,,,,,,,,,,,,,,,,,,398.0109727999661,398.0231976999203,398.0231976999203,398.0231976999203,398.19244979997166,space,0.15220490004867315,None,,,,,,,,,,,,,,,,,,,,,P8384,Bar_MIC,11,1,2026-04-09_15h27.42.794,MIC_task,,2026.1.2,60.0367665301919,2026-04-09 15h27.44.539502 +0200,
,,29,29,0,,,,space,0.7056340000126511,None,11,ty14,lufi,balloon,9,toys,gadget,6.6,148,18,None,None,"(-0.1, 0.1)",,,,,,,,,,,,,,,0,0,0,0,0,29,29,29,,,,,,,,,,,,,,,,,,,,,,,,,,,,,,,,,,,,,,,,,,,,,,,,,,,,,,,,,,,,,,,,,,,,,,,,,,,,,,,,,398.254602800007,398.2607488000067,398.2581327665985,400.1940666999435,,,,,,402.19731409999076,402.2142276999075,402.2142276999075,402.9322309999261,,,,,,,,,,,,400.2260884999996,400.23151799989864,400.22727673326926,402.12982799997553,402.1972652999684,space,0.7056340000126511,None,,,,,,,,,,,,,P8384,Bar_MIC,11,1,2026-04-09_15h27.42.794,MIC_task,,2026.1.2,60.0367665301919,2026-04-09 15h27.44.539502 +0200,
,,0,0,0,,,,,,,,,,,,,,,,,,,,,,,space,113.82758559996728,None,,,,,,,,,0,0,0,0,,,,,,,,,,,,,,,,,,,,,,,,,,,,,,,,,,,,,,,,,,,,,,,,,,,,,,,,,,,,,,,,,,,,,,,,,,,,,,,,,,,,,,,,,,,,,,,,,,,,,,,,,,,,,,,,,,,,,,,,403.00488749996293,403.0241512999637,403.0241512999637,403.01466493327945,413.6805363999447,516.8565949999029,space,113.82758559996728,None,P8384,Bar_MIC,11,1,2026-04-09_15h27.42.794,MIC_task,,2026.1.2,60.0367665301919,2026-04-09 15h27.44.539502 +0200,
,,0,0,0,,,,,,,11,pl29,brokkoli,broccoli,7,plants,vegetable,5.4,15,None,62,None,"(0, 0.1)",None,,,,,,,,,,,,,,1,0,1,0,0,0,0,0,0,0,0,0,516.8780322999228,,,,,,,,,,,,,,,,,,,,,,,,,,,,,,,,,,,,,,,,,,,,,,,,,,,,,,,,,,,,,,,,,,,,,,,,,,,,,,,,,,,,,,,,,,,,516.8722006999888,516.8780322999228,516.8780322999228,516.8780322999228,517.0734464999987,None,,,,,,,,,,,,,,,,,,,,,,,P8384,Bar_MIC,11,1,2026-04-09_15h27.42.794,MIC_task,,2026.1.2,60.0367665301919,2026-04-09 15h27.44.539502 +0200,
,,0,0,0,,,,,,,11,pl29,brokkoli,broccoli,7,plants,vegetable,5.4,15,None,62,None,"(0, 0.1)",None,,,,,,,,,,,,,,1,0,1,0,0,0,0,0,0,0,0,0,517.0889290999621,,,,,,,,,,,,,,,,,,,,,,,,,,,,,,,,,,,,,,,,,,,,,,,,,,,,,,,,,,,,,,,,,,,,,,,,,,,,,,,,,,,,,,,,,,,,517.0767741999589,517.0889290999621,517.0889290999621,517.0889290999621,517.2570609999821,None,,,,,,,,,,,,,,,,,,,,,,,P8384,Bar_MIC,11,1,2026-04-09_15h27.42.794,MIC_task,,2026.1.2,60.0367665301919,2026-04-09 15h27.44.539502 +0200,
,,1,0,1,,,,,,,11,pl29,brokkoli,broccoli,7,plants,vegetable,5.4,15,None,62,None,"(0, 0.1)",None,,,,,,,,,,,,,,1,0,1,0,0,0,0,0,1,0,1,0,517.2725054000039,,,,,,,,,,,,,,,,,,,,,,,,,,,,,,,,,,,,,,,,,,,,,,,,,,,,,,,,,,,,,,,,,,,,,,,,,,,,,,,,,,,,,,,,,,,,517.2603310999693,517.2725054000039,517.2725054000039,517.2725054000039,517.4574687998975,None,,,,,,,,,,,,,,,,,,,,,,,P8384,Bar_MIC,11,1,2026-04-09_15h27.42.794,MIC_task,,2026.1.2,60.0367665301919,2026-04-09 15h27.44.539502 +0200,
,,2,0,2,,,,,,,11,pl29,brokkoli,broccoli,7,plants,vegetable,5.4,15,None,62,None,"(0, 0.1)",None,,,,,,,,,,,,,,1,0,1,0,0,0,0,0,2,0,2,0,517.4729674999835,,,,,,,,,,,,,,,,,,,,,,,,,,,,,,,,,,,,,,,,,,,,,,,,,,,,,,,,,,,,,,,,,,,,,,,,,,,,,,,,,,,,,,,,,,,,517.4605484999483,517.4729674999835,517.4729674999835,517.4729674999835,517.6571206999943,None,,,,,,,,,,,517.673286999925,517.673286999925,517.673286999925,,,,,,,,,,P8384,Bar_MIC,11,1,2026-04-09_15h27.42.794,MIC_task,,2026.1.2,60.0367665301919,2026-04-09 15h27.44.539502 +0200,
,,3,0,3,,,,,,,11,pl29,brokkoli,broccoli,7,plants,vegetable,5.4,15,None,62,None,"(0, 0.1)",None,,,,,,,,,,,,,,1,0,1,0,0,0,0,0,3,0,3,0,517.673286999925,,,,,,,,,,,,,,,,,,,,,,,,,,,,,,,,,,,,,,,,,,,,,,,,,,,,,,,,,,,,,,,,,,,,,,,,,,,,,,,,,,,,,,,,,,,,517.6601566999452,517.673286999925,517.673286999925,517.673286999925,517.8570516000036,None,,,,,,,,,,,,,,,,,,,,,,,P8384,Bar_MIC,11,1,2026-04-09_15h27.42.794,MIC_task,,2026.1.2,60.0367665301919,2026-04-09 15h27.44.539502 +0200,
,,4,0,4,,,,,,,11,pl29,brokkoli,broccoli,7,plants,vegetable,5.4,15,None,62,None,"(0, 0.1)",None,,,,,,,,,,,,,,1,0,1,0,0,0,0,0,4,0,4,0,517.8736945999553,,,,,,,,,,,,,,,,,,,,,,,,,,,,,,,,,,,,,,,,,,,,,,,,,,,,,,,,,,,,,,,,,,,,,,,,,,,,,,,,,,,,,,,,,,,,517.860168299987,517.8736945999553,517.8736945999553,517.8736945999553,518.0574740999145,None,,,,,,,,,,,,,,,,,,,,,,,P8384,Bar_MIC,11,1,2026-04-09_15h27.42.794,MIC_task,,2026.1.2,60.0367665301919,2026-04-09 15h27.44.539502 +0200,
,,5,0,5,,,,,,,11,pl29,brokkoli,broccoli,7,plants,vegetable,5.4,15,None,62,None,"(0, 0.1)",None,,,,,,,,,,,,,,1,0,1,0,0,0,0,0,5,0,5,0,518.0740826999536,,,,,,,,,,,,,,,,,,,,,,,,,,,,,,,,,,,,,,,,,,,,,,,,,,,,,,,,,,,,,,,,,,,,,,,,,,,,,,,,,,,,,,,,,,,,518.0609555999981,518.0740826999536,518.0740826999536,518.0740826999536,518.257997599896,None,,,,,,,,,,,,,,,,,,,,,,,P8384,Bar_MIC,11,1,2026-04-09_15h27.42.794,MIC_task,,2026.1.2,60.0367665301919,2026-04-09 15h27.44.539502 +0200,
,,6,0,6,,,,,,,11,pl29,brokkoli,broccoli,7,plants,vegetable,5.4,15,None,62,None,"(0, 0.1)",None,,,,,,,,,,,,,,1,0,1,0,0,0,0,0,6,0,6,0,518.274428499979,,,,,,,,,,,,,,,,,,,,,,,,,,,,,,,,,,,,,,,,,,,,,,,,,,,,,,,,,,,,,,,,,,,,,,,,,,,,,,,,,,,,,,,,,,,,518.2616128999507,518.274428499979,518.274428499979,518.274428499979,518.4586148998933,None,,,,,,,,,,,,,,,,,,,,,,,P8384,Bar_MIC,11,1,2026-04-09_15h27.42.794,MIC_task,,2026.1.2,60.0367665301919,2026-04-09 15h27.44.539502 +0200,
,,7,0,7,,,,,,,11,pl29,brokkoli,broccoli,7,plants,vegetable,5.4,15,None,62,None,"(0, 0.1)",None,,,,,,,,,,,,,,1,0,1,0,0,0,0,0,7,0,7,0,518.4748798999935,,,,,,,,,,,,,,,,,,,,,,,,,,,,,,,,,,,,,,,,,,,,,,,,,,,,,,,,,,,,,,,,,,,,,,,,,,,,,,,,,,,,,,,,,,,,518.4619764999952,518.4748798999935,518.4748798999935,518.4748798999935,518.6587058999576,None,,,,,,,,,,,,,,,,,,,,,,,P8384,Bar_MIC,11,1,2026-04-09_15h27.42.794,MIC_task,,2026.1.2,60.0367665301919,2026-04-09 15h27.44.539502 +0200,
,,8,0,8,,,,,,,11,pl29,brokkoli,broccoli,7,plants,vegetable,5.4,15,None,62,None,"(0, 0.1)",None,,,,,,,,,,,,,,1,0,1,0,0,0,0,0,8,0,8,0,518.6751266999636,,,,,,,,,,,,,,,,,,,,,,,,,,,,,,,,,,,,,,,,,,,,,,,,,,,,,,,,,,,,,,,,,,,,,,,,,,,,,,,,,,,,,,,,,,,,518.6616455999902,518.6751266999636,518.6751266999636,518.6751266999636,518.8591712999623,None,,,,,,,,,,,,,,,,,,,,,,,P8384,Bar_MIC,11,1,2026-04-09_15h27.42.794,MIC_task,,2026.1.2,60.0367665301919,2026-04-09 15h27.44.539502 +0200,
,,9,0,9,,,,,,,11,pl29,brokkoli,broccoli,7,plants,vegetable,5.4,15,None,62,None,"(0, 0.1)",None,,,,,,,,,,,,,,1,0,1,0,0,0,0,0,9,0,9,0,518.8755116999382,,,,,,,,,,,,,,,,,,,,,,,,,,,,,,,,,,,,,,,,,,,,,,,,,,,,,,,,,,,,,,,,,,,,,,,,,,,,,,,,,,,,,,,,,,,,518.8625358999707,518.8755116999382,518.8755116999382,518.8755116999382,519.0595773999812,None,,,,,,,,,,,,,,,,,,,,,,,P8384,Bar_MIC,11,1,2026-04-09_15h27.42.794,MIC_task,,2026.1.2,60.0367665301919,2026-04-09 15h27.44.539502 +0200,
,,10,0,10,,,,,,,11,pl29,brokkoli,broccoli,7,plants,vegetable,5.4,15,None,62,None,"(0, 0.1)",None,,,,,,,,,,,,,,1,0,1,0,0,0,0,0,10,0,10,0,519.0758760999888,,,,,,,,,,,,,,,,,,,,,,,,,,,,,,,,,,,,,,,,,,,,,,,,,,,,,,,,,,,,,,,,,,,,,,,,,,,,,,,,,,,,,,,,,,,,519.0628782999702,519.0758760999888,519.0758760999888,519.0758760999888,519.2599470999558,None,,,,,,,,,,,,,,,,,,,,,,,P8384,Bar_MIC,11,1,2026-04-09_15h27.42.794,MIC_task,,2026.1.2,60.0367665301919,2026-04-09 15h27.44.539502 +0200,
,,11,0,11,,,,,,,11,pl29,brokkoli,broccoli,7,plants,vegetable,5.4,15,None,62,None,"(0, 0.1)",None,,,,,,,,,,,,,,1,0,1,0,0,0,0,0,11,0,11,0,519.2762672998942,,,,,,,,,,,,,,,,,,,,,,,,,,,,,,,,,,,,,,,,,,,,,,,,,,,,,,,,,,,,,,,,,,,,,,,,,,,,,,,,,,,,,,,,,,,,519.2630832999712,519.2762672998942,519.2762672998942,519.2762672998942,519.4603873000015,None,,,,,,,,,,,,,,,,,,,,,,,P8384,Bar_MIC,11,1,2026-04-09_15h27.42.794,MIC_task,,2026.1.2,60.0367665301919,2026-04-09 15h27.44.539502 +0200,
,,12,0,12,,,,,,,11,pl29,brokkoli,broccoli,7,plants,vegetable,5.4,15,None,62,None,"(0, 0.1)",None,,,,,,,,,,,,,,1,0,1,0,0,0,0,0,12,0,12,0,519.4760416999925,,,,,,,,,,,,,,,,,,,,,,,,,,,,,,,,,,,,,,,,,,,,,,,,,,,,,,,,,,,,,,,,,,,,,,,,,,,,,,,,,,,,,,,,,,,,519.4635016999673,519.4760416999925,519.4760416999925,519.4760416999925,519.6608216000022,None,,,,,,,,,,,,,,,,,,,,,,,P8384,Bar_MIC,11,1,2026-04-09_15h27.42.794,MIC_task,,2026.1.2,60.0367665301919,2026-04-09 15h27.44.539502 +0200,
,,13,0,13,,,,,,,11,pl29,brokkoli,broccoli,7,plants,vegetable,5.4,15,None,62,None,"(0, 0.1)",None,,,,,,,,,,,,,,1,0,1,0,0,0,0,0,13,0,13,0,519.6762796998955,,,,,,,,,,,,,,,,,,,,,,,,,,,,,,,,,,,,,,,,,,,,,,,,,,,,,,,,,,,,,,,,,,,,,,,,,,,,,,,,,,,,,,,,,,,,519.6643929999555,519.6762796998955,519.6762796998955,519.6762796998955,519.8612415998941,None,,,,,,,,,,,,,,,,,,,,,,,P8384,Bar_MIC,11,1,2026-04-09_15h27.42.794,MIC_task,,2026.1.2,60.0367665301919,2026-04-09 15h27.44.539502 +0200,
,,14,0,14,,,,,,,11,pl29,brokkoli,broccoli,7,plants,vegetable,5.4,15,None,62,None,"(0, 0.1)",None,,,,,,,,,,,,,,1,0,1,0,0,0,0,0,14,0,14,0,519.876636800007,,,,,,,,,,,,,,,,,,,,,,,,,,,,,,,,,,,,,,,,,,,,,,,,,,,,,,,,,,,,,,,,,,,,,,,,,,,,,,,,,,,,,,,,,,,,519.8645204999484,519.876636800007,519.876636800007,519.876636800007,520.060356699978,None,,,,,,,,,,,,,,,,,,,,,,,P8384,Bar_MIC,11,1,2026-04-09_15h27.42.794,MIC_task,,2026.1.2,60.0367665301919,2026-04-09 15h27.44.539502 +0200,
,,15,0,15,,,,,,,11,pl29,brokkoli,broccoli,7,plants,vegetable,5.4,15,None,62,None,"(0, 0.1)",space,0.12730650010053068,None,,,,,,,,,,,,1,0,1,0,0,0,0,0,15,0,15,0,520.0770247000037,,,,,,,,,,,,,,,,,,,,,,,,,,,,,,,,,,,,,,,,,,,,,,,,,,,,,,,,,,,,,,,,,,,,,,,,,,,,,,,,,,,,,,,,,,,,520.0638617000077,520.0770247000037,520.0770247000037,520.0770247000037,520.2123916998971,space,0.12730650010053068,None,,,,,,,,,,,,,,,,,,,,,P8384,Bar_MIC,11,1,2026-04-09_15h27.42.794,MIC_task,,2026.1.2,60.0367665301919,2026-04-09 15h27.44.539502 +0200,
,,0,0,0,,,,space,0.200940000009723,None,11,pl29,brokkoli,broccoli,7,plants,vegetable,5.4,15,None,62,None,"(0, 0.1)",,,,,,,,,,,,,,,1,0,1,0,0,0,0,0,,,,,,,,,,,,,,,,,,,,,,,,,,,,,,,,,,,,,,,,,,,,,,,,,,,,,,,,,,,,,,,,,,,,,,,,,,,,,,,,,520.2742381999269,520.2799565999303,520.278259266649,522.2151244999841,,,,,,524.2175696999766,524.234298299998,524.234298299998,524.450964699965,,,,,,,,,,,,522.2421341999434,522.247062999988,522.2483366333258,524.1333109999541,524.2175223999657,space,0.200940000009723,None,,,,,,,,,,,,,P8384,Bar_MIC,11,1,2026-04-09_15h27.42.794,MIC_task,,2026.1.2,60.0367665301919,2026-04-09 15h27.44.539502 +0200,
,,0,0,0,,,,,,,11,l05,medence,pool,5,location,facilities,6.6,145,None,61,None,"(-0.1, 0.1)",None,,,,,,,,,,,,,,1,0,1,0,0,1,1,1,0,0,0,0,524.4669168998953,,,,,,,,,,,,,,,,,,,,,,,,,,,,,,,,,,,,,,,,,,,,,,,,,,,,,,,,,,,,,,,,,,,,,,,,,,,,,,,,,,,,,,,,,,,,524.4541301999707,524.4669168998953,524.4669168998953,524.4669168998953,524.6519298999337,None,,,,,,,,,,,,,,,,,,,,,,,P8384,Bar_MIC,11,1,2026-04-09_15h27.42.794,MIC_task,,2026.1.2,60.0367665301919,2026-04-09 15h27.44.539502 +0200,
,,0,0,0,,,,,,,11,l05,medence,pool,5,location,facilities,6.6,145,None,61,None,"(-0.1, 0.1)",None,,,,,,,,,,,,,,1,0,1,0,0,1,1,1,0,0,0,0,524.6673292999621,,,,,,,,,,,,,,,,,,,,,,,,,,,,,,,,,,,,,,,,,,,,,,,,,,,,,,,,,,,,,,,,,,,,,,,,,,,,,,,,,,,,,,,,,,,,524.6556200999767,524.6673292999621,524.6673292999621,524.6673292999621,524.8523316999199,None,,,,,,,,,,,,,,,,,,,,,,,P8384,Bar_MIC,11,1,2026-04-09_15h27.42.794,MIC_task,,2026.1.2,60.0367665301919,2026-04-09 15h27.44.539502 +0200,
,,1,0,1,,,,,,,11,l05,medence,pool,5,location,facilities,6.6,145,None,61,None,"(-0.1, 0.1)",None,,,,,,,,,,,,,,1,0,1,0,0,1,1,1,1,0,1,0,524.8677412999095,,,,,,,,,,,,,,,,,,,,,,,,,,,,,,,,,,,,,,,,,,,,,,,,,,,,,,,,,,,,,,,,,,,,,,,,,,,,,,,,,,,,,,,,,,,,524.8558511999436,524.8677412999095,524.8677412999095,524.8677412999095,525.0517183999764,None,,,,,,,,,,,,,,,,,,,,,,,P8384,Bar_MIC,11,1,2026-04-09_15h27.42.794,MIC_task,,2026.1.2,60.0367665301919,2026-04-09 15h27.44.539502 +0200,
,,2,0,2,,,,,,,11,l05,medence,pool,5,location,facilities,6.6,145,None,61,None,"(-0.1, 0.1)",None,,,,,,,,,,,,,,1,0,1,0,0,1,1,1,2,0,2,0,525.0681420000037,,,,,,,,,,,,,,,,,,,,,,,,,,,,,,,,,,,,,,,,,,,,,,,,,,,,,,,,,,,,,,,,,,,,,,,,,,,,,,,,,,,,,,,,,,,,525.0548376999795,525.0681420000037,525.0681420000037,525.0681420000037,525.2520554999355,None,,,,,,,,,,,,,,,,,,,,,,,P8384,Bar_MIC,11,1,2026-04-09_15h27.42.794,MIC_task,,2026.1.2,60.0367665301919,2026-04-09 15h27.44.539502 +0200,
,,3,0,3,,,,,,,11,l05,medence,pool,5,location,facilities,6.6,145,None,61,None,"(-0.1, 0.1)",None,,,,,,,,,,,,,,1,0,1,0,0,1,1,1,3,0,3,0,525.2684803999728,,,,,,,,,,,,,,,,,,,,,,,,,,,,,,,,,,,,,,,,,,,,,,,,,,,,,,,,,,,,,,,,,,,,,,,,,,,,,,,,,,,,,,,,,,,,525.2551561999135,525.2684803999728,525.2684803999728,525.2684803999728,525.4524200999876,None,,,,,,,,,,,,,,,,,,,,,,,P8384,Bar_MIC,11,1,2026-04-09_15h27.42.794,MIC_task,,2026.1.2,60.0367665301919,2026-04-09 15h27.44.539502 +0200,
,,4,0,4,,,,,,,11,l05,medence,pool,5,location,facilities,6.6,145,None,61,None,"(-0.1, 0.1)",None,,,,,,,,,,,,,,1,0,1,0,0,1,1,1,4,0,4,0,525.4687838999089,,,,,,,,,,,,,,,,,,,,,,,,,,,,,,,,,,,,,,,,,,,,,,,,,,,,,,,,,,,,,,,,,,,,,,,,,,,,,,,,,,,,,,,,,,,,525.4557807999663,525.4687838999089,525.4687838999089,525.4687838999089,525.6527955000056,None,,,,,,,,,,,,,,,,,,,,,,,P8384,Bar_MIC,11,1,2026-04-09_15h27.42.794,MIC_task,,2026.1.2,60.0367665301919,2026-04-09 15h27.44.539502 +0200,
,,5,0,5,,,,,,,11,l05,medence,pool,5,location,facilities,6.6,145,None,61,None,"(-0.1, 0.1)",None,,,,,,,,,,,,,,1,0,1,0,0,1,1,1,5,0,5,0,525.6690870999591,,,,,,,,,,,,,,,,,,,,,,,,,,,,,,,,,,,,,,,,,,,,,,,,,,,,,,,,,,,,,,,,,,,,,,,,,,,,,,,,,,,,,,,,,,,,525.6562905999599,525.6690870999591,525.6690870999591,525.6690870999591,525.853197599994,None,,,,,,,,,,,,,,,,,,,,,,,P8384,Bar_MIC,11,1,2026-04-09_15h27.42.794,MIC_task,,2026.1.2,60.0367665301919,2026-04-09 15h27.44.539502 +0200,
,,6,0,6,,,,,,,11,l05,medence,pool,5,location,facilities,6.6,145,None,61,None,"(-0.1, 0.1)",None,,,,,,,,,,,,,,1,0,1,0,0,1,1,1,6,0,6,0,525.8696059999056,,,,,,,,,,,,,,,,,,,,,,,,,,,,,,,,,,,,,,,,,,,,,,,,,,,,,,,,,,,,,,,,,,,,,,,,,,,,,,,,,,,,,,,,,,,,525.8566040999722,525.8696059999056,525.8696059999056,525.8696059999056,526.0536697999341,None,,,,,,,,,,,,,,,,,,,,,,,P8384,Bar_MIC,11,1,2026-04-09_15h27.42.794,MIC_task,,2026.1.2,60.0367665301919,2026-04-09 15h27.44.539502 +0200,
,,7,0,7,,,,,,,11,l05,medence,pool,5,location,facilities,6.6,145,None,61,None,"(-0.1, 0.1)",None,,,,,,,,,,,,,,1,0,1,0,0,1,1,1,7,0,7,0,526.0699360999279,,,,,,,,,,,,,,,,,,,,,,,,,,,,,,,,,,,,,,,,,,,,,,,,,,,,,,,,,,,,,,,,,,,,,,,,,,,,,,,,,,,,,,,,,,,,526.0570612999145,526.0699360999279,526.0699360999279,526.0699360999279,526.2541056999471,None,,,,,,,,,,,,,,,,,,,,,,,P8384,Bar_MIC,11,1,2026-04-09_15h27.42.794,MIC_task,,2026.1.2,60.0367665301919,2026-04-09 15h27.44.539502 +0200,
,,8,0,8,,,,,,,11,l05,medence,pool,5,location,facilities,6.6,145,None,61,None,"(-0.1, 0.1)",None,,,,,,,,,,,,,,1,0,1,0,0,1,1,1,8,0,8,0,526.2695350999711,,,,,,,,,,,,,,,,,,,,,,,,,,,,,,,,,,,,,,,,,,,,,,,,,,,,,,,,,,,,,,,,,,,,,,,,,,,,,,,,,,,,,,,,,,,,526.2575781999622,526.2695350999711,526.2695350999711,526.2695350999711,526.454399399925,None,,,,,,,,,,,,,,,,,,,,,,,P8384,Bar_MIC,11,1,2026-04-09_15h27.42.794,MIC_task,,2026.1.2,60.0367665301919,2026-04-09 15h27.44.539502 +0200,
,,9,0,9,,,,,,,11,l05,medence,pool,5,location,facilities,6.6,145,None,61,None,"(-0.1, 0.1)",None,,,,,,,,,,,,,,1,0,1,0,0,1,1,1,9,0,9,0,526.4698840999044,,,,,,,,,,,,,,,,,,,,,,,,,,,,,,,,,,,,,,,,,,,,,,,,,,,,,,,,,,,,,,,,,,,,,,,,,,,,,,,,,,,,,,,,,,,,526.457702799933,526.4698840999044,526.4698840999044,526.4698840999044,526.6548117999919,None,,,,,,,,,,,,,,,,,,,,,,,P8384,Bar_MIC,11,1,2026-04-09_15h27.42.794,MIC_task,,2026.1.2,60.0367665301919,2026-04-09 15h27.44.539502 +0200,
,,10,0,10,,,,,,,11,l05,medence,pool,5,location,facilities,6.6,145,None,61,None,"(-0.1, 0.1)",None,,,,,,,,,,,,,,1,0,1,0,0,1,1,1,10,0,10,0,526.6703355999198,,,,,,,,,,,,,,,,,,,,,,,,,,,,,,,,,,,,,,,,,,,,,,,,,,,,,,,,,,,,,,,,,,,,,,,,,,,,,,,,,,,,,,,,,,,,526.6579988999292,526.6703355999198,526.6703355999198,526.6703355999198,526.855283999932,None,,,,,,,,,,,,,,,,,,,,,,,P8384,Bar_MIC,11,1,2026-04-09_15h27.42.794,MIC_task,,2026.1.2,60.0367665301919,2026-04-09 15h27.44.539502 +0200,
,,11,0,11,,,,,,,11,l05,medence,pool,5,location,facilities,6.6,145,None,61,None,"(-0.1, 0.1)",None,,,,,,,,,,,,,,1,0,1,0,0,1,1,1,11,0,11,0,526.8707136999583,,,,,,,,,,,,,,,,,,,,,,,,,,,,,,,,,,,,,,,,,,,,,,,,,,,,,,,,,,,,,,,,,,,,,,,,,,,,,,,,,,,,,,,,,,,,526.8585433999542,526.8707136999583,526.8707136999583,526.8707136999583,527.0545698999194,None,,,,,,,,,,,,,,,,,,,,,,,P8384,Bar_MIC,11,1,2026-04-09_15h27.42.794,MIC_task,,2026.1.2,60.0367665301919,2026-04-09 15h27.44.539502 +0200,
,,12,0,12,,,,,,,11,l05,medence,pool,5,location,facilities,6.6,145,None,61,None,"(-0.1, 0.1)",None,,,,,,,,,,,,,,1,0,1,0,0,1,1,1,12,0,12,0,527.0711729999166,,,,,,,,,,,,,,,,,,,,,,,,,,,,,,,,,,,,,,,,,,,,,,,,,,,,,,,,,,,,,,,,,,,,,,,,,,,,,,,,,,,,,,,,,,,,527.0581710999832,527.0711729999166,527.0711729999166,527.0711729999166,527.2548889999744,None,,,,,,,,,,,,,,,,,,,,,,,P8384,Bar_MIC,11,1,2026-04-09_15h27.42.794,MIC_task,,2026.1.2,60.0367665301919,2026-04-09 15h27.44.539502 +0200,
,,13,0,13,,,,,,,11,l05,medence,pool,5,location,facilities,6.6,145,None,61,None,"(-0.1, 0.1)",None,,,,,,,,,,,,,,1,0,1,0,0,1,1,1,13,0,13,0,527.2714776999783,,,,,,,,,,,,,,,,,,,,,,,,,,,,,,,,,,,,,,,,,,,,,,,,,,,,,,,,,,,,,,,,,,,,,,,,,,,,,,,,,,,,,,,,,,,,527.2582642999478,527.2714776999783,527.2714776999783,527.2714776999783,527.4553865999915,None,,,,,,,,,,,,,,,,,,,,,,,P8384,Bar_MIC,11,1,2026-04-09_15h27.42.794,MIC_task,,2026.1.2,60.0367665301919,2026-04-09 15h27.44.539502 +0200,
,,14,0,14,,,,,,,11,l05,medence,pool,5,location,facilities,6.6,145,None,61,None,"(-0.1, 0.1)",None,,,,,,,,,,,,,,1,0,1,0,0,1,1,1,14,0,14,0,527.4719144999981,,,,,,,,,,,,,,,,,,,,,,,,,,,,,,,,,,,,,,,,,,,,,,,,,,,,,,,,,,,,,,,,,,,,,,,,,,,,,,,,,,,,,,,,,,,,527.4585133999353,527.4719144999981,527.4719144999981,527.4719144999981,527.6556929999497,None,,,,,,,,,,,,,,,,,,,,,,,P8384,Bar_MIC,11,1,2026-04-09_15h27.42.794,MIC_task,,2026.1.2,60.0367665301919,2026-04-09 15h27.44.539502 +0200,
,,15,0,15,,,,,,,11,l05,medence,pool,5,location,facilities,6.6,145,None,61,None,"(-0.1, 0.1)",None,,,,,,,,,,,,,,1,0,1,0,0,1,1,1,15,0,15,0,527.6722245999845,,,,,,,,,,,,,,,,,,,,,,,,,,,,,,,,,,,,,,,,,,,,,,,,,,,,,,,,,,,,,,,,,,,,,,,,,,,,,,,,,,,,,,,,,,,,527.6588463999797,527.6722245999845,527.6722245999845,527.6722245999845,527.8561123999534,None,,,,,,,,,,,,,,,,,,,,,,,P8384,Bar_MIC,11,1,2026-04-09_15h27.42.794,MIC_task,,2026.1.2,60.0367665301919,2026-04-09 15h27.44.539502 +0200,
,,16,0,16,,,,,,,11,l05,medence,pool,5,location,facilities,6.6,145,None,61,None,"(-0.1, 0.1)",None,,,,,,,,,,,,,,1,0,1,0,0,1,1,1,16,0,16,0,527.8726193999173,,,,,,,,,,,,,,,,,,,,,,,,,,,,,,,,,,,,,,,,,,,,,,,,,,,,,,,,,,,,,,,,,,,,,,,,,,,,,,,,,,,,,,,,,,,,527.859416399966,527.8726193999173,527.8726193999173,527.8726193999173,528.0565266999183,None,,,,,,,,,,,,,,,,,,,,,,,P8384,Bar_MIC,11,1,2026-04-09_15h27.42.794,MIC_task,,2026.1.2,60.0367665301919,2026-04-09 15h27.44.539502 +0200,
,,17,0,17,,,,,,,11,l05,medence,pool,5,location,facilities,6.6,145,None,61,None,"(-0.1, 0.1)",None,,,,,,,,,,,,,,1,0,1,0,0,1,1,1,17,0,17,0,528.0729853999801,,,,,,,,,,,,,,,,,,,,,,,,,,,,,,,,,,,,,,,,,,,,,,,,,,,,,,,,,,,,,,,,,,,,,,,,,,,,,,,,,,,,,,,,,,,,528.059719099896,528.0729853999801,528.0729853999801,528.0729853999801,528.2572119999677,None,,,,,,,,,,,,,,,,,,,,,,,P8384,Bar_MIC,11,1,2026-04-09_15h27.42.794,MIC_task,,2026.1.2,60.0367665301919,2026-04-09 15h27.44.539502 +0200,
,,18,0,18,,,,,,,11,l05,medence,pool,5,location,facilities,6.6,145,None,61,None,"(-0.1, 0.1)",None,,,,,,,,,,,,,,1,0,1,0,0,1,1,1,18,0,18,0,528.273377400008,,,,,,,,,,,,,,,,,,,,,,,,,,,,,,,,,,,,,,,,,,,,,,,,,,,,,,,,,,,,,,,,,,,,,,,,,,,,,,,,,,,,,,,,,,,,528.2611481999047,528.273377400008,528.273377400008,528.273377400008,528.4573216999415,None,,,,,,,,,,,,,,,,,,,,,,,P8384,Bar_MIC,11,1,2026-04-09_15h27.42.794,MIC_task,,2026.1.2,60.0367665301919,2026-04-09 15h27.44.539502 +0200,
,,19,0,19,,,,,,,11,l05,medence,pool,5,location,facilities,6.6,145,None,61,None,"(-0.1, 0.1)",None,,,,,,,,,,,,,,1,0,1,0,0,1,1,1,19,0,19,0,528.4728807999054,,,,,,,,,,,,,,,,,,,,,,,,,,,,,,,,,,,,,,,,,,,,,,,,,,,,,,,,,,,,,,,,,,,,,,,,,,,,,,,,,,,,,,,,,,,,528.4609046999831,528.4728807999054,528.4728807999054,528.4728807999054,528.6566469999962,None,,,,,,,,,,,,,,,,,,,,,,,P8384,Bar_MIC,11,1,2026-04-09_15h27.42.794,MIC_task,,2026.1.2,60.0367665301919,2026-04-09 15h27.44.539502 +0200,
,,20,0,20,,,,,,,11,l05,medence,pool,5,location,facilities,6.6,145,None,61,None,"(-0.1, 0.1)",None,,,,,,,,,,,,,,1,0,1,0,0,1,1,1,20,0,20,0,528.6733283000067,,,,,,,,,,,,,,,,,,,,,,,,,,,,,,,,,,,,,,,,,,,,,,,,,,,,,,,,,,,,,,,,,,,,,,,,,,,,,,,,,,,,,,,,,,,,528.659966899897,528.6733283000067,528.6733283000067,528.6733283000067,528.8582165999105,None,,,,,,,,,,,,,,,,,,,,,,,P8384,Bar_MIC,11,1,2026-04-09_15h27.42.794,MIC_task,,2026.1.2,60.0367665301919,2026-04-09 15h27.44.539502 +0200,
,,21,0,21,,,,,,,11,l05,medence,pool,5,location,facilities,6.6,145,None,61,None,"(-0.1, 0.1)",None,,,,,,,,,,,,,,1,0,1,0,0,1,1,1,21,0,21,0,528.8736850999994,,,,,,,,,,,,,,,,,,,,,,,,,,,,,,,,,,,,,,,,,,,,,,,,,,,,,,,,,,,,,,,,,,,,,,,,,,,,,,,,,,,,,,,,,,,,528.8616617999505,528.8736850999994,528.8736850999994,528.8736850999994,529.0573990999255,None,,,,,,,,,,,,,,,,,,,,,,,P8384,Bar_MIC,11,1,2026-04-09_15h27.42.794,MIC_task,,2026.1.2,60.0367665301919,2026-04-09 15h27.44.539502 +0200,
,,22,0,22,,,,,,,11,l05,medence,pool,5,location,facilities,6.6,145,None,61,None,"(-0.1, 0.1)",None,,,,,,,,,,,,,,1,0,1,0,0,1,1,1,22,0,22,0,529.0740849999711,,,,,,,,,,,,,,,,,,,,,,,,,,,,,,,,,,,,,,,,,,,,,,,,,,,,,,,,,,,,,,,,,,,,,,,,,,,,,,,,,,,,,,,,,,,,529.0606961000012,529.0740849999711,529.0740849999711,529.0740849999711,529.2578584000003,None,,,,,,,,,,,,,,,,,,,,,,,P8384,Bar_MIC,11,1,2026-04-09_15h27.42.794,MIC_task,,2026.1.2,60.0367665301919,2026-04-09 15h27.44.539502 +0200,
,,23,0,23,,,,,,,11,l05,medence,pool,5,location,facilities,6.6,145,None,61,None,"(-0.1, 0.1)",None,,,,,,,,,,,,,,1,0,1,0,0,1,1,1,23,0,23,0,529.2744425999699,,,,,,,,,,,,,,,,,,,,,,,,,,,,,,,,,,,,,,,,,,,,,,,,,,,,,,,,,,,,,,,,,,,,,,,,,,,,,,,,,,,,,,,,,,,,529.2611185999122,529.2744425999699,529.2744425999699,529.2744425999699,529.4582352999132,None,,,,,,,,,,,,,,,,,,,,,,,P8384,Bar_MIC,11,1,2026-04-09_15h27.42.794,MIC_task,,2026.1.2,60.0367665301919,2026-04-09 15h27.44.539502 +0200,
,,24,0,24,,,,,,,11,l05,medence,pool,5,location,facilities,6.6,145,None,61,None,"(-0.1, 0.1)",None,,,,,,,,,,,,,,1,0,1,0,0,1,1,1,24,0,24,0,529.4748861999251,,,,,,,,,,,,,,,,,,,,,,,,,,,,,,,,,,,,,,,,,,,,,,,,,,,,,,,,,,,,,,,,,,,,,,,,,,,,,,,,,,,,,,,,,,,,529.4617072999245,529.4748861999251,529.4748861999251,529.4748861999251,529.6587019999279,None,,,,,,,,,,,,,,,,,,,,,,,P8384,Bar_MIC,11,1,2026-04-09_15h27.42.794,MIC_task,,2026.1.2,60.0367665301919,2026-04-09 15h27.44.539502 +0200,
,,25,0,25,,,,,,,11,l05,medence,pool,5,location,facilities,6.6,145,None,61,None,"(-0.1, 0.1)",None,,,,,,,,,,,,,,1,0,1,0,0,1,1,1,25,0,25,0,529.6752186999656,,,,,,,,,,,,,,,,,,,,,,,,,,,,,,,,,,,,,,,,,,,,,,,,,,,,,,,,,,,,,,,,,,,,,,,,,,,,,,,,,,,,,,,,,,,,529.6619342999766,529.6752186999656,529.6752186999656,529.6752186999656,529.8592389998958,None,,,,,,,,,,,,,,,,,,,,,,,P8384,Bar_MIC,11,1,2026-04-09_15h27.42.794,MIC_task,,2026.1.2,60.0367665301919,2026-04-09 15h27.44.539502 +0200,
,,26,0,26,,,,,,,11,l05,medence,pool,5,location,facilities,6.6,145,None,61,None,"(-0.1, 0.1)",None,,,,,,,,,,,,,,1,0,1,0,0,1,1,1,26,0,26,0,529.8755051000044,,,,,,,,,,,,,,,,,,,,,,,,,,,,,,,,,,,,,,,,,,,,,,,,,,,,,,,,,,,,,,,,,,,,,,,,,,,,,,,,,,,,,,,,,,,,529.8623531999765,529.8755051000044,529.8755051000044,529.8755051000044,530.0595348000061,None,,,,,,,,,,,,,,,,,,,,,,,P8384,Bar_MIC,11,1,2026-04-09_15h27.42.794,MIC_task,,2026.1.2,60.0367665301919,2026-04-09 15h27.44.539502 +0200,
,,27,0,27,,,,,,,11,l05,medence,pool,5,location,facilities,6.6,145,None,61,None,"(-0.1, 0.1)",None,,,,,,,,,,,,,,1,0,1,0,0,1,1,1,27,0,27,0,530.0758491999004,,,,,,,,,,,,,,,,,,,,,,,,,,,,,,,,,,,,,,,,,,,,,,,,,,,,,,,,,,,,,,,,,,,,,,,,,,,,,,,,,,,,,,,,,,,,530.0626087998971,530.0758491999004,530.0758491999004,530.0758491999004,530.2601868999191,None,,,,,,,,,,,,,,,,,,,,,,,P8384,Bar_MIC,11,1,2026-04-09_15h27.42.794,MIC_task,,2026.1.2,60.0367665301919,2026-04-09 15h27.44.539502 +0200,
,,28,0,28,,,,,,,11,l05,medence,pool,5,location,facilities,6.6,145,None,61,None,"(-0.1, 0.1)",None,,,,,,,,,,,,,,1,0,1,0,0,1,1,1,28,0,28,0,530.2762100999244,,,,,,,,,,,,,,,,,,,,,,,,,,,,,,,,,,,,,,,,,,,,,,,,,,,,,,,,,,,,,,,,,,,,,,,,,,,,,,,,,,,,,,,,,,,,530.263533799909,530.2762100999244,530.2762100999244,530.2762100999244,530.4602859999286,None,,,,,,,,,,,,,,,,,,,,,,,P8384,Bar_MIC,11,1,2026-04-09_15h27.42.794,MIC_task,,2026.1.2,60.0367665301919,2026-04-09 15h27.44.539502 +0200,
,,29,0,29,,,,,,,11,l05,medence,pool,5,location,facilities,6.6,145,None,61,None,"(-0.1, 0.1)",space,None,None,,,,,,,,,,,,1,0,1,0,0,1,1,1,29,0,29,0,530.4767073999392,,,,,,,,,,,,,,,,,,,,,,,,,,,,,,,,,,,,,,,,,,,,,,,,,,,,,,,,,,,,,,,,,,,,,,,,,,,,,,,,,,,,,,,,,,,,530.4633176999632,530.4767073999392,530.4767073999392,530.4767073999392,530.5943107999628,space,None,None,,,,,,,,,,,,,,,,,,,,,P8384,Bar_MIC,11,1,2026-04-09_15h27.42.794,MIC_task,,2026.1.2,60.0367665301919,2026-04-09 15h27.44.539502 +0200,
,,1,1,0,,,,space,0.3556305000092834,None,11,l05,medence,pool,5,location,facilities,6.6,145,None,61,None,"(-0.1, 0.1)",,,,,,,,,,,,,,,1,0,1,0,0,1,1,1,,,,,,,,,,,,,,,,,,,,,,,,,,,,,,,,,,,,,,,,,,,,,,,,,,,,,,,,,,,,,,,,,,,,,,,,,,,,,,,,,530.6574757999042,530.663332899916,530.6600374665732,532.5963540999219,,,,,,534.5993447999936,534.6161936999997,534.6161936999997,534.9839637998957,,,,,,,,,,,,532.6290524000069,532.633661699947,532.6295836332797,534.5161366999382,534.599300300004,space,0.3556305000092834,None,,,,,,,,,,,,,P8384,Bar_MIC,11,1,2026-04-09_15h27.42.794,MIC_task,,2026.1.2,60.0367665301919,2026-04-09 15h27.44.539502 +0200,
,,0,0,0,,,,,,,11,v10,bicikli,bicycle,10,vehicles,wheels,7,None,None,57,19,"(0, 0.1)",None,,,,,,,,,,,,,,1,0,1,0,0,2,2,2,0,0,0,0,535.0000796999084,,,,,,,,,,,,,,,,,,,,,,,,,,,,,,,,,,,,,,,,,,,,,,,,,,,,,,,,,,,,,,,,,,,,,,,,,,,,,,,,,,,,,,,,,,,,534.9867937999079,535.0000796999084,535.0000796999084,535.0000796999084,535.1842456999002,None,,,,,,,,,,,535.2003071999643,535.2003071999643,535.2003071999643,,,,,,,,,,P8384,Bar_MIC,11,1,2026-04-09_15h27.42.794,MIC_task,,2026.1.2,60.0367665301919,2026-04-09 15h27.44.539502 +0200,
,,0,0,0,,,,,,,11,v10,bicikli,bicycle,10,vehicles,wheels,7,None,None,57,19,"(0, 0.1)",None,,,,,,,,,,,,,,1,0,1,0,0,2,2,2,0,0,0,0,535.2003071999643,,,,,,,,,,,,,,,,,,,,,,,,,,,,,,,,,,,,,,,,,,,,,,,,,,,,,,,,,,,,,,,,,,,,,,,,,,,,,,,,,,,,,,,,,,,,535.1873020000057,535.2003071999643,535.2003071999643,535.2003071999643,535.3842874999391,None,,,,,,,,,,,,,,,,,,,,,,,P8384,Bar_MIC,11,1,2026-04-09_15h27.42.794,MIC_task,,2026.1.2,60.0367665301919,2026-04-09 15h27.44.539502 +0200,
,,1,0,1,,,,,,,11,v10,bicikli,bicycle,10,vehicles,wheels,7,None,None,57,19,"(0, 0.1)",None,,,,,,,,,,,,,,1,0,1,0,0,2,2,2,1,0,1,0,535.4006596999243,,,,,,,,,,,,,,,,,,,,,,,,,,,,,,,,,,,,,,,,,,,,,,,,,,,,,,,,,,,,,,,,,,,,,,,,,,,,,,,,,,,,,,,,,,,,535.3875202999916,535.4006596999243,535.4006596999243,535.4006596999243,535.5846284999279,None,,,,,,,,,,,,,,,,,,,,,,,P8384,Bar_MIC,11,1,2026-04-09_15h27.42.794,MIC_task,,2026.1.2,60.0367665301919,2026-04-09 15h27.44.539502 +0200,
,,2,0,2,,,,,,,11,v10,bicikli,bicycle,10,vehicles,wheels,7,None,None,57,19,"(0, 0.1)",None,,,,,,,,,,,,,,1,0,1,0,0,2,2,2,2,0,2,0,535.6010821999516,,,,,,,,,,,,,,,,,,,,,,,,,,,,,,,,,,,,,,,,,,,,,,,,,,,,,,,,,,,,,,,,,,,,,,,,,,,,,,,,,,,,,,,,,,,,535.5877569000004,535.6010821999516,535.6010821999516,535.6010821999516,535.7850186999422,None,,,,,,,,,,,,,,,,,,,,,,,P8384,Bar_MIC,11,1,2026-04-09_15h27.42.794,MIC_task,,2026.1.2,60.0367665301919,2026-04-09 15h27.44.539502 +0200,
,,3,0,3,,,,,,,11,v10,bicikli,bicycle,10,vehicles,wheels,7,None,None,57,19,"(0, 0.1)",None,,,,,,,,,,,,,,1,0,1,0,0,2,2,2,3,0,3,0,535.8014626000077,,,,,,,,,,,,,,,,,,,,,,,,,,,,,,,,,,,,,,,,,,,,,,,,,,,,,,,,,,,,,,,,,,,,,,,,,,,,,,,,,,,,,,,,,,,,535.7884745999472,535.8014626000077,535.8014626000077,535.8014626000077,535.9854278999846,None,,,,,,,,,,,,,,,,,,,,,,,P8384,Bar_MIC,11,1,2026-04-09_15h27.42.794,MIC_task,,2026.1.2,60.0367665301919,2026-04-09 15h27.44.539502 +0200,
,,4,0,4,,,,,,,11,v10,bicikli,bicycle,10,vehicles,wheels,7,None,None,57,19,"(0, 0.1)",None,,,,,,,,,,,,,,1,0,1,0,0,2,2,2,4,0,4,0,536.0018340999959,,,,,,,,,,,,,,,,,,,,,,,,,,,,,,,,,,,,,,,,,,,,,,,,,,,,,,,,,,,,,,,,,,,,,,,,,,,,,,,,,,,,,,,,,,,,535.9882214999525,536.0018340999959,536.0018340999959,536.0018340999959,536.1859063999727,None,,,,,,,,,,,,,,,,,,,,,,,P8384,Bar_MIC,11,1,2026-04-09_15h27.42.794,MIC_task,,2026.1.2,60.0367665301919,2026-04-09 15h27.44.539502 +0200,
,,5,0,5,,,,,,,11,v10,bicikli,bicycle,10,vehicles,wheels,7,None,None,57,19,"(0, 0.1)",None,,,,,,,,,,,,,,1,0,1,0,0,2,2,2,5,0,5,0,536.2021588999778,,,,,,,,,,,,,,,,,,,,,,,,,,,,,,,,,,,,,,,,,,,,,,,,,,,,,,,,,,,,,,,,,,,,,,,,,,,,,,,,,,,,,,,,,,,,536.188810099964,536.2021588999778,536.2021588999778,536.2021588999778,536.3863041999284,None,,,,,,,,,,,,,,,,,,,,,,,P8384,Bar_MIC,11,1,2026-04-09_15h27.42.794,MIC_task,,2026.1.2,60.0367665301919,2026-04-09 15h27.44.539502 +0200,
,,6,0,6,,,,,,,11,v10,bicikli,bicycle,10,vehicles,wheels,7,None,None,57,19,"(0, 0.1)",None,,,,,,,,,,,,,,1,0,1,0,0,2,2,2,6,0,6,0,536.4017158999341,,,,,,,,,,,,,,,,,,,,,,,,,,,,,,,,,,,,,,,,,,,,,,,,,,,,,,,,,,,,,,,,,,,,,,,,,,,,,,,,,,,,,,,,,,,,536.389458599966,536.4017158999341,536.4017158999341,536.4017158999341,536.5867469999939,None,,,,,,,,,,,,,,,,,,,,,,,P8384,Bar_MIC,11,1,2026-04-09_15h27.42.794,MIC_task,,2026.1.2,60.0367665301919,2026-04-09 15h27.44.539502 +0200,
,,7,0,7,,,,,,,11,v10,bicikli,bicycle,10,vehicles,wheels,7,None,None,57,19,"(0, 0.1)",None,,,,,,,,,,,,,,1,0,1,0,0,2,2,2,7,0,7,0,536.6021598998923,,,,,,,,,,,,,,,,,,,,,,,,,,,,,,,,,,,,,,,,,,,,,,,,,,,,,,,,,,,,,,,,,,,,,,,,,,,,,,,,,,,,,,,,,,,,536.5902466999833,536.6021598998923,536.6021598998923,536.6021598998923,536.7862013999838,None,,,,,,,,,,,,,,,,,,,,,,,P8384,Bar_MIC,11,1,2026-04-09_15h27.42.794,MIC_task,,2026.1.2,60.0367665301919,2026-04-09 15h27.44.539502 +0200,
,,8,0,8,,,,,,,11,v10,bicikli,bicycle,10,vehicles,wheels,7,None,None,57,19,"(0, 0.1)",None,,,,,,,,,,,,,,1,0,1,0,0,2,2,2,8,0,8,0,536.8026093998924,,,,,,,,,,,,,,,,,,,,,,,,,,,,,,,,,,,,,,,,,,,,,,,,,,,,,,,,,,,,,,,,,,,,,,,,,,,,,,,,,,,,,,,,,,,,536.7894064999418,536.8026093998924,536.8026093998924,536.8026093998924,536.9864774999442,None,,,,,,,,,,,,,,,,,,,,,,,P8384,Bar_MIC,11,1,2026-04-09_15h27.42.794,MIC_task,,2026.1.2,60.0367665301919,2026-04-09 15h27.44.539502 +0200,
,,9,0,9,,,,,,,11,v10,bicikli,bicycle,10,vehicles,wheels,7,None,None,57,19,"(0, 0.1)",None,,,,,,,,,,,,,,1,0,1,0,0,2,2,2,9,0,9,0,537.0030137998983,,,,,,,,,,,,,,,,,,,,,,,,,,,,,,,,,,,,,,,,,,,,,,,,,,,,,,,,,,,,,,,,,,,,,,,,,,,,,,,,,,,,,,,,,,,,536.9898793000029,537.0030137998983,537.0030137998983,537.0030137998983,537.186650199932,None,,,,,,,,,,,,,,,,,,,,,,,P8384,Bar_MIC,11,1,2026-04-09_15h27.42.794,MIC_task,,2026.1.2,60.0367665301919,2026-04-09 15h27.44.539502 +0200,
,,10,0,10,,,,,,,11,v10,bicikli,bicycle,10,vehicles,wheels,7,None,None,57,19,"(0, 0.1)",None,,,,,,,,,,,,,,1,0,1,0,0,2,2,2,10,0,10,0,537.2033502999693,,,,,,,,,,,,,,,,,,,,,,,,,,,,,,,,,,,,,,,,,,,,,,,,,,,,,,,,,,,,,,,,,,,,,,,,,,,,,,,,,,,,,,,,,,,,537.1894217999652,537.2033502999693,537.2033502999693,537.2033502999693,537.3871594999218,None,,,,,,,,,,,,,,,,,,,,,,,P8384,Bar_MIC,11,1,2026-04-09_15h27.42.794,MIC_task,,2026.1.2,60.0367665301919,2026-04-09 15h27.44.539502 +0200,
,,11,0,11,,,,,,,11,v10,bicikli,bicycle,10,vehicles,wheels,7,None,None,57,19,"(0, 0.1)",None,,,,,,,,,,,,,,1,0,1,0,0,2,2,2,11,0,11,0,537.4036998999072,,,,,,,,,,,,,,,,,,,,,,,,,,,,,,,,,,,,,,,,,,,,,,,,,,,,,,,,,,,,,,,,,,,,,,,,,,,,,,,,,,,,,,,,,,,,537.3905063999118,537.4036998999072,537.4036998999072,537.4036998999072,537.5875562999863,None,,,,,,,,,,,,,,,,,,,,,,,P8384,Bar_MIC,11,1,2026-04-09_15h27.42.794,MIC_task,,2026.1.2,60.0367665301919,2026-04-09 15h27.44.539502 +0200,
,,12,0,12,,,,,,,11,v10,bicikli,bicycle,10,vehicles,wheels,7,None,None,57,19,"(0, 0.1)",None,,,,,,,,,,,,,,1,0,1,0,0,2,2,2,12,0,12,0,537.6041397999506,,,,,,,,,,,,,,,,,,,,,,,,,,,,,,,,,,,,,,,,,,,,,,,,,,,,,,,,,,,,,,,,,,,,,,,,,,,,,,,,,,,,,,,,,,,,537.5908334999112,537.6041397999506,537.6041397999506,537.6041397999506,537.7880970999831,None,,,,,,,,,,,,,,,,,,,,,,,P8384,Bar_MIC,11,1,2026-04-09_15h27.42.794,MIC_task,,2026.1.2,60.0367665301919,2026-04-09 15h27.44.539502 +0200,
,,13,0,13,,,,,,,11,v10,bicikli,bicycle,10,vehicles,wheels,7,None,None,57,19,"(0, 0.1)",None,,,,,,,,,,,,,,1,0,1,0,0,2,2,2,13,0,13,0,537.8044116999954,,,,,,,,,,,,,,,,,,,,,,,,,,,,,,,,,,,,,,,,,,,,,,,,,,,,,,,,,,,,,,,,,,,,,,,,,,,,,,,,,,,,,,,,,,,,537.7913556999993,537.8044116999954,537.8044116999954,537.8044116999954,537.9884644999402,None,,,,,,,,,,,,,,,,,,,,,,,P8384,Bar_MIC,11,1,2026-04-09_15h27.42.794,MIC_task,,2026.1.2,60.0367665301919,2026-04-09 15h27.44.539502 +0200,
,,14,0,14,,,,,,,11,v10,bicikli,bicycle,10,vehicles,wheels,7,None,None,57,19,"(0, 0.1)",None,,,,,,,,,,,,,,1,0,1,0,0,2,2,2,14,0,14,0,538.0047580999089,,,,,,,,,,,,,,,,,,,,,,,,,,,,,,,,,,,,,,,,,,,,,,,,,,,,,,,,,,,,,,,,,,,,,,,,,,,,,,,,,,,,,,,,,,,,537.9917974999407,538.0047580999089,538.0047580999089,538.0047580999089,538.1888328999048,None,,,,,,,,,,,,,,,,,,,,,,,P8384,Bar_MIC,11,1,2026-04-09_15h27.42.794,MIC_task,,2026.1.2,60.0367665301919,2026-04-09 15h27.44.539502 +0200,
,,15,0,15,,,,,,,11,v10,bicikli,bicycle,10,vehicles,wheels,7,None,None,57,19,"(0, 0.1)",None,,,,,,,,,,,,,,1,0,1,0,0,2,2,2,15,0,15,0,538.2051631999202,,,,,,,,,,,,,,,,,,,,,,,,,,,,,,,,,,,,,,,,,,,,,,,,,,,,,,,,,,,,,,,,,,,,,,,,,,,,,,,,,,,,,,,,,,,,538.1918396999827,538.2051631999202,538.2051631999202,538.2051631999202,538.3892807998927,None,,,,,,,,,,,,,,,,,,,,,,,P8384,Bar_MIC,11,1,2026-04-09_15h27.42.794,MIC_task,,2026.1.2,60.0367665301919,2026-04-09 15h27.44.539502 +0200,
,,16,0,16,,,,,,,11,v10,bicikli,bicycle,10,vehicles,wheels,7,None,None,57,19,"(0, 0.1)",None,,,,,,,,,,,,,,1,0,1,0,0,2,2,2,16,0,16,0,538.4047302999534,,,,,,,,,,,,,,,,,,,,,,,,,,,,,,,,,,,,,,,,,,,,,,,,,,,,,,,,,,,,,,,,,,,,,,,,,,,,,,,,,,,,,,,,,,,,538.3924403999699,538.4047302999534,538.4047302999534,538.4047302999534,538.5898097999161,None,,,,,,,,,,,,,,,,,,,,,,,P8384,Bar_MIC,11,1,2026-04-09_15h27.42.794,MIC_task,,2026.1.2,60.0367665301919,2026-04-09 15h27.44.539502 +0200,
,,17,0,17,,,,,,,11,v10,bicikli,bicycle,10,vehicles,wheels,7,None,None,57,19,"(0, 0.1)",None,,,,,,,,,,,,,,1,0,1,0,0,2,2,2,17,0,17,0,538.6051159999333,,,,,,,,,,,,,,,,,,,,,,,,,,,,,,,,,,,,,,,,,,,,,,,,,,,,,,,,,,,,,,,,,,,,,,,,,,,,,,,,,,,,,,,,,,,,538.5931534999982,538.6051159999333,538.6051159999333,538.6051159999333,538.790037299972,None,,,,,,,,,,,,,,,,,,,,,,,P8384,Bar_MIC,11,1,2026-04-09_15h27.42.794,MIC_task,,2026.1.2,60.0367665301919,2026-04-09 15h27.44.539502 +0200,
,,18,0,18,,,,,,,11,v10,bicikli,bicycle,10,vehicles,wheels,7,None,None,57,19,"(0, 0.1)",None,,,,,,,,,,,,,,1,0,1,0,0,2,2,2,18,0,18,0,538.805501399911,,,,,,,,,,,,,,,,,,,,,,,,,,,,,,,,,,,,,,,,,,,,,,,,,,,,,,,,,,,,,,,,,,,,,,,,,,,,,,,,,,,,,,,,,,,,538.7935160999186,538.805501399911,538.805501399911,538.805501399911,538.990458299988,None,,,,,,,,,,,,,,,,,,,,,,,P8384,Bar_MIC,11,1,2026-04-09_15h27.42.794,MIC_task,,2026.1.2,60.0367665301919,2026-04-09 15h27.44.539502 +0200,
,,19,0,19,,,,,,,11,v10,bicikli,bicycle,10,vehicles,wheels,7,None,None,57,19,"(0, 0.1)",space,0.0661559000145644,None,,,,,,,,,,,,1,0,1,0,0,2,2,2,19,0,19,0,539.0059262999566,,,,,,,,,,,,,,,,,,,,,,,,,,,,,,,,,,,,,,,,,,,,,,,,,,,,,,,,,,,,,,,,,,,,,,,,,,,,,,,,,,,,,,,,,,,,538.9938453999348,539.0059262999566,539.0059262999566,539.0059262999566,539.0742274000077,space,0.0661559000145644,None,,,,,,,,,,,,,,,,,,,,,P8384,Bar_MIC,11,1,2026-04-09_15h27.42.794,MIC_task,,2026.1.2,60.0367665301919,2026-04-09 15h27.44.539502 +0200,
,,2,2,0,,,,space,0.3091511999955401,None,11,v10,bicikli,bicycle,10,vehicles,wheels,7,None,None,57,19,"(0, 0.1)",,,,,,,,,,,,,,,1,0,1,0,0,2,2,2,,,,,,,,,,,,,,,,,,,,,,,,,,,,,,,,,,,,,,,,,,,,,,,,,,,,,,,,,,,,,,,,,,,,,,,,,,,,,,,,,539.1360267999116,539.1415792999323,539.1399303666703,541.0767729999498,,,,,,543.0791410999373,543.0959309999598,543.0959309999598,543.4134031999856,,,,,,,,,,,,541.1105674999999,541.1160622999305,541.1266441999003,543.0129901999608,543.0790860999841,space,0.3091511999955401,None,,,,,,,,,,,,,P8384,Bar_MIC,11,1,2026-04-09_15h27.42.794,MIC_task,,2026.1.2,60.0367665301919,2026-04-09 15h27.44.539502 +0200,
,,0,0,0,,,,,,,11,b13,agy,brain,2,bodypart,organ,5.6,337,None,69,None,"(0, 0)",None,,,,,,,,,,,,,,1,0,1,0,0,3,3,3,0,0,0,0,543.4293929999694,,,,,,,,,,,,,,,,,,,,,,,,,,,,,,,,,,,,,,,,,,,,,,,,,,,,,,,,,,,,,,,,,,,,,,,,,,,,,,,,,,,,,,,,,,,,543.4167101999046,543.4293929999694,543.4293929999694,543.4293929999694,543.6136215999722,None,,,,,,,,,,,543.6297477999469,543.6297477999469,543.6297477999469,,,,,,,,,,P8384,Bar_MIC,11,1,2026-04-09_15h27.42.794,MIC_task,,2026.1.2,60.0367665301919,2026-04-09 15h27.44.539502 +0200,
,,0,0,0,,,,,,,11,b13,agy,brain,2,bodypart,organ,5.6,337,None,69,None,"(0, 0)",None,,,,,,,,,,,,,,1,0,1,0,0,3,3,3,0,0,0,0,543.6297477999469,,,,,,,,,,,,,,,,,,,,,,,,,,,,,,,,,,,,,,,,,,,,,,,,,,,,,,,,,,,,,,,,,,,,,,,,,,,,,,,,,,,,,,,,,,,,543.6168990998995,543.6297477999469,543.6297477999469,543.6297477999469,543.8136456999928,None,,,,,,,,,,,,,,,,,,,,,,,P8384,Bar_MIC,11,1,2026-04-09_15h27.42.794,MIC_task,,2026.1.2,60.0367665301919,2026-04-09 15h27.44.539502 +0200,
,,1,0,1,,,,,,,11,b13,agy,brain,2,bodypart,organ,5.6,337,None,69,None,"(0, 0)",None,,,,,,,,,,,,,,1,0,1,0,0,3,3,3,1,0,1,0,543.8301586000016,,,,,,,,,,,,,,,,,,,,,,,,,,,,,,,,,,,,,,,,,,,,,,,,,,,,,,,,,,,,,,,,,,,,,,,,,,,,,,,,,,,,,,,,,,,,543.8169593999628,543.8301586000016,543.8301586000016,543.8301586000016,544.0140583999455,None,,,,,,,,,,,,,,,,,,,,,,,P8384,Bar_MIC,11,1,2026-04-09_15h27.42.794,MIC_task,,2026.1.2,60.0367665301919,2026-04-09 15h27.44.539502 +0200,
,,2,0,2,,,,,,,11,b13,agy,brain,2,bodypart,organ,5.6,337,None,69,None,"(0, 0)",None,,,,,,,,,,,,,,1,0,1,0,0,3,3,3,2,0,2,0,544.030497699976,,,,,,,,,,,,,,,,,,,,,,,,,,,,,,,,,,,,,,,,,,,,,,,,,,,,,,,,,,,,,,,,,,,,,,,,,,,,,,,,,,,,,,,,,,,,544.0175198999932,544.030497699976,544.030497699976,544.030497699976,544.2144559998997,None,,,,,,,,,,,,,,,,,,,,,,,P8384,Bar_MIC,11,1,2026-04-09_15h27.42.794,MIC_task,,2026.1.2,60.0367665301919,2026-04-09 15h27.44.539502 +0200,
,,3,0,3,,,,,,,11,b13,agy,brain,2,bodypart,organ,5.6,337,None,69,None,"(0, 0)",None,,,,,,,,,,,,,,1,0,1,0,0,3,3,3,3,0,3,0,544.230825799983,,,,,,,,,,,,,,,,,,,,,,,,,,,,,,,,,,,,,,,,,,,,,,,,,,,,,,,,,,,,,,,,,,,,,,,,,,,,,,,,,,,,,,,,,,,,544.2175965999486,544.230825799983,544.230825799983,544.230825799983,544.4149579999503,None,,,,,,,,,,,,,,,,,,,,,,,P8384,Bar_MIC,11,1,2026-04-09_15h27.42.794,MIC_task,,2026.1.2,60.0367665301919,2026-04-09 15h27.44.539502 +0200,
,,4,0,4,,,,,,,11,b13,agy,brain,2,bodypart,organ,5.6,337,None,69,None,"(0, 0)",None,,,,,,,,,,,,,,1,0,1,0,0,3,3,3,4,0,4,0,544.4312533999328,,,,,,,,,,,,,,,,,,,,,,,,,,,,,,,,,,,,,,,,,,,,,,,,,,,,,,,,,,,,,,,,,,,,,,,,,,,,,,,,,,,,,,,,,,,,544.4183384999633,544.4312533999328,544.4312533999328,544.4312533999328,544.6152336999075,None,,,,,,,,,,,,,,,,,,,,,,,P8384,Bar_MIC,11,1,2026-04-09_15h27.42.794,MIC_task,,2026.1.2,60.0367665301919,2026-04-09 15h27.44.539502 +0200,
,,5,0,5,,,,,,,11,b13,agy,brain,2,bodypart,organ,5.6,337,None,69,None,"(0, 0)",None,,,,,,,,,,,,,,1,0,1,0,0,3,3,3,5,0,5,0,544.6316131999483,,,,,,,,,,,,,,,,,,,,,,,,,,,,,,,,,,,,,,,,,,,,,,,,,,,,,,,,,,,,,,,,,,,,,,,,,,,,,,,,,,,,,,,,,,,,544.6185856999364,544.6316131999483,544.6316131999483,544.6316131999483,544.8156689999159,None,,,,,,,,,,,,,,,,,,,,,,,P8384,Bar_MIC,11,1,2026-04-09_15h27.42.794,MIC_task,,2026.1.2,60.0367665301919,2026-04-09 15h27.44.539502 +0200,
,,6,0,6,,,,,,,11,b13,agy,brain,2,bodypart,organ,5.6,337,None,69,None,"(0, 0)",None,,,,,,,,,,,,,,1,0,1,0,0,3,3,3,6,0,6,0,544.8320707998937,,,,,,,,,,,,,,,,,,,,,,,,,,,,,,,,,,,,,,,,,,,,,,,,,,,,,,,,,,,,,,,,,,,,,,,,,,,,,,,,,,,,,,,,,,,,544.8189261999214,544.8320707998937,544.8320707998937,544.8320707998937,545.0160715999082,None,,,,,,,,,,,,,,,,,,,,,,,P8384,Bar_MIC,11,1,2026-04-09_15h27.42.794,MIC_task,,2026.1.2,60.0367665301919,2026-04-09 15h27.44.539502 +0200,
,,7,0,7,,,,,,,11,b13,agy,brain,2,bodypart,organ,5.6,337,None,69,None,"(0, 0)",space,0.11602099996525794,None,,,,,,,,,,,,1,0,1,0,0,3,3,3,7,0,7,0,545.0315323999384,,,,,,,,,,,,,,,,,,,,,,,,,,,,,,,,,,,,,,,,,,,,,,,,,,,,,,,,,,,,,,,,,,,,,,,,,,,,,,,,,,,,,,,,,,,,545.0193379999837,545.0315323999384,545.0315323999384,545.0315323999384,545.1500565999886,space,0.11602099996525794,None,,,,,,,,,,,,,,,,,,,,,P8384,Bar_MIC,11,1,2026-04-09_15h27.42.794,MIC_task,,2026.1.2,60.0367665301919,2026-04-09 15h27.44.539502 +0200,
,,3,3,0,,,,space,0.7118584000272676,None,11,b13,agy,brain,2,bodypart,organ,5.6,337,None,69,None,"(0, 0)",,,,,,,,,,,,,,,1,0,1,0,0,3,3,3,,,,,,,,,,,,,,,,,,,,,,,,,,,,,,,,,,,,,,,,,,,,,,,,,,,,,,,,,,,,,,,,,,,,,,,,,,,,,,,,,545.212282499997,545.2177757999161,545.2158568665773,547.1520916000009,,,,,,549.1551656998927,549.172353599919,549.172353599919,549.8911045999266,,,,,,,,,,,,547.1832016999833,547.1880834999029,547.1852533333081,549.0889472999843,549.155110099935,space,0.7118584000272676,None,,,,,,,,,,,,,P8384,Bar_MIC,11,1,2026-04-09_15h27.42.794,MIC_task,,2026.1.2,60.0367665301919,2026-04-09 15h27.44.539502 +0200,
,,0,0,0,,,,,,,11,f08,sajt,cheese,4,food,dairy,7,10486,21,51,None,"(-0.1, 0)",None,,,,,,,,,,,,,,1,0,1,0,0,4,4,4,0,0,0,0,549.9061063999543,,,,,,,,,,,,,,,,,,,,,,,,,,,,,,,,,,,,,,,,,,,,,,,,,,,,,,,,,,,,,,,,,,,,,,,,,,,,,,,,,,,,,,,,,,,,549.8942269999534,549.9061063999543,549.9061063999543,549.9061063999543,550.0903588999063,None,,,,,,,,,,,550.1065915999934,550.1065915999934,550.1065915999934,,,,,,,,,,P8384,Bar_MIC,11,1,2026-04-09_15h27.42.794,MIC_task,,2026.1.2,60.0367665301919,2026-04-09 15h27.44.539502 +0200,
,,0,0,0,,,,,,,11,f08,sajt,cheese,4,food,dairy,7,10486,21,51,None,"(-0.1, 0)",None,,,,,,,,,,,,,,1,0,1,0,0,4,4,4,0,0,0,0,550.1065915999934,,,,,,,,,,,,,,,,,,,,,,,,,,,,,,,,,,,,,,,,,,,,,,,,,,,,,,,,,,,,,,,,,,,,,,,,,,,,,,,,,,,,,,,,,,,,550.0931699000066,550.1065915999934,550.1065915999934,550.1065915999934,550.2908395999111,None,,,,,,,,,,,550.3068454999011,550.3068454999011,550.3068454999011,,,,,,,,,,P8384,Bar_MIC,11,1,2026-04-09_15h27.42.794,MIC_task,,2026.1.2,60.0367665301919,2026-04-09 15h27.44.539502 +0200,
,,1,0,1,,,,,,,11,f08,sajt,cheese,4,food,dairy,7,10486,21,51,None,"(-0.1, 0)",None,,,,,,,,,,,,,,1,0,1,0,0,4,4,4,1,0,1,0,550.3068454999011,,,,,,,,,,,,,,,,,,,,,,,,,,,,,,,,,,,,,,,,,,,,,,,,,,,,,,,,,,,,,,,,,,,,,,,,,,,,,,,,,,,,,,,,,,,,550.293632099987,550.3068454999011,550.3068454999011,550.3068454999011,550.4914174999576,None,,,,,,,,,,,550.5071224999847,550.5071224999847,550.5071224999847,,,,,,,,,,P8384,Bar_MIC,11,1,2026-04-09_15h27.42.794,MIC_task,,2026.1.2,60.0367665301919,2026-04-09 15h27.44.539502 +0200,
,,2,0,2,,,,,,,11,f08,sajt,cheese,4,food,dairy,7,10486,21,51,None,"(-0.1, 0)",None,,,,,,,,,,,,,,1,0,1,0,0,4,4,4,2,0,2,0,550.5071224999847,,,,,,,,,,,,,,,,,,,,,,,,,,,,,,,,,,,,,,,,,,,,,,,,,,,,,,,,,,,,,,,,,,,,,,,,,,,,,,,,,,,,,,,,,,,,550.4943109999876,550.5071224999847,550.5071224999847,550.5071224999847,550.6913992000045,None,,,,,,,,,,,,,,,,,,,,,,,P8384,Bar_MIC,11,1,2026-04-09_15h27.42.794,MIC_task,,2026.1.2,60.0367665301919,2026-04-09 15h27.44.539502 +0200,
,,3,0,3,,,,,,,11,f08,sajt,cheese,4,food,dairy,7,10486,21,51,None,"(-0.1, 0)",None,,,,,,,,,,,,,,1,0,1,0,0,4,4,4,3,0,3,0,550.7067450999748,,,,,,,,,,,,,,,,,,,,,,,,,,,,,,,,,,,,,,,,,,,,,,,,,,,,,,,,,,,,,,,,,,,,,,,,,,,,,,,,,,,,,,,,,,,,550.6945503999013,550.7067450999748,550.7067450999748,550.7067450999748,550.8917158999247,None,,,,,,,,,,,,,,,,,,,,,,,P8384,Bar_MIC,11,1,2026-04-09_15h27.42.794,MIC_task,,2026.1.2,60.0367665301919,2026-04-09 15h27.44.539502 +0200,
,,4,0,4,,,,,,,11,f08,sajt,cheese,4,food,dairy,7,10486,21,51,None,"(-0.1, 0)",None,,,,,,,,,,,,,,1,0,1,0,0,4,4,4,4,0,4,0,550.9079154999927,,,,,,,,,,,,,,,,,,,,,,,,,,,,,,,,,,,,,,,,,,,,,,,,,,,,,,,,,,,,,,,,,,,,,,,,,,,,,,,,,,,,,,,,,,,,550.8951320999768,550.9079154999927,550.9079154999927,550.9079154999927,551.0919947999064,None,,,,,,,,,,,,,,,,,,,,,,,P8384,Bar_MIC,11,1,2026-04-09_15h27.42.794,MIC_task,,2026.1.2,60.0367665301919,2026-04-09 15h27.44.539502 +0200,
,,5,0,5,,,,,,,11,f08,sajt,cheese,4,food,dairy,7,10486,21,51,None,"(-0.1, 0)",None,,,,,,,,,,,,,,1,0,1,0,0,4,4,4,5,0,5,0,551.1082916999003,,,,,,,,,,,,,,,,,,,,,,,,,,,,,,,,,,,,,,,,,,,,,,,,,,,,,,,,,,,,,,,,,,,,,,,,,,,,,,,,,,,,,,,,,,,,551.0952178000007,551.1082916999003,551.1082916999003,551.1082916999003,551.2923938999884,None,,,,,,,,,,,,,,,,,,,,,,,P8384,Bar_MIC,11,1,2026-04-09_15h27.42.794,MIC_task,,2026.1.2,60.0367665301919,2026-04-09 15h27.44.539502 +0200,
,,6,0,6,,,,,,,11,f08,sajt,cheese,4,food,dairy,7,10486,21,51,None,"(-0.1, 0)",None,,,,,,,,,,,,,,1,0,1,0,0,4,4,4,6,0,6,0,551.3079510999378,,,,,,,,,,,,,,,,,,,,,,,,,,,,,,,,,,,,,,,,,,,,,,,,,,,,,,,,,,,,,,,,,,,,,,,,,,,,,,,,,,,,,,,,,,,,551.295787399984,551.3079510999378,551.3079510999378,551.3079510999378,551.4929831000045,None,,,,,,,,,,,,,,,,,,,,,,,P8384,Bar_MIC,11,1,2026-04-09_15h27.42.794,MIC_task,,2026.1.2,60.0367665301919,2026-04-09 15h27.44.539502 +0200,
,,7,0,7,,,,,,,11,f08,sajt,cheese,4,food,dairy,7,10486,21,51,None,"(-0.1, 0)",None,,,,,,,,,,,,,,1,0,1,0,0,4,4,4,7,0,7,0,551.5082842999836,,,,,,,,,,,,,,,,,,,,,,,,,,,,,,,,,,,,,,,,,,,,,,,,,,,,,,,,,,,,,,,,,,,,,,,,,,,,,,,,,,,,,,,,,,,,551.4957940999884,551.5082842999836,551.5082842999836,551.5082842999836,551.6921363999136,None,,,,,,,,,,,,,,,,,,,,,,,P8384,Bar_MIC,11,1,2026-04-09_15h27.42.794,MIC_task,,2026.1.2,60.0367665301919,2026-04-09 15h27.44.539502 +0200,
,,8,0,8,,,,,,,11,f08,sajt,cheese,4,food,dairy,7,10486,21,51,None,"(-0.1, 0)",None,,,,,,,,,,,,,,1,0,1,0,0,4,4,4,8,0,8,0,551.7087554999162,,,,,,,,,,,,,,,,,,,,,,,,,,,,,,,,,,,,,,,,,,,,,,,,,,,,,,,,,,,,,,,,,,,,,,,,,,,,,,,,,,,,,,,,,,,,551.6953969999449,551.7087554999162,551.7087554999162,551.7087554999162,551.8937118999893,None,,,,,,,,,,,,,,,,,,,,,,,P8384,Bar_MIC,11,1,2026-04-09_15h27.42.794,MIC_task,,2026.1.2,60.0367665301919,2026-04-09 15h27.44.539502 +0200,
,,9,0,9,,,,,,,11,f08,sajt,cheese,4,food,dairy,7,10486,21,51,None,"(-0.1, 0)",space,0.1499724000459537,None,,,,,,,,,,,,1,0,1,0,0,4,4,4,9,0,9,0,551.909125899896,,,,,,,,,,,,,,,,,,,,,,,,,,,,,,,,,,,,,,,,,,,,,,,,,,,,,,,,,,,,,,,,,,,,,,,,,,,,,,,,,,,,,,,,,,,,551.8971186999697,551.909125899896,551.909125899896,551.909125899896,552.0612641999032,space,0.1499724000459537,None,,,,,,,,,,,,,,,,,,,,,P8384,Bar_MIC,11,1,2026-04-09_15h27.42.794,MIC_task,,2026.1.2,60.0367665301919,2026-04-09 15h27.44.539502 +0200,
,,4,4,0,,,,space,0.41744470002595335,None,11,f08,sajt,cheese,4,food,dairy,7,10486,21,51,None,"(-0.1, 0)",,,,,,,,,,,,,,,1,0,1,0,0,4,4,4,,,,,,,,,,,,,,,,,,,,,,,,,,,,,,,,,,,,,,,,,,,,,,,,,,,,,,,,,,,,,,,,,,,,,,,,,,,,,,,,,552.1267885999987,552.1324847999495,552.1271654665625,554.0622481999453,,,,,,556.0664388999576,556.0832166000037,556.0832166000037,556.5172746999888,,,,,,,,,,,,554.092089499929,554.0971114999847,554.0954778333039,555.9990236999001,556.066392299952,space,0.41744470002595335,None,,,,,,,,,,,,,P8384,Bar_MIC,11,1,2026-04-09_15h27.42.794,MIC_task,,2026.1.2,60.0367665301919,2026-04-09 15h27.44.539502 +0200,
,,0,0,0,,,,,,,11,a21,elefánt,elephant,1,animal,mammal,6.4,14,21,57,None,"(-0.1, 0.1)",None,,,,,,,,,,,,,,1,0,1,0,0,5,5,5,0,0,0,0,556.5329793998972,,,,,,,,,,,,,,,,,,,,,,,,,,,,,,,,,,,,,,,,,,,,,,,,,,,,,,,,,,,,,,,,,,,,,,,,,,,,,,,,,,,,,,,,,,,,556.5204087999882,556.5329793998972,556.5329793998972,556.5329793998972,556.7173027999233,None,,,,,,,,,,,556.7333396999165,556.7333396999165,556.7333396999165,,,,,,,,,,P8384,Bar_MIC,11,1,2026-04-09_15h27.42.794,MIC_task,,2026.1.2,60.0367665301919,2026-04-09 15h27.44.539502 +0200,
,,0,0,0,,,,,,,11,a21,elefánt,elephant,1,animal,mammal,6.4,14,21,57,None,"(-0.1, 0.1)",None,,,,,,,,,,,,,,1,0,1,0,0,5,5,5,0,0,0,0,556.7333396999165,,,,,,,,,,,,,,,,,,,,,,,,,,,,,,,,,,,,,,,,,,,,,,,,,,,,,,,,,,,,,,,,,,,,,,,,,,,,,,,,,,,,,,,,,,,,556.7202354999026,556.7333396999165,556.7333396999165,556.7333396999165,556.9177025998943,None,,,,,,,,,,,556.9335821999703,556.9335821999703,556.9335821999703,,,,,,,,,,P8384,Bar_MIC,11,1,2026-04-09_15h27.42.794,MIC_task,,2026.1.2,60.0367665301919,2026-04-09 15h27.44.539502 +0200,
,,1,0,1,,,,,,,11,a21,elefánt,elephant,1,animal,mammal,6.4,14,21,57,None,"(-0.1, 0.1)",None,,,,,,,,,,,,,,1,0,1,0,0,5,5,5,1,0,1,0,556.9335821999703,,,,,,,,,,,,,,,,,,,,,,,,,,,,,,,,,,,,,,,,,,,,,,,,,,,,,,,,,,,,,,,,,,,,,,,,,,,,,,,,,,,,,,,,,,,,556.9212162999902,556.9335821999703,556.9335821999703,556.9335821999703,557.117634599912,None,,,,,,,,,,,,,,,,,,,,,,,P8384,Bar_MIC,11,1,2026-04-09_15h27.42.794,MIC_task,,2026.1.2,60.0367665301919,2026-04-09 15h27.44.539502 +0200,
,,2,0,2,,,,,,,11,a21,elefánt,elephant,1,animal,mammal,6.4,14,21,57,None,"(-0.1, 0.1)",None,,,,,,,,,,,,,,1,0,1,0,0,5,5,5,2,0,2,0,557.1339642999228,,,,,,,,,,,,,,,,,,,,,,,,,,,,,,,,,,,,,,,,,,,,,,,,,,,,,,,,,,,,,,,,,,,,,,,,,,,,,,,,,,,,,,,,,,,,557.1209014999913,557.1339642999228,557.1339642999228,557.1339642999228,557.3180964000057,None,,,,,,,,,,,,,,,,,,,,,,,P8384,Bar_MIC,11,1,2026-04-09_15h27.42.794,MIC_task,,2026.1.2,60.0367665301919,2026-04-09 15h27.44.539502 +0200,
,,3,0,3,,,,,,,11,a21,elefánt,elephant,1,animal,mammal,6.4,14,21,57,None,"(-0.1, 0.1)",None,,,,,,,,,,,,,,1,0,1,0,0,5,5,5,3,0,3,0,557.3344119999092,,,,,,,,,,,,,,,,,,,,,,,,,,,,,,,,,,,,,,,,,,,,,,,,,,,,,,,,,,,,,,,,,,,,,,,,,,,,,,,,,,,,,,,,,,,,557.3216512999497,557.3344119999092,557.3344119999092,557.3344119999092,557.5186258999165,None,,,,,,,,,,,,,,,,,,,,,,,P8384,Bar_MIC,11,1,2026-04-09_15h27.42.794,MIC_task,,2026.1.2,60.0367665301919,2026-04-09 15h27.44.539502 +0200,
,,4,0,4,,,,,,,11,a21,elefánt,elephant,1,animal,mammal,6.4,14,21,57,None,"(-0.1, 0.1)",None,,,,,,,,,,,,,,1,0,1,0,0,5,5,5,4,0,4,0,557.5348102999851,,,,,,,,,,,,,,,,,,,,,,,,,,,,,,,,,,,,,,,,,,,,,,,,,,,,,,,,,,,,,,,,,,,,,,,,,,,,,,,,,,,,,,,,,,,,557.5217608999228,557.5348102999851,557.5348102999851,557.5348102999851,557.7189253999386,None,,,,,,,,,,,,,,,,,,,,,,,P8384,Bar_MIC,11,1,2026-04-09_15h27.42.794,MIC_task,,2026.1.2,60.0367665301919,2026-04-09 15h27.44.539502 +0200,
,,5,0,5,,,,,,,11,a21,elefánt,elephant,1,animal,mammal,6.4,14,21,57,None,"(-0.1, 0.1)",None,,,,,,,,,,,,,,1,0,1,0,0,5,5,5,5,0,5,0,557.7343981999438,,,,,,,,,,,,,,,,,,,,,,,,,,,,,,,,,,,,,,,,,,,,,,,,,,,,,,,,,,,,,,,,,,,,,,,,,,,,,,,,,,,,,,,,,,,,557.7220730999252,557.7343981999438,557.7343981999438,557.7343981999438,557.9193620999577,None,,,,,,,,,,,,,,,,,,,,,,,P8384,Bar_MIC,11,1,2026-04-09_15h27.42.794,MIC_task,,2026.1.2,60.0367665301919,2026-04-09 15h27.44.539502 +0200,
,,6,0,6,,,,,,,11,a21,elefánt,elephant,1,animal,mammal,6.4,14,21,57,None,"(-0.1, 0.1)",None,,,,,,,,,,,,,,1,0,1,0,0,5,5,5,6,0,6,0,557.9347912999801,,,,,,,,,,,,,,,,,,,,,,,,,,,,,,,,,,,,,,,,,,,,,,,,,,,,,,,,,,,,,,,,,,,,,,,,,,,,,,,,,,,,,,,,,,,,557.9222961999476,557.9347912999801,557.9347912999801,557.9347912999801,558.1197352999588,None,,,,,,,,,,,,,,,,,,,,,,,P8384,Bar_MIC,11,1,2026-04-09_15h27.42.794,MIC_task,,2026.1.2,60.0367665301919,2026-04-09 15h27.44.539502 +0200,
,,7,0,7,,,,,,,11,a21,elefánt,elephant,1,animal,mammal,6.4,14,21,57,None,"(-0.1, 0.1)",None,,,,,,,,,,,,,,1,0,1,0,0,5,5,5,7,0,7,0,558.1351339999819,,,,,,,,,,,,,,,,,,,,,,,,,,,,,,,,,,,,,,,,,,,,,,,,,,,,,,,,,,,,,,,,,,,,,,,,,,,,,,,,,,,,,,,,,,,,558.1229183999822,558.1351339999819,558.1351339999819,558.1351339999819,558.320099699893,None,,,,,,,,,,,,,,,,,,,,,,,P8384,Bar_MIC,11,1,2026-04-09_15h27.42.794,MIC_task,,2026.1.2,60.0367665301919,2026-04-09 15h27.44.539502 +0200,
,,8,0,8,,,,,,,11,a21,elefánt,elephant,1,animal,mammal,6.4,14,21,57,None,"(-0.1, 0.1)",None,,,,,,,,,,,,,,1,0,1,0,0,5,5,5,8,0,8,0,558.3355704999994,,,,,,,,,,,,,,,,,,,,,,,,,,,,,,,,,,,,,,,,,,,,,,,,,,,,,,,,,,,,,,,,,,,,,,,,,,,,,,,,,,,,,,,,,,,,558.3236044999212,558.3355704999994,558.3355704999994,558.3355704999994,558.5193332999479,None,,,,,,,,,,,,,,,,,,,,,,,P8384,Bar_MIC,11,1,2026-04-09_15h27.42.794,MIC_task,,2026.1.2,60.0367665301919,2026-04-09 15h27.44.539502 +0200,
,,9,0,9,,,,,,,11,a21,elefánt,elephant,1,animal,mammal,6.4,14,21,57,None,"(-0.1, 0.1)",None,,,,,,,,,,,,,,1,0,1,0,0,5,5,5,9,0,9,0,558.5359035999281,,,,,,,,,,,,,,,,,,,,,,,,,,,,,,,,,,,,,,,,,,,,,,,,,,,,,,,,,,,,,,,,,,,,,,,,,,,,,,,,,,,,,,,,,,,,558.5224446000066,558.5359035999281,558.5359035999281,558.5359035999281,558.7198017999763,None,,,,,,,,,,,,,,,,,,,,,,,P8384,Bar_MIC,11,1,2026-04-09_15h27.42.794,MIC_task,,2026.1.2,60.0367665301919,2026-04-09 15h27.44.539502 +0200,
,,10,0,10,,,,,,,11,a21,elefánt,elephant,1,animal,mammal,6.4,14,21,57,None,"(-0.1, 0.1)",None,,,,,,,,,,,,,,1,0,1,0,0,5,5,5,10,0,10,0,558.7363298999844,,,,,,,,,,,,,,,,,,,,,,,,,,,,,,,,,,,,,,,,,,,,,,,,,,,,,,,,,,,,,,,,,,,,,,,,,,,,,,,,,,,,,,,,,,,,558.7227694999892,558.7363298999844,558.7363298999844,558.7363298999844,558.9201991999289,None,,,,,,,,,,,,,,,,,,,,,,,P8384,Bar_MIC,11,1,2026-04-09_15h27.42.794,MIC_task,,2026.1.2,60.0367665301919,2026-04-09 15h27.44.539502 +0200,
,,11,0,11,,,,,,,11,a21,elefánt,elephant,1,animal,mammal,6.4,14,21,57,None,"(-0.1, 0.1)",None,,,,,,,,,,,,,,1,0,1,0,0,5,5,5,11,0,11,0,558.9366696999641,,,,,,,,,,,,,,,,,,,,,,,,,,,,,,,,,,,,,,,,,,,,,,,,,,,,,,,,,,,,,,,,,,,,,,,,,,,,,,,,,,,,,,,,,,,,558.923730099923,558.9366696999641,558.9366696999641,558.9366696999641,559.1206526999595,None,,,,,,,,,,,,,,,,,,,,,,,P8384,Bar_MIC,11,1,2026-04-09_15h27.42.794,MIC_task,,2026.1.2,60.0367665301919,2026-04-09 15h27.44.539502 +0200,
,,12,0,12,,,,,,,11,a21,elefánt,elephant,1,animal,mammal,6.4,14,21,57,None,"(-0.1, 0.1)",None,,,,,,,,,,,,,,1,0,1,0,0,5,5,5,12,0,12,0,559.1369983999757,,,,,,,,,,,,,,,,,,,,,,,,,,,,,,,,,,,,,,,,,,,,,,,,,,,,,,,,,,,,,,,,,,,,,,,,,,,,,,,,,,,,,,,,,,,,559.1238514999859,559.1369983999757,559.1369983999757,559.1369983999757,559.321166699985,None,,,,,,,,,,,,,,,,,,,,,,,P8384,Bar_MIC,11,1,2026-04-09_15h27.42.794,MIC_task,,2026.1.2,60.0367665301919,2026-04-09 15h27.44.539502 +0200,
,,13,0,13,,,,,,,11,a21,elefánt,elephant,1,animal,mammal,6.4,14,21,57,None,"(-0.1, 0.1)",None,,,,,,,,,,,,,,1,0,1,0,0,5,5,5,13,0,13,0,559.3373038999271,,,,,,,,,,,,,,,,,,,,,,,,,,,,,,,,,,,,,,,,,,,,,,,,,,,,,,,,,,,,,,,,,,,,,,,,,,,,,,,,,,,,,,,,,,,,559.3244946999475,559.3373038999271,559.3373038999271,559.3373038999271,559.5213805999374,None,,,,,,,,,,,,,,,,,,,,,,,P8384,Bar_MIC,11,1,2026-04-09_15h27.42.794,MIC_task,,2026.1.2,60.0367665301919,2026-04-09 15h27.44.539502 +0200,
,,14,0,14,,,,,,,11,a21,elefánt,elephant,1,animal,mammal,6.4,14,21,57,None,"(-0.1, 0.1)",None,,,,,,,,,,,,,,1,0,1,0,0,5,5,5,14,0,14,0,559.537714999984,,,,,,,,,,,,,,,,,,,,,,,,,,,,,,,,,,,,,,,,,,,,,,,,,,,,,,,,,,,,,,,,,,,,,,,,,,,,,,,,,,,,,,,,,,,,559.5247871999163,559.537714999984,559.537714999984,559.537714999984,559.7218414999079,None,,,,,,,,,,,,,,,,,,,,,,,P8384,Bar_MIC,11,1,2026-04-09_15h27.42.794,MIC_task,,2026.1.2,60.0367665301919,2026-04-09 15h27.44.539502 +0200,
,,15,0,15,,,,,,,11,a21,elefánt,elephant,1,animal,mammal,6.4,14,21,57,None,"(-0.1, 0.1)",None,,,,,,,,,,,,,,1,0,1,0,0,5,5,5,15,0,15,0,559.73811809998,,,,,,,,,,,,,,,,,,,,,,,,,,,,,,,,,,,,,,,,,,,,,,,,,,,,,,,,,,,,,,,,,,,,,,,,,,,,,,,,,,,,,,,,,,,,559.7250159999821,559.73811809998,559.73811809998,559.73811809998,559.9221992999082,None,,,,,,,,,,,,,,,,,,,,,,,P8384,Bar_MIC,11,1,2026-04-09_15h27.42.794,MIC_task,,2026.1.2,60.0367665301919,2026-04-09 15h27.44.539502 +0200,
,,16,0,16,,,,,,,11,a21,elefánt,elephant,1,animal,mammal,6.4,14,21,57,None,"(-0.1, 0.1)",None,,,,,,,,,,,,,,1,0,1,0,0,5,5,5,16,0,16,0,559.9385152999312,,,,,,,,,,,,,,,,,,,,,,,,,,,,,,,,,,,,,,,,,,,,,,,,,,,,,,,,,,,,,,,,,,,,,,,,,,,,,,,,,,,,,,,,,,,,559.9256502999924,559.9385152999312,559.9385152999312,559.9385152999312,560.1226027999073,None,,,,,,,,,,,,,,,,,,,,,,,P8384,Bar_MIC,11,1,2026-04-09_15h27.42.794,MIC_task,,2026.1.2,60.0367665301919,2026-04-09 15h27.44.539502 +0200,
,,17,0,17,,,,,,,11,a21,elefánt,elephant,1,animal,mammal,6.4,14,21,57,None,"(-0.1, 0.1)",space,0.018754699965938926,None,,,,,,,,,,,,1,0,1,0,0,5,5,5,17,0,17,0,560.138085899991,,,,,,,,,,,,,,,,,,,,,,,,,,,,,,,,,,,,,,,,,,,,,,,,,,,,,,,,,,,,,,,,,,,,,,,,,,,,,,,,,,,,,,,,,,,,560.1258115998935,560.138085899991,560.138085899991,560.138085899991,560.1726301999297,space,0.018754699965938926,None,,,,,,,,,,,,,,,,,,,,,P8384,Bar_MIC,11,1,2026-04-09_15h27.42.794,MIC_task,,2026.1.2,60.0367665301919,2026-04-09 15h27.44.539502 +0200,
,,5,5,0,,,,space,0.22513359994627535,None,11,a21,elefánt,elephant,1,animal,mammal,6.4,14,21,57,None,"(-0.1, 0.1)",,,,,,,,,,,,,,,1,0,1,0,0,5,5,5,,,,,,,,,,,,,,,,,,,,,,,,,,,,,,,,,,,,,,,,,,,,,,,,,,,,,,,,,,,,,,,,,,,,,,,,,,,,,,,,,560.2377895999234,560.2437427999685,560.238488766613,562.1759407999925,,,,,,564.1789000999415,564.1955633999314,564.1955633999314,564.429410199984,,,,,,,,,,,,562.2003765999107,562.2060742999893,562.2091516333244,564.0946375000058,564.1788543999428,space,0.22513359994627535,None,,,,,,,,,,,,,P8384,Bar_MIC,11,1,2026-04-09_15h27.42.794,MIC_task,,2026.1.2,60.0367665301919,2026-04-09 15h27.44.539502 +0200,
,,0,0,0,,,,,,,11,t26,gitár,guitar,8,tools,instrument,6.4,19,None,63,None,"(0.1, 0.1)",None,,,,,,,,,,,,,,1,0,1,0,0,6,6,6,0,0,0,0,564.445055799908,,,,,,,,,,,,,,,,,,,,,,,,,,,,,,,,,,,,,,,,,,,,,,,,,,,,,,,,,,,,,,,,,,,,,,,,,,,,,,,,,,,,,,,,,,,,564.4322022999404,564.445055799908,564.445055799908,564.445055799908,564.6295125999022,None,,,,,,,,,,,564.6454161999281,564.6454161999281,564.6454161999281,,,,,,,,,,P8384,Bar_MIC,11,1,2026-04-09_15h27.42.794,MIC_task,,2026.1.2,60.0367665301919,2026-04-09 15h27.44.539502 +0200,
,,0,0,0,,,,,,,11,t26,gitár,guitar,8,tools,instrument,6.4,19,None,63,None,"(0.1, 0.1)",None,,,,,,,,,,,,,,1,0,1,0,0,6,6,6,0,0,0,0,564.6454161999281,,,,,,,,,,,,,,,,,,,,,,,,,,,,,,,,,,,,,,,,,,,,,,,,,,,,,,,,,,,,,,,,,,,,,,,,,,,,,,,,,,,,,,,,,,,,564.6324545999523,564.6454161999281,564.6454161999281,564.6454161999281,564.82971979992,None,,,,,,,,,,,,,,,,,,,,,,,P8384,Bar_MIC,11,1,2026-04-09_15h27.42.794,MIC_task,,2026.1.2,60.0367665301919,2026-04-09 15h27.44.539502 +0200,
,,1,0,1,,,,,,,11,t26,gitár,guitar,8,tools,instrument,6.4,19,None,63,None,"(0.1, 0.1)",None,,,,,,,,,,,,,,1,0,1,0,0,6,6,6,1,0,1,0,564.845834299922,,,,,,,,,,,,,,,,,,,,,,,,,,,,,,,,,,,,,,,,,,,,,,,,,,,,,,,,,,,,,,,,,,,,,,,,,,,,,,,,,,,,,,,,,,,,564.8326536999084,564.845834299922,564.845834299922,564.845834299922,565.0298857999733,None,,,,,,,,,,,,,,,,,,,,,,,P8384,Bar_MIC,11,1,2026-04-09_15h27.42.794,MIC_task,,2026.1.2,60.0367665301919,2026-04-09 15h27.44.539502 +0200,
,,2,0,2,,,,,,,11,t26,gitár,guitar,8,tools,instrument,6.4,19,None,63,None,"(0.1, 0.1)",None,,,,,,,,,,,,,,1,0,1,0,0,6,6,6,2,0,2,0,565.0460807000054,,,,,,,,,,,,,,,,,,,,,,,,,,,,,,,,,,,,,,,,,,,,,,,,,,,,,,,,,,,,,,,,,,,,,,,,,,,,,,,,,,,,,,,,,,,,565.0330149999354,565.0460807000054,565.0460807000054,565.0460807000054,565.2299630999332,None,,,,,,,,,,,,,,,,,,,,,,,P8384,Bar_MIC,11,1,2026-04-09_15h27.42.794,MIC_task,,2026.1.2,60.0367665301919,2026-04-09 15h27.44.539502 +0200,
,,3,0,3,,,,,,,11,t26,gitár,guitar,8,tools,instrument,6.4,19,None,63,None,"(0.1, 0.1)",None,,,,,,,,,,,,,,1,0,1,0,0,6,6,6,3,0,3,0,565.2465029999148,,,,,,,,,,,,,,,,,,,,,,,,,,,,,,,,,,,,,,,,,,,,,,,,,,,,,,,,,,,,,,,,,,,,,,,,,,,,,,,,,,,,,,,,,,,,565.2332212999463,565.2465029999148,565.2465029999148,565.2465029999148,565.4306411999278,None,,,,,,,,,,,,,,,,,,,,,,,P8384,Bar_MIC,11,1,2026-04-09_15h27.42.794,MIC_task,,2026.1.2,60.0367665301919,2026-04-09 15h27.44.539502 +0200,
,,4,0,4,,,,,,,11,t26,gitár,guitar,8,tools,instrument,6.4,19,None,63,None,"(0.1, 0.1)",None,,,,,,,,,,,,,,1,0,1,0,0,6,6,6,4,0,4,0,565.4469379999209,,,,,,,,,,,,,,,,,,,,,,,,,,,,,,,,,,,,,,,,,,,,,,,,,,,,,,,,,,,,,,,,,,,,,,,,,,,,,,,,,,,,,,,,,,,,565.4340523999417,565.4469379999209,565.4469379999209,565.4469379999209,565.630978000001,None,,,,,,,,,,,,,,,,,,,,,,,P8384,Bar_MIC,11,1,2026-04-09_15h27.42.794,MIC_task,,2026.1.2,60.0367665301919,2026-04-09 15h27.44.539502 +0200,
,,5,0,5,,,,,,,11,t26,gitár,guitar,8,tools,instrument,6.4,19,None,63,None,"(0.1, 0.1)",None,,,,,,,,,,,,,,1,0,1,0,0,6,6,6,5,0,5,0,565.6464920999715,,,,,,,,,,,,,,,,,,,,,,,,,,,,,,,,,,,,,,,,,,,,,,,,,,,,,,,,,,,,,,,,,,,,,,,,,,,,,,,,,,,,,,,,,,,,565.6343438999029,565.6464920999715,565.6464920999715,565.6464920999715,565.8302248999244,None,,,,,,,,,,,,,,,,,,,,,,,P8384,Bar_MIC,11,1,2026-04-09_15h27.42.794,MIC_task,,2026.1.2,60.0367665301919,2026-04-09 15h27.44.539502 +0200,
,,6,0,6,,,,,,,11,t26,gitár,guitar,8,tools,instrument,6.4,19,None,63,None,"(0.1, 0.1)",None,,,,,,,,,,,,,,1,0,1,0,0,6,6,6,6,0,6,0,565.8468599999323,,,,,,,,,,,,,,,,,,,,,,,,,,,,,,,,,,,,,,,,,,,,,,,,,,,,,,,,,,,,,,,,,,,,,,,,,,,,,,,,,,,,,,,,,,,,565.833596499986,565.8468599999323,565.8468599999323,565.8468599999323,566.0306530999951,None,,,,,,,,,,,,,,,,,,,,,,,P8384,Bar_MIC,11,1,2026-04-09_15h27.42.794,MIC_task,,2026.1.2,60.0367665301919,2026-04-09 15h27.44.539502 +0200,
,,7,0,7,,,,,,,11,t26,gitár,guitar,8,tools,instrument,6.4,19,None,63,None,"(0.1, 0.1)",None,,,,,,,,,,,,,,1,0,1,0,0,6,6,6,7,0,7,0,566.0471943999873,,,,,,,,,,,,,,,,,,,,,,,,,,,,,,,,,,,,,,,,,,,,,,,,,,,,,,,,,,,,,,,,,,,,,,,,,,,,,,,,,,,,,,,,,,,,566.0338366999058,566.0471943999873,566.0471943999873,566.0471943999873,566.2322462999728,None,,,,,,,,,,,,,,,,,,,,,,,P8384,Bar_MIC,11,1,2026-04-09_15h27.42.794,MIC_task,,2026.1.2,60.0367665301919,2026-04-09 15h27.44.539502 +0200,
,,8,0,8,,,,,,,11,t26,gitár,guitar,8,tools,instrument,6.4,19,None,63,None,"(0.1, 0.1)",None,,,,,,,,,,,,,,1,0,1,0,0,6,6,6,8,0,8,0,566.2476639999077,,,,,,,,,,,,,,,,,,,,,,,,,,,,,,,,,,,,,,,,,,,,,,,,,,,,,,,,,,,,,,,,,,,,,,,,,,,,,,,,,,,,,,,,,,,,566.2356321999105,566.2476639999077,566.2476639999077,566.2476639999077,566.4314088999527,None,,,,,,,,,,,,,,,,,,,,,,,P8384,Bar_MIC,11,1,2026-04-09_15h27.42.794,MIC_task,,2026.1.2,60.0367665301919,2026-04-09 15h27.44.539502 +0200,
,,9,0,9,,,,,,,11,t26,gitár,guitar,8,tools,instrument,6.4,19,None,63,None,"(0.1, 0.1)",None,,,,,,,,,,,,,,1,0,1,0,0,6,6,6,9,0,9,0,566.4480600999668,,,,,,,,,,,,,,,,,,,,,,,,,,,,,,,,,,,,,,,,,,,,,,,,,,,,,,,,,,,,,,,,,,,,,,,,,,,,,,,,,,,,,,,,,,,,566.4346919999225,566.4480600999668,566.4480600999668,566.4480600999668,566.6318755999673,None,,,,,,,,,,,,,,,,,,,,,,,P8384,Bar_MIC,11,1,2026-04-09_15h27.42.794,MIC_task,,2026.1.2,60.0367665301919,2026-04-09 15h27.44.539502 +0200,
,,10,0,10,,,,,,,11,t26,gitár,guitar,8,tools,instrument,6.4,19,None,63,None,"(0.1, 0.1)",None,,,,,,,,,,,,,,1,0,1,0,0,6,6,6,10,0,10,0,566.6485093999654,,,,,,,,,,,,,,,,,,,,,,,,,,,,,,,,,,,,,,,,,,,,,,,,,,,,,,,,,,,,,,,,,,,,,,,,,,,,,,,,,,,,,,,,,,,,566.6351357999956,566.6485093999654,566.6485093999654,566.6485093999654,566.8322514999891,None,,,,,,,,,,,,,,,,,,,,,,,P8384,Bar_MIC,11,1,2026-04-09_15h27.42.794,MIC_task,,2026.1.2,60.0367665301919,2026-04-09 15h27.44.539502 +0200,
,,11,0,11,,,,,,,11,t26,gitár,guitar,8,tools,instrument,6.4,19,None,63,None,"(0.1, 0.1)",None,,,,,,,,,,,,,,1,0,1,0,0,6,6,6,11,0,11,0,566.848801999935,,,,,,,,,,,,,,,,,,,,,,,,,,,,,,,,,,,,,,,,,,,,,,,,,,,,,,,,,,,,,,,,,,,,,,,,,,,,,,,,,,,,,,,,,,,,566.8351324999239,566.848801999935,566.848801999935,566.848801999935,567.0326082999818,None,,,,,,,,,,,,,,,,,,,,,,,P8384,Bar_MIC,11,1,2026-04-09_15h27.42.794,MIC_task,,2026.1.2,60.0367665301919,2026-04-09 15h27.44.539502 +0200,
,,12,0,12,,,,,,,11,t26,gitár,guitar,8,tools,instrument,6.4,19,None,63,None,"(0.1, 0.1)",None,,,,,,,,,,,,,,1,0,1,0,0,6,6,6,12,0,12,0,567.0490937998984,,,,,,,,,,,,,,,,,,,,,,,,,,,,,,,,,,,,,,,,,,,,,,,,,,,,,,,,,,,,,,,,,,,,,,,,,,,,,,,,,,,,,,,,,,,,567.0357435999904,567.0490937998984,567.0490937998984,567.0490937998984,567.2330530999461,None,,,,,,,,,,,,,,,,,,,,,,,P8384,Bar_MIC,11,1,2026-04-09_15h27.42.794,MIC_task,,2026.1.2,60.0367665301919,2026-04-09 15h27.44.539502 +0200,
,,13,0,13,,,,,,,11,t26,gitár,guitar,8,tools,instrument,6.4,19,None,63,None,"(0.1, 0.1)",space,0.015038499957881868,None,,,,,,,,,,,,1,0,1,0,0,6,6,6,13,0,13,0,567.2494206998963,,,,,,,,,,,,,,,,,,,,,,,,,,,,,,,,,,,,,,,,,,,,,,,,,,,,,,,,,,,,,,,,,,,,,,,,,,,,,,,,,,,,,,,,,,,,567.2357763999607,567.2494206998963,567.2494206998963,567.2494206998963,567.2675672000041,space,0.015038499957881868,None,,,,,,,,,,,,,,,,,,,,,P8384,Bar_MIC,11,1,2026-04-09_15h27.42.794,MIC_task,,2026.1.2,60.0367665301919,2026-04-09 15h27.44.539502 +0200,
,,6,6,0,,,,space,0.21983920002821833,None,11,t26,gitár,guitar,8,tools,instrument,6.4,19,None,63,None,"(0.1, 0.1)",,,,,,,,,,,,,,,1,0,1,0,0,6,6,6,,,,,,,,,,,,,,,,,,,,,,,,,,,,,,,,,,,,,,,,,,,,,,,,,,,,,,,,,,,,,,,,,,,,,,,,,,,,,,,,,567.3344327999512,567.3398036999861,567.3498764333393,569.2707867999561,,,,,,571.2724822999444,571.2892574999714,571.2892574999714,571.524776199949,,,,,,,,,,,,569.3002893999219,569.3057001999114,569.3040033333314,571.1895948000019,571.2724358999403,space,0.21983920002821833,None,,,,,,,,,,,,,P8384,Bar_MIC,11,1,2026-04-09_15h27.42.794,MIC_task,,2026.1.2,60.0367665301919,2026-04-09 15h27.44.539502 +0200,
,,0,0,0,,,,,,,11,ty14,lufi,balloon,9,toys,gadget,6.6,148,18,None,None,"(-0.1, 0.1)",None,,,,,,,,,,,,,,1,0,1,0,0,7,7,7,0,0,0,0,571.5396417999873,,,,,,,,,,,,,,,,,,,,,,,,,,,,,,,,,,,,,,,,,,,,,,,,,,,,,,,,,,,,,,,,,,,,,,,,,,,,,,,,,,,,,,,,,,,,571.5278531999793,571.5396417999873,571.5396417999873,571.5396417999873,571.7242293999298,None,,,,,,,,,,,571.73922759993,571.73922759993,571.73922759993,,,,,,,,,,P8384,Bar_MIC,11,1,2026-04-09_15h27.42.794,MIC_task,,2026.1.2,60.0367665301919,2026-04-09 15h27.44.539502 +0200,
,,0,0,0,,,,,,,11,ty14,lufi,balloon,9,toys,gadget,6.6,148,18,None,None,"(-0.1, 0.1)",None,,,,,,,,,,,,,,1,0,1,0,0,7,7,7,0,0,0,0,571.73922759993,,,,,,,,,,,,,,,,,,,,,,,,,,,,,,,,,,,,,,,,,,,,,,,,,,,,,,,,,,,,,,,,,,,,,,,,,,,,,,,,,,,,,,,,,,,,571.7272392999148,571.73922759993,571.73922759993,571.73922759993,571.924628199893,None,,,,,,,,,,,571.9396718000062,571.9396718000062,571.9396718000062,,,,,,,,,,P8384,Bar_MIC,11,1,2026-04-09_15h27.42.794,MIC_task,,2026.1.2,60.0367665301919,2026-04-09 15h27.44.539502 +0200,
,,1,0,1,,,,,,,11,ty14,lufi,balloon,9,toys,gadget,6.6,148,18,None,None,"(-0.1, 0.1)",None,,,,,,,,,,,,,,1,0,1,0,0,7,7,7,1,0,1,0,571.9396718000062,,,,,,,,,,,,,,,,,,,,,,,,,,,,,,,,,,,,,,,,,,,,,,,,,,,,,,,,,,,,,,,,,,,,,,,,,,,,,,,,,,,,,,,,,,,,571.9277073999401,571.9396718000062,571.9396718000062,571.9396718000062,572.1251379000023,None,,,,,,,,,,,572.1400639999192,572.1400639999192,572.1400639999192,,,,,,,,,,P8384,Bar_MIC,11,1,2026-04-09_15h27.42.794,MIC_task,,2026.1.2,60.0367665301919,2026-04-09 15h27.44.539502 +0200,
,,2,0,2,,,,,,,11,ty14,lufi,balloon,9,toys,gadget,6.6,148,18,None,None,"(-0.1, 0.1)",None,,,,,,,,,,,,,,1,0,1,0,0,7,7,7,2,0,2,0,572.1400639999192,,,,,,,,,,,,,,,,,,,,,,,,,,,,,,,,,,,,,,,,,,,,,,,,,,,,,,,,,,,,,,,,,,,,,,,,,,,,,,,,,,,,,,,,,,,,572.1282810999546,572.1400639999192,572.1400639999192,572.1400639999192,572.3243304999778,None,,,,,,,,,,,572.340444099973,572.340444099973,572.340444099973,,,,,,,,,,P8384,Bar_MIC,11,1,2026-04-09_15h27.42.794,MIC_task,,2026.1.2,60.0367665301919,2026-04-09 15h27.44.539502 +0200,
,,3,0,3,,,,,,,11,ty14,lufi,balloon,9,toys,gadget,6.6,148,18,None,None,"(-0.1, 0.1)",None,,,,,,,,,,,,,,1,0,1,0,0,7,7,7,3,0,3,0,572.340444099973,,,,,,,,,,,,,,,,,,,,,,,,,,,,,,,,,,,,,,,,,,,,,,,,,,,,,,,,,,,,,,,,,,,,,,,,,,,,,,,,,,,,,,,,,,,,572.3271860999521,572.340444099973,572.340444099973,572.340444099973,572.5247335999738,None,,,,,,,,,,,572.5408239999088,572.5408239999088,572.5408239999088,,,,,,,,,,P8384,Bar_MIC,11,1,2026-04-09_15h27.42.794,MIC_task,,2026.1.2,60.0367665301919,2026-04-09 15h27.44.539502 +0200,
,,4,0,4,,,,,,,11,ty14,lufi,balloon,9,toys,gadget,6.6,148,18,None,None,"(-0.1, 0.1)",None,,,,,,,,,,,,,,1,0,1,0,0,7,7,7,4,0,4,0,572.5408239999088,,,,,,,,,,,,,,,,,,,,,,,,,,,,,,,,,,,,,,,,,,,,,,,,,,,,,,,,,,,,,,,,,,,,,,,,,,,,,,,,,,,,,,,,,,,,572.5277306999778,572.5408239999088,572.5408239999088,572.5408239999088,572.724976599915,None,,,,,,,,,,,,,,,,,,,,,,,P8384,Bar_MIC,11,1,2026-04-09_15h27.42.794,MIC_task,,2026.1.2,60.0367665301919,2026-04-09 15h27.44.539502 +0200,
,,5,0,5,,,,,,,11,ty14,lufi,balloon,9,toys,gadget,6.6,148,18,None,None,"(-0.1, 0.1)",None,,,,,,,,,,,,,,1,0,1,0,0,7,7,7,5,0,5,0,572.7411100999452,,,,,,,,,,,,,,,,,,,,,,,,,,,,,,,,,,,,,,,,,,,,,,,,,,,,,,,,,,,,,,,,,,,,,,,,,,,,,,,,,,,,,,,,,,,,572.727985000005,572.7411100999452,572.7411100999452,572.7411100999452,572.9251066999277,None,,,,,,,,,,,,,,,,,,,,,,,P8384,Bar_MIC,11,1,2026-04-09_15h27.42.794,MIC_task,,2026.1.2,60.0367665301919,2026-04-09 15h27.44.539502 +0200,
,,6,0,6,,,,,,,11,ty14,lufi,balloon,9,toys,gadget,6.6,148,18,None,None,"(-0.1, 0.1)",None,,,,,,,,,,,,,,1,0,1,0,0,7,7,7,6,0,6,0,572.9414616998984,,,,,,,,,,,,,,,,,,,,,,,,,,,,,,,,,,,,,,,,,,,,,,,,,,,,,,,,,,,,,,,,,,,,,,,,,,,,,,,,,,,,,,,,,,,,572.9280171999708,572.9414616998984,572.9414616998984,572.9414616998984,573.1255049000029,None,,,,,,,,,,,,,,,,,,,,,,,P8384,Bar_MIC,11,1,2026-04-09_15h27.42.794,MIC_task,,2026.1.2,60.0367665301919,2026-04-09 15h27.44.539502 +0200,
,,7,0,7,,,,,,,11,ty14,lufi,balloon,9,toys,gadget,6.6,148,18,None,None,"(-0.1, 0.1)",None,,,,,,,,,,,,,,1,0,1,0,0,7,7,7,7,0,7,0,573.1418445999734,,,,,,,,,,,,,,,,,,,,,,,,,,,,,,,,,,,,,,,,,,,,,,,,,,,,,,,,,,,,,,,,,,,,,,,,,,,,,,,,,,,,,,,,,,,,573.1282561999978,573.1418445999734,573.1418445999734,573.1418445999734,573.3259408999002,None,,,,,,,,,,,,,,,,,,,,,,,P8384,Bar_MIC,11,1,2026-04-09_15h27.42.794,MIC_task,,2026.1.2,60.0367665301919,2026-04-09 15h27.44.539502 +0200,
,,8,0,8,,,,,,,11,ty14,lufi,balloon,9,toys,gadget,6.6,148,18,None,None,"(-0.1, 0.1)",None,,,,,,,,,,,,,,1,0,1,0,0,7,7,7,8,0,8,0,573.3422085999046,,,,,,,,,,,,,,,,,,,,,,,,,,,,,,,,,,,,,,,,,,,,,,,,,,,,,,,,,,,,,,,,,,,,,,,,,,,,,,,,,,,,,,,,,,,,573.329190999968,573.3422085999046,573.3422085999046,573.3422085999046,573.526444899966,None,,,,,,,,,,,,,,,,,,,,,,,P8384,Bar_MIC,11,1,2026-04-09_15h27.42.794,MIC_task,,2026.1.2,60.0367665301919,2026-04-09 15h27.44.539502 +0200,
,,9,0,9,,,,,,,11,ty14,lufi,balloon,9,toys,gadget,6.6,148,18,None,None,"(-0.1, 0.1)",None,,,,,,,,,,,,,,1,0,1,0,0,7,7,7,9,0,9,0,573.5426584999077,,,,,,,,,,,,,,,,,,,,,,,,,,,,,,,,,,,,,,,,,,,,,,,,,,,,,,,,,,,,,,,,,,,,,,,,,,,,,,,,,,,,,,,,,,,,573.529792199959,573.5426584999077,573.5426584999077,573.5426584999077,573.7270100999158,None,,,,,,,,,,,,,,,,,,,,,,,P8384,Bar_MIC,11,1,2026-04-09_15h27.42.794,MIC_task,,2026.1.2,60.0367665301919,2026-04-09 15h27.44.539502 +0200,
,,10,0,10,,,,,,,11,ty14,lufi,balloon,9,toys,gadget,6.6,148,18,None,None,"(-0.1, 0.1)",None,,,,,,,,,,,,,,1,0,1,0,0,7,7,7,10,0,10,0,573.742230999982,,,,,,,,,,,,,,,,,,,,,,,,,,,,,,,,,,,,,,,,,,,,,,,,,,,,,,,,,,,,,,,,,,,,,,,,,,,,,,,,,,,,,,,,,,,,573.7297900998965,573.742230999982,573.742230999982,573.742230999982,573.927258099895,None,,,,,,,,,,,,,,,,,,,,,,,P8384,Bar_MIC,11,1,2026-04-09_15h27.42.794,MIC_task,,2026.1.2,60.0367665301919,2026-04-09 15h27.44.539502 +0200,
,,11,0,11,,,,,,,11,ty14,lufi,balloon,9,toys,gadget,6.6,148,18,None,None,"(-0.1, 0.1)",None,,,,,,,,,,,,,,1,0,1,0,0,7,7,7,11,0,11,0,573.9427342999261,,,,,,,,,,,,,,,,,,,,,,,,,,,,,,,,,,,,,,,,,,,,,,,,,,,,,,,,,,,,,,,,,,,,,,,,,,,,,,,,,,,,,,,,,,,,573.9299905999796,573.9427342999261,573.9427342999261,573.9427342999261,574.1276215999387,None,,,,,,,,,,,,,,,,,,,,,,,P8384,Bar_MIC,11,1,2026-04-09_15h27.42.794,MIC_task,,2026.1.2,60.0367665301919,2026-04-09 15h27.44.539502 +0200,
,,12,0,12,,,,,,,11,ty14,lufi,balloon,9,toys,gadget,6.6,148,18,None,None,"(-0.1, 0.1)",None,,,,,,,,,,,,,,1,0,1,0,0,7,7,7,12,0,12,0,574.1430082999868,,,,,,,,,,,,,,,,,,,,,,,,,,,,,,,,,,,,,,,,,,,,,,,,,,,,,,,,,,,,,,,,,,,,,,,,,,,,,,,,,,,,,,,,,,,,574.1308421998983,574.1430082999868,574.1430082999868,574.1430082999868,574.3279276998946,None,,,,,,,,,,,,,,,,,,,,,,,P8384,Bar_MIC,11,1,2026-04-09_15h27.42.794,MIC_task,,2026.1.2,60.0367665301919,2026-04-09 15h27.44.539502 +0200,
,,13,0,13,,,,,,,11,ty14,lufi,balloon,9,toys,gadget,6.6,148,18,None,None,"(-0.1, 0.1)",None,,,,,,,,,,,,,,1,0,1,0,0,7,7,7,13,0,13,0,574.3433578999247,,,,,,,,,,,,,,,,,,,,,,,,,,,,,,,,,,,,,,,,,,,,,,,,,,,,,,,,,,,,,,,,,,,,,,,,,,,,,,,,,,,,,,,,,,,,574.3308995999396,574.3433578999247,574.3433578999247,574.3433578999247,574.5271661999868,None,,,,,,,,,,,,,,,,,,,,,,,P8384,Bar_MIC,11,1,2026-04-09_15h27.42.794,MIC_task,,2026.1.2,60.0367665301919,2026-04-09 15h27.44.539502 +0200,
,,14,0,14,,,,,,,11,ty14,lufi,balloon,9,toys,gadget,6.6,148,18,None,None,"(-0.1, 0.1)",None,,,,,,,,,,,,,,1,0,1,0,0,7,7,7,14,0,14,0,574.5437821999658,,,,,,,,,,,,,,,,,,,,,,,,,,,,,,,,,,,,,,,,,,,,,,,,,,,,,,,,,,,,,,,,,,,,,,,,,,,,,,,,,,,,,,,,,,,,574.5302606999176,574.5437821999658,574.5437821999658,574.5437821999658,574.727574099903,None,,,,,,,,,,,,,,,,,,,,,,,P8384,Bar_MIC,11,1,2026-04-09_15h27.42.794,MIC_task,,2026.1.2,60.0367665301919,2026-04-09 15h27.44.539502 +0200,
,,15,0,15,,,,,,,11,ty14,lufi,balloon,9,toys,gadget,6.6,148,18,None,None,"(-0.1, 0.1)",None,,,,,,,,,,,,,,1,0,1,0,0,7,7,7,15,0,15,0,574.7442121999338,,,,,,,,,,,,,,,,,,,,,,,,,,,,,,,,,,,,,,,,,,,,,,,,,,,,,,,,,,,,,,,,,,,,,,,,,,,,,,,,,,,,,,,,,,,,574.7309124999447,574.7442121999338,574.7442121999338,574.7442121999338,574.9281481999205,None,,,,,,,,,,,,,,,,,,,,,,,P8384,Bar_MIC,11,1,2026-04-09_15h27.42.794,MIC_task,,2026.1.2,60.0367665301919,2026-04-09 15h27.44.539502 +0200,
,,16,0,16,,,,,,,11,ty14,lufi,balloon,9,toys,gadget,6.6,148,18,None,None,"(-0.1, 0.1)",None,,,,,,,,,,,,,,1,0,1,0,0,7,7,7,16,0,16,0,574.9445444999728,,,,,,,,,,,,,,,,,,,,,,,,,,,,,,,,,,,,,,,,,,,,,,,,,,,,,,,,,,,,,,,,,,,,,,,,,,,,,,,,,,,,,,,,,,,,574.9310505999019,574.9445444999728,574.9445444999728,574.9445444999728,575.1285263999598,None,,,,,,,,,,,,,,,,,,,,,,,P8384,Bar_MIC,11,1,2026-04-09_15h27.42.794,MIC_task,,2026.1.2,60.0367665301919,2026-04-09 15h27.44.539502 +0200,
,,17,0,17,,,,,,,11,ty14,lufi,balloon,9,toys,gadget,6.6,148,18,None,None,"(-0.1, 0.1)",None,,,,,,,,,,,,,,1,0,1,0,0,7,7,7,17,0,17,0,575.1448610998923,,,,,,,,,,,,,,,,,,,,,,,,,,,,,,,,,,,,,,,,,,,,,,,,,,,,,,,,,,,,,,,,,,,,,,,,,,,,,,,,,,,,,,,,,,,,575.1314242999069,575.1448610998923,575.1448610998923,575.1448610998923,575.3288806999335,None,,,,,,,,,,,,,,,,,,,,,,,P8384,Bar_MIC,11,1,2026-04-09_15h27.42.794,MIC_task,,2026.1.2,60.0367665301919,2026-04-09 15h27.44.539502 +0200,
,,18,0,18,,,,,,,11,ty14,lufi,balloon,9,toys,gadget,6.6,148,18,None,None,"(-0.1, 0.1)",None,,,,,,,,,,,,,,1,0,1,0,0,7,7,7,18,0,18,0,575.3451525999699,,,,,,,,,,,,,,,,,,,,,,,,,,,,,,,,,,,,,,,,,,,,,,,,,,,,,,,,,,,,,,,,,,,,,,,,,,,,,,,,,,,,,,,,,,,,575.3323164999019,575.3451525999699,575.3451525999699,575.3451525999699,575.5292827999219,None,,,,,,,,,,,,,,,,,,,,,,,P8384,Bar_MIC,11,1,2026-04-09_15h27.42.794,MIC_task,,2026.1.2,60.0367665301919,2026-04-09 15h27.44.539502 +0200,
,,19,0,19,,,,,,,11,ty14,lufi,balloon,9,toys,gadget,6.6,148,18,None,None,"(-0.1, 0.1)",None,,,,,,,,,,,,,,1,0,1,0,0,7,7,7,19,0,19,0,575.5455993999494,,,,,,,,,,,,,,,,,,,,,,,,,,,,,,,,,,,,,,,,,,,,,,,,,,,,,,,,,,,,,,,,,,,,,,,,,,,,,,,,,,,,,,,,,,,,575.5321972999955,575.5455993999494,575.5455993999494,575.5455993999494,575.7297188999364,None,,,,,,,,,,,,,,,,,,,,,,,P8384,Bar_MIC,11,1,2026-04-09_15h27.42.794,MIC_task,,2026.1.2,60.0367665301919,2026-04-09 15h27.44.539502 +0200,
,,20,0,20,,,,,,,11,ty14,lufi,balloon,9,toys,gadget,6.6,148,18,None,None,"(-0.1, 0.1)",None,,,,,,,,,,,,,,1,0,1,0,0,7,7,7,20,0,20,0,575.7459773999872,,,,,,,,,,,,,,,,,,,,,,,,,,,,,,,,,,,,,,,,,,,,,,,,,,,,,,,,,,,,,,,,,,,,,,,,,,,,,,,,,,,,,,,,,,,,575.7328978999285,575.7459773999872,575.7459773999872,575.7459773999872,575.9300262999022,None,,,,,,,,,,,,,,,,,,,,,,,P8384,Bar_MIC,11,1,2026-04-09_15h27.42.794,MIC_task,,2026.1.2,60.0367665301919,2026-04-09 15h27.44.539502 +0200,
,,21,0,21,,,,,,,11,ty14,lufi,balloon,9,toys,gadget,6.6,148,18,None,None,"(-0.1, 0.1)",space,0.07561509998049587,None,,,,,,,,,,,,1,0,1,0,0,7,7,7,21,0,21,0,575.9463019999675,,,,,,,,,,,,,,,,,,,,,,,,,,,,,,,,,,,,,,,,,,,,,,,,,,,,,,,,,,,,,,,,,,,,,,,,,,,,,,,,,,,,,,,,,,,,575.933348499937,575.9463019999675,575.9463019999675,575.9463019999675,576.030451699975,space,0.07561509998049587,None,,,,,,,,,,,,,,,,,,,,,P8384,Bar_MIC,11,1,2026-04-09_15h27.42.794,MIC_task,,2026.1.2,60.0367665301919,2026-04-09 15h27.44.539502 +0200,
,,7,7,0,,,,space,0.30504470004234463,None,11,ty14,lufi,balloon,9,toys,gadget,6.6,148,18,None,None,"(-0.1, 0.1)",,,,,,,,,,,,,,,1,0,1,0,0,7,7,7,,,,,,,,,,,,,,,,,,,,,,,,,,,,,,,,,,,,,,,,,,,,,,,,,,,,,,,,,,,,,,,,,,,,,,,,,,,,,,,,,576.0948005999671,576.1003204999724,576.0962080665786,578.0325255999342,,,,,,580.0355333999032,580.0522013999289,580.0522013999289,580.3707559999311,,,,,,,,,,,,578.062002099934,578.0677200999344,578.0657365332668,579.9523209999315,580.0354876999045,space,0.30504470004234463,None,,,,,,,,,,,,,P8384,Bar_MIC,11,1,2026-04-09_15h27.42.794,MIC_task,,2026.1.2,60.0367665301919,2026-04-09 15h27.44.539502 +0200,
,,0,0,0,,,,,,,11,p19,rendőr,police officier,6,people,professions,6.8,179,25,53,None,"(-0.1, 0)",None,,,,,,,,,,,,,,1,0,1,0,0,8,8,8,0,0,0,0,580.3858163999394,,,,,,,,,,,,,,,,,,,,,,,,,,,,,,,,,,,,,,,,,,,,,,,,,,,,,,,,,,,,,,,,,,,,,,,,,,,,,,,,,,,,,,,,,,,,580.373768899939,580.3858163999394,580.3858163999394,580.3858163999394,580.5712576999795,None,,,,,,,,,,,580.5862411999842,580.5862411999842,580.5862411999842,,,,,,,,,,P8384,Bar_MIC,11,1,2026-04-09_15h27.42.794,MIC_task,,2026.1.2,60.0367665301919,2026-04-09 15h27.44.539502 +0200,
,,0,0,0,,,,,,,11,p19,rendőr,police officier,6,people,professions,6.8,179,25,53,None,"(-0.1, 0)",None,,,,,,,,,,,,,,1,0,1,0,0,8,8,8,0,0,0,0,580.5862411999842,,,,,,,,,,,,,,,,,,,,,,,,,,,,,,,,,,,,,,,,,,,,,,,,,,,,,,,,,,,,,,,,,,,,,,,,,,,,,,,,,,,,,,,,,,,,580.5740054999478,580.5862411999842,580.5862411999842,580.5862411999842,580.7711639999179,None,,,,,,,,,,,,,,,,,,,,,,,P8384,Bar_MIC,11,1,2026-04-09_15h27.42.794,MIC_task,,2026.1.2,60.0367665301919,2026-04-09 15h27.44.539502 +0200,
,,1,0,1,,,,,,,11,p19,rendőr,police officier,6,people,professions,6.8,179,25,53,None,"(-0.1, 0)",None,,,,,,,,,,,,,,1,0,1,0,0,8,8,8,1,0,1,0,580.786656799959,,,,,,,,,,,,,,,,,,,,,,,,,,,,,,,,,,,,,,,,,,,,,,,,,,,,,,,,,,,,,,,,,,,,,,,,,,,,,,,,,,,,,,,,,,,,580.7744951999048,580.786656799959,580.786656799959,580.786656799959,580.9715479000006,None,,,,,,,,,,,,,,,,,,,,,,,P8384,Bar_MIC,11,1,2026-04-09_15h27.42.794,MIC_task,,2026.1.2,60.0367665301919,2026-04-09 15h27.44.539502 +0200,
,,2,0,2,,,,,,,11,p19,rendőr,police officier,6,people,professions,6.8,179,25,53,None,"(-0.1, 0)",None,,,,,,,,,,,,,,1,0,1,0,0,8,8,8,2,0,2,0,580.9869649999309,,,,,,,,,,,,,,,,,,,,,,,,,,,,,,,,,,,,,,,,,,,,,,,,,,,,,,,,,,,,,,,,,,,,,,,,,,,,,,,,,,,,,,,,,,,,580.9747435000027,580.9869649999309,580.9869649999309,580.9869649999309,581.1711058999645,None,,,,,,,,,,,581.1873811999103,581.1873811999103,581.1873811999103,,,,,,,,,,P8384,Bar_MIC,11,1,2026-04-09_15h27.42.794,MIC_task,,2026.1.2,60.0367665301919,2026-04-09 15h27.44.539502 +0200,
,,3,0,3,,,,,,,11,p19,rendőr,police officier,6,people,professions,6.8,179,25,53,None,"(-0.1, 0)",None,,,,,,,,,,,,,,1,0,1,0,0,8,8,8,3,0,3,0,581.1873811999103,,,,,,,,,,,,,,,,,,,,,,,,,,,,,,,,,,,,,,,,,,,,,,,,,,,,,,,,,,,,,,,,,,,,,,,,,,,,,,,,,,,,,,,,,,,,581.1738448999822,581.1873811999103,581.1873811999103,581.1873811999103,581.371375799994,None,,,,,,,,,,,,,,,,,,,,,,,P8384,Bar_MIC,11,1,2026-04-09_15h27.42.794,MIC_task,,2026.1.2,60.0367665301919,2026-04-09 15h27.44.539502 +0200,
,,4,0,4,,,,,,,11,p19,rendőr,police officier,6,people,professions,6.8,179,25,53,None,"(-0.1, 0)",None,,,,,,,,,,,,,,1,0,1,0,0,8,8,8,4,0,4,0,581.3876546999672,,,,,,,,,,,,,,,,,,,,,,,,,,,,,,,,,,,,,,,,,,,,,,,,,,,,,,,,,,,,,,,,,,,,,,,,,,,,,,,,,,,,,,,,,,,,581.3744485999923,581.3876546999672,581.3876546999672,581.3876546999672,581.5717129999539,None,,,,,,,,,,,,,,,,,,,,,,,P8384,Bar_MIC,11,1,2026-04-09_15h27.42.794,MIC_task,,2026.1.2,60.0367665301919,2026-04-09 15h27.44.539502 +0200,
,,5,0,5,,,,,,,11,p19,rendőr,police officier,6,people,professions,6.8,179,25,53,None,"(-0.1, 0)",None,,,,,,,,,,,,,,1,0,1,0,0,8,8,8,5,0,5,0,581.5880013999995,,,,,,,,,,,,,,,,,,,,,,,,,,,,,,,,,,,,,,,,,,,,,,,,,,,,,,,,,,,,,,,,,,,,,,,,,,,,,,,,,,,,,,,,,,,,581.5748333999654,581.5880013999995,581.5880013999995,581.5880013999995,581.7721987999976,None,,,,,,,,,,,,,,,,,,,,,,,P8384,Bar_MIC,11,1,2026-04-09_15h27.42.794,MIC_task,,2026.1.2,60.0367665301919,2026-04-09 15h27.44.539502 +0200,
,,6,0,6,,,,,,,11,p19,rendőr,police officier,6,people,professions,6.8,179,25,53,None,"(-0.1, 0)",None,,,,,,,,,,,,,,1,0,1,0,0,8,8,8,6,0,6,0,581.7884942999808,,,,,,,,,,,,,,,,,,,,,,,,,,,,,,,,,,,,,,,,,,,,,,,,,,,,,,,,,,,,,,,,,,,,,,,,,,,,,,,,,,,,,,,,,,,,581.7756229999941,581.7884942999808,581.7884942999808,581.7884942999808,581.9725073999725,None,,,,,,,,,,,,,,,,,,,,,,,P8384,Bar_MIC,11,1,2026-04-09_15h27.42.794,MIC_task,,2026.1.2,60.0367665301919,2026-04-09 15h27.44.539502 +0200,
,,7,0,7,,,,,,,11,p19,rendőr,police officier,6,people,professions,6.8,179,25,53,None,"(-0.1, 0)",None,,,,,,,,,,,,,,1,0,1,0,0,8,8,8,7,0,7,0,581.9887892999686,,,,,,,,,,,,,,,,,,,,,,,,,,,,,,,,,,,,,,,,,,,,,,,,,,,,,,,,,,,,,,,,,,,,,,,,,,,,,,,,,,,,,,,,,,,,581.9756410999689,581.9887892999686,581.9887892999686,581.9887892999686,582.1728698998922,None,,,,,,,,,,,,,,,,,,,,,,,P8384,Bar_MIC,11,1,2026-04-09_15h27.42.794,MIC_task,,2026.1.2,60.0367665301919,2026-04-09 15h27.44.539502 +0200,
,,8,0,8,,,,,,,11,p19,rendőr,police officier,6,people,professions,6.8,179,25,53,None,"(-0.1, 0)",None,,,,,,,,,,,,,,1,0,1,0,0,8,8,8,8,0,8,0,582.1891991999,,,,,,,,,,,,,,,,,,,,,,,,,,,,,,,,,,,,,,,,,,,,,,,,,,,,,,,,,,,,,,,,,,,,,,,,,,,,,,,,,,,,,,,,,,,,582.1755934999092,582.1891991999,582.1891991999,582.1891991999,582.3733334999997,None,,,,,,,,,,,,,,,,,,,,,,,P8384,Bar_MIC,11,1,2026-04-09_15h27.42.794,MIC_task,,2026.1.2,60.0367665301919,2026-04-09 15h27.44.539502 +0200,
,,9,0,9,,,,,,,11,p19,rendőr,police officier,6,people,professions,6.8,179,25,53,None,"(-0.1, 0)",None,,,,,,,,,,,,,,1,0,1,0,0,8,8,8,9,0,9,0,582.388745599892,,,,,,,,,,,,,,,,,,,,,,,,,,,,,,,,,,,,,,,,,,,,,,,,,,,,,,,,,,,,,,,,,,,,,,,,,,,,,,,,,,,,,,,,,,,,582.3765564999776,582.388745599892,582.388745599892,582.388745599892,582.5737545999,None,,,,,,,,,,,,,,,,,,,,,,,P8384,Bar_MIC,11,1,2026-04-09_15h27.42.794,MIC_task,,2026.1.2,60.0367665301919,2026-04-09 15h27.44.539502 +0200,
,,10,0,10,,,,,,,11,p19,rendőr,police officier,6,people,professions,6.8,179,25,53,None,"(-0.1, 0)",None,,,,,,,,,,,,,,1,0,1,0,0,8,8,8,10,0,10,0,582.5891721999506,,,,,,,,,,,,,,,,,,,,,,,,,,,,,,,,,,,,,,,,,,,,,,,,,,,,,,,,,,,,,,,,,,,,,,,,,,,,,,,,,,,,,,,,,,,,582.5768318999326,582.5891721999506,582.5891721999506,582.5891721999506,582.7740743999602,None,,,,,,,,,,,,,,,,,,,,,,,P8384,Bar_MIC,11,1,2026-04-09_15h27.42.794,MIC_task,,2026.1.2,60.0367665301919,2026-04-09 15h27.44.539502 +0200,
,,11,0,11,,,,,,,11,p19,rendőr,police officier,6,people,professions,6.8,179,25,53,None,"(-0.1, 0)",None,,,,,,,,,,,,,,1,0,1,0,0,8,8,8,11,0,11,0,582.7896022999194,,,,,,,,,,,,,,,,,,,,,,,,,,,,,,,,,,,,,,,,,,,,,,,,,,,,,,,,,,,,,,,,,,,,,,,,,,,,,,,,,,,,,,,,,,,,582.777117199963,582.7896022999194,582.7896022999194,582.7896022999194,582.9745354999322,None,,,,,,,,,,,,,,,,,,,,,,,P8384,Bar_MIC,11,1,2026-04-09_15h27.42.794,MIC_task,,2026.1.2,60.0367665301919,2026-04-09 15h27.44.539502 +0200,
,,12,0,12,,,,,,,11,p19,rendőr,police officier,6,people,professions,6.8,179,25,53,None,"(-0.1, 0)",None,,,,,,,,,,,,,,1,0,1,0,0,8,8,8,12,0,12,0,582.9899538999889,,,,,,,,,,,,,,,,,,,,,,,,,,,,,,,,,,,,,,,,,,,,,,,,,,,,,,,,,,,,,,,,,,,,,,,,,,,,,,,,,,,,,,,,,,,,582.9777119999053,582.9899538999889,582.9899538999889,582.9899538999889,583.1737693999894,None,,,,,,,,,,,,,,,,,,,,,,,P8384,Bar_MIC,11,1,2026-04-09_15h27.42.794,MIC_task,,2026.1.2,60.0367665301919,2026-04-09 15h27.44.539502 +0200,
,,13,0,13,,,,,,,11,p19,rendőr,police officier,6,people,professions,6.8,179,25,53,None,"(-0.1, 0)",None,,,,,,,,,,,,,,1,0,1,0,0,8,8,8,13,0,13,0,583.1903281999985,,,,,,,,,,,,,,,,,,,,,,,,,,,,,,,,,,,,,,,,,,,,,,,,,,,,,,,,,,,,,,,,,,,,,,,,,,,,,,,,,,,,,,,,,,,,583.176848199917,583.1903281999985,583.1903281999985,583.1903281999985,583.3741563999793,None,,,,,,,,,,,,,,,,,,,,,,,P8384,Bar_MIC,11,1,2026-04-09_15h27.42.794,MIC_task,,2026.1.2,60.0367665301919,2026-04-09 15h27.44.539502 +0200,
,,14,0,14,,,,,,,11,p19,rendőr,police officier,6,people,professions,6.8,179,25,53,None,"(-0.1, 0)",space,None,None,,,,,,,,,,,,1,0,1,0,0,8,8,8,14,0,14,0,583.3907435999718,,,,,,,,,,,,,,,,,,,,,,,,,,,,,,,,,,,,,,,,,,,,,,,,,,,,,,,,,,,,,,,,,,,,,,,,,,,,,,,,,,,,,,,,,,,,583.3768867999315,583.3907435999718,583.3907435999718,583.3907435999718,583.4924957999028,space,None,None,,,,,,,,,,,,,,,,,,,,,P8384,Bar_MIC,11,1,2026-04-09_15h27.42.794,MIC_task,,2026.1.2,60.0367665301919,2026-04-09 15h27.44.539502 +0200,
,,8,8,0,,,,space,0.21169380005449057,None,11,p19,rendőr,police officier,6,people,professions,6.8,179,25,53,None,"(-0.1, 0)",,,,,,,,,,,,,,,1,0,1,0,0,8,8,8,,,,,,,,,,,,,,,,,,,,,,,,,,,,,,,,,,,,,,,,,,,,,,,,,,,,,,,,,,,,,,,,,,,,,,,,,,,,,,,,,583.553979099961,583.5600214999868,583.5583726666091,585.4946988999145,,,,,,587.4977015999611,587.5142540999223,587.5142540999223,587.7327649999643,,,,,,,,,,,,585.5234556999058,585.528287999914,585.527909033241,587.4134480999783,587.4976531999419,space,0.21169380005449057,None,,,,,,,,,,,,,P8384,Bar_MIC,11,1,2026-04-09_15h27.42.794,MIC_task,,2026.1.2,60.0367665301919,2026-04-09 15h27.44.539502 +0200,
,,0,0,0,,,,,,,11,c27,póló,t-shirt,3,clothes,tops,6.8,43,23,None,None,"(0.1, -0.1)",None,,,,,,,,,,,,,,1,0,1,0,0,9,9,9,0,0,0,0,587.7471067999722,,,,,,,,,,,,,,,,,,,,,,,,,,,,,,,,,,,,,,,,,,,,,,,,,,,,,,,,,,,,,,,,,,,,,,,,,,,,,,,,,,,,,,,,,,,,587.735932999989,587.7471067999722,587.7471067999722,587.7471067999722,587.9313960999716,None,,,,,,,,,,,587.9474876999157,587.9474876999157,587.9474876999157,,,,,,,,,,P8384,Bar_MIC,11,1,2026-04-09_15h27.42.794,MIC_task,,2026.1.2,60.0367665301919,2026-04-09 15h27.44.539502 +0200,
,,0,0,0,,,,,,,11,c27,póló,t-shirt,3,clothes,tops,6.8,43,23,None,None,"(0.1, -0.1)",None,,,,,,,,,,,,,,1,0,1,0,0,9,9,9,0,0,0,0,587.9474876999157,,,,,,,,,,,,,,,,,,,,,,,,,,,,,,,,,,,,,,,,,,,,,,,,,,,,,,,,,,,,,,,,,,,,,,,,,,,,,,,,,,,,,,,,,,,,587.9339156999486,587.9474876999157,587.9474876999157,587.9474876999157,588.1316951999906,None,,,,,,,,,,,588.1478502999526,588.1478502999526,588.1478502999526,,,,,,,,,,P8384,Bar_MIC,11,1,2026-04-09_15h27.42.794,MIC_task,,2026.1.2,60.0367665301919,2026-04-09 15h27.44.539502 +0200,
,,1,0,1,,,,,,,11,c27,póló,t-shirt,3,clothes,tops,6.8,43,23,None,None,"(0.1, -0.1)",None,,,,,,,,,,,,,,1,0,1,0,0,9,9,9,1,0,1,0,588.1478502999526,,,,,,,,,,,,,,,,,,,,,,,,,,,,,,,,,,,,,,,,,,,,,,,,,,,,,,,,,,,,,,,,,,,,,,,,,,,,,,,,,,,,,,,,,,,,588.1345480999444,588.1478502999526,588.1478502999526,588.1478502999526,588.3319710999494,None,,,,,,,,,,,588.3482355999295,588.3482355999295,588.3482355999295,,,,,,,,,,P8384,Bar_MIC,11,1,2026-04-09_15h27.42.794,MIC_task,,2026.1.2,60.0367665301919,2026-04-09 15h27.44.539502 +0200,
,,2,0,2,,,,,,,11,c27,póló,t-shirt,3,clothes,tops,6.8,43,23,None,None,"(0.1, -0.1)",None,,,,,,,,,,,,,,1,0,1,0,0,9,9,9,2,0,2,0,588.3482355999295,,,,,,,,,,,,,,,,,,,,,,,,,,,,,,,,,,,,,,,,,,,,,,,,,,,,,,,,,,,,,,,,,,,,,,,,,,,,,,,,,,,,,,,,,,,,588.3346595999319,588.3482355999295,588.3482355999295,588.3482355999295,588.5324682999635,None,,,,,,,,,,,588.5486229999224,588.5486229999224,588.5486229999224,,,,,,,,,,P8384,Bar_MIC,11,1,2026-04-09_15h27.42.794,MIC_task,,2026.1.2,60.0367665301919,2026-04-09 15h27.44.539502 +0200,
,,3,0,3,,,,,,,11,c27,póló,t-shirt,3,clothes,tops,6.8,43,23,None,None,"(0.1, -0.1)",None,,,,,,,,,,,,,,1,0,1,0,0,9,9,9,3,0,3,0,588.5486229999224,,,,,,,,,,,,,,,,,,,,,,,,,,,,,,,,,,,,,,,,,,,,,,,,,,,,,,,,,,,,,,,,,,,,,,,,,,,,,,,,,,,,,,,,,,,,588.5356062999927,588.5486229999224,588.5486229999224,588.5486229999224,588.7329902999336,None,,,,,,,,,,,588.7489532999462,588.7489532999462,588.7489532999462,,,,,,,,,,P8384,Bar_MIC,11,1,2026-04-09_15h27.42.794,MIC_task,,2026.1.2,60.0367665301919,2026-04-09 15h27.44.539502 +0200,
,,4,0,4,,,,,,,11,c27,póló,t-shirt,3,clothes,tops,6.8,43,23,None,None,"(0.1, -0.1)",None,,,,,,,,,,,,,,1,0,1,0,0,9,9,9,4,0,4,0,588.7489532999462,,,,,,,,,,,,,,,,,,,,,,,,,,,,,,,,,,,,,,,,,,,,,,,,,,,,,,,,,,,,,,,,,,,,,,,,,,,,,,,,,,,,,,,,,,,,588.7357026999816,588.7489532999462,588.7489532999462,588.7489532999462,588.9329590999987,None,,,,,,,,,,,,,,,,,,,,,,,P8384,Bar_MIC,11,1,2026-04-09_15h27.42.794,MIC_task,,2026.1.2,60.0367665301919,2026-04-09 15h27.44.539502 +0200,
,,5,0,5,,,,,,,11,c27,póló,t-shirt,3,clothes,tops,6.8,43,23,None,None,"(0.1, -0.1)",None,,,,,,,,,,,,,,1,0,1,0,0,9,9,9,5,0,5,0,588.9492953999434,,,,,,,,,,,,,,,,,,,,,,,,,,,,,,,,,,,,,,,,,,,,,,,,,,,,,,,,,,,,,,,,,,,,,,,,,,,,,,,,,,,,,,,,,,,,588.9358227999182,588.9492953999434,588.9492953999434,588.9492953999434,589.1334160999395,None,,,,,,,,,,,,,,,,,,,,,,,P8384,Bar_MIC,11,1,2026-04-09_15h27.42.794,MIC_task,,2026.1.2,60.0367665301919,2026-04-09 15h27.44.539502 +0200,
,,6,0,6,,,,,,,11,c27,póló,t-shirt,3,clothes,tops,6.8,43,23,None,None,"(0.1, -0.1)",None,,,,,,,,,,,,,,1,0,1,0,0,9,9,9,6,0,6,0,589.1497295999434,,,,,,,,,,,,,,,,,,,,,,,,,,,,,,,,,,,,,,,,,,,,,,,,,,,,,,,,,,,,,,,,,,,,,,,,,,,,,,,,,,,,,,,,,,,,589.1363336999202,589.1497295999434,589.1497295999434,589.1497295999434,589.3336911998922,None,,,,,,,,,,,,,,,,,,,,,,,P8384,Bar_MIC,11,1,2026-04-09_15h27.42.794,MIC_task,,2026.1.2,60.0367665301919,2026-04-09 15h27.44.539502 +0200,
,,7,0,7,,,,,,,11,c27,póló,t-shirt,3,clothes,tops,6.8,43,23,None,None,"(0.1, -0.1)",None,,,,,,,,,,,,,,1,0,1,0,0,9,9,9,7,0,7,0,589.3492904999293,,,,,,,,,,,,,,,,,,,,,,,,,,,,,,,,,,,,,,,,,,,,,,,,,,,,,,,,,,,,,,,,,,,,,,,,,,,,,,,,,,,,,,,,,,,,589.3369898999808,589.3492904999293,589.3492904999293,589.3492904999293,589.5341036999598,None,,,,,,,,,,,,,,,,,,,,,,,P8384,Bar_MIC,11,1,2026-04-09_15h27.42.794,MIC_task,,2026.1.2,60.0367665301919,2026-04-09 15h27.44.539502 +0200,
,,8,0,8,,,,,,,11,c27,póló,t-shirt,3,clothes,tops,6.8,43,23,None,None,"(0.1, -0.1)",None,,,,,,,,,,,,,,1,0,1,0,0,9,9,9,8,0,8,0,589.5504396999022,,,,,,,,,,,,,,,,,,,,,,,,,,,,,,,,,,,,,,,,,,,,,,,,,,,,,,,,,,,,,,,,,,,,,,,,,,,,,,,,,,,,,,,,,,,,589.5372286000056,589.5504396999022,589.5504396999022,589.5504396999022,589.7346053000074,None,,,,,,,,,,,,,,,,,,,,,,,P8384,Bar_MIC,11,1,2026-04-09_15h27.42.794,MIC_task,,2026.1.2,60.0367665301919,2026-04-09 15h27.44.539502 +0200,
,,9,0,9,,,,,,,11,c27,póló,t-shirt,3,clothes,tops,6.8,43,23,None,None,"(0.1, -0.1)",None,,,,,,,,,,,,,,1,0,1,0,0,9,9,9,9,0,9,0,589.7501302999444,,,,,,,,,,,,,,,,,,,,,,,,,,,,,,,,,,,,,,,,,,,,,,,,,,,,,,,,,,,,,,,,,,,,,,,,,,,,,,,,,,,,,,,,,,,,589.738043099991,589.7501302999444,589.7501302999444,589.7501302999444,589.9350154999411,None,,,,,,,,,,,,,,,,,,,,,,,P8384,Bar_MIC,11,1,2026-04-09_15h27.42.794,MIC_task,,2026.1.2,60.0367665301919,2026-04-09 15h27.44.539502 +0200,
,,10,0,10,,,,,,,11,c27,póló,t-shirt,3,clothes,tops,6.8,43,23,None,None,"(0.1, -0.1)",None,,,,,,,,,,,,,,1,0,1,0,0,9,9,9,10,0,10,0,589.950465300004,,,,,,,,,,,,,,,,,,,,,,,,,,,,,,,,,,,,,,,,,,,,,,,,,,,,,,,,,,,,,,,,,,,,,,,,,,,,,,,,,,,,,,,,,,,,589.938341000001,589.950465300004,589.950465300004,589.950465300004,590.135398299899,None,,,,,,,,,,,,,,,,,,,,,,,P8384,Bar_MIC,11,1,2026-04-09_15h27.42.794,MIC_task,,2026.1.2,60.0367665301919,2026-04-09 15h27.44.539502 +0200,
,,11,0,11,,,,,,,11,c27,póló,t-shirt,3,clothes,tops,6.8,43,23,None,None,"(0.1, -0.1)",None,,,,,,,,,,,,,,1,0,1,0,0,9,9,9,11,0,11,0,590.1508215999929,,,,,,,,,,,,,,,,,,,,,,,,,,,,,,,,,,,,,,,,,,,,,,,,,,,,,,,,,,,,,,,,,,,,,,,,,,,,,,,,,,,,,,,,,,,,590.1384552998934,590.1508215999929,590.1508215999929,590.1508215999929,590.3358492999105,None,,,,,,,,,,,,,,,,,,,,,,,P8384,Bar_MIC,11,1,2026-04-09_15h27.42.794,MIC_task,,2026.1.2,60.0367665301919,2026-04-09 15h27.44.539502 +0200,
,,12,0,12,,,,,,,11,c27,póló,t-shirt,3,clothes,tops,6.8,43,23,None,None,"(0.1, -0.1)",None,,,,,,,,,,,,,,1,0,1,0,0,9,9,9,12,0,12,0,590.3512534999754,,,,,,,,,,,,,,,,,,,,,,,,,,,,,,,,,,,,,,,,,,,,,,,,,,,,,,,,,,,,,,,,,,,,,,,,,,,,,,,,,,,,,,,,,,,,590.3390222999733,590.3512534999754,590.3512534999754,590.3512534999754,590.5350732998922,None,,,,,,,,,,,,,,,,,,,,,,,P8384,Bar_MIC,11,1,2026-04-09_15h27.42.794,MIC_task,,2026.1.2,60.0367665301919,2026-04-09 15h27.44.539502 +0200,
,,13,0,13,,,,,,,11,c27,póló,t-shirt,3,clothes,tops,6.8,43,23,None,None,"(0.1, -0.1)",None,,,,,,,,,,,,,,1,0,1,0,0,9,9,9,13,0,13,0,590.5516265999759,,,,,,,,,,,,,,,,,,,,,,,,,,,,,,,,,,,,,,,,,,,,,,,,,,,,,,,,,,,,,,,,,,,,,,,,,,,,,,,,,,,,,,,,,,,,590.5382817999925,590.5516265999759,590.5516265999759,590.5516265999759,590.7354695999529,None,,,,,,,,,,,,,,,,,,,,,,,P8384,Bar_MIC,11,1,2026-04-09_15h27.42.794,MIC_task,,2026.1.2,60.0367665301919,2026-04-09 15h27.44.539502 +0200,
,,14,0,14,,,,,,,11,c27,póló,t-shirt,3,clothes,tops,6.8,43,23,None,None,"(0.1, -0.1)",None,,,,,,,,,,,,,,1,0,1,0,0,9,9,9,14,0,14,0,590.7519734998932,,,,,,,,,,,,,,,,,,,,,,,,,,,,,,,,,,,,,,,,,,,,,,,,,,,,,,,,,,,,,,,,,,,,,,,,,,,,,,,,,,,,,,,,,,,,590.7385037000058,590.7519734998932,590.7519734998932,590.7519734998932,590.9360472999979,None,,,,,,,,,,,,,,,,,,,,,,,P8384,Bar_MIC,11,1,2026-04-09_15h27.42.794,MIC_task,,2026.1.2,60.0367665301919,2026-04-09 15h27.44.539502 +0200,
,,15,0,15,,,,,,,11,c27,póló,t-shirt,3,clothes,tops,6.8,43,23,None,None,"(0.1, -0.1)",None,,,,,,,,,,,,,,1,0,1,0,0,9,9,9,15,0,15,0,590.9523247999605,,,,,,,,,,,,,,,,,,,,,,,,,,,,,,,,,,,,,,,,,,,,,,,,,,,,,,,,,,,,,,,,,,,,,,,,,,,,,,,,,,,,,,,,,,,,590.9390143000055,590.9523247999605,590.9523247999605,590.9523247999605,591.1363936999114,None,,,,,,,,,,,,,,,,,,,,,,,P8384,Bar_MIC,11,1,2026-04-09_15h27.42.794,MIC_task,,2026.1.2,60.0367665301919,2026-04-09 15h27.44.539502 +0200,
,,16,0,16,,,,,,,11,c27,póló,t-shirt,3,clothes,tops,6.8,43,23,None,None,"(0.1, -0.1)",space,0.15447629999835044,None,,,,,,,,,,,,1,0,1,0,0,9,9,9,16,0,16,0,591.152655199985,,,,,,,,,,,,,,,,,,,,,,,,,,,,,,,,,,,,,,,,,,,,,,,,,,,,,,,,,,,,,,,,,,,,,,,,,,,,,,,,,,,,,,,,,,,,591.1395830999827,591.152655199985,591.152655199985,591.152655199985,591.3208033998962,space,0.15447629999835044,None,,,,,,,,,,,,,,,,,,,,,P8384,Bar_MIC,11,1,2026-04-09_15h27.42.794,MIC_task,,2026.1.2,60.0367665301919,2026-04-09 15h27.44.539502 +0200,
,,9,9,0,,,,space,0.28024830005597323,None,11,c27,póló,t-shirt,3,clothes,tops,6.8,43,23,None,None,"(0.1, -0.1)",,,,,,,,,,,,,,,1,0,1,0,0,9,9,9,,,,,,,,,,,,,,,,,,,,,,,,,,,,,,,,,,,,,,,,,,,,,,,,,,,,,,,,,,,,,,,,,,,,,,,,,,,,,,,,,591.3846982999239,591.3905465999851,591.3865198666617,593.3228956999956,,,,,,595.3269196999026,595.3422647999832,595.3422647999832,595.6274144999916,,,,,,,,,,,,593.3537115999497,593.3591316998936,593.3561272332522,595.2424266999587,595.3268724998925,space,0.28024830005597323,None,,,,,,,,,,,,,P8384,Bar_MIC,11,1,2026-04-09_15h27.42.794,MIC_task,,2026.1.2,60.0367665301919,2026-04-09 15h27.44.539502 +0200,
,,0,0,0,,,,,,,11,f26,méz,honey,4,food,sweets,7,51,None,65,None,"(0, -0.1)",None,,,,,,,,,,,,,,1,0,1,0,0,10,10,10,0,0,0,0,595.642409699969,,,,,,,,,,,,,,,,,,,,,,,,,,,,,,,,,,,,,,,,,,,,,,,,,,,,,,,,,,,,,,,,,,,,,,,,,,,,,,,,,,,,,,,,,,,,595.6306074999738,595.642409699969,595.642409699969,595.642409699969,595.8278356000083,None,,,,,,,,,,,595.8428276999621,595.8428276999621,595.8428276999621,,,,,,,,,,P8384,Bar_MIC,11,1,2026-04-09_15h27.42.794,MIC_task,,2026.1.2,60.0367665301919,2026-04-09 15h27.44.539502 +0200,
,,0,0,0,,,,,,,11,f26,méz,honey,4,food,sweets,7,51,None,65,None,"(0, -0.1)",None,,,,,,,,,,,,,,1,0,1,0,0,10,10,10,0,0,0,0,595.8428276999621,,,,,,,,,,,,,,,,,,,,,,,,,,,,,,,,,,,,,,,,,,,,,,,,,,,,,,,,,,,,,,,,,,,,,,,,,,,,,,,,,,,,,,,,,,,,595.83105779998,595.8428276999621,595.8428276999621,595.8428276999621,596.027061700006,None,,,,,,,,,,,596.0431856999639,596.0431856999639,596.0431856999639,,,,,,,,,,P8384,Bar_MIC,11,1,2026-04-09_15h27.42.794,MIC_task,,2026.1.2,60.0367665301919,2026-04-09 15h27.44.539502 +0200,
,,1,0,1,,,,,,,11,f26,méz,honey,4,food,sweets,7,51,None,65,None,"(0, -0.1)",None,,,,,,,,,,,,,,1,0,1,0,0,10,10,10,1,0,1,0,596.0431856999639,,,,,,,,,,,,,,,,,,,,,,,,,,,,,,,,,,,,,,,,,,,,,,,,,,,,,,,,,,,,,,,,,,,,,,,,,,,,,,,,,,,,,,,,,,,,596.0303082999308,596.0431856999639,596.0431856999639,596.0431856999639,596.2282445000019,None,,,,,,,,,,,,,,,,,,,,,,,P8384,Bar_MIC,11,1,2026-04-09_15h27.42.794,MIC_task,,2026.1.2,60.0367665301919,2026-04-09 15h27.44.539502 +0200,
,,2,0,2,,,,,,,11,f26,méz,honey,4,food,sweets,7,51,None,65,None,"(0, -0.1)",None,,,,,,,,,,,,,,1,0,1,0,0,10,10,10,2,0,2,0,596.2435743999667,,,,,,,,,,,,,,,,,,,,,,,,,,,,,,,,,,,,,,,,,,,,,,,,,,,,,,,,,,,,,,,,,,,,,,,,,,,,,,,,,,,,,,,,,,,,596.2315031999024,596.2435743999667,596.2435743999667,596.2435743999667,596.427877399954,None,,,,,,,,,,,596.4440213999478,596.4440213999478,596.4440213999478,,,,,,,,,,P8384,Bar_MIC,11,1,2026-04-09_15h27.42.794,MIC_task,,2026.1.2,60.0367665301919,2026-04-09 15h27.44.539502 +0200,
,,3,0,3,,,,,,,11,f26,méz,honey,4,food,sweets,7,51,None,65,None,"(0, -0.1)",None,,,,,,,,,,,,,,1,0,1,0,0,10,10,10,3,0,3,0,596.4440213999478,,,,,,,,,,,,,,,,,,,,,,,,,,,,,,,,,,,,,,,,,,,,,,,,,,,,,,,,,,,,,,,,,,,,,,,,,,,,,,,,,,,,,,,,,,,,596.430944499909,596.4440213999478,596.4440213999478,596.4440213999478,596.6279057000065,None,,,,,,,,,,,,,,,,,,,,,,,P8384,Bar_MIC,11,1,2026-04-09_15h27.42.794,MIC_task,,2026.1.2,60.0367665301919,2026-04-09 15h27.44.539502 +0200,
,,4,0,4,,,,,,,11,f26,méz,honey,4,food,sweets,7,51,None,65,None,"(0, -0.1)",None,,,,,,,,,,,,,,1,0,1,0,0,10,10,10,4,0,4,0,596.6444273999659,,,,,,,,,,,,,,,,,,,,,,,,,,,,,,,,,,,,,,,,,,,,,,,,,,,,,,,,,,,,,,,,,,,,,,,,,,,,,,,,,,,,,,,,,,,,596.6310681999894,596.6444273999659,596.6444273999659,596.6444273999659,596.8282900999766,None,,,,,,,,,,,,,,,,,,,,,,,P8384,Bar_MIC,11,1,2026-04-09_15h27.42.794,MIC_task,,2026.1.2,60.0367665301919,2026-04-09 15h27.44.539502 +0200,
,,5,0,5,,,,,,,11,f26,méz,honey,4,food,sweets,7,51,None,65,None,"(0, -0.1)",None,,,,,,,,,,,,,,1,0,1,0,0,10,10,10,5,0,5,0,596.8446866999147,,,,,,,,,,,,,,,,,,,,,,,,,,,,,,,,,,,,,,,,,,,,,,,,,,,,,,,,,,,,,,,,,,,,,,,,,,,,,,,,,,,,,,,,,,,,596.8315183999948,596.8446866999147,596.8446866999147,596.8446866999147,597.0290604999755,None,,,,,,,,,,,,,,,,,,,,,,,P8384,Bar_MIC,11,1,2026-04-09_15h27.42.794,MIC_task,,2026.1.2,60.0367665301919,2026-04-09 15h27.44.539502 +0200,
,,6,0,6,,,,,,,11,f26,méz,honey,4,food,sweets,7,51,None,65,None,"(0, -0.1)",None,,,,,,,,,,,,,,1,0,1,0,0,10,10,10,6,0,6,0,597.0449991999194,,,,,,,,,,,,,,,,,,,,,,,,,,,,,,,,,,,,,,,,,,,,,,,,,,,,,,,,,,,,,,,,,,,,,,,,,,,,,,,,,,,,,,,,,,,,597.0322407999774,597.0449991999194,597.0449991999194,597.0449991999194,597.2293591999914,None,,,,,,,,,,,,,,,,,,,,,,,P8384,Bar_MIC,11,1,2026-04-09_15h27.42.794,MIC_task,,2026.1.2,60.0367665301919,2026-04-09 15h27.44.539502 +0200,
,,7,0,7,,,,,,,11,f26,méz,honey,4,food,sweets,7,51,None,65,None,"(0, -0.1)",None,,,,,,,,,,,,,,1,0,1,0,0,10,10,10,7,0,7,0,597.2453985000029,,,,,,,,,,,,,,,,,,,,,,,,,,,,,,,,,,,,,,,,,,,,,,,,,,,,,,,,,,,,,,,,,,,,,,,,,,,,,,,,,,,,,,,,,,,,597.2323178999359,597.2453985000029,597.2453985000029,597.2453985000029,597.4297115999507,None,,,,,,,,,,,,,,,,,,,,,,,P8384,Bar_MIC,11,1,2026-04-09_15h27.42.794,MIC_task,,2026.1.2,60.0367665301919,2026-04-09 15h27.44.539502 +0200,
,,8,0,8,,,,,,,11,f26,méz,honey,4,food,sweets,7,51,None,65,None,"(0, -0.1)",None,,,,,,,,,,,,,,1,0,1,0,0,10,10,10,8,0,8,0,597.4458151999861,,,,,,,,,,,,,,,,,,,,,,,,,,,,,,,,,,,,,,,,,,,,,,,,,,,,,,,,,,,,,,,,,,,,,,,,,,,,,,,,,,,,,,,,,,,,597.433034799993,597.4458151999861,597.4458151999861,597.4458151999861,597.6299414999085,None,,,,,,,,,,,,,,,,,,,,,,,P8384,Bar_MIC,11,1,2026-04-09_15h27.42.794,MIC_task,,2026.1.2,60.0367665301919,2026-04-09 15h27.44.539502 +0200,
,,9,0,9,,,,,,,11,f26,méz,honey,4,food,sweets,7,51,None,65,None,"(0, -0.1)",space,0.02406730002257973,None,,,,,,,,,,,,1,0,1,0,0,10,10,10,9,0,9,0,597.6462148999562,,,,,,,,,,,,,,,,,,,,,,,,,,,,,,,,,,,,,,,,,,,,,,,,,,,,,,,,,,,,,,,,,,,,,,,,,,,,,,,,,,,,,,,,,,,,597.6333296999801,597.6462148999562,597.6462148999562,597.6462148999562,597.6811419998994,space,0.02406730002257973,None,,,,,,,,,,,,,,,,,,,,,P8384,Bar_MIC,11,1,2026-04-09_15h27.42.794,MIC_task,,2026.1.2,60.0367665301919,2026-04-09 15h27.44.539502 +0200,
,,10,10,0,,,,space,0.23970949999056756,None,11,f26,méz,honey,4,food,sweets,7,51,None,65,None,"(0, -0.1)",,,,,,,,,,,,,,,1,0,1,0,0,10,10,10,,,,,,,,,,,,,,,,,,,,,,,,,,,,,,,,,,,,,,,,,,,,,,,,,,,,,,,,,,,,,,,,,,,,,,,,,,,,,,,,,597.7443190999329,597.7497798999539,597.7469795666557,599.6832382999128,,,,,,601.6861785999499,601.7028853999218,601.7028853999218,601.9536826999392,,,,,,,,,,,,599.7150601999601,599.7207548998995,599.7164493332461,601.6019373999443,601.6861327999504,space,0.23970949999056756,None,,,,,,,,,,,,,P8384,Bar_MIC,11,1,2026-04-09_15h27.42.794,MIC_task,,2026.1.2,60.0367665301919,2026-04-09 15h27.44.539502 +0200,
,,0,0,0,,,,,,,11,a09,pingvin,penguin,1,animal,bird,6,13,25,68,None,"(-0.1, -0.1)",None,,,,,,,,,,,,,,1,0,1,0,0,11,11,11,0,0,0,0,601.9691227999283,,,,,,,,,,,,,,,,,,,,,,,,,,,,,,,,,,,,,,,,,,,,,,,,,,,,,,,,,,,,,,,,,,,,,,,,,,,,,,,,,,,,,,,,,,,,601.956944399979,601.9691227999283,601.9691227999283,601.9691227999283,602.1534933999646,None,,,,,,,,,,,602.1694967999356,602.1694967999356,602.1694967999356,,,,,,,,,,P8384,Bar_MIC,11,1,2026-04-09_15h27.42.794,MIC_task,,2026.1.2,60.0367665301919,2026-04-09 15h27.44.539502 +0200,
,,0,0,0,,,,,,,11,a09,pingvin,penguin,1,animal,bird,6,13,25,68,None,"(-0.1, -0.1)",None,,,,,,,,,,,,,,1,0,1,0,0,11,11,11,0,0,0,0,602.1694967999356,,,,,,,,,,,,,,,,,,,,,,,,,,,,,,,,,,,,,,,,,,,,,,,,,,,,,,,,,,,,,,,,,,,,,,,,,,,,,,,,,,,,,,,,,,,,602.1562528999057,602.1694967999356,602.1694967999356,602.1694967999356,602.3538358999649,None,,,,,,,,,,,602.3698430999648,602.3698430999648,602.3698430999648,,,,,,,,,,P8384,Bar_MIC,11,1,2026-04-09_15h27.42.794,MIC_task,,2026.1.2,60.0367665301919,2026-04-09 15h27.44.539502 +0200,
,,1,0,1,,,,,,,11,a09,pingvin,penguin,1,animal,bird,6,13,25,68,None,"(-0.1, -0.1)",None,,,,,,,,,,,,,,1,0,1,0,0,11,11,11,1,0,1,0,602.3698430999648,,,,,,,,,,,,,,,,,,,,,,,,,,,,,,,,,,,,,,,,,,,,,,,,,,,,,,,,,,,,,,,,,,,,,,,,,,,,,,,,,,,,,,,,,,,,602.3568843998946,602.3698430999648,602.3698430999648,602.3698430999648,602.5545032999944,None,,,,,,,,,,,,,,,,,,,,,,,P8384,Bar_MIC,11,1,2026-04-09_15h27.42.794,MIC_task,,2026.1.2,60.0367665301919,2026-04-09 15h27.44.539502 +0200,
,,2,0,2,,,,,,,11,a09,pingvin,penguin,1,animal,bird,6,13,25,68,None,"(-0.1, -0.1)",None,,,,,,,,,,,,,,1,0,1,0,0,11,11,11,2,0,2,0,602.5701284999959,,,,,,,,,,,,,,,,,,,,,,,,,,,,,,,,,,,,,,,,,,,,,,,,,,,,,,,,,,,,,,,,,,,,,,,,,,,,,,,,,,,,,,,,,,,,602.5578787999693,602.5701284999959,602.5701284999959,602.5701284999959,602.7542076999089,None,,,,,,,,,,,,,,,,,,,,,,,P8384,Bar_MIC,11,1,2026-04-09_15h27.42.794,MIC_task,,2026.1.2,60.0367665301919,2026-04-09 15h27.44.539502 +0200,
,,3,0,3,,,,,,,11,a09,pingvin,penguin,1,animal,bird,6,13,25,68,None,"(-0.1, -0.1)",None,,,,,,,,,,,,,,1,0,1,0,0,11,11,11,3,0,3,0,602.770567099913,,,,,,,,,,,,,,,,,,,,,,,,,,,,,,,,,,,,,,,,,,,,,,,,,,,,,,,,,,,,,,,,,,,,,,,,,,,,,,,,,,,,,,,,,,,,602.7573882999131,602.770567099913,602.770567099913,602.770567099913,602.9547280999832,None,,,,,,,,,,,,,,,,,,,,,,,P8384,Bar_MIC,11,1,2026-04-09_15h27.42.794,MIC_task,,2026.1.2,60.0367665301919,2026-04-09 15h27.44.539502 +0200,
,,4,0,4,,,,,,,11,a09,pingvin,penguin,1,animal,bird,6,13,25,68,None,"(-0.1, -0.1)",None,,,,,,,,,,,,,,1,0,1,0,0,11,11,11,4,0,4,0,602.9709247999126,,,,,,,,,,,,,,,,,,,,,,,,,,,,,,,,,,,,,,,,,,,,,,,,,,,,,,,,,,,,,,,,,,,,,,,,,,,,,,,,,,,,,,,,,,,,602.9578579999506,602.9709247999126,602.9709247999126,602.9709247999126,603.1550591998966,None,,,,,,,,,,,,,,,,,,,,,,,P8384,Bar_MIC,11,1,2026-04-09_15h27.42.794,MIC_task,,2026.1.2,60.0367665301919,2026-04-09 15h27.44.539502 +0200,
,,5,0,5,,,,,,,11,a09,pingvin,penguin,1,animal,bird,6,13,25,68,None,"(-0.1, -0.1)",None,,,,,,,,,,,,,,1,0,1,0,0,11,11,11,5,0,5,0,603.1712987999199,,,,,,,,,,,,,,,,,,,,,,,,,,,,,,,,,,,,,,,,,,,,,,,,,,,,,,,,,,,,,,,,,,,,,,,,,,,,,,,,,,,,,,,,,,,,603.1585356999421,603.1712987999199,603.1712987999199,603.1712987999199,603.3554322998971,None,,,,,,,,,,,,,,,,,,,,,,,P8384,Bar_MIC,11,1,2026-04-09_15h27.42.794,MIC_task,,2026.1.2,60.0367665301919,2026-04-09 15h27.44.539502 +0200,
,,6,0,6,,,,,,,11,a09,pingvin,penguin,1,animal,bird,6,13,25,68,None,"(-0.1, -0.1)",None,,,,,,,,,,,,,,1,0,1,0,0,11,11,11,6,0,6,0,603.370901199989,,,,,,,,,,,,,,,,,,,,,,,,,,,,,,,,,,,,,,,,,,,,,,,,,,,,,,,,,,,,,,,,,,,,,,,,,,,,,,,,,,,,,,,,,,,,603.3584906999022,603.370901199989,603.370901199989,603.370901199989,603.5558416999411,None,,,,,,,,,,,,,,,,,,,,,,,P8384,Bar_MIC,11,1,2026-04-09_15h27.42.794,MIC_task,,2026.1.2,60.0367665301919,2026-04-09 15h27.44.539502 +0200,
,,7,0,7,,,,,,,11,a09,pingvin,penguin,1,animal,bird,6,13,25,68,None,"(-0.1, -0.1)",None,,,,,,,,,,,,,,1,0,1,0,0,11,11,11,7,0,7,0,603.5713428999297,,,,,,,,,,,,,,,,,,,,,,,,,,,,,,,,,,,,,,,,,,,,,,,,,,,,,,,,,,,,,,,,,,,,,,,,,,,,,,,,,,,,,,,,,,,,603.5588405999588,603.5713428999297,603.5713428999297,603.5713428999297,603.7562489999691,None,,,,,,,,,,,,,,,,,,,,,,,P8384,Bar_MIC,11,1,2026-04-09_15h27.42.794,MIC_task,,2026.1.2,60.0367665301919,2026-04-09 15h27.44.539502 +0200,
,,8,0,8,,,,,,,11,a09,pingvin,penguin,1,animal,bird,6,13,25,68,None,"(-0.1, -0.1)",None,,,,,,,,,,,,,,1,0,1,0,0,11,11,11,8,0,8,0,603.7717568998924,,,,,,,,,,,,,,,,,,,,,,,,,,,,,,,,,,,,,,,,,,,,,,,,,,,,,,,,,,,,,,,,,,,,,,,,,,,,,,,,,,,,,,,,,,,,603.7594262999482,603.7717568998924,603.7717568998924,603.7717568998924,603.9554058999056,None,,,,,,,,,,,,,,,,,,,,,,,P8384,Bar_MIC,11,1,2026-04-09_15h27.42.794,MIC_task,,2026.1.2,60.0367665301919,2026-04-09 15h27.44.539502 +0200,
,,9,0,9,,,,,,,11,a09,pingvin,penguin,1,animal,bird,6,13,25,68,None,"(-0.1, -0.1)",None,,,,,,,,,,,,,,1,0,1,0,0,11,11,11,9,0,9,0,603.9721354999347,,,,,,,,,,,,,,,,,,,,,,,,,,,,,,,,,,,,,,,,,,,,,,,,,,,,,,,,,,,,,,,,,,,,,,,,,,,,,,,,,,,,,,,,,,,,603.9584580999799,603.9721354999347,603.9721354999347,603.9721354999347,604.1558788999682,None,,,,,,,,,,,,,,,,,,,,,,,P8384,Bar_MIC,11,1,2026-04-09_15h27.42.794,MIC_task,,2026.1.2,60.0367665301919,2026-04-09 15h27.44.539502 +0200,
,,10,0,10,,,,,,,11,a09,pingvin,penguin,1,animal,bird,6,13,25,68,None,"(-0.1, -0.1)",None,,,,,,,,,,,,,,1,0,1,0,0,11,11,11,10,0,10,0,604.1725005999906,,,,,,,,,,,,,,,,,,,,,,,,,,,,,,,,,,,,,,,,,,,,,,,,,,,,,,,,,,,,,,,,,,,,,,,,,,,,,,,,,,,,,,,,,,,,604.1590022000019,604.1725005999906,604.1725005999906,604.1725005999906,604.3562839999795,None,,,,,,,,,,,,,,,,,,,,,,,P8384,Bar_MIC,11,1,2026-04-09_15h27.42.794,MIC_task,,2026.1.2,60.0367665301919,2026-04-09 15h27.44.539502 +0200,
,,11,0,11,,,,,,,11,a09,pingvin,penguin,1,animal,bird,6,13,25,68,None,"(-0.1, -0.1)",None,,,,,,,,,,,,,,1,0,1,0,0,11,11,11,11,0,11,0,604.3729103999212,,,,,,,,,,,,,,,,,,,,,,,,,,,,,,,,,,,,,,,,,,,,,,,,,,,,,,,,,,,,,,,,,,,,,,,,,,,,,,,,,,,,,,,,,,,,604.3596147999633,604.3729103999212,604.3729103999212,604.3729103999212,604.556765699992,None,,,,,,,,,,,,,,,,,,,,,,,P8384,Bar_MIC,11,1,2026-04-09_15h27.42.794,MIC_task,,2026.1.2,60.0367665301919,2026-04-09 15h27.44.539502 +0200,
,,12,0,12,,,,,,,11,a09,pingvin,penguin,1,animal,bird,6,13,25,68,None,"(-0.1, -0.1)",None,,,,,,,,,,,,,,1,0,1,0,0,11,11,11,12,0,12,0,604.5732557999436,,,,,,,,,,,,,,,,,,,,,,,,,,,,,,,,,,,,,,,,,,,,,,,,,,,,,,,,,,,,,,,,,,,,,,,,,,,,,,,,,,,,,,,,,,,,604.559854399995,604.5732557999436,604.5732557999436,604.5732557999436,604.7570889999624,None,,,,,,,,,,,,,,,,,,,,,,,P8384,Bar_MIC,11,1,2026-04-09_15h27.42.794,MIC_task,,2026.1.2,60.0367665301919,2026-04-09 15h27.44.539502 +0200,
,,13,0,13,,,,,,,11,a09,pingvin,penguin,1,animal,bird,6,13,25,68,None,"(-0.1, -0.1)",None,,,,,,,,,,,,,,1,0,1,0,0,11,11,11,13,0,13,0,604.7736743999412,,,,,,,,,,,,,,,,,,,,,,,,,,,,,,,,,,,,,,,,,,,,,,,,,,,,,,,,,,,,,,,,,,,,,,,,,,,,,,,,,,,,,,,,,,,,604.760043199989,604.7736743999412,604.7736743999412,604.7736743999412,604.9575423999922,None,,,,,,,,,,,,,,,,,,,,,,,P8384,Bar_MIC,11,1,2026-04-09_15h27.42.794,MIC_task,,2026.1.2,60.0367665301919,2026-04-09 15h27.44.539502 +0200,
,,14,0,14,,,,,,,11,a09,pingvin,penguin,1,animal,bird,6,13,25,68,None,"(-0.1, -0.1)",None,,,,,,,,,,,,,,1,0,1,0,0,11,11,11,14,0,14,0,604.9739549999358,,,,,,,,,,,,,,,,,,,,,,,,,,,,,,,,,,,,,,,,,,,,,,,,,,,,,,,,,,,,,,,,,,,,,,,,,,,,,,,,,,,,,,,,,,,,604.9606461999938,604.9739549999358,604.9739549999358,604.9739549999358,605.1581324998988,None,,,,,,,,,,,,,,,,,,,,,,,P8384,Bar_MIC,11,1,2026-04-09_15h27.42.794,MIC_task,,2026.1.2,60.0367665301919,2026-04-09 15h27.44.539502 +0200,
,,15,0,15,,,,,,,11,a09,pingvin,penguin,1,animal,bird,6,13,25,68,None,"(-0.1, -0.1)",None,,,,,,,,,,,,,,1,0,1,0,0,11,11,11,15,0,15,0,605.174330699956,,,,,,,,,,,,,,,,,,,,,,,,,,,,,,,,,,,,,,,,,,,,,,,,,,,,,,,,,,,,,,,,,,,,,,,,,,,,,,,,,,,,,,,,,,,,605.1611950999359,605.174330699956,605.174330699956,605.174330699956,605.3583823000081,None,,,,,,,,,,,,,,,,,,,,,,,P8384,Bar_MIC,11,1,2026-04-09_15h27.42.794,MIC_task,,2026.1.2,60.0367665301919,2026-04-09 15h27.44.539502 +0200,
,,16,0,16,,,,,,,11,a09,pingvin,penguin,1,animal,bird,6,13,25,68,None,"(-0.1, -0.1)",None,,,,,,,,,,,,,,1,0,1,0,0,11,11,11,16,0,16,0,605.3746954998933,,,,,,,,,,,,,,,,,,,,,,,,,,,,,,,,,,,,,,,,,,,,,,,,,,,,,,,,,,,,,,,,,,,,,,,,,,,,,,,,,,,,,,,,,,,,605.3616606999421,605.3746954998933,605.3746954998933,605.3746954998933,605.5589778999565,None,,,,,,,,,,,,,,,,,,,,,,,P8384,Bar_MIC,11,1,2026-04-09_15h27.42.794,MIC_task,,2026.1.2,60.0367665301919,2026-04-09 15h27.44.539502 +0200,
,,17,0,17,,,,,,,11,a09,pingvin,penguin,1,animal,bird,6,13,25,68,None,"(-0.1, -0.1)",None,,,,,,,,,,,,,,1,0,1,0,0,11,11,11,17,0,17,0,605.5742813999532,,,,,,,,,,,,,,,,,,,,,,,,,,,,,,,,,,,,,,,,,,,,,,,,,,,,,,,,,,,,,,,,,,,,,,,,,,,,,,,,,,,,,,,,,,,,605.5619002999738,605.5742813999532,605.5742813999532,605.5742813999532,605.7592206998961,None,,,,,,,,,,,,,,,,,,,,,,,P8384,Bar_MIC,11,1,2026-04-09_15h27.42.794,MIC_task,,2026.1.2,60.0367665301919,2026-04-09 15h27.44.539502 +0200,
,,18,0,18,,,,,,,11,a09,pingvin,penguin,1,animal,bird,6,13,25,68,None,"(-0.1, -0.1)",None,,,,,,,,,,,,,,1,0,1,0,0,11,11,11,18,0,18,0,605.7746224999428,,,,,,,,,,,,,,,,,,,,,,,,,,,,,,,,,,,,,,,,,,,,,,,,,,,,,,,,,,,,,,,,,,,,,,,,,,,,,,,,,,,,,,,,,,,,605.7622347999131,605.7746224999428,605.7746224999428,605.7746224999428,605.9597326999065,None,,,,,,,,,,,,,,,,,,,,,,,P8384,Bar_MIC,11,1,2026-04-09_15h27.42.794,MIC_task,,2026.1.2,60.0367665301919,2026-04-09 15h27.44.539502 +0200,
,,19,0,19,,,,,,,11,a09,pingvin,penguin,1,animal,bird,6,13,25,68,None,"(-0.1, -0.1)",None,,,,,,,,,,,,,,1,0,1,0,0,11,11,11,19,0,19,0,605.9751231999835,,,,,,,,,,,,,,,,,,,,,,,,,,,,,,,,,,,,,,,,,,,,,,,,,,,,,,,,,,,,,,,,,,,,,,,,,,,,,,,,,,,,,,,,,,,,605.9627559999935,605.9751231999835,605.9751231999835,605.9751231999835,606.1587187999394,None,,,,,,,,,,,,,,,,,,,,,,,P8384,Bar_MIC,11,1,2026-04-09_15h27.42.794,MIC_task,,2026.1.2,60.0367665301919,2026-04-09 15h27.44.539502 +0200,
,,20,0,20,,,,,,,11,a09,pingvin,penguin,1,animal,bird,6,13,25,68,None,"(-0.1, -0.1)",None,,,,,,,,,,,,,,1,0,1,0,0,11,11,11,20,0,20,0,606.1754259999143,,,,,,,,,,,,,,,,,,,,,,,,,,,,,,,,,,,,,,,,,,,,,,,,,,,,,,,,,,,,,,,,,,,,,,,,,,,,,,,,,,,,,,,,,,,,606.1623203000054,606.1754259999143,606.1754259999143,606.1754259999143,606.3599942999426,None,,,,,,,,,,,,,,,,,,,,,,,P8384,Bar_MIC,11,1,2026-04-09_15h27.42.794,MIC_task,,2026.1.2,60.0367665301919,2026-04-09 15h27.44.539502 +0200,
,,21,0,21,,,,,,,11,a09,pingvin,penguin,1,animal,bird,6,13,25,68,None,"(-0.1, -0.1)",None,,,,,,,,,,,,,,1,0,1,0,0,11,11,11,21,0,21,0,606.375895199948,,,,,,,,,,,,,,,,,,,,,,,,,,,,,,,,,,,,,,,,,,,,,,,,,,,,,,,,,,,,,,,,,,,,,,,,,,,,,,,,,,,,,,,,,,,,606.3630312999012,606.375895199948,606.375895199948,606.375895199948,606.5599692999385,None,,,,,,,,,,,,,,,,,,,,,,,P8384,Bar_MIC,11,1,2026-04-09_15h27.42.794,MIC_task,,2026.1.2,60.0367665301919,2026-04-09 15h27.44.539502 +0200,
,,22,0,22,,,,,,,11,a09,pingvin,penguin,1,animal,bird,6,13,25,68,None,"(-0.1, -0.1)",None,,,,,,,,,,,,,,1,0,1,0,0,11,11,11,22,0,22,0,606.57626849995,,,,,,,,,,,,,,,,,,,,,,,,,,,,,,,,,,,,,,,,,,,,,,,,,,,,,,,,,,,,,,,,,,,,,,,,,,,,,,,,,,,,,,,,,,,,606.5633009999292,606.57626849995,606.57626849995,606.57626849995,606.7601375998929,None,,,,,,,,,,,,,,,,,,,,,,,P8384,Bar_MIC,11,1,2026-04-09_15h27.42.794,MIC_task,,2026.1.2,60.0367665301919,2026-04-09 15h27.44.539502 +0200,
,,23,0,23,,,,,,,11,a09,pingvin,penguin,1,animal,bird,6,13,25,68,None,"(-0.1, -0.1)",None,,,,,,,,,,,,,,1,0,1,0,0,11,11,11,23,0,23,0,606.7765455999179,,,,,,,,,,,,,,,,,,,,,,,,,,,,,,,,,,,,,,,,,,,,,,,,,,,,,,,,,,,,,,,,,,,,,,,,,,,,,,,,,,,,,,,,,,,,606.7635476998985,606.7765455999179,606.7765455999179,606.7765455999179,606.960730999941,None,,,,,,,,,,,,,,,,,,,,,,,P8384,Bar_MIC,11,1,2026-04-09_15h27.42.794,MIC_task,,2026.1.2,60.0367665301919,2026-04-09 15h27.44.539502 +0200,
,,24,0,24,,,,,,,11,a09,pingvin,penguin,1,animal,bird,6,13,25,68,None,"(-0.1, -0.1)",None,,,,,,,,,,,,,,1,0,1,0,0,11,11,11,24,0,24,0,606.976859599934,,,,,,,,,,,,,,,,,,,,,,,,,,,,,,,,,,,,,,,,,,,,,,,,,,,,,,,,,,,,,,,,,,,,,,,,,,,,,,,,,,,,,,,,,,,,606.9641579999588,606.976859599934,606.976859599934,606.976859599934,607.1610187999904,None,,,,,,,,,,,,,,,,,,,,,,,P8384,Bar_MIC,11,1,2026-04-09_15h27.42.794,MIC_task,,2026.1.2,60.0367665301919,2026-04-09 15h27.44.539502 +0200,
,,25,0,25,,,,,,,11,a09,pingvin,penguin,1,animal,bird,6,13,25,68,None,"(-0.1, -0.1)",None,,,,,,,,,,,,,,1,0,1,0,0,11,11,11,25,0,25,0,607.1772640999407,,,,,,,,,,,,,,,,,,,,,,,,,,,,,,,,,,,,,,,,,,,,,,,,,,,,,,,,,,,,,,,,,,,,,,,,,,,,,,,,,,,,,,,,,,,,607.1643576999195,607.1772640999407,607.1772640999407,607.1772640999407,607.3612656999612,None,,,,,,,,,,,,,,,,,,,,,,,P8384,Bar_MIC,11,1,2026-04-09_15h27.42.794,MIC_task,,2026.1.2,60.0367665301919,2026-04-09 15h27.44.539502 +0200,
,,26,0,26,,,,,,,11,a09,pingvin,penguin,1,animal,bird,6,13,25,68,None,"(-0.1, -0.1)",space,0.014367699972353876,None,,,,,,,,,,,,1,0,1,0,0,11,11,11,26,0,26,0,607.3776637999108,,,,,,,,,,,,,,,,,,,,,,,,,,,,,,,,,,,,,,,,,,,,,,,,,,,,,,,,,,,,,,,,,,,,,,,,,,,,,,,,,,,,,,,,,,,,607.3646905999631,607.3776637999108,607.3776637999108,607.3776637999108,607.3958973999834,space,0.014367699972353876,None,,,,,,,,,,,,,,,,,,,,,P8384,Bar_MIC,11,1,2026-04-09_15h27.42.794,MIC_task,,2026.1.2,60.0367665301919,2026-04-09 15h27.44.539502 +0200,
,,11,11,0,,,,space,0.30074360000435263,None,11,a09,pingvin,penguin,1,animal,bird,6,13,25,68,None,"(-0.1, -0.1)",,,,,,,,,,,,,,,1,0,1,0,0,11,11,11,,,,,,,,,,,,,,,,,,,,,,,,,,,,,,,,,,,,,,,,,,,,,,,,,,,,,,,,,,,,,,,,,,,,,,,,,,,,,,,,,607.4600991999032,607.4657731999177,607.4615536666397,609.3975145999575,,,,,,611.4006553000072,611.4173941999907,611.4173941999907,611.7349267998943,,,,,,,,,,,,609.4233377999626,609.4292665999383,609.4307214332589,611.3165880999295,611.4006096998928,space,0.30074360000435263,None,,,,,,,,,,,,,P8384,Bar_MIC,11,1,2026-04-09_15h27.42.794,MIC_task,,2026.1.2,60.0367665301919,2026-04-09 15h27.44.539502 +0200,
,,0,0,0,,,,,,,11,v07,hajó,ship,10,vehicles,watercraft,7,None,None,46,21,"(0, -0.1)",None,,,,,,,,,,,,,,1,0,1,0,0,12,12,12,0,0,0,0,611.7508549999911,,,,,,,,,,,,,,,,,,,,,,,,,,,,,,,,,,,,,,,,,,,,,,,,,,,,,,,,,,,,,,,,,,,,,,,,,,,,,,,,,,,,,,,,,,,,611.7381528998958,611.7508549999911,611.7508549999911,611.7508549999911,611.9353468999034,None,,,,,,,,,,,611.9511279999278,611.9511279999278,611.9511279999278,,,,,,,,,,P8384,Bar_MIC,11,1,2026-04-09_15h27.42.794,MIC_task,,2026.1.2,60.0367665301919,2026-04-09 15h27.44.539502 +0200,
,,0,0,0,,,,,,,11,v07,hajó,ship,10,vehicles,watercraft,7,None,None,46,21,"(0, -0.1)",None,,,,,,,,,,,,,,1,0,1,0,0,12,12,12,0,0,0,0,611.9511279999278,,,,,,,,,,,,,,,,,,,,,,,,,,,,,,,,,,,,,,,,,,,,,,,,,,,,,,,,,,,,,,,,,,,,,,,,,,,,,,,,,,,,,,,,,,,,611.93842209992,611.9511279999278,611.9511279999278,611.9511279999278,612.1352829999523,None,,,,,,,,,,,,,,,,,,,,,,,P8384,Bar_MIC,11,1,2026-04-09_15h27.42.794,MIC_task,,2026.1.2,60.0367665301919,2026-04-09 15h27.44.539502 +0200,
,,1,0,1,,,,,,,11,v07,hajó,ship,10,vehicles,watercraft,7,None,None,46,21,"(0, -0.1)",None,,,,,,,,,,,,,,1,0,1,0,0,12,12,12,1,0,1,0,612.1515487999422,,,,,,,,,,,,,,,,,,,,,,,,,,,,,,,,,,,,,,,,,,,,,,,,,,,,,,,,,,,,,,,,,,,,,,,,,,,,,,,,,,,,,,,,,,,,612.1386682000011,612.1515487999422,612.1515487999422,612.1515487999422,612.3356241999427,None,,,,,,,,,,,,,,,,,,,,,,,P8384,Bar_MIC,11,1,2026-04-09_15h27.42.794,MIC_task,,2026.1.2,60.0367665301919,2026-04-09 15h27.44.539502 +0200,
,,2,0,2,,,,,,,11,v07,hajó,ship,10,vehicles,watercraft,7,None,None,46,21,"(0, -0.1)",None,,,,,,,,,,,,,,1,0,1,0,0,12,12,12,2,0,2,0,612.3519698999589,,,,,,,,,,,,,,,,,,,,,,,,,,,,,,,,,,,,,,,,,,,,,,,,,,,,,,,,,,,,,,,,,,,,,,,,,,,,,,,,,,,,,,,,,,,,612.3388216999592,612.3519698999589,612.3519698999589,612.3519698999589,612.536173600005,None,,,,,,,,,,,,,,,,,,,,,,,P8384,Bar_MIC,11,1,2026-04-09_15h27.42.794,MIC_task,,2026.1.2,60.0367665301919,2026-04-09 15h27.44.539502 +0200,
,,3,0,3,,,,,,,11,v07,hajó,ship,10,vehicles,watercraft,7,None,None,46,21,"(0, -0.1)",None,,,,,,,,,,,,,,1,0,1,0,0,12,12,12,3,0,3,0,612.551570899901,,,,,,,,,,,,,,,,,,,,,,,,,,,,,,,,,,,,,,,,,,,,,,,,,,,,,,,,,,,,,,,,,,,,,,,,,,,,,,,,,,,,,,,,,,,,612.539446999901,612.551570899901,612.551570899901,612.551570899901,612.7364244000055,None,,,,,,,,,,,,,,,,,,,,,,,P8384,Bar_MIC,11,1,2026-04-09_15h27.42.794,MIC_task,,2026.1.2,60.0367665301919,2026-04-09 15h27.44.539502 +0200,
,,4,0,4,,,,,,,11,v07,hajó,ship,10,vehicles,watercraft,7,None,None,46,21,"(0, -0.1)",None,,,,,,,,,,,,,,1,0,1,0,0,12,12,12,4,0,4,0,612.7519666999578,,,,,,,,,,,,,,,,,,,,,,,,,,,,,,,,,,,,,,,,,,,,,,,,,,,,,,,,,,,,,,,,,,,,,,,,,,,,,,,,,,,,,,,,,,,,612.7398270999547,612.7519666999578,612.7519666999578,612.7519666999578,612.9370039999485,None,,,,,,,,,,,,,,,,,,,,,,,P8384,Bar_MIC,11,1,2026-04-09_15h27.42.794,MIC_task,,2026.1.2,60.0367665301919,2026-04-09 15h27.44.539502 +0200,
,,5,0,5,,,,,,,11,v07,hajó,ship,10,vehicles,watercraft,7,None,None,46,21,"(0, -0.1)",None,,,,,,,,,,,,,,1,0,1,0,0,12,12,12,5,0,5,0,612.9523479999043,,,,,,,,,,,,,,,,,,,,,,,,,,,,,,,,,,,,,,,,,,,,,,,,,,,,,,,,,,,,,,,,,,,,,,,,,,,,,,,,,,,,,,,,,,,,612.9403883999912,612.9523479999043,612.9523479999043,612.9523479999043,613.1372637999011,None,,,,,,,,,,,,,,,,,,,,,,,P8384,Bar_MIC,11,1,2026-04-09_15h27.42.794,MIC_task,,2026.1.2,60.0367665301919,2026-04-09 15h27.44.539502 +0200,
,,6,0,6,,,,,,,11,v07,hajó,ship,10,vehicles,watercraft,7,None,None,46,21,"(0, -0.1)",None,,,,,,,,,,,,,,1,0,1,0,0,12,12,12,6,0,6,0,613.1527143999701,,,,,,,,,,,,,,,,,,,,,,,,,,,,,,,,,,,,,,,,,,,,,,,,,,,,,,,,,,,,,,,,,,,,,,,,,,,,,,,,,,,,,,,,,,,,613.1405849999283,613.1527143999701,613.1527143999701,613.1527143999701,613.3376958000008,None,,,,,,,,,,,,,,,,,,,,,,,P8384,Bar_MIC,11,1,2026-04-09_15h27.42.794,MIC_task,,2026.1.2,60.0367665301919,2026-04-09 15h27.44.539502 +0200,
,,7,0,7,,,,,,,11,v07,hajó,ship,10,vehicles,watercraft,7,None,None,46,21,"(0, -0.1)",None,,,,,,,,,,,,,,1,0,1,0,0,12,12,12,7,0,7,0,613.3530693999492,,,,,,,,,,,,,,,,,,,,,,,,,,,,,,,,,,,,,,,,,,,,,,,,,,,,,,,,,,,,,,,,,,,,,,,,,,,,,,,,,,,,,,,,,,,,613.341148699983,613.3530693999492,613.3530693999492,613.3530693999492,613.5370363999391,None,,,,,,,,,,,,,,,,,,,,,,,P8384,Bar_MIC,11,1,2026-04-09_15h27.42.794,MIC_task,,2026.1.2,60.0367665301919,2026-04-09 15h27.44.539502 +0200,
,,8,0,8,,,,,,,11,v07,hajó,ship,10,vehicles,watercraft,7,None,None,46,21,"(0, -0.1)",None,,,,,,,,,,,,,,1,0,1,0,0,12,12,12,8,0,8,0,613.5535258000018,,,,,,,,,,,,,,,,,,,,,,,,,,,,,,,,,,,,,,,,,,,,,,,,,,,,,,,,,,,,,,,,,,,,,,,,,,,,,,,,,,,,,,,,,,,,613.5403685999336,613.5535258000018,613.5535258000018,613.5535258000018,613.7373120998964,None,,,,,,,,,,,,,,,,,,,,,,,P8384,Bar_MIC,11,1,2026-04-09_15h27.42.794,MIC_task,,2026.1.2,60.0367665301919,2026-04-09 15h27.44.539502 +0200,
,,9,0,9,,,,,,,11,v07,hajó,ship,10,vehicles,watercraft,7,None,None,46,21,"(0, -0.1)",None,,,,,,,,,,,,,,1,0,1,0,0,12,12,12,9,0,9,0,613.753825499909,,,,,,,,,,,,,,,,,,,,,,,,,,,,,,,,,,,,,,,,,,,,,,,,,,,,,,,,,,,,,,,,,,,,,,,,,,,,,,,,,,,,,,,,,,,,613.7409625999862,613.753825499909,613.753825499909,613.753825499909,613.9377784999087,None,,,,,,,,,,,,,,,,,,,,,,,P8384,Bar_MIC,11,1,2026-04-09_15h27.42.794,MIC_task,,2026.1.2,60.0367665301919,2026-04-09 15h27.44.539502 +0200,
,,10,0,10,,,,,,,11,v07,hajó,ship,10,vehicles,watercraft,7,None,None,46,21,"(0, -0.1)",None,,,,,,,,,,,,,,1,0,1,0,0,12,12,12,10,0,10,0,613.9542650999501,,,,,,,,,,,,,,,,,,,,,,,,,,,,,,,,,,,,,,,,,,,,,,,,,,,,,,,,,,,,,,,,,,,,,,,,,,,,,,,,,,,,,,,,,,,,613.9410343999043,613.9542650999501,613.9542650999501,613.9542650999501,614.1382330999477,None,,,,,,,,,,,,,,,,,,,,,,,P8384,Bar_MIC,11,1,2026-04-09_15h27.42.794,MIC_task,,2026.1.2,60.0367665301919,2026-04-09 15h27.44.539502 +0200,
,,11,0,11,,,,,,,11,v07,hajó,ship,10,vehicles,watercraft,7,None,None,46,21,"(0, -0.1)",None,,,,,,,,,,,,,,1,0,1,0,0,12,12,12,11,0,11,0,614.1545319999568,,,,,,,,,,,,,,,,,,,,,,,,,,,,,,,,,,,,,,,,,,,,,,,,,,,,,,,,,,,,,,,,,,,,,,,,,,,,,,,,,,,,,,,,,,,,614.1416567999404,614.1545319999568,614.1545319999568,614.1545319999568,614.3386235999642,None,,,,,,,,,,,,,,,,,,,,,,,P8384,Bar_MIC,11,1,2026-04-09_15h27.42.794,MIC_task,,2026.1.2,60.0367665301919,2026-04-09 15h27.44.539502 +0200,
,,12,0,12,,,,,,,11,v07,hajó,ship,10,vehicles,watercraft,7,None,None,46,21,"(0, -0.1)",None,,,,,,,,,,,,,,1,0,1,0,0,12,12,12,12,0,12,0,614.3549270998919,,,,,,,,,,,,,,,,,,,,,,,,,,,,,,,,,,,,,,,,,,,,,,,,,,,,,,,,,,,,,,,,,,,,,,,,,,,,,,,,,,,,,,,,,,,,614.3416606999235,614.3549270998919,614.3549270998919,614.3549270998919,614.5393669999903,None,,,,,,,,,,,,,,,,,,,,,,,P8384,Bar_MIC,11,1,2026-04-09_15h27.42.794,MIC_task,,2026.1.2,60.0367665301919,2026-04-09 15h27.44.539502 +0200,
,,13,0,13,,,,,,,11,v07,hajó,ship,10,vehicles,watercraft,7,None,None,46,21,"(0, -0.1)",None,,,,,,,,,,,,,,1,0,1,0,0,12,12,12,13,0,13,0,614.5553207999328,,,,,,,,,,,,,,,,,,,,,,,,,,,,,,,,,,,,,,,,,,,,,,,,,,,,,,,,,,,,,,,,,,,,,,,,,,,,,,,,,,,,,,,,,,,,614.5425450999755,614.5553207999328,614.5553207999328,614.5553207999328,614.73932589998,None,,,,,,,,,,,,,,,,,,,,,,,P8384,Bar_MIC,11,1,2026-04-09_15h27.42.794,MIC_task,,2026.1.2,60.0367665301919,2026-04-09 15h27.44.539502 +0200,
,,14,0,14,,,,,,,11,v07,hajó,ship,10,vehicles,watercraft,7,None,None,46,21,"(0, -0.1)",None,,,,,,,,,,,,,,1,0,1,0,0,12,12,12,14,0,14,0,614.7556792999385,,,,,,,,,,,,,,,,,,,,,,,,,,,,,,,,,,,,,,,,,,,,,,,,,,,,,,,,,,,,,,,,,,,,,,,,,,,,,,,,,,,,,,,,,,,,614.742788799922,614.7556792999385,614.7556792999385,614.7556792999385,614.9397358999122,None,,,,,,,,,,,,,,,,,,,,,,,P8384,Bar_MIC,11,1,2026-04-09_15h27.42.794,MIC_task,,2026.1.2,60.0367665301919,2026-04-09 15h27.44.539502 +0200,
,,15,0,15,,,,,,,11,v07,hajó,ship,10,vehicles,watercraft,7,None,None,46,21,"(0, -0.1)",None,,,,,,,,,,,,,,1,0,1,0,0,12,12,12,15,0,15,0,614.955328199896,,,,,,,,,,,,,,,,,,,,,,,,,,,,,,,,,,,,,,,,,,,,,,,,,,,,,,,,,,,,,,,,,,,,,,,,,,,,,,,,,,,,,,,,,,,,614.9425804999191,614.955328199896,614.955328199896,614.955328199896,615.1402519999538,None,,,,,,,,,,,,,,,,,,,,,,,P8384,Bar_MIC,11,1,2026-04-09_15h27.42.794,MIC_task,,2026.1.2,60.0367665301919,2026-04-09 15h27.44.539502 +0200,
,,16,0,16,,,,,,,11,v07,hajó,ship,10,vehicles,watercraft,7,None,None,46,21,"(0, -0.1)",None,,,,,,,,,,,,,,1,0,1,0,0,12,12,12,16,0,16,0,615.1557190999156,,,,,,,,,,,,,,,,,,,,,,,,,,,,,,,,,,,,,,,,,,,,,,,,,,,,,,,,,,,,,,,,,,,,,,,,,,,,,,,,,,,,,,,,,,,,615.143292899942,615.1557190999156,615.1557190999156,615.1557190999156,615.3406837999355,None,,,,,,,,,,,,,,,,,,,,,,,P8384,Bar_MIC,11,1,2026-04-09_15h27.42.794,MIC_task,,2026.1.2,60.0367665301919,2026-04-09 15h27.44.539502 +0200,
,,17,0,17,,,,,,,11,v07,hajó,ship,10,vehicles,watercraft,7,None,None,46,21,"(0, -0.1)",None,,,,,,,,,,,,,,1,0,1,0,0,12,12,12,17,0,17,0,615.3560899998993,,,,,,,,,,,,,,,,,,,,,,,,,,,,,,,,,,,,,,,,,,,,,,,,,,,,,,,,,,,,,,,,,,,,,,,,,,,,,,,,,,,,,,,,,,,,615.3440058999695,615.3560899998993,615.3560899998993,615.3560899998993,615.5398917999119,None,,,,,,,,,,,,,,,,,,,,,,,P8384,Bar_MIC,11,1,2026-04-09_15h27.42.794,MIC_task,,2026.1.2,60.0367665301919,2026-04-09 15h27.44.539502 +0200,
,,18,0,18,,,,,,,11,v07,hajó,ship,10,vehicles,watercraft,7,None,None,46,21,"(0, -0.1)",None,,,,,,,,,,,,,,1,0,1,0,0,12,12,12,18,0,18,0,615.5564189999131,,,,,,,,,,,,,,,,,,,,,,,,,,,,,,,,,,,,,,,,,,,,,,,,,,,,,,,,,,,,,,,,,,,,,,,,,,,,,,,,,,,,,,,,,,,,615.5427033999003,615.5564189999131,615.5564189999131,615.5564189999131,615.7401966999751,None,,,,,,,,,,,,,,,,,,,,,,,P8384,Bar_MIC,11,1,2026-04-09_15h27.42.794,MIC_task,,2026.1.2,60.0367665301919,2026-04-09 15h27.44.539502 +0200,
,,19,0,19,,,,,,,11,v07,hajó,ship,10,vehicles,watercraft,7,None,None,46,21,"(0, -0.1)",None,,,,,,,,,,,,,,1,0,1,0,0,12,12,12,19,0,19,0,615.7568718999391,,,,,,,,,,,,,,,,,,,,,,,,,,,,,,,,,,,,,,,,,,,,,,,,,,,,,,,,,,,,,,,,,,,,,,,,,,,,,,,,,,,,,,,,,,,,615.7434081999818,615.7568718999391,615.7568718999391,615.7568718999391,615.9406397999264,None,,,,,,,,,,,,,,,,,,,,,,,P8384,Bar_MIC,11,1,2026-04-09_15h27.42.794,MIC_task,,2026.1.2,60.0367665301919,2026-04-09 15h27.44.539502 +0200,
,,20,0,20,,,,,,,11,v07,hajó,ship,10,vehicles,watercraft,7,None,None,46,21,"(0, -0.1)",None,,,,,,,,,,,,,,1,0,1,0,0,12,12,12,20,0,20,0,615.9572308999486,,,,,,,,,,,,,,,,,,,,,,,,,,,,,,,,,,,,,,,,,,,,,,,,,,,,,,,,,,,,,,,,,,,,,,,,,,,,,,,,,,,,,,,,,,,,615.9441955999937,615.9572308999486,615.9572308999486,615.9572308999486,616.1413248999743,None,,,,,,,,,,,,,,,,,,,,,,,P8384,Bar_MIC,11,1,2026-04-09_15h27.42.794,MIC_task,,2026.1.2,60.0367665301919,2026-04-09 15h27.44.539502 +0200,
,,21,0,21,,,,,,,11,v07,hajó,ship,10,vehicles,watercraft,7,None,None,46,21,"(0, -0.1)",None,,,,,,,,,,,,,,1,0,1,0,0,12,12,12,21,0,21,0,616.1576515999623,,,,,,,,,,,,,,,,,,,,,,,,,,,,,,,,,,,,,,,,,,,,,,,,,,,,,,,,,,,,,,,,,,,,,,,,,,,,,,,,,,,,,,,,,,,,616.1442531999201,616.1576515999623,616.1576515999623,616.1576515999623,616.3414459999185,None,,,,,,,,,,,,,,,,,,,,,,,P8384,Bar_MIC,11,1,2026-04-09_15h27.42.794,MIC_task,,2026.1.2,60.0367665301919,2026-04-09 15h27.44.539502 +0200,
,,22,0,22,,,,,,,11,v07,hajó,ship,10,vehicles,watercraft,7,None,None,46,21,"(0, -0.1)",None,,,,,,,,,,,,,,1,0,1,0,0,12,12,12,22,0,22,0,616.3579824999906,,,,,,,,,,,,,,,,,,,,,,,,,,,,,,,,,,,,,,,,,,,,,,,,,,,,,,,,,,,,,,,,,,,,,,,,,,,,,,,,,,,,,,,,,,,,616.3445707999635,616.3579824999906,616.3579824999906,616.3579824999906,616.541968000005,None,,,,,,,,,,,,,,,,,,,,,,,P8384,Bar_MIC,11,1,2026-04-09_15h27.42.794,MIC_task,,2026.1.2,60.0367665301919,2026-04-09 15h27.44.539502 +0200,
,,23,0,23,,,,,,,11,v07,hajó,ship,10,vehicles,watercraft,7,None,None,46,21,"(0, -0.1)",None,,,,,,,,,,,,,,1,0,1,0,0,12,12,12,23,0,23,0,616.558221599902,,,,,,,,,,,,,,,,,,,,,,,,,,,,,,,,,,,,,,,,,,,,,,,,,,,,,,,,,,,,,,,,,,,,,,,,,,,,,,,,,,,,,,,,,,,,616.5454452999402,616.558221599902,616.558221599902,616.558221599902,616.742333299946,None,,,,,,,,,,,,,,,,,,,,,,,P8384,Bar_MIC,11,1,2026-04-09_15h27.42.794,MIC_task,,2026.1.2,60.0367665301919,2026-04-09 15h27.44.539502 +0200,
,,24,0,24,,,,,,,11,v07,hajó,ship,10,vehicles,watercraft,7,None,None,46,21,"(0, -0.1)",None,,,,,,,,,,,,,,1,0,1,0,0,12,12,12,24,0,24,0,616.7586332999635,,,,,,,,,,,,,,,,,,,,,,,,,,,,,,,,,,,,,,,,,,,,,,,,,,,,,,,,,,,,,,,,,,,,,,,,,,,,,,,,,,,,,,,,,,,,616.745766799897,616.7586332999635,616.7586332999635,616.7586332999635,616.9427387999604,None,,,,,,,,,,,,,,,,,,,,,,,P8384,Bar_MIC,11,1,2026-04-09_15h27.42.794,MIC_task,,2026.1.2,60.0367665301919,2026-04-09 15h27.44.539502 +0200,
,,25,0,25,,,,,,,11,v07,hajó,ship,10,vehicles,watercraft,7,None,None,46,21,"(0, -0.1)",None,,,,,,,,,,,,,,1,0,1,0,0,12,12,12,25,0,25,0,616.9590653999476,,,,,,,,,,,,,,,,,,,,,,,,,,,,,,,,,,,,,,,,,,,,,,,,,,,,,,,,,,,,,,,,,,,,,,,,,,,,,,,,,,,,,,,,,,,,616.9462079999503,616.9590653999476,616.9590653999476,616.9590653999476,617.1431673999177,None,,,,,,,,,,,,,,,,,,,,,,,P8384,Bar_MIC,11,1,2026-04-09_15h27.42.794,MIC_task,,2026.1.2,60.0367665301919,2026-04-09 15h27.44.539502 +0200,
,,26,0,26,,,,,,,11,v07,hajó,ship,10,vehicles,watercraft,7,None,None,46,21,"(0, -0.1)",None,,,,,,,,,,,,,,1,0,1,0,0,12,12,12,26,0,26,0,617.1586735999444,,,,,,,,,,,,,,,,,,,,,,,,,,,,,,,,,,,,,,,,,,,,,,,,,,,,,,,,,,,,,,,,,,,,,,,,,,,,,,,,,,,,,,,,,,,,617.1463328999234,617.1586735999444,617.1586735999444,617.1586735999444,617.3437155999709,None,,,,,,,,,,,,,,,,,,,,,,,P8384,Bar_MIC,11,1,2026-04-09_15h27.42.794,MIC_task,,2026.1.2,60.0367665301919,2026-04-09 15h27.44.539502 +0200,
,,27,0,27,,,,,,,11,v07,hajó,ship,10,vehicles,watercraft,7,None,None,46,21,"(0, -0.1)",None,,,,,,,,,,,,,,1,0,1,0,0,12,12,12,27,0,27,0,617.3590799999656,,,,,,,,,,,,,,,,,,,,,,,,,,,,,,,,,,,,,,,,,,,,,,,,,,,,,,,,,,,,,,,,,,,,,,,,,,,,,,,,,,,,,,,,,,,,617.347005299991,617.3590799999656,617.3590799999656,617.3590799999656,617.5439519999782,None,,,,,,,,,,,,,,,,,,,,,,,P8384,Bar_MIC,11,1,2026-04-09_15h27.42.794,MIC_task,,2026.1.2,60.0367665301919,2026-04-09 15h27.44.539502 +0200,
,,28,0,28,,,,,,,11,v07,hajó,ship,10,vehicles,watercraft,7,None,None,46,21,"(0, -0.1)",None,,,,,,,,,,,,,,1,0,1,0,0,12,12,12,28,0,28,0,617.559398299898,,,,,,,,,,,,,,,,,,,,,,,,,,,,,,,,,,,,,,,,,,,,,,,,,,,,,,,,,,,,,,,,,,,,,,,,,,,,,,,,,,,,,,,,,,,,617.5470571999904,617.559398299898,617.559398299898,617.559398299898,617.743247599923,None,,,,,,,,,,,,,,,,,,,,,,,P8384,Bar_MIC,11,1,2026-04-09_15h27.42.794,MIC_task,,2026.1.2,60.0367665301919,2026-04-09 15h27.44.539502 +0200,
,,29,0,29,,,,,,,11,v07,hajó,ship,10,vehicles,watercraft,7,None,None,46,21,"(0, -0.1)",None,,,,,,,,,,,,,,1,0,1,0,0,12,12,12,29,0,29,0,617.7597978999838,,,,,,,,,,,,,,,,,,,,,,,,,,,,,,,,,,,,,,,,,,,,,,,,,,,,,,,,,,,,,,,,,,,,,,,,,,,,,,,,,,,,,,,,,,,,617.7463638999034,617.7597978999838,617.7597978999838,617.7597978999838,617.9437291999348,None,,,,,,,,,,,,,,,,,,,,,,,P8384,Bar_MIC,11,1,2026-04-09_15h27.42.794,MIC_task,,2026.1.2,60.0367665301919,2026-04-09 15h27.44.539502 +0200,
,,30,0,30,,,,,,,11,v07,hajó,ship,10,vehicles,watercraft,7,None,None,46,21,"(0, -0.1)",None,,,,,,,,,,,,,,1,0,1,0,0,12,12,12,30,0,30,0,617.9603157999227,,,,,,,,,,,,,,,,,,,,,,,,,,,,,,,,,,,,,,,,,,,,,,,,,,,,,,,,,,,,,,,,,,,,,,,,,,,,,,,,,,,,,,,,,,,,617.9464913998963,617.9603157999227,617.9603157999227,617.9603157999227,618.1441004999215,None,,,,,,,,,,,,,,,,,,,,,,,P8384,Bar_MIC,11,1,2026-04-09_15h27.42.794,MIC_task,,2026.1.2,60.0367665301919,2026-04-09 15h27.44.539502 +0200,
,,31,0,31,,,,,,,11,v07,hajó,ship,10,vehicles,watercraft,7,None,None,46,21,"(0, -0.1)",space,0.027468300075270236,None,,,,,,,,,,,,1,0,1,0,0,12,12,12,31,0,31,0,618.1605933998944,,,,,,,,,,,,,,,,,,,,,,,,,,,,,,,,,,,,,,,,,,,,,,,,,,,,,,,,,,,,,,,,,,,,,,,,,,,,,,,,,,,,,,,,,,,,618.1470535999397,618.1605933998944,618.1605933998944,618.1605933998944,618.195387099986,space,0.027468300075270236,None,,,,,,,,,,,,,,,,,,,,,P8384,Bar_MIC,11,1,2026-04-09_15h27.42.794,MIC_task,,2026.1.2,60.0367665301919,2026-04-09 15h27.44.539502 +0200,
,,12,12,0,,,,space,0.3900279001099989,None,11,v07,hajó,ship,10,vehicles,watercraft,7,None,None,46,21,"(0, -0.1)",,,,,,,,,,,,,,,1,0,1,0,0,12,12,12,,,,,,,,,,,,,,,,,,,,,,,,,,,,,,,,,,,,,,,,,,,,,,,,,,,,,,,,,,,,,,,,,,,,,,,,,,,,,,,,,618.2607669999124,618.2663817999419,618.2610145666558,620.1972991999937,,,,,,622.2002710999222,622.2171842999524,622.2171842999524,622.6186835999833,,,,,,,,,,,,620.2223432000028,620.2273191999411,620.230485733257,622.1173317999346,622.2002242999151,space,0.3900279001099989,None,,,,,,,,,,,,,P8384,Bar_MIC,11,1,2026-04-09_15h27.42.794,MIC_task,,2026.1.2,60.0367665301919,2026-04-09 15h27.44.539502 +0200,
,,0,0,0,,,,,,,11,p04,bohóc,clown,6,people,entertainment,6.8,14,19,44,None,"(0.1, 0.1)",None,,,,,,,,,,,,,,1,0,1,0,0,13,13,13,0,0,0,0,622.6342850999208,,,,,,,,,,,,,,,,,,,,,,,,,,,,,,,,,,,,,,,,,,,,,,,,,,,,,,,,,,,,,,,,,,,,,,,,,,,,,,,,,,,,,,,,,,,,622.6220097999321,622.6342850999208,622.6342850999208,622.6342850999208,622.8187822999898,None,,,,,,,,,,,622.8346135999309,622.8346135999309,622.8346135999309,,,,,,,,,,P8384,Bar_MIC,11,1,2026-04-09_15h27.42.794,MIC_task,,2026.1.2,60.0367665301919,2026-04-09 15h27.44.539502 +0200,
,,0,0,0,,,,,,,11,p04,bohóc,clown,6,people,entertainment,6.8,14,19,44,None,"(0.1, 0.1)",None,,,,,,,,,,,,,,1,0,1,0,0,13,13,13,0,0,0,0,622.8346135999309,,,,,,,,,,,,,,,,,,,,,,,,,,,,,,,,,,,,,,,,,,,,,,,,,,,,,,,,,,,,,,,,,,,,,,,,,,,,,,,,,,,,,,,,,,,,622.8224947999697,622.8346135999309,622.8346135999309,622.8346135999309,623.0192494000075,None,,,,,,,,,,,623.0342272999696,623.0342272999696,623.0342272999696,,,,,,,,,,P8384,Bar_MIC,11,1,2026-04-09_15h27.42.794,MIC_task,,2026.1.2,60.0367665301919,2026-04-09 15h27.44.539502 +0200,
,,1,0,1,,,,,,,11,p04,bohóc,clown,6,people,entertainment,6.8,14,19,44,None,"(0.1, 0.1)",None,,,,,,,,,,,,,,1,0,1,0,0,13,13,13,1,0,1,0,623.0342272999696,,,,,,,,,,,,,,,,,,,,,,,,,,,,,,,,,,,,,,,,,,,,,,,,,,,,,,,,,,,,,,,,,,,,,,,,,,,,,,,,,,,,,,,,,,,,623.022767999908,623.0342272999696,623.0342272999696,623.0342272999696,623.2191758999834,None,,,,,,,,,,,,,,,,,,,,,,,P8384,Bar_MIC,11,1,2026-04-09_15h27.42.794,MIC_task,,2026.1.2,60.0367665301919,2026-04-09 15h27.44.539502 +0200,
,,2,0,2,,,,,,,11,p04,bohóc,clown,6,people,entertainment,6.8,14,19,44,None,"(0.1, 0.1)",None,,,,,,,,,,,,,,1,0,1,0,0,13,13,13,2,0,2,0,623.2346566999331,,,,,,,,,,,,,,,,,,,,,,,,,,,,,,,,,,,,,,,,,,,,,,,,,,,,,,,,,,,,,,,,,,,,,,,,,,,,,,,,,,,,,,,,,,,,623.2225749999052,623.2346566999331,623.2346566999331,623.2346566999331,623.4195503999945,None,,,,,,,,,,,,,,,,,,,,,,,P8384,Bar_MIC,11,1,2026-04-09_15h27.42.794,MIC_task,,2026.1.2,60.0367665301919,2026-04-09 15h27.44.539502 +0200,
,,3,0,3,,,,,,,11,p04,bohóc,clown,6,people,entertainment,6.8,14,19,44,None,"(0.1, 0.1)",None,,,,,,,,,,,,,,1,0,1,0,0,13,13,13,3,0,3,0,623.4349997999379,,,,,,,,,,,,,,,,,,,,,,,,,,,,,,,,,,,,,,,,,,,,,,,,,,,,,,,,,,,,,,,,,,,,,,,,,,,,,,,,,,,,,,,,,,,,623.4226711998926,623.4349997999379,623.4349997999379,623.4349997999379,623.6199548000004,None,,,,,,,,,,,,,,,,,,,,,,,P8384,Bar_MIC,11,1,2026-04-09_15h27.42.794,MIC_task,,2026.1.2,60.0367665301919,2026-04-09 15h27.44.539502 +0200,
,,4,0,4,,,,,,,11,p04,bohóc,clown,6,people,entertainment,6.8,14,19,44,None,"(0.1, 0.1)",None,,,,,,,,,,,,,,1,0,1,0,0,13,13,13,4,0,4,0,623.6354440998985,,,,,,,,,,,,,,,,,,,,,,,,,,,,,,,,,,,,,,,,,,,,,,,,,,,,,,,,,,,,,,,,,,,,,,,,,,,,,,,,,,,,,,,,,,,,623.6231174999848,623.6354440998985,623.6354440998985,623.6354440998985,623.819112499943,None,,,,,,,,,,,,,,,,,,,,,,,P8384,Bar_MIC,11,1,2026-04-09_15h27.42.794,MIC_task,,2026.1.2,60.0367665301919,2026-04-09 15h27.44.539502 +0200,
,,5,0,5,,,,,,,11,p04,bohóc,clown,6,people,entertainment,6.8,14,19,44,None,"(0.1, 0.1)",None,,,,,,,,,,,,,,1,0,1,0,0,13,13,13,5,0,5,0,623.8357663999777,,,,,,,,,,,,,,,,,,,,,,,,,,,,,,,,,,,,,,,,,,,,,,,,,,,,,,,,,,,,,,,,,,,,,,,,,,,,,,,,,,,,,,,,,,,,623.8223084999481,623.8357663999777,623.8357663999777,623.8357663999777,624.0195591999218,None,,,,,,,,,,,,,,,,,,,,,,,P8384,Bar_MIC,11,1,2026-04-09_15h27.42.794,MIC_task,,2026.1.2,60.0367665301919,2026-04-09 15h27.44.539502 +0200,
,,6,0,6,,,,,,,11,p04,bohóc,clown,6,people,entertainment,6.8,14,19,44,None,"(0.1, 0.1)",None,,,,,,,,,,,,,,1,0,1,0,0,13,13,13,6,0,6,0,624.0361547999782,,,,,,,,,,,,,,,,,,,,,,,,,,,,,,,,,,,,,,,,,,,,,,,,,,,,,,,,,,,,,,,,,,,,,,,,,,,,,,,,,,,,,,,,,,,,624.0227816998959,624.0361547999782,624.0361547999782,624.0361547999782,624.2200866999337,None,,,,,,,,,,,,,,,,,,,,,,,P8384,Bar_MIC,11,1,2026-04-09_15h27.42.794,MIC_task,,2026.1.2,60.0367665301919,2026-04-09 15h27.44.539502 +0200,
,,7,0,7,,,,,,,11,p04,bohóc,clown,6,people,entertainment,6.8,14,19,44,None,"(0.1, 0.1)",None,,,,,,,,,,,,,,1,0,1,0,0,13,13,13,7,0,7,0,624.2365784998983,,,,,,,,,,,,,,,,,,,,,,,,,,,,,,,,,,,,,,,,,,,,,,,,,,,,,,,,,,,,,,,,,,,,,,,,,,,,,,,,,,,,,,,,,,,,624.2233030999778,624.2365784998983,624.2365784998983,624.2365784998983,624.4204075000016,None,,,,,,,,,,,,,,,,,,,,,,,P8384,Bar_MIC,11,1,2026-04-09_15h27.42.794,MIC_task,,2026.1.2,60.0367665301919,2026-04-09 15h27.44.539502 +0200,
,,8,0,8,,,,,,,11,p04,bohóc,clown,6,people,entertainment,6.8,14,19,44,None,"(0.1, 0.1)",None,,,,,,,,,,,,,,1,0,1,0,0,13,13,13,8,0,8,0,624.4369528999086,,,,,,,,,,,,,,,,,,,,,,,,,,,,,,,,,,,,,,,,,,,,,,,,,,,,,,,,,,,,,,,,,,,,,,,,,,,,,,,,,,,,,,,,,,,,624.4242866999703,624.4369528999086,624.4369528999086,624.4369528999086,624.6208519999636,None,,,,,,,,,,,,,,,,,,,,,,,P8384,Bar_MIC,11,1,2026-04-09_15h27.42.794,MIC_task,,2026.1.2,60.0367665301919,2026-04-09 15h27.44.539502 +0200,
,,9,0,9,,,,,,,11,p04,bohóc,clown,6,people,entertainment,6.8,14,19,44,None,"(0.1, 0.1)",None,,,,,,,,,,,,,,1,0,1,0,0,13,13,13,9,0,9,0,624.6372976999264,,,,,,,,,,,,,,,,,,,,,,,,,,,,,,,,,,,,,,,,,,,,,,,,,,,,,,,,,,,,,,,,,,,,,,,,,,,,,,,,,,,,,,,,,,,,624.6241842999589,624.6372976999264,624.6372976999264,624.6372976999264,624.8211373999948,None,,,,,,,,,,,,,,,,,,,,,,,P8384,Bar_MIC,11,1,2026-04-09_15h27.42.794,MIC_task,,2026.1.2,60.0367665301919,2026-04-09 15h27.44.539502 +0200,
,,10,0,10,,,,,,,11,p04,bohóc,clown,6,people,entertainment,6.8,14,19,44,None,"(0.1, 0.1)",None,,,,,,,,,,,,,,1,0,1,0,0,13,13,13,10,0,10,0,624.8375373999588,,,,,,,,,,,,,,,,,,,,,,,,,,,,,,,,,,,,,,,,,,,,,,,,,,,,,,,,,,,,,,,,,,,,,,,,,,,,,,,,,,,,,,,,,,,,624.8244298999198,624.8375373999588,624.8375373999588,624.8375373999588,625.0218408999499,None,,,,,,,,,,,,,,,,,,,,,,,P8384,Bar_MIC,11,1,2026-04-09_15h27.42.794,MIC_task,,2026.1.2,60.0367665301919,2026-04-09 15h27.44.539502 +0200,
,,11,0,11,,,,,,,11,p04,bohóc,clown,6,people,entertainment,6.8,14,19,44,None,"(0.1, 0.1)",None,,,,,,,,,,,,,,1,0,1,0,0,13,13,13,11,0,11,0,625.0379753999878,,,,,,,,,,,,,,,,,,,,,,,,,,,,,,,,,,,,,,,,,,,,,,,,,,,,,,,,,,,,,,,,,,,,,,,,,,,,,,,,,,,,,,,,,,,,625.0253036000067,625.0379753999878,625.0379753999878,625.0379753999878,625.2220770999556,None,,,,,,,,,,,,,,,,,,,,,,,P8384,Bar_MIC,11,1,2026-04-09_15h27.42.794,MIC_task,,2026.1.2,60.0367665301919,2026-04-09 15h27.44.539502 +0200,
,,12,0,12,,,,,,,11,p04,bohóc,clown,6,people,entertainment,6.8,14,19,44,None,"(0.1, 0.1)",None,,,,,,,,,,,,,,1,0,1,0,0,13,13,13,12,0,12,0,625.2375528999837,,,,,,,,,,,,,,,,,,,,,,,,,,,,,,,,,,,,,,,,,,,,,,,,,,,,,,,,,,,,,,,,,,,,,,,,,,,,,,,,,,,,,,,,,,,,625.2253622999415,625.2375528999837,625.2375528999837,625.2375528999837,625.4224578998983,None,,,,,,,,,,,,,,,,,,,,,,,P8384,Bar_MIC,11,1,2026-04-09_15h27.42.794,MIC_task,,2026.1.2,60.0367665301919,2026-04-09 15h27.44.539502 +0200,
,,13,0,13,,,,,,,11,p04,bohóc,clown,6,people,entertainment,6.8,14,19,44,None,"(0.1, 0.1)",None,,,,,,,,,,,,,,1,0,1,0,0,13,13,13,13,0,13,0,625.4379769999068,,,,,,,,,,,,,,,,,,,,,,,,,,,,,,,,,,,,,,,,,,,,,,,,,,,,,,,,,,,,,,,,,,,,,,,,,,,,,,,,,,,,,,,,,,,,625.4263564998982,625.4379769999068,625.4379769999068,625.4379769999068,625.6229946999811,None,,,,,,,,,,,,,,,,,,,,,,,P8384,Bar_MIC,11,1,2026-04-09_15h27.42.794,MIC_task,,2026.1.2,60.0367665301919,2026-04-09 15h27.44.539502 +0200,
,,14,0,14,,,,,,,11,p04,bohóc,clown,6,people,entertainment,6.8,14,19,44,None,"(0.1, 0.1)",None,,,,,,,,,,,,,,1,0,1,0,0,13,13,13,14,0,14,0,625.63840289996,,,,,,,,,,,,,,,,,,,,,,,,,,,,,,,,,,,,,,,,,,,,,,,,,,,,,,,,,,,,,,,,,,,,,,,,,,,,,,,,,,,,,,,,,,,,625.6261686999351,625.63840289996,625.63840289996,625.63840289996,625.8233560998924,None,,,,,,,,,,,,,,,,,,,,,,,P8384,Bar_MIC,11,1,2026-04-09_15h27.42.794,MIC_task,,2026.1.2,60.0367665301919,2026-04-09 15h27.44.539502 +0200,
,,15,0,15,,,,,,,11,p04,bohóc,clown,6,people,entertainment,6.8,14,19,44,None,"(0.1, 0.1)",None,,,,,,,,,,,,,,1,0,1,0,0,13,13,13,15,0,15,0,625.8387646999909,,,,,,,,,,,,,,,,,,,,,,,,,,,,,,,,,,,,,,,,,,,,,,,,,,,,,,,,,,,,,,,,,,,,,,,,,,,,,,,,,,,,,,,,,,,,625.8266110999975,625.8387646999909,625.8387646999909,625.8387646999909,626.0236966999946,None,,,,,,,,,,,,,,,,,,,,,,,P8384,Bar_MIC,11,1,2026-04-09_15h27.42.794,MIC_task,,2026.1.2,60.0367665301919,2026-04-09 15h27.44.539502 +0200,
,,16,0,16,,,,,,,11,p04,bohóc,clown,6,people,entertainment,6.8,14,19,44,None,"(0.1, 0.1)",None,,,,,,,,,,,,,,1,0,1,0,0,13,13,13,16,0,16,0,626.0392804999137,,,,,,,,,,,,,,,,,,,,,,,,,,,,,,,,,,,,,,,,,,,,,,,,,,,,,,,,,,,,,,,,,,,,,,,,,,,,,,,,,,,,,,,,,,,,626.0269181999611,626.0392804999137,626.0392804999137,626.0392804999137,626.22285869997,None,,,,,,,,,,,,,,,,,,,,,,,P8384,Bar_MIC,11,1,2026-04-09_15h27.42.794,MIC_task,,2026.1.2,60.0367665301919,2026-04-09 15h27.44.539502 +0200,
,,17,0,17,,,,,,,11,p04,bohóc,clown,6,people,entertainment,6.8,14,19,44,None,"(0.1, 0.1)",None,,,,,,,,,,,,,,1,0,1,0,0,13,13,13,17,0,17,0,626.2395289998967,,,,,,,,,,,,,,,,,,,,,,,,,,,,,,,,,,,,,,,,,,,,,,,,,,,,,,,,,,,,,,,,,,,,,,,,,,,,,,,,,,,,,,,,,,,,626.2262632999336,626.2395289998967,626.2395289998967,626.2395289998967,626.4233963999432,None,,,,,,,,,,,,,,,,,,,,,,,P8384,Bar_MIC,11,1,2026-04-09_15h27.42.794,MIC_task,,2026.1.2,60.0367665301919,2026-04-09 15h27.44.539502 +0200,
,,18,0,18,,,,,,,11,p04,bohóc,clown,6,people,entertainment,6.8,14,19,44,None,"(0.1, 0.1)",None,,,,,,,,,,,,,,1,0,1,0,0,13,13,13,18,0,18,0,626.4398736999137,,,,,,,,,,,,,,,,,,,,,,,,,,,,,,,,,,,,,,,,,,,,,,,,,,,,,,,,,,,,,,,,,,,,,,,,,,,,,,,,,,,,,,,,,,,,626.4267491999781,626.4398736999137,626.4398736999137,626.4398736999137,626.6238403999014,None,,,,,,,,,,,,,,,,,,,,,,,P8384,Bar_MIC,11,1,2026-04-09_15h27.42.794,MIC_task,,2026.1.2,60.0367665301919,2026-04-09 15h27.44.539502 +0200,
,,19,0,19,,,,,,,11,p04,bohóc,clown,6,people,entertainment,6.8,14,19,44,None,"(0.1, 0.1)",None,,,,,,,,,,,,,,1,0,1,0,0,13,13,13,19,0,19,0,626.6403328999877,,,,,,,,,,,,,,,,,,,,,,,,,,,,,,,,,,,,,,,,,,,,,,,,,,,,,,,,,,,,,,,,,,,,,,,,,,,,,,,,,,,,,,,,,,,,626.6271272999002,626.6403328999877,626.6403328999877,626.6403328999877,626.8241281999508,None,,,,,,,,,,,,,,,,,,,,,,,P8384,Bar_MIC,11,1,2026-04-09_15h27.42.794,MIC_task,,2026.1.2,60.0367665301919,2026-04-09 15h27.44.539502 +0200,
,,20,0,20,,,,,,,11,p04,bohóc,clown,6,people,entertainment,6.8,14,19,44,None,"(0.1, 0.1)",None,,,,,,,,,,,,,,1,0,1,0,0,13,13,13,20,0,20,0,626.8405926999403,,,,,,,,,,,,,,,,,,,,,,,,,,,,,,,,,,,,,,,,,,,,,,,,,,,,,,,,,,,,,,,,,,,,,,,,,,,,,,,,,,,,,,,,,,,,626.8275809999323,626.8405926999403,626.8405926999403,626.8405926999403,627.024553700001,None,,,,,,,,,,,,,,,,,,,,,,,P8384,Bar_MIC,11,1,2026-04-09_15h27.42.794,MIC_task,,2026.1.2,60.0367665301919,2026-04-09 15h27.44.539502 +0200,
,,21,0,21,,,,,,,11,p04,bohóc,clown,6,people,entertainment,6.8,14,19,44,None,"(0.1, 0.1)",space,0.15669269999489188,None,,,,,,,,,,,,1,0,1,0,0,13,13,13,21,0,21,0,627.0408958999906,,,,,,,,,,,,,,,,,,,,,,,,,,,,,,,,,,,,,,,,,,,,,,,,,,,,,,,,,,,,,,,,,,,,,,,,,,,,,,,,,,,,,,,,,,,,627.0278643999482,627.0408958999906,627.0408958999906,627.0408958999906,627.2090251999907,space,0.15669269999489188,None,,,,,,,,,,,,,,,,,,,,,P8384,Bar_MIC,11,1,2026-04-09_15h27.42.794,MIC_task,,2026.1.2,60.0367665301919,2026-04-09 15h27.44.539502 +0200,
,,13,13,0,,,,space,0.6167097999714315,None,11,p04,bohóc,clown,6,people,entertainment,6.8,14,19,44,None,"(0.1, 0.1)",,,,,,,,,,,,,,,1,0,1,0,0,13,13,13,,,,,,,,,,,,,,,,,,,,,,,,,,,,,,,,,,,,,,,,,,,,,,,,,,,,,,,,,,,,,,,,,,,,,,,,,,,,,,,,,627.2734531000024,627.2790758999763,627.2749601666737,629.2113929999759,,,,,,631.2140900999075,631.2309864999261,631.2309864999261,631.8495852999622,,,,,,,,,,,,629.2447764999233,629.2496158999857,629.2612737999996,631.1478519999655,631.2140448999126,space,0.6167097999714315,None,,,,,,,,,,,,,P8384,Bar_MIC,11,1,2026-04-09_15h27.42.794,MIC_task,,2026.1.2,60.0367665301919,2026-04-09 15h27.44.539502 +0200,
,,0,0,0,,,,,,,11,t01,fogkefe,toothbrush,8,tools,bathroom,6.8,17,None,51,None,"(0.1, 0)",None,,,,,,,,,,,,,,1,0,1,0,0,14,14,14,0,0,0,0,631.8643911998952,,,,,,,,,,,,,,,,,,,,,,,,,,,,,,,,,,,,,,,,,,,,,,,,,,,,,,,,,,,,,,,,,,,,,,,,,,,,,,,,,,,,,,,,,,,,631.8520422999281,631.8643911998952,631.8643911998952,631.8643911998952,632.0498054999625,None,,,,,,,,,,,632.064855500008,632.064855500008,632.064855500008,,,,,,,,,,P8384,Bar_MIC,11,1,2026-04-09_15h27.42.794,MIC_task,,2026.1.2,60.0367665301919,2026-04-09 15h27.44.539502 +0200,
,,0,0,0,,,,,,,11,t01,fogkefe,toothbrush,8,tools,bathroom,6.8,17,None,51,None,"(0.1, 0)",None,,,,,,,,,,,,,,1,0,1,0,0,14,14,14,0,0,0,0,632.064855500008,,,,,,,,,,,,,,,,,,,,,,,,,,,,,,,,,,,,,,,,,,,,,,,,,,,,,,,,,,,,,,,,,,,,,,,,,,,,,,,,,,,,,,,,,,,,632.0522645999445,632.064855500008,632.064855500008,632.064855500008,632.2496844999259,None,,,,,,,,,,,,,,,,,,,,,,,P8384,Bar_MIC,11,1,2026-04-09_15h27.42.794,MIC_task,,2026.1.2,60.0367665301919,2026-04-09 15h27.44.539502 +0200,
,,1,0,1,,,,,,,11,t01,fogkefe,toothbrush,8,tools,bathroom,6.8,17,None,51,None,"(0.1, 0)",None,,,,,,,,,,,,,,1,0,1,0,0,14,14,14,1,0,1,0,632.265226699994,,,,,,,,,,,,,,,,,,,,,,,,,,,,,,,,,,,,,,,,,,,,,,,,,,,,,,,,,,,,,,,,,,,,,,,,,,,,,,,,,,,,,,,,,,,,632.2527174999705,632.265226699994,632.265226699994,632.265226699994,632.4501834999537,None,,,,,,,,,,,,,,,,,,,,,,,P8384,Bar_MIC,11,1,2026-04-09_15h27.42.794,MIC_task,,2026.1.2,60.0367665301919,2026-04-09 15h27.44.539502 +0200,
,,2,0,2,,,,,,,11,t01,fogkefe,toothbrush,8,tools,bathroom,6.8,17,None,51,None,"(0.1, 0)",None,,,,,,,,,,,,,,1,0,1,0,0,14,14,14,2,0,2,0,632.4655873999,,,,,,,,,,,,,,,,,,,,,,,,,,,,,,,,,,,,,,,,,,,,,,,,,,,,,,,,,,,,,,,,,,,,,,,,,,,,,,,,,,,,,,,,,,,,632.4531499999575,632.4655873999,632.4655873999,632.4655873999,632.6505355999107,None,,,,,,,,,,,,,,,,,,,,,,,P8384,Bar_MIC,11,1,2026-04-09_15h27.42.794,MIC_task,,2026.1.2,60.0367665301919,2026-04-09 15h27.44.539502 +0200,
,,3,0,3,,,,,,,11,t01,fogkefe,toothbrush,8,tools,bathroom,6.8,17,None,51,None,"(0.1, 0)",None,,,,,,,,,,,,,,1,0,1,0,0,14,14,14,3,0,3,0,632.6659748998936,,,,,,,,,,,,,,,,,,,,,,,,,,,,,,,,,,,,,,,,,,,,,,,,,,,,,,,,,,,,,,,,,,,,,,,,,,,,,,,,,,,,,,,,,,,,632.6536182999844,632.6659748998936,632.6659748998936,632.6659748998936,632.8498178999871,None,,,,,,,,,,,,,,,,,,,,,,,P8384,Bar_MIC,11,1,2026-04-09_15h27.42.794,MIC_task,,2026.1.2,60.0367665301919,2026-04-09 15h27.44.539502 +0200,
,,4,0,4,,,,,,,11,t01,fogkefe,toothbrush,8,tools,bathroom,6.8,17,None,51,None,"(0.1, 0)",None,,,,,,,,,,,,,,1,0,1,0,0,14,14,14,4,0,4,0,632.8663919999963,,,,,,,,,,,,,,,,,,,,,,,,,,,,,,,,,,,,,,,,,,,,,,,,,,,,,,,,,,,,,,,,,,,,,,,,,,,,,,,,,,,,,,,,,,,,632.8523280000081,632.8663919999963,632.8663919999963,632.8663919999963,633.0502397998935,None,,,,,,,,,,,,,,,,,,,,,,,P8384,Bar_MIC,11,1,2026-04-09_15h27.42.794,MIC_task,,2026.1.2,60.0367665301919,2026-04-09 15h27.44.539502 +0200,
,,5,0,5,,,,,,,11,t01,fogkefe,toothbrush,8,tools,bathroom,6.8,17,None,51,None,"(0.1, 0)",None,,,,,,,,,,,,,,1,0,1,0,0,14,14,14,5,0,5,0,633.0667822998948,,,,,,,,,,,,,,,,,,,,,,,,,,,,,,,,,,,,,,,,,,,,,,,,,,,,,,,,,,,,,,,,,,,,,,,,,,,,,,,,,,,,,,,,,,,,633.0533368999604,633.0667822998948,633.0667822998948,633.0667822998948,633.2507721999427,None,,,,,,,,,,,,,,,,,,,,,,,P8384,Bar_MIC,11,1,2026-04-09_15h27.42.794,MIC_task,,2026.1.2,60.0367665301919,2026-04-09 15h27.44.539502 +0200,
,,6,0,6,,,,,,,11,t01,fogkefe,toothbrush,8,tools,bathroom,6.8,17,None,51,None,"(0.1, 0)",None,,,,,,,,,,,,,,1,0,1,0,0,14,14,14,6,0,6,0,633.2671520999866,,,,,,,,,,,,,,,,,,,,,,,,,,,,,,,,,,,,,,,,,,,,,,,,,,,,,,,,,,,,,,,,,,,,,,,,,,,,,,,,,,,,,,,,,,,,633.2533311999869,633.2671520999866,633.2671520999866,633.2671520999866,633.4510918000014,None,,,,,,,,,,,,,,,,,,,,,,,P8384,Bar_MIC,11,1,2026-04-09_15h27.42.794,MIC_task,,2026.1.2,60.0367665301919,2026-04-09 15h27.44.539502 +0200,
,,7,0,7,,,,,,,11,t01,fogkefe,toothbrush,8,tools,bathroom,6.8,17,None,51,None,"(0.1, 0)",None,,,,,,,,,,,,,,1,0,1,0,0,14,14,14,7,0,7,0,633.4673968999414,,,,,,,,,,,,,,,,,,,,,,,,,,,,,,,,,,,,,,,,,,,,,,,,,,,,,,,,,,,,,,,,,,,,,,,,,,,,,,,,,,,,,,,,,,,,633.4539685999043,633.4673968999414,633.4673968999414,633.4673968999414,633.6514480999904,None,,,,,,,,,,,,,,,,,,,,,,,P8384,Bar_MIC,11,1,2026-04-09_15h27.42.794,MIC_task,,2026.1.2,60.0367665301919,2026-04-09 15h27.44.539502 +0200,
,,8,0,8,,,,,,,11,t01,fogkefe,toothbrush,8,tools,bathroom,6.8,17,None,51,None,"(0.1, 0)",None,,,,,,,,,,,,,,1,0,1,0,0,14,14,14,8,0,8,0,633.6678297999315,,,,,,,,,,,,,,,,,,,,,,,,,,,,,,,,,,,,,,,,,,,,,,,,,,,,,,,,,,,,,,,,,,,,,,,,,,,,,,,,,,,,,,,,,,,,633.6541977999732,633.6678297999315,633.6678297999315,633.6678297999315,633.8518205999862,None,,,,,,,,,,,,,,,,,,,,,,,P8384,Bar_MIC,11,1,2026-04-09_15h27.42.794,MIC_task,,2026.1.2,60.0367665301919,2026-04-09 15h27.44.539502 +0200,
,,9,0,9,,,,,,,11,t01,fogkefe,toothbrush,8,tools,bathroom,6.8,17,None,51,None,"(0.1, 0)",None,,,,,,,,,,,,,,1,0,1,0,0,14,14,14,9,0,9,0,633.8681577999378,,,,,,,,,,,,,,,,,,,,,,,,,,,,,,,,,,,,,,,,,,,,,,,,,,,,,,,,,,,,,,,,,,,,,,,,,,,,,,,,,,,,,,,,,,,,633.8548642999958,633.8681577999378,633.8681577999378,633.8681577999378,634.0523240999319,None,,,,,,,,,,,,,,,,,,,,,,,P8384,Bar_MIC,11,1,2026-04-09_15h27.42.794,MIC_task,,2026.1.2,60.0367665301919,2026-04-09 15h27.44.539502 +0200,
,,10,0,10,,,,,,,11,t01,fogkefe,toothbrush,8,tools,bathroom,6.8,17,None,51,None,"(0.1, 0)",None,,,,,,,,,,,,,,1,0,1,0,0,14,14,14,10,0,10,0,634.0684961999068,,,,,,,,,,,,,,,,,,,,,,,,,,,,,,,,,,,,,,,,,,,,,,,,,,,,,,,,,,,,,,,,,,,,,,,,,,,,,,,,,,,,,,,,,,,,634.0552084998926,634.0684961999068,634.0684961999068,634.0684961999068,634.2526626999024,None,,,,,,,,,,,,,,,,,,,,,,,P8384,Bar_MIC,11,1,2026-04-09_15h27.42.794,MIC_task,,2026.1.2,60.0367665301919,2026-04-09 15h27.44.539502 +0200,
,,11,0,11,,,,,,,11,t01,fogkefe,toothbrush,8,tools,bathroom,6.8,17,None,51,None,"(0.1, 0)",None,,,,,,,,,,,,,,1,0,1,0,0,14,14,14,11,0,11,0,634.2681415999541,,,,,,,,,,,,,,,,,,,,,,,,,,,,,,,,,,,,,,,,,,,,,,,,,,,,,,,,,,,,,,,,,,,,,,,,,,,,,,,,,,,,,,,,,,,,634.2555713999318,634.2681415999541,634.2681415999541,634.2681415999541,634.453164699953,None,,,,,,,,,,,,,,,,,,,,,,,P8384,Bar_MIC,11,1,2026-04-09_15h27.42.794,MIC_task,,2026.1.2,60.0367665301919,2026-04-09 15h27.44.539502 +0200,
,,12,0,12,,,,,,,11,t01,fogkefe,toothbrush,8,tools,bathroom,6.8,17,None,51,None,"(0.1, 0)",None,,,,,,,,,,,,,,1,0,1,0,0,14,14,14,12,0,12,0,634.4686063999543,,,,,,,,,,,,,,,,,,,,,,,,,,,,,,,,,,,,,,,,,,,,,,,,,,,,,,,,,,,,,,,,,,,,,,,,,,,,,,,,,,,,,,,,,,,,634.4561046999879,634.4686063999543,634.4686063999543,634.4686063999543,634.6534705999075,None,,,,,,,,,,,,,,,,,,,,,,,P8384,Bar_MIC,11,1,2026-04-09_15h27.42.794,MIC_task,,2026.1.2,60.0367665301919,2026-04-09 15h27.44.539502 +0200,
,,13,0,13,,,,,,,11,t01,fogkefe,toothbrush,8,tools,bathroom,6.8,17,None,51,None,"(0.1, 0)",None,,,,,,,,,,,,,,1,0,1,0,0,14,14,14,13,0,13,0,634.6689891999122,,,,,,,,,,,,,,,,,,,,,,,,,,,,,,,,,,,,,,,,,,,,,,,,,,,,,,,,,,,,,,,,,,,,,,,,,,,,,,,,,,,,,,,,,,,,634.6563011999242,634.6689891999122,634.6689891999122,634.6689891999122,634.8538954999531,None,,,,,,,,,,,,,,,,,,,,,,,P8384,Bar_MIC,11,1,2026-04-09_15h27.42.794,MIC_task,,2026.1.2,60.0367665301919,2026-04-09 15h27.44.539502 +0200,
,,14,0,14,,,,,,,11,t01,fogkefe,toothbrush,8,tools,bathroom,6.8,17,None,51,None,"(0.1, 0)",None,,,,,,,,,,,,,,1,0,1,0,0,14,14,14,14,0,14,0,634.9381577000022,,,,,,,,,,,,,,,,,,,,,,,,,,,,,,,,,,,,,,,,,,,,,,,,,,,,,,,,,,,,,,,,,,,,,,,,,,,,,,,,,,,,,,,,,,,,634.8565995999379,634.9381577000022,634.9381577000022,634.9381577000022,635.0531112999888,None,,,,,,,,,,,,,,,,,,,,,,,P8384,Bar_MIC,11,1,2026-04-09_15h27.42.794,MIC_task,,2026.1.2,60.0367665301919,2026-04-09 15h27.44.539502 +0200,
,,15,0,15,,,,,,,11,t01,fogkefe,toothbrush,8,tools,bathroom,6.8,17,None,51,None,"(0.1, 0)",space,0.10797839995939285,None,,,,,,,,,,,,1,0,1,0,0,14,14,14,15,0,15,0,635.0697342999047,,,,,,,,,,,,,,,,,,,,,,,,,,,,,,,,,,,,,,,,,,,,,,,,,,,,,,,,,,,,,,,,,,,,,,,,,,,,,,,,,,,,,,,,,,,,635.0557680999627,635.0697342999047,635.0697342999047,635.0697342999047,635.1883348999545,space,0.10797839995939285,None,,,,,,,,,,,,,,,,,,,,,P8384,Bar_MIC,11,1,2026-04-09_15h27.42.794,MIC_task,,2026.1.2,60.0367665301919,2026-04-09 15h27.44.539502 +0200,
,,14,14,0,,,,space,0.3571856999769807,None,11,t01,fogkefe,toothbrush,8,tools,bathroom,6.8,17,None,51,None,"(0.1, 0)",,,,,,,,,,,,,,,1,0,1,0,0,14,14,14,,,,,,,,,,,,,,,,,,,,,,,,,,,,,,,,,,,,,,,,,,,,,,,,,,,,,,,,,,,,,,,,,,,,,,,,,,,,,,,,,635.2508386999834,635.2559786000056,635.2541184666488,637.1908921999857,,,,,,639.1934497999027,639.2104448999744,639.2104448999744,639.5778822998982,,,,,,,,,,,,637.2156819999218,637.220684699947,637.2240979332787,639.109221199993,639.1934045999078,space,0.3571856999769807,None,,,,,,,,,,,,,P8384,Bar_MIC,11,1,2026-04-09_15h27.42.794,MIC_task,,2026.1.2,60.0367665301919,2026-04-09 15h27.44.539502 +0200,
,,0,0,0,,,,,,,11,pl04,rózsa,rose,7,plants,flower,6.8,69,None,73,None,"(0.1, 0)",None,,,,,,,,,,,,,,1,0,1,0,0,15,15,15,0,0,0,0,639.5937311999733,,,,,,,,,,,,,,,,,,,,,,,,,,,,,,,,,,,,,,,,,,,,,,,,,,,,,,,,,,,,,,,,,,,,,,,,,,,,,,,,,,,,,,,,,,,,639.5810592999915,639.5937311999733,639.5937311999733,639.5937311999733,639.7781849999446,None,,,,,,,,,,,639.7933076999616,639.7933076999616,639.7933076999616,,,,,,,,,,P8384,Bar_MIC,11,1,2026-04-09_15h27.42.794,MIC_task,,2026.1.2,60.0367665301919,2026-04-09 15h27.44.539502 +0200,
,,0,0,0,,,,,,,11,pl04,rózsa,rose,7,plants,flower,6.8,69,None,73,None,"(0.1, 0)",None,,,,,,,,,,,,,,1,0,1,0,0,15,15,15,0,0,0,0,639.7933076999616,,,,,,,,,,,,,,,,,,,,,,,,,,,,,,,,,,,,,,,,,,,,,,,,,,,,,,,,,,,,,,,,,,,,,,,,,,,,,,,,,,,,,,,,,,,,639.7810307999607,639.7933076999616,639.7933076999616,639.7933076999616,639.9782648999244,None,,,,,,,,,,,,,,,,,,,,,,,P8384,Bar_MIC,11,1,2026-04-09_15h27.42.794,MIC_task,,2026.1.2,60.0367665301919,2026-04-09 15h27.44.539502 +0200,
,,1,0,1,,,,,,,11,pl04,rózsa,rose,7,plants,flower,6.8,69,None,73,None,"(0.1, 0)",None,,,,,,,,,,,,,,1,0,1,0,0,15,15,15,1,0,1,0,639.9936676999787,,,,,,,,,,,,,,,,,,,,,,,,,,,,,,,,,,,,,,,,,,,,,,,,,,,,,,,,,,,,,,,,,,,,,,,,,,,,,,,,,,,,,,,,,,,,639.9814390999964,639.9936676999787,639.9936676999787,639.9936676999787,640.1779514999362,None,,,,,,,,,,,640.1941707999213,640.1941707999213,640.1941707999213,,,,,,,,,,P8384,Bar_MIC,11,1,2026-04-09_15h27.42.794,MIC_task,,2026.1.2,60.0367665301919,2026-04-09 15h27.44.539502 +0200,
,,2,0,2,,,,,,,11,pl04,rózsa,rose,7,plants,flower,6.8,69,None,73,None,"(0.1, 0)",None,,,,,,,,,,,,,,1,0,1,0,0,15,15,15,2,0,2,0,640.1941707999213,,,,,,,,,,,,,,,,,,,,,,,,,,,,,,,,,,,,,,,,,,,,,,,,,,,,,,,,,,,,,,,,,,,,,,,,,,,,,,,,,,,,,,,,,,,,640.1808443999616,640.1941707999213,640.1941707999213,640.1941707999213,640.3782874000026,None,,,,,,,,,,,640.3944753999822,640.3944753999822,640.3944753999822,,,,,,,,,,P8384,Bar_MIC,11,1,2026-04-09_15h27.42.794,MIC_task,,2026.1.2,60.0367665301919,2026-04-09 15h27.44.539502 +0200,
,,3,0,3,,,,,,,11,pl04,rózsa,rose,7,plants,flower,6.8,69,None,73,None,"(0.1, 0)",None,,,,,,,,,,,,,,1,0,1,0,0,15,15,15,3,0,3,0,640.3944753999822,,,,,,,,,,,,,,,,,,,,,,,,,,,,,,,,,,,,,,,,,,,,,,,,,,,,,,,,,,,,,,,,,,,,,,,,,,,,,,,,,,,,,,,,,,,,640.3814917999553,640.3944753999822,640.3944753999822,640.3944753999822,640.5794389999937,None,,,,,,,,,,,,,,,,,,,,,,,P8384,Bar_MIC,11,1,2026-04-09_15h27.42.794,MIC_task,,2026.1.2,60.0367665301919,2026-04-09 15h27.44.539502 +0200,
,,4,0,4,,,,,,,11,pl04,rózsa,rose,7,plants,flower,6.8,69,None,73,None,"(0.1, 0)",None,,,,,,,,,,,,,,1,0,1,0,0,15,15,15,4,0,4,0,640.5948405999225,,,,,,,,,,,,,,,,,,,,,,,,,,,,,,,,,,,,,,,,,,,,,,,,,,,,,,,,,,,,,,,,,,,,,,,,,,,,,,,,,,,,,,,,,,,,640.582763299928,640.5948405999225,640.5948405999225,640.5948405999225,640.7786960999947,None,,,,,,,,,,,,,,,,,,,,,,,P8384,Bar_MIC,11,1,2026-04-09_15h27.42.794,MIC_task,,2026.1.2,60.0367665301919,2026-04-09 15h27.44.539502 +0200,
,,5,0,5,,,,,,,11,pl04,rózsa,rose,7,plants,flower,6.8,69,None,73,None,"(0.1, 0)",None,,,,,,,,,,,,,,1,0,1,0,0,15,15,15,5,0,5,0,640.7952328999527,,,,,,,,,,,,,,,,,,,,,,,,,,,,,,,,,,,,,,,,,,,,,,,,,,,,,,,,,,,,,,,,,,,,,,,,,,,,,,,,,,,,,,,,,,,,640.7817969999742,640.7952328999527,640.7952328999527,640.7952328999527,640.9791552999523,None,,,,,,,,,,,,,,,,,,,,,,,P8384,Bar_MIC,11,1,2026-04-09_15h27.42.794,MIC_task,,2026.1.2,60.0367665301919,2026-04-09 15h27.44.539502 +0200,
,,6,0,6,,,,,,,11,pl04,rózsa,rose,7,plants,flower,6.8,69,None,73,None,"(0.1, 0)",None,,,,,,,,,,,,,,1,0,1,0,0,15,15,15,6,0,6,0,640.9955959999934,,,,,,,,,,,,,,,,,,,,,,,,,,,,,,,,,,,,,,,,,,,,,,,,,,,,,,,,,,,,,,,,,,,,,,,,,,,,,,,,,,,,,,,,,,,,640.9824950000038,640.9955959999934,640.9955959999934,640.9955959999934,641.1795840999112,None,,,,,,,,,,,,,,,,,,,,,,,P8384,Bar_MIC,11,1,2026-04-09_15h27.42.794,MIC_task,,2026.1.2,60.0367665301919,2026-04-09 15h27.44.539502 +0200,
,,7,0,7,,,,,,,11,pl04,rózsa,rose,7,plants,flower,6.8,69,None,73,None,"(0.1, 0)",None,,,,,,,,,,,,,,1,0,1,0,0,15,15,15,7,0,7,0,641.1959078999935,,,,,,,,,,,,,,,,,,,,,,,,,,,,,,,,,,,,,,,,,,,,,,,,,,,,,,,,,,,,,,,,,,,,,,,,,,,,,,,,,,,,,,,,,,,,641.1828476999654,641.1959078999935,641.1959078999935,641.1959078999935,641.3811267999699,None,,,,,,,,,,,,,,,,,,,,,,,P8384,Bar_MIC,11,1,2026-04-09_15h27.42.794,MIC_task,,2026.1.2,60.0367665301919,2026-04-09 15h27.44.539502 +0200,
,,8,0,8,,,,,,,11,pl04,rózsa,rose,7,plants,flower,6.8,69,None,73,None,"(0.1, 0)",None,,,,,,,,,,,,,,1,0,1,0,0,15,15,15,8,0,8,0,641.3962913999567,,,,,,,,,,,,,,,,,,,,,,,,,,,,,,,,,,,,,,,,,,,,,,,,,,,,,,,,,,,,,,,,,,,,,,,,,,,,,,,,,,,,,,,,,,,,641.3845867000055,641.3962913999567,641.3962913999567,641.3962913999567,641.5803352999501,None,,,,,,,,,,,,,,,,,,,,,,,P8384,Bar_MIC,11,1,2026-04-09_15h27.42.794,MIC_task,,2026.1.2,60.0367665301919,2026-04-09 15h27.44.539502 +0200,
,,9,0,9,,,,,,,11,pl04,rózsa,rose,7,plants,flower,6.8,69,None,73,None,"(0.1, 0)",None,,,,,,,,,,,,,,1,0,1,0,0,15,15,15,9,0,9,0,641.5966635999503,,,,,,,,,,,,,,,,,,,,,,,,,,,,,,,,,,,,,,,,,,,,,,,,,,,,,,,,,,,,,,,,,,,,,,,,,,,,,,,,,,,,,,,,,,,,641.5835453999462,641.5966635999503,641.5966635999503,641.5966635999503,641.7811683999607,None,,,,,,,,,,,,,,,,,,,,,,,P8384,Bar_MIC,11,1,2026-04-09_15h27.42.794,MIC_task,,2026.1.2,60.0367665301919,2026-04-09 15h27.44.539502 +0200,
,,10,0,10,,,,,,,11,pl04,rózsa,rose,7,plants,flower,6.8,69,None,73,None,"(0.1, 0)",None,,,,,,,,,,,,,,1,0,1,0,0,15,15,15,10,0,10,0,641.7970469999127,,,,,,,,,,,,,,,,,,,,,,,,,,,,,,,,,,,,,,,,,,,,,,,,,,,,,,,,,,,,,,,,,,,,,,,,,,,,,,,,,,,,,,,,,,,,641.7845736999298,641.7970469999127,641.7970469999127,641.7970469999127,641.9811270999489,None,,,,,,,,,,,,,,,,,,,,,,,P8384,Bar_MIC,11,1,2026-04-09_15h27.42.794,MIC_task,,2026.1.2,60.0367665301919,2026-04-09 15h27.44.539502 +0200,
,,11,0,11,,,,,,,11,pl04,rózsa,rose,7,plants,flower,6.8,69,None,73,None,"(0.1, 0)",None,,,,,,,,,,,,,,1,0,1,0,0,15,15,15,11,0,11,0,641.9966279999353,,,,,,,,,,,,,,,,,,,,,,,,,,,,,,,,,,,,,,,,,,,,,,,,,,,,,,,,,,,,,,,,,,,,,,,,,,,,,,,,,,,,,,,,,,,,641.9846464999719,641.9966279999353,641.9966279999353,641.9966279999353,642.1815299999435,None,,,,,,,,,,,,,,,,,,,,,,,P8384,Bar_MIC,11,1,2026-04-09_15h27.42.794,MIC_task,,2026.1.2,60.0367665301919,2026-04-09 15h27.44.539502 +0200,
,,12,0,12,,,,,,,11,pl04,rózsa,rose,7,plants,flower,6.8,69,None,73,None,"(0.1, 0)",None,,,,,,,,,,,,,,1,0,1,0,0,15,15,15,12,0,12,0,642.1970356999664,,,,,,,,,,,,,,,,,,,,,,,,,,,,,,,,,,,,,,,,,,,,,,,,,,,,,,,,,,,,,,,,,,,,,,,,,,,,,,,,,,,,,,,,,,,,642.1851043999195,642.1970356999664,642.1970356999664,642.1970356999664,642.3820219999179,None,,,,,,,,,,,,,,,,,,,,,,,P8384,Bar_MIC,11,1,2026-04-09_15h27.42.794,MIC_task,,2026.1.2,60.0367665301919,2026-04-09 15h27.44.539502 +0200,
,,13,0,13,,,,,,,11,pl04,rózsa,rose,7,plants,flower,6.8,69,None,73,None,"(0.1, 0)",None,,,,,,,,,,,,,,1,0,1,0,0,15,15,15,13,0,13,0,642.3974373999517,,,,,,,,,,,,,,,,,,,,,,,,,,,,,,,,,,,,,,,,,,,,,,,,,,,,,,,,,,,,,,,,,,,,,,,,,,,,,,,,,,,,,,,,,,,,642.3852349999361,642.3974373999517,642.3974373999517,642.3974373999517,642.5811962999869,None,,,,,,,,,,,,,,,,,,,,,,,P8384,Bar_MIC,11,1,2026-04-09_15h27.42.794,MIC_task,,2026.1.2,60.0367665301919,2026-04-09 15h27.44.539502 +0200,
,,14,0,14,,,,,,,11,pl04,rózsa,rose,7,plants,flower,6.8,69,None,73,None,"(0.1, 0)",space,0.15138569998089224,None,,,,,,,,,,,,1,0,1,0,0,15,15,15,14,0,14,0,642.5979066999862,,,,,,,,,,,,,,,,,,,,,,,,,,,,,,,,,,,,,,,,,,,,,,,,,,,,,,,,,,,,,,,,,,,,,,,,,,,,,,,,,,,,,,,,,,,,642.5849877999863,642.5979066999862,642.5979066999862,642.5979066999862,642.7502637999132,space,0.15138569998089224,None,,,,,,,,,,,,,,,,,,,,,P8384,Bar_MIC,11,1,2026-04-09_15h27.42.794,MIC_task,,2026.1.2,60.0367665301919,2026-04-09 15h27.44.539502 +0200,
,,15,15,0,,,,space,0.3310482999077067,None,11,pl04,rózsa,rose,7,plants,flower,6.8,69,None,73,None,"(0.1, 0)",,,,,,,,,,,,,,,1,0,1,0,0,15,15,15,,,,,,,,,,,,,,,,,,,,,,,,,,,,,,,,,,,,,,,,,,,,,,,,,,,,,,,,,,,,,,,,,,,,,,,,,,,,,,,,,642.8137708998984,642.8198682999937,642.8158047666229,644.7517773999134,,,,,,646.7552035999252,646.7719131999183,646.7719131999183,647.106714900001,,,,,,,,,,,,644.7723739999346,644.7772565999767,644.7849880332437,646.6708852999145,646.7551570999203,space,0.3310482999077067,None,,,,,,,,,,,,,P8384,Bar_MIC,11,1,2026-04-09_15h27.42.794,MIC_task,,2026.1.2,60.0367665301919,2026-04-09 15h27.44.539502 +0200,
,,0,0,0,,,,,,,11,ty27,labda,ball,9,toys,sport,7,148,18,34,None,"(0, -0.1)",None,,,,,,,,,,,,,,1,0,1,0,0,16,16,16,0,0,0,0,647.1218271999387,,,,,,,,,,,,,,,,,,,,,,,,,,,,,,,,,,,,,,,,,,,,,,,,,,,,,,,,,,,,,,,,,,,,,,,,,,,,,,,,,,,,,,,,,,,,647.1102331998991,647.1218271999387,647.1218271999387,647.1218271999387,647.306351999985,None,,,,,,,,,,,647.3221954999026,647.3221954999026,647.3221954999026,,,,,,,,,,P8384,Bar_MIC,11,1,2026-04-09_15h27.42.794,MIC_task,,2026.1.2,60.0367665301919,2026-04-09 15h27.44.539502 +0200,
,,0,0,0,,,,,,,11,ty27,labda,ball,9,toys,sport,7,148,18,34,None,"(0, -0.1)",None,,,,,,,,,,,,,,1,0,1,0,0,16,16,16,0,0,0,0,647.3221954999026,,,,,,,,,,,,,,,,,,,,,,,,,,,,,,,,,,,,,,,,,,,,,,,,,,,,,,,,,,,,,,,,,,,,,,,,,,,,,,,,,,,,,,,,,,,,647.3094010999193,647.3221954999026,647.3221954999026,647.3221954999026,647.5066859999206,None,,,,,,,,,,,647.5218067999231,647.5218067999231,647.5218067999231,,,,,,,,,,P8384,Bar_MIC,11,1,2026-04-09_15h27.42.794,MIC_task,,2026.1.2,60.0367665301919,2026-04-09 15h27.44.539502 +0200,
,,1,0,1,,,,,,,11,ty27,labda,ball,9,toys,sport,7,148,18,34,None,"(0, -0.1)",None,,,,,,,,,,,,,,1,0,1,0,0,16,16,16,1,0,1,0,647.5218067999231,,,,,,,,,,,,,,,,,,,,,,,,,,,,,,,,,,,,,,,,,,,,,,,,,,,,,,,,,,,,,,,,,,,,,,,,,,,,,,,,,,,,,,,,,,,,647.5097528999904,647.5218067999231,647.5218067999231,647.5218067999231,647.707225299906,None,,,,,,,,,,,647.7222093999153,647.7222093999153,647.7222093999153,,,,,,,,,,P8384,Bar_MIC,11,1,2026-04-09_15h27.42.794,MIC_task,,2026.1.2,60.0367665301919,2026-04-09 15h27.44.539502 +0200,
,,2,0,2,,,,,,,11,ty27,labda,ball,9,toys,sport,7,148,18,34,None,"(0, -0.1)",None,,,,,,,,,,,,,,1,0,1,0,0,16,16,16,2,0,2,0,647.7222093999153,,,,,,,,,,,,,,,,,,,,,,,,,,,,,,,,,,,,,,,,,,,,,,,,,,,,,,,,,,,,,,,,,,,,,,,,,,,,,,,,,,,,,,,,,,,,647.7099903000053,647.7222093999153,647.7222093999153,647.7222093999153,647.9071003999561,None,,,,,,,,,,,,,,,,,,,,,,,P8384,Bar_MIC,11,1,2026-04-09_15h27.42.794,MIC_task,,2026.1.2,60.0367665301919,2026-04-09 15h27.44.539502 +0200,
,,3,0,3,,,,,,,11,ty27,labda,ball,9,toys,sport,7,148,18,34,None,"(0, -0.1)",None,,,,,,,,,,,,,,1,0,1,0,0,16,16,16,3,0,3,0,647.922591199982,,,,,,,,,,,,,,,,,,,,,,,,,,,,,,,,,,,,,,,,,,,,,,,,,,,,,,,,,,,,,,,,,,,,,,,,,,,,,,,,,,,,,,,,,,,,647.9104310999392,647.922591199982,647.922591199982,647.922591199982,648.1076061999192,None,,,,,,,,,,,,,,,,,,,,,,,P8384,Bar_MIC,11,1,2026-04-09_15h27.42.794,MIC_task,,2026.1.2,60.0367665301919,2026-04-09 15h27.44.539502 +0200,
,,4,0,4,,,,,,,11,ty27,labda,ball,9,toys,sport,7,148,18,34,None,"(0, -0.1)",None,,,,,,,,,,,,,,1,0,1,0,0,16,16,16,4,0,4,0,648.1229722999269,,,,,,,,,,,,,,,,,,,,,,,,,,,,,,,,,,,,,,,,,,,,,,,,,,,,,,,,,,,,,,,,,,,,,,,,,,,,,,,,,,,,,,,,,,,,648.1107322999742,648.1229722999269,648.1229722999269,648.1229722999269,648.3079627999105,None,,,,,,,,,,,,,,,,,,,,,,,P8384,Bar_MIC,11,1,2026-04-09_15h27.42.794,MIC_task,,2026.1.2,60.0367665301919,2026-04-09 15h27.44.539502 +0200,
,,5,0,5,,,,,,,11,ty27,labda,ball,9,toys,sport,7,148,18,34,None,"(0, -0.1)",None,,,,,,,,,,,,,,1,0,1,0,0,16,16,16,5,0,5,0,648.3233153999317,,,,,,,,,,,,,,,,,,,,,,,,,,,,,,,,,,,,,,,,,,,,,,,,,,,,,,,,,,,,,,,,,,,,,,,,,,,,,,,,,,,,,,,,,,,,648.3108305999776,648.3233153999317,648.3233153999317,648.3233153999317,648.507149699959,None,,,,,,,,,,,,,,,,,,,,,,,P8384,Bar_MIC,11,1,2026-04-09_15h27.42.794,MIC_task,,2026.1.2,60.0367665301919,2026-04-09 15h27.44.539502 +0200,
,,6,0,6,,,,,,,11,ty27,labda,ball,9,toys,sport,7,148,18,34,None,"(0, -0.1)",None,,,,,,,,,,,,,,1,0,1,0,0,16,16,16,6,0,6,0,648.523718399927,,,,,,,,,,,,,,,,,,,,,,,,,,,,,,,,,,,,,,,,,,,,,,,,,,,,,,,,,,,,,,,,,,,,,,,,,,,,,,,,,,,,,,,,,,,,648.5099804999772,648.523718399927,648.523718399927,648.523718399927,648.7076093999203,None,,,,,,,,,,,,,,,,,,,,,,,P8384,Bar_MIC,11,1,2026-04-09_15h27.42.794,MIC_task,,2026.1.2,60.0367665301919,2026-04-09 15h27.44.539502 +0200,
,,7,0,7,,,,,,,11,ty27,labda,ball,9,toys,sport,7,148,18,34,None,"(0, -0.1)",None,,,,,,,,,,,,,,1,0,1,0,0,16,16,16,7,0,7,0,648.7240946999518,,,,,,,,,,,,,,,,,,,,,,,,,,,,,,,,,,,,,,,,,,,,,,,,,,,,,,,,,,,,,,,,,,,,,,,,,,,,,,,,,,,,,,,,,,,,648.7110904000001,648.7240946999518,648.7240946999518,648.7240946999518,648.9081311000045,None,,,,,,,,,,,,,,,,,,,,,,,P8384,Bar_MIC,11,1,2026-04-09_15h27.42.794,MIC_task,,2026.1.2,60.0367665301919,2026-04-09 15h27.44.539502 +0200,
,,8,0,8,,,,,,,11,ty27,labda,ball,9,toys,sport,7,148,18,34,None,"(0, -0.1)",None,,,,,,,,,,,,,,1,0,1,0,0,16,16,16,8,0,8,0,648.9244044999359,,,,,,,,,,,,,,,,,,,,,,,,,,,,,,,,,,,,,,,,,,,,,,,,,,,,,,,,,,,,,,,,,,,,,,,,,,,,,,,,,,,,,,,,,,,,648.9113496999489,648.9244044999359,648.9244044999359,648.9244044999359,649.1084421999985,None,,,,,,,,,,,,,,,,,,,,,,,P8384,Bar_MIC,11,1,2026-04-09_15h27.42.794,MIC_task,,2026.1.2,60.0367665301919,2026-04-09 15h27.44.539502 +0200,
,,9,0,9,,,,,,,11,ty27,labda,ball,9,toys,sport,7,148,18,34,None,"(0, -0.1)",None,,,,,,,,,,,,,,1,0,1,0,0,16,16,16,9,0,9,0,649.124733399949,,,,,,,,,,,,,,,,,,,,,,,,,,,,,,,,,,,,,,,,,,,,,,,,,,,,,,,,,,,,,,,,,,,,,,,,,,,,,,,,,,,,,,,,,,,,649.111802999978,649.124733399949,649.124733399949,649.124733399949,649.3088416999672,None,,,,,,,,,,,,,,,,,,,,,,,P8384,Bar_MIC,11,1,2026-04-09_15h27.42.794,MIC_task,,2026.1.2,60.0367665301919,2026-04-09 15h27.44.539502 +0200,
,,10,0,10,,,,,,,11,ty27,labda,ball,9,toys,sport,7,148,18,34,None,"(0, -0.1)",space,0.15083950001280755,None,,,,,,,,,,,,1,0,1,0,0,16,16,16,10,0,10,0,649.3251751000062,,,,,,,,,,,,,,,,,,,,,,,,,,,,,,,,,,,,,,,,,,,,,,,,,,,,,,,,,,,,,,,,,,,,,,,,,,,,,,,,,,,,,,,,,,,,649.3118115999969,649.3251751000062,649.3251751000062,649.3251751000062,649.4928685999475,space,0.15083950001280755,None,,,,,,,,,,,,,,,,,,,,,P8384,Bar_MIC,11,1,2026-04-09_15h27.42.794,MIC_task,,2026.1.2,60.0367665301919,2026-04-09 15h27.44.539502 +0200,
,,16,16,0,,,,space,0.3802399999694899,None,11,ty27,labda,ball,9,toys,sport,7,148,18,34,None,"(0, -0.1)",,,,,,,,,,,,,,,1,0,1,0,0,16,16,16,,,,,,,,,,,,,,,,,,,,,,,,,,,,,,,,,,,,,,,,,,,,,,,,,,,,,,,,,,,,,,,,,,,,,,,,,,,,,,,,,649.559375199955,649.5645626999903,649.5754196332613,651.4955924999667,,,,,,653.4983102999395,653.5150533999549,653.5150533999549,653.900174099952,,,,,,,,,,,,651.5225898999488,651.5279141999781,651.5288050333115,653.4141737999162,653.4982624999247,space,0.3802399999694899,None,,,,,,,,,,,,,P8384,Bar_MIC,11,1,2026-04-09_15h27.42.794,MIC_task,,2026.1.2,60.0367665301919,2026-04-09 15h27.44.539502 +0200,
,,0,0,0,,,,,,,11,l18,lépcső,stairs,5,location,house,6.4,21,24,78,None,"(0.1, -0.1)",None,,,,,,,,,,,,,,1,0,1,0,0,17,17,17,0,0,0,0,653.9155209999299,,,,,,,,,,,,,,,,,,,,,,,,,,,,,,,,,,,,,,,,,,,,,,,,,,,,,,,,,,,,,,,,,,,,,,,,,,,,,,,,,,,,,,,,,,,,653.9036551999161,653.9155209999299,653.9155209999299,653.9155209999299,654.1000262999441,None,,,,,,,,,,,654.1150762999896,654.1150762999896,654.1150762999896,,,,,,,,,,P8384,Bar_MIC,11,1,2026-04-09_15h27.42.794,MIC_task,,2026.1.2,60.0367665301919,2026-04-09 15h27.44.539502 +0200,
,,0,0,0,,,,,,,11,l18,lépcső,stairs,5,location,house,6.4,21,24,78,None,"(0.1, -0.1)",None,,,,,,,,,,,,,,1,0,1,0,0,17,17,17,0,0,0,0,654.1150762999896,,,,,,,,,,,,,,,,,,,,,,,,,,,,,,,,,,,,,,,,,,,,,,,,,,,,,,,,,,,,,,,,,,,,,,,,,,,,,,,,,,,,,,,,,,,,654.1029783999547,654.1150762999896,654.1150762999896,654.1150762999896,654.3004445999395,None,,,,,,,,,,,654.3162275999784,654.3162275999784,654.3162275999784,,,,,,,,,,P8384,Bar_MIC,11,1,2026-04-09_15h27.42.794,MIC_task,,2026.1.2,60.0367665301919,2026-04-09 15h27.44.539502 +0200,
,,1,0,1,,,,,,,11,l18,lépcső,stairs,5,location,house,6.4,21,24,78,None,"(0.1, -0.1)",None,,,,,,,,,,,,,,1,0,1,0,0,17,17,17,1,0,1,0,654.3162275999784,,,,,,,,,,,,,,,,,,,,,,,,,,,,,,,,,,,,,,,,,,,,,,,,,,,,,,,,,,,,,,,,,,,,,,,,,,,,,,,,,,,,,,,,,,,,654.3037585999118,654.3162275999784,654.3162275999784,654.3162275999784,654.5004262999864,None,,,,,,,,,,,,,,,,,,,,,,,P8384,Bar_MIC,11,1,2026-04-09_15h27.42.794,MIC_task,,2026.1.2,60.0367665301919,2026-04-09 15h27.44.539502 +0200,
,,2,0,2,,,,,,,11,l18,lépcső,stairs,5,location,house,6.4,21,24,78,None,"(0.1, -0.1)",None,,,,,,,,,,,,,,1,0,1,0,0,17,17,17,2,0,2,0,654.515820199973,,,,,,,,,,,,,,,,,,,,,,,,,,,,,,,,,,,,,,,,,,,,,,,,,,,,,,,,,,,,,,,,,,,,,,,,,,,,,,,,,,,,,,,,,,,,654.5034801999573,654.515820199973,654.515820199973,654.515820199973,654.7008052999154,None,,,,,,,,,,,,,,,,,,,,,,,P8384,Bar_MIC,11,1,2026-04-09_15h27.42.794,MIC_task,,2026.1.2,60.0367665301919,2026-04-09 15h27.44.539502 +0200,
,,3,0,3,,,,,,,11,l18,lépcső,stairs,5,location,house,6.4,21,24,78,None,"(0.1, -0.1)",None,,,,,,,,,,,,,,1,0,1,0,0,17,17,17,3,0,3,0,654.7162583000027,,,,,,,,,,,,,,,,,,,,,,,,,,,,,,,,,,,,,,,,,,,,,,,,,,,,,,,,,,,,,,,,,,,,,,,,,,,,,,,,,,,,,,,,,,,,654.7036696999567,654.7162583000027,654.7162583000027,654.7162583000027,654.9013641999336,None,,,,,,,,,,,,,,,,,,,,,,,P8384,Bar_MIC,11,1,2026-04-09_15h27.42.794,MIC_task,,2026.1.2,60.0367665301919,2026-04-09 15h27.44.539502 +0200,
,,4,0,4,,,,,,,11,l18,lépcső,stairs,5,location,house,6.4,21,24,78,None,"(0.1, -0.1)",None,,,,,,,,,,,,,,1,0,1,0,0,17,17,17,4,0,4,0,654.9166396999499,,,,,,,,,,,,,,,,,,,,,,,,,,,,,,,,,,,,,,,,,,,,,,,,,,,,,,,,,,,,,,,,,,,,,,,,,,,,,,,,,,,,,,,,,,,,654.9043634999543,654.9166396999499,654.9166396999499,654.9166396999499,655.1004678999307,None,,,,,,,,,,,,,,,,,,,,,,,P8384,Bar_MIC,11,1,2026-04-09_15h27.42.794,MIC_task,,2026.1.2,60.0367665301919,2026-04-09 15h27.44.539502 +0200,
,,5,0,5,,,,,,,11,l18,lépcső,stairs,5,location,house,6.4,21,24,78,None,"(0.1, -0.1)",None,,,,,,,,,,,,,,1,0,1,0,0,17,17,17,5,0,5,0,655.1170066999039,,,,,,,,,,,,,,,,,,,,,,,,,,,,,,,,,,,,,,,,,,,,,,,,,,,,,,,,,,,,,,,,,,,,,,,,,,,,,,,,,,,,,,,,,,,,655.1033669000026,655.1170066999039,655.1170066999039,655.1170066999039,655.3007483999245,None,,,,,,,,,,,,,,,,,,,,,,,P8384,Bar_MIC,11,1,2026-04-09_15h27.42.794,MIC_task,,2026.1.2,60.0367665301919,2026-04-09 15h27.44.539502 +0200,
,,6,0,6,,,,,,,11,l18,lépcső,stairs,5,location,house,6.4,21,24,78,None,"(0.1, -0.1)",None,,,,,,,,,,,,,,1,0,1,0,0,17,17,17,6,0,6,0,655.3173976999242,,,,,,,,,,,,,,,,,,,,,,,,,,,,,,,,,,,,,,,,,,,,,,,,,,,,,,,,,,,,,,,,,,,,,,,,,,,,,,,,,,,,,,,,,,,,655.303754499997,655.3173976999242,655.3173976999242,655.3173976999242,655.501276099938,None,,,,,,,,,,,,,,,,,,,,,,,P8384,Bar_MIC,11,1,2026-04-09_15h27.42.794,MIC_task,,2026.1.2,60.0367665301919,2026-04-09 15h27.44.539502 +0200,
,,7,0,7,,,,,,,11,l18,lépcső,stairs,5,location,house,6.4,21,24,78,None,"(0.1, -0.1)",None,,,,,,,,,,,,,,1,0,1,0,0,17,17,17,7,0,7,0,655.5177848999156,,,,,,,,,,,,,,,,,,,,,,,,,,,,,,,,,,,,,,,,,,,,,,,,,,,,,,,,,,,,,,,,,,,,,,,,,,,,,,,,,,,,,,,,,,,,655.5045594999101,655.5177848999156,655.5177848999156,655.5177848999156,655.7016558999894,None,,,,,,,,,,,,,,,,,,,,,,,P8384,Bar_MIC,11,1,2026-04-09_15h27.42.794,MIC_task,,2026.1.2,60.0367665301919,2026-04-09 15h27.44.539502 +0200,
,,8,0,8,,,,,,,11,l18,lépcső,stairs,5,location,house,6.4,21,24,78,None,"(0.1, -0.1)",None,,,,,,,,,,,,,,1,0,1,0,0,17,17,17,8,0,8,0,655.7181589999236,,,,,,,,,,,,,,,,,,,,,,,,,,,,,,,,,,,,,,,,,,,,,,,,,,,,,,,,,,,,,,,,,,,,,,,,,,,,,,,,,,,,,,,,,,,,655.7049878999824,655.7181589999236,655.7181589999236,655.7181589999236,655.9021279999288,None,,,,,,,,,,,,,,,,,,,,,,,P8384,Bar_MIC,11,1,2026-04-09_15h27.42.794,MIC_task,,2026.1.2,60.0367665301919,2026-04-09 15h27.44.539502 +0200,
,,9,0,9,,,,,,,11,l18,lépcső,stairs,5,location,house,6.4,21,24,78,None,"(0.1, -0.1)",None,,,,,,,,,,,,,,1,0,1,0,0,17,17,17,9,0,9,0,655.9184648999944,,,,,,,,,,,,,,,,,,,,,,,,,,,,,,,,,,,,,,,,,,,,,,,,,,,,,,,,,,,,,,,,,,,,,,,,,,,,,,,,,,,,,,,,,,,,655.9054194999626,655.9184648999944,655.9184648999944,655.9184648999944,656.1025785999373,None,,,,,,,,,,,,,,,,,,,,,,,P8384,Bar_MIC,11,1,2026-04-09_15h27.42.794,MIC_task,,2026.1.2,60.0367665301919,2026-04-09 15h27.44.539502 +0200,
,,10,0,10,,,,,,,11,l18,lépcső,stairs,5,location,house,6.4,21,24,78,None,"(0.1, -0.1)",None,,,,,,,,,,,,,,1,0,1,0,0,17,17,17,10,0,10,0,656.1187900999794,,,,,,,,,,,,,,,,,,,,,,,,,,,,,,,,,,,,,,,,,,,,,,,,,,,,,,,,,,,,,,,,,,,,,,,,,,,,,,,,,,,,,,,,,,,,656.1058361999458,656.1187900999794,656.1187900999794,656.1187900999794,656.3028700998984,None,,,,,,,,,,,,,,,,,,,,,,,P8384,Bar_MIC,11,1,2026-04-09_15h27.42.794,MIC_task,,2026.1.2,60.0367665301919,2026-04-09 15h27.44.539502 +0200,
,,11,0,11,,,,,,,11,l18,lépcső,stairs,5,location,house,6.4,21,24,78,None,"(0.1, -0.1)",None,,,,,,,,,,,,,,1,0,1,0,0,17,17,17,11,0,11,0,656.3192258999916,,,,,,,,,,,,,,,,,,,,,,,,,,,,,,,,,,,,,,,,,,,,,,,,,,,,,,,,,,,,,,,,,,,,,,,,,,,,,,,,,,,,,,,,,,,,656.3061089999974,656.3192258999916,656.3192258999916,656.3192258999916,656.5033294999739,None,,,,,,,,,,,,,,,,,,,,,,,P8384,Bar_MIC,11,1,2026-04-09_15h27.42.794,MIC_task,,2026.1.2,60.0367665301919,2026-04-09 15h27.44.539502 +0200,
,,12,0,12,,,,,,,11,l18,lépcső,stairs,5,location,house,6.4,21,24,78,None,"(0.1, -0.1)",None,,,,,,,,,,,,,,1,0,1,0,0,17,17,17,12,0,12,0,656.519592299941,,,,,,,,,,,,,,,,,,,,,,,,,,,,,,,,,,,,,,,,,,,,,,,,,,,,,,,,,,,,,,,,,,,,,,,,,,,,,,,,,,,,,,,,,,,,656.5065285000019,656.519592299941,656.519592299941,656.519592299941,656.7039032999892,None,,,,,,,,,,,,,,,,,,,,,,,P8384,Bar_MIC,11,1,2026-04-09_15h27.42.794,MIC_task,,2026.1.2,60.0367665301919,2026-04-09 15h27.44.539502 +0200,
,,13,0,13,,,,,,,11,l18,lépcső,stairs,5,location,house,6.4,21,24,78,None,"(0.1, -0.1)",None,,,,,,,,,,,,,,1,0,1,0,0,17,17,17,13,0,13,0,656.7193405999569,,,,,,,,,,,,,,,,,,,,,,,,,,,,,,,,,,,,,,,,,,,,,,,,,,,,,,,,,,,,,,,,,,,,,,,,,,,,,,,,,,,,,,,,,,,,656.7070688999956,656.7193405999569,656.7193405999569,656.7193405999569,656.904196199961,None,,,,,,,,,,,,,,,,,,,,,,,P8384,Bar_MIC,11,1,2026-04-09_15h27.42.794,MIC_task,,2026.1.2,60.0367665301919,2026-04-09 15h27.44.539502 +0200,
,,14,0,14,,,,,,,11,l18,lépcső,stairs,5,location,house,6.4,21,24,78,None,"(0.1, -0.1)",None,,,,,,,,,,,,,,1,0,1,0,0,17,17,17,14,0,14,0,656.919639699976,,,,,,,,,,,,,,,,,,,,,,,,,,,,,,,,,,,,,,,,,,,,,,,,,,,,,,,,,,,,,,,,,,,,,,,,,,,,,,,,,,,,,,,,,,,,656.9074036999373,656.919639699976,656.919639699976,656.919639699976,657.1033996999031,None,,,,,,,,,,,,,,,,,,,,,,,P8384,Bar_MIC,11,1,2026-04-09_15h27.42.794,MIC_task,,2026.1.2,60.0367665301919,2026-04-09 15h27.44.539502 +0200,
,,15,0,15,,,,,,,11,l18,lépcső,stairs,5,location,house,6.4,21,24,78,None,"(0.1, -0.1)",None,,,,,,,,,,,,,,1,0,1,0,0,17,17,17,15,0,15,0,657.1200179998996,,,,,,,,,,,,,,,,,,,,,,,,,,,,,,,,,,,,,,,,,,,,,,,,,,,,,,,,,,,,,,,,,,,,,,,,,,,,,,,,,,,,,,,,,,,,657.106662999955,657.1200179998996,657.1200179998996,657.1200179998996,657.303798399982,None,,,,,,,,,,,,,,,,,,,,,,,P8384,Bar_MIC,11,1,2026-04-09_15h27.42.794,MIC_task,,2026.1.2,60.0367665301919,2026-04-09 15h27.44.539502 +0200,
,,16,0,16,,,,,,,11,l18,lépcső,stairs,5,location,house,6.4,21,24,78,None,"(0.1, -0.1)",None,,,,,,,,,,,,,,1,0,1,0,0,17,17,17,16,0,16,0,657.3204805999994,,,,,,,,,,,,,,,,,,,,,,,,,,,,,,,,,,,,,,,,,,,,,,,,,,,,,,,,,,,,,,,,,,,,,,,,,,,,,,,,,,,,,,,,,,,,657.3068709999789,657.3204805999994,657.3204805999994,657.3204805999994,657.5041627999162,None,,,,,,,,,,,,,,,,,,,,,,,P8384,Bar_MIC,11,1,2026-04-09_15h27.42.794,MIC_task,,2026.1.2,60.0367665301919,2026-04-09 15h27.44.539502 +0200,
,,17,0,17,,,,,,,11,l18,lépcső,stairs,5,location,house,6.4,21,24,78,None,"(0.1, -0.1)",None,,,,,,,,,,,,,,1,0,1,0,0,17,17,17,17,0,17,0,657.5207913999911,,,,,,,,,,,,,,,,,,,,,,,,,,,,,,,,,,,,,,,,,,,,,,,,,,,,,,,,,,,,,,,,,,,,,,,,,,,,,,,,,,,,,,,,,,,,657.5075247999048,657.5207913999911,657.5207913999911,657.5207913999911,657.7046641999623,None,,,,,,,,,,,,,,,,,,,,,,,P8384,Bar_MIC,11,1,2026-04-09_15h27.42.794,MIC_task,,2026.1.2,60.0367665301919,2026-04-09 15h27.44.539502 +0200,
,,18,0,18,,,,,,,11,l18,lépcső,stairs,5,location,house,6.4,21,24,78,None,"(0.1, -0.1)",None,,,,,,,,,,,,,,1,0,1,0,0,17,17,17,18,0,18,0,657.7211956999963,,,,,,,,,,,,,,,,,,,,,,,,,,,,,,,,,,,,,,,,,,,,,,,,,,,,,,,,,,,,,,,,,,,,,,,,,,,,,,,,,,,,,,,,,,,,657.7078995999182,657.7211956999963,657.7211956999963,657.7211956999963,657.9050008999184,None,,,,,,,,,,,,,,,,,,,,,,,P8384,Bar_MIC,11,1,2026-04-09_15h27.42.794,MIC_task,,2026.1.2,60.0367665301919,2026-04-09 15h27.44.539502 +0200,
,,19,0,19,,,,,,,11,l18,lépcső,stairs,5,location,house,6.4,21,24,78,None,"(0.1, -0.1)",None,,,,,,,,,,,,,,1,0,1,0,0,17,17,17,19,0,19,0,657.9215006999439,,,,,,,,,,,,,,,,,,,,,,,,,,,,,,,,,,,,,,,,,,,,,,,,,,,,,,,,,,,,,,,,,,,,,,,,,,,,,,,,,,,,,,,,,,,,657.9082050999859,657.9215006999439,657.9215006999439,657.9215006999439,658.1055050999857,None,,,,,,,,,,,,,,,,,,,,,,,P8384,Bar_MIC,11,1,2026-04-09_15h27.42.794,MIC_task,,2026.1.2,60.0367665301919,2026-04-09 15h27.44.539502 +0200,
,,20,0,20,,,,,,,11,l18,lépcső,stairs,5,location,house,6.4,21,24,78,None,"(0.1, -0.1)",None,,,,,,,,,,,,,,1,0,1,0,0,17,17,17,20,0,20,0,658.121861499967,,,,,,,,,,,,,,,,,,,,,,,,,,,,,,,,,,,,,,,,,,,,,,,,,,,,,,,,,,,,,,,,,,,,,,,,,,,,,,,,,,,,,,,,,,,,658.1088370999787,658.121861499967,658.121861499967,658.121861499967,658.3058750999626,None,,,,,,,,,,,,,,,,,,,,,,,P8384,Bar_MIC,11,1,2026-04-09_15h27.42.794,MIC_task,,2026.1.2,60.0367665301919,2026-04-09 15h27.44.539502 +0200,
,,21,0,21,,,,,,,11,l18,lépcső,stairs,5,location,house,6.4,21,24,78,None,"(0.1, -0.1)",None,,,,,,,,,,,,,,1,0,1,0,0,17,17,17,21,0,21,0,658.3222417999059,,,,,,,,,,,,,,,,,,,,,,,,,,,,,,,,,,,,,,,,,,,,,,,,,,,,,,,,,,,,,,,,,,,,,,,,,,,,,,,,,,,,,,,,,,,,658.3088063999312,658.3222417999059,658.3222417999059,658.3222417999059,658.5062179999659,None,,,,,,,,,,,,,,,,,,,,,,,P8384,Bar_MIC,11,1,2026-04-09_15h27.42.794,MIC_task,,2026.1.2,60.0367665301919,2026-04-09 15h27.44.539502 +0200,
,,22,0,22,,,,,,,11,l18,lépcső,stairs,5,location,house,6.4,21,24,78,None,"(0.1, -0.1)",None,,,,,,,,,,,,,,1,0,1,0,0,17,17,17,22,0,22,0,658.5225399999181,,,,,,,,,,,,,,,,,,,,,,,,,,,,,,,,,,,,,,,,,,,,,,,,,,,,,,,,,,,,,,,,,,,,,,,,,,,,,,,,,,,,,,,,,,,,658.5094318999909,658.5225399999181,658.5225399999181,658.5225399999181,658.7066971999593,None,,,,,,,,,,,,,,,,,,,,,,,P8384,Bar_MIC,11,1,2026-04-09_15h27.42.794,MIC_task,,2026.1.2,60.0367665301919,2026-04-09 15h27.44.539502 +0200,
,,23,0,23,,,,,,,11,l18,lépcső,stairs,5,location,house,6.4,21,24,78,None,"(0.1, -0.1)",None,,,,,,,,,,,,,,1,0,1,0,0,17,17,17,23,0,23,0,658.7221507999348,,,,,,,,,,,,,,,,,,,,,,,,,,,,,,,,,,,,,,,,,,,,,,,,,,,,,,,,,,,,,,,,,,,,,,,,,,,,,,,,,,,,,,,,,,,,658.7096971999854,658.7221507999348,658.7221507999348,658.7221507999348,658.9070317998994,None,,,,,,,,,,,,,,,,,,,,,,,P8384,Bar_MIC,11,1,2026-04-09_15h27.42.794,MIC_task,,2026.1.2,60.0367665301919,2026-04-09 15h27.44.539502 +0200,
,,24,0,24,,,,,,,11,l18,lépcső,stairs,5,location,house,6.4,21,24,78,None,"(0.1, -0.1)",None,,,,,,,,,,,,,,1,0,1,0,0,17,17,17,24,0,24,0,658.9225374999223,,,,,,,,,,,,,,,,,,,,,,,,,,,,,,,,,,,,,,,,,,,,,,,,,,,,,,,,,,,,,,,,,,,,,,,,,,,,,,,,,,,,,,,,,,,,658.9102522999747,658.9225374999223,658.9225374999223,658.9225374999223,659.1074626999907,None,,,,,,,,,,,,,,,,,,,,,,,P8384,Bar_MIC,11,1,2026-04-09_15h27.42.794,MIC_task,,2026.1.2,60.0367665301919,2026-04-09 15h27.44.539502 +0200,
,,25,0,25,,,,,,,11,l18,lépcső,stairs,5,location,house,6.4,21,24,78,None,"(0.1, -0.1)",None,,,,,,,,,,,,,,1,0,1,0,0,17,17,17,25,0,25,0,659.1229317999678,,,,,,,,,,,,,,,,,,,,,,,,,,,,,,,,,,,,,,,,,,,,,,,,,,,,,,,,,,,,,,,,,,,,,,,,,,,,,,,,,,,,,,,,,,,,659.1109049998922,659.1229317999678,659.1229317999678,659.1229317999678,659.3078733999282,None,,,,,,,,,,,,,,,,,,,,,,,P8384,Bar_MIC,11,1,2026-04-09_15h27.42.794,MIC_task,,2026.1.2,60.0367665301919,2026-04-09 15h27.44.539502 +0200,
,,26,0,26,,,,,,,11,l18,lépcső,stairs,5,location,house,6.4,21,24,78,None,"(0.1, -0.1)",None,,,,,,,,,,,,,,1,0,1,0,0,17,17,17,26,0,26,0,659.3233146999264,,,,,,,,,,,,,,,,,,,,,,,,,,,,,,,,,,,,,,,,,,,,,,,,,,,,,,,,,,,,,,,,,,,,,,,,,,,,,,,,,,,,,,,,,,,,659.3110795998946,659.3233146999264,659.3233146999264,659.3233146999264,659.507093799999,None,,,,,,,,,,,,,,,,,,,,,,,P8384,Bar_MIC,11,1,2026-04-09_15h27.42.794,MIC_task,,2026.1.2,60.0367665301919,2026-04-09 15h27.44.539502 +0200,
,,27,0,27,,,,,,,11,l18,lépcső,stairs,5,location,house,6.4,21,24,78,None,"(0.1, -0.1)",None,,,,,,,,,,,,,,1,0,1,0,0,17,17,17,27,0,27,0,659.5237550999736,,,,,,,,,,,,,,,,,,,,,,,,,,,,,,,,,,,,,,,,,,,,,,,,,,,,,,,,,,,,,,,,,,,,,,,,,,,,,,,,,,,,,,,,,,,,659.5100068999454,659.5237550999736,659.5237550999736,659.5237550999736,659.7075264999876,None,,,,,,,,,,,,,,,,,,,,,,,P8384,Bar_MIC,11,1,2026-04-09_15h27.42.794,MIC_task,,2026.1.2,60.0367665301919,2026-04-09 15h27.44.539502 +0200,
,,28,0,28,,,,,,,11,l18,lépcső,stairs,5,location,house,6.4,21,24,78,None,"(0.1, -0.1)",None,,,,,,,,,,,,,,1,0,1,0,0,17,17,17,28,0,28,0,659.7241303999908,,,,,,,,,,,,,,,,,,,,,,,,,,,,,,,,,,,,,,,,,,,,,,,,,,,,,,,,,,,,,,,,,,,,,,,,,,,,,,,,,,,,,,,,,,,,659.7109313999536,659.7241303999908,659.7241303999908,659.7241303999908,659.9079676999245,None,,,,,,,,,,,,,,,,,,,,,,,P8384,Bar_MIC,11,1,2026-04-09_15h27.42.794,MIC_task,,2026.1.2,60.0367665301919,2026-04-09 15h27.44.539502 +0200,
,,29,0,29,,,,,,,11,l18,lépcső,stairs,5,location,house,6.4,21,24,78,None,"(0.1, -0.1)",None,,,,,,,,,,,,,,1,0,1,0,0,17,17,17,29,0,29,0,659.9244898000034,,,,,,,,,,,,,,,,,,,,,,,,,,,,,,,,,,,,,,,,,,,,,,,,,,,,,,,,,,,,,,,,,,,,,,,,,,,,,,,,,,,,,,,,,,,,659.9109300998971,659.9244898000034,659.9244898000034,659.9244898000034,660.108483399963,None,,,,,,,,,,,,,,,,,,,,,,,P8384,Bar_MIC,11,1,2026-04-09_15h27.42.794,MIC_task,,2026.1.2,60.0367665301919,2026-04-09 15h27.44.539502 +0200,
,,30,0,30,,,,,,,11,l18,lépcső,stairs,5,location,house,6.4,21,24,78,None,"(0.1, -0.1)",None,,,,,,,,,,,,,,1,0,1,0,0,17,17,17,30,0,30,0,660.1248775999993,,,,,,,,,,,,,,,,,,,,,,,,,,,,,,,,,,,,,,,,,,,,,,,,,,,,,,,,,,,,,,,,,,,,,,,,,,,,,,,,,,,,,,,,,,,,660.111576299998,660.1248775999993,660.1248775999993,660.1248775999993,660.3087321999483,None,,,,,,,,,,,,,,,,,,,,,,,P8384,Bar_MIC,11,1,2026-04-09_15h27.42.794,MIC_task,,2026.1.2,60.0367665301919,2026-04-09 15h27.44.539502 +0200,
,,31,0,31,,,,,,,11,l18,lépcső,stairs,5,location,house,6.4,21,24,78,None,"(0.1, -0.1)",None,,,,,,,,,,,,,,1,0,1,0,0,17,17,17,31,0,31,0,660.3252313999692,,,,,,,,,,,,,,,,,,,,,,,,,,,,,,,,,,,,,,,,,,,,,,,,,,,,,,,,,,,,,,,,,,,,,,,,,,,,,,,,,,,,,,,,,,,,660.3118036999367,660.3252313999692,660.3252313999692,660.3252313999692,660.509167799959,None,,,,,,,,,,,,,,,,,,,,,,,P8384,Bar_MIC,11,1,2026-04-09_15h27.42.794,MIC_task,,2026.1.2,60.0367665301919,2026-04-09 15h27.44.539502 +0200,
,,32,0,32,,,,,,,11,l18,lépcső,stairs,5,location,house,6.4,21,24,78,None,"(0.1, -0.1)",space,0.07176029996480793,None,,,,,,,,,,,,1,0,1,0,0,17,17,17,32,0,32,0,660.5256321999477,,,,,,,,,,,,,,,,,,,,,,,,,,,,,,,,,,,,,,,,,,,,,,,,,,,,,,,,,,,,,,,,,,,,,,,,,,,,,,,,,,,,,,,,,,,,660.5125670999987,660.5256321999477,660.5256321999477,660.5256321999477,660.6094467999646,space,0.07176029996480793,None,,,,,,,,,,,,,,,,,,,,,P8384,Bar_MIC,11,1,2026-04-09_15h27.42.794,MIC_task,,2026.1.2,60.0367665301919,2026-04-09 15h27.44.539502 +0200,
,,17,17,0,,,,space,0.43158789991866797,None,11,l18,lépcső,stairs,5,location,house,6.4,21,24,78,None,"(0.1, -0.1)",,,,,,,,,,,,,,,1,0,1,0,0,17,17,17,,,,,,,,,,,,,,,,,,,,,,,,,,,,,,,,,,,,,,,,,,,,,,,,,,,,,,,,,,,,,,,,,,,,,,,,,,,,,,,,,660.6721877999371,660.6782346999971,660.6753043666404,662.6117159998976,,,,,,664.6158697999781,664.6325736999279,664.6325736999279,665.0663567999145,,,,,,,,,,,,662.6423717999132,662.6477654000046,662.6449451332523,664.5484932999825,664.615823399974,space,0.43158789991866797,None,,,,,,,,,,,,,P8384,Bar_MIC,11,1,2026-04-09_15h27.42.794,MIC_task,,2026.1.2,60.0367665301919,2026-04-09 15h27.44.539502 +0200,
,,0,0,0,,,,,,,11,b03,fül,ear,2,bodypart,face,6.6,14,19,43,None,"(-0.1, 0.1)",None,,,,,,,,,,,,,,1,0,1,0,0,18,18,18,0,0,0,0,665.0824246999109,,,,,,,,,,,,,,,,,,,,,,,,,,,,,,,,,,,,,,,,,,,,,,,,,,,,,,,,,,,,,,,,,,,,,,,,,,,,,,,,,,,,,,,,,,,,665.069091699901,665.0824246999109,665.0824246999109,665.0824246999109,665.2668130999664,None,,,,,,,,,,,665.2827866999432,665.2827866999432,665.2827866999432,,,,,,,,,,P8384,Bar_MIC,11,1,2026-04-09_15h27.42.794,MIC_task,,2026.1.2,60.0367665301919,2026-04-09 15h27.44.539502 +0200,
,,0,0,0,,,,,,,11,b03,fül,ear,2,bodypart,face,6.6,14,19,43,None,"(-0.1, 0.1)",None,,,,,,,,,,,,,,1,0,1,0,0,18,18,18,0,0,0,0,665.2827866999432,,,,,,,,,,,,,,,,,,,,,,,,,,,,,,,,,,,,,,,,,,,,,,,,,,,,,,,,,,,,,,,,,,,,,,,,,,,,,,,,,,,,,,,,,,,,665.2696188999107,665.2827866999432,665.2827866999432,665.2827866999432,665.4667189999018,None,,,,,,,,,,,,,,,,,,,,,,,P8384,Bar_MIC,11,1,2026-04-09_15h27.42.794,MIC_task,,2026.1.2,60.0367665301919,2026-04-09 15h27.44.539502 +0200,
,,1,0,1,,,,,,,11,b03,fül,ear,2,bodypart,face,6.6,14,19,43,None,"(-0.1, 0.1)",None,,,,,,,,,,,,,,1,0,1,0,0,18,18,18,1,0,1,0,665.4832099999767,,,,,,,,,,,,,,,,,,,,,,,,,,,,,,,,,,,,,,,,,,,,,,,,,,,,,,,,,,,,,,,,,,,,,,,,,,,,,,,,,,,,,,,,,,,,665.4701587999007,665.4832099999767,665.4832099999767,665.4832099999767,665.6671666000038,None,,,,,,,,,,,,,,,,,,,,,,,P8384,Bar_MIC,11,1,2026-04-09_15h27.42.794,MIC_task,,2026.1.2,60.0367665301919,2026-04-09 15h27.44.539502 +0200,
,,2,0,2,,,,,,,11,b03,fül,ear,2,bodypart,face,6.6,14,19,43,None,"(-0.1, 0.1)",None,,,,,,,,,,,,,,1,0,1,0,0,18,18,18,2,0,2,0,665.6834852999309,,,,,,,,,,,,,,,,,,,,,,,,,,,,,,,,,,,,,,,,,,,,,,,,,,,,,,,,,,,,,,,,,,,,,,,,,,,,,,,,,,,,,,,,,,,,665.6704550998984,665.6834852999309,665.6834852999309,665.6834852999309,665.8675758999307,None,,,,,,,,,,,,,,,,,,,,,,,P8384,Bar_MIC,11,1,2026-04-09_15h27.42.794,MIC_task,,2026.1.2,60.0367665301919,2026-04-09 15h27.44.539502 +0200,
,,3,0,3,,,,,,,11,b03,fül,ear,2,bodypart,face,6.6,14,19,43,None,"(-0.1, 0.1)",None,,,,,,,,,,,,,,1,0,1,0,0,18,18,18,3,0,3,0,665.8830626999261,,,,,,,,,,,,,,,,,,,,,,,,,,,,,,,,,,,,,,,,,,,,,,,,,,,,,,,,,,,,,,,,,,,,,,,,,,,,,,,,,,,,,,,,,,,,665.8707378999097,665.8830626999261,665.8830626999261,665.8830626999261,666.0679115999956,None,,,,,,,,,,,,,,,,,,,,,,,P8384,Bar_MIC,11,1,2026-04-09_15h27.42.794,MIC_task,,2026.1.2,60.0367665301919,2026-04-09 15h27.44.539502 +0200,
,,4,0,4,,,,,,,11,b03,fül,ear,2,bodypart,face,6.6,14,19,43,None,"(-0.1, 0.1)",None,,,,,,,,,,,,,,1,0,1,0,0,18,18,18,4,0,4,0,666.0841833999148,,,,,,,,,,,,,,,,,,,,,,,,,,,,,,,,,,,,,,,,,,,,,,,,,,,,,,,,,,,,,,,,,,,,,,,,,,,,,,,,,,,,,,,,,,,,666.0711824999889,666.0841833999148,666.0841833999148,666.0841833999148,666.2683752999874,None,,,,,,,,,,,,,,,,,,,,,,,P8384,Bar_MIC,11,1,2026-04-09_15h27.42.794,MIC_task,,2026.1.2,60.0367665301919,2026-04-09 15h27.44.539502 +0200,
,,5,0,5,,,,,,,11,b03,fül,ear,2,bodypart,face,6.6,14,19,43,None,"(-0.1, 0.1)",None,,,,,,,,,,,,,,1,0,1,0,0,18,18,18,5,0,5,0,666.2838808998931,,,,,,,,,,,,,,,,,,,,,,,,,,,,,,,,,,,,,,,,,,,,,,,,,,,,,,,,,,,,,,,,,,,,,,,,,,,,,,,,,,,,,,,,,,,,666.2716979999095,666.2838808998931,666.2838808998931,666.2838808998931,666.4687123999465,None,,,,,,,,,,,,,,,,,,,,,,,P8384,Bar_MIC,11,1,2026-04-09_15h27.42.794,MIC_task,,2026.1.2,60.0367665301919,2026-04-09 15h27.44.539502 +0200,
,,6,0,6,,,,,,,11,b03,fül,ear,2,bodypart,face,6.6,14,19,43,None,"(-0.1, 0.1)",None,,,,,,,,,,,,,,1,0,1,0,0,18,18,18,6,0,6,0,666.4842314999551,,,,,,,,,,,,,,,,,,,,,,,,,,,,,,,,,,,,,,,,,,,,,,,,,,,,,,,,,,,,,,,,,,,,,,,,,,,,,,,,,,,,,,,,,,,,666.4717028999003,666.4842314999551,666.4842314999551,666.4842314999551,666.6691676999908,None,,,,,,,,,,,,,,,,,,,,,,,P8384,Bar_MIC,11,1,2026-04-09_15h27.42.794,MIC_task,,2026.1.2,60.0367665301919,2026-04-09 15h27.44.539502 +0200,
,,7,0,7,,,,,,,11,b03,fül,ear,2,bodypart,face,6.6,14,19,43,None,"(-0.1, 0.1)",None,,,,,,,,,,,,,,1,0,1,0,0,18,18,18,7,0,7,0,666.6846018999349,,,,,,,,,,,,,,,,,,,,,,,,,,,,,,,,,,,,,,,,,,,,,,,,,,,,,,,,,,,,,,,,,,,,,,,,,,,,,,,,,,,,,,,,,,,,666.6722851999803,666.6846018999349,666.6846018999349,666.6846018999349,666.8683486999944,None,,,,,,,,,,,,,,,,,,,,,,,P8384,Bar_MIC,11,1,2026-04-09_15h27.42.794,MIC_task,,2026.1.2,60.0367665301919,2026-04-09 15h27.44.539502 +0200,
,,8,0,8,,,,,,,11,b03,fül,ear,2,bodypart,face,6.6,14,19,43,None,"(-0.1, 0.1)",None,,,,,,,,,,,,,,1,0,1,0,0,18,18,18,8,0,8,0,666.8849683000008,,,,,,,,,,,,,,,,,,,,,,,,,,,,,,,,,,,,,,,,,,,,,,,,,,,,,,,,,,,,,,,,,,,,,,,,,,,,,,,,,,,,,,,,,,,,666.8717489999253,666.8849683000008,666.8849683000008,666.8849683000008,667.0687008999521,None,,,,,,,,,,,,,,,,,,,,,,,P8384,Bar_MIC,11,1,2026-04-09_15h27.42.794,MIC_task,,2026.1.2,60.0367665301919,2026-04-09 15h27.44.539502 +0200,
,,9,0,9,,,,,,,11,b03,fül,ear,2,bodypart,face,6.6,14,19,43,None,"(-0.1, 0.1)",None,,,,,,,,,,,,,,1,0,1,0,0,18,18,18,9,0,9,0,667.0853854999878,,,,,,,,,,,,,,,,,,,,,,,,,,,,,,,,,,,,,,,,,,,,,,,,,,,,,,,,,,,,,,,,,,,,,,,,,,,,,,,,,,,,,,,,,,,,667.0716554999817,667.0853854999878,667.0853854999878,667.0853854999878,667.2693684999831,None,,,,,,,,,,,,,,,,,,,,,,,P8384,Bar_MIC,11,1,2026-04-09_15h27.42.794,MIC_task,,2026.1.2,60.0367665301919,2026-04-09 15h27.44.539502 +0200,
,,10,0,10,,,,,,,11,b03,fül,ear,2,bodypart,face,6.6,14,19,43,None,"(-0.1, 0.1)",None,,,,,,,,,,,,,,1,0,1,0,0,18,18,18,10,0,10,0,667.285809099907,,,,,,,,,,,,,,,,,,,,,,,,,,,,,,,,,,,,,,,,,,,,,,,,,,,,,,,,,,,,,,,,,,,,,,,,,,,,,,,,,,,,,,,,,,,,667.2723006999586,667.285809099907,667.285809099907,667.285809099907,667.4698963999981,None,,,,,,,,,,,,,,,,,,,,,,,P8384,Bar_MIC,11,1,2026-04-09_15h27.42.794,MIC_task,,2026.1.2,60.0367665301919,2026-04-09 15h27.44.539502 +0200,
,,11,0,11,,,,,,,11,b03,fül,ear,2,bodypart,face,6.6,14,19,43,None,"(-0.1, 0.1)",None,,,,,,,,,,,,,,1,0,1,0,0,18,18,18,11,0,11,0,667.4861777999904,,,,,,,,,,,,,,,,,,,,,,,,,,,,,,,,,,,,,,,,,,,,,,,,,,,,,,,,,,,,,,,,,,,,,,,,,,,,,,,,,,,,,,,,,,,,667.4726365999086,667.4861777999904,667.4861777999904,667.4861777999904,667.6701065999223,None,,,,,,,,,,,,,,,,,,,,,,,P8384,Bar_MIC,11,1,2026-04-09_15h27.42.794,MIC_task,,2026.1.2,60.0367665301919,2026-04-09 15h27.44.539502 +0200,
,,12,0,12,,,,,,,11,b03,fül,ear,2,bodypart,face,6.6,14,19,43,None,"(-0.1, 0.1)",None,,,,,,,,,,,,,,1,0,1,0,0,18,18,18,12,0,12,0,667.6864774998976,,,,,,,,,,,,,,,,,,,,,,,,,,,,,,,,,,,,,,,,,,,,,,,,,,,,,,,,,,,,,,,,,,,,,,,,,,,,,,,,,,,,,,,,,,,,667.6732643999858,667.6864774998976,667.6864774998976,667.6864774998976,667.8706796999322,None,,,,,,,,,,,,,,,,,,,,,,,P8384,Bar_MIC,11,1,2026-04-09_15h27.42.794,MIC_task,,2026.1.2,60.0367665301919,2026-04-09 15h27.44.539502 +0200,
,,13,0,13,,,,,,,11,b03,fül,ear,2,bodypart,face,6.6,14,19,43,None,"(-0.1, 0.1)",None,,,,,,,,,,,,,,1,0,1,0,0,18,18,18,13,0,13,0,667.8868128999602,,,,,,,,,,,,,,,,,,,,,,,,,,,,,,,,,,,,,,,,,,,,,,,,,,,,,,,,,,,,,,,,,,,,,,,,,,,,,,,,,,,,,,,,,,,,667.8734487999463,667.8868128999602,667.8868128999602,667.8868128999602,668.0708469999954,None,,,,,,,,,,,,,,,,,,,,,,,P8384,Bar_MIC,11,1,2026-04-09_15h27.42.794,MIC_task,,2026.1.2,60.0367665301919,2026-04-09 15h27.44.539502 +0200,
,,14,0,14,,,,,,,11,b03,fül,ear,2,bodypart,face,6.6,14,19,43,None,"(-0.1, 0.1)",None,,,,,,,,,,,,,,1,0,1,0,0,18,18,18,14,0,14,0,668.0871493999148,,,,,,,,,,,,,,,,,,,,,,,,,,,,,,,,,,,,,,,,,,,,,,,,,,,,,,,,,,,,,,,,,,,,,,,,,,,,,,,,,,,,,,,,,,,,668.07417789998,668.0871493999148,668.0871493999148,668.0871493999148,668.2712413999252,None,,,,,,,,,,,,,,,,,,,,,,,P8384,Bar_MIC,11,1,2026-04-09_15h27.42.794,MIC_task,,2026.1.2,60.0367665301919,2026-04-09 15h27.44.539502 +0200,
,,15,0,15,,,,,,,11,b03,fül,ear,2,bodypart,face,6.6,14,19,43,None,"(-0.1, 0.1)",None,,,,,,,,,,,,,,1,0,1,0,0,18,18,18,15,0,15,0,668.2867881999118,,,,,,,,,,,,,,,,,,,,,,,,,,,,,,,,,,,,,,,,,,,,,,,,,,,,,,,,,,,,,,,,,,,,,,,,,,,,,,,,,,,,,,,,,,,,668.274308299995,668.2867881999118,668.2867881999118,668.2867881999118,668.4717356999172,None,,,,,,,,,,,,,,,,,,,,,,,P8384,Bar_MIC,11,1,2026-04-09_15h27.42.794,MIC_task,,2026.1.2,60.0367665301919,2026-04-09 15h27.44.539502 +0200,
,,16,0,16,,,,,,,11,b03,fül,ear,2,bodypart,face,6.6,14,19,43,None,"(-0.1, 0.1)",None,,,,,,,,,,,,,,1,0,1,0,0,18,18,18,16,0,16,0,668.4879557999084,,,,,,,,,,,,,,,,,,,,,,,,,,,,,,,,,,,,,,,,,,,,,,,,,,,,,,,,,,,,,,,,,,,,,,,,,,,,,,,,,,,,,,,,,,,,668.4745812999317,668.4879557999084,668.4879557999084,668.4879557999084,668.6721108999336,None,,,,,,,,,,,,,,,,,,,,,,,P8384,Bar_MIC,11,1,2026-04-09_15h27.42.794,MIC_task,,2026.1.2,60.0367665301919,2026-04-09 15h27.44.539502 +0200,
,,17,0,17,,,,,,,11,b03,fül,ear,2,bodypart,face,6.6,14,19,43,None,"(-0.1, 0.1)",None,,,,,,,,,,,,,,1,0,1,0,0,18,18,18,17,0,17,0,668.6876331999665,,,,,,,,,,,,,,,,,,,,,,,,,,,,,,,,,,,,,,,,,,,,,,,,,,,,,,,,,,,,,,,,,,,,,,,,,,,,,,,,,,,,,,,,,,,,668.6751068999292,668.6876331999665,668.6876331999665,668.6876331999665,668.8725041999714,None,,,,,,,,,,,,,,,,,,,,,,,P8384,Bar_MIC,11,1,2026-04-09_15h27.42.794,MIC_task,,2026.1.2,60.0367665301919,2026-04-09 15h27.44.539502 +0200,
,,18,0,18,,,,,,,11,b03,fül,ear,2,bodypart,face,6.6,14,19,43,None,"(-0.1, 0.1)",None,,,,,,,,,,,,,,1,0,1,0,0,18,18,18,18,0,18,0,668.8880088999867,,,,,,,,,,,,,,,,,,,,,,,,,,,,,,,,,,,,,,,,,,,,,,,,,,,,,,,,,,,,,,,,,,,,,,,,,,,,,,,,,,,,,,,,,,,,668.8758433999028,668.8880088999867,668.8880088999867,668.8880088999867,669.0729252999881,None,,,,,,,,,,,,,,,,,,,,,,,P8384,Bar_MIC,11,1,2026-04-09_15h27.42.794,MIC_task,,2026.1.2,60.0367665301919,2026-04-09 15h27.44.539502 +0200,
,,19,0,19,,,,,,,11,b03,fül,ear,2,bodypart,face,6.6,14,19,43,None,"(-0.1, 0.1)",None,,,,,,,,,,,,,,1,0,1,0,0,18,18,18,19,0,19,0,669.0883376999991,,,,,,,,,,,,,,,,,,,,,,,,,,,,,,,,,,,,,,,,,,,,,,,,,,,,,,,,,,,,,,,,,,,,,,,,,,,,,,,,,,,,,,,,,,,,669.0762510999339,669.0883376999991,669.0883376999991,669.0883376999991,669.2733762999997,None,,,,,,,,,,,,,,,,,,,,,,,P8384,Bar_MIC,11,1,2026-04-09_15h27.42.794,MIC_task,,2026.1.2,60.0367665301919,2026-04-09 15h27.44.539502 +0200,
,,20,0,20,,,,,,,11,b03,fül,ear,2,bodypart,face,6.6,14,19,43,None,"(-0.1, 0.1)",None,,,,,,,,,,,,,,1,0,1,0,0,18,18,18,20,0,20,0,669.2887751999078,,,,,,,,,,,,,,,,,,,,,,,,,,,,,,,,,,,,,,,,,,,,,,,,,,,,,,,,,,,,,,,,,,,,,,,,,,,,,,,,,,,,,,,,,,,,669.2764374999097,669.2887751999078,669.2887751999078,669.2887751999078,669.472565199947,None,,,,,,,,,,,,,,,,,,,,,,,P8384,Bar_MIC,11,1,2026-04-09_15h27.42.794,MIC_task,,2026.1.2,60.0367665301919,2026-04-09 15h27.44.539502 +0200,
,,21,0,21,,,,,,,11,b03,fül,ear,2,bodypart,face,6.6,14,19,43,None,"(-0.1, 0.1)",None,,,,,,,,,,,,,,1,0,1,0,0,18,18,18,21,0,21,0,669.489096299978,,,,,,,,,,,,,,,,,,,,,,,,,,,,,,,,,,,,,,,,,,,,,,,,,,,,,,,,,,,,,,,,,,,,,,,,,,,,,,,,,,,,,,,,,,,,669.4759007999673,669.489096299978,669.489096299978,669.489096299978,669.6730215999996,None,,,,,,,,,,,,,,,,,,,,,,,P8384,Bar_MIC,11,1,2026-04-09_15h27.42.794,MIC_task,,2026.1.2,60.0367665301919,2026-04-09 15h27.44.539502 +0200,
,,22,0,22,,,,,,,11,b03,fül,ear,2,bodypart,face,6.6,14,19,43,None,"(-0.1, 0.1)",None,,,,,,,,,,,,,,1,0,1,0,0,18,18,18,22,0,22,0,669.6894795999397,,,,,,,,,,,,,,,,,,,,,,,,,,,,,,,,,,,,,,,,,,,,,,,,,,,,,,,,,,,,,,,,,,,,,,,,,,,,,,,,,,,,,,,,,,,,669.6762662999099,669.6894795999397,669.6894795999397,669.6894795999397,669.8734430999029,None,,,,,,,,,,,,,,,,,,,,,,,P8384,Bar_MIC,11,1,2026-04-09_15h27.42.794,MIC_task,,2026.1.2,60.0367665301919,2026-04-09 15h27.44.539502 +0200,
,,23,0,23,,,,,,,11,b03,fül,ear,2,bodypart,face,6.6,14,19,43,None,"(-0.1, 0.1)",None,,,,,,,,,,,,,,1,0,1,0,0,18,18,18,23,0,23,0,669.889841599972,,,,,,,,,,,,,,,,,,,,,,,,,,,,,,,,,,,,,,,,,,,,,,,,,,,,,,,,,,,,,,,,,,,,,,,,,,,,,,,,,,,,,,,,,,,,669.8764425999252,669.889841599972,669.889841599972,669.889841599972,670.0738111999817,None,,,,,,,,,,,,,,,,,,,,,,,P8384,Bar_MIC,11,1,2026-04-09_15h27.42.794,MIC_task,,2026.1.2,60.0367665301919,2026-04-09 15h27.44.539502 +0200,
,,24,0,24,,,,,,,11,b03,fül,ear,2,bodypart,face,6.6,14,19,43,None,"(-0.1, 0.1)",None,,,,,,,,,,,,,,1,0,1,0,0,18,18,18,24,0,24,0,670.0901546999812,,,,,,,,,,,,,,,,,,,,,,,,,,,,,,,,,,,,,,,,,,,,,,,,,,,,,,,,,,,,,,,,,,,,,,,,,,,,,,,,,,,,,,,,,,,,670.0770322999451,670.0901546999812,670.0901546999812,670.0901546999812,670.2742533999262,None,,,,,,,,,,,,,,,,,,,,,,,P8384,Bar_MIC,11,1,2026-04-09_15h27.42.794,MIC_task,,2026.1.2,60.0367665301919,2026-04-09 15h27.44.539502 +0200,
,,25,0,25,,,,,,,11,b03,fül,ear,2,bodypart,face,6.6,14,19,43,None,"(-0.1, 0.1)",None,,,,,,,,,,,,,,1,0,1,0,0,18,18,18,25,0,25,0,670.2905002000043,,,,,,,,,,,,,,,,,,,,,,,,,,,,,,,,,,,,,,,,,,,,,,,,,,,,,,,,,,,,,,,,,,,,,,,,,,,,,,,,,,,,,,,,,,,,670.2776304999134,670.2905002000043,670.2905002000043,670.2905002000043,670.4745824999409,None,,,,,,,,,,,,,,,,,,,,,,,P8384,Bar_MIC,11,1,2026-04-09_15h27.42.794,MIC_task,,2026.1.2,60.0367665301919,2026-04-09 15h27.44.539502 +0200,
,,26,0,26,,,,,,,11,b03,fül,ear,2,bodypart,face,6.6,14,19,43,None,"(-0.1, 0.1)",None,,,,,,,,,,,,,,1,0,1,0,0,18,18,18,26,0,26,0,670.4909420999466,,,,,,,,,,,,,,,,,,,,,,,,,,,,,,,,,,,,,,,,,,,,,,,,,,,,,,,,,,,,,,,,,,,,,,,,,,,,,,,,,,,,,,,,,,,,670.4775315999286,670.4909420999466,670.4909420999466,670.4909420999466,670.6751062999247,None,,,,,,,,,,,,,,,,,,,,,,,P8384,Bar_MIC,11,1,2026-04-09_15h27.42.794,MIC_task,,2026.1.2,60.0367665301919,2026-04-09 15h27.44.539502 +0200,
,,27,0,27,,,,,,,11,b03,fül,ear,2,bodypart,face,6.6,14,19,43,None,"(-0.1, 0.1)",space,0.1486155999591574,None,,,,,,,,,,,,1,0,1,0,0,18,18,18,27,0,27,0,670.6913278999273,,,,,,,,,,,,,,,,,,,,,,,,,,,,,,,,,,,,,,,,,,,,,,,,,,,,,,,,,,,,,,,,,,,,,,,,,,,,,,,,,,,,,,,,,,,,670.6783463999163,670.6913278999273,670.6913278999273,670.6913278999273,670.842475399957,space,0.1486155999591574,None,,,,,,,,,,,,,,,,,,,,,P8384,Bar_MIC,11,1,2026-04-09_15h27.42.794,MIC_task,,2026.1.2,60.0367665301919,2026-04-09 15h27.44.539502 +0200,
,,18,18,0,,,,space,0.7671936000697315,None,11,b03,fül,ear,2,bodypart,face,6.6,14,19,43,None,"(-0.1, 0.1)",,,,,,,,,,,,,,,1,0,1,0,0,18,18,18,,,,,,,,,,,,,,,,,,,,,,,,,,,,,,,,,,,,,,,,,,,,,,,,,,,,,,,,,,,,,,,,,,,,,,,,,,,,,,,,,670.9051073999144,670.9112301999703,670.9083959666468,672.8445400999626,,,,,,674.8477629999397,674.8646419999423,674.8646419999423,675.6334662999725,,,,,,,,,,,,672.8733681999147,672.8785409999546,672.8777661332938,674.7804538999917,674.8477161999326,space,0.7671936000697315,None,,,,,,,,,,,,,P8384,Bar_MIC,11,1,2026-04-09_15h27.42.794,MIC_task,,2026.1.2,60.0367665301919,2026-04-09 15h27.44.539502 +0200,
,,0,0,0,,,,,,,11,c18,zokni,sock,3,clothes,footwear,5.6,74,20,35,None,"(-0.1, -0.1)",None,,,,,,,,,,,,,,1,0,1,0,0,19,19,19,0,0,0,0,675.6488613999682,,,,,,,,,,,,,,,,,,,,,,,,,,,,,,,,,,,,,,,,,,,,,,,,,,,,,,,,,,,,,,,,,,,,,,,,,,,,,,,,,,,,,,,,,,,,675.6366189999972,675.6488613999682,675.6488613999682,675.6488613999682,675.8335812999867,None,,,,,,,,,,,675.8484176999191,675.8484176999191,675.8484176999191,,,,,,,,,,P8384,Bar_MIC,11,1,2026-04-09_15h27.42.794,MIC_task,,2026.1.2,60.0367665301919,2026-04-09 15h27.44.539502 +0200,
,,0,0,0,,,,,,,11,c18,zokni,sock,3,clothes,footwear,5.6,74,20,35,None,"(-0.1, -0.1)",None,,,,,,,,,,,,,,1,0,1,0,0,19,19,19,0,0,0,0,675.8484176999191,,,,,,,,,,,,,,,,,,,,,,,,,,,,,,,,,,,,,,,,,,,,,,,,,,,,,,,,,,,,,,,,,,,,,,,,,,,,,,,,,,,,,,,,,,,,675.8366862999974,675.8484176999191,675.8484176999191,675.8484176999191,676.0338499000063,None,,,,,,,,,,,676.0488435999723,676.0488435999723,676.0488435999723,,,,,,,,,,P8384,Bar_MIC,11,1,2026-04-09_15h27.42.794,MIC_task,,2026.1.2,60.0367665301919,2026-04-09 15h27.44.539502 +0200,
,,1,0,1,,,,,,,11,c18,zokni,sock,3,clothes,footwear,5.6,74,20,35,None,"(-0.1, -0.1)",None,,,,,,,,,,,,,,1,0,1,0,0,19,19,19,1,0,1,0,676.0488435999723,,,,,,,,,,,,,,,,,,,,,,,,,,,,,,,,,,,,,,,,,,,,,,,,,,,,,,,,,,,,,,,,,,,,,,,,,,,,,,,,,,,,,,,,,,,,676.037210999988,676.0488435999723,676.0488435999723,676.0488435999723,676.2340074999956,None,,,,,,,,,,,,,,,,,,,,,,,P8384,Bar_MIC,11,1,2026-04-09_15h27.42.794,MIC_task,,2026.1.2,60.0367665301919,2026-04-09 15h27.44.539502 +0200,
,,2,0,2,,,,,,,11,c18,zokni,sock,3,clothes,footwear,5.6,74,20,35,None,"(-0.1, -0.1)",None,,,,,,,,,,,,,,1,0,1,0,0,19,19,19,2,0,2,0,676.2492636999814,,,,,,,,,,,,,,,,,,,,,,,,,,,,,,,,,,,,,,,,,,,,,,,,,,,,,,,,,,,,,,,,,,,,,,,,,,,,,,,,,,,,,,,,,,,,676.2374794000061,676.2492636999814,676.2492636999814,676.2492636999814,676.434414499905,None,,,,,,,,,,,,,,,,,,,,,,,P8384,Bar_MIC,11,1,2026-04-09_15h27.42.794,MIC_task,,2026.1.2,60.0367665301919,2026-04-09 15h27.44.539502 +0200,
,,3,0,3,,,,,,,11,c18,zokni,sock,3,clothes,footwear,5.6,74,20,35,None,"(-0.1, -0.1)",None,,,,,,,,,,,,,,1,0,1,0,0,19,19,19,3,0,3,0,676.449605199974,,,,,,,,,,,,,,,,,,,,,,,,,,,,,,,,,,,,,,,,,,,,,,,,,,,,,,,,,,,,,,,,,,,,,,,,,,,,,,,,,,,,,,,,,,,,676.4374989999924,676.449605199974,676.449605199974,676.449605199974,676.633756199968,None,,,,,,,,,,,676.6500434000045,676.6500434000045,676.6500434000045,,,,,,,,,,P8384,Bar_MIC,11,1,2026-04-09_15h27.42.794,MIC_task,,2026.1.2,60.0367665301919,2026-04-09 15h27.44.539502 +0200,
,,4,0,4,,,,,,,11,c18,zokni,sock,3,clothes,footwear,5.6,74,20,35,None,"(-0.1, -0.1)",None,,,,,,,,,,,,,,1,0,1,0,0,19,19,19,4,0,4,0,676.6500434000045,,,,,,,,,,,,,,,,,,,,,,,,,,,,,,,,,,,,,,,,,,,,,,,,,,,,,,,,,,,,,,,,,,,,,,,,,,,,,,,,,,,,,,,,,,,,676.6365477999207,676.6500434000045,676.6500434000045,676.6500434000045,676.8338604999008,None,,,,,,,,,,,,,,,,,,,,,,,P8384,Bar_MIC,11,1,2026-04-09_15h27.42.794,MIC_task,,2026.1.2,60.0367665301919,2026-04-09 15h27.44.539502 +0200,
,,5,0,5,,,,,,,11,c18,zokni,sock,3,clothes,footwear,5.6,74,20,35,None,"(-0.1, -0.1)",None,,,,,,,,,,,,,,1,0,1,0,0,19,19,19,5,0,5,0,676.8504308999982,,,,,,,,,,,,,,,,,,,,,,,,,,,,,,,,,,,,,,,,,,,,,,,,,,,,,,,,,,,,,,,,,,,,,,,,,,,,,,,,,,,,,,,,,,,,676.8368559998926,676.8504308999982,676.8504308999982,676.8504308999982,677.034504899988,None,,,,,,,,,,,,,,,,,,,,,,,P8384,Bar_MIC,11,1,2026-04-09_15h27.42.794,MIC_task,,2026.1.2,60.0367665301919,2026-04-09 15h27.44.539502 +0200,
,,6,0,6,,,,,,,11,c18,zokni,sock,3,clothes,footwear,5.6,74,20,35,None,"(-0.1, -0.1)",None,,,,,,,,,,,,,,1,0,1,0,0,19,19,19,6,0,6,0,677.0507520999527,,,,,,,,,,,,,,,,,,,,,,,,,,,,,,,,,,,,,,,,,,,,,,,,,,,,,,,,,,,,,,,,,,,,,,,,,,,,,,,,,,,,,,,,,,,,677.0376275999006,677.0507520999527,677.0507520999527,677.0507520999527,677.234686599928,None,,,,,,,,,,,,,,,,,,,,,,,P8384,Bar_MIC,11,1,2026-04-09_15h27.42.794,MIC_task,,2026.1.2,60.0367665301919,2026-04-09 15h27.44.539502 +0200,
,,7,0,7,,,,,,,11,c18,zokni,sock,3,clothes,footwear,5.6,74,20,35,None,"(-0.1, -0.1)",None,,,,,,,,,,,,,,1,0,1,0,0,19,19,19,7,0,7,0,677.2510818999726,,,,,,,,,,,,,,,,,,,,,,,,,,,,,,,,,,,,,,,,,,,,,,,,,,,,,,,,,,,,,,,,,,,,,,,,,,,,,,,,,,,,,,,,,,,,677.2378199999221,677.2510818999726,677.2510818999726,677.2510818999726,677.4351015998982,None,,,,,,,,,,,,,,,,,,,,,,,P8384,Bar_MIC,11,1,2026-04-09_15h27.42.794,MIC_task,,2026.1.2,60.0367665301919,2026-04-09 15h27.44.539502 +0200,
,,8,0,8,,,,,,,11,c18,zokni,sock,3,clothes,footwear,5.6,74,20,35,None,"(-0.1, -0.1)",None,,,,,,,,,,,,,,1,0,1,0,0,19,19,19,8,0,8,0,677.4514055999462,,,,,,,,,,,,,,,,,,,,,,,,,,,,,,,,,,,,,,,,,,,,,,,,,,,,,,,,,,,,,,,,,,,,,,,,,,,,,,,,,,,,,,,,,,,,677.4381453999085,677.4514055999462,677.4514055999462,677.4514055999462,677.6357538999291,None,,,,,,,,,,,,,,,,,,,,,,,P8384,Bar_MIC,11,1,2026-04-09_15h27.42.794,MIC_task,,2026.1.2,60.0367665301919,2026-04-09 15h27.44.539502 +0200,
,,9,0,9,,,,,,,11,c18,zokni,sock,3,clothes,footwear,5.6,74,20,35,None,"(-0.1, -0.1)",None,,,,,,,,,,,,,,1,0,1,0,0,19,19,19,9,0,9,0,677.6518131999765,,,,,,,,,,,,,,,,,,,,,,,,,,,,,,,,,,,,,,,,,,,,,,,,,,,,,,,,,,,,,,,,,,,,,,,,,,,,,,,,,,,,,,,,,,,,677.6386422999203,677.6518131999765,677.6518131999765,677.6518131999765,677.8359421999194,None,,,,,,,,,,,,,,,,,,,,,,,P8384,Bar_MIC,11,1,2026-04-09_15h27.42.794,MIC_task,,2026.1.2,60.0367665301919,2026-04-09 15h27.44.539502 +0200,
,,10,0,10,,,,,,,11,c18,zokni,sock,3,clothes,footwear,5.6,74,20,35,None,"(-0.1, -0.1)",None,,,,,,,,,,,,,,1,0,1,0,0,19,19,19,10,0,10,0,677.8521885999944,,,,,,,,,,,,,,,,,,,,,,,,,,,,,,,,,,,,,,,,,,,,,,,,,,,,,,,,,,,,,,,,,,,,,,,,,,,,,,,,,,,,,,,,,,,,677.8393753999844,677.8521885999944,677.8521885999944,677.8521885999944,678.0362883999478,None,,,,,,,,,,,,,,,,,,,,,,,P8384,Bar_MIC,11,1,2026-04-09_15h27.42.794,MIC_task,,2026.1.2,60.0367665301919,2026-04-09 15h27.44.539502 +0200,
,,11,0,11,,,,,,,11,c18,zokni,sock,3,clothes,footwear,5.6,74,20,35,None,"(-0.1, -0.1)",None,,,,,,,,,,,,,,1,0,1,0,0,19,19,19,11,0,11,0,678.0517629999667,,,,,,,,,,,,,,,,,,,,,,,,,,,,,,,,,,,,,,,,,,,,,,,,,,,,,,,,,,,,,,,,,,,,,,,,,,,,,,,,,,,,,,,,,,,,678.0398691999726,678.0517629999667,678.0517629999667,678.0517629999667,678.2367857999634,None,,,,,,,,,,,,,,,,,,,,,,,P8384,Bar_MIC,11,1,2026-04-09_15h27.42.794,MIC_task,,2026.1.2,60.0367665301919,2026-04-09 15h27.44.539502 +0200,
,,12,0,12,,,,,,,11,c18,zokni,sock,3,clothes,footwear,5.6,74,20,35,None,"(-0.1, -0.1)",None,,,,,,,,,,,,,,1,0,1,0,0,19,19,19,12,0,12,0,678.2522269999608,,,,,,,,,,,,,,,,,,,,,,,,,,,,,,,,,,,,,,,,,,,,,,,,,,,,,,,,,,,,,,,,,,,,,,,,,,,,,,,,,,,,,,,,,,,,678.2401731999125,678.2522269999608,678.2522269999608,678.2522269999608,678.4372125999071,None,,,,,,,,,,,,,,,,,,,,,,,P8384,Bar_MIC,11,1,2026-04-09_15h27.42.794,MIC_task,,2026.1.2,60.0367665301919,2026-04-09 15h27.44.539502 +0200,
,,13,0,13,,,,,,,11,c18,zokni,sock,3,clothes,footwear,5.6,74,20,35,None,"(-0.1, -0.1)",None,,,,,,,,,,,,,,1,0,1,0,0,19,19,19,13,0,13,0,678.4525901000015,,,,,,,,,,,,,,,,,,,,,,,,,,,,,,,,,,,,,,,,,,,,,,,,,,,,,,,,,,,,,,,,,,,,,,,,,,,,,,,,,,,,,,,,,,,,678.4405564999906,678.4525901000015,678.4525901000015,678.4525901000015,678.6364147999557,None,,,,,,,,,,,,,,,,,,,,,,,P8384,Bar_MIC,11,1,2026-04-09_15h27.42.794,MIC_task,,2026.1.2,60.0367665301919,2026-04-09 15h27.44.539502 +0200,
,,14,0,14,,,,,,,11,c18,zokni,sock,3,clothes,footwear,5.6,74,20,35,None,"(-0.1, -0.1)",None,,,,,,,,,,,,,,1,0,1,0,0,19,19,19,14,0,14,0,678.6530177999521,,,,,,,,,,,,,,,,,,,,,,,,,,,,,,,,,,,,,,,,,,,,,,,,,,,,,,,,,,,,,,,,,,,,,,,,,,,,,,,,,,,,,,,,,,,,678.6396135999821,678.6530177999521,678.6530177999521,678.6530177999521,678.8368224999867,None,,,,,,,,,,,,,,,,,,,,,,,P8384,Bar_MIC,11,1,2026-04-09_15h27.42.794,MIC_task,,2026.1.2,60.0367665301919,2026-04-09 15h27.44.539502 +0200,
,,15,0,15,,,,,,,11,c18,zokni,sock,3,clothes,footwear,5.6,74,20,35,None,"(-0.1, -0.1)",None,,,,,,,,,,,,,,1,0,1,0,0,19,19,19,15,0,15,0,678.8533812999958,,,,,,,,,,,,,,,,,,,,,,,,,,,,,,,,,,,,,,,,,,,,,,,,,,,,,,,,,,,,,,,,,,,,,,,,,,,,,,,,,,,,,,,,,,,,678.8399849999696,678.8533812999958,678.8533812999958,678.8533812999958,679.0372394999722,None,,,,,,,,,,,,,,,,,,,,,,,P8384,Bar_MIC,11,1,2026-04-09_15h27.42.794,MIC_task,,2026.1.2,60.0367665301919,2026-04-09 15h27.44.539502 +0200,
,,16,0,16,,,,,,,11,c18,zokni,sock,3,clothes,footwear,5.6,74,20,35,None,"(-0.1, -0.1)",None,,,,,,,,,,,,,,1,0,1,0,0,19,19,19,16,0,16,0,679.0537040999625,,,,,,,,,,,,,,,,,,,,,,,,,,,,,,,,,,,,,,,,,,,,,,,,,,,,,,,,,,,,,,,,,,,,,,,,,,,,,,,,,,,,,,,,,,,,679.0408366000047,679.0537040999625,679.0537040999625,679.0537040999625,679.2376098999521,None,,,,,,,,,,,,,,,,,,,,,,,P8384,Bar_MIC,11,1,2026-04-09_15h27.42.794,MIC_task,,2026.1.2,60.0367665301919,2026-04-09 15h27.44.539502 +0200,
,,17,0,17,,,,,,,11,c18,zokni,sock,3,clothes,footwear,5.6,74,20,35,None,"(-0.1, -0.1)",None,,,,,,,,,,,,,,1,0,1,0,0,19,19,19,17,0,17,0,679.2541573999915,,,,,,,,,,,,,,,,,,,,,,,,,,,,,,,,,,,,,,,,,,,,,,,,,,,,,,,,,,,,,,,,,,,,,,,,,,,,,,,,,,,,,,,,,,,,679.2409598999657,679.2541573999915,679.2541573999915,679.2541573999915,679.4380687999073,None,,,,,,,,,,,,,,,,,,,,,,,P8384,Bar_MIC,11,1,2026-04-09_15h27.42.794,MIC_task,,2026.1.2,60.0367665301919,2026-04-09 15h27.44.539502 +0200,
,,18,0,18,,,,,,,11,c18,zokni,sock,3,clothes,footwear,5.6,74,20,35,None,"(-0.1, -0.1)",None,,,,,,,,,,,,,,1,0,1,0,0,19,19,19,18,0,18,0,679.4544498999603,,,,,,,,,,,,,,,,,,,,,,,,,,,,,,,,,,,,,,,,,,,,,,,,,,,,,,,,,,,,,,,,,,,,,,,,,,,,,,,,,,,,,,,,,,,,679.4414627999067,679.4544498999603,679.4544498999603,679.4544498999603,679.6384189999662,None,,,,,,,,,,,,,,,,,,,,,,,P8384,Bar_MIC,11,1,2026-04-09_15h27.42.794,MIC_task,,2026.1.2,60.0367665301919,2026-04-09 15h27.44.539502 +0200,
,,19,0,19,,,,,,,11,c18,zokni,sock,3,clothes,footwear,5.6,74,20,35,None,"(-0.1, -0.1)",None,,,,,,,,,,,,,,1,0,1,0,0,19,19,19,19,0,19,0,679.654766599997,,,,,,,,,,,,,,,,,,,,,,,,,,,,,,,,,,,,,,,,,,,,,,,,,,,,,,,,,,,,,,,,,,,,,,,,,,,,,,,,,,,,,,,,,,,,679.6417401999934,679.654766599997,679.654766599997,679.654766599997,679.8388655999443,None,,,,,,,,,,,,,,,,,,,,,,,P8384,Bar_MIC,11,1,2026-04-09_15h27.42.794,MIC_task,,2026.1.2,60.0367665301919,2026-04-09 15h27.44.539502 +0200,
,,20,0,20,,,,,,,11,c18,zokni,sock,3,clothes,footwear,5.6,74,20,35,None,"(-0.1, -0.1)",None,,,,,,,,,,,,,,1,0,1,0,0,19,19,19,20,0,20,0,679.855254999944,,,,,,,,,,,,,,,,,,,,,,,,,,,,,,,,,,,,,,,,,,,,,,,,,,,,,,,,,,,,,,,,,,,,,,,,,,,,,,,,,,,,,,,,,,,,679.8421620998997,679.855254999944,679.855254999944,679.855254999944,680.0392509999219,None,,,,,,,,,,,,,,,,,,,,,,,P8384,Bar_MIC,11,1,2026-04-09_15h27.42.794,MIC_task,,2026.1.2,60.0367665301919,2026-04-09 15h27.44.539502 +0200,
,,21,0,21,,,,,,,11,c18,zokni,sock,3,clothes,footwear,5.6,74,20,35,None,"(-0.1, -0.1)",None,,,,,,,,,,,,,,1,0,1,0,0,19,19,19,21,0,21,0,680.0555667999433,,,,,,,,,,,,,,,,,,,,,,,,,,,,,,,,,,,,,,,,,,,,,,,,,,,,,,,,,,,,,,,,,,,,,,,,,,,,,,,,,,,,,,,,,,,,680.0426357999677,680.0555667999433,680.0555667999433,680.0555667999433,680.2396470999811,None,,,,,,,,,,,,,,,,,,,,,,,P8384,Bar_MIC,11,1,2026-04-09_15h27.42.794,MIC_task,,2026.1.2,60.0367665301919,2026-04-09 15h27.44.539502 +0200,
,,22,0,22,,,,,,,11,c18,zokni,sock,3,clothes,footwear,5.6,74,20,35,None,"(-0.1, -0.1)",None,,,,,,,,,,,,,,1,0,1,0,0,19,19,19,22,0,22,0,680.2559046999086,,,,,,,,,,,,,,,,,,,,,,,,,,,,,,,,,,,,,,,,,,,,,,,,,,,,,,,,,,,,,,,,,,,,,,,,,,,,,,,,,,,,,,,,,,,,680.2430117999902,680.2559046999086,680.2559046999086,680.2559046999086,680.4400475999573,None,,,,,,,,,,,,,,,,,,,,,,,P8384,Bar_MIC,11,1,2026-04-09_15h27.42.794,MIC_task,,2026.1.2,60.0367665301919,2026-04-09 15h27.44.539502 +0200,
,,23,0,23,,,,,,,11,c18,zokni,sock,3,clothes,footwear,5.6,74,20,35,None,"(-0.1, -0.1)",None,,,,,,,,,,,,,,1,0,1,0,0,19,19,19,23,0,23,0,680.4555807999568,,,,,,,,,,,,,,,,,,,,,,,,,,,,,,,,,,,,,,,,,,,,,,,,,,,,,,,,,,,,,,,,,,,,,,,,,,,,,,,,,,,,,,,,,,,,680.4432166999904,680.4555807999568,680.4555807999568,680.4555807999568,680.6404409999959,None,,,,,,,,,,,,,,,,,,,,,,,P8384,Bar_MIC,11,1,2026-04-09_15h27.42.794,MIC_task,,2026.1.2,60.0367665301919,2026-04-09 15h27.44.539502 +0200,
,,24,0,24,,,,,,,11,c18,zokni,sock,3,clothes,footwear,5.6,74,20,35,None,"(-0.1, -0.1)",None,,,,,,,,,,,,,,1,0,1,0,0,19,19,19,24,0,24,0,680.6559403999709,,,,,,,,,,,,,,,,,,,,,,,,,,,,,,,,,,,,,,,,,,,,,,,,,,,,,,,,,,,,,,,,,,,,,,,,,,,,,,,,,,,,,,,,,,,,680.644038499915,680.6559403999709,680.6559403999709,680.6559403999709,680.8409638999728,None,,,,,,,,,,,,,,,,,,,,,,,P8384,Bar_MIC,11,1,2026-04-09_15h27.42.794,MIC_task,,2026.1.2,60.0367665301919,2026-04-09 15h27.44.539502 +0200,
,,25,0,25,,,,,,,11,c18,zokni,sock,3,clothes,footwear,5.6,74,20,35,None,"(-0.1, -0.1)",None,,,,,,,,,,,,,,1,0,1,0,0,19,19,19,25,0,25,0,680.8563664999092,,,,,,,,,,,,,,,,,,,,,,,,,,,,,,,,,,,,,,,,,,,,,,,,,,,,,,,,,,,,,,,,,,,,,,,,,,,,,,,,,,,,,,,,,,,,680.8440857999958,680.8563664999092,680.8563664999092,680.8563664999092,681.0414110999554,None,,,,,,,,,,,,,,,,,,,,,,,P8384,Bar_MIC,11,1,2026-04-09_15h27.42.794,MIC_task,,2026.1.2,60.0367665301919,2026-04-09 15h27.44.539502 +0200,
,,26,0,26,,,,,,,11,c18,zokni,sock,3,clothes,footwear,5.6,74,20,35,None,"(-0.1, -0.1)",None,,,,,,,,,,,,,,1,0,1,0,0,19,19,19,26,0,26,0,681.0567164999666,,,,,,,,,,,,,,,,,,,,,,,,,,,,,,,,,,,,,,,,,,,,,,,,,,,,,,,,,,,,,,,,,,,,,,,,,,,,,,,,,,,,,,,,,,,,681.0443630999653,681.0567164999666,681.0567164999666,681.0567164999666,681.2406155999051,None,,,,,,,,,,,,,,,,,,,,,,,P8384,Bar_MIC,11,1,2026-04-09_15h27.42.794,MIC_task,,2026.1.2,60.0367665301919,2026-04-09 15h27.44.539502 +0200,
,,27,0,27,,,,,,,11,c18,zokni,sock,3,clothes,footwear,5.6,74,20,35,None,"(-0.1, -0.1)",None,,,,,,,,,,,,,,1,0,1,0,0,19,19,19,27,0,27,0,681.2571062999777,,,,,,,,,,,,,,,,,,,,,,,,,,,,,,,,,,,,,,,,,,,,,,,,,,,,,,,,,,,,,,,,,,,,,,,,,,,,,,,,,,,,,,,,,,,,681.2438135999255,681.2571062999777,681.2571062999777,681.2571062999777,681.4409232999897,None,,,,,,,,,,,,,,,,,,,,,,,P8384,Bar_MIC,11,1,2026-04-09_15h27.42.794,MIC_task,,2026.1.2,60.0367665301919,2026-04-09 15h27.44.539502 +0200,
,,28,0,28,,,,,,,11,c18,zokni,sock,3,clothes,footwear,5.6,74,20,35,None,"(-0.1, -0.1)",None,,,,,,,,,,,,,,1,0,1,0,0,19,19,19,28,0,28,0,681.4574527000077,,,,,,,,,,,,,,,,,,,,,,,,,,,,,,,,,,,,,,,,,,,,,,,,,,,,,,,,,,,,,,,,,,,,,,,,,,,,,,,,,,,,,,,,,,,,681.444308099919,681.4574527000077,681.4574527000077,681.4574527000077,681.6415607999079,None,,,,,,,,,,,,,,,,,,,,,,,P8384,Bar_MIC,11,1,2026-04-09_15h27.42.794,MIC_task,,2026.1.2,60.0367665301919,2026-04-09 15h27.44.539502 +0200,
,,29,0,29,,,,,,,11,c18,zokni,sock,3,clothes,footwear,5.6,74,20,35,None,"(-0.1, -0.1)",None,,,,,,,,,,,,,,1,0,1,0,0,19,19,19,29,0,29,0,681.6578479999444,,,,,,,,,,,,,,,,,,,,,,,,,,,,,,,,,,,,,,,,,,,,,,,,,,,,,,,,,,,,,,,,,,,,,,,,,,,,,,,,,,,,,,,,,,,,681.6446107999654,681.6578479999444,681.6578479999444,681.6578479999444,681.8417327000061,None,,,,,,,,,,,,,,,,,,,,,,,P8384,Bar_MIC,11,1,2026-04-09_15h27.42.794,MIC_task,,2026.1.2,60.0367665301919,2026-04-09 15h27.44.539502 +0200,
,,30,0,30,,,,,,,11,c18,zokni,sock,3,clothes,footwear,5.6,74,20,35,None,"(-0.1, -0.1)",None,,,,,,,,,,,,,,1,0,1,0,0,19,19,19,30,0,30,0,681.8581184999784,,,,,,,,,,,,,,,,,,,,,,,,,,,,,,,,,,,,,,,,,,,,,,,,,,,,,,,,,,,,,,,,,,,,,,,,,,,,,,,,,,,,,,,,,,,,681.8446541999001,681.8581184999784,681.8581184999784,681.8581184999784,682.0421626999741,None,,,,,,,,,,,,,,,,,,,,,,,P8384,Bar_MIC,11,1,2026-04-09_15h27.42.794,MIC_task,,2026.1.2,60.0367665301919,2026-04-09 15h27.44.539502 +0200,
,,31,0,31,,,,,,,11,c18,zokni,sock,3,clothes,footwear,5.6,74,20,35,None,"(-0.1, -0.1)",None,,,,,,,,,,,,,,1,0,1,0,0,19,19,19,31,0,31,0,682.0585392999928,,,,,,,,,,,,,,,,,,,,,,,,,,,,,,,,,,,,,,,,,,,,,,,,,,,,,,,,,,,,,,,,,,,,,,,,,,,,,,,,,,,,,,,,,,,,682.0453752999892,682.0585392999928,682.0585392999928,682.0585392999928,682.2426509999204,None,,,,,,,,,,,,,,,,,,,,,,,P8384,Bar_MIC,11,1,2026-04-09_15h27.42.794,MIC_task,,2026.1.2,60.0367665301919,2026-04-09 15h27.44.539502 +0200,
,,32,0,32,,,,,,,11,c18,zokni,sock,3,clothes,footwear,5.6,74,20,35,None,"(-0.1, -0.1)",space,0.060395400039851665,None,,,,,,,,,,,,1,0,1,0,0,19,19,19,32,0,32,0,682.2588765999535,,,,,,,,,,,,,,,,,,,,,,,,,,,,,,,,,,,,,,,,,,,,,,,,,,,,,,,,,,,,,,,,,,,,,,,,,,,,,,,,,,,,,,,,,,,,682.2460219999775,682.2588765999535,682.2588765999535,682.2588765999535,682.3263047999935,space,0.060395400039851665,None,,,,,,,,,,,,,,,,,,,,,P8384,Bar_MIC,11,1,2026-04-09_15h27.42.794,MIC_task,,2026.1.2,60.0367665301919,2026-04-09 15h27.44.539502 +0200,
,,19,19,0,,,,space,0.3814188999822363,None,11,c18,zokni,sock,3,clothes,footwear,5.6,74,20,35,None,"(-0.1, -0.1)",,,,,,,,,,,,,,,1,0,1,0,0,19,19,19,,,,,,,,,,,,,,,,,,,,,,,,,,,,,,,,,,,,,,,,,,,,,,,,,,,,,,,,,,,,,,,,,,,,,,,,,,,,,,,,,682.3909047999186,682.3961305998964,682.3920353666335,684.3283154999372,,,,,,686.3324409999186,686.3479412999004,686.3479412999004,686.7327023999533,,,,,,,,,,,,684.3561265999451,684.3608745998936,684.3615320333124,686.2482324999291,686.3323934999062,space,0.3814188999822363,None,,,,,,,,,,,,,P8384,Bar_MIC,11,1,2026-04-09_15h27.42.794,MIC_task,,2026.1.2,60.0367665301919,2026-04-09 15h27.44.539502 +0200,
,,0,0,0,,,,,,,11,pl03,kukorica,corn,7,plants,field,4.8,76,None,115,None,"(0, 0.1)",None,,,,,,,,,,,,,,1,0,1,0,0,20,20,20,0,0,0,0,686.7486826999811,,,,,,,,,,,,,,,,,,,,,,,,,,,,,,,,,,,,,,,,,,,,,,,,,,,,,,,,,,,,,,,,,,,,,,,,,,,,,,,,,,,,,,,,,,,,686.7357288999483,686.7486826999811,686.7486826999811,686.7486826999811,686.9329697999638,None,,,,,,,,,,,686.9490495999344,686.9490495999344,686.9490495999344,,,,,,,,,,P8384,Bar_MIC,11,1,2026-04-09_15h27.42.794,MIC_task,,2026.1.2,60.0367665301919,2026-04-09 15h27.44.539502 +0200,
,,0,0,0,,,,,,,11,pl03,kukorica,corn,7,plants,field,4.8,76,None,115,None,"(0, 0.1)",None,,,,,,,,,,,,,,1,0,1,0,0,20,20,20,0,0,0,0,686.9490495999344,,,,,,,,,,,,,,,,,,,,,,,,,,,,,,,,,,,,,,,,,,,,,,,,,,,,,,,,,,,,,,,,,,,,,,,,,,,,,,,,,,,,,,,,,,,,686.9357658999506,686.9490495999344,686.9490495999344,686.9490495999344,687.1328383999644,None,,,,,,,,,,,,,,,,,,,,,,,P8384,Bar_MIC,11,1,2026-04-09_15h27.42.794,MIC_task,,2026.1.2,60.0367665301919,2026-04-09 15h27.44.539502 +0200,
,,1,0,1,,,,,,,11,pl03,kukorica,corn,7,plants,field,4.8,76,None,115,None,"(0, 0.1)",None,,,,,,,,,,,,,,1,0,1,0,0,20,20,20,1,0,1,0,687.1494832999306,,,,,,,,,,,,,,,,,,,,,,,,,,,,,,,,,,,,,,,,,,,,,,,,,,,,,,,,,,,,,,,,,,,,,,,,,,,,,,,,,,,,,,,,,,,,687.1359120999696,687.1494832999306,687.1494832999306,687.1494832999306,687.3333399998955,None,,,,,,,,,,,,,,,,,,,,,,,P8384,Bar_MIC,11,1,2026-04-09_15h27.42.794,MIC_task,,2026.1.2,60.0367665301919,2026-04-09 15h27.44.539502 +0200,
,,2,0,2,,,,,,,11,pl03,kukorica,corn,7,plants,field,4.8,76,None,115,None,"(0, 0.1)",None,,,,,,,,,,,,,,1,0,1,0,0,20,20,20,2,0,2,0,687.3498179999879,,,,,,,,,,,,,,,,,,,,,,,,,,,,,,,,,,,,,,,,,,,,,,,,,,,,,,,,,,,,,,,,,,,,,,,,,,,,,,,,,,,,,,,,,,,,687.3366750999121,687.3498179999879,687.3498179999879,687.3498179999879,687.5336080999114,None,,,,,,,,,,,,,,,,,,,,,,,P8384,Bar_MIC,11,1,2026-04-09_15h27.42.794,MIC_task,,2026.1.2,60.0367665301919,2026-04-09 15h27.44.539502 +0200,
,,3,0,3,,,,,,,11,pl03,kukorica,corn,7,plants,field,4.8,76,None,115,None,"(0, 0.1)",None,,,,,,,,,,,,,,1,0,1,0,0,20,20,20,3,0,3,0,687.5501287999796,,,,,,,,,,,,,,,,,,,,,,,,,,,,,,,,,,,,,,,,,,,,,,,,,,,,,,,,,,,,,,,,,,,,,,,,,,,,,,,,,,,,,,,,,,,,687.5369352999842,687.5501287999796,687.5501287999796,687.5501287999796,687.7342030999716,None,,,,,,,,,,,,,,,,,,,,,,,P8384,Bar_MIC,11,1,2026-04-09_15h27.42.794,MIC_task,,2026.1.2,60.0367665301919,2026-04-09 15h27.44.539502 +0200,
,,4,0,4,,,,,,,11,pl03,kukorica,corn,7,plants,field,4.8,76,None,115,None,"(0, 0.1)",None,,,,,,,,,,,,,,1,0,1,0,0,20,20,20,4,0,4,0,687.7505582999438,,,,,,,,,,,,,,,,,,,,,,,,,,,,,,,,,,,,,,,,,,,,,,,,,,,,,,,,,,,,,,,,,,,,,,,,,,,,,,,,,,,,,,,,,,,,687.7371356999502,687.7505582999438,687.7505582999438,687.7505582999438,687.9345908999676,None,,,,,,,,,,,,,,,,,,,,,,,P8384,Bar_MIC,11,1,2026-04-09_15h27.42.794,MIC_task,,2026.1.2,60.0367665301919,2026-04-09 15h27.44.539502 +0200,
,,5,0,5,,,,,,,11,pl03,kukorica,corn,7,plants,field,4.8,76,None,115,None,"(0, 0.1)",None,,,,,,,,,,,,,,1,0,1,0,0,20,20,20,5,0,5,0,687.9509037999669,,,,,,,,,,,,,,,,,,,,,,,,,,,,,,,,,,,,,,,,,,,,,,,,,,,,,,,,,,,,,,,,,,,,,,,,,,,,,,,,,,,,,,,,,,,,687.9375150999986,687.9509037999669,687.9509037999669,687.9509037999669,688.135138399899,None,,,,,,,,,,,,,,,,,,,,,,,P8384,Bar_MIC,11,1,2026-04-09_15h27.42.794,MIC_task,,2026.1.2,60.0367665301919,2026-04-09 15h27.44.539502 +0200,
,,6,0,6,,,,,,,11,pl03,kukorica,corn,7,plants,field,4.8,76,None,115,None,"(0, 0.1)",None,,,,,,,,,,,,,,1,0,1,0,0,20,20,20,6,0,6,0,688.1513497999404,,,,,,,,,,,,,,,,,,,,,,,,,,,,,,,,,,,,,,,,,,,,,,,,,,,,,,,,,,,,,,,,,,,,,,,,,,,,,,,,,,,,,,,,,,,,688.1381761999801,688.1513497999404,688.1513497999404,688.1513497999404,688.3353967999574,None,,,,,,,,,,,,,,,,,,,,,,,P8384,Bar_MIC,11,1,2026-04-09_15h27.42.794,MIC_task,,2026.1.2,60.0367665301919,2026-04-09 15h27.44.539502 +0200,
,,7,0,7,,,,,,,11,pl03,kukorica,corn,7,plants,field,4.8,76,None,115,None,"(0, 0.1)",None,,,,,,,,,,,,,,1,0,1,0,0,20,20,20,7,0,7,0,688.3516653999686,,,,,,,,,,,,,,,,,,,,,,,,,,,,,,,,,,,,,,,,,,,,,,,,,,,,,,,,,,,,,,,,,,,,,,,,,,,,,,,,,,,,,,,,,,,,688.338455799967,688.3516653999686,688.3516653999686,688.3516653999686,688.5357294999994,None,,,,,,,,,,,,,,,,,,,,,,,P8384,Bar_MIC,11,1,2026-04-09_15h27.42.794,MIC_task,,2026.1.2,60.0367665301919,2026-04-09 15h27.44.539502 +0200,
,,8,0,8,,,,,,,11,pl03,kukorica,corn,7,plants,field,4.8,76,None,115,None,"(0, 0.1)",None,,,,,,,,,,,,,,1,0,1,0,0,20,20,20,8,0,8,0,688.5512881999603,,,,,,,,,,,,,,,,,,,,,,,,,,,,,,,,,,,,,,,,,,,,,,,,,,,,,,,,,,,,,,,,,,,,,,,,,,,,,,,,,,,,,,,,,,,,688.5389829999767,688.5512881999603,688.5512881999603,688.5512881999603,688.7362358999671,None,,,,,,,,,,,,,,,,,,,,,,,P8384,Bar_MIC,11,1,2026-04-09_15h27.42.794,MIC_task,,2026.1.2,60.0367665301919,2026-04-09 15h27.44.539502 +0200,
,,9,0,9,,,,,,,11,pl03,kukorica,corn,7,plants,field,4.8,76,None,115,None,"(0, 0.1)",None,,,,,,,,,,,,,,1,0,1,0,0,20,20,20,9,0,9,0,688.7516745999455,,,,,,,,,,,,,,,,,,,,,,,,,,,,,,,,,,,,,,,,,,,,,,,,,,,,,,,,,,,,,,,,,,,,,,,,,,,,,,,,,,,,,,,,,,,,688.7392931999639,688.7516745999455,688.7516745999455,688.7516745999455,688.9366464999039,None,,,,,,,,,,,,,,,,,,,,,,,P8384,Bar_MIC,11,1,2026-04-09_15h27.42.794,MIC_task,,2026.1.2,60.0367665301919,2026-04-09 15h27.44.539502 +0200,
,,10,0,10,,,,,,,11,pl03,kukorica,corn,7,plants,field,4.8,76,None,115,None,"(0, 0.1)",None,,,,,,,,,,,,,,1,0,1,0,0,20,20,20,10,0,10,0,688.9520613999339,,,,,,,,,,,,,,,,,,,,,,,,,,,,,,,,,,,,,,,,,,,,,,,,,,,,,,,,,,,,,,,,,,,,,,,,,,,,,,,,,,,,,,,,,,,,688.9394850999815,688.9520613999339,688.9520613999339,688.9520613999339,689.1357152999844,None,,,,,,,,,,,,,,,,,,,,,,,P8384,Bar_MIC,11,1,2026-04-09_15h27.42.794,MIC_task,,2026.1.2,60.0367665301919,2026-04-09 15h27.44.539502 +0200,
,,11,0,11,,,,,,,11,pl03,kukorica,corn,7,plants,field,4.8,76,None,115,None,"(0, 0.1)",None,,,,,,,,,,,,,,1,0,1,0,0,20,20,20,11,0,11,0,689.1524236999685,,,,,,,,,,,,,,,,,,,,,,,,,,,,,,,,,,,,,,,,,,,,,,,,,,,,,,,,,,,,,,,,,,,,,,,,,,,,,,,,,,,,,,,,,,,,689.1387122999877,689.1524236999685,689.1524236999685,689.1524236999685,689.3362843999639,None,,,,,,,,,,,,,,,,,,,,,,,P8384,Bar_MIC,11,1,2026-04-09_15h27.42.794,MIC_task,,2026.1.2,60.0367665301919,2026-04-09 15h27.44.539502 +0200,
,,12,0,12,,,,,,,11,pl03,kukorica,corn,7,plants,field,4.8,76,None,115,None,"(0, 0.1)",None,,,,,,,,,,,,,,1,0,1,0,0,20,20,20,12,0,12,0,689.3528585999738,,,,,,,,,,,,,,,,,,,,,,,,,,,,,,,,,,,,,,,,,,,,,,,,,,,,,,,,,,,,,,,,,,,,,,,,,,,,,,,,,,,,,,,,,,,,689.3389283999568,689.3528585999738,689.3528585999738,689.3528585999738,689.5367626999505,None,,,,,,,,,,,,,,,,,,,,,,,P8384,Bar_MIC,11,1,2026-04-09_15h27.42.794,MIC_task,,2026.1.2,60.0367665301919,2026-04-09 15h27.44.539502 +0200,
,,13,0,13,,,,,,,11,pl03,kukorica,corn,7,plants,field,4.8,76,None,115,None,"(0, 0.1)",space,0.09117929998319596,None,,,,,,,,,,,,1,0,1,0,0,20,20,20,13,0,13,0,689.5532006999711,,,,,,,,,,,,,,,,,,,,,,,,,,,,,,,,,,,,,,,,,,,,,,,,,,,,,,,,,,,,,,,,,,,,,,,,,,,,,,,,,,,,,,,,,,,,689.5398102999898,689.5532006999711,689.5532006999711,689.5532006999711,689.6549804999959,space,0.09117929998319596,None,,,,,,,,,,,,,,,,,,,,,P8384,Bar_MIC,11,1,2026-04-09_15h27.42.794,MIC_task,,2026.1.2,60.0367665301919,2026-04-09 15h27.44.539502 +0200,
,,20,20,0,,,,space,0.23626969999168068,None,11,pl03,kukorica,corn,7,plants,field,4.8,76,None,115,None,"(0, 0.1)",,,,,,,,,,,,,,,1,0,1,0,0,20,20,20,,,,,,,,,,,,,,,,,,,,,,,,,,,,,,,,,,,,,,,,,,,,,,,,,,,,,,,,,,,,,,,,,,,,,,,,,,,,,,,,,689.7164993999759,689.7225509999553,689.7207333665729,691.6568534999387,,,,,,693.660169599927,693.6768943999195,693.6768943999195,693.927214599913,,,,,,,,,,,,691.6856532999082,691.6907892999006,691.6900680332988,693.5759110999061,693.6601225999184,space,0.23626969999168068,None,,,,,,,,,,,,,P8384,Bar_MIC,11,1,2026-04-09_15h27.42.794,MIC_task,,2026.1.2,60.0367665301919,2026-04-09 15h27.44.539502 +0200,
,,0,0,0,,,,,,,11,l09,kastély,castle,5,location,facilities,5.8,10,None,114,None,"(-0.1, 0)",None,,,,,,,,,,,,,,1,0,1,0,0,21,21,21,0,0,0,0,693.9431923999218,,,,,,,,,,,,,,,,,,,,,,,,,,,,,,,,,,,,,,,,,,,,,,,,,,,,,,,,,,,,,,,,,,,,,,,,,,,,,,,,,,,,,,,,,,,,693.9305658999365,693.9431923999218,693.9431923999218,693.9431923999218,694.1275312999496,None,,,,,,,,,,,694.1435264999745,694.1435264999745,694.1435264999745,,,,,,,,,,P8384,Bar_MIC,11,1,2026-04-09_15h27.42.794,MIC_task,,2026.1.2,60.0367665301919,2026-04-09 15h27.44.539502 +0200,
,,0,0,0,,,,,,,11,l09,kastély,castle,5,location,facilities,5.8,10,None,114,None,"(-0.1, 0)",None,,,,,,,,,,,,,,1,0,1,0,0,21,21,21,0,0,0,0,694.1435264999745,,,,,,,,,,,,,,,,,,,,,,,,,,,,,,,,,,,,,,,,,,,,,,,,,,,,,,,,,,,,,,,,,,,,,,,,,,,,,,,,,,,,,,,,,,,,694.1306726000039,694.1435264999745,694.1435264999745,694.1435264999745,694.3273492999142,None,,,,,,,,,,,,,,,,,,,,,,,P8384,Bar_MIC,11,1,2026-04-09_15h27.42.794,MIC_task,,2026.1.2,60.0367665301919,2026-04-09 15h27.44.539502 +0200,
,,1,0,1,,,,,,,11,l09,kastély,castle,5,location,facilities,5.8,10,None,114,None,"(-0.1, 0)",None,,,,,,,,,,,,,,1,0,1,0,0,21,21,21,1,0,1,0,694.3438444999047,,,,,,,,,,,,,,,,,,,,,,,,,,,,,,,,,,,,,,,,,,,,,,,,,,,,,,,,,,,,,,,,,,,,,,,,,,,,,,,,,,,,,,,,,,,,694.3310998999514,694.3438444999047,694.3438444999047,694.3438444999047,694.5278361999663,None,,,,,,,,,,,,,,,,,,,,,,,P8384,Bar_MIC,11,1,2026-04-09_15h27.42.794,MIC_task,,2026.1.2,60.0367665301919,2026-04-09 15h27.44.539502 +0200,
,,2,0,2,,,,,,,11,l09,kastély,castle,5,location,facilities,5.8,10,None,114,None,"(-0.1, 0)",None,,,,,,,,,,,,,,1,0,1,0,0,21,21,21,2,0,2,0,694.544213199988,,,,,,,,,,,,,,,,,,,,,,,,,,,,,,,,,,,,,,,,,,,,,,,,,,,,,,,,,,,,,,,,,,,,,,,,,,,,,,,,,,,,,,,,,,,,694.5313977999613,694.544213199988,694.544213199988,694.544213199988,694.728320299997,None,,,,,,,,,,,,,,,,,,,,,,,P8384,Bar_MIC,11,1,2026-04-09_15h27.42.794,MIC_task,,2026.1.2,60.0367665301919,2026-04-09 15h27.44.539502 +0200,
,,3,0,3,,,,,,,11,l09,kastély,castle,5,location,facilities,5.8,10,None,114,None,"(-0.1, 0)",None,,,,,,,,,,,,,,1,0,1,0,0,21,21,21,3,0,3,0,694.744488999946,,,,,,,,,,,,,,,,,,,,,,,,,,,,,,,,,,,,,,,,,,,,,,,,,,,,,,,,,,,,,,,,,,,,,,,,,,,,,,,,,,,,,,,,,,,,694.7313676999183,694.744488999946,694.744488999946,694.744488999946,694.928566699964,None,,,,,,,,,,,,,,,,,,,,,,,P8384,Bar_MIC,11,1,2026-04-09_15h27.42.794,MIC_task,,2026.1.2,60.0367665301919,2026-04-09 15h27.44.539502 +0200,
,,4,0,4,,,,,,,11,l09,kastély,castle,5,location,facilities,5.8,10,None,114,None,"(-0.1, 0)",None,,,,,,,,,,,,,,1,0,1,0,0,21,21,21,4,0,4,0,694.9449116999749,,,,,,,,,,,,,,,,,,,,,,,,,,,,,,,,,,,,,,,,,,,,,,,,,,,,,,,,,,,,,,,,,,,,,,,,,,,,,,,,,,,,,,,,,,,,694.9318344999338,694.9449116999749,694.9449116999749,694.9449116999749,695.1289922998985,None,,,,,,,,,,,,,,,,,,,,,,,P8384,Bar_MIC,11,1,2026-04-09_15h27.42.794,MIC_task,,2026.1.2,60.0367665301919,2026-04-09 15h27.44.539502 +0200,
,,5,0,5,,,,,,,11,l09,kastély,castle,5,location,facilities,5.8,10,None,114,None,"(-0.1, 0)",None,,,,,,,,,,,,,,1,0,1,0,0,21,21,21,5,0,5,0,695.1453268999467,,,,,,,,,,,,,,,,,,,,,,,,,,,,,,,,,,,,,,,,,,,,,,,,,,,,,,,,,,,,,,,,,,,,,,,,,,,,,,,,,,,,,,,,,,,,695.1323512999807,695.1453268999467,695.1453268999467,695.1453268999467,695.3293979999144,None,,,,,,,,,,,,,,,,,,,,,,,P8384,Bar_MIC,11,1,2026-04-09_15h27.42.794,MIC_task,,2026.1.2,60.0367665301919,2026-04-09 15h27.44.539502 +0200,
,,6,0,6,,,,,,,11,l09,kastély,castle,5,location,facilities,5.8,10,None,114,None,"(-0.1, 0)",None,,,,,,,,,,,,,,1,0,1,0,0,21,21,21,6,0,6,0,695.3456627998967,,,,,,,,,,,,,,,,,,,,,,,,,,,,,,,,,,,,,,,,,,,,,,,,,,,,,,,,,,,,,,,,,,,,,,,,,,,,,,,,,,,,,,,,,,,,695.332760799909,695.3456627998967,695.3456627998967,695.3456627998967,695.5299326999811,None,,,,,,,,,,,,,,,,,,,,,,,P8384,Bar_MIC,11,1,2026-04-09_15h27.42.794,MIC_task,,2026.1.2,60.0367665301919,2026-04-09 15h27.44.539502 +0200,
,,7,0,7,,,,,,,11,l09,kastély,castle,5,location,facilities,5.8,10,None,114,None,"(-0.1, 0)",None,,,,,,,,,,,,,,1,0,1,0,0,21,21,21,7,0,7,0,695.545329399989,,,,,,,,,,,,,,,,,,,,,,,,,,,,,,,,,,,,,,,,,,,,,,,,,,,,,,,,,,,,,,,,,,,,,,,,,,,,,,,,,,,,,,,,,,,,695.5333228999516,695.545329399989,695.545329399989,695.545329399989,695.730341999908,None,,,,,,,,,,,,,,,,,,,,,,,P8384,Bar_MIC,11,1,2026-04-09_15h27.42.794,MIC_task,,2026.1.2,60.0367665301919,2026-04-09 15h27.44.539502 +0200,
,,8,0,8,,,,,,,11,l09,kastély,castle,5,location,facilities,5.8,10,None,114,None,"(-0.1, 0)",None,,,,,,,,,,,,,,1,0,1,0,0,21,21,21,8,0,8,0,695.7456518999534,,,,,,,,,,,,,,,,,,,,,,,,,,,,,,,,,,,,,,,,,,,,,,,,,,,,,,,,,,,,,,,,,,,,,,,,,,,,,,,,,,,,,,,,,,,,695.7336235999828,695.7456518999534,695.7456518999534,695.7456518999534,695.9309228999773,None,,,,,,,,,,,,,,,,,,,,,,,P8384,Bar_MIC,11,1,2026-04-09_15h27.42.794,MIC_task,,2026.1.2,60.0367665301919,2026-04-09 15h27.44.539502 +0200,
,,9,0,9,,,,,,,11,l09,kastély,castle,5,location,facilities,5.8,10,None,114,None,"(-0.1, 0)",None,,,,,,,,,,,,,,1,0,1,0,0,21,21,21,9,0,9,0,695.9461393998936,,,,,,,,,,,,,,,,,,,,,,,,,,,,,,,,,,,,,,,,,,,,,,,,,,,,,,,,,,,,,,,,,,,,,,,,,,,,,,,,,,,,,,,,,,,,695.9339870999102,695.9461393998936,695.9461393998936,695.9461393998936,696.1310816999758,None,,,,,,,,,,,,,,,,,,,,,,,P8384,Bar_MIC,11,1,2026-04-09_15h27.42.794,MIC_task,,2026.1.2,60.0367665301919,2026-04-09 15h27.44.539502 +0200,
,,10,0,10,,,,,,,11,l09,kastély,castle,5,location,facilities,5.8,10,None,114,None,"(-0.1, 0)",None,,,,,,,,,,,,,,1,0,1,0,0,21,21,21,10,0,10,0,696.1464693999151,,,,,,,,,,,,,,,,,,,,,,,,,,,,,,,,,,,,,,,,,,,,,,,,,,,,,,,,,,,,,,,,,,,,,,,,,,,,,,,,,,,,,,,,,,,,696.1346122999676,696.1464693999151,696.1464693999151,696.1464693999151,696.3302709999261,None,,,,,,,,,,,,,,,,,,,,,,,P8384,Bar_MIC,11,1,2026-04-09_15h27.42.794,MIC_task,,2026.1.2,60.0367665301919,2026-04-09 15h27.44.539502 +0200,
,,11,0,11,,,,,,,11,l09,kastély,castle,5,location,facilities,5.8,10,None,114,None,"(-0.1, 0)",None,,,,,,,,,,,,,,1,0,1,0,0,21,21,21,11,0,11,0,696.346888299915,,,,,,,,,,,,,,,,,,,,,,,,,,,,,,,,,,,,,,,,,,,,,,,,,,,,,,,,,,,,,,,,,,,,,,,,,,,,,,,,,,,,,,,,,,,,696.3336323999101,696.346888299915,696.346888299915,696.346888299915,696.5307794999098,None,,,,,,,,,,,,,,,,,,,,,,,P8384,Bar_MIC,11,1,2026-04-09_15h27.42.794,MIC_task,,2026.1.2,60.0367665301919,2026-04-09 15h27.44.539502 +0200,
,,12,0,12,,,,,,,11,l09,kastély,castle,5,location,facilities,5.8,10,None,114,None,"(-0.1, 0)",None,,,,,,,,,,,,,,1,0,1,0,0,21,21,21,12,0,12,0,696.5472622999223,,,,,,,,,,,,,,,,,,,,,,,,,,,,,,,,,,,,,,,,,,,,,,,,,,,,,,,,,,,,,,,,,,,,,,,,,,,,,,,,,,,,,,,,,,,,696.5340665999101,696.5472622999223,696.5472622999223,696.5472622999223,696.7312783999369,None,,,,,,,,,,,,,,,,,,,,,,,P8384,Bar_MIC,11,1,2026-04-09_15h27.42.794,MIC_task,,2026.1.2,60.0367665301919,2026-04-09 15h27.44.539502 +0200,
,,13,0,13,,,,,,,11,l09,kastély,castle,5,location,facilities,5.8,10,None,114,None,"(-0.1, 0)",None,,,,,,,,,,,,,,1,0,1,0,0,21,21,21,13,0,13,0,696.7476216999348,,,,,,,,,,,,,,,,,,,,,,,,,,,,,,,,,,,,,,,,,,,,,,,,,,,,,,,,,,,,,,,,,,,,,,,,,,,,,,,,,,,,,,,,,,,,696.7342655999819,696.7476216999348,696.7476216999348,696.7476216999348,696.9316104999743,None,,,,,,,,,,,,,,,,,,,,,,,P8384,Bar_MIC,11,1,2026-04-09_15h27.42.794,MIC_task,,2026.1.2,60.0367665301919,2026-04-09 15h27.44.539502 +0200,
,,14,0,14,,,,,,,11,l09,kastély,castle,5,location,facilities,5.8,10,None,114,None,"(-0.1, 0)",None,,,,,,,,,,,,,,1,0,1,0,0,21,21,21,14,0,14,0,696.947852699901,,,,,,,,,,,,,,,,,,,,,,,,,,,,,,,,,,,,,,,,,,,,,,,,,,,,,,,,,,,,,,,,,,,,,,,,,,,,,,,,,,,,,,,,,,,,696.9345618999796,696.947852699901,696.947852699901,696.947852699901,697.1320038998965,None,,,,,,,,,,,,,,,,,,,,,,,P8384,Bar_MIC,11,1,2026-04-09_15h27.42.794,MIC_task,,2026.1.2,60.0367665301919,2026-04-09 15h27.44.539502 +0200,
,,15,0,15,,,,,,,11,l09,kastély,castle,5,location,facilities,5.8,10,None,114,None,"(-0.1, 0)",space,0.13287920004222542,None,,,,,,,,,,,,1,0,1,0,0,21,21,21,15,0,15,0,697.1482814999763,,,,,,,,,,,,,,,,,,,,,,,,,,,,,,,,,,,,,,,,,,,,,,,,,,,,,,,,,,,,,,,,,,,,,,,,,,,,,,,,,,,,,,,,,,,,697.1354900998995,697.1482814999763,697.1482814999763,697.1482814999763,697.2829114999622,space,0.13287920004222542,None,,,,,,,,,,,,,,,,,,,,,P8384,Bar_MIC,11,1,2026-04-09_15h27.42.794,MIC_task,,2026.1.2,60.0367665301919,2026-04-09 15h27.44.539502 +0200,
,,21,21,0,,,,space,0.27247910003643483,None,11,l09,kastély,castle,5,location,facilities,5.8,10,None,114,None,"(-0.1, 0)",,,,,,,,,,,,,,,1,0,1,0,0,21,21,21,,,,,,,,,,,,,,,,,,,,,,,,,,,,,,,,,,,,,,,,,,,,,,,,,,,,,,,,,,,,,,,,,,,,,,,,,,,,,,,,,697.344637400005,697.3506329999072,697.348592366573,699.2848921999102,,,,,,701.2889546999941,701.3043936999748,701.3043936999748,701.5898033999838,,,,,,,,,,,,699.3145504998975,699.3199158000061,699.3181046332543,701.2217649999075,701.2889071999816,space,0.27247910003643483,None,,,,,,,,,,,,,P8384,Bar_MIC,11,1,2026-04-09_15h27.42.794,MIC_task,,2026.1.2,60.0367665301919,2026-04-09 15h27.44.539502 +0200,
,,0,0,0,,,,,,,11,t06,sátor,tent,8,tools,camping,4.8,110,None,None,None,"(-0.1, -0.1)",None,,,,,,,,,,,,,,1,0,1,0,0,22,22,22,0,0,0,0,701.6053121999139,,,,,,,,,,,,,,,,,,,,,,,,,,,,,,,,,,,,,,,,,,,,,,,,,,,,,,,,,,,,,,,,,,,,,,,,,,,,,,,,,,,,,,,,,,,,701.5928331000032,701.6053121999139,701.6053121999139,701.6053121999139,701.7900182999438,None,,,,,,,,,,,701.8049468999961,701.8049468999961,701.8049468999961,,,,,,,,,,P8384,Bar_MIC,11,1,2026-04-09_15h27.42.794,MIC_task,,2026.1.2,60.0367665301919,2026-04-09 15h27.44.539502 +0200,
,,0,0,0,,,,,,,11,t06,sátor,tent,8,tools,camping,4.8,110,None,None,None,"(-0.1, -0.1)",None,,,,,,,,,,,,,,1,0,1,0,0,22,22,22,0,0,0,0,701.8049468999961,,,,,,,,,,,,,,,,,,,,,,,,,,,,,,,,,,,,,,,,,,,,,,,,,,,,,,,,,,,,,,,,,,,,,,,,,,,,,,,,,,,,,,,,,,,,701.7924714999972,701.8049468999961,701.8049468999961,701.8049468999961,701.9899178999476,None,,,,,,,,,,,,,,,,,,,,,,,P8384,Bar_MIC,11,1,2026-04-09_15h27.42.794,MIC_task,,2026.1.2,60.0367665301919,2026-04-09 15h27.44.539502 +0200,
,,1,0,1,,,,,,,11,t06,sátor,tent,8,tools,camping,4.8,110,None,None,None,"(-0.1, -0.1)",None,,,,,,,,,,,,,,1,0,1,0,0,22,22,22,1,0,1,0,702.0053429999389,,,,,,,,,,,,,,,,,,,,,,,,,,,,,,,,,,,,,,,,,,,,,,,,,,,,,,,,,,,,,,,,,,,,,,,,,,,,,,,,,,,,,,,,,,,,701.9926936998963,702.0053429999389,702.0053429999389,702.0053429999389,702.1894924999215,None,,,,,,,,,,,702.2057113999035,702.2057113999035,702.2057113999035,,,,,,,,,,P8384,Bar_MIC,11,1,2026-04-09_15h27.42.794,MIC_task,,2026.1.2,60.0367665301919,2026-04-09 15h27.44.539502 +0200,
,,2,0,2,,,,,,,11,t06,sátor,tent,8,tools,camping,4.8,110,None,None,None,"(-0.1, -0.1)",None,,,,,,,,,,,,,,1,0,1,0,0,22,22,22,2,0,2,0,702.2057113999035,,,,,,,,,,,,,,,,,,,,,,,,,,,,,,,,,,,,,,,,,,,,,,,,,,,,,,,,,,,,,,,,,,,,,,,,,,,,,,,,,,,,,,,,,,,,702.1920787999406,702.2057113999035,702.2057113999035,702.2057113999035,702.3899075998925,None,,,,,,,,,,,702.4060987998964,702.4060987998964,702.4060987998964,,,,,,,,,,P8384,Bar_MIC,11,1,2026-04-09_15h27.42.794,MIC_task,,2026.1.2,60.0367665301919,2026-04-09 15h27.44.539502 +0200,
,,3,0,3,,,,,,,11,t06,sátor,tent,8,tools,camping,4.8,110,None,None,None,"(-0.1, -0.1)",None,,,,,,,,,,,,,,1,0,1,0,0,22,22,22,3,0,3,0,702.4060987998964,,,,,,,,,,,,,,,,,,,,,,,,,,,,,,,,,,,,,,,,,,,,,,,,,,,,,,,,,,,,,,,,,,,,,,,,,,,,,,,,,,,,,,,,,,,,702.3926963999402,702.4060987998964,702.4060987998964,702.4060987998964,702.5899315999122,None,,,,,,,,,,,,,,,,,,,,,,,P8384,Bar_MIC,11,1,2026-04-09_15h27.42.794,MIC_task,,2026.1.2,60.0367665301919,2026-04-09 15h27.44.539502 +0200,
,,4,0,4,,,,,,,11,t06,sátor,tent,8,tools,camping,4.8,110,None,None,None,"(-0.1, -0.1)",None,,,,,,,,,,,,,,1,0,1,0,0,22,22,22,4,0,4,0,702.6064625999425,,,,,,,,,,,,,,,,,,,,,,,,,,,,,,,,,,,,,,,,,,,,,,,,,,,,,,,,,,,,,,,,,,,,,,,,,,,,,,,,,,,,,,,,,,,,702.5927142999135,702.6064625999425,702.6064625999425,702.6064625999425,702.7902277999092,None,,,,,,,,,,,,,,,,,,,,,,,P8384,Bar_MIC,11,1,2026-04-09_15h27.42.794,MIC_task,,2026.1.2,60.0367665301919,2026-04-09 15h27.44.539502 +0200,
,,5,0,5,,,,,,,11,t06,sátor,tent,8,tools,camping,4.8,110,None,None,None,"(-0.1, -0.1)",None,,,,,,,,,,,,,,1,0,1,0,0,22,22,22,5,0,5,0,702.8069171999814,,,,,,,,,,,,,,,,,,,,,,,,,,,,,,,,,,,,,,,,,,,,,,,,,,,,,,,,,,,,,,,,,,,,,,,,,,,,,,,,,,,,,,,,,,,,702.7931635999121,702.8069171999814,702.8069171999814,702.8069171999814,702.9907135999529,None,,,,,,,,,,,,,,,,,,,,,,,P8384,Bar_MIC,11,1,2026-04-09_15h27.42.794,MIC_task,,2026.1.2,60.0367665301919,2026-04-09 15h27.44.539502 +0200,
,,6,0,6,,,,,,,11,t06,sátor,tent,8,tools,camping,4.8,110,None,None,None,"(-0.1, -0.1)",None,,,,,,,,,,,,,,1,0,1,0,0,22,22,22,6,0,6,0,703.0071775999386,,,,,,,,,,,,,,,,,,,,,,,,,,,,,,,,,,,,,,,,,,,,,,,,,,,,,,,,,,,,,,,,,,,,,,,,,,,,,,,,,,,,,,,,,,,,702.9935405999422,703.0071775999386,703.0071775999386,703.0071775999386,703.1912021999015,None,,,,,,,,,,,,,,,,,,,,,,,P8384,Bar_MIC,11,1,2026-04-09_15h27.42.794,MIC_task,,2026.1.2,60.0367665301919,2026-04-09 15h27.44.539502 +0200,
,,7,0,7,,,,,,,11,t06,sátor,tent,8,tools,camping,4.8,110,None,None,None,"(-0.1, -0.1)",None,,,,,,,,,,,,,,1,0,1,0,0,22,22,22,7,0,7,0,703.2074542999035,,,,,,,,,,,,,,,,,,,,,,,,,,,,,,,,,,,,,,,,,,,,,,,,,,,,,,,,,,,,,,,,,,,,,,,,,,,,,,,,,,,,,,,,,,,,703.194245899911,703.2074542999035,703.2074542999035,703.2074542999035,703.3914972000057,None,,,,,,,,,,,,,,,,,,,,,,,P8384,Bar_MIC,11,1,2026-04-09_15h27.42.794,MIC_task,,2026.1.2,60.0367665301919,2026-04-09 15h27.44.539502 +0200,
,,8,0,8,,,,,,,11,t06,sátor,tent,8,tools,camping,4.8,110,None,None,None,"(-0.1, -0.1)",None,,,,,,,,,,,,,,1,0,1,0,0,22,22,22,8,0,8,0,703.4079715999542,,,,,,,,,,,,,,,,,,,,,,,,,,,,,,,,,,,,,,,,,,,,,,,,,,,,,,,,,,,,,,,,,,,,,,,,,,,,,,,,,,,,,,,,,,,,703.3945959999692,703.4079715999542,703.4079715999542,703.4079715999542,703.5919980999315,None,,,,,,,,,,,,,,,,,,,,,,,P8384,Bar_MIC,11,1,2026-04-09_15h27.42.794,MIC_task,,2026.1.2,60.0367665301919,2026-04-09 15h27.44.539502 +0200,
,,9,0,9,,,,,,,11,t06,sátor,tent,8,tools,camping,4.8,110,None,None,None,"(-0.1, -0.1)",None,,,,,,,,,,,,,,1,0,1,0,0,22,22,22,9,0,9,0,703.6082808999345,,,,,,,,,,,,,,,,,,,,,,,,,,,,,,,,,,,,,,,,,,,,,,,,,,,,,,,,,,,,,,,,,,,,,,,,,,,,,,,,,,,,,,,,,,,,703.5949768999126,703.6082808999345,703.6082808999345,703.6082808999345,703.792440899997,None,,,,,,,,,,,,,,,,,,,,,,,P8384,Bar_MIC,11,1,2026-04-09_15h27.42.794,MIC_task,,2026.1.2,60.0367665301919,2026-04-09 15h27.44.539502 +0200,
,,10,0,10,,,,,,,11,t06,sátor,tent,8,tools,camping,4.8,110,None,None,None,"(-0.1, -0.1)",None,,,,,,,,,,,,,,1,0,1,0,0,22,22,22,10,0,10,0,703.8086934000021,,,,,,,,,,,,,,,,,,,,,,,,,,,,,,,,,,,,,,,,,,,,,,,,,,,,,,,,,,,,,,,,,,,,,,,,,,,,,,,,,,,,,,,,,,,,703.7955256999703,703.8086934000021,703.8086934000021,703.8086934000021,703.99283439992,None,,,,,,,,,,,,,,,,,,,,,,,P8384,Bar_MIC,11,1,2026-04-09_15h27.42.794,MIC_task,,2026.1.2,60.0367665301919,2026-04-09 15h27.44.539502 +0200,
,,11,0,11,,,,,,,11,t06,sátor,tent,8,tools,camping,4.8,110,None,None,None,"(-0.1, -0.1)",None,,,,,,,,,,,,,,1,0,1,0,0,22,22,22,11,0,11,0,704.0082887999015,,,,,,,,,,,,,,,,,,,,,,,,,,,,,,,,,,,,,,,,,,,,,,,,,,,,,,,,,,,,,,,,,,,,,,,,,,,,,,,,,,,,,,,,,,,,703.9956813999452,704.0082887999015,704.0082887999015,704.0082887999015,704.1920408000005,None,,,,,,,,,,,,,,,,,,,,,,,P8384,Bar_MIC,11,1,2026-04-09_15h27.42.794,MIC_task,,2026.1.2,60.0367665301919,2026-04-09 15h27.44.539502 +0200,
,,12,0,12,,,,,,,11,t06,sátor,tent,8,tools,camping,4.8,110,None,None,None,"(-0.1, -0.1)",None,,,,,,,,,,,,,,1,0,1,0,0,22,22,22,12,0,12,0,704.2086946999189,,,,,,,,,,,,,,,,,,,,,,,,,,,,,,,,,,,,,,,,,,,,,,,,,,,,,,,,,,,,,,,,,,,,,,,,,,,,,,,,,,,,,,,,,,,,704.194793600007,704.2086946999189,704.2086946999189,704.2086946999189,704.3923523999983,None,,,,,,,,,,,,,,,,,,,,,,,P8384,Bar_MIC,11,1,2026-04-09_15h27.42.794,MIC_task,,2026.1.2,60.0367665301919,2026-04-09 15h27.44.539502 +0200,
,,13,0,13,,,,,,,11,t06,sátor,tent,8,tools,camping,4.8,110,None,None,None,"(-0.1, -0.1)",None,,,,,,,,,,,,,,1,0,1,0,0,22,22,22,13,0,13,0,704.4090271999594,,,,,,,,,,,,,,,,,,,,,,,,,,,,,,,,,,,,,,,,,,,,,,,,,,,,,,,,,,,,,,,,,,,,,,,,,,,,,,,,,,,,,,,,,,,,704.3954096999951,704.4090271999594,704.4090271999594,704.4090271999594,704.5929008999374,None,,,,,,,,,,,,,,,,,,,,,,,P8384,Bar_MIC,11,1,2026-04-09_15h27.42.794,MIC_task,,2026.1.2,60.0367665301919,2026-04-09 15h27.44.539502 +0200,
,,14,0,14,,,,,,,11,t06,sátor,tent,8,tools,camping,4.8,110,None,None,None,"(-0.1, -0.1)",None,,,,,,,,,,,,,,1,0,1,0,0,22,22,22,14,0,14,0,704.6094583999366,,,,,,,,,,,,,,,,,,,,,,,,,,,,,,,,,,,,,,,,,,,,,,,,,,,,,,,,,,,,,,,,,,,,,,,,,,,,,,,,,,,,,,,,,,,,704.5957969999872,704.6094583999366,704.6094583999366,704.6094583999366,704.7932139999466,None,,,,,,,,,,,,,,,,,,,,,,,P8384,Bar_MIC,11,1,2026-04-09_15h27.42.794,MIC_task,,2026.1.2,60.0367665301919,2026-04-09 15h27.44.539502 +0200,
,,15,0,15,,,,,,,11,t06,sátor,tent,8,tools,camping,4.8,110,None,None,None,"(-0.1, -0.1)",None,,,,,,,,,,,,,,1,0,1,0,0,22,22,22,15,0,15,0,704.8098370999796,,,,,,,,,,,,,,,,,,,,,,,,,,,,,,,,,,,,,,,,,,,,,,,,,,,,,,,,,,,,,,,,,,,,,,,,,,,,,,,,,,,,,,,,,,,,704.7961073999759,704.8098370999796,704.8098370999796,704.8098370999796,704.9936726999003,None,,,,,,,,,,,,,,,,,,,,,,,P8384,Bar_MIC,11,1,2026-04-09_15h27.42.794,MIC_task,,2026.1.2,60.0367665301919,2026-04-09 15h27.44.539502 +0200,
,,16,0,16,,,,,,,11,t06,sátor,tent,8,tools,camping,4.8,110,None,None,None,"(-0.1, -0.1)",None,,,,,,,,,,,,,,1,0,1,0,0,22,22,22,16,0,16,0,705.010207299958,,,,,,,,,,,,,,,,,,,,,,,,,,,,,,,,,,,,,,,,,,,,,,,,,,,,,,,,,,,,,,,,,,,,,,,,,,,,,,,,,,,,,,,,,,,,704.9967036999296,705.010207299958,705.010207299958,705.010207299958,705.1942512999522,None,,,,,,,,,,,,,,,,,,,,,,,P8384,Bar_MIC,11,1,2026-04-09_15h27.42.794,MIC_task,,2026.1.2,60.0367665301919,2026-04-09 15h27.44.539502 +0200,
,,17,0,17,,,,,,,11,t06,sátor,tent,8,tools,camping,4.8,110,None,None,None,"(-0.1, -0.1)",None,,,,,,,,,,,,,,1,0,1,0,0,22,22,22,17,0,17,0,705.2105516999727,,,,,,,,,,,,,,,,,,,,,,,,,,,,,,,,,,,,,,,,,,,,,,,,,,,,,,,,,,,,,,,,,,,,,,,,,,,,,,,,,,,,,,,,,,,,705.1968604999129,705.2105516999727,705.2105516999727,705.2105516999727,705.3945074999938,None,,,,,,,,,,,,,,,,,,,,,,,P8384,Bar_MIC,11,1,2026-04-09_15h27.42.794,MIC_task,,2026.1.2,60.0367665301919,2026-04-09 15h27.44.539502 +0200,
,,18,0,18,,,,,,,11,t06,sátor,tent,8,tools,camping,4.8,110,None,None,None,"(-0.1, -0.1)",None,,,,,,,,,,,,,,1,0,1,0,0,22,22,22,18,0,18,0,705.4108121999307,,,,,,,,,,,,,,,,,,,,,,,,,,,,,,,,,,,,,,,,,,,,,,,,,,,,,,,,,,,,,,,,,,,,,,,,,,,,,,,,,,,,,,,,,,,,705.3977182999952,705.4108121999307,705.4108121999307,705.4108121999307,705.594946899917,None,,,,,,,,,,,,,,,,,,,,,,,P8384,Bar_MIC,11,1,2026-04-09_15h27.42.794,MIC_task,,2026.1.2,60.0367665301919,2026-04-09 15h27.44.539502 +0200,
,,19,0,19,,,,,,,11,t06,sátor,tent,8,tools,camping,4.8,110,None,None,None,"(-0.1, -0.1)",None,,,,,,,,,,,,,,1,0,1,0,0,22,22,22,19,0,19,0,705.6112286999123,,,,,,,,,,,,,,,,,,,,,,,,,,,,,,,,,,,,,,,,,,,,,,,,,,,,,,,,,,,,,,,,,,,,,,,,,,,,,,,,,,,,,,,,,,,,705.5979677999858,705.6112286999123,705.6112286999123,705.6112286999123,705.7953917999985,None,,,,,,,,,,,,,,,,,,,,,,,P8384,Bar_MIC,11,1,2026-04-09_15h27.42.794,MIC_task,,2026.1.2,60.0367665301919,2026-04-09 15h27.44.539502 +0200,
,,20,0,20,,,,,,,11,t06,sátor,tent,8,tools,camping,4.8,110,None,None,None,"(-0.1, -0.1)",None,,,,,,,,,,,,,,1,0,1,0,0,22,22,22,20,0,20,0,705.8116409999784,,,,,,,,,,,,,,,,,,,,,,,,,,,,,,,,,,,,,,,,,,,,,,,,,,,,,,,,,,,,,,,,,,,,,,,,,,,,,,,,,,,,,,,,,,,,705.7983973999508,705.8116409999784,705.8116409999784,705.8116409999784,705.9957608999684,None,,,,,,,,,,,,,,,,,,,,,,,P8384,Bar_MIC,11,1,2026-04-09_15h27.42.794,MIC_task,,2026.1.2,60.0367665301919,2026-04-09 15h27.44.539502 +0200,
,,21,0,21,,,,,,,11,t06,sátor,tent,8,tools,camping,4.8,110,None,None,None,"(-0.1, -0.1)",None,,,,,,,,,,,,,,1,0,1,0,0,22,22,22,21,0,21,0,706.0120165999979,,,,,,,,,,,,,,,,,,,,,,,,,,,,,,,,,,,,,,,,,,,,,,,,,,,,,,,,,,,,,,,,,,,,,,,,,,,,,,,,,,,,,,,,,,,,705.9987164000049,706.0120165999979,706.0120165999979,706.0120165999979,706.1962162998971,None,,,,,,,,,,,,,,,,,,,,,,,P8384,Bar_MIC,11,1,2026-04-09_15h27.42.794,MIC_task,,2026.1.2,60.0367665301919,2026-04-09 15h27.44.539502 +0200,
,,22,0,22,,,,,,,11,t06,sátor,tent,8,tools,camping,4.8,110,None,None,None,"(-0.1, -0.1)",None,,,,,,,,,,,,,,1,0,1,0,0,22,22,22,22,0,22,0,706.211643199902,,,,,,,,,,,,,,,,,,,,,,,,,,,,,,,,,,,,,,,,,,,,,,,,,,,,,,,,,,,,,,,,,,,,,,,,,,,,,,,,,,,,,,,,,,,,706.1991122999461,706.211643199902,706.211643199902,706.211643199902,706.3967756999191,None,,,,,,,,,,,,,,,,,,,,,,,P8384,Bar_MIC,11,1,2026-04-09_15h27.42.794,MIC_task,,2026.1.2,60.0367665301919,2026-04-09 15h27.44.539502 +0200,
,,23,0,23,,,,,,,11,t06,sátor,tent,8,tools,camping,4.8,110,None,None,None,"(-0.1, -0.1)",None,,,,,,,,,,,,,,1,0,1,0,0,22,22,22,23,0,23,0,706.4121026999783,,,,,,,,,,,,,,,,,,,,,,,,,,,,,,,,,,,,,,,,,,,,,,,,,,,,,,,,,,,,,,,,,,,,,,,,,,,,,,,,,,,,,,,,,,,,706.3996085999534,706.4121026999783,706.4121026999783,706.4121026999783,706.596996899927,None,,,,,,,,,,,,,,,,,,,,,,,P8384,Bar_MIC,11,1,2026-04-09_15h27.42.794,MIC_task,,2026.1.2,60.0367665301919,2026-04-09 15h27.44.539502 +0200,
,,24,0,24,,,,,,,11,t06,sátor,tent,8,tools,camping,4.8,110,None,None,None,"(-0.1, -0.1)",None,,,,,,,,,,,,,,1,0,1,0,0,22,22,22,24,0,24,0,706.6124288999708,,,,,,,,,,,,,,,,,,,,,,,,,,,,,,,,,,,,,,,,,,,,,,,,,,,,,,,,,,,,,,,,,,,,,,,,,,,,,,,,,,,,,,,,,,,,706.6000118999509,706.6124288999708,706.6124288999708,706.6124288999708,706.7961487999419,None,,,,,,,,,,,,,,,,,,,,,,,P8384,Bar_MIC,11,1,2026-04-09_15h27.42.794,MIC_task,,2026.1.2,60.0367665301919,2026-04-09 15h27.44.539502 +0200,
,,25,0,25,,,,,,,11,t06,sátor,tent,8,tools,camping,4.8,110,None,None,None,"(-0.1, -0.1)",None,,,,,,,,,,,,,,1,0,1,0,0,22,22,22,25,0,25,0,706.8127662999323,,,,,,,,,,,,,,,,,,,,,,,,,,,,,,,,,,,,,,,,,,,,,,,,,,,,,,,,,,,,,,,,,,,,,,,,,,,,,,,,,,,,,,,,,,,,706.7986116999527,706.8127662999323,706.8127662999323,706.8127662999323,706.9965370999416,None,,,,,,,,,,,,,,,,,,,,,,,P8384,Bar_MIC,11,1,2026-04-09_15h27.42.794,MIC_task,,2026.1.2,60.0367665301919,2026-04-09 15h27.44.539502 +0200,
,,26,0,26,,,,,,,11,t06,sátor,tent,8,tools,camping,4.8,110,None,None,None,"(-0.1, -0.1)",None,,,,,,,,,,,,,,1,0,1,0,0,22,22,22,26,0,26,0,707.0131953998934,,,,,,,,,,,,,,,,,,,,,,,,,,,,,,,,,,,,,,,,,,,,,,,,,,,,,,,,,,,,,,,,,,,,,,,,,,,,,,,,,,,,,,,,,,,,706.9991604998941,707.0131953998934,707.0131953998934,707.0131953998934,707.197222799994,None,,,,,,,,,,,,,,,,,,,,,,,P8384,Bar_MIC,11,1,2026-04-09_15h27.42.794,MIC_task,,2026.1.2,60.0367665301919,2026-04-09 15h27.44.539502 +0200,
,,27,0,27,,,,,,,11,t06,sátor,tent,8,tools,camping,4.8,110,None,None,None,"(-0.1, -0.1)",None,,,,,,,,,,,,,,1,0,1,0,0,22,22,22,27,0,27,0,707.2135729999281,,,,,,,,,,,,,,,,,,,,,,,,,,,,,,,,,,,,,,,,,,,,,,,,,,,,,,,,,,,,,,,,,,,,,,,,,,,,,,,,,,,,,,,,,,,,707.1998788999626,707.2135729999281,707.2135729999281,707.2135729999281,707.3974093999714,None,,,,,,,,,,,,,,,,,,,,,,,P8384,Bar_MIC,11,1,2026-04-09_15h27.42.794,MIC_task,,2026.1.2,60.0367665301919,2026-04-09 15h27.44.539502 +0200,
,,28,0,28,,,,,,,11,t06,sátor,tent,8,tools,camping,4.8,110,None,None,None,"(-0.1, -0.1)",space,0.1412072000093758,None,,,,,,,,,,,,1,0,1,0,0,22,22,22,28,0,28,0,707.4139942999464,,,,,,,,,,,,,,,,,,,,,,,,,,,,,,,,,,,,,,,,,,,,,,,,,,,,,,,,,,,,,,,,,,,,,,,,,,,,,,,,,,,,,,,,,,,,707.4006209999789,707.4139942999464,707.4139942999464,707.4139942999464,707.5649972999236,space,0.1412072000093758,None,,,,,,,,,,,,,,,,,,,,,P8384,Bar_MIC,11,1,2026-04-09_15h27.42.794,MIC_task,,2026.1.2,60.0367665301919,2026-04-09 15h27.44.539502 +0200,
,,22,22,0,,,,space,0.3502314999932423,None,11,t06,sátor,tent,8,tools,camping,4.8,110,None,None,None,"(-0.1, -0.1)",,,,,,,,,,,,,,,1,0,1,0,0,22,22,22,,,,,,,,,,,,,,,,,,,,,,,,,,,,,,,,,,,,,,,,,,,,,,,,,,,,,,,,,,,,,,,,,,,,,,,,,,,,,,,,,707.6280410999898,707.6338174999692,707.6307620665912,709.5670771999285,,,,,,711.5713030999759,711.586747399997,711.586747399997,711.938095199992,,,,,,,,,,,,709.5942102998961,709.5998026999878,709.6002872332542,711.5039175999118,711.5712565999711,space,0.3502314999932423,None,,,,,,,,,,,,,P8384,Bar_MIC,11,1,2026-04-09_15h27.42.794,MIC_task,,2026.1.2,60.0367665301919,2026-04-09 15h27.44.539502 +0200,
,,0,0,0,,,,,,,11,c19,kalap,hat,3,clothes,headwear,6.8,10,29,None,None,"(0.1, 0.1)",None,,,,,,,,,,,,,,1,0,1,0,0,23,23,23,0,0,0,0,711.9539385999087,,,,,,,,,,,,,,,,,,,,,,,,,,,,,,,,,,,,,,,,,,,,,,,,,,,,,,,,,,,,,,,,,,,,,,,,,,,,,,,,,,,,,,,,,,,,711.9406686999137,711.9539385999087,711.9539385999087,711.9539385999087,712.1382077999879,None,,,,,,,,,,,712.1543728999095,712.1543728999095,712.1543728999095,,,,,,,,,,P8384,Bar_MIC,11,1,2026-04-09_15h27.42.794,MIC_task,,2026.1.2,60.0367665301919,2026-04-09 15h27.44.539502 +0200,
,,0,0,0,,,,,,,11,c19,kalap,hat,3,clothes,headwear,6.8,10,29,None,None,"(0.1, 0.1)",None,,,,,,,,,,,,,,1,0,1,0,0,23,23,23,0,0,0,0,712.1543728999095,,,,,,,,,,,,,,,,,,,,,,,,,,,,,,,,,,,,,,,,,,,,,,,,,,,,,,,,,,,,,,,,,,,,,,,,,,,,,,,,,,,,,,,,,,,,712.1417552999919,712.1543728999095,712.1543728999095,712.1543728999095,712.3385959999869,None,,,,,,,,,,,712.3547018999234,712.3547018999234,712.3547018999234,,,,,,,,,,P8384,Bar_MIC,11,1,2026-04-09_15h27.42.794,MIC_task,,2026.1.2,60.0367665301919,2026-04-09 15h27.44.539502 +0200,
,,1,0,1,,,,,,,11,c19,kalap,hat,3,clothes,headwear,6.8,10,29,None,None,"(0.1, 0.1)",None,,,,,,,,,,,,,,1,0,1,0,0,23,23,23,1,0,1,0,712.3547018999234,,,,,,,,,,,,,,,,,,,,,,,,,,,,,,,,,,,,,,,,,,,,,,,,,,,,,,,,,,,,,,,,,,,,,,,,,,,,,,,,,,,,,,,,,,,,712.3414819999598,712.3547018999234,712.3547018999234,712.3547018999234,712.5385867999867,None,,,,,,,,,,,,,,,,,,,,,,,P8384,Bar_MIC,11,1,2026-04-09_15h27.42.794,MIC_task,,2026.1.2,60.0367665301919,2026-04-09 15h27.44.539502 +0200,
,,2,0,2,,,,,,,11,c19,kalap,hat,3,clothes,headwear,6.8,10,29,None,None,"(0.1, 0.1)",None,,,,,,,,,,,,,,1,0,1,0,0,23,23,23,2,0,2,0,712.555074899923,,,,,,,,,,,,,,,,,,,,,,,,,,,,,,,,,,,,,,,,,,,,,,,,,,,,,,,,,,,,,,,,,,,,,,,,,,,,,,,,,,,,,,,,,,,,712.5416417999659,712.555074899923,712.555074899923,712.555074899923,712.7390078000026,None,,,,,,,,,,,,,,,,,,,,,,,P8384,Bar_MIC,11,1,2026-04-09_15h27.42.794,MIC_task,,2026.1.2,60.0367665301919,2026-04-09 15h27.44.539502 +0200,
,,3,0,3,,,,,,,11,c19,kalap,hat,3,clothes,headwear,6.8,10,29,None,None,"(0.1, 0.1)",None,,,,,,,,,,,,,,1,0,1,0,0,23,23,23,3,0,3,0,712.7553987998981,,,,,,,,,,,,,,,,,,,,,,,,,,,,,,,,,,,,,,,,,,,,,,,,,,,,,,,,,,,,,,,,,,,,,,,,,,,,,,,,,,,,,,,,,,,,712.7421204999555,712.7553987998981,712.7553987998981,712.7553987998981,712.9394177999347,None,,,,,,,,,,,,,,,,,,,,,,,P8384,Bar_MIC,11,1,2026-04-09_15h27.42.794,MIC_task,,2026.1.2,60.0367665301919,2026-04-09 15h27.44.539502 +0200,
,,4,0,4,,,,,,,11,c19,kalap,hat,3,clothes,headwear,6.8,10,29,None,None,"(0.1, 0.1)",None,,,,,,,,,,,,,,1,0,1,0,0,23,23,23,4,0,4,0,712.9556915999856,,,,,,,,,,,,,,,,,,,,,,,,,,,,,,,,,,,,,,,,,,,,,,,,,,,,,,,,,,,,,,,,,,,,,,,,,,,,,,,,,,,,,,,,,,,,712.9423553999513,712.9556915999856,712.9556915999856,712.9556915999856,713.1397540000034,None,,,,,,,,,,,,,,,,,,,,,,,P8384,Bar_MIC,11,1,2026-04-09_15h27.42.794,MIC_task,,2026.1.2,60.0367665301919,2026-04-09 15h27.44.539502 +0200,
,,5,0,5,,,,,,,11,c19,kalap,hat,3,clothes,headwear,6.8,10,29,None,None,"(0.1, 0.1)",None,,,,,,,,,,,,,,1,0,1,0,0,23,23,23,5,0,5,0,713.156174600008,,,,,,,,,,,,,,,,,,,,,,,,,,,,,,,,,,,,,,,,,,,,,,,,,,,,,,,,,,,,,,,,,,,,,,,,,,,,,,,,,,,,,,,,,,,,713.1429191000061,713.156174600008,713.156174600008,713.156174600008,713.3402459999779,None,,,,,,,,,,,,,,,,,,,,,,,P8384,Bar_MIC,11,1,2026-04-09_15h27.42.794,MIC_task,,2026.1.2,60.0367665301919,2026-04-09 15h27.44.539502 +0200,
,,6,0,6,,,,,,,11,c19,kalap,hat,3,clothes,headwear,6.8,10,29,None,None,"(0.1, 0.1)",None,,,,,,,,,,,,,,1,0,1,0,0,23,23,23,6,0,6,0,713.3565378999338,,,,,,,,,,,,,,,,,,,,,,,,,,,,,,,,,,,,,,,,,,,,,,,,,,,,,,,,,,,,,,,,,,,,,,,,,,,,,,,,,,,,,,,,,,,,713.343300199951,713.3565378999338,713.3565378999338,713.3565378999338,713.5406583999284,None,,,,,,,,,,,,,,,,,,,,,,,P8384,Bar_MIC,11,1,2026-04-09_15h27.42.794,MIC_task,,2026.1.2,60.0367665301919,2026-04-09 15h27.44.539502 +0200,
,,7,0,7,,,,,,,11,c19,kalap,hat,3,clothes,headwear,6.8,10,29,None,None,"(0.1, 0.1)",None,,,,,,,,,,,,,,1,0,1,0,0,23,23,23,7,0,7,0,713.5561073999852,,,,,,,,,,,,,,,,,,,,,,,,,,,,,,,,,,,,,,,,,,,,,,,,,,,,,,,,,,,,,,,,,,,,,,,,,,,,,,,,,,,,,,,,,,,,713.5439044999657,713.5561073999852,713.5561073999852,713.5561073999852,713.7416444999399,None,,,,,,,,,,,,,,,,,,,,,,,P8384,Bar_MIC,11,1,2026-04-09_15h27.42.794,MIC_task,,2026.1.2,60.0367665301919,2026-04-09 15h27.44.539502 +0200,
,,8,0,8,,,,,,,11,c19,kalap,hat,3,clothes,headwear,6.8,10,29,None,None,"(0.1, 0.1)",None,,,,,,,,,,,,,,1,0,1,0,0,23,23,23,8,0,8,0,713.7565199999372,,,,,,,,,,,,,,,,,,,,,,,,,,,,,,,,,,,,,,,,,,,,,,,,,,,,,,,,,,,,,,,,,,,,,,,,,,,,,,,,,,,,,,,,,,,,713.7446351998951,713.7565199999372,713.7565199999372,713.7565199999372,713.9414684999501,None,,,,,,,,,,,,,,,,,,,,,,,P8384,Bar_MIC,11,1,2026-04-09_15h27.42.794,MIC_task,,2026.1.2,60.0367665301919,2026-04-09 15h27.44.539502 +0200,
,,9,0,9,,,,,,,11,c19,kalap,hat,3,clothes,headwear,6.8,10,29,None,None,"(0.1, 0.1)",None,,,,,,,,,,,,,,1,0,1,0,0,23,23,23,9,0,9,0,713.9569220999256,,,,,,,,,,,,,,,,,,,,,,,,,,,,,,,,,,,,,,,,,,,,,,,,,,,,,,,,,,,,,,,,,,,,,,,,,,,,,,,,,,,,,,,,,,,,713.9447932000039,713.9569220999256,713.9569220999256,713.9569220999256,714.1417826999677,None,,,,,,,,,,,,,,,,,,,,,,,P8384,Bar_MIC,11,1,2026-04-09_15h27.42.794,MIC_task,,2026.1.2,60.0367665301919,2026-04-09 15h27.44.539502 +0200,
,,10,0,10,,,,,,,11,c19,kalap,hat,3,clothes,headwear,6.8,10,29,None,None,"(0.1, 0.1)",None,,,,,,,,,,,,,,1,0,1,0,0,23,23,23,10,0,10,0,714.1573149999604,,,,,,,,,,,,,,,,,,,,,,,,,,,,,,,,,,,,,,,,,,,,,,,,,,,,,,,,,,,,,,,,,,,,,,,,,,,,,,,,,,,,,,,,,,,,714.1446267999709,714.1573149999604,714.1573149999604,714.1573149999604,714.3410563999787,None,,,,,,,,,,,,,,,,,,,,,,,P8384,Bar_MIC,11,1,2026-04-09_15h27.42.794,MIC_task,,2026.1.2,60.0367665301919,2026-04-09 15h27.44.539502 +0200,
,,11,0,11,,,,,,,11,c19,kalap,hat,3,clothes,headwear,6.8,10,29,None,None,"(0.1, 0.1)",None,,,,,,,,,,,,,,1,0,1,0,0,23,23,23,11,0,11,0,714.3576725999592,,,,,,,,,,,,,,,,,,,,,,,,,,,,,,,,,,,,,,,,,,,,,,,,,,,,,,,,,,,,,,,,,,,,,,,,,,,,,,,,,,,,,,,,,,,,714.3437694999157,714.3576725999592,714.3576725999592,714.3576725999592,714.5414643998956,None,,,,,,,,,,,,,,,,,,,,,,,P8384,Bar_MIC,11,1,2026-04-09_15h27.42.794,MIC_task,,2026.1.2,60.0367665301919,2026-04-09 15h27.44.539502 +0200,
,,12,0,12,,,,,,,11,c19,kalap,hat,3,clothes,headwear,6.8,10,29,None,None,"(0.1, 0.1)",None,,,,,,,,,,,,,,1,0,1,0,0,23,23,23,12,0,12,0,714.5580115999328,,,,,,,,,,,,,,,,,,,,,,,,,,,,,,,,,,,,,,,,,,,,,,,,,,,,,,,,,,,,,,,,,,,,,,,,,,,,,,,,,,,,,,,,,,,,714.5443524000002,714.5580115999328,714.5580115999328,714.5580115999328,714.7419521999545,None,,,,,,,,,,,,,,,,,,,,,,,P8384,Bar_MIC,11,1,2026-04-09_15h27.42.794,MIC_task,,2026.1.2,60.0367665301919,2026-04-09 15h27.44.539502 +0200,
,,13,0,13,,,,,,,11,c19,kalap,hat,3,clothes,headwear,6.8,10,29,None,None,"(0.1, 0.1)",None,,,,,,,,,,,,,,1,0,1,0,0,23,23,23,13,0,13,0,714.7584026999539,,,,,,,,,,,,,,,,,,,,,,,,,,,,,,,,,,,,,,,,,,,,,,,,,,,,,,,,,,,,,,,,,,,,,,,,,,,,,,,,,,,,,,,,,,,,714.7449707000051,714.7584026999539,714.7584026999539,714.7584026999539,714.9422292999225,None,,,,,,,,,,,,,,,,,,,,,,,P8384,Bar_MIC,11,1,2026-04-09_15h27.42.794,MIC_task,,2026.1.2,60.0367665301919,2026-04-09 15h27.44.539502 +0200,
,,14,0,14,,,,,,,11,c19,kalap,hat,3,clothes,headwear,6.8,10,29,None,None,"(0.1, 0.1)",None,,,,,,,,,,,,,,1,0,1,0,0,23,23,23,14,0,14,0,714.958737699897,,,,,,,,,,,,,,,,,,,,,,,,,,,,,,,,,,,,,,,,,,,,,,,,,,,,,,,,,,,,,,,,,,,,,,,,,,,,,,,,,,,,,,,,,,,,714.944916099892,714.958737699897,714.958737699897,714.958737699897,715.1426622999134,None,,,,,,,,,,,,,,,,,,,,,,,P8384,Bar_MIC,11,1,2026-04-09_15h27.42.794,MIC_task,,2026.1.2,60.0367665301919,2026-04-09 15h27.44.539502 +0200,
,,15,0,15,,,,,,,11,c19,kalap,hat,3,clothes,headwear,6.8,10,29,None,None,"(0.1, 0.1)",None,,,,,,,,,,,,,,1,0,1,0,0,23,23,23,15,0,15,0,715.1590990999248,,,,,,,,,,,,,,,,,,,,,,,,,,,,,,,,,,,,,,,,,,,,,,,,,,,,,,,,,,,,,,,,,,,,,,,,,,,,,,,,,,,,,,,,,,,,715.1454949999461,715.1590990999248,715.1590990999248,715.1590990999248,715.3432182999095,None,,,,,,,,,,,,,,,,,,,,,,,P8384,Bar_MIC,11,1,2026-04-09_15h27.42.794,MIC_task,,2026.1.2,60.0367665301919,2026-04-09 15h27.44.539502 +0200,
,,16,0,16,,,,,,,11,c19,kalap,hat,3,clothes,headwear,6.8,10,29,None,None,"(0.1, 0.1)",None,,,,,,,,,,,,,,1,0,1,0,0,23,23,23,16,0,16,0,715.3595122999977,,,,,,,,,,,,,,,,,,,,,,,,,,,,,,,,,,,,,,,,,,,,,,,,,,,,,,,,,,,,,,,,,,,,,,,,,,,,,,,,,,,,,,,,,,,,715.3460765999043,715.3595122999977,715.3595122999977,715.3595122999977,715.5435448999051,None,,,,,,,,,,,,,,,,,,,,,,,P8384,Bar_MIC,11,1,2026-04-09_15h27.42.794,MIC_task,,2026.1.2,60.0367665301919,2026-04-09 15h27.44.539502 +0200,
,,17,0,17,,,,,,,11,c19,kalap,hat,3,clothes,headwear,6.8,10,29,None,None,"(0.1, 0.1)",None,,,,,,,,,,,,,,1,0,1,0,0,23,23,23,17,0,17,0,715.5590254999697,,,,,,,,,,,,,,,,,,,,,,,,,,,,,,,,,,,,,,,,,,,,,,,,,,,,,,,,,,,,,,,,,,,,,,,,,,,,,,,,,,,,,,,,,,,,715.5463521999773,715.5590254999697,715.5590254999697,715.5590254999697,715.7439668999286,None,,,,,,,,,,,,,,,,,,,,,,,P8384,Bar_MIC,11,1,2026-04-09_15h27.42.794,MIC_task,,2026.1.2,60.0367665301919,2026-04-09 15h27.44.539502 +0200,
,,18,0,18,,,,,,,11,c19,kalap,hat,3,clothes,headwear,6.8,10,29,None,None,"(0.1, 0.1)",None,,,,,,,,,,,,,,1,0,1,0,0,23,23,23,18,0,18,0,715.7602649999317,,,,,,,,,,,,,,,,,,,,,,,,,,,,,,,,,,,,,,,,,,,,,,,,,,,,,,,,,,,,,,,,,,,,,,,,,,,,,,,,,,,,,,,,,,,,715.7469234999735,715.7602649999317,715.7602649999317,715.7602649999317,715.9443981999066,None,,,,,,,,,,,,,,,,,,,,,,,P8384,Bar_MIC,11,1,2026-04-09_15h27.42.794,MIC_task,,2026.1.2,60.0367665301919,2026-04-09 15h27.44.539502 +0200,
,,19,0,19,,,,,,,11,c19,kalap,hat,3,clothes,headwear,6.8,10,29,None,None,"(0.1, 0.1)",None,,,,,,,,,,,,,,1,0,1,0,0,23,23,23,19,0,19,0,715.9606663999148,,,,,,,,,,,,,,,,,,,,,,,,,,,,,,,,,,,,,,,,,,,,,,,,,,,,,,,,,,,,,,,,,,,,,,,,,,,,,,,,,,,,,,,,,,,,715.9471015000017,715.9606663999148,715.9606663999148,715.9606663999148,716.1450694999658,None,,,,,,,,,,,,,,,,,,,,,,,P8384,Bar_MIC,11,1,2026-04-09_15h27.42.794,MIC_task,,2026.1.2,60.0367665301919,2026-04-09 15h27.44.539502 +0200,
,,20,0,20,,,,,,,11,c19,kalap,hat,3,clothes,headwear,6.8,10,29,None,None,"(0.1, 0.1)",None,,,,,,,,,,,,,,1,0,1,0,0,23,23,23,20,0,20,0,716.1602492999518,,,,,,,,,,,,,,,,,,,,,,,,,,,,,,,,,,,,,,,,,,,,,,,,,,,,,,,,,,,,,,,,,,,,,,,,,,,,,,,,,,,,,,,,,,,,716.1481720999582,716.1602492999518,716.1602492999518,716.1602492999518,716.3451647999464,None,,,,,,,,,,,,,,,,,,,,,,,P8384,Bar_MIC,11,1,2026-04-09_15h27.42.794,MIC_task,,2026.1.2,60.0367665301919,2026-04-09 15h27.44.539502 +0200,
,,21,0,21,,,,,,,11,c19,kalap,hat,3,clothes,headwear,6.8,10,29,None,None,"(0.1, 0.1)",None,,,,,,,,,,,,,,1,0,1,0,0,23,23,23,21,0,21,0,716.360628399998,,,,,,,,,,,,,,,,,,,,,,,,,,,,,,,,,,,,,,,,,,,,,,,,,,,,,,,,,,,,,,,,,,,,,,,,,,,,,,,,,,,,,,,,,,,,716.347921699984,716.360628399998,716.360628399998,716.360628399998,716.5443781999638,None,,,,,,,,,,,,,,,,,,,,,,,P8384,Bar_MIC,11,1,2026-04-09_15h27.42.794,MIC_task,,2026.1.2,60.0367665301919,2026-04-09 15h27.44.539502 +0200,
,,22,0,22,,,,,,,11,c19,kalap,hat,3,clothes,headwear,6.8,10,29,None,None,"(0.1, 0.1)",None,,,,,,,,,,,,,,1,0,1,0,0,23,23,23,22,0,22,0,716.5610207999125,,,,,,,,,,,,,,,,,,,,,,,,,,,,,,,,,,,,,,,,,,,,,,,,,,,,,,,,,,,,,,,,,,,,,,,,,,,,,,,,,,,,,,,,,,,,716.5473567999434,716.5610207999125,716.5610207999125,716.5610207999125,716.7449188999599,None,,,,,,,,,,,,,,,,,,,,,,,P8384,Bar_MIC,11,1,2026-04-09_15h27.42.794,MIC_task,,2026.1.2,60.0367665301919,2026-04-09 15h27.44.539502 +0200,
,,23,0,23,,,,,,,11,c19,kalap,hat,3,clothes,headwear,6.8,10,29,None,None,"(0.1, 0.1)",None,,,,,,,,,,,,,,1,0,1,0,0,23,23,23,23,0,23,0,716.7614105999237,,,,,,,,,,,,,,,,,,,,,,,,,,,,,,,,,,,,,,,,,,,,,,,,,,,,,,,,,,,,,,,,,,,,,,,,,,,,,,,,,,,,,,,,,,,,716.7481444999576,716.7614105999237,716.7614105999237,716.7614105999237,716.9452848999063,None,,,,,,,,,,,,,,,,,,,,,,,P8384,Bar_MIC,11,1,2026-04-09_15h27.42.794,MIC_task,,2026.1.2,60.0367665301919,2026-04-09 15h27.44.539502 +0200,
,,24,0,24,,,,,,,11,c19,kalap,hat,3,clothes,headwear,6.8,10,29,None,None,"(0.1, 0.1)",None,,,,,,,,,,,,,,1,0,1,0,0,23,23,23,24,0,24,0,716.9618111999007,,,,,,,,,,,,,,,,,,,,,,,,,,,,,,,,,,,,,,,,,,,,,,,,,,,,,,,,,,,,,,,,,,,,,,,,,,,,,,,,,,,,,,,,,,,,716.9481500999536,716.9618111999007,716.9618111999007,716.9618111999007,717.1457137999823,None,,,,,,,,,,,,,,,,,,,,,,,P8384,Bar_MIC,11,1,2026-04-09_15h27.42.794,MIC_task,,2026.1.2,60.0367665301919,2026-04-09 15h27.44.539502 +0200,
,,25,0,25,,,,,,,11,c19,kalap,hat,3,clothes,headwear,6.8,10,29,None,None,"(0.1, 0.1)",None,,,,,,,,,,,,,,1,0,1,0,0,23,23,23,25,0,25,0,717.1621428999351,,,,,,,,,,,,,,,,,,,,,,,,,,,,,,,,,,,,,,,,,,,,,,,,,,,,,,,,,,,,,,,,,,,,,,,,,,,,,,,,,,,,,,,,,,,,717.1488607999636,717.1621428999351,717.1621428999351,717.1621428999351,717.3462007999187,None,,,,,,,,,,,,,,,,,,,,,,,P8384,Bar_MIC,11,1,2026-04-09_15h27.42.794,MIC_task,,2026.1.2,60.0367665301919,2026-04-09 15h27.44.539502 +0200,
,,26,0,26,,,,,,,11,c19,kalap,hat,3,clothes,headwear,6.8,10,29,None,None,"(0.1, 0.1)",None,,,,,,,,,,,,,,1,0,1,0,0,23,23,23,26,0,26,0,717.3624577999581,,,,,,,,,,,,,,,,,,,,,,,,,,,,,,,,,,,,,,,,,,,,,,,,,,,,,,,,,,,,,,,,,,,,,,,,,,,,,,,,,,,,,,,,,,,,717.3488961999537,717.3624577999581,717.3624577999581,717.3624577999581,717.5465307999402,None,,,,,,,,,,,,,,,,,,,,,,,P8384,Bar_MIC,11,1,2026-04-09_15h27.42.794,MIC_task,,2026.1.2,60.0367665301919,2026-04-09 15h27.44.539502 +0200,
,,27,0,27,,,,,,,11,c19,kalap,hat,3,clothes,headwear,6.8,10,29,None,None,"(0.1, 0.1)",None,,,,,,,,,,,,,,1,0,1,0,0,23,23,23,27,0,27,0,717.5628410999198,,,,,,,,,,,,,,,,,,,,,,,,,,,,,,,,,,,,,,,,,,,,,,,,,,,,,,,,,,,,,,,,,,,,,,,,,,,,,,,,,,,,,,,,,,,,717.5493902999442,717.5628410999198,717.5628410999198,717.5628410999198,717.7469739998924,None,,,,,,,,,,,,,,,,,,,,,,,P8384,Bar_MIC,11,1,2026-04-09_15h27.42.794,MIC_task,,2026.1.2,60.0367665301919,2026-04-09 15h27.44.539502 +0200,
,,28,0,28,,,,,,,11,c19,kalap,hat,3,clothes,headwear,6.8,10,29,None,None,"(0.1, 0.1)",space,0.038086700020357966,None,,,,,,,,,,,,1,0,1,0,0,23,23,23,28,0,28,0,717.7632004999323,,,,,,,,,,,,,,,,,,,,,,,,,,,,,,,,,,,,,,,,,,,,,,,,,,,,,,,,,,,,,,,,,,,,,,,,,,,,,,,,,,,,,,,,,,,,717.7497787999455,717.7632004999323,717.7632004999323,717.7632004999323,717.8149177999003,space,0.038086700020357966,None,,,,,,,,,,,,,,,,,,,,,P8384,Bar_MIC,11,1,2026-04-09_15h27.42.794,MIC_task,,2026.1.2,60.0367665301919,2026-04-09 15h27.44.539502 +0200,
,,23,23,0,,,,space,0.5253709999378771,None,11,c19,kalap,hat,3,clothes,headwear,6.8,10,29,None,None,"(0.1, 0.1)",,,,,,,,,,,,,,,1,0,1,0,0,23,23,23,,,,,,,,,,,,,,,,,,,,,,,,,,,,,,,,,,,,,,,,,,,,,,,,,,,,,,,,,,,,,,,,,,,,,,,,,,,,,,,,,717.8760598999215,717.8823405998992,717.880675566631,719.8174610999413,,,,,,721.8199902999913,721.8366421998944,721.8366421998944,722.3718350999989,,,,,,,,,,,,719.8483698999044,719.853028499987,719.8506739332884,721.7357131999452,721.8199383999454,space,0.5253709999378771,None,,,,,,,,,,,,,P8384,Bar_MIC,11,1,2026-04-09_15h27.42.794,MIC_task,,2026.1.2,60.0367665301919,2026-04-09 15h27.44.539502 +0200,
,,0,0,0,,,,,,,11,a20,zsiráf,giraffe,1,animal,mammal,6.6,12,23,60,None,"(0, 0)",None,,,,,,,,,,,,,,1,0,1,0,0,24,24,24,0,0,0,0,722.3862805999815,,,,,,,,,,,,,,,,,,,,,,,,,,,,,,,,,,,,,,,,,,,,,,,,,,,,,,,,,,,,,,,,,,,,,,,,,,,,,,,,,,,,,,,,,,,,722.3750886999769,722.3862805999815,722.3862805999815,722.3862805999815,722.5721130999736,None,,,,,,,,,,,722.5867490998935,722.5867490998935,722.5867490998935,,,,,,,,,,P8384,Bar_MIC,11,1,2026-04-09_15h27.42.794,MIC_task,,2026.1.2,60.0367665301919,2026-04-09 15h27.44.539502 +0200,
,,0,0,0,,,,,,,11,a20,zsiráf,giraffe,1,animal,mammal,6.6,12,23,60,None,"(0, 0)",None,,,,,,,,,,,,,,1,0,1,0,0,24,24,24,0,0,0,0,722.5867490998935,,,,,,,,,,,,,,,,,,,,,,,,,,,,,,,,,,,,,,,,,,,,,,,,,,,,,,,,,,,,,,,,,,,,,,,,,,,,,,,,,,,,,,,,,,,,722.575252499897,722.5867490998935,722.5867490998935,722.5867490998935,722.7708498999709,None,,,,,,,,,,,722.7871003999608,722.7871003999608,722.7871003999608,,,,,,,,,,P8384,Bar_MIC,11,1,2026-04-09_15h27.42.794,MIC_task,,2026.1.2,60.0367665301919,2026-04-09 15h27.44.539502 +0200,
,,1,0,1,,,,,,,11,a20,zsiráf,giraffe,1,animal,mammal,6.6,12,23,60,None,"(0, 0)",None,,,,,,,,,,,,,,1,0,1,0,0,24,24,24,1,0,1,0,722.7871003999608,,,,,,,,,,,,,,,,,,,,,,,,,,,,,,,,,,,,,,,,,,,,,,,,,,,,,,,,,,,,,,,,,,,,,,,,,,,,,,,,,,,,,,,,,,,,722.7740002999781,722.7871003999608,722.7871003999608,722.7871003999608,722.9720743999351,None,,,,,,,,,,,,,,,,,,,,,,,P8384,Bar_MIC,11,1,2026-04-09_15h27.42.794,MIC_task,,2026.1.2,60.0367665301919,2026-04-09 15h27.44.539502 +0200,
,,2,0,2,,,,,,,11,a20,zsiráf,giraffe,1,animal,mammal,6.6,12,23,60,None,"(0, 0)",None,,,,,,,,,,,,,,1,0,1,0,0,24,24,24,2,0,2,0,722.9874816999072,,,,,,,,,,,,,,,,,,,,,,,,,,,,,,,,,,,,,,,,,,,,,,,,,,,,,,,,,,,,,,,,,,,,,,,,,,,,,,,,,,,,,,,,,,,,722.9754783998942,722.9874816999072,722.9874816999072,722.9874816999072,723.1724375999765,None,,,,,,,,,,,,,,,,,,,,,,,P8384,Bar_MIC,11,1,2026-04-09_15h27.42.794,MIC_task,,2026.1.2,60.0367665301919,2026-04-09 15h27.44.539502 +0200,
,,3,0,3,,,,,,,11,a20,zsiráf,giraffe,1,animal,mammal,6.6,12,23,60,None,"(0, 0)",None,,,,,,,,,,,,,,1,0,1,0,0,24,24,24,3,0,3,0,723.1878673000028,,,,,,,,,,,,,,,,,,,,,,,,,,,,,,,,,,,,,,,,,,,,,,,,,,,,,,,,,,,,,,,,,,,,,,,,,,,,,,,,,,,,,,,,,,,,723.1756755999522,723.1878673000028,723.1878673000028,723.1878673000028,723.3721721000038,None,,,,,,,,,,,723.3882441999158,723.3882441999158,723.3882441999158,,,,,,,,,,P8384,Bar_MIC,11,1,2026-04-09_15h27.42.794,MIC_task,,2026.1.2,60.0367665301919,2026-04-09 15h27.44.539502 +0200,
,,4,0,4,,,,,,,11,a20,zsiráf,giraffe,1,animal,mammal,6.6,12,23,60,None,"(0, 0)",None,,,,,,,,,,,,,,1,0,1,0,0,24,24,24,4,0,4,0,723.3882441999158,,,,,,,,,,,,,,,,,,,,,,,,,,,,,,,,,,,,,,,,,,,,,,,,,,,,,,,,,,,,,,,,,,,,,,,,,,,,,,,,,,,,,,,,,,,,723.3752975999378,723.3882441999158,723.3882441999158,723.3882441999158,723.5720871998928,None,,,,,,,,,,,,,,,,,,,,,,,P8384,Bar_MIC,11,1,2026-04-09_15h27.42.794,MIC_task,,2026.1.2,60.0367665301919,2026-04-09 15h27.44.539502 +0200,
,,5,0,5,,,,,,,11,a20,zsiráf,giraffe,1,animal,mammal,6.6,12,23,60,None,"(0, 0)",None,,,,,,,,,,,,,,1,0,1,0,0,24,24,24,5,0,5,0,723.5886276999954,,,,,,,,,,,,,,,,,,,,,,,,,,,,,,,,,,,,,,,,,,,,,,,,,,,,,,,,,,,,,,,,,,,,,,,,,,,,,,,,,,,,,,,,,,,,723.5757855999982,723.5886276999954,723.5886276999954,723.5886276999954,723.7725059000077,None,,,,,,,,,,,,,,,,,,,,,,,P8384,Bar_MIC,11,1,2026-04-09_15h27.42.794,MIC_task,,2026.1.2,60.0367665301919,2026-04-09 15h27.44.539502 +0200,
,,6,0,6,,,,,,,11,a20,zsiráf,giraffe,1,animal,mammal,6.6,12,23,60,None,"(0, 0)",None,,,,,,,,,,,,,,1,0,1,0,0,24,24,24,6,0,6,0,723.7889353999635,,,,,,,,,,,,,,,,,,,,,,,,,,,,,,,,,,,,,,,,,,,,,,,,,,,,,,,,,,,,,,,,,,,,,,,,,,,,,,,,,,,,,,,,,,,,723.7759953999193,723.7889353999635,723.7889353999635,723.7889353999635,723.9729202999733,None,,,,,,,,,,,,,,,,,,,,,,,P8384,Bar_MIC,11,1,2026-04-09_15h27.42.794,MIC_task,,2026.1.2,60.0367665301919,2026-04-09 15h27.44.539502 +0200,
,,7,0,7,,,,,,,11,a20,zsiráf,giraffe,1,animal,mammal,6.6,12,23,60,None,"(0, 0)",None,,,,,,,,,,,,,,1,0,1,0,0,24,24,24,7,0,7,0,723.9892970999936,,,,,,,,,,,,,,,,,,,,,,,,,,,,,,,,,,,,,,,,,,,,,,,,,,,,,,,,,,,,,,,,,,,,,,,,,,,,,,,,,,,,,,,,,,,,723.9760796999326,723.9892970999936,723.9892970999936,723.9892970999936,724.1733172999229,None,,,,,,,,,,,,,,,,,,,,,,,P8384,Bar_MIC,11,1,2026-04-09_15h27.42.794,MIC_task,,2026.1.2,60.0367665301919,2026-04-09 15h27.44.539502 +0200,
,,8,0,8,,,,,,,11,a20,zsiráf,giraffe,1,animal,mammal,6.6,12,23,60,None,"(0, 0)",None,,,,,,,,,,,,,,1,0,1,0,0,24,24,24,8,0,8,0,724.1897268999601,,,,,,,,,,,,,,,,,,,,,,,,,,,,,,,,,,,,,,,,,,,,,,,,,,,,,,,,,,,,,,,,,,,,,,,,,,,,,,,,,,,,,,,,,,,,724.1772280998994,724.1897268999601,724.1897268999601,724.1897268999601,724.3737765999977,None,,,,,,,,,,,,,,,,,,,,,,,P8384,Bar_MIC,11,1,2026-04-09_15h27.42.794,MIC_task,,2026.1.2,60.0367665301919,2026-04-09 15h27.44.539502 +0200,
,,9,0,9,,,,,,,11,a20,zsiráf,giraffe,1,animal,mammal,6.6,12,23,60,None,"(0, 0)",None,,,,,,,,,,,,,,1,0,1,0,0,24,24,24,9,0,9,0,724.3900498999283,,,,,,,,,,,,,,,,,,,,,,,,,,,,,,,,,,,,,,,,,,,,,,,,,,,,,,,,,,,,,,,,,,,,,,,,,,,,,,,,,,,,,,,,,,,,724.3772339998977,724.3900498999283,724.3900498999283,724.3900498999283,724.5741795999929,None,,,,,,,,,,,,,,,,,,,,,,,P8384,Bar_MIC,11,1,2026-04-09_15h27.42.794,MIC_task,,2026.1.2,60.0367665301919,2026-04-09 15h27.44.539502 +0200,
,,10,0,10,,,,,,,11,a20,zsiráf,giraffe,1,animal,mammal,6.6,12,23,60,None,"(0, 0)",None,,,,,,,,,,,,,,1,0,1,0,0,24,24,24,10,0,10,0,724.5896541998954,,,,,,,,,,,,,,,,,,,,,,,,,,,,,,,,,,,,,,,,,,,,,,,,,,,,,,,,,,,,,,,,,,,,,,,,,,,,,,,,,,,,,,,,,,,,724.5772101999028,724.5896541998954,724.5896541998954,724.5896541998954,724.7747066000011,None,,,,,,,,,,,,,,,,,,,,,,,P8384,Bar_MIC,11,1,2026-04-09_15h27.42.794,MIC_task,,2026.1.2,60.0367665301919,2026-04-09 15h27.44.539502 +0200,
,,11,0,11,,,,,,,11,a20,zsiráf,giraffe,1,animal,mammal,6.6,12,23,60,None,"(0, 0)",space,0.04399779997766018,None,,,,,,,,,,,,1,0,1,0,0,24,24,24,11,0,11,0,724.790097799967,,,,,,,,,,,,,,,,,,,,,,,,,,,,,,,,,,,,,,,,,,,,,,,,,,,,,,,,,,,,,,,,,,,,,,,,,,,,,,,,,,,,,,,,,,,,724.7776957999449,724.790097799967,724.790097799967,724.790097799967,724.8412379999645,space,0.04399779997766018,None,,,,,,,,,,,,,,,,,,,,,P8384,Bar_MIC,11,1,2026-04-09_15h27.42.794,MIC_task,,2026.1.2,60.0367665301919,2026-04-09 15h27.44.539502 +0200,
,,24,24,0,,,,space,0.3135344999609515,None,11,a20,zsiráf,giraffe,1,animal,mammal,6.6,12,23,60,None,"(0, 0)",,,,,,,,,,,,,,,1,0,1,0,0,24,24,24,,,,,,,,,,,,,,,,,,,,,,,,,,,,,,,,,,,,,,,,,,,,,,,,,,,,,,,,,,,,,,,,,,,,,,,,,,,,,,,,,724.901509599993,724.906584899989,724.9070703665648,726.8439964998979,,,,,,728.8475635999348,728.8642192999832,728.8642192999832,729.1820305999136,,,,,,,,,,,,726.8655090999091,726.871270799893,726.8772260332557,728.7634436999215,728.8475169999292,space,0.3135344999609515,None,,,,,,,,,,,,,P8384,Bar_MIC,11,1,2026-04-09_15h27.42.794,MIC_task,,2026.1.2,60.0367665301919,2026-04-09 15h27.44.539502 +0200,
,,0,0,0,,,,,,,11,b01,orr,nose,2,bodypart,face,7,73,19,35,None,"(-0.1, 0.1)",None,,,,,,,,,,,,,,1,0,1,0,0,25,25,25,0,0,0,0,729.196722399909,,,,,,,,,,,,,,,,,,,,,,,,,,,,,,,,,,,,,,,,,,,,,,,,,,,,,,,,,,,,,,,,,,,,,,,,,,,,,,,,,,,,,,,,,,,,729.1852800999768,729.196722399909,729.196722399909,729.196722399909,729.3822099999525,None,,,,,,,,,,,729.3971096999012,729.3971096999012,729.3971096999012,,,,,,,,,,P8384,Bar_MIC,11,1,2026-04-09_15h27.42.794,MIC_task,,2026.1.2,60.0367665301919,2026-04-09 15h27.44.539502 +0200,
,,0,0,0,,,,,,,11,b01,orr,nose,2,bodypart,face,7,73,19,35,None,"(-0.1, 0.1)",None,,,,,,,,,,,,,,1,0,1,0,0,25,25,25,0,0,0,0,729.3971096999012,,,,,,,,,,,,,,,,,,,,,,,,,,,,,,,,,,,,,,,,,,,,,,,,,,,,,,,,,,,,,,,,,,,,,,,,,,,,,,,,,,,,,,,,,,,,729.3851525000064,729.3971096999012,729.3971096999012,729.3971096999012,729.5826295999577,None,,,,,,,,,,,729.5975385999773,729.5975385999773,729.5975385999773,,,,,,,,,,P8384,Bar_MIC,11,1,2026-04-09_15h27.42.794,MIC_task,,2026.1.2,60.0367665301919,2026-04-09 15h27.44.539502 +0200,
,,1,0,1,,,,,,,11,b01,orr,nose,2,bodypart,face,7,73,19,35,None,"(-0.1, 0.1)",None,,,,,,,,,,,,,,1,0,1,0,0,25,25,25,1,0,1,0,729.5975385999773,,,,,,,,,,,,,,,,,,,,,,,,,,,,,,,,,,,,,,,,,,,,,,,,,,,,,,,,,,,,,,,,,,,,,,,,,,,,,,,,,,,,,,,,,,,,729.5854675999144,729.5975385999773,729.5975385999773,729.5975385999773,729.7817211999791,None,,,,,,,,,,,729.7978875999106,729.7978875999106,729.7978875999106,,,,,,,,,,P8384,Bar_MIC,11,1,2026-04-09_15h27.42.794,MIC_task,,2026.1.2,60.0367665301919,2026-04-09 15h27.44.539502 +0200,
,,2,0,2,,,,,,,11,b01,orr,nose,2,bodypart,face,7,73,19,35,None,"(-0.1, 0.1)",None,,,,,,,,,,,,,,1,0,1,0,0,25,25,25,2,0,2,0,729.7978875999106,,,,,,,,,,,,,,,,,,,,,,,,,,,,,,,,,,,,,,,,,,,,,,,,,,,,,,,,,,,,,,,,,,,,,,,,,,,,,,,,,,,,,,,,,,,,729.7849362998968,729.7978875999106,729.7978875999106,729.7978875999106,729.9829273999203,None,,,,,,,,,,,,,,,,,,,,,,,P8384,Bar_MIC,11,1,2026-04-09_15h27.42.794,MIC_task,,2026.1.2,60.0367665301919,2026-04-09 15h27.44.539502 +0200,
,,3,0,3,,,,,,,11,b01,orr,nose,2,bodypart,face,7,73,19,35,None,"(-0.1, 0.1)",None,,,,,,,,,,,,,,1,0,1,0,0,25,25,25,3,0,3,0,729.9982782999286,,,,,,,,,,,,,,,,,,,,,,,,,,,,,,,,,,,,,,,,,,,,,,,,,,,,,,,,,,,,,,,,,,,,,,,,,,,,,,,,,,,,,,,,,,,,729.9863095999463,729.9982782999286,729.9982782999286,729.9982782999286,730.1825604999904,None,,,,,,,,,,,730.1986622998957,730.1986622998957,730.1986622998957,,,,,,,,,,P8384,Bar_MIC,11,1,2026-04-09_15h27.42.794,MIC_task,,2026.1.2,60.0367665301919,2026-04-09 15h27.44.539502 +0200,
,,4,0,4,,,,,,,11,b01,orr,nose,2,bodypart,face,7,73,19,35,None,"(-0.1, 0.1)",None,,,,,,,,,,,,,,1,0,1,0,0,25,25,25,4,0,4,0,730.1986622998957,,,,,,,,,,,,,,,,,,,,,,,,,,,,,,,,,,,,,,,,,,,,,,,,,,,,,,,,,,,,,,,,,,,,,,,,,,,,,,,,,,,,,,,,,,,,730.1856904999586,730.1986622998957,730.1986622998957,730.1986622998957,730.38251019991,None,,,,,,,,,,,,,,,,,,,,,,,P8384,Bar_MIC,11,1,2026-04-09_15h27.42.794,MIC_task,,2026.1.2,60.0367665301919,2026-04-09 15h27.44.539502 +0200,
,,5,0,5,,,,,,,11,b01,orr,nose,2,bodypart,face,7,73,19,35,None,"(-0.1, 0.1)",None,,,,,,,,,,,,,,1,0,1,0,0,25,25,25,5,0,5,0,730.3990380999167,,,,,,,,,,,,,,,,,,,,,,,,,,,,,,,,,,,,,,,,,,,,,,,,,,,,,,,,,,,,,,,,,,,,,,,,,,,,,,,,,,,,,,,,,,,,730.385149299982,730.3990380999167,730.3990380999167,730.3990380999167,730.5828915999737,None,,,,,,,,,,,,,,,,,,,,,,,P8384,Bar_MIC,11,1,2026-04-09_15h27.42.794,MIC_task,,2026.1.2,60.0367665301919,2026-04-09 15h27.44.539502 +0200,
,,6,0,6,,,,,,,11,b01,orr,nose,2,bodypart,face,7,73,19,35,None,"(-0.1, 0.1)",None,,,,,,,,,,,,,,1,0,1,0,0,25,25,25,6,0,6,0,730.5994275999255,,,,,,,,,,,,,,,,,,,,,,,,,,,,,,,,,,,,,,,,,,,,,,,,,,,,,,,,,,,,,,,,,,,,,,,,,,,,,,,,,,,,,,,,,,,,730.5858564999653,730.5994275999255,730.5994275999255,730.5994275999255,730.7832967999857,None,,,,,,,,,,,,,,,,,,,,,,,P8384,Bar_MIC,11,1,2026-04-09_15h27.42.794,MIC_task,,2026.1.2,60.0367665301919,2026-04-09 15h27.44.539502 +0200,
,,7,0,7,,,,,,,11,b01,orr,nose,2,bodypart,face,7,73,19,35,None,"(-0.1, 0.1)",None,,,,,,,,,,,,,,1,0,1,0,0,25,25,25,7,0,7,0,730.7996959999437,,,,,,,,,,,,,,,,,,,,,,,,,,,,,,,,,,,,,,,,,,,,,,,,,,,,,,,,,,,,,,,,,,,,,,,,,,,,,,,,,,,,,,,,,,,,730.7863150999183,730.7996959999437,730.7996959999437,730.7996959999437,730.9837843999267,None,,,,,,,,,,,,,,,,,,,,,,,P8384,Bar_MIC,11,1,2026-04-09_15h27.42.794,MIC_task,,2026.1.2,60.0367665301919,2026-04-09 15h27.44.539502 +0200,
,,8,0,8,,,,,,,11,b01,orr,nose,2,bodypart,face,7,73,19,35,None,"(-0.1, 0.1)",None,,,,,,,,,,,,,,1,0,1,0,0,25,25,25,8,0,8,0,731.0000713999616,,,,,,,,,,,,,,,,,,,,,,,,,,,,,,,,,,,,,,,,,,,,,,,,,,,,,,,,,,,,,,,,,,,,,,,,,,,,,,,,,,,,,,,,,,,,730.9867957999231,731.0000713999616,731.0000713999616,731.0000713999616,731.1841888999334,None,,,,,,,,,,,,,,,,,,,,,,,P8384,Bar_MIC,11,1,2026-04-09_15h27.42.794,MIC_task,,2026.1.2,60.0367665301919,2026-04-09 15h27.44.539502 +0200,
,,9,0,9,,,,,,,11,b01,orr,nose,2,bodypart,face,7,73,19,35,None,"(-0.1, 0.1)",None,,,,,,,,,,,,,,1,0,1,0,0,25,25,25,9,0,9,0,731.1997000999982,,,,,,,,,,,,,,,,,,,,,,,,,,,,,,,,,,,,,,,,,,,,,,,,,,,,,,,,,,,,,,,,,,,,,,,,,,,,,,,,,,,,,,,,,,,,731.1871797000058,731.1997000999982,731.1997000999982,731.1997000999982,731.3850277999882,None,,,,,,,,,,,,,,,,,,,,,,,P8384,Bar_MIC,11,1,2026-04-09_15h27.42.794,MIC_task,,2026.1.2,60.0367665301919,2026-04-09 15h27.44.539502 +0200,
,,10,0,10,,,,,,,11,b01,orr,nose,2,bodypart,face,7,73,19,35,None,"(-0.1, 0.1)",None,,,,,,,,,,,,,,1,0,1,0,0,25,25,25,10,0,10,0,731.4000768999103,,,,,,,,,,,,,,,,,,,,,,,,,,,,,,,,,,,,,,,,,,,,,,,,,,,,,,,,,,,,,,,,,,,,,,,,,,,,,,,,,,,,,,,,,,,,731.3876720999833,731.4000768999103,731.4000768999103,731.4000768999103,731.5849777999101,None,,,,,,,,,,,,,,,,,,,,,,,P8384,Bar_MIC,11,1,2026-04-09_15h27.42.794,MIC_task,,2026.1.2,60.0367665301919,2026-04-09 15h27.44.539502 +0200,
,,11,0,11,,,,,,,11,b01,orr,nose,2,bodypart,face,7,73,19,35,None,"(-0.1, 0.1)",None,,,,,,,,,,,,,,1,0,1,0,0,25,25,25,11,0,11,0,731.6004824999254,,,,,,,,,,,,,,,,,,,,,,,,,,,,,,,,,,,,,,,,,,,,,,,,,,,,,,,,,,,,,,,,,,,,,,,,,,,,,,,,,,,,,,,,,,,,731.5883491999703,731.6004824999254,731.6004824999254,731.6004824999254,731.7841869998956,None,,,,,,,,,,,,,,,,,,,,,,,P8384,Bar_MIC,11,1,2026-04-09_15h27.42.794,MIC_task,,2026.1.2,60.0367665301919,2026-04-09 15h27.44.539502 +0200,
,,12,0,12,,,,,,,11,b01,orr,nose,2,bodypart,face,7,73,19,35,None,"(-0.1, 0.1)",None,,,,,,,,,,,,,,1,0,1,0,0,25,25,25,12,0,12,0,731.8009271000046,,,,,,,,,,,,,,,,,,,,,,,,,,,,,,,,,,,,,,,,,,,,,,,,,,,,,,,,,,,,,,,,,,,,,,,,,,,,,,,,,,,,,,,,,,,,731.787348199985,731.8009271000046,731.8009271000046,731.8009271000046,731.9857673998922,None,,,,,,,,,,,,,,,,,,,,,,,P8384,Bar_MIC,11,1,2026-04-09_15h27.42.794,MIC_task,,2026.1.2,60.0367665301919,2026-04-09 15h27.44.539502 +0200,
,,13,0,13,,,,,,,11,b01,orr,nose,2,bodypart,face,7,73,19,35,None,"(-0.1, 0.1)",None,,,,,,,,,,,,,,1,0,1,0,0,25,25,25,13,0,13,0,732.0012906999327,,,,,,,,,,,,,,,,,,,,,,,,,,,,,,,,,,,,,,,,,,,,,,,,,,,,,,,,,,,,,,,,,,,,,,,,,,,,,,,,,,,,,,,,,,,,731.9888110999018,732.0012906999327,732.0012906999327,732.0012906999327,732.1862714999588,None,,,,,,,,,,,,,,,,,,,,,,,P8384,Bar_MIC,11,1,2026-04-09_15h27.42.794,MIC_task,,2026.1.2,60.0367665301919,2026-04-09 15h27.44.539502 +0200,
,,14,0,14,,,,,,,11,b01,orr,nose,2,bodypart,face,7,73,19,35,None,"(-0.1, 0.1)",None,,,,,,,,,,,,,,1,0,1,0,0,25,25,25,14,0,14,0,732.2016654999461,,,,,,,,,,,,,,,,,,,,,,,,,,,,,,,,,,,,,,,,,,,,,,,,,,,,,,,,,,,,,,,,,,,,,,,,,,,,,,,,,,,,,,,,,,,,732.189297099947,732.2016654999461,732.2016654999461,732.2016654999461,732.385359799955,None,,,,,,,,,,,,,,,,,,,,,,,P8384,Bar_MIC,11,1,2026-04-09_15h27.42.794,MIC_task,,2026.1.2,60.0367665301919,2026-04-09 15h27.44.539502 +0200,
,,15,0,15,,,,,,,11,b01,orr,nose,2,bodypart,face,7,73,19,35,None,"(-0.1, 0.1)",None,,,,,,,,,,,,,,1,0,1,0,0,25,25,25,15,0,15,0,732.402054599952,,,,,,,,,,,,,,,,,,,,,,,,,,,,,,,,,,,,,,,,,,,,,,,,,,,,,,,,,,,,,,,,,,,,,,,,,,,,,,,,,,,,,,,,,,,,732.3883945998969,732.402054599952,732.402054599952,732.402054599952,732.585951599991,None,,,,,,,,,,,,,,,,,,,,,,,P8384,Bar_MIC,11,1,2026-04-09_15h27.42.794,MIC_task,,2026.1.2,60.0367665301919,2026-04-09 15h27.44.539502 +0200,
,,16,0,16,,,,,,,11,b01,orr,nose,2,bodypart,face,7,73,19,35,None,"(-0.1, 0.1)",None,,,,,,,,,,,,,,1,0,1,0,0,25,25,25,16,0,16,0,732.602375999908,,,,,,,,,,,,,,,,,,,,,,,,,,,,,,,,,,,,,,,,,,,,,,,,,,,,,,,,,,,,,,,,,,,,,,,,,,,,,,,,,,,,,,,,,,,,732.5889144999674,732.602375999908,732.602375999908,732.602375999908,732.7863803999498,None,,,,,,,,,,,,,,,,,,,,,,,P8384,Bar_MIC,11,1,2026-04-09_15h27.42.794,MIC_task,,2026.1.2,60.0367665301919,2026-04-09 15h27.44.539502 +0200,
,,17,0,17,,,,,,,11,b01,orr,nose,2,bodypart,face,7,73,19,35,None,"(-0.1, 0.1)",None,,,,,,,,,,,,,,1,0,1,0,0,25,25,25,17,0,17,0,732.8027619000059,,,,,,,,,,,,,,,,,,,,,,,,,,,,,,,,,,,,,,,,,,,,,,,,,,,,,,,,,,,,,,,,,,,,,,,,,,,,,,,,,,,,,,,,,,,,732.7891796999611,732.8027619000059,732.8027619000059,732.8027619000059,732.9867148000048,None,,,,,,,,,,,,,,,,,,,,,,,P8384,Bar_MIC,11,1,2026-04-09_15h27.42.794,MIC_task,,2026.1.2,60.0367665301919,2026-04-09 15h27.44.539502 +0200,
,,18,0,18,,,,,,,11,b01,orr,nose,2,bodypart,face,7,73,19,35,None,"(-0.1, 0.1)",None,,,,,,,,,,,,,,1,0,1,0,0,25,25,25,18,0,18,0,733.0031330999918,,,,,,,,,,,,,,,,,,,,,,,,,,,,,,,,,,,,,,,,,,,,,,,,,,,,,,,,,,,,,,,,,,,,,,,,,,,,,,,,,,,,,,,,,,,,732.9895900998963,733.0031330999918,733.0031330999918,733.0031330999918,733.1869828999043,None,,,,,,,,,,,,,,,,,,,,,,,P8384,Bar_MIC,11,1,2026-04-09_15h27.42.794,MIC_task,,2026.1.2,60.0367665301919,2026-04-09 15h27.44.539502 +0200,
,,19,0,19,,,,,,,11,b01,orr,nose,2,bodypart,face,7,73,19,35,None,"(-0.1, 0.1)",space,0.0514718999620527,None,,,,,,,,,,,,1,0,1,0,0,25,25,25,19,0,19,0,733.2035585999256,,,,,,,,,,,,,,,,,,,,,,,,,,,,,,,,,,,,,,,,,,,,,,,,,,,,,,,,,,,,,,,,,,,,,,,,,,,,,,,,,,,,,,,,,,,,733.1896333999466,733.2035585999256,733.2035585999256,733.2035585999256,733.2706494999584,space,0.0514718999620527,None,,,,,,,,,,,,,,,,,,,,,P8384,Bar_MIC,11,1,2026-04-09_15h27.42.794,MIC_task,,2026.1.2,60.0367665301919,2026-04-09 15h27.44.539502 +0200,
,,25,25,0,,,,space,0.3805937999859452,None,11,b01,orr,nose,2,bodypart,face,7,73,19,35,None,"(-0.1, 0.1)",,,,,,,,,,,,,,,1,0,1,0,0,25,25,25,,,,,,,,,,,,,,,,,,,,,,,,,,,,,,,,,,,,,,,,,,,,,,,,,,,,,,,,,,,,,,,,,,,,,,,,,,,,,,,,,733.3328168999869,733.3381777999457,733.3364222665705,735.2736301999539,,,,,,737.2769982999889,737.2934953999938,737.2934953999938,737.6785434999038,,,,,,,,,,,,735.3034275999526,735.3090425999835,735.3068407332835,737.2096976999892,737.2769516999833,space,0.3805937999859452,None,,,,,,,,,,,,,P8384,Bar_MIC,11,1,2026-04-09_15h27.42.794,MIC_task,,2026.1.2,60.0367665301919,2026-04-09 15h27.44.539502 +0200,
,,0,0,0,,,,,,,11,ty16,mágnes,magnet,9,toys,gadget,5.6,6,None,73,None,"(0.1, 0.1)",None,,,,,,,,,,,,,,1,0,1,0,0,26,26,26,0,0,0,0,737.6932684999192,,,,,,,,,,,,,,,,,,,,,,,,,,,,,,,,,,,,,,,,,,,,,,,,,,,,,,,,,,,,,,,,,,,,,,,,,,,,,,,,,,,,,,,,,,,,737.6822383999825,737.6932684999192,737.6932684999192,737.6932684999192,737.877622299944,None,,,,,,,,,,,737.89363029995,737.89363029995,737.89363029995,,,,,,,,,,P8384,Bar_MIC,11,1,2026-04-09_15h27.42.794,MIC_task,,2026.1.2,60.0367665301919,2026-04-09 15h27.44.539502 +0200,
,,0,0,0,,,,,,,11,ty16,mágnes,magnet,9,toys,gadget,5.6,6,None,73,None,"(0.1, 0.1)",None,,,,,,,,,,,,,,1,0,1,0,0,26,26,26,0,0,0,0,737.89363029995,,,,,,,,,,,,,,,,,,,,,,,,,,,,,,,,,,,,,,,,,,,,,,,,,,,,,,,,,,,,,,,,,,,,,,,,,,,,,,,,,,,,,,,,,,,,737.8805734999478,737.89363029995,737.89363029995,737.89363029995,738.0778602999635,None,,,,,,,,,,,738.09404789994,738.09404789994,738.09404789994,,,,,,,,,,P8384,Bar_MIC,11,1,2026-04-09_15h27.42.794,MIC_task,,2026.1.2,60.0367665301919,2026-04-09 15h27.44.539502 +0200,
,,1,0,1,,,,,,,11,ty16,mágnes,magnet,9,toys,gadget,5.6,6,None,73,None,"(0.1, 0.1)",None,,,,,,,,,,,,,,1,0,1,0,0,26,26,26,1,0,1,0,738.09404789994,,,,,,,,,,,,,,,,,,,,,,,,,,,,,,,,,,,,,,,,,,,,,,,,,,,,,,,,,,,,,,,,,,,,,,,,,,,,,,,,,,,,,,,,,,,,738.0812314999057,738.09404789994,738.09404789994,738.09404789994,738.278183599934,None,,,,,,,,,,,738.2944325999124,738.2944325999124,738.2944325999124,,,,,,,,,,P8384,Bar_MIC,11,1,2026-04-09_15h27.42.794,MIC_task,,2026.1.2,60.0367665301919,2026-04-09 15h27.44.539502 +0200,
,,2,0,2,,,,,,,11,ty16,mágnes,magnet,9,toys,gadget,5.6,6,None,73,None,"(0.1, 0.1)",None,,,,,,,,,,,,,,1,0,1,0,0,26,26,26,2,0,2,0,738.2944325999124,,,,,,,,,,,,,,,,,,,,,,,,,,,,,,,,,,,,,,,,,,,,,,,,,,,,,,,,,,,,,,,,,,,,,,,,,,,,,,,,,,,,,,,,,,,,738.2810954999877,738.2944325999124,738.2944325999124,738.2944325999124,738.4785967000062,None,,,,,,,,,,,738.4948203999083,738.4948203999083,738.4948203999083,,,,,,,,,,P8384,Bar_MIC,11,1,2026-04-09_15h27.42.794,MIC_task,,2026.1.2,60.0367665301919,2026-04-09 15h27.44.539502 +0200,
,,3,0,3,,,,,,,11,ty16,mágnes,magnet,9,toys,gadget,5.6,6,None,73,None,"(0.1, 0.1)",None,,,,,,,,,,,,,,1,0,1,0,0,26,26,26,3,0,3,0,738.4948203999083,,,,,,,,,,,,,,,,,,,,,,,,,,,,,,,,,,,,,,,,,,,,,,,,,,,,,,,,,,,,,,,,,,,,,,,,,,,,,,,,,,,,,,,,,,,,738.4812168999342,738.4948203999083,738.4948203999083,738.4948203999083,738.6786909999792,None,,,,,,,,,,,,,,,,,,,,,,,P8384,Bar_MIC,11,1,2026-04-09_15h27.42.794,MIC_task,,2026.1.2,60.0367665301919,2026-04-09 15h27.44.539502 +0200,
,,4,0,4,,,,,,,11,ty16,mágnes,magnet,9,toys,gadget,5.6,6,None,73,None,"(0.1, 0.1)",None,,,,,,,,,,,,,,1,0,1,0,0,26,26,26,4,0,4,0,738.6951404999709,,,,,,,,,,,,,,,,,,,,,,,,,,,,,,,,,,,,,,,,,,,,,,,,,,,,,,,,,,,,,,,,,,,,,,,,,,,,,,,,,,,,,,,,,,,,738.6820667999564,738.6951404999709,738.6951404999709,738.6951404999709,738.8790258999215,None,,,,,,,,,,,,,,,,,,,,,,,P8384,Bar_MIC,11,1,2026-04-09_15h27.42.794,MIC_task,,2026.1.2,60.0367665301919,2026-04-09 15h27.44.539502 +0200,
,,5,0,5,,,,,,,11,ty16,mágnes,magnet,9,toys,gadget,5.6,6,None,73,None,"(0.1, 0.1)",None,,,,,,,,,,,,,,1,0,1,0,0,26,26,26,5,0,5,0,738.8953884999501,,,,,,,,,,,,,,,,,,,,,,,,,,,,,,,,,,,,,,,,,,,,,,,,,,,,,,,,,,,,,,,,,,,,,,,,,,,,,,,,,,,,,,,,,,,,738.8824451999972,738.8953884999501,738.8953884999501,738.8953884999501,739.0794786999468,None,,,,,,,,,,,,,,,,,,,,,,,P8384,Bar_MIC,11,1,2026-04-09_15h27.42.794,MIC_task,,2026.1.2,60.0367665301919,2026-04-09 15h27.44.539502 +0200,
,,6,0,6,,,,,,,11,ty16,mágnes,magnet,9,toys,gadget,5.6,6,None,73,None,"(0.1, 0.1)",None,,,,,,,,,,,,,,1,0,1,0,0,26,26,26,6,0,6,0,739.0959042999893,,,,,,,,,,,,,,,,,,,,,,,,,,,,,,,,,,,,,,,,,,,,,,,,,,,,,,,,,,,,,,,,,,,,,,,,,,,,,,,,,,,,,,,,,,,,739.0824717999203,739.0959042999893,739.0959042999893,739.0959042999893,739.2799416999333,None,,,,,,,,,,,,,,,,,,,,,,,P8384,Bar_MIC,11,1,2026-04-09_15h27.42.794,MIC_task,,2026.1.2,60.0367665301919,2026-04-09 15h27.44.539502 +0200,
,,7,0,7,,,,,,,11,ty16,mágnes,magnet,9,toys,gadget,5.6,6,None,73,None,"(0.1, 0.1)",None,,,,,,,,,,,,,,1,0,1,0,0,26,26,26,7,0,7,0,739.2954282999272,,,,,,,,,,,,,,,,,,,,,,,,,,,,,,,,,,,,,,,,,,,,,,,,,,,,,,,,,,,,,,,,,,,,,,,,,,,,,,,,,,,,,,,,,,,,739.283040799899,739.2954282999272,739.2954282999272,739.2954282999272,739.4802780000027,None,,,,,,,,,,,,,,,,,,,,,,,P8384,Bar_MIC,11,1,2026-04-09_15h27.42.794,MIC_task,,2026.1.2,60.0367665301919,2026-04-09 15h27.44.539502 +0200,
,,8,0,8,,,,,,,11,ty16,mágnes,magnet,9,toys,gadget,5.6,6,None,73,None,"(0.1, 0.1)",None,,,,,,,,,,,,,,1,0,1,0,0,26,26,26,8,0,8,0,739.4965268999804,,,,,,,,,,,,,,,,,,,,,,,,,,,,,,,,,,,,,,,,,,,,,,,,,,,,,,,,,,,,,,,,,,,,,,,,,,,,,,,,,,,,,,,,,,,,739.4835241999244,739.4965268999804,739.4965268999804,739.4965268999804,739.6809121998958,None,,,,,,,,,,,,,,,,,,,,,,,P8384,Bar_MIC,11,1,2026-04-09_15h27.42.794,MIC_task,,2026.1.2,60.0367665301919,2026-04-09 15h27.44.539502 +0200,
,,9,0,9,,,,,,,11,ty16,mágnes,magnet,9,toys,gadget,5.6,6,None,73,None,"(0.1, 0.1)",None,,,,,,,,,,,,,,1,0,1,0,0,26,26,26,9,0,9,0,739.6961692000041,,,,,,,,,,,,,,,,,,,,,,,,,,,,,,,,,,,,,,,,,,,,,,,,,,,,,,,,,,,,,,,,,,,,,,,,,,,,,,,,,,,,,,,,,,,,739.6842254999792,739.6961692000041,739.6961692000041,739.6961692000041,739.881093999953,None,,,,,,,,,,,,,,,,,,,,,,,P8384,Bar_MIC,11,1,2026-04-09_15h27.42.794,MIC_task,,2026.1.2,60.0367665301919,2026-04-09 15h27.44.539502 +0200,
,,10,0,10,,,,,,,11,ty16,mágnes,magnet,9,toys,gadget,5.6,6,None,73,None,"(0.1, 0.1)",None,,,,,,,,,,,,,,1,0,1,0,0,26,26,26,10,0,10,0,739.8965228999732,,,,,,,,,,,,,,,,,,,,,,,,,,,,,,,,,,,,,,,,,,,,,,,,,,,,,,,,,,,,,,,,,,,,,,,,,,,,,,,,,,,,,,,,,,,,739.8844145999756,739.8965228999732,739.8965228999732,739.8965228999732,740.0815044000046,None,,,,,,,,,,,,,,,,,,,,,,,P8384,Bar_MIC,11,1,2026-04-09_15h27.42.794,MIC_task,,2026.1.2,60.0367665301919,2026-04-09 15h27.44.539502 +0200,
,,11,0,11,,,,,,,11,ty16,mágnes,magnet,9,toys,gadget,5.6,6,None,73,None,"(0.1, 0.1)",None,,,,,,,,,,,,,,1,0,1,0,0,26,26,26,11,0,11,0,740.096992299892,,,,,,,,,,,,,,,,,,,,,,,,,,,,,,,,,,,,,,,,,,,,,,,,,,,,,,,,,,,,,,,,,,,,,,,,,,,,,,,,,,,,,,,,,,,,740.0847970999312,740.096992299892,740.096992299892,740.096992299892,740.2807847999502,None,,,,,,,,,,,,,,,,,,,,,,,P8384,Bar_MIC,11,1,2026-04-09_15h27.42.794,MIC_task,,2026.1.2,60.0367665301919,2026-04-09 15h27.44.539502 +0200,
,,12,0,12,,,,,,,11,ty16,mágnes,magnet,9,toys,gadget,5.6,6,None,73,None,"(0.1, 0.1)",None,,,,,,,,,,,,,,1,0,1,0,0,26,26,26,12,0,12,0,740.2973572999472,,,,,,,,,,,,,,,,,,,,,,,,,,,,,,,,,,,,,,,,,,,,,,,,,,,,,,,,,,,,,,,,,,,,,,,,,,,,,,,,,,,,,,,,,,,,740.2837752999039,740.2973572999472,740.2973572999472,740.2973572999472,740.4823406999931,None,,,,,,,,,,,,,,,,,,,,,,,P8384,Bar_MIC,11,1,2026-04-09_15h27.42.794,MIC_task,,2026.1.2,60.0367665301919,2026-04-09 15h27.44.539502 +0200,
,,13,0,13,,,,,,,11,ty16,mágnes,magnet,9,toys,gadget,5.6,6,None,73,None,"(0.1, 0.1)",None,,,,,,,,,,,,,,1,0,1,0,0,26,26,26,13,0,13,0,740.4977477999637,,,,,,,,,,,,,,,,,,,,,,,,,,,,,,,,,,,,,,,,,,,,,,,,,,,,,,,,,,,,,,,,,,,,,,,,,,,,,,,,,,,,,,,,,,,,740.4854427999817,740.4977477999637,740.4977477999637,740.4977477999637,740.6814793999074,None,,,,,,,,,,,,,,,,,,,,,,,P8384,Bar_MIC,11,1,2026-04-09_15h27.42.794,MIC_task,,2026.1.2,60.0367665301919,2026-04-09 15h27.44.539502 +0200,
,,14,0,14,,,,,,,11,ty16,mágnes,magnet,9,toys,gadget,5.6,6,None,73,None,"(0.1, 0.1)",None,,,,,,,,,,,,,,1,0,1,0,0,26,26,26,14,0,14,0,740.6981201999588,,,,,,,,,,,,,,,,,,,,,,,,,,,,,,,,,,,,,,,,,,,,,,,,,,,,,,,,,,,,,,,,,,,,,,,,,,,,,,,,,,,,,,,,,,,,740.6846589999041,740.6981201999588,740.6981201999588,740.6981201999588,740.8821535999887,None,,,,,,,,,,,,,,,,,,,,,,,P8384,Bar_MIC,11,1,2026-04-09_15h27.42.794,MIC_task,,2026.1.2,60.0367665301919,2026-04-09 15h27.44.539502 +0200,
,,15,0,15,,,,,,,11,ty16,mágnes,magnet,9,toys,gadget,5.6,6,None,73,None,"(0.1, 0.1)",None,,,,,,,,,,,,,,1,0,1,0,0,26,26,26,15,0,15,0,740.8985212999396,,,,,,,,,,,,,,,,,,,,,,,,,,,,,,,,,,,,,,,,,,,,,,,,,,,,,,,,,,,,,,,,,,,,,,,,,,,,,,,,,,,,,,,,,,,,740.8850189999212,740.8985212999396,740.8985212999396,740.8985212999396,741.0823743999936,None,,,,,,,,,,,,,,,,,,,,,,,P8384,Bar_MIC,11,1,2026-04-09_15h27.42.794,MIC_task,,2026.1.2,60.0367665301919,2026-04-09 15h27.44.539502 +0200,
,,16,0,16,,,,,,,11,ty16,mágnes,magnet,9,toys,gadget,5.6,6,None,73,None,"(0.1, 0.1)",None,,,,,,,,,,,,,,1,0,1,0,0,26,26,26,16,0,16,0,741.0989409999456,,,,,,,,,,,,,,,,,,,,,,,,,,,,,,,,,,,,,,,,,,,,,,,,,,,,,,,,,,,,,,,,,,,,,,,,,,,,,,,,,,,,,,,,,,,,741.0853809999535,741.0989409999456,741.0989409999456,741.0989409999456,741.2829139999812,None,,,,,,,,,,,,,,,,,,,,,,,P8384,Bar_MIC,11,1,2026-04-09_15h27.42.794,MIC_task,,2026.1.2,60.0367665301919,2026-04-09 15h27.44.539502 +0200,
,,17,0,17,,,,,,,11,ty16,mágnes,magnet,9,toys,gadget,5.6,6,None,73,None,"(0.1, 0.1)",None,,,,,,,,,,,,,,1,0,1,0,0,26,26,26,17,0,17,0,741.2992988999467,,,,,,,,,,,,,,,,,,,,,,,,,,,,,,,,,,,,,,,,,,,,,,,,,,,,,,,,,,,,,,,,,,,,,,,,,,,,,,,,,,,,,,,,,,,,741.2861827999586,741.2992988999467,741.2992988999467,741.2992988999467,741.4832419999875,None,,,,,,,,,,,,,,,,,,,,,,,P8384,Bar_MIC,11,1,2026-04-09_15h27.42.794,MIC_task,,2026.1.2,60.0367665301919,2026-04-09 15h27.44.539502 +0200,
,,18,0,18,,,,,,,11,ty16,mágnes,magnet,9,toys,gadget,5.6,6,None,73,None,"(0.1, 0.1)",None,,,,,,,,,,,,,,1,0,1,0,0,26,26,26,18,0,18,0,741.4995553999906,,,,,,,,,,,,,,,,,,,,,,,,,,,,,,,,,,,,,,,,,,,,,,,,,,,,,,,,,,,,,,,,,,,,,,,,,,,,,,,,,,,,,,,,,,,,741.4863209999166,741.4995553999906,741.4995553999906,741.4995553999906,741.6836698999396,None,,,,,,,,,,,,,,,,,,,,,,,P8384,Bar_MIC,11,1,2026-04-09_15h27.42.794,MIC_task,,2026.1.2,60.0367665301919,2026-04-09 15h27.44.539502 +0200,
,,19,0,19,,,,,,,11,ty16,mágnes,magnet,9,toys,gadget,5.6,6,None,73,None,"(0.1, 0.1)",None,,,,,,,,,,,,,,1,0,1,0,0,26,26,26,19,0,19,0,741.6991640999913,,,,,,,,,,,,,,,,,,,,,,,,,,,,,,,,,,,,,,,,,,,,,,,,,,,,,,,,,,,,,,,,,,,,,,,,,,,,,,,,,,,,,,,,,,,,741.6870364999631,741.6991640999913,741.6991640999913,741.6991640999913,741.8841010999167,None,,,,,,,,,,,,,,,,,,,,,,,P8384,Bar_MIC,11,1,2026-04-09_15h27.42.794,MIC_task,,2026.1.2,60.0367665301919,2026-04-09 15h27.44.539502 +0200,
,,20,0,20,,,,,,,11,ty16,mágnes,magnet,9,toys,gadget,5.6,6,None,73,None,"(0.1, 0.1)",None,,,,,,,,,,,,,,1,0,1,0,0,26,26,26,20,0,20,0,741.8995934999548,,,,,,,,,,,,,,,,,,,,,,,,,,,,,,,,,,,,,,,,,,,,,,,,,,,,,,,,,,,,,,,,,,,,,,,,,,,,,,,,,,,,,,,,,,,,741.8870815999107,741.8995934999548,741.8995934999548,741.8995934999548,742.0845601999899,None,,,,,,,,,,,,,,,,,,,,,,,P8384,Bar_MIC,11,1,2026-04-09_15h27.42.794,MIC_task,,2026.1.2,60.0367665301919,2026-04-09 15h27.44.539502 +0200,
,,21,0,21,,,,,,,11,ty16,mágnes,magnet,9,toys,gadget,5.6,6,None,73,None,"(0.1, 0.1)",None,,,,,,,,,,,,,,1,0,1,0,0,26,26,26,21,0,21,0,742.0999895998975,,,,,,,,,,,,,,,,,,,,,,,,,,,,,,,,,,,,,,,,,,,,,,,,,,,,,,,,,,,,,,,,,,,,,,,,,,,,,,,,,,,,,,,,,,,,742.0878846999258,742.0999895998975,742.0999895998975,742.0999895998975,742.2850080999779,None,,,,,,,,,,,,,,,,,,,,,,,P8384,Bar_MIC,11,1,2026-04-09_15h27.42.794,MIC_task,,2026.1.2,60.0367665301919,2026-04-09 15h27.44.539502 +0200,
,,22,0,22,,,,,,,11,ty16,mágnes,magnet,9,toys,gadget,5.6,6,None,73,None,"(0.1, 0.1)",None,,,,,,,,,,,,,,1,0,1,0,0,26,26,26,22,0,22,0,742.3003515999299,,,,,,,,,,,,,,,,,,,,,,,,,,,,,,,,,,,,,,,,,,,,,,,,,,,,,,,,,,,,,,,,,,,,,,,,,,,,,,,,,,,,,,,,,,,,742.2882237999002,742.3003515999299,742.3003515999299,742.3003515999299,742.4852360999212,None,,,,,,,,,,,,,,,,,,,,,,,P8384,Bar_MIC,11,1,2026-04-09_15h27.42.794,MIC_task,,2026.1.2,60.0367665301919,2026-04-09 15h27.44.539502 +0200,
,,23,0,23,,,,,,,11,ty16,mágnes,magnet,9,toys,gadget,5.6,6,None,73,None,"(0.1, 0.1)",None,,,,,,,,,,,,,,1,0,1,0,0,26,26,26,23,0,23,0,742.5007240999257,,,,,,,,,,,,,,,,,,,,,,,,,,,,,,,,,,,,,,,,,,,,,,,,,,,,,,,,,,,,,,,,,,,,,,,,,,,,,,,,,,,,,,,,,,,,742.4884541999782,742.5007240999257,742.5007240999257,742.5007240999257,742.684527299949,None,,,,,,,,,,,,,,,,,,,,,,,P8384,Bar_MIC,11,1,2026-04-09_15h27.42.794,MIC_task,,2026.1.2,60.0367665301919,2026-04-09 15h27.44.539502 +0200,
,,24,0,24,,,,,,,11,ty16,mágnes,magnet,9,toys,gadget,5.6,6,None,73,None,"(0.1, 0.1)",None,,,,,,,,,,,,,,1,0,1,0,0,26,26,26,24,0,24,0,742.7011591999326,,,,,,,,,,,,,,,,,,,,,,,,,,,,,,,,,,,,,,,,,,,,,,,,,,,,,,,,,,,,,,,,,,,,,,,,,,,,,,,,,,,,,,,,,,,,742.6879044999368,742.7011591999326,742.7011591999326,742.7011591999326,742.8849235998932,None,,,,,,,,,,,,,,,,,,,,,,,P8384,Bar_MIC,11,1,2026-04-09_15h27.42.794,MIC_task,,2026.1.2,60.0367665301919,2026-04-09 15h27.44.539502 +0200,
,,25,0,25,,,,,,,11,ty16,mágnes,magnet,9,toys,gadget,5.6,6,None,73,None,"(0.1, 0.1)",None,,,,,,,,,,,,,,1,0,1,0,0,26,26,26,25,0,25,0,742.9014537999174,,,,,,,,,,,,,,,,,,,,,,,,,,,,,,,,,,,,,,,,,,,,,,,,,,,,,,,,,,,,,,,,,,,,,,,,,,,,,,,,,,,,,,,,,,,,742.8881481999997,742.9014537999174,742.9014537999174,742.9014537999174,743.0854534999235,None,,,,,,,,,,,,,,,,,,,,,,,P8384,Bar_MIC,11,1,2026-04-09_15h27.42.794,MIC_task,,2026.1.2,60.0367665301919,2026-04-09 15h27.44.539502 +0200,
,,26,0,26,,,,,,,11,ty16,mágnes,magnet,9,toys,gadget,5.6,6,None,73,None,"(0.1, 0.1)",None,,,,,,,,,,,,,,1,0,1,0,0,26,26,26,26,0,26,0,743.1019640999148,,,,,,,,,,,,,,,,,,,,,,,,,,,,,,,,,,,,,,,,,,,,,,,,,,,,,,,,,,,,,,,,,,,,,,,,,,,,,,,,,,,,,,,,,,,,743.0888756999047,743.1019640999148,743.1019640999148,743.1019640999148,743.2859641999239,None,,,,,,,,,,,,,,,,,,,,,,,P8384,Bar_MIC,11,1,2026-04-09_15h27.42.794,MIC_task,,2026.1.2,60.0367665301919,2026-04-09 15h27.44.539502 +0200,
,,27,0,27,,,,,,,11,ty16,mágnes,magnet,9,toys,gadget,5.6,6,None,73,None,"(0.1, 0.1)",None,,,,,,,,,,,,,,1,0,1,0,0,26,26,26,27,0,27,0,743.3021456999704,,,,,,,,,,,,,,,,,,,,,,,,,,,,,,,,,,,,,,,,,,,,,,,,,,,,,,,,,,,,,,,,,,,,,,,,,,,,,,,,,,,,,,,,,,,,743.2889877998969,743.3021456999704,743.3021456999704,743.3021456999704,743.4862581999041,None,,,,,,,,,,,,,,,,,,,,,,,P8384,Bar_MIC,11,1,2026-04-09_15h27.42.794,MIC_task,,2026.1.2,60.0367665301919,2026-04-09 15h27.44.539502 +0200,
,,28,0,28,,,,,,,11,ty16,mágnes,magnet,9,toys,gadget,5.6,6,None,73,None,"(0.1, 0.1)",None,,,,,,,,,,,,,,1,0,1,0,0,26,26,26,28,0,28,0,743.5025082000066,,,,,,,,,,,,,,,,,,,,,,,,,,,,,,,,,,,,,,,,,,,,,,,,,,,,,,,,,,,,,,,,,,,,,,,,,,,,,,,,,,,,,,,,,,,,743.4894623999717,743.5025082000066,743.5025082000066,743.5025082000066,743.6867176999804,None,,,,,,,,,,,,,,,,,,,,,,,P8384,Bar_MIC,11,1,2026-04-09_15h27.42.794,MIC_task,,2026.1.2,60.0367665301919,2026-04-09 15h27.44.539502 +0200,
,,29,0,29,,,,,,,11,ty16,mágnes,magnet,9,toys,gadget,5.6,6,None,73,None,"(0.1, 0.1)",None,,,,,,,,,,,,,,1,0,1,0,0,26,26,26,29,0,29,0,743.7029228999745,,,,,,,,,,,,,,,,,,,,,,,,,,,,,,,,,,,,,,,,,,,,,,,,,,,,,,,,,,,,,,,,,,,,,,,,,,,,,,,,,,,,,,,,,,,,743.6896445999155,743.7029228999745,743.7029228999745,743.7029228999745,743.8870180998929,None,,,,,,,,,,,,,,,,,,,,,,,P8384,Bar_MIC,11,1,2026-04-09_15h27.42.794,MIC_task,,2026.1.2,60.0367665301919,2026-04-09 15h27.44.539502 +0200,
,,30,0,30,,,,,,,11,ty16,mágnes,magnet,9,toys,gadget,5.6,6,None,73,None,"(0.1, 0.1)",None,,,,,,,,,,,,,,1,0,1,0,0,26,26,26,30,0,30,0,743.9033147000009,,,,,,,,,,,,,,,,,,,,,,,,,,,,,,,,,,,,,,,,,,,,,,,,,,,,,,,,,,,,,,,,,,,,,,,,,,,,,,,,,,,,,,,,,,,,743.8900405999739,743.9033147000009,743.9033147000009,743.9033147000009,744.0874878999311,None,,,,,,,,,,,,,,,,,,,,,,,P8384,Bar_MIC,11,1,2026-04-09_15h27.42.794,MIC_task,,2026.1.2,60.0367665301919,2026-04-09 15h27.44.539502 +0200,
,,31,0,31,,,,,,,11,ty16,mágnes,magnet,9,toys,gadget,5.6,6,None,73,None,"(0.1, 0.1)",None,,,,,,,,,,,,,,1,0,1,0,0,26,26,26,31,0,31,0,744.1036722999997,,,,,,,,,,,,,,,,,,,,,,,,,,,,,,,,,,,,,,,,,,,,,,,,,,,,,,,,,,,,,,,,,,,,,,,,,,,,,,,,,,,,,,,,,,,,744.0905549000017,744.1036722999997,744.1036722999997,744.1036722999997,744.2878250000067,None,,,,,,,,,,,,,,,,,,,,,,,P8384,Bar_MIC,11,1,2026-04-09_15h27.42.794,MIC_task,,2026.1.2,60.0367665301919,2026-04-09 15h27.44.539502 +0200,
,,32,0,32,,,,,,,11,ty16,mágnes,magnet,9,toys,gadget,5.6,6,None,73,None,"(0.1, 0.1)",space,0.10347049997653812,None,,,,,,,,,,,,1,0,1,0,0,26,26,26,32,0,32,0,744.3033185999375,,,,,,,,,,,,,,,,,,,,,,,,,,,,,,,,,,,,,,,,,,,,,,,,,,,,,,,,,,,,,,,,,,,,,,,,,,,,,,,,,,,,,,,,,,,,744.2911358999554,744.3033185999375,744.3033185999375,744.3033185999375,744.4218191999244,space,0.10347049997653812,None,,,,,,,,,,,,,,,,,,,,,P8384,Bar_MIC,11,1,2026-04-09_15h27.42.794,MIC_task,,2026.1.2,60.0367665301919,2026-04-09 15h27.44.539502 +0200,
,,26,26,0,,,,space,0.3990277999546379,None,11,ty16,mágnes,magnet,9,toys,gadget,5.6,6,None,73,None,"(0.1, 0.1)",,,,,,,,,,,,,,,1,0,1,0,0,26,26,26,,,,,,,,,,,,,,,,,,,,,,,,,,,,,,,,,,,,,,,,,,,,,,,,,,,,,,,,,,,,,,,,,,,,,,,,,,,,,,,,,744.4842092999024,744.4904799999204,744.4876031666217,746.4246774999192,,,,,,748.4269486999838,748.4438446999993,748.4438446999993,748.845215999987,,,,,,,,,,,,746.4484043999109,746.4540140999015,746.4579048332603,748.3439302999759,748.4269002999645,space,0.3990277999546379,None,,,,,,,,,,,,,P8384,Bar_MIC,11,1,2026-04-09_15h27.42.794,MIC_task,,2026.1.2,60.0367665301919,2026-04-09 15h27.44.539502 +0200,
,,0,0,0,,,,,,,11,v12,busz,bus,10,vehicles,wheels,6.8,None,None,None,19,"(0, 0)",None,,,,,,,,,,,,,,1,0,1,0,0,27,27,27,0,0,0,0,748.8600548999384,,,,,,,,,,,,,,,,,,,,,,,,,,,,,,,,,,,,,,,,,,,,,,,,,,,,,,,,,,,,,,,,,,,,,,,,,,,,,,,,,,,,,,,,,,,,748.8484482999193,748.8600548999384,748.8600548999384,748.8600548999384,749.045352499932,None,,,,,,,,,,,749.0612170998938,749.0612170998938,749.0612170998938,,,,,,,,,,P8384,Bar_MIC,11,1,2026-04-09_15h27.42.794,MIC_task,,2026.1.2,60.0367665301919,2026-04-09 15h27.44.539502 +0200,
,,0,0,0,,,,,,,11,v12,busz,bus,10,vehicles,wheels,6.8,None,None,None,19,"(0, 0)",None,,,,,,,,,,,,,,1,0,1,0,0,27,27,27,0,0,0,0,749.0612170998938,,,,,,,,,,,,,,,,,,,,,,,,,,,,,,,,,,,,,,,,,,,,,,,,,,,,,,,,,,,,,,,,,,,,,,,,,,,,,,,,,,,,,,,,,,,,749.0484441999579,749.0612170998938,749.0612170998938,749.0612170998938,749.2446390999248,None,,,,,,,,,,,749.2608031999553,749.2608031999553,749.2608031999553,,,,,,,,,,P8384,Bar_MIC,11,1,2026-04-09_15h27.42.794,MIC_task,,2026.1.2,60.0367665301919,2026-04-09 15h27.44.539502 +0200,
,,1,0,1,,,,,,,11,v12,busz,bus,10,vehicles,wheels,6.8,None,None,None,19,"(0, 0)",None,,,,,,,,,,,,,,1,0,1,0,0,27,27,27,1,0,1,0,749.2608031999553,,,,,,,,,,,,,,,,,,,,,,,,,,,,,,,,,,,,,,,,,,,,,,,,,,,,,,,,,,,,,,,,,,,,,,,,,,,,,,,,,,,,,,,,,,,,749.2477178999688,749.2608031999553,749.2608031999553,749.2608031999553,749.4458088999381,None,,,,,,,,,,,,,,,,,,,,,,,P8384,Bar_MIC,11,1,2026-04-09_15h27.42.794,MIC_task,,2026.1.2,60.0367665301919,2026-04-09 15h27.44.539502 +0200,
,,2,0,2,,,,,,,11,v12,busz,bus,10,vehicles,wheels,6.8,None,None,None,19,"(0, 0)",None,,,,,,,,,,,,,,1,0,1,0,0,27,27,27,2,0,2,0,749.4612278999994,,,,,,,,,,,,,,,,,,,,,,,,,,,,,,,,,,,,,,,,,,,,,,,,,,,,,,,,,,,,,,,,,,,,,,,,,,,,,,,,,,,,,,,,,,,,749.4491490999935,749.4612278999994,749.4612278999994,749.4612278999994,749.6462188999867,None,,,,,,,,,,,,,,,,,,,,,,,P8384,Bar_MIC,11,1,2026-04-09_15h27.42.794,MIC_task,,2026.1.2,60.0367665301919,2026-04-09 15h27.44.539502 +0200,
,,3,0,3,,,,,,,11,v12,busz,bus,10,vehicles,wheels,6.8,None,None,None,19,"(0, 0)",None,,,,,,,,,,,,,,1,0,1,0,0,27,27,27,3,0,3,0,749.6616364999209,,,,,,,,,,,,,,,,,,,,,,,,,,,,,,,,,,,,,,,,,,,,,,,,,,,,,,,,,,,,,,,,,,,,,,,,,,,,,,,,,,,,,,,,,,,,749.6495667999843,749.6616364999209,749.6616364999209,749.6616364999209,749.84655259992,None,,,,,,,,,,,,,,,,,,,,,,,P8384,Bar_MIC,11,1,2026-04-09_15h27.42.794,MIC_task,,2026.1.2,60.0367665301919,2026-04-09 15h27.44.539502 +0200,
,,4,0,4,,,,,,,11,v12,busz,bus,10,vehicles,wheels,6.8,None,None,None,19,"(0, 0)",None,,,,,,,,,,,,,,1,0,1,0,0,27,27,27,4,0,4,0,749.8619702999713,,,,,,,,,,,,,,,,,,,,,,,,,,,,,,,,,,,,,,,,,,,,,,,,,,,,,,,,,,,,,,,,,,,,,,,,,,,,,,,,,,,,,,,,,,,,749.8498910999624,749.8619702999713,749.8619702999713,749.8619702999713,750.0458533999044,None,,,,,,,,,,,,,,,,,,,,,,,P8384,Bar_MIC,11,1,2026-04-09_15h27.42.794,MIC_task,,2026.1.2,60.0367665301919,2026-04-09 15h27.44.539502 +0200,
,,5,0,5,,,,,,,11,v12,busz,bus,10,vehicles,wheels,6.8,None,None,None,19,"(0, 0)",None,,,,,,,,,,,,,,1,0,1,0,0,27,27,27,5,0,5,0,750.062414099928,,,,,,,,,,,,,,,,,,,,,,,,,,,,,,,,,,,,,,,,,,,,,,,,,,,,,,,,,,,,,,,,,,,,,,,,,,,,,,,,,,,,,,,,,,,,750.0491748999339,750.062414099928,750.062414099928,750.062414099928,750.2461886999663,None,,,,,,,,,,,,,,,,,,,,,,,P8384,Bar_MIC,11,1,2026-04-09_15h27.42.794,MIC_task,,2026.1.2,60.0367665301919,2026-04-09 15h27.44.539502 +0200,
,,6,0,6,,,,,,,11,v12,busz,bus,10,vehicles,wheels,6.8,None,None,None,19,"(0, 0)",None,,,,,,,,,,,,,,1,0,1,0,0,27,27,27,6,0,6,0,750.2627290999517,,,,,,,,,,,,,,,,,,,,,,,,,,,,,,,,,,,,,,,,,,,,,,,,,,,,,,,,,,,,,,,,,,,,,,,,,,,,,,,,,,,,,,,,,,,,750.2492588999448,750.2627290999517,750.2627290999517,750.2627290999517,750.4465781999752,None,,,,,,,,,,,,,,,,,,,,,,,P8384,Bar_MIC,11,1,2026-04-09_15h27.42.794,MIC_task,,2026.1.2,60.0367665301919,2026-04-09 15h27.44.539502 +0200,
,,7,0,7,,,,,,,11,v12,busz,bus,10,vehicles,wheels,6.8,None,None,None,19,"(0, 0)",None,,,,,,,,,,,,,,1,0,1,0,0,27,27,27,7,0,7,0,750.4630630000029,,,,,,,,,,,,,,,,,,,,,,,,,,,,,,,,,,,,,,,,,,,,,,,,,,,,,,,,,,,,,,,,,,,,,,,,,,,,,,,,,,,,,,,,,,,,750.4498060999904,750.4630630000029,750.4630630000029,750.4630630000029,750.6470558999572,None,,,,,,,,,,,,,,,,,,,,,,,P8384,Bar_MIC,11,1,2026-04-09_15h27.42.794,MIC_task,,2026.1.2,60.0367665301919,2026-04-09 15h27.44.539502 +0200,
,,8,0,8,,,,,,,11,v12,busz,bus,10,vehicles,wheels,6.8,None,None,None,19,"(0, 0)",None,,,,,,,,,,,,,,1,0,1,0,0,27,27,27,8,0,8,0,750.6633403999731,,,,,,,,,,,,,,,,,,,,,,,,,,,,,,,,,,,,,,,,,,,,,,,,,,,,,,,,,,,,,,,,,,,,,,,,,,,,,,,,,,,,,,,,,,,,750.650078699924,750.6633403999731,750.6633403999731,750.6633403999731,750.8478140999796,None,,,,,,,,,,,,,,,,,,,,,,,P8384,Bar_MIC,11,1,2026-04-09_15h27.42.794,MIC_task,,2026.1.2,60.0367665301919,2026-04-09 15h27.44.539502 +0200,
,,9,0,9,,,,,,,11,v12,busz,bus,10,vehicles,wheels,6.8,None,None,None,19,"(0, 0)",None,,,,,,,,,,,,,,1,0,1,0,0,27,27,27,9,0,9,0,750.8637552999426,,,,,,,,,,,,,,,,,,,,,,,,,,,,,,,,,,,,,,,,,,,,,,,,,,,,,,,,,,,,,,,,,,,,,,,,,,,,,,,,,,,,,,,,,,,,750.851073400001,750.8637552999426,750.8637552999426,750.8637552999426,751.0480498999823,None,,,,,,,,,,,,,,,,,,,,,,,P8384,Bar_MIC,11,1,2026-04-09_15h27.42.794,MIC_task,,2026.1.2,60.0367665301919,2026-04-09 15h27.44.539502 +0200,
,,10,0,10,,,,,,,11,v12,busz,bus,10,vehicles,wheels,6.8,None,None,None,19,"(0, 0)",None,,,,,,,,,,,,,,1,0,1,0,0,27,27,27,10,0,10,0,751.0641916999593,,,,,,,,,,,,,,,,,,,,,,,,,,,,,,,,,,,,,,,,,,,,,,,,,,,,,,,,,,,,,,,,,,,,,,,,,,,,,,,,,,,,,,,,,,,,751.0514297999907,751.0641916999593,751.0641916999593,751.0641916999593,751.2483099999372,None,,,,,,,,,,,,,,,,,,,,,,,P8384,Bar_MIC,11,1,2026-04-09_15h27.42.794,MIC_task,,2026.1.2,60.0367665301919,2026-04-09 15h27.44.539502 +0200,
,,11,0,11,,,,,,,11,v12,busz,bus,10,vehicles,wheels,6.8,None,None,None,19,"(0, 0)",None,,,,,,,,,,,,,,1,0,1,0,0,27,27,27,11,0,11,0,751.2645542999962,,,,,,,,,,,,,,,,,,,,,,,,,,,,,,,,,,,,,,,,,,,,,,,,,,,,,,,,,,,,,,,,,,,,,,,,,,,,,,,,,,,,,,,,,,,,751.2513916000025,751.2645542999962,751.2645542999962,751.2645542999962,751.4487369999988,None,,,,,,,,,,,,,,,,,,,,,,,P8384,Bar_MIC,11,1,2026-04-09_15h27.42.794,MIC_task,,2026.1.2,60.0367665301919,2026-04-09 15h27.44.539502 +0200,
,,12,0,12,,,,,,,11,v12,busz,bus,10,vehicles,wheels,6.8,None,None,None,19,"(0, 0)",None,,,,,,,,,,,,,,1,0,1,0,0,27,27,27,12,0,12,0,751.4649206999457,,,,,,,,,,,,,,,,,,,,,,,,,,,,,,,,,,,,,,,,,,,,,,,,,,,,,,,,,,,,,,,,,,,,,,,,,,,,,,,,,,,,,,,,,,,,751.4520620999392,751.4649206999457,751.4649206999457,751.4649206999457,751.6490421999479,None,,,,,,,,,,,,,,,,,,,,,,,P8384,Bar_MIC,11,1,2026-04-09_15h27.42.794,MIC_task,,2026.1.2,60.0367665301919,2026-04-09 15h27.44.539502 +0200,
,,13,0,13,,,,,,,11,v12,busz,bus,10,vehicles,wheels,6.8,None,None,None,19,"(0, 0)",None,,,,,,,,,,,,,,1,0,1,0,0,27,27,27,13,0,13,0,751.6645701999078,,,,,,,,,,,,,,,,,,,,,,,,,,,,,,,,,,,,,,,,,,,,,,,,,,,,,,,,,,,,,,,,,,,,,,,,,,,,,,,,,,,,,,,,,,,,751.6525639999891,751.6645701999078,751.6645701999078,751.6645701999078,751.8495695999591,None,,,,,,,,,,,,,,,,,,,,,,,P8384,Bar_MIC,11,1,2026-04-09_15h27.42.794,MIC_task,,2026.1.2,60.0367665301919,2026-04-09 15h27.44.539502 +0200,
,,14,0,14,,,,,,,11,v12,busz,bus,10,vehicles,wheels,6.8,None,None,None,19,"(0, 0)",None,,,,,,,,,,,,,,1,0,1,0,0,27,27,27,14,0,14,0,751.8649467999348,,,,,,,,,,,,,,,,,,,,,,,,,,,,,,,,,,,,,,,,,,,,,,,,,,,,,,,,,,,,,,,,,,,,,,,,,,,,,,,,,,,,,,,,,,,,751.8530319998972,751.8649467999348,751.8649467999348,751.8649467999348,752.0498396999901,None,,,,,,,,,,,,,,,,,,,,,,,P8384,Bar_MIC,11,1,2026-04-09_15h27.42.794,MIC_task,,2026.1.2,60.0367665301919,2026-04-09 15h27.44.539502 +0200,
,,15,0,15,,,,,,,11,v12,busz,bus,10,vehicles,wheels,6.8,None,None,None,19,"(0, 0)",None,,,,,,,,,,,,,,1,0,1,0,0,27,27,27,15,0,15,0,752.0653005999047,,,,,,,,,,,,,,,,,,,,,,,,,,,,,,,,,,,,,,,,,,,,,,,,,,,,,,,,,,,,,,,,,,,,,,,,,,,,,,,,,,,,,,,,,,,,752.0530608999543,752.0653005999047,752.0653005999047,752.0653005999047,752.2490683000069,None,,,,,,,,,,,,,,,,,,,,,,,P8384,Bar_MIC,11,1,2026-04-09_15h27.42.794,MIC_task,,2026.1.2,60.0367665301919,2026-04-09 15h27.44.539502 +0200,
,,16,0,16,,,,,,,11,v12,busz,bus,10,vehicles,wheels,6.8,None,None,None,19,"(0, 0)",None,,,,,,,,,,,,,,1,0,1,0,0,27,27,27,16,0,16,0,752.265724799945,,,,,,,,,,,,,,,,,,,,,,,,,,,,,,,,,,,,,,,,,,,,,,,,,,,,,,,,,,,,,,,,,,,,,,,,,,,,,,,,,,,,,,,,,,,,752.2524534999393,752.265724799945,752.265724799945,752.265724799945,752.4494320999365,None,,,,,,,,,,,,,,,,,,,,,,,P8384,Bar_MIC,11,1,2026-04-09_15h27.42.794,MIC_task,,2026.1.2,60.0367665301919,2026-04-09 15h27.44.539502 +0200,
,,17,0,17,,,,,,,11,v12,busz,bus,10,vehicles,wheels,6.8,None,None,None,19,"(0, 0)",space,0.022271000081673265,None,,,,,,,,,,,,1,0,1,0,0,27,27,27,17,0,17,0,752.4661018999759,,,,,,,,,,,,,,,,,,,,,,,,,,,,,,,,,,,,,,,,,,,,,,,,,,,,,,,,,,,,,,,,,,,,,,,,,,,,,,,,,,,,,,,,,,,,752.4525357999373,752.4661018999759,752.4661018999759,752.4661018999759,752.5007981999079,space,0.022271000081673265,None,,,,,,,,,,,,,,,,,,,,,P8384,Bar_MIC,11,1,2026-04-09_15h27.42.794,MIC_task,,2026.1.2,60.0367665301919,2026-04-09 15h27.44.539502 +0200,
,,27,27,0,,,,space,0.21585010003764182,None,11,v12,busz,bus,10,vehicles,wheels,6.8,None,None,None,19,"(0, 0)",,,,,,,,,,,,,,,1,0,1,0,0,27,27,27,,,,,,,,,,,,,,,,,,,,,,,,,,,,,,,,,,,,,,,,,,,,,,,,,,,,,,,,,,,,,,,,,,,,,,,,,,,,,,,,,752.56178489991,752.5671338998945,752.5665973666046,754.5027448999463,,,,,,756.5058501999592,756.5225641999859,756.5225641999859,756.7405417999253,,,,,,,,,,,,754.5270807999186,754.5318421999691,754.5359495332309,756.4225022000028,756.5058097000001,space,0.21585010003764182,None,,,,,,,,,,,,,P8384,Bar_MIC,11,1,2026-04-09_15h27.42.794,MIC_task,,2026.1.2,60.0367665301919,2026-04-09 15h27.44.539502 +0200,
,,0,0,0,,,,,,,11,p17,orvos,doctor,6,people,professions,7,843,None,104,None,"(0.1, -0.1)",None,,,,,,,,,,,,,,1,0,1,0,0,28,28,28,0,0,0,0,756.7561922000023,,,,,,,,,,,,,,,,,,,,,,,,,,,,,,,,,,,,,,,,,,,,,,,,,,,,,,,,,,,,,,,,,,,,,,,,,,,,,,,,,,,,,,,,,,,,756.7436795999529,756.7561922000023,756.7561922000023,756.7561922000023,756.9407272998942,None,,,,,,,,,,,756.955760999932,756.955760999932,756.955760999932,,,,,,,,,,P8384,Bar_MIC,11,1,2026-04-09_15h27.42.794,MIC_task,,2026.1.2,60.0367665301919,2026-04-09 15h27.44.539502 +0200,
,,0,0,0,,,,,,,11,p17,orvos,doctor,6,people,professions,7,843,None,104,None,"(0.1, -0.1)",None,,,,,,,,,,,,,,1,0,1,0,0,28,28,28,0,0,0,0,756.955760999932,,,,,,,,,,,,,,,,,,,,,,,,,,,,,,,,,,,,,,,,,,,,,,,,,,,,,,,,,,,,,,,,,,,,,,,,,,,,,,,,,,,,,,,,,,,,756.9437133999309,756.955760999932,756.955760999932,756.955760999932,757.1409959999146,None,,,,,,,,,,,757.1561498999363,757.1561498999363,757.1561498999363,,,,,,,,,,P8384,Bar_MIC,11,1,2026-04-09_15h27.42.794,MIC_task,,2026.1.2,60.0367665301919,2026-04-09 15h27.44.539502 +0200,
,,1,0,1,,,,,,,11,p17,orvos,doctor,6,people,professions,7,843,None,104,None,"(0.1, -0.1)",None,,,,,,,,,,,,,,1,0,1,0,0,28,28,28,1,0,1,0,757.1561498999363,,,,,,,,,,,,,,,,,,,,,,,,,,,,,,,,,,,,,,,,,,,,,,,,,,,,,,,,,,,,,,,,,,,,,,,,,,,,,,,,,,,,,,,,,,,,757.1440986999078,757.1561498999363,757.1561498999363,757.1561498999363,757.3412437998923,None,,,,,,,,,,,,,,,,,,,,,,,P8384,Bar_MIC,11,1,2026-04-09_15h27.42.794,MIC_task,,2026.1.2,60.0367665301919,2026-04-09 15h27.44.539502 +0200,
,,2,0,2,,,,,,,11,p17,orvos,doctor,6,people,professions,7,843,None,104,None,"(0.1, -0.1)",None,,,,,,,,,,,,,,1,0,1,0,0,28,28,28,2,0,2,0,757.3565542999422,,,,,,,,,,,,,,,,,,,,,,,,,,,,,,,,,,,,,,,,,,,,,,,,,,,,,,,,,,,,,,,,,,,,,,,,,,,,,,,,,,,,,,,,,,,,757.3442798999604,757.3565542999422,757.3565542999422,757.3565542999422,757.5415431999136,None,,,,,,,,,,,,,,,,,,,,,,,P8384,Bar_MIC,11,1,2026-04-09_15h27.42.794,MIC_task,,2026.1.2,60.0367665301919,2026-04-09 15h27.44.539502 +0200,
,,3,0,3,,,,,,,11,p17,orvos,doctor,6,people,professions,7,843,None,104,None,"(0.1, -0.1)",None,,,,,,,,,,,,,,1,0,1,0,0,28,28,28,3,0,3,0,757.5569167999784,,,,,,,,,,,,,,,,,,,,,,,,,,,,,,,,,,,,,,,,,,,,,,,,,,,,,,,,,,,,,,,,,,,,,,,,,,,,,,,,,,,,,,,,,,,,757.5444540999597,757.5569167999784,757.5569167999784,757.5569167999784,757.7418446999509,None,,,,,,,,,,,,,,,,,,,,,,,P8384,Bar_MIC,11,1,2026-04-09_15h27.42.794,MIC_task,,2026.1.2,60.0367665301919,2026-04-09 15h27.44.539502 +0200,
,,4,0,4,,,,,,,11,p17,orvos,doctor,6,people,professions,7,843,None,104,None,"(0.1, -0.1)",None,,,,,,,,,,,,,,1,0,1,0,0,28,28,28,4,0,4,0,757.7573142999317,,,,,,,,,,,,,,,,,,,,,,,,,,,,,,,,,,,,,,,,,,,,,,,,,,,,,,,,,,,,,,,,,,,,,,,,,,,,,,,,,,,,,,,,,,,,757.7450221999316,757.7573142999317,757.7573142999317,757.7573142999317,757.9424357999815,None,,,,,,,,,,,,,,,,,,,,,,,P8384,Bar_MIC,11,1,2026-04-09_15h27.42.794,MIC_task,,2026.1.2,60.0367665301919,2026-04-09 15h27.44.539502 +0200,
,,5,0,5,,,,,,,11,p17,orvos,doctor,6,people,professions,7,843,None,104,None,"(0.1, -0.1)",None,,,,,,,,,,,,,,1,0,1,0,0,28,28,28,5,0,5,0,757.9577178999316,,,,,,,,,,,,,,,,,,,,,,,,,,,,,,,,,,,,,,,,,,,,,,,,,,,,,,,,,,,,,,,,,,,,,,,,,,,,,,,,,,,,,,,,,,,,757.9458392999368,757.9577178999316,757.9577178999316,757.9577178999316,758.1415436998941,None,,,,,,,,,,,,,,,,,,,,,,,P8384,Bar_MIC,11,1,2026-04-09_15h27.42.794,MIC_task,,2026.1.2,60.0367665301919,2026-04-09 15h27.44.539502 +0200,
,,6,0,6,,,,,,,11,p17,orvos,doctor,6,people,professions,7,843,None,104,None,"(0.1, -0.1)",None,,,,,,,,,,,,,,1,0,1,0,0,28,28,28,6,0,6,0,758.1581145999953,,,,,,,,,,,,,,,,,,,,,,,,,,,,,,,,,,,,,,,,,,,,,,,,,,,,,,,,,,,,,,,,,,,,,,,,,,,,,,,,,,,,,,,,,,,,758.1448881999822,758.1581145999953,758.1581145999953,758.1581145999953,758.3418557998957,None,,,,,,,,,,,,,,,,,,,,,,,P8384,Bar_MIC,11,1,2026-04-09_15h27.42.794,MIC_task,,2026.1.2,60.0367665301919,2026-04-09 15h27.44.539502 +0200,
,,7,0,7,,,,,,,11,p17,orvos,doctor,6,people,professions,7,843,None,104,None,"(0.1, -0.1)",None,,,,,,,,,,,,,,1,0,1,0,0,28,28,28,7,0,7,0,758.3585087999236,,,,,,,,,,,,,,,,,,,,,,,,,,,,,,,,,,,,,,,,,,,,,,,,,,,,,,,,,,,,,,,,,,,,,,,,,,,,,,,,,,,,,,,,,,,,758.3448165999725,758.3585087999236,758.3585087999236,758.3585087999236,758.542467799969,None,,,,,,,,,,,,,,,,,,,,,,,P8384,Bar_MIC,11,1,2026-04-09_15h27.42.794,MIC_task,,2026.1.2,60.0367665301919,2026-04-09 15h27.44.539502 +0200,
,,8,0,8,,,,,,,11,p17,orvos,doctor,6,people,professions,7,843,None,104,None,"(0.1, -0.1)",None,,,,,,,,,,,,,,1,0,1,0,0,28,28,28,8,0,8,0,758.5588179999031,,,,,,,,,,,,,,,,,,,,,,,,,,,,,,,,,,,,,,,,,,,,,,,,,,,,,,,,,,,,,,,,,,,,,,,,,,,,,,,,,,,,,,,,,,,,758.5455954999197,758.5588179999031,758.5588179999031,758.5588179999031,758.7427911999403,None,,,,,,,,,,,,,,,,,,,,,,,P8384,Bar_MIC,11,1,2026-04-09_15h27.42.794,MIC_task,,2026.1.2,60.0367665301919,2026-04-09 15h27.44.539502 +0200,
,,9,0,9,,,,,,,11,p17,orvos,doctor,6,people,professions,7,843,None,104,None,"(0.1, -0.1)",None,,,,,,,,,,,,,,1,0,1,0,0,28,28,28,9,0,9,0,758.7591023999266,,,,,,,,,,,,,,,,,,,,,,,,,,,,,,,,,,,,,,,,,,,,,,,,,,,,,,,,,,,,,,,,,,,,,,,,,,,,,,,,,,,,,,,,,,,,758.746031699935,758.7591023999266,758.7591023999266,758.7591023999266,758.9432959998958,None,,,,,,,,,,,,,,,,,,,,,,,P8384,Bar_MIC,11,1,2026-04-09_15h27.42.794,MIC_task,,2026.1.2,60.0367665301919,2026-04-09 15h27.44.539502 +0200,
,,10,0,10,,,,,,,11,p17,orvos,doctor,6,people,professions,7,843,None,104,None,"(0.1, -0.1)",None,,,,,,,,,,,,,,1,0,1,0,0,28,28,28,10,0,10,0,758.9595761999954,,,,,,,,,,,,,,,,,,,,,,,,,,,,,,,,,,,,,,,,,,,,,,,,,,,,,,,,,,,,,,,,,,,,,,,,,,,,,,,,,,,,,,,,,,,,758.9466630999232,758.9595761999954,758.9595761999954,758.9595761999954,759.1436523000011,None,,,,,,,,,,,,,,,,,,,,,,,P8384,Bar_MIC,11,1,2026-04-09_15h27.42.794,MIC_task,,2026.1.2,60.0367665301919,2026-04-09 15h27.44.539502 +0200,
,,11,0,11,,,,,,,11,p17,orvos,doctor,6,people,professions,7,843,None,104,None,"(0.1, -0.1)",None,,,,,,,,,,,,,,1,0,1,0,0,28,28,28,11,0,11,0,759.1599744999548,,,,,,,,,,,,,,,,,,,,,,,,,,,,,,,,,,,,,,,,,,,,,,,,,,,,,,,,,,,,,,,,,,,,,,,,,,,,,,,,,,,,,,,,,,,,759.1466211999068,759.1599744999548,759.1599744999548,759.1599744999548,759.3439960998949,None,,,,,,,,,,,,,,,,,,,,,,,P8384,Bar_MIC,11,1,2026-04-09_15h27.42.794,MIC_task,,2026.1.2,60.0367665301919,2026-04-09 15h27.44.539502 +0200,
,,12,0,12,,,,,,,11,p17,orvos,doctor,6,people,professions,7,843,None,104,None,"(0.1, -0.1)",None,,,,,,,,,,,,,,1,0,1,0,0,28,28,28,12,0,12,0,759.3603465999477,,,,,,,,,,,,,,,,,,,,,,,,,,,,,,,,,,,,,,,,,,,,,,,,,,,,,,,,,,,,,,,,,,,,,,,,,,,,,,,,,,,,,,,,,,,,759.3472494999878,759.3603465999477,759.3603465999477,759.3603465999477,759.5444810999325,None,,,,,,,,,,,,,,,,,,,,,,,P8384,Bar_MIC,11,1,2026-04-09_15h27.42.794,MIC_task,,2026.1.2,60.0367665301919,2026-04-09 15h27.44.539502 +0200,
,,13,0,13,,,,,,,11,p17,orvos,doctor,6,people,professions,7,843,None,104,None,"(0.1, -0.1)",None,,,,,,,,,,,,,,1,0,1,0,0,28,28,28,13,0,13,0,759.5599063999252,,,,,,,,,,,,,,,,,,,,,,,,,,,,,,,,,,,,,,,,,,,,,,,,,,,,,,,,,,,,,,,,,,,,,,,,,,,,,,,,,,,,,,,,,,,,759.5475416999543,759.5599063999252,759.5599063999252,759.5599063999252,759.7448982999194,None,,,,,,,,,,,,,,,,,,,,,,,P8384,Bar_MIC,11,1,2026-04-09_15h27.42.794,MIC_task,,2026.1.2,60.0367665301919,2026-04-09 15h27.44.539502 +0200,
,,14,0,14,,,,,,,11,p17,orvos,doctor,6,people,professions,7,843,None,104,None,"(0.1, -0.1)",None,,,,,,,,,,,,,,1,0,1,0,0,28,28,28,14,0,14,0,759.7602559999796,,,,,,,,,,,,,,,,,,,,,,,,,,,,,,,,,,,,,,,,,,,,,,,,,,,,,,,,,,,,,,,,,,,,,,,,,,,,,,,,,,,,,,,,,,,,759.7483080999227,759.7602559999796,759.7602559999796,759.7602559999796,759.9452773999656,None,,,,,,,,,,,,,,,,,,,,,,,P8384,Bar_MIC,11,1,2026-04-09_15h27.42.794,MIC_task,,2026.1.2,60.0367665301919,2026-04-09 15h27.44.539502 +0200,
,,15,0,15,,,,,,,11,p17,orvos,doctor,6,people,professions,7,843,None,104,None,"(0.1, -0.1)",None,,,,,,,,,,,,,,1,0,1,0,0,28,28,28,15,0,15,0,759.9606721999589,,,,,,,,,,,,,,,,,,,,,,,,,,,,,,,,,,,,,,,,,,,,,,,,,,,,,,,,,,,,,,,,,,,,,,,,,,,,,,,,,,,,,,,,,,,,759.9483039999614,759.9606721999589,759.9606721999589,759.9606721999589,760.1456255998928,None,,,,,,,,,,,,,,,,,,,,,,,P8384,Bar_MIC,11,1,2026-04-09_15h27.42.794,MIC_task,,2026.1.2,60.0367665301919,2026-04-09 15h27.44.539502 +0200,
,,16,0,16,,,,,,,11,p17,orvos,doctor,6,people,professions,7,843,None,104,None,"(0.1, -0.1)",None,,,,,,,,,,,,,,1,0,1,0,0,28,28,28,16,0,16,0,760.161062899977,,,,,,,,,,,,,,,,,,,,,,,,,,,,,,,,,,,,,,,,,,,,,,,,,,,,,,,,,,,,,,,,,,,,,,,,,,,,,,,,,,,,,,,,,,,,760.1487562999828,760.161062899977,760.161062899977,760.161062899977,760.3449692999711,None,,,,,,,,,,,,,,,,,,,,,,,P8384,Bar_MIC,11,1,2026-04-09_15h27.42.794,MIC_task,,2026.1.2,60.0367665301919,2026-04-09 15h27.44.539502 +0200,
,,17,0,17,,,,,,,11,p17,orvos,doctor,6,people,professions,7,843,None,104,None,"(0.1, -0.1)",space,None,None,,,,,,,,,,,,1,0,1,0,0,28,28,28,17,0,17,0,760.3614649999654,,,,,,,,,,,,,,,,,,,,,,,,,,,,,,,,,,,,,,,,,,,,,,,,,,,,,,,,,,,,,,,,,,,,,,,,,,,,,,,,,,,,,,,,,,,,760.347973399912,760.3614649999654,760.3614649999654,760.3614649999654,760.4463895999361,space,None,None,,,,,,,,,,,,,,,,,,,,,P8384,Bar_MIC,11,1,2026-04-09_15h27.42.794,MIC_task,,2026.1.2,60.0367665301919,2026-04-09 15h27.44.539502 +0200,
,,28,28,0,,,,space,2.5112781999632716,None,11,p17,orvos,doctor,6,people,professions,7,843,None,104,None,"(0.1, -0.1)",,,,,,,,,,,,,,,1,0,1,0,0,28,28,28,,,,,,,,,,,,,,,,,,,,,,,,,,,,,,,,,,,,,,,,,,,,,,,,,,,,,,,,,,,,,,,,,,,,,,,,,,,,,,,,,760.5061142999912,760.5116989999078,760.5122614666043,762.4487061999971,,,,,,764.4515051000053,764.4682338999119,764.4682338999119,766.9892285999376,,,,,,,,,,,,762.480578299961,762.4860726000043,762.4818874333364,764.3842438999563,764.4514593000058,space,2.5112781999632716,None,,,,,,,,,,,,,P8384,Bar_MIC,11,1,2026-04-09_15h27.42.794,MIC_task,,2026.1.2,60.0367665301919,2026-04-09 15h27.44.539502 +0200,
,,0,0,0,,,,,,,11,f18,dinnye,melon,4,food,fruit,6.4,22,25,50,None,"(0.1, 0)",None,,,,,,,,,,,,,,1,0,1,0,0,29,29,29,0,0,0,0,767.0049991999986,,,,,,,,,,,,,,,,,,,,,,,,,,,,,,,,,,,,,,,,,,,,,,,,,,,,,,,,,,,,,,,,,,,,,,,,,,,,,,,,,,,,,,,,,,,,766.9921897999011,767.0049991999986,767.0049991999986,767.0049991999986,767.1893195000011,None,,,,,,,,,,,767.205401299987,767.205401299987,767.205401299987,,,,,,,,,,P8384,Bar_MIC,11,1,2026-04-09_15h27.42.794,MIC_task,,2026.1.2,60.0367665301919,2026-04-09 15h27.44.539502 +0200,
,,0,0,0,,,,,,,11,f18,dinnye,melon,4,food,fruit,6.4,22,25,50,None,"(0.1, 0)",None,,,,,,,,,,,,,,1,0,1,0,0,29,29,29,0,0,0,0,767.205401299987,,,,,,,,,,,,,,,,,,,,,,,,,,,,,,,,,,,,,,,,,,,,,,,,,,,,,,,,,,,,,,,,,,,,,,,,,,,,,,,,,,,,,,,,,,,,767.192727799993,767.205401299987,767.205401299987,767.205401299987,767.3897836999968,None,,,,,,,,,,,767.4056935999542,767.4056935999542,767.4056935999542,,,,,,,,,,P8384,Bar_MIC,11,1,2026-04-09_15h27.42.794,MIC_task,,2026.1.2,60.0367665301919,2026-04-09 15h27.44.539502 +0200,
,,1,0,1,,,,,,,11,f18,dinnye,melon,4,food,fruit,6.4,22,25,50,None,"(0.1, 0)",None,,,,,,,,,,,,,,1,0,1,0,0,29,29,29,1,0,1,0,767.4056935999542,,,,,,,,,,,,,,,,,,,,,,,,,,,,,,,,,,,,,,,,,,,,,,,,,,,,,,,,,,,,,,,,,,,,,,,,,,,,,,,,,,,,,,,,,,,,767.3925736999372,767.4056935999542,767.4056935999542,767.4056935999542,767.5896855999017,None,,,,,,,,,,,,,,,,,,,,,,,P8384,Bar_MIC,11,1,2026-04-09_15h27.42.794,MIC_task,,2026.1.2,60.0367665301919,2026-04-09 15h27.44.539502 +0200,
,,2,0,2,,,,,,,11,f18,dinnye,melon,4,food,fruit,6.4,22,25,50,None,"(0.1, 0)",None,,,,,,,,,,,,,,1,0,1,0,0,29,29,29,2,0,2,0,767.6060561999911,,,,,,,,,,,,,,,,,,,,,,,,,,,,,,,,,,,,,,,,,,,,,,,,,,,,,,,,,,,,,,,,,,,,,,,,,,,,,,,,,,,,,,,,,,,,767.5929093000013,767.6060561999911,767.6060561999911,767.6060561999911,767.7903310999973,None,,,,,,,,,,,,,,,,,,,,,,,P8384,Bar_MIC,11,1,2026-04-09_15h27.42.794,MIC_task,,2026.1.2,60.0367665301919,2026-04-09 15h27.44.539502 +0200,
,,3,0,3,,,,,,,11,f18,dinnye,melon,4,food,fruit,6.4,22,25,50,None,"(0.1, 0)",None,,,,,,,,,,,,,,1,0,1,0,0,29,29,29,3,0,3,0,767.8056619999697,,,,,,,,,,,,,,,,,,,,,,,,,,,,,,,,,,,,,,,,,,,,,,,,,,,,,,,,,,,,,,,,,,,,,,,,,,,,,,,,,,,,,,,,,,,,767.7934552999213,767.8056619999697,767.8056619999697,767.8056619999697,767.9905054999981,None,,,,,,,,,,,,,,,,,,,,,,,P8384,Bar_MIC,11,1,2026-04-09_15h27.42.794,MIC_task,,2026.1.2,60.0367665301919,2026-04-09 15h27.44.539502 +0200,
,,4,0,4,,,,,,,11,f18,dinnye,melon,4,food,fruit,6.4,22,25,50,None,"(0.1, 0)",None,,,,,,,,,,,,,,1,0,1,0,0,29,29,29,4,0,4,0,768.0068436999572,,,,,,,,,,,,,,,,,,,,,,,,,,,,,,,,,,,,,,,,,,,,,,,,,,,,,,,,,,,,,,,,,,,,,,,,,,,,,,,,,,,,,,,,,,,,767.9936606999254,768.0068436999572,768.0068436999572,768.0068436999572,768.1909498999594,None,,,,,,,,,,,,,,,,,,,,,,,P8384,Bar_MIC,11,1,2026-04-09_15h27.42.794,MIC_task,,2026.1.2,60.0367665301919,2026-04-09 15h27.44.539502 +0200,
,,5,0,5,,,,,,,11,f18,dinnye,melon,4,food,fruit,6.4,22,25,50,None,"(0.1, 0)",None,,,,,,,,,,,,,,1,0,1,0,0,29,29,29,5,0,5,0,768.2064599998994,,,,,,,,,,,,,,,,,,,,,,,,,,,,,,,,,,,,,,,,,,,,,,,,,,,,,,,,,,,,,,,,,,,,,,,,,,,,,,,,,,,,,,,,,,,,768.194189199945,768.2064599998994,768.2064599998994,768.2064599998994,768.3914900999516,None,,,,,,,,,,,,,,,,,,,,,,,P8384,Bar_MIC,11,1,2026-04-09_15h27.42.794,MIC_task,,2026.1.2,60.0367665301919,2026-04-09 15h27.44.539502 +0200,
,,6,0,6,,,,,,,11,f18,dinnye,melon,4,food,fruit,6.4,22,25,50,None,"(0.1, 0)",None,,,,,,,,,,,,,,1,0,1,0,0,29,29,29,6,0,6,0,768.4068170998944,,,,,,,,,,,,,,,,,,,,,,,,,,,,,,,,,,,,,,,,,,,,,,,,,,,,,,,,,,,,,,,,,,,,,,,,,,,,,,,,,,,,,,,,,,,,768.394450899912,768.4068170998944,768.4068170998944,768.4068170998944,768.5918255998986,None,,,,,,,,,,,,,,,,,,,,,,,P8384,Bar_MIC,11,1,2026-04-09_15h27.42.794,MIC_task,,2026.1.2,60.0367665301919,2026-04-09 15h27.44.539502 +0200,
,,7,0,7,,,,,,,11,f18,dinnye,melon,4,food,fruit,6.4,22,25,50,None,"(0.1, 0)",None,,,,,,,,,,,,,,1,0,1,0,0,29,29,29,7,0,7,0,768.6072525999043,,,,,,,,,,,,,,,,,,,,,,,,,,,,,,,,,,,,,,,,,,,,,,,,,,,,,,,,,,,,,,,,,,,,,,,,,,,,,,,,,,,,,,,,,,,,768.595224199933,768.6072525999043,768.6072525999043,768.6072525999043,768.7922017999226,None,,,,,,,,,,,,,,,,,,,,,,,P8384,Bar_MIC,11,1,2026-04-09_15h27.42.794,MIC_task,,2026.1.2,60.0367665301919,2026-04-09 15h27.44.539502 +0200,
,,8,0,8,,,,,,,11,f18,dinnye,melon,4,food,fruit,6.4,22,25,50,None,"(0.1, 0)",None,,,,,,,,,,,,,,1,0,1,0,0,29,29,29,8,0,8,0,768.8076351999771,,,,,,,,,,,,,,,,,,,,,,,,,,,,,,,,,,,,,,,,,,,,,,,,,,,,,,,,,,,,,,,,,,,,,,,,,,,,,,,,,,,,,,,,,,,,768.7951624999987,768.8076351999771,768.8076351999771,768.8076351999771,768.9914128999226,None,,,,,,,,,,,,,,,,,,,,,,,P8384,Bar_MIC,11,1,2026-04-09_15h27.42.794,MIC_task,,2026.1.2,60.0367665301919,2026-04-09 15h27.44.539502 +0200,
,,9,0,9,,,,,,,11,f18,dinnye,melon,4,food,fruit,6.4,22,25,50,None,"(0.1, 0)",None,,,,,,,,,,,,,,1,0,1,0,0,29,29,29,9,0,9,0,769.0080420000013,,,,,,,,,,,,,,,,,,,,,,,,,,,,,,,,,,,,,,,,,,,,,,,,,,,,,,,,,,,,,,,,,,,,,,,,,,,,,,,,,,,,,,,,,,,,768.9944433999481,769.0080420000013,769.0080420000013,769.0080420000013,769.1918669999577,None,,,,,,,,,,,,,,,,,,,,,,,P8384,Bar_MIC,11,1,2026-04-09_15h27.42.794,MIC_task,,2026.1.2,60.0367665301919,2026-04-09 15h27.44.539502 +0200,
,,10,0,10,,,,,,,11,f18,dinnye,melon,4,food,fruit,6.4,22,25,50,None,"(0.1, 0)",None,,,,,,,,,,,,,,1,0,1,0,0,29,29,29,10,0,10,0,769.2083591999253,,,,,,,,,,,,,,,,,,,,,,,,,,,,,,,,,,,,,,,,,,,,,,,,,,,,,,,,,,,,,,,,,,,,,,,,,,,,,,,,,,,,,,,,,,,,769.1952370000072,769.2083591999253,769.2083591999253,769.2083591999253,769.3921556998976,None,,,,,,,,,,,,,,,,,,,,,,,P8384,Bar_MIC,11,1,2026-04-09_15h27.42.794,MIC_task,,2026.1.2,60.0367665301919,2026-04-09 15h27.44.539502 +0200,
,,11,0,11,,,,,,,11,f18,dinnye,melon,4,food,fruit,6.4,22,25,50,None,"(0.1, 0)",None,,,,,,,,,,,,,,1,0,1,0,0,29,29,29,11,0,11,0,769.4087829999626,,,,,,,,,,,,,,,,,,,,,,,,,,,,,,,,,,,,,,,,,,,,,,,,,,,,,,,,,,,,,,,,,,,,,,,,,,,,,,,,,,,,,,,,,,,,769.3956013999414,769.4087829999626,769.4087829999626,769.4087829999626,769.5928868999472,None,,,,,,,,,,,,,,,,,,,,,,,P8384,Bar_MIC,11,1,2026-04-09_15h27.42.794,MIC_task,,2026.1.2,60.0367665301919,2026-04-09 15h27.44.539502 +0200,
,,12,0,12,,,,,,,11,f18,dinnye,melon,4,food,fruit,6.4,22,25,50,None,"(0.1, 0)",None,,,,,,,,,,,,,,1,0,1,0,0,29,29,29,12,0,12,0,769.6092143999413,,,,,,,,,,,,,,,,,,,,,,,,,,,,,,,,,,,,,,,,,,,,,,,,,,,,,,,,,,,,,,,,,,,,,,,,,,,,,,,,,,,,,,,,,,,,769.5959235999035,769.6092143999413,769.6092143999413,769.6092143999413,769.7931106999749,None,,,,,,,,,,,,,,,,,,,,,,,P8384,Bar_MIC,11,1,2026-04-09_15h27.42.794,MIC_task,,2026.1.2,60.0367665301919,2026-04-09 15h27.44.539502 +0200,
,,13,0,13,,,,,,,11,f18,dinnye,melon,4,food,fruit,6.4,22,25,50,None,"(0.1, 0)",None,,,,,,,,,,,,,,1,0,1,0,0,29,29,29,13,0,13,0,769.8095100999344,,,,,,,,,,,,,,,,,,,,,,,,,,,,,,,,,,,,,,,,,,,,,,,,,,,,,,,,,,,,,,,,,,,,,,,,,,,,,,,,,,,,,,,,,,,,769.796074999962,769.8095100999344,769.8095100999344,769.8095100999344,769.9937938000076,None,,,,,,,,,,,,,,,,,,,,,,,P8384,Bar_MIC,11,1,2026-04-09_15h27.42.794,MIC_task,,2026.1.2,60.0367665301919,2026-04-09 15h27.44.539502 +0200,
,,14,0,14,,,,,,,11,f18,dinnye,melon,4,food,fruit,6.4,22,25,50,None,"(0.1, 0)",None,,,,,,,,,,,,,,1,0,1,0,0,29,29,29,14,0,14,0,770.0098189999117,,,,,,,,,,,,,,,,,,,,,,,,,,,,,,,,,,,,,,,,,,,,,,,,,,,,,,,,,,,,,,,,,,,,,,,,,,,,,,,,,,,,,,,,,,,,769.9968574999366,770.0098189999117,770.0098189999117,770.0098189999117,770.194051999948,None,,,,,,,,,,,,,,,,,,,,,,,P8384,Bar_MIC,11,1,2026-04-09_15h27.42.794,MIC_task,,2026.1.2,60.0367665301919,2026-04-09 15h27.44.539502 +0200,
,,15,0,15,,,,,,,11,f18,dinnye,melon,4,food,fruit,6.4,22,25,50,None,"(0.1, 0)",None,,,,,,,,,,,,,,1,0,1,0,0,29,29,29,15,0,15,0,770.2102083999198,,,,,,,,,,,,,,,,,,,,,,,,,,,,,,,,,,,,,,,,,,,,,,,,,,,,,,,,,,,,,,,,,,,,,,,,,,,,,,,,,,,,,,,,,,,,770.1972460999386,770.2102083999198,770.2102083999198,770.2102083999198,770.394604299916,None,,,,,,,,,,,,,,,,,,,,,,,P8384,Bar_MIC,11,1,2026-04-09_15h27.42.794,MIC_task,,2026.1.2,60.0367665301919,2026-04-09 15h27.44.539502 +0200,
,,16,0,16,,,,,,,11,f18,dinnye,melon,4,food,fruit,6.4,22,25,50,None,"(0.1, 0)",None,,,,,,,,,,,,,,1,0,1,0,0,29,29,29,16,0,16,0,770.4106017999584,,,,,,,,,,,,,,,,,,,,,,,,,,,,,,,,,,,,,,,,,,,,,,,,,,,,,,,,,,,,,,,,,,,,,,,,,,,,,,,,,,,,,,,,,,,,770.3973969999934,770.4106017999584,770.4106017999584,770.4106017999584,770.5948315999703,None,,,,,,,,,,,,,,,,,,,,,,,P8384,Bar_MIC,11,1,2026-04-09_15h27.42.794,MIC_task,,2026.1.2,60.0367665301919,2026-04-09 15h27.44.539502 +0200,
,,17,0,17,,,,,,,11,f18,dinnye,melon,4,food,fruit,6.4,22,25,50,None,"(0.1, 0)",None,,,,,,,,,,,,,,1,0,1,0,0,29,29,29,17,0,17,0,770.6102565999608,,,,,,,,,,,,,,,,,,,,,,,,,,,,,,,,,,,,,,,,,,,,,,,,,,,,,,,,,,,,,,,,,,,,,,,,,,,,,,,,,,,,,,,,,,,,770.5977635999443,770.6102565999608,770.6102565999608,770.6102565999608,770.7952270999085,None,,,,,,,,,,,,,,,,,,,,,,,P8384,Bar_MIC,11,1,2026-04-09_15h27.42.794,MIC_task,,2026.1.2,60.0367665301919,2026-04-09 15h27.44.539502 +0200,
,,18,0,18,,,,,,,11,f18,dinnye,melon,4,food,fruit,6.4,22,25,50,None,"(0.1, 0)",None,,,,,,,,,,,,,,1,0,1,0,0,29,29,29,18,0,18,0,770.8105840999633,,,,,,,,,,,,,,,,,,,,,,,,,,,,,,,,,,,,,,,,,,,,,,,,,,,,,,,,,,,,,,,,,,,,,,,,,,,,,,,,,,,,,,,,,,,,770.7981317999074,770.8105840999633,770.8105840999633,770.8105840999633,770.998493699939,None,,,,,,,,,,,,,,,,,,,,,,,P8384,Bar_MIC,11,1,2026-04-09_15h27.42.794,MIC_task,,2026.1.2,60.0367665301919,2026-04-09 15h27.44.539502 +0200,
,,19,0,19,,,,,,,11,f18,dinnye,melon,4,food,fruit,6.4,22,25,50,None,"(0.1, 0)",None,,,,,,,,,,,,,,1,0,1,0,0,29,29,29,19,0,19,0,771.0109848999418,,,,,,,,,,,,,,,,,,,,,,,,,,,,,,,,,,,,,,,,,,,,,,,,,,,,,,,,,,,,,,,,,,,,,,,,,,,,,,,,,,,,,,,,,,,,771.0013496999163,771.0109848999418,771.0109848999418,771.0109848999418,771.1947799999034,None,,,,,,,,,,,,,,,,,,,,,,,P8384,Bar_MIC,11,1,2026-04-09_15h27.42.794,MIC_task,,2026.1.2,60.0367665301919,2026-04-09 15h27.44.539502 +0200,
,,20,0,20,,,,,,,11,f18,dinnye,melon,4,food,fruit,6.4,22,25,50,None,"(0.1, 0)",None,,,,,,,,,,,,,,1,0,1,0,0,29,29,29,20,0,20,0,771.2114096999867,,,,,,,,,,,,,,,,,,,,,,,,,,,,,,,,,,,,,,,,,,,,,,,,,,,,,,,,,,,,,,,,,,,,,,,,,,,,,,,,,,,,,,,,,,,,771.1976121999323,771.2114096999867,771.2114096999867,771.2114096999867,771.3952539999736,None,,,,,,,,,,,,,,,,,,,,,,,P8384,Bar_MIC,11,1,2026-04-09_15h27.42.794,MIC_task,,2026.1.2,60.0367665301919,2026-04-09 15h27.44.539502 +0200,
,,21,0,21,,,,,,,11,f18,dinnye,melon,4,food,fruit,6.4,22,25,50,None,"(0.1, 0)",None,,,,,,,,,,,,,,1,0,1,0,0,29,29,29,21,0,21,0,771.4117859998951,,,,,,,,,,,,,,,,,,,,,,,,,,,,,,,,,,,,,,,,,,,,,,,,,,,,,,,,,,,,,,,,,,,,,,,,,,,,,,,,,,,,,,,,,,,,771.3985709999688,771.4117859998951,771.4117859998951,771.4117859998951,771.5955268999096,None,,,,,,,,,,,,,,,,,,,,,,,P8384,Bar_MIC,11,1,2026-04-09_15h27.42.794,MIC_task,,2026.1.2,60.0367665301919,2026-04-09 15h27.44.539502 +0200,
,,22,0,22,,,,,,,11,f18,dinnye,melon,4,food,fruit,6.4,22,25,50,None,"(0.1, 0)",None,,,,,,,,,,,,,,1,0,1,0,0,29,29,29,22,0,22,0,771.6121774999192,,,,,,,,,,,,,,,,,,,,,,,,,,,,,,,,,,,,,,,,,,,,,,,,,,,,,,,,,,,,,,,,,,,,,,,,,,,,,,,,,,,,,,,,,,,,771.5984076999594,771.6121774999192,771.6121774999192,771.6121774999192,771.7961674999679,None,,,,,,,,,,,,,,,,,,,,,,,P8384,Bar_MIC,11,1,2026-04-09_15h27.42.794,MIC_task,,2026.1.2,60.0367665301919,2026-04-09 15h27.44.539502 +0200,
,,23,0,23,,,,,,,11,f18,dinnye,melon,4,food,fruit,6.4,22,25,50,None,"(0.1, 0)",None,,,,,,,,,,,,,,1,0,1,0,0,29,29,29,23,0,23,0,771.8126078000059,,,,,,,,,,,,,,,,,,,,,,,,,,,,,,,,,,,,,,,,,,,,,,,,,,,,,,,,,,,,,,,,,,,,,,,,,,,,,,,,,,,,,,,,,,,,771.799371699919,771.8126078000059,771.8126078000059,771.8126078000059,771.9964660999831,None,,,,,,,,,,,,,,,,,,,,,,,P8384,Bar_MIC,11,1,2026-04-09_15h27.42.794,MIC_task,,2026.1.2,60.0367665301919,2026-04-09 15h27.44.539502 +0200,
,,24,0,24,,,,,,,11,f18,dinnye,melon,4,food,fruit,6.4,22,25,50,None,"(0.1, 0)",None,,,,,,,,,,,,,,1,0,1,0,0,29,29,29,24,0,24,0,772.0128480999265,,,,,,,,,,,,,,,,,,,,,,,,,,,,,,,,,,,,,,,,,,,,,,,,,,,,,,,,,,,,,,,,,,,,,,,,,,,,,,,,,,,,,,,,,,,,771.9997417998966,772.0128480999265,772.0128480999265,772.0128480999265,772.1969038998941,None,,,,,,,,,,,,,,,,,,,,,,,P8384,Bar_MIC,11,1,2026-04-09_15h27.42.794,MIC_task,,2026.1.2,60.0367665301919,2026-04-09 15h27.44.539502 +0200,
,,25,0,25,,,,,,,11,f18,dinnye,melon,4,food,fruit,6.4,22,25,50,None,"(0.1, 0)",None,,,,,,,,,,,,,,1,0,1,0,0,29,29,29,25,0,25,0,772.213224099949,,,,,,,,,,,,,,,,,,,,,,,,,,,,,,,,,,,,,,,,,,,,,,,,,,,,,,,,,,,,,,,,,,,,,,,,,,,,,,,,,,,,,,,,,,,,772.2002901999513,772.213224099949,772.213224099949,772.213224099949,772.3972323999042,None,,,,,,,,,,,,,,,,,,,,,,,P8384,Bar_MIC,11,1,2026-04-09_15h27.42.794,MIC_task,,2026.1.2,60.0367665301919,2026-04-09 15h27.44.539502 +0200,
,,26,0,26,,,,,,,11,f18,dinnye,melon,4,food,fruit,6.4,22,25,50,None,"(0.1, 0)",space,0.09393840003758669,None,,,,,,,,,,,,1,0,1,0,0,29,29,29,26,0,26,0,772.4136119999457,,,,,,,,,,,,,,,,,,,,,,,,,,,,,,,,,,,,,,,,,,,,,,,,,,,,,,,,,,,,,,,,,,,,,,,,,,,,,,,,,,,,,,,,,,,,772.4002643999411,772.4136119999457,772.4136119999457,772.4136119999457,772.514531499939,space,0.09393840003758669,None,,,,,,,,,,,,,,,,,,,,,P8384,Bar_MIC,11,1,2026-04-09_15h27.42.794,MIC_task,,2026.1.2,60.0367665301919,2026-04-09 15h27.44.539502 +0200,
,,29,29,0,,,,space,0.5230078001040965,None,11,f18,dinnye,melon,4,food,fruit,6.4,22,25,50,None,"(0.1, 0)",,,,,,,,,,,,,,,1,0,1,0,0,29,29,29,,,,,,,,,,,,,,,,,,,,,,,,,,,,,,,,,,,,,,,,,,,,,,,,,,,,,,,,,,,,,,,,,,,,,,,,,,,,,,,,,772.578046199982,772.5835009999573,772.5802102666503,774.5164802999934,,,,,,776.5207613999955,776.5361567999935,776.5361567999935,777.0713358999928,,,,,,,,,,,,774.5482212000061,774.5539718999062,774.5497115332478,776.4533875999041,776.5207144999877,space,0.5230078001040965,None,,,,,,,,,,,,,P8384,Bar_MIC,11,1,2026-04-09_15h27.42.794,MIC_task,,2026.1.2,60.0367665301919,2026-04-09 15h27.44.539502 +0200,
,,,,,,,,,,,,,,,,,,,,,,,,,,,,,,,,,,,,,,,,,,,,,,,,,,,,,,,,,,,,,,,,,,,,,,,,,,,,,,,,,,,,,,,,,,,,,,,,,,,,,,,,,,,,,,,,,,,,,,,,,,,,,,,,,,,,,,,,,,,,,,,,,,,,,,,,,,,,,,,,,777.1542776999995,777.1679492999101,777.1679492999101,777.1705464999192,783.3130587999476,,,,,,,,,,,,,,,
