Reveal,position,thisN,thisTrialN,thisRepN,key_resp_19.keys,key_resp_19.rt,key_resp_19.duration,key_resp_8.keys,key_resp_8.rt,key_resp_8.duration,trial_number,itemno,item_HU,item_EN,categoryno,category,subcategory,mean,frequency,aoa_stanford,aoa_kupermann,aoa_childes,positions,key_resp.keys,key_resp.rt,key_resp.duration,practice_loop.thisRepN,practice_loop.thisTrialN,practice_loop.thisN,practice_loop.thisIndex,practice_aperture.thisRepN,practice_aperture.thisTrialN,practice_aperture.thisN,practice_aperture.thisIndex,run_loop.thisRepN,run_loop.thisTrialN,run_loop.thisN,run_loop.thisIndex,trial_loop.thisRepN,trial_loop.thisTrialN,trial_loop.thisN,trial_loop.thisIndex,aperture_loop.thisRepN,aperture_loop.thisTrialN,aperture_loop.thisN,aperture_loop.thisIndex,thisRow.t,notes,piloting,intro_pic.started,Story_Beg.started,key_resp_4.started,S1.started,intro_pic.stopped,key_resp_4.keys,Story1.started,Story_1.started,key_resp_9.started,S1_2.started,Story1.stopped,key_resp_9.keys,Story2.started,Story_2.started,key_resp_10.started,S1_3.started,S1_3.stopped,Story2.stopped,key_resp_10.keys,key_resp_10.rt,key_resp_10.duration,Story4.started,Story_4.started,key_resp_12.started,S1_4.started,S1_4.stopped,Story4.stopped,key_resp_12.keys,key_resp_12.rt,key_resp_12.duration,Story5.started,Story_5.started,key_resp_13.started,S1_5.started,S1_5.stopped,Story5.stopped,key_resp_13.keys,key_resp_13.rt,key_resp_13.duration,Story6.started,Story_6.started,key_resp_14.started,S1_6.started,S1_6.stopped,Story6.stopped,key_resp_14.keys,key_resp_14.rt,key_resp_14.duration,Story7.started,Story.started,key_resp_20.started,S1_7.started,Story7.stopped,key_resp_20.keys,key_resp_20.rt,key_resp_20.duration,Story8.started,Story_7.started,key_resp_21.started,S1_8.started,Story8.stopped,key_resp_21.keys,key_resp_21.rt,key_resp_21.duration,trial3.started,image_7.started,aperture_3.started,key_resp_19.started,trial3.stopped,practice_aperture.key_resp_19.keys,image_7.stopped,aperture_3.stopped,key_resp_19.stopped,practice_aperture.key_resp_19.rt,practice_aperture.key_resp_19.duration,reveal.started,dots.started,sound_1.started,reveal.stopped,change_prac.started,image_10.started,sound_4.started,sound_4.stopped,change_prac.stopped,ISI.started,text.started,key_resp_8.started,ISI.stopped,practice_loop.key_resp_8.keys,practice_loop.key_resp_8.rt,practice_loop.key_resp_8.duration,trial.started,image.started,aperture.started,key_resp.started,trial.stopped,aperture_loop.key_resp.keys,aperture_loop.key_resp.rt,aperture_loop.key_resp.duration,changee.started,image_2.started,sound_2.started,sound_2.stopped,changee.stopped,trial_loop.key_resp_8.keys,trial_loop.key_resp_8.rt,trial_loop.key_resp_8.duration,image.stopped,aperture.stopped,key_resp.stopped,participant,Version,Stimuli,RunNo,date,expName,expVersion,psychopyVersion,frameRate,expStart,
,,,,,,,,,,,,,,,,,,,,,,,,,,,,,,,,,,,,,,,,,,,,,,,,,False,0.008272700011730194,0.10620499996002764,0.10620499996002764,0.024545966709653536,0.008775800000876188,None,,,,,,,,,,,,,,,,,,,,,,,,,,,,,,,,,,,,,,,,,,,,,,,,,,,,,,,,,,,,,,,,,,,,,,,,,,,,,,,,,,,,,,,,,,,,,,,,,,,,,,,,,P8775,Bar_MIC,13,1,2026-05-05_18h40.21.608,MIC_task,,2026.1.2,59.90351939622037,2026-05-05 18h40.22.906714 +0200,
,,,,,,,,,,,,,,,,,,,,,,,,,,,,,,,,,,,,,,,,,,,,,,,,,,,,,,,,0.01862550002988428,0.10620499996002764,0.10620499996002764,0.024545966709653536,0.019108899985440075,None,,,,,,,,,,,,,,,,,,,,,,,,,,,,,,,,,,,,,,,,,,,,,,,,,,,,,,,,,,,,,,,,,,,,,,,,,,,,,,,,,,,,,,,,,,,,,,,,,,,P8775,Bar_MIC,13,1,2026-05-05_18h40.21.608,MIC_task,,2026.1.2,59.90351939622037,2026-05-05 18h40.22.906714 +0200,
,,,,,,,,,,,,,,,,,,,,,,,,,,,,,,,,,,,,,,,,,,,,,,,,,,,,,,,,,,,,,,0.09048350004013628,0.10620499996002764,0.10620499996002764,0.0912126333763202,5.048475799965672,37.181645400007255,space,37.06500420009252,None,,,,,,,,,,,,,,,,,,,,,,,,,,,,,,,,,,,,,,,,,,,,,,,,,,,,,,,,,,,,,,,,,,,,,,,,,,,,,,,,,,,,,,,,,,P8775,Bar_MIC,13,1,2026-05-05_18h40.21.608,MIC_task,,2026.1.2,59.90351939622037,2026-05-05 18h40.22.906714 +0200,
,,,,,,,,,,,,,,,,,,,,,,,,,,,,,,,,,,,,,,,,,,,,,,,,,,,,,,,,,,,,,,,,,,,,,,,37.253791800001636,37.26472380000632,37.26472380000632,37.26412473335707,39.05050690006465,40.65374259999953,space,3.3817379000829533,None,,,,,,,,,,,,,,,,,,,,,,,,,,,,,,,,,,,,,,,,,,,,,,,,,,,,,,,,,,,,,,,,,,,,,,,,,,,,,,,,,P8775,Bar_MIC,13,1,2026-05-05_18h40.21.608,MIC_task,,2026.1.2,59.90351939622037,2026-05-05 18h40.22.906714 +0200,
,,,,,,,,,,,,,,,,,,,,,,,,,,,,,,,,,,,,,,,,,,,,,,,,,,,,,,,,,,,,,,,,,,,,,,,,,,,,,,,,40.72436019999441,40.73450949997641,40.73450949997641,40.73613713340213,42.3554478000151,42.806730100070126,space,2.0552249000174925,None,,,,,,,,,,,,,,,,,,,,,,,,,,,,,,,,,,,,,,,,,,,,,,,,,,,,,,,,,,,,,,,,,,,,,,,,P8775,Bar_MIC,13,1,2026-05-05_18h40.21.608,MIC_task,,2026.1.2,59.90351939622037,2026-05-05 18h40.22.906714 +0200,
,,,,,,,,,,,,,,,,,,,,,,,,,,,,,,,,,,,,,,,,,,,,,,,,,,,,,,,,,,,,,,,,,,,,,,,,,,,,,,,,,,,,,,,,,42.86141390004195,42.87147999997251,42.87147999997251,42.872471966679825,44.775223699980415,45.527213599998504,space,2.638535700039938,None,,,,,,,,,,,,,,,,,,,,,,,,,,,,,,,,,,,,,,,,,,,,,,,,,,,,,,,,,,,,,,,P8775,Bar_MIC,13,1,2026-05-05_18h40.21.608,MIC_task,,2026.1.2,59.90351939622037,2026-05-05 18h40.22.906714 +0200,
,,,,,,,,,,,,,,,,,,,,,,,,,,,,,,,,,,,,,,,,,,,,,,,,,,,,,,,,,,,,,,,,,,,,,,,,,,,,,,,,,,,,,,,,,,,,,,,,,,45.61167470004875,45.62059130007401,45.62059130007401,45.62645850006957,54.557755100075155,space,8.935175499995239,None,,,,,,,,,,,,,,,,,,,,,,,,,,,,,,,,,,,,,,,,,,,,,,,,,,,,,,,P8775,Bar_MIC,13,1,2026-05-05_18h40.21.608,MIC_task,,2026.1.2,59.90351939622037,2026-05-05 18h40.22.906714 +0200,
,,,,,,,,,,,,,,,,,,,,,,,,,,,,,,,,,,,,,,,,,,,,,,,,,,,,,,,,,,,,,,,,,,,,,,,,,,,,,,,,,,,,,,,,,,,,,,,,,,,,,,,,,,54.65513910003938,54.6646330000367,54.6646330000367,54.656931699975395,55.30910199997015,space,0.6302297000074759,None,,,,,,,,,,,,,,,,,,,,,,,,,,,,,,,,,,,,,,,,,,,,,,,P8775,Bar_MIC,13,1,2026-05-05_18h40.21.608,MIC_task,,2026.1.2,59.90351939622037,2026-05-05 18h40.22.906714 +0200,
MRnGO_prac_stimuli/wizard.png,"(0, -0.1)",0,0,0,None,,,,,,,,,,,,,,,,,,,,,,0,0,0,0,0,0,0,0,,,,,,,,,,,,,55.35540970007423,,,,,,,,,,,,,,,,,,,,,,,,,,,,,,,,,,,,,,,,,,,,,,,,,,,,,,,,,,,,,,,,,,,55.35030479996931,55.35540970007423,55.35540970007423,55.35540970007423,55.52556119998917,None,,,,,,,,,,,,,,,,,,,,,,,,,,,,,,,,,,,,,,,,,P8775,Bar_MIC,13,1,2026-05-05_18h40.21.608,MIC_task,,2026.1.2,59.90351939622037,2026-05-05 18h40.22.906714 +0200,
MRnGO_prac_stimuli/wizard.png,"(0, -0.1)",0,0,0,None,,,,,,,,,,,,,,,,,,,,,,0,0,0,0,0,0,0,0,,,,,,,,,,,,,55.54194789996836,,,,,,,,,,,,,,,,,,,,,,,,,,,,,,,,,,,,,,,,,,,,,,,,,,,,,,,,,,,,,,,,,,,55.529193600057624,55.54194789996836,55.54194789996836,55.54194789996836,55.726420099963434,None,,,,,,,,,,,,,,,,,,,,,,,,,,,,,,,,,,,,,,,,,P8775,Bar_MIC,13,1,2026-05-05_18h40.21.608,MIC_task,,2026.1.2,59.90351939622037,2026-05-05 18h40.22.906714 +0200,
MRnGO_prac_stimuli/wizard.png,"(0, -0.1)",1,0,1,None,,,,,,,,,,,,,,,,,,,,,,0,0,0,0,1,0,1,0,,,,,,,,,,,,,55.7423593000276,,,,,,,,,,,,,,,,,,,,,,,,,,,,,,,,,,,,,,,,,,,,,,,,,,,,,,,,,,,,,,,,,,,55.72984100005124,55.7423593000276,55.7423593000276,55.7423593000276,55.92610290006269,None,,,,,,,,,,,,,,,,,,,,,,,,,,,,,,,,,,,,,,,,,P8775,Bar_MIC,13,1,2026-05-05_18h40.21.608,MIC_task,,2026.1.2,59.90351939622037,2026-05-05 18h40.22.906714 +0200,
MRnGO_prac_stimuli/wizard.png,"(0, -0.1)",2,0,2,None,,,,,,,,,,,,,,,,,,,,,,0,0,0,0,2,0,2,0,,,,,,,,,,,,,55.94273939996492,,,,,,,,,,,,,,,,,,,,,,,,,,,,,,,,,,,,,,,,,,,,,,,,,,,,,,,,,,,,,,,,,,,55.929388000047766,55.94273939996492,55.94273939996492,55.94273939996492,56.1269230999751,None,,,,,,,,,,,,,,,,,,,,,,,,,,,,,,,,,,,,,,,,,P8775,Bar_MIC,13,1,2026-05-05_18h40.21.608,MIC_task,,2026.1.2,59.90351939622037,2026-05-05 18h40.22.906714 +0200,
MRnGO_prac_stimuli/wizard.png,"(0, -0.1)",3,0,3,None,,,,,,,,,,,,,,,,,,,,,,0,0,0,0,3,0,3,0,,,,,,,,,,,,,56.143052299972624,,,,,,,,,,,,,,,,,,,,,,,,,,,,,,,,,,,,,,,,,,,,,,,,,,,,,,,,,,,,,,,,,,,56.13023740006611,56.143052299972624,56.143052299972624,56.143052299972624,56.32744729996193,None,,,,,,,,,,,,,,,,,,,,,,,,,,,,,,,,,,,,,,,,,P8775,Bar_MIC,13,1,2026-05-05_18h40.21.608,MIC_task,,2026.1.2,59.90351939622037,2026-05-05 18h40.22.906714 +0200,
MRnGO_prac_stimuli/wizard.png,"(0, -0.1)",4,0,4,None,,,,,,,,,,,,,,,,,,,,,,0,0,0,0,4,0,4,0,,,,,,,,,,,,,56.34269379999023,,,,,,,,,,,,,,,,,,,,,,,,,,,,,,,,,,,,,,,,,,,,,,,,,,,,,,,,,,,,,,,,,,,56.33116830000654,56.34269379999023,56.34269379999023,56.34269379999023,56.52739309996832,None,,,,,,,,,,,,,,,,,,,,,,,,,,,,,,,,,,,,,,,,,P8775,Bar_MIC,13,1,2026-05-05_18h40.21.608,MIC_task,,2026.1.2,59.90351939622037,2026-05-05 18h40.22.906714 +0200,
MRnGO_prac_stimuli/wizard.png,"(0, -0.1)",5,0,5,None,,,,,,,,,,,,,,,,,,,,,,0,0,0,0,5,0,5,0,,,,,,,,,,,,,56.54300319997128,,,,,,,,,,,,,,,,,,,,,,,,,,,,,,,,,,,,,,,,,,,,,,,,,,,,,,,,,,,,,,,,,,,56.530855200020596,56.54300319997128,56.54300319997128,56.54300319997128,56.7281934999628,None,,,,,,,,,,,,,,,,,,,,,,,,,,,,,,,,,,,,,,,,,P8775,Bar_MIC,13,1,2026-05-05_18h40.21.608,MIC_task,,2026.1.2,59.90351939622037,2026-05-05 18h40.22.906714 +0200,
MRnGO_prac_stimuli/wizard.png,"(0, -0.1)",6,0,6,None,,,,,,,,,,,,,,,,,,,,,,0,0,0,0,6,0,6,0,,,,,,,,,,,,,56.7434254999971,,,,,,,,,,,,,,,,,,,,,,,,,,,,,,,,,,,,,,,,,,,,,,,,,,,,,,,,,,,,,,,,,,,56.73156770004425,56.7434254999971,56.7434254999971,56.7434254999971,56.92843900003936,None,,,,,,,,,,,,,,,,,,,,,,,,,,,,,,,,,,,,,,,,,P8775,Bar_MIC,13,1,2026-05-05_18h40.21.608,MIC_task,,2026.1.2,59.90351939622037,2026-05-05 18h40.22.906714 +0200,
MRnGO_prac_stimuli/wizard.png,"(0, -0.1)",7,0,7,None,,,,,,,,,,,,,,,,,,,,,,0,0,0,0,7,0,7,0,,,,,,,,,,,,,56.943882500054315,,,,,,,,,,,,,,,,,,,,,,,,,,,,,,,,,,,,,,,,,,,,,,,,,,,,,,,,,,,,,,,,,,,56.93163030000869,56.943882500054315,56.943882500054315,56.943882500054315,57.12787720002234,None,,,,,,,,,,,,,,,,,,,,,,,,,,,,,,,,,,,,,,,,,P8775,Bar_MIC,13,1,2026-05-05_18h40.21.608,MIC_task,,2026.1.2,59.90351939622037,2026-05-05 18h40.22.906714 +0200,
MRnGO_prac_stimuli/wizard.png,"(0, -0.1)",8,0,8,None,,,,,,,,,,,,,,,,,,,,,,0,0,0,0,8,0,8,0,,,,,,,,,,,,,57.144222300034016,,,,,,,,,,,,,,,,,,,,,,,,,,,,,,,,,,,,,,,,,,,,,,,,,,,,,,,,,,,,,,,,,,,57.13104720006231,57.144222300034016,57.144222300034016,57.144222300034016,57.327966800075956,None,,,,,,,,,,,,,,,,,,,,,,,,,,,,,,,,,,,,,,,,,P8775,Bar_MIC,13,1,2026-05-05_18h40.21.608,MIC_task,,2026.1.2,59.90351939622037,2026-05-05 18h40.22.906714 +0200,
MRnGO_prac_stimuli/wizard.png,"(0, -0.1)",9,0,9,None,,,,,,,,,,,,,,,,,,,,,,0,0,0,0,9,0,9,0,,,,,,,,,,,,,57.3445989000611,,,,,,,,,,,,,,,,,,,,,,,,,,,,,,,,,,,,,,,,,,,,,,,,,,,,,,,,,,,,,,,,,,,57.331097300047986,57.3445989000611,57.3445989000611,57.3445989000611,57.528429500060156,None,,,,,,,,,,,,,,,,,,,,,,,,,,,,,,,,,,,,,,,,,P8775,Bar_MIC,13,1,2026-05-05_18h40.21.608,MIC_task,,2026.1.2,59.90351939622037,2026-05-05 18h40.22.906714 +0200,
MRnGO_prac_stimuli/wizard.png,"(0, -0.1)",10,0,10,None,,,,,,,,,,,,,,,,,,,,,,0,0,0,0,10,0,10,0,,,,,,,,,,,,,57.54496970004402,,,,,,,,,,,,,,,,,,,,,,,,,,,,,,,,,,,,,,,,,,,,,,,,,,,,,,,,,,,,,,,,,,,57.53189240000211,57.54496970004402,57.54496970004402,57.54496970004402,57.729045600048266,None,,,,,,,,,,,,,,,,,,,,,,,,,,,,,,,,,,,,,,,,,P8775,Bar_MIC,13,1,2026-05-05_18h40.21.608,MIC_task,,2026.1.2,59.90351939622037,2026-05-05 18h40.22.906714 +0200,
MRnGO_prac_stimuli/wizard.png,"(0, -0.1)",11,0,11,None,,,,,,,,,,,,,,,,,,,,,,0,0,0,0,11,0,11,0,,,,,,,,,,,,,57.745311100035906,,,,,,,,,,,,,,,,,,,,,,,,,,,,,,,,,,,,,,,,,,,,,,,,,,,,,,,,,,,,,,,,,,,57.73242700006813,57.745311100035906,57.745311100035906,57.745311100035906,57.92932390002534,None,,,,,,,,,,,,,,,,,,,,,,,,,,,,,,,,,,,,,,,,,P8775,Bar_MIC,13,1,2026-05-05_18h40.21.608,MIC_task,,2026.1.2,59.90351939622037,2026-05-05 18h40.22.906714 +0200,
MRnGO_prac_stimuli/wizard.png,"(0, -0.1)",12,0,12,None,,,,,,,,,,,,,,,,,,,,,,0,0,0,0,12,0,12,0,,,,,,,,,,,,,57.945773100014776,,,,,,,,,,,,,,,,,,,,,,,,,,,,,,,,,,,,,,,,,,,,,,,,,,,,,,,,,,,,,,,,,,,57.93234289996326,57.945773100014776,57.945773100014776,57.945773100014776,58.12978610000573,None,,,,,,,,,,,,,,,,,,,,,,,,,,,,,,,,,,,,,,,,,P8775,Bar_MIC,13,1,2026-05-05_18h40.21.608,MIC_task,,2026.1.2,59.90351939622037,2026-05-05 18h40.22.906714 +0200,
MRnGO_prac_stimuli/wizard.png,"(0, -0.1)",13,0,13,None,,,,,,,,,,,,,,,,,,,,,,0,0,0,0,13,0,13,0,,,,,,,,,,,,,58.14596860005986,,,,,,,,,,,,,,,,,,,,,,,,,,,,,,,,,,,,,,,,,,,,,,,,,,,,,,,,,,,,,,,,,,,58.13325650000479,58.14596860005986,58.14596860005986,58.14596860005986,58.32990170002449,None,,,,,,,,,,,,,,,,,,,,,,,,,,,,,,,,,,,,,,,,,P8775,Bar_MIC,13,1,2026-05-05_18h40.21.608,MIC_task,,2026.1.2,59.90351939622037,2026-05-05 18h40.22.906714 +0200,
MRnGO_prac_stimuli/wizard.png,"(0, -0.1)",14,0,14,None,,,,,,,,,,,,,,,,,,,,,,0,0,0,0,14,0,14,0,,,,,,,,,,,,,58.34639680001419,,,,,,,,,,,,,,,,,,,,,,,,,,,,,,,,,,,,,,,,,,,,,,,,,,,,,,,,,,,,,,,,,,,58.33308500004932,58.34639680001419,58.34639680001419,58.34639680001419,58.530497499974445,None,,,,,,,,,,,,,,,,,,,,,,,,,,,,,,,,,,,,,,,,,P8775,Bar_MIC,13,1,2026-05-05_18h40.21.608,MIC_task,,2026.1.2,59.90351939622037,2026-05-05 18h40.22.906714 +0200,
MRnGO_prac_stimuli/wizard.png,"(0, -0.1)",15,0,15,None,,,,,,,,,,,,,,,,,,,,,,0,0,0,0,15,0,15,0,,,,,,,,,,,,,58.54678430000786,,,,,,,,,,,,,,,,,,,,,,,,,,,,,,,,,,,,,,,,,,,,,,,,,,,,,,,,,,,,,,,,,,,58.53387100005057,58.54678430000786,58.54678430000786,58.54678430000786,58.73091060004663,None,,,,,,,,,,,,,,,,,,,,,,,,,,,,,,,,,,,,,,,,,P8775,Bar_MIC,13,1,2026-05-05_18h40.21.608,MIC_task,,2026.1.2,59.90351939622037,2026-05-05 18h40.22.906714 +0200,
MRnGO_prac_stimuli/wizard.png,"(0, -0.1)",16,0,16,None,,,,,,,,,,,,,,,,,,,,,,0,0,0,0,16,0,16,0,,,,,,,,,,,,,58.74714580003638,,,,,,,,,,,,,,,,,,,,,,,,,,,,,,,,,,,,,,,,,,,,,,,,,,,,,,,,,,,,,,,,,,,58.73437840002589,58.74714580003638,58.74714580003638,58.74714580003638,58.93133880000096,None,,,,,,,,,,,,,,,,,,,,,,,,,,,,,,,,,,,,,,,,,P8775,Bar_MIC,13,1,2026-05-05_18h40.21.608,MIC_task,,2026.1.2,59.90351939622037,2026-05-05 18h40.22.906714 +0200,
MRnGO_prac_stimuli/wizard.png,"(0, -0.1)",17,0,17,None,,,,,,,,,,,,,,,,,,,,,,0,0,0,0,17,0,17,0,,,,,,,,,,,,,58.94684930006042,,,,,,,,,,,,,,,,,,,,,,,,,,,,,,,,,,,,,,,,,,,,,,,,,,,,,,,,,,,,,,,,,,,58.93484370002989,58.94684930006042,58.94684930006042,58.94684930006042,59.130527800065465,None,,,,,,,,,,,,,,,,,,,,,,,,,,,,,,,,,,,,,,,,,P8775,Bar_MIC,13,1,2026-05-05_18h40.21.608,MIC_task,,2026.1.2,59.90351939622037,2026-05-05 18h40.22.906714 +0200,
MRnGO_prac_stimuli/wizard.png,"(0, -0.1)",18,0,18,None,,,,,,,,,,,,,,,,,,,,,,0,0,0,0,18,0,18,0,,,,,,,,,,,,,59.14712059998419,,,,,,,,,,,,,,,,,,,,,,,,,,,,,,,,,,,,,,,,,,,,,,,,,,,,,,,,,,,,,,,,,,,59.133638500003144,59.14712059998419,59.14712059998419,59.14712059998419,59.332103200023994,None,,,,,,,,,,,,,,,,,,,,,,,,,,,,,,,,,,,,,,,,,P8775,Bar_MIC,13,1,2026-05-05_18h40.21.608,MIC_task,,2026.1.2,59.90351939622037,2026-05-05 18h40.22.906714 +0200,
MRnGO_prac_stimuli/wizard.png,"(0, -0.1)",19,0,19,None,,,,,,,,,,,,,,,,,,,,,,0,0,0,0,19,0,19,0,,,,,,,,,,,,,59.34754009998869,,,,,,,,,,,,,,,,,,,,,,,,,,,,,,,,,,,,,,,,,,,,,,,,,,,,,,,,,,,,,,,,,,,59.33514410001226,59.34754009998869,59.34754009998869,59.34754009998869,59.53250900004059,None,,,,,,,,,,,,,,,,,,,,,,,,,,,,,,,,,,,,,,,,,P8775,Bar_MIC,13,1,2026-05-05_18h40.21.608,MIC_task,,2026.1.2,59.90351939622037,2026-05-05 18h40.22.906714 +0200,
MRnGO_prac_stimuli/wizard.png,"(0, -0.1)",20,0,20,None,,,,,,,,,,,,,,,,,,,,,,0,0,0,0,20,0,20,0,,,,,,,,,,,,,59.547891000052914,,,,,,,,,,,,,,,,,,,,,,,,,,,,,,,,,,,,,,,,,,,,,,,,,,,,,,,,,,,,,,,,,,,59.53605180000886,59.547891000052914,59.547891000052914,59.547891000052914,59.731886100023985,None,,,,,,,,,,,,,,,,,,,,,,,,,,,,,,,,,,,,,,,,,P8775,Bar_MIC,13,1,2026-05-05_18h40.21.608,MIC_task,,2026.1.2,59.90351939622037,2026-05-05 18h40.22.906714 +0200,
MRnGO_prac_stimuli/wizard.png,"(0, -0.1)",21,0,21,None,,,,,,,,,,,,,,,,,,,,,,0,0,0,0,21,0,21,0,,,,,,,,,,,,,59.74828120006714,,,,,,,,,,,,,,,,,,,,,,,,,,,,,,,,,,,,,,,,,,,,,,,,,,,,,,,,,,,,,,,,,,,59.73512690002099,59.74828120006714,59.74828120006714,59.74828120006714,59.93229370005429,None,,,,,,,,,,,,,,,,,,,,,,,,,,,,,,,,,,,,,,,,,P8775,Bar_MIC,13,1,2026-05-05_18h40.21.608,MIC_task,,2026.1.2,59.90351939622037,2026-05-05 18h40.22.906714 +0200,
MRnGO_prac_stimuli/wizard.png,"(0, -0.1)",22,0,22,None,,,,,,,,,,,,,,,,,,,,,,0,0,0,0,22,0,22,0,,,,,,,,,,,,,59.9486995000625,,,,,,,,,,,,,,,,,,,,,,,,,,,,,,,,,,,,,,,,,,,,,,,,,,,,,,,,,,,,,,,,,,,59.93552349996753,59.9486995000625,59.9486995000625,59.9486995000625,60.132786600035615,None,,,,,,,,,,,,,,,,,,,,,,,,,,,,,,,,,,,,,,,,,P8775,Bar_MIC,13,1,2026-05-05_18h40.21.608,MIC_task,,2026.1.2,59.90351939622037,2026-05-05 18h40.22.906714 +0200,
MRnGO_prac_stimuli/wizard.png,"(0, -0.1)",23,0,23,None,,,,,,,,,,,,,,,,,,,,,,0,0,0,0,23,0,23,0,,,,,,,,,,,,,60.148984499974176,,,,,,,,,,,,,,,,,,,,,,,,,,,,,,,,,,,,,,,,,,,,,,,,,,,,,,,,,,,,,,,,,,,60.13632180006243,60.148984499974176,60.148984499974176,60.148984499974176,60.33337820007,None,,,,,,,,,,,,,,,,,,,,,,,,,,,,,,,,,,,,,,,,,P8775,Bar_MIC,13,1,2026-05-05_18h40.21.608,MIC_task,,2026.1.2,59.90351939622037,2026-05-05 18h40.22.906714 +0200,
MRnGO_prac_stimuli/wizard.png,"(0, -0.1)",24,0,24,None,,,,,,,,,,,,,,,,,,,,,,0,0,0,0,24,0,24,0,,,,,,,,,,,,,60.34929539996665,,,,,,,,,,,,,,,,,,,,,,,,,,,,,,,,,,,,,,,,,,,,,,,,,,,,,,,,,,,,,,,,,,,60.33634170005098,60.34929539996665,60.34929539996665,60.34929539996665,60.53344060003292,None,,,,,,,,,,,,,,,,,,,,,,,,,,,,,,,,,,,,,,,,,P8775,Bar_MIC,13,1,2026-05-05_18h40.21.608,MIC_task,,2026.1.2,59.90351939622037,2026-05-05 18h40.22.906714 +0200,
MRnGO_prac_stimuli/wizard.png,"(0, -0.1)",25,0,25,None,,,,,,,,,,,,,,,,,,,,,,0,0,0,0,25,0,25,0,,,,,,,,,,,,,60.549693100037985,,,,,,,,,,,,,,,,,,,,,,,,,,,,,,,,,,,,,,,,,,,,,,,,,,,,,,,,,,,,,,,,,,,60.536712900036946,60.549693100037985,60.549693100037985,60.549693100037985,60.73345589998644,None,,,,,,,,,,,,,,,,,,,,,,,,,,,,,,,,,,,,,,,,,P8775,Bar_MIC,13,1,2026-05-05_18h40.21.608,MIC_task,,2026.1.2,59.90351939622037,2026-05-05 18h40.22.906714 +0200,
MRnGO_prac_stimuli/wizard.png,"(0, -0.1)",26,0,26,None,,,,,,,,,,,,,,,,,,,,,,0,0,0,0,26,0,26,0,,,,,,,,,,,,,60.75018730002921,,,,,,,,,,,,,,,,,,,,,,,,,,,,,,,,,,,,,,,,,,,,,,,,,,,,,,,,,,,,,,,,,,,60.737182500073686,60.75018730002921,60.75018730002921,60.75018730002921,60.93463849998079,None,,,,,,,,,,,,,,,,,,,,,,,,,,,,,,,,,,,,,,,,,P8775,Bar_MIC,13,1,2026-05-05_18h40.21.608,MIC_task,,2026.1.2,59.90351939622037,2026-05-05 18h40.22.906714 +0200,
MRnGO_prac_stimuli/wizard.png,"(0, -0.1)",27,0,27,None,,,,,,,,,,,,,,,,,,,,,,0,0,0,0,27,0,27,0,,,,,,,,,,,,,60.95045700005721,,,,,,,,,,,,,,,,,,,,,,,,,,,,,,,,,,,,,,,,,,,,,,,,,,,,,,,,,,,,,,,,,,,60.93768309999723,60.95045700005721,60.95045700005721,60.95045700005721,61.13451250002254,None,,,,,,,,,,,,,,,,,,,,,,,,,,,,,,,,,,,,,,,,,P8775,Bar_MIC,13,1,2026-05-05_18h40.21.608,MIC_task,,2026.1.2,59.90351939622037,2026-05-05 18h40.22.906714 +0200,
MRnGO_prac_stimuli/wizard.png,"(0, -0.1)",28,0,28,None,,,,,,,,,,,,,,,,,,,,,,0,0,0,0,28,0,28,0,,,,,,,,,,,,,61.150832100072876,,,,,,,,,,,,,,,,,,,,,,,,,,,,,,,,,,,,,,,,,,,,,,,,,,,,,,,,,,,,,,,,,,,61.1375789999729,61.150832100072876,61.150832100072876,61.150832100072876,61.33514079998713,None,,,,,,,,,,,,,,,,,,,,,,,,,,,,,,,,,,,,,,,,,P8775,Bar_MIC,13,1,2026-05-05_18h40.21.608,MIC_task,,2026.1.2,59.90351939622037,2026-05-05 18h40.22.906714 +0200,
MRnGO_prac_stimuli/wizard.png,"(0, -0.1)",29,0,29,None,,,,,,,,,,,,,,,,,,,,,,0,0,0,0,29,0,29,0,,,,,,,,,,,,,61.35052940004971,,,,,,,,,,,,,,,,,,,,,,,,,,,,,,,,,,,,,,,,,,,,,,,,,,,,,,,,,,,,,,,,,,,61.33820330002345,61.35052940004971,61.35052940004971,61.35052940004971,61.53419549996033,None,,,,,,,,,,,,,,,,,,,,,,,,,,,,,,,,,,,,,,,,,P8775,Bar_MIC,13,1,2026-05-05_18h40.21.608,MIC_task,,2026.1.2,59.90351939622037,2026-05-05 18h40.22.906714 +0200,
MRnGO_prac_stimuli/wizard.png,"(0, -0.1)",30,0,30,None,,,,,,,,,,,,,,,,,,,,,,0,0,0,0,30,0,30,0,,,,,,,,,,,,,61.550843200064264,,,,,,,,,,,,,,,,,,,,,,,,,,,,,,,,,,,,,,,,,,,,,,,,,,,,,,,,,,,,,,,,,,,61.537301999982446,61.550843200064264,61.550843200064264,61.550843200064264,61.73495830001775,None,,,,,,,,,,,,,,,,,,,,,,,,,,,,,,,,,,,,,,,,,P8775,Bar_MIC,13,1,2026-05-05_18h40.21.608,MIC_task,,2026.1.2,59.90351939622037,2026-05-05 18h40.22.906714 +0200,
MRnGO_prac_stimuli/wizard.png,"(0, -0.1)",31,0,31,None,,,,,,,,,,,,,,,,,,,,,,0,0,0,0,31,0,31,0,,,,,,,,,,,,,61.751270600012504,,,,,,,,,,,,,,,,,,,,,,,,,,,,,,,,,,,,,,,,,,,,,,,,,,,,,,,,,,,,,,,,,,,61.7383092000382,61.751270600012504,61.751270600012504,61.751270600012504,61.93515190004837,None,,,,,,,,,,,,,,,,,,,,,,,,,,,,,,,,,,,,,,,,,P8775,Bar_MIC,13,1,2026-05-05_18h40.21.608,MIC_task,,2026.1.2,59.90351939622037,2026-05-05 18h40.22.906714 +0200,
MRnGO_prac_stimuli/wizard.png,"(0, -0.1)",32,0,32,None,,,,,,,,,,,,,,,,,,,,,,0,0,0,0,32,0,32,0,,,,,,,,,,,,,61.95158840005752,,,,,,,,,,,,,,,,,,,,,,,,,,,,,,,,,,,,,,,,,,,,,,,,,,,,,,,,,,,,,,,,,,,61.93847419996746,61.95158840005752,61.95158840005752,61.95158840005752,62.13562279997859,None,,,,,,,,,,,,,,,,,,,,,,,,,,,,,,,,,,,,,,,,,P8775,Bar_MIC,13,1,2026-05-05_18h40.21.608,MIC_task,,2026.1.2,59.90351939622037,2026-05-05 18h40.22.906714 +0200,
MRnGO_prac_stimuli/wizard.png,"(0, -0.1)",33,0,33,None,,,,,,,,,,,,,,,,,,,,,,0,0,0,0,33,0,33,0,,,,,,,,,,,,,62.15194130002055,,,,,,,,,,,,,,,,,,,,,,,,,,,,,,,,,,,,,,,,,,,,,,,,,,,,,,,,,,,,,,,,,,,62.138524800073355,62.15194130002055,62.15194130002055,62.15194130002055,62.33608280005865,None,,,,,,,,,,,,,,,,,,,,,,,,,,,,,,,,,,,,,,,,,P8775,Bar_MIC,13,1,2026-05-05_18h40.21.608,MIC_task,,2026.1.2,59.90351939622037,2026-05-05 18h40.22.906714 +0200,
MRnGO_prac_stimuli/wizard.png,"(0, -0.1)",34,0,34,None,,,,,,,,,,,,,,,,,,,,,,0,0,0,0,34,0,34,0,,,,,,,,,,,,,62.352341199992225,,,,,,,,,,,,,,,,,,,,,,,,,,,,,,,,,,,,,,,,,,,,,,,,,,,,,,,,,,,,,,,,,,,62.3388874999946,62.352341199992225,62.352341199992225,62.352341199992225,62.536118900054134,None,,,,,,,,,,,,,,,,,,,,,,,,,,,,,,,,,,,,,,,,,P8775,Bar_MIC,13,1,2026-05-05_18h40.21.608,MIC_task,,2026.1.2,59.90351939622037,2026-05-05 18h40.22.906714 +0200,
MRnGO_prac_stimuli/wizard.png,"(0, -0.1)",35,0,35,None,,,,,,,,,,,,,,,,,,,,,,0,0,0,0,35,0,35,0,,,,,,,,,,,,,62.5527010000078,,,,,,,,,,,,,,,,,,,,,,,,,,,,,,,,,,,,,,,,,,,,,,,,,,,,,,,,,,,,,,,,,,,62.53942739998456,62.5527010000078,62.5527010000078,62.5527010000078,62.7368817999959,None,,,,,,,,,,,,,,,,,,,,,,,,,,,,,,,,,,,,,,,,,P8775,Bar_MIC,13,1,2026-05-05_18h40.21.608,MIC_task,,2026.1.2,59.90351939622037,2026-05-05 18h40.22.906714 +0200,
MRnGO_prac_stimuli/wizard.png,"(0, -0.1)",36,0,36,None,,,,,,,,,,,,,,,,,,,,,,0,0,0,0,36,0,36,0,,,,,,,,,,,,,62.753031600033864,,,,,,,,,,,,,,,,,,,,,,,,,,,,,,,,,,,,,,,,,,,,,,,,,,,,,,,,,,,,,,,,,,,62.740320799988694,62.753031600033864,62.753031600033864,62.753031600033864,62.93771410000045,None,,,,,,,,,,,,,,,,,,,,,,,,,,,,,,,,,,,,,,,,,P8775,Bar_MIC,13,1,2026-05-05_18h40.21.608,MIC_task,,2026.1.2,59.90351939622037,2026-05-05 18h40.22.906714 +0200,
MRnGO_prac_stimuli/wizard.png,"(0, -0.1)",37,0,37,None,,,,,,,,,,,,,,,,,,,,,,0,0,0,0,37,0,37,0,,,,,,,,,,,,,62.95350239996333,,,,,,,,,,,,,,,,,,,,,,,,,,,,,,,,,,,,,,,,,,,,,,,,,,,,,,,,,,,,,,,,,,,62.94106219999958,62.95350239996333,62.95350239996333,62.95350239996333,63.13809610006865,None,,,,,,,,,,,,,,,,,,,,,,,,,,,,,,,,,,,,,,,,,P8775,Bar_MIC,13,1,2026-05-05_18h40.21.608,MIC_task,,2026.1.2,59.90351939622037,2026-05-05 18h40.22.906714 +0200,
MRnGO_prac_stimuli/wizard.png,"(0, -0.1)",38,0,38,None,,,,,,,,,,,,,,,,,,,,,,0,0,0,0,38,0,38,0,,,,,,,,,,,,,63.15383800002746,,,,,,,,,,,,,,,,,,,,,,,,,,,,,,,,,,,,,,,,,,,,,,,,,,,,,,,,,,,,,,,,,,,63.14145210001152,63.15383800002746,63.15383800002746,63.15383800002746,63.338287099963054,None,,,,,,,,,,,,,,,,,,,,,,,,,,,,,,,,,,,,,,,,,P8775,Bar_MIC,13,1,2026-05-05_18h40.21.608,MIC_task,,2026.1.2,59.90351939622037,2026-05-05 18h40.22.906714 +0200,
MRnGO_prac_stimuli/wizard.png,"(0, -0.1)",39,0,39,None,,,,,,,,,,,,,,,,,,,,,,0,0,0,0,39,0,39,0,,,,,,,,,,,,,63.35345319996122,,,,,,,,,,,,,,,,,,,,,,,,,,,,,,,,,,,,,,,,,,,,,,,,,,,,,,,,,,,,,,,,,,,63.34163100004662,63.35345319996122,63.35345319996122,63.35345319996122,63.53832779999357,None,,,,,,,,,,,,,,,,,,,,,,,,,,,,,,,,,,,,,,,,,P8775,Bar_MIC,13,1,2026-05-05_18h40.21.608,MIC_task,,2026.1.2,59.90351939622037,2026-05-05 18h40.22.906714 +0200,
MRnGO_prac_stimuli/wizard.png,"(0, -0.1)",40,0,40,None,,,,,,,,,,,,,,,,,,,,,,0,0,0,0,40,0,40,0,,,,,,,,,,,,,63.55382360005751,,,,,,,,,,,,,,,,,,,,,,,,,,,,,,,,,,,,,,,,,,,,,,,,,,,,,,,,,,,,,,,,,,,63.54143650003243,63.55382360005751,63.55382360005751,63.55382360005751,63.738796600024216,None,,,,,,,,,,,,,,,,,,,,,,,,,,,,,,,,,,,,,,,,,P8775,Bar_MIC,13,1,2026-05-05_18h40.21.608,MIC_task,,2026.1.2,59.90351939622037,2026-05-05 18h40.22.906714 +0200,
MRnGO_prac_stimuli/wizard.png,"(0, -0.1)",41,0,41,None,,,,,,,,,,,,,,,,,,,,,,0,0,0,0,41,0,41,0,,,,,,,,,,,,,63.75424799998291,,,,,,,,,,,,,,,,,,,,,,,,,,,,,,,,,,,,,,,,,,,,,,,,,,,,,,,,,,,,,,,,,,,63.74189619999379,63.75424799998291,63.75424799998291,63.75424799998291,63.93806409998797,None,,,,,,,,,,,,,,,,,,,,,,,,,,,,,,,,,,,,,,,,,P8775,Bar_MIC,13,1,2026-05-05_18h40.21.608,MIC_task,,2026.1.2,59.90351939622037,2026-05-05 18h40.22.906714 +0200,
MRnGO_prac_stimuli/wizard.png,"(0, -0.1)",42,0,42,None,,,,,,,,,,,,,,,,,,,,,,0,0,0,0,42,0,42,0,,,,,,,,,,,,,63.95460820000153,,,,,,,,,,,,,,,,,,,,,,,,,,,,,,,,,,,,,,,,,,,,,,,,,,,,,,,,,,,,,,,,,,,63.94111240003258,63.95460820000153,63.95460820000153,63.95460820000153,64.13846300006844,None,,,,,,,,,,,,,,,,,,,,,,,,,,,,,,,,,,,,,,,,,P8775,Bar_MIC,13,1,2026-05-05_18h40.21.608,MIC_task,,2026.1.2,59.90351939622037,2026-05-05 18h40.22.906714 +0200,
MRnGO_prac_stimuli/wizard.png,"(0, -0.1)",43,0,43,None,,,,,,,,,,,,,,,,,,,,,,0,0,0,0,43,0,43,0,,,,,,,,,,,,,64.15494340006262,,,,,,,,,,,,,,,,,,,,,,,,,,,,,,,,,,,,,,,,,,,,,,,,,,,,,,,,,,,,,,,,,,,64.14198119996581,64.15494340006262,64.15494340006262,64.15494340006262,64.33932410005946,None,,,,,,,,,,,,,,,,,,,,,,,,,,,,,,,,,,,,,,,,,P8775,Bar_MIC,13,1,2026-05-05_18h40.21.608,MIC_task,,2026.1.2,59.90351939622037,2026-05-05 18h40.22.906714 +0200,
MRnGO_prac_stimuli/wizard.png,"(0, -0.1)",44,0,44,None,,,,,,,,,,,,,,,,,,,,,,0,0,0,0,44,0,44,0,,,,,,,,,,,,,64.35534020001069,,,,,,,,,,,,,,,,,,,,,,,,,,,,,,,,,,,,,,,,,,,,,,,,,,,,,,,,,,,,,,,,,,,64.34283089998644,64.35534020001069,64.35534020001069,64.35534020001069,64.53937750007026,None,,,,,,,,,,,,,,,,,,,,,,,,,,,,,,,,,,,,,,,,,P8775,Bar_MIC,13,1,2026-05-05_18h40.21.608,MIC_task,,2026.1.2,59.90351939622037,2026-05-05 18h40.22.906714 +0200,
MRnGO_prac_stimuli/wizard.png,"(0, -0.1)",45,0,45,None,,,,,,,,,,,,,,,,,,,,,,0,0,0,0,45,0,45,0,,,,,,,,,,,,,64.55565250001382,,,,,,,,,,,,,,,,,,,,,,,,,,,,,,,,,,,,,,,,,,,,,,,,,,,,,,,,,,,,,,,,,,,64.54259920003824,64.55565250001382,64.55565250001382,64.55565250001382,64.7394388000248,None,,,,,,,,,,,,,,,,,,,,,,,,,,,,,,,,,,,,,,,,,P8775,Bar_MIC,13,1,2026-05-05_18h40.21.608,MIC_task,,2026.1.2,59.90351939622037,2026-05-05 18h40.22.906714 +0200,
MRnGO_prac_stimuli/wizard.png,"(0, -0.1)",46,0,46,None,,,,,,,,,,,,,,,,,,,,,,0,0,0,0,46,0,46,0,,,,,,,,,,,,,64.7560070999898,,,,,,,,,,,,,,,,,,,,,,,,,,,,,,,,,,,,,,,,,,,,,,,,,,,,,,,,,,,,,,,,,,,64.74251850007568,64.7560070999898,64.7560070999898,64.7560070999898,64.94009370007552,None,,,,,,,,,,,,,,,,,,,,,,,,,,,,,,,,,,,,,,,,,P8775,Bar_MIC,13,1,2026-05-05_18h40.21.608,MIC_task,,2026.1.2,59.90351939622037,2026-05-05 18h40.22.906714 +0200,
MRnGO_prac_stimuli/wizard.png,"(0, -0.1)",47,0,47,None,,,,,,,,,,,,,,,,,,,,,,0,0,0,0,47,0,47,0,,,,,,,,,,,,,64.95633680000901,,,,,,,,,,,,,,,,,,,,,,,,,,,,,,,,,,,,,,,,,,,,,,,,,,,,,,,,,,,,,,,,,,,64.94353739998769,64.95633680000901,64.95633680000901,64.95633680000901,65.1404263000004,None,,,,,,,,,,,,,,,,,,,,,,,,,,,,,,,,,,,,,,,,,P8775,Bar_MIC,13,1,2026-05-05_18h40.21.608,MIC_task,,2026.1.2,59.90351939622037,2026-05-05 18h40.22.906714 +0200,
MRnGO_prac_stimuli/wizard.png,"(0, -0.1)",48,0,48,None,,,,,,,,,,,,,,,,,,,,,,0,0,0,0,48,0,48,0,,,,,,,,,,,,,65.1568584999768,,,,,,,,,,,,,,,,,,,,,,,,,,,,,,,,,,,,,,,,,,,,,,,,,,,,,,,,,,,,,,,,,,,65.14383369998541,65.1568584999768,65.1568584999768,65.1568584999768,65.34086620004382,None,,,,,,,,,,,,,,,,,,,,,,,,,,,,,,,,,,,,,,,,,P8775,Bar_MIC,13,1,2026-05-05_18h40.21.608,MIC_task,,2026.1.2,59.90351939622037,2026-05-05 18h40.22.906714 +0200,
MRnGO_prac_stimuli/wizard.png,"(0, -0.1)",49,0,49,None,,,,,,,,,,,,,,,,,,,,,,0,0,0,0,49,0,49,0,,,,,,,,,,,,,65.35719989996869,,,,,,,,,,,,,,,,,,,,,,,,,,,,,,,,,,,,,,,,,,,,,,,,,,,,,,,,,,,,,,,,,,,65.34388289996423,65.35719989996869,65.35719989996869,65.35719989996869,65.52481740002986,None,,,,,,,,,,,,,,,,,,,,,,,,,,,,,,,,,,,,,,,,,P8775,Bar_MIC,13,1,2026-05-05_18h40.21.608,MIC_task,,2026.1.2,59.90351939622037,2026-05-05 18h40.22.906714 +0200,
MRnGO_prac_stimuli/wizard.png,"(0, -0.1)",50,0,50,None,,,,,,,,,,,,,,,,,,,,,,0,0,0,0,50,0,50,0,,,,,,,,,,,,,65.54083279997576,,,,,,,,,,,,,,,,,,,,,,,,,,,,,,,,,,,,,,,,,,,,,,,,,,,,,,,,,,,,,,,,,,,65.52786350005772,65.54083279997576,65.54083279997576,65.54083279997576,65.72412849997636,None,65.74041900003795,65.74041900003795,65.74041900003795,,,,,,,,,,,,,,,,,,,,,,,,,,,,,,,,,,,,,,P8775,Bar_MIC,13,1,2026-05-05_18h40.21.608,MIC_task,,2026.1.2,59.90351939622037,2026-05-05 18h40.22.906714 +0200,
MRnGO_prac_stimuli/wizard.png,"(0, -0.1)",51,0,51,None,,,,,,,,,,,,,,,,,,,,,,0,0,0,0,51,0,51,0,,,,,,,,,,,,,65.74041900003795,,,,,,,,,,,,,,,,,,,,,,,,,,,,,,,,,,,,,,,,,,,,,,,,,,,,,,,,,,,,,,,,,,,65.72729950002395,65.74041900003795,65.74041900003795,65.74041900003795,65.92530040000565,None,,,,,,,,,,,,,,,,,,,,,,,,,,,,,,,,,,,,,,,,,P8775,Bar_MIC,13,1,2026-05-05_18h40.21.608,MIC_task,,2026.1.2,59.90351939622037,2026-05-05 18h40.22.906714 +0200,
MRnGO_prac_stimuli/wizard.png,"(0, -0.1)",52,0,52,None,,,,,,,,,,,,,,,,,,,,,,0,0,0,0,52,0,52,0,,,,,,,,,,,,,65.94085010001436,,,,,,,,,,,,,,,,,,,,,,,,,,,,,,,,,,,,,,,,,,,,,,,,,,,,,,,,,,,,,,,,,,,65.92832950002048,65.94085010001436,65.94085010001436,65.94085010001436,66.12584920006339,None,,,,,,,,,,,,,,,,,,,,,,,,,,,,,,,,,,,,,,,,,P8775,Bar_MIC,13,1,2026-05-05_18h40.21.608,MIC_task,,2026.1.2,59.90351939622037,2026-05-05 18h40.22.906714 +0200,
MRnGO_prac_stimuli/wizard.png,"(0, -0.1)",53,0,53,space,0.024742199922911823,None,,,,,,,,,,,,,,,,,,,,0,0,0,0,53,0,53,0,,,,,,,,,,,,,66.14116720005404,,,,,,,,,,,,,,,,,,,,,,,,,,,,,,,,,,,,,,,,,,,,,,,,,,,,,,,,,,,,,,,,,,,66.12890670006163,66.14116720005404,66.14116720005404,66.14116720005404,66.1760929999873,space,,,,0.024742199922911823,None,,,,,,,,,,,,,,,,,,,,,,,,,,,,,,,,,,,,P8775,Bar_MIC,13,1,2026-05-05_18h40.21.608,MIC_task,,2026.1.2,59.90351939622037,2026-05-05 18h40.22.906714 +0200,
MRnGO_prac_stimuli/wizard.png,"(0, -0.1)",0,0,0,,,,space,3.433682300033979,None,,,,,,,,,,,,,,,,,0,0,0,0,,,,,,,,,,,,,,,,,,,,,,,,,,,,,,,,,,,,,,,,,,,,,,,,,,,,,,,,,,,,,,,,,,,,,,,,,,,,,,,,,,,,,,,,,,,,,,,66.23392939998303,66.24209910002537,66.24183866674235,68.17779410001822,68.20151200005785,68.20695899997372,68.21100633336076,70.09732850000728,70.18192050000653,70.18195590004325,70.19740860001184,70.19740860001184,73.63736699998844,space,3.433682300033979,None,,,,,,,,,,,,,,,,,,,,P8775,Bar_MIC,13,1,2026-05-05_18h40.21.608,MIC_task,,2026.1.2,59.90351939622037,2026-05-05 18h40.22.906714 +0200,
MRnGO_prac_stimuli/clover.png,"(0.1, 0.1)",0,0,0,None,,,,,,,,,,,,,,,,,,,,,,0,1,1,1,0,0,0,0,,,,,,,,,,,,,73.663493799977,,,,,,,,,,,,,,,,,,,,,,,,,,,,,,,,,,,,,,,,,,,,,,,,,,,,,,,,,,,,,,,,,,,73.65838839998469,73.663493799977,73.663493799977,73.663493799977,73.85406679997686,None,,,,,,,,,,,,,,,,,,,,,,,,,,,,,,,,,,,,,,,,,P8775,Bar_MIC,13,1,2026-05-05_18h40.21.608,MIC_task,,2026.1.2,59.90351939622037,2026-05-05 18h40.22.906714 +0200,
MRnGO_prac_stimuli/clover.png,"(0.1, 0.1)",0,0,0,None,,,,,,,,,,,,,,,,,,,,,,0,1,1,1,0,0,0,0,,,,,,,,,,,,,73.86964689998422,,,,,,,,,,,,,,,,,,,,,,,,,,,,,,,,,,,,,,,,,,,,,,,,,,,,,,,,,,,,,,,,,,,73.85703000007197,73.86964689998422,73.86964689998422,73.86964689998422,74.03773580002598,None,,,,,,,,,,,,,,,,,,,,,,,,,,,,,,,,,,,,,,,,,P8775,Bar_MIC,13,1,2026-05-05_18h40.21.608,MIC_task,,2026.1.2,59.90351939622037,2026-05-05 18h40.22.906714 +0200,
MRnGO_prac_stimuli/clover.png,"(0.1, 0.1)",1,0,1,None,,,,,,,,,,,,,,,,,,,,,,0,1,1,1,1,0,1,0,,,,,,,,,,,,,74.05318639997859,,,,,,,,,,,,,,,,,,,,,,,,,,,,,,,,,,,,,,,,,,,,,,,,,,,,,,,,,,,,,,,,,,,74.04080169997178,74.05318639997859,74.05318639997859,74.05318639997859,74.23783890006598,None,74.25356670003384,74.25356670003384,74.25356670003384,,,,,,,,,,,,,,,,,,,,,,,,,,,,,,,,,,,,,,P8775,Bar_MIC,13,1,2026-05-05_18h40.21.608,MIC_task,,2026.1.2,59.90351939622037,2026-05-05 18h40.22.906714 +0200,
MRnGO_prac_stimuli/clover.png,"(0.1, 0.1)",2,0,2,None,,,,,,,,,,,,,,,,,,,,,,0,1,1,1,2,0,2,0,,,,,,,,,,,,,74.25356670003384,,,,,,,,,,,,,,,,,,,,,,,,,,,,,,,,,,,,,,,,,,,,,,,,,,,,,,,,,,,,,,,,,,,74.24094439996406,74.25356670003384,74.25356670003384,74.25356670003384,74.43776710005477,None,74.45396880002227,74.45396880002227,74.45396880002227,,,,,,,,,,,,,,,,,,,,,,,,,,,,,,,,,,,,,,P8775,Bar_MIC,13,1,2026-05-05_18h40.21.608,MIC_task,,2026.1.2,59.90351939622037,2026-05-05 18h40.22.906714 +0200,
MRnGO_prac_stimuli/clover.png,"(0.1, 0.1)",3,0,3,None,,,,,,,,,,,,,,,,,,,,,,0,1,1,1,3,0,3,0,,,,,,,,,,,,,74.45396880002227,,,,,,,,,,,,,,,,,,,,,,,,,,,,,,,,,,,,,,,,,,,,,,,,,,,,,,,,,,,,,,,,,,,74.44057720003184,74.45396880002227,74.45396880002227,74.45396880002227,74.63783280004282,None,,,,,,,,,,,,,,,,,,,,,,,,,,,,,,,,,,,,,,,,,P8775,Bar_MIC,13,1,2026-05-05_18h40.21.608,MIC_task,,2026.1.2,59.90351939622037,2026-05-05 18h40.22.906714 +0200,
MRnGO_prac_stimuli/clover.png,"(0.1, 0.1)",4,0,4,None,,,,,,,,,,,,,,,,,,,,,,0,1,1,1,4,0,4,0,,,,,,,,,,,,,74.65433599997777,,,,,,,,,,,,,,,,,,,,,,,,,,,,,,,,,,,,,,,,,,,,,,,,,,,,,,,,,,,,,,,,,,,74.64080409996677,74.65433599997777,74.65433599997777,74.65433599997777,74.83876189996954,None,,,,,,,,,,,,,,,,,,,,,,,,,,,,,,,,,,,,,,,,,P8775,Bar_MIC,13,1,2026-05-05_18h40.21.608,MIC_task,,2026.1.2,59.90351939622037,2026-05-05 18h40.22.906714 +0200,
MRnGO_prac_stimuli/clover.png,"(0.1, 0.1)",5,0,5,None,,,,,,,,,,,,,,,,,,,,,,0,1,1,1,5,0,5,0,,,,,,,,,,,,,74.85465059999842,,,,,,,,,,,,,,,,,,,,,,,,,,,,,,,,,,,,,,,,,,,,,,,,,,,,,,,,,,,,,,,,,,,74.84223680000287,74.85465059999842,74.85465059999842,74.85465059999842,75.03873560007196,None,,,,,,,,,,,,,,,,,,,,,,,,,,,,,,,,,,,,,,,,,P8775,Bar_MIC,13,1,2026-05-05_18h40.21.608,MIC_task,,2026.1.2,59.90351939622037,2026-05-05 18h40.22.906714 +0200,
MRnGO_prac_stimuli/clover.png,"(0.1, 0.1)",6,0,6,None,,,,,,,,,,,,,,,,,,,,,,0,1,1,1,6,0,6,0,,,,,,,,,,,,,75.05504860007204,,,,,,,,,,,,,,,,,,,,,,,,,,,,,,,,,,,,,,,,,,,,,,,,,,,,,,,,,,,,,,,,,,,75.04194000002462,75.05504860007204,75.05504860007204,75.05504860007204,75.23908700002357,None,,,,,,,,,,,,,,,,,,,,,,,,,,,,,,,,,,,,,,,,,P8775,Bar_MIC,13,1,2026-05-05_18h40.21.608,MIC_task,,2026.1.2,59.90351939622037,2026-05-05 18h40.22.906714 +0200,
MRnGO_prac_stimuli/clover.png,"(0.1, 0.1)",7,0,7,None,,,,,,,,,,,,,,,,,,,,,,0,1,1,1,7,0,7,0,,,,,,,,,,,,,75.25530379998963,,,,,,,,,,,,,,,,,,,,,,,,,,,,,,,,,,,,,,,,,,,,,,,,,,,,,,,,,,,,,,,,,,,75.24202320002951,75.25530379998963,75.25530379998963,75.25530379998963,75.43954399996437,None,,,,,,,,,,,,,,,,,,,,,,,,,,,,,,,,,,,,,,,,,P8775,Bar_MIC,13,1,2026-05-05_18h40.21.608,MIC_task,,2026.1.2,59.90351939622037,2026-05-05 18h40.22.906714 +0200,
MRnGO_prac_stimuli/clover.png,"(0.1, 0.1)",8,0,8,None,,,,,,,,,,,,,,,,,,,,,,0,1,1,1,8,0,8,0,,,,,,,,,,,,,75.45578059996478,,,,,,,,,,,,,,,,,,,,,,,,,,,,,,,,,,,,,,,,,,,,,,,,,,,,,,,,,,,,,,,,,,,75.44295539997984,75.45578059996478,75.45578059996478,75.45578059996478,75.63873880007304,None,,,,,,,,,,,,,,,,,,,,,,,,,,,,,,,,,,,,,,,,,P8775,Bar_MIC,13,1,2026-05-05_18h40.21.608,MIC_task,,2026.1.2,59.90351939622037,2026-05-05 18h40.22.906714 +0200,
MRnGO_prac_stimuli/clover.png,"(0.1, 0.1)",9,0,9,None,,,,,,,,,,,,,,,,,,,,,,0,1,1,1,9,0,9,0,,,,,,,,,,,,,75.65613390004728,,,,,,,,,,,,,,,,,,,,,,,,,,,,,,,,,,,,,,,,,,,,,,,,,,,,,,,,,,,,,,,,,,,75.64172000007238,75.65613390004728,75.65613390004728,75.65613390004728,75.84085310006049,None,,,,,,,,,,,,,,,,,,,,,,,,,,,,,,,,,,,,,,,,,P8775,Bar_MIC,13,1,2026-05-05_18h40.21.608,MIC_task,,2026.1.2,59.90351939622037,2026-05-05 18h40.22.906714 +0200,
MRnGO_prac_stimuli/clover.png,"(0.1, 0.1)",10,0,10,None,,,,,,,,,,,,,,,,,,,,,,0,1,1,1,10,0,10,0,,,,,,,,,,,,,75.85650530003477,,,,,,,,,,,,,,,,,,,,,,,,,,,,,,,,,,,,,,,,,,,,,,,,,,,,,,,,,,,,,,,,,,,75.84393390000332,75.85650530003477,75.85650530003477,75.85650530003477,76.04065169999376,None,,,,,,,,,,,,,,,,,,,,,,,,,,,,,,,,,,,,,,,,,P8775,Bar_MIC,13,1,2026-05-05_18h40.21.608,MIC_task,,2026.1.2,59.90351939622037,2026-05-05 18h40.22.906714 +0200,
MRnGO_prac_stimuli/clover.png,"(0.1, 0.1)",11,0,11,None,,,,,,,,,,,,,,,,,,,,,,0,1,1,1,11,0,11,0,,,,,,,,,,,,,76.05624990002252,,,,,,,,,,,,,,,,,,,,,,,,,,,,,,,,,,,,,,,,,,,,,,,,,,,,,,,,,,,,,,,,,,,76.0433752000099,76.05624990002252,76.05624990002252,76.05624990002252,76.24100190005265,None,,,,,,,,,,,,,,,,,,,,,,,,,,,,,,,,,,,,,,,,,P8775,Bar_MIC,13,1,2026-05-05_18h40.21.608,MIC_task,,2026.1.2,59.90351939622037,2026-05-05 18h40.22.906714 +0200,
MRnGO_prac_stimuli/clover.png,"(0.1, 0.1)",12,0,12,None,,,,,,,,,,,,,,,,,,,,,,0,1,1,1,12,0,12,0,,,,,,,,,,,,,76.25648640003055,,,,,,,,,,,,,,,,,,,,,,,,,,,,,,,,,,,,,,,,,,,,,,,,,,,,,,,,,,,,,,,,,,,76.2439823000459,76.25648640003055,76.25648640003055,76.25648640003055,76.44152250001207,None,,,,,,,,,,,,,,,,,,,,,,,,,,,,,,,,,,,,,,,,,P8775,Bar_MIC,13,1,2026-05-05_18h40.21.608,MIC_task,,2026.1.2,59.90351939622037,2026-05-05 18h40.22.906714 +0200,
MRnGO_prac_stimuli/clover.png,"(0.1, 0.1)",13,0,13,None,,,,,,,,,,,,,,,,,,,,,,0,1,1,1,13,0,13,0,,,,,,,,,,,,,76.45702229999006,,,,,,,,,,,,,,,,,,,,,,,,,,,,,,,,,,,,,,,,,,,,,,,,,,,,,,,,,,,,,,,,,,,76.44545280002058,76.45702229999006,76.45702229999006,76.45702229999006,76.64080880000256,None,,,,,,,,,,,,,,,,,,,,,,,,,,,,,,,,,,,,,,,,,P8775,Bar_MIC,13,1,2026-05-05_18h40.21.608,MIC_task,,2026.1.2,59.90351939622037,2026-05-05 18h40.22.906714 +0200,
MRnGO_prac_stimuli/clover.png,"(0.1, 0.1)",14,0,14,None,,,,,,,,,,,,,,,,,,,,,,0,1,1,1,14,0,14,0,,,,,,,,,,,,,76.65729270002339,,,,,,,,,,,,,,,,,,,,,,,,,,,,,,,,,,,,,,,,,,,,,,,,,,,,,,,,,,,,,,,,,,,76.64412740000989,76.65729270002339,76.65729270002339,76.65729270002339,76.84122419997584,None,,,,,,,,,,,,,,,,,,,,,,,,,,,,,,,,,,,,,,,,,P8775,Bar_MIC,13,1,2026-05-05_18h40.21.608,MIC_task,,2026.1.2,59.90351939622037,2026-05-05 18h40.22.906714 +0200,
MRnGO_prac_stimuli/clover.png,"(0.1, 0.1)",15,0,15,None,,,,,,,,,,,,,,,,,,,,,,0,1,1,1,15,0,15,0,,,,,,,,,,,,,76.857694300008,,,,,,,,,,,,,,,,,,,,,,,,,,,,,,,,,,,,,,,,,,,,,,,,,,,,,,,,,,,,,,,,,,,76.84433730004821,76.857694300008,76.857694300008,76.857694300008,77.0416895999806,None,,,,,,,,,,,,,,,,,,,,,,,,,,,,,,,,,,,,,,,,,P8775,Bar_MIC,13,1,2026-05-05_18h40.21.608,MIC_task,,2026.1.2,59.90351939622037,2026-05-05 18h40.22.906714 +0200,
MRnGO_prac_stimuli/clover.png,"(0.1, 0.1)",16,0,16,None,,,,,,,,,,,,,,,,,,,,,,0,1,1,1,16,0,16,0,,,,,,,,,,,,,77.05812379997224,,,,,,,,,,,,,,,,,,,,,,,,,,,,,,,,,,,,,,,,,,,,,,,,,,,,,,,,,,,,,,,,,,,77.04483410005923,77.05812379997224,77.05812379997224,77.05812379997224,77.2420082000317,None,,,,,,,,,,,,,,,,,,,,,,,,,,,,,,,,,,,,,,,,,P8775,Bar_MIC,13,1,2026-05-05_18h40.21.608,MIC_task,,2026.1.2,59.90351939622037,2026-05-05 18h40.22.906714 +0200,
MRnGO_prac_stimuli/clover.png,"(0.1, 0.1)",17,0,17,None,,,,,,,,,,,,,,,,,,,,,,0,1,1,1,17,0,17,0,,,,,,,,,,,,,77.2583759999834,,,,,,,,,,,,,,,,,,,,,,,,,,,,,,,,,,,,,,,,,,,,,,,,,,,,,,,,,,,,,,,,,,,77.2452106999699,77.2583759999834,77.2583759999834,77.2583759999834,77.44250420003664,None,,,,,,,,,,,,,,,,,,,,,,,,,,,,,,,,,,,,,,,,,P8775,Bar_MIC,13,1,2026-05-05_18h40.21.608,MIC_task,,2026.1.2,59.90351939622037,2026-05-05 18h40.22.906714 +0200,
MRnGO_prac_stimuli/clover.png,"(0.1, 0.1)",18,0,18,None,,,,,,,,,,,,,,,,,,,,,,0,1,1,1,18,0,18,0,,,,,,,,,,,,,77.45875039999373,,,,,,,,,,,,,,,,,,,,,,,,,,,,,,,,,,,,,,,,,,,,,,,,,,,,,,,,,,,,,,,,,,,77.44572820002213,77.45875039999373,77.45875039999373,77.45875039999373,77.6429938999936,None,,,,,,,,,,,,,,,,,,,,,,,,,,,,,,,,,,,,,,,,,P8775,Bar_MIC,13,1,2026-05-05_18h40.21.608,MIC_task,,2026.1.2,59.90351939622037,2026-05-05 18h40.22.906714 +0200,
MRnGO_prac_stimuli/clover.png,"(0.1, 0.1)",19,0,19,None,,,,,,,,,,,,,,,,,,,,,,0,1,1,1,19,0,19,0,,,,,,,,,,,,,77.6590902999742,,,,,,,,,,,,,,,,,,,,,,,,,,,,,,,,,,,,,,,,,,,,,,,,,,,,,,,,,,,,,,,,,,,77.64651039999444,77.6590902999742,77.6590902999742,77.6590902999742,77.84318840003107,None,,,,,,,,,,,,,,,,,,,,,,,,,,,,,,,,,,,,,,,,,P8775,Bar_MIC,13,1,2026-05-05_18h40.21.608,MIC_task,,2026.1.2,59.90351939622037,2026-05-05 18h40.22.906714 +0200,
MRnGO_prac_stimuli/clover.png,"(0.1, 0.1)",20,0,20,None,,,,,,,,,,,,,,,,,,,,,,0,1,1,1,20,0,20,0,,,,,,,,,,,,,77.8586996999802,,,,,,,,,,,,,,,,,,,,,,,,,,,,,,,,,,,,,,,,,,,,,,,,,,,,,,,,,,,,,,,,,,,77.84654050006066,77.8586996999802,77.8586996999802,77.8586996999802,78.04415550001431,None,,,,,,,,,,,,,,,,,,,,,,,,,,,,,,,,,,,,,,,,,P8775,Bar_MIC,13,1,2026-05-05_18h40.21.608,MIC_task,,2026.1.2,59.90351939622037,2026-05-05 18h40.22.906714 +0200,
MRnGO_prac_stimuli/clover.png,"(0.1, 0.1)",21,0,21,None,,,,,,,,,,,,,,,,,,,,,,0,1,1,1,21,0,21,0,,,,,,,,,,,,,78.05912330001593,,,,,,,,,,,,,,,,,,,,,,,,,,,,,,,,,,,,,,,,,,,,,,,,,,,,,,,,,,,,,,,,,,,78.04754920001142,78.05912330001593,78.05912330001593,78.05912330001593,78.24398070003372,None,,,,,,,,,,,,,,,,,,,,,,,,,,,,,,,,,,,,,,,,,P8775,Bar_MIC,13,1,2026-05-05_18h40.21.608,MIC_task,,2026.1.2,59.90351939622037,2026-05-05 18h40.22.906714 +0200,
MRnGO_prac_stimuli/clover.png,"(0.1, 0.1)",22,0,22,None,,,,,,,,,,,,,,,,,,,,,,0,1,1,1,22,0,22,0,,,,,,,,,,,,,78.25948790006805,,,,,,,,,,,,,,,,,,,,,,,,,,,,,,,,,,,,,,,,,,,,,,,,,,,,,,,,,,,,,,,,,,,78.2474574999651,78.25948790006805,78.25948790006805,78.25948790006805,78.44322959997226,None,,,,,,,,,,,,,,,,,,,,,,,,,,,,,,,,,,,,,,,,,P8775,Bar_MIC,13,1,2026-05-05_18h40.21.608,MIC_task,,2026.1.2,59.90351939622037,2026-05-05 18h40.22.906714 +0200,
MRnGO_prac_stimuli/clover.png,"(0.1, 0.1)",23,0,23,None,,,,,,,,,,,,,,,,,,,,,,0,1,1,1,23,0,23,0,,,,,,,,,,,,,78.45992479997221,,,,,,,,,,,,,,,,,,,,,,,,,,,,,,,,,,,,,,,,,,,,,,,,,,,,,,,,,,,,,,,,,,,78.44618530001026,78.45992479997221,78.45992479997221,78.45992479997221,78.64357800001744,None,,,,,,,,,,,,,,,,,,,,,,,,,,,,,,,,,,,,,,,,,P8775,Bar_MIC,13,1,2026-05-05_18h40.21.608,MIC_task,,2026.1.2,59.90351939622037,2026-05-05 18h40.22.906714 +0200,
MRnGO_prac_stimuli/clover.png,"(0.1, 0.1)",24,0,24,None,,,,,,,,,,,,,,,,,,,,,,0,1,1,1,24,0,24,0,,,,,,,,,,,,,78.66026819997933,,,,,,,,,,,,,,,,,,,,,,,,,,,,,,,,,,,,,,,,,,,,,,,,,,,,,,,,,,,,,,,,,,,78.64682040002663,78.66026819997933,78.66026819997933,78.66026819997933,78.84398050000891,None,,,,,,,,,,,,,,,,,,,,,,,,,,,,,,,,,,,,,,,,,P8775,Bar_MIC,13,1,2026-05-05_18h40.21.608,MIC_task,,2026.1.2,59.90351939622037,2026-05-05 18h40.22.906714 +0200,
MRnGO_prac_stimuli/clover.png,"(0.1, 0.1)",25,0,25,None,,,,,,,,,,,,,,,,,,,,,,0,1,1,1,25,0,25,0,,,,,,,,,,,,,78.86063360003754,,,,,,,,,,,,,,,,,,,,,,,,,,,,,,,,,,,,,,,,,,,,,,,,,,,,,,,,,,,,,,,,,,,78.84718609997071,78.86063360003754,78.86063360003754,78.86063360003754,79.04438750003465,None,,,,,,,,,,,,,,,,,,,,,,,,,,,,,,,,,,,,,,,,,P8775,Bar_MIC,13,1,2026-05-05_18h40.21.608,MIC_task,,2026.1.2,59.90351939622037,2026-05-05 18h40.22.906714 +0200,
MRnGO_prac_stimuli/clover.png,"(0.1, 0.1)",26,0,26,None,,,,,,,,,,,,,,,,,,,,,,0,1,1,1,26,0,26,0,,,,,,,,,,,,,79.06109730002936,,,,,,,,,,,,,,,,,,,,,,,,,,,,,,,,,,,,,,,,,,,,,,,,,,,,,,,,,,,,,,,,,,,79.04736279998906,79.06109730002936,79.06109730002936,79.06109730002936,79.2450308999978,None,,,,,,,,,,,,,,,,,,,,,,,,,,,,,,,,,,,,,,,,,P8775,Bar_MIC,13,1,2026-05-05_18h40.21.608,MIC_task,,2026.1.2,59.90351939622037,2026-05-05 18h40.22.906714 +0200,
MRnGO_prac_stimuli/clover.png,"(0.1, 0.1)",27,0,27,None,,,,,,,,,,,,,,,,,,,,,,0,1,1,1,27,0,27,0,,,,,,,,,,,,,79.26139630004764,,,,,,,,,,,,,,,,,,,,,,,,,,,,,,,,,,,,,,,,,,,,,,,,,,,,,,,,,,,,,,,,,,,79.24769129999913,79.26139630004764,79.26139630004764,79.26139630004764,79.44556380005088,None,,,,,,,,,,,,,,,,,,,,,,,,,,,,,,,,,,,,,,,,,P8775,Bar_MIC,13,1,2026-05-05_18h40.21.608,MIC_task,,2026.1.2,59.90351939622037,2026-05-05 18h40.22.906714 +0200,
MRnGO_prac_stimuli/clover.png,"(0.1, 0.1)",28,0,28,None,,,,,,,,,,,,,,,,,,,,,,0,1,1,1,28,0,28,0,,,,,,,,,,,,,79.46170640003402,,,,,,,,,,,,,,,,,,,,,,,,,,,,,,,,,,,,,,,,,,,,,,,,,,,,,,,,,,,,,,,,,,,79.44867509999312,79.46170640003402,79.46170640003402,79.46170640003402,79.64569240005221,None,,,,,,,,,,,,,,,,,,,,,,,,,,,,,,,,,,,,,,,,,P8775,Bar_MIC,13,1,2026-05-05_18h40.21.608,MIC_task,,2026.1.2,59.90351939622037,2026-05-05 18h40.22.906714 +0200,
MRnGO_prac_stimuli/clover.png,"(0.1, 0.1)",29,0,29,None,,,,,,,,,,,,,,,,,,,,,,0,1,1,1,29,0,29,0,,,,,,,,,,,,,79.66202679998241,,,,,,,,,,,,,,,,,,,,,,,,,,,,,,,,,,,,,,,,,,,,,,,,,,,,,,,,,,,,,,,,,,,79.64880039996933,79.66202679998241,79.66202679998241,79.66202679998241,79.84621530002914,None,,,,,,,,,,,,,,,,,,,,,,,,,,,,,,,,,,,,,,,,,P8775,Bar_MIC,13,1,2026-05-05_18h40.21.608,MIC_task,,2026.1.2,59.90351939622037,2026-05-05 18h40.22.906714 +0200,
MRnGO_prac_stimuli/clover.png,"(0.1, 0.1)",30,0,30,None,,,,,,,,,,,,,,,,,,,,,,0,1,1,1,30,0,30,0,,,,,,,,,,,,,79.8624778999947,,,,,,,,,,,,,,,,,,,,,,,,,,,,,,,,,,,,,,,,,,,,,,,,,,,,,,,,,,,,,,,,,,,79.849353000056,79.8624778999947,79.8624778999947,79.8624778999947,80.04676509997807,None,,,,,,,,,,,,,,,,,,,,,,,,,,,,,,,,,,,,,,,,,P8775,Bar_MIC,13,1,2026-05-05_18h40.21.608,MIC_task,,2026.1.2,59.90351939622037,2026-05-05 18h40.22.906714 +0200,
MRnGO_prac_stimuli/clover.png,"(0.1, 0.1)",31,0,31,None,,,,,,,,,,,,,,,,,,,,,,0,1,1,1,31,0,31,0,,,,,,,,,,,,,80.06206689996179,,,,,,,,,,,,,,,,,,,,,,,,,,,,,,,,,,,,,,,,,,,,,,,,,,,,,,,,,,,,,,,,,,,80.04970059997868,80.06206689996179,80.06206689996179,80.06206689996179,80.24701900000218,None,,,,,,,,,,,,,,,,,,,,,,,,,,,,,,,,,,,,,,,,,P8775,Bar_MIC,13,1,2026-05-05_18h40.21.608,MIC_task,,2026.1.2,59.90351939622037,2026-05-05 18h40.22.906714 +0200,
MRnGO_prac_stimuli/clover.png,"(0.1, 0.1)",32,0,32,None,,,,,,,,,,,,,,,,,,,,,,0,1,1,1,32,0,32,0,,,,,,,,,,,,,80.26241329999175,,,,,,,,,,,,,,,,,,,,,,,,,,,,,,,,,,,,,,,,,,,,,,,,,,,,,,,,,,,,,,,,,,,80.25039010006003,80.26241329999175,80.26241329999175,80.26241329999175,80.44726459996309,None,,,,,,,,,,,,,,,,,,,,,,,,,,,,,,,,,,,,,,,,,P8775,Bar_MIC,13,1,2026-05-05_18h40.21.608,MIC_task,,2026.1.2,59.90351939622037,2026-05-05 18h40.22.906714 +0200,
MRnGO_prac_stimuli/clover.png,"(0.1, 0.1)",33,0,33,None,,,,,,,,,,,,,,,,,,,,,,0,1,1,1,33,0,33,0,,,,,,,,,,,,,80.46286720002536,,,,,,,,,,,,,,,,,,,,,,,,,,,,,,,,,,,,,,,,,,,,,,,,,,,,,,,,,,,,,,,,,,,80.45022480003536,80.46286720002536,80.46286720002536,80.46286720002536,80.64770720002707,None,,,,,,,,,,,,,,,,,,,,,,,,,,,,,,,,,,,,,,,,,P8775,Bar_MIC,13,1,2026-05-05_18h40.21.608,MIC_task,,2026.1.2,59.90351939622037,2026-05-05 18h40.22.906714 +0200,
MRnGO_prac_stimuli/clover.png,"(0.1, 0.1)",34,0,34,None,,,,,,,,,,,,,,,,,,,,,,0,1,1,1,34,0,34,0,,,,,,,,,,,,,80.66317940002773,,,,,,,,,,,,,,,,,,,,,,,,,,,,,,,,,,,,,,,,,,,,,,,,,,,,,,,,,,,,,,,,,,,80.6507305999985,80.66317940002773,80.66317940002773,80.66317940002773,80.84686260006856,None,,,,,,,,,,,,,,,,,,,,,,,,,,,,,,,,,,,,,,,,,P8775,Bar_MIC,13,1,2026-05-05_18h40.21.608,MIC_task,,2026.1.2,59.90351939622037,2026-05-05 18h40.22.906714 +0200,
MRnGO_prac_stimuli/clover.png,"(0.1, 0.1)",35,0,35,None,,,,,,,,,,,,,,,,,,,,,,0,1,1,1,35,0,35,0,,,,,,,,,,,,,80.86355770006776,,,,,,,,,,,,,,,,,,,,,,,,,,,,,,,,,,,,,,,,,,,,,,,,,,,,,,,,,,,,,,,,,,,80.84978360007517,80.86355770006776,80.86355770006776,80.86355770006776,81.04776880005375,None,,,,,,,,,,,,,,,,,,,,,,,,,,,,,,,,,,,,,,,,,P8775,Bar_MIC,13,1,2026-05-05_18h40.21.608,MIC_task,,2026.1.2,59.90351939622037,2026-05-05 18h40.22.906714 +0200,
MRnGO_prac_stimuli/clover.png,"(0.1, 0.1)",36,0,36,None,,,,,,,,,,,,,,,,,,,,,,0,1,1,1,36,0,36,0,,,,,,,,,,,,,81.06394510006066,,,,,,,,,,,,,,,,,,,,,,,,,,,,,,,,,,,,,,,,,,,,,,,,,,,,,,,,,,,,,,,,,,,81.05120540002827,81.06394510006066,81.06394510006066,81.06394510006066,81.2478645000374,None,,,,,,,,,,,,,,,,,,,,,,,,,,,,,,,,,,,,,,,,,P8775,Bar_MIC,13,1,2026-05-05_18h40.21.608,MIC_task,,2026.1.2,59.90351939622037,2026-05-05 18h40.22.906714 +0200,
MRnGO_prac_stimuli/clover.png,"(0.1, 0.1)",37,0,37,None,,,,,,,,,,,,,,,,,,,,,,0,1,1,1,37,0,37,0,,,,,,,,,,,,,81.26435599999968,,,,,,,,,,,,,,,,,,,,,,,,,,,,,,,,,,,,,,,,,,,,,,,,,,,,,,,,,,,,,,,,,,,81.25077170005534,81.26435599999968,81.26435599999968,81.26435599999968,81.44813180004712,None,,,,,,,,,,,,,,,,,,,,,,,,,,,,,,,,,,,,,,,,,P8775,Bar_MIC,13,1,2026-05-05_18h40.21.608,MIC_task,,2026.1.2,59.90351939622037,2026-05-05 18h40.22.906714 +0200,
MRnGO_prac_stimuli/clover.png,"(0.1, 0.1)",38,0,38,space,0.16233439999632537,None,,,,,,,,,,,,,,,,,,,,0,1,1,1,38,0,38,0,,,,,,,,,,,,,81.46474870003294,,,,,,,,,,,,,,,,,,,,,,,,,,,,,,,,,,,,,,,,,,,,,,,,,,,,,,,,,,,,,,,,,,,81.45131410006434,81.46474870003294,81.46474870003294,81.46474870003294,81.63249980006367,space,,,,0.16233439999632537,None,,,,,,,,,,,,,,,,,,,,,,,,,,,,,,,,,,,,P8775,Bar_MIC,13,1,2026-05-05_18h40.21.608,MIC_task,,2026.1.2,59.90351939622037,2026-05-05 18h40.22.906714 +0200,
MRnGO_prac_stimuli/clover.png,"(0.1, 0.1)",1,1,0,,,,space,0.4808725999901071,None,,,,,,,,,,,,,,,,,0,1,1,1,,,,,,,,,,,,,,,,,,,,,,,,,,,,,,,,,,,,,,,,,,,,,,,,,,,,,,,,,,,,,,,,,,,,,,,,,,,,,,,,,,,,,,,,,,,,,,,81.69514540000819,81.70157210004982,81.69829316671627,83.6346289999783,83.65782790002413,83.66379580006469,83.66784733336729,85.55474190006498,85.6389543999685,85.63899800006766,85.65429980005138,85.65429980005138,86.14009010000154,space,0.4808725999901071,None,,,,,,,,,,,,,,,,,,,,P8775,Bar_MIC,13,1,2026-05-05_18h40.21.608,MIC_task,,2026.1.2,59.90351939622037,2026-05-05 18h40.22.906714 +0200,
MRnGO_prac_stimuli/king.png,"(0, 0)",0,0,0,None,,,,,,,,,,,,,,,,,,,,,,0,2,2,2,0,0,0,0,,,,,,,,,,,,,86.15551499999128,,,,,,,,,,,,,,,,,,,,,,,,,,,,,,,,,,,,,,,,,,,,,,,,,,,,,,,,,,,,,,,,,,,86.1437542999629,86.15551499999128,86.15551499999128,86.15551499999128,86.33997990004718,None,86.35522150003817,86.35522150003817,86.35522150003817,,,,,,,,,,,,,,,,,,,,,,,,,,,,,,,,,,,,,,P8775,Bar_MIC,13,1,2026-05-05_18h40.21.608,MIC_task,,2026.1.2,59.90351939622037,2026-05-05 18h40.22.906714 +0200,
MRnGO_prac_stimuli/king.png,"(0, 0)",0,0,0,None,,,,,,,,,,,,,,,,,,,,,,0,2,2,2,0,0,0,0,,,,,,,,,,,,,86.35522150003817,,,,,,,,,,,,,,,,,,,,,,,,,,,,,,,,,,,,,,,,,,,,,,,,,,,,,,,,,,,,,,,,,,,86.34298850002233,86.35522150003817,86.35522150003817,86.35522150003817,86.54053360002581,None,86.5556188999908,86.5556188999908,86.5556188999908,,,,,,,,,,,,,,,,,,,,,,,,,,,,,,,,,,,,,,P8775,Bar_MIC,13,1,2026-05-05_18h40.21.608,MIC_task,,2026.1.2,59.90351939622037,2026-05-05 18h40.22.906714 +0200,
MRnGO_prac_stimuli/king.png,"(0, 0)",1,0,1,None,,,,,,,,,,,,,,,,,,,,,,0,2,2,2,1,0,1,0,,,,,,,,,,,,,86.5556188999908,,,,,,,,,,,,,,,,,,,,,,,,,,,,,,,,,,,,,,,,,,,,,,,,,,,,,,,,,,,,,,,,,,,86.54378100007307,86.5556188999908,86.5556188999908,86.5556188999908,86.73980400001165,None,86.75596990005579,86.75596990005579,86.75596990005579,,,,,,,,,,,,,,,,,,,,,,,,,,,,,,,,,,,,,,P8775,Bar_MIC,13,1,2026-05-05_18h40.21.608,MIC_task,,2026.1.2,59.90351939622037,2026-05-05 18h40.22.906714 +0200,
MRnGO_prac_stimuli/king.png,"(0, 0)",2,0,2,None,,,,,,,,,,,,,,,,,,,,,,0,2,2,2,2,0,2,0,,,,,,,,,,,,,86.75596990005579,,,,,,,,,,,,,,,,,,,,,,,,,,,,,,,,,,,,,,,,,,,,,,,,,,,,,,,,,,,,,,,,,,,86.74315810005646,86.75596990005579,86.75596990005579,86.75596990005579,86.94020509999245,None,86.95631879998837,86.95631879998837,86.95631879998837,,,,,,,,,,,,,,,,,,,,,,,,,,,,,,,,,,,,,,P8775,Bar_MIC,13,1,2026-05-05_18h40.21.608,MIC_task,,2026.1.2,59.90351939622037,2026-05-05 18h40.22.906714 +0200,
MRnGO_prac_stimuli/king.png,"(0, 0)",3,0,3,None,,,,,,,,,,,,,,,,,,,,,,0,2,2,2,3,0,3,0,,,,,,,,,,,,,86.95631879998837,,,,,,,,,,,,,,,,,,,,,,,,,,,,,,,,,,,,,,,,,,,,,,,,,,,,,,,,,,,,,,,,,,,86.94367780000903,86.95631879998837,86.95631879998837,86.95631879998837,87.14025519997813,None,,,,,,,,,,,,,,,,,,,,,,,,,,,,,,,,,,,,,,,,,P8775,Bar_MIC,13,1,2026-05-05_18h40.21.608,MIC_task,,2026.1.2,59.90351939622037,2026-05-05 18h40.22.906714 +0200,
MRnGO_prac_stimuli/king.png,"(0, 0)",4,0,4,None,,,,,,,,,,,,,,,,,,,,,,0,2,2,2,4,0,4,0,,,,,,,,,,,,,87.15674150001723,,,,,,,,,,,,,,,,,,,,,,,,,,,,,,,,,,,,,,,,,,,,,,,,,,,,,,,,,,,,,,,,,,,87.14372379996348,87.15674150001723,87.15674150001723,87.15674150001723,87.3407131000422,None,,,,,,,,,,,,,,,,,,,,,,,,,,,,,,,,,,,,,,,,,P8775,Bar_MIC,13,1,2026-05-05_18h40.21.608,MIC_task,,2026.1.2,59.90351939622037,2026-05-05 18h40.22.906714 +0200,
MRnGO_prac_stimuli/king.png,"(0, 0)",5,0,5,None,,,,,,,,,,,,,,,,,,,,,,0,2,2,2,5,0,5,0,,,,,,,,,,,,,87.35713979997672,,,,,,,,,,,,,,,,,,,,,,,,,,,,,,,,,,,,,,,,,,,,,,,,,,,,,,,,,,,,,,,,,,,87.34426949999761,87.35713979997672,87.35713979997672,87.35713979997672,87.5414542000508,None,,,,,,,,,,,,,,,,,,,,,,,,,,,,,,,,,,,,,,,,,P8775,Bar_MIC,13,1,2026-05-05_18h40.21.608,MIC_task,,2026.1.2,59.90351939622037,2026-05-05 18h40.22.906714 +0200,
MRnGO_prac_stimuli/king.png,"(0, 0)",6,0,6,None,,,,,,,,,,,,,,,,,,,,,,0,2,2,2,6,0,6,0,,,,,,,,,,,,,87.55742460000329,,,,,,,,,,,,,,,,,,,,,,,,,,,,,,,,,,,,,,,,,,,,,,,,,,,,,,,,,,,,,,,,,,,87.54472939996049,87.55742460000329,87.55742460000329,87.55742460000329,87.74134419998154,None,,,,,,,,,,,,,,,,,,,,,,,,,,,,,,,,,,,,,,,,,P8775,Bar_MIC,13,1,2026-05-05_18h40.21.608,MIC_task,,2026.1.2,59.90351939622037,2026-05-05 18h40.22.906714 +0200,
MRnGO_prac_stimuli/king.png,"(0, 0)",7,0,7,None,,,,,,,,,,,,,,,,,,,,,,0,2,2,2,7,0,7,0,,,,,,,,,,,,,87.75783520005643,,,,,,,,,,,,,,,,,,,,,,,,,,,,,,,,,,,,,,,,,,,,,,,,,,,,,,,,,,,,,,,,,,,87.74446069996338,87.75783520005643,87.75783520005643,87.75783520005643,87.94178850005846,None,,,,,,,,,,,,,,,,,,,,,,,,,,,,,,,,,,,,,,,,,P8775,Bar_MIC,13,1,2026-05-05_18h40.21.608,MIC_task,,2026.1.2,59.90351939622037,2026-05-05 18h40.22.906714 +0200,
MRnGO_prac_stimuli/king.png,"(0, 0)",8,0,8,None,,,,,,,,,,,,,,,,,,,,,,0,2,2,2,8,0,8,0,,,,,,,,,,,,,87.95801399997436,,,,,,,,,,,,,,,,,,,,,,,,,,,,,,,,,,,,,,,,,,,,,,,,,,,,,,,,,,,,,,,,,,,87.94552100007422,87.95801399997436,87.95801399997436,87.95801399997436,88.14208420005161,None,,,,,,,,,,,,,,,,,,,,,,,,,,,,,,,,,,,,,,,,,P8775,Bar_MIC,13,1,2026-05-05_18h40.21.608,MIC_task,,2026.1.2,59.90351939622037,2026-05-05 18h40.22.906714 +0200,
MRnGO_prac_stimuli/king.png,"(0, 0)",9,0,9,None,,,,,,,,,,,,,,,,,,,,,,0,2,2,2,9,0,9,0,,,,,,,,,,,,,88.15849549998529,,,,,,,,,,,,,,,,,,,,,,,,,,,,,,,,,,,,,,,,,,,,,,,,,,,,,,,,,,,,,,,,,,,88.1457077000523,88.15849549998529,88.15849549998529,88.15849549998529,88.34259869996458,None,,,,,,,,,,,,,,,,,,,,,,,,,,,,,,,,,,,,,,,,,P8775,Bar_MIC,13,1,2026-05-05_18h40.21.608,MIC_task,,2026.1.2,59.90351939622037,2026-05-05 18h40.22.906714 +0200,
MRnGO_prac_stimuli/king.png,"(0, 0)",10,0,10,None,,,,,,,,,,,,,,,,,,,,,,0,2,2,2,10,0,10,0,,,,,,,,,,,,,88.35887370002456,,,,,,,,,,,,,,,,,,,,,,,,,,,,,,,,,,,,,,,,,,,,,,,,,,,,,,,,,,,,,,,,,,,88.34613770002034,88.35887370002456,88.35887370002456,88.35887370002456,88.54298550006934,None,,,,,,,,,,,,,,,,,,,,,,,,,,,,,,,,,,,,,,,,,P8775,Bar_MIC,13,1,2026-05-05_18h40.21.608,MIC_task,,2026.1.2,59.90351939622037,2026-05-05 18h40.22.906714 +0200,
MRnGO_prac_stimuli/king.png,"(0, 0)",11,0,11,None,,,,,,,,,,,,,,,,,,,,,,0,2,2,2,11,0,11,0,,,,,,,,,,,,,88.55843319999985,,,,,,,,,,,,,,,,,,,,,,,,,,,,,,,,,,,,,,,,,,,,,,,,,,,,,,,,,,,,,,,,,,,88.54653789999429,88.55843319999985,88.55843319999985,88.55843319999985,88.74334829999134,None,,,,,,,,,,,,,,,,,,,,,,,,,,,,,,,,,,,,,,,,,P8775,Bar_MIC,13,1,2026-05-05_18h40.21.608,MIC_task,,2026.1.2,59.90351939622037,2026-05-05 18h40.22.906714 +0200,
MRnGO_prac_stimuli/king.png,"(0, 0)",12,0,12,None,,,,,,,,,,,,,,,,,,,,,,0,2,2,2,12,0,12,0,,,,,,,,,,,,,88.7588336999761,,,,,,,,,,,,,,,,,,,,,,,,,,,,,,,,,,,,,,,,,,,,,,,,,,,,,,,,,,,,,,,,,,,88.74733519996516,88.7588336999761,88.7588336999761,88.7588336999761,88.94272609998006,None,,,,,,,,,,,,,,,,,,,,,,,,,,,,,,,,,,,,,,,,,P8775,Bar_MIC,13,1,2026-05-05_18h40.21.608,MIC_task,,2026.1.2,59.90351939622037,2026-05-05 18h40.22.906714 +0200,
MRnGO_prac_stimuli/king.png,"(0, 0)",13,0,13,None,,,,,,,,,,,,,,,,,,,,,,0,2,2,2,13,0,13,0,,,,,,,,,,,,,88.95923340006266,,,,,,,,,,,,,,,,,,,,,,,,,,,,,,,,,,,,,,,,,,,,,,,,,,,,,,,,,,,,,,,,,,,88.94627750001382,88.95923340006266,88.95923340006266,88.95923340006266,89.14302640000824,None,,,,,,,,,,,,,,,,,,,,,,,,,,,,,,,,,,,,,,,,,P8775,Bar_MIC,13,1,2026-05-05_18h40.21.608,MIC_task,,2026.1.2,59.90351939622037,2026-05-05 18h40.22.906714 +0200,
MRnGO_prac_stimuli/king.png,"(0, 0)",14,0,14,space,0.026709900004789233,None,,,,,,,,,,,,,,,,,,,,0,2,2,2,14,0,14,0,,,,,,,,,,,,,89.15960600005928,,,,,,,,,,,,,,,,,,,,,,,,,,,,,,,,,,,,,,,,,,,,,,,,,,,,,,,,,,,,,,,,,,,89.14681810000911,89.15960600005928,89.15960600005928,89.15960600005928,89.19399679999333,space,,,,0.026709900004789233,None,,,,,,,,,,,,,,,,,,,,,,,,,,,,,,,,,,,,P8775,Bar_MIC,13,1,2026-05-05_18h40.21.608,MIC_task,,2026.1.2,59.90351939622037,2026-05-05 18h40.22.906714 +0200,
MRnGO_prac_stimuli/king.png,"(0, 0)",2,2,0,,,,space,0.7830246000085026,None,,,,,,,,,,,,,,,,,0,2,2,2,,,,,,,,,,,,,,,,,,,,,,,,,,,,,,,,,,,,,,,,,,,,,,,,,,,,,,,,,,,,,,,,,,,,,,,,,,,,,,,,,,,,,,,,,,,,,,,89.25162570003886,89.25721790001262,89.25983976667436,91.19625010003801,91.22892660007346,91.23388349998277,91.22946083336913,93.13313380000181,93.19922249997035,93.19926450005732,93.21651150006801,93.21651150006801,94.00189139996655,space,0.7830246000085026,None,,,,,,,,,,,,,,,,,,,,P8775,Bar_MIC,13,1,2026-05-05_18h40.21.608,MIC_task,,2026.1.2,59.90351939622037,2026-05-05 18h40.22.906714 +0200,
,,,,,,,,,,,,,,,,,,,,,,,,,,,,,,,,,,,,,,,,,,,,,,,,,,,,,,,,,,,,,,,,,,,,,,,,,,,,,,,,,,,,,,,,,,,,,,,,,,,,,,,,,,94.07001729996409,94.0788197000511,94.0788197000511,94.08444763331984,96.97280440002214,space,2.8888000999577343,None,,,,,,,,,,,,,,,,,,,,,,,,,,,,,,,,,,,,,,,,,,,,,,,P8775,Bar_MIC,13,1,2026-05-05_18h40.21.608,MIC_task,,2026.1.2,59.90351939622037,2026-05-05 18h40.22.906714 +0200,
,,0,0,0,,,,,,,13,pl03,kukorica,corn,7,plants,field,4.8,76,None,115,None,"(0, 0.1)",None,,,,,,,,,,,0,0,0,0,0,0,0,0,0,0,0,0,97.0277536000358,,,,,,,,,,,,,,,,,,,,,,,,,,,,,,,,,,,,,,,,,,,,,,,,,,,,,,,,,,,,,,,,,,,,,,,,,,,,,,,,,,,,,,,,,,,,,,97.02208370005246,97.0277536000358,97.0277536000358,97.0277536000358,97.18942119996063,None,,,,,,,,,,,,,,P8775,Bar_MIC,13,1,2026-05-05_18h40.21.608,MIC_task,,2026.1.2,59.90351939622037,2026-05-05 18h40.22.906714 +0200,
,,0,0,0,,,,,,,13,pl03,kukorica,corn,7,plants,field,4.8,76,None,115,None,"(0, 0.1)",None,,,,,,,,,,,0,0,0,0,0,0,0,0,0,0,0,0,97.20571939996444,,,,,,,,,,,,,,,,,,,,,,,,,,,,,,,,,,,,,,,,,,,,,,,,,,,,,,,,,,,,,,,,,,,,,,,,,,,,,,,,,,,,,,,,,,,,,,97.19273370003793,97.20571939996444,97.20571939996444,97.20571939996444,97.3898998000659,None,,,,,,,,,,,,,,P8775,Bar_MIC,13,1,2026-05-05_18h40.21.608,MIC_task,,2026.1.2,59.90351939622037,2026-05-05 18h40.22.906714 +0200,
,,1,0,1,,,,,,,13,pl03,kukorica,corn,7,plants,field,4.8,76,None,115,None,"(0, 0.1)",None,,,,,,,,,,,0,0,0,0,0,0,0,0,1,0,1,0,97.40535260003526,,,,,,,,,,,,,,,,,,,,,,,,,,,,,,,,,,,,,,,,,,,,,,,,,,,,,,,,,,,,,,,,,,,,,,,,,,,,,,,,,,,,,,,,,,,,,,97.39287350000814,97.40535260003526,97.40535260003526,97.40535260003526,97.59038609999698,None,,,,,,,,,,,,,,P8775,Bar_MIC,13,1,2026-05-05_18h40.21.608,MIC_task,,2026.1.2,59.90351939622037,2026-05-05 18h40.22.906714 +0200,
,,2,0,2,,,,,,,13,pl03,kukorica,corn,7,plants,field,4.8,76,None,115,None,"(0, 0.1)",None,,,,,,,,,,,0,0,0,0,0,0,0,0,2,0,2,0,97.60574160004035,,,,,,,,,,,,,,,,,,,,,,,,,,,,,,,,,,,,,,,,,,,,,,,,,,,,,,,,,,,,,,,,,,,,,,,,,,,,,,,,,,,,,,,,,,,,,,97.59357210004237,97.60574160004035,97.60574160004035,97.60574160004035,97.79081789997872,None,,,,,,,,,,,,,,P8775,Bar_MIC,13,1,2026-05-05_18h40.21.608,MIC_task,,2026.1.2,59.90351939622037,2026-05-05 18h40.22.906714 +0200,
,,3,0,3,,,,,,,13,pl03,kukorica,corn,7,plants,field,4.8,76,None,115,None,"(0, 0.1)",None,,,,,,,,,,,0,0,0,0,0,0,0,0,3,0,3,0,97.80604739999399,,,,,,,,,,,,,,,,,,,,,,,,,,,,,,,,,,,,,,,,,,,,,,,,,,,,,,,,,,,,,,,,,,,,,,,,,,,,,,,,,,,,,,,,,,,,,,97.79386770003475,97.80604739999399,97.80604739999399,97.80604739999399,97.98985370004084,None,,,,,,,,,,,,,,P8775,Bar_MIC,13,1,2026-05-05_18h40.21.608,MIC_task,,2026.1.2,59.90351939622037,2026-05-05 18h40.22.906714 +0200,
,,4,0,4,,,,,,,13,pl03,kukorica,corn,7,plants,field,4.8,76,None,115,None,"(0, 0.1)",None,,,,,,,,,,,0,0,0,0,0,0,0,0,4,0,4,0,98.00645200000145,,,,,,,,,,,,,,,,,,,,,,,,,,,,,,,,,,,,,,,,,,,,,,,,,,,,,,,,,,,,,,,,,,,,,,,,,,,,,,,,,,,,,,,,,,,,,,97.99282070004847,98.00645200000145,98.00645200000145,98.00645200000145,98.19030340004247,None,,,,,,,,,,,,,,P8775,Bar_MIC,13,1,2026-05-05_18h40.21.608,MIC_task,,2026.1.2,59.90351939622037,2026-05-05 18h40.22.906714 +0200,
,,5,0,5,,,,,,,13,pl03,kukorica,corn,7,plants,field,4.8,76,None,115,None,"(0, 0.1)",None,,,,,,,,,,,0,0,0,0,0,0,0,0,5,0,5,0,98.20685710001271,,,,,,,,,,,,,,,,,,,,,,,,,,,,,,,,,,,,,,,,,,,,,,,,,,,,,,,,,,,,,,,,,,,,,,,,,,,,,,,,,,,,,,,,,,,,,,98.19329089997336,98.20685710001271,98.20685710001271,98.20685710001271,98.39054960000794,None,,,,,,,,,,,,,,P8775,Bar_MIC,13,1,2026-05-05_18h40.21.608,MIC_task,,2026.1.2,59.90351939622037,2026-05-05 18h40.22.906714 +0200,
,,6,0,6,,,,,,,13,pl03,kukorica,corn,7,plants,field,4.8,76,None,115,None,"(0, 0.1)",None,,,,,,,,,,,0,0,0,0,0,0,0,0,6,0,6,0,98.40715029998682,,,,,,,,,,,,,,,,,,,,,,,,,,,,,,,,,,,,,,,,,,,,,,,,,,,,,,,,,,,,,,,,,,,,,,,,,,,,,,,,,,,,,,,,,,,,,,98.3934322000714,98.40715029998682,98.40715029998682,98.40715029998682,98.5911581000546,None,,,,,,,,,,,,,,P8775,Bar_MIC,13,1,2026-05-05_18h40.21.608,MIC_task,,2026.1.2,59.90351939622037,2026-05-05 18h40.22.906714 +0200,
,,7,0,7,,,,,,,13,pl03,kukorica,corn,7,plants,field,4.8,76,None,115,None,"(0, 0.1)",None,,,,,,,,,,,0,0,0,0,0,0,0,0,7,0,7,0,98.60752600000706,,,,,,,,,,,,,,,,,,,,,,,,,,,,,,,,,,,,,,,,,,,,,,,,,,,,,,,,,,,,,,,,,,,,,,,,,,,,,,,,,,,,,,,,,,,,,,98.59424939996097,98.60752600000706,98.60752600000706,98.60752600000706,98.79139829997439,None,,,,,,,,,,,,,,P8775,Bar_MIC,13,1,2026-05-05_18h40.21.608,MIC_task,,2026.1.2,59.90351939622037,2026-05-05 18h40.22.906714 +0200,
,,8,0,8,,,,,,,13,pl03,kukorica,corn,7,plants,field,4.8,76,None,115,None,"(0, 0.1)",None,,,,,,,,,,,0,0,0,0,0,0,0,0,8,0,8,0,98.80789679998998,,,,,,,,,,,,,,,,,,,,,,,,,,,,,,,,,,,,,,,,,,,,,,,,,,,,,,,,,,,,,,,,,,,,,,,,,,,,,,,,,,,,,,,,,,,,,,98.79437959997449,98.80789679998998,98.80789679998998,98.80789679998998,98.99234290001914,None,,,,,,,,,,,,,,P8775,Bar_MIC,13,1,2026-05-05_18h40.21.608,MIC_task,,2026.1.2,59.90351939622037,2026-05-05 18h40.22.906714 +0200,
,,9,0,9,,,,,,,13,pl03,kukorica,corn,7,plants,field,4.8,76,None,115,None,"(0, 0.1)",None,,,,,,,,,,,0,0,0,0,0,0,0,0,9,0,9,0,99.008497599978,,,,,,,,,,,,,,,,,,,,,,,,,,,,,,,,,,,,,,,,,,,,,,,,,,,,,,,,,,,,,,,,,,,,,,,,,,,,,,,,,,,,,,,,,,,,,,98.99581830005627,99.008497599978,99.008497599978,99.008497599978,99.19238020002376,None,,,,,,,,,,,,,,P8775,Bar_MIC,13,1,2026-05-05_18h40.21.608,MIC_task,,2026.1.2,59.90351939622037,2026-05-05 18h40.22.906714 +0200,
,,10,0,10,,,,,,,13,pl03,kukorica,corn,7,plants,field,4.8,76,None,115,None,"(0, 0.1)",None,,,,,,,,,,,0,0,0,0,0,0,0,0,10,0,10,0,99.20799310004804,,,,,,,,,,,,,,,,,,,,,,,,,,,,,,,,,,,,,,,,,,,,,,,,,,,,,,,,,,,,,,,,,,,,,,,,,,,,,,,,,,,,,,,,,,,,,,99.19589550001547,99.20799310004804,99.20799310004804,99.20799310004804,99.39272230002098,None,,,,,,,,,,,,,,P8775,Bar_MIC,13,1,2026-05-05_18h40.21.608,MIC_task,,2026.1.2,59.90351939622037,2026-05-05 18h40.22.906714 +0200,
,,11,0,11,,,,,,,13,pl03,kukorica,corn,7,plants,field,4.8,76,None,115,None,"(0, 0.1)",None,,,,,,,,,,,0,0,0,0,0,0,0,0,11,0,11,0,99.40830200002529,,,,,,,,,,,,,,,,,,,,,,,,,,,,,,,,,,,,,,,,,,,,,,,,,,,,,,,,,,,,,,,,,,,,,,,,,,,,,,,,,,,,,,,,,,,,,,99.39559029997326,99.40830200002529,99.40830200002529,99.40830200002529,99.59384039998986,None,,,,,,,,,,,,,,P8775,Bar_MIC,13,1,2026-05-05_18h40.21.608,MIC_task,,2026.1.2,59.90351939622037,2026-05-05 18h40.22.906714 +0200,
,,12,0,12,,,,,,,13,pl03,kukorica,corn,7,plants,field,4.8,76,None,115,None,"(0, 0.1)",None,,,,,,,,,,,0,0,0,0,0,0,0,0,12,0,12,0,99.60865389998071,,,,,,,,,,,,,,,,,,,,,,,,,,,,,,,,,,,,,,,,,,,,,,,,,,,,,,,,,,,,,,,,,,,,,,,,,,,,,,,,,,,,,,,,,,,,,,99.59709619998466,99.60865389998071,99.60865389998071,99.60865389998071,99.79355489998125,None,,,,,,,,,,,,,,P8775,Bar_MIC,13,1,2026-05-05_18h40.21.608,MIC_task,,2026.1.2,59.90351939622037,2026-05-05 18h40.22.906714 +0200,
,,13,0,13,,,,,,,13,pl03,kukorica,corn,7,plants,field,4.8,76,None,115,None,"(0, 0.1)",None,,,,,,,,,,,0,0,0,0,0,0,0,0,13,0,13,0,99.80905460007489,,,,,,,,,,,,,,,,,,,,,,,,,,,,,,,,,,,,,,,,,,,,,,,,,,,,,,,,,,,,,,,,,,,,,,,,,,,,,,,,,,,,,,,,,,,,,,99.79690940002911,99.80905460007489,99.80905460007489,99.80905460007489,99.9927254000213,None,,,,,,,,,,,,,,P8775,Bar_MIC,13,1,2026-05-05_18h40.21.608,MIC_task,,2026.1.2,59.90351939622037,2026-05-05 18h40.22.906714 +0200,
,,14,0,14,,,,,,,13,pl03,kukorica,corn,7,plants,field,4.8,76,None,115,None,"(0, 0.1)",None,,,,,,,,,,,0,0,0,0,0,0,0,0,14,0,14,0,100.00941549998242,,,,,,,,,,,,,,,,,,,,,,,,,,,,,,,,,,,,,,,,,,,,,,,,,,,,,,,,,,,,,,,,,,,,,,,,,,,,,,,,,,,,,,,,,,,,,,99.99593610002194,100.00941549998242,100.00941549998242,100.00941549998242,100.19443560007494,None,,,,,,,,,,,,,,P8775,Bar_MIC,13,1,2026-05-05_18h40.21.608,MIC_task,,2026.1.2,59.90351939622037,2026-05-05 18h40.22.906714 +0200,
,,15,0,15,,,,,,,13,pl03,kukorica,corn,7,plants,field,4.8,76,None,115,None,"(0, 0.1)",None,,,,,,,,,,,0,0,0,0,0,0,0,0,15,0,15,0,100.20985690003727,,,,,,,,,,,,,,,,,,,,,,,,,,,,,,,,,,,,,,,,,,,,,,,,,,,,,,,,,,,,,,,,,,,,,,,,,,,,,,,,,,,,,,,,,,,,,,100.19764150003903,100.20985690003727,100.20985690003727,100.20985690003727,100.39356850006152,None,,,,,,,,,,,,,,P8775,Bar_MIC,13,1,2026-05-05_18h40.21.608,MIC_task,,2026.1.2,59.90351939622037,2026-05-05 18h40.22.906714 +0200,
,,16,0,16,,,,,,,13,pl03,kukorica,corn,7,plants,field,4.8,76,None,115,None,"(0, 0.1)",None,,,,,,,,,,,0,0,0,0,0,0,0,0,16,0,16,0,100.41017769998871,,,,,,,,,,,,,,,,,,,,,,,,,,,,,,,,,,,,,,,,,,,,,,,,,,,,,,,,,,,,,,,,,,,,,,,,,,,,,,,,,,,,,,,,,,,,,,100.39656340004876,100.41017769998871,100.41017769998871,100.41017769998871,100.59432839998044,None,,,,,,,,,,,,,,P8775,Bar_MIC,13,1,2026-05-05_18h40.21.608,MIC_task,,2026.1.2,59.90351939622037,2026-05-05 18h40.22.906714 +0200,
,,17,0,17,,,,,,,13,pl03,kukorica,corn,7,plants,field,4.8,76,None,115,None,"(0, 0.1)",None,,,,,,,,,,,0,0,0,0,0,0,0,0,17,0,17,0,100.61050569999497,,,,,,,,,,,,,,,,,,,,,,,,,,,,,,,,,,,,,,,,,,,,,,,,,,,,,,,,,,,,,,,,,,,,,,,,,,,,,,,,,,,,,,,,,,,,,,100.59734670002945,100.61050569999497,100.61050569999497,100.61050569999497,100.79481980006676,None,,,,,,,,,,,,,,P8775,Bar_MIC,13,1,2026-05-05_18h40.21.608,MIC_task,,2026.1.2,59.90351939622037,2026-05-05 18h40.22.906714 +0200,
,,18,0,18,,,,,,,13,pl03,kukorica,corn,7,plants,field,4.8,76,None,115,None,"(0, 0.1)",None,,,,,,,,,,,0,0,0,0,0,0,0,0,18,0,18,0,100.8108906999696,,,,,,,,,,,,,,,,,,,,,,,,,,,,,,,,,,,,,,,,,,,,,,,,,,,,,,,,,,,,,,,,,,,,,,,,,,,,,,,,,,,,,,,,,,,,,,100.79851150000468,100.8108906999696,100.8108906999696,100.8108906999696,100.99483129999135,None,,,,,,,,,,,,,,P8775,Bar_MIC,13,1,2026-05-05_18h40.21.608,MIC_task,,2026.1.2,59.90351939622037,2026-05-05 18h40.22.906714 +0200,
,,19,0,19,,,,,,,13,pl03,kukorica,corn,7,plants,field,4.8,76,None,115,None,"(0, 0.1)",None,,,,,,,,,,,0,0,0,0,0,0,0,0,19,0,19,0,101.01118250004947,,,,,,,,,,,,,,,,,,,,,,,,,,,,,,,,,,,,,,,,,,,,,,,,,,,,,,,,,,,,,,,,,,,,,,,,,,,,,,,,,,,,,,,,,,,,,,100.99806939996779,101.01118250004947,101.01118250004947,101.01118250004947,101.19556080002803,None,,,,,,,,,,,,,,P8775,Bar_MIC,13,1,2026-05-05_18h40.21.608,MIC_task,,2026.1.2,59.90351939622037,2026-05-05 18h40.22.906714 +0200,
,,20,0,20,,,,,,,13,pl03,kukorica,corn,7,plants,field,4.8,76,None,115,None,"(0, 0.1)",None,,,,,,,,,,,0,0,0,0,0,0,0,0,20,0,20,0,101.21167530003004,,,,,,,,,,,,,,,,,,,,,,,,,,,,,,,,,,,,,,,,,,,,,,,,,,,,,,,,,,,,,,,,,,,,,,,,,,,,,,,,,,,,,,,,,,,,,,101.19868110003881,101.21167530003004,101.21167530003004,101.21167530003004,101.39582370000426,None,,,,,,,,,,,,,,P8775,Bar_MIC,13,1,2026-05-05_18h40.21.608,MIC_task,,2026.1.2,59.90351939622037,2026-05-05 18h40.22.906714 +0200,
,,21,0,21,,,,,,,13,pl03,kukorica,corn,7,plants,field,4.8,76,None,115,None,"(0, 0.1)",None,,,,,,,,,,,0,0,0,0,0,0,0,0,21,0,21,0,101.41196639998816,,,,,,,,,,,,,,,,,,,,,,,,,,,,,,,,,,,,,,,,,,,,,,,,,,,,,,,,,,,,,,,,,,,,,,,,,,,,,,,,,,,,,,,,,,,,,,101.39859080000315,101.41196639998816,101.41196639998816,101.41196639998816,101.59665359999053,None,,,,,,,,,,,,,,P8775,Bar_MIC,13,1,2026-05-05_18h40.21.608,MIC_task,,2026.1.2,59.90351939622037,2026-05-05 18h40.22.906714 +0200,
,,22,0,22,,,,,,,13,pl03,kukorica,corn,7,plants,field,4.8,76,None,115,None,"(0, 0.1)",None,,,,,,,,,,,0,0,0,0,0,0,0,0,22,0,22,0,101.61163120006677,,,,,,,,,,,,,,,,,,,,,,,,,,,,,,,,,,,,,,,,,,,,,,,,,,,,,,,,,,,,,,,,,,,,,,,,,,,,,,,,,,,,,,,,,,,,,,101.59980450000148,101.61163120006677,101.61163120006677,101.61163120006677,101.79671889997553,None,,,,,,,,,,,,,,P8775,Bar_MIC,13,1,2026-05-05_18h40.21.608,MIC_task,,2026.1.2,59.90351939622037,2026-05-05 18h40.22.906714 +0200,
,,23,0,23,,,,,,,13,pl03,kukorica,corn,7,plants,field,4.8,76,None,115,None,"(0, 0.1)",None,,,,,,,,,,,0,0,0,0,0,0,0,0,23,0,23,0,101.81206030002795,,,,,,,,,,,,,,,,,,,,,,,,,,,,,,,,,,,,,,,,,,,,,,,,,,,,,,,,,,,,,,,,,,,,,,,,,,,,,,,,,,,,,,,,,,,,,,101.79972170002293,101.81206030002795,101.81206030002795,101.81206030002795,101.99574449995998,None,,,,,,,,,,,,,,P8775,Bar_MIC,13,1,2026-05-05_18h40.21.608,MIC_task,,2026.1.2,59.90351939622037,2026-05-05 18h40.22.906714 +0200,
,,24,0,24,,,,,,,13,pl03,kukorica,corn,7,plants,field,4.8,76,None,115,None,"(0, 0.1)",space,0.058962699957191944,None,,,,,,,,,0,0,0,0,0,0,0,0,24,0,24,0,102.01240690005943,,,,,,,,,,,,,,,,,,,,,,,,,,,,,,,,,,,,,,,,,,,,,,,,,,,,,,,,,,,,,,,,,,,,,,,,,,,,,,,,,,,,,,,,,,,,,,101.99855490005575,102.01240690005943,102.01240690005943,102.01240690005943,102.08066209999379,space,0.058962699957191944,None,,,,,,,,,,,,P8775,Bar_MIC,13,1,2026-05-05_18h40.21.608,MIC_task,,2026.1.2,59.90351939622037,2026-05-05 18h40.22.906714 +0200,
,,0,0,0,,,,space,2.433204500004649,None,13,pl03,kukorica,corn,7,plants,field,4.8,76,None,115,None,"(0, 0.1)",,,,,,,,,,,,0,0,0,0,0,0,0,0,,,,,,,,,,,,,,,,,,,,,,,,,,,,,,,,,,,,,,,,,,,,,,,,,,,,,,,,,,,,,,,,,,,,,,,,,,,,,,,,,,,102.1431833000388,102.14945030002855,102.14625276673274,104.08321339997929,,,,,,106.08561080007348,106.10262929997407,106.10262929997407,108.5407062000595,,,,,,,,,,,,104.1109522000188,104.11660319997463,104.11642373330736,106.0023341999622,106.08556230005343,space,2.433204500004649,None,,,,P8775,Bar_MIC,13,1,2026-05-05_18h40.21.608,MIC_task,,2026.1.2,59.90351939622037,2026-05-05 18h40.22.906714 +0200,
,,0,0,0,,,,,,,13,a20,zsiráf,giraffe,1,animal,mammal,6.6,12,23,60,None,"(0, 0)",None,,,,,,,,,,,0,0,0,0,0,1,1,1,0,0,0,0,108.57372940005735,,,,,,,,,,,,,,,,,,,,,,,,,,,,,,,,,,,,,,,,,,,,,,,,,,,,,,,,,,,,,,,,,,,,,,,,,,,,,,,,,,,,,,,,,,,,,,108.56793080002535,108.57372940005735,108.57372940005735,108.57372940005735,108.75682760006748,None,,,,,,,,,,,,,,P8775,Bar_MIC,13,1,2026-05-05_18h40.21.608,MIC_task,,2026.1.2,59.90351939622037,2026-05-05 18h40.22.906714 +0200,
,,0,0,0,,,,,,,13,a20,zsiráf,giraffe,1,animal,mammal,6.6,12,23,60,None,"(0, 0)",None,,,,,,,,,,,0,0,0,0,0,1,1,1,0,0,0,0,108.77240770007484,,,,,,,,,,,,,,,,,,,,,,,,,,,,,,,,,,,,,,,,,,,,,,,,,,,,,,,,,,,,,,,,,,,,,,,,,,,,,,,,,,,,,,,,,,,,,,108.76013970002532,108.77240770007484,108.77240770007484,108.77240770007484,108.95736700005364,None,,,,,,,,,,,,,,P8775,Bar_MIC,13,1,2026-05-05_18h40.21.608,MIC_task,,2026.1.2,59.90351939622037,2026-05-05 18h40.22.906714 +0200,
,,1,0,1,,,,,,,13,a20,zsiráf,giraffe,1,animal,mammal,6.6,12,23,60,None,"(0, 0)",None,,,,,,,,,,,0,0,0,0,0,1,1,1,1,0,1,0,108.97288989997469,,,,,,,,,,,,,,,,,,,,,,,,,,,,,,,,,,,,,,,,,,,,,,,,,,,,,,,,,,,,,,,,,,,,,,,,,,,,,,,,,,,,,,,,,,,,,,108.96096820000093,108.97288989997469,108.97288989997469,108.97288989997469,109.14091760001611,None,,,,,,,,,,,,,,P8775,Bar_MIC,13,1,2026-05-05_18h40.21.608,MIC_task,,2026.1.2,59.90351939622037,2026-05-05 18h40.22.906714 +0200,
,,2,0,2,,,,,,,13,a20,zsiráf,giraffe,1,animal,mammal,6.6,12,23,60,None,"(0, 0)",None,,,,,,,,,,,0,0,0,0,0,1,1,1,2,0,2,0,109.1565402999986,,,,,,,,,,,,,,,,,,,,,,,,,,,,,,,,,,,,,,,,,,,,,,,,,,,,,,,,,,,,,,,,,,,,,,,,,,,,,,,,,,,,,,,,,,,,,,109.14479320007376,109.1565402999986,109.1565402999986,109.1565402999986,109.34136710001621,None,,,,,,,,,,,,,,P8775,Bar_MIC,13,1,2026-05-05_18h40.21.608,MIC_task,,2026.1.2,59.90351939622037,2026-05-05 18h40.22.906714 +0200,
,,3,0,3,,,,,,,13,a20,zsiráf,giraffe,1,animal,mammal,6.6,12,23,60,None,"(0, 0)",None,,,,,,,,,,,0,0,0,0,0,1,1,1,3,0,3,0,109.35690110002179,,,,,,,,,,,,,,,,,,,,,,,,,,,,,,,,,,,,,,,,,,,,,,,,,,,,,,,,,,,,,,,,,,,,,,,,,,,,,,,,,,,,,,,,,,,,,,109.34439990005922,109.35690110002179,109.35690110002179,109.35690110002179,109.54091650003102,None,,,,,,,,,,,,,,P8775,Bar_MIC,13,1,2026-05-05_18h40.21.608,MIC_task,,2026.1.2,59.90351939622037,2026-05-05 18h40.22.906714 +0200,
,,4,0,4,,,,,,,13,a20,zsiráf,giraffe,1,animal,mammal,6.6,12,23,60,None,"(0, 0)",None,,,,,,,,,,,0,0,0,0,0,1,1,1,4,0,4,0,109.55729240004439,,,,,,,,,,,,,,,,,,,,,,,,,,,,,,,,,,,,,,,,,,,,,,,,,,,,,,,,,,,,,,,,,,,,,,,,,,,,,,,,,,,,,,,,,,,,,,109.54424830002245,109.55729240004439,109.55729240004439,109.55729240004439,109.74091629998293,None,,,,,,,,,,,,,,P8775,Bar_MIC,13,1,2026-05-05_18h40.21.608,MIC_task,,2026.1.2,59.90351939622037,2026-05-05 18h40.22.906714 +0200,
,,5,0,5,,,,,,,13,a20,zsiráf,giraffe,1,animal,mammal,6.6,12,23,60,None,"(0, 0)",None,,,,,,,,,,,0,0,0,0,0,1,1,1,5,0,5,0,109.75764399999753,,,,,,,,,,,,,,,,,,,,,,,,,,,,,,,,,,,,,,,,,,,,,,,,,,,,,,,,,,,,,,,,,,,,,,,,,,,,,,,,,,,,,,,,,,,,,,109.7439515000442,109.75764399999753,109.75764399999753,109.75764399999753,109.94138940004632,None,,,,,,,,,,,,,,P8775,Bar_MIC,13,1,2026-05-05_18h40.21.608,MIC_task,,2026.1.2,59.90351939622037,2026-05-05 18h40.22.906714 +0200,
,,6,0,6,,,,,,,13,a20,zsiráf,giraffe,1,animal,mammal,6.6,12,23,60,None,"(0, 0)",None,,,,,,,,,,,0,0,0,0,0,1,1,1,6,0,6,0,109.9580301999813,,,,,,,,,,,,,,,,,,,,,,,,,,,,,,,,,,,,,,,,,,,,,,,,,,,,,,,,,,,,,,,,,,,,,,,,,,,,,,,,,,,,,,,,,,,,,,109.94492519996129,109.9580301999813,109.9580301999813,109.9580301999813,110.14197080000304,None,,,,,,,,,,,,,,P8775,Bar_MIC,13,1,2026-05-05_18h40.21.608,MIC_task,,2026.1.2,59.90351939622037,2026-05-05 18h40.22.906714 +0200,
,,7,0,7,,,,,,,13,a20,zsiráf,giraffe,1,animal,mammal,6.6,12,23,60,None,"(0, 0)",None,,,,,,,,,,,0,0,0,0,0,1,1,1,7,0,7,0,110.15836940007284,,,,,,,,,,,,,,,,,,,,,,,,,,,,,,,,,,,,,,,,,,,,,,,,,,,,,,,,,,,,,,,,,,,,,,,,,,,,,,,,,,,,,,,,,,,,,,110.14513309998438,110.15836940007284,110.15836940007284,110.15836940007284,110.34224779997021,None,,,,,,,,,,,,,,P8775,Bar_MIC,13,1,2026-05-05_18h40.21.608,MIC_task,,2026.1.2,59.90351939622037,2026-05-05 18h40.22.906714 +0200,
,,8,0,8,,,,,,,13,a20,zsiráf,giraffe,1,animal,mammal,6.6,12,23,60,None,"(0, 0)",None,,,,,,,,,,,0,0,0,0,0,1,1,1,8,0,8,0,110.35872620006558,,,,,,,,,,,,,,,,,,,,,,,,,,,,,,,,,,,,,,,,,,,,,,,,,,,,,,,,,,,,,,,,,,,,,,,,,,,,,,,,,,,,,,,,,,,,,,110.34567509999033,110.35872620006558,110.35872620006558,110.35872620006558,110.54276039998513,None,,,,,,,,,,,,,,P8775,Bar_MIC,13,1,2026-05-05_18h40.21.608,MIC_task,,2026.1.2,59.90351939622037,2026-05-05 18h40.22.906714 +0200,
,,9,0,9,,,,,,,13,a20,zsiráf,giraffe,1,animal,mammal,6.6,12,23,60,None,"(0, 0)",None,,,,,,,,,,,0,0,0,0,0,1,1,1,9,0,9,0,110.55910129996482,,,,,,,,,,,,,,,,,,,,,,,,,,,,,,,,,,,,,,,,,,,,,,,,,,,,,,,,,,,,,,,,,,,,,,,,,,,,,,,,,,,,,,,,,,,,,,110.54618689999916,110.55910129996482,110.55910129996482,110.55910129996482,110.74309580004774,None,,,,,,,,,,,,,,P8775,Bar_MIC,13,1,2026-05-05_18h40.21.608,MIC_task,,2026.1.2,59.90351939622037,2026-05-05 18h40.22.906714 +0200,
,,10,0,10,,,,,,,13,a20,zsiráf,giraffe,1,animal,mammal,6.6,12,23,60,None,"(0, 0)",None,,,,,,,,,,,0,0,0,0,0,1,1,1,10,0,10,0,110.75949119997676,,,,,,,,,,,,,,,,,,,,,,,,,,,,,,,,,,,,,,,,,,,,,,,,,,,,,,,,,,,,,,,,,,,,,,,,,,,,,,,,,,,,,,,,,,,,,,110.74656500003766,110.75949119997676,110.75949119997676,110.75949119997676,110.94360710005276,None,,,,,,,,,,,,,,P8775,Bar_MIC,13,1,2026-05-05_18h40.21.608,MIC_task,,2026.1.2,59.90351939622037,2026-05-05 18h40.22.906714 +0200,
,,11,0,11,,,,,,,13,a20,zsiráf,giraffe,1,animal,mammal,6.6,12,23,60,None,"(0, 0)",None,,,,,,,,,,,0,0,0,0,0,1,1,1,11,0,11,0,110.95980359998066,,,,,,,,,,,,,,,,,,,,,,,,,,,,,,,,,,,,,,,,,,,,,,,,,,,,,,,,,,,,,,,,,,,,,,,,,,,,,,,,,,,,,,,,,,,,,,110.94693089998327,110.95980359998066,110.95980359998066,110.95980359998066,111.14395749999676,None,,,,,,,,,,,,,,P8775,Bar_MIC,13,1,2026-05-05_18h40.21.608,MIC_task,,2026.1.2,59.90351939622037,2026-05-05 18h40.22.906714 +0200,
,,12,0,12,,,,,,,13,a20,zsiráf,giraffe,1,animal,mammal,6.6,12,23,60,None,"(0, 0)",None,,,,,,,,,,,0,0,0,0,0,1,1,1,12,0,12,0,111.16015630005859,,,,,,,,,,,,,,,,,,,,,,,,,,,,,,,,,,,,,,,,,,,,,,,,,,,,,,,,,,,,,,,,,,,,,,,,,,,,,,,,,,,,,,,,,,,,,,111.14708630007226,111.16015630005859,111.16015630005859,111.16015630005859,111.34419039997738,None,,,,,,,,,,,,,,P8775,Bar_MIC,13,1,2026-05-05_18h40.21.608,MIC_task,,2026.1.2,59.90351939622037,2026-05-05 18h40.22.906714 +0200,
,,13,0,13,,,,,,,13,a20,zsiráf,giraffe,1,animal,mammal,6.6,12,23,60,None,"(0, 0)",None,,,,,,,,,,,0,0,0,0,0,1,1,1,13,0,13,0,111.3604966000421,,,,,,,,,,,,,,,,,,,,,,,,,,,,,,,,,,,,,,,,,,,,,,,,,,,,,,,,,,,,,,,,,,,,,,,,,,,,,,,,,,,,,,,,,,,,,,111.34758140007034,111.3604966000421,111.3604966000421,111.3604966000421,111.5446968000615,None,,,,,,,,,,,,,,P8775,Bar_MIC,13,1,2026-05-05_18h40.21.608,MIC_task,,2026.1.2,59.90351939622037,2026-05-05 18h40.22.906714 +0200,
,,14,0,14,,,,,,,13,a20,zsiráf,giraffe,1,animal,mammal,6.6,12,23,60,None,"(0, 0)",None,,,,,,,,,,,0,0,0,0,0,1,1,1,14,0,14,0,111.56021410005633,,,,,,,,,,,,,,,,,,,,,,,,,,,,,,,,,,,,,,,,,,,,,,,,,,,,,,,,,,,,,,,,,,,,,,,,,,,,,,,,,,,,,,,,,,,,,,111.54846219997853,111.56021410005633,111.56021410005633,111.56021410005633,111.74524519999977,None,,,,,,,,,,,,,,P8775,Bar_MIC,13,1,2026-05-05_18h40.21.608,MIC_task,,2026.1.2,59.90351939622037,2026-05-05 18h40.22.906714 +0200,
,,15,0,15,,,,,,,13,a20,zsiráf,giraffe,1,animal,mammal,6.6,12,23,60,None,"(0, 0)",None,,,,,,,,,,,0,0,0,0,0,1,1,1,15,0,15,0,111.76061120000668,,,,,,,,,,,,,,,,,,,,,,,,,,,,,,,,,,,,,,,,,,,,,,,,,,,,,,,,,,,,,,,,,,,,,,,,,,,,,,,,,,,,,,,,,,,,,,111.74834930000361,111.76061120000668,111.76061120000668,111.76061120000668,111.94442900002468,None,,,,,,,,,,,,,,P8775,Bar_MIC,13,1,2026-05-05_18h40.21.608,MIC_task,,2026.1.2,59.90351939622037,2026-05-05 18h40.22.906714 +0200,
,,16,0,16,,,,,,,13,a20,zsiráf,giraffe,1,animal,mammal,6.6,12,23,60,None,"(0, 0)",None,,,,,,,,,,,0,0,0,0,0,1,1,1,16,0,16,0,111.9610040000407,,,,,,,,,,,,,,,,,,,,,,,,,,,,,,,,,,,,,,,,,,,,,,,,,,,,,,,,,,,,,,,,,,,,,,,,,,,,,,,,,,,,,,,,,,,,,,111.94740209996235,111.9610040000407,111.9610040000407,111.9610040000407,112.1449072000105,None,,,,,,,,,,,,,,P8775,Bar_MIC,13,1,2026-05-05_18h40.21.608,MIC_task,,2026.1.2,59.90351939622037,2026-05-05 18h40.22.906714 +0200,
,,17,0,17,,,,,,,13,a20,zsiráf,giraffe,1,animal,mammal,6.6,12,23,60,None,"(0, 0)",None,,,,,,,,,,,0,0,0,0,0,1,1,1,17,0,17,0,112.16128790006042,,,,,,,,,,,,,,,,,,,,,,,,,,,,,,,,,,,,,,,,,,,,,,,,,,,,,,,,,,,,,,,,,,,,,,,,,,,,,,,,,,,,,,,,,,,,,,112.14811369997915,112.16128790006042,112.16128790006042,112.16128790006042,112.34504070004914,None,,,,,,,,,,,,,,P8775,Bar_MIC,13,1,2026-05-05_18h40.21.608,MIC_task,,2026.1.2,59.90351939622037,2026-05-05 18h40.22.906714 +0200,
,,18,0,18,,,,,,,13,a20,zsiráf,giraffe,1,animal,mammal,6.6,12,23,60,None,"(0, 0)",None,,,,,,,,,,,0,0,0,0,0,1,1,1,18,0,18,0,112.361649199971,,,,,,,,,,,,,,,,,,,,,,,,,,,,,,,,,,,,,,,,,,,,,,,,,,,,,,,,,,,,,,,,,,,,,,,,,,,,,,,,,,,,,,,,,,,,,,112.34851929999422,112.361649199971,112.361649199971,112.361649199971,112.54568950005341,None,,,,,,,,,,,,,,P8775,Bar_MIC,13,1,2026-05-05_18h40.21.608,MIC_task,,2026.1.2,59.90351939622037,2026-05-05 18h40.22.906714 +0200,
,,19,0,19,,,,,,,13,a20,zsiráf,giraffe,1,animal,mammal,6.6,12,23,60,None,"(0, 0)",None,,,,,,,,,,,0,0,0,0,0,1,1,1,19,0,19,0,112.56211200007237,,,,,,,,,,,,,,,,,,,,,,,,,,,,,,,,,,,,,,,,,,,,,,,,,,,,,,,,,,,,,,,,,,,,,,,,,,,,,,,,,,,,,,,,,,,,,,112.54879410006106,112.56211200007237,112.56211200007237,112.56211200007237,112.74588439997751,None,,,,,,,,,,,,,,P8775,Bar_MIC,13,1,2026-05-05_18h40.21.608,MIC_task,,2026.1.2,59.90351939622037,2026-05-05 18h40.22.906714 +0200,
,,20,0,20,,,,,,,13,a20,zsiráf,giraffe,1,animal,mammal,6.6,12,23,60,None,"(0, 0)",None,,,,,,,,,,,0,0,0,0,0,1,1,1,20,0,20,0,112.76246690005064,,,,,,,,,,,,,,,,,,,,,,,,,,,,,,,,,,,,,,,,,,,,,,,,,,,,,,,,,,,,,,,,,,,,,,,,,,,,,,,,,,,,,,,,,,,,,,112.74927240004763,112.76246690005064,112.76246690005064,112.76246690005064,112.94619360007346,None,,,,,,,,,,,,,,P8775,Bar_MIC,13,1,2026-05-05_18h40.21.608,MIC_task,,2026.1.2,59.90351939622037,2026-05-05 18h40.22.906714 +0200,
,,21,0,21,,,,,,,13,a20,zsiráf,giraffe,1,animal,mammal,6.6,12,23,60,None,"(0, 0)",None,,,,,,,,,,,0,0,0,0,0,1,1,1,21,0,21,0,112.96281970001291,,,,,,,,,,,,,,,,,,,,,,,,,,,,,,,,,,,,,,,,,,,,,,,,,,,,,,,,,,,,,,,,,,,,,,,,,,,,,,,,,,,,,,,,,,,,,,112.94975370005704,112.96281970001291,112.96281970001291,112.96281970001291,113.14721830002964,None,,,,,,,,,,,,,,P8775,Bar_MIC,13,1,2026-05-05_18h40.21.608,MIC_task,,2026.1.2,59.90351939622037,2026-05-05 18h40.22.906714 +0200,
,,22,0,22,,,,,,,13,a20,zsiráf,giraffe,1,animal,mammal,6.6,12,23,60,None,"(0, 0)",space,0.1566334000090137,None,,,,,,,,,0,0,0,0,0,1,1,1,22,0,22,0,113.16313010000158,,,,,,,,,,,,,,,,,,,,,,,,,,,,,,,,,,,,,,,,,,,,,,,,,,,,,,,,,,,,,,,,,,,,,,,,,,,,,,,,,,,,,,,,,,,,,,113.15044830006082,113.16313010000158,113.16313010000158,113.16313010000158,113.33120070002042,space,0.1566334000090137,None,,,,,,,,,,,,P8775,Bar_MIC,13,1,2026-05-05_18h40.21.608,MIC_task,,2026.1.2,59.90351939622037,2026-05-05 18h40.22.906714 +0200,
,,1,1,0,,,,space,0.2226164999883622,None,13,a20,zsiráf,giraffe,1,animal,mammal,6.6,12,23,60,None,"(0, 0)",,,,,,,,,,,,0,0,0,0,0,1,1,1,,,,,,,,,,,,,,,,,,,,,,,,,,,,,,,,,,,,,,,,,,,,,,,,,,,,,,,,,,,,,,,,,,,,,,,,,,,,,,,,,,,113.39347260002978,113.39898369996808,113.39702686668994,115.33388789999299,,,,,,117.33650480001234,117.35352620005142,117.35352620005142,117.58796460006852,,,,,,,,,,,,115.36290000006557,115.36842129996512,115.36710163334695,117.26889619999565,117.33645980001893,space,0.2226164999883622,None,,,,P8775,Bar_MIC,13,1,2026-05-05_18h40.21.608,MIC_task,,2026.1.2,59.90351939622037,2026-05-05 18h40.22.906714 +0200,
,,0,0,0,,,,,,,13,p17,orvos,doctor,6,people,professions,7,843,None,104,None,"(0.1, -0.1)",None,,,,,,,,,,,0,0,0,0,0,2,2,2,0,0,0,0,117.61383609997574,,,,,,,,,,,,,,,,,,,,,,,,,,,,,,,,,,,,,,,,,,,,,,,,,,,,,,,,,,,,,,,,,,,,,,,,,,,,,,,,,,,,,,,,,,,,,,117.60818950005341,117.61383609997574,117.61383609997574,117.61383609997574,117.80409960006364,None,,,,,,,,,,,,,,P8775,Bar_MIC,13,1,2026-05-05_18h40.21.608,MIC_task,,2026.1.2,59.90351939622037,2026-05-05 18h40.22.906714 +0200,
,,0,0,0,,,,,,,13,p17,orvos,doctor,6,people,professions,7,843,None,104,None,"(0.1, -0.1)",None,,,,,,,,,,,0,0,0,0,0,2,2,2,0,0,0,0,117.81972590007354,,,,,,,,,,,,,,,,,,,,,,,,,,,,,,,,,,,,,,,,,,,,,,,,,,,,,,,,,,,,,,,,,,,,,,,,,,,,,,,,,,,,,,,,,,,,,,117.80765360000078,117.81972590007354,117.81972590007354,117.81972590007354,118.00459130003583,None,,,,,,,,,,,,,,P8775,Bar_MIC,13,1,2026-05-05_18h40.21.608,MIC_task,,2026.1.2,59.90351939622037,2026-05-05 18h40.22.906714 +0200,
,,1,0,1,,,,,,,13,p17,orvos,doctor,6,people,professions,7,843,None,104,None,"(0.1, -0.1)",None,,,,,,,,,,,0,0,0,0,0,2,2,2,1,0,1,0,118.02010500000324,,,,,,,,,,,,,,,,,,,,,,,,,,,,,,,,,,,,,,,,,,,,,,,,,,,,,,,,,,,,,,,,,,,,,,,,,,,,,,,,,,,,,,,,,,,,,,118.00793189997785,118.02010500000324,118.02010500000324,118.02010500000324,118.20414060004987,None,,,,,,,,,,,,,,P8775,Bar_MIC,13,1,2026-05-05_18h40.21.608,MIC_task,,2026.1.2,59.90351939622037,2026-05-05 18h40.22.906714 +0200,
,,2,0,2,,,,,,,13,p17,orvos,doctor,6,people,professions,7,843,None,104,None,"(0.1, -0.1)",None,,,,,,,,,,,0,0,0,0,0,2,2,2,2,0,2,0,118.22052860003896,,,,,,,,,,,,,,,,,,,,,,,,,,,,,,,,,,,,,,,,,,,,,,,,,,,,,,,,,,,,,,,,,,,,,,,,,,,,,,,,,,,,,,,,,,,,,,118.20723609998822,118.22052860003896,118.22052860003896,118.22052860003896,118.3886556000216,None,,,,,,,,,,,,,,P8775,Bar_MIC,13,1,2026-05-05_18h40.21.608,MIC_task,,2026.1.2,59.90351939622037,2026-05-05 18h40.22.906714 +0200,
,,3,0,3,,,,,,,13,p17,orvos,doctor,6,people,professions,7,843,None,104,None,"(0.1, -0.1)",None,,,,,,,,,,,0,0,0,0,0,2,2,2,3,0,3,0,118.40409259998705,,,,,,,,,,,,,,,,,,,,,,,,,,,,,,,,,,,,,,,,,,,,,,,,,,,,,,,,,,,,,,,,,,,,,,,,,,,,,,,,,,,,,,,,,,,,,,118.39178090007044,118.40409259998705,118.40409259998705,118.40409259998705,118.58832610002719,None,,,,,,,,,,,118.60448460001498,118.60448460001498,118.60448460001498,P8775,Bar_MIC,13,1,2026-05-05_18h40.21.608,MIC_task,,2026.1.2,59.90351939622037,2026-05-05 18h40.22.906714 +0200,
,,4,0,4,,,,,,,13,p17,orvos,doctor,6,people,professions,7,843,None,104,None,"(0.1, -0.1)",None,,,,,,,,,,,0,0,0,0,0,2,2,2,4,0,4,0,118.60448460001498,,,,,,,,,,,,,,,,,,,,,,,,,,,,,,,,,,,,,,,,,,,,,,,,,,,,,,,,,,,,,,,,,,,,,,,,,,,,,,,,,,,,,,,,,,,,,,118.59136269998271,118.60448460001498,118.60448460001498,118.60448460001498,118.7886311999755,None,,,,,,,,,,,,,,P8775,Bar_MIC,13,1,2026-05-05_18h40.21.608,MIC_task,,2026.1.2,59.90351939622037,2026-05-05 18h40.22.906714 +0200,
,,5,0,5,,,,,,,13,p17,orvos,doctor,6,people,professions,7,843,None,104,None,"(0.1, -0.1)",None,,,,,,,,,,,0,0,0,0,0,2,2,2,5,0,5,0,118.80489839997608,,,,,,,,,,,,,,,,,,,,,,,,,,,,,,,,,,,,,,,,,,,,,,,,,,,,,,,,,,,,,,,,,,,,,,,,,,,,,,,,,,,,,,,,,,,,,,118.7919429000467,118.80489839997608,118.80489839997608,118.80489839997608,118.98861240001861,None,,,,,,,,,,,,,,P8775,Bar_MIC,13,1,2026-05-05_18h40.21.608,MIC_task,,2026.1.2,59.90351939622037,2026-05-05 18h40.22.906714 +0200,
,,6,0,6,,,,,,,13,p17,orvos,doctor,6,people,professions,7,843,None,104,None,"(0.1, -0.1)",None,,,,,,,,,,,0,0,0,0,0,2,2,2,6,0,6,0,119.00525260006543,,,,,,,,,,,,,,,,,,,,,,,,,,,,,,,,,,,,,,,,,,,,,,,,,,,,,,,,,,,,,,,,,,,,,,,,,,,,,,,,,,,,,,,,,,,,,,118.99190430005547,119.00525260006543,119.00525260006543,119.00525260006543,119.18916119995993,None,,,,,,,,,,,,,,P8775,Bar_MIC,13,1,2026-05-05_18h40.21.608,MIC_task,,2026.1.2,59.90351939622037,2026-05-05 18h40.22.906714 +0200,
,,7,0,7,,,,,,,13,p17,orvos,doctor,6,people,professions,7,843,None,104,None,"(0.1, -0.1)",None,,,,,,,,,,,0,0,0,0,0,2,2,2,7,0,7,0,119.20547380007338,,,,,,,,,,,,,,,,,,,,,,,,,,,,,,,,,,,,,,,,,,,,,,,,,,,,,,,,,,,,,,,,,,,,,,,,,,,,,,,,,,,,,,,,,,,,,,119.19263720000163,119.20547380007338,119.20547380007338,119.20547380007338,119.38942240003962,None,,,,,,,,,,,,,,P8775,Bar_MIC,13,1,2026-05-05_18h40.21.608,MIC_task,,2026.1.2,59.90351939622037,2026-05-05 18h40.22.906714 +0200,
,,8,0,8,,,,,,,13,p17,orvos,doctor,6,people,professions,7,843,None,104,None,"(0.1, -0.1)",None,,,,,,,,,,,0,0,0,0,0,2,2,2,8,0,8,0,119.40589809999801,,,,,,,,,,,,,,,,,,,,,,,,,,,,,,,,,,,,,,,,,,,,,,,,,,,,,,,,,,,,,,,,,,,,,,,,,,,,,,,,,,,,,,,,,,,,,,119.39251230005175,119.40589809999801,119.40589809999801,119.40589809999801,119.58999800006859,None,,,,,,,,,,,,,,P8775,Bar_MIC,13,1,2026-05-05_18h40.21.608,MIC_task,,2026.1.2,59.90351939622037,2026-05-05 18h40.22.906714 +0200,
,,9,0,9,,,,,,,13,p17,orvos,doctor,6,people,professions,7,843,None,104,None,"(0.1, -0.1)",None,,,,,,,,,,,0,0,0,0,0,2,2,2,9,0,9,0,119.60631429997738,,,,,,,,,,,,,,,,,,,,,,,,,,,,,,,,,,,,,,,,,,,,,,,,,,,,,,,,,,,,,,,,,,,,,,,,,,,,,,,,,,,,,,,,,,,,,,119.59325360006187,119.60631429997738,119.60631429997738,119.60631429997738,119.79021650005598,None,,,,,,,,,,,,,,P8775,Bar_MIC,13,1,2026-05-05_18h40.21.608,MIC_task,,2026.1.2,59.90351939622037,2026-05-05 18h40.22.906714 +0200,
,,10,0,10,,,,,,,13,p17,orvos,doctor,6,people,professions,7,843,None,104,None,"(0.1, -0.1)",None,,,,,,,,,,,0,0,0,0,0,2,2,2,10,0,10,0,119.80666120001115,,,,,,,,,,,,,,,,,,,,,,,,,,,,,,,,,,,,,,,,,,,,,,,,,,,,,,,,,,,,,,,,,,,,,,,,,,,,,,,,,,,,,,,,,,,,,,119.79342220001854,119.80666120001115,119.80666120001115,119.80666120001115,119.99079740000889,None,,,,,,,,,,,,,,P8775,Bar_MIC,13,1,2026-05-05_18h40.21.608,MIC_task,,2026.1.2,59.90351939622037,2026-05-05 18h40.22.906714 +0200,
,,11,0,11,,,,,,,13,p17,orvos,doctor,6,people,professions,7,843,None,104,None,"(0.1, -0.1)",None,,,,,,,,,,,0,0,0,0,0,2,2,2,11,0,11,0,120.00628279999364,,,,,,,,,,,,,,,,,,,,,,,,,,,,,,,,,,,,,,,,,,,,,,,,,,,,,,,,,,,,,,,,,,,,,,,,,,,,,,,,,,,,,,,,,,,,,,119.99401350005064,120.00628279999364,120.00628279999364,120.00628279999364,120.19134450005367,None,,,,,,,,,,,,,,P8775,Bar_MIC,13,1,2026-05-05_18h40.21.608,MIC_task,,2026.1.2,59.90351939622037,2026-05-05 18h40.22.906714 +0200,
,,12,0,12,,,,,,,13,p17,orvos,doctor,6,people,professions,7,843,None,104,None,"(0.1, -0.1)",None,,,,,,,,,,,0,0,0,0,0,2,2,2,12,0,12,0,120.20672839996405,,,,,,,,,,,,,,,,,,,,,,,,,,,,,,,,,,,,,,,,,,,,,,,,,,,,,,,,,,,,,,,,,,,,,,,,,,,,,,,,,,,,,,,,,,,,,,120.19452320004348,120.20672839996405,120.20672839996405,120.20672839996405,120.39155210007448,None,,,,,,,,,,,,,,P8775,Bar_MIC,13,1,2026-05-05_18h40.21.608,MIC_task,,2026.1.2,59.90351939622037,2026-05-05 18h40.22.906714 +0200,
,,13,0,13,,,,,,,13,p17,orvos,doctor,6,people,professions,7,843,None,104,None,"(0.1, -0.1)",None,,,,,,,,,,,0,0,0,0,0,2,2,2,13,0,13,0,120.4070924000116,,,,,,,,,,,,,,,,,,,,,,,,,,,,,,,,,,,,,,,,,,,,,,,,,,,,,,,,,,,,,,,,,,,,,,,,,,,,,,,,,,,,,,,,,,,,,,120.3950627000304,120.4070924000116,120.4070924000116,120.4070924000116,120.59200090006925,None,,,,,,,,,,,,,,P8775,Bar_MIC,13,1,2026-05-05_18h40.21.608,MIC_task,,2026.1.2,59.90351939622037,2026-05-05 18h40.22.906714 +0200,
,,14,0,14,,,,,,,13,p17,orvos,doctor,6,people,professions,7,843,None,104,None,"(0.1, -0.1)",None,,,,,,,,,,,0,0,0,0,0,2,2,2,14,0,14,0,120.6075074999826,,,,,,,,,,,,,,,,,,,,,,,,,,,,,,,,,,,,,,,,,,,,,,,,,,,,,,,,,,,,,,,,,,,,,,,,,,,,,,,,,,,,,,,,,,,,,,120.59505350003019,120.6075074999826,120.6075074999826,120.6075074999826,120.79158489999827,None,,,,,,,,,,,,,,P8775,Bar_MIC,13,1,2026-05-05_18h40.21.608,MIC_task,,2026.1.2,59.90351939622037,2026-05-05 18h40.22.906714 +0200,
,,15,0,15,,,,,,,13,p17,orvos,doctor,6,people,professions,7,843,None,104,None,"(0.1, -0.1)",None,,,,,,,,,,,0,0,0,0,0,2,2,2,15,0,15,0,120.80781040003058,,,,,,,,,,,,,,,,,,,,,,,,,,,,,,,,,,,,,,,,,,,,,,,,,,,,,,,,,,,,,,,,,,,,,,,,,,,,,,,,,,,,,,,,,,,,,,120.79484740004409,120.80781040003058,120.80781040003058,120.80781040003058,120.99162079999223,None,,,,,,,,,,,,,,P8775,Bar_MIC,13,1,2026-05-05_18h40.21.608,MIC_task,,2026.1.2,59.90351939622037,2026-05-05 18h40.22.906714 +0200,
,,16,0,16,,,,,,,13,p17,orvos,doctor,6,people,professions,7,843,None,104,None,"(0.1, -0.1)",None,,,,,,,,,,,0,0,0,0,0,2,2,2,16,0,16,0,121.00818500004243,,,,,,,,,,,,,,,,,,,,,,,,,,,,,,,,,,,,,,,,,,,,,,,,,,,,,,,,,,,,,,,,,,,,,,,,,,,,,,,,,,,,,,,,,,,,,,120.9946947999997,121.00818500004243,121.00818500004243,121.00818500004243,121.1920016000513,None,,,,,,,,,,,,,,P8775,Bar_MIC,13,1,2026-05-05_18h40.21.608,MIC_task,,2026.1.2,59.90351939622037,2026-05-05 18h40.22.906714 +0200,
,,17,0,17,,,,,,,13,p17,orvos,doctor,6,people,professions,7,843,None,104,None,"(0.1, -0.1)",None,,,,,,,,,,,0,0,0,0,0,2,2,2,17,0,17,0,121.20857879996765,,,,,,,,,,,,,,,,,,,,,,,,,,,,,,,,,,,,,,,,,,,,,,,,,,,,,,,,,,,,,,,,,,,,,,,,,,,,,,,,,,,,,,,,,,,,,,121.19498919998296,121.20857879996765,121.20857879996765,121.20857879996765,121.39231100003235,None,,,,,,,,,,,,,,P8775,Bar_MIC,13,1,2026-05-05_18h40.21.608,MIC_task,,2026.1.2,59.90351939622037,2026-05-05 18h40.22.906714 +0200,
,,18,0,18,,,,,,,13,p17,orvos,doctor,6,people,professions,7,843,None,104,None,"(0.1, -0.1)",None,,,,,,,,,,,0,0,0,0,0,2,2,2,18,0,18,0,121.40881679998711,,,,,,,,,,,,,,,,,,,,,,,,,,,,,,,,,,,,,,,,,,,,,,,,,,,,,,,,,,,,,,,,,,,,,,,,,,,,,,,,,,,,,,,,,,,,,,121.3957288999809,121.40881679998711,121.40881679998711,121.40881679998711,121.5928106000647,None,,,,,,,,,,,,,,P8775,Bar_MIC,13,1,2026-05-05_18h40.21.608,MIC_task,,2026.1.2,59.90351939622037,2026-05-05 18h40.22.906714 +0200,
,,19,0,19,,,,,,,13,p17,orvos,doctor,6,people,professions,7,843,None,104,None,"(0.1, -0.1)",None,,,,,,,,,,,0,0,0,0,0,2,2,2,19,0,19,0,121.60938440007158,,,,,,,,,,,,,,,,,,,,,,,,,,,,,,,,,,,,,,,,,,,,,,,,,,,,,,,,,,,,,,,,,,,,,,,,,,,,,,,,,,,,,,,,,,,,,,121.59602200007066,121.60938440007158,121.60938440007158,121.60938440007158,121.79320059996098,None,,,,,,,,,,,,,,P8775,Bar_MIC,13,1,2026-05-05_18h40.21.608,MIC_task,,2026.1.2,59.90351939622037,2026-05-05 18h40.22.906714 +0200,
,,20,0,20,,,,,,,13,p17,orvos,doctor,6,people,professions,7,843,None,104,None,"(0.1, -0.1)",None,,,,,,,,,,,0,0,0,0,0,2,2,2,20,0,20,0,121.80960959999356,,,,,,,,,,,,,,,,,,,,,,,,,,,,,,,,,,,,,,,,,,,,,,,,,,,,,,,,,,,,,,,,,,,,,,,,,,,,,,,,,,,,,,,,,,,,,,121.79658149997704,121.80960959999356,121.80960959999356,121.80960959999356,121.993645700044,None,,,,,,,,,,,,,,P8775,Bar_MIC,13,1,2026-05-05_18h40.21.608,MIC_task,,2026.1.2,59.90351939622037,2026-05-05 18h40.22.906714 +0200,
,,21,0,21,,,,,,,13,p17,orvos,doctor,6,people,professions,7,843,None,104,None,"(0.1, -0.1)",None,,,,,,,,,,,0,0,0,0,0,2,2,2,21,0,21,0,122.01004059996922,,,,,,,,,,,,,,,,,,,,,,,,,,,,,,,,,,,,,,,,,,,,,,,,,,,,,,,,,,,,,,,,,,,,,,,,,,,,,,,,,,,,,,,,,,,,,,121.99661340005696,122.01004059996922,122.01004059996922,122.01004059996922,122.19432020001113,None,,,,,,,,,,,,,,P8775,Bar_MIC,13,1,2026-05-05_18h40.21.608,MIC_task,,2026.1.2,59.90351939622037,2026-05-05 18h40.22.906714 +0200,
,,22,0,22,,,,,,,13,p17,orvos,doctor,6,people,professions,7,843,None,104,None,"(0.1, -0.1)",None,,,,,,,,,,,0,0,0,0,0,2,2,2,22,0,22,0,122.20963160006795,,,,,,,,,,,,,,,,,,,,,,,,,,,,,,,,,,,,,,,,,,,,,,,,,,,,,,,,,,,,,,,,,,,,,,,,,,,,,,,,,,,,,,,,,,,,,,122.19758619996719,122.20963160006795,122.20963160006795,122.20963160006795,122.39447060006205,None,,,,,,,,,,,,,,P8775,Bar_MIC,13,1,2026-05-05_18h40.21.608,MIC_task,,2026.1.2,59.90351939622037,2026-05-05 18h40.22.906714 +0200,
,,23,0,23,,,,,,,13,p17,orvos,doctor,6,people,professions,7,843,None,104,None,"(0.1, -0.1)",None,,,,,,,,,,,0,0,0,0,0,2,2,2,23,0,23,0,122.41003939998336,,,,,,,,,,,,,,,,,,,,,,,,,,,,,,,,,,,,,,,,,,,,,,,,,,,,,,,,,,,,,,,,,,,,,,,,,,,,,,,,,,,,,,,,,,,,,,122.39795280003455,122.41003939998336,122.41003939998336,122.41003939998336,122.59400180005468,None,,,,,,,,,,,,,,P8775,Bar_MIC,13,1,2026-05-05_18h40.21.608,MIC_task,,2026.1.2,59.90351939622037,2026-05-05 18h40.22.906714 +0200,
,,24,0,24,,,,,,,13,p17,orvos,doctor,6,people,professions,7,843,None,104,None,"(0.1, -0.1)",None,,,,,,,,,,,0,0,0,0,0,2,2,2,24,0,24,0,122.610418700031,,,,,,,,,,,,,,,,,,,,,,,,,,,,,,,,,,,,,,,,,,,,,,,,,,,,,,,,,,,,,,,,,,,,,,,,,,,,,,,,,,,,,,,,,,,,,,122.59688840003219,122.610418700031,122.610418700031,122.610418700031,122.79414240003098,None,,,,,,,,,,,,,,P8775,Bar_MIC,13,1,2026-05-05_18h40.21.608,MIC_task,,2026.1.2,59.90351939622037,2026-05-05 18h40.22.906714 +0200,
,,25,0,25,,,,,,,13,p17,orvos,doctor,6,people,professions,7,843,None,104,None,"(0.1, -0.1)",None,,,,,,,,,,,0,0,0,0,0,2,2,2,25,0,25,0,122.81074390001595,,,,,,,,,,,,,,,,,,,,,,,,,,,,,,,,,,,,,,,,,,,,,,,,,,,,,,,,,,,,,,,,,,,,,,,,,,,,,,,,,,,,,,,,,,,,,,122.79738500004169,122.81074390001595,122.81074390001595,122.81074390001595,122.99456120003015,None,,,,,,,,,,,,,,P8775,Bar_MIC,13,1,2026-05-05_18h40.21.608,MIC_task,,2026.1.2,59.90351939622037,2026-05-05 18h40.22.906714 +0200,
,,26,0,26,,,,,,,13,p17,orvos,doctor,6,people,professions,7,843,None,104,None,"(0.1, -0.1)",None,,,,,,,,,,,0,0,0,0,0,2,2,2,26,0,26,0,123.01112420007121,,,,,,,,,,,,,,,,,,,,,,,,,,,,,,,,,,,,,,,,,,,,,,,,,,,,,,,,,,,,,,,,,,,,,,,,,,,,,,,,,,,,,,,,,,,,,,122.99761640001088,123.01112420007121,123.01112420007121,123.01112420007121,123.19490600004792,None,,,,,,,,,,,,,,P8775,Bar_MIC,13,1,2026-05-05_18h40.21.608,MIC_task,,2026.1.2,59.90351939622037,2026-05-05 18h40.22.906714 +0200,
,,27,0,27,,,,,,,13,p17,orvos,doctor,6,people,professions,7,843,None,104,None,"(0.1, -0.1)",None,,,,,,,,,,,0,0,0,0,0,2,2,2,27,0,27,0,123.21151799999643,,,,,,,,,,,,,,,,,,,,,,,,,,,,,,,,,,,,,,,,,,,,,,,,,,,,,,,,,,,,,,,,,,,,,,,,,,,,,,,,,,,,,,,,,,,,,,123.19830120005645,123.21151799999643,123.21151799999643,123.21151799999643,123.39544770005159,None,,,,,,,,,,,,,,P8775,Bar_MIC,13,1,2026-05-05_18h40.21.608,MIC_task,,2026.1.2,59.90351939622037,2026-05-05 18h40.22.906714 +0200,
,,28,0,28,,,,,,,13,p17,orvos,doctor,6,people,professions,7,843,None,104,None,"(0.1, -0.1)",None,,,,,,,,,,,0,0,0,0,0,2,2,2,28,0,28,0,123.41192290000618,,,,,,,,,,,,,,,,,,,,,,,,,,,,,,,,,,,,,,,,,,,,,,,,,,,,,,,,,,,,,,,,,,,,,,,,,,,,,,,,,,,,,,,,,,,,,,123.39868480002042,123.41192290000618,123.41192290000618,123.41192290000618,123.59600809996482,None,,,,,,,,,,,,,,P8775,Bar_MIC,13,1,2026-05-05_18h40.21.608,MIC_task,,2026.1.2,59.90351939622037,2026-05-05 18h40.22.906714 +0200,
,,29,0,29,,,,,,,13,p17,orvos,doctor,6,people,professions,7,843,None,104,None,"(0.1, -0.1)",space,0.027946799993515015,None,,,,,,,,,0,0,0,0,0,2,2,2,29,0,29,0,123.61234190000687,,,,,,,,,,,,,,,,,,,,,,,,,,,,,,,,,,,,,,,,,,,,,,,,,,,,,,,,,,,,,,,,,,,,,,,,,,,,,,,,,,,,,,,,,,,,,,123.59908020007424,123.61234190000687,123.61234190000687,123.61234190000687,123.64731340005528,space,0.027946799993515015,None,,,,,,,,,,,,P8775,Bar_MIC,13,1,2026-05-05_18h40.21.608,MIC_task,,2026.1.2,59.90351939622037,2026-05-05 18h40.22.906714 +0200,
,,2,2,0,,,,space,0.8426121999509633,None,13,p17,orvos,doctor,6,people,professions,7,843,None,104,None,"(0.1, -0.1)",,,,,,,,,,,,0,0,0,0,0,2,2,2,,,,,,,,,,,,,,,,,,,,,,,,,,,,,,,,,,,,,,,,,,,,,,,,,,,,,,,,,,,,,,,,,,,,,,,,,,,,,,,,,,,123.7094475000631,123.71581460000016,123.71298996663342,125.64887599996291,,,,,,127.65194850007538,127.66898930002935,127.66898930002935,128.52107630006503,,,,,,,,,,,,125.67336120002437,125.67911779996939,125.68208723329784,127.56836410006508,127.6519016000675,space,0.8426121999509633,None,,,,P8775,Bar_MIC,13,1,2026-05-05_18h40.21.608,MIC_task,,2026.1.2,59.90351939622037,2026-05-05 18h40.22.906714 +0200,
,,0,0,0,,,,,,,13,c27,póló,t-shirt,3,clothes,tops,6.8,43,23,None,None,"(0.1, -0.1)",None,,,,,,,,,,,0,0,0,0,0,3,3,3,0,0,0,0,128.54757270007394,,,,,,,,,,,,,,,,,,,,,,,,,,,,,,,,,,,,,,,,,,,,,,,,,,,,,,,,,,,,,,,,,,,,,,,,,,,,,,,,,,,,,,,,,,,,,,128.54172019998077,128.54757270007394,128.54757270007394,128.54757270007394,128.7368646999821,None,,,,,,,,,,,,,,P8775,Bar_MIC,13,1,2026-05-05_18h40.21.608,MIC_task,,2026.1.2,59.90351939622037,2026-05-05 18h40.22.906714 +0200,
,,0,0,0,,,,,,,13,c27,póló,t-shirt,3,clothes,tops,6.8,43,23,None,None,"(0.1, -0.1)",space,None,None,,,,,,,,,0,0,0,0,0,3,3,3,0,0,0,0,128.75333820004016,,,,,,,,,,,,,,,,,,,,,,,,,,,,,,,,,,,,,,,,,,,,,,,,,,,,,,,,,,,,,,,,,,,,,,,,,,,,,,,,,,,,,,,,,,,,,,128.739875499974,128.75333820004016,128.75333820004016,128.75333820004016,128.88764430000447,space,None,None,,,,,,,,,,,,P8775,Bar_MIC,13,1,2026-05-05_18h40.21.608,MIC_task,,2026.1.2,59.90351939622037,2026-05-05 18h40.22.906714 +0200,
,,3,3,0,,,,space,0.800785299972631,None,13,c27,póló,t-shirt,3,clothes,tops,6.8,43,23,None,None,"(0.1, -0.1)",,,,,,,,,,,,0,0,0,0,0,3,3,3,,,,,,,,,,,,,,,,,,,,,,,,,,,,,,,,,,,,,,,,,,,,,,,,,,,,,,,,,,,,,,,,,,,,,,,,,,,,,,,,,,,128.94668469997123,128.95300400000997,128.95343386662816,130.89055040001404,,,,,,132.89396590006072,132.91086549998727,132.91086549998727,133.72877070005052,,,,,,,,,,,,130.92261610005517,130.92836210003588,130.9236894333813,132.8284337000223,132.89391870005056,space,0.800785299972631,None,,,,P8775,Bar_MIC,13,1,2026-05-05_18h40.21.608,MIC_task,,2026.1.2,59.90351939622037,2026-05-05 18h40.22.906714 +0200,
,,0,0,0,,,,,,,13,l09,kastély,castle,5,location,facilities,5.8,10,None,114,None,"(-0.1, 0)",None,,,,,,,,,,,0,0,0,0,0,4,4,4,0,0,0,0,133.75586569996085,,,,,,,,,,,,,,,,,,,,,,,,,,,,,,,,,,,,,,,,,,,,,,,,,,,,,,,,,,,,,,,,,,,,,,,,,,,,,,,,,,,,,,,,,,,,,,133.74979040003382,133.75586569996085,133.75586569996085,133.75586569996085,133.94521090004127,None,,,,,,,,,,,,,,P8775,Bar_MIC,13,1,2026-05-05_18h40.21.608,MIC_task,,2026.1.2,59.90351939622037,2026-05-05 18h40.22.906714 +0200,
,,0,0,0,,,,,,,13,l09,kastély,castle,5,location,facilities,5.8,10,None,114,None,"(-0.1, 0)",None,,,,,,,,,,,0,0,0,0,0,4,4,4,0,0,0,0,133.96148200007156,,,,,,,,,,,,,,,,,,,,,,,,,,,,,,,,,,,,,,,,,,,,,,,,,,,,,,,,,,,,,,,,,,,,,,,,,,,,,,,,,,,,,,,,,,,,,,133.94858129997738,133.96148200007156,133.96148200007156,133.96148200007156,134.12933869997505,None,,,,,,,,,,,,,,P8775,Bar_MIC,13,1,2026-05-05_18h40.21.608,MIC_task,,2026.1.2,59.90351939622037,2026-05-05 18h40.22.906714 +0200,
,,1,0,1,,,,,,,13,l09,kastély,castle,5,location,facilities,5.8,10,None,114,None,"(-0.1, 0)",None,,,,,,,,,,,0,0,0,0,0,4,4,4,1,0,1,0,134.14511310006492,,,,,,,,,,,,,,,,,,,,,,,,,,,,,,,,,,,,,,,,,,,,,,,,,,,,,,,,,,,,,,,,,,,,,,,,,,,,,,,,,,,,,,,,,,,,,,134.1327672000043,134.14511310006492,134.14511310006492,134.14511310006492,134.32952020002995,None,,,,,,,,,,,,,,P8775,Bar_MIC,13,1,2026-05-05_18h40.21.608,MIC_task,,2026.1.2,59.90351939622037,2026-05-05 18h40.22.906714 +0200,
,,2,0,2,,,,,,,13,l09,kastély,castle,5,location,facilities,5.8,10,None,114,None,"(-0.1, 0)",None,,,,,,,,,,,0,0,0,0,0,4,4,4,2,0,2,0,134.34551370004192,,,,,,,,,,,,,,,,,,,,,,,,,,,,,,,,,,,,,,,,,,,,,,,,,,,,,,,,,,,,,,,,,,,,,,,,,,,,,,,,,,,,,,,,,,,,,,134.33319550007582,134.34551370004192,134.34551370004192,134.34551370004192,134.52967009996064,None,,,,,,,,,,,,,,P8775,Bar_MIC,13,1,2026-05-05_18h40.21.608,MIC_task,,2026.1.2,59.90351939622037,2026-05-05 18h40.22.906714 +0200,
,,3,0,3,,,,,,,13,l09,kastély,castle,5,location,facilities,5.8,10,None,114,None,"(-0.1, 0)",None,,,,,,,,,,,0,0,0,0,0,4,4,4,3,0,3,0,134.5451335000107,,,,,,,,,,,,,,,,,,,,,,,,,,,,,,,,,,,,,,,,,,,,,,,,,,,,,,,,,,,,,,,,,,,,,,,,,,,,,,,,,,,,,,,,,,,,,,134.53325209999457,134.5451335000107,134.5451335000107,134.5451335000107,134.73016819998156,None,,,,,,,,,,,,,,P8775,Bar_MIC,13,1,2026-05-05_18h40.21.608,MIC_task,,2026.1.2,59.90351939622037,2026-05-05 18h40.22.906714 +0200,
,,4,0,4,,,,,,,13,l09,kastély,castle,5,location,facilities,5.8,10,None,114,None,"(-0.1, 0)",None,,,,,,,,,,,0,0,0,0,0,4,4,4,4,0,4,0,134.74547079997137,,,,,,,,,,,,,,,,,,,,,,,,,,,,,,,,,,,,,,,,,,,,,,,,,,,,,,,,,,,,,,,,,,,,,,,,,,,,,,,,,,,,,,,,,,,,,,134.733571400051,134.74547079997137,134.74547079997137,134.74547079997137,134.93047809996642,None,,,,,,,,,,,,,,P8775,Bar_MIC,13,1,2026-05-05_18h40.21.608,MIC_task,,2026.1.2,59.90351939622037,2026-05-05 18h40.22.906714 +0200,
,,5,0,5,,,,,,,13,l09,kastély,castle,5,location,facilities,5.8,10,None,114,None,"(-0.1, 0)",None,,,,,,,,,,,0,0,0,0,0,4,4,4,5,0,5,0,134.94584479997866,,,,,,,,,,,,,,,,,,,,,,,,,,,,,,,,,,,,,,,,,,,,,,,,,,,,,,,,,,,,,,,,,,,,,,,,,,,,,,,,,,,,,,,,,,,,,,134.93365660007112,134.94584479997866,134.94584479997866,134.94584479997866,135.13101909996476,None,,,,,,,,,,,,,,P8775,Bar_MIC,13,1,2026-05-05_18h40.21.608,MIC_task,,2026.1.2,59.90351939622037,2026-05-05 18h40.22.906714 +0200,
,,6,0,6,,,,,,,13,l09,kastély,castle,5,location,facilities,5.8,10,None,114,None,"(-0.1, 0)",None,,,,,,,,,,,0,0,0,0,0,4,4,4,6,0,6,0,135.14624260005075,,,,,,,,,,,,,,,,,,,,,,,,,,,,,,,,,,,,,,,,,,,,,,,,,,,,,,,,,,,,,,,,,,,,,,,,,,,,,,,,,,,,,,,,,,,,,,135.1343486000551,135.14624260005075,135.14624260005075,135.14624260005075,135.3300825000042,None,,,,,,,,,,,,,,P8775,Bar_MIC,13,1,2026-05-05_18h40.21.608,MIC_task,,2026.1.2,59.90351939622037,2026-05-05 18h40.22.906714 +0200,
,,7,0,7,,,,,,,13,l09,kastély,castle,5,location,facilities,5.8,10,None,114,None,"(-0.1, 0)",None,,,,,,,,,,,0,0,0,0,0,4,4,4,7,0,7,0,135.34662700002082,,,,,,,,,,,,,,,,,,,,,,,,,,,,,,,,,,,,,,,,,,,,,,,,,,,,,,,,,,,,,,,,,,,,,,,,,,,,,,,,,,,,,,,,,,,,,,135.33324950002134,135.34662700002082,135.34662700002082,135.34662700002082,135.5305143999867,None,,,,,,,,,,,,,,P8775,Bar_MIC,13,1,2026-05-05_18h40.21.608,MIC_task,,2026.1.2,59.90351939622037,2026-05-05 18h40.22.906714 +0200,
,,8,0,8,,,,,,,13,l09,kastély,castle,5,location,facilities,5.8,10,None,114,None,"(-0.1, 0)",None,,,,,,,,,,,0,0,0,0,0,4,4,4,8,0,8,0,135.5470176000381,,,,,,,,,,,,,,,,,,,,,,,,,,,,,,,,,,,,,,,,,,,,,,,,,,,,,,,,,,,,,,,,,,,,,,,,,,,,,,,,,,,,,,,,,,,,,,135.5338220000267,135.5470176000381,135.5470176000381,135.5470176000381,135.73088050005026,None,,,,,,,,,,,,,,P8775,Bar_MIC,13,1,2026-05-05_18h40.21.608,MIC_task,,2026.1.2,59.90351939622037,2026-05-05 18h40.22.906714 +0200,
,,9,0,9,,,,,,,13,l09,kastély,castle,5,location,facilities,5.8,10,None,114,None,"(-0.1, 0)",None,,,,,,,,,,,0,0,0,0,0,4,4,4,9,0,9,0,135.74735630000941,,,,,,,,,,,,,,,,,,,,,,,,,,,,,,,,,,,,,,,,,,,,,,,,,,,,,,,,,,,,,,,,,,,,,,,,,,,,,,,,,,,,,,,,,,,,,,135.73410220001824,135.74735630000941,135.74735630000941,135.74735630000941,135.93140840006527,None,,,,,,,,,,,,,,P8775,Bar_MIC,13,1,2026-05-05_18h40.21.608,MIC_task,,2026.1.2,59.90351939622037,2026-05-05 18h40.22.906714 +0200,
,,10,0,10,,,,,,,13,l09,kastély,castle,5,location,facilities,5.8,10,None,114,None,"(-0.1, 0)",None,,,,,,,,,,,0,0,0,0,0,4,4,4,10,0,10,0,135.9477047000546,,,,,,,,,,,,,,,,,,,,,,,,,,,,,,,,,,,,,,,,,,,,,,,,,,,,,,,,,,,,,,,,,,,,,,,,,,,,,,,,,,,,,,,,,,,,,,135.9343736000592,135.9477047000546,135.9477047000546,135.9477047000546,136.13167210004758,None,,,,,,,,,,,,,,P8775,Bar_MIC,13,1,2026-05-05_18h40.21.608,MIC_task,,2026.1.2,59.90351939622037,2026-05-05 18h40.22.906714 +0200,
,,11,0,11,,,,,,,13,l09,kastély,castle,5,location,facilities,5.8,10,None,114,None,"(-0.1, 0)",None,,,,,,,,,,,0,0,0,0,0,4,4,4,11,0,11,0,136.14804020000156,,,,,,,,,,,,,,,,,,,,,,,,,,,,,,,,,,,,,,,,,,,,,,,,,,,,,,,,,,,,,,,,,,,,,,,,,,,,,,,,,,,,,,,,,,,,,,136.13524520001374,136.14804020000156,136.14804020000156,136.14804020000156,136.3322961999802,None,,,,,,,,,,,,,,P8775,Bar_MIC,13,1,2026-05-05_18h40.21.608,MIC_task,,2026.1.2,59.90351939622037,2026-05-05 18h40.22.906714 +0200,
,,12,0,12,,,,,,,13,l09,kastély,castle,5,location,facilities,5.8,10,None,114,None,"(-0.1, 0)",None,,,,,,,,,,,0,0,0,0,0,4,4,4,12,0,12,0,136.34848459996283,,,,,,,,,,,,,,,,,,,,,,,,,,,,,,,,,,,,,,,,,,,,,,,,,,,,,,,,,,,,,,,,,,,,,,,,,,,,,,,,,,,,,,,,,,,,,,136.33570479997434,136.34848459996283,136.34848459996283,136.34848459996283,136.53253730002325,None,,,,,,,,,,,,,,P8775,Bar_MIC,13,1,2026-05-05_18h40.21.608,MIC_task,,2026.1.2,59.90351939622037,2026-05-05 18h40.22.906714 +0200,
,,13,0,13,,,,,,,13,l09,kastély,castle,5,location,facilities,5.8,10,None,114,None,"(-0.1, 0)",None,,,,,,,,,,,0,0,0,0,0,4,4,4,13,0,13,0,136.54880500002764,,,,,,,,,,,,,,,,,,,,,,,,,,,,,,,,,,,,,,,,,,,,,,,,,,,,,,,,,,,,,,,,,,,,,,,,,,,,,,,,,,,,,,,,,,,,,,136.5359443000052,136.54880500002764,136.54880500002764,136.54880500002764,136.73288709996268,None,,,,,,,,,,,,,,P8775,Bar_MIC,13,1,2026-05-05_18h40.21.608,MIC_task,,2026.1.2,59.90351939622037,2026-05-05 18h40.22.906714 +0200,
,,14,0,14,,,,,,,13,l09,kastély,castle,5,location,facilities,5.8,10,None,114,None,"(-0.1, 0)",None,,,,,,,,,,,0,0,0,0,0,4,4,4,14,0,14,0,136.74922820006032,,,,,,,,,,,,,,,,,,,,,,,,,,,,,,,,,,,,,,,,,,,,,,,,,,,,,,,,,,,,,,,,,,,,,,,,,,,,,,,,,,,,,,,,,,,,,,136.73636860004626,136.74922820006032,136.74922820006032,136.74922820006032,136.9332917999709,None,,,,,,,,,,,,,,P8775,Bar_MIC,13,1,2026-05-05_18h40.21.608,MIC_task,,2026.1.2,59.90351939622037,2026-05-05 18h40.22.906714 +0200,
,,15,0,15,,,,,,,13,l09,kastély,castle,5,location,facilities,5.8,10,None,114,None,"(-0.1, 0)",None,,,,,,,,,,,0,0,0,0,0,4,4,4,15,0,15,0,136.94882639998104,,,,,,,,,,,,,,,,,,,,,,,,,,,,,,,,,,,,,,,,,,,,,,,,,,,,,,,,,,,,,,,,,,,,,,,,,,,,,,,,,,,,,,,,,,,,,,136.9364051000448,136.94882639998104,136.94882639998104,136.94882639998104,137.13374479999766,None,,,,,,,,,,,,,,P8775,Bar_MIC,13,1,2026-05-05_18h40.21.608,MIC_task,,2026.1.2,59.90351939622037,2026-05-05 18h40.22.906714 +0200,
,,16,0,16,,,,,,,13,l09,kastély,castle,5,location,facilities,5.8,10,None,114,None,"(-0.1, 0)",None,,,,,,,,,,,0,0,0,0,0,4,4,4,16,0,16,0,137.14917700004298,,,,,,,,,,,,,,,,,,,,,,,,,,,,,,,,,,,,,,,,,,,,,,,,,,,,,,,,,,,,,,,,,,,,,,,,,,,,,,,,,,,,,,,,,,,,,,137.1371347999666,137.14917700004298,137.14917700004298,137.14917700004298,137.33421840006486,None,,,,,,,,,,,,,,P8775,Bar_MIC,13,1,2026-05-05_18h40.21.608,MIC_task,,2026.1.2,59.90351939622037,2026-05-05 18h40.22.906714 +0200,
,,17,0,17,,,,,,,13,l09,kastély,castle,5,location,facilities,5.8,10,None,114,None,"(-0.1, 0)",None,,,,,,,,,,,0,0,0,0,0,4,4,4,17,0,17,0,137.34955559996888,,,,,,,,,,,,,,,,,,,,,,,,,,,,,,,,,,,,,,,,,,,,,,,,,,,,,,,,,,,,,,,,,,,,,,,,,,,,,,,,,,,,,,,,,,,,,,137.3377518999623,137.34955559996888,137.34955559996888,137.34955559996888,137.53396979998797,None,,,,,,,,,,,,,,P8775,Bar_MIC,13,1,2026-05-05_18h40.21.608,MIC_task,,2026.1.2,59.90351939622037,2026-05-05 18h40.22.906714 +0200,
,,18,0,18,,,,,,,13,l09,kastély,castle,5,location,facilities,5.8,10,None,114,None,"(-0.1, 0)",space,0.1241757000098005,None,,,,,,,,,0,0,0,0,0,4,4,4,18,0,18,0,137.5499487000052,,,,,,,,,,,,,,,,,,,,,,,,,,,,,,,,,,,,,,,,,,,,,,,,,,,,,,,,,,,,,,,,,,,,,,,,,,,,,,,,,,,,,,,,,,,,,,137.5372349000536,137.5499487000052,137.5499487000052,137.5499487000052,137.68546169996262,space,0.1241757000098005,None,,,,,,,,,,,,P8775,Bar_MIC,13,1,2026-05-05_18h40.21.608,MIC_task,,2026.1.2,59.90351939622037,2026-05-05 18h40.22.906714 +0200,
,,4,4,0,,,,space,1.8773703000042588,None,13,l09,kastély,castle,5,location,facilities,5.8,10,None,114,None,"(-0.1, 0)",,,,,,,,,,,,0,0,0,0,0,4,4,4,,,,,,,,,,,,,,,,,,,,,,,,,,,,,,,,,,,,,,,,,,,,,,,,,,,,,,,,,,,,,,,,,,,,,,,,,,,,,,,,,,,137.74430580006447,137.75068289996125,137.75122256671702,139.68703270005062,,,,,,141.69042510003783,141.70738010003697,141.70738010003697,143.59334550006315,,,,,,,,,,,,139.7184591999976,139.72380230005365,139.7202653333157,141.60646929999348,141.69037900003605,space,1.8773703000042588,None,,,,P8775,Bar_MIC,13,1,2026-05-05_18h40.21.608,MIC_task,,2026.1.2,59.90351939622037,2026-05-05 18h40.22.906714 +0200,
,,0,0,0,,,,,,,13,b03,fül,ear,2,bodypart,face,6.6,14,19,43,None,"(-0.1, 0.1)",None,,,,,,,,,,,0,0,0,0,0,5,5,5,0,0,0,0,143.61925690004136,,,,,,,,,,,,,,,,,,,,,,,,,,,,,,,,,,,,,,,,,,,,,,,,,,,,,,,,,,,,,,,,,,,,,,,,,,,,,,,,,,,,,,,,,,,,,,143.61344690003898,143.61925690004136,143.61925690004136,143.61925690004136,143.8097429999616,None,,,,,,,,,,,,,,P8775,Bar_MIC,13,1,2026-05-05_18h40.21.608,MIC_task,,2026.1.2,59.90351939622037,2026-05-05 18h40.22.906714 +0200,
,,0,0,0,,,,,,,13,b03,fül,ear,2,bodypart,face,6.6,14,19,43,None,"(-0.1, 0.1)",None,,,,,,,,,,,0,0,0,0,0,5,5,5,0,0,0,0,143.8263587000547,,,,,,,,,,,,,,,,,,,,,,,,,,,,,,,,,,,,,,,,,,,,,,,,,,,,,,,,,,,,,,,,,,,,,,,,,,,,,,,,,,,,,,,,,,,,,,143.8124431000324,143.8263587000547,143.8263587000547,143.8263587000547,144.01012360001914,None,,,,,,,,,,,,,,P8775,Bar_MIC,13,1,2026-05-05_18h40.21.608,MIC_task,,2026.1.2,59.90351939622037,2026-05-05 18h40.22.906714 +0200,
,,1,0,1,,,,,,,13,b03,fül,ear,2,bodypart,face,6.6,14,19,43,None,"(-0.1, 0.1)",None,,,,,,,,,,,0,0,0,0,0,5,5,5,1,0,1,0,144.02670719998423,,,,,,,,,,,,,,,,,,,,,,,,,,,,,,,,,,,,,,,,,,,,,,,,,,,,,,,,,,,,,,,,,,,,,,,,,,,,,,,,,,,,,,,,,,,,,,144.01303110003937,144.02670719998423,144.02670719998423,144.02670719998423,144.19367910001893,None,,,,,,,,,,,,,,P8775,Bar_MIC,13,1,2026-05-05_18h40.21.608,MIC_task,,2026.1.2,59.90351939622037,2026-05-05 18h40.22.906714 +0200,
,,2,0,2,,,,,,,13,b03,fül,ear,2,bodypart,face,6.6,14,19,43,None,"(-0.1, 0.1)",None,,,,,,,,,,,0,0,0,0,0,5,5,5,2,0,2,0,144.21026199997868,,,,,,,,,,,,,,,,,,,,,,,,,,,,,,,,,,,,,,,,,,,,,,,,,,,,,,,,,,,,,,,,,,,,,,,,,,,,,,,,,,,,,,,,,,,,,,144.19714810000733,144.21026199997868,144.21026199997868,144.21026199997868,144.39440750004724,None,,,,,,,,,,,,,,P8775,Bar_MIC,13,1,2026-05-05_18h40.21.608,MIC_task,,2026.1.2,59.90351939622037,2026-05-05 18h40.22.906714 +0200,
,,3,0,3,,,,,,,13,b03,fül,ear,2,bodypart,face,6.6,14,19,43,None,"(-0.1, 0.1)",None,,,,,,,,,,,0,0,0,0,0,5,5,5,3,0,3,0,144.4105795000214,,,,,,,,,,,,,,,,,,,,,,,,,,,,,,,,,,,,,,,,,,,,,,,,,,,,,,,,,,,,,,,,,,,,,,,,,,,,,,,,,,,,,,,,,,,,,,144.3972721999744,144.4105795000214,144.4105795000214,144.4105795000214,144.59475290006958,None,,,,,,,,,,,,,,P8775,Bar_MIC,13,1,2026-05-05_18h40.21.608,MIC_task,,2026.1.2,59.90351939622037,2026-05-05 18h40.22.906714 +0200,
,,4,0,4,,,,,,,13,b03,fül,ear,2,bodypart,face,6.6,14,19,43,None,"(-0.1, 0.1)",None,,,,,,,,,,,0,0,0,0,0,5,5,5,4,0,4,0,144.6108535999665,,,,,,,,,,,,,,,,,,,,,,,,,,,,,,,,,,,,,,,,,,,,,,,,,,,,,,,,,,,,,,,,,,,,,,,,,,,,,,,,,,,,,,,,,,,,,,144.59803870006,144.6108535999665,144.6108535999665,144.6108535999665,144.7949682000326,None,,,,,,,,,,,,,,P8775,Bar_MIC,13,1,2026-05-05_18h40.21.608,MIC_task,,2026.1.2,59.90351939622037,2026-05-05 18h40.22.906714 +0200,
,,5,0,5,,,,,,,13,b03,fül,ear,2,bodypart,face,6.6,14,19,43,None,"(-0.1, 0.1)",None,,,,,,,,,,,0,0,0,0,0,5,5,5,5,0,5,0,144.81122170004528,,,,,,,,,,,,,,,,,,,,,,,,,,,,,,,,,,,,,,,,,,,,,,,,,,,,,,,,,,,,,,,,,,,,,,,,,,,,,,,,,,,,,,,,,,,,,,144.79816520004533,144.81122170004528,144.81122170004528,144.81122170004528,144.99538500001654,None,,,,,,,,,,,,,,P8775,Bar_MIC,13,1,2026-05-05_18h40.21.608,MIC_task,,2026.1.2,59.90351939622037,2026-05-05 18h40.22.906714 +0200,
,,6,0,6,,,,,,,13,b03,fül,ear,2,bodypart,face,6.6,14,19,43,None,"(-0.1, 0.1)",None,,,,,,,,,,,0,0,0,0,0,5,5,5,6,0,6,0,145.01161589997355,,,,,,,,,,,,,,,,,,,,,,,,,,,,,,,,,,,,,,,,,,,,,,,,,,,,,,,,,,,,,,,,,,,,,,,,,,,,,,,,,,,,,,,,,,,,,,144.99854579998646,145.01161589997355,145.01161589997355,145.01161589997355,145.19599080004264,None,,,,,,,,,,,,,,P8775,Bar_MIC,13,1,2026-05-05_18h40.21.608,MIC_task,,2026.1.2,59.90351939622037,2026-05-05 18h40.22.906714 +0200,
,,7,0,7,,,,,,,13,b03,fül,ear,2,bodypart,face,6.6,14,19,43,None,"(-0.1, 0.1)",None,,,,,,,,,,,0,0,0,0,0,5,5,5,7,0,7,0,145.21207810007036,,,,,,,,,,,,,,,,,,,,,,,,,,,,,,,,,,,,,,,,,,,,,,,,,,,,,,,,,,,,,,,,,,,,,,,,,,,,,,,,,,,,,,,,,,,,,,145.1989391000243,145.21207810007036,145.21207810007036,145.21207810007036,145.3963431000011,None,,,,,,,,,,,,,,P8775,Bar_MIC,13,1,2026-05-05_18h40.21.608,MIC_task,,2026.1.2,59.90351939622037,2026-05-05 18h40.22.906714 +0200,
,,8,0,8,,,,,,,13,b03,fül,ear,2,bodypart,face,6.6,14,19,43,None,"(-0.1, 0.1)",None,,,,,,,,,,,0,0,0,0,0,5,5,5,8,0,8,0,145.41171370004304,,,,,,,,,,,,,,,,,,,,,,,,,,,,,,,,,,,,,,,,,,,,,,,,,,,,,,,,,,,,,,,,,,,,,,,,,,,,,,,,,,,,,,,,,,,,,,145.39903059997596,145.41171370004304,145.41171370004304,145.41171370004304,145.5966423000209,None,,,,,,,,,,,,,,P8775,Bar_MIC,13,1,2026-05-05_18h40.21.608,MIC_task,,2026.1.2,59.90351939622037,2026-05-05 18h40.22.906714 +0200,
,,9,0,9,,,,,,,13,b03,fül,ear,2,bodypart,face,6.6,14,19,43,None,"(-0.1, 0.1)",None,,,,,,,,,,,0,0,0,0,0,5,5,5,9,0,9,0,145.61208760004956,,,,,,,,,,,,,,,,,,,,,,,,,,,,,,,,,,,,,,,,,,,,,,,,,,,,,,,,,,,,,,,,,,,,,,,,,,,,,,,,,,,,,,,,,,,,,,145.60000069998205,145.61208760004956,145.61208760004956,145.61208760004956,145.79699900001287,None,,,,,,,,,,,,,,P8775,Bar_MIC,13,1,2026-05-05_18h40.21.608,MIC_task,,2026.1.2,59.90351939622037,2026-05-05 18h40.22.906714 +0200,
,,10,0,10,,,,,,,13,b03,fül,ear,2,bodypart,face,6.6,14,19,43,None,"(-0.1, 0.1)",None,,,,,,,,,,,0,0,0,0,0,5,5,5,10,0,10,0,145.8124630000675,,,,,,,,,,,,,,,,,,,,,,,,,,,,,,,,,,,,,,,,,,,,,,,,,,,,,,,,,,,,,,,,,,,,,,,,,,,,,,,,,,,,,,,,,,,,,,145.79989140003454,145.8124630000675,145.8124630000675,145.8124630000675,145.99755900003947,None,,,,,,,,,,,,,,P8775,Bar_MIC,13,1,2026-05-05_18h40.21.608,MIC_task,,2026.1.2,59.90351939622037,2026-05-05 18h40.22.906714 +0200,
,,11,0,11,,,,,,,13,b03,fül,ear,2,bodypart,face,6.6,14,19,43,None,"(-0.1, 0.1)",None,,,,,,,,,,,0,0,0,0,0,5,5,5,11,0,11,0,146.01282679999713,,,,,,,,,,,,,,,,,,,,,,,,,,,,,,,,,,,,,,,,,,,,,,,,,,,,,,,,,,,,,,,,,,,,,,,,,,,,,,,,,,,,,,,,,,,,,,146.00035069999285,146.01282679999713,146.01282679999713,146.01282679999713,146.19665000005625,None,,,,,,,,,,,,,,P8775,Bar_MIC,13,1,2026-05-05_18h40.21.608,MIC_task,,2026.1.2,59.90351939622037,2026-05-05 18h40.22.906714 +0200,
,,12,0,12,,,,,,,13,b03,fül,ear,2,bodypart,face,6.6,14,19,43,None,"(-0.1, 0.1)",None,,,,,,,,,,,0,0,0,0,0,5,5,5,12,0,12,0,146.2132526000496,,,,,,,,,,,,,,,,,,,,,,,,,,,,,,,,,,,,,,,,,,,,,,,,,,,,,,,,,,,,,,,,,,,,,,,,,,,,,,,,,,,,,,,,,,,,,,146.19947660004254,146.2132526000496,146.2132526000496,146.2132526000496,146.3971289000474,None,,,,,,,,,,,,,,P8775,Bar_MIC,13,1,2026-05-05_18h40.21.608,MIC_task,,2026.1.2,59.90351939622037,2026-05-05 18h40.22.906714 +0200,
,,13,0,13,,,,,,,13,b03,fül,ear,2,bodypart,face,6.6,14,19,43,None,"(-0.1, 0.1)",None,,,,,,,,,,,0,0,0,0,0,5,5,5,13,0,13,0,146.41364150005393,,,,,,,,,,,,,,,,,,,,,,,,,,,,,,,,,,,,,,,,,,,,,,,,,,,,,,,,,,,,,,,,,,,,,,,,,,,,,,,,,,,,,,,,,,,,,,146.4002191000618,146.41364150005393,146.41364150005393,146.41364150005393,146.59780330001377,None,,,,,,,,,,,,,,P8775,Bar_MIC,13,1,2026-05-05_18h40.21.608,MIC_task,,2026.1.2,59.90351939622037,2026-05-05 18h40.22.906714 +0200,
,,14,0,14,,,,,,,13,b03,fül,ear,2,bodypart,face,6.6,14,19,43,None,"(-0.1, 0.1)",None,,,,,,,,,,,0,0,0,0,0,5,5,5,14,0,14,0,146.6139290999854,,,,,,,,,,,,,,,,,,,,,,,,,,,,,,,,,,,,,,,,,,,,,,,,,,,,,,,,,,,,,,,,,,,,,,,,,,,,,,,,,,,,,,,,,,,,,,146.6006368000526,146.6139290999854,146.6139290999854,146.6139290999854,146.7980985000031,None,,,,,,,,,,,,,,P8775,Bar_MIC,13,1,2026-05-05_18h40.21.608,MIC_task,,2026.1.2,59.90351939622037,2026-05-05 18h40.22.906714 +0200,
,,15,0,15,,,,,,,13,b03,fül,ear,2,bodypart,face,6.6,14,19,43,None,"(-0.1, 0.1)",None,,,,,,,,,,,0,0,0,0,0,5,5,5,15,0,15,0,146.81422150006983,,,,,,,,,,,,,,,,,,,,,,,,,,,,,,,,,,,,,,,,,,,,,,,,,,,,,,,,,,,,,,,,,,,,,,,,,,,,,,,,,,,,,,,,,,,,,,146.80128800007515,146.81422150006983,146.81422150006983,146.81422150006983,146.9984367999714,None,,,,,,,,,,,,,,P8775,Bar_MIC,13,1,2026-05-05_18h40.21.608,MIC_task,,2026.1.2,59.90351939622037,2026-05-05 18h40.22.906714 +0200,
,,16,0,16,,,,,,,13,b03,fül,ear,2,bodypart,face,6.6,14,19,43,None,"(-0.1, 0.1)",None,,,,,,,,,,,0,0,0,0,0,5,5,5,16,0,16,0,147.01464229996782,,,,,,,,,,,,,,,,,,,,,,,,,,,,,,,,,,,,,,,,,,,,,,,,,,,,,,,,,,,,,,,,,,,,,,,,,,,,,,,,,,,,,,,,,,,,,,147.00139410002157,147.01464229996782,147.01464229996782,147.01464229996782,147.1985080000013,None,,,,,,,,,,,,,,P8775,Bar_MIC,13,1,2026-05-05_18h40.21.608,MIC_task,,2026.1.2,59.90351939622037,2026-05-05 18h40.22.906714 +0200,
,,17,0,17,,,,,,,13,b03,fül,ear,2,bodypart,face,6.6,14,19,43,None,"(-0.1, 0.1)",None,,,,,,,,,,,0,0,0,0,0,5,5,5,17,0,17,0,147.21502250002231,,,,,,,,,,,,,,,,,,,,,,,,,,,,,,,,,,,,,,,,,,,,,,,,,,,,,,,,,,,,,,,,,,,,,,,,,,,,,,,,,,,,,,,,,,,,,,147.20155190001242,147.21502250002231,147.21502250002231,147.21502250002231,147.39880339999218,None,,,,,,,,,,,,,,P8775,Bar_MIC,13,1,2026-05-05_18h40.21.608,MIC_task,,2026.1.2,59.90351939622037,2026-05-05 18h40.22.906714 +0200,
,,18,0,18,,,,,,,13,b03,fül,ear,2,bodypart,face,6.6,14,19,43,None,"(-0.1, 0.1)",None,,,,,,,,,,,0,0,0,0,0,5,5,5,18,0,18,0,147.4146925000241,,,,,,,,,,,,,,,,,,,,,,,,,,,,,,,,,,,,,,,,,,,,,,,,,,,,,,,,,,,,,,,,,,,,,,,,,,,,,,,,,,,,,,,,,,,,,,147.40219479997177,147.4146925000241,147.4146925000241,147.4146925000241,147.59921320003923,None,,,,,,,,,,,,,,P8775,Bar_MIC,13,1,2026-05-05_18h40.21.608,MIC_task,,2026.1.2,59.90351939622037,2026-05-05 18h40.22.906714 +0200,
,,19,0,19,,,,,,,13,b03,fül,ear,2,bodypart,face,6.6,14,19,43,None,"(-0.1, 0.1)",None,,,,,,,,,,,0,0,0,0,0,5,5,5,19,0,19,0,147.61507739999797,,,,,,,,,,,,,,,,,,,,,,,,,,,,,,,,,,,,,,,,,,,,,,,,,,,,,,,,,,,,,,,,,,,,,,,,,,,,,,,,,,,,,,,,,,,,,,147.60259699996095,147.61507739999797,147.61507739999797,147.61507739999797,147.7996038000565,None,,,,,,,,,,,,,,P8775,Bar_MIC,13,1,2026-05-05_18h40.21.608,MIC_task,,2026.1.2,59.90351939622037,2026-05-05 18h40.22.906714 +0200,
,,20,0,20,,,,,,,13,b03,fül,ear,2,bodypart,face,6.6,14,19,43,None,"(-0.1, 0.1)",None,,,,,,,,,,,0,0,0,0,0,5,5,5,20,0,20,0,147.8154160999693,,,,,,,,,,,,,,,,,,,,,,,,,,,,,,,,,,,,,,,,,,,,,,,,,,,,,,,,,,,,,,,,,,,,,,,,,,,,,,,,,,,,,,,,,,,,,,147.8028389000101,147.8154160999693,147.8154160999693,147.8154160999693,148.00036229996476,None,,,,,,,,,,,,,,P8775,Bar_MIC,13,1,2026-05-05_18h40.21.608,MIC_task,,2026.1.2,59.90351939622037,2026-05-05 18h40.22.906714 +0200,
,,21,0,21,,,,,,,13,b03,fül,ear,2,bodypart,face,6.6,14,19,43,None,"(-0.1, 0.1)",None,,,,,,,,,,,0,0,0,0,0,5,5,5,21,0,21,0,148.01583809999283,,,,,,,,,,,,,,,,,,,,,,,,,,,,,,,,,,,,,,,,,,,,,,,,,,,,,,,,,,,,,,,,,,,,,,,,,,,,,,,,,,,,,,,,,,,,,,148.00321350002196,148.01583809999283,148.01583809999283,148.01583809999283,148.2000934999669,None,,,,,,,,,,,,,,P8775,Bar_MIC,13,1,2026-05-05_18h40.21.608,MIC_task,,2026.1.2,59.90351939622037,2026-05-05 18h40.22.906714 +0200,
,,22,0,22,,,,,,,13,b03,fül,ear,2,bodypart,face,6.6,14,19,43,None,"(-0.1, 0.1)",None,,,,,,,,,,,0,0,0,0,0,5,5,5,22,0,22,0,148.2161873000441,,,,,,,,,,,,,,,,,,,,,,,,,,,,,,,,,,,,,,,,,,,,,,,,,,,,,,,,,,,,,,,,,,,,,,,,,,,,,,,,,,,,,,,,,,,,,,148.20327050006017,148.2161873000441,148.2161873000441,148.2161873000441,148.4000804000534,None,,,,,,,,,,,,,,P8775,Bar_MIC,13,1,2026-05-05_18h40.21.608,MIC_task,,2026.1.2,59.90351939622037,2026-05-05 18h40.22.906714 +0200,
,,23,0,23,,,,,,,13,b03,fül,ear,2,bodypart,face,6.6,14,19,43,None,"(-0.1, 0.1)",None,,,,,,,,,,,0,0,0,0,0,5,5,5,23,0,23,0,148.416580399964,,,,,,,,,,,,,,,,,,,,,,,,,,,,,,,,,,,,,,,,,,,,,,,,,,,,,,,,,,,,,,,,,,,,,,,,,,,,,,,,,,,,,,,,,,,,,,148.4032052999828,148.416580399964,148.416580399964,148.416580399964,148.60053190006875,None,,,,,,,,,,,,,,P8775,Bar_MIC,13,1,2026-05-05_18h40.21.608,MIC_task,,2026.1.2,59.90351939622037,2026-05-05 18h40.22.906714 +0200,
,,24,0,24,,,,,,,13,b03,fül,ear,2,bodypart,face,6.6,14,19,43,None,"(-0.1, 0.1)",None,,,,,,,,,,,0,0,0,0,0,5,5,5,24,0,24,0,148.61690250004176,,,,,,,,,,,,,,,,,,,,,,,,,,,,,,,,,,,,,,,,,,,,,,,,,,,,,,,,,,,,,,,,,,,,,,,,,,,,,,,,,,,,,,,,,,,,,,148.60338320001028,148.61690250004176,148.61690250004176,148.61690250004176,148.8006471999688,None,,,,,,,,,,,,,,P8775,Bar_MIC,13,1,2026-05-05_18h40.21.608,MIC_task,,2026.1.2,59.90351939622037,2026-05-05 18h40.22.906714 +0200,
,,25,0,25,,,,,,,13,b03,fül,ear,2,bodypart,face,6.6,14,19,43,None,"(-0.1, 0.1)",None,,,,,,,,,,,0,0,0,0,0,5,5,5,25,0,25,0,148.81723010004498,,,,,,,,,,,,,,,,,,,,,,,,,,,,,,,,,,,,,,,,,,,,,,,,,,,,,,,,,,,,,,,,,,,,,,,,,,,,,,,,,,,,,,,,,,,,,,148.80358980002347,148.81723010004498,148.81723010004498,148.81723010004498,149.00150650006253,None,,,,,,,,,,,,,,P8775,Bar_MIC,13,1,2026-05-05_18h40.21.608,MIC_task,,2026.1.2,59.90351939622037,2026-05-05 18h40.22.906714 +0200,
,,26,0,26,,,,,,,13,b03,fül,ear,2,bodypart,face,6.6,14,19,43,None,"(-0.1, 0.1)",None,,,,,,,,,,,0,0,0,0,0,5,5,5,26,0,26,0,149.01765090005938,,,,,,,,,,,,,,,,,,,,,,,,,,,,,,,,,,,,,,,,,,,,,,,,,,,,,,,,,,,,,,,,,,,,,,,,,,,,,,,,,,,,,,,,,,,,,,149.00446790002752,149.01765090005938,149.01765090005938,149.01765090005938,149.20185369998217,None,,,,,,,,,,,,,,P8775,Bar_MIC,13,1,2026-05-05_18h40.21.608,MIC_task,,2026.1.2,59.90351939622037,2026-05-05 18h40.22.906714 +0200,
,,27,0,27,,,,,,,13,b03,fül,ear,2,bodypart,face,6.6,14,19,43,None,"(-0.1, 0.1)",None,,,,,,,,,,,0,0,0,0,0,5,5,5,27,0,27,0,149.21799030003604,,,,,,,,,,,,,,,,,,,,,,,,,,,,,,,,,,,,,,,,,,,,,,,,,,,,,,,,,,,,,,,,,,,,,,,,,,,,,,,,,,,,,,,,,,,,,,149.20505490002688,149.21799030003604,149.21799030003604,149.21799030003604,149.40269360004459,None,,,,,,,,,,,,,,P8775,Bar_MIC,13,1,2026-05-05_18h40.21.608,MIC_task,,2026.1.2,59.90351939622037,2026-05-05 18h40.22.906714 +0200,
,,28,0,28,,,,,,,13,b03,fül,ear,2,bodypart,face,6.6,14,19,43,None,"(-0.1, 0.1)",None,,,,,,,,,,,0,0,0,0,0,5,5,5,28,0,28,0,149.41834410000592,,,,,,,,,,,,,,,,,,,,,,,,,,,,,,,,,,,,,,,,,,,,,,,,,,,,,,,,,,,,,,,,,,,,,,,,,,,,,,,,,,,,,,,,,,,,,,149.40597139997408,149.41834410000592,149.41834410000592,149.41834410000592,149.60275660001207,None,,,,,,,,,,,,,,P8775,Bar_MIC,13,1,2026-05-05_18h40.21.608,MIC_task,,2026.1.2,59.90351939622037,2026-05-05 18h40.22.906714 +0200,
,,29,0,29,,,,,,,13,b03,fül,ear,2,bodypart,face,6.6,14,19,43,None,"(-0.1, 0.1)",None,,,,,,,,,,,0,0,0,0,0,5,5,5,29,0,29,0,149.61874539998826,,,,,,,,,,,,,,,,,,,,,,,,,,,,,,,,,,,,,,,,,,,,,,,,,,,,,,,,,,,,,,,,,,,,,,,,,,,,,,,,,,,,,,,,,,,,,,149.60559589997865,149.61874539998826,149.61874539998826,149.61874539998826,149.80309960001614,None,,,,,,,,,,,,,,P8775,Bar_MIC,13,1,2026-05-05_18h40.21.608,MIC_task,,2026.1.2,59.90351939622037,2026-05-05 18h40.22.906714 +0200,
,,30,0,30,,,,,,,13,b03,fül,ear,2,bodypart,face,6.6,14,19,43,None,"(-0.1, 0.1)",None,,,,,,,,,,,0,0,0,0,0,5,5,5,30,0,30,0,149.81838359998073,,,,,,,,,,,,,,,,,,,,,,,,,,,,,,,,,,,,,,,,,,,,,,,,,,,,,,,,,,,,,,,,,,,,,,,,,,,,,,,,,,,,,,,,,,,,,,149.80595249996986,149.81838359998073,149.81838359998073,149.81838359998073,150.00321920006536,None,,,,,,,,,,,,,,P8775,Bar_MIC,13,1,2026-05-05_18h40.21.608,MIC_task,,2026.1.2,59.90351939622037,2026-05-05 18h40.22.906714 +0200,
,,31,0,31,,,,,,,13,b03,fül,ear,2,bodypart,face,6.6,14,19,43,None,"(-0.1, 0.1)",space,None,None,,,,,,,,,0,0,0,0,0,5,5,5,31,0,31,0,150.01883039996028,,,,,,,,,,,,,,,,,,,,,,,,,,,,,,,,,,,,,,,,,,,,,,,,,,,,,,,,,,,,,,,,,,,,,,,,,,,,,,,,,,,,,,,,,,,,,,150.00607300002594,150.01883039996028,150.01883039996028,150.01883039996028,150.08717569999862,space,None,None,,,,,,,,,,,,P8775,Bar_MIC,13,1,2026-05-05_18h40.21.608,MIC_task,,2026.1.2,59.90351939622037,2026-05-05 18h40.22.906714 +0200,
,,5,5,0,,,,space,0.588327500037849,None,13,b03,fül,ear,2,bodypart,face,6.6,14,19,43,None,"(-0.1, 0.1)",,,,,,,,,,,,0,0,0,0,0,5,5,5,,,,,,,,,,,,,,,,,,,,,,,,,,,,,,,,,,,,,,,,,,,,,,,,,,,,,,,,,,,,,,,,,,,,,,,,,,,,,,,,,,,150.14836520003155,150.15470519999508,150.15295666667325,152.08890540001448,,,,,,154.0920829999959,154.10879590001423,154.10879590001423,154.71069780003745,,,,,,,,,,,,152.11082150007132,152.11663699999917,152.12212173338827,153.99185330001637,154.09203639999032,space,0.588327500037849,None,,,,P8775,Bar_MIC,13,1,2026-05-05_18h40.21.608,MIC_task,,2026.1.2,59.90351939622037,2026-05-05 18h40.22.906714 +0200,
,,0,0,0,,,,,,,13,t01,fogkefe,toothbrush,8,tools,bathroom,6.8,17,None,51,None,"(0.1, 0)",None,,,,,,,,,,,0,0,0,0,0,6,6,6,0,0,0,0,154.72620869998354,,,,,,,,,,,,,,,,,,,,,,,,,,,,,,,,,,,,,,,,,,,,,,,,,,,,,,,,,,,,,,,,,,,,,,,,,,,,,,,,,,,,,,,,,,,,,,154.7136492000427,154.72620869998354,154.72620869998354,154.72620869998354,154.910759099992,None,,,,,,,,,,,154.92705080006272,154.92705080006272,154.92705080006272,P8775,Bar_MIC,13,1,2026-05-05_18h40.21.608,MIC_task,,2026.1.2,59.90351939622037,2026-05-05 18h40.22.906714 +0200,
,,0,0,0,,,,,,,13,t01,fogkefe,toothbrush,8,tools,bathroom,6.8,17,None,51,None,"(0.1, 0)",None,,,,,,,,,,,0,0,0,0,0,6,6,6,0,0,0,0,154.92705080006272,,,,,,,,,,,,,,,,,,,,,,,,,,,,,,,,,,,,,,,,,,,,,,,,,,,,,,,,,,,,,,,,,,,,,,,,,,,,,,,,,,,,,,,,,,,,,,154.91360229998827,154.92705080006272,154.92705080006272,154.92705080006272,155.1112190000713,None,,,,,,,,,,,155.12632849998772,155.12632849998772,155.12632849998772,P8775,Bar_MIC,13,1,2026-05-05_18h40.21.608,MIC_task,,2026.1.2,59.90351939622037,2026-05-05 18h40.22.906714 +0200,
,,1,0,1,,,,,,,13,t01,fogkefe,toothbrush,8,tools,bathroom,6.8,17,None,51,None,"(0.1, 0)",None,,,,,,,,,,,0,0,0,0,0,6,6,6,1,0,1,0,155.12632849998772,,,,,,,,,,,,,,,,,,,,,,,,,,,,,,,,,,,,,,,,,,,,,,,,,,,,,,,,,,,,,,,,,,,,,,,,,,,,,,,,,,,,,,,,,,,,,,155.11400729999878,155.12632849998772,155.12632849998772,155.12632849998772,155.31144840002526,None,,,,,,,,,,,,,,P8775,Bar_MIC,13,1,2026-05-05_18h40.21.608,MIC_task,,2026.1.2,59.90351939622037,2026-05-05 18h40.22.906714 +0200,
,,2,0,2,,,,,,,13,t01,fogkefe,toothbrush,8,tools,bathroom,6.8,17,None,51,None,"(0.1, 0)",None,,,,,,,,,,,0,0,0,0,0,6,6,6,2,0,2,0,155.3274728000397,,,,,,,,,,,,,,,,,,,,,,,,,,,,,,,,,,,,,,,,,,,,,,,,,,,,,,,,,,,,,,,,,,,,,,,,,,,,,,,,,,,,,,,,,,,,,,155.3141612999607,155.3274728000397,155.3274728000397,155.3274728000397,155.51184779999312,None,,,,,,,,,,,,,,P8775,Bar_MIC,13,1,2026-05-05_18h40.21.608,MIC_task,,2026.1.2,59.90351939622037,2026-05-05 18h40.22.906714 +0200,
,,3,0,3,,,,,,,13,t01,fogkefe,toothbrush,8,tools,bathroom,6.8,17,None,51,None,"(0.1, 0)",None,,,,,,,,,,,0,0,0,0,0,6,6,6,3,0,3,0,155.52710870001465,,,,,,,,,,,,,,,,,,,,,,,,,,,,,,,,,,,,,,,,,,,,,,,,,,,,,,,,,,,,,,,,,,,,,,,,,,,,,,,,,,,,,,,,,,,,,,155.51433639996685,155.52710870001465,155.52710870001465,155.52710870001465,155.71202970005106,None,,,,,,,,,,,,,,P8775,Bar_MIC,13,1,2026-05-05_18h40.21.608,MIC_task,,2026.1.2,59.90351939622037,2026-05-05 18h40.22.906714 +0200,
,,4,0,4,,,,,,,13,t01,fogkefe,toothbrush,8,tools,bathroom,6.8,17,None,51,None,"(0.1, 0)",None,,,,,,,,,,,0,0,0,0,0,6,6,6,4,0,4,0,155.72753769997507,,,,,,,,,,,,,,,,,,,,,,,,,,,,,,,,,,,,,,,,,,,,,,,,,,,,,,,,,,,,,,,,,,,,,,,,,,,,,,,,,,,,,,,,,,,,,,155.71508560003713,155.72753769997507,155.72753769997507,155.72753769997507,155.91244230000302,None,,,,,,,,,,,,,,P8775,Bar_MIC,13,1,2026-05-05_18h40.21.608,MIC_task,,2026.1.2,59.90351939622037,2026-05-05 18h40.22.906714 +0200,
,,5,0,5,,,,,,,13,t01,fogkefe,toothbrush,8,tools,bathroom,6.8,17,None,51,None,"(0.1, 0)",None,,,,,,,,,,,0,0,0,0,0,6,6,6,5,0,5,0,155.92789930000436,,,,,,,,,,,,,,,,,,,,,,,,,,,,,,,,,,,,,,,,,,,,,,,,,,,,,,,,,,,,,,,,,,,,,,,,,,,,,,,,,,,,,,,,,,,,,,155.9153497000225,155.92789930000436,155.92789930000436,155.92789930000436,156.11157509998884,None,,,,,,,,,,,,,,P8775,Bar_MIC,13,1,2026-05-05_18h40.21.608,MIC_task,,2026.1.2,59.90351939622037,2026-05-05 18h40.22.906714 +0200,
,,6,0,6,,,,,,,13,t01,fogkefe,toothbrush,8,tools,bathroom,6.8,17,None,51,None,"(0.1, 0)",None,,,,,,,,,,,0,0,0,0,0,6,6,6,6,0,6,0,156.12820300005842,,,,,,,,,,,,,,,,,,,,,,,,,,,,,,,,,,,,,,,,,,,,,,,,,,,,,,,,,,,,,,,,,,,,,,,,,,,,,,,,,,,,,,,,,,,,,,156.11423730000388,156.12820300005842,156.12820300005842,156.12820300005842,156.31198740005493,None,,,,,,,,,,,,,,P8775,Bar_MIC,13,1,2026-05-05_18h40.21.608,MIC_task,,2026.1.2,59.90351939622037,2026-05-05 18h40.22.906714 +0200,
,,7,0,7,,,,,,,13,t01,fogkefe,toothbrush,8,tools,bathroom,6.8,17,None,51,None,"(0.1, 0)",None,,,,,,,,,,,0,0,0,0,0,6,6,6,7,0,7,0,156.32860320003238,,,,,,,,,,,,,,,,,,,,,,,,,,,,,,,,,,,,,,,,,,,,,,,,,,,,,,,,,,,,,,,,,,,,,,,,,,,,,,,,,,,,,,,,,,,,,,156.31468479998875,156.32860320003238,156.32860320003238,156.32860320003238,156.5123599000508,None,,,,,,,,,,,,,,P8775,Bar_MIC,13,1,2026-05-05_18h40.21.608,MIC_task,,2026.1.2,59.90351939622037,2026-05-05 18h40.22.906714 +0200,
,,8,0,8,,,,,,,13,t01,fogkefe,toothbrush,8,tools,bathroom,6.8,17,None,51,None,"(0.1, 0)",None,,,,,,,,,,,0,0,0,0,0,6,6,6,8,0,8,0,156.52897520002443,,,,,,,,,,,,,,,,,,,,,,,,,,,,,,,,,,,,,,,,,,,,,,,,,,,,,,,,,,,,,,,,,,,,,,,,,,,,,,,,,,,,,,,,,,,,,,156.51525669998955,156.52897520002443,156.52897520002443,156.52897520002443,156.71296879998408,None,,,,,,,,,,,,,,P8775,Bar_MIC,13,1,2026-05-05_18h40.21.608,MIC_task,,2026.1.2,59.90351939622037,2026-05-05 18h40.22.906714 +0200,
,,9,0,9,,,,,,,13,t01,fogkefe,toothbrush,8,tools,bathroom,6.8,17,None,51,None,"(0.1, 0)",None,,,,,,,,,,,0,0,0,0,0,6,6,6,9,0,9,0,156.72932889999356,,,,,,,,,,,,,,,,,,,,,,,,,,,,,,,,,,,,,,,,,,,,,,,,,,,,,,,,,,,,,,,,,,,,,,,,,,,,,,,,,,,,,,,,,,,,,,156.71591649996117,156.72932889999356,156.72932889999356,156.72932889999356,156.9133587999968,None,,,,,,,,,,,,,,P8775,Bar_MIC,13,1,2026-05-05_18h40.21.608,MIC_task,,2026.1.2,59.90351939622037,2026-05-05 18h40.22.906714 +0200,
,,10,0,10,,,,,,,13,t01,fogkefe,toothbrush,8,tools,bathroom,6.8,17,None,51,None,"(0.1, 0)",None,,,,,,,,,,,0,0,0,0,0,6,6,6,10,0,10,0,156.92964570003096,,,,,,,,,,,,,,,,,,,,,,,,,,,,,,,,,,,,,,,,,,,,,,,,,,,,,,,,,,,,,,,,,,,,,,,,,,,,,,,,,,,,,,,,,,,,,,156.91627739998512,156.92964570003096,156.92964570003096,156.92964570003096,157.11393590003718,None,,,,,,,,,,,,,,P8775,Bar_MIC,13,1,2026-05-05_18h40.21.608,MIC_task,,2026.1.2,59.90351939622037,2026-05-05 18h40.22.906714 +0200,
,,11,0,11,,,,,,,13,t01,fogkefe,toothbrush,8,tools,bathroom,6.8,17,None,51,None,"(0.1, 0)",None,,,,,,,,,,,0,0,0,0,0,6,6,6,11,0,11,0,157.13002699997742,,,,,,,,,,,,,,,,,,,,,,,,,,,,,,,,,,,,,,,,,,,,,,,,,,,,,,,,,,,,,,,,,,,,,,,,,,,,,,,,,,,,,,,,,,,,,,157.11712840001564,157.13002699997742,157.13002699997742,157.13002699997742,157.3137450000504,None,,,,,,,,,,,,,,P8775,Bar_MIC,13,1,2026-05-05_18h40.21.608,MIC_task,,2026.1.2,59.90351939622037,2026-05-05 18h40.22.906714 +0200,
,,12,0,12,,,,,,,13,t01,fogkefe,toothbrush,8,tools,bathroom,6.8,17,None,51,None,"(0.1, 0)",None,,,,,,,,,,,0,0,0,0,0,6,6,6,12,0,12,0,157.33034920005593,,,,,,,,,,,,,,,,,,,,,,,,,,,,,,,,,,,,,,,,,,,,,,,,,,,,,,,,,,,,,,,,,,,,,,,,,,,,,,,,,,,,,,,,,,,,,,157.31653549999464,157.33034920005593,157.33034920005593,157.33034920005593,157.51451460004319,None,,,,,,,,,,,,,,P8775,Bar_MIC,13,1,2026-05-05_18h40.21.608,MIC_task,,2026.1.2,59.90351939622037,2026-05-05 18h40.22.906714 +0200,
,,13,0,13,,,,,,,13,t01,fogkefe,toothbrush,8,tools,bathroom,6.8,17,None,51,None,"(0.1, 0)",None,,,,,,,,,,,0,0,0,0,0,6,6,6,13,0,13,0,157.53074930002913,,,,,,,,,,,,,,,,,,,,,,,,,,,,,,,,,,,,,,,,,,,,,,,,,,,,,,,,,,,,,,,,,,,,,,,,,,,,,,,,,,,,,,,,,,,,,,157.5176819000626,157.53074930002913,157.53074930002913,157.53074930002913,157.71488990006037,None,,,,,,,,,,,,,,P8775,Bar_MIC,13,1,2026-05-05_18h40.21.608,MIC_task,,2026.1.2,59.90351939622037,2026-05-05 18h40.22.906714 +0200,
,,14,0,14,,,,,,,13,t01,fogkefe,toothbrush,8,tools,bathroom,6.8,17,None,51,None,"(0.1, 0)",None,,,,,,,,,,,0,0,0,0,0,6,6,6,14,0,14,0,157.7304415999679,,,,,,,,,,,,,,,,,,,,,,,,,,,,,,,,,,,,,,,,,,,,,,,,,,,,,,,,,,,,,,,,,,,,,,,,,,,,,,,,,,,,,,,,,,,,,,157.71797610004432,157.7304415999679,157.7304415999679,157.7304415999679,157.9141611000523,None,,,,,,,,,,,,,,P8775,Bar_MIC,13,1,2026-05-05_18h40.21.608,MIC_task,,2026.1.2,59.90351939622037,2026-05-05 18h40.22.906714 +0200,
,,15,0,15,,,,,,,13,t01,fogkefe,toothbrush,8,tools,bathroom,6.8,17,None,51,None,"(0.1, 0)",None,,,,,,,,,,,0,0,0,0,0,6,6,6,15,0,15,0,157.93075469997711,,,,,,,,,,,,,,,,,,,,,,,,,,,,,,,,,,,,,,,,,,,,,,,,,,,,,,,,,,,,,,,,,,,,,,,,,,,,,,,,,,,,,,,,,,,,,,157.9171322999755,157.93075469997711,157.93075469997711,157.93075469997711,158.11536779999733,None,,,,,,,,,,,,,,P8775,Bar_MIC,13,1,2026-05-05_18h40.21.608,MIC_task,,2026.1.2,59.90351939622037,2026-05-05 18h40.22.906714 +0200,
,,16,0,16,,,,,,,13,t01,fogkefe,toothbrush,8,tools,bathroom,6.8,17,None,51,None,"(0.1, 0)",None,,,,,,,,,,,0,0,0,0,0,6,6,6,16,0,16,0,158.13121210003737,,,,,,,,,,,,,,,,,,,,,,,,,,,,,,,,,,,,,,,,,,,,,,,,,,,,,,,,,,,,,,,,,,,,,,,,,,,,,,,,,,,,,,,,,,,,,,158.11812130000908,158.13121210003737,158.13121210003737,158.13121210003737,158.31492320005782,None,,,,,,,,,,,,,,P8775,Bar_MIC,13,1,2026-05-05_18h40.21.608,MIC_task,,2026.1.2,59.90351939622037,2026-05-05 18h40.22.906714 +0200,
,,17,0,17,,,,,,,13,t01,fogkefe,toothbrush,8,tools,bathroom,6.8,17,None,51,None,"(0.1, 0)",None,,,,,,,,,,,0,0,0,0,0,6,6,6,17,0,17,0,158.33152720006183,,,,,,,,,,,,,,,,,,,,,,,,,,,,,,,,,,,,,,,,,,,,,,,,,,,,,,,,,,,,,,,,,,,,,,,,,,,,,,,,,,,,,,,,,,,,,,158.31762790004723,158.33152720006183,158.33152720006183,158.33152720006183,158.5153941999888,None,,,,,,,,,,,,,,P8775,Bar_MIC,13,1,2026-05-05_18h40.21.608,MIC_task,,2026.1.2,59.90351939622037,2026-05-05 18h40.22.906714 +0200,
,,18,0,18,,,,,,,13,t01,fogkefe,toothbrush,8,tools,bathroom,6.8,17,None,51,None,"(0.1, 0)",None,,,,,,,,,,,0,0,0,0,0,6,6,6,18,0,18,0,158.5319090000121,,,,,,,,,,,,,,,,,,,,,,,,,,,,,,,,,,,,,,,,,,,,,,,,,,,,,,,,,,,,,,,,,,,,,,,,,,,,,,,,,,,,,,,,,,,,,,158.51823799998965,158.5319090000121,158.5319090000121,158.5319090000121,158.715665500029,None,,,,,,,,,,,,,,P8775,Bar_MIC,13,1,2026-05-05_18h40.21.608,MIC_task,,2026.1.2,59.90351939622037,2026-05-05 18h40.22.906714 +0200,
,,19,0,19,,,,,,,13,t01,fogkefe,toothbrush,8,tools,bathroom,6.8,17,None,51,None,"(0.1, 0)",None,,,,,,,,,,,0,0,0,0,0,6,6,6,19,0,19,0,158.7322487999918,,,,,,,,,,,,,,,,,,,,,,,,,,,,,,,,,,,,,,,,,,,,,,,,,,,,,,,,,,,,,,,,,,,,,,,,,,,,,,,,,,,,,,,,,,,,,,158.71845980000217,158.7322487999918,158.7322487999918,158.7322487999918,158.91633949999232,None,,,,,,,,,,,,,,P8775,Bar_MIC,13,1,2026-05-05_18h40.21.608,MIC_task,,2026.1.2,59.90351939622037,2026-05-05 18h40.22.906714 +0200,
,,20,0,20,,,,,,,13,t01,fogkefe,toothbrush,8,tools,bathroom,6.8,17,None,51,None,"(0.1, 0)",None,,,,,,,,,,,0,0,0,0,0,6,6,6,20,0,20,0,158.9326427000342,,,,,,,,,,,,,,,,,,,,,,,,,,,,,,,,,,,,,,,,,,,,,,,,,,,,,,,,,,,,,,,,,,,,,,,,,,,,,,,,,,,,,,,,,,,,,,158.91920350003056,158.9326427000342,158.9326427000342,158.9326427000342,159.11664270004258,None,,,,,,,,,,,,,,P8775,Bar_MIC,13,1,2026-05-05_18h40.21.608,MIC_task,,2026.1.2,59.90351939622037,2026-05-05 18h40.22.906714 +0200,
,,21,0,21,,,,,,,13,t01,fogkefe,toothbrush,8,tools,bathroom,6.8,17,None,51,None,"(0.1, 0)",None,,,,,,,,,,,0,0,0,0,0,6,6,6,21,0,21,0,159.1329861000413,,,,,,,,,,,,,,,,,,,,,,,,,,,,,,,,,,,,,,,,,,,,,,,,,,,,,,,,,,,,,,,,,,,,,,,,,,,,,,,,,,,,,,,,,,,,,,159.11928670003545,159.1329861000413,159.1329861000413,159.1329861000413,159.3170171000529,None,,,,,,,,,,,,,,P8775,Bar_MIC,13,1,2026-05-05_18h40.21.608,MIC_task,,2026.1.2,59.90351939622037,2026-05-05 18h40.22.906714 +0200,
,,22,0,22,,,,,,,13,t01,fogkefe,toothbrush,8,tools,bathroom,6.8,17,None,51,None,"(0.1, 0)",None,,,,,,,,,,,0,0,0,0,0,6,6,6,22,0,22,0,159.33335690002423,,,,,,,,,,,,,,,,,,,,,,,,,,,,,,,,,,,,,,,,,,,,,,,,,,,,,,,,,,,,,,,,,,,,,,,,,,,,,,,,,,,,,,,,,,,,,,159.31959289999213,159.33335690002423,159.33335690002423,159.33335690002423,159.5175525000086,None,,,,,,,,,,,,,,P8775,Bar_MIC,13,1,2026-05-05_18h40.21.608,MIC_task,,2026.1.2,59.90351939622037,2026-05-05 18h40.22.906714 +0200,
,,23,0,23,,,,,,,13,t01,fogkefe,toothbrush,8,tools,bathroom,6.8,17,None,51,None,"(0.1, 0)",None,,,,,,,,,,,0,0,0,0,0,6,6,6,23,0,23,0,159.53372179996222,,,,,,,,,,,,,,,,,,,,,,,,,,,,,,,,,,,,,,,,,,,,,,,,,,,,,,,,,,,,,,,,,,,,,,,,,,,,,,,,,,,,,,,,,,,,,,159.52028050005902,159.53372179996222,159.53372179996222,159.53372179996222,159.71775589999743,None,,,,,,,,,,,,,,P8775,Bar_MIC,13,1,2026-05-05_18h40.21.608,MIC_task,,2026.1.2,59.90351939622037,2026-05-05 18h40.22.906714 +0200,
,,24,0,24,,,,,,,13,t01,fogkefe,toothbrush,8,tools,bathroom,6.8,17,None,51,None,"(0.1, 0)",None,,,,,,,,,,,0,0,0,0,0,6,6,6,24,0,24,0,159.73686299996916,,,,,,,,,,,,,,,,,,,,,,,,,,,,,,,,,,,,,,,,,,,,,,,,,,,,,,,,,,,,,,,,,,,,,,,,,,,,,,,,,,,,,,,,,,,,,,159.72029700002167,159.73686299996916,159.73686299996916,159.73686299996916,159.91834360000212,None,,,,,,,,,,,,,,P8775,Bar_MIC,13,1,2026-05-05_18h40.21.608,MIC_task,,2026.1.2,59.90351939622037,2026-05-05 18h40.22.906714 +0200,
,,25,0,25,,,,,,,13,t01,fogkefe,toothbrush,8,tools,bathroom,6.8,17,None,51,None,"(0.1, 0)",None,,,,,,,,,,,0,0,0,0,0,6,6,6,25,0,25,0,159.93373439996503,,,,,,,,,,,,,,,,,,,,,,,,,,,,,,,,,,,,,,,,,,,,,,,,,,,,,,,,,,,,,,,,,,,,,,,,,,,,,,,,,,,,,,,,,,,,,,159.9211568000028,159.93373439996503,159.93373439996503,159.93373439996503,160.11859580001328,None,,,,,,,,,,,,,,P8775,Bar_MIC,13,1,2026-05-05_18h40.21.608,MIC_task,,2026.1.2,59.90351939622037,2026-05-05 18h40.22.906714 +0200,
,,26,0,26,,,,,,,13,t01,fogkefe,toothbrush,8,tools,bathroom,6.8,17,None,51,None,"(0.1, 0)",None,,,,,,,,,,,0,0,0,0,0,6,6,6,26,0,26,0,160.13411930005532,,,,,,,,,,,,,,,,,,,,,,,,,,,,,,,,,,,,,,,,,,,,,,,,,,,,,,,,,,,,,,,,,,,,,,,,,,,,,,,,,,,,,,,,,,,,,,160.12148329999764,160.13411930005532,160.13411930005532,160.13411930005532,160.31791109999176,None,,,,,,,,,,,,,,P8775,Bar_MIC,13,1,2026-05-05_18h40.21.608,MIC_task,,2026.1.2,59.90351939622037,2026-05-05 18h40.22.906714 +0200,
,,27,0,27,,,,,,,13,t01,fogkefe,toothbrush,8,tools,bathroom,6.8,17,None,51,None,"(0.1, 0)",None,,,,,,,,,,,0,0,0,0,0,6,6,6,27,0,27,0,160.3345249000704,,,,,,,,,,,,,,,,,,,,,,,,,,,,,,,,,,,,,,,,,,,,,,,,,,,,,,,,,,,,,,,,,,,,,,,,,,,,,,,,,,,,,,,,,,,,,,160.3204657000024,160.3345249000704,160.3345249000704,160.3345249000704,160.51828489999752,None,,,,,,,,,,,,,,P8775,Bar_MIC,13,1,2026-05-05_18h40.21.608,MIC_task,,2026.1.2,59.90351939622037,2026-05-05 18h40.22.906714 +0200,
,,28,0,28,,,,,,,13,t01,fogkefe,toothbrush,8,tools,bathroom,6.8,17,None,51,None,"(0.1, 0)",space,0.11396980006247759,None,,,,,,,,,0,0,0,0,0,6,6,6,28,0,28,0,160.5348895000061,,,,,,,,,,,,,,,,,,,,,,,,,,,,,,,,,,,,,,,,,,,,,,,,,,,,,,,,,,,,,,,,,,,,,,,,,,,,,,,,,,,,,,,,,,,,,,160.52092999999877,160.5348895000061,160.5348895000061,160.5348895000061,160.65232910006307,space,0.11396980006247759,None,,,,,,,,,,,,P8775,Bar_MIC,13,1,2026-05-05_18h40.21.608,MIC_task,,2026.1.2,59.90351939622037,2026-05-05 18h40.22.906714 +0200,
,,6,6,0,,,,space,5.621456499909982,None,13,t01,fogkefe,toothbrush,8,tools,bathroom,6.8,17,None,51,None,"(0.1, 0)",,,,,,,,,,,,0,0,0,0,0,6,6,6,,,,,,,,,,,,,,,,,,,,,,,,,,,,,,,,,,,,,,,,,,,,,,,,,,,,,,,,,,,,,,,,,,,,,,,,,,,,,,,,,,,160.7132737999782,160.71881400002167,160.7181043666943,162.65525139996316,,,,,,164.65861689997837,164.67572679999284,164.67572679999284,170.3017569000367,,,,,,,,,,,,162.68166850006673,162.68725429999176,162.6884619334092,164.57425269996747,164.65857149998192,space,5.621456499909982,None,,,,P8775,Bar_MIC,13,1,2026-05-05_18h40.21.608,MIC_task,,2026.1.2,59.90351939622037,2026-05-05 18h40.22.906714 +0200,
,,0,0,0,,,,,,,13,ty14,lufi,balloon,9,toys,gadget,6.6,148,18,None,None,"(-0.1, 0.1)",None,,,,,,,,,,,0,0,0,0,0,7,7,7,0,0,0,0,170.3279881000053,,,,,,,,,,,,,,,,,,,,,,,,,,,,,,,,,,,,,,,,,,,,,,,,,,,,,,,,,,,,,,,,,,,,,,,,,,,,,,,,,,,,,,,,,,,,,,170.3220470000524,170.3279881000053,170.3279881000053,170.3279881000053,170.51724529999774,None,,,,,,,,,,,,,,P8775,Bar_MIC,13,1,2026-05-05_18h40.21.608,MIC_task,,2026.1.2,59.90351939622037,2026-05-05 18h40.22.906714 +0200,
,,0,0,0,,,,,,,13,ty14,lufi,balloon,9,toys,gadget,6.6,148,18,None,None,"(-0.1, 0.1)",None,,,,,,,,,,,0,0,0,0,0,7,7,7,0,0,0,0,170.53367480007,,,,,,,,,,,,,,,,,,,,,,,,,,,,,,,,,,,,,,,,,,,,,,,,,,,,,,,,,,,,,,,,,,,,,,,,,,,,,,,,,,,,,,,,,,,,,,170.5201817000052,170.53367480007,170.53367480007,170.53367480007,170.71771620004438,None,,,,,,,,,,,,,,P8775,Bar_MIC,13,1,2026-05-05_18h40.21.608,MIC_task,,2026.1.2,59.90351939622037,2026-05-05 18h40.22.906714 +0200,
,,1,0,1,,,,,,,13,ty14,lufi,balloon,9,toys,gadget,6.6,148,18,None,None,"(-0.1, 0.1)",None,,,,,,,,,,,0,0,0,0,0,7,7,7,1,0,1,0,170.73401929996908,,,,,,,,,,,,,,,,,,,,,,,,,,,,,,,,,,,,,,,,,,,,,,,,,,,,,,,,,,,,,,,,,,,,,,,,,,,,,,,,,,,,,,,,,,,,,,170.72083760006353,170.73401929996908,170.73401929996908,170.73401929996908,170.9185875999974,None,,,,,,,,,,,,,,P8775,Bar_MIC,13,1,2026-05-05_18h40.21.608,MIC_task,,2026.1.2,59.90351939622037,2026-05-05 18h40.22.906714 +0200,
,,2,0,2,,,,,,,13,ty14,lufi,balloon,9,toys,gadget,6.6,148,18,None,None,"(-0.1, 0.1)",None,,,,,,,,,,,0,0,0,0,0,7,7,7,2,0,2,0,170.9342600000091,,,,,,,,,,,,,,,,,,,,,,,,,,,,,,,,,,,,,,,,,,,,,,,,,,,,,,,,,,,,,,,,,,,,,,,,,,,,,,,,,,,,,,,,,,,,,,170.9218768000137,170.9342600000091,170.9342600000091,170.9342600000091,171.11845740000717,None,,,,,,,,,,,,,,P8775,Bar_MIC,13,1,2026-05-05_18h40.21.608,MIC_task,,2026.1.2,59.90351939622037,2026-05-05 18h40.22.906714 +0200,
,,3,0,3,,,,,,,13,ty14,lufi,balloon,9,toys,gadget,6.6,148,18,None,None,"(-0.1, 0.1)",None,,,,,,,,,,,0,0,0,0,0,7,7,7,3,0,3,0,171.13479060004465,,,,,,,,,,,,,,,,,,,,,,,,,,,,,,,,,,,,,,,,,,,,,,,,,,,,,,,,,,,,,,,,,,,,,,,,,,,,,,,,,,,,,,,,,,,,,,171.1216165999649,171.13479060004465,171.13479060004465,171.13479060004465,171.3020543999737,None,,,,,,,,,,,,,,P8775,Bar_MIC,13,1,2026-05-05_18h40.21.608,MIC_task,,2026.1.2,59.90351939622037,2026-05-05 18h40.22.906714 +0200,
,,4,0,4,,,,,,,13,ty14,lufi,balloon,9,toys,gadget,6.6,148,18,None,None,"(-0.1, 0.1)",None,,,,,,,,,,,0,0,0,0,0,7,7,7,4,0,4,0,171.31836949998979,,,,,,,,,,,,,,,,,,,,,,,,,,,,,,,,,,,,,,,,,,,,,,,,,,,,,,,,,,,,,,,,,,,,,,,,,,,,,,,,,,,,,,,,,,,,,,171.30499179998878,171.31836949998979,171.31836949998979,171.31836949998979,171.50247880001552,None,,,,,,,,,,,,,,P8775,Bar_MIC,13,1,2026-05-05_18h40.21.608,MIC_task,,2026.1.2,59.90351939622037,2026-05-05 18h40.22.906714 +0200,
,,5,0,5,,,,,,,13,ty14,lufi,balloon,9,toys,gadget,6.6,148,18,None,None,"(-0.1, 0.1)",None,,,,,,,,,,,0,0,0,0,0,7,7,7,5,0,5,0,171.51867859996855,,,,,,,,,,,,,,,,,,,,,,,,,,,,,,,,,,,,,,,,,,,,,,,,,,,,,,,,,,,,,,,,,,,,,,,,,,,,,,,,,,,,,,,,,,,,,,171.50556229997892,171.51867859996855,171.51867859996855,171.51867859996855,171.702922699973,None,,,,,,,,,,,,,,P8775,Bar_MIC,13,1,2026-05-05_18h40.21.608,MIC_task,,2026.1.2,59.90351939622037,2026-05-05 18h40.22.906714 +0200,
,,6,0,6,,,,,,,13,ty14,lufi,balloon,9,toys,gadget,6.6,148,18,None,None,"(-0.1, 0.1)",None,,,,,,,,,,,0,0,0,0,0,7,7,7,6,0,6,0,171.7184535000706,,,,,,,,,,,,,,,,,,,,,,,,,,,,,,,,,,,,,,,,,,,,,,,,,,,,,,,,,,,,,,,,,,,,,,,,,,,,,,,,,,,,,,,,,,,,,,171.70580029999837,171.7184535000706,171.7184535000706,171.7184535000706,171.903307300061,None,,,,,,,,,,,,,,P8775,Bar_MIC,13,1,2026-05-05_18h40.21.608,MIC_task,,2026.1.2,59.90351939622037,2026-05-05 18h40.22.906714 +0200,
,,7,0,7,,,,,,,13,ty14,lufi,balloon,9,toys,gadget,6.6,148,18,None,None,"(-0.1, 0.1)",None,,,,,,,,,,,0,0,0,0,0,7,7,7,7,0,7,0,171.91876420006156,,,,,,,,,,,,,,,,,,,,,,,,,,,,,,,,,,,,,,,,,,,,,,,,,,,,,,,,,,,,,,,,,,,,,,,,,,,,,,,,,,,,,,,,,,,,,,171.90636739996262,171.91876420006156,171.91876420006156,171.91876420006156,172.10255820001476,None,,,,,,,,,,,,,,P8775,Bar_MIC,13,1,2026-05-05_18h40.21.608,MIC_task,,2026.1.2,59.90351939622037,2026-05-05 18h40.22.906714 +0200,
,,8,0,8,,,,,,,13,ty14,lufi,balloon,9,toys,gadget,6.6,148,18,None,None,"(-0.1, 0.1)",None,,,,,,,,,,,0,0,0,0,0,7,7,7,8,0,8,0,172.1191897999961,,,,,,,,,,,,,,,,,,,,,,,,,,,,,,,,,,,,,,,,,,,,,,,,,,,,,,,,,,,,,,,,,,,,,,,,,,,,,,,,,,,,,,,,,,,,,,172.10564810002688,172.1191897999961,172.1191897999961,172.1191897999961,172.3040800000308,None,,,,,,,,,,,,,,P8775,Bar_MIC,13,1,2026-05-05_18h40.21.608,MIC_task,,2026.1.2,59.90351939622037,2026-05-05 18h40.22.906714 +0200,
,,9,0,9,,,,,,,13,ty14,lufi,balloon,9,toys,gadget,6.6,148,18,None,None,"(-0.1, 0.1)",None,,,,,,,,,,,0,0,0,0,0,7,7,7,9,0,9,0,172.31953700003214,,,,,,,,,,,,,,,,,,,,,,,,,,,,,,,,,,,,,,,,,,,,,,,,,,,,,,,,,,,,,,,,,,,,,,,,,,,,,,,,,,,,,,,,,,,,,,172.30738120002206,172.31953700003214,172.31953700003214,172.31953700003214,172.50328209996223,None,,,,,,,,,,,,,,P8775,Bar_MIC,13,1,2026-05-05_18h40.21.608,MIC_task,,2026.1.2,59.90351939622037,2026-05-05 18h40.22.906714 +0200,
,,10,0,10,,,,,,,13,ty14,lufi,balloon,9,toys,gadget,6.6,148,18,None,None,"(-0.1, 0.1)",None,,,,,,,,,,,0,0,0,0,0,7,7,7,10,0,10,0,172.51988510007504,,,,,,,,,,,,,,,,,,,,,,,,,,,,,,,,,,,,,,,,,,,,,,,,,,,,,,,,,,,,,,,,,,,,,,,,,,,,,,,,,,,,,,,,,,,,,,172.50632449996192,172.51988510007504,172.51988510007504,172.51988510007504,172.70377170003485,None,,,,,,,,,,,,,,P8775,Bar_MIC,13,1,2026-05-05_18h40.21.608,MIC_task,,2026.1.2,59.90351939622037,2026-05-05 18h40.22.906714 +0200,
,,11,0,11,,,,,,,13,ty14,lufi,balloon,9,toys,gadget,6.6,148,18,None,None,"(-0.1, 0.1)",None,,,,,,,,,,,0,0,0,0,0,7,7,7,11,0,11,0,172.7203385999892,,,,,,,,,,,,,,,,,,,,,,,,,,,,,,,,,,,,,,,,,,,,,,,,,,,,,,,,,,,,,,,,,,,,,,,,,,,,,,,,,,,,,,,,,,,,,,172.70659379998688,172.7203385999892,172.7203385999892,172.7203385999892,172.90413100004662,None,,,,,,,,,,,,,,P8775,Bar_MIC,13,1,2026-05-05_18h40.21.608,MIC_task,,2026.1.2,59.90351939622037,2026-05-05 18h40.22.906714 +0200,
,,12,0,12,,,,,,,13,ty14,lufi,balloon,9,toys,gadget,6.6,148,18,None,None,"(-0.1, 0.1)",None,,,,,,,,,,,0,0,0,0,0,7,7,7,12,0,12,0,172.92063609999605,,,,,,,,,,,,,,,,,,,,,,,,,,,,,,,,,,,,,,,,,,,,,,,,,,,,,,,,,,,,,,,,,,,,,,,,,,,,,,,,,,,,,,,,,,,,,,172.90694839996286,172.92063609999605,172.92063609999605,172.92063609999605,173.1045311000198,None,,,,,,,,,,,,,,P8775,Bar_MIC,13,1,2026-05-05_18h40.21.608,MIC_task,,2026.1.2,59.90351939622037,2026-05-05 18h40.22.906714 +0200,
,,13,0,13,,,,,,,13,ty14,lufi,balloon,9,toys,gadget,6.6,148,18,None,None,"(-0.1, 0.1)",None,,,,,,,,,,,0,0,0,0,0,7,7,7,13,0,13,0,173.12089280004147,,,,,,,,,,,,,,,,,,,,,,,,,,,,,,,,,,,,,,,,,,,,,,,,,,,,,,,,,,,,,,,,,,,,,,,,,,,,,,,,,,,,,,,,,,,,,,173.1078009000048,173.12089280004147,173.12089280004147,173.12089280004147,173.30530490004458,None,,,,,,,,,,,,,,P8775,Bar_MIC,13,1,2026-05-05_18h40.21.608,MIC_task,,2026.1.2,59.90351939622037,2026-05-05 18h40.22.906714 +0200,
,,14,0,14,,,,,,,13,ty14,lufi,balloon,9,toys,gadget,6.6,148,18,None,None,"(-0.1, 0.1)",None,,,,,,,,,,,0,0,0,0,0,7,7,7,14,0,14,0,173.32124940003268,,,,,,,,,,,,,,,,,,,,,,,,,,,,,,,,,,,,,,,,,,,,,,,,,,,,,,,,,,,,,,,,,,,,,,,,,,,,,,,,,,,,,,,,,,,,,,173.30829640000593,173.32124940003268,173.32124940003268,173.32124940003268,173.50534500007052,None,,,,,,,,,,,,,,P8775,Bar_MIC,13,1,2026-05-05_18h40.21.608,MIC_task,,2026.1.2,59.90351939622037,2026-05-05 18h40.22.906714 +0200,
,,15,0,15,,,,,,,13,ty14,lufi,balloon,9,toys,gadget,6.6,148,18,None,None,"(-0.1, 0.1)",None,,,,,,,,,,,0,0,0,0,0,7,7,7,15,0,15,0,173.52170290006325,,,,,,,,,,,,,,,,,,,,,,,,,,,,,,,,,,,,,,,,,,,,,,,,,,,,,,,,,,,,,,,,,,,,,,,,,,,,,,,,,,,,,,,,,,,,,,173.50864939996973,173.52170290006325,173.52170290006325,173.52170290006325,173.70615360001102,None,,,,,,,,,,,,,,P8775,Bar_MIC,13,1,2026-05-05_18h40.21.608,MIC_task,,2026.1.2,59.90351939622037,2026-05-05 18h40.22.906714 +0200,
,,16,0,16,,,,,,,13,ty14,lufi,balloon,9,toys,gadget,6.6,148,18,None,None,"(-0.1, 0.1)",None,,,,,,,,,,,0,0,0,0,0,7,7,7,16,0,16,0,173.72205960005522,,,,,,,,,,,,,,,,,,,,,,,,,,,,,,,,,,,,,,,,,,,,,,,,,,,,,,,,,,,,,,,,,,,,,,,,,,,,,,,,,,,,,,,,,,,,,,173.70903709996492,173.72205960005522,173.72205960005522,173.72205960005522,173.90564090001862,None,,,,,,,,,,,,,,P8775,Bar_MIC,13,1,2026-05-05_18h40.21.608,MIC_task,,2026.1.2,59.90351939622037,2026-05-05 18h40.22.906714 +0200,
,,17,0,17,,,,,,,13,ty14,lufi,balloon,9,toys,gadget,6.6,148,18,None,None,"(-0.1, 0.1)",None,,,,,,,,,,,0,0,0,0,0,7,7,7,17,0,17,0,173.92175980005413,,,,,,,,,,,,,,,,,,,,,,,,,,,,,,,,,,,,,,,,,,,,,,,,,,,,,,,,,,,,,,,,,,,,,,,,,,,,,,,,,,,,,,,,,,,,,,173.90864959999453,173.92175980005413,173.92175980005413,173.92175980005413,174.10657760000322,None,,,,,,,,,,,,,,P8775,Bar_MIC,13,1,2026-05-05_18h40.21.608,MIC_task,,2026.1.2,59.90351939622037,2026-05-05 18h40.22.906714 +0200,
,,18,0,18,,,,,,,13,ty14,lufi,balloon,9,toys,gadget,6.6,148,18,None,None,"(-0.1, 0.1)",None,,,,,,,,,,,0,0,0,0,0,7,7,7,18,0,18,0,174.12207679997664,,,,,,,,,,,,,,,,,,,,,,,,,,,,,,,,,,,,,,,,,,,,,,,,,,,,,,,,,,,,,,,,,,,,,,,,,,,,,,,,,,,,,,,,,,,,,,174.10952260007616,174.12207679997664,174.12207679997664,174.12207679997664,174.3064207000425,None,,,,,,,,,,,,,,P8775,Bar_MIC,13,1,2026-05-05_18h40.21.608,MIC_task,,2026.1.2,59.90351939622037,2026-05-05 18h40.22.906714 +0200,
,,19,0,19,,,,,,,13,ty14,lufi,balloon,9,toys,gadget,6.6,148,18,None,None,"(-0.1, 0.1)",None,,,,,,,,,,,0,0,0,0,0,7,7,7,19,0,19,0,174.32249190006405,,,,,,,,,,,,,,,,,,,,,,,,,,,,,,,,,,,,,,,,,,,,,,,,,,,,,,,,,,,,,,,,,,,,,,,,,,,,,,,,,,,,,,,,,,,,,,174.30950820003636,174.32249190006405,174.32249190006405,174.32249190006405,174.50750579999294,None,,,,,,,,,,,,,,P8775,Bar_MIC,13,1,2026-05-05_18h40.21.608,MIC_task,,2026.1.2,59.90351939622037,2026-05-05 18h40.22.906714 +0200,
,,20,0,20,,,,,,,13,ty14,lufi,balloon,9,toys,gadget,6.6,148,18,None,None,"(-0.1, 0.1)",None,,,,,,,,,,,0,0,0,0,0,7,7,7,20,0,20,0,174.5228665000759,,,,,,,,,,,,,,,,,,,,,,,,,,,,,,,,,,,,,,,,,,,,,,,,,,,,,,,,,,,,,,,,,,,,,,,,,,,,,,,,,,,,,,,,,,,,,,174.51061860006303,174.5228665000759,174.5228665000759,174.5228665000759,174.70677779999096,None,,,,,,,,,,,,,,P8775,Bar_MIC,13,1,2026-05-05_18h40.21.608,MIC_task,,2026.1.2,59.90351939622037,2026-05-05 18h40.22.906714 +0200,
,,21,0,21,,,,,,,13,ty14,lufi,balloon,9,toys,gadget,6.6,148,18,None,None,"(-0.1, 0.1)",None,,,,,,,,,,,0,0,0,0,0,7,7,7,21,0,21,0,174.7232529000612,,,,,,,,,,,,,,,,,,,,,,,,,,,,,,,,,,,,,,,,,,,,,,,,,,,,,,,,,,,,,,,,,,,,,,,,,,,,,,,,,,,,,,,,,,,,,,174.7097210000502,174.7232529000612,174.7232529000612,174.7232529000612,174.90721460001078,None,,,,,,,,,,,,,,P8775,Bar_MIC,13,1,2026-05-05_18h40.21.608,MIC_task,,2026.1.2,59.90351939622037,2026-05-05 18h40.22.906714 +0200,
,,22,0,22,,,,,,,13,ty14,lufi,balloon,9,toys,gadget,6.6,148,18,None,None,"(-0.1, 0.1)",None,,,,,,,,,,,0,0,0,0,0,7,7,7,22,0,22,0,174.9236732000718,,,,,,,,,,,,,,,,,,,,,,,,,,,,,,,,,,,,,,,,,,,,,,,,,,,,,,,,,,,,,,,,,,,,,,,,,,,,,,,,,,,,,,,,,,,,,,174.91026240005158,174.9236732000718,174.9236732000718,174.9236732000718,175.10739300004207,None,,,,,,,,,,,,,,P8775,Bar_MIC,13,1,2026-05-05_18h40.21.608,MIC_task,,2026.1.2,59.90351939622037,2026-05-05 18h40.22.906714 +0200,
,,23,0,23,,,,,,,13,ty14,lufi,balloon,9,toys,gadget,6.6,148,18,None,None,"(-0.1, 0.1)",None,,,,,,,,,,,0,0,0,0,0,7,7,7,23,0,23,0,175.1238638999639,,,,,,,,,,,,,,,,,,,,,,,,,,,,,,,,,,,,,,,,,,,,,,,,,,,,,,,,,,,,,,,,,,,,,,,,,,,,,,,,,,,,,,,,,,,,,,175.11018810002133,175.1238638999639,175.1238638999639,175.1238638999639,175.30818050005473,None,,,,,,,,,,,,,,P8775,Bar_MIC,13,1,2026-05-05_18h40.21.608,MIC_task,,2026.1.2,59.90351939622037,2026-05-05 18h40.22.906714 +0200,
,,24,0,24,,,,,,,13,ty14,lufi,balloon,9,toys,gadget,6.6,148,18,None,None,"(-0.1, 0.1)",None,,,,,,,,,,,0,0,0,0,0,7,7,7,24,0,24,0,175.32434459996875,,,,,,,,,,,,,,,,,,,,,,,,,,,,,,,,,,,,,,,,,,,,,,,,,,,,,,,,,,,,,,,,,,,,,,,,,,,,,,,,,,,,,,,,,,,,,,175.31096220004838,175.32434459996875,175.32434459996875,175.32434459996875,175.50839239999186,None,,,,,,,,,,,,,,P8775,Bar_MIC,13,1,2026-05-05_18h40.21.608,MIC_task,,2026.1.2,59.90351939622037,2026-05-05 18h40.22.906714 +0200,
,,25,0,25,,,,,,,13,ty14,lufi,balloon,9,toys,gadget,6.6,148,18,None,None,"(-0.1, 0.1)",None,,,,,,,,,,,0,0,0,0,0,7,7,7,25,0,25,0,175.52467780001462,,,,,,,,,,,,,,,,,,,,,,,,,,,,,,,,,,,,,,,,,,,,,,,,,,,,,,,,,,,,,,,,,,,,,,,,,,,,,,,,,,,,,,,,,,,,,,175.51100020005833,175.52467780001462,175.52467780001462,175.52467780001462,175.70868739997968,None,,,,,,,,,,,,,,P8775,Bar_MIC,13,1,2026-05-05_18h40.21.608,MIC_task,,2026.1.2,59.90351939622037,2026-05-05 18h40.22.906714 +0200,
,,26,0,26,,,,,,,13,ty14,lufi,balloon,9,toys,gadget,6.6,148,18,None,None,"(-0.1, 0.1)",None,,,,,,,,,,,0,0,0,0,0,7,7,7,26,0,26,0,175.72506349999458,,,,,,,,,,,,,,,,,,,,,,,,,,,,,,,,,,,,,,,,,,,,,,,,,,,,,,,,,,,,,,,,,,,,,,,,,,,,,,,,,,,,,,,,,,,,,,175.71130480000284,175.72506349999458,175.72506349999458,175.72506349999458,175.9088119000662,None,,,,,,,,,,,,,,P8775,Bar_MIC,13,1,2026-05-05_18h40.21.608,MIC_task,,2026.1.2,59.90351939622037,2026-05-05 18h40.22.906714 +0200,
,,27,0,27,,,,,,,13,ty14,lufi,balloon,9,toys,gadget,6.6,148,18,None,None,"(-0.1, 0.1)",None,,,,,,,,,,,0,0,0,0,0,7,7,7,27,0,27,0,175.92544630006887,,,,,,,,,,,,,,,,,,,,,,,,,,,,,,,,,,,,,,,,,,,,,,,,,,,,,,,,,,,,,,,,,,,,,,,,,,,,,,,,,,,,,,,,,,,,,,175.91187329997774,175.92544630006887,175.92544630006887,175.92544630006887,176.10950739996042,None,,,,,,,,,,,,,,P8775,Bar_MIC,13,1,2026-05-05_18h40.21.608,MIC_task,,2026.1.2,59.90351939622037,2026-05-05 18h40.22.906714 +0200,
,,28,0,28,,,,,,,13,ty14,lufi,balloon,9,toys,gadget,6.6,148,18,None,None,"(-0.1, 0.1)",None,,,,,,,,,,,0,0,0,0,0,7,7,7,28,0,28,0,176.12578840006609,,,,,,,,,,,,,,,,,,,,,,,,,,,,,,,,,,,,,,,,,,,,,,,,,,,,,,,,,,,,,,,,,,,,,,,,,,,,,,,,,,,,,,,,,,,,,,176.11270010005683,176.12578840006609,176.12578840006609,176.12578840006609,176.31000619998667,None,,,,,,,,,,,,,,P8775,Bar_MIC,13,1,2026-05-05_18h40.21.608,MIC_task,,2026.1.2,59.90351939622037,2026-05-05 18h40.22.906714 +0200,
,,29,0,29,,,,,,,13,ty14,lufi,balloon,9,toys,gadget,6.6,148,18,None,None,"(-0.1, 0.1)",None,,,,,,,,,,,0,0,0,0,0,7,7,7,29,0,29,0,176.32550350006204,,,,,,,,,,,,,,,,,,,,,,,,,,,,,,,,,,,,,,,,,,,,,,,,,,,,,,,,,,,,,,,,,,,,,,,,,,,,,,,,,,,,,,,,,,,,,,176.3127613000106,176.32550350006204,176.32550350006204,176.32550350006204,176.51052949996665,None,,,,,,,,,,,,,,P8775,Bar_MIC,13,1,2026-05-05_18h40.21.608,MIC_task,,2026.1.2,59.90351939622037,2026-05-05 18h40.22.906714 +0200,
,,30,0,30,,,,,,,13,ty14,lufi,balloon,9,toys,gadget,6.6,148,18,None,None,"(-0.1, 0.1)",None,,,,,,,,,,,0,0,0,0,0,7,7,7,30,0,30,0,176.52581200003624,,,,,,,,,,,,,,,,,,,,,,,,,,,,,,,,,,,,,,,,,,,,,,,,,,,,,,,,,,,,,,,,,,,,,,,,,,,,,,,,,,,,,,,,,,,,,,176.51320080005098,176.52581200003624,176.52581200003624,176.52581200003624,176.71102980000433,None,,,,,,,,,,,,,,P8775,Bar_MIC,13,1,2026-05-05_18h40.21.608,MIC_task,,2026.1.2,59.90351939622037,2026-05-05 18h40.22.906714 +0200,
,,31,0,31,,,,,,,13,ty14,lufi,balloon,9,toys,gadget,6.6,148,18,None,None,"(-0.1, 0.1)",None,,,,,,,,,,,0,0,0,0,0,7,7,7,31,0,31,0,176.72621260001324,,,,,,,,,,,,,,,,,,,,,,,,,,,,,,,,,,,,,,,,,,,,,,,,,,,,,,,,,,,,,,,,,,,,,,,,,,,,,,,,,,,,,,,,,,,,,,176.71449869999196,176.72621260001324,176.72621260001324,176.72621260001324,176.91004039999098,None,,,,,,,,,,,,,,P8775,Bar_MIC,13,1,2026-05-05_18h40.21.608,MIC_task,,2026.1.2,59.90351939622037,2026-05-05 18h40.22.906714 +0200,
,,32,0,32,,,,,,,13,ty14,lufi,balloon,9,toys,gadget,6.6,148,18,None,None,"(-0.1, 0.1)",None,,,,,,,,,,,0,0,0,0,0,7,7,7,32,0,32,0,176.92658219998702,,,,,,,,,,,,,,,,,,,,,,,,,,,,,,,,,,,,,,,,,,,,,,,,,,,,,,,,,,,,,,,,,,,,,,,,,,,,,,,,,,,,,,,,,,,,,,176.91318290005438,176.92658219998702,176.92658219998702,176.92658219998702,177.1104137999937,None,,,,,,,,,,,,,,P8775,Bar_MIC,13,1,2026-05-05_18h40.21.608,MIC_task,,2026.1.2,59.90351939622037,2026-05-05 18h40.22.906714 +0200,
,,33,0,33,,,,,,,13,ty14,lufi,balloon,9,toys,gadget,6.6,148,18,None,None,"(-0.1, 0.1)",None,,,,,,,,,,,0,0,0,0,0,7,7,7,33,0,33,0,177.12692419998348,,,,,,,,,,,,,,,,,,,,,,,,,,,,,,,,,,,,,,,,,,,,,,,,,,,,,,,,,,,,,,,,,,,,,,,,,,,,,,,,,,,,,,,,,,,,,,177.11361210001633,177.12692419998348,177.12692419998348,177.12692419998348,177.3106509000063,None,,,,,,,,,,,,,,P8775,Bar_MIC,13,1,2026-05-05_18h40.21.608,MIC_task,,2026.1.2,59.90351939622037,2026-05-05 18h40.22.906714 +0200,
,,34,0,34,,,,,,,13,ty14,lufi,balloon,9,toys,gadget,6.6,148,18,None,None,"(-0.1, 0.1)",None,,,,,,,,,,,0,0,0,0,0,7,7,7,34,0,34,0,177.32720890000928,,,,,,,,,,,,,,,,,,,,,,,,,,,,,,,,,,,,,,,,,,,,,,,,,,,,,,,,,,,,,,,,,,,,,,,,,,,,,,,,,,,,,,,,,,,,,,177.31396529998165,177.32720890000928,177.32720890000928,177.32720890000928,177.5114419000456,None,,,,,,,,,,,,,,P8775,Bar_MIC,13,1,2026-05-05_18h40.21.608,MIC_task,,2026.1.2,59.90351939622037,2026-05-05 18h40.22.906714 +0200,
,,35,0,35,,,,,,,13,ty14,lufi,balloon,9,toys,gadget,6.6,148,18,None,None,"(-0.1, 0.1)",None,,,,,,,,,,,0,0,0,0,0,7,7,7,35,0,35,0,177.52769210003316,,,,,,,,,,,,,,,,,,,,,,,,,,,,,,,,,,,,,,,,,,,,,,,,,,,,,,,,,,,,,,,,,,,,,,,,,,,,,,,,,,,,,,,,,,,,,,177.51403860002756,177.52769210003316,177.52769210003316,177.52769210003316,177.71211630001199,None,,,,,,,,,,,,,,P8775,Bar_MIC,13,1,2026-05-05_18h40.21.608,MIC_task,,2026.1.2,59.90351939622037,2026-05-05 18h40.22.906714 +0200,
,,36,0,36,,,,,,,13,ty14,lufi,balloon,9,toys,gadget,6.6,148,18,None,None,"(-0.1, 0.1)",None,,,,,,,,,,,0,0,0,0,0,7,7,7,36,0,36,0,177.72794040001463,,,,,,,,,,,,,,,,,,,,,,,,,,,,,,,,,,,,,,,,,,,,,,,,,,,,,,,,,,,,,,,,,,,,,,,,,,,,,,,,,,,,,,,,,,,,,,177.71503199997824,177.72794040001463,177.72794040001463,177.72794040001463,177.91375090007205,None,,,,,,,,,,,,,,P8775,Bar_MIC,13,1,2026-05-05_18h40.21.608,MIC_task,,2026.1.2,59.90351939622037,2026-05-05 18h40.22.906714 +0200,
,,37,0,37,,,,,,,13,ty14,lufi,balloon,9,toys,gadget,6.6,148,18,None,None,"(-0.1, 0.1)",None,,,,,,,,,,,0,0,0,0,0,7,7,7,37,0,37,0,177.9276273000287,,,,,,,,,,,,,,,,,,,,,,,,,,,,,,,,,,,,,,,,,,,,,,,,,,,,,,,,,,,,,,,,,,,,,,,,,,,,,,,,,,,,,,,,,,,,,,177.91660029999912,177.9276273000287,177.9276273000287,177.9276273000287,178.11284720001277,None,,,,,,,,,,,,,,P8775,Bar_MIC,13,1,2026-05-05_18h40.21.608,MIC_task,,2026.1.2,59.90351939622037,2026-05-05 18h40.22.906714 +0200,
,,38,0,38,,,,,,,13,ty14,lufi,balloon,9,toys,gadget,6.6,148,18,None,None,"(-0.1, 0.1)",None,,,,,,,,,,,0,0,0,0,0,7,7,7,38,0,38,0,178.12875609996263,,,,,,,,,,,,,,,,,,,,,,,,,,,,,,,,,,,,,,,,,,,,,,,,,,,,,,,,,,,,,,,,,,,,,,,,,,,,,,,,,,,,,,,,,,,,,,178.1154744999949,178.12875609996263,178.12875609996263,178.12875609996263,178.3128995000152,None,,,,,,,,,,,,,,P8775,Bar_MIC,13,1,2026-05-05_18h40.21.608,MIC_task,,2026.1.2,59.90351939622037,2026-05-05 18h40.22.906714 +0200,
,,39,0,39,,,,,,,13,ty14,lufi,balloon,9,toys,gadget,6.6,148,18,None,None,"(-0.1, 0.1)",None,,,,,,,,,,,0,0,0,0,0,7,7,7,39,0,39,0,178.32908499997575,,,,,,,,,,,,,,,,,,,,,,,,,,,,,,,,,,,,,,,,,,,,,,,,,,,,,,,,,,,,,,,,,,,,,,,,,,,,,,,,,,,,,,,,,,,,,,178.31624760001432,178.32908499997575,178.32908499997575,178.32908499997575,178.51293950004037,None,,,,,,,,,,,,,,P8775,Bar_MIC,13,1,2026-05-05_18h40.21.608,MIC_task,,2026.1.2,59.90351939622037,2026-05-05 18h40.22.906714 +0200,
,,40,0,40,,,,,,,13,ty14,lufi,balloon,9,toys,gadget,6.6,148,18,None,None,"(-0.1, 0.1)",None,,,,,,,,,,,0,0,0,0,0,7,7,7,40,0,40,0,178.52879230002873,,,,,,,,,,,,,,,,,,,,,,,,,,,,,,,,,,,,,,,,,,,,,,,,,,,,,,,,,,,,,,,,,,,,,,,,,,,,,,,,,,,,,,,,,,,,,,178.51582259999122,178.52879230002873,178.52879230002873,178.52879230002873,178.7138090999797,None,,,,,,,,,,,,,,P8775,Bar_MIC,13,1,2026-05-05_18h40.21.608,MIC_task,,2026.1.2,59.90351939622037,2026-05-05 18h40.22.906714 +0200,
,,41,0,41,,,,,,,13,ty14,lufi,balloon,9,toys,gadget,6.6,148,18,None,None,"(-0.1, 0.1)",None,,,,,,,,,,,0,0,0,0,0,7,7,7,41,0,41,0,178.7292032999685,,,,,,,,,,,,,,,,,,,,,,,,,,,,,,,,,,,,,,,,,,,,,,,,,,,,,,,,,,,,,,,,,,,,,,,,,,,,,,,,,,,,,,,,,,,,,,178.71685339999385,178.7292032999685,178.7292032999685,178.7292032999685,178.91291369998362,None,,,,,,,,,,,,,,P8775,Bar_MIC,13,1,2026-05-05_18h40.21.608,MIC_task,,2026.1.2,59.90351939622037,2026-05-05 18h40.22.906714 +0200,
,,42,0,42,,,,,,,13,ty14,lufi,balloon,9,toys,gadget,6.6,148,18,None,None,"(-0.1, 0.1)",None,,,,,,,,,,,0,0,0,0,0,7,7,7,42,0,42,0,178.92957849998493,,,,,,,,,,,,,,,,,,,,,,,,,,,,,,,,,,,,,,,,,,,,,,,,,,,,,,,,,,,,,,,,,,,,,,,,,,,,,,,,,,,,,,,,,,,,,,178.91571570001543,178.92957849998493,178.92957849998493,178.92957849998493,179.11333650001325,None,,,,,,,,,,,,,,P8775,Bar_MIC,13,1,2026-05-05_18h40.21.608,MIC_task,,2026.1.2,59.90351939622037,2026-05-05 18h40.22.906714 +0200,
,,43,0,43,,,,,,,13,ty14,lufi,balloon,9,toys,gadget,6.6,148,18,None,None,"(-0.1, 0.1)",None,,,,,,,,,,,0,0,0,0,0,7,7,7,43,0,43,0,179.1299185999669,,,,,,,,,,,,,,,,,,,,,,,,,,,,,,,,,,,,,,,,,,,,,,,,,,,,,,,,,,,,,,,,,,,,,,,,,,,,,,,,,,,,,,,,,,,,,,179.11621100001503,179.1299185999669,179.1299185999669,179.1299185999669,179.3138824000489,None,,,,,,,,,,,,,,P8775,Bar_MIC,13,1,2026-05-05_18h40.21.608,MIC_task,,2026.1.2,59.90351939622037,2026-05-05 18h40.22.906714 +0200,
,,44,0,44,,,,,,,13,ty14,lufi,balloon,9,toys,gadget,6.6,148,18,None,None,"(-0.1, 0.1)",None,,,,,,,,,,,0,0,0,0,0,7,7,7,44,0,44,0,179.33029119996354,,,,,,,,,,,,,,,,,,,,,,,,,,,,,,,,,,,,,,,,,,,,,,,,,,,,,,,,,,,,,,,,,,,,,,,,,,,,,,,,,,,,,,,,,,,,,,179.3169506000122,179.33029119996354,179.33029119996354,179.33029119996354,179.5142662000144,None,,,,,,,,,,,,,,P8775,Bar_MIC,13,1,2026-05-05_18h40.21.608,MIC_task,,2026.1.2,59.90351939622037,2026-05-05 18h40.22.906714 +0200,
,,45,0,45,,,,,,,13,ty14,lufi,balloon,9,toys,gadget,6.6,148,18,None,None,"(-0.1, 0.1)",None,,,,,,,,,,,0,0,0,0,0,7,7,7,45,0,45,0,179.5307049000403,,,,,,,,,,,,,,,,,,,,,,,,,,,,,,,,,,,,,,,,,,,,,,,,,,,,,,,,,,,,,,,,,,,,,,,,,,,,,,,,,,,,,,,,,,,,,,179.51702929998282,179.5307049000403,179.5307049000403,179.5307049000403,179.7147646000376,None,,,,,,,,,,,,,,P8775,Bar_MIC,13,1,2026-05-05_18h40.21.608,MIC_task,,2026.1.2,59.90351939622037,2026-05-05 18h40.22.906714 +0200,
,,46,0,46,,,,,,,13,ty14,lufi,balloon,9,toys,gadget,6.6,148,18,None,None,"(-0.1, 0.1)",None,,,,,,,,,,,0,0,0,0,0,7,7,7,46,0,46,0,179.73092710005585,,,,,,,,,,,,,,,,,,,,,,,,,,,,,,,,,,,,,,,,,,,,,,,,,,,,,,,,,,,,,,,,,,,,,,,,,,,,,,,,,,,,,,,,,,,,,,179.71800170000643,179.73092710005585,179.73092710005585,179.73092710005585,179.91500869998708,None,,,,,,,,,,,,,,P8775,Bar_MIC,13,1,2026-05-05_18h40.21.608,MIC_task,,2026.1.2,59.90351939622037,2026-05-05 18h40.22.906714 +0200,
,,47,0,47,,,,,,,13,ty14,lufi,balloon,9,toys,gadget,6.6,148,18,None,None,"(-0.1, 0.1)",None,,,,,,,,,,,0,0,0,0,0,7,7,7,47,0,47,0,179.93124209996313,,,,,,,,,,,,,,,,,,,,,,,,,,,,,,,,,,,,,,,,,,,,,,,,,,,,,,,,,,,,,,,,,,,,,,,,,,,,,,,,,,,,,,,,,,,,,,179.91807650006376,179.93124209996313,179.93124209996313,179.93124209996313,180.1160183000611,None,,,,,,,,,,,,,,P8775,Bar_MIC,13,1,2026-05-05_18h40.21.608,MIC_task,,2026.1.2,59.90351939622037,2026-05-05 18h40.22.906714 +0200,
,,48,0,48,,,,,,,13,ty14,lufi,balloon,9,toys,gadget,6.6,148,18,None,None,"(-0.1, 0.1)",None,,,,,,,,,,,0,0,0,0,0,7,7,7,48,0,48,0,180.1316889000591,,,,,,,,,,,,,,,,,,,,,,,,,,,,,,,,,,,,,,,,,,,,,,,,,,,,,,,,,,,,,,,,,,,,,,,,,,,,,,,,,,,,,,,,,,,,,,180.11900770000648,180.1316889000591,180.1316889000591,180.1316889000591,180.31606610002927,None,,,,,,,,,,,,,,P8775,Bar_MIC,13,1,2026-05-05_18h40.21.608,MIC_task,,2026.1.2,59.90351939622037,2026-05-05 18h40.22.906714 +0200,
,,49,0,49,,,,,,,13,ty14,lufi,balloon,9,toys,gadget,6.6,148,18,None,None,"(-0.1, 0.1)",None,,,,,,,,,,,0,0,0,0,0,7,7,7,49,0,49,0,180.33213330002036,,,,,,,,,,,,,,,,,,,,,,,,,,,,,,,,,,,,,,,,,,,,,,,,,,,,,,,,,,,,,,,,,,,,,,,,,,,,,,,,,,,,,,,,,,,,,,180.31910860002972,180.33213330002036,180.33213330002036,180.33213330002036,180.51676430006046,None,,,,,,,,,,,,,,P8775,Bar_MIC,13,1,2026-05-05_18h40.21.608,MIC_task,,2026.1.2,59.90351939622037,2026-05-05 18h40.22.906714 +0200,
,,50,0,50,,,,,,,13,ty14,lufi,balloon,9,toys,gadget,6.6,148,18,None,None,"(-0.1, 0.1)",None,,,,,,,,,,,0,0,0,0,0,7,7,7,50,0,50,0,180.5324953000527,,,,,,,,,,,,,,,,,,,,,,,,,,,,,,,,,,,,,,,,,,,,,,,,,,,,,,,,,,,,,,,,,,,,,,,,,,,,,,,,,,,,,,,,,,,,,,180.519794599968,180.5324953000527,180.5324953000527,180.5324953000527,180.71658130001742,None,,,,,,,,,,,,,,P8775,Bar_MIC,13,1,2026-05-05_18h40.21.608,MIC_task,,2026.1.2,59.90351939622037,2026-05-05 18h40.22.906714 +0200,
,,51,0,51,,,,,,,13,ty14,lufi,balloon,9,toys,gadget,6.6,148,18,None,None,"(-0.1, 0.1)",None,,,,,,,,,,,0,0,0,0,0,7,7,7,51,0,51,0,180.73210849997122,,,,,,,,,,,,,,,,,,,,,,,,,,,,,,,,,,,,,,,,,,,,,,,,,,,,,,,,,,,,,,,,,,,,,,,,,,,,,,,,,,,,,,,,,,,,,,180.71937830001116,180.73210849997122,180.73210849997122,180.73210849997122,180.91593949997332,None,,,,,,,,,,,,,,P8775,Bar_MIC,13,1,2026-05-05_18h40.21.608,MIC_task,,2026.1.2,59.90351939622037,2026-05-05 18h40.22.906714 +0200,
,,52,0,52,,,,,,,13,ty14,lufi,balloon,9,toys,gadget,6.6,148,18,None,None,"(-0.1, 0.1)",None,,,,,,,,,,,0,0,0,0,0,7,7,7,52,0,52,0,180.9324259000132,,,,,,,,,,,,,,,,,,,,,,,,,,,,,,,,,,,,,,,,,,,,,,,,,,,,,,,,,,,,,,,,,,,,,,,,,,,,,,,,,,,,,,,,,,,,,,180.919215300004,180.9324259000132,180.9324259000132,180.9324259000132,181.11653330002446,None,,,,,,,,,,,,,,P8775,Bar_MIC,13,1,2026-05-05_18h40.21.608,MIC_task,,2026.1.2,59.90351939622037,2026-05-05 18h40.22.906714 +0200,
,,53,0,53,,,,,,,13,ty14,lufi,balloon,9,toys,gadget,6.6,148,18,None,None,"(-0.1, 0.1)",None,,,,,,,,,,,0,0,0,0,0,7,7,7,53,0,53,0,181.1328403999796,,,,,,,,,,,,,,,,,,,,,,,,,,,,,,,,,,,,,,,,,,,,,,,,,,,,,,,,,,,,,,,,,,,,,,,,,,,,,,,,,,,,,,,,,,,,,,181.11956590006594,181.1328403999796,181.1328403999796,181.1328403999796,181.31730029999744,None,,,,,,,,,,,,,,P8775,Bar_MIC,13,1,2026-05-05_18h40.21.608,MIC_task,,2026.1.2,59.90351939622037,2026-05-05 18h40.22.906714 +0200,
,,54,0,54,,,,,,,13,ty14,lufi,balloon,9,toys,gadget,6.6,148,18,None,None,"(-0.1, 0.1)",None,,,,,,,,,,,0,0,0,0,0,7,7,7,54,0,54,0,181.33325789996888,,,,,,,,,,,,,,,,,,,,,,,,,,,,,,,,,,,,,,,,,,,,,,,,,,,,,,,,,,,,,,,,,,,,,,,,,,,,,,,,,,,,,,,,,,,,,,181.32025940006133,181.33325789996888,181.33325789996888,181.33325789996888,181.51725130004343,None,,,,,,,,,,,,,,P8775,Bar_MIC,13,1,2026-05-05_18h40.21.608,MIC_task,,2026.1.2,59.90351939622037,2026-05-05 18h40.22.906714 +0200,
,,55,0,55,,,,,,,13,ty14,lufi,balloon,9,toys,gadget,6.6,148,18,None,None,"(-0.1, 0.1)",None,,,,,,,,,,,0,0,0,0,0,7,7,7,55,0,55,0,181.5336196999997,,,,,,,,,,,,,,,,,,,,,,,,,,,,,,,,,,,,,,,,,,,,,,,,,,,,,,,,,,,,,,,,,,,,,,,,,,,,,,,,,,,,,,,,,,,,,,181.52009969996288,181.5336196999997,181.5336196999997,181.5336196999997,181.7175366000738,None,,,,,,,,,,,,,,P8775,Bar_MIC,13,1,2026-05-05_18h40.21.608,MIC_task,,2026.1.2,59.90351939622037,2026-05-05 18h40.22.906714 +0200,
,,56,0,56,,,,,,,13,ty14,lufi,balloon,9,toys,gadget,6.6,148,18,None,None,"(-0.1, 0.1)",None,,,,,,,,,,,0,0,0,0,0,7,7,7,56,0,56,0,181.7340052999789,,,,,,,,,,,,,,,,,,,,,,,,,,,,,,,,,,,,,,,,,,,,,,,,,,,,,,,,,,,,,,,,,,,,,,,,,,,,,,,,,,,,,,,,,,,,,,181.7205319000641,181.7340052999789,181.7340052999789,181.7340052999789,181.91802430001553,None,,,,,,,,,,,,,,P8775,Bar_MIC,13,1,2026-05-05_18h40.21.608,MIC_task,,2026.1.2,59.90351939622037,2026-05-05 18h40.22.906714 +0200,
,,57,0,57,,,,,,,13,ty14,lufi,balloon,9,toys,gadget,6.6,148,18,None,None,"(-0.1, 0.1)",None,,,,,,,,,,,0,0,0,0,0,7,7,7,57,0,57,0,181.93426810007077,,,,,,,,,,,,,,,,,,,,,,,,,,,,,,,,,,,,,,,,,,,,,,,,,,,,,,,,,,,,,,,,,,,,,,,,,,,,,,,,,,,,,,,,,,,,,,181.9208145000739,181.93426810007077,181.93426810007077,181.93426810007077,182.11868489999324,None,,,,,,,,,,,,,,P8775,Bar_MIC,13,1,2026-05-05_18h40.21.608,MIC_task,,2026.1.2,59.90351939622037,2026-05-05 18h40.22.906714 +0200,
,,58,0,58,,,,,,,13,ty14,lufi,balloon,9,toys,gadget,6.6,148,18,None,None,"(-0.1, 0.1)",None,,,,,,,,,,,0,0,0,0,0,7,7,7,58,0,58,0,182.1346460999921,,,,,,,,,,,,,,,,,,,,,,,,,,,,,,,,,,,,,,,,,,,,,,,,,,,,,,,,,,,,,,,,,,,,,,,,,,,,,,,,,,,,,,,,,,,,,,182.1217412999831,182.1346460999921,182.1346460999921,182.1346460999921,182.302078000037,None,,,,,,,,,,,,,,P8775,Bar_MIC,13,1,2026-05-05_18h40.21.608,MIC_task,,2026.1.2,59.90351939622037,2026-05-05 18h40.22.906714 +0200,
,,59,0,59,,,,,,,13,ty14,lufi,balloon,9,toys,gadget,6.6,148,18,None,None,"(-0.1, 0.1)",None,,,,,,,,,,,0,0,0,0,0,7,7,7,59,0,59,0,182.31820690003224,,,,,,,,,,,,,,,,,,,,,,,,,,,,,,,,,,,,,,,,,,,,,,,,,,,,,,,,,,,,,,,,,,,,,,,,,,,,,,,,,,,,,,,,,,,,,,182.3050649999641,182.31820690003224,182.31820690003224,182.31820690003224,182.50304480001796,None,,,,,,,,,,,,,,P8775,Bar_MIC,13,1,2026-05-05_18h40.21.608,MIC_task,,2026.1.2,59.90351939622037,2026-05-05 18h40.22.906714 +0200,
,,60,0,60,,,,,,,13,ty14,lufi,balloon,9,toys,gadget,6.6,148,18,None,None,"(-0.1, 0.1)",None,,,,,,,,,,,0,0,0,0,0,7,7,7,60,0,60,0,182.51868690003175,,,,,,,,,,,,,,,,,,,,,,,,,,,,,,,,,,,,,,,,,,,,,,,,,,,,,,,,,,,,,,,,,,,,,,,,,,,,,,,,,,,,,,,,,,,,,,182.50590980006382,182.51868690003175,182.51868690003175,182.51868690003175,182.70292720000725,None,,,,,,,,,,,,,,P8775,Bar_MIC,13,1,2026-05-05_18h40.21.608,MIC_task,,2026.1.2,59.90351939622037,2026-05-05 18h40.22.906714 +0200,
,,61,0,61,,,,,,,13,ty14,lufi,balloon,9,toys,gadget,6.6,148,18,None,None,"(-0.1, 0.1)",None,,,,,,,,,,,0,0,0,0,0,7,7,7,61,0,61,0,182.7191831000382,,,,,,,,,,,,,,,,,,,,,,,,,,,,,,,,,,,,,,,,,,,,,,,,,,,,,,,,,,,,,,,,,,,,,,,,,,,,,,,,,,,,,,,,,,,,,,182.70596779999323,182.7191831000382,182.7191831000382,182.7191831000382,182.90357460000087,None,,,,,,,,,,,,,,P8775,Bar_MIC,13,1,2026-05-05_18h40.21.608,MIC_task,,2026.1.2,59.90351939622037,2026-05-05 18h40.22.906714 +0200,
,,62,0,62,,,,,,,13,ty14,lufi,balloon,9,toys,gadget,6.6,148,18,None,None,"(-0.1, 0.1)",None,,,,,,,,,,,0,0,0,0,0,7,7,7,62,0,62,0,182.91951400006656,,,,,,,,,,,,,,,,,,,,,,,,,,,,,,,,,,,,,,,,,,,,,,,,,,,,,,,,,,,,,,,,,,,,,,,,,,,,,,,,,,,,,,,,,,,,,,182.9066249000607,182.91951400006656,182.91951400006656,182.91951400006656,183.10353590000886,None,,,,,,,,,,,,,,P8775,Bar_MIC,13,1,2026-05-05_18h40.21.608,MIC_task,,2026.1.2,59.90351939622037,2026-05-05 18h40.22.906714 +0200,
,,63,0,63,,,,,,,13,ty14,lufi,balloon,9,toys,gadget,6.6,148,18,None,None,"(-0.1, 0.1)",space,0.03360850003082305,None,,,,,,,,,0,0,0,0,0,7,7,7,63,0,63,0,183.11982889997307,,,,,,,,,,,,,,,,,,,,,,,,,,,,,,,,,,,,,,,,,,,,,,,,,,,,,,,,,,,,,,,,,,,,,,,,,,,,,,,,,,,,,,,,,,,,,,183.10640170006081,183.11982889997307,183.11982889997307,183.11982889997307,183.17064959998243,space,0.03360850003082305,None,,,,,,,,,,,,P8775,Bar_MIC,13,1,2026-05-05_18h40.21.608,MIC_task,,2026.1.2,59.90351939622037,2026-05-05 18h40.22.906714 +0200,
,,7,7,0,,,,space,0.4002386999782175,None,13,ty14,lufi,balloon,9,toys,gadget,6.6,148,18,None,None,"(-0.1, 0.1)",,,,,,,,,,,,0,0,0,0,0,7,7,7,,,,,,,,,,,,,,,,,,,,,,,,,,,,,,,,,,,,,,,,,,,,,,,,,,,,,,,,,,,,,,,,,,,,,,,,,,,,,,,,,,,183.2349666999653,183.24175599997398,183.2364516667013,185.17361299996264,,,,,,187.17655650002416,187.19336240005214,187.19336240005214,187.61040670005605,,,,,,,,,,,,185.20518960000481,185.21118270000443,185.2068242332976,187.1091833000537,187.17650870000944,space,0.4002386999782175,None,,,,P8775,Bar_MIC,13,1,2026-05-05_18h40.21.608,MIC_task,,2026.1.2,59.90351939622037,2026-05-05 18h40.22.906714 +0200,
,,0,0,0,,,,,,,13,f26,méz,honey,4,food,sweets,7,51,None,65,None,"(0, -0.1)",None,,,,,,,,,,,0,0,0,0,0,8,8,8,0,0,0,0,187.63521099998616,,,,,,,,,,,,,,,,,,,,,,,,,,,,,,,,,,,,,,,,,,,,,,,,,,,,,,,,,,,,,,,,,,,,,,,,,,,,,,,,,,,,,,,,,,,,,,187.6302079000743,187.63521099998616,187.63521099998616,187.63521099998616,187.82700310007203,None,,,,,,,,,,,,,,P8775,Bar_MIC,13,1,2026-05-05_18h40.21.608,MIC_task,,2026.1.2,59.90351939622037,2026-05-05 18h40.22.906714 +0200,
,,0,0,0,,,,,,,13,f26,méz,honey,4,food,sweets,7,51,None,65,None,"(0, -0.1)",None,,,,,,,,,,,0,0,0,0,0,8,8,8,0,0,0,0,187.843506300007,,,,,,,,,,,,,,,,,,,,,,,,,,,,,,,,,,,,,,,,,,,,,,,,,,,,,,,,,,,,,,,,,,,,,,,,,,,,,,,,,,,,,,,,,,,,,,187.8302277000621,187.843506300007,187.843506300007,187.843506300007,188.01066580007318,None,,,,,,,,,,,,,,P8775,Bar_MIC,13,1,2026-05-05_18h40.21.608,MIC_task,,2026.1.2,59.90351939622037,2026-05-05 18h40.22.906714 +0200,
,,1,0,1,,,,,,,13,f26,méz,honey,4,food,sweets,7,51,None,65,None,"(0, -0.1)",None,,,,,,,,,,,0,0,0,0,0,8,8,8,1,0,1,0,188.02698900003452,,,,,,,,,,,,,,,,,,,,,,,,,,,,,,,,,,,,,,,,,,,,,,,,,,,,,,,,,,,,,,,,,,,,,,,,,,,,,,,,,,,,,,,,,,,,,,188.01348129997496,188.02698900003452,188.02698900003452,188.02698900003452,188.21222350001335,None,,,,,,,,,,,,,,P8775,Bar_MIC,13,1,2026-05-05_18h40.21.608,MIC_task,,2026.1.2,59.90351939622037,2026-05-05 18h40.22.906714 +0200,
,,2,0,2,,,,,,,13,f26,méz,honey,4,food,sweets,7,51,None,65,None,"(0, -0.1)",None,,,,,,,,,,,0,0,0,0,0,8,8,8,2,0,2,0,188.22735950001515,,,,,,,,,,,,,,,,,,,,,,,,,,,,,,,,,,,,,,,,,,,,,,,,,,,,,,,,,,,,,,,,,,,,,,,,,,,,,,,,,,,,,,,,,,,,,,188.21569690003525,188.22735950001515,188.22735950001515,188.22735950001515,188.4118936000159,None,,,,,,,,,,,,,,P8775,Bar_MIC,13,1,2026-05-05_18h40.21.608,MIC_task,,2026.1.2,59.90351939622037,2026-05-05 18h40.22.906714 +0200,
,,3,0,3,,,,,,,13,f26,méz,honey,4,food,sweets,7,51,None,65,None,"(0, -0.1)",None,,,,,,,,,,,0,0,0,0,0,8,8,8,3,0,3,0,188.42778190004174,,,,,,,,,,,,,,,,,,,,,,,,,,,,,,,,,,,,,,,,,,,,,,,,,,,,,,,,,,,,,,,,,,,,,,,,,,,,,,,,,,,,,,,,,,,,,,188.41511830000672,188.42778190004174,188.42778190004174,188.42778190004174,188.61190230003558,None,,,,,,,,,,,,,,P8775,Bar_MIC,13,1,2026-05-05_18h40.21.608,MIC_task,,2026.1.2,59.90351939622037,2026-05-05 18h40.22.906714 +0200,
,,4,0,4,,,,,,,13,f26,méz,honey,4,food,sweets,7,51,None,65,None,"(0, -0.1)",None,,,,,,,,,,,0,0,0,0,0,8,8,8,4,0,4,0,188.62820649996866,,,,,,,,,,,,,,,,,,,,,,,,,,,,,,,,,,,,,,,,,,,,,,,,,,,,,,,,,,,,,,,,,,,,,,,,,,,,,,,,,,,,,,,,,,,,,,188.61494220001623,188.62820649996866,188.62820649996866,188.62820649996866,188.81230240000878,None,,,,,,,,,,,,,,P8775,Bar_MIC,13,1,2026-05-05_18h40.21.608,MIC_task,,2026.1.2,59.90351939622037,2026-05-05 18h40.22.906714 +0200,
,,5,0,5,,,,,,,13,f26,méz,honey,4,food,sweets,7,51,None,65,None,"(0, -0.1)",None,,,,,,,,,,,0,0,0,0,0,8,8,8,5,0,5,0,188.8278294999618,,,,,,,,,,,,,,,,,,,,,,,,,,,,,,,,,,,,,,,,,,,,,,,,,,,,,,,,,,,,,,,,,,,,,,,,,,,,,,,,,,,,,,,,,,,,,,188.8155046000611,188.8278294999618,188.8278294999618,188.8278294999618,189.01295300002676,None,,,,,,,,,,,,,,P8775,Bar_MIC,13,1,2026-05-05_18h40.21.608,MIC_task,,2026.1.2,59.90351939622037,2026-05-05 18h40.22.906714 +0200,
,,6,0,6,,,,,,,13,f26,méz,honey,4,food,sweets,7,51,None,65,None,"(0, -0.1)",None,,,,,,,,,,,0,0,0,0,0,8,8,8,6,0,6,0,189.02818390005268,,,,,,,,,,,,,,,,,,,,,,,,,,,,,,,,,,,,,,,,,,,,,,,,,,,,,,,,,,,,,,,,,,,,,,,,,,,,,,,,,,,,,,,,,,,,,,189.01624779996928,189.02818390005268,189.02818390005268,189.02818390005268,189.21308300003875,None,,,,,,,,,,,,,,P8775,Bar_MIC,13,1,2026-05-05_18h40.21.608,MIC_task,,2026.1.2,59.90351939622037,2026-05-05 18h40.22.906714 +0200,
,,7,0,7,,,,,,,13,f26,méz,honey,4,food,sweets,7,51,None,65,None,"(0, -0.1)",None,,,,,,,,,,,0,0,0,0,0,8,8,8,7,0,7,0,189.22850750002544,,,,,,,,,,,,,,,,,,,,,,,,,,,,,,,,,,,,,,,,,,,,,,,,,,,,,,,,,,,,,,,,,,,,,,,,,,,,,,,,,,,,,,,,,,,,,,189.21605889999773,189.22850750002544,189.22850750002544,189.22850750002544,189.41231679997873,None,,,,,,,,,,,,,,P8775,Bar_MIC,13,1,2026-05-05_18h40.21.608,MIC_task,,2026.1.2,59.90351939622037,2026-05-05 18h40.22.906714 +0200,
,,8,0,8,,,,,,,13,f26,méz,honey,4,food,sweets,7,51,None,65,None,"(0, -0.1)",None,,,,,,,,,,,0,0,0,0,0,8,8,8,8,0,8,0,189.42889510001987,,,,,,,,,,,,,,,,,,,,,,,,,,,,,,,,,,,,,,,,,,,,,,,,,,,,,,,,,,,,,,,,,,,,,,,,,,,,,,,,,,,,,,,,,,,,,,189.41554640000686,189.42889510001987,189.42889510001987,189.42889510001987,189.61317709996365,None,,,,,,,,,,,,,,P8775,Bar_MIC,13,1,2026-05-05_18h40.21.608,MIC_task,,2026.1.2,59.90351939622037,2026-05-05 18h40.22.906714 +0200,
,,9,0,9,,,,,,,13,f26,méz,honey,4,food,sweets,7,51,None,65,None,"(0, -0.1)",None,,,,,,,,,,,0,0,0,0,0,8,8,8,9,0,9,0,189.62927150004543,,,,,,,,,,,,,,,,,,,,,,,,,,,,,,,,,,,,,,,,,,,,,,,,,,,,,,,,,,,,,,,,,,,,,,,,,,,,,,,,,,,,,,,,,,,,,,189.6164698000066,189.62927150004543,189.62927150004543,189.62927150004543,189.81310300005134,None,,,,,,,,,,,,,,P8775,Bar_MIC,13,1,2026-05-05_18h40.21.608,MIC_task,,2026.1.2,59.90351939622037,2026-05-05 18h40.22.906714 +0200,
,,10,0,10,,,,,,,13,f26,méz,honey,4,food,sweets,7,51,None,65,None,"(0, -0.1)",None,,,,,,,,,,,0,0,0,0,0,8,8,8,10,0,10,0,189.82958080002572,,,,,,,,,,,,,,,,,,,,,,,,,,,,,,,,,,,,,,,,,,,,,,,,,,,,,,,,,,,,,,,,,,,,,,,,,,,,,,,,,,,,,,,,,,,,,,189.81615329999477,189.82958080002572,189.82958080002572,189.82958080002572,190.01349120005034,None,,,,,,,,,,,,,,P8775,Bar_MIC,13,1,2026-05-05_18h40.21.608,MIC_task,,2026.1.2,59.90351939622037,2026-05-05 18h40.22.906714 +0200,
,,11,0,11,,,,,,,13,f26,méz,honey,4,food,sweets,7,51,None,65,None,"(0, -0.1)",None,,,,,,,,,,,0,0,0,0,0,8,8,8,11,0,11,0,190.02991609997116,,,,,,,,,,,,,,,,,,,,,,,,,,,,,,,,,,,,,,,,,,,,,,,,,,,,,,,,,,,,,,,,,,,,,,,,,,,,,,,,,,,,,,,,,,,,,,190.01710319996346,190.02991609997116,190.02991609997116,190.02991609997116,190.2142557000043,None,,,,,,,,,,,,,,P8775,Bar_MIC,13,1,2026-05-05_18h40.21.608,MIC_task,,2026.1.2,59.90351939622037,2026-05-05 18h40.22.906714 +0200,
,,12,0,12,,,,,,,13,f26,méz,honey,4,food,sweets,7,51,None,65,None,"(0, -0.1)",None,,,,,,,,,,,0,0,0,0,0,8,8,8,12,0,12,0,190.23028450005222,,,,,,,,,,,,,,,,,,,,,,,,,,,,,,,,,,,,,,,,,,,,,,,,,,,,,,,,,,,,,,,,,,,,,,,,,,,,,,,,,,,,,,,,,,,,,,190.21744460007176,190.23028450005222,190.23028450005222,190.23028450005222,190.41492979996838,None,,,,,,,,,,,,,,P8775,Bar_MIC,13,1,2026-05-05_18h40.21.608,MIC_task,,2026.1.2,59.90351939622037,2026-05-05 18h40.22.906714 +0200,
,,13,0,13,,,,,,,13,f26,méz,honey,4,food,sweets,7,51,None,65,None,"(0, -0.1)",None,,,,,,,,,,,0,0,0,0,0,8,8,8,13,0,13,0,190.4306720000459,,,,,,,,,,,,,,,,,,,,,,,,,,,,,,,,,,,,,,,,,,,,,,,,,,,,,,,,,,,,,,,,,,,,,,,,,,,,,,,,,,,,,,,,,,,,,,190.41852780000772,190.4306720000459,190.4306720000459,190.4306720000459,190.61476200004108,None,,,,,,,,,,,,,,P8775,Bar_MIC,13,1,2026-05-05_18h40.21.608,MIC_task,,2026.1.2,59.90351939622037,2026-05-05 18h40.22.906714 +0200,
,,14,0,14,,,,,,,13,f26,méz,honey,4,food,sweets,7,51,None,65,None,"(0, -0.1)",None,,,,,,,,,,,0,0,0,0,0,8,8,8,14,0,14,0,190.6311578999739,,,,,,,,,,,,,,,,,,,,,,,,,,,,,,,,,,,,,,,,,,,,,,,,,,,,,,,,,,,,,,,,,,,,,,,,,,,,,,,,,,,,,,,,,,,,,,190.6181365000084,190.6311578999739,190.6311578999739,190.6311578999739,190.81514009996317,None,,,,,,,,,,,,,,P8775,Bar_MIC,13,1,2026-05-05_18h40.21.608,MIC_task,,2026.1.2,59.90351939622037,2026-05-05 18h40.22.906714 +0200,
,,15,0,15,,,,,,,13,f26,méz,honey,4,food,sweets,7,51,None,65,None,"(0, -0.1)",None,,,,,,,,,,,0,0,0,0,0,8,8,8,15,0,15,0,190.83143859996926,,,,,,,,,,,,,,,,,,,,,,,,,,,,,,,,,,,,,,,,,,,,,,,,,,,,,,,,,,,,,,,,,,,,,,,,,,,,,,,,,,,,,,,,,,,,,,190.81869760004338,190.83143859996926,190.83143859996926,190.83143859996926,191.01551379996818,None,,,,,,,,,,,,,,P8775,Bar_MIC,13,1,2026-05-05_18h40.21.608,MIC_task,,2026.1.2,59.90351939622037,2026-05-05 18h40.22.906714 +0200,
,,16,0,16,,,,,,,13,f26,méz,honey,4,food,sweets,7,51,None,65,None,"(0, -0.1)",None,,,,,,,,,,,0,0,0,0,0,8,8,8,16,0,16,0,191.03111590002663,,,,,,,,,,,,,,,,,,,,,,,,,,,,,,,,,,,,,,,,,,,,,,,,,,,,,,,,,,,,,,,,,,,,,,,,,,,,,,,,,,,,,,,,,,,,,,191.01903219998349,191.03111590002663,191.03111590002663,191.03111590002663,191.2160573999863,None,,,,,,,,,,,,,,P8775,Bar_MIC,13,1,2026-05-05_18h40.21.608,MIC_task,,2026.1.2,59.90351939622037,2026-05-05 18h40.22.906714 +0200,
,,17,0,17,,,,,,,13,f26,méz,honey,4,food,sweets,7,51,None,65,None,"(0, -0.1)",None,,,,,,,,,,,0,0,0,0,0,8,8,8,17,0,17,0,191.23149390006438,,,,,,,,,,,,,,,,,,,,,,,,,,,,,,,,,,,,,,,,,,,,,,,,,,,,,,,,,,,,,,,,,,,,,,,,,,,,,,,,,,,,,,,,,,,,,,191.21951049997006,191.23149390006438,191.23149390006438,191.23149390006438,191.4157220000634,None,,,,,,,,,,,,,,P8775,Bar_MIC,13,1,2026-05-05_18h40.21.608,MIC_task,,2026.1.2,59.90351939622037,2026-05-05 18h40.22.906714 +0200,
,,18,0,18,,,,,,,13,f26,méz,honey,4,food,sweets,7,51,None,65,None,"(0, -0.1)",None,,,,,,,,,,,0,0,0,0,0,8,8,8,18,0,18,0,191.43188859999646,,,,,,,,,,,,,,,,,,,,,,,,,,,,,,,,,,,,,,,,,,,,,,,,,,,,,,,,,,,,,,,,,,,,,,,,,,,,,,,,,,,,,,,,,,,,,,191.41910339996684,191.43188859999646,191.43188859999646,191.43188859999646,191.61559050006326,None,,,,,,,,,,,,,,P8775,Bar_MIC,13,1,2026-05-05_18h40.21.608,MIC_task,,2026.1.2,59.90351939622037,2026-05-05 18h40.22.906714 +0200,
,,19,0,19,,,,,,,13,f26,méz,honey,4,food,sweets,7,51,None,65,None,"(0, -0.1)",None,,,,,,,,,,,0,0,0,0,0,8,8,8,19,0,19,0,191.63226380001288,,,,,,,,,,,,,,,,,,,,,,,,,,,,,,,,,,,,,,,,,,,,,,,,,,,,,,,,,,,,,,,,,,,,,,,,,,,,,,,,,,,,,,,,,,,,,,191.61863230005838,191.63226380001288,191.63226380001288,191.63226380001288,191.8159876000136,None,,,,,,,,,,,,,,P8775,Bar_MIC,13,1,2026-05-05_18h40.21.608,MIC_task,,2026.1.2,59.90351939622037,2026-05-05 18h40.22.906714 +0200,
,,20,0,20,,,,,,,13,f26,méz,honey,4,food,sweets,7,51,None,65,None,"(0, -0.1)",None,,,,,,,,,,,0,0,0,0,0,8,8,8,20,0,20,0,191.8326001999667,,,,,,,,,,,,,,,,,,,,,,,,,,,,,,,,,,,,,,,,,,,,,,,,,,,,,,,,,,,,,,,,,,,,,,,,,,,,,,,,,,,,,,,,,,,,,,191.8194882000098,191.8326001999667,191.8326001999667,191.8326001999667,192.01670779997949,None,,,,,,,,,,,,,,P8775,Bar_MIC,13,1,2026-05-05_18h40.21.608,MIC_task,,2026.1.2,59.90351939622037,2026-05-05 18h40.22.906714 +0200,
,,21,0,21,,,,,,,13,f26,méz,honey,4,food,sweets,7,51,None,65,None,"(0, -0.1)",None,,,,,,,,,,,0,0,0,0,0,8,8,8,21,0,21,0,192.03298310004175,,,,,,,,,,,,,,,,,,,,,,,,,,,,,,,,,,,,,,,,,,,,,,,,,,,,,,,,,,,,,,,,,,,,,,,,,,,,,,,,,,,,,,,,,,,,,,192.01965919998474,192.03298310004175,192.03298310004175,192.03298310004175,192.21708910004236,None,,,,,,,,,,,,,,P8775,Bar_MIC,13,1,2026-05-05_18h40.21.608,MIC_task,,2026.1.2,59.90351939622037,2026-05-05 18h40.22.906714 +0200,
,,22,0,22,,,,,,,13,f26,méz,honey,4,food,sweets,7,51,None,65,None,"(0, -0.1)",None,,,,,,,,,,,0,0,0,0,0,8,8,8,22,0,22,0,192.23328819999006,,,,,,,,,,,,,,,,,,,,,,,,,,,,,,,,,,,,,,,,,,,,,,,,,,,,,,,,,,,,,,,,,,,,,,,,,,,,,,,,,,,,,,,,,,,,,,192.22048310004175,192.23328819999006,192.23328819999006,192.23328819999006,192.41727920004632,None,,,,,,,,,,,,,,P8775,Bar_MIC,13,1,2026-05-05_18h40.21.608,MIC_task,,2026.1.2,59.90351939622037,2026-05-05 18h40.22.906714 +0200,
,,23,0,23,,,,,,,13,f26,méz,honey,4,food,sweets,7,51,None,65,None,"(0, -0.1)",space,0.15147470007650554,None,,,,,,,,,0,0,0,0,0,8,8,8,23,0,23,0,192.43357290001586,,,,,,,,,,,,,,,,,,,,,,,,,,,,,,,,,,,,,,,,,,,,,,,,,,,,,,,,,,,,,,,,,,,,,,,,,,,,,,,,,,,,,,,,,,,,,,192.42070310004056,192.43357290001586,192.43357290001586,192.43357290001586,192.6022809999995,space,0.15147470007650554,None,,,,,,,,,,,,P8775,Bar_MIC,13,1,2026-05-05_18h40.21.608,MIC_task,,2026.1.2,59.90351939622037,2026-05-05 18h40.22.906714 +0200,
,,8,8,0,,,,space,0.050096800085157156,None,13,f26,méz,honey,4,food,sweets,7,51,None,65,None,"(0, -0.1)",,,,,,,,,,,,0,0,0,0,0,8,8,8,,,,,,,,,,,,,,,,,,,,,,,,,,,,,,,,,,,,,,,,,,,,,,,,,,,,,,,,,,,,,,,,,,,,,,,,,,,,,,,,,,,192.6653418999631,192.67167910002172,192.6680679667198,194.60367510002106,,,,,,196.60670710005797,196.62381340004504,196.62381340004504,196.690918300068,,,,,,,,,,,,194.63072220003232,194.63652180007193,194.63688703336135,196.5398712999886,196.6066550000105,space,0.050096800085157156,None,,,,P8775,Bar_MIC,13,1,2026-05-05_18h40.21.608,MIC_task,,2026.1.2,59.90351939622037,2026-05-05 18h40.22.906714 +0200,
,,0,0,0,,,,,,,13,v10,bicikli,bicycle,10,vehicles,wheels,7,None,None,57,19,"(0, 0.1)",None,,,,,,,,,,,0,0,0,0,0,9,9,9,0,0,0,0,196.7282297000056,,,,,,,,,,,,,,,,,,,,,,,,,,,,,,,,,,,,,,,,,,,,,,,,,,,,,,,,,,,,,,,,,,,,,,,,,,,,,,,,,,,,,,,,,,,,,,196.72239670006093,196.7282297000056,196.7282297000056,196.7282297000056,196.89106569997966,None,,,,,,,,,,,,,,P8775,Bar_MIC,13,1,2026-05-05_18h40.21.608,MIC_task,,2026.1.2,59.90351939622037,2026-05-05 18h40.22.906714 +0200,
,,0,0,0,,,,,,,13,v10,bicikli,bicycle,10,vehicles,wheels,7,None,None,57,19,"(0, 0.1)",None,,,,,,,,,,,0,0,0,0,0,9,9,9,0,0,0,0,196.90735430002678,,,,,,,,,,,,,,,,,,,,,,,,,,,,,,,,,,,,,,,,,,,,,,,,,,,,,,,,,,,,,,,,,,,,,,,,,,,,,,,,,,,,,,,,,,,,,,196.89403880003374,196.90735430002678,196.90735430002678,196.90735430002678,197.09171120007522,None,,,,,,,,,,,,,,P8775,Bar_MIC,13,1,2026-05-05_18h40.21.608,MIC_task,,2026.1.2,59.90351939622037,2026-05-05 18h40.22.906714 +0200,
,,1,0,1,,,,,,,13,v10,bicikli,bicycle,10,vehicles,wheels,7,None,None,57,19,"(0, 0.1)",None,,,,,,,,,,,0,0,0,0,0,9,9,9,1,0,1,0,197.10707939998247,,,,,,,,,,,,,,,,,,,,,,,,,,,,,,,,,,,,,,,,,,,,,,,,,,,,,,,,,,,,,,,,,,,,,,,,,,,,,,,,,,,,,,,,,,,,,,197.09495709999464,197.10707939998247,197.10707939998247,197.10707939998247,197.29188939998858,None,,,,,,,,,,,,,,P8775,Bar_MIC,13,1,2026-05-05_18h40.21.608,MIC_task,,2026.1.2,59.90351939622037,2026-05-05 18h40.22.906714 +0200,
,,2,0,2,,,,,,,13,v10,bicikli,bicycle,10,vehicles,wheels,7,None,None,57,19,"(0, 0.1)",None,,,,,,,,,,,0,0,0,0,0,9,9,9,2,0,2,0,197.30734579998534,,,,,,,,,,,,,,,,,,,,,,,,,,,,,,,,,,,,,,,,,,,,,,,,,,,,,,,,,,,,,,,,,,,,,,,,,,,,,,,,,,,,,,,,,,,,,,197.2948877000017,197.30734579998534,197.30734579998534,197.30734579998534,197.4922845000401,None,,,,,,,,,,,,,,P8775,Bar_MIC,13,1,2026-05-05_18h40.21.608,MIC_task,,2026.1.2,59.90351939622037,2026-05-05 18h40.22.906714 +0200,
,,3,0,3,,,,,,,13,v10,bicikli,bicycle,10,vehicles,wheels,7,None,None,57,19,"(0, 0.1)",None,,,,,,,,,,,0,0,0,0,0,9,9,9,3,0,3,0,197.5078009000281,,,,,,,,,,,,,,,,,,,,,,,,,,,,,,,,,,,,,,,,,,,,,,,,,,,,,,,,,,,,,,,,,,,,,,,,,,,,,,,,,,,,,,,,,,,,,,197.4955375000136,197.5078009000281,197.5078009000281,197.5078009000281,197.69175050000194,None,,,,,,,,,,,,,,P8775,Bar_MIC,13,1,2026-05-05_18h40.21.608,MIC_task,,2026.1.2,59.90351939622037,2026-05-05 18h40.22.906714 +0200,
,,4,0,4,,,,,,,13,v10,bicikli,bicycle,10,vehicles,wheels,7,None,None,57,19,"(0, 0.1)",None,,,,,,,,,,,0,0,0,0,0,9,9,9,4,0,4,0,197.70817810005974,,,,,,,,,,,,,,,,,,,,,,,,,,,,,,,,,,,,,,,,,,,,,,,,,,,,,,,,,,,,,,,,,,,,,,,,,,,,,,,,,,,,,,,,,,,,,,197.69489330006763,197.70817810005974,197.70817810005974,197.70817810005974,197.8920092000626,None,,,,,,,,,,,,,,P8775,Bar_MIC,13,1,2026-05-05_18h40.21.608,MIC_task,,2026.1.2,59.90351939622037,2026-05-05 18h40.22.906714 +0200,
,,5,0,5,,,,,,,13,v10,bicikli,bicycle,10,vehicles,wheels,7,None,None,57,19,"(0, 0.1)",None,,,,,,,,,,,0,0,0,0,0,9,9,9,5,0,5,0,197.9086328999838,,,,,,,,,,,,,,,,,,,,,,,,,,,,,,,,,,,,,,,,,,,,,,,,,,,,,,,,,,,,,,,,,,,,,,,,,,,,,,,,,,,,,,,,,,,,,,197.8946508000372,197.9086328999838,197.9086328999838,197.9086328999838,198.0925385999726,None,,,,,,,,,,,,,,P8775,Bar_MIC,13,1,2026-05-05_18h40.21.608,MIC_task,,2026.1.2,59.90351939622037,2026-05-05 18h40.22.906714 +0200,
,,6,0,6,,,,,,,13,v10,bicikli,bicycle,10,vehicles,wheels,7,None,None,57,19,"(0, 0.1)",None,,,,,,,,,,,0,0,0,0,0,9,9,9,6,0,6,0,198.1088325000601,,,,,,,,,,,,,,,,,,,,,,,,,,,,,,,,,,,,,,,,,,,,,,,,,,,,,,,,,,,,,,,,,,,,,,,,,,,,,,,,,,,,,,,,,,,,,,198.09542480006348,198.1088325000601,198.1088325000601,198.1088325000601,198.29279300000053,None,,,,,,,,,,,,,,P8775,Bar_MIC,13,1,2026-05-05_18h40.21.608,MIC_task,,2026.1.2,59.90351939622037,2026-05-05 18h40.22.906714 +0200,
,,7,0,7,,,,,,,13,v10,bicikli,bicycle,10,vehicles,wheels,7,None,None,57,19,"(0, 0.1)",None,,,,,,,,,,,0,0,0,0,0,9,9,9,7,0,7,0,198.3092765000183,,,,,,,,,,,,,,,,,,,,,,,,,,,,,,,,,,,,,,,,,,,,,,,,,,,,,,,,,,,,,,,,,,,,,,,,,,,,,,,,,,,,,,,,,,,,,,198.29593050002586,198.3092765000183,198.3092765000183,198.3092765000183,198.49354830000084,None,,,,,,,,,,,,,,P8775,Bar_MIC,13,1,2026-05-05_18h40.21.608,MIC_task,,2026.1.2,59.90351939622037,2026-05-05 18h40.22.906714 +0200,
,,8,0,8,,,,,,,13,v10,bicikli,bicycle,10,vehicles,wheels,7,None,None,57,19,"(0, 0.1)",None,,,,,,,,,,,0,0,0,0,0,9,9,9,8,0,8,0,198.50958589999937,,,,,,,,,,,,,,,,,,,,,,,,,,,,,,,,,,,,,,,,,,,,,,,,,,,,,,,,,,,,,,,,,,,,,,,,,,,,,,,,,,,,,,,,,,,,,,198.49669719999656,198.50958589999937,198.50958589999937,198.50958589999937,198.6937097000191,None,,,,,,,,,,,,,,P8775,Bar_MIC,13,1,2026-05-05_18h40.21.608,MIC_task,,2026.1.2,59.90351939622037,2026-05-05 18h40.22.906714 +0200,
,,9,0,9,,,,,,,13,v10,bicikli,bicycle,10,vehicles,wheels,7,None,None,57,19,"(0, 0.1)",None,,,,,,,,,,,0,0,0,0,0,9,9,9,9,0,9,0,198.7099660000531,,,,,,,,,,,,,,,,,,,,,,,,,,,,,,,,,,,,,,,,,,,,,,,,,,,,,,,,,,,,,,,,,,,,,,,,,,,,,,,,,,,,,,,,,,,,,,198.696568400017,198.7099660000531,198.7099660000531,198.7099660000531,198.89403700002003,None,,,,,,,,,,,,,,P8775,Bar_MIC,13,1,2026-05-05_18h40.21.608,MIC_task,,2026.1.2,59.90351939622037,2026-05-05 18h40.22.906714 +0200,
,,10,0,10,,,,,,,13,v10,bicikli,bicycle,10,vehicles,wheels,7,None,None,57,19,"(0, 0.1)",None,,,,,,,,,,,0,0,0,0,0,9,9,9,10,0,10,0,198.91036640002858,,,,,,,,,,,,,,,,,,,,,,,,,,,,,,,,,,,,,,,,,,,,,,,,,,,,,,,,,,,,,,,,,,,,,,,,,,,,,,,,,,,,,,,,,,,,,,198.8972889999859,198.91036640002858,198.91036640002858,198.91036640002858,199.09441120002884,None,,,,,,,,,,,,,,P8775,Bar_MIC,13,1,2026-05-05_18h40.21.608,MIC_task,,2026.1.2,59.90351939622037,2026-05-05 18h40.22.906714 +0200,
,,11,0,11,,,,,,,13,v10,bicikli,bicycle,10,vehicles,wheels,7,None,None,57,19,"(0, 0.1)",None,,,,,,,,,,,0,0,0,0,0,9,9,9,11,0,11,0,199.11064960004296,,,,,,,,,,,,,,,,,,,,,,,,,,,,,,,,,,,,,,,,,,,,,,,,,,,,,,,,,,,,,,,,,,,,,,,,,,,,,,,,,,,,,,,,,,,,,,199.09760950005148,199.11064960004296,199.11064960004296,199.11064960004296,199.29485760000534,None,,,,,,,,,,,,,,P8775,Bar_MIC,13,1,2026-05-05_18h40.21.608,MIC_task,,2026.1.2,59.90351939622037,2026-05-05 18h40.22.906714 +0200,
,,12,0,12,,,,,,,13,v10,bicikli,bicycle,10,vehicles,wheels,7,None,None,57,19,"(0, 0.1)",None,,,,,,,,,,,0,0,0,0,0,9,9,9,12,0,12,0,199.3103606000077,,,,,,,,,,,,,,,,,,,,,,,,,,,,,,,,,,,,,,,,,,,,,,,,,,,,,,,,,,,,,,,,,,,,,,,,,,,,,,,,,,,,,,,,,,,,,,199.29775050003082,199.3103606000077,199.3103606000077,199.3103606000077,199.49560640007257,None,,,,,,,,,,,,,,P8775,Bar_MIC,13,1,2026-05-05_18h40.21.608,MIC_task,,2026.1.2,59.90351939622037,2026-05-05 18h40.22.906714 +0200,
,,13,0,13,,,,,,,13,v10,bicikli,bicycle,10,vehicles,wheels,7,None,None,57,19,"(0, 0.1)",None,,,,,,,,,,,0,0,0,0,0,9,9,9,13,0,13,0,199.51079970004503,,,,,,,,,,,,,,,,,,,,,,,,,,,,,,,,,,,,,,,,,,,,,,,,,,,,,,,,,,,,,,,,,,,,,,,,,,,,,,,,,,,,,,,,,,,,,,199.49886619998142,199.51079970004503,199.51079970004503,199.51079970004503,199.69570250005927,None,,,,,,,,,,,,,,P8775,Bar_MIC,13,1,2026-05-05_18h40.21.608,MIC_task,,2026.1.2,59.90351939622037,2026-05-05 18h40.22.906714 +0200,
,,14,0,14,,,,,,,13,v10,bicikli,bicycle,10,vehicles,wheels,7,None,None,57,19,"(0, 0.1)",None,,,,,,,,,,,0,0,0,0,0,9,9,9,14,0,14,0,199.71111000003293,,,,,,,,,,,,,,,,,,,,,,,,,,,,,,,,,,,,,,,,,,,,,,,,,,,,,,,,,,,,,,,,,,,,,,,,,,,,,,,,,,,,,,,,,,,,,,199.69861449999735,199.71111000003293,199.71111000003293,199.71111000003293,199.89489230001345,None,,,,,,,,,,,,,,P8775,Bar_MIC,13,1,2026-05-05_18h40.21.608,MIC_task,,2026.1.2,59.90351939622037,2026-05-05 18h40.22.906714 +0200,
,,15,0,15,,,,,,,13,v10,bicikli,bicycle,10,vehicles,wheels,7,None,None,57,19,"(0, 0.1)",None,,,,,,,,,,,0,0,0,0,0,9,9,9,15,0,15,0,199.9115099000046,,,,,,,,,,,,,,,,,,,,,,,,,,,,,,,,,,,,,,,,,,,,,,,,,,,,,,,,,,,,,,,,,,,,,,,,,,,,,,,,,,,,,,,,,,,,,,199.8978410999989,199.9115099000046,199.9115099000046,199.9115099000046,200.09532630001195,None,,,,,,,,,,,,,,P8775,Bar_MIC,13,1,2026-05-05_18h40.21.608,MIC_task,,2026.1.2,59.90351939622037,2026-05-05 18h40.22.906714 +0200,
,,16,0,16,,,,,,,13,v10,bicikli,bicycle,10,vehicles,wheels,7,None,None,57,19,"(0, 0.1)",None,,,,,,,,,,,0,0,0,0,0,9,9,9,16,0,16,0,200.1119078999618,,,,,,,,,,,,,,,,,,,,,,,,,,,,,,,,,,,,,,,,,,,,,,,,,,,,,,,,,,,,,,,,,,,,,,,,,,,,,,,,,,,,,,,,,,,,,,200.09853680001106,200.1119078999618,200.1119078999618,200.1119078999618,200.29577209998388,None,,,,,,,,,,,,,,P8775,Bar_MIC,13,1,2026-05-05_18h40.21.608,MIC_task,,2026.1.2,59.90351939622037,2026-05-05 18h40.22.906714 +0200,
,,17,0,17,,,,,,,13,v10,bicikli,bicycle,10,vehicles,wheels,7,None,None,57,19,"(0, 0.1)",None,,,,,,,,,,,0,0,0,0,0,9,9,9,17,0,17,0,200.31226160004735,,,,,,,,,,,,,,,,,,,,,,,,,,,,,,,,,,,,,,,,,,,,,,,,,,,,,,,,,,,,,,,,,,,,,,,,,,,,,,,,,,,,,,,,,,,,,,200.2991135000484,200.31226160004735,200.31226160004735,200.31226160004735,200.49631309998222,None,,,,,,,,,,,,,,P8775,Bar_MIC,13,1,2026-05-05_18h40.21.608,MIC_task,,2026.1.2,59.90351939622037,2026-05-05 18h40.22.906714 +0200,
,,18,0,18,,,,,,,13,v10,bicikli,bicycle,10,vehicles,wheels,7,None,None,57,19,"(0, 0.1)",None,,,,,,,,,,,0,0,0,0,0,9,9,9,18,0,18,0,200.51258199999575,,,,,,,,,,,,,,,,,,,,,,,,,,,,,,,,,,,,,,,,,,,,,,,,,,,,,,,,,,,,,,,,,,,,,,,,,,,,,,,,,,,,,,,,,,,,,,200.4996828000294,200.51258199999575,200.51258199999575,200.51258199999575,200.696928499965,None,,,,,,,,,,,,,,P8775,Bar_MIC,13,1,2026-05-05_18h40.21.608,MIC_task,,2026.1.2,59.90351939622037,2026-05-05 18h40.22.906714 +0200,
,,19,0,19,,,,,,,13,v10,bicikli,bicycle,10,vehicles,wheels,7,None,None,57,19,"(0, 0.1)",None,,,,,,,,,,,0,0,0,0,0,9,9,9,19,0,19,0,200.71300079999492,,,,,,,,,,,,,,,,,,,,,,,,,,,,,,,,,,,,,,,,,,,,,,,,,,,,,,,,,,,,,,,,,,,,,,,,,,,,,,,,,,,,,,,,,,,,,,200.70009150006808,200.71300079999492,200.71300079999492,200.71300079999492,200.89709690003656,None,,,,,,,,,,,,,,P8775,Bar_MIC,13,1,2026-05-05_18h40.21.608,MIC_task,,2026.1.2,59.90351939622037,2026-05-05 18h40.22.906714 +0200,
,,20,0,20,,,,,,,13,v10,bicikli,bicycle,10,vehicles,wheels,7,None,None,57,19,"(0, 0.1)",None,,,,,,,,,,,0,0,0,0,0,9,9,9,20,0,20,0,200.91325049998704,,,,,,,,,,,,,,,,,,,,,,,,,,,,,,,,,,,,,,,,,,,,,,,,,,,,,,,,,,,,,,,,,,,,,,,,,,,,,,,,,,,,,,,,,,,,,,200.9000262999907,200.91325049998704,200.91325049998704,200.91325049998704,201.0975626000436,None,,,,,,,,,,,,,,P8775,Bar_MIC,13,1,2026-05-05_18h40.21.608,MIC_task,,2026.1.2,59.90351939622037,2026-05-05 18h40.22.906714 +0200,
,,21,0,21,,,,,,,13,v10,bicikli,bicycle,10,vehicles,wheels,7,None,None,57,19,"(0, 0.1)",None,,,,,,,,,,,0,0,0,0,0,9,9,9,21,0,21,0,201.11293880001176,,,,,,,,,,,,,,,,,,,,,,,,,,,,,,,,,,,,,,,,,,,,,,,,,,,,,,,,,,,,,,,,,,,,,,,,,,,,,,,,,,,,,,,,,,,,,,201.10042939998675,201.11293880001176,201.11293880001176,201.11293880001176,201.2981379000703,None,,,,,,,,,,,,,,P8775,Bar_MIC,13,1,2026-05-05_18h40.21.608,MIC_task,,2026.1.2,59.90351939622037,2026-05-05 18h40.22.906714 +0200,
,,22,0,22,,,,,,,13,v10,bicikli,bicycle,10,vehicles,wheels,7,None,None,57,19,"(0, 0.1)",None,,,,,,,,,,,0,0,0,0,0,9,9,9,22,0,22,0,201.3140246999683,,,,,,,,,,,,,,,,,,,,,,,,,,,,,,,,,,,,,,,,,,,,,,,,,,,,,,,,,,,,,,,,,,,,,,,,,,,,,,,,,,,,,,,,,,,,,,201.30159509996884,201.3140246999683,201.3140246999683,201.3140246999683,201.4981654000003,None,,,,,,,,,,,,,,P8775,Bar_MIC,13,1,2026-05-05_18h40.21.608,MIC_task,,2026.1.2,59.90351939622037,2026-05-05 18h40.22.906714 +0200,
,,23,0,23,,,,,,,13,v10,bicikli,bicycle,10,vehicles,wheels,7,None,None,57,19,"(0, 0.1)",None,,,,,,,,,,,0,0,0,0,0,9,9,9,23,0,23,0,201.51365780003835,,,,,,,,,,,,,,,,,,,,,,,,,,,,,,,,,,,,,,,,,,,,,,,,,,,,,,,,,,,,,,,,,,,,,,,,,,,,,,,,,,,,,,,,,,,,,,201.5013371000532,201.51365780003835,201.51365780003835,201.51365780003835,201.69871240004431,None,,,,,,,,,,,,,,P8775,Bar_MIC,13,1,2026-05-05_18h40.21.608,MIC_task,,2026.1.2,59.90351939622037,2026-05-05 18h40.22.906714 +0200,
,,24,0,24,,,,,,,13,v10,bicikli,bicycle,10,vehicles,wheels,7,None,None,57,19,"(0, 0.1)",space,0.1297855000011623,None,,,,,,,,,0,0,0,0,0,9,9,9,24,0,24,0,201.71413730003405,,,,,,,,,,,,,,,,,,,,,,,,,,,,,,,,,,,,,,,,,,,,,,,,,,,,,,,,,,,,,,,,,,,,,,,,,,,,,,,,,,,,,,,,,,,,,,201.701498700073,201.71413730003405,201.71413730003405,201.71413730003405,201.84904530004133,space,0.1297855000011623,None,,,,,,,,,,,,P8775,Bar_MIC,13,1,2026-05-05_18h40.21.608,MIC_task,,2026.1.2,59.90351939622037,2026-05-05 18h40.22.906714 +0200,
,,9,9,0,,,,space,0.23389949998818338,None,13,v10,bicikli,bicycle,10,vehicles,wheels,7,None,None,57,19,"(0, 0.1)",,,,,,,,,,,,0,0,0,0,0,9,9,9,,,,,,,,,,,,,,,,,,,,,,,,,,,,,,,,,,,,,,,,,,,,,,,,,,,,,,,,,,,,,,,,,,,,,,,,,,,,,,,,,,,201.9102595000295,201.91603810002562,201.91483066663304,203.85168970003724,,,,,,205.85474089998752,205.871861099964,205.871861099964,206.12157800002024,,,,,,,,,,,,203.88171920005698,203.8878484000452,203.8849053334057,205.77027149999049,205.8546943999827,space,0.23389949998818338,None,,,,P8775,Bar_MIC,13,1,2026-05-05_18h40.21.608,MIC_task,,2026.1.2,59.90351939622037,2026-05-05 18h40.22.906714 +0200,
,,0,0,0,,,,,,,13,l05,medence,pool,5,location,facilities,6.6,145,None,61,None,"(-0.1, 0.1)",None,,,,,,,,,,,0,0,0,0,0,10,10,10,0,0,0,0,206.14632479997817,,,,,,,,,,,,,,,,,,,,,,,,,,,,,,,,,,,,,,,,,,,,,,,,,,,,,,,,,,,,,,,,,,,,,,,,,,,,,,,,,,,,,,,,,,,,,,206.14124999998603,206.14632479997817,206.14632479997817,206.14632479997817,206.3379802000709,None,,,,,,,,,,,,,,P8775,Bar_MIC,13,1,2026-05-05_18h40.21.608,MIC_task,,2026.1.2,59.90351939622037,2026-05-05 18h40.22.906714 +0200,
,,0,0,0,,,,,,,13,l05,medence,pool,5,location,facilities,6.6,145,None,61,None,"(-0.1, 0.1)",None,,,,,,,,,,,0,0,0,0,0,10,10,10,0,0,0,0,206.35465260001365,,,,,,,,,,,,,,,,,,,,,,,,,,,,,,,,,,,,,,,,,,,,,,,,,,,,,,,,,,,,,,,,,,,,,,,,,,,,,,,,,,,,,,,,,,,,,,206.34144620003644,206.35465260001365,206.35465260001365,206.35465260001365,206.52285030006897,None,,,,,,,,,,,,,,P8775,Bar_MIC,13,1,2026-05-05_18h40.21.608,MIC_task,,2026.1.2,59.90351939622037,2026-05-05 18h40.22.906714 +0200,
,,1,0,1,,,,,,,13,l05,medence,pool,5,location,facilities,6.6,145,None,61,None,"(-0.1, 0.1)",None,,,,,,,,,,,0,0,0,0,0,10,10,10,1,0,1,0,206.5382848000154,,,,,,,,,,,,,,,,,,,,,,,,,,,,,,,,,,,,,,,,,,,,,,,,,,,,,,,,,,,,,,,,,,,,,,,,,,,,,,,,,,,,,,,,,,,,,,206.52639570005704,206.5382848000154,206.5382848000154,206.5382848000154,206.72210070001893,None,,,,,,,,,,,,,,P8775,Bar_MIC,13,1,2026-05-05_18h40.21.608,MIC_task,,2026.1.2,59.90351939622037,2026-05-05 18h40.22.906714 +0200,
,,2,0,2,,,,,,,13,l05,medence,pool,5,location,facilities,6.6,145,None,61,None,"(-0.1, 0.1)",None,,,,,,,,,,,0,0,0,0,0,10,10,10,2,0,2,0,206.73865860002115,,,,,,,,,,,,,,,,,,,,,,,,,,,,,,,,,,,,,,,,,,,,,,,,,,,,,,,,,,,,,,,,,,,,,,,,,,,,,,,,,,,,,,,,,,,,,,206.7252205000259,206.73865860002115,206.73865860002115,206.73865860002115,206.92281120002735,None,,,,,,,,,,,,,,P8775,Bar_MIC,13,1,2026-05-05_18h40.21.608,MIC_task,,2026.1.2,59.90351939622037,2026-05-05 18h40.22.906714 +0200,
,,3,0,3,,,,,,,13,l05,medence,pool,5,location,facilities,6.6,145,None,61,None,"(-0.1, 0.1)",None,,,,,,,,,,,0,0,0,0,0,10,10,10,3,0,3,0,206.93904079997446,,,,,,,,,,,,,,,,,,,,,,,,,,,,,,,,,,,,,,,,,,,,,,,,,,,,,,,,,,,,,,,,,,,,,,,,,,,,,,,,,,,,,,,,,,,,,,206.92609109997284,206.93904079997446,206.93904079997446,206.93904079997446,207.1229460000759,None,,,,,,,,,,,,,,P8775,Bar_MIC,13,1,2026-05-05_18h40.21.608,MIC_task,,2026.1.2,59.90351939622037,2026-05-05 18h40.22.906714 +0200,
,,4,0,4,,,,,,,13,l05,medence,pool,5,location,facilities,6.6,145,None,61,None,"(-0.1, 0.1)",None,,,,,,,,,,,0,0,0,0,0,10,10,10,4,0,4,0,207.13936310005374,,,,,,,,,,,,,,,,,,,,,,,,,,,,,,,,,,,,,,,,,,,,,,,,,,,,,,,,,,,,,,,,,,,,,,,,,,,,,,,,,,,,,,,,,,,,,,207.12631680001505,207.13936310005374,207.13936310005374,207.13936310005374,207.32327459997032,None,,,,,,,,,,,,,,P8775,Bar_MIC,13,1,2026-05-05_18h40.21.608,MIC_task,,2026.1.2,59.90351939622037,2026-05-05 18h40.22.906714 +0200,
,,5,0,5,,,,,,,13,l05,medence,pool,5,location,facilities,6.6,145,None,61,None,"(-0.1, 0.1)",None,,,,,,,,,,,0,0,0,0,0,10,10,10,5,0,5,0,207.33965820004232,,,,,,,,,,,,,,,,,,,,,,,,,,,,,,,,,,,,,,,,,,,,,,,,,,,,,,,,,,,,,,,,,,,,,,,,,,,,,,,,,,,,,,,,,,,,,,207.32644129998516,207.33965820004232,207.33965820004232,207.33965820004232,207.52369369997177,None,,,,,,,,,,,,,,P8775,Bar_MIC,13,1,2026-05-05_18h40.21.608,MIC_task,,2026.1.2,59.90351939622037,2026-05-05 18h40.22.906714 +0200,
,,6,0,6,,,,,,,13,l05,medence,pool,5,location,facilities,6.6,145,None,61,None,"(-0.1, 0.1)",None,,,,,,,,,,,0,0,0,0,0,10,10,10,6,0,6,0,207.5399960000068,,,,,,,,,,,,,,,,,,,,,,,,,,,,,,,,,,,,,,,,,,,,,,,,,,,,,,,,,,,,,,,,,,,,,,,,,,,,,,,,,,,,,,,,,,,,,,207.5267501999624,207.5399960000068,207.5399960000068,207.5399960000068,207.72427340003196,None,,,,,,,,,,,,,,P8775,Bar_MIC,13,1,2026-05-05_18h40.21.608,MIC_task,,2026.1.2,59.90351939622037,2026-05-05 18h40.22.906714 +0200,
,,7,0,7,,,,,,,13,l05,medence,pool,5,location,facilities,6.6,145,None,61,None,"(-0.1, 0.1)",None,,,,,,,,,,,0,0,0,0,0,10,10,10,7,0,7,0,207.74044830002822,,,,,,,,,,,,,,,,,,,,,,,,,,,,,,,,,,,,,,,,,,,,,,,,,,,,,,,,,,,,,,,,,,,,,,,,,,,,,,,,,,,,,,,,,,,,,,207.72778299998026,207.74044830002822,207.74044830002822,207.74044830002822,207.9248178000562,None,,,,,,,,,,,,,,P8775,Bar_MIC,13,1,2026-05-05_18h40.21.608,MIC_task,,2026.1.2,59.90351939622037,2026-05-05 18h40.22.906714 +0200,
,,8,0,8,,,,,,,13,l05,medence,pool,5,location,facilities,6.6,145,None,61,None,"(-0.1, 0.1)",None,,,,,,,,,,,0,0,0,0,0,10,10,10,8,0,8,0,207.94086169998627,,,,,,,,,,,,,,,,,,,,,,,,,,,,,,,,,,,,,,,,,,,,,,,,,,,,,,,,,,,,,,,,,,,,,,,,,,,,,,,,,,,,,,,,,,,,,,207.9281450000126,207.94086169998627,207.94086169998627,207.94086169998627,208.12486350000836,None,,,,,,,,,,,,,,P8775,Bar_MIC,13,1,2026-05-05_18h40.21.608,MIC_task,,2026.1.2,59.90351939622037,2026-05-05 18h40.22.906714 +0200,
,,9,0,9,,,,,,,13,l05,medence,pool,5,location,facilities,6.6,145,None,61,None,"(-0.1, 0.1)",None,,,,,,,,,,,0,0,0,0,0,10,10,10,9,0,9,0,208.14053800003603,,,,,,,,,,,,,,,,,,,,,,,,,,,,,,,,,,,,,,,,,,,,,,,,,,,,,,,,,,,,,,,,,,,,,,,,,,,,,,,,,,,,,,,,,,,,,,208.12842480000108,208.14053800003603,208.14053800003603,208.14053800003603,208.32535000005737,None,,,,,,,,,,,,,,P8775,Bar_MIC,13,1,2026-05-05_18h40.21.608,MIC_task,,2026.1.2,59.90351939622037,2026-05-05 18h40.22.906714 +0200,
,,10,0,10,,,,,,,13,l05,medence,pool,5,location,facilities,6.6,145,None,61,None,"(-0.1, 0.1)",None,,,,,,,,,,,0,0,0,0,0,10,10,10,10,0,10,0,208.3408396000741,,,,,,,,,,,,,,,,,,,,,,,,,,,,,,,,,,,,,,,,,,,,,,,,,,,,,,,,,,,,,,,,,,,,,,,,,,,,,,,,,,,,,,,,,,,,,,208.3288998999633,208.3408396000741,208.3408396000741,208.3408396000741,208.52571840002201,None,,,,,,,,,,,,,,P8775,Bar_MIC,13,1,2026-05-05_18h40.21.608,MIC_task,,2026.1.2,59.90351939622037,2026-05-05 18h40.22.906714 +0200,
,,11,0,11,,,,,,,13,l05,medence,pool,5,location,facilities,6.6,145,None,61,None,"(-0.1, 0.1)",None,,,,,,,,,,,0,0,0,0,0,10,10,10,11,0,11,0,208.54122710006777,,,,,,,,,,,,,,,,,,,,,,,,,,,,,,,,,,,,,,,,,,,,,,,,,,,,,,,,,,,,,,,,,,,,,,,,,,,,,,,,,,,,,,,,,,,,,,208.5288494999986,208.54122710006777,208.54122710006777,208.54122710006777,208.72620689996984,None,,,,,,,,,,,,,,P8775,Bar_MIC,13,1,2026-05-05_18h40.21.608,MIC_task,,2026.1.2,59.90351939622037,2026-05-05 18h40.22.906714 +0200,
,,12,0,12,,,,,,,13,l05,medence,pool,5,location,facilities,6.6,145,None,61,None,"(-0.1, 0.1)",None,,,,,,,,,,,0,0,0,0,0,10,10,10,12,0,12,0,208.74158809997607,,,,,,,,,,,,,,,,,,,,,,,,,,,,,,,,,,,,,,,,,,,,,,,,,,,,,,,,,,,,,,,,,,,,,,,,,,,,,,,,,,,,,,,,,,,,,,208.72960319998674,208.74158809997607,208.74158809997607,208.74158809997607,208.9253660000395,None,,,,,,,,,,,,,,P8775,Bar_MIC,13,1,2026-05-05_18h40.21.608,MIC_task,,2026.1.2,59.90351939622037,2026-05-05 18h40.22.906714 +0200,
,,13,0,13,,,,,,,13,l05,medence,pool,5,location,facilities,6.6,145,None,61,None,"(-0.1, 0.1)",None,,,,,,,,,,,0,0,0,0,0,10,10,10,13,0,13,0,208.94201910006814,,,,,,,,,,,,,,,,,,,,,,,,,,,,,,,,,,,,,,,,,,,,,,,,,,,,,,,,,,,,,,,,,,,,,,,,,,,,,,,,,,,,,,,,,,,,,,208.9287100000074,208.94201910006814,208.94201910006814,208.94201910006814,209.12579570000526,None,,,,,,,,,,,,,,P8775,Bar_MIC,13,1,2026-05-05_18h40.21.608,MIC_task,,2026.1.2,59.90351939622037,2026-05-05 18h40.22.906714 +0200,
,,14,0,14,,,,,,,13,l05,medence,pool,5,location,facilities,6.6,145,None,61,None,"(-0.1, 0.1)",None,,,,,,,,,,,0,0,0,0,0,10,10,10,14,0,14,0,209.14233060006518,,,,,,,,,,,,,,,,,,,,,,,,,,,,,,,,,,,,,,,,,,,,,,,,,,,,,,,,,,,,,,,,,,,,,,,,,,,,,,,,,,,,,,,,,,,,,,209.1291611000197,209.14233060006518,209.14233060006518,209.14233060006518,209.32642170006875,None,,,,,,,,,,,,,,P8775,Bar_MIC,13,1,2026-05-05_18h40.21.608,MIC_task,,2026.1.2,59.90351939622037,2026-05-05 18h40.22.906714 +0200,
,,15,0,15,,,,,,,13,l05,medence,pool,5,location,facilities,6.6,145,None,61,None,"(-0.1, 0.1)",None,,,,,,,,,,,0,0,0,0,0,10,10,10,15,0,15,0,209.34274840005673,,,,,,,,,,,,,,,,,,,,,,,,,,,,,,,,,,,,,,,,,,,,,,,,,,,,,,,,,,,,,,,,,,,,,,,,,,,,,,,,,,,,,,,,,,,,,,209.32985940005165,209.34274840005673,209.34274840005673,209.34274840005673,209.5268656000262,None,,,,,,,,,,,,,,P8775,Bar_MIC,13,1,2026-05-05_18h40.21.608,MIC_task,,2026.1.2,59.90351939622037,2026-05-05 18h40.22.906714 +0200,
,,16,0,16,,,,,,,13,l05,medence,pool,5,location,facilities,6.6,145,None,61,None,"(-0.1, 0.1)",None,,,,,,,,,,,0,0,0,0,0,10,10,10,16,0,16,0,209.54308069997933,,,,,,,,,,,,,,,,,,,,,,,,,,,,,,,,,,,,,,,,,,,,,,,,,,,,,,,,,,,,,,,,,,,,,,,,,,,,,,,,,,,,,,,,,,,,,,209.53024650004227,209.54308069997933,209.54308069997933,209.54308069997933,209.72740139998496,None,,,,,,,,,,,,,,P8775,Bar_MIC,13,1,2026-05-05_18h40.21.608,MIC_task,,2026.1.2,59.90351939622037,2026-05-05 18h40.22.906714 +0200,
,,17,0,17,,,,,,,13,l05,medence,pool,5,location,facilities,6.6,145,None,61,None,"(-0.1, 0.1)",None,,,,,,,,,,,0,0,0,0,0,10,10,10,17,0,17,0,209.74336009996478,,,,,,,,,,,,,,,,,,,,,,,,,,,,,,,,,,,,,,,,,,,,,,,,,,,,,,,,,,,,,,,,,,,,,,,,,,,,,,,,,,,,,,,,,,,,,,209.73121420003008,209.74336009996478,209.74336009996478,209.74336009996478,209.9279133999953,None,,,,,,,,,,,,,,P8775,Bar_MIC,13,1,2026-05-05_18h40.21.608,MIC_task,,2026.1.2,59.90351939622037,2026-05-05 18h40.22.906714 +0200,
,,18,0,18,,,,,,,13,l05,medence,pool,5,location,facilities,6.6,145,None,61,None,"(-0.1, 0.1)",None,,,,,,,,,,,0,0,0,0,0,10,10,10,18,0,18,0,209.94377070001792,,,,,,,,,,,,,,,,,,,,,,,,,,,,,,,,,,,,,,,,,,,,,,,,,,,,,,,,,,,,,,,,,,,,,,,,,,,,,,,,,,,,,,,,,,,,,,209.93119849998038,209.94377070001792,209.94377070001792,209.94377070001792,210.12792070000432,None,,,,,,,,,,,,,,P8775,Bar_MIC,13,1,2026-05-05_18h40.21.608,MIC_task,,2026.1.2,59.90351939622037,2026-05-05 18h40.22.906714 +0200,
,,19,0,19,,,,,,,13,l05,medence,pool,5,location,facilities,6.6,145,None,61,None,"(-0.1, 0.1)",None,,,,,,,,,,,0,0,0,0,0,10,10,10,19,0,19,0,210.14419829996768,,,,,,,,,,,,,,,,,,,,,,,,,,,,,,,,,,,,,,,,,,,,,,,,,,,,,,,,,,,,,,,,,,,,,,,,,,,,,,,,,,,,,,,,,,,,,,210.13104250002652,210.14419829996768,210.14419829996768,210.14419829996768,210.32796000002418,None,,,,,,,,,,,,,,P8775,Bar_MIC,13,1,2026-05-05_18h40.21.608,MIC_task,,2026.1.2,59.90351939622037,2026-05-05 18h40.22.906714 +0200,
,,20,0,20,,,,,,,13,l05,medence,pool,5,location,facilities,6.6,145,None,61,None,"(-0.1, 0.1)",None,,,,,,,,,,,0,0,0,0,0,10,10,10,20,0,20,0,210.34454339998774,,,,,,,,,,,,,,,,,,,,,,,,,,,,,,,,,,,,,,,,,,,,,,,,,,,,,,,,,,,,,,,,,,,,,,,,,,,,,,,,,,,,,,,,,,,,,,210.33163580007385,210.34454339998774,210.34454339998774,210.34454339998774,210.52871390001383,None,,,,,,,,,,,,,,P8775,Bar_MIC,13,1,2026-05-05_18h40.21.608,MIC_task,,2026.1.2,59.90351939622037,2026-05-05 18h40.22.906714 +0200,
,,21,0,21,,,,,,,13,l05,medence,pool,5,location,facilities,6.6,145,None,61,None,"(-0.1, 0.1)",None,,,,,,,,,,,0,0,0,0,0,10,10,10,21,0,21,0,210.54416930000298,,,,,,,,,,,,,,,,,,,,,,,,,,,,,,,,,,,,,,,,,,,,,,,,,,,,,,,,,,,,,,,,,,,,,,,,,,,,,,,,,,,,,,,,,,,,,,210.53234330005944,210.54416930000298,210.54416930000298,210.54416930000298,210.72917239996605,None,,,,,,,,,,,,,,P8775,Bar_MIC,13,1,2026-05-05_18h40.21.608,MIC_task,,2026.1.2,59.90351939622037,2026-05-05 18h40.22.906714 +0200,
,,22,0,22,,,,,,,13,l05,medence,pool,5,location,facilities,6.6,145,None,61,None,"(-0.1, 0.1)",None,,,,,,,,,,,0,0,0,0,0,10,10,10,22,0,22,0,210.7445344000589,,,,,,,,,,,,,,,,,,,,,,,,,,,,,,,,,,,,,,,,,,,,,,,,,,,,,,,,,,,,,,,,,,,,,,,,,,,,,,,,,,,,,,,,,,,,,,210.73219130001962,210.7445344000589,210.7445344000589,210.7445344000589,210.928344200016,None,,,,,,,,,,,,,,P8775,Bar_MIC,13,1,2026-05-05_18h40.21.608,MIC_task,,2026.1.2,59.90351939622037,2026-05-05 18h40.22.906714 +0200,
,,23,0,23,,,,,,,13,l05,medence,pool,5,location,facilities,6.6,145,None,61,None,"(-0.1, 0.1)",None,,,,,,,,,,,0,0,0,0,0,10,10,10,23,0,23,0,210.94490870006848,,,,,,,,,,,,,,,,,,,,,,,,,,,,,,,,,,,,,,,,,,,,,,,,,,,,,,,,,,,,,,,,,,,,,,,,,,,,,,,,,,,,,,,,,,,,,,210.93143009999767,210.94490870006848,210.94490870006848,210.94490870006848,211.1286398000084,None,,,,,,,,,,,,,,P8775,Bar_MIC,13,1,2026-05-05_18h40.21.608,MIC_task,,2026.1.2,59.90351939622037,2026-05-05 18h40.22.906714 +0200,
,,24,0,24,,,,,,,13,l05,medence,pool,5,location,facilities,6.6,145,None,61,None,"(-0.1, 0.1)",None,,,,,,,,,,,0,0,0,0,0,10,10,10,24,0,24,0,211.14527420001104,,,,,,,,,,,,,,,,,,,,,,,,,,,,,,,,,,,,,,,,,,,,,,,,,,,,,,,,,,,,,,,,,,,,,,,,,,,,,,,,,,,,,,,,,,,,,,211.13171430001967,211.14527420001104,211.14527420001104,211.14527420001104,211.3293721000664,None,,,,,,,,,,,,,,P8775,Bar_MIC,13,1,2026-05-05_18h40.21.608,MIC_task,,2026.1.2,59.90351939622037,2026-05-05 18h40.22.906714 +0200,
,,25,0,25,,,,,,,13,l05,medence,pool,5,location,facilities,6.6,145,None,61,None,"(-0.1, 0.1)",None,,,,,,,,,,,0,0,0,0,0,10,10,10,25,0,25,0,211.34570319997147,,,,,,,,,,,,,,,,,,,,,,,,,,,,,,,,,,,,,,,,,,,,,,,,,,,,,,,,,,,,,,,,,,,,,,,,,,,,,,,,,,,,,,,,,,,,,,211.33225880004466,211.34570319997147,211.34570319997147,211.34570319997147,211.5295776000712,None,,,,,,,,,,,,,,P8775,Bar_MIC,13,1,2026-05-05_18h40.21.608,MIC_task,,2026.1.2,59.90351939622037,2026-05-05 18h40.22.906714 +0200,
,,26,0,26,,,,,,,13,l05,medence,pool,5,location,facilities,6.6,145,None,61,None,"(-0.1, 0.1)",space,0.08527809998486191,None,,,,,,,,,0,0,0,0,0,10,10,10,26,0,26,0,211.54598639998585,,,,,,,,,,,,,,,,,,,,,,,,,,,,,,,,,,,,,,,,,,,,,,,,,,,,,,,,,,,,,,,,,,,,,,,,,,,,,,,,,,,,,,,,,,,,,,211.53259529999923,211.54598639998585,211.54598639998585,211.54598639998585,211.64789090002887,space,0.08527809998486191,None,,,,,,,,,,,,P8775,Bar_MIC,13,1,2026-05-05_18h40.21.608,MIC_task,,2026.1.2,59.90351939622037,2026-05-05 18h40.22.906714 +0200,
,,10,10,0,,,,space,0.4042214999208227,None,13,l05,medence,pool,5,location,facilities,6.6,145,None,61,None,"(-0.1, 0.1)",,,,,,,,,,,,0,0,0,0,0,10,10,10,,,,,,,,,,,,,,,,,,,,,,,,,,,,,,,,,,,,,,,,,,,,,,,,,,,,,,,,,,,,,,,,,,,,,,,,,,,,,,,,,,,211.71026680001523,211.71672250004485,211.71364976665163,213.64950249996036,,,,,,215.65368230000604,215.66929089999758,215.66929089999758,216.08701570006087,,,,,,,,,,,,213.6755642000353,213.68167239998002,213.68269303337053,215.56902040005662,215.65363469999284,space,0.4042214999208227,None,,,,P8775,Bar_MIC,13,1,2026-05-05_18h40.21.608,MIC_task,,2026.1.2,59.90351939622037,2026-05-05 18h40.22.906714 +0200,
,,0,0,0,,,,,,,13,f18,dinnye,melon,4,food,fruit,6.4,22,25,50,None,"(0.1, 0)",None,,,,,,,,,,,0,0,0,0,0,11,11,11,0,0,0,0,216.11274730006699,,,,,,,,,,,,,,,,,,,,,,,,,,,,,,,,,,,,,,,,,,,,,,,,,,,,,,,,,,,,,,,,,,,,,,,,,,,,,,,,,,,,,,,,,,,,,,216.10665309999604,216.11274730006699,216.11274730006699,216.11274730006699,216.30342150002252,None,,,,,,,,,,,,,,P8775,Bar_MIC,13,1,2026-05-05_18h40.21.608,MIC_task,,2026.1.2,59.90351939622037,2026-05-05 18h40.22.906714 +0200,
,,0,0,0,,,,,,,13,f18,dinnye,melon,4,food,fruit,6.4,22,25,50,None,"(0.1, 0)",None,,,,,,,,,,,0,0,0,0,0,11,11,11,0,0,0,0,216.31999510002788,,,,,,,,,,,,,,,,,,,,,,,,,,,,,,,,,,,,,,,,,,,,,,,,,,,,,,,,,,,,,,,,,,,,,,,,,,,,,,,,,,,,,,,,,,,,,,216.30677869997453,216.31999510002788,216.31999510002788,216.31999510002788,216.48716799996328,None,,,,,,,,,,,,,,P8775,Bar_MIC,13,1,2026-05-05_18h40.21.608,MIC_task,,2026.1.2,59.90351939622037,2026-05-05 18h40.22.906714 +0200,
,,1,0,1,,,,,,,13,f18,dinnye,melon,4,food,fruit,6.4,22,25,50,None,"(0.1, 0)",None,,,,,,,,,,,0,0,0,0,0,11,11,11,1,0,1,0,216.5035715000704,,,,,,,,,,,,,,,,,,,,,,,,,,,,,,,,,,,,,,,,,,,,,,,,,,,,,,,,,,,,,,,,,,,,,,,,,,,,,,,,,,,,,,,,,,,,,,216.49070950003807,216.5035715000704,216.5035715000704,216.5035715000704,216.68757110007573,None,,,,,,,,,,,,,,P8775,Bar_MIC,13,1,2026-05-05_18h40.21.608,MIC_task,,2026.1.2,59.90351939622037,2026-05-05 18h40.22.906714 +0200,
,,2,0,2,,,,,,,13,f18,dinnye,melon,4,food,fruit,6.4,22,25,50,None,"(0.1, 0)",None,,,,,,,,,,,0,0,0,0,0,11,11,11,2,0,2,0,216.70392540004104,,,,,,,,,,,,,,,,,,,,,,,,,,,,,,,,,,,,,,,,,,,,,,,,,,,,,,,,,,,,,,,,,,,,,,,,,,,,,,,,,,,,,,,,,,,,,,216.69083099998534,216.70392540004104,216.70392540004104,216.70392540004104,216.88775750005152,None,,,,,,,,,,,,,,P8775,Bar_MIC,13,1,2026-05-05_18h40.21.608,MIC_task,,2026.1.2,59.90351939622037,2026-05-05 18h40.22.906714 +0200,
,,3,0,3,,,,,,,13,f18,dinnye,melon,4,food,fruit,6.4,22,25,50,None,"(0.1, 0)",None,,,,,,,,,,,0,0,0,0,0,11,11,11,3,0,3,0,216.90419869998004,,,,,,,,,,,,,,,,,,,,,,,,,,,,,,,,,,,,,,,,,,,,,,,,,,,,,,,,,,,,,,,,,,,,,,,,,,,,,,,,,,,,,,,,,,,,,,216.89094000007026,216.90419869998004,216.90419869998004,216.90419869998004,217.08828889997676,None,,,,,,,,,,,,,,P8775,Bar_MIC,13,1,2026-05-05_18h40.21.608,MIC_task,,2026.1.2,59.90351939622037,2026-05-05 18h40.22.906714 +0200,
,,4,0,4,,,,,,,13,f18,dinnye,melon,4,food,fruit,6.4,22,25,50,None,"(0.1, 0)",None,,,,,,,,,,,0,0,0,0,0,11,11,11,4,0,4,0,217.10468460002448,,,,,,,,,,,,,,,,,,,,,,,,,,,,,,,,,,,,,,,,,,,,,,,,,,,,,,,,,,,,,,,,,,,,,,,,,,,,,,,,,,,,,,,,,,,,,,217.09126710006967,217.10468460002448,217.10468460002448,217.10468460002448,217.28907970001455,None,,,,,,,,,,,,,,P8775,Bar_MIC,13,1,2026-05-05_18h40.21.608,MIC_task,,2026.1.2,59.90351939622037,2026-05-05 18h40.22.906714 +0200,
,,5,0,5,,,,,,,13,f18,dinnye,melon,4,food,fruit,6.4,22,25,50,None,"(0.1, 0)",None,,,,,,,,,,,0,0,0,0,0,11,11,11,5,0,5,0,217.30428330006544,,,,,,,,,,,,,,,,,,,,,,,,,,,,,,,,,,,,,,,,,,,,,,,,,,,,,,,,,,,,,,,,,,,,,,,,,,,,,,,,,,,,,,,,,,,,,,217.2923667000141,217.30428330006544,217.30428330006544,217.30428330006544,217.4892498999834,None,,,,,,,,,,,,,,P8775,Bar_MIC,13,1,2026-05-05_18h40.21.608,MIC_task,,2026.1.2,59.90351939622037,2026-05-05 18h40.22.906714 +0200,
,,6,0,6,,,,,,,13,f18,dinnye,melon,4,food,fruit,6.4,22,25,50,None,"(0.1, 0)",None,,,,,,,,,,,0,0,0,0,0,11,11,11,6,0,6,0,217.50537909998093,,,,,,,,,,,,,,,,,,,,,,,,,,,,,,,,,,,,,,,,,,,,,,,,,,,,,,,,,,,,,,,,,,,,,,,,,,,,,,,,,,,,,,,,,,,,,,217.49218429997563,217.50537909998093,217.50537909998093,217.50537909998093,217.6894833999686,None,,,,,,,,,,,,,,P8775,Bar_MIC,13,1,2026-05-05_18h40.21.608,MIC_task,,2026.1.2,59.90351939622037,2026-05-05 18h40.22.906714 +0200,
,,7,0,7,,,,,,,13,f18,dinnye,melon,4,food,fruit,6.4,22,25,50,None,"(0.1, 0)",None,,,,,,,,,,,0,0,0,0,0,11,11,11,7,0,7,0,217.70504430006258,,,,,,,,,,,,,,,,,,,,,,,,,,,,,,,,,,,,,,,,,,,,,,,,,,,,,,,,,,,,,,,,,,,,,,,,,,,,,,,,,,,,,,,,,,,,,,217.6926427000435,217.70504430006258,217.70504430006258,217.70504430006258,217.89009530004114,None,,,,,,,,,,,,,,P8775,Bar_MIC,13,1,2026-05-05_18h40.21.608,MIC_task,,2026.1.2,59.90351939622037,2026-05-05 18h40.22.906714 +0200,
,,8,0,8,,,,,,,13,f18,dinnye,melon,4,food,fruit,6.4,22,25,50,None,"(0.1, 0)",None,,,,,,,,,,,0,0,0,0,0,11,11,11,8,0,8,0,217.90544880006928,,,,,,,,,,,,,,,,,,,,,,,,,,,,,,,,,,,,,,,,,,,,,,,,,,,,,,,,,,,,,,,,,,,,,,,,,,,,,,,,,,,,,,,,,,,,,,217.89307710004505,217.90544880006928,217.90544880006928,217.90544880006928,218.09034580003936,None,,,,,,,,,,,,,,P8775,Bar_MIC,13,1,2026-05-05_18h40.21.608,MIC_task,,2026.1.2,59.90351939622037,2026-05-05 18h40.22.906714 +0200,
,,9,0,9,,,,,,,13,f18,dinnye,melon,4,food,fruit,6.4,22,25,50,None,"(0.1, 0)",None,,,,,,,,,,,0,0,0,0,0,11,11,11,9,0,9,0,218.10580520005897,,,,,,,,,,,,,,,,,,,,,,,,,,,,,,,,,,,,,,,,,,,,,,,,,,,,,,,,,,,,,,,,,,,,,,,,,,,,,,,,,,,,,,,,,,,,,,218.09320860006846,218.10580520005897,218.10580520005897,218.10580520005897,218.29006320005283,None,,,,,,,,,,,,,,P8775,Bar_MIC,13,1,2026-05-05_18h40.21.608,MIC_task,,2026.1.2,59.90351939622037,2026-05-05 18h40.22.906714 +0200,
,,10,0,10,,,,,,,13,f18,dinnye,melon,4,food,fruit,6.4,22,25,50,None,"(0.1, 0)",None,,,,,,,,,,,0,0,0,0,0,11,11,11,10,0,10,0,218.30614550004248,,,,,,,,,,,,,,,,,,,,,,,,,,,,,,,,,,,,,,,,,,,,,,,,,,,,,,,,,,,,,,,,,,,,,,,,,,,,,,,,,,,,,,,,,,,,,,218.29343950003386,218.30614550004248,218.30614550004248,218.30614550004248,218.49117649998516,None,,,,,,,,,,,,,,P8775,Bar_MIC,13,1,2026-05-05_18h40.21.608,MIC_task,,2026.1.2,59.90351939622037,2026-05-05 18h40.22.906714 +0200,
,,11,0,11,,,,,,,13,f18,dinnye,melon,4,food,fruit,6.4,22,25,50,None,"(0.1, 0)",None,,,,,,,,,,,0,0,0,0,0,11,11,11,11,0,11,0,218.50651460001245,,,,,,,,,,,,,,,,,,,,,,,,,,,,,,,,,,,,,,,,,,,,,,,,,,,,,,,,,,,,,,,,,,,,,,,,,,,,,,,,,,,,,,,,,,,,,,218.4943758000154,218.50651460001245,218.50651460001245,218.50651460001245,218.6902886000462,None,,,,,,,,,,,,,,P8775,Bar_MIC,13,1,2026-05-05_18h40.21.608,MIC_task,,2026.1.2,59.90351939622037,2026-05-05 18h40.22.906714 +0200,
,,12,0,12,,,,,,,13,f18,dinnye,melon,4,food,fruit,6.4,22,25,50,None,"(0.1, 0)",None,,,,,,,,,,,0,0,0,0,0,11,11,11,12,0,12,0,218.7069000999909,,,,,,,,,,,,,,,,,,,,,,,,,,,,,,,,,,,,,,,,,,,,,,,,,,,,,,,,,,,,,,,,,,,,,,,,,,,,,,,,,,,,,,,,,,,,,,218.69308009999804,218.7069000999909,218.7069000999909,218.7069000999909,218.89093970006797,None,,,,,,,,,,,,,,P8775,Bar_MIC,13,1,2026-05-05_18h40.21.608,MIC_task,,2026.1.2,59.90351939622037,2026-05-05 18h40.22.906714 +0200,
,,13,0,13,,,,,,,13,f18,dinnye,melon,4,food,fruit,6.4,22,25,50,None,"(0.1, 0)",None,,,,,,,,,,,0,0,0,0,0,11,11,11,13,0,13,0,218.90728479996324,,,,,,,,,,,,,,,,,,,,,,,,,,,,,,,,,,,,,,,,,,,,,,,,,,,,,,,,,,,,,,,,,,,,,,,,,,,,,,,,,,,,,,,,,,,,,,218.89393660007045,218.90728479996324,218.90728479996324,218.90728479996324,219.09169679996558,None,,,,,,,,,,,,,,P8775,Bar_MIC,13,1,2026-05-05_18h40.21.608,MIC_task,,2026.1.2,59.90351939622037,2026-05-05 18h40.22.906714 +0200,
,,14,0,14,,,,,,,13,f18,dinnye,melon,4,food,fruit,6.4,22,25,50,None,"(0.1, 0)",None,,,,,,,,,,,0,0,0,0,0,11,11,11,14,0,14,0,219.107652900042,,,,,,,,,,,,,,,,,,,,,,,,,,,,,,,,,,,,,,,,,,,,,,,,,,,,,,,,,,,,,,,,,,,,,,,,,,,,,,,,,,,,,,,,,,,,,,219.09502180002164,219.107652900042,219.107652900042,219.107652900042,219.29165889997967,None,,,,,,,,,,,,,,P8775,Bar_MIC,13,1,2026-05-05_18h40.21.608,MIC_task,,2026.1.2,59.90351939622037,2026-05-05 18h40.22.906714 +0200,
,,15,0,15,,,,,,,13,f18,dinnye,melon,4,food,fruit,6.4,22,25,50,None,"(0.1, 0)",None,,,,,,,,,,,0,0,0,0,0,11,11,11,15,0,15,0,219.30793919996358,,,,,,,,,,,,,,,,,,,,,,,,,,,,,,,,,,,,,,,,,,,,,,,,,,,,,,,,,,,,,,,,,,,,,,,,,,,,,,,,,,,,,,,,,,,,,,219.29448709997814,219.30793919996358,219.30793919996358,219.30793919996358,219.4922240000451,None,,,,,,,,,,,,,,P8775,Bar_MIC,13,1,2026-05-05_18h40.21.608,MIC_task,,2026.1.2,59.90351939622037,2026-05-05 18h40.22.906714 +0200,
,,16,0,16,,,,,,,13,f18,dinnye,melon,4,food,fruit,6.4,22,25,50,None,"(0.1, 0)",None,,,,,,,,,,,0,0,0,0,0,11,11,11,16,0,16,0,219.50832130003255,,,,,,,,,,,,,,,,,,,,,,,,,,,,,,,,,,,,,,,,,,,,,,,,,,,,,,,,,,,,,,,,,,,,,,,,,,,,,,,,,,,,,,,,,,,,,,219.49529029999394,219.50832130003255,219.50832130003255,219.50832130003255,219.69291189999785,None,,,,,,,,,,,,,,P8775,Bar_MIC,13,1,2026-05-05_18h40.21.608,MIC_task,,2026.1.2,59.90351939622037,2026-05-05 18h40.22.906714 +0200,
,,17,0,17,,,,,,,13,f18,dinnye,melon,4,food,fruit,6.4,22,25,50,None,"(0.1, 0)",None,,,,,,,,,,,0,0,0,0,0,11,11,11,17,0,17,0,219.7087210000027,,,,,,,,,,,,,,,,,,,,,,,,,,,,,,,,,,,,,,,,,,,,,,,,,,,,,,,,,,,,,,,,,,,,,,,,,,,,,,,,,,,,,,,,,,,,,,219.69609480001964,219.7087210000027,219.7087210000027,219.7087210000027,219.8927796999924,None,,,,,,,,,,,,,,P8775,Bar_MIC,13,1,2026-05-05_18h40.21.608,MIC_task,,2026.1.2,59.90351939622037,2026-05-05 18h40.22.906714 +0200,
,,18,0,18,,,,,,,13,f18,dinnye,melon,4,food,fruit,6.4,22,25,50,None,"(0.1, 0)",space,0.16049899999052286,None,,,,,,,,,0,0,0,0,0,11,11,11,18,0,18,0,219.90911370003596,,,,,,,,,,,,,,,,,,,,,,,,,,,,,,,,,,,,,,,,,,,,,,,,,,,,,,,,,,,,,,,,,,,,,,,,,,,,,,,,,,,,,,,,,,,,,,219.89611500001047,219.90911370003596,219.90911370003596,219.90911370003596,220.07719520002138,space,0.16049899999052286,None,,,,,,,,,,,,P8775,Bar_MIC,13,1,2026-05-05_18h40.21.608,MIC_task,,2026.1.2,59.90351939622037,2026-05-05 18h40.22.906714 +0200,
,,11,11,0,,,,space,0.3907414999557659,None,13,f18,dinnye,melon,4,food,fruit,6.4,22,25,50,None,"(0.1, 0)",,,,,,,,,,,,0,0,0,0,0,11,11,11,,,,,,,,,,,,,,,,,,,,,,,,,,,,,,,,,,,,,,,,,,,,,,,,,,,,,,,,,,,,,,,,,,,,,,,,,,,,,,,,,,,220.1358637000667,220.14237730007153,220.142988566674,222.07968840003014,,,,,,224.08230150002055,224.0991270999657,224.0991270999657,224.4999192999676,,,,,,,,,,,,222.1020338999806,222.1073532999726,222.11291733338345,223.9981056000106,224.08225590002257,space,0.3907414999557659,None,,,,P8775,Bar_MIC,13,1,2026-05-05_18h40.21.608,MIC_task,,2026.1.2,59.90351939622037,2026-05-05 18h40.22.906714 +0200,
,,0,0,0,,,,,,,13,a09,pingvin,penguin,1,animal,bird,6,13,25,68,None,"(-0.1, -0.1)",None,,,,,,,,,,,0,0,0,0,0,12,12,12,0,0,0,0,224.5254539999878,,,,,,,,,,,,,,,,,,,,,,,,,,,,,,,,,,,,,,,,,,,,,,,,,,,,,,,,,,,,,,,,,,,,,,,,,,,,,,,,,,,,,,,,,,,,,,224.5200932000298,224.5254539999878,224.5254539999878,224.5254539999878,224.70025660004467,None,,,,,,,,,,,,,,P8775,Bar_MIC,13,1,2026-05-05_18h40.21.608,MIC_task,,2026.1.2,59.90351939622037,2026-05-05 18h40.22.906714 +0200,
,,0,0,0,,,,,,,13,a09,pingvin,penguin,1,animal,bird,6,13,25,68,None,"(-0.1, -0.1)",None,,,,,,,,,,,0,0,0,0,0,12,12,12,0,0,0,0,224.71577250002883,,,,,,,,,,,,,,,,,,,,,,,,,,,,,,,,,,,,,,,,,,,,,,,,,,,,,,,,,,,,,,,,,,,,,,,,,,,,,,,,,,,,,,,,,,,,,,224.70347090007272,224.71577250002883,224.71577250002883,224.71577250002883,224.90078220004216,None,,,,,,,,,,,,,,P8775,Bar_MIC,13,1,2026-05-05_18h40.21.608,MIC_task,,2026.1.2,59.90351939622037,2026-05-05 18h40.22.906714 +0200,
,,1,0,1,,,,,,,13,a09,pingvin,penguin,1,animal,bird,6,13,25,68,None,"(-0.1, -0.1)",None,,,,,,,,,,,0,0,0,0,0,12,12,12,1,0,1,0,224.9162021999946,,,,,,,,,,,,,,,,,,,,,,,,,,,,,,,,,,,,,,,,,,,,,,,,,,,,,,,,,,,,,,,,,,,,,,,,,,,,,,,,,,,,,,,,,,,,,,224.903997000074,224.9162021999946,224.9162021999946,224.9162021999946,225.10132180002984,None,,,,,,,,,,,,,,P8775,Bar_MIC,13,1,2026-05-05_18h40.21.608,MIC_task,,2026.1.2,59.90351939622037,2026-05-05 18h40.22.906714 +0200,
,,2,0,2,,,,,,,13,a09,pingvin,penguin,1,animal,bird,6,13,25,68,None,"(-0.1, -0.1)",None,,,,,,,,,,,0,0,0,0,0,12,12,12,2,0,2,0,225.1165324000176,,,,,,,,,,,,,,,,,,,,,,,,,,,,,,,,,,,,,,,,,,,,,,,,,,,,,,,,,,,,,,,,,,,,,,,,,,,,,,,,,,,,,,,,,,,,,,225.10412200004794,225.1165324000176,225.1165324000176,225.1165324000176,225.30040319997352,None,,,,,,,,,,,,,,P8775,Bar_MIC,13,1,2026-05-05_18h40.21.608,MIC_task,,2026.1.2,59.90351939622037,2026-05-05 18h40.22.906714 +0200,
,,3,0,3,,,,,,,13,a09,pingvin,penguin,1,animal,bird,6,13,25,68,None,"(-0.1, -0.1)",None,,,,,,,,,,,0,0,0,0,0,12,12,12,3,0,3,0,225.3169685000321,,,,,,,,,,,,,,,,,,,,,,,,,,,,,,,,,,,,,,,,,,,,,,,,,,,,,,,,,,,,,,,,,,,,,,,,,,,,,,,,,,,,,,,,,,,,,,225.3035884000128,225.3169685000321,225.3169685000321,225.3169685000321,225.50076670001727,None,,,,,,,,,,,,,,P8775,Bar_MIC,13,1,2026-05-05_18h40.21.608,MIC_task,,2026.1.2,59.90351939622037,2026-05-05 18h40.22.906714 +0200,
,,4,0,4,,,,,,,13,a09,pingvin,penguin,1,animal,bird,6,13,25,68,None,"(-0.1, -0.1)",None,,,,,,,,,,,0,0,0,0,0,12,12,12,4,0,4,0,225.51728390005883,,,,,,,,,,,,,,,,,,,,,,,,,,,,,,,,,,,,,,,,,,,,,,,,,,,,,,,,,,,,,,,,,,,,,,,,,,,,,,,,,,,,,,,,,,,,,,225.5037021000171,225.51728390005883,225.51728390005883,225.51728390005883,225.70146080001723,None,,,,,,,,,,,,,,P8775,Bar_MIC,13,1,2026-05-05_18h40.21.608,MIC_task,,2026.1.2,59.90351939622037,2026-05-05 18h40.22.906714 +0200,
,,5,0,5,,,,,,,13,a09,pingvin,penguin,1,animal,bird,6,13,25,68,None,"(-0.1, -0.1)",None,,,,,,,,,,,0,0,0,0,0,12,12,12,5,0,5,0,225.71767479996197,,,,,,,,,,,,,,,,,,,,,,,,,,,,,,,,,,,,,,,,,,,,,,,,,,,,,,,,,,,,,,,,,,,,,,,,,,,,,,,,,,,,,,,,,,,,,,225.70474109996576,225.71767479996197,225.71767479996197,225.71767479996197,225.9021464000689,None,,,,,,,,,,,,,,P8775,Bar_MIC,13,1,2026-05-05_18h40.21.608,MIC_task,,2026.1.2,59.90351939622037,2026-05-05 18h40.22.906714 +0200,
,,6,0,6,,,,,,,13,a09,pingvin,penguin,1,animal,bird,6,13,25,68,None,"(-0.1, -0.1)",None,,,,,,,,,,,0,0,0,0,0,12,12,12,6,0,6,0,225.9179393000668,,,,,,,,,,,,,,,,,,,,,,,,,,,,,,,,,,,,,,,,,,,,,,,,,,,,,,,,,,,,,,,,,,,,,,,,,,,,,,,,,,,,,,,,,,,,,,225.90556159999687,225.9179393000668,225.9179393000668,225.9179393000668,226.10196180001367,None,,,,,,,,,,,,,,P8775,Bar_MIC,13,1,2026-05-05_18h40.21.608,MIC_task,,2026.1.2,59.90351939622037,2026-05-05 18h40.22.906714 +0200,
,,7,0,7,,,,,,,13,a09,pingvin,penguin,1,animal,bird,6,13,25,68,None,"(-0.1, -0.1)",None,,,,,,,,,,,0,0,0,0,0,12,12,12,7,0,7,0,226.11837959999684,,,,,,,,,,,,,,,,,,,,,,,,,,,,,,,,,,,,,,,,,,,,,,,,,,,,,,,,,,,,,,,,,,,,,,,,,,,,,,,,,,,,,,,,,,,,,,226.1050028000027,226.11837959999684,226.11837959999684,226.11837959999684,226.30245109996758,None,,,,,,,,,,,,,,P8775,Bar_MIC,13,1,2026-05-05_18h40.21.608,MIC_task,,2026.1.2,59.90351939622037,2026-05-05 18h40.22.906714 +0200,
,,8,0,8,,,,,,,13,a09,pingvin,penguin,1,animal,bird,6,13,25,68,None,"(-0.1, -0.1)",None,,,,,,,,,,,0,0,0,0,0,12,12,12,8,0,8,0,226.31876050005667,,,,,,,,,,,,,,,,,,,,,,,,,,,,,,,,,,,,,,,,,,,,,,,,,,,,,,,,,,,,,,,,,,,,,,,,,,,,,,,,,,,,,,,,,,,,,,226.30580069997814,226.31876050005667,226.31876050005667,226.31876050005667,226.5025357999839,None,,,,,,,,,,,,,,P8775,Bar_MIC,13,1,2026-05-05_18h40.21.608,MIC_task,,2026.1.2,59.90351939622037,2026-05-05 18h40.22.906714 +0200,
,,9,0,9,,,,,,,13,a09,pingvin,penguin,1,animal,bird,6,13,25,68,None,"(-0.1, -0.1)",None,,,,,,,,,,,0,0,0,0,0,12,12,12,9,0,9,0,226.51911610004026,,,,,,,,,,,,,,,,,,,,,,,,,,,,,,,,,,,,,,,,,,,,,,,,,,,,,,,,,,,,,,,,,,,,,,,,,,,,,,,,,,,,,,,,,,,,,,226.5061197000323,226.51911610004026,226.51911610004026,226.51911610004026,226.70341539999936,None,,,,,,,,,,,,,,P8775,Bar_MIC,13,1,2026-05-05_18h40.21.608,MIC_task,,2026.1.2,59.90351939622037,2026-05-05 18h40.22.906714 +0200,
,,10,0,10,,,,,,,13,a09,pingvin,penguin,1,animal,bird,6,13,25,68,None,"(-0.1, -0.1)",None,,,,,,,,,,,0,0,0,0,0,12,12,12,10,0,10,0,226.7187267000554,,,,,,,,,,,,,,,,,,,,,,,,,,,,,,,,,,,,,,,,,,,,,,,,,,,,,,,,,,,,,,,,,,,,,,,,,,,,,,,,,,,,,,,,,,,,,,226.70645940001123,226.7187267000554,226.7187267000554,226.7187267000554,226.90247610001825,None,,,,,,,,,,,,,,P8775,Bar_MIC,13,1,2026-05-05_18h40.21.608,MIC_task,,2026.1.2,59.90351939622037,2026-05-05 18h40.22.906714 +0200,
,,11,0,11,,,,,,,13,a09,pingvin,penguin,1,animal,bird,6,13,25,68,None,"(-0.1, -0.1)",None,,,,,,,,,,,0,0,0,0,0,12,12,12,11,0,11,0,226.9191245000111,,,,,,,,,,,,,,,,,,,,,,,,,,,,,,,,,,,,,,,,,,,,,,,,,,,,,,,,,,,,,,,,,,,,,,,,,,,,,,,,,,,,,,,,,,,,,,226.90550580003764,226.9191245000111,226.9191245000111,226.9191245000111,227.10412909998558,None,,,,,,,,,,,,,,P8775,Bar_MIC,13,1,2026-05-05_18h40.21.608,MIC_task,,2026.1.2,59.90351939622037,2026-05-05 18h40.22.906714 +0200,
,,12,0,12,,,,,,,13,a09,pingvin,penguin,1,animal,bird,6,13,25,68,None,"(-0.1, -0.1)",None,,,,,,,,,,,0,0,0,0,0,12,12,12,12,0,12,0,227.1195590000134,,,,,,,,,,,,,,,,,,,,,,,,,,,,,,,,,,,,,,,,,,,,,,,,,,,,,,,,,,,,,,,,,,,,,,,,,,,,,,,,,,,,,,,,,,,,,,227.10741439997219,227.1195590000134,227.1195590000134,227.1195590000134,227.30319969996344,None,,,,,,,,,,,,,,P8775,Bar_MIC,13,1,2026-05-05_18h40.21.608,MIC_task,,2026.1.2,59.90351939622037,2026-05-05 18h40.22.906714 +0200,
,,13,0,13,,,,,,,13,a09,pingvin,penguin,1,animal,bird,6,13,25,68,None,"(-0.1, -0.1)",None,,,,,,,,,,,0,0,0,0,0,12,12,12,13,0,13,0,227.31990160001442,,,,,,,,,,,,,,,,,,,,,,,,,,,,,,,,,,,,,,,,,,,,,,,,,,,,,,,,,,,,,,,,,,,,,,,,,,,,,,,,,,,,,,,,,,,,,,227.3066150000086,227.31990160001442,227.31990160001442,227.31990160001442,227.5035831000423,None,,,,,,,,,,,,,,P8775,Bar_MIC,13,1,2026-05-05_18h40.21.608,MIC_task,,2026.1.2,59.90351939622037,2026-05-05 18h40.22.906714 +0200,
,,14,0,14,,,,,,,13,a09,pingvin,penguin,1,animal,bird,6,13,25,68,None,"(-0.1, -0.1)",None,,,,,,,,,,,0,0,0,0,0,12,12,12,14,0,14,0,227.52021580003202,,,,,,,,,,,,,,,,,,,,,,,,,,,,,,,,,,,,,,,,,,,,,,,,,,,,,,,,,,,,,,,,,,,,,,,,,,,,,,,,,,,,,,,,,,,,,,227.50672100007068,227.52021580003202,227.52021580003202,227.52021580003202,227.70407510001678,None,,,,,,,,,,,,,,P8775,Bar_MIC,13,1,2026-05-05_18h40.21.608,MIC_task,,2026.1.2,59.90351939622037,2026-05-05 18h40.22.906714 +0200,
,,15,0,15,,,,,,,13,a09,pingvin,penguin,1,animal,bird,6,13,25,68,None,"(-0.1, -0.1)",None,,,,,,,,,,,0,0,0,0,0,12,12,12,15,0,15,0,227.72059529996477,,,,,,,,,,,,,,,,,,,,,,,,,,,,,,,,,,,,,,,,,,,,,,,,,,,,,,,,,,,,,,,,,,,,,,,,,,,,,,,,,,,,,,,,,,,,,,227.70746189996134,227.72059529996477,227.72059529996477,227.72059529996477,227.9045383000048,None,,,,,,,,,,,,,,P8775,Bar_MIC,13,1,2026-05-05_18h40.21.608,MIC_task,,2026.1.2,59.90351939622037,2026-05-05 18h40.22.906714 +0200,
,,16,0,16,,,,,,,13,a09,pingvin,penguin,1,animal,bird,6,13,25,68,None,"(-0.1, -0.1)",None,,,,,,,,,,,0,0,0,0,0,12,12,12,16,0,16,0,227.92096570006106,,,,,,,,,,,,,,,,,,,,,,,,,,,,,,,,,,,,,,,,,,,,,,,,,,,,,,,,,,,,,,,,,,,,,,,,,,,,,,,,,,,,,,,,,,,,,,227.90774850000162,227.92096570006106,227.92096570006106,227.92096570006106,228.10507669998333,None,,,,,,,,,,,,,,P8775,Bar_MIC,13,1,2026-05-05_18h40.21.608,MIC_task,,2026.1.2,59.90351939622037,2026-05-05 18h40.22.906714 +0200,
,,17,0,17,,,,,,,13,a09,pingvin,penguin,1,animal,bird,6,13,25,68,None,"(-0.1, -0.1)",None,,,,,,,,,,,0,0,0,0,0,12,12,12,17,0,17,0,228.12122590001673,,,,,,,,,,,,,,,,,,,,,,,,,,,,,,,,,,,,,,,,,,,,,,,,,,,,,,,,,,,,,,,,,,,,,,,,,,,,,,,,,,,,,,,,,,,,,,228.10820650006644,228.12122590001673,228.12122590001673,228.12122590001673,228.3052854000125,None,,,,,,,,,,,,,,P8775,Bar_MIC,13,1,2026-05-05_18h40.21.608,MIC_task,,2026.1.2,59.90351939622037,2026-05-05 18h40.22.906714 +0200,
,,18,0,18,,,,,,,13,a09,pingvin,penguin,1,animal,bird,6,13,25,68,None,"(-0.1, -0.1)",None,,,,,,,,,,,0,0,0,0,0,12,12,12,18,0,18,0,228.32163859996945,,,,,,,,,,,,,,,,,,,,,,,,,,,,,,,,,,,,,,,,,,,,,,,,,,,,,,,,,,,,,,,,,,,,,,,,,,,,,,,,,,,,,,,,,,,,,,228.3085423000157,228.32163859996945,228.32163859996945,228.32163859996945,228.50542090006638,None,,,,,,,,,,,,,,P8775,Bar_MIC,13,1,2026-05-05_18h40.21.608,MIC_task,,2026.1.2,59.90351939622037,2026-05-05 18h40.22.906714 +0200,
,,19,0,19,,,,,,,13,a09,pingvin,penguin,1,animal,bird,6,13,25,68,None,"(-0.1, -0.1)",None,,,,,,,,,,,0,0,0,0,0,12,12,12,19,0,19,0,228.52203310001642,,,,,,,,,,,,,,,,,,,,,,,,,,,,,,,,,,,,,,,,,,,,,,,,,,,,,,,,,,,,,,,,,,,,,,,,,,,,,,,,,,,,,,,,,,,,,,228.5084412000142,228.52203310001642,228.52203310001642,228.52203310001642,228.70635480002966,None,,,,,,,,,,,,,,P8775,Bar_MIC,13,1,2026-05-05_18h40.21.608,MIC_task,,2026.1.2,59.90351939622037,2026-05-05 18h40.22.906714 +0200,
,,20,0,20,,,,,,,13,a09,pingvin,penguin,1,animal,bird,6,13,25,68,None,"(-0.1, -0.1)",None,,,,,,,,,,,0,0,0,0,0,12,12,12,20,0,20,0,228.72164640005212,,,,,,,,,,,,,,,,,,,,,,,,,,,,,,,,,,,,,,,,,,,,,,,,,,,,,,,,,,,,,,,,,,,,,,,,,,,,,,,,,,,,,,,,,,,,,,228.7093139999779,228.72164640005212,228.72164640005212,228.72164640005212,228.90653829998337,None,,,,,,,,,,,,,,P8775,Bar_MIC,13,1,2026-05-05_18h40.21.608,MIC_task,,2026.1.2,59.90351939622037,2026-05-05 18h40.22.906714 +0200,
,,21,0,21,,,,,,,13,a09,pingvin,penguin,1,animal,bird,6,13,25,68,None,"(-0.1, -0.1)",None,,,,,,,,,,,0,0,0,0,0,12,12,12,21,0,21,0,228.92206200002693,,,,,,,,,,,,,,,,,,,,,,,,,,,,,,,,,,,,,,,,,,,,,,,,,,,,,,,,,,,,,,,,,,,,,,,,,,,,,,,,,,,,,,,,,,,,,,228.90994140005205,228.92206200002693,228.92206200002693,228.92206200002693,229.10689920000732,None,,,,,,,,,,,,,,P8775,Bar_MIC,13,1,2026-05-05_18h40.21.608,MIC_task,,2026.1.2,59.90351939622037,2026-05-05 18h40.22.906714 +0200,
,,22,0,22,,,,,,,13,a09,pingvin,penguin,1,animal,bird,6,13,25,68,None,"(-0.1, -0.1)",None,,,,,,,,,,,0,0,0,0,0,12,12,12,22,0,22,0,229.1224650000222,,,,,,,,,,,,,,,,,,,,,,,,,,,,,,,,,,,,,,,,,,,,,,,,,,,,,,,,,,,,,,,,,,,,,,,,,,,,,,,,,,,,,,,,,,,,,,229.1102305999957,229.1224650000222,229.1224650000222,229.1224650000222,229.30734529998153,None,,,,,,,,,,,,,,P8775,Bar_MIC,13,1,2026-05-05_18h40.21.608,MIC_task,,2026.1.2,59.90351939622037,2026-05-05 18h40.22.906714 +0200,
,,23,0,23,,,,,,,13,a09,pingvin,penguin,1,animal,bird,6,13,25,68,None,"(-0.1, -0.1)",None,,,,,,,,,,,0,0,0,0,0,12,12,12,23,0,23,0,229.32282090000808,,,,,,,,,,,,,,,,,,,,,,,,,,,,,,,,,,,,,,,,,,,,,,,,,,,,,,,,,,,,,,,,,,,,,,,,,,,,,,,,,,,,,,,,,,,,,,229.31058910000138,229.32282090000808,229.32282090000808,229.32282090000808,229.5065455000149,None,,,,,,,,,,,,,,P8775,Bar_MIC,13,1,2026-05-05_18h40.21.608,MIC_task,,2026.1.2,59.90351939622037,2026-05-05 18h40.22.906714 +0200,
,,24,0,24,,,,,,,13,a09,pingvin,penguin,1,animal,bird,6,13,25,68,None,"(-0.1, -0.1)",None,,,,,,,,,,,0,0,0,0,0,12,12,12,24,0,24,0,229.52316680003423,,,,,,,,,,,,,,,,,,,,,,,,,,,,,,,,,,,,,,,,,,,,,,,,,,,,,,,,,,,,,,,,,,,,,,,,,,,,,,,,,,,,,,,,,,,,,,229.51038850005716,229.52316680003423,229.52316680003423,229.52316680003423,229.7075029000407,None,,,,,,,,,,,,,,P8775,Bar_MIC,13,1,2026-05-05_18h40.21.608,MIC_task,,2026.1.2,59.90351939622037,2026-05-05 18h40.22.906714 +0200,
,,25,0,25,,,,,,,13,a09,pingvin,penguin,1,animal,bird,6,13,25,68,None,"(-0.1, -0.1)",None,,,,,,,,,,,0,0,0,0,0,12,12,12,25,0,25,0,229.72371020005085,,,,,,,,,,,,,,,,,,,,,,,,,,,,,,,,,,,,,,,,,,,,,,,,,,,,,,,,,,,,,,,,,,,,,,,,,,,,,,,,,,,,,,,,,,,,,,229.71087449998595,229.72371020005085,229.72371020005085,229.72371020005085,229.90748449997045,None,,,,,,,,,,,,,,P8775,Bar_MIC,13,1,2026-05-05_18h40.21.608,MIC_task,,2026.1.2,59.90351939622037,2026-05-05 18h40.22.906714 +0200,
,,26,0,26,,,,,,,13,a09,pingvin,penguin,1,animal,bird,6,13,25,68,None,"(-0.1, -0.1)",None,,,,,,,,,,,0,0,0,0,0,12,12,12,26,0,26,0,229.92394600005355,,,,,,,,,,,,,,,,,,,,,,,,,,,,,,,,,,,,,,,,,,,,,,,,,,,,,,,,,,,,,,,,,,,,,,,,,,,,,,,,,,,,,,,,,,,,,,229.9108469999628,229.92394600005355,229.92394600005355,229.92394600005355,230.10770759999286,None,,,,,,,,,,,,,,P8775,Bar_MIC,13,1,2026-05-05_18h40.21.608,MIC_task,,2026.1.2,59.90351939622037,2026-05-05 18h40.22.906714 +0200,
,,27,0,27,,,,,,,13,a09,pingvin,penguin,1,animal,bird,6,13,25,68,None,"(-0.1, -0.1)",None,,,,,,,,,,,0,0,0,0,0,12,12,12,27,0,27,0,230.12437640002463,,,,,,,,,,,,,,,,,,,,,,,,,,,,,,,,,,,,,,,,,,,,,,,,,,,,,,,,,,,,,,,,,,,,,,,,,,,,,,,,,,,,,,,,,,,,,,230.11110219999682,230.12437640002463,230.12437640002463,230.12437640002463,230.30824659997597,None,,,,,,,,,,,,,,P8775,Bar_MIC,13,1,2026-05-05_18h40.21.608,MIC_task,,2026.1.2,59.90351939622037,2026-05-05 18h40.22.906714 +0200,
,,28,0,28,,,,,,,13,a09,pingvin,penguin,1,animal,bird,6,13,25,68,None,"(-0.1, -0.1)",None,,,,,,,,,,,0,0,0,0,0,12,12,12,28,0,28,0,230.32461010001134,,,,,,,,,,,,,,,,,,,,,,,,,,,,,,,,,,,,,,,,,,,,,,,,,,,,,,,,,,,,,,,,,,,,,,,,,,,,,,,,,,,,,,,,,,,,,,230.31119250005577,230.32461010001134,230.32461010001134,230.32461010001134,230.50881600007415,None,,,,,,,,,,,,,,P8775,Bar_MIC,13,1,2026-05-05_18h40.21.608,MIC_task,,2026.1.2,59.90351939622037,2026-05-05 18h40.22.906714 +0200,
,,29,0,29,,,,,,,13,a09,pingvin,penguin,1,animal,bird,6,13,25,68,None,"(-0.1, -0.1)",None,,,,,,,,,,,0,0,0,0,0,12,12,12,29,0,29,0,230.52502599998843,,,,,,,,,,,,,,,,,,,,,,,,,,,,,,,,,,,,,,,,,,,,,,,,,,,,,,,,,,,,,,,,,,,,,,,,,,,,,,,,,,,,,,,,,,,,,,230.511853300035,230.52502599998843,230.52502599998843,230.52502599998843,230.7088188000489,None,,,,,,,,,,,,,,P8775,Bar_MIC,13,1,2026-05-05_18h40.21.608,MIC_task,,2026.1.2,59.90351939622037,2026-05-05 18h40.22.906714 +0200,
,,30,0,30,,,,,,,13,a09,pingvin,penguin,1,animal,bird,6,13,25,68,None,"(-0.1, -0.1)",None,,,,,,,,,,,0,0,0,0,0,12,12,12,30,0,30,0,230.72539709997363,,,,,,,,,,,,,,,,,,,,,,,,,,,,,,,,,,,,,,,,,,,,,,,,,,,,,,,,,,,,,,,,,,,,,,,,,,,,,,,,,,,,,,,,,,,,,,230.71217389998492,230.72539709997363,230.72539709997363,230.72539709997363,230.9094863999635,None,,,,,,,,,,,,,,P8775,Bar_MIC,13,1,2026-05-05_18h40.21.608,MIC_task,,2026.1.2,59.90351939622037,2026-05-05 18h40.22.906714 +0200,
,,31,0,31,,,,,,,13,a09,pingvin,penguin,1,animal,bird,6,13,25,68,None,"(-0.1, -0.1)",None,,,,,,,,,,,0,0,0,0,0,12,12,12,31,0,31,0,230.92588300001808,,,,,,,,,,,,,,,,,,,,,,,,,,,,,,,,,,,,,,,,,,,,,,,,,,,,,,,,,,,,,,,,,,,,,,,,,,,,,,,,,,,,,,,,,,,,,,230.91273710003588,230.92588300001808,230.92588300001808,230.92588300001808,231.10998409998138,None,,,,,,,,,,,,,,P8775,Bar_MIC,13,1,2026-05-05_18h40.21.608,MIC_task,,2026.1.2,59.90351939622037,2026-05-05 18h40.22.906714 +0200,
,,32,0,32,,,,,,,13,a09,pingvin,penguin,1,animal,bird,6,13,25,68,None,"(-0.1, -0.1)",None,,,,,,,,,,,0,0,0,0,0,12,12,12,32,0,32,0,231.1261453999905,,,,,,,,,,,,,,,,,,,,,,,,,,,,,,,,,,,,,,,,,,,,,,,,,,,,,,,,,,,,,,,,,,,,,,,,,,,,,,,,,,,,,,,,,,,,,,231.11296729999594,231.1261453999905,231.1261453999905,231.1261453999905,231.31040550000034,None,,,,,,,,,,,,,,P8775,Bar_MIC,13,1,2026-05-05_18h40.21.608,MIC_task,,2026.1.2,59.90351939622037,2026-05-05 18h40.22.906714 +0200,
,,33,0,33,,,,,,,13,a09,pingvin,penguin,1,animal,bird,6,13,25,68,None,"(-0.1, -0.1)",space,0.1323520999867469,None,,,,,,,,,0,0,0,0,0,12,12,12,33,0,33,0,231.32581030006986,,,,,,,,,,,,,,,,,,,,,,,,,,,,,,,,,,,,,,,,,,,,,,,,,,,,,,,,,,,,,,,,,,,,,,,,,,,,,,,,,,,,,,,,,,,,,,231.31332940002903,231.32581030006986,231.32581030006986,231.32581030006986,231.46104910003487,space,0.1323520999867469,None,,,,,,,,,,,,P8775,Bar_MIC,13,1,2026-05-05_18h40.21.608,MIC_task,,2026.1.2,59.90351939622037,2026-05-05 18h40.22.906714 +0200,
,,12,12,0,,,,space,3.4794337999774143,None,13,a09,pingvin,penguin,1,animal,bird,6,13,25,68,None,"(-0.1, -0.1)",,,,,,,,,,,,0,0,0,0,0,12,12,12,,,,,,,,,,,,,,,,,,,,,,,,,,,,,,,,,,,,,,,,,,,,,,,,,,,,,,,,,,,,,,,,,,,,,,,,,,,,,,,,,,,231.52360079996288,231.53009730007034,231.52681156668504,233.46307669999078,,,,,,235.4663621999789,235.48332160001155,235.48332160001155,238.9720868000295,,,,,,,,,,,,233.49285310006235,233.4983479999937,233.49625343329586,235.39888470002916,235.4663136000745,space,3.4794337999774143,None,,,,P8775,Bar_MIC,13,1,2026-05-05_18h40.21.608,MIC_task,,2026.1.2,59.90351939622037,2026-05-05 18h40.22.906714 +0200,
,,0,0,0,,,,,,,13,b01,orr,nose,2,bodypart,face,7,73,19,35,None,"(-0.1, 0.1)",None,,,,,,,,,,,0,0,0,0,0,13,13,13,0,0,0,0,238.99700830003712,,,,,,,,,,,,,,,,,,,,,,,,,,,,,,,,,,,,,,,,,,,,,,,,,,,,,,,,,,,,,,,,,,,,,,,,,,,,,,,,,,,,,,,,,,,,,,238.99182019999716,238.99700830003712,238.99700830003712,238.99700830003712,239.1887466000626,None,,,,,,,,,,,,,,P8775,Bar_MIC,13,1,2026-05-05_18h40.21.608,MIC_task,,2026.1.2,59.90351939622037,2026-05-05 18h40.22.906714 +0200,
,,0,0,0,,,,,,,13,b01,orr,nose,2,bodypart,face,7,73,19,35,None,"(-0.1, 0.1)",None,,,,,,,,,,,0,0,0,0,0,13,13,13,0,0,0,0,239.20506289997138,,,,,,,,,,,,,,,,,,,,,,,,,,,,,,,,,,,,,,,,,,,,,,,,,,,,,,,,,,,,,,,,,,,,,,,,,,,,,,,,,,,,,,,,,,,,,,239.19172200001776,239.20506289997138,239.20506289997138,239.20506289997138,239.37233300006483,None,,,,,,,,,,,,,,P8775,Bar_MIC,13,1,2026-05-05_18h40.21.608,MIC_task,,2026.1.2,59.90351939622037,2026-05-05 18h40.22.906714 +0200,
,,1,0,1,,,,,,,13,b01,orr,nose,2,bodypart,face,7,73,19,35,None,"(-0.1, 0.1)",None,,,,,,,,,,,0,0,0,0,0,13,13,13,1,0,1,0,239.3886750000529,,,,,,,,,,,,,,,,,,,,,,,,,,,,,,,,,,,,,,,,,,,,,,,,,,,,,,,,,,,,,,,,,,,,,,,,,,,,,,,,,,,,,,,,,,,,,,239.37569280003663,239.3886750000529,239.3886750000529,239.3886750000529,239.5727850999683,None,,,,,,,,,,,,,,P8775,Bar_MIC,13,1,2026-05-05_18h40.21.608,MIC_task,,2026.1.2,59.90351939622037,2026-05-05 18h40.22.906714 +0200,
,,2,0,2,,,,,,,13,b01,orr,nose,2,bodypart,face,7,73,19,35,None,"(-0.1, 0.1)",None,,,,,,,,,,,0,0,0,0,0,13,13,13,2,0,2,0,239.58904650004115,,,,,,,,,,,,,,,,,,,,,,,,,,,,,,,,,,,,,,,,,,,,,,,,,,,,,,,,,,,,,,,,,,,,,,,,,,,,,,,,,,,,,,,,,,,,,,239.57598990004044,239.58904650004115,239.58904650004115,239.58904650004115,239.77348139998503,None,,,,,,,,,,,,,,P8775,Bar_MIC,13,1,2026-05-05_18h40.21.608,MIC_task,,2026.1.2,59.90351939622037,2026-05-05 18h40.22.906714 +0200,
,,3,0,3,,,,,,,13,b01,orr,nose,2,bodypart,face,7,73,19,35,None,"(-0.1, 0.1)",None,,,,,,,,,,,0,0,0,0,0,13,13,13,3,0,3,0,239.7886806000024,,,,,,,,,,,,,,,,,,,,,,,,,,,,,,,,,,,,,,,,,,,,,,,,,,,,,,,,,,,,,,,,,,,,,,,,,,,,,,,,,,,,,,,,,,,,,,239.77658609999344,239.7886806000024,239.7886806000024,239.7886806000024,239.97346420004033,None,,,,,,,,,,,,,,P8775,Bar_MIC,13,1,2026-05-05_18h40.21.608,MIC_task,,2026.1.2,59.90351939622037,2026-05-05 18h40.22.906714 +0200,
,,4,0,4,,,,,,,13,b01,orr,nose,2,bodypart,face,7,73,19,35,None,"(-0.1, 0.1)",None,,,,,,,,,,,0,0,0,0,0,13,13,13,4,0,4,0,239.98901829996612,,,,,,,,,,,,,,,,,,,,,,,,,,,,,,,,,,,,,,,,,,,,,,,,,,,,,,,,,,,,,,,,,,,,,,,,,,,,,,,,,,,,,,,,,,,,,,239.9766219999874,239.98901829996612,239.98901829996612,239.98901829996612,240.17393819999415,None,,,,,,,,,,,,,,P8775,Bar_MIC,13,1,2026-05-05_18h40.21.608,MIC_task,,2026.1.2,59.90351939622037,2026-05-05 18h40.22.906714 +0200,
,,5,0,5,,,,,,,13,b01,orr,nose,2,bodypart,face,7,73,19,35,None,"(-0.1, 0.1)",None,,,,,,,,,,,0,0,0,0,0,13,13,13,5,0,5,0,240.18946260004304,,,,,,,,,,,,,,,,,,,,,,,,,,,,,,,,,,,,,,,,,,,,,,,,,,,,,,,,,,,,,,,,,,,,,,,,,,,,,,,,,,,,,,,,,,,,,,240.17724260000978,240.18946260004304,240.18946260004304,240.18946260004304,240.37321720004547,None,,,,,,,,,,,,,,P8775,Bar_MIC,13,1,2026-05-05_18h40.21.608,MIC_task,,2026.1.2,59.90351939622037,2026-05-05 18h40.22.906714 +0200,
,,6,0,6,,,,,,,13,b01,orr,nose,2,bodypart,face,7,73,19,35,None,"(-0.1, 0.1)",None,,,,,,,,,,,0,0,0,0,0,13,13,13,6,0,6,0,240.38981930003501,,,,,,,,,,,,,,,,,,,,,,,,,,,,,,,,,,,,,,,,,,,,,,,,,,,,,,,,,,,,,,,,,,,,,,,,,,,,,,,,,,,,,,,,,,,,,,240.37633380002808,240.38981930003501,240.38981930003501,240.38981930003501,240.5735603000503,None,,,,,,,,,,,,,,P8775,Bar_MIC,13,1,2026-05-05_18h40.21.608,MIC_task,,2026.1.2,59.90351939622037,2026-05-05 18h40.22.906714 +0200,
,,7,0,7,,,,,,,13,b01,orr,nose,2,bodypart,face,7,73,19,35,None,"(-0.1, 0.1)",None,,,,,,,,,,,0,0,0,0,0,13,13,13,7,0,7,0,240.59019310004078,,,,,,,,,,,,,,,,,,,,,,,,,,,,,,,,,,,,,,,,,,,,,,,,,,,,,,,,,,,,,,,,,,,,,,,,,,,,,,,,,,,,,,,,,,,,,,240.57636549999006,240.59019310004078,240.59019310004078,240.59019310004078,240.7740194000071,None,,,,,,,,,,,,,,P8775,Bar_MIC,13,1,2026-05-05_18h40.21.608,MIC_task,,2026.1.2,59.90351939622037,2026-05-05 18h40.22.906714 +0200,
,,8,0,8,,,,,,,13,b01,orr,nose,2,bodypart,face,7,73,19,35,None,"(-0.1, 0.1)",None,,,,,,,,,,,0,0,0,0,0,13,13,13,8,0,8,0,240.7905486000236,,,,,,,,,,,,,,,,,,,,,,,,,,,,,,,,,,,,,,,,,,,,,,,,,,,,,,,,,,,,,,,,,,,,,,,,,,,,,,,,,,,,,,,,,,,,,,240.77690180006903,240.7905486000236,240.7905486000236,240.7905486000236,240.9749649000587,None,,,,,,,,,,,,,,P8775,Bar_MIC,13,1,2026-05-05_18h40.21.608,MIC_task,,2026.1.2,59.90351939622037,2026-05-05 18h40.22.906714 +0200,
,,9,0,9,,,,,,,13,b01,orr,nose,2,bodypart,face,7,73,19,35,None,"(-0.1, 0.1)",None,,,,,,,,,,,0,0,0,0,0,13,13,13,9,0,9,0,240.99111499998253,,,,,,,,,,,,,,,,,,,,,,,,,,,,,,,,,,,,,,,,,,,,,,,,,,,,,,,,,,,,,,,,,,,,,,,,,,,,,,,,,,,,,,,,,,,,,,240.9775568000041,240.99111499998253,240.99111499998253,240.99111499998253,241.17489839997143,None,,,,,,,,,,,,,,P8775,Bar_MIC,13,1,2026-05-05_18h40.21.608,MIC_task,,2026.1.2,59.90351939622037,2026-05-05 18h40.22.906714 +0200,
,,10,0,10,,,,,,,13,b01,orr,nose,2,bodypart,face,7,73,19,35,None,"(-0.1, 0.1)",None,,,,,,,,,,,0,0,0,0,0,13,13,13,10,0,10,0,241.1915500999894,,,,,,,,,,,,,,,,,,,,,,,,,,,,,,,,,,,,,,,,,,,,,,,,,,,,,,,,,,,,,,,,,,,,,,,,,,,,,,,,,,,,,,,,,,,,,,241.17750200000592,241.1915500999894,241.1915500999894,241.1915500999894,241.37531530007254,None,,,,,,,,,,,,,,P8775,Bar_MIC,13,1,2026-05-05_18h40.21.608,MIC_task,,2026.1.2,59.90351939622037,2026-05-05 18h40.22.906714 +0200,
,,11,0,11,,,,,,,13,b01,orr,nose,2,bodypart,face,7,73,19,35,None,"(-0.1, 0.1)",None,,,,,,,,,,,0,0,0,0,0,13,13,13,11,0,11,0,241.39194240001962,,,,,,,,,,,,,,,,,,,,,,,,,,,,,,,,,,,,,,,,,,,,,,,,,,,,,,,,,,,,,,,,,,,,,,,,,,,,,,,,,,,,,,,,,,,,,,241.37820599996485,241.39194240001962,241.39194240001962,241.39194240001962,241.57606760005,None,,,,,,,,,,,,,,P8775,Bar_MIC,13,1,2026-05-05_18h40.21.608,MIC_task,,2026.1.2,59.90351939622037,2026-05-05 18h40.22.906714 +0200,
,,12,0,12,,,,,,,13,b01,orr,nose,2,bodypart,face,7,73,19,35,None,"(-0.1, 0.1)",None,,,,,,,,,,,0,0,0,0,0,13,13,13,12,0,12,0,241.5914074999746,,,,,,,,,,,,,,,,,,,,,,,,,,,,,,,,,,,,,,,,,,,,,,,,,,,,,,,,,,,,,,,,,,,,,,,,,,,,,,,,,,,,,,,,,,,,,,241.57880490005482,241.5914074999746,241.5914074999746,241.5914074999746,241.77515380003024,None,,,,,,,,,,,,,,P8775,Bar_MIC,13,1,2026-05-05_18h40.21.608,MIC_task,,2026.1.2,59.90351939622037,2026-05-05 18h40.22.906714 +0200,
,,13,0,13,,,,,,,13,b01,orr,nose,2,bodypart,face,7,73,19,35,None,"(-0.1, 0.1)",None,,,,,,,,,,,0,0,0,0,0,13,13,13,13,0,13,0,241.79276059998665,,,,,,,,,,,,,,,,,,,,,,,,,,,,,,,,,,,,,,,,,,,,,,,,,,,,,,,,,,,,,,,,,,,,,,,,,,,,,,,,,,,,,,,,,,,,,,241.7779144999804,241.79276059998665,241.79276059998665,241.79276059998665,241.97643899999093,None,,,,,,,,,,,,,,P8775,Bar_MIC,13,1,2026-05-05_18h40.21.608,MIC_task,,2026.1.2,59.90351939622037,2026-05-05 18h40.22.906714 +0200,
,,14,0,14,,,,,,,13,b01,orr,nose,2,bodypart,face,7,73,19,35,None,"(-0.1, 0.1)",None,,,,,,,,,,,0,0,0,0,0,13,13,13,14,0,14,0,241.99224639998283,,,,,,,,,,,,,,,,,,,,,,,,,,,,,,,,,,,,,,,,,,,,,,,,,,,,,,,,,,,,,,,,,,,,,,,,,,,,,,,,,,,,,,,,,,,,,,241.97929220006336,241.99224639998283,241.99224639998283,241.99224639998283,242.17591069999617,None,,,,,,,,,,,,,,P8775,Bar_MIC,13,1,2026-05-05_18h40.21.608,MIC_task,,2026.1.2,59.90351939622037,2026-05-05 18h40.22.906714 +0200,
,,15,0,15,,,,,,,13,b01,orr,nose,2,bodypart,face,7,73,19,35,None,"(-0.1, 0.1)",None,,,,,,,,,,,0,0,0,0,0,13,13,13,15,0,15,0,242.19261560006998,,,,,,,,,,,,,,,,,,,,,,,,,,,,,,,,,,,,,,,,,,,,,,,,,,,,,,,,,,,,,,,,,,,,,,,,,,,,,,,,,,,,,,,,,,,,,,242.17860310000833,242.19261560006998,242.19261560006998,242.19261560006998,242.37758980004583,None,,,,,,,,,,,,,,P8775,Bar_MIC,13,1,2026-05-05_18h40.21.608,MIC_task,,2026.1.2,59.90351939622037,2026-05-05 18h40.22.906714 +0200,
,,16,0,16,,,,,,,13,b01,orr,nose,2,bodypart,face,7,73,19,35,None,"(-0.1, 0.1)",None,,,,,,,,,,,0,0,0,0,0,13,13,13,16,0,16,0,242.39305930002593,,,,,,,,,,,,,,,,,,,,,,,,,,,,,,,,,,,,,,,,,,,,,,,,,,,,,,,,,,,,,,,,,,,,,,,,,,,,,,,,,,,,,,,,,,,,,,242.38061210000888,242.39305930002593,242.39305930002593,242.39305930002593,242.5779839999741,None,,,,,,,,,,,,,,P8775,Bar_MIC,13,1,2026-05-05_18h40.21.608,MIC_task,,2026.1.2,59.90351939622037,2026-05-05 18h40.22.906714 +0200,
,,17,0,17,,,,,,,13,b01,orr,nose,2,bodypart,face,7,73,19,35,None,"(-0.1, 0.1)",None,,,,,,,,,,,0,0,0,0,0,13,13,13,17,0,17,0,242.5933746000519,,,,,,,,,,,,,,,,,,,,,,,,,,,,,,,,,,,,,,,,,,,,,,,,,,,,,,,,,,,,,,,,,,,,,,,,,,,,,,,,,,,,,,,,,,,,,,242.58118690003175,242.5933746000519,242.5933746000519,242.5933746000519,242.7776720999973,None,,,,,,,,,,,,,,P8775,Bar_MIC,13,1,2026-05-05_18h40.21.608,MIC_task,,2026.1.2,59.90351939622037,2026-05-05 18h40.22.906714 +0200,
,,18,0,18,,,,,,,13,b01,orr,nose,2,bodypart,face,7,73,19,35,None,"(-0.1, 0.1)",None,,,,,,,,,,,0,0,0,0,0,13,13,13,18,0,18,0,242.7937188000651,,,,,,,,,,,,,,,,,,,,,,,,,,,,,,,,,,,,,,,,,,,,,,,,,,,,,,,,,,,,,,,,,,,,,,,,,,,,,,,,,,,,,,,,,,,,,,242.78061470005196,242.7937188000651,242.7937188000651,242.7937188000651,242.97888840001542,None,,,,,,,,,,,,,,P8775,Bar_MIC,13,1,2026-05-05_18h40.21.608,MIC_task,,2026.1.2,59.90351939622037,2026-05-05 18h40.22.906714 +0200,
,,19,0,19,,,,,,,13,b01,orr,nose,2,bodypart,face,7,73,19,35,None,"(-0.1, 0.1)",None,,,,,,,,,,,0,0,0,0,0,13,13,13,19,0,19,0,242.9941528000636,,,,,,,,,,,,,,,,,,,,,,,,,,,,,,,,,,,,,,,,,,,,,,,,,,,,,,,,,,,,,,,,,,,,,,,,,,,,,,,,,,,,,,,,,,,,,,242.98195300006773,242.9941528000636,242.9941528000636,242.9941528000636,243.1785884000128,None,,,,,,,,,,,,,,P8775,Bar_MIC,13,1,2026-05-05_18h40.21.608,MIC_task,,2026.1.2,59.90351939622037,2026-05-05 18h40.22.906714 +0200,
,,20,0,20,,,,,,,13,b01,orr,nose,2,bodypart,face,7,73,19,35,None,"(-0.1, 0.1)",None,,,,,,,,,,,0,0,0,0,0,13,13,13,20,0,20,0,243.19449100003112,,,,,,,,,,,,,,,,,,,,,,,,,,,,,,,,,,,,,,,,,,,,,,,,,,,,,,,,,,,,,,,,,,,,,,,,,,,,,,,,,,,,,,,,,,,,,,243.18149049999192,243.19449100003112,243.19449100003112,243.19449100003112,243.37843539996538,None,,,,,,,,,,,,,,P8775,Bar_MIC,13,1,2026-05-05_18h40.21.608,MIC_task,,2026.1.2,59.90351939622037,2026-05-05 18h40.22.906714 +0200,
,,21,0,21,,,,,,,13,b01,orr,nose,2,bodypart,face,7,73,19,35,None,"(-0.1, 0.1)",None,,,,,,,,,,,0,0,0,0,0,13,13,13,21,0,21,0,243.3948561999714,,,,,,,,,,,,,,,,,,,,,,,,,,,,,,,,,,,,,,,,,,,,,,,,,,,,,,,,,,,,,,,,,,,,,,,,,,,,,,,,,,,,,,,,,,,,,,243.38173819996882,243.3948561999714,243.3948561999714,243.3948561999714,243.57855179999024,None,,,,,,,,,,,,,,P8775,Bar_MIC,13,1,2026-05-05_18h40.21.608,MIC_task,,2026.1.2,59.90351939622037,2026-05-05 18h40.22.906714 +0200,
,,22,0,22,,,,,,,13,b01,orr,nose,2,bodypart,face,7,73,19,35,None,"(-0.1, 0.1)",None,,,,,,,,,,,0,0,0,0,0,13,13,13,22,0,22,0,243.5952180000022,,,,,,,,,,,,,,,,,,,,,,,,,,,,,,,,,,,,,,,,,,,,,,,,,,,,,,,,,,,,,,,,,,,,,,,,,,,,,,,,,,,,,,,,,,,,,,243.58182259998284,243.5952180000022,243.5952180000022,243.5952180000022,243.77933300007135,None,,,,,,,,,,,,,,P8775,Bar_MIC,13,1,2026-05-05_18h40.21.608,MIC_task,,2026.1.2,59.90351939622037,2026-05-05 18h40.22.906714 +0200,
,,23,0,23,,,,,,,13,b01,orr,nose,2,bodypart,face,7,73,19,35,None,"(-0.1, 0.1)",None,,,,,,,,,,,0,0,0,0,0,13,13,13,23,0,23,0,243.79560559999663,,,,,,,,,,,,,,,,,,,,,,,,,,,,,,,,,,,,,,,,,,,,,,,,,,,,,,,,,,,,,,,,,,,,,,,,,,,,,,,,,,,,,,,,,,,,,,243.78218119998928,243.79560559999663,243.79560559999663,243.79560559999663,243.97968009999022,None,,,,,,,,,,,,,,P8775,Bar_MIC,13,1,2026-05-05_18h40.21.608,MIC_task,,2026.1.2,59.90351939622037,2026-05-05 18h40.22.906714 +0200,
,,24,0,24,,,,,,,13,b01,orr,nose,2,bodypart,face,7,73,19,35,None,"(-0.1, 0.1)",None,,,,,,,,,,,0,0,0,0,0,13,13,13,24,0,24,0,243.99573289998807,,,,,,,,,,,,,,,,,,,,,,,,,,,,,,,,,,,,,,,,,,,,,,,,,,,,,,,,,,,,,,,,,,,,,,,,,,,,,,,,,,,,,,,,,,,,,,243.98228260001633,243.99573289998807,243.99573289998807,243.99573289998807,244.17943620006554,None,,,,,,,,,,,,,,P8775,Bar_MIC,13,1,2026-05-05_18h40.21.608,MIC_task,,2026.1.2,59.90351939622037,2026-05-05 18h40.22.906714 +0200,
,,25,0,25,,,,,,,13,b01,orr,nose,2,bodypart,face,7,73,19,35,None,"(-0.1, 0.1)",None,,,,,,,,,,,0,0,0,0,0,13,13,13,25,0,25,0,244.1961054999847,,,,,,,,,,,,,,,,,,,,,,,,,,,,,,,,,,,,,,,,,,,,,,,,,,,,,,,,,,,,,,,,,,,,,,,,,,,,,,,,,,,,,,,,,,,,,,244.18257730000187,244.1961054999847,244.1961054999847,244.1961054999847,244.3803778999718,None,,,,,,,,,,,,,,P8775,Bar_MIC,13,1,2026-05-05_18h40.21.608,MIC_task,,2026.1.2,59.90351939622037,2026-05-05 18h40.22.906714 +0200,
,,26,0,26,,,,,,,13,b01,orr,nose,2,bodypart,face,7,73,19,35,None,"(-0.1, 0.1)",None,,,,,,,,,,,0,0,0,0,0,13,13,13,26,0,26,0,244.3956927000545,,,,,,,,,,,,,,,,,,,,,,,,,,,,,,,,,,,,,,,,,,,,,,,,,,,,,,,,,,,,,,,,,,,,,,,,,,,,,,,,,,,,,,,,,,,,,,244.38311230007093,244.3956927000545,244.3956927000545,244.3956927000545,244.58080450003035,None,,,,,,,,,,,,,,P8775,Bar_MIC,13,1,2026-05-05_18h40.21.608,MIC_task,,2026.1.2,59.90351939622037,2026-05-05 18h40.22.906714 +0200,
,,27,0,27,,,,,,,13,b01,orr,nose,2,bodypart,face,7,73,19,35,None,"(-0.1, 0.1)",None,,,,,,,,,,,0,0,0,0,0,13,13,13,27,0,27,0,244.59607860003598,,,,,,,,,,,,,,,,,,,,,,,,,,,,,,,,,,,,,,,,,,,,,,,,,,,,,,,,,,,,,,,,,,,,,,,,,,,,,,,,,,,,,,,,,,,,,,244.58364199998323,244.59607860003598,244.59607860003598,244.59607860003598,244.78406680002809,None,,,,,,,,,,,,,,P8775,Bar_MIC,13,1,2026-05-05_18h40.21.608,MIC_task,,2026.1.2,59.90351939622037,2026-05-05 18h40.22.906714 +0200,
,,28,0,28,,,,,,,13,b01,orr,nose,2,bodypart,face,7,73,19,35,None,"(-0.1, 0.1)",None,,,,,,,,,,,0,0,0,0,0,13,13,13,28,0,28,0,244.79641539999284,,,,,,,,,,,,,,,,,,,,,,,,,,,,,,,,,,,,,,,,,,,,,,,,,,,,,,,,,,,,,,,,,,,,,,,,,,,,,,,,,,,,,,,,,,,,,,244.78719199995976,244.79641539999284,244.79641539999284,244.79641539999284,244.98054410004988,None,,,,,,,,,,,,,,P8775,Bar_MIC,13,1,2026-05-05_18h40.21.608,MIC_task,,2026.1.2,59.90351939622037,2026-05-05 18h40.22.906714 +0200,
,,29,0,29,,,,,,,13,b01,orr,nose,2,bodypart,face,7,73,19,35,None,"(-0.1, 0.1)",None,,,,,,,,,,,0,0,0,0,0,13,13,13,29,0,29,0,244.99685890006367,,,,,,,,,,,,,,,,,,,,,,,,,,,,,,,,,,,,,,,,,,,,,,,,,,,,,,,,,,,,,,,,,,,,,,,,,,,,,,,,,,,,,,,,,,,,,,244.98339710000437,244.99685890006367,244.99685890006367,244.99685890006367,245.18077450001147,None,,,,,,,,,,,,,,P8775,Bar_MIC,13,1,2026-05-05_18h40.21.608,MIC_task,,2026.1.2,59.90351939622037,2026-05-05 18h40.22.906714 +0200,
,,30,0,30,,,,,,,13,b01,orr,nose,2,bodypart,face,7,73,19,35,None,"(-0.1, 0.1)",None,,,,,,,,,,,0,0,0,0,0,13,13,13,30,0,30,0,245.19721680006478,,,,,,,,,,,,,,,,,,,,,,,,,,,,,,,,,,,,,,,,,,,,,,,,,,,,,,,,,,,,,,,,,,,,,,,,,,,,,,,,,,,,,,,,,,,,,,245.18394760007504,245.19721680006478,245.19721680006478,245.19721680006478,245.38230890000705,None,,,,,,,,,,,,,,P8775,Bar_MIC,13,1,2026-05-05_18h40.21.608,MIC_task,,2026.1.2,59.90351939622037,2026-05-05 18h40.22.906714 +0200,
,,31,0,31,,,,,,,13,b01,orr,nose,2,bodypart,face,7,73,19,35,None,"(-0.1, 0.1)",None,,,,,,,,,,,0,0,0,0,0,13,13,13,31,0,31,0,245.39759810001124,,,,,,,,,,,,,,,,,,,,,,,,,,,,,,,,,,,,,,,,,,,,,,,,,,,,,,,,,,,,,,,,,,,,,,,,,,,,,,,,,,,,,,,,,,,,,,245.38549590006005,245.39759810001124,245.39759810001124,245.39759810001124,245.5818755000364,None,,,,,,,,,,,,,,P8775,Bar_MIC,13,1,2026-05-05_18h40.21.608,MIC_task,,2026.1.2,59.90351939622037,2026-05-05 18h40.22.906714 +0200,
,,32,0,32,,,,,,,13,b01,orr,nose,2,bodypart,face,7,73,19,35,None,"(-0.1, 0.1)",None,,,,,,,,,,,0,0,0,0,0,13,13,13,32,0,32,0,245.59795389999636,,,,,,,,,,,,,,,,,,,,,,,,,,,,,,,,,,,,,,,,,,,,,,,,,,,,,,,,,,,,,,,,,,,,,,,,,,,,,,,,,,,,,,,,,,,,,,245.58509060007054,245.59795389999636,245.59795389999636,245.59795389999636,245.78230239998084,None,,,,,,,,,,,,,,P8775,Bar_MIC,13,1,2026-05-05_18h40.21.608,MIC_task,,2026.1.2,59.90351939622037,2026-05-05 18h40.22.906714 +0200,
,,33,0,33,,,,,,,13,b01,orr,nose,2,bodypart,face,7,73,19,35,None,"(-0.1, 0.1)",None,,,,,,,,,,,0,0,0,0,0,13,13,13,33,0,33,0,245.79827440006193,,,,,,,,,,,,,,,,,,,,,,,,,,,,,,,,,,,,,,,,,,,,,,,,,,,,,,,,,,,,,,,,,,,,,,,,,,,,,,,,,,,,,,,,,,,,,,245.785346699995,245.79827440006193,245.79827440006193,245.79827440006193,245.98300050001126,None,,,,,,,,,,,,,,P8775,Bar_MIC,13,1,2026-05-05_18h40.21.608,MIC_task,,2026.1.2,59.90351939622037,2026-05-05 18h40.22.906714 +0200,
,,34,0,34,,,,,,,13,b01,orr,nose,2,bodypart,face,7,73,19,35,None,"(-0.1, 0.1)",None,,,,,,,,,,,0,0,0,0,0,13,13,13,34,0,34,0,245.9986880000215,,,,,,,,,,,,,,,,,,,,,,,,,,,,,,,,,,,,,,,,,,,,,,,,,,,,,,,,,,,,,,,,,,,,,,,,,,,,,,,,,,,,,,,,,,,,,,245.9860385999782,245.9986880000215,245.9986880000215,245.9986880000215,246.18295499996748,None,,,,,,,,,,,,,,P8775,Bar_MIC,13,1,2026-05-05_18h40.21.608,MIC_task,,2026.1.2,59.90351939622037,2026-05-05 18h40.22.906714 +0200,
,,35,0,35,,,,,,,13,b01,orr,nose,2,bodypart,face,7,73,19,35,None,"(-0.1, 0.1)",None,,,,,,,,,,,0,0,0,0,0,13,13,13,35,0,35,0,246.19942329998594,,,,,,,,,,,,,,,,,,,,,,,,,,,,,,,,,,,,,,,,,,,,,,,,,,,,,,,,,,,,,,,,,,,,,,,,,,,,,,,,,,,,,,,,,,,,,,246.18573080003262,246.19942329998594,246.19942329998594,246.19942329998594,246.38400439999532,None,,,,,,,,,,,,,,P8775,Bar_MIC,13,1,2026-05-05_18h40.21.608,MIC_task,,2026.1.2,59.90351939622037,2026-05-05 18h40.22.906714 +0200,
,,36,0,36,,,,,,,13,b01,orr,nose,2,bodypart,face,7,73,19,35,None,"(-0.1, 0.1)",None,,,,,,,,,,,0,0,0,0,0,13,13,13,36,0,36,0,246.39898820000235,,,,,,,,,,,,,,,,,,,,,,,,,,,,,,,,,,,,,,,,,,,,,,,,,,,,,,,,,,,,,,,,,,,,,,,,,,,,,,,,,,,,,,,,,,,,,,246.3871044999687,246.39898820000235,246.39898820000235,246.39898820000235,246.5826235000277,None,,,,,,,,,,,,,,P8775,Bar_MIC,13,1,2026-05-05_18h40.21.608,MIC_task,,2026.1.2,59.90351939622037,2026-05-05 18h40.22.906714 +0200,
,,37,0,37,,,,,,,13,b01,orr,nose,2,bodypart,face,7,73,19,35,None,"(-0.1, 0.1)",None,,,,,,,,,,,0,0,0,0,0,13,13,13,37,0,37,0,246.5993460000027,,,,,,,,,,,,,,,,,,,,,,,,,,,,,,,,,,,,,,,,,,,,,,,,,,,,,,,,,,,,,,,,,,,,,,,,,,,,,,,,,,,,,,,,,,,,,,246.5857366999844,246.5993460000027,246.5993460000027,246.5993460000027,246.7844686000608,None,,,,,,,,,,,,,,P8775,Bar_MIC,13,1,2026-05-05_18h40.21.608,MIC_task,,2026.1.2,59.90351939622037,2026-05-05 18h40.22.906714 +0200,
,,38,0,38,,,,,,,13,b01,orr,nose,2,bodypart,face,7,73,19,35,None,"(-0.1, 0.1)",None,,,,,,,,,,,0,0,0,0,0,13,13,13,38,0,38,0,246.7997083000373,,,,,,,,,,,,,,,,,,,,,,,,,,,,,,,,,,,,,,,,,,,,,,,,,,,,,,,,,,,,,,,,,,,,,,,,,,,,,,,,,,,,,,,,,,,,,,246.78762279998045,246.7997083000373,246.7997083000373,246.7997083000373,246.9834211000707,None,,,,,,,,,,,,,,P8775,Bar_MIC,13,1,2026-05-05_18h40.21.608,MIC_task,,2026.1.2,59.90351939622037,2026-05-05 18h40.22.906714 +0200,
,,39,0,39,,,,,,,13,b01,orr,nose,2,bodypart,face,7,73,19,35,None,"(-0.1, 0.1)",None,,,,,,,,,,,0,0,0,0,0,13,13,13,39,0,39,0,247.00013150006998,,,,,,,,,,,,,,,,,,,,,,,,,,,,,,,,,,,,,,,,,,,,,,,,,,,,,,,,,,,,,,,,,,,,,,,,,,,,,,,,,,,,,,,,,,,,,,246.98629410006106,247.00013150006998,247.00013150006998,247.00013150006998,247.18511229997966,None,,,,,,,,,,,,,,P8775,Bar_MIC,13,1,2026-05-05_18h40.21.608,MIC_task,,2026.1.2,59.90351939622037,2026-05-05 18h40.22.906714 +0200,
,,40,0,40,,,,,,,13,b01,orr,nose,2,bodypart,face,7,73,19,35,None,"(-0.1, 0.1)",None,,,,,,,,,,,0,0,0,0,0,13,13,13,40,0,40,0,247.20038140006363,,,,,,,,,,,,,,,,,,,,,,,,,,,,,,,,,,,,,,,,,,,,,,,,,,,,,,,,,,,,,,,,,,,,,,,,,,,,,,,,,,,,,,,,,,,,,,247.18796200002544,247.20038140006363,247.20038140006363,247.20038140006363,247.38433180004358,None,,,,,,,,,,,,,,P8775,Bar_MIC,13,1,2026-05-05_18h40.21.608,MIC_task,,2026.1.2,59.90351939622037,2026-05-05 18h40.22.906714 +0200,
,,41,0,41,,,,,,,13,b01,orr,nose,2,bodypart,face,7,73,19,35,None,"(-0.1, 0.1)",None,,,,,,,,,,,0,0,0,0,0,13,13,13,41,0,41,0,247.40074750001077,,,,,,,,,,,,,,,,,,,,,,,,,,,,,,,,,,,,,,,,,,,,,,,,,,,,,,,,,,,,,,,,,,,,,,,,,,,,,,,,,,,,,,,,,,,,,,247.38697039999533,247.40074750001077,247.40074750001077,247.40074750001077,247.58452789997682,None,,,,,,,,,,,,,,P8775,Bar_MIC,13,1,2026-05-05_18h40.21.608,MIC_task,,2026.1.2,59.90351939622037,2026-05-05 18h40.22.906714 +0200,
,,42,0,42,,,,,,,13,b01,orr,nose,2,bodypart,face,7,73,19,35,None,"(-0.1, 0.1)",None,,,,,,,,,,,0,0,0,0,0,13,13,13,42,0,42,0,247.60121330001857,,,,,,,,,,,,,,,,,,,,,,,,,,,,,,,,,,,,,,,,,,,,,,,,,,,,,,,,,,,,,,,,,,,,,,,,,,,,,,,,,,,,,,,,,,,,,,247.5875186000485,247.60121330001857,247.60121330001857,247.60121330001857,247.7852687999839,None,,,,,,,,,,,,,,P8775,Bar_MIC,13,1,2026-05-05_18h40.21.608,MIC_task,,2026.1.2,59.90351939622037,2026-05-05 18h40.22.906714 +0200,
,,43,0,43,,,,,,,13,b01,orr,nose,2,bodypart,face,7,73,19,35,None,"(-0.1, 0.1)",None,,,,,,,,,,,0,0,0,0,0,13,13,13,43,0,43,0,247.80160600005183,,,,,,,,,,,,,,,,,,,,,,,,,,,,,,,,,,,,,,,,,,,,,,,,,,,,,,,,,,,,,,,,,,,,,,,,,,,,,,,,,,,,,,,,,,,,,,247.78791409998666,247.80160600005183,247.80160600005183,247.80160600005183,247.98525320005137,None,,,,,,,,,,,,,,P8775,Bar_MIC,13,1,2026-05-05_18h40.21.608,MIC_task,,2026.1.2,59.90351939622037,2026-05-05 18h40.22.906714 +0200,
,,44,0,44,,,,,,,13,b01,orr,nose,2,bodypart,face,7,73,19,35,None,"(-0.1, 0.1)",None,,,,,,,,,,,0,0,0,0,0,13,13,13,44,0,44,0,248.00186530000065,,,,,,,,,,,,,,,,,,,,,,,,,,,,,,,,,,,,,,,,,,,,,,,,,,,,,,,,,,,,,,,,,,,,,,,,,,,,,,,,,,,,,,,,,,,,,,247.9879823999945,248.00186530000065,248.00186530000065,248.00186530000065,248.1864493000321,None,,,,,,,,,,,,,,P8775,Bar_MIC,13,1,2026-05-05_18h40.21.608,MIC_task,,2026.1.2,59.90351939622037,2026-05-05 18h40.22.906714 +0200,
,,45,0,45,,,,,,,13,b01,orr,nose,2,bodypart,face,7,73,19,35,None,"(-0.1, 0.1)",None,,,,,,,,,,,0,0,0,0,0,13,13,13,45,0,45,0,248.2022862000158,,,,,,,,,,,,,,,,,,,,,,,,,,,,,,,,,,,,,,,,,,,,,,,,,,,,,,,,,,,,,,,,,,,,,,,,,,,,,,,,,,,,,,,,,,,,,,248.18970810004976,248.2022862000158,248.2022862000158,248.2022862000158,248.3859987000469,None,,,,,,,,,,,,,,P8775,Bar_MIC,13,1,2026-05-05_18h40.21.608,MIC_task,,2026.1.2,59.90351939622037,2026-05-05 18h40.22.906714 +0200,
,,46,0,46,,,,,,,13,b01,orr,nose,2,bodypart,face,7,73,19,35,None,"(-0.1, 0.1)",None,,,,,,,,,,,0,0,0,0,0,13,13,13,46,0,46,0,248.40185680007562,,,,,,,,,,,,,,,,,,,,,,,,,,,,,,,,,,,,,,,,,,,,,,,,,,,,,,,,,,,,,,,,,,,,,,,,,,,,,,,,,,,,,,,,,,,,,,248.3891619000351,248.40185680007562,248.40185680007562,248.40185680007562,248.58638910006266,None,,,,,,,,,,,,,,P8775,Bar_MIC,13,1,2026-05-05_18h40.21.608,MIC_task,,2026.1.2,59.90351939622037,2026-05-05 18h40.22.906714 +0200,
,,47,0,47,,,,,,,13,b01,orr,nose,2,bodypart,face,7,73,19,35,None,"(-0.1, 0.1)",None,,,,,,,,,,,0,0,0,0,0,13,13,13,47,0,47,0,248.60309270001017,,,,,,,,,,,,,,,,,,,,,,,,,,,,,,,,,,,,,,,,,,,,,,,,,,,,,,,,,,,,,,,,,,,,,,,,,,,,,,,,,,,,,,,,,,,,,,248.58905640000012,248.60309270001017,248.60309270001017,248.60309270001017,248.7877526000375,None,,,,,,,,,,,,,,P8775,Bar_MIC,13,1,2026-05-05_18h40.21.608,MIC_task,,2026.1.2,59.90351939622037,2026-05-05 18h40.22.906714 +0200,
,,48,0,48,,,,,,,13,b01,orr,nose,2,bodypart,face,7,73,19,35,None,"(-0.1, 0.1)",None,,,,,,,,,,,0,0,0,0,0,13,13,13,48,0,48,0,248.80259510001633,,,,,,,,,,,,,,,,,,,,,,,,,,,,,,,,,,,,,,,,,,,,,,,,,,,,,,,,,,,,,,,,,,,,,,,,,,,,,,,,,,,,,,,,,,,,,,248.79095130006317,248.80259510001633,248.80259510001633,248.80259510001633,248.98754020000342,None,,,,,,,,,,,,,,P8775,Bar_MIC,13,1,2026-05-05_18h40.21.608,MIC_task,,2026.1.2,59.90351939622037,2026-05-05 18h40.22.906714 +0200,
,,49,0,49,,,,,,,13,b01,orr,nose,2,bodypart,face,7,73,19,35,None,"(-0.1, 0.1)",None,,,,,,,,,,,0,0,0,0,0,13,13,13,49,0,49,0,249.00299309997354,,,,,,,,,,,,,,,,,,,,,,,,,,,,,,,,,,,,,,,,,,,,,,,,,,,,,,,,,,,,,,,,,,,,,,,,,,,,,,,,,,,,,,,,,,,,,,248.99020170001313,249.00299309997354,249.00299309997354,249.00299309997354,249.18798839999363,None,,,,,,,,,,,,,,P8775,Bar_MIC,13,1,2026-05-05_18h40.21.608,MIC_task,,2026.1.2,59.90351939622037,2026-05-05 18h40.22.906714 +0200,
,,50,0,50,,,,,,,13,b01,orr,nose,2,bodypart,face,7,73,19,35,None,"(-0.1, 0.1)",None,,,,,,,,,,,0,0,0,0,0,13,13,13,50,0,50,0,249.20331250003073,,,,,,,,,,,,,,,,,,,,,,,,,,,,,,,,,,,,,,,,,,,,,,,,,,,,,,,,,,,,,,,,,,,,,,,,,,,,,,,,,,,,,,,,,,,,,,249.19081589998677,249.20331250003073,249.20331250003073,249.20331250003073,249.38720820005983,None,,,,,,,,,,,,,,P8775,Bar_MIC,13,1,2026-05-05_18h40.21.608,MIC_task,,2026.1.2,59.90351939622037,2026-05-05 18h40.22.906714 +0200,
,,51,0,51,,,,,,,13,b01,orr,nose,2,bodypart,face,7,73,19,35,None,"(-0.1, 0.1)",None,,,,,,,,,,,0,0,0,0,0,13,13,13,51,0,51,0,249.4037316000322,,,,,,,,,,,,,,,,,,,,,,,,,,,,,,,,,,,,,,,,,,,,,,,,,,,,,,,,,,,,,,,,,,,,,,,,,,,,,,,,,,,,,,,,,,,,,,249.389990100055,249.4037316000322,249.4037316000322,249.4037316000322,249.5874521000078,None,,,,,,,,,,,,,,P8775,Bar_MIC,13,1,2026-05-05_18h40.21.608,MIC_task,,2026.1.2,59.90351939622037,2026-05-05 18h40.22.906714 +0200,
,,52,0,52,,,,,,,13,b01,orr,nose,2,bodypart,face,7,73,19,35,None,"(-0.1, 0.1)",None,,,,,,,,,,,0,0,0,0,0,13,13,13,52,0,52,0,249.6041445999872,,,,,,,,,,,,,,,,,,,,,,,,,,,,,,,,,,,,,,,,,,,,,,,,,,,,,,,,,,,,,,,,,,,,,,,,,,,,,,,,,,,,,,,,,,,,,,249.59034039999824,249.6041445999872,249.6041445999872,249.6041445999872,249.7724668000592,None,,,,,,,,,,,,,,P8775,Bar_MIC,13,1,2026-05-05_18h40.21.608,MIC_task,,2026.1.2,59.90351939622037,2026-05-05 18h40.22.906714 +0200,
,,53,0,53,,,,,,,13,b01,orr,nose,2,bodypart,face,7,73,19,35,None,"(-0.1, 0.1)",None,,,,,,,,,,,0,0,0,0,0,13,13,13,53,0,53,0,249.787746099988,,,,,,,,,,,,,,,,,,,,,,,,,,,,,,,,,,,,,,,,,,,,,,,,,,,,,,,,,,,,,,,,,,,,,,,,,,,,,,,,,,,,,,,,,,,,,,249.77554339997005,249.787746099988,249.787746099988,249.787746099988,249.97189360007178,None,,,,,,,,,,,249.98807750002015,249.98807750002015,249.98807750002015,P8775,Bar_MIC,13,1,2026-05-05_18h40.21.608,MIC_task,,2026.1.2,59.90351939622037,2026-05-05 18h40.22.906714 +0200,
,,54,0,54,,,,,,,13,b01,orr,nose,2,bodypart,face,7,73,19,35,None,"(-0.1, 0.1)",None,,,,,,,,,,,0,0,0,0,0,13,13,13,54,0,54,0,249.98807750002015,,,,,,,,,,,,,,,,,,,,,,,,,,,,,,,,,,,,,,,,,,,,,,,,,,,,,,,,,,,,,,,,,,,,,,,,,,,,,,,,,,,,,,,,,,,,,,249.97446459997445,249.98807750002015,249.98807750002015,249.98807750002015,250.17237529996783,None,,,,,,,,,,,,,,P8775,Bar_MIC,13,1,2026-05-05_18h40.21.608,MIC_task,,2026.1.2,59.90351939622037,2026-05-05 18h40.22.906714 +0200,
,,55,0,55,,,,,,,13,b01,orr,nose,2,bodypart,face,7,73,19,35,None,"(-0.1, 0.1)",None,,,,,,,,,,,0,0,0,0,0,13,13,13,55,0,55,0,250.1885008000536,,,,,,,,,,,,,,,,,,,,,,,,,,,,,,,,,,,,,,,,,,,,,,,,,,,,,,,,,,,,,,,,,,,,,,,,,,,,,,,,,,,,,,,,,,,,,,250.1751945000142,250.1885008000536,250.1885008000536,250.1885008000536,250.3731902000727,None,,,,,,,,,,,,,,P8775,Bar_MIC,13,1,2026-05-05_18h40.21.608,MIC_task,,2026.1.2,59.90351939622037,2026-05-05 18h40.22.906714 +0200,
,,56,0,56,,,,,,,13,b01,orr,nose,2,bodypart,face,7,73,19,35,None,"(-0.1, 0.1)",None,,,,,,,,,,,0,0,0,0,0,13,13,13,56,0,56,0,250.3886711000232,,,,,,,,,,,,,,,,,,,,,,,,,,,,,,,,,,,,,,,,,,,,,,,,,,,,,,,,,,,,,,,,,,,,,,,,,,,,,,,,,,,,,,,,,,,,,,250.376445800066,250.3886711000232,250.3886711000232,250.3886711000232,250.57244220003486,None,,,,,,,,,,,,,,P8775,Bar_MIC,13,1,2026-05-05_18h40.21.608,MIC_task,,2026.1.2,59.90351939622037,2026-05-05 18h40.22.906714 +0200,
,,57,0,57,,,,,,,13,b01,orr,nose,2,bodypart,face,7,73,19,35,None,"(-0.1, 0.1)",None,,,,,,,,,,,0,0,0,0,0,13,13,13,57,0,57,0,250.58891070005484,,,,,,,,,,,,,,,,,,,,,,,,,,,,,,,,,,,,,,,,,,,,,,,,,,,,,,,,,,,,,,,,,,,,,,,,,,,,,,,,,,,,,,,,,,,,,,250.57528570003342,250.58891070005484,250.58891070005484,250.58891070005484,250.77294499997515,None,,,,,,,,,,,,,,P8775,Bar_MIC,13,1,2026-05-05_18h40.21.608,MIC_task,,2026.1.2,59.90351939622037,2026-05-05 18h40.22.906714 +0200,
,,58,0,58,,,,,,,13,b01,orr,nose,2,bodypart,face,7,73,19,35,None,"(-0.1, 0.1)",None,,,,,,,,,,,0,0,0,0,0,13,13,13,58,0,58,0,250.7893011000706,,,,,,,,,,,,,,,,,,,,,,,,,,,,,,,,,,,,,,,,,,,,,,,,,,,,,,,,,,,,,,,,,,,,,,,,,,,,,,,,,,,,,,,,,,,,,,250.77573830005713,250.7893011000706,250.7893011000706,250.7893011000706,250.9733566000359,None,,,,,,,,,,,,,,P8775,Bar_MIC,13,1,2026-05-05_18h40.21.608,MIC_task,,2026.1.2,59.90351939622037,2026-05-05 18h40.22.906714 +0200,
,,59,0,59,,,,,,,13,b01,orr,nose,2,bodypart,face,7,73,19,35,None,"(-0.1, 0.1)",None,,,,,,,,,,,0,0,0,0,0,13,13,13,59,0,59,0,250.98892669996712,,,,,,,,,,,,,,,,,,,,,,,,,,,,,,,,,,,,,,,,,,,,,,,,,,,,,,,,,,,,,,,,,,,,,,,,,,,,,,,,,,,,,,,,,,,,,,250.9765095000621,250.98892669996712,250.98892669996712,250.98892669996712,251.17381299997214,None,,,,,,,,,,,,,,P8775,Bar_MIC,13,1,2026-05-05_18h40.21.608,MIC_task,,2026.1.2,59.90351939622037,2026-05-05 18h40.22.906714 +0200,
,,60,0,60,,,,,,,13,b01,orr,nose,2,bodypart,face,7,73,19,35,None,"(-0.1, 0.1)",None,,,,,,,,,,,0,0,0,0,0,13,13,13,60,0,60,0,251.18937819998246,,,,,,,,,,,,,,,,,,,,,,,,,,,,,,,,,,,,,,,,,,,,,,,,,,,,,,,,,,,,,,,,,,,,,,,,,,,,,,,,,,,,,,,,,,,,,,251.1769946999848,251.18937819998246,251.18937819998246,251.18937819998246,251.37380840000696,None,,,,,,,,,,,,,,P8775,Bar_MIC,13,1,2026-05-05_18h40.21.608,MIC_task,,2026.1.2,59.90351939622037,2026-05-05 18h40.22.906714 +0200,
,,61,0,61,,,,,,,13,b01,orr,nose,2,bodypart,face,7,73,19,35,None,"(-0.1, 0.1)",None,,,,,,,,,,,0,0,0,0,0,13,13,13,61,0,61,0,251.38976020005066,,,,,,,,,,,,,,,,,,,,,,,,,,,,,,,,,,,,,,,,,,,,,,,,,,,,,,,,,,,,,,,,,,,,,,,,,,,,,,,,,,,,,,,,,,,,,,251.37720180000179,251.38976020005066,251.38976020005066,251.38976020005066,251.57492360007018,None,,,,,,,,,,,,,,P8775,Bar_MIC,13,1,2026-05-05_18h40.21.608,MIC_task,,2026.1.2,59.90351939622037,2026-05-05 18h40.22.906714 +0200,
,,62,0,62,,,,,,,13,b01,orr,nose,2,bodypart,face,7,73,19,35,None,"(-0.1, 0.1)",None,,,,,,,,,,,0,0,0,0,0,13,13,13,62,0,62,0,251.59009670000523,,,,,,,,,,,,,,,,,,,,,,,,,,,,,,,,,,,,,,,,,,,,,,,,,,,,,,,,,,,,,,,,,,,,,,,,,,,,,,,,,,,,,,,,,,,,,,251.57798190007452,251.59009670000523,251.59009670000523,251.59009670000523,251.7738146999618,None,,,,,,,,,,,,,,P8775,Bar_MIC,13,1,2026-05-05_18h40.21.608,MIC_task,,2026.1.2,59.90351939622037,2026-05-05 18h40.22.906714 +0200,
,,63,0,63,,,,,,,13,b01,orr,nose,2,bodypart,face,7,73,19,35,None,"(-0.1, 0.1)",None,,,,,,,,,,,0,0,0,0,0,13,13,13,63,0,63,0,251.79044300003443,,,,,,,,,,,,,,,,,,,,,,,,,,,,,,,,,,,,,,,,,,,,,,,,,,,,,,,,,,,,,,,,,,,,,,,,,,,,,,,,,,,,,,,,,,,,,,251.77697520004585,251.79044300003443,251.79044300003443,251.79044300003443,251.97495569998864,None,,,,,,,,,,,,,,P8775,Bar_MIC,13,1,2026-05-05_18h40.21.608,MIC_task,,2026.1.2,59.90351939622037,2026-05-05 18h40.22.906714 +0200,
,,64,0,64,,,,,,,13,b01,orr,nose,2,bodypart,face,7,73,19,35,None,"(-0.1, 0.1)",None,,,,,,,,,,,0,0,0,0,0,13,13,13,64,0,64,0,251.9908328000456,,,,,,,,,,,,,,,,,,,,,,,,,,,,,,,,,,,,,,,,,,,,,,,,,,,,,,,,,,,,,,,,,,,,,,,,,,,,,,,,,,,,,,,,,,,,,,251.9779026999604,251.9908328000456,251.9908328000456,251.9908328000456,252.17465030006133,None,,,,,,,,,,,,,,P8775,Bar_MIC,13,1,2026-05-05_18h40.21.608,MIC_task,,2026.1.2,59.90351939622037,2026-05-05 18h40.22.906714 +0200,
,,65,0,65,,,,,,,13,b01,orr,nose,2,bodypart,face,7,73,19,35,None,"(-0.1, 0.1)",None,,,,,,,,,,,0,0,0,0,0,13,13,13,65,0,65,0,252.19121930003166,,,,,,,,,,,,,,,,,,,,,,,,,,,,,,,,,,,,,,,,,,,,,,,,,,,,,,,,,,,,,,,,,,,,,,,,,,,,,,,,,,,,,,,,,,,,,,252.17758620006498,252.19121930003166,252.19121930003166,252.19121930003166,252.3752373000607,None,,,,,,,,,,,,,,P8775,Bar_MIC,13,1,2026-05-05_18h40.21.608,MIC_task,,2026.1.2,59.90351939622037,2026-05-05 18h40.22.906714 +0200,
,,66,0,66,,,,,,,13,b01,orr,nose,2,bodypart,face,7,73,19,35,None,"(-0.1, 0.1)",None,,,,,,,,,,,0,0,0,0,0,13,13,13,66,0,66,0,252.39146000007167,,,,,,,,,,,,,,,,,,,,,,,,,,,,,,,,,,,,,,,,,,,,,,,,,,,,,,,,,,,,,,,,,,,,,,,,,,,,,,,,,,,,,,,,,,,,,,252.37831239996012,252.39146000007167,252.39146000007167,252.39146000007167,252.57556480006315,None,,,,,,,,,,,,,,P8775,Bar_MIC,13,1,2026-05-05_18h40.21.608,MIC_task,,2026.1.2,59.90351939622037,2026-05-05 18h40.22.906714 +0200,
,,67,0,67,,,,,,,13,b01,orr,nose,2,bodypart,face,7,73,19,35,None,"(-0.1, 0.1)",None,,,,,,,,,,,0,0,0,0,0,13,13,13,67,0,67,0,252.5917938000057,,,,,,,,,,,,,,,,,,,,,,,,,,,,,,,,,,,,,,,,,,,,,,,,,,,,,,,,,,,,,,,,,,,,,,,,,,,,,,,,,,,,,,,,,,,,,,252.5783726000227,252.5917938000057,252.5917938000057,252.5917938000057,252.7759068000596,None,,,,,,,,,,,,,,P8775,Bar_MIC,13,1,2026-05-05_18h40.21.608,MIC_task,,2026.1.2,59.90351939622037,2026-05-05 18h40.22.906714 +0200,
,,68,0,68,,,,,,,13,b01,orr,nose,2,bodypart,face,7,73,19,35,None,"(-0.1, 0.1)",None,,,,,,,,,,,0,0,0,0,0,13,13,13,68,0,68,0,252.7921640999848,,,,,,,,,,,,,,,,,,,,,,,,,,,,,,,,,,,,,,,,,,,,,,,,,,,,,,,,,,,,,,,,,,,,,,,,,,,,,,,,,,,,,,,,,,,,,,252.77911740005948,252.7921640999848,252.7921640999848,252.7921640999848,252.9763030000031,None,,,,,,,,,,,,,,P8775,Bar_MIC,13,1,2026-05-05_18h40.21.608,MIC_task,,2026.1.2,59.90351939622037,2026-05-05 18h40.22.906714 +0200,
,,69,0,69,,,,,,,13,b01,orr,nose,2,bodypart,face,7,73,19,35,None,"(-0.1, 0.1)",None,,,,,,,,,,,0,0,0,0,0,13,13,13,69,0,69,0,252.99186559999362,,,,,,,,,,,,,,,,,,,,,,,,,,,,,,,,,,,,,,,,,,,,,,,,,,,,,,,,,,,,,,,,,,,,,,,,,,,,,,,,,,,,,,,,,,,,,,252.97964020003565,252.99186559999362,252.99186559999362,252.99186559999362,253.17641549999826,None,,,,,,,,,,,,,,P8775,Bar_MIC,13,1,2026-05-05_18h40.21.608,MIC_task,,2026.1.2,59.90351939622037,2026-05-05 18h40.22.906714 +0200,
,,70,0,70,,,,,,,13,b01,orr,nose,2,bodypart,face,7,73,19,35,None,"(-0.1, 0.1)",None,,,,,,,,,,,0,0,0,0,0,13,13,13,70,0,70,0,253.1930330999894,,,,,,,,,,,,,,,,,,,,,,,,,,,,,,,,,,,,,,,,,,,,,,,,,,,,,,,,,,,,,,,,,,,,,,,,,,,,,,,,,,,,,,,,,,,,,,253.17934180004522,253.1930330999894,253.1930330999894,253.1930330999894,253.37675429997034,None,,,,,,,,,,,,,,P8775,Bar_MIC,13,1,2026-05-05_18h40.21.608,MIC_task,,2026.1.2,59.90351939622037,2026-05-05 18h40.22.906714 +0200,
,,71,0,71,,,,,,,13,b01,orr,nose,2,bodypart,face,7,73,19,35,None,"(-0.1, 0.1)",space,None,None,,,,,,,,,0,0,0,0,0,13,13,13,71,0,71,0,253.39264730003197,,,,,,,,,,,,,,,,,,,,,,,,,,,,,,,,,,,,,,,,,,,,,,,,,,,,,,,,,,,,,,,,,,,,,,,,,,,,,,,,,,,,,,,,,,,,,,253.37946520000696,253.39264730003197,253.39264730003197,253.39264730003197,253.51172850001603,space,None,None,,,,,,,,,,,,P8775,Bar_MIC,13,1,2026-05-05_18h40.21.608,MIC_task,,2026.1.2,59.90351939622037,2026-05-05 18h40.22.906714 +0200,
,,13,13,0,,,,space,0.053868900053203106,None,13,b01,orr,nose,2,bodypart,face,7,73,19,35,None,"(-0.1, 0.1)",,,,,,,,,,,,0,0,0,0,0,13,13,13,,,,,,,,,,,,,,,,,,,,,,,,,,,,,,,,,,,,,,,,,,,,,,,,,,,,,,,,,,,,,,,,,,,,,,,,,,,,,,,,,,,253.56842550006695,253.57425489998423,253.57759056672612,255.5135577999754,,,,,,257.516782599967,257.5327371000312,257.5327371000312,257.6005776000675,,,,,,,,,,,,255.54363670002203,255.54953630000819,255.5467694333134,257.43285520002246,257.51673410006333,space,0.053868900053203106,None,,,,P8775,Bar_MIC,13,1,2026-05-05_18h40.21.608,MIC_task,,2026.1.2,59.90351939622037,2026-05-05 18h40.22.906714 +0200,
,,0,0,0,,,,,,,13,t26,gitár,guitar,8,tools,instrument,6.4,19,None,63,None,"(0.1, 0.1)",None,,,,,,,,,,,0,0,0,0,0,14,14,14,0,0,0,0,257.6163955000229,,,,,,,,,,,,,,,,,,,,,,,,,,,,,,,,,,,,,,,,,,,,,,,,,,,,,,,,,,,,,,,,,,,,,,,,,,,,,,,,,,,,,,,,,,,,,,257.6039506000234,257.6163955000229,257.6163955000229,257.6163955000229,257.8010687000351,None,,,,,,,,,,,257.81609690003097,257.81609690003097,257.81609690003097,P8775,Bar_MIC,13,1,2026-05-05_18h40.21.608,MIC_task,,2026.1.2,59.90351939622037,2026-05-05 18h40.22.906714 +0200,
,,0,0,0,,,,,,,13,t26,gitár,guitar,8,tools,instrument,6.4,19,None,63,None,"(0.1, 0.1)",space,None,None,,,,,,,,,0,0,0,0,0,14,14,14,0,0,0,0,257.81609690003097,,,,,,,,,,,,,,,,,,,,,,,,,,,,,,,,,,,,,,,,,,,,,,,,,,,,,,,,,,,,,,,,,,,,,,,,,,,,,,,,,,,,,,,,,,,,,,257.80390780000016,257.81609690003097,257.81609690003097,257.81609690003097,257.83441190002486,space,None,None,,,,,,,,,,,,P8775,Bar_MIC,13,1,2026-05-05_18h40.21.608,MIC_task,,2026.1.2,59.90351939622037,2026-05-05 18h40.22.906714 +0200,
,,14,14,0,,,,space,0.6278588999994099,None,13,t26,gitár,guitar,8,tools,instrument,6.4,19,None,63,None,"(0.1, 0.1)",,,,,,,,,,,,0,0,0,0,0,14,14,14,,,,,,,,,,,,,,,,,,,,,,,,,,,,,,,,,,,,,,,,,,,,,,,,,,,,,,,,,,,,,,,,,,,,,,,,,,,,,,,,,,,257.89244239998516,257.8981513000326,257.90018256673744,259.8370325000724,,,,,,261.8401794000529,261.85717129998375,261.85717129998375,262.49123809998855,,,,,,,,,,,,259.8632764000213,259.86889340006746,259.8702483333259,261.75577230006456,261.8401393999811,space,0.6278588999994099,None,,,,P8775,Bar_MIC,13,1,2026-05-05_18h40.21.608,MIC_task,,2026.1.2,59.90351939622037,2026-05-05 18h40.22.906714 +0200,
,,0,0,0,,,,,,,13,pl04,rózsa,rose,7,plants,flower,6.8,69,None,73,None,"(0.1, 0)",None,,,,,,,,,,,0,0,0,0,0,15,15,15,0,0,0,0,262.50689419999253,,,,,,,,,,,,,,,,,,,,,,,,,,,,,,,,,,,,,,,,,,,,,,,,,,,,,,,,,,,,,,,,,,,,,,,,,,,,,,,,,,,,,,,,,,,,,,262.4951427000342,262.50689419999253,262.50689419999253,262.50689419999253,262.6910811000271,None,,,,,,,,,,,262.7072758000577,262.7072758000577,262.7072758000577,P8775,Bar_MIC,13,1,2026-05-05_18h40.21.608,MIC_task,,2026.1.2,59.90351939622037,2026-05-05 18h40.22.906714 +0200,
,,0,0,0,,,,,,,13,pl04,rózsa,rose,7,plants,flower,6.8,69,None,73,None,"(0.1, 0)",None,,,,,,,,,,,0,0,0,0,0,15,15,15,0,0,0,0,262.7072758000577,,,,,,,,,,,,,,,,,,,,,,,,,,,,,,,,,,,,,,,,,,,,,,,,,,,,,,,,,,,,,,,,,,,,,,,,,,,,,,,,,,,,,,,,,,,,,,262.69384540000465,262.7072758000577,262.7072758000577,262.7072758000577,262.89184479997493,None,,,,,,,,,,,262.9077025000006,262.9077025000006,262.9077025000006,P8775,Bar_MIC,13,1,2026-05-05_18h40.21.608,MIC_task,,2026.1.2,59.90351939622037,2026-05-05 18h40.22.906714 +0200,
,,1,0,1,,,,,,,13,pl04,rózsa,rose,7,plants,flower,6.8,69,None,73,None,"(0.1, 0)",None,,,,,,,,,,,0,0,0,0,0,15,15,15,1,0,1,0,262.9077025000006,,,,,,,,,,,,,,,,,,,,,,,,,,,,,,,,,,,,,,,,,,,,,,,,,,,,,,,,,,,,,,,,,,,,,,,,,,,,,,,,,,,,,,,,,,,,,,262.89470730000176,262.9077025000006,262.9077025000006,262.9077025000006,263.09173490002286,None,,,,,,,,,,,,,,P8775,Bar_MIC,13,1,2026-05-05_18h40.21.608,MIC_task,,2026.1.2,59.90351939622037,2026-05-05 18h40.22.906714 +0200,
,,2,0,2,,,,,,,13,pl04,rózsa,rose,7,plants,flower,6.8,69,None,73,None,"(0.1, 0)",space,0.004996999981813133,None,,,,,,,,,0,0,0,0,0,15,15,15,2,0,2,0,263.1079453000566,,,,,,,,,,,,,,,,,,,,,,,,,,,,,,,,,,,,,,,,,,,,,,,,,,,,,,,,,,,,,,,,,,,,,,,,,,,,,,,,,,,,,,,,,,,,,,263.09522460005246,263.1079453000566,263.1079453000566,263.1079453000566,263.12607360002585,space,0.004996999981813133,None,,,,,,,,,,,,P8775,Bar_MIC,13,1,2026-05-05_18h40.21.608,MIC_task,,2026.1.2,59.90351939622037,2026-05-05 18h40.22.906714 +0200,
,,15,15,0,,,,space,1.311016899999231,None,13,pl04,rózsa,rose,7,plants,flower,6.8,69,None,73,None,"(0.1, 0)",,,,,,,,,,,,0,0,0,0,0,15,15,15,,,,,,,,,,,,,,,,,,,,,,,,,,,,,,,,,,,,,,,,,,,,,,,,,,,,,,,,,,,,,,,,,,,,,,,,,,,,,,,,,,,263.1784465999808,263.18428000004496,263.19184516662887,265.1270682000322,,,,,,267.13114700000733,267.1479687000392,267.1479687000392,268.46812059998047,,,,,,,,,,,,265.15278760006186,265.1584432000527,265.1602815333831,267.0469265000429,267.1311002000002,space,1.311016899999231,None,,,,P8775,Bar_MIC,13,1,2026-05-05_18h40.21.608,MIC_task,,2026.1.2,59.90351939622037,2026-05-05 18h40.22.906714 +0200,
,,0,0,0,,,,,,,13,p19,rendőr,police officier,6,people,professions,6.8,179,25,53,None,"(-0.1, 0)",None,,,,,,,,,,,0,0,0,0,0,16,16,16,0,0,0,0,268.4935402000556,,,,,,,,,,,,,,,,,,,,,,,,,,,,,,,,,,,,,,,,,,,,,,,,,,,,,,,,,,,,,,,,,,,,,,,,,,,,,,,,,,,,,,,,,,,,,,268.48824960005004,268.4935402000556,268.4935402000556,268.4935402000556,268.6840262999758,None,,,,,,,,,,,,,,P8775,Bar_MIC,13,1,2026-05-05_18h40.21.608,MIC_task,,2026.1.2,59.90351939622037,2026-05-05 18h40.22.906714 +0200,
,,0,0,0,,,,,,,13,p19,rendőr,police officier,6,people,professions,6.8,179,25,53,None,"(-0.1, 0)",None,,,,,,,,,,,0,0,0,0,0,16,16,16,0,0,0,0,268.6994090999942,,,,,,,,,,,,,,,,,,,,,,,,,,,,,,,,,,,,,,,,,,,,,,,,,,,,,,,,,,,,,,,,,,,,,,,,,,,,,,,,,,,,,,,,,,,,,,268.68718170002103,268.6994090999942,268.6994090999942,268.6994090999942,268.8832109000068,None,,,,,,,,,,,,,,P8775,Bar_MIC,13,1,2026-05-05_18h40.21.608,MIC_task,,2026.1.2,59.90351939622037,2026-05-05 18h40.22.906714 +0200,
,,1,0,1,,,,,,,13,p19,rendőr,police officier,6,people,professions,6.8,179,25,53,None,"(-0.1, 0)",None,,,,,,,,,,,0,0,0,0,0,16,16,16,1,0,1,0,268.8998369000619,,,,,,,,,,,,,,,,,,,,,,,,,,,,,,,,,,,,,,,,,,,,,,,,,,,,,,,,,,,,,,,,,,,,,,,,,,,,,,,,,,,,,,,,,,,,,,268.8865002000239,268.8998369000619,268.8998369000619,268.8998369000619,269.0841397000477,None,,,,,,,,,,,,,,P8775,Bar_MIC,13,1,2026-05-05_18h40.21.608,MIC_task,,2026.1.2,59.90351939622037,2026-05-05 18h40.22.906714 +0200,
,,2,0,2,,,,,,,13,p19,rendőr,police officier,6,people,professions,6.8,179,25,53,None,"(-0.1, 0)",None,,,,,,,,,,,0,0,0,0,0,16,16,16,2,0,2,0,269.10017530003097,,,,,,,,,,,,,,,,,,,,,,,,,,,,,,,,,,,,,,,,,,,,,,,,,,,,,,,,,,,,,,,,,,,,,,,,,,,,,,,,,,,,,,,,,,,,,,269.0873262999812,269.10017530003097,269.10017530003097,269.10017530003097,269.2842176000122,None,,,,,,,,,,,,,,P8775,Bar_MIC,13,1,2026-05-05_18h40.21.608,MIC_task,,2026.1.2,59.90351939622037,2026-05-05 18h40.22.906714 +0200,
,,3,0,3,,,,,,,13,p19,rendőr,police officier,6,people,professions,6.8,179,25,53,None,"(-0.1, 0)",None,,,,,,,,,,,0,0,0,0,0,16,16,16,3,0,3,0,269.3005538000725,,,,,,,,,,,,,,,,,,,,,,,,,,,,,,,,,,,,,,,,,,,,,,,,,,,,,,,,,,,,,,,,,,,,,,,,,,,,,,,,,,,,,,,,,,,,,,269.287338300026,269.3005538000725,269.3005538000725,269.3005538000725,269.4846723000519,None,,,,,,,,,,,,,,P8775,Bar_MIC,13,1,2026-05-05_18h40.21.608,MIC_task,,2026.1.2,59.90351939622037,2026-05-05 18h40.22.906714 +0200,
,,4,0,4,,,,,,,13,p19,rendőr,police officier,6,people,professions,6.8,179,25,53,None,"(-0.1, 0)",None,,,,,,,,,,,0,0,0,0,0,16,16,16,4,0,4,0,269.50090670003556,,,,,,,,,,,,,,,,,,,,,,,,,,,,,,,,,,,,,,,,,,,,,,,,,,,,,,,,,,,,,,,,,,,,,,,,,,,,,,,,,,,,,,,,,,,,,,269.48780610004906,269.50090670003556,269.50090670003556,269.50090670003556,269.6848864000058,None,,,,,,,,,,,,,,P8775,Bar_MIC,13,1,2026-05-05_18h40.21.608,MIC_task,,2026.1.2,59.90351939622037,2026-05-05 18h40.22.906714 +0200,
,,5,0,5,,,,,,,13,p19,rendőr,police officier,6,people,professions,6.8,179,25,53,None,"(-0.1, 0)",None,,,,,,,,,,,0,0,0,0,0,16,16,16,5,0,5,0,269.70125789998565,,,,,,,,,,,,,,,,,,,,,,,,,,,,,,,,,,,,,,,,,,,,,,,,,,,,,,,,,,,,,,,,,,,,,,,,,,,,,,,,,,,,,,,,,,,,,,269.68818549998105,269.70125789998565,269.70125789998565,269.70125789998565,269.8685052000219,None,,,,,,,,,,,,,,P8775,Bar_MIC,13,1,2026-05-05_18h40.21.608,MIC_task,,2026.1.2,59.90351939622037,2026-05-05 18h40.22.906714 +0200,
,,6,0,6,,,,,,,13,p19,rendőr,police officier,6,people,professions,6.8,179,25,53,None,"(-0.1, 0)",None,,,,,,,,,,,0,0,0,0,0,16,16,16,6,0,6,0,269.8849442000501,,,,,,,,,,,,,,,,,,,,,,,,,,,,,,,,,,,,,,,,,,,,,,,,,,,,,,,,,,,,,,,,,,,,,,,,,,,,,,,,,,,,,,,,,,,,,,269.8715007000137,269.8849442000501,269.8849442000501,269.8849442000501,270.06890329997987,None,,,,,,,,,,,,,,P8775,Bar_MIC,13,1,2026-05-05_18h40.21.608,MIC_task,,2026.1.2,59.90351939622037,2026-05-05 18h40.22.906714 +0200,
,,7,0,7,,,,,,,13,p19,rendőr,police officier,6,people,professions,6.8,179,25,53,None,"(-0.1, 0)",None,,,,,,,,,,,0,0,0,0,0,16,16,16,7,0,7,0,270.0852614999749,,,,,,,,,,,,,,,,,,,,,,,,,,,,,,,,,,,,,,,,,,,,,,,,,,,,,,,,,,,,,,,,,,,,,,,,,,,,,,,,,,,,,,,,,,,,,,270.071874700021,270.0852614999749,270.0852614999749,270.0852614999749,270.2695851000026,None,,,,,,,,,,,,,,P8775,Bar_MIC,13,1,2026-05-05_18h40.21.608,MIC_task,,2026.1.2,59.90351939622037,2026-05-05 18h40.22.906714 +0200,
,,8,0,8,,,,,,,13,p19,rendőr,police officier,6,people,professions,6.8,179,25,53,None,"(-0.1, 0)",None,,,,,,,,,,,0,0,0,0,0,16,16,16,8,0,8,0,270.28560940001626,,,,,,,,,,,,,,,,,,,,,,,,,,,,,,,,,,,,,,,,,,,,,,,,,,,,,,,,,,,,,,,,,,,,,,,,,,,,,,,,,,,,,,,,,,,,,,270.27273409999907,270.28560940001626,270.28560940001626,270.28560940001626,270.46973800007254,None,,,,,,,,,,,,,,P8775,Bar_MIC,13,1,2026-05-05_18h40.21.608,MIC_task,,2026.1.2,59.90351939622037,2026-05-05 18h40.22.906714 +0200,
,,9,0,9,,,,,,,13,p19,rendőr,police officier,6,people,professions,6.8,179,25,53,None,"(-0.1, 0)",None,,,,,,,,,,,0,0,0,0,0,16,16,16,9,0,9,0,270.48598780005705,,,,,,,,,,,,,,,,,,,,,,,,,,,,,,,,,,,,,,,,,,,,,,,,,,,,,,,,,,,,,,,,,,,,,,,,,,,,,,,,,,,,,,,,,,,,,,270.47296010004357,270.48598780005705,270.48598780005705,270.48598780005705,270.6701568000717,None,,,,,,,,,,,,,,P8775,Bar_MIC,13,1,2026-05-05_18h40.21.608,MIC_task,,2026.1.2,59.90351939622037,2026-05-05 18h40.22.906714 +0200,
,,10,0,10,,,,,,,13,p19,rendőr,police officier,6,people,professions,6.8,179,25,53,None,"(-0.1, 0)",None,,,,,,,,,,,0,0,0,0,0,16,16,16,10,0,10,0,270.68567709997296,,,,,,,,,,,,,,,,,,,,,,,,,,,,,,,,,,,,,,,,,,,,,,,,,,,,,,,,,,,,,,,,,,,,,,,,,,,,,,,,,,,,,,,,,,,,,,270.67295809998177,270.68567709997296,270.68567709997296,270.68567709997296,270.8706101999851,None,,,,,,,,,,,,,,P8775,Bar_MIC,13,1,2026-05-05_18h40.21.608,MIC_task,,2026.1.2,59.90351939622037,2026-05-05 18h40.22.906714 +0200,
,,11,0,11,,,,,,,13,p19,rendőr,police officier,6,people,professions,6.8,179,25,53,None,"(-0.1, 0)",None,,,,,,,,,,,0,0,0,0,0,16,16,16,11,0,11,0,270.8860048999777,,,,,,,,,,,,,,,,,,,,,,,,,,,,,,,,,,,,,,,,,,,,,,,,,,,,,,,,,,,,,,,,,,,,,,,,,,,,,,,,,,,,,,,,,,,,,,270.87358100002166,270.8860048999777,270.8860048999777,270.8860048999777,271.07113950001076,None,,,,,,,,,,,,,,P8775,Bar_MIC,13,1,2026-05-05_18h40.21.608,MIC_task,,2026.1.2,59.90351939622037,2026-05-05 18h40.22.906714 +0200,
,,12,0,12,,,,,,,13,p19,rendőr,police officier,6,people,professions,6.8,179,25,53,None,"(-0.1, 0)",None,,,,,,,,,,,0,0,0,0,0,16,16,16,12,0,12,0,271.0864385999739,,,,,,,,,,,,,,,,,,,,,,,,,,,,,,,,,,,,,,,,,,,,,,,,,,,,,,,,,,,,,,,,,,,,,,,,,,,,,,,,,,,,,,,,,,,,,,271.07400570006575,271.0864385999739,271.0864385999739,271.0864385999739,271.27145810006186,None,,,,,,,,,,,,,,P8775,Bar_MIC,13,1,2026-05-05_18h40.21.608,MIC_task,,2026.1.2,59.90351939622037,2026-05-05 18h40.22.906714 +0200,
,,13,0,13,,,,,,,13,p19,rendőr,police officier,6,people,professions,6.8,179,25,53,None,"(-0.1, 0)",None,,,,,,,,,,,0,0,0,0,0,16,16,16,13,0,13,0,271.28678790002596,,,,,,,,,,,,,,,,,,,,,,,,,,,,,,,,,,,,,,,,,,,,,,,,,,,,,,,,,,,,,,,,,,,,,,,,,,,,,,,,,,,,,,,,,,,,,,271.27463630004786,271.28678790002596,271.28678790002596,271.28678790002596,271.47176039998885,None,,,,,,,,,,,,,,P8775,Bar_MIC,13,1,2026-05-05_18h40.21.608,MIC_task,,2026.1.2,59.90351939622037,2026-05-05 18h40.22.906714 +0200,
,,14,0,14,,,,,,,13,p19,rendőr,police officier,6,people,professions,6.8,179,25,53,None,"(-0.1, 0)",None,,,,,,,,,,,0,0,0,0,0,16,16,16,14,0,14,0,271.48714510002173,,,,,,,,,,,,,,,,,,,,,,,,,,,,,,,,,,,,,,,,,,,,,,,,,,,,,,,,,,,,,,,,,,,,,,,,,,,,,,,,,,,,,,,,,,,,,,271.4750428000698,271.48714510002173,271.48714510002173,271.48714510002173,271.670967400074,None,,,,,,,,,,,,,,P8775,Bar_MIC,13,1,2026-05-05_18h40.21.608,MIC_task,,2026.1.2,59.90351939622037,2026-05-05 18h40.22.906714 +0200,
,,15,0,15,,,,,,,13,p19,rendőr,police officier,6,people,professions,6.8,179,25,53,None,"(-0.1, 0)",None,,,,,,,,,,,0,0,0,0,0,16,16,16,15,0,15,0,271.6875649000285,,,,,,,,,,,,,,,,,,,,,,,,,,,,,,,,,,,,,,,,,,,,,,,,,,,,,,,,,,,,,,,,,,,,,,,,,,,,,,,,,,,,,,,,,,,,,,271.67376899998635,271.6875649000285,271.6875649000285,271.6875649000285,271.87130220001563,None,,,,,,,,,,,,,,P8775,Bar_MIC,13,1,2026-05-05_18h40.21.608,MIC_task,,2026.1.2,59.90351939622037,2026-05-05 18h40.22.906714 +0200,
,,16,0,16,,,,,,,13,p19,rendőr,police officier,6,people,professions,6.8,179,25,53,None,"(-0.1, 0)",None,,,,,,,,,,,0,0,0,0,0,16,16,16,16,0,16,0,271.887825599988,,,,,,,,,,,,,,,,,,,,,,,,,,,,,,,,,,,,,,,,,,,,,,,,,,,,,,,,,,,,,,,,,,,,,,,,,,,,,,,,,,,,,,,,,,,,,,271.8740911000641,271.887825599988,271.887825599988,271.887825599988,272.0723052000394,None,,,,,,,,,,,,,,P8775,Bar_MIC,13,1,2026-05-05_18h40.21.608,MIC_task,,2026.1.2,59.90351939622037,2026-05-05 18h40.22.906714 +0200,
,,17,0,17,,,,,,,13,p19,rendőr,police officier,6,people,professions,6.8,179,25,53,None,"(-0.1, 0)",None,,,,,,,,,,,0,0,0,0,0,16,16,16,17,0,17,0,272.08827569999266,,,,,,,,,,,,,,,,,,,,,,,,,,,,,,,,,,,,,,,,,,,,,,,,,,,,,,,,,,,,,,,,,,,,,,,,,,,,,,,,,,,,,,,,,,,,,,272.0755697999848,272.08827569999266,272.08827569999266,272.08827569999266,272.2724689000752,None,,,,,,,,,,,,,,P8775,Bar_MIC,13,1,2026-05-05_18h40.21.608,MIC_task,,2026.1.2,59.90351939622037,2026-05-05 18h40.22.906714 +0200,
,,18,0,18,,,,,,,13,p19,rendőr,police officier,6,people,professions,6.8,179,25,53,None,"(-0.1, 0)",None,,,,,,,,,,,0,0,0,0,0,16,16,16,18,0,18,0,272.2886776999803,,,,,,,,,,,,,,,,,,,,,,,,,,,,,,,,,,,,,,,,,,,,,,,,,,,,,,,,,,,,,,,,,,,,,,,,,,,,,,,,,,,,,,,,,,,,,,272.2757057000417,272.2886776999803,272.2886776999803,272.2886776999803,272.4728068000404,None,,,,,,,,,,,,,,P8775,Bar_MIC,13,1,2026-05-05_18h40.21.608,MIC_task,,2026.1.2,59.90351939622037,2026-05-05 18h40.22.906714 +0200,
,,19,0,19,,,,,,,13,p19,rendőr,police officier,6,people,professions,6.8,179,25,53,None,"(-0.1, 0)",None,,,,,,,,,,,0,0,0,0,0,16,16,16,19,0,19,0,272.48898180003744,,,,,,,,,,,,,,,,,,,,,,,,,,,,,,,,,,,,,,,,,,,,,,,,,,,,,,,,,,,,,,,,,,,,,,,,,,,,,,,,,,,,,,,,,,,,,,272.47546820004936,272.48898180003744,272.48898180003744,272.48898180003744,272.6726224999875,None,,,,,,,,,,,,,,P8775,Bar_MIC,13,1,2026-05-05_18h40.21.608,MIC_task,,2026.1.2,59.90351939622037,2026-05-05 18h40.22.906714 +0200,
,,20,0,20,,,,,,,13,p19,rendőr,police officier,6,people,professions,6.8,179,25,53,None,"(-0.1, 0)",None,,,,,,,,,,,0,0,0,0,0,16,16,16,20,0,20,0,272.6892961000558,,,,,,,,,,,,,,,,,,,,,,,,,,,,,,,,,,,,,,,,,,,,,,,,,,,,,,,,,,,,,,,,,,,,,,,,,,,,,,,,,,,,,,,,,,,,,,272.6760279000737,272.6892961000558,272.6892961000558,272.6892961000558,272.87304490001407,None,,,,,,,,,,,,,,P8775,Bar_MIC,13,1,2026-05-05_18h40.21.608,MIC_task,,2026.1.2,59.90351939622037,2026-05-05 18h40.22.906714 +0200,
,,21,0,21,,,,,,,13,p19,rendőr,police officier,6,people,professions,6.8,179,25,53,None,"(-0.1, 0)",None,,,,,,,,,,,0,0,0,0,0,16,16,16,21,0,21,0,272.8889065000694,,,,,,,,,,,,,,,,,,,,,,,,,,,,,,,,,,,,,,,,,,,,,,,,,,,,,,,,,,,,,,,,,,,,,,,,,,,,,,,,,,,,,,,,,,,,,,272.8761107000755,272.8889065000694,272.8889065000694,272.8889065000694,273.074001400033,None,,,,,,,,,,,,,,P8775,Bar_MIC,13,1,2026-05-05_18h40.21.608,MIC_task,,2026.1.2,59.90351939622037,2026-05-05 18h40.22.906714 +0200,
,,22,0,22,,,,,,,13,p19,rendőr,police officier,6,people,professions,6.8,179,25,53,None,"(-0.1, 0)",None,,,,,,,,,,,0,0,0,0,0,16,16,16,22,0,22,0,273.0894122000318,,,,,,,,,,,,,,,,,,,,,,,,,,,,,,,,,,,,,,,,,,,,,,,,,,,,,,,,,,,,,,,,,,,,,,,,,,,,,,,,,,,,,,,,,,,,,,273.0768514999654,273.0894122000318,273.0894122000318,273.0894122000318,273.2730786000611,None,,,,,,,,,,,,,,P8775,Bar_MIC,13,1,2026-05-05_18h40.21.608,MIC_task,,2026.1.2,59.90351939622037,2026-05-05 18h40.22.906714 +0200,
,,23,0,23,,,,,,,13,p19,rendőr,police officier,6,people,professions,6.8,179,25,53,None,"(-0.1, 0)",space,0.10937219997867942,None,,,,,,,,,0,0,0,0,0,16,16,16,23,0,23,0,273.28975780005567,,,,,,,,,,,,,,,,,,,,,,,,,,,,,,,,,,,,,,,,,,,,,,,,,,,,,,,,,,,,,,,,,,,,,,,,,,,,,,,,,,,,,,,,,,,,,,273.27599330001976,273.28975780005567,273.28975780005567,273.28975780005567,273.40863580000587,space,0.10937219997867942,None,,,,,,,,,,,,P8775,Bar_MIC,13,1,2026-05-05_18h40.21.608,MIC_task,,2026.1.2,59.90351939622037,2026-05-05 18h40.22.906714 +0200,
,,16,16,0,,,,space,0.5250770000275224,None,13,p19,rendőr,police officier,6,people,professions,6.8,179,25,53,None,"(-0.1, 0)",,,,,,,,,,,,0,0,0,0,0,16,16,16,,,,,,,,,,,,,,,,,,,,,,,,,,,,,,,,,,,,,,,,,,,,,,,,,,,,,,,,,,,,,,,,,,,,,,,,,,,,,,,,,,,273.464450999978,273.4701525999699,273.47432316666624,275.41022129997145,,,,,,277.41331490001176,277.42997020005714,277.42997020005714,277.966144700069,,,,,,,,,,,,275.43289709999226,275.43853990000207,275.4434331333109,277.3293698000489,277.4132680000039,space,0.5250770000275224,None,,,,P8775,Bar_MIC,13,1,2026-05-05_18h40.21.608,MIC_task,,2026.1.2,59.90351939622037,2026-05-05 18h40.22.906714 +0200,
,,0,0,0,,,,,,,13,c18,zokni,sock,3,clothes,footwear,5.6,74,20,35,None,"(-0.1, -0.1)",None,,,,,,,,,,,0,0,0,0,0,17,17,17,0,0,0,0,277.9920242000371,,,,,,,,,,,,,,,,,,,,,,,,,,,,,,,,,,,,,,,,,,,,,,,,,,,,,,,,,,,,,,,,,,,,,,,,,,,,,,,,,,,,,,,,,,,,,,277.98675899999216,277.9920242000371,277.9920242000371,277.9920242000371,278.1813029999612,None,,,,,,,,,,,,,,P8775,Bar_MIC,13,1,2026-05-05_18h40.21.608,MIC_task,,2026.1.2,59.90351939622037,2026-05-05 18h40.22.906714 +0200,
,,0,0,0,,,,,,,13,c18,zokni,sock,3,clothes,footwear,5.6,74,20,35,None,"(-0.1, -0.1)",None,,,,,,,,,,,0,0,0,0,0,17,17,17,0,0,0,0,278.19763209996745,,,,,,,,,,,,,,,,,,,,,,,,,,,,,,,,,,,,,,,,,,,,,,,,,,,,,,,,,,,,,,,,,,,,,,,,,,,,,,,,,,,,,,,,,,,,,,278.18419880000874,278.19763209996745,278.19763209996745,278.19763209996745,278.3818694000365,None,,,,,,,,,,,,,,P8775,Bar_MIC,13,1,2026-05-05_18h40.21.608,MIC_task,,2026.1.2,59.90351939622037,2026-05-05 18h40.22.906714 +0200,
,,1,0,1,,,,,,,13,c18,zokni,sock,3,clothes,footwear,5.6,74,20,35,None,"(-0.1, -0.1)",None,,,,,,,,,,,0,0,0,0,0,17,17,17,1,0,1,0,278.3981277999701,,,,,,,,,,,,,,,,,,,,,,,,,,,,,,,,,,,,,,,,,,,,,,,,,,,,,,,,,,,,,,,,,,,,,,,,,,,,,,,,,,,,,,,,,,,,,,278.3851182999788,278.3981277999701,278.3981277999701,278.3981277999701,278.5826908000745,None,,,,,,,,,,,,,,P8775,Bar_MIC,13,1,2026-05-05_18h40.21.608,MIC_task,,2026.1.2,59.90351939622037,2026-05-05 18h40.22.906714 +0200,
,,2,0,2,,,,,,,13,c18,zokni,sock,3,clothes,footwear,5.6,74,20,35,None,"(-0.1, -0.1)",None,,,,,,,,,,,0,0,0,0,0,17,17,17,2,0,2,0,278.5984141000081,,,,,,,,,,,,,,,,,,,,,,,,,,,,,,,,,,,,,,,,,,,,,,,,,,,,,,,,,,,,,,,,,,,,,,,,,,,,,,,,,,,,,,,,,,,,,,278.5859430000419,278.5984141000081,278.5984141000081,278.5984141000081,278.7826316000428,None,,,,,,,,,,,,,,P8775,Bar_MIC,13,1,2026-05-05_18h40.21.608,MIC_task,,2026.1.2,59.90351939622037,2026-05-05 18h40.22.906714 +0200,
,,3,0,3,,,,,,,13,c18,zokni,sock,3,clothes,footwear,5.6,74,20,35,None,"(-0.1, -0.1)",None,,,,,,,,,,,0,0,0,0,0,17,17,17,3,0,3,0,278.79810200002976,,,,,,,,,,,,,,,,,,,,,,,,,,,,,,,,,,,,,,,,,,,,,,,,,,,,,,,,,,,,,,,,,,,,,,,,,,,,,,,,,,,,,,,,,,,,,,278.7858577000443,278.79810200002976,278.79810200002976,278.79810200002976,278.9664160000393,None,,,,,,,,,,,,,,P8775,Bar_MIC,13,1,2026-05-05_18h40.21.608,MIC_task,,2026.1.2,59.90351939622037,2026-05-05 18h40.22.906714 +0200,
,,4,0,4,,,,,,,13,c18,zokni,sock,3,clothes,footwear,5.6,74,20,35,None,"(-0.1, -0.1)",None,,,,,,,,,,,0,0,0,0,0,17,17,17,4,0,4,0,278.9817049000412,,,,,,,,,,,,,,,,,,,,,,,,,,,,,,,,,,,,,,,,,,,,,,,,,,,,,,,,,,,,,,,,,,,,,,,,,,,,,,,,,,,,,,,,,,,,,,278.96985650004353,278.9817049000412,278.9817049000412,278.9817049000412,279.16588280000724,None,,,,,,,,,,,279.18202750000637,279.18202750000637,279.18202750000637,P8775,Bar_MIC,13,1,2026-05-05_18h40.21.608,MIC_task,,2026.1.2,59.90351939622037,2026-05-05 18h40.22.906714 +0200,
,,5,0,5,,,,,,,13,c18,zokni,sock,3,clothes,footwear,5.6,74,20,35,None,"(-0.1, -0.1)",None,,,,,,,,,,,0,0,0,0,0,17,17,17,5,0,5,0,279.18202750000637,,,,,,,,,,,,,,,,,,,,,,,,,,,,,,,,,,,,,,,,,,,,,,,,,,,,,,,,,,,,,,,,,,,,,,,,,,,,,,,,,,,,,,,,,,,,,,279.1688828000333,279.18202750000637,279.18202750000637,279.18202750000637,279.3670978000155,None,,,,,,,,,,,,,,P8775,Bar_MIC,13,1,2026-05-05_18h40.21.608,MIC_task,,2026.1.2,59.90351939622037,2026-05-05 18h40.22.906714 +0200,
,,6,0,6,,,,,,,13,c18,zokni,sock,3,clothes,footwear,5.6,74,20,35,None,"(-0.1, -0.1)",None,,,,,,,,,,,0,0,0,0,0,17,17,17,6,0,6,0,279.38236549997237,,,,,,,,,,,,,,,,,,,,,,,,,,,,,,,,,,,,,,,,,,,,,,,,,,,,,,,,,,,,,,,,,,,,,,,,,,,,,,,,,,,,,,,,,,,,,,279.3705737000564,279.38236549997237,279.38236549997237,279.38236549997237,279.5663468000712,None,,,,,,,,,,,,,,P8775,Bar_MIC,13,1,2026-05-05_18h40.21.608,MIC_task,,2026.1.2,59.90351939622037,2026-05-05 18h40.22.906714 +0200,
,,7,0,7,,,,,,,13,c18,zokni,sock,3,clothes,footwear,5.6,74,20,35,None,"(-0.1, -0.1)",None,,,,,,,,,,,0,0,0,0,0,17,17,17,7,0,7,0,279.5827948000515,,,,,,,,,,,,,,,,,,,,,,,,,,,,,,,,,,,,,,,,,,,,,,,,,,,,,,,,,,,,,,,,,,,,,,,,,,,,,,,,,,,,,,,,,,,,,,279.5698139000451,279.5827948000515,279.5827948000515,279.5827948000515,279.76664140005596,None,,,,,,,,,,,,,,P8775,Bar_MIC,13,1,2026-05-05_18h40.21.608,MIC_task,,2026.1.2,59.90351939622037,2026-05-05 18h40.22.906714 +0200,
,,8,0,8,,,,,,,13,c18,zokni,sock,3,clothes,footwear,5.6,74,20,35,None,"(-0.1, -0.1)",None,,,,,,,,,,,0,0,0,0,0,17,17,17,8,0,8,0,279.7831850000657,,,,,,,,,,,,,,,,,,,,,,,,,,,,,,,,,,,,,,,,,,,,,,,,,,,,,,,,,,,,,,,,,,,,,,,,,,,,,,,,,,,,,,,,,,,,,,279.76998290000483,279.7831850000657,279.7831850000657,279.7831850000657,279.96702240000013,None,,,,,,,,,,,,,,P8775,Bar_MIC,13,1,2026-05-05_18h40.21.608,MIC_task,,2026.1.2,59.90351939622037,2026-05-05 18h40.22.906714 +0200,
,,9,0,9,,,,,,,13,c18,zokni,sock,3,clothes,footwear,5.6,74,20,35,None,"(-0.1, -0.1)",None,,,,,,,,,,,0,0,0,0,0,17,17,17,9,0,9,0,279.9835572000593,,,,,,,,,,,,,,,,,,,,,,,,,,,,,,,,,,,,,,,,,,,,,,,,,,,,,,,,,,,,,,,,,,,,,,,,,,,,,,,,,,,,,,,,,,,,,,279.9702247000532,279.9835572000593,279.9835572000593,279.9835572000593,280.1674538999796,None,,,,,,,,,,,,,,P8775,Bar_MIC,13,1,2026-05-05_18h40.21.608,MIC_task,,2026.1.2,59.90351939622037,2026-05-05 18h40.22.906714 +0200,
,,10,0,10,,,,,,,13,c18,zokni,sock,3,clothes,footwear,5.6,74,20,35,None,"(-0.1, -0.1)",None,,,,,,,,,,,0,0,0,0,0,17,17,17,10,0,10,0,280.18384249997325,,,,,,,,,,,,,,,,,,,,,,,,,,,,,,,,,,,,,,,,,,,,,,,,,,,,,,,,,,,,,,,,,,,,,,,,,,,,,,,,,,,,,,,,,,,,,,280.17090829997323,280.18384249997325,280.18384249997325,280.18384249997325,280.3682446000166,None,,,,,,,,,,,,,,P8775,Bar_MIC,13,1,2026-05-05_18h40.21.608,MIC_task,,2026.1.2,59.90351939622037,2026-05-05 18h40.22.906714 +0200,
,,11,0,11,,,,,,,13,c18,zokni,sock,3,clothes,footwear,5.6,74,20,35,None,"(-0.1, -0.1)",space,0.04641109996009618,None,,,,,,,,,0,0,0,0,0,17,17,17,11,0,11,0,280.3841986999614,,,,,,,,,,,,,,,,,,,,,,,,,,,,,,,,,,,,,,,,,,,,,,,,,,,,,,,,,,,,,,,,,,,,,,,,,,,,,,,,,,,,,,,,,,,,,,280.3715360000497,280.3841986999614,280.3841986999614,280.3841986999614,280.4360461999895,space,0.04641109996009618,None,,,,,,,,,,,,P8775,Bar_MIC,13,1,2026-05-05_18h40.21.608,MIC_task,,2026.1.2,59.90351939622037,2026-05-05 18h40.22.906714 +0200,
,,17,17,0,,,,space,5.43414670007769,None,13,c18,zokni,sock,3,clothes,footwear,5.6,74,20,35,None,"(-0.1, -0.1)",,,,,,,,,,,,0,0,0,0,0,17,17,17,,,,,,,,,,,,,,,,,,,,,,,,,,,,,,,,,,,,,,,,,,,,,,,,,,,,,,,,,,,,,,,,,,,,,,,,,,,,,,,,,,,280.4907751000719,280.4964280000422,280.50166196668675,282.4376579000382,,,,,,284.4409589000279,284.4578224000288,284.4578224000288,289.9004810999613,,,,,,,,,,,,282.4618375999853,282.46704979997594,282.470870833386,284.35669190005865,284.4409173000604,space,5.43414670007769,None,,,,P8775,Bar_MIC,13,1,2026-05-05_18h40.21.608,MIC_task,,2026.1.2,59.90351939622037,2026-05-05 18h40.22.906714 +0200,
,,0,0,0,,,,,,,13,v12,busz,bus,10,vehicles,wheels,6.8,None,None,None,19,"(0, 0)",None,,,,,,,,,,,0,0,0,0,0,18,18,18,0,0,0,0,289.9303851000732,,,,,,,,,,,,,,,,,,,,,,,,,,,,,,,,,,,,,,,,,,,,,,,,,,,,,,,,,,,,,,,,,,,,,,,,,,,,,,,,,,,,,,,,,,,,,,289.92511199996807,289.9303851000732,289.9303851000732,289.9303851000732,290.11612759996206,None,,,,,,,,,,,,,,P8775,Bar_MIC,13,1,2026-05-05_18h40.21.608,MIC_task,,2026.1.2,59.90351939622037,2026-05-05 18h40.22.906714 +0200,
,,0,0,0,,,,,,,13,v12,busz,bus,10,vehicles,wheels,6.8,None,None,None,19,"(0, 0)",None,,,,,,,,,,,0,0,0,0,0,18,18,18,0,0,0,0,290.13230040005874,,,,,,,,,,,,,,,,,,,,,,,,,,,,,,,,,,,,,,,,,,,,,,,,,,,,,,,,,,,,,,,,,,,,,,,,,,,,,,,,,,,,,,,,,,,,,,290.11926080007106,290.13230040005874,290.13230040005874,290.13230040005874,290.3167387000285,None,,,,,,,,,,,,,,P8775,Bar_MIC,13,1,2026-05-05_18h40.21.608,MIC_task,,2026.1.2,59.90351939622037,2026-05-05 18h40.22.906714 +0200,
,,1,0,1,,,,,,,13,v12,busz,bus,10,vehicles,wheels,6.8,None,None,None,19,"(0, 0)",None,,,,,,,,,,,0,0,0,0,0,18,18,18,1,0,1,0,290.33277450001333,,,,,,,,,,,,,,,,,,,,,,,,,,,,,,,,,,,,,,,,,,,,,,,,,,,,,,,,,,,,,,,,,,,,,,,,,,,,,,,,,,,,,,,,,,,,,,290.3203280000016,290.33277450001333,290.33277450001333,290.33277450001333,290.51719250006136,None,,,,,,,,,,,,,,P8775,Bar_MIC,13,1,2026-05-05_18h40.21.608,MIC_task,,2026.1.2,59.90351939622037,2026-05-05 18h40.22.906714 +0200,
,,2,0,2,,,,,,,13,v12,busz,bus,10,vehicles,wheels,6.8,None,None,None,19,"(0, 0)",None,,,,,,,,,,,0,0,0,0,0,18,18,18,2,0,2,0,290.5331314000068,,,,,,,,,,,,,,,,,,,,,,,,,,,,,,,,,,,,,,,,,,,,,,,,,,,,,,,,,,,,,,,,,,,,,,,,,,,,,,,,,,,,,,,,,,,,,,290.52082009997685,290.5331314000068,290.5331314000068,290.5331314000068,290.71728370001074,None,,,,,,,,,,,,,,P8775,Bar_MIC,13,1,2026-05-05_18h40.21.608,MIC_task,,2026.1.2,59.90351939622037,2026-05-05 18h40.22.906714 +0200,
,,3,0,3,,,,,,,13,v12,busz,bus,10,vehicles,wheels,6.8,None,None,None,19,"(0, 0)",None,,,,,,,,,,,0,0,0,0,0,18,18,18,3,0,3,0,290.73351559997536,,,,,,,,,,,,,,,,,,,,,,,,,,,,,,,,,,,,,,,,,,,,,,,,,,,,,,,,,,,,,,,,,,,,,,,,,,,,,,,,,,,,,,,,,,,,,,290.72075139998924,290.73351559997536,290.73351559997536,290.73351559997536,290.90092010004446,None,,,,,,,,,,,,,,P8775,Bar_MIC,13,1,2026-05-05_18h40.21.608,MIC_task,,2026.1.2,59.90351939622037,2026-05-05 18h40.22.906714 +0200,
,,4,0,4,,,,,,,13,v12,busz,bus,10,vehicles,wheels,6.8,None,None,None,19,"(0, 0)",None,,,,,,,,,,,0,0,0,0,0,18,18,18,4,0,4,0,290.9170955000445,,,,,,,,,,,,,,,,,,,,,,,,,,,,,,,,,,,,,,,,,,,,,,,,,,,,,,,,,,,,,,,,,,,,,,,,,,,,,,,,,,,,,,,,,,,,,,290.9039963000687,290.9170955000445,290.9170955000445,290.9170955000445,291.10132150002755,None,,,,,,,,,,,,,,P8775,Bar_MIC,13,1,2026-05-05_18h40.21.608,MIC_task,,2026.1.2,59.90351939622037,2026-05-05 18h40.22.906714 +0200,
,,5,0,5,,,,,,,13,v12,busz,bus,10,vehicles,wheels,6.8,None,None,None,19,"(0, 0)",None,,,,,,,,,,,0,0,0,0,0,18,18,18,5,0,5,0,291.1168003999628,,,,,,,,,,,,,,,,,,,,,,,,,,,,,,,,,,,,,,,,,,,,,,,,,,,,,,,,,,,,,,,,,,,,,,,,,,,,,,,,,,,,,,,,,,,,,,291.1050106000621,291.1168003999628,291.1168003999628,291.1168003999628,291.30182900000364,None,,,,,,,,,,,,,,P8775,Bar_MIC,13,1,2026-05-05_18h40.21.608,MIC_task,,2026.1.2,59.90351939622037,2026-05-05 18h40.22.906714 +0200,
,,6,0,6,,,,,,,13,v12,busz,bus,10,vehicles,wheels,6.8,None,None,None,19,"(0, 0)",None,,,,,,,,,,,0,0,0,0,0,18,18,18,6,0,6,0,291.31720920000225,,,,,,,,,,,,,,,,,,,,,,,,,,,,,,,,,,,,,,,,,,,,,,,,,,,,,,,,,,,,,,,,,,,,,,,,,,,,,,,,,,,,,,,,,,,,,,291.3052364999894,291.31720920000225,291.31720920000225,291.31720920000225,291.5011280999752,None,,,,,,,,,,,,,,P8775,Bar_MIC,13,1,2026-05-05_18h40.21.608,MIC_task,,2026.1.2,59.90351939622037,2026-05-05 18h40.22.906714 +0200,
,,7,0,7,,,,,,,13,v12,busz,bus,10,vehicles,wheels,6.8,None,None,None,19,"(0, 0)",None,,,,,,,,,,,0,0,0,0,0,18,18,18,7,0,7,0,291.51762050006073,,,,,,,,,,,,,,,,,,,,,,,,,,,,,,,,,,,,,,,,,,,,,,,,,,,,,,,,,,,,,,,,,,,,,,,,,,,,,,,,,,,,,,,,,,,,,,291.50426189997233,291.51762050006073,291.51762050006073,291.51762050006073,291.70123830006924,None,,,,,,,,,,,,,,P8775,Bar_MIC,13,1,2026-05-05_18h40.21.608,MIC_task,,2026.1.2,59.90351939622037,2026-05-05 18h40.22.906714 +0200,
,,8,0,8,,,,,,,13,v12,busz,bus,10,vehicles,wheels,6.8,None,None,None,19,"(0, 0)",None,,,,,,,,,,,0,0,0,0,0,18,18,18,8,0,8,0,291.71793180005625,,,,,,,,,,,,,,,,,,,,,,,,,,,,,,,,,,,,,,,,,,,,,,,,,,,,,,,,,,,,,,,,,,,,,,,,,,,,,,,,,,,,,,,,,,,,,,291.7048693000106,291.71793180005625,291.71793180005625,291.71793180005625,291.9018604999874,None,,,,,,,,,,,,,,P8775,Bar_MIC,13,1,2026-05-05_18h40.21.608,MIC_task,,2026.1.2,59.90351939622037,2026-05-05 18h40.22.906714 +0200,
,,9,0,9,,,,,,,13,v12,busz,bus,10,vehicles,wheels,6.8,None,None,None,19,"(0, 0)",None,,,,,,,,,,,0,0,0,0,0,18,18,18,9,0,9,0,291.91829980001785,,,,,,,,,,,,,,,,,,,,,,,,,,,,,,,,,,,,,,,,,,,,,,,,,,,,,,,,,,,,,,,,,,,,,,,,,,,,,,,,,,,,,,,,,,,,,,291.90514250006527,291.91829980001785,291.91829980001785,291.91829980001785,292.1021630000323,None,,,,,,,,,,,,,,P8775,Bar_MIC,13,1,2026-05-05_18h40.21.608,MIC_task,,2026.1.2,59.90351939622037,2026-05-05 18h40.22.906714 +0200,
,,10,0,10,,,,,,,13,v12,busz,bus,10,vehicles,wheels,6.8,None,None,None,19,"(0, 0)",None,,,,,,,,,,,0,0,0,0,0,18,18,18,10,0,10,0,292.1186541999923,,,,,,,,,,,,,,,,,,,,,,,,,,,,,,,,,,,,,,,,,,,,,,,,,,,,,,,,,,,,,,,,,,,,,,,,,,,,,,,,,,,,,,,,,,,,,,292.10569060000125,292.1186541999923,292.1186541999923,292.1186541999923,292.30244600004517,None,,,,,,,,,,,,,,P8775,Bar_MIC,13,1,2026-05-05_18h40.21.608,MIC_task,,2026.1.2,59.90351939622037,2026-05-05 18h40.22.906714 +0200,
,,11,0,11,,,,,,,13,v12,busz,bus,10,vehicles,wheels,6.8,None,None,None,19,"(0, 0)",None,,,,,,,,,,,0,0,0,0,0,18,18,18,11,0,11,0,292.3189462000737,,,,,,,,,,,,,,,,,,,,,,,,,,,,,,,,,,,,,,,,,,,,,,,,,,,,,,,,,,,,,,,,,,,,,,,,,,,,,,,,,,,,,,,,,,,,,,292.306035000016,292.3189462000737,292.3189462000737,292.3189462000737,292.5031839000294,None,,,,,,,,,,,,,,P8775,Bar_MIC,13,1,2026-05-05_18h40.21.608,MIC_task,,2026.1.2,59.90351939622037,2026-05-05 18h40.22.906714 +0200,
,,12,0,12,,,,,,,13,v12,busz,bus,10,vehicles,wheels,6.8,None,None,None,19,"(0, 0)",None,,,,,,,,,,,0,0,0,0,0,18,18,18,12,0,12,0,292.5193621000508,,,,,,,,,,,,,,,,,,,,,,,,,,,,,,,,,,,,,,,,,,,,,,,,,,,,,,,,,,,,,,,,,,,,,,,,,,,,,,,,,,,,,,,,,,,,,,292.506275700056,292.5193621000508,292.5193621000508,292.5193621000508,292.703310300014,None,,,,,,,,,,,,,,P8775,Bar_MIC,13,1,2026-05-05_18h40.21.608,MIC_task,,2026.1.2,59.90351939622037,2026-05-05 18h40.22.906714 +0200,
,,13,0,13,,,,,,,13,v12,busz,bus,10,vehicles,wheels,6.8,None,None,None,19,"(0, 0)",None,,,,,,,,,,,0,0,0,0,0,18,18,18,13,0,13,0,292.719687600038,,,,,,,,,,,,,,,,,,,,,,,,,,,,,,,,,,,,,,,,,,,,,,,,,,,,,,,,,,,,,,,,,,,,,,,,,,,,,,,,,,,,,,,,,,,,,,292.7068714000052,292.719687600038,292.719687600038,292.719687600038,292.90383880003355,None,,,,,,,,,,,,,,P8775,Bar_MIC,13,1,2026-05-05_18h40.21.608,MIC_task,,2026.1.2,59.90351939622037,2026-05-05 18h40.22.906714 +0200,
,,14,0,14,,,,,,,13,v12,busz,bus,10,vehicles,wheels,6.8,None,None,None,19,"(0, 0)",space,0.026596499956212938,None,,,,,,,,,0,0,0,0,0,18,18,18,14,0,14,0,292.9201636000071,,,,,,,,,,,,,,,,,,,,,,,,,,,,,,,,,,,,,,,,,,,,,,,,,,,,,,,,,,,,,,,,,,,,,,,,,,,,,,,,,,,,,,,,,,,,,,292.90743999998085,292.9201636000071,292.9201636000071,292.9201636000071,292.9539314999711,space,0.026596499956212938,None,,,,,,,,,,,,P8775,Bar_MIC,13,1,2026-05-05_18h40.21.608,MIC_task,,2026.1.2,59.90351939622037,2026-05-05 18h40.22.906714 +0200,
,,18,18,0,,,,space,0.4604754999745637,None,13,v12,busz,bus,10,vehicles,wheels,6.8,None,None,None,19,"(0, 0)",,,,,,,,,,,,0,0,0,0,0,18,18,18,,,,,,,,,,,,,,,,,,,,,,,,,,,,,,,,,,,,,,,,,,,,,,,,,,,,,,,,,,,,,,,,,,,,,,,,,,,,,,,,,,,293.0097783000674,293.0155888000736,293.0196218666543,294.9559507999802,,,,,,296.96075570001267,296.97556960000657,296.97556960000657,297.44420270004775,,,,,,,,,,,,294.98150120000355,294.98741279996466,294.98916523333946,296.87594499997795,296.96071120002307,space,0.4604754999745637,None,,,,P8775,Bar_MIC,13,1,2026-05-05_18h40.21.608,MIC_task,,2026.1.2,59.90351939622037,2026-05-05 18h40.22.906714 +0200,
,,0,0,0,,,,,,,13,ty27,labda,ball,9,toys,sport,7,148,18,34,None,"(0, -0.1)",None,,,,,,,,,,,0,0,0,0,0,19,19,19,0,0,0,0,297.46914940001443,,,,,,,,,,,,,,,,,,,,,,,,,,,,,,,,,,,,,,,,,,,,,,,,,,,,,,,,,,,,,,,,,,,,,,,,,,,,,,,,,,,,,,,,,,,,,,297.4639174999902,297.46914940001443,297.46914940001443,297.46914940001443,297.6608403000282,None,,,,,,,,,,,,,,P8775,Bar_MIC,13,1,2026-05-05_18h40.21.608,MIC_task,,2026.1.2,59.90351939622037,2026-05-05 18h40.22.906714 +0200,
,,0,0,0,,,,,,,13,ty27,labda,ball,9,toys,sport,7,148,18,34,None,"(0, -0.1)",None,,,,,,,,,,,0,0,0,0,0,19,19,19,0,0,0,0,297.67716920003295,,,,,,,,,,,,,,,,,,,,,,,,,,,,,,,,,,,,,,,,,,,,,,,,,,,,,,,,,,,,,,,,,,,,,,,,,,,,,,,,,,,,,,,,,,,,,,297.6639764000429,297.67716920003295,297.67716920003295,297.67716920003295,297.84444819996133,None,,,,,,,,,,,,,,P8775,Bar_MIC,13,1,2026-05-05_18h40.21.608,MIC_task,,2026.1.2,59.90351939622037,2026-05-05 18h40.22.906714 +0200,
,,1,0,1,,,,,,,13,ty27,labda,ball,9,toys,sport,7,148,18,34,None,"(0, -0.1)",None,,,,,,,,,,,0,0,0,0,0,19,19,19,1,0,1,0,297.8607220000122,,,,,,,,,,,,,,,,,,,,,,,,,,,,,,,,,,,,,,,,,,,,,,,,,,,,,,,,,,,,,,,,,,,,,,,,,,,,,,,,,,,,,,,,,,,,,,297.84767170005944,297.8607220000122,297.8607220000122,297.8607220000122,298.0449150999775,None,,,,,,,,,,,,,,P8775,Bar_MIC,13,1,2026-05-05_18h40.21.608,MIC_task,,2026.1.2,59.90351939622037,2026-05-05 18h40.22.906714 +0200,
,,2,0,2,,,,,,,13,ty27,labda,ball,9,toys,sport,7,148,18,34,None,"(0, -0.1)",None,,,,,,,,,,,0,0,0,0,0,19,19,19,2,0,2,0,298.0611496999627,,,,,,,,,,,,,,,,,,,,,,,,,,,,,,,,,,,,,,,,,,,,,,,,,,,,,,,,,,,,,,,,,,,,,,,,,,,,,,,,,,,,,,,,,,,,,,298.04806840000674,298.0611496999627,298.0611496999627,298.0611496999627,298.2452554999618,None,,,,,,,,,,,,,,P8775,Bar_MIC,13,1,2026-05-05_18h40.21.608,MIC_task,,2026.1.2,59.90351939622037,2026-05-05 18h40.22.906714 +0200,
,,3,0,3,,,,,,,13,ty27,labda,ball,9,toys,sport,7,148,18,34,None,"(0, -0.1)",None,,,,,,,,,,,0,0,0,0,0,19,19,19,3,0,3,0,298.26081880007405,,,,,,,,,,,,,,,,,,,,,,,,,,,,,,,,,,,,,,,,,,,,,,,,,,,,,,,,,,,,,,,,,,,,,,,,,,,,,,,,,,,,,,,,,,,,,,298.24822369997855,298.26081880007405,298.26081880007405,298.26081880007405,298.44596749998163,None,,,,,,,,,,,,,,P8775,Bar_MIC,13,1,2026-05-05_18h40.21.608,MIC_task,,2026.1.2,59.90351939622037,2026-05-05 18h40.22.906714 +0200,
,,4,0,4,,,,,,,13,ty27,labda,ball,9,toys,sport,7,148,18,34,None,"(0, -0.1)",None,,,,,,,,,,,0,0,0,0,0,19,19,19,4,0,4,0,298.46197870001197,,,,,,,,,,,,,,,,,,,,,,,,,,,,,,,,,,,,,,,,,,,,,,,,,,,,,,,,,,,,,,,,,,,,,,,,,,,,,,,,,,,,,,,,,,,,,,298.44907009997405,298.46197870001197,298.46197870001197,298.46197870001197,298.6460458000656,None,,,,,,,,,,,,,,P8775,Bar_MIC,13,1,2026-05-05_18h40.21.608,MIC_task,,2026.1.2,59.90351939622037,2026-05-05 18h40.22.906714 +0200,
,,5,0,5,,,,,,,13,ty27,labda,ball,9,toys,sport,7,148,18,34,None,"(0, -0.1)",None,,,,,,,,,,,0,0,0,0,0,19,19,19,5,0,5,0,298.66160190000664,,,,,,,,,,,,,,,,,,,,,,,,,,,,,,,,,,,,,,,,,,,,,,,,,,,,,,,,,,,,,,,,,,,,,,,,,,,,,,,,,,,,,,,,,,,,,,298.6494098000694,298.66160190000664,298.66160190000664,298.66160190000664,298.8464215999702,None,,,,,,,,,,,,,,P8775,Bar_MIC,13,1,2026-05-05_18h40.21.608,MIC_task,,2026.1.2,59.90351939622037,2026-05-05 18h40.22.906714 +0200,
,,6,0,6,,,,,,,13,ty27,labda,ball,9,toys,sport,7,148,18,34,None,"(0, -0.1)",None,,,,,,,,,,,0,0,0,0,0,19,19,19,6,0,6,0,298.8620243000332,,,,,,,,,,,,,,,,,,,,,,,,,,,,,,,,,,,,,,,,,,,,,,,,,,,,,,,,,,,,,,,,,,,,,,,,,,,,,,,,,,,,,,,,,,,,,,298.8497247999767,298.8620243000332,298.8620243000332,298.8620243000332,299.04578479996417,None,,,,,,,,,,,,,,P8775,Bar_MIC,13,1,2026-05-05_18h40.21.608,MIC_task,,2026.1.2,59.90351939622037,2026-05-05 18h40.22.906714 +0200,
,,7,0,7,,,,,,,13,ty27,labda,ball,9,toys,sport,7,148,18,34,None,"(0, -0.1)",None,,,,,,,,,,,0,0,0,0,0,19,19,19,7,0,7,0,299.06240539997816,,,,,,,,,,,,,,,,,,,,,,,,,,,,,,,,,,,,,,,,,,,,,,,,,,,,,,,,,,,,,,,,,,,,,,,,,,,,,,,,,,,,,,,,,,,,,,299.0492580999853,299.06240539997816,299.06240539997816,299.06240539997816,299.2473100000061,None,,,,,,,,,,,,,,P8775,Bar_MIC,13,1,2026-05-05_18h40.21.608,MIC_task,,2026.1.2,59.90351939622037,2026-05-05 18h40.22.906714 +0200,
,,8,0,8,,,,,,,13,ty27,labda,ball,9,toys,sport,7,148,18,34,None,"(0, -0.1)",None,,,,,,,,,,,0,0,0,0,0,19,19,19,8,0,8,0,299.2627160999691,,,,,,,,,,,,,,,,,,,,,,,,,,,,,,,,,,,,,,,,,,,,,,,,,,,,,,,,,,,,,,,,,,,,,,,,,,,,,,,,,,,,,,,,,,,,,,299.250562399975,299.2627160999691,299.2627160999691,299.2627160999691,299.44666480005253,None,,,,,,,,,,,,,,P8775,Bar_MIC,13,1,2026-05-05_18h40.21.608,MIC_task,,2026.1.2,59.90351939622037,2026-05-05 18h40.22.906714 +0200,
,,9,0,9,,,,,,,13,ty27,labda,ball,9,toys,sport,7,148,18,34,None,"(0, -0.1)",None,,,,,,,,,,,0,0,0,0,0,19,19,19,9,0,9,0,299.46309900004417,,,,,,,,,,,,,,,,,,,,,,,,,,,,,,,,,,,,,,,,,,,,,,,,,,,,,,,,,,,,,,,,,,,,,,,,,,,,,,,,,,,,,,,,,,,,,,299.4500002000714,299.46309900004417,299.46309900004417,299.46309900004417,299.6471240000101,None,,,,,,,,,,,,,,P8775,Bar_MIC,13,1,2026-05-05_18h40.21.608,MIC_task,,2026.1.2,59.90351939622037,2026-05-05 18h40.22.906714 +0200,
,,10,0,10,,,,,,,13,ty27,labda,ball,9,toys,sport,7,148,18,34,None,"(0, -0.1)",None,,,,,,,,,,,0,0,0,0,0,19,19,19,10,0,10,0,299.66351460001897,,,,,,,,,,,,,,,,,,,,,,,,,,,,,,,,,,,,,,,,,,,,,,,,,,,,,,,,,,,,,,,,,,,,,,,,,,,,,,,,,,,,,,,,,,,,,,299.65033570001833,299.66351460001897,299.66351460001897,299.66351460001897,299.84756430005655,None,,,,,,,,,,,,,,P8775,Bar_MIC,13,1,2026-05-05_18h40.21.608,MIC_task,,2026.1.2,59.90351939622037,2026-05-05 18h40.22.906714 +0200,
,,11,0,11,,,,,,,13,ty27,labda,ball,9,toys,sport,7,148,18,34,None,"(0, -0.1)",None,,,,,,,,,,,0,0,0,0,0,19,19,19,11,0,11,0,299.8638390999986,,,,,,,,,,,,,,,,,,,,,,,,,,,,,,,,,,,,,,,,,,,,,,,,,,,,,,,,,,,,,,,,,,,,,,,,,,,,,,,,,,,,,,,,,,,,,,299.85073990002275,299.8638390999986,299.8638390999986,299.8638390999986,300.047770800069,None,,,,,,,,,,,,,,P8775,Bar_MIC,13,1,2026-05-05_18h40.21.608,MIC_task,,2026.1.2,59.90351939622037,2026-05-05 18h40.22.906714 +0200,
,,12,0,12,,,,,,,13,ty27,labda,ball,9,toys,sport,7,148,18,34,None,"(0, -0.1)",None,,,,,,,,,,,0,0,0,0,0,19,19,19,12,0,12,0,300.0641259000404,,,,,,,,,,,,,,,,,,,,,,,,,,,,,,,,,,,,,,,,,,,,,,,,,,,,,,,,,,,,,,,,,,,,,,,,,,,,,,,,,,,,,,,,,,,,,,300.05106830003206,300.0641259000404,300.0641259000404,300.0641259000404,300.2483283999609,None,,,,,,,,,,,,,,P8775,Bar_MIC,13,1,2026-05-05_18h40.21.608,MIC_task,,2026.1.2,59.90351939622037,2026-05-05 18h40.22.906714 +0200,
,,13,0,13,,,,,,,13,ty27,labda,ball,9,toys,sport,7,148,18,34,None,"(0, -0.1)",None,,,,,,,,,,,0,0,0,0,0,19,19,19,13,0,13,0,300.26460470003076,,,,,,,,,,,,,,,,,,,,,,,,,,,,,,,,,,,,,,,,,,,,,,,,,,,,,,,,,,,,,,,,,,,,,,,,,,,,,,,,,,,,,,,,,,,,,,300.2515408999752,300.26460470003076,300.26460470003076,300.26460470003076,300.4485948999645,None,,,,,,,,,,,,,,P8775,Bar_MIC,13,1,2026-05-05_18h40.21.608,MIC_task,,2026.1.2,59.90351939622037,2026-05-05 18h40.22.906714 +0200,
,,14,0,14,,,,,,,13,ty27,labda,ball,9,toys,sport,7,148,18,34,None,"(0, -0.1)",None,,,,,,,,,,,0,0,0,0,0,19,19,19,14,0,14,0,300.4649134000065,,,,,,,,,,,,,,,,,,,,,,,,,,,,,,,,,,,,,,,,,,,,,,,,,,,,,,,,,,,,,,,,,,,,,,,,,,,,,,,,,,,,,,,,,,,,,,300.45187009999063,300.4649134000065,300.4649134000065,300.4649134000065,300.6486333999783,None,,,,,,,,,,,,,,P8775,Bar_MIC,13,1,2026-05-05_18h40.21.608,MIC_task,,2026.1.2,59.90351939622037,2026-05-05 18h40.22.906714 +0200,
,,15,0,15,,,,,,,13,ty27,labda,ball,9,toys,sport,7,148,18,34,None,"(0, -0.1)",None,,,,,,,,,,,0,0,0,0,0,19,19,19,15,0,15,0,300.6645343999844,,,,,,,,,,,,,,,,,,,,,,,,,,,,,,,,,,,,,,,,,,,,,,,,,,,,,,,,,,,,,,,,,,,,,,,,,,,,,,,,,,,,,,,,,,,,,,300.6518656000262,300.6645343999844,300.6645343999844,300.6645343999844,300.84905710001476,None,,,,,,,,,,,,,,P8775,Bar_MIC,13,1,2026-05-05_18h40.21.608,MIC_task,,2026.1.2,59.90351939622037,2026-05-05 18h40.22.906714 +0200,
,,16,0,16,,,,,,,13,ty27,labda,ball,9,toys,sport,7,148,18,34,None,"(0, -0.1)",None,,,,,,,,,,,0,0,0,0,0,19,19,19,16,0,16,0,300.86497090000194,,,,,,,,,,,,,,,,,,,,,,,,,,,,,,,,,,,,,,,,,,,,,,,,,,,,,,,,,,,,,,,,,,,,,,,,,,,,,,,,,,,,,,,,,,,,,,300.85216030001175,300.86497090000194,300.86497090000194,300.86497090000194,301.04972730006557,None,,,,,,,,,,,,,,P8775,Bar_MIC,13,1,2026-05-05_18h40.21.608,MIC_task,,2026.1.2,59.90351939622037,2026-05-05 18h40.22.906714 +0200,
,,17,0,17,,,,,,,13,ty27,labda,ball,9,toys,sport,7,148,18,34,None,"(0, -0.1)",None,,,,,,,,,,,0,0,0,0,0,19,19,19,17,0,17,0,301.06534870003816,,,,,,,,,,,,,,,,,,,,,,,,,,,,,,,,,,,,,,,,,,,,,,,,,,,,,,,,,,,,,,,,,,,,,,,,,,,,,,,,,,,,,,,,,,,,,,301.0532765999669,301.06534870003816,301.06534870003816,301.06534870003816,301.2490608000662,None,,,,,,,,,,,,,,P8775,Bar_MIC,13,1,2026-05-05_18h40.21.608,MIC_task,,2026.1.2,59.90351939622037,2026-05-05 18h40.22.906714 +0200,
,,18,0,18,,,,,,,13,ty27,labda,ball,9,toys,sport,7,148,18,34,None,"(0, -0.1)",None,,,,,,,,,,,0,0,0,0,0,19,19,19,18,0,18,0,301.2657492000144,,,,,,,,,,,,,,,,,,,,,,,,,,,,,,,,,,,,,,,,,,,,,,,,,,,,,,,,,,,,,,,,,,,,,,,,,,,,,,,,,,,,,,,,,,,,,,301.2518900000723,301.2657492000144,301.2657492000144,301.2657492000144,301.4496294000419,None,,,,,,,,,,,,,,P8775,Bar_MIC,13,1,2026-05-05_18h40.21.608,MIC_task,,2026.1.2,59.90351939622037,2026-05-05 18h40.22.906714 +0200,
,,19,0,19,,,,,,,13,ty27,labda,ball,9,toys,sport,7,148,18,34,None,"(0, -0.1)",None,,,,,,,,,,,0,0,0,0,0,19,19,19,19,0,19,0,301.46607880003285,,,,,,,,,,,,,,,,,,,,,,,,,,,,,,,,,,,,,,,,,,,,,,,,,,,,,,,,,,,,,,,,,,,,,,,,,,,,,,,,,,,,,,,,,,,,,,301.4525489000371,301.46607880003285,301.46607880003285,301.46607880003285,301.6499181999825,None,,,,,,,,,,,,,,P8775,Bar_MIC,13,1,2026-05-05_18h40.21.608,MIC_task,,2026.1.2,59.90351939622037,2026-05-05 18h40.22.906714 +0200,
,,20,0,20,,,,,,,13,ty27,labda,ball,9,toys,sport,7,148,18,34,None,"(0, -0.1)",None,,,,,,,,,,,0,0,0,0,0,19,19,19,20,0,20,0,301.66643069998827,,,,,,,,,,,,,,,,,,,,,,,,,,,,,,,,,,,,,,,,,,,,,,,,,,,,,,,,,,,,,,,,,,,,,,,,,,,,,,,,,,,,,,,,,,,,,,301.6526409999933,301.66643069998827,301.66643069998827,301.66643069998827,301.85024339996744,None,,,,,,,,,,,,,,P8775,Bar_MIC,13,1,2026-05-05_18h40.21.608,MIC_task,,2026.1.2,59.90351939622037,2026-05-05 18h40.22.906714 +0200,
,,21,0,21,,,,,,,13,ty27,labda,ball,9,toys,sport,7,148,18,34,None,"(0, -0.1)",None,,,,,,,,,,,0,0,0,0,0,19,19,19,21,0,21,0,301.86674630001653,,,,,,,,,,,,,,,,,,,,,,,,,,,,,,,,,,,,,,,,,,,,,,,,,,,,,,,,,,,,,,,,,,,,,,,,,,,,,,,,,,,,,,,,,,,,,,301.8534137000097,301.86674630001653,301.86674630001653,301.86674630001653,302.05087709997315,None,,,,,,,,,,,,,,P8775,Bar_MIC,13,1,2026-05-05_18h40.21.608,MIC_task,,2026.1.2,59.90351939622037,2026-05-05 18h40.22.906714 +0200,
,,22,0,22,,,,,,,13,ty27,labda,ball,9,toys,sport,7,148,18,34,None,"(0, -0.1)",None,,,,,,,,,,,0,0,0,0,0,19,19,19,22,0,22,0,302.06720090005547,,,,,,,,,,,,,,,,,,,,,,,,,,,,,,,,,,,,,,,,,,,,,,,,,,,,,,,,,,,,,,,,,,,,,,,,,,,,,,,,,,,,,,,,,,,,,,302.0535920000402,302.06720090005547,302.06720090005547,302.06720090005547,302.2512068999931,None,,,,,,,,,,,,,,P8775,Bar_MIC,13,1,2026-05-05_18h40.21.608,MIC_task,,2026.1.2,59.90351939622037,2026-05-05 18h40.22.906714 +0200,
,,23,0,23,,,,,,,13,ty27,labda,ball,9,toys,sport,7,148,18,34,None,"(0, -0.1)",None,,,,,,,,,,,0,0,0,0,0,19,19,19,23,0,23,0,302.26761580002494,,,,,,,,,,,,,,,,,,,,,,,,,,,,,,,,,,,,,,,,,,,,,,,,,,,,,,,,,,,,,,,,,,,,,,,,,,,,,,,,,,,,,,,,,,,,,,302.2543835999677,302.26761580002494,302.26761580002494,302.26761580002494,302.45181910006795,None,,,,,,,,,,,,,,P8775,Bar_MIC,13,1,2026-05-05_18h40.21.608,MIC_task,,2026.1.2,59.90351939622037,2026-05-05 18h40.22.906714 +0200,
,,24,0,24,,,,,,,13,ty27,labda,ball,9,toys,sport,7,148,18,34,None,"(0, -0.1)",None,,,,,,,,,,,0,0,0,0,0,19,19,19,24,0,24,0,302.46794910007156,,,,,,,,,,,,,,,,,,,,,,,,,,,,,,,,,,,,,,,,,,,,,,,,,,,,,,,,,,,,,,,,,,,,,,,,,,,,,,,,,,,,,,,,,,,,,,302.454964500037,302.46794910007156,302.46794910007156,302.46794910007156,302.6521952999756,None,,,,,,,,,,,,,,P8775,Bar_MIC,13,1,2026-05-05_18h40.21.608,MIC_task,,2026.1.2,59.90351939622037,2026-05-05 18h40.22.906714 +0200,
,,25,0,25,,,,,,,13,ty27,labda,ball,9,toys,sport,7,148,18,34,None,"(0, -0.1)",None,,,,,,,,,,,0,0,0,0,0,19,19,19,25,0,25,0,302.66827000002377,,,,,,,,,,,,,,,,,,,,,,,,,,,,,,,,,,,,,,,,,,,,,,,,,,,,,,,,,,,,,,,,,,,,,,,,,,,,,,,,,,,,,,,,,,,,,,302.6550996999722,302.66827000002377,302.66827000002377,302.66827000002377,302.8523107999936,None,,,,,,,,,,,,,,P8775,Bar_MIC,13,1,2026-05-05_18h40.21.608,MIC_task,,2026.1.2,59.90351939622037,2026-05-05 18h40.22.906714 +0200,
,,26,0,26,,,,,,,13,ty27,labda,ball,9,toys,sport,7,148,18,34,None,"(0, -0.1)",None,,,,,,,,,,,0,0,0,0,0,19,19,19,26,0,26,0,302.8678330000257,,,,,,,,,,,,,,,,,,,,,,,,,,,,,,,,,,,,,,,,,,,,,,,,,,,,,,,,,,,,,,,,,,,,,,,,,,,,,,,,,,,,,,,,,,,,,,302.85544139996637,302.8678330000257,302.8678330000257,302.8678330000257,303.0525325000053,None,,,,,,,,,,,,,,P8775,Bar_MIC,13,1,2026-05-05_18h40.21.608,MIC_task,,2026.1.2,59.90351939622037,2026-05-05 18h40.22.906714 +0200,
,,27,0,27,,,,,,,13,ty27,labda,ball,9,toys,sport,7,148,18,34,None,"(0, -0.1)",None,,,,,,,,,,,0,0,0,0,0,19,19,19,27,0,27,0,303.06825450004544,,,,,,,,,,,,,,,,,,,,,,,,,,,,,,,,,,,,,,,,,,,,,,,,,,,,,,,,,,,,,,,,,,,,,,,,,,,,,,,,,,,,,,,,,,,,,,303.0557722999947,303.06825450004544,303.06825450004544,303.06825450004544,303.2531135000754,None,,,,,,,,,,,,,,P8775,Bar_MIC,13,1,2026-05-05_18h40.21.608,MIC_task,,2026.1.2,59.90351939622037,2026-05-05 18h40.22.906714 +0200,
,,28,0,28,,,,,,,13,ty27,labda,ball,9,toys,sport,7,148,18,34,None,"(0, -0.1)",None,,,,,,,,,,,0,0,0,0,0,19,19,19,28,0,28,0,303.2686430000467,,,,,,,,,,,,,,,,,,,,,,,,,,,,,,,,,,,,,,,,,,,,,,,,,,,,,,,,,,,,,,,,,,,,,,,,,,,,,,,,,,,,,,,,,,,,,,303.2564776999643,303.2686430000467,303.2686430000467,303.2686430000467,303.4526119000511,None,,,,,,,,,,,,,,P8775,Bar_MIC,13,1,2026-05-05_18h40.21.608,MIC_task,,2026.1.2,59.90351939622037,2026-05-05 18h40.22.906714 +0200,
,,29,0,29,,,,,,,13,ty27,labda,ball,9,toys,sport,7,148,18,34,None,"(0, -0.1)",None,,,,,,,,,,,0,0,0,0,0,19,19,19,29,0,29,0,303.46901640004944,,,,,,,,,,,,,,,,,,,,,,,,,,,,,,,,,,,,,,,,,,,,,,,,,,,,,,,,,,,,,,,,,,,,,,,,,,,,,,,,,,,,,,,,,,,,,,303.4557294000406,303.46901640004944,303.46901640004944,303.46901640004944,303.65397830004804,None,,,,,,,,,,,,,,P8775,Bar_MIC,13,1,2026-05-05_18h40.21.608,MIC_task,,2026.1.2,59.90351939622037,2026-05-05 18h40.22.906714 +0200,
,,30,0,30,,,,,,,13,ty27,labda,ball,9,toys,sport,7,148,18,34,None,"(0, -0.1)",None,,,,,,,,,,,0,0,0,0,0,19,19,19,30,0,30,0,303.6693874000339,,,,,,,,,,,,,,,,,,,,,,,,,,,,,,,,,,,,,,,,,,,,,,,,,,,,,,,,,,,,,,,,,,,,,,,,,,,,,,,,,,,,,,,,,,,,,,303.6572515000589,303.6693874000339,303.6693874000339,303.6693874000339,303.85338490002323,None,,,,,,,,,,,,,,P8775,Bar_MIC,13,1,2026-05-05_18h40.21.608,MIC_task,,2026.1.2,59.90351939622037,2026-05-05 18h40.22.906714 +0200,
,,31,0,31,,,,,,,13,ty27,labda,ball,9,toys,sport,7,148,18,34,None,"(0, -0.1)",None,,,,,,,,,,,0,0,0,0,0,19,19,19,31,0,31,0,303.869774700026,,,,,,,,,,,,,,,,,,,,,,,,,,,,,,,,,,,,,,,,,,,,,,,,,,,,,,,,,,,,,,,,,,,,,,,,,,,,,,,,,,,,,,,,,,,,,,303.8565362000372,303.869774700026,303.869774700026,303.869774700026,304.05412330001127,None,,,,,,,,,,,,,,P8775,Bar_MIC,13,1,2026-05-05_18h40.21.608,MIC_task,,2026.1.2,59.90351939622037,2026-05-05 18h40.22.906714 +0200,
,,32,0,32,,,,,,,13,ty27,labda,ball,9,toys,sport,7,148,18,34,None,"(0, -0.1)",None,,,,,,,,,,,0,0,0,0,0,19,19,19,32,0,32,0,304.0701599000022,,,,,,,,,,,,,,,,,,,,,,,,,,,,,,,,,,,,,,,,,,,,,,,,,,,,,,,,,,,,,,,,,,,,,,,,,,,,,,,,,,,,,,,,,,,,,,304.0574821999762,304.0701599000022,304.0701599000022,304.0701599000022,304.25438729999587,None,,,,,,,,,,,,,,P8775,Bar_MIC,13,1,2026-05-05_18h40.21.608,MIC_task,,2026.1.2,59.90351939622037,2026-05-05 18h40.22.906714 +0200,
,,33,0,33,,,,,,,13,ty27,labda,ball,9,toys,sport,7,148,18,34,None,"(0, -0.1)",None,,,,,,,,,,,0,0,0,0,0,19,19,19,33,0,33,0,304.2705559000606,,,,,,,,,,,,,,,,,,,,,,,,,,,,,,,,,,,,,,,,,,,,,,,,,,,,,,,,,,,,,,,,,,,,,,,,,,,,,,,,,,,,,,,,,,,,,,304.2574424999766,304.2705559000606,304.2705559000606,304.2705559000606,304.45442650001496,None,,,,,,,,,,,,,,P8775,Bar_MIC,13,1,2026-05-05_18h40.21.608,MIC_task,,2026.1.2,59.90351939622037,2026-05-05 18h40.22.906714 +0200,
,,34,0,34,,,,,,,13,ty27,labda,ball,9,toys,sport,7,148,18,34,None,"(0, -0.1)",None,,,,,,,,,,,0,0,0,0,0,19,19,19,34,0,34,0,304.4707766000647,,,,,,,,,,,,,,,,,,,,,,,,,,,,,,,,,,,,,,,,,,,,,,,,,,,,,,,,,,,,,,,,,,,,,,,,,,,,,,,,,,,,,,,,,,,,,,304.45770639996044,304.4707766000647,304.4707766000647,304.4707766000647,304.65472340001725,None,,,,,,,,,,,,,,P8775,Bar_MIC,13,1,2026-05-05_18h40.21.608,MIC_task,,2026.1.2,59.90351939622037,2026-05-05 18h40.22.906714 +0200,
,,35,0,35,,,,,,,13,ty27,labda,ball,9,toys,sport,7,148,18,34,None,"(0, -0.1)",None,,,,,,,,,,,0,0,0,0,0,19,19,19,35,0,35,0,304.67114870005753,,,,,,,,,,,,,,,,,,,,,,,,,,,,,,,,,,,,,,,,,,,,,,,,,,,,,,,,,,,,,,,,,,,,,,,,,,,,,,,,,,,,,,,,,,,,,,304.6577046000166,304.67114870005753,304.67114870005753,304.67114870005753,304.8552799000172,None,,,,,,,,,,,,,,P8775,Bar_MIC,13,1,2026-05-05_18h40.21.608,MIC_task,,2026.1.2,59.90351939622037,2026-05-05 18h40.22.906714 +0200,
,,36,0,36,,,,,,,13,ty27,labda,ball,9,toys,sport,7,148,18,34,None,"(0, -0.1)",None,,,,,,,,,,,0,0,0,0,0,19,19,19,36,0,36,0,304.87151019996963,,,,,,,,,,,,,,,,,,,,,,,,,,,,,,,,,,,,,,,,,,,,,,,,,,,,,,,,,,,,,,,,,,,,,,,,,,,,,,,,,,,,,,,,,,,,,,304.85850319999736,304.87151019996963,304.87151019996963,304.87151019996963,305.05603770003654,None,,,,,,,,,,,,,,P8775,Bar_MIC,13,1,2026-05-05_18h40.21.608,MIC_task,,2026.1.2,59.90351939622037,2026-05-05 18h40.22.906714 +0200,
,,37,0,37,,,,,,,13,ty27,labda,ball,9,toys,sport,7,148,18,34,None,"(0, -0.1)",None,,,,,,,,,,,0,0,0,0,0,19,19,19,37,0,37,0,305.07120030000806,,,,,,,,,,,,,,,,,,,,,,,,,,,,,,,,,,,,,,,,,,,,,,,,,,,,,,,,,,,,,,,,,,,,,,,,,,,,,,,,,,,,,,,,,,,,,,305.0591865000315,305.07120030000806,305.07120030000806,305.07120030000806,305.25618889997713,None,,,,,,,,,,,,,,P8775,Bar_MIC,13,1,2026-05-05_18h40.21.608,MIC_task,,2026.1.2,59.90351939622037,2026-05-05 18h40.22.906714 +0200,
,,38,0,38,,,,,,,13,ty27,labda,ball,9,toys,sport,7,148,18,34,None,"(0, -0.1)",space,None,None,,,,,,,,,0,0,0,0,0,19,19,19,38,0,38,0,305.27157139999326,,,,,,,,,,,,,,,,,,,,,,,,,,,,,,,,,,,,,,,,,,,,,,,,,,,,,,,,,,,,,,,,,,,,,,,,,,,,,,,,,,,,,,,,,,,,,,305.25878879998345,305.27157139999326,305.27157139999326,305.27157139999326,305.3572972000111,space,None,None,,,,,,,,,,,,P8775,Bar_MIC,13,1,2026-05-05_18h40.21.608,MIC_task,,2026.1.2,59.90351939622037,2026-05-05 18h40.22.906714 +0200,
,,19,19,0,,,,space,12.130361800082028,None,13,ty27,labda,ball,9,toys,sport,7,148,18,34,None,"(0, -0.1)",,,,,,,,,,,,0,0,0,0,0,19,19,19,,,,,,,,,,,,,,,,,,,,,,,,,,,,,,,,,,,,,,,,,,,,,,,,,,,,,,,,,,,,,,,,,,,,,,,,,,,,,,,,,,,305.41371049999725,305.4193137000548,305.4229565666911,307.35970709996764,,,,,,309.36273910000455,309.3781565000536,309.3781565000536,321.5142418000614,,,,,,,,,,,,307.3821311000502,307.38767490000464,307.3929156333984,309.27855320007075,309.36269149999134,space,12.130361800082028,None,,,,P8775,Bar_MIC,13,1,2026-05-05_18h40.21.608,MIC_task,,2026.1.2,59.90351939622037,2026-05-05 18h40.22.906714 +0200,
,,0,0,0,,,,,,,13,l18,lépcső,stairs,5,location,house,6.4,21,24,78,None,"(0.1, -0.1)",None,,,,,,,,,,,0,0,0,0,0,20,20,20,0,0,0,0,321.5301201000111,,,,,,,,,,,,,,,,,,,,,,,,,,,,,,,,,,,,,,,,,,,,,,,,,,,,,,,,,,,,,,,,,,,,,,,,,,,,,,,,,,,,,,,,,,,,,,321.5176882999949,321.5301201000111,321.5301201000111,321.5301201000111,321.7142039000755,None,,,,,,,,,,,321.7303382999962,321.7303382999962,321.7303382999962,P8775,Bar_MIC,13,1,2026-05-05_18h40.21.608,MIC_task,,2026.1.2,59.90351939622037,2026-05-05 18h40.22.906714 +0200,
,,0,0,0,,,,,,,13,l18,lépcső,stairs,5,location,house,6.4,21,24,78,None,"(0.1, -0.1)",None,,,,,,,,,,,0,0,0,0,0,20,20,20,0,0,0,0,321.7303382999962,,,,,,,,,,,,,,,,,,,,,,,,,,,,,,,,,,,,,,,,,,,,,,,,,,,,,,,,,,,,,,,,,,,,,,,,,,,,,,,,,,,,,,,,,,,,,,321.71711289999075,321.7303382999962,321.7303382999962,321.7303382999962,321.91460000001825,None,,,,,,,,,,,321.93081080005504,321.93081080005504,321.93081080005504,P8775,Bar_MIC,13,1,2026-05-05_18h40.21.608,MIC_task,,2026.1.2,59.90351939622037,2026-05-05 18h40.22.906714 +0200,
,,1,0,1,,,,,,,13,l18,lépcső,stairs,5,location,house,6.4,21,24,78,None,"(0.1, -0.1)",None,,,,,,,,,,,0,0,0,0,0,20,20,20,1,0,1,0,321.93081080005504,,,,,,,,,,,,,,,,,,,,,,,,,,,,,,,,,,,,,,,,,,,,,,,,,,,,,,,,,,,,,,,,,,,,,,,,,,,,,,,,,,,,,,,,,,,,,,321.9175912999781,321.93081080005504,321.93081080005504,321.93081080005504,322.116688100039,None,,,,,,,,,,,,,,P8775,Bar_MIC,13,1,2026-05-05_18h40.21.608,MIC_task,,2026.1.2,59.90351939622037,2026-05-05 18h40.22.906714 +0200,
,,2,0,2,,,,,,,13,l18,lépcső,stairs,5,location,house,6.4,21,24,78,None,"(0.1, -0.1)",None,,,,,,,,,,,0,0,0,0,0,20,20,20,2,0,2,0,322.1311008000048,,,,,,,,,,,,,,,,,,,,,,,,,,,,,,,,,,,,,,,,,,,,,,,,,,,,,,,,,,,,,,,,,,,,,,,,,,,,,,,,,,,,,,,,,,,,,,322.1200715000741,322.1311008000048,322.1311008000048,322.1311008000048,322.3157442000229,None,,,,,,,,,,,,,,P8775,Bar_MIC,13,1,2026-05-05_18h40.21.608,MIC_task,,2026.1.2,59.90351939622037,2026-05-05 18h40.22.906714 +0200,
,,3,0,3,,,,,,,13,l18,lépcső,stairs,5,location,house,6.4,21,24,78,None,"(0.1, -0.1)",None,,,,,,,,,,,0,0,0,0,0,20,20,20,3,0,3,0,322.3314715999877,,,,,,,,,,,,,,,,,,,,,,,,,,,,,,,,,,,,,,,,,,,,,,,,,,,,,,,,,,,,,,,,,,,,,,,,,,,,,,,,,,,,,,,,,,,,,,322.3185558000114,322.3314715999877,322.3314715999877,322.3314715999877,322.51587720005773,None,,,,,,,,,,,,,,P8775,Bar_MIC,13,1,2026-05-05_18h40.21.608,MIC_task,,2026.1.2,59.90351939622037,2026-05-05 18h40.22.906714 +0200,
,,4,0,4,,,,,,,13,l18,lépcső,stairs,5,location,house,6.4,21,24,78,None,"(0.1, -0.1)",None,,,,,,,,,,,0,0,0,0,0,20,20,20,4,0,4,0,322.5327782999957,,,,,,,,,,,,,,,,,,,,,,,,,,,,,,,,,,,,,,,,,,,,,,,,,,,,,,,,,,,,,,,,,,,,,,,,,,,,,,,,,,,,,,,,,,,,,,322.51875539997127,322.5327782999957,322.5327782999957,322.5327782999957,322.7166892000241,None,,,,,,,,,,,,,,P8775,Bar_MIC,13,1,2026-05-05_18h40.21.608,MIC_task,,2026.1.2,59.90351939622037,2026-05-05 18h40.22.906714 +0200,
,,5,0,5,,,,,,,13,l18,lépcső,stairs,5,location,house,6.4,21,24,78,None,"(0.1, -0.1)",None,,,,,,,,,,,0,0,0,0,0,20,20,20,5,0,5,0,322.7331656999886,,,,,,,,,,,,,,,,,,,,,,,,,,,,,,,,,,,,,,,,,,,,,,,,,,,,,,,,,,,,,,,,,,,,,,,,,,,,,,,,,,,,,,,,,,,,,,322.7196247000247,322.7331656999886,322.7331656999886,322.7331656999886,322.91684029996395,None,,,,,,,,,,,,,,P8775,Bar_MIC,13,1,2026-05-05_18h40.21.608,MIC_task,,2026.1.2,59.90351939622037,2026-05-05 18h40.22.906714 +0200,
,,6,0,6,,,,,,,13,l18,lépcső,stairs,5,location,house,6.4,21,24,78,None,"(0.1, -0.1)",None,,,,,,,,,,,0,0,0,0,0,20,20,20,6,0,6,0,322.93184980005026,,,,,,,,,,,,,,,,,,,,,,,,,,,,,,,,,,,,,,,,,,,,,,,,,,,,,,,,,,,,,,,,,,,,,,,,,,,,,,,,,,,,,,,,,,,,,,322.91963040002156,322.93184980005026,322.93184980005026,322.93184980005026,323.1171377999708,None,,,,,,,,,,,,,,P8775,Bar_MIC,13,1,2026-05-05_18h40.21.608,MIC_task,,2026.1.2,59.90351939622037,2026-05-05 18h40.22.906714 +0200,
,,7,0,7,,,,,,,13,l18,lépcső,stairs,5,location,house,6.4,21,24,78,None,"(0.1, -0.1)",None,,,,,,,,,,,0,0,0,0,0,20,20,20,7,0,7,0,323.1323030999629,,,,,,,,,,,,,,,,,,,,,,,,,,,,,,,,,,,,,,,,,,,,,,,,,,,,,,,,,,,,,,,,,,,,,,,,,,,,,,,,,,,,,,,,,,,,,,323.1199188999599,323.1323030999629,323.1323030999629,323.1323030999629,323.3177372000646,None,,,,,,,,,,,,,,P8775,Bar_MIC,13,1,2026-05-05_18h40.21.608,MIC_task,,2026.1.2,59.90351939622037,2026-05-05 18h40.22.906714 +0200,
,,8,0,8,,,,,,,13,l18,lépcső,stairs,5,location,house,6.4,21,24,78,None,"(0.1, -0.1)",None,,,,,,,,,,,0,0,0,0,0,20,20,20,8,0,8,0,323.3326614999678,,,,,,,,,,,,,,,,,,,,,,,,,,,,,,,,,,,,,,,,,,,,,,,,,,,,,,,,,,,,,,,,,,,,,,,,,,,,,,,,,,,,,,,,,,,,,,323.32117680006195,323.3326614999678,323.3326614999678,323.3326614999678,323.51716449996457,None,,,,,,,,,,,,,,P8775,Bar_MIC,13,1,2026-05-05_18h40.21.608,MIC_task,,2026.1.2,59.90351939622037,2026-05-05 18h40.22.906714 +0200,
,,9,0,9,,,,,,,13,l18,lépcső,stairs,5,location,house,6.4,21,24,78,None,"(0.1, -0.1)",None,,,,,,,,,,,0,0,0,0,0,20,20,20,9,0,9,0,323.5329524000408,,,,,,,,,,,,,,,,,,,,,,,,,,,,,,,,,,,,,,,,,,,,,,,,,,,,,,,,,,,,,,,,,,,,,,,,,,,,,,,,,,,,,,,,,,,,,,323.5203614999773,323.5329524000408,323.5329524000408,323.5329524000408,323.7185898000607,None,,,,,,,,,,,,,,P8775,Bar_MIC,13,1,2026-05-05_18h40.21.608,MIC_task,,2026.1.2,59.90351939622037,2026-05-05 18h40.22.906714 +0200,
,,10,0,10,,,,,,,13,l18,lépcső,stairs,5,location,house,6.4,21,24,78,None,"(0.1, -0.1)",None,,,,,,,,,,,0,0,0,0,0,20,20,20,10,0,10,0,323.7354684000602,,,,,,,,,,,,,,,,,,,,,,,,,,,,,,,,,,,,,,,,,,,,,,,,,,,,,,,,,,,,,,,,,,,,,,,,,,,,,,,,,,,,,,,,,,,,,,323.7214252999984,323.7354684000602,323.7354684000602,323.7354684000602,323.9173719000537,None,,,,,,,,,,,,,,P8775,Bar_MIC,13,1,2026-05-05_18h40.21.608,MIC_task,,2026.1.2,59.90351939622037,2026-05-05 18h40.22.906714 +0200,
,,11,0,11,,,,,,,13,l18,lépcső,stairs,5,location,house,6.4,21,24,78,None,"(0.1, -0.1)",None,,,,,,,,,,,0,0,0,0,0,20,20,20,11,0,11,0,323.9341868000338,,,,,,,,,,,,,,,,,,,,,,,,,,,,,,,,,,,,,,,,,,,,,,,,,,,,,,,,,,,,,,,,,,,,,,,,,,,,,,,,,,,,,,,,,,,,,,323.9200442000292,323.9341868000338,323.9341868000338,323.9341868000338,324.1213109999662,None,,,,,,,,,,,,,,P8775,Bar_MIC,13,1,2026-05-05_18h40.21.608,MIC_task,,2026.1.2,59.90351939622037,2026-05-05 18h40.22.906714 +0200,
,,12,0,12,,,,,,,13,l18,lépcső,stairs,5,location,house,6.4,21,24,78,None,"(0.1, -0.1)",None,,,,,,,,,,,0,0,0,0,0,20,20,20,12,0,12,0,324.13818720006384,,,,,,,,,,,,,,,,,,,,,,,,,,,,,,,,,,,,,,,,,,,,,,,,,,,,,,,,,,,,,,,,,,,,,,,,,,,,,,,,,,,,,,,,,,,,,,324.12579029996414,324.13818720006384,324.13818720006384,324.13818720006384,324.31797940004617,None,,,,,,,,,,,,,,P8775,Bar_MIC,13,1,2026-05-05_18h40.21.608,MIC_task,,2026.1.2,59.90351939622037,2026-05-05 18h40.22.906714 +0200,
,,13,0,13,,,,,,,13,l18,lépcső,stairs,5,location,house,6.4,21,24,78,None,"(0.1, -0.1)",None,,,,,,,,,,,0,0,0,0,0,20,20,20,13,0,13,0,324.33440960000735,,,,,,,,,,,,,,,,,,,,,,,,,,,,,,,,,,,,,,,,,,,,,,,,,,,,,,,,,,,,,,,,,,,,,,,,,,,,,,,,,,,,,,,,,,,,,,324.32129009999335,324.33440960000735,324.33440960000735,324.33440960000735,324.51843679999,None,,,,,,,,,,,,,,P8775,Bar_MIC,13,1,2026-05-05_18h40.21.608,MIC_task,,2026.1.2,59.90351939622037,2026-05-05 18h40.22.906714 +0200,
,,14,0,14,,,,,,,13,l18,lépcső,stairs,5,location,house,6.4,21,24,78,None,"(0.1, -0.1)",None,,,,,,,,,,,0,0,0,0,0,20,20,20,14,0,14,0,324.5347413000418,,,,,,,,,,,,,,,,,,,,,,,,,,,,,,,,,,,,,,,,,,,,,,,,,,,,,,,,,,,,,,,,,,,,,,,,,,,,,,,,,,,,,,,,,,,,,,324.5218534000451,324.5347413000418,324.5347413000418,324.5347413000418,324.7188510000706,None,,,,,,,,,,,,,,P8775,Bar_MIC,13,1,2026-05-05_18h40.21.608,MIC_task,,2026.1.2,59.90351939622037,2026-05-05 18h40.22.906714 +0200,
,,15,0,15,,,,,,,13,l18,lépcső,stairs,5,location,house,6.4,21,24,78,None,"(0.1, -0.1)",None,,,,,,,,,,,0,0,0,0,0,20,20,20,15,0,15,0,324.7350427999627,,,,,,,,,,,,,,,,,,,,,,,,,,,,,,,,,,,,,,,,,,,,,,,,,,,,,,,,,,,,,,,,,,,,,,,,,,,,,,,,,,,,,,,,,,,,,,324.72210660006385,324.7350427999627,324.7350427999627,324.7350427999627,324.9190867000725,None,,,,,,,,,,,,,,P8775,Bar_MIC,13,1,2026-05-05_18h40.21.608,MIC_task,,2026.1.2,59.90351939622037,2026-05-05 18h40.22.906714 +0200,
,,16,0,16,,,,,,,13,l18,lépcső,stairs,5,location,house,6.4,21,24,78,None,"(0.1, -0.1)",None,,,,,,,,,,,0,0,0,0,0,20,20,20,16,0,16,0,324.9354353999952,,,,,,,,,,,,,,,,,,,,,,,,,,,,,,,,,,,,,,,,,,,,,,,,,,,,,,,,,,,,,,,,,,,,,,,,,,,,,,,,,,,,,,,,,,,,,,324.92251990002114,324.9354353999952,324.9354353999952,324.9354353999952,325.1195390999783,None,,,,,,,,,,,,,,P8775,Bar_MIC,13,1,2026-05-05_18h40.21.608,MIC_task,,2026.1.2,59.90351939622037,2026-05-05 18h40.22.906714 +0200,
,,17,0,17,,,,,,,13,l18,lépcső,stairs,5,location,house,6.4,21,24,78,None,"(0.1, -0.1)",None,,,,,,,,,,,0,0,0,0,0,20,20,20,17,0,17,0,325.13511200004723,,,,,,,,,,,,,,,,,,,,,,,,,,,,,,,,,,,,,,,,,,,,,,,,,,,,,,,,,,,,,,,,,,,,,,,,,,,,,,,,,,,,,,,,,,,,,,325.1233301999746,325.13511200004723,325.13511200004723,325.13511200004723,325.3193456999725,None,,,,,,,,,,,,,,P8775,Bar_MIC,13,1,2026-05-05_18h40.21.608,MIC_task,,2026.1.2,59.90351939622037,2026-05-05 18h40.22.906714 +0200,
,,18,0,18,,,,,,,13,l18,lépcső,stairs,5,location,house,6.4,21,24,78,None,"(0.1, -0.1)",None,,,,,,,,,,,0,0,0,0,0,20,20,20,18,0,18,0,325.33557019999716,,,,,,,,,,,,,,,,,,,,,,,,,,,,,,,,,,,,,,,,,,,,,,,,,,,,,,,,,,,,,,,,,,,,,,,,,,,,,,,,,,,,,,,,,,,,,,325.3227740000002,325.33557019999716,325.33557019999716,325.33557019999716,325.5204433000181,None,,,,,,,,,,,,,,P8775,Bar_MIC,13,1,2026-05-05_18h40.21.608,MIC_task,,2026.1.2,59.90351939622037,2026-05-05 18h40.22.906714 +0200,
,,19,0,19,,,,,,,13,l18,lépcső,stairs,5,location,house,6.4,21,24,78,None,"(0.1, -0.1)",None,,,,,,,,,,,0,0,0,0,0,20,20,20,19,0,19,0,325.5359561999794,,,,,,,,,,,,,,,,,,,,,,,,,,,,,,,,,,,,,,,,,,,,,,,,,,,,,,,,,,,,,,,,,,,,,,,,,,,,,,,,,,,,,,,,,,,,,,325.5234243000159,325.5359561999794,325.5359561999794,325.5359561999794,325.7207049999852,None,,,,,,,,,,,,,,P8775,Bar_MIC,13,1,2026-05-05_18h40.21.608,MIC_task,,2026.1.2,59.90351939622037,2026-05-05 18h40.22.906714 +0200,
,,20,0,20,,,,,,,13,l18,lépcső,stairs,5,location,house,6.4,21,24,78,None,"(0.1, -0.1)",None,,,,,,,,,,,0,0,0,0,0,20,20,20,20,0,20,0,325.7362322000554,,,,,,,,,,,,,,,,,,,,,,,,,,,,,,,,,,,,,,,,,,,,,,,,,,,,,,,,,,,,,,,,,,,,,,,,,,,,,,,,,,,,,,,,,,,,,,325.723598600016,325.7362322000554,325.7362322000554,325.7362322000554,325.9199648000067,None,,,,,,,,,,,,,,P8775,Bar_MIC,13,1,2026-05-05_18h40.21.608,MIC_task,,2026.1.2,59.90351939622037,2026-05-05 18h40.22.906714 +0200,
,,21,0,21,,,,,,,13,l18,lépcső,stairs,5,location,house,6.4,21,24,78,None,"(0.1, -0.1)",None,,,,,,,,,,,0,0,0,0,0,20,20,20,21,0,21,0,325.9366366000613,,,,,,,,,,,,,,,,,,,,,,,,,,,,,,,,,,,,,,,,,,,,,,,,,,,,,,,,,,,,,,,,,,,,,,,,,,,,,,,,,,,,,,,,,,,,,,325.9229563999688,325.9366366000613,325.9366366000613,325.9366366000613,326.12059020006564,None,,,,,,,,,,,,,,P8775,Bar_MIC,13,1,2026-05-05_18h40.21.608,MIC_task,,2026.1.2,59.90351939622037,2026-05-05 18h40.22.906714 +0200,
,,22,0,22,,,,,,,13,l18,lépcső,stairs,5,location,house,6.4,21,24,78,None,"(0.1, -0.1)",None,,,,,,,,,,,0,0,0,0,0,20,20,20,22,0,22,0,326.13702010002453,,,,,,,,,,,,,,,,,,,,,,,,,,,,,,,,,,,,,,,,,,,,,,,,,,,,,,,,,,,,,,,,,,,,,,,,,,,,,,,,,,,,,,,,,,,,,,326.1235206000274,326.13702010002453,326.13702010002453,326.13702010002453,326.3208749999758,None,,,,,,,,,,,,,,P8775,Bar_MIC,13,1,2026-05-05_18h40.21.608,MIC_task,,2026.1.2,59.90351939622037,2026-05-05 18h40.22.906714 +0200,
,,23,0,23,,,,,,,13,l18,lépcső,stairs,5,location,house,6.4,21,24,78,None,"(0.1, -0.1)",None,,,,,,,,,,,0,0,0,0,0,20,20,20,23,0,23,0,326.33735619997606,,,,,,,,,,,,,,,,,,,,,,,,,,,,,,,,,,,,,,,,,,,,,,,,,,,,,,,,,,,,,,,,,,,,,,,,,,,,,,,,,,,,,,,,,,,,,,326.32374600006733,326.33735619997606,326.33735619997606,326.33735619997606,326.5212609000737,None,,,,,,,,,,,,,,P8775,Bar_MIC,13,1,2026-05-05_18h40.21.608,MIC_task,,2026.1.2,59.90351939622037,2026-05-05 18h40.22.906714 +0200,
,,24,0,24,,,,,,,13,l18,lépcső,stairs,5,location,house,6.4,21,24,78,None,"(0.1, -0.1)",None,,,,,,,,,,,0,0,0,0,0,20,20,20,24,0,24,0,326.53773490001913,,,,,,,,,,,,,,,,,,,,,,,,,,,,,,,,,,,,,,,,,,,,,,,,,,,,,,,,,,,,,,,,,,,,,,,,,,,,,,,,,,,,,,,,,,,,,,326.5241449000314,326.53773490001913,326.53773490001913,326.53773490001913,326.72229060006794,None,,,,,,,,,,,,,,P8775,Bar_MIC,13,1,2026-05-05_18h40.21.608,MIC_task,,2026.1.2,59.90351939622037,2026-05-05 18h40.22.906714 +0200,
,,25,0,25,,,,,,,13,l18,lépcső,stairs,5,location,house,6.4,21,24,78,None,"(0.1, -0.1)",None,,,,,,,,,,,0,0,0,0,0,20,20,20,25,0,25,0,326.7381221000105,,,,,,,,,,,,,,,,,,,,,,,,,,,,,,,,,,,,,,,,,,,,,,,,,,,,,,,,,,,,,,,,,,,,,,,,,,,,,,,,,,,,,,,,,,,,,,326.72576469997875,326.7381221000105,326.7381221000105,326.7381221000105,326.92196179996245,None,,,,,,,,,,,,,,P8775,Bar_MIC,13,1,2026-05-05_18h40.21.608,MIC_task,,2026.1.2,59.90351939622037,2026-05-05 18h40.22.906714 +0200,
,,26,0,26,,,,,,,13,l18,lépcső,stairs,5,location,house,6.4,21,24,78,None,"(0.1, -0.1)",None,,,,,,,,,,,0,0,0,0,0,20,20,20,26,0,26,0,326.93831460003275,,,,,,,,,,,,,,,,,,,,,,,,,,,,,,,,,,,,,,,,,,,,,,,,,,,,,,,,,,,,,,,,,,,,,,,,,,,,,,,,,,,,,,,,,,,,,,326.9252478000708,326.93831460003275,326.93831460003275,326.93831460003275,327.12245330004953,None,,,,,,,,,,,,,,P8775,Bar_MIC,13,1,2026-05-05_18h40.21.608,MIC_task,,2026.1.2,59.90351939622037,2026-05-05 18h40.22.906714 +0200,
,,27,0,27,,,,,,,13,l18,lépcső,stairs,5,location,house,6.4,21,24,78,None,"(0.1, -0.1)",None,,,,,,,,,,,0,0,0,0,0,20,20,20,27,0,27,0,327.13807360001374,,,,,,,,,,,,,,,,,,,,,,,,,,,,,,,,,,,,,,,,,,,,,,,,,,,,,,,,,,,,,,,,,,,,,,,,,,,,,,,,,,,,,,,,,,,,,,327.1258721000049,327.13807360001374,327.13807360001374,327.13807360001374,327.3228977000108,None,,,,,,,,,,,,,,P8775,Bar_MIC,13,1,2026-05-05_18h40.21.608,MIC_task,,2026.1.2,59.90351939622037,2026-05-05 18h40.22.906714 +0200,
,,28,0,28,,,,,,,13,l18,lépcső,stairs,5,location,house,6.4,21,24,78,None,"(0.1, -0.1)",None,,,,,,,,,,,0,0,0,0,0,20,20,20,28,0,28,0,327.3384523000568,,,,,,,,,,,,,,,,,,,,,,,,,,,,,,,,,,,,,,,,,,,,,,,,,,,,,,,,,,,,,,,,,,,,,,,,,,,,,,,,,,,,,,,,,,,,,,327.3262263999786,327.3384523000568,327.3384523000568,327.3384523000568,327.523818799993,None,,,,,,,,,,,,,,P8775,Bar_MIC,13,1,2026-05-05_18h40.21.608,MIC_task,,2026.1.2,59.90351939622037,2026-05-05 18h40.22.906714 +0200,
,,29,0,29,,,,,,,13,l18,lépcső,stairs,5,location,house,6.4,21,24,78,None,"(0.1, -0.1)",None,,,,,,,,,,,0,0,0,0,0,20,20,20,29,0,29,0,327.5388280999614,,,,,,,,,,,,,,,,,,,,,,,,,,,,,,,,,,,,,,,,,,,,,,,,,,,,,,,,,,,,,,,,,,,,,,,,,,,,,,,,,,,,,,,,,,,,,,327.52713170007337,327.5388280999614,327.5388280999614,327.5388280999614,327.72368840000127,None,,,,,,,,,,,,,,P8775,Bar_MIC,13,1,2026-05-05_18h40.21.608,MIC_task,,2026.1.2,59.90351939622037,2026-05-05 18h40.22.906714 +0200,
,,30,0,30,,,,,,,13,l18,lépcső,stairs,5,location,house,6.4,21,24,78,None,"(0.1, -0.1)",None,,,,,,,,,,,0,0,0,0,0,20,20,20,30,0,30,0,327.7391640000278,,,,,,,,,,,,,,,,,,,,,,,,,,,,,,,,,,,,,,,,,,,,,,,,,,,,,,,,,,,,,,,,,,,,,,,,,,,,,,,,,,,,,,,,,,,,,,327.72708580002654,327.7391640000278,327.7391640000278,327.7391640000278,327.9240615000017,None,,,,,,,,,,,,,,P8775,Bar_MIC,13,1,2026-05-05_18h40.21.608,MIC_task,,2026.1.2,59.90351939622037,2026-05-05 18h40.22.906714 +0200,
,,31,0,31,,,,,,,13,l18,lépcső,stairs,5,location,house,6.4,21,24,78,None,"(0.1, -0.1)",None,,,,,,,,,,,0,0,0,0,0,20,20,20,31,0,31,0,327.9397065000376,,,,,,,,,,,,,,,,,,,,,,,,,,,,,,,,,,,,,,,,,,,,,,,,,,,,,,,,,,,,,,,,,,,,,,,,,,,,,,,,,,,,,,,,,,,,,,327.92741010000464,327.9397065000376,327.9397065000376,327.9397065000376,328.1233469999861,None,,,,,,,,,,,,,,P8775,Bar_MIC,13,1,2026-05-05_18h40.21.608,MIC_task,,2026.1.2,59.90351939622037,2026-05-05 18h40.22.906714 +0200,
,,32,0,32,,,,,,,13,l18,lépcső,stairs,5,location,house,6.4,21,24,78,None,"(0.1, -0.1)",None,,,,,,,,,,,0,0,0,0,0,20,20,20,32,0,32,0,328.1399864000268,,,,,,,,,,,,,,,,,,,,,,,,,,,,,,,,,,,,,,,,,,,,,,,,,,,,,,,,,,,,,,,,,,,,,,,,,,,,,,,,,,,,,,,,,,,,,,328.1268164999783,328.1399864000268,328.1399864000268,328.1399864000268,328.3238098999718,None,,,,,,,,,,,,,,P8775,Bar_MIC,13,1,2026-05-05_18h40.21.608,MIC_task,,2026.1.2,59.90351939622037,2026-05-05 18h40.22.906714 +0200,
,,33,0,33,,,,,,,13,l18,lépcső,stairs,5,location,house,6.4,21,24,78,None,"(0.1, -0.1)",space,None,None,,,,,,,,,0,0,0,0,0,20,20,20,33,0,33,0,328.3403718000045,,,,,,,,,,,,,,,,,,,,,,,,,,,,,,,,,,,,,,,,,,,,,,,,,,,,,,,,,,,,,,,,,,,,,,,,,,,,,,,,,,,,,,,,,,,,,,328.32712440006435,328.3403718000045,328.3403718000045,328.3403718000045,328.4917961000465,space,None,None,,,,,,,,,,,,P8775,Bar_MIC,13,1,2026-05-05_18h40.21.608,MIC_task,,2026.1.2,59.90351939622037,2026-05-05 18h40.22.906714 +0200,
,,20,20,0,,,,space,0.30648700008168817,None,13,l18,lépcső,stairs,5,location,house,6.4,21,24,78,None,"(0.1, -0.1)",,,,,,,,,,,,0,0,0,0,0,20,20,20,,,,,,,,,,,,,,,,,,,,,,,,,,,,,,,,,,,,,,,,,,,,,,,,,,,,,,,,,,,,,,,,,,,,,,,,,,,,,,,,,,,328.547552300035,328.5533149000257,328.55756006670805,330.49347190000117,,,,,,332.4976352000376,332.5144927999936,332.5144927999936,332.8325293000089,,,,,,,,,,,,330.5155249000527,330.5213354000589,330.5266845333467,332.4145865000319,332.4975887000328,space,0.30648700008168817,None,,,,P8775,Bar_MIC,13,1,2026-05-05_18h40.21.608,MIC_task,,2026.1.2,59.90351939622037,2026-05-05 18h40.22.906714 +0200,
,,0,0,0,,,,,,,13,t06,sátor,tent,8,tools,camping,4.8,110,None,None,None,"(-0.1, -0.1)",None,,,,,,,,,,,0,0,0,0,0,21,21,21,0,0,0,0,332.8474710000446,,,,,,,,,,,,,,,,,,,,,,,,,,,,,,,,,,,,,,,,,,,,,,,,,,,,,,,,,,,,,,,,,,,,,,,,,,,,,,,,,,,,,,,,,,,,,,332.8357766000554,332.8474710000446,332.8474710000446,332.8474710000446,333.03226720006205,None,,,,,,,,,,,333.0478998000035,333.0478998000035,333.0478998000035,P8775,Bar_MIC,13,1,2026-05-05_18h40.21.608,MIC_task,,2026.1.2,59.90351939622037,2026-05-05 18h40.22.906714 +0200,
,,0,0,0,,,,,,,13,t06,sátor,tent,8,tools,camping,4.8,110,None,None,None,"(-0.1, -0.1)",None,,,,,,,,,,,0,0,0,0,0,21,21,21,0,0,0,0,333.0478998000035,,,,,,,,,,,,,,,,,,,,,,,,,,,,,,,,,,,,,,,,,,,,,,,,,,,,,,,,,,,,,,,,,,,,,,,,,,,,,,,,,,,,,,,,,,,,,,333.0349331999896,333.0478998000035,333.0478998000035,333.0478998000035,333.2327491999604,None,,,,,,,,,,,333.24759110005107,333.24759110005107,333.24759110005107,P8775,Bar_MIC,13,1,2026-05-05_18h40.21.608,MIC_task,,2026.1.2,59.90351939622037,2026-05-05 18h40.22.906714 +0200,
,,1,0,1,,,,,,,13,t06,sátor,tent,8,tools,camping,4.8,110,None,None,None,"(-0.1, -0.1)",None,,,,,,,,,,,0,0,0,0,0,21,21,21,1,0,1,0,333.24759110005107,,,,,,,,,,,,,,,,,,,,,,,,,,,,,,,,,,,,,,,,,,,,,,,,,,,,,,,,,,,,,,,,,,,,,,,,,,,,,,,,,,,,,,,,,,,,,,333.23528759996407,333.24759110005107,333.24759110005107,333.24759110005107,333.4323030000087,None,,,,,,,,,,,333.4480410000542,333.4480410000542,333.4480410000542,P8775,Bar_MIC,13,1,2026-05-05_18h40.21.608,MIC_task,,2026.1.2,59.90351939622037,2026-05-05 18h40.22.906714 +0200,
,,2,0,2,,,,,,,13,t06,sátor,tent,8,tools,camping,4.8,110,None,None,None,"(-0.1, -0.1)",None,,,,,,,,,,,0,0,0,0,0,21,21,21,2,0,2,0,333.4480410000542,,,,,,,,,,,,,,,,,,,,,,,,,,,,,,,,,,,,,,,,,,,,,,,,,,,,,,,,,,,,,,,,,,,,,,,,,,,,,,,,,,,,,,,,,,,,,,333.43501220003236,333.4480410000542,333.4480410000542,333.4480410000542,333.6328716999851,None,,,,,,,,,,,,,,P8775,Bar_MIC,13,1,2026-05-05_18h40.21.608,MIC_task,,2026.1.2,59.90351939622037,2026-05-05 18h40.22.906714 +0200,
,,3,0,3,,,,,,,13,t06,sátor,tent,8,tools,camping,4.8,110,None,None,None,"(-0.1, -0.1)",None,,,,,,,,,,,0,0,0,0,0,21,21,21,3,0,3,0,333.6484117000364,,,,,,,,,,,,,,,,,,,,,,,,,,,,,,,,,,,,,,,,,,,,,,,,,,,,,,,,,,,,,,,,,,,,,,,,,,,,,,,,,,,,,,,,,,,,,,333.6358692999929,333.6484117000364,333.6484117000364,333.6484117000364,333.83250120002776,None,,,,,,,,,,,333.8486788000446,333.8486788000446,333.8486788000446,P8775,Bar_MIC,13,1,2026-05-05_18h40.21.608,MIC_task,,2026.1.2,59.90351939622037,2026-05-05 18h40.22.906714 +0200,
,,4,0,4,,,,,,,13,t06,sátor,tent,8,tools,camping,4.8,110,None,None,None,"(-0.1, -0.1)",None,,,,,,,,,,,0,0,0,0,0,21,21,21,4,0,4,0,333.8486788000446,,,,,,,,,,,,,,,,,,,,,,,,,,,,,,,,,,,,,,,,,,,,,,,,,,,,,,,,,,,,,,,,,,,,,,,,,,,,,,,,,,,,,,,,,,,,,,333.8352038000012,333.8486788000446,333.8486788000446,333.8486788000446,334.03288010007236,None,,,,,,,,,,,334.0490776000079,334.0490776000079,334.0490776000079,P8775,Bar_MIC,13,1,2026-05-05_18h40.21.608,MIC_task,,2026.1.2,59.90351939622037,2026-05-05 18h40.22.906714 +0200,
,,5,0,5,,,,,,,13,t06,sátor,tent,8,tools,camping,4.8,110,None,None,None,"(-0.1, -0.1)",None,,,,,,,,,,,0,0,0,0,0,21,21,21,5,0,5,0,334.0490776000079,,,,,,,,,,,,,,,,,,,,,,,,,,,,,,,,,,,,,,,,,,,,,,,,,,,,,,,,,,,,,,,,,,,,,,,,,,,,,,,,,,,,,,,,,,,,,,334.0355796000222,334.0490776000079,334.0490776000079,334.0490776000079,334.23326929996256,None,,,,,,,,,,,,,,P8775,Bar_MIC,13,1,2026-05-05_18h40.21.608,MIC_task,,2026.1.2,59.90351939622037,2026-05-05 18h40.22.906714 +0200,
,,6,0,6,,,,,,,13,t06,sátor,tent,8,tools,camping,4.8,110,None,None,None,"(-0.1, -0.1)",None,,,,,,,,,,,0,0,0,0,0,21,21,21,6,0,6,0,334.24947829998564,,,,,,,,,,,,,,,,,,,,,,,,,,,,,,,,,,,,,,,,,,,,,,,,,,,,,,,,,,,,,,,,,,,,,,,,,,,,,,,,,,,,,,,,,,,,,,334.235905700014,334.24947829998564,334.24947829998564,334.24947829998564,334.4332714000484,None,,,,,,,,,,,,,,P8775,Bar_MIC,13,1,2026-05-05_18h40.21.608,MIC_task,,2026.1.2,59.90351939622037,2026-05-05 18h40.22.906714 +0200,
,,7,0,7,,,,,,,13,t06,sátor,tent,8,tools,camping,4.8,110,None,None,None,"(-0.1, -0.1)",None,,,,,,,,,,,0,0,0,0,0,21,21,21,7,0,7,0,334.4498504999792,,,,,,,,,,,,,,,,,,,,,,,,,,,,,,,,,,,,,,,,,,,,,,,,,,,,,,,,,,,,,,,,,,,,,,,,,,,,,,,,,,,,,,,,,,,,,,334.4361196999671,334.4498504999792,334.4498504999792,334.4498504999792,334.6342267000582,None,,,,,,,,,,,,,,P8775,Bar_MIC,13,1,2026-05-05_18h40.21.608,MIC_task,,2026.1.2,59.90351939622037,2026-05-05 18h40.22.906714 +0200,
,,8,0,8,,,,,,,13,t06,sátor,tent,8,tools,camping,4.8,110,None,None,None,"(-0.1, -0.1)",None,,,,,,,,,,,0,0,0,0,0,21,21,21,8,0,8,0,334.65011699998286,,,,,,,,,,,,,,,,,,,,,,,,,,,,,,,,,,,,,,,,,,,,,,,,,,,,,,,,,,,,,,,,,,,,,,,,,,,,,,,,,,,,,,,,,,,,,,334.6371780000627,334.65011699998286,334.65011699998286,334.65011699998286,334.83414569997694,None,,,,,,,,,,,,,,P8775,Bar_MIC,13,1,2026-05-05_18h40.21.608,MIC_task,,2026.1.2,59.90351939622037,2026-05-05 18h40.22.906714 +0200,
,,9,0,9,,,,,,,13,t06,sátor,tent,8,tools,camping,4.8,110,None,None,None,"(-0.1, -0.1)",None,,,,,,,,,,,0,0,0,0,0,21,21,21,9,0,9,0,334.85052199999336,,,,,,,,,,,,,,,,,,,,,,,,,,,,,,,,,,,,,,,,,,,,,,,,,,,,,,,,,,,,,,,,,,,,,,,,,,,,,,,,,,,,,,,,,,,,,,334.8372207999928,334.85052199999336,334.85052199999336,334.85052199999336,335.0348478000378,None,,,,,,,,,,,,,,P8775,Bar_MIC,13,1,2026-05-05_18h40.21.608,MIC_task,,2026.1.2,59.90351939622037,2026-05-05 18h40.22.906714 +0200,
,,10,0,10,,,,,,,13,t06,sátor,tent,8,tools,camping,4.8,110,None,None,None,"(-0.1, -0.1)",None,,,,,,,,,,,0,0,0,0,0,21,21,21,10,0,10,0,335.0501070000464,,,,,,,,,,,,,,,,,,,,,,,,,,,,,,,,,,,,,,,,,,,,,,,,,,,,,,,,,,,,,,,,,,,,,,,,,,,,,,,,,,,,,,,,,,,,,,335.0380291000474,335.0501070000464,335.0501070000464,335.0501070000464,335.235141400015,None,,,,,,,,,,,,,,P8775,Bar_MIC,13,1,2026-05-05_18h40.21.608,MIC_task,,2026.1.2,59.90351939622037,2026-05-05 18h40.22.906714 +0200,
,,11,0,11,,,,,,,13,t06,sátor,tent,8,tools,camping,4.8,110,None,None,None,"(-0.1, -0.1)",None,,,,,,,,,,,0,0,0,0,0,21,21,21,11,0,11,0,335.25123070005793,,,,,,,,,,,,,,,,,,,,,,,,,,,,,,,,,,,,,,,,,,,,,,,,,,,,,,,,,,,,,,,,,,,,,,,,,,,,,,,,,,,,,,,,,,,,,,335.2378520000493,335.25123070005793,335.25123070005793,335.25123070005793,335.4357990999706,None,,,,,,,,,,,,,,P8775,Bar_MIC,13,1,2026-05-05_18h40.21.608,MIC_task,,2026.1.2,59.90351939622037,2026-05-05 18h40.22.906714 +0200,
,,12,0,12,,,,,,,13,t06,sátor,tent,8,tools,camping,4.8,110,None,None,None,"(-0.1, -0.1)",None,,,,,,,,,,,0,0,0,0,0,21,21,21,12,0,12,0,335.45092830003705,,,,,,,,,,,,,,,,,,,,,,,,,,,,,,,,,,,,,,,,,,,,,,,,,,,,,,,,,,,,,,,,,,,,,,,,,,,,,,,,,,,,,,,,,,,,,,335.4388251999626,335.45092830003705,335.45092830003705,335.45092830003705,335.63506620004773,None,,,,,,,,,,,,,,P8775,Bar_MIC,13,1,2026-05-05_18h40.21.608,MIC_task,,2026.1.2,59.90351939622037,2026-05-05 18h40.22.906714 +0200,
,,13,0,13,,,,,,,13,t06,sátor,tent,8,tools,camping,4.8,110,None,None,None,"(-0.1, -0.1)",None,,,,,,,,,,,0,0,0,0,0,21,21,21,13,0,13,0,335.65134680003393,,,,,,,,,,,,,,,,,,,,,,,,,,,,,,,,,,,,,,,,,,,,,,,,,,,,,,,,,,,,,,,,,,,,,,,,,,,,,,,,,,,,,,,,,,,,,,335.63786690006964,335.65134680003393,335.65134680003393,335.65134680003393,335.83502170001157,None,,,,,,,,,,,,,,P8775,Bar_MIC,13,1,2026-05-05_18h40.21.608,MIC_task,,2026.1.2,59.90351939622037,2026-05-05 18h40.22.906714 +0200,
,,14,0,14,,,,,,,13,t06,sátor,tent,8,tools,camping,4.8,110,None,None,None,"(-0.1, -0.1)",None,,,,,,,,,,,0,0,0,0,0,21,21,21,14,0,14,0,335.8517405000748,,,,,,,,,,,,,,,,,,,,,,,,,,,,,,,,,,,,,,,,,,,,,,,,,,,,,,,,,,,,,,,,,,,,,,,,,,,,,,,,,,,,,,,,,,,,,,335.83815850003157,335.8517405000748,335.8517405000748,335.8517405000748,336.0353821000317,None,,,,,,,,,,,,,,P8775,Bar_MIC,13,1,2026-05-05_18h40.21.608,MIC_task,,2026.1.2,59.90351939622037,2026-05-05 18h40.22.906714 +0200,
,,15,0,15,,,,,,,13,t06,sátor,tent,8,tools,camping,4.8,110,None,None,None,"(-0.1, -0.1)",None,,,,,,,,,,,0,0,0,0,0,21,21,21,15,0,15,0,336.0520172000397,,,,,,,,,,,,,,,,,,,,,,,,,,,,,,,,,,,,,,,,,,,,,,,,,,,,,,,,,,,,,,,,,,,,,,,,,,,,,,,,,,,,,,,,,,,,,,336.03842590004206,336.0520172000397,336.0520172000397,336.0520172000397,336.2359416000545,None,,,,,,,,,,,,,,P8775,Bar_MIC,13,1,2026-05-05_18h40.21.608,MIC_task,,2026.1.2,59.90351939622037,2026-05-05 18h40.22.906714 +0200,
,,16,0,16,,,,,,,13,t06,sátor,tent,8,tools,camping,4.8,110,None,None,None,"(-0.1, -0.1)",None,,,,,,,,,,,0,0,0,0,0,21,21,21,16,0,16,0,336.25240400002804,,,,,,,,,,,,,,,,,,,,,,,,,,,,,,,,,,,,,,,,,,,,,,,,,,,,,,,,,,,,,,,,,,,,,,,,,,,,,,,,,,,,,,,,,,,,,,336.23890290001873,336.25240400002804,336.25240400002804,336.25240400002804,336.4363779000705,None,,,,,,,,,,,,,,P8775,Bar_MIC,13,1,2026-05-05_18h40.21.608,MIC_task,,2026.1.2,59.90351939622037,2026-05-05 18h40.22.906714 +0200,
,,17,0,17,,,,,,,13,t06,sátor,tent,8,tools,camping,4.8,110,None,None,None,"(-0.1, -0.1)",None,,,,,,,,,,,0,0,0,0,0,21,21,21,17,0,17,0,336.4527962000575,,,,,,,,,,,,,,,,,,,,,,,,,,,,,,,,,,,,,,,,,,,,,,,,,,,,,,,,,,,,,,,,,,,,,,,,,,,,,,,,,,,,,,,,,,,,,,336.43935940007214,336.4527962000575,336.4527962000575,336.4527962000575,336.6368623999879,None,,,,,,,,,,,,,,P8775,Bar_MIC,13,1,2026-05-05_18h40.21.608,MIC_task,,2026.1.2,59.90351939622037,2026-05-05 18h40.22.906714 +0200,
,,18,0,18,,,,,,,13,t06,sátor,tent,8,tools,camping,4.8,110,None,None,None,"(-0.1, -0.1)",None,,,,,,,,,,,0,0,0,0,0,21,21,21,18,0,18,0,336.6531370000448,,,,,,,,,,,,,,,,,,,,,,,,,,,,,,,,,,,,,,,,,,,,,,,,,,,,,,,,,,,,,,,,,,,,,,,,,,,,,,,,,,,,,,,,,,,,,,336.6395774000557,336.6531370000448,336.6531370000448,336.6531370000448,336.83737119997386,None,,,,,,,,,,,,,,P8775,Bar_MIC,13,1,2026-05-05_18h40.21.608,MIC_task,,2026.1.2,59.90351939622037,2026-05-05 18h40.22.906714 +0200,
,,19,0,19,,,,,,,13,t06,sátor,tent,8,tools,camping,4.8,110,None,None,None,"(-0.1, -0.1)",None,,,,,,,,,,,0,0,0,0,0,21,21,21,19,0,19,0,336.85347229999024,,,,,,,,,,,,,,,,,,,,,,,,,,,,,,,,,,,,,,,,,,,,,,,,,,,,,,,,,,,,,,,,,,,,,,,,,,,,,,,,,,,,,,,,,,,,,,336.8403102000011,336.85347229999024,336.85347229999024,336.85347229999024,337.03751389996614,None,,,,,,,,,,,,,,P8775,Bar_MIC,13,1,2026-05-05_18h40.21.608,MIC_task,,2026.1.2,59.90351939622037,2026-05-05 18h40.22.906714 +0200,
,,20,0,20,,,,,,,13,t06,sátor,tent,8,tools,camping,4.8,110,None,None,None,"(-0.1, -0.1)",None,,,,,,,,,,,0,0,0,0,0,21,21,21,20,0,20,0,337.0538032000186,,,,,,,,,,,,,,,,,,,,,,,,,,,,,,,,,,,,,,,,,,,,,,,,,,,,,,,,,,,,,,,,,,,,,,,,,,,,,,,,,,,,,,,,,,,,,,337.04040279996116,337.0538032000186,337.0538032000186,337.0538032000186,337.23782959999517,None,,,,,,,,,,,,,,P8775,Bar_MIC,13,1,2026-05-05_18h40.21.608,MIC_task,,2026.1.2,59.90351939622037,2026-05-05 18h40.22.906714 +0200,
,,21,0,21,,,,,,,13,t06,sátor,tent,8,tools,camping,4.8,110,None,None,None,"(-0.1, -0.1)",None,,,,,,,,,,,0,0,0,0,0,21,21,21,21,0,21,0,337.25339440000243,,,,,,,,,,,,,,,,,,,,,,,,,,,,,,,,,,,,,,,,,,,,,,,,,,,,,,,,,,,,,,,,,,,,,,,,,,,,,,,,,,,,,,,,,,,,,,337.24051699996926,337.25339440000243,337.25339440000243,337.25339440000243,337.43842759996187,None,,,,,,,,,,,,,,P8775,Bar_MIC,13,1,2026-05-05_18h40.21.608,MIC_task,,2026.1.2,59.90351939622037,2026-05-05 18h40.22.906714 +0200,
,,22,0,22,,,,,,,13,t06,sátor,tent,8,tools,camping,4.8,110,None,None,None,"(-0.1, -0.1)",None,,,,,,,,,,,0,0,0,0,0,21,21,21,22,0,22,0,337.4545997000532,,,,,,,,,,,,,,,,,,,,,,,,,,,,,,,,,,,,,,,,,,,,,,,,,,,,,,,,,,,,,,,,,,,,,,,,,,,,,,,,,,,,,,,,,,,,,,337.44146100000944,337.4545997000532,337.4545997000532,337.4545997000532,337.6387554999674,None,,,,,,,,,,,,,,P8775,Bar_MIC,13,1,2026-05-05_18h40.21.608,MIC_task,,2026.1.2,59.90351939622037,2026-05-05 18h40.22.906714 +0200,
,,23,0,23,,,,,,,13,t06,sátor,tent,8,tools,camping,4.8,110,None,None,None,"(-0.1, -0.1)",None,,,,,,,,,,,0,0,0,0,0,21,21,21,23,0,23,0,337.65419609996025,,,,,,,,,,,,,,,,,,,,,,,,,,,,,,,,,,,,,,,,,,,,,,,,,,,,,,,,,,,,,,,,,,,,,,,,,,,,,,,,,,,,,,,,,,,,,,337.6418043000158,337.65419609996025,337.65419609996025,337.65419609996025,337.8390200000722,None,,,,,,,,,,,,,,P8775,Bar_MIC,13,1,2026-05-05_18h40.21.608,MIC_task,,2026.1.2,59.90351939622037,2026-05-05 18h40.22.906714 +0200,
,,24,0,24,,,,,,,13,t06,sátor,tent,8,tools,camping,4.8,110,None,None,None,"(-0.1, -0.1)",None,,,,,,,,,,,0,0,0,0,0,21,21,21,24,0,24,0,337.8546297000721,,,,,,,,,,,,,,,,,,,,,,,,,,,,,,,,,,,,,,,,,,,,,,,,,,,,,,,,,,,,,,,,,,,,,,,,,,,,,,,,,,,,,,,,,,,,,,337.8417646000162,337.8546297000721,337.8546297000721,337.8546297000721,338.0395361999981,None,,,,,,,,,,,,,,P8775,Bar_MIC,13,1,2026-05-05_18h40.21.608,MIC_task,,2026.1.2,59.90351939622037,2026-05-05 18h40.22.906714 +0200,
,,25,0,25,,,,,,,13,t06,sátor,tent,8,tools,camping,4.8,110,None,None,None,"(-0.1, -0.1)",None,,,,,,,,,,,0,0,0,0,0,21,21,21,25,0,25,0,338.05505419999827,,,,,,,,,,,,,,,,,,,,,,,,,,,,,,,,,,,,,,,,,,,,,,,,,,,,,,,,,,,,,,,,,,,,,,,,,,,,,,,,,,,,,,,,,,,,,,338.04226200003177,338.05505419999827,338.05505419999827,338.05505419999827,338.23937399999704,None,,,,,,,,,,,,,,P8775,Bar_MIC,13,1,2026-05-05_18h40.21.608,MIC_task,,2026.1.2,59.90351939622037,2026-05-05 18h40.22.906714 +0200,
,,26,0,26,,,,,,,13,t06,sátor,tent,8,tools,camping,4.8,110,None,None,None,"(-0.1, -0.1)",None,,,,,,,,,,,0,0,0,0,0,21,21,21,26,0,26,0,338.2553445000667,,,,,,,,,,,,,,,,,,,,,,,,,,,,,,,,,,,,,,,,,,,,,,,,,,,,,,,,,,,,,,,,,,,,,,,,,,,,,,,,,,,,,,,,,,,,,,338.242372800014,338.2553445000667,338.2553445000667,338.2553445000667,338.43954330007546,None,,,,,,,,,,,,,,P8775,Bar_MIC,13,1,2026-05-05_18h40.21.608,MIC_task,,2026.1.2,59.90351939622037,2026-05-05 18h40.22.906714 +0200,
,,27,0,27,,,,,,,13,t06,sátor,tent,8,tools,camping,4.8,110,None,None,None,"(-0.1, -0.1)",None,,,,,,,,,,,0,0,0,0,0,21,21,21,27,0,27,0,338.45571420004126,,,,,,,,,,,,,,,,,,,,,,,,,,,,,,,,,,,,,,,,,,,,,,,,,,,,,,,,,,,,,,,,,,,,,,,,,,,,,,,,,,,,,,,,,,,,,,338.442519800039,338.45571420004126,338.45571420004126,338.45571420004126,338.6396270999685,None,,,,,,,,,,,,,,P8775,Bar_MIC,13,1,2026-05-05_18h40.21.608,MIC_task,,2026.1.2,59.90351939622037,2026-05-05 18h40.22.906714 +0200,
,,28,0,28,,,,,,,13,t06,sátor,tent,8,tools,camping,4.8,110,None,None,None,"(-0.1, -0.1)",None,,,,,,,,,,,0,0,0,0,0,21,21,21,28,0,28,0,338.6561220000731,,,,,,,,,,,,,,,,,,,,,,,,,,,,,,,,,,,,,,,,,,,,,,,,,,,,,,,,,,,,,,,,,,,,,,,,,,,,,,,,,,,,,,,,,,,,,,338.64267159998417,338.6561220000731,338.6561220000731,338.6561220000731,338.84043270000257,None,,,,,,,,,,,,,,P8775,Bar_MIC,13,1,2026-05-05_18h40.21.608,MIC_task,,2026.1.2,59.90351939622037,2026-05-05 18h40.22.906714 +0200,
,,29,0,29,,,,,,,13,t06,sátor,tent,8,tools,camping,4.8,110,None,None,None,"(-0.1, -0.1)",None,,,,,,,,,,,0,0,0,0,0,21,21,21,29,0,29,0,338.856494900072,,,,,,,,,,,,,,,,,,,,,,,,,,,,,,,,,,,,,,,,,,,,,,,,,,,,,,,,,,,,,,,,,,,,,,,,,,,,,,,,,,,,,,,,,,,,,,338.8433689000085,338.856494900072,338.856494900072,338.856494900072,339.04071950004436,None,,,,,,,,,,,,,,P8775,Bar_MIC,13,1,2026-05-05_18h40.21.608,MIC_task,,2026.1.2,59.90351939622037,2026-05-05 18h40.22.906714 +0200,
,,30,0,30,,,,,,,13,t06,sátor,tent,8,tools,camping,4.8,110,None,None,None,"(-0.1, -0.1)",space,0.051264400011859834,None,,,,,,,,,0,0,0,0,0,21,21,21,30,0,30,0,339.05680450005457,,,,,,,,,,,,,,,,,,,,,,,,,,,,,,,,,,,,,,,,,,,,,,,,,,,,,,,,,,,,,,,,,,,,,,,,,,,,,,,,,,,,,,,,,,,,,,339.0438149999827,339.05680450005457,339.05680450005457,339.05680450005457,339.12393080000766,space,0.051264400011859834,None,,,,,,,,,,,,P8775,Bar_MIC,13,1,2026-05-05_18h40.21.608,MIC_task,,2026.1.2,59.90351939622037,2026-05-05 18h40.22.906714 +0200,
,,,,,,,,,,,,,,,,,,,,,,,,,,,,,,,,,,,,,,,,,,,,,,,,,,,,,,,,,,,,,,,,,,,,,,,,,,,,,,,,,,,,,,,,,,,,,,,,,,,,,,,,,,,,,,,,,,,,,,,,,,,,,339.1807470000349,339.1857525999658,339.1898363666997,341.12744020007085,,,,,,343.1304025000427,343.14746850007214,343.14746850007214,,,,,,,,,,,,,341.15790910006035,341.16345620003995,341.16065263329847,343.04601379996166,343.13035780005157,,,,,,,,,,,,,,,,,
