Reveal,position,thisN,thisTrialN,thisRepN,key_resp_19.keys,key_resp_19.rt,key_resp_19.duration,key_resp_8.keys,key_resp_8.rt,key_resp_8.duration,trial_number,itemno,item_HU,item_EN,categoryno,category,subcategory,mean,frequency,aoa_stanford,aoa_kupermann,aoa_childes,positions,key_resp.keys,key_resp.rt,key_resp.duration,key_resp_6.keys,key_resp_6.rt,key_resp_6.duration,practice_loop.thisRepN,practice_loop.thisTrialN,practice_loop.thisN,practice_loop.thisIndex,practice_aperture.thisRepN,practice_aperture.thisTrialN,practice_aperture.thisN,practice_aperture.thisIndex,run_loop.thisRepN,run_loop.thisTrialN,run_loop.thisN,run_loop.thisIndex,trial_loop.thisRepN,trial_loop.thisTrialN,trial_loop.thisN,trial_loop.thisIndex,aperture_loop.thisRepN,aperture_loop.thisTrialN,aperture_loop.thisN,aperture_loop.thisIndex,thisRow.t,notes,piloting,intro_pic.started,Story_Beg.started,key_resp_4.started,S1.started,intro_pic.stopped,key_resp_4.keys,key_resp_4.rt,key_resp_4.duration,Story1.started,Story_1.started,key_resp_9.started,S1_2.started,Story1.stopped,key_resp_9.keys,key_resp_9.rt,key_resp_9.duration,Story2.started,Story_2.started,key_resp_10.started,S1_3.started,Story2.stopped,key_resp_10.keys,key_resp_10.rt,key_resp_10.duration,Story4.started,Story_4.started,key_resp_12.started,S1_4.started,Story4.stopped,key_resp_12.keys,key_resp_12.rt,key_resp_12.duration,Story5.started,Story_5.started,key_resp_13.started,S1_5.started,Story5.stopped,key_resp_13.keys,key_resp_13.rt,key_resp_13.duration,Story6.started,Story_6.started,key_resp_14.started,S1_6.started,Story6.stopped,key_resp_14.keys,key_resp_14.rt,key_resp_14.duration,Story7.started,Story.started,key_resp_20.started,S1_7.started,Story7.stopped,key_resp_20.keys,key_resp_20.rt,key_resp_20.duration,Story8.started,Story_7.started,key_resp_21.started,S1_8.started,Story8.stopped,key_resp_21.keys,key_resp_21.rt,key_resp_21.duration,trial3.started,image_7.started,aperture_3.started,key_resp_19.started,trial3.stopped,practice_aperture.key_resp_19.keys,practice_aperture.key_resp_19.rt,practice_aperture.key_resp_19.duration,reveal.started,dots.started,sound_1.started,reveal.stopped,change_prac.started,image_10.started,sound_4.started,sound_4.stopped,change_prac.stopped,ISI.started,text.started,key_resp_8.started,ISI.stopped,practice_loop.key_resp_8.keys,practice_loop.key_resp_8.rt,practice_loop.key_resp_8.duration,image_7.stopped,aperture_3.stopped,key_resp_19.stopped,trial.started,image.started,aperture.started,key_resp.started,trial.stopped,aperture_loop.key_resp.keys,aperture_loop.key_resp.rt,aperture_loop.key_resp.duration,changee.started,image_2.started,sound_2.started,sound_2.stopped,changee.stopped,trial_loop.key_resp_8.keys,trial_loop.key_resp_8.rt,trial_loop.key_resp_8.duration,image.stopped,aperture.stopped,key_resp.stopped,inter_end_pic.started,image_8.started,key_resp_6.started,S1_9.started,inter_end_pic.stopped,run_loop.key_resp_6.keys,run_loop.key_resp_6.rt,run_loop.key_resp_6.duration,EndStory.started,Story_end.started,key_resp_15.started,S1_11.started,S1_11.stopped,EndStory.stopped,key_resp_15.keys,key_resp_15.rt,key_resp_15.duration,EndStory2.started,key_resp_16.started,Story_end2.started,EndStory2.stopped,key_resp_16.keys,key_resp_16.rt,key_resp_16.duration,EndStory3.started,key_resp_17.started,Story_end3.started,S1_12.started,EndStory3.stopped,key_resp_17.keys,key_resp_17.rt,key_resp_17.duration,participant,Version,Stimuli,RunNo,date,expName,expVersion,psychopyVersion,frameRate,expStart,
,,,,,,,,,,,,,,,,,,,,,,,,,,,,,,,,,,,,,,,,,,,,,,,,,,,,False,0.08724509994499385,0.10976779996417463,0.10976779996417463,0.09261543334772189,0.7634318000636995,space,0.6479088000487536,None,,,,,,,,,,,,,,,,,,,,,,,,,,,,,,,,,,,,,,,,,,,,,,,,,,,,,,,,,,,,,,,,,,,,,,,,,,,,,,,,,,,,,,,,,,,,,,,,,,,,,,,,,,,,,,,,,,,,,,,,,,,,,,,,,,,,,,,P9615,MIC_Bar,7,2,2026-05-07_16h48.09.629,MIC_task,,2026.1.2,60.29795630166393,2026-05-07 16h48.11.390147 +0200,
,,,,,,,,,,,,,,,,,,,,,,,,,,,,,,,,,,,,,,,,,,,,,,,,,,,,,,,,,,,,,0.8489024001173675,0.857392500154674,0.857392500154674,0.8590706001501531,1.2436973000876606,space,0.37274570018053055,None,,,,,,,,,,,,,,,,,,,,,,,,,,,,,,,,,,,,,,,,,,,,,,,,,,,,,,,,,,,,,,,,,,,,,,,,,,,,,,,,,,,,,,,,,,,,,,,,,,,,,,,,,,,,,,,,,,,,,,,,,,,,,,,P9615,MIC_Bar,7,2,2026-05-07_16h48.09.629,MIC_task,,2026.1.2,60.29795630166393,2026-05-07 16h48.11.390147 +0200,
,,,,,,,,,,,,,,,,,,,,,,,,,,,,,,,,,,,,,,,,,,,,,,,,,,,,,,,,,,,,,,,,,,,,,1.3281112001277506,1.3355376000981778,1.3355376000981778,1.3427894000429659,1.6613861999940127,space,0.3179341999348253,None,,,,,,,,,,,,,,,,,,,,,,,,,,,,,,,,,,,,,,,,,,,,,,,,,,,,,,,,,,,,,,,,,,,,,,,,,,,,,,,,,,,,,,,,,,,,,,,,,,,,,,,,,,,,,,,,,,,,,,,P9615,MIC_Bar,7,2,2026-05-07_16h48.09.629,MIC_task,,2026.1.2,60.29795630166393,2026-05-07 16h48.11.390147 +0200,
,,,,,,,,,,,,,,,,,,,,,,,,,,,,,,,,,,,,,,,,,,,,,,,,,,,,,,,,,,,,,,,,,,,,,,,,,,,,,1.7421957000624388,1.7507341001182795,1.7507341001182795,1.7436863333762933,2.1787005001679063,space,0.4241170999594033,None,,,,,,,,,,,,,,,,,,,,,,,,,,,,,,,,,,,,,,,,,,,,,,,,,,,,,,,,,,,,,,,,,,,,,,,,,,,,,,,,,,,,,,,,,,,,,,,,,,,,,,,,,,,,,,,P9615,MIC_Bar,7,2,2026-05-07_16h48.09.629,MIC_task,,2026.1.2,60.29795630166393,2026-05-07 16h48.11.390147 +0200,
,,,,,,,,,,,,,,,,,,,,,,,,,,,,,,,,,,,,,,,,,,,,,,,,,,,,,,,,,,,,,,,,,,,,,,,,,,,,,,,,,,,,,2.2539043000433594,2.2627509001176804,2.2627509001176804,2.260949333275979,2.713897200068459,space,0.43963990011252463,None,,,,,,,,,,,,,,,,,,,,,,,,,,,,,,,,,,,,,,,,,,,,,,,,,,,,,,,,,,,,,,,,,,,,,,,,,,,,,,,,,,,,,,,,,,,,,,,,,,,,,,,P9615,MIC_Bar,7,2,2026-05-07_16h48.09.629,MIC_task,,2026.1.2,60.29795630166393,2026-05-07 16h48.11.390147 +0200,
,,,,,,,,,,,,,,,,,,,,,,,,,,,,,,,,,,,,,,,,,,,,,,,,,,,,,,,,,,,,,,,,,,,,,,,,,,,,,,,,,,,,,,,,,,,,,2.778665400110185,2.7902512000873685,2.7902512000873685,2.7793031667980053,3.080829600105062,space,0.2872699999716133,None,,,,,,,,,,,,,,,,,,,,,,,,,,,,,,,,,,,,,,,,,,,,,,,,,,,,,,,,,,,,,,,,,,,,,,,,,,,,,,,,,,,,,,,,,,,,,,,P9615,MIC_Bar,7,2,2026-05-07_16h48.09.629,MIC_task,,2026.1.2,60.29795630166393,2026-05-07 16h48.11.390147 +0200,
,,,,,,,,,,,,,,,,,,,,,,,,,,,,,,,,,,,,,,,,,,,,,,,,,,,,,,,,,,,,,,,,,,,,,,,,,,,,,,,,,,,,,,,,,,,,,,,,,,,,,3.1698350000660866,3.183566600084305,3.183566600084305,3.1797823001630605,3.848075000103563,space,0.6545945999678224,None,,,,,,,,,,,,,,,,,,,,,,,,,,,,,,,,,,,,,,,,,,,,,,,,,,,,,,,,,,,,,,,,,,,,,,,,,,,,,,,,,,,,,,,P9615,MIC_Bar,7,2,2026-05-07_16h48.09.629,MIC_task,,2026.1.2,60.29795630166393,2026-05-07 16h48.11.390147 +0200,
,,,,,,,,,,,,,,,,,,,,,,,,,,,,,,,,,,,,,,,,,,,,,,,,,,,,,,,,,,,,,,,,,,,,,,,,,,,,,,,,,,,,,,,,,,,,,,,,,,,,,,,,,,,,,3.934037100058049,3.950362600153312,3.950362600153312,3.9469446001108737,4.299070700071752,space,0.3357696000020951,None,,,,,,,,,,,,,,,,,,,,,,,,,,,,,,,,,,,,,,,,,,,,,,,,,,,,,,,,,,,,,,,,,,,,,,,,,,,,,,,P9615,MIC_Bar,7,2,2026-05-07_16h48.09.629,MIC_task,,2026.1.2,60.29795630166393,2026-05-07 16h48.11.390147 +0200,
MRnGO_prac_stimuli/wizard.png,"(0, -0.1)",0,0,0,None,,,,,,,,,,,,,,,,,,,,,,,,,0,0,0,0,0,0,0,0,,,,,,,,,,,,,4.320072500035167,,,,,,,,,,,,,,,,,,,,,,,,,,,,,,,,,,,,,,,,,,,,,,,,,,,,,,,,,,,,,,,,,,,4.315950300078839,4.320072500035167,4.320072500035167,4.320072500035167,4.515358899952844,None,,,,,,,,,,,,,,,,,,,,,,,,,,,,,,,,,,,,,,,,,,,,,,,,,,,,,,,,,,,,,,,,,,,,,,,,,P9615,MIC_Bar,7,2,2026-05-07_16h48.09.629,MIC_task,,2026.1.2,60.29795630166393,2026-05-07 16h48.11.390147 +0200,
MRnGO_prac_stimuli/wizard.png,"(0, -0.1)",0,0,0,None,,,,,,,,,,,,,,,,,,,,,,,,,0,0,0,0,0,0,0,0,,,,,,,,,,,,,4.531910000136122,,,,,,,,,,,,,,,,,,,,,,,,,,,,,,,,,,,,,,,,,,,,,,,,,,,,,,,,,,,,,,,,,,,4.519052000017837,4.531910000136122,4.531910000136122,4.531910000136122,4.715702299959958,None,,,,,,,,,,,,,,,,,,,,,,,,,,,,,,,,,,,,,,,,,,,,,,,,,,,,,,,,,,,,,,,,,,,,,,,,,P9615,MIC_Bar,7,2,2026-05-07_16h48.09.629,MIC_task,,2026.1.2,60.29795630166393,2026-05-07 16h48.11.390147 +0200,
MRnGO_prac_stimuli/wizard.png,"(0, -0.1)",1,0,1,None,,,,,,,,,,,,,,,,,,,,,,,,,0,0,0,0,1,0,1,0,,,,,,,,,,,,,4.7323394999839365,,,,,,,,,,,,,,,,,,,,,,,,,,,,,,,,,,,,,,,,,,,,,,,,,,,,,,,,,,,,,,,,,,,4.719220699975267,4.7323394999839365,4.7323394999839365,4.7323394999839365,4.91616649995558,None,,,,,,,,,,,,,,,,,,,,,,,,,,,,,,,,,,,,,,,,,,,,,,,,,,,,,,,,,,,,,,,,,,,,,,,,,P9615,MIC_Bar,7,2,2026-05-07_16h48.09.629,MIC_task,,2026.1.2,60.29795630166393,2026-05-07 16h48.11.390147 +0200,
MRnGO_prac_stimuli/wizard.png,"(0, -0.1)",2,0,2,None,,,,,,,,,,,,,,,,,,,,,,,,,0,0,0,0,2,0,2,0,,,,,,,,,,,,,4.932713000103831,,,,,,,,,,,,,,,,,,,,,,,,,,,,,,,,,,,,,,,,,,,,,,,,,,,,,,,,,,,,,,,,,,,4.919989299960434,4.932713000103831,4.932713000103831,4.932713000103831,5.116500700125471,None,,,,,,,,,,,,,,,,,,,,,,,,,,,,,,,,,,,,,,,,,,,,,,,,,,,,,,,,,,,,,,,,,,,,,,,,,P9615,MIC_Bar,7,2,2026-05-07_16h48.09.629,MIC_task,,2026.1.2,60.29795630166393,2026-05-07 16h48.11.390147 +0200,
MRnGO_prac_stimuli/wizard.png,"(0, -0.1)",3,0,3,None,,,,,,,,,,,,,,,,,,,,,,,,,0,0,0,0,3,0,3,0,,,,,,,,,,,,,5.132113500032574,,,,,,,,,,,,,,,,,,,,,,,,,,,,,,,,,,,,,,,,,,,,,,,,,,,,,,,,,,,,,,,,,,,5.120111300144345,5.132113500032574,5.132113500032574,5.132113500032574,5.315956700127572,None,,,,,,,,,,,,,,,,,,,,,,,,,,,,,,,,,,,,,,,,,,,,,,,,,,,,,,,,,,,,,,,,,,,,,,,,,P9615,MIC_Bar,7,2,2026-05-07_16h48.09.629,MIC_task,,2026.1.2,60.29795630166393,2026-05-07 16h48.11.390147 +0200,
MRnGO_prac_stimuli/wizard.png,"(0, -0.1)",4,0,4,None,,,,,,,,,,,,,,,,,,,,,,,,,0,0,0,0,4,0,4,0,,,,,,,,,,,,,5.332568499958143,,,,,,,,,,,,,,,,,,,,,,,,,,,,,,,,,,,,,,,,,,,,,,,,,,,,,,,,,,,,,,,,,,,5.319356200052425,5.332568499958143,5.332568499958143,5.332568499958143,5.517409299965948,None,,,,,,,,,,,,,,,,,,,,,,,,,,,,,,,,,,,,,,,,,,,,,,,,,,,,,,,,,,,,,,,,,,,,,,,,,P9615,MIC_Bar,7,2,2026-05-07_16h48.09.629,MIC_task,,2026.1.2,60.29795630166393,2026-05-07 16h48.11.390147 +0200,
MRnGO_prac_stimuli/wizard.png,"(0, -0.1)",5,0,5,None,,,,,,,,,,,,,,,,,,,,,,,,,0,0,0,0,5,0,5,0,,,,,,,,,,,,,5.532953800167888,,,,,,,,,,,,,,,,,,,,,,,,,,,,,,,,,,,,,,,,,,,,,,,,,,,,,,,,,,,,,,,,,,,5.520664599956945,5.532953800167888,5.532953800167888,5.532953800167888,5.7167059001512825,None,,,,,,,,,,,,,,,,,,,,,,,,,,,,,,,,,,,,,,,,,,,,,,,,,,,,,,,,,,,,,,,,,,,,,,,,,P9615,MIC_Bar,7,2,2026-05-07_16h48.09.629,MIC_task,,2026.1.2,60.29795630166393,2026-05-07 16h48.11.390147 +0200,
MRnGO_prac_stimuli/wizard.png,"(0, -0.1)",6,0,6,None,,,,,,,,,,,,,,,,,,,,,,,,,0,0,0,0,6,0,6,0,,,,,,,,,,,,,5.733277700142935,,,,,,,,,,,,,,,,,,,,,,,,,,,,,,,,,,,,,,,,,,,,,,,,,,,,,,,,,,,,,,,,,,,5.720097300130874,5.733277700142935,5.733277700142935,5.733277700142935,5.917089499998838,None,,,,,,,,,,,,,,,,,,,,,,,,,,,,,,,,,,,,,,,,,,,,,,,,,,,,,,,,,,,,,,,,,,,,,,,,,P9615,MIC_Bar,7,2,2026-05-07_16h48.09.629,MIC_task,,2026.1.2,60.29795630166393,2026-05-07 16h48.11.390147 +0200,
MRnGO_prac_stimuli/wizard.png,"(0, -0.1)",7,0,7,None,,,,,,,,,,,,,,,,,,,,,,,,,0,0,0,0,7,0,7,0,,,,,,,,,,,,,5.933652900159359,,,,,,,,,,,,,,,,,,,,,,,,,,,,,,,,,,,,,,,,,,,,,,,,,,,,,,,,,,,,,,,,,,,5.920395900029689,5.933652900159359,5.933652900159359,5.933652900159359,6.117482000030577,None,,,,,,,,,,,,,,,,,,,,,,,,,,,,,,,,,,,,,,,,,,,,,,,,,,,,,,,,,,,,,,,,,,,,,,,,,P9615,MIC_Bar,7,2,2026-05-07_16h48.09.629,MIC_task,,2026.1.2,60.29795630166393,2026-05-07 16h48.11.390147 +0200,
MRnGO_prac_stimuli/wizard.png,"(0, -0.1)",8,0,8,None,,,,,,,,,,,,,,,,,,,,,,,,,0,0,0,0,8,0,8,0,,,,,,,,,,,,,6.1340540000237525,,,,,,,,,,,,,,,,,,,,,,,,,,,,,,,,,,,,,,,,,,,,,,,,,,,,,,,,,,,,,,,,,,,6.120830100029707,6.1340540000237525,6.1340540000237525,6.1340540000237525,6.31942389998585,None,,,,,,,,,,,,,,,,,,,,,,,,,,,,,,,,,,,,,,,,,,,,,,,,,,,,,,,,,,,,,,,,,,,,,,,,,P9615,MIC_Bar,7,2,2026-05-07_16h48.09.629,MIC_task,,2026.1.2,60.29795630166393,2026-05-07 16h48.11.390147 +0200,
MRnGO_prac_stimuli/wizard.png,"(0, -0.1)",9,0,9,None,,,,,,,,,,,,,,,,,,,,,,,,,0,0,0,0,9,0,9,0,,,,,,,,,,,,,6.334479300072417,,,,,,,,,,,,,,,,,,,,,,,,,,,,,,,,,,,,,,,,,,,,,,,,,,,,,,,,,,,,,,,,,,,6.322895900113508,6.334479300072417,6.334479300072417,6.334479300072417,6.518212500028312,None,,,,,,,,,,,,,,,,,,,,,,,,,,,,,,,,,,,,,,,,,,,,,,,,,,,,,,,,,,,,,,,,,,,,,,,,,P9615,MIC_Bar,7,2,2026-05-07_16h48.09.629,MIC_task,,2026.1.2,60.29795630166393,2026-05-07 16h48.11.390147 +0200,
MRnGO_prac_stimuli/wizard.png,"(0, -0.1)",10,0,10,None,,,,,,,,,,,,,,,,,,,,,,,,,0,0,0,0,10,0,10,0,,,,,,,,,,,,,6.5348609001375735,,,,,,,,,,,,,,,,,,,,,,,,,,,,,,,,,,,,,,,,,,,,,,,,,,,,,,,,,,,,,,,,,,,6.521268100012094,6.5348609001375735,6.5348609001375735,6.5348609001375735,6.718688700115308,None,,,,,,,,,,,,,,,,,,,,,,,,,,,,,,,,,,,,,,,,,,,,,,,,,,,,,,,,,,,,,,,,,,,,,,,,,P9615,MIC_Bar,7,2,2026-05-07_16h48.09.629,MIC_task,,2026.1.2,60.29795630166393,2026-05-07 16h48.11.390147 +0200,
MRnGO_prac_stimuli/wizard.png,"(0, -0.1)",11,0,11,None,,,,,,,,,,,,,,,,,,,,,,,,,0,0,0,0,11,0,11,0,,,,,,,,,,,,,6.7352585000917315,,,,,,,,,,,,,,,,,,,,,,,,,,,,,,,,,,,,,,,,,,,,,,,,,,,,,,,,,,,,,,,,,,,6.7220054001081735,6.7352585000917315,6.7352585000917315,6.7352585000917315,6.920398500049487,None,,,,,,,,,,,,,,,,,,,,,,,,,,,,,,,,,,,,,,,,,,,,,,,,,,,,,,,,,,,,,,,,,,,,,,,,,P9615,MIC_Bar,7,2,2026-05-07_16h48.09.629,MIC_task,,2026.1.2,60.29795630166393,2026-05-07 16h48.11.390147 +0200,
MRnGO_prac_stimuli/wizard.png,"(0, -0.1)",12,0,12,None,,,,,,,,,,,,,,,,,,,,,,,,,0,0,0,0,12,0,12,0,,,,,,,,,,,,,6.935677899979055,,,,,,,,,,,,,,,,,,,,,,,,,,,,,,,,,,,,,,,,,,,,,,,,,,,,,,,,,,,,,,,,,,,6.92369500012137,6.935677899979055,6.935677899979055,6.935677899979055,7.119465500116348,None,,,,,,,,,,,,,,,,,,,,,,,,,,,,,,,,,,,,,,,,,,,,,,,,,,,,,,,,,,,,,,,,,,,,,,,,,P9615,MIC_Bar,7,2,2026-05-07_16h48.09.629,MIC_task,,2026.1.2,60.29795630166393,2026-05-07 16h48.11.390147 +0200,
MRnGO_prac_stimuli/wizard.png,"(0, -0.1)",13,0,13,None,,,,,,,,,,,,,,,,,,,,,,,,,0,0,0,0,13,0,13,0,,,,,,,,,,,,,7.136094900080934,,,,,,,,,,,,,,,,,,,,,,,,,,,,,,,,,,,,,,,,,,,,,,,,,,,,,,,,,,,,,,,,,,,7.123099399963394,7.136094900080934,7.136094900080934,7.136094900080934,7.31984749995172,None,,,,,,,,,,,,,,,,,,,,,,,,,,,,,,,,,,,,,,,,,,,,,,,,,,,,,,,,,,,,,,,,,,,,,,,,,P9615,MIC_Bar,7,2,2026-05-07_16h48.09.629,MIC_task,,2026.1.2,60.29795630166393,2026-05-07 16h48.11.390147 +0200,
MRnGO_prac_stimuli/wizard.png,"(0, -0.1)",14,0,14,None,,,,,,,,,,,,,,,,,,,,,,,,,0,0,0,0,14,0,14,0,,,,,,,,,,,,,7.33640699996613,,,,,,,,,,,,,,,,,,,,,,,,,,,,,,,,,,,,,,,,,,,,,,,,,,,,,,,,,,,,,,,,,,,7.323032000102103,7.33640699996613,7.33640699996613,7.33640699996613,7.519837100058794,None,,,,,,,,,,,,,,,,,,,,,,,,,,,,,,,,,,,,,,,,,,,,,,,,,,,,,,,,,,,,,,,,,,,,,,,,,P9615,MIC_Bar,7,2,2026-05-07_16h48.09.629,MIC_task,,2026.1.2,60.29795630166393,2026-05-07 16h48.11.390147 +0200,
MRnGO_prac_stimuli/wizard.png,"(0, -0.1)",15,0,15,None,,,,,,,,,,,,,,,,,,,,,,,,,0,0,0,0,15,0,15,0,,,,,,,,,,,,,7.535853700013831,,,,,,,,,,,,,,,,,,,,,,,,,,,,,,,,,,,,,,,,,,,,,,,,,,,,,,,,,,,,,,,,,,,7.523305400041863,7.535853700013831,7.535853700013831,7.535853700013831,7.719714000122622,None,,,,,,,,,,,,,,,,,,,,,,,,,,,,,,,,,,,,,,,,,,,,,,,,,,,,,,,,,,,,,,,,,,,,,,,,,P9615,MIC_Bar,7,2,2026-05-07_16h48.09.629,MIC_task,,2026.1.2,60.29795630166393,2026-05-07 16h48.11.390147 +0200,
MRnGO_prac_stimuli/wizard.png,"(0, -0.1)",16,0,16,None,,,,,,,,,,,,,,,,,,,,,,,,,0,0,0,0,16,0,16,0,,,,,,,,,,,,,7.736258000135422,,,,,,,,,,,,,,,,,,,,,,,,,,,,,,,,,,,,,,,,,,,,,,,,,,,,,,,,,,,,,,,,,,,7.722962100058794,7.736258000135422,7.736258000135422,7.736258000135422,7.920054699992761,None,,,,,,,,,,,,,,,,,,,,,,,,,,,,,,,,,,,,,,,,,,,,,,,,,,,,,,,,,,,,,,,,,,,,,,,,,P9615,MIC_Bar,7,2,2026-05-07_16h48.09.629,MIC_task,,2026.1.2,60.29795630166393,2026-05-07 16h48.11.390147 +0200,
MRnGO_prac_stimuli/wizard.png,"(0, -0.1)",17,0,17,None,,,,,,,,,,,,,,,,,,,,,,,,,0,0,0,0,17,0,17,0,,,,,,,,,,,,,7.936634700046852,,,,,,,,,,,,,,,,,,,,,,,,,,,,,,,,,,,,,,,,,,,,,,,,,,,,,,,,,,,,,,,,,,,7.923449200112373,7.936634700046852,7.936634700046852,7.936634700046852,8.120481499936432,None,,,,,,,,,,,,,,,,,,,,,,,,,,,,,,,,,,,,,,,,,,,,,,,,,,,,,,,,,,,,,,,,,,,,,,,,,P9615,MIC_Bar,7,2,2026-05-07_16h48.09.629,MIC_task,,2026.1.2,60.29795630166393,2026-05-07 16h48.11.390147 +0200,
MRnGO_prac_stimuli/wizard.png,"(0, -0.1)",18,0,18,None,,,,,,,,,,,,,,,,,,,,,,,,,0,0,0,0,18,0,18,0,,,,,,,,,,,,,8.137049400014803,,,,,,,,,,,,,,,,,,,,,,,,,,,,,,,,,,,,,,,,,,,,,,,,,,,,,,,,,,,,,,,,,,,8.123815899947658,8.137049400014803,8.137049400014803,8.137049400014803,8.322066100081429,None,,,,,,,,,,,,,,,,,,,,,,,,,,,,,,,,,,,,,,,,,,,,,,,,,,,,,,,,,,,,,,,,,,,,,,,,,P9615,MIC_Bar,7,2,2026-05-07_16h48.09.629,MIC_task,,2026.1.2,60.29795630166393,2026-05-07 16h48.11.390147 +0200,
MRnGO_prac_stimuli/wizard.png,"(0, -0.1)",19,0,19,None,,,,,,,,,,,,,,,,,,,,,,,,,0,0,0,0,19,0,19,0,,,,,,,,,,,,,8.337382500059903,,,,,,,,,,,,,,,,,,,,,,,,,,,,,,,,,,,,,,,,,,,,,,,,,,,,,,,,,,,,,,,,,,,8.325089700054377,8.337382500059903,8.337382500059903,8.337382500059903,8.52116969996132,None,,,,,,,,,,,,,,,,,,,,,,,,,,,,,,,,,,,,,,,,,,,,,,,,,,,,,,,,,,,,,,,,,,,,,,,,,P9615,MIC_Bar,7,2,2026-05-07_16h48.09.629,MIC_task,,2026.1.2,60.29795630166393,2026-05-07 16h48.11.390147 +0200,
MRnGO_prac_stimuli/wizard.png,"(0, -0.1)",20,0,20,None,,,,,,,,,,,,,,,,,,,,,,,,,0,0,0,0,20,0,20,0,,,,,,,,,,,,,8.537761500105262,,,,,,,,,,,,,,,,,,,,,,,,,,,,,,,,,,,,,,,,,,,,,,,,,,,,,,,,,,,,,,,,,,,8.52604450006038,8.537761500105262,8.537761500105262,8.537761500105262,8.721540099941194,None,,,,,,,,,,,,,,,,,,,,,,,,,,,,,,,,,,,,,,,,,,,,,,,,,,,,,,,,,,,,,,,,,,,,,,,,,P9615,MIC_Bar,7,2,2026-05-07_16h48.09.629,MIC_task,,2026.1.2,60.29795630166393,2026-05-07 16h48.11.390147 +0200,
MRnGO_prac_stimuli/wizard.png,"(0, -0.1)",21,0,21,None,,,,,,,,,,,,,,,,,,,,,,,,,0,0,0,0,21,0,21,0,,,,,,,,,,,,,8.738141800044104,,,,,,,,,,,,,,,,,,,,,,,,,,,,,,,,,,,,,,,,,,,,,,,,,,,,,,,,,,,,,,,,,,,8.724777600029483,8.738141800044104,8.738141800044104,8.738141800044104,8.92213029996492,None,,,,,,,,,,,,,,,,,,,,,,,,,,,,,,,,,,,,,,,,,,,,,,,,,,,,,,,,,,,,,,,,,,,,,,,,,P9615,MIC_Bar,7,2,2026-05-07_16h48.09.629,MIC_task,,2026.1.2,60.29795630166393,2026-05-07 16h48.11.390147 +0200,
MRnGO_prac_stimuli/wizard.png,"(0, -0.1)",22,0,22,None,,,,,,,,,,,,,,,,,,,,,,,,,0,0,0,0,22,0,22,0,,,,,,,,,,,,,8.93849700014107,,,,,,,,,,,,,,,,,,,,,,,,,,,,,,,,,,,,,,,,,,,,,,,,,,,,,,,,,,,,,,,,,,,8.925308000063524,8.93849700014107,8.93849700014107,8.93849700014107,9.123748400015756,None,,,,,,,,,,,,,,,,,,,,,,,,,,,,,,,,,,,,,,,,,,,,,,,,,,,,,,,,,,,,,,,,,,,,,,,,,P9615,MIC_Bar,7,2,2026-05-07_16h48.09.629,MIC_task,,2026.1.2,60.29795630166393,2026-05-07 16h48.11.390147 +0200,
MRnGO_prac_stimuli/wizard.png,"(0, -0.1)",23,0,23,None,,,,,,,,,,,,,,,,,,,,,,,,,0,0,0,0,23,0,23,0,,,,,,,,,,,,,9.138932900037616,,,,,,,,,,,,,,,,,,,,,,,,,,,,,,,,,,,,,,,,,,,,,,,,,,,,,,,,,,,,,,,,,,,9.127159800147638,9.138932900037616,9.138932900037616,9.138932900037616,9.322710100095719,None,,,,,,,,,,,,,,,,,,,,,,,,,,,,,,,,,,,,,,,,,,,,,,,,,,,,,,,,,,,,,,,,,,,,,,,,,P9615,MIC_Bar,7,2,2026-05-07_16h48.09.629,MIC_task,,2026.1.2,60.29795630166393,2026-05-07 16h48.11.390147 +0200,
MRnGO_prac_stimuli/wizard.png,"(0, -0.1)",24,0,24,None,,,,,,,,,,,,,,,,,,,,,,,,,0,0,0,0,24,0,24,0,,,,,,,,,,,,,9.339364900020882,,,,,,,,,,,,,,,,,,,,,,,,,,,,,,,,,,,,,,,,,,,,,,,,,,,,,,,,,,,,,,,,,,,9.325831900117919,9.339364900020882,9.339364900020882,9.339364900020882,9.523168300045654,None,,,,,,,,,,,,,,,,,,,,,,,,,,,,,,,,,,,,,,,,,,,,,,,,,,,,,,,,,,,,,,,,,,,,,,,,,P9615,MIC_Bar,7,2,2026-05-07_16h48.09.629,MIC_task,,2026.1.2,60.29795630166393,2026-05-07 16h48.11.390147 +0200,
MRnGO_prac_stimuli/wizard.png,"(0, -0.1)",25,0,25,space,0.14743810007348657,None,,,,,,,,,,,,,,,,,,,,,,,0,0,0,0,25,0,25,0,,,,,,,,,,,,,9.538802199997008,,,,,,,,,,,,,,,,,,,,,,,,,,,,,,,,,,,,,,,,,,,,,,,,,,,,,,,,,,,,,,,,,,,9.526480400003493,9.538802199997008,9.538802199997008,9.538802199997008,9.692415199941024,space,0.14743810007348657,None,,,,,,,,,,,,,,,,,,,,,,,,,,,,,,,,,,,,,,,,,,,,,,,,,,,,,,,,,,,,,,,,,,,,,,,P9615,MIC_Bar,7,2,2026-05-07_16h48.09.629,MIC_task,,2026.1.2,60.29795630166393,2026-05-07 16h48.11.390147 +0200,
MRnGO_prac_stimuli/wizard.png,"(0, -0.1)",0,0,0,,,,space,0.28529509995132685,None,,,,,,,,,,,,,,,,,,,,0,0,0,0,,,,,,,,,,,,,,,,,,,,,,,,,,,,,,,,,,,,,,,,,,,,,,,,,,,,,,,,,,,,,,,,,,,,,,,,,,,,,,,,,,,,,,,,,,,,9.754264800110832,9.759564500069246,9.758103666609776,11.694486800115556,11.720401900121942,11.725895500043407,11.727662833298869,13.629986000014469,13.697097700089216,13.697140200063586,13.7124644999858,13.7124644999858,14.015056299977005,space,0.28529509995132685,None,,,,,,,,,,,,,,,,,,,,,,,,,,,,,,,,,,,,,,,,,,,,,,,,,,,,,,,P9615,MIC_Bar,7,2,2026-05-07_16h48.09.629,MIC_task,,2026.1.2,60.29795630166393,2026-05-07 16h48.11.390147 +0200,
MRnGO_prac_stimuli/clover.png,"(0.1, 0.1)",0,0,0,None,,,,,,,,,,,,,,,,,,,,,,,,,0,1,1,1,0,0,0,0,,,,,,,,,,,,,14.029286799952388,,,,,,,,,,,,,,,,,,,,,,,,,,,,,,,,,,,,,,,,,,,,,,,,,,,,,,,,,,,,,,,,,,,14.018428400158882,14.029286799952388,14.029286799952388,14.029286799952388,14.214934200048447,None,,,,,,,,,,,,,,,,,,,14.229688399937004,14.229688399937004,14.229688399937004,,,,,,,,,,,,,,,,,,,,,,,,,,,,,,,,,,,,,,,,,,,,,,,,,,,,P9615,MIC_Bar,7,2,2026-05-07_16h48.09.629,MIC_task,,2026.1.2,60.29795630166393,2026-05-07 16h48.11.390147 +0200,
MRnGO_prac_stimuli/clover.png,"(0.1, 0.1)",0,0,0,None,,,,,,,,,,,,,,,,,,,,,,,,,0,1,1,1,0,0,0,0,,,,,,,,,,,,,14.229688399937004,,,,,,,,,,,,,,,,,,,,,,,,,,,,,,,,,,,,,,,,,,,,,,,,,,,,,,,,,,,,,,,,,,,14.218020000029355,14.229688399937004,14.229688399937004,14.229688399937004,14.415289600146934,None,,,,,,,,,,,,,,,,,,,14.430149200139567,14.430149200139567,14.430149200139567,,,,,,,,,,,,,,,,,,,,,,,,,,,,,,,,,,,,,,,,,,,,,,,,,,,,P9615,MIC_Bar,7,2,2026-05-07_16h48.09.629,MIC_task,,2026.1.2,60.29795630166393,2026-05-07 16h48.11.390147 +0200,
MRnGO_prac_stimuli/clover.png,"(0.1, 0.1)",1,0,1,None,,,,,,,,,,,,,,,,,,,,,,,,,0,1,1,1,1,0,1,0,,,,,,,,,,,,,14.430149200139567,,,,,,,,,,,,,,,,,,,,,,,,,,,,,,,,,,,,,,,,,,,,,,,,,,,,,,,,,,,,,,,,,,,14.41823359997943,14.430149200139567,14.430149200139567,14.430149200139567,14.615253000054508,None,,,,,,,,,,,,,,,,,,,,,,,,,,,,,,,,,,,,,,,,,,,,,,,,,,,,,,,,,,,,,,,,,,,,,,,,,P9615,MIC_Bar,7,2,2026-05-07_16h48.09.629,MIC_task,,2026.1.2,60.29795630166393,2026-05-07 16h48.11.390147 +0200,
MRnGO_prac_stimuli/clover.png,"(0.1, 0.1)",2,0,2,None,,,,,,,,,,,,,,,,,,,,,,,,,0,1,1,1,2,0,2,0,,,,,,,,,,,,,14.632990600075573,,,,,,,,,,,,,,,,,,,,,,,,,,,,,,,,,,,,,,,,,,,,,,,,,,,,,,,,,,,,,,,,,,,14.618410600116476,14.632990600075573,14.632990600075573,14.632990600075573,14.832377800019458,None,,,,,,,,,,,,,,,,,,,,,,,,,,,,,,,,,,,,,,,,,,,,,,,,,,,,,,,,,,,,,,,,,,,,,,,,,P9615,MIC_Bar,7,2,2026-05-07_16h48.09.629,MIC_task,,2026.1.2,60.29795630166393,2026-05-07 16h48.11.390147 +0200,
MRnGO_prac_stimuli/clover.png,"(0.1, 0.1)",3,0,3,None,,,,,,,,,,,,,,,,,,,,,,,,,0,1,1,1,3,0,3,0,,,,,,,,,,,,,14.847728400025517,,,,,,,,,,,,,,,,,,,,,,,,,,,,,,,,,,,,,,,,,,,,,,,,,,,,,,,,,,,,,,,,,,,14.835342100122944,14.847728400025517,14.847728400025517,14.847728400025517,15.031502099940553,None,,,,,,,,,,,,,,,,,,,,,,,,,,,,,,,,,,,,,,,,,,,,,,,,,,,,,,,,,,,,,,,,,,,,,,,,,P9615,MIC_Bar,7,2,2026-05-07_16h48.09.629,MIC_task,,2026.1.2,60.29795630166393,2026-05-07 16h48.11.390147 +0200,
MRnGO_prac_stimuli/clover.png,"(0.1, 0.1)",4,0,4,None,,,,,,,,,,,,,,,,,,,,,,,,,0,1,1,1,4,0,4,0,,,,,,,,,,,,,15.04810360004194,,,,,,,,,,,,,,,,,,,,,,,,,,,,,,,,,,,,,,,,,,,,,,,,,,,,,,,,,,,,,,,,,,,15.034686899976805,15.04810360004194,15.04810360004194,15.04810360004194,15.23196000000462,None,,,,,,,,,,,,,,,,,,,,,,,,,,,,,,,,,,,,,,,,,,,,,,,,,,,,,,,,,,,,,,,,,,,,,,,,,P9615,MIC_Bar,7,2,2026-05-07_16h48.09.629,MIC_task,,2026.1.2,60.29795630166393,2026-05-07 16h48.11.390147 +0200,
MRnGO_prac_stimuli/clover.png,"(0.1, 0.1)",5,0,5,None,,,,,,,,,,,,,,,,,,,,,,,,,0,1,1,1,5,0,5,0,,,,,,,,,,,,,15.247597200097516,,,,,,,,,,,,,,,,,,,,,,,,,,,,,,,,,,,,,,,,,,,,,,,,,,,,,,,,,,,,,,,,,,,15.23508709995076,15.247597200097516,15.247597200097516,15.247597200097516,15.432715600123629,None,,,,,,,,,,,,,,,,,,,,,,,,,,,,,,,,,,,,,,,,,,,,,,,,,,,,,,,,,,,,,,,,,,,,,,,,,P9615,MIC_Bar,7,2,2026-05-07_16h48.09.629,MIC_task,,2026.1.2,60.29795630166393,2026-05-07 16h48.11.390147 +0200,
MRnGO_prac_stimuli/clover.png,"(0.1, 0.1)",6,0,6,None,,,,,,,,,,,,,,,,,,,,,,,,,0,1,1,1,6,0,6,0,,,,,,,,,,,,,15.447906299959868,,,,,,,,,,,,,,,,,,,,,,,,,,,,,,,,,,,,,,,,,,,,,,,,,,,,,,,,,,,,,,,,,,,15.436140700010583,15.447906299959868,15.447906299959868,15.447906299959868,15.633122600149363,None,,,,,,,,,,,,,,,,,,,,,,,,,,,,,,,,,,,,,,,,,,,,,,,,,,,,,,,,,,,,,,,,,,,,,,,,,P9615,MIC_Bar,7,2,2026-05-07_16h48.09.629,MIC_task,,2026.1.2,60.29795630166393,2026-05-07 16h48.11.390147 +0200,
MRnGO_prac_stimuli/clover.png,"(0.1, 0.1)",7,0,7,None,,,,,,,,,,,,,,,,,,,,,,,,,0,1,1,1,7,0,7,0,,,,,,,,,,,,,15.648292900063097,,,,,,,,,,,,,,,,,,,,,,,,,,,,,,,,,,,,,,,,,,,,,,,,,,,,,,,,,,,,,,,,,,,15.63646770012565,15.648292900063097,15.648292900063097,15.648292900063097,15.815280999988317,None,,,,,,,,,,,,,,,,,,,,,,,,,,,,,,,,,,,,,,,,,,,,,,,,,,,,,,,,,,,,,,,,,,,,,,,,,P9615,MIC_Bar,7,2,2026-05-07_16h48.09.629,MIC_task,,2026.1.2,60.29795630166393,2026-05-07 16h48.11.390147 +0200,
MRnGO_prac_stimuli/clover.png,"(0.1, 0.1)",8,0,8,None,,,,,,,,,,,,,,,,,,,,,,,,,0,1,1,1,8,0,8,0,,,,,,,,,,,,,15.831900600111112,,,,,,,,,,,,,,,,,,,,,,,,,,,,,,,,,,,,,,,,,,,,,,,,,,,,,,,,,,,,,,,,,,,15.81834220001474,15.831900600111112,15.831900600111112,15.831900600111112,16.015670800115913,None,,,,,,,,,,,,,,,,,,,,,,,,,,,,,,,,,,,,,,,,,,,,,,,,,,,,,,,,,,,,,,,,,,,,,,,,,P9615,MIC_Bar,7,2,2026-05-07_16h48.09.629,MIC_task,,2026.1.2,60.29795630166393,2026-05-07 16h48.11.390147 +0200,
MRnGO_prac_stimuli/clover.png,"(0.1, 0.1)",9,0,9,None,,,,,,,,,,,,,,,,,,,,,,,,,0,1,1,1,9,0,9,0,,,,,,,,,,,,,16.03230189997703,,,,,,,,,,,,,,,,,,,,,,,,,,,,,,,,,,,,,,,,,,,,,,,,,,,,,,,,,,,,,,,,,,,16.01873859995976,16.03230189997703,16.03230189997703,16.03230189997703,16.216063000028953,None,,,,,,,,,,,,,,,,,,,,,,,,,,,,,,,,,,,,,,,,,,,,,,,,,,,,,,,,,,,,,,,,,,,,,,,,,P9615,MIC_Bar,7,2,2026-05-07_16h48.09.629,MIC_task,,2026.1.2,60.29795630166393,2026-05-07 16h48.11.390147 +0200,
MRnGO_prac_stimuli/clover.png,"(0.1, 0.1)",10,0,10,None,,,,,,,,,,,,,,,,,,,,,,,,,0,1,1,1,10,0,10,0,,,,,,,,,,,,,16.232664600014687,,,,,,,,,,,,,,,,,,,,,,,,,,,,,,,,,,,,,,,,,,,,,,,,,,,,,,,,,,,,,,,,,,,16.2193068000488,16.232664600014687,16.232664600014687,16.232664600014687,16.416462100110948,None,,,,,,,,,,,,,,,,,,,,,,,,,,,,,,,,,,,,,,,,,,,,,,,,,,,,,,,,,,,,,,,,,,,,,,,,,P9615,MIC_Bar,7,2,2026-05-07_16h48.09.629,MIC_task,,2026.1.2,60.29795630166393,2026-05-07 16h48.11.390147 +0200,
MRnGO_prac_stimuli/clover.png,"(0.1, 0.1)",11,0,11,None,,,,,,,,,,,,,,,,,,,,,,,,,0,1,1,1,11,0,11,0,,,,,,,,,,,,,16.432993200141937,,,,,,,,,,,,,,,,,,,,,,,,,,,,,,,,,,,,,,,,,,,,,,,,,,,,,,,,,,,,,,,,,,,16.41943769995123,16.432993200141937,16.432993200141937,16.432993200141937,16.616828799946234,None,,,,,,,,,,,,,,,,,,,,,,,,,,,,,,,,,,,,,,,,,,,,,,,,,,,,,,,,,,,,,,,,,,,,,,,,,P9615,MIC_Bar,7,2,2026-05-07_16h48.09.629,MIC_task,,2026.1.2,60.29795630166393,2026-05-07 16h48.11.390147 +0200,
MRnGO_prac_stimuli/clover.png,"(0.1, 0.1)",12,0,12,None,,,,,,,,,,,,,,,,,,,,,,,,,0,1,1,1,12,0,12,0,,,,,,,,,,,,,16.633450099965557,,,,,,,,,,,,,,,,,,,,,,,,,,,,,,,,,,,,,,,,,,,,,,,,,,,,,,,,,,,,,,,,,,,16.619980399962515,16.633450099965557,16.633450099965557,16.633450099965557,16.818521100096405,None,,,,,,,,,,,,,,,,,,,,,,,,,,,,,,,,,,,,,,,,,,,,,,,,,,,,,,,,,,,,,,,,,,,,,,,,,P9615,MIC_Bar,7,2,2026-05-07_16h48.09.629,MIC_task,,2026.1.2,60.29795630166393,2026-05-07 16h48.11.390147 +0200,
MRnGO_prac_stimuli/clover.png,"(0.1, 0.1)",13,0,13,None,,,,,,,,,,,,,,,,,,,,,,,,,0,1,1,1,13,0,13,0,,,,,,,,,,,,,16.833864300046116,,,,,,,,,,,,,,,,,,,,,,,,,,,,,,,,,,,,,,,,,,,,,,,,,,,,,,,,,,,,,,,,,,,16.8213860001415,16.833864300046116,16.833864300046116,16.833864300046116,17.018916400149465,None,,,,,,,,,,,,,,,,,,,,,,,,,,,,,,,,,,,,,,,,,,,,,,,,,,,,,,,,,,,,,,,,,,,,,,,,,P9615,MIC_Bar,7,2,2026-05-07_16h48.09.629,MIC_task,,2026.1.2,60.29795630166393,2026-05-07 16h48.11.390147 +0200,
MRnGO_prac_stimuli/clover.png,"(0.1, 0.1)",14,0,14,None,,,,,,,,,,,,,,,,,,,,,,,,,0,1,1,1,14,0,14,0,,,,,,,,,,,,,17.034240399952978,,,,,,,,,,,,,,,,,,,,,,,,,,,,,,,,,,,,,,,,,,,,,,,,,,,,,,,,,,,,,,,,,,,17.021914300043136,17.034240399952978,17.034240399952978,17.034240399952978,17.219320200150833,None,,,,,,,,,,,,,,,,,,,,,,,,,,,,,,,,,,,,,,,,,,,,,,,,,,,,,,,,,,,,,,,,,,,,,,,,,P9615,MIC_Bar,7,2,2026-05-07_16h48.09.629,MIC_task,,2026.1.2,60.29795630166393,2026-05-07 16h48.11.390147 +0200,
MRnGO_prac_stimuli/clover.png,"(0.1, 0.1)",15,0,15,None,,,,,,,,,,,,,,,,,,,,,,,,,0,1,1,1,15,0,15,0,,,,,,,,,,,,,17.2346348001156,,,,,,,,,,,,,,,,,,,,,,,,,,,,,,,,,,,,,,,,,,,,,,,,,,,,,,,,,,,,,,,,,,,17.222373000113294,17.2346348001156,17.2346348001156,17.2346348001156,17.419784600147977,None,,,,,,,,,,,,,,,,,,,,,,,,,,,,,,,,,,,,,,,,,,,,,,,,,,,,,,,,,,,,,,,,,,,,,,,,,P9615,MIC_Bar,7,2,2026-05-07_16h48.09.629,MIC_task,,2026.1.2,60.29795630166393,2026-05-07 16h48.11.390147 +0200,
MRnGO_prac_stimuli/clover.png,"(0.1, 0.1)",16,0,16,None,,,,,,,,,,,,,,,,,,,,,,,,,0,1,1,1,16,0,16,0,,,,,,,,,,,,,17.43413390009664,,,,,,,,,,,,,,,,,,,,,,,,,,,,,,,,,,,,,,,,,,,,,,,,,,,,,,,,,,,,,,,,,,,17.422833800083026,17.43413390009664,17.43413390009664,17.43413390009664,17.619306300068274,None,,,,,,,,,,,,,,,,,,,,,,,,,,,,,,,,,,,,,,,,,,,,,,,,,,,,,,,,,,,,,,,,,,,,,,,,,P9615,MIC_Bar,7,2,2026-05-07_16h48.09.629,MIC_task,,2026.1.2,60.29795630166393,2026-05-07 16h48.11.390147 +0200,
MRnGO_prac_stimuli/clover.png,"(0.1, 0.1)",17,0,17,None,,,,,,,,,,,,,,,,,,,,,,,,,0,1,1,1,17,0,17,0,,,,,,,,,,,,,17.634400099981576,,,,,,,,,,,,,,,,,,,,,,,,,,,,,,,,,,,,,,,,,,,,,,,,,,,,,,,,,,,,,,,,,,,17.62256749998778,17.634400099981576,17.634400099981576,17.634400099981576,17.820446100085974,None,,,,,,,,,,,,,,,,,,,,,,,,,,,,,,,,,,,,,,,,,,,,,,,,,,,,,,,,,,,,,,,,,,,,,,,,,P9615,MIC_Bar,7,2,2026-05-07_16h48.09.629,MIC_task,,2026.1.2,60.29795630166393,2026-05-07 16h48.11.390147 +0200,
MRnGO_prac_stimuli/clover.png,"(0.1, 0.1)",18,0,18,None,,,,,,,,,,,,,,,,,,,,,,,,,0,1,1,1,18,0,18,0,,,,,,,,,,,,,17.834851799998432,,,,,,,,,,,,,,,,,,,,,,,,,,,,,,,,,,,,,,,,,,,,,,,,,,,,,,,,,,,,,,,,,,,17.82381430012174,17.834851799998432,17.834851799998432,17.834851799998432,18.01863420009613,None,,,,,,,,,,,,,,,,,,,,,,,,,,,,,,,,,,,,,,,,,,,,,,,,,,,,,,,,,,,,,,,,,,,,,,,,,P9615,MIC_Bar,7,2,2026-05-07_16h48.09.629,MIC_task,,2026.1.2,60.29795630166393,2026-05-07 16h48.11.390147 +0200,
MRnGO_prac_stimuli/clover.png,"(0.1, 0.1)",19,0,19,None,,,,,,,,,,,,,,,,,,,,,,,,,0,1,1,1,19,0,19,0,,,,,,,,,,,,,18.035266200080514,,,,,,,,,,,,,,,,,,,,,,,,,,,,,,,,,,,,,,,,,,,,,,,,,,,,,,,,,,,,,,,,,,,18.021713400026783,18.035266200080514,18.035266200080514,18.035266200080514,18.219020999968052,None,,,,,,,,,,,,,,,,,,,,,,,,,,,,,,,,,,,,,,,,,,,,,,,,,,,,,,,,,,,,,,,,,,,,,,,,,P9615,MIC_Bar,7,2,2026-05-07_16h48.09.629,MIC_task,,2026.1.2,60.29795630166393,2026-05-07 16h48.11.390147 +0200,
MRnGO_prac_stimuli/clover.png,"(0.1, 0.1)",20,0,20,None,,,,,,,,,,,,,,,,,,,,,,,,,0,1,1,1,20,0,20,0,,,,,,,,,,,,,18.235637499950826,,,,,,,,,,,,,,,,,,,,,,,,,,,,,,,,,,,,,,,,,,,,,,,,,,,,,,,,,,,,,,,,,,,18.222032699966803,18.235637499950826,18.235637499950826,18.235637499950826,18.419408899964765,None,,,,,,,,,,,,,,,,,,,,,,,,,,,,,,,,,,,,,,,,,,,,,,,,,,,,,,,,,,,,,,,,,,,,,,,,,P9615,MIC_Bar,7,2,2026-05-07_16h48.09.629,MIC_task,,2026.1.2,60.29795630166393,2026-05-07 16h48.11.390147 +0200,
MRnGO_prac_stimuli/clover.png,"(0.1, 0.1)",21,0,21,None,,,,,,,,,,,,,,,,,,,,,,,,,0,1,1,1,21,0,21,0,,,,,,,,,,,,,18.43604930001311,,,,,,,,,,,,,,,,,,,,,,,,,,,,,,,,,,,,,,,,,,,,,,,,,,,,,,,,,,,,,,,,,,,18.42272080015391,18.43604930001311,18.43604930001311,18.43604930001311,18.621298300102353,None,,,,,,,,,,,,,,,,,,,,,,,,,,,,,,,,,,,,,,,,,,,,,,,,,,,,,,,,,,,,,,,,,,,,,,,,,P9615,MIC_Bar,7,2,2026-05-07_16h48.09.629,MIC_task,,2026.1.2,60.29795630166393,2026-05-07 16h48.11.390147 +0200,
MRnGO_prac_stimuli/clover.png,"(0.1, 0.1)",22,0,22,space,0.08196830004453659,None,,,,,,,,,,,,,,,,,,,,,,,0,1,1,1,22,0,22,0,,,,,,,,,,,,,18.63639650004916,,,,,,,,,,,,,,,,,,,,,,,,,,,,,,,,,,,,,,,,,,,,,,,,,,,,,,,,,,,,,,,,,,,18.624349900055677,18.63639650004916,18.63639650004916,18.63639650004916,18.72279809997417,space,0.08196830004453659,None,,,,,,,,,,,,,,,,,,,,,,,,,,,,,,,,,,,,,,,,,,,,,,,,,,,,,,,,,,,,,,,,,,,,,,,P9615,MIC_Bar,7,2,2026-05-07_16h48.09.629,MIC_task,,2026.1.2,60.29795630166393,2026-05-07 16h48.11.390147 +0200,
MRnGO_prac_stimuli/clover.png,"(0.1, 0.1)",1,1,0,,,,space,0.20758130005560815,None,,,,,,,,,,,,,,,,,,,,0,1,1,1,,,,,,,,,,,,,,,,,,,,,,,,,,,,,,,,,,,,,,,,,,,,,,,,,,,,,,,,,,,,,,,,,,,,,,,,,,,,,,,,,,,,,,,,,,,,18.783616200089455,18.789572900161147,18.78829346668596,20.723389100050554,20.753921899944544,20.758741700090468,20.756580833469826,22.64233830012381,22.727689400082454,22.72773310006596,22.742924200138077,22.742924200138077,22.960126100108027,space,0.20758130005560815,None,,,,,,,,,,,,,,,,,,,,,,,,,,,,,,,,,,,,,,,,,,,,,,,,,,,,,,,P9615,MIC_Bar,7,2,2026-05-07_16h48.09.629,MIC_task,,2026.1.2,60.29795630166393,2026-05-07 16h48.11.390147 +0200,
MRnGO_prac_stimuli/king.png,"(0, 0)",0,0,0,None,,,,,,,,,,,,,,,,,,,,,,,,,0,2,2,2,0,0,0,0,,,,,,,,,,,,,22.97598100011237,,,,,,,,,,,,,,,,,,,,,,,,,,,,,,,,,,,,,,,,,,,,,,,,,,,,,,,,,,,,,,,,,,,22.96358870016411,22.97598100011237,22.97598100011237,22.97598100011237,23.1622085000854,None,,,,,,,,,,,,,,,,,,,,,,,,,,,,,,,,,,,,,,,,,,,,,,,,,,,,,,,,,,,,,,,,,,,,,,,,,P9615,MIC_Bar,7,2,2026-05-07_16h48.09.629,MIC_task,,2026.1.2,60.29795630166393,2026-05-07 16h48.11.390147 +0200,
MRnGO_prac_stimuli/king.png,"(0, 0)",0,0,0,None,,,,,,,,,,,,,,,,,,,,,,,,,0,2,2,2,0,0,0,0,,,,,,,,,,,,,23.176352499984205,,,,,,,,,,,,,,,,,,,,,,,,,,,,,,,,,,,,,,,,,,,,,,,,,,,,,,,,,,,,,,,,,,,23.165561400121078,23.176352499984205,23.176352499984205,23.176352499984205,23.360533900093287,None,,,,,,,,,,,,,,,,,,,23.376783000072464,23.376783000072464,23.376783000072464,,,,,,,,,,,,,,,,,,,,,,,,,,,,,,,,,,,,,,,,,,,,,,,,,,,,P9615,MIC_Bar,7,2,2026-05-07_16h48.09.629,MIC_task,,2026.1.2,60.29795630166393,2026-05-07 16h48.11.390147 +0200,
MRnGO_prac_stimuli/king.png,"(0, 0)",1,0,1,None,,,,,,,,,,,,,,,,,,,,,,,,,0,2,2,2,1,0,1,0,,,,,,,,,,,,,23.376783000072464,,,,,,,,,,,,,,,,,,,,,,,,,,,,,,,,,,,,,,,,,,,,,,,,,,,,,,,,,,,,,,,,,,,23.36381769995205,23.376783000072464,23.376783000072464,23.376783000072464,23.56176900002174,None,,,,,,,,,,,,,,,,,,,,,,,,,,,,,,,,,,,,,,,,,,,,,,,,,,,,,,,,,,,,,,,,,,,,,,,,,P9615,MIC_Bar,7,2,2026-05-07_16h48.09.629,MIC_task,,2026.1.2,60.29795630166393,2026-05-07 16h48.11.390147 +0200,
MRnGO_prac_stimuli/king.png,"(0, 0)",2,0,2,None,,,,,,,,,,,,,,,,,,,,,,,,,0,2,2,2,2,0,2,0,,,,,,,,,,,,,23.5771196000278,,,,,,,,,,,,,,,,,,,,,,,,,,,,,,,,,,,,,,,,,,,,,,,,,,,,,,,,,,,,,,,,,,,23.56518970010802,23.5771196000278,23.5771196000278,23.5771196000278,23.76186850015074,None,,,,,,,,,,,,,,,,,,,,,,,,,,,,,,,,,,,,,,,,,,,,,,,,,,,,,,,,,,,,,,,,,,,,,,,,,P9615,MIC_Bar,7,2,2026-05-07_16h48.09.629,MIC_task,,2026.1.2,60.29795630166393,2026-05-07 16h48.11.390147 +0200,
MRnGO_prac_stimuli/king.png,"(0, 0)",3,0,3,None,,,,,,,,,,,,,,,,,,,,,,,,,0,2,2,2,3,0,3,0,,,,,,,,,,,,,23.777561000082642,,,,,,,,,,,,,,,,,,,,,,,,,,,,,,,,,,,,,,,,,,,,,,,,,,,,,,,,,,,,,,,,,,,23.765048900153488,23.777561000082642,23.777561000082642,23.777561000082642,23.962559700012207,None,,,,,,,,,,,,,,,,,,,,,,,,,,,,,,,,,,,,,,,,,,,,,,,,,,,,,,,,,,,,,,,,,,,,,,,,,P9615,MIC_Bar,7,2,2026-05-07_16h48.09.629,MIC_task,,2026.1.2,60.29795630166393,2026-05-07 16h48.11.390147 +0200,
MRnGO_prac_stimuli/king.png,"(0, 0)",4,0,4,None,,,,,,,,,,,,,,,,,,,,,,,,,0,2,2,2,4,0,4,0,,,,,,,,,,,,,23.977877400116995,,,,,,,,,,,,,,,,,,,,,,,,,,,,,,,,,,,,,,,,,,,,,,,,,,,,,,,,,,,,,,,,,,,23.965806799940765,23.977877400116995,23.977877400116995,23.977877400116995,24.16166159999557,None,,,,,,,,,,,,,,,,,,,,,,,,,,,,,,,,,,,,,,,,,,,,,,,,,,,,,,,,,,,,,,,,,,,,,,,,,P9615,MIC_Bar,7,2,2026-05-07_16h48.09.629,MIC_task,,2026.1.2,60.29795630166393,2026-05-07 16h48.11.390147 +0200,
MRnGO_prac_stimuli/king.png,"(0, 0)",5,0,5,None,,,,,,,,,,,,,,,,,,,,,,,,,0,2,2,2,5,0,5,0,,,,,,,,,,,,,24.178230799967423,,,,,,,,,,,,,,,,,,,,,,,,,,,,,,,,,,,,,,,,,,,,,,,,,,,,,,,,,,,,,,,,,,,24.165123200044036,24.178230799967423,24.178230799967423,24.178230799967423,24.36345289996825,None,,,,,,,,,,,,,,,,,,,,,,,,,,,,,,,,,,,,,,,,,,,,,,,,,,,,,,,,,,,,,,,,,,,,,,,,,P9615,MIC_Bar,7,2,2026-05-07_16h48.09.629,MIC_task,,2026.1.2,60.29795630166393,2026-05-07 16h48.11.390147 +0200,
MRnGO_prac_stimuli/king.png,"(0, 0)",6,0,6,None,,,,,,,,,,,,,,,,,,,,,,,,,0,2,2,2,6,0,6,0,,,,,,,,,,,,,24.378619600087404,,,,,,,,,,,,,,,,,,,,,,,,,,,,,,,,,,,,,,,,,,,,,,,,,,,,,,,,,,,,,,,,,,,24.366797999944538,24.378619600087404,24.378619600087404,24.378619600087404,24.563856000080705,None,,,,,,,,,,,,,,,,,,,,,,,,,,,,,,,,,,,,,,,,,,,,,,,,,,,,,,,,,,,,,,,,,,,,,,,,,P9615,MIC_Bar,7,2,2026-05-07_16h48.09.629,MIC_task,,2026.1.2,60.29795630166393,2026-05-07 16h48.11.390147 +0200,
MRnGO_prac_stimuli/king.png,"(0, 0)",7,0,7,None,,,,,,,,,,,,,,,,,,,,,,,,,0,2,2,2,7,0,7,0,,,,,,,,,,,,,24.579035999951884,,,,,,,,,,,,,,,,,,,,,,,,,,,,,,,,,,,,,,,,,,,,,,,,,,,,,,,,,,,,,,,,,,,24.56715330015868,24.579035999951884,24.579035999951884,24.579035999951884,24.762792400084436,None,,,,,,,,,,,,,,,,,,,,,,,,,,,,,,,,,,,,,,,,,,,,,,,,,,,,,,,,,,,,,,,,,,,,,,,,,P9615,MIC_Bar,7,2,2026-05-07_16h48.09.629,MIC_task,,2026.1.2,60.29795630166393,2026-05-07 16h48.11.390147 +0200,
MRnGO_prac_stimuli/king.png,"(0, 0)",8,0,8,None,,,,,,,,,,,,,,,,,,,,,,,,,0,2,2,2,8,0,8,0,,,,,,,,,,,,,24.779470199951902,,,,,,,,,,,,,,,,,,,,,,,,,,,,,,,,,,,,,,,,,,,,,,,,,,,,,,,,,,,,,,,,,,,24.766299800015986,24.779470199951902,24.779470199951902,24.779470199951902,24.96325909998268,None,,,,,,,,,,,,,,,,,,,,,,,,,,,,,,,,,,,,,,,,,,,,,,,,,,,,,,,,,,,,,,,,,,,,,,,,,P9615,MIC_Bar,7,2,2026-05-07_16h48.09.629,MIC_task,,2026.1.2,60.29795630166393,2026-05-07 16h48.11.390147 +0200,
MRnGO_prac_stimuli/king.png,"(0, 0)",9,0,9,None,,,,,,,,,,,,,,,,,,,,,,,,,0,2,2,2,9,0,9,0,,,,,,,,,,,,,24.979849600000307,,,,,,,,,,,,,,,,,,,,,,,,,,,,,,,,,,,,,,,,,,,,,,,,,,,,,,,,,,,,,,,,,,,24.966627300018445,24.979849600000307,24.979849600000307,24.979849600000307,25.16267880005762,None,,,,,,,,,,,,,,,,,,,,,,,,,,,,,,,,,,,,,,,,,,,,,,,,,,,,,,,,,,,,,,,,,,,,,,,,,P9615,MIC_Bar,7,2,2026-05-07_16h48.09.629,MIC_task,,2026.1.2,60.29795630166393,2026-05-07 16h48.11.390147 +0200,
MRnGO_prac_stimuli/king.png,"(0, 0)",10,0,10,None,,,,,,,,,,,,,,,,,,,,,,,,,0,2,2,2,10,0,10,0,,,,,,,,,,,,,25.17927570012398,,,,,,,,,,,,,,,,,,,,,,,,,,,,,,,,,,,,,,,,,,,,,,,,,,,,,,,,,,,,,,,,,,,25.166441099951044,25.17927570012398,25.17927570012398,25.17927570012398,25.365379400085658,None,,,,,,,,,,,,,,,,,,,,,,,,,,,,,,,,,,,,,,,,,,,,,,,,,,,,,,,,,,,,,,,,,,,,,,,,,P9615,MIC_Bar,7,2,2026-05-07_16h48.09.629,MIC_task,,2026.1.2,60.29795630166393,2026-05-07 16h48.11.390147 +0200,
MRnGO_prac_stimuli/king.png,"(0, 0)",11,0,11,None,,,,,,,,,,,,,,,,,,,,,,,,,0,2,2,2,11,0,11,0,,,,,,,,,,,,,25.379647500114515,,,,,,,,,,,,,,,,,,,,,,,,,,,,,,,,,,,,,,,,,,,,,,,,,,,,,,,,,,,,,,,,,,,25.368859600042924,25.379647500114515,25.379647500114515,25.379647500114515,25.56344940001145,None,,,,,,,,,,,,,,,,,,,,,,,,,,,,,,,,,,,,,,,,,,,,,,,,,,,,,,,,,,,,,,,,,,,,,,,,,P9615,MIC_Bar,7,2,2026-05-07_16h48.09.629,MIC_task,,2026.1.2,60.29795630166393,2026-05-07 16h48.11.390147 +0200,
MRnGO_prac_stimuli/king.png,"(0, 0)",12,0,12,space,0.06643559993244708,None,,,,,,,,,,,,,,,,,,,,,,,0,2,2,2,12,0,12,0,,,,,,,,,,,,,25.580094099976122,,,,,,,,,,,,,,,,,,,,,,,,,,,,,,,,,,,,,,,,,,,,,,,,,,,,,,,,,,,,,,,,,,,25.56690360000357,25.580094099976122,25.580094099976122,25.580094099976122,25.648172999965027,space,0.06643559993244708,None,,,,,,,,,,,,,,,,,,,,,,,,,,,,,,,,,,,,,,,,,,,,,,,,,,,,,,,,,,,,,,,,,,,,,,,P9615,MIC_Bar,7,2,2026-05-07_16h48.09.629,MIC_task,,2026.1.2,60.29795630166393,2026-05-07 16h48.11.390147 +0200,
MRnGO_prac_stimuli/king.png,"(0, 0)",2,2,0,,,,space,0.06396080018021166,None,,,,,,,,,,,,,,,,,,,,0,2,2,2,,,,,,,,,,,,,,,,,,,,,,,,,,,,,,,,,,,,,,,,,,,,,,,,,,,,,,,,,,,,,,,,,,,,,,,,,,,,,,,,,,,,,,,,,,,,25.70267300005071,25.70745850005187,25.71379096667903,27.65035180002451,27.68203360005282,27.686525900149718,27.683534633492428,29.586012199986726,29.653213100042194,29.653265800094232,29.671293100109324,29.671293100109324,29.73804259998724,space,0.06396080018021166,None,,,,,,,,,,,,,,,,,,,,,,,,,,,,,,,,,,,,,,,,,,,,,,,,,,,,,,,P9615,MIC_Bar,7,2,2026-05-07_16h48.09.629,MIC_task,,2026.1.2,60.29795630166393,2026-05-07 16h48.11.390147 +0200,
,,,,,,,,,,,,,,,,,,,,,,,,,,,,,,,,,,,,,,,,,,,,,,,,,,,,,,,,,,,,,,,,,,,,,,,,,,,,,,,,,,,,,,,,,,,,,,,,,,,,,,,,,,,,,29.79954869998619,29.808290499961004,29.808290499961004,29.80361196679684,32.2415891001001,space,2.4227299001067877,None,,,,,,,,,,,,,,,,,,,,,,,,,,,,,,,,,,,,,,,,,,,,,,,,,,,,,,,,,,,,,,,,,,,,,,,,,,,,,,,P9615,MIC_Bar,7,2,2026-05-07_16h48.09.629,MIC_task,,2026.1.2,60.29795630166393,2026-05-07 16h48.11.390147 +0200,
,,0,0,0,,,,,,,7,l18,lépcső,stairs,5,location,house,6.4,21,24,78,None,"(0.1, -0.1)",None,,,,,,,,,,,,,,0,0,0,0,0,0,0,0,0,0,0,0,32.293555800104514,,,,,,,,,,,,,,,,,,,,,,,,,,,,,,,,,,,,,,,,,,,,,,,,,,,,,,,,,,,,,,,,,,,,,,,,,,,,,,,,,,,,,,,,,,,,,,32.28956659999676,32.293555800104514,32.293555800104514,32.293555800104514,32.47563500003889,None,,,,,,,,,,,,,,,,,,,,,,,,,,,,,,,,,,,,,,,,,,,,,,P9615,MIC_Bar,7,2,2026-05-07_16h48.09.629,MIC_task,,2026.1.2,60.29795630166393,2026-05-07 16h48.11.390147 +0200,
,,0,0,0,,,,,,,7,l18,lépcső,stairs,5,location,house,6.4,21,24,78,None,"(0.1, -0.1)",None,,,,,,,,,,,,,,0,0,0,0,0,0,0,0,0,0,0,0,32.4911332000047,,,,,,,,,,,,,,,,,,,,,,,,,,,,,,,,,,,,,,,,,,,,,,,,,,,,,,,,,,,,,,,,,,,,,,,,,,,,,,,,,,,,,,,,,,,,,,32.47859760001302,32.4911332000047,32.4911332000047,32.4911332000047,32.65943140001036,None,,,,,,,,,,,,,,,,,,,,,,,,,,,,,,,,,,,,,,,,,,,,,,P9615,MIC_Bar,7,2,2026-05-07_16h48.09.629,MIC_task,,2026.1.2,60.29795630166393,2026-05-07 16h48.11.390147 +0200,
,,1,0,1,,,,,,,7,l18,lépcső,stairs,5,location,house,6.4,21,24,78,None,"(0.1, -0.1)",None,,,,,,,,,,,,,,0,0,0,0,0,0,0,0,1,0,1,0,32.6747443000786,,,,,,,,,,,,,,,,,,,,,,,,,,,,,,,,,,,,,,,,,,,,,,,,,,,,,,,,,,,,,,,,,,,,,,,,,,,,,,,,,,,,,,,,,,,,,,32.66253430000506,32.6747443000786,32.6747443000786,32.6747443000786,32.858549600001425,None,,,,,,,,,,,,,,,,,,,,,,,,,,,,,,,,,,,,,,,,,,,,,,P9615,MIC_Bar,7,2,2026-05-07_16h48.09.629,MIC_task,,2026.1.2,60.29795630166393,2026-05-07 16h48.11.390147 +0200,
,,2,0,2,,,,,,,7,l18,lépcső,stairs,5,location,house,6.4,21,24,78,None,"(0.1, -0.1)",None,,,,,,,,,,,,,,0,0,0,0,0,0,0,0,2,0,2,0,32.8750800001435,,,,,,,,,,,,,,,,,,,,,,,,,,,,,,,,,,,,,,,,,,,,,,,,,,,,,,,,,,,,,,,,,,,,,,,,,,,,,,,,,,,,,,,,,,,,,,32.8618139999453,32.8750800001435,32.8750800001435,32.8750800001435,33.060278800083324,None,,,,,,,,,,,,,,,,,,,,,,,,,,,,,,,,,,,,,,,,,,,,,,P9615,MIC_Bar,7,2,2026-05-07_16h48.09.629,MIC_task,,2026.1.2,60.29795630166393,2026-05-07 16h48.11.390147 +0200,
,,3,0,3,,,,,,,7,l18,lépcső,stairs,5,location,house,6.4,21,24,78,None,"(0.1, -0.1)",None,,,,,,,,,,,,,,0,0,0,0,0,0,0,0,3,0,3,0,33.07457479997538,,,,,,,,,,,,,,,,,,,,,,,,,,,,,,,,,,,,,,,,,,,,,,,,,,,,,,,,,,,,,,,,,,,,,,,,,,,,,,,,,,,,,,,,,,,,,,33.06341740000062,33.07457479997538,33.07457479997538,33.07457479997538,33.260711800074205,None,,,,,,,,,,,,,,,,,,,,,,,,,,,,,,,,,,,,,,,,,,,,,,P9615,MIC_Bar,7,2,2026-05-07_16h48.09.629,MIC_task,,2026.1.2,60.29795630166393,2026-05-07 16h48.11.390147 +0200,
,,4,0,4,,,,,,,7,l18,lépcső,stairs,5,location,house,6.4,21,24,78,None,"(0.1, -0.1)",None,,,,,,,,,,,,,,0,0,0,0,0,0,0,0,4,0,4,0,33.275886700022966,,,,,,,,,,,,,,,,,,,,,,,,,,,,,,,,,,,,,,,,,,,,,,,,,,,,,,,,,,,,,,,,,,,,,,,,,,,,,,,,,,,,,,,,,,,,,,33.26389400009066,33.275886700022966,33.275886700022966,33.275886700022966,33.4597171000205,None,,,,,,,,,,,,,,,,,,,,,,,,,,,,,,,,,,,,,,,,,,,,,,P9615,MIC_Bar,7,2,2026-05-07_16h48.09.629,MIC_task,,2026.1.2,60.29795630166393,2026-05-07 16h48.11.390147 +0200,
,,5,0,5,,,,,,,7,l18,lépcső,stairs,5,location,house,6.4,21,24,78,None,"(0.1, -0.1)",None,,,,,,,,,,,,,,0,0,0,0,0,0,0,0,5,0,5,0,33.47532119997777,,,,,,,,,,,,,,,,,,,,,,,,,,,,,,,,,,,,,,,,,,,,,,,,,,,,,,,,,,,,,,,,,,,,,,,,,,,,,,,,,,,,,,,,,,,,,,33.462826600065455,33.47532119997777,33.47532119997777,33.47532119997777,33.659165600081906,None,,,,,,,,,,,,,,,,,,,,,,,,,,,,,,,,,,,,,,,,,,,,,,P9615,MIC_Bar,7,2,2026-05-07_16h48.09.629,MIC_task,,2026.1.2,60.29795630166393,2026-05-07 16h48.11.390147 +0200,
,,6,0,6,,,,,,,7,l18,lépcső,stairs,5,location,house,6.4,21,24,78,None,"(0.1, -0.1)",None,,,,,,,,,,,,,,0,0,0,0,0,0,0,0,6,0,6,0,33.675725700100884,,,,,,,,,,,,,,,,,,,,,,,,,,,,,,,,,,,,,,,,,,,,,,,,,,,,,,,,,,,,,,,,,,,,,,,,,,,,,,,,,,,,,,,,,,,,,,33.662489800015464,33.675725700100884,33.675725700100884,33.675725700100884,33.86092699994333,None,,,,,,,,,,,,,,,,,,,,,,,,,,,,,,,,,,,,,,,,,,,,,,P9615,MIC_Bar,7,2,2026-05-07_16h48.09.629,MIC_task,,2026.1.2,60.29795630166393,2026-05-07 16h48.11.390147 +0200,
,,7,0,7,,,,,,,7,l18,lépcső,stairs,5,location,house,6.4,21,24,78,None,"(0.1, -0.1)",None,,,,,,,,,,,,,,0,0,0,0,0,0,0,0,7,0,7,0,33.87618479994126,,,,,,,,,,,,,,,,,,,,,,,,,,,,,,,,,,,,,,,,,,,,,,,,,,,,,,,,,,,,,,,,,,,,,,,,,,,,,,,,,,,,,,,,,,,,,,33.86391240009107,33.87618479994126,33.87618479994126,33.87618479994126,34.06114730006084,None,,,,,,,,,,,,,,,,,,,,,,,,,,,,,,,,,,,,,,,,,,,,,,P9615,MIC_Bar,7,2,2026-05-07_16h48.09.629,MIC_task,,2026.1.2,60.29795630166393,2026-05-07 16h48.11.390147 +0200,
,,8,0,8,,,,,,,7,l18,lépcső,stairs,5,location,house,6.4,21,24,78,None,"(0.1, -0.1)",None,,,,,,,,,,,,,,0,0,0,0,0,0,0,0,8,0,8,0,34.076469799969345,,,,,,,,,,,,,,,,,,,,,,,,,,,,,,,,,,,,,,,,,,,,,,,,,,,,,,,,,,,,,,,,,,,,,,,,,,,,,,,,,,,,,,,,,,,,,,34.06451820000075,34.076469799969345,34.076469799969345,34.076469799969345,34.26034460007213,None,,,,,,,,,,,,,,,,,,,,,,,,,,,,,,,,,,,,,,,,,,,,,,P9615,MIC_Bar,7,2,2026-05-07_16h48.09.629,MIC_task,,2026.1.2,60.29795630166393,2026-05-07 16h48.11.390147 +0200,
,,9,0,9,,,,,,,7,l18,lépcső,stairs,5,location,house,6.4,21,24,78,None,"(0.1, -0.1)",None,,,,,,,,,,,,,,0,0,0,0,0,0,0,0,9,0,9,0,34.27689009997994,,,,,,,,,,,,,,,,,,,,,,,,,,,,,,,,,,,,,,,,,,,,,,,,,,,,,,,,,,,,,,,,,,,,,,,,,,,,,,,,,,,,,,,,,,,,,,34.26356080011465,34.27689009997994,34.27689009997994,34.27689009997994,34.46066300012171,None,,,,,,,,,,,,,,,,,,,,,,,,,,,,,,,,,,,,,,,,,,,,,,P9615,MIC_Bar,7,2,2026-05-07_16h48.09.629,MIC_task,,2026.1.2,60.29795630166393,2026-05-07 16h48.11.390147 +0200,
,,10,0,10,,,,,,,7,l18,lépcső,stairs,5,location,house,6.4,21,24,78,None,"(0.1, -0.1)",None,,,,,,,,,,,,,,0,0,0,0,0,0,0,0,10,0,10,0,34.47725570015609,,,,,,,,,,,,,,,,,,,,,,,,,,,,,,,,,,,,,,,,,,,,,,,,,,,,,,,,,,,,,,,,,,,,,,,,,,,,,,,,,,,,,,,,,,,,,,34.46382119995542,34.47725570015609,34.47725570015609,34.47725570015609,34.6611001000274,None,,,,,,,,,,,,,,,,,,,,,,,,,,,,,,,,,,,,,,,,,,,,,,P9615,MIC_Bar,7,2,2026-05-07_16h48.09.629,MIC_task,,2026.1.2,60.29795630166393,2026-05-07 16h48.11.390147 +0200,
,,11,0,11,,,,,,,7,l18,lépcső,stairs,5,location,house,6.4,21,24,78,None,"(0.1, -0.1)",None,,,,,,,,,,,,,,0,0,0,0,0,0,0,0,11,0,11,0,34.67769100004807,,,,,,,,,,,,,,,,,,,,,,,,,,,,,,,,,,,,,,,,,,,,,,,,,,,,,,,,,,,,,,,,,,,,,,,,,,,,,,,,,,,,,,,,,,,,,,34.664263900136575,34.67769100004807,34.67769100004807,34.67769100004807,34.861455200007185,None,,,,,,,,,,,,,,,,,,,,,,,,,,,,,,,,,,,,,,,,,,,,,,P9615,MIC_Bar,7,2,2026-05-07_16h48.09.629,MIC_task,,2026.1.2,60.29795630166393,2026-05-07 16h48.11.390147 +0200,
,,12,0,12,,,,,,,7,l18,lépcső,stairs,5,location,house,6.4,21,24,78,None,"(0.1, -0.1)",None,,,,,,,,,,,,,,0,0,0,0,0,0,0,0,12,0,12,0,34.87804860016331,,,,,,,,,,,,,,,,,,,,,,,,,,,,,,,,,,,,,,,,,,,,,,,,,,,,,,,,,,,,,,,,,,,,,,,,,,,,,,,,,,,,,,,,,,,,,,34.864657799946144,34.87804860016331,34.87804860016331,34.87804860016331,35.06176790012978,None,,,,,,,,,,,,,,,,,,,,,,,,,,,,,,,,,,,,,,,,,,,,,,P9615,MIC_Bar,7,2,2026-05-07_16h48.09.629,MIC_task,,2026.1.2,60.29795630166393,2026-05-07 16h48.11.390147 +0200,
,,13,0,13,,,,,,,7,l18,lépcső,stairs,5,location,house,6.4,21,24,78,None,"(0.1, -0.1)",None,,,,,,,,,,,,,,0,0,0,0,0,0,0,0,13,0,13,0,35.078401000006124,,,,,,,,,,,,,,,,,,,,,,,,,,,,,,,,,,,,,,,,,,,,,,,,,,,,,,,,,,,,,,,,,,,,,,,,,,,,,,,,,,,,,,,,,,,,,,35.06501250015572,35.078401000006124,35.078401000006124,35.078401000006124,35.263610100140795,None,,,,,,,,,,,,,,,,,,,,,,,,,,,,,,,,,,,,,,,,,,,,,,P9615,MIC_Bar,7,2,2026-05-07_16h48.09.629,MIC_task,,2026.1.2,60.29795630166393,2026-05-07 16h48.11.390147 +0200,
,,14,0,14,,,,,,,7,l18,lépcső,stairs,5,location,house,6.4,21,24,78,None,"(0.1, -0.1)",None,,,,,,,,,,,,,,0,0,0,0,0,0,0,0,14,0,14,0,35.278851700015366,,,,,,,,,,,,,,,,,,,,,,,,,,,,,,,,,,,,,,,,,,,,,,,,,,,,,,,,,,,,,,,,,,,,,,,,,,,,,,,,,,,,,,,,,,,,,,35.26691700005904,35.278851700015366,35.278851700015366,35.278851700015366,35.464123600162566,None,,,,,,,,,,,,,,,,,,,,,,,,,,,,,,,,,,,,,,,,,,,,,,P9615,MIC_Bar,7,2,2026-05-07_16h48.09.629,MIC_task,,2026.1.2,60.29795630166393,2026-05-07 16h48.11.390147 +0200,
,,15,0,15,,,,,,,7,l18,lépcső,stairs,5,location,house,6.4,21,24,78,None,"(0.1, -0.1)",None,,,,,,,,,,,,,,0,0,0,0,0,0,0,0,15,0,15,0,35.47831910010427,,,,,,,,,,,,,,,,,,,,,,,,,,,,,,,,,,,,,,,,,,,,,,,,,,,,,,,,,,,,,,,,,,,,,,,,,,,,,,,,,,,,,,,,,,,,,,35.467169400071725,35.47831910010427,35.47831910010427,35.47831910010427,35.66204660013318,None,,,,,,,,,,,,,,,,,,,,,,,,,,,,,,,,,,,,,,,,,,,,,,P9615,MIC_Bar,7,2,2026-05-07_16h48.09.629,MIC_task,,2026.1.2,60.29795630166393,2026-05-07 16h48.11.390147 +0200,
,,16,0,16,,,,,,,7,l18,lépcső,stairs,5,location,house,6.4,21,24,78,None,"(0.1, -0.1)",None,,,,,,,,,,,,,,0,0,0,0,0,0,0,0,16,0,16,0,35.67878370010294,,,,,,,,,,,,,,,,,,,,,,,,,,,,,,,,,,,,,,,,,,,,,,,,,,,,,,,,,,,,,,,,,,,,,,,,,,,,,,,,,,,,,,,,,,,,,,35.665103000123054,35.67878370010294,35.67878370010294,35.67878370010294,35.862477200105786,None,,,,,,,,,,,,,,,,,,,,,,,,,,,,,,,,,,,,,,,,,,,,,,P9615,MIC_Bar,7,2,2026-05-07_16h48.09.629,MIC_task,,2026.1.2,60.29795630166393,2026-05-07 16h48.11.390147 +0200,
,,17,0,17,,,,,,,7,l18,lépcső,stairs,5,location,house,6.4,21,24,78,None,"(0.1, -0.1)",None,,,,,,,,,,,,,,0,0,0,0,0,0,0,0,17,0,17,0,35.87919450015761,,,,,,,,,,,,,,,,,,,,,,,,,,,,,,,,,,,,,,,,,,,,,,,,,,,,,,,,,,,,,,,,,,,,,,,,,,,,,,,,,,,,,,,,,,,,,,35.86569120013155,35.87919450015761,35.87919450015761,35.87919450015761,36.06291180010885,None,,,,,,,,,,,,,,,,,,,,,,,,,,,,,,,,,,,,,,,,,,,,,,P9615,MIC_Bar,7,2,2026-05-07_16h48.09.629,MIC_task,,2026.1.2,60.29795630166393,2026-05-07 16h48.11.390147 +0200,
,,18,0,18,,,,,,,7,l18,lépcső,stairs,5,location,house,6.4,21,24,78,None,"(0.1, -0.1)",None,,,,,,,,,,,,,,0,0,0,0,0,0,0,0,18,0,18,0,36.07945530000143,,,,,,,,,,,,,,,,,,,,,,,,,,,,,,,,,,,,,,,,,,,,,,,,,,,,,,,,,,,,,,,,,,,,,,,,,,,,,,,,,,,,,,,,,,,,,,36.065869900165126,36.07945530000143,36.07945530000143,36.07945530000143,36.26326490007341,None,,,,,,,,,,,,,,,,,,,,,,,,,,,,,,,,,,,,,,,,,,,,,,P9615,MIC_Bar,7,2,2026-05-07_16h48.09.629,MIC_task,,2026.1.2,60.29795630166393,2026-05-07 16h48.11.390147 +0200,
,,19,0,19,,,,,,,7,l18,lépcső,stairs,5,location,house,6.4,21,24,78,None,"(0.1, -0.1)",None,,,,,,,,,,,,,,0,0,0,0,0,0,0,0,19,0,19,0,36.279863800155,,,,,,,,,,,,,,,,,,,,,,,,,,,,,,,,,,,,,,,,,,,,,,,,,,,,,,,,,,,,,,,,,,,,,,,,,,,,,,,,,,,,,,,,,,,,,,36.26617270009592,36.279863800155,36.279863800155,36.279863800155,36.4651302001439,None,,,,,,,,,,,,,,,,,,,,,,,,,,,,,,,,,,,,,,,,,,,,,,P9615,MIC_Bar,7,2,2026-05-07_16h48.09.629,MIC_task,,2026.1.2,60.29795630166393,2026-05-07 16h48.11.390147 +0200,
,,20,0,20,,,,,,,7,l18,lépcső,stairs,5,location,house,6.4,21,24,78,None,"(0.1, -0.1)",None,,,,,,,,,,,,,,0,0,0,0,0,0,0,0,20,0,20,0,36.480264400132,,,,,,,,,,,,,,,,,,,,,,,,,,,,,,,,,,,,,,,,,,,,,,,,,,,,,,,,,,,,,,,,,,,,,,,,,,,,,,,,,,,,,,,,,,,,,,36.46832500002347,36.480264400132,36.480264400132,36.480264400132,36.665362500119954,None,,,,,,,,,,,,,,,,,,,,,,,,,,,,,,,,,,,,,,,,,,,,,,P9615,MIC_Bar,7,2,2026-05-07_16h48.09.629,MIC_task,,2026.1.2,60.29795630166393,2026-05-07 16h48.11.390147 +0200,
,,21,0,21,,,,,,,7,l18,lépcső,stairs,5,location,house,6.4,21,24,78,None,"(0.1, -0.1)",None,,,,,,,,,,,,,,0,0,0,0,0,0,0,0,21,0,21,0,36.68062350014225,,,,,,,,,,,,,,,,,,,,,,,,,,,,,,,,,,,,,,,,,,,,,,,,,,,,,,,,,,,,,,,,,,,,,,,,,,,,,,,,,,,,,,,,,,,,,,36.66848780005239,36.68062350014225,36.68062350014225,36.68062350014225,36.86589580005966,None,,,,,,,,,,,,,,,,,,,,,,,,,,,,,,,,,,,,,,,,,,,,,,P9615,MIC_Bar,7,2,2026-05-07_16h48.09.629,MIC_task,,2026.1.2,60.29795630166393,2026-05-07 16h48.11.390147 +0200,
,,22,0,22,,,,,,,7,l18,lépcső,stairs,5,location,house,6.4,21,24,78,None,"(0.1, -0.1)",None,,,,,,,,,,,,,,0,0,0,0,0,0,0,0,22,0,22,0,36.88099570013583,,,,,,,,,,,,,,,,,,,,,,,,,,,,,,,,,,,,,,,,,,,,,,,,,,,,,,,,,,,,,,,,,,,,,,,,,,,,,,,,,,,,,,,,,,,,,,36.86890280013904,36.88099570013583,36.88099570013583,36.88099570013583,37.06481899996288,None,,,,,,,,,,,,,,,,,,,,,,,,,,,,,,,,,,,,,,,,,,,,,,P9615,MIC_Bar,7,2,2026-05-07_16h48.09.629,MIC_task,,2026.1.2,60.29795630166393,2026-05-07 16h48.11.390147 +0200,
,,23,0,23,,,,,,,7,l18,lépcső,stairs,5,location,house,6.4,21,24,78,None,"(0.1, -0.1)",None,,,,,,,,,,,,,,0,0,0,0,0,0,0,0,23,0,23,0,37.08136860001832,,,,,,,,,,,,,,,,,,,,,,,,,,,,,,,,,,,,,,,,,,,,,,,,,,,,,,,,,,,,,,,,,,,,,,,,,,,,,,,,,,,,,,,,,,,,,,37.06777650001459,37.08136860001832,37.08136860001832,37.08136860001832,37.26654600002803,None,,,,,,,,,,,,,,,,,,,,,,,,,,,,,,,,,,,,,,,,,,,,,,P9615,MIC_Bar,7,2,2026-05-07_16h48.09.629,MIC_task,,2026.1.2,60.29795630166393,2026-05-07 16h48.11.390147 +0200,
,,24,0,24,,,,,,,7,l18,lépcső,stairs,5,location,house,6.4,21,24,78,None,"(0.1, -0.1)",space,0.11676010000519454,None,,,,,,,,,,,,0,0,0,0,0,0,0,0,24,0,24,0,37.28179160016589,,,,,,,,,,,,,,,,,,,,,,,,,,,,,,,,,,,,,,,,,,,,,,,,,,,,,,,,,,,,,,,,,,,,,,,,,,,,,,,,,,,,,,,,,,,,,,37.26956819999032,37.28179160016589,37.28179160016589,37.28179160016589,37.40075349994004,space,0.11676010000519454,None,,,,,,,,,,,,,,,,,,,,,,,,,,,,,,,,,,,,,,,,,,,,P9615,MIC_Bar,7,2,2026-05-07_16h48.09.629,MIC_task,,2026.1.2,60.29795630166393,2026-05-07 16h48.11.390147 +0200,
,,0,0,0,,,,space,0.16276249988004565,None,7,l18,lépcső,stairs,5,location,house,6.4,21,24,78,None,"(0.1, -0.1)",,,,,,,,,,,,,,,0,0,0,0,0,0,0,0,,,,,,,,,,,,,,,,,,,,,,,,,,,,,,,,,,,,,,,,,,,,,,,,,,,,,,,,,,,,,,,,,,,,,,,,,,,,,,,,37.461073300102726,37.46746499999426,37.46643896681877,39.40140850003809,,,,,,41.40507520013489,41.42104639997706,41.42104639997706,41.588753800140694,,,,,,,,,,,,,,,39.43145569995977,39.43789630010724,39.43458613346641,41.339372700080276,41.40501830005087,space,0.16276249988004565,None,,,,,,,,,,,,,,,,,,,,,,,,,,,,,,,,,,,,P9615,MIC_Bar,7,2,2026-05-07_16h48.09.629,MIC_task,,2026.1.2,60.29795630166393,2026-05-07 16h48.11.390147 +0200,
,,0,0,0,,,,,,,7,v07,hajó,ship,10,vehicles,watercraft,7,None,None,46,21,"(0, -0.1)",None,,,,,,,,,,,,,,0,0,0,0,0,1,1,1,0,0,0,0,41.6046045999974,,,,,,,,,,,,,,,,,,,,,,,,,,,,,,,,,,,,,,,,,,,,,,,,,,,,,,,,,,,,,,,,,,,,,,,,,,,,,,,,,,,,,,,,,,,,,,41.59220509999432,41.6046045999974,41.6046045999974,41.6046045999974,41.7888096999377,None,,,,,,,,,,,41.80497070006095,41.80497070006095,41.80497070006095,,,,,,,,,,,,,,,,,,,,,,,,,,,,,,,,,P9615,MIC_Bar,7,2,2026-05-07_16h48.09.629,MIC_task,,2026.1.2,60.29795630166393,2026-05-07 16h48.11.390147 +0200,
,,0,0,0,,,,,,,7,v07,hajó,ship,10,vehicles,watercraft,7,None,None,46,21,"(0, -0.1)",None,,,,,,,,,,,,,,0,0,0,0,0,1,1,1,0,0,0,0,41.80497070006095,,,,,,,,,,,,,,,,,,,,,,,,,,,,,,,,,,,,,,,,,,,,,,,,,,,,,,,,,,,,,,,,,,,,,,,,,,,,,,,,,,,,,,,,,,,,,,41.792044000001624,41.80497070006095,41.80497070006095,41.80497070006095,41.98938010004349,None,,,,,,,,,,,,,,,,,,,,,,,,,,,,,,,,,,,,,,,,,,,,,,P9615,MIC_Bar,7,2,2026-05-07_16h48.09.629,MIC_task,,2026.1.2,60.29795630166393,2026-05-07 16h48.11.390147 +0200,
,,1,0,1,,,,,,,7,v07,hajó,ship,10,vehicles,watercraft,7,None,None,46,21,"(0, -0.1)",None,,,,,,,,,,,,,,0,0,0,0,0,1,1,1,1,0,1,0,42.00529360002838,,,,,,,,,,,,,,,,,,,,,,,,,,,,,,,,,,,,,,,,,,,,,,,,,,,,,,,,,,,,,,,,,,,,,,,,,,,,,,,,,,,,,,,,,,,,,,41.99279509996995,42.00529360002838,42.00529360002838,42.00529360002838,42.19039400015026,None,,,,,,,,,,,,,,,,,,,,,,,,,,,,,,,,,,,,,,,,,,,,,,P9615,MIC_Bar,7,2,2026-05-07_16h48.09.629,MIC_task,,2026.1.2,60.29795630166393,2026-05-07 16h48.11.390147 +0200,
,,2,0,2,,,,,,,7,v07,hajó,ship,10,vehicles,watercraft,7,None,None,46,21,"(0, -0.1)",None,,,,,,,,,,,,,,0,0,0,0,0,1,1,1,2,0,2,0,42.205709300003946,,,,,,,,,,,,,,,,,,,,,,,,,,,,,,,,,,,,,,,,,,,,,,,,,,,,,,,,,,,,,,,,,,,,,,,,,,,,,,,,,,,,,,,,,,,,,,42.19364770012908,42.205709300003946,42.205709300003946,42.205709300003946,42.39067850005813,None,,,,,,,,,,,,,,,,,,,,,,,,,,,,,,,,,,,,,,,,,,,,,,P9615,MIC_Bar,7,2,2026-05-07_16h48.09.629,MIC_task,,2026.1.2,60.29795630166393,2026-05-07 16h48.11.390147 +0200,
,,3,0,3,,,,,,,7,v07,hajó,ship,10,vehicles,watercraft,7,None,None,46,21,"(0, -0.1)",None,,,,,,,,,,,,,,0,0,0,0,0,1,1,1,3,0,3,0,42.40610889997333,,,,,,,,,,,,,,,,,,,,,,,,,,,,,,,,,,,,,,,,,,,,,,,,,,,,,,,,,,,,,,,,,,,,,,,,,,,,,,,,,,,,,,,,,,,,,,42.393924799980596,42.40610889997333,42.40610889997333,42.40610889997333,42.589812100166455,None,,,,,,,,,,,,,,,,,,,,,,,,,,,,,,,,,,,,,,,,,,,,,,P9615,MIC_Bar,7,2,2026-05-07_16h48.09.629,MIC_task,,2026.1.2,60.29795630166393,2026-05-07 16h48.11.390147 +0200,
,,4,0,4,,,,,,,7,v07,hajó,ship,10,vehicles,watercraft,7,None,None,46,21,"(0, -0.1)",None,,,,,,,,,,,,,,0,0,0,0,0,1,1,1,4,0,4,0,42.60646790009923,,,,,,,,,,,,,,,,,,,,,,,,,,,,,,,,,,,,,,,,,,,,,,,,,,,,,,,,,,,,,,,,,,,,,,,,,,,,,,,,,,,,,,,,,,,,,,42.5930582000874,42.60646790009923,42.60646790009923,42.60646790009923,42.79020279995166,None,,,,,,,,,,,,,,,,,,,,,,,,,,,,,,,,,,,,,,,,,,,,,,P9615,MIC_Bar,7,2,2026-05-07_16h48.09.629,MIC_task,,2026.1.2,60.29795630166393,2026-05-07 16h48.11.390147 +0200,
,,5,0,5,,,,,,,7,v07,hajó,ship,10,vehicles,watercraft,7,None,None,46,21,"(0, -0.1)",None,,,,,,,,,,,,,,0,0,0,0,0,1,1,1,5,0,5,0,42.80687030008994,,,,,,,,,,,,,,,,,,,,,,,,,,,,,,,,,,,,,,,,,,,,,,,,,,,,,,,,,,,,,,,,,,,,,,,,,,,,,,,,,,,,,,,,,,,,,,42.793459200067446,42.80687030008994,42.80687030008994,42.80687030008994,42.99066579993814,None,,,,,,,,,,,,,,,,,,,,,,,,,,,,,,,,,,,,,,,,,,,,,,P9615,MIC_Bar,7,2,2026-05-07_16h48.09.629,MIC_task,,2026.1.2,60.29795630166393,2026-05-07 16h48.11.390147 +0200,
,,6,0,6,,,,,,,7,v07,hajó,ship,10,vehicles,watercraft,7,None,None,46,21,"(0, -0.1)",None,,,,,,,,,,,,,,0,0,0,0,0,1,1,1,6,0,6,0,43.007289699977264,,,,,,,,,,,,,,,,,,,,,,,,,,,,,,,,,,,,,,,,,,,,,,,,,,,,,,,,,,,,,,,,,,,,,,,,,,,,,,,,,,,,,,,,,,,,,,42.9940377001185,43.007289699977264,43.007289699977264,43.007289699977264,43.19244570005685,None,,,,,,,,,,,,,,,,,,,,,,,,,,,,,,,,,,,,,,,,,,,,,,P9615,MIC_Bar,7,2,2026-05-07_16h48.09.629,MIC_task,,2026.1.2,60.29795630166393,2026-05-07 16h48.11.390147 +0200,
,,7,0,7,,,,,,,7,v07,hajó,ship,10,vehicles,watercraft,7,None,None,46,21,"(0, -0.1)",None,,,,,,,,,,,,,,0,0,0,0,0,1,1,1,7,0,7,0,43.20759929995984,,,,,,,,,,,,,,,,,,,,,,,,,,,,,,,,,,,,,,,,,,,,,,,,,,,,,,,,,,,,,,,,,,,,,,,,,,,,,,,,,,,,,,,,,,,,,,43.19555000006221,43.20759929995984,43.20759929995984,43.20759929995984,43.391441100044176,None,,,,,,,,,,,,,,,,,,,,,,,,,,,,,,,,,,,,,,,,,,,,,,P9615,MIC_Bar,7,2,2026-05-07_16h48.09.629,MIC_task,,2026.1.2,60.29795630166393,2026-05-07 16h48.11.390147 +0200,
,,8,0,8,,,,,,,7,v07,hajó,ship,10,vehicles,watercraft,7,None,None,46,21,"(0, -0.1)",None,,,,,,,,,,,,,,0,0,0,0,0,1,1,1,8,0,8,0,43.40710650011897,,,,,,,,,,,,,,,,,,,,,,,,,,,,,,,,,,,,,,,,,,,,,,,,,,,,,,,,,,,,,,,,,,,,,,,,,,,,,,,,,,,,,,,,,,,,,,43.39464670000598,43.40710650011897,43.40710650011897,43.40710650011897,43.59246139996685,None,,,,,,,,,,,,,,,,,,,,,,,,,,,,,,,,,,,,,,,,,,,,,,P9615,MIC_Bar,7,2,2026-05-07_16h48.09.629,MIC_task,,2026.1.2,60.29795630166393,2026-05-07 16h48.11.390147 +0200,
,,9,0,9,,,,,,,7,v07,hajó,ship,10,vehicles,watercraft,7,None,None,46,21,"(0, -0.1)",None,,,,,,,,,,,,,,0,0,0,0,0,1,1,1,9,0,9,0,43.607510700123385,,,,,,,,,,,,,,,,,,,,,,,,,,,,,,,,,,,,,,,,,,,,,,,,,,,,,,,,,,,,,,,,,,,,,,,,,,,,,,,,,,,,,,,,,,,,,,43.59605080005713,43.607510700123385,43.607510700123385,43.607510700123385,43.79128580004908,None,,,,,,,,,,,,,,,,,,,,,,,,,,,,,,,,,,,,,,,,,,,,,,P9615,MIC_Bar,7,2,2026-05-07_16h48.09.629,MIC_task,,2026.1.2,60.29795630166393,2026-05-07 16h48.11.390147 +0200,
,,10,0,10,,,,,,,7,v07,hajó,ship,10,vehicles,watercraft,7,None,None,46,21,"(0, -0.1)",None,,,,,,,,,,,,,,0,0,0,0,0,1,1,1,10,0,10,0,43.80791760003194,,,,,,,,,,,,,,,,,,,,,,,,,,,,,,,,,,,,,,,,,,,,,,,,,,,,,,,,,,,,,,,,,,,,,,,,,,,,,,,,,,,,,,,,,,,,,,43.79440740006976,43.80791760003194,43.80791760003194,43.80791760003194,43.99172529997304,None,,,,,,,,,,,,,,,,,,,,,,,,,,,,,,,,,,,,,,,,,,,,,,P9615,MIC_Bar,7,2,2026-05-07_16h48.09.629,MIC_task,,2026.1.2,60.29795630166393,2026-05-07 16h48.11.390147 +0200,
,,11,0,11,,,,,,,7,v07,hajó,ship,10,vehicles,watercraft,7,None,None,46,21,"(0, -0.1)",None,,,,,,,,,,,,,,0,0,0,0,0,1,1,1,11,0,11,0,44.00821480015293,,,,,,,,,,,,,,,,,,,,,,,,,,,,,,,,,,,,,,,,,,,,,,,,,,,,,,,,,,,,,,,,,,,,,,,,,,,,,,,,,,,,,,,,,,,,,,43.99494150001556,44.00821480015293,44.00821480015293,44.00821480015293,44.193352200090885,None,,,,,,,,,,,,,,,,,,,,,,,,,,,,,,,,,,,,,,,,,,,,,,P9615,MIC_Bar,7,2,2026-05-07_16h48.09.629,MIC_task,,2026.1.2,60.29795630166393,2026-05-07 16h48.11.390147 +0200,
,,12,0,12,,,,,,,7,v07,hajó,ship,10,vehicles,watercraft,7,None,None,46,21,"(0, -0.1)",None,,,,,,,,,,,,,,0,0,0,0,0,1,1,1,12,0,12,0,44.20862439996563,,,,,,,,,,,,,,,,,,,,,,,,,,,,,,,,,,,,,,,,,,,,,,,,,,,,,,,,,,,,,,,,,,,,,,,,,,,,,,,,,,,,,,,,,,,,,,44.19661139999516,44.20862439996563,44.20862439996563,44.20862439996563,44.39234949997626,None,,,,,,,,,,,,,,,,,,,,,,,,,,,,,,,,,,,,,,,,,,,,,,P9615,MIC_Bar,7,2,2026-05-07_16h48.09.629,MIC_task,,2026.1.2,60.29795630166393,2026-05-07 16h48.11.390147 +0200,
,,13,0,13,,,,,,,7,v07,hajó,ship,10,vehicles,watercraft,7,None,None,46,21,"(0, -0.1)",None,,,,,,,,,,,,,,0,0,0,0,0,1,1,1,13,0,13,0,44.409018100006506,,,,,,,,,,,,,,,,,,,,,,,,,,,,,,,,,,,,,,,,,,,,,,,,,,,,,,,,,,,,,,,,,,,,,,,,,,,,,,,,,,,,,,,,,,,,,,44.39543329994194,44.409018100006506,44.409018100006506,44.409018100006506,44.59278820012696,None,,,,,,,,,,,,,,,,,,,,,,,,,,,,,,,,,,,,,,,,,,,,,,P9615,MIC_Bar,7,2,2026-05-07_16h48.09.629,MIC_task,,2026.1.2,60.29795630166393,2026-05-07 16h48.11.390147 +0200,
,,14,0,14,,,,,,,7,v07,hajó,ship,10,vehicles,watercraft,7,None,None,46,21,"(0, -0.1)",None,,,,,,,,,,,,,,0,0,0,0,0,1,1,1,14,0,14,0,44.6094102000352,,,,,,,,,,,,,,,,,,,,,,,,,,,,,,,,,,,,,,,,,,,,,,,,,,,,,,,,,,,,,,,,,,,,,,,,,,,,,,,,,,,,,,,,,,,,,,44.59597310004756,44.6094102000352,44.6094102000352,44.6094102000352,44.79315649997443,None,,,,,,,,,,,,,,,,,,,,,,,,,,,,,,,,,,,,,,,,,,,,,,P9615,MIC_Bar,7,2,2026-05-07_16h48.09.629,MIC_task,,2026.1.2,60.29795630166393,2026-05-07 16h48.11.390147 +0200,
,,15,0,15,,,,,,,7,v07,hajó,ship,10,vehicles,watercraft,7,None,None,46,21,"(0, -0.1)",None,,,,,,,,,,,,,,0,0,0,0,0,1,1,1,15,0,15,0,44.80977510008961,,,,,,,,,,,,,,,,,,,,,,,,,,,,,,,,,,,,,,,,,,,,,,,,,,,,,,,,,,,,,,,,,,,,,,,,,,,,,,,,,,,,,,,,,,,,,,44.79653810011223,44.80977510008961,44.80977510008961,44.80977510008961,44.9947995999828,None,,,,,,,,,,,,,,,,,,,,,,,,,,,,,,,,,,,,,,,,,,,,,,P9615,MIC_Bar,7,2,2026-05-07_16h48.09.629,MIC_task,,2026.1.2,60.29795630166393,2026-05-07 16h48.11.390147 +0200,
,,16,0,16,,,,,,,7,v07,hajó,ship,10,vehicles,watercraft,7,None,None,46,21,"(0, -0.1)",None,,,,,,,,,,,,,,0,0,0,0,0,1,1,1,16,0,16,0,45.010199800133705,,,,,,,,,,,,,,,,,,,,,,,,,,,,,,,,,,,,,,,,,,,,,,,,,,,,,,,,,,,,,,,,,,,,,,,,,,,,,,,,,,,,,,,,,,,,,,44.99786420003511,45.010199800133705,45.010199800133705,45.010199800133705,45.19516020012088,None,,,,,,,,,,,,,,,,,,,,,,,,,,,,,,,,,,,,,,,,,,,,,,P9615,MIC_Bar,7,2,2026-05-07_16h48.09.629,MIC_task,,2026.1.2,60.29795630166393,2026-05-07 16h48.11.390147 +0200,
,,17,0,17,,,,,,,7,v07,hajó,ship,10,vehicles,watercraft,7,None,None,46,21,"(0, -0.1)",None,,,,,,,,,,,,,,0,0,0,0,0,1,1,1,17,0,17,0,45.21061780001037,,,,,,,,,,,,,,,,,,,,,,,,,,,,,,,,,,,,,,,,,,,,,,,,,,,,,,,,,,,,,,,,,,,,,,,,,,,,,,,,,,,,,,,,,,,,,,45.19826830015518,45.21061780001037,45.21061780001037,45.21061780001037,45.39440089999698,None,,,,,,,,,,,,,,,,,,,,,,,,,,,,,,,,,,,,,,,,,,,,,,P9615,MIC_Bar,7,2,2026-05-07_16h48.09.629,MIC_task,,2026.1.2,60.29795630166393,2026-05-07 16h48.11.390147 +0200,
,,18,0,18,,,,,,,7,v07,hajó,ship,10,vehicles,watercraft,7,None,None,46,21,"(0, -0.1)",None,,,,,,,,,,,,,,0,0,0,0,0,1,1,1,18,0,18,0,45.41101470007561,,,,,,,,,,,,,,,,,,,,,,,,,,,,,,,,,,,,,,,,,,,,,,,,,,,,,,,,,,,,,,,,,,,,,,,,,,,,,,,,,,,,,,,,,,,,,,45.39743770007044,45.41101470007561,45.41101470007561,45.41101470007561,45.59384880005382,None,,,,,,,,,,,,,,,,,,,,,,,,,,,,,,,,,,,,,,,,,,,,,,P9615,MIC_Bar,7,2,2026-05-07_16h48.09.629,MIC_task,,2026.1.2,60.29795630166393,2026-05-07 16h48.11.390147 +0200,
,,19,0,19,,,,,,,7,v07,hajó,ship,10,vehicles,watercraft,7,None,None,46,21,"(0, -0.1)",None,,,,,,,,,,,,,,0,0,0,0,0,1,1,1,19,0,19,0,45.610473399981856,,,,,,,,,,,,,,,,,,,,,,,,,,,,,,,,,,,,,,,,,,,,,,,,,,,,,,,,,,,,,,,,,,,,,,,,,,,,,,,,,,,,,,,,,,,,,,45.59694009996019,45.610473399981856,45.610473399981856,45.610473399981856,45.79420739994384,None,,,,,,,,,,,,,,,,,,,,,,,,,,,,,,,,,,,,,,,,,,,,,,P9615,MIC_Bar,7,2,2026-05-07_16h48.09.629,MIC_task,,2026.1.2,60.29795630166393,2026-05-07 16h48.11.390147 +0200,
,,20,0,20,,,,,,,7,v07,hajó,ship,10,vehicles,watercraft,7,None,None,46,21,"(0, -0.1)",None,,,,,,,,,,,,,,0,0,0,0,0,1,1,1,20,0,20,0,45.810808200156316,,,,,,,,,,,,,,,,,,,,,,,,,,,,,,,,,,,,,,,,,,,,,,,,,,,,,,,,,,,,,,,,,,,,,,,,,,,,,,,,,,,,,,,,,,,,,,45.7973803000059,45.810808200156316,45.810808200156316,45.810808200156316,45.99607740016654,None,,,,,,,,,,,,,,,,,,,,,,,,,,,,,,,,,,,,,,,,,,,,,,P9615,MIC_Bar,7,2,2026-05-07_16h48.09.629,MIC_task,,2026.1.2,60.29795630166393,2026-05-07 16h48.11.390147 +0200,
,,21,0,21,,,,,,,7,v07,hajó,ship,10,vehicles,watercraft,7,None,None,46,21,"(0, -0.1)",None,,,,,,,,,,,,,,0,0,0,0,0,1,1,1,21,0,21,0,46.01126669999212,,,,,,,,,,,,,,,,,,,,,,,,,,,,,,,,,,,,,,,,,,,,,,,,,,,,,,,,,,,,,,,,,,,,,,,,,,,,,,,,,,,,,,,,,,,,,,45.99942390015349,46.01126669999212,46.01126669999212,46.01126669999212,46.19601200008765,None,,,,,,,,,,,,,,,,,,,,,,,,,,,,,,,,,,,,,,,,,,,,,,P9615,MIC_Bar,7,2,2026-05-07_16h48.09.629,MIC_task,,2026.1.2,60.29795630166393,2026-05-07 16h48.11.390147 +0200,
,,22,0,22,,,,,,,7,v07,hajó,ship,10,vehicles,watercraft,7,None,None,46,21,"(0, -0.1)",None,,,,,,,,,,,,,,0,0,0,0,0,1,1,1,22,0,22,0,46.21162319998257,,,,,,,,,,,,,,,,,,,,,,,,,,,,,,,,,,,,,,,,,,,,,,,,,,,,,,,,,,,,,,,,,,,,,,,,,,,,,,,,,,,,,,,,,,,,,,46.19942119996995,46.21162319998257,46.21162319998257,46.21162319998257,46.39687020005658,None,,,,,,,,,,,,,,,,,,,,,,,,,,,,,,,,,,,,,,,,,,,,,,P9615,MIC_Bar,7,2,2026-05-07_16h48.09.629,MIC_task,,2026.1.2,60.29795630166393,2026-05-07 16h48.11.390147 +0200,
,,23,0,23,,,,,,,7,v07,hajó,ship,10,vehicles,watercraft,7,None,None,46,21,"(0, -0.1)",None,,,,,,,,,,,,,,0,0,0,0,0,1,1,1,23,0,23,0,46.412126100156456,,,,,,,,,,,,,,,,,,,,,,,,,,,,,,,,,,,,,,,,,,,,,,,,,,,,,,,,,,,,,,,,,,,,,,,,,,,,,,,,,,,,,,,,,,,,,,46.40019079996273,46.412126100156456,46.412126100156456,46.412126100156456,46.59636060008779,None,,,,,,,,,,,,,,,,,,,,,,,,,,,,,,,,,,,,,,,,,,,,,,P9615,MIC_Bar,7,2,2026-05-07_16h48.09.629,MIC_task,,2026.1.2,60.29795630166393,2026-05-07 16h48.11.390147 +0200,
,,24,0,24,,,,,,,7,v07,hajó,ship,10,vehicles,watercraft,7,None,None,46,21,"(0, -0.1)",None,,,,,,,,,,,,,,0,0,0,0,0,1,1,1,24,0,24,0,46.61235020007007,,,,,,,,,,,,,,,,,,,,,,,,,,,,,,,,,,,,,,,,,,,,,,,,,,,,,,,,,,,,,,,,,,,,,,,,,,,,,,,,,,,,,,,,,,,,,,46.599898600019515,46.61235020007007,46.61235020007007,46.61235020007007,46.7974551001098,None,,,,,,,,,,,,,,,,,,,,,,,,,,,,,,,,,,,,,,,,,,,,,,P9615,MIC_Bar,7,2,2026-05-07_16h48.09.629,MIC_task,,2026.1.2,60.29795630166393,2026-05-07 16h48.11.390147 +0200,
,,25,0,25,,,,,,,7,v07,hajó,ship,10,vehicles,watercraft,7,None,None,46,21,"(0, -0.1)",None,,,,,,,,,,,,,,0,0,0,0,0,1,1,1,25,0,25,0,46.81279839994386,,,,,,,,,,,,,,,,,,,,,,,,,,,,,,,,,,,,,,,,,,,,,,,,,,,,,,,,,,,,,,,,,,,,,,,,,,,,,,,,,,,,,,,,,,,,,,46.8006585999392,46.81279839994386,46.81279839994386,46.81279839994386,46.996553000062704,None,,,,,,,,,,,,,,,,,,,,,,,,,,,,,,,,,,,,,,,,,,,,,,P9615,MIC_Bar,7,2,2026-05-07_16h48.09.629,MIC_task,,2026.1.2,60.29795630166393,2026-05-07 16h48.11.390147 +0200,
,,26,0,26,,,,,,,7,v07,hajó,ship,10,vehicles,watercraft,7,None,None,46,21,"(0, -0.1)",None,,,,,,,,,,,,,,0,0,0,0,0,1,1,1,26,0,26,0,47.01309680007398,,,,,,,,,,,,,,,,,,,,,,,,,,,,,,,,,,,,,,,,,,,,,,,,,,,,,,,,,,,,,,,,,,,,,,,,,,,,,,,,,,,,,,,,,,,,,,46.99974040011875,47.01309680007398,47.01309680007398,47.01309680007398,47.19858600012958,None,,,,,,,,,,,,,,,,,,,,,,,,,,,,,,,,,,,,,,,,,,,,,,P9615,MIC_Bar,7,2,2026-05-07_16h48.09.629,MIC_task,,2026.1.2,60.29795630166393,2026-05-07 16h48.11.390147 +0200,
,,27,0,27,,,,,,,7,v07,hajó,ship,10,vehicles,watercraft,7,None,None,46,21,"(0, -0.1)",None,,,,,,,,,,,,,,0,0,0,0,0,1,1,1,27,0,27,0,47.21355520002544,,,,,,,,,,,,,,,,,,,,,,,,,,,,,,,,,,,,,,,,,,,,,,,,,,,,,,,,,,,,,,,,,,,,,,,,,,,,,,,,,,,,,,,,,,,,,,47.202345200115815,47.21355520002544,47.21355520002544,47.21355520002544,47.39731020014733,None,,,,,,,,,,,,,,,,,,,,,,,,,,,,,,,,,,,,,,,,,,,,,,P9615,MIC_Bar,7,2,2026-05-07_16h48.09.629,MIC_task,,2026.1.2,60.29795630166393,2026-05-07 16h48.11.390147 +0200,
,,28,0,28,,,,,,,7,v07,hajó,ship,10,vehicles,watercraft,7,None,None,46,21,"(0, -0.1)",None,,,,,,,,,,,,,,0,0,0,0,0,1,1,1,28,0,28,0,47.41392259998247,,,,,,,,,,,,,,,,,,,,,,,,,,,,,,,,,,,,,,,,,,,,,,,,,,,,,,,,,,,,,,,,,,,,,,,,,,,,,,,,,,,,,,,,,,,,,,47.400821699993685,47.41392259998247,47.41392259998247,47.41392259998247,47.5977326000575,None,,,,,,,,,,,,,,,,,,,,,,,,,,,,,,,,,,,,,,,,,,,,,,P9615,MIC_Bar,7,2,2026-05-07_16h48.09.629,MIC_task,,2026.1.2,60.29795630166393,2026-05-07 16h48.11.390147 +0200,
,,29,0,29,,,,,,,7,v07,hajó,ship,10,vehicles,watercraft,7,None,None,46,21,"(0, -0.1)",None,,,,,,,,,,,,,,0,0,0,0,0,1,1,1,29,0,29,0,47.61335360002704,,,,,,,,,,,,,,,,,,,,,,,,,,,,,,,,,,,,,,,,,,,,,,,,,,,,,,,,,,,,,,,,,,,,,,,,,,,,,,,,,,,,,,,,,,,,,,47.600936400005594,47.61335360002704,47.61335360002704,47.61335360002704,47.79941970016807,None,,,,,,,,,,,,,,,,,,,,,,,,,,,,,,,,,,,,,,,,,,,,,,P9615,MIC_Bar,7,2,2026-05-07_16h48.09.629,MIC_task,,2026.1.2,60.29795630166393,2026-05-07 16h48.11.390147 +0200,
,,30,0,30,,,,,,,7,v07,hajó,ship,10,vehicles,watercraft,7,None,None,46,21,"(0, -0.1)",None,,,,,,,,,,,,,,0,0,0,0,0,1,1,1,30,0,30,0,47.81377530004829,,,,,,,,,,,,,,,,,,,,,,,,,,,,,,,,,,,,,,,,,,,,,,,,,,,,,,,,,,,,,,,,,,,,,,,,,,,,,,,,,,,,,,,,,,,,,,47.80256400001235,47.81377530004829,47.81377530004829,47.81377530004829,47.99991889996454,None,,,,,,,,,,,,,,,,,,,,,,,,,,,,,,,,,,,,,,,,,,,,,,P9615,MIC_Bar,7,2,2026-05-07_16h48.09.629,MIC_task,,2026.1.2,60.29795630166393,2026-05-07 16h48.11.390147 +0200,
,,31,0,31,,,,,,,7,v07,hajó,ship,10,vehicles,watercraft,7,None,None,46,21,"(0, -0.1)",None,,,,,,,,,,,,,,0,0,0,0,0,1,1,1,31,0,31,0,48.014153300086036,,,,,,,,,,,,,,,,,,,,,,,,,,,,,,,,,,,,,,,,,,,,,,,,,,,,,,,,,,,,,,,,,,,,,,,,,,,,,,,,,,,,,,,,,,,,,,48.00328569998965,48.014153300086036,48.014153300086036,48.014153300086036,48.198025500169024,None,,,,,,,,,,,,,,,,,,,,,,,,,,,,,,,,,,,,,,,,,,,,,,P9615,MIC_Bar,7,2,2026-05-07_16h48.09.629,MIC_task,,2026.1.2,60.29795630166393,2026-05-07 16h48.11.390147 +0200,
,,32,0,32,,,,,,,7,v07,hajó,ship,10,vehicles,watercraft,7,None,None,46,21,"(0, -0.1)",space,0.11249290010891855,None,,,,,,,,,,,,0,0,0,0,0,1,1,1,32,0,32,0,48.21458330005407,,,,,,,,,,,,,,,,,,,,,,,,,,,,,,,,,,,,,,,,,,,,,,,,,,,,,,,,,,,,,,,,,,,,,,,,,,,,,,,,,,,,,,,,,,,,,,48.20115189999342,48.21458330005407,48.21458330005407,48.21458330005407,48.33444890007377,space,0.11249290010891855,None,,,,,,,,,,,,,,,,,,,,,,,,,,,,,,,,,,,,,,,,,,,,P9615,MIC_Bar,7,2,2026-05-07_16h48.09.629,MIC_task,,2026.1.2,60.29795630166393,2026-05-07 16h48.11.390147 +0200,
,,1,1,0,,,,space,0.19719720003195107,None,7,v07,hajó,ship,10,vehicles,watercraft,7,None,None,46,21,"(0, -0.1)",,,,,,,,,,,,,,,0,0,0,0,0,1,1,1,,,,,,,,,,,,,,,,,,,,,,,,,,,,,,,,,,,,,,,,,,,,,,,,,,,,,,,,,,,,,,,,,,,,,,,,,,,,,,,,48.393256600014865,48.39971589995548,48.40004226683328,50.335071800043806,,,,,,52.339678700082004,52.354646699968725,52.354646699968725,52.55614840006456,,,,,,,,,,,,,,,50.36283690016717,50.36923189996742,50.368232633344206,52.25406690011732,52.339638100005686,space,0.19719720003195107,None,,,,,,,,,,,,,,,,,,,,,,,,,,,,,,,,,,,,P9615,MIC_Bar,7,2,2026-05-07_16h48.09.629,MIC_task,,2026.1.2,60.29795630166393,2026-05-07 16h48.11.390147 +0200,
,,0,0,0,,,,,,,7,p04,bohóc,clown,6,people,entertainment,6.8,14,19,44,None,"(0.1, 0.1)",None,,,,,,,,,,,,,,0,0,0,0,0,2,2,2,0,0,0,0,52.57182430010289,,,,,,,,,,,,,,,,,,,,,,,,,,,,,,,,,,,,,,,,,,,,,,,,,,,,,,,,,,,,,,,,,,,,,,,,,,,,,,,,,,,,,,,,,,,,,,52.55973860016093,52.57182430010289,52.57182430010289,52.57182430010289,52.756105500040576,None,,,,,,,,,,,52.77219190006144,52.77219190006144,52.77219190006144,,,,,,,,,,,,,,,,,,,,,,,,,,,,,,,,,P9615,MIC_Bar,7,2,2026-05-07_16h48.09.629,MIC_task,,2026.1.2,60.29795630166393,2026-05-07 16h48.11.390147 +0200,
,,0,0,0,,,,,,,7,p04,bohóc,clown,6,people,entertainment,6.8,14,19,44,None,"(0.1, 0.1)",None,,,,,,,,,,,,,,0,0,0,0,0,2,2,2,0,0,0,0,52.77219190006144,,,,,,,,,,,,,,,,,,,,,,,,,,,,,,,,,,,,,,,,,,,,,,,,,,,,,,,,,,,,,,,,,,,,,,,,,,,,,,,,,,,,,,,,,,,,,,52.7596408999525,52.77219190006144,52.77219190006144,52.77219190006144,52.95750140002929,None,,,,,,,,,,,,,,,,,,,,,,,,,,,,,,,,,,,,,,,,,,,,,,P9615,MIC_Bar,7,2,2026-05-07_16h48.09.629,MIC_task,,2026.1.2,60.29795630166393,2026-05-07 16h48.11.390147 +0200,
,,1,0,1,,,,,,,7,p04,bohóc,clown,6,people,entertainment,6.8,14,19,44,None,"(0.1, 0.1)",None,,,,,,,,,,,,,,0,0,0,0,0,2,2,2,1,0,1,0,52.971652399981394,,,,,,,,,,,,,,,,,,,,,,,,,,,,,,,,,,,,,,,,,,,,,,,,,,,,,,,,,,,,,,,,,,,,,,,,,,,,,,,,,,,,,,,,,,,,,,52.96067090006545,52.971652399981394,52.971652399981394,52.971652399981394,53.15771750011481,None,,,,,,,,,,,,,,,,,,,,,,,,,,,,,,,,,,,,,,,,,,,,,,P9615,MIC_Bar,7,2,2026-05-07_16h48.09.629,MIC_task,,2026.1.2,60.29795630166393,2026-05-07 16h48.11.390147 +0200,
,,2,0,2,,,,,,,7,p04,bohóc,clown,6,people,entertainment,6.8,14,19,44,None,"(0.1, 0.1)",None,,,,,,,,,,,,,,0,0,0,0,0,2,2,2,2,0,2,0,53.17200370016508,,,,,,,,,,,,,,,,,,,,,,,,,,,,,,,,,,,,,,,,,,,,,,,,,,,,,,,,,,,,,,,,,,,,,,,,,,,,,,,,,,,,,,,,,,,,,,53.16103830002248,53.17200370016508,53.17200370016508,53.17200370016508,53.35635010013357,None,,,,,,,,,,,53.3724887999706,53.3724887999706,53.3724887999706,,,,,,,,,,,,,,,,,,,,,,,,,,,,,,,,,P9615,MIC_Bar,7,2,2026-05-07_16h48.09.629,MIC_task,,2026.1.2,60.29795630166393,2026-05-07 16h48.11.390147 +0200,
,,3,0,3,,,,,,,7,p04,bohóc,clown,6,people,entertainment,6.8,14,19,44,None,"(0.1, 0.1)",None,,,,,,,,,,,,,,0,0,0,0,0,2,2,2,3,0,3,0,53.3724887999706,,,,,,,,,,,,,,,,,,,,,,,,,,,,,,,,,,,,,,,,,,,,,,,,,,,,,,,,,,,,,,,,,,,,,,,,,,,,,,,,,,,,,,,,,,,,,,53.35947989998385,53.3724887999706,53.3724887999706,53.3724887999706,53.55657849996351,None,,,,,,,,,,,53.572865599999204,53.572865599999204,53.572865599999204,,,,,,,,,,,,,,,,,,,,,,,,,,,,,,,,,P9615,MIC_Bar,7,2,2026-05-07_16h48.09.629,MIC_task,,2026.1.2,60.29795630166393,2026-05-07 16h48.11.390147 +0200,
,,4,0,4,,,,,,,7,p04,bohóc,clown,6,people,entertainment,6.8,14,19,44,None,"(0.1, 0.1)",None,,,,,,,,,,,,,,0,0,0,0,0,2,2,2,4,0,4,0,53.572865599999204,,,,,,,,,,,,,,,,,,,,,,,,,,,,,,,,,,,,,,,,,,,,,,,,,,,,,,,,,,,,,,,,,,,,,,,,,,,,,,,,,,,,,,,,,,,,,,53.55979460012168,53.572865599999204,53.572865599999204,53.572865599999204,53.75655940012075,None,,,,,,,,,,,,,,,,,,,,,,,,,,,,,,,,,,,,,,,,,,,,,,P9615,MIC_Bar,7,2,2026-05-07_16h48.09.629,MIC_task,,2026.1.2,60.29795630166393,2026-05-07 16h48.11.390147 +0200,
,,5,0,5,,,,,,,7,p04,bohóc,clown,6,people,entertainment,6.8,14,19,44,None,"(0.1, 0.1)",None,,,,,,,,,,,,,,0,0,0,0,0,2,2,2,5,0,5,0,53.773159800097346,,,,,,,,,,,,,,,,,,,,,,,,,,,,,,,,,,,,,,,,,,,,,,,,,,,,,,,,,,,,,,,,,,,,,,,,,,,,,,,,,,,,,,,,,,,,,,53.76015380001627,53.773159800097346,53.773159800097346,53.773159800097346,53.9584751999937,None,,,,,,,,,,,,,,,,,,,,,,,,,,,,,,,,,,,,,,,,,,,,,,P9615,MIC_Bar,7,2,2026-05-07_16h48.09.629,MIC_task,,2026.1.2,60.29795630166393,2026-05-07 16h48.11.390147 +0200,
,,6,0,6,,,,,,,7,p04,bohóc,clown,6,people,entertainment,6.8,14,19,44,None,"(0.1, 0.1)",None,,,,,,,,,,,,,,0,0,0,0,0,2,2,2,6,0,6,0,53.973584100138396,,,,,,,,,,,,,,,,,,,,,,,,,,,,,,,,,,,,,,,,,,,,,,,,,,,,,,,,,,,,,,,,,,,,,,,,,,,,,,,,,,,,,,,,,,,,,,53.96184350014664,53.973584100138396,53.973584100138396,53.973584100138396,54.158670800039545,None,,,,,,,,,,,,,,,,,,,,,,,,,,,,,,,,,,,,,,,,,,,,,,P9615,MIC_Bar,7,2,2026-05-07_16h48.09.629,MIC_task,,2026.1.2,60.29795630166393,2026-05-07 16h48.11.390147 +0200,
,,7,0,7,,,,,,,7,p04,bohóc,clown,6,people,entertainment,6.8,14,19,44,None,"(0.1, 0.1)",None,,,,,,,,,,,,,,0,0,0,0,0,2,2,2,7,0,7,0,54.17393940011971,,,,,,,,,,,,,,,,,,,,,,,,,,,,,,,,,,,,,,,,,,,,,,,,,,,,,,,,,,,,,,,,,,,,,,,,,,,,,,,,,,,,,,,,,,,,,,54.16196559998207,54.17393940011971,54.17393940011971,54.17393940011971,54.35777040012181,None,,,,,,,,,,,,,,,,,,,,,,,,,,,,,,,,,,,,,,,,,,,,,,P9615,MIC_Bar,7,2,2026-05-07_16h48.09.629,MIC_task,,2026.1.2,60.29795630166393,2026-05-07 16h48.11.390147 +0200,
,,8,0,8,,,,,,,7,p04,bohóc,clown,6,people,entertainment,6.8,14,19,44,None,"(0.1, 0.1)",None,,,,,,,,,,,,,,0,0,0,0,0,2,2,2,8,0,8,0,54.374327700119466,,,,,,,,,,,,,,,,,,,,,,,,,,,,,,,,,,,,,,,,,,,,,,,,,,,,,,,,,,,,,,,,,,,,,,,,,,,,,,,,,,,,,,,,,,,,,,54.36111679999158,54.374327700119466,54.374327700119466,54.374327700119466,54.55948209995404,None,,,,,,,,,,,,,,,,,,,,,,,,,,,,,,,,,,,,,,,,,,,,,,P9615,MIC_Bar,7,2,2026-05-07_16h48.09.629,MIC_task,,2026.1.2,60.29795630166393,2026-05-07 16h48.11.390147 +0200,
,,9,0,9,,,,,,,7,p04,bohóc,clown,6,people,entertainment,6.8,14,19,44,None,"(0.1, 0.1)",None,,,,,,,,,,,,,,0,0,0,0,0,2,2,2,9,0,9,0,54.5748237001244,,,,,,,,,,,,,,,,,,,,,,,,,,,,,,,,,,,,,,,,,,,,,,,,,,,,,,,,,,,,,,,,,,,,,,,,,,,,,,,,,,,,,,,,,,,,,,54.56290509994142,54.5748237001244,54.5748237001244,54.5748237001244,54.75986080011353,None,,,,,,,,,,,,,,,,,,,,,,,,,,,,,,,,,,,,,,,,,,,,,,P9615,MIC_Bar,7,2,2026-05-07_16h48.09.629,MIC_task,,2026.1.2,60.29795630166393,2026-05-07 16h48.11.390147 +0200,
,,10,0,10,,,,,,,7,p04,bohóc,clown,6,people,entertainment,6.8,14,19,44,None,"(0.1, 0.1)",None,,,,,,,,,,,,,,0,0,0,0,0,2,2,2,10,0,10,0,54.77519479999319,,,,,,,,,,,,,,,,,,,,,,,,,,,,,,,,,,,,,,,,,,,,,,,,,,,,,,,,,,,,,,,,,,,,,,,,,,,,,,,,,,,,,,,,,,,,,,54.76332070003264,54.77519479999319,54.77519479999319,54.77519479999319,54.960377800045535,None,,,,,,,,,,,,,,,,,,,,,,,,,,,,,,,,,,,,,,,,,,,,,,P9615,MIC_Bar,7,2,2026-05-07_16h48.09.629,MIC_task,,2026.1.2,60.29795630166393,2026-05-07 16h48.11.390147 +0200,
,,11,0,11,,,,,,,7,p04,bohóc,clown,6,people,entertainment,6.8,14,19,44,None,"(0.1, 0.1)",None,,,,,,,,,,,,,,0,0,0,0,0,2,2,2,11,0,11,0,54.975578899960965,,,,,,,,,,,,,,,,,,,,,,,,,,,,,,,,,,,,,,,,,,,,,,,,,,,,,,,,,,,,,,,,,,,,,,,,,,,,,,,,,,,,,,,,,,,,,,54.96393149998039,54.975578899960965,54.975578899960965,54.975578899960965,55.1593625000678,None,,,,,,,,,,,,,,,,,,,,,,,,,,,,,,,,,,,,,,,,,,,,,,P9615,MIC_Bar,7,2,2026-05-07_16h48.09.629,MIC_task,,2026.1.2,60.29795630166393,2026-05-07 16h48.11.390147 +0200,
,,12,0,12,,,,,,,7,p04,bohóc,clown,6,people,entertainment,6.8,14,19,44,None,"(0.1, 0.1)",None,,,,,,,,,,,,,,0,0,0,0,0,2,2,2,12,0,12,0,55.174948800122365,,,,,,,,,,,,,,,,,,,,,,,,,,,,,,,,,,,,,,,,,,,,,,,,,,,,,,,,,,,,,,,,,,,,,,,,,,,,,,,,,,,,,,,,,,,,,,55.162913100095466,55.174948800122365,55.174948800122365,55.174948800122365,55.35882359999232,None,,,,,,,,,,,,,,,,,,,,,,,,,,,,,,,,,,,,,,,,,,,,,,P9615,MIC_Bar,7,2,2026-05-07_16h48.09.629,MIC_task,,2026.1.2,60.29795630166393,2026-05-07 16h48.11.390147 +0200,
,,13,0,13,,,,,,,7,p04,bohóc,clown,6,people,entertainment,6.8,14,19,44,None,"(0.1, 0.1)",None,,,,,,,,,,,,,,0,0,0,0,0,2,2,2,13,0,13,0,55.37541750003584,,,,,,,,,,,,,,,,,,,,,,,,,,,,,,,,,,,,,,,,,,,,,,,,,,,,,,,,,,,,,,,,,,,,,,,,,,,,,,,,,,,,,,,,,,,,,,55.36259250016883,55.37541750003584,55.37541750003584,55.37541750003584,55.55954649997875,None,,,,,,,,,,,,,,,,,,,,,,,,,,,,,,,,,,,,,,,,,,,,,,P9615,MIC_Bar,7,2,2026-05-07_16h48.09.629,MIC_task,,2026.1.2,60.29795630166393,2026-05-07 16h48.11.390147 +0200,
,,14,0,14,,,,,,,7,p04,bohóc,clown,6,people,entertainment,6.8,14,19,44,None,"(0.1, 0.1)",None,,,,,,,,,,,,,,0,0,0,0,0,2,2,2,14,0,14,0,55.57581240008585,,,,,,,,,,,,,,,,,,,,,,,,,,,,,,,,,,,,,,,,,,,,,,,,,,,,,,,,,,,,,,,,,,,,,,,,,,,,,,,,,,,,,,,,,,,,,,55.56296800007112,55.57581240008585,55.57581240008585,55.57581240008585,55.76049430016428,None,,,,,,,,,,,,,,,,,,,,,,,,,,,,,,,,,,,,,,,,,,,,,,P9615,MIC_Bar,7,2,2026-05-07_16h48.09.629,MIC_task,,2026.1.2,60.29795630166393,2026-05-07 16h48.11.390147 +0200,
,,15,0,15,,,,,,,7,p04,bohóc,clown,6,people,entertainment,6.8,14,19,44,None,"(0.1, 0.1)",None,,,,,,,,,,,,,,0,0,0,0,0,2,2,2,15,0,15,0,55.77622500015423,,,,,,,,,,,,,,,,,,,,,,,,,,,,,,,,,,,,,,,,,,,,,,,,,,,,,,,,,,,,,,,,,,,,,,,,,,,,,,,,,,,,,,,,,,,,,,55.763761700131,55.77622500015423,55.77622500015423,55.77622500015423,55.959969700081274,None,,,,,,,,,,,,,,,,,,,,,,,,,,,,,,,,,,,,,,,,,,,,,,P9615,MIC_Bar,7,2,2026-05-07_16h48.09.629,MIC_task,,2026.1.2,60.29795630166393,2026-05-07 16h48.11.390147 +0200,
,,16,0,16,,,,,,,7,p04,bohóc,clown,6,people,entertainment,6.8,14,19,44,None,"(0.1, 0.1)",None,,,,,,,,,,,,,,0,0,0,0,0,2,2,2,16,0,16,0,55.97648880002089,,,,,,,,,,,,,,,,,,,,,,,,,,,,,,,,,,,,,,,,,,,,,,,,,,,,,,,,,,,,,,,,,,,,,,,,,,,,,,,,,,,,,,,,,,,,,,55.96357100014575,55.97648880002089,55.97648880002089,55.97648880002089,56.160280199954286,None,,,,,,,,,,,,,,,,,,,,,,,,,,,,,,,,,,,,,,,,,,,,,,P9615,MIC_Bar,7,2,2026-05-07_16h48.09.629,MIC_task,,2026.1.2,60.29795630166393,2026-05-07 16h48.11.390147 +0200,
,,17,0,17,,,,,,,7,p04,bohóc,clown,6,people,entertainment,6.8,14,19,44,None,"(0.1, 0.1)",None,,,,,,,,,,,,,,0,0,0,0,0,2,2,2,17,0,17,0,56.176921600010246,,,,,,,,,,,,,,,,,,,,,,,,,,,,,,,,,,,,,,,,,,,,,,,,,,,,,,,,,,,,,,,,,,,,,,,,,,,,,,,,,,,,,,,,,,,,,,56.163679300108925,56.176921600010246,56.176921600010246,56.176921600010246,56.36073400010355,None,,,,,,,,,,,,,,,,,,,,,,,,,,,,,,,,,,,,,,,,,,,,,,P9615,MIC_Bar,7,2,2026-05-07_16h48.09.629,MIC_task,,2026.1.2,60.29795630166393,2026-05-07 16h48.11.390147 +0200,
,,18,0,18,,,,,,,7,p04,bohóc,clown,6,people,entertainment,6.8,14,19,44,None,"(0.1, 0.1)",space,0.07797159999608994,None,,,,,,,,,,,,0,0,0,0,0,2,2,2,18,0,18,0,56.37729420000687,,,,,,,,,,,,,,,,,,,,,,,,,,,,,,,,,,,,,,,,,,,,,,,,,,,,,,,,,,,,,,,,,,,,,,,,,,,,,,,,,,,,,,,,,,,,,,56.364233300089836,56.37729420000687,56.37729420000687,56.37729420000687,56.463768700137734,space,0.07797159999608994,None,,,,,,,,,,,,,,,,,,,,,,,,,,,,,,,,,,,,,,,,,,,,P9615,MIC_Bar,7,2,2026-05-07_16h48.09.629,MIC_task,,2026.1.2,60.29795630166393,2026-05-07 16h48.11.390147 +0200,
,,2,2,0,,,,space,0.6195769000332803,None,7,p04,bohóc,clown,6,people,entertainment,6.8,14,19,44,None,"(0.1, 0.1)",,,,,,,,,,,,,,,0,0,0,0,0,2,2,2,,,,,,,,,,,,,,,,,,,,,,,,,,,,,,,,,,,,,,,,,,,,,,,,,,,,,,,,,,,,,,,,,,,,,,,,,,,,,,,,56.5196661001537,56.52423270000145,56.52933776682863,58.46575310011394,,,,,,60.46739799994975,60.48385690012947,60.48385690012947,61.120204300154,,,,,,,,,,,,,,,58.49249570001848,58.497336700093,58.49894673343127,60.401592900045216,60.467334600165486,space,0.6195769000332803,None,,,,,,,,,,,,,,,,,,,,,,,,,,,,,,,,,,,,P9615,MIC_Bar,7,2,2026-05-07_16h48.09.629,MIC_task,,2026.1.2,60.29795630166393,2026-05-07 16h48.11.390147 +0200,
,,0,0,0,,,,,,,7,f18,dinnye,melon,4,food,fruit,6.4,22,25,50,None,"(0.1, 0)",None,,,,,,,,,,,,,,0,0,0,0,0,3,3,3,0,0,0,0,61.13448050012812,,,,,,,,,,,,,,,,,,,,,,,,,,,,,,,,,,,,,,,,,,,,,,,,,,,,,,,,,,,,,,,,,,,,,,,,,,,,,,,,,,,,,,,,,,,,,,61.12335510016419,61.13448050012812,61.13448050012812,61.13448050012812,61.31856620009057,None,,,,,,,,,,,61.334813700057566,61.334813700057566,61.334813700057566,,,,,,,,,,,,,,,,,,,,,,,,,,,,,,,,,P9615,MIC_Bar,7,2,2026-05-07_16h48.09.629,MIC_task,,2026.1.2,60.29795630166393,2026-05-07 16h48.11.390147 +0200,
,,0,0,0,,,,,,,7,f18,dinnye,melon,4,food,fruit,6.4,22,25,50,None,"(0.1, 0)",None,,,,,,,,,,,,,,0,0,0,0,0,3,3,3,0,0,0,0,61.334813700057566,,,,,,,,,,,,,,,,,,,,,,,,,,,,,,,,,,,,,,,,,,,,,,,,,,,,,,,,,,,,,,,,,,,,,,,,,,,,,,,,,,,,,,,,,,,,,,61.321772600058466,61.334813700057566,61.334813700057566,61.334813700057566,61.52052509994246,None,,,,,,,,,,,61.53516310011037,61.53516310011037,61.53516310011037,,,,,,,,,,,,,,,,,,,,,,,,,,,,,,,,,P9615,MIC_Bar,7,2,2026-05-07_16h48.09.629,MIC_task,,2026.1.2,60.29795630166393,2026-05-07 16h48.11.390147 +0200,
,,1,0,1,,,,,,,7,f18,dinnye,melon,4,food,fruit,6.4,22,25,50,None,"(0.1, 0)",None,,,,,,,,,,,,,,0,0,0,0,0,3,3,3,1,0,1,0,61.53516310011037,,,,,,,,,,,,,,,,,,,,,,,,,,,,,,,,,,,,,,,,,,,,,,,,,,,,,,,,,,,,,,,,,,,,,,,,,,,,,,,,,,,,,,,,,,,,,,61.52405679994263,61.53516310011037,61.53516310011037,61.53516310011037,61.72075600014068,None,,,,,,,,,,,61.7355416000355,61.7355416000355,61.7355416000355,,,,,,,,,,,,,,,,,,,,,,,,,,,,,,,,,P9615,MIC_Bar,7,2,2026-05-07_16h48.09.629,MIC_task,,2026.1.2,60.29795630166393,2026-05-07 16h48.11.390147 +0200,
,,2,0,2,,,,,,,7,f18,dinnye,melon,4,food,fruit,6.4,22,25,50,None,"(0.1, 0)",None,,,,,,,,,,,,,,0,0,0,0,0,3,3,3,2,0,2,0,61.7355416000355,,,,,,,,,,,,,,,,,,,,,,,,,,,,,,,,,,,,,,,,,,,,,,,,,,,,,,,,,,,,,,,,,,,,,,,,,,,,,,,,,,,,,,,,,,,,,,61.72374480008148,61.7355416000355,61.7355416000355,61.7355416000355,61.920609900029376,None,,,,,,,,,,,,,,,,,,,,,,,,,,,,,,,,,,,,,,,,,,,,,,P9615,MIC_Bar,7,2,2026-05-07_16h48.09.629,MIC_task,,2026.1.2,60.29795630166393,2026-05-07 16h48.11.390147 +0200,
,,3,0,3,,,,,,,7,f18,dinnye,melon,4,food,fruit,6.4,22,25,50,None,"(0.1, 0)",None,,,,,,,,,,,,,,0,0,0,0,0,3,3,3,3,0,3,0,61.93598480010405,,,,,,,,,,,,,,,,,,,,,,,,,,,,,,,,,,,,,,,,,,,,,,,,,,,,,,,,,,,,,,,,,,,,,,,,,,,,,,,,,,,,,,,,,,,,,,61.924045199994,61.93598480010405,61.93598480010405,61.93598480010405,62.120259900111705,None,,,,,,,,,,,62.13637010008097,62.13637010008097,62.13637010008097,,,,,,,,,,,,,,,,,,,,,,,,,,,,,,,,,P9615,MIC_Bar,7,2,2026-05-07_16h48.09.629,MIC_task,,2026.1.2,60.29795630166393,2026-05-07 16h48.11.390147 +0200,
,,4,0,4,,,,,,,7,f18,dinnye,melon,4,food,fruit,6.4,22,25,50,None,"(0.1, 0)",None,,,,,,,,,,,,,,0,0,0,0,0,3,3,3,4,0,4,0,62.13637010008097,,,,,,,,,,,,,,,,,,,,,,,,,,,,,,,,,,,,,,,,,,,,,,,,,,,,,,,,,,,,,,,,,,,,,,,,,,,,,,,,,,,,,,,,,,,,,,62.123479400062934,62.13637010008097,62.13637010008097,62.13637010008097,62.3205938001629,None,,,,,,,,,,,62.33676129998639,62.33676129998639,62.33676129998639,,,,,,,,,,,,,,,,,,,,,,,,,,,,,,,,,P9615,MIC_Bar,7,2,2026-05-07_16h48.09.629,MIC_task,,2026.1.2,60.29795630166393,2026-05-07 16h48.11.390147 +0200,
,,5,0,5,,,,,,,7,f18,dinnye,melon,4,food,fruit,6.4,22,25,50,None,"(0.1, 0)",None,,,,,,,,,,,,,,0,0,0,0,0,3,3,3,5,0,5,0,62.33676129998639,,,,,,,,,,,,,,,,,,,,,,,,,,,,,,,,,,,,,,,,,,,,,,,,,,,,,,,,,,,,,,,,,,,,,,,,,,,,,,,,,,,,,,,,,,,,,,62.323589000152424,62.33676129998639,62.33676129998639,62.33676129998639,62.520559600088745,None,,,,,,,,,,,,,,,,,,,,,,,,,,,,,,,,,,,,,,,,,,,,,,P9615,MIC_Bar,7,2,2026-05-07_16h48.09.629,MIC_task,,2026.1.2,60.29795630166393,2026-05-07 16h48.11.390147 +0200,
,,6,0,6,,,,,,,7,f18,dinnye,melon,4,food,fruit,6.4,22,25,50,None,"(0.1, 0)",None,,,,,,,,,,,,,,0,0,0,0,0,3,3,3,6,0,6,0,62.536160400137305,,,,,,,,,,,,,,,,,,,,,,,,,,,,,,,,,,,,,,,,,,,,,,,,,,,,,,,,,,,,,,,,,,,,,,,,,,,,,,,,,,,,,,,,,,,,,,62.52393510006368,62.536160400137305,62.536160400137305,62.536160400137305,62.722432899987325,None,,,,,,,,,,,,,,,,,,,,,,,,,,,,,,,,,,,,,,,,,,,,,,P9615,MIC_Bar,7,2,2026-05-07_16h48.09.629,MIC_task,,2026.1.2,60.29795630166393,2026-05-07 16h48.11.390147 +0200,
,,7,0,7,,,,,,,7,f18,dinnye,melon,4,food,fruit,6.4,22,25,50,None,"(0.1, 0)",None,,,,,,,,,,,,,,0,0,0,0,0,3,3,3,7,0,7,0,62.7365825001616,,,,,,,,,,,,,,,,,,,,,,,,,,,,,,,,,,,,,,,,,,,,,,,,,,,,,,,,,,,,,,,,,,,,,,,,,,,,,,,,,,,,,,,,,,,,,,62.7257046001032,62.7365825001616,62.7365825001616,62.7365825001616,62.92040690011345,None,,,,,,,,,,,,,,,,,,,,,,,,,,,,,,,,,,,,,,,,,,,,,,P9615,MIC_Bar,7,2,2026-05-07_16h48.09.629,MIC_task,,2026.1.2,60.29795630166393,2026-05-07 16h48.11.390147 +0200,
,,8,0,8,,,,,,,7,f18,dinnye,melon,4,food,fruit,6.4,22,25,50,None,"(0.1, 0)",None,,,,,,,,,,,,,,0,0,0,0,0,3,3,3,8,0,8,0,62.93694519996643,,,,,,,,,,,,,,,,,,,,,,,,,,,,,,,,,,,,,,,,,,,,,,,,,,,,,,,,,,,,,,,,,,,,,,,,,,,,,,,,,,,,,,,,,,,,,,62.9234561000485,62.93694519996643,62.93694519996643,62.93694519996643,63.12080490007065,None,,,,,,,,,,,,,,,,,,,,,,,,,,,,,,,,,,,,,,,,,,,,,,P9615,MIC_Bar,7,2,2026-05-07_16h48.09.629,MIC_task,,2026.1.2,60.29795630166393,2026-05-07 16h48.11.390147 +0200,
,,9,0,9,,,,,,,7,f18,dinnye,melon,4,food,fruit,6.4,22,25,50,None,"(0.1, 0)",None,,,,,,,,,,,,,,0,0,0,0,0,3,3,3,9,0,9,0,63.13734690006822,,,,,,,,,,,,,,,,,,,,,,,,,,,,,,,,,,,,,,,,,,,,,,,,,,,,,,,,,,,,,,,,,,,,,,,,,,,,,,,,,,,,,,,,,,,,,,63.12405110010877,63.13734690006822,63.13734690006822,63.13734690006822,63.321266700048,None,,,,,,,,,,,,,,,,,,,,,,,,,,,,,,,,,,,,,,,,,,,,,,P9615,MIC_Bar,7,2,2026-05-07_16h48.09.629,MIC_task,,2026.1.2,60.29795630166393,2026-05-07 16h48.11.390147 +0200,
,,10,0,10,,,,,,,7,f18,dinnye,melon,4,food,fruit,6.4,22,25,50,None,"(0.1, 0)",None,,,,,,,,,,,,,,0,0,0,0,0,3,3,3,10,0,10,0,63.337749500060454,,,,,,,,,,,,,,,,,,,,,,,,,,,,,,,,,,,,,,,,,,,,,,,,,,,,,,,,,,,,,,,,,,,,,,,,,,,,,,,,,,,,,,,,,,,,,,63.324370300164446,63.337749500060454,63.337749500060454,63.337749500060454,63.52156400005333,None,,,,,,,,,,,,,,,,,,,,,,,,,,,,,,,,,,,,,,,,,,,,,,P9615,MIC_Bar,7,2,2026-05-07_16h48.09.629,MIC_task,,2026.1.2,60.29795630166393,2026-05-07 16h48.11.390147 +0200,
,,11,0,11,,,,,,,7,f18,dinnye,melon,4,food,fruit,6.4,22,25,50,None,"(0.1, 0)",space,0.04475990007631481,None,,,,,,,,,,,,0,0,0,0,0,3,3,3,11,0,11,0,63.53809190005995,,,,,,,,,,,,,,,,,,,,,,,,,,,,,,,,,,,,,,,,,,,,,,,,,,,,,,,,,,,,,,,,,,,,,,,,,,,,,,,,,,,,,,,,,,,,,,63.52446580003016,63.53809190005995,63.53809190005995,63.53809190005995,63.591015400132164,space,0.04475990007631481,None,,,,,,,,,,,,,,,,,,,,,,,,,,,,,,,,,,,,,,,,,,,,P9615,MIC_Bar,7,2,2026-05-07_16h48.09.629,MIC_task,,2026.1.2,60.29795630166393,2026-05-07 16h48.11.390147 +0200,
,,3,3,0,,,,space,3.196625699987635,None,7,f18,dinnye,melon,4,food,fruit,6.4,22,25,50,None,"(0.1, 0)",,,,,,,,,,,,,,,0,0,0,0,0,3,3,3,,,,,,,,,,,,,,,,,,,,,,,,,,,,,,,,,,,,,,,,,,,,,,,,,,,,,,,,,,,,,,,,,,,,,,,,,,,,,,,,63.648591900011525,63.653800500091165,63.65667626682358,65.59277700004168,,,,,,67.59602960012853,67.61112489993684,67.61112489993684,70.81649410002865,,,,,,,,,,,,,,,65.6205353999976,65.62559940014035,65.62597243337271,67.51097719999962,67.59597639995627,space,3.196625699987635,None,,,,,,,,,,,,,,,,,,,,,,,,,,,,,,,,,,,,P9615,MIC_Bar,7,2,2026-05-07_16h48.09.629,MIC_task,,2026.1.2,60.29795630166393,2026-05-07 16h48.11.390147 +0200,
,,0,0,0,,,,,,,7,t01,fogkefe,toothbrush,8,tools,bathroom,6.8,17,None,51,None,"(0.1, 0)",None,,,,,,,,,,,,,,0,0,0,0,0,4,4,4,0,0,0,0,70.83219190011732,,,,,,,,,,,,,,,,,,,,,,,,,,,,,,,,,,,,,,,,,,,,,,,,,,,,,,,,,,,,,,,,,,,,,,,,,,,,,,,,,,,,,,,,,,,,,,70.81940930010751,70.83219190011732,70.83219190011732,70.83219190011732,71.01752019999549,None,,,,,,,,,,,,,,,,,,,,,,,,,,,,,,,,,,,,,,,,,,,,,,P9615,MIC_Bar,7,2,2026-05-07_16h48.09.629,MIC_task,,2026.1.2,60.29795630166393,2026-05-07 16h48.11.390147 +0200,
,,0,0,0,,,,,,,7,t01,fogkefe,toothbrush,8,tools,bathroom,6.8,17,None,51,None,"(0.1, 0)",None,,,,,,,,,,,,,,0,0,0,0,0,4,4,4,0,0,0,0,71.03264260012656,,,,,,,,,,,,,,,,,,,,,,,,,,,,,,,,,,,,,,,,,,,,,,,,,,,,,,,,,,,,,,,,,,,,,,,,,,,,,,,,,,,,,,,,,,,,,,71.02043589996174,71.03264260012656,71.03264260012656,71.03264260012656,71.21694670012221,None,,,,,,,,,,,71.2329933999572,71.2329933999572,71.2329933999572,,,,,,,,,,,,,,,,,,,,,,,,,,,,,,,,,P9615,MIC_Bar,7,2,2026-05-07_16h48.09.629,MIC_task,,2026.1.2,60.29795630166393,2026-05-07 16h48.11.390147 +0200,
,,1,0,1,,,,,,,7,t01,fogkefe,toothbrush,8,tools,bathroom,6.8,17,None,51,None,"(0.1, 0)",None,,,,,,,,,,,,,,0,0,0,0,0,4,4,4,1,0,1,0,71.2329933999572,,,,,,,,,,,,,,,,,,,,,,,,,,,,,,,,,,,,,,,,,,,,,,,,,,,,,,,,,,,,,,,,,,,,,,,,,,,,,,,,,,,,,,,,,,,,,,71.21995600010268,71.2329933999572,71.2329933999572,71.2329933999572,71.41832630010322,None,,,,,,,,,,,,,,,,,,,,,,,,,,,,,,,,,,,,,,,,,,,,,,P9615,MIC_Bar,7,2,2026-05-07_16h48.09.629,MIC_task,,2026.1.2,60.29795630166393,2026-05-07 16h48.11.390147 +0200,
,,2,0,2,,,,,,,7,t01,fogkefe,toothbrush,8,tools,bathroom,6.8,17,None,51,None,"(0.1, 0)",None,,,,,,,,,,,,,,0,0,0,0,0,4,4,4,2,0,2,0,71.43340700003318,,,,,,,,,,,,,,,,,,,,,,,,,,,,,,,,,,,,,,,,,,,,,,,,,,,,,,,,,,,,,,,,,,,,,,,,,,,,,,,,,,,,,,,,,,,,,,71.42112800013274,71.43340700003318,71.43340700003318,71.43340700003318,71.61716719996184,None,,,,,,,,,,,,,,,,,,,,,,,,,,,,,,,,,,,,,,,,,,,,,,P9615,MIC_Bar,7,2,2026-05-07_16h48.09.629,MIC_task,,2026.1.2,60.29795630166393,2026-05-07 16h48.11.390147 +0200,
,,3,0,3,,,,,,,7,t01,fogkefe,toothbrush,8,tools,bathroom,6.8,17,None,51,None,"(0.1, 0)",None,,,,,,,,,,,,,,0,0,0,0,0,4,4,4,3,0,3,0,71.63388330000453,,,,,,,,,,,,,,,,,,,,,,,,,,,,,,,,,,,,,,,,,,,,,,,,,,,,,,,,,,,,,,,,,,,,,,,,,,,,,,,,,,,,,,,,,,,,,,71.62013950012624,71.63388330000453,71.63388330000453,71.63388330000453,71.81893209996633,None,,,,,,,,,,,,,,,,,,,,,,,,,,,,,,,,,,,,,,,,,,,,,,P9615,MIC_Bar,7,2,2026-05-07_16h48.09.629,MIC_task,,2026.1.2,60.29795630166393,2026-05-07 16h48.11.390147 +0200,
,,4,0,4,,,,,,,7,t01,fogkefe,toothbrush,8,tools,bathroom,6.8,17,None,51,None,"(0.1, 0)",None,,,,,,,,,,,,,,0,0,0,0,0,4,4,4,4,0,4,0,71.83419780014083,,,,,,,,,,,,,,,,,,,,,,,,,,,,,,,,,,,,,,,,,,,,,,,,,,,,,,,,,,,,,,,,,,,,,,,,,,,,,,,,,,,,,,,,,,,,,,71.82150360010564,71.83419780014083,71.83419780014083,71.83419780014083,72.01934560015798,None,,,,,,,,,,,,,,,,,,,,,,,,,,,,,,,,,,,,,,,,,,,,,,P9615,MIC_Bar,7,2,2026-05-07_16h48.09.629,MIC_task,,2026.1.2,60.29795630166393,2026-05-07 16h48.11.390147 +0200,
,,5,0,5,,,,,,,7,t01,fogkefe,toothbrush,8,tools,bathroom,6.8,17,None,51,None,"(0.1, 0)",None,,,,,,,,,,,,,,0,0,0,0,0,4,4,4,5,0,5,0,72.03456289996393,,,,,,,,,,,,,,,,,,,,,,,,,,,,,,,,,,,,,,,,,,,,,,,,,,,,,,,,,,,,,,,,,,,,,,,,,,,,,,,,,,,,,,,,,,,,,,72.0221400000155,72.03456289996393,72.03456289996393,72.03456289996393,72.2182988000568,None,,,,,,,,,,,,,,,,,,,,,,,,,,,,,,,,,,,,,,,,,,,,,,P9615,MIC_Bar,7,2,2026-05-07_16h48.09.629,MIC_task,,2026.1.2,60.29795630166393,2026-05-07 16h48.11.390147 +0200,
,,6,0,6,,,,,,,7,t01,fogkefe,toothbrush,8,tools,bathroom,6.8,17,None,51,None,"(0.1, 0)",None,,,,,,,,,,,,,,0,0,0,0,0,4,4,4,6,0,6,0,72.23488170001656,,,,,,,,,,,,,,,,,,,,,,,,,,,,,,,,,,,,,,,,,,,,,,,,,,,,,,,,,,,,,,,,,,,,,,,,,,,,,,,,,,,,,,,,,,,,,,72.22130850004032,72.23488170001656,72.23488170001656,72.23488170001656,72.42012930009514,None,,,,,,,,,,,,,,,,,,,,,,,,,,,,,,,,,,,,,,,,,,,,,,P9615,MIC_Bar,7,2,2026-05-07_16h48.09.629,MIC_task,,2026.1.2,60.29795630166393,2026-05-07 16h48.11.390147 +0200,
,,7,0,7,,,,,,,7,t01,fogkefe,toothbrush,8,tools,bathroom,6.8,17,None,51,None,"(0.1, 0)",None,,,,,,,,,,,,,,0,0,0,0,0,4,4,4,7,0,7,0,72.43538350006565,,,,,,,,,,,,,,,,,,,,,,,,,,,,,,,,,,,,,,,,,,,,,,,,,,,,,,,,,,,,,,,,,,,,,,,,,,,,,,,,,,,,,,,,,,,,,,72.42285350011662,72.43538350006565,72.43538350006565,72.43538350006565,72.62060720007867,None,,,,,,,,,,,,,,,,,,,,,,,,,,,,,,,,,,,,,,,,,,,,,,P9615,MIC_Bar,7,2,2026-05-07_16h48.09.629,MIC_task,,2026.1.2,60.29795630166393,2026-05-07 16h48.11.390147 +0200,
,,8,0,8,,,,,,,7,t01,fogkefe,toothbrush,8,tools,bathroom,6.8,17,None,51,None,"(0.1, 0)",None,,,,,,,,,,,,,,0,0,0,0,0,4,4,4,8,0,8,0,72.63574890000746,,,,,,,,,,,,,,,,,,,,,,,,,,,,,,,,,,,,,,,,,,,,,,,,,,,,,,,,,,,,,,,,,,,,,,,,,,,,,,,,,,,,,,,,,,,,,,72.62361650005914,72.63574890000746,72.63574890000746,72.63574890000746,72.81957500008866,None,,,,,,,,,,,,,,,,,,,,,,,,,,,,,,,,,,,,,,,,,,,,,,P9615,MIC_Bar,7,2,2026-05-07_16h48.09.629,MIC_task,,2026.1.2,60.29795630166393,2026-05-07 16h48.11.390147 +0200,
,,9,0,9,,,,,,,7,t01,fogkefe,toothbrush,8,tools,bathroom,6.8,17,None,51,None,"(0.1, 0)",None,,,,,,,,,,,,,,0,0,0,0,0,4,4,4,9,0,9,0,72.8352105000522,,,,,,,,,,,,,,,,,,,,,,,,,,,,,,,,,,,,,,,,,,,,,,,,,,,,,,,,,,,,,,,,,,,,,,,,,,,,,,,,,,,,,,,,,,,,,,72.82237780001014,72.8352105000522,72.8352105000522,72.8352105000522,73.01906080008484,None,,,,,,,,,,,,,,,,,,,,,,,,,,,,,,,,,,,,,,,,,,,,,,P9615,MIC_Bar,7,2,2026-05-07_16h48.09.629,MIC_task,,2026.1.2,60.29795630166393,2026-05-07 16h48.11.390147 +0200,
,,10,0,10,,,,,,,7,t01,fogkefe,toothbrush,8,tools,bathroom,6.8,17,None,51,None,"(0.1, 0)",None,,,,,,,,,,,,,,0,0,0,0,0,4,4,4,10,0,10,0,73.0356207001023,,,,,,,,,,,,,,,,,,,,,,,,,,,,,,,,,,,,,,,,,,,,,,,,,,,,,,,,,,,,,,,,,,,,,,,,,,,,,,,,,,,,,,,,,,,,,,73.02191610005684,73.0356207001023,73.0356207001023,73.0356207001023,73.22078870004043,None,,,,,,,,,,,,,,,,,,,,,,,,,,,,,,,,,,,,,,,,,,,,,,P9615,MIC_Bar,7,2,2026-05-07_16h48.09.629,MIC_task,,2026.1.2,60.29795630166393,2026-05-07 16h48.11.390147 +0200,
,,11,0,11,,,,,,,7,t01,fogkefe,toothbrush,8,tools,bathroom,6.8,17,None,51,None,"(0.1, 0)",None,,,,,,,,,,,,,,0,0,0,0,0,4,4,4,11,0,11,0,73.23595950007439,,,,,,,,,,,,,,,,,,,,,,,,,,,,,,,,,,,,,,,,,,,,,,,,,,,,,,,,,,,,,,,,,,,,,,,,,,,,,,,,,,,,,,,,,,,,,,73.22376350010745,73.23595950007439,73.23595950007439,73.23595950007439,73.41968540009111,None,,,,,,,,,,,,,,,,,,,,,,,,,,,,,,,,,,,,,,,,,,,,,,P9615,MIC_Bar,7,2,2026-05-07_16h48.09.629,MIC_task,,2026.1.2,60.29795630166393,2026-05-07 16h48.11.390147 +0200,
,,12,0,12,,,,,,,7,t01,fogkefe,toothbrush,8,tools,bathroom,6.8,17,None,51,None,"(0.1, 0)",None,,,,,,,,,,,,,,0,0,0,0,0,4,4,4,12,0,12,0,73.43635390000418,,,,,,,,,,,,,,,,,,,,,,,,,,,,,,,,,,,,,,,,,,,,,,,,,,,,,,,,,,,,,,,,,,,,,,,,,,,,,,,,,,,,,,,,,,,,,,73.42230840004049,73.43635390000418,73.43635390000418,73.43635390000418,73.62009000009857,None,,,,,,,,,,,,,,,,,,,,,,,,,,,,,,,,,,,,,,,,,,,,,,P9615,MIC_Bar,7,2,2026-05-07_16h48.09.629,MIC_task,,2026.1.2,60.29795630166393,2026-05-07 16h48.11.390147 +0200,
,,13,0,13,,,,,,,7,t01,fogkefe,toothbrush,8,tools,bathroom,6.8,17,None,51,None,"(0.1, 0)",None,,,,,,,,,,,,,,0,0,0,0,0,4,4,4,13,0,13,0,73.63683970016427,,,,,,,,,,,,,,,,,,,,,,,,,,,,,,,,,,,,,,,,,,,,,,,,,,,,,,,,,,,,,,,,,,,,,,,,,,,,,,,,,,,,,,,,,,,,,,73.62311860010959,73.63683970016427,73.63683970016427,73.63683970016427,73.82158949994482,None,,,,,,,,,,,,,,,,,,,,,,,,,,,,,,,,,,,,,,,,,,,,,,P9615,MIC_Bar,7,2,2026-05-07_16h48.09.629,MIC_task,,2026.1.2,60.29795630166393,2026-05-07 16h48.11.390147 +0200,
,,14,0,14,,,,,,,7,t01,fogkefe,toothbrush,8,tools,bathroom,6.8,17,None,51,None,"(0.1, 0)",None,,,,,,,,,,,,,,0,0,0,0,0,4,4,4,14,0,14,0,73.83710140013136,,,,,,,,,,,,,,,,,,,,,,,,,,,,,,,,,,,,,,,,,,,,,,,,,,,,,,,,,,,,,,,,,,,,,,,,,,,,,,,,,,,,,,,,,,,,,,73.82463619997725,73.83710140013136,73.83710140013136,73.83710140013136,74.02101680007763,None,,,,,,,,,,,,,,,,,,,,,,,,,,,,,,,,,,,,,,,,,,,,,,P9615,MIC_Bar,7,2,2026-05-07_16h48.09.629,MIC_task,,2026.1.2,60.29795630166393,2026-05-07 16h48.11.390147 +0200,
,,15,0,15,,,,,,,7,t01,fogkefe,toothbrush,8,tools,bathroom,6.8,17,None,51,None,"(0.1, 0)",None,,,,,,,,,,,,,,0,0,0,0,0,4,4,4,15,0,15,0,74.03746889997274,,,,,,,,,,,,,,,,,,,,,,,,,,,,,,,,,,,,,,,,,,,,,,,,,,,,,,,,,,,,,,,,,,,,,,,,,,,,,,,,,,,,,,,,,,,,,,74.0238983000163,74.03746889997274,74.03746889997274,74.03746889997274,74.22276560007595,None,,,,,,,,,,,,,,,,,,,,,,,,,,,,,,,,,,,,,,,,,,,,,,P9615,MIC_Bar,7,2,2026-05-07_16h48.09.629,MIC_task,,2026.1.2,60.29795630166393,2026-05-07 16h48.11.390147 +0200,
,,16,0,16,,,,,,,7,t01,fogkefe,toothbrush,8,tools,bathroom,6.8,17,None,51,None,"(0.1, 0)",None,,,,,,,,,,,,,,0,0,0,0,0,4,4,4,16,0,16,0,74.23788639996201,,,,,,,,,,,,,,,,,,,,,,,,,,,,,,,,,,,,,,,,,,,,,,,,,,,,,,,,,,,,,,,,,,,,,,,,,,,,,,,,,,,,,,,,,,,,,,74.22561540012248,74.23788639996201,74.23788639996201,74.23788639996201,74.42174240015447,None,,,,,,,,,,,,,,,,,,,,,,,,,,,,,,,,,,,,,,,,,,,,,,P9615,MIC_Bar,7,2,2026-05-07_16h48.09.629,MIC_task,,2026.1.2,60.29795630166393,2026-05-07 16h48.11.390147 +0200,
,,17,0,17,,,,,,,7,t01,fogkefe,toothbrush,8,tools,bathroom,6.8,17,None,51,None,"(0.1, 0)",None,,,,,,,,,,,,,,0,0,0,0,0,4,4,4,17,0,17,0,74.43823520001024,,,,,,,,,,,,,,,,,,,,,,,,,,,,,,,,,,,,,,,,,,,,,,,,,,,,,,,,,,,,,,,,,,,,,,,,,,,,,,,,,,,,,,,,,,,,,,74.42457909998484,74.43823520001024,74.43823520001024,74.43823520001024,74.62366260006092,None,,,,,,,,,,,,,,,,,,,,,,,,,,,,,,,,,,,,,,,,,,,,,,P9615,MIC_Bar,7,2,2026-05-07_16h48.09.629,MIC_task,,2026.1.2,60.29795630166393,2026-05-07 16h48.11.390147 +0200,
,,18,0,18,,,,,,,7,t01,fogkefe,toothbrush,8,tools,bathroom,6.8,17,None,51,None,"(0.1, 0)",None,,,,,,,,,,,,,,0,0,0,0,0,4,4,4,18,0,18,0,74.6387032000348,,,,,,,,,,,,,,,,,,,,,,,,,,,,,,,,,,,,,,,,,,,,,,,,,,,,,,,,,,,,,,,,,,,,,,,,,,,,,,,,,,,,,,,,,,,,,,74.62642240012065,74.6387032000348,74.6387032000348,74.6387032000348,74.82242820016108,None,,,,,,,,,,,,,,,,,,,,,,,,,,,,,,,,,,,,,,,,,,,,,,P9615,MIC_Bar,7,2,2026-05-07_16h48.09.629,MIC_task,,2026.1.2,60.29795630166393,2026-05-07 16h48.11.390147 +0200,
,,19,0,19,,,,,,,7,t01,fogkefe,toothbrush,8,tools,bathroom,6.8,17,None,51,None,"(0.1, 0)",None,,,,,,,,,,,,,,0,0,0,0,0,4,4,4,19,0,19,0,74.83816120005213,,,,,,,,,,,,,,,,,,,,,,,,,,,,,,,,,,,,,,,,,,,,,,,,,,,,,,,,,,,,,,,,,,,,,,,,,,,,,,,,,,,,,,,,,,,,,,74.82503070007078,74.83816120005213,74.83816120005213,74.83816120005213,75.02288209996186,None,,,,,,,,,,,,,,,,,,,,,,,,,,,,,,,,,,,,,,,,,,,,,,P9615,MIC_Bar,7,2,2026-05-07_16h48.09.629,MIC_task,,2026.1.2,60.29795630166393,2026-05-07 16h48.11.390147 +0200,
,,20,0,20,,,,,,,7,t01,fogkefe,toothbrush,8,tools,bathroom,6.8,17,None,51,None,"(0.1, 0)",None,,,,,,,,,,,,,,0,0,0,0,0,4,4,4,20,0,20,0,75.0385342000518,,,,,,,,,,,,,,,,,,,,,,,,,,,,,,,,,,,,,,,,,,,,,,,,,,,,,,,,,,,,,,,,,,,,,,,,,,,,,,,,,,,,,,,,,,,,,,75.02589770010673,75.0385342000518,75.0385342000518,75.0385342000518,75.22474350011908,None,,,,,,,,,,,,,,,,,,,,,,,,,,,,,,,,,,,,,,,,,,,,,,P9615,MIC_Bar,7,2,2026-05-07_16h48.09.629,MIC_task,,2026.1.2,60.29795630166393,2026-05-07 16h48.11.390147 +0200,
,,21,0,21,,,,,,,7,t01,fogkefe,toothbrush,8,tools,bathroom,6.8,17,None,51,None,"(0.1, 0)",None,,,,,,,,,,,,,,0,0,0,0,0,4,4,4,21,0,21,0,75.23895439994521,,,,,,,,,,,,,,,,,,,,,,,,,,,,,,,,,,,,,,,,,,,,,,,,,,,,,,,,,,,,,,,,,,,,,,,,,,,,,,,,,,,,,,,,,,,,,,75.2273576001171,75.23895439994521,75.23895439994521,75.23895439994521,75.42266110004857,None,,,,,,,,,,,,,,,,,,,,,,,,,,,,,,,,,,,,,,,,,,,,,,P9615,MIC_Bar,7,2,2026-05-07_16h48.09.629,MIC_task,,2026.1.2,60.29795630166393,2026-05-07 16h48.11.390147 +0200,
,,22,0,22,,,,,,,7,t01,fogkefe,toothbrush,8,tools,bathroom,6.8,17,None,51,None,"(0.1, 0)",None,,,,,,,,,,,,,,0,0,0,0,0,4,4,4,22,0,22,0,75.43929690006189,,,,,,,,,,,,,,,,,,,,,,,,,,,,,,,,,,,,,,,,,,,,,,,,,,,,,,,,,,,,,,,,,,,,,,,,,,,,,,,,,,,,,,,,,,,,,,75.42530030012131,75.43929690006189,75.43929690006189,75.43929690006189,75.62307139998302,None,,,,,,,,,,,,,,,,,,,,,,,,,,,,,,,,,,,,,,,,,,,,,,P9615,MIC_Bar,7,2,2026-05-07_16h48.09.629,MIC_task,,2026.1.2,60.29795630166393,2026-05-07 16h48.11.390147 +0200,
,,23,0,23,,,,,,,7,t01,fogkefe,toothbrush,8,tools,bathroom,6.8,17,None,51,None,"(0.1, 0)",None,,,,,,,,,,,,,,0,0,0,0,0,4,4,4,23,0,23,0,75.63968540006317,,,,,,,,,,,,,,,,,,,,,,,,,,,,,,,,,,,,,,,,,,,,,,,,,,,,,,,,,,,,,,,,,,,,,,,,,,,,,,,,,,,,,,,,,,,,,,75.6258919001557,75.63968540006317,75.63968540006317,75.63968540006317,75.82343109999783,None,,,,,,,,,,,,,,,,,,,,,,,,,,,,,,,,,,,,,,,,,,,,,,P9615,MIC_Bar,7,2,2026-05-07_16h48.09.629,MIC_task,,2026.1.2,60.29795630166393,2026-05-07 16h48.11.390147 +0200,
,,24,0,24,,,,,,,7,t01,fogkefe,toothbrush,8,tools,bathroom,6.8,17,None,51,None,"(0.1, 0)",None,,,,,,,,,,,,,,0,0,0,0,0,4,4,4,24,0,24,0,75.84003340010531,,,,,,,,,,,,,,,,,,,,,,,,,,,,,,,,,,,,,,,,,,,,,,,,,,,,,,,,,,,,,,,,,,,,,,,,,,,,,,,,,,,,,,,,,,,,,,75.82599990000017,75.84003340010531,75.84003340010531,75.84003340010531,76.02512679994106,None,,,,,,,,,,,,,,,,,,,,,,,,,,,,,,,,,,,,,,,,,,,,,,P9615,MIC_Bar,7,2,2026-05-07_16h48.09.629,MIC_task,,2026.1.2,60.29795630166393,2026-05-07 16h48.11.390147 +0200,
,,25,0,25,,,,,,,7,t01,fogkefe,toothbrush,8,tools,bathroom,6.8,17,None,51,None,"(0.1, 0)",space,0.07070840010419488,None,,,,,,,,,,,,0,0,0,0,0,4,4,4,25,0,25,0,76.04043569997884,,,,,,,,,,,,,,,,,,,,,,,,,,,,,,,,,,,,,,,,,,,,,,,,,,,,,,,,,,,,,,,,,,,,,,,,,,,,,,,,,,,,,,,,,,,,,,76.02792580006644,76.04043569997884,76.04043569997884,76.04043569997884,76.12535770004615,space,0.07070840010419488,None,,,,,,,,,,,,,,,,,,,,,,,,,,,,,,,,,,,,,,,,,,,,P9615,MIC_Bar,7,2,2026-05-07_16h48.09.629,MIC_task,,2026.1.2,60.29795630166393,2026-05-07 16h48.11.390147 +0200,
,,4,4,0,,,,space,0.5807233001105487,None,7,t01,fogkefe,toothbrush,8,tools,bathroom,6.8,17,None,51,None,"(0.1, 0)",,,,,,,,,,,,,,,0,0,0,0,0,4,4,4,,,,,,,,,,,,,,,,,,,,,,,,,,,,,,,,,,,,,,,,,,,,,,,,,,,,,,,,,,,,,,,,,,,,,,,,,,,,,,,,76.18155240011401,76.18614240013994,76.19101066679383,78.12752240011469,,,,,,80.13175170007162,80.14704379998147,80.14704379998147,80.73154200008139,,,,,,,,,,,,,,,78.15167280007154,78.15670339995995,78.16067883338158,80.0463211000897,80.13169450010173,space,0.5807233001105487,None,,,,,,,,,,,,,,,,,,,,,,,,,,,,,,,,,,,,P9615,MIC_Bar,7,2,2026-05-07_16h48.09.629,MIC_task,,2026.1.2,60.29795630166393,2026-05-07 16h48.11.390147 +0200,
,,0,0,0,,,,,,,7,a21,elefánt,elephant,1,animal,mammal,6.4,14,21,57,None,"(-0.1, 0.1)",None,,,,,,,,,,,,,,0,0,0,0,0,5,5,5,0,0,0,0,80.74730110005476,,,,,,,,,,,,,,,,,,,,,,,,,,,,,,,,,,,,,,,,,,,,,,,,,,,,,,,,,,,,,,,,,,,,,,,,,,,,,,,,,,,,,,,,,,,,,,80.73524970002472,80.74730110005476,80.74730110005476,80.74730110005476,80.93150780000724,None,,,,,,,,,,,80.94767190003768,80.94767190003768,80.94767190003768,,,,,,,,,,,,,,,,,,,,,,,,,,,,,,,,,P9615,MIC_Bar,7,2,2026-05-07_16h48.09.629,MIC_task,,2026.1.2,60.29795630166393,2026-05-07 16h48.11.390147 +0200,
,,0,0,0,,,,,,,7,a21,elefánt,elephant,1,animal,mammal,6.4,14,21,57,None,"(-0.1, 0.1)",None,,,,,,,,,,,,,,0,0,0,0,0,5,5,5,0,0,0,0,80.94767190003768,,,,,,,,,,,,,,,,,,,,,,,,,,,,,,,,,,,,,,,,,,,,,,,,,,,,,,,,,,,,,,,,,,,,,,,,,,,,,,,,,,,,,,,,,,,,,,80.93455010000616,80.94767190003768,80.94767190003768,80.94767190003768,81.13184819999151,None,,,,,,,,,,,81.14804260013625,81.14804260013625,81.14804260013625,,,,,,,,,,,,,,,,,,,,,,,,,,,,,,,,,P9615,MIC_Bar,7,2,2026-05-07_16h48.09.629,MIC_task,,2026.1.2,60.29795630166393,2026-05-07 16h48.11.390147 +0200,
,,1,0,1,,,,,,,7,a21,elefánt,elephant,1,animal,mammal,6.4,14,21,57,None,"(-0.1, 0.1)",None,,,,,,,,,,,,,,0,0,0,0,0,5,5,5,1,0,1,0,81.14804260013625,,,,,,,,,,,,,,,,,,,,,,,,,,,,,,,,,,,,,,,,,,,,,,,,,,,,,,,,,,,,,,,,,,,,,,,,,,,,,,,,,,,,,,,,,,,,,,81.13497880008072,81.14804260013625,81.14804260013625,81.14804260013625,81.33187879994512,None,,,,,,,,,,,,,,,,,,,,,,,,,,,,,,,,,,,,,,,,,,,,,,P9615,MIC_Bar,7,2,2026-05-07_16h48.09.629,MIC_task,,2026.1.2,60.29795630166393,2026-05-07 16h48.11.390147 +0200,
,,2,0,2,,,,,,,7,a21,elefánt,elephant,1,animal,mammal,6.4,14,21,57,None,"(-0.1, 0.1)",None,,,,,,,,,,,,,,0,0,0,0,0,5,5,5,2,0,2,0,81.34840460005216,,,,,,,,,,,,,,,,,,,,,,,,,,,,,,,,,,,,,,,,,,,,,,,,,,,,,,,,,,,,,,,,,,,,,,,,,,,,,,,,,,,,,,,,,,,,,,81.33529630000703,81.34840460005216,81.34840460005216,81.34840460005216,81.53361289994791,None,,,,,,,,,,,,,,,,,,,,,,,,,,,,,,,,,,,,,,,,,,,,,,P9615,MIC_Bar,7,2,2026-05-07_16h48.09.629,MIC_task,,2026.1.2,60.29795630166393,2026-05-07 16h48.11.390147 +0200,
,,3,0,3,,,,,,,7,a21,elefánt,elephant,1,animal,mammal,6.4,14,21,57,None,"(-0.1, 0.1)",None,,,,,,,,,,,,,,0,0,0,0,0,5,5,5,3,0,3,0,81.54876240016893,,,,,,,,,,,,,,,,,,,,,,,,,,,,,,,,,,,,,,,,,,,,,,,,,,,,,,,,,,,,,,,,,,,,,,,,,,,,,,,,,,,,,,,,,,,,,,81.53650759998709,81.54876240016893,81.54876240016893,81.54876240016893,81.73248949996196,None,,,,,,,,,,,,,,,,,,,,,,,,,,,,,,,,,,,,,,,,,,,,,,P9615,MIC_Bar,7,2,2026-05-07_16h48.09.629,MIC_task,,2026.1.2,60.29795630166393,2026-05-07 16h48.11.390147 +0200,
,,4,0,4,,,,,,,7,a21,elefánt,elephant,1,animal,mammal,6.4,14,21,57,None,"(-0.1, 0.1)",None,,,,,,,,,,,,,,0,0,0,0,0,5,5,5,4,0,4,0,81.749160700012,,,,,,,,,,,,,,,,,,,,,,,,,,,,,,,,,,,,,,,,,,,,,,,,,,,,,,,,,,,,,,,,,,,,,,,,,,,,,,,,,,,,,,,,,,,,,,81.7355746999383,81.749160700012,81.749160700012,81.749160700012,81.93428110005334,None,,,,,,,,,,,,,,,,,,,,,,,,,,,,,,,,,,,,,,,,,,,,,,P9615,MIC_Bar,7,2,2026-05-07_16h48.09.629,MIC_task,,2026.1.2,60.29795630166393,2026-05-07 16h48.11.390147 +0200,
,,5,0,5,,,,,,,7,a21,elefánt,elephant,1,animal,mammal,6.4,14,21,57,None,"(-0.1, 0.1)",None,,,,,,,,,,,,,,0,0,0,0,0,5,5,5,5,0,5,0,81.94952290016226,,,,,,,,,,,,,,,,,,,,,,,,,,,,,,,,,,,,,,,,,,,,,,,,,,,,,,,,,,,,,,,,,,,,,,,,,,,,,,,,,,,,,,,,,,,,,,81.93743679998443,81.94952290016226,81.94952290016226,81.94952290016226,82.13337739999406,None,,,,,,,,,,,,,,,,,,,,,,,,,,,,,,,,,,,,,,,,,,,,,,P9615,MIC_Bar,7,2,2026-05-07_16h48.09.629,MIC_task,,2026.1.2,60.29795630166393,2026-05-07 16h48.11.390147 +0200,
,,6,0,6,,,,,,,7,a21,elefánt,elephant,1,animal,mammal,6.4,14,21,57,None,"(-0.1, 0.1)",None,,,,,,,,,,,,,,0,0,0,0,0,5,5,5,6,0,6,0,82.1499570000451,,,,,,,,,,,,,,,,,,,,,,,,,,,,,,,,,,,,,,,,,,,,,,,,,,,,,,,,,,,,,,,,,,,,,,,,,,,,,,,,,,,,,,,,,,,,,,82.1364885000512,82.1499570000451,82.1499570000451,82.1499570000451,82.33510050014593,None,,,,,,,,,,,,,,,,,,,,,,,,,,,,,,,,,,,,,,,,,,,,,,P9615,MIC_Bar,7,2,2026-05-07_16h48.09.629,MIC_task,,2026.1.2,60.29795630166393,2026-05-07 16h48.11.390147 +0200,
,,7,0,7,,,,,,,7,a21,elefánt,elephant,1,animal,mammal,6.4,14,21,57,None,"(-0.1, 0.1)",None,,,,,,,,,,,,,,0,0,0,0,0,5,5,5,7,0,7,0,82.34942720015533,,,,,,,,,,,,,,,,,,,,,,,,,,,,,,,,,,,,,,,,,,,,,,,,,,,,,,,,,,,,,,,,,,,,,,,,,,,,,,,,,,,,,,,,,,,,,,82.33811080013402,82.34942720015533,82.34942720015533,82.34942720015533,82.53406920004636,None,,,,,,,,,,,,,,,,,,,,,,,,,,,,,,,,,,,,,,,,,,,,,,P9615,MIC_Bar,7,2,2026-05-07_16h48.09.629,MIC_task,,2026.1.2,60.29795630166393,2026-05-07 16h48.11.390147 +0200,
,,8,0,8,,,,,,,7,a21,elefánt,elephant,1,animal,mammal,6.4,14,21,57,None,"(-0.1, 0.1)",None,,,,,,,,,,,,,,0,0,0,0,0,5,5,5,8,0,8,0,82.55077810003422,,,,,,,,,,,,,,,,,,,,,,,,,,,,,,,,,,,,,,,,,,,,,,,,,,,,,,,,,,,,,,,,,,,,,,,,,,,,,,,,,,,,,,,,,,,,,,82.53720739996061,82.55077810003422,82.55077810003422,82.55077810003422,82.73454200010747,None,,,,,,,,,,,,,,,,,,,,,,,,,,,,,,,,,,,,,,,,,,,,,,P9615,MIC_Bar,7,2,2026-05-07_16h48.09.629,MIC_task,,2026.1.2,60.29795630166393,2026-05-07 16h48.11.390147 +0200,
,,9,0,9,,,,,,,7,a21,elefánt,elephant,1,animal,mammal,6.4,14,21,57,None,"(-0.1, 0.1)",None,,,,,,,,,,,,,,0,0,0,0,0,5,5,5,9,0,9,0,82.75122970016673,,,,,,,,,,,,,,,,,,,,,,,,,,,,,,,,,,,,,,,,,,,,,,,,,,,,,,,,,,,,,,,,,,,,,,,,,,,,,,,,,,,,,,,,,,,,,,82.73759680008516,82.75122970016673,82.75122970016673,82.75122970016673,82.93493079999462,None,,,,,,,,,,,,,,,,,,,,,,,,,,,,,,,,,,,,,,,,,,,,,,P9615,MIC_Bar,7,2,2026-05-07_16h48.09.629,MIC_task,,2026.1.2,60.29795630166393,2026-05-07 16h48.11.390147 +0200,
,,10,0,10,,,,,,,7,a21,elefánt,elephant,1,animal,mammal,6.4,14,21,57,None,"(-0.1, 0.1)",None,,,,,,,,,,,,,,0,0,0,0,0,5,5,5,10,0,10,0,82.95058310008608,,,,,,,,,,,,,,,,,,,,,,,,,,,,,,,,,,,,,,,,,,,,,,,,,,,,,,,,,,,,,,,,,,,,,,,,,,,,,,,,,,,,,,,,,,,,,,82.93817019998096,82.95058310008608,82.95058310008608,82.95058310008608,83.13430220005102,None,,,,,,,,,,,,,,,,,,,,,,,,,,,,,,,,,,,,,,,,,,,,,,P9615,MIC_Bar,7,2,2026-05-07_16h48.09.629,MIC_task,,2026.1.2,60.29795630166393,2026-05-07 16h48.11.390147 +0200,
,,11,0,11,,,,,,,7,a21,elefánt,elephant,1,animal,mammal,6.4,14,21,57,None,"(-0.1, 0.1)",None,,,,,,,,,,,,,,0,0,0,0,0,5,5,5,11,0,11,0,83.15104359993711,,,,,,,,,,,,,,,,,,,,,,,,,,,,,,,,,,,,,,,,,,,,,,,,,,,,,,,,,,,,,,,,,,,,,,,,,,,,,,,,,,,,,,,,,,,,,,83.13738510012627,83.15104359993711,83.15104359993711,83.15104359993711,83.33476570015773,None,,,,,,,,,,,,,,,,,,,,,,,,,,,,,,,,,,,,,,,,,,,,,,P9615,MIC_Bar,7,2,2026-05-07_16h48.09.629,MIC_task,,2026.1.2,60.29795630166393,2026-05-07 16h48.11.390147 +0200,
,,12,0,12,,,,,,,7,a21,elefánt,elephant,1,animal,mammal,6.4,14,21,57,None,"(-0.1, 0.1)",None,,,,,,,,,,,,,,0,0,0,0,0,5,5,5,12,0,12,0,83.35143620008603,,,,,,,,,,,,,,,,,,,,,,,,,,,,,,,,,,,,,,,,,,,,,,,,,,,,,,,,,,,,,,,,,,,,,,,,,,,,,,,,,,,,,,,,,,,,,,83.33799240016378,83.35143620008603,83.35143620008603,83.35143620008603,83.53520269994624,None,,,,,,,,,,,,,,,,,,,,,,,,,,,,,,,,,,,,,,,,,,,,,,P9615,MIC_Bar,7,2,2026-05-07_16h48.09.629,MIC_task,,2026.1.2,60.29795630166393,2026-05-07 16h48.11.390147 +0200,
,,13,0,13,,,,,,,7,a21,elefánt,elephant,1,animal,mammal,6.4,14,21,57,None,"(-0.1, 0.1)",None,,,,,,,,,,,,,,0,0,0,0,0,5,5,5,13,0,13,0,83.55175129999407,,,,,,,,,,,,,,,,,,,,,,,,,,,,,,,,,,,,,,,,,,,,,,,,,,,,,,,,,,,,,,,,,,,,,,,,,,,,,,,,,,,,,,,,,,,,,,83.53837359999306,83.55175129999407,83.55175129999407,83.55175129999407,83.73652329994366,None,,,,,,,,,,,,,,,,,,,,,,,,,,,,,,,,,,,,,,,,,,,,,,P9615,MIC_Bar,7,2,2026-05-07_16h48.09.629,MIC_task,,2026.1.2,60.29795630166393,2026-05-07 16h48.11.390147 +0200,
,,14,0,14,,,,,,,7,a21,elefánt,elephant,1,animal,mammal,6.4,14,21,57,None,"(-0.1, 0.1)",None,,,,,,,,,,,,,,0,0,0,0,0,5,5,5,14,0,14,0,83.75213799998164,,,,,,,,,,,,,,,,,,,,,,,,,,,,,,,,,,,,,,,,,,,,,,,,,,,,,,,,,,,,,,,,,,,,,,,,,,,,,,,,,,,,,,,,,,,,,,83.73976700007915,83.75213799998164,83.75213799998164,83.75213799998164,83.93721540016122,None,,,,,,,,,,,,,,,,,,,,,,,,,,,,,,,,,,,,,,,,,,,,,,P9615,MIC_Bar,7,2,2026-05-07_16h48.09.629,MIC_task,,2026.1.2,60.29795630166393,2026-05-07 16h48.11.390147 +0200,
,,15,0,15,,,,,,,7,a21,elefánt,elephant,1,animal,mammal,6.4,14,21,57,None,"(-0.1, 0.1)",None,,,,,,,,,,,,,,0,0,0,0,0,5,5,5,15,0,15,0,83.95248279999942,,,,,,,,,,,,,,,,,,,,,,,,,,,,,,,,,,,,,,,,,,,,,,,,,,,,,,,,,,,,,,,,,,,,,,,,,,,,,,,,,,,,,,,,,,,,,,83.94038309995085,83.95248279999942,83.95248279999942,83.95248279999942,84.13759010005742,None,,,,,,,,,,,,,,,,,,,,,,,,,,,,,,,,,,,,,,,,,,,,,,P9615,MIC_Bar,7,2,2026-05-07_16h48.09.629,MIC_task,,2026.1.2,60.29795630166393,2026-05-07 16h48.11.390147 +0200,
,,16,0,16,,,,,,,7,a21,elefánt,elephant,1,animal,mammal,6.4,14,21,57,None,"(-0.1, 0.1)",None,,,,,,,,,,,,,,0,0,0,0,0,5,5,5,16,0,16,0,84.15299780014902,,,,,,,,,,,,,,,,,,,,,,,,,,,,,,,,,,,,,,,,,,,,,,,,,,,,,,,,,,,,,,,,,,,,,,,,,,,,,,,,,,,,,,,,,,,,,,84.14104000013322,84.15299780014902,84.15299780014902,84.15299780014902,84.33822060003877,None,,,,,,,,,,,,,,,,,,,,,,,,,,,,,,,,,,,,,,,,,,,,,,P9615,MIC_Bar,7,2,2026-05-07_16h48.09.629,MIC_task,,2026.1.2,60.29795630166393,2026-05-07 16h48.11.390147 +0200,
,,17,0,17,,,,,,,7,a21,elefánt,elephant,1,animal,mammal,6.4,14,21,57,None,"(-0.1, 0.1)",None,,,,,,,,,,,,,,0,0,0,0,0,5,5,5,17,0,17,0,84.35324289998971,,,,,,,,,,,,,,,,,,,,,,,,,,,,,,,,,,,,,,,,,,,,,,,,,,,,,,,,,,,,,,,,,,,,,,,,,,,,,,,,,,,,,,,,,,,,,,84.34146920009516,84.35324289998971,84.35324289998971,84.35324289998971,84.53701009997167,None,,,,,,,,,,,,,,,,,,,,,,,,,,,,,,,,,,,,,,,,,,,,,,P9615,MIC_Bar,7,2,2026-05-07_16h48.09.629,MIC_task,,2026.1.2,60.29795630166393,2026-05-07 16h48.11.390147 +0200,
,,18,0,18,,,,,,,7,a21,elefánt,elephant,1,animal,mammal,6.4,14,21,57,None,"(-0.1, 0.1)",None,,,,,,,,,,,,,,0,0,0,0,0,5,5,5,18,0,18,0,84.55362459993921,,,,,,,,,,,,,,,,,,,,,,,,,,,,,,,,,,,,,,,,,,,,,,,,,,,,,,,,,,,,,,,,,,,,,,,,,,,,,,,,,,,,,,,,,,,,,,84.54037049994804,84.55362459993921,84.55362459993921,84.55362459993921,84.7388373001013,None,,,,,,,,,,,,,,,,,,,,,,,,,,,,,,,,,,,,,,,,,,,,,,P9615,MIC_Bar,7,2,2026-05-07_16h48.09.629,MIC_task,,2026.1.2,60.29795630166393,2026-05-07 16h48.11.390147 +0200,
,,19,0,19,,,,,,,7,a21,elefánt,elephant,1,animal,mammal,6.4,14,21,57,None,"(-0.1, 0.1)",None,,,,,,,,,,,,,,0,0,0,0,0,5,5,5,19,0,19,0,84.75406350009143,,,,,,,,,,,,,,,,,,,,,,,,,,,,,,,,,,,,,,,,,,,,,,,,,,,,,,,,,,,,,,,,,,,,,,,,,,,,,,,,,,,,,,,,,,,,,,84.7420662001241,84.75406350009143,84.75406350009143,84.75406350009143,84.93790070014074,None,,,,,,,,,,,,,,,,,,,,,,,,,,,,,,,,,,,,,,,,,,,,,,P9615,MIC_Bar,7,2,2026-05-07_16h48.09.629,MIC_task,,2026.1.2,60.29795630166393,2026-05-07 16h48.11.390147 +0200,
,,20,0,20,,,,,,,7,a21,elefánt,elephant,1,animal,mammal,6.4,14,21,57,None,"(-0.1, 0.1)",space,0.1648617999162525,None,,,,,,,,,,,,0,0,0,0,0,5,5,5,20,0,20,0,84.95449479995295,,,,,,,,,,,,,,,,,,,,,,,,,,,,,,,,,,,,,,,,,,,,,,,,,,,,,,,,,,,,,,,,,,,,,,,,,,,,,,,,,,,,,,,,,,,,,,84.94104130007327,84.95449479995295,84.95449479995295,84.95449479995295,85.12236319994554,space,0.1648617999162525,None,,,,,,,,,,,,,,,,,,,,,,,,,,,,,,,,,,,,,,,,,,,,P9615,MIC_Bar,7,2,2026-05-07_16h48.09.629,MIC_task,,2026.1.2,60.29795630166393,2026-05-07 16h48.11.390147 +0200,
,,5,5,0,,,,space,0.7359060000162572,None,7,a21,elefánt,elephant,1,animal,mammal,6.4,14,21,57,None,"(-0.1, 0.1)",,,,,,,,,,,,,,,0,0,0,0,0,5,5,5,,,,,,,,,,,,,,,,,,,,,,,,,,,,,,,,,,,,,,,,,,,,,,,,,,,,,,,,,,,,,,,,,,,,,,,,,,,,,,,,85.18032829998992,85.18529150006361,85.18794006669583,87.12598869996145,,,,,,89.12873760005459,89.14396760007367,89.14396760007367,89.89764810004272,,,,,,,,,,,,,,,87.1552850001026,87.16195950005203,87.1591991334067,89.0608624999877,89.12866510008462,space,0.7359060000162572,None,,,,,,,,,,,,,,,,,,,,,,,,,,,,,,,,,,,,P9615,MIC_Bar,7,2,2026-05-07_16h48.09.629,MIC_task,,2026.1.2,60.29795630166393,2026-05-07 16h48.11.390147 +0200,
,,0,0,0,,,,,,,7,pl04,rózsa,rose,7,plants,flower,6.8,69,None,73,None,"(0.1, 0)",None,,,,,,,,,,,,,,0,0,0,0,0,6,6,6,0,0,0,0,89.91099460003898,,,,,,,,,,,,,,,,,,,,,,,,,,,,,,,,,,,,,,,,,,,,,,,,,,,,,,,,,,,,,,,,,,,,,,,,,,,,,,,,,,,,,,,,,,,,,,89.90089199994691,89.91099460003898,89.91099460003898,89.91099460003898,90.09713750006631,None,,,,,,,,,,,90.11233679996803,90.11233679996803,90.11233679996803,,,,,,,,,,,,,,,,,,,,,,,,,,,,,,,,,P9615,MIC_Bar,7,2,2026-05-07_16h48.09.629,MIC_task,,2026.1.2,60.29795630166393,2026-05-07 16h48.11.390147 +0200,
,,0,0,0,,,,,,,7,pl04,rózsa,rose,7,plants,flower,6.8,69,None,73,None,"(0.1, 0)",None,,,,,,,,,,,,,,0,0,0,0,0,6,6,6,0,0,0,0,90.11233679996803,,,,,,,,,,,,,,,,,,,,,,,,,,,,,,,,,,,,,,,,,,,,,,,,,,,,,,,,,,,,,,,,,,,,,,,,,,,,,,,,,,,,,,,,,,,,,,90.10007130005397,90.11233679996803,90.11233679996803,90.11233679996803,90.29666390013881,None,,,,,,,,,,,90.31176610011607,90.31176610011607,90.31176610011607,,,,,,,,,,,,,,,,,,,,,,,,,,,,,,,,,P9615,MIC_Bar,7,2,2026-05-07_16h48.09.629,MIC_task,,2026.1.2,60.29795630166393,2026-05-07 16h48.11.390147 +0200,
,,1,0,1,,,,,,,7,pl04,rózsa,rose,7,plants,flower,6.8,69,None,73,None,"(0.1, 0)",None,,,,,,,,,,,,,,0,0,0,0,0,6,6,6,1,0,1,0,90.31176610011607,,,,,,,,,,,,,,,,,,,,,,,,,,,,,,,,,,,,,,,,,,,,,,,,,,,,,,,,,,,,,,,,,,,,,,,,,,,,,,,,,,,,,,,,,,,,,,90.29978000000119,90.31176610011607,90.31176610011607,90.31176610011607,90.49742230004631,None,,,,,,,,,,,90.51215980015695,90.51215980015695,90.51215980015695,,,,,,,,,,,,,,,,,,,,,,,,,,,,,,,,,P9615,MIC_Bar,7,2,2026-05-07_16h48.09.629,MIC_task,,2026.1.2,60.29795630166393,2026-05-07 16h48.11.390147 +0200,
,,2,0,2,,,,,,,7,pl04,rózsa,rose,7,plants,flower,6.8,69,None,73,None,"(0.1, 0)",None,,,,,,,,,,,,,,0,0,0,0,0,6,6,6,2,0,2,0,90.51215980015695,,,,,,,,,,,,,,,,,,,,,,,,,,,,,,,,,,,,,,,,,,,,,,,,,,,,,,,,,,,,,,,,,,,,,,,,,,,,,,,,,,,,,,,,,,,,,,90.50061969994567,90.51215980015695,90.51215980015695,90.51215980015695,90.69781740009785,None,,,,,,,,,,,90.71255440008827,90.71255440008827,90.71255440008827,,,,,,,,,,,,,,,,,,,,,,,,,,,,,,,,,P9615,MIC_Bar,7,2,2026-05-07_16h48.09.629,MIC_task,,2026.1.2,60.29795630166393,2026-05-07 16h48.11.390147 +0200,
,,3,0,3,,,,,,,7,pl04,rózsa,rose,7,plants,flower,6.8,69,None,73,None,"(0.1, 0)",None,,,,,,,,,,,,,,0,0,0,0,0,6,6,6,3,0,3,0,90.71255440008827,,,,,,,,,,,,,,,,,,,,,,,,,,,,,,,,,,,,,,,,,,,,,,,,,,,,,,,,,,,,,,,,,,,,,,,,,,,,,,,,,,,,,,,,,,,,,,90.7008061001543,90.71255440008827,90.71255440008827,90.71255440008827,90.89683450013399,None,,,,,,,,,,,90.91297439998016,90.91297439998016,90.91297439998016,,,,,,,,,,,,,,,,,,,,,,,,,,,,,,,,,P9615,MIC_Bar,7,2,2026-05-07_16h48.09.629,MIC_task,,2026.1.2,60.29795630166393,2026-05-07 16h48.11.390147 +0200,
,,4,0,4,,,,,,,7,pl04,rózsa,rose,7,plants,flower,6.8,69,None,73,None,"(0.1, 0)",None,,,,,,,,,,,,,,0,0,0,0,0,6,6,6,4,0,4,0,90.91297439998016,,,,,,,,,,,,,,,,,,,,,,,,,,,,,,,,,,,,,,,,,,,,,,,,,,,,,,,,,,,,,,,,,,,,,,,,,,,,,,,,,,,,,,,,,,,,,,90.89986940007657,90.91297439998016,90.91297439998016,90.91297439998016,91.09713579993695,None,,,,,,,,,,,91.11328470008448,91.11328470008448,91.11328470008448,,,,,,,,,,,,,,,,,,,,,,,,,,,,,,,,,P9615,MIC_Bar,7,2,2026-05-07_16h48.09.629,MIC_task,,2026.1.2,60.29795630166393,2026-05-07 16h48.11.390147 +0200,
,,5,0,5,,,,,,,7,pl04,rózsa,rose,7,plants,flower,6.8,69,None,73,None,"(0.1, 0)",None,,,,,,,,,,,,,,0,0,0,0,0,6,6,6,5,0,5,0,91.11328470008448,,,,,,,,,,,,,,,,,,,,,,,,,,,,,,,,,,,,,,,,,,,,,,,,,,,,,,,,,,,,,,,,,,,,,,,,,,,,,,,,,,,,,,,,,,,,,,91.10024300008081,91.11328470008448,91.11328470008448,91.11328470008448,91.29846590012312,None,,,,,,,,,,,,,,,,,,,,,,,,,,,,,,,,,,,,,,,,,,,,,,P9615,MIC_Bar,7,2,2026-05-07_16h48.09.629,MIC_task,,2026.1.2,60.29795630166393,2026-05-07 16h48.11.390147 +0200,
,,6,0,6,,,,,,,7,pl04,rózsa,rose,7,plants,flower,6.8,69,None,73,None,"(0.1, 0)",None,,,,,,,,,,,,,,0,0,0,0,0,6,6,6,6,0,6,0,91.31370609998703,,,,,,,,,,,,,,,,,,,,,,,,,,,,,,,,,,,,,,,,,,,,,,,,,,,,,,,,,,,,,,,,,,,,,,,,,,,,,,,,,,,,,,,,,,,,,,91.30184340011328,91.31370609998703,91.31370609998703,91.31370609998703,91.49868970015086,None,,,,,,,,,,,,,,,,,,,,,,,,,,,,,,,,,,,,,,,,,,,,,,P9615,MIC_Bar,7,2,2026-05-07_16h48.09.629,MIC_task,,2026.1.2,60.29795630166393,2026-05-07 16h48.11.390147 +0200,
,,7,0,7,,,,,,,7,pl04,rózsa,rose,7,plants,flower,6.8,69,None,73,None,"(0.1, 0)",None,,,,,,,,,,,,,,0,0,0,0,0,6,6,6,7,0,7,0,91.51411680015735,,,,,,,,,,,,,,,,,,,,,,,,,,,,,,,,,,,,,,,,,,,,,,,,,,,,,,,,,,,,,,,,,,,,,,,,,,,,,,,,,,,,,,,,,,,,,,91.50166850001551,91.51411680015735,91.51411680015735,91.51411680015735,91.6991493999958,None,,,,,,,,,,,,,,,,,,,,,,,,,,,,,,,,,,,,,,,,,,,,,,P9615,MIC_Bar,7,2,2026-05-07_16h48.09.629,MIC_task,,2026.1.2,60.29795630166393,2026-05-07 16h48.11.390147 +0200,
,,8,0,8,,,,,,,7,pl04,rózsa,rose,7,plants,flower,6.8,69,None,73,None,"(0.1, 0)",None,,,,,,,,,,,,,,0,0,0,0,0,6,6,6,8,0,8,0,91.71448060008697,,,,,,,,,,,,,,,,,,,,,,,,,,,,,,,,,,,,,,,,,,,,,,,,,,,,,,,,,,,,,,,,,,,,,,,,,,,,,,,,,,,,,,,,,,,,,,91.70221620006487,91.71448060008697,91.71448060008697,91.71448060008697,91.89829559996724,None,,,,,,,,,,,,,,,,,,,,,,,,,,,,,,,,,,,,,,,,,,,,,,P9615,MIC_Bar,7,2,2026-05-07_16h48.09.629,MIC_task,,2026.1.2,60.29795630166393,2026-05-07 16h48.11.390147 +0200,
,,9,0,9,,,,,,,7,pl04,rózsa,rose,7,plants,flower,6.8,69,None,73,None,"(0.1, 0)",None,,,,,,,,,,,,,,0,0,0,0,0,6,6,6,9,0,9,0,91.91489290003665,,,,,,,,,,,,,,,,,,,,,,,,,,,,,,,,,,,,,,,,,,,,,,,,,,,,,,,,,,,,,,,,,,,,,,,,,,,,,,,,,,,,,,,,,,,,,,91.90156150003895,91.91489290003665,91.91489290003665,91.91489290003665,92.09864760003984,None,,,,,,,,,,,,,,,,,,,,,,,,,,,,,,,,,,,,,,,,,,,,,,P9615,MIC_Bar,7,2,2026-05-07_16h48.09.629,MIC_task,,2026.1.2,60.29795630166393,2026-05-07 16h48.11.390147 +0200,
,,10,0,10,,,,,,,7,pl04,rózsa,rose,7,plants,flower,6.8,69,None,73,None,"(0.1, 0)",None,,,,,,,,,,,,,,0,0,0,0,0,6,6,6,10,0,10,0,92.1152820000425,,,,,,,,,,,,,,,,,,,,,,,,,,,,,,,,,,,,,,,,,,,,,,,,,,,,,,,,,,,,,,,,,,,,,,,,,,,,,,,,,,,,,,,,,,,,,,92.10192369995639,92.1152820000425,92.1152820000425,92.1152820000425,92.29906230000779,None,,,,,,,,,,,,,,,,,,,,,,,,,,,,,,,,,,,,,,,,,,,,,,P9615,MIC_Bar,7,2,2026-05-07_16h48.09.629,MIC_task,,2026.1.2,60.29795630166393,2026-05-07 16h48.11.390147 +0200,
,,11,0,11,,,,,,,7,pl04,rózsa,rose,7,plants,flower,6.8,69,None,73,None,"(0.1, 0)",None,,,,,,,,,,,,,,0,0,0,0,0,6,6,6,11,0,11,0,92.3156874999404,,,,,,,,,,,,,,,,,,,,,,,,,,,,,,,,,,,,,,,,,,,,,,,,,,,,,,,,,,,,,,,,,,,,,,,,,,,,,,,,,,,,,,,,,,,,,,92.30219880002551,92.3156874999404,92.3156874999404,92.3156874999404,92.49947719997726,None,,,,,,,,,,,,,,,,,,,,,,,,,,,,,,,,,,,,,,,,,,,,,,P9615,MIC_Bar,7,2,2026-05-07_16h48.09.629,MIC_task,,2026.1.2,60.29795630166393,2026-05-07 16h48.11.390147 +0200,
,,12,0,12,,,,,,,7,pl04,rózsa,rose,7,plants,flower,6.8,69,None,73,None,"(0.1, 0)",None,,,,,,,,,,,,,,0,0,0,0,0,6,6,6,12,0,12,0,92.51512530003674,,,,,,,,,,,,,,,,,,,,,,,,,,,,,,,,,,,,,,,,,,,,,,,,,,,,,,,,,,,,,,,,,,,,,,,,,,,,,,,,,,,,,,,,,,,,,,92.502546899952,92.51512530003674,92.51512530003674,92.51512530003674,92.70113860000856,None,,,,,,,,,,,,,,,,,,,,,,,,,,,,,,,,,,,,,,,,,,,,,,P9615,MIC_Bar,7,2,2026-05-07_16h48.09.629,MIC_task,,2026.1.2,60.29795630166393,2026-05-07 16h48.11.390147 +0200,
,,13,0,13,,,,,,,7,pl04,rózsa,rose,7,plants,flower,6.8,69,None,73,None,"(0.1, 0)",None,,,,,,,,,,,,,,0,0,0,0,0,6,6,6,13,0,13,0,92.71549200010486,,,,,,,,,,,,,,,,,,,,,,,,,,,,,,,,,,,,,,,,,,,,,,,,,,,,,,,,,,,,,,,,,,,,,,,,,,,,,,,,,,,,,,,,,,,,,,92.70458650006913,92.71549200010486,92.71549200010486,92.71549200010486,92.89931370015256,None,,,,,,,,,,,,,,,,,,,,,,,,,,,,,,,,,,,,,,,,,,,,,,P9615,MIC_Bar,7,2,2026-05-07_16h48.09.629,MIC_task,,2026.1.2,60.29795630166393,2026-05-07 16h48.11.390147 +0200,
,,14,0,14,,,,,,,7,pl04,rózsa,rose,7,plants,flower,6.8,69,None,73,None,"(0.1, 0)",None,,,,,,,,,,,,,,0,0,0,0,0,6,6,6,14,0,14,0,92.91583940014243,,,,,,,,,,,,,,,,,,,,,,,,,,,,,,,,,,,,,,,,,,,,,,,,,,,,,,,,,,,,,,,,,,,,,,,,,,,,,,,,,,,,,,,,,,,,,,92.90248690010048,92.91583940014243,92.91583940014243,92.91583940014243,93.10096019995399,None,,,,,,,,,,,,,,,,,,,,,,,,,,,,,,,,,,,,,,,,,,,,,,P9615,MIC_Bar,7,2,2026-05-07_16h48.09.629,MIC_task,,2026.1.2,60.29795630166393,2026-05-07 16h48.11.390147 +0200,
,,15,0,15,,,,,,,7,pl04,rózsa,rose,7,plants,flower,6.8,69,None,73,None,"(0.1, 0)",None,,,,,,,,,,,,,,0,0,0,0,0,6,6,6,15,0,15,0,93.11629120004363,,,,,,,,,,,,,,,,,,,,,,,,,,,,,,,,,,,,,,,,,,,,,,,,,,,,,,,,,,,,,,,,,,,,,,,,,,,,,,,,,,,,,,,,,,,,,,93.10405990015715,93.11629120004363,93.11629120004363,93.11629120004363,93.30126890004613,None,,,,,,,,,,,,,,,,,,,,,,,,,,,,,,,,,,,,,,,,,,,,,,P9615,MIC_Bar,7,2,2026-05-07_16h48.09.629,MIC_task,,2026.1.2,60.29795630166393,2026-05-07 16h48.11.390147 +0200,
,,16,0,16,,,,,,,7,pl04,rózsa,rose,7,plants,flower,6.8,69,None,73,None,"(0.1, 0)",space,0.0750872001517564,None,,,,,,,,,,,,0,0,0,0,0,6,6,6,16,0,16,0,93.31664189998992,,,,,,,,,,,,,,,,,,,,,,,,,,,,,,,,,,,,,,,,,,,,,,,,,,,,,,,,,,,,,,,,,,,,,,,,,,,,,,,,,,,,,,,,,,,,,,93.30433860002086,93.31664189998992,93.31664189998992,93.31664189998992,93.40311180008575,space,0.0750872001517564,None,,,,,,,,,,,,,,,,,,,,,,,,,,,,,,,,,,,,,,,,,,,,P9615,MIC_Bar,7,2,2026-05-07_16h48.09.629,MIC_task,,2026.1.2,60.29795630166393,2026-05-07 16h48.11.390147 +0200,
,,6,6,0,,,,space,0.9209396000951529,None,7,pl04,rózsa,rose,7,plants,flower,6.8,69,None,73,None,"(0.1, 0)",,,,,,,,,,,,,,,0,0,0,0,0,6,6,6,,,,,,,,,,,,,,,,,,,,,,,,,,,,,,,,,,,,,,,,,,,,,,,,,,,,,,,,,,,,,,,,,,,,,,,,,,,,,,,,93.45933949993923,93.46450809994712,93.46876866674671,95.40507780015469,,,,,,97.40795670007356,97.42316729994491,97.42316729994491,98.35895040002652,,,,,,,,,,,,,,,95.43367950012907,95.4388664001599,95.43825013342624,97.32262050011195,97.4078325999435,space,0.9209396000951529,None,,,,,,,,,,,,,,,,,,,,,,,,,,,,,,,,,,,,P9615,MIC_Bar,7,2,2026-05-07_16h48.09.629,MIC_task,,2026.1.2,60.29795630166393,2026-05-07 16h48.11.390147 +0200,
,,0,0,0,,,,,,,7,c18,zokni,sock,3,clothes,footwear,5.6,74,20,35,None,"(-0.1, -0.1)",None,,,,,,,,,,,,,,0,0,0,0,0,7,7,7,0,0,0,0,98.37485060002655,,,,,,,,,,,,,,,,,,,,,,,,,,,,,,,,,,,,,,,,,,,,,,,,,,,,,,,,,,,,,,,,,,,,,,,,,,,,,,,,,,,,,,,,,,,,,,98.36230530007742,98.37485060002655,98.37485060002655,98.37485060002655,98.55911480006762,None,,,,,,,,,,,98.57526380009949,98.57526380009949,98.57526380009949,,,,,,,,,,,,,,,,,,,,,,,,,,,,,,,,,P9615,MIC_Bar,7,2,2026-05-07_16h48.09.629,MIC_task,,2026.1.2,60.29795630166393,2026-05-07 16h48.11.390147 +0200,
,,0,0,0,,,,,,,7,c18,zokni,sock,3,clothes,footwear,5.6,74,20,35,None,"(-0.1, -0.1)",None,,,,,,,,,,,,,,0,0,0,0,0,7,7,7,0,0,0,0,98.57526380009949,,,,,,,,,,,,,,,,,,,,,,,,,,,,,,,,,,,,,,,,,,,,,,,,,,,,,,,,,,,,,,,,,,,,,,,,,,,,,,,,,,,,,,,,,,,,,,98.56219690013677,98.57526380009949,98.57526380009949,98.57526380009949,98.7594918999821,None,,,,,,,,,,,98.77466300013475,98.77466300013475,98.77466300013475,,,,,,,,,,,,,,,,,,,,,,,,,,,,,,,,,P9615,MIC_Bar,7,2,2026-05-07_16h48.09.629,MIC_task,,2026.1.2,60.29795630166393,2026-05-07 16h48.11.390147 +0200,
,,1,0,1,,,,,,,7,c18,zokni,sock,3,clothes,footwear,5.6,74,20,35,None,"(-0.1, -0.1)",None,,,,,,,,,,,,,,0,0,0,0,0,7,7,7,1,0,1,0,98.77466300013475,,,,,,,,,,,,,,,,,,,,,,,,,,,,,,,,,,,,,,,,,,,,,,,,,,,,,,,,,,,,,,,,,,,,,,,,,,,,,,,,,,,,,,,,,,,,,,98.76266760006547,98.77466300013475,98.77466300013475,98.77466300013475,98.95887410012074,None,,,,,,,,,,,98.97509880014695,98.97509880014695,98.97509880014695,,,,,,,,,,,,,,,,,,,,,,,,,,,,,,,,,P9615,MIC_Bar,7,2,2026-05-07_16h48.09.629,MIC_task,,2026.1.2,60.29795630166393,2026-05-07 16h48.11.390147 +0200,
,,2,0,2,,,,,,,7,c18,zokni,sock,3,clothes,footwear,5.6,74,20,35,None,"(-0.1, -0.1)",None,,,,,,,,,,,,,,0,0,0,0,0,7,7,7,2,0,2,0,98.97509880014695,,,,,,,,,,,,,,,,,,,,,,,,,,,,,,,,,,,,,,,,,,,,,,,,,,,,,,,,,,,,,,,,,,,,,,,,,,,,,,,,,,,,,,,,,,,,,,98.96205740002915,98.97509880014695,98.97509880014695,98.97509880014695,99.15983360004611,None,,,,,,,,,,,,,,,,,,,,,,,,,,,,,,,,,,,,,,,,,,,,,,P9615,MIC_Bar,7,2,2026-05-07_16h48.09.629,MIC_task,,2026.1.2,60.29795630166393,2026-05-07 16h48.11.390147 +0200,
,,3,0,3,,,,,,,7,c18,zokni,sock,3,clothes,footwear,5.6,74,20,35,None,"(-0.1, -0.1)",None,,,,,,,,,,,,,,0,0,0,0,0,7,7,7,3,0,3,0,99.17540329997428,,,,,,,,,,,,,,,,,,,,,,,,,,,,,,,,,,,,,,,,,,,,,,,,,,,,,,,,,,,,,,,,,,,,,,,,,,,,,,,,,,,,,,,,,,,,,,99.16333210002631,99.17540329997428,99.17540329997428,99.17540329997428,99.35925720003434,None,,,,,,,,,,,,,,,,,,,,,,,,,,,,,,,,,,,,,,,,,,,,,,P9615,MIC_Bar,7,2,2026-05-07_16h48.09.629,MIC_task,,2026.1.2,60.29795630166393,2026-05-07 16h48.11.390147 +0200,
,,4,0,4,,,,,,,7,c18,zokni,sock,3,clothes,footwear,5.6,74,20,35,None,"(-0.1, -0.1)",None,,,,,,,,,,,,,,0,0,0,0,0,7,7,7,4,0,4,0,99.3758511999622,,,,,,,,,,,,,,,,,,,,,,,,,,,,,,,,,,,,,,,,,,,,,,,,,,,,,,,,,,,,,,,,,,,,,,,,,,,,,,,,,,,,,,,,,,,,,,99.36249310011044,99.3758511999622,99.3758511999622,99.3758511999622,99.56084299995564,None,,,,,,,,,,,,,,,,,,,,,,,,,,,,,,,,,,,,,,,,,,,,,,P9615,MIC_Bar,7,2,2026-05-07_16h48.09.629,MIC_task,,2026.1.2,60.29795630166393,2026-05-07 16h48.11.390147 +0200,
,,5,0,5,,,,,,,7,c18,zokni,sock,3,clothes,footwear,5.6,74,20,35,None,"(-0.1, -0.1)",None,,,,,,,,,,,,,,0,0,0,0,0,7,7,7,5,0,5,0,99.57620740006678,,,,,,,,,,,,,,,,,,,,,,,,,,,,,,,,,,,,,,,,,,,,,,,,,,,,,,,,,,,,,,,,,,,,,,,,,,,,,,,,,,,,,,,,,,,,,,99.56444060010836,99.57620740006678,99.57620740006678,99.57620740006678,99.75996659998782,None,,,,,,,,,,,,,,,,,,,,,,,,,,,,,,,,,,,,,,,,,,,,,,P9615,MIC_Bar,7,2,2026-05-07_16h48.09.629,MIC_task,,2026.1.2,60.29795630166393,2026-05-07 16h48.11.390147 +0200,
,,6,0,6,,,,,,,7,c18,zokni,sock,3,clothes,footwear,5.6,74,20,35,None,"(-0.1, -0.1)",None,,,,,,,,,,,,,,0,0,0,0,0,7,7,7,6,0,6,0,99.77659410005435,,,,,,,,,,,,,,,,,,,,,,,,,,,,,,,,,,,,,,,,,,,,,,,,,,,,,,,,,,,,,,,,,,,,,,,,,,,,,,,,,,,,,,,,,,,,,,99.76313049998134,99.77659410005435,99.77659410005435,99.77659410005435,99.96033090003766,None,,,,,,,,,,,,,,,,,,,,,,,,,,,,,,,,,,,,,,,,,,,,,,P9615,MIC_Bar,7,2,2026-05-07_16h48.09.629,MIC_task,,2026.1.2,60.29795630166393,2026-05-07 16h48.11.390147 +0200,
,,7,0,7,,,,,,,7,c18,zokni,sock,3,clothes,footwear,5.6,74,20,35,None,"(-0.1, -0.1)",None,,,,,,,,,,,,,,0,0,0,0,0,7,7,7,7,0,7,0,99.97699560015462,,,,,,,,,,,,,,,,,,,,,,,,,,,,,,,,,,,,,,,,,,,,,,,,,,,,,,,,,,,,,,,,,,,,,,,,,,,,,,,,,,,,,,,,,,,,,,99.96379530010745,99.97699560015462,99.97699560015462,99.97699560015462,100.16097900015302,None,,,,,,,,,,,,,,,,,,,,,,,,,,,,,,,,,,,,,,,,,,,,,,P9615,MIC_Bar,7,2,2026-05-07_16h48.09.629,MIC_task,,2026.1.2,60.29795630166393,2026-05-07 16h48.11.390147 +0200,
,,8,0,8,,,,,,,7,c18,zokni,sock,3,clothes,footwear,5.6,74,20,35,None,"(-0.1, -0.1)",None,,,,,,,,,,,,,,0,0,0,0,0,7,7,7,8,0,8,0,100.17742329998873,,,,,,,,,,,,,,,,,,,,,,,,,,,,,,,,,,,,,,,,,,,,,,,,,,,,,,,,,,,,,,,,,,,,,,,,,,,,,,,,,,,,,,,,,,,,,,100.16404319996946,100.17742329998873,100.17742329998873,100.17742329998873,100.36108450009488,None,,,,,,,,,,,,,,,,,,,,,,,,,,,,,,,,,,,,,,,,,,,,,,P9615,MIC_Bar,7,2,2026-05-07_16h48.09.629,MIC_task,,2026.1.2,60.29795630166393,2026-05-07 16h48.11.390147 +0200,
,,9,0,9,,,,,,,7,c18,zokni,sock,3,clothes,footwear,5.6,74,20,35,None,"(-0.1, -0.1)",None,,,,,,,,,,,,,,0,0,0,0,0,7,7,7,9,0,9,0,100.37772590015084,,,,,,,,,,,,,,,,,,,,,,,,,,,,,,,,,,,,,,,,,,,,,,,,,,,,,,,,,,,,,,,,,,,,,,,,,,,,,,,,,,,,,,,,,,,,,,100.36441910010763,100.37772590015084,100.37772590015084,100.37772590015084,100.56296350015327,None,,,,,,,,,,,,,,,,,,,,,,,,,,,,,,,,,,,,,,,,,,,,,,P9615,MIC_Bar,7,2,2026-05-07_16h48.09.629,MIC_task,,2026.1.2,60.29795630166393,2026-05-07 16h48.11.390147 +0200,
,,10,0,10,,,,,,,7,c18,zokni,sock,3,clothes,footwear,5.6,74,20,35,None,"(-0.1, -0.1)",None,,,,,,,,,,,,,,0,0,0,0,0,7,7,7,10,0,10,0,100.5781994999852,,,,,,,,,,,,,,,,,,,,,,,,,,,,,,,,,,,,,,,,,,,,,,,,,,,,,,,,,,,,,,,,,,,,,,,,,,,,,,,,,,,,,,,,,,,,,,100.56605300004594,100.5781994999852,100.5781994999852,100.5781994999852,100.76330019999295,None,,,,,,,,,,,,,,,,,,,,,,,,,,,,,,,,,,,,,,,,,,,,,,P9615,MIC_Bar,7,2,2026-05-07_16h48.09.629,MIC_task,,2026.1.2,60.29795630166393,2026-05-07 16h48.11.390147 +0200,
,,11,0,11,,,,,,,7,c18,zokni,sock,3,clothes,footwear,5.6,74,20,35,None,"(-0.1, -0.1)",None,,,,,,,,,,,,,,0,0,0,0,0,7,7,7,11,0,11,0,100.7785756001249,,,,,,,,,,,,,,,,,,,,,,,,,,,,,,,,,,,,,,,,,,,,,,,,,,,,,,,,,,,,,,,,,,,,,,,,,,,,,,,,,,,,,,,,,,,,,,100.76645440002903,100.7785756001249,100.7785756001249,100.7785756001249,100.96139820013195,None,,,,,,,,,,,,,,,,,,,,,,,,,,,,,,,,,,,,,,,,,,,,,,P9615,MIC_Bar,7,2,2026-05-07_16h48.09.629,MIC_task,,2026.1.2,60.29795630166393,2026-05-07 16h48.11.390147 +0200,
,,12,0,12,,,,,,,7,c18,zokni,sock,3,clothes,footwear,5.6,74,20,35,None,"(-0.1, -0.1)",None,,,,,,,,,,,,,,0,0,0,0,0,7,7,7,12,0,12,0,100.97897789999843,,,,,,,,,,,,,,,,,,,,,,,,,,,,,,,,,,,,,,,,,,,,,,,,,,,,,,,,,,,,,,,,,,,,,,,,,,,,,,,,,,,,,,,,,,,,,,100.96449910011142,100.97897789999843,100.97897789999843,100.97897789999843,101.1617529001087,None,,,,,,,,,,,,,,,,,,,,,,,,,,,,,,,,,,,,,,,,,,,,,,P9615,MIC_Bar,7,2,2026-05-07_16h48.09.629,MIC_task,,2026.1.2,60.29795630166393,2026-05-07 16h48.11.390147 +0200,
,,13,0,13,,,,,,,7,c18,zokni,sock,3,clothes,footwear,5.6,74,20,35,None,"(-0.1, -0.1)",None,,,,,,,,,,,,,,0,0,0,0,0,7,7,7,13,0,13,0,101.1783992999699,,,,,,,,,,,,,,,,,,,,,,,,,,,,,,,,,,,,,,,,,,,,,,,,,,,,,,,,,,,,,,,,,,,,,,,,,,,,,,,,,,,,,,,,,,,,,,101.16480000014417,101.1783992999699,101.1783992999699,101.1783992999699,101.36216560006142,None,,,,,,,,,,,,,,,,,,,,,,,,,,,,,,,,,,,,,,,,,,,,,,P9615,MIC_Bar,7,2,2026-05-07_16h48.09.629,MIC_task,,2026.1.2,60.29795630166393,2026-05-07 16h48.11.390147 +0200,
,,14,0,14,,,,,,,7,c18,zokni,sock,3,clothes,footwear,5.6,74,20,35,None,"(-0.1, -0.1)",None,,,,,,,,,,,,,,0,0,0,0,0,7,7,7,14,0,14,0,101.37881999998353,,,,,,,,,,,,,,,,,,,,,,,,,,,,,,,,,,,,,,,,,,,,,,,,,,,,,,,,,,,,,,,,,,,,,,,,,,,,,,,,,,,,,,,,,,,,,,101.36561700003222,101.37881999998353,101.37881999998353,101.37881999998353,101.5639613000676,None,,,,,,,,,,,,,,,,,,,,,,,,,,,,,,,,,,,,,,,,,,,,,,P9615,MIC_Bar,7,2,2026-05-07_16h48.09.629,MIC_task,,2026.1.2,60.29795630166393,2026-05-07 16h48.11.390147 +0200,
,,15,0,15,,,,,,,7,c18,zokni,sock,3,clothes,footwear,5.6,74,20,35,None,"(-0.1, -0.1)",None,,,,,,,,,,,,,,0,0,0,0,0,7,7,7,15,0,15,0,101.57918110000901,,,,,,,,,,,,,,,,,,,,,,,,,,,,,,,,,,,,,,,,,,,,,,,,,,,,,,,,,,,,,,,,,,,,,,,,,,,,,,,,,,,,,,,,,,,,,,101.56718860007823,101.57918110000901,101.57918110000901,101.57918110000901,101.76293420000002,None,,,,,,,,,,,,,,,,,,,,,,,,,,,,,,,,,,,,,,,,,,,,,,P9615,MIC_Bar,7,2,2026-05-07_16h48.09.629,MIC_task,,2026.1.2,60.29795630166393,2026-05-07 16h48.11.390147 +0200,
,,16,0,16,,,,,,,7,c18,zokni,sock,3,clothes,footwear,5.6,74,20,35,None,"(-0.1, -0.1)",None,,,,,,,,,,,,,,0,0,0,0,0,7,7,7,16,0,16,0,101.7795380000025,,,,,,,,,,,,,,,,,,,,,,,,,,,,,,,,,,,,,,,,,,,,,,,,,,,,,,,,,,,,,,,,,,,,,,,,,,,,,,,,,,,,,,,,,,,,,,101.7661995999515,101.7795380000025,101.7795380000025,101.7795380000025,101.96459600003436,None,,,,,,,,,,,,,,,,,,,,,,,,,,,,,,,,,,,,,,,,,,,,,,P9615,MIC_Bar,7,2,2026-05-07_16h48.09.629,MIC_task,,2026.1.2,60.29795630166393,2026-05-07 16h48.11.390147 +0200,
,,17,0,17,,,,,,,7,c18,zokni,sock,3,clothes,footwear,5.6,74,20,35,None,"(-0.1, -0.1)",None,,,,,,,,,,,,,,0,0,0,0,0,7,7,7,17,0,17,0,101.97990250005387,,,,,,,,,,,,,,,,,,,,,,,,,,,,,,,,,,,,,,,,,,,,,,,,,,,,,,,,,,,,,,,,,,,,,,,,,,,,,,,,,,,,,,,,,,,,,,101.96804900001734,101.97990250005387,101.97990250005387,101.97990250005387,102.16373160015792,None,,,,,,,,,,,,,,,,,,,,,,,,,,,,,,,,,,,,,,,,,,,,,,P9615,MIC_Bar,7,2,2026-05-07_16h48.09.629,MIC_task,,2026.1.2,60.29795630166393,2026-05-07 16h48.11.390147 +0200,
,,18,0,18,,,,,,,7,c18,zokni,sock,3,clothes,footwear,5.6,74,20,35,None,"(-0.1, -0.1)",None,,,,,,,,,,,,,,0,0,0,0,0,7,7,7,18,0,18,0,102.18035540007986,,,,,,,,,,,,,,,,,,,,,,,,,,,,,,,,,,,,,,,,,,,,,,,,,,,,,,,,,,,,,,,,,,,,,,,,,,,,,,,,,,,,,,,,,,,,,,102.1669781000819,102.18035540007986,102.18035540007986,102.18035540007986,102.36556109995581,None,,,,,,,,,,,,,,,,,,,,,,,,,,,,,,,,,,,,,,,,,,,,,,P9615,MIC_Bar,7,2,2026-05-07_16h48.09.629,MIC_task,,2026.1.2,60.29795630166393,2026-05-07 16h48.11.390147 +0200,
,,19,0,19,,,,,,,7,c18,zokni,sock,3,clothes,footwear,5.6,74,20,35,None,"(-0.1, -0.1)",None,,,,,,,,,,,,,,0,0,0,0,0,7,7,7,19,0,19,0,102.38071390008554,,,,,,,,,,,,,,,,,,,,,,,,,,,,,,,,,,,,,,,,,,,,,,,,,,,,,,,,,,,,,,,,,,,,,,,,,,,,,,,,,,,,,,,,,,,,,,102.36932340008207,102.38071390008554,102.38071390008554,102.38071390008554,102.5660729999654,None,,,,,,,,,,,,,,,,,,,,,,,,,,,,,,,,,,,,,,,,,,,,,,P9615,MIC_Bar,7,2,2026-05-07_16h48.09.629,MIC_task,,2026.1.2,60.29795630166393,2026-05-07 16h48.11.390147 +0200,
,,20,0,20,,,,,,,7,c18,zokni,sock,3,clothes,footwear,5.6,74,20,35,None,"(-0.1, -0.1)",None,,,,,,,,,,,,,,0,0,0,0,0,7,7,7,20,0,20,0,102.58112280000933,,,,,,,,,,,,,,,,,,,,,,,,,,,,,,,,,,,,,,,,,,,,,,,,,,,,,,,,,,,,,,,,,,,,,,,,,,,,,,,,,,,,,,,,,,,,,,102.5693371000234,102.58112280000933,102.58112280000933,102.58112280000933,102.7662121001631,None,,,,,,,,,,,,,,,,,,,,,,,,,,,,,,,,,,,,,,,,,,,,,,P9615,MIC_Bar,7,2,2026-05-07_16h48.09.629,MIC_task,,2026.1.2,60.29795630166393,2026-05-07 16h48.11.390147 +0200,
,,21,0,21,,,,,,,7,c18,zokni,sock,3,clothes,footwear,5.6,74,20,35,None,"(-0.1, -0.1)",None,,,,,,,,,,,,,,0,0,0,0,0,7,7,7,21,0,21,0,102.78154080011882,,,,,,,,,,,,,,,,,,,,,,,,,,,,,,,,,,,,,,,,,,,,,,,,,,,,,,,,,,,,,,,,,,,,,,,,,,,,,,,,,,,,,,,,,,,,,,102.76924360007979,102.78154080011882,102.78154080011882,102.78154080011882,102.96530400007032,None,,,,,,,,,,,,,,,,,,,,,,,,,,,,,,,,,,,,,,,,,,,,,,P9615,MIC_Bar,7,2,2026-05-07_16h48.09.629,MIC_task,,2026.1.2,60.29795630166393,2026-05-07 16h48.11.390147 +0200,
,,22,0,22,,,,,,,7,c18,zokni,sock,3,clothes,footwear,5.6,74,20,35,None,"(-0.1, -0.1)",None,,,,,,,,,,,,,,0,0,0,0,0,7,7,7,22,0,22,0,102.98183830012567,,,,,,,,,,,,,,,,,,,,,,,,,,,,,,,,,,,,,,,,,,,,,,,,,,,,,,,,,,,,,,,,,,,,,,,,,,,,,,,,,,,,,,,,,,,,,,102.96845680009574,102.98183830012567,102.98183830012567,102.98183830012567,103.16473229997791,None,,,,,,,,,,,,,,,,,,,,,,,,,,,,,,,,,,,,,,,,,,,,,,P9615,MIC_Bar,7,2,2026-05-07_16h48.09.629,MIC_task,,2026.1.2,60.29795630166393,2026-05-07 16h48.11.390147 +0200,
,,23,0,23,,,,,,,7,c18,zokni,sock,3,clothes,footwear,5.6,74,20,35,None,"(-0.1, -0.1)",None,,,,,,,,,,,,,,0,0,0,0,0,7,7,7,23,0,23,0,103.18133709998801,,,,,,,,,,,,,,,,,,,,,,,,,,,,,,,,,,,,,,,,,,,,,,,,,,,,,,,,,,,,,,,,,,,,,,,,,,,,,,,,,,,,,,,,,,,,,,103.16784589993767,103.18133709998801,103.18133709998801,103.18133709998801,103.36606670008041,None,,,,,,,,,,,,,,,,,,,,,,,,,,,,,,,,,,,,,,,,,,,,,,P9615,MIC_Bar,7,2,2026-05-07_16h48.09.629,MIC_task,,2026.1.2,60.29795630166393,2026-05-07 16h48.11.390147 +0200,
,,24,0,24,,,,,,,7,c18,zokni,sock,3,clothes,footwear,5.6,74,20,35,None,"(-0.1, -0.1)",None,,,,,,,,,,,,,,0,0,0,0,0,7,7,7,24,0,24,0,103.38175940001383,,,,,,,,,,,,,,,,,,,,,,,,,,,,,,,,,,,,,,,,,,,,,,,,,,,,,,,,,,,,,,,,,,,,,,,,,,,,,,,,,,,,,,,,,,,,,,103.36952470010146,103.38175940001383,103.38175940001383,103.38175940001383,103.56548510002904,None,,,,,,,,,,,,,,,,,,,,,,,,,,,,,,,,,,,,,,,,,,,,,,P9615,MIC_Bar,7,2,2026-05-07_16h48.09.629,MIC_task,,2026.1.2,60.29795630166393,2026-05-07 16h48.11.390147 +0200,
,,25,0,25,,,,,,,7,c18,zokni,sock,3,clothes,footwear,5.6,74,20,35,None,"(-0.1, -0.1)",space,0.08274960005655885,None,,,,,,,,,,,,0,0,0,0,0,7,7,7,25,0,25,0,103.58214389998466,,,,,,,,,,,,,,,,,,,,,,,,,,,,,,,,,,,,,,,,,,,,,,,,,,,,,,,,,,,,,,,,,,,,,,,,,,,,,,,,,,,,,,,,,,,,,,103.56865789997391,103.58214389998466,103.58214389998466,103.58214389998466,103.6683939001523,space,0.08274960005655885,None,,,,,,,,,,,,,,,,,,,,,,,,,,,,,,,,,,,,,,,,,,,,P9615,MIC_Bar,7,2,2026-05-07_16h48.09.629,MIC_task,,2026.1.2,60.29795630166393,2026-05-07 16h48.11.390147 +0200,
,,7,7,0,,,,space,0.07966479985043406,None,7,c18,zokni,sock,3,clothes,footwear,5.6,74,20,35,None,"(-0.1, -0.1)",,,,,,,,,,,,,,,0,0,0,0,0,7,7,7,,,,,,,,,,,,,,,,,,,,,,,,,,,,,,,,,,,,,,,,,,,,,,,,,,,,,,,,,,,,,,,,,,,,,,,,,,,,,,,,103.72690710006282,103.7325929000508,103.73391886662381,105.66908630006947,,,,,,107.67335420008749,107.68861160008237,107.68861160008237,107.77255420014262,,,,,,,,,,,,,,,105.69170349999331,105.69608819996938,105.70227673336242,107.59043220011517,107.67331340000965,space,0.07966479985043406,None,,,,,,,,,,,,,,,,,,,,,,,,,,,,,,,,,,,,P9615,MIC_Bar,7,2,2026-05-07_16h48.09.629,MIC_task,,2026.1.2,60.29795630166393,2026-05-07 16h48.11.390147 +0200,
,,0,0,0,,,,,,,7,ty27,labda,ball,9,toys,sport,7,148,18,34,None,"(0, -0.1)",None,,,,,,,,,,,,,,0,0,0,0,0,8,8,8,0,0,0,0,107.7884222001303,,,,,,,,,,,,,,,,,,,,,,,,,,,,,,,,,,,,,,,,,,,,,,,,,,,,,,,,,,,,,,,,,,,,,,,,,,,,,,,,,,,,,,,,,,,,,,107.77571760001592,107.7884222001303,107.7884222001303,107.7884222001303,107.97256899997592,None,,,,,,,,,,,107.98875660006888,107.98875660006888,107.98875660006888,,,,,,,,,,,,,,,,,,,,,,,,,,,,,,,,,P9615,MIC_Bar,7,2,2026-05-07_16h48.09.629,MIC_task,,2026.1.2,60.29795630166393,2026-05-07 16h48.11.390147 +0200,
,,0,0,0,,,,,,,7,ty27,labda,ball,9,toys,sport,7,148,18,34,None,"(0, -0.1)",None,,,,,,,,,,,,,,0,0,0,0,0,8,8,8,0,0,0,0,107.98875660006888,,,,,,,,,,,,,,,,,,,,,,,,,,,,,,,,,,,,,,,,,,,,,,,,,,,,,,,,,,,,,,,,,,,,,,,,,,,,,,,,,,,,,,,,,,,,,,107.97556890011765,107.98875660006888,107.98875660006888,107.98875660006888,108.17396769998595,None,,,,,,,,,,,,,,,,,,,,,,,,,,,,,,,,,,,,,,,,,,,,,,P9615,MIC_Bar,7,2,2026-05-07_16h48.09.629,MIC_task,,2026.1.2,60.29795630166393,2026-05-07 16h48.11.390147 +0200,
,,1,0,1,,,,,,,7,ty27,labda,ball,9,toys,sport,7,148,18,34,None,"(0, -0.1)",None,,,,,,,,,,,,,,0,0,0,0,0,8,8,8,1,0,1,0,108.18919640011154,,,,,,,,,,,,,,,,,,,,,,,,,,,,,,,,,,,,,,,,,,,,,,,,,,,,,,,,,,,,,,,,,,,,,,,,,,,,,,,,,,,,,,,,,,,,,,108.1770079000853,108.18919640011154,108.18919640011154,108.18919640011154,108.37432920001447,None,,,,,,,,,,,,,,,,,,,,,,,,,,,,,,,,,,,,,,,,,,,,,,P9615,MIC_Bar,7,2,2026-05-07_16h48.09.629,MIC_task,,2026.1.2,60.29795630166393,2026-05-07 16h48.11.390147 +0200,
,,2,0,2,,,,,,,7,ty27,labda,ball,9,toys,sport,7,148,18,34,None,"(0, -0.1)",None,,,,,,,,,,,,,,0,0,0,0,0,8,8,8,2,0,2,0,108.38951759994961,,,,,,,,,,,,,,,,,,,,,,,,,,,,,,,,,,,,,,,,,,,,,,,,,,,,,,,,,,,,,,,,,,,,,,,,,,,,,,,,,,,,,,,,,,,,,,108.37733420007862,108.38951759994961,108.38951759994961,108.38951759994961,108.5743681001477,None,,,,,,,,,,,,,,,,,,,,,,,,,,,,,,,,,,,,,,,,,,,,,,P9615,MIC_Bar,7,2,2026-05-07_16h48.09.629,MIC_task,,2026.1.2,60.29795630166393,2026-05-07 16h48.11.390147 +0200,
,,3,0,3,,,,,,,7,ty27,labda,ball,9,toys,sport,7,148,18,34,None,"(0, -0.1)",None,,,,,,,,,,,,,,0,0,0,0,0,8,8,8,3,0,3,0,108.58993000001647,,,,,,,,,,,,,,,,,,,,,,,,,,,,,,,,,,,,,,,,,,,,,,,,,,,,,,,,,,,,,,,,,,,,,,,,,,,,,,,,,,,,,,,,,,,,,,108.57756570004858,108.58993000001647,108.58993000001647,108.58993000001647,108.7749218000099,None,,,,,,,,,,,,,,,,,,,,,,,,,,,,,,,,,,,,,,,,,,,,,,P9615,MIC_Bar,7,2,2026-05-07_16h48.09.629,MIC_task,,2026.1.2,60.29795630166393,2026-05-07 16h48.11.390147 +0200,
,,4,0,4,,,,,,,7,ty27,labda,ball,9,toys,sport,7,148,18,34,None,"(0, -0.1)",None,,,,,,,,,,,,,,0,0,0,0,0,8,8,8,4,0,4,0,108.79027829994448,,,,,,,,,,,,,,,,,,,,,,,,,,,,,,,,,,,,,,,,,,,,,,,,,,,,,,,,,,,,,,,,,,,,,,,,,,,,,,,,,,,,,,,,,,,,,,108.77787730004638,108.79027829994448,108.79027829994448,108.79027829994448,108.97409330005758,None,,,,,,,,,,,,,,,,,,,,,,,,,,,,,,,,,,,,,,,,,,,,,,P9615,MIC_Bar,7,2,2026-05-07_16h48.09.629,MIC_task,,2026.1.2,60.29795630166393,2026-05-07 16h48.11.390147 +0200,
,,5,0,5,,,,,,,7,ty27,labda,ball,9,toys,sport,7,148,18,34,None,"(0, -0.1)",None,,,,,,,,,,,,,,0,0,0,0,0,8,8,8,5,0,5,0,108.9906671999488,,,,,,,,,,,,,,,,,,,,,,,,,,,,,,,,,,,,,,,,,,,,,,,,,,,,,,,,,,,,,,,,,,,,,,,,,,,,,,,,,,,,,,,,,,,,,,108.97723220009357,108.9906671999488,108.9906671999488,108.9906671999488,109.17449290002696,None,,,,,,,,,,,,,,,,,,,,,,,,,,,,,,,,,,,,,,,,,,,,,,P9615,MIC_Bar,7,2,2026-05-07_16h48.09.629,MIC_task,,2026.1.2,60.29795630166393,2026-05-07 16h48.11.390147 +0200,
,,6,0,6,,,,,,,7,ty27,labda,ball,9,toys,sport,7,148,18,34,None,"(0, -0.1)",None,,,,,,,,,,,,,,0,0,0,0,0,8,8,8,6,0,6,0,109.19109680014662,,,,,,,,,,,,,,,,,,,,,,,,,,,,,,,,,,,,,,,,,,,,,,,,,,,,,,,,,,,,,,,,,,,,,,,,,,,,,,,,,,,,,,,,,,,,,,109.17769369995221,109.19109680014662,109.19109680014662,109.19109680014662,109.37489810003899,None,,,,,,,,,,,,,,,,,,,,,,,,,,,,,,,,,,,,,,,,,,,,,,P9615,MIC_Bar,7,2,2026-05-07_16h48.09.629,MIC_task,,2026.1.2,60.29795630166393,2026-05-07 16h48.11.390147 +0200,
,,7,0,7,,,,,,,7,ty27,labda,ball,9,toys,sport,7,148,18,34,None,"(0, -0.1)",None,,,,,,,,,,,,,,0,0,0,0,0,8,8,8,7,0,7,0,109.39145889994688,,,,,,,,,,,,,,,,,,,,,,,,,,,,,,,,,,,,,,,,,,,,,,,,,,,,,,,,,,,,,,,,,,,,,,,,,,,,,,,,,,,,,,,,,,,,,,109.37802030006424,109.39145889994688,109.39145889994688,109.39145889994688,109.57524739997461,None,,,,,,,,,,,,,,,,,,,,,,,,,,,,,,,,,,,,,,,,,,,,,,P9615,MIC_Bar,7,2,2026-05-07_16h48.09.629,MIC_task,,2026.1.2,60.29795630166393,2026-05-07 16h48.11.390147 +0200,
,,8,0,8,,,,,,,7,ty27,labda,ball,9,toys,sport,7,148,18,34,None,"(0, -0.1)",None,,,,,,,,,,,,,,0,0,0,0,0,8,8,8,8,0,8,0,109.5919164000079,,,,,,,,,,,,,,,,,,,,,,,,,,,,,,,,,,,,,,,,,,,,,,,,,,,,,,,,,,,,,,,,,,,,,,,,,,,,,,,,,,,,,,,,,,,,,,109.57859000004828,109.5919164000079,109.5919164000079,109.5919164000079,109.77564220014028,None,,,,,,,,,,,,,,,,,,,,,,,,,,,,,,,,,,,,,,,,,,,,,,P9615,MIC_Bar,7,2,2026-05-07_16h48.09.629,MIC_task,,2026.1.2,60.29795630166393,2026-05-07 16h48.11.390147 +0200,
,,9,0,9,,,,,,,7,ty27,labda,ball,9,toys,sport,7,148,18,34,None,"(0, -0.1)",None,,,,,,,,,,,,,,0,0,0,0,0,8,8,8,9,0,9,0,109.7913216999732,,,,,,,,,,,,,,,,,,,,,,,,,,,,,,,,,,,,,,,,,,,,,,,,,,,,,,,,,,,,,,,,,,,,,,,,,,,,,,,,,,,,,,,,,,,,,,109.77893190016039,109.7913216999732,109.7913216999732,109.7913216999732,109.9761069000233,None,,,,,,,,,,,,,,,,,,,,,,,,,,,,,,,,,,,,,,,,,,,,,,P9615,MIC_Bar,7,2,2026-05-07_16h48.09.629,MIC_task,,2026.1.2,60.29795630166393,2026-05-07 16h48.11.390147 +0200,
,,10,0,10,,,,,,,7,ty27,labda,ball,9,toys,sport,7,148,18,34,None,"(0, -0.1)",None,,,,,,,,,,,,,,0,0,0,0,0,8,8,8,10,0,10,0,109.99264000006951,,,,,,,,,,,,,,,,,,,,,,,,,,,,,,,,,,,,,,,,,,,,,,,,,,,,,,,,,,,,,,,,,,,,,,,,,,,,,,,,,,,,,,,,,,,,,,109.97919740015641,109.99264000006951,109.99264000006951,109.99264000006951,110.17649050010368,None,,,,,,,,,,,,,,,,,,,,,,,,,,,,,,,,,,,,,,,,,,,,,,P9615,MIC_Bar,7,2,2026-05-07_16h48.09.629,MIC_task,,2026.1.2,60.29795630166393,2026-05-07 16h48.11.390147 +0200,
,,11,0,11,,,,,,,7,ty27,labda,ball,9,toys,sport,7,148,18,34,None,"(0, -0.1)",None,,,,,,,,,,,,,,0,0,0,0,0,8,8,8,11,0,11,0,110.19211599999107,,,,,,,,,,,,,,,,,,,,,,,,,,,,,,,,,,,,,,,,,,,,,,,,,,,,,,,,,,,,,,,,,,,,,,,,,,,,,,,,,,,,,,,,,,,,,,110.1797174999956,110.19211599999107,110.19211599999107,110.19211599999107,110.37728180014528,None,,,,,,,,,,,,,,,,,,,,,,,,,,,,,,,,,,,,,,,,,,,,,,P9615,MIC_Bar,7,2,2026-05-07_16h48.09.629,MIC_task,,2026.1.2,60.29795630166393,2026-05-07 16h48.11.390147 +0200,
,,12,0,12,,,,,,,7,ty27,labda,ball,9,toys,sport,7,148,18,34,None,"(0, -0.1)",None,,,,,,,,,,,,,,0,0,0,0,0,8,8,8,12,0,12,0,110.39250429999083,,,,,,,,,,,,,,,,,,,,,,,,,,,,,,,,,,,,,,,,,,,,,,,,,,,,,,,,,,,,,,,,,,,,,,,,,,,,,,,,,,,,,,,,,,,,,,110.38021550001577,110.39250429999083,110.39250429999083,110.39250429999083,110.57720070006326,None,,,,,,,,,,,,,,,,,,,,,,,,,,,,,,,,,,,,,,,,,,,,,,P9615,MIC_Bar,7,2,2026-05-07_16h48.09.629,MIC_task,,2026.1.2,60.29795630166393,2026-05-07 16h48.11.390147 +0200,
,,13,0,13,,,,,,,7,ty27,labda,ball,9,toys,sport,7,148,18,34,None,"(0, -0.1)",None,,,,,,,,,,,,,,0,0,0,0,0,8,8,8,13,0,13,0,110.59288370003924,,,,,,,,,,,,,,,,,,,,,,,,,,,,,,,,,,,,,,,,,,,,,,,,,,,,,,,,,,,,,,,,,,,,,,,,,,,,,,,,,,,,,,,,,,,,,,110.58053659996949,110.59288370003924,110.59288370003924,110.59288370003924,110.7781166001223,None,,,,,,,,,,,,,,,,,,,,,,,,,,,,,,,,,,,,,,,,,,,,,,P9615,MIC_Bar,7,2,2026-05-07_16h48.09.629,MIC_task,,2026.1.2,60.29795630166393,2026-05-07 16h48.11.390147 +0200,
,,14,0,14,,,,,,,7,ty27,labda,ball,9,toys,sport,7,148,18,34,None,"(0, -0.1)",None,,,,,,,,,,,,,,0,0,0,0,0,8,8,8,14,0,14,0,110.79327310016379,,,,,,,,,,,,,,,,,,,,,,,,,,,,,,,,,,,,,,,,,,,,,,,,,,,,,,,,,,,,,,,,,,,,,,,,,,,,,,,,,,,,,,,,,,,,,,110.78122800006531,110.79327310016379,110.79327310016379,110.79327310016379,110.97701820009388,None,,,,,,,,,,,,,,,,,,,,,,,,,,,,,,,,,,,,,,,,,,,,,,P9615,MIC_Bar,7,2,2026-05-07_16h48.09.629,MIC_task,,2026.1.2,60.29795630166393,2026-05-07 16h48.11.390147 +0200,
,,15,0,15,,,,,,,7,ty27,labda,ball,9,toys,sport,7,148,18,34,None,"(0, -0.1)",None,,,,,,,,,,,,,,0,0,0,0,0,8,8,8,15,0,15,0,110.99363199993968,,,,,,,,,,,,,,,,,,,,,,,,,,,,,,,,,,,,,,,,,,,,,,,,,,,,,,,,,,,,,,,,,,,,,,,,,,,,,,,,,,,,,,,,,,,,,,110.98045040015131,110.99363199993968,110.99363199993968,110.99363199993968,111.1773960001301,None,,,,,,,,,,,,,,,,,,,,,,,,,,,,,,,,,,,,,,,,,,,,,,P9615,MIC_Bar,7,2,2026-05-07_16h48.09.629,MIC_task,,2026.1.2,60.29795630166393,2026-05-07 16h48.11.390147 +0200,
,,16,0,16,,,,,,,7,ty27,labda,ball,9,toys,sport,7,148,18,34,None,"(0, -0.1)",None,,,,,,,,,,,,,,0,0,0,0,0,8,8,8,16,0,16,0,111.19406999996863,,,,,,,,,,,,,,,,,,,,,,,,,,,,,,,,,,,,,,,,,,,,,,,,,,,,,,,,,,,,,,,,,,,,,,,,,,,,,,,,,,,,,,,,,,,,,,111.18052570009604,111.19406999996863,111.19406999996863,111.19406999996863,111.379471299937,None,,,,,,,,,,,,,,,,,,,,,,,,,,,,,,,,,,,,,,,,,,,,,,P9615,MIC_Bar,7,2,2026-05-07_16h48.09.629,MIC_task,,2026.1.2,60.29795630166393,2026-05-07 16h48.11.390147 +0200,
,,17,0,17,,,,,,,7,ty27,labda,ball,9,toys,sport,7,148,18,34,None,"(0, -0.1)",None,,,,,,,,,,,,,,0,0,0,0,0,8,8,8,17,0,17,0,111.39440150000155,,,,,,,,,,,,,,,,,,,,,,,,,,,,,,,,,,,,,,,,,,,,,,,,,,,,,,,,,,,,,,,,,,,,,,,,,,,,,,,,,,,,,,,,,,,,,,111.38272730004974,111.39440150000155,111.39440150000155,111.39440150000155,111.57815490011126,None,,,,,,,,,,,,,,,,,,,,,,,,,,,,,,,,,,,,,,,,,,,,,,P9615,MIC_Bar,7,2,2026-05-07_16h48.09.629,MIC_task,,2026.1.2,60.29795630166393,2026-05-07 16h48.11.390147 +0200,
,,18,0,18,,,,,,,7,ty27,labda,ball,9,toys,sport,7,148,18,34,None,"(0, -0.1)",None,,,,,,,,,,,,,,0,0,0,0,0,8,8,8,18,0,18,0,111.59478890011087,,,,,,,,,,,,,,,,,,,,,,,,,,,,,,,,,,,,,,,,,,,,,,,,,,,,,,,,,,,,,,,,,,,,,,,,,,,,,,,,,,,,,,,,,,,,,,111.58130700001493,111.59478890011087,111.59478890011087,111.59478890011087,111.77858030004427,None,,,,,,,,,,,,,,,,,,,,,,,,,,,,,,,,,,,,,,,,,,,,,,P9615,MIC_Bar,7,2,2026-05-07_16h48.09.629,MIC_task,,2026.1.2,60.29795630166393,2026-05-07 16h48.11.390147 +0200,
,,19,0,19,,,,,,,7,ty27,labda,ball,9,toys,sport,7,148,18,34,None,"(0, -0.1)",None,,,,,,,,,,,,,,0,0,0,0,0,8,8,8,19,0,19,0,111.7952175999526,,,,,,,,,,,,,,,,,,,,,,,,,,,,,,,,,,,,,,,,,,,,,,,,,,,,,,,,,,,,,,,,,,,,,,,,,,,,,,,,,,,,,,,,,,,,,,111.78180150012486,111.7952175999526,111.7952175999526,111.7952175999526,111.98050000006333,None,,,,,,,,,,,,,,,,,,,,,,,,,,,,,,,,,,,,,,,,,,,,,,P9615,MIC_Bar,7,2,2026-05-07_16h48.09.629,MIC_task,,2026.1.2,60.29795630166393,2026-05-07 16h48.11.390147 +0200,
,,20,0,20,,,,,,,7,ty27,labda,ball,9,toys,sport,7,148,18,34,None,"(0, -0.1)",space,0.10148749989457428,None,,,,,,,,,,,,0,0,0,0,0,8,8,8,20,0,20,0,111.99560689995997,,,,,,,,,,,,,,,,,,,,,,,,,,,,,,,,,,,,,,,,,,,,,,,,,,,,,,,,,,,,,,,,,,,,,,,,,,,,,,,,,,,,,,,,,,,,,,111.98356920015067,111.99560689995997,111.99560689995997,111.99560689995997,112.1136074999813,space,0.10148749989457428,None,,,,,,,,,,,,,,,,,,,,,,,,,,,,,,,,,,,,,,,,,,,,P9615,MIC_Bar,7,2,2026-05-07_16h48.09.629,MIC_task,,2026.1.2,60.29795630166393,2026-05-07 16h48.11.390147 +0200,
,,8,8,0,,,,space,0.0894629000686109,None,7,ty27,labda,ball,9,toys,sport,7,148,18,34,None,"(0, -0.1)",,,,,,,,,,,,,,,0,0,0,0,0,8,8,8,,,,,,,,,,,,,,,,,,,,,,,,,,,,,,,,,,,,,,,,,,,,,,,,,,,,,,,,,,,,,,,,,,,,,,,,,,,,,,,,112.16949580004439,112.1748703001067,112.17933946663203,114.11518410011195,,,,,,116.11944869998842,116.13476260006428,116.13476260006428,116.23781389999203,,,,,,,,,,,,,,,114.14195009996183,114.14666349999607,114.14835333347631,116.0363966000732,116.11939970008098,space,0.0894629000686109,None,,,,,,,,,,,,,,,,,,,,,,,,,,,,,,,,,,,,P9615,MIC_Bar,7,2,2026-05-07_16h48.09.629,MIC_task,,2026.1.2,60.29795630166393,2026-05-07 16h48.11.390147 +0200,
,,0,0,0,,,,,,,7,b01,orr,nose,2,bodypart,face,7,73,19,35,None,"(-0.1, 0.1)",None,,,,,,,,,,,,,,0,0,0,0,0,9,9,9,0,0,0,0,116.2512719000224,,,,,,,,,,,,,,,,,,,,,,,,,,,,,,,,,,,,,,,,,,,,,,,,,,,,,,,,,,,,,,,,,,,,,,,,,,,,,,,,,,,,,,,,,,,,,,116.24065060005523,116.2512719000224,116.2512719000224,116.2512719000224,116.43538030004129,None,,,,,,,,,,,116.45163480006158,116.45163480006158,116.45163480006158,,,,,,,,,,,,,,,,,,,,,,,,,,,,,,,,,P9615,MIC_Bar,7,2,2026-05-07_16h48.09.629,MIC_task,,2026.1.2,60.29795630166393,2026-05-07 16h48.11.390147 +0200,
,,0,0,0,,,,,,,7,b01,orr,nose,2,bodypart,face,7,73,19,35,None,"(-0.1, 0.1)",None,,,,,,,,,,,,,,0,0,0,0,0,9,9,9,0,0,0,0,116.45163480006158,,,,,,,,,,,,,,,,,,,,,,,,,,,,,,,,,,,,,,,,,,,,,,,,,,,,,,,,,,,,,,,,,,,,,,,,,,,,,,,,,,,,,,,,,,,,,,116.43814460001886,116.45163480006158,116.45163480006158,116.45163480006158,116.63719010003842,None,,,,,,,,,,,116.6520972000435,116.6520972000435,116.6520972000435,,,,,,,,,,,,,,,,,,,,,,,,,,,,,,,,,P9615,MIC_Bar,7,2,2026-05-07_16h48.09.629,MIC_task,,2026.1.2,60.29795630166393,2026-05-07 16h48.11.390147 +0200,
,,1,0,1,,,,,,,7,b01,orr,nose,2,bodypart,face,7,73,19,35,None,"(-0.1, 0.1)",None,,,,,,,,,,,,,,0,0,0,0,0,9,9,9,1,0,1,0,116.6520972000435,,,,,,,,,,,,,,,,,,,,,,,,,,,,,,,,,,,,,,,,,,,,,,,,,,,,,,,,,,,,,,,,,,,,,,,,,,,,,,,,,,,,,,,,,,,,,,116.64027060009539,116.6520972000435,116.6520972000435,116.6520972000435,116.83731720014475,None,,,,,,,,,,,116.85245520016178,116.85245520016178,116.85245520016178,,,,,,,,,,,,,,,,,,,,,,,,,,,,,,,,,P9615,MIC_Bar,7,2,2026-05-07_16h48.09.629,MIC_task,,2026.1.2,60.29795630166393,2026-05-07 16h48.11.390147 +0200,
,,2,0,2,,,,,,,7,b01,orr,nose,2,bodypart,face,7,73,19,35,None,"(-0.1, 0.1)",None,,,,,,,,,,,,,,0,0,0,0,0,9,9,9,2,0,2,0,116.85245520016178,,,,,,,,,,,,,,,,,,,,,,,,,,,,,,,,,,,,,,,,,,,,,,,,,,,,,,,,,,,,,,,,,,,,,,,,,,,,,,,,,,,,,,,,,,,,,,116.84044310008176,116.85245520016178,116.85245520016178,116.85245520016178,117.03772599995136,None,,,,,,,,,,,117.05279460013844,117.05279460013844,117.05279460013844,,,,,,,,,,,,,,,,,,,,,,,,,,,,,,,,,P9615,MIC_Bar,7,2,2026-05-07_16h48.09.629,MIC_task,,2026.1.2,60.29795630166393,2026-05-07 16h48.11.390147 +0200,
,,3,0,3,,,,,,,7,b01,orr,nose,2,bodypart,face,7,73,19,35,None,"(-0.1, 0.1)",None,,,,,,,,,,,,,,0,0,0,0,0,9,9,9,3,0,3,0,117.05279460013844,,,,,,,,,,,,,,,,,,,,,,,,,,,,,,,,,,,,,,,,,,,,,,,,,,,,,,,,,,,,,,,,,,,,,,,,,,,,,,,,,,,,,,,,,,,,,,117.04073410015553,117.05279460013844,117.05279460013844,117.05279460013844,117.23833530000411,None,,,,,,,,,,,117.25313980015926,117.25313980015926,117.25313980015926,,,,,,,,,,,,,,,,,,,,,,,,,,,,,,,,,P9615,MIC_Bar,7,2,2026-05-07_16h48.09.629,MIC_task,,2026.1.2,60.29795630166393,2026-05-07 16h48.11.390147 +0200,
,,4,0,4,,,,,,,7,b01,orr,nose,2,bodypart,face,7,73,19,35,None,"(-0.1, 0.1)",None,,,,,,,,,,,,,,0,0,0,0,0,9,9,9,4,0,4,0,117.25313980015926,,,,,,,,,,,,,,,,,,,,,,,,,,,,,,,,,,,,,,,,,,,,,,,,,,,,,,,,,,,,,,,,,,,,,,,,,,,,,,,,,,,,,,,,,,,,,,117.24130380013958,117.25313980015926,117.25313980015926,117.25313980015926,117.43846710002981,None,,,,,,,,,,,,,,,,,,,,,,,,,,,,,,,,,,,,,,,,,,,,,,P9615,MIC_Bar,7,2,2026-05-07_16h48.09.629,MIC_task,,2026.1.2,60.29795630166393,2026-05-07 16h48.11.390147 +0200,
,,5,0,5,,,,,,,7,b01,orr,nose,2,bodypart,face,7,73,19,35,None,"(-0.1, 0.1)",None,,,,,,,,,,,,,,0,0,0,0,0,9,9,9,5,0,5,0,117.45351550006308,,,,,,,,,,,,,,,,,,,,,,,,,,,,,,,,,,,,,,,,,,,,,,,,,,,,,,,,,,,,,,,,,,,,,,,,,,,,,,,,,,,,,,,,,,,,,,117.4418896001298,117.45351550006308,117.45351550006308,117.45351550006308,117.63871580013074,None,,,,,,,,,,,,,,,,,,,,,,,,,,,,,,,,,,,,,,,,,,,,,,P9615,MIC_Bar,7,2,2026-05-07_16h48.09.629,MIC_task,,2026.1.2,60.29795630166393,2026-05-07 16h48.11.390147 +0200,
,,6,0,6,,,,,,,7,b01,orr,nose,2,bodypart,face,7,73,19,35,None,"(-0.1, 0.1)",None,,,,,,,,,,,,,,0,0,0,0,0,9,9,9,6,0,6,0,117.65400460013188,,,,,,,,,,,,,,,,,,,,,,,,,,,,,,,,,,,,,,,,,,,,,,,,,,,,,,,,,,,,,,,,,,,,,,,,,,,,,,,,,,,,,,,,,,,,,,117.64181450009346,117.65400460013188,117.65400460013188,117.65400460013188,117.83822309994139,None,,,,,,,,,,,117.85436300002038,117.85436300002038,117.85436300002038,,,,,,,,,,,,,,,,,,,,,,,,,,,,,,,,,P9615,MIC_Bar,7,2,2026-05-07_16h48.09.629,MIC_task,,2026.1.2,60.29795630166393,2026-05-07 16h48.11.390147 +0200,
,,7,0,7,,,,,,,7,b01,orr,nose,2,bodypart,face,7,73,19,35,None,"(-0.1, 0.1)",None,,,,,,,,,,,,,,0,0,0,0,0,9,9,9,7,0,7,0,117.85436300002038,,,,,,,,,,,,,,,,,,,,,,,,,,,,,,,,,,,,,,,,,,,,,,,,,,,,,,,,,,,,,,,,,,,,,,,,,,,,,,,,,,,,,,,,,,,,,,117.84165329998359,117.85436300002038,117.85436300002038,117.85436300002038,118.03955730004236,None,,,,,,,,,,,,,,,,,,,,,,,,,,,,,,,,,,,,,,,,,,,,,,P9615,MIC_Bar,7,2,2026-05-07_16h48.09.629,MIC_task,,2026.1.2,60.29795630166393,2026-05-07 16h48.11.390147 +0200,
,,8,0,8,,,,,,,7,b01,orr,nose,2,bodypart,face,7,73,19,35,None,"(-0.1, 0.1)",None,,,,,,,,,,,,,,0,0,0,0,0,9,9,9,8,0,8,0,118.05472719995305,,,,,,,,,,,,,,,,,,,,,,,,,,,,,,,,,,,,,,,,,,,,,,,,,,,,,,,,,,,,,,,,,,,,,,,,,,,,,,,,,,,,,,,,,,,,,,118.04331500013359,118.05472719995305,118.05472719995305,118.05472719995305,118.23856159998104,None,,,,,,,,,,,,,,,,,,,,,,,,,,,,,,,,,,,,,,,,,,,,,,P9615,MIC_Bar,7,2,2026-05-07_16h48.09.629,MIC_task,,2026.1.2,60.29795630166393,2026-05-07 16h48.11.390147 +0200,
,,9,0,9,,,,,,,7,b01,orr,nose,2,bodypart,face,7,73,19,35,None,"(-0.1, 0.1)",None,,,,,,,,,,,,,,0,0,0,0,0,9,9,9,9,0,9,0,118.25421339995228,,,,,,,,,,,,,,,,,,,,,,,,,,,,,,,,,,,,,,,,,,,,,,,,,,,,,,,,,,,,,,,,,,,,,,,,,,,,,,,,,,,,,,,,,,,,,,118.24181729997508,118.25421339995228,118.25421339995228,118.25421339995228,118.44051610003226,None,,,,,,,,,,,,,,,,,,,,,,,,,,,,,,,,,,,,,,,,,,,,,,P9615,MIC_Bar,7,2,2026-05-07_16h48.09.629,MIC_task,,2026.1.2,60.29795630166393,2026-05-07 16h48.11.390147 +0200,
,,10,0,10,,,,,,,7,b01,orr,nose,2,bodypart,face,7,73,19,35,None,"(-0.1, 0.1)",None,,,,,,,,,,,,,,0,0,0,0,0,9,9,9,10,0,10,0,118.45464890007861,,,,,,,,,,,,,,,,,,,,,,,,,,,,,,,,,,,,,,,,,,,,,,,,,,,,,,,,,,,,,,,,,,,,,,,,,,,,,,,,,,,,,,,,,,,,,,118.44345400016755,118.45464890007861,118.45464890007861,118.45464890007861,118.63917410001159,None,,,,,,,,,,,,,,,,,,,,,,,,,,,,,,,,,,,,,,,,,,,,,,P9615,MIC_Bar,7,2,2026-05-07_16h48.09.629,MIC_task,,2026.1.2,60.29795630166393,2026-05-07 16h48.11.390147 +0200,
,,11,0,11,,,,,,,7,b01,orr,nose,2,bodypart,face,7,73,19,35,None,"(-0.1, 0.1)",None,,,,,,,,,,,,,,0,0,0,0,0,9,9,9,11,0,11,0,118.65492550004274,,,,,,,,,,,,,,,,,,,,,,,,,,,,,,,,,,,,,,,,,,,,,,,,,,,,,,,,,,,,,,,,,,,,,,,,,,,,,,,,,,,,,,,,,,,,,,118.64230519998819,118.65492550004274,118.65492550004274,118.65492550004274,118.83875220012851,None,,,,,,,,,,,,,,,,,,,,,,,,,,,,,,,,,,,,,,,,,,,,,,P9615,MIC_Bar,7,2,2026-05-07_16h48.09.629,MIC_task,,2026.1.2,60.29795630166393,2026-05-07 16h48.11.390147 +0200,
,,12,0,12,,,,,,,7,b01,orr,nose,2,bodypart,face,7,73,19,35,None,"(-0.1, 0.1)",None,,,,,,,,,,,,,,0,0,0,0,0,9,9,9,12,0,12,0,118.85532790003344,,,,,,,,,,,,,,,,,,,,,,,,,,,,,,,,,,,,,,,,,,,,,,,,,,,,,,,,,,,,,,,,,,,,,,,,,,,,,,,,,,,,,,,,,,,,,,118.84170039999299,118.85532790003344,118.85532790003344,118.85532790003344,119.04003080003895,None,,,,,,,,,,,,,,,,,,,,,,,,,,,,,,,,,,,,,,,,,,,,,,P9615,MIC_Bar,7,2,2026-05-07_16h48.09.629,MIC_task,,2026.1.2,60.29795630166393,2026-05-07 16h48.11.390147 +0200,
,,13,0,13,,,,,,,7,b01,orr,nose,2,bodypart,face,7,73,19,35,None,"(-0.1, 0.1)",None,,,,,,,,,,,,,,0,0,0,0,0,9,9,9,13,0,13,0,119.05575449997559,,,,,,,,,,,,,,,,,,,,,,,,,,,,,,,,,,,,,,,,,,,,,,,,,,,,,,,,,,,,,,,,,,,,,,,,,,,,,,,,,,,,,,,,,,,,,,119.04318629996851,119.05575449997559,119.05575449997559,119.05575449997559,119.23958700010553,None,,,,,,,,,,,,,,,,,,,,,,,,,,,,,,,,,,,,,,,,,,,,,,P9615,MIC_Bar,7,2,2026-05-07_16h48.09.629,MIC_task,,2026.1.2,60.29795630166393,2026-05-07 16h48.11.390147 +0200,
,,14,0,14,,,,,,,7,b01,orr,nose,2,bodypart,face,7,73,19,35,None,"(-0.1, 0.1)",None,,,,,,,,,,,,,,0,0,0,0,0,9,9,9,14,0,14,0,119.25615629996173,,,,,,,,,,,,,,,,,,,,,,,,,,,,,,,,,,,,,,,,,,,,,,,,,,,,,,,,,,,,,,,,,,,,,,,,,,,,,,,,,,,,,,,,,,,,,,119.24263989995234,119.25615629996173,119.25615629996173,119.25615629996173,119.44001110014506,None,,,,,,,,,,,,,,,,,,,,,,,,,,,,,,,,,,,,,,,,,,,,,,P9615,MIC_Bar,7,2,2026-05-07_16h48.09.629,MIC_task,,2026.1.2,60.29795630166393,2026-05-07 16h48.11.390147 +0200,
,,15,0,15,,,,,,,7,b01,orr,nose,2,bodypart,face,7,73,19,35,None,"(-0.1, 0.1)",None,,,,,,,,,,,,,,0,0,0,0,0,9,9,9,15,0,15,0,119.45648010005243,,,,,,,,,,,,,,,,,,,,,,,,,,,,,,,,,,,,,,,,,,,,,,,,,,,,,,,,,,,,,,,,,,,,,,,,,,,,,,,,,,,,,,,,,,,,,,119.44311819993891,119.45648010005243,119.45648010005243,119.45648010005243,119.64028630009852,None,,,,,,,,,,,,,,,,,,,,,,,,,,,,,,,,,,,,,,,,,,,,,,P9615,MIC_Bar,7,2,2026-05-07_16h48.09.629,MIC_task,,2026.1.2,60.29795630166393,2026-05-07 16h48.11.390147 +0200,
,,16,0,16,,,,,,,7,b01,orr,nose,2,bodypart,face,7,73,19,35,None,"(-0.1, 0.1)",None,,,,,,,,,,,,,,0,0,0,0,0,9,9,9,16,0,16,0,119.65689780004323,,,,,,,,,,,,,,,,,,,,,,,,,,,,,,,,,,,,,,,,,,,,,,,,,,,,,,,,,,,,,,,,,,,,,,,,,,,,,,,,,,,,,,,,,,,,,,119.64350840006955,119.65689780004323,119.65689780004323,119.65689780004323,119.8406911001075,None,,,,,,,,,,,,,,,,,,,,,,,,,,,,,,,,,,,,,,,,,,,,,,P9615,MIC_Bar,7,2,2026-05-07_16h48.09.629,MIC_task,,2026.1.2,60.29795630166393,2026-05-07 16h48.11.390147 +0200,
,,17,0,17,,,,,,,7,b01,orr,nose,2,bodypart,face,7,73,19,35,None,"(-0.1, 0.1)",None,,,,,,,,,,,,,,0,0,0,0,0,9,9,9,17,0,17,0,119.85728799994104,,,,,,,,,,,,,,,,,,,,,,,,,,,,,,,,,,,,,,,,,,,,,,,,,,,,,,,,,,,,,,,,,,,,,,,,,,,,,,,,,,,,,,,,,,,,,,119.8440098001156,119.85728799994104,119.85728799994104,119.85728799994104,120.04237750009634,None,,,,,,,,,,,,,,,,,,,,,,,,,,,,,,,,,,,,,,,,,,,,,,P9615,MIC_Bar,7,2,2026-05-07_16h48.09.629,MIC_task,,2026.1.2,60.29795630166393,2026-05-07 16h48.11.390147 +0200,
,,18,0,18,,,,,,,7,b01,orr,nose,2,bodypart,face,7,73,19,35,None,"(-0.1, 0.1)",None,,,,,,,,,,,,,,0,0,0,0,0,9,9,9,18,0,18,0,120.05770070012659,,,,,,,,,,,,,,,,,,,,,,,,,,,,,,,,,,,,,,,,,,,,,,,,,,,,,,,,,,,,,,,,,,,,,,,,,,,,,,,,,,,,,,,,,,,,,,120.04536820016801,120.05770070012659,120.05770070012659,120.05770070012659,120.2429262001533,None,,,,,,,,,,,,,,,,,,,,,,,,,,,,,,,,,,,,,,,,,,,,,,P9615,MIC_Bar,7,2,2026-05-07_16h48.09.629,MIC_task,,2026.1.2,60.29795630166393,2026-05-07 16h48.11.390147 +0200,
,,19,0,19,,,,,,,7,b01,orr,nose,2,bodypart,face,7,73,19,35,None,"(-0.1, 0.1)",None,,,,,,,,,,,,,,0,0,0,0,0,9,9,9,19,0,19,0,120.25806550006382,,,,,,,,,,,,,,,,,,,,,,,,,,,,,,,,,,,,,,,,,,,,,,,,,,,,,,,,,,,,,,,,,,,,,,,,,,,,,,,,,,,,,,,,,,,,,,120.24582380009815,120.25806550006382,120.25806550006382,120.25806550006382,120.44188950001262,None,,,,,,,,,,,,,,,,,,,,,,,,,,,,,,,,,,,,,,,,,,,,,,P9615,MIC_Bar,7,2,2026-05-07_16h48.09.629,MIC_task,,2026.1.2,60.29795630166393,2026-05-07 16h48.11.390147 +0200,
,,20,0,20,,,,,,,7,b01,orr,nose,2,bodypart,face,7,73,19,35,None,"(-0.1, 0.1)",None,,,,,,,,,,,,,,0,0,0,0,0,9,9,9,20,0,20,0,120.45851260004565,,,,,,,,,,,,,,,,,,,,,,,,,,,,,,,,,,,,,,,,,,,,,,,,,,,,,,,,,,,,,,,,,,,,,,,,,,,,,,,,,,,,,,,,,,,,,,120.4449706999585,120.45851260004565,120.45851260004565,120.45851260004565,120.64226979995146,None,,,,,,,,,,,,,,,,,,,,,,,,,,,,,,,,,,,,,,,,,,,,,,P9615,MIC_Bar,7,2,2026-05-07_16h48.09.629,MIC_task,,2026.1.2,60.29795630166393,2026-05-07 16h48.11.390147 +0200,
,,21,0,21,,,,,,,7,b01,orr,nose,2,bodypart,face,7,73,19,35,None,"(-0.1, 0.1)",None,,,,,,,,,,,,,,0,0,0,0,0,9,9,9,21,0,21,0,120.65880910004489,,,,,,,,,,,,,,,,,,,,,,,,,,,,,,,,,,,,,,,,,,,,,,,,,,,,,,,,,,,,,,,,,,,,,,,,,,,,,,,,,,,,,,,,,,,,,,120.6452314001508,120.65880910004489,120.65880910004489,120.65880910004489,120.84261099994183,None,,,,,,,,,,,,,,,,,,,,,,,,,,,,,,,,,,,,,,,,,,,,,,P9615,MIC_Bar,7,2,2026-05-07_16h48.09.629,MIC_task,,2026.1.2,60.29795630166393,2026-05-07 16h48.11.390147 +0200,
,,22,0,22,,,,,,,7,b01,orr,nose,2,bodypart,face,7,73,19,35,None,"(-0.1, 0.1)",None,,,,,,,,,,,,,,0,0,0,0,0,9,9,9,22,0,22,0,120.8583462999668,,,,,,,,,,,,,,,,,,,,,,,,,,,,,,,,,,,,,,,,,,,,,,,,,,,,,,,,,,,,,,,,,,,,,,,,,,,,,,,,,,,,,,,,,,,,,,120.8457977999933,120.8583462999668,120.8583462999668,120.8583462999668,121.04209770006128,None,,,,,,,,,,,,,,,,,,,,,,,,,,,,,,,,,,,,,,,,,,,,,,P9615,MIC_Bar,7,2,2026-05-07_16h48.09.629,MIC_task,,2026.1.2,60.29795630166393,2026-05-07 16h48.11.390147 +0200,
,,23,0,23,,,,,,,7,b01,orr,nose,2,bodypart,face,7,73,19,35,None,"(-0.1, 0.1)",None,,,,,,,,,,,,,,0,0,0,0,0,9,9,9,23,0,23,0,121.05873519997112,,,,,,,,,,,,,,,,,,,,,,,,,,,,,,,,,,,,,,,,,,,,,,,,,,,,,,,,,,,,,,,,,,,,,,,,,,,,,,,,,,,,,,,,,,,,,,121.04517890000716,121.05873519997112,121.05873519997112,121.05873519997112,121.2436400000006,None,,,,,,,,,,,,,,,,,,,,,,,,,,,,,,,,,,,,,,,,,,,,,,P9615,MIC_Bar,7,2,2026-05-07_16h48.09.629,MIC_task,,2026.1.2,60.29795630166393,2026-05-07 16h48.11.390147 +0200,
,,24,0,24,,,,,,,7,b01,orr,nose,2,bodypart,face,7,73,19,35,None,"(-0.1, 0.1)",None,,,,,,,,,,,,,,0,0,0,0,0,9,9,9,24,0,24,0,121.25912080006674,,,,,,,,,,,,,,,,,,,,,,,,,,,,,,,,,,,,,,,,,,,,,,,,,,,,,,,,,,,,,,,,,,,,,,,,,,,,,,,,,,,,,,,,,,,,,,121.24651410011575,121.25912080006674,121.25912080006674,121.25912080006674,121.44412040011957,None,,,,,,,,,,,,,,,,,,,,,,,,,,,,,,,,,,,,,,,,,,,,,,P9615,MIC_Bar,7,2,2026-05-07_16h48.09.629,MIC_task,,2026.1.2,60.29795630166393,2026-05-07 16h48.11.390147 +0200,
,,25,0,25,,,,,,,7,b01,orr,nose,2,bodypart,face,7,73,19,35,None,"(-0.1, 0.1)",None,,,,,,,,,,,,,,0,0,0,0,0,9,9,9,25,0,25,0,121.45944180013612,,,,,,,,,,,,,,,,,,,,,,,,,,,,,,,,,,,,,,,,,,,,,,,,,,,,,,,,,,,,,,,,,,,,,,,,,,,,,,,,,,,,,,,,,,,,,,121.44703619997017,121.45944180013612,121.45944180013612,121.45944180013612,121.6434983999934,None,,,,,,,,,,,,,,,,,,,,,,,,,,,,,,,,,,,,,,,,,,,,,,P9615,MIC_Bar,7,2,2026-05-07_16h48.09.629,MIC_task,,2026.1.2,60.29795630166393,2026-05-07 16h48.11.390147 +0200,
,,26,0,26,,,,,,,7,b01,orr,nose,2,bodypart,face,7,73,19,35,None,"(-0.1, 0.1)",None,,,,,,,,,,,,,,0,0,0,0,0,9,9,9,26,0,26,0,121.65979960002005,,,,,,,,,,,,,,,,,,,,,,,,,,,,,,,,,,,,,,,,,,,,,,,,,,,,,,,,,,,,,,,,,,,,,,,,,,,,,,,,,,,,,,,,,,,,,,121.6462420001626,121.65979960002005,121.65979960002005,121.65979960002005,121.84366760007106,None,,,,,,,,,,,,,,,,,,,,,,,,,,,,,,,,,,,,,,,,,,,,,,P9615,MIC_Bar,7,2,2026-05-07_16h48.09.629,MIC_task,,2026.1.2,60.29795630166393,2026-05-07 16h48.11.390147 +0200,
,,27,0,27,,,,,,,7,b01,orr,nose,2,bodypart,face,7,73,19,35,None,"(-0.1, 0.1)",None,,,,,,,,,,,,,,0,0,0,0,0,9,9,9,27,0,27,0,121.86021730001085,,,,,,,,,,,,,,,,,,,,,,,,,,,,,,,,,,,,,,,,,,,,,,,,,,,,,,,,,,,,,,,,,,,,,,,,,,,,,,,,,,,,,,,,,,,,,,121.84670690004714,121.86021730001085,121.86021730001085,121.86021730001085,122.04399759997614,None,,,,,,,,,,,,,,,,,,,,,,,,,,,,,,,,,,,,,,,,,,,,,,P9615,MIC_Bar,7,2,2026-05-07_16h48.09.629,MIC_task,,2026.1.2,60.29795630166393,2026-05-07 16h48.11.390147 +0200,
,,28,0,28,,,,,,,7,b01,orr,nose,2,bodypart,face,7,73,19,35,None,"(-0.1, 0.1)",None,,,,,,,,,,,,,,0,0,0,0,0,9,9,9,28,0,28,0,122.06059080013074,,,,,,,,,,,,,,,,,,,,,,,,,,,,,,,,,,,,,,,,,,,,,,,,,,,,,,,,,,,,,,,,,,,,,,,,,,,,,,,,,,,,,,,,,,,,,,122.04711910011247,122.06059080013074,122.06059080013074,122.06059080013074,122.24442690005526,None,,,,,,,,,,,,,,,,,,,,,,,,,,,,,,,,,,,,,,,,,,,,,,P9615,MIC_Bar,7,2,2026-05-07_16h48.09.629,MIC_task,,2026.1.2,60.29795630166393,2026-05-07 16h48.11.390147 +0200,
,,29,0,29,,,,,,,7,b01,orr,nose,2,bodypart,face,7,73,19,35,None,"(-0.1, 0.1)",None,,,,,,,,,,,,,,0,0,0,0,0,9,9,9,29,0,29,0,122.26102000009269,,,,,,,,,,,,,,,,,,,,,,,,,,,,,,,,,,,,,,,,,,,,,,,,,,,,,,,,,,,,,,,,,,,,,,,,,,,,,,,,,,,,,,,,,,,,,,122.24738590000197,122.26102000009269,122.26102000009269,122.26102000009269,122.4463041999843,None,,,,,,,,,,,,,,,,,,,,,,,,,,,,,,,,,,,,,,,,,,,,,,P9615,MIC_Bar,7,2,2026-05-07_16h48.09.629,MIC_task,,2026.1.2,60.29795630166393,2026-05-07 16h48.11.390147 +0200,
,,30,0,30,,,,,,,7,b01,orr,nose,2,bodypart,face,7,73,19,35,None,"(-0.1, 0.1)",None,,,,,,,,,,,,,,0,0,0,0,0,9,9,9,30,0,30,0,122.46138240001164,,,,,,,,,,,,,,,,,,,,,,,,,,,,,,,,,,,,,,,,,,,,,,,,,,,,,,,,,,,,,,,,,,,,,,,,,,,,,,,,,,,,,,,,,,,,,,122.44925100007094,122.46138240001164,122.46138240001164,122.46138240001164,122.64517379994504,None,,,,,,,,,,,,,,,,,,,,,,,,,,,,,,,,,,,,,,,,,,,,,,P9615,MIC_Bar,7,2,2026-05-07_16h48.09.629,MIC_task,,2026.1.2,60.29795630166393,2026-05-07 16h48.11.390147 +0200,
,,31,0,31,,,,,,,7,b01,orr,nose,2,bodypart,face,7,73,19,35,None,"(-0.1, 0.1)",None,,,,,,,,,,,,,,0,0,0,0,0,9,9,9,31,0,31,0,122.66183470003307,,,,,,,,,,,,,,,,,,,,,,,,,,,,,,,,,,,,,,,,,,,,,,,,,,,,,,,,,,,,,,,,,,,,,,,,,,,,,,,,,,,,,,,,,,,,,,122.64823590009473,122.66183470003307,122.66183470003307,122.66183470003307,122.8456343000289,None,,,,,,,,,,,,,,,,,,,,,,,,,,,,,,,,,,,,,,,,,,,,,,P9615,MIC_Bar,7,2,2026-05-07_16h48.09.629,MIC_task,,2026.1.2,60.29795630166393,2026-05-07 16h48.11.390147 +0200,
,,32,0,32,,,,,,,7,b01,orr,nose,2,bodypart,face,7,73,19,35,None,"(-0.1, 0.1)",space,0.1625779999885708,None,,,,,,,,,,,,0,0,0,0,0,9,9,9,32,0,32,0,122.8622870000545,,,,,,,,,,,,,,,,,,,,,,,,,,,,,,,,,,,,,,,,,,,,,,,,,,,,,,,,,,,,,,,,,,,,,,,,,,,,,,,,,,,,,,,,,,,,,,122.84863950009458,122.8622870000545,122.8622870000545,122.8622870000545,123.03164530009963,space,0.1625779999885708,None,,,,,,,,,,,,,,,,,,,,,,,,,,,,,,,,,,,,,,,,,,,,P9615,MIC_Bar,7,2,2026-05-07_16h48.09.629,MIC_task,,2026.1.2,60.29795630166393,2026-05-07 16h48.11.390147 +0200,
,,9,9,0,,,,space,0.18106189998798072,None,7,b01,orr,nose,2,bodypart,face,7,73,19,35,None,"(-0.1, 0.1)",,,,,,,,,,,,,,,0,0,0,0,0,9,9,9,,,,,,,,,,,,,,,,,,,,,,,,,,,,,,,,,,,,,,,,,,,,,,,,,,,,,,,,,,,,,,,,,,,,,,,,,,,,,,,,123.08765660016797,123.09295299998485,123.09728176660525,125.03356839995831,,,,,,127.03649100009352,127.05166410002857,127.05166410002857,127.23633630014956,,,,,,,,,,,,,,,125.06351310014725,125.06838660012,125.06676483329696,126.96933690016158,127.03644350008108,space,0.18106189998798072,None,,,,,,,,,,,,,,,,,,,,,,,,,,,,,,,,,,,,P9615,MIC_Bar,7,2,2026-05-07_16h48.09.629,MIC_task,,2026.1.2,60.29795630166393,2026-05-07 16h48.11.390147 +0200,
,,0,0,0,,,,,,,7,v12,busz,bus,10,vehicles,wheels,6.8,None,None,None,19,"(0, 0)",None,,,,,,,,,,,,,,0,0,0,0,0,10,10,10,0,0,0,0,127.25211840006523,,,,,,,,,,,,,,,,,,,,,,,,,,,,,,,,,,,,,,,,,,,,,,,,,,,,,,,,,,,,,,,,,,,,,,,,,,,,,,,,,,,,,,,,,,,,,,127.24013320007361,127.25211840006523,127.25211840006523,127.25211840006523,127.43636399996467,None,,,,,,,,,,,127.45246040006168,127.45246040006168,127.45246040006168,,,,,,,,,,,,,,,,,,,,,,,,,,,,,,,,,P9615,MIC_Bar,7,2,2026-05-07_16h48.09.629,MIC_task,,2026.1.2,60.29795630166393,2026-05-07 16h48.11.390147 +0200,
,,0,0,0,,,,,,,7,v12,busz,bus,10,vehicles,wheels,6.8,None,None,None,19,"(0, 0)",None,,,,,,,,,,,,,,0,0,0,0,0,10,10,10,0,0,0,0,127.45246040006168,,,,,,,,,,,,,,,,,,,,,,,,,,,,,,,,,,,,,,,,,,,,,,,,,,,,,,,,,,,,,,,,,,,,,,,,,,,,,,,,,,,,,,,,,,,,,,127.43954730010591,127.45246040006168,127.45246040006168,127.45246040006168,127.63575030001812,None,,,,,,,,,,,127.65282490011305,127.65282490011305,127.65282490011305,,,,,,,,,,,,,,,,,,,,,,,,,,,,,,,,,P9615,MIC_Bar,7,2,2026-05-07_16h48.09.629,MIC_task,,2026.1.2,60.29795630166393,2026-05-07 16h48.11.390147 +0200,
,,1,0,1,,,,,,,7,v12,busz,bus,10,vehicles,wheels,6.8,None,None,None,19,"(0, 0)",None,,,,,,,,,,,,,,0,0,0,0,0,10,10,10,1,0,1,0,127.65282490011305,,,,,,,,,,,,,,,,,,,,,,,,,,,,,,,,,,,,,,,,,,,,,,,,,,,,,,,,,,,,,,,,,,,,,,,,,,,,,,,,,,,,,,,,,,,,,,127.63893739995547,127.65282490011305,127.65282490011305,127.65282490011305,127.83620330016129,None,,,,,,,,,,,127.852308700094,127.852308700094,127.852308700094,,,,,,,,,,,,,,,,,,,,,,,,,,,,,,,,,P9615,MIC_Bar,7,2,2026-05-07_16h48.09.629,MIC_task,,2026.1.2,60.29795630166393,2026-05-07 16h48.11.390147 +0200,
,,2,0,2,,,,,,,7,v12,busz,bus,10,vehicles,wheels,6.8,None,None,None,19,"(0, 0)",None,,,,,,,,,,,,,,0,0,0,0,0,10,10,10,2,0,2,0,127.852308700094,,,,,,,,,,,,,,,,,,,,,,,,,,,,,,,,,,,,,,,,,,,,,,,,,,,,,,,,,,,,,,,,,,,,,,,,,,,,,,,,,,,,,,,,,,,,,,127.83954220009036,127.852308700094,127.852308700094,127.852308700094,128.03652770002373,None,,,,,,,,,,,128.05268760002218,128.05268760002218,128.05268760002218,,,,,,,,,,,,,,,,,,,,,,,,,,,,,,,,,P9615,MIC_Bar,7,2,2026-05-07_16h48.09.629,MIC_task,,2026.1.2,60.29795630166393,2026-05-07 16h48.11.390147 +0200,
,,3,0,3,,,,,,,7,v12,busz,bus,10,vehicles,wheels,6.8,None,None,None,19,"(0, 0)",None,,,,,,,,,,,,,,0,0,0,0,0,10,10,10,3,0,3,0,128.05268760002218,,,,,,,,,,,,,,,,,,,,,,,,,,,,,,,,,,,,,,,,,,,,,,,,,,,,,,,,,,,,,,,,,,,,,,,,,,,,,,,,,,,,,,,,,,,,,,128.03981690015644,128.05268760002218,128.05268760002218,128.05268760002218,128.23644970008172,None,,,,,,,,,,,,,,,,,,,,,,,,,,,,,,,,,,,,,,,,,,,,,,P9615,MIC_Bar,7,2,2026-05-07_16h48.09.629,MIC_task,,2026.1.2,60.29795630166393,2026-05-07 16h48.11.390147 +0200,
,,4,0,4,,,,,,,7,v12,busz,bus,10,vehicles,wheels,6.8,None,None,None,19,"(0, 0)",None,,,,,,,,,,,,,,0,0,0,0,0,10,10,10,4,0,4,0,128.2531173999887,,,,,,,,,,,,,,,,,,,,,,,,,,,,,,,,,,,,,,,,,,,,,,,,,,,,,,,,,,,,,,,,,,,,,,,,,,,,,,,,,,,,,,,,,,,,,,128.23963450011797,128.2531173999887,128.2531173999887,128.2531173999887,128.43684700015,None,,,,,,,,,,,,,,,,,,,,,,,,,,,,,,,,,,,,,,,,,,,,,,P9615,MIC_Bar,7,2,2026-05-07_16h48.09.629,MIC_task,,2026.1.2,60.29795630166393,2026-05-07 16h48.11.390147 +0200,
,,5,0,5,,,,,,,7,v12,busz,bus,10,vehicles,wheels,6.8,None,None,None,19,"(0, 0)",None,,,,,,,,,,,,,,0,0,0,0,0,10,10,10,5,0,5,0,128.4534642000217,,,,,,,,,,,,,,,,,,,,,,,,,,,,,,,,,,,,,,,,,,,,,,,,,,,,,,,,,,,,,,,,,,,,,,,,,,,,,,,,,,,,,,,,,,,,,,128.44025430013426,128.4534642000217,128.4534642000217,128.4534642000217,128.63870310015045,None,,,,,,,,,,,,,,,,,,,,,,,,,,,,,,,,,,,,,,,,,,,,,,P9615,MIC_Bar,7,2,2026-05-07_16h48.09.629,MIC_task,,2026.1.2,60.29795630166393,2026-05-07 16h48.11.390147 +0200,
,,6,0,6,,,,,,,7,v12,busz,bus,10,vehicles,wheels,6.8,None,None,None,19,"(0, 0)",None,,,,,,,,,,,,,,0,0,0,0,0,10,10,10,6,0,6,0,128.65391500014812,,,,,,,,,,,,,,,,,,,,,,,,,,,,,,,,,,,,,,,,,,,,,,,,,,,,,,,,,,,,,,,,,,,,,,,,,,,,,,,,,,,,,,,,,,,,,,128.6418343000114,128.65391500014812,128.65391500014812,128.65391500014812,128.83769150008447,None,,,,,,,,,,,,,,,,,,,,,,,,,,,,,,,,,,,,,,,,,,,,,,P9615,MIC_Bar,7,2,2026-05-07_16h48.09.629,MIC_task,,2026.1.2,60.29795630166393,2026-05-07 16h48.11.390147 +0200,
,,7,0,7,,,,,,,7,v12,busz,bus,10,vehicles,wheels,6.8,None,None,None,19,"(0, 0)",None,,,,,,,,,,,,,,0,0,0,0,0,10,10,10,7,0,7,0,128.85423419997096,,,,,,,,,,,,,,,,,,,,,,,,,,,,,,,,,,,,,,,,,,,,,,,,,,,,,,,,,,,,,,,,,,,,,,,,,,,,,,,,,,,,,,,,,,,,,,128.84103709994815,128.85423419997096,128.85423419997096,128.85423419997096,129.03939869999886,None,,,,,,,,,,,,,,,,,,,,,,,,,,,,,,,,,,,,,,,,,,,,,,P9615,MIC_Bar,7,2,2026-05-07_16h48.09.629,MIC_task,,2026.1.2,60.29795630166393,2026-05-07 16h48.11.390147 +0200,
,,8,0,8,,,,,,,7,v12,busz,bus,10,vehicles,wheels,6.8,None,None,None,19,"(0, 0)",None,,,,,,,,,,,,,,0,0,0,0,0,10,10,10,8,0,8,0,129.0545988001395,,,,,,,,,,,,,,,,,,,,,,,,,,,,,,,,,,,,,,,,,,,,,,,,,,,,,,,,,,,,,,,,,,,,,,,,,,,,,,,,,,,,,,,,,,,,,,129.0430689000059,129.0545988001395,129.0545988001395,129.0545988001395,129.23836409999058,None,,,,,,,,,,,,,,,,,,,,,,,,,,,,,,,,,,,,,,,,,,,,,,P9615,MIC_Bar,7,2,2026-05-07_16h48.09.629,MIC_task,,2026.1.2,60.29795630166393,2026-05-07 16h48.11.390147 +0200,
,,9,0,9,,,,,,,7,v12,busz,bus,10,vehicles,wheels,6.8,None,None,None,19,"(0, 0)",None,,,,,,,,,,,,,,0,0,0,0,0,10,10,10,9,0,9,0,129.25498450011946,,,,,,,,,,,,,,,,,,,,,,,,,,,,,,,,,,,,,,,,,,,,,,,,,,,,,,,,,,,,,,,,,,,,,,,,,,,,,,,,,,,,,,,,,,,,,,129.24153070012107,129.25498450011946,129.25498450011946,129.25498450011946,129.43885349994525,None,,,,,,,,,,,,,,,,,,,,,,,,,,,,,,,,,,,,,,,,,,,,,,P9615,MIC_Bar,7,2,2026-05-07_16h48.09.629,MIC_task,,2026.1.2,60.29795630166393,2026-05-07 16h48.11.390147 +0200,
,,10,0,10,,,,,,,7,v12,busz,bus,10,vehicles,wheels,6.8,None,None,None,19,"(0, 0)",None,,,,,,,,,,,,,,0,0,0,0,0,10,10,10,10,0,10,0,129.4544417001307,,,,,,,,,,,,,,,,,,,,,,,,,,,,,,,,,,,,,,,,,,,,,,,,,,,,,,,,,,,,,,,,,,,,,,,,,,,,,,,,,,,,,,,,,,,,,,129.44191980012693,129.4544417001307,129.4544417001307,129.4544417001307,129.64070400013588,None,,,,,,,,,,,,,,,,,,,,,,,,,,,,,,,,,,,,,,,,,,,,,,P9615,MIC_Bar,7,2,2026-05-07_16h48.09.629,MIC_task,,2026.1.2,60.29795630166393,2026-05-07 16h48.11.390147 +0200,
,,11,0,11,,,,,,,7,v12,busz,bus,10,vehicles,wheels,6.8,None,None,None,19,"(0, 0)",None,,,,,,,,,,,,,,0,0,0,0,0,10,10,10,11,0,11,0,129.65587499993853,,,,,,,,,,,,,,,,,,,,,,,,,,,,,,,,,,,,,,,,,,,,,,,,,,,,,,,,,,,,,,,,,,,,,,,,,,,,,,,,,,,,,,,,,,,,,,129.6439851000905,129.65587499993853,129.65587499993853,129.65587499993853,129.84085440007038,None,,,,,,,,,,,,,,,,,,,,,,,,,,,,,,,,,,,,,,,,,,,,,,P9615,MIC_Bar,7,2,2026-05-07_16h48.09.629,MIC_task,,2026.1.2,60.29795630166393,2026-05-07 16h48.11.390147 +0200,
,,12,0,12,,,,,,,7,v12,busz,bus,10,vehicles,wheels,6.8,None,None,None,19,"(0, 0)",None,,,,,,,,,,,,,,0,0,0,0,0,10,10,10,12,0,12,0,129.8561605999712,,,,,,,,,,,,,,,,,,,,,,,,,,,,,,,,,,,,,,,,,,,,,,,,,,,,,,,,,,,,,,,,,,,,,,,,,,,,,,,,,,,,,,,,,,,,,,129.84418789995834,129.8561605999712,129.8561605999712,129.8561605999712,130.0399960000068,None,,,,,,,,,,,,,,,,,,,,,,,,,,,,,,,,,,,,,,,,,,,,,,P9615,MIC_Bar,7,2,2026-05-07_16h48.09.629,MIC_task,,2026.1.2,60.29795630166393,2026-05-07 16h48.11.390147 +0200,
,,13,0,13,,,,,,,7,v12,busz,bus,10,vehicles,wheels,6.8,None,None,None,19,"(0, 0)",None,,,,,,,,,,,,,,0,0,0,0,0,10,10,10,13,0,13,0,130.05565660004504,,,,,,,,,,,,,,,,,,,,,,,,,,,,,,,,,,,,,,,,,,,,,,,,,,,,,,,,,,,,,,,,,,,,,,,,,,,,,,,,,,,,,,,,,,,,,,130.0432839000132,130.05565660004504,130.05565660004504,130.05565660004504,130.23948989994824,None,,,,,,,,,,,,,,,,,,,,,,,,,,,,,,,,,,,,,,,,,,,,,,P9615,MIC_Bar,7,2,2026-05-07_16h48.09.629,MIC_task,,2026.1.2,60.29795630166393,2026-05-07 16h48.11.390147 +0200,
,,14,0,14,,,,,,,7,v12,busz,bus,10,vehicles,wheels,6.8,None,None,None,19,"(0, 0)",None,,,,,,,,,,,,,,0,0,0,0,0,10,10,10,14,0,14,0,130.25601420016028,,,,,,,,,,,,,,,,,,,,,,,,,,,,,,,,,,,,,,,,,,,,,,,,,,,,,,,,,,,,,,,,,,,,,,,,,,,,,,,,,,,,,,,,,,,,,,130.2427197000943,130.25601420016028,130.25601420016028,130.25601420016028,130.44084049994126,None,,,,,,,,,,,,,,,,,,,,,,,,,,,,,,,,,,,,,,,,,,,,,,P9615,MIC_Bar,7,2,2026-05-07_16h48.09.629,MIC_task,,2026.1.2,60.29795630166393,2026-05-07 16h48.11.390147 +0200,
,,15,0,15,,,,,,,7,v12,busz,bus,10,vehicles,wheels,6.8,None,None,None,19,"(0, 0)",None,,,,,,,,,,,,,,0,0,0,0,0,10,10,10,15,0,15,0,130.45641280012205,,,,,,,,,,,,,,,,,,,,,,,,,,,,,,,,,,,,,,,,,,,,,,,,,,,,,,,,,,,,,,,,,,,,,,,,,,,,,,,,,,,,,,,,,,,,,,130.44404810015112,130.45641280012205,130.45641280012205,130.45641280012205,130.64179669995792,None,,,,,,,,,,,,,,,,,,,,,,,,,,,,,,,,,,,,,,,,,,,,,,P9615,MIC_Bar,7,2,2026-05-07_16h48.09.629,MIC_task,,2026.1.2,60.29795630166393,2026-05-07 16h48.11.390147 +0200,
,,16,0,16,,,,,,,7,v12,busz,bus,10,vehicles,wheels,6.8,None,None,None,19,"(0, 0)",None,,,,,,,,,,,,,,0,0,0,0,0,10,10,10,16,0,16,0,130.65681730001234,,,,,,,,,,,,,,,,,,,,,,,,,,,,,,,,,,,,,,,,,,,,,,,,,,,,,,,,,,,,,,,,,,,,,,,,,,,,,,,,,,,,,,,,,,,,,,130.6451225001365,130.65681730001234,130.65681730001234,130.65681730001234,130.8418948999606,None,,,,,,,,,,,,,,,,,,,,,,,,,,,,,,,,,,,,,,,,,,,,,,P9615,MIC_Bar,7,2,2026-05-07_16h48.09.629,MIC_task,,2026.1.2,60.29795630166393,2026-05-07 16h48.11.390147 +0200,
,,17,0,17,,,,,,,7,v12,busz,bus,10,vehicles,wheels,6.8,None,None,None,19,"(0, 0)",space,0.07966629997827113,None,,,,,,,,,,,,0,0,0,0,0,10,10,10,17,0,17,0,130.8571540999692,,,,,,,,,,,,,,,,,,,,,,,,,,,,,,,,,,,,,,,,,,,,,,,,,,,,,,,,,,,,,,,,,,,,,,,,,,,,,,,,,,,,,,,,,,,,,,130.84540260001086,130.8571540999692,130.8571540999692,130.8571540999692,130.94226670009084,space,0.07966629997827113,None,,,,,,,,,,,,,,,,,,,,,,,,,,,,,,,,,,,,,,,,,,,,P9615,MIC_Bar,7,2,2026-05-07_16h48.09.629,MIC_task,,2026.1.2,60.29795630166393,2026-05-07 16h48.11.390147 +0200,
,,10,10,0,,,,space,0.7651205998845398,None,7,v12,busz,bus,10,vehicles,wheels,6.8,None,None,None,19,"(0, 0)",,,,,,,,,,,,,,,0,0,0,0,0,10,10,10,,,,,,,,,,,,,,,,,,,,,,,,,,,,,,,,,,,,,,,,,,,,,,,,,,,,,,,,,,,,,,,,,,,,,,,,,,,,,,,,130.99838150013238,131.00290830014274,131.00776616671746,132.94438700005412,,,,,,134.94715170003474,134.96374700008892,134.96374700008892,135.7331775999628,,,,,,,,,,,,,,,132.97209160006605,132.97828779998235,132.97757583333492,134.86384590016678,134.94709419994615,space,0.7651205998845398,None,,,,,,,,,,,,,,,,,,,,,,,,,,,,,,,,,,,,P9615,MIC_Bar,7,2,2026-05-07_16h48.09.629,MIC_task,,2026.1.2,60.29795630166393,2026-05-07 16h48.11.390147 +0200,
,,0,0,0,,,,,,,7,f08,sajt,cheese,4,food,dairy,7,10486,21,51,None,"(-0.1, 0)",None,,,,,,,,,,,,,,0,0,0,0,0,11,11,11,0,0,0,0,135.74762300006114,,,,,,,,,,,,,,,,,,,,,,,,,,,,,,,,,,,,,,,,,,,,,,,,,,,,,,,,,,,,,,,,,,,,,,,,,,,,,,,,,,,,,,,,,,,,,,135.73636520002037,135.74762300006114,135.74762300006114,135.74762300006114,135.93334260000847,None,,,,,,,,,,,135.94802889996208,135.94802889996208,135.94802889996208,,,,,,,,,,,,,,,,,,,,,,,,,,,,,,,,,P9615,MIC_Bar,7,2,2026-05-07_16h48.09.629,MIC_task,,2026.1.2,60.29795630166393,2026-05-07 16h48.11.390147 +0200,
,,0,0,0,,,,,,,7,f08,sajt,cheese,4,food,dairy,7,10486,21,51,None,"(-0.1, 0)",None,,,,,,,,,,,,,,0,0,0,0,0,11,11,11,0,0,0,0,135.94802889996208,,,,,,,,,,,,,,,,,,,,,,,,,,,,,,,,,,,,,,,,,,,,,,,,,,,,,,,,,,,,,,,,,,,,,,,,,,,,,,,,,,,,,,,,,,,,,,135.93643180001527,135.94802889996208,135.94802889996208,135.94802889996208,136.1322229001671,None,,,,,,,,,,,136.14836580003612,136.14836580003612,136.14836580003612,,,,,,,,,,,,,,,,,,,,,,,,,,,,,,,,,P9615,MIC_Bar,7,2,2026-05-07_16h48.09.629,MIC_task,,2026.1.2,60.29795630166393,2026-05-07 16h48.11.390147 +0200,
,,1,0,1,,,,,,,7,f08,sajt,cheese,4,food,dairy,7,10486,21,51,None,"(-0.1, 0)",None,,,,,,,,,,,,,,0,0,0,0,0,11,11,11,1,0,1,0,136.14836580003612,,,,,,,,,,,,,,,,,,,,,,,,,,,,,,,,,,,,,,,,,,,,,,,,,,,,,,,,,,,,,,,,,,,,,,,,,,,,,,,,,,,,,,,,,,,,,,136.13560430007055,136.14836580003612,136.14836580003612,136.14836580003612,136.33428249997087,None,,,,,,,,,,,,,,,,,,,,,,,,,,,,,,,,,,,,,,,,,,,,,,P9615,MIC_Bar,7,2,2026-05-07_16h48.09.629,MIC_task,,2026.1.2,60.29795630166393,2026-05-07 16h48.11.390147 +0200,
,,2,0,2,,,,,,,7,f08,sajt,cheese,4,food,dairy,7,10486,21,51,None,"(-0.1, 0)",None,,,,,,,,,,,,,,0,0,0,0,0,11,11,11,2,0,2,0,136.34867630014196,,,,,,,,,,,,,,,,,,,,,,,,,,,,,,,,,,,,,,,,,,,,,,,,,,,,,,,,,,,,,,,,,,,,,,,,,,,,,,,,,,,,,,,,,,,,,,136.33742190012708,136.34867630014196,136.34867630014196,136.34867630014196,136.53293390013278,None,,,,,,,,,,,136.54912990005687,136.54912990005687,136.54912990005687,,,,,,,,,,,,,,,,,,,,,,,,,,,,,,,,,P9615,MIC_Bar,7,2,2026-05-07_16h48.09.629,MIC_task,,2026.1.2,60.29795630166393,2026-05-07 16h48.11.390147 +0200,
,,3,0,3,,,,,,,7,f08,sajt,cheese,4,food,dairy,7,10486,21,51,None,"(-0.1, 0)",None,,,,,,,,,,,,,,0,0,0,0,0,11,11,11,3,0,3,0,136.54912990005687,,,,,,,,,,,,,,,,,,,,,,,,,,,,,,,,,,,,,,,,,,,,,,,,,,,,,,,,,,,,,,,,,,,,,,,,,,,,,,,,,,,,,,,,,,,,,,136.53591340011917,136.54912990005687,136.54912990005687,136.54912990005687,136.7337799000088,None,,,,,,,,,,,136.74955460010096,136.74955460010096,136.74955460010096,,,,,,,,,,,,,,,,,,,,,,,,,,,,,,,,,P9615,MIC_Bar,7,2,2026-05-07_16h48.09.629,MIC_task,,2026.1.2,60.29795630166393,2026-05-07 16h48.11.390147 +0200,
,,4,0,4,,,,,,,7,f08,sajt,cheese,4,food,dairy,7,10486,21,51,None,"(-0.1, 0)",None,,,,,,,,,,,,,,0,0,0,0,0,11,11,11,4,0,4,0,136.74955460010096,,,,,,,,,,,,,,,,,,,,,,,,,,,,,,,,,,,,,,,,,,,,,,,,,,,,,,,,,,,,,,,,,,,,,,,,,,,,,,,,,,,,,,,,,,,,,,136.73699830006808,136.74955460010096,136.74955460010096,136.74955460010096,136.93362589995377,None,,,,,,,,,,,136.94987220014445,136.94987220014445,136.94987220014445,,,,,,,,,,,,,,,,,,,,,,,,,,,,,,,,,P9615,MIC_Bar,7,2,2026-05-07_16h48.09.629,MIC_task,,2026.1.2,60.29795630166393,2026-05-07 16h48.11.390147 +0200,
,,5,0,5,,,,,,,7,f08,sajt,cheese,4,food,dairy,7,10486,21,51,None,"(-0.1, 0)",None,,,,,,,,,,,,,,0,0,0,0,0,11,11,11,5,0,5,0,136.94987220014445,,,,,,,,,,,,,,,,,,,,,,,,,,,,,,,,,,,,,,,,,,,,,,,,,,,,,,,,,,,,,,,,,,,,,,,,,,,,,,,,,,,,,,,,,,,,,,136.93666520016268,136.94987220014445,136.94987220014445,136.94987220014445,137.13367090001702,None,,,,,,,,,,,,,,,,,,,,,,,,,,,,,,,,,,,,,,,,,,,,,,P9615,MIC_Bar,7,2,2026-05-07_16h48.09.629,MIC_task,,2026.1.2,60.29795630166393,2026-05-07 16h48.11.390147 +0200,
,,6,0,6,,,,,,,7,f08,sajt,cheese,4,food,dairy,7,10486,21,51,None,"(-0.1, 0)",None,,,,,,,,,,,,,,0,0,0,0,0,11,11,11,6,0,6,0,137.15019810013473,,,,,,,,,,,,,,,,,,,,,,,,,,,,,,,,,,,,,,,,,,,,,,,,,,,,,,,,,,,,,,,,,,,,,,,,,,,,,,,,,,,,,,,,,,,,,,137.13684309995733,137.15019810013473,137.15019810013473,137.15019810013473,137.33536379993893,None,,,,,,,,,,,,,,,,,,,,,,,,,,,,,,,,,,,,,,,,,,,,,,P9615,MIC_Bar,7,2,2026-05-07_16h48.09.629,MIC_task,,2026.1.2,60.29795630166393,2026-05-07 16h48.11.390147 +0200,
,,7,0,7,,,,,,,7,f08,sajt,cheese,4,food,dairy,7,10486,21,51,None,"(-0.1, 0)",None,,,,,,,,,,,,,,0,0,0,0,0,11,11,11,7,0,7,0,137.350617100019,,,,,,,,,,,,,,,,,,,,,,,,,,,,,,,,,,,,,,,,,,,,,,,,,,,,,,,,,,,,,,,,,,,,,,,,,,,,,,,,,,,,,,,,,,,,,,137.3384243999608,137.350617100019,137.350617100019,137.350617100019,137.53583870013244,None,,,,,,,,,,,,,,,,,,,,,,,,,,,,,,,,,,,,,,,,,,,,,,P9615,MIC_Bar,7,2,2026-05-07_16h48.09.629,MIC_task,,2026.1.2,60.29795630166393,2026-05-07 16h48.11.390147 +0200,
,,8,0,8,,,,,,,7,f08,sajt,cheese,4,food,dairy,7,10486,21,51,None,"(-0.1, 0)",None,,,,,,,,,,,,,,0,0,0,0,0,11,11,11,8,0,8,0,137.55102050001733,,,,,,,,,,,,,,,,,,,,,,,,,,,,,,,,,,,,,,,,,,,,,,,,,,,,,,,,,,,,,,,,,,,,,,,,,,,,,,,,,,,,,,,,,,,,,,137.53908689995296,137.55102050001733,137.55102050001733,137.55102050001733,137.73615869996138,None,,,,,,,,,,,,,,,,,,,,,,,,,,,,,,,,,,,,,,,,,,,,,,P9615,MIC_Bar,7,2,2026-05-07_16h48.09.629,MIC_task,,2026.1.2,60.29795630166393,2026-05-07 16h48.11.390147 +0200,
,,9,0,9,,,,,,,7,f08,sajt,cheese,4,food,dairy,7,10486,21,51,None,"(-0.1, 0)",None,,,,,,,,,,,,,,0,0,0,0,0,11,11,11,9,0,9,0,137.7514903000556,,,,,,,,,,,,,,,,,,,,,,,,,,,,,,,,,,,,,,,,,,,,,,,,,,,,,,,,,,,,,,,,,,,,,,,,,,,,,,,,,,,,,,,,,,,,,,137.73921949998476,137.7514903000556,137.7514903000556,137.7514903000556,137.9352437001653,None,,,,,,,,,,,,,,,,,,,,,,,,,,,,,,,,,,,,,,,,,,,,,,P9615,MIC_Bar,7,2,2026-05-07_16h48.09.629,MIC_task,,2026.1.2,60.29795630166393,2026-05-07 16h48.11.390147 +0200,
,,10,0,10,,,,,,,7,f08,sajt,cheese,4,food,dairy,7,10486,21,51,None,"(-0.1, 0)",None,,,,,,,,,,,,,,0,0,0,0,0,11,11,11,10,0,10,0,137.95178350014612,,,,,,,,,,,,,,,,,,,,,,,,,,,,,,,,,,,,,,,,,,,,,,,,,,,,,,,,,,,,,,,,,,,,,,,,,,,,,,,,,,,,,,,,,,,,,,137.93850690010004,137.95178350014612,137.95178350014612,137.95178350014612,138.1372028000187,None,,,,,,,,,,,,,,,,,,,,,,,,,,,,,,,,,,,,,,,,,,,,,,P9615,MIC_Bar,7,2,2026-05-07_16h48.09.629,MIC_task,,2026.1.2,60.29795630166393,2026-05-07 16h48.11.390147 +0200,
,,11,0,11,,,,,,,7,f08,sajt,cheese,4,food,dairy,7,10486,21,51,None,"(-0.1, 0)",None,,,,,,,,,,,,,,0,0,0,0,0,11,11,11,11,0,11,0,138.15133520006202,,,,,,,,,,,,,,,,,,,,,,,,,,,,,,,,,,,,,,,,,,,,,,,,,,,,,,,,,,,,,,,,,,,,,,,,,,,,,,,,,,,,,,,,,,,,,,138.14031810010783,138.15133520006202,138.15133520006202,138.15133520006202,138.3373013001401,None,,,,,,,,,,,,,,,,,,,,,,,,,,,,,,,,,,,,,,,,,,,,,,P9615,MIC_Bar,7,2,2026-05-07_16h48.09.629,MIC_task,,2026.1.2,60.29795630166393,2026-05-07 16h48.11.390147 +0200,
,,12,0,12,,,,,,,7,f08,sajt,cheese,4,food,dairy,7,10486,21,51,None,"(-0.1, 0)",None,,,,,,,,,,,,,,0,0,0,0,0,11,11,11,12,0,12,0,138.35167640005238,,,,,,,,,,,,,,,,,,,,,,,,,,,,,,,,,,,,,,,,,,,,,,,,,,,,,,,,,,,,,,,,,,,,,,,,,,,,,,,,,,,,,,,,,,,,,,138.34058429999277,138.35167640005238,138.35167640005238,138.35167640005238,138.53683560015634,None,,,,,,,,,,,,,,,,,,,,,,,,,,,,,,,,,,,,,,,,,,,,,,P9615,MIC_Bar,7,2,2026-05-07_16h48.09.629,MIC_task,,2026.1.2,60.29795630166393,2026-05-07 16h48.11.390147 +0200,
,,13,0,13,,,,,,,7,f08,sajt,cheese,4,food,dairy,7,10486,21,51,None,"(-0.1, 0)",None,,,,,,,,,,,,,,0,0,0,0,0,11,11,11,13,0,13,0,138.55212030000985,,,,,,,,,,,,,,,,,,,,,,,,,,,,,,,,,,,,,,,,,,,,,,,,,,,,,,,,,,,,,,,,,,,,,,,,,,,,,,,,,,,,,,,,,,,,,,138.5399114000611,138.55212030000985,138.55212030000985,138.55212030000985,138.73727199994028,None,,,,,,,,,,,,,,,,,,,,,,,,,,,,,,,,,,,,,,,,,,,,,,P9615,MIC_Bar,7,2,2026-05-07_16h48.09.629,MIC_task,,2026.1.2,60.29795630166393,2026-05-07 16h48.11.390147 +0200,
,,14,0,14,,,,,,,7,f08,sajt,cheese,4,food,dairy,7,10486,21,51,None,"(-0.1, 0)",None,,,,,,,,,,,,,,0,0,0,0,0,11,11,11,14,0,14,0,138.7524781001266,,,,,,,,,,,,,,,,,,,,,,,,,,,,,,,,,,,,,,,,,,,,,,,,,,,,,,,,,,,,,,,,,,,,,,,,,,,,,,,,,,,,,,,,,,,,,,138.7403806000948,138.7524781001266,138.7524781001266,138.7524781001266,138.9375136999879,None,,,,,,,,,,,,,,,,,,,,,,,,,,,,,,,,,,,,,,,,,,,,,,P9615,MIC_Bar,7,2,2026-05-07_16h48.09.629,MIC_task,,2026.1.2,60.29795630166393,2026-05-07 16h48.11.390147 +0200,
,,15,0,15,,,,,,,7,f08,sajt,cheese,4,food,dairy,7,10486,21,51,None,"(-0.1, 0)",None,,,,,,,,,,,,,,0,0,0,0,0,11,11,11,15,0,15,0,138.95287910010666,,,,,,,,,,,,,,,,,,,,,,,,,,,,,,,,,,,,,,,,,,,,,,,,,,,,,,,,,,,,,,,,,,,,,,,,,,,,,,,,,,,,,,,,,,,,,,138.94066940015182,138.95287910010666,138.95287910010666,138.95287910010666,139.13661410007626,None,,,,,,,,,,,,,,,,,,,,,,,,,,,,,,,,,,,,,,,,,,,,,,P9615,MIC_Bar,7,2,2026-05-07_16h48.09.629,MIC_task,,2026.1.2,60.29795630166393,2026-05-07 16h48.11.390147 +0200,
,,16,0,16,,,,,,,7,f08,sajt,cheese,4,food,dairy,7,10486,21,51,None,"(-0.1, 0)",None,,,,,,,,,,,,,,0,0,0,0,0,11,11,11,16,0,16,0,139.15324819996022,,,,,,,,,,,,,,,,,,,,,,,,,,,,,,,,,,,,,,,,,,,,,,,,,,,,,,,,,,,,,,,,,,,,,,,,,,,,,,,,,,,,,,,,,,,,,,139.1398331001401,139.15324819996022,139.15324819996022,139.15324819996022,139.33697449998,None,,,,,,,,,,,,,,,,,,,,,,,,,,,,,,,,,,,,,,,,,,,,,,P9615,MIC_Bar,7,2,2026-05-07_16h48.09.629,MIC_task,,2026.1.2,60.29795630166393,2026-05-07 16h48.11.390147 +0200,
,,17,0,17,,,,,,,7,f08,sajt,cheese,4,food,dairy,7,10486,21,51,None,"(-0.1, 0)",None,,,,,,,,,,,,,,0,0,0,0,0,11,11,11,17,0,17,0,139.35354729997925,,,,,,,,,,,,,,,,,,,,,,,,,,,,,,,,,,,,,,,,,,,,,,,,,,,,,,,,,,,,,,,,,,,,,,,,,,,,,,,,,,,,,,,,,,,,,,139.34023059997708,139.35354729997925,139.35354729997925,139.35354729997925,139.53739479999058,None,,,,,,,,,,,,,,,,,,,,,,,,,,,,,,,,,,,,,,,,,,,,,,P9615,MIC_Bar,7,2,2026-05-07_16h48.09.629,MIC_task,,2026.1.2,60.29795630166393,2026-05-07 16h48.11.390147 +0200,
,,18,0,18,,,,,,,7,f08,sajt,cheese,4,food,dairy,7,10486,21,51,None,"(-0.1, 0)",space,0.0629256998654455,None,,,,,,,,,,,,0,0,0,0,0,11,11,11,18,0,18,0,139.55397960008122,,,,,,,,,,,,,,,,,,,,,,,,,,,,,,,,,,,,,,,,,,,,,,,,,,,,,,,,,,,,,,,,,,,,,,,,,,,,,,,,,,,,,,,,,,,,,,139.54068870004267,139.55397960008122,139.55397960008122,139.55397960008122,139.62143020005897,space,0.0629256998654455,None,,,,,,,,,,,,,,,,,,,,,,,,,,,,,,,,,,,,,,,,,,,,P9615,MIC_Bar,7,2,2026-05-07_16h48.09.629,MIC_task,,2026.1.2,60.29795630166393,2026-05-07 16h48.11.390147 +0200,
,,11,11,0,,,,space,0.7815730001311749,None,7,f08,sajt,cheese,4,food,dairy,7,10486,21,51,None,"(-0.1, 0)",,,,,,,,,,,,,,,0,0,0,0,0,11,11,11,,,,,,,,,,,,,,,,,,,,,,,,,,,,,,,,,,,,,,,,,,,,,,,,,,,,,,,,,,,,,,,,,,,,,,,,,,,,,,,,139.6786750999745,139.6838603001088,139.6869024667113,141.6256391000934,,,,,,143.6286266001407,143.6438084000256,143.6438084000256,144.43007140001282,,,,,,,,,,,,,,,141.65524059999734,141.66012570005842,141.65882473334983,143.5614597001113,143.62858070014045,space,0.7815730001311749,None,,,,,,,,,,,,,,,,,,,,,,,,,,,,,,,,,,,,P9615,MIC_Bar,7,2,2026-05-07_16h48.09.629,MIC_task,,2026.1.2,60.29795630166393,2026-05-07 16h48.11.390147 +0200,
,,0,0,0,,,,,,,7,c27,póló,t-shirt,3,clothes,tops,6.8,43,23,None,None,"(0.1, -0.1)",None,,,,,,,,,,,,,,0,0,0,0,0,12,12,12,0,0,0,0,144.44440850010142,,,,,,,,,,,,,,,,,,,,,,,,,,,,,,,,,,,,,,,,,,,,,,,,,,,,,,,,,,,,,,,,,,,,,,,,,,,,,,,,,,,,,,,,,,,,,,144.4335992000997,144.44440850010142,144.44440850010142,144.44440850010142,144.6286871000193,None,,,,,,,,,,,144.64482769998722,144.64482769998722,144.64482769998722,,,,,,,,,,,,,,,,,,,,,,,,,,,,,,,,,P9615,MIC_Bar,7,2,2026-05-07_16h48.09.629,MIC_task,,2026.1.2,60.29795630166393,2026-05-07 16h48.11.390147 +0200,
,,0,0,0,,,,,,,7,c27,póló,t-shirt,3,clothes,tops,6.8,43,23,None,None,"(0.1, -0.1)",None,,,,,,,,,,,,,,0,0,0,0,0,12,12,12,0,0,0,0,144.64482769998722,,,,,,,,,,,,,,,,,,,,,,,,,,,,,,,,,,,,,,,,,,,,,,,,,,,,,,,,,,,,,,,,,,,,,,,,,,,,,,,,,,,,,,,,,,,,,,144.63174149999395,144.64482769998722,144.64482769998722,144.64482769998722,144.828957100166,None,,,,,,,,,,,144.8451694000978,144.8451694000978,144.8451694000978,,,,,,,,,,,,,,,,,,,,,,,,,,,,,,,,,P9615,MIC_Bar,7,2,2026-05-07_16h48.09.629,MIC_task,,2026.1.2,60.29795630166393,2026-05-07 16h48.11.390147 +0200,
,,1,0,1,,,,,,,7,c27,póló,t-shirt,3,clothes,tops,6.8,43,23,None,None,"(0.1, -0.1)",None,,,,,,,,,,,,,,0,0,0,0,0,12,12,12,1,0,1,0,144.8451694000978,,,,,,,,,,,,,,,,,,,,,,,,,,,,,,,,,,,,,,,,,,,,,,,,,,,,,,,,,,,,,,,,,,,,,,,,,,,,,,,,,,,,,,,,,,,,,,144.83185940003023,144.8451694000978,144.8451694000978,144.8451694000978,145.03042490012012,None,,,,,,,,,,,,,,,,,,,,,,,,,,,,,,,,,,,,,,,,,,,,,,P9615,MIC_Bar,7,2,2026-05-07_16h48.09.629,MIC_task,,2026.1.2,60.29795630166393,2026-05-07 16h48.11.390147 +0200,
,,2,0,2,,,,,,,7,c27,póló,t-shirt,3,clothes,tops,6.8,43,23,None,None,"(0.1, -0.1)",None,,,,,,,,,,,,,,0,0,0,0,0,12,12,12,2,0,2,0,145.04551120009273,,,,,,,,,,,,,,,,,,,,,,,,,,,,,,,,,,,,,,,,,,,,,,,,,,,,,,,,,,,,,,,,,,,,,,,,,,,,,,,,,,,,,,,,,,,,,,145.03373829997145,145.04551120009273,145.04551120009273,145.04551120009273,145.230703700101,None,,,,,,,,,,,,,,,,,,,,,,,,,,,,,,,,,,,,,,,,,,,,,,P9615,MIC_Bar,7,2,2026-05-07_16h48.09.629,MIC_task,,2026.1.2,60.29795630166393,2026-05-07 16h48.11.390147 +0200,
,,3,0,3,,,,,,,7,c27,póló,t-shirt,3,clothes,tops,6.8,43,23,None,None,"(0.1, -0.1)",None,,,,,,,,,,,,,,0,0,0,0,0,12,12,12,3,0,3,0,145.24595490004867,,,,,,,,,,,,,,,,,,,,,,,,,,,,,,,,,,,,,,,,,,,,,,,,,,,,,,,,,,,,,,,,,,,,,,,,,,,,,,,,,,,,,,,,,,,,,,145.2336983999703,145.24595490004867,145.24595490004867,145.24595490004867,145.4309841999784,None,,,,,,,,,,,,,,,,,,,,,,,,,,,,,,,,,,,,,,,,,,,,,,P9615,MIC_Bar,7,2,2026-05-07_16h48.09.629,MIC_task,,2026.1.2,60.29795630166393,2026-05-07 16h48.11.390147 +0200,
,,4,0,4,,,,,,,7,c27,póló,t-shirt,3,clothes,tops,6.8,43,23,None,None,"(0.1, -0.1)",None,,,,,,,,,,,,,,0,0,0,0,0,12,12,12,4,0,4,0,145.44629069999792,,,,,,,,,,,,,,,,,,,,,,,,,,,,,,,,,,,,,,,,,,,,,,,,,,,,,,,,,,,,,,,,,,,,,,,,,,,,,,,,,,,,,,,,,,,,,,145.43407840002328,145.44629069999792,145.44629069999792,145.44629069999792,145.63149770000018,None,,,,,,,,,,,,,,,,,,,,,,,,,,,,,,,,,,,,,,,,,,,,,,P9615,MIC_Bar,7,2,2026-05-07_16h48.09.629,MIC_task,,2026.1.2,60.29795630166393,2026-05-07 16h48.11.390147 +0200,
,,5,0,5,,,,,,,7,c27,póló,t-shirt,3,clothes,tops,6.8,43,23,None,None,"(0.1, -0.1)",None,,,,,,,,,,,,,,0,0,0,0,0,12,12,12,5,0,5,0,145.6467447001487,,,,,,,,,,,,,,,,,,,,,,,,,,,,,,,,,,,,,,,,,,,,,,,,,,,,,,,,,,,,,,,,,,,,,,,,,,,,,,,,,,,,,,,,,,,,,,145.63446860015392,145.6467447001487,145.6467447001487,145.6467447001487,145.83052109996788,None,,,,,,,,,,,,,,,,,,,,,,,,,,,,,,,,,,,,,,,,,,,,,,P9615,MIC_Bar,7,2,2026-05-07_16h48.09.629,MIC_task,,2026.1.2,60.29795630166393,2026-05-07 16h48.11.390147 +0200,
,,6,0,6,,,,,,,7,c27,póló,t-shirt,3,clothes,tops,6.8,43,23,None,None,"(0.1, -0.1)",None,,,,,,,,,,,,,,0,0,0,0,0,12,12,12,6,0,6,0,145.8471818000544,,,,,,,,,,,,,,,,,,,,,,,,,,,,,,,,,,,,,,,,,,,,,,,,,,,,,,,,,,,,,,,,,,,,,,,,,,,,,,,,,,,,,,,,,,,,,,145.83369510015473,145.8471818000544,145.8471818000544,145.8471818000544,146.03090400015935,None,,,,,,,,,,,,,,,,,,,,,,,,,,,,,,,,,,,,,,,,,,,,,,P9615,MIC_Bar,7,2,2026-05-07_16h48.09.629,MIC_task,,2026.1.2,60.29795630166393,2026-05-07 16h48.11.390147 +0200,
,,7,0,7,,,,,,,7,c27,póló,t-shirt,3,clothes,tops,6.8,43,23,None,None,"(0.1, -0.1)",None,,,,,,,,,,,,,,0,0,0,0,0,12,12,12,7,0,7,0,146.0465454000514,,,,,,,,,,,,,,,,,,,,,,,,,,,,,,,,,,,,,,,,,,,,,,,,,,,,,,,,,,,,,,,,,,,,,,,,,,,,,,,,,,,,,,,,,,,,,,146.03404469997622,146.0465454000514,146.0465454000514,146.0465454000514,146.2317650001496,None,,,,,,,,,,,,,,,,,,,,,,,,,,,,,,,,,,,,,,,,,,,,,,P9615,MIC_Bar,7,2,2026-05-07_16h48.09.629,MIC_task,,2026.1.2,60.29795630166393,2026-05-07 16h48.11.390147 +0200,
,,8,0,8,,,,,,,7,c27,póló,t-shirt,3,clothes,tops,6.8,43,23,None,None,"(0.1, -0.1)",None,,,,,,,,,,,,,,0,0,0,0,0,12,12,12,8,0,8,0,146.2469508999493,,,,,,,,,,,,,,,,,,,,,,,,,,,,,,,,,,,,,,,,,,,,,,,,,,,,,,,,,,,,,,,,,,,,,,,,,,,,,,,,,,,,,,,,,,,,,,146.23503750003874,146.2469508999493,146.2469508999493,146.2469508999493,146.4318210000638,None,,,,,,,,,,,,,,,,,,,,,,,,,,,,,,,,,,,,,,,,,,,,,,P9615,MIC_Bar,7,2,2026-05-07_16h48.09.629,MIC_task,,2026.1.2,60.29795630166393,2026-05-07 16h48.11.390147 +0200,
,,9,0,9,,,,,,,7,c27,póló,t-shirt,3,clothes,tops,6.8,43,23,None,None,"(0.1, -0.1)",None,,,,,,,,,,,,,,0,0,0,0,0,12,12,12,9,0,9,0,146.44735980010591,,,,,,,,,,,,,,,,,,,,,,,,,,,,,,,,,,,,,,,,,,,,,,,,,,,,,,,,,,,,,,,,,,,,,,,,,,,,,,,,,,,,,,,,,,,,,,146.43481980008073,146.44735980010591,146.44735980010591,146.44735980010591,146.63113930006512,None,,,,,,,,,,,,,,,,,,,,,,,,,,,,,,,,,,,,,,,,,,,,,,P9615,MIC_Bar,7,2,2026-05-07_16h48.09.629,MIC_task,,2026.1.2,60.29795630166393,2026-05-07 16h48.11.390147 +0200,
,,10,0,10,,,,,,,7,c27,póló,t-shirt,3,clothes,tops,6.8,43,23,None,None,"(0.1, -0.1)",None,,,,,,,,,,,,,,0,0,0,0,0,12,12,12,10,0,10,0,146.64776220009662,,,,,,,,,,,,,,,,,,,,,,,,,,,,,,,,,,,,,,,,,,,,,,,,,,,,,,,,,,,,,,,,,,,,,,,,,,,,,,,,,,,,,,,,,,,,,,146.6340302999597,146.64776220009662,146.64776220009662,146.64776220009662,146.83149660006166,None,,,,,,,,,,,,,,,,,,,,,,,,,,,,,,,,,,,,,,,,,,,,,,P9615,MIC_Bar,7,2,2026-05-07_16h48.09.629,MIC_task,,2026.1.2,60.29795630166393,2026-05-07 16h48.11.390147 +0200,
,,11,0,11,,,,,,,7,c27,póló,t-shirt,3,clothes,tops,6.8,43,23,None,None,"(0.1, -0.1)",None,,,,,,,,,,,,,,0,0,0,0,0,12,12,12,11,0,11,0,146.8480633001309,,,,,,,,,,,,,,,,,,,,,,,,,,,,,,,,,,,,,,,,,,,,,,,,,,,,,,,,,,,,,,,,,,,,,,,,,,,,,,,,,,,,,,,,,,,,,,146.83467649994418,146.8480633001309,146.8480633001309,146.8480633001309,147.03311170008965,None,,,,,,,,,,,,,,,,,,,,,,,,,,,,,,,,,,,,,,,,,,,,,,P9615,MIC_Bar,7,2,2026-05-07_16h48.09.629,MIC_task,,2026.1.2,60.29795630166393,2026-05-07 16h48.11.390147 +0200,
,,12,0,12,,,,,,,7,c27,póló,t-shirt,3,clothes,tops,6.8,43,23,None,None,"(0.1, -0.1)",None,,,,,,,,,,,,,,0,0,0,0,0,12,12,12,12,0,12,0,147.0485487000551,,,,,,,,,,,,,,,,,,,,,,,,,,,,,,,,,,,,,,,,,,,,,,,,,,,,,,,,,,,,,,,,,,,,,,,,,,,,,,,,,,,,,,,,,,,,,,147.0359817999415,147.0485487000551,147.0485487000551,147.0485487000551,147.23224329994991,None,,,,,,,,,,,,,,,,,,,,,,,,,,,,,,,,,,,,,,,,,,,,,,P9615,MIC_Bar,7,2,2026-05-07_16h48.09.629,MIC_task,,2026.1.2,60.29795630166393,2026-05-07 16h48.11.390147 +0200,
,,13,0,13,,,,,,,7,c27,póló,t-shirt,3,clothes,tops,6.8,43,23,None,None,"(0.1, -0.1)",None,,,,,,,,,,,,,,0,0,0,0,0,12,12,12,13,0,13,0,147.24898100015707,,,,,,,,,,,,,,,,,,,,,,,,,,,,,,,,,,,,,,,,,,,,,,,,,,,,,,,,,,,,,,,,,,,,,,,,,,,,,,,,,,,,,,,,,,,,,,147.23518000007607,147.24898100015707,147.24898100015707,147.24898100015707,147.43389400001615,None,,,,,,,,,,,,,,,,,,,,,,,,,,,,,,,,,,,,,,,,,,,,,,P9615,MIC_Bar,7,2,2026-05-07_16h48.09.629,MIC_task,,2026.1.2,60.29795630166393,2026-05-07 16h48.11.390147 +0200,
,,14,0,14,,,,,,,7,c27,póló,t-shirt,3,clothes,tops,6.8,43,23,None,None,"(0.1, -0.1)",None,,,,,,,,,,,,,,0,0,0,0,0,12,12,12,14,0,14,0,147.44931120006368,,,,,,,,,,,,,,,,,,,,,,,,,,,,,,,,,,,,,,,,,,,,,,,,,,,,,,,,,,,,,,,,,,,,,,,,,,,,,,,,,,,,,,,,,,,,,,147.43686849996448,147.44931120006368,147.44931120006368,147.44931120006368,147.63433090015315,None,,,,,,,,,,,,,,,,,,,,,,,,,,,,,,,,,,,,,,,,,,,,,,P9615,MIC_Bar,7,2,2026-05-07_16h48.09.629,MIC_task,,2026.1.2,60.29795630166393,2026-05-07 16h48.11.390147 +0200,
,,15,0,15,,,,,,,7,c27,póló,t-shirt,3,clothes,tops,6.8,43,23,None,None,"(0.1, -0.1)",None,,,,,,,,,,,,,,0,0,0,0,0,12,12,12,15,0,15,0,147.64963480015285,,,,,,,,,,,,,,,,,,,,,,,,,,,,,,,,,,,,,,,,,,,,,,,,,,,,,,,,,,,,,,,,,,,,,,,,,,,,,,,,,,,,,,,,,,,,,,147.63746170001104,147.64963480015285,147.64963480015285,147.64963480015285,147.83482470014133,None,,,,,,,,,,,,,,,,,,,,,,,,,,,,,,,,,,,,,,,,,,,,,,P9615,MIC_Bar,7,2,2026-05-07_16h48.09.629,MIC_task,,2026.1.2,60.29795630166393,2026-05-07 16h48.11.390147 +0200,
,,16,0,16,,,,,,,7,c27,póló,t-shirt,3,clothes,tops,6.8,43,23,None,None,"(0.1, -0.1)",None,,,,,,,,,,,,,,0,0,0,0,0,12,12,12,16,0,16,0,147.85005920007825,,,,,,,,,,,,,,,,,,,,,,,,,,,,,,,,,,,,,,,,,,,,,,,,,,,,,,,,,,,,,,,,,,,,,,,,,,,,,,,,,,,,,,,,,,,,,,147.83766630012542,147.85005920007825,147.85005920007825,147.85005920007825,148.03376100002788,None,,,,,,,,,,,,,,,,,,,,,,,,,,,,,,,,,,,,,,,,,,,,,,P9615,MIC_Bar,7,2,2026-05-07_16h48.09.629,MIC_task,,2026.1.2,60.29795630166393,2026-05-07 16h48.11.390147 +0200,
,,17,0,17,,,,,,,7,c27,póló,t-shirt,3,clothes,tops,6.8,43,23,None,None,"(0.1, -0.1)",None,,,,,,,,,,,,,,0,0,0,0,0,12,12,12,17,0,17,0,148.0504038000945,,,,,,,,,,,,,,,,,,,,,,,,,,,,,,,,,,,,,,,,,,,,,,,,,,,,,,,,,,,,,,,,,,,,,,,,,,,,,,,,,,,,,,,,,,,,,,148.03669520001858,148.0504038000945,148.0504038000945,148.0504038000945,148.23426389996894,None,,,,,,,,,,,,,,,,,,,,,,,,,,,,,,,,,,,,,,,,,,,,,,P9615,MIC_Bar,7,2,2026-05-07_16h48.09.629,MIC_task,,2026.1.2,60.29795630166393,2026-05-07 16h48.11.390147 +0200,
,,18,0,18,,,,,,,7,c27,póló,t-shirt,3,clothes,tops,6.8,43,23,None,None,"(0.1, -0.1)",None,,,,,,,,,,,,,,0,0,0,0,0,12,12,12,18,0,18,0,148.2508422001265,,,,,,,,,,,,,,,,,,,,,,,,,,,,,,,,,,,,,,,,,,,,,,,,,,,,,,,,,,,,,,,,,,,,,,,,,,,,,,,,,,,,,,,,,,,,,,148.23757150000893,148.2508422001265,148.2508422001265,148.2508422001265,148.43460469995625,None,,,,,,,,,,,,,,,,,,,,,,,,,,,,,,,,,,,,,,,,,,,,,,P9615,MIC_Bar,7,2,2026-05-07_16h48.09.629,MIC_task,,2026.1.2,60.29795630166393,2026-05-07 16h48.11.390147 +0200,
,,19,0,19,,,,,,,7,c27,póló,t-shirt,3,clothes,tops,6.8,43,23,None,None,"(0.1, -0.1)",None,,,,,,,,,,,,,,0,0,0,0,0,12,12,12,19,0,19,0,148.45036380016245,,,,,,,,,,,,,,,,,,,,,,,,,,,,,,,,,,,,,,,,,,,,,,,,,,,,,,,,,,,,,,,,,,,,,,,,,,,,,,,,,,,,,,,,,,,,,,148.4375319001265,148.45036380016245,148.45036380016245,148.45036380016245,148.6340834000148,None,,,,,,,,,,,,,,,,,,,,,,,,,,,,,,,,,,,,,,,,,,,,,,P9615,MIC_Bar,7,2,2026-05-07_16h48.09.629,MIC_task,,2026.1.2,60.29795630166393,2026-05-07 16h48.11.390147 +0200,
,,20,0,20,,,,,,,7,c27,póló,t-shirt,3,clothes,tops,6.8,43,23,None,None,"(0.1, -0.1)",None,,,,,,,,,,,,,,0,0,0,0,0,12,12,12,20,0,20,0,148.65072580007836,,,,,,,,,,,,,,,,,,,,,,,,,,,,,,,,,,,,,,,,,,,,,,,,,,,,,,,,,,,,,,,,,,,,,,,,,,,,,,,,,,,,,,,,,,,,,,148.63723869994283,148.65072580007836,148.65072580007836,148.65072580007836,148.83526730001904,None,,,,,,,,,,,,,,,,,,,,,,,,,,,,,,,,,,,,,,,,,,,,,,P9615,MIC_Bar,7,2,2026-05-07_16h48.09.629,MIC_task,,2026.1.2,60.29795630166393,2026-05-07 16h48.11.390147 +0200,
,,21,0,21,,,,,,,7,c27,póló,t-shirt,3,clothes,tops,6.8,43,23,None,None,"(0.1, -0.1)",None,,,,,,,,,,,,,,0,0,0,0,0,12,12,12,21,0,21,0,148.8510676000733,,,,,,,,,,,,,,,,,,,,,,,,,,,,,,,,,,,,,,,,,,,,,,,,,,,,,,,,,,,,,,,,,,,,,,,,,,,,,,,,,,,,,,,,,,,,,,148.83839870011434,148.8510676000733,148.8510676000733,148.8510676000733,149.0362291999627,None,,,,,,,,,,,,,,,,,,,,,,,,,,,,,,,,,,,,,,,,,,,,,,P9615,MIC_Bar,7,2,2026-05-07_16h48.09.629,MIC_task,,2026.1.2,60.29795630166393,2026-05-07 16h48.11.390147 +0200,
,,22,0,22,,,,,,,7,c27,póló,t-shirt,3,clothes,tops,6.8,43,23,None,None,"(0.1, -0.1)",None,,,,,,,,,,,,,,0,0,0,0,0,12,12,12,22,0,22,0,149.05142719997093,,,,,,,,,,,,,,,,,,,,,,,,,,,,,,,,,,,,,,,,,,,,,,,,,,,,,,,,,,,,,,,,,,,,,,,,,,,,,,,,,,,,,,,,,,,,,,149.03940390003845,149.05142719997093,149.05142719997093,149.05142719997093,149.23519479995593,None,,,,,,,,,,,,,,,,,,,,,,,,,,,,,,,,,,,,,,,,,,,,,,P9615,MIC_Bar,7,2,2026-05-07_16h48.09.629,MIC_task,,2026.1.2,60.29795630166393,2026-05-07 16h48.11.390147 +0200,
,,23,0,23,,,,,,,7,c27,póló,t-shirt,3,clothes,tops,6.8,43,23,None,None,"(0.1, -0.1)",None,,,,,,,,,,,,,,0,0,0,0,0,12,12,12,23,0,23,0,149.25184900010936,,,,,,,,,,,,,,,,,,,,,,,,,,,,,,,,,,,,,,,,,,,,,,,,,,,,,,,,,,,,,,,,,,,,,,,,,,,,,,,,,,,,,,,,,,,,,,149.2380822999403,149.25184900010936,149.25184900010936,149.25184900010936,149.43557970016263,None,,,,,,,,,,,,,,,,,,,,,,,,,,,,,,,,,,,,,,,,,,,,,,P9615,MIC_Bar,7,2,2026-05-07_16h48.09.629,MIC_task,,2026.1.2,60.29795630166393,2026-05-07 16h48.11.390147 +0200,
,,24,0,24,,,,,,,7,c27,póló,t-shirt,3,clothes,tops,6.8,43,23,None,None,"(0.1, -0.1)",None,,,,,,,,,,,,,,0,0,0,0,0,12,12,12,24,0,24,0,149.4521933000069,,,,,,,,,,,,,,,,,,,,,,,,,,,,,,,,,,,,,,,,,,,,,,,,,,,,,,,,,,,,,,,,,,,,,,,,,,,,,,,,,,,,,,,,,,,,,,149.438531300053,149.4521933000069,149.4521933000069,149.4521933000069,149.6372392999474,None,,,,,,,,,,,,,,,,,,,,,,,,,,,,,,,,,,,,,,,,,,,,,,P9615,MIC_Bar,7,2,2026-05-07_16h48.09.629,MIC_task,,2026.1.2,60.29795630166393,2026-05-07 16h48.11.390147 +0200,
,,25,0,25,,,,,,,7,c27,póló,t-shirt,3,clothes,tops,6.8,43,23,None,None,"(0.1, -0.1)",None,,,,,,,,,,,,,,0,0,0,0,0,12,12,12,25,0,25,0,149.652686299989,,,,,,,,,,,,,,,,,,,,,,,,,,,,,,,,,,,,,,,,,,,,,,,,,,,,,,,,,,,,,,,,,,,,,,,,,,,,,,,,,,,,,,,,,,,,,,149.6399658001028,149.652686299989,149.652686299989,149.652686299989,149.8363875001669,None,,,,,,,,,,,,,,,,,,,,,,,,,,,,,,,,,,,,,,,,,,,,,,P9615,MIC_Bar,7,2,2026-05-07_16h48.09.629,MIC_task,,2026.1.2,60.29795630166393,2026-05-07 16h48.11.390147 +0200,
,,26,0,26,,,,,,,7,c27,póló,t-shirt,3,clothes,tops,6.8,43,23,None,None,"(0.1, -0.1)",None,,,,,,,,,,,,,,0,0,0,0,0,12,12,12,26,0,26,0,149.85297859995626,,,,,,,,,,,,,,,,,,,,,,,,,,,,,,,,,,,,,,,,,,,,,,,,,,,,,,,,,,,,,,,,,,,,,,,,,,,,,,,,,,,,,,,,,,,,,,149.83977930014953,149.85297859995626,149.85297859995626,149.85297859995626,150.03672600002028,None,,,,,,,,,,,,,,,,,,,,,,,,,,,,,,,,,,,,,,,,,,,,,,P9615,MIC_Bar,7,2,2026-05-07_16h48.09.629,MIC_task,,2026.1.2,60.29795630166393,2026-05-07 16h48.11.390147 +0200,
,,27,0,27,,,,,,,7,c27,póló,t-shirt,3,clothes,tops,6.8,43,23,None,None,"(0.1, -0.1)",None,,,,,,,,,,,,,,0,0,0,0,0,12,12,12,27,0,27,0,150.05341980000958,,,,,,,,,,,,,,,,,,,,,,,,,,,,,,,,,,,,,,,,,,,,,,,,,,,,,,,,,,,,,,,,,,,,,,,,,,,,,,,,,,,,,,,,,,,,,,150.0397983000148,150.05341980000958,150.05341980000958,150.05341980000958,150.237138699973,None,,,,,,,,,,,,,,,,,,,,,,,,,,,,,,,,,,,,,,,,,,,,,,P9615,MIC_Bar,7,2,2026-05-07_16h48.09.629,MIC_task,,2026.1.2,60.29795630166393,2026-05-07 16h48.11.390147 +0200,
,,28,0,28,,,,,,,7,c27,póló,t-shirt,3,clothes,tops,6.8,43,23,None,None,"(0.1, -0.1)",None,,,,,,,,,,,,,,0,0,0,0,0,12,12,12,28,0,28,0,150.25378370005637,,,,,,,,,,,,,,,,,,,,,,,,,,,,,,,,,,,,,,,,,,,,,,,,,,,,,,,,,,,,,,,,,,,,,,,,,,,,,,,,,,,,,,,,,,,,,,150.24009050009772,150.25378370005637,150.25378370005637,150.25378370005637,150.4375942000188,None,,,,,,,,,,,,,,,,,,,,,,,,,,,,,,,,,,,,,,,,,,,,,,P9615,MIC_Bar,7,2,2026-05-07_16h48.09.629,MIC_task,,2026.1.2,60.29795630166393,2026-05-07 16h48.11.390147 +0200,
,,29,0,29,,,,,,,7,c27,póló,t-shirt,3,clothes,tops,6.8,43,23,None,None,"(0.1, -0.1)",None,,,,,,,,,,,,,,0,0,0,0,0,12,12,12,29,0,29,0,150.45328140002675,,,,,,,,,,,,,,,,,,,,,,,,,,,,,,,,,,,,,,,,,,,,,,,,,,,,,,,,,,,,,,,,,,,,,,,,,,,,,,,,,,,,,,,,,,,,,,150.44077280000784,150.45328140002675,150.45328140002675,150.45328140002675,150.6379490001127,None,,,,,,,,,,,,,,,,,,,,,,,,,,,,,,,,,,,,,,,,,,,,,,P9615,MIC_Bar,7,2,2026-05-07_16h48.09.629,MIC_task,,2026.1.2,60.29795630166393,2026-05-07 16h48.11.390147 +0200,
,,30,0,30,,,,,,,7,c27,póló,t-shirt,3,clothes,tops,6.8,43,23,None,None,"(0.1, -0.1)",None,,,,,,,,,,,,,,0,0,0,0,0,12,12,12,30,0,30,0,150.65364999999292,,,,,,,,,,,,,,,,,,,,,,,,,,,,,,,,,,,,,,,,,,,,,,,,,,,,,,,,,,,,,,,,,,,,,,,,,,,,,,,,,,,,,,,,,,,,,,150.6412111001555,150.65364999999292,150.65364999999292,150.65364999999292,150.83839870011434,None,,,,,,,,,,,,,,,,,,,,,,,,,,,,,,,,,,,,,,,,,,,,,,P9615,MIC_Bar,7,2,2026-05-07_16h48.09.629,MIC_task,,2026.1.2,60.29795630166393,2026-05-07 16h48.11.390147 +0200,
,,31,0,31,,,,,,,7,c27,póló,t-shirt,3,clothes,tops,6.8,43,23,None,None,"(0.1, -0.1)",None,,,,,,,,,,,,,,0,0,0,0,0,12,12,12,31,0,31,0,150.85404619993642,,,,,,,,,,,,,,,,,,,,,,,,,,,,,,,,,,,,,,,,,,,,,,,,,,,,,,,,,,,,,,,,,,,,,,,,,,,,,,,,,,,,,,,,,,,,,,150.84150700015016,150.85404619993642,150.85404619993642,150.85404619993642,151.0392585999798,None,,,,,,,,,,,,,,,,,,,,,,,,,,,,,,,,,,,,,,,,,,,,,,P9615,MIC_Bar,7,2,2026-05-07_16h48.09.629,MIC_task,,2026.1.2,60.29795630166393,2026-05-07 16h48.11.390147 +0200,
,,32,0,32,,,,,,,7,c27,póló,t-shirt,3,clothes,tops,6.8,43,23,None,None,"(0.1, -0.1)",None,,,,,,,,,,,,,,0,0,0,0,0,12,12,12,32,0,32,0,151.0544398999773,,,,,,,,,,,,,,,,,,,,,,,,,,,,,,,,,,,,,,,,,,,,,,,,,,,,,,,,,,,,,,,,,,,,,,,,,,,,,,,,,,,,,,,,,,,,,,151.04241860006005,151.0544398999773,151.0544398999773,151.0544398999773,151.23965890007094,None,,,,,,,,,,,,,,,,,,,,,,,,,,,,,,,,,,,,,,,,,,,,,,P9615,MIC_Bar,7,2,2026-05-07_16h48.09.629,MIC_task,,2026.1.2,60.29795630166393,2026-05-07 16h48.11.390147 +0200,
,,33,0,33,,,,,,,7,c27,póló,t-shirt,3,clothes,tops,6.8,43,23,None,None,"(0.1, -0.1)",None,,,,,,,,,,,,,,0,0,0,0,0,12,12,12,33,0,33,0,151.2548003999982,,,,,,,,,,,,,,,,,,,,,,,,,,,,,,,,,,,,,,,,,,,,,,,,,,,,,,,,,,,,,,,,,,,,,,,,,,,,,,,,,,,,,,,,,,,,,,151.2429831000045,151.2548003999982,151.2548003999982,151.2548003999982,151.43998400005512,None,,,,,,,,,,,,,,,,,,,,,,,,,,,,,,,,,,,,,,,,,,,,,,P9615,MIC_Bar,7,2,2026-05-07_16h48.09.629,MIC_task,,2026.1.2,60.29795630166393,2026-05-07 16h48.11.390147 +0200,
,,34,0,34,,,,,,,7,c27,póló,t-shirt,3,clothes,tops,6.8,43,23,None,None,"(0.1, -0.1)",None,,,,,,,,,,,,,,0,0,0,0,0,12,12,12,34,0,34,0,151.45519050001167,,,,,,,,,,,,,,,,,,,,,,,,,,,,,,,,,,,,,,,,,,,,,,,,,,,,,,,,,,,,,,,,,,,,,,,,,,,,,,,,,,,,,,,,,,,,,,151.44304249994457,151.45519050001167,151.45519050001167,151.45519050001167,151.63888790016063,None,,,,,,,,,,,,,,,,,,,,,,,,,,,,,,,,,,,,,,,,,,,,,,P9615,MIC_Bar,7,2,2026-05-07_16h48.09.629,MIC_task,,2026.1.2,60.29795630166393,2026-05-07 16h48.11.390147 +0200,
,,35,0,35,,,,,,,7,c27,póló,t-shirt,3,clothes,tops,6.8,43,23,None,None,"(0.1, -0.1)",space,0.10586899984627962,None,,,,,,,,,,,,0,0,0,0,0,12,12,12,35,0,35,0,151.65552409994416,,,,,,,,,,,,,,,,,,,,,,,,,,,,,,,,,,,,,,,,,,,,,,,,,,,,,,,,,,,,,,,,,,,,,,,,,,,,,,,,,,,,,,,,,,,,,,151.64224139996804,151.65552409994416,151.65552409994416,151.65552409994416,151.77294940012507,space,0.10586899984627962,None,,,,,,,,,,,,,,,,,,,,,,,,,,,,,,,,,,,,,,,,,,,,P9615,MIC_Bar,7,2,2026-05-07_16h48.09.629,MIC_task,,2026.1.2,60.29795630166393,2026-05-07 16h48.11.390147 +0200,
,,12,12,0,,,,space,0.6136121000163257,None,7,c27,póló,t-shirt,3,clothes,tops,6.8,43,23,None,None,"(0.1, -0.1)",,,,,,,,,,,,,,,0,0,0,0,0,12,12,12,,,,,,,,,,,,,,,,,,,,,,,,,,,,,,,,,,,,,,,,,,,,,,,,,,,,,,,,,,,,,,,,,,,,,,,,,,,,,,,,151.8313865000382,151.83593169995584,151.83871986671974,153.77518000011332,,,,,,155.78067500004545,155.7956841001287,155.7956841001287,156.41526410006918,,,,,,,,,,,,,,,153.8050712000113,153.81207850016654,153.8083582333134,155.71312730014324,155.78061430016533,space,0.6136121000163257,None,,,,,,,,,,,,,,,,,,,,,,,,,,,,,,,,,,,,P9615,MIC_Bar,7,2,2026-05-07_16h48.09.629,MIC_task,,2026.1.2,60.29795630166393,2026-05-07 16h48.11.390147 +0200,
,,0,0,0,,,,,,,7,p19,rendőr,police officier,6,people,professions,6.8,179,25,53,None,"(-0.1, 0)",None,,,,,,,,,,,,,,0,0,0,0,0,13,13,13,0,0,0,0,156.4294182001613,,,,,,,,,,,,,,,,,,,,,,,,,,,,,,,,,,,,,,,,,,,,,,,,,,,,,,,,,,,,,,,,,,,,,,,,,,,,,,,,,,,,,,,,,,,,,,156.41856799996458,156.4294182001613,156.4294182001613,156.4294182001613,156.6136668000836,None,,,,,,,,,,,156.62983929994516,156.62983929994516,156.62983929994516,,,,,,,,,,,,,,,,,,,,,,,,,,,,,,,,,P9615,MIC_Bar,7,2,2026-05-07_16h48.09.629,MIC_task,,2026.1.2,60.29795630166393,2026-05-07 16h48.11.390147 +0200,
,,0,0,0,,,,,,,7,p19,rendőr,police officier,6,people,professions,6.8,179,25,53,None,"(-0.1, 0)",None,,,,,,,,,,,,,,0,0,0,0,0,13,13,13,0,0,0,0,156.62983929994516,,,,,,,,,,,,,,,,,,,,,,,,,,,,,,,,,,,,,,,,,,,,,,,,,,,,,,,,,,,,,,,,,,,,,,,,,,,,,,,,,,,,,,,,,,,,,,156.61645770003088,156.62983929994516,156.62983929994516,156.62983929994516,156.81544409994967,None,,,,,,,,,,,156.83015509997495,156.83015509997495,156.83015509997495,,,,,,,,,,,,,,,,,,,,,,,,,,,,,,,,,P9615,MIC_Bar,7,2,2026-05-07_16h48.09.629,MIC_task,,2026.1.2,60.29795630166393,2026-05-07 16h48.11.390147 +0200,
,,1,0,1,,,,,,,7,p19,rendőr,police officier,6,people,professions,6.8,179,25,53,None,"(-0.1, 0)",None,,,,,,,,,,,,,,0,0,0,0,0,13,13,13,1,0,1,0,156.83015509997495,,,,,,,,,,,,,,,,,,,,,,,,,,,,,,,,,,,,,,,,,,,,,,,,,,,,,,,,,,,,,,,,,,,,,,,,,,,,,,,,,,,,,,,,,,,,,,156.8181533999741,156.83015509997495,156.83015509997495,156.83015509997495,157.0145080999937,None,,,,,,,,,,,157.03054930013604,157.03054930013604,157.03054930013604,,,,,,,,,,,,,,,,,,,,,,,,,,,,,,,,,P9615,MIC_Bar,7,2,2026-05-07_16h48.09.629,MIC_task,,2026.1.2,60.29795630166393,2026-05-07 16h48.11.390147 +0200,
,,2,0,2,,,,,,,7,p19,rendőr,police officier,6,people,professions,6.8,179,25,53,None,"(-0.1, 0)",None,,,,,,,,,,,,,,0,0,0,0,0,13,13,13,2,0,2,0,157.03054930013604,,,,,,,,,,,,,,,,,,,,,,,,,,,,,,,,,,,,,,,,,,,,,,,,,,,,,,,,,,,,,,,,,,,,,,,,,,,,,,,,,,,,,,,,,,,,,,157.01747630001046,157.03054930013604,157.03054930013604,157.03054930013604,157.21480139996856,None,,,,,,,,,,,157.23097230005078,157.23097230005078,157.23097230005078,,,,,,,,,,,,,,,,,,,,,,,,,,,,,,,,,P9615,MIC_Bar,7,2,2026-05-07_16h48.09.629,MIC_task,,2026.1.2,60.29795630166393,2026-05-07 16h48.11.390147 +0200,
,,3,0,3,,,,,,,7,p19,rendőr,police officier,6,people,professions,6.8,179,25,53,None,"(-0.1, 0)",None,,,,,,,,,,,,,,0,0,0,0,0,13,13,13,3,0,3,0,157.23097230005078,,,,,,,,,,,,,,,,,,,,,,,,,,,,,,,,,,,,,,,,,,,,,,,,,,,,,,,,,,,,,,,,,,,,,,,,,,,,,,,,,,,,,,,,,,,,,,157.21788619994186,157.23097230005078,157.23097230005078,157.23097230005078,157.41524590016343,None,,,,,,,,,,,157.43143560015596,157.43143560015596,157.43143560015596,,,,,,,,,,,,,,,,,,,,,,,,,,,,,,,,,P9615,MIC_Bar,7,2,2026-05-07_16h48.09.629,MIC_task,,2026.1.2,60.29795630166393,2026-05-07 16h48.11.390147 +0200,
,,4,0,4,,,,,,,7,p19,rendőr,police officier,6,people,professions,6.8,179,25,53,None,"(-0.1, 0)",None,,,,,,,,,,,,,,0,0,0,0,0,13,13,13,4,0,4,0,157.43143560015596,,,,,,,,,,,,,,,,,,,,,,,,,,,,,,,,,,,,,,,,,,,,,,,,,,,,,,,,,,,,,,,,,,,,,,,,,,,,,,,,,,,,,,,,,,,,,,157.41846850002185,157.43143560015596,157.43143560015596,157.43143560015596,157.61566060013138,None,,,,,,,,,,,157.63176469993778,157.63176469993778,157.63176469993778,,,,,,,,,,,,,,,,,,,,,,,,,,,,,,,,,P9615,MIC_Bar,7,2,2026-05-07_16h48.09.629,MIC_task,,2026.1.2,60.29795630166393,2026-05-07 16h48.11.390147 +0200,
,,5,0,5,,,,,,,7,p19,rendőr,police officier,6,people,professions,6.8,179,25,53,None,"(-0.1, 0)",None,,,,,,,,,,,,,,0,0,0,0,0,13,13,13,5,0,5,0,157.63176469993778,,,,,,,,,,,,,,,,,,,,,,,,,,,,,,,,,,,,,,,,,,,,,,,,,,,,,,,,,,,,,,,,,,,,,,,,,,,,,,,,,,,,,,,,,,,,,,157.6184302000329,157.63176469993778,157.63176469993778,157.63176469993778,157.8155613001436,None,,,,,,,,,,,,,,,,,,,,,,,,,,,,,,,,,,,,,,,,,,,,,,P9615,MIC_Bar,7,2,2026-05-07_16h48.09.629,MIC_task,,2026.1.2,60.29795630166393,2026-05-07 16h48.11.390147 +0200,
,,6,0,6,,,,,,,7,p19,rendőr,police officier,6,people,professions,6.8,179,25,53,None,"(-0.1, 0)",None,,,,,,,,,,,,,,0,0,0,0,0,13,13,13,6,0,6,0,157.8311600999441,,,,,,,,,,,,,,,,,,,,,,,,,,,,,,,,,,,,,,,,,,,,,,,,,,,,,,,,,,,,,,,,,,,,,,,,,,,,,,,,,,,,,,,,,,,,,,157.81855510012247,157.8311600999441,157.8311600999441,157.8311600999441,158.01549990009516,None,,,,,,,,,,,158.03162900009193,158.03162900009193,158.03162900009193,,,,,,,,,,,,,,,,,,,,,,,,,,,,,,,,,P9615,MIC_Bar,7,2,2026-05-07_16h48.09.629,MIC_task,,2026.1.2,60.29795630166393,2026-05-07 16h48.11.390147 +0200,
,,7,0,7,,,,,,,7,p19,rendőr,police officier,6,people,professions,6.8,179,25,53,None,"(-0.1, 0)",None,,,,,,,,,,,,,,0,0,0,0,0,13,13,13,7,0,7,0,158.03162900009193,,,,,,,,,,,,,,,,,,,,,,,,,,,,,,,,,,,,,,,,,,,,,,,,,,,,,,,,,,,,,,,,,,,,,,,,,,,,,,,,,,,,,,,,,,,,,,158.01857770001516,158.03162900009193,158.03162900009193,158.03162900009193,158.2165977000259,None,,,,,,,,,,,,,,,,,,,,,,,,,,,,,,,,,,,,,,,,,,,,,,P9615,MIC_Bar,7,2,2026-05-07_16h48.09.629,MIC_task,,2026.1.2,60.29795630166393,2026-05-07 16h48.11.390147 +0200,
,,8,0,8,,,,,,,7,p19,rendőr,police officier,6,people,professions,6.8,179,25,53,None,"(-0.1, 0)",None,,,,,,,,,,,,,,0,0,0,0,0,13,13,13,8,0,8,0,158.23200029996224,,,,,,,,,,,,,,,,,,,,,,,,,,,,,,,,,,,,,,,,,,,,,,,,,,,,,,,,,,,,,,,,,,,,,,,,,,,,,,,,,,,,,,,,,,,,,,158.21973100001924,158.23200029996224,158.23200029996224,158.23200029996224,158.4171672000084,None,,,,,,,,,,,,,,,,,,,,,,,,,,,,,,,,,,,,,,,,,,,,,,P9615,MIC_Bar,7,2,2026-05-07_16h48.09.629,MIC_task,,2026.1.2,60.29795630166393,2026-05-07 16h48.11.390147 +0200,
,,9,0,9,,,,,,,7,p19,rendőr,police officier,6,people,professions,6.8,179,25,53,None,"(-0.1, 0)",None,,,,,,,,,,,,,,0,0,0,0,0,13,13,13,9,0,9,0,158.43238210002892,,,,,,,,,,,,,,,,,,,,,,,,,,,,,,,,,,,,,,,,,,,,,,,,,,,,,,,,,,,,,,,,,,,,,,,,,,,,,,,,,,,,,,,,,,,,,,158.42008860013448,158.43238210002892,158.43238210002892,158.43238210002892,158.61757140001282,None,,,,,,,,,,,,,,,,,,,,,,,,,,,,,,,,,,,,,,,,,,,,,,P9615,MIC_Bar,7,2,2026-05-07_16h48.09.629,MIC_task,,2026.1.2,60.29795630166393,2026-05-07 16h48.11.390147 +0200,
,,10,0,10,,,,,,,7,p19,rendőr,police officier,6,people,professions,6.8,179,25,53,None,"(-0.1, 0)",None,,,,,,,,,,,,,,0,0,0,0,0,13,13,13,10,0,10,0,158.63271180004813,,,,,,,,,,,,,,,,,,,,,,,,,,,,,,,,,,,,,,,,,,,,,,,,,,,,,,,,,,,,,,,,,,,,,,,,,,,,,,,,,,,,,,,,,,,,,,158.62047239998356,158.63271180004813,158.63271180004813,158.63271180004813,158.816546499962,None,,,,,,,,,,,,,,,,,,,,,,,,,,,,,,,,,,,,,,,,,,,,,,P9615,MIC_Bar,7,2,2026-05-07_16h48.09.629,MIC_task,,2026.1.2,60.29795630166393,2026-05-07 16h48.11.390147 +0200,
,,11,0,11,,,,,,,7,p19,rendőr,police officier,6,people,professions,6.8,179,25,53,None,"(-0.1, 0)",None,,,,,,,,,,,,,,0,0,0,0,0,13,13,13,11,0,11,0,158.83317370014265,,,,,,,,,,,,,,,,,,,,,,,,,,,,,,,,,,,,,,,,,,,,,,,,,,,,,,,,,,,,,,,,,,,,,,,,,,,,,,,,,,,,,,,,,,,,,,158.8193890999537,158.83317370014265,158.83317370014265,158.83317370014265,159.01851129997522,None,,,,,,,,,,,,,,,,,,,,,,,,,,,,,,,,,,,,,,,,,,,,,,P9615,MIC_Bar,7,2,2026-05-07_16h48.09.629,MIC_task,,2026.1.2,60.29795630166393,2026-05-07 16h48.11.390147 +0200,
,,12,0,12,,,,,,,7,p19,rendőr,police officier,6,people,professions,6.8,179,25,53,None,"(-0.1, 0)",None,,,,,,,,,,,,,,0,0,0,0,0,13,13,13,12,0,12,0,159.03357420000248,,,,,,,,,,,,,,,,,,,,,,,,,,,,,,,,,,,,,,,,,,,,,,,,,,,,,,,,,,,,,,,,,,,,,,,,,,,,,,,,,,,,,,,,,,,,,,159.02177099999972,159.03357420000248,159.03357420000248,159.03357420000248,159.21869609993882,None,,,,,,,,,,,,,,,,,,,,,,,,,,,,,,,,,,,,,,,,,,,,,,P9615,MIC_Bar,7,2,2026-05-07_16h48.09.629,MIC_task,,2026.1.2,60.29795630166393,2026-05-07 16h48.11.390147 +0200,
,,13,0,13,,,,,,,7,p19,rendőr,police officier,6,people,professions,6.8,179,25,53,None,"(-0.1, 0)",None,,,,,,,,,,,,,,0,0,0,0,0,13,13,13,13,0,13,0,159.23389589996077,,,,,,,,,,,,,,,,,,,,,,,,,,,,,,,,,,,,,,,,,,,,,,,,,,,,,,,,,,,,,,,,,,,,,,,,,,,,,,,,,,,,,,,,,,,,,,159.2217466000002,159.23389589996077,159.23389589996077,159.23389589996077,159.417728099972,None,,,,,,,,,,,,,,,,,,,,,,,,,,,,,,,,,,,,,,,,,,,,,,P9615,MIC_Bar,7,2,2026-05-07_16h48.09.629,MIC_task,,2026.1.2,60.29795630166393,2026-05-07 16h48.11.390147 +0200,
,,14,0,14,,,,,,,7,p19,rendőr,police officier,6,people,professions,6.8,179,25,53,None,"(-0.1, 0)",None,,,,,,,,,,,,,,0,0,0,0,0,13,13,13,14,0,14,0,159.43431450007483,,,,,,,,,,,,,,,,,,,,,,,,,,,,,,,,,,,,,,,,,,,,,,,,,,,,,,,,,,,,,,,,,,,,,,,,,,,,,,,,,,,,,,,,,,,,,,159.42075789999217,159.43431450007483,159.43431450007483,159.43431450007483,159.6193132000044,None,,,,,,,,,,,,,,,,,,,,,,,,,,,,,,,,,,,,,,,,,,,,,,P9615,MIC_Bar,7,2,2026-05-07_16h48.09.629,MIC_task,,2026.1.2,60.29795630166393,2026-05-07 16h48.11.390147 +0200,
,,15,0,15,,,,,,,7,p19,rendőr,police officier,6,people,professions,6.8,179,25,53,None,"(-0.1, 0)",None,,,,,,,,,,,,,,0,0,0,0,0,13,13,13,15,0,15,0,159.63469670014456,,,,,,,,,,,,,,,,,,,,,,,,,,,,,,,,,,,,,,,,,,,,,,,,,,,,,,,,,,,,,,,,,,,,,,,,,,,,,,,,,,,,,,,,,,,,,,159.62240900006145,159.63469670014456,159.63469670014456,159.63469670014456,159.81852380000055,None,,,,,,,,,,,,,,,,,,,,,,,,,,,,,,,,,,,,,,,,,,,,,,P9615,MIC_Bar,7,2,2026-05-07_16h48.09.629,MIC_task,,2026.1.2,60.29795630166393,2026-05-07 16h48.11.390147 +0200,
,,16,0,16,,,,,,,7,p19,rendőr,police officier,6,people,professions,6.8,179,25,53,None,"(-0.1, 0)",None,,,,,,,,,,,,,,0,0,0,0,0,13,13,13,16,0,16,0,159.83419249998406,,,,,,,,,,,,,,,,,,,,,,,,,,,,,,,,,,,,,,,,,,,,,,,,,,,,,,,,,,,,,,,,,,,,,,,,,,,,,,,,,,,,,,,,,,,,,,159.82156700012274,159.83419249998406,159.83419249998406,159.83419249998406,160.01890500006266,None,,,,,,,,,,,,,,,,,,,,,,,,,,,,,,,,,,,,,,,,,,,,,,P9615,MIC_Bar,7,2,2026-05-07_16h48.09.629,MIC_task,,2026.1.2,60.29795630166393,2026-05-07 16h48.11.390147 +0200,
,,17,0,17,,,,,,,7,p19,rendőr,police officier,6,people,professions,6.8,179,25,53,None,"(-0.1, 0)",None,,,,,,,,,,,,,,0,0,0,0,0,13,13,13,17,0,17,0,160.0345545001328,,,,,,,,,,,,,,,,,,,,,,,,,,,,,,,,,,,,,,,,,,,,,,,,,,,,,,,,,,,,,,,,,,,,,,,,,,,,,,,,,,,,,,,,,,,,,,160.02238250011578,160.0345545001328,160.0345545001328,160.0345545001328,160.21837040013634,None,,,,,,,,,,,,,,,,,,,,,,,,,,,,,,,,,,,,,,,,,,,,,,P9615,MIC_Bar,7,2,2026-05-07_16h48.09.629,MIC_task,,2026.1.2,60.29795630166393,2026-05-07 16h48.11.390147 +0200,
,,18,0,18,,,,,,,7,p19,rendőr,police officier,6,people,professions,6.8,179,25,53,None,"(-0.1, 0)",None,,,,,,,,,,,,,,0,0,0,0,0,13,13,13,18,0,18,0,160.23492800001986,,,,,,,,,,,,,,,,,,,,,,,,,,,,,,,,,,,,,,,,,,,,,,,,,,,,,,,,,,,,,,,,,,,,,,,,,,,,,,,,,,,,,,,,,,,,,,160.22161350003444,160.23492800001986,160.23492800001986,160.23492800001986,160.41874620015733,None,,,,,,,,,,,,,,,,,,,,,,,,,,,,,,,,,,,,,,,,,,,,,,P9615,MIC_Bar,7,2,2026-05-07_16h48.09.629,MIC_task,,2026.1.2,60.29795630166393,2026-05-07 16h48.11.390147 +0200,
,,19,0,19,,,,,,,7,p19,rendőr,police officier,6,people,professions,6.8,179,25,53,None,"(-0.1, 0)",None,,,,,,,,,,,,,,0,0,0,0,0,13,13,13,19,0,19,0,160.43527980009094,,,,,,,,,,,,,,,,,,,,,,,,,,,,,,,,,,,,,,,,,,,,,,,,,,,,,,,,,,,,,,,,,,,,,,,,,,,,,,,,,,,,,,,,,,,,,,160.4220287001226,160.43527980009094,160.43527980009094,160.43527980009094,160.6203153000679,None,,,,,,,,,,,,,,,,,,,,,,,,,,,,,,,,,,,,,,,,,,,,,,P9615,MIC_Bar,7,2,2026-05-07_16h48.09.629,MIC_task,,2026.1.2,60.29795630166393,2026-05-07 16h48.11.390147 +0200,
,,20,0,20,,,,,,,7,p19,rendőr,police officier,6,people,professions,6.8,179,25,53,None,"(-0.1, 0)",None,,,,,,,,,,,,,,0,0,0,0,0,13,13,13,20,0,20,0,160.63567940006033,,,,,,,,,,,,,,,,,,,,,,,,,,,,,,,,,,,,,,,,,,,,,,,,,,,,,,,,,,,,,,,,,,,,,,,,,,,,,,,,,,,,,,,,,,,,,,160.62325039994903,160.63567940006033,160.63567940006033,160.63567940006033,160.81946379994042,None,,,,,,,,,,,,,,,,,,,,,,,,,,,,,,,,,,,,,,,,,,,,,,P9615,MIC_Bar,7,2,2026-05-07_16h48.09.629,MIC_task,,2026.1.2,60.29795630166393,2026-05-07 16h48.11.390147 +0200,
,,21,0,21,,,,,,,7,p19,rendőr,police officier,6,people,professions,6.8,179,25,53,None,"(-0.1, 0)",None,,,,,,,,,,,,,,0,0,0,0,0,13,13,13,21,0,21,0,160.83608929999173,,,,,,,,,,,,,,,,,,,,,,,,,,,,,,,,,,,,,,,,,,,,,,,,,,,,,,,,,,,,,,,,,,,,,,,,,,,,,,,,,,,,,,,,,,,,,,160.82252960000187,160.83608929999173,160.83608929999173,160.83608929999173,161.02097339998,None,,,,,,,,,,,,,,,,,,,,,,,,,,,,,,,,,,,,,,,,,,,,,,P9615,MIC_Bar,7,2,2026-05-07_16h48.09.629,MIC_task,,2026.1.2,60.29795630166393,2026-05-07 16h48.11.390147 +0200,
,,22,0,22,,,,,,,7,p19,rendőr,police officier,6,people,professions,6.8,179,25,53,None,"(-0.1, 0)",space,0.004630599869415164,None,,,,,,,,,,,,0,0,0,0,0,13,13,13,22,0,22,0,161.036490800092,,,,,,,,,,,,,,,,,,,,,,,,,,,,,,,,,,,,,,,,,,,,,,,,,,,,,,,,,,,,,,,,,,,,,,,,,,,,,,,,,,,,,,,,,,,,,,161.02447169995867,161.036490800092,161.036490800092,161.036490800092,161.05580219998956,space,0.004630599869415164,None,,,,,,,,,,,,,,,,,,,,,,,,,,,,,,,,,,,,,,,,,,,,P9615,MIC_Bar,7,2,2026-05-07_16h48.09.629,MIC_task,,2026.1.2,60.29795630166393,2026-05-07 16h48.11.390147 +0200,
,,13,13,0,,,,space,0.6458193000871688,None,7,p19,rendőr,police officier,6,people,professions,6.8,179,25,53,None,"(-0.1, 0)",,,,,,,,,,,,,,,0,0,0,0,0,13,13,13,,,,,,,,,,,,,,,,,,,,,,,,,,,,,,,,,,,,,,,,,,,,,,,,,,,,,,,,,,,,,,,,,,,,,,,,,,,,,,,,161.1134166000411,161.11853460012935,161.12142086682533,163.05791480001062,,,,,,165.06079020001926,165.0759696001187,165.0759696001187,165.72855460015126,,,,,,,,,,,,,,,163.08523890003562,163.09068870008923,163.09111113346495,164.97622480010614,165.06074160011485,space,0.6458193000871688,None,,,,,,,,,,,,,,,,,,,,,,,,,,,,,,,,,,,,P9615,MIC_Bar,7,2,2026-05-07_16h48.09.629,MIC_task,,2026.1.2,60.29795630166393,2026-05-07 16h48.11.390147 +0200,
,,0,0,0,,,,,,,7,b13,agy,brain,2,bodypart,organ,5.6,337,None,69,None,"(0, 0)",None,,,,,,,,,,,,,,0,0,0,0,0,14,14,14,0,0,0,0,165.74330770014785,,,,,,,,,,,,,,,,,,,,,,,,,,,,,,,,,,,,,,,,,,,,,,,,,,,,,,,,,,,,,,,,,,,,,,,,,,,,,,,,,,,,,,,,,,,,,,165.73176460014656,165.74330770014785,165.74330770014785,165.74330770014785,165.92750780005008,None,,,,,,,,,,,165.9436673000455,165.9436673000455,165.9436673000455,,,,,,,,,,,,,,,,,,,,,,,,,,,,,,,,,P9615,MIC_Bar,7,2,2026-05-07_16h48.09.629,MIC_task,,2026.1.2,60.29795630166393,2026-05-07 16h48.11.390147 +0200,
,,0,0,0,,,,,,,7,b13,agy,brain,2,bodypart,organ,5.6,337,None,69,None,"(0, 0)",None,,,,,,,,,,,,,,0,0,0,0,0,14,14,14,0,0,0,0,165.9436673000455,,,,,,,,,,,,,,,,,,,,,,,,,,,,,,,,,,,,,,,,,,,,,,,,,,,,,,,,,,,,,,,,,,,,,,,,,,,,,,,,,,,,,,,,,,,,,,165.93084580008872,165.9436673000455,165.9436673000455,165.9436673000455,166.12786240014248,None,,,,,,,,,,,166.14411200000905,166.14411200000905,166.14411200000905,,,,,,,,,,,,,,,,,,,,,,,,,,,,,,,,,P9615,MIC_Bar,7,2,2026-05-07_16h48.09.629,MIC_task,,2026.1.2,60.29795630166393,2026-05-07 16h48.11.390147 +0200,
,,1,0,1,,,,,,,7,b13,agy,brain,2,bodypart,organ,5.6,337,None,69,None,"(0, 0)",None,,,,,,,,,,,,,,0,0,0,0,0,14,14,14,1,0,1,0,166.14411200000905,,,,,,,,,,,,,,,,,,,,,,,,,,,,,,,,,,,,,,,,,,,,,,,,,,,,,,,,,,,,,,,,,,,,,,,,,,,,,,,,,,,,,,,,,,,,,,166.13126550009474,166.14411200000905,166.14411200000905,166.14411200000905,166.3292324000504,None,,,,,,,,,,,,,,,,,,,,,,,,,,,,,,,,,,,,,,,,,,,,,,P9615,MIC_Bar,7,2,2026-05-07_16h48.09.629,MIC_task,,2026.1.2,60.29795630166393,2026-05-07 16h48.11.390147 +0200,
,,2,0,2,,,,,,,7,b13,agy,brain,2,bodypart,organ,5.6,337,None,69,None,"(0, 0)",None,,,,,,,,,,,,,,0,0,0,0,0,14,14,14,2,0,2,0,166.34452140005305,,,,,,,,,,,,,,,,,,,,,,,,,,,,,,,,,,,,,,,,,,,,,,,,,,,,,,,,,,,,,,,,,,,,,,,,,,,,,,,,,,,,,,,,,,,,,,166.3328846001532,166.34452140005305,166.34452140005305,166.34452140005305,166.52949830004945,None,,,,,,,,,,,,,,,,,,,,,,,,,,,,,,,,,,,,,,,,,,,,,,P9615,MIC_Bar,7,2,2026-05-07_16h48.09.629,MIC_task,,2026.1.2,60.29795630166393,2026-05-07 16h48.11.390147 +0200,
,,3,0,3,,,,,,,7,b13,agy,brain,2,bodypart,organ,5.6,337,None,69,None,"(0, 0)",None,,,,,,,,,,,,,,0,0,0,0,0,14,14,14,3,0,3,0,166.54488710011356,,,,,,,,,,,,,,,,,,,,,,,,,,,,,,,,,,,,,,,,,,,,,,,,,,,,,,,,,,,,,,,,,,,,,,,,,,,,,,,,,,,,,,,,,,,,,,166.53293240000494,166.54488710011356,166.54488710011356,166.54488710011356,166.72901250002906,None,,,,,,,,,,,166.7452281001024,166.7452281001024,166.7452281001024,,,,,,,,,,,,,,,,,,,,,,,,,,,,,,,,,P9615,MIC_Bar,7,2,2026-05-07_16h48.09.629,MIC_task,,2026.1.2,60.29795630166393,2026-05-07 16h48.11.390147 +0200,
,,4,0,4,,,,,,,7,b13,agy,brain,2,bodypart,organ,5.6,337,None,69,None,"(0, 0)",None,,,,,,,,,,,,,,0,0,0,0,0,14,14,14,4,0,4,0,166.7452281001024,,,,,,,,,,,,,,,,,,,,,,,,,,,,,,,,,,,,,,,,,,,,,,,,,,,,,,,,,,,,,,,,,,,,,,,,,,,,,,,,,,,,,,,,,,,,,,166.7320902000647,166.7452281001024,166.7452281001024,166.7452281001024,166.92889340012334,None,,,,,,,,,,,,,,,,,,,,,,,,,,,,,,,,,,,,,,,,,,,,,,P9615,MIC_Bar,7,2,2026-05-07_16h48.09.629,MIC_task,,2026.1.2,60.29795630166393,2026-05-07 16h48.11.390147 +0200,
,,5,0,5,,,,,,,7,b13,agy,brain,2,bodypart,organ,5.6,337,None,69,None,"(0, 0)",None,,,,,,,,,,,,,,0,0,0,0,0,14,14,14,5,0,5,0,166.94556779996492,,,,,,,,,,,,,,,,,,,,,,,,,,,,,,,,,,,,,,,,,,,,,,,,,,,,,,,,,,,,,,,,,,,,,,,,,,,,,,,,,,,,,,,,,,,,,,166.93207020009868,166.94556779996492,166.94556779996492,166.94556779996492,167.1293640001677,None,,,,,,,,,,,,,,,,,,,,,,,,,,,,,,,,,,,,,,,,,,,,,,P9615,MIC_Bar,7,2,2026-05-07_16h48.09.629,MIC_task,,2026.1.2,60.29795630166393,2026-05-07 16h48.11.390147 +0200,
,,6,0,6,,,,,,,7,b13,agy,brain,2,bodypart,organ,5.6,337,None,69,None,"(0, 0)",None,,,,,,,,,,,,,,0,0,0,0,0,14,14,14,6,0,6,0,167.14597230008803,,,,,,,,,,,,,,,,,,,,,,,,,,,,,,,,,,,,,,,,,,,,,,,,,,,,,,,,,,,,,,,,,,,,,,,,,,,,,,,,,,,,,,,,,,,,,,167.13276239996776,167.14597230008803,167.14597230008803,167.14597230008803,167.3311987000052,None,,,,,,,,,,,,,,,,,,,,,,,,,,,,,,,,,,,,,,,,,,,,,,P9615,MIC_Bar,7,2,2026-05-07_16h48.09.629,MIC_task,,2026.1.2,60.29795630166393,2026-05-07 16h48.11.390147 +0200,
,,7,0,7,,,,,,,7,b13,agy,brain,2,bodypart,organ,5.6,337,None,69,None,"(0, 0)",None,,,,,,,,,,,,,,0,0,0,0,0,14,14,14,7,0,7,0,167.3463658001274,,,,,,,,,,,,,,,,,,,,,,,,,,,,,,,,,,,,,,,,,,,,,,,,,,,,,,,,,,,,,,,,,,,,,,,,,,,,,,,,,,,,,,,,,,,,,,167.3343623999972,167.3463658001274,167.3463658001274,167.3463658001274,167.5315577001311,None,,,,,,,,,,,,,,,,,,,,,,,,,,,,,,,,,,,,,,,,,,,,,,P9615,MIC_Bar,7,2,2026-05-07_16h48.09.629,MIC_task,,2026.1.2,60.29795630166393,2026-05-07 16h48.11.390147 +0200,
,,8,0,8,,,,,,,7,b13,agy,brain,2,bodypart,organ,5.6,337,None,69,None,"(0, 0)",None,,,,,,,,,,,,,,0,0,0,0,0,14,14,14,8,0,8,0,167.54677320015617,,,,,,,,,,,,,,,,,,,,,,,,,,,,,,,,,,,,,,,,,,,,,,,,,,,,,,,,,,,,,,,,,,,,,,,,,,,,,,,,,,,,,,,,,,,,,,167.53474230016582,167.54677320015617,167.54677320015617,167.54677320015617,167.73055720003322,None,,,,,,,,,,,,,,,,,,,,,,,,,,,,,,,,,,,,,,,,,,,,,,P9615,MIC_Bar,7,2,2026-05-07_16h48.09.629,MIC_task,,2026.1.2,60.29795630166393,2026-05-07 16h48.11.390147 +0200,
,,9,0,9,,,,,,,7,b13,agy,brain,2,bodypart,organ,5.6,337,None,69,None,"(0, 0)",None,,,,,,,,,,,,,,0,0,0,0,0,14,14,14,9,0,9,0,167.7471566000022,,,,,,,,,,,,,,,,,,,,,,,,,,,,,,,,,,,,,,,,,,,,,,,,,,,,,,,,,,,,,,,,,,,,,,,,,,,,,,,,,,,,,,,,,,,,,,167.7337543000467,167.7471566000022,167.7471566000022,167.7471566000022,167.93096860009246,None,,,,,,,,,,,,,,,,,,,,,,,,,,,,,,,,,,,,,,,,,,,,,,P9615,MIC_Bar,7,2,2026-05-07_16h48.09.629,MIC_task,,2026.1.2,60.29795630166393,2026-05-07 16h48.11.390147 +0200,
,,10,0,10,,,,,,,7,b13,agy,brain,2,bodypart,organ,5.6,337,None,69,None,"(0, 0)",None,,,,,,,,,,,,,,0,0,0,0,0,14,14,14,10,0,10,0,167.94751240010373,,,,,,,,,,,,,,,,,,,,,,,,,,,,,,,,,,,,,,,,,,,,,,,,,,,,,,,,,,,,,,,,,,,,,,,,,,,,,,,,,,,,,,,,,,,,,,167.93447840004228,167.94751240010373,167.94751240010373,167.94751240010373,168.13174390001222,None,,,,,,,,,,,,,,,,,,,,,,,,,,,,,,,,,,,,,,,,,,,,,,P9615,MIC_Bar,7,2,2026-05-07_16h48.09.629,MIC_task,,2026.1.2,60.29795630166393,2026-05-07 16h48.11.390147 +0200,
,,11,0,11,,,,,,,7,b13,agy,brain,2,bodypart,organ,5.6,337,None,69,None,"(0, 0)",None,,,,,,,,,,,,,,0,0,0,0,0,14,14,14,11,0,11,0,168.14697719994,,,,,,,,,,,,,,,,,,,,,,,,,,,,,,,,,,,,,,,,,,,,,,,,,,,,,,,,,,,,,,,,,,,,,,,,,,,,,,,,,,,,,,,,,,,,,,168.13492129999213,168.14697719994,168.14697719994,168.14697719994,168.330859699985,None,,,,,,,,,,,,,,,,,,,,,,,,,,,,,,,,,,,,,,,,,,,,,,P9615,MIC_Bar,7,2,2026-05-07_16h48.09.629,MIC_task,,2026.1.2,60.29795630166393,2026-05-07 16h48.11.390147 +0200,
,,12,0,12,,,,,,,7,b13,agy,brain,2,bodypart,organ,5.6,337,None,69,None,"(0, 0)",None,,,,,,,,,,,,,,0,0,0,0,0,14,14,14,12,0,12,0,168.3474034999963,,,,,,,,,,,,,,,,,,,,,,,,,,,,,,,,,,,,,,,,,,,,,,,,,,,,,,,,,,,,,,,,,,,,,,,,,,,,,,,,,,,,,,,,,,,,,,168.33436989993788,168.3474034999963,168.3474034999963,168.3474034999963,168.53253630013205,None,,,,,,,,,,,,,,,,,,,,,,,,,,,,,,,,,,,,,,,,,,,,,,P9615,MIC_Bar,7,2,2026-05-07_16h48.09.629,MIC_task,,2026.1.2,60.29795630166393,2026-05-07 16h48.11.390147 +0200,
,,13,0,13,,,,,,,7,b13,agy,brain,2,bodypart,organ,5.6,337,None,69,None,"(0, 0)",None,,,,,,,,,,,,,,0,0,0,0,0,14,14,14,13,0,13,0,168.5477692000568,,,,,,,,,,,,,,,,,,,,,,,,,,,,,,,,,,,,,,,,,,,,,,,,,,,,,,,,,,,,,,,,,,,,,,,,,,,,,,,,,,,,,,,,,,,,,,168.5358156999573,168.5477692000568,168.5477692000568,168.5477692000568,168.73156390013173,None,,,,,,,,,,,,,,,,,,,,,,,,,,,,,,,,,,,,,,,,,,,,,,P9615,MIC_Bar,7,2,2026-05-07_16h48.09.629,MIC_task,,2026.1.2,60.29795630166393,2026-05-07 16h48.11.390147 +0200,
,,14,0,14,,,,,,,7,b13,agy,brain,2,bodypart,organ,5.6,337,None,69,None,"(0, 0)",None,,,,,,,,,,,,,,0,0,0,0,0,14,14,14,14,0,14,0,168.74807710014284,,,,,,,,,,,,,,,,,,,,,,,,,,,,,,,,,,,,,,,,,,,,,,,,,,,,,,,,,,,,,,,,,,,,,,,,,,,,,,,,,,,,,,,,,,,,,,168.73478880012408,168.74807710014284,168.74807710014284,168.74807710014284,168.93192870006897,None,,,,,,,,,,,,,,,,,,,,,,,,,,,,,,,,,,,,,,,,,,,,,,P9615,MIC_Bar,7,2,2026-05-07_16h48.09.629,MIC_task,,2026.1.2,60.29795630166393,2026-05-07 16h48.11.390147 +0200,
,,15,0,15,,,,,,,7,b13,agy,brain,2,bodypart,organ,5.6,337,None,69,None,"(0, 0)",None,,,,,,,,,,,,,,0,0,0,0,0,14,14,14,15,0,15,0,168.94853190006688,,,,,,,,,,,,,,,,,,,,,,,,,,,,,,,,,,,,,,,,,,,,,,,,,,,,,,,,,,,,,,,,,,,,,,,,,,,,,,,,,,,,,,,,,,,,,,168.93522770004347,168.94853190006688,168.94853190006688,168.94853190006688,169.1335851000622,None,,,,,,,,,,,,,,,,,,,,,,,,,,,,,,,,,,,,,,,,,,,,,,P9615,MIC_Bar,7,2,2026-05-07_16h48.09.629,MIC_task,,2026.1.2,60.29795630166393,2026-05-07 16h48.11.390147 +0200,
,,16,0,16,,,,,,,7,b13,agy,brain,2,bodypart,organ,5.6,337,None,69,None,"(0, 0)",None,,,,,,,,,,,,,,0,0,0,0,0,14,14,14,16,0,16,0,169.1488731999416,,,,,,,,,,,,,,,,,,,,,,,,,,,,,,,,,,,,,,,,,,,,,,,,,,,,,,,,,,,,,,,,,,,,,,,,,,,,,,,,,,,,,,,,,,,,,,169.13675980013795,169.1488731999416,169.1488731999416,169.1488731999416,169.33286990015768,None,,,,,,,,,,,,,,,,,,,,,,,,,,,,,,,,,,,,,,,,,,,,,,P9615,MIC_Bar,7,2,2026-05-07_16h48.09.629,MIC_task,,2026.1.2,60.29795630166393,2026-05-07 16h48.11.390147 +0200,
,,17,0,17,,,,,,,7,b13,agy,brain,2,bodypart,organ,5.6,337,None,69,None,"(0, 0)",None,,,,,,,,,,,,,,0,0,0,0,0,14,14,14,17,0,17,0,169.34929689997807,,,,,,,,,,,,,,,,,,,,,,,,,,,,,,,,,,,,,,,,,,,,,,,,,,,,,,,,,,,,,,,,,,,,,,,,,,,,,,,,,,,,,,,,,,,,,,169.33601950015873,169.34929689997807,169.34929689997807,169.34929689997807,169.53304330003448,None,,,,,,,,,,,,,,,,,,,,,,,,,,,,,,,,,,,,,,,,,,,,,,P9615,MIC_Bar,7,2,2026-05-07_16h48.09.629,MIC_task,,2026.1.2,60.29795630166393,2026-05-07 16h48.11.390147 +0200,
,,18,0,18,,,,,,,7,b13,agy,brain,2,bodypart,organ,5.6,337,None,69,None,"(0, 0)",None,,,,,,,,,,,,,,0,0,0,0,0,14,14,14,18,0,18,0,169.5496994999703,,,,,,,,,,,,,,,,,,,,,,,,,,,,,,,,,,,,,,,,,,,,,,,,,,,,,,,,,,,,,,,,,,,,,,,,,,,,,,,,,,,,,,,,,,,,,,169.53621069993824,169.5496994999703,169.5496994999703,169.5496994999703,169.73483830015175,None,,,,,,,,,,,,,,,,,,,,,,,,,,,,,,,,,,,,,,,,,,,,,,P9615,MIC_Bar,7,2,2026-05-07_16h48.09.629,MIC_task,,2026.1.2,60.29795630166393,2026-05-07 16h48.11.390147 +0200,
,,19,0,19,,,,,,,7,b13,agy,brain,2,bodypart,organ,5.6,337,None,69,None,"(0, 0)",None,,,,,,,,,,,,,,0,0,0,0,0,14,14,14,19,0,19,0,169.75013180007227,,,,,,,,,,,,,,,,,,,,,,,,,,,,,,,,,,,,,,,,,,,,,,,,,,,,,,,,,,,,,,,,,,,,,,,,,,,,,,,,,,,,,,,,,,,,,,169.73806830006652,169.75013180007227,169.75013180007227,169.75013180007227,169.93389190011658,None,,,,,,,,,,,,,,,,,,,,,,,,,,,,,,,,,,,,,,,,,,,,,,P9615,MIC_Bar,7,2,2026-05-07_16h48.09.629,MIC_task,,2026.1.2,60.29795630166393,2026-05-07 16h48.11.390147 +0200,
,,20,0,20,,,,,,,7,b13,agy,brain,2,bodypart,organ,5.6,337,None,69,None,"(0, 0)",None,,,,,,,,,,,,,,0,0,0,0,0,14,14,14,20,0,20,0,169.95051670004614,,,,,,,,,,,,,,,,,,,,,,,,,,,,,,,,,,,,,,,,,,,,,,,,,,,,,,,,,,,,,,,,,,,,,,,,,,,,,,,,,,,,,,,,,,,,,,169.9373858999461,169.95051670004614,169.95051670004614,169.95051670004614,170.13427489995956,None,,,,,,,,,,,,,,,,,,,,,,,,,,,,,,,,,,,,,,,,,,,,,,P9615,MIC_Bar,7,2,2026-05-07_16h48.09.629,MIC_task,,2026.1.2,60.29795630166393,2026-05-07 16h48.11.390147 +0200,
,,21,0,21,,,,,,,7,b13,agy,brain,2,bodypart,organ,5.6,337,None,69,None,"(0, 0)",None,,,,,,,,,,,,,,0,0,0,0,0,14,14,14,21,0,21,0,170.15086960000917,,,,,,,,,,,,,,,,,,,,,,,,,,,,,,,,,,,,,,,,,,,,,,,,,,,,,,,,,,,,,,,,,,,,,,,,,,,,,,,,,,,,,,,,,,,,,,170.13740959996358,170.15086960000917,170.15086960000917,170.15086960000917,170.33370950003155,None,,,,,,,,,,,,,,,,,,,,,,,,,,,,,,,,,,,,,,,,,,,,,,P9615,MIC_Bar,7,2,2026-05-07_16h48.09.629,MIC_task,,2026.1.2,60.29795630166393,2026-05-07 16h48.11.390147 +0200,
,,22,0,22,,,,,,,7,b13,agy,brain,2,bodypart,organ,5.6,337,None,69,None,"(0, 0)",None,,,,,,,,,,,,,,0,0,0,0,0,14,14,14,22,0,22,0,170.35034939995967,,,,,,,,,,,,,,,,,,,,,,,,,,,,,,,,,,,,,,,,,,,,,,,,,,,,,,,,,,,,,,,,,,,,,,,,,,,,,,,,,,,,,,,,,,,,,,170.33681960008107,170.35034939995967,170.35034939995967,170.35034939995967,170.53407600009814,None,,,,,,,,,,,,,,,,,,,,,,,,,,,,,,,,,,,,,,,,,,,,,,P9615,MIC_Bar,7,2,2026-05-07_16h48.09.629,MIC_task,,2026.1.2,60.29795630166393,2026-05-07 16h48.11.390147 +0200,
,,23,0,23,,,,,,,7,b13,agy,brain,2,bodypart,organ,5.6,337,None,69,None,"(0, 0)",space,0.16291609988547862,None,,,,,,,,,,,,0,0,0,0,0,14,14,14,23,0,23,0,170.55069339997135,,,,,,,,,,,,,,,,,,,,,,,,,,,,,,,,,,,,,,,,,,,,,,,,,,,,,,,,,,,,,,,,,,,,,,,,,,,,,,,,,,,,,,,,,,,,,,170.5372796000447,170.55069339997135,170.55069339997135,170.55069339997135,170.71858700015582,space,0.16291609988547862,None,,,,,,,,,,,,,,,,,,,,,,,,,,,,,,,,,,,,,,,,,,,,P9615,MIC_Bar,7,2,2026-05-07_16h48.09.629,MIC_task,,2026.1.2,60.29795630166393,2026-05-07 16h48.11.390147 +0200,
,,14,14,0,,,,space,0.37224920000880957,None,7,b13,agy,brain,2,bodypart,organ,5.6,337,None,69,None,"(0, 0)",,,,,,,,,,,,,,,0,0,0,0,0,14,14,14,,,,,,,,,,,,,,,,,,,,,,,,,,,,,,,,,,,,,,,,,,,,,,,,,,,,,,,,,,,,,,,,,,,,,,,,,,,,,,,,170.77687099995092,170.7815113000106,170.78422246665386,172.72160409996286,,,,,,174.72361660003662,174.74160240008496,174.74160240008496,175.12501590000466,,,,,,,,,,,,,,,172.74341530003585,172.7475693000015,172.7547810335023,174.64047969994135,174.72356129996479,space,0.37224920000880957,None,,,,,,,,,,,,,,,,,,,,,,,,,,,,,,,,,,,,P9615,MIC_Bar,7,2,2026-05-07_16h48.09.629,MIC_task,,2026.1.2,60.29795630166393,2026-05-07 16h48.11.390147 +0200,
,,0,0,0,,,,,,,7,t26,gitár,guitar,8,tools,instrument,6.4,19,None,63,None,"(0.1, 0.1)",None,,,,,,,,,,,,,,0,0,0,0,0,15,15,15,0,0,0,0,175.14100260008126,,,,,,,,,,,,,,,,,,,,,,,,,,,,,,,,,,,,,,,,,,,,,,,,,,,,,,,,,,,,,,,,,,,,,,,,,,,,,,,,,,,,,,,,,,,,,,175.12840109993704,175.14100260008126,175.14100260008126,175.14100260008126,175.32532520010136,None,,,,,,,,,,,175.34138790005818,175.34138790005818,175.34138790005818,,,,,,,,,,,,,,,,,,,,,,,,,,,,,,,,,P9615,MIC_Bar,7,2,2026-05-07_16h48.09.629,MIC_task,,2026.1.2,60.29795630166393,2026-05-07 16h48.11.390147 +0200,
,,0,0,0,,,,,,,7,t26,gitár,guitar,8,tools,instrument,6.4,19,None,63,None,"(0.1, 0.1)",None,,,,,,,,,,,,,,0,0,0,0,0,15,15,15,0,0,0,0,175.34138790005818,,,,,,,,,,,,,,,,,,,,,,,,,,,,,,,,,,,,,,,,,,,,,,,,,,,,,,,,,,,,,,,,,,,,,,,,,,,,,,,,,,,,,,,,,,,,,,175.3282492000144,175.34138790005818,175.34138790005818,175.34138790005818,175.52594990003854,None,,,,,,,,,,,,,,,,,,,,,,,,,,,,,,,,,,,,,,,,,,,,,,P9615,MIC_Bar,7,2,2026-05-07_16h48.09.629,MIC_task,,2026.1.2,60.29795630166393,2026-05-07 16h48.11.390147 +0200,
,,1,0,1,,,,,,,7,t26,gitár,guitar,8,tools,instrument,6.4,19,None,63,None,"(0.1, 0.1)",None,,,,,,,,,,,,,,0,0,0,0,0,15,15,15,1,0,1,0,175.54183600004762,,,,,,,,,,,,,,,,,,,,,,,,,,,,,,,,,,,,,,,,,,,,,,,,,,,,,,,,,,,,,,,,,,,,,,,,,,,,,,,,,,,,,,,,,,,,,,175.52901579998434,175.54183600004762,175.54183600004762,175.54183600004762,175.72688630013727,None,,,,,,,,,,,,,,,,,,,,,,,,,,,,,,,,,,,,,,,,,,,,,,P9615,MIC_Bar,7,2,2026-05-07_16h48.09.629,MIC_task,,2026.1.2,60.29795630166393,2026-05-07 16h48.11.390147 +0200,
,,2,0,2,,,,,,,7,t26,gitár,guitar,8,tools,instrument,6.4,19,None,63,None,"(0.1, 0.1)",None,,,,,,,,,,,,,,0,0,0,0,0,15,15,15,2,0,2,0,175.74212600011379,,,,,,,,,,,,,,,,,,,,,,,,,,,,,,,,,,,,,,,,,,,,,,,,,,,,,,,,,,,,,,,,,,,,,,,,,,,,,,,,,,,,,,,,,,,,,,175.72997860005125,175.74212600011379,175.74212600011379,175.74212600011379,175.9272185000591,None,,,,,,,,,,,,,,,,,,,,,,,,,,,,,,,,,,,,,,,,,,,,,,P9615,MIC_Bar,7,2,2026-05-07_16h48.09.629,MIC_task,,2026.1.2,60.29795630166393,2026-05-07 16h48.11.390147 +0200,
,,3,0,3,,,,,,,7,t26,gitár,guitar,8,tools,instrument,6.4,19,None,63,None,"(0.1, 0.1)",None,,,,,,,,,,,,,,0,0,0,0,0,15,15,15,3,0,3,0,175.94241730007343,,,,,,,,,,,,,,,,,,,,,,,,,,,,,,,,,,,,,,,,,,,,,,,,,,,,,,,,,,,,,,,,,,,,,,,,,,,,,,,,,,,,,,,,,,,,,,175.93045680015348,175.94241730007343,175.94241730007343,175.94241730007343,176.12759359995835,None,,,,,,,,,,,,,,,,,,,,,,,,,,,,,,,,,,,,,,,,,,,,,,P9615,MIC_Bar,7,2,2026-05-07_16h48.09.629,MIC_task,,2026.1.2,60.29795630166393,2026-05-07 16h48.11.390147 +0200,
,,4,0,4,,,,,,,7,t26,gitár,guitar,8,tools,instrument,6.4,19,None,63,None,"(0.1, 0.1)",None,,,,,,,,,,,,,,0,0,0,0,0,15,15,15,4,0,4,0,176.1428414999973,,,,,,,,,,,,,,,,,,,,,,,,,,,,,,,,,,,,,,,,,,,,,,,,,,,,,,,,,,,,,,,,,,,,,,,,,,,,,,,,,,,,,,,,,,,,,,176.13054760009982,176.1428414999973,176.1428414999973,176.1428414999973,176.32802320015617,None,,,,,,,,,,,,,,,,,,,,,,,,,,,,,,,,,,,,,,,,,,,,,,P9615,MIC_Bar,7,2,2026-05-07_16h48.09.629,MIC_task,,2026.1.2,60.29795630166393,2026-05-07 16h48.11.390147 +0200,
,,5,0,5,,,,,,,7,t26,gitár,guitar,8,tools,instrument,6.4,19,None,63,None,"(0.1, 0.1)",None,,,,,,,,,,,,,,0,0,0,0,0,15,15,15,5,0,5,0,176.34331959998235,,,,,,,,,,,,,,,,,,,,,,,,,,,,,,,,,,,,,,,,,,,,,,,,,,,,,,,,,,,,,,,,,,,,,,,,,,,,,,,,,,,,,,,,,,,,,,176.33079340006225,176.34331959998235,176.34331959998235,176.34331959998235,176.52702570008114,None,,,,,,,,,,,,,,,,,,,,,,,,,,,,,,,,,,,,,,,,,,,,,,P9615,MIC_Bar,7,2,2026-05-07_16h48.09.629,MIC_task,,2026.1.2,60.29795630166393,2026-05-07 16h48.11.390147 +0200,
,,6,0,6,,,,,,,7,t26,gitár,guitar,8,tools,instrument,6.4,19,None,63,None,"(0.1, 0.1)",None,,,,,,,,,,,,,,0,0,0,0,0,15,15,15,6,0,6,0,176.54369399999268,,,,,,,,,,,,,,,,,,,,,,,,,,,,,,,,,,,,,,,,,,,,,,,,,,,,,,,,,,,,,,,,,,,,,,,,,,,,,,,,,,,,,,,,,,,,,,176.52998140011914,176.54369399999268,176.54369399999268,176.54369399999268,176.7273820999544,None,,,,,,,,,,,,,,,,,,,,,,,,,,,,,,,,,,,,,,,,,,,,,,P9615,MIC_Bar,7,2,2026-05-07_16h48.09.629,MIC_task,,2026.1.2,60.29795630166393,2026-05-07 16h48.11.390147 +0200,
,,7,0,7,,,,,,,7,t26,gitár,guitar,8,tools,instrument,6.4,19,None,63,None,"(0.1, 0.1)",None,,,,,,,,,,,,,,0,0,0,0,0,15,15,15,7,0,7,0,176.74411149998195,,,,,,,,,,,,,,,,,,,,,,,,,,,,,,,,,,,,,,,,,,,,,,,,,,,,,,,,,,,,,,,,,,,,,,,,,,,,,,,,,,,,,,,,,,,,,,176.73034520004876,176.74411149998195,176.74411149998195,176.74411149998195,176.92784140002914,None,,,,,,,,,,,,,,,,,,,,,,,,,,,,,,,,,,,,,,,,,,,,,,P9615,MIC_Bar,7,2,2026-05-07_16h48.09.629,MIC_task,,2026.1.2,60.29795630166393,2026-05-07 16h48.11.390147 +0200,
,,8,0,8,,,,,,,7,t26,gitár,guitar,8,tools,instrument,6.4,19,None,63,None,"(0.1, 0.1)",None,,,,,,,,,,,,,,0,0,0,0,0,15,15,15,8,0,8,0,176.94358650012873,,,,,,,,,,,,,,,,,,,,,,,,,,,,,,,,,,,,,,,,,,,,,,,,,,,,,,,,,,,,,,,,,,,,,,,,,,,,,,,,,,,,,,,,,,,,,,176.93109360011294,176.94358650012873,176.94358650012873,176.94358650012873,177.12962920009159,None,,,,,,,,,,,,,,,,,,,,,,,,,,,,,,,,,,,,,,,,,,,,,,P9615,MIC_Bar,7,2,2026-05-07_16h48.09.629,MIC_task,,2026.1.2,60.29795630166393,2026-05-07 16h48.11.390147 +0200,
,,9,0,9,,,,,,,7,t26,gitár,guitar,8,tools,instrument,6.4,19,None,63,None,"(0.1, 0.1)",None,,,,,,,,,,,,,,0,0,0,0,0,15,15,15,9,0,9,0,177.1439584000036,,,,,,,,,,,,,,,,,,,,,,,,,,,,,,,,,,,,,,,,,,,,,,,,,,,,,,,,,,,,,,,,,,,,,,,,,,,,,,,,,,,,,,,,,,,,,,177.13276399997994,177.1439584000036,177.1439584000036,177.1439584000036,177.3300693000201,None,,,,,,,,,,,,,,,,,,,,,,,,,,,,,,,,,,,,,,,,,,,,,,P9615,MIC_Bar,7,2,2026-05-07_16h48.09.629,MIC_task,,2026.1.2,60.29795630166393,2026-05-07 16h48.11.390147 +0200,
,,10,0,10,,,,,,,7,t26,gitár,guitar,8,tools,instrument,6.4,19,None,63,None,"(0.1, 0.1)",None,,,,,,,,,,,,,,0,0,0,0,0,15,15,15,10,0,10,0,177.3443239000626,,,,,,,,,,,,,,,,,,,,,,,,,,,,,,,,,,,,,,,,,,,,,,,,,,,,,,,,,,,,,,,,,,,,,,,,,,,,,,,,,,,,,,,,,,,,,,177.33314809994772,177.3443239000626,177.3443239000626,177.3443239000626,177.52803710009903,None,,,,,,,,,,,,,,,,,,,,,,,,,,,,,,,,,,,,,,,,,,,,,,P9615,MIC_Bar,7,2,2026-05-07_16h48.09.629,MIC_task,,2026.1.2,60.29795630166393,2026-05-07 16h48.11.390147 +0200,
,,11,0,11,,,,,,,7,t26,gitár,guitar,8,tools,instrument,6.4,19,None,63,None,"(0.1, 0.1)",None,,,,,,,,,,,,,,0,0,0,0,0,15,15,15,11,0,11,0,177.54470630013384,,,,,,,,,,,,,,,,,,,,,,,,,,,,,,,,,,,,,,,,,,,,,,,,,,,,,,,,,,,,,,,,,,,,,,,,,,,,,,,,,,,,,,,,,,,,,,177.5309733999893,177.54470630013384,177.54470630013384,177.54470630013384,177.72851649997756,None,,,,,,,,,,,,,,,,,,,,,,,,,,,,,,,,,,,,,,,,,,,,,,P9615,MIC_Bar,7,2,2026-05-07_16h48.09.629,MIC_task,,2026.1.2,60.29795630166393,2026-05-07 16h48.11.390147 +0200,
,,12,0,12,,,,,,,7,t26,gitár,guitar,8,tools,instrument,6.4,19,None,63,None,"(0.1, 0.1)",None,,,,,,,,,,,,,,0,0,0,0,0,15,15,15,12,0,12,0,177.7451001999434,,,,,,,,,,,,,,,,,,,,,,,,,,,,,,,,,,,,,,,,,,,,,,,,,,,,,,,,,,,,,,,,,,,,,,,,,,,,,,,,,,,,,,,,,,,,,,177.73169840010814,177.7451001999434,177.7451001999434,177.7451001999434,177.92883080011234,None,,,,,,,,,,,,,,,,,,,,,,,,,,,,,,,,,,,,,,,,,,,,,,P9615,MIC_Bar,7,2,2026-05-07_16h48.09.629,MIC_task,,2026.1.2,60.29795630166393,2026-05-07 16h48.11.390147 +0200,
,,13,0,13,,,,,,,7,t26,gitár,guitar,8,tools,instrument,6.4,19,None,63,None,"(0.1, 0.1)",None,,,,,,,,,,,,,,0,0,0,0,0,15,15,15,13,0,13,0,177.94551630015485,,,,,,,,,,,,,,,,,,,,,,,,,,,,,,,,,,,,,,,,,,,,,,,,,,,,,,,,,,,,,,,,,,,,,,,,,,,,,,,,,,,,,,,,,,,,,,177.93187980004586,177.94551630015485,177.94551630015485,177.94551630015485,178.1305172999855,None,,,,,,,,,,,,,,,,,,,,,,,,,,,,,,,,,,,,,,,,,,,,,,P9615,MIC_Bar,7,2,2026-05-07_16h48.09.629,MIC_task,,2026.1.2,60.29795630166393,2026-05-07 16h48.11.390147 +0200,
,,14,0,14,,,,,,,7,t26,gitár,guitar,8,tools,instrument,6.4,19,None,63,None,"(0.1, 0.1)",None,,,,,,,,,,,,,,0,0,0,0,0,15,15,15,14,0,14,0,178.14582299999893,,,,,,,,,,,,,,,,,,,,,,,,,,,,,,,,,,,,,,,,,,,,,,,,,,,,,,,,,,,,,,,,,,,,,,,,,,,,,,,,,,,,,,,,,,,,,,178.1334778999444,178.14582299999893,178.14582299999893,178.14582299999893,178.32959980005398,None,,,,,,,,,,,,,,,,,,,,,,,,,,,,,,,,,,,,,,,,,,,,,,P9615,MIC_Bar,7,2,2026-05-07_16h48.09.629,MIC_task,,2026.1.2,60.29795630166393,2026-05-07 16h48.11.390147 +0200,
,,15,0,15,,,,,,,7,t26,gitár,guitar,8,tools,instrument,6.4,19,None,63,None,"(0.1, 0.1)",None,,,,,,,,,,,,,,0,0,0,0,0,15,15,15,15,0,15,0,178.34622510010377,,,,,,,,,,,,,,,,,,,,,,,,,,,,,,,,,,,,,,,,,,,,,,,,,,,,,,,,,,,,,,,,,,,,,,,,,,,,,,,,,,,,,,,,,,,,,,178.33284970000386,178.34622510010377,178.34622510010377,178.34622510010377,178.53005920001306,None,,,,,,,,,,,,,,,,,,,,,,,,,,,,,,,,,,,,,,,,,,,,,,P9615,MIC_Bar,7,2,2026-05-07_16h48.09.629,MIC_task,,2026.1.2,60.29795630166393,2026-05-07 16h48.11.390147 +0200,
,,16,0,16,,,,,,,7,t26,gitár,guitar,8,tools,instrument,6.4,19,None,63,None,"(0.1, 0.1)",None,,,,,,,,,,,,,,0,0,0,0,0,15,15,15,16,0,16,0,178.54661830002442,,,,,,,,,,,,,,,,,,,,,,,,,,,,,,,,,,,,,,,,,,,,,,,,,,,,,,,,,,,,,,,,,,,,,,,,,,,,,,,,,,,,,,,,,,,,,,178.53315849998035,178.54661830002442,178.54661830002442,178.54661830002442,178.730434600031,None,,,,,,,,,,,,,,,,,,,,,,,,,,,,,,,,,,,,,,,,,,,,,,P9615,MIC_Bar,7,2,2026-05-07_16h48.09.629,MIC_task,,2026.1.2,60.29795630166393,2026-05-07 16h48.11.390147 +0200,
,,17,0,17,,,,,,,7,t26,gitár,guitar,8,tools,instrument,6.4,19,None,63,None,"(0.1, 0.1)",None,,,,,,,,,,,,,,0,0,0,0,0,15,15,15,17,0,17,0,178.7470313999802,,,,,,,,,,,,,,,,,,,,,,,,,,,,,,,,,,,,,,,,,,,,,,,,,,,,,,,,,,,,,,,,,,,,,,,,,,,,,,,,,,,,,,,,,,,,,,178.73385660001077,178.7470313999802,178.7470313999802,178.7470313999802,178.9321824000217,None,,,,,,,,,,,,,,,,,,,,,,,,,,,,,,,,,,,,,,,,,,,,,,P9615,MIC_Bar,7,2,2026-05-07_16h48.09.629,MIC_task,,2026.1.2,60.29795630166393,2026-05-07 16h48.11.390147 +0200,
,,18,0,18,,,,,,,7,t26,gitár,guitar,8,tools,instrument,6.4,19,None,63,None,"(0.1, 0.1)",None,,,,,,,,,,,,,,0,0,0,0,0,15,15,15,18,0,18,0,178.94740780000575,,,,,,,,,,,,,,,,,,,,,,,,,,,,,,,,,,,,,,,,,,,,,,,,,,,,,,,,,,,,,,,,,,,,,,,,,,,,,,,,,,,,,,,,,,,,,,178.93548280000687,178.94740780000575,178.94740780000575,178.94740780000575,179.132594200084,None,,,,,,,,,,,,,,,,,,,,,,,,,,,,,,,,,,,,,,,,,,,,,,P9615,MIC_Bar,7,2,2026-05-07_16h48.09.629,MIC_task,,2026.1.2,60.29795630166393,2026-05-07 16h48.11.390147 +0200,
,,19,0,19,,,,,,,7,t26,gitár,guitar,8,tools,instrument,6.4,19,None,63,None,"(0.1, 0.1)",None,,,,,,,,,,,,,,0,0,0,0,0,15,15,15,19,0,19,0,179.14782049995847,,,,,,,,,,,,,,,,,,,,,,,,,,,,,,,,,,,,,,,,,,,,,,,,,,,,,,,,,,,,,,,,,,,,,,,,,,,,,,,,,,,,,,,,,,,,,,179.1355876000598,179.14782049995847,179.14782049995847,179.14782049995847,179.33064900012687,None,,,,,,,,,,,,,,,,,,,,,,,,,,,,,,,,,,,,,,,,,,,,,,P9615,MIC_Bar,7,2,2026-05-07_16h48.09.629,MIC_task,,2026.1.2,60.29795630166393,2026-05-07 16h48.11.390147 +0200,
,,20,0,20,,,,,,,7,t26,gitár,guitar,8,tools,instrument,6.4,19,None,63,None,"(0.1, 0.1)",None,,,,,,,,,,,,,,0,0,0,0,0,15,15,15,20,0,20,0,179.34726760000922,,,,,,,,,,,,,,,,,,,,,,,,,,,,,,,,,,,,,,,,,,,,,,,,,,,,,,,,,,,,,,,,,,,,,,,,,,,,,,,,,,,,,,,,,,,,,,179.33371180016547,179.34726760000922,179.34726760000922,179.34726760000922,179.53163230000064,None,,,,,,,,,,,,,,,,,,,,,,,,,,,,,,,,,,,,,,,,,,,,,,P9615,MIC_Bar,7,2,2026-05-07_16h48.09.629,MIC_task,,2026.1.2,60.29795630166393,2026-05-07 16h48.11.390147 +0200,
,,21,0,21,,,,,,,7,t26,gitár,guitar,8,tools,instrument,6.4,19,None,63,None,"(0.1, 0.1)",space,0.10995929990895092,None,,,,,,,,,,,,0,0,0,0,0,15,15,15,21,0,21,0,179.54765209998004,,,,,,,,,,,,,,,,,,,,,,,,,,,,,,,,,,,,,,,,,,,,,,,,,,,,,,,,,,,,,,,,,,,,,,,,,,,,,,,,,,,,,,,,,,,,,,179.5343555000145,179.54765209998004,179.54765209998004,179.54765209998004,179.66748900013044,space,0.10995929990895092,None,,,,,,,,,,,,,,,,,,,,,,,,,,,,,,,,,,,,,,,,,,,,P9615,MIC_Bar,7,2,2026-05-07_16h48.09.629,MIC_task,,2026.1.2,60.29795630166393,2026-05-07 16h48.11.390147 +0200,
,,15,15,0,,,,space,2.06486659985967,None,7,t26,gitár,guitar,8,tools,instrument,6.4,19,None,63,None,"(0.1, 0.1)",,,,,,,,,,,,,,,0,0,0,0,0,15,15,15,,,,,,,,,,,,,,,,,,,,,,,,,,,,,,,,,,,,,,,,,,,,,,,,,,,,,,,,,,,,,,,,,,,,,,,,,,,,,,,,179.72421570005827,179.72911139996722,179.733060566724,181.66816600016318,,,,,,183.67117010010406,183.68932050000876,183.68932050000876,185.75873600016348,,,,,,,,,,,,,,,181.69318719999865,181.69755190005526,181.70133883332215,183.58946179994382,183.6711136000231,space,2.06486659985967,None,,,,,,,,,,,,,,,,,,,,,,,,,,,,,,,,,,,,P9615,MIC_Bar,7,2,2026-05-07_16h48.09.629,MIC_task,,2026.1.2,60.29795630166393,2026-05-07 16h48.11.390147 +0200,
,,0,0,0,,,,,,,7,pl29,brokkoli,broccoli,7,plants,vegetable,5.4,15,None,62,None,"(0, 0.1)",None,,,,,,,,,,,,,,0,0,0,0,0,16,16,16,0,0,0,0,185.77365700015798,,,,,,,,,,,,,,,,,,,,,,,,,,,,,,,,,,,,,,,,,,,,,,,,,,,,,,,,,,,,,,,,,,,,,,,,,,,,,,,,,,,,,,,,,,,,,,185.76230900012888,185.77365700015798,185.77365700015798,185.77365700015798,185.95981479994953,None,,,,,,,,,,,,,,,,,,,,,,,,,,,,,,,,,,,,,,,,,,,,,,P9615,MIC_Bar,7,2,2026-05-07_16h48.09.629,MIC_task,,2026.1.2,60.29795630166393,2026-05-07 16h48.11.390147 +0200,
,,0,0,0,,,,,,,7,pl29,brokkoli,broccoli,7,plants,vegetable,5.4,15,None,62,None,"(0, 0.1)",None,,,,,,,,,,,,,,0,0,0,0,0,16,16,16,0,0,0,0,185.9740341999568,,,,,,,,,,,,,,,,,,,,,,,,,,,,,,,,,,,,,,,,,,,,,,,,,,,,,,,,,,,,,,,,,,,,,,,,,,,,,,,,,,,,,,,,,,,,,,185.96309900004417,185.9740341999568,185.9740341999568,185.9740341999568,186.1583812001627,None,,,,,,,,,,,186.17446130001917,186.17446130001917,186.17446130001917,,,,,,,,,,,,,,,,,,,,,,,,,,,,,,,,,P9615,MIC_Bar,7,2,2026-05-07_16h48.09.629,MIC_task,,2026.1.2,60.29795630166393,2026-05-07 16h48.11.390147 +0200,
,,1,0,1,,,,,,,7,pl29,brokkoli,broccoli,7,plants,vegetable,5.4,15,None,62,None,"(0, 0.1)",None,,,,,,,,,,,,,,0,0,0,0,0,16,16,16,1,0,1,0,186.17446130001917,,,,,,,,,,,,,,,,,,,,,,,,,,,,,,,,,,,,,,,,,,,,,,,,,,,,,,,,,,,,,,,,,,,,,,,,,,,,,,,,,,,,,,,,,,,,,,186.16157110012136,186.17446130001917,186.17446130001917,186.17446130001917,186.35925440001301,None,,,,,,,,,,,,,,,,,,,,,,,,,,,,,,,,,,,,,,,,,,,,,,P9615,MIC_Bar,7,2,2026-05-07_16h48.09.629,MIC_task,,2026.1.2,60.29795630166393,2026-05-07 16h48.11.390147 +0200,
,,2,0,2,,,,,,,7,pl29,brokkoli,broccoli,7,plants,vegetable,5.4,15,None,62,None,"(0, 0.1)",None,,,,,,,,,,,,,,0,0,0,0,0,16,16,16,2,0,2,0,186.3748872000724,,,,,,,,,,,,,,,,,,,,,,,,,,,,,,,,,,,,,,,,,,,,,,,,,,,,,,,,,,,,,,,,,,,,,,,,,,,,,,,,,,,,,,,,,,,,,,186.36270860000513,186.3748872000724,186.3748872000724,186.3748872000724,186.55905889999121,None,,,,,,,,,,,186.5752336999867,186.5752336999867,186.5752336999867,,,,,,,,,,,,,,,,,,,,,,,,,,,,,,,,,P9615,MIC_Bar,7,2,2026-05-07_16h48.09.629,MIC_task,,2026.1.2,60.29795630166393,2026-05-07 16h48.11.390147 +0200,
,,3,0,3,,,,,,,7,pl29,brokkoli,broccoli,7,plants,vegetable,5.4,15,None,62,None,"(0, 0.1)",None,,,,,,,,,,,,,,0,0,0,0,0,16,16,16,3,0,3,0,186.5752336999867,,,,,,,,,,,,,,,,,,,,,,,,,,,,,,,,,,,,,,,,,,,,,,,,,,,,,,,,,,,,,,,,,,,,,,,,,,,,,,,,,,,,,,,,,,,,,,186.56269660010003,186.5752336999867,186.5752336999867,186.5752336999867,186.7603730999399,None,,,,,,,,,,,,,,,,,,,,,,,,,,,,,,,,,,,,,,,,,,,,,,P9615,MIC_Bar,7,2,2026-05-07_16h48.09.629,MIC_task,,2026.1.2,60.29795630166393,2026-05-07 16h48.11.390147 +0200,
,,4,0,4,,,,,,,7,pl29,brokkoli,broccoli,7,plants,vegetable,5.4,15,None,62,None,"(0, 0.1)",None,,,,,,,,,,,,,,0,0,0,0,0,16,16,16,4,0,4,0,186.77557109994814,,,,,,,,,,,,,,,,,,,,,,,,,,,,,,,,,,,,,,,,,,,,,,,,,,,,,,,,,,,,,,,,,,,,,,,,,,,,,,,,,,,,,,,,,,,,,,186.76388340000995,186.77557109994814,186.77557109994814,186.77557109994814,186.9606302001048,None,,,,,,,,,,,,,,,,,,,,,,,,,,,,,,,,,,,,,,,,,,,,,,P9615,MIC_Bar,7,2,2026-05-07_16h48.09.629,MIC_task,,2026.1.2,60.29795630166393,2026-05-07 16h48.11.390147 +0200,
,,5,0,5,,,,,,,7,pl29,brokkoli,broccoli,7,plants,vegetable,5.4,15,None,62,None,"(0, 0.1)",None,,,,,,,,,,,,,,0,0,0,0,0,16,16,16,5,0,5,0,186.9759641001001,,,,,,,,,,,,,,,,,,,,,,,,,,,,,,,,,,,,,,,,,,,,,,,,,,,,,,,,,,,,,,,,,,,,,,,,,,,,,,,,,,,,,,,,,,,,,,186.9638356999494,186.9759641001001,186.9759641001001,186.9759641001001,187.16107090003788,None,,,,,,,,,,,,,,,,,,,,,,,,,,,,,,,,,,,,,,,,,,,,,,P9615,MIC_Bar,7,2,2026-05-07_16h48.09.629,MIC_task,,2026.1.2,60.29795630166393,2026-05-07 16h48.11.390147 +0200,
,,6,0,6,,,,,,,7,pl29,brokkoli,broccoli,7,plants,vegetable,5.4,15,None,62,None,"(0, 0.1)",None,,,,,,,,,,,,,,0,0,0,0,0,16,16,16,6,0,6,0,187.17632520012558,,,,,,,,,,,,,,,,,,,,,,,,,,,,,,,,,,,,,,,,,,,,,,,,,,,,,,,,,,,,,,,,,,,,,,,,,,,,,,,,,,,,,,,,,,,,,,187.16433100006543,187.17632520012558,187.17632520012558,187.17632520012558,187.36144260014407,None,,,,,,,,,,,,,,,,,,,,,,,,,,,,,,,,,,,,,,,,,,,,,,P9615,MIC_Bar,7,2,2026-05-07_16h48.09.629,MIC_task,,2026.1.2,60.29795630166393,2026-05-07 16h48.11.390147 +0200,
,,7,0,7,,,,,,,7,pl29,brokkoli,broccoli,7,plants,vegetable,5.4,15,None,62,None,"(0, 0.1)",None,,,,,,,,,,,,,,0,0,0,0,0,16,16,16,7,0,7,0,187.37668360001408,,,,,,,,,,,,,,,,,,,,,,,,,,,,,,,,,,,,,,,,,,,,,,,,,,,,,,,,,,,,,,,,,,,,,,,,,,,,,,,,,,,,,,,,,,,,,,187.3647070999723,187.37668360001408,187.37668360001408,187.37668360001408,187.56069780001417,None,,,,,,,,,,,,,,,,,,,,,,,,,,,,,,,,,,,,,,,,,,,,,,P9615,MIC_Bar,7,2,2026-05-07_16h48.09.629,MIC_task,,2026.1.2,60.29795630166393,2026-05-07 16h48.11.390147 +0200,
,,8,0,8,,,,,,,7,pl29,brokkoli,broccoli,7,plants,vegetable,5.4,15,None,62,None,"(0, 0.1)",None,,,,,,,,,,,,,,0,0,0,0,0,16,16,16,8,0,8,0,187.57708219997585,,,,,,,,,,,,,,,,,,,,,,,,,,,,,,,,,,,,,,,,,,,,,,,,,,,,,,,,,,,,,,,,,,,,,,,,,,,,,,,,,,,,,,,,,,,,,,187.56393530010246,187.57708219997585,187.57708219997585,187.57708219997585,187.76092200004496,None,,,,,,,,,,,,,,,,,,,,,,,,,,,,,,,,,,,,,,,,,,,,,,P9615,MIC_Bar,7,2,2026-05-07_16h48.09.629,MIC_task,,2026.1.2,60.29795630166393,2026-05-07 16h48.11.390147 +0200,
,,9,0,9,,,,,,,7,pl29,brokkoli,broccoli,7,plants,vegetable,5.4,15,None,62,None,"(0, 0.1)",None,,,,,,,,,,,,,,0,0,0,0,0,16,16,16,9,0,9,0,187.77751830010675,,,,,,,,,,,,,,,,,,,,,,,,,,,,,,,,,,,,,,,,,,,,,,,,,,,,,,,,,,,,,,,,,,,,,,,,,,,,,,,,,,,,,,,,,,,,,,187.7640988000203,187.77751830010675,187.77751830010675,187.77751830010675,187.9611788999755,None,,,,,,,,,,,,,,,,,,,,,,,,,,,,,,,,,,,,,,,,,,,,,,P9615,MIC_Bar,7,2,2026-05-07_16h48.09.629,MIC_task,,2026.1.2,60.29795630166393,2026-05-07 16h48.11.390147 +0200,
,,10,0,10,,,,,,,7,pl29,brokkoli,broccoli,7,plants,vegetable,5.4,15,None,62,None,"(0, 0.1)",None,,,,,,,,,,,,,,0,0,0,0,0,16,16,16,10,0,10,0,187.97792270011269,,,,,,,,,,,,,,,,,,,,,,,,,,,,,,,,,,,,,,,,,,,,,,,,,,,,,,,,,,,,,,,,,,,,,,,,,,,,,,,,,,,,,,,,,,,,,,187.96432150015607,187.97792270011269,187.97792270011269,187.97792270011269,188.16154080000706,None,,,,,,,,,,,,,,,,,,,,,,,,,,,,,,,,,,,,,,,,,,,,,,P9615,MIC_Bar,7,2,2026-05-07_16h48.09.629,MIC_task,,2026.1.2,60.29795630166393,2026-05-07 16h48.11.390147 +0200,
,,11,0,11,,,,,,,7,pl29,brokkoli,broccoli,7,plants,vegetable,5.4,15,None,62,None,"(0, 0.1)",None,,,,,,,,,,,,,,0,0,0,0,0,16,16,16,11,0,11,0,188.17832259996794,,,,,,,,,,,,,,,,,,,,,,,,,,,,,,,,,,,,,,,,,,,,,,,,,,,,,,,,,,,,,,,,,,,,,,,,,,,,,,,,,,,,,,,,,,,,,,188.1647427000571,188.17832259996794,188.17832259996794,188.17832259996794,188.36353360000066,None,,,,,,,,,,,,,,,,,,,,,,,,,,,,,,,,,,,,,,,,,,,,,,P9615,MIC_Bar,7,2,2026-05-07_16h48.09.629,MIC_task,,2026.1.2,60.29795630166393,2026-05-07 16h48.11.390147 +0200,
,,12,0,12,,,,,,,7,pl29,brokkoli,broccoli,7,plants,vegetable,5.4,15,None,62,None,"(0, 0.1)",None,,,,,,,,,,,,,,0,0,0,0,0,16,16,16,12,0,12,0,188.37781560001895,,,,,,,,,,,,,,,,,,,,,,,,,,,,,,,,,,,,,,,,,,,,,,,,,,,,,,,,,,,,,,,,,,,,,,,,,,,,,,,,,,,,,,,,,,,,,,188.366989800008,188.37781560001895,188.37781560001895,188.37781560001895,188.56290410016663,None,,,,,,,,,,,,,,,,,,,,,,,,,,,,,,,,,,,,,,,,,,,,,,P9615,MIC_Bar,7,2,2026-05-07_16h48.09.629,MIC_task,,2026.1.2,60.29795630166393,2026-05-07 16h48.11.390147 +0200,
,,13,0,13,,,,,,,7,pl29,brokkoli,broccoli,7,plants,vegetable,5.4,15,None,62,None,"(0, 0.1)",None,,,,,,,,,,,,,,0,0,0,0,0,16,16,16,13,0,13,0,188.57817410002463,,,,,,,,,,,,,,,,,,,,,,,,,,,,,,,,,,,,,,,,,,,,,,,,,,,,,,,,,,,,,,,,,,,,,,,,,,,,,,,,,,,,,,,,,,,,,,188.56637170002796,188.57817410002463,188.57817410002463,188.57817410002463,188.76340940012597,None,,,,,,,,,,,,,,,,,,,,,,,,,,,,,,,,,,,,,,,,,,,,,,P9615,MIC_Bar,7,2,2026-05-07_16h48.09.629,MIC_task,,2026.1.2,60.29795630166393,2026-05-07 16h48.11.390147 +0200,
,,14,0,14,,,,,,,7,pl29,brokkoli,broccoli,7,plants,vegetable,5.4,15,None,62,None,"(0, 0.1)",None,,,,,,,,,,,,,,0,0,0,0,0,16,16,16,14,0,14,0,188.77853230014443,,,,,,,,,,,,,,,,,,,,,,,,,,,,,,,,,,,,,,,,,,,,,,,,,,,,,,,,,,,,,,,,,,,,,,,,,,,,,,,,,,,,,,,,,,,,,,188.76655240007676,188.77853230014443,188.77853230014443,188.77853230014443,188.96375160012394,None,,,,,,,,,,,,,,,,,,,,,,,,,,,,,,,,,,,,,,,,,,,,,,P9615,MIC_Bar,7,2,2026-05-07_16h48.09.629,MIC_task,,2026.1.2,60.29795630166393,2026-05-07 16h48.11.390147 +0200,
,,15,0,15,,,,,,,7,pl29,brokkoli,broccoli,7,plants,vegetable,5.4,15,None,62,None,"(0, 0.1)",None,,,,,,,,,,,,,,0,0,0,0,0,16,16,16,15,0,15,0,188.97888269997202,,,,,,,,,,,,,,,,,,,,,,,,,,,,,,,,,,,,,,,,,,,,,,,,,,,,,,,,,,,,,,,,,,,,,,,,,,,,,,,,,,,,,,,,,,,,,,188.9671847000718,188.97888269997202,188.97888269997202,188.97888269997202,189.16267670015804,None,,,,,,,,,,,,,,,,,,,,,,,,,,,,,,,,,,,,,,,,,,,,,,P9615,MIC_Bar,7,2,2026-05-07_16h48.09.629,MIC_task,,2026.1.2,60.29795630166393,2026-05-07 16h48.11.390147 +0200,
,,16,0,16,,,,,,,7,pl29,brokkoli,broccoli,7,plants,vegetable,5.4,15,None,62,None,"(0, 0.1)",None,,,,,,,,,,,,,,0,0,0,0,0,16,16,16,16,0,16,0,189.17924880003557,,,,,,,,,,,,,,,,,,,,,,,,,,,,,,,,,,,,,,,,,,,,,,,,,,,,,,,,,,,,,,,,,,,,,,,,,,,,,,,,,,,,,,,,,,,,,,189.16583360009827,189.17924880003557,189.17924880003557,189.17924880003557,189.36303190002218,None,,,,,,,,,,,,,,,,,,,,,,,,,,,,,,,,,,,,,,,,,,,,,,P9615,MIC_Bar,7,2,2026-05-07_16h48.09.629,MIC_task,,2026.1.2,60.29795630166393,2026-05-07 16h48.11.390147 +0200,
,,17,0,17,,,,,,,7,pl29,brokkoli,broccoli,7,plants,vegetable,5.4,15,None,62,None,"(0, 0.1)",space,0.16600099997594953,None,,,,,,,,,,,,0,0,0,0,0,16,16,16,17,0,17,0,189.37963240011595,,,,,,,,,,,,,,,,,,,,,,,,,,,,,,,,,,,,,,,,,,,,,,,,,,,,,,,,,,,,,,,,,,,,,,,,,,,,,,,,,,,,,,,,,,,,,,189.3663278000895,189.37963240011595,189.37963240011595,189.37963240011595,189.5474662000779,space,0.16600099997594953,None,,,,,,,,,,,,,,,,,,,,,,,,,,,,,,,,,,,,,,,,,,,,P9615,MIC_Bar,7,2,2026-05-07_16h48.09.629,MIC_task,,2026.1.2,60.29795630166393,2026-05-07 16h48.11.390147 +0200,
,,16,16,0,,,,space,0.11978449998423457,None,7,pl29,brokkoli,broccoli,7,plants,vegetable,5.4,15,None,62,None,"(0, 0.1)",,,,,,,,,,,,,,,0,0,0,0,0,16,16,16,,,,,,,,,,,,,,,,,,,,,,,,,,,,,,,,,,,,,,,,,,,,,,,,,,,,,,,,,,,,,,,,,,,,,,,,,,,,,,,,189.60368719999678,189.60925480001606,189.61314516679076,191.54959310009144,,,,,,193.552603200078,193.57060660002753,193.57060660002753,193.70343440002762,,,,,,,,,,,,,,,191.5753771001473,191.57987689995207,191.58278623328857,193.46939440001734,193.55255320016295,space,0.11978449998423457,None,,,,,,,,,,,,,,,,,,,,,,,,,,,,,,,,,,,,P9615,MIC_Bar,7,2,2026-05-07_16h48.09.629,MIC_task,,2026.1.2,60.29795630166393,2026-05-07 16h48.11.390147 +0200,
,,0,0,0,,,,,,,7,a09,pingvin,penguin,1,animal,bird,6,13,25,68,None,"(-0.1, -0.1)",None,,,,,,,,,,,,,,0,0,0,0,0,17,17,17,0,0,0,0,193.7192019999493,,,,,,,,,,,,,,,,,,,,,,,,,,,,,,,,,,,,,,,,,,,,,,,,,,,,,,,,,,,,,,,,,,,,,,,,,,,,,,,,,,,,,,,,,,,,,,193.70679019996896,193.7192019999493,193.7192019999493,193.7192019999493,193.90352099994197,None,,,,,,,,,,,193.9196387999691,193.9196387999691,193.9196387999691,,,,,,,,,,,,,,,,,,,,,,,,,,,,,,,,,P9615,MIC_Bar,7,2,2026-05-07_16h48.09.629,MIC_task,,2026.1.2,60.29795630166393,2026-05-07 16h48.11.390147 +0200,
,,0,0,0,,,,,,,7,a09,pingvin,penguin,1,animal,bird,6,13,25,68,None,"(-0.1, -0.1)",None,,,,,,,,,,,,,,0,0,0,0,0,17,17,17,0,0,0,0,193.9196387999691,,,,,,,,,,,,,,,,,,,,,,,,,,,,,,,,,,,,,,,,,,,,,,,,,,,,,,,,,,,,,,,,,,,,,,,,,,,,,,,,,,,,,,,,,,,,,,193.90662420005538,193.9196387999691,193.9196387999691,193.9196387999691,194.10481330007315,None,,,,,,,,,,,,,,,,,,,,,,,,,,,,,,,,,,,,,,,,,,,,,,P9615,MIC_Bar,7,2,2026-05-07_16h48.09.629,MIC_task,,2026.1.2,60.29795630166393,2026-05-07 16h48.11.390147 +0200,
,,1,0,1,,,,,,,7,a09,pingvin,penguin,1,animal,bird,6,13,25,68,None,"(-0.1, -0.1)",None,,,,,,,,,,,,,,0,0,0,0,0,17,17,17,1,0,1,0,194.1199952000752,,,,,,,,,,,,,,,,,,,,,,,,,,,,,,,,,,,,,,,,,,,,,,,,,,,,,,,,,,,,,,,,,,,,,,,,,,,,,,,,,,,,,,,,,,,,,,194.1078735999763,194.1199952000752,194.1199952000752,194.1199952000752,194.30383850005455,None,,,,,,,,,,,,,,,,,,,,,,,,,,,,,,,,,,,,,,,,,,,,,,P9615,MIC_Bar,7,2,2026-05-07_16h48.09.629,MIC_task,,2026.1.2,60.29795630166393,2026-05-07 16h48.11.390147 +0200,
,,2,0,2,,,,,,,7,a09,pingvin,penguin,1,animal,bird,6,13,25,68,None,"(-0.1, -0.1)",None,,,,,,,,,,,,,,0,0,0,0,0,17,17,17,2,0,2,0,194.3204618000891,,,,,,,,,,,,,,,,,,,,,,,,,,,,,,,,,,,,,,,,,,,,,,,,,,,,,,,,,,,,,,,,,,,,,,,,,,,,,,,,,,,,,,,,,,,,,,194.30706980009563,194.3204618000891,194.3204618000891,194.3204618000891,194.50554200005718,None,,,,,,,,,,,,,,,,,,,,,,,,,,,,,,,,,,,,,,,,,,,,,,P9615,MIC_Bar,7,2,2026-05-07_16h48.09.629,MIC_task,,2026.1.2,60.29795630166393,2026-05-07 16h48.11.390147 +0200,
,,3,0,3,,,,,,,7,a09,pingvin,penguin,1,animal,bird,6,13,25,68,None,"(-0.1, -0.1)",None,,,,,,,,,,,,,,0,0,0,0,0,17,17,17,3,0,3,0,194.52075510006398,,,,,,,,,,,,,,,,,,,,,,,,,,,,,,,,,,,,,,,,,,,,,,,,,,,,,,,,,,,,,,,,,,,,,,,,,,,,,,,,,,,,,,,,,,,,,,194.50867050001398,194.52075510006398,194.52075510006398,194.52075510006398,194.7046448001638,None,,,,,,,,,,,,,,,,,,,,,,,,,,,,,,,,,,,,,,,,,,,,,,P9615,MIC_Bar,7,2,2026-05-07_16h48.09.629,MIC_task,,2026.1.2,60.29795630166393,2026-05-07 16h48.11.390147 +0200,
,,4,0,4,,,,,,,7,a09,pingvin,penguin,1,animal,bird,6,13,25,68,None,"(-0.1, -0.1)",None,,,,,,,,,,,,,,0,0,0,0,0,17,17,17,4,0,4,0,194.72114260005765,,,,,,,,,,,,,,,,,,,,,,,,,,,,,,,,,,,,,,,,,,,,,,,,,,,,,,,,,,,,,,,,,,,,,,,,,,,,,,,,,,,,,,,,,,,,,,194.70799769996665,194.72114260005765,194.72114260005765,194.72114260005765,194.90626069996506,None,,,,,,,,,,,,,,,,,,,,,,,,,,,,,,,,,,,,,,,,,,,,,,P9615,MIC_Bar,7,2,2026-05-07_16h48.09.629,MIC_task,,2026.1.2,60.29795630166393,2026-05-07 16h48.11.390147 +0200,
,,5,0,5,,,,,,,7,a09,pingvin,penguin,1,animal,bird,6,13,25,68,None,"(-0.1, -0.1)",None,,,,,,,,,,,,,,0,0,0,0,0,17,17,17,5,0,5,0,194.92148529994301,,,,,,,,,,,,,,,,,,,,,,,,,,,,,,,,,,,,,,,,,,,,,,,,,,,,,,,,,,,,,,,,,,,,,,,,,,,,,,,,,,,,,,,,,,,,,,194.90916940011084,194.92148529994301,194.92148529994301,194.92148529994301,195.10663340007886,None,,,,,,,,,,,,,,,,,,,,,,,,,,,,,,,,,,,,,,,,,,,,,,P9615,MIC_Bar,7,2,2026-05-07_16h48.09.629,MIC_task,,2026.1.2,60.29795630166393,2026-05-07 16h48.11.390147 +0200,
,,6,0,6,,,,,,,7,a09,pingvin,penguin,1,animal,bird,6,13,25,68,None,"(-0.1, -0.1)",None,,,,,,,,,,,,,,0,0,0,0,0,17,17,17,6,0,6,0,195.12194760004058,,,,,,,,,,,,,,,,,,,,,,,,,,,,,,,,,,,,,,,,,,,,,,,,,,,,,,,,,,,,,,,,,,,,,,,,,,,,,,,,,,,,,,,,,,,,,,195.1097939000465,195.12194760004058,195.12194760004058,195.12194760004058,195.30570799997076,None,,,,,,,,,,,,,,,,,,,,,,,,,,,,,,,,,,,,,,,,,,,,,,P9615,MIC_Bar,7,2,2026-05-07_16h48.09.629,MIC_task,,2026.1.2,60.29795630166393,2026-05-07 16h48.11.390147 +0200,
,,7,0,7,,,,,,,7,a09,pingvin,penguin,1,animal,bird,6,13,25,68,None,"(-0.1, -0.1)",None,,,,,,,,,,,,,,0,0,0,0,0,17,17,17,7,0,7,0,195.32231990015134,,,,,,,,,,,,,,,,,,,,,,,,,,,,,,,,,,,,,,,,,,,,,,,,,,,,,,,,,,,,,,,,,,,,,,,,,,,,,,,,,,,,,,,,,,,,,,195.30877330014482,195.32231990015134,195.32231990015134,195.32231990015134,195.50517880008556,None,,,,,,,,,,,,,,,,,,,,,,,,,,,,,,,,,,,,,,,,,,,,,,P9615,MIC_Bar,7,2,2026-05-07_16h48.09.629,MIC_task,,2026.1.2,60.29795630166393,2026-05-07 16h48.11.390147 +0200,
,,8,0,8,,,,,,,7,a09,pingvin,penguin,1,animal,bird,6,13,25,68,None,"(-0.1, -0.1)",None,,,,,,,,,,,,,,0,0,0,0,0,17,17,17,8,0,8,0,195.52184049994685,,,,,,,,,,,,,,,,,,,,,,,,,,,,,,,,,,,,,,,,,,,,,,,,,,,,,,,,,,,,,,,,,,,,,,,,,,,,,,,,,,,,,,,,,,,,,,195.5082715000026,195.52184049994685,195.52184049994685,195.52184049994685,195.705525000114,None,,,,,,,,,,,,,,,,,,,,,,,,,,,,,,,,,,,,,,,,,,,,,,P9615,MIC_Bar,7,2,2026-05-07_16h48.09.629,MIC_task,,2026.1.2,60.29795630166393,2026-05-07 16h48.11.390147 +0200,
,,9,0,9,,,,,,,7,a09,pingvin,penguin,1,animal,bird,6,13,25,68,None,"(-0.1, -0.1)",None,,,,,,,,,,,,,,0,0,0,0,0,17,17,17,9,0,9,0,195.72218070016243,,,,,,,,,,,,,,,,,,,,,,,,,,,,,,,,,,,,,,,,,,,,,,,,,,,,,,,,,,,,,,,,,,,,,,,,,,,,,,,,,,,,,,,,,,,,,,195.70864890003577,195.72218070016243,195.72218070016243,195.72218070016243,195.90735929994844,None,,,,,,,,,,,,,,,,,,,,,,,,,,,,,,,,,,,,,,,,,,,,,,P9615,MIC_Bar,7,2,2026-05-07_16h48.09.629,MIC_task,,2026.1.2,60.29795630166393,2026-05-07 16h48.11.390147 +0200,
,,10,0,10,,,,,,,7,a09,pingvin,penguin,1,animal,bird,6,13,25,68,None,"(-0.1, -0.1)",None,,,,,,,,,,,,,,0,0,0,0,0,17,17,17,10,0,10,0,195.92266499996185,,,,,,,,,,,,,,,,,,,,,,,,,,,,,,,,,,,,,,,,,,,,,,,,,,,,,,,,,,,,,,,,,,,,,,,,,,,,,,,,,,,,,,,,,,,,,,195.9104243000038,195.92266499996185,195.92266499996185,195.92266499996185,196.10777050000615,None,,,,,,,,,,,,,,,,,,,,,,,,,,,,,,,,,,,,,,,,,,,,,,P9615,MIC_Bar,7,2,2026-05-07_16h48.09.629,MIC_task,,2026.1.2,60.29795630166393,2026-05-07 16h48.11.390147 +0200,
,,11,0,11,,,,,,,7,a09,pingvin,penguin,1,animal,bird,6,13,25,68,None,"(-0.1, -0.1)",None,,,,,,,,,,,,,,0,0,0,0,0,17,17,17,11,0,11,0,196.1230208000634,,,,,,,,,,,,,,,,,,,,,,,,,,,,,,,,,,,,,,,,,,,,,,,,,,,,,,,,,,,,,,,,,,,,,,,,,,,,,,,,,,,,,,,,,,,,,,196.11106520006433,196.1230208000634,196.1230208000634,196.1230208000634,196.3067449000664,None,,,,,,,,,,,,,,,,,,,,,,,,,,,,,,,,,,,,,,,,,,,,,,P9615,MIC_Bar,7,2,2026-05-07_16h48.09.629,MIC_task,,2026.1.2,60.29795630166393,2026-05-07 16h48.11.390147 +0200,
,,12,0,12,,,,,,,7,a09,pingvin,penguin,1,animal,bird,6,13,25,68,None,"(-0.1, -0.1)",None,,,,,,,,,,,,,,0,0,0,0,0,17,17,17,12,0,12,0,196.32340590003878,,,,,,,,,,,,,,,,,,,,,,,,,,,,,,,,,,,,,,,,,,,,,,,,,,,,,,,,,,,,,,,,,,,,,,,,,,,,,,,,,,,,,,,,,,,,,,196.3097759000957,196.32340590003878,196.32340590003878,196.32340590003878,196.50714930007234,None,,,,,,,,,,,,,,,,,,,,,,,,,,,,,,,,,,,,,,,,,,,,,,P9615,MIC_Bar,7,2,2026-05-07_16h48.09.629,MIC_task,,2026.1.2,60.29795630166393,2026-05-07 16h48.11.390147 +0200,
,,13,0,13,,,,,,,7,a09,pingvin,penguin,1,animal,bird,6,13,25,68,None,"(-0.1, -0.1)",None,,,,,,,,,,,,,,0,0,0,0,0,17,17,17,13,0,13,0,196.5237943001557,,,,,,,,,,,,,,,,,,,,,,,,,,,,,,,,,,,,,,,,,,,,,,,,,,,,,,,,,,,,,,,,,,,,,,,,,,,,,,,,,,,,,,,,,,,,,,196.51026530005038,196.5237943001557,196.5237943001557,196.5237943001557,196.70789219997823,None,,,,,,,,,,,,,,,,,,,,,,,,,,,,,,,,,,,,,,,,,,,,,,P9615,MIC_Bar,7,2,2026-05-07_16h48.09.629,MIC_task,,2026.1.2,60.29795630166393,2026-05-07 16h48.11.390147 +0200,
,,14,0,14,,,,,,,7,a09,pingvin,penguin,1,animal,bird,6,13,25,68,None,"(-0.1, -0.1)",None,,,,,,,,,,,,,,0,0,0,0,0,17,17,17,14,0,14,0,196.72420569998212,,,,,,,,,,,,,,,,,,,,,,,,,,,,,,,,,,,,,,,,,,,,,,,,,,,,,,,,,,,,,,,,,,,,,,,,,,,,,,,,,,,,,,,,,,,,,,196.71113399998285,196.72420569998212,196.72420569998212,196.72420569998212,196.9079152001068,None,,,,,,,,,,,,,,,,,,,,,,,,,,,,,,,,,,,,,,,,,,,,,,P9615,MIC_Bar,7,2,2026-05-07_16h48.09.629,MIC_task,,2026.1.2,60.29795630166393,2026-05-07 16h48.11.390147 +0200,
,,15,0,15,,,,,,,7,a09,pingvin,penguin,1,animal,bird,6,13,25,68,None,"(-0.1, -0.1)",None,,,,,,,,,,,,,,0,0,0,0,0,17,17,17,15,0,15,0,196.9245786999818,,,,,,,,,,,,,,,,,,,,,,,,,,,,,,,,,,,,,,,,,,,,,,,,,,,,,,,,,,,,,,,,,,,,,,,,,,,,,,,,,,,,,,,,,,,,,,196.91102400003,196.9245786999818,196.9245786999818,196.9245786999818,197.10954520013183,None,,,,,,,,,,,,,,,,,,,,,,,,,,,,,,,,,,,,,,,,,,,,,,P9615,MIC_Bar,7,2,2026-05-07_16h48.09.629,MIC_task,,2026.1.2,60.29795630166393,2026-05-07 16h48.11.390147 +0200,
,,16,0,16,,,,,,,7,a09,pingvin,penguin,1,animal,bird,6,13,25,68,None,"(-0.1, -0.1)",None,,,,,,,,,,,,,,0,0,0,0,0,17,17,17,16,0,16,0,197.12490159994923,,,,,,,,,,,,,,,,,,,,,,,,,,,,,,,,,,,,,,,,,,,,,,,,,,,,,,,,,,,,,,,,,,,,,,,,,,,,,,,,,,,,,,,,,,,,,,197.11264259996824,197.12490159994923,197.12490159994923,197.12490159994923,197.3100318000652,None,,,,,,,,,,,,,,,,,,,,,,,,,,,,,,,,,,,,,,,,,,,,,,P9615,MIC_Bar,7,2,2026-05-07_16h48.09.629,MIC_task,,2026.1.2,60.29795630166393,2026-05-07 16h48.11.390147 +0200,
,,17,0,17,,,,,,,7,a09,pingvin,penguin,1,animal,bird,6,13,25,68,None,"(-0.1, -0.1)",None,,,,,,,,,,,,,,0,0,0,0,0,17,17,17,17,0,17,0,197.32530100014992,,,,,,,,,,,,,,,,,,,,,,,,,,,,,,,,,,,,,,,,,,,,,,,,,,,,,,,,,,,,,,,,,,,,,,,,,,,,,,,,,,,,,,,,,,,,,,197.3131810000632,197.32530100014992,197.32530100014992,197.32530100014992,197.51047149999067,None,,,,,,,,,,,,,,,,,,,,,,,,,,,,,,,,,,,,,,,,,,,,,,P9615,MIC_Bar,7,2,2026-05-07_16h48.09.629,MIC_task,,2026.1.2,60.29795630166393,2026-05-07 16h48.11.390147 +0200,
,,18,0,18,,,,,,,7,a09,pingvin,penguin,1,animal,bird,6,13,25,68,None,"(-0.1, -0.1)",None,,,,,,,,,,,,,,0,0,0,0,0,17,17,17,18,0,18,0,197.52564490004443,,,,,,,,,,,,,,,,,,,,,,,,,,,,,,,,,,,,,,,,,,,,,,,,,,,,,,,,,,,,,,,,,,,,,,,,,,,,,,,,,,,,,,,,,,,,,,197.51396140013821,197.52564490004443,197.52564490004443,197.52564490004443,197.7093678000383,None,,,,,,,,,,,,,,,,,,,,,,,,,,,,,,,,,,,,,,,,,,,,,,P9615,MIC_Bar,7,2,2026-05-07_16h48.09.629,MIC_task,,2026.1.2,60.29795630166393,2026-05-07 16h48.11.390147 +0200,
,,19,0,19,,,,,,,7,a09,pingvin,penguin,1,animal,bird,6,13,25,68,None,"(-0.1, -0.1)",None,,,,,,,,,,,,,,0,0,0,0,0,17,17,17,19,0,19,0,197.7250699000433,,,,,,,,,,,,,,,,,,,,,,,,,,,,,,,,,,,,,,,,,,,,,,,,,,,,,,,,,,,,,,,,,,,,,,,,,,,,,,,,,,,,,,,,,,,,,,197.71243100007996,197.7250699000433,197.7250699000433,197.7250699000433,197.90986230014823,None,,,,,,,,,,,,,,,,,,,,,,,,,,,,,,,,,,,,,,,,,,,,,,P9615,MIC_Bar,7,2,2026-05-07_16h48.09.629,MIC_task,,2026.1.2,60.29795630166393,2026-05-07 16h48.11.390147 +0200,
,,20,0,20,,,,,,,7,a09,pingvin,penguin,1,animal,bird,6,13,25,68,None,"(-0.1, -0.1)",space,0.13969610002823174,None,,,,,,,,,,,,0,0,0,0,0,17,17,17,20,0,20,0,197.92650549998507,,,,,,,,,,,,,,,,,,,,,,,,,,,,,,,,,,,,,,,,,,,,,,,,,,,,,,,,,,,,,,,,,,,,,,,,,,,,,,,,,,,,,,,,,,,,,,197.91318110004067,197.92650549998507,197.92650549998507,197.92650549998507,198.07748490013182,space,0.13969610002823174,None,,,,,,,,,,,,,,,,,,,,,,,,,,,,,,,,,,,,,,,,,,,,P9615,MIC_Bar,7,2,2026-05-07_16h48.09.629,MIC_task,,2026.1.2,60.29795630166393,2026-05-07 16h48.11.390147 +0200,
,,17,17,0,,,,space,0.12680869991891086,None,7,a09,pingvin,penguin,1,animal,bird,6,13,25,68,None,"(-0.1, -0.1)",,,,,,,,,,,,,,,0,0,0,0,0,17,17,17,,,,,,,,,,,,,,,,,,,,,,,,,,,,,,,,,,,,,,,,,,,,,,,,,,,,,,,,,,,,,,,,,,,,,,,,,,,,,,,,198.13703840016387,198.14194960007444,198.1431603667016,200.0796709000133,,,,,,202.08394440007396,202.09913150011562,202.09913150011562,202.23320730007254,,,,,,,,,,,,,,,200.1027918001637,200.10740330000408,200.11283813336246,201.9985235000495,202.08389659994282,space,0.12680869991891086,None,,,,,,,,,,,,,,,,,,,,,,,,,,,,,,,,,,,,P9615,MIC_Bar,7,2,2026-05-07_16h48.09.629,MIC_task,,2026.1.2,60.29795630166393,2026-05-07 16h48.11.390147 +0200,
,,0,0,0,,,,,,,7,l05,medence,pool,5,location,facilities,6.6,145,None,61,None,"(-0.1, 0.1)",None,,,,,,,,,,,,,,0,0,0,0,0,18,18,18,0,0,0,0,202.2491995000746,,,,,,,,,,,,,,,,,,,,,,,,,,,,,,,,,,,,,,,,,,,,,,,,,,,,,,,,,,,,,,,,,,,,,,,,,,,,,,,,,,,,,,,,,,,,,,202.23677169997245,202.2491995000746,202.2491995000746,202.2491995000746,202.4334136999678,None,,,,,,,,,,,202.44954990013503,202.44954990013503,202.44954990013503,,,,,,,,,,,,,,,,,,,,,,,,,,,,,,,,,P9615,MIC_Bar,7,2,2026-05-07_16h48.09.629,MIC_task,,2026.1.2,60.29795630166393,2026-05-07 16h48.11.390147 +0200,
,,0,0,0,,,,,,,7,l05,medence,pool,5,location,facilities,6.6,145,None,61,None,"(-0.1, 0.1)",None,,,,,,,,,,,,,,0,0,0,0,0,18,18,18,0,0,0,0,202.44954990013503,,,,,,,,,,,,,,,,,,,,,,,,,,,,,,,,,,,,,,,,,,,,,,,,,,,,,,,,,,,,,,,,,,,,,,,,,,,,,,,,,,,,,,,,,,,,,,202.4364656000398,202.44954990013503,202.44954990013503,202.44954990013503,202.63464620010927,None,,,,,,,,,,,,,,,,,,,,,,,,,,,,,,,,,,,,,,,,,,,,,,P9615,MIC_Bar,7,2,2026-05-07_16h48.09.629,MIC_task,,2026.1.2,60.29795630166393,2026-05-07 16h48.11.390147 +0200,
,,1,0,1,,,,,,,7,l05,medence,pool,5,location,facilities,6.6,145,None,61,None,"(-0.1, 0.1)",None,,,,,,,,,,,,,,0,0,0,0,0,18,18,18,1,0,1,0,202.64995590015315,,,,,,,,,,,,,,,,,,,,,,,,,,,,,,,,,,,,,,,,,,,,,,,,,,,,,,,,,,,,,,,,,,,,,,,,,,,,,,,,,,,,,,,,,,,,,,202.6379040000029,202.64995590015315,202.64995590015315,202.64995590015315,202.8351140001323,None,,,,,,,,,,,,,,,,,,,,,,,,,,,,,,,,,,,,,,,,,,,,,,P9615,MIC_Bar,7,2,2026-05-07_16h48.09.629,MIC_task,,2026.1.2,60.29795630166393,2026-05-07 16h48.11.390147 +0200,
,,2,0,2,,,,,,,7,l05,medence,pool,5,location,facilities,6.6,145,None,61,None,"(-0.1, 0.1)",None,,,,,,,,,,,,,,0,0,0,0,0,18,18,18,2,0,2,0,202.85041930014268,,,,,,,,,,,,,,,,,,,,,,,,,,,,,,,,,,,,,,,,,,,,,,,,,,,,,,,,,,,,,,,,,,,,,,,,,,,,,,,,,,,,,,,,,,,,,,202.83836770011112,202.85041930014268,202.85041930014268,202.85041930014268,203.03417330002412,None,,,,,,,,,,,,,,,,,,,,,,,,,,,,,,,,,,,,,,,,,,,,,,P9615,MIC_Bar,7,2,2026-05-07_16h48.09.629,MIC_task,,2026.1.2,60.29795630166393,2026-05-07 16h48.11.390147 +0200,
,,3,0,3,,,,,,,7,l05,medence,pool,5,location,facilities,6.6,145,None,61,None,"(-0.1, 0.1)",None,,,,,,,,,,,,,,0,0,0,0,0,18,18,18,3,0,3,0,203.05077550001442,,,,,,,,,,,,,,,,,,,,,,,,,,,,,,,,,,,,,,,,,,,,,,,,,,,,,,,,,,,,,,,,,,,,,,,,,,,,,,,,,,,,,,,,,,,,,,203.03743400005624,203.05077550001442,203.05077550001442,203.05077550001442,203.2346570000518,None,,,,,,,,,,,,,,,,,,,,,,,,,,,,,,,,,,,,,,,,,,,,,,P9615,MIC_Bar,7,2,2026-05-07_16h48.09.629,MIC_task,,2026.1.2,60.29795630166393,2026-05-07 16h48.11.390147 +0200,
,,4,0,4,,,,,,,7,l05,medence,pool,5,location,facilities,6.6,145,None,61,None,"(-0.1, 0.1)",None,,,,,,,,,,,,,,0,0,0,0,0,18,18,18,4,0,4,0,203.2512070001103,,,,,,,,,,,,,,,,,,,,,,,,,,,,,,,,,,,,,,,,,,,,,,,,,,,,,,,,,,,,,,,,,,,,,,,,,,,,,,,,,,,,,,,,,,,,,,203.237770000007,203.2512070001103,203.2512070001103,203.2512070001103,203.43641540012322,None,,,,,,,,,,,,,,,,,,,,,,,,,,,,,,,,,,,,,,,,,,,,,,P9615,MIC_Bar,7,2,2026-05-07_16h48.09.629,MIC_task,,2026.1.2,60.29795630166393,2026-05-07 16h48.11.390147 +0200,
,,5,0,5,,,,,,,7,l05,medence,pool,5,location,facilities,6.6,145,None,61,None,"(-0.1, 0.1)",None,,,,,,,,,,,,,,0,0,0,0,0,18,18,18,5,0,5,0,203.45158710004762,,,,,,,,,,,,,,,,,,,,,,,,,,,,,,,,,,,,,,,,,,,,,,,,,,,,,,,,,,,,,,,,,,,,,,,,,,,,,,,,,,,,,,,,,,,,,,203.43945539998822,203.45158710004762,203.45158710004762,203.45158710004762,203.6343795999419,None,,,,,,,,,,,,,,,,,,,,,,,,,,,,,,,,,,,,,,,,,,,,,,P9615,MIC_Bar,7,2,2026-05-07_16h48.09.629,MIC_task,,2026.1.2,60.29795630166393,2026-05-07 16h48.11.390147 +0200,
,,6,0,6,,,,,,,7,l05,medence,pool,5,location,facilities,6.6,145,None,61,None,"(-0.1, 0.1)",None,,,,,,,,,,,,,,0,0,0,0,0,18,18,18,6,0,6,0,203.65100240008906,,,,,,,,,,,,,,,,,,,,,,,,,,,,,,,,,,,,,,,,,,,,,,,,,,,,,,,,,,,,,,,,,,,,,,,,,,,,,,,,,,,,,,,,,,,,,,203.63783240015619,203.65100240008906,203.65100240008906,203.65100240008906,203.83534050011076,None,,,,,,,,,,,,,,,,,,,,,,,,,,,,,,,,,,,,,,,,,,,,,,P9615,MIC_Bar,7,2,2026-05-07_16h48.09.629,MIC_task,,2026.1.2,60.29795630166393,2026-05-07 16h48.11.390147 +0200,
,,7,0,7,,,,,,,7,l05,medence,pool,5,location,facilities,6.6,145,None,61,None,"(-0.1, 0.1)",None,,,,,,,,,,,,,,0,0,0,0,0,18,18,18,7,0,7,0,203.85139190009795,,,,,,,,,,,,,,,,,,,,,,,,,,,,,,,,,,,,,,,,,,,,,,,,,,,,,,,,,,,,,,,,,,,,,,,,,,,,,,,,,,,,,,,,,,,,,,203.8385924999602,203.85139190009795,203.85139190009795,203.85139190009795,204.03613100014627,None,,,,,,,,,,,,,,,,,,,,,,,,,,,,,,,,,,,,,,,,,,,,,,P9615,MIC_Bar,7,2,2026-05-07_16h48.09.629,MIC_task,,2026.1.2,60.29795630166393,2026-05-07 16h48.11.390147 +0200,
,,8,0,8,,,,,,,7,l05,medence,pool,5,location,facilities,6.6,145,None,61,None,"(-0.1, 0.1)",None,,,,,,,,,,,,,,0,0,0,0,0,18,18,18,8,0,8,0,204.05173860001378,,,,,,,,,,,,,,,,,,,,,,,,,,,,,,,,,,,,,,,,,,,,,,,,,,,,,,,,,,,,,,,,,,,,,,,,,,,,,,,,,,,,,,,,,,,,,,204.03940230002627,204.05173860001378,204.05173860001378,204.05173860001378,204.2355820001103,None,,,,,,,,,,,,,,,,,,,,,,,,,,,,,,,,,,,,,,,,,,,,,,P9615,MIC_Bar,7,2,2026-05-07_16h48.09.629,MIC_task,,2026.1.2,60.29795630166393,2026-05-07 16h48.11.390147 +0200,
,,9,0,9,,,,,,,7,l05,medence,pool,5,location,facilities,6.6,145,None,61,None,"(-0.1, 0.1)",None,,,,,,,,,,,,,,0,0,0,0,0,18,18,18,9,0,9,0,204.25213130004704,,,,,,,,,,,,,,,,,,,,,,,,,,,,,,,,,,,,,,,,,,,,,,,,,,,,,,,,,,,,,,,,,,,,,,,,,,,,,,,,,,,,,,,,,,,,,,204.23867340013385,204.25213130004704,204.25213130004704,204.25213130004704,204.43719210010022,None,,,,,,,,,,,,,,,,,,,,,,,,,,,,,,,,,,,,,,,,,,,,,,P9615,MIC_Bar,7,2,2026-05-07_16h48.09.629,MIC_task,,2026.1.2,60.29795630166393,2026-05-07 16h48.11.390147 +0200,
,,10,0,10,,,,,,,7,l05,medence,pool,5,location,facilities,6.6,145,None,61,None,"(-0.1, 0.1)",None,,,,,,,,,,,,,,0,0,0,0,0,18,18,18,10,0,10,0,204.45250819996,,,,,,,,,,,,,,,,,,,,,,,,,,,,,,,,,,,,,,,,,,,,,,,,,,,,,,,,,,,,,,,,,,,,,,,,,,,,,,,,,,,,,,,,,,,,,,204.4402529001236,204.45250819996,204.45250819996,204.45250819996,204.6375247000251,None,,,,,,,,,,,,,,,,,,,,,,,,,,,,,,,,,,,,,,,,,,,,,,P9615,MIC_Bar,7,2,2026-05-07_16h48.09.629,MIC_task,,2026.1.2,60.29795630166393,2026-05-07 16h48.11.390147 +0200,
,,11,0,11,,,,,,,7,l05,medence,pool,5,location,facilities,6.6,145,None,61,None,"(-0.1, 0.1)",None,,,,,,,,,,,,,,0,0,0,0,0,18,18,18,11,0,11,0,204.65288950013928,,,,,,,,,,,,,,,,,,,,,,,,,,,,,,,,,,,,,,,,,,,,,,,,,,,,,,,,,,,,,,,,,,,,,,,,,,,,,,,,,,,,,,,,,,,,,,204.64073189999908,204.65288950013928,204.65288950013928,204.65288950013928,204.8379872001242,None,,,,,,,,,,,,,,,,,,,,,,,,,,,,,,,,,,,,,,,,,,,,,,P9615,MIC_Bar,7,2,2026-05-07_16h48.09.629,MIC_task,,2026.1.2,60.29795630166393,2026-05-07 16h48.11.390147 +0200,
,,12,0,12,,,,,,,7,l05,medence,pool,5,location,facilities,6.6,145,None,61,None,"(-0.1, 0.1)",None,,,,,,,,,,,,,,0,0,0,0,0,18,18,18,12,0,12,0,204.85328570008278,,,,,,,,,,,,,,,,,,,,,,,,,,,,,,,,,,,,,,,,,,,,,,,,,,,,,,,,,,,,,,,,,,,,,,,,,,,,,,,,,,,,,,,,,,,,,,204.84128649998456,204.85328570008278,204.85328570008278,204.85328570008278,205.03708750009537,None,,,,,,,,,,,,,,,,,,,,,,,,,,,,,,,,,,,,,,,,,,,,,,P9615,MIC_Bar,7,2,2026-05-07_16h48.09.629,MIC_task,,2026.1.2,60.29795630166393,2026-05-07 16h48.11.390147 +0200,
,,13,0,13,,,,,,,7,l05,medence,pool,5,location,facilities,6.6,145,None,61,None,"(-0.1, 0.1)",None,,,,,,,,,,,,,,0,0,0,0,0,18,18,18,13,0,13,0,205.05368590005673,,,,,,,,,,,,,,,,,,,,,,,,,,,,,,,,,,,,,,,,,,,,,,,,,,,,,,,,,,,,,,,,,,,,,,,,,,,,,,,,,,,,,,,,,,,,,,205.04053280013613,205.05368590005673,205.05368590005673,205.05368590005673,205.2386648999527,None,,,,,,,,,,,,,,,,,,,,,,,,,,,,,,,,,,,,,,,,,,,,,,P9615,MIC_Bar,7,2,2026-05-07_16h48.09.629,MIC_task,,2026.1.2,60.29795630166393,2026-05-07 16h48.11.390147 +0200,
,,14,0,14,,,,,,,7,l05,medence,pool,5,location,facilities,6.6,145,None,61,None,"(-0.1, 0.1)",None,,,,,,,,,,,,,,0,0,0,0,0,18,18,18,14,0,14,0,205.2541094000917,,,,,,,,,,,,,,,,,,,,,,,,,,,,,,,,,,,,,,,,,,,,,,,,,,,,,,,,,,,,,,,,,,,,,,,,,,,,,,,,,,,,,,,,,,,,,,205.2418508999981,205.2541094000917,205.2541094000917,205.2541094000917,205.43788069998845,None,,,,,,,,,,,,,,,,,,,,,,,,,,,,,,,,,,,,,,,,,,,,,,P9615,MIC_Bar,7,2,2026-05-07_16h48.09.629,MIC_task,,2026.1.2,60.29795630166393,2026-05-07 16h48.11.390147 +0200,
,,15,0,15,,,,,,,7,l05,medence,pool,5,location,facilities,6.6,145,None,61,None,"(-0.1, 0.1)",None,,,,,,,,,,,,,,0,0,0,0,0,18,18,18,15,0,15,0,205.45360260014422,,,,,,,,,,,,,,,,,,,,,,,,,,,,,,,,,,,,,,,,,,,,,,,,,,,,,,,,,,,,,,,,,,,,,,,,,,,,,,,,,,,,,,,,,,,,,,205.44142529997043,205.45360260014422,205.45360260014422,205.45360260014422,205.6383728000801,None,,,,,,,,,,,,,,,,,,,,,,,,,,,,,,,,,,,,,,,,,,,,,,P9615,MIC_Bar,7,2,2026-05-07_16h48.09.629,MIC_task,,2026.1.2,60.29795630166393,2026-05-07 16h48.11.390147 +0200,
,,16,0,16,,,,,,,7,l05,medence,pool,5,location,facilities,6.6,145,None,61,None,"(-0.1, 0.1)",None,,,,,,,,,,,,,,0,0,0,0,0,18,18,18,16,0,16,0,205.65409480012022,,,,,,,,,,,,,,,,,,,,,,,,,,,,,,,,,,,,,,,,,,,,,,,,,,,,,,,,,,,,,,,,,,,,,,,,,,,,,,,,,,,,,,,,,,,,,,205.64165460015647,205.65409480012022,205.65409480012022,205.65409480012022,205.83985460014082,None,,,,,,,,,,,,,,,,,,,,,,,,,,,,,,,,,,,,,,,,,,,,,,P9615,MIC_Bar,7,2,2026-05-07_16h48.09.629,MIC_task,,2026.1.2,60.29795630166393,2026-05-07 16h48.11.390147 +0200,
,,17,0,17,,,,,,,7,l05,medence,pool,5,location,facilities,6.6,145,None,61,None,"(-0.1, 0.1)",None,,,,,,,,,,,,,,0,0,0,0,0,18,18,18,17,0,17,0,205.85432850010693,,,,,,,,,,,,,,,,,,,,,,,,,,,,,,,,,,,,,,,,,,,,,,,,,,,,,,,,,,,,,,,,,,,,,,,,,,,,,,,,,,,,,,,,,,,,,,205.8431965999771,205.85432850010693,205.85432850010693,205.85432850010693,206.03807900007814,None,,,,,,,,,,,,,,,,,,,,,,,,,,,,,,,,,,,,,,,,,,,,,,P9615,MIC_Bar,7,2,2026-05-07_16h48.09.629,MIC_task,,2026.1.2,60.29795630166393,2026-05-07 16h48.11.390147 +0200,
,,18,0,18,,,,,,,7,l05,medence,pool,5,location,facilities,6.6,145,None,61,None,"(-0.1, 0.1)",None,,,,,,,,,,,,,,0,0,0,0,0,18,18,18,18,0,18,0,206.0547338000033,,,,,,,,,,,,,,,,,,,,,,,,,,,,,,,,,,,,,,,,,,,,,,,,,,,,,,,,,,,,,,,,,,,,,,,,,,,,,,,,,,,,,,,,,,,,,,206.04118750011548,206.0547338000033,206.0547338000033,206.0547338000033,206.23857789998874,None,,,,,,,,,,,,,,,,,,,,,,,,,,,,,,,,,,,,,,,,,,,,,,P9615,MIC_Bar,7,2,2026-05-07_16h48.09.629,MIC_task,,2026.1.2,60.29795630166393,2026-05-07 16h48.11.390147 +0200,
,,19,0,19,,,,,,,7,l05,medence,pool,5,location,facilities,6.6,145,None,61,None,"(-0.1, 0.1)",space,0.16294070007279515,None,,,,,,,,,,,,0,0,0,0,0,18,18,18,19,0,19,0,206.2551714000292,,,,,,,,,,,,,,,,,,,,,,,,,,,,,,,,,,,,,,,,,,,,,,,,,,,,,,,,,,,,,,,,,,,,,,,,,,,,,,,,,,,,,,,,,,,,,,206.24193340004422,206.2551714000292,206.2551714000292,206.2551714000292,206.4246167000383,space,0.16294070007279515,None,,,,,,,,,,,,,,,,,,,,,,,,,,,,,,,,,,,,,,,,,,,,P9615,MIC_Bar,7,2,2026-05-07_16h48.09.629,MIC_task,,2026.1.2,60.29795630166393,2026-05-07 16h48.11.390147 +0200,
,,18,18,0,,,,space,0.93210140010342,None,7,l05,medence,pool,5,location,facilities,6.6,145,None,61,None,"(-0.1, 0.1)",,,,,,,,,,,,,,,0,0,0,0,0,18,18,18,,,,,,,,,,,,,,,,,,,,,,,,,,,,,,,,,,,,,,,,,,,,,,,,,,,,,,,,,,,,,,,,,,,,,,,,,,,,,,,,206.4895772000309,206.49397519999184,206.49005086674978,208.42641620012,,,,,,210.42806990002282,210.44598900014535,210.44598900014535,211.3818010999821,,,,,,,,,,,,,,,208.45739310001954,208.46239170012996,208.45961083344497,210.36299500009045,210.42801160016097,space,0.93210140010342,None,,,,,,,,,,,,,,,,,,,,,,,,,,,,,,,,,,,,P9615,MIC_Bar,7,2,2026-05-07_16h48.09.629,MIC_task,,2026.1.2,60.29795630166393,2026-05-07 16h48.11.390147 +0200,
,,0,0,0,,,,,,,7,ty14,lufi,balloon,9,toys,gadget,6.6,148,18,None,None,"(-0.1, 0.1)",None,,,,,,,,,,,,,,0,0,0,0,0,19,19,19,0,0,0,0,211.39619340002537,,,,,,,,,,,,,,,,,,,,,,,,,,,,,,,,,,,,,,,,,,,,,,,,,,,,,,,,,,,,,,,,,,,,,,,,,,,,,,,,,,,,,,,,,,,,,,211.38579780003056,211.39619340002537,211.39619340002537,211.39619340002537,211.58202260010876,None,,,,,,,,,,,211.5965999001637,211.5965999001637,211.5965999001637,,,,,,,,,,,,,,,,,,,,,,,,,,,,,,,,,P9615,MIC_Bar,7,2,2026-05-07_16h48.09.629,MIC_task,,2026.1.2,60.29795630166393,2026-05-07 16h48.11.390147 +0200,
,,0,0,0,,,,,,,7,ty14,lufi,balloon,9,toys,gadget,6.6,148,18,None,None,"(-0.1, 0.1)",None,,,,,,,,,,,,,,0,0,0,0,0,19,19,19,0,0,0,0,211.5965999001637,,,,,,,,,,,,,,,,,,,,,,,,,,,,,,,,,,,,,,,,,,,,,,,,,,,,,,,,,,,,,,,,,,,,,,,,,,,,,,,,,,,,,,,,,,,,,,211.58493890007958,211.5965999001637,211.5965999001637,211.5965999001637,211.7807944000233,None,,,,,,,,,,,211.7969480000902,211.7969480000902,211.7969480000902,,,,,,,,,,,,,,,,,,,,,,,,,,,,,,,,,P9615,MIC_Bar,7,2,2026-05-07_16h48.09.629,MIC_task,,2026.1.2,60.29795630166393,2026-05-07 16h48.11.390147 +0200,
,,1,0,1,,,,,,,7,ty14,lufi,balloon,9,toys,gadget,6.6,148,18,None,None,"(-0.1, 0.1)",None,,,,,,,,,,,,,,0,0,0,0,0,19,19,19,1,0,1,0,211.7969480000902,,,,,,,,,,,,,,,,,,,,,,,,,,,,,,,,,,,,,,,,,,,,,,,,,,,,,,,,,,,,,,,,,,,,,,,,,,,,,,,,,,,,,,,,,,,,,,211.7838791999966,211.7969480000902,211.7969480000902,211.7969480000902,211.98129940009676,None,,,,,,,,,,,211.9973274001386,211.9973274001386,211.9973274001386,,,,,,,,,,,,,,,,,,,,,,,,,,,,,,,,,P9615,MIC_Bar,7,2,2026-05-07_16h48.09.629,MIC_task,,2026.1.2,60.29795630166393,2026-05-07 16h48.11.390147 +0200,
,,2,0,2,,,,,,,7,ty14,lufi,balloon,9,toys,gadget,6.6,148,18,None,None,"(-0.1, 0.1)",None,,,,,,,,,,,,,,0,0,0,0,0,19,19,19,2,0,2,0,211.9973274001386,,,,,,,,,,,,,,,,,,,,,,,,,,,,,,,,,,,,,,,,,,,,,,,,,,,,,,,,,,,,,,,,,,,,,,,,,,,,,,,,,,,,,,,,,,,,,,211.983999799937,211.9973274001386,211.9973274001386,211.9973274001386,212.18184600002132,None,,,,,,,,,,,212.19775740010664,212.19775740010664,212.19775740010664,,,,,,,,,,,,,,,,,,,,,,,,,,,,,,,,,P9615,MIC_Bar,7,2,2026-05-07_16h48.09.629,MIC_task,,2026.1.2,60.29795630166393,2026-05-07 16h48.11.390147 +0200,
,,3,0,3,,,,,,,7,ty14,lufi,balloon,9,toys,gadget,6.6,148,18,None,None,"(-0.1, 0.1)",None,,,,,,,,,,,,,,0,0,0,0,0,19,19,19,3,0,3,0,212.19775740010664,,,,,,,,,,,,,,,,,,,,,,,,,,,,,,,,,,,,,,,,,,,,,,,,,,,,,,,,,,,,,,,,,,,,,,,,,,,,,,,,,,,,,,,,,,,,,,212.1850010000635,212.19775740010664,212.19775740010664,212.19775740010664,212.38201649999246,None,,,,,,,,,,,,,,,,,,,,,,,,,,,,,,,,,,,,,,,,,,,,,,P9615,MIC_Bar,7,2,2026-05-07_16h48.09.629,MIC_task,,2026.1.2,60.29795630166393,2026-05-07 16h48.11.390147 +0200,
,,4,0,4,,,,,,,7,ty14,lufi,balloon,9,toys,gadget,6.6,148,18,None,None,"(-0.1, 0.1)",None,,,,,,,,,,,,,,0,0,0,0,0,19,19,19,4,0,4,0,212.39810320013203,,,,,,,,,,,,,,,,,,,,,,,,,,,,,,,,,,,,,,,,,,,,,,,,,,,,,,,,,,,,,,,,,,,,,,,,,,,,,,,,,,,,,,,,,,,,,,212.38507480011322,212.39810320013203,212.39810320013203,212.39810320013203,212.58241409994662,None,,,,,,,,,,,212.59848980000243,212.59848980000243,212.59848980000243,,,,,,,,,,,,,,,,,,,,,,,,,,,,,,,,,P9615,MIC_Bar,7,2,2026-05-07_16h48.09.629,MIC_task,,2026.1.2,60.29795630166393,2026-05-07 16h48.11.390147 +0200,
,,5,0,5,,,,,,,7,ty14,lufi,balloon,9,toys,gadget,6.6,148,18,None,None,"(-0.1, 0.1)",None,,,,,,,,,,,,,,0,0,0,0,0,19,19,19,5,0,5,0,212.59848980000243,,,,,,,,,,,,,,,,,,,,,,,,,,,,,,,,,,,,,,,,,,,,,,,,,,,,,,,,,,,,,,,,,,,,,,,,,,,,,,,,,,,,,,,,,,,,,,212.58531969995238,212.59848980000243,212.59848980000243,212.59848980000243,212.7823803999927,None,,,,,,,,,,,,,,,,,,,,,,,,,,,,,,,,,,,,,,,,,,,,,,P9615,MIC_Bar,7,2,2026-05-07_16h48.09.629,MIC_task,,2026.1.2,60.29795630166393,2026-05-07 16h48.11.390147 +0200,
,,6,0,6,,,,,,,7,ty14,lufi,balloon,9,toys,gadget,6.6,148,18,None,None,"(-0.1, 0.1)",None,,,,,,,,,,,,,,0,0,0,0,0,19,19,19,6,0,6,0,212.7989175999537,,,,,,,,,,,,,,,,,,,,,,,,,,,,,,,,,,,,,,,,,,,,,,,,,,,,,,,,,,,,,,,,,,,,,,,,,,,,,,,,,,,,,,,,,,,,,,212.78542369999923,212.7989175999537,212.7989175999537,212.7989175999537,212.9840635000728,None,,,,,,,,,,,,,,,,,,,,,,,,,,,,,,,,,,,,,,,,,,,,,,P9615,MIC_Bar,7,2,2026-05-07_16h48.09.629,MIC_task,,2026.1.2,60.29795630166393,2026-05-07 16h48.11.390147 +0200,
,,7,0,7,,,,,,,7,ty14,lufi,balloon,9,toys,gadget,6.6,148,18,None,None,"(-0.1, 0.1)",None,,,,,,,,,,,,,,0,0,0,0,0,19,19,19,7,0,7,0,212.99936629994772,,,,,,,,,,,,,,,,,,,,,,,,,,,,,,,,,,,,,,,,,,,,,,,,,,,,,,,,,,,,,,,,,,,,,,,,,,,,,,,,,,,,,,,,,,,,,,212.98681630007923,212.99936629994772,212.99936629994772,212.99936629994772,213.1831007001456,None,,,,,,,,,,,,,,,,,,,,,,,,,,,,,,,,,,,,,,,,,,,,,,P9615,MIC_Bar,7,2,2026-05-07_16h48.09.629,MIC_task,,2026.1.2,60.29795630166393,2026-05-07 16h48.11.390147 +0200,
,,8,0,8,,,,,,,7,ty14,lufi,balloon,9,toys,gadget,6.6,148,18,None,None,"(-0.1, 0.1)",None,,,,,,,,,,,,,,0,0,0,0,0,19,19,19,8,0,8,0,213.1987348999828,,,,,,,,,,,,,,,,,,,,,,,,,,,,,,,,,,,,,,,,,,,,,,,,,,,,,,,,,,,,,,,,,,,,,,,,,,,,,,,,,,,,,,,,,,,,,,213.18612910015509,213.1987348999828,213.1987348999828,213.1987348999828,213.38354189996608,None,,,,,,,,,,,,,,,,,,,,,,,,,,,,,,,,,,,,,,,,,,,,,,P9615,MIC_Bar,7,2,2026-05-07_16h48.09.629,MIC_task,,2026.1.2,60.29795630166393,2026-05-07 16h48.11.390147 +0200,
,,9,0,9,,,,,,,7,ty14,lufi,balloon,9,toys,gadget,6.6,148,18,None,None,"(-0.1, 0.1)",None,,,,,,,,,,,,,,0,0,0,0,0,19,19,19,9,0,9,0,213.39912159997039,,,,,,,,,,,,,,,,,,,,,,,,,,,,,,,,,,,,,,,,,,,,,,,,,,,,,,,,,,,,,,,,,,,,,,,,,,,,,,,,,,,,,,,,,,,,,,213.38657640013844,213.39912159997039,213.39912159997039,213.39912159997039,213.58297129999846,None,,,,,,,,,,,,,,,,,,,,,,,,,,,,,,,,,,,,,,,,,,,,,,P9615,MIC_Bar,7,2,2026-05-07_16h48.09.629,MIC_task,,2026.1.2,60.29795630166393,2026-05-07 16h48.11.390147 +0200,
,,10,0,10,,,,,,,7,ty14,lufi,balloon,9,toys,gadget,6.6,148,18,None,None,"(-0.1, 0.1)",None,,,,,,,,,,,,,,0,0,0,0,0,19,19,19,10,0,10,0,213.59956400003284,,,,,,,,,,,,,,,,,,,,,,,,,,,,,,,,,,,,,,,,,,,,,,,,,,,,,,,,,,,,,,,,,,,,,,,,,,,,,,,,,,,,,,,,,,,,,,213.58587710000575,213.59956400003284,213.59956400003284,213.59956400003284,213.78339880006388,None,,,,,,,,,,,,,,,,,,,,,,,,,,,,,,,,,,,,,,,,,,,,,,P9615,MIC_Bar,7,2,2026-05-07_16h48.09.629,MIC_task,,2026.1.2,60.29795630166393,2026-05-07 16h48.11.390147 +0200,
,,11,0,11,,,,,,,7,ty14,lufi,balloon,9,toys,gadget,6.6,148,18,None,None,"(-0.1, 0.1)",None,,,,,,,,,,,,,,0,0,0,0,0,19,19,19,11,0,11,0,213.79996560001746,,,,,,,,,,,,,,,,,,,,,,,,,,,,,,,,,,,,,,,,,,,,,,,,,,,,,,,,,,,,,,,,,,,,,,,,,,,,,,,,,,,,,,,,,,,,,,213.78649009997025,213.79996560001746,213.79996560001746,213.79996560001746,213.98373400000855,None,,,,,,,,,,,,,,,,,,,,,,,,,,,,,,,,,,,,,,,,,,,,,,P9615,MIC_Bar,7,2,2026-05-07_16h48.09.629,MIC_task,,2026.1.2,60.29795630166393,2026-05-07 16h48.11.390147 +0200,
,,12,0,12,,,,,,,7,ty14,lufi,balloon,9,toys,gadget,6.6,148,18,None,None,"(-0.1, 0.1)",None,,,,,,,,,,,,,,0,0,0,0,0,19,19,19,12,0,12,0,214.0003633000888,,,,,,,,,,,,,,,,,,,,,,,,,,,,,,,,,,,,,,,,,,,,,,,,,,,,,,,,,,,,,,,,,,,,,,,,,,,,,,,,,,,,,,,,,,,,,,213.9866275000386,214.0003633000888,214.0003633000888,214.0003633000888,214.18558709998615,None,,,,,,,,,,,,,,,,,,,,,,,,,,,,,,,,,,,,,,,,,,,,,,P9615,MIC_Bar,7,2,2026-05-07_16h48.09.629,MIC_task,,2026.1.2,60.29795630166393,2026-05-07 16h48.11.390147 +0200,
,,13,0,13,,,,,,,7,ty14,lufi,balloon,9,toys,gadget,6.6,148,18,None,None,"(-0.1, 0.1)",None,,,,,,,,,,,,,,0,0,0,0,0,19,19,19,13,0,13,0,214.2006864999421,,,,,,,,,,,,,,,,,,,,,,,,,,,,,,,,,,,,,,,,,,,,,,,,,,,,,,,,,,,,,,,,,,,,,,,,,,,,,,,,,,,,,,,,,,,,,,214.18858489999548,214.2006864999421,214.2006864999421,214.2006864999421,214.38452870002948,None,,,,,,,,,,,,,,,,,,,,,,,,,,,,,,,,,,,,,,,,,,,,,,P9615,MIC_Bar,7,2,2026-05-07_16h48.09.629,MIC_task,,2026.1.2,60.29795630166393,2026-05-07 16h48.11.390147 +0200,
,,14,0,14,,,,,,,7,ty14,lufi,balloon,9,toys,gadget,6.6,148,18,None,None,"(-0.1, 0.1)",None,,,,,,,,,,,,,,0,0,0,0,0,19,19,19,14,0,14,0,214.4010632999707,,,,,,,,,,,,,,,,,,,,,,,,,,,,,,,,,,,,,,,,,,,,,,,,,,,,,,,,,,,,,,,,,,,,,,,,,,,,,,,,,,,,,,,,,,,,,,214.38739860011265,214.4010632999707,214.4010632999707,214.4010632999707,214.58493140013888,None,,,,,,,,,,,,,,,,,,,,,,,,,,,,,,,,,,,,,,,,,,,,,,P9615,MIC_Bar,7,2,2026-05-07_16h48.09.629,MIC_task,,2026.1.2,60.29795630166393,2026-05-07 16h48.11.390147 +0200,
,,15,0,15,,,,,,,7,ty14,lufi,balloon,9,toys,gadget,6.6,148,18,None,None,"(-0.1, 0.1)",None,,,,,,,,,,,,,,0,0,0,0,0,19,19,19,15,0,15,0,214.60144830006175,,,,,,,,,,,,,,,,,,,,,,,,,,,,,,,,,,,,,,,,,,,,,,,,,,,,,,,,,,,,,,,,,,,,,,,,,,,,,,,,,,,,,,,,,,,,,,214.58790110005066,214.60144830006175,214.60144830006175,214.60144830006175,214.78647910011932,None,,,,,,,,,,,,,,,,,,,,,,,,,,,,,,,,,,,,,,,,,,,,,,P9615,MIC_Bar,7,2,2026-05-07_16h48.09.629,MIC_task,,2026.1.2,60.29795630166393,2026-05-07 16h48.11.390147 +0200,
,,16,0,16,,,,,,,7,ty14,lufi,balloon,9,toys,gadget,6.6,148,18,None,None,"(-0.1, 0.1)",None,,,,,,,,,,,,,,0,0,0,0,0,19,19,19,16,0,16,0,214.80184450000525,,,,,,,,,,,,,,,,,,,,,,,,,,,,,,,,,,,,,,,,,,,,,,,,,,,,,,,,,,,,,,,,,,,,,,,,,,,,,,,,,,,,,,,,,,,,,,214.7891554001253,214.80184450000525,214.80184450000525,214.80184450000525,214.98564880015329,None,,,,,,,,,,,,,,,,,,,,,,,,,,,,,,,,,,,,,,,,,,,,,,P9615,MIC_Bar,7,2,2026-05-07_16h48.09.629,MIC_task,,2026.1.2,60.29795630166393,2026-05-07 16h48.11.390147 +0200,
,,17,0,17,,,,,,,7,ty14,lufi,balloon,9,toys,gadget,6.6,148,18,None,None,"(-0.1, 0.1)",None,,,,,,,,,,,,,,0,0,0,0,0,19,19,19,17,0,17,0,215.00225499994121,,,,,,,,,,,,,,,,,,,,,,,,,,,,,,,,,,,,,,,,,,,,,,,,,,,,,,,,,,,,,,,,,,,,,,,,,,,,,,,,,,,,,,,,,,,,,,214.98851660010405,215.00225499994121,215.00225499994121,215.00225499994121,215.18602959997952,None,,,,,,,,,,,,,,,,,,,,,,,,,,,,,,,,,,,,,,,,,,,,,,P9615,MIC_Bar,7,2,2026-05-07_16h48.09.629,MIC_task,,2026.1.2,60.29795630166393,2026-05-07 16h48.11.390147 +0200,
,,18,0,18,,,,,,,7,ty14,lufi,balloon,9,toys,gadget,6.6,148,18,None,None,"(-0.1, 0.1)",None,,,,,,,,,,,,,,0,0,0,0,0,19,19,19,18,0,18,0,215.20267589995638,,,,,,,,,,,,,,,,,,,,,,,,,,,,,,,,,,,,,,,,,,,,,,,,,,,,,,,,,,,,,,,,,,,,,,,,,,,,,,,,,,,,,,,,,,,,,,215.18878700002097,215.20267589995638,215.20267589995638,215.20267589995638,215.38549780007452,None,,,,,,,,,,,,,,,,,,,,,,,,,,,,,,,,,,,,,,,,,,,,,,P9615,MIC_Bar,7,2,2026-05-07_16h48.09.629,MIC_task,,2026.1.2,60.29795630166393,2026-05-07 16h48.11.390147 +0200,
,,19,0,19,,,,,,,7,ty14,lufi,balloon,9,toys,gadget,6.6,148,18,None,None,"(-0.1, 0.1)",None,,,,,,,,,,,,,,0,0,0,0,0,19,19,19,19,0,19,0,215.40307460003532,,,,,,,,,,,,,,,,,,,,,,,,,,,,,,,,,,,,,,,,,,,,,,,,,,,,,,,,,,,,,,,,,,,,,,,,,,,,,,,,,,,,,,,,,,,,,,215.3883621999994,215.40307460003532,215.40307460003532,215.40307460003532,215.58597140014172,None,,,,,,,,,,,,,,,,,,,,,,,,,,,,,,,,,,,,,,,,,,,,,,P9615,MIC_Bar,7,2,2026-05-07_16h48.09.629,MIC_task,,2026.1.2,60.29795630166393,2026-05-07 16h48.11.390147 +0200,
,,20,0,20,,,,,,,7,ty14,lufi,balloon,9,toys,gadget,6.6,148,18,None,None,"(-0.1, 0.1)",None,,,,,,,,,,,,,,0,0,0,0,0,19,19,19,20,0,20,0,215.602454100037,,,,,,,,,,,,,,,,,,,,,,,,,,,,,,,,,,,,,,,,,,,,,,,,,,,,,,,,,,,,,,,,,,,,,,,,,,,,,,,,,,,,,,,,,,,,,,215.58913860004395,215.602454100037,215.602454100037,215.602454100037,215.78630700008944,None,,,,,,,,,,,,,,,,,,,,,,,,,,,,,,,,,,,,,,,,,,,,,,P9615,MIC_Bar,7,2,2026-05-07_16h48.09.629,MIC_task,,2026.1.2,60.29795630166393,2026-05-07 16h48.11.390147 +0200,
,,21,0,21,,,,,,,7,ty14,lufi,balloon,9,toys,gadget,6.6,148,18,None,None,"(-0.1, 0.1)",None,,,,,,,,,,,,,,0,0,0,0,0,19,19,19,21,0,21,0,215.80286730010994,,,,,,,,,,,,,,,,,,,,,,,,,,,,,,,,,,,,,,,,,,,,,,,,,,,,,,,,,,,,,,,,,,,,,,,,,,,,,,,,,,,,,,,,,,,,,,215.78920280002058,215.80286730010994,215.80286730010994,215.80286730010994,215.98808989999816,None,,,,,,,,,,,,,,,,,,,,,,,,,,,,,,,,,,,,,,,,,,,,,,P9615,MIC_Bar,7,2,2026-05-07_16h48.09.629,MIC_task,,2026.1.2,60.29795630166393,2026-05-07 16h48.11.390147 +0200,
,,22,0,22,,,,,,,7,ty14,lufi,balloon,9,toys,gadget,6.6,148,18,None,None,"(-0.1, 0.1)",None,,,,,,,,,,,,,,0,0,0,0,0,19,19,19,22,0,22,0,216.00326430005953,,,,,,,,,,,,,,,,,,,,,,,,,,,,,,,,,,,,,,,,,,,,,,,,,,,,,,,,,,,,,,,,,,,,,,,,,,,,,,,,,,,,,,,,,,,,,,215.99116310011595,216.00326430005953,216.00326430005953,216.00326430005953,216.18703000014648,None,,,,,,,,,,,,,,,,,,,,,,,,,,,,,,,,,,,,,,,,,,,,,,P9615,MIC_Bar,7,2,2026-05-07_16h48.09.629,MIC_task,,2026.1.2,60.29795630166393,2026-05-07 16h48.11.390147 +0200,
,,23,0,23,,,,,,,7,ty14,lufi,balloon,9,toys,gadget,6.6,148,18,None,None,"(-0.1, 0.1)",None,,,,,,,,,,,,,,0,0,0,0,0,19,19,19,23,0,23,0,216.20368600008078,,,,,,,,,,,,,,,,,,,,,,,,,,,,,,,,,,,,,,,,,,,,,,,,,,,,,,,,,,,,,,,,,,,,,,,,,,,,,,,,,,,,,,,,,,,,,,216.18983869999647,216.20368600008078,216.20368600008078,216.20368600008078,216.38742489996366,None,,,,,,,,,,,,,,,,,,,,,,,,,,,,,,,,,,,,,,,,,,,,,,P9615,MIC_Bar,7,2,2026-05-07_16h48.09.629,MIC_task,,2026.1.2,60.29795630166393,2026-05-07 16h48.11.390147 +0200,
,,24,0,24,,,,,,,7,ty14,lufi,balloon,9,toys,gadget,6.6,148,18,None,None,"(-0.1, 0.1)",None,,,,,,,,,,,,,,0,0,0,0,0,19,19,19,24,0,24,0,216.4041027999483,,,,,,,,,,,,,,,,,,,,,,,,,,,,,,,,,,,,,,,,,,,,,,,,,,,,,,,,,,,,,,,,,,,,,,,,,,,,,,,,,,,,,,,,,,,,,,216.39030040008947,216.4041027999483,216.4041027999483,216.4041027999483,216.58935520006344,None,,,,,,,,,,,,,,,,,,,,,,,,,,,,,,,,,,,,,,,,,,,,,,P9615,MIC_Bar,7,2,2026-05-07_16h48.09.629,MIC_task,,2026.1.2,60.29795630166393,2026-05-07 16h48.11.390147 +0200,
,,25,0,25,,,,,,,7,ty14,lufi,balloon,9,toys,gadget,6.6,148,18,None,None,"(-0.1, 0.1)",None,,,,,,,,,,,,,,0,0,0,0,0,19,19,19,25,0,25,0,216.6044719000347,,,,,,,,,,,,,,,,,,,,,,,,,,,,,,,,,,,,,,,,,,,,,,,,,,,,,,,,,,,,,,,,,,,,,,,,,,,,,,,,,,,,,,,,,,,,,,216.59232760011218,216.6044719000347,216.6044719000347,216.6044719000347,216.78975450014696,None,,,,,,,,,,,,,,,,,,,,,,,,,,,,,,,,,,,,,,,,,,,,,,P9615,MIC_Bar,7,2,2026-05-07_16h48.09.629,MIC_task,,2026.1.2,60.29795630166393,2026-05-07 16h48.11.390147 +0200,
,,26,0,26,,,,,,,7,ty14,lufi,balloon,9,toys,gadget,6.6,148,18,None,None,"(-0.1, 0.1)",None,,,,,,,,,,,,,,0,0,0,0,0,19,19,19,26,0,26,0,216.804812700022,,,,,,,,,,,,,,,,,,,,,,,,,,,,,,,,,,,,,,,,,,,,,,,,,,,,,,,,,,,,,,,,,,,,,,,,,,,,,,,,,,,,,,,,,,,,,,216.79294400010258,216.804812700022,216.804812700022,216.804812700022,216.9899395001121,None,,,,,,,,,,,,,,,,,,,,,,,,,,,,,,,,,,,,,,,,,,,,,,P9615,MIC_Bar,7,2,2026-05-07_16h48.09.629,MIC_task,,2026.1.2,60.29795630166393,2026-05-07 16h48.11.390147 +0200,
,,27,0,27,,,,,,,7,ty14,lufi,balloon,9,toys,gadget,6.6,148,18,None,None,"(-0.1, 0.1)",None,,,,,,,,,,,,,,0,0,0,0,0,19,19,19,27,0,27,0,217.00517469993792,,,,,,,,,,,,,,,,,,,,,,,,,,,,,,,,,,,,,,,,,,,,,,,,,,,,,,,,,,,,,,,,,,,,,,,,,,,,,,,,,,,,,,,,,,,,,,216.992858099984,217.00517469993792,217.00517469993792,217.00517469993792,217.1903036001604,None,,,,,,,,,,,,,,,,,,,,,,,,,,,,,,,,,,,,,,,,,,,,,,P9615,MIC_Bar,7,2,2026-05-07_16h48.09.629,MIC_task,,2026.1.2,60.29795630166393,2026-05-07 16h48.11.390147 +0200,
,,28,0,28,,,,,,,7,ty14,lufi,balloon,9,toys,gadget,6.6,148,18,None,None,"(-0.1, 0.1)",None,,,,,,,,,,,,,,0,0,0,0,0,19,19,19,28,0,28,0,217.2055065999739,,,,,,,,,,,,,,,,,,,,,,,,,,,,,,,,,,,,,,,,,,,,,,,,,,,,,,,,,,,,,,,,,,,,,,,,,,,,,,,,,,,,,,,,,,,,,,217.19335960014723,217.2055065999739,217.2055065999739,217.2055065999739,217.39090670016594,None,,,,,,,,,,,,,,,,,,,,,,,,,,,,,,,,,,,,,,,,,,,,,,P9615,MIC_Bar,7,2,2026-05-07_16h48.09.629,MIC_task,,2026.1.2,60.29795630166393,2026-05-07 16h48.11.390147 +0200,
,,29,0,29,,,,,,,7,ty14,lufi,balloon,9,toys,gadget,6.6,148,18,None,None,"(-0.1, 0.1)",space,0.1492902000900358,None,,,,,,,,,,,,0,0,0,0,0,19,19,19,29,0,29,0,217.40508940001018,,,,,,,,,,,,,,,,,,,,,,,,,,,,,,,,,,,,,,,,,,,,,,,,,,,,,,,,,,,,,,,,,,,,,,,,,,,,,,,,,,,,,,,,,,,,,,217.39387480006553,217.40508940001018,217.40508940001018,217.40508940001018,217.55842619994655,space,0.1492902000900358,None,,,,,,,,,,,,,,,,,,,,,,,,,,,,,,,,,,,,,,,,,,,,P9615,MIC_Bar,7,2,2026-05-07_16h48.09.629,MIC_task,,2026.1.2,60.29795630166393,2026-05-07 16h48.11.390147 +0200,
,,19,19,0,,,,space,2.1758080997969955,None,7,ty14,lufi,balloon,9,toys,gadget,6.6,148,18,None,None,"(-0.1, 0.1)",,,,,,,,,,,,,,,0,0,0,0,0,19,19,19,,,,,,,,,,,,,,,,,,,,,,,,,,,,,,,,,,,,,,,,,,,,,,,,,,,,,,,,,,,,,,,,,,,,,,,,,,,,,,,,217.6157327000983,217.621397000039,217.62406316680526,219.55919539998285,,,,,,221.56362080015242,221.57876619999297,221.57876619999297,223.76619930006564,,,,,,,,,,,,,,,219.58616499998607,219.59098300011829,219.59235963330917,221.4961326001212,221.5635818000883,space,2.1758080997969955,None,,,,,,,,,,,,,,,,,,,,,,,,,,,,,,,,,,,,P9615,MIC_Bar,7,2,2026-05-07_16h48.09.629,MIC_task,,2026.1.2,60.29795630166393,2026-05-07 16h48.11.390147 +0200,
,,0,0,0,,,,,,,7,a20,zsiráf,giraffe,1,animal,mammal,6.6,12,23,60,None,"(0, 0)",None,,,,,,,,,,,,,,0,0,0,0,0,20,20,20,0,0,0,0,223.7819553001318,,,,,,,,,,,,,,,,,,,,,,,,,,,,,,,,,,,,,,,,,,,,,,,,,,,,,,,,,,,,,,,,,,,,,,,,,,,,,,,,,,,,,,,,,,,,,,223.76978860003874,223.7819553001318,223.7819553001318,223.7819553001318,223.9673578001093,None,,,,,,,,,,,,,,,,,,,,,,,,,,,,,,,,,,,,,,,,,,,,,,P9615,MIC_Bar,7,2,2026-05-07_16h48.09.629,MIC_task,,2026.1.2,60.29795630166393,2026-05-07 16h48.11.390147 +0200,
,,0,0,0,,,,,,,7,a20,zsiráf,giraffe,1,animal,mammal,6.6,12,23,60,None,"(0, 0)",None,,,,,,,,,,,,,,0,0,0,0,0,20,20,20,0,0,0,0,223.98235450009815,,,,,,,,,,,,,,,,,,,,,,,,,,,,,,,,,,,,,,,,,,,,,,,,,,,,,,,,,,,,,,,,,,,,,,,,,,,,,,,,,,,,,,,,,,,,,,223.9707280001603,223.98235450009815,223.98235450009815,223.98235450009815,224.16735769994557,None,,,,,,,,,,,,,,,,,,,,,,,,,,,,,,,,,,,,,,,,,,,,,,P9615,MIC_Bar,7,2,2026-05-07_16h48.09.629,MIC_task,,2026.1.2,60.29795630166393,2026-05-07 16h48.11.390147 +0200,
,,1,0,1,,,,,,,7,a20,zsiráf,giraffe,1,animal,mammal,6.6,12,23,60,None,"(0, 0)",None,,,,,,,,,,,,,,0,0,0,0,0,20,20,20,1,0,1,0,224.1827307001222,,,,,,,,,,,,,,,,,,,,,,,,,,,,,,,,,,,,,,,,,,,,,,,,,,,,,,,,,,,,,,,,,,,,,,,,,,,,,,,,,,,,,,,,,,,,,,224.1705074000638,224.1827307001222,224.1827307001222,224.1827307001222,224.36659820005298,None,,,,,,,,,,,,,,,,,,,,,,,,,,,,,,,,,,,,,,,,,,,,,,P9615,MIC_Bar,7,2,2026-05-07_16h48.09.629,MIC_task,,2026.1.2,60.29795630166393,2026-05-07 16h48.11.390147 +0200,
,,2,0,2,,,,,,,7,a20,zsiráf,giraffe,1,animal,mammal,6.6,12,23,60,None,"(0, 0)",None,,,,,,,,,,,,,,0,0,0,0,0,20,20,20,2,0,2,0,224.38313400000334,,,,,,,,,,,,,,,,,,,,,,,,,,,,,,,,,,,,,,,,,,,,,,,,,,,,,,,,,,,,,,,,,,,,,,,,,,,,,,,,,,,,,,,,,,,,,,224.3697750000283,224.38313400000334,224.38313400000334,224.38313400000334,224.5683421001304,None,,,,,,,,,,,,,,,,,,,,,,,,,,,,,,,,,,,,,,,,,,,,,,P9615,MIC_Bar,7,2,2026-05-07_16h48.09.629,MIC_task,,2026.1.2,60.29795630166393,2026-05-07 16h48.11.390147 +0200,
,,3,0,3,,,,,,,7,a20,zsiráf,giraffe,1,animal,mammal,6.6,12,23,60,None,"(0, 0)",None,,,,,,,,,,,,,,0,0,0,0,0,20,20,20,3,0,3,0,224.58262689993717,,,,,,,,,,,,,,,,,,,,,,,,,,,,,,,,,,,,,,,,,,,,,,,,,,,,,,,,,,,,,,,,,,,,,,,,,,,,,,,,,,,,,,,,,,,,,,224.5715302999597,224.58262689993717,224.58262689993717,224.58262689993717,224.7688837000169,None,,,,,,,,,,,,,,,,,,,,,,,,,,,,,,,,,,,,,,,,,,,,,,P9615,MIC_Bar,7,2,2026-05-07_16h48.09.629,MIC_task,,2026.1.2,60.29795630166393,2026-05-07 16h48.11.390147 +0200,
,,4,0,4,,,,,,,7,a20,zsiráf,giraffe,1,animal,mammal,6.6,12,23,60,None,"(0, 0)",None,,,,,,,,,,,,,,0,0,0,0,0,20,20,20,4,0,4,0,224.78398240008391,,,,,,,,,,,,,,,,,,,,,,,,,,,,,,,,,,,,,,,,,,,,,,,,,,,,,,,,,,,,,,,,,,,,,,,,,,,,,,,,,,,,,,,,,,,,,,224.7720572000835,224.78398240008391,224.78398240008391,224.78398240008391,224.96780380001292,None,,,,,,,,,,,,,,,,,,,,,,,,,,,,,,,,,,,,,,,,,,,,,,P9615,MIC_Bar,7,2,2026-05-07_16h48.09.629,MIC_task,,2026.1.2,60.29795630166393,2026-05-07 16h48.11.390147 +0200,
,,5,0,5,,,,,,,7,a20,zsiráf,giraffe,1,animal,mammal,6.6,12,23,60,None,"(0, 0)",None,,,,,,,,,,,,,,0,0,0,0,0,20,20,20,5,0,5,0,224.98438940010965,,,,,,,,,,,,,,,,,,,,,,,,,,,,,,,,,,,,,,,,,,,,,,,,,,,,,,,,,,,,,,,,,,,,,,,,,,,,,,,,,,,,,,,,,,,,,,224.9712793000508,224.98438940010965,224.98438940010965,224.98438940010965,225.16821809997782,None,,,,,,,,,,,,,,,,,,,,,,,,,,,,,,,,,,,,,,,,,,,,,,P9615,MIC_Bar,7,2,2026-05-07_16h48.09.629,MIC_task,,2026.1.2,60.29795630166393,2026-05-07 16h48.11.390147 +0200,
,,6,0,6,,,,,,,7,a20,zsiráf,giraffe,1,animal,mammal,6.6,12,23,60,None,"(0, 0)",None,,,,,,,,,,,,,,0,0,0,0,0,20,20,20,6,0,6,0,225.18381229997613,,,,,,,,,,,,,,,,,,,,,,,,,,,,,,,,,,,,,,,,,,,,,,,,,,,,,,,,,,,,,,,,,,,,,,,,,,,,,,,,,,,,,,,,,,,,,,225.17162110004574,225.18381229997613,225.18381229997613,225.18381229997613,225.36774899996817,None,,,,,,,,,,,,,,,,,,,,,,,,,,,,,,,,,,,,,,,,,,,,,,P9615,MIC_Bar,7,2,2026-05-07_16h48.09.629,MIC_task,,2026.1.2,60.29795630166393,2026-05-07 16h48.11.390147 +0200,
,,7,0,7,,,,,,,7,a20,zsiráf,giraffe,1,animal,mammal,6.6,12,23,60,None,"(0, 0)",None,,,,,,,,,,,,,,0,0,0,0,0,20,20,20,7,0,7,0,225.38423510012217,,,,,,,,,,,,,,,,,,,,,,,,,,,,,,,,,,,,,,,,,,,,,,,,,,,,,,,,,,,,,,,,,,,,,,,,,,,,,,,,,,,,,,,,,,,,,,225.37092799996026,225.38423510012217,225.38423510012217,225.38423510012217,225.56800450012088,None,,,,,,,,,,,,,,,,,,,,,,,,,,,,,,,,,,,,,,,,,,,,,,P9615,MIC_Bar,7,2,2026-05-07_16h48.09.629,MIC_task,,2026.1.2,60.29795630166393,2026-05-07 16h48.11.390147 +0200,
,,8,0,8,,,,,,,7,a20,zsiráf,giraffe,1,animal,mammal,6.6,12,23,60,None,"(0, 0)",None,,,,,,,,,,,,,,0,0,0,0,0,20,20,20,8,0,8,0,225.5846224001143,,,,,,,,,,,,,,,,,,,,,,,,,,,,,,,,,,,,,,,,,,,,,,,,,,,,,,,,,,,,,,,,,,,,,,,,,,,,,,,,,,,,,,,,,,,,,,225.57116970000789,225.5846224001143,225.5846224001143,225.5846224001143,225.7683759999927,None,,,,,,,,,,,,,,,,,,,,,,,,,,,,,,,,,,,,,,,,,,,,,,P9615,MIC_Bar,7,2,2026-05-07_16h48.09.629,MIC_task,,2026.1.2,60.29795630166393,2026-05-07 16h48.11.390147 +0200,
,,9,0,9,,,,,,,7,a20,zsiráf,giraffe,1,animal,mammal,6.6,12,23,60,None,"(0, 0)",None,,,,,,,,,,,,,,0,0,0,0,0,20,20,20,9,0,9,0,225.7849763999693,,,,,,,,,,,,,,,,,,,,,,,,,,,,,,,,,,,,,,,,,,,,,,,,,,,,,,,,,,,,,,,,,,,,,,,,,,,,,,,,,,,,,,,,,,,,,,225.77172720013186,225.7849763999693,225.7849763999693,225.7849763999693,225.970057599945,None,,,,,,,,,,,,,,,,,,,,,,,,,,,,,,,,,,,,,,,,,,,,,,P9615,MIC_Bar,7,2,2026-05-07_16h48.09.629,MIC_task,,2026.1.2,60.29795630166393,2026-05-07 16h48.11.390147 +0200,
,,10,0,10,,,,,,,7,a20,zsiráf,giraffe,1,animal,mammal,6.6,12,23,60,None,"(0, 0)",None,,,,,,,,,,,,,,0,0,0,0,0,20,20,20,10,0,10,0,225.98540659993887,,,,,,,,,,,,,,,,,,,,,,,,,,,,,,,,,,,,,,,,,,,,,,,,,,,,,,,,,,,,,,,,,,,,,,,,,,,,,,,,,,,,,,,,,,,,,,225.97343609994277,225.98540659993887,225.98540659993887,225.98540659993887,226.17040950013325,None,,,,,,,,,,,,,,,,,,,,,,,,,,,,,,,,,,,,,,,,,,,,,,P9615,MIC_Bar,7,2,2026-05-07_16h48.09.629,MIC_task,,2026.1.2,60.29795630166393,2026-05-07 16h48.11.390147 +0200,
,,11,0,11,,,,,,,7,a20,zsiráf,giraffe,1,animal,mammal,6.6,12,23,60,None,"(0, 0)",None,,,,,,,,,,,,,,0,0,0,0,0,20,20,20,11,0,11,0,226.1856482999865,,,,,,,,,,,,,,,,,,,,,,,,,,,,,,,,,,,,,,,,,,,,,,,,,,,,,,,,,,,,,,,,,,,,,,,,,,,,,,,,,,,,,,,,,,,,,,226.17375009995885,226.1856482999865,226.1856482999865,226.1856482999865,226.3708578001242,None,,,,,,,,,,,,,,,,,,,,,,,,,,,,,,,,,,,,,,,,,,,,,,P9615,MIC_Bar,7,2,2026-05-07_16h48.09.629,MIC_task,,2026.1.2,60.29795630166393,2026-05-07 16h48.11.390147 +0200,
,,12,0,12,,,,,,,7,a20,zsiráf,giraffe,1,animal,mammal,6.6,12,23,60,None,"(0, 0)",None,,,,,,,,,,,,,,0,0,0,0,0,20,20,20,12,0,12,0,226.3860206999816,,,,,,,,,,,,,,,,,,,,,,,,,,,,,,,,,,,,,,,,,,,,,,,,,,,,,,,,,,,,,,,,,,,,,,,,,,,,,,,,,,,,,,,,,,,,,,226.37405690015294,226.3860206999816,226.3860206999816,226.3860206999816,226.57124690013006,None,,,,,,,,,,,,,,,,,,,,,,,,,,,,,,,,,,,,,,,,,,,,,,P9615,MIC_Bar,7,2,2026-05-07_16h48.09.629,MIC_task,,2026.1.2,60.29795630166393,2026-05-07 16h48.11.390147 +0200,
,,13,0,13,,,,,,,7,a20,zsiráf,giraffe,1,animal,mammal,6.6,12,23,60,None,"(0, 0)",None,,,,,,,,,,,,,,0,0,0,0,0,20,20,20,13,0,13,0,226.5864675999619,,,,,,,,,,,,,,,,,,,,,,,,,,,,,,,,,,,,,,,,,,,,,,,,,,,,,,,,,,,,,,,,,,,,,,,,,,,,,,,,,,,,,,,,,,,,,,226.57455130014569,226.5864675999619,226.5864675999619,226.5864675999619,226.77031189994887,None,,,,,,,,,,,,,,,,,,,,,,,,,,,,,,,,,,,,,,,,,,,,,,P9615,MIC_Bar,7,2,2026-05-07_16h48.09.629,MIC_task,,2026.1.2,60.29795630166393,2026-05-07 16h48.11.390147 +0200,
,,14,0,14,,,,,,,7,a20,zsiráf,giraffe,1,animal,mammal,6.6,12,23,60,None,"(0, 0)",None,,,,,,,,,,,,,,0,0,0,0,0,20,20,20,14,0,14,0,226.78689999994822,,,,,,,,,,,,,,,,,,,,,,,,,,,,,,,,,,,,,,,,,,,,,,,,,,,,,,,,,,,,,,,,,,,,,,,,,,,,,,,,,,,,,,,,,,,,,,226.77386620012112,226.78689999994822,226.78689999994822,226.78689999994822,226.97069790004753,None,,,,,,,,,,,,,,,,,,,,,,,,,,,,,,,,,,,,,,,,,,,,,,P9615,MIC_Bar,7,2,2026-05-07_16h48.09.629,MIC_task,,2026.1.2,60.29795630166393,2026-05-07 16h48.11.390147 +0200,
,,15,0,15,,,,,,,7,a20,zsiráf,giraffe,1,animal,mammal,6.6,12,23,60,None,"(0, 0)",None,,,,,,,,,,,,,,0,0,0,0,0,20,20,20,15,0,15,0,226.98733730008826,,,,,,,,,,,,,,,,,,,,,,,,,,,,,,,,,,,,,,,,,,,,,,,,,,,,,,,,,,,,,,,,,,,,,,,,,,,,,,,,,,,,,,,,,,,,,,226.9739942001179,226.98733730008826,226.98733730008826,226.98733730008826,227.17249820008874,None,,,,,,,,,,,,,,,,,,,,,,,,,,,,,,,,,,,,,,,,,,,,,,P9615,MIC_Bar,7,2,2026-05-07_16h48.09.629,MIC_task,,2026.1.2,60.29795630166393,2026-05-07 16h48.11.390147 +0200,
,,16,0,16,,,,,,,7,a20,zsiráf,giraffe,1,animal,mammal,6.6,12,23,60,None,"(0, 0)",None,,,,,,,,,,,,,,0,0,0,0,0,20,20,20,16,0,16,0,227.18674110015854,,,,,,,,,,,,,,,,,,,,,,,,,,,,,,,,,,,,,,,,,,,,,,,,,,,,,,,,,,,,,,,,,,,,,,,,,,,,,,,,,,,,,,,,,,,,,,227.17579949996434,227.18674110015854,227.18674110015854,227.18674110015854,227.37191660003737,None,,,,,,,,,,,,,,,,,,,,,,,,,,,,,,,,,,,,,,,,,,,,,,P9615,MIC_Bar,7,2,2026-05-07_16h48.09.629,MIC_task,,2026.1.2,60.29795630166393,2026-05-07 16h48.11.390147 +0200,
,,17,0,17,,,,,,,7,a20,zsiráf,giraffe,1,animal,mammal,6.6,12,23,60,None,"(0, 0)",None,,,,,,,,,,,,,,0,0,0,0,0,20,20,20,17,0,17,0,227.38716379995458,,,,,,,,,,,,,,,,,,,,,,,,,,,,,,,,,,,,,,,,,,,,,,,,,,,,,,,,,,,,,,,,,,,,,,,,,,,,,,,,,,,,,,,,,,,,,,227.3752031000331,227.38716379995458,227.38716379995458,227.38716379995458,227.5709786999505,None,,,,,,,,,,,,,,,,,,,,,,,,,,,,,,,,,,,,,,,,,,,,,,P9615,MIC_Bar,7,2,2026-05-07_16h48.09.629,MIC_task,,2026.1.2,60.29795630166393,2026-05-07 16h48.11.390147 +0200,
,,18,0,18,,,,,,,7,a20,zsiráf,giraffe,1,animal,mammal,6.6,12,23,60,None,"(0, 0)",None,,,,,,,,,,,,,,0,0,0,0,0,20,20,20,18,0,18,0,227.5875642001629,,,,,,,,,,,,,,,,,,,,,,,,,,,,,,,,,,,,,,,,,,,,,,,,,,,,,,,,,,,,,,,,,,,,,,,,,,,,,,,,,,,,,,,,,,,,,,227.57422349997796,227.5875642001629,227.5875642001629,227.5875642001629,227.77213370008394,None,,,,,,,,,,,,,,,,,,,,,,,,,,,,,,,,,,,,,,,,,,,,,,P9615,MIC_Bar,7,2,2026-05-07_16h48.09.629,MIC_task,,2026.1.2,60.29795630166393,2026-05-07 16h48.11.390147 +0200,
,,19,0,19,,,,,,,7,a20,zsiráf,giraffe,1,animal,mammal,6.6,12,23,60,None,"(0, 0)",None,,,,,,,,,,,,,,0,0,0,0,0,20,20,20,19,0,19,0,227.78785520000383,,,,,,,,,,,,,,,,,,,,,,,,,,,,,,,,,,,,,,,,,,,,,,,,,,,,,,,,,,,,,,,,,,,,,,,,,,,,,,,,,,,,,,,,,,,,,,227.775139400037,227.78785520000383,227.78785520000383,227.78785520000383,227.9717097999528,None,,,,,,,,,,,,,,,,,,,,,,,,,,,,,,,,,,,,,,,,,,,,,,P9615,MIC_Bar,7,2,2026-05-07_16h48.09.629,MIC_task,,2026.1.2,60.29795630166393,2026-05-07 16h48.11.390147 +0200,
,,20,0,20,,,,,,,7,a20,zsiráf,giraffe,1,animal,mammal,6.6,12,23,60,None,"(0, 0)",None,,,,,,,,,,,,,,0,0,0,0,0,20,20,20,20,0,20,0,227.98830320010893,,,,,,,,,,,,,,,,,,,,,,,,,,,,,,,,,,,,,,,,,,,,,,,,,,,,,,,,,,,,,,,,,,,,,,,,,,,,,,,,,,,,,,,,,,,,,,227.97478100005537,227.98830320010893,227.98830320010893,227.98830320010893,228.17332200007513,None,,,,,,,,,,,,,,,,,,,,,,,,,,,,,,,,,,,,,,,,,,,,,,P9615,MIC_Bar,7,2,2026-05-07_16h48.09.629,MIC_task,,2026.1.2,60.29795630166393,2026-05-07 16h48.11.390147 +0200,
,,21,0,21,,,,,,,7,a20,zsiráf,giraffe,1,animal,mammal,6.6,12,23,60,None,"(0, 0)",None,,,,,,,,,,,,,,0,0,0,0,0,20,20,20,21,0,21,0,228.18874730006792,,,,,,,,,,,,,,,,,,,,,,,,,,,,,,,,,,,,,,,,,,,,,,,,,,,,,,,,,,,,,,,,,,,,,,,,,,,,,,,,,,,,,,,,,,,,,,228.17685539997183,228.18874730006792,228.18874730006792,228.18874730006792,228.37246079999022,None,,,,,,,,,,,,,,,,,,,,,,,,,,,,,,,,,,,,,,,,,,,,,,P9615,MIC_Bar,7,2,2026-05-07_16h48.09.629,MIC_task,,2026.1.2,60.29795630166393,2026-05-07 16h48.11.390147 +0200,
,,22,0,22,,,,,,,7,a20,zsiráf,giraffe,1,animal,mammal,6.6,12,23,60,None,"(0, 0)",None,,,,,,,,,,,,,,0,0,0,0,0,20,20,20,22,0,22,0,228.3891135000158,,,,,,,,,,,,,,,,,,,,,,,,,,,,,,,,,,,,,,,,,,,,,,,,,,,,,,,,,,,,,,,,,,,,,,,,,,,,,,,,,,,,,,,,,,,,,,228.3756484000478,228.3891135000158,228.3891135000158,228.3891135000158,228.57315870001912,None,,,,,,,,,,,,,,,,,,,,,,,,,,,,,,,,,,,,,,,,,,,,,,P9615,MIC_Bar,7,2,2026-05-07_16h48.09.629,MIC_task,,2026.1.2,60.29795630166393,2026-05-07 16h48.11.390147 +0200,
,,23,0,23,,,,,,,7,a20,zsiráf,giraffe,1,animal,mammal,6.6,12,23,60,None,"(0, 0)",None,,,,,,,,,,,,,,0,0,0,0,0,20,20,20,23,0,23,0,228.58942060009576,,,,,,,,,,,,,,,,,,,,,,,,,,,,,,,,,,,,,,,,,,,,,,,,,,,,,,,,,,,,,,,,,,,,,,,,,,,,,,,,,,,,,,,,,,,,,,228.57632059999742,228.58942060009576,228.58942060009576,228.58942060009576,228.77319240011275,None,,,,,,,,,,,,,,,,,,,,,,,,,,,,,,,,,,,,,,,,,,,,,,P9615,MIC_Bar,7,2,2026-05-07_16h48.09.629,MIC_task,,2026.1.2,60.29795630166393,2026-05-07 16h48.11.390147 +0200,
,,24,0,24,,,,,,,7,a20,zsiráf,giraffe,1,animal,mammal,6.6,12,23,60,None,"(0, 0)",None,,,,,,,,,,,,,,0,0,0,0,0,20,20,20,24,0,24,0,228.7898214000743,,,,,,,,,,,,,,,,,,,,,,,,,,,,,,,,,,,,,,,,,,,,,,,,,,,,,,,,,,,,,,,,,,,,,,,,,,,,,,,,,,,,,,,,,,,,,,228.77621380006894,228.7898214000743,228.7898214000743,228.7898214000743,228.97363830008544,None,,,,,,,,,,,,,,,,,,,,,,,,,,,,,,,,,,,,,,,,,,,,,,P9615,MIC_Bar,7,2,2026-05-07_16h48.09.629,MIC_task,,2026.1.2,60.29795630166393,2026-05-07 16h48.11.390147 +0200,
,,25,0,25,,,,,,,7,a20,zsiráf,giraffe,1,animal,mammal,6.6,12,23,60,None,"(0, 0)",None,,,,,,,,,,,,,,0,0,0,0,0,20,20,20,25,0,25,0,228.9902596999891,,,,,,,,,,,,,,,,,,,,,,,,,,,,,,,,,,,,,,,,,,,,,,,,,,,,,,,,,,,,,,,,,,,,,,,,,,,,,,,,,,,,,,,,,,,,,,228.97720060008578,228.9902596999891,228.9902596999891,228.9902596999891,229.17536690016277,None,,,,,,,,,,,,,,,,,,,,,,,,,,,,,,,,,,,,,,,,,,,,,,P9615,MIC_Bar,7,2,2026-05-07_16h48.09.629,MIC_task,,2026.1.2,60.29795630166393,2026-05-07 16h48.11.390147 +0200,
,,26,0,26,,,,,,,7,a20,zsiráf,giraffe,1,animal,mammal,6.6,12,23,60,None,"(0, 0)",space,0.10906590009108186,None,,,,,,,,,,,,0,0,0,0,0,20,20,20,26,0,26,0,229.19066940015182,,,,,,,,,,,,,,,,,,,,,,,,,,,,,,,,,,,,,,,,,,,,,,,,,,,,,,,,,,,,,,,,,,,,,,,,,,,,,,,,,,,,,,,,,,,,,,229.17842420004308,229.19066940015182,229.19066940015182,229.19066940015182,229.30811870004982,space,0.10906590009108186,None,,,,,,,,,,,,,,,,,,,,,,,,,,,,,,,,,,,,,,,,,,,,P9615,MIC_Bar,7,2,2026-05-07_16h48.09.629,MIC_task,,2026.1.2,60.29795630166393,2026-05-07 16h48.11.390147 +0200,
,,20,20,0,,,,space,0.2074653001036495,None,7,a20,zsiráf,giraffe,1,animal,mammal,6.6,12,23,60,None,"(0, 0)",,,,,,,,,,,,,,,0,0,0,0,0,20,20,20,,,,,,,,,,,,,,,,,,,,,,,,,,,,,,,,,,,,,,,,,,,,,,,,,,,,,,,,,,,,,,,,,,,,,,,,,,,,,,,,229.36655100015923,229.37128710001707,229.3738231666076,231.31033200002275,,,,,,233.31329079996794,233.33135870005935,233.33135870005935,233.54948080005124,,,,,,,,,,,,,,,231.3360299000051,231.34045709995553,231.34349573346168,233.22913879994303,233.31324320007116,space,0.2074653001036495,None,,,,,,,,,,,,,,,,,,,,,,,,,,,,,,,,,,,,P9615,MIC_Bar,7,2,2026-05-07_16h48.09.629,MIC_task,,2026.1.2,60.29795630166393,2026-05-07 16h48.11.390147 +0200,
,,0,0,0,,,,,,,7,b03,fül,ear,2,bodypart,face,6.6,14,19,43,None,"(-0.1, 0.1)",None,,,,,,,,,,,,,,0,0,0,0,0,21,21,21,0,0,0,0,233.56368559994735,,,,,,,,,,,,,,,,,,,,,,,,,,,,,,,,,,,,,,,,,,,,,,,,,,,,,,,,,,,,,,,,,,,,,,,,,,,,,,,,,,,,,,,,,,,,,,233.55266440007836,233.56368559994735,233.56368559994735,233.56368559994735,233.75007049995475,None,,,,,,,,,,,,,,,,,,,,,,,,,,,,,,,,,,,,,,,,,,,,,,P9615,MIC_Bar,7,2,2026-05-07_16h48.09.629,MIC_task,,2026.1.2,60.29795630166393,2026-05-07 16h48.11.390147 +0200,
,,0,0,0,,,,,,,7,b03,fül,ear,2,bodypart,face,6.6,14,19,43,None,"(-0.1, 0.1)",None,,,,,,,,,,,,,,0,0,0,0,0,21,21,21,0,0,0,0,233.76410429994576,,,,,,,,,,,,,,,,,,,,,,,,,,,,,,,,,,,,,,,,,,,,,,,,,,,,,,,,,,,,,,,,,,,,,,,,,,,,,,,,,,,,,,,,,,,,,,233.75297629996203,233.76410429994576,233.76410429994576,233.76410429994576,233.9497917999979,None,,,,,,,,,,,233.96452690009028,233.96452690009028,233.96452690009028,,,,,,,,,,,,,,,,,,,,,,,,,,,,,,,,,P9615,MIC_Bar,7,2,2026-05-07_16h48.09.629,MIC_task,,2026.1.2,60.29795630166393,2026-05-07 16h48.11.390147 +0200,
,,1,0,1,,,,,,,7,b03,fül,ear,2,bodypart,face,6.6,14,19,43,None,"(-0.1, 0.1)",None,,,,,,,,,,,,,,0,0,0,0,0,21,21,21,1,0,1,0,233.96452690009028,,,,,,,,,,,,,,,,,,,,,,,,,,,,,,,,,,,,,,,,,,,,,,,,,,,,,,,,,,,,,,,,,,,,,,,,,,,,,,,,,,,,,,,,,,,,,,233.95279320003465,233.96452690009028,233.96452690009028,233.96452690009028,234.149724900024,None,,,,,,,,,,,,,,,,,,,,,,,,,,,,,,,,,,,,,,,,,,,,,,P9615,MIC_Bar,7,2,2026-05-07_16h48.09.629,MIC_task,,2026.1.2,60.29795630166393,2026-05-07 16h48.11.390147 +0200,
,,2,0,2,,,,,,,7,b03,fül,ear,2,bodypart,face,6.6,14,19,43,None,"(-0.1, 0.1)",None,,,,,,,,,,,,,,0,0,0,0,0,21,21,21,2,0,2,0,234.1639453000389,,,,,,,,,,,,,,,,,,,,,,,,,,,,,,,,,,,,,,,,,,,,,,,,,,,,,,,,,,,,,,,,,,,,,,,,,,,,,,,,,,,,,,,,,,,,,,234.1527879999485,234.1639453000389,234.1639453000389,234.1639453000389,234.34932010015473,None,,,,,,,,,,,234.36441070004366,234.36441070004366,234.36441070004366,,,,,,,,,,,,,,,,,,,,,,,,,,,,,,,,,P9615,MIC_Bar,7,2,2026-05-07_16h48.09.629,MIC_task,,2026.1.2,60.29795630166393,2026-05-07 16h48.11.390147 +0200,
,,3,0,3,,,,,,,7,b03,fül,ear,2,bodypart,face,6.6,14,19,43,None,"(-0.1, 0.1)",None,,,,,,,,,,,,,,0,0,0,0,0,21,21,21,3,0,3,0,234.36441070004366,,,,,,,,,,,,,,,,,,,,,,,,,,,,,,,,,,,,,,,,,,,,,,,,,,,,,,,,,,,,,,,,,,,,,,,,,,,,,,,,,,,,,,,,,,,,,,234.35216080001555,234.36441070004366,234.36441070004366,234.36441070004366,234.5499839000404,None,,,,,,,,,,,234.5647412999533,234.5647412999533,234.5647412999533,,,,,,,,,,,,,,,,,,,,,,,,,,,,,,,,,P9615,MIC_Bar,7,2,2026-05-07_16h48.09.629,MIC_task,,2026.1.2,60.29795630166393,2026-05-07 16h48.11.390147 +0200,
,,4,0,4,,,,,,,7,b03,fül,ear,2,bodypart,face,6.6,14,19,43,None,"(-0.1, 0.1)",None,,,,,,,,,,,,,,0,0,0,0,0,21,21,21,4,0,4,0,234.5647412999533,,,,,,,,,,,,,,,,,,,,,,,,,,,,,,,,,,,,,,,,,,,,,,,,,,,,,,,,,,,,,,,,,,,,,,,,,,,,,,,,,,,,,,,,,,,,,,234.55308039998636,234.5647412999533,234.5647412999533,234.5647412999533,234.74897900014184,None,,,,,,,,,,,234.7651790000964,234.7651790000964,234.7651790000964,,,,,,,,,,,,,,,,,,,,,,,,,,,,,,,,,P9615,MIC_Bar,7,2,2026-05-07_16h48.09.629,MIC_task,,2026.1.2,60.29795630166393,2026-05-07 16h48.11.390147 +0200,
,,5,0,5,,,,,,,7,b03,fül,ear,2,bodypart,face,6.6,14,19,43,None,"(-0.1, 0.1)",None,,,,,,,,,,,,,,0,0,0,0,0,21,21,21,5,0,5,0,234.7651790000964,,,,,,,,,,,,,,,,,,,,,,,,,,,,,,,,,,,,,,,,,,,,,,,,,,,,,,,,,,,,,,,,,,,,,,,,,,,,,,,,,,,,,,,,,,,,,,234.75189159996808,234.7651790000964,234.7651790000964,234.7651790000964,234.94970860006288,None,,,,,,,,,,,,,,,,,,,,,,,,,,,,,,,,,,,,,,,,,,,,,,P9615,MIC_Bar,7,2,2026-05-07_16h48.09.629,MIC_task,,2026.1.2,60.29795630166393,2026-05-07 16h48.11.390147 +0200,
,,6,0,6,,,,,,,7,b03,fül,ear,2,bodypart,face,6.6,14,19,43,None,"(-0.1, 0.1)",None,,,,,,,,,,,,,,0,0,0,0,0,21,21,21,6,0,6,0,234.96553259994835,,,,,,,,,,,,,,,,,,,,,,,,,,,,,,,,,,,,,,,,,,,,,,,,,,,,,,,,,,,,,,,,,,,,,,,,,,,,,,,,,,,,,,,,,,,,,,234.95279450016096,234.96553259994835,234.96553259994835,234.96553259994835,235.15068230009638,None,,,,,,,,,,,,,,,,,,,,,,,,,,,,,,,,,,,,,,,,,,,,,,P9615,MIC_Bar,7,2,2026-05-07_16h48.09.629,MIC_task,,2026.1.2,60.29795630166393,2026-05-07 16h48.11.390147 +0200,
,,7,0,7,,,,,,,7,b03,fül,ear,2,bodypart,face,6.6,14,19,43,None,"(-0.1, 0.1)",None,,,,,,,,,,,,,,0,0,0,0,0,21,21,21,7,0,7,0,235.16588139999658,,,,,,,,,,,,,,,,,,,,,,,,,,,,,,,,,,,,,,,,,,,,,,,,,,,,,,,,,,,,,,,,,,,,,,,,,,,,,,,,,,,,,,,,,,,,,,235.15387660008855,235.16588139999658,235.16588139999658,235.16588139999658,235.3509504001122,None,,,,,,,,,,,,,,,,,,,,,,,,,,,,,,,,,,,,,,,,,,,,,,P9615,MIC_Bar,7,2,2026-05-07_16h48.09.629,MIC_task,,2026.1.2,60.29795630166393,2026-05-07 16h48.11.390147 +0200,
,,8,0,8,,,,,,,7,b03,fül,ear,2,bodypart,face,6.6,14,19,43,None,"(-0.1, 0.1)",None,,,,,,,,,,,,,,0,0,0,0,0,21,21,21,8,0,8,0,235.36625730013475,,,,,,,,,,,,,,,,,,,,,,,,,,,,,,,,,,,,,,,,,,,,,,,,,,,,,,,,,,,,,,,,,,,,,,,,,,,,,,,,,,,,,,,,,,,,,,235.35385080007836,235.36625730013475,235.36625730013475,235.36625730013475,235.55006090016104,None,,,,,,,,,,,,,,,,,,,,,,,,,,,,,,,,,,,,,,,,,,,,,,P9615,MIC_Bar,7,2,2026-05-07_16h48.09.629,MIC_task,,2026.1.2,60.29795630166393,2026-05-07 16h48.11.390147 +0200,
,,9,0,9,,,,,,,7,b03,fül,ear,2,bodypart,face,6.6,14,19,43,None,"(-0.1, 0.1)",None,,,,,,,,,,,,,,0,0,0,0,0,21,21,21,9,0,9,0,235.56662110006437,,,,,,,,,,,,,,,,,,,,,,,,,,,,,,,,,,,,,,,,,,,,,,,,,,,,,,,,,,,,,,,,,,,,,,,,,,,,,,,,,,,,,,,,,,,,,,235.55316400015727,235.56662110006437,235.56662110006437,235.56662110006437,235.75166040007025,None,,,,,,,,,,,,,,,,,,,,,,,,,,,,,,,,,,,,,,,,,,,,,,P9615,MIC_Bar,7,2,2026-05-07_16h48.09.629,MIC_task,,2026.1.2,60.29795630166393,2026-05-07 16h48.11.390147 +0200,
,,10,0,10,,,,,,,7,b03,fül,ear,2,bodypart,face,6.6,14,19,43,None,"(-0.1, 0.1)",None,,,,,,,,,,,,,,0,0,0,0,0,21,21,21,10,0,10,0,235.76704509998672,,,,,,,,,,,,,,,,,,,,,,,,,,,,,,,,,,,,,,,,,,,,,,,,,,,,,,,,,,,,,,,,,,,,,,,,,,,,,,,,,,,,,,,,,,,,,,235.7548549999483,235.76704509998672,235.76704509998672,235.76704509998672,235.95087569998577,None,,,,,,,,,,,,,,,,,,,,,,,,,,,,,,,,,,,,,,,,,,,,,,P9615,MIC_Bar,7,2,2026-05-07_16h48.09.629,MIC_task,,2026.1.2,60.29795630166393,2026-05-07 16h48.11.390147 +0200,
,,11,0,11,,,,,,,7,b03,fül,ear,2,bodypart,face,6.6,14,19,43,None,"(-0.1, 0.1)",None,,,,,,,,,,,,,,0,0,0,0,0,21,21,21,11,0,11,0,235.96741889999248,,,,,,,,,,,,,,,,,,,,,,,,,,,,,,,,,,,,,,,,,,,,,,,,,,,,,,,,,,,,,,,,,,,,,,,,,,,,,,,,,,,,,,,,,,,,,,235.9539501001127,235.96741889999248,235.96741889999248,235.96741889999248,236.15276470012031,None,,,,,,,,,,,,,,,,,,,,,,,,,,,,,,,,,,,,,,,,,,,,,,P9615,MIC_Bar,7,2,2026-05-07_16h48.09.629,MIC_task,,2026.1.2,60.29795630166393,2026-05-07 16h48.11.390147 +0200,
,,12,0,12,,,,,,,7,b03,fül,ear,2,bodypart,face,6.6,14,19,43,None,"(-0.1, 0.1)",None,,,,,,,,,,,,,,0,0,0,0,0,21,21,21,12,0,12,0,236.16781470016576,,,,,,,,,,,,,,,,,,,,,,,,,,,,,,,,,,,,,,,,,,,,,,,,,,,,,,,,,,,,,,,,,,,,,,,,,,,,,,,,,,,,,,,,,,,,,,236.15565369999968,236.16781470016576,236.16781470016576,236.16781470016576,236.352980799973,None,,,,,,,,,,,,,,,,,,,,,,,,,,,,,,,,,,,,,,,,,,,,,,P9615,MIC_Bar,7,2,2026-05-07_16h48.09.629,MIC_task,,2026.1.2,60.29795630166393,2026-05-07 16h48.11.390147 +0200,
,,13,0,13,,,,,,,7,b03,fül,ear,2,bodypart,face,6.6,14,19,43,None,"(-0.1, 0.1)",None,,,,,,,,,,,,,,0,0,0,0,0,21,21,21,13,0,13,0,236.36825329996645,,,,,,,,,,,,,,,,,,,,,,,,,,,,,,,,,,,,,,,,,,,,,,,,,,,,,,,,,,,,,,,,,,,,,,,,,,,,,,,,,,,,,,,,,,,,,,236.3561653001234,236.36825329996645,236.36825329996645,236.36825329996645,236.55205640010536,None,,,,,,,,,,,,,,,,,,,,,,,,,,,,,,,,,,,,,,,,,,,,,,P9615,MIC_Bar,7,2,2026-05-07_16h48.09.629,MIC_task,,2026.1.2,60.29795630166393,2026-05-07 16h48.11.390147 +0200,
,,14,0,14,,,,,,,7,b03,fül,ear,2,bodypart,face,6.6,14,19,43,None,"(-0.1, 0.1)",None,,,,,,,,,,,,,,0,0,0,0,0,21,21,21,14,0,14,0,236.56770780007355,,,,,,,,,,,,,,,,,,,,,,,,,,,,,,,,,,,,,,,,,,,,,,,,,,,,,,,,,,,,,,,,,,,,,,,,,,,,,,,,,,,,,,,,,,,,,,236.55503910011612,236.56770780007355,236.56770780007355,236.56770780007355,236.75149590009823,None,,,,,,,,,,,,,,,,,,,,,,,,,,,,,,,,,,,,,,,,,,,,,,P9615,MIC_Bar,7,2,2026-05-07_16h48.09.629,MIC_task,,2026.1.2,60.29795630166393,2026-05-07 16h48.11.390147 +0200,
,,15,0,15,,,,,,,7,b03,fül,ear,2,bodypart,face,6.6,14,19,43,None,"(-0.1, 0.1)",None,,,,,,,,,,,,,,0,0,0,0,0,21,21,21,15,0,15,0,236.76809439994395,,,,,,,,,,,,,,,,,,,,,,,,,,,,,,,,,,,,,,,,,,,,,,,,,,,,,,,,,,,,,,,,,,,,,,,,,,,,,,,,,,,,,,,,,,,,,,236.7548364000395,236.76809439994395,236.76809439994395,236.76809439994395,236.95329200010747,None,,,,,,,,,,,,,,,,,,,,,,,,,,,,,,,,,,,,,,,,,,,,,,P9615,MIC_Bar,7,2,2026-05-07_16h48.09.629,MIC_task,,2026.1.2,60.29795630166393,2026-05-07 16h48.11.390147 +0200,
,,16,0,16,,,,,,,7,b03,fül,ear,2,bodypart,face,6.6,14,19,43,None,"(-0.1, 0.1)",None,,,,,,,,,,,,,,0,0,0,0,0,21,21,21,16,0,16,0,236.968479400035,,,,,,,,,,,,,,,,,,,,,,,,,,,,,,,,,,,,,,,,,,,,,,,,,,,,,,,,,,,,,,,,,,,,,,,,,,,,,,,,,,,,,,,,,,,,,,236.95614799996838,236.968479400035,236.968479400035,236.968479400035,237.15360700013116,None,,,,,,,,,,,,,,,,,,,,,,,,,,,,,,,,,,,,,,,,,,,,,,P9615,MIC_Bar,7,2,2026-05-07_16h48.09.629,MIC_task,,2026.1.2,60.29795630166393,2026-05-07 16h48.11.390147 +0200,
,,17,0,17,,,,,,,7,b03,fül,ear,2,bodypart,face,6.6,14,19,43,None,"(-0.1, 0.1)",None,,,,,,,,,,,,,,0,0,0,0,0,21,21,21,17,0,17,0,237.16887370008044,,,,,,,,,,,,,,,,,,,,,,,,,,,,,,,,,,,,,,,,,,,,,,,,,,,,,,,,,,,,,,,,,,,,,,,,,,,,,,,,,,,,,,,,,,,,,,237.15655450010672,237.16887370008044,237.16887370008044,237.16887370008044,237.35265660006553,None,,,,,,,,,,,,,,,,,,,,,,,,,,,,,,,,,,,,,,,,,,,,,,P9615,MIC_Bar,7,2,2026-05-07_16h48.09.629,MIC_task,,2026.1.2,60.29795630166393,2026-05-07 16h48.11.390147 +0200,
,,18,0,18,,,,,,,7,b03,fül,ear,2,bodypart,face,6.6,14,19,43,None,"(-0.1, 0.1)",None,,,,,,,,,,,,,,0,0,0,0,0,21,21,21,18,0,18,0,237.3692342999857,,,,,,,,,,,,,,,,,,,,,,,,,,,,,,,,,,,,,,,,,,,,,,,,,,,,,,,,,,,,,,,,,,,,,,,,,,,,,,,,,,,,,,,,,,,,,,237.3555769000668,237.3692342999857,237.3692342999857,237.3692342999857,237.55297790002078,None,,,,,,,,,,,,,,,,,,,,,,,,,,,,,,,,,,,,,,,,,,,,,,P9615,MIC_Bar,7,2,2026-05-07_16h48.09.629,MIC_task,,2026.1.2,60.29795630166393,2026-05-07 16h48.11.390147 +0200,
,,19,0,19,,,,,,,7,b03,fül,ear,2,bodypart,face,6.6,14,19,43,None,"(-0.1, 0.1)",None,,,,,,,,,,,,,,0,0,0,0,0,21,21,21,19,0,19,0,237.56961770006455,,,,,,,,,,,,,,,,,,,,,,,,,,,,,,,,,,,,,,,,,,,,,,,,,,,,,,,,,,,,,,,,,,,,,,,,,,,,,,,,,,,,,,,,,,,,,,237.5560549001675,237.56961770006455,237.56961770006455,237.56961770006455,237.75339930015616,None,,,,,,,,,,,,,,,,,,,,,,,,,,,,,,,,,,,,,,,,,,,,,,P9615,MIC_Bar,7,2,2026-05-07_16h48.09.629,MIC_task,,2026.1.2,60.29795630166393,2026-05-07 16h48.11.390147 +0200,
,,20,0,20,,,,,,,7,b03,fül,ear,2,bodypart,face,6.6,14,19,43,None,"(-0.1, 0.1)",None,,,,,,,,,,,,,,0,0,0,0,0,21,21,21,20,0,20,0,237.77001209999435,,,,,,,,,,,,,,,,,,,,,,,,,,,,,,,,,,,,,,,,,,,,,,,,,,,,,,,,,,,,,,,,,,,,,,,,,,,,,,,,,,,,,,,,,,,,,,237.75625480012968,237.77001209999435,237.77001209999435,237.77001209999435,237.95508290012367,None,,,,,,,,,,,,,,,,,,,,,,,,,,,,,,,,,,,,,,,,,,,,,,P9615,MIC_Bar,7,2,2026-05-07_16h48.09.629,MIC_task,,2026.1.2,60.29795630166393,2026-05-07 16h48.11.390147 +0200,
,,21,0,21,,,,,,,7,b03,fül,ear,2,bodypart,face,6.6,14,19,43,None,"(-0.1, 0.1)",None,,,,,,,,,,,,,,0,0,0,0,0,21,21,21,21,0,21,0,237.97037940006703,,,,,,,,,,,,,,,,,,,,,,,,,,,,,,,,,,,,,,,,,,,,,,,,,,,,,,,,,,,,,,,,,,,,,,,,,,,,,,,,,,,,,,,,,,,,,,237.95817809994332,237.97037940006703,237.97037940006703,237.97037940006703,238.15427340008318,None,,,,,,,,,,,,,,,,,,,,,,,,,,,,,,,,,,,,,,,,,,,,,,P9615,MIC_Bar,7,2,2026-05-07_16h48.09.629,MIC_task,,2026.1.2,60.29795630166393,2026-05-07 16h48.11.390147 +0200,
,,22,0,22,,,,,,,7,b03,fül,ear,2,bodypart,face,6.6,14,19,43,None,"(-0.1, 0.1)",None,,,,,,,,,,,,,,0,0,0,0,0,21,21,21,22,0,22,0,238.17076799995266,,,,,,,,,,,,,,,,,,,,,,,,,,,,,,,,,,,,,,,,,,,,,,,,,,,,,,,,,,,,,,,,,,,,,,,,,,,,,,,,,,,,,,,,,,,,,,238.15723660006188,238.17076799995266,238.17076799995266,238.17076799995266,238.35462320013903,None,,,,,,,,,,,,,,,,,,,,,,,,,,,,,,,,,,,,,,,,,,,,,,P9615,MIC_Bar,7,2,2026-05-07_16h48.09.629,MIC_task,,2026.1.2,60.29795630166393,2026-05-07 16h48.11.390147 +0200,
,,23,0,23,,,,,,,7,b03,fül,ear,2,bodypart,face,6.6,14,19,43,None,"(-0.1, 0.1)",None,,,,,,,,,,,,,,0,0,0,0,0,21,21,21,23,0,23,0,238.3711830000393,,,,,,,,,,,,,,,,,,,,,,,,,,,,,,,,,,,,,,,,,,,,,,,,,,,,,,,,,,,,,,,,,,,,,,,,,,,,,,,,,,,,,,,,,,,,,,238.35768579994328,238.3711830000393,238.3711830000393,238.3711830000393,238.5549558000639,None,,,,,,,,,,,,,,,,,,,,,,,,,,,,,,,,,,,,,,,,,,,,,,P9615,MIC_Bar,7,2,2026-05-07_16h48.09.629,MIC_task,,2026.1.2,60.29795630166393,2026-05-07 16h48.11.390147 +0200,
,,24,0,24,,,,,,,7,b03,fül,ear,2,bodypart,face,6.6,14,19,43,None,"(-0.1, 0.1)",None,,,,,,,,,,,,,,0,0,0,0,0,21,21,21,24,0,24,0,238.57061920012347,,,,,,,,,,,,,,,,,,,,,,,,,,,,,,,,,,,,,,,,,,,,,,,,,,,,,,,,,,,,,,,,,,,,,,,,,,,,,,,,,,,,,,,,,,,,,,238.55778270005248,238.57061920012347,238.57061920012347,238.57061920012347,238.75670609995723,None,,,,,,,,,,,,,,,,,,,,,,,,,,,,,,,,,,,,,,,,,,,,,,P9615,MIC_Bar,7,2,2026-05-07_16h48.09.629,MIC_task,,2026.1.2,60.29795630166393,2026-05-07 16h48.11.390147 +0200,
,,25,0,25,,,,,,,7,b03,fül,ear,2,bodypart,face,6.6,14,19,43,None,"(-0.1, 0.1)",None,,,,,,,,,,,,,,0,0,0,0,0,21,21,21,25,0,25,0,238.77197450003587,,,,,,,,,,,,,,,,,,,,,,,,,,,,,,,,,,,,,,,,,,,,,,,,,,,,,,,,,,,,,,,,,,,,,,,,,,,,,,,,,,,,,,,,,,,,,,238.7596557000652,238.77197450003587,238.77197450003587,238.77197450003587,238.95576489996165,None,,,,,,,,,,,,,,,,,,,,,,,,,,,,,,,,,,,,,,,,,,,,,,P9615,MIC_Bar,7,2,2026-05-07_16h48.09.629,MIC_task,,2026.1.2,60.29795630166393,2026-05-07 16h48.11.390147 +0200,
,,26,0,26,,,,,,,7,b03,fül,ear,2,bodypart,face,6.6,14,19,43,None,"(-0.1, 0.1)",None,,,,,,,,,,,,,,0,0,0,0,0,21,21,21,26,0,26,0,238.9714573000092,,,,,,,,,,,,,,,,,,,,,,,,,,,,,,,,,,,,,,,,,,,,,,,,,,,,,,,,,,,,,,,,,,,,,,,,,,,,,,,,,,,,,,,,,,,,,,238.95885820011608,238.9714573000092,238.9714573000092,238.9714573000092,239.15527960006148,None,,,,,,,,,,,,,,,,,,,,,,,,,,,,,,,,,,,,,,,,,,,,,,P9615,MIC_Bar,7,2,2026-05-07_16h48.09.629,MIC_task,,2026.1.2,60.29795630166393,2026-05-07 16h48.11.390147 +0200,
,,27,0,27,,,,,,,7,b03,fül,ear,2,bodypart,face,6.6,14,19,43,None,"(-0.1, 0.1)",None,,,,,,,,,,,,,,0,0,0,0,0,21,21,21,27,0,27,0,239.17181470012292,,,,,,,,,,,,,,,,,,,,,,,,,,,,,,,,,,,,,,,,,,,,,,,,,,,,,,,,,,,,,,,,,,,,,,,,,,,,,,,,,,,,,,,,,,,,,,239.15826379996724,239.17181470012292,239.17181470012292,239.17181470012292,239.35694000008516,None,,,,,,,,,,,,,,,,,,,,,,,,,,,,,,,,,,,,,,,,,,,,,,P9615,MIC_Bar,7,2,2026-05-07_16h48.09.629,MIC_task,,2026.1.2,60.29795630166393,2026-05-07 16h48.11.390147 +0200,
,,28,0,28,,,,,,,7,b03,fül,ear,2,bodypart,face,6.6,14,19,43,None,"(-0.1, 0.1)",None,,,,,,,,,,,,,,0,0,0,0,0,21,21,21,28,0,28,0,239.3721765000373,,,,,,,,,,,,,,,,,,,,,,,,,,,,,,,,,,,,,,,,,,,,,,,,,,,,,,,,,,,,,,,,,,,,,,,,,,,,,,,,,,,,,,,,,,,,,,239.35982300015166,239.3721765000373,239.3721765000373,239.3721765000373,239.55598210007884,None,,,,,,,,,,,,,,,,,,,,,,,,,,,,,,,,,,,,,,,,,,,,,,P9615,MIC_Bar,7,2,2026-05-07_16h48.09.629,MIC_task,,2026.1.2,60.29795630166393,2026-05-07 16h48.11.390147 +0200,
,,29,0,29,,,,,,,7,b03,fül,ear,2,bodypart,face,6.6,14,19,43,None,"(-0.1, 0.1)",None,,,,,,,,,,,,,,0,0,0,0,0,21,21,21,29,0,29,0,239.57256330014206,,,,,,,,,,,,,,,,,,,,,,,,,,,,,,,,,,,,,,,,,,,,,,,,,,,,,,,,,,,,,,,,,,,,,,,,,,,,,,,,,,,,,,,,,,,,,,239.558988600038,239.57256330014206,239.57256330014206,239.57256330014206,239.7578102000989,None,,,,,,,,,,,,,,,,,,,,,,,,,,,,,,,,,,,,,,,,,,,,,,P9615,MIC_Bar,7,2,2026-05-07_16h48.09.629,MIC_task,,2026.1.2,60.29795630166393,2026-05-07 16h48.11.390147 +0200,
,,30,0,30,,,,,,,7,b03,fül,ear,2,bodypart,face,6.6,14,19,43,None,"(-0.1, 0.1)",None,,,,,,,,,,,,,,0,0,0,0,0,21,21,21,30,0,30,0,239.7729195000138,,,,,,,,,,,,,,,,,,,,,,,,,,,,,,,,,,,,,,,,,,,,,,,,,,,,,,,,,,,,,,,,,,,,,,,,,,,,,,,,,,,,,,,,,,,,,,239.76107340003364,239.7729195000138,239.7729195000138,239.7729195000138,239.95674289995804,None,,,,,,,,,,,,,,,,,,,,,,,,,,,,,,,,,,,,,,,,,,,,,,P9615,MIC_Bar,7,2,2026-05-07_16h48.09.629,MIC_task,,2026.1.2,60.29795630166393,2026-05-07 16h48.11.390147 +0200,
,,31,0,31,,,,,,,7,b03,fül,ear,2,bodypart,face,6.6,14,19,43,None,"(-0.1, 0.1)",None,,,,,,,,,,,,,,0,0,0,0,0,21,21,21,31,0,31,0,239.97330840001814,,,,,,,,,,,,,,,,,,,,,,,,,,,,,,,,,,,,,,,,,,,,,,,,,,,,,,,,,,,,,,,,,,,,,,,,,,,,,,,,,,,,,,,,,,,,,,239.95980770001188,239.97330840001814,239.97330840001814,239.97330840001814,240.15860450011678,None,,,,,,,,,,,,,,,,,,,,,,,,,,,,,,,,,,,,,,,,,,,,,,P9615,MIC_Bar,7,2,2026-05-07_16h48.09.629,MIC_task,,2026.1.2,60.29795630166393,2026-05-07 16h48.11.390147 +0200,
,,32,0,32,,,,,,,7,b03,fül,ear,2,bodypart,face,6.6,14,19,43,None,"(-0.1, 0.1)",None,,,,,,,,,,,,,,0,0,0,0,0,21,21,21,32,0,32,0,240.17376020015217,,,,,,,,,,,,,,,,,,,,,,,,,,,,,,,,,,,,,,,,,,,,,,,,,,,,,,,,,,,,,,,,,,,,,,,,,,,,,,,,,,,,,,,,,,,,,,240.16144430008717,240.17376020015217,240.17376020015217,240.17376020015217,240.35744290007278,None,,,,,,,,,,,,,,,,,,,,,,,,,,,,,,,,,,,,,,,,,,,,,,P9615,MIC_Bar,7,2,2026-05-07_16h48.09.629,MIC_task,,2026.1.2,60.29795630166393,2026-05-07 16h48.11.390147 +0200,
,,33,0,33,,,,,,,7,b03,fül,ear,2,bodypart,face,6.6,14,19,43,None,"(-0.1, 0.1)",None,,,,,,,,,,,,,,0,0,0,0,0,21,21,21,33,0,33,0,240.3740717000328,,,,,,,,,,,,,,,,,,,,,,,,,,,,,,,,,,,,,,,,,,,,,,,,,,,,,,,,,,,,,,,,,,,,,,,,,,,,,,,,,,,,,,,,,,,,,,240.3605253000278,240.3740717000328,240.3740717000328,240.3740717000328,240.55781399994157,None,,,,,,,,,,,,,,,,,,,,,,,,,,,,,,,,,,,,,,,,,,,,,,P9615,MIC_Bar,7,2,2026-05-07_16h48.09.629,MIC_task,,2026.1.2,60.29795630166393,2026-05-07 16h48.11.390147 +0200,
,,34,0,34,,,,,,,7,b03,fül,ear,2,bodypart,face,6.6,14,19,43,None,"(-0.1, 0.1)",space,0.13238850003108382,None,,,,,,,,,,,,0,0,0,0,0,21,21,21,34,0,34,0,240.57451990013942,,,,,,,,,,,,,,,,,,,,,,,,,,,,,,,,,,,,,,,,,,,,,,,,,,,,,,,,,,,,,,,,,,,,,,,,,,,,,,,,,,,,,,,,,,,,,,240.56073030014522,240.57451990013942,240.57451990013942,240.57451990013942,240.71048280014656,space,0.13238850003108382,None,,,,,,,,,,,,,,,,,,,,,,,,,,,,,,,,,,,,,,,,,,,,P9615,MIC_Bar,7,2,2026-05-07_16h48.09.629,MIC_task,,2026.1.2,60.29795630166393,2026-05-07 16h48.11.390147 +0200,
,,21,21,0,,,,space,0.5770127000287175,None,7,b03,fül,ear,2,bodypart,face,6.6,14,19,43,None,"(-0.1, 0.1)",,,,,,,,,,,,,,,0,0,0,0,0,21,21,21,,,,,,,,,,,,,,,,,,,,,,,,,,,,,,,,,,,,,,,,,,,,,,,,,,,,,,,,,,,,,,,,,,,,,,,,,,,,,,,,240.7694192000199,240.77462140005082,240.77601976670948,242.7122186999768,,,,,,244.7151144000236,244.73046909994446,244.73046909994446,245.3158293000888,,,,,,,,,,,,,,,242.7371356000658,242.74124170001596,242.74536713341564,244.6307678001467,244.71506640012376,space,0.5770127000287175,None,,,,,,,,,,,,,,,,,,,,,,,,,,,,,,,,,,,,P9615,MIC_Bar,7,2,2026-05-07_16h48.09.629,MIC_task,,2026.1.2,60.29795630166393,2026-05-07 16h48.11.390147 +0200,
,,0,0,0,,,,,,,7,ty16,mágnes,magnet,9,toys,gadget,5.6,6,None,73,None,"(0.1, 0.1)",None,,,,,,,,,,,,,,0,0,0,0,0,22,22,22,0,0,0,0,245.3316137001384,,,,,,,,,,,,,,,,,,,,,,,,,,,,,,,,,,,,,,,,,,,,,,,,,,,,,,,,,,,,,,,,,,,,,,,,,,,,,,,,,,,,,,,,,,,,,,245.31903070001863,245.3316137001384,245.3316137001384,245.3316137001384,245.51592100015841,None,,,,,,,,,,,245.53198710014112,245.53198710014112,245.53198710014112,,,,,,,,,,,,,,,,,,,,,,,,,,,,,,,,,P9615,MIC_Bar,7,2,2026-05-07_16h48.09.629,MIC_task,,2026.1.2,60.29795630166393,2026-05-07 16h48.11.390147 +0200,
,,0,0,0,,,,,,,7,ty16,mágnes,magnet,9,toys,gadget,5.6,6,None,73,None,"(0.1, 0.1)",None,,,,,,,,,,,,,,0,0,0,0,0,22,22,22,0,0,0,0,245.53198710014112,,,,,,,,,,,,,,,,,,,,,,,,,,,,,,,,,,,,,,,,,,,,,,,,,,,,,,,,,,,,,,,,,,,,,,,,,,,,,,,,,,,,,,,,,,,,,,245.51892499998212,245.53198710014112,245.53198710014112,245.53198710014112,245.716281699948,None,,,,,,,,,,,245.73246209998615,245.73246209998615,245.73246209998615,,,,,,,,,,,,,,,,,,,,,,,,,,,,,,,,,P9615,MIC_Bar,7,2,2026-05-07_16h48.09.629,MIC_task,,2026.1.2,60.29795630166393,2026-05-07 16h48.11.390147 +0200,
,,1,0,1,,,,,,,7,ty16,mágnes,magnet,9,toys,gadget,5.6,6,None,73,None,"(0.1, 0.1)",None,,,,,,,,,,,,,,0,0,0,0,0,22,22,22,1,0,1,0,245.73246209998615,,,,,,,,,,,,,,,,,,,,,,,,,,,,,,,,,,,,,,,,,,,,,,,,,,,,,,,,,,,,,,,,,,,,,,,,,,,,,,,,,,,,,,,,,,,,,,245.7194328000769,245.73246209998615,245.73246209998615,245.73246209998615,245.9161900000181,None,,,,,,,,,,,,,,,,,,,,,,,,,,,,,,,,,,,,,,,,,,,,,,P9615,MIC_Bar,7,2,2026-05-07_16h48.09.629,MIC_task,,2026.1.2,60.29795630166393,2026-05-07 16h48.11.390147 +0200,
,,2,0,2,,,,,,,7,ty16,mágnes,magnet,9,toys,gadget,5.6,6,None,73,None,"(0.1, 0.1)",None,,,,,,,,,,,,,,0,0,0,0,0,22,22,22,2,0,2,0,245.9328396001365,,,,,,,,,,,,,,,,,,,,,,,,,,,,,,,,,,,,,,,,,,,,,,,,,,,,,,,,,,,,,,,,,,,,,,,,,,,,,,,,,,,,,,,,,,,,,,245.91975170001388,245.9328396001365,245.9328396001365,245.9328396001365,246.11660760012455,None,,,,,,,,,,,,,,,,,,,,,,,,,,,,,,,,,,,,,,,,,,,,,,P9615,MIC_Bar,7,2,2026-05-07_16h48.09.629,MIC_task,,2026.1.2,60.29795630166393,2026-05-07 16h48.11.390147 +0200,
,,3,0,3,,,,,,,7,ty16,mágnes,magnet,9,toys,gadget,5.6,6,None,73,None,"(0.1, 0.1)",None,,,,,,,,,,,,,,0,0,0,0,0,22,22,22,3,0,3,0,246.13316019997,,,,,,,,,,,,,,,,,,,,,,,,,,,,,,,,,,,,,,,,,,,,,,,,,,,,,,,,,,,,,,,,,,,,,,,,,,,,,,,,,,,,,,,,,,,,,,246.1197083001025,246.13316019997,246.13316019997,246.13316019997,246.31607550010085,None,,,,,,,,,,,,,,,,,,,,,,,,,,,,,,,,,,,,,,,,,,,,,,P9615,MIC_Bar,7,2,2026-05-07_16h48.09.629,MIC_task,,2026.1.2,60.29795630166393,2026-05-07 16h48.11.390147 +0200,
,,4,0,4,,,,,,,7,ty16,mágnes,magnet,9,toys,gadget,5.6,6,None,73,None,"(0.1, 0.1)",None,,,,,,,,,,,,,,0,0,0,0,0,22,22,22,4,0,4,0,246.33264419995248,,,,,,,,,,,,,,,,,,,,,,,,,,,,,,,,,,,,,,,,,,,,,,,,,,,,,,,,,,,,,,,,,,,,,,,,,,,,,,,,,,,,,,,,,,,,,,246.31932620005682,246.33264419995248,246.33264419995248,246.33264419995248,246.51637490000576,None,,,,,,,,,,,,,,,,,,,,,,,,,,,,,,,,,,,,,,,,,,,,,,P9615,MIC_Bar,7,2,2026-05-07_16h48.09.629,MIC_task,,2026.1.2,60.29795630166393,2026-05-07 16h48.11.390147 +0200,
,,5,0,5,,,,,,,7,ty16,mágnes,magnet,9,toys,gadget,5.6,6,None,73,None,"(0.1, 0.1)",None,,,,,,,,,,,,,,0,0,0,0,0,22,22,22,5,0,5,0,246.5329667001497,,,,,,,,,,,,,,,,,,,,,,,,,,,,,,,,,,,,,,,,,,,,,,,,,,,,,,,,,,,,,,,,,,,,,,,,,,,,,,,,,,,,,,,,,,,,,,246.51935830013826,246.5329667001497,246.5329667001497,246.5329667001497,246.71811860008165,None,,,,,,,,,,,,,,,,,,,,,,,,,,,,,,,,,,,,,,,,,,,,,,P9615,MIC_Bar,7,2,2026-05-07_16h48.09.629,MIC_task,,2026.1.2,60.29795630166393,2026-05-07 16h48.11.390147 +0200,
,,6,0,6,,,,,,,7,ty16,mágnes,magnet,9,toys,gadget,5.6,6,None,73,None,"(0.1, 0.1)",None,,,,,,,,,,,,,,0,0,0,0,0,22,22,22,6,0,6,0,246.73343829996884,,,,,,,,,,,,,,,,,,,,,,,,,,,,,,,,,,,,,,,,,,,,,,,,,,,,,,,,,,,,,,,,,,,,,,,,,,,,,,,,,,,,,,,,,,,,,,246.72118140012026,246.73343829996884,246.73343829996884,246.73343829996884,246.9171758000739,None,,,,,,,,,,,,,,,,,,,,,,,,,,,,,,,,,,,,,,,,,,,,,,P9615,MIC_Bar,7,2,2026-05-07_16h48.09.629,MIC_task,,2026.1.2,60.29795630166393,2026-05-07 16h48.11.390147 +0200,
,,7,0,7,,,,,,,7,ty16,mágnes,magnet,9,toys,gadget,5.6,6,None,73,None,"(0.1, 0.1)",None,,,,,,,,,,,,,,0,0,0,0,0,22,22,22,7,0,7,0,246.93376910011284,,,,,,,,,,,,,,,,,,,,,,,,,,,,,,,,,,,,,,,,,,,,,,,,,,,,,,,,,,,,,,,,,,,,,,,,,,,,,,,,,,,,,,,,,,,,,,246.92034090007655,246.93376910011284,246.93376910011284,246.93376910011284,247.11758620012552,None,,,,,,,,,,,,,,,,,,,,,,,,,,,,,,,,,,,,,,,,,,,,,,P9615,MIC_Bar,7,2,2026-05-07_16h48.09.629,MIC_task,,2026.1.2,60.29795630166393,2026-05-07 16h48.11.390147 +0200,
,,8,0,8,,,,,,,7,ty16,mágnes,magnet,9,toys,gadget,5.6,6,None,73,None,"(0.1, 0.1)",None,,,,,,,,,,,,,,0,0,0,0,0,22,22,22,8,0,8,0,247.1341729001142,,,,,,,,,,,,,,,,,,,,,,,,,,,,,,,,,,,,,,,,,,,,,,,,,,,,,,,,,,,,,,,,,,,,,,,,,,,,,,,,,,,,,,,,,,,,,,247.12102850014344,247.1341729001142,247.1341729001142,247.1341729001142,247.31792740011588,None,,,,,,,,,,,,,,,,,,,,,,,,,,,,,,,,,,,,,,,,,,,,,,P9615,MIC_Bar,7,2,2026-05-07_16h48.09.629,MIC_task,,2026.1.2,60.29795630166393,2026-05-07 16h48.11.390147 +0200,
,,9,0,9,,,,,,,7,ty16,mágnes,magnet,9,toys,gadget,5.6,6,None,73,None,"(0.1, 0.1)",None,,,,,,,,,,,,,,0,0,0,0,0,22,22,22,9,0,9,0,247.33457720000297,,,,,,,,,,,,,,,,,,,,,,,,,,,,,,,,,,,,,,,,,,,,,,,,,,,,,,,,,,,,,,,,,,,,,,,,,,,,,,,,,,,,,,,,,,,,,,247.32114210003056,247.33457720000297,247.33457720000297,247.33457720000297,247.51988180004992,None,,,,,,,,,,,,,,,,,,,,,,,,,,,,,,,,,,,,,,,,,,,,,,P9615,MIC_Bar,7,2,2026-05-07_16h48.09.629,MIC_task,,2026.1.2,60.29795630166393,2026-05-07 16h48.11.390147 +0200,
,,10,0,10,,,,,,,7,ty16,mágnes,magnet,9,toys,gadget,5.6,6,None,73,None,"(0.1, 0.1)",None,,,,,,,,,,,,,,0,0,0,0,0,22,22,22,10,0,10,0,247.53496329998598,,,,,,,,,,,,,,,,,,,,,,,,,,,,,,,,,,,,,,,,,,,,,,,,,,,,,,,,,,,,,,,,,,,,,,,,,,,,,,,,,,,,,,,,,,,,,,247.52339610015042,247.53496329998598,247.53496329998598,247.53496329998598,247.71873069996946,None,,,,,,,,,,,,,,,,,,,,,,,,,,,,,,,,,,,,,,,,,,,,,,P9615,MIC_Bar,7,2,2026-05-07_16h48.09.629,MIC_task,,2026.1.2,60.29795630166393,2026-05-07 16h48.11.390147 +0200,
,,11,0,11,,,,,,,7,ty16,mágnes,magnet,9,toys,gadget,5.6,6,None,73,None,"(0.1, 0.1)",None,,,,,,,,,,,,,,0,0,0,0,0,22,22,22,11,0,11,0,247.73533729999326,,,,,,,,,,,,,,,,,,,,,,,,,,,,,,,,,,,,,,,,,,,,,,,,,,,,,,,,,,,,,,,,,,,,,,,,,,,,,,,,,,,,,,,,,,,,,,247.72189419995993,247.73533729999326,247.73533729999326,247.73533729999326,247.91910160006955,None,,,,,,,,,,,,,,,,,,,,,,,,,,,,,,,,,,,,,,,,,,,,,,P9615,MIC_Bar,7,2,2026-05-07_16h48.09.629,MIC_task,,2026.1.2,60.29795630166393,2026-05-07 16h48.11.390147 +0200,
,,12,0,12,,,,,,,7,ty16,mágnes,magnet,9,toys,gadget,5.6,6,None,73,None,"(0.1, 0.1)",None,,,,,,,,,,,,,,0,0,0,0,0,22,22,22,12,0,12,0,247.93574879993685,,,,,,,,,,,,,,,,,,,,,,,,,,,,,,,,,,,,,,,,,,,,,,,,,,,,,,,,,,,,,,,,,,,,,,,,,,,,,,,,,,,,,,,,,,,,,,247.92247160011902,247.93574879993685,247.93574879993685,247.93574879993685,248.11950709996745,None,,,,,,,,,,,,,,,,,,,,,,,,,,,,,,,,,,,,,,,,,,,,,,P9615,MIC_Bar,7,2,2026-05-07_16h48.09.629,MIC_task,,2026.1.2,60.29795630166393,2026-05-07 16h48.11.390147 +0200,
,,13,0,13,,,,,,,7,ty16,mágnes,magnet,9,toys,gadget,5.6,6,None,73,None,"(0.1, 0.1)",None,,,,,,,,,,,,,,0,0,0,0,0,22,22,22,13,0,13,0,248.13513670000248,,,,,,,,,,,,,,,,,,,,,,,,,,,,,,,,,,,,,,,,,,,,,,,,,,,,,,,,,,,,,,,,,,,,,,,,,,,,,,,,,,,,,,,,,,,,,,248.12285630009137,248.13513670000248,248.13513670000248,248.13513670000248,248.3199444001075,None,,,,,,,,,,,,,,,,,,,,,,,,,,,,,,,,,,,,,,,,,,,,,,P9615,MIC_Bar,7,2,2026-05-07_16h48.09.629,MIC_task,,2026.1.2,60.29795630166393,2026-05-07 16h48.11.390147 +0200,
,,14,0,14,,,,,,,7,ty16,mágnes,magnet,9,toys,gadget,5.6,6,None,73,None,"(0.1, 0.1)",None,,,,,,,,,,,,,,0,0,0,0,0,22,22,22,14,0,14,0,248.33558610011823,,,,,,,,,,,,,,,,,,,,,,,,,,,,,,,,,,,,,,,,,,,,,,,,,,,,,,,,,,,,,,,,,,,,,,,,,,,,,,,,,,,,,,,,,,,,,,248.3234012001194,248.33558610011823,248.33558610011823,248.33558610011823,248.5203245000448,None,,,,,,,,,,,,,,,,,,,,,,,,,,,,,,,,,,,,,,,,,,,,,,P9615,MIC_Bar,7,2,2026-05-07_16h48.09.629,MIC_task,,2026.1.2,60.29795630166393,2026-05-07 16h48.11.390147 +0200,
,,15,0,15,,,,,,,7,ty16,mágnes,magnet,9,toys,gadget,5.6,6,None,73,None,"(0.1, 0.1)",None,,,,,,,,,,,,,,0,0,0,0,0,22,22,22,15,0,15,0,248.5359054999426,,,,,,,,,,,,,,,,,,,,,,,,,,,,,,,,,,,,,,,,,,,,,,,,,,,,,,,,,,,,,,,,,,,,,,,,,,,,,,,,,,,,,,,,,,,,,,248.5235304001253,248.5359054999426,248.5359054999426,248.5359054999426,248.7211581999436,None,,,,,,,,,,,,,,,,,,,,,,,,,,,,,,,,,,,,,,,,,,,,,,P9615,MIC_Bar,7,2,2026-05-07_16h48.09.629,MIC_task,,2026.1.2,60.29795630166393,2026-05-07 16h48.11.390147 +0200,
,,16,0,16,,,,,,,7,ty16,mágnes,magnet,9,toys,gadget,5.6,6,None,73,None,"(0.1, 0.1)",None,,,,,,,,,,,,,,0,0,0,0,0,22,22,22,16,0,16,0,248.73633960005827,,,,,,,,,,,,,,,,,,,,,,,,,,,,,,,,,,,,,,,,,,,,,,,,,,,,,,,,,,,,,,,,,,,,,,,,,,,,,,,,,,,,,,,,,,,,,,248.72434359998442,248.73633960005827,248.73633960005827,248.73633960005827,248.9216184001416,None,,,,,,,,,,,,,,,,,,,,,,,,,,,,,,,,,,,,,,,,,,,,,,P9615,MIC_Bar,7,2,2026-05-07_16h48.09.629,MIC_task,,2026.1.2,60.29795630166393,2026-05-07 16h48.11.390147 +0200,
,,17,0,17,,,,,,,7,ty16,mágnes,magnet,9,toys,gadget,5.6,6,None,73,None,"(0.1, 0.1)",None,,,,,,,,,,,,,,0,0,0,0,0,22,22,22,17,0,17,0,248.93680569995195,,,,,,,,,,,,,,,,,,,,,,,,,,,,,,,,,,,,,,,,,,,,,,,,,,,,,,,,,,,,,,,,,,,,,,,,,,,,,,,,,,,,,,,,,,,,,,248.92463889997452,248.93680569995195,248.93680569995195,248.93680569995195,249.12051070015877,None,,,,,,,,,,,,,,,,,,,,,,,,,,,,,,,,,,,,,,,,,,,,,,P9615,MIC_Bar,7,2,2026-05-07_16h48.09.629,MIC_task,,2026.1.2,60.29795630166393,2026-05-07 16h48.11.390147 +0200,
,,18,0,18,,,,,,,7,ty16,mágnes,magnet,9,toys,gadget,5.6,6,None,73,None,"(0.1, 0.1)",None,,,,,,,,,,,,,,0,0,0,0,0,22,22,22,18,0,18,0,249.13709400012158,,,,,,,,,,,,,,,,,,,,,,,,,,,,,,,,,,,,,,,,,,,,,,,,,,,,,,,,,,,,,,,,,,,,,,,,,,,,,,,,,,,,,,,,,,,,,,249.1236086001154,249.13709400012158,249.13709400012158,249.13709400012158,249.32086040009744,None,,,,,,,,,,,,,,,,,,,,,,,,,,,,,,,,,,,,,,,,,,,,,,P9615,MIC_Bar,7,2,2026-05-07_16h48.09.629,MIC_task,,2026.1.2,60.29795630166393,2026-05-07 16h48.11.390147 +0200,
,,19,0,19,,,,,,,7,ty16,mágnes,magnet,9,toys,gadget,5.6,6,None,73,None,"(0.1, 0.1)",None,,,,,,,,,,,,,,0,0,0,0,0,22,22,22,19,0,19,0,249.33745390013792,,,,,,,,,,,,,,,,,,,,,,,,,,,,,,,,,,,,,,,,,,,,,,,,,,,,,,,,,,,,,,,,,,,,,,,,,,,,,,,,,,,,,,,,,,,,,,249.3239577000495,249.33745390013792,249.33745390013792,249.33745390013792,249.52124970010482,None,,,,,,,,,,,,,,,,,,,,,,,,,,,,,,,,,,,,,,,,,,,,,,P9615,MIC_Bar,7,2,2026-05-07_16h48.09.629,MIC_task,,2026.1.2,60.29795630166393,2026-05-07 16h48.11.390147 +0200,
,,20,0,20,,,,,,,7,ty16,mágnes,magnet,9,toys,gadget,5.6,6,None,73,None,"(0.1, 0.1)",None,,,,,,,,,,,,,,0,0,0,0,0,22,22,22,20,0,20,0,249.53784480015747,,,,,,,,,,,,,,,,,,,,,,,,,,,,,,,,,,,,,,,,,,,,,,,,,,,,,,,,,,,,,,,,,,,,,,,,,,,,,,,,,,,,,,,,,,,,,,249.5244913001079,249.53784480015747,249.53784480015747,249.53784480015747,249.7216952999588,None,,,,,,,,,,,,,,,,,,,,,,,,,,,,,,,,,,,,,,,,,,,,,,P9615,MIC_Bar,7,2,2026-05-07_16h48.09.629,MIC_task,,2026.1.2,60.29795630166393,2026-05-07 16h48.11.390147 +0200,
,,21,0,21,,,,,,,7,ty16,mágnes,magnet,9,toys,gadget,5.6,6,None,73,None,"(0.1, 0.1)",None,,,,,,,,,,,,,,0,0,0,0,0,22,22,22,21,0,21,0,249.73826350015588,,,,,,,,,,,,,,,,,,,,,,,,,,,,,,,,,,,,,,,,,,,,,,,,,,,,,,,,,,,,,,,,,,,,,,,,,,,,,,,,,,,,,,,,,,,,,,249.7250252000522,249.73826350015588,249.73826350015588,249.73826350015588,249.92359609995037,None,,,,,,,,,,,,,,,,,,,,,,,,,,,,,,,,,,,,,,,,,,,,,,P9615,MIC_Bar,7,2,2026-05-07_16h48.09.629,MIC_task,,2026.1.2,60.29795630166393,2026-05-07 16h48.11.390147 +0200,
,,22,0,22,,,,,,,7,ty16,mágnes,magnet,9,toys,gadget,5.6,6,None,73,None,"(0.1, 0.1)",None,,,,,,,,,,,,,,0,0,0,0,0,22,22,22,22,0,22,0,249.93863710016012,,,,,,,,,,,,,,,,,,,,,,,,,,,,,,,,,,,,,,,,,,,,,,,,,,,,,,,,,,,,,,,,,,,,,,,,,,,,,,,,,,,,,,,,,,,,,,249.926855500089,249.93863710016012,249.93863710016012,249.93863710016012,250.12381090014242,None,,,,,,,,,,,,,,,,,,,,,,,,,,,,,,,,,,,,,,,,,,,,,,P9615,MIC_Bar,7,2,2026-05-07_16h48.09.629,MIC_task,,2026.1.2,60.29795630166393,2026-05-07 16h48.11.390147 +0200,
,,23,0,23,,,,,,,7,ty16,mágnes,magnet,9,toys,gadget,5.6,6,None,73,None,"(0.1, 0.1)",None,,,,,,,,,,,,,,0,0,0,0,0,22,22,22,23,0,23,0,250.13903470011428,,,,,,,,,,,,,,,,,,,,,,,,,,,,,,,,,,,,,,,,,,,,,,,,,,,,,,,,,,,,,,,,,,,,,,,,,,,,,,,,,,,,,,,,,,,,,,250.12685970007442,250.13903470011428,250.13903470011428,250.13903470011428,250.32419169996865,None,,,,,,,,,,,,,,,,,,,,,,,,,,,,,,,,,,,,,,,,,,,,,,P9615,MIC_Bar,7,2,2026-05-07_16h48.09.629,MIC_task,,2026.1.2,60.29795630166393,2026-05-07 16h48.11.390147 +0200,
,,24,0,24,,,,,,,7,ty16,mágnes,magnet,9,toys,gadget,5.6,6,None,73,None,"(0.1, 0.1)",None,,,,,,,,,,,,,,0,0,0,0,0,22,22,22,24,0,24,0,250.33950110012665,,,,,,,,,,,,,,,,,,,,,,,,,,,,,,,,,,,,,,,,,,,,,,,,,,,,,,,,,,,,,,,,,,,,,,,,,,,,,,,,,,,,,,,,,,,,,,250.32704000012018,250.33950110012665,250.33950110012665,250.33950110012665,250.52455230010673,None,,,,,,,,,,,,,,,,,,,,,,,,,,,,,,,,,,,,,,,,,,,,,,P9615,MIC_Bar,7,2,2026-05-07_16h48.09.629,MIC_task,,2026.1.2,60.29795630166393,2026-05-07 16h48.11.390147 +0200,
,,25,0,25,,,,,,,7,ty16,mágnes,magnet,9,toys,gadget,5.6,6,None,73,None,"(0.1, 0.1)",None,,,,,,,,,,,,,,0,0,0,0,0,22,22,22,25,0,25,0,250.53988200007007,,,,,,,,,,,,,,,,,,,,,,,,,,,,,,,,,,,,,,,,,,,,,,,,,,,,,,,,,,,,,,,,,,,,,,,,,,,,,,,,,,,,,,,,,,,,,,250.5277140000835,250.53988200007007,250.53988200007007,250.53988200007007,250.7236419999972,None,,,,,,,,,,,,,,,,,,,,,,,,,,,,,,,,,,,,,,,,,,,,,,P9615,MIC_Bar,7,2,2026-05-07_16h48.09.629,MIC_task,,2026.1.2,60.29795630166393,2026-05-07 16h48.11.390147 +0200,
,,26,0,26,,,,,,,7,ty16,mágnes,magnet,9,toys,gadget,5.6,6,None,73,None,"(0.1, 0.1)",None,,,,,,,,,,,,,,0,0,0,0,0,22,22,22,26,0,26,0,250.73932940000668,,,,,,,,,,,,,,,,,,,,,,,,,,,,,,,,,,,,,,,,,,,,,,,,,,,,,,,,,,,,,,,,,,,,,,,,,,,,,,,,,,,,,,,,,,,,,,250.72684730007313,250.73932940000668,250.73932940000668,250.73932940000668,250.92312790011056,None,,,,,,,,,,,,,,,,,,,,,,,,,,,,,,,,,,,,,,,,,,,,,,P9615,MIC_Bar,7,2,2026-05-07_16h48.09.629,MIC_task,,2026.1.2,60.29795630166393,2026-05-07 16h48.11.390147 +0200,
,,27,0,27,,,,,,,7,ty16,mágnes,magnet,9,toys,gadget,5.6,6,None,73,None,"(0.1, 0.1)",None,,,,,,,,,,,,,,0,0,0,0,0,22,22,22,27,0,27,0,250.93972730007954,,,,,,,,,,,,,,,,,,,,,,,,,,,,,,,,,,,,,,,,,,,,,,,,,,,,,,,,,,,,,,,,,,,,,,,,,,,,,,,,,,,,,,,,,,,,,,250.92637940007262,250.93972730007954,250.93972730007954,250.93972730007954,251.1248528000433,None,,,,,,,,,,,,,,,,,,,,,,,,,,,,,,,,,,,,,,,,,,,,,,P9615,MIC_Bar,7,2,2026-05-07_16h48.09.629,MIC_task,,2026.1.2,60.29795630166393,2026-05-07 16h48.11.390147 +0200,
,,28,0,28,,,,,,,7,ty16,mágnes,magnet,9,toys,gadget,5.6,6,None,73,None,"(0.1, 0.1)",None,,,,,,,,,,,,,,0,0,0,0,0,22,22,22,28,0,28,0,251.14004230010323,,,,,,,,,,,,,,,,,,,,,,,,,,,,,,,,,,,,,,,,,,,,,,,,,,,,,,,,,,,,,,,,,,,,,,,,,,,,,,,,,,,,,,,,,,,,,,251.1280998000875,251.14004230010323,251.14004230010323,251.14004230010323,251.3238188000396,None,,,,,,,,,,,,,,,,,,,,,,,,,,,,,,,,,,,,,,,,,,,,,,P9615,MIC_Bar,7,2,2026-05-07_16h48.09.629,MIC_task,,2026.1.2,60.29795630166393,2026-05-07 16h48.11.390147 +0200,
,,29,0,29,,,,,,,7,ty16,mágnes,magnet,9,toys,gadget,5.6,6,None,73,None,"(0.1, 0.1)",None,,,,,,,,,,,,,,0,0,0,0,0,22,22,22,29,0,29,0,251.3404683000408,,,,,,,,,,,,,,,,,,,,,,,,,,,,,,,,,,,,,,,,,,,,,,,,,,,,,,,,,,,,,,,,,,,,,,,,,,,,,,,,,,,,,,,,,,,,,,251.32687700004317,251.3404683000408,251.3404683000408,251.3404683000408,251.5253147999756,None,,,,,,,,,,,,,,,,,,,,,,,,,,,,,,,,,,,,,,,,,,,,,,P9615,MIC_Bar,7,2,2026-05-07_16h48.09.629,MIC_task,,2026.1.2,60.29795630166393,2026-05-07 16h48.11.390147 +0200,
,,30,0,30,,,,,,,7,ty16,mágnes,magnet,9,toys,gadget,5.6,6,None,73,None,"(0.1, 0.1)",None,,,,,,,,,,,,,,0,0,0,0,0,22,22,22,30,0,30,0,251.5407988000661,,,,,,,,,,,,,,,,,,,,,,,,,,,,,,,,,,,,,,,,,,,,,,,,,,,,,,,,,,,,,,,,,,,,,,,,,,,,,,,,,,,,,,,,,,,,,,251.52847050013952,251.5407988000661,251.5407988000661,251.5407988000661,251.72611510008574,None,,,,,,,,,,,,,,,,,,,,,,,,,,,,,,,,,,,,,,,,,,,,,,P9615,MIC_Bar,7,2,2026-05-07_16h48.09.629,MIC_task,,2026.1.2,60.29795630166393,2026-05-07 16h48.11.390147 +0200,
,,31,0,31,,,,,,,7,ty16,mágnes,magnet,9,toys,gadget,5.6,6,None,73,None,"(0.1, 0.1)",None,,,,,,,,,,,,,,0,0,0,0,0,22,22,22,31,0,31,0,251.74120600009337,,,,,,,,,,,,,,,,,,,,,,,,,,,,,,,,,,,,,,,,,,,,,,,,,,,,,,,,,,,,,,,,,,,,,,,,,,,,,,,,,,,,,,,,,,,,,,251.7292365001049,251.74120600009337,251.74120600009337,251.74120600009337,251.92504839994945,None,,,,,,,,,,,,,,,,,,,,,,,,,,,,,,,,,,,,,,,,,,,,,,P9615,MIC_Bar,7,2,2026-05-07_16h48.09.629,MIC_task,,2026.1.2,60.29795630166393,2026-05-07 16h48.11.390147 +0200,
,,32,0,32,,,,,,,7,ty16,mágnes,magnet,9,toys,gadget,5.6,6,None,73,None,"(0.1, 0.1)",None,,,,,,,,,,,,,,0,0,0,0,0,22,22,22,32,0,32,0,251.94156950013712,,,,,,,,,,,,,,,,,,,,,,,,,,,,,,,,,,,,,,,,,,,,,,,,,,,,,,,,,,,,,,,,,,,,,,,,,,,,,,,,,,,,,,,,,,,,,,251.92830749996938,251.94156950013712,251.94156950013712,251.94156950013712,252.12537170015275,None,,,,,,,,,,,,,,,,,,,,,,,,,,,,,,,,,,,,,,,,,,,,,,P9615,MIC_Bar,7,2,2026-05-07_16h48.09.629,MIC_task,,2026.1.2,60.29795630166393,2026-05-07 16h48.11.390147 +0200,
,,33,0,33,,,,,,,7,ty16,mágnes,magnet,9,toys,gadget,5.6,6,None,73,None,"(0.1, 0.1)",None,,,,,,,,,,,,,,0,0,0,0,0,22,22,22,33,0,33,0,252.14194749994203,,,,,,,,,,,,,,,,,,,,,,,,,,,,,,,,,,,,,,,,,,,,,,,,,,,,,,,,,,,,,,,,,,,,,,,,,,,,,,,,,,,,,,,,,,,,,,252.128448799951,252.14194749994203,252.14194749994203,252.14194749994203,252.32583550014533,None,,,,,,,,,,,,,,,,,,,,,,,,,,,,,,,,,,,,,,,,,,,,,,P9615,MIC_Bar,7,2,2026-05-07_16h48.09.629,MIC_task,,2026.1.2,60.29795630166393,2026-05-07 16h48.11.390147 +0200,
,,34,0,34,,,,,,,7,ty16,mágnes,magnet,9,toys,gadget,5.6,6,None,73,None,"(0.1, 0.1)",None,,,,,,,,,,,,,,0,0,0,0,0,22,22,22,34,0,34,0,252.34238820010796,,,,,,,,,,,,,,,,,,,,,,,,,,,,,,,,,,,,,,,,,,,,,,,,,,,,,,,,,,,,,,,,,,,,,,,,,,,,,,,,,,,,,,,,,,,,,,252.32933049998246,252.34238820010796,252.34238820010796,252.34238820010796,252.5261566999834,None,,,,,,,,,,,,,,,,,,,,,,,,,,,,,,,,,,,,,,,,,,,,,,P9615,MIC_Bar,7,2,2026-05-07_16h48.09.629,MIC_task,,2026.1.2,60.29795630166393,2026-05-07 16h48.11.390147 +0200,
,,35,0,35,,,,,,,7,ty16,mágnes,magnet,9,toys,gadget,5.6,6,None,73,None,"(0.1, 0.1)",None,,,,,,,,,,,,,,0,0,0,0,0,22,22,22,35,0,35,0,252.54274800000712,,,,,,,,,,,,,,,,,,,,,,,,,,,,,,,,,,,,,,,,,,,,,,,,,,,,,,,,,,,,,,,,,,,,,,,,,,,,,,,,,,,,,,,,,,,,,,252.52928350004368,252.54274800000712,252.54274800000712,252.54274800000712,252.7256624000147,None,,,,,,,,,,,,,,,,,,,,,,,,,,,,,,,,,,,,,,,,,,,,,,P9615,MIC_Bar,7,2,2026-05-07_16h48.09.629,MIC_task,,2026.1.2,60.29795630166393,2026-05-07 16h48.11.390147 +0200,
,,36,0,36,,,,,,,7,ty16,mágnes,magnet,9,toys,gadget,5.6,6,None,73,None,"(0.1, 0.1)",None,,,,,,,,,,,,,,0,0,0,0,0,22,22,22,36,0,36,0,252.74321530014277,,,,,,,,,,,,,,,,,,,,,,,,,,,,,,,,,,,,,,,,,,,,,,,,,,,,,,,,,,,,,,,,,,,,,,,,,,,,,,,,,,,,,,,,,,,,,,252.7287274999544,252.74321530014277,252.74321530014277,252.74321530014277,252.92693710001186,None,,,,,,,,,,,,,,,,,,,,,,,,,,,,,,,,,,,,,,,,,,,,,,P9615,MIC_Bar,7,2,2026-05-07_16h48.09.629,MIC_task,,2026.1.2,60.29795630166393,2026-05-07 16h48.11.390147 +0200,
,,37,0,37,,,,,,,7,ty16,mágnes,magnet,9,toys,gadget,5.6,6,None,73,None,"(0.1, 0.1)",None,,,,,,,,,,,,,,0,0,0,0,0,22,22,22,37,0,37,0,252.9435827000998,,,,,,,,,,,,,,,,,,,,,,,,,,,,,,,,,,,,,,,,,,,,,,,,,,,,,,,,,,,,,,,,,,,,,,,,,,,,,,,,,,,,,,,,,,,,,,252.92996580014005,252.9435827000998,252.9435827000998,252.9435827000998,253.12737320014276,None,,,,,,,,,,,,,,,,,,,,,,,,,,,,,,,,,,,,,,,,,,,,,,P9615,MIC_Bar,7,2,2026-05-07_16h48.09.629,MIC_task,,2026.1.2,60.29795630166393,2026-05-07 16h48.11.390147 +0200,
,,38,0,38,,,,,,,7,ty16,mágnes,magnet,9,toys,gadget,5.6,6,None,73,None,"(0.1, 0.1)",space,0.036086499923840165,None,,,,,,,,,,,,0,0,0,0,0,22,22,22,38,0,38,0,253.142972700065,,,,,,,,,,,,,,,,,,,,,,,,,,,,,,,,,,,,,,,,,,,,,,,,,,,,,,,,,,,,,,,,,,,,,,,,,,,,,,,,,,,,,,,,,,,,,,253.13048460008577,253.142972700065,253.142972700065,253.142972700065,253.19591660005972,space,0.036086499923840165,None,,,,,,,,,,,,,,,,,,,,,,,,,,,,,,,,,,,,,,,,,,,,P9615,MIC_Bar,7,2,2026-05-07_16h48.09.629,MIC_task,,2026.1.2,60.29795630166393,2026-05-07 16h48.11.390147 +0200,
,,22,22,0,,,,space,0.2741861001122743,None,7,ty16,mágnes,magnet,9,toys,gadget,5.6,6,None,73,None,"(0.1, 0.1)",,,,,,,,,,,,,,,0,0,0,0,0,22,22,22,,,,,,,,,,,,,,,,,,,,,,,,,,,,,,,,,,,,,,,,,,,,,,,,,,,,,,,,,,,,,,,,,,,,,,,,,,,,,,,,253.25531160016544,253.26224600011483,253.2615390666916,255.19638900016434,,,,,,257.19945039995946,257.217398900073,257.217398900073,257.50278430012986,,,,,,,,,,,,,,,255.22543300013058,255.23077010014094,255.22957433330208,257.1176185000222,257.19937749998644,space,0.2741861001122743,None,,,,,,,,,,,,,,,,,,,,,,,,,,,,,,,,,,,,P9615,MIC_Bar,7,2,2026-05-07_16h48.09.629,MIC_task,,2026.1.2,60.29795630166393,2026-05-07 16h48.11.390147 +0200,
,,0,0,0,,,,,,,7,c19,kalap,hat,3,clothes,headwear,6.8,10,29,None,None,"(0.1, 0.1)",None,,,,,,,,,,,,,,0,0,0,0,0,23,23,23,0,0,0,0,257.5170704999473,,,,,,,,,,,,,,,,,,,,,,,,,,,,,,,,,,,,,,,,,,,,,,,,,,,,,,,,,,,,,,,,,,,,,,,,,,,,,,,,,,,,,,,,,,,,,,257.5055583000649,257.5170704999473,257.5170704999473,257.5170704999473,257.70259779994376,None,,,,,,,,,,,257.71645630011335,257.71645630011335,257.71645630011335,,,,,,,,,,,,,,,,,,,,,,,,,,,,,,,,,P9615,MIC_Bar,7,2,2026-05-07_16h48.09.629,MIC_task,,2026.1.2,60.29795630166393,2026-05-07 16h48.11.390147 +0200,
,,0,0,0,,,,,,,7,c19,kalap,hat,3,clothes,headwear,6.8,10,29,None,None,"(0.1, 0.1)",None,,,,,,,,,,,,,,0,0,0,0,0,23,23,23,0,0,0,0,257.71645630011335,,,,,,,,,,,,,,,,,,,,,,,,,,,,,,,,,,,,,,,,,,,,,,,,,,,,,,,,,,,,,,,,,,,,,,,,,,,,,,,,,,,,,,,,,,,,,,257.7052144999616,257.71645630011335,257.71645630011335,257.71645630011335,257.901812300086,None,,,,,,,,,,,257.9168412000872,257.9168412000872,257.9168412000872,,,,,,,,,,,,,,,,,,,,,,,,,,,,,,,,,P9615,MIC_Bar,7,2,2026-05-07_16h48.09.629,MIC_task,,2026.1.2,60.29795630166393,2026-05-07 16h48.11.390147 +0200,
,,1,0,1,,,,,,,7,c19,kalap,hat,3,clothes,headwear,6.8,10,29,None,None,"(0.1, 0.1)",None,,,,,,,,,,,,,,0,0,0,0,0,23,23,23,1,0,1,0,257.9168412000872,,,,,,,,,,,,,,,,,,,,,,,,,,,,,,,,,,,,,,,,,,,,,,,,,,,,,,,,,,,,,,,,,,,,,,,,,,,,,,,,,,,,,,,,,,,,,,257.90473609999754,257.9168412000872,257.9168412000872,257.9168412000872,258.1026039000135,None,,,,,,,,,,,258.1173396001104,258.1173396001104,258.1173396001104,,,,,,,,,,,,,,,,,,,,,,,,,,,,,,,,,P9615,MIC_Bar,7,2,2026-05-07_16h48.09.629,MIC_task,,2026.1.2,60.29795630166393,2026-05-07 16h48.11.390147 +0200,
,,2,0,2,,,,,,,7,c19,kalap,hat,3,clothes,headwear,6.8,10,29,None,None,"(0.1, 0.1)",None,,,,,,,,,,,,,,0,0,0,0,0,23,23,23,2,0,2,0,258.1173396001104,,,,,,,,,,,,,,,,,,,,,,,,,,,,,,,,,,,,,,,,,,,,,,,,,,,,,,,,,,,,,,,,,,,,,,,,,,,,,,,,,,,,,,,,,,,,,,258.1054784001317,258.1173396001104,258.1173396001104,258.1173396001104,258.3023823001422,None,,,,,,,,,,,258.31762550002895,258.31762550002895,258.31762550002895,,,,,,,,,,,,,,,,,,,,,,,,,,,,,,,,,P9615,MIC_Bar,7,2,2026-05-07_16h48.09.629,MIC_task,,2026.1.2,60.29795630166393,2026-05-07 16h48.11.390147 +0200,
,,3,0,3,,,,,,,7,c19,kalap,hat,3,clothes,headwear,6.8,10,29,None,None,"(0.1, 0.1)",None,,,,,,,,,,,,,,0,0,0,0,0,23,23,23,3,0,3,0,258.31762550002895,,,,,,,,,,,,,,,,,,,,,,,,,,,,,,,,,,,,,,,,,,,,,,,,,,,,,,,,,,,,,,,,,,,,,,,,,,,,,,,,,,,,,,,,,,,,,,258.3052717000246,258.31762550002895,258.31762550002895,258.31762550002895,258.50193520006724,None,,,,,,,,,,,258.51803550007753,258.51803550007753,258.51803550007753,,,,,,,,,,,,,,,,,,,,,,,,,,,,,,,,,P9615,MIC_Bar,7,2,2026-05-07_16h48.09.629,MIC_task,,2026.1.2,60.29795630166393,2026-05-07 16h48.11.390147 +0200,
,,4,0,4,,,,,,,7,c19,kalap,hat,3,clothes,headwear,6.8,10,29,None,None,"(0.1, 0.1)",None,,,,,,,,,,,,,,0,0,0,0,0,23,23,23,4,0,4,0,258.51803550007753,,,,,,,,,,,,,,,,,,,,,,,,,,,,,,,,,,,,,,,,,,,,,,,,,,,,,,,,,,,,,,,,,,,,,,,,,,,,,,,,,,,,,,,,,,,,,,258.505222100066,258.51803550007753,258.51803550007753,258.51803550007753,258.70320089999586,None,,,,,,,,,,,,,,,,,,,,,,,,,,,,,,,,,,,,,,,,,,,,,,P9615,MIC_Bar,7,2,2026-05-07_16h48.09.629,MIC_task,,2026.1.2,60.29795630166393,2026-05-07 16h48.11.390147 +0200,
,,5,0,5,,,,,,,7,c19,kalap,hat,3,clothes,headwear,6.8,10,29,None,None,"(0.1, 0.1)",None,,,,,,,,,,,,,,0,0,0,0,0,23,23,23,5,0,5,0,258.7184367000591,,,,,,,,,,,,,,,,,,,,,,,,,,,,,,,,,,,,,,,,,,,,,,,,,,,,,,,,,,,,,,,,,,,,,,,,,,,,,,,,,,,,,,,,,,,,,,258.70610620011576,258.7184367000591,258.7184367000591,258.7184367000591,258.90266220015474,None,,,,,,,,,,,258.9187813999597,258.9187813999597,258.9187813999597,,,,,,,,,,,,,,,,,,,,,,,,,,,,,,,,,P9615,MIC_Bar,7,2,2026-05-07_16h48.09.629,MIC_task,,2026.1.2,60.29795630166393,2026-05-07 16h48.11.390147 +0200,
,,6,0,6,,,,,,,7,c19,kalap,hat,3,clothes,headwear,6.8,10,29,None,None,"(0.1, 0.1)",None,,,,,,,,,,,,,,0,0,0,0,0,23,23,23,6,0,6,0,258.9187813999597,,,,,,,,,,,,,,,,,,,,,,,,,,,,,,,,,,,,,,,,,,,,,,,,,,,,,,,,,,,,,,,,,,,,,,,,,,,,,,,,,,,,,,,,,,,,,,258.9053952000104,258.9187813999597,258.9187813999597,258.9187813999597,259.1030352001544,None,,,,,,,,,,,259.1192195999902,259.1192195999902,259.1192195999902,,,,,,,,,,,,,,,,,,,,,,,,,,,,,,,,,P9615,MIC_Bar,7,2,2026-05-07_16h48.09.629,MIC_task,,2026.1.2,60.29795630166393,2026-05-07 16h48.11.390147 +0200,
,,7,0,7,,,,,,,7,c19,kalap,hat,3,clothes,headwear,6.8,10,29,None,None,"(0.1, 0.1)",None,,,,,,,,,,,,,,0,0,0,0,0,23,23,23,7,0,7,0,259.1192195999902,,,,,,,,,,,,,,,,,,,,,,,,,,,,,,,,,,,,,,,,,,,,,,,,,,,,,,,,,,,,,,,,,,,,,,,,,,,,,,,,,,,,,,,,,,,,,,259.10603499994613,259.1192195999902,259.1192195999902,259.1192195999902,259.30292630009353,None,,,,,,,,,,,,,,,,,,,,,,,,,,,,,,,,,,,,,,,,,,,,,,P9615,MIC_Bar,7,2,2026-05-07_16h48.09.629,MIC_task,,2026.1.2,60.29795630166393,2026-05-07 16h48.11.390147 +0200,
,,8,0,8,,,,,,,7,c19,kalap,hat,3,clothes,headwear,6.8,10,29,None,None,"(0.1, 0.1)",None,,,,,,,,,,,,,,0,0,0,0,0,23,23,23,8,0,8,0,259.3195607000962,,,,,,,,,,,,,,,,,,,,,,,,,,,,,,,,,,,,,,,,,,,,,,,,,,,,,,,,,,,,,,,,,,,,,,,,,,,,,,,,,,,,,,,,,,,,,,259.30613679997623,259.3195607000962,259.3195607000962,259.3195607000962,259.5033642000053,None,,,,,,,,,,,,,,,,,,,,,,,,,,,,,,,,,,,,,,,,,,,,,,P9615,MIC_Bar,7,2,2026-05-07_16h48.09.629,MIC_task,,2026.1.2,60.29795630166393,2026-05-07 16h48.11.390147 +0200,
,,9,0,9,,,,,,,7,c19,kalap,hat,3,clothes,headwear,6.8,10,29,None,None,"(0.1, 0.1)",None,,,,,,,,,,,,,,0,0,0,0,0,23,23,23,9,0,9,0,259.52000509994105,,,,,,,,,,,,,,,,,,,,,,,,,,,,,,,,,,,,,,,,,,,,,,,,,,,,,,,,,,,,,,,,,,,,,,,,,,,,,,,,,,,,,,,,,,,,,,259.50631080009043,259.52000509994105,259.52000509994105,259.52000509994105,259.7037148999516,None,,,,,,,,,,,,,,,,,,,,,,,,,,,,,,,,,,,,,,,,,,,,,,P9615,MIC_Bar,7,2,2026-05-07_16h48.09.629,MIC_task,,2026.1.2,60.29795630166393,2026-05-07 16h48.11.390147 +0200,
,,10,0,10,,,,,,,7,c19,kalap,hat,3,clothes,headwear,6.8,10,29,None,None,"(0.1, 0.1)",None,,,,,,,,,,,,,,0,0,0,0,0,23,23,23,10,0,10,0,259.7203568001278,,,,,,,,,,,,,,,,,,,,,,,,,,,,,,,,,,,,,,,,,,,,,,,,,,,,,,,,,,,,,,,,,,,,,,,,,,,,,,,,,,,,,,,,,,,,,,259.70647900016047,259.7203568001278,259.7203568001278,259.7203568001278,259.90418810001574,None,,,,,,,,,,,,,,,,,,,,,,,,,,,,,,,,,,,,,,,,,,,,,,P9615,MIC_Bar,7,2,2026-05-07_16h48.09.629,MIC_task,,2026.1.2,60.29795630166393,2026-05-07 16h48.11.390147 +0200,
,,11,0,11,,,,,,,7,c19,kalap,hat,3,clothes,headwear,6.8,10,29,None,None,"(0.1, 0.1)",None,,,,,,,,,,,,,,0,0,0,0,0,23,23,23,11,0,11,0,259.9198362000752,,,,,,,,,,,,,,,,,,,,,,,,,,,,,,,,,,,,,,,,,,,,,,,,,,,,,,,,,,,,,,,,,,,,,,,,,,,,,,,,,,,,,,,,,,,,,,259.9071049001068,259.9198362000752,259.9198362000752,259.9198362000752,260.103620500071,None,,,,,,,,,,,,,,,,,,,,,,,,,,,,,,,,,,,,,,,,,,,,,,P9615,MIC_Bar,7,2,2026-05-07_16h48.09.629,MIC_task,,2026.1.2,60.29795630166393,2026-05-07 16h48.11.390147 +0200,
,,12,0,12,,,,,,,7,c19,kalap,hat,3,clothes,headwear,6.8,10,29,None,None,"(0.1, 0.1)",None,,,,,,,,,,,,,,0,0,0,0,0,23,23,23,12,0,12,0,260.1202525999397,,,,,,,,,,,,,,,,,,,,,,,,,,,,,,,,,,,,,,,,,,,,,,,,,,,,,,,,,,,,,,,,,,,,,,,,,,,,,,,,,,,,,,,,,,,,,,260.1063999000471,260.1202525999397,260.1202525999397,260.1202525999397,260.304977199994,None,,,,,,,,,,,,,,,,,,,,,,,,,,,,,,,,,,,,,,,,,,,,,,P9615,MIC_Bar,7,2,2026-05-07_16h48.09.629,MIC_task,,2026.1.2,60.29795630166393,2026-05-07 16h48.11.390147 +0200,
,,13,0,13,,,,,,,7,c19,kalap,hat,3,clothes,headwear,6.8,10,29,None,None,"(0.1, 0.1)",None,,,,,,,,,,,,,,0,0,0,0,0,23,23,23,13,0,13,0,260.3206267999485,,,,,,,,,,,,,,,,,,,,,,,,,,,,,,,,,,,,,,,,,,,,,,,,,,,,,,,,,,,,,,,,,,,,,,,,,,,,,,,,,,,,,,,,,,,,,,260.3081426001154,260.3206267999485,260.3206267999485,260.3206267999485,260.504374000011,None,,,,,,,,,,,,,,,,,,,,,,,,,,,,,,,,,,,,,,,,,,,,,,P9615,MIC_Bar,7,2,2026-05-07_16h48.09.629,MIC_task,,2026.1.2,60.29795630166393,2026-05-07 16h48.11.390147 +0200,
,,14,0,14,,,,,,,7,c19,kalap,hat,3,clothes,headwear,6.8,10,29,None,None,"(0.1, 0.1)",None,,,,,,,,,,,,,,0,0,0,0,0,23,23,23,14,0,14,0,260.5210351999849,,,,,,,,,,,,,,,,,,,,,,,,,,,,,,,,,,,,,,,,,,,,,,,,,,,,,,,,,,,,,,,,,,,,,,,,,,,,,,,,,,,,,,,,,,,,,,260.5072157001123,260.5210351999849,260.5210351999849,260.5210351999849,260.7048198999837,None,,,,,,,,,,,,,,,,,,,,,,,,,,,,,,,,,,,,,,,,,,,,,,P9615,MIC_Bar,7,2,2026-05-07_16h48.09.629,MIC_task,,2026.1.2,60.29795630166393,2026-05-07 16h48.11.390147 +0200,
,,15,0,15,,,,,,,7,c19,kalap,hat,3,clothes,headwear,6.8,10,29,None,None,"(0.1, 0.1)",None,,,,,,,,,,,,,,0,0,0,0,0,23,23,23,15,0,15,0,260.72142960014753,,,,,,,,,,,,,,,,,,,,,,,,,,,,,,,,,,,,,,,,,,,,,,,,,,,,,,,,,,,,,,,,,,,,,,,,,,,,,,,,,,,,,,,,,,,,,,260.70779619994573,260.72142960014753,260.72142960014753,260.72142960014753,260.9051802000031,None,,,,,,,,,,,,,,,,,,,,,,,,,,,,,,,,,,,,,,,,,,,,,,P9615,MIC_Bar,7,2,2026-05-07_16h48.09.629,MIC_task,,2026.1.2,60.29795630166393,2026-05-07 16h48.11.390147 +0200,
,,16,0,16,,,,,,,7,c19,kalap,hat,3,clothes,headwear,6.8,10,29,None,None,"(0.1, 0.1)",None,,,,,,,,,,,,,,0,0,0,0,0,23,23,23,16,0,16,0,260.92175980005413,,,,,,,,,,,,,,,,,,,,,,,,,,,,,,,,,,,,,,,,,,,,,,,,,,,,,,,,,,,,,,,,,,,,,,,,,,,,,,,,,,,,,,,,,,,,,,260.90808250010014,260.92175980005413,260.92175980005413,260.92175980005413,261.1055946999695,None,,,,,,,,,,,,,,,,,,,,,,,,,,,,,,,,,,,,,,,,,,,,,,P9615,MIC_Bar,7,2,2026-05-07_16h48.09.629,MIC_task,,2026.1.2,60.29795630166393,2026-05-07 16h48.11.390147 +0200,
,,17,0,17,,,,,,,7,c19,kalap,hat,3,clothes,headwear,6.8,10,29,None,None,"(0.1, 0.1)",None,,,,,,,,,,,,,,0,0,0,0,0,23,23,23,17,0,17,0,261.12209210009314,,,,,,,,,,,,,,,,,,,,,,,,,,,,,,,,,,,,,,,,,,,,,,,,,,,,,,,,,,,,,,,,,,,,,,,,,,,,,,,,,,,,,,,,,,,,,,261.10868820012547,261.12209210009314,261.12209210009314,261.12209210009314,261.3058987001423,None,,,,,,,,,,,,,,,,,,,,,,,,,,,,,,,,,,,,,,,,,,,,,,P9615,MIC_Bar,7,2,2026-05-07_16h48.09.629,MIC_task,,2026.1.2,60.29795630166393,2026-05-07 16h48.11.390147 +0200,
,,18,0,18,,,,,,,7,c19,kalap,hat,3,clothes,headwear,6.8,10,29,None,None,"(0.1, 0.1)",None,,,,,,,,,,,,,,0,0,0,0,0,23,23,23,18,0,18,0,261.3224806000944,,,,,,,,,,,,,,,,,,,,,,,,,,,,,,,,,,,,,,,,,,,,,,,,,,,,,,,,,,,,,,,,,,,,,,,,,,,,,,,,,,,,,,,,,,,,,,261.3087294001598,261.3224806000944,261.3224806000944,261.3224806000944,261.5062780000735,None,,,,,,,,,,,,,,,,,,,,,,,,,,,,,,,,,,,,,,,,,,,,,,P9615,MIC_Bar,7,2,2026-05-07_16h48.09.629,MIC_task,,2026.1.2,60.29795630166393,2026-05-07 16h48.11.390147 +0200,
,,19,0,19,,,,,,,7,c19,kalap,hat,3,clothes,headwear,6.8,10,29,None,None,"(0.1, 0.1)",None,,,,,,,,,,,,,,0,0,0,0,0,23,23,23,19,0,19,0,261.5228758000303,,,,,,,,,,,,,,,,,,,,,,,,,,,,,,,,,,,,,,,,,,,,,,,,,,,,,,,,,,,,,,,,,,,,,,,,,,,,,,,,,,,,,,,,,,,,,,261.50901160016656,261.5228758000303,261.5228758000303,261.5228758000303,261.70673490012996,None,,,,,,,,,,,,,,,,,,,,,,,,,,,,,,,,,,,,,,,,,,,,,,P9615,MIC_Bar,7,2,2026-05-07_16h48.09.629,MIC_task,,2026.1.2,60.29795630166393,2026-05-07 16h48.11.390147 +0200,
,,20,0,20,,,,,,,7,c19,kalap,hat,3,clothes,headwear,6.8,10,29,None,None,"(0.1, 0.1)",None,,,,,,,,,,,,,,0,0,0,0,0,23,23,23,20,0,20,0,261.7233579000458,,,,,,,,,,,,,,,,,,,,,,,,,,,,,,,,,,,,,,,,,,,,,,,,,,,,,,,,,,,,,,,,,,,,,,,,,,,,,,,,,,,,,,,,,,,,,,261.70950839994475,261.7233579000458,261.7233579000458,261.7233579000458,261.908524800092,None,,,,,,,,,,,,,,,,,,,,,,,,,,,,,,,,,,,,,,,,,,,,,,P9615,MIC_Bar,7,2,2026-05-07_16h48.09.629,MIC_task,,2026.1.2,60.29795630166393,2026-05-07 16h48.11.390147 +0200,
,,21,0,21,,,,,,,7,c19,kalap,hat,3,clothes,headwear,6.8,10,29,None,None,"(0.1, 0.1)",None,,,,,,,,,,,,,,0,0,0,0,0,23,23,23,21,0,21,0,261.92369890003465,,,,,,,,,,,,,,,,,,,,,,,,,,,,,,,,,,,,,,,,,,,,,,,,,,,,,,,,,,,,,,,,,,,,,,,,,,,,,,,,,,,,,,,,,,,,,,261.9112833000254,261.92369890003465,261.92369890003465,261.92369890003465,262.1065221000463,None,,,,,,,,,,,,,,,,,,,,,,,,,,,,,,,,,,,,,,,,,,,,,,P9615,MIC_Bar,7,2,2026-05-07_16h48.09.629,MIC_task,,2026.1.2,60.29795630166393,2026-05-07 16h48.11.390147 +0200,
,,22,0,22,,,,,,,7,c19,kalap,hat,3,clothes,headwear,6.8,10,29,None,None,"(0.1, 0.1)",None,,,,,,,,,,,,,,0,0,0,0,0,23,23,23,22,0,22,0,262.1241393999662,,,,,,,,,,,,,,,,,,,,,,,,,,,,,,,,,,,,,,,,,,,,,,,,,,,,,,,,,,,,,,,,,,,,,,,,,,,,,,,,,,,,,,,,,,,,,,262.1096200000029,262.1241393999662,262.1241393999662,262.1241393999662,262.307889000047,None,,,,,,,,,,,,,,,,,,,,,,,,,,,,,,,,,,,,,,,,,,,,,,P9615,MIC_Bar,7,2,2026-05-07_16h48.09.629,MIC_task,,2026.1.2,60.29795630166393,2026-05-07 16h48.11.390147 +0200,
,,23,0,23,,,,,,,7,c19,kalap,hat,3,clothes,headwear,6.8,10,29,None,None,"(0.1, 0.1)",None,,,,,,,,,,,,,,0,0,0,0,0,23,23,23,23,0,23,0,262.32355040009134,,,,,,,,,,,,,,,,,,,,,,,,,,,,,,,,,,,,,,,,,,,,,,,,,,,,,,,,,,,,,,,,,,,,,,,,,,,,,,,,,,,,,,,,,,,,,,262.3109222999774,262.32355040009134,262.32355040009134,262.32355040009134,262.50829589995556,None,,,,,,,,,,,,,,,,,,,,,,,,,,,,,,,,,,,,,,,,,,,,,,P9615,MIC_Bar,7,2,2026-05-07_16h48.09.629,MIC_task,,2026.1.2,60.29795630166393,2026-05-07 16h48.11.390147 +0200,
,,24,0,24,,,,,,,7,c19,kalap,hat,3,clothes,headwear,6.8,10,29,None,None,"(0.1, 0.1)",None,,,,,,,,,,,,,,0,0,0,0,0,23,23,23,24,0,24,0,262.5239051999524,,,,,,,,,,,,,,,,,,,,,,,,,,,,,,,,,,,,,,,,,,,,,,,,,,,,,,,,,,,,,,,,,,,,,,,,,,,,,,,,,,,,,,,,,,,,,,262.51170290005393,262.5239051999524,262.5239051999524,262.5239051999524,262.7077275000047,None,,,,,,,,,,,,,,,,,,,,,,,,,,,,,,,,,,,,,,,,,,,,,,P9615,MIC_Bar,7,2,2026-05-07_16h48.09.629,MIC_task,,2026.1.2,60.29795630166393,2026-05-07 16h48.11.390147 +0200,
,,25,0,25,,,,,,,7,c19,kalap,hat,3,clothes,headwear,6.8,10,29,None,None,"(0.1, 0.1)",None,,,,,,,,,,,,,,0,0,0,0,0,23,23,23,25,0,25,0,262.72437670012005,,,,,,,,,,,,,,,,,,,,,,,,,,,,,,,,,,,,,,,,,,,,,,,,,,,,,,,,,,,,,,,,,,,,,,,,,,,,,,,,,,,,,,,,,,,,,,262.710637900047,262.72437670012005,262.72437670012005,262.72437670012005,262.90809460007586,None,,,,,,,,,,,,,,,,,,,,,,,,,,,,,,,,,,,,,,,,,,,,,,P9615,MIC_Bar,7,2,2026-05-07_16h48.09.629,MIC_task,,2026.1.2,60.29795630166393,2026-05-07 16h48.11.390147 +0200,
,,26,0,26,,,,,,,7,c19,kalap,hat,3,clothes,headwear,6.8,10,29,None,None,"(0.1, 0.1)",None,,,,,,,,,,,,,,0,0,0,0,0,23,23,23,26,0,26,0,262.92476900015026,,,,,,,,,,,,,,,,,,,,,,,,,,,,,,,,,,,,,,,,,,,,,,,,,,,,,,,,,,,,,,,,,,,,,,,,,,,,,,,,,,,,,,,,,,,,,,262.91078809998,262.92476900015026,262.92476900015026,262.92476900015026,263.1084573001135,None,,,,,,,,,,,,,,,,,,,,,,,,,,,,,,,,,,,,,,,,,,,,,,P9615,MIC_Bar,7,2,2026-05-07_16h48.09.629,MIC_task,,2026.1.2,60.29795630166393,2026-05-07 16h48.11.390147 +0200,
,,27,0,27,,,,,,,7,c19,kalap,hat,3,clothes,headwear,6.8,10,29,None,None,"(0.1, 0.1)",None,,,,,,,,,,,,,,0,0,0,0,0,23,23,23,27,0,27,0,263.1251697000116,,,,,,,,,,,,,,,,,,,,,,,,,,,,,,,,,,,,,,,,,,,,,,,,,,,,,,,,,,,,,,,,,,,,,,,,,,,,,,,,,,,,,,,,,,,,,,263.111293700058,263.1251697000116,263.1251697000116,263.1251697000116,263.31029690010473,None,,,,,,,,,,,,,,,,,,,,,,,,,,,,,,,,,,,,,,,,,,,,,,P9615,MIC_Bar,7,2,2026-05-07_16h48.09.629,MIC_task,,2026.1.2,60.29795630166393,2026-05-07 16h48.11.390147 +0200,
,,28,0,28,,,,,,,7,c19,kalap,hat,3,clothes,headwear,6.8,10,29,None,None,"(0.1, 0.1)",None,,,,,,,,,,,,,,0,0,0,0,0,23,23,23,28,0,28,0,263.32546520000324,,,,,,,,,,,,,,,,,,,,,,,,,,,,,,,,,,,,,,,,,,,,,,,,,,,,,,,,,,,,,,,,,,,,,,,,,,,,,,,,,,,,,,,,,,,,,,263.313474799972,263.32546520000324,263.32546520000324,263.32546520000324,263.5105377000291,None,,,,,,,,,,,,,,,,,,,,,,,,,,,,,,,,,,,,,,,,,,,,,,P9615,MIC_Bar,7,2,2026-05-07_16h48.09.629,MIC_task,,2026.1.2,60.29795630166393,2026-05-07 16h48.11.390147 +0200,
,,29,0,29,,,,,,,7,c19,kalap,hat,3,clothes,headwear,6.8,10,29,None,None,"(0.1, 0.1)",None,,,,,,,,,,,,,,0,0,0,0,0,23,23,23,29,0,29,0,263.52587709994987,,,,,,,,,,,,,,,,,,,,,,,,,,,,,,,,,,,,,,,,,,,,,,,,,,,,,,,,,,,,,,,,,,,,,,,,,,,,,,,,,,,,,,,,,,,,,,263.51375170005485,263.52587709994987,263.52587709994987,263.52587709994987,263.7096460000612,None,,,,,,,,,,,,,,,,,,,,,,,,,,,,,,,,,,,,,,,,,,,,,,P9615,MIC_Bar,7,2,2026-05-07_16h48.09.629,MIC_task,,2026.1.2,60.29795630166393,2026-05-07 16h48.11.390147 +0200,
,,30,0,30,,,,,,,7,c19,kalap,hat,3,clothes,headwear,6.8,10,29,None,None,"(0.1, 0.1)",space,0.10223610000684857,None,,,,,,,,,,,,0,0,0,0,0,23,23,23,30,0,30,0,263.72619029995985,,,,,,,,,,,,,,,,,,,,,,,,,,,,,,,,,,,,,,,,,,,,,,,,,,,,,,,,,,,,,,,,,,,,,,,,,,,,,,,,,,,,,,,,,,,,,,263.71263910015114,263.72619029995985,263.72619029995985,263.72619029995985,263.8452022001147,space,0.10223610000684857,None,,,,,,,,,,,,,,,,,,,,,,,,,,,,,,,,,,,,,,,,,,,,P9615,MIC_Bar,7,2,2026-05-07_16h48.09.629,MIC_task,,2026.1.2,60.29795630166393,2026-05-07 16h48.11.390147 +0200,
,,23,23,0,,,,space,0.16076870006509125,None,7,c19,kalap,hat,3,clothes,headwear,6.8,10,29,None,None,"(0.1, 0.1)",,,,,,,,,,,,,,,0,0,0,0,0,23,23,23,,,,,,,,,,,,,,,,,,,,,,,,,,,,,,,,,,,,,,,,,,,,,,,,,,,,,,,,,,,,,,,,,,,,,,,,,,,,,,,,263.9019162999466,263.90661179996096,263.91074656673396,265.8473429000005,,,,,,267.8488589001354,267.8668258001562,267.8668258001562,268.0333428999875,,,,,,,,,,,,,,,265.87407990009524,265.8791296000127,265.8805360334304,267.76654880004935,267.84880260005593,space,0.16076870006509125,None,,,,,,,,,,,,,,,,,,,,,,,,,,,,,,,,,,,,P9615,MIC_Bar,7,2,2026-05-07_16h48.09.629,MIC_task,,2026.1.2,60.29795630166393,2026-05-07 16h48.11.390147 +0200,
,,0,0,0,,,,,,,7,pl03,kukorica,corn,7,plants,field,4.8,76,None,115,None,"(0, 0.1)",None,,,,,,,,,,,,,,0,0,0,0,0,24,24,24,0,0,0,0,268.04906270001084,,,,,,,,,,,,,,,,,,,,,,,,,,,,,,,,,,,,,,,,,,,,,,,,,,,,,,,,,,,,,,,,,,,,,,,,,,,,,,,,,,,,,,,,,,,,,,268.03674939996563,268.04906270001084,268.04906270001084,268.04906270001084,268.2341128999833,None,,,,,,,,,,,,,,,,,,,,,,,,,,,,,,,,,,,,,,,,,,,,,,P9615,MIC_Bar,7,2,2026-05-07_16h48.09.629,MIC_task,,2026.1.2,60.29795630166393,2026-05-07 16h48.11.390147 +0200,
,,0,0,0,,,,,,,7,pl03,kukorica,corn,7,plants,field,4.8,76,None,115,None,"(0, 0.1)",None,,,,,,,,,,,,,,0,0,0,0,0,24,24,24,0,0,0,0,268.2495089001022,,,,,,,,,,,,,,,,,,,,,,,,,,,,,,,,,,,,,,,,,,,,,,,,,,,,,,,,,,,,,,,,,,,,,,,,,,,,,,,,,,,,,,,,,,,,,,268.2368860000279,268.2495089001022,268.2495089001022,268.2495089001022,268.4345112000592,None,,,,,,,,,,,,,,,,,,,,,,,,,,,,,,,,,,,,,,,,,,,,,,P9615,MIC_Bar,7,2,2026-05-07_16h48.09.629,MIC_task,,2026.1.2,60.29795630166393,2026-05-07 16h48.11.390147 +0200,
,,1,0,1,,,,,,,7,pl03,kukorica,corn,7,plants,field,4.8,76,None,115,None,"(0, 0.1)",None,,,,,,,,,,,,,,0,0,0,0,0,24,24,24,1,0,1,0,268.449787999969,,,,,,,,,,,,,,,,,,,,,,,,,,,,,,,,,,,,,,,,,,,,,,,,,,,,,,,,,,,,,,,,,,,,,,,,,,,,,,,,,,,,,,,,,,,,,,268.43749030004255,268.449787999969,268.449787999969,268.449787999969,268.6336632000748,None,,,,,,,,,,,,,,,,,,,,,,,,,,,,,,,,,,,,,,,,,,,,,,P9615,MIC_Bar,7,2,2026-05-07_16h48.09.629,MIC_task,,2026.1.2,60.29795630166393,2026-05-07 16h48.11.390147 +0200,
,,2,0,2,,,,,,,7,pl03,kukorica,corn,7,plants,field,4.8,76,None,115,None,"(0, 0.1)",None,,,,,,,,,,,,,,0,0,0,0,0,24,24,24,2,0,2,0,268.65016030007973,,,,,,,,,,,,,,,,,,,,,,,,,,,,,,,,,,,,,,,,,,,,,,,,,,,,,,,,,,,,,,,,,,,,,,,,,,,,,,,,,,,,,,,,,,,,,,268.63696190016344,268.65016030007973,268.65016030007973,268.65016030007973,268.8340424001217,None,,,,,,,,,,,,,,,,,,,,,,,,,,,,,,,,,,,,,,,,,,,,,,P9615,MIC_Bar,7,2,2026-05-07_16h48.09.629,MIC_task,,2026.1.2,60.29795630166393,2026-05-07 16h48.11.390147 +0200,
,,3,0,3,,,,,,,7,pl03,kukorica,corn,7,plants,field,4.8,76,None,115,None,"(0, 0.1)",None,,,,,,,,,,,,,,0,0,0,0,0,24,24,24,3,0,3,0,268.85058590001427,,,,,,,,,,,,,,,,,,,,,,,,,,,,,,,,,,,,,,,,,,,,,,,,,,,,,,,,,,,,,,,,,,,,,,,,,,,,,,,,,,,,,,,,,,,,,,268.8370652999729,268.85058590001427,268.85058590001427,268.85058590001427,269.0344392999541,None,,,,,,,,,,,,,,,,,,,,,,,,,,,,,,,,,,,,,,,,,,,,,,P9615,MIC_Bar,7,2,2026-05-07_16h48.09.629,MIC_task,,2026.1.2,60.29795630166393,2026-05-07 16h48.11.390147 +0200,
,,4,0,4,,,,,,,7,pl03,kukorica,corn,7,plants,field,4.8,76,None,115,None,"(0, 0.1)",None,,,,,,,,,,,,,,0,0,0,0,0,24,24,24,4,0,4,0,269.05092990002595,,,,,,,,,,,,,,,,,,,,,,,,,,,,,,,,,,,,,,,,,,,,,,,,,,,,,,,,,,,,,,,,,,,,,,,,,,,,,,,,,,,,,,,,,,,,,,269.0373422000557,269.05092990002595,269.05092990002595,269.05092990002595,269.2347318001557,None,,,,,,,,,,,,,,,,,,,,,,,,,,,,,,,,,,,,,,,,,,,,,,P9615,MIC_Bar,7,2,2026-05-07_16h48.09.629,MIC_task,,2026.1.2,60.29795630166393,2026-05-07 16h48.11.390147 +0200,
,,5,0,5,,,,,,,7,pl03,kukorica,corn,7,plants,field,4.8,76,None,115,None,"(0, 0.1)",None,,,,,,,,,,,,,,0,0,0,0,0,24,24,24,5,0,5,0,269.251330900006,,,,,,,,,,,,,,,,,,,,,,,,,,,,,,,,,,,,,,,,,,,,,,,,,,,,,,,,,,,,,,,,,,,,,,,,,,,,,,,,,,,,,,,,,,,,,,269.23781260009855,269.251330900006,269.251330900006,269.251330900006,269.43650100007653,None,,,,,,,,,,,,,,,,,,,,,,,,,,,,,,,,,,,,,,,,,,,,,,P9615,MIC_Bar,7,2,2026-05-07_16h48.09.629,MIC_task,,2026.1.2,60.29795630166393,2026-05-07 16h48.11.390147 +0200,
,,6,0,6,,,,,,,7,pl03,kukorica,corn,7,plants,field,4.8,76,None,115,None,"(0, 0.1)",None,,,,,,,,,,,,,,0,0,0,0,0,24,24,24,6,0,6,0,269.45171839999966,,,,,,,,,,,,,,,,,,,,,,,,,,,,,,,,,,,,,,,,,,,,,,,,,,,,,,,,,,,,,,,,,,,,,,,,,,,,,,,,,,,,,,,,,,,,,,269.4395041000098,269.45171839999966,269.45171839999966,269.45171839999966,269.6354925001506,None,,,,,,,,,,,,,,,,,,,,,,,,,,,,,,,,,,,,,,,,,,,,,,P9615,MIC_Bar,7,2,2026-05-07_16h48.09.629,MIC_task,,2026.1.2,60.29795630166393,2026-05-07 16h48.11.390147 +0200,
,,7,0,7,,,,,,,7,pl03,kukorica,corn,7,plants,field,4.8,76,None,115,None,"(0, 0.1)",None,,,,,,,,,,,,,,0,0,0,0,0,24,24,24,7,0,7,0,269.65214619995095,,,,,,,,,,,,,,,,,,,,,,,,,,,,,,,,,,,,,,,,,,,,,,,,,,,,,,,,,,,,,,,,,,,,,,,,,,,,,,,,,,,,,,,,,,,,,,269.63852869998664,269.65214619995095,269.65214619995095,269.65214619995095,269.83592370012775,None,,,,,,,,,,,,,,,,,,,,,,,,,,,,,,,,,,,,,,,,,,,,,,P9615,MIC_Bar,7,2,2026-05-07_16h48.09.629,MIC_task,,2026.1.2,60.29795630166393,2026-05-07 16h48.11.390147 +0200,
,,8,0,8,,,,,,,7,pl03,kukorica,corn,7,plants,field,4.8,76,None,115,None,"(0, 0.1)",None,,,,,,,,,,,,,,0,0,0,0,0,24,24,24,8,0,8,0,269.8525863001123,,,,,,,,,,,,,,,,,,,,,,,,,,,,,,,,,,,,,,,,,,,,,,,,,,,,,,,,,,,,,,,,,,,,,,,,,,,,,,,,,,,,,,,,,,,,,,269.83928970014676,269.8525863001123,269.8525863001123,269.8525863001123,270.03545140009373,None,,,,,,,,,,,,,,,,,,,,,,,,,,,,,,,,,,,,,,,,,,,,,,P9615,MIC_Bar,7,2,2026-05-07_16h48.09.629,MIC_task,,2026.1.2,60.29795630166393,2026-05-07 16h48.11.390147 +0200,
,,9,0,9,,,,,,,7,pl03,kukorica,corn,7,plants,field,4.8,76,None,115,None,"(0, 0.1)",None,,,,,,,,,,,,,,0,0,0,0,0,24,24,24,9,0,9,0,270.05204680003226,,,,,,,,,,,,,,,,,,,,,,,,,,,,,,,,,,,,,,,,,,,,,,,,,,,,,,,,,,,,,,,,,,,,,,,,,,,,,,,,,,,,,,,,,,,,,,270.03865380003117,270.05204680003226,270.05204680003226,270.05204680003226,270.23574250005186,None,,,,,,,,,,,,,,,,,,,,,,,,,,,,,,,,,,,,,,,,,,,,,,P9615,MIC_Bar,7,2,2026-05-07_16h48.09.629,MIC_task,,2026.1.2,60.29795630166393,2026-05-07 16h48.11.390147 +0200,
,,10,0,10,,,,,,,7,pl03,kukorica,corn,7,plants,field,4.8,76,None,115,None,"(0, 0.1)",None,,,,,,,,,,,,,,0,0,0,0,0,24,24,24,10,0,10,0,270.2523575001396,,,,,,,,,,,,,,,,,,,,,,,,,,,,,,,,,,,,,,,,,,,,,,,,,,,,,,,,,,,,,,,,,,,,,,,,,,,,,,,,,,,,,,,,,,,,,,270.2386398999952,270.2523575001396,270.2523575001396,270.2523575001396,270.43616169993766,None,,,,,,,,,,,,,,,,,,,,,,,,,,,,,,,,,,,,,,,,,,,,,,P9615,MIC_Bar,7,2,2026-05-07_16h48.09.629,MIC_task,,2026.1.2,60.29795630166393,2026-05-07 16h48.11.390147 +0200,
,,11,0,11,,,,,,,7,pl03,kukorica,corn,7,plants,field,4.8,76,None,115,None,"(0, 0.1)",None,,,,,,,,,,,,,,0,0,0,0,0,24,24,24,11,0,11,0,270.4527980000712,,,,,,,,,,,,,,,,,,,,,,,,,,,,,,,,,,,,,,,,,,,,,,,,,,,,,,,,,,,,,,,,,,,,,,,,,,,,,,,,,,,,,,,,,,,,,,270.4392498000525,270.4527980000712,270.4527980000712,270.4527980000712,270.63791629998013,None,,,,,,,,,,,,,,,,,,,,,,,,,,,,,,,,,,,,,,,,,,,,,,P9615,MIC_Bar,7,2,2026-05-07_16h48.09.629,MIC_task,,2026.1.2,60.29795630166393,2026-05-07 16h48.11.390147 +0200,
,,12,0,12,,,,,,,7,pl03,kukorica,corn,7,plants,field,4.8,76,None,115,None,"(0, 0.1)",None,,,,,,,,,,,,,,0,0,0,0,0,24,24,24,12,0,12,0,270.6531271999702,,,,,,,,,,,,,,,,,,,,,,,,,,,,,,,,,,,,,,,,,,,,,,,,,,,,,,,,,,,,,,,,,,,,,,,,,,,,,,,,,,,,,,,,,,,,,,270.64096900005825,270.6531271999702,270.6531271999702,270.6531271999702,270.836930999998,None,,,,,,,,,,,,,,,,,,,,,,,,,,,,,,,,,,,,,,,,,,,,,,P9615,MIC_Bar,7,2,2026-05-07_16h48.09.629,MIC_task,,2026.1.2,60.29795630166393,2026-05-07 16h48.11.390147 +0200,
,,13,0,13,,,,,,,7,pl03,kukorica,corn,7,plants,field,4.8,76,None,115,None,"(0, 0.1)",None,,,,,,,,,,,,,,0,0,0,0,0,24,24,24,13,0,13,0,270.8536474001594,,,,,,,,,,,,,,,,,,,,,,,,,,,,,,,,,,,,,,,,,,,,,,,,,,,,,,,,,,,,,,,,,,,,,,,,,,,,,,,,,,,,,,,,,,,,,,270.8397868000902,270.8536474001594,270.8536474001594,270.8536474001594,271.03728700010106,None,,,,,,,,,,,,,,,,,,,,,,,,,,,,,,,,,,,,,,,,,,,,,,P9615,MIC_Bar,7,2,2026-05-07_16h48.09.629,MIC_task,,2026.1.2,60.29795630166393,2026-05-07 16h48.11.390147 +0200,
,,14,0,14,,,,,,,7,pl03,kukorica,corn,7,plants,field,4.8,76,None,115,None,"(0, 0.1)",None,,,,,,,,,,,,,,0,0,0,0,0,24,24,24,14,0,14,0,271.05386049998924,,,,,,,,,,,,,,,,,,,,,,,,,,,,,,,,,,,,,,,,,,,,,,,,,,,,,,,,,,,,,,,,,,,,,,,,,,,,,,,,,,,,,,,,,,,,,,271.0402762000449,271.05386049998924,271.05386049998924,271.05386049998924,271.23910240014084,None,,,,,,,,,,,,,,,,,,,,,,,,,,,,,,,,,,,,,,,,,,,,,,P9615,MIC_Bar,7,2,2026-05-07_16h48.09.629,MIC_task,,2026.1.2,60.29795630166393,2026-05-07 16h48.11.390147 +0200,
,,15,0,15,,,,,,,7,pl03,kukorica,corn,7,plants,field,4.8,76,None,115,None,"(0, 0.1)",None,,,,,,,,,,,,,,0,0,0,0,0,24,24,24,15,0,15,0,271.25430170004256,,,,,,,,,,,,,,,,,,,,,,,,,,,,,,,,,,,,,,,,,,,,,,,,,,,,,,,,,,,,,,,,,,,,,,,,,,,,,,,,,,,,,,,,,,,,,,271.2422420999501,271.25430170004256,271.25430170004256,271.25430170004256,271.43956460012123,None,,,,,,,,,,,,,,,,,,,,,,,,,,,,,,,,,,,,,,,,,,,,,,P9615,MIC_Bar,7,2,2026-05-07_16h48.09.629,MIC_task,,2026.1.2,60.29795630166393,2026-05-07 16h48.11.390147 +0200,
,,16,0,16,,,,,,,7,pl03,kukorica,corn,7,plants,field,4.8,76,None,115,None,"(0, 0.1)",None,,,,,,,,,,,,,,0,0,0,0,0,24,24,24,16,0,16,0,271.4546450001653,,,,,,,,,,,,,,,,,,,,,,,,,,,,,,,,,,,,,,,,,,,,,,,,,,,,,,,,,,,,,,,,,,,,,,,,,,,,,,,,,,,,,,,,,,,,,,271.44263659999706,271.4546450001653,271.4546450001653,271.4546450001653,271.6384473000653,None,,,,,,,,,,,,,,,,,,,,,,,,,,,,,,,,,,,,,,,,,,,,,,P9615,MIC_Bar,7,2,2026-05-07_16h48.09.629,MIC_task,,2026.1.2,60.29795630166393,2026-05-07 16h48.11.390147 +0200,
,,17,0,17,,,,,,,7,pl03,kukorica,corn,7,plants,field,4.8,76,None,115,None,"(0, 0.1)",None,,,,,,,,,,,,,,0,0,0,0,0,24,24,24,17,0,17,0,271.6550998000894,,,,,,,,,,,,,,,,,,,,,,,,,,,,,,,,,,,,,,,,,,,,,,,,,,,,,,,,,,,,,,,,,,,,,,,,,,,,,,,,,,,,,,,,,,,,,,271.6415810000617,271.6550998000894,271.6550998000894,271.6550998000894,271.83887060009874,None,,,,,,,,,,,,,,,,,,,,,,,,,,,,,,,,,,,,,,,,,,,,,,P9615,MIC_Bar,7,2,2026-05-07_16h48.09.629,MIC_task,,2026.1.2,60.29795630166393,2026-05-07 16h48.11.390147 +0200,
,,18,0,18,,,,,,,7,pl03,kukorica,corn,7,plants,field,4.8,76,None,115,None,"(0, 0.1)",None,,,,,,,,,,,,,,0,0,0,0,0,24,24,24,18,0,18,0,271.85547790001146,,,,,,,,,,,,,,,,,,,,,,,,,,,,,,,,,,,,,,,,,,,,,,,,,,,,,,,,,,,,,,,,,,,,,,,,,,,,,,,,,,,,,,,,,,,,,,271.84194110007957,271.85547790001146,271.85547790001146,271.85547790001146,272.0406043000985,None,,,,,,,,,,,,,,,,,,,,,,,,,,,,,,,,,,,,,,,,,,,,,,P9615,MIC_Bar,7,2,2026-05-07_16h48.09.629,MIC_task,,2026.1.2,60.29795630166393,2026-05-07 16h48.11.390147 +0200,
,,19,0,19,,,,,,,7,pl03,kukorica,corn,7,plants,field,4.8,76,None,115,None,"(0, 0.1)",space,0.16475070011802018,None,,,,,,,,,,,,0,0,0,0,0,24,24,24,19,0,19,0,272.05499140010215,,,,,,,,,,,,,,,,,,,,,,,,,,,,,,,,,,,,,,,,,,,,,,,,,,,,,,,,,,,,,,,,,,,,,,,,,,,,,,,,,,,,,,,,,,,,,,272.0438749000896,272.05499140010215,272.05499140010215,272.05499140010215,272.22508090012707,space,0.16475070011802018,None,,,,,,,,,,,,,,,,,,,,,,,,,,,,,,,,,,,,,,,,,,,,P9615,MIC_Bar,7,2,2026-05-07_16h48.09.629,MIC_task,,2026.1.2,60.29795630166393,2026-05-07 16h48.11.390147 +0200,
,,24,24,0,,,,space,1.5189437998924404,None,7,pl03,kukorica,corn,7,plants,field,4.8,76,None,115,None,"(0, 0.1)",,,,,,,,,,,,,,,0,0,0,0,0,24,24,24,,,,,,,,,,,,,,,,,,,,,,,,,,,,,,,,,,,,,,,,,,,,,,,,,,,,,,,,,,,,,,,,,,,,,,,,,,,,,,,,272.2847307000775,272.2907910000067,272.2907963667686,274.22583180014044,,,,,,276.23013869998977,276.2454053000547,276.2454053000547,277.7656558000017,,,,,,,,,,,,,,,274.2552649001591,274.2608766001649,274.2590030332872,276.16299540014006,276.23009010008536,space,1.5189437998924404,None,,,,,,,,,,,,,,,,,,,,,,,,,,,,,,,,,,,,P9615,MIC_Bar,7,2,2026-05-07_16h48.09.629,MIC_task,,2026.1.2,60.29795630166393,2026-05-07 16h48.11.390147 +0200,
,,0,0,0,,,,,,,7,v10,bicikli,bicycle,10,vehicles,wheels,7,None,None,57,19,"(0, 0.1)",None,,,,,,,,,,,,,,0,0,0,0,0,25,25,25,0,0,0,0,277.78037870000117,,,,,,,,,,,,,,,,,,,,,,,,,,,,,,,,,,,,,,,,,,,,,,,,,,,,,,,,,,,,,,,,,,,,,,,,,,,,,,,,,,,,,,,,,,,,,,277.76883050007746,277.78037870000117,277.78037870000117,277.78037870000117,277.96468680002727,None,,,,,,,,,,,277.9808422001079,277.9808422001079,277.9808422001079,,,,,,,,,,,,,,,,,,,,,,,,,,,,,,,,,P9615,MIC_Bar,7,2,2026-05-07_16h48.09.629,MIC_task,,2026.1.2,60.29795630166393,2026-05-07 16h48.11.390147 +0200,
,,0,0,0,,,,,,,7,v10,bicikli,bicycle,10,vehicles,wheels,7,None,None,57,19,"(0, 0.1)",None,,,,,,,,,,,,,,0,0,0,0,0,25,25,25,0,0,0,0,277.9808422001079,,,,,,,,,,,,,,,,,,,,,,,,,,,,,,,,,,,,,,,,,,,,,,,,,,,,,,,,,,,,,,,,,,,,,,,,,,,,,,,,,,,,,,,,,,,,,,277.9675952999387,277.9808422001079,277.9808422001079,277.9808422001079,278.1659608001355,None,,,,,,,,,,,278.1811790999491,278.1811790999491,278.1811790999491,,,,,,,,,,,,,,,,,,,,,,,,,,,,,,,,,P9615,MIC_Bar,7,2,2026-05-07_16h48.09.629,MIC_task,,2026.1.2,60.29795630166393,2026-05-07 16h48.11.390147 +0200,
,,1,0,1,,,,,,,7,v10,bicikli,bicycle,10,vehicles,wheels,7,None,None,57,19,"(0, 0.1)",None,,,,,,,,,,,,,,0,0,0,0,0,25,25,25,1,0,1,0,278.1811790999491,,,,,,,,,,,,,,,,,,,,,,,,,,,,,,,,,,,,,,,,,,,,,,,,,,,,,,,,,,,,,,,,,,,,,,,,,,,,,,,,,,,,,,,,,,,,,,278.16883620014414,278.1811790999491,278.1811790999491,278.1811790999491,278.36607800005004,None,,,,,,,,,,,,,,,,,,,,,,,,,,,,,,,,,,,,,,,,,,,,,,P9615,MIC_Bar,7,2,2026-05-07_16h48.09.629,MIC_task,,2026.1.2,60.29795630166393,2026-05-07 16h48.11.390147 +0200,
,,2,0,2,,,,,,,7,v10,bicikli,bicycle,10,vehicles,wheels,7,None,None,57,19,"(0, 0.1)",None,,,,,,,,,,,,,,0,0,0,0,0,25,25,25,2,0,2,0,278.3816015999764,,,,,,,,,,,,,,,,,,,,,,,,,,,,,,,,,,,,,,,,,,,,,,,,,,,,,,,,,,,,,,,,,,,,,,,,,,,,,,,,,,,,,,,,,,,,,,278.36916980007663,278.3816015999764,278.3816015999764,278.3816015999764,278.56680250004865,None,,,,,,,,,,,,,,,,,,,,,,,,,,,,,,,,,,,,,,,,,,,,,,P9615,MIC_Bar,7,2,2026-05-07_16h48.09.629,MIC_task,,2026.1.2,60.29795630166393,2026-05-07 16h48.11.390147 +0200,
,,3,0,3,,,,,,,7,v10,bicikli,bicycle,10,vehicles,wheels,7,None,None,57,19,"(0, 0.1)",None,,,,,,,,,,,,,,0,0,0,0,0,25,25,25,3,0,3,0,278.58203170006163,,,,,,,,,,,,,,,,,,,,,,,,,,,,,,,,,,,,,,,,,,,,,,,,,,,,,,,,,,,,,,,,,,,,,,,,,,,,,,,,,,,,,,,,,,,,,,278.56984540005215,278.58203170006163,278.58203170006163,278.58203170006163,278.76618649996817,None,,,,,,,,,,,278.78240739996545,278.78240739996545,278.78240739996545,,,,,,,,,,,,,,,,,,,,,,,,,,,,,,,,,P9615,MIC_Bar,7,2,2026-05-07_16h48.09.629,MIC_task,,2026.1.2,60.29795630166393,2026-05-07 16h48.11.390147 +0200,
,,4,0,4,,,,,,,7,v10,bicikli,bicycle,10,vehicles,wheels,7,None,None,57,19,"(0, 0.1)",None,,,,,,,,,,,,,,0,0,0,0,0,25,25,25,4,0,4,0,278.78240739996545,,,,,,,,,,,,,,,,,,,,,,,,,,,,,,,,,,,,,,,,,,,,,,,,,,,,,,,,,,,,,,,,,,,,,,,,,,,,,,,,,,,,,,,,,,,,,,278.76901370007545,278.78240739996545,278.78240739996545,278.78240739996545,278.96611610008404,None,,,,,,,,,,,,,,,,,,,,,,,,,,,,,,,,,,,,,,,,,,,,,,P9615,MIC_Bar,7,2,2026-05-07_16h48.09.629,MIC_task,,2026.1.2,60.29795630166393,2026-05-07 16h48.11.390147 +0200,
,,5,0,5,,,,,,,7,v10,bicikli,bicycle,10,vehicles,wheels,7,None,None,57,19,"(0, 0.1)",None,,,,,,,,,,,,,,0,0,0,0,0,25,25,25,5,0,5,0,278.9827122001443,,,,,,,,,,,,,,,,,,,,,,,,,,,,,,,,,,,,,,,,,,,,,,,,,,,,,,,,,,,,,,,,,,,,,,,,,,,,,,,,,,,,,,,,,,,,,,278.96897320006974,278.9827122001443,278.9827122001443,278.9827122001443,279.1678462000564,None,,,,,,,,,,,,,,,,,,,,,,,,,,,,,,,,,,,,,,,,,,,,,,P9615,MIC_Bar,7,2,2026-05-07_16h48.09.629,MIC_task,,2026.1.2,60.29795630166393,2026-05-07 16h48.11.390147 +0200,
,,6,0,6,,,,,,,7,v10,bicikli,bicycle,10,vehicles,wheels,7,None,None,57,19,"(0, 0.1)",None,,,,,,,,,,,,,,0,0,0,0,0,25,25,25,6,0,6,0,279.1831195000559,,,,,,,,,,,,,,,,,,,,,,,,,,,,,,,,,,,,,,,,,,,,,,,,,,,,,,,,,,,,,,,,,,,,,,,,,,,,,,,,,,,,,,,,,,,,,,279.1707437001169,279.1831195000559,279.1831195000559,279.1831195000559,279.3682763001416,None,,,,,,,,,,,,,,,,,,,,,,,,,,,,,,,,,,,,,,,,,,,,,,P9615,MIC_Bar,7,2,2026-05-07_16h48.09.629,MIC_task,,2026.1.2,60.29795630166393,2026-05-07 16h48.11.390147 +0200,
,,7,0,7,,,,,,,7,v10,bicikli,bicycle,10,vehicles,wheels,7,None,None,57,19,"(0, 0.1)",None,,,,,,,,,,,,,,0,0,0,0,0,25,25,25,7,0,7,0,279.38347290013917,,,,,,,,,,,,,,,,,,,,,,,,,,,,,,,,,,,,,,,,,,,,,,,,,,,,,,,,,,,,,,,,,,,,,,,,,,,,,,,,,,,,,,,,,,,,,,279.3712182000745,279.38347290013917,279.38347290013917,279.38347290013917,279.56728040007874,None,,,,,,,,,,,,,,,,,,,,,,,,,,,,,,,,,,,,,,,,,,,,,,P9615,MIC_Bar,7,2,2026-05-07_16h48.09.629,MIC_task,,2026.1.2,60.29795630166393,2026-05-07 16h48.11.390147 +0200,
,,8,0,8,,,,,,,7,v10,bicikli,bicycle,10,vehicles,wheels,7,None,None,57,19,"(0, 0.1)",None,,,,,,,,,,,,,,0,0,0,0,0,25,25,25,8,0,8,0,279.58388340007514,,,,,,,,,,,,,,,,,,,,,,,,,,,,,,,,,,,,,,,,,,,,,,,,,,,,,,,,,,,,,,,,,,,,,,,,,,,,,,,,,,,,,,,,,,,,,,279.57024230016395,279.58388340007514,279.58388340007514,279.58388340007514,279.76770940003917,None,,,,,,,,,,,,,,,,,,,,,,,,,,,,,,,,,,,,,,,,,,,,,,P9615,MIC_Bar,7,2,2026-05-07_16h48.09.629,MIC_task,,2026.1.2,60.29795630166393,2026-05-07 16h48.11.390147 +0200,
,,9,0,9,,,,,,,7,v10,bicikli,bicycle,10,vehicles,wheels,7,None,None,57,19,"(0, 0.1)",None,,,,,,,,,,,,,,0,0,0,0,0,25,25,25,9,0,9,0,279.78436799999326,,,,,,,,,,,,,,,,,,,,,,,,,,,,,,,,,,,,,,,,,,,,,,,,,,,,,,,,,,,,,,,,,,,,,,,,,,,,,,,,,,,,,,,,,,,,,,279.7708956999704,279.78436799999326,279.78436799999326,279.78436799999326,279.96716160001233,None,,,,,,,,,,,,,,,,,,,,,,,,,,,,,,,,,,,,,,,,,,,,,,P9615,MIC_Bar,7,2,2026-05-07_16h48.09.629,MIC_task,,2026.1.2,60.29795630166393,2026-05-07 16h48.11.390147 +0200,
,,10,0,10,,,,,,,7,v10,bicikli,bicycle,10,vehicles,wheels,7,None,None,57,19,"(0, 0.1)",None,,,,,,,,,,,,,,0,0,0,0,0,25,25,25,10,0,10,0,279.98475309996866,,,,,,,,,,,,,,,,,,,,,,,,,,,,,,,,,,,,,,,,,,,,,,,,,,,,,,,,,,,,,,,,,,,,,,,,,,,,,,,,,,,,,,,,,,,,,,279.97027950012125,279.98475309996866,279.98475309996866,279.98475309996866,280.16757180006243,None,,,,,,,,,,,,,,,,,,,,,,,,,,,,,,,,,,,,,,,,,,,,,,P9615,MIC_Bar,7,2,2026-05-07_16h48.09.629,MIC_task,,2026.1.2,60.29795630166393,2026-05-07 16h48.11.390147 +0200,
,,11,0,11,,,,,,,7,v10,bicikli,bicycle,10,vehicles,wheels,7,None,None,57,19,"(0, 0.1)",None,,,,,,,,,,,,,,0,0,0,0,0,25,25,25,11,0,11,0,280.18420829996467,,,,,,,,,,,,,,,,,,,,,,,,,,,,,,,,,,,,,,,,,,,,,,,,,,,,,,,,,,,,,,,,,,,,,,,,,,,,,,,,,,,,,,,,,,,,,,280.17058819998056,280.18420829996467,280.18420829996467,280.18420829996467,280.3678717999719,None,,,,,,,,,,,,,,,,,,,,,,,,,,,,,,,,,,,,,,,,,,,,,,P9615,MIC_Bar,7,2,2026-05-07_16h48.09.629,MIC_task,,2026.1.2,60.29795630166393,2026-05-07 16h48.11.390147 +0200,
,,12,0,12,,,,,,,7,v10,bicikli,bicycle,10,vehicles,wheels,7,None,None,57,19,"(0, 0.1)",None,,,,,,,,,,,,,,0,0,0,0,0,25,25,25,12,0,12,0,280.3845852999948,,,,,,,,,,,,,,,,,,,,,,,,,,,,,,,,,,,,,,,,,,,,,,,,,,,,,,,,,,,,,,,,,,,,,,,,,,,,,,,,,,,,,,,,,,,,,,280.3708248999901,280.3845852999948,280.3845852999948,280.3845852999948,280.56831809994765,None,,,,,,,,,,,,,,,,,,,,,,,,,,,,,,,,,,,,,,,,,,,,,,P9615,MIC_Bar,7,2,2026-05-07_16h48.09.629,MIC_task,,2026.1.2,60.29795630166393,2026-05-07 16h48.11.390147 +0200,
,,13,0,13,,,,,,,7,v10,bicikli,bicycle,10,vehicles,wheels,7,None,None,57,19,"(0, 0.1)",None,,,,,,,,,,,,,,0,0,0,0,0,25,25,25,13,0,13,0,280.5849419001024,,,,,,,,,,,,,,,,,,,,,,,,,,,,,,,,,,,,,,,,,,,,,,,,,,,,,,,,,,,,,,,,,,,,,,,,,,,,,,,,,,,,,,,,,,,,,,280.57131469994783,280.5849419001024,280.5849419001024,280.5849419001024,280.7686570000369,None,,,,,,,,,,,,,,,,,,,,,,,,,,,,,,,,,,,,,,,,,,,,,,P9615,MIC_Bar,7,2,2026-05-07_16h48.09.629,MIC_task,,2026.1.2,60.29795630166393,2026-05-07 16h48.11.390147 +0200,
,,14,0,14,,,,,,,7,v10,bicikli,bicycle,10,vehicles,wheels,7,None,None,57,19,"(0, 0.1)",None,,,,,,,,,,,,,,0,0,0,0,0,25,25,25,14,0,14,0,280.78532280004583,,,,,,,,,,,,,,,,,,,,,,,,,,,,,,,,,,,,,,,,,,,,,,,,,,,,,,,,,,,,,,,,,,,,,,,,,,,,,,,,,,,,,,,,,,,,,,280.7715974000748,280.78532280004583,280.78532280004583,280.78532280004583,280.9705483999569,None,,,,,,,,,,,,,,,,,,,,,,,,,,,,,,,,,,,,,,,,,,,,,,P9615,MIC_Bar,7,2,2026-05-07_16h48.09.629,MIC_task,,2026.1.2,60.29795630166393,2026-05-07 16h48.11.390147 +0200,
,,15,0,15,,,,,,,7,v10,bicikli,bicycle,10,vehicles,wheels,7,None,None,57,19,"(0, 0.1)",None,,,,,,,,,,,,,,0,0,0,0,0,25,25,25,15,0,15,0,280.98567140009254,,,,,,,,,,,,,,,,,,,,,,,,,,,,,,,,,,,,,,,,,,,,,,,,,,,,,,,,,,,,,,,,,,,,,,,,,,,,,,,,,,,,,,,,,,,,,,280.973929699976,280.98567140009254,280.98567140009254,280.98567140009254,281.169520100113,None,,,,,,,,,,,,,,,,,,,,,,,,,,,,,,,,,,,,,,,,,,,,,,P9615,MIC_Bar,7,2,2026-05-07_16h48.09.629,MIC_task,,2026.1.2,60.29795630166393,2026-05-07 16h48.11.390147 +0200,
,,16,0,16,,,,,,,7,v10,bicikli,bicycle,10,vehicles,wheels,7,None,None,57,19,"(0, 0.1)",None,,,,,,,,,,,,,,0,0,0,0,0,25,25,25,16,0,16,0,281.18611530005,,,,,,,,,,,,,,,,,,,,,,,,,,,,,,,,,,,,,,,,,,,,,,,,,,,,,,,,,,,,,,,,,,,,,,,,,,,,,,,,,,,,,,,,,,,,,,281.17267280002125,281.18611530005,281.18611530005,281.18611530005,281.3711491001304,None,,,,,,,,,,,,,,,,,,,,,,,,,,,,,,,,,,,,,,,,,,,,,,P9615,MIC_Bar,7,2,2026-05-07_16h48.09.629,MIC_task,,2026.1.2,60.29795630166393,2026-05-07 16h48.11.390147 +0200,
,,17,0,17,,,,,,,7,v10,bicikli,bicycle,10,vehicles,wheels,7,None,None,57,19,"(0, 0.1)",None,,,,,,,,,,,,,,0,0,0,0,0,25,25,25,17,0,17,0,281.3864315999672,,,,,,,,,,,,,,,,,,,,,,,,,,,,,,,,,,,,,,,,,,,,,,,,,,,,,,,,,,,,,,,,,,,,,,,,,,,,,,,,,,,,,,,,,,,,,,281.3743525000755,281.3864315999672,281.3864315999672,281.3864315999672,281.5702172999736,None,,,,,,,,,,,,,,,,,,,,,,,,,,,,,,,,,,,,,,,,,,,,,,P9615,MIC_Bar,7,2,2026-05-07_16h48.09.629,MIC_task,,2026.1.2,60.29795630166393,2026-05-07 16h48.11.390147 +0200,
,,18,0,18,,,,,,,7,v10,bicikli,bicycle,10,vehicles,wheels,7,None,None,57,19,"(0, 0.1)",None,,,,,,,,,,,,,,0,0,0,0,0,25,25,25,18,0,18,0,281.58686179993674,,,,,,,,,,,,,,,,,,,,,,,,,,,,,,,,,,,,,,,,,,,,,,,,,,,,,,,,,,,,,,,,,,,,,,,,,,,,,,,,,,,,,,,,,,,,,,281.57366780005395,281.58686179993674,281.58686179993674,281.58686179993674,281.7705769999884,None,,,,,,,,,,,,,,,,,,,,,,,,,,,,,,,,,,,,,,,,,,,,,,P9615,MIC_Bar,7,2,2026-05-07_16h48.09.629,MIC_task,,2026.1.2,60.29795630166393,2026-05-07 16h48.11.390147 +0200,
,,19,0,19,,,,,,,7,v10,bicikli,bicycle,10,vehicles,wheels,7,None,None,57,19,"(0, 0.1)",None,,,,,,,,,,,,,,0,0,0,0,0,25,25,25,19,0,19,0,281.78626870014705,,,,,,,,,,,,,,,,,,,,,,,,,,,,,,,,,,,,,,,,,,,,,,,,,,,,,,,,,,,,,,,,,,,,,,,,,,,,,,,,,,,,,,,,,,,,,,281.7735307000112,281.78626870014705,281.78626870014705,281.78626870014705,281.9709622999653,None,,,,,,,,,,,,,,,,,,,,,,,,,,,,,,,,,,,,,,,,,,,,,,P9615,MIC_Bar,7,2,2026-05-07_16h48.09.629,MIC_task,,2026.1.2,60.29795630166393,2026-05-07 16h48.11.390147 +0200,
,,20,0,20,,,,,,,7,v10,bicikli,bicycle,10,vehicles,wheels,7,None,None,57,19,"(0, 0.1)",None,,,,,,,,,,,,,,0,0,0,0,0,25,25,25,20,0,20,0,281.98767050006427,,,,,,,,,,,,,,,,,,,,,,,,,,,,,,,,,,,,,,,,,,,,,,,,,,,,,,,,,,,,,,,,,,,,,,,,,,,,,,,,,,,,,,,,,,,,,,281.9740466000512,281.98767050006427,281.98767050006427,281.98767050006427,282.17299130000174,None,,,,,,,,,,,,,,,,,,,,,,,,,,,,,,,,,,,,,,,,,,,,,,P9615,MIC_Bar,7,2,2026-05-07_16h48.09.629,MIC_task,,2026.1.2,60.29795630166393,2026-05-07 16h48.11.390147 +0200,
,,21,0,21,,,,,,,7,v10,bicikli,bicycle,10,vehicles,wheels,7,None,None,57,19,"(0, 0.1)",None,,,,,,,,,,,,,,0,0,0,0,0,25,25,25,21,0,21,0,282.1880783000961,,,,,,,,,,,,,,,,,,,,,,,,,,,,,,,,,,,,,,,,,,,,,,,,,,,,,,,,,,,,,,,,,,,,,,,,,,,,,,,,,,,,,,,,,,,,,,282.17611440015025,282.1880783000961,282.1880783000961,282.1880783000961,282.3718342001084,None,,,,,,,,,,,,,,,,,,,,,,,,,,,,,,,,,,,,,,,,,,,,,,P9615,MIC_Bar,7,2,2026-05-07_16h48.09.629,MIC_task,,2026.1.2,60.29795630166393,2026-05-07 16h48.11.390147 +0200,
,,22,0,22,,,,,,,7,v10,bicikli,bicycle,10,vehicles,wheels,7,None,None,57,19,"(0, 0.1)",None,,,,,,,,,,,,,,0,0,0,0,0,25,25,25,22,0,22,0,282.38745489995927,,,,,,,,,,,,,,,,,,,,,,,,,,,,,,,,,,,,,,,,,,,,,,,,,,,,,,,,,,,,,,,,,,,,,,,,,,,,,,,,,,,,,,,,,,,,,,282.3749232001137,282.38745489995927,282.38745489995927,282.38745489995927,282.5726622999646,None,,,,,,,,,,,,,,,,,,,,,,,,,,,,,,,,,,,,,,,,,,,,,,P9615,MIC_Bar,7,2,2026-05-07_16h48.09.629,MIC_task,,2026.1.2,60.29795630166393,2026-05-07 16h48.11.390147 +0200,
,,23,0,23,,,,,,,7,v10,bicikli,bicycle,10,vehicles,wheels,7,None,None,57,19,"(0, 0.1)",None,,,,,,,,,,,,,,0,0,0,0,0,25,25,25,23,0,23,0,282.58789160009474,,,,,,,,,,,,,,,,,,,,,,,,,,,,,,,,,,,,,,,,,,,,,,,,,,,,,,,,,,,,,,,,,,,,,,,,,,,,,,,,,,,,,,,,,,,,,,282.57588819996454,282.58789160009474,282.58789160009474,282.58789160009474,282.77258570003323,None,,,,,,,,,,,,,,,,,,,,,,,,,,,,,,,,,,,,,,,,,,,,,,P9615,MIC_Bar,7,2,2026-05-07_16h48.09.629,MIC_task,,2026.1.2,60.29795630166393,2026-05-07 16h48.11.390147 +0200,
,,24,0,24,,,,,,,7,v10,bicikli,bicycle,10,vehicles,wheels,7,None,None,57,19,"(0, 0.1)",None,,,,,,,,,,,,,,0,0,0,0,0,25,25,25,24,0,24,0,282.78823780012317,,,,,,,,,,,,,,,,,,,,,,,,,,,,,,,,,,,,,,,,,,,,,,,,,,,,,,,,,,,,,,,,,,,,,,,,,,,,,,,,,,,,,,,,,,,,,,282.7758200999815,282.78823780012317,282.78823780012317,282.78823780012317,282.97344660013914,None,,,,,,,,,,,,,,,,,,,,,,,,,,,,,,,,,,,,,,,,,,,,,,P9615,MIC_Bar,7,2,2026-05-07_16h48.09.629,MIC_task,,2026.1.2,60.29795630166393,2026-05-07 16h48.11.390147 +0200,
,,25,0,25,,,,,,,7,v10,bicikli,bicycle,10,vehicles,wheels,7,None,None,57,19,"(0, 0.1)",None,,,,,,,,,,,,,,0,0,0,0,0,25,25,25,25,0,25,0,282.9886427000165,,,,,,,,,,,,,,,,,,,,,,,,,,,,,,,,,,,,,,,,,,,,,,,,,,,,,,,,,,,,,,,,,,,,,,,,,,,,,,,,,,,,,,,,,,,,,,282.9763313001022,282.9886427000165,282.9886427000165,282.9886427000165,283.1739146001637,None,,,,,,,,,,,,,,,,,,,,,,,,,,,,,,,,,,,,,,,,,,,,,,P9615,MIC_Bar,7,2,2026-05-07_16h48.09.629,MIC_task,,2026.1.2,60.29795630166393,2026-05-07 16h48.11.390147 +0200,
,,26,0,26,,,,,,,7,v10,bicikli,bicycle,10,vehicles,wheels,7,None,None,57,19,"(0, 0.1)",None,,,,,,,,,,,,,,0,0,0,0,0,25,25,25,26,0,26,0,283.1890426001046,,,,,,,,,,,,,,,,,,,,,,,,,,,,,,,,,,,,,,,,,,,,,,,,,,,,,,,,,,,,,,,,,,,,,,,,,,,,,,,,,,,,,,,,,,,,,,283.176919599995,283.1890426001046,283.1890426001046,283.1890426001046,283.372796199983,None,,,,,,,,,,,,,,,,,,,,,,,,,,,,,,,,,,,,,,,,,,,,,,P9615,MIC_Bar,7,2,2026-05-07_16h48.09.629,MIC_task,,2026.1.2,60.29795630166393,2026-05-07 16h48.11.390147 +0200,
,,27,0,27,,,,,,,7,v10,bicikli,bicycle,10,vehicles,wheels,7,None,None,57,19,"(0, 0.1)",None,,,,,,,,,,,,,,0,0,0,0,0,25,25,25,27,0,27,0,283.3894315001089,,,,,,,,,,,,,,,,,,,,,,,,,,,,,,,,,,,,,,,,,,,,,,,,,,,,,,,,,,,,,,,,,,,,,,,,,,,,,,,,,,,,,,,,,,,,,,283.3756538000889,283.3894315001089,283.3894315001089,283.3894315001089,283.5744539999869,None,,,,,,,,,,,,,,,,,,,,,,,,,,,,,,,,,,,,,,,,,,,,,,P9615,MIC_Bar,7,2,2026-05-07_16h48.09.629,MIC_task,,2026.1.2,60.29795630166393,2026-05-07 16h48.11.390147 +0200,
,,28,0,28,,,,,,,7,v10,bicikli,bicycle,10,vehicles,wheels,7,None,None,57,19,"(0, 0.1)",space,0.11019110004417598,None,,,,,,,,,,,,0,0,0,0,0,25,25,25,28,0,28,0,283.58974660001695,,,,,,,,,,,,,,,,,,,,,,,,,,,,,,,,,,,,,,,,,,,,,,,,,,,,,,,,,,,,,,,,,,,,,,,,,,,,,,,,,,,,,,,,,,,,,,283.5773696999531,283.58974660001695,283.58974660001695,283.58974660001695,283.70738660008647,space,0.11019110004417598,None,,,,,,,,,,,,,,,,,,,,,,,,,,,,,,,,,,,,,,,,,,,,P9615,MIC_Bar,7,2,2026-05-07_16h48.09.629,MIC_task,,2026.1.2,60.29795630166393,2026-05-07 16h48.11.390147 +0200,
,,25,25,0,,,,space,0.018782499944791198,None,7,v10,bicikli,bicycle,10,vehicles,wheels,7,None,None,57,19,"(0, 0.1)",,,,,,,,,,,,,,,0,0,0,0,0,25,25,25,,,,,,,,,,,,,,,,,,,,,,,,,,,,,,,,,,,,,,,,,,,,,,,,,,,,,,,,,,,,,,,,,,,,,,,,,,,,,,,,283.7676415001042,283.7730412001256,283.77297616681705,285.70942379999906,,,,,,287.71468330011703,287.7290364000946,287.7290364000946,287.76334029994905,,,,,,,,,,,,,,,285.7354814000428,285.73986540012993,285.74261483329656,287.62923680013046,287.71463429997675,space,0.018782499944791198,None,,,,,,,,,,,,,,,,,,,,,,,,,,,,,,,,,,,,P9615,MIC_Bar,7,2,2026-05-07_16h48.09.629,MIC_task,,2026.1.2,60.29795630166393,2026-05-07 16h48.11.390147 +0200,
,,0,0,0,,,,,,,7,f26,méz,honey,4,food,sweets,7,51,None,65,None,"(0, -0.1)",None,,,,,,,,,,,,,,0,0,0,0,0,26,26,26,0,0,0,0,287.7792311999947,,,,,,,,,,,,,,,,,,,,,,,,,,,,,,,,,,,,,,,,,,,,,,,,,,,,,,,,,,,,,,,,,,,,,,,,,,,,,,,,,,,,,,,,,,,,,,287.7669115001336,287.7792311999947,287.7792311999947,287.7792311999947,287.96433140011504,None,,,,,,,,,,,,,,,,,,,,,,,,,,,,,,,,,,,,,,,,,,,,,,P9615,MIC_Bar,7,2,2026-05-07_16h48.09.629,MIC_task,,2026.1.2,60.29795630166393,2026-05-07 16h48.11.390147 +0200,
,,0,0,0,,,,,,,7,f26,méz,honey,4,food,sweets,7,51,None,65,None,"(0, -0.1)",None,,,,,,,,,,,,,,0,0,0,0,0,26,26,26,0,0,0,0,287.97967180004343,,,,,,,,,,,,,,,,,,,,,,,,,,,,,,,,,,,,,,,,,,,,,,,,,,,,,,,,,,,,,,,,,,,,,,,,,,,,,,,,,,,,,,,,,,,,,,287.9674965001177,287.97967180004343,287.97967180004343,287.97967180004343,288.16384480008855,None,,,,,,,,,,,288.1800407001283,288.1800407001283,288.1800407001283,,,,,,,,,,,,,,,,,,,,,,,,,,,,,,,,,P9615,MIC_Bar,7,2,2026-05-07_16h48.09.629,MIC_task,,2026.1.2,60.29795630166393,2026-05-07 16h48.11.390147 +0200,
,,1,0,1,,,,,,,7,f26,méz,honey,4,food,sweets,7,51,None,65,None,"(0, -0.1)",None,,,,,,,,,,,,,,0,0,0,0,0,26,26,26,1,0,1,0,288.1800407001283,,,,,,,,,,,,,,,,,,,,,,,,,,,,,,,,,,,,,,,,,,,,,,,,,,,,,,,,,,,,,,,,,,,,,,,,,,,,,,,,,,,,,,,,,,,,,,288.16704370011576,288.1800407001283,288.1800407001283,288.1800407001283,288.3651418001391,None,,,,,,,,,,,,,,,,,,,,,,,,,,,,,,,,,,,,,,,,,,,,,,P9615,MIC_Bar,7,2,2026-05-07_16h48.09.629,MIC_task,,2026.1.2,60.29795630166393,2026-05-07 16h48.11.390147 +0200,
,,2,0,2,,,,,,,7,f26,méz,honey,4,food,sweets,7,51,None,65,None,"(0, -0.1)",None,,,,,,,,,,,,,,0,0,0,0,0,26,26,26,2,0,2,0,288.3804149001371,,,,,,,,,,,,,,,,,,,,,,,,,,,,,,,,,,,,,,,,,,,,,,,,,,,,,,,,,,,,,,,,,,,,,,,,,,,,,,,,,,,,,,,,,,,,,,288.36840849998407,288.3804149001371,288.3804149001371,288.3804149001371,288.56428789999336,None,,,,,,,,,,,,,,,,,,,,,,,,,,,,,,,,,,,,,,,,,,,,,,P9615,MIC_Bar,7,2,2026-05-07_16h48.09.629,MIC_task,,2026.1.2,60.29795630166393,2026-05-07 16h48.11.390147 +0200,
,,3,0,3,,,,,,,7,f26,méz,honey,4,food,sweets,7,51,None,65,None,"(0, -0.1)",None,,,,,,,,,,,,,,0,0,0,0,0,26,26,26,3,0,3,0,288.5808548000641,,,,,,,,,,,,,,,,,,,,,,,,,,,,,,,,,,,,,,,,,,,,,,,,,,,,,,,,,,,,,,,,,,,,,,,,,,,,,,,,,,,,,,,,,,,,,,288.56763870012946,288.5808548000641,288.5808548000641,288.5808548000641,288.7646620001178,None,,,,,,,,,,,,,,,,,,,,,,,,,,,,,,,,,,,,,,,,,,,,,,P9615,MIC_Bar,7,2,2026-05-07_16h48.09.629,MIC_task,,2026.1.2,60.29795630166393,2026-05-07 16h48.11.390147 +0200,
,,4,0,4,,,,,,,7,f26,méz,honey,4,food,sweets,7,51,None,65,None,"(0, -0.1)",None,,,,,,,,,,,,,,0,0,0,0,0,26,26,26,4,0,4,0,288.7812809001189,,,,,,,,,,,,,,,,,,,,,,,,,,,,,,,,,,,,,,,,,,,,,,,,,,,,,,,,,,,,,,,,,,,,,,,,,,,,,,,,,,,,,,,,,,,,,,288.7678760001436,288.7812809001189,288.7812809001189,288.7812809001189,288.9663253000472,None,,,,,,,,,,,,,,,,,,,,,,,,,,,,,,,,,,,,,,,,,,,,,,P9615,MIC_Bar,7,2,2026-05-07_16h48.09.629,MIC_task,,2026.1.2,60.29795630166393,2026-05-07 16h48.11.390147 +0200,
,,5,0,5,,,,,,,7,f26,méz,honey,4,food,sweets,7,51,None,65,None,"(0, -0.1)",None,,,,,,,,,,,,,,0,0,0,0,0,26,26,26,5,0,5,0,288.9816380001139,,,,,,,,,,,,,,,,,,,,,,,,,,,,,,,,,,,,,,,,,,,,,,,,,,,,,,,,,,,,,,,,,,,,,,,,,,,,,,,,,,,,,,,,,,,,,,288.9694395000115,288.9816380001139,288.9816380001139,288.9816380001139,289.1668519999366,None,,,,,,,,,,,,,,,,,,,,,,,,,,,,,,,,,,,,,,,,,,,,,,P9615,MIC_Bar,7,2,2026-05-07_16h48.09.629,MIC_task,,2026.1.2,60.29795630166393,2026-05-07 16h48.11.390147 +0200,
,,6,0,6,,,,,,,7,f26,méz,honey,4,food,sweets,7,51,None,65,None,"(0, -0.1)",None,,,,,,,,,,,,,,0,0,0,0,0,26,26,26,6,0,6,0,289.18113779998384,,,,,,,,,,,,,,,,,,,,,,,,,,,,,,,,,,,,,,,,,,,,,,,,,,,,,,,,,,,,,,,,,,,,,,,,,,,,,,,,,,,,,,,,,,,,,,289.16990060009994,289.18113779998384,289.18113779998384,289.18113779998384,289.36482860008255,None,,,,,,,,,,,,,,,,,,,,,,,,,,,,,,,,,,,,,,,,,,,,,,P9615,MIC_Bar,7,2,2026-05-07_16h48.09.629,MIC_task,,2026.1.2,60.29795630166393,2026-05-07 16h48.11.390147 +0200,
,,7,0,7,,,,,,,7,f26,méz,honey,4,food,sweets,7,51,None,65,None,"(0, -0.1)",None,,,,,,,,,,,,,,0,0,0,0,0,26,26,26,7,0,7,0,289.3815329000354,,,,,,,,,,,,,,,,,,,,,,,,,,,,,,,,,,,,,,,,,,,,,,,,,,,,,,,,,,,,,,,,,,,,,,,,,,,,,,,,,,,,,,,,,,,,,,289.36817810009234,289.3815329000354,289.3815329000354,289.3815329000354,289.56616090005264,None,,,,,,,,,,,,,,,,,,,,,,,,,,,,,,,,,,,,,,,,,,,,,,P9615,MIC_Bar,7,2,2026-05-07_16h48.09.629,MIC_task,,2026.1.2,60.29795630166393,2026-05-07 16h48.11.390147 +0200,
,,8,0,8,,,,,,,7,f26,méz,honey,4,food,sweets,7,51,None,65,None,"(0, -0.1)",None,,,,,,,,,,,,,,0,0,0,0,0,26,26,26,8,0,8,0,289.58189250016585,,,,,,,,,,,,,,,,,,,,,,,,,,,,,,,,,,,,,,,,,,,,,,,,,,,,,,,,,,,,,,,,,,,,,,,,,,,,,,,,,,,,,,,,,,,,,,289.56932789995335,289.58189250016585,289.58189250016585,289.58189250016585,289.7669037000742,None,,,,,,,,,,,,,,,,,,,,,,,,,,,,,,,,,,,,,,,,,,,,,,P9615,MIC_Bar,7,2,2026-05-07_16h48.09.629,MIC_task,,2026.1.2,60.29795630166393,2026-05-07 16h48.11.390147 +0200,
,,9,0,9,,,,,,,7,f26,méz,honey,4,food,sweets,7,51,None,65,None,"(0, -0.1)",None,,,,,,,,,,,,,,0,0,0,0,0,26,26,26,9,0,9,0,289.78232280001976,,,,,,,,,,,,,,,,,,,,,,,,,,,,,,,,,,,,,,,,,,,,,,,,,,,,,,,,,,,,,,,,,,,,,,,,,,,,,,,,,,,,,,,,,,,,,,289.7699651999865,289.78232280001976,289.78232280001976,289.78232280001976,289.9673139001243,None,,,,,,,,,,,,,,,,,,,,,,,,,,,,,,,,,,,,,,,,,,,,,,P9615,MIC_Bar,7,2,2026-05-07_16h48.09.629,MIC_task,,2026.1.2,60.29795630166393,2026-05-07 16h48.11.390147 +0200,
,,10,0,10,,,,,,,7,f26,méz,honey,4,food,sweets,7,51,None,65,None,"(0, -0.1)",None,,,,,,,,,,,,,,0,0,0,0,0,26,26,26,10,0,10,0,289.9826219000388,,,,,,,,,,,,,,,,,,,,,,,,,,,,,,,,,,,,,,,,,,,,,,,,,,,,,,,,,,,,,,,,,,,,,,,,,,,,,,,,,,,,,,,,,,,,,,289.9705598000437,289.9826219000388,289.9826219000388,289.9826219000388,290.1677222000435,None,,,,,,,,,,,,,,,,,,,,,,,,,,,,,,,,,,,,,,,,,,,,,,P9615,MIC_Bar,7,2,2026-05-07_16h48.09.629,MIC_task,,2026.1.2,60.29795630166393,2026-05-07 16h48.11.390147 +0200,
,,11,0,11,,,,,,,7,f26,méz,honey,4,food,sweets,7,51,None,65,None,"(0, -0.1)",None,,,,,,,,,,,,,,0,0,0,0,0,26,26,26,11,0,11,0,290.18298529996537,,,,,,,,,,,,,,,,,,,,,,,,,,,,,,,,,,,,,,,,,,,,,,,,,,,,,,,,,,,,,,,,,,,,,,,,,,,,,,,,,,,,,,,,,,,,,,290.1708360000048,290.18298529996537,290.18298529996537,290.18298529996537,290.3668007000815,None,,,,,,,,,,,,,,,,,,,,,,,,,,,,,,,,,,,,,,,,,,,,,,P9615,MIC_Bar,7,2,2026-05-07_16h48.09.629,MIC_task,,2026.1.2,60.29795630166393,2026-05-07 16h48.11.390147 +0200,
,,12,0,12,,,,,,,7,f26,méz,honey,4,food,sweets,7,51,None,65,None,"(0, -0.1)",None,,,,,,,,,,,,,,0,0,0,0,0,26,26,26,12,0,12,0,290.3833207001444,,,,,,,,,,,,,,,,,,,,,,,,,,,,,,,,,,,,,,,,,,,,,,,,,,,,,,,,,,,,,,,,,,,,,,,,,,,,,,,,,,,,,,,,,,,,,,290.370191300055,290.3833207001444,290.3833207001444,290.3833207001444,290.5687263000291,None,,,,,,,,,,,,,,,,,,,,,,,,,,,,,,,,,,,,,,,,,,,,,,P9615,MIC_Bar,7,2,2026-05-07_16h48.09.629,MIC_task,,2026.1.2,60.29795630166393,2026-05-07 16h48.11.390147 +0200,
,,13,0,13,,,,,,,7,f26,méz,honey,4,food,sweets,7,51,None,65,None,"(0, -0.1)",None,,,,,,,,,,,,,,0,0,0,0,0,26,26,26,13,0,13,0,290.5838222000748,,,,,,,,,,,,,,,,,,,,,,,,,,,,,,,,,,,,,,,,,,,,,,,,,,,,,,,,,,,,,,,,,,,,,,,,,,,,,,,,,,,,,,,,,,,,,,290.5721653001383,290.5838222000748,290.5838222000748,290.5838222000748,290.767545199953,None,,,,,,,,,,,,,,,,,,,,,,,,,,,,,,,,,,,,,,,,,,,,,,P9615,MIC_Bar,7,2,2026-05-07_16h48.09.629,MIC_task,,2026.1.2,60.29795630166393,2026-05-07 16h48.11.390147 +0200,
,,14,0,14,,,,,,,7,f26,méz,honey,4,food,sweets,7,51,None,65,None,"(0, -0.1)",None,,,,,,,,,,,,,,0,0,0,0,0,26,26,26,14,0,14,0,290.7841157000512,,,,,,,,,,,,,,,,,,,,,,,,,,,,,,,,,,,,,,,,,,,,,,,,,,,,,,,,,,,,,,,,,,,,,,,,,,,,,,,,,,,,,,,,,,,,,,290.77097930014133,290.7841157000512,290.7841157000512,290.7841157000512,290.969346200116,None,,,,,,,,,,,,,,,,,,,,,,,,,,,,,,,,,,,,,,,,,,,,,,P9615,MIC_Bar,7,2,2026-05-07_16h48.09.629,MIC_task,,2026.1.2,60.29795630166393,2026-05-07 16h48.11.390147 +0200,
,,15,0,15,,,,,,,7,f26,méz,honey,4,food,sweets,7,51,None,65,None,"(0, -0.1)",None,,,,,,,,,,,,,,0,0,0,0,0,26,26,26,15,0,15,0,290.98454430000857,,,,,,,,,,,,,,,,,,,,,,,,,,,,,,,,,,,,,,,,,,,,,,,,,,,,,,,,,,,,,,,,,,,,,,,,,,,,,,,,,,,,,,,,,,,,,,290.97253710008226,290.98454430000857,290.98454430000857,290.98454430000857,291.16958880005404,None,,,,,,,,,,,,,,,,,,,,,,,,,,,,,,,,,,,,,,,,,,,,,,P9615,MIC_Bar,7,2,2026-05-07_16h48.09.629,MIC_task,,2026.1.2,60.29795630166393,2026-05-07 16h48.11.390147 +0200,
,,16,0,16,,,,,,,7,f26,méz,honey,4,food,sweets,7,51,None,65,None,"(0, -0.1)",None,,,,,,,,,,,,,,0,0,0,0,0,26,26,26,16,0,16,0,291.1840017000213,,,,,,,,,,,,,,,,,,,,,,,,,,,,,,,,,,,,,,,,,,,,,,,,,,,,,,,,,,,,,,,,,,,,,,,,,,,,,,,,,,,,,,,,,,,,,,291.172877300065,291.1840017000213,291.1840017000213,291.1840017000213,291.37013510009274,None,,,,,,,,,,,,,,,,,,,,,,,,,,,,,,,,,,,,,,,,,,,,,,P9615,MIC_Bar,7,2,2026-05-07_16h48.09.629,MIC_task,,2026.1.2,60.29795630166393,2026-05-07 16h48.11.390147 +0200,
,,17,0,17,,,,,,,7,f26,méz,honey,4,food,sweets,7,51,None,65,None,"(0, -0.1)",None,,,,,,,,,,,,,,0,0,0,0,0,26,26,26,17,0,17,0,291.38434620015323,,,,,,,,,,,,,,,,,,,,,,,,,,,,,,,,,,,,,,,,,,,,,,,,,,,,,,,,,,,,,,,,,,,,,,,,,,,,,,,,,,,,,,,,,,,,,,291.3731494001113,291.38434620015323,291.38434620015323,291.38434620015323,291.569111000048,None,,,,,,,,,,,,,,,,,,,,,,,,,,,,,,,,,,,,,,,,,,,,,,P9615,MIC_Bar,7,2,2026-05-07_16h48.09.629,MIC_task,,2026.1.2,60.29795630166393,2026-05-07 16h48.11.390147 +0200,
,,18,0,18,,,,,,,7,f26,méz,honey,4,food,sweets,7,51,None,65,None,"(0, -0.1)",None,,,,,,,,,,,,,,0,0,0,0,0,26,26,26,18,0,18,0,291.58477409998886,,,,,,,,,,,,,,,,,,,,,,,,,,,,,,,,,,,,,,,,,,,,,,,,,,,,,,,,,,,,,,,,,,,,,,,,,,,,,,,,,,,,,,,,,,,,,,291.57245249999687,291.58477409998886,291.58477409998886,291.58477409998886,291.7707585999742,None,,,,,,,,,,,,,,,,,,,,,,,,,,,,,,,,,,,,,,,,,,,,,,P9615,MIC_Bar,7,2,2026-05-07_16h48.09.629,MIC_task,,2026.1.2,60.29795630166393,2026-05-07 16h48.11.390147 +0200,
,,19,0,19,,,,,,,7,f26,méz,honey,4,food,sweets,7,51,None,65,None,"(0, -0.1)",None,,,,,,,,,,,,,,0,0,0,0,0,26,26,26,19,0,19,0,291.78518330003135,,,,,,,,,,,,,,,,,,,,,,,,,,,,,,,,,,,,,,,,,,,,,,,,,,,,,,,,,,,,,,,,,,,,,,,,,,,,,,,,,,,,,,,,,,,,,,291.774295500014,291.78518330003135,291.78518330003135,291.78518330003135,291.97039180016145,None,,,,,,,,,,,,,,,,,,,,,,,,,,,,,,,,,,,,,,,,,,,,,,P9615,MIC_Bar,7,2,2026-05-07_16h48.09.629,MIC_task,,2026.1.2,60.29795630166393,2026-05-07 16h48.11.390147 +0200,
,,20,0,20,,,,,,,7,f26,méz,honey,4,food,sweets,7,51,None,65,None,"(0, -0.1)",None,,,,,,,,,,,,,,0,0,0,0,0,26,26,26,20,0,20,0,291.98557609994896,,,,,,,,,,,,,,,,,,,,,,,,,,,,,,,,,,,,,,,,,,,,,,,,,,,,,,,,,,,,,,,,,,,,,,,,,,,,,,,,,,,,,,,,,,,,,,291.9735856000334,291.98557609994896,291.98557609994896,291.98557609994896,292.1693402000237,None,,,,,,,,,,,,,,,,,,,,,,,,,,,,,,,,,,,,,,,,,,,,,,P9615,MIC_Bar,7,2,2026-05-07_16h48.09.629,MIC_task,,2026.1.2,60.29795630166393,2026-05-07 16h48.11.390147 +0200,
,,21,0,21,,,,,,,7,f26,méz,honey,4,food,sweets,7,51,None,65,None,"(0, -0.1)",None,,,,,,,,,,,,,,0,0,0,0,0,26,26,26,21,0,21,0,292.18594800005667,,,,,,,,,,,,,,,,,,,,,,,,,,,,,,,,,,,,,,,,,,,,,,,,,,,,,,,,,,,,,,,,,,,,,,,,,,,,,,,,,,,,,,,,,,,,,,292.17236520000733,292.18594800005667,292.18594800005667,292.18594800005667,292.3698015001137,None,,,,,,,,,,,,,,,,,,,,,,,,,,,,,,,,,,,,,,,,,,,,,,P9615,MIC_Bar,7,2,2026-05-07_16h48.09.629,MIC_task,,2026.1.2,60.29795630166393,2026-05-07 16h48.11.390147 +0200,
,,22,0,22,,,,,,,7,f26,méz,honey,4,food,sweets,7,51,None,65,None,"(0, -0.1)",None,,,,,,,,,,,,,,0,0,0,0,0,26,26,26,22,0,22,0,292.3864090000279,,,,,,,,,,,,,,,,,,,,,,,,,,,,,,,,,,,,,,,,,,,,,,,,,,,,,,,,,,,,,,,,,,,,,,,,,,,,,,,,,,,,,,,,,,,,,,292.37278680014424,292.3864090000279,292.3864090000279,292.3864090000279,292.57147409999743,None,,,,,,,,,,,,,,,,,,,,,,,,,,,,,,,,,,,,,,,,,,,,,,P9615,MIC_Bar,7,2,2026-05-07_16h48.09.629,MIC_task,,2026.1.2,60.29795630166393,2026-05-07 16h48.11.390147 +0200,
,,23,0,23,,,,,,,7,f26,méz,honey,4,food,sweets,7,51,None,65,None,"(0, -0.1)",None,,,,,,,,,,,,,,0,0,0,0,0,26,26,26,23,0,23,0,292.5867186000105,,,,,,,,,,,,,,,,,,,,,,,,,,,,,,,,,,,,,,,,,,,,,,,,,,,,,,,,,,,,,,,,,,,,,,,,,,,,,,,,,,,,,,,,,,,,,,292.5746045000851,292.5867186000105,292.5867186000105,292.5867186000105,292.7720782000106,None,,,,,,,,,,,,,,,,,,,,,,,,,,,,,,,,,,,,,,,,,,,,,,P9615,MIC_Bar,7,2,2026-05-07_16h48.09.629,MIC_task,,2026.1.2,60.29795630166393,2026-05-07 16h48.11.390147 +0200,
,,24,0,24,,,,,,,7,f26,méz,honey,4,food,sweets,7,51,None,65,None,"(0, -0.1)",None,,,,,,,,,,,,,,0,0,0,0,0,26,26,26,24,0,24,0,292.78705539996736,,,,,,,,,,,,,,,,,,,,,,,,,,,,,,,,,,,,,,,,,,,,,,,,,,,,,,,,,,,,,,,,,,,,,,,,,,,,,,,,,,,,,,,,,,,,,,292.7752821999602,292.78705539996736,292.78705539996736,292.78705539996736,292.97229259996675,None,,,,,,,,,,,,,,,,,,,,,,,,,,,,,,,,,,,,,,,,,,,,,,P9615,MIC_Bar,7,2,2026-05-07_16h48.09.629,MIC_task,,2026.1.2,60.29795630166393,2026-05-07 16h48.11.390147 +0200,
,,25,0,25,,,,,,,7,f26,méz,honey,4,food,sweets,7,51,None,65,None,"(0, -0.1)",None,,,,,,,,,,,,,,0,0,0,0,0,26,26,26,25,0,25,0,292.98748170002364,,,,,,,,,,,,,,,,,,,,,,,,,,,,,,,,,,,,,,,,,,,,,,,,,,,,,,,,,,,,,,,,,,,,,,,,,,,,,,,,,,,,,,,,,,,,,,292.97572540002875,292.98748170002364,292.98748170002364,292.98748170002364,293.171252500033,None,,,,,,,,,,,,,,,,,,,,,,,,,,,,,,,,,,,,,,,,,,,,,,P9615,MIC_Bar,7,2,2026-05-07_16h48.09.629,MIC_task,,2026.1.2,60.29795630166393,2026-05-07 16h48.11.390147 +0200,
,,26,0,26,,,,,,,7,f26,méz,honey,4,food,sweets,7,51,None,65,None,"(0, -0.1)",None,,,,,,,,,,,,,,0,0,0,0,0,26,26,26,26,0,26,0,293.18785250000656,,,,,,,,,,,,,,,,,,,,,,,,,,,,,,,,,,,,,,,,,,,,,,,,,,,,,,,,,,,,,,,,,,,,,,,,,,,,,,,,,,,,,,,,,,,,,,293.17450310010463,293.18785250000656,293.18785250000656,293.18785250000656,293.3718344999943,None,,,,,,,,,,,,,,,,,,,,,,,,,,,,,,,,,,,,,,,,,,,,,,P9615,MIC_Bar,7,2,2026-05-07_16h48.09.629,MIC_task,,2026.1.2,60.29795630166393,2026-05-07 16h48.11.390147 +0200,
,,27,0,27,,,,,,,7,f26,méz,honey,4,food,sweets,7,51,None,65,None,"(0, -0.1)",None,,,,,,,,,,,,,,0,0,0,0,0,26,26,26,27,0,27,0,293.38831780012697,,,,,,,,,,,,,,,,,,,,,,,,,,,,,,,,,,,,,,,,,,,,,,,,,,,,,,,,,,,,,,,,,,,,,,,,,,,,,,,,,,,,,,,,,,,,,,293.37495229998603,293.38831780012697,293.38831780012697,293.38831780012697,293.57203699997626,None,,,,,,,,,,,,,,,,,,,,,,,,,,,,,,,,,,,,,,,,,,,,,,P9615,MIC_Bar,7,2,2026-05-07_16h48.09.629,MIC_task,,2026.1.2,60.29795630166393,2026-05-07 16h48.11.390147 +0200,
,,28,0,28,,,,,,,7,f26,méz,honey,4,food,sweets,7,51,None,65,None,"(0, -0.1)",None,,,,,,,,,,,,,,0,0,0,0,0,26,26,26,28,0,28,0,293.5887391001452,,,,,,,,,,,,,,,,,,,,,,,,,,,,,,,,,,,,,,,,,,,,,,,,,,,,,,,,,,,,,,,,,,,,,,,,,,,,,,,,,,,,,,,,,,,,,,293.5753155001439,293.5887391001452,293.5887391001452,293.5887391001452,293.77269050013274,None,,,,,,,,,,,,,,,,,,,,,,,,,,,,,,,,,,,,,,,,,,,,,,P9615,MIC_Bar,7,2,2026-05-07_16h48.09.629,MIC_task,,2026.1.2,60.29795630166393,2026-05-07 16h48.11.390147 +0200,
,,29,0,29,,,,,,,7,f26,méz,honey,4,food,sweets,7,51,None,65,None,"(0, -0.1)",None,,,,,,,,,,,,,,0,0,0,0,0,26,26,26,29,0,29,0,293.78820389998145,,,,,,,,,,,,,,,,,,,,,,,,,,,,,,,,,,,,,,,,,,,,,,,,,,,,,,,,,,,,,,,,,,,,,,,,,,,,,,,,,,,,,,,,,,,,,,293.776126800105,293.78820389998145,293.78820389998145,293.78820389998145,293.9741118999664,None,,,,,,,,,,,,,,,,,,,,,,,,,,,,,,,,,,,,,,,,,,,,,,P9615,MIC_Bar,7,2,2026-05-07_16h48.09.629,MIC_task,,2026.1.2,60.29795630166393,2026-05-07 16h48.11.390147 +0200,
,,30,0,30,,,,,,,7,f26,méz,honey,4,food,sweets,7,51,None,65,None,"(0, -0.1)",None,,,,,,,,,,,,,,0,0,0,0,0,26,26,26,30,0,30,0,293.9884657000657,,,,,,,,,,,,,,,,,,,,,,,,,,,,,,,,,,,,,,,,,,,,,,,,,,,,,,,,,,,,,,,,,,,,,,,,,,,,,,,,,,,,,,,,,,,,,,293.97728190012276,293.9884657000657,293.9884657000657,293.9884657000657,294.1723603999708,None,,,,,,,,,,,,,,,,,,,,,,,,,,,,,,,,,,,,,,,,,,,,,,P9615,MIC_Bar,7,2,2026-05-07_16h48.09.629,MIC_task,,2026.1.2,60.29795630166393,2026-05-07 16h48.11.390147 +0200,
,,31,0,31,,,,,,,7,f26,méz,honey,4,food,sweets,7,51,None,65,None,"(0, -0.1)",None,,,,,,,,,,,,,,0,0,0,0,0,26,26,26,31,0,31,0,294.18892760016024,,,,,,,,,,,,,,,,,,,,,,,,,,,,,,,,,,,,,,,,,,,,,,,,,,,,,,,,,,,,,,,,,,,,,,,,,,,,,,,,,,,,,,,,,,,,,,294.1759075000882,294.18892760016024,294.18892760016024,294.18892760016024,294.37400640011765,None,,,,,,,,,,,,,,,,,,,,,,,,,,,,,,,,,,,,,,,,,,,,,,P9615,MIC_Bar,7,2,2026-05-07_16h48.09.629,MIC_task,,2026.1.2,60.29795630166393,2026-05-07 16h48.11.390147 +0200,
,,32,0,32,,,,,,,7,f26,méz,honey,4,food,sweets,7,51,None,65,None,"(0, -0.1)",space,0.04706749995239079,None,,,,,,,,,,,,0,0,0,0,0,26,26,26,32,0,32,0,294.38943530013785,,,,,,,,,,,,,,,,,,,,,,,,,,,,,,,,,,,,,,,,,,,,,,,,,,,,,,,,,,,,,,,,,,,,,,,,,,,,,,,,,,,,,,,,,,,,,,294.3770848000422,294.38943530013785,294.38943530013785,294.38943530013785,294.44193790014833,space,0.04706749995239079,None,,,,,,,,,,,,,,,,,,,,,,,,,,,,,,,,,,,,,,,,,,,,P9615,MIC_Bar,7,2,2026-05-07_16h48.09.629,MIC_task,,2026.1.2,60.29795630166393,2026-05-07 16h48.11.390147 +0200,
,,26,26,0,,,,space,1.5982377000618726,None,7,f26,méz,honey,4,food,sweets,7,51,None,65,None,"(0, -0.1)",,,,,,,,,,,,,,,0,0,0,0,0,26,26,26,,,,,,,,,,,,,,,,,,,,,,,,,,,,,,,,,,,,,,,,,,,,,,,,,,,,,,,,,,,,,,,,,,,,,,,,,,,,,,,,294.4995701001026,294.5047252001241,294.5074606666031,296.4427451000083,,,,,,298.4470556001179,298.46230940008536,298.46230940008536,300.06683899997734,,,,,,,,,,,,,,,296.46801820001565,296.4723448001314,296.4759349332967,298.3626091000624,298.44700339995325,space,1.5982377000618726,None,,,,,,,,,,,,,,,,,,,,,,,,,,,,,,,,,,,,P9615,MIC_Bar,7,2,2026-05-07_16h48.09.629,MIC_task,,2026.1.2,60.29795630166393,2026-05-07 16h48.11.390147 +0200,
,,0,0,0,,,,,,,7,t06,sátor,tent,8,tools,camping,4.8,110,None,None,None,"(-0.1, -0.1)",None,,,,,,,,,,,,,,0,0,0,0,0,27,27,27,0,0,0,0,300.0812407999765,,,,,,,,,,,,,,,,,,,,,,,,,,,,,,,,,,,,,,,,,,,,,,,,,,,,,,,,,,,,,,,,,,,,,,,,,,,,,,,,,,,,,,,,,,,,,,300.06973770004697,300.0812407999765,300.0812407999765,300.0812407999765,300.2654610001482,None,,,,,,,,,,,300.2816782000009,300.2816782000009,300.2816782000009,,,,,,,,,,,,,,,,,,,,,,,,,,,,,,,,,P9615,MIC_Bar,7,2,2026-05-07_16h48.09.629,MIC_task,,2026.1.2,60.29795630166393,2026-05-07 16h48.11.390147 +0200,
,,0,0,0,,,,,,,7,t06,sátor,tent,8,tools,camping,4.8,110,None,None,None,"(-0.1, -0.1)",None,,,,,,,,,,,,,,0,0,0,0,0,27,27,27,0,0,0,0,300.2816782000009,,,,,,,,,,,,,,,,,,,,,,,,,,,,,,,,,,,,,,,,,,,,,,,,,,,,,,,,,,,,,,,,,,,,,,,,,,,,,,,,,,,,,,,,,,,,,,300.2682809000835,300.2816782000009,300.2816782000009,300.2816782000009,300.4659071001224,None,,,,,,,,,,,300.48207559995353,300.48207559995353,300.48207559995353,,,,,,,,,,,,,,,,,,,,,,,,,,,,,,,,,P9615,MIC_Bar,7,2,2026-05-07_16h48.09.629,MIC_task,,2026.1.2,60.29795630166393,2026-05-07 16h48.11.390147 +0200,
,,1,0,1,,,,,,,7,t06,sátor,tent,8,tools,camping,4.8,110,None,None,None,"(-0.1, -0.1)",None,,,,,,,,,,,,,,0,0,0,0,0,27,27,27,1,0,1,0,300.48207559995353,,,,,,,,,,,,,,,,,,,,,,,,,,,,,,,,,,,,,,,,,,,,,,,,,,,,,,,,,,,,,,,,,,,,,,,,,,,,,,,,,,,,,,,,,,,,,,300.4685353001114,300.48207559995353,300.48207559995353,300.48207559995353,300.6662119999528,None,,,,,,,,,,,300.68243840010837,300.68243840010837,300.68243840010837,,,,,,,,,,,,,,,,,,,,,,,,,,,,,,,,,P9615,MIC_Bar,7,2,2026-05-07_16h48.09.629,MIC_task,,2026.1.2,60.29795630166393,2026-05-07 16h48.11.390147 +0200,
,,2,0,2,,,,,,,7,t06,sátor,tent,8,tools,camping,4.8,110,None,None,None,"(-0.1, -0.1)",None,,,,,,,,,,,,,,0,0,0,0,0,27,27,27,2,0,2,0,300.68243840010837,,,,,,,,,,,,,,,,,,,,,,,,,,,,,,,,,,,,,,,,,,,,,,,,,,,,,,,,,,,,,,,,,,,,,,,,,,,,,,,,,,,,,,,,,,,,,,300.66894120001234,300.68243840010837,300.68243840010837,300.68243840010837,300.86659200000577,None,,,,,,,,,,,300.8827774999663,300.8827774999663,300.8827774999663,,,,,,,,,,,,,,,,,,,,,,,,,,,,,,,,,P9615,MIC_Bar,7,2,2026-05-07_16h48.09.629,MIC_task,,2026.1.2,60.29795630166393,2026-05-07 16h48.11.390147 +0200,
,,3,0,3,,,,,,,7,t06,sátor,tent,8,tools,camping,4.8,110,None,None,None,"(-0.1, -0.1)",None,,,,,,,,,,,,,,0,0,0,0,0,27,27,27,3,0,3,0,300.8827774999663,,,,,,,,,,,,,,,,,,,,,,,,,,,,,,,,,,,,,,,,,,,,,,,,,,,,,,,,,,,,,,,,,,,,,,,,,,,,,,,,,,,,,,,,,,,,,,300.86932629998773,300.8827774999663,300.8827774999663,300.8827774999663,301.06694709998555,None,,,,,,,,,,,301.0830703000538,301.0830703000538,301.0830703000538,,,,,,,,,,,,,,,,,,,,,,,,,,,,,,,,,P9615,MIC_Bar,7,2,2026-05-07_16h48.09.629,MIC_task,,2026.1.2,60.29795630166393,2026-05-07 16h48.11.390147 +0200,
,,4,0,4,,,,,,,7,t06,sátor,tent,8,tools,camping,4.8,110,None,None,None,"(-0.1, -0.1)",None,,,,,,,,,,,,,,0,0,0,0,0,27,27,27,4,0,4,0,301.0830703000538,,,,,,,,,,,,,,,,,,,,,,,,,,,,,,,,,,,,,,,,,,,,,,,,,,,,,,,,,,,,,,,,,,,,,,,,,,,,,,,,,,,,,,,,,,,,,,301.06980579998344,301.0830703000538,301.0830703000538,301.0830703000538,301.26696150004864,None,,,,,,,,,,,,,,,,,,,,,,,,,,,,,,,,,,,,,,,,,,,,,,P9615,MIC_Bar,7,2,2026-05-07_16h48.09.629,MIC_task,,2026.1.2,60.29795630166393,2026-05-07 16h48.11.390147 +0200,
,,5,0,5,,,,,,,7,t06,sátor,tent,8,tools,camping,4.8,110,None,None,None,"(-0.1, -0.1)",None,,,,,,,,,,,,,,0,0,0,0,0,27,27,27,5,0,5,0,301.28352200007066,,,,,,,,,,,,,,,,,,,,,,,,,,,,,,,,,,,,,,,,,,,,,,,,,,,,,,,,,,,,,,,,,,,,,,,,,,,,,,,,,,,,,,,,,,,,,,301.2699062000029,301.28352200007066,301.28352200007066,301.28352200007066,301.46866090013646,None,,,,,,,,,,,,,,,,,,,,,,,,,,,,,,,,,,,,,,,,,,,,,,P9615,MIC_Bar,7,2,2026-05-07_16h48.09.629,MIC_task,,2026.1.2,60.29795630166393,2026-05-07 16h48.11.390147 +0200,
,,6,0,6,,,,,,,7,t06,sátor,tent,8,tools,camping,4.8,110,None,None,None,"(-0.1, -0.1)",None,,,,,,,,,,,,,,0,0,0,0,0,27,27,27,6,0,6,0,301.48393950005993,,,,,,,,,,,,,,,,,,,,,,,,,,,,,,,,,,,,,,,,,,,,,,,,,,,,,,,,,,,,,,,,,,,,,,,,,,,,,,,,,,,,,,,,,,,,,,301.47139950003475,301.48393950005993,301.48393950005993,301.48393950005993,301.6691640999634,None,,,,,,,,,,,,,,,,,,,,,,,,,,,,,,,,,,,,,,,,,,,,,,P9615,MIC_Bar,7,2,2026-05-07_16h48.09.629,MIC_task,,2026.1.2,60.29795630166393,2026-05-07 16h48.11.390147 +0200,
,,7,0,7,,,,,,,7,t06,sátor,tent,8,tools,camping,4.8,110,None,None,None,"(-0.1, -0.1)",None,,,,,,,,,,,,,,0,0,0,0,0,27,27,27,7,0,7,0,301.68438590015285,,,,,,,,,,,,,,,,,,,,,,,,,,,,,,,,,,,,,,,,,,,,,,,,,,,,,,,,,,,,,,,,,,,,,,,,,,,,,,,,,,,,,,,,,,,,,,301.6723831000272,301.68438590015285,301.68438590015285,301.68438590015285,301.8681549001485,None,,,,,,,,,,,,,,,,,,,,,,,,,,,,,,,,,,,,,,,,,,,,,,P9615,MIC_Bar,7,2,2026-05-07_16h48.09.629,MIC_task,,2026.1.2,60.29795630166393,2026-05-07 16h48.11.390147 +0200,
,,8,0,8,,,,,,,7,t06,sátor,tent,8,tools,camping,4.8,110,None,None,None,"(-0.1, -0.1)",None,,,,,,,,,,,,,,0,0,0,0,0,27,27,27,8,0,8,0,301.88384030014277,,,,,,,,,,,,,,,,,,,,,,,,,,,,,,,,,,,,,,,,,,,,,,,,,,,,,,,,,,,,,,,,,,,,,,,,,,,,,,,,,,,,,,,,,,,,,,301.871014600154,301.88384030014277,301.88384030014277,301.88384030014277,302.06758749997243,None,,,,,,,,,,,,,,,,,,,,,,,,,,,,,,,,,,,,,,,,,,,,,,P9615,MIC_Bar,7,2,2026-05-07_16h48.09.629,MIC_task,,2026.1.2,60.29795630166393,2026-05-07 16h48.11.390147 +0200,
,,9,0,9,,,,,,,7,t06,sátor,tent,8,tools,camping,4.8,110,None,None,None,"(-0.1, -0.1)",None,,,,,,,,,,,,,,0,0,0,0,0,27,27,27,9,0,9,0,302.0841922000982,,,,,,,,,,,,,,,,,,,,,,,,,,,,,,,,,,,,,,,,,,,,,,,,,,,,,,,,,,,,,,,,,,,,,,,,,,,,,,,,,,,,,,,,,,,,,,302.0704197001178,302.0841922000982,302.0841922000982,302.0841922000982,302.2679362001363,None,,,,,,,,,,,,,,,,,,,,,,,,,,,,,,,,,,,,,,,,,,,,,,P9615,MIC_Bar,7,2,2026-05-07_16h48.09.629,MIC_task,,2026.1.2,60.29795630166393,2026-05-07 16h48.11.390147 +0200,
,,10,0,10,,,,,,,7,t06,sátor,tent,8,tools,camping,4.8,110,None,None,None,"(-0.1, -0.1)",None,,,,,,,,,,,,,,0,0,0,0,0,27,27,27,10,0,10,0,302.28460010001436,,,,,,,,,,,,,,,,,,,,,,,,,,,,,,,,,,,,,,,,,,,,,,,,,,,,,,,,,,,,,,,,,,,,,,,,,,,,,,,,,,,,,,,,,,,,,,302.27068950003013,302.28460010001436,302.28460010001436,302.28460010001436,302.4682942000218,None,,,,,,,,,,,,,,,,,,,,,,,,,,,,,,,,,,,,,,,,,,,,,,P9615,MIC_Bar,7,2,2026-05-07_16h48.09.629,MIC_task,,2026.1.2,60.29795630166393,2026-05-07 16h48.11.390147 +0200,
,,11,0,11,,,,,,,7,t06,sátor,tent,8,tools,camping,4.8,110,None,None,None,"(-0.1, -0.1)",None,,,,,,,,,,,,,,0,0,0,0,0,27,27,27,11,0,11,0,302.4850157999899,,,,,,,,,,,,,,,,,,,,,,,,,,,,,,,,,,,,,,,,,,,,,,,,,,,,,,,,,,,,,,,,,,,,,,,,,,,,,,,,,,,,,,,,,,,,,,302.47096970002167,302.4850157999899,302.4850157999899,302.4850157999899,302.6693498000968,None,,,,,,,,,,,,,,,,,,,,,,,,,,,,,,,,,,,,,,,,,,,,,,P9615,MIC_Bar,7,2,2026-05-07_16h48.09.629,MIC_task,,2026.1.2,60.29795630166393,2026-05-07 16h48.11.390147 +0200,
,,12,0,12,,,,,,,7,t06,sátor,tent,8,tools,camping,4.8,110,None,None,None,"(-0.1, -0.1)",None,,,,,,,,,,,,,,0,0,0,0,0,27,27,27,12,0,12,0,302.68533440004103,,,,,,,,,,,,,,,,,,,,,,,,,,,,,,,,,,,,,,,,,,,,,,,,,,,,,,,,,,,,,,,,,,,,,,,,,,,,,,,,,,,,,,,,,,,,,,302.6722906001378,302.68533440004103,302.68533440004103,302.68533440004103,302.87060600006953,None,,,,,,,,,,,,,,,,,,,,,,,,,,,,,,,,,,,,,,,,,,,,,,P9615,MIC_Bar,7,2,2026-05-07_16h48.09.629,MIC_task,,2026.1.2,60.29795630166393,2026-05-07 16h48.11.390147 +0200,
,,13,0,13,,,,,,,7,t06,sátor,tent,8,tools,camping,4.8,110,None,None,None,"(-0.1, -0.1)",None,,,,,,,,,,,,,,0,0,0,0,0,27,27,27,13,0,13,0,302.8857185000088,,,,,,,,,,,,,,,,,,,,,,,,,,,,,,,,,,,,,,,,,,,,,,,,,,,,,,,,,,,,,,,,,,,,,,,,,,,,,,,,,,,,,,,,,,,,,,302.8737646001391,302.8857185000088,302.8857185000088,302.8857185000088,303.06943690008484,None,,,,,,,,,,,,,,,,,,,,,,,,,,,,,,,,,,,,,,,,,,,,,,P9615,MIC_Bar,7,2,2026-05-07_16h48.09.629,MIC_task,,2026.1.2,60.29795630166393,2026-05-07 16h48.11.390147 +0200,
,,14,0,14,,,,,,,7,t06,sátor,tent,8,tools,camping,4.8,110,None,None,None,"(-0.1, -0.1)",None,,,,,,,,,,,,,,0,0,0,0,0,27,27,27,14,0,14,0,303.08615859993733,,,,,,,,,,,,,,,,,,,,,,,,,,,,,,,,,,,,,,,,,,,,,,,,,,,,,,,,,,,,,,,,,,,,,,,,,,,,,,,,,,,,,,,,,,,,,,303.0726469999645,303.08615859993733,303.08615859993733,303.08615859993733,303.2712717000395,None,,,,,,,,,,,,,,,,,,,,,,,,,,,,,,,,,,,,,,,,,,,,,,P9615,MIC_Bar,7,2,2026-05-07_16h48.09.629,MIC_task,,2026.1.2,60.29795630166393,2026-05-07 16h48.11.390147 +0200,
,,15,0,15,,,,,,,7,t06,sátor,tent,8,tools,camping,4.8,110,None,None,None,"(-0.1, -0.1)",None,,,,,,,,,,,,,,0,0,0,0,0,27,27,27,15,0,15,0,303.2865057999734,,,,,,,,,,,,,,,,,,,,,,,,,,,,,,,,,,,,,,,,,,,,,,,,,,,,,,,,,,,,,,,,,,,,,,,,,,,,,,,,,,,,,,,,,,,,,,303.27430130005814,303.2865057999734,303.2865057999734,303.2865057999734,303.471696899971,None,,,,,,,,,,,,,,,,,,,,,,,,,,,,,,,,,,,,,,,,,,,,,,P9615,MIC_Bar,7,2,2026-05-07_16h48.09.629,MIC_task,,2026.1.2,60.29795630166393,2026-05-07 16h48.11.390147 +0200,
,,16,0,16,,,,,,,7,t06,sátor,tent,8,tools,camping,4.8,110,None,None,None,"(-0.1, -0.1)",None,,,,,,,,,,,,,,0,0,0,0,0,27,27,27,16,0,16,0,303.48689409997314,,,,,,,,,,,,,,,,,,,,,,,,,,,,,,,,,,,,,,,,,,,,,,,,,,,,,,,,,,,,,,,,,,,,,,,,,,,,,,,,,,,,,,,,,,,,,,303.4745670000557,303.48689409997314,303.48689409997314,303.48689409997314,303.67061570007354,None,,,,,,,,,,,,,,,,,,,,,,,,,,,,,,,,,,,,,,,,,,,,,,P9615,MIC_Bar,7,2,2026-05-07_16h48.09.629,MIC_task,,2026.1.2,60.29795630166393,2026-05-07 16h48.11.390147 +0200,
,,17,0,17,,,,,,,7,t06,sátor,tent,8,tools,camping,4.8,110,None,None,None,"(-0.1, -0.1)",None,,,,,,,,,,,,,,0,0,0,0,0,27,27,27,17,0,17,0,303.68731830012985,,,,,,,,,,,,,,,,,,,,,,,,,,,,,,,,,,,,,,,,,,,,,,,,,,,,,,,,,,,,,,,,,,,,,,,,,,,,,,,,,,,,,,,,,,,,,,303.6735563999973,303.68731830012985,303.68731830012985,303.68731830012985,303.87110660015605,None,,,,,,,,,,,,,,,,,,,,,,,,,,,,,,,,,,,,,,,,,,,,,,P9615,MIC_Bar,7,2,2026-05-07_16h48.09.629,MIC_task,,2026.1.2,60.29795630166393,2026-05-07 16h48.11.390147 +0200,
,,18,0,18,,,,,,,7,t06,sátor,tent,8,tools,camping,4.8,110,None,None,None,"(-0.1, -0.1)",None,,,,,,,,,,,,,,0,0,0,0,0,27,27,27,18,0,18,0,303.8876873999834,,,,,,,,,,,,,,,,,,,,,,,,,,,,,,,,,,,,,,,,,,,,,,,,,,,,,,,,,,,,,,,,,,,,,,,,,,,,,,,,,,,,,,,,,,,,,,303.8740702001378,303.8876873999834,303.8876873999834,303.8876873999834,304.0714402999729,None,,,,,,,,,,,,,,,,,,,,,,,,,,,,,,,,,,,,,,,,,,,,,,P9615,MIC_Bar,7,2,2026-05-07_16h48.09.629,MIC_task,,2026.1.2,60.29795630166393,2026-05-07 16h48.11.390147 +0200,
,,19,0,19,,,,,,,7,t06,sátor,tent,8,tools,camping,4.8,110,None,None,None,"(-0.1, -0.1)",None,,,,,,,,,,,,,,0,0,0,0,0,27,27,27,19,0,19,0,304.0871848000679,,,,,,,,,,,,,,,,,,,,,,,,,,,,,,,,,,,,,,,,,,,,,,,,,,,,,,,,,,,,,,,,,,,,,,,,,,,,,,,,,,,,,,,,,,,,,,304.07444290001877,304.0871848000679,304.0871848000679,304.0871848000679,304.27230489999056,None,,,,,,,,,,,,,,,,,,,,,,,,,,,,,,,,,,,,,,,,,,,,,,P9615,MIC_Bar,7,2,2026-05-07_16h48.09.629,MIC_task,,2026.1.2,60.29795630166393,2026-05-07 16h48.11.390147 +0200,
,,20,0,20,,,,,,,7,t06,sátor,tent,8,tools,camping,4.8,110,None,None,None,"(-0.1, -0.1)",None,,,,,,,,,,,,,,0,0,0,0,0,27,27,27,20,0,20,0,304.2875078001525,,,,,,,,,,,,,,,,,,,,,,,,,,,,,,,,,,,,,,,,,,,,,,,,,,,,,,,,,,,,,,,,,,,,,,,,,,,,,,,,,,,,,,,,,,,,,,304.275419899961,304.2875078001525,304.2875078001525,304.2875078001525,304.47136349999346,None,,,,,,,,,,,,,,,,,,,,,,,,,,,,,,,,,,,,,,,,,,,,,,P9615,MIC_Bar,7,2,2026-05-07_16h48.09.629,MIC_task,,2026.1.2,60.29795630166393,2026-05-07 16h48.11.390147 +0200,
,,21,0,21,,,,,,,7,t06,sátor,tent,8,tools,camping,4.8,110,None,None,None,"(-0.1, -0.1)",None,,,,,,,,,,,,,,0,0,0,0,0,27,27,27,21,0,21,0,304.487897900166,,,,,,,,,,,,,,,,,,,,,,,,,,,,,,,,,,,,,,,,,,,,,,,,,,,,,,,,,,,,,,,,,,,,,,,,,,,,,,,,,,,,,,,,,,,,,,304.4744361001067,304.487897900166,304.487897900166,304.487897900166,304.6727024000138,None,,,,,,,,,,,,,,,,,,,,,,,,,,,,,,,,,,,,,,,,,,,,,,P9615,MIC_Bar,7,2,2026-05-07_16h48.09.629,MIC_task,,2026.1.2,60.29795630166393,2026-05-07 16h48.11.390147 +0200,
,,22,0,22,,,,,,,7,t06,sátor,tent,8,tools,camping,4.8,110,None,None,None,"(-0.1, -0.1)",None,,,,,,,,,,,,,,0,0,0,0,0,27,27,27,22,0,22,0,304.6882684000302,,,,,,,,,,,,,,,,,,,,,,,,,,,,,,,,,,,,,,,,,,,,,,,,,,,,,,,,,,,,,,,,,,,,,,,,,,,,,,,,,,,,,,,,,,,,,,304.67556670005433,304.6882684000302,304.6882684000302,304.6882684000302,304.8720653001219,None,,,,,,,,,,,,,,,,,,,,,,,,,,,,,,,,,,,,,,,,,,,,,,P9615,MIC_Bar,7,2,2026-05-07_16h48.09.629,MIC_task,,2026.1.2,60.29795630166393,2026-05-07 16h48.11.390147 +0200,
,,23,0,23,,,,,,,7,t06,sátor,tent,8,tools,camping,4.8,110,None,None,None,"(-0.1, -0.1)",None,,,,,,,,,,,,,,0,0,0,0,0,27,27,27,23,0,23,0,304.888642600039,,,,,,,,,,,,,,,,,,,,,,,,,,,,,,,,,,,,,,,,,,,,,,,,,,,,,,,,,,,,,,,,,,,,,,,,,,,,,,,,,,,,,,,,,,,,,,304.8749871000182,304.888642600039,304.888642600039,304.888642600039,305.0740939001553,None,,,,,,,,,,,,,,,,,,,,,,,,,,,,,,,,,,,,,,,,,,,,,,P9615,MIC_Bar,7,2,2026-05-07_16h48.09.629,MIC_task,,2026.1.2,60.29795630166393,2026-05-07 16h48.11.390147 +0200,
,,24,0,24,,,,,,,7,t06,sátor,tent,8,tools,camping,4.8,110,None,None,None,"(-0.1, -0.1)",None,,,,,,,,,,,,,,0,0,0,0,0,27,27,27,24,0,24,0,305.0890975999646,,,,,,,,,,,,,,,,,,,,,,,,,,,,,,,,,,,,,,,,,,,,,,,,,,,,,,,,,,,,,,,,,,,,,,,,,,,,,,,,,,,,,,,,,,,,,,305.07693450013176,305.0890975999646,305.0890975999646,305.0890975999646,305.2743423001375,None,,,,,,,,,,,,,,,,,,,,,,,,,,,,,,,,,,,,,,,,,,,,,,P9615,MIC_Bar,7,2,2026-05-07_16h48.09.629,MIC_task,,2026.1.2,60.29795630166393,2026-05-07 16h48.11.390147 +0200,
,,25,0,25,,,,,,,7,t06,sátor,tent,8,tools,camping,4.8,110,None,None,None,"(-0.1, -0.1)",None,,,,,,,,,,,,,,0,0,0,0,0,27,27,27,25,0,25,0,305.2894584001042,,,,,,,,,,,,,,,,,,,,,,,,,,,,,,,,,,,,,,,,,,,,,,,,,,,,,,,,,,,,,,,,,,,,,,,,,,,,,,,,,,,,,,,,,,,,,,305.2773478999734,305.2894584001042,305.2894584001042,305.2894584001042,305.47457180009224,None,,,,,,,,,,,,,,,,,,,,,,,,,,,,,,,,,,,,,,,,,,,,,,P9615,MIC_Bar,7,2,2026-05-07_16h48.09.629,MIC_task,,2026.1.2,60.29795630166393,2026-05-07 16h48.11.390147 +0200,
,,26,0,26,,,,,,,7,t06,sátor,tent,8,tools,camping,4.8,110,None,None,None,"(-0.1, -0.1)",None,,,,,,,,,,,,,,0,0,0,0,0,27,27,27,26,0,26,0,305.4898060001433,,,,,,,,,,,,,,,,,,,,,,,,,,,,,,,,,,,,,,,,,,,,,,,,,,,,,,,,,,,,,,,,,,,,,,,,,,,,,,,,,,,,,,,,,,,,,,305.4773236999754,305.4898060001433,305.4898060001433,305.4898060001433,305.67360189999454,None,,,,,,,,,,,,,,,,,,,,,,,,,,,,,,,,,,,,,,,,,,,,,,P9615,MIC_Bar,7,2,2026-05-07_16h48.09.629,MIC_task,,2026.1.2,60.29795630166393,2026-05-07 16h48.11.390147 +0200,
,,27,0,27,,,,,,,7,t06,sátor,tent,8,tools,camping,4.8,110,None,None,None,"(-0.1, -0.1)",None,,,,,,,,,,,,,,0,0,0,0,0,27,27,27,27,0,27,0,305.6901938000228,,,,,,,,,,,,,,,,,,,,,,,,,,,,,,,,,,,,,,,,,,,,,,,,,,,,,,,,,,,,,,,,,,,,,,,,,,,,,,,,,,,,,,,,,,,,,,305.67645739996806,305.6901938000228,305.6901938000228,305.6901938000228,305.87406020006165,None,,,,,,,,,,,,,,,,,,,,,,,,,,,,,,,,,,,,,,,,,,,,,,P9615,MIC_Bar,7,2,2026-05-07_16h48.09.629,MIC_task,,2026.1.2,60.29795630166393,2026-05-07 16h48.11.390147 +0200,
,,28,0,28,,,,,,,7,t06,sátor,tent,8,tools,camping,4.8,110,None,None,None,"(-0.1, -0.1)",None,,,,,,,,,,,,,,0,0,0,0,0,27,27,27,28,0,28,0,305.8906207000837,,,,,,,,,,,,,,,,,,,,,,,,,,,,,,,,,,,,,,,,,,,,,,,,,,,,,,,,,,,,,,,,,,,,,,,,,,,,,,,,,,,,,,,,,,,,,,305.8768717001658,305.8906207000837,305.8906207000837,305.8906207000837,306.0758110000752,None,,,,,,,,,,,,,,,,,,,,,,,,,,,,,,,,,,,,,,,,,,,,,,P9615,MIC_Bar,7,2,2026-05-07_16h48.09.629,MIC_task,,2026.1.2,60.29795630166393,2026-05-07 16h48.11.390147 +0200,
,,29,0,29,,,,,,,7,t06,sátor,tent,8,tools,camping,4.8,110,None,None,None,"(-0.1, -0.1)",None,,,,,,,,,,,,,,0,0,0,0,0,27,27,27,29,0,29,0,306.09105370007455,,,,,,,,,,,,,,,,,,,,,,,,,,,,,,,,,,,,,,,,,,,,,,,,,,,,,,,,,,,,,,,,,,,,,,,,,,,,,,,,,,,,,,,,,,,,,,306.07884149998426,306.09105370007455,306.09105370007455,306.09105370007455,306.2748155000154,None,,,,,,,,,,,,,,,,,,,,,,,,,,,,,,,,,,,,,,,,,,,,,,P9615,MIC_Bar,7,2,2026-05-07_16h48.09.629,MIC_task,,2026.1.2,60.29795630166393,2026-05-07 16h48.11.390147 +0200,
,,30,0,30,,,,,,,7,t06,sátor,tent,8,tools,camping,4.8,110,None,None,None,"(-0.1, -0.1)",None,,,,,,,,,,,,,,0,0,0,0,0,27,27,27,30,0,30,0,306.29145950009115,,,,,,,,,,,,,,,,,,,,,,,,,,,,,,,,,,,,,,,,,,,,,,,,,,,,,,,,,,,,,,,,,,,,,,,,,,,,,,,,,,,,,,,,,,,,,,306.2775811001193,306.29145950009115,306.29145950009115,306.29145950009115,306.4749813999515,None,,,,,,,,,,,,,,,,,,,,,,,,,,,,,,,,,,,,,,,,,,,,,,P9615,MIC_Bar,7,2,2026-05-07_16h48.09.629,MIC_task,,2026.1.2,60.29795630166393,2026-05-07 16h48.11.390147 +0200,
,,31,0,31,,,,,,,7,t06,sátor,tent,8,tools,camping,4.8,110,None,None,None,"(-0.1, -0.1)",None,,,,,,,,,,,,,,0,0,0,0,0,27,27,27,31,0,31,0,306.4908533000853,,,,,,,,,,,,,,,,,,,,,,,,,,,,,,,,,,,,,,,,,,,,,,,,,,,,,,,,,,,,,,,,,,,,,,,,,,,,,,,,,,,,,,,,,,,,,,306.47796649998054,306.4908533000853,306.4908533000853,306.4908533000853,306.6746178001631,None,,,,,,,,,,,,,,,,,,,,,,,,,,,,,,,,,,,,,,,,,,,,,,P9615,MIC_Bar,7,2,2026-05-07_16h48.09.629,MIC_task,,2026.1.2,60.29795630166393,2026-05-07 16h48.11.390147 +0200,
,,32,0,32,,,,,,,7,t06,sátor,tent,8,tools,camping,4.8,110,None,None,None,"(-0.1, -0.1)",None,,,,,,,,,,,,,,0,0,0,0,0,27,27,27,32,0,32,0,306.69120640004985,,,,,,,,,,,,,,,,,,,,,,,,,,,,,,,,,,,,,,,,,,,,,,,,,,,,,,,,,,,,,,,,,,,,,,,,,,,,,,,,,,,,,,,,,,,,,,306.67753320001066,306.69120640004985,306.69120640004985,306.69120640004985,306.8763105000835,None,,,,,,,,,,,,,,,,,,,,,,,,,,,,,,,,,,,,,,,,,,,,,,P9615,MIC_Bar,7,2,2026-05-07_16h48.09.629,MIC_task,,2026.1.2,60.29795630166393,2026-05-07 16h48.11.390147 +0200,
,,33,0,33,,,,,,,7,t06,sátor,tent,8,tools,camping,4.8,110,None,None,None,"(-0.1, -0.1)",space,None,None,,,,,,,,,,,,0,0,0,0,0,27,27,27,33,0,33,0,306.89160520001315,,,,,,,,,,,,,,,,,,,,,,,,,,,,,,,,,,,,,,,,,,,,,,,,,,,,,,,,,,,,,,,,,,,,,,,,,,,,,,,,,,,,,,,,,,,,,,306.8790427001659,306.89160520001315,306.89160520001315,306.89160520001315,307.01003040000796,space,None,None,,,,,,,,,,,,,,,,,,,,,,,,,,,,,,,,,,,,,,,,,,,,P9615,MIC_Bar,7,2,2026-05-07_16h48.09.629,MIC_task,,2026.1.2,60.29795630166393,2026-05-07 16h48.11.390147 +0200,
,,27,27,0,,,,space,0.44517230009660125,None,7,t06,sátor,tent,8,tools,camping,4.8,110,None,None,None,"(-0.1, -0.1)",,,,,,,,,,,,,,,0,0,0,0,0,27,27,27,,,,,,,,,,,,,,,,,,,,,,,,,,,,,,,,,,,,,,,,,,,,,,,,,,,,,,,,,,,,,,,,,,,,,,,,,,,,,,,,307.0681096999906,307.0731947000604,307.0757442666373,309.01216080016457,,,,,,311.01510430010967,311.0318285000976,311.0318285000976,311.4843499001581,,,,,,,,,,,,,,,309.03507290012203,309.0400287001394,309.0453307334178,310.9321490000002,311.0150496000424,space,0.44517230009660125,None,,,,,,,,,,,,,,,,,,,,,,,,,,,,,,,,,,,,P9615,MIC_Bar,7,2,2026-05-07_16h48.09.629,MIC_task,,2026.1.2,60.29795630166393,2026-05-07 16h48.11.390147 +0200,
,,0,0,0,,,,,,,7,p17,orvos,doctor,6,people,professions,7,843,None,104,None,"(0.1, -0.1)",None,,,,,,,,,,,,,,0,0,0,0,0,28,28,28,0,0,0,0,311.4986686001066,,,,,,,,,,,,,,,,,,,,,,,,,,,,,,,,,,,,,,,,,,,,,,,,,,,,,,,,,,,,,,,,,,,,,,,,,,,,,,,,,,,,,,,,,,,,,,311.48800590005703,311.4986686001066,311.4986686001066,311.4986686001066,311.6829462000169,None,,,,,,,,,,,311.69903880008496,311.69903880008496,311.69903880008496,,,,,,,,,,,,,,,,,,,,,,,,,,,,,,,,,P9615,MIC_Bar,7,2,2026-05-07_16h48.09.629,MIC_task,,2026.1.2,60.29795630166393,2026-05-07 16h48.11.390147 +0200,
,,0,0,0,,,,,,,7,p17,orvos,doctor,6,people,professions,7,843,None,104,None,"(0.1, -0.1)",None,,,,,,,,,,,,,,0,0,0,0,0,28,28,28,0,0,0,0,311.69903880008496,,,,,,,,,,,,,,,,,,,,,,,,,,,,,,,,,,,,,,,,,,,,,,,,,,,,,,,,,,,,,,,,,,,,,,,,,,,,,,,,,,,,,,,,,,,,,,311.68593999999575,311.69903880008496,311.69903880008496,311.69903880008496,311.88384350016713,None,,,,,,,,,,,311.89939959999174,311.89939959999174,311.89939959999174,,,,,,,,,,,,,,,,,,,,,,,,,,,,,,,,,P9615,MIC_Bar,7,2,2026-05-07_16h48.09.629,MIC_task,,2026.1.2,60.29795630166393,2026-05-07 16h48.11.390147 +0200,
,,1,0,1,,,,,,,7,p17,orvos,doctor,6,people,professions,7,843,None,104,None,"(0.1, -0.1)",None,,,,,,,,,,,,,,0,0,0,0,0,28,28,28,1,0,1,0,311.89939959999174,,,,,,,,,,,,,,,,,,,,,,,,,,,,,,,,,,,,,,,,,,,,,,,,,,,,,,,,,,,,,,,,,,,,,,,,,,,,,,,,,,,,,,,,,,,,,,311.88707099994645,311.89939959999174,311.89939959999174,311.89939959999174,312.08366809994914,None,,,,,,,,,,,312.0998651001137,312.0998651001137,312.0998651001137,,,,,,,,,,,,,,,,,,,,,,,,,,,,,,,,,P9615,MIC_Bar,7,2,2026-05-07_16h48.09.629,MIC_task,,2026.1.2,60.29795630166393,2026-05-07 16h48.11.390147 +0200,
,,2,0,2,,,,,,,7,p17,orvos,doctor,6,people,professions,7,843,None,104,None,"(0.1, -0.1)",None,,,,,,,,,,,,,,0,0,0,0,0,28,28,28,2,0,2,0,312.0998651001137,,,,,,,,,,,,,,,,,,,,,,,,,,,,,,,,,,,,,,,,,,,,,,,,,,,,,,,,,,,,,,,,,,,,,,,,,,,,,,,,,,,,,,,,,,,,,,312.0866684000939,312.0998651001137,312.0998651001137,312.0998651001137,312.2848817000631,None,,,,,,,,,,,,,,,,,,,,,,,,,,,,,,,,,,,,,,,,,,,,,,P9615,MIC_Bar,7,2,2026-05-07_16h48.09.629,MIC_task,,2026.1.2,60.29795630166393,2026-05-07 16h48.11.390147 +0200,
,,3,0,3,,,,,,,7,p17,orvos,doctor,6,people,professions,7,843,None,104,None,"(0.1, -0.1)",None,,,,,,,,,,,,,,0,0,0,0,0,28,28,28,3,0,3,0,312.3002683999948,,,,,,,,,,,,,,,,,,,,,,,,,,,,,,,,,,,,,,,,,,,,,,,,,,,,,,,,,,,,,,,,,,,,,,,,,,,,,,,,,,,,,,,,,,,,,,312.288028200157,312.3002683999948,312.3002683999948,312.3002683999948,312.48432930000126,None,,,,,,,,,,,312.500559899956,312.500559899956,312.500559899956,,,,,,,,,,,,,,,,,,,,,,,,,,,,,,,,,P9615,MIC_Bar,7,2,2026-05-07_16h48.09.629,MIC_task,,2026.1.2,60.29795630166393,2026-05-07 16h48.11.390147 +0200,
,,4,0,4,,,,,,,7,p17,orvos,doctor,6,people,professions,7,843,None,104,None,"(0.1, -0.1)",None,,,,,,,,,,,,,,0,0,0,0,0,28,28,28,4,0,4,0,312.500559899956,,,,,,,,,,,,,,,,,,,,,,,,,,,,,,,,,,,,,,,,,,,,,,,,,,,,,,,,,,,,,,,,,,,,,,,,,,,,,,,,,,,,,,,,,,,,,,312.48739190003835,312.500559899956,312.500559899956,312.500559899956,312.68489630008116,None,,,,,,,,,,,312.7010324001312,312.7010324001312,312.7010324001312,,,,,,,,,,,,,,,,,,,,,,,,,,,,,,,,,P9615,MIC_Bar,7,2,2026-05-07_16h48.09.629,MIC_task,,2026.1.2,60.29795630166393,2026-05-07 16h48.11.390147 +0200,
,,5,0,5,,,,,,,7,p17,orvos,doctor,6,people,professions,7,843,None,104,None,"(0.1, -0.1)",None,,,,,,,,,,,,,,0,0,0,0,0,28,28,28,5,0,5,0,312.7010324001312,,,,,,,,,,,,,,,,,,,,,,,,,,,,,,,,,,,,,,,,,,,,,,,,,,,,,,,,,,,,,,,,,,,,,,,,,,,,,,,,,,,,,,,,,,,,,,312.68796789995395,312.7010324001312,312.7010324001312,312.7010324001312,312.88606350007467,None,,,,,,,,,,,,,,,,,,,,,,,,,,,,,,,,,,,,,,,,,,,,,,P9615,MIC_Bar,7,2,2026-05-07_16h48.09.629,MIC_task,,2026.1.2,60.29795630166393,2026-05-07 16h48.11.390147 +0200,
,,6,0,6,,,,,,,7,p17,orvos,doctor,6,people,professions,7,843,None,104,None,"(0.1, -0.1)",None,,,,,,,,,,,,,,0,0,0,0,0,28,28,28,6,0,6,0,312.9004065000918,,,,,,,,,,,,,,,,,,,,,,,,,,,,,,,,,,,,,,,,,,,,,,,,,,,,,,,,,,,,,,,,,,,,,,,,,,,,,,,,,,,,,,,,,,,,,,312.8890925999731,312.9004065000918,312.9004065000918,312.9004065000918,313.08519920008257,None,,,,,,,,,,,,,,,,,,,,,,,,,,,,,,,,,,,,,,,,,,,,,,P9615,MIC_Bar,7,2,2026-05-07_16h48.09.629,MIC_task,,2026.1.2,60.29795630166393,2026-05-07 16h48.11.390147 +0200,
,,7,0,7,,,,,,,7,p17,orvos,doctor,6,people,professions,7,843,None,104,None,"(0.1, -0.1)",None,,,,,,,,,,,,,,0,0,0,0,0,28,28,28,7,0,7,0,313.1018236000091,,,,,,,,,,,,,,,,,,,,,,,,,,,,,,,,,,,,,,,,,,,,,,,,,,,,,,,,,,,,,,,,,,,,,,,,,,,,,,,,,,,,,,,,,,,,,,313.08825150015764,313.1018236000091,313.1018236000091,313.1018236000091,313.28460859996267,None,,,,,,,,,,,,,,,,,,,,,,,,,,,,,,,,,,,,,,,,,,,,,,P9615,MIC_Bar,7,2,2026-05-07_16h48.09.629,MIC_task,,2026.1.2,60.29795630166393,2026-05-07 16h48.11.390147 +0200,
,,8,0,8,,,,,,,7,p17,orvos,doctor,6,people,professions,7,843,None,104,None,"(0.1, -0.1)",None,,,,,,,,,,,,,,0,0,0,0,0,28,28,28,8,0,8,0,313.3012280999683,,,,,,,,,,,,,,,,,,,,,,,,,,,,,,,,,,,,,,,,,,,,,,,,,,,,,,,,,,,,,,,,,,,,,,,,,,,,,,,,,,,,,,,,,,,,,,313.2875974001363,313.3012280999683,313.3012280999683,313.3012280999683,313.4849456001539,None,,,,,,,,,,,,,,,,,,,,,,,,,,,,,,,,,,,,,,,,,,,,,,P9615,MIC_Bar,7,2,2026-05-07_16h48.09.629,MIC_task,,2026.1.2,60.29795630166393,2026-05-07 16h48.11.390147 +0200,
,,9,0,9,,,,,,,7,p17,orvos,doctor,6,people,professions,7,843,None,104,None,"(0.1, -0.1)",None,,,,,,,,,,,,,,0,0,0,0,0,28,28,28,9,0,9,0,313.5016106001567,,,,,,,,,,,,,,,,,,,,,,,,,,,,,,,,,,,,,,,,,,,,,,,,,,,,,,,,,,,,,,,,,,,,,,,,,,,,,,,,,,,,,,,,,,,,,,313.4879165000748,313.5016106001567,313.5016106001567,313.5016106001567,313.6867702000309,None,,,,,,,,,,,,,,,,,,,,,,,,,,,,,,,,,,,,,,,,,,,,,,P9615,MIC_Bar,7,2,2026-05-07_16h48.09.629,MIC_task,,2026.1.2,60.29795630166393,2026-05-07 16h48.11.390147 +0200,
,,10,0,10,,,,,,,7,p17,orvos,doctor,6,people,professions,7,843,None,104,None,"(0.1, -0.1)",None,,,,,,,,,,,,,,0,0,0,0,0,28,28,28,10,0,10,0,313.7019591999706,,,,,,,,,,,,,,,,,,,,,,,,,,,,,,,,,,,,,,,,,,,,,,,,,,,,,,,,,,,,,,,,,,,,,,,,,,,,,,,,,,,,,,,,,,,,,,313.6897587000858,313.7019591999706,313.7019591999706,313.7019591999706,313.8858040999621,None,,,,,,,,,,,,,,,,,,,,,,,,,,,,,,,,,,,,,,,,,,,,,,P9615,MIC_Bar,7,2,2026-05-07_16h48.09.629,MIC_task,,2026.1.2,60.29795630166393,2026-05-07 16h48.11.390147 +0200,
,,11,0,11,,,,,,,7,p17,orvos,doctor,6,people,professions,7,843,None,104,None,"(0.1, -0.1)",None,,,,,,,,,,,,,,0,0,0,0,0,28,28,28,11,0,11,0,313.9023515000008,,,,,,,,,,,,,,,,,,,,,,,,,,,,,,,,,,,,,,,,,,,,,,,,,,,,,,,,,,,,,,,,,,,,,,,,,,,,,,,,,,,,,,,,,,,,,,313.8887924000155,313.9023515000008,313.9023515000008,313.9023515000008,314.0861701001413,None,,,,,,,,,,,,,,,,,,,,,,,,,,,,,,,,,,,,,,,,,,,,,,P9615,MIC_Bar,7,2,2026-05-07_16h48.09.629,MIC_task,,2026.1.2,60.29795630166393,2026-05-07 16h48.11.390147 +0200,
,,12,0,12,,,,,,,7,p17,orvos,doctor,6,people,professions,7,843,None,104,None,"(0.1, -0.1)",None,,,,,,,,,,,,,,0,0,0,0,0,28,28,28,12,0,12,0,314.1027337999549,,,,,,,,,,,,,,,,,,,,,,,,,,,,,,,,,,,,,,,,,,,,,,,,,,,,,,,,,,,,,,,,,,,,,,,,,,,,,,,,,,,,,,,,,,,,,,314.08936730003916,314.1027337999549,314.1027337999549,314.1027337999549,314.2877857000567,None,,,,,,,,,,,,,,,,,,,,,,,,,,,,,,,,,,,,,,,,,,,,,,P9615,MIC_Bar,7,2,2026-05-07_16h48.09.629,MIC_task,,2026.1.2,60.29795630166393,2026-05-07 16h48.11.390147 +0200,
,,13,0,13,,,,,,,7,p17,orvos,doctor,6,people,professions,7,843,None,104,None,"(0.1, -0.1)",None,,,,,,,,,,,,,,0,0,0,0,0,28,28,28,13,0,13,0,314.3031476000324,,,,,,,,,,,,,,,,,,,,,,,,,,,,,,,,,,,,,,,,,,,,,,,,,,,,,,,,,,,,,,,,,,,,,,,,,,,,,,,,,,,,,,,,,,,,,,314.2909238000866,314.3031476000324,314.3031476000324,314.3031476000324,314.4883985000197,None,,,,,,,,,,,,,,,,,,,,,,,,,,,,,,,,,,,,,,,,,,,,,,P9615,MIC_Bar,7,2,2026-05-07_16h48.09.629,MIC_task,,2026.1.2,60.29795630166393,2026-05-07 16h48.11.390147 +0200,
,,14,0,14,,,,,,,7,p17,orvos,doctor,6,people,professions,7,843,None,104,None,"(0.1, -0.1)",None,,,,,,,,,,,,,,0,0,0,0,0,28,28,28,14,0,14,0,314.5035254000686,,,,,,,,,,,,,,,,,,,,,,,,,,,,,,,,,,,,,,,,,,,,,,,,,,,,,,,,,,,,,,,,,,,,,,,,,,,,,,,,,,,,,,,,,,,,,,314.4913484000135,314.5035254000686,314.5035254000686,314.5035254000686,314.68725930014625,None,,,,,,,,,,,,,,,,,,,,,,,,,,,,,,,,,,,,,,,,,,,,,,P9615,MIC_Bar,7,2,2026-05-07_16h48.09.629,MIC_task,,2026.1.2,60.29795630166393,2026-05-07 16h48.11.390147 +0200,
,,15,0,15,,,,,,,7,p17,orvos,doctor,6,people,professions,7,843,None,104,None,"(0.1, -0.1)",None,,,,,,,,,,,,,,0,0,0,0,0,28,28,28,15,0,15,0,314.7039116001688,,,,,,,,,,,,,,,,,,,,,,,,,,,,,,,,,,,,,,,,,,,,,,,,,,,,,,,,,,,,,,,,,,,,,,,,,,,,,,,,,,,,,,,,,,,,,,314.6906906000804,314.7039116001688,314.7039116001688,314.7039116001688,314.887715900084,None,,,,,,,,,,,,,,,,,,,,,,,,,,,,,,,,,,,,,,,,,,,,,,P9615,MIC_Bar,7,2,2026-05-07_16h48.09.629,MIC_task,,2026.1.2,60.29795630166393,2026-05-07 16h48.11.390147 +0200,
,,16,0,16,,,,,,,7,p17,orvos,doctor,6,people,professions,7,843,None,104,None,"(0.1, -0.1)",None,,,,,,,,,,,,,,0,0,0,0,0,28,28,28,16,0,16,0,314.90432760003023,,,,,,,,,,,,,,,,,,,,,,,,,,,,,,,,,,,,,,,,,,,,,,,,,,,,,,,,,,,,,,,,,,,,,,,,,,,,,,,,,,,,,,,,,,,,,,314.89084989996627,314.90432760003023,314.90432760003023,314.90432760003023,315.0880599000957,None,,,,,,,,,,,,,,,,,,,,,,,,,,,,,,,,,,,,,,,,,,,,,,P9615,MIC_Bar,7,2,2026-05-07_16h48.09.629,MIC_task,,2026.1.2,60.29795630166393,2026-05-07 16h48.11.390147 +0200,
,,17,0,17,,,,,,,7,p17,orvos,doctor,6,people,professions,7,843,None,104,None,"(0.1, -0.1)",None,,,,,,,,,,,,,,0,0,0,0,0,28,28,28,17,0,17,0,315.1047446001321,,,,,,,,,,,,,,,,,,,,,,,,,,,,,,,,,,,,,,,,,,,,,,,,,,,,,,,,,,,,,,,,,,,,,,,,,,,,,,,,,,,,,,,,,,,,,,315.09103490016423,315.1047446001321,315.1047446001321,315.1047446001321,315.2898544999771,None,,,,,,,,,,,,,,,,,,,,,,,,,,,,,,,,,,,,,,,,,,,,,,P9615,MIC_Bar,7,2,2026-05-07_16h48.09.629,MIC_task,,2026.1.2,60.29795630166393,2026-05-07 16h48.11.390147 +0200,
,,18,0,18,,,,,,,7,p17,orvos,doctor,6,people,professions,7,843,None,104,None,"(0.1, -0.1)",None,,,,,,,,,,,,,,0,0,0,0,0,28,28,28,18,0,18,0,315.305158900097,,,,,,,,,,,,,,,,,,,,,,,,,,,,,,,,,,,,,,,,,,,,,,,,,,,,,,,,,,,,,,,,,,,,,,,,,,,,,,,,,,,,,,,,,,,,,,315.2929114000872,315.305158900097,315.305158900097,315.305158900097,315.48793810000643,None,,,,,,,,,,,,,,,,,,,,,,,,,,,,,,,,,,,,,,,,,,,,,,P9615,MIC_Bar,7,2,2026-05-07_16h48.09.629,MIC_task,,2026.1.2,60.29795630166393,2026-05-07 16h48.11.390147 +0200,
,,19,0,19,,,,,,,7,p17,orvos,doctor,6,people,professions,7,843,None,104,None,"(0.1, -0.1)",None,,,,,,,,,,,,,,0,0,0,0,0,28,28,28,19,0,19,0,315.50460140011273,,,,,,,,,,,,,,,,,,,,,,,,,,,,,,,,,,,,,,,,,,,,,,,,,,,,,,,,,,,,,,,,,,,,,,,,,,,,,,,,,,,,,,,,,,,,,,315.49138150014915,315.50460140011273,315.50460140011273,315.50460140011273,315.68842660007067,None,,,,,,,,,,,,,,,,,,,,,,,,,,,,,,,,,,,,,,,,,,,,,,P9615,MIC_Bar,7,2,2026-05-07_16h48.09.629,MIC_task,,2026.1.2,60.29795630166393,2026-05-07 16h48.11.390147 +0200,
,,20,0,20,,,,,,,7,p17,orvos,doctor,6,people,professions,7,843,None,104,None,"(0.1, -0.1)",None,,,,,,,,,,,,,,0,0,0,0,0,28,28,28,20,0,20,0,315.704957799986,,,,,,,,,,,,,,,,,,,,,,,,,,,,,,,,,,,,,,,,,,,,,,,,,,,,,,,,,,,,,,,,,,,,,,,,,,,,,,,,,,,,,,,,,,,,,,315.69163390016183,315.704957799986,315.704957799986,315.704957799986,315.8901575000491,None,,,,,,,,,,,,,,,,,,,,,,,,,,,,,,,,,,,,,,,,,,,,,,P9615,MIC_Bar,7,2,2026-05-07_16h48.09.629,MIC_task,,2026.1.2,60.29795630166393,2026-05-07 16h48.11.390147 +0200,
,,21,0,21,,,,,,,7,p17,orvos,doctor,6,people,professions,7,843,None,104,None,"(0.1, -0.1)",None,,,,,,,,,,,,,,0,0,0,0,0,28,28,28,21,0,21,0,315.90537280007266,,,,,,,,,,,,,,,,,,,,,,,,,,,,,,,,,,,,,,,,,,,,,,,,,,,,,,,,,,,,,,,,,,,,,,,,,,,,,,,,,,,,,,,,,,,,,,315.89365119999275,315.90537280007266,315.90537280007266,315.90537280007266,316.08914789999835,None,,,,,,,,,,,,,,,,,,,,,,,,,,,,,,,,,,,,,,,,,,,,,,P9615,MIC_Bar,7,2,2026-05-07_16h48.09.629,MIC_task,,2026.1.2,60.29795630166393,2026-05-07 16h48.11.390147 +0200,
,,22,0,22,,,,,,,7,p17,orvos,doctor,6,people,professions,7,843,None,104,None,"(0.1, -0.1)",None,,,,,,,,,,,,,,0,0,0,0,0,28,28,28,22,0,22,0,316.1057136999443,,,,,,,,,,,,,,,,,,,,,,,,,,,,,,,,,,,,,,,,,,,,,,,,,,,,,,,,,,,,,,,,,,,,,,,,,,,,,,,,,,,,,,,,,,,,,,316.0922765999567,316.1057136999443,316.1057136999443,316.1057136999443,316.2894683999475,None,,,,,,,,,,,,,,,,,,,,,,,,,,,,,,,,,,,,,,,,,,,,,,P9615,MIC_Bar,7,2,2026-05-07_16h48.09.629,MIC_task,,2026.1.2,60.29795630166393,2026-05-07 16h48.11.390147 +0200,
,,23,0,23,,,,,,,7,p17,orvos,doctor,6,people,professions,7,843,None,104,None,"(0.1, -0.1)",None,,,,,,,,,,,,,,0,0,0,0,0,28,28,28,23,0,23,0,316.3060918999836,,,,,,,,,,,,,,,,,,,,,,,,,,,,,,,,,,,,,,,,,,,,,,,,,,,,,,,,,,,,,,,,,,,,,,,,,,,,,,,,,,,,,,,,,,,,,,316.29285720014013,316.3060918999836,316.3060918999836,316.3060918999836,316.49118370004,None,,,,,,,,,,,,,,,,,,,,,,,,,,,,,,,,,,,,,,,,,,,,,,P9615,MIC_Bar,7,2,2026-05-07_16h48.09.629,MIC_task,,2026.1.2,60.29795630166393,2026-05-07 16h48.11.390147 +0200,
,,24,0,24,,,,,,,7,p17,orvos,doctor,6,people,professions,7,843,None,104,None,"(0.1, -0.1)",None,,,,,,,,,,,,,,0,0,0,0,0,28,28,28,24,0,24,0,316.50651980005205,,,,,,,,,,,,,,,,,,,,,,,,,,,,,,,,,,,,,,,,,,,,,,,,,,,,,,,,,,,,,,,,,,,,,,,,,,,,,,,,,,,,,,,,,,,,,,316.4945495000575,316.50651980005205,316.50651980005205,316.50651980005205,316.69031299999915,None,,,,,,,,,,,,,,,,,,,,,,,,,,,,,,,,,,,,,,,,,,,,,,P9615,MIC_Bar,7,2,2026-05-07_16h48.09.629,MIC_task,,2026.1.2,60.29795630166393,2026-05-07 16h48.11.390147 +0200,
,,25,0,25,,,,,,,7,p17,orvos,doctor,6,people,professions,7,843,None,104,None,"(0.1, -0.1)",space,0.057862000074237585,None,,,,,,,,,,,,0,0,0,0,0,28,28,28,25,0,25,0,316.70683809998445,,,,,,,,,,,,,,,,,,,,,,,,,,,,,,,,,,,,,,,,,,,,,,,,,,,,,,,,,,,,,,,,,,,,,,,,,,,,,,,,,,,,,,,,,,,,,,316.6937289000489,316.70683809998445,316.70683809998445,316.70683809998445,316.7764551001601,space,0.057862000074237585,None,,,,,,,,,,,,,,,,,,,,,,,,,,,,,,,,,,,,,,,,,,,,P9615,MIC_Bar,7,2,2026-05-07_16h48.09.629,MIC_task,,2026.1.2,60.29795630166393,2026-05-07 16h48.11.390147 +0200,
,,28,28,0,,,,space,0.4327579999808222,None,7,p17,orvos,doctor,6,people,professions,7,843,None,104,None,"(0.1, -0.1)",,,,,,,,,,,,,,,0,0,0,0,0,28,28,28,,,,,,,,,,,,,,,,,,,,,,,,,,,,,,,,,,,,,,,,,,,,,,,,,,,,,,,,,,,,,,,,,,,,,,,,,,,,,,,,316.8336678999476,316.838141300017,316.84196836665893,318.777120700106,,,,,,320.7813669000752,320.79661870002747,320.79661870002747,321.231074700132,,,,,,,,,,,,,,,318.806824499974,318.8125748001039,318.81027883350225,320.71426820009947,320.78130499995314,space,0.4327579999808222,None,,,,,,,,,,,,,,,,,,,,,,,,,,,,,,,,,,,,P9615,MIC_Bar,7,2,2026-05-07_16h48.09.629,MIC_task,,2026.1.2,60.29795630166393,2026-05-07 16h48.11.390147 +0200,
,,0,0,0,,,,,,,7,l09,kastély,castle,5,location,facilities,5.8,10,None,114,None,"(-0.1, 0)",None,,,,,,,,,,,,,,0,0,0,0,0,29,29,29,0,0,0,0,321.24679660005495,,,,,,,,,,,,,,,,,,,,,,,,,,,,,,,,,,,,,,,,,,,,,,,,,,,,,,,,,,,,,,,,,,,,,,,,,,,,,,,,,,,,,,,,,,,,,,321.2344702000264,321.24679660005495,321.24679660005495,321.24679660005495,321.43103069998324,None,,,,,,,,,,,321.44718610006385,321.44718610006385,321.44718610006385,,,,,,,,,,,,,,,,,,,,,,,,,,,,,,,,,P9615,MIC_Bar,7,2,2026-05-07_16h48.09.629,MIC_task,,2026.1.2,60.29795630166393,2026-05-07 16h48.11.390147 +0200,
,,0,0,0,,,,,,,7,l09,kastély,castle,5,location,facilities,5.8,10,None,114,None,"(-0.1, 0)",None,,,,,,,,,,,,,,0,0,0,0,0,29,29,29,0,0,0,0,321.44718610006385,,,,,,,,,,,,,,,,,,,,,,,,,,,,,,,,,,,,,,,,,,,,,,,,,,,,,,,,,,,,,,,,,,,,,,,,,,,,,,,,,,,,,,,,,,,,,,321.43451569997706,321.44718610006385,321.44718610006385,321.44718610006385,321.63139070011675,None,,,,,,,,,,,321.64756680000573,321.64756680000573,321.64756680000573,,,,,,,,,,,,,,,,,,,,,,,,,,,,,,,,,P9615,MIC_Bar,7,2,2026-05-07_16h48.09.629,MIC_task,,2026.1.2,60.29795630166393,2026-05-07 16h48.11.390147 +0200,
,,1,0,1,,,,,,,7,l09,kastély,castle,5,location,facilities,5.8,10,None,114,None,"(-0.1, 0)",None,,,,,,,,,,,,,,0,0,0,0,0,29,29,29,1,0,1,0,321.64756680000573,,,,,,,,,,,,,,,,,,,,,,,,,,,,,,,,,,,,,,,,,,,,,,,,,,,,,,,,,,,,,,,,,,,,,,,,,,,,,,,,,,,,,,,,,,,,,,321.6343268000055,321.64756680000573,321.64756680000573,321.64756680000573,321.8325756001286,None,,,,,,,,,,,,,,,,,,,,,,,,,,,,,,,,,,,,,,,,,,,,,,P9615,MIC_Bar,7,2,2026-05-07_16h48.09.629,MIC_task,,2026.1.2,60.29795630166393,2026-05-07 16h48.11.390147 +0200,
,,2,0,2,,,,,,,7,l09,kastély,castle,5,location,facilities,5.8,10,None,114,None,"(-0.1, 0)",None,,,,,,,,,,,,,,0,0,0,0,0,29,29,29,2,0,2,0,321.8479772999417,,,,,,,,,,,,,,,,,,,,,,,,,,,,,,,,,,,,,,,,,,,,,,,,,,,,,,,,,,,,,,,,,,,,,,,,,,,,,,,,,,,,,,,,,,,,,,321.8359811999835,321.8479772999417,321.8479772999417,321.8479772999417,322.0330727000255,None,,,,,,,,,,,,,,,,,,,,,,,,,,,,,,,,,,,,,,,,,,,,,,P9615,MIC_Bar,7,2,2026-05-07_16h48.09.629,MIC_task,,2026.1.2,60.29795630166393,2026-05-07 16h48.11.390147 +0200,
,,3,0,3,,,,,,,7,l09,kastély,castle,5,location,facilities,5.8,10,None,114,None,"(-0.1, 0)",None,,,,,,,,,,,,,,0,0,0,0,0,29,29,29,3,0,3,0,322.0484347001184,,,,,,,,,,,,,,,,,,,,,,,,,,,,,,,,,,,,,,,,,,,,,,,,,,,,,,,,,,,,,,,,,,,,,,,,,,,,,,,,,,,,,,,,,,,,,,322.03655280009843,322.0484347001184,322.0484347001184,322.0484347001184,322.23219360015355,None,,,,,,,,,,,,,,,,,,,,,,,,,,,,,,,,,,,,,,,,,,,,,,P9615,MIC_Bar,7,2,2026-05-07_16h48.09.629,MIC_task,,2026.1.2,60.29795630166393,2026-05-07 16h48.11.390147 +0200,
,,4,0,4,,,,,,,7,l09,kastély,castle,5,location,facilities,5.8,10,None,114,None,"(-0.1, 0)",None,,,,,,,,,,,,,,0,0,0,0,0,29,29,29,4,0,4,0,322.24877119995654,,,,,,,,,,,,,,,,,,,,,,,,,,,,,,,,,,,,,,,,,,,,,,,,,,,,,,,,,,,,,,,,,,,,,,,,,,,,,,,,,,,,,,,,,,,,,,322.23553530010395,322.24877119995654,322.24877119995654,322.24877119995654,322.4325713000726,None,,,,,,,,,,,,,,,,,,,,,,,,,,,,,,,,,,,,,,,,,,,,,,P9615,MIC_Bar,7,2,2026-05-07_16h48.09.629,MIC_task,,2026.1.2,60.29795630166393,2026-05-07 16h48.11.390147 +0200,
,,5,0,5,,,,,,,7,l09,kastély,castle,5,location,facilities,5.8,10,None,114,None,"(-0.1, 0)",None,,,,,,,,,,,,,,0,0,0,0,0,29,29,29,5,0,5,0,322.448211699957,,,,,,,,,,,,,,,,,,,,,,,,,,,,,,,,,,,,,,,,,,,,,,,,,,,,,,,,,,,,,,,,,,,,,,,,,,,,,,,,,,,,,,,,,,,,,,322.435903100064,322.448211699957,322.448211699957,322.448211699957,322.6344202000182,None,,,,,,,,,,,,,,,,,,,,,,,,,,,,,,,,,,,,,,,,,,,,,,P9615,MIC_Bar,7,2,2026-05-07_16h48.09.629,MIC_task,,2026.1.2,60.29795630166393,2026-05-07 16h48.11.390147 +0200,
,,6,0,6,,,,,,,7,l09,kastély,castle,5,location,facilities,5.8,10,None,114,None,"(-0.1, 0)",None,,,,,,,,,,,,,,0,0,0,0,0,29,29,29,6,0,6,0,322.64955380000174,,,,,,,,,,,,,,,,,,,,,,,,,,,,,,,,,,,,,,,,,,,,,,,,,,,,,,,,,,,,,,,,,,,,,,,,,,,,,,,,,,,,,,,,,,,,,,322.63784330012277,322.64955380000174,322.64955380000174,322.64955380000174,322.8333986001089,None,,,,,,,,,,,,,,,,,,,,,,,,,,,,,,,,,,,,,,,,,,,,,,P9615,MIC_Bar,7,2,2026-05-07_16h48.09.629,MIC_task,,2026.1.2,60.29795630166393,2026-05-07 16h48.11.390147 +0200,
,,7,0,7,,,,,,,7,l09,kastély,castle,5,location,facilities,5.8,10,None,114,None,"(-0.1, 0)",None,,,,,,,,,,,,,,0,0,0,0,0,29,29,29,7,0,7,0,322.84990160004236,,,,,,,,,,,,,,,,,,,,,,,,,,,,,,,,,,,,,,,,,,,,,,,,,,,,,,,,,,,,,,,,,,,,,,,,,,,,,,,,,,,,,,,,,,,,,,322.83721389994025,322.84990160004236,322.84990160004236,322.84990160004236,323.03378830011934,None,,,,,,,,,,,,,,,,,,,,,,,,,,,,,,,,,,,,,,,,,,,,,,P9615,MIC_Bar,7,2,2026-05-07_16h48.09.629,MIC_task,,2026.1.2,60.29795630166393,2026-05-07 16h48.11.390147 +0200,
,,8,0,8,,,,,,,7,l09,kastély,castle,5,location,facilities,5.8,10,None,114,None,"(-0.1, 0)",None,,,,,,,,,,,,,,0,0,0,0,0,29,29,29,8,0,8,0,323.0493634000886,,,,,,,,,,,,,,,,,,,,,,,,,,,,,,,,,,,,,,,,,,,,,,,,,,,,,,,,,,,,,,,,,,,,,,,,,,,,,,,,,,,,,,,,,,,,,,323.0370312000159,323.0493634000886,323.0493634000886,323.0493634000886,323.23325440008193,None,,,,,,,,,,,,,,,,,,,,,,,,,,,,,,,,,,,,,,,,,,,,,,P9615,MIC_Bar,7,2,2026-05-07_16h48.09.629,MIC_task,,2026.1.2,60.29795630166393,2026-05-07 16h48.11.390147 +0200,
,,9,0,9,,,,,,,7,l09,kastély,castle,5,location,facilities,5.8,10,None,114,None,"(-0.1, 0)",None,,,,,,,,,,,,,,0,0,0,0,0,29,29,29,9,0,9,0,323.2498078001663,,,,,,,,,,,,,,,,,,,,,,,,,,,,,,,,,,,,,,,,,,,,,,,,,,,,,,,,,,,,,,,,,,,,,,,,,,,,,,,,,,,,,,,,,,,,,,323.2368781999685,323.2498078001663,323.2498078001663,323.2498078001663,323.434925199952,None,,,,,,,,,,,,,,,,,,,,,,,,,,,,,,,,,,,,,,,,,,,,,,P9615,MIC_Bar,7,2,2026-05-07_16h48.09.629,MIC_task,,2026.1.2,60.29795630166393,2026-05-07 16h48.11.390147 +0200,
,,10,0,10,,,,,,,7,l09,kastély,castle,5,location,facilities,5.8,10,None,114,None,"(-0.1, 0)",None,,,,,,,,,,,,,,0,0,0,0,0,29,29,29,10,0,10,0,323.45026860013604,,,,,,,,,,,,,,,,,,,,,,,,,,,,,,,,,,,,,,,,,,,,,,,,,,,,,,,,,,,,,,,,,,,,,,,,,,,,,,,,,,,,,,,,,,,,,,323.43844139995053,323.45026860013604,323.45026860013604,323.45026860013604,323.6349421001505,None,,,,,,,,,,,,,,,,,,,,,,,,,,,,,,,,,,,,,,,,,,,,,,P9615,MIC_Bar,7,2,2026-05-07_16h48.09.629,MIC_task,,2026.1.2,60.29795630166393,2026-05-07 16h48.11.390147 +0200,
,,11,0,11,,,,,,,7,l09,kastély,castle,5,location,facilities,5.8,10,None,114,None,"(-0.1, 0)",None,,,,,,,,,,,,,,0,0,0,0,0,29,29,29,11,0,11,0,323.6505211000331,,,,,,,,,,,,,,,,,,,,,,,,,,,,,,,,,,,,,,,,,,,,,,,,,,,,,,,,,,,,,,,,,,,,,,,,,,,,,,,,,,,,,,,,,,,,,,323.638178500114,323.6505211000331,323.6505211000331,323.6505211000331,323.83557850006036,None,,,,,,,,,,,,,,,,,,,,,,,,,,,,,,,,,,,,,,,,,,,,,,P9615,MIC_Bar,7,2,2026-05-07_16h48.09.629,MIC_task,,2026.1.2,60.29795630166393,2026-05-07 16h48.11.390147 +0200,
,,12,0,12,,,,,,,7,l09,kastély,castle,5,location,facilities,5.8,10,None,114,None,"(-0.1, 0)",None,,,,,,,,,,,,,,0,0,0,0,0,29,29,29,12,0,12,0,323.8509706000332,,,,,,,,,,,,,,,,,,,,,,,,,,,,,,,,,,,,,,,,,,,,,,,,,,,,,,,,,,,,,,,,,,,,,,,,,,,,,,,,,,,,,,,,,,,,,,323.8385426001623,323.8509706000332,323.8509706000332,323.8509706000332,324.03472590004094,None,,,,,,,,,,,,,,,,,,,,,,,,,,,,,,,,,,,,,,,,,,,,,,P9615,MIC_Bar,7,2,2026-05-07_16h48.09.629,MIC_task,,2026.1.2,60.29795630166393,2026-05-07 16h48.11.390147 +0200,
,,13,0,13,,,,,,,7,l09,kastély,castle,5,location,facilities,5.8,10,None,114,None,"(-0.1, 0)",None,,,,,,,,,,,,,,0,0,0,0,0,29,29,29,13,0,13,0,324.0513435001485,,,,,,,,,,,,,,,,,,,,,,,,,,,,,,,,,,,,,,,,,,,,,,,,,,,,,,,,,,,,,,,,,,,,,,,,,,,,,,,,,,,,,,,,,,,,,,324.0379606001079,324.0513435001485,324.0513435001485,324.0513435001485,324.23511330015026,None,,,,,,,,,,,,,,,,,,,,,,,,,,,,,,,,,,,,,,,,,,,,,,P9615,MIC_Bar,7,2,2026-05-07_16h48.09.629,MIC_task,,2026.1.2,60.29795630166393,2026-05-07 16h48.11.390147 +0200,
,,14,0,14,,,,,,,7,l09,kastély,castle,5,location,facilities,5.8,10,None,114,None,"(-0.1, 0)",None,,,,,,,,,,,,,,0,0,0,0,0,29,29,29,14,0,14,0,324.25169900013134,,,,,,,,,,,,,,,,,,,,,,,,,,,,,,,,,,,,,,,,,,,,,,,,,,,,,,,,,,,,,,,,,,,,,,,,,,,,,,,,,,,,,,,,,,,,,,324.23844370013103,324.25169900013134,324.25169900013134,324.25169900013134,324.4354519001208,None,,,,,,,,,,,,,,,,,,,,,,,,,,,,,,,,,,,,,,,,,,,,,,P9615,MIC_Bar,7,2,2026-05-07_16h48.09.629,MIC_task,,2026.1.2,60.29795630166393,2026-05-07 16h48.11.390147 +0200,
,,15,0,15,,,,,,,7,l09,kastély,castle,5,location,facilities,5.8,10,None,114,None,"(-0.1, 0)",None,,,,,,,,,,,,,,0,0,0,0,0,29,29,29,15,0,15,0,324.4520886000246,,,,,,,,,,,,,,,,,,,,,,,,,,,,,,,,,,,,,,,,,,,,,,,,,,,,,,,,,,,,,,,,,,,,,,,,,,,,,,,,,,,,,,,,,,,,,,324.43885329994373,324.4520886000246,324.4520886000246,324.4520886000246,324.63583740009926,None,,,,,,,,,,,,,,,,,,,,,,,,,,,,,,,,,,,,,,,,,,,,,,P9615,MIC_Bar,7,2,2026-05-07_16h48.09.629,MIC_task,,2026.1.2,60.29795630166393,2026-05-07 16h48.11.390147 +0200,
,,16,0,16,,,,,,,7,l09,kastély,castle,5,location,facilities,5.8,10,None,114,None,"(-0.1, 0)",None,,,,,,,,,,,,,,0,0,0,0,0,29,29,29,16,0,16,0,324.6525177999865,,,,,,,,,,,,,,,,,,,,,,,,,,,,,,,,,,,,,,,,,,,,,,,,,,,,,,,,,,,,,,,,,,,,,,,,,,,,,,,,,,,,,,,,,,,,,,324.6390182999894,324.6525177999865,324.6525177999865,324.6525177999865,324.83623569994234,None,,,,,,,,,,,,,,,,,,,,,,,,,,,,,,,,,,,,,,,,,,,,,,P9615,MIC_Bar,7,2,2026-05-07_16h48.09.629,MIC_task,,2026.1.2,60.29795630166393,2026-05-07 16h48.11.390147 +0200,
,,17,0,17,,,,,,,7,l09,kastély,castle,5,location,facilities,5.8,10,None,114,None,"(-0.1, 0)",None,,,,,,,,,,,,,,0,0,0,0,0,29,29,29,17,0,17,0,324.85192640009336,,,,,,,,,,,,,,,,,,,,,,,,,,,,,,,,,,,,,,,,,,,,,,,,,,,,,,,,,,,,,,,,,,,,,,,,,,,,,,,,,,,,,,,,,,,,,,324.83961639995687,324.85192640009336,324.85192640009336,324.85192640009336,325.0381790001411,None,,,,,,,,,,,,,,,,,,,,,,,,,,,,,,,,,,,,,,,,,,,,,,P9615,MIC_Bar,7,2,2026-05-07_16h48.09.629,MIC_task,,2026.1.2,60.29795630166393,2026-05-07 16h48.11.390147 +0200,
,,18,0,18,,,,,,,7,l09,kastély,castle,5,location,facilities,5.8,10,None,114,None,"(-0.1, 0)",space,0.11193210002966225,None,,,,,,,,,,,,0,0,0,0,0,29,29,29,18,0,18,0,325.0532992000226,,,,,,,,,,,,,,,,,,,,,,,,,,,,,,,,,,,,,,,,,,,,,,,,,,,,,,,,,,,,,,,,,,,,,,,,,,,,,,,,,,,,,,,,,,,,,,325.0412866999395,325.0532992000226,325.0532992000226,325.0532992000226,325.1707808000501,space,0.11193210002966225,None,,,,,,,,,,,,,,,,,,,,,,,,,,,,,,,,,,,,,,,,,,,,P9615,MIC_Bar,7,2,2026-05-07_16h48.09.629,MIC_task,,2026.1.2,60.29795630166393,2026-05-07 16h48.11.390147 +0200,
,,29,29,0,,,,space,0.4210984001401812,None,7,l09,kastély,castle,5,location,facilities,5.8,10,None,114,None,"(-0.1, 0)",,,,,,,,,,,,,,,0,0,0,0,0,29,29,29,,,,,,,,,,,,,,,,,,,,,,,,,,,,,,,,,,,,,,,,,,,,,,,,,,,,,,,,,,,,,,,,,,,,,,,,,,,,,,,,325.2266290001571,325.2312797999475,325.2363607667076,327.17286109994166,,,,,,329.17720329994336,329.1924248000141,329.1924248000141,329.62916900007986,,,,,,,,,,,,,,,327.20016210014,327.2045281000901,327.2060305333075,329.09275040007196,329.1771525000222,space,0.4210984001401812,None,,,,,,,,,,,,,,,,,,,,,,,,,,,,,,,,,,,,P9615,MIC_Bar,7,2,2026-05-07_16h48.09.629,MIC_task,,2026.1.2,60.29795630166393,2026-05-07 16h48.11.390147 +0200,
,,0,0,0,,,,,,,,,,,,,,,,,,,,,,,space,2.310289700049907,None,,,,,,,,,0,0,0,0,,,,,,,,,,,,,,,,,,,,,,,,,,,,,,,,,,,,,,,,,,,,,,,,,,,,,,,,,,,,,,,,,,,,,,,,,,,,,,,,,,,,,,,,,,,,,,,,,,,,,,,,,,,,,,,,,,,,,,,,,,329.70891800010577,329.7186857999768,329.7186857999768,329.71148283345,332.0316763999872,space,2.310289700049907,None,,,,,,,,,,,,,,,,,,,,,,,,,P9615,MIC_Bar,7,2,2026-05-07_16h48.09.629,MIC_task,,2026.1.2,60.29795630166393,2026-05-07 16h48.11.390147 +0200,
,,,,,,,,,,,,,,,,,,,,,,,,,,,,,,,,,,,,,,,,,,,,,,,,,,,,,,,,,,,,,,,,,,,,,,,,,,,,,,,,,,,,,,,,,,,,,,,,,,,,,,,,,,,,,,,,,,,,,,,,,,,,,,,,,,,,,,,,,,,,,,,,,,,,,,,,,,,,,,,,,,,,,,,,,,,332.1149701999966,332.1302120999899,332.1302120999899,332.13045190009285,334.03346790000796,334.10051410016604,space,1.9630055001471192,None,,,,,,,,,,,,,,,,P9615,MIC_Bar,7,2,2026-05-07_16h48.09.629,MIC_task,,2026.1.2,60.29795630166393,2026-05-07 16h48.11.390147 +0200,
,,,,,,,,,,,,,,,,,,,,,,,,,,,,,,,,,,,,,,,,,,,,,,,,,,,,,,,,,,,,,,,,,,,,,,,,,,,,,,,,,,,,,,,,,,,,,,,,,,,,,,,,,,,,,,,,,,,,,,,,,,,,,,,,,,,,,,,,,,,,,,,,,,,,,,,,,,,,,,,,,,,,,,,,,,,,,,,,,,,,334.171729600057,334.20240880013444,334.20240880013444,334.71868210006505,space,0.5066730000544339,None,,,,,,,,,P9615,MIC_Bar,7,2,2026-05-07_16h48.09.629,MIC_task,,2026.1.2,60.29795630166393,2026-05-07 16h48.11.390147 +0200,
,,,,,,,,,,,,,,,,,,,,,,,,,,,,,,,,,,,,,,,,,,,,,,,,,,,,,,,,,,,,,,,,,,,,,,,,,,,,,,,,,,,,,,,,,,,,,,,,,,,,,,,,,,,,,,,,,,,,,,,,,,,,,,,,,,,,,,,,,,,,,,,,,,,,,,,,,,,,,,,,,,,,,,,,,,,,,,,,,,,,,,,,,,,334.8079669000581,334.82051470014267,334.82051470014267,334.81757910004814,335.45304149994627,space,0.6247735999058932,None,P9615,MIC_Bar,7,2,2026-05-07_16h48.09.629,MIC_task,,2026.1.2,60.29795630166393,2026-05-07 16h48.11.390147 +0200,
