Reveal,position,thisN,thisTrialN,thisRepN,key_resp_19.keys,key_resp_19.rt,key_resp_19.duration,key_resp_8.keys,key_resp_8.rt,key_resp_8.duration,trial_number,itemno,item_HU,item_EN,categoryno,category,subcategory,mean,frequency,aoa_stanford,aoa_kupermann,aoa_childes,positions,key_resp.keys,key_resp.rt,key_resp.duration,practice_loop.thisRepN,practice_loop.thisTrialN,practice_loop.thisN,practice_loop.thisIndex,practice_aperture.thisRepN,practice_aperture.thisTrialN,practice_aperture.thisN,practice_aperture.thisIndex,run_loop.thisRepN,run_loop.thisTrialN,run_loop.thisN,run_loop.thisIndex,trial_loop.thisRepN,trial_loop.thisTrialN,trial_loop.thisN,trial_loop.thisIndex,aperture_loop.thisRepN,aperture_loop.thisTrialN,aperture_loop.thisN,aperture_loop.thisIndex,thisRow.t,notes,piloting,intro_pic.started,Story_Beg.started,key_resp_4.started,S1.started,S1.stopped,intro_pic.stopped,key_resp_4.keys,key_resp_4.rt,key_resp_4.duration,Story1.started,Story_1.started,key_resp_9.started,S1_2.started,S1_2.stopped,Story1.stopped,key_resp_9.keys,key_resp_9.rt,key_resp_9.duration,Story2.started,Story_2.started,key_resp_10.started,S1_3.started,S1_3.stopped,Story2.stopped,key_resp_10.keys,key_resp_10.rt,key_resp_10.duration,Story4.started,Story_4.started,key_resp_12.started,S1_4.started,S1_4.stopped,Story4.stopped,key_resp_12.keys,key_resp_12.rt,key_resp_12.duration,Story5.started,Story_5.started,key_resp_13.started,S1_5.started,S1_5.stopped,Story5.stopped,key_resp_13.keys,key_resp_13.rt,key_resp_13.duration,Story6.started,Story_6.started,key_resp_14.started,S1_6.started,S1_6.stopped,Story6.stopped,key_resp_14.keys,key_resp_14.rt,key_resp_14.duration,Story7.started,Story.started,key_resp_20.started,S1_7.started,S1_7.stopped,Story7.stopped,key_resp_20.keys,key_resp_20.rt,key_resp_20.duration,Story8.started,Story_7.started,key_resp_21.started,S1_8.started,Story8.stopped,key_resp_21.keys,key_resp_21.rt,key_resp_21.duration,trial3.started,image_7.started,aperture_3.started,key_resp_19.started,trial3.stopped,practice_aperture.key_resp_19.keys,image_7.stopped,aperture_3.stopped,key_resp_19.stopped,practice_aperture.key_resp_19.rt,practice_aperture.key_resp_19.duration,reveal.started,dots.started,sound_1.started,reveal.stopped,change_prac.started,image_10.started,sound_4.started,sound_4.stopped,change_prac.stopped,ISI.started,text.started,key_resp_8.started,ISI.stopped,practice_loop.key_resp_8.keys,practice_loop.key_resp_8.rt,practice_loop.key_resp_8.duration,S1_8.stopped,trial.started,image.started,aperture.started,key_resp.started,trial.stopped,aperture_loop.key_resp.keys,aperture_loop.key_resp.rt,aperture_loop.key_resp.duration,changee.started,image_2.started,sound_2.started,sound_2.stopped,changee.stopped,trial_loop.key_resp_8.keys,trial_loop.key_resp_8.rt,trial_loop.key_resp_8.duration,image.stopped,aperture.stopped,key_resp.stopped,inter_end_pic.started,image_8.started,key_resp_6.started,S1_9.started,S1_9.stopped,participant,Version,Stimuli,RunNo,date,expName,expVersion,psychopyVersion,frameRate,expStart,
,,,,,,,,,,,,,,,,,,,,,,,,,,,,,,,,,,,,,,,,,,,,,,,,,False,0.08807400008663535,0.11832439992576838,0.11832439992576838,0.09131913337235649,9.205704499967396,13.062434799969196,space,12.939421199960634,None,,,,,,,,,,,,,,,,,,,,,,,,,,,,,,,,,,,,,,,,,,,,,,,,,,,,,,,,,,,,,,,,,,,,,,,,,,,,,,,,,,,,,,,,,,,,,,,,,,,,,,,,,,,,,,,,,,,P9615,MIC_Bar,7,1,2026-05-07_16h23.18.347,MIC_task,,2026.1.2,59.935473466347815,2026-05-07 16h23.20.101524 +0200,
,,,,,,,,,,,,,,,,,,,,,,,,,,,,,,,,,,,,,,,,,,,,,,,,,,,,,,,,,,,13.161373700015247,13.17549779987894,13.17549779987894,13.161563099967317,18.320316500030458,19.839466399978846,space,6.652748400112614,None,,,,,,,,,,,,,,,,,,,,,,,,,,,,,,,,,,,,,,,,,,,,,,,,,,,,,,,,,,,,,,,,,,,,,,,,,,,,,,,,,,,,,,,,,,,,,,,,,,,,,,,,,,P9615,MIC_Bar,7,1,2026-05-07_16h23.18.347,MIC_task,,2026.1.2,59.935473466347815,2026-05-07 16h23.20.101524 +0200,
,,,,,,,,,,,,,,,,,,,,,,,,,,,,,,,,,,,,,,,,,,,,,,,,,,,,,,,,,,,,,,,,,,,,19.928555000107735,19.947382800048217,19.947382800048217,19.938414799887685,24.879665199900046,27.584571999963373,space,7.624224900035188,None,,,,,,,,,,,,,,,,,,,,,,,,,,,,,,,,,,,,,,,,,,,,,,,,,,,,,,,,,,,,,,,,,,,,,,,,,,,,,,,,,,,,,,,,,,,,,,,,,P9615,MIC_Bar,7,1,2026-05-07_16h23.18.347,MIC_task,,2026.1.2,59.935473466347815,2026-05-07 16h23.20.101524 +0200,
,,,,,,,,,,,,,,,,,,,,,,,,,,,,,,,,,,,,,,,,,,,,,,,,,,,,,,,,,,,,,,,,,,,,,,,,,,,,,27.686242500087246,27.70656599989161,27.70656599989161,27.70024006670962,29.488190999953076,56.178613000083715,space,28.468638099962845,None,,,,,,,,,,,,,,,,,,,,,,,,,,,,,,,,,,,,,,,,,,,,,,,,,,,,,,,,,,,,,,,,,,,,,,,,,,,,,,,,,,,,,,,,P9615,MIC_Bar,7,1,2026-05-07_16h23.18.347,MIC_task,,2026.1.2,59.935473466347815,2026-05-07 16h23.20.101524 +0200,
,,,,,,,,,,,,,,,,,,,,,,,,,,,,,,,,,,,,,,,,,,,,,,,,,,,,,,,,,,,,,,,,,,,,,,,,,,,,,,,,,,,,,,56.25675719999708,56.28188999998383,56.28188999998383,56.260812433281295,57.897613799897954,64.64149289997295,space,8.351158699952066,None,,,,,,,,,,,,,,,,,,,,,,,,,,,,,,,,,,,,,,,,,,,,,,,,,,,,,,,,,,,,,,,,,,,,,,,,,,,,,,,P9615,MIC_Bar,7,1,2026-05-07_16h23.18.347,MIC_task,,2026.1.2,59.935473466347815,2026-05-07 16h23.20.101524 +0200,
,,,,,,,,,,,,,,,,,,,,,,,,,,,,,,,,,,,,,,,,,,,,,,,,,,,,,,,,,,,,,,,,,,,,,,,,,,,,,,,,,,,,,,,,,,,,,,,64.71500459988602,64.74416280002333,64.74416280002333,64.72370623339278,66.64326800010167,73.7382153000217,space,8.992489999858662,None,,,,,,,,,,,,,,,,,,,,,,,,,,,,,,,,,,,,,,,,,,,,,,,,,,,,,,,,,,,,,,,,,,,,,,P9615,MIC_Bar,7,1,2026-05-07_16h23.18.347,MIC_task,,2026.1.2,59.935473466347815,2026-05-07 16h23.20.101524 +0200,
,,,,,,,,,,,,,,,,,,,,,,,,,,,,,,,,,,,,,,,,,,,,,,,,,,,,,,,,,,,,,,,,,,,,,,,,,,,,,,,,,,,,,,,,,,,,,,,,,,,,,,,,73.82735830009915,73.84945499990135,73.84945499990135,73.83710029991343,85.42191129992716,85.84043149999343,space,11.988366300007328,None,,,,,,,,,,,,,,,,,,,,,,,,,,,,,,,,,,,,,,,,,,,,,,,,,,,,,,,,,,,,,P9615,MIC_Bar,7,1,2026-05-07_16h23.18.347,MIC_task,,2026.1.2,59.935473466347815,2026-05-07 16h23.20.101524 +0200,
,,,,,,,,,,,,,,,,,,,,,,,,,,,,,,,,,,,,,,,,,,,,,,,,,,,,,,,,,,,,,,,,,,,,,,,,,,,,,,,,,,,,,,,,,,,,,,,,,,,,,,,,,,,,,,,,,85.9282935000956,85.94403150002472,85.94403150002472,85.93944689994677,88.81189500004984,space,2.854190699988976,None,,,,,,,,,,,,,,,,,,,,,,,,,,,,,,,,,,,,,,,,,,,,,,,,,,,,,P9615,MIC_Bar,7,1,2026-05-07_16h23.18.347,MIC_task,,2026.1.2,59.935473466347815,2026-05-07 16h23.20.101524 +0200,
MRnGO_prac_stimuli/wizard.png,"(0, -0.1)",0,0,0,None,,,,,,,,,,,,,,,,,,,,,,0,0,0,0,0,0,0,0,,,,,,,,,,,,,88.85619929991663,,,,,,,,,,,,,,,,,,,,,,,,,,,,,,,,,,,,,,,,,,,,,,,,,,,,,,,,,,,,,,,,,,,,,,,,,,88.85090769990347,88.85619929991663,88.85619929991663,88.85619929991663,89.02726190001704,None,,,,,,,,,,,,,,,,,,,,,,,,,,,,,,,,,,,,,,,,,,,,,,,P9615,MIC_Bar,7,1,2026-05-07_16h23.18.347,MIC_task,,2026.1.2,59.935473466347815,2026-05-07 16h23.20.101524 +0200,
MRnGO_prac_stimuli/wizard.png,"(0, -0.1)",0,0,0,None,,,,,,,,,,,,,,,,,,,,,,0,0,0,0,0,0,0,0,,,,,,,,,,,,,89.04378470010124,,,,,,,,,,,,,,,,,,,,,,,,,,,,,,,,,,,,,,,,,,,,,,,,,,,,,,,,,,,,,,,,,,,,,,,,,,89.03078159992583,89.04378470010124,89.04378470010124,89.04378470010124,89.22916109999642,None,,,,,,,,,,,,,,,,,,,,,,,,,,,,,,,,,,,,,,,,,,,,,,,P9615,MIC_Bar,7,1,2026-05-07_16h23.18.347,MIC_task,,2026.1.2,59.935473466347815,2026-05-07 16h23.20.101524 +0200,
MRnGO_prac_stimuli/wizard.png,"(0, -0.1)",1,0,1,None,,,,,,,,,,,,,,,,,,,,,,0,0,0,0,1,0,1,0,,,,,,,,,,,,,89.24423830001615,,,,,,,,,,,,,,,,,,,,,,,,,,,,,,,,,,,,,,,,,,,,,,,,,,,,,,,,,,,,,,,,,,,,,,,,,,89.23243879992515,89.24423830001615,89.24423830001615,89.24423830001615,89.42926290002652,None,,,,,,,,,,,,,,,,,,,,,,,,,,,,,,,,,,,,,,,,,,,,,,,P9615,MIC_Bar,7,1,2026-05-07_16h23.18.347,MIC_task,,2026.1.2,59.935473466347815,2026-05-07 16h23.20.101524 +0200,
MRnGO_prac_stimuli/wizard.png,"(0, -0.1)",2,0,2,None,,,,,,,,,,,,,,,,,,,,,,0,0,0,0,2,0,2,0,,,,,,,,,,,,,89.44461859995499,,,,,,,,,,,,,,,,,,,,,,,,,,,,,,,,,,,,,,,,,,,,,,,,,,,,,,,,,,,,,,,,,,,,,,,,,,89.43285189988092,89.44461859995499,89.44461859995499,89.44461859995499,89.62838170002215,None,,,,,,,,,,,,,,,,,,,,,,,,,,,,,,,,,,,,,,,,,,,,,,,P9615,MIC_Bar,7,1,2026-05-07_16h23.18.347,MIC_task,,2026.1.2,59.935473466347815,2026-05-07 16h23.20.101524 +0200,
MRnGO_prac_stimuli/wizard.png,"(0, -0.1)",3,0,3,None,,,,,,,,,,,,,,,,,,,,,,0,0,0,0,3,0,3,0,,,,,,,,,,,,,89.64496239996515,,,,,,,,,,,,,,,,,,,,,,,,,,,,,,,,,,,,,,,,,,,,,,,,,,,,,,,,,,,,,,,,,,,,,,,,,,89.63182329991832,89.64496239996515,89.64496239996515,89.64496239996515,89.83050949987955,None,,,,,,,,,,,,,,,,,,,,,,,,,,,,,,,,,,,,,,,,,,,,,,,P9615,MIC_Bar,7,1,2026-05-07_16h23.18.347,MIC_task,,2026.1.2,59.935473466347815,2026-05-07 16h23.20.101524 +0200,
MRnGO_prac_stimuli/wizard.png,"(0, -0.1)",4,0,4,None,,,,,,,,,,,,,,,,,,,,,,0,0,0,0,4,0,4,0,,,,,,,,,,,,,89.84533450007439,,,,,,,,,,,,,,,,,,,,,,,,,,,,,,,,,,,,,,,,,,,,,,,,,,,,,,,,,,,,,,,,,,,,,,,,,,89.83393800002523,89.84533450007439,89.84533450007439,89.84533450007439,90.030511100078,None,,,,,,,,,,,,,,,,,,,,,,,,,,,,,,,,,,,,,,,,,,,,,,,P9615,MIC_Bar,7,1,2026-05-07_16h23.18.347,MIC_task,,2026.1.2,59.935473466347815,2026-05-07 16h23.20.101524 +0200,
MRnGO_prac_stimuli/wizard.png,"(0, -0.1)",5,0,5,None,,,,,,,,,,,,,,,,,,,,,,0,0,0,0,5,0,5,0,,,,,,,,,,,,,90.04552019992843,,,,,,,,,,,,,,,,,,,,,,,,,,,,,,,,,,,,,,,,,,,,,,,,,,,,,,,,,,,,,,,,,,,,,,,,,,90.0338461000938,90.04552019992843,90.04552019992843,90.04552019992843,90.23093300010078,None,,,,,,,,,,,,,,,,,,,,,,,,,,,,,,,,,,,,,,,,,,,,,,,P9615,MIC_Bar,7,1,2026-05-07_16h23.18.347,MIC_task,,2026.1.2,59.935473466347815,2026-05-07 16h23.20.101524 +0200,
MRnGO_prac_stimuli/wizard.png,"(0, -0.1)",6,0,6,None,,,,,,,,,,,,,,,,,,,,,,0,0,0,0,6,0,6,0,,,,,,,,,,,,,90.24600509996526,,,,,,,,,,,,,,,,,,,,,,,,,,,,,,,,,,,,,,,,,,,,,,,,,,,,,,,,,,,,,,,,,,,,,,,,,,90.23414200008847,90.24600509996526,90.24600509996526,90.24600509996526,90.43137910007499,None,,,,,,,,,,,,,,,,,,,,,,,,,,,,,,,,,,,,,,,,,,,,,,,P9615,MIC_Bar,7,1,2026-05-07_16h23.18.347,MIC_task,,2026.1.2,59.935473466347815,2026-05-07 16h23.20.101524 +0200,
MRnGO_prac_stimuli/wizard.png,"(0, -0.1)",7,0,7,None,,,,,,,,,,,,,,,,,,,,,,0,0,0,0,7,0,7,0,,,,,,,,,,,,,90.44644479989074,,,,,,,,,,,,,,,,,,,,,,,,,,,,,,,,,,,,,,,,,,,,,,,,,,,,,,,,,,,,,,,,,,,,,,,,,,90.43518949998543,90.44644479989074,90.44644479989074,90.44644479989074,90.6309622998815,None,,,,,,,,,,,,,,,,,,,,,,,,,,,,,,,,,,,,,,,,,,,,,,,P9615,MIC_Bar,7,1,2026-05-07_16h23.18.347,MIC_task,,2026.1.2,59.935473466347815,2026-05-07 16h23.20.101524 +0200,
MRnGO_prac_stimuli/wizard.png,"(0, -0.1)",8,0,8,None,,,,,,,,,,,,,,,,,,,,,,0,0,0,0,8,0,8,0,,,,,,,,,,,,,90.64681919990107,,,,,,,,,,,,,,,,,,,,,,,,,,,,,,,,,,,,,,,,,,,,,,,,,,,,,,,,,,,,,,,,,,,,,,,,,,90.63467589998618,90.64681919990107,90.64681919990107,90.64681919990107,90.83200439997017,None,,,,,,,,,,,,,,,,,,,,,,,,,,,,,,,,,,,,,,,,,,,,,,,P9615,MIC_Bar,7,1,2026-05-07_16h23.18.347,MIC_task,,2026.1.2,59.935473466347815,2026-05-07 16h23.20.101524 +0200,
MRnGO_prac_stimuli/wizard.png,"(0, -0.1)",9,0,9,None,,,,,,,,,,,,,,,,,,,,,,0,0,0,0,9,0,9,0,,,,,,,,,,,,,90.84654509997927,,,,,,,,,,,,,,,,,,,,,,,,,,,,,,,,,,,,,,,,,,,,,,,,,,,,,,,,,,,,,,,,,,,,,,,,,,90.83535609999672,90.84654509997927,90.84654509997927,90.84654509997927,91.03022140008397,None,,,,,,,,,,,,,,,,,,,,,,,,,,,,,,,,,,,,,,,,,,,,,,,P9615,MIC_Bar,7,1,2026-05-07_16h23.18.347,MIC_task,,2026.1.2,59.935473466347815,2026-05-07 16h23.20.101524 +0200,
MRnGO_prac_stimuli/wizard.png,"(0, -0.1)",10,0,10,None,,,,,,,,,,,,,,,,,,,,,,0,0,0,0,10,0,10,0,,,,,,,,,,,,,91.04674259992316,,,,,,,,,,,,,,,,,,,,,,,,,,,,,,,,,,,,,,,,,,,,,,,,,,,,,,,,,,,,,,,,,,,,,,,,,,91.03348300000653,91.04674259992316,91.04674259992316,91.04674259992316,91.23204950010404,None,,,,,,,,,,,,,,,,,,,,,,,,,,,,,,,,,,,,,,,,,,,,,,,P9615,MIC_Bar,7,1,2026-05-07_16h23.18.347,MIC_task,,2026.1.2,59.935473466347815,2026-05-07 16h23.20.101524 +0200,
MRnGO_prac_stimuli/wizard.png,"(0, -0.1)",11,0,11,None,,,,,,,,,,,,,,,,,,,,,,0,0,0,0,11,0,11,0,,,,,,,,,,,,,91.2471777999308,,,,,,,,,,,,,,,,,,,,,,,,,,,,,,,,,,,,,,,,,,,,,,,,,,,,,,,,,,,,,,,,,,,,,,,,,,91.23527320008725,91.2471777999308,91.2471777999308,91.2471777999308,91.4309712999966,None,,,,,,,,,,,,,,,,,,,,,,,,,,,,,,,,,,,,,,,,,,,,,,,P9615,MIC_Bar,7,1,2026-05-07_16h23.18.347,MIC_task,,2026.1.2,59.935473466347815,2026-05-07 16h23.20.101524 +0200,
MRnGO_prac_stimuli/wizard.png,"(0, -0.1)",12,0,12,None,,,,,,,,,,,,,,,,,,,,,,0,0,0,0,12,0,12,0,,,,,,,,,,,,,91.44746390008368,,,,,,,,,,,,,,,,,,,,,,,,,,,,,,,,,,,,,,,,,,,,,,,,,,,,,,,,,,,,,,,,,,,,,,,,,,91.43475800007582,91.44746390008368,91.44746390008368,91.44746390008368,91.63263130001724,None,,,,,,,,,,,,,,,,,,,,,,,,,,,,,,,,,,,,,,,,,,,,,,,P9615,MIC_Bar,7,1,2026-05-07_16h23.18.347,MIC_task,,2026.1.2,59.935473466347815,2026-05-07 16h23.20.101524 +0200,
MRnGO_prac_stimuli/wizard.png,"(0, -0.1)",13,0,13,None,,,,,,,,,,,,,,,,,,,,,,0,0,0,0,13,0,13,0,,,,,,,,,,,,,91.64791309996508,,,,,,,,,,,,,,,,,,,,,,,,,,,,,,,,,,,,,,,,,,,,,,,,,,,,,,,,,,,,,,,,,,,,,,,,,,91.63576019997708,91.64791309996508,91.64791309996508,91.64791309996508,91.83336100005545,None,,,,,,,,,,,,,,,,,,,,,,,,,,,,,,,,,,,,,,,,,,,,,,,P9615,MIC_Bar,7,1,2026-05-07_16h23.18.347,MIC_task,,2026.1.2,59.935473466347815,2026-05-07 16h23.20.101524 +0200,
MRnGO_prac_stimuli/wizard.png,"(0, -0.1)",14,0,14,None,,,,,,,,,,,,,,,,,,,,,,0,0,0,0,14,0,14,0,,,,,,,,,,,,,91.84829490003176,,,,,,,,,,,,,,,,,,,,,,,,,,,,,,,,,,,,,,,,,,,,,,,,,,,,,,,,,,,,,,,,,,,,,,,,,,91.83665909990668,91.84829490003176,91.84829490003176,91.84829490003176,92.03349919989705,None,,,,,,,,,,,,,,,,,,,,,,,,,,,,,,,,,,,,,,,,,,,,,,,P9615,MIC_Bar,7,1,2026-05-07_16h23.18.347,MIC_task,,2026.1.2,59.935473466347815,2026-05-07 16h23.20.101524 +0200,
MRnGO_prac_stimuli/wizard.png,"(0, -0.1)",15,0,15,None,,,,,,,,,,,,,,,,,,,,,,0,0,0,0,15,0,15,0,,,,,,,,,,,,,92.04861719999462,,,,,,,,,,,,,,,,,,,,,,,,,,,,,,,,,,,,,,,,,,,,,,,,,,,,,,,,,,,,,,,,,,,,,,,,,,92.03691660007462,92.04861719999462,92.04861719999462,92.04861719999462,92.23375230003148,None,,,,,,,,,,,,,,,,,,,,,,,,,,,,,,,,,,,,,,,,,,,,,,,P9615,MIC_Bar,7,1,2026-05-07_16h23.18.347,MIC_task,,2026.1.2,59.935473466347815,2026-05-07 16h23.20.101524 +0200,
MRnGO_prac_stimuli/wizard.png,"(0, -0.1)",16,0,16,None,,,,,,,,,,,,,,,,,,,,,,0,0,0,0,16,0,16,0,,,,,,,,,,,,,92.2488822999876,,,,,,,,,,,,,,,,,,,,,,,,,,,,,,,,,,,,,,,,,,,,,,,,,,,,,,,,,,,,,,,,,,,,,,,,,,92.2370567000471,92.2488822999876,92.2488822999876,92.2488822999876,92.43433739989996,None,,,,,,,,,,,,,,,,,,,,,,,,,,,,,,,,,,,,,,,,,,,,,,,P9615,MIC_Bar,7,1,2026-05-07_16h23.18.347,MIC_task,,2026.1.2,59.935473466347815,2026-05-07 16h23.20.101524 +0200,
MRnGO_prac_stimuli/wizard.png,"(0, -0.1)",17,0,17,None,,,,,,,,,,,,,,,,,,,,,,0,0,0,0,17,0,17,0,,,,,,,,,,,,,92.44939250010066,,,,,,,,,,,,,,,,,,,,,,,,,,,,,,,,,,,,,,,,,,,,,,,,,,,,,,,,,,,,,,,,,,,,,,,,,,92.43773290002719,92.44939250010066,92.44939250010066,92.44939250010066,92.63317700009793,None,,,,,,,,,,,,,,,,,,,,,,,,,,,,,,,,,,,,,,,,,,,,,,,P9615,MIC_Bar,7,1,2026-05-07_16h23.18.347,MIC_task,,2026.1.2,59.935473466347815,2026-05-07 16h23.20.101524 +0200,
MRnGO_prac_stimuli/wizard.png,"(0, -0.1)",18,0,18,None,,,,,,,,,,,,,,,,,,,,,,0,0,0,0,18,0,18,0,,,,,,,,,,,,,92.64964489988051,,,,,,,,,,,,,,,,,,,,,,,,,,,,,,,,,,,,,,,,,,,,,,,,,,,,,,,,,,,,,,,,,,,,,,,,,,92.63636279990897,92.64964489988051,92.64964489988051,92.64964489988051,92.83350800001062,None,,,,,,,,,,,,,,,,,,,,,,,,,,,,,,,,,,,,,,,,,,,,,,,P9615,MIC_Bar,7,1,2026-05-07_16h23.18.347,MIC_task,,2026.1.2,59.935473466347815,2026-05-07 16h23.20.101524 +0200,
MRnGO_prac_stimuli/wizard.png,"(0, -0.1)",19,0,19,None,,,,,,,,,,,,,,,,,,,,,,0,0,0,0,19,0,19,0,,,,,,,,,,,,,92.8493989999406,,,,,,,,,,,,,,,,,,,,,,,,,,,,,,,,,,,,,,,,,,,,,,,,,,,,,,,,,,,,,,,,,,,,,,,,,,92.83687780005857,92.8493989999406,92.8493989999406,92.8493989999406,93.03323980001733,None,,,,,,,,,,,,,,,,,,,,,,,,,,,,,,,,,,,,,,,,,,,,,,,P9615,MIC_Bar,7,1,2026-05-07_16h23.18.347,MIC_task,,2026.1.2,59.935473466347815,2026-05-07 16h23.20.101524 +0200,
MRnGO_prac_stimuli/wizard.png,"(0, -0.1)",20,0,20,None,,,,,,,,,,,,,,,,,,,,,,0,0,0,0,20,0,20,0,,,,,,,,,,,,,93.04975400003605,,,,,,,,,,,,,,,,,,,,,,,,,,,,,,,,,,,,,,,,,,,,,,,,,,,,,,,,,,,,,,,,,,,,,,,,,,93.03636580007151,93.04975400003605,93.04975400003605,93.04975400003605,93.23356189997867,None,,,,,,,,,,,,,,,,,,,,,,,,,,,,,,,,,,,,,,,,,,,,,,,P9615,MIC_Bar,7,1,2026-05-07_16h23.18.347,MIC_task,,2026.1.2,59.935473466347815,2026-05-07 16h23.20.101524 +0200,
MRnGO_prac_stimuli/wizard.png,"(0, -0.1)",21,0,21,None,,,,,,,,,,,,,,,,,,,,,,0,0,0,0,21,0,21,0,,,,,,,,,,,,,93.250207999954,,,,,,,,,,,,,,,,,,,,,,,,,,,,,,,,,,,,,,,,,,,,,,,,,,,,,,,,,,,,,,,,,,,,,,,,,,93.23664580006152,93.250207999954,93.250207999954,93.250207999954,93.43389340001158,None,,,,,,,,,,,,,,,,,,,,,,,,,,,,,,,,,,,,,,,,,,,,,,,P9615,MIC_Bar,7,1,2026-05-07_16h23.18.347,MIC_task,,2026.1.2,59.935473466347815,2026-05-07 16h23.20.101524 +0200,
MRnGO_prac_stimuli/wizard.png,"(0, -0.1)",22,0,22,None,,,,,,,,,,,,,,,,,,,,,,0,0,0,0,22,0,22,0,,,,,,,,,,,,,93.45056069991551,,,,,,,,,,,,,,,,,,,,,,,,,,,,,,,,,,,,,,,,,,,,,,,,,,,,,,,,,,,,,,,,,,,,,,,,,,93.43724239990115,93.45056069991551,93.45056069991551,93.45056069991551,93.63587359990925,None,,,,,,,,,,,,,,,,,,,,,,,,,,,,,,,,,,,,,,,,,,,,,,,P9615,MIC_Bar,7,1,2026-05-07_16h23.18.347,MIC_task,,2026.1.2,59.935473466347815,2026-05-07 16h23.20.101524 +0200,
MRnGO_prac_stimuli/wizard.png,"(0, -0.1)",23,0,23,None,,,,,,,,,,,,,,,,,,,,,,0,0,0,0,23,0,23,0,,,,,,,,,,,,,93.65091329999268,,,,,,,,,,,,,,,,,,,,,,,,,,,,,,,,,,,,,,,,,,,,,,,,,,,,,,,,,,,,,,,,,,,,,,,,,,93.639131099917,93.65091329999268,93.65091329999268,93.65091329999268,93.83469739998691,None,,,,,,,,,,,,,,,,,,,,,,,,,,,,,,,,,,,,,,,,,,,,,,,P9615,MIC_Bar,7,1,2026-05-07_16h23.18.347,MIC_task,,2026.1.2,59.935473466347815,2026-05-07 16h23.20.101524 +0200,
MRnGO_prac_stimuli/wizard.png,"(0, -0.1)",24,0,24,None,,,,,,,,,,,,,,,,,,,,,,0,0,0,0,24,0,24,0,,,,,,,,,,,,,93.85125629999675,,,,,,,,,,,,,,,,,,,,,,,,,,,,,,,,,,,,,,,,,,,,,,,,,,,,,,,,,,,,,,,,,,,,,,,,,,93.83784699998796,93.85125629999675,93.85125629999675,93.85125629999675,94.0366050999146,None,,,,,,,,,,,,,,,,,,,,,,,,,,,,,,,,,,,,,,,,,,,,,,,P9615,MIC_Bar,7,1,2026-05-07_16h23.18.347,MIC_task,,2026.1.2,59.935473466347815,2026-05-07 16h23.20.101524 +0200,
MRnGO_prac_stimuli/wizard.png,"(0, -0.1)",25,0,25,None,,,,,,,,,,,,,,,,,,,,,,0,0,0,0,25,0,25,0,,,,,,,,,,,,,94.05168389994651,,,,,,,,,,,,,,,,,,,,,,,,,,,,,,,,,,,,,,,,,,,,,,,,,,,,,,,,,,,,,,,,,,,,,,,,,,94.03977199993096,94.05168389994651,94.05168389994651,94.05168389994651,94.23672459996305,None,,,,,,,,,,,,,,,,,,,,,,,,,,,,,,,,,,,,,,,,,,,,,,,P9615,MIC_Bar,7,1,2026-05-07_16h23.18.347,MIC_task,,2026.1.2,59.935473466347815,2026-05-07 16h23.20.101524 +0200,
MRnGO_prac_stimuli/wizard.png,"(0, -0.1)",26,0,26,None,,,,,,,,,,,,,,,,,,,,,,0,0,0,0,26,0,26,0,,,,,,,,,,,,,94.25188970007002,,,,,,,,,,,,,,,,,,,,,,,,,,,,,,,,,,,,,,,,,,,,,,,,,,,,,,,,,,,,,,,,,,,,,,,,,,94.24008119991049,94.25188970007002,94.25188970007002,94.25188970007002,94.43584819999523,None,,,,,,,,,,,,,,,,,,,,,,,,,,,,,,,,,,,,,,,,,,,,,,,P9615,MIC_Bar,7,1,2026-05-07_16h23.18.347,MIC_task,,2026.1.2,59.935473466347815,2026-05-07 16h23.20.101524 +0200,
MRnGO_prac_stimuli/wizard.png,"(0, -0.1)",27,0,27,None,,,,,,,,,,,,,,,,,,,,,,0,0,0,0,27,0,27,0,,,,,,,,,,,,,94.45238330005668,,,,,,,,,,,,,,,,,,,,,,,,,,,,,,,,,,,,,,,,,,,,,,,,,,,,,,,,,,,,,,,,,,,,,,,,,,94.43928899988532,94.45238330005668,94.45238330005668,94.45238330005668,94.6361378999427,None,,,,,,,,,,,,,,,,,,,,,,,,,,,,,,,,,,,,,,,,,,,,,,,P9615,MIC_Bar,7,1,2026-05-07_16h23.18.347,MIC_task,,2026.1.2,59.935473466347815,2026-05-07 16h23.20.101524 +0200,
MRnGO_prac_stimuli/wizard.png,"(0, -0.1)",28,0,28,None,,,,,,,,,,,,,,,,,,,,,,0,0,0,0,28,0,28,0,,,,,,,,,,,,,94.65201959991828,,,,,,,,,,,,,,,,,,,,,,,,,,,,,,,,,,,,,,,,,,,,,,,,,,,,,,,,,,,,,,,,,,,,,,,,,,94.63976630009711,94.65201959991828,94.65201959991828,94.65201959991828,94.83640139992349,None,,,,,,,,,,,,,,,,,,,,,,,,,,,,,,,,,,,,,,,,,,,,,,,P9615,MIC_Bar,7,1,2026-05-07_16h23.18.347,MIC_task,,2026.1.2,59.935473466347815,2026-05-07 16h23.20.101524 +0200,
MRnGO_prac_stimuli/wizard.png,"(0, -0.1)",29,0,29,None,,,,,,,,,,,,,,,,,,,,,,0,0,0,0,29,0,29,0,,,,,,,,,,,,,94.85227450006641,,,,,,,,,,,,,,,,,,,,,,,,,,,,,,,,,,,,,,,,,,,,,,,,,,,,,,,,,,,,,,,,,,,,,,,,,,94.83973079989664,94.85227450006641,94.85227450006641,94.85227450006641,95.03677059989423,None,,,,,,,,,,,,,,,,,,,,,,,,,,,,,,,,,,,,,,,,,,,,,,,P9615,MIC_Bar,7,1,2026-05-07_16h23.18.347,MIC_task,,2026.1.2,59.935473466347815,2026-05-07 16h23.20.101524 +0200,
MRnGO_prac_stimuli/wizard.png,"(0, -0.1)",30,0,30,None,,,,,,,,,,,,,,,,,,,,,,0,0,0,0,30,0,30,0,,,,,,,,,,,,,95.05337950005196,,,,,,,,,,,,,,,,,,,,,,,,,,,,,,,,,,,,,,,,,,,,,,,,,,,,,,,,,,,,,,,,,,,,,,,,,,95.04005550011061,95.05337950005196,95.05337950005196,95.05337950005196,95.23729570000432,None,,,,,,,,,,,,,,,,,,,,,,,,,,,,,,,,,,,,,,,,,,,,,,,P9615,MIC_Bar,7,1,2026-05-07_16h23.18.347,MIC_task,,2026.1.2,59.935473466347815,2026-05-07 16h23.20.101524 +0200,
MRnGO_prac_stimuli/wizard.png,"(0, -0.1)",31,0,31,None,,,,,,,,,,,,,,,,,,,,,,0,0,0,0,31,0,31,0,,,,,,,,,,,,,95.25312980008312,,,,,,,,,,,,,,,,,,,,,,,,,,,,,,,,,,,,,,,,,,,,,,,,,,,,,,,,,,,,,,,,,,,,,,,,,,95.24090229999274,95.25312980008312,95.25312980008312,95.25312980008312,95.4367511998862,None,,,,,,,,,,,,,,,,,,,,,,,,,,,,,,,,,,,,,,,,,,,,,,,P9615,MIC_Bar,7,1,2026-05-07_16h23.18.347,MIC_task,,2026.1.2,59.935473466347815,2026-05-07 16h23.20.101524 +0200,
MRnGO_prac_stimuli/wizard.png,"(0, -0.1)",32,0,32,None,,,,,,,,,,,,,,,,,,,,,,0,0,0,0,32,0,32,0,,,,,,,,,,,,,95.45349189988337,,,,,,,,,,,,,,,,,,,,,,,,,,,,,,,,,,,,,,,,,,,,,,,,,,,,,,,,,,,,,,,,,,,,,,,,,,95.44030659995042,95.45349189988337,95.45349189988337,95.45349189988337,95.63748289993964,None,,,,,,,,,,,,,,,,,,,,,,,,,,,,,,,,,,,,,,,,,,,,,,,P9615,MIC_Bar,7,1,2026-05-07_16h23.18.347,MIC_task,,2026.1.2,59.935473466347815,2026-05-07 16h23.20.101524 +0200,
MRnGO_prac_stimuli/wizard.png,"(0, -0.1)",33,0,33,None,,,,,,,,,,,,,,,,,,,,,,0,0,0,0,33,0,33,0,,,,,,,,,,,,,95.65385150001384,,,,,,,,,,,,,,,,,,,,,,,,,,,,,,,,,,,,,,,,,,,,,,,,,,,,,,,,,,,,,,,,,,,,,,,,,,95.64099849993363,95.65385150001384,95.65385150001384,95.65385150001384,95.83882199996151,None,,,,,,,,,,,,,,,,,,,,,,,,,,,,,,,,,,,,,,,,,,,,,,,P9615,MIC_Bar,7,1,2026-05-07_16h23.18.347,MIC_task,,2026.1.2,59.935473466347815,2026-05-07 16h23.20.101524 +0200,
MRnGO_prac_stimuli/wizard.png,"(0, -0.1)",34,0,34,None,,,,,,,,,,,,,,,,,,,,,,0,0,0,0,34,0,34,0,,,,,,,,,,,,,95.85418640007265,,,,,,,,,,,,,,,,,,,,,,,,,,,,,,,,,,,,,,,,,,,,,,,,,,,,,,,,,,,,,,,,,,,,,,,,,,95.8420472999569,95.85418640007265,95.85418640007265,95.85418640007265,96.03799939993769,None,,,,,,,,,,,,,,,,,,,,,,,,,,,,,,,,,,,,,,,,,,,,,,,P9615,MIC_Bar,7,1,2026-05-07_16h23.18.347,MIC_task,,2026.1.2,59.935473466347815,2026-05-07 16h23.20.101524 +0200,
MRnGO_prac_stimuli/wizard.png,"(0, -0.1)",35,0,35,None,,,,,,,,,,,,,,,,,,,,,,0,0,0,0,35,0,35,0,,,,,,,,,,,,,96.05461049987935,,,,,,,,,,,,,,,,,,,,,,,,,,,,,,,,,,,,,,,,,,,,,,,,,,,,,,,,,,,,,,,,,,,,,,,,,,96.04157230001874,96.05461049987935,96.05461049987935,96.05461049987935,96.23837790009566,None,,,,,,,,,,,,,,,,,,,,,,,,,,,,,,,,,,,,,,,,,,,,,,,P9615,MIC_Bar,7,1,2026-05-07_16h23.18.347,MIC_task,,2026.1.2,59.935473466347815,2026-05-07 16h23.20.101524 +0200,
MRnGO_prac_stimuli/wizard.png,"(0, -0.1)",36,0,36,None,,,,,,,,,,,,,,,,,,,,,,0,0,0,0,36,0,36,0,,,,,,,,,,,,,96.25501170009375,,,,,,,,,,,,,,,,,,,,,,,,,,,,,,,,,,,,,,,,,,,,,,,,,,,,,,,,,,,,,,,,,,,,,,,,,,96.24175060004927,96.25501170009375,96.25501170009375,96.25501170009375,96.44037369987927,None,,,,,,,,,,,,,,,,,,,,,,,,,,,,,,,,,,,,,,,,,,,,,,,P9615,MIC_Bar,7,1,2026-05-07_16h23.18.347,MIC_task,,2026.1.2,59.935473466347815,2026-05-07 16h23.20.101524 +0200,
MRnGO_prac_stimuli/wizard.png,"(0, -0.1)",37,0,37,None,,,,,,,,,,,,,,,,,,,,,,0,0,0,0,37,0,37,0,,,,,,,,,,,,,96.45627030008473,,,,,,,,,,,,,,,,,,,,,,,,,,,,,,,,,,,,,,,,,,,,,,,,,,,,,,,,,,,,,,,,,,,,,,,,,,96.44392580003478,96.45627030008473,96.45627030008473,96.45627030008473,96.62400710000657,None,,,,,,,,,,,,,,,,,,,,,,,,,,,,,,,,,,,,,,,,,,,,,,,P9615,MIC_Bar,7,1,2026-05-07_16h23.18.347,MIC_task,,2026.1.2,59.935473466347815,2026-05-07 16h23.20.101524 +0200,
MRnGO_prac_stimuli/wizard.png,"(0, -0.1)",38,0,38,None,,,,,,,,,,,,,,,,,,,,,,0,0,0,0,38,0,38,0,,,,,,,,,,,,,96.63896230002865,,,,,,,,,,,,,,,,,,,,,,,,,,,,,,,,,,,,,,,,,,,,,,,,,,,,,,,,,,,,,,,,,,,,,,,,,,96.62723920005374,96.63896230002865,96.63896230002865,96.63896230002865,96.82334419991821,None,96.83922389987856,96.83922389987856,96.83922389987856,,,,,,,,,,,,,,,,,,,,,,,,,,,,,,,,,,,,,,,,,,,,P9615,MIC_Bar,7,1,2026-05-07_16h23.18.347,MIC_task,,2026.1.2,59.935473466347815,2026-05-07 16h23.20.101524 +0200,
MRnGO_prac_stimuli/wizard.png,"(0, -0.1)",39,0,39,None,,,,,,,,,,,,,,,,,,,,,,0,0,0,0,39,0,39,0,,,,,,,,,,,,,96.83922389987856,,,,,,,,,,,,,,,,,,,,,,,,,,,,,,,,,,,,,,,,,,,,,,,,,,,,,,,,,,,,,,,,,,,,,,,,,,96.82648930000141,96.83922389987856,96.83922389987856,96.83922389987856,97.02374539989978,None,97.03968250006437,97.03968250006437,97.03968250006437,,,,,,,,,,,,,,,,,,,,,,,,,,,,,,,,,,,,,,,,,,,,P9615,MIC_Bar,7,1,2026-05-07_16h23.18.347,MIC_task,,2026.1.2,59.935473466347815,2026-05-07 16h23.20.101524 +0200,
MRnGO_prac_stimuli/wizard.png,"(0, -0.1)",40,0,40,None,,,,,,,,,,,,,,,,,,,,,,0,0,0,0,40,0,40,0,,,,,,,,,,,,,97.03968250006437,,,,,,,,,,,,,,,,,,,,,,,,,,,,,,,,,,,,,,,,,,,,,,,,,,,,,,,,,,,,,,,,,,,,,,,,,,97.02700629993342,97.03968250006437,97.03968250006437,97.03968250006437,97.22473739995621,None,,,,,,,,,,,,,,,,,,,,,,,,,,,,,,,,,,,,,,,,,,,,,,,P9615,MIC_Bar,7,1,2026-05-07_16h23.18.347,MIC_task,,2026.1.2,59.935473466347815,2026-05-07 16h23.20.101524 +0200,
MRnGO_prac_stimuli/wizard.png,"(0, -0.1)",41,0,41,None,,,,,,,,,,,,,,,,,,,,,,0,0,0,0,41,0,41,0,,,,,,,,,,,,,97.24005490005948,,,,,,,,,,,,,,,,,,,,,,,,,,,,,,,,,,,,,,,,,,,,,,,,,,,,,,,,,,,,,,,,,,,,,,,,,,97.22794510005042,97.24005490005948,97.24005490005948,97.24005490005948,97.42437130003236,None,97.44040390010923,97.44040390010923,97.44040390010923,,,,,,,,,,,,,,,,,,,,,,,,,,,,,,,,,,,,,,,,,,,,P9615,MIC_Bar,7,1,2026-05-07_16h23.18.347,MIC_task,,2026.1.2,59.935473466347815,2026-05-07 16h23.20.101524 +0200,
MRnGO_prac_stimuli/wizard.png,"(0, -0.1)",42,0,42,None,,,,,,,,,,,,,,,,,,,,,,0,0,0,0,42,0,42,0,,,,,,,,,,,,,97.44040390010923,,,,,,,,,,,,,,,,,,,,,,,,,,,,,,,,,,,,,,,,,,,,,,,,,,,,,,,,,,,,,,,,,,,,,,,,,,97.4278450999409,97.44040390010923,97.44040390010923,97.44040390010923,97.62392799998634,None,97.64070499991067,97.64070499991067,97.64070499991067,,,,,,,,,,,,,,,,,,,,,,,,,,,,,,,,,,,,,,,,,,,,P9615,MIC_Bar,7,1,2026-05-07_16h23.18.347,MIC_task,,2026.1.2,59.935473466347815,2026-05-07 16h23.20.101524 +0200,
MRnGO_prac_stimuli/wizard.png,"(0, -0.1)",43,0,43,space,0.16540319984778762,None,,,,,,,,,,,,,,,,,,,,0,0,0,0,43,0,43,0,,,,,,,,,,,,,97.64070499991067,,,,,,,,,,,,,,,,,,,,,,,,,,,,,,,,,,,,,,,,,,,,,,,,,,,,,,,,,,,,,,,,,,,,,,,,,,97.6270834999159,97.64070499991067,97.64070499991067,97.64070499991067,97.80878610000946,space,,,,0.16540319984778762,None,,,,,,,,,,,,,,,,,,,,,,,,,,,,,,,,,,,,,,,,,,P9615,MIC_Bar,7,1,2026-05-07_16h23.18.347,MIC_task,,2026.1.2,59.935473466347815,2026-05-07 16h23.20.101524 +0200,
MRnGO_prac_stimuli/wizard.png,"(0, -0.1)",0,0,0,,,,space,2.787959599867463,None,,,,,,,,,,,,,,,,,0,0,0,0,,,,,,,,,,,,,,,,,,,,,,,,,,,,,,,,,,,,,,,,,,,,,,,,,,,,,,,,,,,,,,,,,,,,,,,,,,,,,,,,,,,,,,,,,,,,,,,,,,,,,,97.88136469991878,97.88868069997989,97.89115333332059,99.81224090000615,99.84518820000812,99.84901729994453,99.8454161334162,101.74660519999452,101.81373009993695,101.81377590005286,101.83421269990504,101.83421269990504,104.63565799989738,space,2.787959599867463,None,,,,,,,,,,,,,,,,,,,,,,,,,,P9615,MIC_Bar,7,1,2026-05-07_16h23.18.347,MIC_task,,2026.1.2,59.935473466347815,2026-05-07 16h23.20.101524 +0200,
MRnGO_prac_stimuli/clover.png,"(0.1, 0.1)",0,0,0,None,,,,,,,,,,,,,,,,,,,,,,0,1,1,1,0,0,0,0,,,,,,,,,,,,,104.66868819994852,,,,,,,,,,,,,,,,,,,,,,,,,,,,,,,,,,,,,,,,,,,,,,,,,,,,,,,,,,,,,,,,,,,,,,,,,,104.66342779994011,104.66868819994852,104.66868819994852,104.66868819994852,104.83593409997411,None,,,,,,,,,,,,,,,,,,,,,,,,,,,,,,,,,,,,,,,,,,,,,,,P9615,MIC_Bar,7,1,2026-05-07_16h23.18.347,MIC_task,,2026.1.2,59.935473466347815,2026-05-07 16h23.20.101524 +0200,
MRnGO_prac_stimuli/clover.png,"(0.1, 0.1)",0,0,0,None,,,,,,,,,,,,,,,,,,,,,,0,1,1,1,0,0,0,0,,,,,,,,,,,,,104.85125449998304,,,,,,,,,,,,,,,,,,,,,,,,,,,,,,,,,,,,,,,,,,,,,,,,,,,,,,,,,,,,,,,,,,,,,,,,,,104.83932240004651,104.85125449998304,104.85125449998304,104.85125449998304,105.03637250000611,None,,,,,,,,,,,,,,,,,,,,,,,,,,,,,,,,,,,,,,,,,,,,,,,P9615,MIC_Bar,7,1,2026-05-07_16h23.18.347,MIC_task,,2026.1.2,59.935473466347815,2026-05-07 16h23.20.101524 +0200,
MRnGO_prac_stimuli/clover.png,"(0.1, 0.1)",1,0,1,None,,,,,,,,,,,,,,,,,,,,,,0,1,1,1,1,0,1,0,,,,,,,,,,,,,105.05155860004015,,,,,,,,,,,,,,,,,,,,,,,,,,,,,,,,,,,,,,,,,,,,,,,,,,,,,,,,,,,,,,,,,,,,,,,,,,105.03948700008914,105.05155860004015,105.05155860004015,105.05155860004015,105.23586410004646,None,105.2518750000745,105.2518750000745,105.2518750000745,,,,,,,,,,,,,,,,,,,,,,,,,,,,,,,,,,,,,,,,,,,,P9615,MIC_Bar,7,1,2026-05-07_16h23.18.347,MIC_task,,2026.1.2,59.935473466347815,2026-05-07 16h23.20.101524 +0200,
MRnGO_prac_stimuli/clover.png,"(0.1, 0.1)",2,0,2,None,,,,,,,,,,,,,,,,,,,,,,0,1,1,1,2,0,2,0,,,,,,,,,,,,,105.2518750000745,,,,,,,,,,,,,,,,,,,,,,,,,,,,,,,,,,,,,,,,,,,,,,,,,,,,,,,,,,,,,,,,,,,,,,,,,,105.23890989995562,105.2518750000745,105.2518750000745,105.2518750000745,105.4372682000976,None,,,,,,,,,,,,,,,,,,,,,,,,,,,,,,,,,,,,,,,,,,,,,,,P9615,MIC_Bar,7,1,2026-05-07_16h23.18.347,MIC_task,,2026.1.2,59.935473466347815,2026-05-07 16h23.20.101524 +0200,
MRnGO_prac_stimuli/clover.png,"(0.1, 0.1)",3,0,3,None,,,,,,,,,,,,,,,,,,,,,,0,1,1,1,3,0,3,0,,,,,,,,,,,,,105.45231770002283,,,,,,,,,,,,,,,,,,,,,,,,,,,,,,,,,,,,,,,,,,,,,,,,,,,,,,,,,,,,,,,,,,,,,,,,,,105.440986600006,105.45231770002283,105.45231770002283,105.45231770002283,105.63777579995804,None,,,,,,,,,,,,,,,,,,,,,,,,,,,,,,,,,,,,,,,,,,,,,,,P9615,MIC_Bar,7,1,2026-05-07_16h23.18.347,MIC_task,,2026.1.2,59.935473466347815,2026-05-07 16h23.20.101524 +0200,
MRnGO_prac_stimuli/clover.png,"(0.1, 0.1)",4,0,4,None,,,,,,,,,,,,,,,,,,,,,,0,1,1,1,4,0,4,0,,,,,,,,,,,,,105.65266359993257,,,,,,,,,,,,,,,,,,,,,,,,,,,,,,,,,,,,,,,,,,,,,,,,,,,,,,,,,,,,,,,,,,,,,,,,,,105.64092970010825,105.65266359993257,105.65266359993257,105.65266359993257,105.83662499999627,None,,,,,,,,,,,,,,,,,,,,,,,,,,,,,,,,,,,,,,,,,,,,,,,P9615,MIC_Bar,7,1,2026-05-07_16h23.18.347,MIC_task,,2026.1.2,59.935473466347815,2026-05-07 16h23.20.101524 +0200,
MRnGO_prac_stimuli/clover.png,"(0.1, 0.1)",5,0,5,None,,,,,,,,,,,,,,,,,,,,,,0,1,1,1,5,0,5,0,,,,,,,,,,,,,105.85302940011024,,,,,,,,,,,,,,,,,,,,,,,,,,,,,,,,,,,,,,,,,,,,,,,,,,,,,,,,,,,,,,,,,,,,,,,,,,105.8396091000177,105.85302940011024,105.85302940011024,105.85302940011024,106.03687359998003,None,,,,,,,,,,,,,,,,,,,,,,,,,,,,,,,,,,,,,,,,,,,,,,,P9615,MIC_Bar,7,1,2026-05-07_16h23.18.347,MIC_task,,2026.1.2,59.935473466347815,2026-05-07 16h23.20.101524 +0200,
MRnGO_prac_stimuli/clover.png,"(0.1, 0.1)",6,0,6,None,,,,,,,,,,,,,,,,,,,,,,0,1,1,1,6,0,6,0,,,,,,,,,,,,,106.05341030005366,,,,,,,,,,,,,,,,,,,,,,,,,,,,,,,,,,,,,,,,,,,,,,,,,,,,,,,,,,,,,,,,,,,,,,,,,,106.04028679989278,106.05341030005366,106.05341030005366,106.05341030005366,106.23719060001895,None,,,,,,,,,,,,,,,,,,,,,,,,,,,,,,,,,,,,,,,,,,,,,,,P9615,MIC_Bar,7,1,2026-05-07_16h23.18.347,MIC_task,,2026.1.2,59.935473466347815,2026-05-07 16h23.20.101524 +0200,
MRnGO_prac_stimuli/clover.png,"(0.1, 0.1)",7,0,7,None,,,,,,,,,,,,,,,,,,,,,,0,1,1,1,7,0,7,0,,,,,,,,,,,,,106.2537620998919,,,,,,,,,,,,,,,,,,,,,,,,,,,,,,,,,,,,,,,,,,,,,,,,,,,,,,,,,,,,,,,,,,,,,,,,,,106.2404803999234,106.2537620998919,106.2537620998919,106.2537620998919,106.4392375999596,None,,,,,,,,,,,,,,,,,,,,,,,,,,,,,,,,,,,,,,,,,,,,,,,P9615,MIC_Bar,7,1,2026-05-07_16h23.18.347,MIC_task,,2026.1.2,59.935473466347815,2026-05-07 16h23.20.101524 +0200,
MRnGO_prac_stimuli/clover.png,"(0.1, 0.1)",8,0,8,None,,,,,,,,,,,,,,,,,,,,,,0,1,1,1,8,0,8,0,,,,,,,,,,,,,106.45423509995453,,,,,,,,,,,,,,,,,,,,,,,,,,,,,,,,,,,,,,,,,,,,,,,,,,,,,,,,,,,,,,,,,,,,,,,,,,106.44234710000455,106.45423509995453,106.45423509995453,106.45423509995453,106.63802119996399,None,,,,,,,,,,,,,,,,,,,,,,,,,,,,,,,,,,,,,,,,,,,,,,,P9615,MIC_Bar,7,1,2026-05-07_16h23.18.347,MIC_task,,2026.1.2,59.935473466347815,2026-05-07 16h23.20.101524 +0200,
MRnGO_prac_stimuli/clover.png,"(0.1, 0.1)",9,0,9,None,,,,,,,,,,,,,,,,,,,,,,0,1,1,1,9,0,9,0,,,,,,,,,,,,,106.65369810000993,,,,,,,,,,,,,,,,,,,,,,,,,,,,,,,,,,,,,,,,,,,,,,,,,,,,,,,,,,,,,,,,,,,,,,,,,,106.64141270006076,106.65369810000993,106.65369810000993,106.65369810000993,106.83886180003174,None,,,,,,,,,,,,,,,,,,,,,,,,,,,,,,,,,,,,,,,,,,,,,,,P9615,MIC_Bar,7,1,2026-05-07_16h23.18.347,MIC_task,,2026.1.2,59.935473466347815,2026-05-07 16h23.20.101524 +0200,
MRnGO_prac_stimuli/clover.png,"(0.1, 0.1)",10,0,10,None,,,,,,,,,,,,,,,,,,,,,,0,1,1,1,10,0,10,0,,,,,,,,,,,,,106.85421329992823,,,,,,,,,,,,,,,,,,,,,,,,,,,,,,,,,,,,,,,,,,,,,,,,,,,,,,,,,,,,,,,,,,,,,,,,,,106.8421740999911,106.85421329992823,106.85421329992823,106.85421329992823,107.03822520002723,None,,,,,,,,,,,,,,,,,,,,,,,,,,,,,,,,,,,,,,,,,,,,,,,P9615,MIC_Bar,7,1,2026-05-07_16h23.18.347,MIC_task,,2026.1.2,59.935473466347815,2026-05-07 16h23.20.101524 +0200,
MRnGO_prac_stimuli/clover.png,"(0.1, 0.1)",11,0,11,None,,,,,,,,,,,,,,,,,,,,,,0,1,1,1,11,0,11,0,,,,,,,,,,,,,107.05450799991377,,,,,,,,,,,,,,,,,,,,,,,,,,,,,,,,,,,,,,,,,,,,,,,,,,,,,,,,,,,,,,,,,,,,,,,,,,107.04147910000756,107.05450799991377,107.05450799991377,107.05450799991377,107.23884089989588,None,,,,,,,,,,,,,,,,,,,,,,,,,,,,,,,,,,,,,,,,,,,,,,,P9615,MIC_Bar,7,1,2026-05-07_16h23.18.347,MIC_task,,2026.1.2,59.935473466347815,2026-05-07 16h23.20.101524 +0200,
MRnGO_prac_stimuli/clover.png,"(0.1, 0.1)",12,0,12,None,,,,,,,,,,,,,,,,,,,,,,0,1,1,1,12,0,12,0,,,,,,,,,,,,,107.25487269996665,,,,,,,,,,,,,,,,,,,,,,,,,,,,,,,,,,,,,,,,,,,,,,,,,,,,,,,,,,,,,,,,,,,,,,,,,,107.24177239998244,107.25487269996665,107.25487269996665,107.25487269996665,107.43868510005996,None,,,,,,,,,,,,,,,,,,,,,,,,,,,,,,,,,,,,,,,,,,,,,,,P9615,MIC_Bar,7,1,2026-05-07_16h23.18.347,MIC_task,,2026.1.2,59.935473466347815,2026-05-07 16h23.20.101524 +0200,
MRnGO_prac_stimuli/clover.png,"(0.1, 0.1)",13,0,13,None,,,,,,,,,,,,,,,,,,,,,,0,1,1,1,13,0,13,0,,,,,,,,,,,,,107.45522759994492,,,,,,,,,,,,,,,,,,,,,,,,,,,,,,,,,,,,,,,,,,,,,,,,,,,,,,,,,,,,,,,,,,,,,,,,,,107.44207470002584,107.45522759994492,107.45522759994492,107.45522759994492,107.6393615999259,None,,,,,,,,,,,,,,,,,,,,,,,,,,,,,,,,,,,,,,,,,,,,,,,P9615,MIC_Bar,7,1,2026-05-07_16h23.18.347,MIC_task,,2026.1.2,59.935473466347815,2026-05-07 16h23.20.101524 +0200,
MRnGO_prac_stimuli/clover.png,"(0.1, 0.1)",14,0,14,None,,,,,,,,,,,,,,,,,,,,,,0,1,1,1,14,0,14,0,,,,,,,,,,,,,107.65563410008326,,,,,,,,,,,,,,,,,,,,,,,,,,,,,,,,,,,,,,,,,,,,,,,,,,,,,,,,,,,,,,,,,,,,,,,,,,107.64239179994911,107.65563410008326,107.65563410008326,107.65563410008326,107.8407175000757,None,,,,,,,,,,,,,,,,,,,,,,,,,,,,,,,,,,,,,,,,,,,,,,,P9615,MIC_Bar,7,1,2026-05-07_16h23.18.347,MIC_task,,2026.1.2,59.935473466347815,2026-05-07 16h23.20.101524 +0200,
MRnGO_prac_stimuli/clover.png,"(0.1, 0.1)",15,0,15,None,,,,,,,,,,,,,,,,,,,,,,0,1,1,1,15,0,15,0,,,,,,,,,,,,,107.85587710002437,,,,,,,,,,,,,,,,,,,,,,,,,,,,,,,,,,,,,,,,,,,,,,,,,,,,,,,,,,,,,,,,,,,,,,,,,,107.84388060006313,107.85587710002437,107.85587710002437,107.85587710002437,108.04115190007724,None,,,,,,,,,,,,,,,,,,,,,,,,,,,,,,,,,,,,,,,,,,,,,,,P9615,MIC_Bar,7,1,2026-05-07_16h23.18.347,MIC_task,,2026.1.2,59.935473466347815,2026-05-07 16h23.20.101524 +0200,
MRnGO_prac_stimuli/clover.png,"(0.1, 0.1)",16,0,16,None,,,,,,,,,,,,,,,,,,,,,,0,1,1,1,16,0,16,0,,,,,,,,,,,,,108.0563193000853,,,,,,,,,,,,,,,,,,,,,,,,,,,,,,,,,,,,,,,,,,,,,,,,,,,,,,,,,,,,,,,,,,,,,,,,,,108.0442139999941,108.0563193000853,108.0563193000853,108.0563193000853,108.2401926999446,None,,,,,,,,,,,,,,,,,,,,,,,,,,,,,,,,,,,,,,,,,,,,,,,P9615,MIC_Bar,7,1,2026-05-07_16h23.18.347,MIC_task,,2026.1.2,59.935473466347815,2026-05-07 16h23.20.101524 +0200,
MRnGO_prac_stimuli/clover.png,"(0.1, 0.1)",17,0,17,None,,,,,,,,,,,,,,,,,,,,,,0,1,1,1,17,0,17,0,,,,,,,,,,,,,108.25672889989801,,,,,,,,,,,,,,,,,,,,,,,,,,,,,,,,,,,,,,,,,,,,,,,,,,,,,,,,,,,,,,,,,,,,,,,,,,108.24336969992146,108.25672889989801,108.25672889989801,108.25672889989801,108.44117240002379,None,,,,,,,,,,,,,,,,,,,,,,,,,,,,,,,,,,,,,,,,,,,,,,,P9615,MIC_Bar,7,1,2026-05-07_16h23.18.347,MIC_task,,2026.1.2,59.935473466347815,2026-05-07 16h23.20.101524 +0200,
MRnGO_prac_stimuli/clover.png,"(0.1, 0.1)",18,0,18,None,,,,,,,,,,,,,,,,,,,,,,0,1,1,1,18,0,18,0,,,,,,,,,,,,,108.45703319995664,,,,,,,,,,,,,,,,,,,,,,,,,,,,,,,,,,,,,,,,,,,,,,,,,,,,,,,,,,,,,,,,,,,,,,,,,,108.44454469997436,108.45703319995664,108.45703319995664,108.45703319995664,108.64145720005035,None,,,,,,,,,,,,,,,,,,,,,,,,,,,,,,,,,,,,,,,,,,,,,,,P9615,MIC_Bar,7,1,2026-05-07_16h23.18.347,MIC_task,,2026.1.2,59.935473466347815,2026-05-07 16h23.20.101524 +0200,
MRnGO_prac_stimuli/clover.png,"(0.1, 0.1)",19,0,19,None,,,,,,,,,,,,,,,,,,,,,,0,1,1,1,19,0,19,0,,,,,,,,,,,,,108.65748109994456,,,,,,,,,,,,,,,,,,,,,,,,,,,,,,,,,,,,,,,,,,,,,,,,,,,,,,,,,,,,,,,,,,,,,,,,,,108.64472520002164,108.65748109994456,108.65748109994456,108.65748109994456,108.84045140002854,None,,,,,,,,,,,,,,,,,,,,,,,,,,,,,,,,,,,,,,,,,,,,,,,P9615,MIC_Bar,7,1,2026-05-07_16h23.18.347,MIC_task,,2026.1.2,59.935473466347815,2026-05-07 16h23.20.101524 +0200,
MRnGO_prac_stimuli/clover.png,"(0.1, 0.1)",20,0,20,None,,,,,,,,,,,,,,,,,,,,,,0,1,1,1,20,0,20,0,,,,,,,,,,,,,108.85696800006554,,,,,,,,,,,,,,,,,,,,,,,,,,,,,,,,,,,,,,,,,,,,,,,,,,,,,,,,,,,,,,,,,,,,,,,,,,108.84378200001083,108.85696800006554,108.85696800006554,108.85696800006554,109.04136110004038,None,,,,,,,,,,,,,,,,,,,,,,,,,,,,,,,,,,,,,,,,,,,,,,,P9615,MIC_Bar,7,1,2026-05-07_16h23.18.347,MIC_task,,2026.1.2,59.935473466347815,2026-05-07 16h23.20.101524 +0200,
MRnGO_prac_stimuli/clover.png,"(0.1, 0.1)",21,0,21,None,,,,,,,,,,,,,,,,,,,,,,0,1,1,1,21,0,21,0,,,,,,,,,,,,,109.05748709989712,,,,,,,,,,,,,,,,,,,,,,,,,,,,,,,,,,,,,,,,,,,,,,,,,,,,,,,,,,,,,,,,,,,,,,,,,,109.04428580007516,109.05748709989712,109.05748709989712,109.05748709989712,109.24125290010124,None,,,,,,,,,,,,,,,,,,,,,,,,,,,,,,,,,,,,,,,,,,,,,,,P9615,MIC_Bar,7,1,2026-05-07_16h23.18.347,MIC_task,,2026.1.2,59.935473466347815,2026-05-07 16h23.20.101524 +0200,
MRnGO_prac_stimuli/clover.png,"(0.1, 0.1)",22,0,22,None,,,,,,,,,,,,,,,,,,,,,,0,1,1,1,22,0,22,0,,,,,,,,,,,,,109.25785099994391,,,,,,,,,,,,,,,,,,,,,,,,,,,,,,,,,,,,,,,,,,,,,,,,,,,,,,,,,,,,,,,,,,,,,,,,,,109.24436919996515,109.25785099994391,109.25785099994391,109.25785099994391,109.4415949000977,None,,,,,,,,,,,,,,,,,,,,,,,,,,,,,,,,,,,,,,,,,,,,,,,P9615,MIC_Bar,7,1,2026-05-07_16h23.18.347,MIC_task,,2026.1.2,59.935473466347815,2026-05-07 16h23.20.101524 +0200,
MRnGO_prac_stimuli/clover.png,"(0.1, 0.1)",23,0,23,None,,,,,,,,,,,,,,,,,,,,,,0,1,1,1,23,0,23,0,,,,,,,,,,,,,109.45824460010044,,,,,,,,,,,,,,,,,,,,,,,,,,,,,,,,,,,,,,,,,,,,,,,,,,,,,,,,,,,,,,,,,,,,,,,,,,109.44498579995707,109.45824460010044,109.45824460010044,109.45824460010044,109.64351459988393,None,,,,,,,,,,,,,,,,,,,,,,,,,,,,,,,,,,,,,,,,,,,,,,,P9615,MIC_Bar,7,1,2026-05-07_16h23.18.347,MIC_task,,2026.1.2,59.935473466347815,2026-05-07 16h23.20.101524 +0200,
MRnGO_prac_stimuli/clover.png,"(0.1, 0.1)",24,0,24,None,,,,,,,,,,,,,,,,,,,,,,0,1,1,1,24,0,24,0,,,,,,,,,,,,,109.65858440008014,,,,,,,,,,,,,,,,,,,,,,,,,,,,,,,,,,,,,,,,,,,,,,,,,,,,,,,,,,,,,,,,,,,,,,,,,,109.64658590010367,109.65858440008014,109.65858440008014,109.65858440008014,109.84237520000897,None,,,,,,,,,,,,,,,,,,,,,,,,,,,,,,,,,,,,,,,,,,,,,,,P9615,MIC_Bar,7,1,2026-05-07_16h23.18.347,MIC_task,,2026.1.2,59.935473466347815,2026-05-07 16h23.20.101524 +0200,
MRnGO_prac_stimuli/clover.png,"(0.1, 0.1)",25,0,25,None,,,,,,,,,,,,,,,,,,,,,,0,1,1,1,25,0,25,0,,,,,,,,,,,,,109.85896930005401,,,,,,,,,,,,,,,,,,,,,,,,,,,,,,,,,,,,,,,,,,,,,,,,,,,,,,,,,,,,,,,,,,,,,,,,,,109.84559309994802,109.85896930005401,109.85896930005401,109.85896930005401,110.04431780008599,None,,,,,,,,,,,,,,,,,,,,,,,,,,,,,,,,,,,,,,,,,,,,,,,P9615,MIC_Bar,7,1,2026-05-07_16h23.18.347,MIC_task,,2026.1.2,59.935473466347815,2026-05-07 16h23.20.101524 +0200,
MRnGO_prac_stimuli/clover.png,"(0.1, 0.1)",26,0,26,space,0.15492279990576208,None,,,,,,,,,,,,,,,,,,,,0,1,1,1,26,0,26,0,,,,,,,,,,,,,110.05941300000995,,,,,,,,,,,,,,,,,,,,,,,,,,,,,,,,,,,,,,,,,,,,,,,,,,,,,,,,,,,,,,,,,,,,,,,,,,110.04748279997148,110.05941300000995,110.05941300000995,110.05941300000995,110.22874290007167,space,,,,0.15492279990576208,None,,,,,,,,,,,,,,,,,,,,,,,,,,,,,,,,,,,,,,,,,,P9615,MIC_Bar,7,1,2026-05-07_16h23.18.347,MIC_task,,2026.1.2,59.935473466347815,2026-05-07 16h23.20.101524 +0200,
MRnGO_prac_stimuli/clover.png,"(0.1, 0.1)",1,1,0,,,,space,0.7254470000043511,None,,,,,,,,,,,,,,,,,0,1,1,1,,,,,,,,,,,,,,,,,,,,,,,,,,,,,,,,,,,,,,,,,,,,,,,,,,,,,,,,,,,,,,,,,,,,,,,,,,,,,,,,,,,,,,,,,,,,,,,,,,,,,,110.28686009999365,110.29280779999681,110.29444236659134,112.23087890003808,112.25804400001653,112.26463670004159,112.26405123330963,114.14911079988815,114.23374360008165,114.23379299999215,114.24890309991315,114.24890309991315,114.98588919988833,space,0.7254470000043511,None,,,,,,,,,,,,,,,,,,,,,,,,,,P9615,MIC_Bar,7,1,2026-05-07_16h23.18.347,MIC_task,,2026.1.2,59.935473466347815,2026-05-07 16h23.20.101524 +0200,
MRnGO_prac_stimuli/king.png,"(0, 0)",0,0,0,None,,,,,,,,,,,,,,,,,,,,,,0,2,2,2,0,0,0,0,,,,,,,,,,,,,115.0115326999221,,,,,,,,,,,,,,,,,,,,,,,,,,,,,,,,,,,,,,,,,,,,,,,,,,,,,,,,,,,,,,,,,,,,,,,,,,115.00672470009886,115.0115326999221,115.0115326999221,115.0115326999221,115.20073299994692,None,,,,,,,,,,,,,,,,,,,,,,,,,,,,,,,,,,,,,,,,,,,,,,,P9615,MIC_Bar,7,1,2026-05-07_16h23.18.347,MIC_task,,2026.1.2,59.935473466347815,2026-05-07 16h23.20.101524 +0200,
MRnGO_prac_stimuli/king.png,"(0, 0)",0,0,0,None,,,,,,,,,,,,,,,,,,,,,,0,2,2,2,0,0,0,0,,,,,,,,,,,,,115.21718790009618,,,,,,,,,,,,,,,,,,,,,,,,,,,,,,,,,,,,,,,,,,,,,,,,,,,,,,,,,,,,,,,,,,,,,,,,,,115.204380299896,115.21718790009618,115.21718790009618,115.21718790009618,115.40105349989608,None,,,,,,,,,,,,,,,,,,,,,,,,,,,,,,,,,,,,,,,,,,,,,,,P9615,MIC_Bar,7,1,2026-05-07_16h23.18.347,MIC_task,,2026.1.2,59.935473466347815,2026-05-07 16h23.20.101524 +0200,
MRnGO_prac_stimuli/king.png,"(0, 0)",1,0,1,None,,,,,,,,,,,,,,,,,,,,,,0,2,2,2,1,0,1,0,,,,,,,,,,,,,115.41760600009002,,,,,,,,,,,,,,,,,,,,,,,,,,,,,,,,,,,,,,,,,,,,,,,,,,,,,,,,,,,,,,,,,,,,,,,,,,115.40457309992053,115.41760600009002,115.41760600009002,115.41760600009002,115.60270499996841,None,,,,,,,,,,,,,,,,,,,,,,,,,,,,,,,,,,,,,,,,,,,,,,,P9615,MIC_Bar,7,1,2026-05-07_16h23.18.347,MIC_task,,2026.1.2,59.935473466347815,2026-05-07 16h23.20.101524 +0200,
MRnGO_prac_stimuli/king.png,"(0, 0)",2,0,2,None,,,,,,,,,,,,,,,,,,,,,,0,2,2,2,2,0,2,0,,,,,,,,,,,,,115.61790239997208,,,,,,,,,,,,,,,,,,,,,,,,,,,,,,,,,,,,,,,,,,,,,,,,,,,,,,,,,,,,,,,,,,,,,,,,,,115.60632869997062,115.61790239997208,115.61790239997208,115.61790239997208,115.80308500002138,None,,,,,,,,,,,,,,,,,,,,,,,,,,,,,,,,,,,,,,,,,,,,,,,P9615,MIC_Bar,7,1,2026-05-07_16h23.18.347,MIC_task,,2026.1.2,59.935473466347815,2026-05-07 16h23.20.101524 +0200,
MRnGO_prac_stimuli/king.png,"(0, 0)",3,0,3,None,,,,,,,,,,,,,,,,,,,,,,0,2,2,2,3,0,3,0,,,,,,,,,,,,,115.81833979999647,,,,,,,,,,,,,,,,,,,,,,,,,,,,,,,,,,,,,,,,,,,,,,,,,,,,,,,,,,,,,,,,,,,,,,,,,,115.80650729988702,115.81833979999647,115.81833979999647,115.81833979999647,116.00267129996791,None,,,,,,,,,,,,,,,,,,,,,,,,,,,,,,,,,,,,,,,,,,,,,,,P9615,MIC_Bar,7,1,2026-05-07_16h23.18.347,MIC_task,,2026.1.2,59.935473466347815,2026-05-07 16h23.20.101524 +0200,
MRnGO_prac_stimuli/king.png,"(0, 0)",4,0,4,None,,,,,,,,,,,,,,,,,,,,,,0,2,2,2,4,0,4,0,,,,,,,,,,,,,116.0186522998847,,,,,,,,,,,,,,,,,,,,,,,,,,,,,,,,,,,,,,,,,,,,,,,,,,,,,,,,,,,,,,,,,,,,,,,,,,116.00627400004305,116.0186522998847,116.0186522998847,116.0186522998847,116.18727890006267,None,,,,,,,,,,,,,,,,,,,,,,,,,,,,,,,,,,,,,,,,,,,,,,,P9615,MIC_Bar,7,1,2026-05-07_16h23.18.347,MIC_task,,2026.1.2,59.935473466347815,2026-05-07 16h23.20.101524 +0200,
MRnGO_prac_stimuli/king.png,"(0, 0)",5,0,5,None,,,,,,,,,,,,,,,,,,,,,,0,2,2,2,5,0,5,0,,,,,,,,,,,,,116.20154149993323,,,,,,,,,,,,,,,,,,,,,,,,,,,,,,,,,,,,,,,,,,,,,,,,,,,,,,,,,,,,,,,,,,,,,,,,,,116.19052219996229,116.20154149993323,116.20154149993323,116.20154149993323,116.38766629993916,None,,,,,,,,,,,,,,,,,,,,,,,,,,,,,,,,,,,,,,,,,,,,,,,P9615,MIC_Bar,7,1,2026-05-07_16h23.18.347,MIC_task,,2026.1.2,59.935473466347815,2026-05-07 16h23.20.101524 +0200,
MRnGO_prac_stimuli/king.png,"(0, 0)",6,0,6,None,,,,,,,,,,,,,,,,,,,,,,0,2,2,2,6,0,6,0,,,,,,,,,,,,,116.40258700004779,,,,,,,,,,,,,,,,,,,,,,,,,,,,,,,,,,,,,,,,,,,,,,,,,,,,,,,,,,,,,,,,,,,,,,,,,,116.39132479997352,116.40258700004779,116.40258700004779,116.40258700004779,116.58640050003305,None,,,,,,,,,,,,,,,,,,,,,,,,,,,,,,,,,,,,,,,,,,,,,,,P9615,MIC_Bar,7,1,2026-05-07_16h23.18.347,MIC_task,,2026.1.2,59.935473466347815,2026-05-07 16h23.20.101524 +0200,
MRnGO_prac_stimuli/king.png,"(0, 0)",7,0,7,None,,,,,,,,,,,,,,,,,,,,,,0,2,2,2,7,0,7,0,,,,,,,,,,,,,116.6022665000055,,,,,,,,,,,,,,,,,,,,,,,,,,,,,,,,,,,,,,,,,,,,,,,,,,,,,,,,,,,,,,,,,,,,,,,,,,116.58992470009252,116.6022665000055,116.6022665000055,116.6022665000055,116.78754530008882,None,,,,,,,,,,,,,,,,,,,,,,,,,,,,,,,,,,,,,,,,,,,,,,,P9615,MIC_Bar,7,1,2026-05-07_16h23.18.347,MIC_task,,2026.1.2,59.935473466347815,2026-05-07 16h23.20.101524 +0200,
MRnGO_prac_stimuli/king.png,"(0, 0)",8,0,8,None,,,,,,,,,,,,,,,,,,,,,,0,2,2,2,8,0,8,0,,,,,,,,,,,,,116.80261530005373,,,,,,,,,,,,,,,,,,,,,,,,,,,,,,,,,,,,,,,,,,,,,,,,,,,,,,,,,,,,,,,,,,,,,,,,,,116.79106600000523,116.80261530005373,116.80261530005373,116.80261530005373,116.98684470006265,None,,,,,,,,,,,,,,,,,,,,,,,,,,,,,,,,,,,,,,,,,,,,,,,P9615,MIC_Bar,7,1,2026-05-07_16h23.18.347,MIC_task,,2026.1.2,59.935473466347815,2026-05-07 16h23.20.101524 +0200,
MRnGO_prac_stimuli/king.png,"(0, 0)",9,0,9,None,,,,,,,,,,,,,,,,,,,,,,0,2,2,2,9,0,9,0,,,,,,,,,,,,,117.00303700007498,,,,,,,,,,,,,,,,,,,,,,,,,,,,,,,,,,,,,,,,,,,,,,,,,,,,,,,,,,,,,,,,,,,,,,,,,,116.99049949995242,117.00303700007498,117.00303700007498,117.00303700007498,117.18680869997479,None,,,,,,,,,,,,,,,,,,,,,,,,,,,,,,,,,,,,,,,,,,,,,,,P9615,MIC_Bar,7,1,2026-05-07_16h23.18.347,MIC_task,,2026.1.2,59.935473466347815,2026-05-07 16h23.20.101524 +0200,
MRnGO_prac_stimuli/king.png,"(0, 0)",10,0,10,None,,,,,,,,,,,,,,,,,,,,,,0,2,2,2,10,0,10,0,,,,,,,,,,,,,117.20336710009724,,,,,,,,,,,,,,,,,,,,,,,,,,,,,,,,,,,,,,,,,,,,,,,,,,,,,,,,,,,,,,,,,,,,,,,,,,117.19071989995427,117.20336710009724,117.20336710009724,117.20336710009724,117.38719839998521,None,,,,,,,,,,,,,,,,,,,,,,,,,,,,,,,,,,,,,,,,,,,,,,,P9615,MIC_Bar,7,1,2026-05-07_16h23.18.347,MIC_task,,2026.1.2,59.935473466347815,2026-05-07 16h23.20.101524 +0200,
MRnGO_prac_stimuli/king.png,"(0, 0)",11,0,11,None,,,,,,,,,,,,,,,,,,,,,,0,2,2,2,11,0,11,0,,,,,,,,,,,,,117.40385010000318,,,,,,,,,,,,,,,,,,,,,,,,,,,,,,,,,,,,,,,,,,,,,,,,,,,,,,,,,,,,,,,,,,,,,,,,,,117.39068079995923,117.40385010000318,117.40385010000318,117.40385010000318,117.58890530001372,None,,,,,,,,,,,,,,,,,,,,,,,,,,,,,,,,,,,,,,,,,,,,,,,P9615,MIC_Bar,7,1,2026-05-07_16h23.18.347,MIC_task,,2026.1.2,59.935473466347815,2026-05-07 16h23.20.101524 +0200,
MRnGO_prac_stimuli/king.png,"(0, 0)",12,0,12,None,,,,,,,,,,,,,,,,,,,,,,0,2,2,2,12,0,12,0,,,,,,,,,,,,,117.60407970007509,,,,,,,,,,,,,,,,,,,,,,,,,,,,,,,,,,,,,,,,,,,,,,,,,,,,,,,,,,,,,,,,,,,,,,,,,,117.59292379999533,117.60407970007509,117.60407970007509,117.60407970007509,117.78961399989203,None,,,,,,,,,,,,,,,,,,,,,,,,,,,,,,,,,,,,,,,,,,,,,,,P9615,MIC_Bar,7,1,2026-05-07_16h23.18.347,MIC_task,,2026.1.2,59.935473466347815,2026-05-07 16h23.20.101524 +0200,
MRnGO_prac_stimuli/king.png,"(0, 0)",13,0,13,space,0.15422649984247983,None,,,,,,,,,,,,,,,,,,,,0,2,2,2,13,0,13,0,,,,,,,,,,,,,117.80451219994575,,,,,,,,,,,,,,,,,,,,,,,,,,,,,,,,,,,,,,,,,,,,,,,,,,,,,,,,,,,,,,,,,,,,,,,,,,117.79361760010943,117.80451219994575,117.80451219994575,117.80451219994575,117.9724149000831,space,,,,0.15422649984247983,None,,,,,,,,,,,,,,,,,,,,,,,,,,,,,,,,,,,,,,,,,,P9615,MIC_Bar,7,1,2026-05-07_16h23.18.347,MIC_task,,2026.1.2,59.935473466347815,2026-05-07 16h23.20.101524 +0200,
MRnGO_prac_stimuli/king.png,"(0, 0)",2,2,0,,,,space,0.8441856999415904,None,,,,,,,,,,,,,,,,,0,2,2,2,,,,,,,,,,,,,,,,,,,,,,,,,,,,,,,,,,,,,,,,,,,,,,,,,,,,,,,,,,,,,,,,,,,,,,,,,,,,,,,,,,,,,,,,,,,,,,,,,,,,,,118.03094170009717,118.0356352000963,118.03809506657223,119.97454610001296,120.00474269990809,120.0110510000959,120.0076921334335,121.91163680003956,121.97777909995057,121.97783119999804,121.99405850004405,121.99405850004405,122.84605200006627,space,0.8441856999415904,None,,,,,,,,,,,,,,,,,,,,,,,,,,P9615,MIC_Bar,7,1,2026-05-07_16h23.18.347,MIC_task,,2026.1.2,59.935473466347815,2026-05-07 16h23.20.101524 +0200,
,,,,,,,,,,,,,,,,,,,,,,,,,,,,,,,,,,,,,,,,,,,,,,,,,,,,,,,,,,,,,,,,,,,,,,,,,,,,,,,,,,,,,,,,,,,,,,,,,,,,,,,,,,,,,,,,,122.91293570003472,122.9202215000987,122.9202215000987,122.92837293337409,128.0710295001045,space,5.142346400069073,None,,,,,,,,,,,,,,,,,,,,,,,,,,,,128.0699672999326,,,,,,,,,,,,,,,,,,,,,,,,,P9615,MIC_Bar,7,1,2026-05-07_16h23.18.347,MIC_task,,2026.1.2,59.935473466347815,2026-05-07 16h23.20.101524 +0200,
,,0,0,0,,,,,,,7,f18,dinnye,melon,4,food,fruit,6.4,22,25,50,None,"(0.1, 0)",None,,,,,,,,,,,0,0,0,0,0,0,0,0,0,0,0,0,128.09499150002375,,,,,,,,,,,,,,,,,,,,,,,,,,,,,,,,,,,,,,,,,,,,,,,,,,,,,,,,,,,,,,,,,,,,,,,,,,,,,,,,,,,,,,,,,,,,,,,,,,,,,,128.08996229991317,128.09499150002375,128.09499150002375,128.09499150002375,128.28893880010583,None,,,,,,,,,,,,,,,,,,,P9615,MIC_Bar,7,1,2026-05-07_16h23.18.347,MIC_task,,2026.1.2,59.935473466347815,2026-05-07 16h23.20.101524 +0200,
,,0,0,0,,,,,,,7,f18,dinnye,melon,4,food,fruit,6.4,22,25,50,None,"(0.1, 0)",None,,,,,,,,,,,0,0,0,0,0,0,0,0,0,0,0,0,128.30371770006604,,,,,,,,,,,,,,,,,,,,,,,,,,,,,,,,,,,,,,,,,,,,,,,,,,,,,,,,,,,,,,,,,,,,,,,,,,,,,,,,,,,,,,,,,,,,,,,,,,,,,,128.29231659998186,128.30371770006604,128.30371770006604,128.30371770006604,128.48912069993094,None,,,,,,,,,,,,,,,,,,,P9615,MIC_Bar,7,1,2026-05-07_16h23.18.347,MIC_task,,2026.1.2,59.935473466347815,2026-05-07 16h23.20.101524 +0200,
,,1,0,1,,,,,,,7,f18,dinnye,melon,4,food,fruit,6.4,22,25,50,None,"(0.1, 0)",None,,,,,,,,,,,0,0,0,0,0,0,0,0,1,0,1,0,128.50426619988866,,,,,,,,,,,,,,,,,,,,,,,,,,,,,,,,,,,,,,,,,,,,,,,,,,,,,,,,,,,,,,,,,,,,,,,,,,,,,,,,,,,,,,,,,,,,,,,,,,,,,,128.4926201000344,128.50426619988866,128.50426619988866,128.50426619988866,128.67273709992878,None,,,,,,,,,,,,,,,,,,,P9615,MIC_Bar,7,1,2026-05-07_16h23.18.347,MIC_task,,2026.1.2,59.935473466347815,2026-05-07 16h23.20.101524 +0200,
,,2,0,2,,,,,,,7,f18,dinnye,melon,4,food,fruit,6.4,22,25,50,None,"(0.1, 0)",None,,,,,,,,,,,0,0,0,0,0,0,0,0,2,0,2,0,128.68789769988507,,,,,,,,,,,,,,,,,,,,,,,,,,,,,,,,,,,,,,,,,,,,,,,,,,,,,,,,,,,,,,,,,,,,,,,,,,,,,,,,,,,,,,,,,,,,,,,,,,,,,,128.675876500085,128.68789769988507,128.68789769988507,128.68789769988507,128.8716623999644,None,,,,,,,,,,,,,,,,,,,P9615,MIC_Bar,7,1,2026-05-07_16h23.18.347,MIC_task,,2026.1.2,59.935473466347815,2026-05-07 16h23.20.101524 +0200,
,,3,0,3,,,,,,,7,f18,dinnye,melon,4,food,fruit,6.4,22,25,50,None,"(0.1, 0)",None,,,,,,,,,,,0,0,0,0,0,0,0,0,3,0,3,0,128.8881381000392,,,,,,,,,,,,,,,,,,,,,,,,,,,,,,,,,,,,,,,,,,,,,,,,,,,,,,,,,,,,,,,,,,,,,,,,,,,,,,,,,,,,,,,,,,,,,,,,,,,,,,128.87543360004202,128.8881381000392,128.8881381000392,128.8881381000392,129.0736078999471,None,,,,,,,,,,,,,,,,,,,P9615,MIC_Bar,7,1,2026-05-07_16h23.18.347,MIC_task,,2026.1.2,59.935473466347815,2026-05-07 16h23.20.101524 +0200,
,,4,0,4,,,,,,,7,f18,dinnye,melon,4,food,fruit,6.4,22,25,50,None,"(0.1, 0)",None,,,,,,,,,,,0,0,0,0,0,0,0,0,4,0,4,0,129.08862209995277,,,,,,,,,,,,,,,,,,,,,,,,,,,,,,,,,,,,,,,,,,,,,,,,,,,,,,,,,,,,,,,,,,,,,,,,,,,,,,,,,,,,,,,,,,,,,,,,,,,,,,129.07680799998343,129.08862209995277,129.08862209995277,129.08862209995277,129.2737610999029,None,,,,,,,,,,,,,,,,,,,P9615,MIC_Bar,7,1,2026-05-07_16h23.18.347,MIC_task,,2026.1.2,59.935473466347815,2026-05-07 16h23.20.101524 +0200,
,,5,0,5,,,,,,,7,f18,dinnye,melon,4,food,fruit,6.4,22,25,50,None,"(0.1, 0)",None,,,,,,,,,,,0,0,0,0,0,0,0,0,5,0,5,0,129.2882522,,,,,,,,,,,,,,,,,,,,,,,,,,,,,,,,,,,,,,,,,,,,,,,,,,,,,,,,,,,,,,,,,,,,,,,,,,,,,,,,,,,,,,,,,,,,,,,,,,,,,,129.27684139995836,129.2882522,129.2882522,129.2882522,129.47267009993084,None,,,,,,,,,,,,,,,,,,,P9615,MIC_Bar,7,1,2026-05-07_16h23.18.347,MIC_task,,2026.1.2,59.935473466347815,2026-05-07 16h23.20.101524 +0200,
,,6,0,6,,,,,,,7,f18,dinnye,melon,4,food,fruit,6.4,22,25,50,None,"(0.1, 0)",None,,,,,,,,,,,0,0,0,0,0,0,0,0,6,0,6,0,129.488625299884,,,,,,,,,,,,,,,,,,,,,,,,,,,,,,,,,,,,,,,,,,,,,,,,,,,,,,,,,,,,,,,,,,,,,,,,,,,,,,,,,,,,,,,,,,,,,,,,,,,,,,129.47630780003965,129.488625299884,129.488625299884,129.488625299884,129.67292889999226,None,,,,,,,,,,,,,,,,,,,P9615,MIC_Bar,7,1,2026-05-07_16h23.18.347,MIC_task,,2026.1.2,59.935473466347815,2026-05-07 16h23.20.101524 +0200,
,,7,0,7,,,,,,,7,f18,dinnye,melon,4,food,fruit,6.4,22,25,50,None,"(0.1, 0)",None,,,,,,,,,,,0,0,0,0,0,0,0,0,7,0,7,0,129.6890314000193,,,,,,,,,,,,,,,,,,,,,,,,,,,,,,,,,,,,,,,,,,,,,,,,,,,,,,,,,,,,,,,,,,,,,,,,,,,,,,,,,,,,,,,,,,,,,,,,,,,,,,129.67626200011,129.6890314000193,129.6890314000193,129.6890314000193,129.87432579998858,None,,,,,,,,,,,,,,,,,,,P9615,MIC_Bar,7,1,2026-05-07_16h23.18.347,MIC_task,,2026.1.2,59.935473466347815,2026-05-07 16h23.20.101524 +0200,
,,8,0,8,,,,,,,7,f18,dinnye,melon,4,food,fruit,6.4,22,25,50,None,"(0.1, 0)",None,,,,,,,,,,,0,0,0,0,0,0,0,0,8,0,8,0,129.88932380010374,,,,,,,,,,,,,,,,,,,,,,,,,,,,,,,,,,,,,,,,,,,,,,,,,,,,,,,,,,,,,,,,,,,,,,,,,,,,,,,,,,,,,,,,,,,,,,,,,,,,,,129.8778240000829,129.88932380010374,129.88932380010374,129.88932380010374,130.0732497998979,None,,,,,,,,,,,,,,,,,,,P9615,MIC_Bar,7,1,2026-05-07_16h23.18.347,MIC_task,,2026.1.2,59.935473466347815,2026-05-07 16h23.20.101524 +0200,
,,9,0,9,,,,,,,7,f18,dinnye,melon,4,food,fruit,6.4,22,25,50,None,"(0.1, 0)",None,,,,,,,,,,,0,0,0,0,0,0,0,0,9,0,9,0,130.0896773999557,,,,,,,,,,,,,,,,,,,,,,,,,,,,,,,,,,,,,,,,,,,,,,,,,,,,,,,,,,,,,,,,,,,,,,,,,,,,,,,,,,,,,,,,,,,,,,,,,,,,,,130.07658099988475,130.0896773999557,130.0896773999557,130.0896773999557,130.27347459993325,None,,,,,,,,,,,,,,,,,,,P9615,MIC_Bar,7,1,2026-05-07_16h23.18.347,MIC_task,,2026.1.2,59.935473466347815,2026-05-07 16h23.20.101524 +0200,
,,10,0,10,,,,,,,7,f18,dinnye,melon,4,food,fruit,6.4,22,25,50,None,"(0.1, 0)",None,,,,,,,,,,,0,0,0,0,0,0,0,0,10,0,10,0,130.29006669996306,,,,,,,,,,,,,,,,,,,,,,,,,,,,,,,,,,,,,,,,,,,,,,,,,,,,,,,,,,,,,,,,,,,,,,,,,,,,,,,,,,,,,,,,,,,,,,,,,,,,,,130.27658810000867,130.29006669996306,130.29006669996306,130.29006669996306,130.47557500004768,None,,,,,,,,,,,,,,,,,,,P9615,MIC_Bar,7,1,2026-05-07_16h23.18.347,MIC_task,,2026.1.2,59.935473466347815,2026-05-07 16h23.20.101524 +0200,
,,11,0,11,,,,,,,7,f18,dinnye,melon,4,food,fruit,6.4,22,25,50,None,"(0.1, 0)",None,,,,,,,,,,,0,0,0,0,0,0,0,0,11,0,11,0,130.49059669999406,,,,,,,,,,,,,,,,,,,,,,,,,,,,,,,,,,,,,,,,,,,,,,,,,,,,,,,,,,,,,,,,,,,,,,,,,,,,,,,,,,,,,,,,,,,,,,,,,,,,,,130.4788808999583,130.49059669999406,130.49059669999406,130.49059669999406,130.6742757000029,None,,,,,,,,,,,,,,,,,,,P9615,MIC_Bar,7,1,2026-05-07_16h23.18.347,MIC_task,,2026.1.2,59.935473466347815,2026-05-07 16h23.20.101524 +0200,
,,12,0,12,,,,,,,7,f18,dinnye,melon,4,food,fruit,6.4,22,25,50,None,"(0.1, 0)",None,,,,,,,,,,,0,0,0,0,0,0,0,0,12,0,12,0,130.6908905999735,,,,,,,,,,,,,,,,,,,,,,,,,,,,,,,,,,,,,,,,,,,,,,,,,,,,,,,,,,,,,,,,,,,,,,,,,,,,,,,,,,,,,,,,,,,,,,,,,,,,,,130.67735569993965,130.6908905999735,130.6908905999735,130.6908905999735,130.87632349994965,None,,,,,,,,,,,,,,,,,,,P9615,MIC_Bar,7,1,2026-05-07_16h23.18.347,MIC_task,,2026.1.2,59.935473466347815,2026-05-07 16h23.20.101524 +0200,
,,13,0,13,,,,,,,7,f18,dinnye,melon,4,food,fruit,6.4,22,25,50,None,"(0.1, 0)",None,,,,,,,,,,,0,0,0,0,0,0,0,0,13,0,13,0,130.89118029992096,,,,,,,,,,,,,,,,,,,,,,,,,,,,,,,,,,,,,,,,,,,,,,,,,,,,,,,,,,,,,,,,,,,,,,,,,,,,,,,,,,,,,,,,,,,,,,,,,,,,,,130.8796405000612,130.89118029992096,130.89118029992096,130.89118029992096,131.07504500006326,None,,,,,,,,,,,,,,,,,,,P9615,MIC_Bar,7,1,2026-05-07_16h23.18.347,MIC_task,,2026.1.2,59.935473466347815,2026-05-07 16h23.20.101524 +0200,
,,14,0,14,,,,,,,7,f18,dinnye,melon,4,food,fruit,6.4,22,25,50,None,"(0.1, 0)",None,,,,,,,,,,,0,0,0,0,0,0,0,0,14,0,14,0,131.09073400008492,,,,,,,,,,,,,,,,,,,,,,,,,,,,,,,,,,,,,,,,,,,,,,,,,,,,,,,,,,,,,,,,,,,,,,,,,,,,,,,,,,,,,,,,,,,,,,,,,,,,,,131.0783011999447,131.09073400008492,131.09073400008492,131.09073400008492,131.27688500005752,None,,,,,,,,,,,,,,,,,,,P9615,MIC_Bar,7,1,2026-05-07_16h23.18.347,MIC_task,,2026.1.2,59.935473466347815,2026-05-07 16h23.20.101524 +0200,
,,15,0,15,,,,,,,7,f18,dinnye,melon,4,food,fruit,6.4,22,25,50,None,"(0.1, 0)",None,,,,,,,,,,,0,0,0,0,0,0,0,0,15,0,15,0,131.29110389994457,,,,,,,,,,,,,,,,,,,,,,,,,,,,,,,,,,,,,,,,,,,,,,,,,,,,,,,,,,,,,,,,,,,,,,,,,,,,,,,,,,,,,,,,,,,,,,,,,,,,,,131.27997800009325,131.29110389994457,131.29110389994457,131.29110389994457,131.47489960002713,None,,,,,,,,,,,,,,,,,,,P9615,MIC_Bar,7,1,2026-05-07_16h23.18.347,MIC_task,,2026.1.2,59.935473466347815,2026-05-07 16h23.20.101524 +0200,
,,16,0,16,,,,,,,7,f18,dinnye,melon,4,food,fruit,6.4,22,25,50,None,"(0.1, 0)",None,,,,,,,,,,,0,0,0,0,0,0,0,0,16,0,16,0,131.49153689993545,,,,,,,,,,,,,,,,,,,,,,,,,,,,,,,,,,,,,,,,,,,,,,,,,,,,,,,,,,,,,,,,,,,,,,,,,,,,,,,,,,,,,,,,,,,,,,,,,,,,,,131.47814629995264,131.49153689993545,131.49153689993545,131.49153689993545,131.67526259995066,None,,,,,,,,,,,,,,,,,,,P9615,MIC_Bar,7,1,2026-05-07_16h23.18.347,MIC_task,,2026.1.2,59.935473466347815,2026-05-07 16h23.20.101524 +0200,
,,17,0,17,,,,,,,7,f18,dinnye,melon,4,food,fruit,6.4,22,25,50,None,"(0.1, 0)",None,,,,,,,,,,,0,0,0,0,0,0,0,0,17,0,17,0,131.69195719994605,,,,,,,,,,,,,,,,,,,,,,,,,,,,,,,,,,,,,,,,,,,,,,,,,,,,,,,,,,,,,,,,,,,,,,,,,,,,,,,,,,,,,,,,,,,,,,,,,,,,,,131.67841630009934,131.69195719994605,131.69195719994605,131.69195719994605,131.87572410004213,None,,,,,,,,,,,,,,,,,,,P9615,MIC_Bar,7,1,2026-05-07_16h23.18.347,MIC_task,,2026.1.2,59.935473466347815,2026-05-07 16h23.20.101524 +0200,
,,18,0,18,,,,,,,7,f18,dinnye,melon,4,food,fruit,6.4,22,25,50,None,"(0.1, 0)",None,,,,,,,,,,,0,0,0,0,0,0,0,0,18,0,18,0,131.89226290001534,,,,,,,,,,,,,,,,,,,,,,,,,,,,,,,,,,,,,,,,,,,,,,,,,,,,,,,,,,,,,,,,,,,,,,,,,,,,,,,,,,,,,,,,,,,,,,,,,,,,,,131.87934249988757,131.89226290001534,131.89226290001534,131.89226290001534,132.07605329994112,None,,,,,,,,,,,,,,,,,,,P9615,MIC_Bar,7,1,2026-05-07_16h23.18.347,MIC_task,,2026.1.2,59.935473466347815,2026-05-07 16h23.20.101524 +0200,
,,19,0,19,,,,,,,7,f18,dinnye,melon,4,food,fruit,6.4,22,25,50,None,"(0.1, 0)",space,0.08241289993748069,None,,,,,,,,,0,0,0,0,0,0,0,0,19,0,19,0,132.09270899998955,,,,,,,,,,,,,,,,,,,,,,,,,,,,,,,,,,,,,,,,,,,,,,,,,,,,,,,,,,,,,,,,,,,,,,,,,,,,,,,,,,,,,,,,,,,,,,,,,,,,,,132.07924750004895,132.09270899998955,132.09270899998955,132.09270899998955,132.17746679997072,space,0.08241289993748069,None,,,,,,,,,,,,,,,,,P9615,MIC_Bar,7,1,2026-05-07_16h23.18.347,MIC_task,,2026.1.2,59.935473466347815,2026-05-07 16h23.20.101524 +0200,
,,0,0,0,,,,space,1.023907900089398,None,7,f18,dinnye,melon,4,food,fruit,6.4,22,25,50,None,"(0.1, 0)",,,,,,,,,,,,0,0,0,0,0,0,0,0,,,,,,,,,,,,,,,,,,,,,,,,,,,,,,,,,,,,,,,,,,,,,,,,,,,,,,,,,,,,,,,,,,,,,,,,,,,,,,,,,,,,,,,,,,132.24211880005896,132.24701589997858,132.243069566569,134.17968950001523,,,,,,136.1828789000865,136.19930469989777,136.19930469989777,137.23665559990332,,,,,,,,,,,,,134.20561850001104,134.21051730006002,134.2128569333659,136.0986574999988,136.18280129996128,space,1.023907900089398,None,,,,,,,,,P9615,MIC_Bar,7,1,2026-05-07_16h23.18.347,MIC_task,,2026.1.2,59.935473466347815,2026-05-07 16h23.20.101524 +0200,
,,0,0,0,,,,,,,7,v10,bicikli,bicycle,10,vehicles,wheels,7,None,None,57,19,"(0, 0.1)",None,,,,,,,,,,,0,0,0,0,0,1,1,1,0,0,0,0,137.27230280009098,,,,,,,,,,,,,,,,,,,,,,,,,,,,,,,,,,,,,,,,,,,,,,,,,,,,,,,,,,,,,,,,,,,,,,,,,,,,,,,,,,,,,,,,,,,,,,,,,,,,,,137.26826389995404,137.27230280009098,137.27230280009098,137.27230280009098,137.45101829990745,None,,,,,,,,,,,,,,,,,,,P9615,MIC_Bar,7,1,2026-05-07_16h23.18.347,MIC_task,,2026.1.2,59.935473466347815,2026-05-07 16h23.20.101524 +0200,
,,0,0,0,,,,,,,7,v10,bicikli,bicycle,10,vehicles,wheels,7,None,None,57,19,"(0, 0.1)",None,,,,,,,,,,,0,0,0,0,0,1,1,1,0,0,0,0,137.4677736000158,,,,,,,,,,,,,,,,,,,,,,,,,,,,,,,,,,,,,,,,,,,,,,,,,,,,,,,,,,,,,,,,,,,,,,,,,,,,,,,,,,,,,,,,,,,,,,,,,,,,,,137.45413420000114,137.4677736000158,137.4677736000158,137.4677736000158,137.65144379995763,None,,,,,,,,,,,,,,,,,,,P9615,MIC_Bar,7,1,2026-05-07_16h23.18.347,MIC_task,,2026.1.2,59.935473466347815,2026-05-07 16h23.20.101524 +0200,
,,1,0,1,,,,,,,7,v10,bicikli,bicycle,10,vehicles,wheels,7,None,None,57,19,"(0, 0.1)",None,,,,,,,,,,,0,0,0,0,0,1,1,1,1,0,1,0,137.6680064999964,,,,,,,,,,,,,,,,,,,,,,,,,,,,,,,,,,,,,,,,,,,,,,,,,,,,,,,,,,,,,,,,,,,,,,,,,,,,,,,,,,,,,,,,,,,,,,,,,,,,,,137.6544643000234,137.6680064999964,137.6680064999964,137.6680064999964,137.85192229994573,None,,,,,,,,,,,,,,,,,,,P9615,MIC_Bar,7,1,2026-05-07_16h23.18.347,MIC_task,,2026.1.2,59.935473466347815,2026-05-07 16h23.20.101524 +0200,
,,2,0,2,,,,,,,7,v10,bicikli,bicycle,10,vehicles,wheels,7,None,None,57,19,"(0, 0.1)",None,,,,,,,,,,,0,0,0,0,0,1,1,1,2,0,2,0,137.86848179996014,,,,,,,,,,,,,,,,,,,,,,,,,,,,,,,,,,,,,,,,,,,,,,,,,,,,,,,,,,,,,,,,,,,,,,,,,,,,,,,,,,,,,,,,,,,,,,,,,,,,,,137.85513309994712,137.86848179996014,137.86848179996014,137.86848179996014,138.03704260010272,None,,,,,,,,,,,,,,,,,,,P9615,MIC_Bar,7,1,2026-05-07_16h23.18.347,MIC_task,,2026.1.2,59.935473466347815,2026-05-07 16h23.20.101524 +0200,
,,3,0,3,,,,,,,7,v10,bicikli,bicycle,10,vehicles,wheels,7,None,None,57,19,"(0, 0.1)",None,,,,,,,,,,,0,0,0,0,0,1,1,1,3,0,3,0,138.0520120000001,,,,,,,,,,,,,,,,,,,,,,,,,,,,,,,,,,,,,,,,,,,,,,,,,,,,,,,,,,,,,,,,,,,,,,,,,,,,,,,,,,,,,,,,,,,,,,,,,,,,,,138.0401580000762,138.0520120000001,138.0520120000001,138.0520120000001,138.23723819991574,None,,,,,,,,,,,,,,,,,,,P9615,MIC_Bar,7,1,2026-05-07_16h23.18.347,MIC_task,,2026.1.2,59.935473466347815,2026-05-07 16h23.20.101524 +0200,
,,4,0,4,,,,,,,7,v10,bicikli,bicycle,10,vehicles,wheels,7,None,None,57,19,"(0, 0.1)",None,,,,,,,,,,,0,0,0,0,0,1,1,1,4,0,4,0,138.25219730008394,,,,,,,,,,,,,,,,,,,,,,,,,,,,,,,,,,,,,,,,,,,,,,,,,,,,,,,,,,,,,,,,,,,,,,,,,,,,,,,,,,,,,,,,,,,,,,,,,,,,,,138.24027960002422,138.25219730008394,138.25219730008394,138.25219730008394,138.43683369993232,None,,,,,,,,,,,,,,,,,,,P9615,MIC_Bar,7,1,2026-05-07_16h23.18.347,MIC_task,,2026.1.2,59.935473466347815,2026-05-07 16h23.20.101524 +0200,
,,5,0,5,,,,,,,7,v10,bicikli,bicycle,10,vehicles,wheels,7,None,None,57,19,"(0, 0.1)",None,,,,,,,,,,,0,0,0,0,0,1,1,1,5,0,5,0,138.45197149994783,,,,,,,,,,,,,,,,,,,,,,,,,,,,,,,,,,,,,,,,,,,,,,,,,,,,,,,,,,,,,,,,,,,,,,,,,,,,,,,,,,,,,,,,,,,,,,,,,,,,,,138.44001780007966,138.45197149994783,138.45197149994783,138.45197149994783,138.63799489988014,None,,,,,,,,,,,,,,,,,,,P9615,MIC_Bar,7,1,2026-05-07_16h23.18.347,MIC_task,,2026.1.2,59.935473466347815,2026-05-07 16h23.20.101524 +0200,
,,6,0,6,,,,,,,7,v10,bicikli,bicycle,10,vehicles,wheels,7,None,None,57,19,"(0, 0.1)",None,,,,,,,,,,,0,0,0,0,0,1,1,1,6,0,6,0,138.6531233000569,,,,,,,,,,,,,,,,,,,,,,,,,,,,,,,,,,,,,,,,,,,,,,,,,,,,,,,,,,,,,,,,,,,,,,,,,,,,,,,,,,,,,,,,,,,,,,,,,,,,,,138.64131879992783,138.6531233000569,138.6531233000569,138.6531233000569,138.83776209992357,None,,,,,,,,,,,,,,,,,,,P9615,MIC_Bar,7,1,2026-05-07_16h23.18.347,MIC_task,,2026.1.2,59.935473466347815,2026-05-07 16h23.20.101524 +0200,
,,7,0,7,,,,,,,7,v10,bicikli,bicycle,10,vehicles,wheels,7,None,None,57,19,"(0, 0.1)",None,,,,,,,,,,,0,0,0,0,0,1,1,1,7,0,7,0,138.8527661000844,,,,,,,,,,,,,,,,,,,,,,,,,,,,,,,,,,,,,,,,,,,,,,,,,,,,,,,,,,,,,,,,,,,,,,,,,,,,,,,,,,,,,,,,,,,,,,,,,,,,,,138.8410463000182,138.8527661000844,138.8527661000844,138.8527661000844,139.03804369992577,None,,,,,,,,,,,,,,,,,,,P9615,MIC_Bar,7,1,2026-05-07_16h23.18.347,MIC_task,,2026.1.2,59.935473466347815,2026-05-07 16h23.20.101524 +0200,
,,8,0,8,,,,,,,7,v10,bicikli,bicycle,10,vehicles,wheels,7,None,None,57,19,"(0, 0.1)",None,,,,,,,,,,,0,0,0,0,0,1,1,1,8,0,8,0,139.05317720002495,,,,,,,,,,,,,,,,,,,,,,,,,,,,,,,,,,,,,,,,,,,,,,,,,,,,,,,,,,,,,,,,,,,,,,,,,,,,,,,,,,,,,,,,,,,,,,,,,,,,,,139.04122620006092,139.05317720002495,139.05317720002495,139.05317720002495,139.2368729999289,None,,,,,,,,,,,,,,,,,,,P9615,MIC_Bar,7,1,2026-05-07_16h23.18.347,MIC_task,,2026.1.2,59.935473466347815,2026-05-07 16h23.20.101524 +0200,
,,9,0,9,,,,,,,7,v10,bicikli,bicycle,10,vehicles,wheels,7,None,None,57,19,"(0, 0.1)",None,,,,,,,,,,,0,0,0,0,0,1,1,1,9,0,9,0,139.2534646000713,,,,,,,,,,,,,,,,,,,,,,,,,,,,,,,,,,,,,,,,,,,,,,,,,,,,,,,,,,,,,,,,,,,,,,,,,,,,,,,,,,,,,,,,,,,,,,,,,,,,,,139.24020650004968,139.2534646000713,139.2534646000713,139.2534646000713,139.43869509990327,None,,,,,,,,,,,,,,,,,,,P9615,MIC_Bar,7,1,2026-05-07_16h23.18.347,MIC_task,,2026.1.2,59.935473466347815,2026-05-07 16h23.20.101524 +0200,
,,10,0,10,,,,,,,7,v10,bicikli,bicycle,10,vehicles,wheels,7,None,None,57,19,"(0, 0.1)",None,,,,,,,,,,,0,0,0,0,0,1,1,1,10,0,10,0,139.45388659997843,,,,,,,,,,,,,,,,,,,,,,,,,,,,,,,,,,,,,,,,,,,,,,,,,,,,,,,,,,,,,,,,,,,,,,,,,,,,,,,,,,,,,,,,,,,,,,,,,,,,,,139.44173369999044,139.45388659997843,139.45388659997843,139.45388659997843,139.63766609993763,None,,,,,,,,,,,,,,,,,,,P9615,MIC_Bar,7,1,2026-05-07_16h23.18.347,MIC_task,,2026.1.2,59.935473466347815,2026-05-07 16h23.20.101524 +0200,
,,11,0,11,,,,,,,7,v10,bicikli,bicycle,10,vehicles,wheels,7,None,None,57,19,"(0, 0.1)",None,,,,,,,,,,,0,0,0,0,0,1,1,1,11,0,11,0,139.65431359992363,,,,,,,,,,,,,,,,,,,,,,,,,,,,,,,,,,,,,,,,,,,,,,,,,,,,,,,,,,,,,,,,,,,,,,,,,,,,,,,,,,,,,,,,,,,,,,,,,,,,,,139.6410797999706,139.65431359992363,139.65431359992363,139.65431359992363,139.83971170010045,None,,,,,,,,,,,,,,,,,,,P9615,MIC_Bar,7,1,2026-05-07_16h23.18.347,MIC_task,,2026.1.2,59.935473466347815,2026-05-07 16h23.20.101524 +0200,
,,12,0,12,,,,,,,7,v10,bicikli,bicycle,10,vehicles,wheels,7,None,None,57,19,"(0, 0.1)",None,,,,,,,,,,,0,0,0,0,0,1,1,1,12,0,12,0,139.85470689996146,,,,,,,,,,,,,,,,,,,,,,,,,,,,,,,,,,,,,,,,,,,,,,,,,,,,,,,,,,,,,,,,,,,,,,,,,,,,,,,,,,,,,,,,,,,,,,,,,,,,,,139.84276079991832,139.85470689996146,139.85470689996146,139.85470689996146,140.04005539999343,None,,,,,,,,,,,,,,,,,,,P9615,MIC_Bar,7,1,2026-05-07_16h23.18.347,MIC_task,,2026.1.2,59.935473466347815,2026-05-07 16h23.20.101524 +0200,
,,13,0,13,,,,,,,7,v10,bicikli,bicycle,10,vehicles,wheels,7,None,None,57,19,"(0, 0.1)",None,,,,,,,,,,,0,0,0,0,0,1,1,1,13,0,13,0,140.05502140009776,,,,,,,,,,,,,,,,,,,,,,,,,,,,,,,,,,,,,,,,,,,,,,,,,,,,,,,,,,,,,,,,,,,,,,,,,,,,,,,,,,,,,,,,,,,,,,,,,,,,,,140.04314529988915,140.05502140009776,140.05502140009776,140.05502140009776,140.23882300010882,None,,,,,,,,,,,,,,,,,,,P9615,MIC_Bar,7,1,2026-05-07_16h23.18.347,MIC_task,,2026.1.2,59.935473466347815,2026-05-07 16h23.20.101524 +0200,
,,14,0,14,,,,,,,7,v10,bicikli,bicycle,10,vehicles,wheels,7,None,None,57,19,"(0, 0.1)",None,,,,,,,,,,,0,0,0,0,0,1,1,1,14,0,14,0,140.2553880000487,,,,,,,,,,,,,,,,,,,,,,,,,,,,,,,,,,,,,,,,,,,,,,,,,,,,,,,,,,,,,,,,,,,,,,,,,,,,,,,,,,,,,,,,,,,,,,,,,,,,,,140.24198479996994,140.2553880000487,140.2553880000487,140.2553880000487,140.44074469991028,None,,,,,,,,,,,,,,,,,,,P9615,MIC_Bar,7,1,2026-05-07_16h23.18.347,MIC_task,,2026.1.2,59.935473466347815,2026-05-07 16h23.20.101524 +0200,
,,15,0,15,,,,,,,7,v10,bicikli,bicycle,10,vehicles,wheels,7,None,None,57,19,"(0, 0.1)",None,,,,,,,,,,,0,0,0,0,0,1,1,1,15,0,15,0,140.45567169995047,,,,,,,,,,,,,,,,,,,,,,,,,,,,,,,,,,,,,,,,,,,,,,,,,,,,,,,,,,,,,,,,,,,,,,,,,,,,,,,,,,,,,,,,,,,,,,,,,,,,,,140.4440512000583,140.45567169995047,140.45567169995047,140.45567169995047,140.6398847999517,None,,,,,,,,,,,,,,,,,,,P9615,MIC_Bar,7,1,2026-05-07_16h23.18.347,MIC_task,,2026.1.2,59.935473466347815,2026-05-07 16h23.20.101524 +0200,
,,16,0,16,,,,,,,7,v10,bicikli,bicycle,10,vehicles,wheels,7,None,None,57,19,"(0, 0.1)",None,,,,,,,,,,,0,0,0,0,0,1,1,1,16,0,16,0,140.65610309992917,,,,,,,,,,,,,,,,,,,,,,,,,,,,,,,,,,,,,,,,,,,,,,,,,,,,,,,,,,,,,,,,,,,,,,,,,,,,,,,,,,,,,,,,,,,,,,,,,,,,,,140.64326580008492,140.65610309992917,140.65610309992917,140.65610309992917,140.84123379993252,None,,,,,,,,,,,,,,,,,,,P9615,MIC_Bar,7,1,2026-05-07_16h23.18.347,MIC_task,,2026.1.2,59.935473466347815,2026-05-07 16h23.20.101524 +0200,
,,17,0,17,,,,,,,7,v10,bicikli,bicycle,10,vehicles,wheels,7,None,None,57,19,"(0, 0.1)",None,,,,,,,,,,,0,0,0,0,0,1,1,1,17,0,17,0,140.85652470006607,,,,,,,,,,,,,,,,,,,,,,,,,,,,,,,,,,,,,,,,,,,,,,,,,,,,,,,,,,,,,,,,,,,,,,,,,,,,,,,,,,,,,,,,,,,,,,,,,,,,,,140.84439829993062,140.85652470006607,140.85652470006607,140.85652470006607,141.0402466999367,None,,,,,,,,,,,,,,,,,,,P9615,MIC_Bar,7,1,2026-05-07_16h23.18.347,MIC_task,,2026.1.2,59.935473466347815,2026-05-07 16h23.20.101524 +0200,
,,18,0,18,,,,,,,7,v10,bicikli,bicycle,10,vehicles,wheels,7,None,None,57,19,"(0, 0.1)",None,,,,,,,,,,,0,0,0,0,0,1,1,1,18,0,18,0,141.05685040005483,,,,,,,,,,,,,,,,,,,,,,,,,,,,,,,,,,,,,,,,,,,,,,,,,,,,,,,,,,,,,,,,,,,,,,,,,,,,,,,,,,,,,,,,,,,,,,,,,,,,,,141.04340040008537,141.05685040005483,141.05685040005483,141.05685040005483,141.2406319999136,None,,,,,,,,,,,,,,,,,,,P9615,MIC_Bar,7,1,2026-05-07_16h23.18.347,MIC_task,,2026.1.2,59.935473466347815,2026-05-07 16h23.20.101524 +0200,
,,19,0,19,,,,,,,7,v10,bicikli,bicycle,10,vehicles,wheels,7,None,None,57,19,"(0, 0.1)",None,,,,,,,,,,,0,0,0,0,0,1,1,1,19,0,19,0,141.25643959990703,,,,,,,,,,,,,,,,,,,,,,,,,,,,,,,,,,,,,,,,,,,,,,,,,,,,,,,,,,,,,,,,,,,,,,,,,,,,,,,,,,,,,,,,,,,,,,,,,,,,,,141.24386669998057,141.25643959990703,141.25643959990703,141.25643959990703,141.4402914000675,None,,,,,,,,,,,,,,,,,,,P9615,MIC_Bar,7,1,2026-05-07_16h23.18.347,MIC_task,,2026.1.2,59.935473466347815,2026-05-07 16h23.20.101524 +0200,
,,20,0,20,,,,,,,7,v10,bicikli,bicycle,10,vehicles,wheels,7,None,None,57,19,"(0, 0.1)",None,,,,,,,,,,,0,0,0,0,0,1,1,1,20,0,20,0,141.45682800002396,,,,,,,,,,,,,,,,,,,,,,,,,,,,,,,,,,,,,,,,,,,,,,,,,,,,,,,,,,,,,,,,,,,,,,,,,,,,,,,,,,,,,,,,,,,,,,,,,,,,,,141.44322000001557,141.45682800002396,141.45682800002396,141.45682800002396,141.64092339994386,None,,,,,,,,,,,,,,,,,,,P9615,MIC_Bar,7,1,2026-05-07_16h23.18.347,MIC_task,,2026.1.2,59.935473466347815,2026-05-07 16h23.20.101524 +0200,
,,21,0,21,,,,,,,7,v10,bicikli,bicycle,10,vehicles,wheels,7,None,None,57,19,"(0, 0.1)",None,,,,,,,,,,,0,0,0,0,0,1,1,1,21,0,21,0,141.65723980008624,,,,,,,,,,,,,,,,,,,,,,,,,,,,,,,,,,,,,,,,,,,,,,,,,,,,,,,,,,,,,,,,,,,,,,,,,,,,,,,,,,,,,,,,,,,,,,,,,,,,,,141.6439936000388,141.65723980008624,141.65723980008624,141.65723980008624,141.84105339995585,None,,,,,,,,,,,,,,,,,,,P9615,MIC_Bar,7,1,2026-05-07_16h23.18.347,MIC_task,,2026.1.2,59.935473466347815,2026-05-07 16h23.20.101524 +0200,
,,22,0,22,,,,,,,7,v10,bicikli,bicycle,10,vehicles,wheels,7,None,None,57,19,"(0, 0.1)",None,,,,,,,,,,,0,0,0,0,0,1,1,1,22,0,22,0,141.85761480010115,,,,,,,,,,,,,,,,,,,,,,,,,,,,,,,,,,,,,,,,,,,,,,,,,,,,,,,,,,,,,,,,,,,,,,,,,,,,,,,,,,,,,,,,,,,,,,,,,,,,,,141.84443700010888,141.85761480010115,141.85761480010115,141.85761480010115,142.04144549998455,None,,,,,,,,,,,,,,,,,,,P9615,MIC_Bar,7,1,2026-05-07_16h23.18.347,MIC_task,,2026.1.2,59.935473466347815,2026-05-07 16h23.20.101524 +0200,
,,23,0,23,,,,,,,7,v10,bicikli,bicycle,10,vehicles,wheels,7,None,None,57,19,"(0, 0.1)",None,,,,,,,,,,,0,0,0,0,0,1,1,1,23,0,23,0,142.05800479999743,,,,,,,,,,,,,,,,,,,,,,,,,,,,,,,,,,,,,,,,,,,,,,,,,,,,,,,,,,,,,,,,,,,,,,,,,,,,,,,,,,,,,,,,,,,,,,,,,,,,,,142.04464760003611,142.05800479999743,142.05800479999743,142.05800479999743,142.24330649990588,None,,,,,,,,,,,,,,,,,,,P9615,MIC_Bar,7,1,2026-05-07_16h23.18.347,MIC_task,,2026.1.2,59.935473466347815,2026-05-07 16h23.20.101524 +0200,
,,24,0,24,,,,,,,7,v10,bicikli,bicycle,10,vehicles,wheels,7,None,None,57,19,"(0, 0.1)",None,,,,,,,,,,,0,0,0,0,0,1,1,1,24,0,24,0,142.25837530009449,,,,,,,,,,,,,,,,,,,,,,,,,,,,,,,,,,,,,,,,,,,,,,,,,,,,,,,,,,,,,,,,,,,,,,,,,,,,,,,,,,,,,,,,,,,,,,,,,,,,,,142.2463499000296,142.25837530009449,142.25837530009449,142.25837530009449,142.44241699995473,None,,,,,,,,,,,,,,,,,,,P9615,MIC_Bar,7,1,2026-05-07_16h23.18.347,MIC_task,,2026.1.2,59.935473466347815,2026-05-07 16h23.20.101524 +0200,
,,25,0,25,,,,,,,7,v10,bicikli,bicycle,10,vehicles,wheels,7,None,None,57,19,"(0, 0.1)",None,,,,,,,,,,,0,0,0,0,0,1,1,1,25,0,25,0,142.45872059999965,,,,,,,,,,,,,,,,,,,,,,,,,,,,,,,,,,,,,,,,,,,,,,,,,,,,,,,,,,,,,,,,,,,,,,,,,,,,,,,,,,,,,,,,,,,,,,,,,,,,,,142.44545989995822,142.45872059999965,142.45872059999965,142.45872059999965,142.64247939991765,None,,,,,,,,,,,,,,,,,,,P9615,MIC_Bar,7,1,2026-05-07_16h23.18.347,MIC_task,,2026.1.2,59.935473466347815,2026-05-07 16h23.20.101524 +0200,
,,26,0,26,,,,,,,7,v10,bicikli,bicycle,10,vehicles,wheels,7,None,None,57,19,"(0, 0.1)",None,,,,,,,,,,,0,0,0,0,0,1,1,1,26,0,26,0,142.65907129994594,,,,,,,,,,,,,,,,,,,,,,,,,,,,,,,,,,,,,,,,,,,,,,,,,,,,,,,,,,,,,,,,,,,,,,,,,,,,,,,,,,,,,,,,,,,,,,,,,,,,,,142.64557719998993,142.65907129994594,142.65907129994594,142.65907129994594,142.8428509000223,None,,,,,,,,,,,,,,,,,,,P9615,MIC_Bar,7,1,2026-05-07_16h23.18.347,MIC_task,,2026.1.2,59.935473466347815,2026-05-07 16h23.20.101524 +0200,
,,27,0,27,,,,,,,7,v10,bicikli,bicycle,10,vehicles,wheels,7,None,None,57,19,"(0, 0.1)",None,,,,,,,,,,,0,0,0,0,0,1,1,1,27,0,27,0,142.85938340006396,,,,,,,,,,,,,,,,,,,,,,,,,,,,,,,,,,,,,,,,,,,,,,,,,,,,,,,,,,,,,,,,,,,,,,,,,,,,,,,,,,,,,,,,,,,,,,,,,,,,,,142.84587009996176,142.85938340006396,142.85938340006396,142.85938340006396,143.0446180999279,None,,,,,,,,,,,,,,,,,,,P9615,MIC_Bar,7,1,2026-05-07_16h23.18.347,MIC_task,,2026.1.2,59.935473466347815,2026-05-07 16h23.20.101524 +0200,
,,28,0,28,,,,,,,7,v10,bicikli,bicycle,10,vehicles,wheels,7,None,None,57,19,"(0, 0.1)",space,0.03622429980896413,None,,,,,,,,,0,0,0,0,0,1,1,1,28,0,28,0,143.05986079992726,,,,,,,,,,,,,,,,,,,,,,,,,,,,,,,,,,,,,,,,,,,,,,,,,,,,,,,,,,,,,,,,,,,,,,,,,,,,,,,,,,,,,,,,,,,,,,,,,,,,,,143.0477557000704,143.05986079992726,143.05986079992726,143.05986079992726,143.11044010007754,space,0.03622429980896413,None,,,,,,,,,,,,,,,,,P9615,MIC_Bar,7,1,2026-05-07_16h23.18.347,MIC_task,,2026.1.2,59.935473466347815,2026-05-07 16h23.20.101524 +0200,
,,1,1,0,,,,space,0.8028156999498606,None,7,v10,bicikli,bicycle,10,vehicles,wheels,7,None,None,57,19,"(0, 0.1)",,,,,,,,,,,,0,0,0,0,0,1,1,1,,,,,,,,,,,,,,,,,,,,,,,,,,,,,,,,,,,,,,,,,,,,,,,,,,,,,,,,,,,,,,,,,,,,,,,,,,,,,,,,,,,,,,,,,,143.1745082999114,143.1799693000503,143.17605316663784,145.11392019991763,,,,,,147.11785869998857,147.13212359999306,147.13212359999306,147.95309880003333,,,,,,,,,,,,,145.1384537999984,145.1440918999724,145.1471236333096,147.03225739998743,147.1178003998939,space,0.8028156999498606,None,,,,,,,,,P9615,MIC_Bar,7,1,2026-05-07_16h23.18.347,MIC_task,,2026.1.2,59.935473466347815,2026-05-07 16h23.20.101524 +0200,
,,0,0,0,,,,,,,7,c18,zokni,sock,3,clothes,footwear,5.6,74,20,35,None,"(-0.1, -0.1)",None,,,,,,,,,,,0,0,0,0,0,2,2,2,0,0,0,0,147.97850529989228,,,,,,,,,,,,,,,,,,,,,,,,,,,,,,,,,,,,,,,,,,,,,,,,,,,,,,,,,,,,,,,,,,,,,,,,,,,,,,,,,,,,,,,,,,,,,,,,,,,,,,147.97343529993668,147.97850529989228,147.97850529989228,147.97850529989228,148.1675269000698,None,,,,,,,,,,,,,,,,,,,P9615,MIC_Bar,7,1,2026-05-07_16h23.18.347,MIC_task,,2026.1.2,59.935473466347815,2026-05-07 16h23.20.101524 +0200,
,,0,0,0,,,,,,,7,c18,zokni,sock,3,clothes,footwear,5.6,74,20,35,None,"(-0.1, -0.1)",None,,,,,,,,,,,0,0,0,0,0,2,2,2,0,0,0,0,148.18406779994257,,,,,,,,,,,,,,,,,,,,,,,,,,,,,,,,,,,,,,,,,,,,,,,,,,,,,,,,,,,,,,,,,,,,,,,,,,,,,,,,,,,,,,,,,,,,,,,,,,,,,,148.17070210003294,148.18406779994257,148.18406779994257,148.18406779994257,148.36873529991135,None,,,,,,,,,,,,,,,,,,,P9615,MIC_Bar,7,1,2026-05-07_16h23.18.347,MIC_task,,2026.1.2,59.935473466347815,2026-05-07 16h23.20.101524 +0200,
,,1,0,1,,,,,,,7,c18,zokni,sock,3,clothes,footwear,5.6,74,20,35,None,"(-0.1, -0.1)",None,,,,,,,,,,,0,0,0,0,0,2,2,2,1,0,1,0,148.38453979999758,,,,,,,,,,,,,,,,,,,,,,,,,,,,,,,,,,,,,,,,,,,,,,,,,,,,,,,,,,,,,,,,,,,,,,,,,,,,,,,,,,,,,,,,,,,,,,,,,,,,,,148.37208490003832,148.38453979999758,148.38453979999758,148.38453979999758,148.56830619997345,None,,,,,,,,,,,,,,,,,,,P9615,MIC_Bar,7,1,2026-05-07_16h23.18.347,MIC_task,,2026.1.2,59.935473466347815,2026-05-07 16h23.20.101524 +0200,
,,2,0,2,,,,,,,7,c18,zokni,sock,3,clothes,footwear,5.6,74,20,35,None,"(-0.1, -0.1)",None,,,,,,,,,,,0,0,0,0,0,2,2,2,2,0,2,0,148.5849917999003,,,,,,,,,,,,,,,,,,,,,,,,,,,,,,,,,,,,,,,,,,,,,,,,,,,,,,,,,,,,,,,,,,,,,,,,,,,,,,,,,,,,,,,,,,,,,,,,,,,,,,148.57153340009972,148.5849917999003,148.5849917999003,148.5849917999003,148.768721899949,None,,,,,,,,,,,,,,,,,,,P9615,MIC_Bar,7,1,2026-05-07_16h23.18.347,MIC_task,,2026.1.2,59.935473466347815,2026-05-07 16h23.20.101524 +0200,
,,3,0,3,,,,,,,7,c18,zokni,sock,3,clothes,footwear,5.6,74,20,35,None,"(-0.1, -0.1)",None,,,,,,,,,,,0,0,0,0,0,2,2,2,3,0,3,0,148.78450690000318,,,,,,,,,,,,,,,,,,,,,,,,,,,,,,,,,,,,,,,,,,,,,,,,,,,,,,,,,,,,,,,,,,,,,,,,,,,,,,,,,,,,,,,,,,,,,,,,,,,,,,148.77198720001616,148.78450690000318,148.78450690000318,148.78450690000318,148.96911980002187,None,,,,,,,,,,,,,,,,,,,P9615,MIC_Bar,7,1,2026-05-07_16h23.18.347,MIC_task,,2026.1.2,59.935473466347815,2026-05-07 16h23.20.101524 +0200,
,,4,0,4,,,,,,,7,c18,zokni,sock,3,clothes,footwear,5.6,74,20,35,None,"(-0.1, -0.1)",None,,,,,,,,,,,0,0,0,0,0,2,2,2,4,0,4,0,148.9849213999696,,,,,,,,,,,,,,,,,,,,,,,,,,,,,,,,,,,,,,,,,,,,,,,,,,,,,,,,,,,,,,,,,,,,,,,,,,,,,,,,,,,,,,,,,,,,,,,,,,,,,,148.97247399995103,148.9849213999696,148.9849213999696,148.9849213999696,149.1701748999767,None,,,,,,,,,,,,,,,,,,,P9615,MIC_Bar,7,1,2026-05-07_16h23.18.347,MIC_task,,2026.1.2,59.935473466347815,2026-05-07 16h23.20.101524 +0200,
,,5,0,5,,,,,,,7,c18,zokni,sock,3,clothes,footwear,5.6,74,20,35,None,"(-0.1, -0.1)",None,,,,,,,,,,,0,0,0,0,0,2,2,2,5,0,5,0,149.1852210999932,,,,,,,,,,,,,,,,,,,,,,,,,,,,,,,,,,,,,,,,,,,,,,,,,,,,,,,,,,,,,,,,,,,,,,,,,,,,,,,,,,,,,,,,,,,,,,,,,,,,,,149.1735429998953,149.1852210999932,149.1852210999932,149.1852210999932,149.35458589997143,None,,,,,,,,,,,,,,,,,,,P9615,MIC_Bar,7,1,2026-05-07_16h23.18.347,MIC_task,,2026.1.2,59.935473466347815,2026-05-07 16h23.20.101524 +0200,
,,6,0,6,,,,,,,7,c18,zokni,sock,3,clothes,footwear,5.6,74,20,35,None,"(-0.1, -0.1)",None,,,,,,,,,,,0,0,0,0,0,2,2,2,6,0,6,0,149.36893479991704,,,,,,,,,,,,,,,,,,,,,,,,,,,,,,,,,,,,,,,,,,,,,,,,,,,,,,,,,,,,,,,,,,,,,,,,,,,,,,,,,,,,,,,,,,,,,,,,,,,,,,149.35766090010293,149.36893479991704,149.36893479991704,149.36893479991704,149.55316010001116,None,,,,,,,,,,,149.56933510000817,149.56933510000817,149.56933510000817,,,,,,P9615,MIC_Bar,7,1,2026-05-07_16h23.18.347,MIC_task,,2026.1.2,59.935473466347815,2026-05-07 16h23.20.101524 +0200,
,,7,0,7,,,,,,,7,c18,zokni,sock,3,clothes,footwear,5.6,74,20,35,None,"(-0.1, -0.1)",None,,,,,,,,,,,0,0,0,0,0,2,2,2,7,0,7,0,149.56933510000817,,,,,,,,,,,,,,,,,,,,,,,,,,,,,,,,,,,,,,,,,,,,,,,,,,,,,,,,,,,,,,,,,,,,,,,,,,,,,,,,,,,,,,,,,,,,,,,,,,,,,,149.5561893999111,149.56933510000817,149.56933510000817,149.56933510000817,149.75462349993177,None,,,,,,,,,,,,,,,,,,,P9615,MIC_Bar,7,1,2026-05-07_16h23.18.347,MIC_task,,2026.1.2,59.935473466347815,2026-05-07 16h23.20.101524 +0200,
,,8,0,8,,,,,,,7,c18,zokni,sock,3,clothes,footwear,5.6,74,20,35,None,"(-0.1, -0.1)",None,,,,,,,,,,,0,0,0,0,0,2,2,2,8,0,8,0,149.76965379994363,,,,,,,,,,,,,,,,,,,,,,,,,,,,,,,,,,,,,,,,,,,,,,,,,,,,,,,,,,,,,,,,,,,,,,,,,,,,,,,,,,,,,,,,,,,,,,,,,,,,,,149.75778499990702,149.76965379994363,149.76965379994363,149.76965379994363,149.95342799997889,None,,,,,,,,,,,,,,,,,,,P9615,MIC_Bar,7,1,2026-05-07_16h23.18.347,MIC_task,,2026.1.2,59.935473466347815,2026-05-07 16h23.20.101524 +0200,
,,9,0,9,,,,,,,7,c18,zokni,sock,3,clothes,footwear,5.6,74,20,35,None,"(-0.1, -0.1)",None,,,,,,,,,,,0,0,0,0,0,2,2,2,9,0,9,0,149.9700116000604,,,,,,,,,,,,,,,,,,,,,,,,,,,,,,,,,,,,,,,,,,,,,,,,,,,,,,,,,,,,,,,,,,,,,,,,,,,,,,,,,,,,,,,,,,,,,,,,,,,,,,149.95680869999342,149.9700116000604,149.9700116000604,149.9700116000604,150.1555375000462,None,,,,,,,,,,,,,,,,,,,P9615,MIC_Bar,7,1,2026-05-07_16h23.18.347,MIC_task,,2026.1.2,59.935473466347815,2026-05-07 16h23.20.101524 +0200,
,,10,0,10,,,,,,,7,c18,zokni,sock,3,clothes,footwear,5.6,74,20,35,None,"(-0.1, -0.1)",None,,,,,,,,,,,0,0,0,0,0,2,2,2,10,0,10,0,150.17041869997047,,,,,,,,,,,,,,,,,,,,,,,,,,,,,,,,,,,,,,,,,,,,,,,,,,,,,,,,,,,,,,,,,,,,,,,,,,,,,,,,,,,,,,,,,,,,,,,,,,,,,,150.15899050002918,150.17041869997047,150.17041869997047,150.17041869997047,150.35543709993362,None,,,,,,,,,,,,,,,,,,,P9615,MIC_Bar,7,1,2026-05-07_16h23.18.347,MIC_task,,2026.1.2,59.935473466347815,2026-05-07 16h23.20.101524 +0200,
,,11,0,11,,,,,,,7,c18,zokni,sock,3,clothes,footwear,5.6,74,20,35,None,"(-0.1, -0.1)",None,,,,,,,,,,,0,0,0,0,0,2,2,2,11,0,11,0,150.37075420003384,,,,,,,,,,,,,,,,,,,,,,,,,,,,,,,,,,,,,,,,,,,,,,,,,,,,,,,,,,,,,,,,,,,,,,,,,,,,,,,,,,,,,,,,,,,,,,,,,,,,,,150.35859349998645,150.37075420003384,150.37075420003384,150.37075420003384,150.55459619988687,None,,,,,,,,,,,,,,,,,,,P9615,MIC_Bar,7,1,2026-05-07_16h23.18.347,MIC_task,,2026.1.2,59.935473466347815,2026-05-07 16h23.20.101524 +0200,
,,12,0,12,,,,,,,7,c18,zokni,sock,3,clothes,footwear,5.6,74,20,35,None,"(-0.1, -0.1)",None,,,,,,,,,,,0,0,0,0,0,2,2,2,12,0,12,0,150.57102910010144,,,,,,,,,,,,,,,,,,,,,,,,,,,,,,,,,,,,,,,,,,,,,,,,,,,,,,,,,,,,,,,,,,,,,,,,,,,,,,,,,,,,,,,,,,,,,,,,,,,,,,150.55766719998792,150.57102910010144,150.57102910010144,150.57102910010144,150.7550025000237,None,,,,,,,,,,,,,,,,,,,P9615,MIC_Bar,7,1,2026-05-07_16h23.18.347,MIC_task,,2026.1.2,59.935473466347815,2026-05-07 16h23.20.101524 +0200,
,,13,0,13,,,,,,,7,c18,zokni,sock,3,clothes,footwear,5.6,74,20,35,None,"(-0.1, -0.1)",None,,,,,,,,,,,0,0,0,0,0,2,2,2,13,0,13,0,150.7715135999024,,,,,,,,,,,,,,,,,,,,,,,,,,,,,,,,,,,,,,,,,,,,,,,,,,,,,,,,,,,,,,,,,,,,,,,,,,,,,,,,,,,,,,,,,,,,,,,,,,,,,,150.7585199000314,150.7715135999024,150.7715135999024,150.7715135999024,150.95679589989595,None,,,,,,,,,,,,,,,,,,,P9615,MIC_Bar,7,1,2026-05-07_16h23.18.347,MIC_task,,2026.1.2,59.935473466347815,2026-05-07 16h23.20.101524 +0200,
,,14,0,14,,,,,,,7,c18,zokni,sock,3,clothes,footwear,5.6,74,20,35,None,"(-0.1, -0.1)",None,,,,,,,,,,,0,0,0,0,0,2,2,2,14,0,14,0,150.97185850003734,,,,,,,,,,,,,,,,,,,,,,,,,,,,,,,,,,,,,,,,,,,,,,,,,,,,,,,,,,,,,,,,,,,,,,,,,,,,,,,,,,,,,,,,,,,,,,,,,,,,,,150.95993450004607,150.97185850003734,150.97185850003734,150.97185850003734,151.15568040008657,None,,,,,,,,,,,,,,,,,,,P9615,MIC_Bar,7,1,2026-05-07_16h23.18.347,MIC_task,,2026.1.2,59.935473466347815,2026-05-07 16h23.20.101524 +0200,
,,15,0,15,,,,,,,7,c18,zokni,sock,3,clothes,footwear,5.6,74,20,35,None,"(-0.1, -0.1)",None,,,,,,,,,,,0,0,0,0,0,2,2,2,15,0,15,0,151.17141459998675,,,,,,,,,,,,,,,,,,,,,,,,,,,,,,,,,,,,,,,,,,,,,,,,,,,,,,,,,,,,,,,,,,,,,,,,,,,,,,,,,,,,,,,,,,,,,,,,,,,,,,151.15905910008587,151.17141459998675,151.17141459998675,151.17141459998675,151.35529519990087,None,,,,,,,,,,,,,,,,,,,P9615,MIC_Bar,7,1,2026-05-07_16h23.18.347,MIC_task,,2026.1.2,59.935473466347815,2026-05-07 16h23.20.101524 +0200,
,,16,0,16,,,,,,,7,c18,zokni,sock,3,clothes,footwear,5.6,74,20,35,None,"(-0.1, -0.1)",None,,,,,,,,,,,0,0,0,0,0,2,2,2,16,0,16,0,151.37178050004877,,,,,,,,,,,,,,,,,,,,,,,,,,,,,,,,,,,,,,,,,,,,,,,,,,,,,,,,,,,,,,,,,,,,,,,,,,,,,,,,,,,,,,,,,,,,,,,,,,,,,,151.3588705000002,151.37178050004877,151.37178050004877,151.37178050004877,151.55714339995757,None,,,,,,,,,,,,,,,,,,,P9615,MIC_Bar,7,1,2026-05-07_16h23.18.347,MIC_task,,2026.1.2,59.935473466347815,2026-05-07 16h23.20.101524 +0200,
,,17,0,17,,,,,,,7,c18,zokni,sock,3,clothes,footwear,5.6,74,20,35,None,"(-0.1, -0.1)",None,,,,,,,,,,,0,0,0,0,0,2,2,2,17,0,17,0,151.57225820003077,,,,,,,,,,,,,,,,,,,,,,,,,,,,,,,,,,,,,,,,,,,,,,,,,,,,,,,,,,,,,,,,,,,,,,,,,,,,,,,,,,,,,,,,,,,,,,,,,,,,,,151.56057700002566,151.57225820003077,151.57225820003077,151.57225820003077,151.75632059993222,None,,,,,,,,,,,,,,,,,,,P9615,MIC_Bar,7,1,2026-05-07_16h23.18.347,MIC_task,,2026.1.2,59.935473466347815,2026-05-07 16h23.20.101524 +0200,
,,18,0,18,,,,,,,7,c18,zokni,sock,3,clothes,footwear,5.6,74,20,35,None,"(-0.1, -0.1)",None,,,,,,,,,,,0,0,0,0,0,2,2,2,18,0,18,0,151.77260769996792,,,,,,,,,,,,,,,,,,,,,,,,,,,,,,,,,,,,,,,,,,,,,,,,,,,,,,,,,,,,,,,,,,,,,,,,,,,,,,,,,,,,,,,,,,,,,,,,,,,,,,151.75984640000388,151.77260769996792,151.77260769996792,151.77260769996792,151.956419599941,None,,,,,,,,,,,,,,,,,,,P9615,MIC_Bar,7,1,2026-05-07_16h23.18.347,MIC_task,,2026.1.2,59.935473466347815,2026-05-07 16h23.20.101524 +0200,
,,19,0,19,,,,,,,7,c18,zokni,sock,3,clothes,footwear,5.6,74,20,35,None,"(-0.1, -0.1)",None,,,,,,,,,,,0,0,0,0,0,2,2,2,19,0,19,0,151.97301710001193,,,,,,,,,,,,,,,,,,,,,,,,,,,,,,,,,,,,,,,,,,,,,,,,,,,,,,,,,,,,,,,,,,,,,,,,,,,,,,,,,,,,,,,,,,,,,,,,,,,,,,151.95953899994493,151.97301710001193,151.97301710001193,151.97301710001193,152.15826070006005,None,,,,,,,,,,,,,,,,,,,P9615,MIC_Bar,7,1,2026-05-07_16h23.18.347,MIC_task,,2026.1.2,59.935473466347815,2026-05-07 16h23.20.101524 +0200,
,,20,0,20,,,,,,,7,c18,zokni,sock,3,clothes,footwear,5.6,74,20,35,None,"(-0.1, -0.1)",None,,,,,,,,,,,0,0,0,0,0,2,2,2,20,0,20,0,152.1733397000935,,,,,,,,,,,,,,,,,,,,,,,,,,,,,,,,,,,,,,,,,,,,,,,,,,,,,,,,,,,,,,,,,,,,,,,,,,,,,,,,,,,,,,,,,,,,,,,,,,,,,,152.16135230008513,152.1733397000935,152.1733397000935,152.1733397000935,152.35712830000557,None,,,,,,,,,,,,,,,,,,,P9615,MIC_Bar,7,1,2026-05-07_16h23.18.347,MIC_task,,2026.1.2,59.935473466347815,2026-05-07 16h23.20.101524 +0200,
,,21,0,21,,,,,,,7,c18,zokni,sock,3,clothes,footwear,5.6,74,20,35,None,"(-0.1, -0.1)",None,,,,,,,,,,,0,0,0,0,0,2,2,2,21,0,21,0,152.37369160004891,,,,,,,,,,,,,,,,,,,,,,,,,,,,,,,,,,,,,,,,,,,,,,,,,,,,,,,,,,,,,,,,,,,,,,,,,,,,,,,,,,,,,,,,,,,,,,,,,,,,,,152.36029640003107,152.37369160004891,152.37369160004891,152.37369160004891,152.5588628000114,None,,,,,,,,,,,,,,,,,,,P9615,MIC_Bar,7,1,2026-05-07_16h23.18.347,MIC_task,,2026.1.2,59.935473466347815,2026-05-07 16h23.20.101524 +0200,
,,22,0,22,,,,,,,7,c18,zokni,sock,3,clothes,footwear,5.6,74,20,35,None,"(-0.1, -0.1)",None,,,,,,,,,,,0,0,0,0,0,2,2,2,22,0,22,0,152.57410430000164,,,,,,,,,,,,,,,,,,,,,,,,,,,,,,,,,,,,,,,,,,,,,,,,,,,,,,,,,,,,,,,,,,,,,,,,,,,,,,,,,,,,,,,,,,,,,,,,,,,,,,152.56181069999002,152.57410430000164,152.57410430000164,152.57410430000164,152.75792609993368,None,,,,,,,,,,,,,,,,,,,P9615,MIC_Bar,7,1,2026-05-07_16h23.18.347,MIC_task,,2026.1.2,59.935473466347815,2026-05-07 16h23.20.101524 +0200,
,,23,0,23,,,,,,,7,c18,zokni,sock,3,clothes,footwear,5.6,74,20,35,None,"(-0.1, -0.1)",None,,,,,,,,,,,0,0,0,0,0,2,2,2,23,0,23,0,152.7744930998888,,,,,,,,,,,,,,,,,,,,,,,,,,,,,,,,,,,,,,,,,,,,,,,,,,,,,,,,,,,,,,,,,,,,,,,,,,,,,,,,,,,,,,,,,,,,,,,,,,,,,,152.76113860006444,152.7744930998888,152.7744930998888,152.7744930998888,152.95833149994723,None,,,,,,,,,,,,,,,,,,,P9615,MIC_Bar,7,1,2026-05-07_16h23.18.347,MIC_task,,2026.1.2,59.935473466347815,2026-05-07 16h23.20.101524 +0200,
,,24,0,24,,,,,,,7,c18,zokni,sock,3,clothes,footwear,5.6,74,20,35,None,"(-0.1, -0.1)",None,,,,,,,,,,,0,0,0,0,0,2,2,2,24,0,24,0,152.97482299990952,,,,,,,,,,,,,,,,,,,,,,,,,,,,,,,,,,,,,,,,,,,,,,,,,,,,,,,,,,,,,,,,,,,,,,,,,,,,,,,,,,,,,,,,,,,,,,,,,,,,,,152.961506200023,152.97482299990952,152.97482299990952,152.97482299990952,153.15949280001223,None,,,,,,,,,,,,,,,,,,,P9615,MIC_Bar,7,1,2026-05-07_16h23.18.347,MIC_task,,2026.1.2,59.935473466347815,2026-05-07 16h23.20.101524 +0200,
,,25,0,25,,,,,,,7,c18,zokni,sock,3,clothes,footwear,5.6,74,20,35,None,"(-0.1, -0.1)",None,,,,,,,,,,,0,0,0,0,0,2,2,2,25,0,25,0,153.17513450002298,,,,,,,,,,,,,,,,,,,,,,,,,,,,,,,,,,,,,,,,,,,,,,,,,,,,,,,,,,,,,,,,,,,,,,,,,,,,,,,,,,,,,,,,,,,,,,,,,,,,,,153.16278419992886,153.17513450002298,153.17513450002298,153.17513450002298,153.35964090004563,None,,,,,,,,,,,,,,,,,,,P9615,MIC_Bar,7,1,2026-05-07_16h23.18.347,MIC_task,,2026.1.2,59.935473466347815,2026-05-07 16h23.20.101524 +0200,
,,26,0,26,,,,,,,7,c18,zokni,sock,3,clothes,footwear,5.6,74,20,35,None,"(-0.1, -0.1)",None,,,,,,,,,,,0,0,0,0,0,2,2,2,26,0,26,0,153.37477510003373,,,,,,,,,,,,,,,,,,,,,,,,,,,,,,,,,,,,,,,,,,,,,,,,,,,,,,,,,,,,,,,,,,,,,,,,,,,,,,,,,,,,,,,,,,,,,,,,,,,,,,153.36276960000396,153.37477510003373,153.37477510003373,153.37477510003373,153.55997469997965,None,,,,,,,,,,,,,,,,,,,P9615,MIC_Bar,7,1,2026-05-07_16h23.18.347,MIC_task,,2026.1.2,59.935473466347815,2026-05-07 16h23.20.101524 +0200,
,,27,0,27,,,,,,,7,c18,zokni,sock,3,clothes,footwear,5.6,74,20,35,None,"(-0.1, -0.1)",None,,,,,,,,,,,0,0,0,0,0,2,2,2,27,0,27,0,153.57519509992562,,,,,,,,,,,,,,,,,,,,,,,,,,,,,,,,,,,,,,,,,,,,,,,,,,,,,,,,,,,,,,,,,,,,,,,,,,,,,,,,,,,,,,,,,,,,,,,,,,,,,,153.56331210001372,153.57519509992562,153.57519509992562,153.57519509992562,153.75903939991258,None,,,,,,,,,,,,,,,,,,,P9615,MIC_Bar,7,1,2026-05-07_16h23.18.347,MIC_task,,2026.1.2,59.935473466347815,2026-05-07 16h23.20.101524 +0200,
,,28,0,28,,,,,,,7,c18,zokni,sock,3,clothes,footwear,5.6,74,20,35,None,"(-0.1, -0.1)",space,None,None,,,,,,,,,0,0,0,0,0,2,2,2,28,0,28,0,153.77558670006692,,,,,,,,,,,,,,,,,,,,,,,,,,,,,,,,,,,,,,,,,,,,,,,,,,,,,,,,,,,,,,,,,,,,,,,,,,,,,,,,,,,,,,,,,,,,,,,,,,,,,,153.7623485000804,153.77558670006692,153.77558670006692,153.77558670006692,153.91067959996872,space,None,None,,,,,,,,,,,,,,,,,P9615,MIC_Bar,7,1,2026-05-07_16h23.18.347,MIC_task,,2026.1.2,59.935473466347815,2026-05-07 16h23.20.101524 +0200,
,,2,2,0,,,,space,1.073837500065565,None,7,c18,zokni,sock,3,clothes,footwear,5.6,74,20,35,None,"(-0.1, -0.1)",,,,,,,,,,,,0,0,0,0,0,2,2,2,,,,,,,,,,,,,,,,,,,,,,,,,,,,,,,,,,,,,,,,,,,,,,,,,,,,,,,,,,,,,,,,,,,,,,,,,,,,,,,,,,,,,,,,,,153.97295109997503,153.97917809989303,153.97629316664924,155.91270540002733,,,,,,157.91586229996756,157.9336775999982,157.9336775999982,159.01830250001512,,,,,,,,,,,,,155.938752300106,155.94355399999768,155.94591093331888,157.83331559994258,157.91575799998827,space,1.073837500065565,None,,,,,,,,,P9615,MIC_Bar,7,1,2026-05-07_16h23.18.347,MIC_task,,2026.1.2,59.935473466347815,2026-05-07 16h23.20.101524 +0200,
,,0,0,0,,,,,,,7,ty14,lufi,balloon,9,toys,gadget,6.6,148,18,None,None,"(-0.1, 0.1)",None,,,,,,,,,,,0,0,0,0,0,3,3,3,0,0,0,0,159.04323769989423,,,,,,,,,,,,,,,,,,,,,,,,,,,,,,,,,,,,,,,,,,,,,,,,,,,,,,,,,,,,,,,,,,,,,,,,,,,,,,,,,,,,,,,,,,,,,,,,,,,,,,159.03838460007682,159.04323769989423,159.04323769989423,159.04323769989423,159.2359464999754,None,,,,,,,,,,,,,,,,,,,P9615,MIC_Bar,7,1,2026-05-07_16h23.18.347,MIC_task,,2026.1.2,59.935473466347815,2026-05-07 16h23.20.101524 +0200,
,,0,0,0,,,,,,,7,ty14,lufi,balloon,9,toys,gadget,6.6,148,18,None,None,"(-0.1, 0.1)",None,,,,,,,,,,,0,0,0,0,0,3,3,3,0,0,0,0,159.2511136000976,,,,,,,,,,,,,,,,,,,,,,,,,,,,,,,,,,,,,,,,,,,,,,,,,,,,,,,,,,,,,,,,,,,,,,,,,,,,,,,,,,,,,,,,,,,,,,,,,,,,,,159.23897160007618,159.2511136000976,159.2511136000976,159.2511136000976,159.43578270007856,None,,,,,,,,,,,,,,,,,,,P9615,MIC_Bar,7,1,2026-05-07_16h23.18.347,MIC_task,,2026.1.2,59.935473466347815,2026-05-07 16h23.20.101524 +0200,
,,1,0,1,,,,,,,7,ty14,lufi,balloon,9,toys,gadget,6.6,148,18,None,None,"(-0.1, 0.1)",None,,,,,,,,,,,0,0,0,0,0,3,3,3,1,0,1,0,159.45074900006875,,,,,,,,,,,,,,,,,,,,,,,,,,,,,,,,,,,,,,,,,,,,,,,,,,,,,,,,,,,,,,,,,,,,,,,,,,,,,,,,,,,,,,,,,,,,,,,,,,,,,,159.43886619992554,159.45074900006875,159.45074900006875,159.45074900006875,159.61846489994787,None,,,,,,,,,,,,,,,,,,,P9615,MIC_Bar,7,1,2026-05-07_16h23.18.347,MIC_task,,2026.1.2,59.935473466347815,2026-05-07 16h23.20.101524 +0200,
,,2,0,2,,,,,,,7,ty14,lufi,balloon,9,toys,gadget,6.6,148,18,None,None,"(-0.1, 0.1)",None,,,,,,,,,,,0,0,0,0,0,3,3,3,2,0,2,0,159.63509300001897,,,,,,,,,,,,,,,,,,,,,,,,,,,,,,,,,,,,,,,,,,,,,,,,,,,,,,,,,,,,,,,,,,,,,,,,,,,,,,,,,,,,,,,,,,,,,,,,,,,,,,159.6215786000248,159.63509300001897,159.63509300001897,159.63509300001897,159.81893180008046,None,,,,,,,,,,,,,,,,,,,P9615,MIC_Bar,7,1,2026-05-07_16h23.18.347,MIC_task,,2026.1.2,59.935473466347815,2026-05-07 16h23.20.101524 +0200,
,,3,0,3,,,,,,,7,ty14,lufi,balloon,9,toys,gadget,6.6,148,18,None,None,"(-0.1, 0.1)",None,,,,,,,,,,,0,0,0,0,0,3,3,3,3,0,3,0,159.83472699997947,,,,,,,,,,,,,,,,,,,,,,,,,,,,,,,,,,,,,,,,,,,,,,,,,,,,,,,,,,,,,,,,,,,,,,,,,,,,,,,,,,,,,,,,,,,,,,,,,,,,,,159.82206350006163,159.83472699997947,159.83472699997947,159.83472699997947,160.02002090006135,None,,,,,,,,,,,,,,,,,,,P9615,MIC_Bar,7,1,2026-05-07_16h23.18.347,MIC_task,,2026.1.2,59.935473466347815,2026-05-07 16h23.20.101524 +0200,
,,4,0,4,,,,,,,7,ty14,lufi,balloon,9,toys,gadget,6.6,148,18,None,None,"(-0.1, 0.1)",None,,,,,,,,,,,0,0,0,0,0,3,3,3,4,0,4,0,160.03518639993854,,,,,,,,,,,,,,,,,,,,,,,,,,,,,,,,,,,,,,,,,,,,,,,,,,,,,,,,,,,,,,,,,,,,,,,,,,,,,,,,,,,,,,,,,,,,,,,,,,,,,,160.02302489988506,160.03518639993854,160.03518639993854,160.03518639993854,160.21890549990349,None,,,,,,,,,,,,,,,,,,,P9615,MIC_Bar,7,1,2026-05-07_16h23.18.347,MIC_task,,2026.1.2,59.935473466347815,2026-05-07 16h23.20.101524 +0200,
,,5,0,5,,,,,,,7,ty14,lufi,balloon,9,toys,gadget,6.6,148,18,None,None,"(-0.1, 0.1)",None,,,,,,,,,,,0,0,0,0,0,3,3,3,5,0,5,0,160.23552250000648,,,,,,,,,,,,,,,,,,,,,,,,,,,,,,,,,,,,,,,,,,,,,,,,,,,,,,,,,,,,,,,,,,,,,,,,,,,,,,,,,,,,,,,,,,,,,,,,,,,,,,160.22185419988818,160.23552250000648,160.23552250000648,160.23552250000648,160.41925660008565,None,,,,,,,,,,,,,,,,,,,P9615,MIC_Bar,7,1,2026-05-07_16h23.18.347,MIC_task,,2026.1.2,59.935473466347815,2026-05-07 16h23.20.101524 +0200,
,,6,0,6,,,,,,,7,ty14,lufi,balloon,9,toys,gadget,6.6,148,18,None,None,"(-0.1, 0.1)",None,,,,,,,,,,,0,0,0,0,0,3,3,3,6,0,6,0,160.43591880006716,,,,,,,,,,,,,,,,,,,,,,,,,,,,,,,,,,,,,,,,,,,,,,,,,,,,,,,,,,,,,,,,,,,,,,,,,,,,,,,,,,,,,,,,,,,,,,,,,,,,,,160.42215869994834,160.43591880006716,160.43591880006716,160.43591880006716,160.62124160001986,None,,,,,,,,,,,,,,,,,,,P9615,MIC_Bar,7,1,2026-05-07_16h23.18.347,MIC_task,,2026.1.2,59.935473466347815,2026-05-07 16h23.20.101524 +0200,
,,7,0,7,,,,,,,7,ty14,lufi,balloon,9,toys,gadget,6.6,148,18,None,None,"(-0.1, 0.1)",None,,,,,,,,,,,0,0,0,0,0,3,3,3,7,0,7,0,160.63627830008045,,,,,,,,,,,,,,,,,,,,,,,,,,,,,,,,,,,,,,,,,,,,,,,,,,,,,,,,,,,,,,,,,,,,,,,,,,,,,,,,,,,,,,,,,,,,,,,,,,,,,,160.6244898000732,160.63627830008045,160.63627830008045,160.63627830008045,160.819991099881,None,,,,,,,,,,,,,,,,,,,P9615,MIC_Bar,7,1,2026-05-07_16h23.18.347,MIC_task,,2026.1.2,59.935473466347815,2026-05-07 16h23.20.101524 +0200,
,,8,0,8,,,,,,,7,ty14,lufi,balloon,9,toys,gadget,6.6,148,18,None,None,"(-0.1, 0.1)",None,,,,,,,,,,,0,0,0,0,0,3,3,3,8,0,8,0,160.8365485998802,,,,,,,,,,,,,,,,,,,,,,,,,,,,,,,,,,,,,,,,,,,,,,,,,,,,,,,,,,,,,,,,,,,,,,,,,,,,,,,,,,,,,,,,,,,,,,,,,,,,,,160.82292610011064,160.8365485998802,160.8365485998802,160.8365485998802,161.02033449988812,None,,,,,,,,,,,,,,,,,,,P9615,MIC_Bar,7,1,2026-05-07_16h23.18.347,MIC_task,,2026.1.2,59.935473466347815,2026-05-07 16h23.20.101524 +0200,
,,9,0,9,,,,,,,7,ty14,lufi,balloon,9,toys,gadget,6.6,148,18,None,None,"(-0.1, 0.1)",None,,,,,,,,,,,0,0,0,0,0,3,3,3,9,0,9,0,161.0369164000731,,,,,,,,,,,,,,,,,,,,,,,,,,,,,,,,,,,,,,,,,,,,,,,,,,,,,,,,,,,,,,,,,,,,,,,,,,,,,,,,,,,,,,,,,,,,,,,,,,,,,,161.02323630009778,161.0369164000731,161.0369164000731,161.0369164000731,161.22229780000634,None,,,,,,,,,,,,,,,,,,,P9615,MIC_Bar,7,1,2026-05-07_16h23.18.347,MIC_task,,2026.1.2,59.935473466347815,2026-05-07 16h23.20.101524 +0200,
,,10,0,10,,,,,,,7,ty14,lufi,balloon,9,toys,gadget,6.6,148,18,None,None,"(-0.1, 0.1)",None,,,,,,,,,,,0,0,0,0,0,3,3,3,10,0,10,0,161.2372220000252,,,,,,,,,,,,,,,,,,,,,,,,,,,,,,,,,,,,,,,,,,,,,,,,,,,,,,,,,,,,,,,,,,,,,,,,,,,,,,,,,,,,,,,,,,,,,,,,,,,,,,161.22518000006676,161.2372220000252,161.2372220000252,161.2372220000252,161.4213783000596,None,,,,,,,,,,,,,,,,,,,P9615,MIC_Bar,7,1,2026-05-07_16h23.18.347,MIC_task,,2026.1.2,59.935473466347815,2026-05-07 16h23.20.101524 +0200,
,,11,0,11,,,,,,,7,ty14,lufi,balloon,9,toys,gadget,6.6,148,18,None,None,"(-0.1, 0.1)",None,,,,,,,,,,,0,0,0,0,0,3,3,3,11,0,11,0,161.43765809992328,,,,,,,,,,,,,,,,,,,,,,,,,,,,,,,,,,,,,,,,,,,,,,,,,,,,,,,,,,,,,,,,,,,,,,,,,,,,,,,,,,,,,,,,,,,,,,,,,,,,,,161.4245096000377,161.43765809992328,161.43765809992328,161.43765809992328,161.6230095999781,None,,,,,,,,,,,,,,,,,,,P9615,MIC_Bar,7,1,2026-05-07_16h23.18.347,MIC_task,,2026.1.2,59.935473466347815,2026-05-07 16h23.20.101524 +0200,
,,12,0,12,,,,,,,7,ty14,lufi,balloon,9,toys,gadget,6.6,148,18,None,None,"(-0.1, 0.1)",None,,,,,,,,,,,0,0,0,0,0,3,3,3,12,0,12,0,161.63814779999666,,,,,,,,,,,,,,,,,,,,,,,,,,,,,,,,,,,,,,,,,,,,,,,,,,,,,,,,,,,,,,,,,,,,,,,,,,,,,,,,,,,,,,,,,,,,,,,,,,,,,,161.62599149998277,161.63814779999666,161.63814779999666,161.63814779999666,161.82178859994747,None,,,,,,,,,,,,,,,,,,,P9615,MIC_Bar,7,1,2026-05-07_16h23.18.347,MIC_task,,2026.1.2,59.935473466347815,2026-05-07 16h23.20.101524 +0200,
,,13,0,13,,,,,,,7,ty14,lufi,balloon,9,toys,gadget,6.6,148,18,None,None,"(-0.1, 0.1)",None,,,,,,,,,,,0,0,0,0,0,3,3,3,13,0,13,0,161.8384380999487,,,,,,,,,,,,,,,,,,,,,,,,,,,,,,,,,,,,,,,,,,,,,,,,,,,,,,,,,,,,,,,,,,,,,,,,,,,,,,,,,,,,,,,,,,,,,,,,,,,,,,161.82474609999917,161.8384380999487,161.8384380999487,161.8384380999487,162.02361200004816,None,,,,,,,,,,,,,,,,,,,P9615,MIC_Bar,7,1,2026-05-07_16h23.18.347,MIC_task,,2026.1.2,59.935473466347815,2026-05-07 16h23.20.101524 +0200,
,,14,0,14,,,,,,,7,ty14,lufi,balloon,9,toys,gadget,6.6,148,18,None,None,"(-0.1, 0.1)",None,,,,,,,,,,,0,0,0,0,0,3,3,3,14,0,14,0,162.03808140009642,,,,,,,,,,,,,,,,,,,,,,,,,,,,,,,,,,,,,,,,,,,,,,,,,,,,,,,,,,,,,,,,,,,,,,,,,,,,,,,,,,,,,,,,,,,,,,,,,,,,,,162.02652009995654,162.03808140009642,162.03808140009642,162.03808140009642,162.2219195999205,None,,,,,,,,,,,,,,,,,,,P9615,MIC_Bar,7,1,2026-05-07_16h23.18.347,MIC_task,,2026.1.2,59.935473466347815,2026-05-07 16h23.20.101524 +0200,
,,15,0,15,,,,,,,7,ty14,lufi,balloon,9,toys,gadget,6.6,148,18,None,None,"(-0.1, 0.1)",None,,,,,,,,,,,0,0,0,0,0,3,3,3,15,0,15,0,162.23848879989237,,,,,,,,,,,,,,,,,,,,,,,,,,,,,,,,,,,,,,,,,,,,,,,,,,,,,,,,,,,,,,,,,,,,,,,,,,,,,,,,,,,,,,,,,,,,,,,,,,,,,,162.2250192000065,162.23848879989237,162.23848879989237,162.23848879989237,162.42226770007983,None,,,,,,,,,,,,,,,,,,,P9615,MIC_Bar,7,1,2026-05-07_16h23.18.347,MIC_task,,2026.1.2,59.935473466347815,2026-05-07 16h23.20.101524 +0200,
,,16,0,16,,,,,,,7,ty14,lufi,balloon,9,toys,gadget,6.6,148,18,None,None,"(-0.1, 0.1)",None,,,,,,,,,,,0,0,0,0,0,3,3,3,16,0,16,0,162.4388641999103,,,,,,,,,,,,,,,,,,,,,,,,,,,,,,,,,,,,,,,,,,,,,,,,,,,,,,,,,,,,,,,,,,,,,,,,,,,,,,,,,,,,,,,,,,,,,,,,,,,,,,162.42531659989618,162.4388641999103,162.4388641999103,162.4388641999103,162.6226206999272,None,,,,,,,,,,,,,,,,,,,P9615,MIC_Bar,7,1,2026-05-07_16h23.18.347,MIC_task,,2026.1.2,59.935473466347815,2026-05-07 16h23.20.101524 +0200,
,,17,0,17,,,,,,,7,ty14,lufi,balloon,9,toys,gadget,6.6,148,18,None,None,"(-0.1, 0.1)",None,,,,,,,,,,,0,0,0,0,0,3,3,3,17,0,17,0,162.63920990005136,,,,,,,,,,,,,,,,,,,,,,,,,,,,,,,,,,,,,,,,,,,,,,,,,,,,,,,,,,,,,,,,,,,,,,,,,,,,,,,,,,,,,,,,,,,,,,,,,,,,,,162.62558409990743,162.63920990005136,162.63920990005136,162.63920990005136,162.8245101000648,None,,,,,,,,,,,,,,,,,,,P9615,MIC_Bar,7,1,2026-05-07_16h23.18.347,MIC_task,,2026.1.2,59.935473466347815,2026-05-07 16h23.20.101524 +0200,
,,18,0,18,,,,,,,7,ty14,lufi,balloon,9,toys,gadget,6.6,148,18,None,None,"(-0.1, 0.1)",None,,,,,,,,,,,0,0,0,0,0,3,3,3,18,0,18,0,162.8395924998913,,,,,,,,,,,,,,,,,,,,,,,,,,,,,,,,,,,,,,,,,,,,,,,,,,,,,,,,,,,,,,,,,,,,,,,,,,,,,,,,,,,,,,,,,,,,,,,,,,,,,,162.82729399995878,162.8395924998913,162.8395924998913,162.8395924998913,163.02452649991028,None,,,,,,,,,,,,,,,,,,,P9615,MIC_Bar,7,1,2026-05-07_16h23.18.347,MIC_task,,2026.1.2,59.935473466347815,2026-05-07 16h23.20.101524 +0200,
,,19,0,19,,,,,,,7,ty14,lufi,balloon,9,toys,gadget,6.6,148,18,None,None,"(-0.1, 0.1)",None,,,,,,,,,,,0,0,0,0,0,3,3,3,19,0,19,0,163.03987749991938,,,,,,,,,,,,,,,,,,,,,,,,,,,,,,,,,,,,,,,,,,,,,,,,,,,,,,,,,,,,,,,,,,,,,,,,,,,,,,,,,,,,,,,,,,,,,,,,,,,,,,163.0272621999029,163.03987749991938,163.03987749991938,163.03987749991938,163.22364749992266,None,,,,,,,,,,,,,,,,,,,P9615,MIC_Bar,7,1,2026-05-07_16h23.18.347,MIC_task,,2026.1.2,59.935473466347815,2026-05-07 16h23.20.101524 +0200,
,,20,0,20,,,,,,,7,ty14,lufi,balloon,9,toys,gadget,6.6,148,18,None,None,"(-0.1, 0.1)",None,,,,,,,,,,,0,0,0,0,0,3,3,3,20,0,20,0,163.24024559999816,,,,,,,,,,,,,,,,,,,,,,,,,,,,,,,,,,,,,,,,,,,,,,,,,,,,,,,,,,,,,,,,,,,,,,,,,,,,,,,,,,,,,,,,,,,,,,,,,,,,,,163.22689970000647,163.24024559999816,163.24024559999816,163.24024559999816,163.4257267001085,None,,,,,,,,,,,,,,,,,,,P9615,MIC_Bar,7,1,2026-05-07_16h23.18.347,MIC_task,,2026.1.2,59.935473466347815,2026-05-07 16h23.20.101524 +0200,
,,21,0,21,,,,,,,7,ty14,lufi,balloon,9,toys,gadget,6.6,148,18,None,None,"(-0.1, 0.1)",space,0.09483189997263253,None,,,,,,,,,0,0,0,0,0,3,3,3,21,0,21,0,163.44070110004395,,,,,,,,,,,,,,,,,,,,,,,,,,,,,,,,,,,,,,,,,,,,,,,,,,,,,,,,,,,,,,,,,,,,,,,,,,,,,,,,,,,,,,,,,,,,,,,,,,,,,,163.428973400034,163.44070110004395,163.44070110004395,163.44070110004395,163.54214449995197,space,0.09483189997263253,None,,,,,,,,,,,,,,,,,P9615,MIC_Bar,7,1,2026-05-07_16h23.18.347,MIC_task,,2026.1.2,59.935473466347815,2026-05-07 16h23.20.101524 +0200,
,,3,3,0,,,,space,1.6768895001150668,None,7,ty14,lufi,balloon,9,toys,gadget,6.6,148,18,None,None,"(-0.1, 0.1)",,,,,,,,,,,,0,0,0,0,0,3,3,3,,,,,,,,,,,,,,,,,,,,,,,,,,,,,,,,,,,,,,,,,,,,,,,,,,,,,,,,,,,,,,,,,,,,,,,,,,,,,,,,,,,,,,,,,,163.60437309998088,163.6117249999661,163.60779546668445,165.5435693000909,,,,,,167.54807000001892,167.56319490005262,167.56319490005262,169.25017030001618,,,,,,,,,,,,,165.56719599990174,165.5716430998873,165.5767560332393,167.46338999993168,167.5480045999866,space,1.6768895001150668,None,,,,,,,,,P9615,MIC_Bar,7,1,2026-05-07_16h23.18.347,MIC_task,,2026.1.2,59.935473466347815,2026-05-07 16h23.20.101524 +0200,
,,0,0,0,,,,,,,7,p04,bohóc,clown,6,people,entertainment,6.8,14,19,44,None,"(0.1, 0.1)",None,,,,,,,,,,,0,0,0,0,0,4,4,4,0,0,0,0,169.27618220006116,,,,,,,,,,,,,,,,,,,,,,,,,,,,,,,,,,,,,,,,,,,,,,,,,,,,,,,,,,,,,,,,,,,,,,,,,,,,,,,,,,,,,,,,,,,,,,,,,,,,,,169.2710782000795,169.27618220006116,169.27618220006116,169.27618220006116,169.4678670000285,None,,,,,,,,,,,,,,,,,,,P9615,MIC_Bar,7,1,2026-05-07_16h23.18.347,MIC_task,,2026.1.2,59.935473466347815,2026-05-07 16h23.20.101524 +0200,
,,0,0,0,,,,,,,7,p04,bohóc,clown,6,people,entertainment,6.8,14,19,44,None,"(0.1, 0.1)",None,,,,,,,,,,,0,0,0,0,0,4,4,4,0,0,0,0,169.48311659996398,,,,,,,,,,,,,,,,,,,,,,,,,,,,,,,,,,,,,,,,,,,,,,,,,,,,,,,,,,,,,,,,,,,,,,,,,,,,,,,,,,,,,,,,,,,,,,,,,,,,,,169.4711682999041,169.48311659996398,169.48311659996398,169.48311659996398,169.66848380002193,None,,,,,,,,,,,,,,,,,,,P9615,MIC_Bar,7,1,2026-05-07_16h23.18.347,MIC_task,,2026.1.2,59.935473466347815,2026-05-07 16h23.20.101524 +0200,
,,1,0,1,,,,,,,7,p04,bohóc,clown,6,people,entertainment,6.8,14,19,44,None,"(0.1, 0.1)",None,,,,,,,,,,,0,0,0,0,0,4,4,4,1,0,1,0,169.68348419992253,,,,,,,,,,,,,,,,,,,,,,,,,,,,,,,,,,,,,,,,,,,,,,,,,,,,,,,,,,,,,,,,,,,,,,,,,,,,,,,,,,,,,,,,,,,,,,,,,,,,,,169.67188489995897,169.68348419992253,169.68348419992253,169.68348419992253,169.85079380008392,None,,,,,,,,,,,,,,,,,,,P9615,MIC_Bar,7,1,2026-05-07_16h23.18.347,MIC_task,,2026.1.2,59.935473466347815,2026-05-07 16h23.20.101524 +0200,
,,2,0,2,,,,,,,7,p04,bohóc,clown,6,people,entertainment,6.8,14,19,44,None,"(0.1, 0.1)",None,,,,,,,,,,,0,0,0,0,0,4,4,4,2,0,2,0,169.86709160008468,,,,,,,,,,,,,,,,,,,,,,,,,,,,,,,,,,,,,,,,,,,,,,,,,,,,,,,,,,,,,,,,,,,,,,,,,,,,,,,,,,,,,,,,,,,,,,,,,,,,,,169.8543420000933,169.86709160008468,169.86709160008468,169.86709160008468,170.05093579995446,None,,,,,,,,,,,,,,,,,,,P9615,MIC_Bar,7,1,2026-05-07_16h23.18.347,MIC_task,,2026.1.2,59.935473466347815,2026-05-07 16h23.20.101524 +0200,
,,3,0,3,,,,,,,7,p04,bohóc,clown,6,people,entertainment,6.8,14,19,44,None,"(0.1, 0.1)",None,,,,,,,,,,,0,0,0,0,0,4,4,4,3,0,3,0,170.06737699988298,,,,,,,,,,,,,,,,,,,,,,,,,,,,,,,,,,,,,,,,,,,,,,,,,,,,,,,,,,,,,,,,,,,,,,,,,,,,,,,,,,,,,,,,,,,,,,,,,,,,,,170.05471500009298,170.06737699988298,170.06737699988298,170.06737699988298,170.25126809999347,None,,,,,,,,,,,,,,,,,,,P9615,MIC_Bar,7,1,2026-05-07_16h23.18.347,MIC_task,,2026.1.2,59.935473466347815,2026-05-07 16h23.20.101524 +0200,
,,4,0,4,,,,,,,7,p04,bohóc,clown,6,people,entertainment,6.8,14,19,44,None,"(0.1, 0.1)",None,,,,,,,,,,,0,0,0,0,0,4,4,4,4,0,4,0,170.2678874998819,,,,,,,,,,,,,,,,,,,,,,,,,,,,,,,,,,,,,,,,,,,,,,,,,,,,,,,,,,,,,,,,,,,,,,,,,,,,,,,,,,,,,,,,,,,,,,,,,,,,,,170.25484999991022,170.2678874998819,170.2678874998819,170.2678874998819,170.4516900999006,None,,,,,,,,,,,,,,,,,,,P9615,MIC_Bar,7,1,2026-05-07_16h23.18.347,MIC_task,,2026.1.2,59.935473466347815,2026-05-07 16h23.20.101524 +0200,
,,5,0,5,,,,,,,7,p04,bohóc,clown,6,people,entertainment,6.8,14,19,44,None,"(0.1, 0.1)",None,,,,,,,,,,,0,0,0,0,0,4,4,4,5,0,5,0,170.46812430000864,,,,,,,,,,,,,,,,,,,,,,,,,,,,,,,,,,,,,,,,,,,,,,,,,,,,,,,,,,,,,,,,,,,,,,,,,,,,,,,,,,,,,,,,,,,,,,,,,,,,,,170.45527200005017,170.46812430000864,170.46812430000864,170.46812430000864,170.65197749994695,None,,,,,,,,,,,,,,,,,,,P9615,MIC_Bar,7,1,2026-05-07_16h23.18.347,MIC_task,,2026.1.2,59.935473466347815,2026-05-07 16h23.20.101524 +0200,
,,6,0,6,,,,,,,7,p04,bohóc,clown,6,people,entertainment,6.8,14,19,44,None,"(0.1, 0.1)",None,,,,,,,,,,,0,0,0,0,0,4,4,4,6,0,6,0,170.66850650007837,,,,,,,,,,,,,,,,,,,,,,,,,,,,,,,,,,,,,,,,,,,,,,,,,,,,,,,,,,,,,,,,,,,,,,,,,,,,,,,,,,,,,,,,,,,,,,,,,,,,,,170.6554491999559,170.66850650007837,170.66850650007837,170.66850650007837,170.852403299883,None,,,,,,,,,,,,,,,,,,,P9615,MIC_Bar,7,1,2026-05-07_16h23.18.347,MIC_task,,2026.1.2,59.935473466347815,2026-05-07 16h23.20.101524 +0200,
,,7,0,7,,,,,,,7,p04,bohóc,clown,6,people,entertainment,6.8,14,19,44,None,"(0.1, 0.1)",None,,,,,,,,,,,0,0,0,0,0,4,4,4,7,0,7,0,170.8681232999079,,,,,,,,,,,,,,,,,,,,,,,,,,,,,,,,,,,,,,,,,,,,,,,,,,,,,,,,,,,,,,,,,,,,,,,,,,,,,,,,,,,,,,,,,,,,,,,,,,,,,,170.8557961001061,170.8681232999079,170.8681232999079,170.8681232999079,171.05200919997878,None,,,,,,,,,,,,,,,,,,,P9615,MIC_Bar,7,1,2026-05-07_16h23.18.347,MIC_task,,2026.1.2,59.935473466347815,2026-05-07 16h23.20.101524 +0200,
,,8,0,8,,,,,,,7,p04,bohóc,clown,6,people,entertainment,6.8,14,19,44,None,"(0.1, 0.1)",None,,,,,,,,,,,0,0,0,0,0,4,4,4,8,0,8,0,171.0685745999217,,,,,,,,,,,,,,,,,,,,,,,,,,,,,,,,,,,,,,,,,,,,,,,,,,,,,,,,,,,,,,,,,,,,,,,,,,,,,,,,,,,,,,,,,,,,,,,,,,,,,,171.05545830004849,171.0685745999217,171.0685745999217,171.0685745999217,171.25227839988656,None,,,,,,,,,,,,,,,,,,,P9615,MIC_Bar,7,1,2026-05-07_16h23.18.347,MIC_task,,2026.1.2,59.935473466347815,2026-05-07 16h23.20.101524 +0200,
,,9,0,9,,,,,,,7,p04,bohóc,clown,6,people,entertainment,6.8,14,19,44,None,"(0.1, 0.1)",None,,,,,,,,,,,0,0,0,0,0,4,4,4,9,0,9,0,171.26889199996367,,,,,,,,,,,,,,,,,,,,,,,,,,,,,,,,,,,,,,,,,,,,,,,,,,,,,,,,,,,,,,,,,,,,,,,,,,,,,,,,,,,,,,,,,,,,,,,,,,,,,,171.25605700002052,171.26889199996367,171.26889199996367,171.26889199996367,171.45265210000798,None,,,,,,,,,,,,,,,,,,,P9615,MIC_Bar,7,1,2026-05-07_16h23.18.347,MIC_task,,2026.1.2,59.935473466347815,2026-05-07 16h23.20.101524 +0200,
,,10,0,10,,,,,,,7,p04,bohóc,clown,6,people,entertainment,6.8,14,19,44,None,"(0.1, 0.1)",None,,,,,,,,,,,0,0,0,0,0,4,4,4,10,0,10,0,171.4692697999999,,,,,,,,,,,,,,,,,,,,,,,,,,,,,,,,,,,,,,,,,,,,,,,,,,,,,,,,,,,,,,,,,,,,,,,,,,,,,,,,,,,,,,,,,,,,,,,,,,,,,,171.45601670001633,171.4692697999999,171.4692697999999,171.4692697999999,171.6545605000574,None,,,,,,,,,,,,,,,,,,,P9615,MIC_Bar,7,1,2026-05-07_16h23.18.347,MIC_task,,2026.1.2,59.935473466347815,2026-05-07 16h23.20.101524 +0200,
,,11,0,11,,,,,,,7,p04,bohóc,clown,6,people,entertainment,6.8,14,19,44,None,"(0.1, 0.1)",None,,,,,,,,,,,0,0,0,0,0,4,4,4,11,0,11,0,171.6696744998917,,,,,,,,,,,,,,,,,,,,,,,,,,,,,,,,,,,,,,,,,,,,,,,,,,,,,,,,,,,,,,,,,,,,,,,,,,,,,,,,,,,,,,,,,,,,,,,,,,,,,,171.65793620003387,171.6696744998917,171.6696744998917,171.6696744998917,171.85509119997732,None,,,,,,,,,,,,,,,,,,,P9615,MIC_Bar,7,1,2026-05-07_16h23.18.347,MIC_task,,2026.1.2,59.935473466347815,2026-05-07 16h23.20.101524 +0200,
,,12,0,12,,,,,,,7,p04,bohóc,clown,6,people,entertainment,6.8,14,19,44,None,"(0.1, 0.1)",None,,,,,,,,,,,0,0,0,0,0,4,4,4,12,0,12,0,171.8700300999917,,,,,,,,,,,,,,,,,,,,,,,,,,,,,,,,,,,,,,,,,,,,,,,,,,,,,,,,,,,,,,,,,,,,,,,,,,,,,,,,,,,,,,,,,,,,,,,,,,,,,,171.85828049993142,171.8700300999917,171.8700300999917,171.8700300999917,172.053948600078,None,,,,,,,,,,,,,,,,,,,P9615,MIC_Bar,7,1,2026-05-07_16h23.18.347,MIC_task,,2026.1.2,59.935473466347815,2026-05-07 16h23.20.101524 +0200,
,,13,0,13,,,,,,,7,p04,bohóc,clown,6,people,entertainment,6.8,14,19,44,None,"(0.1, 0.1)",None,,,,,,,,,,,0,0,0,0,0,4,4,4,13,0,13,0,172.0704401000403,,,,,,,,,,,,,,,,,,,,,,,,,,,,,,,,,,,,,,,,,,,,,,,,,,,,,,,,,,,,,,,,,,,,,,,,,,,,,,,,,,,,,,,,,,,,,,,,,,,,,,172.0576088000089,172.0704401000403,172.0704401000403,172.0704401000403,172.25421070004813,None,,,,,,,,,,,,,,,,,,,P9615,MIC_Bar,7,1,2026-05-07_16h23.18.347,MIC_task,,2026.1.2,59.935473466347815,2026-05-07 16h23.20.101524 +0200,
,,14,0,14,,,,,,,7,p04,bohóc,clown,6,people,entertainment,6.8,14,19,44,None,"(0.1, 0.1)",None,,,,,,,,,,,0,0,0,0,0,4,4,4,14,0,14,0,172.27077589998953,,,,,,,,,,,,,,,,,,,,,,,,,,,,,,,,,,,,,,,,,,,,,,,,,,,,,,,,,,,,,,,,,,,,,,,,,,,,,,,,,,,,,,,,,,,,,,,,,,,,,,172.25757430004887,172.27077589998953,172.27077589998953,172.27077589998953,172.45620079990476,None,,,,,,,,,,,,,,,,,,,P9615,MIC_Bar,7,1,2026-05-07_16h23.18.347,MIC_task,,2026.1.2,59.935473466347815,2026-05-07 16h23.20.101524 +0200,
,,15,0,15,,,,,,,7,p04,bohóc,clown,6,people,entertainment,6.8,14,19,44,None,"(0.1, 0.1)",None,,,,,,,,,,,0,0,0,0,0,4,4,4,15,0,15,0,172.4711482001003,,,,,,,,,,,,,,,,,,,,,,,,,,,,,,,,,,,,,,,,,,,,,,,,,,,,,,,,,,,,,,,,,,,,,,,,,,,,,,,,,,,,,,,,,,,,,,,,,,,,,,172.4593722000718,172.4711482001003,172.4711482001003,172.4711482001003,172.65643700002693,None,,,,,,,,,,,,,,,,,,,P9615,MIC_Bar,7,1,2026-05-07_16h23.18.347,MIC_task,,2026.1.2,59.935473466347815,2026-05-07 16h23.20.101524 +0200,
,,16,0,16,,,,,,,7,p04,bohóc,clown,6,people,entertainment,6.8,14,19,44,None,"(0.1, 0.1)",None,,,,,,,,,,,0,0,0,0,0,4,4,4,16,0,16,0,172.67140039987862,,,,,,,,,,,,,,,,,,,,,,,,,,,,,,,,,,,,,,,,,,,,,,,,,,,,,,,,,,,,,,,,,,,,,,,,,,,,,,,,,,,,,,,,,,,,,,,,,,,,,,172.65984180010855,172.67140039987862,172.67140039987862,172.67140039987862,172.8552733999677,None,,,,,,,,,,,,,,,,,,,P9615,MIC_Bar,7,1,2026-05-07_16h23.18.347,MIC_task,,2026.1.2,59.935473466347815,2026-05-07 16h23.20.101524 +0200,
,,17,0,17,,,,,,,7,p04,bohóc,clown,6,people,entertainment,6.8,14,19,44,None,"(0.1, 0.1)",None,,,,,,,,,,,0,0,0,0,0,4,4,4,17,0,17,0,172.8711331000086,,,,,,,,,,,,,,,,,,,,,,,,,,,,,,,,,,,,,,,,,,,,,,,,,,,,,,,,,,,,,,,,,,,,,,,,,,,,,,,,,,,,,,,,,,,,,,,,,,,,,,172.85858929995447,172.8711331000086,172.8711331000086,172.8711331000086,173.0569641001057,None,,,,,,,,,,,,,,,,,,,P9615,MIC_Bar,7,1,2026-05-07_16h23.18.347,MIC_task,,2026.1.2,59.935473466347815,2026-05-07 16h23.20.101524 +0200,
,,18,0,18,,,,,,,7,p04,bohóc,clown,6,people,entertainment,6.8,14,19,44,None,"(0.1, 0.1)",None,,,,,,,,,,,0,0,0,0,0,4,4,4,18,0,18,0,173.07148379995488,,,,,,,,,,,,,,,,,,,,,,,,,,,,,,,,,,,,,,,,,,,,,,,,,,,,,,,,,,,,,,,,,,,,,,,,,,,,,,,,,,,,,,,,,,,,,,,,,,,,,,173.060276000062,173.07148379995488,173.07148379995488,173.07148379995488,173.25525539997034,None,,,,,,,,,,,,,,,,,,,P9615,MIC_Bar,7,1,2026-05-07_16h23.18.347,MIC_task,,2026.1.2,59.935473466347815,2026-05-07 16h23.20.101524 +0200,
,,19,0,19,,,,,,,7,p04,bohóc,clown,6,people,entertainment,6.8,14,19,44,None,"(0.1, 0.1)",None,,,,,,,,,,,0,0,0,0,0,4,4,4,19,0,19,0,173.2718734999653,,,,,,,,,,,,,,,,,,,,,,,,,,,,,,,,,,,,,,,,,,,,,,,,,,,,,,,,,,,,,,,,,,,,,,,,,,,,,,,,,,,,,,,,,,,,,,,,,,,,,,173.25919630005956,173.2718734999653,173.2718734999653,173.2718734999653,173.4571622000076,None,,,,,,,,,,,,,,,,,,,P9615,MIC_Bar,7,1,2026-05-07_16h23.18.347,MIC_task,,2026.1.2,59.935473466347815,2026-05-07 16h23.20.101524 +0200,
,,20,0,20,,,,,,,7,p04,bohóc,clown,6,people,entertainment,6.8,14,19,44,None,"(0.1, 0.1)",None,,,,,,,,,,,0,0,0,0,0,4,4,4,20,0,20,0,173.47228850005195,,,,,,,,,,,,,,,,,,,,,,,,,,,,,,,,,,,,,,,,,,,,,,,,,,,,,,,,,,,,,,,,,,,,,,,,,,,,,,,,,,,,,,,,,,,,,,,,,,,,,,173.46060490002856,173.47228850005195,173.47228850005195,173.47228850005195,173.65761310001835,None,,,,,,,,,,,,,,,,,,,P9615,MIC_Bar,7,1,2026-05-07_16h23.18.347,MIC_task,,2026.1.2,59.935473466347815,2026-05-07 16h23.20.101524 +0200,
,,21,0,21,,,,,,,7,p04,bohóc,clown,6,people,entertainment,6.8,14,19,44,None,"(0.1, 0.1)",None,,,,,,,,,,,0,0,0,0,0,4,4,4,21,0,21,0,173.67266919999383,,,,,,,,,,,,,,,,,,,,,,,,,,,,,,,,,,,,,,,,,,,,,,,,,,,,,,,,,,,,,,,,,,,,,,,,,,,,,,,,,,,,,,,,,,,,,,,,,,,,,,173.6610200998839,173.67266919999383,173.67266919999383,173.67266919999383,173.85810329997912,None,,,,,,,,,,,,,,,,,,,P9615,MIC_Bar,7,1,2026-05-07_16h23.18.347,MIC_task,,2026.1.2,59.935473466347815,2026-05-07 16h23.20.101524 +0200,
,,22,0,22,,,,,,,7,p04,bohóc,clown,6,people,entertainment,6.8,14,19,44,None,"(0.1, 0.1)",None,,,,,,,,,,,0,0,0,0,0,4,4,4,22,0,22,0,173.87305160006508,,,,,,,,,,,,,,,,,,,,,,,,,,,,,,,,,,,,,,,,,,,,,,,,,,,,,,,,,,,,,,,,,,,,,,,,,,,,,,,,,,,,,,,,,,,,,,,,,,,,,,173.86150519992225,173.87305160006508,173.87305160006508,173.87305160006508,174.05681030009873,None,,,,,,,,,,,,,,,,,,,P9615,MIC_Bar,7,1,2026-05-07_16h23.18.347,MIC_task,,2026.1.2,59.935473466347815,2026-05-07 16h23.20.101524 +0200,
,,23,0,23,,,,,,,7,p04,bohóc,clown,6,people,entertainment,6.8,14,19,44,None,"(0.1, 0.1)",None,,,,,,,,,,,0,0,0,0,0,4,4,4,23,0,23,0,174.073374300031,,,,,,,,,,,,,,,,,,,,,,,,,,,,,,,,,,,,,,,,,,,,,,,,,,,,,,,,,,,,,,,,,,,,,,,,,,,,,,,,,,,,,,,,,,,,,,,,,,,,,,174.0599609001074,174.073374300031,174.073374300031,174.073374300031,174.25877470010892,None,,,,,,,,,,,,,,,,,,,P9615,MIC_Bar,7,1,2026-05-07_16h23.18.347,MIC_task,,2026.1.2,59.935473466347815,2026-05-07 16h23.20.101524 +0200,
,,24,0,24,,,,,,,7,p04,bohóc,clown,6,people,entertainment,6.8,14,19,44,None,"(0.1, 0.1)",None,,,,,,,,,,,0,0,0,0,0,4,4,4,24,0,24,0,174.27372219995596,,,,,,,,,,,,,,,,,,,,,,,,,,,,,,,,,,,,,,,,,,,,,,,,,,,,,,,,,,,,,,,,,,,,,,,,,,,,,,,,,,,,,,,,,,,,,,,,,,,,,,174.26229300000705,174.27372219995596,174.27372219995596,174.27372219995596,174.45867089997046,None,,,,,,,,,,,,,,,,,,,P9615,MIC_Bar,7,1,2026-05-07_16h23.18.347,MIC_task,,2026.1.2,59.935473466347815,2026-05-07 16h23.20.101524 +0200,
,,25,0,25,,,,,,,7,p04,bohóc,clown,6,people,entertainment,6.8,14,19,44,None,"(0.1, 0.1)",None,,,,,,,,,,,0,0,0,0,0,4,4,4,25,0,25,0,174.47407229989767,,,,,,,,,,,,,,,,,,,,,,,,,,,,,,,,,,,,,,,,,,,,,,,,,,,,,,,,,,,,,,,,,,,,,,,,,,,,,,,,,,,,,,,,,,,,,,,,,,,,,,174.461893199943,174.47407229989767,174.47407229989767,174.47407229989767,174.65786879998632,None,,,,,,,,,,,,,,,,,,,P9615,MIC_Bar,7,1,2026-05-07_16h23.18.347,MIC_task,,2026.1.2,59.935473466347815,2026-05-07 16h23.20.101524 +0200,
,,26,0,26,,,,,,,7,p04,bohóc,clown,6,people,entertainment,6.8,14,19,44,None,"(0.1, 0.1)",space,0.11691420013085008,None,,,,,,,,,0,0,0,0,0,4,4,4,26,0,26,0,174.6744432998821,,,,,,,,,,,,,,,,,,,,,,,,,,,,,,,,,,,,,,,,,,,,,,,,,,,,,,,,,,,,,,,,,,,,,,,,,,,,,,,,,,,,,,,,,,,,,,,,,,,,,,174.66115100006573,174.6744432998821,174.6744432998821,174.6744432998821,174.79347750009038,space,0.11691420013085008,None,,,,,,,,,,,,,,,,,P9615,MIC_Bar,7,1,2026-05-07_16h23.18.347,MIC_task,,2026.1.2,59.935473466347815,2026-05-07 16h23.20.101524 +0200,
,,4,4,0,,,,space,0.15450179995968938,None,7,p04,bohóc,clown,6,people,entertainment,6.8,14,19,44,None,"(0.1, 0.1)",,,,,,,,,,,,0,0,0,0,0,4,4,4,,,,,,,,,,,,,,,,,,,,,,,,,,,,,,,,,,,,,,,,,,,,,,,,,,,,,,,,,,,,,,,,,,,,,,,,,,,,,,,,,,,,,,,,,,174.85698059992865,174.86281129997224,174.85919026659494,176.79430090007372,,,,,,178.79862389992923,178.8137278999202,178.8137278999202,178.98165050009266,,,,,,,,,,,,,176.82648740010336,176.83077799994498,176.82746873342745,178.7319853999652,178.79857230000198,space,0.15450179995968938,None,,,,,,,,,P9615,MIC_Bar,7,1,2026-05-07_16h23.18.347,MIC_task,,2026.1.2,59.935473466347815,2026-05-07 16h23.20.101524 +0200,
,,0,0,0,,,,,,,7,l09,kastély,castle,5,location,facilities,5.8,10,None,114,None,"(-0.1, 0)",None,,,,,,,,,,,0,0,0,0,0,5,5,5,0,0,0,0,179.00745050003752,,,,,,,,,,,,,,,,,,,,,,,,,,,,,,,,,,,,,,,,,,,,,,,,,,,,,,,,,,,,,,,,,,,,,,,,,,,,,,,,,,,,,,,,,,,,,,,,,,,,,,179.00240079988725,179.00745050003752,179.00745050003752,179.00745050003752,179.19915220001712,None,,,,,,,,,,,,,,,,,,,P9615,MIC_Bar,7,1,2026-05-07_16h23.18.347,MIC_task,,2026.1.2,59.935473466347815,2026-05-07 16h23.20.101524 +0200,
,,0,0,0,,,,,,,7,l09,kastély,castle,5,location,facilities,5.8,10,None,114,None,"(-0.1, 0)",None,,,,,,,,,,,0,0,0,0,0,5,5,5,0,0,0,0,179.21445450000465,,,,,,,,,,,,,,,,,,,,,,,,,,,,,,,,,,,,,,,,,,,,,,,,,,,,,,,,,,,,,,,,,,,,,,,,,,,,,,,,,,,,,,,,,,,,,,,,,,,,,,179.2025673999451,179.21445450000465,179.21445450000465,179.21445450000465,179.38305280008353,None,,,,,,,,,,,,,,,,,,,P9615,MIC_Bar,7,1,2026-05-07_16h23.18.347,MIC_task,,2026.1.2,59.935473466347815,2026-05-07 16h23.20.101524 +0200,
,,1,0,1,,,,,,,7,l09,kastély,castle,5,location,facilities,5.8,10,None,114,None,"(-0.1, 0)",None,,,,,,,,,,,0,0,0,0,0,5,5,5,1,0,1,0,179.39804019988514,,,,,,,,,,,,,,,,,,,,,,,,,,,,,,,,,,,,,,,,,,,,,,,,,,,,,,,,,,,,,,,,,,,,,,,,,,,,,,,,,,,,,,,,,,,,,,,,,,,,,,179.38673750008456,179.39804019988514,179.39804019988514,179.39804019988514,179.58194059995003,None,,,,,,,,,,,,,,,,,,,P9615,MIC_Bar,7,1,2026-05-07_16h23.18.347,MIC_task,,2026.1.2,59.935473466347815,2026-05-07 16h23.20.101524 +0200,
,,2,0,2,,,,,,,7,l09,kastély,castle,5,location,facilities,5.8,10,None,114,None,"(-0.1, 0)",None,,,,,,,,,,,0,0,0,0,0,5,5,5,2,0,2,0,179.59847490000539,,,,,,,,,,,,,,,,,,,,,,,,,,,,,,,,,,,,,,,,,,,,,,,,,,,,,,,,,,,,,,,,,,,,,,,,,,,,,,,,,,,,,,,,,,,,,,,,,,,,,,179.58521170006134,179.59847490000539,179.59847490000539,179.59847490000539,179.78227679990232,None,,,,,,,,,,,,,,,,,,,P9615,MIC_Bar,7,1,2026-05-07_16h23.18.347,MIC_task,,2026.1.2,59.935473466347815,2026-05-07 16h23.20.101524 +0200,
,,3,0,3,,,,,,,7,l09,kastély,castle,5,location,facilities,5.8,10,None,114,None,"(-0.1, 0)",None,,,,,,,,,,,0,0,0,0,0,5,5,5,3,0,3,0,179.7987345000729,,,,,,,,,,,,,,,,,,,,,,,,,,,,,,,,,,,,,,,,,,,,,,,,,,,,,,,,,,,,,,,,,,,,,,,,,,,,,,,,,,,,,,,,,,,,,,,,,,,,,,179.7855211000424,179.7987345000729,179.7987345000729,179.7987345000729,179.98255790001713,None,,,,,,,,,,,,,,,,,,,P9615,MIC_Bar,7,1,2026-05-07_16h23.18.347,MIC_task,,2026.1.2,59.935473466347815,2026-05-07 16h23.20.101524 +0200,
,,4,0,4,,,,,,,7,l09,kastély,castle,5,location,facilities,5.8,10,None,114,None,"(-0.1, 0)",None,,,,,,,,,,,0,0,0,0,0,5,5,5,4,0,4,0,179.99904519994743,,,,,,,,,,,,,,,,,,,,,,,,,,,,,,,,,,,,,,,,,,,,,,,,,,,,,,,,,,,,,,,,,,,,,,,,,,,,,,,,,,,,,,,,,,,,,,,,,,,,,,179.98620479996316,179.99904519994743,179.99904519994743,179.99904519994743,180.18429680005647,None,,,,,,,,,,,,,,,,,,,P9615,MIC_Bar,7,1,2026-05-07_16h23.18.347,MIC_task,,2026.1.2,59.935473466347815,2026-05-07 16h23.20.101524 +0200,
,,5,0,5,,,,,,,7,l09,kastély,castle,5,location,facilities,5.8,10,None,114,None,"(-0.1, 0)",None,,,,,,,,,,,0,0,0,0,0,5,5,5,5,0,5,0,180.19956579990685,,,,,,,,,,,,,,,,,,,,,,,,,,,,,,,,,,,,,,,,,,,,,,,,,,,,,,,,,,,,,,,,,,,,,,,,,,,,,,,,,,,,,,,,,,,,,,,,,,,,,,180.18760420009494,180.19956579990685,180.19956579990685,180.19956579990685,180.38479289994575,None,,,,,,,,,,,,,,,,,,,P9615,MIC_Bar,7,1,2026-05-07_16h23.18.347,MIC_task,,2026.1.2,59.935473466347815,2026-05-07 16h23.20.101524 +0200,
,,6,0,6,,,,,,,7,l09,kastély,castle,5,location,facilities,5.8,10,None,114,None,"(-0.1, 0)",None,,,,,,,,,,,0,0,0,0,0,5,5,5,6,0,6,0,180.3999322000891,,,,,,,,,,,,,,,,,,,,,,,,,,,,,,,,,,,,,,,,,,,,,,,,,,,,,,,,,,,,,,,,,,,,,,,,,,,,,,,,,,,,,,,,,,,,,,,,,,,,,,180.38819229998626,180.3999322000891,180.3999322000891,180.3999322000891,180.58377490006387,None,,,,,,,,,,,,,,,,,,,P9615,MIC_Bar,7,1,2026-05-07_16h23.18.347,MIC_task,,2026.1.2,59.935473466347815,2026-05-07 16h23.20.101524 +0200,
,,7,0,7,,,,,,,7,l09,kastély,castle,5,location,facilities,5.8,10,None,114,None,"(-0.1, 0)",None,,,,,,,,,,,0,0,0,0,0,5,5,5,7,0,7,0,180.59953989996575,,,,,,,,,,,,,,,,,,,,,,,,,,,,,,,,,,,,,,,,,,,,,,,,,,,,,,,,,,,,,,,,,,,,,,,,,,,,,,,,,,,,,,,,,,,,,,,,,,,,,,180.5872831000015,180.59953989996575,180.59953989996575,180.59953989996575,180.78332670009695,None,,,,,,,,,,,,,,,,,,,P9615,MIC_Bar,7,1,2026-05-07_16h23.18.347,MIC_task,,2026.1.2,59.935473466347815,2026-05-07 16h23.20.101524 +0200,
,,8,0,8,,,,,,,7,l09,kastély,castle,5,location,facilities,5.8,10,None,114,None,"(-0.1, 0)",None,,,,,,,,,,,0,0,0,0,0,5,5,5,8,0,8,0,180.80001819995232,,,,,,,,,,,,,,,,,,,,,,,,,,,,,,,,,,,,,,,,,,,,,,,,,,,,,,,,,,,,,,,,,,,,,,,,,,,,,,,,,,,,,,,,,,,,,,,,,,,,,,180.78648749995045,180.80001819995232,180.80001819995232,180.80001819995232,180.98501030006446,None,,,,,,,,,,,,,,,,,,,P9615,MIC_Bar,7,1,2026-05-07_16h23.18.347,MIC_task,,2026.1.2,59.935473466347815,2026-05-07 16h23.20.101524 +0200,
,,9,0,9,,,,,,,7,l09,kastély,castle,5,location,facilities,5.8,10,None,114,None,"(-0.1, 0)",None,,,,,,,,,,,0,0,0,0,0,5,5,5,9,0,9,0,181.00034689996392,,,,,,,,,,,,,,,,,,,,,,,,,,,,,,,,,,,,,,,,,,,,,,,,,,,,,,,,,,,,,,,,,,,,,,,,,,,,,,,,,,,,,,,,,,,,,,,,,,,,,,180.98823429993354,181.00034689996392,181.00034689996392,181.00034689996392,181.18412970006466,None,,,,,,,,,,,,,,,,,,,P9615,MIC_Bar,7,1,2026-05-07_16h23.18.347,MIC_task,,2026.1.2,59.935473466347815,2026-05-07 16h23.20.101524 +0200,
,,10,0,10,,,,,,,7,l09,kastély,castle,5,location,facilities,5.8,10,None,114,None,"(-0.1, 0)",None,,,,,,,,,,,0,0,0,0,0,5,5,5,10,0,10,0,181.20069439988583,,,,,,,,,,,,,,,,,,,,,,,,,,,,,,,,,,,,,,,,,,,,,,,,,,,,,,,,,,,,,,,,,,,,,,,,,,,,,,,,,,,,,,,,,,,,,,,,,,,,,,181.1873254000675,181.20069439988583,181.20069439988583,181.20069439988583,181.38447030005045,None,,,,,,,,,,,,,,,,,,,P9615,MIC_Bar,7,1,2026-05-07_16h23.18.347,MIC_task,,2026.1.2,59.935473466347815,2026-05-07 16h23.20.101524 +0200,
,,11,0,11,,,,,,,7,l09,kastély,castle,5,location,facilities,5.8,10,None,114,None,"(-0.1, 0)",None,,,,,,,,,,,0,0,0,0,0,5,5,5,11,0,11,0,181.40110750007443,,,,,,,,,,,,,,,,,,,,,,,,,,,,,,,,,,,,,,,,,,,,,,,,,,,,,,,,,,,,,,,,,,,,,,,,,,,,,,,,,,,,,,,,,,,,,,,,,,,,,,181.38792999996804,181.40110750007443,181.40110750007443,181.40110750007443,181.58490079990588,None,,,,,,,,,,,,,,,,,,,P9615,MIC_Bar,7,1,2026-05-07_16h23.18.347,MIC_task,,2026.1.2,59.935473466347815,2026-05-07 16h23.20.101524 +0200,
,,12,0,12,,,,,,,7,l09,kastély,castle,5,location,facilities,5.8,10,None,114,None,"(-0.1, 0)",None,,,,,,,,,,,0,0,0,0,0,5,5,5,12,0,12,0,181.6014817999676,,,,,,,,,,,,,,,,,,,,,,,,,,,,,,,,,,,,,,,,,,,,,,,,,,,,,,,,,,,,,,,,,,,,,,,,,,,,,,,,,,,,,,,,,,,,,,,,,,,,,,181.58811399992555,181.6014817999676,181.6014817999676,181.6014817999676,181.78520429995842,None,,,,,,,,,,,,,,,,,,,P9615,MIC_Bar,7,1,2026-05-07_16h23.18.347,MIC_task,,2026.1.2,59.935473466347815,2026-05-07 16h23.20.101524 +0200,
,,13,0,13,,,,,,,7,l09,kastély,castle,5,location,facilities,5.8,10,None,114,None,"(-0.1, 0)",None,,,,,,,,,,,0,0,0,0,0,5,5,5,13,0,13,0,181.80182940000668,,,,,,,,,,,,,,,,,,,,,,,,,,,,,,,,,,,,,,,,,,,,,,,,,,,,,,,,,,,,,,,,,,,,,,,,,,,,,,,,,,,,,,,,,,,,,,,,,,,,,,181.78902380005457,181.80182940000668,181.80182940000668,181.80182940000668,181.9856807999313,None,,,,,,,,,,,,,,,,,,,P9615,MIC_Bar,7,1,2026-05-07_16h23.18.347,MIC_task,,2026.1.2,59.935473466347815,2026-05-07 16h23.20.101524 +0200,
,,14,0,14,,,,,,,7,l09,kastély,castle,5,location,facilities,5.8,10,None,114,None,"(-0.1, 0)",None,,,,,,,,,,,0,0,0,0,0,5,5,5,14,0,14,0,182.00208540004678,,,,,,,,,,,,,,,,,,,,,,,,,,,,,,,,,,,,,,,,,,,,,,,,,,,,,,,,,,,,,,,,,,,,,,,,,,,,,,,,,,,,,,,,,,,,,,,,,,,,,,181.98914030008018,182.00208540004678,182.00208540004678,182.00208540004678,182.18613020004705,None,,,,,,,,,,,,,,,,,,,P9615,MIC_Bar,7,1,2026-05-07_16h23.18.347,MIC_task,,2026.1.2,59.935473466347815,2026-05-07 16h23.20.101524 +0200,
,,15,0,15,,,,,,,7,l09,kastély,castle,5,location,facilities,5.8,10,None,114,None,"(-0.1, 0)",None,,,,,,,,,,,0,0,0,0,0,5,5,5,15,0,15,0,182.20243759988807,,,,,,,,,,,,,,,,,,,,,,,,,,,,,,,,,,,,,,,,,,,,,,,,,,,,,,,,,,,,,,,,,,,,,,,,,,,,,,,,,,,,,,,,,,,,,,,,,,,,,,182.1893243000377,182.20243759988807,182.20243759988807,182.20243759988807,182.38635689998046,None,,,,,,,,,,,,,,,,,,,P9615,MIC_Bar,7,1,2026-05-07_16h23.18.347,MIC_task,,2026.1.2,59.935473466347815,2026-05-07 16h23.20.101524 +0200,
,,16,0,16,,,,,,,7,l09,kastély,castle,5,location,facilities,5.8,10,None,114,None,"(-0.1, 0)",None,,,,,,,,,,,0,0,0,0,0,5,5,5,16,0,16,0,182.40290610003285,,,,,,,,,,,,,,,,,,,,,,,,,,,,,,,,,,,,,,,,,,,,,,,,,,,,,,,,,,,,,,,,,,,,,,,,,,,,,,,,,,,,,,,,,,,,,,,,,,,,,,182.38980309991166,182.40290610003285,182.40290610003285,182.40290610003285,182.58673209999688,None,,,,,,,,,,,,,,,,,,,P9615,MIC_Bar,7,1,2026-05-07_16h23.18.347,MIC_task,,2026.1.2,59.935473466347815,2026-05-07 16h23.20.101524 +0200,
,,17,0,17,,,,,,,7,l09,kastély,castle,5,location,facilities,5.8,10,None,114,None,"(-0.1, 0)",None,,,,,,,,,,,0,0,0,0,0,5,5,5,17,0,17,0,182.60318530001678,,,,,,,,,,,,,,,,,,,,,,,,,,,,,,,,,,,,,,,,,,,,,,,,,,,,,,,,,,,,,,,,,,,,,,,,,,,,,,,,,,,,,,,,,,,,,,,,,,,,,,182.59009220008738,182.60318530001678,182.60318530001678,182.60318530001678,182.787084300071,None,,,,,,,,,,,,,,,,,,,P9615,MIC_Bar,7,1,2026-05-07_16h23.18.347,MIC_task,,2026.1.2,59.935473466347815,2026-05-07 16h23.20.101524 +0200,
,,18,0,18,,,,,,,7,l09,kastély,castle,5,location,facilities,5.8,10,None,114,None,"(-0.1, 0)",None,,,,,,,,,,,0,0,0,0,0,5,5,5,18,0,18,0,182.80373749998398,,,,,,,,,,,,,,,,,,,,,,,,,,,,,,,,,,,,,,,,,,,,,,,,,,,,,,,,,,,,,,,,,,,,,,,,,,,,,,,,,,,,,,,,,,,,,,,,,,,,,,182.79051969991997,182.80373749998398,182.80373749998398,182.80373749998398,182.98744620010257,None,,,,,,,,,,,,,,,,,,,P9615,MIC_Bar,7,1,2026-05-07_16h23.18.347,MIC_task,,2026.1.2,59.935473466347815,2026-05-07 16h23.20.101524 +0200,
,,19,0,19,,,,,,,7,l09,kastély,castle,5,location,facilities,5.8,10,None,114,None,"(-0.1, 0)",space,0.020706299925222993,None,,,,,,,,,0,0,0,0,0,5,5,5,19,0,19,0,183.00330760004,,,,,,,,,,,,,,,,,,,,,,,,,,,,,,,,,,,,,,,,,,,,,,,,,,,,,,,,,,,,,,,,,,,,,,,,,,,,,,,,,,,,,,,,,,,,,,,,,,,,,,182.99105440010317,183.00330760004,183.00330760004,183.00330760004,183.03787970007397,space,0.020706299925222993,None,,,,,,,,,,,,,,,,,P9615,MIC_Bar,7,1,2026-05-07_16h23.18.347,MIC_task,,2026.1.2,59.935473466347815,2026-05-07 16h23.20.101524 +0200,
,,5,5,0,,,,space,0.5960989000741392,None,7,l09,kastély,castle,5,location,facilities,5.8,10,None,114,None,"(-0.1, 0)",,,,,,,,,,,,0,0,0,0,0,5,5,5,,,,,,,,,,,,,,,,,,,,,,,,,,,,,,,,,,,,,,,,,,,,,,,,,,,,,,,,,,,,,,,,,,,,,,,,,,,,,,,,,,,,,,,,,,183.10368159995414,183.10850779991597,183.12014543342715,185.04061000002548,,,,,,187.04385429993272,187.05955479992554,187.05955479992554,187.66161069995724,,,,,,,,,,,,,185.06894270004705,185.07499519991688,185.07377443335332,186.95975039992481,187.04379389993846,space,0.5960989000741392,None,,,,,,,,,P9615,MIC_Bar,7,1,2026-05-07_16h23.18.347,MIC_task,,2026.1.2,59.935473466347815,2026-05-07 16h23.20.101524 +0200,
,,0,0,0,,,,,,,7,b03,fül,ear,2,bodypart,face,6.6,14,19,43,None,"(-0.1, 0.1)",None,,,,,,,,,,,0,0,0,0,0,6,6,6,0,0,0,0,187.68764259992167,,,,,,,,,,,,,,,,,,,,,,,,,,,,,,,,,,,,,,,,,,,,,,,,,,,,,,,,,,,,,,,,,,,,,,,,,,,,,,,,,,,,,,,,,,,,,,,,,,,,,,187.6826585000381,187.68764259992167,187.68764259992167,187.68764259992167,187.8794019999914,None,,,,,,,,,,,,,,,,,,,P9615,MIC_Bar,7,1,2026-05-07_16h23.18.347,MIC_task,,2026.1.2,59.935473466347815,2026-05-07 16h23.20.101524 +0200,
,,0,0,0,,,,,,,7,b03,fül,ear,2,bodypart,face,6.6,14,19,43,None,"(-0.1, 0.1)",None,,,,,,,,,,,0,0,0,0,0,6,6,6,0,0,0,0,187.89443470002152,,,,,,,,,,,,,,,,,,,,,,,,,,,,,,,,,,,,,,,,,,,,,,,,,,,,,,,,,,,,,,,,,,,,,,,,,,,,,,,,,,,,,,,,,,,,,,,,,,,,,,187.8824473998975,187.89443470002152,187.89443470002152,187.89443470002152,188.07992039993405,None,,,,,,,,,,,,,,,,,,,P9615,MIC_Bar,7,1,2026-05-07_16h23.18.347,MIC_task,,2026.1.2,59.935473466347815,2026-05-07 16h23.20.101524 +0200,
,,1,0,1,,,,,,,7,b03,fül,ear,2,bodypart,face,6.6,14,19,43,None,"(-0.1, 0.1)",None,,,,,,,,,,,0,0,0,0,0,6,6,6,1,0,1,0,188.09481839998625,,,,,,,,,,,,,,,,,,,,,,,,,,,,,,,,,,,,,,,,,,,,,,,,,,,,,,,,,,,,,,,,,,,,,,,,,,,,,,,,,,,,,,,,,,,,,,,,,,,,,,188.0831077999901,188.09481839998625,188.09481839998625,188.09481839998625,188.26202549994923,None,,,,,,,,,,,,,,,,,,,P9615,MIC_Bar,7,1,2026-05-07_16h23.18.347,MIC_task,,2026.1.2,59.935473466347815,2026-05-07 16h23.20.101524 +0200,
,,2,0,2,,,,,,,7,b03,fül,ear,2,bodypart,face,6.6,14,19,43,None,"(-0.1, 0.1)",None,,,,,,,,,,,0,0,0,0,0,6,6,6,2,0,2,0,188.27854430000298,,,,,,,,,,,,,,,,,,,,,,,,,,,,,,,,,,,,,,,,,,,,,,,,,,,,,,,,,,,,,,,,,,,,,,,,,,,,,,,,,,,,,,,,,,,,,,,,,,,,,,188.26519920001738,188.27854430000298,188.27854430000298,188.27854430000298,188.4624584999401,None,,,,,,,,,,,,,,,,,,,P9615,MIC_Bar,7,1,2026-05-07_16h23.18.347,MIC_task,,2026.1.2,59.935473466347815,2026-05-07 16h23.20.101524 +0200,
,,3,0,3,,,,,,,7,b03,fül,ear,2,bodypart,face,6.6,14,19,43,None,"(-0.1, 0.1)",None,,,,,,,,,,,0,0,0,0,0,6,6,6,3,0,3,0,188.47880450007506,,,,,,,,,,,,,,,,,,,,,,,,,,,,,,,,,,,,,,,,,,,,,,,,,,,,,,,,,,,,,,,,,,,,,,,,,,,,,,,,,,,,,,,,,,,,,,,,,,,,,,188.4656682999339,188.47880450007506,188.47880450007506,188.47880450007506,188.66269950009882,None,,,,,,,,,,,,,,,,,,,P9615,MIC_Bar,7,1,2026-05-07_16h23.18.347,MIC_task,,2026.1.2,59.935473466347815,2026-05-07 16h23.20.101524 +0200,
,,4,0,4,,,,,,,7,b03,fül,ear,2,bodypart,face,6.6,14,19,43,None,"(-0.1, 0.1)",None,,,,,,,,,,,0,0,0,0,0,6,6,6,4,0,4,0,188.67918440001085,,,,,,,,,,,,,,,,,,,,,,,,,,,,,,,,,,,,,,,,,,,,,,,,,,,,,,,,,,,,,,,,,,,,,,,,,,,,,,,,,,,,,,,,,,,,,,,,,,,,,,188.66590850008652,188.67918440001085,188.67918440001085,188.67918440001085,188.86304649990052,None,,,,,,,,,,,,,,,,,,,P9615,MIC_Bar,7,1,2026-05-07_16h23.18.347,MIC_task,,2026.1.2,59.935473466347815,2026-05-07 16h23.20.101524 +0200,
,,5,0,5,,,,,,,7,b03,fül,ear,2,bodypart,face,6.6,14,19,43,None,"(-0.1, 0.1)",None,,,,,,,,,,,0,0,0,0,0,6,6,6,5,0,5,0,188.87960359989665,,,,,,,,,,,,,,,,,,,,,,,,,,,,,,,,,,,,,,,,,,,,,,,,,,,,,,,,,,,,,,,,,,,,,,,,,,,,,,,,,,,,,,,,,,,,,,,,,,,,,,188.86609999998473,188.87960359989665,188.87960359989665,188.87960359989665,189.06333040003665,None,,,,,,,,,,,,,,,,,,,P9615,MIC_Bar,7,1,2026-05-07_16h23.18.347,MIC_task,,2026.1.2,59.935473466347815,2026-05-07 16h23.20.101524 +0200,
,,6,0,6,,,,,,,7,b03,fül,ear,2,bodypart,face,6.6,14,19,43,None,"(-0.1, 0.1)",None,,,,,,,,,,,0,0,0,0,0,6,6,6,6,0,6,0,189.07927029998973,,,,,,,,,,,,,,,,,,,,,,,,,,,,,,,,,,,,,,,,,,,,,,,,,,,,,,,,,,,,,,,,,,,,,,,,,,,,,,,,,,,,,,,,,,,,,,,,,,,,,,189.06665909988806,189.07927029998973,189.07927029998973,189.07927029998973,189.26379249989986,None,,,,,,,,,,,,,,,,,,,P9615,MIC_Bar,7,1,2026-05-07_16h23.18.347,MIC_task,,2026.1.2,59.935473466347815,2026-05-07 16h23.20.101524 +0200,
,,7,0,7,,,,,,,7,b03,fül,ear,2,bodypart,face,6.6,14,19,43,None,"(-0.1, 0.1)",None,,,,,,,,,,,0,0,0,0,0,6,6,6,7,0,7,0,189.27962190005928,,,,,,,,,,,,,,,,,,,,,,,,,,,,,,,,,,,,,,,,,,,,,,,,,,,,,,,,,,,,,,,,,,,,,,,,,,,,,,,,,,,,,,,,,,,,,,,,,,,,,,189.26680899993517,189.27962190005928,189.27962190005928,189.27962190005928,189.4644907999318,None,,,,,,,,,,,,,,,,,,,P9615,MIC_Bar,7,1,2026-05-07_16h23.18.347,MIC_task,,2026.1.2,59.935473466347815,2026-05-07 16h23.20.101524 +0200,
,,8,0,8,,,,,,,7,b03,fül,ear,2,bodypart,face,6.6,14,19,43,None,"(-0.1, 0.1)",None,,,,,,,,,,,0,0,0,0,0,6,6,6,8,0,8,0,189.4800050999038,,,,,,,,,,,,,,,,,,,,,,,,,,,,,,,,,,,,,,,,,,,,,,,,,,,,,,,,,,,,,,,,,,,,,,,,,,,,,,,,,,,,,,,,,,,,,,,,,,,,,,189.4676107999403,189.4800050999038,189.4800050999038,189.4800050999038,189.66520799999125,None,,,,,,,,,,,,,,,,,,,P9615,MIC_Bar,7,1,2026-05-07_16h23.18.347,MIC_task,,2026.1.2,59.935473466347815,2026-05-07 16h23.20.101524 +0200,
,,9,0,9,,,,,,,7,b03,fül,ear,2,bodypart,face,6.6,14,19,43,None,"(-0.1, 0.1)",None,,,,,,,,,,,0,0,0,0,0,6,6,6,9,0,9,0,189.6803681999445,,,,,,,,,,,,,,,,,,,,,,,,,,,,,,,,,,,,,,,,,,,,,,,,,,,,,,,,,,,,,,,,,,,,,,,,,,,,,,,,,,,,,,,,,,,,,,,,,,,,,,189.6683825000655,189.6803681999445,189.6803681999445,189.6803681999445,189.86571449995972,None,,,,,,,,,,,,,,,,,,,P9615,MIC_Bar,7,1,2026-05-07_16h23.18.347,MIC_task,,2026.1.2,59.935473466347815,2026-05-07 16h23.20.101524 +0200,
,,10,0,10,,,,,,,7,b03,fül,ear,2,bodypart,face,6.6,14,19,43,None,"(-0.1, 0.1)",None,,,,,,,,,,,0,0,0,0,0,6,6,6,10,0,10,0,189.88077739998698,,,,,,,,,,,,,,,,,,,,,,,,,,,,,,,,,,,,,,,,,,,,,,,,,,,,,,,,,,,,,,,,,,,,,,,,,,,,,,,,,,,,,,,,,,,,,,,,,,,,,,189.86902770004235,189.88077739998698,189.88077739998698,189.88077739998698,190.06451530009508,None,,,,,,,,,,,,,,,,,,,P9615,MIC_Bar,7,1,2026-05-07_16h23.18.347,MIC_task,,2026.1.2,59.935473466347815,2026-05-07 16h23.20.101524 +0200,
,,11,0,11,,,,,,,7,b03,fül,ear,2,bodypart,face,6.6,14,19,43,None,"(-0.1, 0.1)",None,,,,,,,,,,,0,0,0,0,0,6,6,6,11,0,11,0,190.08119280007668,,,,,,,,,,,,,,,,,,,,,,,,,,,,,,,,,,,,,,,,,,,,,,,,,,,,,,,,,,,,,,,,,,,,,,,,,,,,,,,,,,,,,,,,,,,,,,,,,,,,,,190.06757609988563,190.08119280007668,190.08119280007668,190.08119280007668,190.26485379994847,None,,,,,,,,,,,,,,,,,,,P9615,MIC_Bar,7,1,2026-05-07_16h23.18.347,MIC_task,,2026.1.2,59.935473466347815,2026-05-07 16h23.20.101524 +0200,
,,12,0,12,,,,,,,7,b03,fül,ear,2,bodypart,face,6.6,14,19,43,None,"(-0.1, 0.1)",None,,,,,,,,,,,0,0,0,0,0,6,6,6,12,0,12,0,190.28145430004224,,,,,,,,,,,,,,,,,,,,,,,,,,,,,,,,,,,,,,,,,,,,,,,,,,,,,,,,,,,,,,,,,,,,,,,,,,,,,,,,,,,,,,,,,,,,,,,,,,,,,,190.26805409998633,190.28145430004224,190.28145430004224,190.28145430004224,190.4652734999545,None,,,,,,,,,,,,,,,,,,,P9615,MIC_Bar,7,1,2026-05-07_16h23.18.347,MIC_task,,2026.1.2,59.935473466347815,2026-05-07 16h23.20.101524 +0200,
,,13,0,13,,,,,,,7,b03,fül,ear,2,bodypart,face,6.6,14,19,43,None,"(-0.1, 0.1)",None,,,,,,,,,,,0,0,0,0,0,6,6,6,13,0,13,0,190.48180579999462,,,,,,,,,,,,,,,,,,,,,,,,,,,,,,,,,,,,,,,,,,,,,,,,,,,,,,,,,,,,,,,,,,,,,,,,,,,,,,,,,,,,,,,,,,,,,,,,,,,,,,190.4681742999237,190.48180579999462,190.48180579999462,190.48180579999462,190.6656339999754,None,,,,,,,,,,,,,,,,,,,P9615,MIC_Bar,7,1,2026-05-07_16h23.18.347,MIC_task,,2026.1.2,59.935473466347815,2026-05-07 16h23.20.101524 +0200,
,,14,0,14,,,,,,,7,b03,fül,ear,2,bodypart,face,6.6,14,19,43,None,"(-0.1, 0.1)",None,,,,,,,,,,,0,0,0,0,0,6,6,6,14,0,14,0,190.68218269990757,,,,,,,,,,,,,,,,,,,,,,,,,,,,,,,,,,,,,,,,,,,,,,,,,,,,,,,,,,,,,,,,,,,,,,,,,,,,,,,,,,,,,,,,,,,,,,,,,,,,,,190.66899079992436,190.68218269990757,190.68218269990757,190.68218269990757,190.86601629992947,None,,,,,,,,,,,,,,,,,,,P9615,MIC_Bar,7,1,2026-05-07_16h23.18.347,MIC_task,,2026.1.2,59.935473466347815,2026-05-07 16h23.20.101524 +0200,
,,15,0,15,,,,,,,7,b03,fül,ear,2,bodypart,face,6.6,14,19,43,None,"(-0.1, 0.1)",None,,,,,,,,,,,0,0,0,0,0,6,6,6,15,0,15,0,190.88260350003839,,,,,,,,,,,,,,,,,,,,,,,,,,,,,,,,,,,,,,,,,,,,,,,,,,,,,,,,,,,,,,,,,,,,,,,,,,,,,,,,,,,,,,,,,,,,,,,,,,,,,,190.869183300063,190.88260350003839,190.88260350003839,190.88260350003839,191.06630669999868,None,,,,,,,,,,,,,,,,,,,P9615,MIC_Bar,7,1,2026-05-07_16h23.18.347,MIC_task,,2026.1.2,59.935473466347815,2026-05-07 16h23.20.101524 +0200,
,,16,0,16,,,,,,,7,b03,fül,ear,2,bodypart,face,6.6,14,19,43,None,"(-0.1, 0.1)",None,,,,,,,,,,,0,0,0,0,0,6,6,6,16,0,16,0,191.08217240008526,,,,,,,,,,,,,,,,,,,,,,,,,,,,,,,,,,,,,,,,,,,,,,,,,,,,,,,,,,,,,,,,,,,,,,,,,,,,,,,,,,,,,,,,,,,,,,,,,,,,,,191.06941900006495,191.08217240008526,191.08217240008526,191.08217240008526,191.2674855000805,None,,,,,,,,,,,,,,,,,,,P9615,MIC_Bar,7,1,2026-05-07_16h23.18.347,MIC_task,,2026.1.2,59.935473466347815,2026-05-07 16h23.20.101524 +0200,
,,17,0,17,,,,,,,7,b03,fül,ear,2,bodypart,face,6.6,14,19,43,None,"(-0.1, 0.1)",None,,,,,,,,,,,0,0,0,0,0,6,6,6,17,0,17,0,191.28252930007875,,,,,,,,,,,,,,,,,,,,,,,,,,,,,,,,,,,,,,,,,,,,,,,,,,,,,,,,,,,,,,,,,,,,,,,,,,,,,,,,,,,,,,,,,,,,,,,,,,,,,,191.2711139000021,191.28252930007875,191.28252930007875,191.28252930007875,191.46702459990047,None,,,,,,,,,,,,,,,,,,,P9615,MIC_Bar,7,1,2026-05-07_16h23.18.347,MIC_task,,2026.1.2,59.935473466347815,2026-05-07 16h23.20.101524 +0200,
,,18,0,18,,,,,,,7,b03,fül,ear,2,bodypart,face,6.6,14,19,43,None,"(-0.1, 0.1)",None,,,,,,,,,,,0,0,0,0,0,6,6,6,18,0,18,0,191.48284119996242,,,,,,,,,,,,,,,,,,,,,,,,,,,,,,,,,,,,,,,,,,,,,,,,,,,,,,,,,,,,,,,,,,,,,,,,,,,,,,,,,,,,,,,,,,,,,,,,,,,,,,191.4705157999415,191.48284119996242,191.48284119996242,191.48284119996242,191.6667031000834,None,,,,,,,,,,,,,,,,,,,P9615,MIC_Bar,7,1,2026-05-07_16h23.18.347,MIC_task,,2026.1.2,59.935473466347815,2026-05-07 16h23.20.101524 +0200,
,,19,0,19,,,,,,,7,b03,fül,ear,2,bodypart,face,6.6,14,19,43,None,"(-0.1, 0.1)",None,,,,,,,,,,,0,0,0,0,0,6,6,6,19,0,19,0,191.68329790001735,,,,,,,,,,,,,,,,,,,,,,,,,,,,,,,,,,,,,,,,,,,,,,,,,,,,,,,,,,,,,,,,,,,,,,,,,,,,,,,,,,,,,,,,,,,,,,,,,,,,,,191.6698453000281,191.68329790001735,191.68329790001735,191.68329790001735,191.86866539996117,None,,,,,,,,,,,,,,,,,,,P9615,MIC_Bar,7,1,2026-05-07_16h23.18.347,MIC_task,,2026.1.2,59.935473466347815,2026-05-07 16h23.20.101524 +0200,
,,20,0,20,,,,,,,7,b03,fül,ear,2,bodypart,face,6.6,14,19,43,None,"(-0.1, 0.1)",None,,,,,,,,,,,0,0,0,0,0,6,6,6,20,0,20,0,191.88368219998665,,,,,,,,,,,,,,,,,,,,,,,,,,,,,,,,,,,,,,,,,,,,,,,,,,,,,,,,,,,,,,,,,,,,,,,,,,,,,,,,,,,,,,,,,,,,,,,,,,,,,,191.8717900000047,191.88368219998665,191.88368219998665,191.88368219998665,192.06751139997505,None,,,,,,,,,,,,,,,,,,,P9615,MIC_Bar,7,1,2026-05-07_16h23.18.347,MIC_task,,2026.1.2,59.935473466347815,2026-05-07 16h23.20.101524 +0200,
,,21,0,21,,,,,,,7,b03,fül,ear,2,bodypart,face,6.6,14,19,43,None,"(-0.1, 0.1)",None,,,,,,,,,,,0,0,0,0,0,6,6,6,21,0,21,0,192.08408130006865,,,,,,,,,,,,,,,,,,,,,,,,,,,,,,,,,,,,,,,,,,,,,,,,,,,,,,,,,,,,,,,,,,,,,,,,,,,,,,,,,,,,,,,,,,,,,,,,,,,,,,192.07088940008543,192.08408130006865,192.08408130006865,192.08408130006865,192.26906429999508,None,,,,,,,,,,,,,,,,,,,P9615,MIC_Bar,7,1,2026-05-07_16h23.18.347,MIC_task,,2026.1.2,59.935473466347815,2026-05-07 16h23.20.101524 +0200,
,,22,0,22,,,,,,,7,b03,fül,ear,2,bodypart,face,6.6,14,19,43,None,"(-0.1, 0.1)",None,,,,,,,,,,,0,0,0,0,0,6,6,6,22,0,22,0,192.28441759990528,,,,,,,,,,,,,,,,,,,,,,,,,,,,,,,,,,,,,,,,,,,,,,,,,,,,,,,,,,,,,,,,,,,,,,,,,,,,,,,,,,,,,,,,,,,,,,,,,,,,,,192.27208640007302,192.28441759990528,192.28441759990528,192.28441759990528,192.46992029994726,None,,,,,,,,,,,,,,,,,,,P9615,MIC_Bar,7,1,2026-05-07_16h23.18.347,MIC_task,,2026.1.2,59.935473466347815,2026-05-07 16h23.20.101524 +0200,
,,23,0,23,,,,,,,7,b03,fül,ear,2,bodypart,face,6.6,14,19,43,None,"(-0.1, 0.1)",None,,,,,,,,,,,0,0,0,0,0,6,6,6,23,0,23,0,192.48485419992357,,,,,,,,,,,,,,,,,,,,,,,,,,,,,,,,,,,,,,,,,,,,,,,,,,,,,,,,,,,,,,,,,,,,,,,,,,,,,,,,,,,,,,,,,,,,,,,,,,,,,,192.47316709998995,192.48485419992357,192.48485419992357,192.48485419992357,192.6699161999859,None,,,,,,,,,,,,,,,,,,,P9615,MIC_Bar,7,1,2026-05-07_16h23.18.347,MIC_task,,2026.1.2,59.935473466347815,2026-05-07 16h23.20.101524 +0200,
,,24,0,24,,,,,,,7,b03,fül,ear,2,bodypart,face,6.6,14,19,43,None,"(-0.1, 0.1)",None,,,,,,,,,,,0,0,0,0,0,6,6,6,24,0,24,0,192.6851284999866,,,,,,,,,,,,,,,,,,,,,,,,,,,,,,,,,,,,,,,,,,,,,,,,,,,,,,,,,,,,,,,,,,,,,,,,,,,,,,,,,,,,,,,,,,,,,,,,,,,,,,192.6728280999232,192.6851284999866,192.6851284999866,192.6851284999866,192.86901889997534,None,,,,,,,,,,,,,,,,,,,P9615,MIC_Bar,7,1,2026-05-07_16h23.18.347,MIC_task,,2026.1.2,59.935473466347815,2026-05-07 16h23.20.101524 +0200,
,,25,0,25,,,,,,,7,b03,fül,ear,2,bodypart,face,6.6,14,19,43,None,"(-0.1, 0.1)",None,,,,,,,,,,,0,0,0,0,0,6,6,6,25,0,25,0,192.88547029998153,,,,,,,,,,,,,,,,,,,,,,,,,,,,,,,,,,,,,,,,,,,,,,,,,,,,,,,,,,,,,,,,,,,,,,,,,,,,,,,,,,,,,,,,,,,,,,,,,,,,,,192.87204809999093,192.88547029998153,192.88547029998153,192.88547029998153,193.07057880004868,None,,,,,,,,,,,,,,,,,,,P9615,MIC_Bar,7,1,2026-05-07_16h23.18.347,MIC_task,,2026.1.2,59.935473466347815,2026-05-07 16h23.20.101524 +0200,
,,26,0,26,,,,,,,7,b03,fül,ear,2,bodypart,face,6.6,14,19,43,None,"(-0.1, 0.1)",None,,,,,,,,,,,0,0,0,0,0,6,6,6,26,0,26,0,193.08591719996184,,,,,,,,,,,,,,,,,,,,,,,,,,,,,,,,,,,,,,,,,,,,,,,,,,,,,,,,,,,,,,,,,,,,,,,,,,,,,,,,,,,,,,,,,,,,,,,,,,,,,,193.07367890002206,193.08591719996184,193.08591719996184,193.08591719996184,193.2697447000537,None,,,,,,,,,,,,,,,,,,,P9615,MIC_Bar,7,1,2026-05-07_16h23.18.347,MIC_task,,2026.1.2,59.935473466347815,2026-05-07 16h23.20.101524 +0200,
,,27,0,27,,,,,,,7,b03,fül,ear,2,bodypart,face,6.6,14,19,43,None,"(-0.1, 0.1)",None,,,,,,,,,,,0,0,0,0,0,6,6,6,27,0,27,0,193.28628470003605,,,,,,,,,,,,,,,,,,,,,,,,,,,,,,,,,,,,,,,,,,,,,,,,,,,,,,,,,,,,,,,,,,,,,,,,,,,,,,,,,,,,,,,,,,,,,,,,,,,,,,193.2728162999265,193.28628470003605,193.28628470003605,193.28628470003605,193.46999579994008,None,,,,,,,,,,,,,,,,,,,P9615,MIC_Bar,7,1,2026-05-07_16h23.18.347,MIC_task,,2026.1.2,59.935473466347815,2026-05-07 16h23.20.101524 +0200,
,,28,0,28,,,,,,,7,b03,fül,ear,2,bodypart,face,6.6,14,19,43,None,"(-0.1, 0.1)",None,,,,,,,,,,,0,0,0,0,0,6,6,6,28,0,28,0,193.48589999997057,,,,,,,,,,,,,,,,,,,,,,,,,,,,,,,,,,,,,,,,,,,,,,,,,,,,,,,,,,,,,,,,,,,,,,,,,,,,,,,,,,,,,,,,,,,,,,,,,,,,,,193.47313120006584,193.48589999997057,193.48589999997057,193.48589999997057,193.67200809996575,None,,,,,,,,,,,,,,,,,,,P9615,MIC_Bar,7,1,2026-05-07_16h23.18.347,MIC_task,,2026.1.2,59.935473466347815,2026-05-07 16h23.20.101524 +0200,
,,29,0,29,,,,,,,7,b03,fül,ear,2,bodypart,face,6.6,14,19,43,None,"(-0.1, 0.1)",space,0.13770130020566285,None,,,,,,,,,0,0,0,0,0,6,6,6,29,0,29,0,193.68637140002102,,,,,,,,,,,,,,,,,,,,,,,,,,,,,,,,,,,,,,,,,,,,,,,,,,,,,,,,,,,,,,,,,,,,,,,,,,,,,,,,,,,,,,,,,,,,,,,,,,,,,,193.67495730007067,193.68637140002102,193.68637140002102,193.68637140002102,193.8398651999887,space,0.13770130020566285,None,,,,,,,,,,,,,,,,,P9615,MIC_Bar,7,1,2026-05-07_16h23.18.347,MIC_task,,2026.1.2,59.935473466347815,2026-05-07 16h23.20.101524 +0200,
,,6,6,0,,,,space,0.40427040006034076,None,7,b03,fül,ear,2,bodypart,face,6.6,14,19,43,None,"(-0.1, 0.1)",,,,,,,,,,,,0,0,0,0,0,6,6,6,,,,,,,,,,,,,,,,,,,,,,,,,,,,,,,,,,,,,,,,,,,,,,,,,,,,,,,,,,,,,,,,,,,,,,,,,,,,,,,,,,,,,,,,,,193.90381829999387,193.90780949988402,193.90548516671797,195.84029390010983,,,,,,197.84328759997152,197.85982090001926,197.85982090001926,198.279895799933,,,,,,,,,,,,,195.86859229998663,195.8748635998927,195.87346143334486,197.75927569996566,197.84320669993758,space,0.40427040006034076,None,,,,,,,,,P9615,MIC_Bar,7,1,2026-05-07_16h23.18.347,MIC_task,,2026.1.2,59.935473466347815,2026-05-07 16h23.20.101524 +0200,
,,0,0,0,,,,,,,7,pl03,kukorica,corn,7,plants,field,4.8,76,None,115,None,"(0, 0.1)",None,,,,,,,,,,,0,0,0,0,0,7,7,7,0,0,0,0,198.3152763999533,,,,,,,,,,,,,,,,,,,,,,,,,,,,,,,,,,,,,,,,,,,,,,,,,,,,,,,,,,,,,,,,,,,,,,,,,,,,,,,,,,,,,,,,,,,,,,,,,,,,,,198.31130709988065,198.3152763999533,198.3152763999533,198.3152763999533,198.49500210001133,None,,,,,,,,,,,,,,,,,,,P9615,MIC_Bar,7,1,2026-05-07_16h23.18.347,MIC_task,,2026.1.2,59.935473466347815,2026-05-07 16h23.20.101524 +0200,
,,0,0,0,,,,,,,7,pl03,kukorica,corn,7,plants,field,4.8,76,None,115,None,"(0, 0.1)",None,,,,,,,,,,,0,0,0,0,0,7,7,7,0,0,0,0,198.51046189991757,,,,,,,,,,,,,,,,,,,,,,,,,,,,,,,,,,,,,,,,,,,,,,,,,,,,,,,,,,,,,,,,,,,,,,,,,,,,,,,,,,,,,,,,,,,,,,,,,,,,,,198.49815019988455,198.51046189991757,198.51046189991757,198.51046189991757,198.69422749988735,None,,,,,,,,,,,,,,,,,,,P9615,MIC_Bar,7,1,2026-05-07_16h23.18.347,MIC_task,,2026.1.2,59.935473466347815,2026-05-07 16h23.20.101524 +0200,
,,1,0,1,,,,,,,7,pl03,kukorica,corn,7,plants,field,4.8,76,None,115,None,"(0, 0.1)",None,,,,,,,,,,,0,0,0,0,0,7,7,7,1,0,1,0,198.71084380010143,,,,,,,,,,,,,,,,,,,,,,,,,,,,,,,,,,,,,,,,,,,,,,,,,,,,,,,,,,,,,,,,,,,,,,,,,,,,,,,,,,,,,,,,,,,,,,,,,,,,,,198.69760060007684,198.71084380010143,198.71084380010143,198.71084380010143,198.8946150999982,None,,,,,,,,,,,,,,,,,,,P9615,MIC_Bar,7,1,2026-05-07_16h23.18.347,MIC_task,,2026.1.2,59.935473466347815,2026-05-07 16h23.20.101524 +0200,
,,2,0,2,,,,,,,7,pl03,kukorica,corn,7,plants,field,4.8,76,None,115,None,"(0, 0.1)",None,,,,,,,,,,,0,0,0,0,0,7,7,7,2,0,2,0,198.91117660002783,,,,,,,,,,,,,,,,,,,,,,,,,,,,,,,,,,,,,,,,,,,,,,,,,,,,,,,,,,,,,,,,,,,,,,,,,,,,,,,,,,,,,,,,,,,,,,,,,,,,,,198.8976326000411,198.91117660002783,198.91117660002783,198.91117660002783,199.0949782000389,None,,,,,,,,,,,,,,,,,,,P9615,MIC_Bar,7,1,2026-05-07_16h23.18.347,MIC_task,,2026.1.2,59.935473466347815,2026-05-07 16h23.20.101524 +0200,
,,3,0,3,,,,,,,7,pl03,kukorica,corn,7,plants,field,4.8,76,None,115,None,"(0, 0.1)",None,,,,,,,,,,,0,0,0,0,0,7,7,7,3,0,3,0,199.1114350000862,,,,,,,,,,,,,,,,,,,,,,,,,,,,,,,,,,,,,,,,,,,,,,,,,,,,,,,,,,,,,,,,,,,,,,,,,,,,,,,,,,,,,,,,,,,,,,,,,,,,,,199.09823539992794,199.1114350000862,199.1114350000862,199.1114350000862,199.28022149996832,None,,,,,,,,,,,,,,,,,,,P9615,MIC_Bar,7,1,2026-05-07_16h23.18.347,MIC_task,,2026.1.2,59.935473466347815,2026-05-07 16h23.20.101524 +0200,
,,4,0,4,,,,,,,7,pl03,kukorica,corn,7,plants,field,4.8,76,None,115,None,"(0, 0.1)",None,,,,,,,,,,,0,0,0,0,0,7,7,7,4,0,4,0,199.29518870008178,,,,,,,,,,,,,,,,,,,,,,,,,,,,,,,,,,,,,,,,,,,,,,,,,,,,,,,,,,,,,,,,,,,,,,,,,,,,,,,,,,,,,,,,,,,,,,,,,,,,,,199.2832114000339,199.29518870008178,199.29518870008178,199.29518870008178,199.47957270010374,None,,,,,,,,,,,199.49555009999312,199.49555009999312,199.49555009999312,,,,,,P9615,MIC_Bar,7,1,2026-05-07_16h23.18.347,MIC_task,,2026.1.2,59.935473466347815,2026-05-07 16h23.20.101524 +0200,
,,5,0,5,,,,,,,7,pl03,kukorica,corn,7,plants,field,4.8,76,None,115,None,"(0, 0.1)",None,,,,,,,,,,,0,0,0,0,0,7,7,7,5,0,5,0,199.49555009999312,,,,,,,,,,,,,,,,,,,,,,,,,,,,,,,,,,,,,,,,,,,,,,,,,,,,,,,,,,,,,,,,,,,,,,,,,,,,,,,,,,,,,,,,,,,,,,,,,,,,,,199.48272259999067,199.49555009999312,199.49555009999312,199.49555009999312,199.67987530003302,None,,,,,,,,,,,199.69597109989263,199.69597109989263,199.69597109989263,,,,,,P9615,MIC_Bar,7,1,2026-05-07_16h23.18.347,MIC_task,,2026.1.2,59.935473466347815,2026-05-07 16h23.20.101524 +0200,
,,6,0,6,,,,,,,7,pl03,kukorica,corn,7,plants,field,4.8,76,None,115,None,"(0, 0.1)",None,,,,,,,,,,,0,0,0,0,0,7,7,7,6,0,6,0,199.69597109989263,,,,,,,,,,,,,,,,,,,,,,,,,,,,,,,,,,,,,,,,,,,,,,,,,,,,,,,,,,,,,,,,,,,,,,,,,,,,,,,,,,,,,,,,,,,,,,,,,,,,,,199.6830420999322,199.69597109989263,199.69597109989263,199.69597109989263,199.88021040009335,None,,,,,,,,,,,199.89624679996632,199.89624679996632,199.89624679996632,,,,,,P9615,MIC_Bar,7,1,2026-05-07_16h23.18.347,MIC_task,,2026.1.2,59.935473466347815,2026-05-07 16h23.20.101524 +0200,
,,7,0,7,,,,,,,7,pl03,kukorica,corn,7,plants,field,4.8,76,None,115,None,"(0, 0.1)",None,,,,,,,,,,,0,0,0,0,0,7,7,7,7,0,7,0,199.89624679996632,,,,,,,,,,,,,,,,,,,,,,,,,,,,,,,,,,,,,,,,,,,,,,,,,,,,,,,,,,,,,,,,,,,,,,,,,,,,,,,,,,,,,,,,,,,,,,,,,,,,,,199.88299209997058,199.89624679996632,199.89624679996632,199.89624679996632,200.08009380009025,None,,,,,,,,,,,,,,,,,,,P9615,MIC_Bar,7,1,2026-05-07_16h23.18.347,MIC_task,,2026.1.2,59.935473466347815,2026-05-07 16h23.20.101524 +0200,
,,8,0,8,,,,,,,7,pl03,kukorica,corn,7,plants,field,4.8,76,None,115,None,"(0, 0.1)",None,,,,,,,,,,,0,0,0,0,0,7,7,7,8,0,8,0,200.09588259994052,,,,,,,,,,,,,,,,,,,,,,,,,,,,,,,,,,,,,,,,,,,,,,,,,,,,,,,,,,,,,,,,,,,,,,,,,,,,,,,,,,,,,,,,,,,,,,,,,,,,,,200.08335299999453,200.09588259994052,200.09588259994052,200.09588259994052,200.2804586000275,None,,,,,,,,,,,,,,,,,,,P9615,MIC_Bar,7,1,2026-05-07_16h23.18.347,MIC_task,,2026.1.2,59.935473466347815,2026-05-07 16h23.20.101524 +0200,
,,9,0,9,,,,,,,7,pl03,kukorica,corn,7,plants,field,4.8,76,None,115,None,"(0, 0.1)",None,,,,,,,,,,,0,0,0,0,0,7,7,7,9,0,9,0,200.29700060002506,,,,,,,,,,,,,,,,,,,,,,,,,,,,,,,,,,,,,,,,,,,,,,,,,,,,,,,,,,,,,,,,,,,,,,,,,,,,,,,,,,,,,,,,,,,,,,,,,,,,,,200.2836589999497,200.29700060002506,200.29700060002506,200.29700060002506,200.480744499946,None,,,,,,,,,,,,,,,,,,,P9615,MIC_Bar,7,1,2026-05-07_16h23.18.347,MIC_task,,2026.1.2,59.935473466347815,2026-05-07 16h23.20.101524 +0200,
,,10,0,10,,,,,,,7,pl03,kukorica,corn,7,plants,field,4.8,76,None,115,None,"(0, 0.1)",None,,,,,,,,,,,0,0,0,0,0,7,7,7,10,0,10,0,200.49657929991372,,,,,,,,,,,,,,,,,,,,,,,,,,,,,,,,,,,,,,,,,,,,,,,,,,,,,,,,,,,,,,,,,,,,,,,,,,,,,,,,,,,,,,,,,,,,,,,,,,,,,,200.483727700077,200.49657929991372,200.49657929991372,200.49657929991372,200.68041640007868,None,,,,,,,,,,,,,,,,,,,P9615,MIC_Bar,7,1,2026-05-07_16h23.18.347,MIC_task,,2026.1.2,59.935473466347815,2026-05-07 16h23.20.101524 +0200,
,,11,0,11,,,,,,,7,pl03,kukorica,corn,7,plants,field,4.8,76,None,115,None,"(0, 0.1)",None,,,,,,,,,,,0,0,0,0,0,7,7,7,11,0,11,0,200.69704380002804,,,,,,,,,,,,,,,,,,,,,,,,,,,,,,,,,,,,,,,,,,,,,,,,,,,,,,,,,,,,,,,,,,,,,,,,,,,,,,,,,,,,,,,,,,,,,,,,,,,,,,200.68345259991474,200.69704380002804,200.69704380002804,200.69704380002804,200.88081520004198,None,,,,,,,,,,,,,,,,,,,P9615,MIC_Bar,7,1,2026-05-07_16h23.18.347,MIC_task,,2026.1.2,59.935473466347815,2026-05-07 16h23.20.101524 +0200,
,,12,0,12,,,,,,,7,pl03,kukorica,corn,7,plants,field,4.8,76,None,115,None,"(0, 0.1)",space,None,None,,,,,,,,,0,0,0,0,0,7,7,7,12,0,12,0,200.89743499993347,,,,,,,,,,,,,,,,,,,,,,,,,,,,,,,,,,,,,,,,,,,,,,,,,,,,,,,,,,,,,,,,,,,,,,,,,,,,,,,,,,,,,,,,,,,,,,,,,,,,,,200.8838398999069,200.89743499993347,200.89743499993347,200.89743499993347,201.0655324999243,space,None,None,,,,,,,,,,,,,,,,,P9615,MIC_Bar,7,1,2026-05-07_16h23.18.347,MIC_task,,2026.1.2,59.935473466347815,2026-05-07 16h23.20.101524 +0200,
,,7,7,0,,,,space,0.12057259981520474,None,7,pl03,kukorica,corn,7,plants,field,4.8,76,None,115,None,"(0, 0.1)",,,,,,,,,,,,0,0,0,0,0,7,7,7,,,,,,,,,,,,,,,,,,,,,,,,,,,,,,,,,,,,,,,,,,,,,,,,,,,,,,,,,,,,,,,,,,,,,,,,,,,,,,,,,,,,,,,,,,201.12934429990128,201.13484620000236,201.13129586658133,203.06736420001835,,,,,,205.07035239995457,205.08841240010224,205.08841240010224,205.22372330003418,,,,,,,,,,,,,203.09905639989302,203.10456659994088,203.10053993331582,204.98718519997783,205.0702988000121,space,0.12057259981520474,None,,,,,,,,,P9615,MIC_Bar,7,1,2026-05-07_16h23.18.347,MIC_task,,2026.1.2,59.935473466347815,2026-05-07 16h23.20.101524 +0200,
,,0,0,0,,,,,,,7,a21,elefánt,elephant,1,animal,mammal,6.4,14,21,57,None,"(-0.1, 0.1)",None,,,,,,,,,,,0,0,0,0,0,8,8,8,0,0,0,0,205.2485307001043,,,,,,,,,,,,,,,,,,,,,,,,,,,,,,,,,,,,,,,,,,,,,,,,,,,,,,,,,,,,,,,,,,,,,,,,,,,,,,,,,,,,,,,,,,,,,,,,,,,,,,205.24393399991095,205.2485307001043,205.2485307001043,205.2485307001043,205.43821910000406,None,,,,,,,,,,,,,,,,,,,P9615,MIC_Bar,7,1,2026-05-07_16h23.18.347,MIC_task,,2026.1.2,59.935473466347815,2026-05-07 16h23.20.101524 +0200,
,,0,0,0,,,,,,,7,a21,elefánt,elephant,1,animal,mammal,6.4,14,21,57,None,"(-0.1, 0.1)",None,,,,,,,,,,,0,0,0,0,0,8,8,8,0,0,0,0,205.454208600102,,,,,,,,,,,,,,,,,,,,,,,,,,,,,,,,,,,,,,,,,,,,,,,,,,,,,,,,,,,,,,,,,,,,,,,,,,,,,,,,,,,,,,,,,,,,,,,,,,,,,,205.44120220001787,205.454208600102,205.454208600102,205.454208600102,205.63796079996973,None,,,,,,,,,,,,,,,,,,,P9615,MIC_Bar,7,1,2026-05-07_16h23.18.347,MIC_task,,2026.1.2,59.935473466347815,2026-05-07 16h23.20.101524 +0200,
,,1,0,1,,,,,,,7,a21,elefánt,elephant,1,animal,mammal,6.4,14,21,57,None,"(-0.1, 0.1)",None,,,,,,,,,,,0,0,0,0,0,8,8,8,1,0,1,0,205.65453630010597,,,,,,,,,,,,,,,,,,,,,,,,,,,,,,,,,,,,,,,,,,,,,,,,,,,,,,,,,,,,,,,,,,,,,,,,,,,,,,,,,,,,,,,,,,,,,,,,,,,,,,205.6410447000526,205.65453630010597,205.65453630010597,205.65453630010597,205.839838600019,None,,,,,,,,,,,,,,,,,,,P9615,MIC_Bar,7,1,2026-05-07_16h23.18.347,MIC_task,,2026.1.2,59.935473466347815,2026-05-07 16h23.20.101524 +0200,
,,2,0,2,,,,,,,7,a21,elefánt,elephant,1,animal,mammal,6.4,14,21,57,None,"(-0.1, 0.1)",None,,,,,,,,,,,0,0,0,0,0,8,8,8,2,0,2,0,205.85493510006927,,,,,,,,,,,,,,,,,,,,,,,,,,,,,,,,,,,,,,,,,,,,,,,,,,,,,,,,,,,,,,,,,,,,,,,,,,,,,,,,,,,,,,,,,,,,,,,,,,,,,,205.84279490006156,205.85493510006927,205.85493510006927,205.85493510006927,206.03868560004048,None,,,,,,,,,,,,,,,,,,,P9615,MIC_Bar,7,1,2026-05-07_16h23.18.347,MIC_task,,2026.1.2,59.935473466347815,2026-05-07 16h23.20.101524 +0200,
,,3,0,3,,,,,,,7,a21,elefánt,elephant,1,animal,mammal,6.4,14,21,57,None,"(-0.1, 0.1)",None,,,,,,,,,,,0,0,0,0,0,8,8,8,3,0,3,0,206.0552527999971,,,,,,,,,,,,,,,,,,,,,,,,,,,,,,,,,,,,,,,,,,,,,,,,,,,,,,,,,,,,,,,,,,,,,,,,,,,,,,,,,,,,,,,,,,,,,,,,,,,,,,206.04185579996556,206.0552527999971,206.0552527999971,206.0552527999971,206.2407152999658,None,,,,,,,,,,,,,,,,,,,P9615,MIC_Bar,7,1,2026-05-07_16h23.18.347,MIC_task,,2026.1.2,59.935473466347815,2026-05-07 16h23.20.101524 +0200,
,,4,0,4,,,,,,,7,a21,elefánt,elephant,1,animal,mammal,6.4,14,21,57,None,"(-0.1, 0.1)",None,,,,,,,,,,,0,0,0,0,0,8,8,8,4,0,4,0,206.255618999945,,,,,,,,,,,,,,,,,,,,,,,,,,,,,,,,,,,,,,,,,,,,,,,,,,,,,,,,,,,,,,,,,,,,,,,,,,,,,,,,,,,,,,,,,,,,,,,,,,,,,,206.2439236000646,206.255618999945,206.255618999945,206.255618999945,206.4408416999504,None,,,,,,,,,,,,,,,,,,,P9615,MIC_Bar,7,1,2026-05-07_16h23.18.347,MIC_task,,2026.1.2,59.935473466347815,2026-05-07 16h23.20.101524 +0200,
,,5,0,5,,,,,,,7,a21,elefánt,elephant,1,animal,mammal,6.4,14,21,57,None,"(-0.1, 0.1)",None,,,,,,,,,,,0,0,0,0,0,8,8,8,5,0,5,0,206.4559647999704,,,,,,,,,,,,,,,,,,,,,,,,,,,,,,,,,,,,,,,,,,,,,,,,,,,,,,,,,,,,,,,,,,,,,,,,,,,,,,,,,,,,,,,,,,,,,,,,,,,,,,206.44390060007572,206.4559647999704,206.4559647999704,206.4559647999704,206.64150170003995,None,,,,,,,,,,,,,,,,,,,P9615,MIC_Bar,7,1,2026-05-07_16h23.18.347,MIC_task,,2026.1.2,59.935473466347815,2026-05-07 16h23.20.101524 +0200,
,,6,0,6,,,,,,,7,a21,elefánt,elephant,1,animal,mammal,6.4,14,21,57,None,"(-0.1, 0.1)",None,,,,,,,,,,,0,0,0,0,0,8,8,8,6,0,6,0,206.65641850000247,,,,,,,,,,,,,,,,,,,,,,,,,,,,,,,,,,,,,,,,,,,,,,,,,,,,,,,,,,,,,,,,,,,,,,,,,,,,,,,,,,,,,,,,,,,,,,,,,,,,,,206.64464699989185,206.65641850000247,206.65641850000247,206.65641850000247,206.8418014999479,None,,,,,,,,,,,,,,,,,,,P9615,MIC_Bar,7,1,2026-05-07_16h23.18.347,MIC_task,,2026.1.2,59.935473466347815,2026-05-07 16h23.20.101524 +0200,
,,7,0,7,,,,,,,7,a21,elefánt,elephant,1,animal,mammal,6.4,14,21,57,None,"(-0.1, 0.1)",None,,,,,,,,,,,0,0,0,0,0,8,8,8,7,0,7,0,206.85678429994732,,,,,,,,,,,,,,,,,,,,,,,,,,,,,,,,,,,,,,,,,,,,,,,,,,,,,,,,,,,,,,,,,,,,,,,,,,,,,,,,,,,,,,,,,,,,,,,,,,,,,,206.84522700007074,206.85678429994732,206.85678429994732,206.85678429994732,207.04101780010387,None,,,,,,,,,,,,,,,,,,,P9615,MIC_Bar,7,1,2026-05-07_16h23.18.347,MIC_task,,2026.1.2,59.935473466347815,2026-05-07 16h23.20.101524 +0200,
,,8,0,8,,,,,,,7,a21,elefánt,elephant,1,animal,mammal,6.4,14,21,57,None,"(-0.1, 0.1)",None,,,,,,,,,,,0,0,0,0,0,8,8,8,8,0,8,0,207.05719899991527,,,,,,,,,,,,,,,,,,,,,,,,,,,,,,,,,,,,,,,,,,,,,,,,,,,,,,,,,,,,,,,,,,,,,,,,,,,,,,,,,,,,,,,,,,,,,,,,,,,,,,207.04407320008613,207.05719899991527,207.05719899991527,207.05719899991527,207.22539289994165,None,,,,,,,,,,,,,,,,,,,P9615,MIC_Bar,7,1,2026-05-07_16h23.18.347,MIC_task,,2026.1.2,59.935473466347815,2026-05-07 16h23.20.101524 +0200,
,,9,0,9,,,,,,,7,a21,elefánt,elephant,1,animal,mammal,6.4,14,21,57,None,"(-0.1, 0.1)",None,,,,,,,,,,,0,0,0,0,0,8,8,8,9,0,9,0,207.24074629996903,,,,,,,,,,,,,,,,,,,,,,,,,,,,,,,,,,,,,,,,,,,,,,,,,,,,,,,,,,,,,,,,,,,,,,,,,,,,,,,,,,,,,,,,,,,,,,,,,,,,,,207.22863220004365,207.24074629996903,207.24074629996903,207.24074629996903,207.42444170010276,None,,,,,,,,,,,,,,,,,,,P9615,MIC_Bar,7,1,2026-05-07_16h23.18.347,MIC_task,,2026.1.2,59.935473466347815,2026-05-07 16h23.20.101524 +0200,
,,10,0,10,,,,,,,7,a21,elefánt,elephant,1,animal,mammal,6.4,14,21,57,None,"(-0.1, 0.1)",None,,,,,,,,,,,0,0,0,0,0,8,8,8,10,0,10,0,207.44048819993623,,,,,,,,,,,,,,,,,,,,,,,,,,,,,,,,,,,,,,,,,,,,,,,,,,,,,,,,,,,,,,,,,,,,,,,,,,,,,,,,,,,,,,,,,,,,,,,,,,,,,,207.42772929999046,207.44048819993623,207.44048819993623,207.44048819993623,207.6248494000174,None,,,,,,,,,,,,,,,,,,,P9615,MIC_Bar,7,1,2026-05-07_16h23.18.347,MIC_task,,2026.1.2,59.935473466347815,2026-05-07 16h23.20.101524 +0200,
,,11,0,11,,,,,,,7,a21,elefánt,elephant,1,animal,mammal,6.4,14,21,57,None,"(-0.1, 0.1)",None,,,,,,,,,,,0,0,0,0,0,8,8,8,11,0,11,0,207.64067610003985,,,,,,,,,,,,,,,,,,,,,,,,,,,,,,,,,,,,,,,,,,,,,,,,,,,,,,,,,,,,,,,,,,,,,,,,,,,,,,,,,,,,,,,,,,,,,,,,,,,,,,207.62797740008682,207.64067610003985,207.64067610003985,207.64067610003985,207.82533690007403,None,,,,,,,,,,,,,,,,,,,P9615,MIC_Bar,7,1,2026-05-07_16h23.18.347,MIC_task,,2026.1.2,59.935473466347815,2026-05-07 16h23.20.101524 +0200,
,,12,0,12,,,,,,,7,a21,elefánt,elephant,1,animal,mammal,6.4,14,21,57,None,"(-0.1, 0.1)",None,,,,,,,,,,,0,0,0,0,0,8,8,8,12,0,12,0,207.84103220002726,,,,,,,,,,,,,,,,,,,,,,,,,,,,,,,,,,,,,,,,,,,,,,,,,,,,,,,,,,,,,,,,,,,,,,,,,,,,,,,,,,,,,,,,,,,,,,,,,,,,,,207.8285566000268,207.84103220002726,207.84103220002726,207.84103220002726,208.02560669998638,None,,,,,,,,,,,,,,,,,,,P9615,MIC_Bar,7,1,2026-05-07_16h23.18.347,MIC_task,,2026.1.2,59.935473466347815,2026-05-07 16h23.20.101524 +0200,
,,13,0,13,,,,,,,7,a21,elefánt,elephant,1,animal,mammal,6.4,14,21,57,None,"(-0.1, 0.1)",None,,,,,,,,,,,0,0,0,0,0,8,8,8,13,0,13,0,208.04140609991737,,,,,,,,,,,,,,,,,,,,,,,,,,,,,,,,,,,,,,,,,,,,,,,,,,,,,,,,,,,,,,,,,,,,,,,,,,,,,,,,,,,,,,,,,,,,,,,,,,,,,,208.02888930006884,208.04140609991737,208.04140609991737,208.04140609991737,208.22525119991042,None,,,,,,,,,,,,,,,,,,,P9615,MIC_Bar,7,1,2026-05-07_16h23.18.347,MIC_task,,2026.1.2,59.935473466347815,2026-05-07 16h23.20.101524 +0200,
,,14,0,14,,,,,,,7,a21,elefánt,elephant,1,animal,mammal,6.4,14,21,57,None,"(-0.1, 0.1)",None,,,,,,,,,,,0,0,0,0,0,8,8,8,14,0,14,0,208.24186519999057,,,,,,,,,,,,,,,,,,,,,,,,,,,,,,,,,,,,,,,,,,,,,,,,,,,,,,,,,,,,,,,,,,,,,,,,,,,,,,,,,,,,,,,,,,,,,,,,,,,,,,208.22832560003735,208.24186519999057,208.24186519999057,208.24186519999057,208.42562410002574,None,,,,,,,,,,,,,,,,,,,P9615,MIC_Bar,7,1,2026-05-07_16h23.18.347,MIC_task,,2026.1.2,59.935473466347815,2026-05-07 16h23.20.101524 +0200,
,,15,0,15,,,,,,,7,a21,elefánt,elephant,1,animal,mammal,6.4,14,21,57,None,"(-0.1, 0.1)",None,,,,,,,,,,,0,0,0,0,0,8,8,8,15,0,15,0,208.44221380003728,,,,,,,,,,,,,,,,,,,,,,,,,,,,,,,,,,,,,,,,,,,,,,,,,,,,,,,,,,,,,,,,,,,,,,,,,,,,,,,,,,,,,,,,,,,,,,,,,,,,,,208.42883219989017,208.44221380003728,208.44221380003728,208.44221380003728,208.62597210006788,None,,,,,,,,,,,,,,,,,,,P9615,MIC_Bar,7,1,2026-05-07_16h23.18.347,MIC_task,,2026.1.2,59.935473466347815,2026-05-07 16h23.20.101524 +0200,
,,16,0,16,,,,,,,7,a21,elefánt,elephant,1,animal,mammal,6.4,14,21,57,None,"(-0.1, 0.1)",None,,,,,,,,,,,0,0,0,0,0,8,8,8,16,0,16,0,208.64262890000828,,,,,,,,,,,,,,,,,,,,,,,,,,,,,,,,,,,,,,,,,,,,,,,,,,,,,,,,,,,,,,,,,,,,,,,,,,,,,,,,,,,,,,,,,,,,,,,,,,,,,,208.62926519988105,208.64262890000828,208.64262890000828,208.64262890000828,208.82636480010115,None,,,,,,,,,,,,,,,,,,,P9615,MIC_Bar,7,1,2026-05-07_16h23.18.347,MIC_task,,2026.1.2,59.935473466347815,2026-05-07 16h23.20.101524 +0200,
,,17,0,17,,,,,,,7,a21,elefánt,elephant,1,animal,mammal,6.4,14,21,57,None,"(-0.1, 0.1)",None,,,,,,,,,,,0,0,0,0,0,8,8,8,17,0,17,0,208.84295299998485,,,,,,,,,,,,,,,,,,,,,,,,,,,,,,,,,,,,,,,,,,,,,,,,,,,,,,,,,,,,,,,,,,,,,,,,,,,,,,,,,,,,,,,,,,,,,,,,,,,,,,208.82970199990086,208.84295299998485,208.84295299998485,208.84295299998485,209.0282127999235,None,,,,,,,,,,,,,,,,,,,P9615,MIC_Bar,7,1,2026-05-07_16h23.18.347,MIC_task,,2026.1.2,59.935473466347815,2026-05-07 16h23.20.101524 +0200,
,,18,0,18,,,,,,,7,a21,elefánt,elephant,1,animal,mammal,6.4,14,21,57,None,"(-0.1, 0.1)",None,,,,,,,,,,,0,0,0,0,0,8,8,8,18,0,18,0,209.04332070006058,,,,,,,,,,,,,,,,,,,,,,,,,,,,,,,,,,,,,,,,,,,,,,,,,,,,,,,,,,,,,,,,,,,,,,,,,,,,,,,,,,,,,,,,,,,,,,,,,,,,,,209.03129029995762,209.04332070006058,209.04332070006058,209.04332070006058,209.22709619998932,None,,,,,,,,,,,,,,,,,,,P9615,MIC_Bar,7,1,2026-05-07_16h23.18.347,MIC_task,,2026.1.2,59.935473466347815,2026-05-07 16h23.20.101524 +0200,
,,19,0,19,,,,,,,7,a21,elefánt,elephant,1,animal,mammal,6.4,14,21,57,None,"(-0.1, 0.1)",None,,,,,,,,,,,0,0,0,0,0,8,8,8,19,0,19,0,209.24376660003327,,,,,,,,,,,,,,,,,,,,,,,,,,,,,,,,,,,,,,,,,,,,,,,,,,,,,,,,,,,,,,,,,,,,,,,,,,,,,,,,,,,,,,,,,,,,,,,,,,,,,,209.23026859993115,209.24376660003327,209.24376660003327,209.24376660003327,209.42915640003048,None,,,,,,,,,,,,,,,,,,,P9615,MIC_Bar,7,1,2026-05-07_16h23.18.347,MIC_task,,2026.1.2,59.935473466347815,2026-05-07 16h23.20.101524 +0200,
,,20,0,20,,,,,,,7,a21,elefánt,elephant,1,animal,mammal,6.4,14,21,57,None,"(-0.1, 0.1)",space,0.12466329988092184,None,,,,,,,,,0,0,0,0,0,8,8,8,20,0,20,0,209.44397110003047,,,,,,,,,,,,,,,,,,,,,,,,,,,,,,,,,,,,,,,,,,,,,,,,,,,,,,,,,,,,,,,,,,,,,,,,,,,,,,,,,,,,,,,,,,,,,,,,,,,,,,209.432232900057,209.44397110003047,209.44397110003047,209.44397110003047,209.57861949992366,space,0.12466329988092184,None,,,,,,,,,,,,,,,,,P9615,MIC_Bar,7,1,2026-05-07_16h23.18.347,MIC_task,,2026.1.2,59.935473466347815,2026-05-07 16h23.20.101524 +0200,
,,8,8,0,,,,space,0.5827254999894649,None,7,a21,elefánt,elephant,1,animal,mammal,6.4,14,21,57,None,"(-0.1, 0.1)",,,,,,,,,,,,0,0,0,0,0,8,8,8,,,,,,,,,,,,,,,,,,,,,,,,,,,,,,,,,,,,,,,,,,,,,,,,,,,,,,,,,,,,,,,,,,,,,,,,,,,,,,,,,,,,,,,,,,209.64022699999623,209.64616369991563,209.64414156672237,211.581834099954,,,,,,213.58357929997146,213.60164469992742,213.60164469992742,214.18661649990827,,,,,,,,,,,,,211.60901809995994,211.6148244999349,211.61501383328192,213.50023599993438,213.58351749996655,space,0.5827254999894649,None,,,,,,,,,P9615,MIC_Bar,7,1,2026-05-07_16h23.18.347,MIC_task,,2026.1.2,59.935473466347815,2026-05-07 16h23.20.101524 +0200,
,,0,0,0,,,,,,,7,t01,fogkefe,toothbrush,8,tools,bathroom,6.8,17,None,51,None,"(0.1, 0)",None,,,,,,,,,,,0,0,0,0,0,9,9,9,0,0,0,0,214.20125639997423,,,,,,,,,,,,,,,,,,,,,,,,,,,,,,,,,,,,,,,,,,,,,,,,,,,,,,,,,,,,,,,,,,,,,,,,,,,,,,,,,,,,,,,,,,,,,,,,,,,,,,214.19004100002348,214.20125639997423,214.20125639997423,214.20125639997423,214.385507900035,None,,,,,,,,,,,214.40162750007585,214.40162750007585,214.40162750007585,,,,,,P9615,MIC_Bar,7,1,2026-05-07_16h23.18.347,MIC_task,,2026.1.2,59.935473466347815,2026-05-07 16h23.20.101524 +0200,
,,0,0,0,,,,,,,7,t01,fogkefe,toothbrush,8,tools,bathroom,6.8,17,None,51,None,"(0.1, 0)",None,,,,,,,,,,,0,0,0,0,0,9,9,9,0,0,0,0,214.40162750007585,,,,,,,,,,,,,,,,,,,,,,,,,,,,,,,,,,,,,,,,,,,,,,,,,,,,,,,,,,,,,,,,,,,,,,,,,,,,,,,,,,,,,,,,,,,,,,,,,,,,,,214.38860290008597,214.40162750007585,214.40162750007585,214.40162750007585,214.58722100011073,None,,,,,,,,,,,214.60181219992228,214.60181219992228,214.60181219992228,,,,,,P9615,MIC_Bar,7,1,2026-05-07_16h23.18.347,MIC_task,,2026.1.2,59.935473466347815,2026-05-07 16h23.20.101524 +0200,
,,1,0,1,,,,,,,7,t01,fogkefe,toothbrush,8,tools,bathroom,6.8,17,None,51,None,"(0.1, 0)",None,,,,,,,,,,,0,0,0,0,0,9,9,9,1,0,1,0,214.60181219992228,,,,,,,,,,,,,,,,,,,,,,,,,,,,,,,,,,,,,,,,,,,,,,,,,,,,,,,,,,,,,,,,,,,,,,,,,,,,,,,,,,,,,,,,,,,,,,,,,,,,,,214.590349300066,214.60181219992228,214.60181219992228,214.60181219992228,214.786361400038,None,,,,,,,,,,,214.8022193000652,214.8022193000652,214.8022193000652,,,,,,P9615,MIC_Bar,7,1,2026-05-07_16h23.18.347,MIC_task,,2026.1.2,59.935473466347815,2026-05-07 16h23.20.101524 +0200,
,,2,0,2,,,,,,,7,t01,fogkefe,toothbrush,8,tools,bathroom,6.8,17,None,51,None,"(0.1, 0)",None,,,,,,,,,,,0,0,0,0,0,9,9,9,2,0,2,0,214.8022193000652,,,,,,,,,,,,,,,,,,,,,,,,,,,,,,,,,,,,,,,,,,,,,,,,,,,,,,,,,,,,,,,,,,,,,,,,,,,,,,,,,,,,,,,,,,,,,,,,,,,,,,214.78927939990535,214.8022193000652,214.8022193000652,214.8022193000652,214.98772830003873,None,,,,,,,,,,,,,,,,,,,P9615,MIC_Bar,7,1,2026-05-07_16h23.18.347,MIC_task,,2026.1.2,59.935473466347815,2026-05-07 16h23.20.101524 +0200,
,,3,0,3,,,,,,,7,t01,fogkefe,toothbrush,8,tools,bathroom,6.8,17,None,51,None,"(0.1, 0)",None,,,,,,,,,,,0,0,0,0,0,9,9,9,3,0,3,0,215.00266789994203,,,,,,,,,,,,,,,,,,,,,,,,,,,,,,,,,,,,,,,,,,,,,,,,,,,,,,,,,,,,,,,,,,,,,,,,,,,,,,,,,,,,,,,,,,,,,,,,,,,,,,214.99067119997926,215.00266789994203,215.00266789994203,215.00266789994203,215.18711149995215,None,,,,,,,,,,,215.20223840000108,215.20223840000108,215.20223840000108,,,,,,P9615,MIC_Bar,7,1,2026-05-07_16h23.18.347,MIC_task,,2026.1.2,59.935473466347815,2026-05-07 16h23.20.101524 +0200,
,,4,0,4,,,,,,,7,t01,fogkefe,toothbrush,8,tools,bathroom,6.8,17,None,51,None,"(0.1, 0)",None,,,,,,,,,,,0,0,0,0,0,9,9,9,4,0,4,0,215.20223840000108,,,,,,,,,,,,,,,,,,,,,,,,,,,,,,,,,,,,,,,,,,,,,,,,,,,,,,,,,,,,,,,,,,,,,,,,,,,,,,,,,,,,,,,,,,,,,,,,,,,,,,215.1900287999306,215.20223840000108,215.20223840000108,215.20223840000108,215.38849919987842,None,,,,,,,,,,,,,,,,,,,P9615,MIC_Bar,7,1,2026-05-07_16h23.18.347,MIC_task,,2026.1.2,59.935473466347815,2026-05-07 16h23.20.101524 +0200,
,,5,0,5,,,,,,,7,t01,fogkefe,toothbrush,8,tools,bathroom,6.8,17,None,51,None,"(0.1, 0)",None,,,,,,,,,,,0,0,0,0,0,9,9,9,5,0,5,0,215.4026546999812,,,,,,,,,,,,,,,,,,,,,,,,,,,,,,,,,,,,,,,,,,,,,,,,,,,,,,,,,,,,,,,,,,,,,,,,,,,,,,,,,,,,,,,,,,,,,,,,,,,,,,215.39129679999314,215.4026546999812,215.4026546999812,215.4026546999812,215.5869573999662,None,,,,,,,,,,,215.60304430010729,215.60304430010729,215.60304430010729,,,,,,P9615,MIC_Bar,7,1,2026-05-07_16h23.18.347,MIC_task,,2026.1.2,59.935473466347815,2026-05-07 16h23.20.101524 +0200,
,,6,0,6,,,,,,,7,t01,fogkefe,toothbrush,8,tools,bathroom,6.8,17,None,51,None,"(0.1, 0)",None,,,,,,,,,,,0,0,0,0,0,9,9,9,6,0,6,0,215.60304430010729,,,,,,,,,,,,,,,,,,,,,,,,,,,,,,,,,,,,,,,,,,,,,,,,,,,,,,,,,,,,,,,,,,,,,,,,,,,,,,,,,,,,,,,,,,,,,,,,,,,,,,215.5898452999536,215.60304430010729,215.60304430010729,215.60304430010729,215.7870275999885,None,,,,,,,,,,,,,,,,,,,P9615,MIC_Bar,7,1,2026-05-07_16h23.18.347,MIC_task,,2026.1.2,59.935473466347815,2026-05-07 16h23.20.101524 +0200,
,,7,0,7,,,,,,,7,t01,fogkefe,toothbrush,8,tools,bathroom,6.8,17,None,51,None,"(0.1, 0)",None,,,,,,,,,,,0,0,0,0,0,9,9,9,7,0,7,0,215.8034548999276,,,,,,,,,,,,,,,,,,,,,,,,,,,,,,,,,,,,,,,,,,,,,,,,,,,,,,,,,,,,,,,,,,,,,,,,,,,,,,,,,,,,,,,,,,,,,,,,,,,,,,215.78992259991355,215.8034548999276,215.8034548999276,215.8034548999276,215.98728560004383,None,,,,,,,,,,,,,,,,,,,P9615,MIC_Bar,7,1,2026-05-07_16h23.18.347,MIC_task,,2026.1.2,59.935473466347815,2026-05-07 16h23.20.101524 +0200,
,,8,0,8,,,,,,,7,t01,fogkefe,toothbrush,8,tools,bathroom,6.8,17,None,51,None,"(0.1, 0)",None,,,,,,,,,,,0,0,0,0,0,9,9,9,8,0,8,0,216.00388309988193,,,,,,,,,,,,,,,,,,,,,,,,,,,,,,,,,,,,,,,,,,,,,,,,,,,,,,,,,,,,,,,,,,,,,,,,,,,,,,,,,,,,,,,,,,,,,,,,,,,,,,215.99029100011103,216.00388309988193,216.00388309988193,216.00388309988193,216.18766549997963,None,,,,,,,,,,,,,,,,,,,P9615,MIC_Bar,7,1,2026-05-07_16h23.18.347,MIC_task,,2026.1.2,59.935473466347815,2026-05-07 16h23.20.101524 +0200,
,,9,0,9,,,,,,,7,t01,fogkefe,toothbrush,8,tools,bathroom,6.8,17,None,51,None,"(0.1, 0)",None,,,,,,,,,,,0,0,0,0,0,9,9,9,9,0,9,0,216.20417720009573,,,,,,,,,,,,,,,,,,,,,,,,,,,,,,,,,,,,,,,,,,,,,,,,,,,,,,,,,,,,,,,,,,,,,,,,,,,,,,,,,,,,,,,,,,,,,,,,,,,,,,216.1905914999079,216.20417720009573,216.20417720009573,216.20417720009573,216.38943139999174,None,,,,,,,,,,,,,,,,,,,P9615,MIC_Bar,7,1,2026-05-07_16h23.18.347,MIC_task,,2026.1.2,59.935473466347815,2026-05-07 16h23.20.101524 +0200,
,,10,0,10,,,,,,,7,t01,fogkefe,toothbrush,8,tools,bathroom,6.8,17,None,51,None,"(0.1, 0)",None,,,,,,,,,,,0,0,0,0,0,9,9,9,10,0,10,0,216.40442040003836,,,,,,,,,,,,,,,,,,,,,,,,,,,,,,,,,,,,,,,,,,,,,,,,,,,,,,,,,,,,,,,,,,,,,,,,,,,,,,,,,,,,,,,,,,,,,,,,,,,,,,216.3922049999237,216.40442040003836,216.40442040003836,216.40442040003836,216.59009409998544,None,,,,,,,,,,,,,,,,,,,P9615,MIC_Bar,7,1,2026-05-07_16h23.18.347,MIC_task,,2026.1.2,59.935473466347815,2026-05-07 16h23.20.101524 +0200,
,,11,0,11,,,,,,,7,t01,fogkefe,toothbrush,8,tools,bathroom,6.8,17,None,51,None,"(0.1, 0)",None,,,,,,,,,,,0,0,0,0,0,9,9,9,11,0,11,0,216.60494829993695,,,,,,,,,,,,,,,,,,,,,,,,,,,,,,,,,,,,,,,,,,,,,,,,,,,,,,,,,,,,,,,,,,,,,,,,,,,,,,,,,,,,,,,,,,,,,,,,,,,,,,216.59300059988163,216.60494829993695,216.60494829993695,216.60494829993695,216.7886657998897,None,,,,,,,,,,,,,,,,,,,P9615,MIC_Bar,7,1,2026-05-07_16h23.18.347,MIC_task,,2026.1.2,59.935473466347815,2026-05-07 16h23.20.101524 +0200,
,,12,0,12,,,,,,,7,t01,fogkefe,toothbrush,8,tools,bathroom,6.8,17,None,51,None,"(0.1, 0)",None,,,,,,,,,,,0,0,0,0,0,9,9,9,12,0,12,0,216.8052769000642,,,,,,,,,,,,,,,,,,,,,,,,,,,,,,,,,,,,,,,,,,,,,,,,,,,,,,,,,,,,,,,,,,,,,,,,,,,,,,,,,,,,,,,,,,,,,,,,,,,,,,216.79148759995587,216.8052769000642,216.8052769000642,216.8052769000642,216.98961509997025,None,,,,,,,,,,,,,,,,,,,P9615,MIC_Bar,7,1,2026-05-07_16h23.18.347,MIC_task,,2026.1.2,59.935473466347815,2026-05-07 16h23.20.101524 +0200,
,,13,0,13,,,,,,,7,t01,fogkefe,toothbrush,8,tools,bathroom,6.8,17,None,51,None,"(0.1, 0)",None,,,,,,,,,,,0,0,0,0,0,9,9,9,13,0,13,0,217.00564089999534,,,,,,,,,,,,,,,,,,,,,,,,,,,,,,,,,,,,,,,,,,,,,,,,,,,,,,,,,,,,,,,,,,,,,,,,,,,,,,,,,,,,,,,,,,,,,,,,,,,,,,216.9926259999629,217.00564089999534,217.00564089999534,217.00564089999534,217.19004680006765,None,,,,,,,,,,,,,,,,,,,P9615,MIC_Bar,7,1,2026-05-07_16h23.18.347,MIC_task,,2026.1.2,59.935473466347815,2026-05-07 16h23.20.101524 +0200,
,,14,0,14,,,,,,,7,t01,fogkefe,toothbrush,8,tools,bathroom,6.8,17,None,51,None,"(0.1, 0)",None,,,,,,,,,,,0,0,0,0,0,9,9,9,14,0,14,0,217.2060930998996,,,,,,,,,,,,,,,,,,,,,,,,,,,,,,,,,,,,,,,,,,,,,,,,,,,,,,,,,,,,,,,,,,,,,,,,,,,,,,,,,,,,,,,,,,,,,,,,,,,,,,217.1929766999092,217.2060930998996,217.2060930998996,217.2060930998996,217.38982290006243,None,,,,,,,,,,,,,,,,,,,P9615,MIC_Bar,7,1,2026-05-07_16h23.18.347,MIC_task,,2026.1.2,59.935473466347815,2026-05-07 16h23.20.101524 +0200,
,,15,0,15,,,,,,,7,t01,fogkefe,toothbrush,8,tools,bathroom,6.8,17,None,51,None,"(0.1, 0)",None,,,,,,,,,,,0,0,0,0,0,9,9,9,15,0,15,0,217.40633479994722,,,,,,,,,,,,,,,,,,,,,,,,,,,,,,,,,,,,,,,,,,,,,,,,,,,,,,,,,,,,,,,,,,,,,,,,,,,,,,,,,,,,,,,,,,,,,,,,,,,,,,217.39260379993357,217.40633479994722,217.40633479994722,217.40633479994722,217.5908449999988,None,,,,,,,,,,,,,,,,,,,P9615,MIC_Bar,7,1,2026-05-07_16h23.18.347,MIC_task,,2026.1.2,59.935473466347815,2026-05-07 16h23.20.101524 +0200,
,,16,0,16,,,,,,,7,t01,fogkefe,toothbrush,8,tools,bathroom,6.8,17,None,51,None,"(0.1, 0)",None,,,,,,,,,,,0,0,0,0,0,9,9,9,16,0,16,0,217.60602149995975,,,,,,,,,,,,,,,,,,,,,,,,,,,,,,,,,,,,,,,,,,,,,,,,,,,,,,,,,,,,,,,,,,,,,,,,,,,,,,,,,,,,,,,,,,,,,,,,,,,,,,217.59381989995018,217.60602149995975,217.60602149995975,217.60602149995975,217.7912105000578,None,,,,,,,,,,,,,,,,,,,P9615,MIC_Bar,7,1,2026-05-07_16h23.18.347,MIC_task,,2026.1.2,59.935473466347815,2026-05-07 16h23.20.101524 +0200,
,,17,0,17,,,,,,,7,t01,fogkefe,toothbrush,8,tools,bathroom,6.8,17,None,51,None,"(0.1, 0)",None,,,,,,,,,,,0,0,0,0,0,9,9,9,17,0,17,0,217.8064043999184,,,,,,,,,,,,,,,,,,,,,,,,,,,,,,,,,,,,,,,,,,,,,,,,,,,,,,,,,,,,,,,,,,,,,,,,,,,,,,,,,,,,,,,,,,,,,,,,,,,,,,217.7941183000803,217.8064043999184,217.8064043999184,217.8064043999184,217.99170799995773,None,,,,,,,,,,,,,,,,,,,P9615,MIC_Bar,7,1,2026-05-07_16h23.18.347,MIC_task,,2026.1.2,59.935473466347815,2026-05-07 16h23.20.101524 +0200,
,,18,0,18,,,,,,,7,t01,fogkefe,toothbrush,8,tools,bathroom,6.8,17,None,51,None,"(0.1, 0)",None,,,,,,,,,,,0,0,0,0,0,9,9,9,18,0,18,0,218.0067195999436,,,,,,,,,,,,,,,,,,,,,,,,,,,,,,,,,,,,,,,,,,,,,,,,,,,,,,,,,,,,,,,,,,,,,,,,,,,,,,,,,,,,,,,,,,,,,,,,,,,,,,217.99432850000449,218.0067195999436,218.0067195999436,218.0067195999436,218.19062689994462,None,,,,,,,,,,,,,,,,,,,P9615,MIC_Bar,7,1,2026-05-07_16h23.18.347,MIC_task,,2026.1.2,59.935473466347815,2026-05-07 16h23.20.101524 +0200,
,,19,0,19,,,,,,,7,t01,fogkefe,toothbrush,8,tools,bathroom,6.8,17,None,51,None,"(0.1, 0)",None,,,,,,,,,,,0,0,0,0,0,9,9,9,19,0,19,0,218.20714489999227,,,,,,,,,,,,,,,,,,,,,,,,,,,,,,,,,,,,,,,,,,,,,,,,,,,,,,,,,,,,,,,,,,,,,,,,,,,,,,,,,,,,,,,,,,,,,,,,,,,,,,218.19344349997118,218.20714489999227,218.20714489999227,218.20714489999227,218.3909193999134,None,,,,,,,,,,,,,,,,,,,P9615,MIC_Bar,7,1,2026-05-07_16h23.18.347,MIC_task,,2026.1.2,59.935473466347815,2026-05-07 16h23.20.101524 +0200,
,,20,0,20,,,,,,,7,t01,fogkefe,toothbrush,8,tools,bathroom,6.8,17,None,51,None,"(0.1, 0)",None,,,,,,,,,,,0,0,0,0,0,9,9,9,20,0,20,0,218.40753369987942,,,,,,,,,,,,,,,,,,,,,,,,,,,,,,,,,,,,,,,,,,,,,,,,,,,,,,,,,,,,,,,,,,,,,,,,,,,,,,,,,,,,,,,,,,,,,,,,,,,,,,218.3938835998997,218.40753369987942,218.40753369987942,218.40753369987942,218.59290800010785,None,,,,,,,,,,,,,,,,,,,P9615,MIC_Bar,7,1,2026-05-07_16h23.18.347,MIC_task,,2026.1.2,59.935473466347815,2026-05-07 16h23.20.101524 +0200,
,,21,0,21,,,,,,,7,t01,fogkefe,toothbrush,8,tools,bathroom,6.8,17,None,51,None,"(0.1, 0)",None,,,,,,,,,,,0,0,0,0,0,9,9,9,21,0,21,0,218.60781250009313,,,,,,,,,,,,,,,,,,,,,,,,,,,,,,,,,,,,,,,,,,,,,,,,,,,,,,,,,,,,,,,,,,,,,,,,,,,,,,,,,,,,,,,,,,,,,,,,,,,,,,218.59559979988262,218.60781250009313,218.60781250009313,218.60781250009313,218.7931834999472,None,,,,,,,,,,,,,,,,,,,P9615,MIC_Bar,7,1,2026-05-07_16h23.18.347,MIC_task,,2026.1.2,59.935473466347815,2026-05-07 16h23.20.101524 +0200,
,,22,0,22,,,,,,,7,t01,fogkefe,toothbrush,8,tools,bathroom,6.8,17,None,51,None,"(0.1, 0)",None,,,,,,,,,,,0,0,0,0,0,9,9,9,22,0,22,0,218.8081648000516,,,,,,,,,,,,,,,,,,,,,,,,,,,,,,,,,,,,,,,,,,,,,,,,,,,,,,,,,,,,,,,,,,,,,,,,,,,,,,,,,,,,,,,,,,,,,,,,,,,,,,218.79589869990014,218.8081648000516,218.8081648000516,218.8081648000516,218.9921359999571,None,,,,,,,,,,,,,,,,,,,P9615,MIC_Bar,7,1,2026-05-07_16h23.18.347,MIC_task,,2026.1.2,59.935473466347815,2026-05-07 16h23.20.101524 +0200,
,,23,0,23,,,,,,,7,t01,fogkefe,toothbrush,8,tools,bathroom,6.8,17,None,51,None,"(0.1, 0)",None,,,,,,,,,,,0,0,0,0,0,9,9,9,23,0,23,0,219.00853929994628,,,,,,,,,,,,,,,,,,,,,,,,,,,,,,,,,,,,,,,,,,,,,,,,,,,,,,,,,,,,,,,,,,,,,,,,,,,,,,,,,,,,,,,,,,,,,,,,,,,,,,218.99503439990804,219.00853929994628,219.00853929994628,219.00853929994628,219.19254459999502,None,,,,,,,,,,,,,,,,,,,P9615,MIC_Bar,7,1,2026-05-07_16h23.18.347,MIC_task,,2026.1.2,59.935473466347815,2026-05-07 16h23.20.101524 +0200,
,,24,0,24,,,,,,,7,t01,fogkefe,toothbrush,8,tools,bathroom,6.8,17,None,51,None,"(0.1, 0)",None,,,,,,,,,,,0,0,0,0,0,9,9,9,24,0,24,0,219.20908869989216,,,,,,,,,,,,,,,,,,,,,,,,,,,,,,,,,,,,,,,,,,,,,,,,,,,,,,,,,,,,,,,,,,,,,,,,,,,,,,,,,,,,,,,,,,,,,,,,,,,,,,219.19549449998885,219.20908869989216,219.20908869989216,219.20908869989216,219.39277900010347,None,,,,,,,,,,,,,,,,,,,P9615,MIC_Bar,7,1,2026-05-07_16h23.18.347,MIC_task,,2026.1.2,59.935473466347815,2026-05-07 16h23.20.101524 +0200,
,,25,0,25,,,,,,,7,t01,fogkefe,toothbrush,8,tools,bathroom,6.8,17,None,51,None,"(0.1, 0)",None,,,,,,,,,,,0,0,0,0,0,9,9,9,25,0,25,0,219.4092695999425,,,,,,,,,,,,,,,,,,,,,,,,,,,,,,,,,,,,,,,,,,,,,,,,,,,,,,,,,,,,,,,,,,,,,,,,,,,,,,,,,,,,,,,,,,,,,,,,,,,,,,219.39559430000372,219.4092695999425,219.4092695999425,219.4092695999425,219.5939623999875,None,,,,,,,,,,,,,,,,,,,P9615,MIC_Bar,7,1,2026-05-07_16h23.18.347,MIC_task,,2026.1.2,59.935473466347815,2026-05-07 16h23.20.101524 +0200,
,,26,0,26,,,,,,,7,t01,fogkefe,toothbrush,8,tools,bathroom,6.8,17,None,51,None,"(0.1, 0)",None,,,,,,,,,,,0,0,0,0,0,9,9,9,26,0,26,0,219.60968380002305,,,,,,,,,,,,,,,,,,,,,,,,,,,,,,,,,,,,,,,,,,,,,,,,,,,,,,,,,,,,,,,,,,,,,,,,,,,,,,,,,,,,,,,,,,,,,,,,,,,,,,219.59716299991123,219.60968380002305,219.60968380002305,219.60968380002305,219.79352870001458,None,,,,,,,,,,,,,,,,,,,P9615,MIC_Bar,7,1,2026-05-07_16h23.18.347,MIC_task,,2026.1.2,59.935473466347815,2026-05-07 16h23.20.101524 +0200,
,,27,0,27,,,,,,,7,t01,fogkefe,toothbrush,8,tools,bathroom,6.8,17,None,51,None,"(0.1, 0)",None,,,,,,,,,,,0,0,0,0,0,9,9,9,27,0,27,0,219.80936429998837,,,,,,,,,,,,,,,,,,,,,,,,,,,,,,,,,,,,,,,,,,,,,,,,,,,,,,,,,,,,,,,,,,,,,,,,,,,,,,,,,,,,,,,,,,,,,,,,,,,,,,219.79642469994724,219.80936429998837,219.80936429998837,219.80936429998837,219.99304630002007,None,,,,,,,,,,,,,,,,,,,P9615,MIC_Bar,7,1,2026-05-07_16h23.18.347,MIC_task,,2026.1.2,59.935473466347815,2026-05-07 16h23.20.101524 +0200,
,,28,0,28,,,,,,,7,t01,fogkefe,toothbrush,8,tools,bathroom,6.8,17,None,51,None,"(0.1, 0)",space,0.006564300041645765,None,,,,,,,,,0,0,0,0,0,9,9,9,28,0,28,0,220.00977530004457,,,,,,,,,,,,,,,,,,,,,,,,,,,,,,,,,,,,,,,,,,,,,,,,,,,,,,,,,,,,,,,,,,,,,,,,,,,,,,,,,,,,,,,,,,,,,,,,,,,,,,219.99585269996896,220.00977530004457,220.00977530004457,220.00977530004457,220.02901039994322,space,0.006564300041645765,None,,,,,,,,,,,,,,,,,P9615,MIC_Bar,7,1,2026-05-07_16h23.18.347,MIC_task,,2026.1.2,59.935473466347815,2026-05-07 16h23.20.101524 +0200,
,,9,9,0,,,,space,1.2377826999872923,None,7,t01,fogkefe,toothbrush,8,tools,bathroom,6.8,17,None,51,None,"(0.1, 0)",,,,,,,,,,,,0,0,0,0,0,9,9,9,,,,,,,,,,,,,,,,,,,,,,,,,,,,,,,,,,,,,,,,,,,,,,,,,,,,,,,,,,,,,,,,,,,,,,,,,,,,,,,,,,,,,,,,,,220.0925423000008,220.0968973999843,220.09464756657061,222.0311314999126,,,,,,224.03269789996557,224.05070240003988,224.05070240003988,225.30402959999628,,,,,,,,,,,,,222.0564683000557,222.06130670011044,222.0643084332192,223.96623579994775,224.03263620007783,space,1.2377826999872923,None,,,,,,,,,P9615,MIC_Bar,7,1,2026-05-07_16h23.18.347,MIC_task,,2026.1.2,59.935473466347815,2026-05-07 16h23.20.101524 +0200,
,,0,0,0,,,,,,,7,p17,orvos,doctor,6,people,professions,7,843,None,104,None,"(0.1, -0.1)",None,,,,,,,,,,,0,0,0,0,0,10,10,10,0,0,0,0,225.3300594999455,,,,,,,,,,,,,,,,,,,,,,,,,,,,,,,,,,,,,,,,,,,,,,,,,,,,,,,,,,,,,,,,,,,,,,,,,,,,,,,,,,,,,,,,,,,,,,,,,,,,,,225.32446500007063,225.3300594999455,225.3300594999455,225.3300594999455,225.5182028999552,None,,,,,,,,,,,,,,,,,,,P9615,MIC_Bar,7,1,2026-05-07_16h23.18.347,MIC_task,,2026.1.2,59.935473466347815,2026-05-07 16h23.20.101524 +0200,
,,0,0,0,,,,,,,7,p17,orvos,doctor,6,people,professions,7,843,None,104,None,"(0.1, -0.1)",None,,,,,,,,,,,0,0,0,0,0,10,10,10,0,0,0,0,225.53495769994333,,,,,,,,,,,,,,,,,,,,,,,,,,,,,,,,,,,,,,,,,,,,,,,,,,,,,,,,,,,,,,,,,,,,,,,,,,,,,,,,,,,,,,,,,,,,,,,,,,,,,,225.52144989999942,225.53495769994333,225.53495769994333,225.53495769994333,225.72003920003772,None,,,,,,,,,,,,,,,,,,,P9615,MIC_Bar,7,1,2026-05-07_16h23.18.347,MIC_task,,2026.1.2,59.935473466347815,2026-05-07 16h23.20.101524 +0200,
,,1,0,1,,,,,,,7,p17,orvos,doctor,6,people,professions,7,843,None,104,None,"(0.1, -0.1)",None,,,,,,,,,,,0,0,0,0,0,10,10,10,1,0,1,0,225.73522659996524,,,,,,,,,,,,,,,,,,,,,,,,,,,,,,,,,,,,,,,,,,,,,,,,,,,,,,,,,,,,,,,,,,,,,,,,,,,,,,,,,,,,,,,,,,,,,,,,,,,,,,225.72325069992803,225.73522659996524,225.73522659996524,225.73522659996524,225.9190171000082,None,,,,,,,,,,,,,,,,,,,P9615,MIC_Bar,7,1,2026-05-07_16h23.18.347,MIC_task,,2026.1.2,59.935473466347815,2026-05-07 16h23.20.101524 +0200,
,,2,0,2,,,,,,,7,p17,orvos,doctor,6,people,professions,7,843,None,104,None,"(0.1, -0.1)",None,,,,,,,,,,,0,0,0,0,0,10,10,10,2,0,2,0,225.9355615999084,,,,,,,,,,,,,,,,,,,,,,,,,,,,,,,,,,,,,,,,,,,,,,,,,,,,,,,,,,,,,,,,,,,,,,,,,,,,,,,,,,,,,,,,,,,,,,,,,,,,,,225.92217350006104,225.9355615999084,225.9355615999084,225.9355615999084,226.1209640998859,None,,,,,,,,,,,,,,,,,,,P9615,MIC_Bar,7,1,2026-05-07_16h23.18.347,MIC_task,,2026.1.2,59.935473466347815,2026-05-07 16h23.20.101524 +0200,
,,3,0,3,,,,,,,7,p17,orvos,doctor,6,people,professions,7,843,None,104,None,"(0.1, -0.1)",None,,,,,,,,,,,0,0,0,0,0,10,10,10,3,0,3,0,226.13598340004683,,,,,,,,,,,,,,,,,,,,,,,,,,,,,,,,,,,,,,,,,,,,,,,,,,,,,,,,,,,,,,,,,,,,,,,,,,,,,,,,,,,,,,,,,,,,,,,,,,,,,,226.1239694999531,226.13598340004683,226.13598340004683,226.13598340004683,226.3197927000001,None,,,,,,,,,,,,,,,,,,,P9615,MIC_Bar,7,1,2026-05-07_16h23.18.347,MIC_task,,2026.1.2,59.935473466347815,2026-05-07 16h23.20.101524 +0200,
,,4,0,4,,,,,,,7,p17,orvos,doctor,6,people,professions,7,843,None,104,None,"(0.1, -0.1)",None,,,,,,,,,,,0,0,0,0,0,10,10,10,4,0,4,0,226.3362900998909,,,,,,,,,,,,,,,,,,,,,,,,,,,,,,,,,,,,,,,,,,,,,,,,,,,,,,,,,,,,,,,,,,,,,,,,,,,,,,,,,,,,,,,,,,,,,,,,,,,,,,226.32299269991927,226.3362900998909,226.3362900998909,226.3362900998909,226.5201417999342,None,,,,,,,,,,,,,,,,,,,P9615,MIC_Bar,7,1,2026-05-07_16h23.18.347,MIC_task,,2026.1.2,59.935473466347815,2026-05-07 16h23.20.101524 +0200,
,,5,0,5,,,,,,,7,p17,orvos,doctor,6,people,professions,7,843,None,104,None,"(0.1, -0.1)",None,,,,,,,,,,,0,0,0,0,0,10,10,10,5,0,5,0,226.53673409996554,,,,,,,,,,,,,,,,,,,,,,,,,,,,,,,,,,,,,,,,,,,,,,,,,,,,,,,,,,,,,,,,,,,,,,,,,,,,,,,,,,,,,,,,,,,,,,,,,,,,,,226.52333460003138,226.53673409996554,226.53673409996554,226.53673409996554,226.72229849989526,None,,,,,,,,,,,,,,,,,,,P9615,MIC_Bar,7,1,2026-05-07_16h23.18.347,MIC_task,,2026.1.2,59.935473466347815,2026-05-07 16h23.20.101524 +0200,
,,6,0,6,,,,,,,7,p17,orvos,doctor,6,people,professions,7,843,None,104,None,"(0.1, -0.1)",None,,,,,,,,,,,0,0,0,0,0,10,10,10,6,0,6,0,226.73705359990709,,,,,,,,,,,,,,,,,,,,,,,,,,,,,,,,,,,,,,,,,,,,,,,,,,,,,,,,,,,,,,,,,,,,,,,,,,,,,,,,,,,,,,,,,,,,,,,,,,,,,,226.72561309998855,226.73705359990709,226.73705359990709,226.73705359990709,226.92247089999728,None,,,,,,,,,,,,,,,,,,,P9615,MIC_Bar,7,1,2026-05-07_16h23.18.347,MIC_task,,2026.1.2,59.935473466347815,2026-05-07 16h23.20.101524 +0200,
,,7,0,7,,,,,,,7,p17,orvos,doctor,6,people,professions,7,843,None,104,None,"(0.1, -0.1)",None,,,,,,,,,,,0,0,0,0,0,10,10,10,7,0,7,0,226.93743759999052,,,,,,,,,,,,,,,,,,,,,,,,,,,,,,,,,,,,,,,,,,,,,,,,,,,,,,,,,,,,,,,,,,,,,,,,,,,,,,,,,,,,,,,,,,,,,,,,,,,,,,226.92543930001557,226.93743759999052,226.93743759999052,226.93743759999052,227.10452120006084,None,,,,,,,,,,,,,,,,,,,P9615,MIC_Bar,7,1,2026-05-07_16h23.18.347,MIC_task,,2026.1.2,59.935473466347815,2026-05-07 16h23.20.101524 +0200,
,,8,0,8,,,,,,,7,p17,orvos,doctor,6,people,professions,7,843,None,104,None,"(0.1, -0.1)",None,,,,,,,,,,,0,0,0,0,0,10,10,10,8,0,8,0,227.1209464999847,,,,,,,,,,,,,,,,,,,,,,,,,,,,,,,,,,,,,,,,,,,,,,,,,,,,,,,,,,,,,,,,,,,,,,,,,,,,,,,,,,,,,,,,,,,,,,,,,,,,,,227.1077608000487,227.1209464999847,227.1209464999847,227.1209464999847,227.30643219989724,None,,,,,,,,,,,,,,,,,,,P9615,MIC_Bar,7,1,2026-05-07_16h23.18.347,MIC_task,,2026.1.2,59.935473466347815,2026-05-07 16h23.20.101524 +0200,
,,9,0,9,,,,,,,7,p17,orvos,doctor,6,people,professions,7,843,None,104,None,"(0.1, -0.1)",None,,,,,,,,,,,0,0,0,0,0,10,10,10,9,0,9,0,227.321374299936,,,,,,,,,,,,,,,,,,,,,,,,,,,,,,,,,,,,,,,,,,,,,,,,,,,,,,,,,,,,,,,,,,,,,,,,,,,,,,,,,,,,,,,,,,,,,,,,,,,,,,227.30963629996404,227.321374299936,227.321374299936,227.321374299936,227.5052316999063,None,,,,,,,,,,,,,,,,,,,P9615,MIC_Bar,7,1,2026-05-07_16h23.18.347,MIC_task,,2026.1.2,59.935473466347815,2026-05-07 16h23.20.101524 +0200,
,,10,0,10,,,,,,,7,p17,orvos,doctor,6,people,professions,7,843,None,104,None,"(0.1, -0.1)",None,,,,,,,,,,,0,0,0,0,0,10,10,10,10,0,10,0,227.5209923000075,,,,,,,,,,,,,,,,,,,,,,,,,,,,,,,,,,,,,,,,,,,,,,,,,,,,,,,,,,,,,,,,,,,,,,,,,,,,,,,,,,,,,,,,,,,,,,,,,,,,,,227.50865729991347,227.5209923000075,227.5209923000075,227.5209923000075,227.70715230004862,None,,,,,,,,,,,,,,,,,,,P9615,MIC_Bar,7,1,2026-05-07_16h23.18.347,MIC_task,,2026.1.2,59.935473466347815,2026-05-07 16h23.20.101524 +0200,
,,11,0,11,,,,,,,7,p17,orvos,doctor,6,people,professions,7,843,None,104,None,"(0.1, -0.1)",None,,,,,,,,,,,0,0,0,0,0,10,10,10,11,0,11,0,227.72137710009702,,,,,,,,,,,,,,,,,,,,,,,,,,,,,,,,,,,,,,,,,,,,,,,,,,,,,,,,,,,,,,,,,,,,,,,,,,,,,,,,,,,,,,,,,,,,,,,,,,,,,,227.71045839996077,227.72137710009702,227.72137710009702,227.72137710009702,227.90557099995203,None,,,,,,,,,,,,,,,,,,,P9615,MIC_Bar,7,1,2026-05-07_16h23.18.347,MIC_task,,2026.1.2,59.935473466347815,2026-05-07 16h23.20.101524 +0200,
,,12,0,12,,,,,,,7,p17,orvos,doctor,6,people,professions,7,843,None,104,None,"(0.1, -0.1)",None,,,,,,,,,,,0,0,0,0,0,10,10,10,12,0,12,0,227.9217397000175,,,,,,,,,,,,,,,,,,,,,,,,,,,,,,,,,,,,,,,,,,,,,,,,,,,,,,,,,,,,,,,,,,,,,,,,,,,,,,,,,,,,,,,,,,,,,,,,,,,,,,227.9089005999267,227.9217397000175,227.9217397000175,227.9217397000175,228.10702900006436,None,,,,,,,,,,,,,,,,,,,P9615,MIC_Bar,7,1,2026-05-07_16h23.18.347,MIC_task,,2026.1.2,59.935473466347815,2026-05-07 16h23.20.101524 +0200,
,,13,0,13,,,,,,,7,p17,orvos,doctor,6,people,professions,7,843,None,104,None,"(0.1, -0.1)",None,,,,,,,,,,,0,0,0,0,0,10,10,10,13,0,13,0,228.1221906999126,,,,,,,,,,,,,,,,,,,,,,,,,,,,,,,,,,,,,,,,,,,,,,,,,,,,,,,,,,,,,,,,,,,,,,,,,,,,,,,,,,,,,,,,,,,,,,,,,,,,,,228.1101037999615,228.1221906999126,228.1221906999126,228.1221906999126,228.3059487999417,None,,,,,,,,,,,,,,,,,,,P9615,MIC_Bar,7,1,2026-05-07_16h23.18.347,MIC_task,,2026.1.2,59.935473466347815,2026-05-07 16h23.20.101524 +0200,
,,14,0,14,,,,,,,7,p17,orvos,doctor,6,people,professions,7,843,None,104,None,"(0.1, -0.1)",None,,,,,,,,,,,0,0,0,0,0,10,10,10,14,0,14,0,228.32254149997607,,,,,,,,,,,,,,,,,,,,,,,,,,,,,,,,,,,,,,,,,,,,,,,,,,,,,,,,,,,,,,,,,,,,,,,,,,,,,,,,,,,,,,,,,,,,,,,,,,,,,,228.3092388000805,228.32254149997607,228.32254149997607,228.32254149997607,228.507527400041,None,,,,,,,,,,,,,,,,,,,P9615,MIC_Bar,7,1,2026-05-07_16h23.18.347,MIC_task,,2026.1.2,59.935473466347815,2026-05-07 16h23.20.101524 +0200,
,,15,0,15,,,,,,,7,p17,orvos,doctor,6,people,professions,7,843,None,104,None,"(0.1, -0.1)",None,,,,,,,,,,,0,0,0,0,0,10,10,10,15,0,15,0,228.5228273998946,,,,,,,,,,,,,,,,,,,,,,,,,,,,,,,,,,,,,,,,,,,,,,,,,,,,,,,,,,,,,,,,,,,,,,,,,,,,,,,,,,,,,,,,,,,,,,,,,,,,,,228.51112350006588,228.5228273998946,228.5228273998946,228.5228273998946,228.7067287999671,None,,,,,,,,,,,,,,,,,,,P9615,MIC_Bar,7,1,2026-05-07_16h23.18.347,MIC_task,,2026.1.2,59.935473466347815,2026-05-07 16h23.20.101524 +0200,
,,16,0,16,,,,,,,7,p17,orvos,doctor,6,people,professions,7,843,None,104,None,"(0.1, -0.1)",None,,,,,,,,,,,0,0,0,0,0,10,10,10,16,0,16,0,228.72329879994504,,,,,,,,,,,,,,,,,,,,,,,,,,,,,,,,,,,,,,,,,,,,,,,,,,,,,,,,,,,,,,,,,,,,,,,,,,,,,,,,,,,,,,,,,,,,,,,,,,,,,,228.71048830007203,228.72329879994504,228.72329879994504,228.72329879994504,228.90867680008523,None,,,,,,,,,,,,,,,,,,,P9615,MIC_Bar,7,1,2026-05-07_16h23.18.347,MIC_task,,2026.1.2,59.935473466347815,2026-05-07 16h23.20.101524 +0200,
,,17,0,17,,,,,,,7,p17,orvos,doctor,6,people,professions,7,843,None,104,None,"(0.1, -0.1)",None,,,,,,,,,,,0,0,0,0,0,10,10,10,17,0,17,0,228.92369040008634,,,,,,,,,,,,,,,,,,,,,,,,,,,,,,,,,,,,,,,,,,,,,,,,,,,,,,,,,,,,,,,,,,,,,,,,,,,,,,,,,,,,,,,,,,,,,,,,,,,,,,228.91181889991276,228.92369040008634,228.92369040008634,228.92369040008634,229.10874669998884,None,,,,,,,,,,,,,,,,,,,P9615,MIC_Bar,7,1,2026-05-07_16h23.18.347,MIC_task,,2026.1.2,59.935473466347815,2026-05-07 16h23.20.101524 +0200,
,,18,0,18,,,,,,,7,p17,orvos,doctor,6,people,professions,7,843,None,104,None,"(0.1, -0.1)",None,,,,,,,,,,,0,0,0,0,0,10,10,10,18,0,18,0,229.1238967999816,,,,,,,,,,,,,,,,,,,,,,,,,,,,,,,,,,,,,,,,,,,,,,,,,,,,,,,,,,,,,,,,,,,,,,,,,,,,,,,,,,,,,,,,,,,,,,,,,,,,,,229.11176760005765,229.1238967999816,229.1238967999816,229.1238967999816,229.3092298998963,None,,,,,,,,,,,,,,,,,,,P9615,MIC_Bar,7,1,2026-05-07_16h23.18.347,MIC_task,,2026.1.2,59.935473466347815,2026-05-07 16h23.20.101524 +0200,
,,19,0,19,,,,,,,7,p17,orvos,doctor,6,people,professions,7,843,None,104,None,"(0.1, -0.1)",None,,,,,,,,,,,0,0,0,0,0,10,10,10,19,0,19,0,229.32436889992096,,,,,,,,,,,,,,,,,,,,,,,,,,,,,,,,,,,,,,,,,,,,,,,,,,,,,,,,,,,,,,,,,,,,,,,,,,,,,,,,,,,,,,,,,,,,,,,,,,,,,,229.3122020000592,229.32436889992096,229.32436889992096,229.32436889992096,229.5081319999881,None,,,,,,,,,,,,,,,,,,,P9615,MIC_Bar,7,1,2026-05-07_16h23.18.347,MIC_task,,2026.1.2,59.935473466347815,2026-05-07 16h23.20.101524 +0200,
,,20,0,20,,,,,,,7,p17,orvos,doctor,6,people,professions,7,843,None,104,None,"(0.1, -0.1)",None,,,,,,,,,,,0,0,0,0,0,10,10,10,20,0,20,0,229.5247323999647,,,,,,,,,,,,,,,,,,,,,,,,,,,,,,,,,,,,,,,,,,,,,,,,,,,,,,,,,,,,,,,,,,,,,,,,,,,,,,,,,,,,,,,,,,,,,,,,,,,,,,229.5115141000133,229.5247323999647,229.5247323999647,229.5247323999647,229.70982920005918,None,,,,,,,,,,,,,,,,,,,P9615,MIC_Bar,7,1,2026-05-07_16h23.18.347,MIC_task,,2026.1.2,59.935473466347815,2026-05-07 16h23.20.101524 +0200,
,,21,0,21,,,,,,,7,p17,orvos,doctor,6,people,professions,7,843,None,104,None,"(0.1, -0.1)",None,,,,,,,,,,,0,0,0,0,0,10,10,10,21,0,21,0,229.72503790003248,,,,,,,,,,,,,,,,,,,,,,,,,,,,,,,,,,,,,,,,,,,,,,,,,,,,,,,,,,,,,,,,,,,,,,,,,,,,,,,,,,,,,,,,,,,,,,,,,,,,,,229.71340960008092,229.72503790003248,229.72503790003248,229.72503790003248,229.9105243999511,None,,,,,,,,,,,,,,,,,,,P9615,MIC_Bar,7,1,2026-05-07_16h23.18.347,MIC_task,,2026.1.2,59.935473466347815,2026-05-07 16h23.20.101524 +0200,
,,22,0,22,,,,,,,7,p17,orvos,doctor,6,people,professions,7,843,None,104,None,"(0.1, -0.1)",None,,,,,,,,,,,0,0,0,0,0,10,10,10,22,0,22,0,229.9247566999402,,,,,,,,,,,,,,,,,,,,,,,,,,,,,,,,,,,,,,,,,,,,,,,,,,,,,,,,,,,,,,,,,,,,,,,,,,,,,,,,,,,,,,,,,,,,,,,,,,,,,,229.91358860000037,229.9247566999402,229.9247566999402,229.9247566999402,230.10881550004706,None,,,,,,,,,,,,,,,,,,,P9615,MIC_Bar,7,1,2026-05-07_16h23.18.347,MIC_task,,2026.1.2,59.935473466347815,2026-05-07 16h23.20.101524 +0200,
,,23,0,23,,,,,,,7,p17,orvos,doctor,6,people,professions,7,843,None,104,None,"(0.1, -0.1)",space,0.01180430012755096,None,,,,,,,,,0,0,0,0,0,10,10,10,23,0,23,0,230.12505370005965,,,,,,,,,,,,,,,,,,,,,,,,,,,,,,,,,,,,,,,,,,,,,,,,,,,,,,,,,,,,,,,,,,,,,,,,,,,,,,,,,,,,,,,,,,,,,,,,,,,,,,230.1118874999229,230.12505370005965,230.12505370005965,230.12505370005965,230.14435030007735,space,0.01180430012755096,None,,,,,,,,,,,,,,,,,P9615,MIC_Bar,7,1,2026-05-07_16h23.18.347,MIC_task,,2026.1.2,59.935473466347815,2026-05-07 16h23.20.101524 +0200,
,,10,10,0,,,,space,0.8047248001676053,None,7,p17,orvos,doctor,6,people,professions,7,843,None,104,None,"(0.1, -0.1)",,,,,,,,,,,,0,0,0,0,0,10,10,10,,,,,,,,,,,,,,,,,,,,,,,,,,,,,,,,,,,,,,,,,,,,,,,,,,,,,,,,,,,,,,,,,,,,,,,,,,,,,,,,,,,,,,,,,,230.210022599902,230.21413800003938,230.2266067332433,232.14633279992267,,,,,,234.14960619993508,234.16463049990125,234.16463049990125,234.98378759995103,,,,,,,,,,,,,232.17751020006835,232.18309019994922,232.17953423329942,234.06594639993273,234.1495429999195,space,0.8047248001676053,None,,,,,,,,,P9615,MIC_Bar,7,1,2026-05-07_16h23.18.347,MIC_task,,2026.1.2,59.935473466347815,2026-05-07 16h23.20.101524 +0200,
,,0,0,0,,,,,,,7,t26,gitár,guitar,8,tools,instrument,6.4,19,None,63,None,"(0.1, 0.1)",None,,,,,,,,,,,0,0,0,0,0,11,11,11,0,0,0,0,235.0087756998837,,,,,,,,,,,,,,,,,,,,,,,,,,,,,,,,,,,,,,,,,,,,,,,,,,,,,,,,,,,,,,,,,,,,,,,,,,,,,,,,,,,,,,,,,,,,,,,,,,,,,,235.00379609991796,235.0087756998837,235.0087756998837,235.0087756998837,235.1846626000479,None,,,,,,,,,,,,,,,,,,,P9615,MIC_Bar,7,1,2026-05-07_16h23.18.347,MIC_task,,2026.1.2,59.935473466347815,2026-05-07 16h23.20.101524 +0200,
,,0,0,0,,,,,,,7,t26,gitár,guitar,8,tools,instrument,6.4,19,None,63,None,"(0.1, 0.1)",None,,,,,,,,,,,0,0,0,0,0,11,11,11,0,0,0,0,235.1997785998974,,,,,,,,,,,,,,,,,,,,,,,,,,,,,,,,,,,,,,,,,,,,,,,,,,,,,,,,,,,,,,,,,,,,,,,,,,,,,,,,,,,,,,,,,,,,,,,,,,,,,,235.18795339995995,235.1997785998974,235.1997785998974,235.1997785998974,235.38438849989325,None,,,,,,,,,,,235.40021979995072,235.40021979995072,235.40021979995072,,,,,,P9615,MIC_Bar,7,1,2026-05-07_16h23.18.347,MIC_task,,2026.1.2,59.935473466347815,2026-05-07 16h23.20.101524 +0200,
,,1,0,1,,,,,,,7,t26,gitár,guitar,8,tools,instrument,6.4,19,None,63,None,"(0.1, 0.1)",None,,,,,,,,,,,0,0,0,0,0,11,11,11,1,0,1,0,235.40021979995072,,,,,,,,,,,,,,,,,,,,,,,,,,,,,,,,,,,,,,,,,,,,,,,,,,,,,,,,,,,,,,,,,,,,,,,,,,,,,,,,,,,,,,,,,,,,,,,,,,,,,,235.38741780002601,235.40021979995072,235.40021979995072,235.40021979995072,235.58563310001045,None,,,,,,,,,,,,,,,,,,,P9615,MIC_Bar,7,1,2026-05-07_16h23.18.347,MIC_task,,2026.1.2,59.935473466347815,2026-05-07 16h23.20.101524 +0200,
,,2,0,2,,,,,,,7,t26,gitár,guitar,8,tools,instrument,6.4,19,None,63,None,"(0.1, 0.1)",None,,,,,,,,,,,0,0,0,0,0,11,11,11,2,0,2,0,235.60068699996918,,,,,,,,,,,,,,,,,,,,,,,,,,,,,,,,,,,,,,,,,,,,,,,,,,,,,,,,,,,,,,,,,,,,,,,,,,,,,,,,,,,,,,,,,,,,,,,,,,,,,,235.58862859988585,235.60068699996918,235.60068699996918,235.60068699996918,235.78448699996807,None,,,,,,,,,,,,,,,,,,,P9615,MIC_Bar,7,1,2026-05-07_16h23.18.347,MIC_task,,2026.1.2,59.935473466347815,2026-05-07 16h23.20.101524 +0200,
,,3,0,3,,,,,,,7,t26,gitár,guitar,8,tools,instrument,6.4,19,None,63,None,"(0.1, 0.1)",None,,,,,,,,,,,0,0,0,0,0,11,11,11,3,0,3,0,235.80039640003815,,,,,,,,,,,,,,,,,,,,,,,,,,,,,,,,,,,,,,,,,,,,,,,,,,,,,,,,,,,,,,,,,,,,,,,,,,,,,,,,,,,,,,,,,,,,,,,,,,,,,,235.78866970003583,235.80039640003815,235.80039640003815,235.80039640003815,235.98480179999024,None,,,,,,,,,,,,,,,,,,,P9615,MIC_Bar,7,1,2026-05-07_16h23.18.347,MIC_task,,2026.1.2,59.935473466347815,2026-05-07 16h23.20.101524 +0200,
,,4,0,4,,,,,,,7,t26,gitár,guitar,8,tools,instrument,6.4,19,None,63,None,"(0.1, 0.1)",None,,,,,,,,,,,0,0,0,0,0,11,11,11,4,0,4,0,236.00075690005906,,,,,,,,,,,,,,,,,,,,,,,,,,,,,,,,,,,,,,,,,,,,,,,,,,,,,,,,,,,,,,,,,,,,,,,,,,,,,,,,,,,,,,,,,,,,,,,,,,,,,,235.98803750006482,236.00075690005906,236.00075690005906,236.00075690005906,236.185866399901,None,,,,,,,,,,,,,,,,,,,P9615,MIC_Bar,7,1,2026-05-07_16h23.18.347,MIC_task,,2026.1.2,59.935473466347815,2026-05-07 16h23.20.101524 +0200,
,,5,0,5,,,,,,,7,t26,gitár,guitar,8,tools,instrument,6.4,19,None,63,None,"(0.1, 0.1)",None,,,,,,,,,,,0,0,0,0,0,11,11,11,5,0,5,0,236.2011979999952,,,,,,,,,,,,,,,,,,,,,,,,,,,,,,,,,,,,,,,,,,,,,,,,,,,,,,,,,,,,,,,,,,,,,,,,,,,,,,,,,,,,,,,,,,,,,,,,,,,,,,236.1891371998936,236.2011979999952,236.2011979999952,236.2011979999952,236.38627070002258,None,,,,,,,,,,,,,,,,,,,P9615,MIC_Bar,7,1,2026-05-07_16h23.18.347,MIC_task,,2026.1.2,59.935473466347815,2026-05-07 16h23.20.101524 +0200,
,,6,0,6,,,,,,,7,t26,gitár,guitar,8,tools,instrument,6.4,19,None,63,None,"(0.1, 0.1)",None,,,,,,,,,,,0,0,0,0,0,11,11,11,6,0,6,0,236.4014095000457,,,,,,,,,,,,,,,,,,,,,,,,,,,,,,,,,,,,,,,,,,,,,,,,,,,,,,,,,,,,,,,,,,,,,,,,,,,,,,,,,,,,,,,,,,,,,,,,,,,,,,236.38926870003343,236.4014095000457,236.4014095000457,236.4014095000457,236.5869487999007,None,,,,,,,,,,,,,,,,,,,P9615,MIC_Bar,7,1,2026-05-07_16h23.18.347,MIC_task,,2026.1.2,59.935473466347815,2026-05-07 16h23.20.101524 +0200,
,,7,0,7,,,,,,,7,t26,gitár,guitar,8,tools,instrument,6.4,19,None,63,None,"(0.1, 0.1)",None,,,,,,,,,,,0,0,0,0,0,11,11,11,7,0,7,0,236.60194909991696,,,,,,,,,,,,,,,,,,,,,,,,,,,,,,,,,,,,,,,,,,,,,,,,,,,,,,,,,,,,,,,,,,,,,,,,,,,,,,,,,,,,,,,,,,,,,,,,,,,,,,236.59008860005997,236.60194909991696,236.60194909991696,236.60194909991696,236.78610050003044,None,,,,,,,,,,,,,,,,,,,P9615,MIC_Bar,7,1,2026-05-07_16h23.18.347,MIC_task,,2026.1.2,59.935473466347815,2026-05-07 16h23.20.101524 +0200,
,,8,0,8,,,,,,,7,t26,gitár,guitar,8,tools,instrument,6.4,19,None,63,None,"(0.1, 0.1)",None,,,,,,,,,,,0,0,0,0,0,11,11,11,8,0,8,0,236.80214899987914,,,,,,,,,,,,,,,,,,,,,,,,,,,,,,,,,,,,,,,,,,,,,,,,,,,,,,,,,,,,,,,,,,,,,,,,,,,,,,,,,,,,,,,,,,,,,,,,,,,,,,236.7890683999285,236.80214899987914,236.80214899987914,236.80214899987914,236.98597380006686,None,,,,,,,,,,,,,,,,,,,P9615,MIC_Bar,7,1,2026-05-07_16h23.18.347,MIC_task,,2026.1.2,59.935473466347815,2026-05-07 16h23.20.101524 +0200,
,,9,0,9,,,,,,,7,t26,gitár,guitar,8,tools,instrument,6.4,19,None,63,None,"(0.1, 0.1)",None,,,,,,,,,,,0,0,0,0,0,11,11,11,9,0,9,0,237.00255100009963,,,,,,,,,,,,,,,,,,,,,,,,,,,,,,,,,,,,,,,,,,,,,,,,,,,,,,,,,,,,,,,,,,,,,,,,,,,,,,,,,,,,,,,,,,,,,,,,,,,,,,236.98888539988548,237.00255100009963,237.00255100009963,237.00255100009963,237.18768150010146,None,,,,,,,,,,,,,,,,,,,P9615,MIC_Bar,7,1,2026-05-07_16h23.18.347,MIC_task,,2026.1.2,59.935473466347815,2026-05-07 16h23.20.101524 +0200,
,,10,0,10,,,,,,,7,t26,gitár,guitar,8,tools,instrument,6.4,19,None,63,None,"(0.1, 0.1)",None,,,,,,,,,,,0,0,0,0,0,11,11,11,10,0,10,0,237.20281339995563,,,,,,,,,,,,,,,,,,,,,,,,,,,,,,,,,,,,,,,,,,,,,,,,,,,,,,,,,,,,,,,,,,,,,,,,,,,,,,,,,,,,,,,,,,,,,,,,,,,,,,237.19073390006088,237.20281339995563,237.20281339995563,237.20281339995563,237.3868555999361,None,,,,,,,,,,,,,,,,,,,P9615,MIC_Bar,7,1,2026-05-07_16h23.18.347,MIC_task,,2026.1.2,59.935473466347815,2026-05-07 16h23.20.101524 +0200,
,,11,0,11,,,,,,,7,t26,gitár,guitar,8,tools,instrument,6.4,19,None,63,None,"(0.1, 0.1)",None,,,,,,,,,,,0,0,0,0,0,11,11,11,11,0,11,0,237.40331370010972,,,,,,,,,,,,,,,,,,,,,,,,,,,,,,,,,,,,,,,,,,,,,,,,,,,,,,,,,,,,,,,,,,,,,,,,,,,,,,,,,,,,,,,,,,,,,,,,,,,,,,237.38980909995735,237.40331370010972,237.40331370010972,237.40331370010972,237.58703589998186,None,,,,,,,,,,,,,,,,,,,P9615,MIC_Bar,7,1,2026-05-07_16h23.18.347,MIC_task,,2026.1.2,59.935473466347815,2026-05-07 16h23.20.101524 +0200,
,,12,0,12,,,,,,,7,t26,gitár,guitar,8,tools,instrument,6.4,19,None,63,None,"(0.1, 0.1)",None,,,,,,,,,,,0,0,0,0,0,11,11,11,12,0,12,0,237.60360200004652,,,,,,,,,,,,,,,,,,,,,,,,,,,,,,,,,,,,,,,,,,,,,,,,,,,,,,,,,,,,,,,,,,,,,,,,,,,,,,,,,,,,,,,,,,,,,,,,,,,,,,237.590155800106,237.60360200004652,237.60360200004652,237.60360200004652,237.78746860008687,None,,,,,,,,,,,,,,,,,,,P9615,MIC_Bar,7,1,2026-05-07_16h23.18.347,MIC_task,,2026.1.2,59.935473466347815,2026-05-07 16h23.20.101524 +0200,
,,13,0,13,,,,,,,7,t26,gitár,guitar,8,tools,instrument,6.4,19,None,63,None,"(0.1, 0.1)",None,,,,,,,,,,,0,0,0,0,0,11,11,11,13,0,13,0,237.8032464000862,,,,,,,,,,,,,,,,,,,,,,,,,,,,,,,,,,,,,,,,,,,,,,,,,,,,,,,,,,,,,,,,,,,,,,,,,,,,,,,,,,,,,,,,,,,,,,,,,,,,,,237.79106399999,237.8032464000862,237.8032464000862,237.8032464000862,237.98788999998942,None,,,,,,,,,,,,,,,,,,,P9615,MIC_Bar,7,1,2026-05-07_16h23.18.347,MIC_task,,2026.1.2,59.935473466347815,2026-05-07 16h23.20.101524 +0200,
,,14,0,14,,,,,,,7,t26,gitár,guitar,8,tools,instrument,6.4,19,None,63,None,"(0.1, 0.1)",None,,,,,,,,,,,0,0,0,0,0,11,11,11,14,0,14,0,238.0043351999484,,,,,,,,,,,,,,,,,,,,,,,,,,,,,,,,,,,,,,,,,,,,,,,,,,,,,,,,,,,,,,,,,,,,,,,,,,,,,,,,,,,,,,,,,,,,,,,,,,,,,,237.9911054999102,238.0043351999484,238.0043351999484,238.0043351999484,238.18899530009367,None,,,,,,,,,,,,,,,,,,,P9615,MIC_Bar,7,1,2026-05-07_16h23.18.347,MIC_task,,2026.1.2,59.935473466347815,2026-05-07 16h23.20.101524 +0200,
,,15,0,15,,,,,,,7,t26,gitár,guitar,8,tools,instrument,6.4,19,None,63,None,"(0.1, 0.1)",None,,,,,,,,,,,0,0,0,0,0,11,11,11,15,0,15,0,238.20401180000044,,,,,,,,,,,,,,,,,,,,,,,,,,,,,,,,,,,,,,,,,,,,,,,,,,,,,,,,,,,,,,,,,,,,,,,,,,,,,,,,,,,,,,,,,,,,,,,,,,,,,,238.191894199932,238.20401180000044,238.20401180000044,238.20401180000044,238.38773810002021,None,,,,,,,,,,,,,,,,,,,P9615,MIC_Bar,7,1,2026-05-07_16h23.18.347,MIC_task,,2026.1.2,59.935473466347815,2026-05-07 16h23.20.101524 +0200,
,,16,0,16,,,,,,,7,t26,gitár,guitar,8,tools,instrument,6.4,19,None,63,None,"(0.1, 0.1)",None,,,,,,,,,,,0,0,0,0,0,11,11,11,16,0,16,0,238.40442089992575,,,,,,,,,,,,,,,,,,,,,,,,,,,,,,,,,,,,,,,,,,,,,,,,,,,,,,,,,,,,,,,,,,,,,,,,,,,,,,,,,,,,,,,,,,,,,,,,,,,,,,238.39073950005695,238.40442089992575,238.40442089992575,238.40442089992575,238.58804029994644,None,,,,,,,,,,,,,,,,,,,P9615,MIC_Bar,7,1,2026-05-07_16h23.18.347,MIC_task,,2026.1.2,59.935473466347815,2026-05-07 16h23.20.101524 +0200,
,,17,0,17,,,,,,,7,t26,gitár,guitar,8,tools,instrument,6.4,19,None,63,None,"(0.1, 0.1)",None,,,,,,,,,,,0,0,0,0,0,11,11,11,17,0,17,0,238.60468379990198,,,,,,,,,,,,,,,,,,,,,,,,,,,,,,,,,,,,,,,,,,,,,,,,,,,,,,,,,,,,,,,,,,,,,,,,,,,,,,,,,,,,,,,,,,,,,,,,,,,,,,238.59126970008947,238.60468379990198,238.60468379990198,238.60468379990198,238.7885986000765,None,,,,,,,,,,,,,,,,,,,P9615,MIC_Bar,7,1,2026-05-07_16h23.18.347,MIC_task,,2026.1.2,59.935473466347815,2026-05-07 16h23.20.101524 +0200,
,,18,0,18,,,,,,,7,t26,gitár,guitar,8,tools,instrument,6.4,19,None,63,None,"(0.1, 0.1)",None,,,,,,,,,,,0,0,0,0,0,11,11,11,18,0,18,0,238.80512870009989,,,,,,,,,,,,,,,,,,,,,,,,,,,,,,,,,,,,,,,,,,,,,,,,,,,,,,,,,,,,,,,,,,,,,,,,,,,,,,,,,,,,,,,,,,,,,,,,,,,,,,238.79166250000708,238.80512870009989,238.80512870009989,238.80512870009989,238.98915589996614,None,,,,,,,,,,,,,,,,,,,P9615,MIC_Bar,7,1,2026-05-07_16h23.18.347,MIC_task,,2026.1.2,59.935473466347815,2026-05-07 16h23.20.101524 +0200,
,,19,0,19,,,,,,,7,t26,gitár,guitar,8,tools,instrument,6.4,19,None,63,None,"(0.1, 0.1)",None,,,,,,,,,,,0,0,0,0,0,11,11,11,19,0,19,0,239.0054788000416,,,,,,,,,,,,,,,,,,,,,,,,,,,,,,,,,,,,,,,,,,,,,,,,,,,,,,,,,,,,,,,,,,,,,,,,,,,,,,,,,,,,,,,,,,,,,,,,,,,,,,238.99496169993654,239.0054788000416,239.0054788000416,239.0054788000416,239.1893146999646,None,,,,,,,,,,,,,,,,,,,P9615,MIC_Bar,7,1,2026-05-07_16h23.18.347,MIC_task,,2026.1.2,59.935473466347815,2026-05-07 16h23.20.101524 +0200,
,,20,0,20,,,,,,,7,t26,gitár,guitar,8,tools,instrument,6.4,19,None,63,None,"(0.1, 0.1)",space,0.03605049988254905,None,,,,,,,,,0,0,0,0,0,11,11,11,20,0,20,0,239.20582860009745,,,,,,,,,,,,,,,,,,,,,,,,,,,,,,,,,,,,,,,,,,,,,,,,,,,,,,,,,,,,,,,,,,,,,,,,,,,,,,,,,,,,,,,,,,,,,,,,,,,,,,239.19257840001956,239.20582860009745,239.20582860009745,239.20582860009745,239.25853109988384,space,0.03605049988254905,None,,,,,,,,,,,,,,,,,P9615,MIC_Bar,7,1,2026-05-07_16h23.18.347,MIC_task,,2026.1.2,59.935473466347815,2026-05-07 16h23.20.101524 +0200,
,,11,11,0,,,,space,5.0027382001280785,None,7,t26,gitár,guitar,8,tools,instrument,6.4,19,None,63,None,"(0.1, 0.1)",,,,,,,,,,,,0,0,0,0,0,11,11,11,,,,,,,,,,,,,,,,,,,,,,,,,,,,,,,,,,,,,,,,,,,,,,,,,,,,,,,,,,,,,,,,,,,,,,,,,,,,,,,,,,,,,,,,,,239.3232148999814,239.327492200071,239.32414906659787,241.26082359999418,,,,,,243.26240739994682,243.27883199998178,243.27883199998178,248.28775970009156,,,,,,,,,,,,,241.28863990004174,241.29449709993787,241.29398123327024,243.17833709996194,243.26234419993125,space,5.0027382001280785,None,,,,,,,,,P9615,MIC_Bar,7,1,2026-05-07_16h23.18.347,MIC_task,,2026.1.2,59.935473466347815,2026-05-07 16h23.20.101524 +0200,
,,0,0,0,,,,,,,7,b13,agy,brain,2,bodypart,organ,5.6,337,None,69,None,"(0, 0)",None,,,,,,,,,,,0,0,0,0,0,12,12,12,0,0,0,0,248.31270550005138,,,,,,,,,,,,,,,,,,,,,,,,,,,,,,,,,,,,,,,,,,,,,,,,,,,,,,,,,,,,,,,,,,,,,,,,,,,,,,,,,,,,,,,,,,,,,,,,,,,,,,248.30763630010188,248.31270550005138,248.31270550005138,248.31270550005138,248.50467010005377,None,,,,,,,,,,,,,,,,,,,P9615,MIC_Bar,7,1,2026-05-07_16h23.18.347,MIC_task,,2026.1.2,59.935473466347815,2026-05-07 16h23.20.101524 +0200,
,,0,0,0,,,,,,,7,b13,agy,brain,2,bodypart,organ,5.6,337,None,69,None,"(0, 0)",None,,,,,,,,,,,0,0,0,0,0,12,12,12,0,0,0,0,248.51976089994423,,,,,,,,,,,,,,,,,,,,,,,,,,,,,,,,,,,,,,,,,,,,,,,,,,,,,,,,,,,,,,,,,,,,,,,,,,,,,,,,,,,,,,,,,,,,,,,,,,,,,,248.5077551000286,248.51976089994423,248.51976089994423,248.51976089994423,248.68891429994255,None,,,,,,,,,,,,,,,,,,,P9615,MIC_Bar,7,1,2026-05-07_16h23.18.347,MIC_task,,2026.1.2,59.935473466347815,2026-05-07 16h23.20.101524 +0200,
,,1,0,1,,,,,,,7,b13,agy,brain,2,bodypart,organ,5.6,337,None,69,None,"(0, 0)",None,,,,,,,,,,,0,0,0,0,0,12,12,12,1,0,1,0,248.7032778998837,,,,,,,,,,,,,,,,,,,,,,,,,,,,,,,,,,,,,,,,,,,,,,,,,,,,,,,,,,,,,,,,,,,,,,,,,,,,,,,,,,,,,,,,,,,,,,,,,,,,,,248.69241030002013,248.7032778998837,248.7032778998837,248.7032778998837,248.88792859995738,None,,,,,,,,,,,248.90374199999496,248.90374199999496,248.90374199999496,,,,,,P9615,MIC_Bar,7,1,2026-05-07_16h23.18.347,MIC_task,,2026.1.2,59.935473466347815,2026-05-07 16h23.20.101524 +0200,
,,2,0,2,,,,,,,7,b13,agy,brain,2,bodypart,organ,5.6,337,None,69,None,"(0, 0)",None,,,,,,,,,,,0,0,0,0,0,12,12,12,2,0,2,0,248.90374199999496,,,,,,,,,,,,,,,,,,,,,,,,,,,,,,,,,,,,,,,,,,,,,,,,,,,,,,,,,,,,,,,,,,,,,,,,,,,,,,,,,,,,,,,,,,,,,,,,,,,,,,248.89115729997866,248.90374199999496,248.90374199999496,248.90374199999496,249.0889532000292,None,,,,,,,,,,,,,,,,,,,P9615,MIC_Bar,7,1,2026-05-07_16h23.18.347,MIC_task,,2026.1.2,59.935473466347815,2026-05-07 16h23.20.101524 +0200,
,,3,0,3,,,,,,,7,b13,agy,brain,2,bodypart,organ,5.6,337,None,69,None,"(0, 0)",None,,,,,,,,,,,0,0,0,0,0,12,12,12,3,0,3,0,249.10418789996766,,,,,,,,,,,,,,,,,,,,,,,,,,,,,,,,,,,,,,,,,,,,,,,,,,,,,,,,,,,,,,,,,,,,,,,,,,,,,,,,,,,,,,,,,,,,,,,,,,,,,,249.09214499988593,249.10418789996766,249.10418789996766,249.10418789996766,249.28916059993207,None,,,,,,,,,,,,,,,,,,,P9615,MIC_Bar,7,1,2026-05-07_16h23.18.347,MIC_task,,2026.1.2,59.935473466347815,2026-05-07 16h23.20.101524 +0200,
,,4,0,4,,,,,,,7,b13,agy,brain,2,bodypart,organ,5.6,337,None,69,None,"(0, 0)",None,,,,,,,,,,,0,0,0,0,0,12,12,12,4,0,4,0,249.30448019993491,,,,,,,,,,,,,,,,,,,,,,,,,,,,,,,,,,,,,,,,,,,,,,,,,,,,,,,,,,,,,,,,,,,,,,,,,,,,,,,,,,,,,,,,,,,,,,,,,,,,,,249.29241389990784,249.30448019993491,249.30448019993491,249.30448019993491,249.48976209992543,None,,,,,,,,,,,,,,,,,,,P9615,MIC_Bar,7,1,2026-05-07_16h23.18.347,MIC_task,,2026.1.2,59.935473466347815,2026-05-07 16h23.20.101524 +0200,
,,5,0,5,,,,,,,7,b13,agy,brain,2,bodypart,organ,5.6,337,None,69,None,"(0, 0)",None,,,,,,,,,,,0,0,0,0,0,12,12,12,5,0,5,0,249.50489489990287,,,,,,,,,,,,,,,,,,,,,,,,,,,,,,,,,,,,,,,,,,,,,,,,,,,,,,,,,,,,,,,,,,,,,,,,,,,,,,,,,,,,,,,,,,,,,,,,,,,,,,249.4933392999228,249.50489489990287,249.50489489990287,249.50489489990287,249.68894120003097,None,,,,,,,,,,,,,,,,,,,P9615,MIC_Bar,7,1,2026-05-07_16h23.18.347,MIC_task,,2026.1.2,59.935473466347815,2026-05-07 16h23.20.101524 +0200,
,,6,0,6,,,,,,,7,b13,agy,brain,2,bodypart,organ,5.6,337,None,69,None,"(0, 0)",None,,,,,,,,,,,0,0,0,0,0,12,12,12,6,0,6,0,249.70520680001937,,,,,,,,,,,,,,,,,,,,,,,,,,,,,,,,,,,,,,,,,,,,,,,,,,,,,,,,,,,,,,,,,,,,,,,,,,,,,,,,,,,,,,,,,,,,,,,,,,,,,,249.6924145000521,249.70520680001937,249.70520680001937,249.70520680001937,249.88896150002256,None,,,,,,,,,,,,,,,,,,,P9615,MIC_Bar,7,1,2026-05-07_16h23.18.347,MIC_task,,2026.1.2,59.935473466347815,2026-05-07 16h23.20.101524 +0200,
,,7,0,7,,,,,,,7,b13,agy,brain,2,bodypart,organ,5.6,337,None,69,None,"(0, 0)",None,,,,,,,,,,,0,0,0,0,0,12,12,12,7,0,7,0,249.90559530002065,,,,,,,,,,,,,,,,,,,,,,,,,,,,,,,,,,,,,,,,,,,,,,,,,,,,,,,,,,,,,,,,,,,,,,,,,,,,,,,,,,,,,,,,,,,,,,,,,,,,,,249.8923480999656,249.90559530002065,249.90559530002065,249.90559530002065,250.09081079997122,None,,,,,,,,,,,,,,,,,,,P9615,MIC_Bar,7,1,2026-05-07_16h23.18.347,MIC_task,,2026.1.2,59.935473466347815,2026-05-07 16h23.20.101524 +0200,
,,8,0,8,,,,,,,7,b13,agy,brain,2,bodypart,organ,5.6,337,None,69,None,"(0, 0)",None,,,,,,,,,,,0,0,0,0,0,12,12,12,8,0,8,0,250.10598300001584,,,,,,,,,,,,,,,,,,,,,,,,,,,,,,,,,,,,,,,,,,,,,,,,,,,,,,,,,,,,,,,,,,,,,,,,,,,,,,,,,,,,,,,,,,,,,,,,,,,,,,250.0940632999409,250.10598300001584,250.10598300001584,250.10598300001584,250.29127770010382,None,,,,,,,,,,,,,,,,,,,P9615,MIC_Bar,7,1,2026-05-07_16h23.18.347,MIC_task,,2026.1.2,59.935473466347815,2026-05-07 16h23.20.101524 +0200,
,,9,0,9,,,,,,,7,b13,agy,brain,2,bodypart,organ,5.6,337,None,69,None,"(0, 0)",None,,,,,,,,,,,0,0,0,0,0,12,12,12,9,0,9,0,250.30636449996382,,,,,,,,,,,,,,,,,,,,,,,,,,,,,,,,,,,,,,,,,,,,,,,,,,,,,,,,,,,,,,,,,,,,,,,,,,,,,,,,,,,,,,,,,,,,,,,,,,,,,,250.29462560010143,250.30636449996382,250.30636449996382,250.30636449996382,250.48998329997994,None,,,,,,,,,,,,,,,,,,,P9615,MIC_Bar,7,1,2026-05-07_16h23.18.347,MIC_task,,2026.1.2,59.935473466347815,2026-05-07 16h23.20.101524 +0200,
,,10,0,10,,,,,,,7,b13,agy,brain,2,bodypart,organ,5.6,337,None,69,None,"(0, 0)",None,,,,,,,,,,,0,0,0,0,0,12,12,12,10,0,10,0,250.50674839993007,,,,,,,,,,,,,,,,,,,,,,,,,,,,,,,,,,,,,,,,,,,,,,,,,,,,,,,,,,,,,,,,,,,,,,,,,,,,,,,,,,,,,,,,,,,,,,,,,,,,,,250.49335939995944,250.50674839993007,250.50674839993007,250.50674839993007,250.69055439997464,None,,,,,,,,,,,,,,,,,,,P9615,MIC_Bar,7,1,2026-05-07_16h23.18.347,MIC_task,,2026.1.2,59.935473466347815,2026-05-07 16h23.20.101524 +0200,
,,11,0,11,,,,,,,7,b13,agy,brain,2,bodypart,organ,5.6,337,None,69,None,"(0, 0)",None,,,,,,,,,,,0,0,0,0,0,12,12,12,11,0,11,0,250.70708049996756,,,,,,,,,,,,,,,,,,,,,,,,,,,,,,,,,,,,,,,,,,,,,,,,,,,,,,,,,,,,,,,,,,,,,,,,,,,,,,,,,,,,,,,,,,,,,,,,,,,,,,250.69406559993513,250.70708049996756,250.70708049996756,250.70708049996756,250.89081089990214,None,,,,,,,,,,,,,,,,,,,P9615,MIC_Bar,7,1,2026-05-07_16h23.18.347,MIC_task,,2026.1.2,59.935473466347815,2026-05-07 16h23.20.101524 +0200,
,,12,0,12,,,,,,,7,b13,agy,brain,2,bodypart,organ,5.6,337,None,69,None,"(0, 0)",None,,,,,,,,,,,0,0,0,0,0,12,12,12,12,0,12,0,250.90665429993533,,,,,,,,,,,,,,,,,,,,,,,,,,,,,,,,,,,,,,,,,,,,,,,,,,,,,,,,,,,,,,,,,,,,,,,,,,,,,,,,,,,,,,,,,,,,,,,,,,,,,,250.894267299911,250.90665429993533,250.90665429993533,250.90665429993533,251.09195609996095,None,,,,,,,,,,,,,,,,,,,P9615,MIC_Bar,7,1,2026-05-07_16h23.18.347,MIC_task,,2026.1.2,59.935473466347815,2026-05-07 16h23.20.101524 +0200,
,,13,0,13,,,,,,,7,b13,agy,brain,2,bodypart,organ,5.6,337,None,69,None,"(0, 0)",None,,,,,,,,,,,0,0,0,0,0,12,12,12,13,0,13,0,251.1070250000339,,,,,,,,,,,,,,,,,,,,,,,,,,,,,,,,,,,,,,,,,,,,,,,,,,,,,,,,,,,,,,,,,,,,,,,,,,,,,,,,,,,,,,,,,,,,,,,,,,,,,,251.09556020004675,251.1070250000339,251.1070250000339,251.1070250000339,251.2922680999618,None,,,,,,,,,,,,,,,,,,,P9615,MIC_Bar,7,1,2026-05-07_16h23.18.347,MIC_task,,2026.1.2,59.935473466347815,2026-05-07 16h23.20.101524 +0200,
,,14,0,14,,,,,,,7,b13,agy,brain,2,bodypart,organ,5.6,337,None,69,None,"(0, 0)",None,,,,,,,,,,,0,0,0,0,0,12,12,12,14,0,14,0,251.30740580009297,,,,,,,,,,,,,,,,,,,,,,,,,,,,,,,,,,,,,,,,,,,,,,,,,,,,,,,,,,,,,,,,,,,,,,,,,,,,,,,,,,,,,,,,,,,,,,,,,,,,,,251.29554659989662,251.30740580009297,251.30740580009297,251.30740580009297,251.49362249998376,None,,,,,,,,,,,,,,,,,,,P9615,MIC_Bar,7,1,2026-05-07_16h23.18.347,MIC_task,,2026.1.2,59.935473466347815,2026-05-07 16h23.20.101524 +0200,
,,15,0,15,,,,,,,7,b13,agy,brain,2,bodypart,organ,5.6,337,None,69,None,"(0, 0)",None,,,,,,,,,,,0,0,0,0,0,12,12,12,15,0,15,0,251.5078376000747,,,,,,,,,,,,,,,,,,,,,,,,,,,,,,,,,,,,,,,,,,,,,,,,,,,,,,,,,,,,,,,,,,,,,,,,,,,,,,,,,,,,,,,,,,,,,,,,,,,,,,251.49697509990074,251.5078376000747,251.5078376000747,251.5078376000747,251.69167100009508,None,,,,,,,,,,,,,,,,,,,P9615,MIC_Bar,7,1,2026-05-07_16h23.18.347,MIC_task,,2026.1.2,59.935473466347815,2026-05-07 16h23.20.101524 +0200,
,,16,0,16,,,,,,,7,b13,agy,brain,2,bodypart,organ,5.6,337,None,69,None,"(0, 0)",None,,,,,,,,,,,0,0,0,0,0,12,12,12,16,0,16,0,251.70820260001346,,,,,,,,,,,,,,,,,,,,,,,,,,,,,,,,,,,,,,,,,,,,,,,,,,,,,,,,,,,,,,,,,,,,,,,,,,,,,,,,,,,,,,,,,,,,,,,,,,,,,,251.69483819999732,251.70820260001346,251.70820260001346,251.70820260001346,251.89354979991913,None,,,,,,,,,,,,,,,,,,,P9615,MIC_Bar,7,1,2026-05-07_16h23.18.347,MIC_task,,2026.1.2,59.935473466347815,2026-05-07 16h23.20.101524 +0200,
,,17,0,17,,,,,,,7,b13,agy,brain,2,bodypart,organ,5.6,337,None,69,None,"(0, 0)",None,,,,,,,,,,,0,0,0,0,0,12,12,12,17,0,17,0,251.90866019995883,,,,,,,,,,,,,,,,,,,,,,,,,,,,,,,,,,,,,,,,,,,,,,,,,,,,,,,,,,,,,,,,,,,,,,,,,,,,,,,,,,,,,,,,,,,,,,,,,,,,,,251.8968162999954,251.90866019995883,251.90866019995883,251.90866019995883,252.09232040005736,None,,,,,,,,,,,,,,,,,,,P9615,MIC_Bar,7,1,2026-05-07_16h23.18.347,MIC_task,,2026.1.2,59.935473466347815,2026-05-07 16h23.20.101524 +0200,
,,18,0,18,,,,,,,7,b13,agy,brain,2,bodypart,organ,5.6,337,None,69,None,"(0, 0)",None,,,,,,,,,,,0,0,0,0,0,12,12,12,18,0,18,0,252.10882529988885,,,,,,,,,,,,,,,,,,,,,,,,,,,,,,,,,,,,,,,,,,,,,,,,,,,,,,,,,,,,,,,,,,,,,,,,,,,,,,,,,,,,,,,,,,,,,,,,,,,,,,252.09565680008382,252.10882529988885,252.10882529988885,252.10882529988885,252.29274619999342,None,,,,,,,,,,,,,,,,,,,P9615,MIC_Bar,7,1,2026-05-07_16h23.18.347,MIC_task,,2026.1.2,59.935473466347815,2026-05-07 16h23.20.101524 +0200,
,,19,0,19,,,,,,,7,b13,agy,brain,2,bodypart,organ,5.6,337,None,69,None,"(0, 0)",None,,,,,,,,,,,0,0,0,0,0,12,12,12,19,0,19,0,252.309321800014,,,,,,,,,,,,,,,,,,,,,,,,,,,,,,,,,,,,,,,,,,,,,,,,,,,,,,,,,,,,,,,,,,,,,,,,,,,,,,,,,,,,,,,,,,,,,,,,,,,,,,252.296523099998,252.309321800014,252.309321800014,252.309321800014,252.49439559993334,None,,,,,,,,,,,,,,,,,,,P9615,MIC_Bar,7,1,2026-05-07_16h23.18.347,MIC_task,,2026.1.2,59.935473466347815,2026-05-07 16h23.20.101524 +0200,
,,20,0,20,,,,,,,7,b13,agy,brain,2,bodypart,organ,5.6,337,None,69,None,"(0, 0)",None,,,,,,,,,,,0,0,0,0,0,12,12,12,20,0,20,0,252.5096305999905,,,,,,,,,,,,,,,,,,,,,,,,,,,,,,,,,,,,,,,,,,,,,,,,,,,,,,,,,,,,,,,,,,,,,,,,,,,,,,,,,,,,,,,,,,,,,,,,,,,,,,252.49763790005818,252.5096305999905,252.5096305999905,252.5096305999905,252.69260949990712,None,,,,,,,,,,,,,,,,,,,P9615,MIC_Bar,7,1,2026-05-07_16h23.18.347,MIC_task,,2026.1.2,59.935473466347815,2026-05-07 16h23.20.101524 +0200,
,,21,0,21,,,,,,,7,b13,agy,brain,2,bodypart,organ,5.6,337,None,69,None,"(0, 0)",None,,,,,,,,,,,0,0,0,0,0,12,12,12,21,0,21,0,252.70928089995869,,,,,,,,,,,,,,,,,,,,,,,,,,,,,,,,,,,,,,,,,,,,,,,,,,,,,,,,,,,,,,,,,,,,,,,,,,,,,,,,,,,,,,,,,,,,,,,,,,,,,,252.69624709989876,252.70928089995869,252.70928089995869,252.70928089995869,252.8938380999025,None,,,,,,,,,,,,,,,,,,,P9615,MIC_Bar,7,1,2026-05-07_16h23.18.347,MIC_task,,2026.1.2,59.935473466347815,2026-05-07 16h23.20.101524 +0200,
,,22,0,22,,,,,,,7,b13,agy,brain,2,bodypart,organ,5.6,337,None,69,None,"(0, 0)",None,,,,,,,,,,,0,0,0,0,0,12,12,12,22,0,22,0,252.9104106000159,,,,,,,,,,,,,,,,,,,,,,,,,,,,,,,,,,,,,,,,,,,,,,,,,,,,,,,,,,,,,,,,,,,,,,,,,,,,,,,,,,,,,,,,,,,,,,,,,,,,,,252.89701359998435,252.9104106000159,252.9104106000159,252.9104106000159,253.09425360010937,None,,,,,,,,,,,,,,,,,,,P9615,MIC_Bar,7,1,2026-05-07_16h23.18.347,MIC_task,,2026.1.2,59.935473466347815,2026-05-07 16h23.20.101524 +0200,
,,23,0,23,,,,,,,7,b13,agy,brain,2,bodypart,organ,5.6,337,None,69,None,"(0, 0)",None,,,,,,,,,,,0,0,0,0,0,12,12,12,23,0,23,0,253.1099702999927,,,,,,,,,,,,,,,,,,,,,,,,,,,,,,,,,,,,,,,,,,,,,,,,,,,,,,,,,,,,,,,,,,,,,,,,,,,,,,,,,,,,,,,,,,,,,,,,,,,,,,253.09754089987837,253.1099702999927,253.1099702999927,253.1099702999927,253.29384490009397,None,,,,,,,,,,,,,,,,,,,P9615,MIC_Bar,7,1,2026-05-07_16h23.18.347,MIC_task,,2026.1.2,59.935473466347815,2026-05-07 16h23.20.101524 +0200,
,,24,0,24,,,,,,,7,b13,agy,brain,2,bodypart,organ,5.6,337,None,69,None,"(0, 0)",None,,,,,,,,,,,0,0,0,0,0,12,12,12,24,0,24,0,253.31043910002336,,,,,,,,,,,,,,,,,,,,,,,,,,,,,,,,,,,,,,,,,,,,,,,,,,,,,,,,,,,,,,,,,,,,,,,,,,,,,,,,,,,,,,,,,,,,,,,,,,,,,,253.29692839994095,253.31043910002336,253.31043910002336,253.31043910002336,253.49432040005922,None,,,,,,,,,,,,,,,,,,,P9615,MIC_Bar,7,1,2026-05-07_16h23.18.347,MIC_task,,2026.1.2,59.935473466347815,2026-05-07 16h23.20.101524 +0200,
,,25,0,25,,,,,,,7,b13,agy,brain,2,bodypart,organ,5.6,337,None,69,None,"(0, 0)",None,,,,,,,,,,,0,0,0,0,0,12,12,12,25,0,25,0,253.51087130000815,,,,,,,,,,,,,,,,,,,,,,,,,,,,,,,,,,,,,,,,,,,,,,,,,,,,,,,,,,,,,,,,,,,,,,,,,,,,,,,,,,,,,,,,,,,,,,,,,,,,,,253.49755980004556,253.51087130000815,253.51087130000815,253.51087130000815,253.69463300006464,None,,,,,,,,,,,,,,,,,,,P9615,MIC_Bar,7,1,2026-05-07_16h23.18.347,MIC_task,,2026.1.2,59.935473466347815,2026-05-07 16h23.20.101524 +0200,
,,26,0,26,,,,,,,7,b13,agy,brain,2,bodypart,organ,5.6,337,None,69,None,"(0, 0)",None,,,,,,,,,,,0,0,0,0,0,12,12,12,26,0,26,0,253.71113410010003,,,,,,,,,,,,,,,,,,,,,,,,,,,,,,,,,,,,,,,,,,,,,,,,,,,,,,,,,,,,,,,,,,,,,,,,,,,,,,,,,,,,,,,,,,,,,,,,,,,,,,253.6979668000713,253.71113410010003,253.71113410010003,253.71113410010003,253.89671240001917,None,,,,,,,,,,,,,,,,,,,P9615,MIC_Bar,7,1,2026-05-07_16h23.18.347,MIC_task,,2026.1.2,59.935473466347815,2026-05-07 16h23.20.101524 +0200,
,,27,0,27,,,,,,,7,b13,agy,brain,2,bodypart,organ,5.6,337,None,69,None,"(0, 0)",None,,,,,,,,,,,0,0,0,0,0,12,12,12,27,0,27,0,253.911530100042,,,,,,,,,,,,,,,,,,,,,,,,,,,,,,,,,,,,,,,,,,,,,,,,,,,,,,,,,,,,,,,,,,,,,,,,,,,,,,,,,,,,,,,,,,,,,,,,,,,,,,253.89993409998715,253.911530100042,253.911530100042,253.911530100042,254.0953025999479,None,,,,,,,,,,,,,,,,,,,P9615,MIC_Bar,7,1,2026-05-07_16h23.18.347,MIC_task,,2026.1.2,59.935473466347815,2026-05-07 16h23.20.101524 +0200,
,,28,0,28,,,,,,,7,b13,agy,brain,2,bodypart,organ,5.6,337,None,69,None,"(0, 0)",None,,,,,,,,,,,0,0,0,0,0,12,12,12,28,0,28,0,254.1119333000388,,,,,,,,,,,,,,,,,,,,,,,,,,,,,,,,,,,,,,,,,,,,,,,,,,,,,,,,,,,,,,,,,,,,,,,,,,,,,,,,,,,,,,,,,,,,,,,,,,,,,,254.09871489997022,254.1119333000388,254.1119333000388,254.1119333000388,254.2961116998922,None,,,,,,,,,,,,,,,,,,,P9615,MIC_Bar,7,1,2026-05-07_16h23.18.347,MIC_task,,2026.1.2,59.935473466347815,2026-05-07 16h23.20.101524 +0200,
,,29,0,29,,,,,,,7,b13,agy,brain,2,bodypart,organ,5.6,337,None,69,None,"(0, 0)",None,,,,,,,,,,,0,0,0,0,0,12,12,12,29,0,29,0,254.3123405999504,,,,,,,,,,,,,,,,,,,,,,,,,,,,,,,,,,,,,,,,,,,,,,,,,,,,,,,,,,,,,,,,,,,,,,,,,,,,,,,,,,,,,,,,,,,,,,,,,,,,,,254.29925439995714,254.3123405999504,254.3123405999504,254.3123405999504,254.4960704999976,None,,,,,,,,,,,,,,,,,,,P9615,MIC_Bar,7,1,2026-05-07_16h23.18.347,MIC_task,,2026.1.2,59.935473466347815,2026-05-07 16h23.20.101524 +0200,
,,30,0,30,,,,,,,7,b13,agy,brain,2,bodypart,organ,5.6,337,None,69,None,"(0, 0)",None,,,,,,,,,,,0,0,0,0,0,12,12,12,30,0,30,0,254.51246739993803,,,,,,,,,,,,,,,,,,,,,,,,,,,,,,,,,,,,,,,,,,,,,,,,,,,,,,,,,,,,,,,,,,,,,,,,,,,,,,,,,,,,,,,,,,,,,,,,,,,,,,254.49951820005663,254.51246739993803,254.51246739993803,254.51246739993803,254.69639470009133,None,,,,,,,,,,,,,,,,,,,P9615,MIC_Bar,7,1,2026-05-07_16h23.18.347,MIC_task,,2026.1.2,59.935473466347815,2026-05-07 16h23.20.101524 +0200,
,,31,0,31,,,,,,,7,b13,agy,brain,2,bodypart,organ,5.6,337,None,69,None,"(0, 0)",None,,,,,,,,,,,0,0,0,0,0,12,12,12,31,0,31,0,254.7129587000236,,,,,,,,,,,,,,,,,,,,,,,,,,,,,,,,,,,,,,,,,,,,,,,,,,,,,,,,,,,,,,,,,,,,,,,,,,,,,,,,,,,,,,,,,,,,,,,,,,,,,,254.69962229998782,254.7129587000236,254.7129587000236,254.7129587000236,254.89674549992196,None,,,,,,,,,,,,,,,,,,,P9615,MIC_Bar,7,1,2026-05-07_16h23.18.347,MIC_task,,2026.1.2,59.935473466347815,2026-05-07 16h23.20.101524 +0200,
,,32,0,32,,,,,,,7,b13,agy,brain,2,bodypart,organ,5.6,337,None,69,None,"(0, 0)",space,None,None,,,,,,,,,0,0,0,0,0,12,12,12,32,0,32,0,254.9133369999472,,,,,,,,,,,,,,,,,,,,,,,,,,,,,,,,,,,,,,,,,,,,,,,,,,,,,,,,,,,,,,,,,,,,,,,,,,,,,,,,,,,,,,,,,,,,,,,,,,,,,,254.8999352999963,254.9133369999472,254.9133369999472,254.9133369999472,255.01564770005643,space,None,None,,,,,,,,,,,,,,,,,P9615,MIC_Bar,7,1,2026-05-07_16h23.18.347,MIC_task,,2026.1.2,59.935473466347815,2026-05-07 16h23.20.101524 +0200,
,,12,12,0,,,,space,0.04575080005452037,None,7,b13,agy,brain,2,bodypart,organ,5.6,337,None,69,None,"(0, 0)",,,,,,,,,,,,0,0,0,0,0,12,12,12,,,,,,,,,,,,,,,,,,,,,,,,,,,,,,,,,,,,,,,,,,,,,,,,,,,,,,,,,,,,,,,,,,,,,,,,,,,,,,,,,,,,,,,,,,255.08140320004895,255.0852326999884,255.0978317333696,257.01630789996125,,,,,,259.0199732000474,259.0358959999867,259.0358959999867,259.08875490003265,,,,,,,,,,,,,257.04855090007186,257.0528325000778,257.04948103323886,258.9534801999107,259.0199184000958,space,0.04575080005452037,None,,,,,,,,,P9615,MIC_Bar,7,1,2026-05-07_16h23.18.347,MIC_task,,2026.1.2,59.935473466347815,2026-05-07 16h23.20.101524 +0200,
,,0,0,0,,,,,,,7,c19,kalap,hat,3,clothes,headwear,6.8,10,29,None,None,"(0.1, 0.1)",None,,,,,,,,,,,0,0,0,0,0,13,13,13,0,0,0,0,259.1027641000692,,,,,,,,,,,,,,,,,,,,,,,,,,,,,,,,,,,,,,,,,,,,,,,,,,,,,,,,,,,,,,,,,,,,,,,,,,,,,,,,,,,,,,,,,,,,,,,,,,,,,,259.09203159995377,259.1027641000692,259.1027641000692,259.1027641000692,259.2873148000799,None,,,,,,,,,,,259.3031391000841,259.3031391000841,259.3031391000841,,,,,,P9615,MIC_Bar,7,1,2026-05-07_16h23.18.347,MIC_task,,2026.1.2,59.935473466347815,2026-05-07 16h23.20.101524 +0200,
,,0,0,0,,,,,,,7,c19,kalap,hat,3,clothes,headwear,6.8,10,29,None,None,"(0.1, 0.1)",None,,,,,,,,,,,0,0,0,0,0,13,13,13,0,0,0,0,259.3031391000841,,,,,,,,,,,,,,,,,,,,,,,,,,,,,,,,,,,,,,,,,,,,,,,,,,,,,,,,,,,,,,,,,,,,,,,,,,,,,,,,,,,,,,,,,,,,,,,,,,,,,,259.29020670009777,259.3031391000841,259.3031391000841,259.3031391000841,259.4890840998851,None,,,,,,,,,,,259.5035780000035,259.5035780000035,259.5035780000035,,,,,,P9615,MIC_Bar,7,1,2026-05-07_16h23.18.347,MIC_task,,2026.1.2,59.935473466347815,2026-05-07 16h23.20.101524 +0200,
,,1,0,1,,,,,,,7,c19,kalap,hat,3,clothes,headwear,6.8,10,29,None,None,"(0.1, 0.1)",None,,,,,,,,,,,0,0,0,0,0,13,13,13,1,0,1,0,259.5035780000035,,,,,,,,,,,,,,,,,,,,,,,,,,,,,,,,,,,,,,,,,,,,,,,,,,,,,,,,,,,,,,,,,,,,,,,,,,,,,,,,,,,,,,,,,,,,,,,,,,,,,,259.49177110008895,259.5035780000035,259.5035780000035,259.5035780000035,259.68793220003136,None,,,,,,,,,,,259.7039336001035,259.7039336001035,259.7039336001035,,,,,,P9615,MIC_Bar,7,1,2026-05-07_16h23.18.347,MIC_task,,2026.1.2,59.935473466347815,2026-05-07 16h23.20.101524 +0200,
,,2,0,2,,,,,,,7,c19,kalap,hat,3,clothes,headwear,6.8,10,29,None,None,"(0.1, 0.1)",None,,,,,,,,,,,0,0,0,0,0,13,13,13,2,0,2,0,259.7039336001035,,,,,,,,,,,,,,,,,,,,,,,,,,,,,,,,,,,,,,,,,,,,,,,,,,,,,,,,,,,,,,,,,,,,,,,,,,,,,,,,,,,,,,,,,,,,,,,,,,,,,,259.6909666999709,259.7039336001035,259.7039336001035,259.7039336001035,259.88913380005397,None,,,,,,,,,,,259.9043904999271,259.9043904999271,259.9043904999271,,,,,,P9615,MIC_Bar,7,1,2026-05-07_16h23.18.347,MIC_task,,2026.1.2,59.935473466347815,2026-05-07 16h23.20.101524 +0200,
,,3,0,3,,,,,,,7,c19,kalap,hat,3,clothes,headwear,6.8,10,29,None,None,"(0.1, 0.1)",None,,,,,,,,,,,0,0,0,0,0,13,13,13,3,0,3,0,259.9043904999271,,,,,,,,,,,,,,,,,,,,,,,,,,,,,,,,,,,,,,,,,,,,,,,,,,,,,,,,,,,,,,,,,,,,,,,,,,,,,,,,,,,,,,,,,,,,,,,,,,,,,,259.89171539992094,259.9043904999271,259.9043904999271,259.9043904999271,260.0879699999932,None,,,,,,,,,,,260.10401490004733,260.10401490004733,260.10401490004733,,,,,,P9615,MIC_Bar,7,1,2026-05-07_16h23.18.347,MIC_task,,2026.1.2,59.935473466347815,2026-05-07 16h23.20.101524 +0200,
,,4,0,4,,,,,,,7,c19,kalap,hat,3,clothes,headwear,6.8,10,29,None,None,"(0.1, 0.1)",None,,,,,,,,,,,0,0,0,0,0,13,13,13,4,0,4,0,260.10401490004733,,,,,,,,,,,,,,,,,,,,,,,,,,,,,,,,,,,,,,,,,,,,,,,,,,,,,,,,,,,,,,,,,,,,,,,,,,,,,,,,,,,,,,,,,,,,,,,,,,,,,,260.0907918000594,260.10401490004733,260.10401490004733,260.10401490004733,260.28836430003867,None,,,,,,,,,,,260.30436270008795,260.30436270008795,260.30436270008795,,,,,,P9615,MIC_Bar,7,1,2026-05-07_16h23.18.347,MIC_task,,2026.1.2,59.935473466347815,2026-05-07 16h23.20.101524 +0200,
,,5,0,5,,,,,,,7,c19,kalap,hat,3,clothes,headwear,6.8,10,29,None,None,"(0.1, 0.1)",None,,,,,,,,,,,0,0,0,0,0,13,13,13,5,0,5,0,260.30436270008795,,,,,,,,,,,,,,,,,,,,,,,,,,,,,,,,,,,,,,,,,,,,,,,,,,,,,,,,,,,,,,,,,,,,,,,,,,,,,,,,,,,,,,,,,,,,,,,,,,,,,,260.29135080007836,260.30436270008795,260.30436270008795,260.30436270008795,260.48866300005466,None,,,,,,,,,,,260.50480229989626,260.50480229989626,260.50480229989626,,,,,,P9615,MIC_Bar,7,1,2026-05-07_16h23.18.347,MIC_task,,2026.1.2,59.935473466347815,2026-05-07 16h23.20.101524 +0200,
,,6,0,6,,,,,,,7,c19,kalap,hat,3,clothes,headwear,6.8,10,29,None,None,"(0.1, 0.1)",None,,,,,,,,,,,0,0,0,0,0,13,13,13,6,0,6,0,260.50480229989626,,,,,,,,,,,,,,,,,,,,,,,,,,,,,,,,,,,,,,,,,,,,,,,,,,,,,,,,,,,,,,,,,,,,,,,,,,,,,,,,,,,,,,,,,,,,,,,,,,,,,,260.49142049998045,260.50480229989626,260.50480229989626,260.50480229989626,260.6891457999591,None,,,,,,,,,,,260.70516539993696,260.70516539993696,260.70516539993696,,,,,,P9615,MIC_Bar,7,1,2026-05-07_16h23.18.347,MIC_task,,2026.1.2,59.935473466347815,2026-05-07 16h23.20.101524 +0200,
,,7,0,7,,,,,,,7,c19,kalap,hat,3,clothes,headwear,6.8,10,29,None,None,"(0.1, 0.1)",None,,,,,,,,,,,0,0,0,0,0,13,13,13,7,0,7,0,260.70516539993696,,,,,,,,,,,,,,,,,,,,,,,,,,,,,,,,,,,,,,,,,,,,,,,,,,,,,,,,,,,,,,,,,,,,,,,,,,,,,,,,,,,,,,,,,,,,,,,,,,,,,,260.69200280006044,260.70516539993696,260.70516539993696,260.70516539993696,260.8905728000682,None,,,,,,,,,,,,,,,,,,,P9615,MIC_Bar,7,1,2026-05-07_16h23.18.347,MIC_task,,2026.1.2,59.935473466347815,2026-05-07 16h23.20.101524 +0200,
,,8,0,8,,,,,,,7,c19,kalap,hat,3,clothes,headwear,6.8,10,29,None,None,"(0.1, 0.1)",None,,,,,,,,,,,0,0,0,0,0,13,13,13,8,0,8,0,260.9055129000917,,,,,,,,,,,,,,,,,,,,,,,,,,,,,,,,,,,,,,,,,,,,,,,,,,,,,,,,,,,,,,,,,,,,,,,,,,,,,,,,,,,,,,,,,,,,,,,,,,,,,,260.89371219999157,260.9055129000917,260.9055129000917,260.9055129000917,261.09084800002165,None,,,,,,,,,,,,,,,,,,,P9615,MIC_Bar,7,1,2026-05-07_16h23.18.347,MIC_task,,2026.1.2,59.935473466347815,2026-05-07 16h23.20.101524 +0200,
,,9,0,9,,,,,,,7,c19,kalap,hat,3,clothes,headwear,6.8,10,29,None,None,"(0.1, 0.1)",None,,,,,,,,,,,0,0,0,0,0,13,13,13,9,0,9,0,261.1059562000446,,,,,,,,,,,,,,,,,,,,,,,,,,,,,,,,,,,,,,,,,,,,,,,,,,,,,,,,,,,,,,,,,,,,,,,,,,,,,,,,,,,,,,,,,,,,,,,,,,,,,,261.0939652000088,261.1059562000446,261.1059562000446,261.1059562000446,261.29113300004974,None,,,,,,,,,,,,,,,,,,,P9615,MIC_Bar,7,1,2026-05-07_16h23.18.347,MIC_task,,2026.1.2,59.935473466347815,2026-05-07 16h23.20.101524 +0200,
,,10,0,10,,,,,,,7,c19,kalap,hat,3,clothes,headwear,6.8,10,29,None,None,"(0.1, 0.1)",None,,,,,,,,,,,0,0,0,0,0,13,13,13,10,0,10,0,261.3062994000502,,,,,,,,,,,,,,,,,,,,,,,,,,,,,,,,,,,,,,,,,,,,,,,,,,,,,,,,,,,,,,,,,,,,,,,,,,,,,,,,,,,,,,,,,,,,,,,,,,,,,,261.2939561998937,261.3062994000502,261.3062994000502,261.3062994000502,261.4914208999835,None,,,,,,,,,,,,,,,,,,,P9615,MIC_Bar,7,1,2026-05-07_16h23.18.347,MIC_task,,2026.1.2,59.935473466347815,2026-05-07 16h23.20.101524 +0200,
,,11,0,11,,,,,,,7,c19,kalap,hat,3,clothes,headwear,6.8,10,29,None,None,"(0.1, 0.1)",None,,,,,,,,,,,0,0,0,0,0,13,13,13,11,0,11,0,261.50662690005265,,,,,,,,,,,,,,,,,,,,,,,,,,,,,,,,,,,,,,,,,,,,,,,,,,,,,,,,,,,,,,,,,,,,,,,,,,,,,,,,,,,,,,,,,,,,,,,,,,,,,,261.4942145999521,261.50662690005265,261.50662690005265,261.50662690005265,261.6904666000046,None,,,,,,,,,,,,,,,,,,,P9615,MIC_Bar,7,1,2026-05-07_16h23.18.347,MIC_task,,2026.1.2,59.935473466347815,2026-05-07 16h23.20.101524 +0200,
,,12,0,12,,,,,,,7,c19,kalap,hat,3,clothes,headwear,6.8,10,29,None,None,"(0.1, 0.1)",None,,,,,,,,,,,0,0,0,0,0,13,13,13,12,0,12,0,261.7070768000558,,,,,,,,,,,,,,,,,,,,,,,,,,,,,,,,,,,,,,,,,,,,,,,,,,,,,,,,,,,,,,,,,,,,,,,,,,,,,,,,,,,,,,,,,,,,,,,,,,,,,,261.69339130003937,261.7070768000558,261.7070768000558,261.7070768000558,261.89227880002,None,,,,,,,,,,,,,,,,,,,P9615,MIC_Bar,7,1,2026-05-07_16h23.18.347,MIC_task,,2026.1.2,59.935473466347815,2026-05-07 16h23.20.101524 +0200,
,,13,0,13,,,,,,,7,c19,kalap,hat,3,clothes,headwear,6.8,10,29,None,None,"(0.1, 0.1)",None,,,,,,,,,,,0,0,0,0,0,13,13,13,13,0,13,0,261.9073701000307,,,,,,,,,,,,,,,,,,,,,,,,,,,,,,,,,,,,,,,,,,,,,,,,,,,,,,,,,,,,,,,,,,,,,,,,,,,,,,,,,,,,,,,,,,,,,,,,,,,,,,261.8951661000028,261.9073701000307,261.9073701000307,261.9073701000307,262.09285370004363,None,,,,,,,,,,,,,,,,,,,P9615,MIC_Bar,7,1,2026-05-07_16h23.18.347,MIC_task,,2026.1.2,59.935473466347815,2026-05-07 16h23.20.101524 +0200,
,,14,0,14,,,,,,,7,c19,kalap,hat,3,clothes,headwear,6.8,10,29,None,None,"(0.1, 0.1)",None,,,,,,,,,,,0,0,0,0,0,13,13,13,14,0,14,0,262.107653999934,,,,,,,,,,,,,,,,,,,,,,,,,,,,,,,,,,,,,,,,,,,,,,,,,,,,,,,,,,,,,,,,,,,,,,,,,,,,,,,,,,,,,,,,,,,,,,,,,,,,,,262.09583700005896,262.107653999934,262.107653999934,262.107653999934,262.2931697999593,None,,,,,,,,,,,,,,,,,,,P9615,MIC_Bar,7,1,2026-05-07_16h23.18.347,MIC_task,,2026.1.2,59.935473466347815,2026-05-07 16h23.20.101524 +0200,
,,15,0,15,,,,,,,7,c19,kalap,hat,3,clothes,headwear,6.8,10,29,None,None,"(0.1, 0.1)",None,,,,,,,,,,,0,0,0,0,0,13,13,13,15,0,15,0,262.3073352999054,,,,,,,,,,,,,,,,,,,,,,,,,,,,,,,,,,,,,,,,,,,,,,,,,,,,,,,,,,,,,,,,,,,,,,,,,,,,,,,,,,,,,,,,,,,,,,,,,,,,,,262.2960701000411,262.3073352999054,262.3073352999054,262.3073352999054,262.4913876000792,None,,,,,,,,,,,,,,,,,,,P9615,MIC_Bar,7,1,2026-05-07_16h23.18.347,MIC_task,,2026.1.2,59.935473466347815,2026-05-07 16h23.20.101524 +0200,
,,16,0,16,,,,,,,7,c19,kalap,hat,3,clothes,headwear,6.8,10,29,None,None,"(0.1, 0.1)",None,,,,,,,,,,,0,0,0,0,0,13,13,13,16,0,16,0,262.507712099934,,,,,,,,,,,,,,,,,,,,,,,,,,,,,,,,,,,,,,,,,,,,,,,,,,,,,,,,,,,,,,,,,,,,,,,,,,,,,,,,,,,,,,,,,,,,,,,,,,,,,,262.4947160000447,262.507712099934,262.507712099934,262.507712099934,262.69154689996503,None,,,,,,,,,,,,,,,,,,,P9615,MIC_Bar,7,1,2026-05-07_16h23.18.347,MIC_task,,2026.1.2,59.935473466347815,2026-05-07 16h23.20.101524 +0200,
,,17,0,17,,,,,,,7,c19,kalap,hat,3,clothes,headwear,6.8,10,29,None,None,"(0.1, 0.1)",None,,,,,,,,,,,0,0,0,0,0,13,13,13,17,0,17,0,262.7081027000677,,,,,,,,,,,,,,,,,,,,,,,,,,,,,,,,,,,,,,,,,,,,,,,,,,,,,,,,,,,,,,,,,,,,,,,,,,,,,,,,,,,,,,,,,,,,,,,,,,,,,,262.6947711999528,262.7081027000677,262.7081027000677,262.7081027000677,262.89351870003156,None,,,,,,,,,,,,,,,,,,,P9615,MIC_Bar,7,1,2026-05-07_16h23.18.347,MIC_task,,2026.1.2,59.935473466347815,2026-05-07 16h23.20.101524 +0200,
,,18,0,18,,,,,,,7,c19,kalap,hat,3,clothes,headwear,6.8,10,29,None,None,"(0.1, 0.1)",None,,,,,,,,,,,0,0,0,0,0,13,13,13,18,0,18,0,262.9084699000232,,,,,,,,,,,,,,,,,,,,,,,,,,,,,,,,,,,,,,,,,,,,,,,,,,,,,,,,,,,,,,,,,,,,,,,,,,,,,,,,,,,,,,,,,,,,,,,,,,,,,,262.8966035998892,262.9084699000232,262.9084699000232,262.9084699000232,263.0925882998854,None,,,,,,,,,,,,,,,,,,,P9615,MIC_Bar,7,1,2026-05-07_16h23.18.347,MIC_task,,2026.1.2,59.935473466347815,2026-05-07 16h23.20.101524 +0200,
,,19,0,19,,,,,,,7,c19,kalap,hat,3,clothes,headwear,6.8,10,29,None,None,"(0.1, 0.1)",None,,,,,,,,,,,0,0,0,0,0,13,13,13,19,0,19,0,263.1088183000684,,,,,,,,,,,,,,,,,,,,,,,,,,,,,,,,,,,,,,,,,,,,,,,,,,,,,,,,,,,,,,,,,,,,,,,,,,,,,,,,,,,,,,,,,,,,,,,,,,,,,,263.0956649000291,263.1088183000684,263.1088183000684,263.1088183000684,263.29261179990135,None,,,,,,,,,,,,,,,,,,,P9615,MIC_Bar,7,1,2026-05-07_16h23.18.347,MIC_task,,2026.1.2,59.935473466347815,2026-05-07 16h23.20.101524 +0200,
,,20,0,20,,,,,,,7,c19,kalap,hat,3,clothes,headwear,6.8,10,29,None,None,"(0.1, 0.1)",None,,,,,,,,,,,0,0,0,0,0,13,13,13,20,0,20,0,263.30918219988234,,,,,,,,,,,,,,,,,,,,,,,,,,,,,,,,,,,,,,,,,,,,,,,,,,,,,,,,,,,,,,,,,,,,,,,,,,,,,,,,,,,,,,,,,,,,,,,,,,,,,,263.2956928999629,263.30918219988234,263.30918219988234,263.30918219988234,263.49298169999383,None,,,,,,,,,,,,,,,,,,,P9615,MIC_Bar,7,1,2026-05-07_16h23.18.347,MIC_task,,2026.1.2,59.935473466347815,2026-05-07 16h23.20.101524 +0200,
,,21,0,21,,,,,,,7,c19,kalap,hat,3,clothes,headwear,6.8,10,29,None,None,"(0.1, 0.1)",None,,,,,,,,,,,0,0,0,0,0,13,13,13,21,0,21,0,263.50954709993675,,,,,,,,,,,,,,,,,,,,,,,,,,,,,,,,,,,,,,,,,,,,,,,,,,,,,,,,,,,,,,,,,,,,,,,,,,,,,,,,,,,,,,,,,,,,,,,,,,,,,,263.49578409991227,263.50954709993675,263.50954709993675,263.50954709993675,263.6946998001076,None,,,,,,,,,,,,,,,,,,,P9615,MIC_Bar,7,1,2026-05-07_16h23.18.347,MIC_task,,2026.1.2,59.935473466347815,2026-05-07 16h23.20.101524 +0200,
,,22,0,22,,,,,,,7,c19,kalap,hat,3,clothes,headwear,6.8,10,29,None,None,"(0.1, 0.1)",None,,,,,,,,,,,0,0,0,0,0,13,13,13,22,0,22,0,263.709776799893,,,,,,,,,,,,,,,,,,,,,,,,,,,,,,,,,,,,,,,,,,,,,,,,,,,,,,,,,,,,,,,,,,,,,,,,,,,,,,,,,,,,,,,,,,,,,,,,,,,,,,263.69752079993486,263.709776799893,263.709776799893,263.709776799893,263.895047100028,None,,,,,,,,,,,,,,,,,,,P9615,MIC_Bar,7,1,2026-05-07_16h23.18.347,MIC_task,,2026.1.2,59.935473466347815,2026-05-07 16h23.20.101524 +0200,
,,23,0,23,,,,,,,7,c19,kalap,hat,3,clothes,headwear,6.8,10,29,None,None,"(0.1, 0.1)",None,,,,,,,,,,,0,0,0,0,0,13,13,13,23,0,23,0,263.9102636000607,,,,,,,,,,,,,,,,,,,,,,,,,,,,,,,,,,,,,,,,,,,,,,,,,,,,,,,,,,,,,,,,,,,,,,,,,,,,,,,,,,,,,,,,,,,,,,,,,,,,,,263.898080999963,263.9102636000607,263.9102636000607,263.9102636000607,264.09564250009134,None,,,,,,,,,,,,,,,,,,,P9615,MIC_Bar,7,1,2026-05-07_16h23.18.347,MIC_task,,2026.1.2,59.935473466347815,2026-05-07 16h23.20.101524 +0200,
,,24,0,24,,,,,,,7,c19,kalap,hat,3,clothes,headwear,6.8,10,29,None,None,"(0.1, 0.1)",None,,,,,,,,,,,0,0,0,0,0,13,13,13,24,0,24,0,264.110718900105,,,,,,,,,,,,,,,,,,,,,,,,,,,,,,,,,,,,,,,,,,,,,,,,,,,,,,,,,,,,,,,,,,,,,,,,,,,,,,,,,,,,,,,,,,,,,,,,,,,,,,264.0985365998931,264.110718900105,264.110718900105,264.110718900105,264.29441160010174,None,,,,,,,,,,,,,,,,,,,P9615,MIC_Bar,7,1,2026-05-07_16h23.18.347,MIC_task,,2026.1.2,59.935473466347815,2026-05-07 16h23.20.101524 +0200,
,,25,0,25,,,,,,,7,c19,kalap,hat,3,clothes,headwear,6.8,10,29,None,None,"(0.1, 0.1)",None,,,,,,,,,,,0,0,0,0,0,13,13,13,25,0,25,0,264.31100860005245,,,,,,,,,,,,,,,,,,,,,,,,,,,,,,,,,,,,,,,,,,,,,,,,,,,,,,,,,,,,,,,,,,,,,,,,,,,,,,,,,,,,,,,,,,,,,,,,,,,,,,264.29762320010923,264.31100860005245,264.31100860005245,264.31100860005245,264.49548609997146,None,,,,,,,,,,,,,,,,,,,P9615,MIC_Bar,7,1,2026-05-07_16h23.18.347,MIC_task,,2026.1.2,59.935473466347815,2026-05-07 16h23.20.101524 +0200,
,,26,0,26,,,,,,,7,c19,kalap,hat,3,clothes,headwear,6.8,10,29,None,None,"(0.1, 0.1)",None,,,,,,,,,,,0,0,0,0,0,13,13,13,26,0,26,0,264.5107046000194,,,,,,,,,,,,,,,,,,,,,,,,,,,,,,,,,,,,,,,,,,,,,,,,,,,,,,,,,,,,,,,,,,,,,,,,,,,,,,,,,,,,,,,,,,,,,,,,,,,,,,264.4984693999868,264.5107046000194,264.5107046000194,264.5107046000194,264.69588260003366,None,,,,,,,,,,,,,,,,,,,P9615,MIC_Bar,7,1,2026-05-07_16h23.18.347,MIC_task,,2026.1.2,59.935473466347815,2026-05-07 16h23.20.101524 +0200,
,,27,0,27,,,,,,,7,c19,kalap,hat,3,clothes,headwear,6.8,10,29,None,None,"(0.1, 0.1)",None,,,,,,,,,,,0,0,0,0,0,13,13,13,27,0,27,0,264.711004300043,,,,,,,,,,,,,,,,,,,,,,,,,,,,,,,,,,,,,,,,,,,,,,,,,,,,,,,,,,,,,,,,,,,,,,,,,,,,,,,,,,,,,,,,,,,,,,,,,,,,,,264.69918369990773,264.711004300043,264.711004300043,264.711004300043,264.8954866998829,None,,,,,,,,,,,,,,,,,,,P9615,MIC_Bar,7,1,2026-05-07_16h23.18.347,MIC_task,,2026.1.2,59.935473466347815,2026-05-07 16h23.20.101524 +0200,
,,28,0,28,,,,,,,7,c19,kalap,hat,3,clothes,headwear,6.8,10,29,None,None,"(0.1, 0.1)",None,,,,,,,,,,,0,0,0,0,0,13,13,13,28,0,28,0,264.9113477000501,,,,,,,,,,,,,,,,,,,,,,,,,,,,,,,,,,,,,,,,,,,,,,,,,,,,,,,,,,,,,,,,,,,,,,,,,,,,,,,,,,,,,,,,,,,,,,,,,,,,,,264.8984296999406,264.9113477000501,264.9113477000501,264.9113477000501,265.0952719999477,None,,,,,,,,,,,,,,,,,,,P9615,MIC_Bar,7,1,2026-05-07_16h23.18.347,MIC_task,,2026.1.2,59.935473466347815,2026-05-07 16h23.20.101524 +0200,
,,29,0,29,,,,,,,7,c19,kalap,hat,3,clothes,headwear,6.8,10,29,None,None,"(0.1, 0.1)",None,,,,,,,,,,,0,0,0,0,0,13,13,13,29,0,29,0,265.1118445000611,,,,,,,,,,,,,,,,,,,,,,,,,,,,,,,,,,,,,,,,,,,,,,,,,,,,,,,,,,,,,,,,,,,,,,,,,,,,,,,,,,,,,,,,,,,,,,,,,,,,,,265.09838890004903,265.1118445000611,265.1118445000611,265.1118445000611,265.2961689000949,None,,,,,,,,,,,,,,,,,,,P9615,MIC_Bar,7,1,2026-05-07_16h23.18.347,MIC_task,,2026.1.2,59.935473466347815,2026-05-07 16h23.20.101524 +0200,
,,30,0,30,,,,,,,7,c19,kalap,hat,3,clothes,headwear,6.8,10,29,None,None,"(0.1, 0.1)",None,,,,,,,,,,,0,0,0,0,0,13,13,13,30,0,30,0,265.3121555999387,,,,,,,,,,,,,,,,,,,,,,,,,,,,,,,,,,,,,,,,,,,,,,,,,,,,,,,,,,,,,,,,,,,,,,,,,,,,,,,,,,,,,,,,,,,,,,,,,,,,,,265.29923400003463,265.3121555999387,265.3121555999387,265.3121555999387,265.496248499956,None,,,,,,,,,,,,,,,,,,,P9615,MIC_Bar,7,1,2026-05-07_16h23.18.347,MIC_task,,2026.1.2,59.935473466347815,2026-05-07 16h23.20.101524 +0200,
,,31,0,31,,,,,,,7,c19,kalap,hat,3,clothes,headwear,6.8,10,29,None,None,"(0.1, 0.1)",space,0.06514520011842251,None,,,,,,,,,0,0,0,0,0,13,13,13,31,0,31,0,265.5125913999509,,,,,,,,,,,,,,,,,,,,,,,,,,,,,,,,,,,,,,,,,,,,,,,,,,,,,,,,,,,,,,,,,,,,,,,,,,,,,,,,,,,,,,,,,,,,,,,,,,,,,,265.4991093999706,265.5125913999509,265.5125913999509,265.5125913999509,265.58064609998837,space,0.06514520011842251,None,,,,,,,,,,,,,,,,,P9615,MIC_Bar,7,1,2026-05-07_16h23.18.347,MIC_task,,2026.1.2,59.935473466347815,2026-05-07 16h23.20.101524 +0200,
,,13,13,0,,,,space,2.3040324000176042,None,7,c19,kalap,hat,3,clothes,headwear,6.8,10,29,None,None,"(0.1, 0.1)",,,,,,,,,,,,0,0,0,0,0,13,13,13,,,,,,,,,,,,,,,,,,,,,,,,,,,,,,,,,,,,,,,,,,,,,,,,,,,,,,,,,,,,,,,,,,,,,,,,,,,,,,,,,,,,,,,,,,265.64688579994254,265.6514167999849,265.66303593323875,267.5827796999365,,,,,,269.5869664000347,269.6022705999203,269.6022705999203,271.9248661000747,,,,,,,,,,,,,267.60872910008766,267.6134138999041,267.6159475332902,269.50167770008557,269.58690660004504,space,2.3040324000176042,None,,,,,,,,,P9615,MIC_Bar,7,1,2026-05-07_16h23.18.347,MIC_task,,2026.1.2,59.935473466347815,2026-05-07 16h23.20.101524 +0200,
,,0,0,0,,,,,,,7,a20,zsiráf,giraffe,1,animal,mammal,6.6,12,23,60,None,"(0, 0)",None,,,,,,,,,,,0,0,0,0,0,14,14,14,0,0,0,0,271.95160120003857,,,,,,,,,,,,,,,,,,,,,,,,,,,,,,,,,,,,,,,,,,,,,,,,,,,,,,,,,,,,,,,,,,,,,,,,,,,,,,,,,,,,,,,,,,,,,,,,,,,,,,271.94686940009706,271.95160120003857,271.95160120003857,271.95160120003857,272.1395451000426,None,,,,,,,,,,,,,,,,,,,P9615,MIC_Bar,7,1,2026-05-07_16h23.18.347,MIC_task,,2026.1.2,59.935473466347815,2026-05-07 16h23.20.101524 +0200,
,,0,0,0,,,,,,,7,a20,zsiráf,giraffe,1,animal,mammal,6.6,12,23,60,None,"(0, 0)",None,,,,,,,,,,,0,0,0,0,0,14,14,14,0,0,0,0,272.1560321999714,,,,,,,,,,,,,,,,,,,,,,,,,,,,,,,,,,,,,,,,,,,,,,,,,,,,,,,,,,,,,,,,,,,,,,,,,,,,,,,,,,,,,,,,,,,,,,,,,,,,,,272.14300730009563,272.1560321999714,272.1560321999714,272.1560321999714,272.3398907999508,None,,,,,,,,,,,,,,,,,,,P9615,MIC_Bar,7,1,2026-05-07_16h23.18.347,MIC_task,,2026.1.2,59.935473466347815,2026-05-07 16h23.20.101524 +0200,
,,1,0,1,,,,,,,7,a20,zsiráf,giraffe,1,animal,mammal,6.6,12,23,60,None,"(0, 0)",None,,,,,,,,,,,0,0,0,0,0,14,14,14,1,0,1,0,272.35649530007504,,,,,,,,,,,,,,,,,,,,,,,,,,,,,,,,,,,,,,,,,,,,,,,,,,,,,,,,,,,,,,,,,,,,,,,,,,,,,,,,,,,,,,,,,,,,,,,,,,,,,,272.3431708998978,272.35649530007504,272.35649530007504,272.35649530007504,272.54168529994786,None,,,,,,,,,,,,,,,,,,,P9615,MIC_Bar,7,1,2026-05-07_16h23.18.347,MIC_task,,2026.1.2,59.935473466347815,2026-05-07 16h23.20.101524 +0200,
,,2,0,2,,,,,,,7,a20,zsiráf,giraffe,1,animal,mammal,6.6,12,23,60,None,"(0, 0)",None,,,,,,,,,,,0,0,0,0,0,14,14,14,2,0,2,0,272.55671839998104,,,,,,,,,,,,,,,,,,,,,,,,,,,,,,,,,,,,,,,,,,,,,,,,,,,,,,,,,,,,,,,,,,,,,,,,,,,,,,,,,,,,,,,,,,,,,,,,,,,,,,272.5449409999419,272.55671839998104,272.55671839998104,272.55671839998104,272.7251202999614,None,,,,,,,,,,,,,,,,,,,P9615,MIC_Bar,7,1,2026-05-07_16h23.18.347,MIC_task,,2026.1.2,59.935473466347815,2026-05-07 16h23.20.101524 +0200,
,,3,0,3,,,,,,,7,a20,zsiráf,giraffe,1,animal,mammal,6.6,12,23,60,None,"(0, 0)",None,,,,,,,,,,,0,0,0,0,0,14,14,14,3,0,3,0,272.7403980998788,,,,,,,,,,,,,,,,,,,,,,,,,,,,,,,,,,,,,,,,,,,,,,,,,,,,,,,,,,,,,,,,,,,,,,,,,,,,,,,,,,,,,,,,,,,,,,,,,,,,,,272.728451800067,272.7403980998788,272.7403980998788,272.7403980998788,272.92489339993335,None,,,,,,,,,,,272.9407158999238,272.9407158999238,272.9407158999238,,,,,,P9615,MIC_Bar,7,1,2026-05-07_16h23.18.347,MIC_task,,2026.1.2,59.935473466347815,2026-05-07 16h23.20.101524 +0200,
,,4,0,4,,,,,,,7,a20,zsiráf,giraffe,1,animal,mammal,6.6,12,23,60,None,"(0, 0)",None,,,,,,,,,,,0,0,0,0,0,14,14,14,4,0,4,0,272.9407158999238,,,,,,,,,,,,,,,,,,,,,,,,,,,,,,,,,,,,,,,,,,,,,,,,,,,,,,,,,,,,,,,,,,,,,,,,,,,,,,,,,,,,,,,,,,,,,,,,,,,,,,272.9281025000382,272.9407158999238,272.9407158999238,272.9407158999238,273.1251717999112,None,,,,,,,,,,,273.1404061000794,273.1404061000794,273.1404061000794,,,,,,P9615,MIC_Bar,7,1,2026-05-07_16h23.18.347,MIC_task,,2026.1.2,59.935473466347815,2026-05-07 16h23.20.101524 +0200,
,,5,0,5,,,,,,,7,a20,zsiráf,giraffe,1,animal,mammal,6.6,12,23,60,None,"(0, 0)",None,,,,,,,,,,,0,0,0,0,0,14,14,14,5,0,5,0,273.1404061000794,,,,,,,,,,,,,,,,,,,,,,,,,,,,,,,,,,,,,,,,,,,,,,,,,,,,,,,,,,,,,,,,,,,,,,,,,,,,,,,,,,,,,,,,,,,,,,,,,,,,,,273.128531599883,273.1404061000794,273.1404061000794,273.1404061000794,273.3255173000507,None,,,,,,,,,,,273.34079140005633,273.34079140005633,273.34079140005633,,,,,,P9615,MIC_Bar,7,1,2026-05-07_16h23.18.347,MIC_task,,2026.1.2,59.935473466347815,2026-05-07 16h23.20.101524 +0200,
,,6,0,6,,,,,,,7,a20,zsiráf,giraffe,1,animal,mammal,6.6,12,23,60,None,"(0, 0)",None,,,,,,,,,,,0,0,0,0,0,14,14,14,6,0,6,0,273.34079140005633,,,,,,,,,,,,,,,,,,,,,,,,,,,,,,,,,,,,,,,,,,,,,,,,,,,,,,,,,,,,,,,,,,,,,,,,,,,,,,,,,,,,,,,,,,,,,,,,,,,,,,273.3292020999361,273.34079140005633,273.34079140005633,273.34079140005633,273.5267948000692,None,,,,,,,,,,,,,,,,,,,P9615,MIC_Bar,7,1,2026-05-07_16h23.18.347,MIC_task,,2026.1.2,59.935473466347815,2026-05-07 16h23.20.101524 +0200,
,,7,0,7,,,,,,,7,a20,zsiráf,giraffe,1,animal,mammal,6.6,12,23,60,None,"(0, 0)",None,,,,,,,,,,,0,0,0,0,0,14,14,14,7,0,7,0,273.54121940000914,,,,,,,,,,,,,,,,,,,,,,,,,,,,,,,,,,,,,,,,,,,,,,,,,,,,,,,,,,,,,,,,,,,,,,,,,,,,,,,,,,,,,,,,,,,,,,,,,,,,,,273.53037620009854,273.54121940000914,273.54121940000914,273.54121940000914,273.72637249995023,None,,,,,,,,,,,,,,,,,,,P9615,MIC_Bar,7,1,2026-05-07_16h23.18.347,MIC_task,,2026.1.2,59.935473466347815,2026-05-07 16h23.20.101524 +0200,
,,8,0,8,,,,,,,7,a20,zsiráf,giraffe,1,animal,mammal,6.6,12,23,60,None,"(0, 0)",None,,,,,,,,,,,0,0,0,0,0,14,14,14,8,0,8,0,273.7414526999928,,,,,,,,,,,,,,,,,,,,,,,,,,,,,,,,,,,,,,,,,,,,,,,,,,,,,,,,,,,,,,,,,,,,,,,,,,,,,,,,,,,,,,,,,,,,,,,,,,,,,,273.72972430009395,273.7414526999928,273.7414526999928,273.7414526999928,273.92531670001335,None,,,,,,,,,,,,,,,,,,,P9615,MIC_Bar,7,1,2026-05-07_16h23.18.347,MIC_task,,2026.1.2,59.935473466347815,2026-05-07 16h23.20.101524 +0200,
,,9,0,9,,,,,,,7,a20,zsiráf,giraffe,1,animal,mammal,6.6,12,23,60,None,"(0, 0)",None,,,,,,,,,,,0,0,0,0,0,14,14,14,9,0,9,0,273.9419406000525,,,,,,,,,,,,,,,,,,,,,,,,,,,,,,,,,,,,,,,,,,,,,,,,,,,,,,,,,,,,,,,,,,,,,,,,,,,,,,,,,,,,,,,,,,,,,,,,,,,,,,273.92855730000883,273.9419406000525,273.9419406000525,273.9419406000525,274.1269557001069,None,,,,,,,,,,,,,,,,,,,P9615,MIC_Bar,7,1,2026-05-07_16h23.18.347,MIC_task,,2026.1.2,59.935473466347815,2026-05-07 16h23.20.101524 +0200,
,,10,0,10,,,,,,,7,a20,zsiráf,giraffe,1,animal,mammal,6.6,12,23,60,None,"(0, 0)",None,,,,,,,,,,,0,0,0,0,0,14,14,14,10,0,10,0,274.14238859992474,,,,,,,,,,,,,,,,,,,,,,,,,,,,,,,,,,,,,,,,,,,,,,,,,,,,,,,,,,,,,,,,,,,,,,,,,,,,,,,,,,,,,,,,,,,,,,,,,,,,,,274.1303121999372,274.14238859992474,274.14238859992474,274.14238859992474,274.32603930006735,None,,,,,,,,,,,,,,,,,,,P9615,MIC_Bar,7,1,2026-05-07_16h23.18.347,MIC_task,,2026.1.2,59.935473466347815,2026-05-07 16h23.20.101524 +0200,
,,11,0,11,,,,,,,7,a20,zsiráf,giraffe,1,animal,mammal,6.6,12,23,60,None,"(0, 0)",None,,,,,,,,,,,0,0,0,0,0,14,14,14,11,0,11,0,274.3427196999546,,,,,,,,,,,,,,,,,,,,,,,,,,,,,,,,,,,,,,,,,,,,,,,,,,,,,,,,,,,,,,,,,,,,,,,,,,,,,,,,,,,,,,,,,,,,,,,,,,,,,,274.3293439000845,274.3427196999546,274.3427196999546,274.3427196999546,274.52664040005766,None,,,,,,,,,,,,,,,,,,,P9615,MIC_Bar,7,1,2026-05-07_16h23.18.347,MIC_task,,2026.1.2,59.935473466347815,2026-05-07 16h23.20.101524 +0200,
,,12,0,12,,,,,,,7,a20,zsiráf,giraffe,1,animal,mammal,6.6,12,23,60,None,"(0, 0)",None,,,,,,,,,,,0,0,0,0,0,14,14,14,12,0,12,0,274.5430284999311,,,,,,,,,,,,,,,,,,,,,,,,,,,,,,,,,,,,,,,,,,,,,,,,,,,,,,,,,,,,,,,,,,,,,,,,,,,,,,,,,,,,,,,,,,,,,,,,,,,,,,274.5301514000166,274.5430284999311,274.5430284999311,274.5430284999311,274.7268332000822,None,,,,,,,,,,,,,,,,,,,P9615,MIC_Bar,7,1,2026-05-07_16h23.18.347,MIC_task,,2026.1.2,59.935473466347815,2026-05-07 16h23.20.101524 +0200,
,,13,0,13,,,,,,,7,a20,zsiráf,giraffe,1,animal,mammal,6.6,12,23,60,None,"(0, 0)",None,,,,,,,,,,,0,0,0,0,0,14,14,14,13,0,13,0,274.74345410009846,,,,,,,,,,,,,,,,,,,,,,,,,,,,,,,,,,,,,,,,,,,,,,,,,,,,,,,,,,,,,,,,,,,,,,,,,,,,,,,,,,,,,,,,,,,,,,,,,,,,,,274.7301024000626,274.74345410009846,274.74345410009846,274.74345410009846,274.92720309994183,None,,,,,,,,,,,,,,,,,,,P9615,MIC_Bar,7,1,2026-05-07_16h23.18.347,MIC_task,,2026.1.2,59.935473466347815,2026-05-07 16h23.20.101524 +0200,
,,14,0,14,,,,,,,7,a20,zsiráf,giraffe,1,animal,mammal,6.6,12,23,60,None,"(0, 0)",None,,,,,,,,,,,0,0,0,0,0,14,14,14,14,0,14,0,274.94370720000006,,,,,,,,,,,,,,,,,,,,,,,,,,,,,,,,,,,,,,,,,,,,,,,,,,,,,,,,,,,,,,,,,,,,,,,,,,,,,,,,,,,,,,,,,,,,,,,,,,,,,,274.9307484999299,274.94370720000006,274.94370720000006,274.94370720000006,275.12762130005285,None,,,,,,,,,,,,,,,,,,,P9615,MIC_Bar,7,1,2026-05-07_16h23.18.347,MIC_task,,2026.1.2,59.935473466347815,2026-05-07 16h23.20.101524 +0200,
,,15,0,15,,,,,,,7,a20,zsiráf,giraffe,1,animal,mammal,6.6,12,23,60,None,"(0, 0)",None,,,,,,,,,,,0,0,0,0,0,14,14,14,15,0,15,0,275.14415910001844,,,,,,,,,,,,,,,,,,,,,,,,,,,,,,,,,,,,,,,,,,,,,,,,,,,,,,,,,,,,,,,,,,,,,,,,,,,,,,,,,,,,,,,,,,,,,,,,,,,,,,275.1311192000285,275.14415910001844,275.14415910001844,275.14415910001844,275.329798999941,None,,,,,,,,,,,,,,,,,,,P9615,MIC_Bar,7,1,2026-05-07_16h23.18.347,MIC_task,,2026.1.2,59.935473466347815,2026-05-07 16h23.20.101524 +0200,
,,16,0,16,,,,,,,7,a20,zsiráf,giraffe,1,animal,mammal,6.6,12,23,60,None,"(0, 0)",None,,,,,,,,,,,0,0,0,0,0,14,14,14,16,0,16,0,275.34449449996464,,,,,,,,,,,,,,,,,,,,,,,,,,,,,,,,,,,,,,,,,,,,,,,,,,,,,,,,,,,,,,,,,,,,,,,,,,,,,,,,,,,,,,,,,,,,,,,,,,,,,,275.33287529996596,275.34449449996464,275.34449449996464,275.34449449996464,275.5275276999455,None,,,,,,,,,,,,,,,,,,,P9615,MIC_Bar,7,1,2026-05-07_16h23.18.347,MIC_task,,2026.1.2,59.935473466347815,2026-05-07 16h23.20.101524 +0200,
,,17,0,17,,,,,,,7,a20,zsiráf,giraffe,1,animal,mammal,6.6,12,23,60,None,"(0, 0)",None,,,,,,,,,,,0,0,0,0,0,14,14,14,17,0,17,0,275.5449490000028,,,,,,,,,,,,,,,,,,,,,,,,,,,,,,,,,,,,,,,,,,,,,,,,,,,,,,,,,,,,,,,,,,,,,,,,,,,,,,,,,,,,,,,,,,,,,,,,,,,,,,275.5308479999658,275.5449490000028,275.5449490000028,275.5449490000028,275.7285792999901,None,,,,,,,,,,,,,,,,,,,P9615,MIC_Bar,7,1,2026-05-07_16h23.18.347,MIC_task,,2026.1.2,59.935473466347815,2026-05-07 16h23.20.101524 +0200,
,,18,0,18,,,,,,,7,a20,zsiráf,giraffe,1,animal,mammal,6.6,12,23,60,None,"(0, 0)",None,,,,,,,,,,,0,0,0,0,0,14,14,14,18,0,18,0,275.7445847000927,,,,,,,,,,,,,,,,,,,,,,,,,,,,,,,,,,,,,,,,,,,,,,,,,,,,,,,,,,,,,,,,,,,,,,,,,,,,,,,,,,,,,,,,,,,,,,,,,,,,,,275.7319519999437,275.7445847000927,275.7445847000927,275.7445847000927,275.9297859999351,None,,,,,,,,,,,,,,,,,,,P9615,MIC_Bar,7,1,2026-05-07_16h23.18.347,MIC_task,,2026.1.2,59.935473466347815,2026-05-07 16h23.20.101524 +0200,
,,19,0,19,,,,,,,7,a20,zsiráf,giraffe,1,animal,mammal,6.6,12,23,60,None,"(0, 0)",None,,,,,,,,,,,0,0,0,0,0,14,14,14,19,0,19,0,275.94489850010723,,,,,,,,,,,,,,,,,,,,,,,,,,,,,,,,,,,,,,,,,,,,,,,,,,,,,,,,,,,,,,,,,,,,,,,,,,,,,,,,,,,,,,,,,,,,,,,,,,,,,,275.93298460007645,275.94489850010723,275.94489850010723,275.94489850010723,276.1301359999925,None,,,,,,,,,,,,,,,,,,,P9615,MIC_Bar,7,1,2026-05-07_16h23.18.347,MIC_task,,2026.1.2,59.935473466347815,2026-05-07 16h23.20.101524 +0200,
,,20,0,20,,,,,,,7,a20,zsiráf,giraffe,1,animal,mammal,6.6,12,23,60,None,"(0, 0)",None,,,,,,,,,,,0,0,0,0,0,14,14,14,20,0,20,0,276.14526019990444,,,,,,,,,,,,,,,,,,,,,,,,,,,,,,,,,,,,,,,,,,,,,,,,,,,,,,,,,,,,,,,,,,,,,,,,,,,,,,,,,,,,,,,,,,,,,,,,,,,,,,276.1332954999525,276.14526019990444,276.14526019990444,276.14526019990444,276.33057240000926,None,,,,,,,,,,,,,,,,,,,P9615,MIC_Bar,7,1,2026-05-07_16h23.18.347,MIC_task,,2026.1.2,59.935473466347815,2026-05-07 16h23.20.101524 +0200,
,,21,0,21,,,,,,,7,a20,zsiráf,giraffe,1,animal,mammal,6.6,12,23,60,None,"(0, 0)",None,,,,,,,,,,,0,0,0,0,0,14,14,14,21,0,21,0,276.34570219996385,,,,,,,,,,,,,,,,,,,,,,,,,,,,,,,,,,,,,,,,,,,,,,,,,,,,,,,,,,,,,,,,,,,,,,,,,,,,,,,,,,,,,,,,,,,,,,,,,,,,,,276.3337157999631,276.34570219996385,276.34570219996385,276.34570219996385,276.5306559000164,None,,,,,,,,,,,,,,,,,,,P9615,MIC_Bar,7,1,2026-05-07_16h23.18.347,MIC_task,,2026.1.2,59.935473466347815,2026-05-07 16h23.20.101524 +0200,
,,22,0,22,,,,,,,7,a20,zsiráf,giraffe,1,animal,mammal,6.6,12,23,60,None,"(0, 0)",None,,,,,,,,,,,0,0,0,0,0,14,14,14,22,0,22,0,276.546077700099,,,,,,,,,,,,,,,,,,,,,,,,,,,,,,,,,,,,,,,,,,,,,,,,,,,,,,,,,,,,,,,,,,,,,,,,,,,,,,,,,,,,,,,,,,,,,,,,,,,,,,276.53382749995217,276.546077700099,276.546077700099,276.546077700099,276.7297668000683,None,,,,,,,,,,,,,,,,,,,P9615,MIC_Bar,7,1,2026-05-07_16h23.18.347,MIC_task,,2026.1.2,59.935473466347815,2026-05-07 16h23.20.101524 +0200,
,,23,0,23,,,,,,,7,a20,zsiráf,giraffe,1,animal,mammal,6.6,12,23,60,None,"(0, 0)",None,,,,,,,,,,,0,0,0,0,0,14,14,14,23,0,23,0,276.7464159000665,,,,,,,,,,,,,,,,,,,,,,,,,,,,,,,,,,,,,,,,,,,,,,,,,,,,,,,,,,,,,,,,,,,,,,,,,,,,,,,,,,,,,,,,,,,,,,,,,,,,,,276.73301140009426,276.7464159000665,276.7464159000665,276.7464159000665,276.93011679989286,None,,,,,,,,,,,,,,,,,,,P9615,MIC_Bar,7,1,2026-05-07_16h23.18.347,MIC_task,,2026.1.2,59.935473466347815,2026-05-07 16h23.20.101524 +0200,
,,24,0,24,,,,,,,7,a20,zsiráf,giraffe,1,animal,mammal,6.6,12,23,60,None,"(0, 0)",None,,,,,,,,,,,0,0,0,0,0,14,14,14,24,0,24,0,276.9468262998853,,,,,,,,,,,,,,,,,,,,,,,,,,,,,,,,,,,,,,,,,,,,,,,,,,,,,,,,,,,,,,,,,,,,,,,,,,,,,,,,,,,,,,,,,,,,,,,,,,,,,,276.9335519000888,276.9468262998853,276.9468262998853,276.9468262998853,277.13052879995666,None,,,,,,,,,,,,,,,,,,,P9615,MIC_Bar,7,1,2026-05-07_16h23.18.347,MIC_task,,2026.1.2,59.935473466347815,2026-05-07 16h23.20.101524 +0200,
,,25,0,25,,,,,,,7,a20,zsiráf,giraffe,1,animal,mammal,6.6,12,23,60,None,"(0, 0)",None,,,,,,,,,,,0,0,0,0,0,14,14,14,25,0,25,0,277.14708969998173,,,,,,,,,,,,,,,,,,,,,,,,,,,,,,,,,,,,,,,,,,,,,,,,,,,,,,,,,,,,,,,,,,,,,,,,,,,,,,,,,,,,,,,,,,,,,,,,,,,,,,277.13372489996254,277.14708969998173,277.14708969998173,277.14708969998173,277.3309619000647,None,,,,,,,,,,,,,,,,,,,P9615,MIC_Bar,7,1,2026-05-07_16h23.18.347,MIC_task,,2026.1.2,59.935473466347815,2026-05-07 16h23.20.101524 +0200,
,,26,0,26,,,,,,,7,a20,zsiráf,giraffe,1,animal,mammal,6.6,12,23,60,None,"(0, 0)",None,,,,,,,,,,,0,0,0,0,0,14,14,14,26,0,26,0,277.3474661000073,,,,,,,,,,,,,,,,,,,,,,,,,,,,,,,,,,,,,,,,,,,,,,,,,,,,,,,,,,,,,,,,,,,,,,,,,,,,,,,,,,,,,,,,,,,,,,,,,,,,,,277.33423910010606,277.3474661000073,277.3474661000073,277.3474661000073,277.53129180008546,None,,,,,,,,,,,,,,,,,,,P9615,MIC_Bar,7,1,2026-05-07_16h23.18.347,MIC_task,,2026.1.2,59.935473466347815,2026-05-07 16h23.20.101524 +0200,
,,27,0,27,,,,,,,7,a20,zsiráf,giraffe,1,animal,mammal,6.6,12,23,60,None,"(0, 0)",None,,,,,,,,,,,0,0,0,0,0,14,14,14,27,0,27,0,277.54789970000274,,,,,,,,,,,,,,,,,,,,,,,,,,,,,,,,,,,,,,,,,,,,,,,,,,,,,,,,,,,,,,,,,,,,,,,,,,,,,,,,,,,,,,,,,,,,,,,,,,,,,,277.5345340000931,277.54789970000274,277.54789970000274,277.54789970000274,277.7315956999082,None,,,,,,,,,,,,,,,,,,,P9615,MIC_Bar,7,1,2026-05-07_16h23.18.347,MIC_task,,2026.1.2,59.935473466347815,2026-05-07 16h23.20.101524 +0200,
,,28,0,28,,,,,,,7,a20,zsiráf,giraffe,1,animal,mammal,6.6,12,23,60,None,"(0, 0)",None,,,,,,,,,,,0,0,0,0,0,14,14,14,28,0,28,0,277.747431299882,,,,,,,,,,,,,,,,,,,,,,,,,,,,,,,,,,,,,,,,,,,,,,,,,,,,,,,,,,,,,,,,,,,,,,,,,,,,,,,,,,,,,,,,,,,,,,,,,,,,,,277.7349153000396,277.747431299882,277.747431299882,277.747431299882,277.9312342000194,None,,,,,,,,,,,,,,,,,,,P9615,MIC_Bar,7,1,2026-05-07_16h23.18.347,MIC_task,,2026.1.2,59.935473466347815,2026-05-07 16h23.20.101524 +0200,
,,29,0,29,,,,,,,7,a20,zsiráf,giraffe,1,animal,mammal,6.6,12,23,60,None,"(0, 0)",None,,,,,,,,,,,0,0,0,0,0,14,14,14,29,0,29,0,277.9479378000833,,,,,,,,,,,,,,,,,,,,,,,,,,,,,,,,,,,,,,,,,,,,,,,,,,,,,,,,,,,,,,,,,,,,,,,,,,,,,,,,,,,,,,,,,,,,,,,,,,,,,,277.93450079998,277.9479378000833,277.9479378000833,277.9479378000833,278.13157640001737,None,,,,,,,,,,,,,,,,,,,P9615,MIC_Bar,7,1,2026-05-07_16h23.18.347,MIC_task,,2026.1.2,59.935473466347815,2026-05-07 16h23.20.101524 +0200,
,,30,0,30,,,,,,,7,a20,zsiráf,giraffe,1,animal,mammal,6.6,12,23,60,None,"(0, 0)",None,,,,,,,,,,,0,0,0,0,0,14,14,14,30,0,30,0,278.14827069989406,,,,,,,,,,,,,,,,,,,,,,,,,,,,,,,,,,,,,,,,,,,,,,,,,,,,,,,,,,,,,,,,,,,,,,,,,,,,,,,,,,,,,,,,,,,,,,,,,,,,,,278.1348403999582,278.14827069989406,278.14827069989406,278.14827069989406,278.33349499991164,None,,,,,,,,,,,,,,,,,,,P9615,MIC_Bar,7,1,2026-05-07_16h23.18.347,MIC_task,,2026.1.2,59.935473466347815,2026-05-07 16h23.20.101524 +0200,
,,31,0,31,,,,,,,7,a20,zsiráf,giraffe,1,animal,mammal,6.6,12,23,60,None,"(0, 0)",None,,,,,,,,,,,0,0,0,0,0,14,14,14,31,0,31,0,278.34859169996344,,,,,,,,,,,,,,,,,,,,,,,,,,,,,,,,,,,,,,,,,,,,,,,,,,,,,,,,,,,,,,,,,,,,,,,,,,,,,,,,,,,,,,,,,,,,,,,,,,,,,,278.3367359000258,278.34859169996344,278.34859169996344,278.34859169996344,278.5339452000335,None,,,,,,,,,,,,,,,,,,,P9615,MIC_Bar,7,1,2026-05-07_16h23.18.347,MIC_task,,2026.1.2,59.935473466347815,2026-05-07 16h23.20.101524 +0200,
,,32,0,32,,,,,,,7,a20,zsiráf,giraffe,1,animal,mammal,6.6,12,23,60,None,"(0, 0)",None,,,,,,,,,,,0,0,0,0,0,14,14,14,32,0,32,0,278.5490041000303,,,,,,,,,,,,,,,,,,,,,,,,,,,,,,,,,,,,,,,,,,,,,,,,,,,,,,,,,,,,,,,,,,,,,,,,,,,,,,,,,,,,,,,,,,,,,,,,,,,,,,278.5375073000323,278.5490041000303,278.5490041000303,278.5490041000303,278.7342407000251,None,,,,,,,,,,,,,,,,,,,P9615,MIC_Bar,7,1,2026-05-07_16h23.18.347,MIC_task,,2026.1.2,59.935473466347815,2026-05-07 16h23.20.101524 +0200,
,,33,0,33,,,,,,,7,a20,zsiráf,giraffe,1,animal,mammal,6.6,12,23,60,None,"(0, 0)",None,,,,,,,,,,,0,0,0,0,0,14,14,14,33,0,33,0,278.74938719999045,,,,,,,,,,,,,,,,,,,,,,,,,,,,,,,,,,,,,,,,,,,,,,,,,,,,,,,,,,,,,,,,,,,,,,,,,,,,,,,,,,,,,,,,,,,,,,,,,,,,,,278.73735739989206,278.74938719999045,278.74938719999045,278.74938719999045,278.9347006001044,None,,,,,,,,,,,,,,,,,,,P9615,MIC_Bar,7,1,2026-05-07_16h23.18.347,MIC_task,,2026.1.2,59.935473466347815,2026-05-07 16h23.20.101524 +0200,
,,34,0,34,,,,,,,7,a20,zsiráf,giraffe,1,animal,mammal,6.6,12,23,60,None,"(0, 0)",None,,,,,,,,,,,0,0,0,0,0,14,14,14,34,0,34,0,278.94974559987895,,,,,,,,,,,,,,,,,,,,,,,,,,,,,,,,,,,,,,,,,,,,,,,,,,,,,,,,,,,,,,,,,,,,,,,,,,,,,,,,,,,,,,,,,,,,,,,,,,,,,,278.9377222000621,278.94974559987895,278.94974559987895,278.94974559987895,279.1335034999065,None,,,,,,,,,,,,,,,,,,,P9615,MIC_Bar,7,1,2026-05-07_16h23.18.347,MIC_task,,2026.1.2,59.935473466347815,2026-05-07 16h23.20.101524 +0200,
,,35,0,35,,,,,,,7,a20,zsiráf,giraffe,1,animal,mammal,6.6,12,23,60,None,"(0, 0)",None,,,,,,,,,,,0,0,0,0,0,14,14,14,35,0,35,0,279.1500490999315,,,,,,,,,,,,,,,,,,,,,,,,,,,,,,,,,,,,,,,,,,,,,,,,,,,,,,,,,,,,,,,,,,,,,,,,,,,,,,,,,,,,,,,,,,,,,,,,,,,,,,279.1368497000076,279.1500490999315,279.1500490999315,279.1500490999315,279.3339180999901,None,,,,,,,,,,,,,,,,,,,P9615,MIC_Bar,7,1,2026-05-07_16h23.18.347,MIC_task,,2026.1.2,59.935473466347815,2026-05-07 16h23.20.101524 +0200,
,,36,0,36,,,,,,,7,a20,zsiráf,giraffe,1,animal,mammal,6.6,12,23,60,None,"(0, 0)",None,,,,,,,,,,,0,0,0,0,0,14,14,14,36,0,36,0,279.3505718000233,,,,,,,,,,,,,,,,,,,,,,,,,,,,,,,,,,,,,,,,,,,,,,,,,,,,,,,,,,,,,,,,,,,,,,,,,,,,,,,,,,,,,,,,,,,,,,,,,,,,,,279.3372742999345,279.3505718000233,279.3505718000233,279.3505718000233,279.5352765000425,None,,,,,,,,,,,,,,,,,,,P9615,MIC_Bar,7,1,2026-05-07_16h23.18.347,MIC_task,,2026.1.2,59.935473466347815,2026-05-07 16h23.20.101524 +0200,
,,37,0,37,,,,,,,7,a20,zsiráf,giraffe,1,animal,mammal,6.6,12,23,60,None,"(0, 0)",None,,,,,,,,,,,0,0,0,0,0,14,14,14,37,0,37,0,279.5508006999735,,,,,,,,,,,,,,,,,,,,,,,,,,,,,,,,,,,,,,,,,,,,,,,,,,,,,,,,,,,,,,,,,,,,,,,,,,,,,,,,,,,,,,,,,,,,,,,,,,,,,,279.5385203000624,279.5508006999735,279.5508006999735,279.5508006999735,279.7346928999759,None,,,,,,,,,,,,,,,,,,,P9615,MIC_Bar,7,1,2026-05-07_16h23.18.347,MIC_task,,2026.1.2,59.935473466347815,2026-05-07 16h23.20.101524 +0200,
,,38,0,38,,,,,,,7,a20,zsiráf,giraffe,1,animal,mammal,6.6,12,23,60,None,"(0, 0)",None,,,,,,,,,,,0,0,0,0,0,14,14,14,38,0,38,0,279.7510542999953,,,,,,,,,,,,,,,,,,,,,,,,,,,,,,,,,,,,,,,,,,,,,,,,,,,,,,,,,,,,,,,,,,,,,,,,,,,,,,,,,,,,,,,,,,,,,,,,,,,,,,279.7377015000675,279.7510542999953,279.7510542999953,279.7510542999953,279.93498250003904,None,,,,,,,,,,,,,,,,,,,P9615,MIC_Bar,7,1,2026-05-07_16h23.18.347,MIC_task,,2026.1.2,59.935473466347815,2026-05-07 16h23.20.101524 +0200,
,,39,0,39,,,,,,,7,a20,zsiráf,giraffe,1,animal,mammal,6.6,12,23,60,None,"(0, 0)",None,,,,,,,,,,,0,0,0,0,0,14,14,14,39,0,39,0,279.95075899991207,,,,,,,,,,,,,,,,,,,,,,,,,,,,,,,,,,,,,,,,,,,,,,,,,,,,,,,,,,,,,,,,,,,,,,,,,,,,,,,,,,,,,,,,,,,,,,,,,,,,,,279.93827240006067,279.95075899991207,279.95075899991207,279.95075899991207,280.1350340999197,None,,,,,,,,,,,,,,,,,,,P9615,MIC_Bar,7,1,2026-05-07_16h23.18.347,MIC_task,,2026.1.2,59.935473466347815,2026-05-07 16h23.20.101524 +0200,
,,40,0,40,,,,,,,7,a20,zsiráf,giraffe,1,animal,mammal,6.6,12,23,60,None,"(0, 0)",space,0.06703600008040667,None,,,,,,,,,0,0,0,0,0,14,14,14,40,0,40,0,280.1511832999531,,,,,,,,,,,,,,,,,,,,,,,,,,,,,,,,,,,,,,,,,,,,,,,,,,,,,,,,,,,,,,,,,,,,,,,,,,,,,,,,,,,,,,,,,,,,,,,,,,,,,,280.1380831999704,280.1511832999531,280.1511832999531,280.1511832999531,280.21948210010305,space,0.06703600008040667,None,,,,,,,,,,,,,,,,,P9615,MIC_Bar,7,1,2026-05-07_16h23.18.347,MIC_task,,2026.1.2,59.935473466347815,2026-05-07 16h23.20.101524 +0200,
,,14,14,0,,,,space,1.631735699949786,None,7,a20,zsiráf,giraffe,1,animal,mammal,6.6,12,23,60,None,"(0, 0)",,,,,,,,,,,,0,0,0,0,0,14,14,14,,,,,,,,,,,,,,,,,,,,,,,,,,,,,,,,,,,,,,,,,,,,,,,,,,,,,,,,,,,,,,,,,,,,,,,,,,,,,,,,,,,,,,,,,,280.28602800006047,280.2900290999096,280.30159883325297,282.22139269998297,,,,,,284.2244458999485,284.24240339989774,284.24240339989774,285.87918139994144,,,,,,,,,,,,,282.25174580002204,282.2577907999512,282.25455353328334,284.14108460000716,284.2243882000912,space,1.631735699949786,None,,,,,,,,,P9615,MIC_Bar,7,1,2026-05-07_16h23.18.347,MIC_task,,2026.1.2,59.935473466347815,2026-05-07 16h23.20.101524 +0200,
,,0,0,0,,,,,,,7,l05,medence,pool,5,location,facilities,6.6,145,None,61,None,"(-0.1, 0.1)",None,,,,,,,,,,,0,0,0,0,0,15,15,15,0,0,0,0,285.9051514000166,,,,,,,,,,,,,,,,,,,,,,,,,,,,,,,,,,,,,,,,,,,,,,,,,,,,,,,,,,,,,,,,,,,,,,,,,,,,,,,,,,,,,,,,,,,,,,,,,,,,,,285.90045930002816,285.9051514000166,285.9051514000166,285.9051514000166,286.09394580009393,None,,,,,,,,,,,,,,,,,,,P9615,MIC_Bar,7,1,2026-05-07_16h23.18.347,MIC_task,,2026.1.2,59.935473466347815,2026-05-07 16h23.20.101524 +0200,
,,0,0,0,,,,,,,7,l05,medence,pool,5,location,facilities,6.6,145,None,61,None,"(-0.1, 0.1)",None,,,,,,,,,,,0,0,0,0,0,15,15,15,0,0,0,0,286.1105353999883,,,,,,,,,,,,,,,,,,,,,,,,,,,,,,,,,,,,,,,,,,,,,,,,,,,,,,,,,,,,,,,,,,,,,,,,,,,,,,,,,,,,,,,,,,,,,,,,,,,,,,286.0973950999323,286.1105353999883,286.1105353999883,286.1105353999883,286.29439439997077,None,,,,,,,,,,,,,,,,,,,P9615,MIC_Bar,7,1,2026-05-07_16h23.18.347,MIC_task,,2026.1.2,59.935473466347815,2026-05-07 16h23.20.101524 +0200,
,,1,0,1,,,,,,,7,l05,medence,pool,5,location,facilities,6.6,145,None,61,None,"(-0.1, 0.1)",None,,,,,,,,,,,0,0,0,0,0,15,15,15,1,0,1,0,286.3109168999363,,,,,,,,,,,,,,,,,,,,,,,,,,,,,,,,,,,,,,,,,,,,,,,,,,,,,,,,,,,,,,,,,,,,,,,,,,,,,,,,,,,,,,,,,,,,,,,,,,,,,,286.2984627999831,286.3109168999363,286.3109168999363,286.3109168999363,286.47960989992134,None,,,,,,,,,,,,,,,,,,,P9615,MIC_Bar,7,1,2026-05-07_16h23.18.347,MIC_task,,2026.1.2,59.935473466347815,2026-05-07 16h23.20.101524 +0200,
,,2,0,2,,,,,,,7,l05,medence,pool,5,location,facilities,6.6,145,None,61,None,"(-0.1, 0.1)",None,,,,,,,,,,,0,0,0,0,0,15,15,15,2,0,2,0,286.4945708999876,,,,,,,,,,,,,,,,,,,,,,,,,,,,,,,,,,,,,,,,,,,,,,,,,,,,,,,,,,,,,,,,,,,,,,,,,,,,,,,,,,,,,,,,,,,,,,,,,,,,,,286.4826185000129,286.4945708999876,286.4945708999876,286.4945708999876,286.67891689995304,None,,,,,,,,,,,286.6949899001047,286.6949899001047,286.6949899001047,,,,,,P9615,MIC_Bar,7,1,2026-05-07_16h23.18.347,MIC_task,,2026.1.2,59.935473466347815,2026-05-07 16h23.20.101524 +0200,
,,3,0,3,,,,,,,7,l05,medence,pool,5,location,facilities,6.6,145,None,61,None,"(-0.1, 0.1)",None,,,,,,,,,,,0,0,0,0,0,15,15,15,3,0,3,0,286.6949899001047,,,,,,,,,,,,,,,,,,,,,,,,,,,,,,,,,,,,,,,,,,,,,,,,,,,,,,,,,,,,,,,,,,,,,,,,,,,,,,,,,,,,,,,,,,,,,,,,,,,,,,286.6820714001078,286.6949899001047,286.6949899001047,286.6949899001047,286.87923340010457,None,,,,,,,,,,,286.8952647000551,286.8952647000551,286.8952647000551,,,,,,P9615,MIC_Bar,7,1,2026-05-07_16h23.18.347,MIC_task,,2026.1.2,59.935473466347815,2026-05-07 16h23.20.101524 +0200,
,,4,0,4,,,,,,,7,l05,medence,pool,5,location,facilities,6.6,145,None,61,None,"(-0.1, 0.1)",None,,,,,,,,,,,0,0,0,0,0,15,15,15,4,0,4,0,286.8952647000551,,,,,,,,,,,,,,,,,,,,,,,,,,,,,,,,,,,,,,,,,,,,,,,,,,,,,,,,,,,,,,,,,,,,,,,,,,,,,,,,,,,,,,,,,,,,,,,,,,,,,,286.88222020003013,286.8952647000551,286.8952647000551,286.8952647000551,287.0795438999776,None,,,,,,,,,,,287.0956431000959,287.0956431000959,287.0956431000959,,,,,,P9615,MIC_Bar,7,1,2026-05-07_16h23.18.347,MIC_task,,2026.1.2,59.935473466347815,2026-05-07 16h23.20.101524 +0200,
,,5,0,5,,,,,,,7,l05,medence,pool,5,location,facilities,6.6,145,None,61,None,"(-0.1, 0.1)",None,,,,,,,,,,,0,0,0,0,0,15,15,15,5,0,5,0,287.0956431000959,,,,,,,,,,,,,,,,,,,,,,,,,,,,,,,,,,,,,,,,,,,,,,,,,,,,,,,,,,,,,,,,,,,,,,,,,,,,,,,,,,,,,,,,,,,,,,,,,,,,,,287.08264770009555,287.0956431000959,287.0956431000959,287.0956431000959,287.2794333999045,None,,,,,,,,,,,,,,,,,,,P9615,MIC_Bar,7,1,2026-05-07_16h23.18.347,MIC_task,,2026.1.2,59.935473466347815,2026-05-07 16h23.20.101524 +0200,
,,6,0,6,,,,,,,7,l05,medence,pool,5,location,facilities,6.6,145,None,61,None,"(-0.1, 0.1)",None,,,,,,,,,,,0,0,0,0,0,15,15,15,6,0,6,0,287.29597519990057,,,,,,,,,,,,,,,,,,,,,,,,,,,,,,,,,,,,,,,,,,,,,,,,,,,,,,,,,,,,,,,,,,,,,,,,,,,,,,,,,,,,,,,,,,,,,,,,,,,,,,287.28285469999537,287.29597519990057,287.29597519990057,287.29597519990057,287.4794499001,None,,,,,,,,,,,287.49635259993374,287.49635259993374,287.49635259993374,,,,,,P9615,MIC_Bar,7,1,2026-05-07_16h23.18.347,MIC_task,,2026.1.2,59.935473466347815,2026-05-07 16h23.20.101524 +0200,
,,7,0,7,,,,,,,7,l05,medence,pool,5,location,facilities,6.6,145,None,61,None,"(-0.1, 0.1)",None,,,,,,,,,,,0,0,0,0,0,15,15,15,7,0,7,0,287.49635259993374,,,,,,,,,,,,,,,,,,,,,,,,,,,,,,,,,,,,,,,,,,,,,,,,,,,,,,,,,,,,,,,,,,,,,,,,,,,,,,,,,,,,,,,,,,,,,,,,,,,,,,287.48286459990777,287.49635259993374,287.49635259993374,287.49635259993374,287.6801303999964,None,,,,,,,,,,,,,,,,,,,P9615,MIC_Bar,7,1,2026-05-07_16h23.18.347,MIC_task,,2026.1.2,59.935473466347815,2026-05-07 16h23.20.101524 +0200,
,,8,0,8,,,,,,,7,l05,medence,pool,5,location,facilities,6.6,145,None,61,None,"(-0.1, 0.1)",None,,,,,,,,,,,0,0,0,0,0,15,15,15,8,0,8,0,287.69604870001785,,,,,,,,,,,,,,,,,,,,,,,,,,,,,,,,,,,,,,,,,,,,,,,,,,,,,,,,,,,,,,,,,,,,,,,,,,,,,,,,,,,,,,,,,,,,,,,,,,,,,,287.6836067000404,287.69604870001785,287.69604870001785,287.69604870001785,287.8797553998884,None,,,,,,,,,,,,,,,,,,,P9615,MIC_Bar,7,1,2026-05-07_16h23.18.347,MIC_task,,2026.1.2,59.935473466347815,2026-05-07 16h23.20.101524 +0200,
,,9,0,9,,,,,,,7,l05,medence,pool,5,location,facilities,6.6,145,None,61,None,"(-0.1, 0.1)",None,,,,,,,,,,,0,0,0,0,0,15,15,15,9,0,9,0,287.8963520000689,,,,,,,,,,,,,,,,,,,,,,,,,,,,,,,,,,,,,,,,,,,,,,,,,,,,,,,,,,,,,,,,,,,,,,,,,,,,,,,,,,,,,,,,,,,,,,,,,,,,,,287.88274720008485,287.8963520000689,287.8963520000689,287.8963520000689,288.08040370000526,None,,,,,,,,,,,,,,,,,,,P9615,MIC_Bar,7,1,2026-05-07_16h23.18.347,MIC_task,,2026.1.2,59.935473466347815,2026-05-07 16h23.20.101524 +0200,
,,10,0,10,,,,,,,7,l05,medence,pool,5,location,facilities,6.6,145,None,61,None,"(-0.1, 0.1)",None,,,,,,,,,,,0,0,0,0,0,15,15,15,10,0,10,0,288.0967570000794,,,,,,,,,,,,,,,,,,,,,,,,,,,,,,,,,,,,,,,,,,,,,,,,,,,,,,,,,,,,,,,,,,,,,,,,,,,,,,,,,,,,,,,,,,,,,,,,,,,,,,288.08392350003123,288.0967570000794,288.0967570000794,288.0967570000794,288.2805417999625,None,,,,,,,,,,,,,,,,,,,P9615,MIC_Bar,7,1,2026-05-07_16h23.18.347,MIC_task,,2026.1.2,59.935473466347815,2026-05-07 16h23.20.101524 +0200,
,,11,0,11,,,,,,,7,l05,medence,pool,5,location,facilities,6.6,145,None,61,None,"(-0.1, 0.1)",None,,,,,,,,,,,0,0,0,0,0,15,15,15,11,0,11,0,288.29713539988734,,,,,,,,,,,,,,,,,,,,,,,,,,,,,,,,,,,,,,,,,,,,,,,,,,,,,,,,,,,,,,,,,,,,,,,,,,,,,,,,,,,,,,,,,,,,,,,,,,,,,,288.2839605000336,288.29713539988734,288.29713539988734,288.29713539988734,288.4808964000549,None,,,,,,,,,,,,,,,,,,,P9615,MIC_Bar,7,1,2026-05-07_16h23.18.347,MIC_task,,2026.1.2,59.935473466347815,2026-05-07 16h23.20.101524 +0200,
,,12,0,12,,,,,,,7,l05,medence,pool,5,location,facilities,6.6,145,None,61,None,"(-0.1, 0.1)",None,,,,,,,,,,,0,0,0,0,0,15,15,15,12,0,12,0,288.49751059990376,,,,,,,,,,,,,,,,,,,,,,,,,,,,,,,,,,,,,,,,,,,,,,,,,,,,,,,,,,,,,,,,,,,,,,,,,,,,,,,,,,,,,,,,,,,,,,,,,,,,,,288.48401500005275,288.49751059990376,288.49751059990376,288.49751059990376,288.6813481000718,None,,,,,,,,,,,,,,,,,,,P9615,MIC_Bar,7,1,2026-05-07_16h23.18.347,MIC_task,,2026.1.2,59.935473466347815,2026-05-07 16h23.20.101524 +0200,
,,13,0,13,,,,,,,7,l05,medence,pool,5,location,facilities,6.6,145,None,61,None,"(-0.1, 0.1)",None,,,,,,,,,,,0,0,0,0,0,15,15,15,13,0,13,0,288.6978438999504,,,,,,,,,,,,,,,,,,,,,,,,,,,,,,,,,,,,,,,,,,,,,,,,,,,,,,,,,,,,,,,,,,,,,,,,,,,,,,,,,,,,,,,,,,,,,,,,,,,,,,288.6849670999218,288.6978438999504,288.6978438999504,288.6978438999504,288.88315730006434,None,,,,,,,,,,,,,,,,,,,P9615,MIC_Bar,7,1,2026-05-07_16h23.18.347,MIC_task,,2026.1.2,59.935473466347815,2026-05-07 16h23.20.101524 +0200,
,,14,0,14,,,,,,,7,l05,medence,pool,5,location,facilities,6.6,145,None,61,None,"(-0.1, 0.1)",None,,,,,,,,,,,0,0,0,0,0,15,15,15,14,0,14,0,288.8981665999163,,,,,,,,,,,,,,,,,,,,,,,,,,,,,,,,,,,,,,,,,,,,,,,,,,,,,,,,,,,,,,,,,,,,,,,,,,,,,,,,,,,,,,,,,,,,,,,,,,,,,,288.8864927000832,288.8981665999163,288.8981665999163,288.8981665999163,289.08353800000623,None,,,,,,,,,,,,,,,,,,,P9615,MIC_Bar,7,1,2026-05-07_16h23.18.347,MIC_task,,2026.1.2,59.935473466347815,2026-05-07 16h23.20.101524 +0200,
,,15,0,15,,,,,,,7,l05,medence,pool,5,location,facilities,6.6,145,None,61,None,"(-0.1, 0.1)",None,,,,,,,,,,,0,0,0,0,0,15,15,15,15,0,15,0,289.0986629999243,,,,,,,,,,,,,,,,,,,,,,,,,,,,,,,,,,,,,,,,,,,,,,,,,,,,,,,,,,,,,,,,,,,,,,,,,,,,,,,,,,,,,,,,,,,,,,,,,,,,,,289.0865507000126,289.0986629999243,289.0986629999243,289.0986629999243,289.2839637999423,None,,,,,,,,,,,,,,,,,,,P9615,MIC_Bar,7,1,2026-05-07_16h23.18.347,MIC_task,,2026.1.2,59.935473466347815,2026-05-07 16h23.20.101524 +0200,
,,16,0,16,,,,,,,7,l05,medence,pool,5,location,facilities,6.6,145,None,61,None,"(-0.1, 0.1)",None,,,,,,,,,,,0,0,0,0,0,15,15,15,16,0,16,0,289.29894990008324,,,,,,,,,,,,,,,,,,,,,,,,,,,,,,,,,,,,,,,,,,,,,,,,,,,,,,,,,,,,,,,,,,,,,,,,,,,,,,,,,,,,,,,,,,,,,,,,,,,,,,289.2871832998935,289.29894990008324,289.29894990008324,289.29894990008324,289.4827918999363,None,,,,,,,,,,,,,,,,,,,P9615,MIC_Bar,7,1,2026-05-07_16h23.18.347,MIC_task,,2026.1.2,59.935473466347815,2026-05-07 16h23.20.101524 +0200,
,,17,0,17,,,,,,,7,l05,medence,pool,5,location,facilities,6.6,145,None,61,None,"(-0.1, 0.1)",None,,,,,,,,,,,0,0,0,0,0,15,15,15,17,0,17,0,289.4985889000818,,,,,,,,,,,,,,,,,,,,,,,,,,,,,,,,,,,,,,,,,,,,,,,,,,,,,,,,,,,,,,,,,,,,,,,,,,,,,,,,,,,,,,,,,,,,,,,,,,,,,,289.48627080000006,289.4985889000818,289.4985889000818,289.4985889000818,289.68313149991445,None,,,,,,,,,,,,,,,,,,,P9615,MIC_Bar,7,1,2026-05-07_16h23.18.347,MIC_task,,2026.1.2,59.935473466347815,2026-05-07 16h23.20.101524 +0200,
,,18,0,18,,,,,,,7,l05,medence,pool,5,location,facilities,6.6,145,None,61,None,"(-0.1, 0.1)",space,0.03898649988695979,None,,,,,,,,,0,0,0,0,0,15,15,15,18,0,18,0,289.69965120009147,,,,,,,,,,,,,,,,,,,,,,,,,,,,,,,,,,,,,,,,,,,,,,,,,,,,,,,,,,,,,,,,,,,,,,,,,,,,,,,,,,,,,,,,,,,,,,,,,,,,,,289.6864074000623,289.69965120009147,289.69965120009147,289.69965120009147,289.7502051999327,space,0.03898649988695979,None,,,,,,,,,,,,,,,,,P9615,MIC_Bar,7,1,2026-05-07_16h23.18.347,MIC_task,,2026.1.2,59.935473466347815,2026-05-07 16h23.20.101524 +0200,
,,15,15,0,,,,space,None,None,7,l05,medence,pool,5,location,facilities,6.6,145,None,61,None,"(-0.1, 0.1)",,,,,,,,,,,,0,0,0,0,0,15,15,15,,,,,,,,,,,,,,,,,,,,,,,,,,,,,,,,,,,,,,,,,,,,,,,,,,,,,,,,,,,,,,,,,,,,,,,,,,,,,,,,,,,,,,,,,,289.8140310999006,289.81939750001766,289.8158841666455,291.75229549990036,,,,,,293.75674830004573,293.77191710006446,293.77191710006446,293.9254129000474,,,,,,,,,,,,,291.77971299993806,291.7841684001032,291.7854729333271,293.67207899992354,293.7566972000059,space,None,None,,,,,,,,,P9615,MIC_Bar,7,1,2026-05-07_16h23.18.347,MIC_task,,2026.1.2,59.935473466347815,2026-05-07 16h23.20.101524 +0200,
,,0,0,0,,,,,,,7,pl04,rózsa,rose,7,plants,flower,6.8,69,None,73,None,"(0.1, 0)",None,,,,,,,,,,,0,0,0,0,0,16,16,16,0,0,0,0,293.93873939989135,,,,,,,,,,,,,,,,,,,,,,,,,,,,,,,,,,,,,,,,,,,,,,,,,,,,,,,,,,,,,,,,,,,,,,,,,,,,,,,,,,,,,,,,,,,,,,,,,,,,,,293.92879660008475,293.93873939989135,293.93873939989135,293.93873939989135,294.12520610005595,None,,,,,,,,,,,294.1392409000546,294.1392409000546,294.1392409000546,,,,,,P9615,MIC_Bar,7,1,2026-05-07_16h23.18.347,MIC_task,,2026.1.2,59.935473466347815,2026-05-07 16h23.20.101524 +0200,
,,0,0,0,,,,,,,7,pl04,rózsa,rose,7,plants,flower,6.8,69,None,73,None,"(0.1, 0)",None,,,,,,,,,,,0,0,0,0,0,16,16,16,0,0,0,0,294.1392409000546,,,,,,,,,,,,,,,,,,,,,,,,,,,,,,,,,,,,,,,,,,,,,,,,,,,,,,,,,,,,,,,,,,,,,,,,,,,,,,,,,,,,,,,,,,,,,,,,,,,,,,294.1282208999619,294.1392409000546,294.1392409000546,294.1392409000546,294.32344059995376,None,,,,,,,,,,,294.3395261000842,294.3395261000842,294.3395261000842,,,,,,P9615,MIC_Bar,7,1,2026-05-07_16h23.18.347,MIC_task,,2026.1.2,59.935473466347815,2026-05-07 16h23.20.101524 +0200,
,,1,0,1,,,,,,,7,pl04,rózsa,rose,7,plants,flower,6.8,69,None,73,None,"(0.1, 0)",None,,,,,,,,,,,0,0,0,0,0,16,16,16,1,0,1,0,294.3395261000842,,,,,,,,,,,,,,,,,,,,,,,,,,,,,,,,,,,,,,,,,,,,,,,,,,,,,,,,,,,,,,,,,,,,,,,,,,,,,,,,,,,,,,,,,,,,,,,,,,,,,,294.3264546999708,294.3395261000842,294.3395261000842,294.3395261000842,294.5238683000207,None,,,,,,,,,,,294.53992210002616,294.53992210002616,294.53992210002616,,,,,,P9615,MIC_Bar,7,1,2026-05-07_16h23.18.347,MIC_task,,2026.1.2,59.935473466347815,2026-05-07 16h23.20.101524 +0200,
,,2,0,2,,,,,,,7,pl04,rózsa,rose,7,plants,flower,6.8,69,None,73,None,"(0.1, 0)",None,,,,,,,,,,,0,0,0,0,0,16,16,16,2,0,2,0,294.53992210002616,,,,,,,,,,,,,,,,,,,,,,,,,,,,,,,,,,,,,,,,,,,,,,,,,,,,,,,,,,,,,,,,,,,,,,,,,,,,,,,,,,,,,,,,,,,,,,,,,,,,,,294.5271999000106,294.53992210002616,294.53992210002616,294.53992210002616,294.7242707000114,None,,,,,,,,,,,294.7402329000179,294.7402329000179,294.7402329000179,,,,,,P9615,MIC_Bar,7,1,2026-05-07_16h23.18.347,MIC_task,,2026.1.2,59.935473466347815,2026-05-07 16h23.20.101524 +0200,
,,3,0,3,,,,,,,7,pl04,rózsa,rose,7,plants,flower,6.8,69,None,73,None,"(0.1, 0)",None,,,,,,,,,,,0,0,0,0,0,16,16,16,3,0,3,0,294.7402329000179,,,,,,,,,,,,,,,,,,,,,,,,,,,,,,,,,,,,,,,,,,,,,,,,,,,,,,,,,,,,,,,,,,,,,,,,,,,,,,,,,,,,,,,,,,,,,,,,,,,,,,294.72790420008823,294.7402329000179,294.7402329000179,294.7402329000179,294.924570400035,None,,,,,,,,,,,294.9406268000603,294.9406268000603,294.9406268000603,,,,,,P9615,MIC_Bar,7,1,2026-05-07_16h23.18.347,MIC_task,,2026.1.2,59.935473466347815,2026-05-07 16h23.20.101524 +0200,
,,4,0,4,,,,,,,7,pl04,rózsa,rose,7,plants,flower,6.8,69,None,73,None,"(0.1, 0)",None,,,,,,,,,,,0,0,0,0,0,16,16,16,4,0,4,0,294.9406268000603,,,,,,,,,,,,,,,,,,,,,,,,,,,,,,,,,,,,,,,,,,,,,,,,,,,,,,,,,,,,,,,,,,,,,,,,,,,,,,,,,,,,,,,,,,,,,,,,,,,,,,294.92776020010933,294.9406268000603,294.9406268000603,294.9406268000603,295.1250042999163,None,,,,,,,,,,,295.1410562999081,295.1410562999081,295.1410562999081,,,,,,P9615,MIC_Bar,7,1,2026-05-07_16h23.18.347,MIC_task,,2026.1.2,59.935473466347815,2026-05-07 16h23.20.101524 +0200,
,,5,0,5,,,,,,,7,pl04,rózsa,rose,7,plants,flower,6.8,69,None,73,None,"(0.1, 0)",None,,,,,,,,,,,0,0,0,0,0,16,16,16,5,0,5,0,295.1410562999081,,,,,,,,,,,,,,,,,,,,,,,,,,,,,,,,,,,,,,,,,,,,,,,,,,,,,,,,,,,,,,,,,,,,,,,,,,,,,,,,,,,,,,,,,,,,,,,,,,,,,,295.12830869993195,295.1410562999081,295.1410562999081,295.1410562999081,295.32532830000855,None,,,,,,,,,,,295.3413575999439,295.3413575999439,295.3413575999439,,,,,,P9615,MIC_Bar,7,1,2026-05-07_16h23.18.347,MIC_task,,2026.1.2,59.935473466347815,2026-05-07 16h23.20.101524 +0200,
,,6,0,6,,,,,,,7,pl04,rózsa,rose,7,plants,flower,6.8,69,None,73,None,"(0.1, 0)",None,,,,,,,,,,,0,0,0,0,0,16,16,16,6,0,6,0,295.3413575999439,,,,,,,,,,,,,,,,,,,,,,,,,,,,,,,,,,,,,,,,,,,,,,,,,,,,,,,,,,,,,,,,,,,,,,,,,,,,,,,,,,,,,,,,,,,,,,,,,,,,,,295.3285401999019,295.3413575999439,295.3413575999439,295.3413575999439,295.5257995999418,None,,,,,,,,,,,295.5417887000367,295.5417887000367,295.5417887000367,,,,,,P9615,MIC_Bar,7,1,2026-05-07_16h23.18.347,MIC_task,,2026.1.2,59.935473466347815,2026-05-07 16h23.20.101524 +0200,
,,7,0,7,,,,,,,7,pl04,rózsa,rose,7,plants,flower,6.8,69,None,73,None,"(0.1, 0)",None,,,,,,,,,,,0,0,0,0,0,16,16,16,7,0,7,0,295.5417887000367,,,,,,,,,,,,,,,,,,,,,,,,,,,,,,,,,,,,,,,,,,,,,,,,,,,,,,,,,,,,,,,,,,,,,,,,,,,,,,,,,,,,,,,,,,,,,,,,,,,,,,295.52915389998816,295.5417887000367,295.5417887000367,295.5417887000367,295.7259780000895,None,,,,,,,,,,,295.7422364000231,295.7422364000231,295.7422364000231,,,,,,P9615,MIC_Bar,7,1,2026-05-07_16h23.18.347,MIC_task,,2026.1.2,59.935473466347815,2026-05-07 16h23.20.101524 +0200,
,,8,0,8,,,,,,,7,pl04,rózsa,rose,7,plants,flower,6.8,69,None,73,None,"(0.1, 0)",None,,,,,,,,,,,0,0,0,0,0,16,16,16,8,0,8,0,295.7422364000231,,,,,,,,,,,,,,,,,,,,,,,,,,,,,,,,,,,,,,,,,,,,,,,,,,,,,,,,,,,,,,,,,,,,,,,,,,,,,,,,,,,,,,,,,,,,,,,,,,,,,,295.7292059001047,295.7422364000231,295.7422364000231,295.7422364000231,295.9258240000345,None,,,,,,,,,,,,,,,,,,,P9615,MIC_Bar,7,1,2026-05-07_16h23.18.347,MIC_task,,2026.1.2,59.935473466347815,2026-05-07 16h23.20.101524 +0200,
,,9,0,9,,,,,,,7,pl04,rózsa,rose,7,plants,flower,6.8,69,None,73,None,"(0.1, 0)",None,,,,,,,,,,,0,0,0,0,0,16,16,16,9,0,9,0,295.94236209988594,,,,,,,,,,,,,,,,,,,,,,,,,,,,,,,,,,,,,,,,,,,,,,,,,,,,,,,,,,,,,,,,,,,,,,,,,,,,,,,,,,,,,,,,,,,,,,,,,,,,,,295.92896270006895,295.94236209988594,295.94236209988594,295.94236209988594,296.1278681999538,None,,,,,,,,,,,,,,,,,,,P9615,MIC_Bar,7,1,2026-05-07_16h23.18.347,MIC_task,,2026.1.2,59.935473466347815,2026-05-07 16h23.20.101524 +0200,
,,10,0,10,,,,,,,7,pl04,rózsa,rose,7,plants,flower,6.8,69,None,73,None,"(0.1, 0)",None,,,,,,,,,,,0,0,0,0,0,16,16,16,10,0,10,0,296.14284810004756,,,,,,,,,,,,,,,,,,,,,,,,,,,,,,,,,,,,,,,,,,,,,,,,,,,,,,,,,,,,,,,,,,,,,,,,,,,,,,,,,,,,,,,,,,,,,,,,,,,,,,296.1311925998889,296.14284810004756,296.14284810004756,296.14284810004756,296.32659760001116,None,,,,,,,,,,,,,,,,,,,P9615,MIC_Bar,7,1,2026-05-07_16h23.18.347,MIC_task,,2026.1.2,59.935473466347815,2026-05-07 16h23.20.101524 +0200,
,,11,0,11,,,,,,,7,pl04,rózsa,rose,7,plants,flower,6.8,69,None,73,None,"(0.1, 0)",None,,,,,,,,,,,0,0,0,0,0,16,16,16,11,0,11,0,296.34249010006897,,,,,,,,,,,,,,,,,,,,,,,,,,,,,,,,,,,,,,,,,,,,,,,,,,,,,,,,,,,,,,,,,,,,,,,,,,,,,,,,,,,,,,,,,,,,,,,,,,,,,,296.32985189999454,296.34249010006897,296.34249010006897,296.34249010006897,296.52628730004653,None,,,,,,,,,,,,,,,,,,,P9615,MIC_Bar,7,1,2026-05-07_16h23.18.347,MIC_task,,2026.1.2,59.935473466347815,2026-05-07 16h23.20.101524 +0200,
,,12,0,12,,,,,,,7,pl04,rózsa,rose,7,plants,flower,6.8,69,None,73,None,"(0.1, 0)",None,,,,,,,,,,,0,0,0,0,0,16,16,16,12,0,12,0,296.5428347000852,,,,,,,,,,,,,,,,,,,,,,,,,,,,,,,,,,,,,,,,,,,,,,,,,,,,,,,,,,,,,,,,,,,,,,,,,,,,,,,,,,,,,,,,,,,,,,,,,,,,,,296.5295319999568,296.5428347000852,296.5428347000852,296.5428347000852,296.72669870010577,None,,,,,,,,,,,,,,,,,,,P9615,MIC_Bar,7,1,2026-05-07_16h23.18.347,MIC_task,,2026.1.2,59.935473466347815,2026-05-07 16h23.20.101524 +0200,
,,13,0,13,,,,,,,7,pl04,rózsa,rose,7,plants,flower,6.8,69,None,73,None,"(0.1, 0)",None,,,,,,,,,,,0,0,0,0,0,16,16,16,13,0,13,0,296.74325589998625,,,,,,,,,,,,,,,,,,,,,,,,,,,,,,,,,,,,,,,,,,,,,,,,,,,,,,,,,,,,,,,,,,,,,,,,,,,,,,,,,,,,,,,,,,,,,,,,,,,,,,296.72994569991715,296.74325589998625,296.74325589998625,296.74325589998625,296.9269602999557,None,,,,,,,,,,,,,,,,,,,P9615,MIC_Bar,7,1,2026-05-07_16h23.18.347,MIC_task,,2026.1.2,59.935473466347815,2026-05-07 16h23.20.101524 +0200,
,,14,0,14,,,,,,,7,pl04,rózsa,rose,7,plants,flower,6.8,69,None,73,None,"(0.1, 0)",None,,,,,,,,,,,0,0,0,0,0,16,16,16,14,0,14,0,296.9435622000601,,,,,,,,,,,,,,,,,,,,,,,,,,,,,,,,,,,,,,,,,,,,,,,,,,,,,,,,,,,,,,,,,,,,,,,,,,,,,,,,,,,,,,,,,,,,,,,,,,,,,,296.9299906999804,296.9435622000601,296.9435622000601,296.9435622000601,297.1276024999097,None,,,,,,,,,,,,,,,,,,,P9615,MIC_Bar,7,1,2026-05-07_16h23.18.347,MIC_task,,2026.1.2,59.935473466347815,2026-05-07 16h23.20.101524 +0200,
,,15,0,15,,,,,,,7,pl04,rózsa,rose,7,plants,flower,6.8,69,None,73,None,"(0.1, 0)",None,,,,,,,,,,,0,0,0,0,0,16,16,16,15,0,15,0,297.1439435998909,,,,,,,,,,,,,,,,,,,,,,,,,,,,,,,,,,,,,,,,,,,,,,,,,,,,,,,,,,,,,,,,,,,,,,,,,,,,,,,,,,,,,,,,,,,,,,,,,,,,,,297.13097589998506,297.1439435998909,297.1439435998909,297.1439435998909,297.32939289999194,None,,,,,,,,,,,,,,,,,,,P9615,MIC_Bar,7,1,2026-05-07_16h23.18.347,MIC_task,,2026.1.2,59.935473466347815,2026-05-07 16h23.20.101524 +0200,
,,16,0,16,,,,,,,7,pl04,rózsa,rose,7,plants,flower,6.8,69,None,73,None,"(0.1, 0)",space,0.01786980009637773,None,,,,,,,,,0,0,0,0,0,16,16,16,16,0,16,0,297.34432219993323,,,,,,,,,,,,,,,,,,,,,,,,,,,,,,,,,,,,,,,,,,,,,,,,,,,,,,,,,,,,,,,,,,,,,,,,,,,,,,,,,,,,,,,,,,,,,,,,,,,,,,297.3326985000167,297.34432219993323,297.34432219993323,297.34432219993323,297.3635817000177,space,0.01786980009637773,None,,,,,,,,,,,,,,,,,P9615,MIC_Bar,7,1,2026-05-07_16h23.18.347,MIC_task,,2026.1.2,59.935473466347815,2026-05-07 16h23.20.101524 +0200,
,,16,16,0,,,,space,0.15497599984519184,None,7,pl04,rózsa,rose,7,plants,flower,6.8,69,None,73,None,"(0.1, 0)",,,,,,,,,,,,0,0,0,0,0,16,16,16,,,,,,,,,,,,,,,,,,,,,,,,,,,,,,,,,,,,,,,,,,,,,,,,,,,,,,,,,,,,,,,,,,,,,,,,,,,,,,,,,,,,,,,,,,297.4267535000108,297.43143970007077,297.42927366659666,299.3661881000735,,,,,,301.36732090008445,301.3838517998811,301.3838517998811,301.5532911999617,,,,,,,,,,,,,299.3921664999798,299.39714560005814,299.3993245334209,301.28396859997883,301.36726489989087,space,0.15497599984519184,None,,,,,,,,,P9615,MIC_Bar,7,1,2026-05-07_16h23.18.347,MIC_task,,2026.1.2,59.935473466347815,2026-05-07 16h23.20.101524 +0200,
,,0,0,0,,,,,,,7,v12,busz,bus,10,vehicles,wheels,6.8,None,None,None,19,"(0, 0)",None,,,,,,,,,,,0,0,0,0,0,17,17,17,0,0,0,0,301.58306040009484,,,,,,,,,,,,,,,,,,,,,,,,,,,,,,,,,,,,,,,,,,,,,,,,,,,,,,,,,,,,,,,,,,,,,,,,,,,,,,,,,,,,,,,,,,,,,,,,,,,,,,301.5782802000176,301.58306040009484,301.58306040009484,301.58306040009484,301.7679793999996,None,,,,,,,,,,,,,,,,,,,P9615,MIC_Bar,7,1,2026-05-07_16h23.18.347,MIC_task,,2026.1.2,59.935473466347815,2026-05-07 16h23.20.101524 +0200,
,,0,0,0,,,,,,,7,v12,busz,bus,10,vehicles,wheels,6.8,None,None,None,19,"(0, 0)",None,,,,,,,,,,,0,0,0,0,0,17,17,17,0,0,0,0,301.78443629993126,,,,,,,,,,,,,,,,,,,,,,,,,,,,,,,,,,,,,,,,,,,,,,,,,,,,,,,,,,,,,,,,,,,,,,,,,,,,,,,,,,,,,,,,,,,,,,,,,,,,,,301.7713134000078,301.78443629993126,301.78443629993126,301.78443629993126,301.9683642000891,None,,,,,,,,,,,,,,,,,,,P9615,MIC_Bar,7,1,2026-05-07_16h23.18.347,MIC_task,,2026.1.2,59.935473466347815,2026-05-07 16h23.20.101524 +0200,
,,1,0,1,,,,,,,7,v12,busz,bus,10,vehicles,wheels,6.8,None,None,None,19,"(0, 0)",None,,,,,,,,,,,0,0,0,0,0,17,17,17,1,0,1,0,301.9849616000429,,,,,,,,,,,,,,,,,,,,,,,,,,,,,,,,,,,,,,,,,,,,,,,,,,,,,,,,,,,,,,,,,,,,,,,,,,,,,,,,,,,,,,,,,,,,,,,,,,,,,,301.9715754999779,301.9849616000429,301.9849616000429,301.9849616000429,302.1689557998907,None,,,,,,,,,,,,,,,,,,,P9615,MIC_Bar,7,1,2026-05-07_16h23.18.347,MIC_task,,2026.1.2,59.935473466347815,2026-05-07 16h23.20.101524 +0200,
,,2,0,2,,,,,,,7,v12,busz,bus,10,vehicles,wheels,6.8,None,None,None,19,"(0, 0)",None,,,,,,,,,,,0,0,0,0,0,17,17,17,2,0,2,0,302.1851995999459,,,,,,,,,,,,,,,,,,,,,,,,,,,,,,,,,,,,,,,,,,,,,,,,,,,,,,,,,,,,,,,,,,,,,,,,,,,,,,,,,,,,,,,,,,,,,,,,,,,,,,302.1721286000684,302.1851995999459,302.1851995999459,302.1851995999459,302.36966899991967,None,,,,,,,,,,,,,,,,,,,P9615,MIC_Bar,7,1,2026-05-07_16h23.18.347,MIC_task,,2026.1.2,59.935473466347815,2026-05-07 16h23.20.101524 +0200,
,,3,0,3,,,,,,,7,v12,busz,bus,10,vehicles,wheels,6.8,None,None,None,19,"(0, 0)",None,,,,,,,,,,,0,0,0,0,0,17,17,17,3,0,3,0,302.38570159999654,,,,,,,,,,,,,,,,,,,,,,,,,,,,,,,,,,,,,,,,,,,,,,,,,,,,,,,,,,,,,,,,,,,,,,,,,,,,,,,,,,,,,,,,,,,,,,,,,,,,,,302.3730953000486,302.38570159999654,302.38570159999654,302.38570159999654,302.554258499993,None,,,,,,,,,,,,,,,,,,,P9615,MIC_Bar,7,1,2026-05-07_16h23.18.347,MIC_task,,2026.1.2,59.935473466347815,2026-05-07 16h23.20.101524 +0200,
,,4,0,4,,,,,,,7,v12,busz,bus,10,vehicles,wheels,6.8,None,None,None,19,"(0, 0)",None,,,,,,,,,,,0,0,0,0,0,17,17,17,4,0,4,0,302.56924830004573,,,,,,,,,,,,,,,,,,,,,,,,,,,,,,,,,,,,,,,,,,,,,,,,,,,,,,,,,,,,,,,,,,,,,,,,,,,,,,,,,,,,,,,,,,,,,,,,,,,,,,302.5575594000984,302.56924830004573,302.56924830004573,302.56924830004573,302.7544968998991,None,,,,,,,,,,,,,,,,,,,P9615,MIC_Bar,7,1,2026-05-07_16h23.18.347,MIC_task,,2026.1.2,59.935473466347815,2026-05-07 16h23.20.101524 +0200,
,,5,0,5,,,,,,,7,v12,busz,bus,10,vehicles,wheels,6.8,None,None,None,19,"(0, 0)",None,,,,,,,,,,,0,0,0,0,0,17,17,17,5,0,5,0,302.76884760009125,,,,,,,,,,,,,,,,,,,,,,,,,,,,,,,,,,,,,,,,,,,,,,,,,,,,,,,,,,,,,,,,,,,,,,,,,,,,,,,,,,,,,,,,,,,,,,,,,,,,,,302.7578710000962,302.76884760009125,302.76884760009125,302.76884760009125,302.95395880006254,None,,,,,,,,,,,302.9692573000211,302.9692573000211,302.9692573000211,,,,,,P9615,MIC_Bar,7,1,2026-05-07_16h23.18.347,MIC_task,,2026.1.2,59.935473466347815,2026-05-07 16h23.20.101524 +0200,
,,6,0,6,,,,,,,7,v12,busz,bus,10,vehicles,wheels,6.8,None,None,None,19,"(0, 0)",None,,,,,,,,,,,0,0,0,0,0,17,17,17,6,0,6,0,302.9692573000211,,,,,,,,,,,,,,,,,,,,,,,,,,,,,,,,,,,,,,,,,,,,,,,,,,,,,,,,,,,,,,,,,,,,,,,,,,,,,,,,,,,,,,,,,,,,,,,,,,,,,,302.9572016999591,302.9692573000211,302.9692573000211,302.9692573000211,303.1534901999403,None,,,,,,,,,,,303.1696824999526,303.1696824999526,303.1696824999526,,,,,,P9615,MIC_Bar,7,1,2026-05-07_16h23.18.347,MIC_task,,2026.1.2,59.935473466347815,2026-05-07 16h23.20.101524 +0200,
,,7,0,7,,,,,,,7,v12,busz,bus,10,vehicles,wheels,6.8,None,None,None,19,"(0, 0)",None,,,,,,,,,,,0,0,0,0,0,17,17,17,7,0,7,0,303.1696824999526,,,,,,,,,,,,,,,,,,,,,,,,,,,,,,,,,,,,,,,,,,,,,,,,,,,,,,,,,,,,,,,,,,,,,,,,,,,,,,,,,,,,,,,,,,,,,,,,,,,,,,303.15676989988424,303.1696824999526,303.1696824999526,303.1696824999526,303.35359290009364,None,,,,,,,,,,,,,,,,,,,P9615,MIC_Bar,7,1,2026-05-07_16h23.18.347,MIC_task,,2026.1.2,59.935473466347815,2026-05-07 16h23.20.101524 +0200,
,,8,0,8,,,,,,,7,v12,busz,bus,10,vehicles,wheels,6.8,None,None,None,19,"(0, 0)",None,,,,,,,,,,,0,0,0,0,0,17,17,17,8,0,8,0,303.37002980010584,,,,,,,,,,,,,,,,,,,,,,,,,,,,,,,,,,,,,,,,,,,,,,,,,,,,,,,,,,,,,,,,,,,,,,,,,,,,,,,,,,,,,,,,,,,,,,,,,,,,,,303.35673610004596,303.37002980010584,303.37002980010584,303.37002980010584,303.5538216000423,None,,,,,,,,,,,,,,,,,,,P9615,MIC_Bar,7,1,2026-05-07_16h23.18.347,MIC_task,,2026.1.2,59.935473466347815,2026-05-07 16h23.20.101524 +0200,
,,9,0,9,,,,,,,7,v12,busz,bus,10,vehicles,wheels,6.8,None,None,None,19,"(0, 0)",None,,,,,,,,,,,0,0,0,0,0,17,17,17,9,0,9,0,303.5703459000215,,,,,,,,,,,,,,,,,,,,,,,,,,,,,,,,,,,,,,,,,,,,,,,,,,,,,,,,,,,,,,,,,,,,,,,,,,,,,,,,,,,,,,,,,,,,,,,,,,,,,,303.5570179000497,303.5703459000215,303.5703459000215,303.5703459000215,303.754562899936,None,,,,,,,,,,,,,,,,,,,P9615,MIC_Bar,7,1,2026-05-07_16h23.18.347,MIC_task,,2026.1.2,59.935473466347815,2026-05-07 16h23.20.101524 +0200,
,,10,0,10,,,,,,,7,v12,busz,bus,10,vehicles,wheels,6.8,None,None,None,19,"(0, 0)",None,,,,,,,,,,,0,0,0,0,0,17,17,17,10,0,10,0,303.77077990002,,,,,,,,,,,,,,,,,,,,,,,,,,,,,,,,,,,,,,,,,,,,,,,,,,,,,,,,,,,,,,,,,,,,,,,,,,,,,,,,,,,,,,,,,,,,,,,,,,,,,,303.7579198000021,303.77077990002,303.77077990002,303.77077990002,303.9545583999716,None,,,,,,,,,,,,,,,,,,,P9615,MIC_Bar,7,1,2026-05-07_16h23.18.347,MIC_task,,2026.1.2,59.935473466347815,2026-05-07 16h23.20.101524 +0200,
,,11,0,11,,,,,,,7,v12,busz,bus,10,vehicles,wheels,6.8,None,None,None,19,"(0, 0)",None,,,,,,,,,,,0,0,0,0,0,17,17,17,11,0,11,0,303.9710015999153,,,,,,,,,,,,,,,,,,,,,,,,,,,,,,,,,,,,,,,,,,,,,,,,,,,,,,,,,,,,,,,,,,,,,,,,,,,,,,,,,,,,,,,,,,,,,,,,,,,,,,303.9583411999047,303.9710015999153,303.9710015999153,303.9710015999153,304.15492110000923,None,,,,,,,,,,,,,,,,,,,P9615,MIC_Bar,7,1,2026-05-07_16h23.18.347,MIC_task,,2026.1.2,59.935473466347815,2026-05-07 16h23.20.101524 +0200,
,,12,0,12,,,,,,,7,v12,busz,bus,10,vehicles,wheels,6.8,None,None,None,19,"(0, 0)",None,,,,,,,,,,,0,0,0,0,0,17,17,17,12,0,12,0,304.17139960010536,,,,,,,,,,,,,,,,,,,,,,,,,,,,,,,,,,,,,,,,,,,,,,,,,,,,,,,,,,,,,,,,,,,,,,,,,,,,,,,,,,,,,,,,,,,,,,,,,,,,,,304.1584314000793,304.17139960010536,304.17139960010536,304.17139960010536,304.35541249997914,None,,,,,,,,,,,,,,,,,,,P9615,MIC_Bar,7,1,2026-05-07_16h23.18.347,MIC_task,,2026.1.2,59.935473466347815,2026-05-07 16h23.20.101524 +0200,
,,13,0,13,,,,,,,7,v12,busz,bus,10,vehicles,wheels,6.8,None,None,None,19,"(0, 0)",None,,,,,,,,,,,0,0,0,0,0,17,17,17,13,0,13,0,304.3718568000477,,,,,,,,,,,,,,,,,,,,,,,,,,,,,,,,,,,,,,,,,,,,,,,,,,,,,,,,,,,,,,,,,,,,,,,,,,,,,,,,,,,,,,,,,,,,,,,,,,,,,,304.35900459997356,304.3718568000477,304.3718568000477,304.3718568000477,304.55580709991045,None,,,,,,,,,,,,,,,,,,,P9615,MIC_Bar,7,1,2026-05-07_16h23.18.347,MIC_task,,2026.1.2,59.935473466347815,2026-05-07 16h23.20.101524 +0200,
,,14,0,14,,,,,,,7,v12,busz,bus,10,vehicles,wheels,6.8,None,None,None,19,"(0, 0)",None,,,,,,,,,,,0,0,0,0,0,17,17,17,14,0,14,0,304.57222900004126,,,,,,,,,,,,,,,,,,,,,,,,,,,,,,,,,,,,,,,,,,,,,,,,,,,,,,,,,,,,,,,,,,,,,,,,,,,,,,,,,,,,,,,,,,,,,,,,,,,,,,304.559062999906,304.57222900004126,304.57222900004126,304.57222900004126,304.75703280000016,None,,,,,,,,,,,,,,,,,,,P9615,MIC_Bar,7,1,2026-05-07_16h23.18.347,MIC_task,,2026.1.2,59.935473466347815,2026-05-07 16h23.20.101524 +0200,
,,15,0,15,,,,,,,7,v12,busz,bus,10,vehicles,wheels,6.8,None,None,None,19,"(0, 0)",None,,,,,,,,,,,0,0,0,0,0,17,17,17,15,0,15,0,304.7725760000758,,,,,,,,,,,,,,,,,,,,,,,,,,,,,,,,,,,,,,,,,,,,,,,,,,,,,,,,,,,,,,,,,,,,,,,,,,,,,,,,,,,,,,,,,,,,,,,,,,,,,,304.7604310999159,304.7725760000758,304.7725760000758,304.7725760000758,304.9579642000608,None,,,,,,,,,,,,,,,,,,,P9615,MIC_Bar,7,1,2026-05-07_16h23.18.347,MIC_task,,2026.1.2,59.935473466347815,2026-05-07 16h23.20.101524 +0200,
,,16,0,16,,,,,,,7,v12,busz,bus,10,vehicles,wheels,6.8,None,None,None,19,"(0, 0)",None,,,,,,,,,,,0,0,0,0,0,17,17,17,16,0,16,0,304.9729659999721,,,,,,,,,,,,,,,,,,,,,,,,,,,,,,,,,,,,,,,,,,,,,,,,,,,,,,,,,,,,,,,,,,,,,,,,,,,,,,,,,,,,,,,,,,,,,,,,,,,,,,304.96131919999607,304.9729659999721,304.9729659999721,304.9729659999721,305.1574375999626,None,,,,,,,,,,,,,,,,,,,P9615,MIC_Bar,7,1,2026-05-07_16h23.18.347,MIC_task,,2026.1.2,59.935473466347815,2026-05-07 16h23.20.101524 +0200,
,,17,0,17,,,,,,,7,v12,busz,bus,10,vehicles,wheels,6.8,None,None,None,19,"(0, 0)",None,,,,,,,,,,,0,0,0,0,0,17,17,17,17,0,17,0,305.17261769995093,,,,,,,,,,,,,,,,,,,,,,,,,,,,,,,,,,,,,,,,,,,,,,,,,,,,,,,,,,,,,,,,,,,,,,,,,,,,,,,,,,,,,,,,,,,,,,,,,,,,,,305.1606781000737,305.17261769995093,305.17261769995093,305.17261769995093,305.35635549994186,None,,,,,,,,,,,,,,,,,,,P9615,MIC_Bar,7,1,2026-05-07_16h23.18.347,MIC_task,,2026.1.2,59.935473466347815,2026-05-07 16h23.20.101524 +0200,
,,18,0,18,,,,,,,7,v12,busz,bus,10,vehicles,wheels,6.8,None,None,None,19,"(0, 0)",None,,,,,,,,,,,0,0,0,0,0,17,17,17,18,0,18,0,305.37293449998833,,,,,,,,,,,,,,,,,,,,,,,,,,,,,,,,,,,,,,,,,,,,,,,,,,,,,,,,,,,,,,,,,,,,,,,,,,,,,,,,,,,,,,,,,,,,,,,,,,,,,,305.3597118000034,305.37293449998833,305.37293449998833,305.37293449998833,305.55813720007427,None,,,,,,,,,,,,,,,,,,,P9615,MIC_Bar,7,1,2026-05-07_16h23.18.347,MIC_task,,2026.1.2,59.935473466347815,2026-05-07 16h23.20.101524 +0200,
,,19,0,19,,,,,,,7,v12,busz,bus,10,vehicles,wheels,6.8,None,None,None,19,"(0, 0)",None,,,,,,,,,,,0,0,0,0,0,17,17,17,19,0,19,0,305.5733441999182,,,,,,,,,,,,,,,,,,,,,,,,,,,,,,,,,,,,,,,,,,,,,,,,,,,,,,,,,,,,,,,,,,,,,,,,,,,,,,,,,,,,,,,,,,,,,,,,,,,,,,305.5614263000898,305.5733441999182,305.5733441999182,305.5733441999182,305.758686499903,None,,,,,,,,,,,,,,,,,,,P9615,MIC_Bar,7,1,2026-05-07_16h23.18.347,MIC_task,,2026.1.2,59.935473466347815,2026-05-07 16h23.20.101524 +0200,
,,20,0,20,,,,,,,7,v12,busz,bus,10,vehicles,wheels,6.8,None,None,None,19,"(0, 0)",None,,,,,,,,,,,0,0,0,0,0,17,17,17,20,0,20,0,305.7737453998998,,,,,,,,,,,,,,,,,,,,,,,,,,,,,,,,,,,,,,,,,,,,,,,,,,,,,,,,,,,,,,,,,,,,,,,,,,,,,,,,,,,,,,,,,,,,,,,,,,,,,,305.7621744000353,305.7737453998998,305.7737453998998,305.7737453998998,305.9591240999289,None,,,,,,,,,,,,,,,,,,,P9615,MIC_Bar,7,1,2026-05-07_16h23.18.347,MIC_task,,2026.1.2,59.935473466347815,2026-05-07 16h23.20.101524 +0200,
,,21,0,21,,,,,,,7,v12,busz,bus,10,vehicles,wheels,6.8,None,None,None,19,"(0, 0)",None,,,,,,,,,,,0,0,0,0,0,17,17,17,21,0,21,0,305.9740985999815,,,,,,,,,,,,,,,,,,,,,,,,,,,,,,,,,,,,,,,,,,,,,,,,,,,,,,,,,,,,,,,,,,,,,,,,,,,,,,,,,,,,,,,,,,,,,,,,,,,,,,305.9624083000235,305.9740985999815,305.9740985999815,305.9740985999815,306.1578542999923,None,,,,,,,,,,,,,,,,,,,P9615,MIC_Bar,7,1,2026-05-07_16h23.18.347,MIC_task,,2026.1.2,59.935473466347815,2026-05-07 16h23.20.101524 +0200,
,,22,0,22,,,,,,,7,v12,busz,bus,10,vehicles,wheels,6.8,None,None,None,19,"(0, 0)",space,None,None,,,,,,,,,0,0,0,0,0,17,17,17,22,0,22,0,306.1745029001031,,,,,,,,,,,,,,,,,,,,,,,,,,,,,,,,,,,,,,,,,,,,,,,,,,,,,,,,,,,,,,,,,,,,,,,,,,,,,,,,,,,,,,,,,,,,,,,,,,,,,,306.1610409999266,306.1745029001031,306.1745029001031,306.1745029001031,306.2258375000674,space,None,None,,,,,,,,,,,,,,,,,P9615,MIC_Bar,7,1,2026-05-07_16h23.18.347,MIC_task,,2026.1.2,59.935473466347815,2026-05-07 16h23.20.101524 +0200,
,,17,17,0,,,,space,0.7539657999295741,None,7,v12,busz,bus,10,vehicles,wheels,6.8,None,None,None,19,"(0, 0)",,,,,,,,,,,,0,0,0,0,0,17,17,17,,,,,,,,,,,,,,,,,,,,,,,,,,,,,,,,,,,,,,,,,,,,,,,,,,,,,,,,,,,,,,,,,,,,,,,,,,,,,,,,,,,,,,,,,,306.28833930008113,306.29433860001154,306.29147656659285,308.2291516000405,,,,,,310.23087939992547,310.24910099990666,310.24910099990666,311.0165923999157,,,,,,,,,,,,,308.258043800015,308.26337369997054,308.2623539333076,310.14676939998753,310.2308239999693,space,0.7539657999295741,None,,,,,,,,,P9615,MIC_Bar,7,1,2026-05-07_16h23.18.347,MIC_task,,2026.1.2,59.935473466347815,2026-05-07 16h23.20.101524 +0200,
,,0,0,0,,,,,,,7,ty27,labda,ball,9,toys,sport,7,148,18,34,None,"(0, -0.1)",None,,,,,,,,,,,0,0,0,0,0,18,18,18,0,0,0,0,311.0499511999078,,,,,,,,,,,,,,,,,,,,,,,,,,,,,,,,,,,,,,,,,,,,,,,,,,,,,,,,,,,,,,,,,,,,,,,,,,,,,,,,,,,,,,,,,,,,,,,,,,,,,,311.04389919992536,311.0499511999078,311.0499511999078,311.0499511999078,311.217420599889,None,,,,,,,,,,,,,,,,,,,P9615,MIC_Bar,7,1,2026-05-07_16h23.18.347,MIC_task,,2026.1.2,59.935473466347815,2026-05-07 16h23.20.101524 +0200,
,,0,0,0,,,,,,,7,ty27,labda,ball,9,toys,sport,7,148,18,34,None,"(0, -0.1)",None,,,,,,,,,,,0,0,0,0,0,18,18,18,0,0,0,0,311.23169840010814,,,,,,,,,,,,,,,,,,,,,,,,,,,,,,,,,,,,,,,,,,,,,,,,,,,,,,,,,,,,,,,,,,,,,,,,,,,,,,,,,,,,,,,,,,,,,,,,,,,,,,311.22052110009827,311.23169840010814,311.23169840010814,311.23169840010814,311.41648930008523,None,,,,,,,,,,,311.4321391999256,311.4321391999256,311.4321391999256,,,,,,P9615,MIC_Bar,7,1,2026-05-07_16h23.18.347,MIC_task,,2026.1.2,59.935473466347815,2026-05-07 16h23.20.101524 +0200,
,,1,0,1,,,,,,,7,ty27,labda,ball,9,toys,sport,7,148,18,34,None,"(0, -0.1)",None,,,,,,,,,,,0,0,0,0,0,18,18,18,1,0,1,0,311.4321391999256,,,,,,,,,,,,,,,,,,,,,,,,,,,,,,,,,,,,,,,,,,,,,,,,,,,,,,,,,,,,,,,,,,,,,,,,,,,,,,,,,,,,,,,,,,,,,,,,,,,,,,311.41963530005887,311.4321391999256,311.4321391999256,311.4321391999256,311.61732840002514,None,,,,,,,,,,,,,,,,,,,P9615,MIC_Bar,7,1,2026-05-07_16h23.18.347,MIC_task,,2026.1.2,59.935473466347815,2026-05-07 16h23.20.101524 +0200,
,,2,0,2,,,,,,,7,ty27,labda,ball,9,toys,sport,7,148,18,34,None,"(0, -0.1)",None,,,,,,,,,,,0,0,0,0,0,18,18,18,2,0,2,0,311.6324698999524,,,,,,,,,,,,,,,,,,,,,,,,,,,,,,,,,,,,,,,,,,,,,,,,,,,,,,,,,,,,,,,,,,,,,,,,,,,,,,,,,,,,,,,,,,,,,,,,,,,,,,311.6210223999806,311.6324698999524,311.6324698999524,311.6324698999524,311.8176951999776,None,,,,,,,,,,,,,,,,,,,P9615,MIC_Bar,7,1,2026-05-07_16h23.18.347,MIC_task,,2026.1.2,59.935473466347815,2026-05-07 16h23.20.101524 +0200,
,,3,0,3,,,,,,,7,ty27,labda,ball,9,toys,sport,7,148,18,34,None,"(0, -0.1)",None,,,,,,,,,,,0,0,0,0,0,18,18,18,3,0,3,0,311.8328801000025,,,,,,,,,,,,,,,,,,,,,,,,,,,,,,,,,,,,,,,,,,,,,,,,,,,,,,,,,,,,,,,,,,,,,,,,,,,,,,,,,,,,,,,,,,,,,,,,,,,,,,311.82080859993584,311.8328801000025,311.8328801000025,311.8328801000025,312.0171733000316,None,,,,,,,,,,,312.03321080002934,312.03321080002934,312.03321080002934,,,,,,P9615,MIC_Bar,7,1,2026-05-07_16h23.18.347,MIC_task,,2026.1.2,59.935473466347815,2026-05-07 16h23.20.101524 +0200,
,,4,0,4,,,,,,,7,ty27,labda,ball,9,toys,sport,7,148,18,34,None,"(0, -0.1)",None,,,,,,,,,,,0,0,0,0,0,18,18,18,4,0,4,0,312.03321080002934,,,,,,,,,,,,,,,,,,,,,,,,,,,,,,,,,,,,,,,,,,,,,,,,,,,,,,,,,,,,,,,,,,,,,,,,,,,,,,,,,,,,,,,,,,,,,,,,,,,,,,312.0201759999618,312.03321080002934,312.03321080002934,312.03321080002934,312.21700530010276,None,,,,,,,,,,,,,,,,,,,P9615,MIC_Bar,7,1,2026-05-07_16h23.18.347,MIC_task,,2026.1.2,59.935473466347815,2026-05-07 16h23.20.101524 +0200,
,,5,0,5,,,,,,,7,ty27,labda,ball,9,toys,sport,7,148,18,34,None,"(0, -0.1)",None,,,,,,,,,,,0,0,0,0,0,18,18,18,5,0,5,0,312.2336534000933,,,,,,,,,,,,,,,,,,,,,,,,,,,,,,,,,,,,,,,,,,,,,,,,,,,,,,,,,,,,,,,,,,,,,,,,,,,,,,,,,,,,,,,,,,,,,,,,,,,,,,312.21992730000056,312.2336534000933,312.2336534000933,312.2336534000933,312.41902390006,None,,,,,,,,,,,,,,,,,,,P9615,MIC_Bar,7,1,2026-05-07_16h23.18.347,MIC_task,,2026.1.2,59.935473466347815,2026-05-07 16h23.20.101524 +0200,
,,6,0,6,,,,,,,7,ty27,labda,ball,9,toys,sport,7,148,18,34,None,"(0, -0.1)",None,,,,,,,,,,,0,0,0,0,0,18,18,18,6,0,6,0,312.43404310010374,,,,,,,,,,,,,,,,,,,,,,,,,,,,,,,,,,,,,,,,,,,,,,,,,,,,,,,,,,,,,,,,,,,,,,,,,,,,,,,,,,,,,,,,,,,,,,,,,,,,,,312.42209840007126,312.43404310010374,312.43404310010374,312.43404310010374,312.6177777000703,None,,,,,,,,,,,,,,,,,,,P9615,MIC_Bar,7,1,2026-05-07_16h23.18.347,MIC_task,,2026.1.2,59.935473466347815,2026-05-07 16h23.20.101524 +0200,
,,7,0,7,,,,,,,7,ty27,labda,ball,9,toys,sport,7,148,18,34,None,"(0, -0.1)",None,,,,,,,,,,,0,0,0,0,0,18,18,18,7,0,7,0,312.63431679992937,,,,,,,,,,,,,,,,,,,,,,,,,,,,,,,,,,,,,,,,,,,,,,,,,,,,,,,,,,,,,,,,,,,,,,,,,,,,,,,,,,,,,,,,,,,,,,,,,,,,,,312.6208254999947,312.63431679992937,312.63431679992937,312.63431679992937,312.8182353999,None,,,,,,,,,,,,,,,,,,,P9615,MIC_Bar,7,1,2026-05-07_16h23.18.347,MIC_task,,2026.1.2,59.935473466347815,2026-05-07 16h23.20.101524 +0200,
,,8,0,8,,,,,,,7,ty27,labda,ball,9,toys,sport,7,148,18,34,None,"(0, -0.1)",None,,,,,,,,,,,0,0,0,0,0,18,18,18,8,0,8,0,312.83465149998665,,,,,,,,,,,,,,,,,,,,,,,,,,,,,,,,,,,,,,,,,,,,,,,,,,,,,,,,,,,,,,,,,,,,,,,,,,,,,,,,,,,,,,,,,,,,,,,,,,,,,,312.82192240003496,312.83465149998665,312.83465149998665,312.83465149998665,313.0202766000293,None,,,,,,,,,,,,,,,,,,,P9615,MIC_Bar,7,1,2026-05-07_16h23.18.347,MIC_task,,2026.1.2,59.935473466347815,2026-05-07 16h23.20.101524 +0200,
,,9,0,9,,,,,,,7,ty27,labda,ball,9,toys,sport,7,148,18,34,None,"(0, -0.1)",None,,,,,,,,,,,0,0,0,0,0,18,18,18,9,0,9,0,313.03508129995316,,,,,,,,,,,,,,,,,,,,,,,,,,,,,,,,,,,,,,,,,,,,,,,,,,,,,,,,,,,,,,,,,,,,,,,,,,,,,,,,,,,,,,,,,,,,,,,,,,,,,,313.02367689996026,313.03508129995316,313.03508129995316,313.03508129995316,313.22039490006864,None,,,,,,,,,,,,,,,,,,,P9615,MIC_Bar,7,1,2026-05-07_16h23.18.347,MIC_task,,2026.1.2,59.935473466347815,2026-05-07 16h23.20.101524 +0200,
,,10,0,10,,,,,,,7,ty27,labda,ball,9,toys,sport,7,148,18,34,None,"(0, -0.1)",None,,,,,,,,,,,0,0,0,0,0,18,18,18,10,0,10,0,313.2354892999865,,,,,,,,,,,,,,,,,,,,,,,,,,,,,,,,,,,,,,,,,,,,,,,,,,,,,,,,,,,,,,,,,,,,,,,,,,,,,,,,,,,,,,,,,,,,,,,,,,,,,,313.2233812001068,313.2354892999865,313.2354892999865,313.2354892999865,313.4198803000618,None,,,,,,,,,,,,,,,,,,,P9615,MIC_Bar,7,1,2026-05-07_16h23.18.347,MIC_task,,2026.1.2,59.935473466347815,2026-05-07 16h23.20.101524 +0200,
,,11,0,11,,,,,,,7,ty27,labda,ball,9,toys,sport,7,148,18,34,None,"(0, -0.1)",None,,,,,,,,,,,0,0,0,0,0,18,18,18,11,0,11,0,313.43583419988863,,,,,,,,,,,,,,,,,,,,,,,,,,,,,,,,,,,,,,,,,,,,,,,,,,,,,,,,,,,,,,,,,,,,,,,,,,,,,,,,,,,,,,,,,,,,,,,,,,,,,,313.42306840000674,313.43583419988863,313.43583419988863,313.43583419988863,313.62032829993404,None,,,,,,,,,,,,,,,,,,,P9615,MIC_Bar,7,1,2026-05-07_16h23.18.347,MIC_task,,2026.1.2,59.935473466347815,2026-05-07 16h23.20.101524 +0200,
,,12,0,12,,,,,,,7,ty27,labda,ball,9,toys,sport,7,148,18,34,None,"(0, -0.1)",None,,,,,,,,,,,0,0,0,0,0,18,18,18,12,0,12,0,313.63551839999855,,,,,,,,,,,,,,,,,,,,,,,,,,,,,,,,,,,,,,,,,,,,,,,,,,,,,,,,,,,,,,,,,,,,,,,,,,,,,,,,,,,,,,,,,,,,,,,,,,,,,,313.62341180001386,313.63551839999855,313.63551839999855,313.63551839999855,313.82076440006495,None,,,,,,,,,,,,,,,,,,,P9615,MIC_Bar,7,1,2026-05-07_16h23.18.347,MIC_task,,2026.1.2,59.935473466347815,2026-05-07 16h23.20.101524 +0200,
,,13,0,13,,,,,,,7,ty27,labda,ball,9,toys,sport,7,148,18,34,None,"(0, -0.1)",None,,,,,,,,,,,0,0,0,0,0,18,18,18,13,0,13,0,313.8358332000207,,,,,,,,,,,,,,,,,,,,,,,,,,,,,,,,,,,,,,,,,,,,,,,,,,,,,,,,,,,,,,,,,,,,,,,,,,,,,,,,,,,,,,,,,,,,,,,,,,,,,,313.8239565999247,313.8358332000207,313.8358332000207,313.8358332000207,314.0211100000888,None,,,,,,,,,,,,,,,,,,,P9615,MIC_Bar,7,1,2026-05-07_16h23.18.347,MIC_task,,2026.1.2,59.935473466347815,2026-05-07 16h23.20.101524 +0200,
,,14,0,14,,,,,,,7,ty27,labda,ball,9,toys,sport,7,148,18,34,None,"(0, -0.1)",None,,,,,,,,,,,0,0,0,0,0,18,18,18,14,0,14,0,314.0361490000505,,,,,,,,,,,,,,,,,,,,,,,,,,,,,,,,,,,,,,,,,,,,,,,,,,,,,,,,,,,,,,,,,,,,,,,,,,,,,,,,,,,,,,,,,,,,,,,,,,,,,,314.02405959996395,314.0361490000505,314.0361490000505,314.0361490000505,314.21999979997054,None,,,,,,,,,,,,,,,,,,,P9615,MIC_Bar,7,1,2026-05-07_16h23.18.347,MIC_task,,2026.1.2,59.935473466347815,2026-05-07 16h23.20.101524 +0200,
,,15,0,15,,,,,,,7,ty27,labda,ball,9,toys,sport,7,148,18,34,None,"(0, -0.1)",None,,,,,,,,,,,0,0,0,0,0,18,18,18,15,0,15,0,314.2365852999501,,,,,,,,,,,,,,,,,,,,,,,,,,,,,,,,,,,,,,,,,,,,,,,,,,,,,,,,,,,,,,,,,,,,,,,,,,,,,,,,,,,,,,,,,,,,,,,,,,,,,,314.2228677999228,314.2365852999501,314.2365852999501,314.2365852999501,314.4203808000311,None,,,,,,,,,,,,,,,,,,,P9615,MIC_Bar,7,1,2026-05-07_16h23.18.347,MIC_task,,2026.1.2,59.935473466347815,2026-05-07 16h23.20.101524 +0200,
,,16,0,16,,,,,,,7,ty27,labda,ball,9,toys,sport,7,148,18,34,None,"(0, -0.1)",None,,,,,,,,,,,0,0,0,0,0,18,18,18,16,0,16,0,314.43698129989207,,,,,,,,,,,,,,,,,,,,,,,,,,,,,,,,,,,,,,,,,,,,,,,,,,,,,,,,,,,,,,,,,,,,,,,,,,,,,,,,,,,,,,,,,,,,,,,,,,,,,,314.42348279990256,314.43698129989207,314.43698129989207,314.43698129989207,314.6207306999713,None,,,,,,,,,,,,,,,,,,,P9615,MIC_Bar,7,1,2026-05-07_16h23.18.347,MIC_task,,2026.1.2,59.935473466347815,2026-05-07 16h23.20.101524 +0200,
,,17,0,17,,,,,,,7,ty27,labda,ball,9,toys,sport,7,148,18,34,None,"(0, -0.1)",None,,,,,,,,,,,0,0,0,0,0,18,18,18,17,0,17,0,314.63729449990205,,,,,,,,,,,,,,,,,,,,,,,,,,,,,,,,,,,,,,,,,,,,,,,,,,,,,,,,,,,,,,,,,,,,,,,,,,,,,,,,,,,,,,,,,,,,,,,,,,,,,,314.62422779994085,314.63729449990205,314.63729449990205,314.63729449990205,314.8211280000396,None,,,,,,,,,,,,,,,,,,,P9615,MIC_Bar,7,1,2026-05-07_16h23.18.347,MIC_task,,2026.1.2,59.935473466347815,2026-05-07 16h23.20.101524 +0200,
,,18,0,18,,,,,,,7,ty27,labda,ball,9,toys,sport,7,148,18,34,None,"(0, -0.1)",None,,,,,,,,,,,0,0,0,0,0,18,18,18,18,0,18,0,314.83768299990334,,,,,,,,,,,,,,,,,,,,,,,,,,,,,,,,,,,,,,,,,,,,,,,,,,,,,,,,,,,,,,,,,,,,,,,,,,,,,,,,,,,,,,,,,,,,,,,,,,,,,,314.8241167999804,314.83768299990334,314.83768299990334,314.83768299990334,315.021456199931,None,,,,,,,,,,,,,,,,,,,P9615,MIC_Bar,7,1,2026-05-07_16h23.18.347,MIC_task,,2026.1.2,59.935473466347815,2026-05-07 16h23.20.101524 +0200,
,,19,0,19,,,,,,,7,ty27,labda,ball,9,toys,sport,7,148,18,34,None,"(0, -0.1)",None,,,,,,,,,,,0,0,0,0,0,18,18,18,19,0,19,0,315.0379564999603,,,,,,,,,,,,,,,,,,,,,,,,,,,,,,,,,,,,,,,,,,,,,,,,,,,,,,,,,,,,,,,,,,,,,,,,,,,,,,,,,,,,,,,,,,,,,,,,,,,,,,315.02464869990945,315.0379564999603,315.0379564999603,315.0379564999603,315.22191429999657,None,,,,,,,,,,,,,,,,,,,P9615,MIC_Bar,7,1,2026-05-07_16h23.18.347,MIC_task,,2026.1.2,59.935473466347815,2026-05-07 16h23.20.101524 +0200,
,,20,0,20,,,,,,,7,ty27,labda,ball,9,toys,sport,7,148,18,34,None,"(0, -0.1)",None,,,,,,,,,,,0,0,0,0,0,18,18,18,20,0,20,0,315.23848469997756,,,,,,,,,,,,,,,,,,,,,,,,,,,,,,,,,,,,,,,,,,,,,,,,,,,,,,,,,,,,,,,,,,,,,,,,,,,,,,,,,,,,,,,,,,,,,,,,,,,,,,315.22490260005,315.23848469997756,315.23848469997756,315.23848469997756,315.42220599995926,None,,,,,,,,,,,,,,,,,,,P9615,MIC_Bar,7,1,2026-05-07_16h23.18.347,MIC_task,,2026.1.2,59.935473466347815,2026-05-07 16h23.20.101524 +0200,
,,21,0,21,,,,,,,7,ty27,labda,ball,9,toys,sport,7,148,18,34,None,"(0, -0.1)",None,,,,,,,,,,,0,0,0,0,0,18,18,18,21,0,21,0,315.43896889989264,,,,,,,,,,,,,,,,,,,,,,,,,,,,,,,,,,,,,,,,,,,,,,,,,,,,,,,,,,,,,,,,,,,,,,,,,,,,,,,,,,,,,,,,,,,,,,,,,,,,,,315.42561789997853,315.43896889989264,315.43896889989264,315.43896889989264,315.6226123999804,None,,,,,,,,,,,,,,,,,,,P9615,MIC_Bar,7,1,2026-05-07_16h23.18.347,MIC_task,,2026.1.2,59.935473466347815,2026-05-07 16h23.20.101524 +0200,
,,22,0,22,,,,,,,7,ty27,labda,ball,9,toys,sport,7,148,18,34,None,"(0, -0.1)",None,,,,,,,,,,,0,0,0,0,0,18,18,18,22,0,22,0,315.6384672001004,,,,,,,,,,,,,,,,,,,,,,,,,,,,,,,,,,,,,,,,,,,,,,,,,,,,,,,,,,,,,,,,,,,,,,,,,,,,,,,,,,,,,,,,,,,,,,,,,,,,,,315.62584330001846,315.6384672001004,315.6384672001004,315.6384672001004,315.8230071000289,None,,,,,,,,,,,,,,,,,,,P9615,MIC_Bar,7,1,2026-05-07_16h23.18.347,MIC_task,,2026.1.2,59.935473466347815,2026-05-07 16h23.20.101524 +0200,
,,23,0,23,,,,,,,7,ty27,labda,ball,9,toys,sport,7,148,18,34,None,"(0, -0.1)",None,,,,,,,,,,,0,0,0,0,0,18,18,18,23,0,23,0,315.8388193999417,,,,,,,,,,,,,,,,,,,,,,,,,,,,,,,,,,,,,,,,,,,,,,,,,,,,,,,,,,,,,,,,,,,,,,,,,,,,,,,,,,,,,,,,,,,,,,,,,,,,,,315.82616710010916,315.8388193999417,315.8388193999417,315.8388193999417,316.0226344000548,None,,,,,,,,,,,,,,,,,,,P9615,MIC_Bar,7,1,2026-05-07_16h23.18.347,MIC_task,,2026.1.2,59.935473466347815,2026-05-07 16h23.20.101524 +0200,
,,24,0,24,,,,,,,7,ty27,labda,ball,9,toys,sport,7,148,18,34,None,"(0, -0.1)",None,,,,,,,,,,,0,0,0,0,0,18,18,18,24,0,24,0,316.0391601000447,,,,,,,,,,,,,,,,,,,,,,,,,,,,,,,,,,,,,,,,,,,,,,,,,,,,,,,,,,,,,,,,,,,,,,,,,,,,,,,,,,,,,,,,,,,,,,,,,,,,,,316.0259793000296,316.0391601000447,316.0391601000447,316.0391601000447,316.2229315000586,None,,,,,,,,,,,,,,,,,,,P9615,MIC_Bar,7,1,2026-05-07_16h23.18.347,MIC_task,,2026.1.2,59.935473466347815,2026-05-07 16h23.20.101524 +0200,
,,25,0,25,,,,,,,7,ty27,labda,ball,9,toys,sport,7,148,18,34,None,"(0, -0.1)",None,,,,,,,,,,,0,0,0,0,0,18,18,18,25,0,25,0,316.23962719994597,,,,,,,,,,,,,,,,,,,,,,,,,,,,,,,,,,,,,,,,,,,,,,,,,,,,,,,,,,,,,,,,,,,,,,,,,,,,,,,,,,,,,,,,,,,,,,,,,,,,,,316.22630620002747,316.23962719994597,316.23962719994597,316.23962719994597,316.4236961998977,None,,,,,,,,,,,,,,,,,,,P9615,MIC_Bar,7,1,2026-05-07_16h23.18.347,MIC_task,,2026.1.2,59.935473466347815,2026-05-07 16h23.20.101524 +0200,
,,26,0,26,,,,,,,7,ty27,labda,ball,9,toys,sport,7,148,18,34,None,"(0, -0.1)",None,,,,,,,,,,,0,0,0,0,0,18,18,18,26,0,26,0,316.4399069000501,,,,,,,,,,,,,,,,,,,,,,,,,,,,,,,,,,,,,,,,,,,,,,,,,,,,,,,,,,,,,,,,,,,,,,,,,,,,,,,,,,,,,,,,,,,,,,,,,,,,,,316.4269658999983,316.4399069000501,316.4399069000501,316.4399069000501,316.62364539992996,None,,,,,,,,,,,,,,,,,,,P9615,MIC_Bar,7,1,2026-05-07_16h23.18.347,MIC_task,,2026.1.2,59.935473466347815,2026-05-07 16h23.20.101524 +0200,
,,27,0,27,,,,,,,7,ty27,labda,ball,9,toys,sport,7,148,18,34,None,"(0, -0.1)",None,,,,,,,,,,,0,0,0,0,0,18,18,18,27,0,27,0,316.6403159000911,,,,,,,,,,,,,,,,,,,,,,,,,,,,,,,,,,,,,,,,,,,,,,,,,,,,,,,,,,,,,,,,,,,,,,,,,,,,,,,,,,,,,,,,,,,,,,,,,,,,,,316.62678040005267,316.6403159000911,316.6403159000911,316.6403159000911,316.8240799000487,None,,,,,,,,,,,,,,,,,,,P9615,MIC_Bar,7,1,2026-05-07_16h23.18.347,MIC_task,,2026.1.2,59.935473466347815,2026-05-07 16h23.20.101524 +0200,
,,28,0,28,,,,,,,7,ty27,labda,ball,9,toys,sport,7,148,18,34,None,"(0, -0.1)",space,0.0021524999756366014,None,,,,,,,,,0,0,0,0,0,18,18,18,28,0,28,0,316.8406440000981,,,,,,,,,,,,,,,,,,,,,,,,,,,,,,,,,,,,,,,,,,,,,,,,,,,,,,,,,,,,,,,,,,,,,,,,,,,,,,,,,,,,,,,,,,,,,,,,,,,,,,316.8274773999583,316.8406440000981,316.8406440000981,316.8406440000981,316.8601699999999,space,0.0021524999756366014,None,,,,,,,,,,,,,,,,,P9615,MIC_Bar,7,1,2026-05-07_16h23.18.347,MIC_task,,2026.1.2,59.935473466347815,2026-05-07 16h23.20.101524 +0200,
,,18,18,0,,,,space,1.2671997998841107,None,7,ty27,labda,ball,9,toys,sport,7,148,18,34,None,"(0, -0.1)",,,,,,,,,,,,0,0,0,0,0,18,18,18,,,,,,,,,,,,,,,,,,,,,,,,,,,,,,,,,,,,,,,,,,,,,,,,,,,,,,,,,,,,,,,,,,,,,,,,,,,,,,,,,,,,,,,,,,316.92386780004017,316.9284735999536,316.9258138665619,318.86188010009937,,,,,,320.8651497999672,320.8801728999242,320.8801728999242,322.14962360006757,,,,,,,,,,,,,318.88948959996924,318.8946535999421,318.89505303337546,320.7794822000433,320.8650921001099,space,1.2671997998841107,None,,,,,,,,,P9615,MIC_Bar,7,1,2026-05-07_16h23.18.347,MIC_task,,2026.1.2,59.935473466347815,2026-05-07 16h23.20.101524 +0200,
,,0,0,0,,,,,,,7,f26,méz,honey,4,food,sweets,7,51,None,65,None,"(0, -0.1)",None,,,,,,,,,,,0,0,0,0,0,19,19,19,0,0,0,0,322.1727322000079,,,,,,,,,,,,,,,,,,,,,,,,,,,,,,,,,,,,,,,,,,,,,,,,,,,,,,,,,,,,,,,,,,,,,,,,,,,,,,,,,,,,,,,,,,,,,,,,,,,,,,322.1691066001076,322.1727322000079,322.1727322000079,322.1727322000079,322.3533407000359,None,,,,,,,,,,,,,,,,,,,P9615,MIC_Bar,7,1,2026-05-07_16h23.18.347,MIC_task,,2026.1.2,59.935473466347815,2026-05-07 16h23.20.101524 +0200,
,,0,0,0,,,,,,,7,f26,méz,honey,4,food,sweets,7,51,None,65,None,"(0, -0.1)",None,,,,,,,,,,,0,0,0,0,0,19,19,19,0,0,0,0,322.3654549000785,,,,,,,,,,,,,,,,,,,,,,,,,,,,,,,,,,,,,,,,,,,,,,,,,,,,,,,,,,,,,,,,,,,,,,,,,,,,,,,,,,,,,,,,,,,,,,,,,,,,,,322.3572444000747,322.3654549000785,322.3654549000785,322.3654549000785,322.55115239997394,None,,,,,,,,,,,,,,,,,,,P9615,MIC_Bar,7,1,2026-05-07_16h23.18.347,MIC_task,,2026.1.2,59.935473466347815,2026-05-07 16h23.20.101524 +0200,
,,1,0,1,,,,,,,7,f26,méz,honey,4,food,sweets,7,51,None,65,None,"(0, -0.1)",None,,,,,,,,,,,0,0,0,0,0,19,19,19,1,0,1,0,322.56617300002836,,,,,,,,,,,,,,,,,,,,,,,,,,,,,,,,,,,,,,,,,,,,,,,,,,,,,,,,,,,,,,,,,,,,,,,,,,,,,,,,,,,,,,,,,,,,,,,,,,,,,,322.5544571999926,322.56617300002836,322.56617300002836,322.56617300002836,322.7517194999382,None,,,,,,,,,,,,,,,,,,,P9615,MIC_Bar,7,1,2026-05-07_16h23.18.347,MIC_task,,2026.1.2,59.935473466347815,2026-05-07 16h23.20.101524 +0200,
,,2,0,2,,,,,,,7,f26,méz,honey,4,food,sweets,7,51,None,65,None,"(0, -0.1)",None,,,,,,,,,,,0,0,0,0,0,19,19,19,2,0,2,0,322.7665361999534,,,,,,,,,,,,,,,,,,,,,,,,,,,,,,,,,,,,,,,,,,,,,,,,,,,,,,,,,,,,,,,,,,,,,,,,,,,,,,,,,,,,,,,,,,,,,,,,,,,,,,322.75500930007547,322.7665361999534,322.7665361999534,322.7665361999534,322.950794900069,None,,,,,,,,,,,,,,,,,,,P9615,MIC_Bar,7,1,2026-05-07_16h23.18.347,MIC_task,,2026.1.2,59.935473466347815,2026-05-07 16h23.20.101524 +0200,
,,3,0,3,,,,,,,7,f26,méz,honey,4,food,sweets,7,51,None,65,None,"(0, -0.1)",None,,,,,,,,,,,0,0,0,0,0,19,19,19,3,0,3,0,322.9669639999047,,,,,,,,,,,,,,,,,,,,,,,,,,,,,,,,,,,,,,,,,,,,,,,,,,,,,,,,,,,,,,,,,,,,,,,,,,,,,,,,,,,,,,,,,,,,,,,,,,,,,,322.954018099932,322.9669639999047,322.9669639999047,322.9669639999047,323.15063060005195,None,,,,,,,,,,,,,,,,,,,P9615,MIC_Bar,7,1,2026-05-07_16h23.18.347,MIC_task,,2026.1.2,59.935473466347815,2026-05-07 16h23.20.101524 +0200,
,,4,0,4,,,,,,,7,f26,méz,honey,4,food,sweets,7,51,None,65,None,"(0, -0.1)",None,,,,,,,,,,,0,0,0,0,0,19,19,19,4,0,4,0,323.167144899955,,,,,,,,,,,,,,,,,,,,,,,,,,,,,,,,,,,,,,,,,,,,,,,,,,,,,,,,,,,,,,,,,,,,,,,,,,,,,,,,,,,,,,,,,,,,,,,,,,,,,,323.1540385999251,323.167144899955,323.167144899955,323.167144899955,323.3511026999913,None,,,,,,,,,,,,,,,,,,,P9615,MIC_Bar,7,1,2026-05-07_16h23.18.347,MIC_task,,2026.1.2,59.935473466347815,2026-05-07 16h23.20.101524 +0200,
,,5,0,5,,,,,,,7,f26,méz,honey,4,food,sweets,7,51,None,65,None,"(0, -0.1)",None,,,,,,,,,,,0,0,0,0,0,19,19,19,5,0,5,0,323.36759799998254,,,,,,,,,,,,,,,,,,,,,,,,,,,,,,,,,,,,,,,,,,,,,,,,,,,,,,,,,,,,,,,,,,,,,,,,,,,,,,,,,,,,,,,,,,,,,,,,,,,,,,323.35446859989315,323.36759799998254,323.36759799998254,323.36759799998254,323.5514690000564,None,,,,,,,,,,,,,,,,,,,P9615,MIC_Bar,7,1,2026-05-07_16h23.18.347,MIC_task,,2026.1.2,59.935473466347815,2026-05-07 16h23.20.101524 +0200,
,,6,0,6,,,,,,,7,f26,méz,honey,4,food,sweets,7,51,None,65,None,"(0, -0.1)",None,,,,,,,,,,,0,0,0,0,0,19,19,19,6,0,6,0,323.5672472000588,,,,,,,,,,,,,,,,,,,,,,,,,,,,,,,,,,,,,,,,,,,,,,,,,,,,,,,,,,,,,,,,,,,,,,,,,,,,,,,,,,,,,,,,,,,,,,,,,,,,,,323.5548455999233,323.5672472000588,323.5672472000588,323.5672472000588,323.75244039995596,None,,,,,,,,,,,,,,,,,,,P9615,MIC_Bar,7,1,2026-05-07_16h23.18.347,MIC_task,,2026.1.2,59.935473466347815,2026-05-07 16h23.20.101524 +0200,
,,7,0,7,,,,,,,7,f26,méz,honey,4,food,sweets,7,51,None,65,None,"(0, -0.1)",None,,,,,,,,,,,0,0,0,0,0,19,19,19,7,0,7,0,323.7676234000828,,,,,,,,,,,,,,,,,,,,,,,,,,,,,,,,,,,,,,,,,,,,,,,,,,,,,,,,,,,,,,,,,,,,,,,,,,,,,,,,,,,,,,,,,,,,,,,,,,,,,,323.75567339989357,323.7676234000828,323.7676234000828,323.7676234000828,323.95301420008764,None,,,,,,,,,,,,,,,,,,,P9615,MIC_Bar,7,1,2026-05-07_16h23.18.347,MIC_task,,2026.1.2,59.935473466347815,2026-05-07 16h23.20.101524 +0200,
,,8,0,8,,,,,,,7,f26,méz,honey,4,food,sweets,7,51,None,65,None,"(0, -0.1)",None,,,,,,,,,,,0,0,0,0,0,19,19,19,8,0,8,0,323.9680536000524,,,,,,,,,,,,,,,,,,,,,,,,,,,,,,,,,,,,,,,,,,,,,,,,,,,,,,,,,,,,,,,,,,,,,,,,,,,,,,,,,,,,,,,,,,,,,,,,,,,,,,323.9559502999764,323.9680536000524,323.9680536000524,323.9680536000524,324.1531716999598,None,,,,,,,,,,,,,,,,,,,P9615,MIC_Bar,7,1,2026-05-07_16h23.18.347,MIC_task,,2026.1.2,59.935473466347815,2026-05-07 16h23.20.101524 +0200,
,,9,0,9,,,,,,,7,f26,méz,honey,4,food,sweets,7,51,None,65,None,"(0, -0.1)",None,,,,,,,,,,,0,0,0,0,0,19,19,19,9,0,9,0,324.16838869987987,,,,,,,,,,,,,,,,,,,,,,,,,,,,,,,,,,,,,,,,,,,,,,,,,,,,,,,,,,,,,,,,,,,,,,,,,,,,,,,,,,,,,,,,,,,,,,,,,,,,,,324.1564603999723,324.16838869987987,324.16838869987987,324.16838869987987,324.35353259998374,None,,,,,,,,,,,,,,,,,,,P9615,MIC_Bar,7,1,2026-05-07_16h23.18.347,MIC_task,,2026.1.2,59.935473466347815,2026-05-07 16h23.20.101524 +0200,
,,10,0,10,,,,,,,7,f26,méz,honey,4,food,sweets,7,51,None,65,None,"(0, -0.1)",None,,,,,,,,,,,0,0,0,0,0,19,19,19,10,0,10,0,324.3687785998918,,,,,,,,,,,,,,,,,,,,,,,,,,,,,,,,,,,,,,,,,,,,,,,,,,,,,,,,,,,,,,,,,,,,,,,,,,,,,,,,,,,,,,,,,,,,,,,,,,,,,,324.3568583999295,324.3687785998918,324.3687785998918,324.3687785998918,324.55391380004585,None,,,,,,,,,,,,,,,,,,,P9615,MIC_Bar,7,1,2026-05-07_16h23.18.347,MIC_task,,2026.1.2,59.935473466347815,2026-05-07 16h23.20.101524 +0200,
,,11,0,11,,,,,,,7,f26,méz,honey,4,food,sweets,7,51,None,65,None,"(0, -0.1)",None,,,,,,,,,,,0,0,0,0,0,19,19,19,11,0,11,0,324.5690448000096,,,,,,,,,,,,,,,,,,,,,,,,,,,,,,,,,,,,,,,,,,,,,,,,,,,,,,,,,,,,,,,,,,,,,,,,,,,,,,,,,,,,,,,,,,,,,,,,,,,,,,324.55704310000874,324.5690448000096,324.5690448000096,324.5690448000096,324.75327640003525,None,,,,,,,,,,,,,,,,,,,P9615,MIC_Bar,7,1,2026-05-07_16h23.18.347,MIC_task,,2026.1.2,59.935473466347815,2026-05-07 16h23.20.101524 +0200,
,,12,0,12,,,,,,,7,f26,méz,honey,4,food,sweets,7,51,None,65,None,"(0, -0.1)",None,,,,,,,,,,,0,0,0,0,0,19,19,19,12,0,12,0,324.76948980009183,,,,,,,,,,,,,,,,,,,,,,,,,,,,,,,,,,,,,,,,,,,,,,,,,,,,,,,,,,,,,,,,,,,,,,,,,,,,,,,,,,,,,,,,,,,,,,,,,,,,,,324.7564626999665,324.76948980009183,324.76948980009183,324.76948980009183,324.9532645000145,None,,,,,,,,,,,,,,,,,,,P9615,MIC_Bar,7,1,2026-05-07_16h23.18.347,MIC_task,,2026.1.2,59.935473466347815,2026-05-07 16h23.20.101524 +0200,
,,13,0,13,,,,,,,7,f26,méz,honey,4,food,sweets,7,51,None,65,None,"(0, -0.1)",None,,,,,,,,,,,0,0,0,0,0,19,19,19,13,0,13,0,324.9697859999724,,,,,,,,,,,,,,,,,,,,,,,,,,,,,,,,,,,,,,,,,,,,,,,,,,,,,,,,,,,,,,,,,,,,,,,,,,,,,,,,,,,,,,,,,,,,,,,,,,,,,,324.9564720999915,324.9697859999724,324.9697859999724,324.9697859999724,325.1537182999309,None,,,,,,,,,,,,,,,,,,,P9615,MIC_Bar,7,1,2026-05-07_16h23.18.347,MIC_task,,2026.1.2,59.935473466347815,2026-05-07 16h23.20.101524 +0200,
,,14,0,14,,,,,,,7,f26,méz,honey,4,food,sweets,7,51,None,65,None,"(0, -0.1)",None,,,,,,,,,,,0,0,0,0,0,19,19,19,14,0,14,0,325.17002959991805,,,,,,,,,,,,,,,,,,,,,,,,,,,,,,,,,,,,,,,,,,,,,,,,,,,,,,,,,,,,,,,,,,,,,,,,,,,,,,,,,,,,,,,,,,,,,,,,,,,,,,325.15705629996955,325.17002959991805,325.17002959991805,325.17002959991805,325.3540044000838,None,,,,,,,,,,,,,,,,,,,P9615,MIC_Bar,7,1,2026-05-07_16h23.18.347,MIC_task,,2026.1.2,59.935473466347815,2026-05-07 16h23.20.101524 +0200,
,,15,0,15,,,,,,,7,f26,méz,honey,4,food,sweets,7,51,None,65,None,"(0, -0.1)",None,,,,,,,,,,,0,0,0,0,0,19,19,19,15,0,15,0,325.3704659000505,,,,,,,,,,,,,,,,,,,,,,,,,,,,,,,,,,,,,,,,,,,,,,,,,,,,,,,,,,,,,,,,,,,,,,,,,,,,,,,,,,,,,,,,,,,,,,,,,,,,,,325.35777979996055,325.3704659000505,325.3704659000505,325.3704659000505,325.55425220006146,None,,,,,,,,,,,,,,,,,,,P9615,MIC_Bar,7,1,2026-05-07_16h23.18.347,MIC_task,,2026.1.2,59.935473466347815,2026-05-07 16h23.20.101524 +0200,
,,16,0,16,,,,,,,7,f26,méz,honey,4,food,sweets,7,51,None,65,None,"(0, -0.1)",None,,,,,,,,,,,0,0,0,0,0,19,19,19,16,0,16,0,325.5708735000808,,,,,,,,,,,,,,,,,,,,,,,,,,,,,,,,,,,,,,,,,,,,,,,,,,,,,,,,,,,,,,,,,,,,,,,,,,,,,,,,,,,,,,,,,,,,,,,,,,,,,,325.5578050999902,325.5708735000808,325.5708735000808,325.5708735000808,325.75399379990995,None,,,,,,,,,,,,,,,,,,,P9615,MIC_Bar,7,1,2026-05-07_16h23.18.347,MIC_task,,2026.1.2,59.935473466347815,2026-05-07 16h23.20.101524 +0200,
,,17,0,17,,,,,,,7,f26,méz,honey,4,food,sweets,7,51,None,65,None,"(0, -0.1)",None,,,,,,,,,,,0,0,0,0,0,19,19,19,17,0,17,0,325.77053879993036,,,,,,,,,,,,,,,,,,,,,,,,,,,,,,,,,,,,,,,,,,,,,,,,,,,,,,,,,,,,,,,,,,,,,,,,,,,,,,,,,,,,,,,,,,,,,,,,,,,,,,325.7572651000228,325.77053879993036,325.77053879993036,325.77053879993036,325.95433719991706,None,,,,,,,,,,,,,,,,,,,P9615,MIC_Bar,7,1,2026-05-07_16h23.18.347,MIC_task,,2026.1.2,59.935473466347815,2026-05-07 16h23.20.101524 +0200,
,,18,0,18,,,,,,,7,f26,méz,honey,4,food,sweets,7,51,None,65,None,"(0, -0.1)",None,,,,,,,,,,,0,0,0,0,0,19,19,19,18,0,18,0,325.97092500003055,,,,,,,,,,,,,,,,,,,,,,,,,,,,,,,,,,,,,,,,,,,,,,,,,,,,,,,,,,,,,,,,,,,,,,,,,,,,,,,,,,,,,,,,,,,,,,,,,,,,,,325.95775220007636,325.97092500003055,325.97092500003055,325.97092500003055,326.1562035998795,None,,,,,,,,,,,,,,,,,,,P9615,MIC_Bar,7,1,2026-05-07_16h23.18.347,MIC_task,,2026.1.2,59.935473466347815,2026-05-07 16h23.20.101524 +0200,
,,19,0,19,,,,,,,7,f26,méz,honey,4,food,sweets,7,51,None,65,None,"(0, -0.1)",None,,,,,,,,,,,0,0,0,0,0,19,19,19,19,0,19,0,326.17128190002404,,,,,,,,,,,,,,,,,,,,,,,,,,,,,,,,,,,,,,,,,,,,,,,,,,,,,,,,,,,,,,,,,,,,,,,,,,,,,,,,,,,,,,,,,,,,,,,,,,,,,,326.15942179993726,326.17128190002404,326.17128190002404,326.17128190002404,326.3552979999222,None,,,,,,,,,,,,,,,,,,,P9615,MIC_Bar,7,1,2026-05-07_16h23.18.347,MIC_task,,2026.1.2,59.935473466347815,2026-05-07 16h23.20.101524 +0200,
,,20,0,20,,,,,,,7,f26,méz,honey,4,food,sweets,7,51,None,65,None,"(0, -0.1)",None,,,,,,,,,,,0,0,0,0,0,19,19,19,20,0,20,0,326.37167860008776,,,,,,,,,,,,,,,,,,,,,,,,,,,,,,,,,,,,,,,,,,,,,,,,,,,,,,,,,,,,,,,,,,,,,,,,,,,,,,,,,,,,,,,,,,,,,,,,,,,,,,326.3587557999417,326.37167860008776,326.37167860008776,326.37167860008776,326.55707209999673,None,,,,,,,,,,,,,,,,,,,P9615,MIC_Bar,7,1,2026-05-07_16h23.18.347,MIC_task,,2026.1.2,59.935473466347815,2026-05-07 16h23.20.101524 +0200,
,,21,0,21,,,,,,,7,f26,méz,honey,4,food,sweets,7,51,None,65,None,"(0, -0.1)",None,,,,,,,,,,,0,0,0,0,0,19,19,19,21,0,21,0,326.57241120003164,,,,,,,,,,,,,,,,,,,,,,,,,,,,,,,,,,,,,,,,,,,,,,,,,,,,,,,,,,,,,,,,,,,,,,,,,,,,,,,,,,,,,,,,,,,,,,,,,,,,,,326.5601558999624,326.57241120003164,326.57241120003164,326.57241120003164,326.7559024998918,None,,,,,,,,,,,,,,,,,,,P9615,MIC_Bar,7,1,2026-05-07_16h23.18.347,MIC_task,,2026.1.2,59.935473466347815,2026-05-07 16h23.20.101524 +0200,
,,22,0,22,,,,,,,7,f26,méz,honey,4,food,sweets,7,51,None,65,None,"(0, -0.1)",None,,,,,,,,,,,0,0,0,0,0,19,19,19,22,0,22,0,326.7724315999076,,,,,,,,,,,,,,,,,,,,,,,,,,,,,,,,,,,,,,,,,,,,,,,,,,,,,,,,,,,,,,,,,,,,,,,,,,,,,,,,,,,,,,,,,,,,,,,,,,,,,,326.7591653999407,326.7724315999076,326.7724315999076,326.7724315999076,326.9563454000745,None,,,,,,,,,,,,,,,,,,,P9615,MIC_Bar,7,1,2026-05-07_16h23.18.347,MIC_task,,2026.1.2,59.935473466347815,2026-05-07 16h23.20.101524 +0200,
,,23,0,23,,,,,,,7,f26,méz,honey,4,food,sweets,7,51,None,65,None,"(0, -0.1)",None,,,,,,,,,,,0,0,0,0,0,19,19,19,23,0,23,0,326.9728139000945,,,,,,,,,,,,,,,,,,,,,,,,,,,,,,,,,,,,,,,,,,,,,,,,,,,,,,,,,,,,,,,,,,,,,,,,,,,,,,,,,,,,,,,,,,,,,,,,,,,,,,326.95962459989823,326.9728139000945,326.9728139000945,326.9728139000945,327.15824389993213,None,,,,,,,,,,,,,,,,,,,P9615,MIC_Bar,7,1,2026-05-07_16h23.18.347,MIC_task,,2026.1.2,59.935473466347815,2026-05-07 16h23.20.101524 +0200,
,,24,0,24,,,,,,,7,f26,méz,honey,4,food,sweets,7,51,None,65,None,"(0, -0.1)",None,,,,,,,,,,,0,0,0,0,0,19,19,19,24,0,24,0,327.1731793000363,,,,,,,,,,,,,,,,,,,,,,,,,,,,,,,,,,,,,,,,,,,,,,,,,,,,,,,,,,,,,,,,,,,,,,,,,,,,,,,,,,,,,,,,,,,,,,,,,,,,,,327.1615327000618,327.1731793000363,327.1731793000363,327.1731793000363,327.3569883001037,None,,,,,,,,,,,,,,,,,,,P9615,MIC_Bar,7,1,2026-05-07_16h23.18.347,MIC_task,,2026.1.2,59.935473466347815,2026-05-07 16h23.20.101524 +0200,
,,25,0,25,,,,,,,7,f26,méz,honey,4,food,sweets,7,51,None,65,None,"(0, -0.1)",None,,,,,,,,,,,0,0,0,0,0,19,19,19,25,0,25,0,327.3735579000786,,,,,,,,,,,,,,,,,,,,,,,,,,,,,,,,,,,,,,,,,,,,,,,,,,,,,,,,,,,,,,,,,,,,,,,,,,,,,,,,,,,,,,,,,,,,,,,,,,,,,,327.3602980999276,327.3735579000786,327.3735579000786,327.3735579000786,327.5577630000189,None,,,,,,,,,,,,,,,,,,,P9615,MIC_Bar,7,1,2026-05-07_16h23.18.347,MIC_task,,2026.1.2,59.935473466347815,2026-05-07 16h23.20.101524 +0200,
,,26,0,26,,,,,,,7,f26,méz,honey,4,food,sweets,7,51,None,65,None,"(0, -0.1)",None,,,,,,,,,,,0,0,0,0,0,19,19,19,26,0,26,0,327.5739351999946,,,,,,,,,,,,,,,,,,,,,,,,,,,,,,,,,,,,,,,,,,,,,,,,,,,,,,,,,,,,,,,,,,,,,,,,,,,,,,,,,,,,,,,,,,,,,,,,,,,,,,327.56090490007773,327.5739351999946,327.5739351999946,327.5739351999946,327.75776629988104,None,,,,,,,,,,,,,,,,,,,P9615,MIC_Bar,7,1,2026-05-07_16h23.18.347,MIC_task,,2026.1.2,59.935473466347815,2026-05-07 16h23.20.101524 +0200,
,,27,0,27,,,,,,,7,f26,méz,honey,4,food,sweets,7,51,None,65,None,"(0, -0.1)",None,,,,,,,,,,,0,0,0,0,0,19,19,19,27,0,27,0,327.773553899955,,,,,,,,,,,,,,,,,,,,,,,,,,,,,,,,,,,,,,,,,,,,,,,,,,,,,,,,,,,,,,,,,,,,,,,,,,,,,,,,,,,,,,,,,,,,,,,,,,,,,,327.7611712999642,327.773553899955,327.773553899955,327.773553899955,327.9581180999521,None,,,,,,,,,,,,,,,,,,,P9615,MIC_Bar,7,1,2026-05-07_16h23.18.347,MIC_task,,2026.1.2,59.935473466347815,2026-05-07 16h23.20.101524 +0200,
,,28,0,28,,,,,,,7,f26,méz,honey,4,food,sweets,7,51,None,65,None,"(0, -0.1)",None,,,,,,,,,,,0,0,0,0,0,19,19,19,28,0,28,0,327.9746083000209,,,,,,,,,,,,,,,,,,,,,,,,,,,,,,,,,,,,,,,,,,,,,,,,,,,,,,,,,,,,,,,,,,,,,,,,,,,,,,,,,,,,,,,,,,,,,,,,,,,,,,327.961718800012,327.9746083000209,327.9746083000209,327.9746083000209,328.158477100078,None,,,,,,,,,,,,,,,,,,,P9615,MIC_Bar,7,1,2026-05-07_16h23.18.347,MIC_task,,2026.1.2,59.935473466347815,2026-05-07 16h23.20.101524 +0200,
,,29,0,29,,,,,,,7,f26,méz,honey,4,food,sweets,7,51,None,65,None,"(0, -0.1)",None,,,,,,,,,,,0,0,0,0,0,19,19,19,29,0,29,0,328.17422699998133,,,,,,,,,,,,,,,,,,,,,,,,,,,,,,,,,,,,,,,,,,,,,,,,,,,,,,,,,,,,,,,,,,,,,,,,,,,,,,,,,,,,,,,,,,,,,,,,,,,,,,328.16183090000413,328.17422699998133,328.17422699998133,328.17422699998133,328.358039899962,None,,,,,,,,,,,,,,,,,,,P9615,MIC_Bar,7,1,2026-05-07_16h23.18.347,MIC_task,,2026.1.2,59.935473466347815,2026-05-07 16h23.20.101524 +0200,
,,30,0,30,,,,,,,7,f26,méz,honey,4,food,sweets,7,51,None,65,None,"(0, -0.1)",None,,,,,,,,,,,0,0,0,0,0,19,19,19,30,0,30,0,328.374682799913,,,,,,,,,,,,,,,,,,,,,,,,,,,,,,,,,,,,,,,,,,,,,,,,,,,,,,,,,,,,,,,,,,,,,,,,,,,,,,,,,,,,,,,,,,,,,,,,,,,,,,328.36152429995127,328.374682799913,328.374682799913,328.374682799913,328.55873290007,None,,,,,,,,,,,,,,,,,,,P9615,MIC_Bar,7,1,2026-05-07_16h23.18.347,MIC_task,,2026.1.2,59.935473466347815,2026-05-07 16h23.20.101524 +0200,
,,31,0,31,,,,,,,7,f26,méz,honey,4,food,sweets,7,51,None,65,None,"(0, -0.1)",None,,,,,,,,,,,0,0,0,0,0,19,19,19,31,0,31,0,328.5750881000422,,,,,,,,,,,,,,,,,,,,,,,,,,,,,,,,,,,,,,,,,,,,,,,,,,,,,,,,,,,,,,,,,,,,,,,,,,,,,,,,,,,,,,,,,,,,,,,,,,,,,,328.56194050004706,328.5750881000422,328.5750881000422,328.5750881000422,328.75884080003016,None,,,,,,,,,,,,,,,,,,,P9615,MIC_Bar,7,1,2026-05-07_16h23.18.347,MIC_task,,2026.1.2,59.935473466347815,2026-05-07 16h23.20.101524 +0200,
,,32,0,32,,,,,,,7,f26,méz,honey,4,food,sweets,7,51,None,65,None,"(0, -0.1)",None,,,,,,,,,,,0,0,0,0,0,19,19,19,32,0,32,0,328.7754118000157,,,,,,,,,,,,,,,,,,,,,,,,,,,,,,,,,,,,,,,,,,,,,,,,,,,,,,,,,,,,,,,,,,,,,,,,,,,,,,,,,,,,,,,,,,,,,,,,,,,,,,328.762192199938,328.7754118000157,328.7754118000157,328.7754118000157,328.9606292999815,None,,,,,,,,,,,,,,,,,,,P9615,MIC_Bar,7,1,2026-05-07_16h23.18.347,MIC_task,,2026.1.2,59.935473466347815,2026-05-07 16h23.20.101524 +0200,
,,33,0,33,,,,,,,7,f26,méz,honey,4,food,sweets,7,51,None,65,None,"(0, -0.1)",None,,,,,,,,,,,0,0,0,0,0,19,19,19,33,0,33,0,328.97571330005303,,,,,,,,,,,,,,,,,,,,,,,,,,,,,,,,,,,,,,,,,,,,,,,,,,,,,,,,,,,,,,,,,,,,,,,,,,,,,,,,,,,,,,,,,,,,,,,,,,,,,,328.963695500046,328.97571330005303,328.97571330005303,328.97571330005303,329.1610574000515,None,,,,,,,,,,,,,,,,,,,P9615,MIC_Bar,7,1,2026-05-07_16h23.18.347,MIC_task,,2026.1.2,59.935473466347815,2026-05-07 16h23.20.101524 +0200,
,,34,0,34,,,,,,,7,f26,méz,honey,4,food,sweets,7,51,None,65,None,"(0, -0.1)",None,,,,,,,,,,,0,0,0,0,0,19,19,19,34,0,34,0,329.1761380000971,,,,,,,,,,,,,,,,,,,,,,,,,,,,,,,,,,,,,,,,,,,,,,,,,,,,,,,,,,,,,,,,,,,,,,,,,,,,,,,,,,,,,,,,,,,,,,,,,,,,,,329.1641937000677,329.1761380000971,329.1761380000971,329.1761380000971,329.36036400008015,None,,,,,,,,,,,,,,,,,,,P9615,MIC_Bar,7,1,2026-05-07_16h23.18.347,MIC_task,,2026.1.2,59.935473466347815,2026-05-07 16h23.20.101524 +0200,
,,35,0,35,,,,,,,7,f26,méz,honey,4,food,sweets,7,51,None,65,None,"(0, -0.1)",None,,,,,,,,,,,0,0,0,0,0,19,19,19,35,0,35,0,329.3765048000496,,,,,,,,,,,,,,,,,,,,,,,,,,,,,,,,,,,,,,,,,,,,,,,,,,,,,,,,,,,,,,,,,,,,,,,,,,,,,,,,,,,,,,,,,,,,,,,,,,,,,,329.36346819996834,329.3765048000496,329.3765048000496,329.3765048000496,329.56034519989043,None,,,,,,,,,,,,,,,,,,,P9615,MIC_Bar,7,1,2026-05-07_16h23.18.347,MIC_task,,2026.1.2,59.935473466347815,2026-05-07 16h23.20.101524 +0200,
,,36,0,36,,,,,,,7,f26,méz,honey,4,food,sweets,7,51,None,65,None,"(0, -0.1)",None,,,,,,,,,,,0,0,0,0,0,19,19,19,36,0,36,0,329.57684440002777,,,,,,,,,,,,,,,,,,,,,,,,,,,,,,,,,,,,,,,,,,,,,,,,,,,,,,,,,,,,,,,,,,,,,,,,,,,,,,,,,,,,,,,,,,,,,,,,,,,,,,329.563935500104,329.57684440002777,329.57684440002777,329.57684440002777,329.7606351999566,None,,,,,,,,,,,,,,,,,,,P9615,MIC_Bar,7,1,2026-05-07_16h23.18.347,MIC_task,,2026.1.2,59.935473466347815,2026-05-07 16h23.20.101524 +0200,
,,37,0,37,,,,,,,7,f26,méz,honey,4,food,sweets,7,51,None,65,None,"(0, -0.1)",space,0.11372509994544089,None,,,,,,,,,0,0,0,0,0,19,19,19,37,0,37,0,329.77721150009893,,,,,,,,,,,,,,,,,,,,,,,,,,,,,,,,,,,,,,,,,,,,,,,,,,,,,,,,,,,,,,,,,,,,,,,,,,,,,,,,,,,,,,,,,,,,,,,,,,,,,,329.7638431000523,329.77721150009893,329.77721150009893,329.77721150009893,329.89635950000957,space,0.11372509994544089,None,,,,,,,,,,,,,,,,,P9615,MIC_Bar,7,1,2026-05-07_16h23.18.347,MIC_task,,2026.1.2,59.935473466347815,2026-05-07 16h23.20.101524 +0200,
,,19,19,0,,,,space,1.3819077000953257,None,7,f26,méz,honey,4,food,sweets,7,51,None,65,None,"(0, -0.1)",,,,,,,,,,,,0,0,0,0,0,19,19,19,,,,,,,,,,,,,,,,,,,,,,,,,,,,,,,,,,,,,,,,,,,,,,,,,,,,,,,,,,,,,,,,,,,,,,,,,,,,,,,,,,,,,,,,,,329.9599981000647,329.9643612001091,329.9619097665573,331.8969103000127,,,,,,333.8999365000054,333.91706570005044,333.91706570005044,335.30502439988777,,,,,,,,,,,,,331.92268160008825,331.92728150007315,331.93007603323395,333.8167578999419,333.899883300066,space,1.3819077000953257,None,,,,,,,,,P9615,MIC_Bar,7,1,2026-05-07_16h23.18.347,MIC_task,,2026.1.2,59.935473466347815,2026-05-07 16h23.20.101524 +0200,
,,0,0,0,,,,,,,7,v07,hajó,ship,10,vehicles,watercraft,7,None,None,46,21,"(0, -0.1)",None,,,,,,,,,,,0,0,0,0,0,20,20,20,0,0,0,0,335.3298341999762,,,,,,,,,,,,,,,,,,,,,,,,,,,,,,,,,,,,,,,,,,,,,,,,,,,,,,,,,,,,,,,,,,,,,,,,,,,,,,,,,,,,,,,,,,,,,,,,,,,,,,335.3250148000661,335.3298341999762,335.3298341999762,335.3298341999762,335.52026830008253,None,,,,,,,,,,,,,,,,,,,P9615,MIC_Bar,7,1,2026-05-07_16h23.18.347,MIC_task,,2026.1.2,59.935473466347815,2026-05-07 16h23.20.101524 +0200,
,,0,0,0,,,,,,,7,v07,hajó,ship,10,vehicles,watercraft,7,None,None,46,21,"(0, -0.1)",None,,,,,,,,,,,0,0,0,0,0,20,20,20,0,0,0,0,335.5355108999647,,,,,,,,,,,,,,,,,,,,,,,,,,,,,,,,,,,,,,,,,,,,,,,,,,,,,,,,,,,,,,,,,,,,,,,,,,,,,,,,,,,,,,,,,,,,,,,,,,,,,,335.5234161999542,335.5355108999647,335.5355108999647,335.5355108999647,335.7207522999961,None,,,,,,,,,,,,,,,,,,,P9615,MIC_Bar,7,1,2026-05-07_16h23.18.347,MIC_task,,2026.1.2,59.935473466347815,2026-05-07 16h23.20.101524 +0200,
,,1,0,1,,,,,,,7,v07,hajó,ship,10,vehicles,watercraft,7,None,None,46,21,"(0, -0.1)",None,,,,,,,,,,,0,0,0,0,0,20,20,20,1,0,1,0,335.7358645000495,,,,,,,,,,,,,,,,,,,,,,,,,,,,,,,,,,,,,,,,,,,,,,,,,,,,,,,,,,,,,,,,,,,,,,,,,,,,,,,,,,,,,,,,,,,,,,,,,,,,,,335.72396630002186,335.7358645000495,335.7358645000495,335.7358645000495,335.9197577999439,None,,,,,,,,,,,,,,,,,,,P9615,MIC_Bar,7,1,2026-05-07_16h23.18.347,MIC_task,,2026.1.2,59.935473466347815,2026-05-07 16h23.20.101524 +0200,
,,2,0,2,,,,,,,7,v07,hajó,ship,10,vehicles,watercraft,7,None,None,46,21,"(0, -0.1)",None,,,,,,,,,,,0,0,0,0,0,20,20,20,2,0,2,0,335.93629730003886,,,,,,,,,,,,,,,,,,,,,,,,,,,,,,,,,,,,,,,,,,,,,,,,,,,,,,,,,,,,,,,,,,,,,,,,,,,,,,,,,,,,,,,,,,,,,,,,,,,,,,335.92285569990054,335.93629730003886,335.93629730003886,335.93629730003886,336.11997879995033,None,,,,,,,,,,,,,,,,,,,P9615,MIC_Bar,7,1,2026-05-07_16h23.18.347,MIC_task,,2026.1.2,59.935473466347815,2026-05-07 16h23.20.101524 +0200,
,,3,0,3,,,,,,,7,v07,hajó,ship,10,vehicles,watercraft,7,None,None,46,21,"(0, -0.1)",None,,,,,,,,,,,0,0,0,0,0,20,20,20,3,0,3,0,336.13660630001687,,,,,,,,,,,,,,,,,,,,,,,,,,,,,,,,,,,,,,,,,,,,,,,,,,,,,,,,,,,,,,,,,,,,,,,,,,,,,,,,,,,,,,,,,,,,,,,,,,,,,,336.12331039994024,336.13660630001687,336.13660630001687,336.13660630001687,336.3204091999214,None,,,,,,,,,,,,,,,,,,,P9615,MIC_Bar,7,1,2026-05-07_16h23.18.347,MIC_task,,2026.1.2,59.935473466347815,2026-05-07 16h23.20.101524 +0200,
,,4,0,4,,,,,,,7,v07,hajó,ship,10,vehicles,watercraft,7,None,None,46,21,"(0, -0.1)",None,,,,,,,,,,,0,0,0,0,0,20,20,20,4,0,4,0,336.3369507000316,,,,,,,,,,,,,,,,,,,,,,,,,,,,,,,,,,,,,,,,,,,,,,,,,,,,,,,,,,,,,,,,,,,,,,,,,,,,,,,,,,,,,,,,,,,,,,,,,,,,,,336.32370509998873,336.3369507000316,336.3369507000316,336.3369507000316,336.5207672000397,None,,,,,,,,,,,,,,,,,,,P9615,MIC_Bar,7,1,2026-05-07_16h23.18.347,MIC_task,,2026.1.2,59.935473466347815,2026-05-07 16h23.20.101524 +0200,
,,5,0,5,,,,,,,7,v07,hajó,ship,10,vehicles,watercraft,7,None,None,46,21,"(0, -0.1)",None,,,,,,,,,,,0,0,0,0,0,20,20,20,5,0,5,0,336.53732890007086,,,,,,,,,,,,,,,,,,,,,,,,,,,,,,,,,,,,,,,,,,,,,,,,,,,,,,,,,,,,,,,,,,,,,,,,,,,,,,,,,,,,,,,,,,,,,,,,,,,,,,336.5240293000825,336.53732890007086,336.53732890007086,336.53732890007086,336.7060434999876,None,,,,,,,,,,,,,,,,,,,P9615,MIC_Bar,7,1,2026-05-07_16h23.18.347,MIC_task,,2026.1.2,59.935473466347815,2026-05-07 16h23.20.101524 +0200,
,,6,0,6,,,,,,,7,v07,hajó,ship,10,vehicles,watercraft,7,None,None,46,21,"(0, -0.1)",None,,,,,,,,,,,0,0,0,0,0,20,20,20,6,0,6,0,336.7210013999138,,,,,,,,,,,,,,,,,,,,,,,,,,,,,,,,,,,,,,,,,,,,,,,,,,,,,,,,,,,,,,,,,,,,,,,,,,,,,,,,,,,,,,,,,,,,,,,,,,,,,,336.70933150011115,336.7210013999138,336.7210013999138,336.7210013999138,336.9053078999277,None,,,,,,,,,,,,,,,,,,,P9615,MIC_Bar,7,1,2026-05-07_16h23.18.347,MIC_task,,2026.1.2,59.935473466347815,2026-05-07 16h23.20.101524 +0200,
,,7,0,7,,,,,,,7,v07,hajó,ship,10,vehicles,watercraft,7,None,None,46,21,"(0, -0.1)",None,,,,,,,,,,,0,0,0,0,0,20,20,20,7,0,7,0,336.921320799971,,,,,,,,,,,,,,,,,,,,,,,,,,,,,,,,,,,,,,,,,,,,,,,,,,,,,,,,,,,,,,,,,,,,,,,,,,,,,,,,,,,,,,,,,,,,,,,,,,,,,,336.9086984000169,336.921320799971,336.921320799971,336.921320799971,337.10643929988146,None,,,,,,,,,,,,,,,,,,,P9615,MIC_Bar,7,1,2026-05-07_16h23.18.347,MIC_task,,2026.1.2,59.935473466347815,2026-05-07 16h23.20.101524 +0200,
,,8,0,8,,,,,,,7,v07,hajó,ship,10,vehicles,watercraft,7,None,None,46,21,"(0, -0.1)",None,,,,,,,,,,,0,0,0,0,0,20,20,20,8,0,8,0,337.1216722999234,,,,,,,,,,,,,,,,,,,,,,,,,,,,,,,,,,,,,,,,,,,,,,,,,,,,,,,,,,,,,,,,,,,,,,,,,,,,,,,,,,,,,,,,,,,,,,,,,,,,,,337.1097347999457,337.1216722999234,337.1216722999234,337.1216722999234,337.30561470007524,None,,,,,,,,,,,,,,,,,,,P9615,MIC_Bar,7,1,2026-05-07_16h23.18.347,MIC_task,,2026.1.2,59.935473466347815,2026-05-07 16h23.20.101524 +0200,
,,9,0,9,,,,,,,7,v07,hajó,ship,10,vehicles,watercraft,7,None,None,46,21,"(0, -0.1)",None,,,,,,,,,,,0,0,0,0,0,20,20,20,9,0,9,0,337.32201400003396,,,,,,,,,,,,,,,,,,,,,,,,,,,,,,,,,,,,,,,,,,,,,,,,,,,,,,,,,,,,,,,,,,,,,,,,,,,,,,,,,,,,,,,,,,,,,,,,,,,,,,337.30891619995236,337.32201400003396,337.32201400003396,337.32201400003396,337.5059565999545,None,,,,,,,,,,,,,,,,,,,P9615,MIC_Bar,7,1,2026-05-07_16h23.18.347,MIC_task,,2026.1.2,59.935473466347815,2026-05-07 16h23.20.101524 +0200,
,,10,0,10,,,,,,,7,v07,hajó,ship,10,vehicles,watercraft,7,None,None,46,21,"(0, -0.1)",None,,,,,,,,,,,0,0,0,0,0,20,20,20,10,0,10,0,337.52240530005656,,,,,,,,,,,,,,,,,,,,,,,,,,,,,,,,,,,,,,,,,,,,,,,,,,,,,,,,,,,,,,,,,,,,,,,,,,,,,,,,,,,,,,,,,,,,,,,,,,,,,,337.5095997999888,337.52240530005656,337.52240530005656,337.52240530005656,337.7063313999679,None,,,,,,,,,,,,,,,,,,,P9615,MIC_Bar,7,1,2026-05-07_16h23.18.347,MIC_task,,2026.1.2,59.935473466347815,2026-05-07 16h23.20.101524 +0200,
,,11,0,11,,,,,,,7,v07,hajó,ship,10,vehicles,watercraft,7,None,None,46,21,"(0, -0.1)",None,,,,,,,,,,,0,0,0,0,0,20,20,20,11,0,11,0,337.7222158999648,,,,,,,,,,,,,,,,,,,,,,,,,,,,,,,,,,,,,,,,,,,,,,,,,,,,,,,,,,,,,,,,,,,,,,,,,,,,,,,,,,,,,,,,,,,,,,,,,,,,,,337.71011299989186,337.7222158999648,337.7222158999648,337.7222158999648,337.9059903000016,None,,,,,,,,,,,,,,,,,,,P9615,MIC_Bar,7,1,2026-05-07_16h23.18.347,MIC_task,,2026.1.2,59.935473466347815,2026-05-07 16h23.20.101524 +0200,
,,12,0,12,,,,,,,7,v07,hajó,ship,10,vehicles,watercraft,7,None,None,46,21,"(0, -0.1)",None,,,,,,,,,,,0,0,0,0,0,20,20,20,12,0,12,0,337.9224855999928,,,,,,,,,,,,,,,,,,,,,,,,,,,,,,,,,,,,,,,,,,,,,,,,,,,,,,,,,,,,,,,,,,,,,,,,,,,,,,,,,,,,,,,,,,,,,,,,,,,,,,337.90988530009054,337.9224855999928,337.9224855999928,337.9224855999928,338.1078007000033,None,,,,,,,,,,,,,,,,,,,P9615,MIC_Bar,7,1,2026-05-07_16h23.18.347,MIC_task,,2026.1.2,59.935473466347815,2026-05-07 16h23.20.101524 +0200,
,,13,0,13,,,,,,,7,v07,hajó,ship,10,vehicles,watercraft,7,None,None,46,21,"(0, -0.1)",None,,,,,,,,,,,0,0,0,0,0,20,20,20,13,0,13,0,338.1227317999583,,,,,,,,,,,,,,,,,,,,,,,,,,,,,,,,,,,,,,,,,,,,,,,,,,,,,,,,,,,,,,,,,,,,,,,,,,,,,,,,,,,,,,,,,,,,,,,,,,,,,,338.11117510008626,338.1227317999583,338.1227317999583,338.1227317999583,338.30662259995006,None,,,,,,,,,,,,,,,,,,,P9615,MIC_Bar,7,1,2026-05-07_16h23.18.347,MIC_task,,2026.1.2,59.935473466347815,2026-05-07 16h23.20.101524 +0200,
,,14,0,14,,,,,,,7,v07,hajó,ship,10,vehicles,watercraft,7,None,None,46,21,"(0, -0.1)",None,,,,,,,,,,,0,0,0,0,0,20,20,20,14,0,14,0,338.32321609999053,,,,,,,,,,,,,,,,,,,,,,,,,,,,,,,,,,,,,,,,,,,,,,,,,,,,,,,,,,,,,,,,,,,,,,,,,,,,,,,,,,,,,,,,,,,,,,,,,,,,,,338.30979479989037,338.32321609999053,338.32321609999053,338.32321609999053,338.5086507999804,None,,,,,,,,,,,,,,,,,,,P9615,MIC_Bar,7,1,2026-05-07_16h23.18.347,MIC_task,,2026.1.2,59.935473466347815,2026-05-07 16h23.20.101524 +0200,
,,15,0,15,,,,,,,7,v07,hajó,ship,10,vehicles,watercraft,7,None,None,46,21,"(0, -0.1)",None,,,,,,,,,,,0,0,0,0,0,20,20,20,15,0,15,0,338.52355949999765,,,,,,,,,,,,,,,,,,,,,,,,,,,,,,,,,,,,,,,,,,,,,,,,,,,,,,,,,,,,,,,,,,,,,,,,,,,,,,,,,,,,,,,,,,,,,,,,,,,,,,338.5119002999272,338.52355949999765,338.52355949999765,338.52355949999765,338.70775890001096,None,,,,,,,,,,,,,,,,,,,P9615,MIC_Bar,7,1,2026-05-07_16h23.18.347,MIC_task,,2026.1.2,59.935473466347815,2026-05-07 16h23.20.101524 +0200,
,,16,0,16,,,,,,,7,v07,hajó,ship,10,vehicles,watercraft,7,None,None,46,21,"(0, -0.1)",None,,,,,,,,,,,0,0,0,0,0,20,20,20,16,0,16,0,338.72397099994123,,,,,,,,,,,,,,,,,,,,,,,,,,,,,,,,,,,,,,,,,,,,,,,,,,,,,,,,,,,,,,,,,,,,,,,,,,,,,,,,,,,,,,,,,,,,,,,,,,,,,,338.7108918998856,338.72397099994123,338.72397099994123,338.72397099994123,338.90777070005424,None,,,,,,,,,,,,,,,,,,,P9615,MIC_Bar,7,1,2026-05-07_16h23.18.347,MIC_task,,2026.1.2,59.935473466347815,2026-05-07 16h23.20.101524 +0200,
,,17,0,17,,,,,,,7,v07,hajó,ship,10,vehicles,watercraft,7,None,None,46,21,"(0, -0.1)",None,,,,,,,,,,,0,0,0,0,0,20,20,20,17,0,17,0,338.924334499985,,,,,,,,,,,,,,,,,,,,,,,,,,,,,,,,,,,,,,,,,,,,,,,,,,,,,,,,,,,,,,,,,,,,,,,,,,,,,,,,,,,,,,,,,,,,,,,,,,,,,,338.9111818000674,338.924334499985,338.924334499985,338.924334499985,339.1081159999594,None,,,,,,,,,,,,,,,,,,,P9615,MIC_Bar,7,1,2026-05-07_16h23.18.347,MIC_task,,2026.1.2,59.935473466347815,2026-05-07 16h23.20.101524 +0200,
,,18,0,18,,,,,,,7,v07,hajó,ship,10,vehicles,watercraft,7,None,None,46,21,"(0, -0.1)",None,,,,,,,,,,,0,0,0,0,0,20,20,20,18,0,18,0,339.1247707998846,,,,,,,,,,,,,,,,,,,,,,,,,,,,,,,,,,,,,,,,,,,,,,,,,,,,,,,,,,,,,,,,,,,,,,,,,,,,,,,,,,,,,,,,,,,,,,,,,,,,,,339.1112780000549,339.1247707998846,339.1247707998846,339.1247707998846,339.31004530005157,None,,,,,,,,,,,,,,,,,,,P9615,MIC_Bar,7,1,2026-05-07_16h23.18.347,MIC_task,,2026.1.2,59.935473466347815,2026-05-07 16h23.20.101524 +0200,
,,19,0,19,,,,,,,7,v07,hajó,ship,10,vehicles,watercraft,7,None,None,46,21,"(0, -0.1)",None,,,,,,,,,,,0,0,0,0,0,20,20,20,19,0,19,0,339.3250349999871,,,,,,,,,,,,,,,,,,,,,,,,,,,,,,,,,,,,,,,,,,,,,,,,,,,,,,,,,,,,,,,,,,,,,,,,,,,,,,,,,,,,,,,,,,,,,,,,,,,,,,339.3131641000509,339.3250349999871,339.3250349999871,339.3250349999871,339.508887300035,None,,,,,,,,,,,,,,,,,,,P9615,MIC_Bar,7,1,2026-05-07_16h23.18.347,MIC_task,,2026.1.2,59.935473466347815,2026-05-07 16h23.20.101524 +0200,
,,20,0,20,,,,,,,7,v07,hajó,ship,10,vehicles,watercraft,7,None,None,46,21,"(0, -0.1)",None,,,,,,,,,,,0,0,0,0,0,20,20,20,20,0,20,0,339.52531359996647,,,,,,,,,,,,,,,,,,,,,,,,,,,,,,,,,,,,,,,,,,,,,,,,,,,,,,,,,,,,,,,,,,,,,,,,,,,,,,,,,,,,,,,,,,,,,,,,,,,,,,339.51221200008877,339.52531359996647,339.52531359996647,339.52531359996647,339.7092432999052,None,,,,,,,,,,,,,,,,,,,P9615,MIC_Bar,7,1,2026-05-07_16h23.18.347,MIC_task,,2026.1.2,59.935473466347815,2026-05-07 16h23.20.101524 +0200,
,,21,0,21,,,,,,,7,v07,hajó,ship,10,vehicles,watercraft,7,None,None,46,21,"(0, -0.1)",None,,,,,,,,,,,0,0,0,0,0,20,20,20,21,0,21,0,339.72566560003906,,,,,,,,,,,,,,,,,,,,,,,,,,,,,,,,,,,,,,,,,,,,,,,,,,,,,,,,,,,,,,,,,,,,,,,,,,,,,,,,,,,,,,,,,,,,,,,,,,,,,,339.7124574999325,339.72566560003906,339.72566560003906,339.72566560003906,339.9100941000506,None,,,,,,,,,,,,,,,,,,,P9615,MIC_Bar,7,1,2026-05-07_16h23.18.347,MIC_task,,2026.1.2,59.935473466347815,2026-05-07 16h23.20.101524 +0200,
,,22,0,22,,,,,,,7,v07,hajó,ship,10,vehicles,watercraft,7,None,None,46,21,"(0, -0.1)",None,,,,,,,,,,,0,0,0,0,0,20,20,20,22,0,22,0,339.9253825999331,,,,,,,,,,,,,,,,,,,,,,,,,,,,,,,,,,,,,,,,,,,,,,,,,,,,,,,,,,,,,,,,,,,,,,,,,,,,,,,,,,,,,,,,,,,,,,,,,,,,,,339.9139733999036,339.9253825999331,339.9253825999331,339.9253825999331,340.10913580004126,None,,,,,,,,,,,,,,,,,,,P9615,MIC_Bar,7,1,2026-05-07_16h23.18.347,MIC_task,,2026.1.2,59.935473466347815,2026-05-07 16h23.20.101524 +0200,
,,23,0,23,,,,,,,7,v07,hajó,ship,10,vehicles,watercraft,7,None,None,46,21,"(0, -0.1)",None,,,,,,,,,,,0,0,0,0,0,20,20,20,23,0,23,0,340.12573509989306,,,,,,,,,,,,,,,,,,,,,,,,,,,,,,,,,,,,,,,,,,,,,,,,,,,,,,,,,,,,,,,,,,,,,,,,,,,,,,,,,,,,,,,,,,,,,,,,,,,,,,340.11238409997895,340.12573509989306,340.12573509989306,340.12573509989306,340.31021449994296,None,,,,,,,,,,,,,,,,,,,P9615,MIC_Bar,7,1,2026-05-07_16h23.18.347,MIC_task,,2026.1.2,59.935473466347815,2026-05-07 16h23.20.101524 +0200,
,,24,0,24,,,,,,,7,v07,hajó,ship,10,vehicles,watercraft,7,None,None,46,21,"(0, -0.1)",None,,,,,,,,,,,0,0,0,0,0,20,20,20,24,0,24,0,340.3261694998946,,,,,,,,,,,,,,,,,,,,,,,,,,,,,,,,,,,,,,,,,,,,,,,,,,,,,,,,,,,,,,,,,,,,,,,,,,,,,,,,,,,,,,,,,,,,,,,,,,,,,,340.3139333999716,340.3261694998946,340.3261694998946,340.3261694998946,340.5113903998863,None,,,,,,,,,,,,,,,,,,,P9615,MIC_Bar,7,1,2026-05-07_16h23.18.347,MIC_task,,2026.1.2,59.935473466347815,2026-05-07 16h23.20.101524 +0200,
,,25,0,25,,,,,,,7,v07,hajó,ship,10,vehicles,watercraft,7,None,None,46,21,"(0, -0.1)",None,,,,,,,,,,,0,0,0,0,0,20,20,20,25,0,25,0,340.52657420001924,,,,,,,,,,,,,,,,,,,,,,,,,,,,,,,,,,,,,,,,,,,,,,,,,,,,,,,,,,,,,,,,,,,,,,,,,,,,,,,,,,,,,,,,,,,,,,,,,,,,,,340.5146421000827,340.52657420001924,340.52657420001924,340.52657420001924,340.7103361999616,None,,,,,,,,,,,,,,,,,,,P9615,MIC_Bar,7,1,2026-05-07_16h23.18.347,MIC_task,,2026.1.2,59.935473466347815,2026-05-07 16h23.20.101524 +0200,
,,26,0,26,,,,,,,7,v07,hajó,ship,10,vehicles,watercraft,7,None,None,46,21,"(0, -0.1)",None,,,,,,,,,,,0,0,0,0,0,20,20,20,26,0,26,0,340.7269325000234,,,,,,,,,,,,,,,,,,,,,,,,,,,,,,,,,,,,,,,,,,,,,,,,,,,,,,,,,,,,,,,,,,,,,,,,,,,,,,,,,,,,,,,,,,,,,,,,,,,,,,340.7134575000964,340.7269325000234,340.7269325000234,340.7269325000234,340.9118554000743,None,,,,,,,,,,,,,,,,,,,P9615,MIC_Bar,7,1,2026-05-07_16h23.18.347,MIC_task,,2026.1.2,59.935473466347815,2026-05-07 16h23.20.101524 +0200,
,,27,0,27,,,,,,,7,v07,hajó,ship,10,vehicles,watercraft,7,None,None,46,21,"(0, -0.1)",None,,,,,,,,,,,0,0,0,0,0,20,20,20,27,0,27,0,340.92734650010243,,,,,,,,,,,,,,,,,,,,,,,,,,,,,,,,,,,,,,,,,,,,,,,,,,,,,,,,,,,,,,,,,,,,,,,,,,,,,,,,,,,,,,,,,,,,,,,,,,,,,,340.91512569994666,340.92734650010243,340.92734650010243,340.92734650010243,341.11261929990724,None,,,,,,,,,,,,,,,,,,,P9615,MIC_Bar,7,1,2026-05-07_16h23.18.347,MIC_task,,2026.1.2,59.935473466347815,2026-05-07 16h23.20.101524 +0200,
,,28,0,28,,,,,,,7,v07,hajó,ship,10,vehicles,watercraft,7,None,None,46,21,"(0, -0.1)",None,,,,,,,,,,,0,0,0,0,0,20,20,20,28,0,28,0,341.1276682000607,,,,,,,,,,,,,,,,,,,,,,,,,,,,,,,,,,,,,,,,,,,,,,,,,,,,,,,,,,,,,,,,,,,,,,,,,,,,,,,,,,,,,,,,,,,,,,,,,,,,,,341.11558199999854,341.1276682000607,341.1276682000607,341.1276682000607,341.311483199941,None,,,,,,,,,,,,,,,,,,,P9615,MIC_Bar,7,1,2026-05-07_16h23.18.347,MIC_task,,2026.1.2,59.935473466347815,2026-05-07 16h23.20.101524 +0200,
,,29,0,29,,,,,,,7,v07,hajó,ship,10,vehicles,watercraft,7,None,None,46,21,"(0, -0.1)",None,,,,,,,,,,,0,0,0,0,0,20,20,20,29,0,29,0,341.32801910000853,,,,,,,,,,,,,,,,,,,,,,,,,,,,,,,,,,,,,,,,,,,,,,,,,,,,,,,,,,,,,,,,,,,,,,,,,,,,,,,,,,,,,,,,,,,,,,,,,,,,,,341.31486180005595,341.32801910000853,341.32801910000853,341.32801910000853,341.5129263000563,None,,,,,,,,,,,,,,,,,,,P9615,MIC_Bar,7,1,2026-05-07_16h23.18.347,MIC_task,,2026.1.2,59.935473466347815,2026-05-07 16h23.20.101524 +0200,
,,30,0,30,,,,,,,7,v07,hajó,ship,10,vehicles,watercraft,7,None,None,46,21,"(0, -0.1)",None,,,,,,,,,,,0,0,0,0,0,20,20,20,30,0,30,0,341.52837079996243,,,,,,,,,,,,,,,,,,,,,,,,,,,,,,,,,,,,,,,,,,,,,,,,,,,,,,,,,,,,,,,,,,,,,,,,,,,,,,,,,,,,,,,,,,,,,,,,,,,,,,341.516074599931,341.52837079996243,341.52837079996243,341.52837079996243,341.7121874000877,None,,,,,,,,,,,,,,,,,,,P9615,MIC_Bar,7,1,2026-05-07_16h23.18.347,MIC_task,,2026.1.2,59.935473466347815,2026-05-07 16h23.20.101524 +0200,
,,31,0,31,,,,,,,7,v07,hajó,ship,10,vehicles,watercraft,7,None,None,46,21,"(0, -0.1)",space,0.16252280003391206,None,,,,,,,,,0,0,0,0,0,20,20,20,31,0,31,0,341.7288265998941,,,,,,,,,,,,,,,,,,,,,,,,,,,,,,,,,,,,,,,,,,,,,,,,,,,,,,,,,,,,,,,,,,,,,,,,,,,,,,,,,,,,,,,,,,,,,,,,,,,,,,341.7155130999163,341.7288265998941,341.7288265998941,341.7288265998941,341.89801479992457,space,0.16252280003391206,None,,,,,,,,,,,,,,,,,P9615,MIC_Bar,7,1,2026-05-07_16h23.18.347,MIC_task,,2026.1.2,59.935473466347815,2026-05-07 16h23.20.101524 +0200,
,,20,20,0,,,,space,1.0997105999849737,None,7,v07,hajó,ship,10,vehicles,watercraft,7,None,None,46,21,"(0, -0.1)",,,,,,,,,,,,0,0,0,0,0,20,20,20,,,,,,,,,,,,,,,,,,,,,,,,,,,,,,,,,,,,,,,,,,,,,,,,,,,,,,,,,,,,,,,,,,,,,,,,,,,,,,,,,,,,,,,,,,341.96302679996006,341.9669488000218,341.9635164665679,343.9001736000646,,,,,,345.9018043000251,345.91991989989765,345.91991989989765,347.02259290008806,,,,,,,,,,,,,343.93052869988605,343.93655549990945,343.9333718334169,345.81934090005234,345.9017477000598,space,1.0997105999849737,None,,,,,,,,,P9615,MIC_Bar,7,1,2026-05-07_16h23.18.347,MIC_task,,2026.1.2,59.935473466347815,2026-05-07 16h23.20.101524 +0200,
,,0,0,0,,,,,,,7,a09,pingvin,penguin,1,animal,bird,6,13,25,68,None,"(-0.1, -0.1)",None,,,,,,,,,,,0,0,0,0,0,21,21,21,0,0,0,0,347.04755480005406,,,,,,,,,,,,,,,,,,,,,,,,,,,,,,,,,,,,,,,,,,,,,,,,,,,,,,,,,,,,,,,,,,,,,,,,,,,,,,,,,,,,,,,,,,,,,,,,,,,,,,347.0428643000778,347.04755480005406,347.04755480005406,347.04755480005406,347.2378243000712,None,,,,,,,,,,,,,,,,,,,P9615,MIC_Bar,7,1,2026-05-07_16h23.18.347,MIC_task,,2026.1.2,59.935473466347815,2026-05-07 16h23.20.101524 +0200,
,,0,0,0,,,,,,,7,a09,pingvin,penguin,1,animal,bird,6,13,25,68,None,"(-0.1, -0.1)",None,,,,,,,,,,,0,0,0,0,0,21,21,21,0,0,0,0,347.25383060006425,,,,,,,,,,,,,,,,,,,,,,,,,,,,,,,,,,,,,,,,,,,,,,,,,,,,,,,,,,,,,,,,,,,,,,,,,,,,,,,,,,,,,,,,,,,,,,,,,,,,,,347.24111600010656,347.25383060006425,347.25383060006425,347.25383060006425,347.4381965000648,None,,,,,,,,,,,,,,,,,,,P9615,MIC_Bar,7,1,2026-05-07_16h23.18.347,MIC_task,,2026.1.2,59.935473466347815,2026-05-07 16h23.20.101524 +0200,
,,1,0,1,,,,,,,7,a09,pingvin,penguin,1,animal,bird,6,13,25,68,None,"(-0.1, -0.1)",None,,,,,,,,,,,0,0,0,0,0,21,21,21,1,0,1,0,347.45415430003777,,,,,,,,,,,,,,,,,,,,,,,,,,,,,,,,,,,,,,,,,,,,,,,,,,,,,,,,,,,,,,,,,,,,,,,,,,,,,,,,,,,,,,,,,,,,,,,,,,,,,,347.4416533000767,347.45415430003777,347.45415430003777,347.45415430003777,347.638011300005,None,,,,,,,,,,,,,,,,,,,P9615,MIC_Bar,7,1,2026-05-07_16h23.18.347,MIC_task,,2026.1.2,59.935473466347815,2026-05-07 16h23.20.101524 +0200,
,,2,0,2,,,,,,,7,a09,pingvin,penguin,1,animal,bird,6,13,25,68,None,"(-0.1, -0.1)",None,,,,,,,,,,,0,0,0,0,0,21,21,21,2,0,2,0,347.6558666001074,,,,,,,,,,,,,,,,,,,,,,,,,,,,,,,,,,,,,,,,,,,,,,,,,,,,,,,,,,,,,,,,,,,,,,,,,,,,,,,,,,,,,,,,,,,,,,,,,,,,,,347.6412804001011,347.6558666001074,347.6558666001074,347.6558666001074,347.8390899000224,None,,,,,,,,,,,,,,,,,,,P9615,MIC_Bar,7,1,2026-05-07_16h23.18.347,MIC_task,,2026.1.2,59.935473466347815,2026-05-07 16h23.20.101524 +0200,
,,3,0,3,,,,,,,7,a09,pingvin,penguin,1,animal,bird,6,13,25,68,None,"(-0.1, -0.1)",None,,,,,,,,,,,0,0,0,0,0,21,21,21,3,0,3,0,347.85430229990743,,,,,,,,,,,,,,,,,,,,,,,,,,,,,,,,,,,,,,,,,,,,,,,,,,,,,,,,,,,,,,,,,,,,,,,,,,,,,,,,,,,,,,,,,,,,,,,,,,,,,,347.8423846999649,347.85430229990743,347.85430229990743,347.85430229990743,348.03912499989383,None,,,,,,,,,,,,,,,,,,,P9615,MIC_Bar,7,1,2026-05-07_16h23.18.347,MIC_task,,2026.1.2,59.935473466347815,2026-05-07 16h23.20.101524 +0200,
,,4,0,4,,,,,,,7,a09,pingvin,penguin,1,animal,bird,6,13,25,68,None,"(-0.1, -0.1)",None,,,,,,,,,,,0,0,0,0,0,21,21,21,4,0,4,0,348.0546750999056,,,,,,,,,,,,,,,,,,,,,,,,,,,,,,,,,,,,,,,,,,,,,,,,,,,,,,,,,,,,,,,,,,,,,,,,,,,,,,,,,,,,,,,,,,,,,,,,,,,,,,348.0422507999465,348.0546750999056,348.0546750999056,348.0546750999056,348.23870119987987,None,,,,,,,,,,,,,,,,,,,P9615,MIC_Bar,7,1,2026-05-07_16h23.18.347,MIC_task,,2026.1.2,59.935473466347815,2026-05-07 16h23.20.101524 +0200,
,,5,0,5,,,,,,,7,a09,pingvin,penguin,1,animal,bird,6,13,25,68,None,"(-0.1, -0.1)",None,,,,,,,,,,,0,0,0,0,0,21,21,21,5,0,5,0,348.25498940004036,,,,,,,,,,,,,,,,,,,,,,,,,,,,,,,,,,,,,,,,,,,,,,,,,,,,,,,,,,,,,,,,,,,,,,,,,,,,,,,,,,,,,,,,,,,,,,,,,,,,,,348.2418569000438,348.25498940004036,348.25498940004036,348.25498940004036,348.42338640009984,None,,,,,,,,,,,,,,,,,,,P9615,MIC_Bar,7,1,2026-05-07_16h23.18.347,MIC_task,,2026.1.2,59.935473466347815,2026-05-07 16h23.20.101524 +0200,
,,6,0,6,,,,,,,7,a09,pingvin,penguin,1,animal,bird,6,13,25,68,None,"(-0.1, -0.1)",None,,,,,,,,,,,0,0,0,0,0,21,21,21,6,0,6,0,348.4385186000727,,,,,,,,,,,,,,,,,,,,,,,,,,,,,,,,,,,,,,,,,,,,,,,,,,,,,,,,,,,,,,,,,,,,,,,,,,,,,,,,,,,,,,,,,,,,,,,,,,,,,,348.4265221999958,348.4385186000727,348.4385186000727,348.4385186000727,348.62278049997985,None,,,,,,,,,,,348.6389564999845,348.6389564999845,348.6389564999845,,,,,,P9615,MIC_Bar,7,1,2026-05-07_16h23.18.347,MIC_task,,2026.1.2,59.935473466347815,2026-05-07 16h23.20.101524 +0200,
,,7,0,7,,,,,,,7,a09,pingvin,penguin,1,animal,bird,6,13,25,68,None,"(-0.1, -0.1)",None,,,,,,,,,,,0,0,0,0,0,21,21,21,7,0,7,0,348.6389564999845,,,,,,,,,,,,,,,,,,,,,,,,,,,,,,,,,,,,,,,,,,,,,,,,,,,,,,,,,,,,,,,,,,,,,,,,,,,,,,,,,,,,,,,,,,,,,,,,,,,,,,348.62583789997734,348.6389564999845,348.6389564999845,348.6389564999845,348.82298350008205,None,,,,,,,,,,,,,,,,,,,P9615,MIC_Bar,7,1,2026-05-07_16h23.18.347,MIC_task,,2026.1.2,59.935473466347815,2026-05-07 16h23.20.101524 +0200,
,,8,0,8,,,,,,,7,a09,pingvin,penguin,1,animal,bird,6,13,25,68,None,"(-0.1, -0.1)",None,,,,,,,,,,,0,0,0,0,0,21,21,21,8,0,8,0,348.83925549988635,,,,,,,,,,,,,,,,,,,,,,,,,,,,,,,,,,,,,,,,,,,,,,,,,,,,,,,,,,,,,,,,,,,,,,,,,,,,,,,,,,,,,,,,,,,,,,,,,,,,,,348.82623460004106,348.83925549988635,348.83925549988635,348.83925549988635,349.024387100013,None,,,,,,,,,,,,,,,,,,,P9615,MIC_Bar,7,1,2026-05-07_16h23.18.347,MIC_task,,2026.1.2,59.935473466347815,2026-05-07 16h23.20.101524 +0200,
,,9,0,9,,,,,,,7,a09,pingvin,penguin,1,animal,bird,6,13,25,68,None,"(-0.1, -0.1)",None,,,,,,,,,,,0,0,0,0,0,21,21,21,9,0,9,0,349.03961550001986,,,,,,,,,,,,,,,,,,,,,,,,,,,,,,,,,,,,,,,,,,,,,,,,,,,,,,,,,,,,,,,,,,,,,,,,,,,,,,,,,,,,,,,,,,,,,,,,,,,,,,349.02743729995564,349.03961550001986,349.03961550001986,349.03961550001986,349.2235220998991,None,,,,,,,,,,,,,,,,,,,P9615,MIC_Bar,7,1,2026-05-07_16h23.18.347,MIC_task,,2026.1.2,59.935473466347815,2026-05-07 16h23.20.101524 +0200,
,,10,0,10,,,,,,,7,a09,pingvin,penguin,1,animal,bird,6,13,25,68,None,"(-0.1, -0.1)",None,,,,,,,,,,,0,0,0,0,0,21,21,21,10,0,10,0,349.2399249000009,,,,,,,,,,,,,,,,,,,,,,,,,,,,,,,,,,,,,,,,,,,,,,,,,,,,,,,,,,,,,,,,,,,,,,,,,,,,,,,,,,,,,,,,,,,,,,,,,,,,,,349.22649720008485,349.2399249000009,349.2399249000009,349.2399249000009,349.42389840004034,None,,,,,,,,,,,,,,,,,,,P9615,MIC_Bar,7,1,2026-05-07_16h23.18.347,MIC_task,,2026.1.2,59.935473466347815,2026-05-07 16h23.20.101524 +0200,
,,11,0,11,,,,,,,7,a09,pingvin,penguin,1,animal,bird,6,13,25,68,None,"(-0.1, -0.1)",None,,,,,,,,,,,0,0,0,0,0,21,21,21,11,0,11,0,349.44047909998335,,,,,,,,,,,,,,,,,,,,,,,,,,,,,,,,,,,,,,,,,,,,,,,,,,,,,,,,,,,,,,,,,,,,,,,,,,,,,,,,,,,,,,,,,,,,,,,,,,,,,,349.42707709991373,349.44047909998335,349.44047909998335,349.44047909998335,349.62410630006343,None,,,,,,,,,,,,,,,,,,,P9615,MIC_Bar,7,1,2026-05-07_16h23.18.347,MIC_task,,2026.1.2,59.935473466347815,2026-05-07 16h23.20.101524 +0200,
,,12,0,12,,,,,,,7,a09,pingvin,penguin,1,animal,bird,6,13,25,68,None,"(-0.1, -0.1)",None,,,,,,,,,,,0,0,0,0,0,21,21,21,12,0,12,0,349.6406300999224,,,,,,,,,,,,,,,,,,,,,,,,,,,,,,,,,,,,,,,,,,,,,,,,,,,,,,,,,,,,,,,,,,,,,,,,,,,,,,,,,,,,,,,,,,,,,,,,,,,,,,349.6271824000869,349.6406300999224,349.6406300999224,349.6406300999224,349.8259513999801,None,,,,,,,,,,,,,,,,,,,P9615,MIC_Bar,7,1,2026-05-07_16h23.18.347,MIC_task,,2026.1.2,59.935473466347815,2026-05-07 16h23.20.101524 +0200,
,,13,0,13,,,,,,,7,a09,pingvin,penguin,1,animal,bird,6,13,25,68,None,"(-0.1, -0.1)",None,,,,,,,,,,,0,0,0,0,0,21,21,21,13,0,13,0,349.84106369991787,,,,,,,,,,,,,,,,,,,,,,,,,,,,,,,,,,,,,,,,,,,,,,,,,,,,,,,,,,,,,,,,,,,,,,,,,,,,,,,,,,,,,,,,,,,,,,,,,,,,,,349.8291001999751,349.84106369991787,349.84106369991787,349.84106369991787,350.02499440009706,None,,,,,,,,,,,,,,,,,,,P9615,MIC_Bar,7,1,2026-05-07_16h23.18.347,MIC_task,,2026.1.2,59.935473466347815,2026-05-07 16h23.20.101524 +0200,
,,14,0,14,,,,,,,7,a09,pingvin,penguin,1,animal,bird,6,13,25,68,None,"(-0.1, -0.1)",None,,,,,,,,,,,0,0,0,0,0,21,21,21,14,0,14,0,350.0414823999163,,,,,,,,,,,,,,,,,,,,,,,,,,,,,,,,,,,,,,,,,,,,,,,,,,,,,,,,,,,,,,,,,,,,,,,,,,,,,,,,,,,,,,,,,,,,,,,,,,,,,,350.02854080009274,350.0414823999163,350.0414823999163,350.0414823999163,350.2253211000934,None,,,,,,,,,,,,,,,,,,,P9615,MIC_Bar,7,1,2026-05-07_16h23.18.347,MIC_task,,2026.1.2,59.935473466347815,2026-05-07 16h23.20.101524 +0200,
,,15,0,15,,,,,,,7,a09,pingvin,penguin,1,animal,bird,6,13,25,68,None,"(-0.1, -0.1)",None,,,,,,,,,,,0,0,0,0,0,21,21,21,15,0,15,0,350.24103159992956,,,,,,,,,,,,,,,,,,,,,,,,,,,,,,,,,,,,,,,,,,,,,,,,,,,,,,,,,,,,,,,,,,,,,,,,,,,,,,,,,,,,,,,,,,,,,,,,,,,,,,350.22849690006115,350.24103159992956,350.24103159992956,350.24103159992956,350.4249416999519,None,,,,,,,,,,,,,,,,,,,P9615,MIC_Bar,7,1,2026-05-07_16h23.18.347,MIC_task,,2026.1.2,59.935473466347815,2026-05-07 16h23.20.101524 +0200,
,,16,0,16,,,,,,,7,a09,pingvin,penguin,1,animal,bird,6,13,25,68,None,"(-0.1, -0.1)",None,,,,,,,,,,,0,0,0,0,0,21,21,21,16,0,16,0,350.4415551999118,,,,,,,,,,,,,,,,,,,,,,,,,,,,,,,,,,,,,,,,,,,,,,,,,,,,,,,,,,,,,,,,,,,,,,,,,,,,,,,,,,,,,,,,,,,,,,,,,,,,,,350.4280240999069,350.4415551999118,350.4415551999118,350.4415551999118,350.6255105000455,None,,,,,,,,,,,,,,,,,,,P9615,MIC_Bar,7,1,2026-05-07_16h23.18.347,MIC_task,,2026.1.2,59.935473466347815,2026-05-07 16h23.20.101524 +0200,
,,17,0,17,,,,,,,7,a09,pingvin,penguin,1,animal,bird,6,13,25,68,None,"(-0.1, -0.1)",None,,,,,,,,,,,0,0,0,0,0,21,21,21,17,0,17,0,350.64191489992663,,,,,,,,,,,,,,,,,,,,,,,,,,,,,,,,,,,,,,,,,,,,,,,,,,,,,,,,,,,,,,,,,,,,,,,,,,,,,,,,,,,,,,,,,,,,,,,,,,,,,,350.6287624000106,350.64191489992663,350.64191489992663,350.64191489992663,350.82709149993025,None,,,,,,,,,,,,,,,,,,,P9615,MIC_Bar,7,1,2026-05-07_16h23.18.347,MIC_task,,2026.1.2,59.935473466347815,2026-05-07 16h23.20.101524 +0200,
,,18,0,18,,,,,,,7,a09,pingvin,penguin,1,animal,bird,6,13,25,68,None,"(-0.1, -0.1)",None,,,,,,,,,,,0,0,0,0,0,21,21,21,18,0,18,0,350.8423329999205,,,,,,,,,,,,,,,,,,,,,,,,,,,,,,,,,,,,,,,,,,,,,,,,,,,,,,,,,,,,,,,,,,,,,,,,,,,,,,,,,,,,,,,,,,,,,,,,,,,,,,350.8303002999164,350.8423329999205,350.8423329999205,350.8423329999205,351.0260057998821,None,,,,,,,,,,,,,,,,,,,P9615,MIC_Bar,7,1,2026-05-07_16h23.18.347,MIC_task,,2026.1.2,59.935473466347815,2026-05-07 16h23.20.101524 +0200,
,,19,0,19,,,,,,,7,a09,pingvin,penguin,1,animal,bird,6,13,25,68,None,"(-0.1, -0.1)",None,,,,,,,,,,,0,0,0,0,0,21,21,21,19,0,19,0,351.0427427999675,,,,,,,,,,,,,,,,,,,,,,,,,,,,,,,,,,,,,,,,,,,,,,,,,,,,,,,,,,,,,,,,,,,,,,,,,,,,,,,,,,,,,,,,,,,,,,,,,,,,,,351.02916850009933,351.0427427999675,351.0427427999675,351.0427427999675,351.22799569997005,None,,,,,,,,,,,,,,,,,,,P9615,MIC_Bar,7,1,2026-05-07_16h23.18.347,MIC_task,,2026.1.2,59.935473466347815,2026-05-07 16h23.20.101524 +0200,
,,20,0,20,,,,,,,7,a09,pingvin,penguin,1,animal,bird,6,13,25,68,None,"(-0.1, -0.1)",None,,,,,,,,,,,0,0,0,0,0,21,21,21,20,0,20,0,351.24302019993775,,,,,,,,,,,,,,,,,,,,,,,,,,,,,,,,,,,,,,,,,,,,,,,,,,,,,,,,,,,,,,,,,,,,,,,,,,,,,,,,,,,,,,,,,,,,,,,,,,,,,,351.23143550008535,351.24302019993775,351.24302019993775,351.24302019993775,351.4268453998957,None,,,,,,,,,,,,,,,,,,,P9615,MIC_Bar,7,1,2026-05-07_16h23.18.347,MIC_task,,2026.1.2,59.935473466347815,2026-05-07 16h23.20.101524 +0200,
,,21,0,21,,,,,,,7,a09,pingvin,penguin,1,animal,bird,6,13,25,68,None,"(-0.1, -0.1)",None,,,,,,,,,,,0,0,0,0,0,21,21,21,21,0,21,0,351.4433641000651,,,,,,,,,,,,,,,,,,,,,,,,,,,,,,,,,,,,,,,,,,,,,,,,,,,,,,,,,,,,,,,,,,,,,,,,,,,,,,,,,,,,,,,,,,,,,,,,,,,,,,351.4299282000866,351.4433641000651,351.4433641000651,351.4433641000651,351.62716279993765,None,,,,,,,,,,,,,,,,,,,P9615,MIC_Bar,7,1,2026-05-07_16h23.18.347,MIC_task,,2026.1.2,59.935473466347815,2026-05-07 16h23.20.101524 +0200,
,,22,0,22,,,,,,,7,a09,pingvin,penguin,1,animal,bird,6,13,25,68,None,"(-0.1, -0.1)",None,,,,,,,,,,,0,0,0,0,0,21,21,21,22,0,22,0,351.64377849991433,,,,,,,,,,,,,,,,,,,,,,,,,,,,,,,,,,,,,,,,,,,,,,,,,,,,,,,,,,,,,,,,,,,,,,,,,,,,,,,,,,,,,,,,,,,,,,,,,,,,,,351.6301734999288,351.64377849991433,351.64377849991433,351.64377849991433,351.827598700067,None,,,,,,,,,,,,,,,,,,,P9615,MIC_Bar,7,1,2026-05-07_16h23.18.347,MIC_task,,2026.1.2,59.935473466347815,2026-05-07 16h23.20.101524 +0200,
,,23,0,23,,,,,,,7,a09,pingvin,penguin,1,animal,bird,6,13,25,68,None,"(-0.1, -0.1)",None,,,,,,,,,,,0,0,0,0,0,21,21,21,23,0,23,0,351.8440741999075,,,,,,,,,,,,,,,,,,,,,,,,,,,,,,,,,,,,,,,,,,,,,,,,,,,,,,,,,,,,,,,,,,,,,,,,,,,,,,,,,,,,,,,,,,,,,,,,,,,,,,351.8309627000708,351.8440741999075,351.8440741999075,351.8440741999075,352.0279747999739,None,,,,,,,,,,,,,,,,,,,P9615,MIC_Bar,7,1,2026-05-07_16h23.18.347,MIC_task,,2026.1.2,59.935473466347815,2026-05-07 16h23.20.101524 +0200,
,,24,0,24,,,,,,,7,a09,pingvin,penguin,1,animal,bird,6,13,25,68,None,"(-0.1, -0.1)",None,,,,,,,,,,,0,0,0,0,0,21,21,21,24,0,24,0,352.04447959992103,,,,,,,,,,,,,,,,,,,,,,,,,,,,,,,,,,,,,,,,,,,,,,,,,,,,,,,,,,,,,,,,,,,,,,,,,,,,,,,,,,,,,,,,,,,,,,,,,,,,,,352.0311427998822,352.04447959992103,352.04447959992103,352.04447959992103,352.22829900006764,None,,,,,,,,,,,,,,,,,,,P9615,MIC_Bar,7,1,2026-05-07_16h23.18.347,MIC_task,,2026.1.2,59.935473466347815,2026-05-07 16h23.20.101524 +0200,
,,25,0,25,,,,,,,7,a09,pingvin,penguin,1,animal,bird,6,13,25,68,None,"(-0.1, -0.1)",None,,,,,,,,,,,0,0,0,0,0,21,21,21,25,0,25,0,352.244850799907,,,,,,,,,,,,,,,,,,,,,,,,,,,,,,,,,,,,,,,,,,,,,,,,,,,,,,,,,,,,,,,,,,,,,,,,,,,,,,,,,,,,,,,,,,,,,,,,,,,,,,352.23154180007987,352.244850799907,352.244850799907,352.244850799907,352.42875179997645,None,,,,,,,,,,,,,,,,,,,P9615,MIC_Bar,7,1,2026-05-07_16h23.18.347,MIC_task,,2026.1.2,59.935473466347815,2026-05-07 16h23.20.101524 +0200,
,,26,0,26,,,,,,,7,a09,pingvin,penguin,1,animal,bird,6,13,25,68,None,"(-0.1, -0.1)",None,,,,,,,,,,,0,0,0,0,0,21,21,21,26,0,26,0,352.4444438999053,,,,,,,,,,,,,,,,,,,,,,,,,,,,,,,,,,,,,,,,,,,,,,,,,,,,,,,,,,,,,,,,,,,,,,,,,,,,,,,,,,,,,,,,,,,,,,,,,,,,,,352.4320622999221,352.4444438999053,352.4444438999053,352.4444438999053,352.6297003000509,None,,,,,,,,,,,,,,,,,,,P9615,MIC_Bar,7,1,2026-05-07_16h23.18.347,MIC_task,,2026.1.2,59.935473466347815,2026-05-07 16h23.20.101524 +0200,
,,27,0,27,,,,,,,7,a09,pingvin,penguin,1,animal,bird,6,13,25,68,None,"(-0.1, -0.1)",space,0.07067280006594956,None,,,,,,,,,0,0,0,0,0,21,21,21,27,0,27,0,352.6449072000105,,,,,,,,,,,,,,,,,,,,,,,,,,,,,,,,,,,,,,,,,,,,,,,,,,,,,,,,,,,,,,,,,,,,,,,,,,,,,,,,,,,,,,,,,,,,,,,,,,,,,,352.6329600000754,352.6449072000105,352.6449072000105,352.6449072000105,352.72984559996985,space,0.07067280006594956,None,,,,,,,,,,,,,,,,,P9615,MIC_Bar,7,1,2026-05-07_16h23.18.347,MIC_task,,2026.1.2,59.935473466347815,2026-05-07 16h23.20.101524 +0200,
,,21,21,0,,,,space,0.18767670006491244,None,7,a09,pingvin,penguin,1,animal,bird,6,13,25,68,None,"(-0.1, -0.1)",,,,,,,,,,,,0,0,0,0,0,21,21,21,,,,,,,,,,,,,,,,,,,,,,,,,,,,,,,,,,,,,,,,,,,,,,,,,,,,,,,,,,,,,,,,,,,,,,,,,,,,,,,,,,,,,,,,,,352.7930004999507,352.79844789998606,352.7956455666727,354.7318021999672,,,,,,356.7347589000128,356.751787800109,356.751787800109,356.95396650000475,,,,,,,,,,,,,354.76119649992324,354.76692519988865,354.7649848334336,356.6507401999552,356.73469799989834,space,0.18767670006491244,None,,,,,,,,,P9615,MIC_Bar,7,1,2026-05-07_16h23.18.347,MIC_task,,2026.1.2,59.935473466347815,2026-05-07 16h23.20.101524 +0200,
,,0,0,0,,,,,,,7,t06,sátor,tent,8,tools,camping,4.8,110,None,None,None,"(-0.1, -0.1)",None,,,,,,,,,,,0,0,0,0,0,22,22,22,0,0,0,0,356.97863349993713,,,,,,,,,,,,,,,,,,,,,,,,,,,,,,,,,,,,,,,,,,,,,,,,,,,,,,,,,,,,,,,,,,,,,,,,,,,,,,,,,,,,,,,,,,,,,,,,,,,,,,356.97356870002113,356.97863349993713,356.97863349993713,356.97863349993713,357.168957100017,None,,,,,,,,,,,,,,,,,,,P9615,MIC_Bar,7,1,2026-05-07_16h23.18.347,MIC_task,,2026.1.2,59.935473466347815,2026-05-07 16h23.20.101524 +0200,
,,0,0,0,,,,,,,7,t06,sátor,tent,8,tools,camping,4.8,110,None,None,None,"(-0.1, -0.1)",None,,,,,,,,,,,0,0,0,0,0,22,22,22,0,0,0,0,357.1856364000123,,,,,,,,,,,,,,,,,,,,,,,,,,,,,,,,,,,,,,,,,,,,,,,,,,,,,,,,,,,,,,,,,,,,,,,,,,,,,,,,,,,,,,,,,,,,,,,,,,,,,,357.1720467999112,357.1856364000123,357.1856364000123,357.1856364000123,357.3694714999292,None,,,,,,,,,,,,,,,,,,,P9615,MIC_Bar,7,1,2026-05-07_16h23.18.347,MIC_task,,2026.1.2,59.935473466347815,2026-05-07 16h23.20.101524 +0200,
,,1,0,1,,,,,,,7,t06,sátor,tent,8,tools,camping,4.8,110,None,None,None,"(-0.1, -0.1)",None,,,,,,,,,,,0,0,0,0,0,22,22,22,1,0,1,0,357.3859870999586,,,,,,,,,,,,,,,,,,,,,,,,,,,,,,,,,,,,,,,,,,,,,,,,,,,,,,,,,,,,,,,,,,,,,,,,,,,,,,,,,,,,,,,,,,,,,,,,,,,,,,357.37245790008456,357.3859870999586,357.3859870999586,357.3859870999586,357.5713577999268,None,,,,,,,,,,,,,,,,,,,P9615,MIC_Bar,7,1,2026-05-07_16h23.18.347,MIC_task,,2026.1.2,59.935473466347815,2026-05-07 16h23.20.101524 +0200,
,,2,0,2,,,,,,,7,t06,sátor,tent,8,tools,camping,4.8,110,None,None,None,"(-0.1, -0.1)",None,,,,,,,,,,,0,0,0,0,0,22,22,22,2,0,2,0,357.5855219999794,,,,,,,,,,,,,,,,,,,,,,,,,,,,,,,,,,,,,,,,,,,,,,,,,,,,,,,,,,,,,,,,,,,,,,,,,,,,,,,,,,,,,,,,,,,,,,,,,,,,,,357.57422300009057,357.5855219999794,357.5855219999794,357.5855219999794,357.7716938999947,None,,,,,,,,,,,,,,,,,,,P9615,MIC_Bar,7,1,2026-05-07_16h23.18.347,MIC_task,,2026.1.2,59.935473466347815,2026-05-07 16h23.20.101524 +0200,
,,3,0,3,,,,,,,7,t06,sátor,tent,8,tools,camping,4.8,110,None,None,None,"(-0.1, -0.1)",None,,,,,,,,,,,0,0,0,0,0,22,22,22,3,0,3,0,357.7859894998837,,,,,,,,,,,,,,,,,,,,,,,,,,,,,,,,,,,,,,,,,,,,,,,,,,,,,,,,,,,,,,,,,,,,,,,,,,,,,,,,,,,,,,,,,,,,,,,,,,,,,,357.7745922000613,357.7859894998837,357.7859894998837,357.7859894998837,357.97052549989894,None,,,,,,,,,,,,,,,,,,,P9615,MIC_Bar,7,1,2026-05-07_16h23.18.347,MIC_task,,2026.1.2,59.935473466347815,2026-05-07 16h23.20.101524 +0200,
,,4,0,4,,,,,,,7,t06,sátor,tent,8,tools,camping,4.8,110,None,None,None,"(-0.1, -0.1)",None,,,,,,,,,,,0,0,0,0,0,22,22,22,4,0,4,0,357.98636920005083,,,,,,,,,,,,,,,,,,,,,,,,,,,,,,,,,,,,,,,,,,,,,,,,,,,,,,,,,,,,,,,,,,,,,,,,,,,,,,,,,,,,,,,,,,,,,,,,,,,,,,357.9736160999164,357.98636920005083,357.98636920005083,357.98636920005083,358.154127900023,None,,,,,,,,,,,,,,,,,,,P9615,MIC_Bar,7,1,2026-05-07_16h23.18.347,MIC_task,,2026.1.2,59.935473466347815,2026-05-07 16h23.20.101524 +0200,
,,5,0,5,,,,,,,7,t06,sátor,tent,8,tools,camping,4.8,110,None,None,None,"(-0.1, -0.1)",None,,,,,,,,,,,0,0,0,0,0,22,22,22,5,0,5,0,358.1699808000121,,,,,,,,,,,,,,,,,,,,,,,,,,,,,,,,,,,,,,,,,,,,,,,,,,,,,,,,,,,,,,,,,,,,,,,,,,,,,,,,,,,,,,,,,,,,,,,,,,,,,,358.1570921000093,358.1699808000121,358.1699808000121,358.1699808000121,358.35429299995303,None,,,,,,,,,,,358.37043819995597,358.37043819995597,358.37043819995597,,,,,,P9615,MIC_Bar,7,1,2026-05-07_16h23.18.347,MIC_task,,2026.1.2,59.935473466347815,2026-05-07 16h23.20.101524 +0200,
,,6,0,6,,,,,,,7,t06,sátor,tent,8,tools,camping,4.8,110,None,None,None,"(-0.1, -0.1)",None,,,,,,,,,,,0,0,0,0,0,22,22,22,6,0,6,0,358.37043819995597,,,,,,,,,,,,,,,,,,,,,,,,,,,,,,,,,,,,,,,,,,,,,,,,,,,,,,,,,,,,,,,,,,,,,,,,,,,,,,,,,,,,,,,,,,,,,,,,,,,,,,358.3571019000374,358.37043819995597,358.37043819995597,358.37043819995597,358.55555639998056,None,,,,,,,,,,,,,,,,,,,P9615,MIC_Bar,7,1,2026-05-07_16h23.18.347,MIC_task,,2026.1.2,59.935473466347815,2026-05-07 16h23.20.101524 +0200,
,,7,0,7,,,,,,,7,t06,sátor,tent,8,tools,camping,4.8,110,None,None,None,"(-0.1, -0.1)",None,,,,,,,,,,,0,0,0,0,0,22,22,22,7,0,7,0,358.57076980010606,,,,,,,,,,,,,,,,,,,,,,,,,,,,,,,,,,,,,,,,,,,,,,,,,,,,,,,,,,,,,,,,,,,,,,,,,,,,,,,,,,,,,,,,,,,,,,,,,,,,,,358.5587017000653,358.57076980010606,358.57076980010606,358.57076980010606,358.756062499946,None,,,,,,,,,,,,,,,,,,,P9615,MIC_Bar,7,1,2026-05-07_16h23.18.347,MIC_task,,2026.1.2,59.935473466347815,2026-05-07 16h23.20.101524 +0200,
,,8,0,8,,,,,,,7,t06,sátor,tent,8,tools,camping,4.8,110,None,None,None,"(-0.1, -0.1)",None,,,,,,,,,,,0,0,0,0,0,22,22,22,8,0,8,0,358.77113109990023,,,,,,,,,,,,,,,,,,,,,,,,,,,,,,,,,,,,,,,,,,,,,,,,,,,,,,,,,,,,,,,,,,,,,,,,,,,,,,,,,,,,,,,,,,,,,,,,,,,,,,358.759201399982,358.77113109990023,358.77113109990023,358.77113109990023,358.95489889988676,None,,,,,,,,,,,,,,,,,,,P9615,MIC_Bar,7,1,2026-05-07_16h23.18.347,MIC_task,,2026.1.2,59.935473466347815,2026-05-07 16h23.20.101524 +0200,
,,9,0,9,,,,,,,7,t06,sátor,tent,8,tools,camping,4.8,110,None,None,None,"(-0.1, -0.1)",None,,,,,,,,,,,0,0,0,0,0,22,22,22,9,0,9,0,358.9714601999149,,,,,,,,,,,,,,,,,,,,,,,,,,,,,,,,,,,,,,,,,,,,,,,,,,,,,,,,,,,,,,,,,,,,,,,,,,,,,,,,,,,,,,,,,,,,,,,,,,,,,,358.9583582000341,358.9714601999149,358.9714601999149,358.9714601999149,359.1555339999031,None,,,,,,,,,,,,,,,,,,,P9615,MIC_Bar,7,1,2026-05-07_16h23.18.347,MIC_task,,2026.1.2,59.935473466347815,2026-05-07 16h23.20.101524 +0200,
,,10,0,10,,,,,,,7,t06,sátor,tent,8,tools,camping,4.8,110,None,None,None,"(-0.1, -0.1)",None,,,,,,,,,,,0,0,0,0,0,22,22,22,10,0,10,0,359.17184609989636,,,,,,,,,,,,,,,,,,,,,,,,,,,,,,,,,,,,,,,,,,,,,,,,,,,,,,,,,,,,,,,,,,,,,,,,,,,,,,,,,,,,,,,,,,,,,,,,,,,,,,359.1584505001083,359.17184609989636,359.17184609989636,359.17184609989636,359.3570139000658,None,,,,,,,,,,,,,,,,,,,P9615,MIC_Bar,7,1,2026-05-07_16h23.18.347,MIC_task,,2026.1.2,59.935473466347815,2026-05-07 16h23.20.101524 +0200,
,,11,0,11,,,,,,,7,t06,sátor,tent,8,tools,camping,4.8,110,None,None,None,"(-0.1, -0.1)",None,,,,,,,,,,,0,0,0,0,0,22,22,22,11,0,11,0,359.3721086999867,,,,,,,,,,,,,,,,,,,,,,,,,,,,,,,,,,,,,,,,,,,,,,,,,,,,,,,,,,,,,,,,,,,,,,,,,,,,,,,,,,,,,,,,,,,,,,,,,,,,,,359.35995749989524,359.3721086999867,359.3721086999867,359.3721086999867,359.55743480008096,None,,,,,,,,,,,,,,,,,,,P9615,MIC_Bar,7,1,2026-05-07_16h23.18.347,MIC_task,,2026.1.2,59.935473466347815,2026-05-07 16h23.20.101524 +0200,
,,12,0,12,,,,,,,7,t06,sátor,tent,8,tools,camping,4.8,110,None,None,None,"(-0.1, -0.1)",None,,,,,,,,,,,0,0,0,0,0,22,22,22,12,0,12,0,359.57272140006535,,,,,,,,,,,,,,,,,,,,,,,,,,,,,,,,,,,,,,,,,,,,,,,,,,,,,,,,,,,,,,,,,,,,,,,,,,,,,,,,,,,,,,,,,,,,,,,,,,,,,,359.56036429991946,359.57272140006535,359.57272140006535,359.57272140006535,359.7563678000588,None,,,,,,,,,,,,,,,,,,,P9615,MIC_Bar,7,1,2026-05-07_16h23.18.347,MIC_task,,2026.1.2,59.935473466347815,2026-05-07 16h23.20.101524 +0200,
,,13,0,13,,,,,,,7,t06,sátor,tent,8,tools,camping,4.8,110,None,None,None,"(-0.1, -0.1)",None,,,,,,,,,,,0,0,0,0,0,22,22,22,13,0,13,0,359.7728341999464,,,,,,,,,,,,,,,,,,,,,,,,,,,,,,,,,,,,,,,,,,,,,,,,,,,,,,,,,,,,,,,,,,,,,,,,,,,,,,,,,,,,,,,,,,,,,,,,,,,,,,359.759412500076,359.7728341999464,359.7728341999464,359.7728341999464,359.95670980005525,None,,,,,,,,,,,,,,,,,,,P9615,MIC_Bar,7,1,2026-05-07_16h23.18.347,MIC_task,,2026.1.2,59.935473466347815,2026-05-07 16h23.20.101524 +0200,
,,14,0,14,,,,,,,7,t06,sátor,tent,8,tools,camping,4.8,110,None,None,None,"(-0.1, -0.1)",None,,,,,,,,,,,0,0,0,0,0,22,22,22,14,0,14,0,359.9732514999341,,,,,,,,,,,,,,,,,,,,,,,,,,,,,,,,,,,,,,,,,,,,,,,,,,,,,,,,,,,,,,,,,,,,,,,,,,,,,,,,,,,,,,,,,,,,,,,,,,,,,,359.95980819989927,359.9732514999341,359.9732514999341,359.9732514999341,360.15709770005196,None,,,,,,,,,,,,,,,,,,,P9615,MIC_Bar,7,1,2026-05-07_16h23.18.347,MIC_task,,2026.1.2,59.935473466347815,2026-05-07 16h23.20.101524 +0200,
,,15,0,15,,,,,,,7,t06,sátor,tent,8,tools,camping,4.8,110,None,None,None,"(-0.1, -0.1)",None,,,,,,,,,,,0,0,0,0,0,22,22,22,15,0,15,0,360.17289320006967,,,,,,,,,,,,,,,,,,,,,,,,,,,,,,,,,,,,,,,,,,,,,,,,,,,,,,,,,,,,,,,,,,,,,,,,,,,,,,,,,,,,,,,,,,,,,,,,,,,,,,360.1601742000785,360.17289320006967,360.17289320006967,360.17289320006967,360.3589385000523,None,,,,,,,,,,,,,,,,,,,P9615,MIC_Bar,7,1,2026-05-07_16h23.18.347,MIC_task,,2026.1.2,59.935473466347815,2026-05-07 16h23.20.101524 +0200,
,,16,0,16,,,,,,,7,t06,sátor,tent,8,tools,camping,4.8,110,None,None,None,"(-0.1, -0.1)",None,,,,,,,,,,,0,0,0,0,0,22,22,22,16,0,16,0,360.37330049998127,,,,,,,,,,,,,,,,,,,,,,,,,,,,,,,,,,,,,,,,,,,,,,,,,,,,,,,,,,,,,,,,,,,,,,,,,,,,,,,,,,,,,,,,,,,,,,,,,,,,,,360.36166410008445,360.37330049998127,360.37330049998127,360.37330049998127,360.5571320001036,None,,,,,,,,,,,,,,,,,,,P9615,MIC_Bar,7,1,2026-05-07_16h23.18.347,MIC_task,,2026.1.2,59.935473466347815,2026-05-07 16h23.20.101524 +0200,
,,17,0,17,,,,,,,7,t06,sátor,tent,8,tools,camping,4.8,110,None,None,None,"(-0.1, -0.1)",None,,,,,,,,,,,0,0,0,0,0,22,22,22,17,0,17,0,360.5736670999322,,,,,,,,,,,,,,,,,,,,,,,,,,,,,,,,,,,,,,,,,,,,,,,,,,,,,,,,,,,,,,,,,,,,,,,,,,,,,,,,,,,,,,,,,,,,,,,,,,,,,,360.5601011000108,360.5736670999322,360.5736670999322,360.5736670999322,360.7589281999972,None,,,,,,,,,,,,,,,,,,,P9615,MIC_Bar,7,1,2026-05-07_16h23.18.347,MIC_task,,2026.1.2,59.935473466347815,2026-05-07 16h23.20.101524 +0200,
,,18,0,18,,,,,,,7,t06,sátor,tent,8,tools,camping,4.8,110,None,None,None,"(-0.1, -0.1)",None,,,,,,,,,,,0,0,0,0,0,22,22,22,18,0,18,0,360.77411009999923,,,,,,,,,,,,,,,,,,,,,,,,,,,,,,,,,,,,,,,,,,,,,,,,,,,,,,,,,,,,,,,,,,,,,,,,,,,,,,,,,,,,,,,,,,,,,,,,,,,,,,360.76163249998353,360.77411009999923,360.77411009999923,360.77411009999923,360.9594483000692,None,,,,,,,,,,,,,,,,,,,P9615,MIC_Bar,7,1,2026-05-07_16h23.18.347,MIC_task,,2026.1.2,59.935473466347815,2026-05-07 16h23.20.101524 +0200,
,,19,0,19,,,,,,,7,t06,sátor,tent,8,tools,camping,4.8,110,None,None,None,"(-0.1, -0.1)",None,,,,,,,,,,,0,0,0,0,0,22,22,22,19,0,19,0,360.9744496999774,,,,,,,,,,,,,,,,,,,,,,,,,,,,,,,,,,,,,,,,,,,,,,,,,,,,,,,,,,,,,,,,,,,,,,,,,,,,,,,,,,,,,,,,,,,,,,,,,,,,,,360.9640643999446,360.9744496999774,360.9744496999774,360.9744496999774,361.15818960010074,None,,,,,,,,,,,,,,,,,,,P9615,MIC_Bar,7,1,2026-05-07_16h23.18.347,MIC_task,,2026.1.2,59.935473466347815,2026-05-07 16h23.20.101524 +0200,
,,20,0,20,,,,,,,7,t06,sátor,tent,8,tools,camping,4.8,110,None,None,None,"(-0.1, -0.1)",None,,,,,,,,,,,0,0,0,0,0,22,22,22,20,0,20,0,361.1748399999924,,,,,,,,,,,,,,,,,,,,,,,,,,,,,,,,,,,,,,,,,,,,,,,,,,,,,,,,,,,,,,,,,,,,,,,,,,,,,,,,,,,,,,,,,,,,,,,,,,,,,,361.1611665999517,361.1748399999924,361.1748399999924,361.1748399999924,361.35860050003976,None,,,,,,,,,,,,,,,,,,,P9615,MIC_Bar,7,1,2026-05-07_16h23.18.347,MIC_task,,2026.1.2,59.935473466347815,2026-05-07 16h23.20.101524 +0200,
,,21,0,21,,,,,,,7,t06,sátor,tent,8,tools,camping,4.8,110,None,None,None,"(-0.1, -0.1)",None,,,,,,,,,,,0,0,0,0,0,22,22,22,21,0,21,0,361.37512769992463,,,,,,,,,,,,,,,,,,,,,,,,,,,,,,,,,,,,,,,,,,,,,,,,,,,,,,,,,,,,,,,,,,,,,,,,,,,,,,,,,,,,,,,,,,,,,,,,,,,,,,361.3618167000823,361.37512769992463,361.37512769992463,361.37512769992463,361.5605534000788,None,,,,,,,,,,,,,,,,,,,P9615,MIC_Bar,7,1,2026-05-07_16h23.18.347,MIC_task,,2026.1.2,59.935473466347815,2026-05-07 16h23.20.101524 +0200,
,,22,0,22,,,,,,,7,t06,sátor,tent,8,tools,camping,4.8,110,None,None,None,"(-0.1, -0.1)",None,,,,,,,,,,,0,0,0,0,0,22,22,22,22,0,22,0,361.5755570998881,,,,,,,,,,,,,,,,,,,,,,,,,,,,,,,,,,,,,,,,,,,,,,,,,,,,,,,,,,,,,,,,,,,,,,,,,,,,,,,,,,,,,,,,,,,,,,,,,,,,,,361.5632684000302,361.5755570998881,361.5755570998881,361.5755570998881,361.75933920009993,None,,,,,,,,,,,,,,,,,,,P9615,MIC_Bar,7,1,2026-05-07_16h23.18.347,MIC_task,,2026.1.2,59.935473466347815,2026-05-07 16h23.20.101524 +0200,
,,23,0,23,,,,,,,7,t06,sátor,tent,8,tools,camping,4.8,110,None,None,None,"(-0.1, -0.1)",None,,,,,,,,,,,0,0,0,0,0,22,22,22,23,0,23,0,361.7758951000869,,,,,,,,,,,,,,,,,,,,,,,,,,,,,,,,,,,,,,,,,,,,,,,,,,,,,,,,,,,,,,,,,,,,,,,,,,,,,,,,,,,,,,,,,,,,,,,,,,,,,,361.76219830010086,361.7758951000869,361.7758951000869,361.7758951000869,361.9614915000275,None,,,,,,,,,,,,,,,,,,,P9615,MIC_Bar,7,1,2026-05-07_16h23.18.347,MIC_task,,2026.1.2,59.935473466347815,2026-05-07 16h23.20.101524 +0200,
,,24,0,24,,,,,,,7,t06,sátor,tent,8,tools,camping,4.8,110,None,None,None,"(-0.1, -0.1)",None,,,,,,,,,,,0,0,0,0,0,22,22,22,24,0,24,0,361.97630780003965,,,,,,,,,,,,,,,,,,,,,,,,,,,,,,,,,,,,,,,,,,,,,,,,,,,,,,,,,,,,,,,,,,,,,,,,,,,,,,,,,,,,,,,,,,,,,,,,,,,,,,361.9644720000215,361.97630780003965,361.97630780003965,361.97630780003965,362.16004149988294,None,,,,,,,,,,,,,,,,,,,P9615,MIC_Bar,7,1,2026-05-07_16h23.18.347,MIC_task,,2026.1.2,59.935473466347815,2026-05-07 16h23.20.101524 +0200,
,,25,0,25,,,,,,,7,t06,sátor,tent,8,tools,camping,4.8,110,None,None,None,"(-0.1, -0.1)",None,,,,,,,,,,,0,0,0,0,0,22,22,22,25,0,25,0,362.1766448998824,,,,,,,,,,,,,,,,,,,,,,,,,,,,,,,,,,,,,,,,,,,,,,,,,,,,,,,,,,,,,,,,,,,,,,,,,,,,,,,,,,,,,,,,,,,,,,,,,,,,,,362.16316529992037,362.1766448998824,362.1766448998824,362.1766448998824,362.36036060005426,None,,,,,,,,,,,,,,,,,,,P9615,MIC_Bar,7,1,2026-05-07_16h23.18.347,MIC_task,,2026.1.2,59.935473466347815,2026-05-07 16h23.20.101524 +0200,
,,26,0,26,,,,,,,7,t06,sátor,tent,8,tools,camping,4.8,110,None,None,None,"(-0.1, -0.1)",None,,,,,,,,,,,0,0,0,0,0,22,22,22,26,0,26,0,362.3769614000339,,,,,,,,,,,,,,,,,,,,,,,,,,,,,,,,,,,,,,,,,,,,,,,,,,,,,,,,,,,,,,,,,,,,,,,,,,,,,,,,,,,,,,,,,,,,,,,,,,,,,,362.3632441998925,362.3769614000339,362.3769614000339,362.3769614000339,362.5608143999707,None,,,,,,,,,,,,,,,,,,,P9615,MIC_Bar,7,1,2026-05-07_16h23.18.347,MIC_task,,2026.1.2,59.935473466347815,2026-05-07 16h23.20.101524 +0200,
,,27,0,27,,,,,,,7,t06,sátor,tent,8,tools,camping,4.8,110,None,None,None,"(-0.1, -0.1)",None,,,,,,,,,,,0,0,0,0,0,22,22,22,27,0,27,0,362.5766847000923,,,,,,,,,,,,,,,,,,,,,,,,,,,,,,,,,,,,,,,,,,,,,,,,,,,,,,,,,,,,,,,,,,,,,,,,,,,,,,,,,,,,,,,,,,,,,,,,,,,,,,362.56380070000887,362.5766847000923,362.5766847000923,362.5766847000923,362.7603706000373,None,,,,,,,,,,,,,,,,,,,P9615,MIC_Bar,7,1,2026-05-07_16h23.18.347,MIC_task,,2026.1.2,59.935473466347815,2026-05-07 16h23.20.101524 +0200,
,,28,0,28,,,,,,,7,t06,sátor,tent,8,tools,camping,4.8,110,None,None,None,"(-0.1, -0.1)",space,0.13880839990451932,None,,,,,,,,,0,0,0,0,0,22,22,22,28,0,28,0,362.77702770009637,,,,,,,,,,,,,,,,,,,,,,,,,,,,,,,,,,,,,,,,,,,,,,,,,,,,,,,,,,,,,,,,,,,,,,,,,,,,,,,,,,,,,,,,,,,,,,,,,,,,,,362.76325229997747,362.77702770009637,362.77702770009637,362.77702770009637,362.93015899998136,space,0.13880839990451932,None,,,,,,,,,,,,,,,,,P9615,MIC_Bar,7,1,2026-05-07_16h23.18.347,MIC_task,,2026.1.2,59.935473466347815,2026-05-07 16h23.20.101524 +0200,
,,22,22,0,,,,space,0.09347210009582341,None,7,t06,sátor,tent,8,tools,camping,4.8,110,None,None,None,"(-0.1, -0.1)",,,,,,,,,,,,0,0,0,0,0,22,22,22,,,,,,,,,,,,,,,,,,,,,,,,,,,,,,,,,,,,,,,,,,,,,,,,,,,,,,,,,,,,,,,,,,,,,,,,,,,,,,,,,,,,,,,,,,362.9966575000435,363.0020224999171,363.0125477333398,364.93272119993344,,,,,,366.93551620002836,366.95051410002634,366.95051410002634,367.0513877000194,,,,,,,,,,,,,364.96017490001395,364.9658743001055,364.96590603341656,366.85002740006894,366.93545019999146,space,0.09347210009582341,None,,,,,,,,,P9615,MIC_Bar,7,1,2026-05-07_16h23.18.347,MIC_task,,2026.1.2,59.935473466347815,2026-05-07 16h23.20.101524 +0200,
,,0,0,0,,,,,,,7,ty16,mágnes,magnet,9,toys,gadget,5.6,6,None,73,None,"(0.1, 0.1)",None,,,,,,,,,,,0,0,0,0,0,23,23,23,0,0,0,0,367.0764017000329,,,,,,,,,,,,,,,,,,,,,,,,,,,,,,,,,,,,,,,,,,,,,,,,,,,,,,,,,,,,,,,,,,,,,,,,,,,,,,,,,,,,,,,,,,,,,,,,,,,,,,367.0717132000718,367.0764017000329,367.0764017000329,367.0764017000329,367.2522235000506,None,,,,,,,,,,,,,,,,,,,P9615,MIC_Bar,7,1,2026-05-07_16h23.18.347,MIC_task,,2026.1.2,59.935473466347815,2026-05-07 16h23.20.101524 +0200,
,,0,0,0,,,,,,,7,ty16,mágnes,magnet,9,toys,gadget,5.6,6,None,73,None,"(0.1, 0.1)",None,,,,,,,,,,,0,0,0,0,0,23,23,23,0,0,0,0,367.2674922000151,,,,,,,,,,,,,,,,,,,,,,,,,,,,,,,,,,,,,,,,,,,,,,,,,,,,,,,,,,,,,,,,,,,,,,,,,,,,,,,,,,,,,,,,,,,,,,,,,,,,,,367.25529029988684,367.2674922000151,367.2674922000151,367.2674922000151,367.4517582000699,None,,,,,,,,,,,367.4678791000042,367.4678791000042,367.4678791000042,,,,,,P9615,MIC_Bar,7,1,2026-05-07_16h23.18.347,MIC_task,,2026.1.2,59.935473466347815,2026-05-07 16h23.20.101524 +0200,
,,1,0,1,,,,,,,7,ty16,mágnes,magnet,9,toys,gadget,5.6,6,None,73,None,"(0.1, 0.1)",None,,,,,,,,,,,0,0,0,0,0,23,23,23,1,0,1,0,367.4678791000042,,,,,,,,,,,,,,,,,,,,,,,,,,,,,,,,,,,,,,,,,,,,,,,,,,,,,,,,,,,,,,,,,,,,,,,,,,,,,,,,,,,,,,,,,,,,,,,,,,,,,,367.4547371000517,367.4678791000042,367.4678791000042,367.4678791000042,367.65307640004903,None,,,,,,,,,,,,,,,,,,,P9615,MIC_Bar,7,1,2026-05-07_16h23.18.347,MIC_task,,2026.1.2,59.935473466347815,2026-05-07 16h23.20.101524 +0200,
,,2,0,2,,,,,,,7,ty16,mágnes,magnet,9,toys,gadget,5.6,6,None,73,None,"(0.1, 0.1)",None,,,,,,,,,,,0,0,0,0,0,23,23,23,2,0,2,0,367.66825370001607,,,,,,,,,,,,,,,,,,,,,,,,,,,,,,,,,,,,,,,,,,,,,,,,,,,,,,,,,,,,,,,,,,,,,,,,,,,,,,,,,,,,,,,,,,,,,,,,,,,,,,367.65606559999287,367.66825370001607,367.66825370001607,367.66825370001607,367.8520470999647,None,,,,,,,,,,,,,,,,,,,P9615,MIC_Bar,7,1,2026-05-07_16h23.18.347,MIC_task,,2026.1.2,59.935473466347815,2026-05-07 16h23.20.101524 +0200,
,,3,0,3,,,,,,,7,ty16,mágnes,magnet,9,toys,gadget,5.6,6,None,73,None,"(0.1, 0.1)",None,,,,,,,,,,,0,0,0,0,0,23,23,23,3,0,3,0,367.86851150006987,,,,,,,,,,,,,,,,,,,,,,,,,,,,,,,,,,,,,,,,,,,,,,,,,,,,,,,,,,,,,,,,,,,,,,,,,,,,,,,,,,,,,,,,,,,,,,,,,,,,,,367.8553035999648,367.86851150006987,367.86851150006987,367.86851150006987,368.0524228999857,None,,,,,,,,,,,,,,,,,,,P9615,MIC_Bar,7,1,2026-05-07_16h23.18.347,MIC_task,,2026.1.2,59.935473466347815,2026-05-07 16h23.20.101524 +0200,
,,4,0,4,,,,,,,7,ty16,mágnes,magnet,9,toys,gadget,5.6,6,None,73,None,"(0.1, 0.1)",None,,,,,,,,,,,0,0,0,0,0,23,23,23,4,0,4,0,368.06891030003317,,,,,,,,,,,,,,,,,,,,,,,,,,,,,,,,,,,,,,,,,,,,,,,,,,,,,,,,,,,,,,,,,,,,,,,,,,,,,,,,,,,,,,,,,,,,,,,,,,,,,,368.0555763999,368.06891030003317,368.06891030003317,368.06891030003317,368.2542848000303,None,,,,,,,,,,,,,,,,,,,P9615,MIC_Bar,7,1,2026-05-07_16h23.18.347,MIC_task,,2026.1.2,59.935473466347815,2026-05-07 16h23.20.101524 +0200,
,,5,0,5,,,,,,,7,ty16,mágnes,magnet,9,toys,gadget,5.6,6,None,73,None,"(0.1, 0.1)",None,,,,,,,,,,,0,0,0,0,0,23,23,23,5,0,5,0,368.2685636000242,,,,,,,,,,,,,,,,,,,,,,,,,,,,,,,,,,,,,,,,,,,,,,,,,,,,,,,,,,,,,,,,,,,,,,,,,,,,,,,,,,,,,,,,,,,,,,,,,,,,,,368.25750910001807,368.2685636000242,368.2685636000242,368.2685636000242,368.4539630000945,None,,,,,,,,,,,,,,,,,,,P9615,MIC_Bar,7,1,2026-05-07_16h23.18.347,MIC_task,,2026.1.2,59.935473466347815,2026-05-07 16h23.20.101524 +0200,
,,6,0,6,,,,,,,7,ty16,mágnes,magnet,9,toys,gadget,5.6,6,None,73,None,"(0.1, 0.1)",None,,,,,,,,,,,0,0,0,0,0,23,23,23,6,0,6,0,368.46897629997693,,,,,,,,,,,,,,,,,,,,,,,,,,,,,,,,,,,,,,,,,,,,,,,,,,,,,,,,,,,,,,,,,,,,,,,,,,,,,,,,,,,,,,,,,,,,,,,,,,,,,,368.457339100074,368.46897629997693,368.46897629997693,368.46897629997693,368.65416559996083,None,,,,,,,,,,,,,,,,,,,P9615,MIC_Bar,7,1,2026-05-07_16h23.18.347,MIC_task,,2026.1.2,59.935473466347815,2026-05-07 16h23.20.101524 +0200,
,,7,0,7,,,,,,,7,ty16,mágnes,magnet,9,toys,gadget,5.6,6,None,73,None,"(0.1, 0.1)",None,,,,,,,,,,,0,0,0,0,0,23,23,23,7,0,7,0,368.66931480006315,,,,,,,,,,,,,,,,,,,,,,,,,,,,,,,,,,,,,,,,,,,,,,,,,,,,,,,,,,,,,,,,,,,,,,,,,,,,,,,,,,,,,,,,,,,,,,,,,,,,,,368.6575891999528,368.66931480006315,368.66931480006315,368.66931480006315,368.85304509988055,None,,,,,,,,,,,,,,,,,,,P9615,MIC_Bar,7,1,2026-05-07_16h23.18.347,MIC_task,,2026.1.2,59.935473466347815,2026-05-07 16h23.20.101524 +0200,
,,8,0,8,,,,,,,7,ty16,mágnes,magnet,9,toys,gadget,5.6,6,None,73,None,"(0.1, 0.1)",None,,,,,,,,,,,0,0,0,0,0,23,23,23,8,0,8,0,368.8697061999701,,,,,,,,,,,,,,,,,,,,,,,,,,,,,,,,,,,,,,,,,,,,,,,,,,,,,,,,,,,,,,,,,,,,,,,,,,,,,,,,,,,,,,,,,,,,,,,,,,,,,,368.8561640998814,368.8697061999701,368.8697061999701,368.8697061999701,369.05499109998345,None,,,,,,,,,,,,,,,,,,,P9615,MIC_Bar,7,1,2026-05-07_16h23.18.347,MIC_task,,2026.1.2,59.935473466347815,2026-05-07 16h23.20.101524 +0200,
,,9,0,9,,,,,,,7,ty16,mágnes,magnet,9,toys,gadget,5.6,6,None,73,None,"(0.1, 0.1)",None,,,,,,,,,,,0,0,0,0,0,23,23,23,9,0,9,0,369.07011030009016,,,,,,,,,,,,,,,,,,,,,,,,,,,,,,,,,,,,,,,,,,,,,,,,,,,,,,,,,,,,,,,,,,,,,,,,,,,,,,,,,,,,,,,,,,,,,,,,,,,,,,369.0579534000717,369.07011030009016,369.07011030009016,369.07011030009016,369.25538709992543,None,,,,,,,,,,,,,,,,,,,P9615,MIC_Bar,7,1,2026-05-07_16h23.18.347,MIC_task,,2026.1.2,59.935473466347815,2026-05-07 16h23.20.101524 +0200,
,,10,0,10,,,,,,,7,ty16,mágnes,magnet,9,toys,gadget,5.6,6,None,73,None,"(0.1, 0.1)",None,,,,,,,,,,,0,0,0,0,0,23,23,23,10,0,10,0,369.2704461000394,,,,,,,,,,,,,,,,,,,,,,,,,,,,,,,,,,,,,,,,,,,,,,,,,,,,,,,,,,,,,,,,,,,,,,,,,,,,,,,,,,,,,,,,,,,,,,,,,,,,,,369.2589598998893,369.2704461000394,369.2704461000394,369.2704461000394,369.4543165001087,None,,,,,,,,,,,,,,,,,,,P9615,MIC_Bar,7,1,2026-05-07_16h23.18.347,MIC_task,,2026.1.2,59.935473466347815,2026-05-07 16h23.20.101524 +0200,
,,11,0,11,,,,,,,7,ty16,mágnes,magnet,9,toys,gadget,5.6,6,None,73,None,"(0.1, 0.1)",None,,,,,,,,,,,0,0,0,0,0,23,23,23,11,0,11,0,369.4709061998874,,,,,,,,,,,,,,,,,,,,,,,,,,,,,,,,,,,,,,,,,,,,,,,,,,,,,,,,,,,,,,,,,,,,,,,,,,,,,,,,,,,,,,,,,,,,,,,,,,,,,,369.4573854000773,369.4709061998874,369.4709061998874,369.4709061998874,369.65466149989516,None,,,,,,,,,,,,,,,,,,,P9615,MIC_Bar,7,1,2026-05-07_16h23.18.347,MIC_task,,2026.1.2,59.935473466347815,2026-05-07 16h23.20.101524 +0200,
,,12,0,12,,,,,,,7,ty16,mágnes,magnet,9,toys,gadget,5.6,6,None,73,None,"(0.1, 0.1)",None,,,,,,,,,,,0,0,0,0,0,23,23,23,12,0,12,0,369.67140839993954,,,,,,,,,,,,,,,,,,,,,,,,,,,,,,,,,,,,,,,,,,,,,,,,,,,,,,,,,,,,,,,,,,,,,,,,,,,,,,,,,,,,,,,,,,,,,,,,,,,,,,369.6578257000074,369.67140839993954,369.67140839993954,369.67140839993954,369.85625130007975,None,,,,,,,,,,,,,,,,,,,P9615,MIC_Bar,7,1,2026-05-07_16h23.18.347,MIC_task,,2026.1.2,59.935473466347815,2026-05-07 16h23.20.101524 +0200,
,,13,0,13,,,,,,,7,ty16,mágnes,magnet,9,toys,gadget,5.6,6,None,73,None,"(0.1, 0.1)",None,,,,,,,,,,,0,0,0,0,0,23,23,23,13,0,13,0,369.87146999989636,,,,,,,,,,,,,,,,,,,,,,,,,,,,,,,,,,,,,,,,,,,,,,,,,,,,,,,,,,,,,,,,,,,,,,,,,,,,,,,,,,,,,,,,,,,,,,,,,,,,,,369.8598082999233,369.87146999989636,369.87146999989636,369.87146999989636,370.05538260005414,None,,,,,,,,,,,,,,,,,,,P9615,MIC_Bar,7,1,2026-05-07_16h23.18.347,MIC_task,,2026.1.2,59.935473466347815,2026-05-07 16h23.20.101524 +0200,
,,14,0,14,,,,,,,7,ty16,mágnes,magnet,9,toys,gadget,5.6,6,None,73,None,"(0.1, 0.1)",None,,,,,,,,,,,0,0,0,0,0,23,23,23,14,0,14,0,370.07182589988224,,,,,,,,,,,,,,,,,,,,,,,,,,,,,,,,,,,,,,,,,,,,,,,,,,,,,,,,,,,,,,,,,,,,,,,,,,,,,,,,,,,,,,,,,,,,,,,,,,,,,,370.05882730009034,370.07182589988224,370.07182589988224,370.07182589988224,370.2558087001089,None,,,,,,,,,,,,,,,,,,,P9615,MIC_Bar,7,1,2026-05-07_16h23.18.347,MIC_task,,2026.1.2,59.935473466347815,2026-05-07 16h23.20.101524 +0200,
,,15,0,15,,,,,,,7,ty16,mágnes,magnet,9,toys,gadget,5.6,6,None,73,None,"(0.1, 0.1)",None,,,,,,,,,,,0,0,0,0,0,23,23,23,15,0,15,0,370.2714978000149,,,,,,,,,,,,,,,,,,,,,,,,,,,,,,,,,,,,,,,,,,,,,,,,,,,,,,,,,,,,,,,,,,,,,,,,,,,,,,,,,,,,,,,,,,,,,,,,,,,,,,370.25925970007665,370.2714978000149,370.2714978000149,370.2714978000149,370.45614270004444,None,,,,,,,,,,,,,,,,,,,P9615,MIC_Bar,7,1,2026-05-07_16h23.18.347,MIC_task,,2026.1.2,59.935473466347815,2026-05-07 16h23.20.101524 +0200,
,,16,0,16,,,,,,,7,ty16,mágnes,magnet,9,toys,gadget,5.6,6,None,73,None,"(0.1, 0.1)",None,,,,,,,,,,,0,0,0,0,0,23,23,23,16,0,16,0,370.4726168999914,,,,,,,,,,,,,,,,,,,,,,,,,,,,,,,,,,,,,,,,,,,,,,,,,,,,,,,,,,,,,,,,,,,,,,,,,,,,,,,,,,,,,,,,,,,,,,,,,,,,,,370.45937000005506,370.4726168999914,370.4726168999914,370.4726168999914,370.65638719988056,None,,,,,,,,,,,,,,,,,,,P9615,MIC_Bar,7,1,2026-05-07_16h23.18.347,MIC_task,,2026.1.2,59.935473466347815,2026-05-07 16h23.20.101524 +0200,
,,17,0,17,,,,,,,7,ty16,mágnes,magnet,9,toys,gadget,5.6,6,None,73,None,"(0.1, 0.1)",None,,,,,,,,,,,0,0,0,0,0,23,23,23,17,0,17,0,370.67233349988237,,,,,,,,,,,,,,,,,,,,,,,,,,,,,,,,,,,,,,,,,,,,,,,,,,,,,,,,,,,,,,,,,,,,,,,,,,,,,,,,,,,,,,,,,,,,,,,,,,,,,,370.6599095999263,370.67233349988237,370.67233349988237,370.67233349988237,370.8560748999007,None,,,,,,,,,,,,,,,,,,,P9615,MIC_Bar,7,1,2026-05-07_16h23.18.347,MIC_task,,2026.1.2,59.935473466347815,2026-05-07 16h23.20.101524 +0200,
,,18,0,18,,,,,,,7,ty16,mágnes,magnet,9,toys,gadget,5.6,6,None,73,None,"(0.1, 0.1)",None,,,,,,,,,,,0,0,0,0,0,23,23,23,18,0,18,0,370.87262400006875,,,,,,,,,,,,,,,,,,,,,,,,,,,,,,,,,,,,,,,,,,,,,,,,,,,,,,,,,,,,,,,,,,,,,,,,,,,,,,,,,,,,,,,,,,,,,,,,,,,,,,370.8594688999001,370.87262400006875,370.87262400006875,370.87262400006875,371.05651449994184,None,,,,,,,,,,,,,,,,,,,P9615,MIC_Bar,7,1,2026-05-07_16h23.18.347,MIC_task,,2026.1.2,59.935473466347815,2026-05-07 16h23.20.101524 +0200,
,,19,0,19,,,,,,,7,ty16,mágnes,magnet,9,toys,gadget,5.6,6,None,73,None,"(0.1, 0.1)",None,,,,,,,,,,,0,0,0,0,0,23,23,23,19,0,19,0,371.0730550000444,,,,,,,,,,,,,,,,,,,,,,,,,,,,,,,,,,,,,,,,,,,,,,,,,,,,,,,,,,,,,,,,,,,,,,,,,,,,,,,,,,,,,,,,,,,,,,,,,,,,,,371.05981200002134,371.0730550000444,371.0730550000444,371.0730550000444,371.25688589992933,None,,,,,,,,,,,,,,,,,,,P9615,MIC_Bar,7,1,2026-05-07_16h23.18.347,MIC_task,,2026.1.2,59.935473466347815,2026-05-07 16h23.20.101524 +0200,
,,20,0,20,,,,,,,7,ty16,mágnes,magnet,9,toys,gadget,5.6,6,None,73,None,"(0.1, 0.1)",None,,,,,,,,,,,0,0,0,0,0,23,23,23,20,0,20,0,371.2734254000243,,,,,,,,,,,,,,,,,,,,,,,,,,,,,,,,,,,,,,,,,,,,,,,,,,,,,,,,,,,,,,,,,,,,,,,,,,,,,,,,,,,,,,,,,,,,,,,,,,,,,,371.2600648999214,371.2734254000243,371.2734254000243,371.2734254000243,371.4574875999242,None,,,,,,,,,,,,,,,,,,,P9615,MIC_Bar,7,1,2026-05-07_16h23.18.347,MIC_task,,2026.1.2,59.935473466347815,2026-05-07 16h23.20.101524 +0200,
,,21,0,21,,,,,,,7,ty16,mágnes,magnet,9,toys,gadget,5.6,6,None,73,None,"(0.1, 0.1)",None,,,,,,,,,,,0,0,0,0,0,23,23,23,21,0,21,0,371.4738000999205,,,,,,,,,,,,,,,,,,,,,,,,,,,,,,,,,,,,,,,,,,,,,,,,,,,,,,,,,,,,,,,,,,,,,,,,,,,,,,,,,,,,,,,,,,,,,,,,,,,,,,371.4608416000847,371.4738000999205,371.4738000999205,371.4738000999205,371.6576340999454,None,,,,,,,,,,,,,,,,,,,P9615,MIC_Bar,7,1,2026-05-07_16h23.18.347,MIC_task,,2026.1.2,59.935473466347815,2026-05-07 16h23.20.101524 +0200,
,,22,0,22,,,,,,,7,ty16,mágnes,magnet,9,toys,gadget,5.6,6,None,73,None,"(0.1, 0.1)",None,,,,,,,,,,,0,0,0,0,0,23,23,23,22,0,22,0,371.67416019993834,,,,,,,,,,,,,,,,,,,,,,,,,,,,,,,,,,,,,,,,,,,,,,,,,,,,,,,,,,,,,,,,,,,,,,,,,,,,,,,,,,,,,,,,,,,,,,,,,,,,,,371.6610465000849,371.67416019993834,371.67416019993834,371.67416019993834,371.8596826000139,None,,,,,,,,,,,,,,,,,,,P9615,MIC_Bar,7,1,2026-05-07_16h23.18.347,MIC_task,,2026.1.2,59.935473466347815,2026-05-07 16h23.20.101524 +0200,
,,23,0,23,,,,,,,7,ty16,mágnes,magnet,9,toys,gadget,5.6,6,None,73,None,"(0.1, 0.1)",None,,,,,,,,,,,0,0,0,0,0,23,23,23,23,0,23,0,371.8746108999476,,,,,,,,,,,,,,,,,,,,,,,,,,,,,,,,,,,,,,,,,,,,,,,,,,,,,,,,,,,,,,,,,,,,,,,,,,,,,,,,,,,,,,,,,,,,,,,,,,,,,,371.8629914999474,371.8746108999476,371.8746108999476,371.8746108999476,372.0588642999064,None,,,,,,,,,,,,,,,,,,,P9615,MIC_Bar,7,1,2026-05-07_16h23.18.347,MIC_task,,2026.1.2,59.935473466347815,2026-05-07 16h23.20.101524 +0200,
,,24,0,24,,,,,,,7,ty16,mágnes,magnet,9,toys,gadget,5.6,6,None,73,None,"(0.1, 0.1)",None,,,,,,,,,,,0,0,0,0,0,23,23,23,24,0,24,0,372.07489300007,,,,,,,,,,,,,,,,,,,,,,,,,,,,,,,,,,,,,,,,,,,,,,,,,,,,,,,,,,,,,,,,,,,,,,,,,,,,,,,,,,,,,,,,,,,,,,,,,,,,,,372.06215179990977,372.07489300007,372.07489300007,372.07489300007,372.2586322000716,None,,,,,,,,,,,,,,,,,,,P9615,MIC_Bar,7,1,2026-05-07_16h23.18.347,MIC_task,,2026.1.2,59.935473466347815,2026-05-07 16h23.20.101524 +0200,
,,25,0,25,,,,,,,7,ty16,mágnes,magnet,9,toys,gadget,5.6,6,None,73,None,"(0.1, 0.1)",None,,,,,,,,,,,0,0,0,0,0,23,23,23,25,0,25,0,372.27518430002965,,,,,,,,,,,,,,,,,,,,,,,,,,,,,,,,,,,,,,,,,,,,,,,,,,,,,,,,,,,,,,,,,,,,,,,,,,,,,,,,,,,,,,,,,,,,,,,,,,,,,,372.26213199994527,372.27518430002965,372.27518430002965,372.27518430002965,372.460543199908,None,,,,,,,,,,,,,,,,,,,P9615,MIC_Bar,7,1,2026-05-07_16h23.18.347,MIC_task,,2026.1.2,59.935473466347815,2026-05-07 16h23.20.101524 +0200,
,,26,0,26,,,,,,,7,ty16,mágnes,magnet,9,toys,gadget,5.6,6,None,73,None,"(0.1, 0.1)",None,,,,,,,,,,,0,0,0,0,0,23,23,23,26,0,26,0,372.4756179000251,,,,,,,,,,,,,,,,,,,,,,,,,,,,,,,,,,,,,,,,,,,,,,,,,,,,,,,,,,,,,,,,,,,,,,,,,,,,,,,,,,,,,,,,,,,,,,,,,,,,,,372.46370010008104,372.4756179000251,372.4756179000251,372.4756179000251,372.6601124999579,None,,,,,,,,,,,,,,,,,,,P9615,MIC_Bar,7,1,2026-05-07_16h23.18.347,MIC_task,,2026.1.2,59.935473466347815,2026-05-07 16h23.20.101524 +0200,
,,27,0,27,,,,,,,7,ty16,mágnes,magnet,9,toys,gadget,5.6,6,None,73,None,"(0.1, 0.1)",None,,,,,,,,,,,0,0,0,0,0,23,23,23,27,0,27,0,372.6760579000693,,,,,,,,,,,,,,,,,,,,,,,,,,,,,,,,,,,,,,,,,,,,,,,,,,,,,,,,,,,,,,,,,,,,,,,,,,,,,,,,,,,,,,,,,,,,,,,,,,,,,,372.66343179997057,372.6760579000693,372.6760579000693,372.6760579000693,372.861333000008,None,,,,,,,,,,,,,,,,,,,P9615,MIC_Bar,7,1,2026-05-07_16h23.18.347,MIC_task,,2026.1.2,59.935473466347815,2026-05-07 16h23.20.101524 +0200,
,,28,0,28,,,,,,,7,ty16,mágnes,magnet,9,toys,gadget,5.6,6,None,73,None,"(0.1, 0.1)",None,,,,,,,,,,,0,0,0,0,0,23,23,23,28,0,28,0,372.8756329000462,,,,,,,,,,,,,,,,,,,,,,,,,,,,,,,,,,,,,,,,,,,,,,,,,,,,,,,,,,,,,,,,,,,,,,,,,,,,,,,,,,,,,,,,,,,,,,,,,,,,,,372.8644936999772,372.8756329000462,372.8756329000462,372.8756329000462,373.0608816999011,None,,,,,,,,,,,,,,,,,,,P9615,MIC_Bar,7,1,2026-05-07_16h23.18.347,MIC_task,,2026.1.2,59.935473466347815,2026-05-07 16h23.20.101524 +0200,
,,29,0,29,,,,,,,7,ty16,mágnes,magnet,9,toys,gadget,5.6,6,None,73,None,"(0.1, 0.1)",None,,,,,,,,,,,0,0,0,0,0,23,23,23,29,0,29,0,373.0760234000627,,,,,,,,,,,,,,,,,,,,,,,,,,,,,,,,,,,,,,,,,,,,,,,,,,,,,,,,,,,,,,,,,,,,,,,,,,,,,,,,,,,,,,,,,,,,,,,,,,,,,,373.06398990005255,373.0760234000627,373.0760234000627,373.0760234000627,373.2597866000142,None,,,,,,,,,,,,,,,,,,,P9615,MIC_Bar,7,1,2026-05-07_16h23.18.347,MIC_task,,2026.1.2,59.935473466347815,2026-05-07 16h23.20.101524 +0200,
,,30,0,30,,,,,,,7,ty16,mágnes,magnet,9,toys,gadget,5.6,6,None,73,None,"(0.1, 0.1)",None,,,,,,,,,,,0,0,0,0,0,23,23,23,30,0,30,0,373.27641610009596,,,,,,,,,,,,,,,,,,,,,,,,,,,,,,,,,,,,,,,,,,,,,,,,,,,,,,,,,,,,,,,,,,,,,,,,,,,,,,,,,,,,,,,,,,,,,,,,,,,,,,373.2635011000093,373.27641610009596,373.27641610009596,373.27641610009596,373.4602045000065,None,,,,,,,,,,,,,,,,,,,P9615,MIC_Bar,7,1,2026-05-07_16h23.18.347,MIC_task,,2026.1.2,59.935473466347815,2026-05-07 16h23.20.101524 +0200,
,,31,0,31,,,,,,,7,ty16,mágnes,magnet,9,toys,gadget,5.6,6,None,73,None,"(0.1, 0.1)",None,,,,,,,,,,,0,0,0,0,0,23,23,23,31,0,31,0,373.4767658000346,,,,,,,,,,,,,,,,,,,,,,,,,,,,,,,,,,,,,,,,,,,,,,,,,,,,,,,,,,,,,,,,,,,,,,,,,,,,,,,,,,,,,,,,,,,,,,,,,,,,,,373.4633458000608,373.4767658000346,373.4767658000346,373.4767658000346,373.6620253000874,None,,,,,,,,,,,,,,,,,,,P9615,MIC_Bar,7,1,2026-05-07_16h23.18.347,MIC_task,,2026.1.2,59.935473466347815,2026-05-07 16h23.20.101524 +0200,
,,32,0,32,,,,,,,7,ty16,mágnes,magnet,9,toys,gadget,5.6,6,None,73,None,"(0.1, 0.1)",None,,,,,,,,,,,0,0,0,0,0,23,23,23,32,0,32,0,373.67712890007533,,,,,,,,,,,,,,,,,,,,,,,,,,,,,,,,,,,,,,,,,,,,,,,,,,,,,,,,,,,,,,,,,,,,,,,,,,,,,,,,,,,,,,,,,,,,,,,,,,,,,,373.66531850001775,373.67712890007533,373.67712890007533,373.67712890007533,373.8623401999939,None,,,,,,,,,,,,,,,,,,,P9615,MIC_Bar,7,1,2026-05-07_16h23.18.347,MIC_task,,2026.1.2,59.935473466347815,2026-05-07 16h23.20.101524 +0200,
,,33,0,33,,,,,,,7,ty16,mágnes,magnet,9,toys,gadget,5.6,6,None,73,None,"(0.1, 0.1)",None,,,,,,,,,,,0,0,0,0,0,23,23,23,33,0,33,0,373.8775440000463,,,,,,,,,,,,,,,,,,,,,,,,,,,,,,,,,,,,,,,,,,,,,,,,,,,,,,,,,,,,,,,,,,,,,,,,,,,,,,,,,,,,,,,,,,,,,,,,,,,,,,373.8652931000106,373.8775440000463,373.8775440000463,373.8775440000463,374.0626169000752,None,,,,,,,,,,,,,,,,,,,P9615,MIC_Bar,7,1,2026-05-07_16h23.18.347,MIC_task,,2026.1.2,59.935473466347815,2026-05-07 16h23.20.101524 +0200,
,,34,0,34,,,,,,,7,ty16,mágnes,magnet,9,toys,gadget,5.6,6,None,73,None,"(0.1, 0.1)",None,,,,,,,,,,,0,0,0,0,0,23,23,23,34,0,34,0,374.077902500052,,,,,,,,,,,,,,,,,,,,,,,,,,,,,,,,,,,,,,,,,,,,,,,,,,,,,,,,,,,,,,,,,,,,,,,,,,,,,,,,,,,,,,,,,,,,,,,,,,,,,,374.065756799886,374.077902500052,374.077902500052,374.077902500052,374.261525799986,None,,,,,,,,,,,,,,,,,,,P9615,MIC_Bar,7,1,2026-05-07_16h23.18.347,MIC_task,,2026.1.2,59.935473466347815,2026-05-07 16h23.20.101524 +0200,
,,35,0,35,,,,,,,7,ty16,mágnes,magnet,9,toys,gadget,5.6,6,None,73,None,"(0.1, 0.1)",None,,,,,,,,,,,0,0,0,0,0,23,23,23,35,0,35,0,374.2782803999726,,,,,,,,,,,,,,,,,,,,,,,,,,,,,,,,,,,,,,,,,,,,,,,,,,,,,,,,,,,,,,,,,,,,,,,,,,,,,,,,,,,,,,,,,,,,,,,,,,,,,,374.2647434999235,374.2782803999726,374.2782803999726,374.2782803999726,374.463383999886,None,,,,,,,,,,,,,,,,,,,P9615,MIC_Bar,7,1,2026-05-07_16h23.18.347,MIC_task,,2026.1.2,59.935473466347815,2026-05-07 16h23.20.101524 +0200,
,,36,0,36,,,,,,,7,ty16,mágnes,magnet,9,toys,gadget,5.6,6,None,73,None,"(0.1, 0.1)",None,,,,,,,,,,,0,0,0,0,0,23,23,23,36,0,36,0,374.4786723998841,,,,,,,,,,,,,,,,,,,,,,,,,,,,,,,,,,,,,,,,,,,,,,,,,,,,,,,,,,,,,,,,,,,,,,,,,,,,,,,,,,,,,,,,,,,,,,,,,,,,,,374.4662669999525,374.4786723998841,374.4786723998841,374.4786723998841,374.66305329999886,None,,,,,,,,,,,,,,,,,,,P9615,MIC_Bar,7,1,2026-05-07_16h23.18.347,MIC_task,,2026.1.2,59.935473466347815,2026-05-07 16h23.20.101524 +0200,
,,37,0,37,,,,,,,7,ty16,mágnes,magnet,9,toys,gadget,5.6,6,None,73,None,"(0.1, 0.1)",space,0.053545800037682056,None,,,,,,,,,0,0,0,0,0,23,23,23,37,0,37,0,374.6789021999575,,,,,,,,,,,,,,,,,,,,,,,,,,,,,,,,,,,,,,,,,,,,,,,,,,,,,,,,,,,,,,,,,,,,,,,,,,,,,,,,,,,,,,,,,,,,,,,,,,,,,,374.66633159993216,374.6789021999575,374.6789021999575,374.6789021999575,374.7477414999157,space,0.053545800037682056,None,,,,,,,,,,,,,,,,,P9615,MIC_Bar,7,1,2026-05-07_16h23.18.347,MIC_task,,2026.1.2,59.935473466347815,2026-05-07 16h23.20.101524 +0200,
,,23,23,0,,,,space,0.34801860013976693,None,7,ty16,mágnes,magnet,9,toys,gadget,5.6,6,None,73,None,"(0.1, 0.1)",,,,,,,,,,,,0,0,0,0,0,23,23,23,,,,,,,,,,,,,,,,,,,,,,,,,,,,,,,,,,,,,,,,,,,,,,,,,,,,,,,,,,,,,,,,,,,,,,,,,,,,,,,,,,,,,,,,,,374.8097703999374,374.8156226000283,374.81332546660366,376.7484706998803,,,,,,378.7521458999254,378.7679946999997,378.7679946999997,379.11945170001127,,,,,,,,,,,,,376.7715900999028,376.77630949998274,376.7816518332188,378.668648699997,378.75208649993874,space,0.34801860013976693,None,,,,,,,,,P9615,MIC_Bar,7,1,2026-05-07_16h23.18.347,MIC_task,,2026.1.2,59.935473466347815,2026-05-07 16h23.20.101524 +0200,
,,0,0,0,,,,,,,7,pl29,brokkoli,broccoli,7,plants,vegetable,5.4,15,None,62,None,"(0, 0.1)",None,,,,,,,,,,,0,0,0,0,0,24,24,24,0,0,0,0,379.1351522000041,,,,,,,,,,,,,,,,,,,,,,,,,,,,,,,,,,,,,,,,,,,,,,,,,,,,,,,,,,,,,,,,,,,,,,,,,,,,,,,,,,,,,,,,,,,,,,,,,,,,,,379.1237697999459,379.1351522000041,379.1351522000041,379.1351522000041,379.3203582998831,None,,,,,,,,,,,,,,,,,,,P9615,MIC_Bar,7,1,2026-05-07_16h23.18.347,MIC_task,,2026.1.2,59.935473466347815,2026-05-07 16h23.20.101524 +0200,
,,0,0,0,,,,,,,7,pl29,brokkoli,broccoli,7,plants,vegetable,5.4,15,None,62,None,"(0, 0.1)",None,,,,,,,,,,,0,0,0,0,0,24,24,24,0,0,0,0,379.33562100003473,,,,,,,,,,,,,,,,,,,,,,,,,,,,,,,,,,,,,,,,,,,,,,,,,,,,,,,,,,,,,,,,,,,,,,,,,,,,,,,,,,,,,,,,,,,,,,,,,,,,,,379.3235909000505,379.33562100003473,379.33562100003473,379.33562100003473,379.5198206999339,None,,,,,,,,,,,379.5359318999108,379.5359318999108,379.5359318999108,,,,,,P9615,MIC_Bar,7,1,2026-05-07_16h23.18.347,MIC_task,,2026.1.2,59.935473466347815,2026-05-07 16h23.20.101524 +0200,
,,1,0,1,,,,,,,7,pl29,brokkoli,broccoli,7,plants,vegetable,5.4,15,None,62,None,"(0, 0.1)",None,,,,,,,,,,,0,0,0,0,0,24,24,24,1,0,1,0,379.5359318999108,,,,,,,,,,,,,,,,,,,,,,,,,,,,,,,,,,,,,,,,,,,,,,,,,,,,,,,,,,,,,,,,,,,,,,,,,,,,,,,,,,,,,,,,,,,,,,,,,,,,,,379.5232373001054,379.5359318999108,379.5359318999108,379.5359318999108,379.72047480009496,None,,,,,,,,,,,,,,,,,,,P9615,MIC_Bar,7,1,2026-05-07_16h23.18.347,MIC_task,,2026.1.2,59.935473466347815,2026-05-07 16h23.20.101524 +0200,
,,2,0,2,,,,,,,7,pl29,brokkoli,broccoli,7,plants,vegetable,5.4,15,None,62,None,"(0, 0.1)",None,,,,,,,,,,,0,0,0,0,0,24,24,24,2,0,2,0,379.73625480011106,,,,,,,,,,,,,,,,,,,,,,,,,,,,,,,,,,,,,,,,,,,,,,,,,,,,,,,,,,,,,,,,,,,,,,,,,,,,,,,,,,,,,,,,,,,,,,,,,,,,,,379.7238411998842,379.73625480011106,379.73625480011106,379.73625480011106,379.92165439995006,None,,,,,,,,,,,,,,,,,,,P9615,MIC_Bar,7,1,2026-05-07_16h23.18.347,MIC_task,,2026.1.2,59.935473466347815,2026-05-07 16h23.20.101524 +0200,
,,3,0,3,,,,,,,7,pl29,brokkoli,broccoli,7,plants,vegetable,5.4,15,None,62,None,"(0, 0.1)",None,,,,,,,,,,,0,0,0,0,0,24,24,24,3,0,3,0,379.93667709990405,,,,,,,,,,,,,,,,,,,,,,,,,,,,,,,,,,,,,,,,,,,,,,,,,,,,,,,,,,,,,,,,,,,,,,,,,,,,,,,,,,,,,,,,,,,,,,,,,,,,,,379.9247121999506,379.93667709990405,379.93667709990405,379.93667709990405,380.1204673999455,None,,,,,,,,,,,,,,,,,,,P9615,MIC_Bar,7,1,2026-05-07_16h23.18.347,MIC_task,,2026.1.2,59.935473466347815,2026-05-07 16h23.20.101524 +0200,
,,4,0,4,,,,,,,7,pl29,brokkoli,broccoli,7,plants,vegetable,5.4,15,None,62,None,"(0, 0.1)",None,,,,,,,,,,,0,0,0,0,0,24,24,24,4,0,4,0,380.1370763001032,,,,,,,,,,,,,,,,,,,,,,,,,,,,,,,,,,,,,,,,,,,,,,,,,,,,,,,,,,,,,,,,,,,,,,,,,,,,,,,,,,,,,,,,,,,,,,,,,,,,,,380.12392510008067,380.1370763001032,380.1370763001032,380.1370763001032,380.32085680007003,None,,,,,,,,,,,,,,,,,,,P9615,MIC_Bar,7,1,2026-05-07_16h23.18.347,MIC_task,,2026.1.2,59.935473466347815,2026-05-07 16h23.20.101524 +0200,
,,5,0,5,,,,,,,7,pl29,brokkoli,broccoli,7,plants,vegetable,5.4,15,None,62,None,"(0, 0.1)",None,,,,,,,,,,,0,0,0,0,0,24,24,24,5,0,5,0,380.3374495001044,,,,,,,,,,,,,,,,,,,,,,,,,,,,,,,,,,,,,,,,,,,,,,,,,,,,,,,,,,,,,,,,,,,,,,,,,,,,,,,,,,,,,,,,,,,,,,,,,,,,,,380.3241332001053,380.3374495001044,380.3374495001044,380.3374495001044,380.52123919990845,None,,,,,,,,,,,,,,,,,,,P9615,MIC_Bar,7,1,2026-05-07_16h23.18.347,MIC_task,,2026.1.2,59.935473466347815,2026-05-07 16h23.20.101524 +0200,
,,6,0,6,,,,,,,7,pl29,brokkoli,broccoli,7,plants,vegetable,5.4,15,None,62,None,"(0, 0.1)",None,,,,,,,,,,,0,0,0,0,0,24,24,24,6,0,6,0,380.5377843999304,,,,,,,,,,,,,,,,,,,,,,,,,,,,,,,,,,,,,,,,,,,,,,,,,,,,,,,,,,,,,,,,,,,,,,,,,,,,,,,,,,,,,,,,,,,,,,,,,,,,,,380.5246979999356,380.5377843999304,380.5377843999304,380.5377843999304,380.72308510006405,None,,,,,,,,,,,,,,,,,,,P9615,MIC_Bar,7,1,2026-05-07_16h23.18.347,MIC_task,,2026.1.2,59.935473466347815,2026-05-07 16h23.20.101524 +0200,
,,7,0,7,,,,,,,7,pl29,brokkoli,broccoli,7,plants,vegetable,5.4,15,None,62,None,"(0, 0.1)",None,,,,,,,,,,,0,0,0,0,0,24,24,24,7,0,7,0,380.7381490999833,,,,,,,,,,,,,,,,,,,,,,,,,,,,,,,,,,,,,,,,,,,,,,,,,,,,,,,,,,,,,,,,,,,,,,,,,,,,,,,,,,,,,,,,,,,,,,,,,,,,,,380.726225099992,380.7381490999833,380.7381490999833,380.7381490999833,380.92196130007505,None,,,,,,,,,,,,,,,,,,,P9615,MIC_Bar,7,1,2026-05-07_16h23.18.347,MIC_task,,2026.1.2,59.935473466347815,2026-05-07 16h23.20.101524 +0200,
,,8,0,8,,,,,,,7,pl29,brokkoli,broccoli,7,plants,vegetable,5.4,15,None,62,None,"(0, 0.1)",None,,,,,,,,,,,0,0,0,0,0,24,24,24,8,0,8,0,380.93846979993396,,,,,,,,,,,,,,,,,,,,,,,,,,,,,,,,,,,,,,,,,,,,,,,,,,,,,,,,,,,,,,,,,,,,,,,,,,,,,,,,,,,,,,,,,,,,,,,,,,,,,,380.9253306000028,380.93846979993396,380.93846979993396,380.93846979993396,381.12226160010323,None,,,,,,,,,,,,,,,,,,,P9615,MIC_Bar,7,1,2026-05-07_16h23.18.347,MIC_task,,2026.1.2,59.935473466347815,2026-05-07 16h23.20.101524 +0200,
,,9,0,9,,,,,,,7,pl29,brokkoli,broccoli,7,plants,vegetable,5.4,15,None,62,None,"(0, 0.1)",None,,,,,,,,,,,0,0,0,0,0,24,24,24,9,0,9,0,381.1388487999793,,,,,,,,,,,,,,,,,,,,,,,,,,,,,,,,,,,,,,,,,,,,,,,,,,,,,,,,,,,,,,,,,,,,,,,,,,,,,,,,,,,,,,,,,,,,,,,,,,,,,,381.12550850003026,381.1388487999793,381.1388487999793,381.1388487999793,381.32566309999675,None,,,,,,,,,,,,,,,,,,,P9615,MIC_Bar,7,1,2026-05-07_16h23.18.347,MIC_task,,2026.1.2,59.935473466347815,2026-05-07 16h23.20.101524 +0200,
,,10,0,10,,,,,,,7,pl29,brokkoli,broccoli,7,plants,vegetable,5.4,15,None,62,None,"(0, 0.1)",None,,,,,,,,,,,0,0,0,0,0,24,24,24,10,0,10,0,381.3384529000614,,,,,,,,,,,,,,,,,,,,,,,,,,,,,,,,,,,,,,,,,,,,,,,,,,,,,,,,,,,,,,,,,,,,,,,,,,,,,,,,,,,,,,,,,,,,,,,,,,,,,,381.3301271998789,381.3384529000614,381.3384529000614,381.3384529000614,381.523699299898,None,,,,,,,,,,,,,,,,,,,P9615,MIC_Bar,7,1,2026-05-07_16h23.18.347,MIC_task,,2026.1.2,59.935473466347815,2026-05-07 16h23.20.101524 +0200,
,,11,0,11,,,,,,,7,pl29,brokkoli,broccoli,7,plants,vegetable,5.4,15,None,62,None,"(0, 0.1)",None,,,,,,,,,,,0,0,0,0,0,24,24,24,11,0,11,0,381.5389157999307,,,,,,,,,,,,,,,,,,,,,,,,,,,,,,,,,,,,,,,,,,,,,,,,,,,,,,,,,,,,,,,,,,,,,,,,,,,,,,,,,,,,,,,,,,,,,,,,,,,,,,381.5269084998872,381.5389157999307,381.5389157999307,381.5389157999307,381.7240762000438,None,,,,,,,,,,,,,,,,,,,P9615,MIC_Bar,7,1,2026-05-07_16h23.18.347,MIC_task,,2026.1.2,59.935473466347815,2026-05-07 16h23.20.101524 +0200,
,,12,0,12,,,,,,,7,pl29,brokkoli,broccoli,7,plants,vegetable,5.4,15,None,62,None,"(0, 0.1)",None,,,,,,,,,,,0,0,0,0,0,24,24,24,12,0,12,0,381.7391768998932,,,,,,,,,,,,,,,,,,,,,,,,,,,,,,,,,,,,,,,,,,,,,,,,,,,,,,,,,,,,,,,,,,,,,,,,,,,,,,,,,,,,,,,,,,,,,,,,,,,,,,381.72757350001484,381.7391768998932,381.7391768998932,381.7391768998932,381.92300350009464,None,,,,,,,,,,,,,,,,,,,P9615,MIC_Bar,7,1,2026-05-07_16h23.18.347,MIC_task,,2026.1.2,59.935473466347815,2026-05-07 16h23.20.101524 +0200,
,,13,0,13,,,,,,,7,pl29,brokkoli,broccoli,7,plants,vegetable,5.4,15,None,62,None,"(0, 0.1)",None,,,,,,,,,,,0,0,0,0,0,24,24,24,13,0,13,0,381.939650000073,,,,,,,,,,,,,,,,,,,,,,,,,,,,,,,,,,,,,,,,,,,,,,,,,,,,,,,,,,,,,,,,,,,,,,,,,,,,,,,,,,,,,,,,,,,,,,,,,,,,,,381.92617119988427,381.939650000073,381.939650000073,381.939650000073,382.1233886999544,None,,,,,,,,,,,,,,,,,,,P9615,MIC_Bar,7,1,2026-05-07_16h23.18.347,MIC_task,,2026.1.2,59.935473466347815,2026-05-07 16h23.20.101524 +0200,
,,14,0,14,,,,,,,7,pl29,brokkoli,broccoli,7,plants,vegetable,5.4,15,None,62,None,"(0, 0.1)",None,,,,,,,,,,,0,0,0,0,0,24,24,24,14,0,14,0,382.1400001998991,,,,,,,,,,,,,,,,,,,,,,,,,,,,,,,,,,,,,,,,,,,,,,,,,,,,,,,,,,,,,,,,,,,,,,,,,,,,,,,,,,,,,,,,,,,,,,,,,,,,,,382.12655839999206,382.1400001998991,382.1400001998991,382.1400001998991,382.32535249996,None,,,,,,,,,,,,,,,,,,,P9615,MIC_Bar,7,1,2026-05-07_16h23.18.347,MIC_task,,2026.1.2,59.935473466347815,2026-05-07 16h23.20.101524 +0200,
,,15,0,15,,,,,,,7,pl29,brokkoli,broccoli,7,plants,vegetable,5.4,15,None,62,None,"(0, 0.1)",None,,,,,,,,,,,0,0,0,0,0,24,24,24,15,0,15,0,382.34043579990976,,,,,,,,,,,,,,,,,,,,,,,,,,,,,,,,,,,,,,,,,,,,,,,,,,,,,,,,,,,,,,,,,,,,,,,,,,,,,,,,,,,,,,,,,,,,,,,,,,,,,,382.32863090001047,382.34043579990976,382.34043579990976,382.34043579990976,382.52414519991726,None,,,,,,,,,,,,,,,,,,,P9615,MIC_Bar,7,1,2026-05-07_16h23.18.347,MIC_task,,2026.1.2,59.935473466347815,2026-05-07 16h23.20.101524 +0200,
,,16,0,16,,,,,,,7,pl29,brokkoli,broccoli,7,plants,vegetable,5.4,15,None,62,None,"(0, 0.1)",None,,,,,,,,,,,0,0,0,0,0,24,24,24,16,0,16,0,382.5407660000492,,,,,,,,,,,,,,,,,,,,,,,,,,,,,,,,,,,,,,,,,,,,,,,,,,,,,,,,,,,,,,,,,,,,,,,,,,,,,,,,,,,,,,,,,,,,,,,,,,,,,,382.5275035998784,382.5407660000492,382.5407660000492,382.5407660000492,382.7245515000541,None,,,,,,,,,,,,,,,,,,,P9615,MIC_Bar,7,1,2026-05-07_16h23.18.347,MIC_task,,2026.1.2,59.935473466347815,2026-05-07 16h23.20.101524 +0200,
,,17,0,17,,,,,,,7,pl29,brokkoli,broccoli,7,plants,vegetable,5.4,15,None,62,None,"(0, 0.1)",None,,,,,,,,,,,0,0,0,0,0,24,24,24,17,0,17,0,382.74111309996806,,,,,,,,,,,,,,,,,,,,,,,,,,,,,,,,,,,,,,,,,,,,,,,,,,,,,,,,,,,,,,,,,,,,,,,,,,,,,,,,,,,,,,,,,,,,,,,,,,,,,,382.72781589999795,382.74111309996806,382.74111309996806,382.74111309996806,382.9249227999244,None,,,,,,,,,,,,,,,,,,,P9615,MIC_Bar,7,1,2026-05-07_16h23.18.347,MIC_task,,2026.1.2,59.935473466347815,2026-05-07 16h23.20.101524 +0200,
,,18,0,18,,,,,,,7,pl29,brokkoli,broccoli,7,plants,vegetable,5.4,15,None,62,None,"(0, 0.1)",None,,,,,,,,,,,0,0,0,0,0,24,24,24,18,0,18,0,382.9413127999287,,,,,,,,,,,,,,,,,,,,,,,,,,,,,,,,,,,,,,,,,,,,,,,,,,,,,,,,,,,,,,,,,,,,,,,,,,,,,,,,,,,,,,,,,,,,,,,,,,,,,,382.9281989999581,382.9413127999287,382.9413127999287,382.9413127999287,383.1253045001067,None,,,,,,,,,,,,,,,,,,,P9615,MIC_Bar,7,1,2026-05-07_16h23.18.347,MIC_task,,2026.1.2,59.935473466347815,2026-05-07 16h23.20.101524 +0200,
,,19,0,19,,,,,,,7,pl29,brokkoli,broccoli,7,plants,vegetable,5.4,15,None,62,None,"(0, 0.1)",None,,,,,,,,,,,0,0,0,0,0,24,24,24,19,0,19,0,383.14104399993084,,,,,,,,,,,,,,,,,,,,,,,,,,,,,,,,,,,,,,,,,,,,,,,,,,,,,,,,,,,,,,,,,,,,,,,,,,,,,,,,,,,,,,,,,,,,,,,,,,,,,,383.1286724000238,383.14104399993084,383.14104399993084,383.14104399993084,383.3256186998915,None,,,,,,,,,,,,,,,,,,,P9615,MIC_Bar,7,1,2026-05-07_16h23.18.347,MIC_task,,2026.1.2,59.935473466347815,2026-05-07 16h23.20.101524 +0200,
,,20,0,20,,,,,,,7,pl29,brokkoli,broccoli,7,plants,vegetable,5.4,15,None,62,None,"(0, 0.1)",None,,,,,,,,,,,0,0,0,0,0,24,24,24,20,0,20,0,383.3421565000899,,,,,,,,,,,,,,,,,,,,,,,,,,,,,,,,,,,,,,,,,,,,,,,,,,,,,,,,,,,,,,,,,,,,,,,,,,,,,,,,,,,,,,,,,,,,,,,,,,,,,,383.3289594000671,383.3421565000899,383.3421565000899,383.3421565000899,383.52667919988744,None,,,,,,,,,,,,,,,,,,,P9615,MIC_Bar,7,1,2026-05-07_16h23.18.347,MIC_task,,2026.1.2,59.935473466347815,2026-05-07 16h23.20.101524 +0200,
,,21,0,21,,,,,,,7,pl29,brokkoli,broccoli,7,plants,vegetable,5.4,15,None,62,None,"(0, 0.1)",space,0.07112529990263283,None,,,,,,,,,0,0,0,0,0,24,24,24,21,0,21,0,383.5418422999792,,,,,,,,,,,,,,,,,,,,,,,,,,,,,,,,,,,,,,,,,,,,,,,,,,,,,,,,,,,,,,,,,,,,,,,,,,,,,,,,,,,,,,,,,,,,,,,,,,,,,,383.5301490998827,383.5418422999792,383.5418422999792,383.5418422999792,383.62716439994983,space,0.07112529990263283,None,,,,,,,,,,,,,,,,,P9615,MIC_Bar,7,1,2026-05-07_16h23.18.347,MIC_task,,2026.1.2,59.935473466347815,2026-05-07 16h23.20.101524 +0200,
,,24,24,0,,,,space,0.20416049985215068,None,7,pl29,brokkoli,broccoli,7,plants,vegetable,5.4,15,None,62,None,"(0, 0.1)",,,,,,,,,,,,0,0,0,0,0,24,24,24,,,,,,,,,,,,,,,,,,,,,,,,,,,,,,,,,,,,,,,,,,,,,,,,,,,,,,,,,,,,,,,,,,,,,,,,,,,,,,,,,,,,,,,,,,383.69180590007454,383.6968380000908,383.6928499667129,385.6288884000387,,,,,,387.6320396999363,387.64838799997233,387.64838799997233,387.86649510008283,,,,,,,,,,,,,385.6507858999539,385.6554594999179,385.66199623340117,387.5500141000375,387.63199010002427,space,0.20416049985215068,None,,,,,,,,,P9615,MIC_Bar,7,1,2026-05-07_16h23.18.347,MIC_task,,2026.1.2,59.935473466347815,2026-05-07 16h23.20.101524 +0200,
,,0,0,0,,,,,,,7,c27,póló,t-shirt,3,clothes,tops,6.8,43,23,None,None,"(0.1, -0.1)",None,,,,,,,,,,,0,0,0,0,0,25,25,25,0,0,0,0,387.8916446999647,,,,,,,,,,,,,,,,,,,,,,,,,,,,,,,,,,,,,,,,,,,,,,,,,,,,,,,,,,,,,,,,,,,,,,,,,,,,,,,,,,,,,,,,,,,,,,,,,,,,,,387.8870614001062,387.8916446999647,387.8916446999647,387.8916446999647,388.0843207000289,None,,,,,,,,,,,,,,,,,,,P9615,MIC_Bar,7,1,2026-05-07_16h23.18.347,MIC_task,,2026.1.2,59.935473466347815,2026-05-07 16h23.20.101524 +0200,
,,0,0,0,,,,,,,7,c27,póló,t-shirt,3,clothes,tops,6.8,43,23,None,None,"(0.1, -0.1)",None,,,,,,,,,,,0,0,0,0,0,25,25,25,0,0,0,0,388.0992538998835,,,,,,,,,,,,,,,,,,,,,,,,,,,,,,,,,,,,,,,,,,,,,,,,,,,,,,,,,,,,,,,,,,,,,,,,,,,,,,,,,,,,,,,,,,,,,,,,,,,,,,388.0877229999751,388.0992538998835,388.0992538998835,388.0992538998835,388.284963299986,None,,,,,,,,,,,,,,,,,,,P9615,MIC_Bar,7,1,2026-05-07_16h23.18.347,MIC_task,,2026.1.2,59.935473466347815,2026-05-07 16h23.20.101524 +0200,
,,1,0,1,,,,,,,7,c27,póló,t-shirt,3,clothes,tops,6.8,43,23,None,None,"(0.1, -0.1)",None,,,,,,,,,,,0,0,0,0,0,25,25,25,1,0,1,0,388.2996692999732,,,,,,,,,,,,,,,,,,,,,,,,,,,,,,,,,,,,,,,,,,,,,,,,,,,,,,,,,,,,,,,,,,,,,,,,,,,,,,,,,,,,,,,,,,,,,,,,,,,,,,388.28803929989226,388.2996692999732,388.2996692999732,388.2996692999732,388.4667426000815,None,,,,,,,,,,,,,,,,,,,P9615,MIC_Bar,7,1,2026-05-07_16h23.18.347,MIC_task,,2026.1.2,59.935473466347815,2026-05-07 16h23.20.101524 +0200,
,,2,0,2,,,,,,,7,c27,póló,t-shirt,3,clothes,tops,6.8,43,23,None,None,"(0.1, -0.1)",None,,,,,,,,,,,0,0,0,0,0,25,25,25,2,0,2,0,388.48335799993947,,,,,,,,,,,,,,,,,,,,,,,,,,,,,,,,,,,,,,,,,,,,,,,,,,,,,,,,,,,,,,,,,,,,,,,,,,,,,,,,,,,,,,,,,,,,,,,,,,,,,,388.46991880005226,388.48335799993947,388.48335799993947,388.48335799993947,388.6686503000092,None,,,,,,,,,,,,,,,,,,,P9615,MIC_Bar,7,1,2026-05-07_16h23.18.347,MIC_task,,2026.1.2,59.935473466347815,2026-05-07 16h23.20.101524 +0200,
,,3,0,3,,,,,,,7,c27,póló,t-shirt,3,clothes,tops,6.8,43,23,None,None,"(0.1, -0.1)",None,,,,,,,,,,,0,0,0,0,0,25,25,25,3,0,3,0,388.6836021998897,,,,,,,,,,,,,,,,,,,,,,,,,,,,,,,,,,,,,,,,,,,,,,,,,,,,,,,,,,,,,,,,,,,,,,,,,,,,,,,,,,,,,,,,,,,,,,,,,,,,,,388.67156799999066,388.6836021998897,388.6836021998897,388.6836021998897,388.8675893000327,None,,,,,,,,,,,,,,,,,,,P9615,MIC_Bar,7,1,2026-05-07_16h23.18.347,MIC_task,,2026.1.2,59.935473466347815,2026-05-07 16h23.20.101524 +0200,
,,4,0,4,,,,,,,7,c27,póló,t-shirt,3,clothes,tops,6.8,43,23,None,None,"(0.1, -0.1)",None,,,,,,,,,,,0,0,0,0,0,25,25,25,4,0,4,0,388.88330599991605,,,,,,,,,,,,,,,,,,,,,,,,,,,,,,,,,,,,,,,,,,,,,,,,,,,,,,,,,,,,,,,,,,,,,,,,,,,,,,,,,,,,,,,,,,,,,,,,,,,,,,388.8708854999859,388.88330599991605,388.88330599991605,388.88330599991605,389.06706560007297,None,,,,,,,,,,,,,,,,,,,P9615,MIC_Bar,7,1,2026-05-07_16h23.18.347,MIC_task,,2026.1.2,59.935473466347815,2026-05-07 16h23.20.101524 +0200,
,,5,0,5,,,,,,,7,c27,póló,t-shirt,3,clothes,tops,6.8,43,23,None,None,"(0.1, -0.1)",None,,,,,,,,,,,0,0,0,0,0,25,25,25,5,0,5,0,389.0837230999023,,,,,,,,,,,,,,,,,,,,,,,,,,,,,,,,,,,,,,,,,,,,,,,,,,,,,,,,,,,,,,,,,,,,,,,,,,,,,,,,,,,,,,,,,,,,,,,,,,,,,,389.0700924000703,389.0837230999023,389.0837230999023,389.0837230999023,389.2675751999486,None,,,,,,,,,,,,,,,,,,,P9615,MIC_Bar,7,1,2026-05-07_16h23.18.347,MIC_task,,2026.1.2,59.935473466347815,2026-05-07 16h23.20.101524 +0200,
,,6,0,6,,,,,,,7,c27,póló,t-shirt,3,clothes,tops,6.8,43,23,None,None,"(0.1, -0.1)",None,,,,,,,,,,,0,0,0,0,0,25,25,25,6,0,6,0,389.2841091998853,,,,,,,,,,,,,,,,,,,,,,,,,,,,,,,,,,,,,,,,,,,,,,,,,,,,,,,,,,,,,,,,,,,,,,,,,,,,,,,,,,,,,,,,,,,,,,,,,,,,,,389.27065369999036,389.2841091998853,389.2841091998853,389.2841091998853,389.46791619993746,None,,,,,,,,,,,,,,,,,,,P9615,MIC_Bar,7,1,2026-05-07_16h23.18.347,MIC_task,,2026.1.2,59.935473466347815,2026-05-07 16h23.20.101524 +0200,
,,7,0,7,,,,,,,7,c27,póló,t-shirt,3,clothes,tops,6.8,43,23,None,None,"(0.1, -0.1)",None,,,,,,,,,,,0,0,0,0,0,25,25,25,7,0,7,0,389.4844869999215,,,,,,,,,,,,,,,,,,,,,,,,,,,,,,,,,,,,,,,,,,,,,,,,,,,,,,,,,,,,,,,,,,,,,,,,,,,,,,,,,,,,,,,,,,,,,,,,,,,,,,389.47097810008563,389.4844869999215,389.4844869999215,389.4844869999215,389.66985259996727,None,,,,,,,,,,,,,,,,,,,P9615,MIC_Bar,7,1,2026-05-07_16h23.18.347,MIC_task,,2026.1.2,59.935473466347815,2026-05-07 16h23.20.101524 +0200,
,,8,0,8,,,,,,,7,c27,póló,t-shirt,3,clothes,tops,6.8,43,23,None,None,"(0.1, -0.1)",None,,,,,,,,,,,0,0,0,0,0,25,25,25,8,0,8,0,389.6848369000945,,,,,,,,,,,,,,,,,,,,,,,,,,,,,,,,,,,,,,,,,,,,,,,,,,,,,,,,,,,,,,,,,,,,,,,,,,,,,,,,,,,,,,,,,,,,,,,,,,,,,,389.6730816999916,389.6848369000945,389.6848369000945,389.6848369000945,389.86988430004567,None,,,,,,,,,,,,,,,,,,,P9615,MIC_Bar,7,1,2026-05-07_16h23.18.347,MIC_task,,2026.1.2,59.935473466347815,2026-05-07 16h23.20.101524 +0200,
,,9,0,9,,,,,,,7,c27,póló,t-shirt,3,clothes,tops,6.8,43,23,None,None,"(0.1, -0.1)",None,,,,,,,,,,,0,0,0,0,0,25,25,25,9,0,9,0,389.8852069999557,,,,,,,,,,,,,,,,,,,,,,,,,,,,,,,,,,,,,,,,,,,,,,,,,,,,,,,,,,,,,,,,,,,,,,,,,,,,,,,,,,,,,,,,,,,,,,,,,,,,,,389.8727365001105,389.8852069999557,389.8852069999557,389.8852069999557,390.06898949993774,None,,,,,,,,,,,,,,,,,,,P9615,MIC_Bar,7,1,2026-05-07_16h23.18.347,MIC_task,,2026.1.2,59.935473466347815,2026-05-07 16h23.20.101524 +0200,
,,10,0,10,,,,,,,7,c27,póló,t-shirt,3,clothes,tops,6.8,43,23,None,None,"(0.1, -0.1)",None,,,,,,,,,,,0,0,0,0,0,25,25,25,10,0,10,0,390.08563930005766,,,,,,,,,,,,,,,,,,,,,,,,,,,,,,,,,,,,,,,,,,,,,,,,,,,,,,,,,,,,,,,,,,,,,,,,,,,,,,,,,,,,,,,,,,,,,,,,,,,,,,390.07202570000663,390.08563930005766,390.08563930005766,390.08563930005766,390.26944270008244,None,,,,,,,,,,,,,,,,,,,P9615,MIC_Bar,7,1,2026-05-07_16h23.18.347,MIC_task,,2026.1.2,59.935473466347815,2026-05-07 16h23.20.101524 +0200,
,,11,0,11,,,,,,,7,c27,póló,t-shirt,3,clothes,tops,6.8,43,23,None,None,"(0.1, -0.1)",None,,,,,,,,,,,0,0,0,0,0,25,25,25,11,0,11,0,390.28591390000656,,,,,,,,,,,,,,,,,,,,,,,,,,,,,,,,,,,,,,,,,,,,,,,,,,,,,,,,,,,,,,,,,,,,,,,,,,,,,,,,,,,,,,,,,,,,,,,,,,,,,,390.27266540005803,390.28591390000656,390.28591390000656,390.28591390000656,390.46980570000596,None,,,,,,,,,,,,,,,,,,,P9615,MIC_Bar,7,1,2026-05-07_16h23.18.347,MIC_task,,2026.1.2,59.935473466347815,2026-05-07 16h23.20.101524 +0200,
,,12,0,12,,,,,,,7,c27,póló,t-shirt,3,clothes,tops,6.8,43,23,None,None,"(0.1, -0.1)",None,,,,,,,,,,,0,0,0,0,0,25,25,25,12,0,12,0,390.48643440008163,,,,,,,,,,,,,,,,,,,,,,,,,,,,,,,,,,,,,,,,,,,,,,,,,,,,,,,,,,,,,,,,,,,,,,,,,,,,,,,,,,,,,,,,,,,,,,,,,,,,,,390.47283570002764,390.48643440008163,390.48643440008163,390.48643440008163,390.6701591000892,None,,,,,,,,,,,,,,,,,,,P9615,MIC_Bar,7,1,2026-05-07_16h23.18.347,MIC_task,,2026.1.2,59.935473466347815,2026-05-07 16h23.20.101524 +0200,
,,13,0,13,,,,,,,7,c27,póló,t-shirt,3,clothes,tops,6.8,43,23,None,None,"(0.1, -0.1)",None,,,,,,,,,,,0,0,0,0,0,25,25,25,13,0,13,0,390.6866983999498,,,,,,,,,,,,,,,,,,,,,,,,,,,,,,,,,,,,,,,,,,,,,,,,,,,,,,,,,,,,,,,,,,,,,,,,,,,,,,,,,,,,,,,,,,,,,,,,,,,,,,390.67327950010076,390.6866983999498,390.6866983999498,390.6866983999498,390.87046190002,None,,,,,,,,,,,,,,,,,,,P9615,MIC_Bar,7,1,2026-05-07_16h23.18.347,MIC_task,,2026.1.2,59.935473466347815,2026-05-07 16h23.20.101524 +0200,
,,14,0,14,,,,,,,7,c27,póló,t-shirt,3,clothes,tops,6.8,43,23,None,None,"(0.1, -0.1)",None,,,,,,,,,,,0,0,0,0,0,25,25,25,14,0,14,0,390.8870073000435,,,,,,,,,,,,,,,,,,,,,,,,,,,,,,,,,,,,,,,,,,,,,,,,,,,,,,,,,,,,,,,,,,,,,,,,,,,,,,,,,,,,,,,,,,,,,,,,,,,,,,390.87336439988576,390.8870073000435,390.8870073000435,390.8870073000435,391.07003779988736,None,,,,,,,,,,,,,,,,,,,P9615,MIC_Bar,7,1,2026-05-07_16h23.18.347,MIC_task,,2026.1.2,59.935473466347815,2026-05-07 16h23.20.101524 +0200,
,,15,0,15,,,,,,,7,c27,póló,t-shirt,3,clothes,tops,6.8,43,23,None,None,"(0.1, -0.1)",None,,,,,,,,,,,0,0,0,0,0,25,25,25,15,0,15,0,391.08742320002057,,,,,,,,,,,,,,,,,,,,,,,,,,,,,,,,,,,,,,,,,,,,,,,,,,,,,,,,,,,,,,,,,,,,,,,,,,,,,,,,,,,,,,,,,,,,,,,,,,,,,,391.07297290000133,391.08742320002057,391.08742320002057,391.08742320002057,391.2704411998857,None,,,,,,,,,,,,,,,,,,,P9615,MIC_Bar,7,1,2026-05-07_16h23.18.347,MIC_task,,2026.1.2,59.935473466347815,2026-05-07 16h23.20.101524 +0200,
,,16,0,16,,,,,,,7,c27,póló,t-shirt,3,clothes,tops,6.8,43,23,None,None,"(0.1, -0.1)",None,,,,,,,,,,,0,0,0,0,0,25,25,25,16,0,16,0,391.2870463998988,,,,,,,,,,,,,,,,,,,,,,,,,,,,,,,,,,,,,,,,,,,,,,,,,,,,,,,,,,,,,,,,,,,,,,,,,,,,,,,,,,,,,,,,,,,,,,,,,,,,,,391.2735993999522,391.2870463998988,391.2870463998988,391.2870463998988,391.4707891999278,None,,,,,,,,,,,,,,,,,,,P9615,MIC_Bar,7,1,2026-05-07_16h23.18.347,MIC_task,,2026.1.2,59.935473466347815,2026-05-07 16h23.20.101524 +0200,
,,17,0,17,,,,,,,7,c27,póló,t-shirt,3,clothes,tops,6.8,43,23,None,None,"(0.1, -0.1)",None,,,,,,,,,,,0,0,0,0,0,25,25,25,17,0,17,0,391.4875358999707,,,,,,,,,,,,,,,,,,,,,,,,,,,,,,,,,,,,,,,,,,,,,,,,,,,,,,,,,,,,,,,,,,,,,,,,,,,,,,,,,,,,,,,,,,,,,,,,,,,,,,391.47393710003234,391.4875358999707,391.4875358999707,391.4875358999707,391.67115529999137,None,,,,,,,,,,,,,,,,,,,P9615,MIC_Bar,7,1,2026-05-07_16h23.18.347,MIC_task,,2026.1.2,59.935473466347815,2026-05-07 16h23.20.101524 +0200,
,,18,0,18,,,,,,,7,c27,póló,t-shirt,3,clothes,tops,6.8,43,23,None,None,"(0.1, -0.1)",None,,,,,,,,,,,0,0,0,0,0,25,25,25,18,0,18,0,391.6878817998804,,,,,,,,,,,,,,,,,,,,,,,,,,,,,,,,,,,,,,,,,,,,,,,,,,,,,,,,,,,,,,,,,,,,,,,,,,,,,,,,,,,,,,,,,,,,,,,,,,,,,,391.67429549992085,391.6878817998804,391.6878817998804,391.6878817998804,391.87308660009876,None,,,,,,,,,,,,,,,,,,,P9615,MIC_Bar,7,1,2026-05-07_16h23.18.347,MIC_task,,2026.1.2,59.935473466347815,2026-05-07 16h23.20.101524 +0200,
,,19,0,19,,,,,,,7,c27,póló,t-shirt,3,clothes,tops,6.8,43,23,None,None,"(0.1, -0.1)",None,,,,,,,,,,,0,0,0,0,0,25,25,25,19,0,19,0,391.8881373000331,,,,,,,,,,,,,,,,,,,,,,,,,,,,,,,,,,,,,,,,,,,,,,,,,,,,,,,,,,,,,,,,,,,,,,,,,,,,,,,,,,,,,,,,,,,,,,,,,,,,,,391.8759480000008,391.8881373000331,391.8881373000331,391.8881373000331,392.07356070005335,None,,,,,,,,,,,,,,,,,,,P9615,MIC_Bar,7,1,2026-05-07_16h23.18.347,MIC_task,,2026.1.2,59.935473466347815,2026-05-07 16h23.20.101524 +0200,
,,20,0,20,,,,,,,7,c27,póló,t-shirt,3,clothes,tops,6.8,43,23,None,None,"(0.1, -0.1)",None,,,,,,,,,,,0,0,0,0,0,25,25,25,20,0,20,0,392.08854930009693,,,,,,,,,,,,,,,,,,,,,,,,,,,,,,,,,,,,,,,,,,,,,,,,,,,,,,,,,,,,,,,,,,,,,,,,,,,,,,,,,,,,,,,,,,,,,,,,,,,,,,392.0768484000582,392.08854930009693,392.08854930009693,392.08854930009693,392.272302800091,None,,,,,,,,,,,,,,,,,,,P9615,MIC_Bar,7,1,2026-05-07_16h23.18.347,MIC_task,,2026.1.2,59.935473466347815,2026-05-07 16h23.20.101524 +0200,
,,21,0,21,,,,,,,7,c27,póló,t-shirt,3,clothes,tops,6.8,43,23,None,None,"(0.1, -0.1)",None,,,,,,,,,,,0,0,0,0,0,25,25,25,21,0,21,0,392.2889042000752,,,,,,,,,,,,,,,,,,,,,,,,,,,,,,,,,,,,,,,,,,,,,,,,,,,,,,,,,,,,,,,,,,,,,,,,,,,,,,,,,,,,,,,,,,,,,,,,,,,,,,392.2754657000769,392.2889042000752,392.2889042000752,392.2889042000752,392.474459100049,None,,,,,,,,,,,,,,,,,,,P9615,MIC_Bar,7,1,2026-05-07_16h23.18.347,MIC_task,,2026.1.2,59.935473466347815,2026-05-07 16h23.20.101524 +0200,
,,22,0,22,,,,,,,7,c27,póló,t-shirt,3,clothes,tops,6.8,43,23,None,None,"(0.1, -0.1)",None,,,,,,,,,,,0,0,0,0,0,25,25,25,22,0,22,0,392.4893046000507,,,,,,,,,,,,,,,,,,,,,,,,,,,,,,,,,,,,,,,,,,,,,,,,,,,,,,,,,,,,,,,,,,,,,,,,,,,,,,,,,,,,,,,,,,,,,,,,,,,,,,392.4780598001089,392.4893046000507,392.4893046000507,392.4893046000507,392.67488669999875,None,,,,,,,,,,,,,,,,,,,P9615,MIC_Bar,7,1,2026-05-07_16h23.18.347,MIC_task,,2026.1.2,59.935473466347815,2026-05-07 16h23.20.101524 +0200,
,,23,0,23,,,,,,,7,c27,póló,t-shirt,3,clothes,tops,6.8,43,23,None,None,"(0.1, -0.1)",None,,,,,,,,,,,0,0,0,0,0,25,25,25,23,0,23,0,392.68966910010204,,,,,,,,,,,,,,,,,,,,,,,,,,,,,,,,,,,,,,,,,,,,,,,,,,,,,,,,,,,,,,,,,,,,,,,,,,,,,,,,,,,,,,,,,,,,,,,,,,,,,,392.6777729000896,392.68966910010204,392.68966910010204,392.68966910010204,392.8740894999355,None,,,,,,,,,,,,,,,,,,,P9615,MIC_Bar,7,1,2026-05-07_16h23.18.347,MIC_task,,2026.1.2,59.935473466347815,2026-05-07 16h23.20.101524 +0200,
,,24,0,24,,,,,,,7,c27,póló,t-shirt,3,clothes,tops,6.8,43,23,None,None,"(0.1, -0.1)",None,,,,,,,,,,,0,0,0,0,0,25,25,25,24,0,24,0,392.88994570006616,,,,,,,,,,,,,,,,,,,,,,,,,,,,,,,,,,,,,,,,,,,,,,,,,,,,,,,,,,,,,,,,,,,,,,,,,,,,,,,,,,,,,,,,,,,,,,,,,,,,,,392.8777356001083,392.88994570006616,392.88994570006616,392.88994570006616,393.0737922000699,None,,,,,,,,,,,,,,,,,,,P9615,MIC_Bar,7,1,2026-05-07_16h23.18.347,MIC_task,,2026.1.2,59.935473466347815,2026-05-07 16h23.20.101524 +0200,
,,25,0,25,,,,,,,7,c27,póló,t-shirt,3,clothes,tops,6.8,43,23,None,None,"(0.1, -0.1)",None,,,,,,,,,,,0,0,0,0,0,25,25,25,25,0,25,0,393.0903692001011,,,,,,,,,,,,,,,,,,,,,,,,,,,,,,,,,,,,,,,,,,,,,,,,,,,,,,,,,,,,,,,,,,,,,,,,,,,,,,,,,,,,,,,,,,,,,,,,,,,,,,393.07666489994153,393.0903692001011,393.0903692001011,393.0903692001011,393.2742727000732,None,,,,,,,,,,,,,,,,,,,P9615,MIC_Bar,7,1,2026-05-07_16h23.18.347,MIC_task,,2026.1.2,59.935473466347815,2026-05-07 16h23.20.101524 +0200,
,,26,0,26,,,,,,,7,c27,póló,t-shirt,3,clothes,tops,6.8,43,23,None,None,"(0.1, -0.1)",None,,,,,,,,,,,0,0,0,0,0,25,25,25,26,0,26,0,393.2906764000654,,,,,,,,,,,,,,,,,,,,,,,,,,,,,,,,,,,,,,,,,,,,,,,,,,,,,,,,,,,,,,,,,,,,,,,,,,,,,,,,,,,,,,,,,,,,,,,,,,,,,,393.2772741999943,393.2906764000654,393.2906764000654,393.2906764000654,393.4752313999925,None,,,,,,,,,,,,,,,,,,,P9615,MIC_Bar,7,1,2026-05-07_16h23.18.347,MIC_task,,2026.1.2,59.935473466347815,2026-05-07 16h23.20.101524 +0200,
,,27,0,27,,,,,,,7,c27,póló,t-shirt,3,clothes,tops,6.8,43,23,None,None,"(0.1, -0.1)",None,,,,,,,,,,,0,0,0,0,0,25,25,25,27,0,27,0,393.4904316000175,,,,,,,,,,,,,,,,,,,,,,,,,,,,,,,,,,,,,,,,,,,,,,,,,,,,,,,,,,,,,,,,,,,,,,,,,,,,,,,,,,,,,,,,,,,,,,,,,,,,,,393.4783735999372,393.4904316000175,393.4904316000175,393.4904316000175,393.6756458999589,None,,,,,,,,,,,,,,,,,,,P9615,MIC_Bar,7,1,2026-05-07_16h23.18.347,MIC_task,,2026.1.2,59.935473466347815,2026-05-07 16h23.20.101524 +0200,
,,28,0,28,,,,,,,7,c27,póló,t-shirt,3,clothes,tops,6.8,43,23,None,None,"(0.1, -0.1)",None,,,,,,,,,,,0,0,0,0,0,25,25,25,28,0,28,0,393.69078049995005,,,,,,,,,,,,,,,,,,,,,,,,,,,,,,,,,,,,,,,,,,,,,,,,,,,,,,,,,,,,,,,,,,,,,,,,,,,,,,,,,,,,,,,,,,,,,,,,,,,,,,393.6788369999267,393.69078049995005,393.69078049995005,393.69078049995005,393.8745806000661,None,,,,,,,,,,,,,,,,,,,P9615,MIC_Bar,7,1,2026-05-07_16h23.18.347,MIC_task,,2026.1.2,59.935473466347815,2026-05-07 16h23.20.101524 +0200,
,,29,0,29,,,,,,,7,c27,póló,t-shirt,3,clothes,tops,6.8,43,23,None,None,"(0.1, -0.1)",None,,,,,,,,,,,0,0,0,0,0,25,25,25,29,0,29,0,393.89112480008043,,,,,,,,,,,,,,,,,,,,,,,,,,,,,,,,,,,,,,,,,,,,,,,,,,,,,,,,,,,,,,,,,,,,,,,,,,,,,,,,,,,,,,,,,,,,,,,,,,,,,,393.877472900087,393.89112480008043,393.89112480008043,393.89112480008043,394.0749842999503,None,,,,,,,,,,,,,,,,,,,P9615,MIC_Bar,7,1,2026-05-07_16h23.18.347,MIC_task,,2026.1.2,59.935473466347815,2026-05-07 16h23.20.101524 +0200,
,,30,0,30,,,,,,,7,c27,póló,t-shirt,3,clothes,tops,6.8,43,23,None,None,"(0.1, -0.1)",None,,,,,,,,,,,0,0,0,0,0,25,25,25,30,0,30,0,394.09151170006953,,,,,,,,,,,,,,,,,,,,,,,,,,,,,,,,,,,,,,,,,,,,,,,,,,,,,,,,,,,,,,,,,,,,,,,,,,,,,,,,,,,,,,,,,,,,,,,,,,,,,,394.0782333998941,394.09151170006953,394.09151170006953,394.09151170006953,394.2753292999696,None,,,,,,,,,,,,,,,,,,,P9615,MIC_Bar,7,1,2026-05-07_16h23.18.347,MIC_task,,2026.1.2,59.935473466347815,2026-05-07 16h23.20.101524 +0200,
,,31,0,31,,,,,,,7,c27,póló,t-shirt,3,clothes,tops,6.8,43,23,None,None,"(0.1, -0.1)",None,,,,,,,,,,,0,0,0,0,0,25,25,25,31,0,31,0,394.29187369998544,,,,,,,,,,,,,,,,,,,,,,,,,,,,,,,,,,,,,,,,,,,,,,,,,,,,,,,,,,,,,,,,,,,,,,,,,,,,,,,,,,,,,,,,,,,,,,,,,,,,,,394.27843860001303,394.29187369998544,394.29187369998544,394.29187369998544,394.4756410999689,None,,,,,,,,,,,,,,,,,,,P9615,MIC_Bar,7,1,2026-05-07_16h23.18.347,MIC_task,,2026.1.2,59.935473466347815,2026-05-07 16h23.20.101524 +0200,
,,32,0,32,,,,,,,7,c27,póló,t-shirt,3,clothes,tops,6.8,43,23,None,None,"(0.1, -0.1)",None,,,,,,,,,,,0,0,0,0,0,25,25,25,32,0,32,0,394.49223389988765,,,,,,,,,,,,,,,,,,,,,,,,,,,,,,,,,,,,,,,,,,,,,,,,,,,,,,,,,,,,,,,,,,,,,,,,,,,,,,,,,,,,,,,,,,,,,,,,,,,,,,394.47861049999483,394.49223389988765,394.49223389988765,394.49223389988765,394.67607640009373,None,,,,,,,,,,,,,,,,,,,P9615,MIC_Bar,7,1,2026-05-07_16h23.18.347,MIC_task,,2026.1.2,59.935473466347815,2026-05-07 16h23.20.101524 +0200,
,,33,0,33,,,,,,,7,c27,póló,t-shirt,3,clothes,tops,6.8,43,23,None,None,"(0.1, -0.1)",None,,,,,,,,,,,0,0,0,0,0,25,25,25,33,0,33,0,394.6926388000138,,,,,,,,,,,,,,,,,,,,,,,,,,,,,,,,,,,,,,,,,,,,,,,,,,,,,,,,,,,,,,,,,,,,,,,,,,,,,,,,,,,,,,,,,,,,,,,,,,,,,,394.67964829993434,394.6926388000138,394.6926388000138,394.6926388000138,394.876368700061,None,,,,,,,,,,,,,,,,,,,P9615,MIC_Bar,7,1,2026-05-07_16h23.18.347,MIC_task,,2026.1.2,59.935473466347815,2026-05-07 16h23.20.101524 +0200,
,,34,0,34,,,,,,,7,c27,póló,t-shirt,3,clothes,tops,6.8,43,23,None,None,"(0.1, -0.1)",None,,,,,,,,,,,0,0,0,0,0,25,25,25,34,0,34,0,394.8928157000337,,,,,,,,,,,,,,,,,,,,,,,,,,,,,,,,,,,,,,,,,,,,,,,,,,,,,,,,,,,,,,,,,,,,,,,,,,,,,,,,,,,,,,,,,,,,,,,,,,,,,,394.8799501999747,394.8928157000337,394.8928157000337,394.8928157000337,395.0782826000359,None,,,,,,,,,,,,,,,,,,,P9615,MIC_Bar,7,1,2026-05-07_16h23.18.347,MIC_task,,2026.1.2,59.935473466347815,2026-05-07 16h23.20.101524 +0200,
,,35,0,35,,,,,,,7,c27,póló,t-shirt,3,clothes,tops,6.8,43,23,None,None,"(0.1, -0.1)",None,,,,,,,,,,,0,0,0,0,0,25,25,25,35,0,35,0,395.09333069995046,,,,,,,,,,,,,,,,,,,,,,,,,,,,,,,,,,,,,,,,,,,,,,,,,,,,,,,,,,,,,,,,,,,,,,,,,,,,,,,,,,,,,,,,,,,,,,,,,,,,,,395.0812210000586,395.09333069995046,395.09333069995046,395.09333069995046,395.2771288000513,None,,,,,,,,,,,,,,,,,,,P9615,MIC_Bar,7,1,2026-05-07_16h23.18.347,MIC_task,,2026.1.2,59.935473466347815,2026-05-07 16h23.20.101524 +0200,
,,36,0,36,,,,,,,7,c27,póló,t-shirt,3,clothes,tops,6.8,43,23,None,None,"(0.1, -0.1)",None,,,,,,,,,,,0,0,0,0,0,25,25,25,36,0,36,0,395.29362059989944,,,,,,,,,,,,,,,,,,,,,,,,,,,,,,,,,,,,,,,,,,,,,,,,,,,,,,,,,,,,,,,,,,,,,,,,,,,,,,,,,,,,,,,,,,,,,,,,,,,,,,395.28028770000674,395.29362059989944,395.29362059989944,395.29362059989944,395.4775741000194,None,,,,,,,,,,,,,,,,,,,P9615,MIC_Bar,7,1,2026-05-07_16h23.18.347,MIC_task,,2026.1.2,59.935473466347815,2026-05-07 16h23.20.101524 +0200,
,,37,0,37,,,,,,,7,c27,póló,t-shirt,3,clothes,tops,6.8,43,23,None,None,"(0.1, -0.1)",None,,,,,,,,,,,0,0,0,0,0,25,25,25,37,0,37,0,395.49398140003905,,,,,,,,,,,,,,,,,,,,,,,,,,,,,,,,,,,,,,,,,,,,,,,,,,,,,,,,,,,,,,,,,,,,,,,,,,,,,,,,,,,,,,,,,,,,,,,,,,,,,,395.4806438998785,395.49398140003905,395.49398140003905,395.49398140003905,395.6785635999404,None,,,,,,,,,,,,,,,,,,,P9615,MIC_Bar,7,1,2026-05-07_16h23.18.347,MIC_task,,2026.1.2,59.935473466347815,2026-05-07 16h23.20.101524 +0200,
,,38,0,38,,,,,,,7,c27,póló,t-shirt,3,clothes,tops,6.8,43,23,None,None,"(0.1, -0.1)",None,,,,,,,,,,,0,0,0,0,0,25,25,25,38,0,38,0,395.69372839992866,,,,,,,,,,,,,,,,,,,,,,,,,,,,,,,,,,,,,,,,,,,,,,,,,,,,,,,,,,,,,,,,,,,,,,,,,,,,,,,,,,,,,,,,,,,,,,,,,,,,,,395.68162350007333,395.69372839992866,395.69372839992866,395.69372839992866,395.8775229000021,None,,,,,,,,,,,,,,,,,,,P9615,MIC_Bar,7,1,2026-05-07_16h23.18.347,MIC_task,,2026.1.2,59.935473466347815,2026-05-07 16h23.20.101524 +0200,
,,39,0,39,,,,,,,7,c27,póló,t-shirt,3,clothes,tops,6.8,43,23,None,None,"(0.1, -0.1)",None,,,,,,,,,,,0,0,0,0,0,25,25,25,39,0,39,0,395.89411640004255,,,,,,,,,,,,,,,,,,,,,,,,,,,,,,,,,,,,,,,,,,,,,,,,,,,,,,,,,,,,,,,,,,,,,,,,,,,,,,,,,,,,,,,,,,,,,,,,,,,,,,395.88078029989265,395.89411640004255,395.89411640004255,395.89411640004255,396.07818279997446,None,,,,,,,,,,,,,,,,,,,P9615,MIC_Bar,7,1,2026-05-07_16h23.18.347,MIC_task,,2026.1.2,59.935473466347815,2026-05-07 16h23.20.101524 +0200,
,,40,0,40,,,,,,,7,c27,póló,t-shirt,3,clothes,tops,6.8,43,23,None,None,"(0.1, -0.1)",None,,,,,,,,,,,0,0,0,0,0,25,25,25,40,0,40,0,396.0944360999856,,,,,,,,,,,,,,,,,,,,,,,,,,,,,,,,,,,,,,,,,,,,,,,,,,,,,,,,,,,,,,,,,,,,,,,,,,,,,,,,,,,,,,,,,,,,,,,,,,,,,,396.0812637999188,396.0944360999856,396.0944360999856,396.0944360999856,396.2782781999558,None,,,,,,,,,,,,,,,,,,,P9615,MIC_Bar,7,1,2026-05-07_16h23.18.347,MIC_task,,2026.1.2,59.935473466347815,2026-05-07 16h23.20.101524 +0200,
,,41,0,41,,,,,,,7,c27,póló,t-shirt,3,clothes,tops,6.8,43,23,None,None,"(0.1, -0.1)",None,,,,,,,,,,,0,0,0,0,0,25,25,25,41,0,41,0,396.2948012999259,,,,,,,,,,,,,,,,,,,,,,,,,,,,,,,,,,,,,,,,,,,,,,,,,,,,,,,,,,,,,,,,,,,,,,,,,,,,,,,,,,,,,,,,,,,,,,,,,,,,,,396.2813389999792,396.2948012999259,396.2948012999259,396.2948012999259,396.47866740007885,None,,,,,,,,,,,,,,,,,,,P9615,MIC_Bar,7,1,2026-05-07_16h23.18.347,MIC_task,,2026.1.2,59.935473466347815,2026-05-07 16h23.20.101524 +0200,
,,42,0,42,,,,,,,7,c27,póló,t-shirt,3,clothes,tops,6.8,43,23,None,None,"(0.1, -0.1)",None,,,,,,,,,,,0,0,0,0,0,25,25,25,42,0,42,0,396.49520280002616,,,,,,,,,,,,,,,,,,,,,,,,,,,,,,,,,,,,,,,,,,,,,,,,,,,,,,,,,,,,,,,,,,,,,,,,,,,,,,,,,,,,,,,,,,,,,,,,,,,,,,396.48178920010105,396.49520280002616,396.49520280002616,396.49520280002616,396.6789764999412,None,,,,,,,,,,,,,,,,,,,P9615,MIC_Bar,7,1,2026-05-07_16h23.18.347,MIC_task,,2026.1.2,59.935473466347815,2026-05-07 16h23.20.101524 +0200,
,,43,0,43,,,,,,,7,c27,póló,t-shirt,3,clothes,tops,6.8,43,23,None,None,"(0.1, -0.1)",None,,,,,,,,,,,0,0,0,0,0,25,25,25,43,0,43,0,396.6955709999893,,,,,,,,,,,,,,,,,,,,,,,,,,,,,,,,,,,,,,,,,,,,,,,,,,,,,,,,,,,,,,,,,,,,,,,,,,,,,,,,,,,,,,,,,,,,,,,,,,,,,,396.6820421000011,396.6955709999893,396.6955709999893,396.6955709999893,396.87934389989823,None,,,,,,,,,,,,,,,,,,,P9615,MIC_Bar,7,1,2026-05-07_16h23.18.347,MIC_task,,2026.1.2,59.935473466347815,2026-05-07 16h23.20.101524 +0200,
,,44,0,44,,,,,,,7,c27,póló,t-shirt,3,clothes,tops,6.8,43,23,None,None,"(0.1, -0.1)",None,,,,,,,,,,,0,0,0,0,0,25,25,25,44,0,44,0,396.89594070008025,,,,,,,,,,,,,,,,,,,,,,,,,,,,,,,,,,,,,,,,,,,,,,,,,,,,,,,,,,,,,,,,,,,,,,,,,,,,,,,,,,,,,,,,,,,,,,,,,,,,,,396.8824098999612,396.89594070008025,396.89594070008025,396.89594070008025,397.0798277000431,None,,,,,,,,,,,,,,,,,,,P9615,MIC_Bar,7,1,2026-05-07_16h23.18.347,MIC_task,,2026.1.2,59.935473466347815,2026-05-07 16h23.20.101524 +0200,
,,45,0,45,,,,,,,7,c27,póló,t-shirt,3,clothes,tops,6.8,43,23,None,None,"(0.1, -0.1)",None,,,,,,,,,,,0,0,0,0,0,25,25,25,45,0,45,0,397.09625130007043,,,,,,,,,,,,,,,,,,,,,,,,,,,,,,,,,,,,,,,,,,,,,,,,,,,,,,,,,,,,,,,,,,,,,,,,,,,,,,,,,,,,,,,,,,,,,,,,,,,,,,397.0828038000036,397.09625130007043,397.09625130007043,397.09625130007043,397.28199760010466,None,,,,,,,,,,,,,,,,,,,P9615,MIC_Bar,7,1,2026-05-07_16h23.18.347,MIC_task,,2026.1.2,59.935473466347815,2026-05-07 16h23.20.101524 +0200,
,,46,0,46,,,,,,,7,c27,póló,t-shirt,3,clothes,tops,6.8,43,23,None,None,"(0.1, -0.1)",None,,,,,,,,,,,0,0,0,0,0,25,25,25,46,0,46,0,397.2966889999807,,,,,,,,,,,,,,,,,,,,,,,,,,,,,,,,,,,,,,,,,,,,,,,,,,,,,,,,,,,,,,,,,,,,,,,,,,,,,,,,,,,,,,,,,,,,,,,,,,,,,,397.2851730999537,397.2966889999807,397.2966889999807,397.2966889999807,397.4808362000622,None,,,,,,,,,,,,,,,,,,,P9615,MIC_Bar,7,1,2026-05-07_16h23.18.347,MIC_task,,2026.1.2,59.935473466347815,2026-05-07 16h23.20.101524 +0200,
,,47,0,47,,,,,,,7,c27,póló,t-shirt,3,clothes,tops,6.8,43,23,None,None,"(0.1, -0.1)",None,,,,,,,,,,,0,0,0,0,0,25,25,25,47,0,47,0,397.4970837000292,,,,,,,,,,,,,,,,,,,,,,,,,,,,,,,,,,,,,,,,,,,,,,,,,,,,,,,,,,,,,,,,,,,,,,,,,,,,,,,,,,,,,,,,,,,,,,,,,,,,,,397.48372830008157,397.4970837000292,397.4970837000292,397.4970837000292,397.68120089988224,None,,,,,,,,,,,,,,,,,,,P9615,MIC_Bar,7,1,2026-05-07_16h23.18.347,MIC_task,,2026.1.2,59.935473466347815,2026-05-07 16h23.20.101524 +0200,
,,48,0,48,,,,,,,7,c27,póló,t-shirt,3,clothes,tops,6.8,43,23,None,None,"(0.1, -0.1)",None,,,,,,,,,,,0,0,0,0,0,25,25,25,48,0,48,0,397.6974154000636,,,,,,,,,,,,,,,,,,,,,,,,,,,,,,,,,,,,,,,,,,,,,,,,,,,,,,,,,,,,,,,,,,,,,,,,,,,,,,,,,,,,,,,,,,,,,,,,,,,,,,397.6843111999333,397.6974154000636,397.6974154000636,397.6974154000636,397.8819021000527,None,,,,,,,,,,,,,,,,,,,P9615,MIC_Bar,7,1,2026-05-07_16h23.18.347,MIC_task,,2026.1.2,59.935473466347815,2026-05-07 16h23.20.101524 +0200,
,,49,0,49,,,,,,,7,c27,póló,t-shirt,3,clothes,tops,6.8,43,23,None,None,"(0.1, -0.1)",None,,,,,,,,,,,0,0,0,0,0,25,25,25,49,0,49,0,397.89704800001346,,,,,,,,,,,,,,,,,,,,,,,,,,,,,,,,,,,,,,,,,,,,,,,,,,,,,,,,,,,,,,,,,,,,,,,,,,,,,,,,,,,,,,,,,,,,,,,,,,,,,,397.8850795000326,397.89704800001346,397.89704800001346,397.89704800001346,398.08082700008526,None,,,,,,,,,,,,,,,,,,,P9615,MIC_Bar,7,1,2026-05-07_16h23.18.347,MIC_task,,2026.1.2,59.935473466347815,2026-05-07 16h23.20.101524 +0200,
,,50,0,50,,,,,,,7,c27,póló,t-shirt,3,clothes,tops,6.8,43,23,None,None,"(0.1, -0.1)",space,0.04279689979739487,None,,,,,,,,,0,0,0,0,0,25,25,25,50,0,50,0,398.0975124000106,,,,,,,,,,,,,,,,,,,,,,,,,,,,,,,,,,,,,,,,,,,,,,,,,,,,,,,,,,,,,,,,,,,,,,,,,,,,,,,,,,,,,,,,,,,,,,,,,,,,,,398.0841936999932,398.0975124000106,398.0975124000106,398.0975124000106,398.1503524999134,space,0.04279689979739487,None,,,,,,,,,,,,,,,,,P9615,MIC_Bar,7,1,2026-05-07_16h23.18.347,MIC_task,,2026.1.2,59.935473466347815,2026-05-07 16h23.20.101524 +0200,
,,25,25,0,,,,space,2.4486797999124974,None,7,c27,póló,t-shirt,3,clothes,tops,6.8,43,23,None,None,"(0.1, -0.1)",,,,,,,,,,,,0,0,0,0,0,25,25,25,,,,,,,,,,,,,,,,,,,,,,,,,,,,,,,,,,,,,,,,,,,,,,,,,,,,,,,,,,,,,,,,,,,,,,,,,,,,,,,,,,,,,,,,,,398.20847689989023,398.21321179997176,398.21597996658335,400.15084609994665,,,,,,402.1538684000261,402.17200740007684,402.17200740007684,404.62545270007104,,,,,,,,,,,,,400.18098379997537,400.1867440000642,400.18401443342054,402.08872899995185,402.1538158999756,space,2.4486797999124974,None,,,,,,,,,P9615,MIC_Bar,7,1,2026-05-07_16h23.18.347,MIC_task,,2026.1.2,59.935473466347815,2026-05-07 16h23.20.101524 +0200,
,,0,0,0,,,,,,,7,f08,sajt,cheese,4,food,dairy,7,10486,21,51,None,"(-0.1, 0)",None,,,,,,,,,,,0,0,0,0,0,26,26,26,0,0,0,0,404.6504810999613,,,,,,,,,,,,,,,,,,,,,,,,,,,,,,,,,,,,,,,,,,,,,,,,,,,,,,,,,,,,,,,,,,,,,,,,,,,,,,,,,,,,,,,,,,,,,,,,,,,,,,404.6456118999049,404.6504810999613,404.6504810999613,404.6504810999613,404.8263485999778,None,,,,,,,,,,,,,,,,,,,P9615,MIC_Bar,7,1,2026-05-07_16h23.18.347,MIC_task,,2026.1.2,59.935473466347815,2026-05-07 16h23.20.101524 +0200,
,,0,0,0,,,,,,,7,f08,sajt,cheese,4,food,dairy,7,10486,21,51,None,"(-0.1, 0)",None,,,,,,,,,,,0,0,0,0,0,26,26,26,0,0,0,0,404.84139749989845,,,,,,,,,,,,,,,,,,,,,,,,,,,,,,,,,,,,,,,,,,,,,,,,,,,,,,,,,,,,,,,,,,,,,,,,,,,,,,,,,,,,,,,,,,,,,,,,,,,,,,404.8301526000723,404.84139749989845,404.84139749989845,404.84139749989845,405.02582410001196,None,,,,,,,,,,,,,,,,,,,P9615,MIC_Bar,7,1,2026-05-07_16h23.18.347,MIC_task,,2026.1.2,59.935473466347815,2026-05-07 16h23.20.101524 +0200,
,,1,0,1,,,,,,,7,f08,sajt,cheese,4,food,dairy,7,10486,21,51,None,"(-0.1, 0)",None,,,,,,,,,,,0,0,0,0,0,26,26,26,1,0,1,0,405.04100540000945,,,,,,,,,,,,,,,,,,,,,,,,,,,,,,,,,,,,,,,,,,,,,,,,,,,,,,,,,,,,,,,,,,,,,,,,,,,,,,,,,,,,,,,,,,,,,,,,,,,,,,405.02923749992624,405.04100540000945,405.04100540000945,405.04100540000945,405.2255887000356,None,,,,,,,,,,,,,,,,,,,P9615,MIC_Bar,7,1,2026-05-07_16h23.18.347,MIC_task,,2026.1.2,59.935473466347815,2026-05-07 16h23.20.101524 +0200,
,,2,0,2,,,,,,,7,f08,sajt,cheese,4,food,dairy,7,10486,21,51,None,"(-0.1, 0)",None,,,,,,,,,,,0,0,0,0,0,26,26,26,2,0,2,0,405.24145619990304,,,,,,,,,,,,,,,,,,,,,,,,,,,,,,,,,,,,,,,,,,,,,,,,,,,,,,,,,,,,,,,,,,,,,,,,,,,,,,,,,,,,,,,,,,,,,,,,,,,,,,405.2288136999123,405.24145619990304,405.24145619990304,405.24145619990304,405.4268300998956,None,,,,,,,,,,,,,,,,,,,P9615,MIC_Bar,7,1,2026-05-07_16h23.18.347,MIC_task,,2026.1.2,59.935473466347815,2026-05-07 16h23.20.101524 +0200,
,,3,0,3,,,,,,,7,f08,sajt,cheese,4,food,dairy,7,10486,21,51,None,"(-0.1, 0)",None,,,,,,,,,,,0,0,0,0,0,26,26,26,3,0,3,0,405.4418842000887,,,,,,,,,,,,,,,,,,,,,,,,,,,,,,,,,,,,,,,,,,,,,,,,,,,,,,,,,,,,,,,,,,,,,,,,,,,,,,,,,,,,,,,,,,,,,,,,,,,,,,405.43032899987884,405.4418842000887,405.4418842000887,405.4418842000887,405.6256800999399,None,,,,,,,,,,,,,,,,,,,P9615,MIC_Bar,7,1,2026-05-07_16h23.18.347,MIC_task,,2026.1.2,59.935473466347815,2026-05-07 16h23.20.101524 +0200,
,,4,0,4,,,,,,,7,f08,sajt,cheese,4,food,dairy,7,10486,21,51,None,"(-0.1, 0)",None,,,,,,,,,,,0,0,0,0,0,26,26,26,4,0,4,0,405.64223979995586,,,,,,,,,,,,,,,,,,,,,,,,,,,,,,,,,,,,,,,,,,,,,,,,,,,,,,,,,,,,,,,,,,,,,,,,,,,,,,,,,,,,,,,,,,,,,,,,,,,,,,405.6289770998992,405.64223979995586,405.64223979995586,405.64223979995586,405.8274765999522,None,,,,,,,,,,,,,,,,,,,P9615,MIC_Bar,7,1,2026-05-07_16h23.18.347,MIC_task,,2026.1.2,59.935473466347815,2026-05-07 16h23.20.101524 +0200,
,,5,0,5,,,,,,,7,f08,sajt,cheese,4,food,dairy,7,10486,21,51,None,"(-0.1, 0)",None,,,,,,,,,,,0,0,0,0,0,26,26,26,5,0,5,0,405.84264830010943,,,,,,,,,,,,,,,,,,,,,,,,,,,,,,,,,,,,,,,,,,,,,,,,,,,,,,,,,,,,,,,,,,,,,,,,,,,,,,,,,,,,,,,,,,,,,,,,,,,,,,405.83067999989726,405.84264830010943,405.84264830010943,405.84264830010943,406.0264747000765,None,,,,,,,,,,,,,,,,,,,P9615,MIC_Bar,7,1,2026-05-07_16h23.18.347,MIC_task,,2026.1.2,59.935473466347815,2026-05-07 16h23.20.101524 +0200,
,,6,0,6,,,,,,,7,f08,sajt,cheese,4,food,dairy,7,10486,21,51,None,"(-0.1, 0)",None,,,,,,,,,,,0,0,0,0,0,26,26,26,6,0,6,0,406.04295459995046,,,,,,,,,,,,,,,,,,,,,,,,,,,,,,,,,,,,,,,,,,,,,,,,,,,,,,,,,,,,,,,,,,,,,,,,,,,,,,,,,,,,,,,,,,,,,,,,,,,,,,406.02993649989367,406.04295459995046,406.04295459995046,406.04295459995046,406.2267942999024,None,,,,,,,,,,,,,,,,,,,P9615,MIC_Bar,7,1,2026-05-07_16h23.18.347,MIC_task,,2026.1.2,59.935473466347815,2026-05-07 16h23.20.101524 +0200,
,,7,0,7,,,,,,,7,f08,sajt,cheese,4,food,dairy,7,10486,21,51,None,"(-0.1, 0)",None,,,,,,,,,,,0,0,0,0,0,26,26,26,7,0,7,0,406.2433521999046,,,,,,,,,,,,,,,,,,,,,,,,,,,,,,,,,,,,,,,,,,,,,,,,,,,,,,,,,,,,,,,,,,,,,,,,,,,,,,,,,,,,,,,,,,,,,,,,,,,,,,406.230188800022,406.2433521999046,406.2433521999046,406.2433521999046,406.42879320005886,None,,,,,,,,,,,,,,,,,,,P9615,MIC_Bar,7,1,2026-05-07_16h23.18.347,MIC_task,,2026.1.2,59.935473466347815,2026-05-07 16h23.20.101524 +0200,
,,8,0,8,,,,,,,7,f08,sajt,cheese,4,food,dairy,7,10486,21,51,None,"(-0.1, 0)",None,,,,,,,,,,,0,0,0,0,0,26,26,26,8,0,8,0,406.4437132999301,,,,,,,,,,,,,,,,,,,,,,,,,,,,,,,,,,,,,,,,,,,,,,,,,,,,,,,,,,,,,,,,,,,,,,,,,,,,,,,,,,,,,,,,,,,,,,,,,,,,,,406.43216029996984,406.4437132999301,406.4437132999301,406.4437132999301,406.62771830009297,None,,,,,,,,,,,,,,,,,,,P9615,MIC_Bar,7,1,2026-05-07_16h23.18.347,MIC_task,,2026.1.2,59.935473466347815,2026-05-07 16h23.20.101524 +0200,
,,9,0,9,,,,,,,7,f08,sajt,cheese,4,food,dairy,7,10486,21,51,None,"(-0.1, 0)",None,,,,,,,,,,,0,0,0,0,0,26,26,26,9,0,9,0,406.6441242999863,,,,,,,,,,,,,,,,,,,,,,,,,,,,,,,,,,,,,,,,,,,,,,,,,,,,,,,,,,,,,,,,,,,,,,,,,,,,,,,,,,,,,,,,,,,,,,,,,,,,,,406.6310505999718,406.6441242999863,406.6441242999863,406.6441242999863,406.82790879998356,None,,,,,,,,,,,,,,,,,,,P9615,MIC_Bar,7,1,2026-05-07_16h23.18.347,MIC_task,,2026.1.2,59.935473466347815,2026-05-07 16h23.20.101524 +0200,
,,10,0,10,,,,,,,7,f08,sajt,cheese,4,food,dairy,7,10486,21,51,None,"(-0.1, 0)",None,,,,,,,,,,,0,0,0,0,0,26,26,26,10,0,10,0,406.84449990000576,,,,,,,,,,,,,,,,,,,,,,,,,,,,,,,,,,,,,,,,,,,,,,,,,,,,,,,,,,,,,,,,,,,,,,,,,,,,,,,,,,,,,,,,,,,,,,,,,,,,,,406.8315177001059,406.84449990000576,406.84449990000576,406.84449990000576,407.02836090000346,None,,,,,,,,,,,,,,,,,,,P9615,MIC_Bar,7,1,2026-05-07_16h23.18.347,MIC_task,,2026.1.2,59.935473466347815,2026-05-07 16h23.20.101524 +0200,
,,11,0,11,,,,,,,7,f08,sajt,cheese,4,food,dairy,7,10486,21,51,None,"(-0.1, 0)",None,,,,,,,,,,,0,0,0,0,0,26,26,26,11,0,11,0,407.0449163999874,,,,,,,,,,,,,,,,,,,,,,,,,,,,,,,,,,,,,,,,,,,,,,,,,,,,,,,,,,,,,,,,,,,,,,,,,,,,,,,,,,,,,,,,,,,,,,,,,,,,,,407.03145939996466,407.0449163999874,407.0449163999874,407.0449163999874,407.22866989998147,None,,,,,,,,,,,,,,,,,,,P9615,MIC_Bar,7,1,2026-05-07_16h23.18.347,MIC_task,,2026.1.2,59.935473466347815,2026-05-07 16h23.20.101524 +0200,
,,12,0,12,,,,,,,7,f08,sajt,cheese,4,food,dairy,7,10486,21,51,None,"(-0.1, 0)",None,,,,,,,,,,,0,0,0,0,0,26,26,26,12,0,12,0,407.2451847998891,,,,,,,,,,,,,,,,,,,,,,,,,,,,,,,,,,,,,,,,,,,,,,,,,,,,,,,,,,,,,,,,,,,,,,,,,,,,,,,,,,,,,,,,,,,,,,,,,,,,,,407.23204350005835,407.2451847998891,407.2451847998891,407.2451847998891,407.43037459999323,None,,,,,,,,,,,,,,,,,,,P9615,MIC_Bar,7,1,2026-05-07_16h23.18.347,MIC_task,,2026.1.2,59.935473466347815,2026-05-07 16h23.20.101524 +0200,
,,13,0,13,,,,,,,7,f08,sajt,cheese,4,food,dairy,7,10486,21,51,None,"(-0.1, 0)",None,,,,,,,,,,,0,0,0,0,0,26,26,26,13,0,13,0,407.44561779988,,,,,,,,,,,,,,,,,,,,,,,,,,,,,,,,,,,,,,,,,,,,,,,,,,,,,,,,,,,,,,,,,,,,,,,,,,,,,,,,,,,,,,,,,,,,,,,,,,,,,,407.4336353999097,407.44561779988,407.44561779988,407.44561779988,407.62931800005026,None,,,,,,,,,,,,,,,,,,,P9615,MIC_Bar,7,1,2026-05-07_16h23.18.347,MIC_task,,2026.1.2,59.935473466347815,2026-05-07 16h23.20.101524 +0200,
,,14,0,14,,,,,,,7,f08,sajt,cheese,4,food,dairy,7,10486,21,51,None,"(-0.1, 0)",None,,,,,,,,,,,0,0,0,0,0,26,26,26,14,0,14,0,407.6452003000304,,,,,,,,,,,,,,,,,,,,,,,,,,,,,,,,,,,,,,,,,,,,,,,,,,,,,,,,,,,,,,,,,,,,,,,,,,,,,,,,,,,,,,,,,,,,,,,,,,,,,,407.63271720008925,407.6452003000304,407.6452003000304,407.6452003000304,407.83136669988744,None,,,,,,,,,,,,,,,,,,,P9615,MIC_Bar,7,1,2026-05-07_16h23.18.347,MIC_task,,2026.1.2,59.935473466347815,2026-05-07 16h23.20.101524 +0200,
,,15,0,15,,,,,,,7,f08,sajt,cheese,4,food,dairy,7,10486,21,51,None,"(-0.1, 0)",None,,,,,,,,,,,0,0,0,0,0,26,26,26,15,0,15,0,407.8455852998886,,,,,,,,,,,,,,,,,,,,,,,,,,,,,,,,,,,,,,,,,,,,,,,,,,,,,,,,,,,,,,,,,,,,,,,,,,,,,,,,,,,,,,,,,,,,,,,,,,,,,,407.8345814999193,407.8455852998886,407.8455852998886,407.8455852998886,408.03088609990664,None,,,,,,,,,,,,,,,,,,,P9615,MIC_Bar,7,1,2026-05-07_16h23.18.347,MIC_task,,2026.1.2,59.935473466347815,2026-05-07 16h23.20.101524 +0200,
,,16,0,16,,,,,,,7,f08,sajt,cheese,4,food,dairy,7,10486,21,51,None,"(-0.1, 0)",None,,,,,,,,,,,0,0,0,0,0,26,26,26,16,0,16,0,408.0459747998975,,,,,,,,,,,,,,,,,,,,,,,,,,,,,,,,,,,,,,,,,,,,,,,,,,,,,,,,,,,,,,,,,,,,,,,,,,,,,,,,,,,,,,,,,,,,,,,,,,,,,,408.0342059000395,408.0459747998975,408.0459747998975,408.0459747998975,408.231161700096,None,,,,,,,,,,,,,,,,,,,P9615,MIC_Bar,7,1,2026-05-07_16h23.18.347,MIC_task,,2026.1.2,59.935473466347815,2026-05-07 16h23.20.101524 +0200,
,,17,0,17,,,,,,,7,f08,sajt,cheese,4,food,dairy,7,10486,21,51,None,"(-0.1, 0)",None,,,,,,,,,,,0,0,0,0,0,26,26,26,17,0,17,0,408.24636189988814,,,,,,,,,,,,,,,,,,,,,,,,,,,,,,,,,,,,,,,,,,,,,,,,,,,,,,,,,,,,,,,,,,,,,,,,,,,,,,,,,,,,,,,,,,,,,,,,,,,,,,408.23425920004956,408.24636189988814,408.24636189988814,408.24636189988814,408.4301320000086,None,,,,,,,,,,,,,,,,,,,P9615,MIC_Bar,7,1,2026-05-07_16h23.18.347,MIC_task,,2026.1.2,59.935473466347815,2026-05-07 16h23.20.101524 +0200,
,,18,0,18,,,,,,,7,f08,sajt,cheese,4,food,dairy,7,10486,21,51,None,"(-0.1, 0)",None,,,,,,,,,,,0,0,0,0,0,26,26,26,18,0,18,0,408.44668589998037,,,,,,,,,,,,,,,,,,,,,,,,,,,,,,,,,,,,,,,,,,,,,,,,,,,,,,,,,,,,,,,,,,,,,,,,,,,,,,,,,,,,,,,,,,,,,,,,,,,,,,408.43339699995704,408.44668589998037,408.44668589998037,408.44668589998037,408.63047820003703,None,,,,,,,,,,,,,,,,,,,P9615,MIC_Bar,7,1,2026-05-07_16h23.18.347,MIC_task,,2026.1.2,59.935473466347815,2026-05-07 16h23.20.101524 +0200,
,,19,0,19,,,,,,,7,f08,sajt,cheese,4,food,dairy,7,10486,21,51,None,"(-0.1, 0)",None,,,,,,,,,,,0,0,0,0,0,26,26,26,19,0,19,0,408.6471037999727,,,,,,,,,,,,,,,,,,,,,,,,,,,,,,,,,,,,,,,,,,,,,,,,,,,,,,,,,,,,,,,,,,,,,,,,,,,,,,,,,,,,,,,,,,,,,,,,,,,,,,408.63377050007693,408.6471037999727,408.6471037999727,408.6471037999727,408.8310642000288,None,,,,,,,,,,,,,,,,,,,P9615,MIC_Bar,7,1,2026-05-07_16h23.18.347,MIC_task,,2026.1.2,59.935473466347815,2026-05-07 16h23.20.101524 +0200,
,,20,0,20,,,,,,,7,f08,sajt,cheese,4,food,dairy,7,10486,21,51,None,"(-0.1, 0)",None,,,,,,,,,,,0,0,0,0,0,26,26,26,20,0,20,0,408.8474449000787,,,,,,,,,,,,,,,,,,,,,,,,,,,,,,,,,,,,,,,,,,,,,,,,,,,,,,,,,,,,,,,,,,,,,,,,,,,,,,,,,,,,,,,,,,,,,,,,,,,,,,408.83416999992914,408.8474449000787,408.8474449000787,408.8474449000787,409.03255999996327,None,,,,,,,,,,,,,,,,,,,P9615,MIC_Bar,7,1,2026-05-07_16h23.18.347,MIC_task,,2026.1.2,59.935473466347815,2026-05-07 16h23.20.101524 +0200,
,,21,0,21,,,,,,,7,f08,sajt,cheese,4,food,dairy,7,10486,21,51,None,"(-0.1, 0)",None,,,,,,,,,,,0,0,0,0,0,26,26,26,21,0,21,0,409.04774959990755,,,,,,,,,,,,,,,,,,,,,,,,,,,,,,,,,,,,,,,,,,,,,,,,,,,,,,,,,,,,,,,,,,,,,,,,,,,,,,,,,,,,,,,,,,,,,,,,,,,,,,409.0356199000962,409.04774959990755,409.04774959990755,409.04774959990755,409.23324709990993,None,,,,,,,,,,,,,,,,,,,P9615,MIC_Bar,7,1,2026-05-07_16h23.18.347,MIC_task,,2026.1.2,59.935473466347815,2026-05-07 16h23.20.101524 +0200,
,,22,0,22,,,,,,,7,f08,sajt,cheese,4,food,dairy,7,10486,21,51,None,"(-0.1, 0)",None,,,,,,,,,,,0,0,0,0,0,26,26,26,22,0,22,0,409.2481132000685,,,,,,,,,,,,,,,,,,,,,,,,,,,,,,,,,,,,,,,,,,,,,,,,,,,,,,,,,,,,,,,,,,,,,,,,,,,,,,,,,,,,,,,,,,,,,,,,,,,,,,409.23636649991386,409.2481132000685,409.2481132000685,409.2481132000685,409.4319893999491,None,,,,,,,,,,,,,,,,,,,P9615,MIC_Bar,7,1,2026-05-07_16h23.18.347,MIC_task,,2026.1.2,59.935473466347815,2026-05-07 16h23.20.101524 +0200,
,,23,0,23,,,,,,,7,f08,sajt,cheese,4,food,dairy,7,10486,21,51,None,"(-0.1, 0)",None,,,,,,,,,,,0,0,0,0,0,26,26,26,23,0,23,0,409.44849699991755,,,,,,,,,,,,,,,,,,,,,,,,,,,,,,,,,,,,,,,,,,,,,,,,,,,,,,,,,,,,,,,,,,,,,,,,,,,,,,,,,,,,,,,,,,,,,,,,,,,,,,409.4352953999769,409.44849699991755,409.44849699991755,409.44849699991755,409.6323849000037,None,,,,,,,,,,,,,,,,,,,P9615,MIC_Bar,7,1,2026-05-07_16h23.18.347,MIC_task,,2026.1.2,59.935473466347815,2026-05-07 16h23.20.101524 +0200,
,,24,0,24,,,,,,,7,f08,sajt,cheese,4,food,dairy,7,10486,21,51,None,"(-0.1, 0)",None,,,,,,,,,,,0,0,0,0,0,26,26,26,24,0,24,0,409.64818100002594,,,,,,,,,,,,,,,,,,,,,,,,,,,,,,,,,,,,,,,,,,,,,,,,,,,,,,,,,,,,,,,,,,,,,,,,,,,,,,,,,,,,,,,,,,,,,,,,,,,,,,409.6356118998956,409.64818100002594,409.64818100002594,409.64818100002594,409.83342720009387,None,,,,,,,,,,,,,,,,,,,P9615,MIC_Bar,7,1,2026-05-07_16h23.18.347,MIC_task,,2026.1.2,59.935473466347815,2026-05-07 16h23.20.101524 +0200,
,,25,0,25,,,,,,,7,f08,sajt,cheese,4,food,dairy,7,10486,21,51,None,"(-0.1, 0)",None,,,,,,,,,,,0,0,0,0,0,26,26,26,25,0,25,0,409.8484843999613,,,,,,,,,,,,,,,,,,,,,,,,,,,,,,,,,,,,,,,,,,,,,,,,,,,,,,,,,,,,,,,,,,,,,,,,,,,,,,,,,,,,,,,,,,,,,,,,,,,,,,409.836756600067,409.8484843999613,409.8484843999613,409.8484843999613,410.03304650005884,None,,,,,,,,,,,,,,,,,,,P9615,MIC_Bar,7,1,2026-05-07_16h23.18.347,MIC_task,,2026.1.2,59.935473466347815,2026-05-07 16h23.20.101524 +0200,
,,26,0,26,,,,,,,7,f08,sajt,cheese,4,food,dairy,7,10486,21,51,None,"(-0.1, 0)",None,,,,,,,,,,,0,0,0,0,0,26,26,26,26,0,26,0,410.04889500001445,,,,,,,,,,,,,,,,,,,,,,,,,,,,,,,,,,,,,,,,,,,,,,,,,,,,,,,,,,,,,,,,,,,,,,,,,,,,,,,,,,,,,,,,,,,,,,,,,,,,,,410.03627789998427,410.04889500001445,410.04889500001445,410.04889500001445,410.23434210009873,None,,,,,,,,,,,,,,,,,,,P9615,MIC_Bar,7,1,2026-05-07_16h23.18.347,MIC_task,,2026.1.2,59.935473466347815,2026-05-07 16h23.20.101524 +0200,
,,27,0,27,,,,,,,7,f08,sajt,cheese,4,food,dairy,7,10486,21,51,None,"(-0.1, 0)",space,0.003736899932846427,None,,,,,,,,,0,0,0,0,0,26,26,26,27,0,27,0,410.24932980001904,,,,,,,,,,,,,,,,,,,,,,,,,,,,,,,,,,,,,,,,,,,,,,,,,,,,,,,,,,,,,,,,,,,,,,,,,,,,,,,,,,,,,,,,,,,,,,,,,,,,,,410.23760020011105,410.24932980001904,410.24932980001904,410.24932980001904,410.2687852999661,space,0.003736899932846427,None,,,,,,,,,,,,,,,,,P9615,MIC_Bar,7,1,2026-05-07_16h23.18.347,MIC_task,,2026.1.2,59.935473466347815,2026-05-07 16h23.20.101524 +0200,
,,26,26,0,,,,space,0.08494170010089874,None,7,f08,sajt,cheese,4,food,dairy,7,10486,21,51,None,"(-0.1, 0)",,,,,,,,,,,,0,0,0,0,0,26,26,26,,,,,,,,,,,,,,,,,,,,,,,,,,,,,,,,,,,,,,,,,,,,,,,,,,,,,,,,,,,,,,,,,,,,,,,,,,,,,,,,,,,,,,,,,,410.3261251000222,410.33126350003295,410.3343507666296,412.2706617000513,,,,,,414.2729944998864,414.28876050002873,414.28876050002873,414.37525580008514,,,,,,,,,,,,,412.2998406998813,412.30636080005206,412.30383593322085,414.18909589992836,414.2729323999956,space,0.08494170010089874,None,,,,,,,,,P9615,MIC_Bar,7,1,2026-05-07_16h23.18.347,MIC_task,,2026.1.2,59.935473466347815,2026-05-07 16h23.20.101524 +0200,
,,0,0,0,,,,,,,7,b01,orr,nose,2,bodypart,face,7,73,19,35,None,"(-0.1, 0.1)",None,,,,,,,,,,,0,0,0,0,0,27,27,27,0,0,0,0,414.3938118000515,,,,,,,,,,,,,,,,,,,,,,,,,,,,,,,,,,,,,,,,,,,,,,,,,,,,,,,,,,,,,,,,,,,,,,,,,,,,,,,,,,,,,,,,,,,,,,,,,,,,,,414.3896504000295,414.3938118000515,414.3938118000515,414.3938118000515,414.5897870999761,None,,,,,,,,,,,,,,,,,,,P9615,MIC_Bar,7,1,2026-05-07_16h23.18.347,MIC_task,,2026.1.2,59.935473466347815,2026-05-07 16h23.20.101524 +0200,
,,0,0,0,,,,,,,7,b01,orr,nose,2,bodypart,face,7,73,19,35,None,"(-0.1, 0.1)",None,,,,,,,,,,,0,0,0,0,0,27,27,27,0,0,0,0,414.60634880000725,,,,,,,,,,,,,,,,,,,,,,,,,,,,,,,,,,,,,,,,,,,,,,,,,,,,,,,,,,,,,,,,,,,,,,,,,,,,,,,,,,,,,,,,,,,,,,,,,,,,,,414.5927824000828,414.60634880000725,414.60634880000725,414.60634880000725,414.7902333000675,None,,,,,,,,,,,,,,,,,,,P9615,MIC_Bar,7,1,2026-05-07_16h23.18.347,MIC_task,,2026.1.2,59.935473466347815,2026-05-07 16h23.20.101524 +0200,
,,1,0,1,,,,,,,7,b01,orr,nose,2,bodypart,face,7,73,19,35,None,"(-0.1, 0.1)",None,,,,,,,,,,,0,0,0,0,0,27,27,27,1,0,1,0,414.8067471999675,,,,,,,,,,,,,,,,,,,,,,,,,,,,,,,,,,,,,,,,,,,,,,,,,,,,,,,,,,,,,,,,,,,,,,,,,,,,,,,,,,,,,,,,,,,,,,,,,,,,,,414.7933684999589,414.8067471999675,414.8067471999675,414.8067471999675,414.9912922999356,None,,,,,,,,,,,,,,,,,,,P9615,MIC_Bar,7,1,2026-05-07_16h23.18.347,MIC_task,,2026.1.2,59.935473466347815,2026-05-07 16h23.20.101524 +0200,
,,2,0,2,,,,,,,7,b01,orr,nose,2,bodypart,face,7,73,19,35,None,"(-0.1, 0.1)",None,,,,,,,,,,,0,0,0,0,0,27,27,27,2,0,2,0,415.0064207999967,,,,,,,,,,,,,,,,,,,,,,,,,,,,,,,,,,,,,,,,,,,,,,,,,,,,,,,,,,,,,,,,,,,,,,,,,,,,,,,,,,,,,,,,,,,,,,,,,,,,,,414.99468880007043,415.0064207999967,415.0064207999967,415.0064207999967,415.1927354999352,None,,,,,,,,,,,,,,,,,,,P9615,MIC_Bar,7,1,2026-05-07_16h23.18.347,MIC_task,,2026.1.2,59.935473466347815,2026-05-07 16h23.20.101524 +0200,
,,3,0,3,,,,,,,7,b01,orr,nose,2,bodypart,face,7,73,19,35,None,"(-0.1, 0.1)",None,,,,,,,,,,,0,0,0,0,0,27,27,27,3,0,3,0,415.20678479992785,,,,,,,,,,,,,,,,,,,,,,,,,,,,,,,,,,,,,,,,,,,,,,,,,,,,,,,,,,,,,,,,,,,,,,,,,,,,,,,,,,,,,,,,,,,,,,,,,,,,,,415.19565459992737,415.20678479992785,415.20678479992785,415.20678479992785,415.3920936000068,None,,,,,,,,,,,,,,,,,,,P9615,MIC_Bar,7,1,2026-05-07_16h23.18.347,MIC_task,,2026.1.2,59.935473466347815,2026-05-07 16h23.20.101524 +0200,
,,4,0,4,,,,,,,7,b01,orr,nose,2,bodypart,face,7,73,19,35,None,"(-0.1, 0.1)",None,,,,,,,,,,,0,0,0,0,0,27,27,27,4,0,4,0,415.40719659999013,,,,,,,,,,,,,,,,,,,,,,,,,,,,,,,,,,,,,,,,,,,,,,,,,,,,,,,,,,,,,,,,,,,,,,,,,,,,,,,,,,,,,,,,,,,,,,,,,,,,,,415.39525200007483,415.40719659999013,415.40719659999013,415.40719659999013,415.5912079999689,None,,,,,,,,,,,,,,,,,,,P9615,MIC_Bar,7,1,2026-05-07_16h23.18.347,MIC_task,,2026.1.2,59.935473466347815,2026-05-07 16h23.20.101524 +0200,
,,5,0,5,,,,,,,7,b01,orr,nose,2,bodypart,face,7,73,19,35,None,"(-0.1, 0.1)",None,,,,,,,,,,,0,0,0,0,0,27,27,27,5,0,5,0,415.60754880006425,,,,,,,,,,,,,,,,,,,,,,,,,,,,,,,,,,,,,,,,,,,,,,,,,,,,,,,,,,,,,,,,,,,,,,,,,,,,,,,,,,,,,,,,,,,,,,,,,,,,,,415.59412500006147,415.60754880006425,415.60754880006425,415.60754880006425,415.7763418999966,None,,,,,,,,,,,,,,,,,,,P9615,MIC_Bar,7,1,2026-05-07_16h23.18.347,MIC_task,,2026.1.2,59.935473466347815,2026-05-07 16h23.20.101524 +0200,
,,6,0,6,,,,,,,7,b01,orr,nose,2,bodypart,face,7,73,19,35,None,"(-0.1, 0.1)",None,,,,,,,,,,,0,0,0,0,0,27,27,27,6,0,6,0,415.791207900038,,,,,,,,,,,,,,,,,,,,,,,,,,,,,,,,,,,,,,,,,,,,,,,,,,,,,,,,,,,,,,,,,,,,,,,,,,,,,,,,,,,,,,,,,,,,,,,,,,,,,,415.7796954999212,415.791207900038,415.791207900038,415.791207900038,415.97541019995697,None,,,,,,,,,,,415.9915497000329,415.9915497000329,415.9915497000329,,,,,,P9615,MIC_Bar,7,1,2026-05-07_16h23.18.347,MIC_task,,2026.1.2,59.935473466347815,2026-05-07 16h23.20.101524 +0200,
,,7,0,7,,,,,,,7,b01,orr,nose,2,bodypart,face,7,73,19,35,None,"(-0.1, 0.1)",None,,,,,,,,,,,0,0,0,0,0,27,27,27,7,0,7,0,415.9915497000329,,,,,,,,,,,,,,,,,,,,,,,,,,,,,,,,,,,,,,,,,,,,,,,,,,,,,,,,,,,,,,,,,,,,,,,,,,,,,,,,,,,,,,,,,,,,,,,,,,,,,,415.9783113000449,415.9915497000329,415.9915497000329,415.9915497000329,416.17584430007264,None,,,,,,,,,,,416.19192630006,416.19192630006,416.19192630006,,,,,,P9615,MIC_Bar,7,1,2026-05-07_16h23.18.347,MIC_task,,2026.1.2,59.935473466347815,2026-05-07 16h23.20.101524 +0200,
,,8,0,8,,,,,,,7,b01,orr,nose,2,bodypart,face,7,73,19,35,None,"(-0.1, 0.1)",None,,,,,,,,,,,0,0,0,0,0,27,27,27,8,0,8,0,416.19192630006,,,,,,,,,,,,,,,,,,,,,,,,,,,,,,,,,,,,,,,,,,,,,,,,,,,,,,,,,,,,,,,,,,,,,,,,,,,,,,,,,,,,,,,,,,,,,,,,,,,,,,416.17870400007814,416.19192630006,416.19192630006,416.19192630006,416.37733149994165,None,,,,,,,,,,,,,,,,,,,P9615,MIC_Bar,7,1,2026-05-07_16h23.18.347,MIC_task,,2026.1.2,59.935473466347815,2026-05-07 16h23.20.101524 +0200,
,,9,0,9,,,,,,,7,b01,orr,nose,2,bodypart,face,7,73,19,35,None,"(-0.1, 0.1)",None,,,,,,,,,,,0,0,0,0,0,27,27,27,9,0,9,0,416.3922148998827,,,,,,,,,,,,,,,,,,,,,,,,,,,,,,,,,,,,,,,,,,,,,,,,,,,,,,,,,,,,,,,,,,,,,,,,,,,,,,,,,,,,,,,,,,,,,,,,,,,,,,416.3807262999471,416.3922148998827,416.3922148998827,416.3922148998827,416.5777871001046,None,,,,,,,,,,,,,,,,,,,P9615,MIC_Bar,7,1,2026-05-07_16h23.18.347,MIC_task,,2026.1.2,59.935473466347815,2026-05-07 16h23.20.101524 +0200,
,,10,0,10,,,,,,,7,b01,orr,nose,2,bodypart,face,7,73,19,35,None,"(-0.1, 0.1)",None,,,,,,,,,,,0,0,0,0,0,27,27,27,10,0,10,0,416.5926129000727,,,,,,,,,,,,,,,,,,,,,,,,,,,,,,,,,,,,,,,,,,,,,,,,,,,,,,,,,,,,,,,,,,,,,,,,,,,,,,,,,,,,,,,,,,,,,,,,,,,,,,416.58100269990973,416.5926129000727,416.5926129000727,416.5926129000727,416.7778662000783,None,,,,,,,,,,,,,,,,,,,P9615,MIC_Bar,7,1,2026-05-07_16h23.18.347,MIC_task,,2026.1.2,59.935473466347815,2026-05-07 16h23.20.101524 +0200,
,,11,0,11,,,,,,,7,b01,orr,nose,2,bodypart,face,7,73,19,35,None,"(-0.1, 0.1)",None,,,,,,,,,,,0,0,0,0,0,27,27,27,11,0,11,0,416.7929352000356,,,,,,,,,,,,,,,,,,,,,,,,,,,,,,,,,,,,,,,,,,,,,,,,,,,,,,,,,,,,,,,,,,,,,,,,,,,,,,,,,,,,,,,,,,,,,,,,,,,,,,416.78136259992607,416.7929352000356,416.7929352000356,416.7929352000356,416.97690750006586,None,,,,,,,,,,,,,,,,,,,P9615,MIC_Bar,7,1,2026-05-07_16h23.18.347,MIC_task,,2026.1.2,59.935473466347815,2026-05-07 16h23.20.101524 +0200,
,,12,0,12,,,,,,,7,b01,orr,nose,2,bodypart,face,7,73,19,35,None,"(-0.1, 0.1)",None,,,,,,,,,,,0,0,0,0,0,27,27,27,12,0,12,0,416.9925687001087,,,,,,,,,,,,,,,,,,,,,,,,,,,,,,,,,,,,,,,,,,,,,,,,,,,,,,,,,,,,,,,,,,,,,,,,,,,,,,,,,,,,,,,,,,,,,,,,,,,,,,416.9803885000292,416.9925687001087,416.9925687001087,416.9925687001087,417.17719629989006,None,,,,,,,,,,,,,,,,,,,P9615,MIC_Bar,7,1,2026-05-07_16h23.18.347,MIC_task,,2026.1.2,59.935473466347815,2026-05-07 16h23.20.101524 +0200,
,,13,0,13,,,,,,,7,b01,orr,nose,2,bodypart,face,7,73,19,35,None,"(-0.1, 0.1)",None,,,,,,,,,,,0,0,0,0,0,27,27,27,13,0,13,0,417.19373769988306,,,,,,,,,,,,,,,,,,,,,,,,,,,,,,,,,,,,,,,,,,,,,,,,,,,,,,,,,,,,,,,,,,,,,,,,,,,,,,,,,,,,,,,,,,,,,,,,,,,,,,417.18061879999004,417.19373769988306,417.19373769988306,417.19373769988306,417.37758020008914,None,,,,,,,,,,,,,,,,,,,P9615,MIC_Bar,7,1,2026-05-07_16h23.18.347,MIC_task,,2026.1.2,59.935473466347815,2026-05-07 16h23.20.101524 +0200,
,,14,0,14,,,,,,,7,b01,orr,nose,2,bodypart,face,7,73,19,35,None,"(-0.1, 0.1)",None,,,,,,,,,,,0,0,0,0,0,27,27,27,14,0,14,0,417.39337019994855,,,,,,,,,,,,,,,,,,,,,,,,,,,,,,,,,,,,,,,,,,,,,,,,,,,,,,,,,,,,,,,,,,,,,,,,,,,,,,,,,,,,,,,,,,,,,,,,,,,,,,417.3806183000561,417.39337019994855,417.39337019994855,417.39337019994855,417.5771794000175,None,,,,,,,,,,,,,,,,,,,P9615,MIC_Bar,7,1,2026-05-07_16h23.18.347,MIC_task,,2026.1.2,59.935473466347815,2026-05-07 16h23.20.101524 +0200,
,,15,0,15,,,,,,,7,b01,orr,nose,2,bodypart,face,7,73,19,35,None,"(-0.1, 0.1)",None,,,,,,,,,,,0,0,0,0,0,27,27,27,15,0,15,0,417.59371859999374,,,,,,,,,,,,,,,,,,,,,,,,,,,,,,,,,,,,,,,,,,,,,,,,,,,,,,,,,,,,,,,,,,,,,,,,,,,,,,,,,,,,,,,,,,,,,,,,,,,,,,417.5802859000396,417.59371859999374,417.59371859999374,417.59371859999374,417.7790361000225,None,,,,,,,,,,,,,,,,,,,P9615,MIC_Bar,7,1,2026-05-07_16h23.18.347,MIC_task,,2026.1.2,59.935473466347815,2026-05-07 16h23.20.101524 +0200,
,,16,0,16,,,,,,,7,b01,orr,nose,2,bodypart,face,7,73,19,35,None,"(-0.1, 0.1)",None,,,,,,,,,,,0,0,0,0,0,27,27,27,16,0,16,0,417.79408419993706,,,,,,,,,,,,,,,,,,,,,,,,,,,,,,,,,,,,,,,,,,,,,,,,,,,,,,,,,,,,,,,,,,,,,,,,,,,,,,,,,,,,,,,,,,,,,,,,,,,,,,417.7827153999824,417.79408419993706,417.79408419993706,417.79408419993706,417.97796160005964,None,,,,,,,,,,,,,,,,,,,P9615,MIC_Bar,7,1,2026-05-07_16h23.18.347,MIC_task,,2026.1.2,59.935473466347815,2026-05-07 16h23.20.101524 +0200,
,,17,0,17,,,,,,,7,b01,orr,nose,2,bodypart,face,7,73,19,35,None,"(-0.1, 0.1)",None,,,,,,,,,,,0,0,0,0,0,27,27,27,17,0,17,0,417.99447900010273,,,,,,,,,,,,,,,,,,,,,,,,,,,,,,,,,,,,,,,,,,,,,,,,,,,,,,,,,,,,,,,,,,,,,,,,,,,,,,,,,,,,,,,,,,,,,,,,,,,,,,417.98147220001556,417.99447900010273,417.99447900010273,417.99447900010273,418.17984019988216,None,,,,,,,,,,,,,,,,,,,P9615,MIC_Bar,7,1,2026-05-07_16h23.18.347,MIC_task,,2026.1.2,59.935473466347815,2026-05-07 16h23.20.101524 +0200,
,,18,0,18,,,,,,,7,b01,orr,nose,2,bodypart,face,7,73,19,35,None,"(-0.1, 0.1)",None,,,,,,,,,,,0,0,0,0,0,27,27,27,18,0,18,0,418.19486430007964,,,,,,,,,,,,,,,,,,,,,,,,,,,,,,,,,,,,,,,,,,,,,,,,,,,,,,,,,,,,,,,,,,,,,,,,,,,,,,,,,,,,,,,,,,,,,,,,,,,,,,418.18264589994214,418.19486430007964,418.19486430007964,418.19486430007964,418.38021140010096,None,,,,,,,,,,,,,,,,,,,P9615,MIC_Bar,7,1,2026-05-07_16h23.18.347,MIC_task,,2026.1.2,59.935473466347815,2026-05-07 16h23.20.101524 +0200,
,,19,0,19,,,,,,,7,b01,orr,nose,2,bodypart,face,7,73,19,35,None,"(-0.1, 0.1)",None,,,,,,,,,,,0,0,0,0,0,27,27,27,19,0,19,0,418.3952190000564,,,,,,,,,,,,,,,,,,,,,,,,,,,,,,,,,,,,,,,,,,,,,,,,,,,,,,,,,,,,,,,,,,,,,,,,,,,,,,,,,,,,,,,,,,,,,,,,,,,,,,418.3831277999561,418.3952190000564,418.3952190000564,418.3952190000564,418.5790309999138,None,,,,,,,,,,,,,,,,,,,P9615,MIC_Bar,7,1,2026-05-07_16h23.18.347,MIC_task,,2026.1.2,59.935473466347815,2026-05-07 16h23.20.101524 +0200,
,,20,0,20,,,,,,,7,b01,orr,nose,2,bodypart,face,7,73,19,35,None,"(-0.1, 0.1)",None,,,,,,,,,,,0,0,0,0,0,27,27,27,20,0,20,0,418.59557539992966,,,,,,,,,,,,,,,,,,,,,,,,,,,,,,,,,,,,,,,,,,,,,,,,,,,,,,,,,,,,,,,,,,,,,,,,,,,,,,,,,,,,,,,,,,,,,,,,,,,,,,418.58214799989946,418.59557539992966,418.59557539992966,418.59557539992966,418.77943930006586,None,,,,,,,,,,,,,,,,,,,P9615,MIC_Bar,7,1,2026-05-07_16h23.18.347,MIC_task,,2026.1.2,59.935473466347815,2026-05-07 16h23.20.101524 +0200,
,,21,0,21,,,,,,,7,b01,orr,nose,2,bodypart,face,7,73,19,35,None,"(-0.1, 0.1)",None,,,,,,,,,,,0,0,0,0,0,27,27,27,21,0,21,0,418.7960457999725,,,,,,,,,,,,,,,,,,,,,,,,,,,,,,,,,,,,,,,,,,,,,,,,,,,,,,,,,,,,,,,,,,,,,,,,,,,,,,,,,,,,,,,,,,,,,,,,,,,,,,418.7825629999861,418.7960457999725,418.7960457999725,418.7960457999725,418.97981250006706,None,,,,,,,,,,,,,,,,,,,P9615,MIC_Bar,7,1,2026-05-07_16h23.18.347,MIC_task,,2026.1.2,59.935473466347815,2026-05-07 16h23.20.101524 +0200,
,,22,0,22,,,,,,,7,b01,orr,nose,2,bodypart,face,7,73,19,35,None,"(-0.1, 0.1)",None,,,,,,,,,,,0,0,0,0,0,27,27,27,22,0,22,0,418.9962720000185,,,,,,,,,,,,,,,,,,,,,,,,,,,,,,,,,,,,,,,,,,,,,,,,,,,,,,,,,,,,,,,,,,,,,,,,,,,,,,,,,,,,,,,,,,,,,,,,,,,,,,418.9828244999517,418.9962720000185,418.9962720000185,418.9962720000185,419.18042259989306,None,,,,,,,,,,,,,,,,,,,P9615,MIC_Bar,7,1,2026-05-07_16h23.18.347,MIC_task,,2026.1.2,59.935473466347815,2026-05-07 16h23.20.101524 +0200,
,,23,0,23,,,,,,,7,b01,orr,nose,2,bodypart,face,7,73,19,35,None,"(-0.1, 0.1)",None,,,,,,,,,,,0,0,0,0,0,27,27,27,23,0,23,0,419.19668799987994,,,,,,,,,,,,,,,,,,,,,,,,,,,,,,,,,,,,,,,,,,,,,,,,,,,,,,,,,,,,,,,,,,,,,,,,,,,,,,,,,,,,,,,,,,,,,,,,,,,,,,419.18332480010577,419.19668799987994,419.19668799987994,419.19668799987994,419.38208379992284,None,,,,,,,,,,,,,,,,,,,P9615,MIC_Bar,7,1,2026-05-07_16h23.18.347,MIC_task,,2026.1.2,59.935473466347815,2026-05-07 16h23.20.101524 +0200,
,,24,0,24,,,,,,,7,b01,orr,nose,2,bodypart,face,7,73,19,35,None,"(-0.1, 0.1)",None,,,,,,,,,,,0,0,0,0,0,27,27,27,24,0,24,0,419.39718510000966,,,,,,,,,,,,,,,,,,,,,,,,,,,,,,,,,,,,,,,,,,,,,,,,,,,,,,,,,,,,,,,,,,,,,,,,,,,,,,,,,,,,,,,,,,,,,,,,,,,,,,419.38504719990306,419.39718510000966,419.39718510000966,419.39718510000966,419.58250089990906,None,,,,,,,,,,,,,,,,,,,P9615,MIC_Bar,7,1,2026-05-07_16h23.18.347,MIC_task,,2026.1.2,59.935473466347815,2026-05-07 16h23.20.101524 +0200,
,,25,0,25,,,,,,,7,b01,orr,nose,2,bodypart,face,7,73,19,35,None,"(-0.1, 0.1)",None,,,,,,,,,,,0,0,0,0,0,27,27,27,25,0,25,0,419.59742629993707,,,,,,,,,,,,,,,,,,,,,,,,,,,,,,,,,,,,,,,,,,,,,,,,,,,,,,,,,,,,,,,,,,,,,,,,,,,,,,,,,,,,,,,,,,,,,,,,,,,,,,419.58552319998853,419.59742629993707,419.59742629993707,419.59742629993707,419.7817150000483,None,,,,,,,,,,,,,,,,,,,P9615,MIC_Bar,7,1,2026-05-07_16h23.18.347,MIC_task,,2026.1.2,59.935473466347815,2026-05-07 16h23.20.101524 +0200,
,,26,0,26,,,,,,,7,b01,orr,nose,2,bodypart,face,7,73,19,35,None,"(-0.1, 0.1)",None,,,,,,,,,,,0,0,0,0,0,27,27,27,26,0,26,0,419.79715189989656,,,,,,,,,,,,,,,,,,,,,,,,,,,,,,,,,,,,,,,,,,,,,,,,,,,,,,,,,,,,,,,,,,,,,,,,,,,,,,,,,,,,,,,,,,,,,,,,,,,,,,419.7847531000152,419.79715189989656,419.79715189989656,419.79715189989656,419.9822541999165,None,,,,,,,,,,,,,,,,,,,P9615,MIC_Bar,7,1,2026-05-07_16h23.18.347,MIC_task,,2026.1.2,59.935473466347815,2026-05-07 16h23.20.101524 +0200,
,,27,0,27,,,,,,,7,b01,orr,nose,2,bodypart,face,7,73,19,35,None,"(-0.1, 0.1)",None,,,,,,,,,,,0,0,0,0,0,27,27,27,27,0,27,0,419.99822920002043,,,,,,,,,,,,,,,,,,,,,,,,,,,,,,,,,,,,,,,,,,,,,,,,,,,,,,,,,,,,,,,,,,,,,,,,,,,,,,,,,,,,,,,,,,,,,,,,,,,,,,419.9851041000802,419.99822920002043,419.99822920002043,419.99822920002043,420.18171779997647,None,,,,,,,,,,,,,,,,,,,P9615,MIC_Bar,7,1,2026-05-07_16h23.18.347,MIC_task,,2026.1.2,59.935473466347815,2026-05-07 16h23.20.101524 +0200,
,,28,0,28,,,,,,,7,b01,orr,nose,2,bodypart,face,7,73,19,35,None,"(-0.1, 0.1)",None,,,,,,,,,,,0,0,0,0,0,27,27,27,28,0,28,0,420.1977989000734,,,,,,,,,,,,,,,,,,,,,,,,,,,,,,,,,,,,,,,,,,,,,,,,,,,,,,,,,,,,,,,,,,,,,,,,,,,,,,,,,,,,,,,,,,,,,,,,,,,,,,420.1850215999875,420.1977989000734,420.1977989000734,420.1977989000734,420.38179820007645,None,,,,,,,,,,,,,,,,,,,P9615,MIC_Bar,7,1,2026-05-07_16h23.18.347,MIC_task,,2026.1.2,59.935473466347815,2026-05-07 16h23.20.101524 +0200,
,,29,0,29,,,,,,,7,b01,orr,nose,2,bodypart,face,7,73,19,35,None,"(-0.1, 0.1)",None,,,,,,,,,,,0,0,0,0,0,27,27,27,29,0,29,0,420.3982074998785,,,,,,,,,,,,,,,,,,,,,,,,,,,,,,,,,,,,,,,,,,,,,,,,,,,,,,,,,,,,,,,,,,,,,,,,,,,,,,,,,,,,,,,,,,,,,,,,,,,,,,420.38476660009474,420.3982074998785,420.3982074998785,420.3982074998785,420.5819969999138,None,,,,,,,,,,,,,,,,,,,P9615,MIC_Bar,7,1,2026-05-07_16h23.18.347,MIC_task,,2026.1.2,59.935473466347815,2026-05-07 16h23.20.101524 +0200,
,,30,0,30,,,,,,,7,b01,orr,nose,2,bodypart,face,7,73,19,35,None,"(-0.1, 0.1)",None,,,,,,,,,,,0,0,0,0,0,27,27,27,30,0,30,0,420.59856400010176,,,,,,,,,,,,,,,,,,,,,,,,,,,,,,,,,,,,,,,,,,,,,,,,,,,,,,,,,,,,,,,,,,,,,,,,,,,,,,,,,,,,,,,,,,,,,,,,,,,,,,420.584968799958,420.59856400010176,420.59856400010176,420.59856400010176,420.7838983000256,None,,,,,,,,,,,,,,,,,,,P9615,MIC_Bar,7,1,2026-05-07_16h23.18.347,MIC_task,,2026.1.2,59.935473466347815,2026-05-07 16h23.20.101524 +0200,
,,31,0,31,,,,,,,7,b01,orr,nose,2,bodypart,face,7,73,19,35,None,"(-0.1, 0.1)",None,,,,,,,,,,,0,0,0,0,0,27,27,27,31,0,31,0,420.79905280005187,,,,,,,,,,,,,,,,,,,,,,,,,,,,,,,,,,,,,,,,,,,,,,,,,,,,,,,,,,,,,,,,,,,,,,,,,,,,,,,,,,,,,,,,,,,,,,,,,,,,,,420.7867370999884,420.79905280005187,420.79905280005187,420.79905280005187,420.98268850008026,None,,,,,,,,,,,,,,,,,,,P9615,MIC_Bar,7,1,2026-05-07_16h23.18.347,MIC_task,,2026.1.2,59.935473466347815,2026-05-07 16h23.20.101524 +0200,
,,32,0,32,,,,,,,7,b01,orr,nose,2,bodypart,face,7,73,19,35,None,"(-0.1, 0.1)",None,,,,,,,,,,,0,0,0,0,0,27,27,27,32,0,32,0,420.99932459997945,,,,,,,,,,,,,,,,,,,,,,,,,,,,,,,,,,,,,,,,,,,,,,,,,,,,,,,,,,,,,,,,,,,,,,,,,,,,,,,,,,,,,,,,,,,,,,,,,,,,,,420.9855748999398,420.99932459997945,420.99932459997945,420.99932459997945,421.18317970004864,None,,,,,,,,,,,,,,,,,,,P9615,MIC_Bar,7,1,2026-05-07_16h23.18.347,MIC_task,,2026.1.2,59.935473466347815,2026-05-07 16h23.20.101524 +0200,
,,33,0,33,,,,,,,7,b01,orr,nose,2,bodypart,face,7,73,19,35,None,"(-0.1, 0.1)",None,,,,,,,,,,,0,0,0,0,0,27,27,27,33,0,33,0,421.19953120010905,,,,,,,,,,,,,,,,,,,,,,,,,,,,,,,,,,,,,,,,,,,,,,,,,,,,,,,,,,,,,,,,,,,,,,,,,,,,,,,,,,,,,,,,,,,,,,,,,,,,,,421.1866705000866,421.19953120010905,421.19953120010905,421.19953120010905,421.38330630003475,None,,,,,,,,,,,,,,,,,,,P9615,MIC_Bar,7,1,2026-05-07_16h23.18.347,MIC_task,,2026.1.2,59.935473466347815,2026-05-07 16h23.20.101524 +0200,
,,34,0,34,,,,,,,7,b01,orr,nose,2,bodypart,face,7,73,19,35,None,"(-0.1, 0.1)",None,,,,,,,,,,,0,0,0,0,0,27,27,27,34,0,34,0,421.3999367998913,,,,,,,,,,,,,,,,,,,,,,,,,,,,,,,,,,,,,,,,,,,,,,,,,,,,,,,,,,,,,,,,,,,,,,,,,,,,,,,,,,,,,,,,,,,,,,,,,,,,,,421.38655690010637,421.3999367998913,421.3999367998913,421.3999367998913,421.58385930000804,None,,,,,,,,,,,,,,,,,,,P9615,MIC_Bar,7,1,2026-05-07_16h23.18.347,MIC_task,,2026.1.2,59.935473466347815,2026-05-07 16h23.20.101524 +0200,
,,35,0,35,,,,,,,7,b01,orr,nose,2,bodypart,face,7,73,19,35,None,"(-0.1, 0.1)",None,,,,,,,,,,,0,0,0,0,0,27,27,27,35,0,35,0,421.60034770006314,,,,,,,,,,,,,,,,,,,,,,,,,,,,,,,,,,,,,,,,,,,,,,,,,,,,,,,,,,,,,,,,,,,,,,,,,,,,,,,,,,,,,,,,,,,,,,,,,,,,,,421.58684840006754,421.60034770006314,421.60034770006314,421.60034770006314,421.78427900001407,None,,,,,,,,,,,,,,,,,,,P9615,MIC_Bar,7,1,2026-05-07_16h23.18.347,MIC_task,,2026.1.2,59.935473466347815,2026-05-07 16h23.20.101524 +0200,
,,36,0,36,,,,,,,7,b01,orr,nose,2,bodypart,face,7,73,19,35,None,"(-0.1, 0.1)",None,,,,,,,,,,,0,0,0,0,0,27,27,27,36,0,36,0,421.80074670002796,,,,,,,,,,,,,,,,,,,,,,,,,,,,,,,,,,,,,,,,,,,,,,,,,,,,,,,,,,,,,,,,,,,,,,,,,,,,,,,,,,,,,,,,,,,,,,,,,,,,,,421.7873317000922,421.80074670002796,421.80074670002796,421.80074670002796,421.98453029990196,None,,,,,,,,,,,,,,,,,,,P9615,MIC_Bar,7,1,2026-05-07_16h23.18.347,MIC_task,,2026.1.2,59.935473466347815,2026-05-07 16h23.20.101524 +0200,
,,37,0,37,,,,,,,7,b01,orr,nose,2,bodypart,face,7,73,19,35,None,"(-0.1, 0.1)",None,,,,,,,,,,,0,0,0,0,0,27,27,27,37,0,37,0,422.00037820008583,,,,,,,,,,,,,,,,,,,,,,,,,,,,,,,,,,,,,,,,,,,,,,,,,,,,,,,,,,,,,,,,,,,,,,,,,,,,,,,,,,,,,,,,,,,,,,,,,,,,,,421.98759829998016,422.00037820008583,422.00037820008583,422.00037820008583,422.18416960001923,None,,,,,,,,,,,,,,,,,,,P9615,MIC_Bar,7,1,2026-05-07_16h23.18.347,MIC_task,,2026.1.2,59.935473466347815,2026-05-07 16h23.20.101524 +0200,
,,38,0,38,,,,,,,7,b01,orr,nose,2,bodypart,face,7,73,19,35,None,"(-0.1, 0.1)",None,,,,,,,,,,,0,0,0,0,0,27,27,27,38,0,38,0,422.2007997999899,,,,,,,,,,,,,,,,,,,,,,,,,,,,,,,,,,,,,,,,,,,,,,,,,,,,,,,,,,,,,,,,,,,,,,,,,,,,,,,,,,,,,,,,,,,,,,,,,,,,,,422.1874905999284,422.2007997999899,422.2007997999899,422.2007997999899,422.384639200056,None,,,,,,,,,,,,,,,,,,,P9615,MIC_Bar,7,1,2026-05-07_16h23.18.347,MIC_task,,2026.1.2,59.935473466347815,2026-05-07 16h23.20.101524 +0200,
,,39,0,39,,,,,,,7,b01,orr,nose,2,bodypart,face,7,73,19,35,None,"(-0.1, 0.1)",None,,,,,,,,,,,0,0,0,0,0,27,27,27,39,0,39,0,422.40119199990295,,,,,,,,,,,,,,,,,,,,,,,,,,,,,,,,,,,,,,,,,,,,,,,,,,,,,,,,,,,,,,,,,,,,,,,,,,,,,,,,,,,,,,,,,,,,,,,,,,,,,,422.3876406000927,422.40119199990295,422.40119199990295,422.40119199990295,422.58495189994574,None,,,,,,,,,,,,,,,,,,,P9615,MIC_Bar,7,1,2026-05-07_16h23.18.347,MIC_task,,2026.1.2,59.935473466347815,2026-05-07 16h23.20.101524 +0200,
,,40,0,40,,,,,,,7,b01,orr,nose,2,bodypart,face,7,73,19,35,None,"(-0.1, 0.1)",None,,,,,,,,,,,0,0,0,0,0,27,27,27,40,0,40,0,422.60152069991454,,,,,,,,,,,,,,,,,,,,,,,,,,,,,,,,,,,,,,,,,,,,,,,,,,,,,,,,,,,,,,,,,,,,,,,,,,,,,,,,,,,,,,,,,,,,,,,,,,,,,,422.58787849987857,422.60152069991454,422.60152069991454,422.60152069991454,422.7869414000306,None,,,,,,,,,,,,,,,,,,,P9615,MIC_Bar,7,1,2026-05-07_16h23.18.347,MIC_task,,2026.1.2,59.935473466347815,2026-05-07 16h23.20.101524 +0200,
,,41,0,41,,,,,,,7,b01,orr,nose,2,bodypart,face,7,73,19,35,None,"(-0.1, 0.1)",None,,,,,,,,,,,0,0,0,0,0,27,27,27,41,0,41,0,422.8019334001001,,,,,,,,,,,,,,,,,,,,,,,,,,,,,,,,,,,,,,,,,,,,,,,,,,,,,,,,,,,,,,,,,,,,,,,,,,,,,,,,,,,,,,,,,,,,,,,,,,,,,,422.7903185999021,422.8019334001001,422.8019334001001,422.8019334001001,422.9856990999542,None,,,,,,,,,,,,,,,,,,,P9615,MIC_Bar,7,1,2026-05-07_16h23.18.347,MIC_task,,2026.1.2,59.935473466347815,2026-05-07 16h23.20.101524 +0200,
,,42,0,42,,,,,,,7,b01,orr,nose,2,bodypart,face,7,73,19,35,None,"(-0.1, 0.1)",None,,,,,,,,,,,0,0,0,0,0,27,27,27,42,0,42,0,423.0022718999535,,,,,,,,,,,,,,,,,,,,,,,,,,,,,,,,,,,,,,,,,,,,,,,,,,,,,,,,,,,,,,,,,,,,,,,,,,,,,,,,,,,,,,,,,,,,,,,,,,,,,,422.9887411000673,423.0022718999535,423.0022718999535,423.0022718999535,423.1877975000534,None,,,,,,,,,,,,,,,,,,,P9615,MIC_Bar,7,1,2026-05-07_16h23.18.347,MIC_task,,2026.1.2,59.935473466347815,2026-05-07 16h23.20.101524 +0200,
,,43,0,43,,,,,,,7,b01,orr,nose,2,bodypart,face,7,73,19,35,None,"(-0.1, 0.1)",space,0.01056260010227561,None,,,,,,,,,0,0,0,0,0,27,27,27,43,0,43,0,423.2026867000386,,,,,,,,,,,,,,,,,,,,,,,,,,,,,,,,,,,,,,,,,,,,,,,,,,,,,,,,,,,,,,,,,,,,,,,,,,,,,,,,,,,,,,,,,,,,,,,,,,,,,,423.19082919997163,423.2026867000386,423.2026867000386,423.2026867000386,423.2204565999564,space,0.01056260010227561,None,,,,,,,,,,,,,,,,,P9615,MIC_Bar,7,1,2026-05-07_16h23.18.347,MIC_task,,2026.1.2,59.935473466347815,2026-05-07 16h23.20.101524 +0200,
,,27,27,0,,,,space,0.545733799925074,None,7,b01,orr,nose,2,bodypart,face,7,73,19,35,None,"(-0.1, 0.1)",,,,,,,,,,,,0,0,0,0,0,27,27,27,,,,,,,,,,,,,,,,,,,,,,,,,,,,,,,,,,,,,,,,,,,,,,,,,,,,,,,,,,,,,,,,,,,,,,,,,,,,,,,,,,,,,,,,,,423.27781139989384,423.2825281000696,423.286100366634,425.2225367000792,,,,,,427.2255510999821,427.24379329988733,427.24379329988733,427.7940873000771,,,,,,,,,,,,,425.25250379997306,425.25804289989173,425.2557106333629,427.1583620000165,427.2254991000518,space,0.545733799925074,None,,,,,,,,,P9615,MIC_Bar,7,1,2026-05-07_16h23.18.347,MIC_task,,2026.1.2,59.935473466347815,2026-05-07 16h23.20.101524 +0200,
,,0,0,0,,,,,,,7,p19,rendőr,police officier,6,people,professions,6.8,179,25,53,None,"(-0.1, 0)",None,,,,,,,,,,,0,0,0,0,0,28,28,28,0,0,0,0,427.81934610009193,,,,,,,,,,,,,,,,,,,,,,,,,,,,,,,,,,,,,,,,,,,,,,,,,,,,,,,,,,,,,,,,,,,,,,,,,,,,,,,,,,,,,,,,,,,,,,,,,,,,,,427.8145572000649,427.81934610009193,427.81934610009193,427.81934610009193,428.0115783000365,None,,,,,,,,,,,,,,,,,,,P9615,MIC_Bar,7,1,2026-05-07_16h23.18.347,MIC_task,,2026.1.2,59.935473466347815,2026-05-07 16h23.20.101524 +0200,
,,0,0,0,,,,,,,7,p19,rendőr,police officier,6,people,professions,6.8,179,25,53,None,"(-0.1, 0)",None,,,,,,,,,,,0,0,0,0,0,28,28,28,0,0,0,0,428.0268761999905,,,,,,,,,,,,,,,,,,,,,,,,,,,,,,,,,,,,,,,,,,,,,,,,,,,,,,,,,,,,,,,,,,,,,,,,,,,,,,,,,,,,,,,,,,,,,,,,,,,,,,428.01463730004616,428.0268761999905,428.0268761999905,428.0268761999905,428.21125920000486,None,,,,,,,,,,,,,,,,,,,P9615,MIC_Bar,7,1,2026-05-07_16h23.18.347,MIC_task,,2026.1.2,59.935473466347815,2026-05-07 16h23.20.101524 +0200,
,,1,0,1,,,,,,,7,p19,rendőr,police officier,6,people,professions,6.8,179,25,53,None,"(-0.1, 0)",None,,,,,,,,,,,0,0,0,0,0,28,28,28,1,0,1,0,428.2272715999279,,,,,,,,,,,,,,,,,,,,,,,,,,,,,,,,,,,,,,,,,,,,,,,,,,,,,,,,,,,,,,,,,,,,,,,,,,,,,,,,,,,,,,,,,,,,,,,,,,,,,,428.21480330009945,428.2272715999279,428.2272715999279,428.2272715999279,428.394762000069,None,,,,,,,,,,,,,,,,,,,P9615,MIC_Bar,7,1,2026-05-07_16h23.18.347,MIC_task,,2026.1.2,59.935473466347815,2026-05-07 16h23.20.101524 +0200,
,,2,0,2,,,,,,,7,p19,rendőr,police officier,6,people,professions,6.8,179,25,53,None,"(-0.1, 0)",None,,,,,,,,,,,0,0,0,0,0,28,28,28,2,0,2,0,428.41073099989444,,,,,,,,,,,,,,,,,,,,,,,,,,,,,,,,,,,,,,,,,,,,,,,,,,,,,,,,,,,,,,,,,,,,,,,,,,,,,,,,,,,,,,,,,,,,,,,,,,,,,,428.3979199999012,428.41073099989444,428.41073099989444,428.41073099989444,428.594657599926,None,,,,,,,,,,,,,,,,,,,P9615,MIC_Bar,7,1,2026-05-07_16h23.18.347,MIC_task,,2026.1.2,59.935473466347815,2026-05-07 16h23.20.101524 +0200,
,,3,0,3,,,,,,,7,p19,rendőr,police officier,6,people,professions,6.8,179,25,53,None,"(-0.1, 0)",None,,,,,,,,,,,0,0,0,0,0,28,28,28,3,0,3,0,428.6111614999827,,,,,,,,,,,,,,,,,,,,,,,,,,,,,,,,,,,,,,,,,,,,,,,,,,,,,,,,,,,,,,,,,,,,,,,,,,,,,,,,,,,,,,,,,,,,,,,,,,,,,,428.5978272999637,428.6111614999827,428.6111614999827,428.6111614999827,428.79497710010037,None,,,,,,,,,,,,,,,,,,,P9615,MIC_Bar,7,1,2026-05-07_16h23.18.347,MIC_task,,2026.1.2,59.935473466347815,2026-05-07 16h23.20.101524 +0200,
,,4,0,4,,,,,,,7,p19,rendőr,police officier,6,people,professions,6.8,179,25,53,None,"(-0.1, 0)",None,,,,,,,,,,,0,0,0,0,0,28,28,28,4,0,4,0,428.8107537999749,,,,,,,,,,,,,,,,,,,,,,,,,,,,,,,,,,,,,,,,,,,,,,,,,,,,,,,,,,,,,,,,,,,,,,,,,,,,,,,,,,,,,,,,,,,,,,,,,,,,,,428.7981269999873,428.8107537999749,428.8107537999749,428.8107537999749,428.9945894998964,None,,,,,,,,,,,,,,,,,,,P9615,MIC_Bar,7,1,2026-05-07_16h23.18.347,MIC_task,,2026.1.2,59.935473466347815,2026-05-07 16h23.20.101524 +0200,
,,5,0,5,,,,,,,7,p19,rendőr,police officier,6,people,professions,6.8,179,25,53,None,"(-0.1, 0)",None,,,,,,,,,,,0,0,0,0,0,28,28,28,5,0,5,0,429.0113089000806,,,,,,,,,,,,,,,,,,,,,,,,,,,,,,,,,,,,,,,,,,,,,,,,,,,,,,,,,,,,,,,,,,,,,,,,,,,,,,,,,,,,,,,,,,,,,,,,,,,,,,428.99774189991876,429.0113089000806,429.0113089000806,429.0113089000806,429.1965095999185,None,,,,,,,,,,,,,,,,,,,P9615,MIC_Bar,7,1,2026-05-07_16h23.18.347,MIC_task,,2026.1.2,59.935473466347815,2026-05-07 16h23.20.101524 +0200,
,,6,0,6,,,,,,,7,p19,rendőr,police officier,6,people,professions,6.8,179,25,53,None,"(-0.1, 0)",None,,,,,,,,,,,0,0,0,0,0,28,28,28,6,0,6,0,429.2115482999943,,,,,,,,,,,,,,,,,,,,,,,,,,,,,,,,,,,,,,,,,,,,,,,,,,,,,,,,,,,,,,,,,,,,,,,,,,,,,,,,,,,,,,,,,,,,,,,,,,,,,,429.19980899989605,429.2115482999943,429.2115482999943,429.2115482999943,429.39686629991047,None,,,,,,,,,,,,,,,,,,,P9615,MIC_Bar,7,1,2026-05-07_16h23.18.347,MIC_task,,2026.1.2,59.935473466347815,2026-05-07 16h23.20.101524 +0200,
,,7,0,7,,,,,,,7,p19,rendőr,police officier,6,people,professions,6.8,179,25,53,None,"(-0.1, 0)",None,,,,,,,,,,,0,0,0,0,0,28,28,28,7,0,7,0,429.41188229992986,,,,,,,,,,,,,,,,,,,,,,,,,,,,,,,,,,,,,,,,,,,,,,,,,,,,,,,,,,,,,,,,,,,,,,,,,,,,,,,,,,,,,,,,,,,,,,,,,,,,,,429.4001515998971,429.41188229992986,429.41188229992986,429.41188229992986,429.5973602999002,None,,,,,,,,,,,,,,,,,,,P9615,MIC_Bar,7,1,2026-05-07_16h23.18.347,MIC_task,,2026.1.2,59.935473466347815,2026-05-07 16h23.20.101524 +0200,
,,8,0,8,,,,,,,7,p19,rendőr,police officier,6,people,professions,6.8,179,25,53,None,"(-0.1, 0)",None,,,,,,,,,,,0,0,0,0,0,28,28,28,8,0,8,0,429.6122747999616,,,,,,,,,,,,,,,,,,,,,,,,,,,,,,,,,,,,,,,,,,,,,,,,,,,,,,,,,,,,,,,,,,,,,,,,,,,,,,,,,,,,,,,,,,,,,,,,,,,,,,429.60064309998415,429.6122747999616,429.6122747999616,429.6122747999616,429.7960751999635,None,,,,,,,,,,,,,,,,,,,P9615,MIC_Bar,7,1,2026-05-07_16h23.18.347,MIC_task,,2026.1.2,59.935473466347815,2026-05-07 16h23.20.101524 +0200,
,,9,0,9,,,,,,,7,p19,rendőr,police officier,6,people,professions,6.8,179,25,53,None,"(-0.1, 0)",None,,,,,,,,,,,0,0,0,0,0,28,28,28,9,0,9,0,429.81258319993503,,,,,,,,,,,,,,,,,,,,,,,,,,,,,,,,,,,,,,,,,,,,,,,,,,,,,,,,,,,,,,,,,,,,,,,,,,,,,,,,,,,,,,,,,,,,,,,,,,,,,,429.7994566000998,429.81258319993503,429.81258319993503,429.81258319993503,429.996509199962,None,,,,,,,,,,,,,,,,,,,P9615,MIC_Bar,7,1,2026-05-07_16h23.18.347,MIC_task,,2026.1.2,59.935473466347815,2026-05-07 16h23.20.101524 +0200,
,,10,0,10,,,,,,,7,p19,rendőr,police officier,6,people,professions,6.8,179,25,53,None,"(-0.1, 0)",None,,,,,,,,,,,0,0,0,0,0,28,28,28,10,0,10,0,430.01302769989707,,,,,,,,,,,,,,,,,,,,,,,,,,,,,,,,,,,,,,,,,,,,,,,,,,,,,,,,,,,,,,,,,,,,,,,,,,,,,,,,,,,,,,,,,,,,,,,,,,,,,,429.9998178000096,430.01302769989707,430.01302769989707,430.01302769989707,430.19856920000166,None,,,,,,,,,,,,,,,,,,,P9615,MIC_Bar,7,1,2026-05-07_16h23.18.347,MIC_task,,2026.1.2,59.935473466347815,2026-05-07 16h23.20.101524 +0200,
,,11,0,11,,,,,,,7,p19,rendőr,police officier,6,people,professions,6.8,179,25,53,None,"(-0.1, 0)",None,,,,,,,,,,,0,0,0,0,0,28,28,28,11,0,11,0,430.21343980007805,,,,,,,,,,,,,,,,,,,,,,,,,,,,,,,,,,,,,,,,,,,,,,,,,,,,,,,,,,,,,,,,,,,,,,,,,,,,,,,,,,,,,,,,,,,,,,,,,,,,,,430.2015118000563,430.21343980007805,430.21343980007805,430.21343980007805,430.39863909990527,None,,,,,,,,,,,,,,,,,,,P9615,MIC_Bar,7,1,2026-05-07_16h23.18.347,MIC_task,,2026.1.2,59.935473466347815,2026-05-07 16h23.20.101524 +0200,
,,12,0,12,,,,,,,7,p19,rendőr,police officier,6,people,professions,6.8,179,25,53,None,"(-0.1, 0)",None,,,,,,,,,,,0,0,0,0,0,28,28,28,12,0,12,0,430.41372320009395,,,,,,,,,,,,,,,,,,,,,,,,,,,,,,,,,,,,,,,,,,,,,,,,,,,,,,,,,,,,,,,,,,,,,,,,,,,,,,,,,,,,,,,,,,,,,,,,,,,,,,430.4015834000893,430.41372320009395,430.41372320009395,430.41372320009395,430.5989248000551,None,,,,,,,,,,,,,,,,,,,P9615,MIC_Bar,7,1,2026-05-07_16h23.18.347,MIC_task,,2026.1.2,59.935473466347815,2026-05-07 16h23.20.101524 +0200,
,,13,0,13,,,,,,,7,p19,rendőr,police officier,6,people,professions,6.8,179,25,53,None,"(-0.1, 0)",None,,,,,,,,,,,0,0,0,0,0,28,28,28,13,0,13,0,430.6140958999749,,,,,,,,,,,,,,,,,,,,,,,,,,,,,,,,,,,,,,,,,,,,,,,,,,,,,,,,,,,,,,,,,,,,,,,,,,,,,,,,,,,,,,,,,,,,,,,,,,,,,,430.6021759000141,430.6140958999749,430.6140958999749,430.6140958999749,430.79798429994844,None,,,,,,,,,,,,,,,,,,,P9615,MIC_Bar,7,1,2026-05-07_16h23.18.347,MIC_task,,2026.1.2,59.935473466347815,2026-05-07 16h23.20.101524 +0200,
,,14,0,14,,,,,,,7,p19,rendőr,police officier,6,people,professions,6.8,179,25,53,None,"(-0.1, 0)",None,,,,,,,,,,,0,0,0,0,0,28,28,28,14,0,14,0,430.8144545999821,,,,,,,,,,,,,,,,,,,,,,,,,,,,,,,,,,,,,,,,,,,,,,,,,,,,,,,,,,,,,,,,,,,,,,,,,,,,,,,,,,,,,,,,,,,,,,,,,,,,,,430.8016196999233,430.8144545999821,430.8144545999821,430.8144545999821,430.9983812000137,None,,,,,,,,,,,,,,,,,,,P9615,MIC_Bar,7,1,2026-05-07_16h23.18.347,MIC_task,,2026.1.2,59.935473466347815,2026-05-07 16h23.20.101524 +0200,
,,15,0,15,,,,,,,7,p19,rendőr,police officier,6,people,professions,6.8,179,25,53,None,"(-0.1, 0)",None,,,,,,,,,,,0,0,0,0,0,28,28,28,15,0,15,0,431.0140698000323,,,,,,,,,,,,,,,,,,,,,,,,,,,,,,,,,,,,,,,,,,,,,,,,,,,,,,,,,,,,,,,,,,,,,,,,,,,,,,,,,,,,,,,,,,,,,,,,,,,,,,431.0015871000942,431.0140698000323,431.0140698000323,431.0140698000323,431.1978811000008,None,,,,,,,,,,,,,,,,,,,P9615,MIC_Bar,7,1,2026-05-07_16h23.18.347,MIC_task,,2026.1.2,59.935473466347815,2026-05-07 16h23.20.101524 +0200,
,,16,0,16,,,,,,,7,p19,rendőr,police officier,6,people,professions,6.8,179,25,53,None,"(-0.1, 0)",None,,,,,,,,,,,0,0,0,0,0,28,28,28,16,0,16,0,431.2145092000719,,,,,,,,,,,,,,,,,,,,,,,,,,,,,,,,,,,,,,,,,,,,,,,,,,,,,,,,,,,,,,,,,,,,,,,,,,,,,,,,,,,,,,,,,,,,,,,,,,,,,,431.2011251999065,431.2145092000719,431.2145092000719,431.2145092000719,431.39981299987994,None,,,,,,,,,,,,,,,,,,,P9615,MIC_Bar,7,1,2026-05-07_16h23.18.347,MIC_task,,2026.1.2,59.935473466347815,2026-05-07 16h23.20.101524 +0200,
,,17,0,17,,,,,,,7,p19,rendőr,police officier,6,people,professions,6.8,179,25,53,None,"(-0.1, 0)",None,,,,,,,,,,,0,0,0,0,0,28,28,28,17,0,17,0,431.4148939999286,,,,,,,,,,,,,,,,,,,,,,,,,,,,,,,,,,,,,,,,,,,,,,,,,,,,,,,,,,,,,,,,,,,,,,,,,,,,,,,,,,,,,,,,,,,,,,,,,,,,,,431.4026788000483,431.4148939999286,431.4148939999286,431.4148939999286,431.5990027000662,None,,,,,,,,,,,,,,,,,,,P9615,MIC_Bar,7,1,2026-05-07_16h23.18.347,MIC_task,,2026.1.2,59.935473466347815,2026-05-07 16h23.20.101524 +0200,
,,18,0,18,,,,,,,7,p19,rendőr,police officier,6,people,professions,6.8,179,25,53,None,"(-0.1, 0)",None,,,,,,,,,,,0,0,0,0,0,28,28,28,18,0,18,0,431.61525669996627,,,,,,,,,,,,,,,,,,,,,,,,,,,,,,,,,,,,,,,,,,,,,,,,,,,,,,,,,,,,,,,,,,,,,,,,,,,,,,,,,,,,,,,,,,,,,,,,,,,,,,431.60218719998375,431.61525669996627,431.61525669996627,431.61525669996627,431.7990210999269,None,,,,,,,,,,,,,,,,,,,P9615,MIC_Bar,7,1,2026-05-07_16h23.18.347,MIC_task,,2026.1.2,59.935473466347815,2026-05-07 16h23.20.101524 +0200,
,,19,0,19,,,,,,,7,p19,rendőr,police officier,6,people,professions,6.8,179,25,53,None,"(-0.1, 0)",None,,,,,,,,,,,0,0,0,0,0,28,28,28,19,0,19,0,431.81566559989005,,,,,,,,,,,,,,,,,,,,,,,,,,,,,,,,,,,,,,,,,,,,,,,,,,,,,,,,,,,,,,,,,,,,,,,,,,,,,,,,,,,,,,,,,,,,,,,,,,,,,,431.80244569992647,431.81566559989005,431.81566559989005,431.81566559989005,432.0010049000848,None,,,,,,,,,,,,,,,,,,,P9615,MIC_Bar,7,1,2026-05-07_16h23.18.347,MIC_task,,2026.1.2,59.935473466347815,2026-05-07 16h23.20.101524 +0200,
,,20,0,20,,,,,,,7,p19,rendőr,police officier,6,people,professions,6.8,179,25,53,None,"(-0.1, 0)",None,,,,,,,,,,,0,0,0,0,0,28,28,28,20,0,20,0,432.01597160007805,,,,,,,,,,,,,,,,,,,,,,,,,,,,,,,,,,,,,,,,,,,,,,,,,,,,,,,,,,,,,,,,,,,,,,,,,,,,,,,,,,,,,,,,,,,,,,,,,,,,,,432.00409059994854,432.01597160007805,432.01597160007805,432.01597160007805,432.2011430999264,None,,,,,,,,,,,,,,,,,,,P9615,MIC_Bar,7,1,2026-05-07_16h23.18.347,MIC_task,,2026.1.2,59.935473466347815,2026-05-07 16h23.20.101524 +0200,
,,21,0,21,,,,,,,7,p19,rendőr,police officier,6,people,professions,6.8,179,25,53,None,"(-0.1, 0)",None,,,,,,,,,,,0,0,0,0,0,28,28,28,21,0,21,0,432.21635379991494,,,,,,,,,,,,,,,,,,,,,,,,,,,,,,,,,,,,,,,,,,,,,,,,,,,,,,,,,,,,,,,,,,,,,,,,,,,,,,,,,,,,,,,,,,,,,,,,,,,,,,432.2042551001068,432.21635379991494,432.21635379991494,432.21635379991494,432.40016800002195,None,,,,,,,,,,,,,,,,,,,P9615,MIC_Bar,7,1,2026-05-07_16h23.18.347,MIC_task,,2026.1.2,59.935473466347815,2026-05-07 16h23.20.101524 +0200,
,,22,0,22,,,,,,,7,p19,rendőr,police officier,6,people,professions,6.8,179,25,53,None,"(-0.1, 0)",None,,,,,,,,,,,0,0,0,0,0,28,28,28,22,0,22,0,432.41681630001403,,,,,,,,,,,,,,,,,,,,,,,,,,,,,,,,,,,,,,,,,,,,,,,,,,,,,,,,,,,,,,,,,,,,,,,,,,,,,,,,,,,,,,,,,,,,,,,,,,,,,,432.40319199999794,432.41681630001403,432.41681630001403,432.41681630001403,432.6020066998899,None,,,,,,,,,,,,,,,,,,,P9615,MIC_Bar,7,1,2026-05-07_16h23.18.347,MIC_task,,2026.1.2,59.935473466347815,2026-05-07 16h23.20.101524 +0200,
,,23,0,23,,,,,,,7,p19,rendőr,police officier,6,people,professions,6.8,179,25,53,None,"(-0.1, 0)",None,,,,,,,,,,,0,0,0,0,0,28,28,28,23,0,23,0,432.617138300091,,,,,,,,,,,,,,,,,,,,,,,,,,,,,,,,,,,,,,,,,,,,,,,,,,,,,,,,,,,,,,,,,,,,,,,,,,,,,,,,,,,,,,,,,,,,,,,,,,,,,,432.60503749991767,432.617138300091,432.617138300091,432.617138300091,432.80242710001767,None,,,,,,,,,,,,,,,,,,,P9615,MIC_Bar,7,1,2026-05-07_16h23.18.347,MIC_task,,2026.1.2,59.935473466347815,2026-05-07 16h23.20.101524 +0200,
,,24,0,24,,,,,,,7,p19,rendőr,police officier,6,people,professions,6.8,179,25,53,None,"(-0.1, 0)",None,,,,,,,,,,,0,0,0,0,0,28,28,28,24,0,24,0,432.8174986001104,,,,,,,,,,,,,,,,,,,,,,,,,,,,,,,,,,,,,,,,,,,,,,,,,,,,,,,,,,,,,,,,,,,,,,,,,,,,,,,,,,,,,,,,,,,,,,,,,,,,,,432.8054621000774,432.8174986001104,432.8174986001104,432.8174986001104,433.00283759995364,None,,,,,,,,,,,,,,,,,,,P9615,MIC_Bar,7,1,2026-05-07_16h23.18.347,MIC_task,,2026.1.2,59.935473466347815,2026-05-07 16h23.20.101524 +0200,
,,25,0,25,,,,,,,7,p19,rendőr,police officier,6,people,professions,6.8,179,25,53,None,"(-0.1, 0)",None,,,,,,,,,,,0,0,0,0,0,28,28,28,25,0,25,0,433.01781190000474,,,,,,,,,,,,,,,,,,,,,,,,,,,,,,,,,,,,,,,,,,,,,,,,,,,,,,,,,,,,,,,,,,,,,,,,,,,,,,,,,,,,,,,,,,,,,,,,,,,,,,433.005989999976,433.01781190000474,433.01781190000474,433.01781190000474,433.200876200106,None,,,,,,,,,,,,,,,,,,,P9615,MIC_Bar,7,1,2026-05-07_16h23.18.347,MIC_task,,2026.1.2,59.935473466347815,2026-05-07 16h23.20.101524 +0200,
,,26,0,26,,,,,,,7,p19,rendőr,police officier,6,people,professions,6.8,179,25,53,None,"(-0.1, 0)",None,,,,,,,,,,,0,0,0,0,0,28,28,28,26,0,26,0,433.21744540007785,,,,,,,,,,,,,,,,,,,,,,,,,,,,,,,,,,,,,,,,,,,,,,,,,,,,,,,,,,,,,,,,,,,,,,,,,,,,,,,,,,,,,,,,,,,,,,,,,,,,,,433.2039151999634,433.21744540007785,433.21744540007785,433.21744540007785,433.40193889988586,None,,,,,,,,,,,,,,,,,,,P9615,MIC_Bar,7,1,2026-05-07_16h23.18.347,MIC_task,,2026.1.2,59.935473466347815,2026-05-07 16h23.20.101524 +0200,
,,27,0,27,,,,,,,7,p19,rendőr,police officier,6,people,professions,6.8,179,25,53,None,"(-0.1, 0)",None,,,,,,,,,,,0,0,0,0,0,28,28,28,27,0,27,0,433.4178251000121,,,,,,,,,,,,,,,,,,,,,,,,,,,,,,,,,,,,,,,,,,,,,,,,,,,,,,,,,,,,,,,,,,,,,,,,,,,,,,,,,,,,,,,,,,,,,,,,,,,,,,433.40519679989666,433.4178251000121,433.4178251000121,433.4178251000121,433.6016210000962,None,,,,,,,,,,,,,,,,,,,P9615,MIC_Bar,7,1,2026-05-07_16h23.18.347,MIC_task,,2026.1.2,59.935473466347815,2026-05-07 16h23.20.101524 +0200,
,,28,0,28,,,,,,,7,p19,rendőr,police officier,6,people,professions,6.8,179,25,53,None,"(-0.1, 0)",None,,,,,,,,,,,0,0,0,0,0,28,28,28,28,0,28,0,433.61827170010656,,,,,,,,,,,,,,,,,,,,,,,,,,,,,,,,,,,,,,,,,,,,,,,,,,,,,,,,,,,,,,,,,,,,,,,,,,,,,,,,,,,,,,,,,,,,,,,,,,,,,,433.60469729988836,433.61827170010656,433.61827170010656,433.61827170010656,433.8023755000904,None,,,,,,,,,,,,,,,,,,,P9615,MIC_Bar,7,1,2026-05-07_16h23.18.347,MIC_task,,2026.1.2,59.935473466347815,2026-05-07 16h23.20.101524 +0200,
,,29,0,29,,,,,,,7,p19,rendőr,police officier,6,people,professions,6.8,179,25,53,None,"(-0.1, 0)",None,,,,,,,,,,,0,0,0,0,0,28,28,28,29,0,29,0,433.8185578000266,,,,,,,,,,,,,,,,,,,,,,,,,,,,,,,,,,,,,,,,,,,,,,,,,,,,,,,,,,,,,,,,,,,,,,,,,,,,,,,,,,,,,,,,,,,,,,,,,,,,,,433.80553709995,433.8185578000266,433.8185578000266,433.8185578000266,434.0036639000755,None,,,,,,,,,,,,,,,,,,,P9615,MIC_Bar,7,1,2026-05-07_16h23.18.347,MIC_task,,2026.1.2,59.935473466347815,2026-05-07 16h23.20.101524 +0200,
,,30,0,30,,,,,,,7,p19,rendőr,police officier,6,people,professions,6.8,179,25,53,None,"(-0.1, 0)",None,,,,,,,,,,,0,0,0,0,0,28,28,28,30,0,30,0,434.0189356999472,,,,,,,,,,,,,,,,,,,,,,,,,,,,,,,,,,,,,,,,,,,,,,,,,,,,,,,,,,,,,,,,,,,,,,,,,,,,,,,,,,,,,,,,,,,,,,,,,,,,,,434.00704240007326,434.0189356999472,434.0189356999472,434.0189356999472,434.2043500998989,None,,,,,,,,,,,,,,,,,,,P9615,MIC_Bar,7,1,2026-05-07_16h23.18.347,MIC_task,,2026.1.2,59.935473466347815,2026-05-07 16h23.20.101524 +0200,
,,31,0,31,,,,,,,7,p19,rendőr,police officier,6,people,professions,6.8,179,25,53,None,"(-0.1, 0)",None,,,,,,,,,,,0,0,0,0,0,28,28,28,31,0,31,0,434.21930449991487,,,,,,,,,,,,,,,,,,,,,,,,,,,,,,,,,,,,,,,,,,,,,,,,,,,,,,,,,,,,,,,,,,,,,,,,,,,,,,,,,,,,,,,,,,,,,,,,,,,,,,434.2075092000887,434.21930449991487,434.21930449991487,434.21930449991487,434.4030547000002,None,,,,,,,,,,,,,,,,,,,P9615,MIC_Bar,7,1,2026-05-07_16h23.18.347,MIC_task,,2026.1.2,59.935473466347815,2026-05-07 16h23.20.101524 +0200,
,,32,0,32,,,,,,,7,p19,rendőr,police officier,6,people,professions,6.8,179,25,53,None,"(-0.1, 0)",None,,,,,,,,,,,0,0,0,0,0,28,28,28,32,0,32,0,434.41970929992385,,,,,,,,,,,,,,,,,,,,,,,,,,,,,,,,,,,,,,,,,,,,,,,,,,,,,,,,,,,,,,,,,,,,,,,,,,,,,,,,,,,,,,,,,,,,,,,,,,,,,,434.4060964998789,434.41970929992385,434.41970929992385,434.41970929992385,434.6051439999137,None,,,,,,,,,,,,,,,,,,,P9615,MIC_Bar,7,1,2026-05-07_16h23.18.347,MIC_task,,2026.1.2,59.935473466347815,2026-05-07 16h23.20.101524 +0200,
,,33,0,33,,,,,,,7,p19,rendőr,police officier,6,people,professions,6.8,179,25,53,None,"(-0.1, 0)",None,,,,,,,,,,,0,0,0,0,0,28,28,28,33,0,33,0,434.62009619991295,,,,,,,,,,,,,,,,,,,,,,,,,,,,,,,,,,,,,,,,,,,,,,,,,,,,,,,,,,,,,,,,,,,,,,,,,,,,,,,,,,,,,,,,,,,,,,,,,,,,,,434.60847239987925,434.62009619991295,434.62009619991295,434.62009619991295,434.80381359998137,None,,,,,,,,,,,,,,,,,,,P9615,MIC_Bar,7,1,2026-05-07_16h23.18.347,MIC_task,,2026.1.2,59.935473466347815,2026-05-07 16h23.20.101524 +0200,
,,34,0,34,,,,,,,7,p19,rendőr,police officier,6,people,professions,6.8,179,25,53,None,"(-0.1, 0)",None,,,,,,,,,,,0,0,0,0,0,28,28,28,34,0,34,0,434.8203996999655,,,,,,,,,,,,,,,,,,,,,,,,,,,,,,,,,,,,,,,,,,,,,,,,,,,,,,,,,,,,,,,,,,,,,,,,,,,,,,,,,,,,,,,,,,,,,,,,,,,,,,434.8074123999104,434.8203996999655,434.8203996999655,434.8203996999655,435.0042520998977,None,,,,,,,,,,,,,,,,,,,P9615,MIC_Bar,7,1,2026-05-07_16h23.18.347,MIC_task,,2026.1.2,59.935473466347815,2026-05-07 16h23.20.101524 +0200,
,,35,0,35,,,,,,,7,p19,rendőr,police officier,6,people,professions,6.8,179,25,53,None,"(-0.1, 0)",None,,,,,,,,,,,0,0,0,0,0,28,28,28,35,0,35,0,435.0207225000486,,,,,,,,,,,,,,,,,,,,,,,,,,,,,,,,,,,,,,,,,,,,,,,,,,,,,,,,,,,,,,,,,,,,,,,,,,,,,,,,,,,,,,,,,,,,,,,,,,,,,,435.00740949995816,435.0207225000486,435.0207225000486,435.0207225000486,435.2054037998896,None,,,,,,,,,,,,,,,,,,,P9615,MIC_Bar,7,1,2026-05-07_16h23.18.347,MIC_task,,2026.1.2,59.935473466347815,2026-05-07 16h23.20.101524 +0200,
,,36,0,36,,,,,,,7,p19,rendőr,police officier,6,people,professions,6.8,179,25,53,None,"(-0.1, 0)",None,,,,,,,,,,,0,0,0,0,0,28,28,28,36,0,36,0,435.2204543000553,,,,,,,,,,,,,,,,,,,,,,,,,,,,,,,,,,,,,,,,,,,,,,,,,,,,,,,,,,,,,,,,,,,,,,,,,,,,,,,,,,,,,,,,,,,,,,,,,,,,,,435.2085124000441,435.2204543000553,435.2204543000553,435.2204543000553,435.40500200004317,None,,,,,,,,,,,,,,,,,,,P9615,MIC_Bar,7,1,2026-05-07_16h23.18.347,MIC_task,,2026.1.2,59.935473466347815,2026-05-07 16h23.20.101524 +0200,
,,37,0,37,,,,,,,7,p19,rendőr,police officier,6,people,professions,6.8,179,25,53,None,"(-0.1, 0)",space,None,None,,,,,,,,,0,0,0,0,0,28,28,28,37,0,37,0,435.4215388998855,,,,,,,,,,,,,,,,,,,,,,,,,,,,,,,,,,,,,,,,,,,,,,,,,,,,,,,,,,,,,,,,,,,,,,,,,,,,,,,,,,,,,,,,,,,,,,,,,,,,,,435.4080737999175,435.4215388998855,435.4215388998855,435.4215388998855,435.471999600064,space,None,None,,,,,,,,,,,,,,,,,P9615,MIC_Bar,7,1,2026-05-07_16h23.18.347,MIC_task,,2026.1.2,59.935473466347815,2026-05-07 16h23.20.101524 +0200,
,,28,28,0,,,,space,None,None,7,p19,rendőr,police officier,6,people,professions,6.8,179,25,53,None,"(-0.1, 0)",,,,,,,,,,,,0,0,0,0,0,28,28,28,,,,,,,,,,,,,,,,,,,,,,,,,,,,,,,,,,,,,,,,,,,,,,,,,,,,,,,,,,,,,,,,,,,,,,,,,,,,,,,,,,,,,,,,,,435.5301242999267,435.53515090001747,435.5377490667316,437.47574950009584,,,,,,439.4773041999433,439.49530140007846,439.49530140007846,439.6473731000442,,,,,,,,,,,,,437.5038672001101,437.5093751999084,437.5089538333782,439.3940135000739,439.4772334001027,space,None,None,,,,,,,,,P9615,MIC_Bar,7,1,2026-05-07_16h23.18.347,MIC_task,,2026.1.2,59.935473466347815,2026-05-07 16h23.20.101524 +0200,
,,0,0,0,,,,,,,7,l18,lépcső,stairs,5,location,house,6.4,21,24,78,None,"(0.1, -0.1)",None,,,,,,,,,,,0,0,0,0,0,29,29,29,0,0,0,0,439.67198659991845,,,,,,,,,,,,,,,,,,,,,,,,,,,,,,,,,,,,,,,,,,,,,,,,,,,,,,,,,,,,,,,,,,,,,,,,,,,,,,,,,,,,,,,,,,,,,,,,,,,,,,439.66715539991856,439.67198659991845,439.67198659991845,439.67198659991845,439.86246250011027,None,,,,,,,,,,,,,,,,,,,P9615,MIC_Bar,7,1,2026-05-07_16h23.18.347,MIC_task,,2026.1.2,59.935473466347815,2026-05-07 16h23.20.101524 +0200,
,,0,0,0,,,,,,,7,l18,lépcső,stairs,5,location,house,6.4,21,24,78,None,"(0.1, -0.1)",None,,,,,,,,,,,0,0,0,0,0,29,29,29,0,0,0,0,439.8776722000912,,,,,,,,,,,,,,,,,,,,,,,,,,,,,,,,,,,,,,,,,,,,,,,,,,,,,,,,,,,,,,,,,,,,,,,,,,,,,,,,,,,,,,,,,,,,,,,,,,,,,,439.8655296000652,439.8776722000912,439.8776722000912,439.8776722000912,440.06295530009083,None,,,,,,,,,,,,,,,,,,,P9615,MIC_Bar,7,1,2026-05-07_16h23.18.347,MIC_task,,2026.1.2,59.935473466347815,2026-05-07 16h23.20.101524 +0200,
,,1,0,1,,,,,,,7,l18,lépcső,stairs,5,location,house,6.4,21,24,78,None,"(0.1, -0.1)",None,,,,,,,,,,,0,0,0,0,0,29,29,29,1,0,1,0,440.0781157000456,,,,,,,,,,,,,,,,,,,,,,,,,,,,,,,,,,,,,,,,,,,,,,,,,,,,,,,,,,,,,,,,,,,,,,,,,,,,,,,,,,,,,,,,,,,,,,,,,,,,,,440.0661736000329,440.0781157000456,440.0781157000456,440.0781157000456,440.26185390003957,None,,,,,,,,,,,,,,,,,,,P9615,MIC_Bar,7,1,2026-05-07_16h23.18.347,MIC_task,,2026.1.2,59.935473466347815,2026-05-07 16h23.20.101524 +0200,
,,2,0,2,,,,,,,7,l18,lépcső,stairs,5,location,house,6.4,21,24,78,None,"(0.1, -0.1)",None,,,,,,,,,,,0,0,0,0,0,29,29,29,2,0,2,0,440.2784895999357,,,,,,,,,,,,,,,,,,,,,,,,,,,,,,,,,,,,,,,,,,,,,,,,,,,,,,,,,,,,,,,,,,,,,,,,,,,,,,,,,,,,,,,,,,,,,,,,,,,,,,440.26513119996525,440.2784895999357,440.2784895999357,440.2784895999357,440.46377429994754,None,,,,,,,,,,,,,,,,,,,P9615,MIC_Bar,7,1,2026-05-07_16h23.18.347,MIC_task,,2026.1.2,59.935473466347815,2026-05-07 16h23.20.101524 +0200,
,,3,0,3,,,,,,,7,l18,lépcső,stairs,5,location,house,6.4,21,24,78,None,"(0.1, -0.1)",None,,,,,,,,,,,0,0,0,0,0,29,29,29,3,0,3,0,440.47889090003446,,,,,,,,,,,,,,,,,,,,,,,,,,,,,,,,,,,,,,,,,,,,,,,,,,,,,,,,,,,,,,,,,,,,,,,,,,,,,,,,,,,,,,,,,,,,,,,,,,,,,,440.46674529998563,440.47889090003446,440.47889090003446,440.47889090003446,440.662604900077,None,,,,,,,,,,,,,,,,,,,P9615,MIC_Bar,7,1,2026-05-07_16h23.18.347,MIC_task,,2026.1.2,59.935473466347815,2026-05-07 16h23.20.101524 +0200,
,,4,0,4,,,,,,,7,l18,lépcső,stairs,5,location,house,6.4,21,24,78,None,"(0.1, -0.1)",None,,,,,,,,,,,0,0,0,0,0,29,29,29,4,0,4,0,440.67914150003344,,,,,,,,,,,,,,,,,,,,,,,,,,,,,,,,,,,,,,,,,,,,,,,,,,,,,,,,,,,,,,,,,,,,,,,,,,,,,,,,,,,,,,,,,,,,,,,,,,,,,,440.6658044999931,440.67914150003344,440.67914150003344,440.67914150003344,440.8642267000396,None,,,,,,,,,,,,,,,,,,,P9615,MIC_Bar,7,1,2026-05-07_16h23.18.347,MIC_task,,2026.1.2,59.935473466347815,2026-05-07 16h23.20.101524 +0200,
,,5,0,5,,,,,,,7,l18,lépcső,stairs,5,location,house,6.4,21,24,78,None,"(0.1, -0.1)",None,,,,,,,,,,,0,0,0,0,0,29,29,29,5,0,5,0,440.87961969990283,,,,,,,,,,,,,,,,,,,,,,,,,,,,,,,,,,,,,,,,,,,,,,,,,,,,,,,,,,,,,,,,,,,,,,,,,,,,,,,,,,,,,,,,,,,,,,,,,,,,,,440.8671552001033,440.87961969990283,440.87961969990283,440.87961969990283,441.0484766999725,None,,,,,,,,,,,,,,,,,,,P9615,MIC_Bar,7,1,2026-05-07_16h23.18.347,MIC_task,,2026.1.2,59.935473466347815,2026-05-07 16h23.20.101524 +0200,
,,6,0,6,,,,,,,7,l18,lépcső,stairs,5,location,house,6.4,21,24,78,None,"(0.1, -0.1)",None,,,,,,,,,,,0,0,0,0,0,29,29,29,6,0,6,0,441.0631643999368,,,,,,,,,,,,,,,,,,,,,,,,,,,,,,,,,,,,,,,,,,,,,,,,,,,,,,,,,,,,,,,,,,,,,,,,,,,,,,,,,,,,,,,,,,,,,,,,,,,,,,441.0518390999641,441.0631643999368,441.0631643999368,441.0631643999368,441.2476925998926,None,,,,,,,,,,,441.263513199985,441.263513199985,441.263513199985,,,,,,P9615,MIC_Bar,7,1,2026-05-07_16h23.18.347,MIC_task,,2026.1.2,59.935473466347815,2026-05-07 16h23.20.101524 +0200,
,,7,0,7,,,,,,,7,l18,lépcső,stairs,5,location,house,6.4,21,24,78,None,"(0.1, -0.1)",None,,,,,,,,,,,0,0,0,0,0,29,29,29,7,0,7,0,441.263513199985,,,,,,,,,,,,,,,,,,,,,,,,,,,,,,,,,,,,,,,,,,,,,,,,,,,,,,,,,,,,,,,,,,,,,,,,,,,,,,,,,,,,,,,,,,,,,,,,,,,,,,441.2508266000077,441.263513199985,441.263513199985,441.263513199985,441.4479247001,None,,,,,,,,,,,441.46392589993775,441.46392589993775,441.46392589993775,,,,,,P9615,MIC_Bar,7,1,2026-05-07_16h23.18.347,MIC_task,,2026.1.2,59.935473466347815,2026-05-07 16h23.20.101524 +0200,
,,8,0,8,,,,,,,7,l18,lépcső,stairs,5,location,house,6.4,21,24,78,None,"(0.1, -0.1)",None,,,,,,,,,,,0,0,0,0,0,29,29,29,8,0,8,0,441.46392589993775,,,,,,,,,,,,,,,,,,,,,,,,,,,,,,,,,,,,,,,,,,,,,,,,,,,,,,,,,,,,,,,,,,,,,,,,,,,,,,,,,,,,,,,,,,,,,,,,,,,,,,441.45115539990366,441.46392589993775,441.46392589993775,441.46392589993775,441.64842110010795,None,,,,,,,,,,,,,,,,,,,P9615,MIC_Bar,7,1,2026-05-07_16h23.18.347,MIC_task,,2026.1.2,59.935473466347815,2026-05-07 16h23.20.101524 +0200,
,,9,0,9,,,,,,,7,l18,lépcső,stairs,5,location,house,6.4,21,24,78,None,"(0.1, -0.1)",None,,,,,,,,,,,0,0,0,0,0,29,29,29,9,0,9,0,441.66431619995274,,,,,,,,,,,,,,,,,,,,,,,,,,,,,,,,,,,,,,,,,,,,,,,,,,,,,,,,,,,,,,,,,,,,,,,,,,,,,,,,,,,,,,,,,,,,,,,,,,,,,,441.6517777000554,441.66431619995274,441.66431619995274,441.66431619995274,441.84971269988455,None,,,,,,,,,,,,,,,,,,,P9615,MIC_Bar,7,1,2026-05-07_16h23.18.347,MIC_task,,2026.1.2,59.935473466347815,2026-05-07 16h23.20.101524 +0200,
,,10,0,10,,,,,,,7,l18,lépcső,stairs,5,location,house,6.4,21,24,78,None,"(0.1, -0.1)",None,,,,,,,,,,,0,0,0,0,0,29,29,29,10,0,10,0,441.8639477000106,,,,,,,,,,,,,,,,,,,,,,,,,,,,,,,,,,,,,,,,,,,,,,,,,,,,,,,,,,,,,,,,,,,,,,,,,,,,,,,,,,,,,,,,,,,,,,,,,,,,,,441.8528624000028,441.8639477000106,441.8639477000106,441.8639477000106,442.04921499988995,None,,,,,,,,,,,,,,,,,,,P9615,MIC_Bar,7,1,2026-05-07_16h23.18.347,MIC_task,,2026.1.2,59.935473466347815,2026-05-07 16h23.20.101524 +0200,
,,11,0,11,,,,,,,7,l18,lépcső,stairs,5,location,house,6.4,21,24,78,None,"(0.1, -0.1)",None,,,,,,,,,,,0,0,0,0,0,29,29,29,11,0,11,0,442.06435439991765,,,,,,,,,,,,,,,,,,,,,,,,,,,,,,,,,,,,,,,,,,,,,,,,,,,,,,,,,,,,,,,,,,,,,,,,,,,,,,,,,,,,,,,,,,,,,,,,,,,,,,442.0523083000444,442.06435439991765,442.06435439991765,442.06435439991765,442.24846310005523,None,,,,,,,,,,,,,,,,,,,P9615,MIC_Bar,7,1,2026-05-07_16h23.18.347,MIC_task,,2026.1.2,59.935473466347815,2026-05-07 16h23.20.101524 +0200,
,,12,0,12,,,,,,,7,l18,lépcső,stairs,5,location,house,6.4,21,24,78,None,"(0.1, -0.1)",None,,,,,,,,,,,0,0,0,0,0,29,29,29,12,0,12,0,442.26475870003924,,,,,,,,,,,,,,,,,,,,,,,,,,,,,,,,,,,,,,,,,,,,,,,,,,,,,,,,,,,,,,,,,,,,,,,,,,,,,,,,,,,,,,,,,,,,,,,,,,,,,,442.251664099982,442.26475870003924,442.26475870003924,442.26475870003924,442.45009290007874,None,,,,,,,,,,,,,,,,,,,P9615,MIC_Bar,7,1,2026-05-07_16h23.18.347,MIC_task,,2026.1.2,59.935473466347815,2026-05-07 16h23.20.101524 +0200,
,,13,0,13,,,,,,,7,l18,lépcső,stairs,5,location,house,6.4,21,24,78,None,"(0.1, -0.1)",None,,,,,,,,,,,0,0,0,0,0,29,29,29,13,0,13,0,442.4650707000401,,,,,,,,,,,,,,,,,,,,,,,,,,,,,,,,,,,,,,,,,,,,,,,,,,,,,,,,,,,,,,,,,,,,,,,,,,,,,,,,,,,,,,,,,,,,,,,,,,,,,,442.4533639000729,442.4650707000401,442.4650707000401,442.4650707000401,442.65033299988136,None,,,,,,,,,,,,,,,,,,,P9615,MIC_Bar,7,1,2026-05-07_16h23.18.347,MIC_task,,2026.1.2,59.935473466347815,2026-05-07 16h23.20.101524 +0200,
,,14,0,14,,,,,,,7,l18,lépcső,stairs,5,location,house,6.4,21,24,78,None,"(0.1, -0.1)",None,,,,,,,,,,,0,0,0,0,0,29,29,29,14,0,14,0,442.66551359998994,,,,,,,,,,,,,,,,,,,,,,,,,,,,,,,,,,,,,,,,,,,,,,,,,,,,,,,,,,,,,,,,,,,,,,,,,,,,,,,,,,,,,,,,,,,,,,,,,,,,,,442.6533043999225,442.66551359998994,442.66551359998994,442.66551359998994,442.84919809992425,None,,,,,,,,,,,,,,,,,,,P9615,MIC_Bar,7,1,2026-05-07_16h23.18.347,MIC_task,,2026.1.2,59.935473466347815,2026-05-07 16h23.20.101524 +0200,
,,15,0,15,,,,,,,7,l18,lépcső,stairs,5,location,house,6.4,21,24,78,None,"(0.1, -0.1)",None,,,,,,,,,,,0,0,0,0,0,29,29,29,15,0,15,0,442.865858099889,,,,,,,,,,,,,,,,,,,,,,,,,,,,,,,,,,,,,,,,,,,,,,,,,,,,,,,,,,,,,,,,,,,,,,,,,,,,,,,,,,,,,,,,,,,,,,,,,,,,,,442.8522503999993,442.865858099889,442.865858099889,442.865858099889,443.0512806000188,None,,,,,,,,,,,,,,,,,,,P9615,MIC_Bar,7,1,2026-05-07_16h23.18.347,MIC_task,,2026.1.2,59.935473466347815,2026-05-07 16h23.20.101524 +0200,
,,16,0,16,,,,,,,7,l18,lépcső,stairs,5,location,house,6.4,21,24,78,None,"(0.1, -0.1)",None,,,,,,,,,,,0,0,0,0,0,29,29,29,16,0,16,0,443.06626849994063,,,,,,,,,,,,,,,,,,,,,,,,,,,,,,,,,,,,,,,,,,,,,,,,,,,,,,,,,,,,,,,,,,,,,,,,,,,,,,,,,,,,,,,,,,,,,,,,,,,,,,443.0543746999465,443.06626849994063,443.06626849994063,443.06626849994063,443.2517413001042,None,,,,,,,,,,,,,,,,,,,P9615,MIC_Bar,7,1,2026-05-07_16h23.18.347,MIC_task,,2026.1.2,59.935473466347815,2026-05-07 16h23.20.101524 +0200,
,,17,0,17,,,,,,,7,l18,lépcső,stairs,5,location,house,6.4,21,24,78,None,"(0.1, -0.1)",None,,,,,,,,,,,0,0,0,0,0,29,29,29,17,0,17,0,443.2665409001056,,,,,,,,,,,,,,,,,,,,,,,,,,,,,,,,,,,,,,,,,,,,,,,,,,,,,,,,,,,,,,,,,,,,,,,,,,,,,,,,,,,,,,,,,,,,,,,,,,,,,,443.2553032001015,443.2665409001056,443.2665409001056,443.2665409001056,443.4516435000114,None,,,,,,,,,,,,,,,,,,,P9615,MIC_Bar,7,1,2026-05-07_16h23.18.347,MIC_task,,2026.1.2,59.935473466347815,2026-05-07 16h23.20.101524 +0200,
,,18,0,18,,,,,,,7,l18,lépcső,stairs,5,location,house,6.4,21,24,78,None,"(0.1, -0.1)",None,,,,,,,,,,,0,0,0,0,0,29,29,29,18,0,18,0,443.4668294999283,,,,,,,,,,,,,,,,,,,,,,,,,,,,,,,,,,,,,,,,,,,,,,,,,,,,,,,,,,,,,,,,,,,,,,,,,,,,,,,,,,,,,,,,,,,,,,,,,,,,,,443.45454890001565,443.4668294999283,443.4668294999283,443.4668294999283,443.6507613998838,None,,,,,,,,,,,,,,,,,,,P9615,MIC_Bar,7,1,2026-05-07_16h23.18.347,MIC_task,,2026.1.2,59.935473466347815,2026-05-07 16h23.20.101524 +0200,
,,19,0,19,,,,,,,7,l18,lépcső,stairs,5,location,house,6.4,21,24,78,None,"(0.1, -0.1)",None,,,,,,,,,,,0,0,0,0,0,29,29,29,19,0,19,0,443.6672684000805,,,,,,,,,,,,,,,,,,,,,,,,,,,,,,,,,,,,,,,,,,,,,,,,,,,,,,,,,,,,,,,,,,,,,,,,,,,,,,,,,,,,,,,,,,,,,,,,,,,,,,443.6542992000468,443.6672684000805,443.6672684000805,443.6672684000805,443.8510433000047,None,,,,,,,,,,,,,,,,,,,P9615,MIC_Bar,7,1,2026-05-07_16h23.18.347,MIC_task,,2026.1.2,59.935473466347815,2026-05-07 16h23.20.101524 +0200,
,,20,0,20,,,,,,,7,l18,lépcső,stairs,5,location,house,6.4,21,24,78,None,"(0.1, -0.1)",None,,,,,,,,,,,0,0,0,0,0,29,29,29,20,0,20,0,443.8676877999678,,,,,,,,,,,,,,,,,,,,,,,,,,,,,,,,,,,,,,,,,,,,,,,,,,,,,,,,,,,,,,,,,,,,,,,,,,,,,,,,,,,,,,,,,,,,,,,,,,,,,,443.8543845000677,443.8676877999678,443.8676877999678,443.8676877999678,444.05066339997575,None,,,,,,,,,,,,,,,,,,,P9615,MIC_Bar,7,1,2026-05-07_16h23.18.347,MIC_task,,2026.1.2,59.935473466347815,2026-05-07 16h23.20.101524 +0200,
,,21,0,21,,,,,,,7,l18,lépcső,stairs,5,location,house,6.4,21,24,78,None,"(0.1, -0.1)",None,,,,,,,,,,,0,0,0,0,0,29,29,29,21,0,21,0,444.06801069993526,,,,,,,,,,,,,,,,,,,,,,,,,,,,,,,,,,,,,,,,,,,,,,,,,,,,,,,,,,,,,,,,,,,,,,,,,,,,,,,,,,,,,,,,,,,,,,,,,,,,,,444.0538107000757,444.06801069993526,444.06801069993526,444.06801069993526,444.25177989993244,None,,,,,,,,,,,,,,,,,,,P9615,MIC_Bar,7,1,2026-05-07_16h23.18.347,MIC_task,,2026.1.2,59.935473466347815,2026-05-07 16h23.20.101524 +0200,
,,22,0,22,,,,,,,7,l18,lépcső,stairs,5,location,house,6.4,21,24,78,None,"(0.1, -0.1)",None,,,,,,,,,,,0,0,0,0,0,29,29,29,22,0,22,0,444.2676957999356,,,,,,,,,,,,,,,,,,,,,,,,,,,,,,,,,,,,,,,,,,,,,,,,,,,,,,,,,,,,,,,,,,,,,,,,,,,,,,,,,,,,,,,,,,,,,,,,,,,,,,444.25513639999554,444.2676957999356,444.2676957999356,444.2676957999356,444.4513888999354,None,,,,,,,,,,,,,,,,,,,P9615,MIC_Bar,7,1,2026-05-07_16h23.18.347,MIC_task,,2026.1.2,59.935473466347815,2026-05-07 16h23.20.101524 +0200,
,,23,0,23,,,,,,,7,l18,lépcső,stairs,5,location,house,6.4,21,24,78,None,"(0.1, -0.1)",None,,,,,,,,,,,0,0,0,0,0,29,29,29,23,0,23,0,444.4680832999293,,,,,,,,,,,,,,,,,,,,,,,,,,,,,,,,,,,,,,,,,,,,,,,,,,,,,,,,,,,,,,,,,,,,,,,,,,,,,,,,,,,,,,,,,,,,,,,,,,,,,,444.4544126999099,444.4680832999293,444.4680832999293,444.4680832999293,444.65331179997884,None,,,,,,,,,,,,,,,,,,,P9615,MIC_Bar,7,1,2026-05-07_16h23.18.347,MIC_task,,2026.1.2,59.935473466347815,2026-05-07 16h23.20.101524 +0200,
,,24,0,24,,,,,,,7,l18,lépcső,stairs,5,location,house,6.4,21,24,78,None,"(0.1, -0.1)",None,,,,,,,,,,,0,0,0,0,0,29,29,29,24,0,24,0,444.66848289989866,,,,,,,,,,,,,,,,,,,,,,,,,,,,,,,,,,,,,,,,,,,,,,,,,,,,,,,,,,,,,,,,,,,,,,,,,,,,,,,,,,,,,,,,,,,,,,,,,,,,,,444.6565280999057,444.66848289989866,444.66848289989866,444.66848289989866,444.852198000066,None,,,,,,,,,,,,,,,,,,,P9615,MIC_Bar,7,1,2026-05-07_16h23.18.347,MIC_task,,2026.1.2,59.935473466347815,2026-05-07 16h23.20.101524 +0200,
,,25,0,25,,,,,,,7,l18,lépcső,stairs,5,location,house,6.4,21,24,78,None,"(0.1, -0.1)",None,,,,,,,,,,,0,0,0,0,0,29,29,29,25,0,25,0,444.8688135999255,,,,,,,,,,,,,,,,,,,,,,,,,,,,,,,,,,,,,,,,,,,,,,,,,,,,,,,,,,,,,,,,,,,,,,,,,,,,,,,,,,,,,,,,,,,,,,,,,,,,,,444.85519569995813,444.8688135999255,444.8688135999255,444.8688135999255,445.0525907999836,None,,,,,,,,,,,,,,,,,,,P9615,MIC_Bar,7,1,2026-05-07_16h23.18.347,MIC_task,,2026.1.2,59.935473466347815,2026-05-07 16h23.20.101524 +0200,
,,26,0,26,,,,,,,7,l18,lépcső,stairs,5,location,house,6.4,21,24,78,None,"(0.1, -0.1)",None,,,,,,,,,,,0,0,0,0,0,29,29,29,26,0,26,0,445.0691223000176,,,,,,,,,,,,,,,,,,,,,,,,,,,,,,,,,,,,,,,,,,,,,,,,,,,,,,,,,,,,,,,,,,,,,,,,,,,,,,,,,,,,,,,,,,,,,,,,,,,,,,445.05554399988614,445.0691223000176,445.0691223000176,445.0691223000176,445.25298009999096,None,,,,,,,,,,,,,,,,,,,P9615,MIC_Bar,7,1,2026-05-07_16h23.18.347,MIC_task,,2026.1.2,59.935473466347815,2026-05-07 16h23.20.101524 +0200,
,,27,0,27,,,,,,,7,l18,lépcső,stairs,5,location,house,6.4,21,24,78,None,"(0.1, -0.1)",None,,,,,,,,,,,0,0,0,0,0,29,29,29,27,0,27,0,445.26951509993523,,,,,,,,,,,,,,,,,,,,,,,,,,,,,,,,,,,,,,,,,,,,,,,,,,,,,,,,,,,,,,,,,,,,,,,,,,,,,,,,,,,,,,,,,,,,,,,,,,,,,,445.25615629996173,445.26951509993523,445.26951509993523,445.26951509993523,445.4534996000584,None,,,,,,,,,,,,,,,,,,,P9615,MIC_Bar,7,1,2026-05-07_16h23.18.347,MIC_task,,2026.1.2,59.935473466347815,2026-05-07 16h23.20.101524 +0200,
,,28,0,28,,,,,,,7,l18,lépcső,stairs,5,location,house,6.4,21,24,78,None,"(0.1, -0.1)",space,0.0642463001422584,None,,,,,,,,,0,0,0,0,0,29,29,29,28,0,28,0,445.4699248999823,,,,,,,,,,,,,,,,,,,,,,,,,,,,,,,,,,,,,,,,,,,,,,,,,,,,,,,,,,,,,,,,,,,,,,,,,,,,,,,,,,,,,,,,,,,,,,,,,,,,,,445.45679130009376,445.4699248999823,445.4699248999823,445.4699248999823,445.537233900046,space,0.0642463001422584,None,,,,,,,,,,,,,,,,,P9615,MIC_Bar,7,1,2026-05-07_16h23.18.347,MIC_task,,2026.1.2,59.935473466347815,2026-05-07 16h23.20.101524 +0200,
,,29,29,0,,,,space,6.3823446999304,None,7,l18,lépcső,stairs,5,location,house,6.4,21,24,78,None,"(0.1, -0.1)",,,,,,,,,,,,0,0,0,0,0,29,29,29,,,,,,,,,,,,,,,,,,,,,,,,,,,,,,,,,,,,,,,,,,,,,,,,,,,,,,,,,,,,,,,,,,,,,,,,,,,,,,,,,,,,,,,,,,445.59628590010107,445.60146380006336,445.6028165666076,447.54158620000817,,,,,,449.5437479999382,449.5595774000976,449.5595774000976,455.95346429990605,,,,,,,,,,,,,447.5715302999597,447.57618550001644,447.57476383343646,449.4590531999711,449.5436992999166,space,6.3823446999304,None,,,,,,,,,P9615,MIC_Bar,7,1,2026-05-07_16h23.18.347,MIC_task,,2026.1.2,59.935473466347815,2026-05-07 16h23.20.101524 +0200,
,,,,,,,,,,,,,,,,,,,,,,,,,,,,,,,,,,,,,,,,,,,,,,,,,,,,,,,,,,,,,,,,,,,,,,,,,,,,,,,,,,,,,,,,,,,,,,,,,,,,,,,,,,,,,,,,,,,,,,,,,,,,,,,,,,,,,,,,,,,,,,,,,,,,,,,,,,,,,,,,,,,,,,,,456.03067580005154,456.042063199915,456.042063199915,456.0358379332659,466.700525799999,,,,,,,,,,,
